id,batchID,batchIDLastChangedAt,gameID,gameIDLastChangedAt,playerID,playerIDLastChangedAt,roundID,roundIDLastChangedAt
01JZX1811NFD2EED2JZ57BGPN8,01JZX0EJC2BNT1Y92PBNN64QNM,2025-07-11T15:21:45.269111902Z,01JZX0EJCSWJJ7NMNA9BY9TMMP,2025-07-11T15:21:45.269111902Z,01JZX0QG2HMZG11N6MN6QE8308,2025-07-11T15:21:45.269111902Z,01JZX101TX4YATJEG89MJQGBXV,2025-07-11T15:21:45.269111902Z
01JZWWJGQRBRHY48EAMGAV56QA,01JZWW44AHM19FWXTBHEMGXGBF,2025-07-11T14:00:06.136362855Z,01JZWW44BJEYZBCTBDEK4Q79TP,2025-07-11T14:00:06.136362855Z,01JZWWEGXWTJHRSH3P1PBJAMVX,2025-07-11T14:00:06.136362855Z,01JZWWGNNRMSZQZYVM1XN5EXKG,2025-07-11T14:00:06.136362855Z
01JZWWRZPFQQ9GW0XNBAHKKPFS,01JZWW44AHM19FWXTBHEMGXGBF,2025-07-11T14:03:38.063529766Z,01JZWW44BD8A21AGPZM2TQJBZG,2025-07-11T14:03:38.063529766Z,01JZWWDPT6NE7YE0PYT3SCM95Y,2025-07-11T14:03:38.063529766Z,01JZWWHMJPG35GBE00KK9QNWBG,2025-07-11T14:03:38.063529766Z
01JZWZ2MT4ABQ908Q3J5G87ANH,01JZWYF8PSTC3MD665G08C279V,2025-07-11T14:43:51.748671366Z,01JZWYF8QQMFZ1MWHEGJ0R4XXC,2025-07-11T14:43:51.748671366Z,01JZWYPEFWSWGBK5K3ZNX60FJM,2025-07-11T14:43:51.748671366Z,01JZWZ0SNFVX34XFYEMJAKCYQE,2025-07-11T14:43:51.748671366Z
01JZWZNT7YEQTERERQF10G0WJK,01JZWZA6WB0JDAGV4PGBE2KD04,2025-07-11T14:54:19.902346677Z,01JZWZA6WZVH3TNF2YNV6JH9JY,2025-07-11T14:54:19.902346677Z,01JZWZEMKPQ3YT4DSMPK4Z03YC,2025-07-11T14:54:19.902346677Z,01JZWZKZ2NBDZ1AD8DCAJZV3X7,2025-07-11T14:54:19.902346677Z
01JZX17D7BHFJ95BVZAM48BCPK,01JZX0EJC2BNT1Y92PBNN64QNM,2025-07-11T15:21:24.971338535Z,01JZX0EJCSWJJ7NMNA9BY9TMMP,2025-07-11T15:21:24.971338535Z,01JZX0GSK97NWAMWARPJJ0NPSW,2025-07-11T15:21:24.971338535Z,01JZX101TQC09D9CYJHV3N83CH,2025-07-11T15:21:24.971338535Z
01JZWWRZPCRSPSVA803GV7W6KK,01JZWW44AHM19FWXTBHEMGXGBF,2025-07-11T14:03:38.060133804Z,01JZWW44BD8A21AGPZM2TQJBZG,2025-07-11T14:03:38.060133804Z,01JZWWBH4WB4XZDAMV7JJ8BHKJ,2025-07-11T14:03:38.060133804Z,01JZWWHMJPG35GBE00KK9QNWBG,2025-07-11T14:03:38.060133804Z
01JZWZ97HVSHFQKDSXY55F8H0N,01JZWYF8PSTC3MD665G08C279V,2025-07-11T14:47:27.547086262Z,01JZWYF8QEVZCXBEEFXT175NAZ,2025-07-11T14:47:27.547086262Z,01JZWYSNVH4MZGWJAHSWQQSMA2,2025-07-11T14:47:27.547086262Z,01JZWZ18F1GW8RWPWZ5AKHSJ10,2025-07-11T14:47:27.547086262Z
01JZWZCYSGY4KHXWD0MTB72QK2,01JZWYEZA0CJ8HHH1HTG07A8MJ,2025-07-11T14:49:29.64862025Z,01JZWYEZAFZ52M7WEAWMWVBBA0,2025-07-11T14:49:29.64862025Z,01JZWZ7H326HWH2E70V9SZCXKV,2025-07-11T14:49:29.64862025Z,01JZWZB3SJ1R2AT09NF0ZVMH2N,2025-07-11T14:49:29.64862025Z
01JZWZKZGKXQMWVDTE2ZNQHTZY,01JZWZA6WB0JDAGV4PGBE2KD04,2025-07-11T14:53:19.763736133Z,01JZWZA6WZVH3TNF2YNV6JH9JY,2025-07-11T14:53:19.763736133Z,01JZWZFPFKKHBJFH32ZTREDFY3,2025-07-11T14:53:19.763736133Z,01JZWZKZ2D6P1CHS8RD413NMAM,2025-07-11T14:53:19.763736133Z
01JZWZ1A86SF7G26E9WTEHJM8Q,01JZWYF8PSTC3MD665G08C279V,2025-07-11T14:43:08.166295147Z,01JZWYF8QGXKN2CZV0RDSN4DZK,2025-07-11T14:43:08.166295147Z,01JZWYSR33WY234XPP56BN5W00,2025-07-11T14:43:08.166295147Z,01JZWYZF5EEWN34CPZJPA9PYJF,2025-07-11T14:43:08.166295147Z
01JZWZ1A8AFA09RDG51G17J81R,01JZWYF8PSTC3MD665G08C279V,2025-07-11T14:43:08.17059174Z,01JZWYF8QGXKN2CZV0RDSN4DZK,2025-07-11T14:43:08.17059174Z,01JZWYJ28VW92PH36ZE0MQYAQ4,2025-07-11T14:43:08.17059174Z,01JZWYZF5EEWN34CPZJPA9PYJF,2025-07-11T14:43:08.17059174Z
01JZWZ8EVFQTGNJ1778C7K14GV,01JZWYF8PSTC3MD665G08C279V,2025-07-11T14:47:02.255837554Z,01JZWYF8QQMFZ1MWHEGJ0R4XXC,2025-07-11T14:47:02.255837554Z,01JZWYPEFWSWGBK5K3ZNX60FJM,2025-07-11T14:47:02.255837554Z,01JZWZ0SNKDJH0SNFP81KEP5Y1,2025-07-11T14:47:02.255837554Z
01JZWZYE7WG9ZAMSGT59T81Q94,01JZWZMMD7C2XATM2SBH5GMN08,2025-07-11T14:59:02.524166004Z,01JZWZMMDWT0YY5HX1X5C8Z68M,2025-07-11T14:59:02.524166004Z,01JZWZS0N0DQ29KPVMEVNEED6G,2025-07-11T14:59:02.524166004Z,01JZWZWJJJEJDHMS6PGWBY16V8,2025-07-11T14:59:02.524166004Z
01JZWWS9JR8R5F75ZA07G9WT78,01JZWW44AHM19FWXTBHEMGXGBF,2025-07-11T14:03:48.184062841Z,01JZWW44BD8A21AGPZM2TQJBZG,2025-07-11T14:03:48.184062841Z,01JZWWA6Z4HA5PJEX89BEXA2CE,2025-07-11T14:03:48.184062841Z,01JZWWHMJW48VZ5FCTP9YA74XT,2025-07-11T14:03:48.184062841Z
01JZWWSKFY00SRJSNWNHG4APR0,01JZWW44AHM19FWXTBHEMGXGBF,2025-07-11T14:03:58.334380691Z,01JZWW44BD8A21AGPZM2TQJBZG,2025-07-11T14:03:58.334380691Z,01JZWWBH4WB4XZDAMV7JJ8BHKJ,2025-07-11T14:03:58.334380691Z,01JZWWHMJVQSQXYVVK0JXH2P8X,2025-07-11T14:03:58.334380691Z
01JZWWX4W2ZFW8GZJFG0SKETCW,01JZWW44AHM19FWXTBHEMGXGBF,2025-07-11T14:05:54.434699247Z,01JZWW44BJEYZBCTBDE78SP8GF,2025-07-11T14:05:54.434699247Z,01JZWWHESP5DM7NSJWE54W48GV,2025-07-11T14:05:54.434699247Z,01JZWWNFR3KDAVBA6DHWCWKN28,2025-07-11T14:05:54.434699247Z
01JZWX1YSQSANC2FR3RQEHK2XH,01JZWW44AHM19FWXTBHEMGXGBF,2025-07-11T14:08:32.055854747Z,01JZWW44BKFZG5XQJNSM0R26CJ,2025-07-11T14:08:32.055854747Z,01JZWWS6Q2WFHDRGHBRD0QZ05T,2025-07-11T14:08:32.055854747Z,01JZWWSZQMSA1Y2JC6802614CH,2025-07-11T14:08:32.055854747Z
01JZWWJGQ8MW9NFD6VRY3MHPXH,01JZWW44AHM19FWXTBHEMGXGBF,2025-07-11T14:00:06.120693198Z,01JZWW44BJEYZBCTBDEK4Q79TP,2025-07-11T14:00:06.120693198Z,01JZWWA3663M33ZAT89S62YGKK,2025-07-11T14:00:06.120693198Z,01JZWWGNNRMSZQZYVM1XN5EXKG,2025-07-11T14:00:06.120693198Z
01JZWZJEW6SJ4PV6KJNZG49M48,01JZWYEZA0CJ8HHH1HTG07A8MJ,2025-07-11T14:52:29.958557572Z,01JZWYEZAFZ52M7WEAWMWVBBA0,2025-07-11T14:52:29.958557572Z,01JZWZ7H326HWH2E70V9SZCXKV,2025-07-11T14:52:29.958557572Z,01JZWZB3T23YH30AXZDDGN2FN3,2025-07-11T14:52:29.958557572Z
01JZX3129BWEYDA3ZX1NG81RT2,01JZX2Q8NE23HKD8VQ99SRTJYV,2025-07-11T15:52:54.315055071Z,01JZX2Q8PA625KPVRQHTPPKHMT,2025-07-11T15:52:54.315055071Z,01JZX2QQ393NKZ1A2SDM3Q4S9N,2025-07-11T15:52:54.315055071Z,01JZX2S2JEB18HERDCYWSGB26W,2025-07-11T15:52:54.315055071Z
01JZWWWTYEEN4PBXRYZPR0DD3Q,01JZWW44AHM19FWXTBHEMGXGBF,2025-07-11T14:05:44.270491845Z,01JZWW44BJEYZBCTBDE78SP8GF,2025-07-11T14:05:44.270491845Z,01JZWWH528MN5ZXWM90GBP74AV,2025-07-11T14:05:44.270491845Z,01JZWWNFR5Z8REYW8AE2WX46ZV,2025-07-11T14:05:44.270491845Z
01JZX0M9KHJR0FZCZF8VMVK2AN,01JZX01RQ17SG6VS244N0MYW8M,2025-07-11T15:10:58.673633211Z,01JZX01RQWMMEZFDWFCEW25YYC,2025-07-11T15:10:58.673633211Z,01JZWZKP0855G4MGFYB0V9Y4BW,2025-07-11T15:10:58.673633211Z,01JZX0CY390WRNDCCCCNHQAJ4M,2025-07-11T15:10:58.673633211Z
01JZX0M9KV5YN9TYAE63BPAV8K,01JZX01RQ17SG6VS244N0MYW8M,2025-07-11T15:10:58.683638747Z,01JZX01RQWMMEZFDWFCEW25YYC,2025-07-11T15:10:58.683638747Z,01JZX05WANWX1P8C80DHGKS0W3,2025-07-11T15:10:58.683638747Z,01JZX0CY390WRNDCCCCNHQAJ4M,2025-07-11T15:10:58.683638747Z
01JZX0MXGT588E2YJJJFZX0WVK,01JZX01RQ17SG6VS244N0MYW8M,2025-07-11T15:11:19.066083895Z,01JZX01RQWMMEZFDWFCEW25YYC,2025-07-11T15:11:19.066083895Z,01JZX03MG8AQ0EZEZNHSZ7BYWK,2025-07-11T15:11:19.066083895Z,01JZX0CY3108GGH6QZKNYD3DH1,2025-07-11T15:11:19.066083895Z
01JZWZ0T1SVF54ZAADADYMWAD3,01JZWYF8PSTC3MD665G08C279V,2025-07-11T14:42:51.577242659Z,01JZWYF8QQMFZ1MWHEGJ0R4XXC,2025-07-11T14:42:51.577242659Z,01JZWYXDHCD5K14VM4PEH0P4XM,2025-07-11T14:42:51.577242659Z,01JZWZ0SNCP8DHY6SEFVAFZ6E2,2025-07-11T14:42:51.577242659Z
01JZWZWZ7F80QEP9YY8696JZNA,01JZWZA6WB0JDAGV4PGBE2KD04,2025-07-11T14:58:14.383789572Z,01JZWZA6X2XVW42HESAJGZ2NT6,2025-07-11T14:58:14.383789572Z,01JZWZJR5SF8K7KT213W4NDVMZ,2025-07-11T14:58:14.383789572Z,01JZWZNKX3N07185HJZSTVWP7J,2025-07-11T14:58:14.383789572Z
01JZX0CYN6P05SMY3A1Q262PRN,01JZX01RQ17SG6VS244N0MYW8M,2025-07-11T15:06:58.086345349Z,01JZX01RQWMMEZFDWFCEW25YYC,2025-07-11T15:06:58.086345349Z,01JZWZKP0855G4MGFYB0V9Y4BW,2025-07-11T15:06:58.086345349Z,01JZX0CY2Q6SKBEFJSG6159CDH,2025-07-11T15:06:58.086345349Z
01JZX0ESDQN2BZJ6NKC4K2P5X9,01JZX01RQ17SG6VS244N0MYW8M,2025-07-11T15:07:58.263578642Z,01JZX01RQWMMEZFDWFCEW25YYC,2025-07-11T15:07:58.263578642Z,01JZX0AM0A7E2BW5JWG405PW1B,2025-07-11T15:07:58.263578642Z,01JZX0CY3DVKE2CQGYCVF56S2C,2025-07-11T15:07:58.263578642Z
01JZWWKFJWM2YN5N8SHMARGYC4,01JZWW44AHM19FWXTBHEMGXGBF,2025-07-11T14:00:37.724809198Z,01JZWW44BD8A21AGPZM2TQJBZG,2025-07-11T14:00:37.724809198Z,01JZWWBH4WB4XZDAMV7JJ8BHKJ,2025-07-11T14:00:37.724809198Z,01JZWWHMJXAM63MVF9NP16TXES,2025-07-11T14:00:37.724809198Z
01JZWXT8209NEY26NVVQQGG3JQ,01JZWX3EJNF6FJ1Y2SFMW7K31D,2025-07-11T14:21:47.9688794Z,01JZWX3EKQ299J03E1G02M8JNK,2025-07-11T14:21:47.9688794Z,01JZWX6502S0CA4H9NMETDEVYN,2025-07-11T14:21:47.9688794Z,01JZWXT7PK0WQDF15HK3GRP28Y,2025-07-11T14:21:47.9688794Z
01JZWY7JCPJQJ6AF9FQA1NQ92Q,01JZWXSR4WAQFD4E83QZ4N556R,2025-07-11T14:29:04.534986522Z,01JZWXSR5K1BFQZY0JR93JV03Z,2025-07-11T14:29:04.534986522Z,01JZWXK0JMQJ82F58GAHSPCWG3,2025-07-11T14:29:04.534986522Z,01JZWY5Q9MWWDVSBXCZPY2K825,2025-07-11T14:29:04.534986522Z
01JZWYD2PPM2ZH0W2MNS1BQSHV,01JZWXSR4WAQFD4E83QZ4N556R,2025-07-11T14:32:05.078940089Z,01JZWXSR5K1BFQZY0JR93JV03Z,2025-07-11T14:32:05.078940089Z,01JZWXPEZV0NSNXZ4572VJDSHE,2025-07-11T14:32:05.078940089Z,01JZWY5Q9PNB2F1PVT53KDTWDG,2025-07-11T14:32:05.078940089Z
01JZWZ0T1W797QFVRFSPDT6Z56,01JZWYF8PSTC3MD665G08C279V,2025-07-11T14:42:51.580205218Z,01JZWYF8QQMFZ1MWHEGJ0R4XXC,2025-07-11T14:42:51.580205218Z,01JZWYQ4NCRPVA3QHTDVYHAXZT,2025-07-11T14:42:51.580205218Z,01JZWZ0SNCP8DHY6SEFVAFZ6E2,2025-07-11T14:42:51.580205218Z
01JZWZ2MT6ZJPV3E2HWQBWVS98,01JZWYF8PSTC3MD665G08C279V,2025-07-11T14:43:51.750951855Z,01JZWYF8QQMFZ1MWHEGJ0R4XXC,2025-07-11T14:43:51.750951855Z,01JZWYXDHCD5K14VM4PEH0P4XM,2025-07-11T14:43:51.750951855Z,01JZWZ0SNFVX34XFYEMJAKCYQE,2025-07-11T14:43:51.750951855Z
01JZWZ33HDKCK7NSXP4MKFVJ4P,01JZWYF8PSTC3MD665G08C279V,2025-07-11T14:44:06.83002169Z,01JZWYF8QEVZCXBEEFXT175NAZ,2025-07-11T14:44:06.83002169Z,01JZWYH9TKSXJW5786Q978C8Y0,2025-07-11T14:44:06.83002169Z,01JZWZ18ERPJAG6Q0G2XZXD7YY,2025-07-11T14:44:06.83002169Z
01JZWZQF2E9A0PYXBT0VN7AWP0,01JZWZA6WB0JDAGV4PGBE2KD04,2025-07-11T14:55:13.998288754Z,01JZWZA6X2XVW42HESAJGZ2NT6,2025-07-11T14:55:13.998288754Z,01JZWZJR5SF8K7KT213W4NDVMZ,2025-07-11T14:55:13.998288754Z,01JZWZNKWVA1S52XFCYZDDQT72,2025-07-11T14:55:13.998288754Z
01JZWWRAXMNA9YGD2TWGEC3ZST,01JZWW44AHM19FWXTBHEMGXGBF,2025-07-11T14:03:16.78877295Z,01JZWW44BJEYZBCTBDEK4Q79TP,2025-07-11T14:03:16.78877295Z,01JZWWF7C9HA4NYBQTZ4DM0R0A,2025-07-11T14:03:16.78877295Z,01JZWWGNNXRZPRCTEWXTT0P1CH,2025-07-11T14:03:16.78877295Z
01JZWX1MVT6T21ZS1SHR44JJ0D,01JZWW44AHM19FWXTBHEMGXGBF,2025-07-11T14:08:21.882765173Z,01JZWW44BKFZG5XQJNSM0R26CJ,2025-07-11T14:08:21.882765173Z,01JZWWQP40FZ95W7HWX3CAV2BH,2025-07-11T14:08:21.882765173Z,01JZWWSZQYA46FB708CMPKT8FP,2025-07-11T14:08:21.882765173Z
01JZWXW2T5YNCKNNV7SXZWK6RN,01JZWX3EJNF6FJ1Y2SFMW7K31D,2025-07-11T14:22:48.133827192Z,01JZWX3EKQ299J03E1G02M8JNK,2025-07-11T14:22:48.133827192Z,01JZWX8M7BJJ1SF700GWCSN5Z7,2025-07-11T14:22:48.133827192Z,01JZWXT7PQFN74KM23JTXS9E29,2025-07-11T14:22:48.133827192Z
01JZWYDPKSX44JNRT3VARBWS6B,01JZWXSR4WAQFD4E83QZ4N556R,2025-07-11T14:32:25.465235302Z,01JZWXSR5K1BFQZY0JR93JV03Z,2025-07-11T14:32:25.465235302Z,01JZWY1GAD9NGRAB8QHM4W7ANR,2025-07-11T14:32:25.465235302Z,01JZWY5Q9WZFXXMVH8N2CSA26K,2025-07-11T14:32:25.465235302Z
01JZX2C8GTG70G5BMD6XG1A2KZ,01JZX2211AEK9TJVT0CNA9PEFP,2025-07-11T15:41:32.570913271Z,01JZX2212BFA30WB2A037X5VVW,2025-07-11T15:41:32.570913271Z,01JZX1Z6R4MKXBKGPPCN8SFCT6,2025-07-11T15:41:32.570913271Z,01JZX24K2MDETRXYCK6827FDJT,2025-07-11T15:41:32.570913271Z
01JZWZK2S4F3FBXPR27GQMK4RZ,01JZWYEZA0CJ8HHH1HTG07A8MJ,2025-07-11T14:52:50.340488234Z,01JZWYEZAFZ52M7WEAWMWVBBA0,2025-07-11T14:52:50.340488234Z,01JZWZ6FT05MJ0JFE020KSSGW6,2025-07-11T14:52:50.340488234Z,01JZWZB3SST67XK2H2QHY5EV2Q,2025-07-11T14:52:50.340488234Z
01JZX0M9KR174VVM127G6RESXY,01JZX01RQ17SG6VS244N0MYW8M,2025-07-11T15:10:58.680730603Z,01JZX01RQWMMEZFDWFCEW25YYC,2025-07-11T15:10:58.680730603Z,01JZX03MG8AQ0EZEZNHSZ7BYWK,2025-07-11T15:10:58.680730603Z,01JZX0CY390WRNDCCCCNHQAJ4M,2025-07-11T15:10:58.680730603Z
01JZX22GGTBHV2XJ3XJWY8C68K,01JZX1PFBBJ70ECNFY36CY6PZS,2025-07-11T15:36:13.083004792Z,01JZX1PFC8GTFQ985G5CCXBWPH,2025-07-11T15:36:13.083004792Z,01JZX1WDV3P8QKVR6NYYESXCAJ,2025-07-11T15:36:13.083004792Z,01JZX20N3NT40KKFFHHRRT778N,2025-07-11T15:36:13.083004792Z
01JZWWH3JV17FEV44Z0MYF9JV1,01JZWW44AHM19FWXTBHEMGXGBF,2025-07-11T13:59:19.899076219Z,01JZWW44BEQMSR3VMBGNDP631Z,2025-07-11T13:59:19.899076219Z,01JZWWDCR6AAQ7DF8K6DPD7DVV,2025-07-11T13:59:19.899076219Z,01JZWWH37QH0B2RF8N9D7FT4QR,2025-07-11T13:59:19.899076219Z
01JZWXC8C1GA0D9P0SP77Z4EZB,01JZWX3EJNF6FJ1Y2SFMW7K31D,2025-07-11T14:14:09.53780916Z,01JZWX3EKSQMF1295TSKJKEEN3,2025-07-11T14:14:09.53780916Z,01JZWX4QWJVTEHAN0P65QRD6JC,2025-07-11T14:14:09.53780916Z,01JZWXC85HGM63NKY3TZ8JDQPP,2025-07-11T14:14:09.53780916Z
01JZWY1JXW3WE421WEW4KD3ZVX,01JZWX3EJNF6FJ1Y2SFMW7K31D,2025-07-11T14:25:48.476499393Z,01JZWX3EKQ299J03E1G02M8JNK,2025-07-11T14:25:48.476499393Z,01JZWX710QKKF8CDEBM55SKW3K,2025-07-11T14:25:48.476499393Z,01JZWXT7PSRRKTQEAGZP0M99EC,2025-07-11T14:25:48.476499393Z
01JZWYD2PX9H87YA5C5KDS04RT,01JZWXSR4WAQFD4E83QZ4N556R,2025-07-11T14:32:05.085796959Z,01JZWXSR5K1BFQZY0JR93JV03Z,2025-07-11T14:32:05.085796959Z,01JZWY1GAD9NGRAB8QHM4W7ANR,2025-07-11T14:32:05.085796959Z,01JZWY5Q9PNB2F1PVT53KDTWDG,2025-07-11T14:32:05.085796959Z
01JZWWJYB242K0HSNEDS9FEFTG,01JZWW44AHM19FWXTBHEMGXGBF,2025-07-11T14:00:20.066904325Z,01JZWW44BEQMSR3VMBGNDP631Z,2025-07-11T14:00:20.066904325Z,01JZWWDCR6AAQ7DF8K6DPD7DVV,2025-07-11T14:00:20.066904325Z,01JZWWH37WTAJ2KNTGJ6TB0BWK,2025-07-11T14:00:20.066904325Z
01JZWWQAXK8AN1WM5R6R43SDM4,01JZWW44AHM19FWXTBHEMGXGBF,2025-07-11T14:02:44.019837844Z,01JZWW44BJEYZBCTBDE78SP8GF,2025-07-11T14:02:44.019837844Z,01JZWWH528MN5ZXWM90GBP74AV,2025-07-11T14:02:44.019837844Z,01JZWWNFR46B0994K1KS6BZ66P,2025-07-11T14:02:44.019837844Z
01JZWZXK4D877Q6N4X6TQSNQYQ,01JZWZA6WB0JDAGV4PGBE2KD04,2025-07-11T14:58:34.765382125Z,01JZWZA6X2XVW42HESAJGZ2NT6,2025-07-11T14:58:34.765382125Z,01JZWZEKWE7ADH0331F4S01T6Z,2025-07-11T14:58:34.765382125Z,01JZWZNKXD57DTWXSG8QR5K32H,2025-07-11T14:58:34.765382125Z
01JZX1MZ1EKYR8RF9WAEWTWQ3B,01JZX0Z7FCWP1T7E04929MQ87K,2025-07-11T15:28:49.198227078Z,01JZX0Z7G62YA6P24E23JAGNYF,2025-07-11T15:28:49.198227078Z,01JZX1578P8A2EXR8HKFCR76P7,2025-07-11T15:28:49.198227078Z,01JZX1CZS5N4CV6M03S0A62MQY,2025-07-11T15:28:49.198227078Z
01JZWWSKFMY09N52TMG6RC55A4,01JZWW44AHM19FWXTBHEMGXGBF,2025-07-11T14:03:58.324399823Z,01JZWW44BD8A21AGPZM2TQJBZG,2025-07-11T14:03:58.324399823Z,01JZWWA6Z4HA5PJEX89BEXA2CE,2025-07-11T14:03:58.324399823Z,01JZWWHMJVQSQXYVVK0JXH2P8X,2025-07-11T14:03:58.324399823Z
01JZWXVDGXP578A17H3HKDXEHG,01JZWX3EJNF6FJ1Y2SFMW7K31D,2025-07-11T14:22:26.333489698Z,01JZWX3EKVAEHST0TJAX8RTB0R,2025-07-11T14:22:26.333489698Z,01JZWX9F6Q8VQ55W8RE32715X7,2025-07-11T14:22:26.333489698Z,01JZWXM280TN094X2X7E10RAZM,2025-07-11T14:22:26.333489698Z
01JZX0CYN33VHGWXKTRSNDA0PP,01JZX01RQ17SG6VS244N0MYW8M,2025-07-11T15:06:58.083636455Z,01JZX01RQWMMEZFDWFCEW25YYC,2025-07-11T15:06:58.083636455Z,01JZX03MG8AQ0EZEZNHSZ7BYWK,2025-07-11T15:06:58.083636455Z,01JZX0CY2Q6SKBEFJSG6159CDH,2025-07-11T15:06:58.083636455Z
01JZX0M9KYCBSQP1C56Q1GEBXV,01JZX01RQ17SG6VS244N0MYW8M,2025-07-11T15:10:58.686497088Z,01JZX01RQWMMEZFDWFCEW25YYC,2025-07-11T15:10:58.686497088Z,01JZX076HSVZJQW5HCA3DBJR6N,2025-07-11T15:10:58.686497088Z,01JZX0CY390WRNDCCCCNHQAJ4M,2025-07-11T15:10:58.686497088Z
01JZWZCYS7PYSBVZJT9K59CPB7,01JZWYEZA0CJ8HHH1HTG07A8MJ,2025-07-11T14:49:29.639253343Z,01JZWYEZAFZ52M7WEAWMWVBBA0,2025-07-11T14:49:29.639253343Z,01JZWZ5C145VT6SB1ZM1R47633,2025-07-11T14:49:29.639253343Z,01JZWZB3SJ1R2AT09NF0ZVMH2N,2025-07-11T14:49:29.639253343Z
01JZX08TJJMS0S9RWPDP0BKN8M,01JZWZTZW2BD5NR7YNCT6FCF8T,2025-07-11T15:04:42.83489134Z,01JZWZTZWTBGJSFEYPT1TK9JNM,2025-07-11T15:04:42.83489134Z,01JZWZZVV3VNXKZKFP8JX4F8Z9,2025-07-11T15:04:42.83489134Z,01JZX01ET4VD6BH7V7BVCYRYZ3,2025-07-11T15:04:42.83489134Z
01JZWWHMV4FTK1N3K755AH95KG,01JZWW44AHM19FWXTBHEMGXGBF,2025-07-11T13:59:37.57221754Z,01JZWW44BD8A21AGPZM2TQJBZG,2025-07-11T13:59:37.57221754Z,01JZWWBH4WB4XZDAMV7JJ8BHKJ,2025-07-11T13:59:37.57221754Z,01JZWWHMJKSMKRN7XX88QREE06,2025-07-11T13:59:37.57221754Z
01JZWWSZZ3QWVXYMJ3V17TN6S9,01JZWW44AHM19FWXTBHEMGXGBF,2025-07-11T14:04:11.107130192Z,01JZWW44BKFZG5XQJNSM0R26CJ,2025-07-11T14:04:11.107130192Z,01JZWWS6Q2WFHDRGHBRD0QZ05T,2025-07-11T14:04:11.107130192Z,01JZWWSZQPQAMPW9XQFYTPBS3K,2025-07-11T14:04:11.107130192Z
01JZWX1YSNPQA3HRCJRVKR1JQD,01JZWW44AHM19FWXTBHEMGXGBF,2025-07-11T14:08:32.053337468Z,01JZWW44BKFZG5XQJNSM0R26CJ,2025-07-11T14:08:32.053337468Z,01JZWWAJ94Z968B8G8YE73JKMH,2025-07-11T14:08:32.053337468Z,01JZWWSZQMSA1Y2JC6802614CH,2025-07-11T14:08:32.053337468Z
01JZWYZFHGTBYBV0MY820M918K,01JZWYF8PSTC3MD665G08C279V,2025-07-11T14:42:08.048371157Z,01JZWYF8QGXKN2CZV0RDSN4DZK,2025-07-11T14:42:08.048371157Z,01JZWYH4PB2R8FYRP99C85DYW1,2025-07-11T14:42:08.048371157Z,01JZWYZF5A5V4DRR5PK3TECR6T,2025-07-11T14:42:08.048371157Z
01JZWYDCP9GR59NWE1CB82VQV5,01JZWXSR4WAQFD4E83QZ4N556R,2025-07-11T14:32:15.305767686Z,01JZWXSR5K1BFQZY0JR93JV03Z,2025-07-11T14:32:15.305767686Z,01JZWXK0JMQJ82F58GAHSPCWG3,2025-07-11T14:32:15.305767686Z,01JZWY5Q9QRAJP6XHNM5W05AQ2,2025-07-11T14:32:15.305767686Z
01JZX1MB6QRFTPXTBF1M6D19FB,01JZX0Z7FCWP1T7E04929MQ87K,2025-07-11T15:28:28.887049669Z,01JZX0Z7G62YA6P24E23JAGNYF,2025-07-11T15:28:28.887049669Z,01JZX1578P8A2EXR8HKFCR76P7,2025-07-11T15:28:28.887049669Z,01JZX1CZS26HVGSNHJ6R8DS7C5,2025-07-11T15:28:28.887049669Z
01JZX28AJYGGVTYBTCWSB7S38W,01JZX1PFBBJ70ECNFY36CY6PZS,2025-07-11T15:39:23.614672933Z,01JZX1PFC8GTFQ985G5CCXBWPH,2025-07-11T15:39:23.614672933Z,01JZX1R4YP5HVEKA0XNA7TAFFS,2025-07-11T15:39:23.614672933Z,01JZX20N42QMDS1BTRY5VH80ZR,2025-07-11T15:39:23.614672933Z
01JZWWKFJR53FP9TNYR5N96STB,01JZWW44AHM19FWXTBHEMGXGBF,2025-07-11T14:00:37.720507512Z,01JZWW44BD8A21AGPZM2TQJBZG,2025-07-11T14:00:37.720507512Z,01JZWWA6Z4HA5PJEX89BEXA2CE,2025-07-11T14:00:37.720507512Z,01JZWWHMJXAM63MVF9NP16TXES,2025-07-11T14:00:37.720507512Z
01JZWWKFJR53FP9TNYRER1B207,01JZWW44AHM19FWXTBHEMGXGBF,2025-07-11T14:00:37.720971841Z,01JZWW44BD8A21AGPZM2TQJBZG,2025-07-11T14:00:37.720971841Z,01JZWWB20ESDGHMA6Q5SC8THEM,2025-07-11T14:00:37.720971841Z,01JZWWHMJXAM63MVF9NP16TXES,2025-07-11T14:00:37.720971841Z
01JZWWS27CSVTTC3PCW8C7JSCX,01JZWW44AHM19FWXTBHEMGXGBF,2025-07-11T14:03:40.652142195Z,01JZWW44BEQMSR3VMBGNDP631Z,2025-07-11T14:03:40.652142195Z,01JZWWAFR4V89Y27MZTSTV5QQ9,2025-07-11T14:03:40.652142195Z,01JZWWH38225Z2D70RY1WKAEXH,2025-07-11T14:03:40.652142195Z
01JZWXT81SSV0JPK7FJNJH1TD9,01JZWX3EJNF6FJ1Y2SFMW7K31D,2025-07-11T14:21:47.962336162Z,01JZWX3EKQ299J03E1G02M8JNK,2025-07-11T14:21:47.962336162Z,01JZWX8M7BJJ1SF700GWCSN5Z7,2025-07-11T14:21:47.962336162Z,01JZWXT7PK0WQDF15HK3GRP28Y,2025-07-11T14:21:47.962336162Z
01JZWWRRAPZWET062FTH6C94XC,01JZWW44AHM19FWXTBHEMGXGBF,2025-07-11T14:03:30.518924264Z,01JZWW44BEQMSR3VMBGNDP631Z,2025-07-11T14:03:30.518924264Z,01JZWWAP76YF819Y40SQZJGTCA,2025-07-11T14:03:30.518924264Z,01JZWWH37STC557AK6MF9QZE2Z,2025-07-11T14:03:30.518924264Z
01JZWZ6TAHSXMAFZ92QTG6RYR2,01JZWYF8PSTC3MD665G08C279V,2025-07-11T14:46:08.46507834Z,01JZWYF8QGXKN2CZV0RDSN4DZK,2025-07-11T14:46:08.46507834Z,01JZWYHZ2WNSSPQSQMJZZC49FA,2025-07-11T14:46:08.46507834Z,01JZWYZF5MSFXMJD860G3R0M2E,2025-07-11T14:46:08.46507834Z
01JZWZNM74XXJ4NNV60PM1M4BJ,01JZWZA6WB0JDAGV4PGBE2KD04,2025-07-11T14:54:13.732338524Z,01JZWZA6X2XVW42HESAJGZ2NT6,2025-07-11T14:54:13.732338524Z,01JZWZ414K1QYDEBFQ3B7BZYX0,2025-07-11T14:54:13.732338524Z,01JZWZNKWR3SQ9ZRD4ABR3N79C,2025-07-11T14:54:13.732338524Z
01JZWZX96221X143V3TR2AS6HZ,01JZWZA6WB0JDAGV4PGBE2KD04,2025-07-11T14:58:24.578109687Z,01JZWZA6X2XVW42HESAJGZ2NT6,2025-07-11T14:58:24.578109687Z,01JZWZJMRCZ02XFXY60R46FFTN,2025-07-11T14:58:24.578109687Z,01JZWZNKX6YMX0A3MZVCWF1EV5,2025-07-11T14:58:24.578109687Z
01JZWXVQEW9S85G84YTVJ5F6CR,01JZWX3EJNF6FJ1Y2SFMW7K31D,2025-07-11T14:22:36.508104535Z,01JZWX3EKVAEHST0TJAX8RTB0R,2025-07-11T14:22:36.508104535Z,01JZWX9F6Q8VQ55W8RE32715X7,2025-07-11T14:22:36.508104535Z,01JZWXM281AT7AQ3SY2RA6MCPC,2025-07-11T14:22:36.508104535Z
01JZWZJEW220YNYXP2Y659VEXZ,01JZWYEZA0CJ8HHH1HTG07A8MJ,2025-07-11T14:52:29.95464357Z,01JZWYEZAFZ52M7WEAWMWVBBA0,2025-07-11T14:52:29.95464357Z,01JZWZ3P36DRC7R79B7MD39946,2025-07-11T14:52:29.95464357Z,01JZWZB3T23YH30AXZDDGN2FN3,2025-07-11T14:52:29.95464357Z
01JZX03AFEQWYKNZ9HKB1QV359,01JZWZTZW2BD5NR7YNCT6FCF8T,2025-07-11T15:01:42.510437967Z,01JZWZTZWTBGJSFEYPT1TK9JNM,2025-07-11T15:01:42.510437967Z,01JZWZZVV3VNXKZKFP8JX4F8Z9,2025-07-11T15:01:42.510437967Z,01JZX01ET822TK2S85YGND0V2G,2025-07-11T15:01:42.510437967Z
01JZX30R9NK0S1V1D3GY32SD6X,01JZX2Q8NE23HKD8VQ99SRTJYV,2025-07-11T15:52:44.085170661Z,01JZX2Q8PA625KPVRQHTPPKHMT,2025-07-11T15:52:44.085170661Z,01JZX2RQPGT7HNX13ZRW1JRV6R,2025-07-11T15:52:44.085170661Z,01JZX2S2HQWSTCNCT3TBABYXTJ,2025-07-11T15:52:44.085170661Z
01JZWY1JXP6762CYYHJX2YVC7Q,01JZWX3EJNF6FJ1Y2SFMW7K31D,2025-07-11T14:25:48.470551512Z,01JZWX3EKQ299J03E1G02M8JNK,2025-07-11T14:25:48.470551512Z,01JZWX6502S0CA4H9NMETDEVYN,2025-07-11T14:25:48.470551512Z,01JZWXT7PSRRKTQEAGZP0M99EC,2025-07-11T14:25:48.470551512Z
01JZWZ84WQFKVX4ZQ9FV124WFV,01JZWYF8PSTC3MD665G08C279V,2025-07-11T14:46:52.055891352Z,01JZWYF8QQMFZ1MWHEGJ0R4XXC,2025-07-11T14:46:52.055891352Z,01JZWYXDHCD5K14VM4PEH0P4XM,2025-07-11T14:46:52.055891352Z,01JZWZ0SNH1PBR7ANC68C6X5QG,2025-07-11T14:46:52.055891352Z
01JZX2RD1AE8V1EM8PS7Q5AVA3,01JZX2H30Q9G2SN0SJRWQ2RGJE,2025-07-11T15:48:10.410308626Z,01JZX2H31TQX1PEB4DWYDPEN1M,2025-07-11T15:48:10.410308626Z,01JZX2JWQHQFFXHF3QT48ANVSH,2025-07-11T15:48:10.410308626Z,01JZX2RC7PPPAR7MCV79FT6WCM,2025-07-11T15:48:10.410308626Z
01JZWZ1A8991SS3R6YDZQMATC1,01JZWYF8PSTC3MD665G08C279V,2025-07-11T14:43:08.169430333Z,01JZWYF8QGXKN2CZV0RDSN4DZK,2025-07-11T14:43:08.169430333Z,01JZWYH4PB2R8FYRP99C85DYW1,2025-07-11T14:43:08.169430333Z,01JZWYZF5EEWN34CPZJPA9PYJF,2025-07-11T14:43:08.169430333Z
01JZWZVYB0YPV7CGT714J1R688,01JZWZA6WB0JDAGV4PGBE2KD04,2025-07-11T14:57:40.704554796Z,01JZWZA6WZVH3TNF2YNV6JH9JY,2025-07-11T14:57:40.704554796Z,01JZWZEZ8WPYYAJ9S9YEKRM77J,2025-07-11T14:57:40.704554796Z,01JZWZKZ376BJ76HS5S760492G,2025-07-11T14:57:40.704554796Z
01JZWWJGQK0MZDGV64Z9EGVEDY,01JZWW44AHM19FWXTBHEMGXGBF,2025-07-11T14:00:06.131780751Z,01JZWW44BJEYZBCTBDEK4Q79TP,2025-07-11T14:00:06.131780751Z,01JZWWF7C9HA4NYBQTZ4DM0R0A,2025-07-11T14:00:06.131780751Z,01JZWWGNNRMSZQZYVM1XN5EXKG,2025-07-11T14:00:06.131780751Z
01JZWWSZZ0G42DZ0DEA03T1378,01JZWW44AHM19FWXTBHEMGXGBF,2025-07-11T14:04:11.104886639Z,01JZWW44BKFZG5XQJNSM0R26CJ,2025-07-11T14:04:11.104886639Z,01JZWWE32NW623X08JPM5C8MC1,2025-07-11T14:04:11.104886639Z,01JZWWSZQPQAMPW9XQFYTPBS3K,2025-07-11T14:04:11.104886639Z
01JZWX1YSVTM94KGPBWYFX4FHW,01JZWW44AHM19FWXTBHEMGXGBF,2025-07-11T14:08:32.059253219Z,01JZWW44BKFZG5XQJNSM0R26CJ,2025-07-11T14:08:32.059253219Z,01JZWWCTC46AK32XBBAE4G0JMD,2025-07-11T14:08:32.059253219Z,01JZWWSZQMSA1Y2JC6802614CH,2025-07-11T14:08:32.059253219Z
01JZWXVQF16CP9K9R82DB2QXQ4,01JZWX3EJNF6FJ1Y2SFMW7K31D,2025-07-11T14:22:36.513416458Z,01JZWX3EKVAEHST0TJAX8RTB0R,2025-07-11T14:22:36.513416458Z,01JZWXC7EY7Y5APFGPXBC5AK0K,2025-07-11T14:22:36.513416458Z,01JZWXM281AT7AQ3SY2RA6MCPC,2025-07-11T14:22:36.513416458Z
01JZWZWKE86F9VBMB2F7RS9SXH,01JZWZMMD7C2XATM2SBH5GMN08,2025-07-11T14:58:02.312959564Z,01JZWZMMDWT0YY5HX1X5C8Z68M,2025-07-11T14:58:02.312959564Z,01JZWZTFM8GG9V28TAD9W5EXGE,2025-07-11T14:58:02.312959564Z,01JZWZWJJAEC46NHM4FRC2ND88,2025-07-11T14:58:02.312959564Z
01JZX2CJFBCJWTCNGCP9MPXXFG,01JZX2211AEK9TJVT0CNA9PEFP,2025-07-11T15:41:42.763319816Z,01JZX2212BFA30WB2A037X5VVW,2025-07-11T15:41:42.763319816Z,01JZX23VKWDBGJ83J12HGK60MX,2025-07-11T15:41:42.763319816Z,01JZX24K2RTZASS3EEV7RS9FCA,2025-07-11T15:41:42.763319816Z
01JZWWH3JS4CQP4RW5BZPY3CDJ,01JZWW44AHM19FWXTBHEMGXGBF,2025-07-11T13:59:19.89797845Z,01JZWW44BEQMSR3VMBGNDP631Z,2025-07-11T13:59:19.89797845Z,01JZWWE57E4VHQQB666DQGE5AV,2025-07-11T13:59:19.89797845Z,01JZWWH37QH0B2RF8N9D7FT4QR,2025-07-11T13:59:19.89797845Z
01JZWWH3K0PV5HBNQ6ET5QWVZQ,01JZWW44AHM19FWXTBHEMGXGBF,2025-07-11T13:59:19.904344787Z,01JZWW44BEQMSR3VMBGNDP631Z,2025-07-11T13:59:19.904344787Z,01JZWWAFR4V89Y27MZTSTV5QQ9,2025-07-11T13:59:19.904344787Z,01JZWWH37QH0B2RF8N9D7FT4QR,2025-07-11T13:59:19.904344787Z
01JZWWRMW3FD1DD7PT7RXF65XB,01JZWW44AHM19FWXTBHEMGXGBF,2025-07-11T14:03:26.979533218Z,01JZWW44BJEYZBCTBDEK4Q79TP,2025-07-11T14:03:26.979533218Z,01JZWWA4RKN8NR8TMF653NA46W,2025-07-11T14:03:26.979533218Z,01JZWWGNNZWJVK67S4V1MN4ZN1,2025-07-11T14:03:26.979533218Z
01JZWWSZYZBF7YNE42WA9YK3P1,01JZWW44AHM19FWXTBHEMGXGBF,2025-07-11T14:04:11.103725683Z,01JZWW44BKFZG5XQJNSM0R26CJ,2025-07-11T14:04:11.103725683Z,01JZWWCTC46AK32XBBAE4G0JMD,2025-07-11T14:04:11.103725683Z,01JZWWSZQPQAMPW9XQFYTPBS3K,2025-07-11T14:04:11.103725683Z
01JZWWJGQN6KTVYXD5AQPENM4B,01JZWW44AHM19FWXTBHEMGXGBF,2025-07-11T14:00:06.133411546Z,01JZWW44BJEYZBCTBDEK4Q79TP,2025-07-11T14:00:06.133411546Z,01JZWWCBTVC1CWRSWET92MMF3T,2025-07-11T14:00:06.133411546Z,01JZWWGNNRMSZQZYVM1XN5EXKG,2025-07-11T14:00:06.133411546Z
01JZWY1WW1CG2VQN4244BSNQED,01JZWX3EJNF6FJ1Y2SFMW7K31D,2025-07-11T14:25:58.657857992Z,01JZWX3EKQ299J03E1G02M8JNK,2025-07-11T14:25:58.657857992Z,01JZWX6502S0CA4H9NMETDEVYN,2025-07-11T14:25:58.657857992Z,01JZWXT7PRVAMFKD34VXFRJSH3,2025-07-11T14:25:58.657857992Z
01JZX28MG9X6SQTPTD9NKYWSJY,01JZX1PFBBJ70ECNFY36CY6PZS,2025-07-11T15:39:33.770017413Z,01JZX1PFC8GTFQ985G5CCXBWPH,2025-07-11T15:39:33.770017413Z,01JZX1WDV3P8QKVR6NYYESXCAJ,2025-07-11T15:39:33.770017413Z,01JZX20N3XSM4GDANTM9164Y9F,2025-07-11T15:39:33.770017413Z
01JZX2G9FPWXKA3NVFV2B2TGGF,01JZX22WSHHGWZTXFAP7TNYWAH,2025-07-11T15:43:44.630402741Z,01JZX22WTBDGZD62RTG7RWZ5GX,2025-07-11T15:43:44.630402741Z,01JZX25RR9XTNJ5XN6CJBSTD9C,2025-07-11T15:43:44.630402741Z,01JZX28XZC3MQ19Q363NVMRPWC,2025-07-11T15:43:44.630402741Z
01JZWXM2M52X6P11N9ZX0FBR9E,01JZWX3EJNF6FJ1Y2SFMW7K31D,2025-07-11T14:18:25.797079883Z,01JZWX3EKVAEHST0TJAX8RTB0R,2025-07-11T14:18:25.797079883Z,01JZWXC7EY7Y5APFGPXBC5AK0K,2025-07-11T14:18:25.797079883Z,01JZWXM27VRAS87C73Y0XYPMPK,2025-07-11T14:18:25.797079883Z
01JZWXW2T0WWQ1J73CRKFGQ8XQ,01JZWX3EJNF6FJ1Y2SFMW7K31D,2025-07-11T14:22:48.129008345Z,01JZWX3EKQ299J03E1G02M8JNK,2025-07-11T14:22:48.129008345Z,01JZWXQTNAA54XT8WHWSHA2QGE,2025-07-11T14:22:48.129008345Z,01JZWXT7PQFN74KM23JTXS9E29,2025-07-11T14:22:48.129008345Z
01JZWYZFHA7FTG9B1AZ1D6BJQD,01JZWYF8PSTC3MD665G08C279V,2025-07-11T14:42:08.042246465Z,01JZWYF8QGXKN2CZV0RDSN4DZK,2025-07-11T14:42:08.042246465Z,01JZWYS3W20EF8JYB6XR44JNC6,2025-07-11T14:42:08.042246465Z,01JZWYZF5A5V4DRR5PK3TECR6T,2025-07-11T14:42:08.042246465Z
01JZWZNM7CP6JC8SPEBPF1GS63,01JZWZA6WB0JDAGV4PGBE2KD04,2025-07-11T14:54:13.740744131Z,01JZWZA6X2XVW42HESAJGZ2NT6,2025-07-11T14:54:13.740744131Z,01JZWZJR5SF8K7KT213W4NDVMZ,2025-07-11T14:54:13.740744131Z,01JZWZNKWR3SQ9ZRD4ABR3N79C,2025-07-11T14:54:13.740744131Z
01JZWZ97HQ9ZYCKWDK9QTXTC2D,01JZWYF8PSTC3MD665G08C279V,2025-07-11T14:47:27.543195883Z,01JZWYF8QEVZCXBEEFXT175NAZ,2025-07-11T14:47:27.543195883Z,01JZWYRN048ZZT17EDY2PRE9RS,2025-07-11T14:47:27.543195883Z,01JZWZ18F1GW8RWPWZ5AKHSJ10,2025-07-11T14:47:27.543195883Z
01JZX01FP7YY6A1K14P8FA7JHB,01JZWZTZW2BD5NR7YNCT6FCF8T,2025-07-11T15:00:42.31444874Z,01JZWZTZWTBGJSFEYPT1TK9JNM,2025-07-11T15:00:42.31444874Z,01JZWZZVV3VNXKZKFP8JX4F8Z9,2025-07-11T15:00:42.31444874Z,01JZX01ESY725ZM3VGT4FDGWZM,2025-07-11T15:00:42.31444874Z
01JZX1MZ16TEDRM69W5YWY5WCY,01JZX0Z7FCWP1T7E04929MQ87K,2025-07-11T15:28:49.190790706Z,01JZX0Z7G62YA6P24E23JAGNYF,2025-07-11T15:28:49.190790706Z,01JZX115S2HKJZB2JP8B84XHRQ,2025-07-11T15:28:49.190790706Z,01JZX1CZS5N4CV6M03S0A62MQY,2025-07-11T15:28:49.190790706Z
01JZX2ASCCA0ZY9GWVEP3Q6EY7,01JZX22WSHHGWZTXFAP7TNYWAH,2025-07-11T15:40:44.300907647Z,01JZX22WTBDGZD62RTG7RWZ5GX,2025-07-11T15:40:44.300907647Z,01JZX24P3JFG03B7QE343A4FG5,2025-07-11T15:40:44.300907647Z,01JZX28XZ032N4NW2T2B7D472G,2025-07-11T15:40:44.300907647Z
01JZWWH3JZ0M2Z85N5BJ0W5DMX,01JZWW44AHM19FWXTBHEMGXGBF,2025-07-11T13:59:19.903525859Z,01JZWW44BEQMSR3VMBGNDP631Z,2025-07-11T13:59:19.903525859Z,01JZWWAP76YF819Y40SQZJGTCA,2025-07-11T13:59:19.903525859Z,01JZWWH37QH0B2RF8N9D7FT4QR,2025-07-11T13:59:19.903525859Z
01JZWWRAXHDM4716XB9A8XZP69,01JZWW44AHM19FWXTBHEMGXGBF,2025-07-11T14:03:16.78514812Z,01JZWW44BJEYZBCTBDEK4Q79TP,2025-07-11T14:03:16.78514812Z,01JZWWB1A2PN41PB6JCSW33Q37,2025-07-11T14:03:16.78514812Z,01JZWWGNNXRZPRCTEWXTT0P1CH,2025-07-11T14:03:16.78514812Z
01JZWWWTYHFQPVHQNN5ECC0YS6,01JZWW44AHM19FWXTBHEMGXGBF,2025-07-11T14:05:44.273376861Z,01JZWW44BJEYZBCTBDE78SP8GF,2025-07-11T14:05:44.273376861Z,01JZWWHEEDQG0FKR77V6835NWY,2025-07-11T14:05:44.273376861Z,01JZWWNFR5Z8REYW8AE2WX46ZV,2025-07-11T14:05:44.273376861Z
01JZWZ8RV6MRACD2ZHR7NEHNW1,01JZWYF8PSTC3MD665G08C279V,2025-07-11T14:47:12.487007498Z,01JZWYF8QQMFZ1MWHEGJ0R4XXC,2025-07-11T14:47:12.487007498Z,01JZWYY03K5MM20RZ37Z1W6C6B,2025-07-11T14:47:12.487007498Z,01JZWZ0SNM44G7Q0DTB2K3K3AA,2025-07-11T14:47:12.487007498Z
01JZWZ2MSZKGQ3MPJNXHJHV347,01JZWYF8PSTC3MD665G08C279V,2025-07-11T14:43:51.744126816Z,01JZWYF8QQMFZ1MWHEGJ0R4XXC,2025-07-11T14:43:51.744126816Z,01JZWYQ4NCRPVA3QHTDVYHAXZT,2025-07-11T14:43:51.744126816Z,01JZWZ0SNFVX34XFYEMJAKCYQE,2025-07-11T14:43:51.744126816Z
01JZWZ33HHZH0D5CT4RRMXDJBD,01JZWYF8PSTC3MD665G08C279V,2025-07-11T14:44:06.834006905Z,01JZWYF8QEVZCXBEEFXT175NAZ,2025-07-11T14:44:06.834006905Z,01JZWYWV98AF82B2F4WR1WD1SH,2025-07-11T14:44:06.834006905Z,01JZWZ18ERPJAG6Q0G2XZXD7YY,2025-07-11T14:44:06.834006905Z
01JZWWKFJX6305RJW18Z5E73MV,01JZWW44AHM19FWXTBHEMGXGBF,2025-07-11T14:00:37.725772181Z,01JZWW44BD8A21AGPZM2TQJBZG,2025-07-11T14:00:37.725772181Z,01JZWWDPT6NE7YE0PYT3SCM95Y,2025-07-11T14:00:37.725772181Z,01JZWWHMJXAM63MVF9NP16TXES,2025-07-11T14:00:37.725772181Z
01JZWWS279X0RXDET1G87XDQKH,01JZWW44AHM19FWXTBHEMGXGBF,2025-07-11T14:03:40.649215402Z,01JZWW44BEQMSR3VMBGNDP631Z,2025-07-11T14:03:40.649215402Z,01JZWWDCR6AAQ7DF8K6DPD7DVV,2025-07-11T14:03:40.649215402Z,01JZWWH38225Z2D70RY1WKAEXH,2025-07-11T14:03:40.649215402Z
01JZWWWTYG0KAM7T2W8KK42X5X,01JZWW44AHM19FWXTBHEMGXGBF,2025-07-11T14:05:44.272147392Z,01JZWW44BJEYZBCTBDE78SP8GF,2025-07-11T14:05:44.272147392Z,01JZWWE555WXVET4AYP5QH2KC1,2025-07-11T14:05:44.272147392Z,01JZWWNFR5Z8REYW8AE2WX46ZV,2025-07-11T14:05:44.272147392Z
01JZWXM2M6SP8AJFWGZ29PCA86,01JZWX3EJNF6FJ1Y2SFMW7K31D,2025-07-11T14:18:25.798939526Z,01JZWX3EKVAEHST0TJAX8RTB0R,2025-07-11T14:18:25.798939526Z,01JZWXJVD6FB7CXQH0SEEC5ARE,2025-07-11T14:18:25.798939526Z,01JZWXM27VRAS87C73Y0XYPMPK,2025-07-11T14:18:25.798939526Z
01JZX17Q4NZKNDBAEYDAM17274,01JZX0EJC2BNT1Y92PBNN64QNM,2025-07-11T15:21:35.125863263Z,01JZX0EJCSWJJ7NMNA9BY9TMMP,2025-07-11T15:21:35.125863263Z,01JZX0FXTEC8BAQG9FXAAPP1G3,2025-07-11T15:21:35.125863263Z,01JZX101TTCN7QV9J706Y2NEEP,2025-07-11T15:21:35.125863263Z
01JZWXM2M3FM77C0ZANYTNR29B,01JZWX3EJNF6FJ1Y2SFMW7K31D,2025-07-11T14:18:25.795363877Z,01JZWX3EKVAEHST0TJAX8RTB0R,2025-07-11T14:18:25.795363877Z,01JZWX9F6Q8VQ55W8RE32715X7,2025-07-11T14:18:25.795363877Z,01JZWXM27VRAS87C73Y0XYPMPK,2025-07-11T14:18:25.795363877Z
01JZWXW2T23718WG66YZR31Y2B,01JZWX3EJNF6FJ1Y2SFMW7K31D,2025-07-11T14:22:48.130098416Z,01JZWX3EKQ299J03E1G02M8JNK,2025-07-11T14:22:48.130098416Z,01JZWXAA1ZKVMWZ4HK4Q97E3N1,2025-07-11T14:22:48.130098416Z,01JZWXT7PQFN74KM23JTXS9E29,2025-07-11T14:22:48.130098416Z
01JZWZ18SR23J1ERG4H9CSVFGV,01JZWYF8PSTC3MD665G08C279V,2025-07-11T14:43:06.680258622Z,01JZWYF8QEVZCXBEEFXT175NAZ,2025-07-11T14:43:06.680258622Z,01JZWYWV98AF82B2F4WR1WD1SH,2025-07-11T14:43:06.680258622Z,01JZWZ18EC5HV3Q9WDJTBTJ712,2025-07-11T14:43:06.680258622Z
01JZX0MKJEWJ3S045PSDTF76GP,01JZX01RQ17SG6VS244N0MYW8M,2025-07-11T15:11:08.878682954Z,01JZX01RQWMMEZFDWFCEW25YYC,2025-07-11T15:11:08.878682954Z,01JZX076HSVZJQW5HCA3DBJR6N,2025-07-11T15:11:08.878682954Z,01JZX0CY3548FJ7Y5A1523NZF8,2025-07-11T15:11:08.878682954Z
01JZWWJGQAG47E9C577055SFV7,01JZWW44AHM19FWXTBHEMGXGBF,2025-07-11T14:00:06.123026003Z,01JZWW44BJEYZBCTBDEK4Q79TP,2025-07-11T14:00:06.123026003Z,01JZWWB1A2PN41PB6JCSW33Q37,2025-07-11T14:00:06.123026003Z,01JZWWGNNRMSZQZYVM1XN5EXKG,2025-07-11T14:00:06.123026003Z
01JZWXM2M05Y69FZTHG7CBVJBD,01JZWX3EJNF6FJ1Y2SFMW7K31D,2025-07-11T14:18:25.792985552Z,01JZWX3EKVAEHST0TJAX8RTB0R,2025-07-11T14:18:25.792985552Z,01JZWX9RXMD0SYJ27NVMKHR6FH,2025-07-11T14:18:25.792985552Z,01JZWXM27VRAS87C73Y0XYPMPK,2025-07-11T14:18:25.792985552Z
01JZWZ8RV91PBWBHA8F4N7RH7Z,01JZWYF8PSTC3MD665G08C279V,2025-07-11T14:47:12.489478793Z,01JZWYF8QQMFZ1MWHEGJ0R4XXC,2025-07-11T14:47:12.489478793Z,01JZWYW8JH9ME15JRDW0SJ54M5,2025-07-11T14:47:12.489478793Z,01JZWZ0SNM44G7Q0DTB2K3K3AA,2025-07-11T14:47:12.489478793Z
01JZWWRMW4TKQEE8RGY9QHYC5Y,01JZWW44AHM19FWXTBHEMGXGBF,2025-07-11T14:03:26.980180004Z,01JZWW44BJEYZBCTBDEK4Q79TP,2025-07-11T14:03:26.980180004Z,01JZWWEGXWTJHRSH3P1PBJAMVX,2025-07-11T14:03:26.980180004Z,01JZWWGNNZWJVK67S4V1MN4ZN1,2025-07-11T14:03:26.980180004Z
01JZWZNM78FV3WVQNJB67NHB5T,01JZWZA6WB0JDAGV4PGBE2KD04,2025-07-11T14:54:13.736396299Z,01JZWZA6X2XVW42HESAJGZ2NT6,2025-07-11T14:54:13.736396299Z,01JZWZJMRCZ02XFXY60R46FFTN,2025-07-11T14:54:13.736396299Z,01JZWZNKWR3SQ9ZRD4ABR3N79C,2025-07-11T14:54:13.736396299Z
01JZWZWZ7PR3SHAASJHPEBMWN0,01JZWZA6WB0JDAGV4PGBE2KD04,2025-07-11T14:58:14.390038142Z,01JZWZA6X2XVW42HESAJGZ2NT6,2025-07-11T14:58:14.390038142Z,01JZWZJ0KXQ53DRGDZ8ETXZRC8,2025-07-11T14:58:14.390038142Z,01JZWZNKX3N07185HJZSTVWP7J,2025-07-11T14:58:14.390038142Z
01JZX03YMCPAF0N48YSBWSTEGE,01JZWZMMD7C2XATM2SBH5GMN08,2025-07-11T15:02:03.148148631Z,01JZWZMMDWT0YY5HX1X5C8Z68M,2025-07-11T15:02:03.148148631Z,01JZWZTFM8GG9V28TAD9W5EXGE,2025-07-11T15:02:03.148148631Z,01JZWZWJJP205N1VPRQ0MNP9NQ,2025-07-11T15:02:03.148148631Z
01JZX1MN3XRMZJ3KKZVHKBWVT6,01JZX0Z7FCWP1T7E04929MQ87K,2025-07-11T15:28:39.037134225Z,01JZX0Z7G62YA6P24E23JAGNYF,2025-07-11T15:28:39.037134225Z,01JZX19RZ6E0A52RBZ6MEZR0NS,2025-07-11T15:28:39.037134225Z,01JZX1CZS82Q2VEVHP4QK2VD5R,2025-07-11T15:28:39.037134225Z
01JZWX1AXKFW2DW4XPWKHVW3NF,01JZWW44AHM19FWXTBHEMGXGBF,2025-07-11T14:08:11.699733229Z,01JZWW44BKFZG5XQJNSM0R26CJ,2025-07-11T14:08:11.699733229Z,01JZWWS6Q2WFHDRGHBRD0QZ05T,2025-07-11T14:08:11.699733229Z,01JZWWSZQSJZ8EB75X8JNB5297,2025-07-11T14:08:11.699733229Z
01JZWXW1E2MB7JKF1K669VJT92,01JZWX3EJNF6FJ1Y2SFMW7K31D,2025-07-11T14:22:46.722779964Z,01JZWX3EKVAEHST0TJAX8RTB0R,2025-07-11T14:22:46.722779964Z,01JZWX9RXMD0SYJ27NVMKHR6FH,2025-07-11T14:22:46.722779964Z,01JZWXM282C6F5G55HRZBDJ69V,2025-07-11T14:22:46.722779964Z
01JZWY7JCVS3WC3EBH5GC7YX1N,01JZWXSR4WAQFD4E83QZ4N556R,2025-07-11T14:29:04.540010284Z,01JZWXSR5K1BFQZY0JR93JV03Z,2025-07-11T14:29:04.540010284Z,01JZWXQHKPA4X1WQ3R3Z7FMECR,2025-07-11T14:29:04.540010284Z,01JZWY5Q9MWWDVSBXCZPY2K825,2025-07-11T14:29:04.540010284Z
01JZWZWZ7JG687YHX1R7RXHNAS,01JZWZA6WB0JDAGV4PGBE2KD04,2025-07-11T14:58:14.386795069Z,01JZWZA6X2XVW42HESAJGZ2NT6,2025-07-11T14:58:14.386795069Z,01JZWZEKWE7ADH0331F4S01T6Z,2025-07-11T14:58:14.386795069Z,01JZWZNKX3N07185HJZSTVWP7J,2025-07-11T14:58:14.386795069Z
01JZX280N0TETHWG9T2720K5WP,01JZX1PFBBJ70ECNFY36CY6PZS,2025-07-11T15:39:13.440406856Z,01JZX1PFC8GTFQ985G5CCXBWPH,2025-07-11T15:39:13.440406856Z,01JZX1WDV3P8QKVR6NYYESXCAJ,2025-07-11T15:39:13.440406856Z,01JZX20N3CWJE9180SPHTQXGZD,2025-07-11T15:39:13.440406856Z
01JZX2GXC5JNJSEEBWD5ZYWHC9,01JZX22WSHHGWZTXFAP7TNYWAH,2025-07-11T15:44:04.997493811Z,01JZX22WTBDGZD62RTG7RWZ5GX,2025-07-11T15:44:04.997493811Z,01JZX2370CVEAGHEBXFKZ49KSG,2025-07-11T15:44:04.997493811Z,01JZX28XZ8Y8481VXB4Z20RT02,2025-07-11T15:44:04.997493811Z
01JZWWRZP8T0RADPTXAEYW398H,01JZWW44AHM19FWXTBHEMGXGBF,2025-07-11T14:03:38.057004022Z,01JZWW44BD8A21AGPZM2TQJBZG,2025-07-11T14:03:38.057004022Z,01JZWWB20ESDGHMA6Q5SC8THEM,2025-07-11T14:03:38.057004022Z,01JZWWHMJPG35GBE00KK9QNWBG,2025-07-11T14:03:38.057004022Z
01JZWZ0T1RXH13KD4NQD56P1BF,01JZWYF8PSTC3MD665G08C279V,2025-07-11T14:42:51.576245707Z,01JZWYF8QQMFZ1MWHEGJ0R4XXC,2025-07-11T14:42:51.576245707Z,01JZWYY03K5MM20RZ37Z1W6C6B,2025-07-11T14:42:51.576245707Z,01JZWZ0SNCP8DHY6SEFVAFZ6E2,2025-07-11T14:42:51.576245707Z
01JZWZVMC2514WRMQCQRC0T7MQ,01JZWZA6WB0JDAGV4PGBE2KD04,2025-07-11T14:57:30.498267952Z,01JZWZA6WZVH3TNF2YNV6JH9JY,2025-07-11T14:57:30.498267952Z,01JZWZEWTVCWXK1NTXNJNQAESA,2025-07-11T14:57:30.498267952Z,01JZWZKZ31F6GQF327MR06TRFR,2025-07-11T14:57:30.498267952Z
01JZX1811B1XXPD2PBNSAY4GWC,01JZX0EJC2BNT1Y92PBNN64QNM,2025-07-11T15:21:45.259439546Z,01JZX0EJCSWJJ7NMNA9BY9TMMP,2025-07-11T15:21:45.259439546Z,01JZX0GSK97NWAMWARPJJ0NPSW,2025-07-11T15:21:45.259439546Z,01JZX101TX4YATJEG89MJQGBXV,2025-07-11T15:21:45.259439546Z
01JZWWGNWKF63VV58D9JG0GRG8,01JZWW44AHM19FWXTBHEMGXGBF,2025-07-11T13:59:05.875761536Z,01JZWW44BJEYZBCTBDEK4Q79TP,2025-07-11T13:59:05.875761536Z,01JZWWEGXWTJHRSH3P1PBJAMVX,2025-07-11T13:59:05.875761536Z,01JZWWGNNQ3YJAE43WK0E6KTM9,2025-07-11T13:59:05.875761536Z
01JZWWH3JYJE31539JJ2K0BKWA,01JZWW44AHM19FWXTBHEMGXGBF,2025-07-11T13:59:19.902644803Z,01JZWW44BEQMSR3VMBGNDP631Z,2025-07-11T13:59:19.902644803Z,01JZWWDVC12RZPS4PNHPMVM779,2025-07-11T13:59:19.902644803Z,01JZWWH37QH0B2RF8N9D7FT4QR,2025-07-11T13:59:19.902644803Z
01JZWWQAXJ9YKZ7PK9TWX16S94,01JZWW44AHM19FWXTBHEMGXGBF,2025-07-11T14:02:44.018255392Z,01JZWW44BJEYZBCTBDE78SP8GF,2025-07-11T14:02:44.018255392Z,01JZWWE555WXVET4AYP5QH2KC1,2025-07-11T14:02:44.018255392Z,01JZWWNFR46B0994K1KS6BZ66P,2025-07-11T14:02:44.018255392Z
01JZWY26V09TJTVZ9C2CMA01E9,01JZWX3EJNF6FJ1Y2SFMW7K31D,2025-07-11T14:26:08.864335754Z,01JZWX3EKQ299J03E1G02M8JNK,2025-07-11T14:26:08.864335754Z,01JZWX710QKKF8CDEBM55SKW3K,2025-07-11T14:26:08.864335754Z,01JZWXT7PP4ZFS8H3BCCDM0VP0,2025-07-11T14:26:08.864335754Z
01JZWXW1DSMJBD82HWKQG72FY0,01JZWX3EJNF6FJ1Y2SFMW7K31D,2025-07-11T14:22:46.713908096Z,01JZWX3EKVAEHST0TJAX8RTB0R,2025-07-11T14:22:46.713908096Z,01JZWXC7EY7Y5APFGPXBC5AK0K,2025-07-11T14:22:46.713908096Z,01JZWXM282C6F5G55HRZBDJ69V,2025-07-11T14:22:46.713908096Z
01JZWZ6TAC110Q8QY3J66M7DJE,01JZWYF8PSTC3MD665G08C279V,2025-07-11T14:46:08.460796292Z,01JZWYF8QGXKN2CZV0RDSN4DZK,2025-07-11T14:46:08.460796292Z,01JZWYS3W20EF8JYB6XR44JNC6,2025-07-11T14:46:08.460796292Z,01JZWYZF5MSFXMJD860G3R0M2E,2025-07-11T14:46:08.460796292Z
01JZX2T7TS4MB89FBV8D6FDNQR,01JZX2H30Q9G2SN0SJRWQ2RGJE,2025-07-11T15:49:10.617574848Z,01JZX2H31TQX1PEB4DWYDPEN1M,2025-07-11T15:49:10.617574848Z,01JZX2P7M7ZD3E8YMSMYHDJW8B,2025-07-11T15:49:10.617574848Z,01JZX2RC7XJ52R835VRS2QQVX7,2025-07-11T15:49:10.617574848Z
01JZWWHMV6WS9ZVETN8Y31V4Y3,01JZWW44AHM19FWXTBHEMGXGBF,2025-07-11T13:59:37.574424229Z,01JZWW44BD8A21AGPZM2TQJBZG,2025-07-11T13:59:37.574424229Z,01JZWWB20ESDGHMA6Q5SC8THEM,2025-07-11T13:59:37.574424229Z,01JZWWHMJKSMKRN7XX88QREE06,2025-07-11T13:59:37.574424229Z
01JZWWR0ZTSYQSFFM9BF6759CG,01JZWW44AHM19FWXTBHEMGXGBF,2025-07-11T14:03:06.618483418Z,01JZWW44BJEYZBCTBDEK4Q79TP,2025-07-11T14:03:06.618483418Z,01JZWWCBTVC1CWRSWET92MMF3T,2025-07-11T14:03:06.618483418Z,01JZWWGNNWMTG1AKQANACQWVD0,2025-07-11T14:03:06.618483418Z
01JZWXC8C8RQJRTH4ZE228WY4Q,01JZWX3EJNF6FJ1Y2SFMW7K31D,2025-07-11T14:14:09.544564539Z,01JZWX3EKSQMF1295TSKJKEEN3,2025-07-11T14:14:09.544564539Z,01JZWX6ZA1QTAHD50AM6KPKFJN,2025-07-11T14:14:09.544564539Z,01JZWXC85HGM63NKY3TZ8JDQPP,2025-07-11T14:14:09.544564539Z
01JZWXC8C93MEZRBRX4YF341DA,01JZWX3EJNF6FJ1Y2SFMW7K31D,2025-07-11T14:14:09.545069285Z,01JZWX3EKSQMF1295TSKJKEEN3,2025-07-11T14:14:09.545069285Z,01JZWX6E1M6W2A6MXWXWDEGMT7,2025-07-11T14:14:09.545069285Z,01JZWXC85HGM63NKY3TZ8JDQPP,2025-07-11T14:14:09.545069285Z
01JZWWRMW1JEPBG21D0SDW0QYT,01JZWW44AHM19FWXTBHEMGXGBF,2025-07-11T14:03:26.977073858Z,01JZWW44BJEYZBCTBDEK4Q79TP,2025-07-11T14:03:26.977073858Z,01JZWWF7C9HA4NYBQTZ4DM0R0A,2025-07-11T14:03:26.977073858Z,01JZWWGNNZWJVK67S4V1MN4ZN1,2025-07-11T14:03:26.977073858Z
01JZWWXESAQMH7MXQ6S3P9JN6F,01JZWW44AHM19FWXTBHEMGXGBF,2025-07-11T14:06:04.586423494Z,01JZWW44BJEYZBCTBDE78SP8GF,2025-07-11T14:06:04.586423494Z,01JZWWH528MN5ZXWM90GBP74AV,2025-07-11T14:06:04.586423494Z,01JZWWNFR84PZZ62ZKJDZF4QCN,2025-07-11T14:06:04.586423494Z
01JZX1D0DB6TP0RR1VQPTRC1R4,01JZX0Z7FCWP1T7E04929MQ87K,2025-07-11T15:24:28.459886973Z,01JZX0Z7G62YA6P24E23JAGNYF,2025-07-11T15:24:28.459886973Z,01JZX1578P8A2EXR8HKFCR76P7,2025-07-11T15:24:28.459886973Z,01JZX1CZRRGP1X9JSRBXD2T141,2025-07-11T15:24:28.459886973Z
01JZWZ748QD8PDM1S3J1KA6ZG2,01JZWYF8PSTC3MD665G08C279V,2025-07-11T14:46:18.647819593Z,01JZWYF8QGXKN2CZV0RDSN4DZK,2025-07-11T14:46:18.647819593Z,01JZWYHZ2WNSSPQSQMJZZC49FA,2025-07-11T14:46:18.647819593Z,01JZWYZF5SDMRPKRA3VBGX8VPZ,2025-07-11T14:46:18.647819593Z
01JZX0ESDX8JZE65X0BZBV20C7,01JZX01RQ17SG6VS244N0MYW8M,2025-07-11T15:07:58.26965445Z,01JZX01RQWMMEZFDWFCEW25YYC,2025-07-11T15:07:58.26965445Z,01JZX076HSVZJQW5HCA3DBJR6N,2025-07-11T15:07:58.26965445Z,01JZX0CY3DVKE2CQGYCVF56S2C,2025-07-11T15:07:58.26965445Z
01JZX28YM7E1PPFN5YV888ZRXE,01JZX22WSHHGWZTXFAP7TNYWAH,2025-07-11T15:39:44.13533069Z,01JZX22WTBDGZD62RTG7RWZ5GX,2025-07-11T15:39:44.13533069Z,01JZX25RR9XTNJ5XN6CJBSTD9C,2025-07-11T15:39:44.13533069Z,01JZX28XYPGNCJR690M8T98AWH,2025-07-11T15:39:44.13533069Z
01JZWWVTT1CE8RAWTTDQM6HEWY,01JZWW44AHM19FWXTBHEMGXGBF,2025-07-11T14:05:11.361037866Z,01JZWW44BKFZG5XQJNSM0R26CJ,2025-07-11T14:05:11.361037866Z,01JZWWE32NW623X08JPM5C8MC1,2025-07-11T14:05:11.361037866Z,01JZWWSZQJKE1ZFAK3G2YNM4Z7,2025-07-11T14:05:11.361037866Z
01JZWXNXBQP341BVCP5JTDQH7Q,01JZWX3EJNF6FJ1Y2SFMW7K31D,2025-07-11T14:19:25.943572625Z,01JZWX3EKVAEHST0TJAX8RTB0R,2025-07-11T14:19:25.943572625Z,01JZWX76XWNV56TQHRGYB7GPVM,2025-07-11T14:19:25.943572625Z,01JZWXM27YZRT49DR9PCGRA9A0,2025-07-11T14:19:25.943572625Z
01JZWZ7E5RWQ0M1PVQTR624TR5,01JZWYF8PSTC3MD665G08C279V,2025-07-11T14:46:28.792515573Z,01JZWYF8QGXKN2CZV0RDSN4DZK,2025-07-11T14:46:28.792515573Z,01JZWYH11QXSTSDGZZ9F6Y22TB,2025-07-11T14:46:28.792515573Z,01JZWYZF5H31NS991KN75RDYV2,2025-07-11T14:46:28.792515573Z
01JZWZJEVQ63CMS1T1DRRAG2JN,01JZWYEZA0CJ8HHH1HTG07A8MJ,2025-07-11T14:52:29.944006986Z,01JZWYEZAFZ52M7WEAWMWVBBA0,2025-07-11T14:52:29.944006986Z,01JZWZ4G1CQK7Y00668RF4JP7N,2025-07-11T14:52:29.944006986Z,01JZWZB3T23YH30AXZDDGN2FN3,2025-07-11T14:52:29.944006986Z
01JZWWRMW1JEPBG21D12GJZG86,01JZWW44AHM19FWXTBHEMGXGBF,2025-07-11T14:03:26.977919227Z,01JZWW44BJEYZBCTBDEK4Q79TP,2025-07-11T14:03:26.977919227Z,01JZWWCBTVC1CWRSWET92MMF3T,2025-07-11T14:03:26.977919227Z,01JZWWGNNZWJVK67S4V1MN4ZN1,2025-07-11T14:03:26.977919227Z
01JZWZVMC95VX6WZXW4MFVQNKM,01JZWZA6WB0JDAGV4PGBE2KD04,2025-07-11T14:57:30.505546154Z,01JZWZA6WZVH3TNF2YNV6JH9JY,2025-07-11T14:57:30.505546154Z,01JZWZEZ8WPYYAJ9S9YEKRM77J,2025-07-11T14:57:30.505546154Z,01JZWZKZ31F6GQF327MR06TRFR,2025-07-11T14:57:30.505546154Z
01JZX094GCDFYJ91647YG7Z1YE,01JZWZTZW2BD5NR7YNCT6FCF8T,2025-07-11T15:04:53.004516047Z,01JZWZTZWTBGJSFEYPT1TK9JNM,2025-07-11T15:04:53.004516047Z,01JZWZQ65JYV89FXKRYZPSTQS3,2025-07-11T15:04:53.004516047Z,01JZX01ETRN3XRFBZEGBHDE26Q,2025-07-11T15:04:53.004516047Z
01JZX2TY4BJ67566CR118HA71Q,01JZX2Q8NE23HKD8VQ99SRTJYV,2025-07-11T15:49:33.451694422Z,01JZX2Q8PA625KPVRQHTPPKHMT,2025-07-11T15:49:33.451694422Z,01JZX2QQ393NKZ1A2SDM3Q4S9N,2025-07-11T15:49:33.451694422Z,01JZX2S2J7TFCPZGMKE77G6SNG,2025-07-11T15:49:33.451694422Z
01JZX0CYMN5DDY8C6666A4HJS4,01JZX01RQ17SG6VS244N0MYW8M,2025-07-11T15:06:58.069171142Z,01JZX01RQWMMEZFDWFCEW25YYC,2025-07-11T15:06:58.069171142Z,01JZX0AM0A7E2BW5JWG405PW1B,2025-07-11T15:06:58.069171142Z,01JZX0CY2Q6SKBEFJSG6159CDH,2025-07-11T15:06:58.069171142Z
01JZX30R9W8A4XSMNKB98KTF2W,01JZX2Q8NE23HKD8VQ99SRTJYV,2025-07-11T15:52:44.092080858Z,01JZX2Q8PA625KPVRQHTPPKHMT,2025-07-11T15:52:44.092080858Z,01JZX2QQ393NKZ1A2SDM3Q4S9N,2025-07-11T15:52:44.092080858Z,01JZX2S2HQWSTCNCT3TBABYXTJ,2025-07-11T15:52:44.092080858Z
01JZWWRRAHZ3MFC0VMWMEBDWXW,01JZWW44AHM19FWXTBHEMGXGBF,2025-07-11T14:03:30.513167781Z,01JZWW44BEQMSR3VMBGNDP631Z,2025-07-11T14:03:30.513167781Z,01JZWWDVC12RZPS4PNHPMVM779,2025-07-11T14:03:30.513167781Z,01JZWWH37STC557AK6MF9QZE2Z,2025-07-11T14:03:30.513167781Z
01JZWZ8XJHJF8ZAYVNCV2G15BW,01JZWYF8PSTC3MD665G08C279V,2025-07-11T14:47:17.329060468Z,01JZWYF8QEVZCXBEEFXT175NAZ,2025-07-11T14:47:17.329060468Z,01JZWYWV98AF82B2F4WR1WD1SH,2025-07-11T14:47:17.329060468Z,01JZWZ18EYBZ6RP1HB6ZQNDWXX,2025-07-11T14:47:17.329060468Z
01JZWZQF2QGHCH5ZN8Q9DEMDPV,01JZWZA6WB0JDAGV4PGBE2KD04,2025-07-11T14:55:14.007241322Z,01JZWZA6X2XVW42HESAJGZ2NT6,2025-07-11T14:55:14.007241322Z,01JZWZJMRCZ02XFXY60R46FFTN,2025-07-11T14:55:14.007241322Z,01JZWZNKWVA1S52XFCYZDDQT72,2025-07-11T14:55:14.007241322Z
01JZWZWZ7CMYX8Y1BETCSBRXAN,01JZWZA6WB0JDAGV4PGBE2KD04,2025-07-11T14:58:14.380390863Z,01JZWZA6X2XVW42HESAJGZ2NT6,2025-07-11T14:58:14.380390863Z,01JZWZ414K1QYDEBFQ3B7BZYX0,2025-07-11T14:58:14.380390863Z,01JZWZNKX3N07185HJZSTVWP7J,2025-07-11T14:58:14.380390863Z
01JZWZ97HXWA875611N3MVTRVH,01JZWYF8PSTC3MD665G08C279V,2025-07-11T14:47:27.549260858Z,01JZWYF8QEVZCXBEEFXT175NAZ,2025-07-11T14:47:27.549260858Z,01JZWYWV98AF82B2F4WR1WD1SH,2025-07-11T14:47:27.549260858Z,01JZWZ18F1GW8RWPWZ5AKHSJ10,2025-07-11T14:47:27.549260858Z
01JZWZJEVTHAF4EC1BM21W40SA,01JZWYEZA0CJ8HHH1HTG07A8MJ,2025-07-11T14:52:29.946693131Z,01JZWYEZAFZ52M7WEAWMWVBBA0,2025-07-11T14:52:29.946693131Z,01JZWZB1F9JVC1EK55RQCCBPD5,2025-07-11T14:52:29.946693131Z,01JZWZB3T23YH30AXZDDGN2FN3,2025-07-11T14:52:29.946693131Z
01JZWZVACWE10NGN599VYJND83,01JZWZA6WB0JDAGV4PGBE2KD04,2025-07-11T14:57:20.285056309Z,01JZWZA6WZVH3TNF2YNV6JH9JY,2025-07-11T14:57:20.285056309Z,01JZWZEWTVCWXK1NTXNJNQAESA,2025-07-11T14:57:20.285056309Z,01JZWZKZ2WAZ1Z9H8KBXRZMFM2,2025-07-11T14:57:20.285056309Z
01JZX11X4YYHHVV2S8HXVTRMNC,01JZX0EJC2BNT1Y92PBNN64QNM,2025-07-11T15:18:24.670849517Z,01JZX0EJCSWJJ7NMNA9BY9TMMP,2025-07-11T15:18:24.670849517Z,01JZX0FXTEC8BAQG9FXAAPP1G3,2025-07-11T15:18:24.670849517Z,01JZX101TB5CGAHCJHSPSGKRKZ,2025-07-11T15:18:24.670849517Z
01JZWWVTT38JW3HZEV0Z1VE0JX,01JZWW44AHM19FWXTBHEMGXGBF,2025-07-11T14:05:11.363045528Z,01JZWW44BKFZG5XQJNSM0R26CJ,2025-07-11T14:05:11.363045528Z,01JZWWS6Q2WFHDRGHBRD0QZ05T,2025-07-11T14:05:11.363045528Z,01JZWWSZQJKE1ZFAK3G2YNM4Z7,2025-07-11T14:05:11.363045528Z
01JZWWXES93XFBQAAG844NX05E,01JZWW44AHM19FWXTBHEMGXGBF,2025-07-11T14:06:04.585198903Z,01JZWW44BJEYZBCTBDE78SP8GF,2025-07-11T14:06:04.585198903Z,01JZWWBPA4TT0JKHZVP62JDDZM,2025-07-11T14:06:04.585198903Z,01JZWWNFR84PZZ62ZKJDZF4QCN,2025-07-11T14:06:04.585198903Z
01JZWWXESJB46JFV71KHFKWQQC,01JZWW44AHM19FWXTBHEMGXGBF,2025-07-11T14:06:04.594858416Z,01JZWW44BJEYZBCTBDE78SP8GF,2025-07-11T14:06:04.594858416Z,01JZWWNCJJPX9HM7RRAQW9XRBX,2025-07-11T14:06:04.594858416Z,01JZWWNFR84PZZ62ZKJDZF4QCN,2025-07-11T14:06:04.594858416Z
01JZWZ8KNXEX1ERS7TGJZ6QRMJ,01JZWYF8PSTC3MD665G08C279V,2025-07-11T14:47:07.197933039Z,01JZWYF8QEVZCXBEEFXT175NAZ,2025-07-11T14:47:07.197933039Z,01JZWYSNVH4MZGWJAHSWQQSMA2,2025-07-11T14:47:07.197933039Z,01JZWZ18EWP71JVFSGZP2KZQKH,2025-07-11T14:47:07.197933039Z
01JZX1MB6V6VSAK26W7SP5HV73,01JZX0Z7FCWP1T7E04929MQ87K,2025-07-11T15:28:28.891235346Z,01JZX0Z7G62YA6P24E23JAGNYF,2025-07-11T15:28:28.891235346Z,01JZX19RZ6E0A52RBZ6MEZR0NS,2025-07-11T15:28:28.891235346Z,01JZX1CZS26HVGSNHJ6R8DS7C5,2025-07-11T15:28:28.891235346Z
01JZWWS9JSX6CV19KB4M5ZNNWD,01JZWW44AHM19FWXTBHEMGXGBF,2025-07-11T14:03:48.185586695Z,01JZWW44BD8A21AGPZM2TQJBZG,2025-07-11T14:03:48.185586695Z,01JZWWERC6HG3T5784JFB8SC40,2025-07-11T14:03:48.185586695Z,01JZWWHMJW48VZ5FCTP9YA74XT,2025-07-11T14:03:48.185586695Z
01JZWY5QN426BMF9CFK3N97152,01JZWXSR4WAQFD4E83QZ4N556R,2025-07-11T14:28:04.388354287Z,01JZWXSR5K1BFQZY0JR93JV03Z,2025-07-11T14:28:04.388354287Z,01JZWXQHKPA4X1WQ3R3Z7FMECR,2025-07-11T14:28:04.388354287Z,01JZWY5Q9GBMYE7C64602E0EDS,2025-07-11T14:28:04.388354287Z
01JZWYD2PR94652N9YQ13GSS2Q,01JZWXSR4WAQFD4E83QZ4N556R,2025-07-11T14:32:05.080482044Z,01JZWXSR5K1BFQZY0JR93JV03Z,2025-07-11T14:32:05.080482044Z,01JZWXV34EAFRZ69GSZWEZN8E5,2025-07-11T14:32:05.080482044Z,01JZWY5Q9PNB2F1PVT53KDTWDG,2025-07-11T14:32:05.080482044Z
01JZWYDPKV1HGSER9DS1BGW092,01JZWXSR4WAQFD4E83QZ4N556R,2025-07-11T14:32:25.467943004Z,01JZWXSR5K1BFQZY0JR93JV03Z,2025-07-11T14:32:25.467943004Z,01JZWXV34EAFRZ69GSZWEZN8E5,2025-07-11T14:32:25.467943004Z,01JZWY5Q9WZFXXMVH8N2CSA26K,2025-07-11T14:32:25.467943004Z
01JZX2G9FXFYHVCDV4S31JJG3K,01JZX22WSHHGWZTXFAP7TNYWAH,2025-07-11T15:43:44.637268775Z,01JZX22WTBDGZD62RTG7RWZ5GX,2025-07-11T15:43:44.637268775Z,01JZX24P3JFG03B7QE343A4FG5,2025-07-11T15:43:44.637268775Z,01JZX28XZC3MQ19Q363NVMRPWC,2025-07-11T15:43:44.637268775Z
01JZWXE360VZ8N4C0QRB0BW0VH,01JZWX3EJNF6FJ1Y2SFMW7K31D,2025-07-11T14:15:09.760766411Z,01JZWX3EKSQMF1295TSKJKEEN3,2025-07-11T14:15:09.760766411Z,01JZWX5ZVE1J9A8P7S7967C695,2025-07-11T14:15:09.760766411Z,01JZWXC85KTAYMJJBJK8VSFTN9,2025-07-11T14:15:09.760766411Z
01JZWY1WW4RCDBQDCYWR41FMH5,01JZWX3EJNF6FJ1Y2SFMW7K31D,2025-07-11T14:25:58.660811802Z,01JZWX3EKQ299J03E1G02M8JNK,2025-07-11T14:25:58.660811802Z,01JZWX94CT6WKB6JQ2K9VR3ZPG,2025-07-11T14:25:58.660811802Z,01JZWXT7PRVAMFKD34VXFRJSH3,2025-07-11T14:25:58.660811802Z
01JZWZK2RTYZ2S0QD6YTSJTHHB,01JZWYEZA0CJ8HHH1HTG07A8MJ,2025-07-11T14:52:50.330050434Z,01JZWYEZAFZ52M7WEAWMWVBBA0,2025-07-11T14:52:50.330050434Z,01JZWZB1F9JVC1EK55RQCCBPD5,2025-07-11T14:52:50.330050434Z,01JZWZB3SST67XK2H2QHY5EV2Q,2025-07-11T14:52:50.330050434Z
01JZX2C8HBW3GP4GSNEE7HR0S6,01JZX2211AEK9TJVT0CNA9PEFP,2025-07-11T15:41:32.587892407Z,01JZX2212BFA30WB2A037X5VVW,2025-07-11T15:41:32.587892407Z,01JZX20F3YCVFDF210AWWM3261,2025-07-11T15:41:32.587892407Z,01JZX24K2MDETRXYCK6827FDJT,2025-07-11T15:41:32.587892407Z
01JZWZ6TAEKZ4HPAVGZNS94GND,01JZWYF8PSTC3MD665G08C279V,2025-07-11T14:46:08.462205546Z,01JZWYF8QGXKN2CZV0RDSN4DZK,2025-07-11T14:46:08.462205546Z,01JZWYJ28VW92PH36ZE0MQYAQ4,2025-07-11T14:46:08.462205546Z,01JZWYZF5MSFXMJD860G3R0M2E,2025-07-11T14:46:08.462205546Z
01JZWZKZGTGN4GAAQCWD6G8NTQ,01JZWZA6WB0JDAGV4PGBE2KD04,2025-07-11T14:53:19.770901245Z,01JZWZA6WZVH3TNF2YNV6JH9JY,2025-07-11T14:53:19.770901245Z,01JZWZEWTVCWXK1NTXNJNQAESA,2025-07-11T14:53:19.770901245Z,01JZWZKZ2D6P1CHS8RD413NMAM,2025-07-11T14:53:19.770901245Z
01JZX1MB6YZ3EWQZKQ7QTPJKHR,01JZX0Z7FCWP1T7E04929MQ87K,2025-07-11T15:28:28.894531447Z,01JZX0Z7G62YA6P24E23JAGNYF,2025-07-11T15:28:28.894531447Z,01JZX115S2HKJZB2JP8B84XHRQ,2025-07-11T15:28:28.894531447Z,01JZX1CZS26HVGSNHJ6R8DS7C5,2025-07-11T15:28:28.894531447Z
01JZX24KRQ4J5BG35V68WSCVTK,01JZX2211AEK9TJVT0CNA9PEFP,2025-07-11T15:37:21.943908462Z,01JZX2212BFA30WB2A037X5VVW,2025-07-11T15:37:21.943908462Z,01JZX1Z6R4MKXBKGPPCN8SFCT6,2025-07-11T15:37:21.943908462Z,01JZX24K225741Z8TJR1BMSJ3W,2025-07-11T15:37:21.943908462Z
01JZWWS9JWV93GP7X01542HWPV,01JZWW44AHM19FWXTBHEMGXGBF,2025-07-11T14:03:48.188560766Z,01JZWW44BD8A21AGPZM2TQJBZG,2025-07-11T14:03:48.188560766Z,01JZWWB20ESDGHMA6Q5SC8THEM,2025-07-11T14:03:48.188560766Z,01JZWWHMJW48VZ5FCTP9YA74XT,2025-07-11T14:03:48.188560766Z
01JZWWSKFQCN90TDWXYRZ50XR5,01JZWW44AHM19FWXTBHEMGXGBF,2025-07-11T14:03:58.327896899Z,01JZWW44BD8A21AGPZM2TQJBZG,2025-07-11T14:03:58.327896899Z,01JZWWB2ZTDJ7KT1DWAPV75A3D,2025-07-11T14:03:58.327896899Z,01JZWWHMJVQSQXYVVK0JXH2P8X,2025-07-11T14:03:58.327896899Z
01JZWWX4VXB1N0DQWHWNST8G40,01JZWW44AHM19FWXTBHEMGXGBF,2025-07-11T14:05:54.429790505Z,01JZWW44BJEYZBCTBDE78SP8GF,2025-07-11T14:05:54.429790505Z,01JZWWE555WXVET4AYP5QH2KC1,2025-07-11T14:05:54.429790505Z,01JZWWNFR3KDAVBA6DHWCWKN28,2025-07-11T14:05:54.429790505Z
01JZWYDPKRHJ16RFXQHMG6VJ9N,01JZWXSR4WAQFD4E83QZ4N556R,2025-07-11T14:32:25.464105409Z,01JZWXSR5K1BFQZY0JR93JV03Z,2025-07-11T14:32:25.464105409Z,01JZWXPEZV0NSNXZ4572VJDSHE,2025-07-11T14:32:25.464105409Z,01JZWY5Q9WZFXXMVH8N2CSA26K,2025-07-11T14:32:25.464105409Z
01JZX2T7TCJQTN31S9K9HWW7VS,01JZX2H30Q9G2SN0SJRWQ2RGJE,2025-07-11T15:49:10.604581922Z,01JZX2H31TQX1PEB4DWYDPEN1M,2025-07-11T15:49:10.604581922Z,01JZX2PE1F4EBJ870JDP5QF065,2025-07-11T15:49:10.604581922Z,01JZX2RC7XJ52R835VRS2QQVX7,2025-07-11T15:49:10.604581922Z
01JZWWVTT1CE8RAWTTE188VJXC,01JZWW44AHM19FWXTBHEMGXGBF,2025-07-11T14:05:11.361789685Z,01JZWW44BKFZG5XQJNSM0R26CJ,2025-07-11T14:05:11.361789685Z,01JZWWCTC46AK32XBBAE4G0JMD,2025-07-11T14:05:11.361789685Z,01JZWWSZQJKE1ZFAK3G2YNM4Z7,2025-07-11T14:05:11.361789685Z
01JZWY1JXTAGVE3EW0QC0QZB3N,01JZWX3EJNF6FJ1Y2SFMW7K31D,2025-07-11T14:25:48.47441996Z,01JZWX3EKQ299J03E1G02M8JNK,2025-07-11T14:25:48.47441996Z,01JZWX8M7BJJ1SF700GWCSN5Z7,2025-07-11T14:25:48.47441996Z,01JZWXT7PSRRKTQEAGZP0M99EC,2025-07-11T14:25:48.47441996Z
01JZWZ6TA8S3SSDX8T3Y3MZGX5,01JZWYF8PSTC3MD665G08C279V,2025-07-11T14:46:08.456126442Z,01JZWYF8QGXKN2CZV0RDSN4DZK,2025-07-11T14:46:08.456126442Z,01JZWYH4PB2R8FYRP99C85DYW1,2025-07-11T14:46:08.456126442Z,01JZWYZF5MSFXMJD860G3R0M2E,2025-07-11T14:46:08.456126442Z
01JZX2S3BA7PRFZH67ABGMB6FM,01JZX2Q8NE23HKD8VQ99SRTJYV,2025-07-11T15:48:33.258610374Z,01JZX2Q8PA625KPVRQHTPPKHMT,2025-07-11T15:48:33.258610374Z,01JZX2Q3V5FT8XRA4B1X292G97,2025-07-11T15:48:33.258610374Z,01JZX2S2HAANAC75B1N13P4KYH,2025-07-11T15:48:33.258610374Z
01JZX048J92QZVK94YEY9EKXHT,01JZWZMMD7C2XATM2SBH5GMN08,2025-07-11T15:02:13.321314201Z,01JZWZMMDWT0YY5HX1X5C8Z68M,2025-07-11T15:02:13.321314201Z,01JZWZS08GZJGVRN5EZ0QNC1XX,2025-07-11T15:02:13.321314201Z,01JZWZWJK1JF66T5JKY40GNXMK,2025-07-11T15:02:13.321314201Z
01JZX04JFHAJP9Q1713HVKN6DK,01JZWZMMD7C2XATM2SBH5GMN08,2025-07-11T15:02:23.473803667Z,01JZWZMMDWT0YY5HX1X5C8Z68M,2025-07-11T15:02:23.473803667Z,01JZWZS0N0DQ29KPVMEVNEED6G,2025-07-11T15:02:23.473803667Z,01JZWZWJJY4CV4YNRHERKB0GY1,2025-07-11T15:02:23.473803667Z
01JZX102D9A2J1GFW5R9MFG2VH,01JZX0EJC2BNT1Y92PBNN64QNM,2025-07-11T15:17:24.521430654Z,01JZX0EJCSWJJ7NMNA9BY9TMMP,2025-07-11T15:17:24.521430654Z,01JZX0GSK97NWAMWARPJJ0NPSW,2025-07-11T15:17:24.521430654Z,01JZX101T6R09BX1ENBGHDRSTY,2025-07-11T15:17:24.521430654Z
01JZX17Q4H9105G1WZYPT77KKM,01JZX0EJC2BNT1Y92PBNN64QNM,2025-07-11T15:21:35.121233656Z,01JZX0EJCSWJJ7NMNA9BY9TMMP,2025-07-11T15:21:35.121233656Z,01JZX0GSK97NWAMWARPJJ0NPSW,2025-07-11T15:21:35.121233656Z,01JZX101TTCN7QV9J706Y2NEEP,2025-07-11T15:21:35.121233656Z
01JZWY5QMZAV03F405V899X7D5,01JZWXSR4WAQFD4E83QZ4N556R,2025-07-11T14:28:04.383826677Z,01JZWXSR5K1BFQZY0JR93JV03Z,2025-07-11T14:28:04.383826677Z,01JZWY1GAD9NGRAB8QHM4W7ANR,2025-07-11T14:28:04.383826677Z,01JZWY5Q9GBMYE7C64602E0EDS,2025-07-11T14:28:04.383826677Z
01JZWY5QN26QZX4E8RCRSP698M,01JZWXSR4WAQFD4E83QZ4N556R,2025-07-11T14:28:04.386949506Z,01JZWXSR5K1BFQZY0JR93JV03Z,2025-07-11T14:28:04.386949506Z,01JZWXV34EAFRZ69GSZWEZN8E5,2025-07-11T14:28:04.386949506Z,01JZWY5Q9GBMYE7C64602E0EDS,2025-07-11T14:28:04.386949506Z
01JZWZJRTQHB9CMGX2Y5JAJEVC,01JZWYEZA0CJ8HHH1HTG07A8MJ,2025-07-11T14:52:40.151329972Z,01JZWYEZAFZ52M7WEAWMWVBBA0,2025-07-11T14:52:40.151329972Z,01JZWZ3P36DRC7R79B7MD39946,2025-07-11T14:52:40.151329972Z,01JZWZB3SXEJ0M9WVJCS8P0EBE,2025-07-11T14:52:40.151329972Z
01JZX03AF8BK3NEDAY55Z5NMVZ,01JZWZTZW2BD5NR7YNCT6FCF8T,2025-07-11T15:01:42.504169574Z,01JZWZTZWTBGJSFEYPT1TK9JNM,2025-07-11T15:01:42.504169574Z,01JZWZQ65JYV89FXKRYZPSTQS3,2025-07-11T15:01:42.504169574Z,01JZX01ET822TK2S85YGND0V2G,2025-07-11T15:01:42.504169574Z
01JZX1D0D7Q9Y4QBBG79XNMYNG,01JZX0Z7FCWP1T7E04929MQ87K,2025-07-11T15:24:28.455578743Z,01JZX0Z7G62YA6P24E23JAGNYF,2025-07-11T15:24:28.455578743Z,01JZX19RZ6E0A52RBZ6MEZR0NS,2025-07-11T15:24:28.455578743Z,01JZX1CZRRGP1X9JSRBXD2T141,2025-07-11T15:24:28.455578743Z
01JZWWREDGX6X6CASZNC2TYA8R,01JZWW44AHM19FWXTBHEMGXGBF,2025-07-11T14:03:20.368693303Z,01JZWW44BEQMSR3VMBGNDP631Z,2025-07-11T14:03:20.368693303Z,01JZWWAFR4V89Y27MZTSTV5QQ9,2025-07-11T14:03:20.368693303Z,01JZWWH37ZXP83ZQDAPQHAR5VP,2025-07-11T14:03:20.368693303Z
01JZWZWKEMD0W9YC5XJ6K7SR8K,01JZWZMMD7C2XATM2SBH5GMN08,2025-07-11T14:58:02.324752029Z,01JZWZMMDWT0YY5HX1X5C8Z68M,2025-07-11T14:58:02.324752029Z,01JZWZS0N0DQ29KPVMEVNEED6G,2025-07-11T14:58:02.324752029Z,01JZWZWJJAEC46NHM4FRC2ND88,2025-07-11T14:58:02.324752029Z
01JZX1MZ1AJTSS9H384HFGG38B,01JZX0Z7FCWP1T7E04929MQ87K,2025-07-11T15:28:49.19475302Z,01JZX0Z7G62YA6P24E23JAGNYF,2025-07-11T15:28:49.19475302Z,01JZX19RZ6E0A52RBZ6MEZR0NS,2025-07-11T15:28:49.19475302Z,01JZX1CZS5N4CV6M03S0A62MQY,2025-07-11T15:28:49.19475302Z
01JZX26EG3GJ8VQ2HGNY55W36Q,01JZX2211AEK9TJVT0CNA9PEFP,2025-07-11T15:38:22.083486071Z,01JZX2212BFA30WB2A037X5VVW,2025-07-11T15:38:22.083486071Z,01JZX23VKWDBGJ83J12HGK60MX,2025-07-11T15:38:22.083486071Z,01JZX24K348T2N6NEK4WS9VD7N,2025-07-11T15:38:22.083486071Z
01JZWWRAXDDDQZG1PS3QWQJCY2,01JZWW44AHM19FWXTBHEMGXGBF,2025-07-11T14:03:16.781410787Z,01JZWW44BJEYZBCTBDEK4Q79TP,2025-07-11T14:03:16.781410787Z,01JZWWA4RKN8NR8TMF653NA46W,2025-07-11T14:03:16.781410787Z,01JZWWGNNXRZPRCTEWXTT0P1CH,2025-07-11T14:03:16.781410787Z
01JZWWREDMSGKZ1XXAKMFCXEZ0,01JZWW44AHM19FWXTBHEMGXGBF,2025-07-11T14:03:20.372058873Z,01JZWW44BEQMSR3VMBGNDP631Z,2025-07-11T14:03:20.372058873Z,01JZWWDVC12RZPS4PNHPMVM779,2025-07-11T14:03:20.372058873Z,01JZWWH37ZXP83ZQDAPQHAR5VP,2025-07-11T14:03:20.372058873Z
01JZWYDPKQ54AMHKJY8PRM68AR,01JZWXSR4WAQFD4E83QZ4N556R,2025-07-11T14:32:25.463102419Z,01JZWXSR5K1BFQZY0JR93JV03Z,2025-07-11T14:32:25.463102419Z,01JZWXQHKPA4X1WQ3R3Z7FMECR,2025-07-11T14:32:25.463102419Z,01JZWY5Q9WZFXXMVH8N2CSA26K,2025-07-11T14:32:25.463102419Z
01JZWZX95TEJKVYDYSJ9TFKRCT,01JZWZA6WB0JDAGV4PGBE2KD04,2025-07-11T14:58:24.570234853Z,01JZWZA6X2XVW42HESAJGZ2NT6,2025-07-11T14:58:24.570234853Z,01JZWZD4VBRBGABXWJ5SZM7QQC,2025-07-11T14:58:24.570234853Z,01JZWZNKX6YMX0A3MZVCWF1EV5,2025-07-11T14:58:24.570234853Z
01JZWXE365JF6H3F2RP6NFDY1Y,01JZWX3EJNF6FJ1Y2SFMW7K31D,2025-07-11T14:15:09.765997351Z,01JZWX3EKSQMF1295TSKJKEEN3,2025-07-11T14:15:09.765997351Z,01JZWXAP05PT0GY02W1QFXQR1K,2025-07-11T14:15:09.765997351Z,01JZWXC85KTAYMJJBJK8VSFTN9,2025-07-11T14:15:09.765997351Z
01JZWZNM7A3VKGZ90HVEAC4C9B,01JZWZA6WB0JDAGV4PGBE2KD04,2025-07-11T14:54:13.738497637Z,01JZWZA6X2XVW42HESAJGZ2NT6,2025-07-11T14:54:13.738497637Z,01JZWZD4VBRBGABXWJ5SZM7QQC,2025-07-11T14:54:13.738497637Z,01JZWZNKWR3SQ9ZRD4ABR3N79C,2025-07-11T14:54:13.738497637Z
01JZWZX95WA2G1DM98RXPN9HD2,01JZWZA6WB0JDAGV4PGBE2KD04,2025-07-11T14:58:24.572858382Z,01JZWZA6X2XVW42HESAJGZ2NT6,2025-07-11T14:58:24.572858382Z,01JZWZEKWE7ADH0331F4S01T6Z,2025-07-11T14:58:24.572858382Z,01JZWZNKX6YMX0A3MZVCWF1EV5,2025-07-11T14:58:24.572858382Z
01JZWWQAXPAQ2D6NFKN32W232Y,01JZWW44AHM19FWXTBHEMGXGBF,2025-07-11T14:02:44.022041452Z,01JZWW44BJEYZBCTBDE78SP8GF,2025-07-11T14:02:44.022041452Z,01JZWWNCJJPX9HM7RRAQW9XRBX,2025-07-11T14:02:44.022041452Z,01JZWWNFR46B0994K1KS6BZ66P,2025-07-11T14:02:44.022041452Z
01JZX0ESDBWCY233KVD0SF57BN,01JZX01RQ17SG6VS244N0MYW8M,2025-07-11T15:07:58.251355289Z,01JZX01RQWMMEZFDWFCEW25YYC,2025-07-11T15:07:58.251355289Z,01JZWZKP0855G4MGFYB0V9Y4BW,2025-07-11T15:07:58.251355289Z,01JZX0CY3DVKE2CQGYCVF56S2C,2025-07-11T15:07:58.251355289Z
01JZWZ7E5TP9DYRR7PH7VG3DQB,01JZWYF8PSTC3MD665G08C279V,2025-07-11T14:46:28.794359064Z,01JZWYF8QGXKN2CZV0RDSN4DZK,2025-07-11T14:46:28.794359064Z,01JZWYHZ2WNSSPQSQMJZZC49FA,2025-07-11T14:46:28.794359064Z,01JZWYZF5H31NS991KN75RDYV2,2025-07-11T14:46:28.794359064Z
01JZX0CYMX338EFSP1EGZE5J7F,01JZX01RQ17SG6VS244N0MYW8M,2025-07-11T15:06:58.077936103Z,01JZX01RQWMMEZFDWFCEW25YYC,2025-07-11T15:06:58.077936103Z,01JZX076HSVZJQW5HCA3DBJR6N,2025-07-11T15:06:58.077936103Z,01JZX0CY2Q6SKBEFJSG6159CDH,2025-07-11T15:06:58.077936103Z
01JZWYDCPH4VMX7TFZ8VBE28ZE,01JZWXSR4WAQFD4E83QZ4N556R,2025-07-11T14:32:15.31332879Z,01JZWXSR5K1BFQZY0JR93JV03Z,2025-07-11T14:32:15.31332879Z,01JZWXV34EAFRZ69GSZWEZN8E5,2025-07-11T14:32:15.31332879Z,01JZWY5Q9QRAJP6XHNM5W05AQ2,2025-07-11T14:32:15.31332879Z
01JZWZ0T1PG60CK1VPBX9MK1SX,01JZWYF8PSTC3MD665G08C279V,2025-07-11T14:42:51.57469192Z,01JZWYF8QQMFZ1MWHEGJ0R4XXC,2025-07-11T14:42:51.57469192Z,01JZWYXK9GBY6KHHKHPP39H1EW,2025-07-11T14:42:51.57469192Z,01JZWZ0SNCP8DHY6SEFVAFZ6E2,2025-07-11T14:42:51.57469192Z
01JZWZ18ST5QA9X0B3B47TZHSD,01JZWYF8PSTC3MD665G08C279V,2025-07-11T14:43:06.682833132Z,01JZWYF8QEVZCXBEEFXT175NAZ,2025-07-11T14:43:06.682833132Z,01JZWYH9TKSXJW5786Q978C8Y0,2025-07-11T14:43:06.682833132Z,01JZWZ18EC5HV3Q9WDJTBTJ712,2025-07-11T14:43:06.682833132Z
01JZWZ1A8FWJDMGYN63KS4X2RQ,01JZWYF8PSTC3MD665G08C279V,2025-07-11T14:43:08.175420967Z,01JZWYF8QGXKN2CZV0RDSN4DZK,2025-07-11T14:43:08.175420967Z,01JZWYH11QXSTSDGZZ9F6Y22TB,2025-07-11T14:43:08.175420967Z,01JZWYZF5EEWN34CPZJPA9PYJF,2025-07-11T14:43:08.175420967Z
01JZX1EV4Q6EVJQ8ZAWQRTZD4T,01JZX0Z7FCWP1T7E04929MQ87K,2025-07-11T15:25:28.599517655Z,01JZX0Z7G62YA6P24E23JAGNYF,2025-07-11T15:25:28.599517655Z,01JZX115S2HKJZB2JP8B84XHRQ,2025-07-11T15:25:28.599517655Z,01JZX1CZRYBBW9VNHM3QSF1DVV,2025-07-11T15:25:28.599517655Z
01JZX301Y1BXV0CW9F5KRW5XVZ,01JZX2H30Q9G2SN0SJRWQ2RGJE,2025-07-11T15:52:21.185935989Z,01JZX2H31TQX1PEB4DWYDPEN1M,2025-07-11T15:52:21.185935989Z,01JZX2JWQHQFFXHF3QT48ANVSH,2025-07-11T15:52:21.185935989Z,01JZX2RC88458X2PTAT53AS7T0,2025-07-11T15:52:21.185935989Z
01JZWWS9JTMTA4X4X9F6SQ5027,01JZWW44AHM19FWXTBHEMGXGBF,2025-07-11T14:03:48.186488245Z,01JZWW44BD8A21AGPZM2TQJBZG,2025-07-11T14:03:48.186488245Z,01JZWWDPT6NE7YE0PYT3SCM95Y,2025-07-11T14:03:48.186488245Z,01JZWWHMJW48VZ5FCTP9YA74XT,2025-07-11T14:03:48.186488245Z
01JZWYZFHFKKYQD6FQGDSW4N6A,01JZWYF8PSTC3MD665G08C279V,2025-07-11T14:42:08.047364991Z,01JZWYF8QGXKN2CZV0RDSN4DZK,2025-07-11T14:42:08.047364991Z,01JZWYHZ2WNSSPQSQMJZZC49FA,2025-07-11T14:42:08.047364991Z,01JZWYZF5A5V4DRR5PK3TECR6T,2025-07-11T14:42:08.047364991Z
01JZWZ8EVK9MWXAD90XTCEEYZ4,01JZWYF8PSTC3MD665G08C279V,2025-07-11T14:47:02.259832925Z,01JZWYF8QQMFZ1MWHEGJ0R4XXC,2025-07-11T14:47:02.259832925Z,01JZWYXK9GBY6KHHKHPP39H1EW,2025-07-11T14:47:02.259832925Z,01JZWZ0SNKDJH0SNFP81KEP5Y1,2025-07-11T14:47:02.259832925Z
01JZWZB41H35M7N0HETFVNYWNV,01JZWYEZA0CJ8HHH1HTG07A8MJ,2025-07-11T14:48:29.489644664Z,01JZWYEZAFZ52M7WEAWMWVBBA0,2025-07-11T14:48:29.489644664Z,01JZWZ4G1CQK7Y00668RF4JP7N,2025-07-11T14:48:29.489644664Z,01JZWZB3SNY9GRA9BD0H241X1G,2025-07-11T14:48:29.489644664Z
01JZWZXK4K9R9EG1PY80BMAHMZ,01JZWZA6WB0JDAGV4PGBE2KD04,2025-07-11T14:58:34.771225263Z,01JZWZA6X2XVW42HESAJGZ2NT6,2025-07-11T14:58:34.771225263Z,01JZWZJ0KXQ53DRGDZ8ETXZRC8,2025-07-11T14:58:34.771225263Z,01JZWZNKXD57DTWXSG8QR5K32H,2025-07-11T14:58:34.771225263Z
01JZX30BW5MX85RK9MYBACHEJ2,01JZX2H30Q9G2SN0SJRWQ2RGJE,2025-07-11T15:52:31.366026262Z,01JZX2H31TQX1PEB4DWYDPEN1M,2025-07-11T15:52:31.366026262Z,01JZX2P7M7ZD3E8YMSMYHDJW8B,2025-07-11T15:52:31.366026262Z,01JZX2RC838EXFPG0PCH2JEEQZ,2025-07-11T15:52:31.366026262Z
01JZWY1WW63WACCSGB2EYKDNHH,01JZWX3EJNF6FJ1Y2SFMW7K31D,2025-07-11T14:25:58.662413588Z,01JZWX3EKQ299J03E1G02M8JNK,2025-07-11T14:25:58.662413588Z,01JZWX710QKKF8CDEBM55SKW3K,2025-07-11T14:25:58.662413588Z,01JZWXT7PRVAMFKD34VXFRJSH3,2025-07-11T14:25:58.662413588Z
01JZWYDCPFR942V47BA82N9J7P,01JZWXSR4WAQFD4E83QZ4N556R,2025-07-11T14:32:15.311315347Z,01JZWXSR5K1BFQZY0JR93JV03Z,2025-07-11T14:32:15.311315347Z,01JZWY1GAD9NGRAB8QHM4W7ANR,2025-07-11T14:32:15.311315347Z,01JZWY5Q9QRAJP6XHNM5W05AQ2,2025-07-11T14:32:15.311315347Z
01JZWZ8XJM2NQHA83W9ATT31Y4,01JZWYF8PSTC3MD665G08C279V,2025-07-11T14:47:17.33296348Z,01JZWYF8QEVZCXBEEFXT175NAZ,2025-07-11T14:47:17.33296348Z,01JZWZ16CM755GDDMY2XF416AS,2025-07-11T14:47:17.33296348Z,01JZWZ18EYBZ6RP1HB6ZQNDWXX,2025-07-11T14:47:17.33296348Z
01JZWZNM7FHJKYPFQX8S3EYFP1,01JZWZA6WB0JDAGV4PGBE2KD04,2025-07-11T14:54:13.743440999Z,01JZWZA6X2XVW42HESAJGZ2NT6,2025-07-11T14:54:13.743440999Z,01JZWZJ0KXQ53DRGDZ8ETXZRC8,2025-07-11T14:54:13.743440999Z,01JZWZNKWR3SQ9ZRD4ABR3N79C,2025-07-11T14:54:13.743440999Z
01JZWZ7E5VCRAVP28RDKV8DV1C,01JZWYF8PSTC3MD665G08C279V,2025-07-11T14:46:28.795886477Z,01JZWYF8QGXKN2CZV0RDSN4DZK,2025-07-11T14:46:28.795886477Z,01JZWYH4PB2R8FYRP99C85DYW1,2025-07-11T14:46:28.795886477Z,01JZWYZF5H31NS991KN75RDYV2,2025-07-11T14:46:28.795886477Z
01JZX28AJN867E8GN05NTY6MM0,01JZX1PFBBJ70ECNFY36CY6PZS,2025-07-11T15:39:23.605180575Z,01JZX1PFC8GTFQ985G5CCXBWPH,2025-07-11T15:39:23.605180575Z,01JZX1WDV3P8QKVR6NYYESXCAJ,2025-07-11T15:39:23.605180575Z,01JZX20N42QMDS1BTRY5VH80ZR,2025-07-11T15:39:23.605180575Z
01JZX094GJPC0BWDE2E3AZFNWT,01JZWZTZW2BD5NR7YNCT6FCF8T,2025-07-11T15:04:53.01044653Z,01JZWZTZWTBGJSFEYPT1TK9JNM,2025-07-11T15:04:53.01044653Z,01JZWZYGS8TD1Z9W2K27NY68NW,2025-07-11T15:04:53.01044653Z,01JZX01ETRN3XRFBZEGBHDE26Q,2025-07-11T15:04:53.01044653Z
01JZX102D1BY0CX4WCHWKHSMYT,01JZX0EJC2BNT1Y92PBNN64QNM,2025-07-11T15:17:24.513748213Z,01JZX0EJCSWJJ7NMNA9BY9TMMP,2025-07-11T15:17:24.513748213Z,01JZX0QG2HMZG11N6MN6QE8308,2025-07-11T15:17:24.513748213Z,01JZX101T6R09BX1ENBGHDRSTY,2025-07-11T15:17:24.513748213Z
01JZWWGNWMVX3NPHZAFVW8PBS6,01JZWW44AHM19FWXTBHEMGXGBF,2025-07-11T13:59:05.876602195Z,01JZWW44BJEYZBCTBDEK4Q79TP,2025-07-11T13:59:05.876602195Z,01JZWWA3663M33ZAT89S62YGKK,2025-07-11T13:59:05.876602195Z,01JZWWGNNQ3YJAE43WK0E6KTM9,2025-07-11T13:59:05.876602195Z
01JZWWRAXKS8WY578HTJQWERF1,01JZWW44AHM19FWXTBHEMGXGBF,2025-07-11T14:03:16.787123836Z,01JZWW44BJEYZBCTBDEK4Q79TP,2025-07-11T14:03:16.787123836Z,01JZWWEGXWTJHRSH3P1PBJAMVX,2025-07-11T14:03:16.787123836Z,01JZWWGNNXRZPRCTEWXTT0P1CH,2025-07-11T14:03:16.787123836Z
01JZWWSKFVSW2F86F0A33MTE3F,01JZWW44AHM19FWXTBHEMGXGBF,2025-07-11T14:03:58.331076492Z,01JZWW44BD8A21AGPZM2TQJBZG,2025-07-11T14:03:58.331076492Z,01JZWWERC6HG3T5784JFB8SC40,2025-07-11T14:03:58.331076492Z,01JZWWHMJVQSQXYVVK0JXH2P8X,2025-07-11T14:03:58.331076492Z
01JZWWWTYCJ1PNJ4ZM6EDGFNE1,01JZWW44AHM19FWXTBHEMGXGBF,2025-07-11T14:05:44.268506365Z,01JZWW44BJEYZBCTBDE78SP8GF,2025-07-11T14:05:44.268506365Z,01JZWWHESP5DM7NSJWE54W48GV,2025-07-11T14:05:44.268506365Z,01JZWWNFR5Z8REYW8AE2WX46ZV,2025-07-11T14:05:44.268506365Z
01JZWWREDNEGNNJ0XYP6KQACRT,01JZWW44AHM19FWXTBHEMGXGBF,2025-07-11T14:03:20.373099188Z,01JZWW44BEQMSR3VMBGNDP631Z,2025-07-11T14:03:20.373099188Z,01JZWWDCR6AAQ7DF8K6DPD7DVV,2025-07-11T14:03:20.373099188Z,01JZWWH37ZXP83ZQDAPQHAR5VP,2025-07-11T14:03:20.373099188Z
01JZWZX95ZRKRGKMVVQNFBC9PR,01JZWZA6WB0JDAGV4PGBE2KD04,2025-07-11T14:58:24.575593107Z,01JZWZA6X2XVW42HESAJGZ2NT6,2025-07-11T14:58:24.575593107Z,01JZWZJ0KXQ53DRGDZ8ETXZRC8,2025-07-11T14:58:24.575593107Z,01JZWZNKX6YMX0A3MZVCWF1EV5,2025-07-11T14:58:24.575593107Z
01JZX08TJQACEGSFZHPV7D6NYT,01JZWZTZW2BD5NR7YNCT6FCF8T,2025-07-11T15:04:42.839398456Z,01JZWZTZWTBGJSFEYPT1TK9JNM,2025-07-11T15:04:42.839398456Z,01JZWZYGS8TD1Z9W2K27NY68NW,2025-07-11T15:04:42.839398456Z,01JZX01ET4VD6BH7V7BVCYRYZ3,2025-07-11T15:04:42.839398456Z
01JZWXE364XCVAKKTG39385WQ2,01JZWX3EJNF6FJ1Y2SFMW7K31D,2025-07-11T14:15:09.764213504Z,01JZWX3EKSQMF1295TSKJKEEN3,2025-07-11T14:15:09.764213504Z,01JZWX6ZA1QTAHD50AM6KPKFJN,2025-07-11T14:15:09.764213504Z,01JZWXC85KTAYMJJBJK8VSFTN9,2025-07-11T14:15:09.764213504Z
01JZWZK2RN79RQPDD3ETN83NK4,01JZWYEZA0CJ8HHH1HTG07A8MJ,2025-07-11T14:52:50.325647553Z,01JZWYEZAFZ52M7WEAWMWVBBA0,2025-07-11T14:52:50.325647553Z,01JZWZ3P36DRC7R79B7MD39946,2025-07-11T14:52:50.325647553Z,01JZWZB3SST67XK2H2QHY5EV2Q,2025-07-11T14:52:50.325647553Z
01JZWZK2S0MX9M9NWFY77PHVKJ,01JZWYEZA0CJ8HHH1HTG07A8MJ,2025-07-11T14:52:50.33636133Z,01JZWYEZAFZ52M7WEAWMWVBBA0,2025-07-11T14:52:50.33636133Z,01JZWZ4G1CQK7Y00668RF4JP7N,2025-07-11T14:52:50.33636133Z,01JZWZB3SST67XK2H2QHY5EV2Q,2025-07-11T14:52:50.33636133Z
01JZX30BWCG7JQPD9HT63K10CK,01JZX2H30Q9G2SN0SJRWQ2RGJE,2025-07-11T15:52:31.372080949Z,01JZX2H31TQX1PEB4DWYDPEN1M,2025-07-11T15:52:31.372080949Z,01JZX2PE1F4EBJ870JDP5QF065,2025-07-11T15:52:31.372080949Z,01JZX2RC838EXFPG0PCH2JEEQZ,2025-07-11T15:52:31.372080949Z
01JZWY1JXXGYCPDNMJ2TRA9ND3,01JZWX3EJNF6FJ1Y2SFMW7K31D,2025-07-11T14:25:48.477848944Z,01JZWX3EKQ299J03E1G02M8JNK,2025-07-11T14:25:48.477848944Z,01JZWXAA1ZKVMWZ4HK4Q97E3N1,2025-07-11T14:25:48.477848944Z,01JZWXT7PSRRKTQEAGZP0M99EC,2025-07-11T14:25:48.477848944Z
01JZWZXK4N6F5C9AGMW2JK11W0,01JZWZA6WB0JDAGV4PGBE2KD04,2025-07-11T14:58:34.773999832Z,01JZWZA6X2XVW42HESAJGZ2NT6,2025-07-11T14:58:34.773999832Z,01JZWZJMRCZ02XFXY60R46FFTN,2025-07-11T14:58:34.773999832Z,01JZWZNKXD57DTWXSG8QR5K32H,2025-07-11T14:58:34.773999832Z
01JZWYD2PWJQY29M69G3EF6DQM,01JZWXSR4WAQFD4E83QZ4N556R,2025-07-11T14:32:05.085015703Z,01JZWXSR5K1BFQZY0JR93JV03Z,2025-07-11T14:32:05.085015703Z,01JZWXK0JMQJ82F58GAHSPCWG3,2025-07-11T14:32:05.085015703Z,01JZWY5Q9PNB2F1PVT53KDTWDG,2025-07-11T14:32:05.085015703Z
01JZWZNT81BB1VCWPT884P26YS,01JZWZA6WB0JDAGV4PGBE2KD04,2025-07-11T14:54:19.905737259Z,01JZWZA6WZVH3TNF2YNV6JH9JY,2025-07-11T14:54:19.905737259Z,01JZWZEZ8WPYYAJ9S9YEKRM77J,2025-07-11T14:54:19.905737259Z,01JZWZKZ2NBDZ1AD8DCAJZV3X7,2025-07-11T14:54:19.905737259Z
01JZWZQF23JEFVPDWZ3NPXP3PV,01JZWZA6WB0JDAGV4PGBE2KD04,2025-07-11T14:55:13.987556104Z,01JZWZA6X2XVW42HESAJGZ2NT6,2025-07-11T14:55:13.987556104Z,01JZWZ414K1QYDEBFQ3B7BZYX0,2025-07-11T14:55:13.987556104Z,01JZWZNKWVA1S52XFCYZDDQT72,2025-07-11T14:55:13.987556104Z
01JZX0M9KNGNTS6M5KCMC0G0VJ,01JZX01RQ17SG6VS244N0MYW8M,2025-07-11T15:10:58.677527793Z,01JZX01RQWMMEZFDWFCEW25YYC,2025-07-11T15:10:58.677527793Z,01JZX0C88J31VFPZ11Z6AKVTB2,2025-07-11T15:10:58.677527793Z,01JZX0CY390WRNDCCCCNHQAJ4M,2025-07-11T15:10:58.677527793Z
01JZWWJGQDRN64987FVJF4VYPF,01JZWW44AHM19FWXTBHEMGXGBF,2025-07-11T14:00:06.125174215Z,01JZWW44BJEYZBCTBDEK4Q79TP,2025-07-11T14:00:06.125174215Z,01JZWWA4RKN8NR8TMF653NA46W,2025-07-11T14:00:06.125174215Z,01JZWWGNNRMSZQZYVM1XN5EXKG,2025-07-11T14:00:06.125174215Z
01JZWWRMVYNZEGZ31AWB699Q96,01JZWW44AHM19FWXTBHEMGXGBF,2025-07-11T14:03:26.974353726Z,01JZWW44BJEYZBCTBDEK4Q79TP,2025-07-11T14:03:26.974353726Z,01JZWWA3663M33ZAT89S62YGKK,2025-07-11T14:03:26.974353726Z,01JZWWGNNZWJVK67S4V1MN4ZN1,2025-07-11T14:03:26.974353726Z
01JZWWXESF09G69CSA40FXB82J,01JZWW44AHM19FWXTBHEMGXGBF,2025-07-11T14:06:04.591615587Z,01JZWW44BJEYZBCTBDE78SP8GF,2025-07-11T14:06:04.591615587Z,01JZWWHEEDQG0FKR77V6835NWY,2025-07-11T14:06:04.591615587Z,01JZWWNFR84PZZ62ZKJDZF4QCN,2025-07-11T14:06:04.591615587Z
01JZWY5QN5FW0SHVF1VHTN0SPQ,01JZWXSR4WAQFD4E83QZ4N556R,2025-07-11T14:28:04.389258841Z,01JZWXSR5K1BFQZY0JR93JV03Z,2025-07-11T14:28:04.389258841Z,01JZWXPEZV0NSNXZ4572VJDSHE,2025-07-11T14:28:04.389258841Z,01JZWY5Q9GBMYE7C64602E0EDS,2025-07-11T14:28:04.389258841Z
01JZX0MKJ7KEK7ZJZGQ566CFGG,01JZX01RQ17SG6VS244N0MYW8M,2025-07-11T15:11:08.871638876Z,01JZX01RQWMMEZFDWFCEW25YYC,2025-07-11T15:11:08.871638876Z,01JZX03MG8AQ0EZEZNHSZ7BYWK,2025-07-11T15:11:08.871638876Z,01JZX0CY3548FJ7Y5A1523NZF8,2025-07-11T15:11:08.871638876Z
01JZX0MXGYKYH9XX68DA1DV4D9,01JZX01RQ17SG6VS244N0MYW8M,2025-07-11T15:11:19.070082097Z,01JZX01RQWMMEZFDWFCEW25YYC,2025-07-11T15:11:19.070082097Z,01JZWZKP0855G4MGFYB0V9Y4BW,2025-07-11T15:11:19.070082097Z,01JZX0CY3108GGH6QZKNYD3DH1,2025-07-11T15:11:19.070082097Z
01JZWWS9JVYN7TZC7MN6R5EEW5,01JZWW44AHM19FWXTBHEMGXGBF,2025-07-11T14:03:48.187911324Z,01JZWW44BD8A21AGPZM2TQJBZG,2025-07-11T14:03:48.187911324Z,01JZWWB2ZTDJ7KT1DWAPV75A3D,2025-07-11T14:03:48.187911324Z,01JZWWHMJW48VZ5FCTP9YA74XT,2025-07-11T14:03:48.187911324Z
01JZWZVAD2WREBDKCREPNC1Q1W,01JZWZA6WB0JDAGV4PGBE2KD04,2025-07-11T14:57:20.290697208Z,01JZWZA6WZVH3TNF2YNV6JH9JY,2025-07-11T14:57:20.290697208Z,01JZWZEMQXCT8RJEC3CNBJTQ8W,2025-07-11T14:57:20.290697208Z,01JZWZKZ2WAZ1Z9H8KBXRZMFM2,2025-07-11T14:57:20.290697208Z
01JZWZVMC6N7PF9VVYMHVVYC3A,01JZWZA6WB0JDAGV4PGBE2KD04,2025-07-11T14:57:30.502135857Z,01JZWZA6WZVH3TNF2YNV6JH9JY,2025-07-11T14:57:30.502135857Z,01JZWZEMQXCT8RJEC3CNBJTQ8W,2025-07-11T14:57:30.502135857Z,01JZWZKZ31F6GQF327MR06TRFR,2025-07-11T14:57:30.502135857Z
01JZX0ESDMKYM544DTH0NWT7XJ,01JZX01RQ17SG6VS244N0MYW8M,2025-07-11T15:07:58.260356868Z,01JZX01RQWMMEZFDWFCEW25YYC,2025-07-11T15:07:58.260356868Z,01JZX05WANWX1P8C80DHGKS0W3,2025-07-11T15:07:58.260356868Z,01JZX0CY3DVKE2CQGYCVF56S2C,2025-07-11T15:07:58.260356868Z
01JZX0MKHZSMHHXEKQN87V7QZ0,01JZX01RQ17SG6VS244N0MYW8M,2025-07-11T15:11:08.863140693Z,01JZX01RQWMMEZFDWFCEW25YYC,2025-07-11T15:11:08.863140693Z,01JZWZKP0855G4MGFYB0V9Y4BW,2025-07-11T15:11:08.863140693Z,01JZX0CY3548FJ7Y5A1523NZF8,2025-07-11T15:11:08.863140693Z
01JZWWRZPDWP3SXKF81M54CBSH,01JZWW44AHM19FWXTBHEMGXGBF,2025-07-11T14:03:38.061182696Z,01JZWW44BD8A21AGPZM2TQJBZG,2025-07-11T14:03:38.061182696Z,01JZWWERC6HG3T5784JFB8SC40,2025-07-11T14:03:38.061182696Z,01JZWWHMJPG35GBE00KK9QNWBG,2025-07-11T14:03:38.061182696Z
01JZWY7JCXN893H9GTQV9FBTB9,01JZWXSR4WAQFD4E83QZ4N556R,2025-07-11T14:29:04.541247252Z,01JZWXSR5K1BFQZY0JR93JV03Z,2025-07-11T14:29:04.541247252Z,01JZWXPEZV0NSNXZ4572VJDSHE,2025-07-11T14:29:04.541247252Z,01JZWY5Q9MWWDVSBXCZPY2K825,2025-07-11T14:29:04.541247252Z
01JZWZ8KNRY3HH24CXRWBPZGMJ,01JZWYF8PSTC3MD665G08C279V,2025-07-11T14:47:07.192254516Z,01JZWYF8QEVZCXBEEFXT175NAZ,2025-07-11T14:47:07.192254516Z,01JZWYRN048ZZT17EDY2PRE9RS,2025-07-11T14:47:07.192254516Z,01JZWZ18EWP71JVFSGZP2KZQKH,2025-07-11T14:47:07.192254516Z
01JZX2S3BHYS8ZK0TMZ7MTSFW4,01JZX2Q8NE23HKD8VQ99SRTJYV,2025-07-11T15:48:33.265470795Z,01JZX2Q8PA625KPVRQHTPPKHMT,2025-07-11T15:48:33.265470795Z,01JZX2RQPGT7HNX13ZRW1JRV6R,2025-07-11T15:48:33.265470795Z,01JZX2S2HAANAC75B1N13P4KYH,2025-07-11T15:48:33.265470795Z
01JZWZ18T146RR51EJYK8DH2FB,01JZWYF8PSTC3MD665G08C279V,2025-07-11T14:43:06.689386705Z,01JZWYF8QEVZCXBEEFXT175NAZ,2025-07-11T14:43:06.689386705Z,01JZWZ16CM755GDDMY2XF416AS,2025-07-11T14:43:06.689386705Z,01JZWZ18EC5HV3Q9WDJTBTJ712,2025-07-11T14:43:06.689386705Z
01JZWZ8XJPZPJ13GWRRCKZHDMC,01JZWYF8PSTC3MD665G08C279V,2025-07-11T14:47:17.334964309Z,01JZWYF8QEVZCXBEEFXT175NAZ,2025-07-11T14:47:17.334964309Z,01JZWYSNVH4MZGWJAHSWQQSMA2,2025-07-11T14:47:17.334964309Z,01JZWZ18EYBZ6RP1HB6ZQNDWXX,2025-07-11T14:47:17.334964309Z
01JZX09EFYNG7115WJEVCDQNXP,01JZWZTZW2BD5NR7YNCT6FCF8T,2025-07-11T15:05:03.230582285Z,01JZWZTZWTBGJSFEYPT1TK9JNM,2025-07-11T15:05:03.230582285Z,01JZWZQ65JYV89FXKRYZPSTQS3,2025-07-11T15:05:03.230582285Z,01JZX01ETD18KDPSCFCDNSQD6R,2025-07-11T15:05:03.230582285Z
01JZX2GKE3D8QKJC82TYC23PP9,01JZX22WSHHGWZTXFAP7TNYWAH,2025-07-11T15:43:54.81919732Z,01JZX22WTBDGZD62RTG7RWZ5GX,2025-07-11T15:43:54.81919732Z,01JZX2370CVEAGHEBXFKZ49KSG,2025-07-11T15:43:54.81919732Z,01JZX28XZ4CY5RBR3VM8ERATQ7,2025-07-11T15:43:54.81919732Z
01JZX04JFQ463DBDBWG2AJ29AQ,01JZWZMMD7C2XATM2SBH5GMN08,2025-07-11T15:02:23.479476108Z,01JZWZMMDWT0YY5HX1X5C8Z68M,2025-07-11T15:02:23.479476108Z,01JZWZS08GZJGVRN5EZ0QNC1XX,2025-07-11T15:02:23.479476108Z,01JZWZWJJY4CV4YNRHERKB0GY1,2025-07-11T15:02:23.479476108Z
01JZX301Y8DW265HKCE06VN9AS,01JZX2H30Q9G2SN0SJRWQ2RGJE,2025-07-11T15:52:21.192725536Z,01JZX2H31TQX1PEB4DWYDPEN1M,2025-07-11T15:52:21.192725536Z,01JZX2PE1F4EBJ870JDP5QF065,2025-07-11T15:52:21.192725536Z,01JZX2RC88458X2PTAT53AS7T0,2025-07-11T15:52:21.192725536Z
01JZWWWTYBY8NS0QHRW9QR221S,01JZWW44AHM19FWXTBHEMGXGBF,2025-07-11T14:05:44.267575892Z,01JZWW44BJEYZBCTBDE78SP8GF,2025-07-11T14:05:44.267575892Z,01JZWWBPA4TT0JKHZVP62JDDZM,2025-07-11T14:05:44.267575892Z,01JZWWNFR5Z8REYW8AE2WX46ZV,2025-07-11T14:05:44.267575892Z
01JZWZ18SP6AQWAYVDF3YRJZ0W,01JZWYF8PSTC3MD665G08C279V,2025-07-11T14:43:06.678336012Z,01JZWYF8QEVZCXBEEFXT175NAZ,2025-07-11T14:43:06.678336012Z,01JZWYSNVH4MZGWJAHSWQQSMA2,2025-07-11T14:43:06.678336012Z,01JZWZ18EC5HV3Q9WDJTBTJ712,2025-07-11T14:43:06.678336012Z
01JZWZCYSAW4JD5S77Y40QJ75Y,01JZWYEZA0CJ8HHH1HTG07A8MJ,2025-07-11T14:49:29.642959834Z,01JZWYEZAFZ52M7WEAWMWVBBA0,2025-07-11T14:49:29.642959834Z,01JZWZ4G1CQK7Y00668RF4JP7N,2025-07-11T14:49:29.642959834Z,01JZWZB3SJ1R2AT09NF0ZVMH2N,2025-07-11T14:49:29.642959834Z
01JZWZVADDK9AW2KGYBEXJVZRN,01JZWZA6WB0JDAGV4PGBE2KD04,2025-07-11T14:57:20.301490155Z,01JZWZA6WZVH3TNF2YNV6JH9JY,2025-07-11T14:57:20.301490155Z,01JZWZFPFKKHBJFH32ZTREDFY3,2025-07-11T14:57:20.301490155Z,01JZWZKZ2WAZ1Z9H8KBXRZMFM2,2025-07-11T14:57:20.301490155Z
01JZWZB41F4PY7JCW961F9KJT3,01JZWYEZA0CJ8HHH1HTG07A8MJ,2025-07-11T14:48:29.487907668Z,01JZWYEZAFZ52M7WEAWMWVBBA0,2025-07-11T14:48:29.487907668Z,01JZWZ5C145VT6SB1ZM1R47633,2025-07-11T14:48:29.487907668Z,01JZWZB3SNY9GRA9BD0H241X1G,2025-07-11T14:48:29.487907668Z
01JZX0MKJBC97NSVKE7W9W5780,01JZX01RQ17SG6VS244N0MYW8M,2025-07-11T15:11:08.8753231Z,01JZX01RQWMMEZFDWFCEW25YYC,2025-07-11T15:11:08.8753231Z,01JZX05WANWX1P8C80DHGKS0W3,2025-07-11T15:11:08.8753231Z,01JZX0CY3548FJ7Y5A1523NZF8,2025-07-11T15:11:08.8753231Z
01JZWWX4VW49BB739RXVHWERH6,01JZWW44AHM19FWXTBHEMGXGBF,2025-07-11T14:05:54.428683301Z,01JZWW44BJEYZBCTBDE78SP8GF,2025-07-11T14:05:54.428683301Z,01JZWWNCJJPX9HM7RRAQW9XRBX,2025-07-11T14:05:54.428683301Z,01JZWWNFR3KDAVBA6DHWCWKN28,2025-07-11T14:05:54.428683301Z
01JZWXW2T23718WG66Z9CV9F4W,01JZWX3EJNF6FJ1Y2SFMW7K31D,2025-07-11T14:22:48.130900786Z,01JZWX3EKQ299J03E1G02M8JNK,2025-07-11T14:22:48.130900786Z,01JZWX6502S0CA4H9NMETDEVYN,2025-07-11T14:22:48.130900786Z,01JZWXT7PQFN74KM23JTXS9E29,2025-07-11T14:22:48.130900786Z
01JZWY26V5M5R95M116XYB9VDJ,01JZWX3EJNF6FJ1Y2SFMW7K31D,2025-07-11T14:26:08.869121074Z,01JZWX3EKQ299J03E1G02M8JNK,2025-07-11T14:26:08.869121074Z,01JZWXQTNAA54XT8WHWSHA2QGE,2025-07-11T14:26:08.869121074Z,01JZWXT7PP4ZFS8H3BCCDM0VP0,2025-07-11T14:26:08.869121074Z
01JZWZ8KP3B9S6BEKX89G3FWSV,01JZWYF8PSTC3MD665G08C279V,2025-07-11T14:47:07.203682552Z,01JZWYF8QEVZCXBEEFXT175NAZ,2025-07-11T14:47:07.203682552Z,01JZWZ16CM755GDDMY2XF416AS,2025-07-11T14:47:07.203682552Z,01JZWZ18EWP71JVFSGZP2KZQKH,2025-07-11T14:47:07.203682552Z
01JZX2CJF3JDW662NX4DR893C0,01JZX2211AEK9TJVT0CNA9PEFP,2025-07-11T15:41:42.755775862Z,01JZX2212BFA30WB2A037X5VVW,2025-07-11T15:41:42.755775862Z,01JZX1Z6R4MKXBKGPPCN8SFCT6,2025-07-11T15:41:42.755775862Z,01JZX24K2RTZASS3EEV7RS9FCA,2025-07-11T15:41:42.755775862Z
01JZWWNG1MXJJH9A95RHX0KCG3,01JZWW44AHM19FWXTBHEMGXGBF,2025-07-11T14:01:43.732179969Z,01JZWW44BJEYZBCTBDE78SP8GF,2025-07-11T14:01:43.732179969Z,01JZWWBPA4TT0JKHZVP62JDDZM,2025-07-11T14:01:43.732179969Z,01JZWWNFR0YV67A6HSR7PRKVG6,2025-07-11T14:01:43.732179969Z
01JZWYDCP86NDF07A9V2B5EBW7,01JZWXSR4WAQFD4E83QZ4N556R,2025-07-11T14:32:15.304073831Z,01JZWXSR5K1BFQZY0JR93JV03Z,2025-07-11T14:32:15.304073831Z,01JZWXQHKPA4X1WQ3R3Z7FMECR,2025-07-11T14:32:15.304073831Z,01JZWY5Q9QRAJP6XHNM5W05AQ2,2025-07-11T14:32:15.304073831Z
01JZWZKZGQZF5GWJYEDNK3MJV1,01JZWZA6WB0JDAGV4PGBE2KD04,2025-07-11T14:53:19.767526657Z,01JZWZA6WZVH3TNF2YNV6JH9JY,2025-07-11T14:53:19.767526657Z,01JZWZEZ8WPYYAJ9S9YEKRM77J,2025-07-11T14:53:19.767526657Z,01JZWZKZ2D6P1CHS8RD413NMAM,2025-07-11T14:53:19.767526657Z
01JZX0CYMTZDSVFZDNNW0T1DMT,01JZX01RQ17SG6VS244N0MYW8M,2025-07-11T15:06:58.074164987Z,01JZX01RQWMMEZFDWFCEW25YYC,2025-07-11T15:06:58.074164987Z,01JZX0C88J31VFPZ11Z6AKVTB2,2025-07-11T15:06:58.074164987Z,01JZX0CY2Q6SKBEFJSG6159CDH,2025-07-11T15:06:58.074164987Z
01JZX0MXH1ERWZJ1YVK2TBQ3QZ,01JZX01RQ17SG6VS244N0MYW8M,2025-07-11T15:11:19.073103747Z,01JZX01RQWMMEZFDWFCEW25YYC,2025-07-11T15:11:19.073103747Z,01JZX0C88J31VFPZ11Z6AKVTB2,2025-07-11T15:11:19.073103747Z,01JZX0CY3108GGH6QZKNYD3DH1,2025-07-11T15:11:19.073103747Z
01JZX17Q49AZHD7G9BC9MDB1WS,01JZX0EJC2BNT1Y92PBNN64QNM,2025-07-11T15:21:35.114023459Z,01JZX0EJCSWJJ7NMNA9BY9TMMP,2025-07-11T15:21:35.114023459Z,01JZX0QG2HMZG11N6MN6QE8308,2025-07-11T15:21:35.114023459Z,01JZX101TTCN7QV9J706Y2NEEP,2025-07-11T15:21:35.114023459Z
01JZX2G9G10R6Q1CWH12HKMGR5,01JZX22WSHHGWZTXFAP7TNYWAH,2025-07-11T15:43:44.641835813Z,01JZX22WTBDGZD62RTG7RWZ5GX,2025-07-11T15:43:44.641835813Z,01JZX2370CVEAGHEBXFKZ49KSG,2025-07-11T15:43:44.641835813Z,01JZX28XZC3MQ19Q363NVMRPWC,2025-07-11T15:43:44.641835813Z
01JZWWSZZ5JN3RB04779RN2YV6,01JZWW44AHM19FWXTBHEMGXGBF,2025-07-11T14:04:11.109381203Z,01JZWW44BKFZG5XQJNSM0R26CJ,2025-07-11T14:04:11.109381203Z,01JZWWQP40FZ95W7HWX3CAV2BH,2025-07-11T14:04:11.109381203Z,01JZWWSZQPQAMPW9XQFYTPBS3K,2025-07-11T14:04:11.109381203Z
01JZWXW1E09X4FHXDKCDB6M511,01JZWX3EJNF6FJ1Y2SFMW7K31D,2025-07-11T14:22:46.720174747Z,01JZWX3EKVAEHST0TJAX8RTB0R,2025-07-11T14:22:46.720174747Z,01JZWX76XWNV56TQHRGYB7GPVM,2025-07-11T14:22:46.720174747Z,01JZWXM282C6F5G55HRZBDJ69V,2025-07-11T14:22:46.720174747Z
01JZWZ8RVA1KKF8DYHFYGEKJCS,01JZWYF8PSTC3MD665G08C279V,2025-07-11T14:47:12.490860443Z,01JZWYF8QQMFZ1MWHEGJ0R4XXC,2025-07-11T14:47:12.490860443Z,01JZWYXDHCD5K14VM4PEH0P4XM,2025-07-11T14:47:12.490860443Z,01JZWZ0SNM44G7Q0DTB2K3K3AA,2025-07-11T14:47:12.490860443Z
01JZWZJRTWMBGE8AG4HXP354KH,01JZWYEZA0CJ8HHH1HTG07A8MJ,2025-07-11T14:52:40.156876655Z,01JZWYEZAFZ52M7WEAWMWVBBA0,2025-07-11T14:52:40.156876655Z,01JZWZB1F9JVC1EK55RQCCBPD5,2025-07-11T14:52:40.156876655Z,01JZWZB3SXEJ0M9WVJCS8P0EBE,2025-07-11T14:52:40.156876655Z
01JZWZVYB2WA7EME37AZSMZ8TR,01JZWZA6WB0JDAGV4PGBE2KD04,2025-07-11T14:57:40.706919822Z,01JZWZA6WZVH3TNF2YNV6JH9JY,2025-07-11T14:57:40.706919822Z,01JZWZFPFKKHBJFH32ZTREDFY3,2025-07-11T14:57:40.706919822Z,01JZWZKZ376BJ76HS5S760492G,2025-07-11T14:57:40.706919822Z
01JZX2CJFGB42EW7H23W7NENTZ,01JZX2211AEK9TJVT0CNA9PEFP,2025-07-11T15:41:42.768084259Z,01JZX2212BFA30WB2A037X5VVW,2025-07-11T15:41:42.768084259Z,01JZX20F3YCVFDF210AWWM3261,2025-07-11T15:41:42.768084259Z,01JZX24K2RTZASS3EEV7RS9FCA,2025-07-11T15:41:42.768084259Z
01JZX2RD14CFTBW1EPGCCWJP3P,01JZX2H30Q9G2SN0SJRWQ2RGJE,2025-07-11T15:48:10.404521685Z,01JZX2H31TQX1PEB4DWYDPEN1M,2025-07-11T15:48:10.404521685Z,01JZX2P7M7ZD3E8YMSMYHDJW8B,2025-07-11T15:48:10.404521685Z,01JZX2RC7PPPAR7MCV79FT6WCM,2025-07-11T15:48:10.404521685Z
01JZX102CXABQ3G7ZPK59ZXV4P,01JZX0EJC2BNT1Y92PBNN64QNM,2025-07-11T15:17:24.509091747Z,01JZX0EJCSWJJ7NMNA9BY9TMMP,2025-07-11T15:17:24.509091747Z,01JZX0FXTEC8BAQG9FXAAPP1G3,2025-07-11T15:17:24.509091747Z,01JZX101T6R09BX1ENBGHDRSTY,2025-07-11T15:17:24.509091747Z
01JZWWQAXRHX53JQ4DGKKPYYYE,01JZWW44AHM19FWXTBHEMGXGBF,2025-07-11T14:02:44.02442951Z,01JZWW44BJEYZBCTBDE78SP8GF,2025-07-11T14:02:44.02442951Z,01JZWWHESP5DM7NSJWE54W48GV,2025-07-11T14:02:44.02442951Z,01JZWWNFR46B0994K1KS6BZ66P,2025-07-11T14:02:44.02442951Z
01JZWXNXBP9Y43HYYJEHYR1P35,01JZWX3EJNF6FJ1Y2SFMW7K31D,2025-07-11T14:19:25.942317043Z,01JZWX3EKVAEHST0TJAX8RTB0R,2025-07-11T14:19:25.942317043Z,01JZWXJVD6FB7CXQH0SEEC5ARE,2025-07-11T14:19:25.942317043Z,01JZWXM27YZRT49DR9PCGRA9A0,2025-07-11T14:19:25.942317043Z
01JZWZ1A8DMFPERSX1YJE4E315,01JZWYF8PSTC3MD665G08C279V,2025-07-11T14:43:08.173704281Z,01JZWYF8QGXKN2CZV0RDSN4DZK,2025-07-11T14:43:08.173704281Z,01JZWYHZ2WNSSPQSQMJZZC49FA,2025-07-11T14:43:08.173704281Z,01JZWYZF5EEWN34CPZJPA9PYJF,2025-07-11T14:43:08.173704281Z
01JZWZ8XJTWQJXMYHYEGFDZRNK,01JZWYF8PSTC3MD665G08C279V,2025-07-11T14:47:17.33813078Z,01JZWYF8QEVZCXBEEFXT175NAZ,2025-07-11T14:47:17.33813078Z,01JZWYJJVPYK7CS4PN01ASXATM,2025-07-11T14:47:17.33813078Z,01JZWZ18EYBZ6RP1HB6ZQNDWXX,2025-07-11T14:47:17.33813078Z
01JZX0MKJ2AQBQNAWWA94NVV69,01JZX01RQ17SG6VS244N0MYW8M,2025-07-11T15:11:08.866943656Z,01JZX01RQWMMEZFDWFCEW25YYC,2025-07-11T15:11:08.866943656Z,01JZX0C88J31VFPZ11Z6AKVTB2,2025-07-11T15:11:08.866943656Z,01JZX0CY3548FJ7Y5A1523NZF8,2025-07-11T15:11:08.866943656Z
01JZX1811GGW0AFCB0GM093P01,01JZX0EJC2BNT1Y92PBNN64QNM,2025-07-11T15:21:45.264705928Z,01JZX0EJCSWJJ7NMNA9BY9TMMP,2025-07-11T15:21:45.264705928Z,01JZX0FXTEC8BAQG9FXAAPP1G3,2025-07-11T15:21:45.264705928Z,01JZX101TX4YATJEG89MJQGBXV,2025-07-11T15:21:45.264705928Z
01JZX26EG7XQKZPXJPVCYT2819,01JZX2211AEK9TJVT0CNA9PEFP,2025-07-11T15:38:22.087521861Z,01JZX2212BFA30WB2A037X5VVW,2025-07-11T15:38:22.087521861Z,01JZX20F3YCVFDF210AWWM3261,2025-07-11T15:38:22.087521861Z,01JZX24K348T2N6NEK4WS9VD7N,2025-07-11T15:38:22.087521861Z
01JZWWGNWP524V7JDADXY1Z938,01JZWW44AHM19FWXTBHEMGXGBF,2025-07-11T13:59:05.878653161Z,01JZWW44BJEYZBCTBDEK4Q79TP,2025-07-11T13:59:05.878653161Z,01JZWWCBTVC1CWRSWET92MMF3T,2025-07-11T13:59:05.878653161Z,01JZWWGNNQ3YJAE43WK0E6KTM9,2025-07-11T13:59:05.878653161Z
01JZWWRAXAA4PVYH0GSQ2PMJY5,01JZWW44AHM19FWXTBHEMGXGBF,2025-07-11T14:03:16.778159036Z,01JZWW44BJEYZBCTBDEK4Q79TP,2025-07-11T14:03:16.778159036Z,01JZWWA3663M33ZAT89S62YGKK,2025-07-11T14:03:16.778159036Z,01JZWWGNNXRZPRCTEWXTT0P1CH,2025-07-11T14:03:16.778159036Z
01JZWWREDNEGNNJ0XYPFHGR7VA,01JZWW44AHM19FWXTBHEMGXGBF,2025-07-11T14:03:20.373628829Z,01JZWW44BEQMSR3VMBGNDP631Z,2025-07-11T14:03:20.373628829Z,01JZWWAP76YF819Y40SQZJGTCA,2025-07-11T14:03:20.373628829Z,01JZWWH37ZXP83ZQDAPQHAR5VP,2025-07-11T14:03:20.373628829Z
01JZWWSZZ64YCDZ6WX27MFAKED,01JZWW44AHM19FWXTBHEMGXGBF,2025-07-11T14:04:11.110045042Z,01JZWW44BKFZG5XQJNSM0R26CJ,2025-07-11T14:04:11.110045042Z,01JZWWQJQ9D0R0KEG4FK11PNGA,2025-07-11T14:04:11.110045042Z,01JZWWSZQPQAMPW9XQFYTPBS3K,2025-07-11T14:04:11.110045042Z
01JZX22GGMFARFTKQWVS6SX2RW,01JZX1PFBBJ70ECNFY36CY6PZS,2025-07-11T15:36:13.076966357Z,01JZX1PFC8GTFQ985G5CCXBWPH,2025-07-11T15:36:13.076966357Z,01JZX1R4YP5HVEKA0XNA7TAFFS,2025-07-11T15:36:13.076966357Z,01JZX20N3NT40KKFFHHRRT778N,2025-07-11T15:36:13.076966357Z
01JZWX1YSP3P7JR5JT5MMQ431R,01JZWW44AHM19FWXTBHEMGXGBF,2025-07-11T14:08:32.054730291Z,01JZWW44BKFZG5XQJNSM0R26CJ,2025-07-11T14:08:32.054730291Z,01JZWWE32NW623X08JPM5C8MC1,2025-07-11T14:08:32.054730291Z,01JZWWSZQMSA1Y2JC6802614CH,2025-07-11T14:08:32.054730291Z
01JZWZ84WMD2EKHTQTQ5S2Z7X4,01JZWYF8PSTC3MD665G08C279V,2025-07-11T14:46:52.05241406Z,01JZWYF8QQMFZ1MWHEGJ0R4XXC,2025-07-11T14:46:52.05241406Z,01JZWYPEFWSWGBK5K3ZNX60FJM,2025-07-11T14:46:52.05241406Z,01JZWZ0SNH1PBR7ANC68C6X5QG,2025-07-11T14:46:52.05241406Z
01JZX09EFG7SVDHHF8DY0M6ABD,01JZWZTZW2BD5NR7YNCT6FCF8T,2025-07-11T15:05:03.216437478Z,01JZWZTZWTBGJSFEYPT1TK9JNM,2025-07-11T15:05:03.216437478Z,01JZWZYGS8TD1Z9W2K27NY68NW,2025-07-11T15:05:03.216437478Z,01JZX01ETD18KDPSCFCDNSQD6R,2025-07-11T15:05:03.216437478Z
01JZX1EV4WRKFE1YYAQ2A5QY87,01JZX0Z7FCWP1T7E04929MQ87K,2025-07-11T15:25:28.604049525Z,01JZX0Z7G62YA6P24E23JAGNYF,2025-07-11T15:25:28.604049525Z,01JZX19RZ6E0A52RBZ6MEZR0NS,2025-07-11T15:25:28.604049525Z,01JZX1CZRYBBW9VNHM3QSF1DVV,2025-07-11T15:25:28.604049525Z
01JZX17D77E6TBECK7HF6G314T,01JZX0EJC2BNT1Y92PBNN64QNM,2025-07-11T15:21:24.968011942Z,01JZX0EJCSWJJ7NMNA9BY9TMMP,2025-07-11T15:21:24.968011942Z,01JZX0QG2HMZG11N6MN6QE8308,2025-07-11T15:21:24.968011942Z,01JZX101TQC09D9CYJHV3N83CH,2025-07-11T15:21:24.968011942Z
01JZWZ84WHXTK0S6G8RQFJEHEF,01JZWYF8PSTC3MD665G08C279V,2025-07-11T14:46:52.049775737Z,01JZWYF8QQMFZ1MWHEGJ0R4XXC,2025-07-11T14:46:52.049775737Z,01JZWYY03K5MM20RZ37Z1W6C6B,2025-07-11T14:46:52.049775737Z,01JZWZ0SNH1PBR7ANC68C6X5QG,2025-07-11T14:46:52.049775737Z
01JZWZQF2K07VFTVMS4R7287X0,01JZWZA6WB0JDAGV4PGBE2KD04,2025-07-11T14:55:14.003673905Z,01JZWZA6X2XVW42HESAJGZ2NT6,2025-07-11T14:55:14.003673905Z,01JZWZD4VBRBGABXWJ5SZM7QQC,2025-07-11T14:55:14.003673905Z,01JZWZNKWVA1S52XFCYZDDQT72,2025-07-11T14:55:14.003673905Z
01JZX094GF6YS93TA5S4R6KK8J,01JZWZTZW2BD5NR7YNCT6FCF8T,2025-07-11T15:04:53.007803444Z,01JZWZTZWTBGJSFEYPT1TK9JNM,2025-07-11T15:04:53.007803444Z,01JZWZZVV3VNXKZKFP8JX4F8Z9,2025-07-11T15:04:53.007803444Z,01JZX01ETRN3XRFBZEGBHDE26Q,2025-07-11T15:04:53.007803444Z
01JZX0M9M1CBGH8N5TRY8FCY97,01JZX01RQ17SG6VS244N0MYW8M,2025-07-11T15:10:58.689306059Z,01JZX01RQWMMEZFDWFCEW25YYC,2025-07-11T15:10:58.689306059Z,01JZX0AM0A7E2BW5JWG405PW1B,2025-07-11T15:10:58.689306059Z,01JZX0CY390WRNDCCCCNHQAJ4M,2025-07-11T15:10:58.689306059Z
01JZWZK2RX4DKGR6VM6G4G0SCP,01JZWYEZA0CJ8HHH1HTG07A8MJ,2025-07-11T14:52:50.333183397Z,01JZWYEZAFZ52M7WEAWMWVBBA0,2025-07-11T14:52:50.333183397Z,01JZWZ5C145VT6SB1ZM1R47633,2025-07-11T14:52:50.333183397Z,01JZWZB3SST67XK2H2QHY5EV2Q,2025-07-11T14:52:50.333183397Z
01JZX3129HH1S1N7T4TSCJP4BK,01JZX2Q8NE23HKD8VQ99SRTJYV,2025-07-11T15:52:54.322026731Z,01JZX2Q8PA625KPVRQHTPPKHMT,2025-07-11T15:52:54.322026731Z,01JZX2RQPGT7HNX13ZRW1JRV6R,2025-07-11T15:52:54.322026731Z,01JZX2S2JEB18HERDCYWSGB26W,2025-07-11T15:52:54.322026731Z
01JZWWJYAZ6TMT9FS6RKXPXXYM,01JZWW44AHM19FWXTBHEMGXGBF,2025-07-11T14:00:20.063748236Z,01JZWW44BEQMSR3VMBGNDP631Z,2025-07-11T14:00:20.063748236Z,01JZWW9J31Z5XM2TY58B756YXT,2025-07-11T14:00:20.063748236Z,01JZWWH37WTAJ2KNTGJ6TB0BWK,2025-07-11T14:00:20.063748236Z
01JZWWR0ZNBMH6PQVF0PV19RHP,01JZWW44AHM19FWXTBHEMGXGBF,2025-07-11T14:03:06.613833202Z,01JZWW44BJEYZBCTBDEK4Q79TP,2025-07-11T14:03:06.613833202Z,01JZWWA3663M33ZAT89S62YGKK,2025-07-11T14:03:06.613833202Z,01JZWWGNNWMTG1AKQANACQWVD0,2025-07-11T14:03:06.613833202Z
01JZWWVTT5W81HNV3GGG8PVHSQ,01JZWW44AHM19FWXTBHEMGXGBF,2025-07-11T14:05:11.365576582Z,01JZWW44BKFZG5XQJNSM0R26CJ,2025-07-11T14:05:11.365576582Z,01JZWWQP40FZ95W7HWX3CAV2BH,2025-07-11T14:05:11.365576582Z,01JZWWSZQJKE1ZFAK3G2YNM4Z7,2025-07-11T14:05:11.365576582Z
01JZWY26TWWBWNF4ATTSTBDXT7,01JZWX3EJNF6FJ1Y2SFMW7K31D,2025-07-11T14:26:08.860063214Z,01JZWX3EKQ299J03E1G02M8JNK,2025-07-11T14:26:08.860063214Z,01JZWX8M7BJJ1SF700GWCSN5Z7,2025-07-11T14:26:08.860063214Z,01JZWXT7PP4ZFS8H3BCCDM0VP0,2025-07-11T14:26:08.860063214Z
01JZWWKFJQR9TV06VRGTRDP6CM,01JZWW44AHM19FWXTBHEMGXGBF,2025-07-11T14:00:37.719728474Z,01JZWW44BD8A21AGPZM2TQJBZG,2025-07-11T14:00:37.719728474Z,01JZWWB2ZTDJ7KT1DWAPV75A3D,2025-07-11T14:00:37.719728474Z,01JZWWHMJXAM63MVF9NP16TXES,2025-07-11T14:00:37.719728474Z
01JZWWNG1Y19Z6C8ZQX26ZDNZD,01JZWW44AHM19FWXTBHEMGXGBF,2025-07-11T14:01:43.742370039Z,01JZWW44BJEYZBCTBDE78SP8GF,2025-07-11T14:01:43.742370039Z,01JZWWHESP5DM7NSJWE54W48GV,2025-07-11T14:01:43.742370039Z,01JZWWNFR0YV67A6HSR7PRKVG6,2025-07-11T14:01:43.742370039Z
01JZWZ33HM0AZWYCX275EVTD1Q,01JZWYF8PSTC3MD665G08C279V,2025-07-11T14:44:06.836841309Z,01JZWYF8QEVZCXBEEFXT175NAZ,2025-07-11T14:44:06.836841309Z,01JZWYJJVPYK7CS4PN01ASXATM,2025-07-11T14:44:06.836841309Z,01JZWZ18ERPJAG6Q0G2XZXD7YY,2025-07-11T14:44:06.836841309Z
01JZWZWZ78PD0VWSCBA1RR3H9H,01JZWZA6WB0JDAGV4PGBE2KD04,2025-07-11T14:58:14.376363148Z,01JZWZA6X2XVW42HESAJGZ2NT6,2025-07-11T14:58:14.376363148Z,01JZWZD4VBRBGABXWJ5SZM7QQC,2025-07-11T14:58:14.376363148Z,01JZWZNKX3N07185HJZSTVWP7J,2025-07-11T14:58:14.376363148Z
01JZWZ8EVYES27J5F921K99TA2,01JZWYF8PSTC3MD665G08C279V,2025-07-11T14:47:02.270683097Z,01JZWYF8QQMFZ1MWHEGJ0R4XXC,2025-07-11T14:47:02.270683097Z,01JZWYXDHCD5K14VM4PEH0P4XM,2025-07-11T14:47:02.270683097Z,01JZWZ0SNKDJH0SNFP81KEP5Y1,2025-07-11T14:47:02.270683097Z
01JZWZJRTHJ7VW8MXJBNQ4DSYA,01JZWYEZA0CJ8HHH1HTG07A8MJ,2025-07-11T14:52:40.145090951Z,01JZWYEZAFZ52M7WEAWMWVBBA0,2025-07-11T14:52:40.145090951Z,01JZWZ4G1CQK7Y00668RF4JP7N,2025-07-11T14:52:40.145090951Z,01JZWZB3SXEJ0M9WVJCS8P0EBE,2025-07-11T14:52:40.145090951Z
01JZX01FPH8EJ86N8X0P77YEXC,01JZWZTZW2BD5NR7YNCT6FCF8T,2025-07-11T15:00:42.32167945Z,01JZWZTZWTBGJSFEYPT1TK9JNM,2025-07-11T15:00:42.32167945Z,01JZWZQ65JYV89FXKRYZPSTQS3,2025-07-11T15:00:42.32167945Z,01JZX01ESY725ZM3VGT4FDGWZM,2025-07-11T15:00:42.32167945Z
01JZX11X4PEKDP0MAEQS2Z92WC,01JZX0EJC2BNT1Y92PBNN64QNM,2025-07-11T15:18:24.662525034Z,01JZX0EJCSWJJ7NMNA9BY9TMMP,2025-07-11T15:18:24.662525034Z,01JZX0QG2HMZG11N6MN6QE8308,2025-07-11T15:18:24.662525034Z,01JZX101TB5CGAHCJHSPSGKRKZ,2025-07-11T15:18:24.662525034Z
01JZWZXK45ABMDGBPQJRZ5ZKAC,01JZWZA6WB0JDAGV4PGBE2KD04,2025-07-11T14:58:34.757388089Z,01JZWZA6X2XVW42HESAJGZ2NT6,2025-07-11T14:58:34.757388089Z,01JZWZ414K1QYDEBFQ3B7BZYX0,2025-07-11T14:58:34.757388089Z,01JZWZNKXD57DTWXSG8QR5K32H,2025-07-11T14:58:34.757388089Z
01JZX0MXHGYBKY7QWK7GJQSWTE,01JZX01RQ17SG6VS244N0MYW8M,2025-07-11T15:11:19.08850412Z,01JZX01RQWMMEZFDWFCEW25YYC,2025-07-11T15:11:19.08850412Z,01JZX0AM0A7E2BW5JWG405PW1B,2025-07-11T15:11:19.08850412Z,01JZX0CY3108GGH6QZKNYD3DH1,2025-07-11T15:11:19.08850412Z
01JZX2BYK77M0BS69HXB55J4VR,01JZX2211AEK9TJVT0CNA9PEFP,2025-07-11T15:41:22.40757238Z,01JZX2212BFA30WB2A037X5VVW,2025-07-11T15:41:22.40757238Z,01JZX23VKWDBGJ83J12HGK60MX,2025-07-11T15:41:22.40757238Z,01JZX24K2DQ62BX8QGPD4MA8EY,2025-07-11T15:41:22.40757238Z
01JZX30BWHBM05NBA026DTMB95,01JZX2H30Q9G2SN0SJRWQ2RGJE,2025-07-11T15:52:31.377652255Z,01JZX2H31TQX1PEB4DWYDPEN1M,2025-07-11T15:52:31.377652255Z,01JZX2JWQHQFFXHF3QT48ANVSH,2025-07-11T15:52:31.377652255Z,01JZX2RC838EXFPG0PCH2JEEQZ,2025-07-11T15:52:31.377652255Z
01JZWWRZP6KFP5GNZAB4NRZZS7,01JZWW44AHM19FWXTBHEMGXGBF,2025-07-11T14:03:38.054908723Z,01JZWW44BD8A21AGPZM2TQJBZG,2025-07-11T14:03:38.054908723Z,01JZWWA6Z4HA5PJEX89BEXA2CE,2025-07-11T14:03:38.054908723Z,01JZWWHMJPG35GBE00KK9QNWBG,2025-07-11T14:03:38.054908723Z
01JZWXT81ZSBHFEFVXAJS950JH,01JZWX3EJNF6FJ1Y2SFMW7K31D,2025-07-11T14:21:47.967703998Z,01JZWX3EKQ299J03E1G02M8JNK,2025-07-11T14:21:47.967703998Z,01JZWX94CT6WKB6JQ2K9VR3ZPG,2025-07-11T14:21:47.967703998Z,01JZWXT7PK0WQDF15HK3GRP28Y,2025-07-11T14:21:47.967703998Z
01JZWZVYAKNFPMZZQ981Q2PJYS,01JZWZA6WB0JDAGV4PGBE2KD04,2025-07-11T14:57:40.691761295Z,01JZWZA6WZVH3TNF2YNV6JH9JY,2025-07-11T14:57:40.691761295Z,01JZWZEMKPQ3YT4DSMPK4Z03YC,2025-07-11T14:57:40.691761295Z,01JZWZKZ376BJ76HS5S760492G,2025-07-11T14:57:40.691761295Z
01JZWZX95M1GG3FJ1019VMVRZR,01JZWZA6WB0JDAGV4PGBE2KD04,2025-07-11T14:58:24.564867669Z,01JZWZA6X2XVW42HESAJGZ2NT6,2025-07-11T14:58:24.564867669Z,01JZWZ414K1QYDEBFQ3B7BZYX0,2025-07-11T14:58:24.564867669Z,01JZWZNKX6YMX0A3MZVCWF1EV5,2025-07-11T14:58:24.564867669Z
01JZWWHMV3061FVDR3CZ8ADSKQ,01JZWW44AHM19FWXTBHEMGXGBF,2025-07-11T13:59:37.571076248Z,01JZWW44BD8A21AGPZM2TQJBZG,2025-07-11T13:59:37.571076248Z,01JZWWERC6HG3T5784JFB8SC40,2025-07-11T13:59:37.571076248Z,01JZWWHMJKSMKRN7XX88QREE06,2025-07-11T13:59:37.571076248Z
01JZX28AJT9P4RTGGP38ZJGKT0,01JZX1PFBBJ70ECNFY36CY6PZS,2025-07-11T15:39:23.610237533Z,01JZX1PFC8GTFQ985G5CCXBWPH,2025-07-11T15:39:23.610237533Z,01JZX1T5AE357VKFEZS8W3QDRP,2025-07-11T15:39:23.610237533Z,01JZX20N42QMDS1BTRY5VH80ZR,2025-07-11T15:39:23.610237533Z
01JZWY5QMW9WC3QN7EY5C1X2N2,01JZWXSR4WAQFD4E83QZ4N556R,2025-07-11T14:28:04.380855912Z,01JZWXSR5K1BFQZY0JR93JV03Z,2025-07-11T14:28:04.380855912Z,01JZWXK0JMQJ82F58GAHSPCWG3,2025-07-11T14:28:04.380855912Z,01JZWY5Q9GBMYE7C64602E0EDS,2025-07-11T14:28:04.380855912Z
01JZX11X4VMKCG2RY25FA6TE8G,01JZX0EJC2BNT1Y92PBNN64QNM,2025-07-11T15:18:24.667491994Z,01JZX0EJCSWJJ7NMNA9BY9TMMP,2025-07-11T15:18:24.667491994Z,01JZX0GSK97NWAMWARPJJ0NPSW,2025-07-11T15:18:24.667491994Z,01JZX101TB5CGAHCJHSPSGKRKZ,2025-07-11T15:18:24.667491994Z
01JZX20NRV0JCJ8NBXKMHG415J,01JZX1PFBBJ70ECNFY36CY6PZS,2025-07-11T15:35:12.924006358Z,01JZX1PFC8GTFQ985G5CCXBWPH,2025-07-11T15:35:12.924006358Z,01JZX1WDV3P8QKVR6NYYESXCAJ,2025-07-11T15:35:12.924006358Z,01JZX20N3HSNNEXSE8FGEX4KZS,2025-07-11T15:35:12.924006358Z
01JZX301YGK5MH503X87FTG1WJ,01JZX2H30Q9G2SN0SJRWQ2RGJE,2025-07-11T15:52:21.200796283Z,01JZX2H31TQX1PEB4DWYDPEN1M,2025-07-11T15:52:21.200796283Z,01JZX2P7M7ZD3E8YMSMYHDJW8B,2025-07-11T15:52:21.200796283Z,01JZX2RC88458X2PTAT53AS7T0,2025-07-11T15:52:21.200796283Z
01JZWX1MVSGC2ZDBAENMD23BXA,01JZWW44AHM19FWXTBHEMGXGBF,2025-07-11T14:08:21.881078023Z,01JZWW44BKFZG5XQJNSM0R26CJ,2025-07-11T14:08:21.881078023Z,01JZWWE32NW623X08JPM5C8MC1,2025-07-11T14:08:21.881078023Z,01JZWWSZQYA46FB708CMPKT8FP,2025-07-11T14:08:21.881078023Z
01JZWXC8C4Y3A72PKXD2V45MFT,01JZWX3EJNF6FJ1Y2SFMW7K31D,2025-07-11T14:14:09.54085933Z,01JZWX3EKSQMF1295TSKJKEEN3,2025-07-11T14:14:09.54085933Z,01JZWXAP05PT0GY02W1QFXQR1K,2025-07-11T14:14:09.54085933Z,01JZWXC85HGM63NKY3TZ8JDQPP,2025-07-11T14:14:09.54085933Z
01JZWZ8RV54K5RSB4DENBW1Q0G,01JZWYF8PSTC3MD665G08C279V,2025-07-11T14:47:12.485043933Z,01JZWYF8QQMFZ1MWHEGJ0R4XXC,2025-07-11T14:47:12.485043933Z,01JZWYQ4NCRPVA3QHTDVYHAXZT,2025-07-11T14:47:12.485043933Z,01JZWZ0SNM44G7Q0DTB2K3K3AA,2025-07-11T14:47:12.485043933Z
01JZWZNT85HJKQ2J5SN3658ST2,01JZWZA6WB0JDAGV4PGBE2KD04,2025-07-11T14:54:19.909807536Z,01JZWZA6WZVH3TNF2YNV6JH9JY,2025-07-11T14:54:19.909807536Z,01JZWZEWTVCWXK1NTXNJNQAESA,2025-07-11T14:54:19.909807536Z,01JZWZKZ2NBDZ1AD8DCAJZV3X7,2025-07-11T14:54:19.909807536Z
01JZX24KRCTG6R42E14JMNMEEQ,01JZX2211AEK9TJVT0CNA9PEFP,2025-07-11T15:37:21.933026354Z,01JZX2212BFA30WB2A037X5VVW,2025-07-11T15:37:21.933026354Z,01JZX20F3YCVFDF210AWWM3261,2025-07-11T15:37:21.933026354Z,01JZX24K225741Z8TJR1BMSJ3W,2025-07-11T15:37:21.933026354Z
01JZWXVDGTWVWZSKYCQREE6P3C,01JZWX3EJNF6FJ1Y2SFMW7K31D,2025-07-11T14:22:26.33043234Z,01JZWX3EKVAEHST0TJAX8RTB0R,2025-07-11T14:22:26.33043234Z,01JZWXC7EY7Y5APFGPXBC5AK0K,2025-07-11T14:22:26.33043234Z,01JZWXM280TN094X2X7E10RAZM,2025-07-11T14:22:26.33043234Z
01JZWXVDH0GJX341CHN3T2KMR5,01JZWX3EJNF6FJ1Y2SFMW7K31D,2025-07-11T14:22:26.33641698Z,01JZWX3EKVAEHST0TJAX8RTB0R,2025-07-11T14:22:26.33641698Z,01JZWX83CABMEDNJER2FHXBN2K,2025-07-11T14:22:26.33641698Z,01JZWXM280TN094X2X7E10RAZM,2025-07-11T14:22:26.33641698Z
01JZWZ97HSFJ69D7XK465NEY5S,01JZWYF8PSTC3MD665G08C279V,2025-07-11T14:47:27.545864296Z,01JZWYF8QEVZCXBEEFXT175NAZ,2025-07-11T14:47:27.545864296Z,01JZWYJJVPYK7CS4PN01ASXATM,2025-07-11T14:47:27.545864296Z,01JZWZ18F1GW8RWPWZ5AKHSJ10,2025-07-11T14:47:27.545864296Z
01JZWZCYSMP5JD73NQH10KHVBH,01JZWYEZA0CJ8HHH1HTG07A8MJ,2025-07-11T14:49:29.652119032Z,01JZWYEZAFZ52M7WEAWMWVBBA0,2025-07-11T14:49:29.652119032Z,01JZWZB1F9JVC1EK55RQCCBPD5,2025-07-11T14:49:29.652119032Z,01JZWZB3SJ1R2AT09NF0ZVMH2N,2025-07-11T14:49:29.652119032Z
01JZWXW1E1K7EH0AJNA58ZCPC6,01JZWX3EJNF6FJ1Y2SFMW7K31D,2025-07-11T14:22:46.721921919Z,01JZWX3EKVAEHST0TJAX8RTB0R,2025-07-11T14:22:46.721921919Z,01JZWX83CABMEDNJER2FHXBN2K,2025-07-11T14:22:46.721921919Z,01JZWXM282C6F5G55HRZBDJ69V,2025-07-11T14:22:46.721921919Z
01JZWZ33HPMDVCFDQ0F3HHEZ7N,01JZWYF8PSTC3MD665G08C279V,2025-07-11T14:44:06.838292314Z,01JZWYF8QEVZCXBEEFXT175NAZ,2025-07-11T14:44:06.838292314Z,01JZWZ16CM755GDDMY2XF416AS,2025-07-11T14:44:06.838292314Z,01JZWZ18ERPJAG6Q0G2XZXD7YY,2025-07-11T14:44:06.838292314Z
01JZWZVAD8RQKZ57VQPVEDGSVH,01JZWZA6WB0JDAGV4PGBE2KD04,2025-07-11T14:57:20.296888489Z,01JZWZA6WZVH3TNF2YNV6JH9JY,2025-07-11T14:57:20.296888489Z,01JZWZH6TSCB3HW5Q2YF957624,2025-07-11T14:57:20.296888489Z,01JZWZKZ2WAZ1Z9H8KBXRZMFM2,2025-07-11T14:57:20.296888489Z
01JZWWJYB01XHX7ASA6AHKS8R2,01JZWW44AHM19FWXTBHEMGXGBF,2025-07-11T14:00:20.064722575Z,01JZWW44BEQMSR3VMBGNDP631Z,2025-07-11T14:00:20.064722575Z,01JZWWAFR4V89Y27MZTSTV5QQ9,2025-07-11T14:00:20.064722575Z,01JZWWH37WTAJ2KNTGJ6TB0BWK,2025-07-11T14:00:20.064722575Z
01JZWWR0ZV4X2RV9ZQGFRD40QF,01JZWW44AHM19FWXTBHEMGXGBF,2025-07-11T14:03:06.61903098Z,01JZWW44BJEYZBCTBDEK4Q79TP,2025-07-11T14:03:06.61903098Z,01JZWWF7C9HA4NYBQTZ4DM0R0A,2025-07-11T14:03:06.61903098Z,01JZWWGNNWMTG1AKQANACQWVD0,2025-07-11T14:03:06.61903098Z
01JZWWRRAPZWET062FSXKXE396,01JZWW44AHM19FWXTBHEMGXGBF,2025-07-11T14:03:30.518303042Z,01JZWW44BEQMSR3VMBGNDP631Z,2025-07-11T14:03:30.518303042Z,01JZWWE57E4VHQQB666DQGE5AV,2025-07-11T14:03:30.518303042Z,01JZWWH37STC557AK6MF9QZE2Z,2025-07-11T14:03:30.518303042Z
01JZWWXESH9PE71FXYD8P1CSY4,01JZWW44AHM19FWXTBHEMGXGBF,2025-07-11T14:06:04.593349023Z,01JZWW44BJEYZBCTBDE78SP8GF,2025-07-11T14:06:04.593349023Z,01JZWWHESP5DM7NSJWE54W48GV,2025-07-11T14:06:04.593349023Z,01JZWWNFR84PZZ62ZKJDZF4QCN,2025-07-11T14:06:04.593349023Z
01JZWXVDH1223XVXZN8ZHBV7JD,01JZWX3EJNF6FJ1Y2SFMW7K31D,2025-07-11T14:22:26.33755045Z,01JZWX3EKVAEHST0TJAX8RTB0R,2025-07-11T14:22:26.33755045Z,01JZWX9RXMD0SYJ27NVMKHR6FH,2025-07-11T14:22:26.33755045Z,01JZWXM280TN094X2X7E10RAZM,2025-07-11T14:22:26.33755045Z
01JZWZYE7R9MD9TTXSNK62JJA4,01JZWZMMD7C2XATM2SBH5GMN08,2025-07-11T14:59:02.520485461Z,01JZWZMMDWT0YY5HX1X5C8Z68M,2025-07-11T14:59:02.520485461Z,01JZWZTFM8GG9V28TAD9W5EXGE,2025-07-11T14:59:02.520485461Z,01JZWZWJJJEJDHMS6PGWBY16V8,2025-07-11T14:59:02.520485461Z
01JZWWNG1S26RDMCF0N5WMBAVT,01JZWW44AHM19FWXTBHEMGXGBF,2025-07-11T14:01:43.737947953Z,01JZWW44BJEYZBCTBDE78SP8GF,2025-07-11T14:01:43.737947953Z,01JZWWHEEDQG0FKR77V6835NWY,2025-07-11T14:01:43.737947953Z,01JZWWNFR0YV67A6HSR7PRKVG6,2025-07-11T14:01:43.737947953Z
01JZWX1AXR5SM8PYGDV30FF61A,01JZWW44AHM19FWXTBHEMGXGBF,2025-07-11T14:08:11.704654577Z,01JZWW44BKFZG5XQJNSM0R26CJ,2025-07-11T14:08:11.704654577Z,01JZWWE32NW623X08JPM5C8MC1,2025-07-11T14:08:11.704654577Z,01JZWWSZQSJZ8EB75X8JNB5297,2025-07-11T14:08:11.704654577Z
01JZWX1MVN0S9TVDZC8EYVVY5A,01JZWW44AHM19FWXTBHEMGXGBF,2025-07-11T14:08:21.877768965Z,01JZWW44BKFZG5XQJNSM0R26CJ,2025-07-11T14:08:21.877768965Z,01JZWWCTC46AK32XBBAE4G0JMD,2025-07-11T14:08:21.877768965Z,01JZWWSZQYA46FB708CMPKT8FP,2025-07-11T14:08:21.877768965Z
01JZWXT81W1MKAJ7C03VA1RHDF,01JZWX3EJNF6FJ1Y2SFMW7K31D,2025-07-11T14:21:47.964058299Z,01JZWX3EKQ299J03E1G02M8JNK,2025-07-11T14:21:47.964058299Z,01JZWX710QKKF8CDEBM55SKW3K,2025-07-11T14:21:47.964058299Z,01JZWXT7PK0WQDF15HK3GRP28Y,2025-07-11T14:21:47.964058299Z
01JZWX1AXTPP5T3SY412EBFER4,01JZWW44AHM19FWXTBHEMGXGBF,2025-07-11T14:08:11.706208598Z,01JZWW44BKFZG5XQJNSM0R26CJ,2025-07-11T14:08:11.706208598Z,01JZWWQJQ9D0R0KEG4FK11PNGA,2025-07-11T14:08:11.706208598Z,01JZWWSZQSJZ8EB75X8JNB5297,2025-07-11T14:08:11.706208598Z
01JZWZKZGDHZFSCVJWSKKD86FG,01JZWZA6WB0JDAGV4PGBE2KD04,2025-07-11T14:53:19.757827082Z,01JZWZA6WZVH3TNF2YNV6JH9JY,2025-07-11T14:53:19.757827082Z,01JZWZEMQXCT8RJEC3CNBJTQ8W,2025-07-11T14:53:19.757827082Z,01JZWZKZ2D6P1CHS8RD413NMAM,2025-07-11T14:53:19.757827082Z
01JZX17D74FTC8AJEDJ271P679,01JZX0EJC2BNT1Y92PBNN64QNM,2025-07-11T15:21:24.964202419Z,01JZX0EJCSWJJ7NMNA9BY9TMMP,2025-07-11T15:21:24.964202419Z,01JZX0FXTEC8BAQG9FXAAPP1G3,2025-07-11T15:21:24.964202419Z,01JZX101TQC09D9CYJHV3N83CH,2025-07-11T15:21:24.964202419Z
01JZWZQF267HE7YA0M41DN83C1,01JZWZA6WB0JDAGV4PGBE2KD04,2025-07-11T14:55:13.990772715Z,01JZWZA6X2XVW42HESAJGZ2NT6,2025-07-11T14:55:13.990772715Z,01JZWZJ0KXQ53DRGDZ8ETXZRC8,2025-07-11T14:55:13.990772715Z,01JZWZNKWVA1S52XFCYZDDQT72,2025-07-11T14:55:13.990772715Z
01JZX08TJTEEYKZMNSKDW7Q5AW,01JZWZTZW2BD5NR7YNCT6FCF8T,2025-07-11T15:04:42.842424008Z,01JZWZTZWTBGJSFEYPT1TK9JNM,2025-07-11T15:04:42.842424008Z,01JZWZQ65JYV89FXKRYZPSTQS3,2025-07-11T15:04:42.842424008Z,01JZX01ET4VD6BH7V7BVCYRYZ3,2025-07-11T15:04:42.842424008Z
01JZX1MN41YKCW3QV6FSQ3B9KH,01JZX0Z7FCWP1T7E04929MQ87K,2025-07-11T15:28:39.041803565Z,01JZX0Z7G62YA6P24E23JAGNYF,2025-07-11T15:28:39.041803565Z,01JZX1578P8A2EXR8HKFCR76P7,2025-07-11T15:28:39.041803565Z,01JZX1CZS82Q2VEVHP4QK2VD5R,2025-07-11T15:28:39.041803565Z
01JZWWR0ZR3GWHN30MVYS1ZNYD,01JZWW44AHM19FWXTBHEMGXGBF,2025-07-11T14:03:06.61662915Z,01JZWW44BJEYZBCTBDEK4Q79TP,2025-07-11T14:03:06.61662915Z,01JZWWB1A2PN41PB6JCSW33Q37,2025-07-11T14:03:06.61662915Z,01JZWWGNNWMTG1AKQANACQWVD0,2025-07-11T14:03:06.61662915Z
01JZWZ748ZBANEKJD83TYAKDFC,01JZWYF8PSTC3MD665G08C279V,2025-07-11T14:46:18.655202141Z,01JZWYF8QGXKN2CZV0RDSN4DZK,2025-07-11T14:46:18.655202141Z,01JZWYS3W20EF8JYB6XR44JNC6,2025-07-11T14:46:18.655202141Z,01JZWYZF5SDMRPKRA3VBGX8VPZ,2025-07-11T14:46:18.655202141Z
01JZWZ8XJW29EHF626B57464JT,01JZWYF8PSTC3MD665G08C279V,2025-07-11T14:47:17.340633979Z,01JZWYF8QEVZCXBEEFXT175NAZ,2025-07-11T14:47:17.340633979Z,01JZWYH9TKSXJW5786Q978C8Y0,2025-07-11T14:47:17.340633979Z,01JZWZ18EYBZ6RP1HB6ZQNDWXX,2025-07-11T14:47:17.340633979Z
01JZWZCYSPSE6NRKXZ8DJQCAYV,01JZWYEZA0CJ8HHH1HTG07A8MJ,2025-07-11T14:49:29.65458424Z,01JZWYEZAFZ52M7WEAWMWVBBA0,2025-07-11T14:49:29.65458424Z,01JZWZ3P36DRC7R79B7MD39946,2025-07-11T14:49:29.65458424Z,01JZWZB3SJ1R2AT09NF0ZVMH2N,2025-07-11T14:49:29.65458424Z
01JZX04JFAN6D0CRESYTW8ZFNJ,01JZWZMMD7C2XATM2SBH5GMN08,2025-07-11T15:02:23.467053046Z,01JZWZMMDWT0YY5HX1X5C8Z68M,2025-07-11T15:02:23.467053046Z,01JZWZTFM8GG9V28TAD9W5EXGE,2025-07-11T15:02:23.467053046Z,01JZWZWJJY4CV4YNRHERKB0GY1,2025-07-11T15:02:23.467053046Z
01JZWXVQEX67YH0158ZH5ABC5X,01JZWX3EJNF6FJ1Y2SFMW7K31D,2025-07-11T14:22:36.509182883Z,01JZWX3EKVAEHST0TJAX8RTB0R,2025-07-11T14:22:36.509182883Z,01JZWX83CABMEDNJER2FHXBN2K,2025-07-11T14:22:36.509182883Z,01JZWXM281AT7AQ3SY2RA6MCPC,2025-07-11T14:22:36.509182883Z
01JZWY26V4GH2KV91CGGQVH3MR,01JZWX3EJNF6FJ1Y2SFMW7K31D,2025-07-11T14:26:08.868151325Z,01JZWX3EKQ299J03E1G02M8JNK,2025-07-11T14:26:08.868151325Z,01JZWXAA1ZKVMWZ4HK4Q97E3N1,2025-07-11T14:26:08.868151325Z,01JZWXT7PP4ZFS8H3BCCDM0VP0,2025-07-11T14:26:08.868151325Z
01JZWZ0T1TJ56E1W928HNMSZNB,01JZWYF8PSTC3MD665G08C279V,2025-07-11T14:42:51.578156303Z,01JZWYF8QQMFZ1MWHEGJ0R4XXC,2025-07-11T14:42:51.578156303Z,01JZWYW8JH9ME15JRDW0SJ54M5,2025-07-11T14:42:51.578156303Z,01JZWZ0SNCP8DHY6SEFVAFZ6E2,2025-07-11T14:42:51.578156303Z
01JZWZ84WK1SC9KP8JXW9KNZVD,01JZWYF8PSTC3MD665G08C279V,2025-07-11T14:46:52.051310011Z,01JZWYF8QQMFZ1MWHEGJ0R4XXC,2025-07-11T14:46:52.051310011Z,01JZWYW8JH9ME15JRDW0SJ54M5,2025-07-11T14:46:52.051310011Z,01JZWZ0SNH1PBR7ANC68C6X5QG,2025-07-11T14:46:52.051310011Z
01JZWY7JCR5ABBGA8V7G6GB0KJ,01JZWXSR4WAQFD4E83QZ4N556R,2025-07-11T14:29:04.536474221Z,01JZWXSR5K1BFQZY0JR93JV03Z,2025-07-11T14:29:04.536474221Z,01JZWY1MY6NTRKV4PPXNRNZMYE,2025-07-11T14:29:04.536474221Z,01JZWY5Q9MWWDVSBXCZPY2K825,2025-07-11T14:29:04.536474221Z
01JZWZCYSDD5HMXWTXFMRHF71C,01JZWYEZA0CJ8HHH1HTG07A8MJ,2025-07-11T14:49:29.645908733Z,01JZWYEZAFZ52M7WEAWMWVBBA0,2025-07-11T14:49:29.645908733Z,01JZWZ6FT05MJ0JFE020KSSGW6,2025-07-11T14:49:29.645908733Z,01JZWZB3SJ1R2AT09NF0ZVMH2N,2025-07-11T14:49:29.645908733Z
01JZWZXK48SJA1QG57GABXK1DF,01JZWZA6WB0JDAGV4PGBE2KD04,2025-07-11T14:58:34.760251183Z,01JZWZA6X2XVW42HESAJGZ2NT6,2025-07-11T14:58:34.760251183Z,01JZWZJR5SF8K7KT213W4NDVMZ,2025-07-11T14:58:34.760251183Z,01JZWZNKXD57DTWXSG8QR5K32H,2025-07-11T14:58:34.760251183Z
01JZWWGNWNSNF5B1EWAVGDKQPV,01JZWW44AHM19FWXTBHEMGXGBF,2025-07-11T13:59:05.87735842Z,01JZWW44BJEYZBCTBDEK4Q79TP,2025-07-11T13:59:05.87735842Z,01JZWWB1A2PN41PB6JCSW33Q37,2025-07-11T13:59:05.87735842Z,01JZWWGNNQ3YJAE43WK0E6KTM9,2025-07-11T13:59:05.87735842Z
01JZWWRMW007NTNXHPKC3RY5NW,01JZWW44AHM19FWXTBHEMGXGBF,2025-07-11T14:03:26.976379135Z,01JZWW44BJEYZBCTBDEK4Q79TP,2025-07-11T14:03:26.976379135Z,01JZWWB1A2PN41PB6JCSW33Q37,2025-07-11T14:03:26.976379135Z,01JZWWGNNZWJVK67S4V1MN4ZN1,2025-07-11T14:03:26.976379135Z
01JZWWRRAPZWET062FT46P0WA7,01JZWW44AHM19FWXTBHEMGXGBF,2025-07-11T14:03:30.518606625Z,01JZWW44BEQMSR3VMBGNDP631Z,2025-07-11T14:03:30.518606625Z,01JZWWDCR6AAQ7DF8K6DPD7DVV,2025-07-11T14:03:30.518606625Z,01JZWWH37STC557AK6MF9QZE2Z,2025-07-11T14:03:30.518606625Z
01JZWY1JXR95HZ90KAB78AFHPV,01JZWX3EJNF6FJ1Y2SFMW7K31D,2025-07-11T14:25:48.472242119Z,01JZWX3EKQ299J03E1G02M8JNK,2025-07-11T14:25:48.472242119Z,01JZWX94CT6WKB6JQ2K9VR3ZPG,2025-07-11T14:25:48.472242119Z,01JZWXT7PSRRKTQEAGZP0M99EC,2025-07-11T14:25:48.472242119Z
01JZWX1AXM9FR7N4YFPB5TXGTE,01JZWW44AHM19FWXTBHEMGXGBF,2025-07-11T14:08:11.700848065Z,01JZWW44BKFZG5XQJNSM0R26CJ,2025-07-11T14:08:11.700848065Z,01JZWWCTC46AK32XBBAE4G0JMD,2025-07-11T14:08:11.700848065Z,01JZWWSZQSJZ8EB75X8JNB5297,2025-07-11T14:08:11.700848065Z
01JZWX1MVPWCQ3BJG3HCDMAP2N,01JZWW44AHM19FWXTBHEMGXGBF,2025-07-11T14:08:21.878860337Z,01JZWW44BKFZG5XQJNSM0R26CJ,2025-07-11T14:08:21.878860337Z,01JZWWAJ94Z968B8G8YE73JKMH,2025-07-11T14:08:21.878860337Z,01JZWWSZQYA46FB708CMPKT8FP,2025-07-11T14:08:21.878860337Z
01JZWY26TYT7MNEA6VH1R50J9V,01JZWX3EJNF6FJ1Y2SFMW7K31D,2025-07-11T14:26:08.86221444Z,01JZWX3EKQ299J03E1G02M8JNK,2025-07-11T14:26:08.86221444Z,01JZWX94CT6WKB6JQ2K9VR3ZPG,2025-07-11T14:26:08.86221444Z,01JZWXT7PP4ZFS8H3BCCDM0VP0,2025-07-11T14:26:08.86221444Z
01JZWZ8KNNEPHMGNSQMXCX2JAJ,01JZWYF8PSTC3MD665G08C279V,2025-07-11T14:47:07.189349492Z,01JZWYF8QEVZCXBEEFXT175NAZ,2025-07-11T14:47:07.189349492Z,01JZWYH9TKSXJW5786Q978C8Y0,2025-07-11T14:47:07.189349492Z,01JZWZ18EWP71JVFSGZP2KZQKH,2025-07-11T14:47:07.189349492Z
01JZWZKZGBWVC7YVF1QGZC0Z8K,01JZWZA6WB0JDAGV4PGBE2KD04,2025-07-11T14:53:19.755305157Z,01JZWZA6WZVH3TNF2YNV6JH9JY,2025-07-11T14:53:19.755305157Z,01JZWZEMKPQ3YT4DSMPK4Z03YC,2025-07-11T14:53:19.755305157Z,01JZWZKZ2D6P1CHS8RD413NMAM,2025-07-11T14:53:19.755305157Z
01JZWZNT8GQ95RDPPCFZC99XPP,01JZWZA6WB0JDAGV4PGBE2KD04,2025-07-11T14:54:19.920652373Z,01JZWZA6WZVH3TNF2YNV6JH9JY,2025-07-11T14:54:19.920652373Z,01JZWZH6TSCB3HW5Q2YF957624,2025-07-11T14:54:19.920652373Z,01JZWZKZ2NBDZ1AD8DCAJZV3X7,2025-07-11T14:54:19.920652373Z
01JZX0ESDF0KZRVG0MAXN4QN4X,01JZX01RQ17SG6VS244N0MYW8M,2025-07-11T15:07:58.255702221Z,01JZX01RQWMMEZFDWFCEW25YYC,2025-07-11T15:07:58.255702221Z,01JZX03MG8AQ0EZEZNHSZ7BYWK,2025-07-11T15:07:58.255702221Z,01JZX0CY3DVKE2CQGYCVF56S2C,2025-07-11T15:07:58.255702221Z
01JZWWH3K10DVAYGSSH9YYQWS9,01JZWW44AHM19FWXTBHEMGXGBF,2025-07-11T13:59:19.905164065Z,01JZWW44BEQMSR3VMBGNDP631Z,2025-07-11T13:59:19.905164065Z,01JZWW9J31Z5XM2TY58B756YXT,2025-07-11T13:59:19.905164065Z,01JZWWH37QH0B2RF8N9D7FT4QR,2025-07-11T13:59:19.905164065Z
01JZWWHMV20AYKNYZ519SMBNY9,01JZWW44AHM19FWXTBHEMGXGBF,2025-07-11T13:59:37.570359872Z,01JZWW44BD8A21AGPZM2TQJBZG,2025-07-11T13:59:37.570359872Z,01JZWWA6Z4HA5PJEX89BEXA2CE,2025-07-11T13:59:37.570359872Z,01JZWWHMJKSMKRN7XX88QREE06,2025-07-11T13:59:37.570359872Z
01JZWWJYB1T2DJXV4SH5XEB6G4,01JZWW44AHM19FWXTBHEMGXGBF,2025-07-11T14:00:20.065902131Z,01JZWW44BEQMSR3VMBGNDP631Z,2025-07-11T14:00:20.065902131Z,01JZWWE57E4VHQQB666DQGE5AV,2025-07-11T14:00:20.065902131Z,01JZWWH37WTAJ2KNTGJ6TB0BWK,2025-07-11T14:00:20.065902131Z
01JZWXW1DYNE4TT33AB6NTQRFZ,01JZWX3EJNF6FJ1Y2SFMW7K31D,2025-07-11T14:22:46.718734661Z,01JZWX3EKVAEHST0TJAX8RTB0R,2025-07-11T14:22:46.718734661Z,01JZWX9F6Q8VQ55W8RE32715X7,2025-07-11T14:22:46.718734661Z,01JZWXM282C6F5G55HRZBDJ69V,2025-07-11T14:22:46.718734661Z
01JZX3129QY6756XJFYCM9JHY1,01JZX2Q8NE23HKD8VQ99SRTJYV,2025-07-11T15:52:54.327667452Z,01JZX2Q8PA625KPVRQHTPPKHMT,2025-07-11T15:52:54.327667452Z,01JZX2Q3V5FT8XRA4B1X292G97,2025-07-11T15:52:54.327667452Z,01JZX2S2JEB18HERDCYWSGB26W,2025-07-11T15:52:54.327667452Z
01JZWXNXBMZBXKMAR739E3N838,01JZWX3EJNF6FJ1Y2SFMW7K31D,2025-07-11T14:19:25.940198898Z,01JZWX3EKVAEHST0TJAX8RTB0R,2025-07-11T14:19:25.940198898Z,01JZWXC7EY7Y5APFGPXBC5AK0K,2025-07-11T14:19:25.940198898Z,01JZWXM27YZRT49DR9PCGRA9A0,2025-07-11T14:19:25.940198898Z
01JZWZ748T47AEWJVQHQA5E464,01JZWYF8PSTC3MD665G08C279V,2025-07-11T14:46:18.65003905Z,01JZWYF8QGXKN2CZV0RDSN4DZK,2025-07-11T14:46:18.65003905Z,01JZWYJ28VW92PH36ZE0MQYAQ4,2025-07-11T14:46:18.65003905Z,01JZWYZF5SDMRPKRA3VBGX8VPZ,2025-07-11T14:46:18.65003905Z
01JZWZYE7Z0C578VDBQA20CR3Z,01JZWZMMD7C2XATM2SBH5GMN08,2025-07-11T14:59:02.527310317Z,01JZWZMMDWT0YY5HX1X5C8Z68M,2025-07-11T14:59:02.527310317Z,01JZWZS08GZJGVRN5EZ0QNC1XX,2025-07-11T14:59:02.527310317Z,01JZWZWJJJEJDHMS6PGWBY16V8,2025-07-11T14:59:02.527310317Z
01JZX2T7TK3A1YYJVK3WEERTN1,01JZX2H30Q9G2SN0SJRWQ2RGJE,2025-07-11T15:49:10.611690519Z,01JZX2H31TQX1PEB4DWYDPEN1M,2025-07-11T15:49:10.611690519Z,01JZX2JWQHQFFXHF3QT48ANVSH,2025-07-11T15:49:10.611690519Z,01JZX2RC7XJ52R835VRS2QQVX7,2025-07-11T15:49:10.611690519Z
01JZWWS2767826SPQ38HFW5R6R,01JZWW44AHM19FWXTBHEMGXGBF,2025-07-11T14:03:40.646910874Z,01JZWW44BEQMSR3VMBGNDP631Z,2025-07-11T14:03:40.646910874Z,01JZWW9J31Z5XM2TY58B756YXT,2025-07-11T14:03:40.646910874Z,01JZWWH38225Z2D70RY1WKAEXH,2025-07-11T14:03:40.646910874Z
01JZX1MN3QPMRWG686HEQT0F52,01JZX0Z7FCWP1T7E04929MQ87K,2025-07-11T15:28:39.031898074Z,01JZX0Z7G62YA6P24E23JAGNYF,2025-07-11T15:28:39.031898074Z,01JZX115S2HKJZB2JP8B84XHRQ,2025-07-11T15:28:39.031898074Z,01JZX1CZS82Q2VEVHP4QK2VD5R,2025-07-11T15:28:39.031898074Z
01JZX24KRK0J449EG581GCZQPT,01JZX2211AEK9TJVT0CNA9PEFP,2025-07-11T15:37:21.939451286Z,01JZX2212BFA30WB2A037X5VVW,2025-07-11T15:37:21.939451286Z,01JZX23VKWDBGJ83J12HGK60MX,2025-07-11T15:37:21.939451286Z,01JZX24K225741Z8TJR1BMSJ3W,2025-07-11T15:37:21.939451286Z
01JZWY5QMYP3ER6A8D751FNP99,01JZWXSR4WAQFD4E83QZ4N556R,2025-07-11T14:28:04.382661571Z,01JZWXSR5K1BFQZY0JR93JV03Z,2025-07-11T14:28:04.382661571Z,01JZWY1MY6NTRKV4PPXNRNZMYE,2025-07-11T14:28:04.382661571Z,01JZWY5Q9GBMYE7C64602E0EDS,2025-07-11T14:28:04.382661571Z
01JZWZ8EVRZKXP18ZGDGE2FQZR,01JZWYF8PSTC3MD665G08C279V,2025-07-11T14:47:02.264267781Z,01JZWYF8QQMFZ1MWHEGJ0R4XXC,2025-07-11T14:47:02.264267781Z,01JZWYW8JH9ME15JRDW0SJ54M5,2025-07-11T14:47:02.264267781Z,01JZWZ0SNKDJH0SNFP81KEP5Y1,2025-07-11T14:47:02.264267781Z
01JZWWGNWNSNF5B1EWB4CHPYZ3,01JZWW44AHM19FWXTBHEMGXGBF,2025-07-11T13:59:05.87787665Z,01JZWW44BJEYZBCTBDEK4Q79TP,2025-07-11T13:59:05.87787665Z,01JZWWA4RKN8NR8TMF653NA46W,2025-07-11T13:59:05.87787665Z,01JZWWGNNQ3YJAE43WK0E6KTM9,2025-07-11T13:59:05.87787665Z
01JZWWJYB38X6609Z3953B5AYB,01JZWW44AHM19FWXTBHEMGXGBF,2025-07-11T14:00:20.067781521Z,01JZWW44BEQMSR3VMBGNDP631Z,2025-07-11T14:00:20.067781521Z,01JZWWDVC12RZPS4PNHPMVM779,2025-07-11T14:00:20.067781521Z,01JZWWH37WTAJ2KNTGJ6TB0BWK,2025-07-11T14:00:20.067781521Z
01JZWWR0ZQN5KF3M88ZR1RR8T7,01JZWW44AHM19FWXTBHEMGXGBF,2025-07-11T14:03:06.615794587Z,01JZWW44BJEYZBCTBDEK4Q79TP,2025-07-11T14:03:06.615794587Z,01JZWWA4RKN8NR8TMF653NA46W,2025-07-11T14:03:06.615794587Z,01JZWWGNNWMTG1AKQANACQWVD0,2025-07-11T14:03:06.615794587Z
01JZWY1WW2401X34CEJV82Y0XK,01JZWX3EJNF6FJ1Y2SFMW7K31D,2025-07-11T14:25:58.658797485Z,01JZWX3EKQ299J03E1G02M8JNK,2025-07-11T14:25:58.658797485Z,01JZWXQTNAA54XT8WHWSHA2QGE,2025-07-11T14:25:58.658797485Z,01JZWXT7PRVAMFKD34VXFRJSH3,2025-07-11T14:25:58.658797485Z
01JZWWJYAYWZ3PY0XQMD4QW4PC,01JZWW44AHM19FWXTBHEMGXGBF,2025-07-11T14:00:20.062757313Z,01JZWW44BEQMSR3VMBGNDP631Z,2025-07-11T14:00:20.062757313Z,01JZWWAP76YF819Y40SQZJGTCA,2025-07-11T14:00:20.062757313Z,01JZWWH37WTAJ2KNTGJ6TB0BWK,2025-07-11T14:00:20.062757313Z
01JZWZ1A88FK4AVDERZK3SC6ED,01JZWYF8PSTC3MD665G08C279V,2025-07-11T14:43:08.168198966Z,01JZWYF8QGXKN2CZV0RDSN4DZK,2025-07-11T14:43:08.168198966Z,01JZWYS3W20EF8JYB6XR44JNC6,2025-07-11T14:43:08.168198966Z,01JZWYZF5EEWN34CPZJPA9PYJF,2025-07-11T14:43:08.168198966Z
01JZX22GGZNX4N0X9FWEN49458,01JZX1PFBBJ70ECNFY36CY6PZS,2025-07-11T15:36:13.087938228Z,01JZX1PFC8GTFQ985G5CCXBWPH,2025-07-11T15:36:13.087938228Z,01JZX1T5AE357VKFEZS8W3QDRP,2025-07-11T15:36:13.087938228Z,01JZX20N3NT40KKFFHHRRT778N,2025-07-11T15:36:13.087938228Z
01JZWZ18SXFCQC3SV86TSYKZ0Y,01JZWYF8PSTC3MD665G08C279V,2025-07-11T14:43:06.685850345Z,01JZWYF8QEVZCXBEEFXT175NAZ,2025-07-11T14:43:06.685850345Z,01JZWYJJVPYK7CS4PN01ASXATM,2025-07-11T14:43:06.685850345Z,01JZWZ18EC5HV3Q9WDJTBTJ712,2025-07-11T14:43:06.685850345Z
01JZX2TY469X97W28GB3TEQ8VX,01JZX2Q8NE23HKD8VQ99SRTJYV,2025-07-11T15:49:33.446257047Z,01JZX2Q8PA625KPVRQHTPPKHMT,2025-07-11T15:49:33.446257047Z,01JZX2RQPGT7HNX13ZRW1JRV6R,2025-07-11T15:49:33.446257047Z,01JZX2S2J7TFCPZGMKE77G6SNG,2025-07-11T15:49:33.446257047Z
01JZWXVQF2NHQ1WC3V38PHZD0G,01JZWX3EJNF6FJ1Y2SFMW7K31D,2025-07-11T14:22:36.514125663Z,01JZWX3EKVAEHST0TJAX8RTB0R,2025-07-11T14:22:36.514125663Z,01JZWX9RXMD0SYJ27NVMKHR6FH,2025-07-11T14:22:36.514125663Z,01JZWXM281AT7AQ3SY2RA6MCPC,2025-07-11T14:22:36.514125663Z
01JZWZ6TAA1C90HWJRDXBGDYY9,01JZWYF8PSTC3MD665G08C279V,2025-07-11T14:46:08.458469571Z,01JZWYF8QGXKN2CZV0RDSN4DZK,2025-07-11T14:46:08.458469571Z,01JZWYSR33WY234XPP56BN5W00,2025-07-11T14:46:08.458469571Z,01JZWYZF5MSFXMJD860G3R0M2E,2025-07-11T14:46:08.458469571Z
01JZX0ESDTN82NVYW44MD3XN0T,01JZX01RQ17SG6VS244N0MYW8M,2025-07-11T15:07:58.266840009Z,01JZX01RQWMMEZFDWFCEW25YYC,2025-07-11T15:07:58.266840009Z,01JZX0C88J31VFPZ11Z6AKVTB2,2025-07-11T15:07:58.266840009Z,01JZX0CY3DVKE2CQGYCVF56S2C,2025-07-11T15:07:58.266840009Z
01JZX20NS0AMVJKCFKM0EA33H3,01JZX1PFBBJ70ECNFY36CY6PZS,2025-07-11T15:35:12.928303456Z,01JZX1PFC8GTFQ985G5CCXBWPH,2025-07-11T15:35:12.928303456Z,01JZX1T5AE357VKFEZS8W3QDRP,2025-07-11T15:35:12.928303456Z,01JZX20N3HSNNEXSE8FGEX4KZS,2025-07-11T15:35:12.928303456Z
01JZWY7JCYNH633YJVCCYT0Q4N,01JZWXSR4WAQFD4E83QZ4N556R,2025-07-11T14:29:04.542628094Z,01JZWXSR5K1BFQZY0JR93JV03Z,2025-07-11T14:29:04.542628094Z,01JZWXV34EAFRZ69GSZWEZN8E5,2025-07-11T14:29:04.542628094Z,01JZWY5Q9MWWDVSBXCZPY2K825,2025-07-11T14:29:04.542628094Z
01JZWYDPKTXWJKN3A8A3X583C3,01JZWXSR4WAQFD4E83QZ4N556R,2025-07-11T14:32:25.46632888Z,01JZWXSR5K1BFQZY0JR93JV03Z,2025-07-11T14:32:25.46632888Z,01JZWY1MY6NTRKV4PPXNRNZMYE,2025-07-11T14:32:25.46632888Z,01JZWY5Q9WZFXXMVH8N2CSA26K,2025-07-11T14:32:25.46632888Z
01JZWZ8RVCW607Y5N9FV6JNYMC,01JZWYF8PSTC3MD665G08C279V,2025-07-11T14:47:12.492304506Z,01JZWYF8QQMFZ1MWHEGJ0R4XXC,2025-07-11T14:47:12.492304506Z,01JZWYXK9GBY6KHHKHPP39H1EW,2025-07-11T14:47:12.492304506Z,01JZWZ0SNM44G7Q0DTB2K3K3AA,2025-07-11T14:47:12.492304506Z
01JZX2GXC130M2CEQY9WEP7JQJ,01JZX22WSHHGWZTXFAP7TNYWAH,2025-07-11T15:44:04.993072508Z,01JZX22WTBDGZD62RTG7RWZ5GX,2025-07-11T15:44:04.993072508Z,01JZX24P3JFG03B7QE343A4FG5,2025-07-11T15:44:04.993072508Z,01JZX28XZ8Y8481VXB4Z20RT02,2025-07-11T15:44:04.993072508Z
01JZWWHMV5RHZRT2FJ7CEFYM4C,01JZWW44AHM19FWXTBHEMGXGBF,2025-07-11T13:59:37.57387926Z,01JZWW44BD8A21AGPZM2TQJBZG,2025-07-11T13:59:37.57387926Z,01JZWWB2ZTDJ7KT1DWAPV75A3D,2025-07-11T13:59:37.57387926Z,01JZWWHMJKSMKRN7XX88QREE06,2025-07-11T13:59:37.57387926Z
01JZWZVACHRXTFT6G9HMF46T50,01JZWZA6WB0JDAGV4PGBE2KD04,2025-07-11T14:57:20.273958188Z,01JZWZA6WZVH3TNF2YNV6JH9JY,2025-07-11T14:57:20.273958188Z,01JZWZEMKPQ3YT4DSMPK4Z03YC,2025-07-11T14:57:20.273958188Z,01JZWZKZ2WAZ1Z9H8KBXRZMFM2,2025-07-11T14:57:20.273958188Z
01JZX1D0DFZV0F0511TH3CG1AS,01JZX0Z7FCWP1T7E04929MQ87K,2025-07-11T15:24:28.464030721Z,01JZX0Z7G62YA6P24E23JAGNYF,2025-07-11T15:24:28.464030721Z,01JZX115S2HKJZB2JP8B84XHRQ,2025-07-11T15:24:28.464030721Z,01JZX1CZRRGP1X9JSRBXD2T141,2025-07-11T15:24:28.464030721Z
01JZX2ZQZKB0G2GAGTXFEWX0PN,01JZX2H30Q9G2SN0SJRWQ2RGJE,2025-07-11T15:52:10.995247065Z,01JZX2H31TQX1PEB4DWYDPEN1M,2025-07-11T15:52:10.995247065Z,01JZX2P7M7ZD3E8YMSMYHDJW8B,2025-07-11T15:52:10.995247065Z,01JZX2RC8DVJR6DCCPQXCFTZQF,2025-07-11T15:52:10.995247065Z
01JZWZ748XYMW9G2JVQ1KDP6VM,01JZWYF8PSTC3MD665G08C279V,2025-07-11T14:46:18.653473423Z,01JZWYF8QGXKN2CZV0RDSN4DZK,2025-07-11T14:46:18.653473423Z,01JZWYSR33WY234XPP56BN5W00,2025-07-11T14:46:18.653473423Z,01JZWYZF5SDMRPKRA3VBGX8VPZ,2025-07-11T14:46:18.653473423Z
01JZWZJEW4ZFFE99CE7VN1HP4J,01JZWYEZA0CJ8HHH1HTG07A8MJ,2025-07-11T14:52:29.956849597Z,01JZWYEZAFZ52M7WEAWMWVBBA0,2025-07-11T14:52:29.956849597Z,01JZWZ6FT05MJ0JFE020KSSGW6,2025-07-11T14:52:29.956849597Z,01JZWZB3T23YH30AXZDDGN2FN3,2025-07-11T14:52:29.956849597Z
01JZWZJRTTK2Q7NDKZ1BFTXH2F,01JZWYEZA0CJ8HHH1HTG07A8MJ,2025-07-11T14:52:40.154710049Z,01JZWYEZAFZ52M7WEAWMWVBBA0,2025-07-11T14:52:40.154710049Z,01JZWZ7H326HWH2E70V9SZCXKV,2025-07-11T14:52:40.154710049Z,01JZWZB3SXEJ0M9WVJCS8P0EBE,2025-07-11T14:52:40.154710049Z
01JZX2ZR004VRX2W8H89T0H21N,01JZX2H30Q9G2SN0SJRWQ2RGJE,2025-07-11T15:52:11.008530957Z,01JZX2H31TQX1PEB4DWYDPEN1M,2025-07-11T15:52:11.008530957Z,01JZX2PE1F4EBJ870JDP5QF065,2025-07-11T15:52:11.008530957Z,01JZX2RC8DVJR6DCCPQXCFTZQF,2025-07-11T15:52:11.008530957Z
01JZX0MKJK7XS46W7RT4M0T6FR,01JZX01RQ17SG6VS244N0MYW8M,2025-07-11T15:11:08.883314373Z,01JZX01RQWMMEZFDWFCEW25YYC,2025-07-11T15:11:08.883314373Z,01JZX0AM0A7E2BW5JWG405PW1B,2025-07-11T15:11:08.883314373Z,01JZX0CY3548FJ7Y5A1523NZF8,2025-07-11T15:11:08.883314373Z
01JZX2ASCP6XFKT87BYVNJBT21,01JZX22WSHHGWZTXFAP7TNYWAH,2025-07-11T15:40:44.310841829Z,01JZX22WTBDGZD62RTG7RWZ5GX,2025-07-11T15:40:44.310841829Z,01JZX2370CVEAGHEBXFKZ49KSG,2025-07-11T15:40:44.310841829Z,01JZX28XZ032N4NW2T2B7D472G,2025-07-11T15:40:44.310841829Z
01JZWWRRAE7RY3K9DACESZXKF1,01JZWW44AHM19FWXTBHEMGXGBF,2025-07-11T14:03:30.510837662Z,01JZWW44BEQMSR3VMBGNDP631Z,2025-07-11T14:03:30.510837662Z,01JZWWAFR4V89Y27MZTSTV5QQ9,2025-07-11T14:03:30.510837662Z,01JZWWH37STC557AK6MF9QZE2Z,2025-07-11T14:03:30.510837662Z
01JZWWS9JVYN7TZC7MMVWM3NEF,01JZWW44AHM19FWXTBHEMGXGBF,2025-07-11T14:03:48.187226657Z,01JZWW44BD8A21AGPZM2TQJBZG,2025-07-11T14:03:48.187226657Z,01JZWWBH4WB4XZDAMV7JJ8BHKJ,2025-07-11T14:03:48.187226657Z,01JZWWHMJW48VZ5FCTP9YA74XT,2025-07-11T14:03:48.187226657Z
01JZWXVQEZ0H33R4VESCJW7WC0,01JZWX3EJNF6FJ1Y2SFMW7K31D,2025-07-11T14:22:36.511700587Z,01JZWX3EKVAEHST0TJAX8RTB0R,2025-07-11T14:22:36.511700587Z,01JZWXJVD6FB7CXQH0SEEC5ARE,2025-07-11T14:22:36.511700587Z,01JZWXM281AT7AQ3SY2RA6MCPC,2025-07-11T14:22:36.511700587Z
01JZWZWKEZZ3MM1CHKKE5E43D3,01JZWZMMD7C2XATM2SBH5GMN08,2025-07-11T14:58:02.335712925Z,01JZWZMMDWT0YY5HX1X5C8Z68M,2025-07-11T14:58:02.335712925Z,01JZWZS08GZJGVRN5EZ0QNC1XX,2025-07-11T14:58:02.335712925Z,01JZWZWJJAEC46NHM4FRC2ND88,2025-07-11T14:58:02.335712925Z
01JZWZ7E60S2481S7HFDV98P9V,01JZWYF8PSTC3MD665G08C279V,2025-07-11T14:46:28.800331558Z,01JZWYF8QGXKN2CZV0RDSN4DZK,2025-07-11T14:46:28.800331558Z,01JZWYJ28VW92PH36ZE0MQYAQ4,2025-07-11T14:46:28.800331558Z,01JZWYZF5H31NS991KN75RDYV2,2025-07-11T14:46:28.800331558Z
01JZWZB414410VSS39DCM1ABKQ,01JZWYEZA0CJ8HHH1HTG07A8MJ,2025-07-11T14:48:29.476775647Z,01JZWYEZAFZ52M7WEAWMWVBBA0,2025-07-11T14:48:29.476775647Z,01JZWZ3P36DRC7R79B7MD39946,2025-07-11T14:48:29.476775647Z,01JZWZB3SNY9GRA9BD0H241X1G,2025-07-11T14:48:29.476775647Z
01JZWZWZ7R7Z1MPC18HZZ86H3E,01JZWZA6WB0JDAGV4PGBE2KD04,2025-07-11T14:58:14.392625114Z,01JZWZA6X2XVW42HESAJGZ2NT6,2025-07-11T14:58:14.392625114Z,01JZWZJMRCZ02XFXY60R46FFTN,2025-07-11T14:58:14.392625114Z,01JZWZNKX3N07185HJZSTVWP7J,2025-07-11T14:58:14.392625114Z
01JZX30EB9NHDVAP80ZR7FZB8S,01JZX2Q8NE23HKD8VQ99SRTJYV,2025-07-11T15:52:33.897343818Z,01JZX2Q8PA625KPVRQHTPPKHMT,2025-07-11T15:52:33.897343818Z,01JZX2RQPGT7HNX13ZRW1JRV6R,2025-07-11T15:52:33.897343818Z,01JZX2S2J0FRZ7D262NX78FA0K,2025-07-11T15:52:33.897343818Z
01JZX2TY3ZAN2MK5DEWBK9EAB9,01JZX2Q8NE23HKD8VQ99SRTJYV,2025-07-11T15:49:33.439491092Z,01JZX2Q8PA625KPVRQHTPPKHMT,2025-07-11T15:49:33.439491092Z,01JZX2Q3V5FT8XRA4B1X292G97,2025-07-11T15:49:33.439491092Z,01JZX2S2J7TFCPZGMKE77G6SNG,2025-07-11T15:49:33.439491092Z
01JZWXVQETWDRZ64AV4DA7DVWV,01JZWX3EJNF6FJ1Y2SFMW7K31D,2025-07-11T14:22:36.506257892Z,01JZWX3EKVAEHST0TJAX8RTB0R,2025-07-11T14:22:36.506257892Z,01JZWX76XWNV56TQHRGYB7GPVM,2025-07-11T14:22:36.506257892Z,01JZWXM281AT7AQ3SY2RA6MCPC,2025-07-11T14:22:36.506257892Z
01JZWZ0T1X8YT636G6K5Y6QK16,01JZWYF8PSTC3MD665G08C279V,2025-07-11T14:42:51.581499492Z,01JZWYF8QQMFZ1MWHEGJ0R4XXC,2025-07-11T14:42:51.581499492Z,01JZWYPEFWSWGBK5K3ZNX60FJM,2025-07-11T14:42:51.581499492Z,01JZWZ0SNCP8DHY6SEFVAFZ6E2,2025-07-11T14:42:51.581499492Z
01JZWZX964KMQBZG471Z1G03R1,01JZWZA6WB0JDAGV4PGBE2KD04,2025-07-11T14:58:24.580366794Z,01JZWZA6X2XVW42HESAJGZ2NT6,2025-07-11T14:58:24.580366794Z,01JZWZJR5SF8K7KT213W4NDVMZ,2025-07-11T14:58:24.580366794Z,01JZWZNKX6YMX0A3MZVCWF1EV5,2025-07-11T14:58:24.580366794Z
01JZX01FP146BFEPYD8C99M0V1,01JZWZTZW2BD5NR7YNCT6FCF8T,2025-07-11T15:00:42.305389928Z,01JZWZTZWTBGJSFEYPT1TK9JNM,2025-07-11T15:00:42.305389928Z,01JZWZYGS8TD1Z9W2K27NY68NW,2025-07-11T15:00:42.305389928Z,01JZX01ESY725ZM3VGT4FDGWZM,2025-07-11T15:00:42.305389928Z
01JZWXNXBHDN4XBEPQP005CYV3,01JZWX3EJNF6FJ1Y2SFMW7K31D,2025-07-11T14:19:25.938021481Z,01JZWX3EKVAEHST0TJAX8RTB0R,2025-07-11T14:19:25.938021481Z,01JZWX9F6Q8VQ55W8RE32715X7,2025-07-11T14:19:25.938021481Z,01JZWXM27YZRT49DR9PCGRA9A0,2025-07-11T14:19:25.938021481Z
01JZWXNXBSX6Q1DYS53QTJAVD3,01JZWX3EJNF6FJ1Y2SFMW7K31D,2025-07-11T14:19:25.945172849Z,01JZWX3EKVAEHST0TJAX8RTB0R,2025-07-11T14:19:25.945172849Z,01JZWX83CABMEDNJER2FHXBN2K,2025-07-11T14:19:25.945172849Z,01JZWXM27YZRT49DR9PCGRA9A0,2025-07-11T14:19:25.945172849Z
01JZWY7JCZ031A9A0G872HH3MC,01JZWXSR4WAQFD4E83QZ4N556R,2025-07-11T14:29:04.543936463Z,01JZWXSR5K1BFQZY0JR93JV03Z,2025-07-11T14:29:04.543936463Z,01JZWY1GAD9NGRAB8QHM4W7ANR,2025-07-11T14:29:04.543936463Z,01JZWY5Q9MWWDVSBXCZPY2K825,2025-07-11T14:29:04.543936463Z
01JZWWSKFVSW2F86F0AAP1BS3H,01JZWW44AHM19FWXTBHEMGXGBF,2025-07-11T14:03:58.3320573Z,01JZWW44BD8A21AGPZM2TQJBZG,2025-07-11T14:03:58.3320573Z,01JZWWDPT6NE7YE0PYT3SCM95Y,2025-07-11T14:03:58.3320573Z,01JZWWHMJVQSQXYVVK0JXH2P8X,2025-07-11T14:03:58.3320573Z
01JZWZ748P9NNXN40SXH5546QY,01JZWYF8PSTC3MD665G08C279V,2025-07-11T14:46:18.646466258Z,01JZWYF8QGXKN2CZV0RDSN4DZK,2025-07-11T14:46:18.646466258Z,01JZWYH11QXSTSDGZZ9F6Y22TB,2025-07-11T14:46:18.646466258Z,01JZWYZF5SDMRPKRA3VBGX8VPZ,2025-07-11T14:46:18.646466258Z
01JZWZVMCCGW87T4ER7RVQYZP0,01JZWZA6WB0JDAGV4PGBE2KD04,2025-07-11T14:57:30.508139378Z,01JZWZA6WZVH3TNF2YNV6JH9JY,2025-07-11T14:57:30.508139378Z,01JZWZFPFKKHBJFH32ZTREDFY3,2025-07-11T14:57:30.508139378Z,01JZWZKZ31F6GQF327MR06TRFR,2025-07-11T14:57:30.508139378Z
01JZWZ97HN0VE5W21Q50WFQPDN,01JZWYF8PSTC3MD665G08C279V,2025-07-11T14:47:27.541619448Z,01JZWYF8QEVZCXBEEFXT175NAZ,2025-07-11T14:47:27.541619448Z,01JZWZ16CM755GDDMY2XF416AS,2025-07-11T14:47:27.541619448Z,01JZWZ18F1GW8RWPWZ5AKHSJ10,2025-07-11T14:47:27.541619448Z
01JZWZXK4GG4HB6980HZW96GBN,01JZWZA6WB0JDAGV4PGBE2KD04,2025-07-11T14:58:34.768048869Z,01JZWZA6X2XVW42HESAJGZ2NT6,2025-07-11T14:58:34.768048869Z,01JZWZD4VBRBGABXWJ5SZM7QQC,2025-07-11T14:58:34.768048869Z,01JZWZNKXD57DTWXSG8QR5K32H,2025-07-11T14:58:34.768048869Z
01JZX2S3BQT44KJMDP6SHYKR16,01JZX2Q8NE23HKD8VQ99SRTJYV,2025-07-11T15:48:33.271413616Z,01JZX2Q8PA625KPVRQHTPPKHMT,2025-07-11T15:48:33.271413616Z,01JZX2QQ393NKZ1A2SDM3Q4S9N,2025-07-11T15:48:33.271413616Z,01JZX2S2HAANAC75B1N13P4KYH,2025-07-11T15:48:33.271413616Z
01JZWXVDGRWN2M3C55QC3FYPQ7,01JZWX3EJNF6FJ1Y2SFMW7K31D,2025-07-11T14:22:26.328950939Z,01JZWX3EKVAEHST0TJAX8RTB0R,2025-07-11T14:22:26.328950939Z,01JZWX76XWNV56TQHRGYB7GPVM,2025-07-11T14:22:26.328950939Z,01JZWXM280TN094X2X7E10RAZM,2025-07-11T14:22:26.328950939Z
01JZWYDPKNA13BS466BJ8VQ5PC,01JZWXSR4WAQFD4E83QZ4N556R,2025-07-11T14:32:25.461933078Z,01JZWXSR5K1BFQZY0JR93JV03Z,2025-07-11T14:32:25.461933078Z,01JZWXK0JMQJ82F58GAHSPCWG3,2025-07-11T14:32:25.461933078Z,01JZWY5Q9WZFXXMVH8N2CSA26K,2025-07-11T14:32:25.461933078Z
01JZWYZFH6KQ0KAZCTSKKMXQXW,01JZWYF8PSTC3MD665G08C279V,2025-07-11T14:42:08.038597573Z,01JZWYF8QGXKN2CZV0RDSN4DZK,2025-07-11T14:42:08.038597573Z,01JZWYSR33WY234XPP56BN5W00,2025-07-11T14:42:08.038597573Z,01JZWYZF5A5V4DRR5PK3TECR6T,2025-07-11T14:42:08.038597573Z
01JZWZ18SWWRMAEKYQ75KHT0A6,01JZWYF8PSTC3MD665G08C279V,2025-07-11T14:43:06.684253455Z,01JZWYF8QEVZCXBEEFXT175NAZ,2025-07-11T14:43:06.684253455Z,01JZWYRN048ZZT17EDY2PRE9RS,2025-07-11T14:43:06.684253455Z,01JZWZ18EC5HV3Q9WDJTBTJ712,2025-07-11T14:43:06.684253455Z
01JZWXM2M9S6BD0QDA28T462S1,01JZWX3EJNF6FJ1Y2SFMW7K31D,2025-07-11T14:18:25.801746913Z,01JZWX3EKVAEHST0TJAX8RTB0R,2025-07-11T14:18:25.801746913Z,01JZWX83CABMEDNJER2FHXBN2K,2025-07-11T14:18:25.801746913Z,01JZWXM27VRAS87C73Y0XYPMPK,2025-07-11T14:18:25.801746913Z
01JZWXVDH2HV2D74RXMN4AREPA,01JZWX3EJNF6FJ1Y2SFMW7K31D,2025-07-11T14:22:26.33845911Z,01JZWX3EKVAEHST0TJAX8RTB0R,2025-07-11T14:22:26.33845911Z,01JZWXJVD6FB7CXQH0SEEC5ARE,2025-07-11T14:22:26.33845911Z,01JZWXM280TN094X2X7E10RAZM,2025-07-11T14:22:26.33845911Z
01JZWYDCPD3R7YJB8KMTJ2EFFB,01JZWXSR4WAQFD4E83QZ4N556R,2025-07-11T14:32:15.309546483Z,01JZWXSR5K1BFQZY0JR93JV03Z,2025-07-11T14:32:15.309546483Z,01JZWXPEZV0NSNXZ4572VJDSHE,2025-07-11T14:32:15.309546483Z,01JZWY5Q9QRAJP6XHNM5W05AQ2,2025-07-11T14:32:15.309546483Z
01JZWZJRTSDMQVY1QC85NRKZ69,01JZWYEZA0CJ8HHH1HTG07A8MJ,2025-07-11T14:52:40.153055375Z,01JZWYEZAFZ52M7WEAWMWVBBA0,2025-07-11T14:52:40.153055375Z,01JZWZ6FT05MJ0JFE020KSSGW6,2025-07-11T14:52:40.153055375Z,01JZWZB3SXEJ0M9WVJCS8P0EBE,2025-07-11T14:52:40.153055375Z
01JZWZK2S283N7N5D5CXHJQ2ZT,01JZWYEZA0CJ8HHH1HTG07A8MJ,2025-07-11T14:52:50.338694096Z,01JZWYEZAFZ52M7WEAWMWVBBA0,2025-07-11T14:52:50.338694096Z,01JZWZ7H326HWH2E70V9SZCXKV,2025-07-11T14:52:50.338694096Z,01JZWZB3SST67XK2H2QHY5EV2Q,2025-07-11T14:52:50.338694096Z
01JZWZNT8DK3GVPP2JC4QASE4G,01JZWZA6WB0JDAGV4PGBE2KD04,2025-07-11T14:54:19.917682474Z,01JZWZA6WZVH3TNF2YNV6JH9JY,2025-07-11T14:54:19.917682474Z,01JZWZFPFKKHBJFH32ZTREDFY3,2025-07-11T14:54:19.917682474Z,01JZWZKZ2NBDZ1AD8DCAJZV3X7,2025-07-11T14:54:19.917682474Z
01JZWWGNWKF63VV58D95TQR76Y,01JZWW44AHM19FWXTBHEMGXGBF,2025-07-11T13:59:05.875032954Z,01JZWW44BJEYZBCTBDEK4Q79TP,2025-07-11T13:59:05.875032954Z,01JZWWF7C9HA4NYBQTZ4DM0R0A,2025-07-11T13:59:05.875032954Z,01JZWWGNNQ3YJAE43WK0E6KTM9,2025-07-11T13:59:05.875032954Z
01JZWXC8C7NKFN90HXKGATEE2H,01JZWX3EJNF6FJ1Y2SFMW7K31D,2025-07-11T14:14:09.543460901Z,01JZWX3EKSQMF1295TSKJKEEN3,2025-07-11T14:14:09.543460901Z,01JZWX5ZVE1J9A8P7S7967C695,2025-07-11T14:14:09.543460901Z,01JZWXC85HGM63NKY3TZ8JDQPP,2025-07-11T14:14:09.543460901Z
01JZWZ748KPMFN9C4MA6QB7928,01JZWYF8PSTC3MD665G08C279V,2025-07-11T14:46:18.643785599Z,01JZWYF8QGXKN2CZV0RDSN4DZK,2025-07-11T14:46:18.643785599Z,01JZWYH4PB2R8FYRP99C85DYW1,2025-07-11T14:46:18.643785599Z,01JZWYZF5SDMRPKRA3VBGX8VPZ,2025-07-11T14:46:18.643785599Z
01JZWZ8XJRHQMDDM07XHQX60C0,01JZWYF8PSTC3MD665G08C279V,2025-07-11T14:47:17.336821938Z,01JZWYF8QEVZCXBEEFXT175NAZ,2025-07-11T14:47:17.336821938Z,01JZWYRN048ZZT17EDY2PRE9RS,2025-07-11T14:47:17.336821938Z,01JZWZ18EYBZ6RP1HB6ZQNDWXX,2025-07-11T14:47:17.336821938Z
01JZWWREDHC1EQ3AZQAC6T28TP,01JZWW44AHM19FWXTBHEMGXGBF,2025-07-11T14:03:20.369631653Z,01JZWW44BEQMSR3VMBGNDP631Z,2025-07-11T14:03:20.369631653Z,01JZWW9J31Z5XM2TY58B756YXT,2025-07-11T14:03:20.369631653Z,01JZWWH37ZXP83ZQDAPQHAR5VP,2025-07-11T14:03:20.369631653Z
01JZWWS277H7SWH1ADBV2BNF7Z,01JZWW44AHM19FWXTBHEMGXGBF,2025-07-11T14:03:40.647677553Z,01JZWW44BEQMSR3VMBGNDP631Z,2025-07-11T14:03:40.647677553Z,01JZWWE57E4VHQQB666DQGE5AV,2025-07-11T14:03:40.647677553Z,01JZWWH38225Z2D70RY1WKAEXH,2025-07-11T14:03:40.647677553Z
01JZWYZFHH8KDNFAJK5FXTF69M,01JZWYF8PSTC3MD665G08C279V,2025-07-11T14:42:08.049981939Z,01JZWYF8QGXKN2CZV0RDSN4DZK,2025-07-11T14:42:08.049981939Z,01JZWYH11QXSTSDGZZ9F6Y22TB,2025-07-11T14:42:08.049981939Z,01JZWYZF5A5V4DRR5PK3TECR6T,2025-07-11T14:42:08.049981939Z
01JZX280N50KVCWRX27S2JM5TT,01JZX1PFBBJ70ECNFY36CY6PZS,2025-07-11T15:39:13.445452032Z,01JZX1PFC8GTFQ985G5CCXBWPH,2025-07-11T15:39:13.445452032Z,01JZX1T5AE357VKFEZS8W3QDRP,2025-07-11T15:39:13.445452032Z,01JZX20N3CWJE9180SPHTQXGZD,2025-07-11T15:39:13.445452032Z
01JZWZVMBZ3H2T8Z9KZEJVNZ9G,01JZWZA6WB0JDAGV4PGBE2KD04,2025-07-11T14:57:30.495578333Z,01JZWZA6WZVH3TNF2YNV6JH9JY,2025-07-11T14:57:30.495578333Z,01JZWZH6TSCB3HW5Q2YF957624,2025-07-11T14:57:30.495578333Z,01JZWZKZ31F6GQF327MR06TRFR,2025-07-11T14:57:30.495578333Z
01JZX2BYK0P4F19TFE8F9W96ZD,01JZX2211AEK9TJVT0CNA9PEFP,2025-07-11T15:41:22.400562128Z,01JZX2212BFA30WB2A037X5VVW,2025-07-11T15:41:22.400562128Z,01JZX1Z6R4MKXBKGPPCN8SFCT6,2025-07-11T15:41:22.400562128Z,01JZX24K2DQ62BX8QGPD4MA8EY,2025-07-11T15:41:22.400562128Z
01JZX2GXBVQCVNZ79220V5PKNX,01JZX22WSHHGWZTXFAP7TNYWAH,2025-07-11T15:44:04.987674146Z,01JZX22WTBDGZD62RTG7RWZ5GX,2025-07-11T15:44:04.987674146Z,01JZX25RR9XTNJ5XN6CJBSTD9C,2025-07-11T15:44:04.987674146Z,01JZX28XZ8Y8481VXB4Z20RT02,2025-07-11T15:44:04.987674146Z
01JZX2RD0XPPSDPBSE89WT3CXP,01JZX2H30Q9G2SN0SJRWQ2RGJE,2025-07-11T15:48:10.39773275Z,01JZX2H31TQX1PEB4DWYDPEN1M,2025-07-11T15:48:10.39773275Z,01JZX2PE1F4EBJ870JDP5QF065,2025-07-11T15:48:10.39773275Z,01JZX2RC7PPPAR7MCV79FT6WCM,2025-07-11T15:48:10.39773275Z
01JZWWKFJSFRBQQCXM605C9SYC,01JZWW44AHM19FWXTBHEMGXGBF,2025-07-11T14:00:37.722013576Z,01JZWW44BD8A21AGPZM2TQJBZG,2025-07-11T14:00:37.722013576Z,01JZWWERC6HG3T5784JFB8SC40,2025-07-11T14:00:37.722013576Z,01JZWWHMJXAM63MVF9NP16TXES,2025-07-11T14:00:37.722013576Z
01JZWZ2MT8A2D7ME8S62XGJBF7,01JZWYF8PSTC3MD665G08C279V,2025-07-11T14:43:51.752201352Z,01JZWYF8QQMFZ1MWHEGJ0R4XXC,2025-07-11T14:43:51.752201352Z,01JZWYW8JH9ME15JRDW0SJ54M5,2025-07-11T14:43:51.752201352Z,01JZWZ0SNFVX34XFYEMJAKCYQE,2025-07-11T14:43:51.752201352Z
01JZX03YMPF29251JQF8HFSGSN,01JZWZMMD7C2XATM2SBH5GMN08,2025-07-11T15:02:03.158846707Z,01JZWZMMDWT0YY5HX1X5C8Z68M,2025-07-11T15:02:03.158846707Z,01JZWZS08GZJGVRN5EZ0QNC1XX,2025-07-11T15:02:03.158846707Z,01JZWZWJJP205N1VPRQ0MNP9NQ,2025-07-11T15:02:03.158846707Z
01JZX2GKDR7FFQVR7N2VDYC03G,01JZX22WSHHGWZTXFAP7TNYWAH,2025-07-11T15:43:54.808862758Z,01JZX22WTBDGZD62RTG7RWZ5GX,2025-07-11T15:43:54.808862758Z,01JZX24P3JFG03B7QE343A4FG5,2025-07-11T15:43:54.808862758Z,01JZX28XZ4CY5RBR3VM8ERATQ7,2025-07-11T15:43:54.808862758Z
01JZX28MG4J7VBCR76H72Q7DPR,01JZX1PFBBJ70ECNFY36CY6PZS,2025-07-11T15:39:33.764901113Z,01JZX1PFC8GTFQ985G5CCXBWPH,2025-07-11T15:39:33.764901113Z,01JZX1R4YP5HVEKA0XNA7TAFFS,2025-07-11T15:39:33.764901113Z,01JZX20N3XSM4GDANTM9164Y9F,2025-07-11T15:39:33.764901113Z
01JZWWREDKB3N2A454QZ8916R9,01JZWW44AHM19FWXTBHEMGXGBF,2025-07-11T14:03:20.371257272Z,01JZWW44BEQMSR3VMBGNDP631Z,2025-07-11T14:03:20.371257272Z,01JZWWE57E4VHQQB666DQGE5AV,2025-07-11T14:03:20.371257272Z,01JZWWH37ZXP83ZQDAPQHAR5VP,2025-07-11T14:03:20.371257272Z
01JZWWS27BHVXHH7YKME5B7VWX,01JZWW44AHM19FWXTBHEMGXGBF,2025-07-11T14:03:40.651590827Z,01JZWW44BEQMSR3VMBGNDP631Z,2025-07-11T14:03:40.651590827Z,01JZWWAP76YF819Y40SQZJGTCA,2025-07-11T14:03:40.651590827Z,01JZWWH38225Z2D70RY1WKAEXH,2025-07-11T14:03:40.651590827Z
01JZWWX4VVF8REJJKVC84QW0C5,01JZWW44AHM19FWXTBHEMGXGBF,2025-07-11T14:05:54.427402073Z,01JZWW44BJEYZBCTBDE78SP8GF,2025-07-11T14:05:54.427402073Z,01JZWWBPA4TT0JKHZVP62JDDZM,2025-07-11T14:05:54.427402073Z,01JZWWNFR3KDAVBA6DHWCWKN28,2025-07-11T14:05:54.427402073Z
01JZWZ8RV2B94MKW11JP9ESJ0H,01JZWYF8PSTC3MD665G08C279V,2025-07-11T14:47:12.482690893Z,01JZWYF8QQMFZ1MWHEGJ0R4XXC,2025-07-11T14:47:12.482690893Z,01JZWYPEFWSWGBK5K3ZNX60FJM,2025-07-11T14:47:12.482690893Z,01JZWZ0SNM44G7Q0DTB2K3K3AA,2025-07-11T14:47:12.482690893Z
01JZWWNG1Q43H9HQMJPXJ22NT2,01JZWW44AHM19FWXTBHEMGXGBF,2025-07-11T14:01:43.735538354Z,01JZWW44BJEYZBCTBDE78SP8GF,2025-07-11T14:01:43.735538354Z,01JZWWNCJJPX9HM7RRAQW9XRBX,2025-07-11T14:01:43.735538354Z,01JZWWNFR0YV67A6HSR7PRKVG6,2025-07-11T14:01:43.735538354Z
01JZWX1YSSJXC8WS27KQ8GHBQ2,01JZWW44AHM19FWXTBHEMGXGBF,2025-07-11T14:08:32.057978038Z,01JZWW44BKFZG5XQJNSM0R26CJ,2025-07-11T14:08:32.057978038Z,01JZWWQP40FZ95W7HWX3CAV2BH,2025-07-11T14:08:32.057978038Z,01JZWWSZQMSA1Y2JC6802614CH,2025-07-11T14:08:32.057978038Z
01JZWZ33HFRPP5FTYJY2RMZDKH,01JZWYF8PSTC3MD665G08C279V,2025-07-11T14:44:06.831623862Z,01JZWYF8QEVZCXBEEFXT175NAZ,2025-07-11T14:44:06.831623862Z,01JZWYSNVH4MZGWJAHSWQQSMA2,2025-07-11T14:44:06.831623862Z,01JZWZ18ERPJAG6Q0G2XZXD7YY,2025-07-11T14:44:06.831623862Z
01JZX2ASCJ38GGHQJK39WXH9SW,01JZX22WSHHGWZTXFAP7TNYWAH,2025-07-11T15:40:44.306260738Z,01JZX22WTBDGZD62RTG7RWZ5GX,2025-07-11T15:40:44.306260738Z,01JZX25RR9XTNJ5XN6CJBSTD9C,2025-07-11T15:40:44.306260738Z,01JZX28XZ032N4NW2T2B7D472G,2025-07-11T15:40:44.306260738Z
01JZWZNT8ABFJ1TKY6SJ2TGRJH,01JZWZA6WB0JDAGV4PGBE2KD04,2025-07-11T14:54:19.914688461Z,01JZWZA6WZVH3TNF2YNV6JH9JY,2025-07-11T14:54:19.914688461Z,01JZWZEMQXCT8RJEC3CNBJTQ8W,2025-07-11T14:54:19.914688461Z,01JZWZKZ2NBDZ1AD8DCAJZV3X7,2025-07-11T14:54:19.914688461Z
01JZWWRRANMF7XGKZCKQH1FJTS,01JZWW44AHM19FWXTBHEMGXGBF,2025-07-11T14:03:30.51772423Z,01JZWW44BEQMSR3VMBGNDP631Z,2025-07-11T14:03:30.51772423Z,01JZWW9J31Z5XM2TY58B756YXT,2025-07-11T14:03:30.51772423Z,01JZWWH37STC557AK6MF9QZE2Z,2025-07-11T14:03:30.51772423Z
01JZWXE362W57Z8BMTJ3Q0DZFF,01JZWX3EJNF6FJ1Y2SFMW7K31D,2025-07-11T14:15:09.762440774Z,01JZWX3EKSQMF1295TSKJKEEN3,2025-07-11T14:15:09.762440774Z,01JZWX6E1M6W2A6MXWXWDEGMT7,2025-07-11T14:15:09.762440774Z,01JZWXC85KTAYMJJBJK8VSFTN9,2025-07-11T14:15:09.762440774Z
01JZWXE365JF6H3F2RNTDX68G2,01JZWX3EJNF6FJ1Y2SFMW7K31D,2025-07-11T14:15:09.765056351Z,01JZWX3EKSQMF1295TSKJKEEN3,2025-07-11T14:15:09.765056351Z,01JZWX8K41EZ14ZKEJG9KCZS8H,2025-07-11T14:15:09.765056351Z,01JZWXC85KTAYMJJBJK8VSFTN9,2025-07-11T14:15:09.765056351Z
01JZWZB419KA8PKZV53PTKZYXV,01JZWYEZA0CJ8HHH1HTG07A8MJ,2025-07-11T14:48:29.481696651Z,01JZWYEZAFZ52M7WEAWMWVBBA0,2025-07-11T14:48:29.481696651Z,01JZWZB1F9JVC1EK55RQCCBPD5,2025-07-11T14:48:29.481696651Z,01JZWZB3SNY9GRA9BD0H241X1G,2025-07-11T14:48:29.481696651Z
01JZWWQAXMVTDKMYXCP3MFFB7W,01JZWW44AHM19FWXTBHEMGXGBF,2025-07-11T14:02:44.020627119Z,01JZWW44BJEYZBCTBDE78SP8GF,2025-07-11T14:02:44.020627119Z,01JZWWBPA4TT0JKHZVP62JDDZM,2025-07-11T14:02:44.020627119Z,01JZWWNFR46B0994K1KS6BZ66P,2025-07-11T14:02:44.020627119Z
01JZWWRZP94355GRVMM4Z5TARS,01JZWW44AHM19FWXTBHEMGXGBF,2025-07-11T14:03:38.057951649Z,01JZWW44BD8A21AGPZM2TQJBZG,2025-07-11T14:03:38.057951649Z,01JZWWB2ZTDJ7KT1DWAPV75A3D,2025-07-11T14:03:38.057951649Z,01JZWWHMJPG35GBE00KK9QNWBG,2025-07-11T14:03:38.057951649Z
01JZWZ7E61NGGH4YWNWQG4RCVH,01JZWYF8PSTC3MD665G08C279V,2025-07-11T14:46:28.801636003Z,01JZWYF8QGXKN2CZV0RDSN4DZK,2025-07-11T14:46:28.801636003Z,01JZWYS3W20EF8JYB6XR44JNC6,2025-07-11T14:46:28.801636003Z,01JZWYZF5H31NS991KN75RDYV2,2025-07-11T14:46:28.801636003Z
01JZWWWTYHFQPVHQNN5PBGY97T,01JZWW44AHM19FWXTBHEMGXGBF,2025-07-11T14:05:44.27397018Z,01JZWW44BJEYZBCTBDE78SP8GF,2025-07-11T14:05:44.27397018Z,01JZWWNCJJPX9HM7RRAQW9XRBX,2025-07-11T14:05:44.27397018Z,01JZWWNFR5Z8REYW8AE2WX46ZV,2025-07-11T14:05:44.27397018Z
01JZWX1AXV21JKBXB2JJH4WAR4,01JZWW44AHM19FWXTBHEMGXGBF,2025-07-11T14:08:11.707386888Z,01JZWW44BKFZG5XQJNSM0R26CJ,2025-07-11T14:08:11.707386888Z,01JZWWQP40FZ95W7HWX3CAV2BH,2025-07-11T14:08:11.707386888Z,01JZWWSZQSJZ8EB75X8JNB5297,2025-07-11T14:08:11.707386888Z
01JZWY1JXS4EYG1EDGSEPJ9MAA,01JZWX3EJNF6FJ1Y2SFMW7K31D,2025-07-11T14:25:48.473573444Z,01JZWX3EKQ299J03E1G02M8JNK,2025-07-11T14:25:48.473573444Z,01JZWXQTNAA54XT8WHWSHA2QGE,2025-07-11T14:25:48.473573444Z,01JZWXT7PSRRKTQEAGZP0M99EC,2025-07-11T14:25:48.473573444Z
01JZX28YMJA8XZA8MRQ2B58193,01JZX22WSHHGWZTXFAP7TNYWAH,2025-07-11T15:39:44.146538524Z,01JZX22WTBDGZD62RTG7RWZ5GX,2025-07-11T15:39:44.146538524Z,01JZX2370CVEAGHEBXFKZ49KSG,2025-07-11T15:39:44.146538524Z,01JZX28XYPGNCJR690M8T98AWH,2025-07-11T15:39:44.146538524Z
01JZX2C8H30CE47NY9MT4Z2AHV,01JZX2211AEK9TJVT0CNA9PEFP,2025-07-11T15:41:32.579514653Z,01JZX2212BFA30WB2A037X5VVW,2025-07-11T15:41:32.579514653Z,01JZX23VKWDBGJ83J12HGK60MX,2025-07-11T15:41:32.579514653Z,01JZX24K2MDETRXYCK6827FDJT,2025-07-11T15:41:32.579514653Z
01JZWWNG1Z6FP2CCE3RXXRAF1W,01JZWW44AHM19FWXTBHEMGXGBF,2025-07-11T14:01:43.743749793Z,01JZWW44BJEYZBCTBDE78SP8GF,2025-07-11T14:01:43.743749793Z,01JZWWE555WXVET4AYP5QH2KC1,2025-07-11T14:01:43.743749793Z,01JZWWNFR0YV67A6HSR7PRKVG6,2025-07-11T14:01:43.743749793Z
01JZWX1AXHH15JTVXYAN4VAE2J,01JZWW44AHM19FWXTBHEMGXGBF,2025-07-11T14:08:11.697438584Z,01JZWW44BKFZG5XQJNSM0R26CJ,2025-07-11T14:08:11.697438584Z,01JZWWAJ94Z968B8G8YE73JKMH,2025-07-11T14:08:11.697438584Z,01JZWWSZQSJZ8EB75X8JNB5297,2025-07-11T14:08:11.697438584Z
01JZWZ84WFF2HYEGDQK0EKXG4B,01JZWYF8PSTC3MD665G08C279V,2025-07-11T14:46:52.047810068Z,01JZWYF8QQMFZ1MWHEGJ0R4XXC,2025-07-11T14:46:52.047810068Z,01JZWYQ4NCRPVA3QHTDVYHAXZT,2025-07-11T14:46:52.047810068Z,01JZWZ0SNH1PBR7ANC68C6X5QG,2025-07-11T14:46:52.047810068Z
01JZX0CYN07NPQZVQH7V287CTW,01JZX01RQ17SG6VS244N0MYW8M,2025-07-11T15:06:58.080821783Z,01JZX01RQWMMEZFDWFCEW25YYC,2025-07-11T15:06:58.080821783Z,01JZX05WANWX1P8C80DHGKS0W3,2025-07-11T15:06:58.080821783Z,01JZX0CY2Q6SKBEFJSG6159CDH,2025-07-11T15:06:58.080821783Z
01JZX280MVZN6ED742C78VR5WH,01JZX1PFBBJ70ECNFY36CY6PZS,2025-07-11T15:39:13.435378202Z,01JZX1PFC8GTFQ985G5CCXBWPH,2025-07-11T15:39:13.435378202Z,01JZX1R4YP5HVEKA0XNA7TAFFS,2025-07-11T15:39:13.435378202Z,01JZX20N3CWJE9180SPHTQXGZD,2025-07-11T15:39:13.435378202Z
01JZWZ33HK3847EBH3JJ60ZPEQ,01JZWYF8PSTC3MD665G08C279V,2025-07-11T14:44:06.835733153Z,01JZWYF8QEVZCXBEEFXT175NAZ,2025-07-11T14:44:06.835733153Z,01JZWYRN048ZZT17EDY2PRE9RS,2025-07-11T14:44:06.835733153Z,01JZWZ18ERPJAG6Q0G2XZXD7YY,2025-07-11T14:44:06.835733153Z
01JZX03AFK4Y1REEMQFNJZWDYA,01JZWZTZW2BD5NR7YNCT6FCF8T,2025-07-11T15:01:42.515951411Z,01JZWZTZWTBGJSFEYPT1TK9JNM,2025-07-11T15:01:42.515951411Z,01JZWZYGS8TD1Z9W2K27NY68NW,2025-07-11T15:01:42.515951411Z,01JZX01ET822TK2S85YGND0V2G,2025-07-11T15:01:42.515951411Z
01JZX0MXH6YZ4PGY0GHDKFKHW2,01JZX01RQ17SG6VS244N0MYW8M,2025-07-11T15:11:19.078916805Z,01JZX01RQWMMEZFDWFCEW25YYC,2025-07-11T15:11:19.078916805Z,01JZX05WANWX1P8C80DHGKS0W3,2025-07-11T15:11:19.078916805Z,01JZX0CY3108GGH6QZKNYD3DH1,2025-07-11T15:11:19.078916805Z
01JZX20NRPW1XZBB19VJ9A31BC,01JZX1PFBBJ70ECNFY36CY6PZS,2025-07-11T15:35:12.918497443Z,01JZX1PFC8GTFQ985G5CCXBWPH,2025-07-11T15:35:12.918497443Z,01JZX1R4YP5HVEKA0XNA7TAFFS,2025-07-11T15:35:12.918497443Z,01JZX20N3HSNNEXSE8FGEX4KZS,2025-07-11T15:35:12.918497443Z
01JZWWNG1W0F9KC0X6G5S7FSEN,01JZWW44AHM19FWXTBHEMGXGBF,2025-07-11T14:01:43.740369644Z,01JZWW44BJEYZBCTBDE78SP8GF,2025-07-11T14:01:43.740369644Z,01JZWWH528MN5ZXWM90GBP74AV,2025-07-11T14:01:43.740369644Z,01JZWWNFR0YV67A6HSR7PRKVG6,2025-07-11T14:01:43.740369644Z
01JZWWRAXKS8WY578HTX0YE9HD,01JZWW44AHM19FWXTBHEMGXGBF,2025-07-11T14:03:16.787796555Z,01JZWW44BJEYZBCTBDEK4Q79TP,2025-07-11T14:03:16.787796555Z,01JZWWCBTVC1CWRSWET92MMF3T,2025-07-11T14:03:16.787796555Z,01JZWWGNNXRZPRCTEWXTT0P1CH,2025-07-11T14:03:16.787796555Z
01JZWXC8C8RQJRTH4ZDPZ0K8GV,01JZWX3EJNF6FJ1Y2SFMW7K31D,2025-07-11T14:14:09.544057663Z,01JZWX3EKSQMF1295TSKJKEEN3,2025-07-11T14:14:09.544057663Z,01JZWX8K41EZ14ZKEJG9KCZS8H,2025-07-11T14:14:09.544057663Z,01JZWXC85HGM63NKY3TZ8JDQPP,2025-07-11T14:14:09.544057663Z
01JZWZJEVZA86FZ4449YZN60Y2,01JZWYEZA0CJ8HHH1HTG07A8MJ,2025-07-11T14:52:29.951593097Z,01JZWYEZAFZ52M7WEAWMWVBBA0,2025-07-11T14:52:29.951593097Z,01JZWZ5C145VT6SB1ZM1R47633,2025-07-11T14:52:29.951593097Z,01JZWZB3T23YH30AXZDDGN2FN3,2025-07-11T14:52:29.951593097Z
01JZWZVACNNVC0HE3E83Z7ZJZR,01JZWZA6WB0JDAGV4PGBE2KD04,2025-07-11T14:57:20.277381571Z,01JZWZA6WZVH3TNF2YNV6JH9JY,2025-07-11T14:57:20.277381571Z,01JZWZEZ8WPYYAJ9S9YEKRM77J,2025-07-11T14:57:20.277381571Z,01JZWZKZ2WAZ1Z9H8KBXRZMFM2,2025-07-11T14:57:20.277381571Z
01JZX09EF5JDRXXJZD57EXNKFY,01JZWZTZW2BD5NR7YNCT6FCF8T,2025-07-11T15:05:03.205584419Z,01JZWZTZWTBGJSFEYPT1TK9JNM,2025-07-11T15:05:03.205584419Z,01JZWZZVV3VNXKZKFP8JX4F8Z9,2025-07-11T15:05:03.205584419Z,01JZX01ETD18KDPSCFCDNSQD6R,2025-07-11T15:05:03.205584419Z
01JZWWS2787Y8WRQWHFF76MG4K,01JZWW44AHM19FWXTBHEMGXGBF,2025-07-11T14:03:40.648522294Z,01JZWW44BEQMSR3VMBGNDP631Z,2025-07-11T14:03:40.648522294Z,01JZWWDVC12RZPS4PNHPMVM779,2025-07-11T14:03:40.648522294Z,01JZWWH38225Z2D70RY1WKAEXH,2025-07-11T14:03:40.648522294Z
01JZWWSZYV7MX0FGG9RW3415GB,01JZWW44AHM19FWXTBHEMGXGBF,2025-07-11T14:04:11.101230211Z,01JZWW44BKFZG5XQJNSM0R26CJ,2025-07-11T14:04:11.101230211Z,01JZWWAJ94Z968B8G8YE73JKMH,2025-07-11T14:04:11.101230211Z,01JZWWSZQPQAMPW9XQFYTPBS3K,2025-07-11T14:04:11.101230211Z
01JZWWX4W03C2A2MNDGFMTD444,01JZWW44AHM19FWXTBHEMGXGBF,2025-07-11T14:05:54.432803544Z,01JZWW44BJEYZBCTBDE78SP8GF,2025-07-11T14:05:54.432803544Z,01JZWWHEEDQG0FKR77V6835NWY,2025-07-11T14:05:54.432803544Z,01JZWWNFR3KDAVBA6DHWCWKN28,2025-07-11T14:05:54.432803544Z
01JZWXM2KXEYHEE5MQ6K1DZ9BK,01JZWX3EJNF6FJ1Y2SFMW7K31D,2025-07-11T14:18:25.789178571Z,01JZWX3EKVAEHST0TJAX8RTB0R,2025-07-11T14:18:25.789178571Z,01JZWX76XWNV56TQHRGYB7GPVM,2025-07-11T14:18:25.789178571Z,01JZWXM27VRAS87C73Y0XYPMPK,2025-07-11T14:18:25.789178571Z
01JZWZB41EJK2NRT8JJGT241KP,01JZWYEZA0CJ8HHH1HTG07A8MJ,2025-07-11T14:48:29.486139106Z,01JZWYEZAFZ52M7WEAWMWVBBA0,2025-07-11T14:48:29.486139106Z,01JZWZ6FT05MJ0JFE020KSSGW6,2025-07-11T14:48:29.486139106Z,01JZWZB3SNY9GRA9BD0H241X1G,2025-07-11T14:48:29.486139106Z
01JZX048JEG7E2QK4BJJS2C0QR,01JZWZMMD7C2XATM2SBH5GMN08,2025-07-11T15:02:13.326226251Z,01JZWZMMDWT0YY5HX1X5C8Z68M,2025-07-11T15:02:13.326226251Z,01JZWZTFM8GG9V28TAD9W5EXGE,2025-07-11T15:02:13.326226251Z,01JZWZWJK1JF66T5JKY40GNXMK,2025-07-11T15:02:13.326226251Z
01JZX26EFXK4Q86Z0G1P2YE6SM,01JZX2211AEK9TJVT0CNA9PEFP,2025-07-11T15:38:22.077978277Z,01JZX2212BFA30WB2A037X5VVW,2025-07-11T15:38:22.077978277Z,01JZX1Z6R4MKXBKGPPCN8SFCT6,2025-07-11T15:38:22.077978277Z,01JZX24K348T2N6NEK4WS9VD7N,2025-07-11T15:38:22.077978277Z
01JZX2GKDY4KBSFAV2GVW06XXM,01JZX22WSHHGWZTXFAP7TNYWAH,2025-07-11T15:43:54.814514528Z,01JZX22WTBDGZD62RTG7RWZ5GX,2025-07-11T15:43:54.814514528Z,01JZX25RR9XTNJ5XN6CJBSTD9C,2025-07-11T15:43:54.814514528Z,01JZX28XZ4CY5RBR3VM8ERATQ7,2025-07-11T15:43:54.814514528Z
01JZWWX4W47HCBR4F98ETM27ZB,01JZWW44AHM19FWXTBHEMGXGBF,2025-07-11T14:05:54.436866009Z,01JZWW44BJEYZBCTBDE78SP8GF,2025-07-11T14:05:54.436866009Z,01JZWWH528MN5ZXWM90GBP74AV,2025-07-11T14:05:54.436866009Z,01JZWWNFR3KDAVBA6DHWCWKN28,2025-07-11T14:05:54.436866009Z
01JZWZ6TA64DXHHX6TCRRRT9WA,01JZWYF8PSTC3MD665G08C279V,2025-07-11T14:46:08.454191046Z,01JZWYF8QGXKN2CZV0RDSN4DZK,2025-07-11T14:46:08.454191046Z,01JZWYH11QXSTSDGZZ9F6Y22TB,2025-07-11T14:46:08.454191046Z,01JZWYZF5MSFXMJD860G3R0M2E,2025-07-11T14:46:08.454191046Z
01JZWZ8EVV15TVF95THMRSQ1GD,01JZWYF8PSTC3MD665G08C279V,2025-07-11T14:47:02.267890937Z,01JZWYF8QQMFZ1MWHEGJ0R4XXC,2025-07-11T14:47:02.267890937Z,01JZWYQ4NCRPVA3QHTDVYHAXZT,2025-07-11T14:47:02.267890937Z,01JZWZ0SNKDJH0SNFP81KEP5Y1,2025-07-11T14:47:02.267890937Z
01JZWZ97HHNQQJH8MJPK6FECQR,01JZWYF8PSTC3MD665G08C279V,2025-07-11T14:47:27.537157801Z,01JZWYF8QEVZCXBEEFXT175NAZ,2025-07-11T14:47:27.537157801Z,01JZWYH9TKSXJW5786Q978C8Y0,2025-07-11T14:47:27.537157801Z,01JZWZ18F1GW8RWPWZ5AKHSJ10,2025-07-11T14:47:27.537157801Z
01JZX30EBF8SXB6CHHEFJKMTKS,01JZX2Q8NE23HKD8VQ99SRTJYV,2025-07-11T15:52:33.903159213Z,01JZX2Q8PA625KPVRQHTPPKHMT,2025-07-11T15:52:33.903159213Z,01JZX2Q3V5FT8XRA4B1X292G97,2025-07-11T15:52:33.903159213Z,01JZX2S2J0FRZ7D262NX78FA0K,2025-07-11T15:52:33.903159213Z
01JZX048JKCC9C218BW7WVPGQH,01JZWZMMD7C2XATM2SBH5GMN08,2025-07-11T15:02:13.331208948Z,01JZWZMMDWT0YY5HX1X5C8Z68M,2025-07-11T15:02:13.331208948Z,01JZWZS0N0DQ29KPVMEVNEED6G,2025-07-11T15:02:13.331208948Z,01JZWZWJK1JF66T5JKY40GNXMK,2025-07-11T15:02:13.331208948Z
01JZWWR0ZSB81FF2V06EBF3765,01JZWW44AHM19FWXTBHEMGXGBF,2025-07-11T14:03:06.617603401Z,01JZWW44BJEYZBCTBDEK4Q79TP,2025-07-11T14:03:06.617603401Z,01JZWWEGXWTJHRSH3P1PBJAMVX,2025-07-11T14:03:06.617603401Z,01JZWWGNNWMTG1AKQANACQWVD0,2025-07-11T14:03:06.617603401Z
01JZWX1MVR1PJYD7C396KN3P9Z,01JZWW44AHM19FWXTBHEMGXGBF,2025-07-11T14:08:21.880154137Z,01JZWW44BKFZG5XQJNSM0R26CJ,2025-07-11T14:08:21.880154137Z,01JZWWS6Q2WFHDRGHBRD0QZ05T,2025-07-11T14:08:21.880154137Z,01JZWWSZQYA46FB708CMPKT8FP,2025-07-11T14:08:21.880154137Z
01JZWZ2MTB6B9561ZVJ8ZC0XQS,01JZWYF8PSTC3MD665G08C279V,2025-07-11T14:43:51.755599488Z,01JZWYF8QQMFZ1MWHEGJ0R4XXC,2025-07-11T14:43:51.755599488Z,01JZWYY03K5MM20RZ37Z1W6C6B,2025-07-11T14:43:51.755599488Z,01JZWZ0SNFVX34XFYEMJAKCYQE,2025-07-11T14:43:51.755599488Z
01JZWZ2MT9QGWWSZ33CB3XADKD,01JZWYF8PSTC3MD665G08C279V,2025-07-11T14:43:51.753891108Z,01JZWYF8QQMFZ1MWHEGJ0R4XXC,2025-07-11T14:43:51.753891108Z,01JZWYXK9GBY6KHHKHPP39H1EW,2025-07-11T14:43:51.753891108Z,01JZWZ0SNFVX34XFYEMJAKCYQE,2025-07-11T14:43:51.753891108Z
01JZWZVYATNRPC8ZPTP1SH1Z97,01JZWZA6WB0JDAGV4PGBE2KD04,2025-07-11T14:57:40.69844936Z,01JZWZA6WZVH3TNF2YNV6JH9JY,2025-07-11T14:57:40.69844936Z,01JZWZEMQXCT8RJEC3CNBJTQ8W,2025-07-11T14:57:40.69844936Z,01JZWZKZ376BJ76HS5S760492G,2025-07-11T14:57:40.69844936Z
01JZX03YMGARVP8Z04CDTBKYJQ,01JZWZMMD7C2XATM2SBH5GMN08,2025-07-11T15:02:03.152530535Z,01JZWZMMDWT0YY5HX1X5C8Z68M,2025-07-11T15:02:03.152530535Z,01JZWZS0N0DQ29KPVMEVNEED6G,2025-07-11T15:02:03.152530535Z,01JZWZWJJP205N1VPRQ0MNP9NQ,2025-07-11T15:02:03.152530535Z
01JZX2ZQZTDY3QA3D4QNXB47K3,01JZX2H30Q9G2SN0SJRWQ2RGJE,2025-07-11T15:52:11.00295986Z,01JZX2H31TQX1PEB4DWYDPEN1M,2025-07-11T15:52:11.00295986Z,01JZX2JWQHQFFXHF3QT48ANVSH,2025-07-11T15:52:11.00295986Z,01JZX2RC8DVJR6DCCPQXCFTZQF,2025-07-11T15:52:11.00295986Z
01JZWWVTSZRAMBNTFHY9H1T6VY,01JZWW44AHM19FWXTBHEMGXGBF,2025-07-11T14:05:11.359845088Z,01JZWW44BKFZG5XQJNSM0R26CJ,2025-07-11T14:05:11.359845088Z,01JZWWAJ94Z968B8G8YE73JKMH,2025-07-11T14:05:11.359845088Z,01JZWWSZQJKE1ZFAK3G2YNM4Z7,2025-07-11T14:05:11.359845088Z
01JZWZ8KNVAJ98THP5WWQY5A7E,01JZWYF8PSTC3MD665G08C279V,2025-07-11T14:47:07.195390377Z,01JZWYF8QEVZCXBEEFXT175NAZ,2025-07-11T14:47:07.195390377Z,01JZWYJJVPYK7CS4PN01ASXATM,2025-07-11T14:47:07.195390377Z,01JZWZ18EWP71JVFSGZP2KZQKH,2025-07-11T14:47:07.195390377Z
01JZX28YMD92TBDZP8S0RAVTQS,01JZX22WSHHGWZTXFAP7TNYWAH,2025-07-11T15:39:44.141768634Z,01JZX22WTBDGZD62RTG7RWZ5GX,2025-07-11T15:39:44.141768634Z,01JZX24P3JFG03B7QE343A4FG5,2025-07-11T15:39:44.141768634Z,01JZX28XYPGNCJR690M8T98AWH,2025-07-11T15:39:44.141768634Z
01JZWXE363MQNMXPR92VYB95ZV,01JZWX3EJNF6FJ1Y2SFMW7K31D,2025-07-11T14:15:09.763379475Z,01JZWX3EKSQMF1295TSKJKEEN3,2025-07-11T14:15:09.763379475Z,01JZWX4QWJVTEHAN0P65QRD6JC,2025-07-11T14:15:09.763379475Z,01JZWXC85KTAYMJJBJK8VSFTN9,2025-07-11T14:15:09.763379475Z
01JZWXW2T4K2G647CPMYANN99G,01JZWX3EJNF6FJ1Y2SFMW7K31D,2025-07-11T14:22:48.132877578Z,01JZWX3EKQ299J03E1G02M8JNK,2025-07-11T14:22:48.132877578Z,01JZWX94CT6WKB6JQ2K9VR3ZPG,2025-07-11T14:22:48.132877578Z,01JZWXT7PQFN74KM23JTXS9E29,2025-07-11T14:22:48.132877578Z
01JZWZB41BJYPTPWQF70DGZ4M6,01JZWYEZA0CJ8HHH1HTG07A8MJ,2025-07-11T14:48:29.48369126Z,01JZWYEZAFZ52M7WEAWMWVBBA0,2025-07-11T14:48:29.48369126Z,01JZWZ7H326HWH2E70V9SZCXKV,2025-07-11T14:48:29.48369126Z,01JZWZB3SNY9GRA9BD0H241X1G,2025-07-11T14:48:29.48369126Z
01JZWZNM7JPHS8PPYPDW9FNZAX,01JZWZA6WB0JDAGV4PGBE2KD04,2025-07-11T14:54:13.74611225Z,01JZWZA6X2XVW42HESAJGZ2NT6,2025-07-11T14:54:13.74611225Z,01JZWZEKWE7ADH0331F4S01T6Z,2025-07-11T14:54:13.74611225Z,01JZWZNKWR3SQ9ZRD4ABR3N79C,2025-07-11T14:54:13.74611225Z
01JZWY26V28KC61B0T3AAVCWZ5,01JZWX3EJNF6FJ1Y2SFMW7K31D,2025-07-11T14:26:08.866301566Z,01JZWX3EKQ299J03E1G02M8JNK,2025-07-11T14:26:08.866301566Z,01JZWX6502S0CA4H9NMETDEVYN,2025-07-11T14:26:08.866301566Z,01JZWXT7PP4ZFS8H3BCCDM0VP0,2025-07-11T14:26:08.866301566Z
01JZWZ7E5YSJXJ63VQZZVM6K37,01JZWYF8PSTC3MD665G08C279V,2025-07-11T14:46:28.798119719Z,01JZWYF8QGXKN2CZV0RDSN4DZK,2025-07-11T14:46:28.798119719Z,01JZWYSR33WY234XPP56BN5W00,2025-07-11T14:46:28.798119719Z,01JZWYZF5H31NS991KN75RDYV2,2025-07-11T14:46:28.798119719Z
01JZWZVMBWHSNBS6M3A80SMCVZ,01JZWZA6WB0JDAGV4PGBE2KD04,2025-07-11T14:57:30.492036163Z,01JZWZA6WZVH3TNF2YNV6JH9JY,2025-07-11T14:57:30.492036163Z,01JZWZEMKPQ3YT4DSMPK4Z03YC,2025-07-11T14:57:30.492036163Z,01JZWZKZ31F6GQF327MR06TRFR,2025-07-11T14:57:30.492036163Z
01JZX0MXHCAYQ8FAJ3VXM0KTN2,01JZX01RQ17SG6VS244N0MYW8M,2025-07-11T15:11:19.084610664Z,01JZX01RQWMMEZFDWFCEW25YYC,2025-07-11T15:11:19.084610664Z,01JZX076HSVZJQW5HCA3DBJR6N,2025-07-11T15:11:19.084610664Z,01JZX0CY3108GGH6QZKNYD3DH1,2025-07-11T15:11:19.084610664Z
01JZX1EV50R8F3X06QPG2GD2AD,01JZX0Z7FCWP1T7E04929MQ87K,2025-07-11T15:25:28.608202217Z,01JZX0Z7G62YA6P24E23JAGNYF,2025-07-11T15:25:28.608202217Z,01JZX1578P8A2EXR8HKFCR76P7,2025-07-11T15:25:28.608202217Z,01JZX1CZRYBBW9VNHM3QSF1DVV,2025-07-11T15:25:28.608202217Z
01JZWWVTTAK0VGCTC7B52H9ETX,01JZWW44AHM19FWXTBHEMGXGBF,2025-07-11T14:05:11.370609451Z,01JZWW44BKFZG5XQJNSM0R26CJ,2025-07-11T14:05:11.370609451Z,01JZWWQJQ9D0R0KEG4FK11PNGA,2025-07-11T14:05:11.370609451Z,01JZWWSZQJKE1ZFAK3G2YNM4Z7,2025-07-11T14:05:11.370609451Z
01JZWXT81YMS7F9PD5RSD3Z5V8,01JZWX3EJNF6FJ1Y2SFMW7K31D,2025-07-11T14:21:47.96648799Z,01JZWX3EKQ299J03E1G02M8JNK,2025-07-11T14:21:47.96648799Z,01JZWXAA1ZKVMWZ4HK4Q97E3N1,2025-07-11T14:21:47.96648799Z,01JZWXT7PK0WQDF15HK3GRP28Y,2025-07-11T14:21:47.96648799Z
01JZWYD2PVY54YG6PA3JPAJRYN,01JZWXSR4WAQFD4E83QZ4N556R,2025-07-11T14:32:05.083888078Z,01JZWXSR5K1BFQZY0JR93JV03Z,2025-07-11T14:32:05.083888078Z,01JZWY1MY6NTRKV4PPXNRNZMYE,2025-07-11T14:32:05.083888078Z,01JZWY5Q9PNB2F1PVT53KDTWDG,2025-07-11T14:32:05.083888078Z
01JZWYZFHDKKC7CKPXTZRWTYF8,01JZWYF8PSTC3MD665G08C279V,2025-07-11T14:42:08.045139855Z,01JZWYF8QGXKN2CZV0RDSN4DZK,2025-07-11T14:42:08.045139855Z,01JZWYJ28VW92PH36ZE0MQYAQ4,2025-07-11T14:42:08.045139855Z,01JZWYZF5A5V4DRR5PK3TECR6T,2025-07-11T14:42:08.045139855Z
01JZX30EB1TH9A80DS11P4R2QT,01JZX2Q8NE23HKD8VQ99SRTJYV,2025-07-11T15:52:33.889681443Z,01JZX2Q8PA625KPVRQHTPPKHMT,2025-07-11T15:52:33.889681443Z,01JZX2QQ393NKZ1A2SDM3Q4S9N,2025-07-11T15:52:33.889681443Z,01JZX2S2J0FRZ7D262NX78FA0K,2025-07-11T15:52:33.889681443Z
01JZWZVYAXAQDMCMPTSSZS33ME,01JZWZA6WB0JDAGV4PGBE2KD04,2025-07-11T14:57:40.701339508Z,01JZWZA6WZVH3TNF2YNV6JH9JY,2025-07-11T14:57:40.701339508Z,01JZWZH6TSCB3HW5Q2YF957624,2025-07-11T14:57:40.701339508Z,01JZWZKZ376BJ76HS5S760492G,2025-07-11T14:57:40.701339508Z
01JZWXT81W1MKAJ7C043Y0MVKF,01JZWX3EJNF6FJ1Y2SFMW7K31D,2025-07-11T14:21:47.964940413Z,01JZWX3EKQ299J03E1G02M8JNK,2025-07-11T14:21:47.964940413Z,01JZWXQTNAA54XT8WHWSHA2QGE,2025-07-11T14:21:47.964940413Z,01JZWXT7PK0WQDF15HK3GRP28Y,2025-07-11T14:21:47.964940413Z
01JZWY1WW76FKDQQE4VY0R60H4,01JZWX3EJNF6FJ1Y2SFMW7K31D,2025-07-11T14:25:58.663773248Z,01JZWX3EKQ299J03E1G02M8JNK,2025-07-11T14:25:58.663773248Z,01JZWXAA1ZKVMWZ4HK4Q97E3N1,2025-07-11T14:25:58.663773248Z,01JZWXT7PRVAMFKD34VXFRJSH3,2025-07-11T14:25:58.663773248Z
01JZWYD2PSSQ9SP6Y93DV0RRSQ,01JZWXSR4WAQFD4E83QZ4N556R,2025-07-11T14:32:05.082721043Z,01JZWXSR5K1BFQZY0JR93JV03Z,2025-07-11T14:32:05.082721043Z,01JZWXQHKPA4X1WQ3R3Z7FMECR,2025-07-11T14:32:05.082721043Z,01JZWY5Q9PNB2F1PVT53KDTWDG,2025-07-11T14:32:05.082721043Z
01JZWZQF2HWTVXYSQ7N8729MYW,01JZWZA6WB0JDAGV4PGBE2KD04,2025-07-11T14:55:14.001541936Z,01JZWZA6X2XVW42HESAJGZ2NT6,2025-07-11T14:55:14.001541936Z,01JZWZEKWE7ADH0331F4S01T6Z,2025-07-11T14:55:14.001541936Z,01JZWZNKWVA1S52XFCYZDDQT72,2025-07-11T14:55:14.001541936Z
01JZWZ8KP1G6DZNDJ2X3K1T9XW,01JZWYF8PSTC3MD665G08C279V,2025-07-11T14:47:07.201461591Z,01JZWYF8QEVZCXBEEFXT175NAZ,2025-07-11T14:47:07.201461591Z,01JZWYWV98AF82B2F4WR1WD1SH,2025-07-11T14:47:07.201461591Z,01JZWZ18EWP71JVFSGZP2KZQKH,2025-07-11T14:47:07.201461591Z
01JZX28MGEJJ7C5AX1V5PDH10F,01JZX1PFBBJ70ECNFY36CY6PZS,2025-07-11T15:39:33.774990933Z,01JZX1PFC8GTFQ985G5CCXBWPH,2025-07-11T15:39:33.774990933Z,01JZX1T5AE357VKFEZS8W3QDRP,2025-07-11T15:39:33.774990933Z,01JZX20N3XSM4GDANTM9164Y9F,2025-07-11T15:39:33.774990933Z
01JZWWXESDM068JWS3FKAKJ152,01JZWW44AHM19FWXTBHEMGXGBF,2025-07-11T14:06:04.589556417Z,01JZWW44BJEYZBCTBDE78SP8GF,2025-07-11T14:06:04.589556417Z,01JZWWE555WXVET4AYP5QH2KC1,2025-07-11T14:06:04.589556417Z,01JZWWNFR84PZZ62ZKJDZF4QCN,2025-07-11T14:06:04.589556417Z
01JZWXNXBR3KZGA951CS3DZ157,01JZWX3EJNF6FJ1Y2SFMW7K31D,2025-07-11T14:19:25.944562522Z,01JZWX3EKVAEHST0TJAX8RTB0R,2025-07-11T14:19:25.944562522Z,01JZWX9RXMD0SYJ27NVMKHR6FH,2025-07-11T14:19:25.944562522Z,01JZWXM27YZRT49DR9PCGRA9A0,2025-07-11T14:19:25.944562522Z
01JZWYDCPJCXPEHY3B99S95BPP,01JZWXSR4WAQFD4E83QZ4N556R,2025-07-11T14:32:15.314172816Z,01JZWXSR5K1BFQZY0JR93JV03Z,2025-07-11T14:32:15.314172816Z,01JZWY1MY6NTRKV4PPXNRNZMYE,2025-07-11T14:32:15.314172816Z,01JZWY5Q9QRAJP6XHNM5W05AQ2,2025-07-11T14:32:15.314172816Z
01JZWZ84WPKQZ2VSYGDDFVTTXR,01JZWYF8PSTC3MD665G08C279V,2025-07-11T14:46:52.054300552Z,01JZWYF8QQMFZ1MWHEGJ0R4XXC,2025-07-11T14:46:52.054300552Z,01JZWYXK9GBY6KHHKHPP39H1EW,2025-07-11T14:46:52.054300552Z,01JZWZ0SNH1PBR7ANC68C6X5QG,2025-07-11T14:46:52.054300552Z
01JZWZ8EVZ6ZXXV8BDK5KJ1N1D,01JZWYF8PSTC3MD665G08C279V,2025-07-11T14:47:02.272002031Z,01JZWYF8QQMFZ1MWHEGJ0R4XXC,2025-07-11T14:47:02.272002031Z,01JZWYY03K5MM20RZ37Z1W6C6B,2025-07-11T14:47:02.272002031Z,01JZWZ0SNKDJH0SNFP81KEP5Y1,2025-07-11T14:47:02.272002031Z
01JZX30RA2P5GFN7NKFBGMF42V,01JZX2Q8NE23HKD8VQ99SRTJYV,2025-07-11T15:52:44.098501589Z,01JZX2Q8PA625KPVRQHTPPKHMT,2025-07-11T15:52:44.098501589Z,01JZX2Q3V5FT8XRA4B1X292G97,2025-07-11T15:52:44.098501589Z,01JZX2S2HQWSTCNCT3TBABYXTJ,2025-07-11T15:52:44.098501589Z
01JZWWSKFS0ABSY67HAGDDC08D,01JZWW44AHM19FWXTBHEMGXGBF,2025-07-11T14:03:58.329788029Z,01JZWW44BD8A21AGPZM2TQJBZG,2025-07-11T14:03:58.329788029Z,01JZWWB20ESDGHMA6Q5SC8THEM,2025-07-11T14:03:58.329788029Z,01JZWWHMJVQSQXYVVK0JXH2P8X,2025-07-11T14:03:58.329788029Z
01JZWX1MVSGC2ZDBAENWXK2R5F,01JZWW44AHM19FWXTBHEMGXGBF,2025-07-11T14:08:21.881947164Z,01JZWW44BKFZG5XQJNSM0R26CJ,2025-07-11T14:08:21.881947164Z,01JZWWQJQ9D0R0KEG4FK11PNGA,2025-07-11T14:08:21.881947164Z,01JZWWSZQYA46FB708CMPKT8FP,2025-07-11T14:08:21.881947164Z
01JZWX1YSRTEP3KBWXJXKA31VJ,01JZWW44AHM19FWXTBHEMGXGBF,2025-07-11T14:08:32.056968037Z,01JZWW44BKFZG5XQJNSM0R26CJ,2025-07-11T14:08:32.056968037Z,01JZWWQJQ9D0R0KEG4FK11PNGA,2025-07-11T14:08:32.056968037Z,01JZWWSZQMSA1Y2JC6802614CH,2025-07-11T14:08:32.056968037Z
01JZWY1WW0B5XV34CQFR1VWZ5W,01JZWX3EJNF6FJ1Y2SFMW7K31D,2025-07-11T14:25:58.656474909Z,01JZWX3EKQ299J03E1G02M8JNK,2025-07-11T14:25:58.656474909Z,01JZWX8M7BJJ1SF700GWCSN5Z7,2025-07-11T14:25:58.656474909Z,01JZWXT7PRVAMFKD34VXFRJSH3,2025-07-11T14:25:58.656474909Z
01JZWWHMV3061FVDR3D8NMS7KC,01JZWW44AHM19FWXTBHEMGXGBF,2025-07-11T13:59:37.571696995Z,01JZWW44BD8A21AGPZM2TQJBZG,2025-07-11T13:59:37.571696995Z,01JZWWDPT6NE7YE0PYT3SCM95Y,2025-07-11T13:59:37.571696995Z,01JZWWHMJKSMKRN7XX88QREE06,2025-07-11T13:59:37.571696995Z
01JZWZVYAQR9R8GGJ335ZT94T2,01JZWZA6WB0JDAGV4PGBE2KD04,2025-07-11T14:57:40.695486035Z,01JZWZA6WZVH3TNF2YNV6JH9JY,2025-07-11T14:57:40.695486035Z,01JZWZEWTVCWXK1NTXNJNQAESA,2025-07-11T14:57:40.695486035Z,01JZWZKZ376BJ76HS5S760492G,2025-07-11T14:57:40.695486035Z
01JZWZKZGHMBZ92VXKTF56WG0D,01JZWZA6WB0JDAGV4PGBE2KD04,2025-07-11T14:53:19.761815026Z,01JZWZA6WZVH3TNF2YNV6JH9JY,2025-07-11T14:53:19.761815026Z,01JZWZH6TSCB3HW5Q2YF957624,2025-07-11T14:53:19.761815026Z,01JZWZKZ2D6P1CHS8RD413NMAM,2025-07-11T14:53:19.761815026Z
01JZX2BYKC1YXVWGZ2193S4QSH,01JZX2211AEK9TJVT0CNA9PEFP,2025-07-11T15:41:22.413030713Z,01JZX2212BFA30WB2A037X5VVW,2025-07-11T15:41:22.413030713Z,01JZX20F3YCVFDF210AWWM3261,2025-07-11T15:41:22.413030713Z,01JZX24K2DQ62BX8QGPD4MA8EY,2025-07-11T15:41:22.413030713Z
01JZWWQAXQX7TZKWX4HQ7TX04V,01JZWW44AHM19FWXTBHEMGXGBF,2025-07-11T14:02:44.023734672Z,01JZWW44BJEYZBCTBDE78SP8GF,2025-07-11T14:02:44.023734672Z,01JZWWHEEDQG0FKR77V6835NWY,2025-07-11T14:02:44.023734672Z,01JZWWNFR46B0994K1KS6BZ66P,2025-07-11T14:02:44.023734672Z
01JZWXW1DV0FB778KPP3BTES3K,01JZWX3EJNF6FJ1Y2SFMW7K31D,2025-07-11T14:22:46.716036557Z,01JZWX3EKVAEHST0TJAX8RTB0R,2025-07-11T14:22:46.716036557Z,01JZWXJVD6FB7CXQH0SEEC5ARE,2025-07-11T14:22:46.716036557Z,01JZWXM282C6F5G55HRZBDJ69V,2025-07-11T14:22:46.716036557Z
01JZWXW2T3FT04MJDWW7AK45Y6,01JZWX3EJNF6FJ1Y2SFMW7K31D,2025-07-11T14:22:48.131909614Z,01JZWX3EKQ299J03E1G02M8JNK,2025-07-11T14:22:48.131909614Z,01JZWX710QKKF8CDEBM55SKW3K,2025-07-11T14:22:48.131909614Z,01JZWXT7PQFN74KM23JTXS9E29,2025-07-11T14:22:48.131909614Z
01JZWZJRTMBP2KZQP1ZY4X6Q0K,01JZWYEZA0CJ8HHH1HTG07A8MJ,2025-07-11T14:52:40.14813232Z,01JZWYEZAFZ52M7WEAWMWVBBA0,2025-07-11T14:52:40.14813232Z,01JZWZ5C145VT6SB1ZM1R47633,2025-07-11T14:52:40.14813232Z,01JZWZB3SXEJ0M9WVJCS8P0EBE,2025-07-11T14:52:40.14813232Z
