id,active,activeLastChangedAt,confirmedReady,confirmedReadyLastChangedAt,currentColumn,currentColumnLastChangedAt,currentTask,currentTaskLastChangedAt,ended,endedLastChangedAt,exitStep,exitStepLastChangedAt,exitSurvey,exitSurveyLastChangedAt,gameID,gameIDLastChangedAt,intro,introLastChangedAt,introDone,introDoneLastChangedAt,kicked,kickedLastChangedAt,name,nameLastChangedAt,numCompletedTasks,numCompletedTasksLastChangedAt,participantID,participantIDLastChangedAt,role,roleLastChangedAt,treatment,treatmentLastChangedAt,treatmentName,treatmentNameLastChangedAt,urlParams,urlParamsLastChangedAt,view,viewLastChangedAt
01JZX24P3JFG03B7QE343A4FG5,,,,,,,,,game ended,2025-07-11T15:49:05.176954815Z,,,,,01JZX22WTBDGZD62RTG7RWZ5GX,2025-07-11T15:37:24.351339586Z,3,2025-07-11T15:38:26.246585615Z,true,2025-07-11T15:39:24.206790175Z,true,2025-07-11T15:43:54.755821277Z,Player 2,2025-07-11T15:39:43.451809783Z,,,01JZX24NP94NVJ8JV0M47VTMDY,2025-07-11T15:37:24.338340726Z,,,"{""networkStruct"":""pooled"",""playerCount"":3}",2025-07-11T15:37:24.351339586Z,"Pooled, No Redundancy",2025-07-11T15:37:24.351339586Z,{},2025-07-11T15:37:24.622648746Z,,
01JZX2QQ393NKZ1A2SDM3Q4S9N,true,2025-07-11T15:52:44.025241084Z,true,2025-07-11T15:52:36.068535808Z,,,null,2025-07-11T15:55:52.484440097Z,game ended,2025-07-11T15:57:54.534661425Z,,,,,01JZX2Q8PA625KPVRQHTPPKHMT,2025-07-11T15:48:09.534242604Z,3,2025-07-11T15:48:06.573098061Z,true,2025-07-11T15:48:27.493579633Z,,,Player 2,2025-07-11T15:48:32.468694892Z,2,2025-07-11T15:55:52.491728935Z,01JZX2QPVW4YMP6JXXEZFTPF8B,2025-07-11T15:47:47.945372311Z,,,"{""networkStruct"":""pooled"",""playerCount"":3}",2025-07-11T15:47:47.961998477Z,"Pooled, No Redundancy",2025-07-11T15:47:47.961998477Z,{},2025-07-11T15:47:48.079620455Z,TaskQueue,2025-07-11T15:55:52.478944258Z
01JZWWCBTVC1CWRSWET92MMF3T,true,2025-07-11T14:03:16.701729992Z,true,2025-07-11T14:03:09.28587124Z,,,null,2025-07-11T14:06:59.490241688Z,game ended,2025-07-11T14:08:27.179659615Z,1,2025-07-11T14:08:54.634764413Z,"{""age"":""26"",""gender"":""Male"",""strength"":""just simple math"",""fair"":""a little"",""feedback"":""all good"",""education"":""master""}",2025-07-11T14:08:54.63583382Z,01JZWW44BJEYZBCTBDEK4Q79TP,2025-07-11T13:56:44.515221782Z,3,2025-07-11T13:57:07.784486527Z,true,2025-07-11T13:57:48.103962546Z,,,Player 4,2025-07-11T13:59:05.662502984Z,4,2025-07-11T14:06:59.491006569Z,01JZWWCBQZ20RW7F1F0SS9JYA3,2025-07-11T13:56:44.507385589Z,,,"{""networkStruct"":""pooled"",""playerCount"":6}",2025-07-11T13:56:44.515221782Z,"Pooled, Redundancy",2025-07-11T13:56:44.515221782Z,{},2025-07-11T13:56:44.572385393Z,TaskQueue,2025-07-11T14:06:59.489212494Z
01JZWWDPT6NE7YE0PYT3SCM95Y,true,2025-07-11T14:03:48.14446202Z,true,2025-07-11T14:03:40.421210976Z,,,null,2025-07-11T14:06:46.619134675Z,game ended,2025-07-11T14:08:58.501835879Z,1,2025-07-11T14:09:23.935829415Z,"{""age"":""36"",""gender"":""M"",""strength"":""It was good - though should have ended when all members completed"",""fair"":""Yeah, they helped out."",""feedback"":"""",""education"":""high-school""}",2025-07-11T14:09:23.929539453Z,01JZWW44BD8A21AGPZM2TQJBZG,2025-07-11T13:57:28.52548414Z,3,2025-07-11T13:57:46.179806444Z,true,2025-07-11T13:57:56.148686163Z,,,Player 5,2025-07-11T13:59:37.305083458Z,4,2025-07-11T14:06:46.623534429Z,01JZWWDPEGZ3QBVW6Z28Y8F2RZ,2025-07-11T13:57:28.518683311Z,,,"{""networkStruct"":""pooled"",""playerCount"":6}",2025-07-11T13:57:28.52548414Z,"Pooled, Redundancy",2025-07-11T13:57:28.52548414Z,{},2025-07-11T13:57:28.713199669Z,TaskQueue,2025-07-11T14:06:46.618132011Z
01JZWX9Z24AZZ3DTW4KJATSPBC,,,,,,,,,no more games,2025-07-11T14:28:03.97710587Z,,,,,null,2025-07-11T14:28:03.97710587Z,2,2025-07-11T14:13:47.830662431Z,,,,,,,,,01JZWX9YNBDJFJDN6B9EKSE9NJ,2025-07-11T14:12:54.468584002Z,,,"{""networkStruct"":""reciprocal"",""playerCount"":6}",2025-07-11T14:12:54.479580789Z,"Reciprocal, Redundancy",2025-07-11T14:12:54.479580789Z,{},2025-07-11T14:12:54.64483743Z,,
01JZWY547A1EDCXMZF4611S4TA,,,,,,,,,no more games,2025-07-11T14:28:03.97710587Z,1,2025-07-11T14:28:15.959483607Z,"{""age"":""23"",""gender"":""Male"",""strength"":"""",""fair"":"""",""feedback"":"""",""education"":""high-school""}",2025-07-11T14:28:15.958004808Z,null,2025-07-11T14:28:03.97710587Z,2,2025-07-11T14:27:59.474413154Z,,,,,,,,,01JZWY52TY6CKWJK0P4Q5E4AV7,2025-07-11T14:27:44.490349034Z,,,"{""networkStruct"":""reciprocal"",""playerCount"":6}",2025-07-11T14:27:44.500992435Z,"Reciprocal, Redundancy",2025-07-11T14:27:44.500992435Z,{},2025-07-11T14:27:44.720771741Z,,
01JZWZQ5JFR3VVRXHGVK3SWM8B,,,,,,,,,no more games,2025-07-11T15:17:23.865363852Z,,,,,null,2025-07-11T15:17:23.865363852Z,3,2025-07-11T14:55:38.059307207Z,,,,,,,,,01JZWZQ57TB6Q3K2ZYM0ETZRF6,2025-07-11T14:55:04.271621933Z,,,"{""networkStruct"":""reciprocal"",""playerCount"":3}",2025-07-11T14:55:04.292128829Z,"Reciprocal, No Redundancy",2025-07-11T14:55:04.292128829Z,{},2025-07-11T14:55:04.454356583Z,,
01JZX0FXTEC8BAQG9FXAAPP1G3,true,2025-07-11T15:21:35.066380221Z,true,2025-07-11T15:21:26.795709914Z,null,2025-07-11T15:24:34.03249634Z,null,2025-07-11T15:24:34.029071158Z,game ended,2025-07-11T15:26:45.411883584Z,1,2025-07-11T15:27:17.753972502Z,"{""age"":""31"",""gender"":""male"",""strength"":""it was fun"",""fair"":""I hope so"",""feedback"":""no idea, it was perfect"",""education"":""bachelor""}",2025-07-11T15:27:17.758213052Z,01JZX0EJCSWJJ7NMNA9BY9TMMP,2025-07-11T15:08:35.549448287Z,3,2025-07-11T15:09:25.82106119Z,true,2025-07-11T15:09:56.170308049Z,,,Player 1,2025-07-11T15:17:23.921288367Z,14,2025-07-11T15:24:34.025531123Z,01JZX0FXD3WB8Q7PGZWHDBWBGT,2025-07-11T15:08:35.534480275Z,AVERAGE PEOPLE,2025-07-11T15:21:35.066380221Z,"{""networkStruct"":""reciprocal"",""playerCount"":3}",2025-07-11T15:08:35.549448287Z,"Reciprocal, No Redundancy",2025-07-11T15:08:35.549448287Z,{},2025-07-11T15:08:35.761933672Z,TaskQueue,2025-07-11T15:24:34.035938936Z
01JZWYQ4NCRPVA3QHTDVYHAXZT,true,2025-07-11T14:47:02.143680057Z,true,2025-07-11T14:46:54.283333379Z,,,null,2025-07-11T14:49:09.083162417Z,game ended,2025-07-11T14:52:12.660071468Z,1,2025-07-11T14:52:32.327073452Z,"{""age"":""38"",""gender"":""male"",""strength"":""Interesting"",""fair"":""Yes"",""feedback"":""Instructions were a bit unclear"",""education"":""master""}",2025-07-11T14:52:32.324587857Z,01JZWYF8QQMFZ1MWHEGJ0R4XXC,2025-07-11T14:37:34.775803734Z,3,2025-07-11T14:38:13.627541564Z,true,2025-07-11T14:38:32.788662787Z,,,Player 2,2025-07-11T14:42:51.190117301Z,2,2025-07-11T14:49:09.080250624Z,01JZWYQ477XHHD84KJB090J08F,2025-07-11T14:37:34.764140993Z,,,"{""networkStruct"":""pooled"",""playerCount"":6}",2025-07-11T14:37:34.775803734Z,"Pooled, Redundancy",2025-07-11T14:37:34.775803734Z,{},2025-07-11T14:37:35.020309834Z,TaskQueue,2025-07-11T14:49:09.085049927Z
01JZWZTFM8GG9V28TAD9W5EXGE,true,2025-07-11T15:02:13.275621639Z,true,2025-07-11T15:02:06.328228898Z,null,2025-07-11T15:07:14.328125656Z,null,2025-07-11T15:07:14.342973397Z,game ended,2025-07-11T15:07:23.635293708Z,1,2025-07-11T15:12:07.184676632Z,"{""age"":""47"",""gender"":""Male"",""strength"":""The game was enjoyable and kept me engaged. It felt like working through small challenges that required attention and quick thinking. The variety of tasks made the experience interesting from start to finish"",""fair"":""Not at all"",""feedback"":""Adding instant feedback after each task"",""education"":""master""}",2025-07-11T15:12:07.435035932Z,01JZWZMMDWT0YY5HX1X5C8Z68M,2025-07-11T14:56:52.886374866Z,3,2025-07-11T14:57:58.808157318Z,true,2025-07-11T14:58:01.349936056Z,,,Player 3,2025-07-11T14:58:01.434302035Z,10,2025-07-11T15:07:14.338679705Z,01JZWZTEDKEHVSKJNFY59JQQSE,2025-07-11T14:56:52.872501107Z,CHILDREN'S COMMUTE DISTANCE,2025-07-11T15:02:13.275621639Z,"{""networkStruct"":""reciprocal"",""playerCount"":3}",2025-07-11T14:56:52.886374866Z,"Reciprocal, No Redundancy",2025-07-11T14:56:52.886374866Z,{},2025-07-11T14:56:53.213124509Z,TaskQueue,2025-07-11T15:07:14.34725326Z
01JZX0YZ4VK94P3EZTR92EHRVA,,,,,,,,,no more games,2025-07-11T15:17:23.865363852Z,1,2025-07-11T15:18:07.011878201Z,"{""age"":""38"",""gender"":""femal4"",""strength"":""I didnt get to do it"",""fair"":""Didnt have team mates"",""feedback"":""LEt me play the game. I was reading the instructions and then it jumped straight to the exit survey"",""education"":""master""}",2025-07-11T15:18:07.007197658Z,null,2025-07-11T15:17:23.865363852Z,3,2025-07-11T15:17:17.230919031Z,,,,,,,,,01JZX0YYT8818FNZX1BMZX7NA7,2025-07-11T15:16:48.411972081Z,,,"{""networkStruct"":""reciprocal"",""playerCount"":3}",2025-07-11T15:16:48.42585387Z,"Reciprocal, No Redundancy",2025-07-11T15:16:48.42585387Z,{},2025-07-11T15:16:48.598466323Z,,
01JZX2Q3V5FT8XRA4B1X292G97,true,2025-07-11T15:52:44.025241084Z,true,2025-07-11T15:52:36.043695947Z,,,null,2025-07-11T15:56:18.357576384Z,game ended,2025-07-11T15:57:54.534661425Z,,,,,01JZX2Q8PA625KPVRQHTPPKHMT,2025-07-11T15:48:09.534242604Z,3,2025-07-11T15:48:02.412883951Z,true,2025-07-11T15:48:23.295168688Z,,,Player 1,2025-07-11T15:48:32.468694892Z,5,2025-07-11T15:56:18.34687913Z,01JZX2Q3REH62HRM0DZ5TEPKFS,2025-07-11T15:47:28.229738438Z,,,"{""networkStruct"":""pooled"",""playerCount"":3}",2025-07-11T15:47:28.247485268Z,"Pooled, No Redundancy",2025-07-11T15:47:28.247485268Z,{},2025-07-11T15:47:28.311653424Z,TaskQueue,2025-07-11T15:56:18.352291917Z
01JZWWE32NW623X08JPM5C8MC1,true,2025-07-11T14:08:21.813776577Z,true,2025-07-11T14:08:15.245762992Z,,,null,2025-07-11T14:11:13.348765387Z,game ended,2025-07-11T14:13:32.197105775Z,1,2025-07-11T14:14:18.497870666Z,"{""age"":""57"",""gender"":""male"",""strength"":""It was fun and interesting."",""fair"":""nope"",""feedback"":""Once all cities are done, end the timer so we don't have to wait if we've finished in less than 6m."",""education"":""bachelor""}",2025-07-11T14:14:18.49625383Z,01JZWW44BKFZG5XQJNSM0R26CJ,2025-07-11T13:57:41.089181377Z,3,2025-07-11T13:58:31.928909039Z,true,2025-07-11T13:59:44.418115712Z,,,Player 3,2025-07-11T14:04:10.874151937Z,3,2025-07-11T14:11:13.347056984Z,01JZWWE2YYTKAZ8KVX72CZB3RM,2025-07-11T13:57:41.077520237Z,,,"{""networkStruct"":""pooled"",""playerCount"":6}",2025-07-11T13:57:41.089181377Z,"Pooled, Redundancy",2025-07-11T13:57:41.089181377Z,{},2025-07-11T13:57:41.134555227Z,TaskQueue,2025-07-11T14:11:13.347861494Z
01JZWX7A0C4JZGR2N4XD3Q4XNX,,,,,,,,,no more games,2025-07-11T15:06:57.442048781Z,1,2025-07-11T14:19:00.455465552Z,"{""age"":""29"",""gender"":"""",""strength"":""i didnt play a game"",""fair"":""the game never happened"",""feedback"":""the game never happened"",""education"":""high-school""}",2025-07-11T14:19:00.367508002Z,null,2025-07-11T15:06:57.442048781Z,3,2025-07-11T14:17:44.963365823Z,,,,,,,,,01JZWX79MQAY8PY1KGMN60K93J,2025-07-11T14:11:27.372821292Z,,,"{""networkStruct"":""pooled"",""playerCount"":6}",2025-07-11T14:11:27.381388879Z,"Pooled, Redundancy",2025-07-11T14:11:27.381388879Z,{},2025-07-11T14:11:27.567548765Z,,
01JZWYJJVPYK7CS4PN01ASXATM,,,,,,,,,game ended,2025-07-11T14:52:27.72495Z,,,,,01JZWYF8QEVZCXBEEFXT175NAZ,2025-07-11T14:35:05.473295941Z,3,2025-07-11T14:35:07.500046778Z,true,2025-07-11T14:35:08.065474774Z,true,2025-07-11T14:47:17.277668538Z,Player 2,2025-07-11T14:43:06.321075018Z,,,01JZWYJJSZ2DK83HKA4HGE66YM,2025-07-11T14:35:05.462556537Z,,,"{""networkStruct"":""pooled"",""playerCount"":6}",2025-07-11T14:35:05.473295941Z,"Pooled, Redundancy",2025-07-11T14:35:05.473295941Z,{},2025-07-11T14:35:05.50396328Z,,
01JZWYS3W20EF8JYB6XR44JNC6,true,2025-07-11T14:46:18.595694709Z,true,2025-07-11T14:46:16.317022492Z,,,null,2025-07-11T14:50:32.776470999Z,game ended,2025-07-11T14:51:29.051115753Z,1,2025-07-11T14:55:04.017781496Z,"{""age"":""38"",""gender"":""Female"",""strength"":""The game was engaging and fun, with clear tasks that felt like solving quick math puzzles under time pressure. It was enjoyable to work through different calculation types, and it would be even better with feedback after each task to track progress"",""fair"":""Moderately "",""feedback"":""You could improve the game by adding instant feedback after each task, so players can learn from mistakes and track their progress"",""education"":""master""}",2025-07-11T14:55:04.01122715Z,01JZWYF8QGXKN2CZV0RDSN4DZK,2025-07-11T14:38:39.501198548Z,3,2025-07-11T14:41:10.520007389Z,true,2025-07-11T14:42:07.596479481Z,,,Player 5,2025-07-11T14:42:07.669764959Z,2,2025-07-11T14:50:32.771564589Z,01JZWYS2QFJH8HMD04FSV26EXV,2025-07-11T14:38:39.490835595Z,,,"{""networkStruct"":""pooled"",""playerCount"":6}",2025-07-11T14:38:39.501198548Z,"Pooled, Redundancy",2025-07-11T14:38:39.501198548Z,{},2025-07-11T14:38:40.145940801Z,TaskQueue,2025-07-11T14:50:32.782754634Z
01JZWZ16CM755GDDMY2XF416AS,,,,,,,,,game ended,2025-07-11T14:52:27.72495Z,,,,,01JZWYF8QEVZCXBEEFXT175NAZ,2025-07-11T14:43:04.226040408Z,3,2025-07-11T14:43:05.783440052Z,true,2025-07-11T14:43:06.270936153Z,true,2025-07-11T14:47:17.277668538Z,Player 6,2025-07-11T14:43:06.321075018Z,,,01JZWZ169XAP94YEJB7702B8SM,2025-07-11T14:43:04.212448422Z,,,"{""networkStruct"":""pooled"",""playerCount"":6}",2025-07-11T14:43:04.226040408Z,"Pooled, Redundancy",2025-07-11T14:43:04.226040408Z,{},2025-07-11T14:43:04.241601375Z,,
01JZWZ414K1QYDEBFQ3B7BZYX0,true,2025-07-11T14:58:24.507091672Z,true,2025-07-11T14:58:17.7000254Z,,,null,2025-07-11T15:01:54.161218397Z,game ended,2025-07-11T15:03:34.969926458Z,1,2025-07-11T15:04:09.429225056Z,"{""age"":""27"",""gender"":""female"",""strength"":"""",""fair"":""Yes"",""feedback"":"""",""education"":""bachelor""}",2025-07-11T15:04:09.425889886Z,01JZWZA6X2XVW42HESAJGZ2NT6,2025-07-11T14:48:29.200522684Z,3,2025-07-11T14:47:43.680110354Z,true,2025-07-11T14:48:48.382416366Z,,,Player 1,2025-07-11T14:54:13.416731625Z,3,2025-07-11T15:01:54.164988823Z,01JZWZ40K6NYNFJ7A58QR2NW7J,2025-07-11T14:44:37.139528891Z,,,"{""networkStruct"":""pooled"",""playerCount"":6}",2025-07-11T14:44:37.149260582Z,"Pooled, Redundancy",2025-07-11T14:44:37.149260582Z,{},2025-07-11T14:44:37.451036957Z,TaskQueue,2025-07-11T15:01:54.180355863Z
01JZWX5NPQY1K1ZWWCW4ARXFKH,,,,,,,,,no more games,2025-07-11T15:06:57.442048781Z,,,,,null,2025-07-11T15:06:57.442048781Z,,,,,,,,,,,01JZWX5NERCYR1BEZH89G1CW7H,2025-07-11T14:10:33.816004504Z,,,"{""networkStruct"":""pooled"",""playerCount"":6}",2025-07-11T14:10:33.82708448Z,"Pooled, Redundancy",2025-07-11T14:10:33.82708448Z,{},2025-07-11T14:10:34.092666746Z,,
01JZWY1MY6NTRKV4PPXNRNZMYE,true,2025-07-11T14:32:15.199077728Z,true,2025-07-11T14:32:09.226930043Z,null,2025-07-11T14:35:04.032132099Z,null,2025-07-11T14:35:04.036676143Z,game ended,2025-07-11T14:37:25.638646561Z,1,2025-07-11T14:38:09.336437971Z,"{""age"":""26"",""gender"":""Male"",""strength"":""It was amusing"",""fair"":""Kinda"",""feedback"":"""",""education"":""master""}",2025-07-11T14:38:09.32749575Z,01JZWXSR5K1BFQZY0JR93JV03Z,2025-07-11T14:25:50.541989186Z,3,2025-07-11T14:26:23.10180613Z,true,2025-07-11T14:26:43.355361401Z,,,Player 6,2025-07-11T14:28:04.024842408Z,10,2025-07-11T14:35:04.029459129Z,01JZWY1MC6D6X19S8A0P8Q74WZ,2025-07-11T14:25:50.534304832Z,CHILDREN'S COMMUTE DISTANCE,2025-07-11T14:32:15.199077728Z,"{""networkStruct"":""reciprocal"",""playerCount"":6}",2025-07-11T14:25:50.541989186Z,"Reciprocal, Redundancy",2025-07-11T14:25:50.541989186Z,{},2025-07-11T14:25:50.830216559Z,TaskQueue,2025-07-11T14:35:04.044014922Z
01JZWZJR5SF8K7KT213W4NDVMZ,,,,,,,,,game ended,2025-07-11T15:03:34.969926458Z,,,,,01JZWZA6X2XVW42HESAJGZ2NT6,2025-07-11T14:52:39.491563839Z,3,2025-07-11T14:52:41.723221349Z,true,2025-07-11T14:52:42.915201596Z,true,2025-07-11T14:58:24.507091672Z,Player 6,2025-07-11T14:54:13.416731625Z,,,01JZWZJR3QPHKPDKT45136Z1QR,2025-07-11T14:52:39.481841535Z,,,"{""networkStruct"":""pooled"",""playerCount"":6}",2025-07-11T14:52:39.491563839Z,"Pooled, Redundancy",2025-07-11T14:52:39.491563839Z,{},2025-07-11T14:52:39.515199964Z,,
01JZX05WANWX1P8C80DHGKS0W3,true,2025-07-11T15:11:08.803835441Z,true,2025-07-11T15:11:00.885960785Z,,,null,2025-07-11T15:14:15.209137941Z,game ended,2025-07-11T15:16:19.271789414Z,1,2025-07-11T15:16:56.482781709Z,"{""age"":""38"",""gender"":""female"",""strength"":""it was fun"",""fair"":""yes"",""feedback"":""don't know, didn't see any issues"",""education"":""bachelor""}",2025-07-11T15:16:56.478999017Z,01JZX01RQWMMEZFDWFCEW25YYC,2025-07-11T15:03:06.34032627Z,3,2025-07-11T15:03:42.283459615Z,true,2025-07-11T15:04:16.25750573Z,,,Player 3,2025-07-11T15:06:57.499820822Z,4,2025-07-11T15:14:15.202174728Z,01JZX05VVY9B55GSC2Y0GQZYFE,2025-07-11T15:03:06.325876355Z,,,"{""networkStruct"":""pooled"",""playerCount"":6}",2025-07-11T15:03:06.34032627Z,"Pooled, Redundancy",2025-07-11T15:03:06.34032627Z,{},2025-07-11T15:03:06.590154819Z,TaskQueue,2025-07-11T15:14:15.212348742Z
01JZWZJ0KXQ53DRGDZ8ETXZRC8,true,2025-07-11T14:58:24.507091672Z,true,2025-07-11T14:58:16.322721001Z,,,null,2025-07-11T15:02:50.627434239Z,game ended,2025-07-11T15:03:34.969926458Z,1,2025-07-11T15:04:08.774764596Z,"{""age"":""33"",""gender"":""male"",""strength"":""it was a fun mix of math and speed"",""fair"":""we worked through all the neighbourhoods fast"",""feedback"":""it seems to work fine!"",""education"":""master""}",2025-07-11T15:04:08.778225652Z,01JZWZA6X2XVW42HESAJGZ2NT6,2025-07-11T14:52:15.366934992Z,3,2025-07-11T14:52:59.156478613Z,true,2025-07-11T14:53:42.642830145Z,,,Player 4,2025-07-11T14:54:13.416731625Z,3,2025-07-11T15:02:50.630850505Z,01JZWZJ0A8HR2G7SKDEMX108GF,2025-07-11T14:52:15.35765768Z,,,"{""networkStruct"":""pooled"",""playerCount"":6}",2025-07-11T14:52:15.366934992Z,"Pooled, Redundancy",2025-07-11T14:52:15.366934992Z,{},2025-07-11T14:52:15.566593312Z,TaskQueue,2025-07-11T15:02:50.633351331Z
01JZX1T5AE357VKFEZS8W3QDRP,true,2025-07-11T15:39:23.555449076Z,true,2025-07-11T15:39:16.371063585Z,,,neighborhood_10,2025-07-11T15:43:21.44269175Z,game ended,2025-07-11T15:44:33.97796074Z,1,2025-07-11T15:45:29.214991541Z,"{""age"":""45"",""gender"":""male"",""strength"":""it was boring."",""fair"":""a bit"",""feedback"":""I could use better directions before the trial."",""education"":""high-school""}",2025-07-11T15:45:29.209009461Z,01JZX1PFC8GTFQ985G5CCXBWPH,2025-07-11T15:31:39.48433836Z,3,2025-07-11T15:32:09.471412331Z,true,2025-07-11T15:32:30.301243929Z,,,Player 2,2025-07-11T15:35:12.249345087Z,5,2025-07-11T15:43:18.170122192Z,01JZX1T54N5STTBR4V2ARHFNS0,2025-07-11T15:31:39.470738544Z,,,"{""networkStruct"":""pooled"",""playerCount"":3}",2025-07-11T15:31:39.48433836Z,"Pooled, No Redundancy",2025-07-11T15:31:39.48433836Z,{},2025-07-11T15:31:39.599158097Z,TaskScreen,2025-07-11T15:43:21.437130368Z
01JZWXPEZV0NSNXZ4572VJDSHE,true,2025-07-11T14:32:15.199077728Z,true,2025-07-11T14:32:08.627812618Z,null,2025-07-11T14:35:15.380563486Z,null,2025-07-11T14:35:15.378744083Z,game ended,2025-07-11T14:37:25.638646561Z,1,2025-07-11T14:38:30.614405455Z,"{""age"":""57"",""gender"":""Female"",""strength"":""It was an interesting game"",""fair"":""there were quite helpful"",""feedback"":""it is quite okay"",""education"":""master""}",2025-07-11T14:38:30.612730139Z,01JZWXSR5K1BFQZY0JR93JV03Z,2025-07-11T14:21:47.570500299Z,3,2025-07-11T14:20:47.1774945Z,true,2025-07-11T14:21:49.993844682Z,,,Player 2,2025-07-11T14:28:04.024842408Z,9,2025-07-11T14:35:15.377060341Z,01JZWXPDEX619PB59N0RYCY9FZ,2025-07-11T14:19:43.99584332Z,AVERAGE PEOPLE,2025-07-11T14:32:15.199077728Z,"{""networkStruct"":""reciprocal"",""playerCount"":6}",2025-07-11T14:19:44.007665949Z,"Reciprocal, Redundancy",2025-07-11T14:19:44.007665949Z,{},2025-07-11T14:19:44.292617867Z,TaskQueue,2025-07-11T14:35:15.383046921Z
01JZX25RR9XTNJ5XN6CJBSTD9C,true,2025-07-11T15:43:54.755821277Z,true,2025-07-11T15:43:46.123355125Z,,,neighborhood_12,2025-07-11T15:48:34.075540679Z,game ended,2025-07-11T15:49:05.176954815Z,1,2025-07-11T15:55:44.519513165Z,"{""age"":""23"",""gender"":""non-binary"",""strength"":""It was actually surprisingly fun; I felt engaged and wanted to do my best to finish all tasks quickly and accurately. The instructions were clear and the work was neither too easy nor too difficult, it was all in all a nice experience."",""fair"":""Yes; even though I feel like I did most of the work, the amount of it completed was the sum of everyone's input, and we wouldn't have been able to do as much with just one person. While I wish we had managed to finish all the tasks, I'm sure that if we had more time, my other teammates would've started feeling more comfortable with their work and the amount of input would've evened out."",""feedback"":""If it's not something crucial to the task, it would've been nicer to see all the numbers without having to hover over all the households separately."",""education"":""high-school""}",2025-07-11T15:55:44.513029555Z,01JZX22WTBDGZD62RTG7RWZ5GX,2025-07-11T15:37:59.838072257Z,3,2025-07-11T15:39:07.296728735Z,true,2025-07-11T15:39:43.387877021Z,,,Player 3,2025-07-11T15:39:43.451809783Z,7,2025-07-11T15:48:32.259995319Z,01JZX25R8DBF3G3EAC8S05MBNR,2025-07-11T15:37:59.817636685Z,,,"{""networkStruct"":""pooled"",""playerCount"":3}",2025-07-11T15:37:59.838072257Z,"Pooled, No Redundancy",2025-07-11T15:37:59.838072257Z,{},2025-07-11T15:38:00.090896885Z,TaskScreen,2025-07-11T15:48:34.081765607Z
01JZWWB1A2PN41PB6JCSW33Q37,,,,,,,,,game ended,2025-07-11T14:08:27.179659615Z,,,,,01JZWW44BJEYZBCTBDEK4Q79TP,2025-07-11T13:56:00.970116334Z,3,2025-07-11T13:56:28.317087882Z,true,2025-07-11T13:56:44.600352798Z,true,2025-07-11T14:03:16.701729992Z,Player 3,2025-07-11T13:59:05.662502984Z,,,01JZWWB167AXDXV4WHD6YK31NX,2025-07-11T13:56:00.962600395Z,,,"{""networkStruct"":""pooled"",""playerCount"":6}",2025-07-11T13:56:00.970116334Z,"Pooled, Redundancy",2025-07-11T13:56:00.970116334Z,{},2025-07-11T13:56:01.305201482Z,,
01JZWWDVC12RZPS4PNHPMVM779,,,,,,,,,game ended,2025-07-11T14:08:40.78133967Z,,,,,01JZWW44BEQMSR3VMBGNDP631Z,2025-07-11T13:57:33.19660051Z,3,2025-07-11T13:57:56.171904557Z,true,2025-07-11T13:58:00.448144382Z,true,2025-07-11T14:03:30.464094119Z,Player 5,2025-07-11T13:59:19.546963299Z,,,01JZWWDSYEAE3A00A7EH41VC99,2025-07-11T13:57:33.185220356Z,,,"{""networkStruct"":""reciprocal"",""playerCount"":6}",2025-07-11T13:57:33.19660051Z,"Reciprocal, Redundancy",2025-07-11T13:57:33.19660051Z,{},2025-07-11T13:57:33.78502072Z,,
01JZWWAFR4V89Y27MZTSTV5QQ9,true,2025-07-11T14:03:30.464094119Z,true,2025-07-11T14:03:23.241879539Z,null,2025-07-11T14:07:47.59257035Z,null,2025-07-11T14:07:47.594583437Z,game ended,2025-07-11T14:08:40.78133967Z,1,2025-07-11T14:09:20.574249204Z,"{""age"":""44"",""gender"":""male"",""strength"":""It was fun! "",""fair"":""No really, I felt like I did most of the work around 80%"",""feedback"":""Nothing it was great."",""education"":""other""}",2025-07-11T14:09:20.572886459Z,01JZWW44BEQMSR3VMBGNDP631Z,2025-07-11T13:55:42.988930351Z,3,2025-07-11T13:56:50.472468634Z,true,2025-07-11T13:57:11.742423341Z,,,Player 2,2025-07-11T13:59:19.546963299Z,12,2025-07-11T14:07:47.595287372Z,01JZWWAFB5STSQKBDDPEE8JJAX,2025-07-11T13:55:42.980079364Z,MAXIMUM INCOME,2025-07-11T14:03:30.464094119Z,"{""networkStruct"":""reciprocal"",""playerCount"":6}",2025-07-11T13:55:42.988930351Z,"Reciprocal, Redundancy",2025-07-11T13:55:42.988930351Z,{},2025-07-11T13:55:43.197415165Z,TaskQueue,2025-07-11T14:07:47.597620211Z
01JZWX9RXMD0SYJ27NVMKHR6FH,true,2025-07-11T14:22:36.435538065Z,true,2025-07-11T14:22:34.862212011Z,,,null,2025-07-11T14:25:42.711661431Z,game ended,2025-07-11T14:27:46.90399734Z,1,2025-07-11T14:29:13.000524605Z,"{""age"":""30"",""gender"":""FEMALE"",""strength"":""IT WAS DIFICULT"",""fair"":""YES"",""feedback"":""MAKE IT LESS EASIER"",""education"":""bachelor""}",2025-07-11T14:29:13.002144309Z,01JZWX3EKVAEHST0TJAX8RTB0R,2025-07-11T14:12:48.190364248Z,3,2025-07-11T14:14:26.626004738Z,true,2025-07-11T14:14:55.67152778Z,,,Player 5,2025-07-11T14:18:25.40996655Z,2,2025-07-11T14:25:42.708960474Z,01JZWX9QGH175WWXNZ779BVTS8,2025-07-11T14:12:48.180805261Z,,,"{""networkStruct"":""pooled"",""playerCount"":6}",2025-07-11T14:12:48.190364248Z,"Pooled, Redundancy",2025-07-11T14:12:48.190364248Z,{},2025-07-11T14:12:48.727667834Z,TaskQueue,2025-07-11T14:25:42.714152405Z
01JZWYY03K5MM20RZ37Z1W6C6B,true,2025-07-11T14:47:02.143680057Z,true,2025-07-11T14:46:53.605444838Z,,,null,2025-07-11T14:49:50.665368398Z,game ended,2025-07-11T14:52:12.660071468Z,1,2025-07-11T14:52:41.853918264Z,"{""age"":""36"",""gender"":""Male"",""strength"":"""",""fair"":"""",""feedback"":"""",""education"":""high-school""}",2025-07-11T14:52:41.851345351Z,01JZWYF8QQMFZ1MWHEGJ0R4XXC,2025-07-11T14:41:19.485443517Z,3,2025-07-11T14:41:31.176722973Z,true,2025-07-11T14:41:43.230737316Z,,,Player 6,2025-07-11T14:42:51.190117301Z,4,2025-07-11T14:49:50.666887994Z,01JZWYXZYRVT4911QCJ272AT0Q,2025-07-11T14:41:19.475886013Z,,,"{""networkStruct"":""pooled"",""playerCount"":6}",2025-07-11T14:41:19.485443517Z,"Pooled, Redundancy",2025-07-11T14:41:19.485443517Z,{},2025-07-11T14:41:19.585650233Z,TaskQueue,2025-07-11T14:49:50.663599176Z
01JZWZB1F9JVC1EK55RQCCBPD5,,,,,,,,,game ended,2025-07-11T14:57:50.540070736Z,,,,,01JZWYEZAFZ52M7WEAWMWVBBA0,2025-07-11T14:48:26.869939817Z,3,2025-07-11T14:48:28.653924753Z,true,2025-07-11T14:48:29.174856255Z,true,2025-07-11T14:52:40.073334749Z,Player 6,2025-07-11T14:48:29.239260253Z,,,01JZWZB1DFFDP0Q648CMACS9V3,2025-07-11T14:48:26.857536373Z,,,"{""networkStruct"":""pooled"",""playerCount"":6}",2025-07-11T14:48:26.869939817Z,"Pooled, Redundancy",2025-07-11T14:48:26.869939817Z,{},2025-07-11T14:48:26.891404044Z,,
01JZWZEWTVCWXK1NTXNJNQAESA,true,2025-07-11T14:57:30.414871947Z,true,2025-07-11T14:57:21.767449405Z,,,null,2025-07-11T15:00:34.486314121Z,game ended,2025-07-11T15:02:40.881133117Z,1,2025-07-11T15:03:36.707039711Z,"{""age"":""31"",""gender"":""Male - Cisgender"",""strength"":""Slightly fun - made me think quickly."",""fair"":""Didn't get enough time to see, really. we did make quick work of the task."",""feedback"":""Increase co-operation, maybe more opportunities for chat to discuss strategies?"",""education"":""master""}",2025-07-11T15:03:36.710622028Z,01JZWZA6WZVH3TNF2YNV6JH9JY,2025-07-11T14:50:33.18889345Z,3,2025-07-11T14:50:49.190609827Z,true,2025-07-11T14:51:17.583029091Z,,,Player 3,2025-07-11T14:53:19.311794482Z,4,2025-07-11T15:00:34.495136523Z,01JZWZEWG0EBVSRAWPB156MHG9,2025-07-11T14:50:33.179988945Z,,,"{""networkStruct"":""pooled"",""playerCount"":6}",2025-07-11T14:50:33.18889345Z,"Pooled, Redundancy",2025-07-11T14:50:33.18889345Z,{},2025-07-11T14:50:33.363591093Z,TaskQueue,2025-07-11T15:00:34.490970059Z
01JZX012FDPDFTCP0P41MWSE8W,,,,,,,,,no more games,2025-07-11T15:17:23.865363852Z,1,2025-07-11T15:01:44.591203034Z,"{""age"":""70"",""gender"":""female"",""strength"":""It never showed up"",""fair"":""I never had any"",""feedback"":""This is the only page I saw"",""education"":""high-school""}",2025-07-11T15:01:44.586054829Z,null,2025-07-11T15:17:23.865363852Z,1,2025-07-11T15:00:30.973195608Z,,,,,,,,,01JZX012CD2Y2Q1JVXAY2Y3MTD,2025-07-11T15:00:28.781334894Z,,,"{""networkStruct"":""reciprocal"",""playerCount"":3}",2025-07-11T15:00:28.799920556Z,"Reciprocal, No Redundancy",2025-07-11T15:00:28.799920556Z,{},2025-07-11T15:00:28.858843938Z,,
01JZX115S2HKJZB2JP8B84XHRQ,true,2025-07-11T15:28:38.982924683Z,true,2025-07-11T15:28:32.052693683Z,,,neighborhood_2,2025-07-11T15:33:12.877855886Z,game ended,2025-07-11T15:33:49.343911679Z,1,2025-07-11T15:35:21.02663562Z,"{""age"":""24"",""gender"":""man"",""strength"":""It was a fine game !"",""fair"":""I didn't have any teammates."",""feedback"":""/"",""education"":""bachelor""}",2025-07-11T15:35:21.021994823Z,01JZX0Z7G62YA6P24E23JAGNYF,2025-07-11T15:18:00.75015697Z,3,2025-07-11T15:21:34.04290274Z,true,2025-07-11T15:23:29.520871957Z,,,Player 1,2025-07-11T15:24:27.819778673Z,4,2025-07-11T15:33:10.029136456Z,01JZX11581ACVWK210B6TT066J,2025-07-11T15:18:00.738058928Z,,,"{""networkStruct"":""pooled"",""playerCount"":3}",2025-07-11T15:18:00.75015697Z,"Pooled, No Redundancy",2025-07-11T15:18:00.75015697Z,{},2025-07-11T15:18:00.988959062Z,TaskScreen,2025-07-11T15:33:12.883334502Z
01JZX2P7M7ZD3E8YMSMYHDJW8B,true,2025-07-11T15:52:21.126865408Z,true,2025-07-11T15:52:13.829253357Z,,,null,2025-07-11T15:56:22.652554963Z,game ended,2025-07-11T15:57:31.565961446Z,1,2025-07-11T15:58:12.333956206Z,"{""age"":""20"",""gender"":""female"",""strength"":""was very fun "",""fair"":""yes they completed a fair amount"",""feedback"":""live chat after the game"",""education"":""high-school""}",2025-07-11T15:58:12.326540798Z,01JZX2H31TQX1PEB4DWYDPEN1M,2025-07-11T15:46:59.352866675Z,3,2025-07-11T15:47:41.243459109Z,true,2025-07-11T15:48:09.508992537Z,,,Player 2,2025-07-11T15:48:09.618452844Z,6,2025-07-11T15:56:22.663919202Z,01JZX2P79N63S0Z9FEK159EJG5,2025-07-11T15:46:59.335810659Z,,,"{""networkStruct"":""pooled"",""playerCount"":3}",2025-07-11T15:46:59.352866675Z,"Pooled, No Redundancy",2025-07-11T15:46:59.352866675Z,{},2025-07-11T15:46:59.52789299Z,TaskQueue,2025-07-11T15:56:22.658325936Z
01JZWWB2ZTDJ7KT1DWAPV75A3D,true,2025-07-11T14:03:48.14446202Z,true,2025-07-11T14:03:39.937445016Z,,,null,2025-07-11T14:07:12.503146922Z,game ended,2025-07-11T14:08:58.501835879Z,1,2025-07-11T14:10:33.217537664Z,"{""age"":""40"",""gender"":""Male"",""strength"":""interesting and funny"",""fair"":""yes"",""feedback"":""it's good, there's probably no need to improve it"",""education"":""master""}",2025-07-11T14:10:33.206665411Z,01JZWW44BD8A21AGPZM2TQJBZG,2025-07-11T13:56:02.689435021Z,3,2025-07-11T13:57:09.276537739Z,true,2025-07-11T13:57:57.317123503Z,,,Player 3,2025-07-11T13:59:37.305083458Z,3,2025-07-11T14:07:12.499902209Z,01JZWWB2HP67X15DGCBX3W0ZS5,2025-07-11T13:56:02.682086571Z,,,"{""networkStruct"":""pooled"",""playerCount"":6}",2025-07-11T13:56:02.689435021Z,"Pooled, Redundancy",2025-07-11T13:56:02.689435021Z,{},2025-07-11T13:56:03.016191346Z,TaskQueue,2025-07-11T14:07:12.504031889Z
01JZWWH528MN5ZXWM90GBP74AV,true,2025-07-11T14:05:54.379566542Z,true,2025-07-11T14:05:51.159292766Z,,,null,2025-07-11T14:09:31.109190754Z,game ended,2025-07-11T14:11:04.753254281Z,1,2025-07-11T14:11:57.87550491Z,"{""age"":""53"",""gender"":""female"",""strength"":""Good"",""fair"":""Yes "",""feedback"":""make it more thought provoking"",""education"":""high-school""}",2025-07-11T14:11:57.869578028Z,01JZWW44BJEYZBCTBDE78SP8GF,2025-07-11T13:59:21.4246442Z,3,2025-07-11T14:00:12.717594343Z,true,2025-07-11T14:00:37.55231631Z,,,Player 3,2025-07-11T14:01:43.432878152Z,3,2025-07-11T14:09:31.11031417Z,01JZWWH43CZ7W02RF7VXE93TNX,2025-07-11T13:59:21.41673311Z,,,"{""networkStruct"":""pooled"",""playerCount"":6}",2025-07-11T13:59:21.4246442Z,"Pooled, Redundancy",2025-07-11T13:59:21.4246442Z,{},2025-07-11T13:59:22.328881515Z,TaskQueue,2025-07-11T14:09:31.10528886Z
01JZWX6ZA1QTAHD50AM6KPKFJN,,,,,,,,,game terminated,2025-07-11T14:41:54.436709215Z,,,,,01JZWX3EKSQMF1295TSKJKEEN3,2025-07-11T14:11:16.426055056Z,3,2025-07-11T14:12:52.535625264Z,true,2025-07-11T14:14:09.287634451Z,,,Player 4,2025-07-11T14:14:09.334424439Z,,,01JZWX6YX3MSEBP3MVN6PMDDKW,2025-07-11T14:11:16.417795085Z,,,"{""networkStruct"":""pooled"",""playerCount"":6}",2025-07-11T14:11:16.426055056Z,"Pooled, Redundancy",2025-07-11T14:11:16.426055056Z,{},2025-07-11T14:11:16.663756379Z,,
01JZWZ6FT05MJ0JFE020KSSGW6,true,2025-07-11T14:52:40.073334749Z,true,2025-07-11T14:52:33.722829634Z,,,null,2025-07-11T14:57:02.826112438Z,game ended,2025-07-11T14:57:50.540070736Z,1,2025-07-11T14:59:44.645546571Z,"{""age"":""21"",""gender"":""female"",""strength"":""I think it was a bit difficult, to calcule the number of people in each household. And i'm not sure about how I was suppose to add cummulte distance... It took me time each time."",""fair"":""I'm not sure, they where so fast I don't know if theyre additions were very precise"",""feedback"":""By letting us communicate during the game to be sure everyone is involved?"",""education"":""master""}",2025-07-11T14:59:44.642631568Z,01JZWYEZAFZ52M7WEAWMWVBBA0,2025-07-11T14:45:57.70998417Z,3,2025-07-11T14:46:41.360472605Z,true,2025-07-11T14:47:45.057587385Z,,,Player 4,2025-07-11T14:48:29.239260253Z,2,2025-07-11T14:57:02.822536707Z,01JZWZ6F20B3J44FNTJM1MN7RB,2025-07-11T14:45:57.697025804Z,,,"{""networkStruct"":""pooled"",""playerCount"":6}",2025-07-11T14:45:57.70998417Z,"Pooled, Redundancy",2025-07-11T14:45:57.70998417Z,{},2025-07-11T14:45:58.003246064Z,TaskQueue,2025-07-11T14:57:02.829184171Z
01JZWZEMKPQ3YT4DSMPK4Z03YC,true,2025-07-11T14:57:30.414871947Z,true,2025-07-11T14:57:22.632393074Z,,,null,2025-07-11T14:59:49.383845498Z,game ended,2025-07-11T15:02:40.881133117Z,1,2025-07-11T15:06:33.36761548Z,"{""age"":""30"",""gender"":""Male"",""strength"":""game was quite good, but I would have to play more often to be able to play it well"",""fair"":""Yes, I think they were good"",""feedback"":""It would be nice if you could see during the game how much your teammates have already achieved"",""education"":""bachelor""}",2025-07-11T15:06:33.353296819Z,01JZWZA6WZVH3TNF2YNV6JH9JY,2025-07-11T14:50:24.770949611Z,3,2025-07-11T14:51:21.723052391Z,true,2025-07-11T14:52:13.963593977Z,,,Player 1,2025-07-11T14:53:19.311794482Z,1,2025-07-11T14:59:49.38067057Z,01JZWZEM1EWPWSRAY8T5HJY5VZ,2025-07-11T14:50:24.758617014Z,,,"{""networkStruct"":""pooled"",""playerCount"":6}",2025-07-11T14:50:24.770949611Z,"Pooled, Redundancy",2025-07-11T14:50:24.770949611Z,{},2025-07-11T14:50:25.087688174Z,TaskQueue,2025-07-11T14:59:49.401112196Z
01JZX076HSVZJQW5HCA3DBJR6N,true,2025-07-11T15:11:08.803835441Z,true,2025-07-11T15:11:01.036576721Z,,,null,2025-07-11T15:14:41.484472226Z,game ended,2025-07-11T15:16:19.271789414Z,1,2025-07-11T15:17:20.89851669Z,"{""age"":""42"",""gender"":""Male"",""strength"":""I thought it was fine.  I didn't have any issues while playing the game."",""fair"":""Yes.  My teammates did a good job in completing the other tasks quickly."",""feedback"":""I don't see any need for improvements for the future. "",""education"":""bachelor""}",2025-07-11T15:17:20.894505318Z,01JZX01RQWMMEZFDWFCEW25YYC,2025-07-11T15:03:49.574712574Z,3,2025-07-11T15:04:21.19610099Z,true,2025-07-11T15:04:56.811943368Z,,,Player 4,2025-07-11T15:06:57.499820822Z,2,2025-07-11T15:14:41.465164708Z,01JZX076G4H91Y5TV89TAR4XTG,2025-07-11T15:03:49.561870195Z,,,"{""networkStruct"":""pooled"",""playerCount"":6}",2025-07-11T15:03:49.574712574Z,"Pooled, Redundancy",2025-07-11T15:03:49.574712574Z,{},2025-07-11T15:03:49.612976121Z,TaskQueue,2025-07-11T15:14:41.470135326Z
01JZX2RQPGT7HNX13ZRW1JRV6R,true,2025-07-11T15:52:44.025241084Z,true,2025-07-11T15:52:36.143376644Z,,,null,2025-07-11T15:56:12.115541734Z,game ended,2025-07-11T15:57:54.534661425Z,1,2025-07-11T15:58:24.06088238Z,"{""age"":""33"",""gender"":""Male"",""strength"":""Repetitive and easy"",""fair"":""Yes, somewhat"",""feedback"":""Show how many each user has completed"",""education"":""bachelor""}",2025-07-11T15:58:24.053799841Z,01JZX2Q8PA625KPVRQHTPPKHMT,2025-07-11T15:48:21.346965326Z,3,2025-07-11T15:48:28.676559912Z,true,2025-07-11T15:48:32.357763727Z,,,Player 3,2025-07-11T15:48:32.468694892Z,7,2025-07-11T15:56:12.126639593Z,01JZX2RQA6NASAZC496VG5VDDV,2025-07-11T15:48:21.328028431Z,,,"{""networkStruct"":""pooled"",""playerCount"":3}",2025-07-11T15:48:21.346965326Z,"Pooled, No Redundancy",2025-07-11T15:48:21.346965326Z,{},2025-07-11T15:48:21.53812145Z,TaskQueue,2025-07-11T15:56:12.137447055Z
01JZWZQ65JYV89FXKRYZPSTQS3,true,2025-07-11T15:04:52.952485643Z,true,2025-07-11T15:04:48.047892331Z,1,2025-07-11T15:09:58.56585017Z,neighborhood_9,2025-07-11T15:09:58.556685038Z,game ended,2025-07-11T15:10:03.659710196Z,1,2025-07-11T15:11:35.794110292Z,"{""age"":""46"",""gender"":""male"",""strength"":""tricky"",""fair"":""no"",""feedback"":"""",""education"":""other""}",2025-07-11T15:11:35.767442232Z,01JZWZTZWTBGJSFEYPT1TK9JNM,2025-07-11T14:58:01.365052854Z,3,2025-07-11T14:57:58.771801585Z,true,2025-07-11T14:59:52.135901192Z,,,Player 1,2025-07-11T15:00:41.427495048Z,9,2025-07-11T15:09:56.681195145Z,01JZWZQ3Q2ADEHZQRV1MB92493,2025-07-11T14:55:04.882226582Z,AVERAGE PEOPLE,2025-07-11T15:04:52.952485643Z,"{""networkStruct"":""reciprocal"",""playerCount"":3}",2025-07-11T14:55:04.897618154Z,"Reciprocal, No Redundancy",2025-07-11T14:55:04.897618154Z,{},2025-07-11T14:55:05.245555149Z,TaskScreen,2025-07-11T15:09:58.637415271Z
01JZWZYGS8TD1Z9W2K27NY68NW,,,,,,,,,game ended,2025-07-11T15:10:03.659710196Z,,,,,01JZWZTZWTBGJSFEYPT1TK9JNM,2025-07-11T14:59:05.139437324Z,3,2025-07-11T14:59:13.523205097Z,true,2025-07-11T14:59:14.669330103Z,true,2025-07-11T15:04:52.952485643Z,Player 2,2025-07-11T15:00:41.427495048Z,,,01JZWZYGP4H4S458PCGDWQ8V8B,2025-07-11T14:59:05.12850723Z,,,"{""networkStruct"":""reciprocal"",""playerCount"":3}",2025-07-11T14:59:05.139437324Z,"Reciprocal, No Redundancy",2025-07-11T14:59:05.139437324Z,{},2025-07-11T14:59:05.170994035Z,,
01JZWWDCR6AAQ7DF8K6DPD7DVV,true,2025-07-11T14:03:30.464094119Z,true,2025-07-11T14:03:22.857446265Z,null,2025-07-11T14:05:44.807838368Z,null,2025-07-11T14:05:44.804990538Z,game ended,2025-07-11T14:08:40.78133967Z,1,2025-07-11T14:09:24.683167883Z,"{""age"":""25"",""gender"":""male"",""strength"":""kinda fun could have been longer with a bit more pay :3"",""fair"":""no but i know i was"",""feedback"":""live chat while playing"",""education"":""high-school""}",2025-07-11T14:09:24.682021712Z,01JZWW44BEQMSR3VMBGNDP631Z,2025-07-11T13:57:18.22414614Z,3,2025-07-11T13:58:36.809062484Z,true,2025-07-11T13:59:19.505632668Z,,,Player 4,2025-07-11T13:59:19.546963299Z,10,2025-07-11T14:05:44.804083024Z,01JZWWDCBJKYVB3T2FEB3CB7P4,2025-07-11T13:57:18.214961207Z,CHILDREN'S COMMUTE DISTANCE,2025-07-11T14:03:30.464094119Z,"{""networkStruct"":""reciprocal"",""playerCount"":6}",2025-07-11T13:57:18.22414614Z,"Reciprocal, Redundancy",2025-07-11T13:57:18.22414614Z,{},2025-07-11T13:57:18.437694527Z,TaskQueue,2025-07-11T14:05:44.807103929Z
01JZWX9F6Q8VQ55W8RE32715X7,true,2025-07-11T14:22:36.435538065Z,true,2025-07-11T14:22:29.865619389Z,,,null,2025-07-11T14:26:20.239410169Z,game ended,2025-07-11T14:27:46.90399734Z,1,2025-07-11T14:28:45.655416624Z,"{""age"":""50"",""gender"":""male"",""strength"":""I wouldn't do it if I weren't being paid to do it, if you consider that a critique."",""fair"":""I have no idea. I suppose they did the tasks they were supposed to, but I have no idea if they (or I for that matter) did them correctly."",""feedback"":""I have no suggestions."",""education"":""high-school""}",2025-07-11T14:28:45.653949328Z,01JZWX3EKVAEHST0TJAX8RTB0R,2025-07-11T14:12:38.242306996Z,3,2025-07-11T14:13:06.336243366Z,true,2025-07-11T14:13:25.389530552Z,,,Player 2,2025-07-11T14:18:25.40996655Z,2,2025-07-11T14:26:20.237982929Z,01JZWX9F3KX4E1R3ETWD8WDQWH,2025-07-11T14:12:38.231829859Z,,,"{""networkStruct"":""pooled"",""playerCount"":6}",2025-07-11T14:12:38.242306996Z,"Pooled, Redundancy",2025-07-11T14:12:38.242306996Z,{},2025-07-11T14:12:38.293219268Z,TaskQueue,2025-07-11T14:26:20.241148232Z
01JZWY1GAD9NGRAB8QHM4W7ANR,true,2025-07-11T14:32:15.199077728Z,true,2025-07-11T14:32:11.463413956Z,null,2025-07-11T14:34:59.356943622Z,null,2025-07-11T14:34:59.342172063Z,game ended,2025-07-11T14:37:25.638646561Z,1,2025-07-11T14:38:13.625473172Z,"{""age"":""32"",""gender"":""female"",""strength"":""its great"",""fair"":""very"",""feedback"":""more instructions"",""education"":""bachelor""}",2025-07-11T14:38:13.63207273Z,01JZWXSR5K1BFQZY0JR93JV03Z,2025-07-11T14:25:45.816367286Z,3,2025-07-11T14:27:14.727348964Z,true,2025-07-11T14:28:03.971341554Z,,,Player 5,2025-07-11T14:28:04.024842408Z,5,2025-07-11T14:34:59.322171187Z,01JZWY1FYCA5G22DBR6R3HVYCA,2025-07-11T14:25:45.805644973Z,CHILDREN'S COMMUTE DISTANCE,2025-07-11T14:32:15.199077728Z,"{""networkStruct"":""reciprocal"",""playerCount"":6}",2025-07-11T14:25:45.816367286Z,"Reciprocal, Redundancy",2025-07-11T14:25:45.816367286Z,{},2025-07-11T14:25:46.007310006Z,TaskQueue,2025-07-11T14:34:59.361011625Z
01JZWYH11QXSTSDGZZ9F6Y22TB,,,,,,,,,game ended,2025-07-11T14:51:29.051115753Z,,,,,01JZWYF8QGXKN2CZV0RDSN4DZK,2025-07-11T14:34:14.465774826Z,3,2025-07-11T14:34:47.46923298Z,true,2025-07-11T14:35:05.944440704Z,true,2025-07-11T14:46:18.595694709Z,Player 1,2025-07-11T14:42:07.669764959Z,,,01JZWYH0JW145B93RMZBFHG3M8,2025-07-11T14:34:14.455838678Z,,,"{""networkStruct"":""pooled"",""playerCount"":6}",2025-07-11T14:34:14.465774826Z,"Pooled, Redundancy",2025-07-11T14:34:14.465774826Z,{},2025-07-11T14:34:14.704333094Z,,
01JZWYSNVH4MZGWJAHSWQQSMA2,true,2025-07-11T14:47:17.277668538Z,true,2025-07-11T14:47:10.453667312Z,,,null,2025-07-11T14:49:45.778796751Z,game ended,2025-07-11T14:52:27.72495Z,1,2025-07-11T14:53:11.814701249Z,"{""age"":""24"",""gender"":""male"",""strength"":""very fun"",""fair"":""not so much"",""feedback"":""more time to chat"",""education"":""master""}",2025-07-11T14:53:11.808006505Z,01JZWYF8QEVZCXBEEFXT175NAZ,2025-07-11T14:38:57.914490339Z,3,2025-07-11T14:39:05.654000171Z,true,2025-07-11T14:39:07.29347019Z,,,Player 4,2025-07-11T14:43:06.321075018Z,2,2025-07-11T14:49:45.770315298Z,01JZWYSNDPA4GZHG4K6WCM1MY1,2025-07-11T14:38:57.906039955Z,,,"{""networkStruct"":""pooled"",""playerCount"":6}",2025-07-11T14:38:57.914490339Z,"Pooled, Redundancy",2025-07-11T14:38:57.914490339Z,{},2025-07-11T14:38:58.206512758Z,TaskQueue,2025-07-11T14:49:45.774635179Z
01JZWZEKWE7ADH0331F4S01T6Z,true,2025-07-11T14:58:24.507091672Z,true,2025-07-11T14:58:15.936995814Z,,,null,2025-07-11T15:02:15.585195483Z,game ended,2025-07-11T15:03:34.969926458Z,1,2025-07-11T15:04:26.642485283Z,"{""age"":""22"",""gender"":""Male"",""strength"":""It was boring "",""fair"":""No they didnt really do anything besides say their name"",""feedback"":""Make it something more interesting than working out averages "",""education"":""high-school""}",2025-07-11T15:04:26.64710351Z,01JZWZA6X2XVW42HESAJGZ2NT6,2025-07-11T14:50:24.0267258Z,3,2025-07-11T14:50:58.35107661Z,true,2025-07-11T14:51:30.451152442Z,,,Player 3,2025-07-11T14:54:13.416731625Z,4,2025-07-11T15:02:15.595924129Z,01JZWZEJVYH9412H2A7S4HQSES,2025-07-11T14:50:24.014304405Z,,,"{""networkStruct"":""pooled"",""playerCount"":6}",2025-07-11T14:50:24.0267258Z,"Pooled, Redundancy",2025-07-11T14:50:24.0267258Z,{},2025-07-11T14:50:24.258908839Z,TaskQueue,2025-07-11T15:02:15.593071082Z
01JZWWM413PWDQ264Z9DDC2PMJ,,,,,,,,,no more games,2025-07-11T15:06:57.442048781Z,,,,,null,2025-07-11T15:06:57.442048781Z,,,,,,,,,,,01JZWWM3Z93D8CXHCP5ZJYZ558,2025-07-11T14:00:58.659528181Z,,,"{""networkStruct"":""pooled"",""playerCount"":6}",2025-07-11T14:00:58.670985832Z,"Pooled, Redundancy",2025-07-11T14:00:58.670985832Z,{},2025-07-11T14:00:58.697102403Z,,
01JZWWS14HKK5VTMAXJFBNSRNT,,,,,,,,,no more games,2025-07-11T15:06:57.442048781Z,,,,,null,2025-07-11T15:06:57.442048781Z,3,2025-07-11T14:04:00.148523075Z,,,,,,,,,01JZWWS12JEWJD20DYYMYAG8WK,2025-07-11T14:03:39.537038674Z,,,"{""networkStruct"":""pooled"",""playerCount"":6}",2025-07-11T14:03:39.544087078Z,"Pooled, Redundancy",2025-07-11T14:03:39.544087078Z,{},2025-07-11T14:03:39.584158541Z,,
01JZWXAA1ZKVMWZ4HK4Q97E3N1,true,2025-07-11T14:25:58.585494762Z,true,2025-07-11T14:25:53.130236878Z,null,2025-07-11T14:28:38.291307309Z,null,2025-07-11T14:28:38.295129375Z,game ended,2025-07-11T14:31:09.044435473Z,1,2025-07-11T14:35:27.441179147Z,"{""age"":""26"",""gender"":""Male"",""strength"":""The game seems like an interesting team-based task that tests both individual accuracy and group coordination!"",""fair"":""Yes"",""feedback"":""Let teams briefly discuss role assignments after training e.g., \""I’m faster at math, I’ll handle income\""."",""education"":""bachelor""}",2025-07-11T14:35:27.439795448Z,01JZWX3EKQ299J03E1G02M8JNK,2025-07-11T14:13:05.73510489Z,3,2025-07-11T14:18:20.179178216Z,true,2025-07-11T14:19:11.000249078Z,,,Player 5,2025-07-11T14:21:47.614323478Z,6,2025-07-11T14:28:38.292826168Z,01JZWXA69CDNY4YMTVV8BSXRHG,2025-07-11T14:13:05.727214819Z,CHILDREN'S COMMUTE DISTANCE,2025-07-11T14:25:58.585494762Z,"{""networkStruct"":""reciprocal"",""playerCount"":6}",2025-07-11T14:13:05.73510489Z,"Reciprocal, Redundancy",2025-07-11T14:13:05.73510489Z,{},2025-07-11T14:13:06.515138548Z,TaskQueue,2025-07-11T14:28:38.294136713Z
01JZWZ7H326HWH2E70V9SZCXKV,true,2025-07-11T14:52:40.073334749Z,true,2025-07-11T14:52:32.057701158Z,,,null,2025-07-11T14:55:55.87165501Z,game ended,2025-07-11T14:57:50.540070736Z,1,2025-07-11T14:58:22.150888918Z,"{""age"":""22"",""gender"":""male"",""strength"":""interesting"",""fair"":""of course\n"",""feedback"":""nothing\n"",""education"":""bachelor""}",2025-07-11T14:58:22.154138773Z,01JZWYEZAFZ52M7WEAWMWVBBA0,2025-07-11T14:46:31.790184079Z,3,2025-07-11T14:47:09.086707508Z,true,2025-07-11T14:47:16.398317415Z,,,Player 5,2025-07-11T14:48:29.239260253Z,5,2025-07-11T14:55:55.863718932Z,01JZWZ7GM0XRW52AX5DSWJN9JV,2025-07-11T14:46:31.778679262Z,,,"{""networkStruct"":""pooled"",""playerCount"":6}",2025-07-11T14:46:31.790184079Z,"Pooled, Redundancy",2025-07-11T14:46:31.790184079Z,{},2025-07-11T14:46:32.039694042Z,TaskQueue,2025-07-11T14:55:55.860773934Z
01JZX0C88J31VFPZ11Z6AKVTB2,,,,,,,,,game ended,2025-07-11T15:16:19.271789414Z,,,,,01JZX01RQWMMEZFDWFCEW25YYC,2025-07-11T15:06:35.167952717Z,3,2025-07-11T15:06:39.534713175Z,true,2025-07-11T15:06:40.178653164Z,true,2025-07-11T15:11:08.803835441Z,Player 6,2025-07-11T15:06:57.499820822Z,,,01JZX0C878YX3RSAA4HVY09Y4Z,2025-07-11T15:06:35.154686767Z,,,"{""networkStruct"":""pooled"",""playerCount"":6}",2025-07-11T15:06:35.167952717Z,"Pooled, Redundancy",2025-07-11T15:06:35.167952717Z,{},2025-07-11T15:06:35.19392993Z,,
01JZX2QAX09PMNSYBV7S2EH3V2,,,,,,,,,no more games,2025-07-11T15:48:32.370844344Z,1,2025-07-11T15:50:50.784662266Z,"{""age"":""54"",""gender"":""female"",""strength"":""there was no game"",""fair"":""there was no game"",""feedback"":""there was no game"",""education"":""high-school""}",2025-07-11T15:50:50.791515039Z,null,2025-07-11T15:48:32.370844344Z,2,2025-07-11T15:47:49.083318913Z,,,,,,,,,01JZX2QAF4E82PZ12RSYW77SK8,2025-07-11T15:47:35.456193779Z,,,"{""networkStruct"":""pooled"",""playerCount"":3}",2025-07-11T15:47:35.477720465Z,"Pooled, No Redundancy",2025-07-11T15:47:35.477720465Z,{},2025-07-11T15:47:35.709766192Z,,
01JZWWERC6HG3T5784JFB8SC40,true,2025-07-11T14:03:48.14446202Z,true,2025-07-11T14:03:40.715260863Z,,,null,2025-07-11T14:06:58.678095027Z,game ended,2025-07-11T14:08:58.501835879Z,1,2025-07-11T14:11:16.049670804Z,"{""age"":""51"",""gender"":""Male"",""strength"":""Interesting, but not much feedback on whether the correct answers were provided (unless you can't enter incorrect data?)"",""fair"":""Yes, the questions were simple enough, and the tiles were completed"",""feedback"":""Provide feedback on whether they were successfully completed or if an invalid census data was provided.  Ofcourse I'm assuming that you can complete a section with incorrect data?"",""education"":""master""}",2025-07-11T14:11:16.060708392Z,01JZWW44BD8A21AGPZM2TQJBZG,2025-07-11T13:58:02.894317482Z,3,2025-07-11T13:58:37.16302129Z,true,2025-07-11T13:59:37.261223351Z,,,Player 6,2025-07-11T13:59:37.305083458Z,3,2025-07-11T14:06:58.680259214Z,01JZWWER0FV7GMN4J7G9JR67YB,2025-07-11T13:58:02.886163196Z,,,"{""networkStruct"":""pooled"",""playerCount"":6}",2025-07-11T13:58:02.894317482Z,"Pooled, Redundancy",2025-07-11T13:58:02.894317482Z,{},2025-07-11T13:58:03.088460675Z,TaskQueue,2025-07-11T14:06:58.679050244Z
01JZWXCYSGS4DM0KASDDK1609W,,,,,,,,,no more games,2025-07-11T15:06:57.442048781Z,,,,,null,2025-07-11T15:06:57.442048781Z,2,2025-07-11T14:15:05.039317001Z,,,,,,,,,01JZWXCYDSZHWRPJGK37NZDYXD,2025-07-11T14:14:32.496830326Z,,,"{""networkStruct"":""pooled"",""playerCount"":6}",2025-07-11T14:14:32.504910935Z,"Pooled, Redundancy",2025-07-11T14:14:32.504910935Z,{},2025-07-11T14:14:32.715226018Z,,
01JZWYXDHCD5K14VM4PEH0P4XM,true,2025-07-11T14:47:02.143680057Z,true,2025-07-11T14:46:56.181199674Z,,,null,2025-07-11T14:49:28.302529453Z,game ended,2025-07-11T14:52:12.660071468Z,1,2025-07-11T14:54:14.22897165Z,"{""age"":""49"",""gender"":""Male"",""strength"":""It was quite engaging."",""fair"":""Yes."",""feedback"":""Adding a progress bar."",""education"":""master""}",2025-07-11T14:54:14.226260952Z,01JZWYF8QQMFZ1MWHEGJ0R4XXC,2025-07-11T14:41:00.472190686Z,3,2025-07-11T14:42:26.767693561Z,true,2025-07-11T14:42:51.129595618Z,,,Player 4,2025-07-11T14:42:51.190117301Z,1,2025-07-11T14:49:28.041165243Z,01JZWYXCP0DAN1MDG6ACTX98QG,2025-07-11T14:41:00.460747811Z,,,"{""networkStruct"":""pooled"",""playerCount"":6}",2025-07-11T14:41:00.472190686Z,"Pooled, Redundancy",2025-07-11T14:41:00.472190686Z,{},2025-07-11T14:41:00.79936649Z,TaskQueue,2025-07-11T14:49:28.329882709Z
01JZWWS1E4ZVD9KNXSR59ZA4YV,,,,,,,,,no more games,2025-07-11T15:06:57.442048781Z,,,,,null,2025-07-11T15:06:57.442048781Z,3,2025-07-11T14:03:59.884097555Z,,,,,,,,,01JZWWS17W024CAQ8JTHJR1C29,2025-07-11T14:03:39.844144491Z,,,"{""networkStruct"":""pooled"",""playerCount"":6}",2025-07-11T14:03:39.850748912Z,"Pooled, Redundancy",2025-07-11T14:03:39.850748912Z,{},2025-07-11T14:03:39.982774667Z,,
01JZWX710QKKF8CDEBM55SKW3K,true,2025-07-11T14:25:58.585494762Z,true,2025-07-11T14:25:53.720735318Z,null,2025-07-11T14:29:17.092534554Z,null,2025-07-11T14:29:17.093552945Z,game ended,2025-07-11T14:31:09.044435473Z,1,2025-07-11T14:31:50.304706659Z,"{""age"":""27"",""gender"":""male"",""strength"":""I am not really sure it was quite puzzling."",""fair"":""I cannot tell since we did not have much time to have a clear strategy."",""feedback"":""Provide more details."",""education"":""bachelor""}",2025-07-11T14:31:50.306828089Z,01JZWX3EKQ299J03E1G02M8JNK,2025-07-11T14:11:18.177527116Z,3,2025-07-11T14:12:28.627446952Z,true,2025-07-11T14:13:11.465341883Z,,,Player 4,2025-07-11T14:21:47.614323478Z,4,2025-07-11T14:29:17.090480093Z,01JZWX70EDC0P2D0PRNCPTNQMZ,2025-07-11T14:11:18.167934502Z,MAXIMUM INCOME,2025-07-11T14:25:58.585494762Z,"{""networkStruct"":""reciprocal"",""playerCount"":6}",2025-07-11T14:11:18.177527116Z,"Reciprocal, Redundancy",2025-07-11T14:11:18.177527116Z,{},2025-07-11T14:11:18.517330178Z,TaskQueue,2025-07-11T14:29:17.097425511Z
01JZWZ3P36DRC7R79B7MD39946,true,2025-07-11T14:52:40.073334749Z,true,2025-07-11T14:52:32.93218706Z,,,null,2025-07-11T14:55:57.948952671Z,game ended,2025-07-11T14:57:50.540070736Z,1,2025-07-11T14:58:18.08007644Z,"{""age"":""23"",""gender"":""female"",""strength"":""I thouht it was fun"",""fair"":""yes"",""feedback"":""n.a"",""education"":""master""}",2025-07-11T14:58:18.073996665Z,01JZWYEZAFZ52M7WEAWMWVBBA0,2025-07-11T14:44:25.845685549Z,3,2025-07-11T14:45:33.488034069Z,true,2025-07-11T14:45:45.28752698Z,,,Player 1,2025-07-11T14:48:29.239260253Z,2,2025-07-11T14:55:57.947029678Z,01JZWZ3NR84XWXGB1SMYRTD9RW,2025-07-11T14:44:25.8304106Z,,,"{""networkStruct"":""pooled"",""playerCount"":6}",2025-07-11T14:44:25.845685549Z,"Pooled, Redundancy",2025-07-11T14:44:25.845685549Z,{},2025-07-11T14:44:26.046337318Z,TaskQueue,2025-07-11T14:55:57.944160649Z
01JZWZGSFEXTG78PWJS3M7YVF3,,,,,,,,,no more games,2025-07-11T15:06:57.442048781Z,1,2025-07-11T14:55:41.517582901Z,"{""age"":""62"",""gender"":""female"",""strength"":""therec was no game"",""fair"":""no"",""feedback"":"""",""education"":""bachelor""}",2025-07-11T14:55:40.338746793Z,null,2025-07-11T15:06:57.442048781Z,3,2025-07-11T14:53:35.808237446Z,,,,,,,,,01JZWZGQ6DQ3J8D28EHZVVTEV2,2025-07-11T14:51:35.278077219Z,,,"{""networkStruct"":""pooled"",""playerCount"":6}",2025-07-11T14:51:35.290334691Z,"Pooled, Redundancy",2025-07-11T14:51:35.290334691Z,{},2025-07-11T14:51:36.905874229Z,,
01JZWZZVV3VNXKZKFP8JX4F8Z9,true,2025-07-11T15:04:52.952485643Z,true,2025-07-11T15:04:51.02725152Z,null,2025-07-11T15:09:46.990059928Z,null,2025-07-11T15:09:46.998944831Z,game ended,2025-07-11T15:10:03.659710196Z,1,2025-07-11T15:10:35.570138837Z,"{""age"":""28"",""gender"":""Non binary"",""strength"":""It was fun!"",""fair"":""Yeah, I'm sure they worked"",""feedback"":""Knowing how they are going lighting green the ones they do"",""education"":""high-school""}",2025-07-11T15:10:35.562434716Z,01JZWZTZWTBGJSFEYPT1TK9JNM,2025-07-11T14:59:49.232979084Z,3,2025-07-11T15:00:15.389674857Z,true,2025-07-11T15:00:41.351527272Z,,,Player 3,2025-07-11T15:00:41.427495048Z,14,2025-07-11T15:09:46.993706592Z,01JZWZZVD6GSRP9KNVKGK5EJTW,2025-07-11T14:59:49.219819592Z,MAXIMUM INCOME,2025-07-11T15:04:52.952485643Z,"{""networkStruct"":""reciprocal"",""playerCount"":3}",2025-07-11T14:59:49.232979084Z,"Reciprocal, No Redundancy",2025-07-11T14:59:49.232979084Z,{},2025-07-11T14:59:49.47379515Z,TaskQueue,2025-07-11T15:09:47.001724108Z
01JZWWCYNPMQDWGCQTE4GSB1MN,,,,,,,,,no more games,2025-07-11T14:28:03.97710587Z,,,,,null,2025-07-11T14:28:03.97710587Z,,,,,,,,,,,01JZWWCYM2XREKHPRXDBS4HTXR,2025-07-11T13:57:03.798229022Z,,,"{""networkStruct"":""reciprocal"",""playerCount"":6}",2025-07-11T13:57:03.805818898Z,"Reciprocal, Redundancy",2025-07-11T13:57:03.805818898Z,{},2025-07-11T13:57:03.825065564Z,,
01JZWX83CABMEDNJER2FHXBN2K,true,2025-07-11T14:22:36.435538065Z,true,2025-07-11T14:22:31.535034561Z,,,null,2025-07-11T14:26:27.004415676Z,game ended,2025-07-11T14:27:46.90399734Z,1,2025-07-11T14:28:39.717215491Z,"{""age"":""41"",""gender"":""Male"",""strength"":""It was enjoyable"",""fair"":""Yes, I feel like they were all friendly and happy to do their fair share"",""feedback"":""Give a little extra time to complete the tasks"",""education"":""master""}",2025-07-11T14:28:39.696671238Z,01JZWX3EKVAEHST0TJAX8RTB0R,2025-07-11T14:11:53.365232017Z,3,2025-07-11T14:13:24.978764133Z,true,2025-07-11T14:14:51.669841252Z,,,Player 4,2025-07-11T14:18:25.40996655Z,2,2025-07-11T14:26:27.000064819Z,01JZWX82HJP5DG1ENP3SN9FRMY,2025-07-11T14:11:53.354643162Z,,,"{""networkStruct"":""pooled"",""playerCount"":6}",2025-07-11T14:11:53.365232017Z,"Pooled, Redundancy",2025-07-11T14:11:53.365232017Z,{},2025-07-11T14:11:54.029574016Z,TaskQueue,2025-07-11T14:26:27.015681653Z
01JZWXAP05PT0GY02W1QFXQR1K,,,,,,,,,game terminated,2025-07-11T14:41:54.436709215Z,1,2025-07-11T14:45:18.692226604Z,"{""age"":""34"",""gender"":""female"",""strength"":""Was a bit confusing at the beginning but ok"",""fair"":""Yes"",""feedback"":""Make the instructions a bit clearer."",""education"":""master""}",2025-07-11T14:45:18.686878674Z,01JZWX3EKSQMF1295TSKJKEEN3,2025-07-11T14:13:17.967949487Z,3,2025-07-11T14:13:40.08508848Z,true,2025-07-11T14:13:46.41845722Z,,,Player 6,2025-07-11T14:14:09.334424439Z,,,01JZWXANMKHX0ASCXAE37GR7HD,2025-07-11T14:13:17.957968629Z,,,"{""networkStruct"":""pooled"",""playerCount"":6}",2025-07-11T14:13:17.967949487Z,"Pooled, Redundancy",2025-07-11T14:13:17.967949487Z,{},2025-07-11T14:13:18.185156047Z,,
01JZWZD4VBRBGABXWJ5SZM7QQC,true,2025-07-11T14:58:24.507091672Z,true,2025-07-11T14:58:18.170763492Z,,,null,2025-07-11T15:03:12.923114176Z,game ended,2025-07-11T15:03:34.969926458Z,1,2025-07-11T15:03:55.949819518Z,"{""age"":""29"",""gender"":""Male"",""strength"":""Interesting"",""fair"":""Yes"",""feedback"":"""",""education"":""bachelor""}",2025-07-11T15:03:55.955593288Z,01JZWZA6X2XVW42HESAJGZ2NT6,2025-07-11T14:49:35.862613244Z,3,2025-07-11T14:50:27.972535999Z,true,2025-07-11T14:50:48.129039539Z,,,Player 2,2025-07-11T14:54:13.416731625Z,2,2025-07-11T15:03:12.925811828Z,01JZWZD4D8QKBW7GAT6RXDDCBF,2025-07-11T14:49:35.851888887Z,,,"{""networkStruct"":""pooled"",""playerCount"":6}",2025-07-11T14:49:35.862613244Z,"Pooled, Redundancy",2025-07-11T14:49:35.862613244Z,{},2025-07-11T14:49:36.137103139Z,TaskQueue,2025-07-11T15:03:12.917094642Z
01JZWWQJQ9D0R0KEG4FK11PNGA,true,2025-07-11T14:08:21.813776577Z,true,2025-07-11T14:08:14.061030466Z,,,null,2025-07-11T14:11:35.921679307Z,game ended,2025-07-11T14:13:32.197105775Z,1,2025-07-11T14:14:53.064979374Z,"{""age"":""36"",""gender"":""Male"",""strength"":""I thought it was good and well laid out"",""fair"":""I think they were"",""feedback"":""Maybe an \""im finished\"" button for everyone instead of waiting if everyone has completed the task"",""education"":""other""}",2025-07-11T14:14:53.063775803Z,01JZWW44BKFZG5XQJNSM0R26CJ,2025-07-11T14:02:52.017472664Z,3,2025-07-11T14:03:43.204631402Z,true,2025-07-11T14:04:10.829222022Z,,,Player 4,2025-07-11T14:04:10.874151937Z,5,2025-07-11T14:11:35.920301827Z,01JZWWQJBYSXK1WXG7HMV08HAH,2025-07-11T14:02:52.009804631Z,,,"{""networkStruct"":""pooled"",""playerCount"":6}",2025-07-11T14:02:52.017472664Z,"Pooled, Redundancy",2025-07-11T14:02:52.017472664Z,{},2025-07-11T14:02:52.205372359Z,TaskQueue,2025-07-11T14:11:35.922333662Z
01JZWWS6Q2WFHDRGHBRD0QZ05T,,,,,,,,,game ended,2025-07-11T14:13:32.197105775Z,,,,,01JZWW44BKFZG5XQJNSM0R26CJ,2025-07-11T14:03:45.259604977Z,3,2025-07-11T14:03:58.997758817Z,true,2025-07-11T14:03:59.597335006Z,true,2025-07-11T14:08:21.813776577Z,Player 6,2025-07-11T14:04:10.874151937Z,,,01JZWWS6NA5ACRDMXVFE004HP3,2025-07-11T14:03:45.250834983Z,,,"{""networkStruct"":""pooled"",""playerCount"":6}",2025-07-11T14:03:45.259604977Z,"Pooled, Redundancy",2025-07-11T14:03:45.259604977Z,{},2025-07-11T14:03:45.28280198Z,,
01JZWWT3C74XWKD4ZTVM7MM9PC,,,,,,,,,game terminated,2025-07-11T14:08:11.837829167Z,1,2025-07-11T14:09:17.455952345Z,"{""age"":""38"",""gender"":""Female"",""strength"":""I haven't had a chance to play, this exit survey has just popped up before I have even done anything. "",""fair"":""I haven't had a chance to play, this exit survey has just popped up before I have even done anything. "",""feedback"":""I haven't had a chance to play, this exit survey has just popped up before I have even done anything. "",""education"":""master""}",2025-07-11T14:09:17.454490838Z,01JZWWSZEZQJYGPY7VRHZ7X46X,2025-07-11T14:04:14.606344949Z,3,2025-07-11T14:05:18.092695306Z,true,2025-07-11T14:05:59.79962113Z,,,,,,,01JZWWT2XYEP8MH7307SGQ8SYS,2025-07-11T14:04:14.599591284Z,,,"{""networkStruct"":""reciprocal"",""playerCount"":3}",2025-07-11T14:04:14.606344949Z,"Reciprocal, No Redundancy",2025-07-11T14:04:14.606344949Z,{},2025-07-11T14:04:14.83657199Z,,
01JZWX94CT6WKB6JQ2K9VR3ZPG,true,2025-07-11T14:25:58.585494762Z,true,2025-07-11T14:25:51.635952188Z,null,2025-07-11T14:28:59.898998944Z,null,2025-07-11T14:28:59.901285365Z,game ended,2025-07-11T14:31:09.044435473Z,1,2025-07-11T14:33:31.869477409Z,"{""age"":""51"",""gender"":""Male"",""strength"":""It was a lot of fun and I think I was able to complete the tasks very efficiently and quickly"",""fair"":""From what I could see, I did most of the work, while my teammates completed only a few of the tasks"",""feedback"":""More contact with the teammates and the ability to communicate with them during the game would be an improvement"",""education"":""master""}",2025-07-11T14:33:31.86817837Z,01JZWX3EKQ299J03E1G02M8JNK,2025-07-11T14:12:27.172112509Z,3,2025-07-11T14:13:50.342901471Z,true,2025-07-11T14:14:25.82524689Z,,,Player 3,2025-07-11T14:21:47.614323478Z,10,2025-07-11T14:28:59.904337776Z,01JZWX93ZDSTY30287K24YQWMW,2025-07-11T14:12:27.162840365Z,MAXIMUM INCOME,2025-07-11T14:25:58.585494762Z,"{""networkStruct"":""reciprocal"",""playerCount"":6}",2025-07-11T14:12:27.172112509Z,"Reciprocal, Redundancy",2025-07-11T14:12:27.172112509Z,{},2025-07-11T14:12:27.38367645Z,TaskQueue,2025-07-11T14:28:59.896445209Z
01JZWZJMRCZ02XFXY60R46FFTN,true,2025-07-11T14:58:24.507091672Z,true,2025-07-11T14:58:18.345651557Z,,,null,2025-07-11T15:02:39.786431238Z,game ended,2025-07-11T15:03:34.969926458Z,1,2025-07-11T15:04:09.313698819Z,"{""age"":""41"",""gender"":""Female"",""strength"":""it was fun"",""fair"":""yes"",""feedback"":""unsure"",""education"":""bachelor""}",2025-07-11T15:04:09.306381455Z,01JZWZA6X2XVW42HESAJGZ2NT6,2025-07-11T14:53:19.269506344Z,3,2025-07-11T14:53:33.53472976Z,true,2025-07-11T14:54:13.332534538Z,,,Player 5,2025-07-11T14:54:13.416731625Z,2,2025-07-11T15:02:39.781172719Z,01JZWZJMCXQFBBMNYGTED25JEV,2025-07-11T14:52:35.980167085Z,,,"{""networkStruct"":""pooled"",""playerCount"":6}",2025-07-11T14:52:35.991060417Z,"Pooled, Redundancy",2025-07-11T14:52:35.991060417Z,{},2025-07-11T14:52:36.208591969Z,TaskQueue,2025-07-11T15:02:39.788941784Z
01JZWWA4RKN8NR8TMF653NA46W,true,2025-07-11T14:03:16.701729992Z,true,2025-07-11T14:03:16.075301239Z,,,null,2025-07-11T14:07:08.003793158Z,game ended,2025-07-11T14:08:27.179659615Z,1,2025-07-11T14:09:06.120502385Z,"{""age"":""21"",""gender"":""male"",""strength"":""I think the game was interesting."",""fair"":""I thought my teammates could have been more helpful. I thought I carried the team a bit more than others."",""feedback"":""Make it more incentivizing for people who work more than others."",""education"":""bachelor""}",2025-07-11T14:09:06.121539878Z,01JZWW44BJEYZBCTBDEK4Q79TP,2025-07-11T13:55:31.740478655Z,3,2025-07-11T13:55:36.038225674Z,true,2025-07-11T13:55:37.10816369Z,,,Player 2,2025-07-11T13:59:05.662502984Z,6,2025-07-11T14:07:08.002780156Z,01JZWWA4P12T03TJGJHH7PKT1B,2025-07-11T13:55:31.731917453Z,,,"{""networkStruct"":""pooled"",""playerCount"":6}",2025-07-11T13:55:31.740478655Z,"Pooled, Redundancy",2025-07-11T13:55:31.740478655Z,{},2025-07-11T13:55:31.779357787Z,TaskQueue,2025-07-11T14:07:08.005187772Z
01JZWWBPA4TT0JKHZVP62JDDZM,,,,,,,,,game ended,2025-07-11T14:11:04.753254281Z,,,,,01JZWW44BJEYZBCTBDE78SP8GF,2025-07-11T13:56:22.478895564Z,3,2025-07-11T13:57:32.78195227Z,true,2025-07-11T13:59:03.366916075Z,true,2025-07-11T14:05:54.379566542Z,Player 1,2025-07-11T14:01:43.432878152Z,,,01JZWWBNWR54HWTGPBFJYHEGFA,2025-07-11T13:56:22.468329929Z,,,"{""networkStruct"":""pooled"",""playerCount"":6}",2025-07-11T13:56:22.478895564Z,"Pooled, Redundancy",2025-07-11T13:56:22.478895564Z,{},2025-07-11T13:56:22.706729175Z,,
01JZX0GSK97NWAMWARPJJ0NPSW,true,2025-07-11T15:21:35.066380221Z,true,2025-07-11T15:21:34.87456619Z,2,2025-07-11T15:22:24.842616821Z,neighborhood_2,2025-07-11T15:22:24.833662593Z,game ended,2025-07-11T15:26:45.411883584Z,,,,,01JZX0EJCSWJJ7NMNA9BY9TMMP,2025-07-11T15:09:03.999733876Z,3,2025-07-11T15:10:58.79181265Z,true,2025-07-11T15:12:41.707326411Z,,,Player 2,2025-07-11T15:17:23.921288367Z,1,2025-07-11T15:22:22.185037082Z,01JZX0GS5297P8AS2KG395A0RC,2025-07-11T15:09:03.977738894Z,MAXIMUM INCOME,2025-07-11T15:21:35.066380221Z,"{""networkStruct"":""reciprocal"",""playerCount"":3}",2025-07-11T15:09:03.999733876Z,"Reciprocal, No Redundancy",2025-07-11T15:09:03.999733876Z,{},2025-07-11T15:09:04.219373801Z,TaskScreen,2025-07-11T15:22:24.838563811Z
01JZWYJ28VW92PH36ZE0MQYAQ4,true,2025-07-11T14:46:18.595694709Z,true,2025-07-11T14:46:12.473691534Z,,,null,2025-07-11T14:49:31.795218079Z,game ended,2025-07-11T14:51:29.051115753Z,1,2025-07-11T14:53:49.818522018Z,"{""age"":""39"",""gender"":""Male"",""strength"":""It was simple but fun knowing that you were against the clock."",""fair"":""Very helpful. They seemed to complete the tasks in a really quick time."",""feedback"":""I can't think of any improvements I could add."",""education"":""high-school""}",2025-07-11T14:53:49.81448654Z,01JZWYF8QGXKN2CZV0RDSN4DZK,2025-07-11T14:34:48.485237611Z,3,2025-07-11T14:35:35.022263258Z,true,2025-07-11T14:36:12.278128618Z,,,Player 4,2025-07-11T14:42:07.669764959Z,3,2025-07-11T14:49:31.802635292Z,01JZWYJ1Y0DQMQZ5PCM51J3SJ1,2025-07-11T14:34:48.475935528Z,,,"{""networkStruct"":""pooled"",""playerCount"":6}",2025-07-11T14:34:48.485237611Z,"Pooled, Redundancy",2025-07-11T14:34:48.485237611Z,{},2025-07-11T14:34:48.678478217Z,TaskQueue,2025-07-11T14:49:31.800971485Z
01JZX1R4YP5HVEKA0XNA7TAFFS,true,2025-07-11T15:39:23.555449076Z,true,2025-07-11T15:39:15.802061794Z,,,neighborhood_3,2025-07-11T15:42:28.089509396Z,game ended,2025-07-11T15:44:33.97796074Z,1,2025-07-11T15:45:48.89591854Z,"{""age"":""21"",""gender"":""female"",""strength"":""kinda did not understand whether the comute distance was supposed to be all together or just who has it the furtherst"",""fair"":""i guess yeah "",""feedback"":""a bit more detailed instructions"",""education"":""high-school""}",2025-07-11T15:45:48.890075782Z,01JZX1PFC8GTFQ985G5CCXBWPH,2025-07-11T15:30:33.575127652Z,3,2025-07-11T15:31:53.402447392Z,true,2025-07-11T15:33:55.530462539Z,,,Player 1,2025-07-11T15:35:12.249345087Z,1,2025-07-11T15:42:22.466922404Z,01JZX1R4FBYNRNH19SZK3NKVV6,2025-07-11T15:30:33.558517411Z,,,"{""networkStruct"":""pooled"",""playerCount"":3}",2025-07-11T15:30:33.575127652Z,"Pooled, No Redundancy",2025-07-11T15:30:33.575127652Z,{},2025-07-11T15:30:33.818474671Z,TaskScreen,2025-07-11T15:42:28.095099611Z
01JZWWBH4WB4XZDAMV7JJ8BHKJ,,,,,,,,,game ended,2025-07-11T14:08:58.501835879Z,,,,,01JZWW44BD8A21AGPZM2TQJBZG,2025-07-11T13:56:17.187526553Z,3,2025-07-11T13:57:42.547522668Z,true,2025-07-11T13:58:05.193739945Z,true,2025-07-11T14:03:48.14446202Z,Player 4,2025-07-11T13:59:37.305083458Z,,,01JZWWBH2V1NTP3JC8TJKPEKRG,2025-07-11T13:56:17.18010206Z,,,"{""networkStruct"":""pooled"",""playerCount"":6}",2025-07-11T13:56:17.187526553Z,"Pooled, Redundancy",2025-07-11T13:56:17.187526553Z,{},2025-07-11T13:56:17.250739812Z,,
01JZWWCCD43GJ8WZ7MW8255GK4,,,,,,,,,no more games,2025-07-11T14:28:03.97710587Z,,,,,null,2025-07-11T14:28:03.97710587Z,,,,,,,,,,,01JZWWCCB5JPW7EKB33JY0370B,2025-07-11T13:56:45.09261489Z,,,"{""networkStruct"":""reciprocal"",""playerCount"":6}",2025-07-11T13:56:45.099964289Z,"Reciprocal, Redundancy",2025-07-11T13:56:45.099964289Z,{},2025-07-11T13:56:45.124714028Z,,
01JZWWG9137FEWS8WZ5AERQJQ8,,,,,,,,,no more games,2025-07-11T15:06:57.442048781Z,,,,,null,2025-07-11T15:06:57.442048781Z,,,,,,,,,,,01JZWWG7326ZDZEBHGANR6T65B,2025-07-11T13:58:52.707360011Z,,,"{""networkStruct"":""pooled"",""playerCount"":6}",2025-07-11T13:58:52.717197558Z,"Pooled, Redundancy",2025-07-11T13:58:52.717197558Z,{},2025-07-11T13:58:53.090804977Z,,
01JZWXV34EAFRZ69GSZWEZN8E5,true,2025-07-11T14:32:15.199077728Z,true,2025-07-11T14:32:09.2549498Z,null,2025-07-11T14:34:58.881769557Z,null,2025-07-11T14:34:58.87702319Z,game ended,2025-07-11T14:37:25.638646561Z,1,2025-07-11T14:38:05.097152199Z,"{""age"":""25"",""gender"":""male"",""strength"":""I think it is interesting and makes us think"",""fair"":""No"",""feedback"":""I don't know"",""education"":""master""}",2025-07-11T14:38:05.098700592Z,01JZWXSR5K1BFQZY0JR93JV03Z,2025-07-11T14:22:15.702524349Z,3,2025-07-11T14:26:14.98081894Z,true,2025-07-11T14:26:45.002969773Z,,,Player 4,2025-07-11T14:28:04.024842408Z,8,2025-07-11T14:34:58.879789458Z,01JZWXV2NSVEFC76T7GT9D6KJ7,2025-07-11T14:22:15.694403067Z,MAXIMUM INCOME,2025-07-11T14:32:15.199077728Z,"{""networkStruct"":""reciprocal"",""playerCount"":6}",2025-07-11T14:22:15.702524349Z,"Reciprocal, Redundancy",2025-07-11T14:22:15.702524349Z,{},2025-07-11T14:22:15.943105078Z,TaskQueue,2025-07-11T14:34:58.885814067Z
01JZX20F3YCVFDF210AWWM3261,,,,,,,,,game ended,2025-07-11T15:46:42.968055071Z,,,,,01JZX2212BFA30WB2A037X5VVW,2025-07-11T15:35:58.572719003Z,3,2025-07-11T15:36:02.15669024Z,true,2025-07-11T15:36:03.72272375Z,true,2025-07-11T15:41:32.510204101Z,Player 2,2025-07-11T15:37:21.24724259Z,,,01JZX20EHCT8H9570FM4F8MKB7,2025-07-11T15:35:06.110739215Z,,,"{""networkStruct"":""pooled"",""playerCount"":3}",2025-07-11T15:35:06.125507951Z,"Pooled, No Redundancy",2025-07-11T15:35:06.125507951Z,{},2025-07-11T15:35:06.456468195Z,,
01JZWXQTNAA54XT8WHWSHA2QGE,true,2025-07-11T14:25:58.585494762Z,true,2025-07-11T14:25:50.652669266Z,null,2025-07-11T14:28:52.198781393Z,null,2025-07-11T14:28:52.196639109Z,game ended,2025-07-11T14:31:09.044435473Z,1,2025-07-11T14:31:59.278906944Z,"{""age"":""35"",""gender"":""Male"",""strength"":""Quite fun"",""fair"":""Yes"",""feedback"":"""",""education"":""master""}",2025-07-11T14:31:59.272728242Z,01JZWX3EKQ299J03E1G02M8JNK,2025-07-11T14:20:28.72179679Z,3,2025-07-11T14:21:15.244374274Z,true,2025-07-11T14:21:47.550958293Z,,,Player 6,2025-07-11T14:21:47.614323478Z,8,2025-07-11T14:28:52.195207112Z,01JZWXQTAG372FSXEM8VVE9K8M,2025-07-11T14:20:28.714198361Z,CHILDREN'S COMMUTE DISTANCE,2025-07-11T14:25:58.585494762Z,"{""networkStruct"":""reciprocal"",""playerCount"":6}",2025-07-11T14:20:28.72179679Z,"Reciprocal, Redundancy",2025-07-11T14:20:28.72179679Z,{},2025-07-11T14:20:28.906193941Z,TaskQueue,2025-07-11T14:28:52.204509359Z
01JZWYH4PB2R8FYRP99C85DYW1,true,2025-07-11T14:46:18.595694709Z,true,2025-07-11T14:46:10.425719812Z,,,null,2025-07-11T14:49:31.068312358Z,game ended,2025-07-11T14:51:29.051115753Z,1,2025-07-11T14:52:27.260199159Z,"{""age"":""21"",""gender"":""Male"",""strength"":""Interesting game"",""fair"":""Personally, no."",""feedback"":""Make it longer"",""education"":""bachelor""}",2025-07-11T14:52:27.257790473Z,01JZWYF8QGXKN2CZV0RDSN4DZK,2025-07-11T14:34:18.207112252Z,3,2025-07-11T14:34:44.641034481Z,true,2025-07-11T14:35:00.339216773Z,,,Player 2,2025-07-11T14:42:07.669764959Z,6,2025-07-11T14:49:31.071850323Z,01JZWYH470DQ90KJABEFAFT07D,2025-07-11T14:34:18.187290965Z,,,"{""networkStruct"":""pooled"",""playerCount"":6}",2025-07-11T14:34:18.207112252Z,"Pooled, Redundancy",2025-07-11T14:34:18.207112252Z,{},2025-07-11T14:34:18.460985138Z,TaskQueue,2025-07-11T14:49:31.066092966Z
01JZWYH9TKSXJW5786Q978C8Y0,true,2025-07-11T14:47:17.277668538Z,true,2025-07-11T14:47:11.180948275Z,,,null,2025-07-11T14:50:51.895184976Z,game ended,2025-07-11T14:52:27.72495Z,1,2025-07-11T14:53:34.535375532Z,"{""age"":""75"",""gender"":""male"",""strength"":""quite straightforward"",""fair"":""only in that they also completed their tasks"",""feedback"":""not sure"",""education"":""bachelor""}",2025-07-11T14:53:34.538572016Z,01JZWYF8QEVZCXBEEFXT175NAZ,2025-07-11T14:34:23.454758969Z,3,2025-07-11T14:36:13.958620109Z,true,2025-07-11T14:37:56.166338927Z,,,Player 1,2025-07-11T14:43:06.321075018Z,3,2025-07-11T14:50:51.893237836Z,01JZWYH99YQ57KRW2A6ZR278SQ,2025-07-11T14:34:23.443335524Z,,,"{""networkStruct"":""pooled"",""playerCount"":6}",2025-07-11T14:34:23.454758969Z,"Pooled, Redundancy",2025-07-11T14:34:23.454758969Z,{},2025-07-11T14:34:23.672687495Z,TaskQueue,2025-07-11T14:50:51.896839697Z
01JZWYXK9GBY6KHHKHPP39H1EW,true,2025-07-11T14:47:02.143680057Z,true,2025-07-11T14:46:57.06103492Z,,,null,2025-07-11T14:49:39.639621122Z,game ended,2025-07-11T14:52:12.660071468Z,1,2025-07-11T14:53:30.956744614Z,"{""age"":""23"",""gender"":""Man!"",""strength"":""Easy and fun"",""fair"":""There were no interactions besides the starting chatting, so there was no need for teammates in the first place"",""feedback"":""I have no idea"",""education"":""master""}",2025-07-11T14:53:30.952197815Z,01JZWYF8QQMFZ1MWHEGJ0R4XXC,2025-07-11T14:41:06.363643275Z,3,2025-07-11T14:42:06.915770419Z,true,2025-07-11T14:42:49.65980951Z,,,Player 5,2025-07-11T14:42:51.190117301Z,3,2025-07-11T14:49:39.655757031Z,01JZWYXJH4RGRXHJCT81EBG94M,2025-07-11T14:41:06.352786949Z,,,"{""networkStruct"":""pooled"",""playerCount"":6}",2025-07-11T14:41:06.363643275Z,"Pooled, Redundancy",2025-07-11T14:41:06.363643275Z,{},2025-07-11T14:41:06.830638935Z,TaskQueue,2025-07-11T14:49:39.65333254Z
01JZWWCTC46AK32XBBAE4G0JMD,,,,,,,,,game ended,2025-07-11T14:13:32.197105775Z,,,,,01JZWW44BKFZG5XQJNSM0R26CJ,2025-07-11T13:59:37.273670578Z,3,2025-07-11T13:59:54.640392122Z,true,2025-07-11T14:00:11.918317179Z,true,2025-07-11T14:08:21.813776577Z,Player 2,2025-07-11T14:04:10.874151937Z,,,01JZWWCSB0FNHC2H4ST1P3G3W1,2025-07-11T13:56:59.396690278Z,,,"{""networkStruct"":""pooled"",""playerCount"":6}",2025-07-11T13:56:59.406622426Z,"Pooled, Redundancy",2025-07-11T13:56:59.406622426Z,{},2025-07-11T13:57:00.189865484Z,,
01JZWWE555WXVET4AYP5QH2KC1,true,2025-07-11T14:05:54.379566542Z,true,2025-07-11T14:05:51.734516582Z,,,neighborhood_8,2025-07-11T14:09:07.031036393Z,game ended,2025-07-11T14:11:04.753254281Z,1,2025-07-11T14:12:18.505013899Z,"{""age"":""54"",""gender"":""Male"",""strength"":""It was interesting"",""fair"":""yes"",""feedback"":""Not sure"",""education"":""master""}",2025-07-11T14:12:18.506111315Z,01JZWW44BJEYZBCTBDE78SP8GF,2025-07-11T13:57:43.213581734Z,3,2025-07-11T13:59:12.058378769Z,true,2025-07-11T14:01:21.202041048Z,,,Player 2,2025-07-11T14:01:43.432878152Z,1,2025-07-11T14:08:57.549825156Z,01JZWWE4AEZ7CED3GDE1RHTNAZ,2025-07-11T13:57:43.205587175Z,,,"{""networkStruct"":""pooled"",""playerCount"":6}",2025-07-11T13:57:43.213581734Z,"Pooled, Redundancy",2025-07-11T13:57:43.213581734Z,{},2025-07-11T13:57:43.557891235Z,TaskScreen,2025-07-11T14:09:07.029999879Z
01JZWWF7C9HA4NYBQTZ4DM0R0A,,,,,,,,,game ended,2025-07-11T14:08:27.179659615Z,,,,,01JZWW44BJEYZBCTBDEK4Q79TP,2025-07-11T13:58:18.259994121Z,3,2025-07-11T13:58:20.850904085Z,true,2025-07-11T13:58:21.318728916Z,true,2025-07-11T14:03:16.701729992Z,Player 6,2025-07-11T13:59:05.662502984Z,,,01JZWWF7APFPDXA1TWEYHSJE10,2025-07-11T13:58:18.249918328Z,,,"{""networkStruct"":""pooled"",""playerCount"":6}",2025-07-11T13:58:18.259994121Z,"Pooled, Redundancy",2025-07-11T13:58:18.259994121Z,{},2025-07-11T13:58:18.28136257Z,,
01JZWX76XWNV56TQHRGYB7GPVM,,,,,,,,,game ended,2025-07-11T14:27:46.90399734Z,,,,,01JZWX3EKVAEHST0TJAX8RTB0R,2025-07-11T14:11:24.230580819Z,3,2025-07-11T14:12:56.89402721Z,true,2025-07-11T14:14:06.398090825Z,true,2025-07-11T14:22:36.435538065Z,Player 1,2025-07-11T14:18:25.40996655Z,,,01JZWX75F96V09H7A43F0MK2EZ,2025-07-11T14:11:24.220175521Z,,,"{""networkStruct"":""pooled"",""playerCount"":6}",2025-07-11T14:11:24.230580819Z,"Pooled, Redundancy",2025-07-11T14:11:24.230580819Z,{},2025-07-11T14:11:24.498621217Z,,
01JZWXQHKPA4X1WQ3R3Z7FMECR,true,2025-07-11T14:32:15.199077728Z,true,2025-07-11T14:32:10.623570421Z,null,2025-07-11T14:34:38.209189341Z,null,2025-07-11T14:34:38.20006897Z,game ended,2025-07-11T14:37:25.638646561Z,1,2025-07-11T14:38:47.801670105Z,"{""age"":""60"",""gender"":""Female"",""strength"":""Good I enjoyed it"",""fair"":""Yes I think so"",""feedback"":""Give less time to complete the tasks or less players"",""education"":""high-school""}",2025-07-11T14:38:47.79652605Z,01JZWXSR5K1BFQZY0JR93JV03Z,2025-07-11T14:21:47.570500299Z,3,2025-07-11T14:23:01.002123515Z,true,2025-07-11T14:24:41.941537184Z,,,Player 3,2025-07-11T14:28:04.024842408Z,6,2025-07-11T14:34:38.20517619Z,01JZWXQH740WR2XDZ6FHXM9AER,2025-07-11T14:20:19.446466282Z,MAXIMUM INCOME,2025-07-11T14:32:15.199077728Z,"{""networkStruct"":""reciprocal"",""playerCount"":6}",2025-07-11T14:20:19.456217217Z,"Reciprocal, Redundancy",2025-07-11T14:20:19.456217217Z,{},2025-07-11T14:20:19.68155932Z,TaskQueue,2025-07-11T14:34:38.206289245Z
01JZWZS0N0DQ29KPVMEVNEED6G,true,2025-07-11T15:02:13.275621639Z,true,2025-07-11T15:02:06.090577764Z,2,2025-07-11T15:07:20.842403715Z,neighborhood_14,2025-07-11T15:07:20.845220084Z,game ended,2025-07-11T15:07:23.635293708Z,1,2025-07-11T15:08:23.422915573Z,"{""age"":""55"",""gender"":""Male"",""strength"":""great"",""fair"":""Not really that helpfuk"",""feedback"":""Better interaction between layers"",""education"":""bachelor""}",2025-07-11T15:08:23.414930938Z,01JZWZMMDWT0YY5HX1X5C8Z68M,2025-07-11T14:56:04.77842352Z,3,2025-07-11T14:56:39.632311267Z,true,2025-07-11T14:57:06.838552771Z,,,Player 2,2025-07-11T14:58:01.434302035Z,13,2025-07-11T15:07:17.946487445Z,01JZWZS0ARBR2M7B7S6YTAQPS8,2025-07-11T14:56:04.768063547Z,MAXIMUM INCOME,2025-07-11T15:02:13.275621639Z,"{""networkStruct"":""reciprocal"",""playerCount"":3}",2025-07-11T14:56:04.77842352Z,"Reciprocal, No Redundancy",2025-07-11T14:56:04.77842352Z,{},2025-07-11T14:56:04.942469327Z,TaskScreen,2025-07-11T15:07:20.838705139Z
01JZWXC7EY7Y5APFGPXBC5AK0K,true,2025-07-11T14:22:36.435538065Z,true,2025-07-11T14:22:28.982945627Z,,,null,2025-07-11T14:25:45.654763215Z,game ended,2025-07-11T14:27:46.90399734Z,1,2025-07-11T14:29:18.075011715Z,"{""age"":""25"",""gender"":""male"",""strength"":""i liked it "",""fair"":""not at all, i did my own task but could not make 15 task in the timeline. so to some case they helped"",""feedback"":""that you let the people chat for 3 min and that you get more bonus if you do task together or parts of it"",""education"":""bachelor""}",2025-07-11T14:29:18.073161876Z,01JZWX3EKVAEHST0TJAX8RTB0R,2025-07-11T14:14:08.615444383Z,3,2025-07-11T14:18:00.49458738Z,true,2025-07-11T14:18:25.348207609Z,,,Player 3,2025-07-11T14:18:25.40996655Z,4,2025-07-11T14:25:45.65810081Z,01JZWXC7243YJHSVK98Z7X9CAV,2025-07-11T14:14:08.606542805Z,,,"{""networkStruct"":""pooled"",""playerCount"":6}",2025-07-11T14:14:08.615444383Z,"Pooled, Redundancy",2025-07-11T14:14:08.615444383Z,{},2025-07-11T14:14:08.823428156Z,TaskQueue,2025-07-11T14:25:45.747113366Z
01JZWYW8JH9ME15JRDW0SJ54M5,true,2025-07-11T14:47:02.143680057Z,true,2025-07-11T14:46:54.208164111Z,,,null,2025-07-11T14:49:45.008666155Z,game ended,2025-07-11T14:52:12.660071468Z,1,2025-07-11T14:52:37.736806195Z,"{""age"":""24"",""gender"":""Woman"",""strength"":""I liked it!"",""fair"":""yes :)"",""feedback"":""N/A"",""education"":""bachelor""}",2025-07-11T14:52:37.739638317Z,01JZWYF8QQMFZ1MWHEGJ0R4XXC,2025-07-11T14:40:22.62160989Z,3,2025-07-11T14:41:26.534129146Z,true,2025-07-11T14:41:45.673674035Z,,,Player 3,2025-07-11T14:42:51.190117301Z,3,2025-07-11T14:49:44.997801864Z,01JZWYW81SW52JMB9SWGGBTP59,2025-07-11T14:40:22.609564539Z,,,"{""networkStruct"":""pooled"",""playerCount"":6}",2025-07-11T14:40:22.62160989Z,"Pooled, Redundancy",2025-07-11T14:40:22.62160989Z,{},2025-07-11T14:40:22.895037606Z,TaskQueue,2025-07-11T14:49:45.010807157Z
01JZX19RZ6E0A52RBZ6MEZR0NS,,,,,,,,,game ended,2025-07-11T15:33:49.343911679Z,,,,,01JZX0Z7G62YA6P24E23JAGNYF,2025-07-11T15:22:42.551986838Z,3,2025-07-11T15:23:58.042057427Z,true,2025-07-11T15:24:27.744929275Z,true,2025-07-11T15:28:38.982924683Z,Player 3,2025-07-11T15:24:27.819778673Z,,,01JZX19RTVRAG5WDV8255X35X9,2025-07-11T15:22:42.534974396Z,,,"{""networkStruct"":""pooled"",""playerCount"":3}",2025-07-11T15:22:42.551986838Z,"Pooled, No Redundancy",2025-07-11T15:22:42.551986838Z,{},2025-07-11T15:22:42.649096222Z,,
01JZX2QD1R2761SWTWB0BZFQ3W,,,,,,,,,no more games,2025-07-11T15:48:32.370844344Z,1,2025-07-11T15:48:50.315002815Z,"{""age"":""34"",""gender"":""male"",""strength"":""Haven't played it yet"",""fair"":""not sure"",""feedback"":""don't know"",""education"":""high-school""}",2025-07-11T15:48:50.059787106Z,null,2025-07-11T15:48:32.370844344Z,3,2025-07-11T15:48:18.046885582Z,,,,,,,,,01JZX2QC3DZZSDH23HEAV94B17,2025-07-11T15:47:37.65687303Z,,,"{""networkStruct"":""pooled"",""playerCount"":3}",2025-07-11T15:47:37.67242074Z,"Pooled, No Redundancy",2025-07-11T15:47:37.67242074Z,{},2025-07-11T15:47:38.007917245Z,,
01JZWWAP76YF819Y40SQZJGTCA,true,2025-07-11T14:03:30.464094119Z,true,2025-07-11T14:03:22.884246953Z,null,2025-07-11T14:05:43.896962319Z,null,2025-07-11T14:05:43.895972148Z,game ended,2025-07-11T14:08:40.78133967Z,1,2025-07-11T14:09:08.697881057Z,"{""age"":""32"",""gender"":""male"",""strength"":""it is fun"",""fair"":""yes"",""feedback"":""N/A"",""education"":""master""}",2025-07-11T14:09:08.696664788Z,01JZWW44BEQMSR3VMBGNDP631Z,2025-07-11T13:55:49.61346804Z,3,2025-07-11T13:56:45.73686504Z,true,2025-07-11T13:57:02.042592883Z,,,Player 3,2025-07-11T13:59:19.546963299Z,7,2025-07-11T14:05:43.899476198Z,01JZWWAM2E6Z9AT3M87E0WR8PY,2025-07-11T13:55:49.606758023Z,CHILDREN'S COMMUTE DISTANCE,2025-07-11T14:03:30.464094119Z,"{""networkStruct"":""reciprocal"",""playerCount"":6}",2025-07-11T13:55:49.61346804Z,"Reciprocal, Redundancy",2025-07-11T13:55:49.61346804Z,{},2025-07-11T13:55:49.94151061Z,TaskQueue,2025-07-11T14:05:43.897697355Z
01JZWWQP40FZ95W7HWX3CAV2BH,true,2025-07-11T14:08:21.813776577Z,true,2025-07-11T14:08:15.301921615Z,,,null,2025-07-11T14:11:03.951759967Z,game ended,2025-07-11T14:13:32.197105775Z,1,2025-07-11T14:13:55.142588385Z,"{""age"":""34"",""gender"":""Male"",""strength"":""Fun "",""fair"":""Yeah kind of "",""feedback"":""longer time to chat at the start "",""education"":""bachelor""}",2025-07-11T14:13:55.141399216Z,01JZWW44BKFZG5XQJNSM0R26CJ,2025-07-11T14:02:55.509152308Z,3,2025-07-11T14:03:07.104121917Z,true,2025-07-11T14:03:14.735550819Z,,,Player 5,2025-07-11T14:04:10.874151937Z,4,2025-07-11T14:11:03.950566646Z,01JZWWQNP1C2CX0X8PA926ACKZ,2025-07-11T14:02:55.488670998Z,,,"{""networkStruct"":""pooled"",""playerCount"":6}",2025-07-11T14:02:55.509152308Z,"Pooled, Redundancy",2025-07-11T14:02:55.509152308Z,{},2025-07-11T14:02:55.78059085Z,TaskQueue,2025-07-11T14:11:03.952608982Z
01JZX0AM0A7E2BW5JWG405PW1B,true,2025-07-11T15:11:08.803835441Z,true,2025-07-11T15:11:01.690344437Z,,,null,2025-07-11T15:15:23.762315197Z,game ended,2025-07-11T15:16:19.271789414Z,1,2025-07-11T15:16:53.72014419Z,"{""age"":""39"",""gender"":""female"",""strength"":""fun"",""fair"":""not sure"",""feedback"":""unsure"",""education"":""high-school""}",2025-07-11T15:16:53.713581092Z,01JZX01RQWMMEZFDWFCEW25YYC,2025-07-11T15:05:41.658722102Z,3,2025-07-11T15:06:29.093932453Z,true,2025-07-11T15:06:57.432236955Z,,,Player 5,2025-07-11T15:06:57.499820822Z,2,2025-07-11T15:15:23.767374063Z,01JZX0AKMTE0E97QP0K1HWRXBW,2025-07-11T15:05:41.642164752Z,,,"{""networkStruct"":""pooled"",""playerCount"":6}",2025-07-11T15:05:41.658722102Z,"Pooled, Redundancy",2025-07-11T15:05:41.658722102Z,{},2025-07-11T15:05:41.850610016Z,TaskQueue,2025-07-11T15:15:23.845382375Z
01JZX1578P8A2EXR8HKFCR76P7,,,,,,,,,game ended,2025-07-11T15:33:49.343911679Z,,,,,01JZX0Z7G62YA6P24E23JAGNYF,2025-07-11T15:20:13.352114436Z,3,2025-07-11T15:21:18.467828055Z,true,2025-07-11T15:21:41.843658255Z,true,2025-07-11T15:28:38.982924683Z,Player 2,2025-07-11T15:24:27.819778673Z,,,01JZX156VE63K897T4DHQVAM0B,2025-07-11T15:20:13.334344378Z,,,"{""networkStruct"":""pooled"",""playerCount"":3}",2025-07-11T15:20:13.352114436Z,"Pooled, No Redundancy",2025-07-11T15:20:13.352114436Z,{},2025-07-11T15:20:13.569881816Z,,
01JZX2JWQHQFFXHF3QT48ANVSH,true,2025-07-11T15:52:21.126865408Z,true,2025-07-11T15:52:15.22583452Z,,,null,2025-07-11T15:56:18.416420227Z,game ended,2025-07-11T15:57:31.565961446Z,1,2025-07-11T15:58:08.964135286Z,"{""age"":""45"",""gender"":""Female"",""strength"":""It was fun"",""fair"":""Yes"",""feedback"":""More instructions"",""education"":""bachelor""}",2025-07-11T15:58:08.957060999Z,01JZX2H31TQX1PEB4DWYDPEN1M,2025-07-11T15:45:09.891765548Z,3,2025-07-11T15:45:55.005450742Z,true,2025-07-11T15:46:35.645918489Z,,,Player 1,2025-07-11T15:48:09.618452844Z,4,2025-07-11T15:56:18.41037236Z,01JZX2JW89NQMAET5XYBT3X1E0,2025-07-11T15:45:09.873443026Z,,,"{""networkStruct"":""pooled"",""playerCount"":3}",2025-07-11T15:45:09.891765548Z,"Pooled, No Redundancy",2025-07-11T15:45:09.891765548Z,{},2025-07-11T15:45:10.146596361Z,TaskQueue,2025-07-11T15:56:18.512558945Z
01JZWWB20ESDGHMA6Q5SC8THEM,,,,,,,,,game ended,2025-07-11T14:08:58.501835879Z,,,,,01JZWW44BD8A21AGPZM2TQJBZG,2025-07-11T13:56:01.688896862Z,3,2025-07-11T13:56:42.277837159Z,true,2025-07-11T13:56:48.166076104Z,true,2025-07-11T14:03:48.14446202Z,Player 2,2025-07-11T13:59:37.305083458Z,,,01JZWWB1PAKY0S7TY0W3C739Z2,2025-07-11T13:56:01.678802404Z,,,"{""networkStruct"":""pooled"",""playerCount"":6}",2025-07-11T13:56:01.688896862Z,"Pooled, Redundancy",2025-07-11T13:56:01.688896862Z,{},2025-07-11T13:56:01.870920843Z,,
01JZWWHEEDQG0FKR77V6835NWY,true,2025-07-11T14:05:54.379566542Z,true,2025-07-11T14:05:46.58810641Z,,,null,2025-07-11T14:09:57.874233032Z,game ended,2025-07-11T14:11:04.753254281Z,1,2025-07-11T14:11:25.709639927Z,"{""age"":""27"",""gender"":""Female"",""strength"":""Fun!"",""fair"":""Yes, people worked well"",""feedback"":""N/A"",""education"":""other""}",2025-07-11T14:11:25.707574403Z,01JZWW44BJEYZBCTBDE78SP8GF,2025-07-11T13:59:37.273670578Z,3,2025-07-11T13:59:52.559596095Z,true,2025-07-11T13:59:59.771847072Z,,,Player 4,2025-07-11T14:01:43.432878152Z,5,2025-07-11T14:09:57.871827389Z,01JZWWHE7BTQ353FCTQV43EMZK,2025-07-11T13:59:31.021686477Z,,,"{""networkStruct"":""pooled"",""playerCount"":6}",2025-07-11T13:59:31.028854661Z,"Pooled, Redundancy",2025-07-11T13:59:31.028854661Z,{},2025-07-11T13:59:31.189418334Z,TaskQueue,2025-07-11T14:09:57.874945586Z
01JZWXJVD6FB7CXQH0SEEC5ARE,true,2025-07-11T14:22:36.435538065Z,true,2025-07-11T14:22:27.760900642Z,,,null,2025-07-11T14:25:09.781488478Z,game ended,2025-07-11T14:27:46.90399734Z,1,2025-07-11T14:28:10.203948595Z,"{""age"":""27"",""gender"":""Male"",""strength"":""This was fun!"",""fair"":""They were a bit slower than me, but worked fast enough"",""feedback"":""N/A"",""education"":""master""}",2025-07-11T14:28:10.202230042Z,01JZWX3EKVAEHST0TJAX8RTB0R,2025-07-11T14:17:45.649506067Z,3,2025-07-11T14:17:52.806897466Z,true,2025-07-11T14:17:53.581766721Z,,,Player 6,2025-07-11T14:18:25.40996655Z,5,2025-07-11T14:25:09.784028624Z,01JZWXJV5PBYN8TEE33GQSMD0E,2025-07-11T14:17:45.638892909Z,,,"{""networkStruct"":""pooled"",""playerCount"":6}",2025-07-11T14:17:45.649506067Z,"Pooled, Redundancy",2025-07-11T14:17:45.649506067Z,{},2025-07-11T14:17:45.802713406Z,TaskQueue,2025-07-11T14:25:09.78481726Z
01JZWZEMQXCT8RJEC3CNBJTQ8W,true,2025-07-11T14:57:30.414871947Z,true,2025-07-11T14:57:26.772345032Z,,,null,2025-07-11T15:00:48.974849075Z,game ended,2025-07-11T15:02:40.881133117Z,1,2025-07-11T15:03:32.262773152Z,"{""age"":""40"",""gender"":""male"",""strength"":""fun and simple"",""fair"":""yes"",""feedback"":""more visuals"",""education"":""bachelor""}",2025-07-11T15:03:32.258764933Z,01JZWZA6WZVH3TNF2YNV6JH9JY,2025-07-11T14:50:24.909636426Z,3,2025-07-11T14:51:43.996446001Z,true,2025-07-11T14:53:19.250215967Z,,,Player 2,2025-07-11T14:53:19.311794482Z,3,2025-07-11T15:00:48.98346472Z,01JZWZEME8GRCGJEFQTX66TJJT,2025-07-11T14:50:24.893605329Z,,,"{""networkStruct"":""pooled"",""playerCount"":6}",2025-07-11T14:50:24.909636426Z,"Pooled, Redundancy",2025-07-11T14:50:24.909636426Z,{},2025-07-11T14:50:25.08448599Z,TaskQueue,2025-07-11T15:00:48.968994008Z
01JZWWCGGNT2TV3TE55PYY146Z,,,,,,,,,no more games,2025-07-11T15:06:57.442048781Z,,,,,null,2025-07-11T15:06:57.442048781Z,3,2025-07-11T13:57:18.606325981Z,,,,,,,,,01JZWWCG5E47MRYAFCD2XXAW23,2025-07-11T13:56:49.301058196Z,,,"{""networkStruct"":""pooled"",""playerCount"":6}",2025-07-11T13:56:49.310138007Z,"Pooled, Redundancy",2025-07-11T13:56:49.310138007Z,{},2025-07-11T13:56:49.532320975Z,,
01JZWWNCJJPX9HM7RRAQW9XRBX,,,,,,,,,game ended,2025-07-11T14:11:04.753254281Z,,,,,01JZWW44BJEYZBCTBDE78SP8GF,2025-07-11T14:01:40.195607527Z,3,2025-07-11T14:01:42.894184138Z,true,2025-07-11T14:01:43.366425553Z,true,2025-07-11T14:05:54.379566542Z,Player 6,2025-07-11T14:01:43.432878152Z,,,01JZWWNCGZ3KX2XMW5PNNC71H0,2025-07-11T14:01:40.178776227Z,,,"{""networkStruct"":""pooled"",""playerCount"":6}",2025-07-11T14:01:40.195607527Z,"Pooled, Redundancy",2025-07-11T14:01:40.195607527Z,{},2025-07-11T14:01:40.221462318Z,,
01JZWX8K41EZ14ZKEJG9KCZS8H,,,,,,,,,game terminated,2025-07-11T14:41:54.436709215Z,,,,,01JZWX3EKSQMF1295TSKJKEEN3,2025-07-11T14:12:09.483802918Z,3,2025-07-11T14:12:56.827249666Z,true,2025-07-11T14:13:43.678983591Z,,,Player 5,2025-07-11T14:14:09.334424439Z,,,01JZWX8JQ1WEP7VK1CTMS1PR5A,2025-07-11T14:12:09.473247943Z,,,"{""networkStruct"":""pooled"",""playerCount"":6}",2025-07-11T14:12:09.483802918Z,"Pooled, Redundancy",2025-07-11T14:12:09.483802918Z,{},2025-07-11T14:12:09.690140468Z,,
01JZWXK0JMQJ82F58GAHSPCWG3,true,2025-07-11T14:32:15.199077728Z,true,2025-07-11T14:32:06.490378494Z,null,2025-07-11T14:35:06.681078177Z,null,2025-07-11T14:35:06.676255662Z,game ended,2025-07-11T14:37:25.638646561Z,1,2025-07-11T14:38:33.049584178Z,"{""age"":""61"",""gender"":""male"",""strength"":""Very fun"",""fair"":""a little bit"",""feedback"":""Give some more bonus per individual performance as well"",""education"":""master""}",2025-07-11T14:38:33.052038313Z,01JZWXSR5K1BFQZY0JR93JV03Z,2025-07-11T14:21:47.570500299Z,3,2025-07-11T14:24:12.110171494Z,true,2025-07-11T14:25:27.407652575Z,,,Player 1,2025-07-11T14:28:04.024842408Z,7,2025-07-11T14:35:06.677592541Z,01JZWXK04FWJSEVMQWN5TG8KBA,2025-07-11T14:17:50.932560753Z,AVERAGE PEOPLE,2025-07-11T14:32:15.199077728Z,"{""networkStruct"":""reciprocal"",""playerCount"":6}",2025-07-11T14:17:50.942050896Z,"Reciprocal, Redundancy",2025-07-11T14:17:50.942050896Z,{},2025-07-11T14:17:51.168302533Z,TaskQueue,2025-07-11T14:35:06.680012754Z
01JZX0QG2HMZG11N6MN6QE8308,true,2025-07-11T15:21:35.066380221Z,true,2025-07-11T15:21:27.722990263Z,null,2025-07-11T15:26:15.46460164Z,null,2025-07-11T15:26:15.423611755Z,game ended,2025-07-11T15:26:45.411883584Z,1,2025-07-11T15:27:50.001451546Z,"{""age"":""30"",""gender"":""Female"",""strength"":""awsome"",""fair"":""yes a bit"",""feedback"":""add a message tab for everyone to communicate"",""education"":""master""}",2025-07-11T15:27:50.009150553Z,01JZX0EJCSWJJ7NMNA9BY9TMMP,2025-07-11T15:12:43.617923318Z,3,2025-07-11T15:16:32.96792269Z,true,2025-07-11T15:17:23.855322413Z,,,Player 3,2025-07-11T15:17:23.921288367Z,14,2025-07-11T15:26:15.418680049Z,01JZX0QE0FPDQWJQRNQNS6PDHA,2025-07-11T15:12:43.601942547Z,CHILDREN'S COMMUTE DISTANCE,2025-07-11T15:21:35.066380221Z,"{""networkStruct"":""reciprocal"",""playerCount"":3}",2025-07-11T15:12:43.617923318Z,"Reciprocal, No Redundancy",2025-07-11T15:12:43.617923318Z,{},2025-07-11T15:12:44.34767698Z,TaskQueue,2025-07-11T15:26:15.44195094Z
01JZX1Z6R4MKXBKGPPCN8SFCT6,true,2025-07-11T15:41:32.510204101Z,true,2025-07-11T15:41:26.714198785Z,,,neighborhood_3,2025-07-11T15:46:34.877969521Z,game ended,2025-07-11T15:46:42.968055071Z,1,2025-07-11T15:48:55.02851221Z,"{""age"":""21"",""gender"":""Male"",""strength"":""Started to get a rythem, easy instructions and straightforward. Lowkey wish it was longer so i could see if i could do as many as possible lol."",""fair"":""Yes honestly, they did their part i believe. We didnt talk too much past introductions but if all the tasks on screen were meant to completed by the two of us then yes they were helpful."",""feedback"":""Make it longer as well as making the tasks abit more difficult. maybe adding fractions or decimals to make people think harder."",""education"":""high-school""}",2025-07-11T15:48:55.022303133Z,01JZX2212BFA30WB2A037X5VVW,2025-07-11T15:35:58.572719003Z,3,2025-07-11T15:34:56.580642556Z,true,2025-07-11T15:36:12.577073532Z,,,Player 1,2025-07-11T15:37:21.24724259Z,5,2025-07-11T15:46:33.504563992Z,01JZX1Z6DHVE8K0JGE5FWE0REX,2025-07-11T15:34:24.772179549Z,,,"{""networkStruct"":""pooled"",""playerCount"":3}",2025-07-11T15:34:24.789886488Z,"Pooled, No Redundancy",2025-07-11T15:34:24.789886488Z,{},2025-07-11T15:34:25.118870517Z,TaskScreen,2025-07-11T15:46:34.884503873Z
01JZWYRN048ZZT17EDY2PRE9RS,true,2025-07-11T14:47:17.277668538Z,true,2025-07-11T14:47:09.158954448Z,,,null,2025-07-11T14:50:31.892589786Z,game ended,2025-07-11T14:52:27.72495Z,1,2025-07-11T14:52:47.390302135Z,"{""age"":""22"",""gender"":""Female"",""strength"":""I thought it was fun"",""fair"":""Yes definitely"",""feedback"":""No improvement necessary"",""education"":""bachelor""}",2025-07-11T14:52:47.385796715Z,01JZWYF8QEVZCXBEEFXT175NAZ,2025-07-11T14:38:24.270572393Z,3,2025-07-11T14:39:53.126973868Z,true,2025-07-11T14:41:27.553141351Z,,,Player 3,2025-07-11T14:43:06.321075018Z,5,2025-07-11T14:50:31.890656412Z,01JZWYRMMSMEEAZGB0GNX47A5G,2025-07-11T14:38:24.260514532Z,,,"{""networkStruct"":""pooled"",""playerCount"":6}",2025-07-11T14:38:24.270572393Z,"Pooled, Redundancy",2025-07-11T14:38:24.270572393Z,{},2025-07-11T14:38:24.460442086Z,TaskQueue,2025-07-11T14:50:31.888175156Z
01JZWZS08GZJGVRN5EZ0QNC1XX,true,2025-07-11T15:02:13.275621639Z,true,2025-07-11T15:02:05.371445788Z,null,2025-07-11T15:05:03.376178521Z,null,2025-07-11T15:05:03.355921362Z,game ended,2025-07-11T15:07:23.635293708Z,1,2025-07-11T15:08:02.662703935Z,"{""age"":""50"",""gender"":""female"",""strength"":""It was quite simple"",""fair"":""We didn't really interact much"",""feedback"":""be able to help out teammates"",""education"":""bachelor""}",2025-07-11T15:08:02.655217653Z,01JZWZMMDWT0YY5HX1X5C8Z68M,2025-07-11T14:56:04.383087259Z,3,2025-07-11T14:56:29.764071014Z,true,2025-07-11T14:56:42.562354936Z,,,Player 1,2025-07-11T14:58:01.434302035Z,14,2025-07-11T15:05:03.36120266Z,01JZWZRZQTVCW9CWNBWEGR12QA,2025-07-11T14:56:04.368612199Z,AVERAGE PEOPLE,2025-07-11T15:02:13.275621639Z,"{""networkStruct"":""reciprocal"",""playerCount"":3}",2025-07-11T14:56:04.383087259Z,"Reciprocal, No Redundancy",2025-07-11T14:56:04.383087259Z,{},2025-07-11T14:56:04.719921791Z,TaskQueue,2025-07-11T15:05:03.333656401Z
01JZX0ZQ913F8AY3MS8VAVS9R7,,,,,,,,,no more games,2025-07-11T15:17:23.865363852Z,,,,,null,2025-07-11T15:17:23.865363852Z,1,2025-07-11T15:17:15.570804998Z,,,,,,,,,01JZX0ZPZY5N0R50SGMWEV1JB9,2025-07-11T15:17:13.121586432Z,,,"{""networkStruct"":""reciprocal"",""playerCount"":3}",2025-07-11T15:17:13.137282424Z,"Reciprocal, No Redundancy",2025-07-11T15:17:13.137282424Z,{},2025-07-11T15:17:13.330940662Z,,
01JZWWE57E4VHQQB666DQGE5AV,true,2025-07-11T14:03:30.464094119Z,true,2025-07-11T14:03:23.78107627Z,null,2025-07-11T14:07:52.033333791Z,null,2025-07-11T14:07:52.03531521Z,game ended,2025-07-11T14:08:40.78133967Z,1,2025-07-11T14:10:12.799641365Z,"{""age"":""30"",""gender"":""Female"",""strength"":""It was a different experience from other studies "",""fair"":""Yes, everyone completed the tasks efficiently"",""feedback"":""It's good as it is in my opinion"",""education"":""high-school""}",2025-07-11T14:10:12.800646873Z,01JZWW44BEQMSR3VMBGNDP631Z,2025-07-11T13:57:43.28494802Z,3,2025-07-11T13:58:14.407091919Z,true,2025-07-11T13:58:38.130229822Z,,,Player 6,2025-07-11T13:59:19.546963299Z,3,2025-07-11T14:07:52.034610717Z,01JZWWE4SHXCH2VY5EVGT2BJG5,2025-07-11T13:57:43.278870819Z,MAXIMUM INCOME,2025-07-11T14:03:30.464094119Z,"{""networkStruct"":""reciprocal"",""playerCount"":6}",2025-07-11T13:57:43.28494802Z,"Reciprocal, Redundancy",2025-07-11T13:57:43.28494802Z,{},2025-07-11T13:57:43.514734067Z,TaskQueue,2025-07-11T14:07:52.03644832Z
01JZWX4QWJVTEHAN0P65QRD6JC,,,,,,,,,game terminated,2025-07-11T14:41:54.436709215Z,,,,,01JZWX3EKSQMF1295TSKJKEEN3,2025-07-11T14:10:03.319347388Z,3,2025-07-11T14:10:30.483385389Z,true,2025-07-11T14:10:57.34926913Z,,,Player 1,2025-07-11T14:14:09.334424439Z,,,01JZWX4QJERAS35RHR0BS2NJMD,2025-07-11T14:10:03.282703333Z,,,"{""networkStruct"":""pooled"",""playerCount"":6}",2025-07-11T14:10:03.319347388Z,"Pooled, Redundancy",2025-07-11T14:10:03.319347388Z,{},2025-07-11T14:10:03.493604909Z,,
01JZWYWV98AF82B2F4WR1WD1SH,true,2025-07-11T14:47:17.277668538Z,true,2025-07-11T14:47:11.124684463Z,,,null,2025-07-11T14:51:29.024334252Z,game ended,2025-07-11T14:52:27.72495Z,1,2025-07-11T14:54:36.325267965Z,"{""age"":""34"",""gender"":""male"",""strength"":""i think it was interesting working things out in a time limit"",""fair"":""i think they managed to get a lot of the tasks done quicker than expected"",""feedback"":""add more tasks because we got finished pretty quickly"",""education"":""high-school""}",2025-07-11T14:54:36.328113662Z,01JZWYF8QEVZCXBEEFXT175NAZ,2025-07-11T14:40:41.778517561Z,3,2025-07-11T14:41:07.985390878Z,true,2025-07-11T14:41:28.598514708Z,,,Player 5,2025-07-11T14:43:06.321075018Z,4,2025-07-11T14:51:29.036824128Z,01JZWYWTW880ZYXDS74P44MS3F,2025-07-11T14:40:41.768206588Z,,,"{""networkStruct"":""pooled"",""playerCount"":6}",2025-07-11T14:40:41.778517561Z,"Pooled, Redundancy",2025-07-11T14:40:41.778517561Z,{},2025-07-11T14:40:41.990617731Z,TaskQueue,2025-07-11T14:51:29.028792956Z
01JZWZ4G1CQK7Y00668RF4JP7N,true,2025-07-11T14:52:40.073334749Z,true,2025-07-11T14:52:31.844707664Z,,,null,2025-07-11T14:55:17.725839677Z,game ended,2025-07-11T14:57:50.540070736Z,1,2025-07-11T14:58:17.316244677Z,"{""age"":""19"",""gender"":""Male"",""strength"":""Pretty fun!"",""fair"":""Yeah for sure"",""feedback"":""It's good already!"",""education"":""high-school""}",2025-07-11T14:58:17.312507012Z,01JZWYEZAFZ52M7WEAWMWVBBA0,2025-07-11T14:44:52.411743326Z,3,2025-07-11T14:45:09.941596235Z,true,2025-07-11T14:45:29.628241764Z,,,Player 2,2025-07-11T14:48:29.239260253Z,2,2025-07-11T14:55:17.723265664Z,01JZWZ4FJJ2W5HKVW8WHH1YMK0,2025-07-11T14:44:52.397001398Z,,,"{""networkStruct"":""pooled"",""playerCount"":6}",2025-07-11T14:44:52.411743326Z,"Pooled, Redundancy",2025-07-11T14:44:52.411743326Z,{},2025-07-11T14:44:52.664517091Z,TaskQueue,2025-07-11T14:55:17.833233888Z
01JZX2370CVEAGHEBXFKZ49KSG,true,2025-07-11T15:43:54.755821277Z,true,2025-07-11T15:43:47.530369545Z,,,neighborhood_10,2025-07-11T15:48:07.32267967Z,game ended,2025-07-11T15:49:05.176954815Z,1,2025-07-11T15:49:44.758903484Z,"{""age"":""26"",""gender"":""Female"",""strength"":""It was interesting and fun."",""fair"":""Yes."",""feedback"":"""",""education"":""master""}",2025-07-11T15:49:44.766077706Z,01JZX22WTBDGZD62RTG7RWZ5GX,2025-07-11T15:37:21.157552724Z,3,2025-07-11T15:37:49.757702231Z,true,2025-07-11T15:38:24.291901488Z,,,Player 1,2025-07-11T15:39:43.451809783Z,3,2025-07-11T15:48:04.687805519Z,01JZX236GY0HE0K0N9PS1VVG5T,2025-07-11T15:36:36.108321483Z,,,"{""networkStruct"":""pooled"",""playerCount"":3}",2025-07-11T15:36:36.123609201Z,"Pooled, No Redundancy",2025-07-11T15:36:36.123609201Z,{},2025-07-11T15:36:36.396100443Z,TaskScreen,2025-07-11T15:48:07.329264421Z
01JZWWA3663M33ZAT89S62YGKK,true,2025-07-11T14:03:16.701729992Z,true,2025-07-11T14:03:08.734657558Z,,,null,2025-07-11T14:07:46.482946348Z,game ended,2025-07-11T14:08:27.179659615Z,1,2025-07-11T14:09:01.853268005Z,"{""age"":""28"",""gender"":""Female"",""strength"":""Really fun, probably one of my faves I've ever done on Prolific - thank you :)"",""fair"":""Indeed"",""feedback"":""Nothing"",""education"":""high-school""}",2025-07-11T14:09:01.851403164Z,01JZWW44BJEYZBCTBDEK4Q79TP,2025-07-11T13:55:30.132930054Z,3,2025-07-11T13:57:25.223152735Z,true,2025-07-11T13:58:18.283628367Z,,,Player 1,2025-07-11T13:59:05.662502984Z,3,2025-07-11T14:07:46.47312142Z,01JZWWA2T35JHR1ZQXVEM5M2RX,2025-07-11T13:55:30.118817684Z,,,"{""networkStruct"":""pooled"",""playerCount"":6}",2025-07-11T13:55:30.132930054Z,"Pooled, Redundancy",2025-07-11T13:55:30.132930054Z,{},2025-07-11T13:55:30.339351795Z,TaskQueue,2025-07-11T14:07:46.475720788Z
01JZWYSR33WY234XPP56BN5W00,true,2025-07-11T14:46:18.595694709Z,true,2025-07-11T14:46:10.801921754Z,,,null,2025-07-11T14:49:24.172641171Z,game ended,2025-07-11T14:51:29.051115753Z,1,2025-07-11T14:52:27.37991479Z,"{""age"":""19"",""gender"":""Male"",""strength"":""It was quite fun"",""fair"":""Absolutely, some of them did more work than me"",""feedback"":""Honestly I dont see any flow, perhaps increase the chat time slightly"",""education"":""high-school""}",2025-07-11T14:52:27.376972567Z,01JZWYF8QGXKN2CZV0RDSN4DZK,2025-07-11T14:39:00.205806215Z,3,2025-07-11T14:39:41.401146897Z,true,2025-07-11T14:40:00.264642219Z,,,Player 6,2025-07-11T14:42:07.669764959Z,3,2025-07-11T14:49:24.170052626Z,01JZWYSQRG3MAAXRE4R1EYRTBG,2025-07-11T14:39:00.195892762Z,,,"{""networkStruct"":""pooled"",""playerCount"":6}",2025-07-11T14:39:00.205806215Z,"Pooled, Redundancy",2025-07-11T14:39:00.205806215Z,{},2025-07-11T14:39:00.395825959Z,TaskQueue,2025-07-11T14:49:24.158902411Z
01JZWZKDD7NBAKDSMTBEAXRSTS,,,,,,,,,no more games,2025-07-11T15:06:57.442048781Z,,,,,null,2025-07-11T15:06:57.442048781Z,,,,,,,,,,,01JZWZKDBV0C0GBCBGT5NYM7EW,2025-07-11T14:53:01.223770809Z,,,"{""networkStruct"":""pooled"",""playerCount"":6}",2025-07-11T14:53:01.239423959Z,"Pooled, Redundancy",2025-07-11T14:53:01.239423959Z,{},2025-07-11T14:53:01.26334116Z,,
01JZX23VKWDBGJ83J12HGK60MX,true,2025-07-11T15:41:32.510204101Z,true,2025-07-11T15:41:24.517323701Z,,,neighborhood_12,2025-07-11T15:46:39.25031696Z,game ended,2025-07-11T15:46:42.968055071Z,1,2025-07-11T15:47:08.911938566Z,"{""age"":""23"",""gender"":""male"",""strength"":""It was fun and made me think, i like puzzle solving"",""fair"":""Yes i think so"",""feedback"":""More time for the game"",""education"":""bachelor""}",2025-07-11T15:47:08.91775106Z,01JZX2212BFA30WB2A037X5VVW,2025-07-11T15:36:57.233965932Z,3,2025-07-11T15:37:16.713130759Z,true,2025-07-11T15:37:21.135203003Z,,,Player 3,2025-07-11T15:37:21.24724259Z,5,2025-07-11T15:46:38.026379793Z,01JZX23V9H1ATPV6CQWE2NR9F4,2025-07-11T15:36:57.212814452Z,,,"{""networkStruct"":""pooled"",""playerCount"":3}",2025-07-11T15:36:57.233965932Z,"Pooled, No Redundancy",2025-07-11T15:36:57.233965932Z,{},2025-07-11T15:36:57.415133333Z,TaskScreen,2025-07-11T15:46:39.255965303Z
01JZWZ5C145VT6SB1ZM1R47633,true,2025-07-11T14:52:40.073334749Z,true,2025-07-11T14:52:34.263347106Z,,,null,2025-07-11T14:55:42.767366203Z,game ended,2025-07-11T14:57:50.540070736Z,1,2025-07-11T14:58:25.327047488Z,"{""age"":""60"",""gender"":""female"",""strength"":""it was fun"",""fair"":""mostly yes"",""feedback"":""it was ok"",""education"":""high-school""}",2025-07-11T14:58:25.312074603Z,01JZWYEZAFZ52M7WEAWMWVBBA0,2025-07-11T14:45:21.070373758Z,3,2025-07-11T14:47:01.567841029Z,true,2025-07-11T14:48:10.485398395Z,,,Player 3,2025-07-11T14:48:29.239260253Z,3,2025-07-11T14:55:42.764441817Z,01JZWZ5BMVRM0F9BKE2407HXPA,2025-07-11T14:45:21.060554121Z,,,"{""networkStruct"":""pooled"",""playerCount"":6}",2025-07-11T14:45:21.070373758Z,"Pooled, Redundancy",2025-07-11T14:45:21.070373758Z,{},2025-07-11T14:45:21.28973649Z,TaskQueue,2025-07-11T14:55:42.760428614Z
01JZWZH6TSCB3HW5Q2YF957624,,,,,,,,,game ended,2025-07-11T15:02:40.881133117Z,,,,,01JZWZA6WZVH3TNF2YNV6JH9JY,2025-07-11T14:51:48.965072429Z,3,2025-07-11T14:51:50.944599557Z,true,2025-07-11T14:51:51.580704598Z,true,2025-07-11T14:57:30.414871947Z,Player 6,2025-07-11T14:53:19.311794482Z,,,01JZWZH6S127YYEAX0XNGTKC1D,2025-07-11T14:51:48.953502013Z,,,"{""networkStruct"":""pooled"",""playerCount"":6}",2025-07-11T14:51:48.965072429Z,"Pooled, Redundancy",2025-07-11T14:51:48.965072429Z,{},2025-07-11T14:51:48.989141459Z,,
01JZWZKP0855G4MGFYB0V9Y4BW,true,2025-07-11T15:11:08.803835441Z,true,2025-07-11T15:11:06.160977739Z,,,null,2025-07-11T15:14:41.744731796Z,game ended,2025-07-11T15:16:19.271789414Z,1,2025-07-11T14:55:32.348735321Z,"{""age"":""58"",""gender"":""female"",""strength"":""N/A"",""fair"":""N/A"",""feedback"":""Make sure that it starts properly"",""education"":""high-school""}",2025-07-11T14:55:32.160565798Z,01JZX01RQWMMEZFDWFCEW25YYC,2025-07-11T15:00:52.730447312Z,3,2025-07-11T14:53:39.959609562Z,true,2025-07-11T15:01:46.938072183Z,,,Player 1,2025-07-11T15:06:57.499820822Z,4,2025-07-11T15:14:41.738447829Z,01JZWZKN4YC2E6FCTNPJD3XN0E,2025-07-11T14:53:10.024386209Z,,,"{""networkStruct"":""pooled"",""playerCount"":6}",2025-07-11T14:53:10.034912882Z,"Pooled, Redundancy",2025-07-11T14:53:10.034912882Z,{},2025-07-11T14:53:10.390541298Z,TaskQueue,2025-07-11T15:14:41.752022709Z
01JZX1WDV3P8QKVR6NYYESXCAJ,,,,,,,,,game ended,2025-07-11T15:44:33.97796074Z,,,,,01JZX1PFC8GTFQ985G5CCXBWPH,2025-07-11T15:32:53.744074674Z,3,2025-07-11T15:34:50.783601348Z,true,2025-07-11T15:35:12.179740152Z,true,2025-07-11T15:39:23.555449076Z,Player 3,2025-07-11T15:35:12.249345087Z,,,01JZX1WDFR1FGKDPT3H9R7APNY,2025-07-11T15:32:53.731391416Z,,,"{""networkStruct"":""pooled"",""playerCount"":3}",2025-07-11T15:32:53.744074674Z,"Pooled, No Redundancy",2025-07-11T15:32:53.744074674Z,{},2025-07-11T15:32:53.934374562Z,,
01JZWWHESP5DM7NSJWE54W48GV,true,2025-07-11T14:05:54.379566542Z,true,2025-07-11T14:05:45.652728116Z,,,null,2025-07-11T14:09:35.437872815Z,game ended,2025-07-11T14:11:04.753254281Z,1,2025-07-11T14:11:48.019398694Z,"{""age"":""25"",""gender"":""Male"",""strength"":""It was fun, but overall, it was a bit boring."",""fair"":""Yes."",""feedback"":""I don't know, as I have no clue what the objective of this game is about."",""education"":""bachelor""}",2025-07-11T14:11:48.013802885Z,01JZWW44BJEYZBCTBDE78SP8GF,2025-07-11T13:59:31.389658764Z,3,2025-07-11T14:00:03.676252103Z,true,2025-07-11T14:00:31.738512314Z,,,Player 5,2025-07-11T14:01:43.432878152Z,4,2025-07-11T14:09:35.440241196Z,01JZWWHEBS2Q517D75HE4KSY7E,2025-07-11T13:59:31.382627095Z,,,"{""networkStruct"":""pooled"",""playerCount"":6}",2025-07-11T13:59:31.389658764Z,"Pooled, Redundancy",2025-07-11T13:59:31.389658764Z,{},2025-07-11T13:59:31.619798473Z,TaskQueue,2025-07-11T14:09:35.441962155Z
01JZWYHZ2WNSSPQSQMJZZC49FA,,,,,,,,,game ended,2025-07-11T14:51:29.051115753Z,,,,,01JZWYF8QGXKN2CZV0RDSN4DZK,2025-07-11T14:34:45.224367481Z,3,2025-07-11T14:34:47.211685844Z,true,2025-07-11T14:34:47.67974072Z,true,2025-07-11T14:46:18.595694709Z,Player 3,2025-07-11T14:42:07.669764959Z,,,01JZWYHZ179YSTK443NB4VKBXT,2025-07-11T14:34:45.212517434Z,,,"{""networkStruct"":""pooled"",""playerCount"":6}",2025-07-11T14:34:45.224367481Z,"Pooled, Redundancy",2025-07-11T14:34:45.224367481Z,{},2025-07-11T14:34:45.245524238Z,,
01JZX03MG8AQ0EZEZNHSZ7BYWK,true,2025-07-11T15:11:08.803835441Z,true,2025-07-11T15:11:04.409209746Z,,,null,2025-07-11T15:15:03.474890152Z,game ended,2025-07-11T15:16:19.271789414Z,1,2025-07-11T15:17:38.219986893Z,"{""age"":""55"",""gender"":""Male"",""strength"":""Interesting."",""fair"":""Very helpful"",""feedback"":"""",""education"":""master""}",2025-07-11T15:17:37.924040681Z,01JZX01RQWMMEZFDWFCEW25YYC,2025-07-11T15:01:52.797558958Z,3,2025-07-11T15:03:59.626254792Z,true,2025-07-11T15:05:13.386204808Z,,,Player 2,2025-07-11T15:06:57.499820822Z,2,2025-07-11T15:15:08.799879415Z,01JZX03JQ1GHQG1JJKDD93YV4Q,2025-07-11T15:01:52.77697205Z,,,"{""networkStruct"":""pooled"",""playerCount"":6}",2025-07-11T15:01:52.797558958Z,"Pooled, Redundancy",2025-07-11T15:01:52.797558958Z,{},2025-07-11T15:01:53.375525735Z,TaskQueue,2025-07-11T15:15:03.483583856Z
01JZX22P3PB5GSKXHJPBJPAEQH,,,,,,,,,no more games,2025-07-11T15:48:32.370844344Z,,,,,null,2025-07-11T15:48:32.370844344Z,3,2025-07-11T15:37:37.380100567Z,,,,,,,,,01JZX22M20Q5N0DKQZM5ZCWF5N,2025-07-11T15:36:18.806910787Z,,,"{""networkStruct"":""pooled"",""playerCount"":3}",2025-07-11T15:36:18.823432512Z,"Pooled, No Redundancy",2025-07-11T15:36:18.823432512Z,{},2025-07-11T15:36:19.204863259Z,,
01JZWW9J31Z5XM2TY58B756YXT,true,2025-07-11T14:03:30.464094119Z,true,2025-07-11T14:03:23.246022686Z,null,2025-07-11T14:07:59.299887797Z,null,2025-07-11T14:07:59.265713682Z,game ended,2025-07-11T14:08:40.78133967Z,1,2025-07-11T14:09:13.843252998Z,"{""age"":""46"",""gender"":""female"",""strength"":"""",""fair"":"""",""feedback"":"""",""education"":""high-school""}",2025-07-11T14:09:13.850661751Z,01JZWW44BEQMSR3VMBGNDP631Z,2025-07-11T13:55:12.621333492Z,3,2025-07-11T13:56:13.187141776Z,true,2025-07-11T13:57:14.675126728Z,,,Player 1,2025-07-11T13:59:19.546963299Z,15,2025-07-11T14:07:59.263554513Z,01JZWW9HJ3NH6E8EH19350D90R,2025-07-11T13:55:12.609289743Z,AVERAGE PEOPLE,2025-07-11T14:03:30.464094119Z,"{""networkStruct"":""reciprocal"",""playerCount"":6}",2025-07-11T13:55:12.621333492Z,"Reciprocal, Redundancy",2025-07-11T13:55:12.621333492Z,{},2025-07-11T13:55:12.89539548Z,TaskQueue,2025-07-11T14:07:59.291376724Z
01JZWWEGXWTJHRSH3P1PBJAMVX,true,2025-07-11T14:03:16.701729992Z,true,2025-07-11T14:03:08.865210093Z,,,neighborhood_6,2025-07-11T14:03:38.422785727Z,game ended,2025-07-11T14:08:27.179659615Z,1,2025-07-11T14:08:55.239249268Z,"{""age"":""62"",""gender"":""female"",""strength"":""hard"",""fair"":""not really"",""feedback"":""make it easier"",""education"":""high-school""}",2025-07-11T14:08:55.240286086Z,01JZWW44BJEYZBCTBDEK4Q79TP,2025-07-11T13:57:55.269823422Z,3,2025-07-11T13:58:52.847098862Z,true,2025-07-11T13:59:05.617260013Z,,,Player 5,2025-07-11T13:59:05.662502984Z,,,01JZWWEGGG9F8ZNCFWEVFHPTH0,2025-07-11T13:57:55.260997897Z,,,"{""networkStruct"":""pooled"",""playerCount"":6}",2025-07-11T13:57:55.269823422Z,"Pooled, Redundancy",2025-07-11T13:57:55.269823422Z,{},2025-07-11T13:57:55.49840026Z,TaskScreen,2025-07-11T14:03:38.527141377Z
01JZWYPEFWSWGBK5K3ZNX60FJM,true,2025-07-11T14:47:02.143680057Z,true,2025-07-11T14:46:55.366537973Z,,,null,2025-07-11T14:50:51.409406024Z,game ended,2025-07-11T14:52:12.660071468Z,1,2025-07-11T14:53:10.414816116Z,"{""age"":""38"",""gender"":""female"",""strength"":""interesting"",""fair"":""yes"",""feedback"":""more interactive"",""education"":""bachelor""}",2025-07-11T14:53:10.420125358Z,01JZWYF8QQMFZ1MWHEGJ0R4XXC,2025-07-11T14:37:12.07485351Z,3,2025-07-11T14:38:20.317091557Z,true,2025-07-11T14:41:02.485456327Z,,,Player 1,2025-07-11T14:42:51.190117301Z,1,2025-07-11T14:50:51.411398679Z,01JZWYPE4PTRFJVG29SJJTX5JN,2025-07-11T14:37:12.060271671Z,,,"{""networkStruct"":""pooled"",""playerCount"":6}",2025-07-11T14:37:12.07485351Z,"Pooled, Redundancy",2025-07-11T14:37:12.07485351Z,{},2025-07-11T14:37:12.250703708Z,TaskQueue,2025-07-11T14:50:51.41299646Z
01JZWZEZ8WPYYAJ9S9YEKRM77J,,,,,,,,,game ended,2025-07-11T15:02:40.881133117Z,,,,,01JZWZA6WZVH3TNF2YNV6JH9JY,2025-07-11T14:50:35.686336247Z,3,2025-07-11T14:50:49.282188555Z,true,2025-07-11T14:51:09.510574594Z,true,2025-07-11T14:57:30.414871947Z,Player 4,2025-07-11T14:53:19.311794482Z,,,01JZWZEZ3MQCJ2WKYR5EJ0R7NS,2025-07-11T14:50:35.676093911Z,,,"{""networkStruct"":""pooled"",""playerCount"":6}",2025-07-11T14:50:35.686336247Z,"Pooled, Redundancy",2025-07-11T14:50:35.686336247Z,{},2025-07-11T14:50:35.809304484Z,,
01JZX1980WGRBMBRB3X7ZT12FA,,,,,,,,,no more games,2025-07-11T15:48:32.370844344Z,,,,,null,2025-07-11T15:48:32.370844344Z,,,,,,,,,,,01JZX197MREE0ADV0TV42T1EFV,2025-07-11T15:22:25.180146936Z,,,"{""networkStruct"":""pooled"",""playerCount"":3}",2025-07-11T15:22:25.196748396Z,"Pooled, No Redundancy",2025-07-11T15:22:25.196748396Z,{},2025-07-11T15:22:25.394677026Z,,
01JZWX5ZVE1J9A8P7S7967C695,,,,,,,,,game terminated,2025-07-11T14:41:54.436709215Z,,,,,01JZWX3EKSQMF1295TSKJKEEN3,2025-07-11T14:10:44.222598826Z,3,2025-07-11T14:11:22.521421864Z,true,2025-07-11T14:11:54.984968834Z,,,Player 2,2025-07-11T14:14:09.334424439Z,,,01JZWX5ZE7SNVAN7TG3KYX0TWX,2025-07-11T14:10:44.206873058Z,,,"{""networkStruct"":""pooled"",""playerCount"":6}",2025-07-11T14:10:44.222598826Z,"Pooled, Redundancy",2025-07-11T14:10:44.222598826Z,{},2025-07-11T14:10:44.449319931Z,,
01JZWX8M7BJJ1SF700GWCSN5Z7,true,2025-07-11T14:25:58.585494762Z,true,2025-07-11T14:25:54.259046564Z,null,2025-07-11T14:28:05.964729937Z,null,2025-07-11T14:28:05.969772307Z,game ended,2025-07-11T14:31:09.044435473Z,1,2025-07-11T14:31:33.759780375Z,"{""age"":""36"",""gender"":""female"",""strength"":""it was difficult at the start"",""fair"":""yes"",""feedback"":"""",""education"":""high-school""}",2025-07-11T14:31:33.761176057Z,01JZWX3EKQ299J03E1G02M8JNK,2025-07-11T14:12:10.613141933Z,3,2025-07-11T14:13:09.516331445Z,true,2025-07-11T14:13:33.308247017Z,,,Player 1,2025-07-11T14:21:47.614323478Z,5,2025-07-11T14:28:05.968787033Z,01JZWX7TF5M29PMBG82QPYV5HE,2025-07-11T14:12:10.603838135Z,AVERAGE PEOPLE,2025-07-11T14:25:58.585494762Z,"{""networkStruct"":""reciprocal"",""playerCount"":6}",2025-07-11T14:12:10.613141933Z,"Reciprocal, Redundancy",2025-07-11T14:12:10.613141933Z,{},2025-07-11T14:12:10.866516804Z,TaskQueue,2025-07-11T14:28:05.966258387Z
01JZWZFPFKKHBJFH32ZTREDFY3,true,2025-07-11T14:57:30.414871947Z,true,2025-07-11T14:57:22.82455311Z,,,null,2025-07-11T15:00:00.826391827Z,game ended,2025-07-11T15:02:40.881133117Z,1,2025-07-11T15:03:04.113263803Z,"{""age"":""30"",""gender"":""Male"",""strength"":""Very positive game"",""fair"":""Yes"",""feedback"":"""",""education"":""bachelor""}",2025-07-11T15:03:04.081239172Z,01JZWZA6WZVH3TNF2YNV6JH9JY,2025-07-11T14:50:59.453166618Z,3,2025-07-11T14:51:22.508512067Z,true,2025-07-11T14:51:30.266588076Z,,,Player 5,2025-07-11T14:53:19.311794482Z,6,2025-07-11T15:00:00.810443688Z,01JZWZFNW430XQDPBGB4CGDPGF,2025-07-11T14:50:59.443374401Z,,,"{""networkStruct"":""pooled"",""playerCount"":6}",2025-07-11T14:50:59.453166618Z,"Pooled, Redundancy",2025-07-11T14:50:59.453166618Z,{},2025-07-11T14:50:59.751714714Z,TaskQueue,2025-07-11T15:00:00.842486362Z
01JZX0YH9QQ2NSNVMW5BY26JMY,,,,,,,,,no more games,2025-07-11T15:17:23.865363852Z,1,2025-07-11T15:19:00.449804029Z,"{""age"":""54"",""gender"":""Male"",""strength"":""I didn't get a chance to play it - it just went straight to this exit survey seconds after I started to read the instructions."",""fair"":""Never got a chance to play"",""feedback"":""Give me the opportunity to actually play the game!"",""education"":""bachelor""}",2025-07-11T15:19:00.44522101Z,null,2025-07-11T15:17:23.865363852Z,2,2025-07-11T15:17:18.803189042Z,,,,,,,,,01JZX0YGZE9WY6CVNCNMYH3N6V,2025-07-11T15:16:34.231553749Z,,,"{""networkStruct"":""reciprocal"",""playerCount"":3}",2025-07-11T15:16:34.245956945Z,"Reciprocal, No Redundancy",2025-07-11T15:16:34.245956945Z,{},2025-07-11T15:16:34.415688013Z,,
01JZX2PE1F4EBJ870JDP5QF065,true,2025-07-11T15:52:21.126865408Z,true,2025-07-11T15:52:13.393005269Z,,,null,2025-07-11T15:55:54.331834541Z,game ended,2025-07-11T15:57:31.565961446Z,1,2025-07-11T15:58:14.968838597Z,"{""age"":""25"",""gender"":""Female"",""strength"":""It was fun!"",""fair"":""Yes, a lot."",""feedback"":""It’s perfect."",""education"":""master""}",2025-07-11T15:58:14.962038628Z,01JZX2H31TQX1PEB4DWYDPEN1M,2025-07-11T15:47:05.918357528Z,3,2025-07-11T15:47:39.249070381Z,true,2025-07-11T15:48:07.532362154Z,,,Player 3,2025-07-11T15:48:09.618452844Z,4,2025-07-11T15:55:54.236837525Z,01JZX2PDPSZ1EPJKDJ7B9698WT,2025-07-11T15:47:05.903248281Z,,,"{""networkStruct"":""pooled"",""playerCount"":3}",2025-07-11T15:47:05.918357528Z,"Pooled, No Redundancy",2025-07-11T15:47:05.918357528Z,{},2025-07-11T15:47:06.256808197Z,TaskQueue,2025-07-11T15:55:54.340091293Z
01JZWWA6Z4HA5PJEX89BEXA2CE,true,2025-07-11T14:03:48.14446202Z,true,2025-07-11T14:03:45.567742893Z,,,null,2025-07-11T14:06:52.360142051Z,game ended,2025-07-11T14:08:58.501835879Z,1,2025-07-11T14:10:57.980330409Z,"{""age"":""40"",""gender"":""Male"",""strength"":""It was quite engaging and enjoyable"",""fair"":""Yes, they were, they did their tasks "",""feedback"":""Maybe offer people to do the task in the order they want to? Instead of asking to calculate in the specific order everytime "",""education"":""master""}",2025-07-11T14:10:57.975027933Z,01JZWW44BD8A21AGPZM2TQJBZG,2025-07-11T13:55:33.996558556Z,3,2025-07-11T13:56:18.120497943Z,true,2025-07-11T13:56:49.28591636Z,,,Player 1,2025-07-11T13:59:37.305083458Z,4,2025-07-11T14:06:52.365312873Z,01JZWWA6H542S1W0KSF0AQAWBH,2025-07-11T13:55:33.988424653Z,,,"{""networkStruct"":""pooled"",""playerCount"":6}",2025-07-11T13:55:33.996558556Z,"Pooled, Redundancy",2025-07-11T13:55:33.996558556Z,{},2025-07-11T13:55:34.227287592Z,TaskQueue,2025-07-11T14:06:52.362740662Z
01JZWWAJ94Z968B8G8YE73JKMH,true,2025-07-11T14:08:21.813776577Z,true,2025-07-11T14:08:13.838249428Z,,,null,2025-07-11T14:11:12.399490842Z,game ended,2025-07-11T14:13:32.197105775Z,1,2025-07-11T14:14:22.034067536Z,"{""age"":""27"",""gender"":""Male"",""strength"":""Somewhat interesting. "",""fair"":""Very."",""feedback"":""Buttons for help and collaboration."",""education"":""master""}",2025-07-11T14:14:22.03278828Z,01JZWW44BKFZG5XQJNSM0R26CJ,2025-07-11T13:55:45.57938649Z,3,2025-07-11T14:00:51.987013115Z,true,2025-07-11T14:01:28.404753428Z,,,Player 1,2025-07-11T14:04:10.874151937Z,3,2025-07-11T14:11:12.401813915Z,01JZWWAHSMN9FRC2H98YN39KJ5,2025-07-11T13:55:45.572076743Z,,,"{""networkStruct"":""pooled"",""playerCount"":6}",2025-07-11T13:55:45.57938649Z,"Pooled, Redundancy",2025-07-11T13:55:45.57938649Z,{},2025-07-11T13:55:45.828938758Z,TaskQueue,2025-07-11T14:11:12.400536403Z
01JZWX6502S0CA4H9NMETDEVYN,true,2025-07-11T14:25:58.585494762Z,true,2025-07-11T14:25:55.882540653Z,null,2025-07-11T14:28:11.894449756Z,null,2025-07-11T14:28:11.891930596Z,game ended,2025-07-11T14:31:09.044435473Z,1,2025-07-11T14:46:46.255785197Z,"{""age"":""32"",""gender"":""male"",""strength"":""how can people cooperate"",""fair"":""yes"",""feedback"":""idk"",""education"":""master""}",2025-07-11T14:46:46.259122402Z,01JZWX3EKQ299J03E1G02M8JNK,2025-07-11T14:10:49.482717383Z,3,2025-07-11T14:20:14.960504902Z,true,2025-07-11T14:20:22.402632445Z,,,Player 2,2025-07-11T14:21:47.614323478Z,10,2025-07-11T14:28:11.896719074Z,01JZWX64C957VEPCNM88C8KC3M,2025-07-11T14:10:49.474145845Z,AVERAGE PEOPLE,2025-07-11T14:25:58.585494762Z,"{""networkStruct"":""reciprocal"",""playerCount"":6}",2025-07-11T14:10:49.482717383Z,"Reciprocal, Redundancy",2025-07-11T14:10:49.482717383Z,{},2025-07-11T14:10:50.003491127Z,TaskQueue,2025-07-11T14:28:11.914476876Z
01JZWX6E1M6W2A6MXWXWDEGMT7,,,,,,,,,game terminated,2025-07-11T14:41:54.436709215Z,,,,,01JZWX3EKSQMF1295TSKJKEEN3,2025-07-11T14:10:58.750119785Z,3,2025-07-11T14:11:46.586337292Z,true,2025-07-11T14:12:33.461142345Z,,,Player 3,2025-07-11T14:14:09.334424439Z,,,01JZWX6DHC8SK3AK5658A06GSH,2025-07-11T14:10:58.740804759Z,,,"{""networkStruct"":""pooled"",""playerCount"":6}",2025-07-11T14:10:58.750119785Z,"Pooled, Redundancy",2025-07-11T14:10:58.750119785Z,{},2025-07-11T14:10:59.020556646Z,,
