id,batchID,batchIDLastChangedAt,gameID,gameIDLastChangedAt,playerID,playerIDLastChangedAt,roundID,roundIDLastChangedAt
01JZ0X8CGVSWWQZ9MS82CPFBBG,01JZ0W7WFSG9ZE6FZ5RAYW75P8,2025-06-30T17:13:18.619102878Z,01JZ0W7WH669S2GHZMF9MZZGM3,2025-06-30T17:13:18.619102878Z,01JZ0WEMF9G6NDAGNXK33EF8QN,2025-06-30T17:13:18.619102878Z,01JZ0X0D221JYTH4TQCNSKPS8K,2025-06-30T17:13:18.619102878Z
01JZ0YT24GG5ETFW52031AKEE1,01JZ0XP7D84G107KY8Y0T4X5V0,2025-06-30T17:40:26.38442584Z,01JZ0XP7EG8XH2A757Q0XZSTD8,2025-06-30T17:40:26.38442584Z,01JZ0XRVC2V3ECMA17JWJRPAYF,2025-06-30T17:40:26.38442584Z,01JZ0YJ23S9WQRDQ460HR6P7FQ,2025-06-30T17:40:26.38442584Z
01JZ0WHYQD9034P3144YSRMCY5,01JZ0W7WFSG9ZE6FZ5RAYW75P8,2025-06-30T17:01:03.597711856Z,01JZ0W7WH953KKVSAQ2RB19JGS,2025-06-30T17:01:03.597711856Z,01JZ0WEP2R4MXEN3T8DV7MQJFC,2025-06-30T17:01:03.597711856Z,01JZ0WHXBZJ9DJ6C9RH7BGK73K,2025-06-30T17:01:03.597711856Z
01JZ0XB0REPEKC07RHXJHD8KD2,01JZ0X13W9RT32E263JAYJS0WA,2025-06-30T17:14:44.87872319Z,01JZ0X13WYYJA1PBKDVESDJZK9,2025-06-30T17:14:44.87872319Z,01JZ0X2WGRDWEV7PFCY3E6J5CV,2025-06-30T17:14:44.87872319Z,01JZ0X94VXSF20ZNGDV0F0BJJC,2025-06-30T17:14:44.87872319Z
01JZ0YGCV1BE482ANHT33WJW3Y,01JZ0XP7D84G107KY8Y0T4X5V0,2025-06-30T17:35:09.665592625Z,01JZ0XP7EJVNGB38T0GJJ3YDRG,2025-06-30T17:35:09.665592625Z,01JZ0XSE4SQVR38S7WPS564R5A,2025-06-30T17:35:09.665592625Z,01JZ0YGBQG0CDMN9Z85M93HEDY,2025-06-30T17:35:09.665592625Z
01JZ0ZJ5XV5PCV6C8Y72N78T5M,01JZ0Z7NVHZYGBR218W1AZTTTX,2025-06-30T17:53:36.699083416Z,01JZ0Z7NWQ9CYAGNFMNZVFE8F3,2025-06-30T17:53:36.699083416Z,01JZ0ZC0M5FWKT3BXNBNQBRS3X,2025-06-30T17:53:36.699083416Z,01JZ0ZG9YFNZT58VRWXG3QT5BQ,2025-06-30T17:53:36.699083416Z
01JZ0WWNPRPR12408HWNKB56V8,01JZ0W7WFSG9ZE6FZ5RAYW75P8,2025-06-30T17:06:54.808726833Z,01JZ0W7WH953KKVSAQ2B0M9V8S,2025-06-30T17:06:54.808726833Z,01JZ0WAHKMYHZ23HN36ZASZTSG,2025-06-30T17:06:54.808726833Z,01JZ0WTTER8YKF88AWJGE0H1N4,2025-06-30T17:06:54.808726833Z
01JZ0X28B09B678MQT8BHRW2CV,01JZ0W7WFSG9ZE6FZ5RAYW75P8,2025-06-30T17:09:57.728478428Z,01JZ0W7WH669S2GHZMF9MZZGM3,2025-06-30T17:09:57.728478428Z,01JZ0WEF45D6SMFDVXBTYRXH10,2025-06-30T17:09:57.728478428Z,01JZ0X0D1MM1FBC68A68SRT7QX,2025-06-30T17:09:57.728478428Z
01JZ0X2STH8RPWSQWA1XBEBA79,01JZ0W7WFSG9ZE6FZ5RAYW75P8,2025-06-30T17:10:15.633317002Z,01JZ0W7WH953KKVSAQ2B0M9V8S,2025-06-30T17:10:15.633317002Z,01JZ0WAHKMYHZ23HN36ZASZTSG,2025-06-30T17:10:15.633317002Z,01JZ0WTTEXEEBBE00Q8XX3CJ0X,2025-06-30T17:10:15.633317002Z
01JZ0X3B0A7F03PV3F38XFRKNY,01JZ0W7WFSG9ZE6FZ5RAYW75P8,2025-06-30T17:10:33.226853071Z,01JZ0W7WHAXBN0H6GS7Q677HGB,2025-06-30T17:10:33.226853071Z,01JZ0WMR785XGV58FWEYY8ZV5R,2025-06-30T17:10:33.226853071Z,01JZ0X1FPB8VEV669N0M3P4F3C,2025-06-30T17:10:33.226853071Z
01JZ0X9G7SARYNWQNB7V43DNE1,01JZ0W7WFSG9ZE6FZ5RAYW75P8,2025-06-30T17:13:55.19358891Z,01JZ0W7WHAXBN0H6GS7Q677HGB,2025-06-30T17:13:55.19358891Z,01JZ0WZ7BDCE6VCGGC6HB56EG3,2025-06-30T17:13:55.19358891Z,01JZ0X1FPMP0H3NTRHTRZ9YX43,2025-06-30T17:13:55.19358891Z
01JZ0YR2M8MEXR2R311D818505,01JZ0XP7D84G107KY8Y0T4X5V0,2025-06-30T17:39:21.352461832Z,01JZ0XP7EJVNGB38T0GJJ3YDRG,2025-06-30T17:39:21.352461832Z,01JZ0Y0HF7QA3DR4FKNXCV87K3,2025-06-30T17:39:21.352461832Z,01JZ0YGBR3N1C7HWBE3MCVGM7H,2025-06-30T17:39:21.352461832Z
01JZ10V23RRWJ79DFTSNQB0GWT,01JZ100N2HWY96Q2FTR0F0ZWE8,2025-06-30T18:15:56.281018161Z,01JZ100N4EZ1D1ZSMZ8BGYY8VN,2025-06-30T18:15:56.281018161Z,01JZ102EWH34RY0HTQE7XKZW4Y,2025-06-30T18:15:56.281018161Z,01JZ10KP1Q82VDRFTGBXZQAHX0,2025-06-30T18:15:56.281018161Z
01JZ11FPM53GHMYJR71KB9S5S6,01JZ10P0MMB9VWWBD3QMCFKF4F,2025-06-30T18:27:12.645255003Z,01JZ10P0NQF4P3BB1AAZVYSJMW,2025-06-30T18:27:12.645255003Z,01JZ1150FF1R34BCRBWA1A312D,2025-06-30T18:27:12.645255003Z,01JZ117N3ZHA97Z6D824P3WHB7,2025-06-30T18:27:12.645255003Z
01JZ11KT3JN394GCTR61WSVXJ2,01JZ119YR0X0B5B35KS5ARQA66,2025-06-30T18:29:27.282210896Z,01JZ119YWQTW1CNB5AYNKC679G,2025-06-30T18:29:27.282210896Z,01JZ11C5H6QK3Z44KTVNDP9W7X,2025-06-30T18:29:27.282210896Z,01JZ11HY3M9BTBRH5C7BX1BNEF,2025-06-30T18:29:27.282210896Z
01JZ12509TJWVY101VTKHZHNCH,01JZ119YR0X0B5B35KS5ARQA66,2025-06-30T18:38:50.682077439Z,01JZ119YX2JRQ0Y08WK2G2K83K,2025-06-30T18:38:50.682077439Z,01JZ11FXMRNQNNMJF3636VJFGJ,2025-06-30T18:38:50.682077439Z,01JZ11X86YE0T5V4H5YMR2Z3VE,2025-06-30T18:38:50.682077439Z
01JZ0WSKPHRMDWVTCE9RHHFD6P,01JZ0W7WFSG9ZE6FZ5RAYW75P8,2025-06-30T17:05:14.449821268Z,01JZ0W7WH953KKVSAQ2RB19JGS,2025-06-30T17:05:14.449821268Z,01JZ0WEP2R4MXEN3T8DV7MQJFC,2025-06-30T17:05:14.449821268Z,01JZ0WHXCERTXCCDC06BM2M09Q,2025-06-30T17:05:14.449821268Z
01JZ0X2FV514909Q6XWY7GH55V,01JZ0W7WFSG9ZE6FZ5RAYW75P8,2025-06-30T17:10:05.413132938Z,01JZ0W7WH953KKVSAQ2B0M9V8S,2025-06-30T17:10:05.413132938Z,01JZ0WTJ3PN5WANHTPYKBXMWS1,2025-06-30T17:10:05.413132938Z,01JZ0WTTEKC7XFKM4RZ6QM2CMJ,2025-06-30T17:10:05.413132938Z
01JZ0X82HBBZFV2SR68YVP1XTK,01JZ0W7WFSG9ZE6FZ5RAYW75P8,2025-06-30T17:13:08.395585085Z,01JZ0W7WH669S2GHZMF9MZZGM3,2025-06-30T17:13:08.395585085Z,01JZ0WEMF9G6NDAGNXK33EF8QN,2025-06-30T17:13:08.395585085Z,01JZ0X0D1EGJJMT4PJT4Z6WRWT,2025-06-30T17:13:08.395585085Z
01JZ0YTXVVFGMPW6G2YTBYRXV1,01JZ0XP7D84G107KY8Y0T4X5V0,2025-06-30T17:40:54.779430514Z,01JZ0XP7EQ68N8E1T1SAYQ3MY0,2025-06-30T17:40:54.779430514Z,01JZ0Y986C6V9HHQ0J9W9YBS48,2025-06-30T17:40:54.779430514Z,01JZ0YK8EE52K8MZ9DF53S17N0,2025-06-30T17:40:54.779430514Z
01JZ0ZPZK2MFPAZKNQNGGHA0V9,01JZ0Z7NVHZYGBR218W1AZTTTX,2025-06-30T17:56:14.050754059Z,01JZ0Z7NWZE2H4FK4XXVVF91VK,2025-06-30T17:56:14.050754059Z,01JZ0ZCVM0CFJKJH2EH6ME4059,2025-06-30T17:56:14.050754059Z,01JZ0ZN3WB5FE42VYYRMME52X3,2025-06-30T17:56:14.050754059Z
01JZ10WTW41FNAZCZNRT0NWBGW,01JZ100N2HWY96Q2FTR0F0ZWE8,2025-06-30T18:16:54.404262953Z,01JZ100N4KMAHXYJQHY2912PJS,2025-06-30T18:16:54.404262953Z,01JZ10J3PQE4B6BSPPJM12TS9H,2025-06-30T18:16:54.404262953Z,01JZ10TYXRYYKGY8CZ25WDAB29,2025-06-30T18:16:54.404262953Z
01JZ0WS9PGNMXFXP5ER0H7QK3N,01JZ0W7WFSG9ZE6FZ5RAYW75P8,2025-06-30T17:05:04.208136589Z,01JZ0W7WH953KKVSAQ2RB19JGS,2025-06-30T17:05:04.208136589Z,01JZ0WAQMDYVVH1XTS848323JD,2025-06-30T17:05:04.208136589Z,01JZ0WHXCFAPSVFKQ8NDRDZX0A,2025-06-30T17:05:04.208136589Z
01JZ0XM4Q1TNTY84XWV78KHP49,01JZ0X7ZMW8Y5D7G0ZVAD2X33D,2025-06-30T17:19:43.841705822Z,01JZ0X7ZNN0GRQQ68EJYGR423Q,2025-06-30T17:19:43.841705822Z,01JZ0XAYB1S3TC6JQYTFQEQMC9,2025-06-30T17:19:43.841705822Z,01JZ0XCE4VW3TJ5TZKQXXFJFDB,2025-06-30T17:19:43.841705822Z
01JZ0Z8NR0V6C151W0HSH3E0E5,01JZ0YMAZQ8ZJWY43T1GN1DF14,2025-06-30T17:48:25.216667058Z,01JZ0YMB0WF5ZW98DAK0M01JZW,2025-06-30T17:48:25.216667058Z,01JZ0YXHWRS1NCGZMM3Q2B39GA,2025-06-30T17:48:25.216667058Z,01JZ0Z6T5JS8VCZARJE0AVHE7R,2025-06-30T17:48:25.216667058Z
01JZ0WNDC7RZQGN5NEBM7AZ91S,01JZ0W7WFSG9ZE6FZ5RAYW75P8,2025-06-30T17:02:56.903768477Z,01JZ0W7WH4BMT12JZKEJ46HRED,2025-06-30T17:02:56.903768477Z,01JZ0WAAZYC4MWADQ1W4JHZEKE,2025-06-30T17:02:56.903768477Z,01JZ0WDR6ANASPSKJ9F9M8CXCT,2025-06-30T17:02:56.903768477Z
01JZ12DBCGFJVC6JSP0V0DQ3C2,01JZ11XHS287W5Q5TASNQ00G2A,2025-06-30T18:43:24.176210915Z,01JZ11XHTNJGBK57M9Z78S7EZ8,2025-06-30T18:43:24.176210915Z,01JZ122MSYXCQ30CZ1NABD92FB,2025-06-30T18:43:24.176210915Z,01JZ125KVFXGM4X3QHYBQ7FNMN,2025-06-30T18:43:24.176210915Z
01JZ12GSA568XYMSWWGMP9MGZE,01JZ125JFJMC1Q6XSKNPVJH08C,2025-06-30T18:45:16.741190586Z,01JZ125JHD5GFGZ2E2T20ACXSR,2025-06-30T18:45:16.741190586Z,01JZ125V8KVJHWPE24Y2HN3262,2025-06-30T18:45:16.741190586Z,01JZ12EWZ4ZXFFR2ZNAX51XFN4,2025-06-30T18:45:16.741190586Z
01JZ0YRAPZ1WWGCGF5HBBXAT67,01JZ0XP7D84G107KY8Y0T4X5V0,2025-06-30T17:39:29.631296593Z,01JZ0XP7EMN72NB2RFN2ZH81CP,2025-06-30T17:39:29.631296593Z,01JZ0XRCSBXVQ7D717N2EW3SS5,2025-06-30T17:39:29.631296593Z,01JZ0YGAWV38VXQGG2BT4ZQEM9,2025-06-30T17:39:29.631296593Z
01JZ0ZWT1S1Z37GBRJ2HTTEB0R,01JZ0Z7NVHZYGBR218W1AZTTTX,2025-06-30T17:59:24.985250057Z,01JZ0Z7NWZE2H4FK4XXVVF91VK,2025-06-30T17:59:24.985250057Z,01JZ0ZJGVNV4HZWQH3SHFEPZKV,2025-06-30T17:59:24.985250057Z,01JZ0ZN3WV92QX00PYT1ME4CD1,2025-06-30T17:59:24.985250057Z
01JZ10C8WJAT3CW8A78M3J1837,01JZ100N2HWY96Q2FTR0F0ZWE8,2025-06-30T18:07:51.699024133Z,01JZ100N4SNNY9PP8QFCF7M9TY,2025-06-30T18:07:51.699024133Z,01JZ104ZVKRJK37A0M3H5N1SSZ,2025-06-30T18:07:51.699024133Z,01JZ10C7M89GRNAJQYP6PET090,2025-06-30T18:07:51.699024133Z
01JZ10E3RHTSRC9BTC3FXMVARQ,01JZ100N2HWY96Q2FTR0F0ZWE8,2025-06-30T18:08:51.986007821Z,01JZ100N4SNNY9PP8QFCF7M9TY,2025-06-30T18:08:51.986007821Z,01JZ10BA4D4XWBNYV7XSZB19G9,2025-06-30T18:08:51.986007821Z,01JZ10C7NVD4WCQHGDZJSD64MZ,2025-06-30T18:08:51.986007821Z
01JZ10VC3Z35J05994A1KAETYN,01JZ100N2HWY96Q2FTR0F0ZWE8,2025-06-30T18:16:06.527799504Z,01JZ100N4EZ1D1ZSMZ8BGYY8VN,2025-06-30T18:16:06.527799504Z,01JZ10HD3WWGQK3YQHKKJS02JE,2025-06-30T18:16:06.527799504Z,01JZ10KP23VD2A36G6JGHTHMMQ,2025-06-30T18:16:06.527799504Z
01JZ12SMXTNJ878NP9354QBS7J,01JZ12GR49VSBA1ETNY3NZB6T4,2025-06-30T18:50:07.16294391Z,01JZ12GR6N6DKV4APDKNYMT7NT,2025-06-30T18:50:07.16294391Z,01JZ12JHAHK6M4WMQGC6QP15QC,2025-06-30T18:50:07.16294391Z,01JZ12QRG8R58TPJ33BH6TZ2DQ,2025-06-30T18:50:07.16294391Z
01JZ0WT9CHK97B5TC497H0MKH8,01JZ0W7WFSG9ZE6FZ5RAYW75P8,2025-06-30T17:05:36.6579513Z,01JZ0W7WH7YZAXNKRFQJVF1GT9,2025-06-30T17:05:36.6579513Z,01JZ0WD8K81ED22Q3AW64X5FK3,2025-06-30T17:05:36.6579513Z,01JZ0WT8WMMV7Z983D048DDPB1,2025-06-30T17:05:36.6579513Z
01JZ0YSH1Z3NA8GKXA0CJRNK71,01JZ0XP7D84G107KY8Y0T4X5V0,2025-06-30T17:40:08.895439718Z,01JZ0XP7E80XQ8XGY0HAVD3ZJP,2025-06-30T17:40:08.895439718Z,01JZ0Y9M6M54F6PRF622D0XAT7,2025-06-30T17:40:08.895439718Z,01JZ0YJ4SFDGNEEXF88XZ3SWTC,2025-06-30T17:40:08.895439718Z
01JZ0ZQ7JFRQQ1NXW3XNW84ZGG,01JZ0Z7NVHZYGBR218W1AZTTTX,2025-06-30T17:56:22.223846889Z,01JZ0Z7NWEY0R3MD8J8181F140,2025-06-30T17:56:22.223846889Z,01JZ0ZEY8PJTCNK0R4SHSPP740,2025-06-30T17:56:22.223846889Z,01JZ0ZNAXF0V77TW8GXK197WV3,2025-06-30T17:56:22.223846889Z
01JZ0ZX42C5RNYAJDDE1YCYR6B,01JZ0Z7NVHZYGBR218W1AZTTTX,2025-06-30T17:59:35.244831214Z,01JZ0Z7NWZE2H4FK4XXVVF91VK,2025-06-30T17:59:35.244831214Z,01JZ0ZDPKFMFYQGHQARHET8ET7,2025-06-30T17:59:35.244831214Z,01JZ0ZN3X1H6GCGMDNW779BFF9,2025-06-30T17:59:35.244831214Z
01JZ11SMC0RVRVA9P5GPJ2N9BT,01JZ119YR0X0B5B35KS5ARQA66,2025-06-30T18:32:38.016851893Z,01JZ119YWQTW1CNB5AYNKC679G,2025-06-30T18:32:38.016851893Z,01JZ11FGST56RJTD3QVHX7QE2X,2025-06-30T18:32:38.016851893Z,01JZ11HY4SZJCYDA61FR2X94QP,2025-06-30T18:32:38.016851893Z
01JZ0WTPV830NAY2DX6FMFPMWG,01JZ0W7WFSG9ZE6FZ5RAYW75P8,2025-06-30T17:05:50.440963826Z,01JZ0W7WHAXBN0H6GS7ZCJVTX8,2025-06-30T17:05:50.440963826Z,01JZ0WH9YNF3ECN4CRXVD7B211,2025-06-30T17:05:50.440963826Z,01JZ0WJQA6G1BCFBAY0Z0QH02V,2025-06-30T17:05:50.440963826Z
01JZ0YZGSPTARNM8QQWGKN45BT,01JZ0YMAZQ8ZJWY43T1GN1DF14,2025-06-30T17:43:25.23859141Z,01JZ0YMB0R63S66YTFBNZZK4BM,2025-06-30T17:43:25.23859141Z,01JZ0YZDVBGT4T7P1T5X8ANGES,2025-06-30T17:43:25.23859141Z,01JZ0YZF61V02X006G88CCN1N8,2025-06-30T17:43:25.23859141Z
01JZ0ZN4Q5Q3BMHQ4QCEJQZ32S,01JZ0Z7NVHZYGBR218W1AZTTTX,2025-06-30T17:55:13.765172087Z,01JZ0Z7NWZE2H4FK4XXVVF91VK,2025-06-30T17:55:13.765172087Z,01JZ0ZDR4R16NZQ3H22ZMHYSSY,2025-06-30T17:55:13.765172087Z,01JZ0ZN3W22ZCXAA8HM6TZXMH5,2025-06-30T17:55:13.765172087Z
01JZ0ZX41TW50F5HQ1707W6XZM,01JZ0Z7NVHZYGBR218W1AZTTTX,2025-06-30T17:59:35.226701758Z,01JZ0Z7NWZE2H4FK4XXVVF91VK,2025-06-30T17:59:35.226701758Z,01JZ0ZDR4R16NZQ3H22ZMHYSSY,2025-06-30T17:59:35.226701758Z,01JZ0ZN3X1H6GCGMDNW779BFF9,2025-06-30T17:59:35.226701758Z
01JZ10DCQEWCN5DNJ874MW9HYS,01JZ100N2HWY96Q2FTR0F0ZWE8,2025-06-30T18:08:28.398088889Z,01JZ100N40PZGZRWRMG9G2S114,2025-06-30T18:08:28.398088889Z,01JZ10AXVMES632P24R1SRWC3P,2025-06-30T18:08:28.398088889Z,01JZ10DBQF23SMF6SAV061V1KD,2025-06-30T18:08:28.398088889Z
01JZ125BV8Y45C20QRF40WQ10S,01JZ119YR0X0B5B35KS5ARQA66,2025-06-30T18:39:02.504769301Z,01JZ119YY7H6NVYT7RKS2PMWJ6,2025-06-30T18:39:02.504769301Z,01JZ11HSS70BAAPK602YE4TB65,2025-06-30T18:39:02.504769301Z,01JZ11XAFJ8MVB91K5562CQM4C,2025-06-30T18:39:02.504769301Z
01JZ0WSXKKJCT9H75V1MAXG35Q,01JZ0W7WFSG9ZE6FZ5RAYW75P8,2025-06-30T17:05:24.595358063Z,01JZ0W7WH953KKVSAQ2RB19JGS,2025-06-30T17:05:24.595358063Z,01JZ0WAQMDYVVH1XTS848323JD,2025-06-30T17:05:24.595358063Z,01JZ0WHXCC6CTCCFSE1KKSNSCN,2025-06-30T17:05:24.595358063Z
01JZ0WWNPV2W55DK5VNAF5NTRE,01JZ0W7WFSG9ZE6FZ5RAYW75P8,2025-06-30T17:06:54.811516489Z,01JZ0W7WH953KKVSAQ2B0M9V8S,2025-06-30T17:06:54.811516489Z,01JZ0WHVQRWPHMW3H6GCBQRHAT,2025-06-30T17:06:54.811516489Z,01JZ0WTTER8YKF88AWJGE0H1N4,2025-06-30T17:06:54.811516489Z
01JZ0YKXRDE3ZYHY80TRJG65NS,01JZ0XP7D84G107KY8Y0T4X5V0,2025-06-30T17:37:05.293829154Z,01JZ0XP7EG8XH2A757Q0XZSTD8,2025-06-30T17:37:05.293829154Z,01JZ0Y0SZ0N9E11ZWKT7DVHFDT,2025-06-30T17:37:05.293829154Z,01JZ0YJ23Y4NPAXZGFFEBH0840,2025-06-30T17:37:05.293829154Z
01JZ0WKSJJYWR7J5THEZZKBQS6,01JZ0W7WFSG9ZE6FZ5RAYW75P8,2025-06-30T17:02:03.858136743Z,01JZ0W7WH953KKVSAQ2RB19JGS,2025-06-30T17:02:03.858136743Z,01JZ0WAQMDYVVH1XTS848323JD,2025-06-30T17:02:03.858136743Z,01JZ0WHXC2NAHWXYM35QR0DXW7,2025-06-30T17:02:03.858136743Z
01JZ0WWTMD4CVHJC7185XNH8XK,01JZ0W7WFSG9ZE6FZ5RAYW75P8,2025-06-30T17:06:59.854150492Z,01JZ0W7WHE67QMEH4CJKSJPVET,2025-06-30T17:06:59.854150492Z,01JZ0WCK697DJY01ASTS62HMHF,2025-06-30T17:06:59.854150492Z,01JZ0WMVE35K5WD19CJF3EQRFY,2025-06-30T17:06:59.854150492Z
01JZ0X25W9M26Y8MSC8SAP4K3X,01JZ0W7WFSG9ZE6FZ5RAYW75P8,2025-06-30T17:09:55.210342026Z,01JZ0W7WH953KKVSAQ2B0M9V8S,2025-06-30T17:09:55.210342026Z,01JZ0WAHKMYHZ23HN36ZASZTSG,2025-06-30T17:09:55.210342026Z,01JZ0WTTEN4KFVRC8S8Z8CDA17,2025-06-30T17:09:55.210342026Z
01JZ0ZX1VKQ92VHHXARK8GTSZV,01JZ0Z7NVHZYGBR218W1AZTTTX,2025-06-30T17:59:32.979430952Z,01JZ0Z7NWEY0R3MD8J8181F140,2025-06-30T17:59:32.979430952Z,01JZ0ZDDMC7G81EYJHMB7J3H32,2025-06-30T17:59:32.979430952Z,01JZ0ZNAZ0B9M929EBAXD1XH4G,2025-06-30T17:59:32.979430952Z
01JZ0YQPRCGAH8MP79HA1Y3G05,01JZ0XP7D84G107KY8Y0T4X5V0,2025-06-30T17:39:09.196852628Z,01JZ0XP7EMN72NB2RFN2ZH81CP,2025-06-30T17:39:09.196852628Z,01JZ0Y6PQ8C2TDTX52Z72CYDBY,2025-06-30T17:39:09.196852628Z,01JZ0YGAWSHVDBPGMP67RZP8D7,2025-06-30T17:39:09.196852628Z
01JZ0YR2M4DG186DWGQHC1NN6D,01JZ0XP7D84G107KY8Y0T4X5V0,2025-06-30T17:39:21.349024257Z,01JZ0XP7EJVNGB38T0GJJ3YDRG,2025-06-30T17:39:21.349024257Z,01JZ0YEJZ0MS606BWV5CDW083D,2025-06-30T17:39:21.349024257Z,01JZ0YGBR3N1C7HWBE3MCVGM7H,2025-06-30T17:39:21.349024257Z
01JZ0Z7FX0DDMVH2FB35E9A8KK,01JZ0YMAZQ8ZJWY43T1GN1DF14,2025-06-30T17:47:46.464863417Z,01JZ0YMB0R63S66YTFBNZZK4BM,2025-06-30T17:47:46.464863417Z,01JZ0YNFF9ND6ER3KNY4S7ARQ1,2025-06-30T17:47:46.464863417Z,01JZ0YZF6N7SXRGHFRD9HTKM5S,2025-06-30T17:47:46.464863417Z
01JZ10N1ZEPEZKVHW22Z5WYBVA,01JZ100N2HWY96Q2FTR0F0ZWE8,2025-06-30T18:12:39.534116449Z,01JZ100N40PZGZRWRMG9G2S114,2025-06-30T18:12:39.534116449Z,01JZ1041THT8H7EXVVPSNGM30W,2025-06-30T18:12:39.534116449Z,01JZ10DBQZT54M7Y17Q46P3N9J,2025-06-30T18:12:39.534116449Z
01JZ119J00B3M0HG38QRFBNB86,01JZ10P0MMB9VWWBD3QMCFKF4F,2025-06-30T18:23:51.29651224Z,01JZ10P0NQF4P3BB1AAZVYSJMW,2025-06-30T18:23:51.29651224Z,01JZ1150FF1R34BCRBWA1A312D,2025-06-30T18:23:51.29651224Z,01JZ117N2TGV3ZG2F0D8H72DDX,2025-06-30T18:23:51.29651224Z
01JZ0XGGVJQD7RQM6S1RR00GZN,01JZ0X13W9RT32E263JAYJS0WA,2025-06-30T17:17:45.202724681Z,01JZ0X13WYYJA1PBKDVESDJZK9,2025-06-30T17:17:45.202724681Z,01JZ0X2WGRDWEV7PFCY3E6J5CV,2025-06-30T17:17:45.202724681Z,01JZ0X94WKCC9KYW4Z06CRWSJ2,2025-06-30T17:17:45.202724681Z
01JZ0Z1BQFZ9EFPM8SF3KQGRKG,01JZ0YMAZQ8ZJWY43T1GN1DF14,2025-06-30T17:44:25.583340007Z,01JZ0YMB0R63S66YTFBNZZK4BM,2025-06-30T17:44:25.583340007Z,01JZ0YZDVBGT4T7P1T5X8ANGES,2025-06-30T17:44:25.583340007Z,01JZ0YZF5NKQADSCNHVDQ7T9AV,2025-06-30T17:44:25.583340007Z
01JZ11X53KFQXJ110HY8NBE6G8,01JZ119YR0X0B5B35KS5ARQA66,2025-06-30T18:34:33.459813797Z,01JZ119YTKRCVRVA7XBM70602J,2025-06-30T18:34:33.459813797Z,01JZ11HGCKCTMRT54WJ26DZBKJ,2025-06-30T18:34:33.459813797Z,01JZ11NEAPA0XRPSWMP18G6H2B,2025-06-30T18:34:33.459813797Z
01JZ125AD7GPCY2RETPWJ25C47,01JZ119YR0X0B5B35KS5ARQA66,2025-06-30T18:39:01.031240642Z,01JZ119YX2JRQ0Y08WK2G2K83K,2025-06-30T18:39:01.031240642Z,01JZ11X3WRWNN35NZNT7FAT64A,2025-06-30T18:39:01.031240642Z,01JZ11X86CMMMQ9WPSTB477GTS,2025-06-30T18:39:01.031240642Z
01JZ0WKSJC56N3B55C3DNNQZJT,01JZ0W7WFSG9ZE6FZ5RAYW75P8,2025-06-30T17:02:03.852512291Z,01JZ0W7WH953KKVSAQ2RB19JGS,2025-06-30T17:02:03.852512291Z,01JZ0W9WCH8JKPBKWHEDD5J8GA,2025-06-30T17:02:03.852512291Z,01JZ0WHXC2NAHWXYM35QR0DXW7,2025-06-30T17:02:03.852512291Z
01JZ0WPPNJS83HJXFSF0AW9S1B,01JZ0W7WFSG9ZE6FZ5RAYW75P8,2025-06-30T17:03:39.186606745Z,01JZ0W7WHE67QMEH4CJKSJPVET,2025-06-30T17:03:39.186606745Z,01JZ0WCK697DJY01ASTS62HMHF,2025-06-30T17:03:39.186606745Z,01JZ0WMVDVPF44P3G83145WX2W,2025-06-30T17:03:39.186606745Z
01JZ0X9G7PYDGX65TXKBRKKZ6Y,01JZ0W7WFSG9ZE6FZ5RAYW75P8,2025-06-30T17:13:55.190094679Z,01JZ0W7WHAXBN0H6GS7Q677HGB,2025-06-30T17:13:55.190094679Z,01JZ0WRNMB87KA9QP0V95N94CC,2025-06-30T17:13:55.190094679Z,01JZ0X1FPMP0H3NTRHTRZ9YX43,2025-06-30T17:13:55.190094679Z
01JZ0YSR4QP799AS06AKQHH3WD,01JZ0XP7D84G107KY8Y0T4X5V0,2025-06-30T17:40:16.151442976Z,01JZ0XP7EG8XH2A757Q0XZSTD8,2025-06-30T17:40:16.151442976Z,01JZ0WZAY9MJRX64HMB036GGYV,2025-06-30T17:40:16.151442976Z,01JZ0YJ23KDS5S1FAB4EPJNCZW,2025-06-30T17:40:16.151442976Z
01JZ0Z6W0AG46SED08FGTS65VC,01JZ0YMAZQ8ZJWY43T1GN1DF14,2025-06-30T17:47:26.090361008Z,01JZ0YMB0R63S66YTFBNZZK4BM,2025-06-30T17:47:26.090361008Z,01JZ0YNFF9ND6ER3KNY4S7ARQ1,2025-06-30T17:47:26.090361008Z,01JZ0YZF7AZNJQ4PJPHYYDFMTE,2025-06-30T17:47:26.090361008Z
01JZ0WN3EDDZHM1ZCK4V98VTXW,01JZ0W7WFSG9ZE6FZ5RAYW75P8,2025-06-30T17:02:46.733227601Z,01JZ0W7WH4BMT12JZKEJ46HRED,2025-06-30T17:02:46.733227601Z,01JZ0WAB87JJZ65XTQ86875XYE,2025-06-30T17:02:46.733227601Z,01JZ0WDR6MCTHHDKMX7YEF98AR,2025-06-30T17:02:46.733227601Z
01JZ0WQRMT1AQXCST44CXA6SZ0,01JZ0W7WFSG9ZE6FZ5RAYW75P8,2025-06-30T17:04:13.978582849Z,01JZ0W7WHDGTV3A91VXN46A52G,2025-06-30T17:04:13.978582849Z,01JZ0WB00A4BPSJ7Z3QGY3QN6N,2025-06-30T17:04:13.978582849Z,01JZ0WG1NJ7YSDPMF47M86JFSF,2025-06-30T17:04:13.978582849Z
01JZ0YV7VDHZAW8FBS2ZXV08J3,01JZ0XP7D84G107KY8Y0T4X5V0,2025-06-30T17:41:05.005901867Z,01JZ0XP7EQ68N8E1T1SAYQ3MY0,2025-06-30T17:41:05.005901867Z,01JZ0XVYBJ3BJ2ZA7GA2NF055P,2025-06-30T17:41:05.005901867Z,01JZ0YK8EJE652HH84785FKG0X,2025-06-30T17:41:05.005901867Z
01JZ0ZWQVR115BKG9NBFDVFSWQ,01JZ0Z7NVHZYGBR218W1AZTTTX,2025-06-30T17:59:22.744946353Z,01JZ0Z7NWEY0R3MD8J8181F140,2025-06-30T17:59:22.744946353Z,01JZ0ZDDMC7G81EYJHMB7J3H32,2025-06-30T17:59:22.744946353Z,01JZ0ZNAYQ28Y241WB8F253Q81,2025-06-30T17:59:22.744946353Z
01JZ127GF09YC5MZZB95ZESQFW,01JZ11XHS287W5Q5TASNQ00G2A,2025-06-30T18:40:12.768135108Z,01JZ11XHTNJGBK57M9Z78S7EZ8,2025-06-30T18:40:12.768135108Z,01JZ122MSYXCQ30CZ1NABD92FB,2025-06-30T18:40:12.768135108Z,01JZ125KS3T2N5BYVPYYF70Q02,2025-06-30T18:40:12.768135108Z
01JZ0WQEQ7Q0Y2PSG41C7593QH,01JZ0W7WFSG9ZE6FZ5RAYW75P8,2025-06-30T17:04:03.815357712Z,01JZ0W7WHDGTV3A91VXN46A52G,2025-06-30T17:04:03.815357712Z,01JZ0WET3J4BRRMDT618GNVF6A,2025-06-30T17:04:03.815357712Z,01JZ0WG1NKKS39QP1N931C8X0H,2025-06-30T17:04:03.815357712Z
01JZ0XEA15CRNZ2G42XW4KM75G,01JZ0X7ZMW8Y5D7G0ZVAD2X33D,2025-06-30T17:16:32.677391904Z,01JZ0X7ZNN0GRQQ68EJYGR423Q,2025-06-30T17:16:32.677391904Z,01JZ0X62A2JP7CETA0N4WE5M8N,2025-06-30T17:16:32.677391904Z,01JZ0XCE53NQKKJMPX4DRFNKFF,2025-06-30T17:16:32.677391904Z
01JZ10KQ0CKAPS632RWG56S208,01JZ100N2HWY96Q2FTR0F0ZWE8,2025-06-30T18:11:55.532383227Z,01JZ100N4EZ1D1ZSMZ8BGYY8VN,2025-06-30T18:11:55.532383227Z,01JZ102EWH34RY0HTQE7XKZW4Y,2025-06-30T18:11:55.532383227Z,01JZ10KP1DRZ3PQJX0WF8G5PH8,2025-06-30T18:11:55.532383227Z
01JZ10NHV6AEF3XDXZEYVNVTS5,01JZ100N2HWY96Q2FTR0F0ZWE8,2025-06-30T18:12:55.782389772Z,01JZ100N4EZ1D1ZSMZ8BGYY8VN,2025-06-30T18:12:55.782389772Z,01JZ104180T0VDBKNH0NERW22V,2025-06-30T18:12:55.782389772Z,01JZ10KP1X152FSFF7MDZT2Y0B,2025-06-30T18:12:55.782389772Z
01JZ11HZ8CQR0EQ1PSB6DQDFTM,01JZ119YR0X0B5B35KS5ARQA66,2025-06-30T18:28:27.02080075Z,01JZ119YWQTW1CNB5AYNKC679G,2025-06-30T18:28:27.02080075Z,01JZ11BXK08MWSE44GV5N4BET6,2025-06-30T18:28:27.02080075Z,01JZ11HY41CPV2HCJNWWW463R0,2025-06-30T18:28:27.02080075Z
01JZ132A19TMWE0SG0TMQCVQNH,01JZ12GR49VSBA1ETNY3NZB6T4,2025-06-30T18:54:50.921909834Z,01JZ12GR778SNDBX9EP3GGZZ51,2025-06-30T18:54:50.921909834Z,01JZ12JPCE2ZA0S6XXV2KMX9ZV,2025-06-30T18:54:50.921909834Z,01JZ12TTX9JKTK89XPV4ZYSZGE,2025-06-30T18:54:50.921909834Z
01JZ10C8WYT17BZBEAKF0SXNA0,01JZ100N2HWY96Q2FTR0F0ZWE8,2025-06-30T18:07:51.710202246Z,01JZ100N4SNNY9PP8QFCF7M9TY,2025-06-30T18:07:51.710202246Z,01JZ1092JPD1196K4EJEEW8C7Y,2025-06-30T18:07:51.710202246Z,01JZ10C7M89GRNAJQYP6PET090,2025-06-30T18:07:51.710202246Z
01JZ10V015MB8YKQXYXW70JNT7,01JZ100N2HWY96Q2FTR0F0ZWE8,2025-06-30T18:15:54.149467429Z,01JZ100N4KMAHXYJQHY2912PJS,2025-06-30T18:15:54.149467429Z,01JZ10J3PQE4B6BSPPJM12TS9H,2025-06-30T18:15:54.149467429Z,01JZ10TYWPF2TZHNA9CJQ295HE,2025-06-30T18:15:54.149467429Z
01JZ13ESJ9ZS8BF4EZEQYB56BB,01JZ12TK2B48MQYACM0BX1FJ39,2025-06-30T19:01:40.041623855Z,01JZ12TK4A16DPH6KAMKDY8GHP,2025-06-30T19:01:40.041623855Z,01JZ134XXSYB7MDVYZCM82AH6P,2025-06-30T19:01:40.041623855Z,01JZ137CNGT1NATJJ722FQF06V,2025-06-30T19:01:40.041623855Z
01JZ0WHXKBA49GT7EYJ6W1ZACB,01JZ0W7WFSG9ZE6FZ5RAYW75P8,2025-06-30T17:01:02.443340234Z,01JZ0W7WHDGTV3A91VXN46A52G,2025-06-30T17:01:02.443340234Z,01JZ0WA4AHK3PPVW2TTV3AGCJ0,2025-06-30T17:01:02.443340234Z,01JZ0WG1NA88YKD1VTVSR9S45Y,2025-06-30T17:01:02.443340234Z
01JZ0YJ2WXTFY7Q0R39FARJ3S9,01JZ0XP7D84G107KY8Y0T4X5V0,2025-06-30T17:36:05.021391633Z,01JZ0XP7EG8XH2A757Q0XZSTD8,2025-06-30T17:36:05.021391633Z,01JZ0WZAY9MJRX64HMB036GGYV,2025-06-30T17:36:05.021391633Z,01JZ0YJ23FRP7FAQAPQ1AHZ980,2025-06-30T17:36:05.021391633Z
01JZ0Z75ZDR2JX90DRMXP7R15A,01JZ0YMAZQ8ZJWY43T1GN1DF14,2025-06-30T17:47:36.301854597Z,01JZ0YMB0R63S66YTFBNZZK4BM,2025-06-30T17:47:36.301854597Z,01JZ0YZDVBGT4T7P1T5X8ANGES,2025-06-30T17:47:36.301854597Z,01JZ0YZF6CSHY2H5VR4RW80FKN,2025-06-30T17:47:36.301854597Z
01JZ0ZP32FAWK83N6607YM0GSZ,01JZ0Z7NVHZYGBR218W1AZTTTX,2025-06-30T17:55:44.847559821Z,01JZ0Z7NWVZHM50FX7KDE2CZ4K,2025-06-30T17:55:44.847559821Z,01JZ0ZAQNAD3Q9TSM6MFVP3KH7,2025-06-30T17:55:44.847559821Z,01JZ0ZEQ5VJ0PQ37YFK1SSSBJT,2025-06-30T17:55:44.847559821Z
01JZ10DCQ90DK2Y0EN6E3X6ZCR,01JZ100N2HWY96Q2FTR0F0ZWE8,2025-06-30T18:08:28.393878196Z,01JZ100N40PZGZRWRMG9G2S114,2025-06-30T18:08:28.393878196Z,01JZ109DD1MS0H9Q6X0RP6AVZ3,2025-06-30T18:08:28.393878196Z,01JZ10DBQF23SMF6SAV061V1KD,2025-06-30T18:08:28.393878196Z
01JZ11RNH17EKW4497DB51Y0DQ,01JZ119YR0X0B5B35KS5ARQA66,2025-06-30T18:32:06.433469969Z,01JZ119YW2HKPBQ3HF5AQNWR9Z,2025-06-30T18:32:06.433469969Z,01JZ11GPD2ZWF3D1EP1BKS7EA7,2025-06-30T18:32:06.433469969Z,01JZ11PR68KJ9KRX92H1GBZV0Q,2025-06-30T18:32:06.433469969Z
01JZ11XC8QEFSYBSZFZCSYAMET,01JZ119YR0X0B5B35KS5ARQA66,2025-06-30T18:34:40.791535829Z,01JZ119YY7H6NVYT7RKS2PMWJ6,2025-06-30T18:34:40.791535829Z,01JZ11K74VSRS1CB1GS21B7P4N,2025-06-30T18:34:40.791535829Z,01JZ11XAH235S2EXW84Y3V3EVX,2025-06-30T18:34:40.791535829Z
01JZ125ACVHWY8VZTYR6JVKES6,01JZ119YR0X0B5B35KS5ARQA66,2025-06-30T18:39:01.01936882Z,01JZ119YX2JRQ0Y08WK2G2K83K,2025-06-30T18:39:01.01936882Z,01JZ11FXMRNQNNMJF3636VJFGJ,2025-06-30T18:39:01.01936882Z,01JZ11X86CMMMQ9WPSTB477GTS,2025-06-30T18:39:01.01936882Z
01JZ12Z5H5ZYY66KV2GQ1M0XYC,01JZ12GR49VSBA1ETNY3NZB6T4,2025-06-30T18:53:08.005535798Z,01JZ12GR6N6DKV4APDKNYMT7NT,2025-06-30T18:53:08.005535798Z,01JZ12KRQGG4P0VQYSQXKFBMEM,2025-06-30T18:53:08.005535798Z,01JZ12QRERFJ7FFNHZ3Y7YAMG6,2025-06-30T18:53:08.005535798Z
01JZ0WN3EA3QAT17R28PS504TW,01JZ0W7WFSG9ZE6FZ5RAYW75P8,2025-06-30T17:02:46.730386017Z,01JZ0W7WH4BMT12JZKEJ46HRED,2025-06-30T17:02:46.730386017Z,01JZ0W9J7SB794Z25G4BTHXQDZ,2025-06-30T17:02:46.730386017Z,01JZ0WDR6MCTHHDKMX7YEF98AR,2025-06-30T17:02:46.730386017Z
01JZ0X2STQSZ152WBCY7KT4BP4,01JZ0W7WFSG9ZE6FZ5RAYW75P8,2025-06-30T17:10:15.63921709Z,01JZ0W7WH953KKVSAQ2B0M9V8S,2025-06-30T17:10:15.63921709Z,01JZ0WHVQRWPHMW3H6GCBQRHAT,2025-06-30T17:10:15.63921709Z,01JZ0WTTEXEEBBE00Q8XX3CJ0X,2025-06-30T17:10:15.63921709Z
01JZ11YT2BKRYGRKCR1BQN8RCF,01JZ119YR0X0B5B35KS5ARQA66,2025-06-30T18:35:27.691681065Z,01JZ119YW2HKPBQ3HF5AQNWR9Z,2025-06-30T18:35:27.691681065Z,01JZ11DT8DFFKBGHX7CNH1JS5K,2025-06-30T18:35:27.691681065Z,01JZ11PR7HWNKJF7SSRAGV1GP9,2025-06-30T18:35:27.691681065Z
01JZ12PA3H930EB2BSZ27DW50T,01JZ125JFJMC1Q6XSKNPVJH08C,2025-06-30T18:48:17.77773963Z,01JZ125JHD5GFGZ2E2T20ACXSR,2025-06-30T18:48:17.77773963Z,01JZ12D1PBAA49WGRD8HFZA25A,2025-06-30T18:48:17.77773963Z,01JZ12EWZPCJQYJXWFY85R0MME,2025-06-30T18:48:17.77773963Z
01JZ12QSY7Q93EV0563YD6VYHH,01JZ12GR49VSBA1ETNY3NZB6T4,2025-06-30T18:49:06.759666016Z,01JZ12GR6N6DKV4APDKNYMT7NT,2025-06-30T18:49:06.759666016Z,01JZ12KRQGG4P0VQYSQXKFBMEM,2025-06-30T18:49:06.759666016Z,01JZ12QRDRPRRDMCK8EKP2D4SZ,2025-06-30T18:49:06.759666016Z
01JZ139HSW9DCVXV7MC4M8KQ7C,01JZ12TK2B48MQYACM0BX1FJ39,2025-06-30T18:58:48.252396946Z,01JZ12TK4Q16V4FDC51PCA7WDR,2025-06-30T18:58:48.252396946Z,01JZ133XKZKQBE9HYYKKDQAD06,2025-06-30T18:58:48.252396946Z,01JZ137NDVV7Y7STVEXZWQ60TR,2025-06-30T18:58:48.252396946Z
01JZ0WQEQ06SKB4EQWCRD1M09M,01JZ0W7WFSG9ZE6FZ5RAYW75P8,2025-06-30T17:04:03.80898152Z,01JZ0W7WHDGTV3A91VXN46A52G,2025-06-30T17:04:03.80898152Z,01JZ0WA4AHK3PPVW2TTV3AGCJ0,2025-06-30T17:04:03.80898152Z,01JZ0WG1NKKS39QP1N931C8X0H,2025-06-30T17:04:03.80898152Z
01JZ0WT2YDMGGBJ6KW6QRM5YZW,01JZ0W7WFSG9ZE6FZ5RAYW75P8,2025-06-30T17:05:30.061669406Z,01JZ0W7WHAXBN0H6GS7ZCJVTX8,2025-06-30T17:05:30.061669406Z,01JZ0WB6Y45DYN9WH64WNWC85M,2025-06-30T17:05:30.061669406Z,01JZ0WJQA35VHGFRBVKP4WHW2X,2025-06-30T17:05:30.061669406Z
01JZ0WW445ZG4KE4860J7ATX3Z,01JZ0W7WFSG9ZE6FZ5RAYW75P8,2025-06-30T17:06:36.805723365Z,01JZ0W7WH7YZAXNKRFQJVF1GT9,2025-06-30T17:06:36.805723365Z,01JZ0WD8K81ED22Q3AW64X5FK3,2025-06-30T17:06:36.805723365Z,01JZ0WT8WR8GQQ3B6DQCVGXKD9,2025-06-30T17:06:36.805723365Z
01JZ0X2STX0982P23KERB2N37S,01JZ0W7WFSG9ZE6FZ5RAYW75P8,2025-06-30T17:10:15.645544263Z,01JZ0W7WH953KKVSAQ2B0M9V8S,2025-06-30T17:10:15.645544263Z,01JZ0WTJ3PN5WANHTPYKBXMWS1,2025-06-30T17:10:15.645544263Z,01JZ0WTTEXEEBBE00Q8XX3CJ0X,2025-06-30T17:10:15.645544263Z
01JZ0YTXVMGN5GRH73EDJQJRS1,01JZ0XP7D84G107KY8Y0T4X5V0,2025-06-30T17:40:54.772246304Z,01JZ0XP7EQ68N8E1T1SAYQ3MY0,2025-06-30T17:40:54.772246304Z,01JZ0XVYBJ3BJ2ZA7GA2NF055P,2025-06-30T17:40:54.772246304Z,01JZ0YK8EE52K8MZ9DF53S17N0,2025-06-30T17:40:54.772246304Z
01JZ0Z6TX8EDHZY6AT13HWN23G,01JZ0YMAZQ8ZJWY43T1GN1DF14,2025-06-30T17:47:24.968501686Z,01JZ0YMB0WF5ZW98DAK0M01JZW,2025-06-30T17:47:24.968501686Z,01JZ0YSR6RVXKHMM82EPAA9R01,2025-06-30T17:47:24.968501686Z,01JZ0Z6T5B8TNHMV8DMNFWV8J2,2025-06-30T17:47:24.968501686Z
01JZ12PM8WMJ4Y7809XXGXETWF,01JZ125JFJMC1Q6XSKNPVJH08C,2025-06-30T18:48:28.188475664Z,01JZ125JHD5GFGZ2E2T20ACXSR,2025-06-30T18:48:28.188475664Z,01JZ125V8KVJHWPE24Y2HN3262,2025-06-30T18:48:28.188475664Z,01JZ12EWYRQ5S00ZTP02VK1S26,2025-06-30T18:48:28.188475664Z
01JZ0WFKBQ4CVXQGJ06ZBVC5ZJ,01JZ0W7WFSG9ZE6FZ5RAYW75P8,2025-06-30T16:59:46.423743294Z,01JZ0W7WH4BMT12JZKEJ46HRED,2025-06-30T16:59:46.423743294Z,01JZ0WAAZYC4MWADQ1W4JHZEKE,2025-06-30T16:59:46.423743294Z,01JZ0WDR671V6AK68SF1289RWZ,2025-06-30T16:59:46.423743294Z
01JZ0X282YQSHGD9CDH4R6KKT5,01JZ0W7WFSG9ZE6FZ5RAYW75P8,2025-06-30T17:09:57.470618453Z,01JZ0W7WH7YZAXNKRFQJVF1GT9,2025-06-30T17:09:57.470618453Z,01JZ0W9YB6A3M163NJ5JYVES75,2025-06-30T17:09:57.470618453Z,01JZ0WT8X2FE19GE71SPJ9KNTF,2025-06-30T17:09:57.470618453Z
01JZ0X82H91DAWP7PWP2GQACAJ,01JZ0W7WFSG9ZE6FZ5RAYW75P8,2025-06-30T17:13:08.393771367Z,01JZ0W7WH669S2GHZMF9MZZGM3,2025-06-30T17:13:08.393771367Z,01JZ0WHH62CWG8X5EQDM9AT4MS,2025-06-30T17:13:08.393771367Z,01JZ0X0D1EGJJMT4PJT4Z6WRWT,2025-06-30T17:13:08.393771367Z
01JZ0X95WWSFPQ1M2CT6P12R24,01JZ0X13W9RT32E263JAYJS0WA,2025-06-30T17:13:44.604173346Z,01JZ0X13WYYJA1PBKDVESDJZK9,2025-06-30T17:13:44.604173346Z,01JZ0X6RZY3WRH8ZKD1XEMZNPX,2025-06-30T17:13:44.604173346Z,01JZ0X94VE3PZPY8EGV4P326H1,2025-06-30T17:13:44.604173346Z
01JZ0YQPR8AZ9YXZZZNKB38G4B,01JZ0XP7D84G107KY8Y0T4X5V0,2025-06-30T17:39:09.19293132Z,01JZ0XP7EMN72NB2RFN2ZH81CP,2025-06-30T17:39:09.19293132Z,01JZ0YBTY92QFVERA9FGE6RSZ6,2025-06-30T17:39:09.19293132Z,01JZ0YGAWSHVDBPGMP67RZP8D7,2025-06-30T17:39:09.19293132Z
01JZ0WT9CG17EQAT3S2D8CHA90,01JZ0W7WFSG9ZE6FZ5RAYW75P8,2025-06-30T17:05:36.656629506Z,01JZ0W7WH7YZAXNKRFQJVF1GT9,2025-06-30T17:05:36.656629506Z,01JZ0WR5YDFN064C4MMFP8T3KJ,2025-06-30T17:05:36.656629506Z,01JZ0WT8WMMV7Z983D048DDPB1,2025-06-30T17:05:36.656629506Z
01JZ0X28AXD6EKYY75YF7WJE0T,01JZ0W7WFSG9ZE6FZ5RAYW75P8,2025-06-30T17:09:57.725443131Z,01JZ0W7WH669S2GHZMF9MZZGM3,2025-06-30T17:09:57.725443131Z,01JZ0X0A7W850J2QY4EQF3P9W1,2025-06-30T17:09:57.725443131Z,01JZ0X0D1MM1FBC68A68SRT7QX,2025-06-30T17:09:57.725443131Z
01JZ0YSV3BFZQZNKSRSSEVF9Q1,01JZ0XP7D84G107KY8Y0T4X5V0,2025-06-30T17:40:19.179446344Z,01JZ0XP7E80XQ8XGY0HAVD3ZJP,2025-06-30T17:40:19.179446344Z,01JZ0XWJYRFVEKYXHW4V19QPP6,2025-06-30T17:40:19.179446344Z,01JZ0YJ4SDM85QQQ56RPHQQAPR,2025-06-30T17:40:19.179446344Z
01JZ0ZWT26EFX08VVBJJ17R4C8,01JZ0Z7NVHZYGBR218W1AZTTTX,2025-06-30T17:59:24.998365062Z,01JZ0Z7NWZE2H4FK4XXVVF91VK,2025-06-30T17:59:24.998365062Z,01JZ0ZDPKFMFYQGHQARHET8ET7,2025-06-30T17:59:24.998365062Z,01JZ0ZN3WV92QX00PYT1ME4CD1,2025-06-30T17:59:24.998365062Z
01JZ112BA3GV21642PKKBBG46Y,01JZ100N2HWY96Q2FTR0F0ZWE8,2025-06-30T18:19:55.07561035Z,01JZ100N4KMAHXYJQHY2912PJS,2025-06-30T18:19:55.07561035Z,01JZ107NDERNQQESZWJ5GXV4Z1,2025-06-30T18:19:55.07561035Z,01JZ10TYWBNZW3MQW7A0PZ4SDJ,2025-06-30T18:19:55.07561035Z
01JZ13F26JTKHBBSHCCD57EWSW,01JZ12TK2B48MQYACM0BX1FJ39,2025-06-30T19:01:48.882177686Z,01JZ12TK4Q16V4FDC51PCA7WDR,2025-06-30T19:01:48.882177686Z,01JZ131G46MF9GT1J80820Q98T,2025-06-30T19:01:48.882177686Z,01JZ137NF14MC9JA816XJ2PAWQ,2025-06-30T19:01:48.882177686Z
01JZ0WHYQZ73N30SPFDHWDYWB0,01JZ0W7WFSG9ZE6FZ5RAYW75P8,2025-06-30T17:01:03.61514997Z,01JZ0W7WH953KKVSAQ2RB19JGS,2025-06-30T17:01:03.61514997Z,01JZ0WB2M2NS0QRPHY9WAW8B2W,2025-06-30T17:01:03.61514997Z,01JZ0WHXBZJ9DJ6C9RH7BGK73K,2025-06-30T17:01:03.61514997Z
01JZ10KY73PC9HXYXHK1ABT0FJ,01JZ100N2HWY96Q2FTR0F0ZWE8,2025-06-30T18:12:02.915514411Z,01JZ100N4SNNY9PP8QFCF7M9TY,2025-06-30T18:12:02.915514411Z,01JZ10BA4D4XWBNYV7XSZB19G9,2025-06-30T18:12:02.915514411Z,01JZ10C7MWYJNYTGWS886JGMNP,2025-06-30T18:12:02.915514411Z
01JZ11KT3RKFQSJWR4PXY4SB4W,01JZ119YR0X0B5B35KS5ARQA66,2025-06-30T18:29:27.288643501Z,01JZ119YWQTW1CNB5AYNKC679G,2025-06-30T18:29:27.288643501Z,01JZ11FGST56RJTD3QVHX7QE2X,2025-06-30T18:29:27.288643501Z,01JZ11HY3M9BTBRH5C7BX1BNEF,2025-06-30T18:29:27.288643501Z
01JZ12DBC19A7PY3WX9QY5A44T,01JZ11XHS287W5Q5TASNQ00G2A,2025-06-30T18:43:24.161168491Z,01JZ11XHTNJGBK57M9Z78S7EZ8,2025-06-30T18:43:24.161168491Z,01JZ121XNEV2BFA4677W8GJKQE,2025-06-30T18:43:24.161168491Z,01JZ125KVFXGM4X3QHYBQ7FNMN,2025-06-30T18:43:24.161168491Z
01JZ0WQEPZBYQKKZ7WWX5D4690,01JZ0W7WFSG9ZE6FZ5RAYW75P8,2025-06-30T17:04:03.808027706Z,01JZ0W7WHDGTV3A91VXN46A52G,2025-06-30T17:04:03.808027706Z,01JZ0WB5XJSF2KBBJR37WH755X,2025-06-30T17:04:03.808027706Z,01JZ0WG1NKKS39QP1N931C8X0H,2025-06-30T17:04:03.808027706Z
01JZ0WS9P8SKS3D7KSP8C2XSAE,01JZ0W7WFSG9ZE6FZ5RAYW75P8,2025-06-30T17:05:04.200300845Z,01JZ0W7WH953KKVSAQ2RB19JGS,2025-06-30T17:05:04.200300845Z,01JZ0WEP2R4MXEN3T8DV7MQJFC,2025-06-30T17:05:04.200300845Z,01JZ0WHXCFAPSVFKQ8NDRDZX0A,2025-06-30T17:05:04.200300845Z
01JZ0WSXKFPFVNAA6R0WN0ZVP9,01JZ0W7WFSG9ZE6FZ5RAYW75P8,2025-06-30T17:05:24.591677294Z,01JZ0W7WH953KKVSAQ2RB19JGS,2025-06-30T17:05:24.591677294Z,01JZ0WB2M2NS0QRPHY9WAW8B2W,2025-06-30T17:05:24.591677294Z,01JZ0WHXCC6CTCCFSE1KKSNSCN,2025-06-30T17:05:24.591677294Z
01JZ0YT24A5P6PP88DKH38Q1PJ,01JZ0XP7D84G107KY8Y0T4X5V0,2025-06-30T17:40:26.378313254Z,01JZ0XP7EG8XH2A757Q0XZSTD8,2025-06-30T17:40:26.378313254Z,01JZ0XVQ90DZ7MZPYMX61HBWMF,2025-06-30T17:40:26.378313254Z,01JZ0YJ23S9WQRDQ460HR6P7FQ,2025-06-30T17:40:26.378313254Z
01JZ0ZGB0YF8PD8VSEBV7G0SF1,01JZ0Z7NVHZYGBR218W1AZTTTX,2025-06-30T17:52:36.38278988Z,01JZ0Z7NWQ9CYAGNFMNZVFE8F3,2025-06-30T17:52:36.38278988Z,01JZ0ZC0M5FWKT3BXNBNQBRS3X,2025-06-30T17:52:36.38278988Z,01JZ0ZG9Y20SDKYFVTQ1ZS0X1D,2025-06-30T17:52:36.38278988Z
01JZ10M8A860CDKWRT2MMQRAZ6,01JZ100N2HWY96Q2FTR0F0ZWE8,2025-06-30T18:12:13.256746975Z,01JZ100N4SNNY9PP8QFCF7M9TY,2025-06-30T18:12:13.256746975Z,01JZ104ZVKRJK37A0M3H5N1SSZ,2025-06-30T18:12:13.256746975Z,01JZ10C7P781CD1JWXA8PMMF8B,2025-06-30T18:12:13.256746975Z
01JZ11NFRHFMA9HEAXDS6Z2ZG7,01JZ119YR0X0B5B35KS5ARQA66,2025-06-30T18:30:22.225781616Z,01JZ119YTKRCVRVA7XBM70602J,2025-06-30T18:30:22.225781616Z,01JZ11BYWZKXSHT6TWXJX0BE71,2025-06-30T18:30:22.225781616Z,01JZ11NE8YPZHW6Y2WMTPR1CGQ,2025-06-30T18:30:22.225781616Z
01JZ0WR2JK7GDACX53FYK5YY8A,01JZ0W7WFSG9ZE6FZ5RAYW75P8,2025-06-30T17:04:24.147423553Z,01JZ0W7WHDGTV3A91VXN46A52G,2025-06-30T17:04:24.147423553Z,01JZ0WET3J4BRRMDT618GNVF6A,2025-06-30T17:04:24.147423553Z,01JZ0WG1NFKCG5ZG724ZBXJHY2,2025-06-30T17:04:24.147423553Z
01JZ0Z75Z3D1Z0RME045NV1EFR,01JZ0YMAZQ8ZJWY43T1GN1DF14,2025-06-30T17:47:36.291436705Z,01JZ0YMB0R63S66YTFBNZZK4BM,2025-06-30T17:47:36.291436705Z,01JZ0YNFF9ND6ER3KNY4S7ARQ1,2025-06-30T17:47:36.291436705Z,01JZ0YZF6CSHY2H5VR4RW80FKN,2025-06-30T17:47:36.291436705Z
01JZ125BTBE3SNBPJACPHDW6K3,01JZ119YR0X0B5B35KS5ARQA66,2025-06-30T18:39:02.475557818Z,01JZ119YY7H6NVYT7RKS2PMWJ6,2025-06-30T18:39:02.475557818Z,01JZ11TS68TXJXNMMWW98GYM0E,2025-06-30T18:39:02.475557818Z,01JZ11XAFJ8MVB91K5562CQM4C,2025-06-30T18:39:02.475557818Z
01JZ132A0E2PGYKJ50XC1H524F,01JZ12GR49VSBA1ETNY3NZB6T4,2025-06-30T18:54:50.894784115Z,01JZ12GR778SNDBX9EP3GGZZ51,2025-06-30T18:54:50.894784115Z,01JZ125B3QHG2HSZ3DQ20DTRDX,2025-06-30T18:54:50.894784115Z,01JZ12TTX9JKTK89XPV4ZYSZGE,2025-06-30T18:54:50.894784115Z
01JZ0YRCK2Q3DV2Z2BPQJFFC2T,01JZ0XP7D84G107KY8Y0T4X5V0,2025-06-30T17:39:31.554474564Z,01JZ0XP7EJVNGB38T0GJJ3YDRG,2025-06-30T17:39:31.554474564Z,01JZ0XR61TKMAAZNSVS4MPGBV3,2025-06-30T17:39:31.554474564Z,01JZ0YGBQTNPVPMJJ6F77KY2H3,2025-06-30T17:39:31.554474564Z
01JZ0ZN4PPBAHWMM1F9V4SF520,01JZ0Z7NVHZYGBR218W1AZTTTX,2025-06-30T17:55:13.750319425Z,01JZ0Z7NWZE2H4FK4XXVVF91VK,2025-06-30T17:55:13.750319425Z,01JZ0ZCVM0CFJKJH2EH6ME4059,2025-06-30T17:55:13.750319425Z,01JZ0ZN3W22ZCXAA8HM6TZXMH5,2025-06-30T17:55:13.750319425Z
01JZ11MY78WNSWRMN78BH0WETR,01JZ119YR0X0B5B35KS5ARQA66,2025-06-30T18:30:04.264768194Z,01JZ119YWDV104V646C65RZD3P,2025-06-30T18:30:04.264768194Z,01JZ11BP18KH9CR06TJHH6GM74,2025-06-30T18:30:04.264768194Z,01JZ11MW9THQC1VBEAB1ZSZY6F,2025-06-30T18:30:04.264768194Z
01JZ11SMBPN7PBB7KGV1YWBHYX,01JZ119YR0X0B5B35KS5ARQA66,2025-06-30T18:32:38.006722306Z,01JZ119YWQTW1CNB5AYNKC679G,2025-06-30T18:32:38.006722306Z,01JZ11BXK08MWSE44GV5N4BET6,2025-06-30T18:32:38.006722306Z,01JZ11HY4SZJCYDA61FR2X94QP,2025-06-30T18:32:38.006722306Z
01JZ112NHR7G8B650Q2NFWM9F2,01JZ100N2HWY96Q2FTR0F0ZWE8,2025-06-30T18:20:05.560091014Z,01JZ100N4KMAHXYJQHY2912PJS,2025-06-30T18:20:05.560091014Z,01JZ107NDERNQQESZWJ5GXV4Z1,2025-06-30T18:20:05.560091014Z,01JZ10TYX8F0YW6D31B1YE1KC6,2025-06-30T18:20:05.560091014Z
01JZ0WTPV62B78YSW8VVVRY537,01JZ0W7WFSG9ZE6FZ5RAYW75P8,2025-06-30T17:05:50.438805964Z,01JZ0W7WHAXBN0H6GS7ZCJVTX8,2025-06-30T17:05:50.438805964Z,01JZ0W9R8KHVM75CY4CTKH5PQG,2025-06-30T17:05:50.438805964Z,01JZ0WJQA6G1BCFBAY0Z0QH02V,2025-06-30T17:05:50.438805964Z
01JZ11FCGHRRF458M3HFVCTN2K,01JZ10P0MMB9VWWBD3QMCFKF4F,2025-06-30T18:27:02.289599226Z,01JZ10P0NQF4P3BB1AAZVYSJMW,2025-06-30T18:27:02.289599226Z,01JZ115P8J6BQ15VPBKQ514M38,2025-06-30T18:27:02.289599226Z,01JZ117N3JKTJ68VDPRBZ9PPYR,2025-06-30T18:27:02.289599226Z
01JZ12GSBTFF6J5YMAGQEGNYCP,01JZ125JFJMC1Q6XSKNPVJH08C,2025-06-30T18:45:16.794435874Z,01JZ125JHD5GFGZ2E2T20ACXSR,2025-06-30T18:45:16.794435874Z,01JZ12AZ7PFBE16D13G8YGSAMG,2025-06-30T18:45:16.794435874Z,01JZ12EWZ4ZXFFR2ZNAX51XFN4,2025-06-30T18:45:16.794435874Z
01JZ0WHYQQX2BG7RVXPYGPJQF8,01JZ0W7WFSG9ZE6FZ5RAYW75P8,2025-06-30T17:01:03.607311199Z,01JZ0W7WH953KKVSAQ2RB19JGS,2025-06-30T17:01:03.607311199Z,01JZ0W9WCH8JKPBKWHEDD5J8GA,2025-06-30T17:01:03.607311199Z,01JZ0WHXBZJ9DJ6C9RH7BGK73K,2025-06-30T17:01:03.607311199Z
01JZ0WTPVE9XX0C5FPA3RXFCR4,01JZ0W7WFSG9ZE6FZ5RAYW75P8,2025-06-30T17:05:50.446606619Z,01JZ0W7WHAXBN0H6GS7ZCJVTX8,2025-06-30T17:05:50.446606619Z,01JZ0WB6Y45DYN9WH64WNWC85M,2025-06-30T17:05:50.446606619Z,01JZ0WJQA6G1BCFBAY0Z0QH02V,2025-06-30T17:05:50.446606619Z
01JZ0WW6QTBG9QZ0MVQ5EW3EMM,01JZ0W7WFSG9ZE6FZ5RAYW75P8,2025-06-30T17:06:39.482961124Z,01JZ0W7WHE67QMEH4CJKSJPVET,2025-06-30T17:06:39.482961124Z,01JZ0W9MNX8R5K013QW8Y217QX,2025-06-30T17:06:39.482961124Z,01JZ0WMVDZTD2856GF5JYMK32E,2025-06-30T17:06:39.482961124Z
01JZ0YSH1NFRATP5DMZMP281WM,01JZ0XP7D84G107KY8Y0T4X5V0,2025-06-30T17:40:08.88556345Z,01JZ0XP7E80XQ8XGY0HAVD3ZJP,2025-06-30T17:40:08.88556345Z,01JZ0XWJYRFVEKYXHW4V19QPP6,2025-06-30T17:40:08.88556345Z,01JZ0YJ4SFDGNEEXF88XZ3SWTC,2025-06-30T17:40:08.88556345Z
01JZ132MC5FV1457DWJH5GVM9P,01JZ12GR49VSBA1ETNY3NZB6T4,2025-06-30T18:55:01.509157941Z,01JZ12GR778SNDBX9EP3GGZZ51,2025-06-30T18:55:01.509157941Z,01JZ12RBR20YH5T4R3MECTGR5T,2025-06-30T18:55:01.509157941Z,01JZ12TTY27BQ4HDCJPV329SXP,2025-06-30T18:55:01.509157941Z
01JZ13FPENB9VD0T8985EQN2YB,01JZ12TK2B48MQYACM0BX1FJ39,2025-06-30T19:02:09.621695471Z,01JZ12TK4Q16V4FDC51PCA7WDR,2025-06-30T19:02:09.621695471Z,01JZ12Z36WY8B4QBQAQ9725M97,2025-06-30T19:02:09.621695471Z,01JZ137NFWPT5DBTC9G909E8ZQ,2025-06-30T19:02:09.621695471Z
01JZ0WHXKKQX9Z1BB0W4EVZ23E,01JZ0W7WFSG9ZE6FZ5RAYW75P8,2025-06-30T17:01:02.451563787Z,01JZ0W7WHDGTV3A91VXN46A52G,2025-06-30T17:01:02.451563787Z,01JZ0WB00A4BPSJ7Z3QGY3QN6N,2025-06-30T17:01:02.451563787Z,01JZ0WG1NA88YKD1VTVSR9S45Y,2025-06-30T17:01:02.451563787Z
01JZ0X1Y5SCGR5VEH6PZPEQYDD,01JZ0W7WFSG9ZE6FZ5RAYW75P8,2025-06-30T17:09:47.321801897Z,01JZ0W7WH7YZAXNKRFQJVF1GT9,2025-06-30T17:09:47.321801897Z,01JZ0WD8K81ED22Q3AW64X5FK3,2025-06-30T17:09:47.321801897Z,01JZ0WT8X1BAH4HYY6JBG8FFN3,2025-06-30T17:09:47.321801897Z
01JZ0YSV33TK5RR5QNPAA0RANA,01JZ0XP7D84G107KY8Y0T4X5V0,2025-06-30T17:40:19.171931468Z,01JZ0XP7E80XQ8XGY0HAVD3ZJP,2025-06-30T17:40:19.171931468Z,01JZ0Y9M6M54F6PRF622D0XAT7,2025-06-30T17:40:19.171931468Z,01JZ0YJ4SDM85QQQ56RPHQQAPR,2025-06-30T17:40:19.171931468Z
01JZ127GEBHZNGR6RJ440B39FM,01JZ11XHS287W5Q5TASNQ00G2A,2025-06-30T18:40:12.747452167Z,01JZ11XHTNJGBK57M9Z78S7EZ8,2025-06-30T18:40:12.747452167Z,01JZ1210S38G6D0X3Q8JSCJ1V1,2025-06-30T18:40:12.747452167Z,01JZ125KS3T2N5BYVPYYF70Q02,2025-06-30T18:40:12.747452167Z
01JZ12ZFT8469HWQ81EY9WNZH2,01JZ12GR49VSBA1ETNY3NZB6T4,2025-06-30T18:53:18.536989176Z,01JZ12GR6N6DKV4APDKNYMT7NT,2025-06-30T18:53:18.536989176Z,01JZ12JHAHK6M4WMQGC6QP15QC,2025-06-30T18:53:18.536989176Z,01JZ12QRF88Q843X5VW39SDK84,2025-06-30T18:53:18.536989176Z
01JZ13FDWMXWBYZ1Y8EHS5GDA8,01JZ12TK2B48MQYACM0BX1FJ39,2025-06-30T19:02:00.852850709Z,01JZ12TK4A16DPH6KAMKDY8GHP,2025-06-30T19:02:00.852850709Z,01JZ131Q7H86HXRPNP28S5BX4Z,2025-06-30T19:02:00.852850709Z,01JZ137CP8QX9GA8J0PENAMWHK,2025-06-30T19:02:00.852850709Z
01JZ0WMJQ4XNP3FKTHAJV0JGD7,01JZ0W7WFSG9ZE6FZ5RAYW75P8,2025-06-30T17:02:29.604684452Z,01JZ0W7WHAXBN0H6GS7ZCJVTX8,2025-06-30T17:02:29.604684452Z,01JZ0WA02FW6MBJBPMA4NG8C7G,2025-06-30T17:02:29.604684452Z,01JZ0WJQAGDGV9E3R30526KBPY,2025-06-30T17:02:29.604684452Z
01JZ0WWNPN9N6M0MN953AM6055,01JZ0W7WFSG9ZE6FZ5RAYW75P8,2025-06-30T17:06:54.805660284Z,01JZ0W7WH953KKVSAQ2B0M9V8S,2025-06-30T17:06:54.805660284Z,01JZ0WTJ3PN5WANHTPYKBXMWS1,2025-06-30T17:06:54.805660284Z,01JZ0WTTER8YKF88AWJGE0H1N4,2025-06-30T17:06:54.805660284Z
01JZ0X1Y5XHZ3NNAYXK9H1FR61,01JZ0W7WFSG9ZE6FZ5RAYW75P8,2025-06-30T17:09:47.325516774Z,01JZ0W7WH7YZAXNKRFQJVF1GT9,2025-06-30T17:09:47.325516774Z,01JZ0W9YB6A3M163NJ5JYVES75,2025-06-30T17:09:47.325516774Z,01JZ0WT8X1BAH4HYY6JBG8FFN3,2025-06-30T17:09:47.325516774Z
01JZ0ZXBW92J018GR91PZFEPAS,01JZ0Z7NVHZYGBR218W1AZTTTX,2025-06-30T17:59:43.241471457Z,01JZ0Z7NWEY0R3MD8J8181F140,2025-06-30T17:59:43.241471457Z,01JZ0ZEY8PJTCNK0R4SHSPP740,2025-06-30T17:59:43.241471457Z,01JZ0ZNAZAQ8WVTCAR9YAP1EXG,2025-06-30T17:59:43.241471457Z
01JZ10M8B642C6B4CNQP6FRA9C,01JZ100N2HWY96Q2FTR0F0ZWE8,2025-06-30T18:12:13.286428115Z,01JZ100N4SNNY9PP8QFCF7M9TY,2025-06-30T18:12:13.286428115Z,01JZ1092JPD1196K4EJEEW8C7Y,2025-06-30T18:12:13.286428115Z,01JZ10C7P781CD1JWXA8PMMF8B,2025-06-30T18:12:13.286428115Z
01JZ0XGGVFN74QE773V1MDTEXZ,01JZ0X13W9RT32E263JAYJS0WA,2025-06-30T17:17:45.199930279Z,01JZ0X13WYYJA1PBKDVESDJZK9,2025-06-30T17:17:45.199930279Z,01JZ0X6RZY3WRH8ZKD1XEMZNPX,2025-06-30T17:17:45.199930279Z,01JZ0X94WKCC9KYW4Z06CRWSJ2,2025-06-30T17:17:45.199930279Z
01JZ0ZEG1Y3BE2BSS1GDTPES88,01JZ0YMAZQ8ZJWY43T1GN1DF14,2025-06-30T17:51:35.998173225Z,01JZ0YMB0WF5ZW98DAK0M01JZW,2025-06-30T17:51:35.998173225Z,01JZ0YSR6RVXKHMM82EPAA9R01,2025-06-30T17:51:35.998173225Z,01JZ0Z6T5VNT6VRJ3BZAS2BXSR,2025-06-30T17:51:35.998173225Z
01JZ10MQW4D60JHW9WA7006EKW,01JZ100N2HWY96Q2FTR0F0ZWE8,2025-06-30T18:12:29.188503829Z,01JZ100N40PZGZRWRMG9G2S114,2025-06-30T18:12:29.188503829Z,01JZ1041THT8H7EXVVPSNGM30W,2025-06-30T18:12:29.188503829Z,01JZ10DBRS6JXFXDQCGQSX4K9P,2025-06-30T18:12:29.188503829Z
01JZ11F2E2F1NR9JR73T7DDXHV,01JZ10P0MMB9VWWBD3QMCFKF4F,2025-06-30T18:26:51.970973656Z,01JZ10P0NQF4P3BB1AAZVYSJMW,2025-06-30T18:26:51.970973656Z,01JZ1150FF1R34BCRBWA1A312D,2025-06-30T18:26:51.970973656Z,01JZ117N3566FXQWPSFS4TMJZG,2025-06-30T18:26:51.970973656Z
01JZ124QJ91GPB9HDTJR5GHEG4,01JZ119YR0X0B5B35KS5ARQA66,2025-06-30T18:38:41.737260938Z,01JZ119YY7H6NVYT7RKS2PMWJ6,2025-06-30T18:38:41.737260938Z,01JZ11HSS70BAAPK602YE4TB65,2025-06-30T18:38:41.737260938Z,01JZ11XAGJ3G0TNZW5E9JT4RWJ,2025-06-30T18:38:41.737260938Z
01JZ12GSB0QVNYARWYN3PSR1MX,01JZ125JFJMC1Q6XSKNPVJH08C,2025-06-30T18:45:16.768168283Z,01JZ125JHD5GFGZ2E2T20ACXSR,2025-06-30T18:45:16.768168283Z,01JZ12D1PBAA49WGRD8HFZA25A,2025-06-30T18:45:16.768168283Z,01JZ12EWZ4ZXFFR2ZNAX51XFN4,2025-06-30T18:45:16.768168283Z
01JZ12WS0J93YFHEET7Z6Y4ZCR,01JZ12GR49VSBA1ETNY3NZB6T4,2025-06-30T18:51:49.650757961Z,01JZ12GR778SNDBX9EP3GGZZ51,2025-06-30T18:51:49.650757961Z,01JZ12JPCE2ZA0S6XXV2KMX9ZV,2025-06-30T18:51:49.650757961Z,01JZ12TTW98MPEK7P3F2T40R51,2025-06-30T18:51:49.650757961Z
01JZ0YGCWAZKMK4WD4KK0N24NQ,01JZ0XP7D84G107KY8Y0T4X5V0,2025-06-30T17:35:09.706987271Z,01JZ0XP7EJVNGB38T0GJJ3YDRG,2025-06-30T17:35:09.706987271Z,01JZ0Y0HF7QA3DR4FKNXCV87K3,2025-06-30T17:35:09.706987271Z,01JZ0YGBQG0CDMN9Z85M93HEDY,2025-06-30T17:35:09.706987271Z
01JZ12ZT0H0Z0R2WV1BBHKGXTT,01JZ12GR49VSBA1ETNY3NZB6T4,2025-06-30T18:53:28.977253373Z,01JZ12GR6N6DKV4APDKNYMT7NT,2025-06-30T18:53:28.977253373Z,01JZ12JHAHK6M4WMQGC6QP15QC,2025-06-30T18:53:28.977253373Z,01JZ12QRFXR9PP6TVRTMETQ9J1,2025-06-30T18:53:28.977253373Z
01JZ0X8CGMQTM20YHXJN1GEY8D,01JZ0W7WFSG9ZE6FZ5RAYW75P8,2025-06-30T17:13:18.612433125Z,01JZ0W7WH669S2GHZMF9MZZGM3,2025-06-30T17:13:18.612433125Z,01JZ0X0A7W850J2QY4EQF3P9W1,2025-06-30T17:13:18.612433125Z,01JZ0X0D221JYTH4TQCNSKPS8K,2025-06-30T17:13:18.612433125Z
01JZ0YSH1TTTZ0JY26BMY9ARYV,01JZ0XP7D84G107KY8Y0T4X5V0,2025-06-30T17:40:08.890730121Z,01JZ0XP7E80XQ8XGY0HAVD3ZJP,2025-06-30T17:40:08.890730121Z,01JZ0XRPPYAPF8095P7RP7R51F,2025-06-30T17:40:08.890730121Z,01JZ0YJ4SFDGNEEXF88XZ3SWTC,2025-06-30T17:40:08.890730121Z
01JZ10KY78F81GYRH6F92N7XJJ,01JZ100N2HWY96Q2FTR0F0ZWE8,2025-06-30T18:12:02.92007017Z,01JZ100N4SNNY9PP8QFCF7M9TY,2025-06-30T18:12:02.92007017Z,01JZ104ZVKRJK37A0M3H5N1SSZ,2025-06-30T18:12:02.92007017Z,01JZ10C7MWYJNYTGWS886JGMNP,2025-06-30T18:12:02.92007017Z
01JZ11MY6YVWT0CJSGQ2J90XRS,01JZ119YR0X0B5B35KS5ARQA66,2025-06-30T18:30:04.254341385Z,01JZ119YWDV104V646C65RZD3P,2025-06-30T18:30:04.254341385Z,01JZ11ED2SWDZ0R9T04B92FSJZ,2025-06-30T18:30:04.254341385Z,01JZ11MW9THQC1VBEAB1ZSZY6F,2025-06-30T18:30:04.254341385Z
01JZ11WV1KY9P2BTFWKKXA5RMW,01JZ119YR0X0B5B35KS5ARQA66,2025-06-30T18:34:23.155263897Z,01JZ119YTKRCVRVA7XBM70602J,2025-06-30T18:34:23.155263897Z,01JZ11EG7S8X86Q9VBDZSW3H5E,2025-06-30T18:34:23.155263897Z,01JZ11NE8JAQFSGC35G9MVT61R,2025-06-30T18:34:23.155263897Z
01JZ11Z74T9ZYGSCJJ876ZH6JM,01JZ119YR0X0B5B35KS5ARQA66,2025-06-30T18:35:41.082147265Z,01JZ119YY7H6NVYT7RKS2PMWJ6,2025-06-30T18:35:41.082147265Z,01JZ11HSS70BAAPK602YE4TB65,2025-06-30T18:35:41.082147265Z,01JZ11XAFXVMN40FRPJ7ZQC892,2025-06-30T18:35:41.082147265Z
01JZ12D1846ZWD1NTP6HP20418,01JZ11XHS287W5Q5TASNQ00G2A,2025-06-30T18:43:13.79622921Z,01JZ11XHTNJGBK57M9Z78S7EZ8,2025-06-30T18:43:13.79622921Z,01JZ1210S38G6D0X3Q8JSCJ1V1,2025-06-30T18:43:13.79622921Z,01JZ125KSG0SZN1R0KNRG3J6GM,2025-06-30T18:43:13.79622921Z
01JZ0WT9CN1VJJ2QBVNNR55VBQ,01JZ0W7WFSG9ZE6FZ5RAYW75P8,2025-06-30T17:05:36.661541067Z,01JZ0W7WH7YZAXNKRFQJVF1GT9,2025-06-30T17:05:36.661541067Z,01JZ0WCF8PYZD69QGMR2NSWSBE,2025-06-30T17:05:36.661541067Z,01JZ0WT8WMMV7Z983D048DDPB1,2025-06-30T17:05:36.661541067Z
01JZ0WWGP51XHFJ1CTEMV973XN,01JZ0W7WFSG9ZE6FZ5RAYW75P8,2025-06-30T17:06:49.669866051Z,01JZ0W7WHE67QMEH4CJKSJPVET,2025-06-30T17:06:49.669866051Z,01JZ0WCK697DJY01ASTS62HMHF,2025-06-30T17:06:49.669866051Z,01JZ0WMVE0Z1H51D5G42JWV0DM,2025-06-30T17:06:49.669866051Z
01JZ0X28ATJH65FB4WG85B6F48,01JZ0W7WFSG9ZE6FZ5RAYW75P8,2025-06-30T17:09:57.722523023Z,01JZ0W7WH669S2GHZMF9MZZGM3,2025-06-30T17:09:57.722523023Z,01JZ0WEMF9G6NDAGNXK33EF8QN,2025-06-30T17:09:57.722523023Z,01JZ0X0D1MM1FBC68A68SRT7QX,2025-06-30T17:09:57.722523023Z
01JZ0XMEPMAXWJT4V2VC1GFHRY,01JZ0X7ZMW8Y5D7G0ZVAD2X33D,2025-06-30T17:19:54.069035877Z,01JZ0X7ZNN0GRQQ68EJYGR423Q,2025-06-30T17:19:54.069035877Z,01JZ0X7QQ4PEVNP0R5F93ZWHQC,2025-06-30T17:19:54.069035877Z,01JZ0XCE4YQGW344D431VHMCER,2025-06-30T17:19:54.069035877Z
01JZ0YT245X481CYRM6254R72X,01JZ0XP7D84G107KY8Y0T4X5V0,2025-06-30T17:40:26.373381241Z,01JZ0XP7EG8XH2A757Q0XZSTD8,2025-06-30T17:40:26.373381241Z,01JZ0WZAY9MJRX64HMB036GGYV,2025-06-30T17:40:26.373381241Z,01JZ0YJ23S9WQRDQ460HR6P7FQ,2025-06-30T17:40:26.373381241Z
01JZ0Z1BQKERVS5MSN4PGD59VX,01JZ0YMAZQ8ZJWY43T1GN1DF14,2025-06-30T17:44:25.587523613Z,01JZ0YMB0R63S66YTFBNZZK4BM,2025-06-30T17:44:25.587523613Z,01JZ0YNFF9ND6ER3KNY4S7ARQ1,2025-06-30T17:44:25.587523613Z,01JZ0YZF5NKQADSCNHVDQ7T9AV,2025-06-30T17:44:25.587523613Z
01JZ0ZJ5Y119PYVWMSMFZ4WG3K,01JZ0Z7NVHZYGBR218W1AZTTTX,2025-06-30T17:53:36.705774671Z,01JZ0Z7NWQ9CYAGNFMNZVFE8F3,2025-06-30T17:53:36.705774671Z,01JZ0Z56GMAGY61G9078DF3SNP,2025-06-30T17:53:36.705774671Z,01JZ0ZG9YFNZT58VRWXG3QT5BQ,2025-06-30T17:53:36.705774671Z
01JZ0ZR09PJGN5DW1NJACQ76KA,01JZ0Z7NVHZYGBR218W1AZTTTX,2025-06-30T17:56:47.543006735Z,01JZ0Z7NWQ9CYAGNFMNZVFE8F3,2025-06-30T17:56:47.543006735Z,01JZ0Z56GMAGY61G9078DF3SNP,2025-06-30T17:56:47.543006735Z,01JZ0ZG9Z7AKQZZHNN0W4F7JWR,2025-06-30T17:56:47.543006735Z
01JZ0ZWFYSF0SQ1XQBHEEQEFCK,01JZ0Z7NVHZYGBR218W1AZTTTX,2025-06-30T17:59:14.649569035Z,01JZ0Z7NWZE2H4FK4XXVVF91VK,2025-06-30T17:59:14.649569035Z,01JZ0ZDPKFMFYQGHQARHET8ET7,2025-06-30T17:59:14.649569035Z,01JZ0ZN3WK9WZTC3G19AKW9721,2025-06-30T17:59:14.649569035Z
01JZ13FPFGNX6P4TDY6E6P3E8H,01JZ12TK2B48MQYACM0BX1FJ39,2025-06-30T19:02:09.64839194Z,01JZ12TK4Q16V4FDC51PCA7WDR,2025-06-30T19:02:09.64839194Z,01JZ133XKZKQBE9HYYKKDQAD06,2025-06-30T19:02:09.64839194Z,01JZ137NFWPT5DBTC9G909E8ZQ,2025-06-30T19:02:09.64839194Z
01JZ0WNQD9FGMJP4JXE0E26HEB,01JZ0W7WFSG9ZE6FZ5RAYW75P8,2025-06-30T17:03:07.178017345Z,01JZ0W7WH4BMT12JZKEJ46HRED,2025-06-30T17:03:07.178017345Z,01JZ0WAB87JJZ65XTQ86875XYE,2025-06-30T17:03:07.178017345Z,01JZ0WDR6F1WJDXD60AZS9KZP4,2025-06-30T17:03:07.178017345Z
01JZ0YQPRNEE26DF8179MWHWGQ,01JZ0XP7D84G107KY8Y0T4X5V0,2025-06-30T17:39:09.205446868Z,01JZ0XP7EMN72NB2RFN2ZH81CP,2025-06-30T17:39:09.205446868Z,01JZ0Y3YT51GNJH9V4M2SS9AVC,2025-06-30T17:39:09.205446868Z,01JZ0YGAWSHVDBPGMP67RZP8D7,2025-06-30T17:39:09.205446868Z
01JZ0Z8NQRET9292DGJDTPAWKK,01JZ0YMAZQ8ZJWY43T1GN1DF14,2025-06-30T17:48:25.208550372Z,01JZ0YMB0WF5ZW98DAK0M01JZW,2025-06-30T17:48:25.208550372Z,01JZ0YSZNHQSEKK9EFAJTDAS66,2025-06-30T17:48:25.208550372Z,01JZ0Z6T5JS8VCZARJE0AVHE7R,2025-06-30T17:48:25.208550372Z
01JZ0ZX1VRKJRJHQRY6P838QV9,01JZ0Z7NVHZYGBR218W1AZTTTX,2025-06-30T17:59:32.984823795Z,01JZ0Z7NWEY0R3MD8J8181F140,2025-06-30T17:59:32.984823795Z,01JZ0ZASJNDJJHP6QC46T80FR3,2025-06-30T17:59:32.984823795Z,01JZ0ZNAZ0B9M929EBAXD1XH4G,2025-06-30T17:59:32.984823795Z
01JZ10C8W617YJ933NPEW8QHC9,01JZ100N2HWY96Q2FTR0F0ZWE8,2025-06-30T18:07:51.686943296Z,01JZ100N4SNNY9PP8QFCF7M9TY,2025-06-30T18:07:51.686943296Z,01JZ10BA4D4XWBNYV7XSZB19G9,2025-06-30T18:07:51.686943296Z,01JZ10C7M89GRNAJQYP6PET090,2025-06-30T18:07:51.686943296Z
01JZ11WZM9EDMTW3MQCCJEARQN,01JZ119YR0X0B5B35KS5ARQA66,2025-06-30T18:34:27.849963974Z,01JZ119YWDV104V646C65RZD3P,2025-06-30T18:34:27.849963974Z,01JZ11BP18KH9CR06TJHH6GM74,2025-06-30T18:34:27.849963974Z,01JZ11MWE606HX430TA12EYGQC,2025-06-30T18:34:27.849963974Z
01JZ10V01PY5DXW9HFDXXDQM37,01JZ100N2HWY96Q2FTR0F0ZWE8,2025-06-30T18:15:54.166300334Z,01JZ100N4KMAHXYJQHY2912PJS,2025-06-30T18:15:54.166300334Z,01JZ10597NHSRHSHHX2S7Q7R3J,2025-06-30T18:15:54.166300334Z,01JZ10TYWPF2TZHNA9CJQ295HE,2025-06-30T18:15:54.166300334Z
01JZ0WMVXB3FQ9HFVHXA7P80P4,01JZ0W7WFSG9ZE6FZ5RAYW75P8,2025-06-30T17:02:39.019696643Z,01JZ0W7WHE67QMEH4CJKSJPVET,2025-06-30T17:02:39.019696643Z,01JZ0WHB9JPWBV5VN768TMG8B9,2025-06-30T17:02:39.019696643Z,01JZ0WMVDS2VAAZ00MGNQRGQNY,2025-06-30T17:02:39.019696643Z
01JZ0YRCJY67TTTPCH33WP6PYV,01JZ0XP7D84G107KY8Y0T4X5V0,2025-06-30T17:39:31.550473225Z,01JZ0XP7EJVNGB38T0GJJ3YDRG,2025-06-30T17:39:31.550473225Z,01JZ0XSE4SQVR38S7WPS564R5A,2025-06-30T17:39:31.550473225Z,01JZ0YGBQTNPVPMJJ6F77KY2H3,2025-06-30T17:39:31.550473225Z
01JZ11QAMW8H1CZXBB2ZJG20HS,01JZ119YR0X0B5B35KS5ARQA66,2025-06-30T18:31:22.524784286Z,01JZ119YTKRCVRVA7XBM70602J,2025-06-30T18:31:22.524784286Z,01JZ11HGCKCTMRT54WJ26DZBKJ,2025-06-30T18:31:22.524784286Z,01JZ11NE9N3C99RSSTYD6TKYXD,2025-06-30T18:31:22.524784286Z
01JZ125ACEK3HYVAPA93YSG9BZ,01JZ119YR0X0B5B35KS5ARQA66,2025-06-30T18:39:01.006560556Z,01JZ119YX2JRQ0Y08WK2G2K83K,2025-06-30T18:39:01.006560556Z,01JZ11T6JJ91GCJ0RFDG8MRSAF,2025-06-30T18:39:01.006560556Z,01JZ11X86CMMMQ9WPSTB477GTS,2025-06-30T18:39:01.006560556Z
01JZ0ZPD6AYXV08MSFEKVAKQNV,01JZ0Z7NVHZYGBR218W1AZTTTX,2025-06-30T17:55:55.210147732Z,01JZ0Z7NWVZHM50FX7KDE2CZ4K,2025-06-30T17:55:55.210147732Z,01JZ0ZCA4DXYWN181KAGGJKAGM,2025-06-30T17:55:55.210147732Z,01JZ0ZEQ5ZX88172C7NVRRBGWM,2025-06-30T17:55:55.210147732Z
01JZ0ZR09FG5YHYAWXKQXW1Q87,01JZ0Z7NVHZYGBR218W1AZTTTX,2025-06-30T17:56:47.535137363Z,01JZ0Z7NWQ9CYAGNFMNZVFE8F3,2025-06-30T17:56:47.535137363Z,01JZ0ZC0M5FWKT3BXNBNQBRS3X,2025-06-30T17:56:47.535137363Z,01JZ0ZG9Z7AKQZZHNN0W4F7JWR,2025-06-30T17:56:47.535137363Z
01JZ10NC0P1W7JT3YGAQHB3Y11,01JZ100N2HWY96Q2FTR0F0ZWE8,2025-06-30T18:12:49.814303126Z,01JZ100N40PZGZRWRMG9G2S114,2025-06-30T18:12:49.814303126Z,01JZ10B73RF8XXP7GQ68XZRBQ5,2025-06-30T18:12:49.814303126Z,01JZ10DBRJ7Q8DK97HCAG5ZXQX,2025-06-30T18:12:49.814303126Z
01JZ1250A21CRJQGNKGKE2H0V6,01JZ119YR0X0B5B35KS5ARQA66,2025-06-30T18:38:50.690648918Z,01JZ119YX2JRQ0Y08WK2G2K83K,2025-06-30T18:38:50.690648918Z,01JZ11X3WRWNN35NZNT7FAT64A,2025-06-30T18:38:50.690648918Z,01JZ11X86YE0T5V4H5YMR2Z3VE,2025-06-30T18:38:50.690648918Z
01JZ12DNFMF9Y9RS72GKMAPF3F,01JZ11XHS287W5Q5TASNQ00G2A,2025-06-30T18:43:34.516765129Z,01JZ11XHTNJGBK57M9Z78S7EZ8,2025-06-30T18:43:34.516765129Z,01JZ122MSYXCQ30CZ1NABD92FB,2025-06-30T18:43:34.516765129Z,01JZ125KV3XVMA4R1AJN8NEMZ7,2025-06-30T18:43:34.516765129Z
01JZ0X0DKK2SGWVK9YECEFBBJF,01JZ0W7WFSG9ZE6FZ5RAYW75P8,2025-06-30T17:08:57.587421753Z,01JZ0W7WH669S2GHZMF9MZZGM3,2025-06-30T17:08:57.587421753Z,01JZ0X0A7W850J2QY4EQF3P9W1,2025-06-30T17:08:57.587421753Z,01JZ0X0D1TX7JZAW1W5093THGQ,2025-06-30T17:08:57.587421753Z
01JZ0X28APBVXF0EC1QCFAQHRJ,01JZ0W7WFSG9ZE6FZ5RAYW75P8,2025-06-30T17:09:57.718094717Z,01JZ0W7WH669S2GHZMF9MZZGM3,2025-06-30T17:09:57.718094717Z,01JZ0WHH62CWG8X5EQDM9AT4MS,2025-06-30T17:09:57.718094717Z,01JZ0X0D1MM1FBC68A68SRT7QX,2025-06-30T17:09:57.718094717Z
01JZ0YQPRH0AS52BKAPECTAJ68,01JZ0XP7D84G107KY8Y0T4X5V0,2025-06-30T17:39:09.20122046Z,01JZ0XP7EMN72NB2RFN2ZH81CP,2025-06-30T17:39:09.20122046Z,01JZ0XRCSBXVQ7D717N2EW3SS5,2025-06-30T17:39:09.20122046Z,01JZ0YGAWSHVDBPGMP67RZP8D7,2025-06-30T17:39:09.20122046Z
01JZ0ZEQZQ2626Y1G8VA3YTTV9,01JZ0Z7NVHZYGBR218W1AZTTTX,2025-06-30T17:51:44.119537376Z,01JZ0Z7NWVZHM50FX7KDE2CZ4K,2025-06-30T17:51:44.119537376Z,01JZ0ZAQNAD3Q9TSM6MFVP3KH7,2025-06-30T17:51:44.119537376Z,01JZ0ZEQ5CRGF6YCR2880S518V,2025-06-30T17:51:44.119537376Z
01JZ12TXY671H156ZV3SQ26GMY,01JZ12GR49VSBA1ETNY3NZB6T4,2025-06-30T18:50:49.158487124Z,01JZ12GR778SNDBX9EP3GGZZ51,2025-06-30T18:50:49.158487124Z,01JZ125B3QHG2HSZ3DQ20DTRDX,2025-06-30T18:50:49.158487124Z,01JZ12TTVA87MGKQWWKK4ZMA23,2025-06-30T18:50:49.158487124Z
01JZ0WMVXD0Z6TKKFCZ4EHTQJF,01JZ0W7WFSG9ZE6FZ5RAYW75P8,2025-06-30T17:02:39.021078536Z,01JZ0W7WHE67QMEH4CJKSJPVET,2025-06-30T17:02:39.021078536Z,01JZ0W9MNX8R5K013QW8Y217QX,2025-06-30T17:02:39.021078536Z,01JZ0WMVDS2VAAZ00MGNQRGQNY,2025-06-30T17:02:39.021078536Z
01JZ0YGCVB7YYZG360C8M17MG4,01JZ0XP7D84G107KY8Y0T4X5V0,2025-06-30T17:35:09.675871752Z,01JZ0XP7EJVNGB38T0GJJ3YDRG,2025-06-30T17:35:09.675871752Z,01JZ0YEJZ0MS606BWV5CDW083D,2025-06-30T17:35:09.675871752Z,01JZ0YGBQG0CDMN9Z85M93HEDY,2025-06-30T17:35:09.675871752Z
01JZ0YJ6CWEGZ490PPPVZ3HD5R,01JZ0XP7D84G107KY8Y0T4X5V0,2025-06-30T17:36:08.604110014Z,01JZ0XP7EMN72NB2RFN2ZH81CP,2025-06-30T17:36:08.604110014Z,01JZ0YBTY92QFVERA9FGE6RSZ6,2025-06-30T17:36:08.604110014Z,01JZ0YGAXEGV56WCH1MR19TPMT,2025-06-30T17:36:08.604110014Z
01JZ0YN3QBEGHGGSWJNP0HMJ9F,01JZ0XP7D84G107KY8Y0T4X5V0,2025-06-30T17:37:44.171318538Z,01JZ0XP7EQ68N8E1T1SAYQ3MY0,2025-06-30T17:37:44.171318538Z,01JZ0Y986C6V9HHQ0J9W9YBS48,2025-06-30T17:37:44.171318538Z,01JZ0YK8E58VD8SGEEYESD6KC6,2025-06-30T17:37:44.171318538Z
01JZ0YSR4G9M3FZWG0K3BRZAV2,01JZ0XP7D84G107KY8Y0T4X5V0,2025-06-30T17:40:16.144965283Z,01JZ0XP7EG8XH2A757Q0XZSTD8,2025-06-30T17:40:16.144965283Z,01JZ0XRVC2V3ECMA17JWJRPAYF,2025-06-30T17:40:16.144965283Z,01JZ0YJ23KDS5S1FAB4EPJNCZW,2025-06-30T17:40:16.144965283Z
01JZ0ZPD6EHY4PWNWTQMJ0WV6N,01JZ0Z7NVHZYGBR218W1AZTTTX,2025-06-30T17:55:55.214444662Z,01JZ0Z7NWVZHM50FX7KDE2CZ4K,2025-06-30T17:55:55.214444662Z,01JZ0ZAGM72PT49TD18YS8NKEM,2025-06-30T17:55:55.214444662Z,01JZ0ZEQ5ZX88172C7NVRRBGWM,2025-06-30T17:55:55.214444662Z
01JZ10NHTH3KFW093BRAC728TF,01JZ100N2HWY96Q2FTR0F0ZWE8,2025-06-30T18:12:55.76108736Z,01JZ100N4EZ1D1ZSMZ8BGYY8VN,2025-06-30T18:12:55.76108736Z,01JZ102EWH34RY0HTQE7XKZW4Y,2025-06-30T18:12:55.76108736Z,01JZ10KP1X152FSFF7MDZT2Y0B,2025-06-30T18:12:55.76108736Z
01JZ10VC3GCMCR7MZAY3282AS1,01JZ100N2HWY96Q2FTR0F0ZWE8,2025-06-30T18:16:06.512557539Z,01JZ100N4EZ1D1ZSMZ8BGYY8VN,2025-06-30T18:16:06.512557539Z,01JZ102EWH34RY0HTQE7XKZW4Y,2025-06-30T18:16:06.512557539Z,01JZ10KP23VD2A36G6JGHTHMMQ,2025-06-30T18:16:06.512557539Z
01JZ10VP5RVF33ZB10QSWTTT1D,01JZ100N2HWY96Q2FTR0F0ZWE8,2025-06-30T18:16:16.824328994Z,01JZ100N4EZ1D1ZSMZ8BGYY8VN,2025-06-30T18:16:16.824328994Z,01JZ104180T0VDBKNH0NERW22V,2025-06-30T18:16:16.824328994Z,01JZ10KP2ASY20JS3WR554PJ7K,2025-06-30T18:16:16.824328994Z
01JZ11RNH8X5VZF7NV2Z4ERT8R,01JZ119YR0X0B5B35KS5ARQA66,2025-06-30T18:32:06.440467482Z,01JZ119YW2HKPBQ3HF5AQNWR9Z,2025-06-30T18:32:06.440467482Z,01JZ11DT8DFFKBGHX7CNH1JS5K,2025-06-30T18:32:06.440467482Z,01JZ11PR68KJ9KRX92H1GBZV0Q,2025-06-30T18:32:06.440467482Z
01JZ12SMX2FKXBDC4B8TKMR3EA,01JZ12GR49VSBA1ETNY3NZB6T4,2025-06-30T18:50:07.138437281Z,01JZ12GR6N6DKV4APDKNYMT7NT,2025-06-30T18:50:07.138437281Z,01JZ12KRQGG4P0VQYSQXKFBMEM,2025-06-30T18:50:07.138437281Z,01JZ12QRG8R58TPJ33BH6TZ2DQ,2025-06-30T18:50:07.138437281Z
01JZ13FCC04S4NJN86WD2ZX84P,01JZ12TK2B48MQYACM0BX1FJ39,2025-06-30T19:01:59.296084489Z,01JZ12TK4Q16V4FDC51PCA7WDR,2025-06-30T19:01:59.296084489Z,01JZ133XKZKQBE9HYYKKDQAD06,2025-06-30T19:01:59.296084489Z,01JZ137NEM5QYXCE75M2Q91679,2025-06-30T19:01:59.296084489Z
01JZ0WW4468W9G1F9JJ16K373Z,01JZ0W7WFSG9ZE6FZ5RAYW75P8,2025-06-30T17:06:36.806841607Z,01JZ0W7WH7YZAXNKRFQJVF1GT9,2025-06-30T17:06:36.806841607Z,01JZ0W9YB6A3M163NJ5JYVES75,2025-06-30T17:06:36.806841607Z,01JZ0WT8WR8GQQ3B6DQCVGXKD9,2025-06-30T17:06:36.806841607Z
01JZ0X8V896FN0MKV6AG2NRASK,01JZ0W7WFSG9ZE6FZ5RAYW75P8,2025-06-30T17:13:33.705680508Z,01JZ0W7WHAXBN0H6GS7Q677HGB,2025-06-30T17:13:33.705680508Z,01JZ0WRNMB87KA9QP0V95N94CC,2025-06-30T17:13:33.705680508Z,01JZ0X1FP9CJ0X1CNF5157WSWN,2025-06-30T17:13:33.705680508Z
01JZ0XH4Q50D7G2ZJNCBKGS07E,01JZ0X13W9RT32E263JAYJS0WA,2025-06-30T17:18:05.541945319Z,01JZ0X13WYYJA1PBKDVESDJZK9,2025-06-30T17:18:05.541945319Z,01JZ0X6RZY3WRH8ZKD1XEMZNPX,2025-06-30T17:18:05.541945319Z,01JZ0X94WB76H8GZ1J3E0APZ5N,2025-06-30T17:18:05.541945319Z
01JZ0Z6W06AH2F57ZG0K92DY6K,01JZ0YMAZQ8ZJWY43T1GN1DF14,2025-06-30T17:47:26.086871776Z,01JZ0YMB0R63S66YTFBNZZK4BM,2025-06-30T17:47:26.086871776Z,01JZ0YPAGMGS2W3A46GF91A8KB,2025-06-30T17:47:26.086871776Z,01JZ0YZF7AZNJQ4PJPHYYDFMTE,2025-06-30T17:47:26.086871776Z
01JZ11F2DT3F3ZVA1MZGNZ8327,01JZ10P0MMB9VWWBD3QMCFKF4F,2025-06-30T18:26:51.962582326Z,01JZ10P0NQF4P3BB1AAZVYSJMW,2025-06-30T18:26:51.962582326Z,01JZ115P8J6BQ15VPBKQ514M38,2025-06-30T18:26:51.962582326Z,01JZ117N3566FXQWPSFS4TMJZG,2025-06-30T18:26:51.962582326Z
01JZ11XC922SFSCB42PP2NDBVV,01JZ119YR0X0B5B35KS5ARQA66,2025-06-30T18:34:40.802759341Z,01JZ119YY7H6NVYT7RKS2PMWJ6,2025-06-30T18:34:40.802759341Z,01JZ11JEW6YXEJ3AB50VHRYMWD,2025-06-30T18:34:40.802759341Z,01JZ11XAH235S2EXW84Y3V3EVX,2025-06-30T18:34:40.802759341Z
01JZ127GDMXTS5ET6CTP19FWRT,01JZ11XHS287W5Q5TASNQ00G2A,2025-06-30T18:40:12.724787923Z,01JZ11XHTNJGBK57M9Z78S7EZ8,2025-06-30T18:40:12.724787923Z,01JZ121XNEV2BFA4677W8GJKQE,2025-06-30T18:40:12.724787923Z,01JZ125KS3T2N5BYVPYYF70Q02,2025-06-30T18:40:12.724787923Z
01JZ0XCESKQAKK03YMXHG5KK0A,01JZ0X7ZMW8Y5D7G0ZVAD2X33D,2025-06-30T17:15:32.019212767Z,01JZ0X7ZNN0GRQQ68EJYGR423Q,2025-06-30T17:15:32.019212767Z,01JZ0X7QQ4PEVNP0R5F93ZWHQC,2025-06-30T17:15:32.019212767Z,01JZ0XCE4JFZP0CNW4GG03X0TY,2025-06-30T17:15:32.019212767Z
01JZ0XGTSE32CWZKEFXBG2RXDZ,01JZ0X13W9RT32E263JAYJS0WA,2025-06-30T17:17:55.374190175Z,01JZ0X13WYYJA1PBKDVESDJZK9,2025-06-30T17:17:55.374190175Z,01JZ0X6A1C027352DXJ8961HXQ,2025-06-30T17:17:55.374190175Z,01JZ0X94VRW1B5KTMFDGGM3WQ1,2025-06-30T17:17:55.374190175Z
01JZ0YK8TFP4BPJSW75GHRBHQ0,01JZ0XP7D84G107KY8Y0T4X5V0,2025-06-30T17:36:43.855411745Z,01JZ0XP7EQ68N8E1T1SAYQ3MY0,2025-06-30T17:36:43.855411745Z,01JZ0Y986C6V9HHQ0J9W9YBS48,2025-06-30T17:36:43.855411745Z,01JZ0YK8DVGRZRYAMWHKT16ASH,2025-06-30T17:36:43.855411745Z
01JZ0YR0QYNTH1GSMWMDM5KCQC,01JZ0XP7D84G107KY8Y0T4X5V0,2025-06-30T17:39:19.422896798Z,01JZ0XP7EMN72NB2RFN2ZH81CP,2025-06-30T17:39:19.422896798Z,01JZ0XRCSBXVQ7D717N2EW3SS5,2025-06-30T17:39:19.422896798Z,01JZ0YGAX0FRQFF2SE01KCC2KT,2025-06-30T17:39:19.422896798Z
01JZ0WN3EER42699DKCW8BGEQH,01JZ0W7WFSG9ZE6FZ5RAYW75P8,2025-06-30T17:02:46.734186144Z,01JZ0W7WH4BMT12JZKEJ46HRED,2025-06-30T17:02:46.734186144Z,01JZ0WB3WGQSNZHFNZ1PEPZMFA,2025-06-30T17:02:46.734186144Z,01JZ0WDR6MCTHHDKMX7YEF98AR,2025-06-30T17:02:46.734186144Z
01JZ0Z7FXPMHB99A38D3YEVYGR,01JZ0YMAZQ8ZJWY43T1GN1DF14,2025-06-30T17:47:46.486934613Z,01JZ0YMB0R63S66YTFBNZZK4BM,2025-06-30T17:47:46.486934613Z,01JZ0YZDVBGT4T7P1T5X8ANGES,2025-06-30T17:47:46.486934613Z,01JZ0YZF6N7SXRGHFRD9HTKM5S,2025-06-30T17:47:46.486934613Z
01JZ0ZJ5XPTRWFDF6K4RZX05Z4,01JZ0Z7NVHZYGBR218W1AZTTTX,2025-06-30T17:53:36.694693898Z,01JZ0Z7NWQ9CYAGNFMNZVFE8F3,2025-06-30T17:53:36.694693898Z,01JZ0Z61DZRMR0MQ7ZC5BQNRCY,2025-06-30T17:53:36.694693898Z,01JZ0ZG9YFNZT58VRWXG3QT5BQ,2025-06-30T17:53:36.694693898Z
01JZ10E3R5T0ZPH2CM2CZ72SFQ,01JZ100N2HWY96Q2FTR0F0ZWE8,2025-06-30T18:08:51.973682141Z,01JZ100N4SNNY9PP8QFCF7M9TY,2025-06-30T18:08:51.973682141Z,01JZ109PGT8NP1GATDS6WSNCMS,2025-06-30T18:08:51.973682141Z,01JZ10C7NVD4WCQHGDZJSD64MZ,2025-06-30T18:08:51.973682141Z
01JZ137E30ZJ6D2CBEB10RXSYM,01JZ12TK2B48MQYACM0BX1FJ39,2025-06-30T18:57:38.912519921Z,01JZ12TK4A16DPH6KAMKDY8GHP,2025-06-30T18:57:38.912519921Z,01JZ134XXSYB7MDVYZCM82AH6P,2025-06-30T18:57:38.912519921Z,01JZ137CMJGXVV6WEC8D59QGTY,2025-06-30T18:57:38.912519921Z
01JZ0WTPVCQCMHQMF8DCKBXZGA,01JZ0W7WFSG9ZE6FZ5RAYW75P8,2025-06-30T17:05:50.444556865Z,01JZ0W7WHAXBN0H6GS7ZCJVTX8,2025-06-30T17:05:50.444556865Z,01JZ0WA02FW6MBJBPMA4NG8C7G,2025-06-30T17:05:50.444556865Z,01JZ0WJQA6G1BCFBAY0Z0QH02V,2025-06-30T17:05:50.444556865Z
01JZ0XEA10V3QWSQXKBKP0A3TK,01JZ0X7ZMW8Y5D7G0ZVAD2X33D,2025-06-30T17:16:32.672379023Z,01JZ0X7ZNN0GRQQ68EJYGR423Q,2025-06-30T17:16:32.672379023Z,01JZ0XAYB1S3TC6JQYTFQEQMC9,2025-06-30T17:16:32.672379023Z,01JZ0XCE53NQKKJMPX4DRFNKFF,2025-06-30T17:16:32.672379023Z
01JZ0YJ2X7XDXZDEN3JZGMHY61,01JZ0XP7D84G107KY8Y0T4X5V0,2025-06-30T17:36:05.031617998Z,01JZ0XP7EG8XH2A757Q0XZSTD8,2025-06-30T17:36:05.031617998Z,01JZ0XRVC2V3ECMA17JWJRPAYF,2025-06-30T17:36:05.031617998Z,01JZ0YJ23FRP7FAQAPQ1AHZ980,2025-06-30T17:36:05.031617998Z
01JZ0Z6TXN1A8E55N44GYR8BSG,01JZ0YMAZQ8ZJWY43T1GN1DF14,2025-06-30T17:47:24.981413942Z,01JZ0YMB0WF5ZW98DAK0M01JZW,2025-06-30T17:47:24.981413942Z,01JZ0YSZNHQSEKK9EFAJTDAS66,2025-06-30T17:47:24.981413942Z,01JZ0Z6T5B8TNHMV8DMNFWV8J2,2025-06-30T17:47:24.981413942Z
01JZ0ZR0999ARV3FF1MR7BCSMJ,01JZ0Z7NVHZYGBR218W1AZTTTX,2025-06-30T17:56:47.529536551Z,01JZ0Z7NWQ9CYAGNFMNZVFE8F3,2025-06-30T17:56:47.529536551Z,01JZ0Z2DMXM7C255K3VDCTZ8FV,2025-06-30T17:56:47.529536551Z,01JZ0ZG9Z7AKQZZHNN0W4F7JWR,2025-06-30T17:56:47.529536551Z
01JZ11NFR0D9T8TRAAKGYY9F98,01JZ119YR0X0B5B35KS5ARQA66,2025-06-30T18:30:22.208652129Z,01JZ119YTKRCVRVA7XBM70602J,2025-06-30T18:30:22.208652129Z,01JZ11EG7S8X86Q9VBDZSW3H5E,2025-06-30T18:30:22.208652129Z,01JZ11NE8YPZHW6Y2WMTPR1CGQ,2025-06-30T18:30:22.208652129Z
01JZ137E3CA86PH976PFDXRKEG,01JZ12TK2B48MQYACM0BX1FJ39,2025-06-30T18:57:38.924445311Z,01JZ12TK4A16DPH6KAMKDY8GHP,2025-06-30T18:57:38.924445311Z,01JZ131Q7H86HXRPNP28S5BX4Z,2025-06-30T18:57:38.924445311Z,01JZ137CMJGXVV6WEC8D59QGTY,2025-06-30T18:57:38.924445311Z
01JZ0WHYQJJFT0RYYC81XVQ14R,01JZ0W7WFSG9ZE6FZ5RAYW75P8,2025-06-30T17:01:03.602187795Z,01JZ0W7WH953KKVSAQ2RB19JGS,2025-06-30T17:01:03.602187795Z,01JZ0WAQMDYVVH1XTS848323JD,2025-06-30T17:01:03.602187795Z,01JZ0WHXBZJ9DJ6C9RH7BGK73K,2025-06-30T17:01:03.602187795Z
01JZ0WPPNDSWGBKEVTCD72DRPV,01JZ0W7WFSG9ZE6FZ5RAYW75P8,2025-06-30T17:03:39.181054168Z,01JZ0W7WHE67QMEH4CJKSJPVET,2025-06-30T17:03:39.181054168Z,01JZ0WHQ6NQHPGSWKKVV7VTKSZ,2025-06-30T17:03:39.181054168Z,01JZ0WMVDVPF44P3G83145WX2W,2025-06-30T17:03:39.181054168Z
01JZ0WW44AV0HBK20EJXY6E1TT,01JZ0W7WFSG9ZE6FZ5RAYW75P8,2025-06-30T17:06:36.810343954Z,01JZ0W7WH7YZAXNKRFQJVF1GT9,2025-06-30T17:06:36.810343954Z,01JZ0WR5YDFN064C4MMFP8T3KJ,2025-06-30T17:06:36.810343954Z,01JZ0WT8WR8GQQ3B6DQCVGXKD9,2025-06-30T17:06:36.810343954Z
01JZ0XKTJ0S8Y9HDEMQ5BKJVYC,01JZ0X7ZMW8Y5D7G0ZVAD2X33D,2025-06-30T17:19:33.440342089Z,01JZ0X7ZNN0GRQQ68EJYGR423Q,2025-06-30T17:19:33.440342089Z,01JZ0XAYB1S3TC6JQYTFQEQMC9,2025-06-30T17:19:33.440342089Z,01JZ0XCE51JFHJXP0RJMS19MR8,2025-06-30T17:19:33.440342089Z
01JZ0YGB8ZW98FWBVM1RXMKMMQ,01JZ0XP7D84G107KY8Y0T4X5V0,2025-06-30T17:35:08.063580892Z,01JZ0XP7EMN72NB2RFN2ZH81CP,2025-06-30T17:35:08.063580892Z,01JZ0YBTY92QFVERA9FGE6RSZ6,2025-06-30T17:35:08.063580892Z,01JZ0YGAWK956399B086JVVMY0,2025-06-30T17:35:08.063580892Z
01JZ0YJ5GKY1J2Y4NAT3HJCRD8,01JZ0XP7D84G107KY8Y0T4X5V0,2025-06-30T17:36:07.699709589Z,01JZ0XP7E80XQ8XGY0HAVD3ZJP,2025-06-30T17:36:07.699709589Z,01JZ0Y9M6M54F6PRF622D0XAT7,2025-06-30T17:36:07.699709589Z,01JZ0YJ4S3HREA83Z1G5QWSHJY,2025-06-30T17:36:07.699709589Z
01JZ0ZEQZY95N4EJ7DX04GEF4K,01JZ0Z7NVHZYGBR218W1AZTTTX,2025-06-30T17:51:44.126179313Z,01JZ0Z7NWVZHM50FX7KDE2CZ4K,2025-06-30T17:51:44.126179313Z,01JZ0ZAGM72PT49TD18YS8NKEM,2025-06-30T17:51:44.126179313Z,01JZ0ZEQ5CRGF6YCR2880S518V,2025-06-30T17:51:44.126179313Z
01JZ10KM4JEXFQ8FD83D0D7V3J,01JZ100N2HWY96Q2FTR0F0ZWE8,2025-06-30T18:11:52.594493198Z,01JZ100N4SNNY9PP8QFCF7M9TY,2025-06-30T18:11:52.594493198Z,01JZ1092JPD1196K4EJEEW8C7Y,2025-06-30T18:11:52.594493198Z,01JZ10C7MH6PK273FNY69VTJ1Q,2025-06-30T18:11:52.594493198Z
01JZ10MQVRPAAVDSRJB34Q42Y7,01JZ100N2HWY96Q2FTR0F0ZWE8,2025-06-30T18:12:29.177025063Z,01JZ100N40PZGZRWRMG9G2S114,2025-06-30T18:12:29.177025063Z,01JZ109DD1MS0H9Q6X0RP6AVZ3,2025-06-30T18:12:29.177025063Z,01JZ10DBRS6JXFXDQCGQSX4K9P,2025-06-30T18:12:29.177025063Z
01JZ0ZET0TB9GFS2MYMC5NFEN2,01JZ0YMAZQ8ZJWY43T1GN1DF14,2025-06-30T17:51:46.202367597Z,01JZ0YMB0WF5ZW98DAK0M01JZW,2025-06-30T17:51:46.202367597Z,01JZ0YWTS63X29XZNPFJ5WW9KY,2025-06-30T17:51:46.202367597Z,01JZ0Z6T660SHF634AH558SFV6,2025-06-30T17:51:46.202367597Z
01JZ0ZQ7JZQTAHM4TDT1W4D8NJ,01JZ0Z7NVHZYGBR218W1AZTTTX,2025-06-30T17:56:22.239468799Z,01JZ0Z7NWEY0R3MD8J8181F140,2025-06-30T17:56:22.239468799Z,01JZ0ZASJNDJJHP6QC46T80FR3,2025-06-30T17:56:22.239468799Z,01JZ0ZNAXF0V77TW8GXK197WV3,2025-06-30T17:56:22.239468799Z
01JZ10VP4STNXR5YCVTDZ6WARH,01JZ100N2HWY96Q2FTR0F0ZWE8,2025-06-30T18:16:16.793833501Z,01JZ100N4EZ1D1ZSMZ8BGYY8VN,2025-06-30T18:16:16.793833501Z,01JZ102EWH34RY0HTQE7XKZW4Y,2025-06-30T18:16:16.793833501Z,01JZ10KP2ASY20JS3WR554PJ7K,2025-06-30T18:16:16.793833501Z
01JZ11SABNCRC520NHH90130HN,01JZ119YR0X0B5B35KS5ARQA66,2025-06-30T18:32:27.765118062Z,01JZ119YWQTW1CNB5AYNKC679G,2025-06-30T18:32:27.765118062Z,01JZ11C5H6QK3Z44KTVNDP9W7X,2025-06-30T18:32:27.765118062Z,01JZ11HY4C2ZA9A58REARTJFFF,2025-06-30T18:32:27.765118062Z
01JZ0YGB8N4ZQGBKYC1411YE22,01JZ0XP7D84G107KY8Y0T4X5V0,2025-06-30T17:35:08.053149734Z,01JZ0XP7EMN72NB2RFN2ZH81CP,2025-06-30T17:35:08.053149734Z,01JZ0XRCSBXVQ7D717N2EW3SS5,2025-06-30T17:35:08.053149734Z,01JZ0YGAWK956399B086JVVMY0,2025-06-30T17:35:08.053149734Z
01JZ0ZWQV3SBRG51E7MPWXST9J,01JZ0Z7NVHZYGBR218W1AZTTTX,2025-06-30T17:59:22.724018348Z,01JZ0Z7NWEY0R3MD8J8181F140,2025-06-30T17:59:22.724018348Z,01JZ0ZEY8PJTCNK0R4SHSPP740,2025-06-30T17:59:22.724018348Z,01JZ0ZNAYQ28Y241WB8F253Q81,2025-06-30T17:59:22.724018348Z
01JZ1251PKEDW3WN9DMH0577SG,01JZ119YR0X0B5B35KS5ARQA66,2025-06-30T18:38:52.115699716Z,01JZ119YY7H6NVYT7RKS2PMWJ6,2025-06-30T18:38:52.115699716Z,01JZ11JEW6YXEJ3AB50VHRYMWD,2025-06-30T18:38:52.115699716Z,01JZ11XAG65ZP96FHDKNY70EFY,2025-06-30T18:38:52.115699716Z
01JZ12TXZWX106FECZZG179ZBE,01JZ12GR49VSBA1ETNY3NZB6T4,2025-06-30T18:50:49.212085563Z,01JZ12GR778SNDBX9EP3GGZZ51,2025-06-30T18:50:49.212085563Z,01JZ12JPCE2ZA0S6XXV2KMX9ZV,2025-06-30T18:50:49.212085563Z,01JZ12TTVA87MGKQWWKK4ZMA23,2025-06-30T18:50:49.212085563Z
01JZ12WS0Z4633CE5ZFXTTEGQF,01JZ12GR49VSBA1ETNY3NZB6T4,2025-06-30T18:51:49.663135121Z,01JZ12GR778SNDBX9EP3GGZZ51,2025-06-30T18:51:49.663135121Z,01JZ12RBR20YH5T4R3MECTGR5T,2025-06-30T18:51:49.663135121Z,01JZ12TTW98MPEK7P3F2T40R51,2025-06-30T18:51:49.663135121Z
01JZ0YJ6CY06WFWNWFCMDBMWKH,01JZ0XP7D84G107KY8Y0T4X5V0,2025-06-30T17:36:08.607010428Z,01JZ0XP7EMN72NB2RFN2ZH81CP,2025-06-30T17:36:08.607010428Z,01JZ0Y6PQ8C2TDTX52Z72CYDBY,2025-06-30T17:36:08.607010428Z,01JZ0YGAXEGV56WCH1MR19TPMT,2025-06-30T17:36:08.607010428Z
01JZ0ZQP92VW4B4N8EMCR9S40S,01JZ0Z7NVHZYGBR218W1AZTTTX,2025-06-30T17:56:37.282796023Z,01JZ0Z7NWQ9CYAGNFMNZVFE8F3,2025-06-30T17:56:37.282796023Z,01JZ0Z56GMAGY61G9078DF3SNP,2025-06-30T17:56:37.282796023Z,01JZ0ZG9YZKMF1X2ZVRXK33NBW,2025-06-30T17:56:37.282796023Z
01JZ137PX45CAP0C5Q6EG4NQM1,01JZ12TK2B48MQYACM0BX1FJ39,2025-06-30T18:57:47.940644535Z,01JZ12TK4Q16V4FDC51PCA7WDR,2025-06-30T18:57:47.940644535Z,01JZ131G46MF9GT1J80820Q98T,2025-06-30T18:57:47.940644535Z,01JZ137ND2ZNHTTR0ZRDG34Y85,2025-06-30T18:57:47.940644535Z
01JZ0WFKBSNMAVN75PHH3K43GV,01JZ0W7WFSG9ZE6FZ5RAYW75P8,2025-06-30T16:59:46.4254155Z,01JZ0W7WH4BMT12JZKEJ46HRED,2025-06-30T16:59:46.4254155Z,01JZ0WB3WGQSNZHFNZ1PEPZMFA,2025-06-30T16:59:46.4254155Z,01JZ0WDR671V6AK68SF1289RWZ,2025-06-30T16:59:46.4254155Z
01JZ0X2FV8JFCVJDM9ZJQAPT2H,01JZ0W7WFSG9ZE6FZ5RAYW75P8,2025-06-30T17:10:05.41671902Z,01JZ0W7WH953KKVSAQ2B0M9V8S,2025-06-30T17:10:05.41671902Z,01JZ0WDHB8RBCQFFDNJQQPYNN7,2025-06-30T17:10:05.41671902Z,01JZ0WTTEKC7XFKM4RZ6QM2CMJ,2025-06-30T17:10:05.41671902Z
01JZ0ZPQ7VZ82KQ1EH0SN9JMET,01JZ0Z7NVHZYGBR218W1AZTTTX,2025-06-30T17:56:05.4994948Z,01JZ0Z7NWVZHM50FX7KDE2CZ4K,2025-06-30T17:56:05.4994948Z,01JZ0ZCA4DXYWN181KAGGJKAGM,2025-06-30T17:56:05.4994948Z,01JZ0ZEQ64VH0P6MERWF9PB50X,2025-06-30T17:56:05.4994948Z
01JZ11Z753PQTPDADT9GNTBG2G,01JZ119YR0X0B5B35KS5ARQA66,2025-06-30T18:35:41.091663845Z,01JZ119YY7H6NVYT7RKS2PMWJ6,2025-06-30T18:35:41.091663845Z,01JZ11TS68TXJXNMMWW98GYM0E,2025-06-30T18:35:41.091663845Z,01JZ11XAFXVMN40FRPJ7ZQC892,2025-06-30T18:35:41.091663845Z
01JZ137PWTNRWT3FD7HWS4APDW,01JZ12TK2B48MQYACM0BX1FJ39,2025-06-30T18:57:47.930705876Z,01JZ12TK4Q16V4FDC51PCA7WDR,2025-06-30T18:57:47.930705876Z,01JZ133XKZKQBE9HYYKKDQAD06,2025-06-30T18:57:47.930705876Z,01JZ137ND2ZNHTTR0ZRDG34Y85,2025-06-30T18:57:47.930705876Z
01JZ0WNDC9DRPPHYFMX75A9CBB,01JZ0W7WFSG9ZE6FZ5RAYW75P8,2025-06-30T17:02:56.905426101Z,01JZ0W7WH4BMT12JZKEJ46HRED,2025-06-30T17:02:56.905426101Z,01JZ0W9J7SB794Z25G4BTHXQDZ,2025-06-30T17:02:56.905426101Z,01JZ0WDR6ANASPSKJ9F9M8CXCT,2025-06-30T17:02:56.905426101Z
01JZ0WW6QQ7D543FA3N1GPMFKG,01JZ0W7WFSG9ZE6FZ5RAYW75P8,2025-06-30T17:06:39.479995125Z,01JZ0W7WHE67QMEH4CJKSJPVET,2025-06-30T17:06:39.479995125Z,01JZ0WHQ6NQHPGSWKKVV7VTKSZ,2025-06-30T17:06:39.479995125Z,01JZ0WMVDZTD2856GF5JYMK32E,2025-06-30T17:06:39.479995125Z
01JZ0YK8TCPA0H96Z1TKC84RZW,01JZ0XP7D84G107KY8Y0T4X5V0,2025-06-30T17:36:43.852846218Z,01JZ0XP7EQ68N8E1T1SAYQ3MY0,2025-06-30T17:36:43.852846218Z,01JZ0XZGPDAT03QJDBZ8FWCY64,2025-06-30T17:36:43.852846218Z,01JZ0YK8DVGRZRYAMWHKT16ASH,2025-06-30T17:36:43.852846218Z
01JZ12D179PBGRWB1CBTWR9ABH,01JZ11XHS287W5Q5TASNQ00G2A,2025-06-30T18:43:13.769142347Z,01JZ11XHTNJGBK57M9Z78S7EZ8,2025-06-30T18:43:13.769142347Z,01JZ122MSYXCQ30CZ1NABD92FB,2025-06-30T18:43:13.769142347Z,01JZ125KSG0SZN1R0KNRG3J6GM,2025-06-30T18:43:13.769142347Z
01JZ0XKTHTBM4ZV3Q1R4B6KJQ7,01JZ0X7ZMW8Y5D7G0ZVAD2X33D,2025-06-30T17:19:33.434227171Z,01JZ0X7ZNN0GRQQ68EJYGR423Q,2025-06-30T17:19:33.434227171Z,01JZ0X62A2JP7CETA0N4WE5M8N,2025-06-30T17:19:33.434227171Z,01JZ0XCE51JFHJXP0RJMS19MR8,2025-06-30T17:19:33.434227171Z
01JZ0YKXR90ZGSHGXDGR5D9TY6,01JZ0XP7D84G107KY8Y0T4X5V0,2025-06-30T17:37:05.289467254Z,01JZ0XP7EG8XH2A757Q0XZSTD8,2025-06-30T17:37:05.289467254Z,01JZ0XRVC2V3ECMA17JWJRPAYF,2025-06-30T17:37:05.289467254Z,01JZ0YJ23Y4NPAXZGFFEBH0840,2025-06-30T17:37:05.289467254Z
01JZ0ZNCK14Q47HRDBGT9H1G7B,01JZ0Z7NVHZYGBR218W1AZTTTX,2025-06-30T17:55:21.825135727Z,01JZ0Z7NWEY0R3MD8J8181F140,2025-06-30T17:55:21.825135727Z,01JZ0ZJ32JH3S0BBR7ZZG4D13A,2025-06-30T17:55:21.825135727Z,01JZ0ZNAXZF6HQZHP7T6S8SP4R,2025-06-30T17:55:21.825135727Z
01JZ10F7J1J43D3DJ3B1TNCET2,01JZ100N2HWY96Q2FTR0F0ZWE8,2025-06-30T18:09:28.641444722Z,01JZ100N40PZGZRWRMG9G2S114,2025-06-30T18:09:28.641444722Z,01JZ10B73RF8XXP7GQ68XZRBQ5,2025-06-30T18:09:28.641444722Z,01JZ10DBQST28KKZ3PCXRQF7R5,2025-06-30T18:09:28.641444722Z
01JZ132Z005M0D5VQZ311JPT2A,01JZ12GR49VSBA1ETNY3NZB6T4,2025-06-30T18:55:12.385024828Z,01JZ12GR778SNDBX9EP3GGZZ51,2025-06-30T18:55:12.385024828Z,01JZ125B3QHG2HSZ3DQ20DTRDX,2025-06-30T18:55:12.385024828Z,01JZ12TV0XDP3Z0XB405CBZ7R7,2025-06-30T18:55:12.385024828Z
01JZ0WTCXYF34VDD1AZAJRYS80,01JZ0W7WFSG9ZE6FZ5RAYW75P8,2025-06-30T17:05:40.286369374Z,01JZ0W7WHAXBN0H6GS7ZCJVTX8,2025-06-30T17:05:40.286369374Z,01JZ0W9R8KHVM75CY4CTKH5PQG,2025-06-30T17:05:40.286369374Z,01JZ0WJQABN7TSDEXVBPTHGDXH,2025-06-30T17:05:40.286369374Z
01JZ0X8CGRE4MXXJAKC5ZQ3F41,01JZ0W7WFSG9ZE6FZ5RAYW75P8,2025-06-30T17:13:18.616623355Z,01JZ0W7WH669S2GHZMF9MZZGM3,2025-06-30T17:13:18.616623355Z,01JZ0WHH62CWG8X5EQDM9AT4MS,2025-06-30T17:13:18.616623355Z,01JZ0X0D221JYTH4TQCNSKPS8K,2025-06-30T17:13:18.616623355Z
01JZ0XGTSGCHCHBH24RBX10ECX,01JZ0X13W9RT32E263JAYJS0WA,2025-06-30T17:17:55.376381703Z,01JZ0X13WYYJA1PBKDVESDJZK9,2025-06-30T17:17:55.376381703Z,01JZ0X2WGRDWEV7PFCY3E6J5CV,2025-06-30T17:17:55.376381703Z,01JZ0X94VRW1B5KTMFDGGM3WQ1,2025-06-30T17:17:55.376381703Z
01JZ10KQ0MWRR7THQ99K0PR38F,01JZ100N2HWY96Q2FTR0F0ZWE8,2025-06-30T18:11:55.540113298Z,01JZ100N4EZ1D1ZSMZ8BGYY8VN,2025-06-30T18:11:55.540113298Z,01JZ10JPEDAYGCXJFQDZB9T0EF,2025-06-30T18:11:55.540113298Z,01JZ10KP1DRZ3PQJX0WF8G5PH8,2025-06-30T18:11:55.540113298Z
01JZ0YR0QWVMHNPEJ3KAM5EFN4,01JZ0XP7D84G107KY8Y0T4X5V0,2025-06-30T17:39:19.420653682Z,01JZ0XP7EMN72NB2RFN2ZH81CP,2025-06-30T17:39:19.420653682Z,01JZ0YBTY92QFVERA9FGE6RSZ6,2025-06-30T17:39:19.420653682Z,01JZ0YGAX0FRQFF2SE01KCC2KT,2025-06-30T17:39:19.420653682Z
01JZ0YTKVY09SG9QARX4MW5KGE,01JZ0XP7D84G107KY8Y0T4X5V0,2025-06-30T17:40:44.543002593Z,01JZ0XP7EQ68N8E1T1SAYQ3MY0,2025-06-30T17:40:44.543002593Z,01JZ0XVYBJ3BJ2ZA7GA2NF055P,2025-06-30T17:40:44.543002593Z,01JZ0YK8EAX4M5FSBD0B5EMBY7,2025-06-30T17:40:44.543002593Z
01JZ0Z8NQEP341K91MFA4J012A,01JZ0YMAZQ8ZJWY43T1GN1DF14,2025-06-30T17:48:25.198303403Z,01JZ0YMB0WF5ZW98DAK0M01JZW,2025-06-30T17:48:25.198303403Z,01JZ0YWTS63X29XZNPFJ5WW9KY,2025-06-30T17:48:25.198303403Z,01JZ0Z6T5JS8VCZARJE0AVHE7R,2025-06-30T17:48:25.198303403Z
01JZ0ZWT1ZBZVD7RYR0KFQ1WH6,01JZ0Z7NVHZYGBR218W1AZTTTX,2025-06-30T17:59:24.991799792Z,01JZ0Z7NWZE2H4FK4XXVVF91VK,2025-06-30T17:59:24.991799792Z,01JZ0ZDR4R16NZQ3H22ZMHYSSY,2025-06-30T17:59:24.991799792Z,01JZ0ZN3WV92QX00PYT1ME4CD1,2025-06-30T17:59:24.991799792Z
01JZ10KM52QYHG953EG8PDCEXC,01JZ100N2HWY96Q2FTR0F0ZWE8,2025-06-30T18:11:52.610573413Z,01JZ100N4SNNY9PP8QFCF7M9TY,2025-06-30T18:11:52.610573413Z,01JZ104ZVKRJK37A0M3H5N1SSZ,2025-06-30T18:11:52.610573413Z,01JZ10C7MH6PK273FNY69VTJ1Q,2025-06-30T18:11:52.610573413Z
01JZ11PTH1EPPEFGCARSB0GHEY,01JZ119YR0X0B5B35KS5ARQA66,2025-06-30T18:31:06.017419152Z,01JZ119YW2HKPBQ3HF5AQNWR9Z,2025-06-30T18:31:06.017419152Z,01JZ11GPD2ZWF3D1EP1BKS7EA7,2025-06-30T18:31:06.017419152Z,01JZ11PR4KYZSBEP30FJJW9BWS,2025-06-30T18:31:06.017419152Z
01JZ11WBK2CH7NGRC5HJRNJ2RH,01JZ119YR0X0B5B35KS5ARQA66,2025-06-30T18:34:07.330735742Z,01JZ119YWDV104V646C65RZD3P,2025-06-30T18:34:07.330735742Z,01JZ11BP18KH9CR06TJHH6GM74,2025-06-30T18:34:07.330735742Z,01JZ11MWFJH17V2JF3JPS2W0X5,2025-06-30T18:34:07.330735742Z
01JZ112B9R4YXPR9AZFN6ESKBV,01JZ100N2HWY96Q2FTR0F0ZWE8,2025-06-30T18:19:55.064083499Z,01JZ100N4KMAHXYJQHY2912PJS,2025-06-30T18:19:55.064083499Z,01JZ10597NHSRHSHHX2S7Q7R3J,2025-06-30T18:19:55.064083499Z,01JZ10TYWBNZW3MQW7A0PZ4SDJ,2025-06-30T18:19:55.064083499Z
01JZ11PTY2RGPMR152XAXQR3M0,01JZ119YR0X0B5B35KS5ARQA66,2025-06-30T18:31:06.434356089Z,01JZ119YWDV104V646C65RZD3P,2025-06-30T18:31:06.434356089Z,01JZ11ED2SWDZ0R9T04B92FSJZ,2025-06-30T18:31:06.434356089Z,01JZ11MWAFH0VDVYTS4QR2FQ42,2025-06-30T18:31:06.434356089Z
01JZ11WNM5AKMBV2YRCZGRQATT,01JZ119YR0X0B5B35KS5ARQA66,2025-06-30T18:34:17.605815513Z,01JZ119YWDV104V646C65RZD3P,2025-06-30T18:34:17.605815513Z,01JZ11D8PF8N11C5QPJ1C6S7NF,2025-06-30T18:34:17.605815513Z,01JZ11MWF30R2DEPE3C0NW7H89,2025-06-30T18:34:17.605815513Z
01JZ11XC8AHTHNM7JE04Q2YE48,01JZ119YR0X0B5B35KS5ARQA66,2025-06-30T18:34:40.778721779Z,01JZ119YY7H6NVYT7RKS2PMWJ6,2025-06-30T18:34:40.778721779Z,01JZ11HSS70BAAPK602YE4TB65,2025-06-30T18:34:40.778721779Z,01JZ11XAH235S2EXW84Y3V3EVX,2025-06-30T18:34:40.778721779Z
01JZ12Z5J3KVBNGC16W4VH1ECM,01JZ12GR49VSBA1ETNY3NZB6T4,2025-06-30T18:53:08.035755425Z,01JZ12GR6N6DKV4APDKNYMT7NT,2025-06-30T18:53:08.035755425Z,01JZ12Q1G2QKH379N2PJ88VQMB,2025-06-30T18:53:08.035755425Z,01JZ12QRERFJ7FFNHZ3Y7YAMG6,2025-06-30T18:53:08.035755425Z
01JZ0YZGT30VP33ZMTJ4FR2M9Y,01JZ0YMAZQ8ZJWY43T1GN1DF14,2025-06-30T17:43:25.2510636Z,01JZ0YMB0R63S66YTFBNZZK4BM,2025-06-30T17:43:25.2510636Z,01JZ0YPAGMGS2W3A46GF91A8KB,2025-06-30T17:43:25.2510636Z,01JZ0YZF61V02X006G88CCN1N8,2025-06-30T17:43:25.2510636Z
01JZ1251PVJWPQZV6GXNV3544F,01JZ119YR0X0B5B35KS5ARQA66,2025-06-30T18:38:52.123816709Z,01JZ119YY7H6NVYT7RKS2PMWJ6,2025-06-30T18:38:52.123816709Z,01JZ11TS68TXJXNMMWW98GYM0E,2025-06-30T18:38:52.123816709Z,01JZ11XAG65ZP96FHDKNY70EFY,2025-06-30T18:38:52.123816709Z
01JZ12Z5GFFMVR0HQ61QRRTD1K,01JZ12GR49VSBA1ETNY3NZB6T4,2025-06-30T18:53:07.983067852Z,01JZ12GR6N6DKV4APDKNYMT7NT,2025-06-30T18:53:07.983067852Z,01JZ12JHAHK6M4WMQGC6QP15QC,2025-06-30T18:53:07.983067852Z,01JZ12QRERFJ7FFNHZ3Y7YAMG6,2025-06-30T18:53:07.983067852Z
01JZ0WW444D6CKH4FWJ8BA1FP9,01JZ0W7WFSG9ZE6FZ5RAYW75P8,2025-06-30T17:06:36.804508195Z,01JZ0W7WH7YZAXNKRFQJVF1GT9,2025-06-30T17:06:36.804508195Z,01JZ0WCF8PYZD69QGMR2NSWSBE,2025-06-30T17:06:36.804508195Z,01JZ0WT8WR8GQQ3B6DQCVGXKD9,2025-06-30T17:06:36.804508195Z
01JZ0WWGP0KJ35YF5KXKG7M0F1,01JZ0W7WFSG9ZE6FZ5RAYW75P8,2025-06-30T17:06:49.664214138Z,01JZ0W7WHE67QMEH4CJKSJPVET,2025-06-30T17:06:49.664214138Z,01JZ0WHB9JPWBV5VN768TMG8B9,2025-06-30T17:06:49.664214138Z,01JZ0WMVE0Z1H51D5G42JWV0DM,2025-06-30T17:06:49.664214138Z
01JZ0YT51F990WWXD92KGY4CSP,01JZ0XP7D84G107KY8Y0T4X5V0,2025-06-30T17:40:29.359592855Z,01JZ0XP7E80XQ8XGY0HAVD3ZJP,2025-06-30T17:40:29.359592855Z,01JZ0Y2S7EWK32R9YKB6R3CWWK,2025-06-30T17:40:29.359592855Z,01JZ0YJ4SBT6RKE5YK9X1823NZ,2025-06-30T17:40:29.359592855Z
01JZ0Z6TXJE1T6ZZHPNZ797RXY,01JZ0YMAZQ8ZJWY43T1GN1DF14,2025-06-30T17:47:24.978527471Z,01JZ0YMB0WF5ZW98DAK0M01JZW,2025-06-30T17:47:24.978527471Z,01JZ0YWTS63X29XZNPFJ5WW9KY,2025-06-30T17:47:24.978527471Z,01JZ0Z6T5B8TNHMV8DMNFWV8J2,2025-06-30T17:47:24.978527471Z
01JZ11Z5S4KRX0T3F2CS3NM7QY,01JZ119YR0X0B5B35KS5ARQA66,2025-06-30T18:35:39.684318721Z,01JZ119YX2JRQ0Y08WK2G2K83K,2025-06-30T18:35:39.684318721Z,01JZ11T6JJ91GCJ0RFDG8MRSAF,2025-06-30T18:35:39.684318721Z,01JZ11X856WWJQWG2MEZC0JYTX,2025-06-30T18:35:39.684318721Z
01JZ0X82HJHCB1ZW4B097VB73Z,01JZ0W7WFSG9ZE6FZ5RAYW75P8,2025-06-30T17:13:08.402567209Z,01JZ0W7WH669S2GHZMF9MZZGM3,2025-06-30T17:13:08.402567209Z,01JZ0X0A7W850J2QY4EQF3P9W1,2025-06-30T17:13:08.402567209Z,01JZ0X0D1EGJJMT4PJT4Z6WRWT,2025-06-30T17:13:08.402567209Z
01JZ0Z7FX7VVJAMTGMXMA54P78,01JZ0YMAZQ8ZJWY43T1GN1DF14,2025-06-30T17:47:46.471385055Z,01JZ0YMB0R63S66YTFBNZZK4BM,2025-06-30T17:47:46.471385055Z,01JZ0YPAGMGS2W3A46GF91A8KB,2025-06-30T17:47:46.471385055Z,01JZ0YZF6N7SXRGHFRD9HTKM5S,2025-06-30T17:47:46.471385055Z
01JZ0ZN4PVV8CZX750X5E8XNG1,01JZ0Z7NVHZYGBR218W1AZTTTX,2025-06-30T17:55:13.755563472Z,01JZ0Z7NWZE2H4FK4XXVVF91VK,2025-06-30T17:55:13.755563472Z,01JZ0ZJGVNV4HZWQH3SHFEPZKV,2025-06-30T17:55:13.755563472Z,01JZ0ZN3W22ZCXAA8HM6TZXMH5,2025-06-30T17:55:13.755563472Z
01JZ12QSYVQM8B8303340S4NV6,01JZ12GR49VSBA1ETNY3NZB6T4,2025-06-30T18:49:06.780008671Z,01JZ12GR6N6DKV4APDKNYMT7NT,2025-06-30T18:49:06.780008671Z,01JZ12Q1G2QKH379N2PJ88VQMB,2025-06-30T18:49:06.780008671Z,01JZ12QRDRPRRDMCK8EKP2D4SZ,2025-06-30T18:49:06.780008671Z
01JZ0WDRH92XMKNPZYBNGB90JY,01JZ0W7WFSG9ZE6FZ5RAYW75P8,2025-06-30T16:58:46.185967075Z,01JZ0W7WH4BMT12JZKEJ46HRED,2025-06-30T16:58:46.185967075Z,01JZ0W9J7SB794Z25G4BTHXQDZ,2025-06-30T16:58:46.185967075Z,01JZ0WDR65GAXVNE43AEA4WGCK,2025-06-30T16:58:46.185967075Z
01JZ0YM0RE6JH6DB8ZTW9SX53X,01JZ0XP7D84G107KY8Y0T4X5V0,2025-06-30T17:37:08.366623297Z,01JZ0XP7E80XQ8XGY0HAVD3ZJP,2025-06-30T17:37:08.366623297Z,01JZ0Y9M6M54F6PRF622D0XAT7,2025-06-30T17:37:08.366623297Z,01JZ0YJ4S89TC45RT8AHQ5ETQB,2025-06-30T17:37:08.366623297Z
01JZ0ZPZKNEFWS7Z7WZ5V20T8T,01JZ0Z7NVHZYGBR218W1AZTTTX,2025-06-30T17:56:14.069634031Z,01JZ0Z7NWZE2H4FK4XXVVF91VK,2025-06-30T17:56:14.069634031Z,01JZ0ZDPKFMFYQGHQARHET8ET7,2025-06-30T17:56:14.069634031Z,01JZ0ZN3WB5FE42VYYRMME52X3,2025-06-30T17:56:14.069634031Z
01JZ11Z5RVYK2ZS1MVNMA2MFKD,01JZ119YR0X0B5B35KS5ARQA66,2025-06-30T18:35:39.675500051Z,01JZ119YX2JRQ0Y08WK2G2K83K,2025-06-30T18:35:39.675500051Z,01JZ11Q0231HKDVSZXKMW9QABB,2025-06-30T18:35:39.675500051Z,01JZ11X856WWJQWG2MEZC0JYTX,2025-06-30T18:35:39.675500051Z
01JZ137PXEV2XVW69YT3V7MBKC,01JZ12TK2B48MQYACM0BX1FJ39,2025-06-30T18:57:47.950318049Z,01JZ12TK4Q16V4FDC51PCA7WDR,2025-06-30T18:57:47.950318049Z,01JZ12Z36WY8B4QBQAQ9725M97,2025-06-30T18:57:47.950318049Z,01JZ137ND2ZNHTTR0ZRDG34Y85,2025-06-30T18:57:47.950318049Z
01JZ0WWTMJEYYN7C3T4VPMBDV4,01JZ0W7WFSG9ZE6FZ5RAYW75P8,2025-06-30T17:06:59.858440713Z,01JZ0W7WHE67QMEH4CJKSJPVET,2025-06-30T17:06:59.858440713Z,01JZ0W9MNX8R5K013QW8Y217QX,2025-06-30T17:06:59.858440713Z,01JZ0WMVE35K5WD19CJF3EQRFY,2025-06-30T17:06:59.858440713Z
01JZ0X2STSKQXXME4S5WFGJEZP,01JZ0W7WFSG9ZE6FZ5RAYW75P8,2025-06-30T17:10:15.642017641Z,01JZ0W7WH953KKVSAQ2B0M9V8S,2025-06-30T17:10:15.642017641Z,01JZ0WDHB8RBCQFFDNJQQPYNN7,2025-06-30T17:10:15.642017641Z,01JZ0WTTEXEEBBE00Q8XX3CJ0X,2025-06-30T17:10:15.642017641Z
01JZ0ZGJTGDRAB7YYNMAYWJY0H,01JZ0Z7NVHZYGBR218W1AZTTTX,2025-06-30T17:52:44.368849035Z,01JZ0Z7NWVZHM50FX7KDE2CZ4K,2025-06-30T17:52:44.368849035Z,01JZ0ZCA4DXYWN181KAGGJKAGM,2025-06-30T17:52:44.368849035Z,01JZ0ZEQ67C9F5HTE4Z5ZKADET,2025-06-30T17:52:44.368849035Z
01JZ0ZNCKT1F2PZFQHMBPR9XS1,01JZ0Z7NVHZYGBR218W1AZTTTX,2025-06-30T17:55:21.850673592Z,01JZ0Z7NWEY0R3MD8J8181F140,2025-06-30T17:55:21.850673592Z,01JZ0ZDDMC7G81EYJHMB7J3H32,2025-06-30T17:55:21.850673592Z,01JZ0ZNAXZF6HQZHP7T6S8SP4R,2025-06-30T17:55:21.850673592Z
01JZ132M8X8CY0GXGWE30HNFZM,01JZ12GR49VSBA1ETNY3NZB6T4,2025-06-30T18:55:01.405129316Z,01JZ12GR778SNDBX9EP3GGZZ51,2025-06-30T18:55:01.405129316Z,01JZ12K3HHD1QQBE701MXDWZ18,2025-06-30T18:55:01.405129316Z,01JZ12TTY27BQ4HDCJPV329SXP,2025-06-30T18:55:01.405129316Z
01JZ13F3SPN0TVCA56TBBE183B,01JZ12TK2B48MQYACM0BX1FJ39,2025-06-30T19:01:50.518904503Z,01JZ12TK4A16DPH6KAMKDY8GHP,2025-06-30T19:01:50.518904503Z,01JZ131Q7H86HXRPNP28S5BX4Z,2025-06-30T19:01:50.518904503Z,01JZ137CNW8D87XK60RYZ616JK,2025-06-30T19:01:50.518904503Z
01JZ10VC4BEBPTSYZ76V3JC64T,01JZ100N2HWY96Q2FTR0F0ZWE8,2025-06-30T18:16:06.53974883Z,01JZ100N4EZ1D1ZSMZ8BGYY8VN,2025-06-30T18:16:06.53974883Z,01JZ104180T0VDBKNH0NERW22V,2025-06-30T18:16:06.53974883Z,01JZ10KP23VD2A36G6JGHTHMMQ,2025-06-30T18:16:06.53974883Z
01JZ11KT3BJM68X0DTAK7RDZSZ,01JZ119YR0X0B5B35KS5ARQA66,2025-06-30T18:29:27.275713278Z,01JZ119YWQTW1CNB5AYNKC679G,2025-06-30T18:29:27.275713278Z,01JZ11BXK08MWSE44GV5N4BET6,2025-06-30T18:29:27.275713278Z,01JZ11HY3M9BTBRH5C7BX1BNEF,2025-06-30T18:29:27.275713278Z
01JZ11YG1EYZFDNEC5QDE06HBQ,01JZ119YR0X0B5B35KS5ARQA66,2025-06-30T18:35:17.422309793Z,01JZ119YW2HKPBQ3HF5AQNWR9Z,2025-06-30T18:35:17.422309793Z,01JZ11GPD2ZWF3D1EP1BKS7EA7,2025-06-30T18:35:17.422309793Z,01JZ11PR8RBQ2PDK7642WYVK0Y,2025-06-30T18:35:17.422309793Z
01JZ124P6WV74CZ72NJRTAPBAE,01JZ119YR0X0B5B35KS5ARQA66,2025-06-30T18:38:40.348623889Z,01JZ119YX2JRQ0Y08WK2G2K83K,2025-06-30T18:38:40.348623889Z,01JZ11FXMRNQNNMJF3636VJFGJ,2025-06-30T18:38:40.348623889Z,01JZ11X84QT4YK2XBE2DR5BVB0,2025-06-30T18:38:40.348623889Z
01JZ124P7M549DQ53RZ546DPRQ,01JZ119YR0X0B5B35KS5ARQA66,2025-06-30T18:38:40.372476791Z,01JZ119YX2JRQ0Y08WK2G2K83K,2025-06-30T18:38:40.372476791Z,01JZ11Q0231HKDVSZXKMW9QABB,2025-06-30T18:38:40.372476791Z,01JZ11X84QT4YK2XBE2DR5BVB0,2025-06-30T18:38:40.372476791Z
01JZ0WQRMW1XWDFE6VAEFBCE2H,01JZ0W7WFSG9ZE6FZ5RAYW75P8,2025-06-30T17:04:13.98076515Z,01JZ0W7WHDGTV3A91VXN46A52G,2025-06-30T17:04:13.98076515Z,01JZ0WET3J4BRRMDT618GNVF6A,2025-06-30T17:04:13.98076515Z,01JZ0WG1NJ7YSDPMF47M86JFSF,2025-06-30T17:04:13.98076515Z
01JZ0WTTYJ6HHWP533NRKNH4XE,01JZ0W7WFSG9ZE6FZ5RAYW75P8,2025-06-30T17:05:54.642101466Z,01JZ0W7WH953KKVSAQ2B0M9V8S,2025-06-30T17:05:54.642101466Z,01JZ0WHVQRWPHMW3H6GCBQRHAT,2025-06-30T17:05:54.642101466Z,01JZ0WTTEFNHZBVNW28GNGKHC8,2025-06-30T17:05:54.642101466Z
01JZ0YQRMB324YEPJV9MH23DA8,01JZ0XP7D84G107KY8Y0T4X5V0,2025-06-30T17:39:11.115823054Z,01JZ0XP7EJVNGB38T0GJJ3YDRG,2025-06-30T17:39:11.115823054Z,01JZ0XSE4SQVR38S7WPS564R5A,2025-06-30T17:39:11.115823054Z,01JZ0YGBR824DC5QQ867N8PWG5,2025-06-30T17:39:11.115823054Z
01JZ0YRCJNGJXEKPACKGNERMYE,01JZ0XP7D84G107KY8Y0T4X5V0,2025-06-30T17:39:31.541560497Z,01JZ0XP7EJVNGB38T0GJJ3YDRG,2025-06-30T17:39:31.541560497Z,01JZ0YEJZ0MS606BWV5CDW083D,2025-06-30T17:39:31.541560497Z,01JZ0YGBQTNPVPMJJ6F77KY2H3,2025-06-30T17:39:31.541560497Z
01JZ0YSE45ZQ7E9WE44HQTYCZ8,01JZ0XP7D84G107KY8Y0T4X5V0,2025-06-30T17:40:05.893767932Z,01JZ0XP7EG8XH2A757Q0XZSTD8,2025-06-30T17:40:05.893767932Z,01JZ0Y0SZ0N9E11ZWKT7DVHFDT,2025-06-30T17:40:05.893767932Z,01JZ0YJ23P67G12KGDYCXRC7HY,2025-06-30T17:40:05.893767932Z
01JZ0Z1BRD10HT0QVGKT2NVRRB,01JZ0YMAZQ8ZJWY43T1GN1DF14,2025-06-30T17:44:25.613151043Z,01JZ0YMB0R63S66YTFBNZZK4BM,2025-06-30T17:44:25.613151043Z,01JZ0YPAGMGS2W3A46GF91A8KB,2025-06-30T17:44:25.613151043Z,01JZ0YZF5NKQADSCNHVDQ7T9AV,2025-06-30T17:44:25.613151043Z
01JZ0ZRABVEHQSGZDR7ZG2XDVH,01JZ0Z7NVHZYGBR218W1AZTTTX,2025-06-30T17:56:57.85156921Z,01JZ0Z7NWQ9CYAGNFMNZVFE8F3,2025-06-30T17:56:57.85156921Z,01JZ0Z2DMXM7C255K3VDCTZ8FV,2025-06-30T17:56:57.85156921Z,01JZ0ZG9YQ1ENH3P7TKPY06E4R,2025-06-30T17:56:57.85156921Z
01JZ11WNKXVCNTPNX8DGT6QBSX,01JZ119YR0X0B5B35KS5ARQA66,2025-06-30T18:34:17.597207752Z,01JZ119YWDV104V646C65RZD3P,2025-06-30T18:34:17.597207752Z,01JZ11BP18KH9CR06TJHH6GM74,2025-06-30T18:34:17.597207752Z,01JZ11MWF30R2DEPE3C0NW7H89,2025-06-30T18:34:17.597207752Z
01JZ12509GHTF49SWH7HJ9T6F7,01JZ119YR0X0B5B35KS5ARQA66,2025-06-30T18:38:50.672886334Z,01JZ119YX2JRQ0Y08WK2G2K83K,2025-06-30T18:38:50.672886334Z,01JZ11Q0231HKDVSZXKMW9QABB,2025-06-30T18:38:50.672886334Z,01JZ11X86YE0T5V4H5YMR2Z3VE,2025-06-30T18:38:50.672886334Z
01JZ1251P778JR2Y7Y0PGBZGWT,01JZ119YR0X0B5B35KS5ARQA66,2025-06-30T18:38:52.104023283Z,01JZ119YY7H6NVYT7RKS2PMWJ6,2025-06-30T18:38:52.104023283Z,01JZ11HSS70BAAPK602YE4TB65,2025-06-30T18:38:52.104023283Z,01JZ11XAG65ZP96FHDKNY70EFY,2025-06-30T18:38:52.104023283Z
01JZ0WTTY68V7PF61BEESMY2CZ,01JZ0W7WFSG9ZE6FZ5RAYW75P8,2025-06-30T17:05:54.630482439Z,01JZ0W7WH953KKVSAQ2B0M9V8S,2025-06-30T17:05:54.630482439Z,01JZ0WAHKMYHZ23HN36ZASZTSG,2025-06-30T17:05:54.630482439Z,01JZ0WTTEFNHZBVNW28GNGKHC8,2025-06-30T17:05:54.630482439Z
01JZ0X3B06WTGDHC5R4WXVYNHT,01JZ0W7WFSG9ZE6FZ5RAYW75P8,2025-06-30T17:10:33.222220247Z,01JZ0W7WHAXBN0H6GS7Q677HGB,2025-06-30T17:10:33.222220247Z,01JZ0WZ7BDCE6VCGGC6HB56EG3,2025-06-30T17:10:33.222220247Z,01JZ0X1FPB8VEV669N0M3P4F3C,2025-06-30T17:10:33.222220247Z
01JZ0YGB8TF87JPZPJ92KZ3E39,01JZ0XP7D84G107KY8Y0T4X5V0,2025-06-30T17:35:08.058539378Z,01JZ0XP7EMN72NB2RFN2ZH81CP,2025-06-30T17:35:08.058539378Z,01JZ0Y3YT51GNJH9V4M2SS9AVC,2025-06-30T17:35:08.058539378Z,01JZ0YGAWK956399B086JVVMY0,2025-06-30T17:35:08.058539378Z
01JZ0ZGJTQMBW914JZ5QRZR068,01JZ0Z7NVHZYGBR218W1AZTTTX,2025-06-30T17:52:44.375548376Z,01JZ0Z7NWVZHM50FX7KDE2CZ4K,2025-06-30T17:52:44.375548376Z,01JZ0ZAQNAD3Q9TSM6MFVP3KH7,2025-06-30T17:52:44.375548376Z,01JZ0ZEQ67C9F5HTE4Z5ZKADET,2025-06-30T17:52:44.375548376Z
01JZ0ZQP8VDNANE95J764B57EP,01JZ0Z7NVHZYGBR218W1AZTTTX,2025-06-30T17:56:37.275988357Z,01JZ0Z7NWQ9CYAGNFMNZVFE8F3,2025-06-30T17:56:37.275988357Z,01JZ0Z2DMXM7C255K3VDCTZ8FV,2025-06-30T17:56:37.275988357Z,01JZ0ZG9YZKMF1X2ZVRXK33NBW,2025-06-30T17:56:37.275988357Z
01JZ0ZWFY5P5HZ7BM9SVPCWE59,01JZ0Z7NVHZYGBR218W1AZTTTX,2025-06-30T17:59:14.629262038Z,01JZ0Z7NWZE2H4FK4XXVVF91VK,2025-06-30T17:59:14.629262038Z,01JZ0ZCVM0CFJKJH2EH6ME4059,2025-06-30T17:59:14.629262038Z,01JZ0ZN3WK9WZTC3G19AKW9721,2025-06-30T17:59:14.629262038Z
01JZ10NC157NQHFEQEAWD99KCV,01JZ100N2HWY96Q2FTR0F0ZWE8,2025-06-30T18:12:49.829609454Z,01JZ100N40PZGZRWRMG9G2S114,2025-06-30T18:12:49.829609454Z,01JZ1041THT8H7EXVVPSNGM30W,2025-06-30T18:12:49.829609454Z,01JZ10DBRJ7Q8DK97HCAG5ZXQX,2025-06-30T18:12:49.829609454Z
01JZ11XF6BWMDP15SNZ8MYETJE,01JZ119YR0X0B5B35KS5ARQA66,2025-06-30T18:34:43.787500125Z,01JZ119YTKRCVRVA7XBM70602J,2025-06-30T18:34:43.787500125Z,01JZ11BYWZKXSHT6TWXJX0BE71,2025-06-30T18:34:43.787500125Z,01JZ11NEA5KZ6NQ3C31ZQD4CDW,2025-06-30T18:34:43.787500125Z
01JZ12PYDSCY2MJS11T1CAP0QV,01JZ125JFJMC1Q6XSKNPVJH08C,2025-06-30T18:48:38.585489337Z,01JZ125JHD5GFGZ2E2T20ACXSR,2025-06-30T18:48:38.585489337Z,01JZ12AZ7PFBE16D13G8YGSAMG,2025-06-30T18:48:38.585489337Z,01JZ12EWZZKRH298JXPNFB7RHB,2025-06-30T18:48:38.585489337Z
01JZ12WS089G73C282EZVMVEWM,01JZ12GR49VSBA1ETNY3NZB6T4,2025-06-30T18:51:49.64077973Z,01JZ12GR778SNDBX9EP3GGZZ51,2025-06-30T18:51:49.64077973Z,01JZ12K3HHD1QQBE701MXDWZ18,2025-06-30T18:51:49.64077973Z,01JZ12TTW98MPEK7P3F2T40R51,2025-06-30T18:51:49.64077973Z
01JZ139HT8J35Q7KFAFNVSMY7E,01JZ12TK2B48MQYACM0BX1FJ39,2025-06-30T18:58:48.264291517Z,01JZ12TK4Q16V4FDC51PCA7WDR,2025-06-30T18:58:48.264291517Z,01JZ131G46MF9GT1J80820Q98T,2025-06-30T18:58:48.264291517Z,01JZ137NDVV7Y7STVEXZWQ60TR,2025-06-30T18:58:48.264291517Z
01JZ0X0DKH59WV2XWSHDF96QGH,01JZ0W7WFSG9ZE6FZ5RAYW75P8,2025-06-30T17:08:57.585460205Z,01JZ0W7WH669S2GHZMF9MZZGM3,2025-06-30T17:08:57.585460205Z,01JZ0WEMF9G6NDAGNXK33EF8QN,2025-06-30T17:08:57.585460205Z,01JZ0X0D1TX7JZAW1W5093THGQ,2025-06-30T17:08:57.585460205Z
01JZ0XEA12XRWM0Z6NHJXW3J0N,01JZ0X7ZMW8Y5D7G0ZVAD2X33D,2025-06-30T17:16:32.674807664Z,01JZ0X7ZNN0GRQQ68EJYGR423Q,2025-06-30T17:16:32.674807664Z,01JZ0X7QQ4PEVNP0R5F93ZWHQC,2025-06-30T17:16:32.674807664Z,01JZ0XCE53NQKKJMPX4DRFNKFF,2025-06-30T17:16:32.674807664Z
01JZ0YKXRN75VXZZ44JST6BSH6,01JZ0XP7D84G107KY8Y0T4X5V0,2025-06-30T17:37:05.301166172Z,01JZ0XP7EG8XH2A757Q0XZSTD8,2025-06-30T17:37:05.301166172Z,01JZ0WZAY9MJRX64HMB036GGYV,2025-06-30T17:37:05.301166172Z,01JZ0YJ23Y4NPAXZGFFEBH0840,2025-06-30T17:37:05.301166172Z
01JZ0ZPQ7ABFWHBJPRTK5MQAPT,01JZ0Z7NVHZYGBR218W1AZTTTX,2025-06-30T17:56:05.482350117Z,01JZ0Z7NWVZHM50FX7KDE2CZ4K,2025-06-30T17:56:05.482350117Z,01JZ0ZAQNAD3Q9TSM6MFVP3KH7,2025-06-30T17:56:05.482350117Z,01JZ0ZEQ64VH0P6MERWF9PB50X,2025-06-30T17:56:05.482350117Z
01JZ0ZQ7JKW6YGSWX4F7TE5MCK,01JZ0Z7NVHZYGBR218W1AZTTTX,2025-06-30T17:56:22.227722323Z,01JZ0Z7NWEY0R3MD8J8181F140,2025-06-30T17:56:22.227722323Z,01JZ0ZJ32JH3S0BBR7ZZG4D13A,2025-06-30T17:56:22.227722323Z,01JZ0ZNAXF0V77TW8GXK197WV3,2025-06-30T17:56:22.227722323Z
01JZ10C8WDF9XSTNQQ6PXPWB9H,01JZ100N2HWY96Q2FTR0F0ZWE8,2025-06-30T18:07:51.693501758Z,01JZ100N4SNNY9PP8QFCF7M9TY,2025-06-30T18:07:51.693501758Z,01JZ109PGT8NP1GATDS6WSNCMS,2025-06-30T18:07:51.693501758Z,01JZ10C7M89GRNAJQYP6PET090,2025-06-30T18:07:51.693501758Z
01JZ10KY6Y02XP6DDR6TRJHEZV,01JZ100N2HWY96Q2FTR0F0ZWE8,2025-06-30T18:12:02.910491786Z,01JZ100N4SNNY9PP8QFCF7M9TY,2025-06-30T18:12:02.910491786Z,01JZ1092JPD1196K4EJEEW8C7Y,2025-06-30T18:12:02.910491786Z,01JZ10C7MWYJNYTGWS886JGMNP,2025-06-30T18:12:02.910491786Z
01JZ11FCFY3XWNCAXT5WR1AVCX,01JZ10P0MMB9VWWBD3QMCFKF4F,2025-06-30T18:27:02.270470959Z,01JZ10P0NQF4P3BB1AAZVYSJMW,2025-06-30T18:27:02.270470959Z,01JZ113RKF9TQ2DGG0881HHX2H,2025-06-30T18:27:02.270470959Z,01JZ117N3JKTJ68VDPRBZ9PPYR,2025-06-30T18:27:02.270470959Z
01JZ11Z5SDGGYGQ3CR4WRQ5HR0,01JZ119YR0X0B5B35KS5ARQA66,2025-06-30T18:35:39.693964905Z,01JZ119YX2JRQ0Y08WK2G2K83K,2025-06-30T18:35:39.693964905Z,01JZ11FXMRNQNNMJF3636VJFGJ,2025-06-30T18:35:39.693964905Z,01JZ11X856WWJQWG2MEZC0JYTX,2025-06-30T18:35:39.693964905Z
01JZ124QJMJ4K3DYHJ73HF0JCH,01JZ119YR0X0B5B35KS5ARQA66,2025-06-30T18:38:41.748507703Z,01JZ119YY7H6NVYT7RKS2PMWJ6,2025-06-30T18:38:41.748507703Z,01JZ11TS68TXJXNMMWW98GYM0E,2025-06-30T18:38:41.748507703Z,01JZ11XAGJ3G0TNZW5E9JT4RWJ,2025-06-30T18:38:41.748507703Z
01JZ0WMJQ70WE2VVHJSSD9W4VB,01JZ0W7WFSG9ZE6FZ5RAYW75P8,2025-06-30T17:02:29.607256399Z,01JZ0W7WHAXBN0H6GS7ZCJVTX8,2025-06-30T17:02:29.607256399Z,01JZ0WH9YNF3ECN4CRXVD7B211,2025-06-30T17:02:29.607256399Z,01JZ0WJQAGDGV9E3R30526KBPY,2025-06-30T17:02:29.607256399Z
01JZ0WTCY5WBWTYK1095JE67A3,01JZ0W7WFSG9ZE6FZ5RAYW75P8,2025-06-30T17:05:40.293846864Z,01JZ0W7WHAXBN0H6GS7ZCJVTX8,2025-06-30T17:05:40.293846864Z,01JZ0WA02FW6MBJBPMA4NG8C7G,2025-06-30T17:05:40.293846864Z,01JZ0WJQABN7TSDEXVBPTHGDXH,2025-06-30T17:05:40.293846864Z
01JZ0X1M7KPXGEJC4GM4Y8SFAD,01JZ0W7WFSG9ZE6FZ5RAYW75P8,2025-06-30T17:09:37.139338436Z,01JZ0W7WH7YZAXNKRFQJVF1GT9,2025-06-30T17:09:37.139338436Z,01JZ0WR5YDFN064C4MMFP8T3KJ,2025-06-30T17:09:37.139338436Z,01JZ0WT8WYY70EMKY3D95FZ75M,2025-06-30T17:09:37.139338436Z
01JZ0X1M7PW1AKB8PWFMHAG1ER,01JZ0W7WFSG9ZE6FZ5RAYW75P8,2025-06-30T17:09:37.142539665Z,01JZ0W7WH7YZAXNKRFQJVF1GT9,2025-06-30T17:09:37.142539665Z,01JZ0W9YB6A3M163NJ5JYVES75,2025-06-30T17:09:37.142539665Z,01JZ0WT8WYY70EMKY3D95FZ75M,2025-06-30T17:09:37.142539665Z
01JZ12TXYZT6NJT22ZD5PAGP7Y,01JZ12GR49VSBA1ETNY3NZB6T4,2025-06-30T18:50:49.183595448Z,01JZ12GR778SNDBX9EP3GGZZ51,2025-06-30T18:50:49.183595448Z,01JZ12RBR20YH5T4R3MECTGR5T,2025-06-30T18:50:49.183595448Z,01JZ12TTVA87MGKQWWKK4ZMA23,2025-06-30T18:50:49.183595448Z
01JZ0X282S51PJ62K8Q7318V5G,01JZ0W7WFSG9ZE6FZ5RAYW75P8,2025-06-30T17:09:57.465592643Z,01JZ0W7WH7YZAXNKRFQJVF1GT9,2025-06-30T17:09:57.465592643Z,01JZ0WR5YDFN064C4MMFP8T3KJ,2025-06-30T17:09:57.465592643Z,01JZ0WT8X2FE19GE71SPJ9KNTF,2025-06-30T17:09:57.465592643Z
01JZ0XB0RHQ5GXPXR0DRPP77Q3,01JZ0X13W9RT32E263JAYJS0WA,2025-06-30T17:14:44.881347841Z,01JZ0X13WYYJA1PBKDVESDJZK9,2025-06-30T17:14:44.881347841Z,01JZ0X6RZY3WRH8ZKD1XEMZNPX,2025-06-30T17:14:44.881347841Z,01JZ0X94VXSF20ZNGDV0F0BJJC,2025-06-30T17:14:44.881347841Z
01JZ0XM4PXV573SNQEGFTDGVKS,01JZ0X7ZMW8Y5D7G0ZVAD2X33D,2025-06-30T17:19:43.837137666Z,01JZ0X7ZNN0GRQQ68EJYGR423Q,2025-06-30T17:19:43.837137666Z,01JZ0X7QQ4PEVNP0R5F93ZWHQC,2025-06-30T17:19:43.837137666Z,01JZ0XCE4VW3TJ5TZKQXXFJFDB,2025-06-30T17:19:43.837137666Z
01JZ0YRAPFTCZZ34SBT8JJ0A3A,01JZ0XP7D84G107KY8Y0T4X5V0,2025-06-30T17:39:29.615859607Z,01JZ0XP7EMN72NB2RFN2ZH81CP,2025-06-30T17:39:29.615859607Z,01JZ0Y6PQ8C2TDTX52Z72CYDBY,2025-06-30T17:39:29.615859607Z,01JZ0YGAWV38VXQGG2BT4ZQEM9,2025-06-30T17:39:29.615859607Z
01JZ0YSV38DTHBM8MGSWBC2SV2,01JZ0XP7D84G107KY8Y0T4X5V0,2025-06-30T17:40:19.176286278Z,01JZ0XP7E80XQ8XGY0HAVD3ZJP,2025-06-30T17:40:19.176286278Z,01JZ0Y2S7EWK32R9YKB6R3CWWK,2025-06-30T17:40:19.176286278Z,01JZ0YJ4SDM85QQQ56RPHQQAPR,2025-06-30T17:40:19.176286278Z
01JZ119J0A533H771QVNWQ1AYC,01JZ10P0MMB9VWWBD3QMCFKF4F,2025-06-30T18:23:51.306113386Z,01JZ10P0NQF4P3BB1AAZVYSJMW,2025-06-30T18:23:51.306113386Z,01JZ10XHKF3R8HEHPW0E4PJTRF,2025-06-30T18:23:51.306113386Z,01JZ117N2TGV3ZG2F0D8H72DDX,2025-06-30T18:23:51.306113386Z
01JZ13F267J8Z4VZZYHHBDK3K8,01JZ12TK2B48MQYACM0BX1FJ39,2025-06-30T19:01:48.871555175Z,01JZ12TK4Q16V4FDC51PCA7WDR,2025-06-30T19:01:48.871555175Z,01JZ133XKZKQBE9HYYKKDQAD06,2025-06-30T19:01:48.871555175Z,01JZ137NF14MC9JA816XJ2PAWQ,2025-06-30T19:01:48.871555175Z
01JZ0WNDC58ZJZTZDSNZ9QZ8W2,01JZ0W7WFSG9ZE6FZ5RAYW75P8,2025-06-30T17:02:56.901427539Z,01JZ0W7WH4BMT12JZKEJ46HRED,2025-06-30T17:02:56.901427539Z,01JZ0WAB87JJZ65XTQ86875XYE,2025-06-30T17:02:56.901427539Z,01JZ0WDR6ANASPSKJ9F9M8CXCT,2025-06-30T17:02:56.901427539Z
01JZ0YR0QT6TS20553B2A2YGSD,01JZ0XP7D84G107KY8Y0T4X5V0,2025-06-30T17:39:19.418447125Z,01JZ0XP7EMN72NB2RFN2ZH81CP,2025-06-30T17:39:19.418447125Z,01JZ0Y3YT51GNJH9V4M2SS9AVC,2025-06-30T17:39:19.418447125Z,01JZ0YGAX0FRQFF2SE01KCC2KT,2025-06-30T17:39:19.418447125Z
01JZ10V00WA291VBTFSPFD1FCC,01JZ100N2HWY96Q2FTR0F0ZWE8,2025-06-30T18:15:54.140716126Z,01JZ100N4KMAHXYJQHY2912PJS,2025-06-30T18:15:54.140716126Z,01JZ10SPWFT6C4P571D24QBAAF,2025-06-30T18:15:54.140716126Z,01JZ10TYWPF2TZHNA9CJQ295HE,2025-06-30T18:15:54.140716126Z
01JZ13ESHFKFZEY34BF57M5NCQ,01JZ12TK2B48MQYACM0BX1FJ39,2025-06-30T19:01:40.015731971Z,01JZ12TK4A16DPH6KAMKDY8GHP,2025-06-30T19:01:40.015731971Z,01JZ131Q7H86HXRPNP28S5BX4Z,2025-06-30T19:01:40.015731971Z,01JZ137CNGT1NATJJ722FQF06V,2025-06-30T19:01:40.015731971Z
01JZ0WG2AA5H1R5YYRJ37TKQM7,01JZ0W7WFSG9ZE6FZ5RAYW75P8,2025-06-30T17:00:01.738905644Z,01JZ0W7WHDGTV3A91VXN46A52G,2025-06-30T17:00:01.738905644Z,01JZ0WET3J4BRRMDT618GNVF6A,2025-06-30T17:00:01.738905644Z,01JZ0WG1N9BNQ5EF5K31ZP8W16,2025-06-30T17:00:01.738905644Z
01JZ0WN3EBZM2PWDQ713R6B0C2,01JZ0W7WFSG9ZE6FZ5RAYW75P8,2025-06-30T17:02:46.732042666Z,01JZ0W7WH4BMT12JZKEJ46HRED,2025-06-30T17:02:46.732042666Z,01JZ0WAAZYC4MWADQ1W4JHZEKE,2025-06-30T17:02:46.732042666Z,01JZ0WDR6MCTHHDKMX7YEF98AR,2025-06-30T17:02:46.732042666Z
01JZ0YJ5GQ8APQK1SV27W45M1S,01JZ0XP7D84G107KY8Y0T4X5V0,2025-06-30T17:36:07.703918151Z,01JZ0XP7E80XQ8XGY0HAVD3ZJP,2025-06-30T17:36:07.703918151Z,01JZ0Y2S7EWK32R9YKB6R3CWWK,2025-06-30T17:36:07.703918151Z,01JZ0YJ4S3HREA83Z1G5QWSHJY,2025-06-30T17:36:07.703918151Z
01JZ0YR2MCFT1Z8J9KJM9V638N,01JZ0XP7D84G107KY8Y0T4X5V0,2025-06-30T17:39:21.356360791Z,01JZ0XP7EJVNGB38T0GJJ3YDRG,2025-06-30T17:39:21.356360791Z,01JZ0XSE4SQVR38S7WPS564R5A,2025-06-30T17:39:21.356360791Z,01JZ0YGBR3N1C7HWBE3MCVGM7H,2025-06-30T17:39:21.356360791Z
01JZ0YSE3N2NKHNTG9G7WGHKA3,01JZ0XP7D84G107KY8Y0T4X5V0,2025-06-30T17:40:05.878004428Z,01JZ0XP7EG8XH2A757Q0XZSTD8,2025-06-30T17:40:05.878004428Z,01JZ0XRVC2V3ECMA17JWJRPAYF,2025-06-30T17:40:05.878004428Z,01JZ0YJ23P67G12KGDYCXRC7HY,2025-06-30T17:40:05.878004428Z
01JZ0Z7FXFKJJEGH3DDMJ17VZS,01JZ0YMAZQ8ZJWY43T1GN1DF14,2025-06-30T17:47:46.479978663Z,01JZ0YMB0R63S66YTFBNZZK4BM,2025-06-30T17:47:46.479978663Z,01JZ0YTPXXNDEF6X5DGJT83XQ2,2025-06-30T17:47:46.479978663Z,01JZ0YZF6N7SXRGHFRD9HTKM5S,2025-06-30T17:47:46.479978663Z
01JZ10M89X3PR74RF0TV7V8XBM,01JZ100N2HWY96Q2FTR0F0ZWE8,2025-06-30T18:12:13.246032891Z,01JZ100N4SNNY9PP8QFCF7M9TY,2025-06-30T18:12:13.246032891Z,01JZ10BA4D4XWBNYV7XSZB19G9,2025-06-30T18:12:13.246032891Z,01JZ10C7P781CD1JWXA8PMMF8B,2025-06-30T18:12:13.246032891Z
01JZ10V2381HD86JPM9SB3E2GV,01JZ100N2HWY96Q2FTR0F0ZWE8,2025-06-30T18:15:56.264729975Z,01JZ100N4EZ1D1ZSMZ8BGYY8VN,2025-06-30T18:15:56.264729975Z,01JZ10JPEDAYGCXJFQDZB9T0EF,2025-06-30T18:15:56.264729975Z,01JZ10KP1Q82VDRFTGBXZQAHX0,2025-06-30T18:15:56.264729975Z
01JZ137E2J3E5F59QQFZFHPAMN,01JZ12TK2B48MQYACM0BX1FJ39,2025-06-30T18:57:38.898463584Z,01JZ12TK4A16DPH6KAMKDY8GHP,2025-06-30T18:57:38.898463584Z,01JZ12KB6XB4QKN33ZRRP43KPC,2025-06-30T18:57:38.898463584Z,01JZ137CMJGXVV6WEC8D59QGTY,2025-06-30T18:57:38.898463584Z
01JZ0XGTSBTEB84STSX04BDMDY,01JZ0X13W9RT32E263JAYJS0WA,2025-06-30T17:17:55.371808109Z,01JZ0X13WYYJA1PBKDVESDJZK9,2025-06-30T17:17:55.371808109Z,01JZ0X6RZY3WRH8ZKD1XEMZNPX,2025-06-30T17:17:55.371808109Z,01JZ0X94VRW1B5KTMFDGGM3WQ1,2025-06-30T17:17:55.371808109Z
01JZ0ZPQ7FS6AF5YH0SSNV69Y2,01JZ0Z7NVHZYGBR218W1AZTTTX,2025-06-30T17:56:05.487897575Z,01JZ0Z7NWVZHM50FX7KDE2CZ4K,2025-06-30T17:56:05.487897575Z,01JZ0ZAGM72PT49TD18YS8NKEM,2025-06-30T17:56:05.487897575Z,01JZ0ZEQ64VH0P6MERWF9PB50X,2025-06-30T17:56:05.487897575Z
01JZ0ZPZKAGC3K8XQR13ZFY5TZ,01JZ0Z7NVHZYGBR218W1AZTTTX,2025-06-30T17:56:14.058394982Z,01JZ0Z7NWZE2H4FK4XXVVF91VK,2025-06-30T17:56:14.058394982Z,01JZ0ZJGVNV4HZWQH3SHFEPZKV,2025-06-30T17:56:14.058394982Z,01JZ0ZN3WB5FE42VYYRMME52X3,2025-06-30T17:56:14.058394982Z
01JZ0ZX4219VJFVNHZVSCWERCM,01JZ0Z7NVHZYGBR218W1AZTTTX,2025-06-30T17:59:35.233386604Z,01JZ0Z7NWZE2H4FK4XXVVF91VK,2025-06-30T17:59:35.233386604Z,01JZ0ZCVM0CFJKJH2EH6ME4059,2025-06-30T17:59:35.233386604Z,01JZ0ZN3X1H6GCGMDNW779BFF9,2025-06-30T17:59:35.233386604Z
01JZ10MQWFBSADX9TB42B4RDSR,01JZ100N2HWY96Q2FTR0F0ZWE8,2025-06-30T18:12:29.199596114Z,01JZ100N40PZGZRWRMG9G2S114,2025-06-30T18:12:29.199596114Z,01JZ10AXVMES632P24R1SRWC3P,2025-06-30T18:12:29.199596114Z,01JZ10DBRS6JXFXDQCGQSX4K9P,2025-06-30T18:12:29.199596114Z
01JZ11XF6KK7SEPECJQSF559X4,01JZ119YR0X0B5B35KS5ARQA66,2025-06-30T18:34:43.795895903Z,01JZ119YTKRCVRVA7XBM70602J,2025-06-30T18:34:43.795895903Z,01JZ11HGCKCTMRT54WJ26DZBKJ,2025-06-30T18:34:43.795895903Z,01JZ11NEA5KZ6NQ3C31ZQD4CDW,2025-06-30T18:34:43.795895903Z
01JZ12PM8DJYCGY96ZTMSC8E1D,01JZ125JFJMC1Q6XSKNPVJH08C,2025-06-30T18:48:28.173312341Z,01JZ125JHD5GFGZ2E2T20ACXSR,2025-06-30T18:48:28.173312341Z,01JZ12AZ7PFBE16D13G8YGSAMG,2025-06-30T18:48:28.173312341Z,01JZ12EWYRQ5S00ZTP02VK1S26,2025-06-30T18:48:28.173312341Z
01JZ13ESGBC5WBQNY38BKXC0S5,01JZ12TK2B48MQYACM0BX1FJ39,2025-06-30T19:01:39.979368844Z,01JZ12TK4A16DPH6KAMKDY8GHP,2025-06-30T19:01:39.979368844Z,01JZ12KB6XB4QKN33ZRRP43KPC,2025-06-30T19:01:39.979368844Z,01JZ137CNGT1NATJJ722FQF06V,2025-06-30T19:01:39.979368844Z
01JZ13FPF448V4TS6DW6ZA0GFM,01JZ12TK2B48MQYACM0BX1FJ39,2025-06-30T19:02:09.636803169Z,01JZ12TK4Q16V4FDC51PCA7WDR,2025-06-30T19:02:09.636803169Z,01JZ131G46MF9GT1J80820Q98T,2025-06-30T19:02:09.636803169Z,01JZ137NFWPT5DBTC9G909E8ZQ,2025-06-30T19:02:09.636803169Z
01JZ0WDRH6JAKZBHEDF28BFX64,01JZ0W7WFSG9ZE6FZ5RAYW75P8,2025-06-30T16:58:46.182945288Z,01JZ0W7WH4BMT12JZKEJ46HRED,2025-06-30T16:58:46.182945288Z,01JZ0WB3WGQSNZHFNZ1PEPZMFA,2025-06-30T16:58:46.182945288Z,01JZ0WDR65GAXVNE43AEA4WGCK,2025-06-30T16:58:46.182945288Z
01JZ0X1G7E6CSAVW9D90VMK2C8,01JZ0W7WFSG9ZE6FZ5RAYW75P8,2025-06-30T17:09:33.038326838Z,01JZ0W7WHAXBN0H6GS7Q677HGB,2025-06-30T17:09:33.038326838Z,01JZ0WZ7BDCE6VCGGC6HB56EG3,2025-06-30T17:09:33.038326838Z,01JZ0X1FP22MSK5DRFKPK2ATM0,2025-06-30T17:09:33.038326838Z
01JZ0XH4QFPKKEJGNT9Q4KDZXN,01JZ0X13W9RT32E263JAYJS0WA,2025-06-30T17:18:05.551460227Z,01JZ0X13WYYJA1PBKDVESDJZK9,2025-06-30T17:18:05.551460227Z,01JZ0X2WGRDWEV7PFCY3E6J5CV,2025-06-30T17:18:05.551460227Z,01JZ0X94WB76H8GZ1J3E0APZ5N,2025-06-30T17:18:05.551460227Z
01JZ0YM0RX45VYNX9FH2K4F829,01JZ0XP7D84G107KY8Y0T4X5V0,2025-06-30T17:37:08.38190894Z,01JZ0XP7E80XQ8XGY0HAVD3ZJP,2025-06-30T17:37:08.38190894Z,01JZ0XWJYRFVEKYXHW4V19QPP6,2025-06-30T17:37:08.38190894Z,01JZ0YJ4S89TC45RT8AHQ5ETQB,2025-06-30T17:37:08.38190894Z
01JZ0ZXBWHF69NC465GT021G63,01JZ0Z7NVHZYGBR218W1AZTTTX,2025-06-30T17:59:43.249728813Z,01JZ0Z7NWEY0R3MD8J8181F140,2025-06-30T17:59:43.249728813Z,01JZ0ZJ32JH3S0BBR7ZZG4D13A,2025-06-30T17:59:43.249728813Z,01JZ0ZNAZAQ8WVTCAR9YAP1EXG,2025-06-30T17:59:43.249728813Z
01JZ11F2DGSAKB1SPQTCS0ZCMB,01JZ10P0MMB9VWWBD3QMCFKF4F,2025-06-30T18:26:51.952359636Z,01JZ10P0NQF4P3BB1AAZVYSJMW,2025-06-30T18:26:51.952359636Z,01JZ10XHKF3R8HEHPW0E4PJTRF,2025-06-30T18:26:51.952359636Z,01JZ117N3566FXQWPSFS4TMJZG,2025-06-30T18:26:51.952359636Z
01JZ124P7AX4SABTP5RQEA5HYV,01JZ119YR0X0B5B35KS5ARQA66,2025-06-30T18:38:40.362069808Z,01JZ119YX2JRQ0Y08WK2G2K83K,2025-06-30T18:38:40.362069808Z,01JZ11T6JJ91GCJ0RFDG8MRSAF,2025-06-30T18:38:40.362069808Z,01JZ11X84QT4YK2XBE2DR5BVB0,2025-06-30T18:38:40.362069808Z
01JZ132Z0NBPMY2GMXES0S2KH2,01JZ12GR49VSBA1ETNY3NZB6T4,2025-06-30T18:55:12.40510893Z,01JZ12GR778SNDBX9EP3GGZZ51,2025-06-30T18:55:12.40510893Z,01JZ12JPCE2ZA0S6XXV2KMX9ZV,2025-06-30T18:55:12.40510893Z,01JZ12TV0XDP3Z0XB405CBZ7R7,2025-06-30T18:55:12.40510893Z
01JZ0X7RGDWJBYHSXD9SSJ04XH,01JZ0W7WFSG9ZE6FZ5RAYW75P8,2025-06-30T17:12:58.125599226Z,01JZ0W7WH669S2GHZMF9MZZGM3,2025-06-30T17:12:58.125599226Z,01JZ0WEMF9G6NDAGNXK33EF8QN,2025-06-30T17:12:58.125599226Z,01JZ0X0D26E7S9F8PCXYCC97ZQ,2025-06-30T17:12:58.125599226Z
01JZ10WTWJS26SE5WEH765CFF8,01JZ100N2HWY96Q2FTR0F0ZWE8,2025-06-30T18:16:54.418079303Z,01JZ100N4KMAHXYJQHY2912PJS,2025-06-30T18:16:54.418079303Z,01JZ10SPWFT6C4P571D24QBAAF,2025-06-30T18:16:54.418079303Z,01JZ10TYXRYYKGY8CZ25WDAB29,2025-06-30T18:16:54.418079303Z
01JZ13990EDGTFDZ9GPG3EFXV0,01JZ12TK2B48MQYACM0BX1FJ39,2025-06-30T18:58:39.246113589Z,01JZ12TK4A16DPH6KAMKDY8GHP,2025-06-30T18:58:39.246113589Z,01JZ131Q7H86HXRPNP28S5BX4Z,2025-06-30T18:58:39.246113589Z,01JZ137CN475F89C8K3MM1GJRS,2025-06-30T18:58:39.246113589Z
01JZ0WG2A6EPAYQJ46F4JPMB1S,01JZ0W7WFSG9ZE6FZ5RAYW75P8,2025-06-30T17:00:01.734514478Z,01JZ0W7WHDGTV3A91VXN46A52G,2025-06-30T17:00:01.734514478Z,01JZ0WA4AHK3PPVW2TTV3AGCJ0,2025-06-30T17:00:01.734514478Z,01JZ0WG1N9BNQ5EF5K31ZP8W16,2025-06-30T17:00:01.734514478Z
01JZ0X95X5NWC8T16RNKSHBGX1,01JZ0X13W9RT32E263JAYJS0WA,2025-06-30T17:13:44.6137618Z,01JZ0X13WYYJA1PBKDVESDJZK9,2025-06-30T17:13:44.6137618Z,01JZ0X2WGRDWEV7PFCY3E6J5CV,2025-06-30T17:13:44.6137618Z,01JZ0X94VE3PZPY8EGV4P326H1,2025-06-30T17:13:44.6137618Z
01JZ0YJ87CXJ6MKJE1XAQDJS0K,01JZ0XP7D84G107KY8Y0T4X5V0,2025-06-30T17:36:10.476860748Z,01JZ0XP7EJVNGB38T0GJJ3YDRG,2025-06-30T17:36:10.476860748Z,01JZ0XR61TKMAAZNSVS4MPGBV3,2025-06-30T17:36:10.476860748Z,01JZ0YGBRBSNY5AD60TW5622DY,2025-06-30T17:36:10.476860748Z
01JZ0YT51C8HF4PAQESF6JKW7T,01JZ0XP7D84G107KY8Y0T4X5V0,2025-06-30T17:40:29.356389151Z,01JZ0XP7E80XQ8XGY0HAVD3ZJP,2025-06-30T17:40:29.356389151Z,01JZ0Y9M6M54F6PRF622D0XAT7,2025-06-30T17:40:29.356389151Z,01JZ0YJ4SBT6RKE5YK9X1823NZ,2025-06-30T17:40:29.356389151Z
01JZ0YTXVC2CSJ6M6X16WY9A32,01JZ0XP7D84G107KY8Y0T4X5V0,2025-06-30T17:40:54.764921462Z,01JZ0XP7EQ68N8E1T1SAYQ3MY0,2025-06-30T17:40:54.764921462Z,01JZ0XZGPDAT03QJDBZ8FWCY64,2025-06-30T17:40:54.764921462Z,01JZ0YK8EE52K8MZ9DF53S17N0,2025-06-30T17:40:54.764921462Z
01JZ11WBJHYB9FWDQ91DDTZG7Q,01JZ119YR0X0B5B35KS5ARQA66,2025-06-30T18:34:07.313364553Z,01JZ119YWDV104V646C65RZD3P,2025-06-30T18:34:07.313364553Z,01JZ11ED2SWDZ0R9T04B92FSJZ,2025-06-30T18:34:07.313364553Z,01JZ11MWFJH17V2JF3JPS2W0X5,2025-06-30T18:34:07.313364553Z
01JZ11XA6AK39RF5038R0CT679,01JZ119YR0X0B5B35KS5ARQA66,2025-06-30T18:34:38.666759444Z,01JZ119YX2JRQ0Y08WK2G2K83K,2025-06-30T18:34:38.666759444Z,01JZ11FXMRNQNNMJF3636VJFGJ,2025-06-30T18:34:38.666759444Z,01JZ11X848V82GFXB2KBNW0PGK,2025-06-30T18:34:38.666759444Z
01JZ11XA86V7YAM6XHD5G8VXXV,01JZ119YR0X0B5B35KS5ARQA66,2025-06-30T18:34:38.726814686Z,01JZ119YX2JRQ0Y08WK2G2K83K,2025-06-30T18:34:38.726814686Z,01JZ11Q0231HKDVSZXKMW9QABB,2025-06-30T18:34:38.726814686Z,01JZ11X848V82GFXB2KBNW0PGK,2025-06-30T18:34:38.726814686Z
01JZ11Z5SP3AW1GQV0V38YBEP9,01JZ119YR0X0B5B35KS5ARQA66,2025-06-30T18:35:39.702647147Z,01JZ119YX2JRQ0Y08WK2G2K83K,2025-06-30T18:35:39.702647147Z,01JZ11X3WRWNN35NZNT7FAT64A,2025-06-30T18:35:39.702647147Z,01JZ11X856WWJQWG2MEZC0JYTX,2025-06-30T18:35:39.702647147Z
01JZ139904HTCKN9Z7N34BSPCR,01JZ12TK2B48MQYACM0BX1FJ39,2025-06-30T18:58:39.236736268Z,01JZ12TK4A16DPH6KAMKDY8GHP,2025-06-30T18:58:39.236736268Z,01JZ134XXSYB7MDVYZCM82AH6P,2025-06-30T18:58:39.236736268Z,01JZ137CN475F89C8K3MM1GJRS,2025-06-30T18:58:39.236736268Z
01JZ0X0DKSDCTZMYY3QHDNSNNX,01JZ0W7WFSG9ZE6FZ5RAYW75P8,2025-06-30T17:08:57.59311631Z,01JZ0W7WH669S2GHZMF9MZZGM3,2025-06-30T17:08:57.59311631Z,01JZ0WHH62CWG8X5EQDM9AT4MS,2025-06-30T17:08:57.59311631Z,01JZ0X0D1TX7JZAW1W5093THGQ,2025-06-30T17:08:57.59311631Z
01JZ0XMEPCPVCDX9NYD92BV1K0,01JZ0X7ZMW8Y5D7G0ZVAD2X33D,2025-06-30T17:19:54.060847049Z,01JZ0X7ZNN0GRQQ68EJYGR423Q,2025-06-30T17:19:54.060847049Z,01JZ0X62A2JP7CETA0N4WE5M8N,2025-06-30T17:19:54.060847049Z,01JZ0XCE4YQGW344D431VHMCER,2025-06-30T17:19:54.060847049Z
01JZ0ZJ5Y5TX8KKV8D93F054VM,01JZ0Z7NVHZYGBR218W1AZTTTX,2025-06-30T17:53:36.709413548Z,01JZ0Z7NWQ9CYAGNFMNZVFE8F3,2025-06-30T17:53:36.709413548Z,01JZ0Z2DMXM7C255K3VDCTZ8FV,2025-06-30T17:53:36.709413548Z,01JZ0ZG9YFNZT58VRWXG3QT5BQ,2025-06-30T17:53:36.709413548Z
01JZ0ZX427GPVZKTHCH0855H50,01JZ0Z7NVHZYGBR218W1AZTTTX,2025-06-30T17:59:35.239726593Z,01JZ0Z7NWZE2H4FK4XXVVF91VK,2025-06-30T17:59:35.239726593Z,01JZ0ZJGVNV4HZWQH3SHFEPZKV,2025-06-30T17:59:35.239726593Z,01JZ0ZN3X1H6GCGMDNW779BFF9,2025-06-30T17:59:35.239726593Z
01JZ10E3RC8AMMEXKSCN7BERTF,01JZ100N2HWY96Q2FTR0F0ZWE8,2025-06-30T18:08:51.980170385Z,01JZ100N4SNNY9PP8QFCF7M9TY,2025-06-30T18:08:51.980170385Z,01JZ1092JPD1196K4EJEEW8C7Y,2025-06-30T18:08:51.980170385Z,01JZ10C7NVD4WCQHGDZJSD64MZ,2025-06-30T18:08:51.980170385Z
01JZ10WTWC136TV6ESHNQ7RF82,01JZ100N2HWY96Q2FTR0F0ZWE8,2025-06-30T18:16:54.413028003Z,01JZ100N4KMAHXYJQHY2912PJS,2025-06-30T18:16:54.413028003Z,01JZ107NDERNQQESZWJ5GXV4Z1,2025-06-30T18:16:54.413028003Z,01JZ10TYXRYYKGY8CZ25WDAB29,2025-06-30T18:16:54.413028003Z
01JZ1251Q3DGRZVB93AQ0VHMYC,01JZ119YR0X0B5B35KS5ARQA66,2025-06-30T18:38:52.131674069Z,01JZ119YY7H6NVYT7RKS2PMWJ6,2025-06-30T18:38:52.131674069Z,01JZ11K74VSRS1CB1GS21B7P4N,2025-06-30T18:38:52.131674069Z,01JZ11XAG65ZP96FHDKNY70EFY,2025-06-30T18:38:52.131674069Z
01JZ12ZT02EVZ67N8MBS16WFQS,01JZ12GR49VSBA1ETNY3NZB6T4,2025-06-30T18:53:28.962097796Z,01JZ12GR6N6DKV4APDKNYMT7NT,2025-06-30T18:53:28.962097796Z,01JZ12KRQGG4P0VQYSQXKFBMEM,2025-06-30T18:53:28.962097796Z,01JZ12QRFXR9PP6TVRTMETQ9J1,2025-06-30T18:53:28.962097796Z
01JZ0X1M7H9XB8538HZQ9N8ZR5,01JZ0W7WFSG9ZE6FZ5RAYW75P8,2025-06-30T17:09:37.137815419Z,01JZ0W7WH7YZAXNKRFQJVF1GT9,2025-06-30T17:09:37.137815419Z,01JZ0WD8K81ED22Q3AW64X5FK3,2025-06-30T17:09:37.137815419Z,01JZ0WT8WYY70EMKY3D95FZ75M,2025-06-30T17:09:37.137815419Z
01JZ0X1Y5Z1X1Q296TXDSFEMER,01JZ0W7WFSG9ZE6FZ5RAYW75P8,2025-06-30T17:09:47.327925689Z,01JZ0W7WH7YZAXNKRFQJVF1GT9,2025-06-30T17:09:47.327925689Z,01JZ0WR5YDFN064C4MMFP8T3KJ,2025-06-30T17:09:47.327925689Z,01JZ0WT8X1BAH4HYY6JBG8FFN3,2025-06-30T17:09:47.327925689Z
01JZ0YQRM1QXGW7GH4JF2A2D81,01JZ0XP7D84G107KY8Y0T4X5V0,2025-06-30T17:39:11.105954775Z,01JZ0XP7EJVNGB38T0GJJ3YDRG,2025-06-30T17:39:11.105954775Z,01JZ0YEJZ0MS606BWV5CDW083D,2025-06-30T17:39:11.105954775Z,01JZ0YGBR824DC5QQ867N8PWG5,2025-06-30T17:39:11.105954775Z
01JZ0YTKW9DGCDD9M4NHEP1VZ7,01JZ0XP7D84G107KY8Y0T4X5V0,2025-06-30T17:40:44.553347399Z,01JZ0XP7EQ68N8E1T1SAYQ3MY0,2025-06-30T17:40:44.553347399Z,01JZ0Y986C6V9HHQ0J9W9YBS48,2025-06-30T17:40:44.553347399Z,01JZ0YK8EAX4M5FSBD0B5EMBY7,2025-06-30T17:40:44.553347399Z
01JZ112B9YMC9PF0KXM0H9KNVT,01JZ100N2HWY96Q2FTR0F0ZWE8,2025-06-30T18:19:55.070687835Z,01JZ100N4KMAHXYJQHY2912PJS,2025-06-30T18:19:55.070687835Z,01JZ10J3PQE4B6BSPPJM12TS9H,2025-06-30T18:19:55.070687835Z,01JZ10TYWBNZW3MQW7A0PZ4SDJ,2025-06-30T18:19:55.070687835Z
01JZ0WQEQ2E5NYKG5GSYJFJC91,01JZ0W7WFSG9ZE6FZ5RAYW75P8,2025-06-30T17:04:03.811434188Z,01JZ0W7WHDGTV3A91VXN46A52G,2025-06-30T17:04:03.811434188Z,01JZ0WB00A4BPSJ7Z3QGY3QN6N,2025-06-30T17:04:03.811434188Z,01JZ0WG1NKKS39QP1N931C8X0H,2025-06-30T17:04:03.811434188Z
01JZ0X7RGA3MEQH0MCD212NV25,01JZ0W7WFSG9ZE6FZ5RAYW75P8,2025-06-30T17:12:58.122475402Z,01JZ0W7WH669S2GHZMF9MZZGM3,2025-06-30T17:12:58.122475402Z,01JZ0WEF45D6SMFDVXBTYRXH10,2025-06-30T17:12:58.122475402Z,01JZ0X0D26E7S9F8PCXYCC97ZQ,2025-06-30T17:12:58.122475402Z
01JZ0X82HEG8G270AS2ZXP66E0,01JZ0W7WFSG9ZE6FZ5RAYW75P8,2025-06-30T17:13:08.398638829Z,01JZ0W7WH669S2GHZMF9MZZGM3,2025-06-30T17:13:08.398638829Z,01JZ0WEF45D6SMFDVXBTYRXH10,2025-06-30T17:13:08.398638829Z,01JZ0X0D1EGJJMT4PJT4Z6WRWT,2025-06-30T17:13:08.398638829Z
01JZ0XCESDN37QPKG4RSXJQ9BB,01JZ0X7ZMW8Y5D7G0ZVAD2X33D,2025-06-30T17:15:32.013729029Z,01JZ0X7ZNN0GRQQ68EJYGR423Q,2025-06-30T17:15:32.013729029Z,01JZ0X62A2JP7CETA0N4WE5M8N,2025-06-30T17:15:32.013729029Z,01JZ0XCE4JFZP0CNW4GG03X0TY,2025-06-30T17:15:32.013729029Z
01JZ10KM4TKKPA8RQN71HTBZBE,01JZ100N2HWY96Q2FTR0F0ZWE8,2025-06-30T18:11:52.602406357Z,01JZ100N4SNNY9PP8QFCF7M9TY,2025-06-30T18:11:52.602406357Z,01JZ10BA4D4XWBNYV7XSZB19G9,2025-06-30T18:11:52.602406357Z,01JZ10C7MH6PK273FNY69VTJ1Q,2025-06-30T18:11:52.602406357Z
01JZ11Y5ZWPQTZ7XSAGWQFE2QJ,01JZ119YR0X0B5B35KS5ARQA66,2025-06-30T18:35:07.132211063Z,01JZ119YW2HKPBQ3HF5AQNWR9Z,2025-06-30T18:35:07.132211063Z,01JZ11DQVQQT3SATECQHV4QY9S,2025-06-30T18:35:07.132211063Z,01JZ11PR6X1RV1B06GFYQ7HH3Q,2025-06-30T18:35:07.132211063Z
01JZ0WFKBRADGZ7KYT4V1G77WT,01JZ0W7WFSG9ZE6FZ5RAYW75P8,2025-06-30T16:59:46.424744664Z,01JZ0W7WH4BMT12JZKEJ46HRED,2025-06-30T16:59:46.424744664Z,01JZ0W9J7SB794Z25G4BTHXQDZ,2025-06-30T16:59:46.424744664Z,01JZ0WDR671V6AK68SF1289RWZ,2025-06-30T16:59:46.424744664Z
01JZ0WNDCD5JNKFD7QYRGB8AMY,01JZ0W7WFSG9ZE6FZ5RAYW75P8,2025-06-30T17:02:56.909306816Z,01JZ0W7WH4BMT12JZKEJ46HRED,2025-06-30T17:02:56.909306816Z,01JZ0WB3WGQSNZHFNZ1PEPZMFA,2025-06-30T17:02:56.909306816Z,01JZ0WDR6ANASPSKJ9F9M8CXCT,2025-06-30T17:02:56.909306816Z
01JZ0WQRMP5K9C290NVAR79NVG,01JZ0W7WFSG9ZE6FZ5RAYW75P8,2025-06-30T17:04:13.974930701Z,01JZ0W7WHDGTV3A91VXN46A52G,2025-06-30T17:04:13.974930701Z,01JZ0WB5XJSF2KBBJR37WH755X,2025-06-30T17:04:13.974930701Z,01JZ0WG1NJ7YSDPMF47M86JFSF,2025-06-30T17:04:13.974930701Z
01JZ0WR2JG1A7GWSWEGSVSTF0E,01JZ0W7WFSG9ZE6FZ5RAYW75P8,2025-06-30T17:04:24.144530669Z,01JZ0W7WHDGTV3A91VXN46A52G,2025-06-30T17:04:24.144530669Z,01JZ0WA4AHK3PPVW2TTV3AGCJ0,2025-06-30T17:04:24.144530669Z,01JZ0WG1NFKCG5ZG724ZBXJHY2,2025-06-30T17:04:24.144530669Z
01JZ0X8V84H0M35FZTQMGW5BB4,01JZ0W7WFSG9ZE6FZ5RAYW75P8,2025-06-30T17:13:33.70093495Z,01JZ0W7WHAXBN0H6GS7Q677HGB,2025-06-30T17:13:33.70093495Z,01JZ0WECFR55CR34EY9YEA4XK8,2025-06-30T17:13:33.70093495Z,01JZ0X1FP9CJ0X1CNF5157WSWN,2025-06-30T17:13:33.70093495Z
01JZ0X8V8A92667C6M5GFJ8X0T,01JZ0W7WFSG9ZE6FZ5RAYW75P8,2025-06-30T17:13:33.706907557Z,01JZ0W7WHAXBN0H6GS7Q677HGB,2025-06-30T17:13:33.706907557Z,01JZ0WZ7BDCE6VCGGC6HB56EG3,2025-06-30T17:13:33.706907557Z,01JZ0X1FP9CJ0X1CNF5157WSWN,2025-06-30T17:13:33.706907557Z
01JZ0YQRKXMEHF41ZGKPGJ3EFT,01JZ0XP7D84G107KY8Y0T4X5V0,2025-06-30T17:39:11.101446387Z,01JZ0XP7EJVNGB38T0GJJ3YDRG,2025-06-30T17:39:11.101446387Z,01JZ0XR61TKMAAZNSVS4MPGBV3,2025-06-30T17:39:11.101446387Z,01JZ0YGBR824DC5QQ867N8PWG5,2025-06-30T17:39:11.101446387Z
01JZ11FCG5H1X9FQCF1EGJRKCQ,01JZ10P0MMB9VWWBD3QMCFKF4F,2025-06-30T18:27:02.27762235Z,01JZ10P0NQF4P3BB1AAZVYSJMW,2025-06-30T18:27:02.27762235Z,01JZ1150FF1R34BCRBWA1A312D,2025-06-30T18:27:02.27762235Z,01JZ117N3JKTJ68VDPRBZ9PPYR,2025-06-30T18:27:02.27762235Z
01JZ11WV136QEKB36YAZ8G8XX5,01JZ119YR0X0B5B35KS5ARQA66,2025-06-30T18:34:23.139204091Z,01JZ119YTKRCVRVA7XBM70602J,2025-06-30T18:34:23.139204091Z,01JZ11BYWZKXSHT6TWXJX0BE71,2025-06-30T18:34:23.139204091Z,01JZ11NE8JAQFSGC35G9MVT61R,2025-06-30T18:34:23.139204091Z
01JZ132A0RV6A3EQKTK4CFPTNR,01JZ12GR49VSBA1ETNY3NZB6T4,2025-06-30T18:54:50.904700896Z,01JZ12GR778SNDBX9EP3GGZZ51,2025-06-30T18:54:50.904700896Z,01JZ12RBR20YH5T4R3MECTGR5T,2025-06-30T18:54:50.904700896Z,01JZ12TTX9JKTK89XPV4ZYSZGE,2025-06-30T18:54:50.904700896Z
01JZ13F3T22CK138F0VZJ8PPQ8,01JZ12TK2B48MQYACM0BX1FJ39,2025-06-30T19:01:50.530992315Z,01JZ12TK4A16DPH6KAMKDY8GHP,2025-06-30T19:01:50.530992315Z,01JZ12KB6XB4QKN33ZRRP43KPC,2025-06-30T19:01:50.530992315Z,01JZ137CNW8D87XK60RYZ616JK,2025-06-30T19:01:50.530992315Z
01JZ0WKSJFVJY8AJ82611VWF0Z,01JZ0W7WFSG9ZE6FZ5RAYW75P8,2025-06-30T17:02:03.855055657Z,01JZ0W7WH953KKVSAQ2RB19JGS,2025-06-30T17:02:03.855055657Z,01JZ0WB2M2NS0QRPHY9WAW8B2W,2025-06-30T17:02:03.855055657Z,01JZ0WHXC2NAHWXYM35QR0DXW7,2025-06-30T17:02:03.855055657Z
01JZ0WTCY39HY00W3AAK7MFGHT,01JZ0W7WFSG9ZE6FZ5RAYW75P8,2025-06-30T17:05:40.291612563Z,01JZ0W7WHAXBN0H6GS7ZCJVTX8,2025-06-30T17:05:40.291612563Z,01JZ0WB6Y45DYN9WH64WNWC85M,2025-06-30T17:05:40.291612563Z,01JZ0WJQABN7TSDEXVBPTHGDXH,2025-06-30T17:05:40.291612563Z
01JZ0YSH24WMMMPEVBZN0RFPZA,01JZ0XP7D84G107KY8Y0T4X5V0,2025-06-30T17:40:08.900720162Z,01JZ0XP7E80XQ8XGY0HAVD3ZJP,2025-06-30T17:40:08.900720162Z,01JZ0Y2S7EWK32R9YKB6R3CWWK,2025-06-30T17:40:08.900720162Z,01JZ0YJ4SFDGNEEXF88XZ3SWTC,2025-06-30T17:40:08.900720162Z
01JZ10NHTYDPDSR3CR04ZSVN6Q,01JZ100N2HWY96Q2FTR0F0ZWE8,2025-06-30T18:12:55.774351466Z,01JZ100N4EZ1D1ZSMZ8BGYY8VN,2025-06-30T18:12:55.774351466Z,01JZ10HD3WWGQK3YQHKKJS02JE,2025-06-30T18:12:55.774351466Z,01JZ10KP1X152FSFF7MDZT2Y0B,2025-06-30T18:12:55.774351466Z
01JZ11XA6W27JM60BE8NCZZSQ7,01JZ119YR0X0B5B35KS5ARQA66,2025-06-30T18:34:38.684605158Z,01JZ119YX2JRQ0Y08WK2G2K83K,2025-06-30T18:34:38.684605158Z,01JZ11X3WRWNN35NZNT7FAT64A,2025-06-30T18:34:38.684605158Z,01JZ11X848V82GFXB2KBNW0PGK,2025-06-30T18:34:38.684605158Z
01JZ12ZFSGT3PQ7Z06ZBCECWWH,01JZ12GR49VSBA1ETNY3NZB6T4,2025-06-30T18:53:18.512473349Z,01JZ12GR6N6DKV4APDKNYMT7NT,2025-06-30T18:53:18.512473349Z,01JZ12KRQGG4P0VQYSQXKFBMEM,2025-06-30T18:53:18.512473349Z,01JZ12QRF88Q843X5VW39SDK84,2025-06-30T18:53:18.512473349Z
01JZ13FCCSA40JKEBTEENQ87B5,01JZ12TK2B48MQYACM0BX1FJ39,2025-06-30T19:01:59.321774801Z,01JZ12TK4Q16V4FDC51PCA7WDR,2025-06-30T19:01:59.321774801Z,01JZ12Z36WY8B4QBQAQ9725M97,2025-06-30T19:01:59.321774801Z,01JZ137NEM5QYXCE75M2Q91679,2025-06-30T19:01:59.321774801Z
01JZ0YKXR490EZDRH2K5N16S3M,01JZ0XP7D84G107KY8Y0T4X5V0,2025-06-30T17:37:05.285066302Z,01JZ0XP7EG8XH2A757Q0XZSTD8,2025-06-30T17:37:05.285066302Z,01JZ0XVQ90DZ7MZPYMX61HBWMF,2025-06-30T17:37:05.285066302Z,01JZ0YJ23Y4NPAXZGFFEBH0840,2025-06-30T17:37:05.285066302Z
01JZ0YRCJR4BJA9P3N70BX0B5H,01JZ0XP7D84G107KY8Y0T4X5V0,2025-06-30T17:39:31.54479371Z,01JZ0XP7EJVNGB38T0GJJ3YDRG,2025-06-30T17:39:31.54479371Z,01JZ0Y0HF7QA3DR4FKNXCV87K3,2025-06-30T17:39:31.54479371Z,01JZ0YGBQTNPVPMJJ6F77KY2H3,2025-06-30T17:39:31.54479371Z
01JZ0ZET0M5AT8J550W70C1HC7,01JZ0YMAZQ8ZJWY43T1GN1DF14,2025-06-30T17:51:46.196980464Z,01JZ0YMB0WF5ZW98DAK0M01JZW,2025-06-30T17:51:46.196980464Z,01JZ0YXHWRS1NCGZMM3Q2B39GA,2025-06-30T17:51:46.196980464Z,01JZ0Z6T660SHF634AH558SFV6,2025-06-30T17:51:46.196980464Z
01JZ11Z75PAGP1QW7N751VQJ2V,01JZ119YR0X0B5B35KS5ARQA66,2025-06-30T18:35:41.110974435Z,01JZ119YY7H6NVYT7RKS2PMWJ6,2025-06-30T18:35:41.110974435Z,01JZ11JEW6YXEJ3AB50VHRYMWD,2025-06-30T18:35:41.110974435Z,01JZ11XAFXVMN40FRPJ7ZQC892,2025-06-30T18:35:41.110974435Z
01JZ125BSY2BASZXY46D5V79J7,01JZ119YR0X0B5B35KS5ARQA66,2025-06-30T18:39:02.462879248Z,01JZ119YY7H6NVYT7RKS2PMWJ6,2025-06-30T18:39:02.462879248Z,01JZ11K74VSRS1CB1GS21B7P4N,2025-06-30T18:39:02.462879248Z,01JZ11XAFJ8MVB91K5562CQM4C,2025-06-30T18:39:02.462879248Z
01JZ0Z6TXCSE8H21PZ34Q91TT1,01JZ0YMAZQ8ZJWY43T1GN1DF14,2025-06-30T17:47:24.972210277Z,01JZ0YMB0WF5ZW98DAK0M01JZW,2025-06-30T17:47:24.972210277Z,01JZ0YXHWRS1NCGZMM3Q2B39GA,2025-06-30T17:47:24.972210277Z,01JZ0Z6T5B8TNHMV8DMNFWV8J2,2025-06-30T17:47:24.972210277Z
01JZ0Z75Z7CW9CR597W61AMW8F,01JZ0YMAZQ8ZJWY43T1GN1DF14,2025-06-30T17:47:36.295060054Z,01JZ0YMB0R63S66YTFBNZZK4BM,2025-06-30T17:47:36.295060054Z,01JZ0YTPXXNDEF6X5DGJT83XQ2,2025-06-30T17:47:36.295060054Z,01JZ0YZF6CSHY2H5VR4RW80FKN,2025-06-30T17:47:36.295060054Z
01JZ0ZEQZGJ14ZY0JF9N72CFYF,01JZ0Z7NVHZYGBR218W1AZTTTX,2025-06-30T17:51:44.113033833Z,01JZ0Z7NWVZHM50FX7KDE2CZ4K,2025-06-30T17:51:44.113033833Z,01JZ0ZCA4DXYWN181KAGGJKAGM,2025-06-30T17:51:44.113033833Z,01JZ0ZEQ5CRGF6YCR2880S518V,2025-06-30T17:51:44.113033833Z
01JZ0ZWQVB50H91PTJ17QZC43K,01JZ0Z7NVHZYGBR218W1AZTTTX,2025-06-30T17:59:22.731257288Z,01JZ0Z7NWEY0R3MD8J8181F140,2025-06-30T17:59:22.731257288Z,01JZ0ZASJNDJJHP6QC46T80FR3,2025-06-30T17:59:22.731257288Z,01JZ0ZNAYQ28Y241WB8F253Q81,2025-06-30T17:59:22.731257288Z
01JZ0ZWT1HR6EE36X277ZHK4GJ,01JZ0Z7NVHZYGBR218W1AZTTTX,2025-06-30T17:59:24.977782084Z,01JZ0Z7NWZE2H4FK4XXVVF91VK,2025-06-30T17:59:24.977782084Z,01JZ0ZCVM0CFJKJH2EH6ME4059,2025-06-30T17:59:24.977782084Z,01JZ0ZN3WV92QX00PYT1ME4CD1,2025-06-30T17:59:24.977782084Z
01JZ12ZSZHAX6X2QKJ28HX4NPS,01JZ12GR49VSBA1ETNY3NZB6T4,2025-06-30T18:53:28.945834006Z,01JZ12GR6N6DKV4APDKNYMT7NT,2025-06-30T18:53:28.945834006Z,01JZ12Q1G2QKH379N2PJ88VQMB,2025-06-30T18:53:28.945834006Z,01JZ12QRFXR9PP6TVRTMETQ9J1,2025-06-30T18:53:28.945834006Z
01JZ0ZPZKGE6TG9PADX8D53BF1,01JZ0Z7NVHZYGBR218W1AZTTTX,2025-06-30T17:56:14.064196149Z,01JZ0Z7NWZE2H4FK4XXVVF91VK,2025-06-30T17:56:14.064196149Z,01JZ0ZDR4R16NZQ3H22ZMHYSSY,2025-06-30T17:56:14.064196149Z,01JZ0ZN3WB5FE42VYYRMME52X3,2025-06-30T17:56:14.064196149Z
01JZ10E3RQVQHSVVDY63B8TQKT,01JZ100N2HWY96Q2FTR0F0ZWE8,2025-06-30T18:08:51.991175279Z,01JZ100N4SNNY9PP8QFCF7M9TY,2025-06-30T18:08:51.991175279Z,01JZ104ZVKRJK37A0M3H5N1SSZ,2025-06-30T18:08:51.991175279Z,01JZ10C7NVD4WCQHGDZJSD64MZ,2025-06-30T18:08:51.991175279Z
01JZ10VC3S9DFBYBKYJFN5AXJQ,01JZ100N2HWY96Q2FTR0F0ZWE8,2025-06-30T18:16:06.521582615Z,01JZ100N4EZ1D1ZSMZ8BGYY8VN,2025-06-30T18:16:06.521582615Z,01JZ10JPEDAYGCXJFQDZB9T0EF,2025-06-30T18:16:06.521582615Z,01JZ10KP23VD2A36G6JGHTHMMQ,2025-06-30T18:16:06.521582615Z
01JZ11QAN526MSJAQQCRERB79T,01JZ119YR0X0B5B35KS5ARQA66,2025-06-30T18:31:22.533166543Z,01JZ119YTKRCVRVA7XBM70602J,2025-06-30T18:31:22.533166543Z,01JZ11BYWZKXSHT6TWXJX0BE71,2025-06-30T18:31:22.533166543Z,01JZ11NE9N3C99RSSTYD6TKYXD,2025-06-30T18:31:22.533166543Z
01JZ124QKBPQ2WK446Z9C2E0RT,01JZ119YR0X0B5B35KS5ARQA66,2025-06-30T18:38:41.771205762Z,01JZ119YY7H6NVYT7RKS2PMWJ6,2025-06-30T18:38:41.771205762Z,01JZ11JEW6YXEJ3AB50VHRYMWD,2025-06-30T18:38:41.771205762Z,01JZ11XAGJ3G0TNZW5E9JT4RWJ,2025-06-30T18:38:41.771205762Z
01JZ0WJQT2X28T2KWSJPHR7WN3,01JZ0W7WFSG9ZE6FZ5RAYW75P8,2025-06-30T17:01:29.28300146Z,01JZ0W7WHAXBN0H6GS7ZCJVTX8,2025-06-30T17:01:29.28300146Z,01JZ0WA02FW6MBJBPMA4NG8C7G,2025-06-30T17:01:29.28300146Z,01JZ0WJQ9J18BDTKE4NFVP61Y9,2025-06-30T17:01:29.28300146Z
01JZ0WT2YV6RFSXJXBKB88FQ1D,01JZ0W7WFSG9ZE6FZ5RAYW75P8,2025-06-30T17:05:30.075502011Z,01JZ0W7WHAXBN0H6GS7ZCJVTX8,2025-06-30T17:05:30.075502011Z,01JZ0WH9YNF3ECN4CRXVD7B211,2025-06-30T17:05:30.075502011Z,01JZ0WJQA35VHGFRBVKP4WHW2X,2025-06-30T17:05:30.075502011Z
01JZ0Z6VZVFQ3GAZSE5YKNZ4KY,01JZ0YMAZQ8ZJWY43T1GN1DF14,2025-06-30T17:47:26.075628134Z,01JZ0YMB0R63S66YTFBNZZK4BM,2025-06-30T17:47:26.075628134Z,01JZ0YZDVBGT4T7P1T5X8ANGES,2025-06-30T17:47:26.075628134Z,01JZ0YZF7AZNJQ4PJPHYYDFMTE,2025-06-30T17:47:26.075628134Z
01JZ0ZE61BTW6MJT5V39FEGC4M,01JZ0YMAZQ8ZJWY43T1GN1DF14,2025-06-30T17:51:25.739084792Z,01JZ0YMB0WF5ZW98DAK0M01JZW,2025-06-30T17:51:25.739084792Z,01JZ0YWTS63X29XZNPFJ5WW9KY,2025-06-30T17:51:25.739084792Z,01JZ0Z6T5QENAN1FC7PC1XG6KJ,2025-06-30T17:51:25.739084792Z
01JZ0ZP3264YV0KJNZJT27BGSK,01JZ0Z7NVHZYGBR218W1AZTTTX,2025-06-30T17:55:44.839010322Z,01JZ0Z7NWVZHM50FX7KDE2CZ4K,2025-06-30T17:55:44.839010322Z,01JZ0ZAZM4A1T72TWH1VAJ0VV7,2025-06-30T17:55:44.839010322Z,01JZ0ZEQ5VJ0PQ37YFK1SSSBJT,2025-06-30T17:55:44.839010322Z
01JZ0ZRABQQRD338WNNY5HAC0F,01JZ0Z7NVHZYGBR218W1AZTTTX,2025-06-30T17:56:57.847229176Z,01JZ0Z7NWQ9CYAGNFMNZVFE8F3,2025-06-30T17:56:57.847229176Z,01JZ0Z61DZRMR0MQ7ZC5BQNRCY,2025-06-30T17:56:57.847229176Z,01JZ0ZG9YQ1ENH3P7TKPY06E4R,2025-06-30T17:56:57.847229176Z
01JZ0WJQT0G20ECS2AEV1GY5QF,01JZ0W7WFSG9ZE6FZ5RAYW75P8,2025-06-30T17:01:29.280753875Z,01JZ0W7WHAXBN0H6GS7ZCJVTX8,2025-06-30T17:01:29.280753875Z,01JZ0WH9YNF3ECN4CRXVD7B211,2025-06-30T17:01:29.280753875Z,01JZ0WJQ9J18BDTKE4NFVP61Y9,2025-06-30T17:01:29.280753875Z
01JZ0X282XH3VC008HWF7BB9WD,01JZ0W7WFSG9ZE6FZ5RAYW75P8,2025-06-30T17:09:57.469117846Z,01JZ0W7WH7YZAXNKRFQJVF1GT9,2025-06-30T17:09:57.469117846Z,01JZ0WD8K81ED22Q3AW64X5FK3,2025-06-30T17:09:57.469117846Z,01JZ0WT8X2FE19GE71SPJ9KNTF,2025-06-30T17:09:57.469117846Z
01JZ0ZPQ7PYF4EZM8GYNTKHE4C,01JZ0Z7NVHZYGBR218W1AZTTTX,2025-06-30T17:56:05.494154187Z,01JZ0Z7NWVZHM50FX7KDE2CZ4K,2025-06-30T17:56:05.494154187Z,01JZ0ZAZM4A1T72TWH1VAJ0VV7,2025-06-30T17:56:05.494154187Z,01JZ0ZEQ64VH0P6MERWF9PB50X,2025-06-30T17:56:05.494154187Z
01JZ112NK1YYKCKM2NJYVS0S02,01JZ100N2HWY96Q2FTR0F0ZWE8,2025-06-30T18:20:05.601591758Z,01JZ100N4KMAHXYJQHY2912PJS,2025-06-30T18:20:05.601591758Z,01JZ10SPWFT6C4P571D24QBAAF,2025-06-30T18:20:05.601591758Z,01JZ10TYX8F0YW6D31B1YE1KC6,2025-06-30T18:20:05.601591758Z
01JZ11PTFQ72N7MATRXH09DAX0,01JZ119YR0X0B5B35KS5ARQA66,2025-06-30T18:31:05.975934048Z,01JZ119YW2HKPBQ3HF5AQNWR9Z,2025-06-30T18:31:05.975934048Z,01JZ11DQVQQT3SATECQHV4QY9S,2025-06-30T18:31:05.975934048Z,01JZ11PR4KYZSBEP30FJJW9BWS,2025-06-30T18:31:05.975934048Z
01JZ11PTYJ4BKGCSV1BPXM0N0R,01JZ119YR0X0B5B35KS5ARQA66,2025-06-30T18:31:06.450437094Z,01JZ119YWDV104V646C65RZD3P,2025-06-30T18:31:06.450437094Z,01JZ11D8PF8N11C5QPJ1C6S7NF,2025-06-30T18:31:06.450437094Z,01JZ11MWAFH0VDVYTS4QR2FQ42,2025-06-30T18:31:06.450437094Z
01JZ12EYAX938JDE3APV205ZT1,01JZ125JFJMC1Q6XSKNPVJH08C,2025-06-30T18:44:16.34997744Z,01JZ125JHD5GFGZ2E2T20ACXSR,2025-06-30T18:44:16.34997744Z,01JZ125V8KVJHWPE24Y2HN3262,2025-06-30T18:44:16.34997744Z,01JZ12EWYEXNMVZCP3908A7G9E,2025-06-30T18:44:16.34997744Z
01JZ0WMVX98P07XYYZHM8KNBR9,01JZ0W7WFSG9ZE6FZ5RAYW75P8,2025-06-30T17:02:39.018040437Z,01JZ0W7WHE67QMEH4CJKSJPVET,2025-06-30T17:02:39.018040437Z,01JZ0WHQ6NQHPGSWKKVV7VTKSZ,2025-06-30T17:02:39.018040437Z,01JZ0WMVDS2VAAZ00MGNQRGQNY,2025-06-30T17:02:39.018040437Z
01JZ0WS9PCS07K9YZ8T6S8YPS3,01JZ0W7WFSG9ZE6FZ5RAYW75P8,2025-06-30T17:05:04.204799239Z,01JZ0W7WH953KKVSAQ2RB19JGS,2025-06-30T17:05:04.204799239Z,01JZ0WB2M2NS0QRPHY9WAW8B2W,2025-06-30T17:05:04.204799239Z,01JZ0WHXCFAPSVFKQ8NDRDZX0A,2025-06-30T17:05:04.204799239Z
01JZ0ZXBW2QM74ZAB69XKVVW8D,01JZ0Z7NVHZYGBR218W1AZTTTX,2025-06-30T17:59:43.234241314Z,01JZ0Z7NWEY0R3MD8J8181F140,2025-06-30T17:59:43.234241314Z,01JZ0ZDDMC7G81EYJHMB7J3H32,2025-06-30T17:59:43.234241314Z,01JZ0ZNAZAQ8WVTCAR9YAP1EXG,2025-06-30T17:59:43.234241314Z
01JZ12D17QBR3875CCC73GXCJC,01JZ11XHS287W5Q5TASNQ00G2A,2025-06-30T18:43:13.783144006Z,01JZ11XHTNJGBK57M9Z78S7EZ8,2025-06-30T18:43:13.783144006Z,01JZ121XNEV2BFA4677W8GJKQE,2025-06-30T18:43:13.783144006Z,01JZ125KSG0SZN1R0KNRG3J6GM,2025-06-30T18:43:13.783144006Z
01JZ12PYD60RV6T3Z9ECD2A1VK,01JZ125JFJMC1Q6XSKNPVJH08C,2025-06-30T18:48:38.566669767Z,01JZ125JHD5GFGZ2E2T20ACXSR,2025-06-30T18:48:38.566669767Z,01JZ125V8KVJHWPE24Y2HN3262,2025-06-30T18:48:38.566669767Z,01JZ12EWZZKRH298JXPNFB7RHB,2025-06-30T18:48:38.566669767Z
01JZ0WDRH92XMKNPZYBFY2JS0W,01JZ0W7WFSG9ZE6FZ5RAYW75P8,2025-06-30T16:58:46.185096656Z,01JZ0W7WH4BMT12JZKEJ46HRED,2025-06-30T16:58:46.185096656Z,01JZ0WAB87JJZ65XTQ86875XYE,2025-06-30T16:58:46.185096656Z,01JZ0WDR65GAXVNE43AEA4WGCK,2025-06-30T16:58:46.185096656Z
01JZ0YJ2X371KRE9BKZZ9ZT370,01JZ0XP7D84G107KY8Y0T4X5V0,2025-06-30T17:36:05.028104059Z,01JZ0XP7EG8XH2A757Q0XZSTD8,2025-06-30T17:36:05.028104059Z,01JZ0XVQ90DZ7MZPYMX61HBWMF,2025-06-30T17:36:05.028104059Z,01JZ0YJ23FRP7FAQAPQ1AHZ980,2025-06-30T17:36:05.028104059Z
01JZ0YV7VQHCM1BA41W4Z9GP1N,01JZ0XP7D84G107KY8Y0T4X5V0,2025-06-30T17:41:05.015947941Z,01JZ0XP7EQ68N8E1T1SAYQ3MY0,2025-06-30T17:41:05.015947941Z,01JZ0Y986C6V9HHQ0J9W9YBS48,2025-06-30T17:41:05.015947941Z,01JZ0YK8EJE652HH84785FKG0X,2025-06-30T17:41:05.015947941Z
01JZ0ZR09K5HGV333TKM8GRPEB,01JZ0Z7NVHZYGBR218W1AZTTTX,2025-06-30T17:56:47.539468131Z,01JZ0Z7NWQ9CYAGNFMNZVFE8F3,2025-06-30T17:56:47.539468131Z,01JZ0Z61DZRMR0MQ7ZC5BQNRCY,2025-06-30T17:56:47.539468131Z,01JZ0ZG9Z7AKQZZHNN0W4F7JWR,2025-06-30T17:56:47.539468131Z
01JZ11SYDNXEEEBPZ0R36JWKFK,01JZ119YR0X0B5B35KS5ARQA66,2025-06-30T18:32:48.309664944Z,01JZ119YWQTW1CNB5AYNKC679G,2025-06-30T18:32:48.309664944Z,01JZ11C5H6QK3Z44KTVNDP9W7X,2025-06-30T18:32:48.309664944Z,01JZ11HY5GTB26PNT6EZ0KBFKN,2025-06-30T18:32:48.309664944Z
01JZ0WWNPK7V1Z5WW6XJ462JAN,01JZ0W7WFSG9ZE6FZ5RAYW75P8,2025-06-30T17:06:54.803516777Z,01JZ0W7WH953KKVSAQ2B0M9V8S,2025-06-30T17:06:54.803516777Z,01JZ0WDHB8RBCQFFDNJQQPYNN7,2025-06-30T17:06:54.803516777Z,01JZ0WTTER8YKF88AWJGE0H1N4,2025-06-30T17:06:54.803516777Z
01JZ0X1Y62F1PHG137N23QMMMX,01JZ0W7WFSG9ZE6FZ5RAYW75P8,2025-06-30T17:09:47.330468669Z,01JZ0W7WH7YZAXNKRFQJVF1GT9,2025-06-30T17:09:47.330468669Z,01JZ0WCF8PYZD69QGMR2NSWSBE,2025-06-30T17:09:47.330468669Z,01JZ0WT8X1BAH4HYY6JBG8FFN3,2025-06-30T17:09:47.330468669Z
01JZ0X9G80HK9T201QWJNGYZPF,01JZ0W7WFSG9ZE6FZ5RAYW75P8,2025-06-30T17:13:55.200366892Z,01JZ0W7WHAXBN0H6GS7Q677HGB,2025-06-30T17:13:55.200366892Z,01JZ0WECFR55CR34EY9YEA4XK8,2025-06-30T17:13:55.200366892Z,01JZ0X1FPMP0H3NTRHTRZ9YX43,2025-06-30T17:13:55.200366892Z
01JZ0XCESAA1XDS7PP24JXX0AK,01JZ0X7ZMW8Y5D7G0ZVAD2X33D,2025-06-30T17:15:32.010619688Z,01JZ0X7ZNN0GRQQ68EJYGR423Q,2025-06-30T17:15:32.010619688Z,01JZ0XAYB1S3TC6JQYTFQEQMC9,2025-06-30T17:15:32.010619688Z,01JZ0XCE4JFZP0CNW4GG03X0TY,2025-06-30T17:15:32.010619688Z
01JZ0YGCTQT8V0Z9ZMY3G43JJ6,01JZ0XP7D84G107KY8Y0T4X5V0,2025-06-30T17:35:09.655977782Z,01JZ0XP7EJVNGB38T0GJJ3YDRG,2025-06-30T17:35:09.655977782Z,01JZ0XR61TKMAAZNSVS4MPGBV3,2025-06-30T17:35:09.655977782Z,01JZ0YGBQG0CDMN9Z85M93HEDY,2025-06-30T17:35:09.655977782Z
01JZ0YJ5GZ1725NKHQ666G13JK,01JZ0XP7D84G107KY8Y0T4X5V0,2025-06-30T17:36:07.711121506Z,01JZ0XP7E80XQ8XGY0HAVD3ZJP,2025-06-30T17:36:07.711121506Z,01JZ0XWJYRFVEKYXHW4V19QPP6,2025-06-30T17:36:07.711121506Z,01JZ0YJ4S3HREA83Z1G5QWSHJY,2025-06-30T17:36:07.711121506Z
01JZ0ZGJTKG8ZCD5V2X4714XRY,01JZ0Z7NVHZYGBR218W1AZTTTX,2025-06-30T17:52:44.371895554Z,01JZ0Z7NWVZHM50FX7KDE2CZ4K,2025-06-30T17:52:44.371895554Z,01JZ0ZAZM4A1T72TWH1VAJ0VV7,2025-06-30T17:52:44.371895554Z,01JZ0ZEQ67C9F5HTE4Z5ZKADET,2025-06-30T17:52:44.371895554Z
01JZ132A11HPT8AZV79VY2PY1R,01JZ12GR49VSBA1ETNY3NZB6T4,2025-06-30T18:54:50.913604525Z,01JZ12GR778SNDBX9EP3GGZZ51,2025-06-30T18:54:50.913604525Z,01JZ12K3HHD1QQBE701MXDWZ18,2025-06-30T18:54:50.913604525Z,01JZ12TTX9JKTK89XPV4ZYSZGE,2025-06-30T18:54:50.913604525Z
01JZ0X965M51EX87MYWFBDQBA6,01JZ0W7WFSG9ZE6FZ5RAYW75P8,2025-06-30T17:13:44.884168283Z,01JZ0W7WHAXBN0H6GS7Q677HGB,2025-06-30T17:13:44.884168283Z,01JZ0WZ7BDCE6VCGGC6HB56EG3,2025-06-30T17:13:44.884168283Z,01JZ0X1FPR58K35420H05VGMMZ,2025-06-30T17:13:44.884168283Z
01JZ0X9G7VKRFCVZY7CJ39NMYT,01JZ0W7WFSG9ZE6FZ5RAYW75P8,2025-06-30T17:13:55.195822255Z,01JZ0W7WHAXBN0H6GS7Q677HGB,2025-06-30T17:13:55.195822255Z,01JZ0WMR785XGV58FWEYY8ZV5R,2025-06-30T17:13:55.195822255Z,01JZ0X1FPMP0H3NTRHTRZ9YX43,2025-06-30T17:13:55.195822255Z
01JZ0YM0R8CQ5PTABTBYEMR97E,01JZ0XP7D84G107KY8Y0T4X5V0,2025-06-30T17:37:08.360930149Z,01JZ0XP7E80XQ8XGY0HAVD3ZJP,2025-06-30T17:37:08.360930149Z,01JZ0Y2S7EWK32R9YKB6R3CWWK,2025-06-30T17:37:08.360930149Z,01JZ0YJ4S89TC45RT8AHQ5ETQB,2025-06-30T17:37:08.360930149Z
01JZ0YR2M0WH3ZFPG3J3ASF3Y5,01JZ0XP7D84G107KY8Y0T4X5V0,2025-06-30T17:39:21.344206911Z,01JZ0XP7EJVNGB38T0GJJ3YDRG,2025-06-30T17:39:21.344206911Z,01JZ0XR61TKMAAZNSVS4MPGBV3,2025-06-30T17:39:21.344206911Z,01JZ0YGBR3N1C7HWBE3MCVGM7H,2025-06-30T17:39:21.344206911Z
01JZ0YSR4XPZZSP22R29WAKG8X,01JZ0XP7D84G107KY8Y0T4X5V0,2025-06-30T17:40:16.157392602Z,01JZ0XP7EG8XH2A757Q0XZSTD8,2025-06-30T17:40:16.157392602Z,01JZ0XVQ90DZ7MZPYMX61HBWMF,2025-06-30T17:40:16.157392602Z,01JZ0YJ23KDS5S1FAB4EPJNCZW,2025-06-30T17:40:16.157392602Z
01JZ11FPN1JC6CH8XJBC350XCN,01JZ10P0MMB9VWWBD3QMCFKF4F,2025-06-30T18:27:12.673778362Z,01JZ10P0NQF4P3BB1AAZVYSJMW,2025-06-30T18:27:12.673778362Z,01JZ113RKF9TQ2DGG0881HHX2H,2025-06-30T18:27:12.673778362Z,01JZ117N3ZHA97Z6D824P3WHB7,2025-06-30T18:27:12.673778362Z
01JZ11HZ8Q0PWP4TWW9YBRDFR0,01JZ119YR0X0B5B35KS5ARQA66,2025-06-30T18:28:27.031824118Z,01JZ119YWQTW1CNB5AYNKC679G,2025-06-30T18:28:27.031824118Z,01JZ11FGST56RJTD3QVHX7QE2X,2025-06-30T18:28:27.031824118Z,01JZ11HY41CPV2HCJNWWW463R0,2025-06-30T18:28:27.031824118Z
01JZ11NFR8YT2ZXH701W5Y3MA5,01JZ119YR0X0B5B35KS5ARQA66,2025-06-30T18:30:22.216913485Z,01JZ119YTKRCVRVA7XBM70602J,2025-06-30T18:30:22.216913485Z,01JZ11CBMTTX2F1FHP1VTFM5ZA,2025-06-30T18:30:22.216913485Z,01JZ11NE8YPZHW6Y2WMTPR1CGQ,2025-06-30T18:30:22.216913485Z
01JZ11WV1TN1SXP03GTPH2N7RS,01JZ119YR0X0B5B35KS5ARQA66,2025-06-30T18:34:23.162172993Z,01JZ119YTKRCVRVA7XBM70602J,2025-06-30T18:34:23.162172993Z,01JZ11CBMTTX2F1FHP1VTFM5ZA,2025-06-30T18:34:23.162172993Z,01JZ11NE8JAQFSGC35G9MVT61R,2025-06-30T18:34:23.162172993Z
01JZ11Y60787DHGE5GQQPJPAD0,01JZ119YR0X0B5B35KS5ARQA66,2025-06-30T18:35:07.143371374Z,01JZ119YW2HKPBQ3HF5AQNWR9Z,2025-06-30T18:35:07.143371374Z,01JZ11GPD2ZWF3D1EP1BKS7EA7,2025-06-30T18:35:07.143371374Z,01JZ11PR6X1RV1B06GFYQ7HH3Q,2025-06-30T18:35:07.143371374Z
01JZ12D16STWTJ0TQC7584WWMG,01JZ11XHS287W5Q5TASNQ00G2A,2025-06-30T18:43:13.753239807Z,01JZ11XHTNJGBK57M9Z78S7EZ8,2025-06-30T18:43:13.753239807Z,01JZ122DHHDD83BCEEFYJA11AW,2025-06-30T18:43:13.753239807Z,01JZ125KSG0SZN1R0KNRG3J6GM,2025-06-30T18:43:13.753239807Z
01JZ0X1M7NDTCVNTJ33Q3153C2,01JZ0W7WFSG9ZE6FZ5RAYW75P8,2025-06-30T17:09:37.141153889Z,01JZ0W7WH7YZAXNKRFQJVF1GT9,2025-06-30T17:09:37.141153889Z,01JZ0WCF8PYZD69QGMR2NSWSBE,2025-06-30T17:09:37.141153889Z,01JZ0WT8WYY70EMKY3D95FZ75M,2025-06-30T17:09:37.141153889Z
01JZ0XB0RKSDGCVNZM3TYFXNG2,01JZ0X13W9RT32E263JAYJS0WA,2025-06-30T17:14:44.883552627Z,01JZ0X13WYYJA1PBKDVESDJZK9,2025-06-30T17:14:44.883552627Z,01JZ0X6A1C027352DXJ8961HXQ,2025-06-30T17:14:44.883552627Z,01JZ0X94VXSF20ZNGDV0F0BJJC,2025-06-30T17:14:44.883552627Z
01JZ0YT24MCR10Y07KWTW58471,01JZ0XP7D84G107KY8Y0T4X5V0,2025-06-30T17:40:26.388387222Z,01JZ0XP7EG8XH2A757Q0XZSTD8,2025-06-30T17:40:26.388387222Z,01JZ0Y0SZ0N9E11ZWKT7DVHFDT,2025-06-30T17:40:26.388387222Z,01JZ0YJ23S9WQRDQ460HR6P7FQ,2025-06-30T17:40:26.388387222Z
01JZ0WDRH7057A63WEX92RDP1Z,01JZ0W7WFSG9ZE6FZ5RAYW75P8,2025-06-30T16:58:46.183607364Z,01JZ0W7WH4BMT12JZKEJ46HRED,2025-06-30T16:58:46.183607364Z,01JZ0WAAZYC4MWADQ1W4JHZEKE,2025-06-30T16:58:46.183607364Z,01JZ0WDR65GAXVNE43AEA4WGCK,2025-06-30T16:58:46.183607364Z
01JZ0YSE3YB2AT01TAWPY0JT2W,01JZ0XP7D84G107KY8Y0T4X5V0,2025-06-30T17:40:05.887045795Z,01JZ0XP7EG8XH2A757Q0XZSTD8,2025-06-30T17:40:05.887045795Z,01JZ0WZAY9MJRX64HMB036GGYV,2025-06-30T17:40:05.887045795Z,01JZ0YJ23P67G12KGDYCXRC7HY,2025-06-30T17:40:05.887045795Z
01JZ0ZXBWDSWSQSH5SAPN9EVQS,01JZ0Z7NVHZYGBR218W1AZTTTX,2025-06-30T17:59:43.245634394Z,01JZ0Z7NWEY0R3MD8J8181F140,2025-06-30T17:59:43.245634394Z,01JZ0ZASJNDJJHP6QC46T80FR3,2025-06-30T17:59:43.245634394Z,01JZ0ZNAZAQ8WVTCAR9YAP1EXG,2025-06-30T17:59:43.245634394Z
01JZ10F7HG42G30AVE7YN7TZVG,01JZ100N2HWY96Q2FTR0F0ZWE8,2025-06-30T18:09:28.624670905Z,01JZ100N40PZGZRWRMG9G2S114,2025-06-30T18:09:28.624670905Z,01JZ109DD1MS0H9Q6X0RP6AVZ3,2025-06-30T18:09:28.624670905Z,01JZ10DBQST28KKZ3PCXRQF7R5,2025-06-30T18:09:28.624670905Z
01JZ11F2ECXFBG9WCGKCD0XWWF,01JZ10P0MMB9VWWBD3QMCFKF4F,2025-06-30T18:26:51.980338714Z,01JZ10P0NQF4P3BB1AAZVYSJMW,2025-06-30T18:26:51.980338714Z,01JZ113RKF9TQ2DGG0881HHX2H,2025-06-30T18:26:51.980338714Z,01JZ117N3566FXQWPSFS4TMJZG,2025-06-30T18:26:51.980338714Z
01JZ11RNHHTR47D5QYC0172FTW,01JZ119YR0X0B5B35KS5ARQA66,2025-06-30T18:32:06.449999127Z,01JZ119YW2HKPBQ3HF5AQNWR9Z,2025-06-30T18:32:06.449999127Z,01JZ11DQVQQT3SATECQHV4QY9S,2025-06-30T18:32:06.449999127Z,01JZ11PR68KJ9KRX92H1GBZV0Q,2025-06-30T18:32:06.449999127Z
01JZ11XA7DK51QR52PK2TG39RA,01JZ119YR0X0B5B35KS5ARQA66,2025-06-30T18:34:38.702031185Z,01JZ119YX2JRQ0Y08WK2G2K83K,2025-06-30T18:34:38.702031185Z,01JZ11T6JJ91GCJ0RFDG8MRSAF,2025-06-30T18:34:38.702031185Z,01JZ11X848V82GFXB2KBNW0PGK,2025-06-30T18:34:38.702031185Z
01JZ124QJZQMFD8A3HYF5776RF,01JZ119YR0X0B5B35KS5ARQA66,2025-06-30T18:38:41.75945305Z,01JZ119YY7H6NVYT7RKS2PMWJ6,2025-06-30T18:38:41.75945305Z,01JZ11K74VSRS1CB1GS21B7P4N,2025-06-30T18:38:41.75945305Z,01JZ11XAGJ3G0TNZW5E9JT4RWJ,2025-06-30T18:38:41.75945305Z
01JZ12DNFYE8ZR6CN35B58KA1C,01JZ11XHS287W5Q5TASNQ00G2A,2025-06-30T18:43:34.526184126Z,01JZ11XHTNJGBK57M9Z78S7EZ8,2025-06-30T18:43:34.526184126Z,01JZ122DHHDD83BCEEFYJA11AW,2025-06-30T18:43:34.526184126Z,01JZ125KV3XVMA4R1AJN8NEMZ7,2025-06-30T18:43:34.526184126Z
01JZ12PM7PKFHR0X3TJHSQCZYT,01JZ125JFJMC1Q6XSKNPVJH08C,2025-06-30T18:48:28.150315807Z,01JZ125JHD5GFGZ2E2T20ACXSR,2025-06-30T18:48:28.150315807Z,01JZ12D1PBAA49WGRD8HFZA25A,2025-06-30T18:48:28.150315807Z,01JZ12EWYRQ5S00ZTP02VK1S26,2025-06-30T18:48:28.150315807Z
01JZ0YJ6DCFV5YNRS3AHFR9GK9,01JZ0XP7D84G107KY8Y0T4X5V0,2025-06-30T17:36:08.62089005Z,01JZ0XP7EMN72NB2RFN2ZH81CP,2025-06-30T17:36:08.62089005Z,01JZ0XRCSBXVQ7D717N2EW3SS5,2025-06-30T17:36:08.62089005Z,01JZ0YGAXEGV56WCH1MR19TPMT,2025-06-30T17:36:08.62089005Z
01JZ112BA8ZWH6DYQ83YRE31VY,01JZ100N2HWY96Q2FTR0F0ZWE8,2025-06-30T18:19:55.080469973Z,01JZ100N4KMAHXYJQHY2912PJS,2025-06-30T18:19:55.080469973Z,01JZ10SPWFT6C4P571D24QBAAF,2025-06-30T18:19:55.080469973Z,01JZ10TYWBNZW3MQW7A0PZ4SDJ,2025-06-30T18:19:55.080469973Z
01JZ1130014EJ67K9MH0YE5XEF,01JZ100N2HWY96Q2FTR0F0ZWE8,2025-06-30T18:20:16.25778569Z,01JZ100N4KMAHXYJQHY2912PJS,2025-06-30T18:20:16.25778569Z,01JZ107NDERNQQESZWJ5GXV4Z1,2025-06-30T18:20:16.25778569Z,01JZ10TYXHDMSSHPTCKFSQ6X1M,2025-06-30T18:20:16.25778569Z
01JZ11NFQN528WZS2FYBTESY65,01JZ119YR0X0B5B35KS5ARQA66,2025-06-30T18:30:22.197682101Z,01JZ119YTKRCVRVA7XBM70602J,2025-06-30T18:30:22.197682101Z,01JZ11HGCKCTMRT54WJ26DZBKJ,2025-06-30T18:30:22.197682101Z,01JZ11NE8YPZHW6Y2WMTPR1CGQ,2025-06-30T18:30:22.197682101Z
01JZ11QAM9YTKAP780JVZ4WBJJ,01JZ119YR0X0B5B35KS5ARQA66,2025-06-30T18:31:22.505947364Z,01JZ119YTKRCVRVA7XBM70602J,2025-06-30T18:31:22.505947364Z,01JZ11EG7S8X86Q9VBDZSW3H5E,2025-06-30T18:31:22.505947364Z,01JZ11NE9N3C99RSSTYD6TKYXD,2025-06-30T18:31:22.505947364Z
01JZ11YG0VNQW2303AS75CSZP1,01JZ119YR0X0B5B35KS5ARQA66,2025-06-30T18:35:17.403713081Z,01JZ119YW2HKPBQ3HF5AQNWR9Z,2025-06-30T18:35:17.403713081Z,01JZ11DQVQQT3SATECQHV4QY9S,2025-06-30T18:35:17.403713081Z,01JZ11PR8RBQ2PDK7642WYVK0Y,2025-06-30T18:35:17.403713081Z
01JZ11YT1Y77JBPABA68JYCVYZ,01JZ119YR0X0B5B35KS5ARQA66,2025-06-30T18:35:27.678524666Z,01JZ119YW2HKPBQ3HF5AQNWR9Z,2025-06-30T18:35:27.678524666Z,01JZ11GPD2ZWF3D1EP1BKS7EA7,2025-06-30T18:35:27.678524666Z,01JZ11PR7HWNKJF7SSRAGV1GP9,2025-06-30T18:35:27.678524666Z
01JZ0YRAPM1JY47TTARF5734GR,01JZ0XP7D84G107KY8Y0T4X5V0,2025-06-30T17:39:29.620538111Z,01JZ0XP7EMN72NB2RFN2ZH81CP,2025-06-30T17:39:29.620538111Z,01JZ0Y3YT51GNJH9V4M2SS9AVC,2025-06-30T17:39:29.620538111Z,01JZ0YGAWV38VXQGG2BT4ZQEM9,2025-06-30T17:39:29.620538111Z
01JZ0ZEG1JAMH2B7YZ7KE64Q5W,01JZ0YMAZQ8ZJWY43T1GN1DF14,2025-06-30T17:51:35.986873261Z,01JZ0YMB0WF5ZW98DAK0M01JZW,2025-06-30T17:51:35.986873261Z,01JZ0YWTS63X29XZNPFJ5WW9KY,2025-06-30T17:51:35.986873261Z,01JZ0Z6T5VNT6VRJ3BZAS2BXSR,2025-06-30T17:51:35.986873261Z
01JZ11WZN0JKWB7SC38M8V7QC6,01JZ119YR0X0B5B35KS5ARQA66,2025-06-30T18:34:27.874384777Z,01JZ119YWDV104V646C65RZD3P,2025-06-30T18:34:27.874384777Z,01JZ11D8PF8N11C5QPJ1C6S7NF,2025-06-30T18:34:27.874384777Z,01JZ11MWE606HX430TA12EYGQC,2025-06-30T18:34:27.874384777Z
01JZ11YT2T1RQJA1YFQBG887ND,01JZ119YR0X0B5B35KS5ARQA66,2025-06-30T18:35:27.706137743Z,01JZ119YW2HKPBQ3HF5AQNWR9Z,2025-06-30T18:35:27.706137743Z,01JZ11DQVQQT3SATECQHV4QY9S,2025-06-30T18:35:27.706137743Z,01JZ11PR7HWNKJF7SSRAGV1GP9,2025-06-30T18:35:27.706137743Z
01JZ12QSYJRDYPSKQZX8T7HFSJ,01JZ12GR49VSBA1ETNY3NZB6T4,2025-06-30T18:49:06.770465724Z,01JZ12GR6N6DKV4APDKNYMT7NT,2025-06-30T18:49:06.770465724Z,01JZ12JHAHK6M4WMQGC6QP15QC,2025-06-30T18:49:06.770465724Z,01JZ12QRDRPRRDMCK8EKP2D4SZ,2025-06-30T18:49:06.770465724Z
01JZ139HTJAJKARQE84APXJ4QC,01JZ12TK2B48MQYACM0BX1FJ39,2025-06-30T18:58:48.27443881Z,01JZ12TK4Q16V4FDC51PCA7WDR,2025-06-30T18:58:48.27443881Z,01JZ12Z36WY8B4QBQAQ9725M97,2025-06-30T18:58:48.27443881Z,01JZ137NDVV7Y7STVEXZWQ60TR,2025-06-30T18:58:48.27443881Z
01JZ0X1G7GWQ0SZW04WJANAER5,01JZ0W7WFSG9ZE6FZ5RAYW75P8,2025-06-30T17:09:33.040059964Z,01JZ0W7WHAXBN0H6GS7Q677HGB,2025-06-30T17:09:33.040059964Z,01JZ0WRNMB87KA9QP0V95N94CC,2025-06-30T17:09:33.040059964Z,01JZ0X1FP22MSK5DRFKPK2ATM0,2025-06-30T17:09:33.040059964Z
01JZ0X2FV2N8K8GAG1K8VYV3TP,01JZ0W7WFSG9ZE6FZ5RAYW75P8,2025-06-30T17:10:05.410628468Z,01JZ0W7WH953KKVSAQ2B0M9V8S,2025-06-30T17:10:05.410628468Z,01JZ0WAHKMYHZ23HN36ZASZTSG,2025-06-30T17:10:05.410628468Z,01JZ0WTTEKC7XFKM4RZ6QM2CMJ,2025-06-30T17:10:05.410628468Z
01JZ0ZP3310NZVZM201ZR7GN8B,01JZ0Z7NVHZYGBR218W1AZTTTX,2025-06-30T17:55:44.865576151Z,01JZ0Z7NWVZHM50FX7KDE2CZ4K,2025-06-30T17:55:44.865576151Z,01JZ0ZAGM72PT49TD18YS8NKEM,2025-06-30T17:55:44.865576151Z,01JZ0ZEQ5VJ0PQ37YFK1SSSBJT,2025-06-30T17:55:44.865576151Z
01JZ0ZQP9HDV1ADB8K9GGQJBHA,01JZ0Z7NVHZYGBR218W1AZTTTX,2025-06-30T17:56:37.297564218Z,01JZ0Z7NWQ9CYAGNFMNZVFE8F3,2025-06-30T17:56:37.297564218Z,01JZ0Z61DZRMR0MQ7ZC5BQNRCY,2025-06-30T17:56:37.297564218Z,01JZ0ZG9YZKMF1X2ZVRXK33NBW,2025-06-30T17:56:37.297564218Z
01JZ0ZWFZ1BF0XDQGHADJ20AWN,01JZ0Z7NVHZYGBR218W1AZTTTX,2025-06-30T17:59:14.657820712Z,01JZ0Z7NWZE2H4FK4XXVVF91VK,2025-06-30T17:59:14.657820712Z,01JZ0ZJGVNV4HZWQH3SHFEPZKV,2025-06-30T17:59:14.657820712Z,01JZ0ZN3WK9WZTC3G19AKW9721,2025-06-30T17:59:14.657820712Z
01JZ10N1Z319018NSYDHAT5W55,01JZ100N2HWY96Q2FTR0F0ZWE8,2025-06-30T18:12:39.523726596Z,01JZ100N40PZGZRWRMG9G2S114,2025-06-30T18:12:39.523726596Z,01JZ109DD1MS0H9Q6X0RP6AVZ3,2025-06-30T18:12:39.523726596Z,01JZ10DBQZT54M7Y17Q46P3N9J,2025-06-30T18:12:39.523726596Z
01JZ10NC0FC5R8YT770Q6PDXCS,01JZ100N2HWY96Q2FTR0F0ZWE8,2025-06-30T18:12:49.807250319Z,01JZ100N40PZGZRWRMG9G2S114,2025-06-30T18:12:49.807250319Z,01JZ10AXVMES632P24R1SRWC3P,2025-06-30T18:12:49.807250319Z,01JZ10DBRJ7Q8DK97HCAG5ZXQX,2025-06-30T18:12:49.807250319Z
01JZ11Z75EHWG49RS274RYKGS1,01JZ119YR0X0B5B35KS5ARQA66,2025-06-30T18:35:41.102333487Z,01JZ119YY7H6NVYT7RKS2PMWJ6,2025-06-30T18:35:41.102333487Z,01JZ11K74VSRS1CB1GS21B7P4N,2025-06-30T18:35:41.102333487Z,01JZ11XAFXVMN40FRPJ7ZQC892,2025-06-30T18:35:41.102333487Z
01JZ12DBBGYKYT6VCJKM7S27JT,01JZ11XHS287W5Q5TASNQ00G2A,2025-06-30T18:43:24.144681827Z,01JZ11XHTNJGBK57M9Z78S7EZ8,2025-06-30T18:43:24.144681827Z,01JZ122DHHDD83BCEEFYJA11AW,2025-06-30T18:43:24.144681827Z,01JZ125KVFXGM4X3QHYBQ7FNMN,2025-06-30T18:43:24.144681827Z
01JZ12DNF986FK0TRMRD208DH6,01JZ11XHS287W5Q5TASNQ00G2A,2025-06-30T18:43:34.505903381Z,01JZ11XHTNJGBK57M9Z78S7EZ8,2025-06-30T18:43:34.505903381Z,01JZ1210S38G6D0X3Q8JSCJ1V1,2025-06-30T18:43:34.505903381Z,01JZ125KV3XVMA4R1AJN8NEMZ7,2025-06-30T18:43:34.505903381Z
01JZ0WMJQ59VH7313XFYAKHWNP,01JZ0W7WFSG9ZE6FZ5RAYW75P8,2025-06-30T17:02:29.605941446Z,01JZ0W7WHAXBN0H6GS7ZCJVTX8,2025-06-30T17:02:29.605941446Z,01JZ0WB6Y45DYN9WH64WNWC85M,2025-06-30T17:02:29.605941446Z,01JZ0WJQAGDGV9E3R30526KBPY,2025-06-30T17:02:29.605941446Z
01JZ0WW6QYNN647H1F6PGG5JBT,01JZ0W7WFSG9ZE6FZ5RAYW75P8,2025-06-30T17:06:39.48623866Z,01JZ0W7WHE67QMEH4CJKSJPVET,2025-06-30T17:06:39.48623866Z,01JZ0WCK697DJY01ASTS62HMHF,2025-06-30T17:06:39.48623866Z,01JZ0WMVDZTD2856GF5JYMK32E,2025-06-30T17:06:39.48623866Z
01JZ0XMEPH0FDB0WX8G0PHZJ4Z,01JZ0X7ZMW8Y5D7G0ZVAD2X33D,2025-06-30T17:19:54.065201684Z,01JZ0X7ZNN0GRQQ68EJYGR423Q,2025-06-30T17:19:54.065201684Z,01JZ0XAYB1S3TC6JQYTFQEQMC9,2025-06-30T17:19:54.065201684Z,01JZ0XCE4YQGW344D431VHMCER,2025-06-30T17:19:54.065201684Z
01JZ0YGB8RFRHJ53ZNSJCRHXBF,01JZ0XP7D84G107KY8Y0T4X5V0,2025-06-30T17:35:08.056450747Z,01JZ0XP7EMN72NB2RFN2ZH81CP,2025-06-30T17:35:08.056450747Z,01JZ0Y6PQ8C2TDTX52Z72CYDBY,2025-06-30T17:35:08.056450747Z,01JZ0YGAWK956399B086JVVMY0,2025-06-30T17:35:08.056450747Z
01JZ0YJ87MTSGQ5HADT54183MS,01JZ0XP7D84G107KY8Y0T4X5V0,2025-06-30T17:36:10.484851022Z,01JZ0XP7EJVNGB38T0GJJ3YDRG,2025-06-30T17:36:10.484851022Z,01JZ0XSE4SQVR38S7WPS564R5A,2025-06-30T17:36:10.484851022Z,01JZ0YGBRBSNY5AD60TW5622DY,2025-06-30T17:36:10.484851022Z
01JZ10WTWQJPQQP8HFF311G6YX,01JZ100N2HWY96Q2FTR0F0ZWE8,2025-06-30T18:16:54.425960008Z,01JZ100N4KMAHXYJQHY2912PJS,2025-06-30T18:16:54.425960008Z,01JZ10597NHSRHSHHX2S7Q7R3J,2025-06-30T18:16:54.425960008Z,01JZ10TYXRYYKGY8CZ25WDAB29,2025-06-30T18:16:54.425960008Z
01JZ112NGXPTEEFNBNC6VJQB0D,01JZ100N2HWY96Q2FTR0F0ZWE8,2025-06-30T18:20:05.533069749Z,01JZ100N4KMAHXYJQHY2912PJS,2025-06-30T18:20:05.533069749Z,01JZ10597NHSRHSHHX2S7Q7R3J,2025-06-30T18:20:05.533069749Z,01JZ10TYX8F0YW6D31B1YE1KC6,2025-06-30T18:20:05.533069749Z
01JZ11SMC87GVNDD2SGHGNR95W,01JZ119YR0X0B5B35KS5ARQA66,2025-06-30T18:32:38.024247412Z,01JZ119YWQTW1CNB5AYNKC679G,2025-06-30T18:32:38.024247412Z,01JZ11C5H6QK3Z44KTVNDP9W7X,2025-06-30T18:32:38.024247412Z,01JZ11HY4SZJCYDA61FR2X94QP,2025-06-30T18:32:38.024247412Z
01JZ11WNME5793JZGPQZEHFN39,01JZ119YR0X0B5B35KS5ARQA66,2025-06-30T18:34:17.614864864Z,01JZ119YWDV104V646C65RZD3P,2025-06-30T18:34:17.614864864Z,01JZ11ED2SWDZ0R9T04B92FSJZ,2025-06-30T18:34:17.614864864Z,01JZ11MWF30R2DEPE3C0NW7H89,2025-06-30T18:34:17.614864864Z
01JZ11YG16Y12C5QJH9YH426XJ,01JZ119YR0X0B5B35KS5ARQA66,2025-06-30T18:35:17.414653134Z,01JZ119YW2HKPBQ3HF5AQNWR9Z,2025-06-30T18:35:17.414653134Z,01JZ11DT8DFFKBGHX7CNH1JS5K,2025-06-30T18:35:17.414653134Z,01JZ11PR8RBQ2PDK7642WYVK0Y,2025-06-30T18:35:17.414653134Z
01JZ0WSKPCB6TZRE6C4WF2N16F,01JZ0W7WFSG9ZE6FZ5RAYW75P8,2025-06-30T17:05:14.445064466Z,01JZ0W7WH953KKVSAQ2RB19JGS,2025-06-30T17:05:14.445064466Z,01JZ0WB2M2NS0QRPHY9WAW8B2W,2025-06-30T17:05:14.445064466Z,01JZ0WHXCERTXCCDC06BM2M09Q,2025-06-30T17:05:14.445064466Z
01JZ0ZE627NMEJ11CNAY7HZQZB,01JZ0YMAZQ8ZJWY43T1GN1DF14,2025-06-30T17:51:25.76779429Z,01JZ0YMB0WF5ZW98DAK0M01JZW,2025-06-30T17:51:25.76779429Z,01JZ0YXHWRS1NCGZMM3Q2B39GA,2025-06-30T17:51:25.76779429Z,01JZ0Z6T5QENAN1FC7PC1XG6KJ,2025-06-30T17:51:25.76779429Z
01JZ11SABD80CQRMTW391TKJN9,01JZ119YR0X0B5B35KS5ARQA66,2025-06-30T18:32:27.757505013Z,01JZ119YWQTW1CNB5AYNKC679G,2025-06-30T18:32:27.757505013Z,01JZ11BXK08MWSE44GV5N4BET6,2025-06-30T18:32:27.757505013Z,01JZ11HY4C2ZA9A58REARTJFFF,2025-06-30T18:32:27.757505013Z
01JZ0WT9CQEFJ01F2WFB8ZDW3H,01JZ0W7WFSG9ZE6FZ5RAYW75P8,2025-06-30T17:05:36.663126865Z,01JZ0W7WH7YZAXNKRFQJVF1GT9,2025-06-30T17:05:36.663126865Z,01JZ0W9YB6A3M163NJ5JYVES75,2025-06-30T17:05:36.663126865Z,01JZ0WT8WMMV7Z983D048DDPB1,2025-06-30T17:05:36.663126865Z
01JZ0WW6QZ8ZS4ZQ9JZYTG39KR,01JZ0W7WFSG9ZE6FZ5RAYW75P8,2025-06-30T17:06:39.487669132Z,01JZ0W7WHE67QMEH4CJKSJPVET,2025-06-30T17:06:39.487669132Z,01JZ0WHB9JPWBV5VN768TMG8B9,2025-06-30T17:06:39.487669132Z,01JZ0WMVDZTD2856GF5JYMK32E,2025-06-30T17:06:39.487669132Z
01JZ0WWTM9RT3RKQSE7BJ8SVH1,01JZ0W7WFSG9ZE6FZ5RAYW75P8,2025-06-30T17:06:59.849307973Z,01JZ0W7WHE67QMEH4CJKSJPVET,2025-06-30T17:06:59.849307973Z,01JZ0WHQ6NQHPGSWKKVV7VTKSZ,2025-06-30T17:06:59.849307973Z,01JZ0WMVE35K5WD19CJF3EQRFY,2025-06-30T17:06:59.849307973Z
01JZ0XM4PPKMMYWGF8Z63RXN52,01JZ0X7ZMW8Y5D7G0ZVAD2X33D,2025-06-30T17:19:43.83051916Z,01JZ0X7ZNN0GRQQ68EJYGR423Q,2025-06-30T17:19:43.83051916Z,01JZ0X62A2JP7CETA0N4WE5M8N,2025-06-30T17:19:43.83051916Z,01JZ0XCE4VW3TJ5TZKQXXFJFDB,2025-06-30T17:19:43.83051916Z
01JZ0YZGSW52G2FD0MFTCRTPB4,01JZ0YMAZQ8ZJWY43T1GN1DF14,2025-06-30T17:43:25.244511032Z,01JZ0YMB0R63S66YTFBNZZK4BM,2025-06-30T17:43:25.244511032Z,01JZ0YTPXXNDEF6X5DGJT83XQ2,2025-06-30T17:43:25.244511032Z,01JZ0YZF61V02X006G88CCN1N8,2025-06-30T17:43:25.244511032Z
01JZ12509490ECF8XS2DR95TD7,01JZ119YR0X0B5B35KS5ARQA66,2025-06-30T18:38:50.660671644Z,01JZ119YX2JRQ0Y08WK2G2K83K,2025-06-30T18:38:50.660671644Z,01JZ11T6JJ91GCJ0RFDG8MRSAF,2025-06-30T18:38:50.660671644Z,01JZ11X86YE0T5V4H5YMR2Z3VE,2025-06-30T18:38:50.660671644Z
01JZ0WWGNVM6NW1Z3FYNXE5GNV,01JZ0W7WFSG9ZE6FZ5RAYW75P8,2025-06-30T17:06:49.659805779Z,01JZ0W7WHE67QMEH4CJKSJPVET,2025-06-30T17:06:49.659805779Z,01JZ0W9MNX8R5K013QW8Y217QX,2025-06-30T17:06:49.659805779Z,01JZ0WMVE0Z1H51D5G42JWV0DM,2025-06-30T17:06:49.659805779Z
01JZ0X25WDBNHV8P6MSYPY7F9E,01JZ0W7WFSG9ZE6FZ5RAYW75P8,2025-06-30T17:09:55.213103416Z,01JZ0W7WH953KKVSAQ2B0M9V8S,2025-06-30T17:09:55.213103416Z,01JZ0WTJ3PN5WANHTPYKBXMWS1,2025-06-30T17:09:55.213103416Z,01JZ0WTTEN4KFVRC8S8Z8CDA17,2025-06-30T17:09:55.213103416Z
01JZ10N2030DDCB6N1P4TM4A3D,01JZ100N2HWY96Q2FTR0F0ZWE8,2025-06-30T18:12:39.55584845Z,01JZ100N40PZGZRWRMG9G2S114,2025-06-30T18:12:39.55584845Z,01JZ10B73RF8XXP7GQ68XZRBQ5,2025-06-30T18:12:39.55584845Z,01JZ10DBQZT54M7Y17Q46P3N9J,2025-06-30T18:12:39.55584845Z
01JZ10NC0ZYWY68RYD30FXJKEK,01JZ100N2HWY96Q2FTR0F0ZWE8,2025-06-30T18:12:49.823589442Z,01JZ100N40PZGZRWRMG9G2S114,2025-06-30T18:12:49.823589442Z,01JZ109DD1MS0H9Q6X0RP6AVZ3,2025-06-30T18:12:49.823589442Z,01JZ10DBRJ7Q8DK97HCAG5ZXQX,2025-06-30T18:12:49.823589442Z
01JZ11PTGG0Y2H48H1KX21F9D6,01JZ119YR0X0B5B35KS5ARQA66,2025-06-30T18:31:06.000375275Z,01JZ119YW2HKPBQ3HF5AQNWR9Z,2025-06-30T18:31:06.000375275Z,01JZ11DT8DFFKBGHX7CNH1JS5K,2025-06-30T18:31:06.000375275Z,01JZ11PR4KYZSBEP30FJJW9BWS,2025-06-30T18:31:06.000375275Z
01JZ11QAMMDRNWDQEANV823AXZ,01JZ119YR0X0B5B35KS5ARQA66,2025-06-30T18:31:22.516850329Z,01JZ119YTKRCVRVA7XBM70602J,2025-06-30T18:31:22.516850329Z,01JZ11CBMTTX2F1FHP1VTFM5ZA,2025-06-30T18:31:22.516850329Z,01JZ11NE9N3C99RSSTYD6TKYXD,2025-06-30T18:31:22.516850329Z
01JZ11X53CR9W26441VJKA1N5S,01JZ119YR0X0B5B35KS5ARQA66,2025-06-30T18:34:33.452336076Z,01JZ119YTKRCVRVA7XBM70602J,2025-06-30T18:34:33.452336076Z,01JZ11CBMTTX2F1FHP1VTFM5ZA,2025-06-30T18:34:33.452336076Z,01JZ11NEAPA0XRPSWMP18G6H2B,2025-06-30T18:34:33.452336076Z
01JZ0WNQD5FHPH2TFAMY24JPVN,01JZ0W7WFSG9ZE6FZ5RAYW75P8,2025-06-30T17:03:07.173922799Z,01JZ0W7WH4BMT12JZKEJ46HRED,2025-06-30T17:03:07.173922799Z,01JZ0WB3WGQSNZHFNZ1PEPZMFA,2025-06-30T17:03:07.173922799Z,01JZ0WDR6F1WJDXD60AZS9KZP4,2025-06-30T17:03:07.173922799Z
01JZ0WWTM74WV10R9BA001XAHN,01JZ0W7WFSG9ZE6FZ5RAYW75P8,2025-06-30T17:06:59.847756375Z,01JZ0W7WHE67QMEH4CJKSJPVET,2025-06-30T17:06:59.847756375Z,01JZ0WHB9JPWBV5VN768TMG8B9,2025-06-30T17:06:59.847756375Z,01JZ0WMVE35K5WD19CJF3EQRFY,2025-06-30T17:06:59.847756375Z
01JZ0ZGB1CSCYBE7N7PYCRC3BH,01JZ0Z7NVHZYGBR218W1AZTTTX,2025-06-30T17:52:36.396852454Z,01JZ0Z7NWQ9CYAGNFMNZVFE8F3,2025-06-30T17:52:36.396852454Z,01JZ0Z56GMAGY61G9078DF3SNP,2025-06-30T17:52:36.396852454Z,01JZ0ZG9Y20SDKYFVTQ1ZS0X1D,2025-06-30T17:52:36.396852454Z
01JZ10V01EQ8BJWY1MTG6ZTG7X,01JZ100N2HWY96Q2FTR0F0ZWE8,2025-06-30T18:15:54.158310963Z,01JZ100N4KMAHXYJQHY2912PJS,2025-06-30T18:15:54.158310963Z,01JZ107NDERNQQESZWJ5GXV4Z1,2025-06-30T18:15:54.158310963Z,01JZ10TYWPF2TZHNA9CJQ295HE,2025-06-30T18:15:54.158310963Z
01JZ124P7ZKM9YPH2CFSJD99B6,01JZ119YR0X0B5B35KS5ARQA66,2025-06-30T18:38:40.383320258Z,01JZ119YX2JRQ0Y08WK2G2K83K,2025-06-30T18:38:40.383320258Z,01JZ11X3WRWNN35NZNT7FAT64A,2025-06-30T18:38:40.383320258Z,01JZ11X84QT4YK2XBE2DR5BVB0,2025-06-30T18:38:40.383320258Z
01JZ125NBXZNPSGKHD09FKCEC7,01JZ11XHS287W5Q5TASNQ00G2A,2025-06-30T18:39:12.2530667Z,01JZ11XHTNJGBK57M9Z78S7EZ8,2025-06-30T18:39:12.2530667Z,01JZ121XNEV2BFA4677W8GJKQE,2025-06-30T18:39:12.2530667Z,01JZ125KRQ68H6PNASTFRMFV1A,2025-06-30T18:39:12.2530667Z
01JZ12PYDGSV480KS8KW993DJ8,01JZ125JFJMC1Q6XSKNPVJH08C,2025-06-30T18:48:38.576422534Z,01JZ125JHD5GFGZ2E2T20ACXSR,2025-06-30T18:48:38.576422534Z,01JZ12D1PBAA49WGRD8HFZA25A,2025-06-30T18:48:38.576422534Z,01JZ12EWZZKRH298JXPNFB7RHB,2025-06-30T18:48:38.576422534Z
01JZ12WRZZ79JCCGP76X0WBX3N,01JZ12GR49VSBA1ETNY3NZB6T4,2025-06-30T18:51:49.631167416Z,01JZ12GR778SNDBX9EP3GGZZ51,2025-06-30T18:51:49.631167416Z,01JZ125B3QHG2HSZ3DQ20DTRDX,2025-06-30T18:51:49.631167416Z,01JZ12TTW98MPEK7P3F2T40R51,2025-06-30T18:51:49.631167416Z
01JZ1398ZSBT7YSZQTQXHQRCAR,01JZ12TK2B48MQYACM0BX1FJ39,2025-06-30T18:58:39.225423347Z,01JZ12TK4A16DPH6KAMKDY8GHP,2025-06-30T18:58:39.225423347Z,01JZ12KB6XB4QKN33ZRRP43KPC,2025-06-30T18:58:39.225423347Z,01JZ137CN475F89C8K3MM1GJRS,2025-06-30T18:58:39.225423347Z
01JZ0ZE621T7AZNR04SV5VRVJE,01JZ0YMAZQ8ZJWY43T1GN1DF14,2025-06-30T17:51:25.761438434Z,01JZ0YMB0WF5ZW98DAK0M01JZW,2025-06-30T17:51:25.761438434Z,01JZ0YSZNHQSEKK9EFAJTDAS66,2025-06-30T17:51:25.761438434Z,01JZ0Z6T5QENAN1FC7PC1XG6KJ,2025-06-30T17:51:25.761438434Z
01JZ0ZGJTCWNQN3Y2SW0QR70HE,01JZ0Z7NVHZYGBR218W1AZTTTX,2025-06-30T17:52:44.364446541Z,01JZ0Z7NWVZHM50FX7KDE2CZ4K,2025-06-30T17:52:44.364446541Z,01JZ0ZAGM72PT49TD18YS8NKEM,2025-06-30T17:52:44.364446541Z,01JZ0ZEQ67C9F5HTE4Z5ZKADET,2025-06-30T17:52:44.364446541Z
01JZ0ZN4PDMKNJ8A8405SCW4J3,01JZ0Z7NVHZYGBR218W1AZTTTX,2025-06-30T17:55:13.741496453Z,01JZ0Z7NWZE2H4FK4XXVVF91VK,2025-06-30T17:55:13.741496453Z,01JZ0ZDPKFMFYQGHQARHET8ET7,2025-06-30T17:55:13.741496453Z,01JZ0ZN3W22ZCXAA8HM6TZXMH5,2025-06-30T17:55:13.741496453Z
01JZ10M8AJQ0EJ0DH6SMEVM7SG,01JZ100N2HWY96Q2FTR0F0ZWE8,2025-06-30T18:12:13.266835811Z,01JZ100N4SNNY9PP8QFCF7M9TY,2025-06-30T18:12:13.266835811Z,01JZ109PGT8NP1GATDS6WSNCMS,2025-06-30T18:12:13.266835811Z,01JZ10C7P781CD1JWXA8PMMF8B,2025-06-30T18:12:13.266835811Z
01JZ10MQWABDVM29A7EGEEDKFC,01JZ100N2HWY96Q2FTR0F0ZWE8,2025-06-30T18:12:29.194611445Z,01JZ100N40PZGZRWRMG9G2S114,2025-06-30T18:12:29.194611445Z,01JZ10B73RF8XXP7GQ68XZRBQ5,2025-06-30T18:12:29.194611445Z,01JZ10DBRS6JXFXDQCGQSX4K9P,2025-06-30T18:12:29.194611445Z
01JZ11X533JNRBPP5MC7K6M5TV,01JZ119YR0X0B5B35KS5ARQA66,2025-06-30T18:34:33.44372829Z,01JZ119YTKRCVRVA7XBM70602J,2025-06-30T18:34:33.44372829Z,01JZ11EG7S8X86Q9VBDZSW3H5E,2025-06-30T18:34:33.44372829Z,01JZ11NEAPA0XRPSWMP18G6H2B,2025-06-30T18:34:33.44372829Z
01JZ0ZE60NKD0GDBNEWV35RWF9,01JZ0YMAZQ8ZJWY43T1GN1DF14,2025-06-30T17:51:25.717531325Z,01JZ0YMB0WF5ZW98DAK0M01JZW,2025-06-30T17:51:25.717531325Z,01JZ0YSR6RVXKHMM82EPAA9R01,2025-06-30T17:51:25.717531325Z,01JZ0Z6T5QENAN1FC7PC1XG6KJ,2025-06-30T17:51:25.717531325Z
01JZ119J0F994FPP6YYV1YFA5J,01JZ10P0MMB9VWWBD3QMCFKF4F,2025-06-30T18:23:51.311772891Z,01JZ10P0NQF4P3BB1AAZVYSJMW,2025-06-30T18:23:51.311772891Z,01JZ115P8J6BQ15VPBKQ514M38,2025-06-30T18:23:51.311772891Z,01JZ117N2TGV3ZG2F0D8H72DDX,2025-06-30T18:23:51.311772891Z
01JZ132Z0YVA6SKN792DCJ50KJ,01JZ12GR49VSBA1ETNY3NZB6T4,2025-06-30T18:55:12.415014012Z,01JZ12GR778SNDBX9EP3GGZZ51,2025-06-30T18:55:12.415014012Z,01JZ12RBR20YH5T4R3MECTGR5T,2025-06-30T18:55:12.415014012Z,01JZ12TV0XDP3Z0XB405CBZ7R7,2025-06-30T18:55:12.415014012Z
01JZ0WJQSSKNHT7HE70SY54CPG,01JZ0W7WFSG9ZE6FZ5RAYW75P8,2025-06-30T17:01:29.273338331Z,01JZ0W7WHAXBN0H6GS7ZCJVTX8,2025-06-30T17:01:29.273338331Z,01JZ0W9R8KHVM75CY4CTKH5PQG,2025-06-30T17:01:29.273338331Z,01JZ0WJQ9J18BDTKE4NFVP61Y9,2025-06-30T17:01:29.273338331Z
01JZ0WTCY01AGZ4DZKDBT3NZNZ,01JZ0W7WFSG9ZE6FZ5RAYW75P8,2025-06-30T17:05:40.288849377Z,01JZ0W7WHAXBN0H6GS7ZCJVTX8,2025-06-30T17:05:40.288849377Z,01JZ0WH9YNF3ECN4CRXVD7B211,2025-06-30T17:05:40.288849377Z,01JZ0WJQABN7TSDEXVBPTHGDXH,2025-06-30T17:05:40.288849377Z
01JZ0XH4QAJ9BZN1K8C79V604W,01JZ0X13W9RT32E263JAYJS0WA,2025-06-30T17:18:05.54614099Z,01JZ0X13WYYJA1PBKDVESDJZK9,2025-06-30T17:18:05.54614099Z,01JZ0X6A1C027352DXJ8961HXQ,2025-06-30T17:18:05.54614099Z,01JZ0X94WB76H8GZ1J3E0APZ5N,2025-06-30T17:18:05.54614099Z
01JZ0YJ2X0DEVXF0G53VXQWNYF,01JZ0XP7D84G107KY8Y0T4X5V0,2025-06-30T17:36:05.024241043Z,01JZ0XP7EG8XH2A757Q0XZSTD8,2025-06-30T17:36:05.024241043Z,01JZ0Y0SZ0N9E11ZWKT7DVHFDT,2025-06-30T17:36:05.024241043Z,01JZ0YJ23FRP7FAQAPQ1AHZ980,2025-06-30T17:36:05.024241043Z
01JZ0YJ5H8GG972P8JBERM22WY,01JZ0XP7D84G107KY8Y0T4X5V0,2025-06-30T17:36:07.7224108Z,01JZ0XP7E80XQ8XGY0HAVD3ZJP,2025-06-30T17:36:07.7224108Z,01JZ0XRPPYAPF8095P7RP7R51F,2025-06-30T17:36:07.7224108Z,01JZ0YJ4S3HREA83Z1G5QWSHJY,2025-06-30T17:36:07.7224108Z
01JZ0YN3Q7EX8H7S9RZP6W564Q,01JZ0XP7D84G107KY8Y0T4X5V0,2025-06-30T17:37:44.167947797Z,01JZ0XP7EQ68N8E1T1SAYQ3MY0,2025-06-30T17:37:44.167947797Z,01JZ0YG2CYXBR596MKQQA0KSWW,2025-06-30T17:37:44.167947797Z,01JZ0YK8E58VD8SGEEYESD6KC6,2025-06-30T17:37:44.167947797Z
01JZ0YSR52KCYC4QP6AW276ZVE,01JZ0XP7D84G107KY8Y0T4X5V0,2025-06-30T17:40:16.162695384Z,01JZ0XP7EG8XH2A757Q0XZSTD8,2025-06-30T17:40:16.162695384Z,01JZ0Y0SZ0N9E11ZWKT7DVHFDT,2025-06-30T17:40:16.162695384Z,01JZ0YJ23KDS5S1FAB4EPJNCZW,2025-06-30T17:40:16.162695384Z
01JZ0Z8NR79A97CWZVBRV3XT85,01JZ0YMAZQ8ZJWY43T1GN1DF14,2025-06-30T17:48:25.223663093Z,01JZ0YMB0WF5ZW98DAK0M01JZW,2025-06-30T17:48:25.223663093Z,01JZ0YSR6RVXKHMM82EPAA9R01,2025-06-30T17:48:25.223663093Z,01JZ0Z6T5JS8VCZARJE0AVHE7R,2025-06-30T17:48:25.223663093Z
01JZ11300BSY9R906TBST3AG3Y,01JZ100N2HWY96Q2FTR0F0ZWE8,2025-06-30T18:20:16.267711985Z,01JZ100N4KMAHXYJQHY2912PJS,2025-06-30T18:20:16.267711985Z,01JZ10J3PQE4B6BSPPJM12TS9H,2025-06-30T18:20:16.267711985Z,01JZ10TYXHDMSSHPTCKFSQ6X1M,2025-06-30T18:20:16.267711985Z
01JZ119HZS8Y4C48QZ9QQ851F4,01JZ10P0MMB9VWWBD3QMCFKF4F,2025-06-30T18:23:51.289977691Z,01JZ10P0NQF4P3BB1AAZVYSJMW,2025-06-30T18:23:51.289977691Z,01JZ113RKF9TQ2DGG0881HHX2H,2025-06-30T18:23:51.289977691Z,01JZ117N2TGV3ZG2F0D8H72DDX,2025-06-30T18:23:51.289977691Z
01JZ11PTYYC97290Z552P2004E,01JZ119YR0X0B5B35KS5ARQA66,2025-06-30T18:31:06.462957081Z,01JZ119YWDV104V646C65RZD3P,2025-06-30T18:31:06.462957081Z,01JZ11BP18KH9CR06TJHH6GM74,2025-06-30T18:31:06.462957081Z,01JZ11MWAFH0VDVYTS4QR2FQ42,2025-06-30T18:31:06.462957081Z
01JZ12DBB3S38G35EJPMPX79ST,01JZ11XHS287W5Q5TASNQ00G2A,2025-06-30T18:43:24.13144334Z,01JZ11XHTNJGBK57M9Z78S7EZ8,2025-06-30T18:43:24.13144334Z,01JZ1210S38G6D0X3Q8JSCJ1V1,2025-06-30T18:43:24.13144334Z,01JZ125KVFXGM4X3QHYBQ7FNMN,2025-06-30T18:43:24.13144334Z
01JZ0WSXKHGY1T976JCK56E7YY,01JZ0W7WFSG9ZE6FZ5RAYW75P8,2025-06-30T17:05:24.5934589Z,01JZ0W7WH953KKVSAQ2RB19JGS,2025-06-30T17:05:24.5934589Z,01JZ0W9WCH8JKPBKWHEDD5J8GA,2025-06-30T17:05:24.5934589Z,01JZ0WHXCC6CTCCFSE1KKSNSCN,2025-06-30T17:05:24.5934589Z
01JZ0WTTYGME8YJ8MK0GDZKPT3,01JZ0W7WFSG9ZE6FZ5RAYW75P8,2025-06-30T17:05:54.640508711Z,01JZ0W7WH953KKVSAQ2B0M9V8S,2025-06-30T17:05:54.640508711Z,01JZ0WDHB8RBCQFFDNJQQPYNN7,2025-06-30T17:05:54.640508711Z,01JZ0WTTEFNHZBVNW28GNGKHC8,2025-06-30T17:05:54.640508711Z
01JZ0ZNCKHZ3YVCC8GFA7TJGHB,01JZ0Z7NVHZYGBR218W1AZTTTX,2025-06-30T17:55:21.84192407Z,01JZ0Z7NWEY0R3MD8J8181F140,2025-06-30T17:55:21.84192407Z,01JZ0ZEY8PJTCNK0R4SHSPP740,2025-06-30T17:55:21.84192407Z,01JZ0ZNAXZF6HQZHP7T6S8SP4R,2025-06-30T17:55:21.84192407Z
01JZ0ZWQVH1Z950JR2VF5872EN,01JZ0Z7NVHZYGBR218W1AZTTTX,2025-06-30T17:59:22.737986205Z,01JZ0Z7NWEY0R3MD8J8181F140,2025-06-30T17:59:22.737986205Z,01JZ0ZJ32JH3S0BBR7ZZG4D13A,2025-06-30T17:59:22.737986205Z,01JZ0ZNAYQ28Y241WB8F253Q81,2025-06-30T17:59:22.737986205Z
01JZ0ZX1VY41S44GND70NHSFNY,01JZ0Z7NVHZYGBR218W1AZTTTX,2025-06-30T17:59:32.99008026Z,01JZ0Z7NWEY0R3MD8J8181F140,2025-06-30T17:59:32.99008026Z,01JZ0ZJ32JH3S0BBR7ZZG4D13A,2025-06-30T17:59:32.99008026Z,01JZ0ZNAZ0B9M929EBAXD1XH4G,2025-06-30T17:59:32.99008026Z
01JZ10DCPVSXNV88NK6SE2KFFY,01JZ100N2HWY96Q2FTR0F0ZWE8,2025-06-30T18:08:28.379601105Z,01JZ100N40PZGZRWRMG9G2S114,2025-06-30T18:08:28.379601105Z,01JZ10B73RF8XXP7GQ68XZRBQ5,2025-06-30T18:08:28.379601105Z,01JZ10DBQF23SMF6SAV061V1KD,2025-06-30T18:08:28.379601105Z
01JZ10KM47G7MBH46AQCQGSN80,01JZ100N2HWY96Q2FTR0F0ZWE8,2025-06-30T18:11:52.583752961Z,01JZ100N4SNNY9PP8QFCF7M9TY,2025-06-30T18:11:52.583752961Z,01JZ109PGT8NP1GATDS6WSNCMS,2025-06-30T18:11:52.583752961Z,01JZ10C7MH6PK273FNY69VTJ1Q,2025-06-30T18:11:52.583752961Z
01JZ0WPPNF6EQE8MDG9RYYR28S,01JZ0W7WFSG9ZE6FZ5RAYW75P8,2025-06-30T17:03:39.183165225Z,01JZ0W7WHE67QMEH4CJKSJPVET,2025-06-30T17:03:39.183165225Z,01JZ0WHB9JPWBV5VN768TMG8B9,2025-06-30T17:03:39.183165225Z,01JZ0WMVDVPF44P3G83145WX2W,2025-06-30T17:03:39.183165225Z
01JZ0X7RG1KQSKBHQX0A55G4M7,01JZ0W7WFSG9ZE6FZ5RAYW75P8,2025-06-30T17:12:58.113235556Z,01JZ0W7WH669S2GHZMF9MZZGM3,2025-06-30T17:12:58.113235556Z,01JZ0WHH62CWG8X5EQDM9AT4MS,2025-06-30T17:12:58.113235556Z,01JZ0X0D26E7S9F8PCXYCC97ZQ,2025-06-30T17:12:58.113235556Z
01JZ0YK8T54N7X58HZPRGJPV6Q,01JZ0XP7D84G107KY8Y0T4X5V0,2025-06-30T17:36:43.84564638Z,01JZ0XP7EQ68N8E1T1SAYQ3MY0,2025-06-30T17:36:43.84564638Z,01JZ0YG2CYXBR596MKQQA0KSWW,2025-06-30T17:36:43.84564638Z,01JZ0YK8DVGRZRYAMWHKT16ASH,2025-06-30T17:36:43.84564638Z
01JZ0ZGB152QFSYTRCQ7VKP6AX,01JZ0Z7NVHZYGBR218W1AZTTTX,2025-06-30T17:52:36.390053367Z,01JZ0Z7NWQ9CYAGNFMNZVFE8F3,2025-06-30T17:52:36.390053367Z,01JZ0Z61DZRMR0MQ7ZC5BQNRCY,2025-06-30T17:52:36.390053367Z,01JZ0ZG9Y20SDKYFVTQ1ZS0X1D,2025-06-30T17:52:36.390053367Z
01JZ0ZQP99BTB7PMQSGED341MM,01JZ0Z7NVHZYGBR218W1AZTTTX,2025-06-30T17:56:37.289374559Z,01JZ0Z7NWQ9CYAGNFMNZVFE8F3,2025-06-30T17:56:37.289374559Z,01JZ0ZC0M5FWKT3BXNBNQBRS3X,2025-06-30T17:56:37.289374559Z,01JZ0ZG9YZKMF1X2ZVRXK33NBW,2025-06-30T17:56:37.289374559Z
01JZ10VP5E2HZMFQC7Z3F4B80H,01JZ100N2HWY96Q2FTR0F0ZWE8,2025-06-30T18:16:16.81497925Z,01JZ100N4EZ1D1ZSMZ8BGYY8VN,2025-06-30T18:16:16.81497925Z,01JZ10HD3WWGQK3YQHKKJS02JE,2025-06-30T18:16:16.81497925Z,01JZ10KP2ASY20JS3WR554PJ7K,2025-06-30T18:16:16.81497925Z
01JZ125BTWZ8QFGMFHK9HEHXV4,01JZ119YR0X0B5B35KS5ARQA66,2025-06-30T18:39:02.492347504Z,01JZ119YY7H6NVYT7RKS2PMWJ6,2025-06-30T18:39:02.492347504Z,01JZ11JEW6YXEJ3AB50VHRYMWD,2025-06-30T18:39:02.492347504Z,01JZ11XAFJ8MVB91K5562CQM4C,2025-06-30T18:39:02.492347504Z
01JZ0WR2JHRBAGYJETQQ7EJQ4J,01JZ0W7WFSG9ZE6FZ5RAYW75P8,2025-06-30T17:04:24.145589601Z,01JZ0W7WHDGTV3A91VXN46A52G,2025-06-30T17:04:24.145589601Z,01JZ0WB5XJSF2KBBJR37WH755X,2025-06-30T17:04:24.145589601Z,01JZ0WG1NFKCG5ZG724ZBXJHY2,2025-06-30T17:04:24.145589601Z
01JZ11SABZ749HVACQX6S6G8VS,01JZ119YR0X0B5B35KS5ARQA66,2025-06-30T18:32:27.775950432Z,01JZ119YWQTW1CNB5AYNKC679G,2025-06-30T18:32:27.775950432Z,01JZ11FGST56RJTD3QVHX7QE2X,2025-06-30T18:32:27.775950432Z,01JZ11HY4C2ZA9A58REARTJFFF,2025-06-30T18:32:27.775950432Z
01JZ0YJ6D3WHE5XMGNSW0NG79Q,01JZ0XP7D84G107KY8Y0T4X5V0,2025-06-30T17:36:08.611608601Z,01JZ0XP7EMN72NB2RFN2ZH81CP,2025-06-30T17:36:08.611608601Z,01JZ0Y3YT51GNJH9V4M2SS9AVC,2025-06-30T17:36:08.611608601Z,01JZ0YGAXEGV56WCH1MR19TPMT,2025-06-30T17:36:08.611608601Z
01JZ0ZGB0KPYE3EQ5RXR6VCECQ,01JZ0Z7NVHZYGBR218W1AZTTTX,2025-06-30T17:52:36.371818851Z,01JZ0Z7NWQ9CYAGNFMNZVFE8F3,2025-06-30T17:52:36.371818851Z,01JZ0Z2DMXM7C255K3VDCTZ8FV,2025-06-30T17:52:36.371818851Z,01JZ0ZG9Y20SDKYFVTQ1ZS0X1D,2025-06-30T17:52:36.371818851Z
01JZ0X1G7J7QC8EZQQJA1JG3XX,01JZ0W7WFSG9ZE6FZ5RAYW75P8,2025-06-30T17:09:33.042786465Z,01JZ0W7WHAXBN0H6GS7Q677HGB,2025-06-30T17:09:33.042786465Z,01JZ0WMR785XGV58FWEYY8ZV5R,2025-06-30T17:09:33.042786465Z,01JZ0X1FP22MSK5DRFKPK2ATM0,2025-06-30T17:09:33.042786465Z
01JZ10VP53NGCM2VPY169PQ28J,01JZ100N2HWY96Q2FTR0F0ZWE8,2025-06-30T18:16:16.803435409Z,01JZ100N4EZ1D1ZSMZ8BGYY8VN,2025-06-30T18:16:16.803435409Z,01JZ10JPEDAYGCXJFQDZB9T0EF,2025-06-30T18:16:16.803435409Z,01JZ10KP2ASY20JS3WR554PJ7K,2025-06-30T18:16:16.803435409Z
01JZ11300GJDVHPJBKGTCXEPSV,01JZ100N2HWY96Q2FTR0F0ZWE8,2025-06-30T18:20:16.272505749Z,01JZ100N4KMAHXYJQHY2912PJS,2025-06-30T18:20:16.272505749Z,01JZ10SPWFT6C4P571D24QBAAF,2025-06-30T18:20:16.272505749Z,01JZ10TYXHDMSSHPTCKFSQ6X1M,2025-06-30T18:20:16.272505749Z
01JZ127GCX5ZSQF2QPWC9QXK7S,01JZ11XHS287W5Q5TASNQ00G2A,2025-06-30T18:40:12.701340222Z,01JZ11XHTNJGBK57M9Z78S7EZ8,2025-06-30T18:40:12.701340222Z,01JZ122DHHDD83BCEEFYJA11AW,2025-06-30T18:40:12.701340222Z,01JZ125KS3T2N5BYVPYYF70Q02,2025-06-30T18:40:12.701340222Z
01JZ132MB282ZNBF8DXEQRAP0M,01JZ12GR49VSBA1ETNY3NZB6T4,2025-06-30T18:55:01.474962393Z,01JZ12GR778SNDBX9EP3GGZZ51,2025-06-30T18:55:01.474962393Z,01JZ125B3QHG2HSZ3DQ20DTRDX,2025-06-30T18:55:01.474962393Z,01JZ12TTY27BQ4HDCJPV329SXP,2025-06-30T18:55:01.474962393Z
01JZ0WMJQ1F5VNQPYSP1XD02VG,01JZ0W7WFSG9ZE6FZ5RAYW75P8,2025-06-30T17:02:29.601870763Z,01JZ0W7WHAXBN0H6GS7ZCJVTX8,2025-06-30T17:02:29.601870763Z,01JZ0W9R8KHVM75CY4CTKH5PQG,2025-06-30T17:02:29.601870763Z,01JZ0WJQAGDGV9E3R30526KBPY,2025-06-30T17:02:29.601870763Z
01JZ0WNQDRAZ7P9FHBF28ES99R,01JZ0W7WFSG9ZE6FZ5RAYW75P8,2025-06-30T17:03:07.19274632Z,01JZ0W7WH4BMT12JZKEJ46HRED,2025-06-30T17:03:07.19274632Z,01JZ0W9J7SB794Z25G4BTHXQDZ,2025-06-30T17:03:07.19274632Z,01JZ0WDR6F1WJDXD60AZS9KZP4,2025-06-30T17:03:07.19274632Z
01JZ0X96603A889JDN8VDHWQ2N,01JZ0W7WFSG9ZE6FZ5RAYW75P8,2025-06-30T17:13:44.89657066Z,01JZ0W7WHAXBN0H6GS7Q677HGB,2025-06-30T17:13:44.89657066Z,01JZ0WECFR55CR34EY9YEA4XK8,2025-06-30T17:13:44.89657066Z,01JZ0X1FPR58K35420H05VGMMZ,2025-06-30T17:13:44.89657066Z
01JZ0YJ87GPZ1VS7GJ3FT1MAYF,01JZ0XP7D84G107KY8Y0T4X5V0,2025-06-30T17:36:10.4801096Z,01JZ0XP7EJVNGB38T0GJJ3YDRG,2025-06-30T17:36:10.4801096Z,01JZ0YEJZ0MS606BWV5CDW083D,2025-06-30T17:36:10.4801096Z,01JZ0YGBRBSNY5AD60TW5622DY,2025-06-30T17:36:10.4801096Z
01JZ10V23Y81G8MR1D7NXKKEJA,01JZ100N2HWY96Q2FTR0F0ZWE8,2025-06-30T18:15:56.286502632Z,01JZ100N4EZ1D1ZSMZ8BGYY8VN,2025-06-30T18:15:56.286502632Z,01JZ104180T0VDBKNH0NERW22V,2025-06-30T18:15:56.286502632Z,01JZ10KP1Q82VDRFTGBXZQAHX0,2025-06-30T18:15:56.286502632Z
01JZ12TXZDB9FTN7N5YZ9EVTTS,01JZ12GR49VSBA1ETNY3NZB6T4,2025-06-30T18:50:49.197879392Z,01JZ12GR778SNDBX9EP3GGZZ51,2025-06-30T18:50:49.197879392Z,01JZ12K3HHD1QQBE701MXDWZ18,2025-06-30T18:50:49.197879392Z,01JZ12TTVA87MGKQWWKK4ZMA23,2025-06-30T18:50:49.197879392Z
01JZ0WHXKGMTZX3RAFMD464N54,01JZ0W7WFSG9ZE6FZ5RAYW75P8,2025-06-30T17:01:02.448836691Z,01JZ0W7WHDGTV3A91VXN46A52G,2025-06-30T17:01:02.448836691Z,01JZ0WB5XJSF2KBBJR37WH755X,2025-06-30T17:01:02.448836691Z,01JZ0WG1NA88YKD1VTVSR9S45Y,2025-06-30T17:01:02.448836691Z
01JZ0WQRMR4QYM5FEY8YENKS02,01JZ0W7WFSG9ZE6FZ5RAYW75P8,2025-06-30T17:04:13.976509092Z,01JZ0W7WHDGTV3A91VXN46A52G,2025-06-30T17:04:13.976509092Z,01JZ0WA4AHK3PPVW2TTV3AGCJ0,2025-06-30T17:04:13.976509092Z,01JZ0WG1NJ7YSDPMF47M86JFSF,2025-06-30T17:04:13.976509092Z
01JZ0WT2YNNHNJMW8YV69F038Y,01JZ0W7WFSG9ZE6FZ5RAYW75P8,2025-06-30T17:05:30.069972117Z,01JZ0W7WHAXBN0H6GS7ZCJVTX8,2025-06-30T17:05:30.069972117Z,01JZ0WA02FW6MBJBPMA4NG8C7G,2025-06-30T17:05:30.069972117Z,01JZ0WJQA35VHGFRBVKP4WHW2X,2025-06-30T17:05:30.069972117Z
01JZ0X0DKN5GRZTCS0JY7MP8T9,01JZ0W7WFSG9ZE6FZ5RAYW75P8,2025-06-30T17:08:57.589933223Z,01JZ0W7WH669S2GHZMF9MZZGM3,2025-06-30T17:08:57.589933223Z,01JZ0WEF45D6SMFDVXBTYRXH10,2025-06-30T17:08:57.589933223Z,01JZ0X0D1TX7JZAW1W5093THGQ,2025-06-30T17:08:57.589933223Z
01JZ0X25WN99JT23FVZTR7CJVB,01JZ0W7WFSG9ZE6FZ5RAYW75P8,2025-06-30T17:09:55.221793821Z,01JZ0W7WH953KKVSAQ2B0M9V8S,2025-06-30T17:09:55.221793821Z,01JZ0WDHB8RBCQFFDNJQQPYNN7,2025-06-30T17:09:55.221793821Z,01JZ0WTTEN4KFVRC8S8Z8CDA17,2025-06-30T17:09:55.221793821Z
01JZ0YN3QF3K7FAQWW2WYBFY33,01JZ0XP7D84G107KY8Y0T4X5V0,2025-06-30T17:37:44.175049751Z,01JZ0XP7EQ68N8E1T1SAYQ3MY0,2025-06-30T17:37:44.175049751Z,01JZ0XZGPDAT03QJDBZ8FWCY64,2025-06-30T17:37:44.175049751Z,01JZ0YK8E58VD8SGEEYESD6KC6,2025-06-30T17:37:44.175049751Z
01JZ0YRAQ91QHR86ZZWT5ECDV4,01JZ0XP7D84G107KY8Y0T4X5V0,2025-06-30T17:39:29.641676113Z,01JZ0XP7EMN72NB2RFN2ZH81CP,2025-06-30T17:39:29.641676113Z,01JZ0YBTY92QFVERA9FGE6RSZ6,2025-06-30T17:39:29.641676113Z,01JZ0YGAWV38VXQGG2BT4ZQEM9,2025-06-30T17:39:29.641676113Z
01JZ13FDXVMRG681ENJGTD731K,01JZ12TK2B48MQYACM0BX1FJ39,2025-06-30T19:02:00.891759317Z,01JZ12TK4A16DPH6KAMKDY8GHP,2025-06-30T19:02:00.891759317Z,01JZ134XXSYB7MDVYZCM82AH6P,2025-06-30T19:02:00.891759317Z,01JZ137CP8QX9GA8J0PENAMWHK,2025-06-30T19:02:00.891759317Z
01JZ0X965TPJ032YRG593R95SG,01JZ0W7WFSG9ZE6FZ5RAYW75P8,2025-06-30T17:13:44.890561376Z,01JZ0W7WHAXBN0H6GS7Q677HGB,2025-06-30T17:13:44.890561376Z,01JZ0WMR785XGV58FWEYY8ZV5R,2025-06-30T17:13:44.890561376Z,01JZ0X1FPR58K35420H05VGMMZ,2025-06-30T17:13:44.890561376Z
01JZ0YK8T8ACNC41WVPJDBF9X1,01JZ0XP7D84G107KY8Y0T4X5V0,2025-06-30T17:36:43.848755618Z,01JZ0XP7EQ68N8E1T1SAYQ3MY0,2025-06-30T17:36:43.848755618Z,01JZ0XVYBJ3BJ2ZA7GA2NF055P,2025-06-30T17:36:43.848755618Z,01JZ0YK8DVGRZRYAMWHKT16ASH,2025-06-30T17:36:43.848755618Z
01JZ0YT51MBVKV9EWKNYH6X06E,01JZ0XP7D84G107KY8Y0T4X5V0,2025-06-30T17:40:29.364230132Z,01JZ0XP7E80XQ8XGY0HAVD3ZJP,2025-06-30T17:40:29.364230132Z,01JZ0XWJYRFVEKYXHW4V19QPP6,2025-06-30T17:40:29.364230132Z,01JZ0YJ4SBT6RKE5YK9X1823NZ,2025-06-30T17:40:29.364230132Z
01JZ0YTXW1ZTFT7EHNN836656E,01JZ0XP7D84G107KY8Y0T4X5V0,2025-06-30T17:40:54.785878113Z,01JZ0XP7EQ68N8E1T1SAYQ3MY0,2025-06-30T17:40:54.785878113Z,01JZ0YG2CYXBR596MKQQA0KSWW,2025-06-30T17:40:54.785878113Z,01JZ0YK8EE52K8MZ9DF53S17N0,2025-06-30T17:40:54.785878113Z
01JZ0ZX1W2GRRACNXCA5GT6WJ9,01JZ0Z7NVHZYGBR218W1AZTTTX,2025-06-30T17:59:32.994304475Z,01JZ0Z7NWEY0R3MD8J8181F140,2025-06-30T17:59:32.994304475Z,01JZ0ZEY8PJTCNK0R4SHSPP740,2025-06-30T17:59:32.994304475Z,01JZ0ZNAZ0B9M929EBAXD1XH4G,2025-06-30T17:59:32.994304475Z
01JZ11MY6K1XN4YP7RCH3EQJPZ,01JZ119YR0X0B5B35KS5ARQA66,2025-06-30T18:30:04.243120283Z,01JZ119YWDV104V646C65RZD3P,2025-06-30T18:30:04.243120283Z,01JZ11D8PF8N11C5QPJ1C6S7NF,2025-06-30T18:30:04.243120283Z,01JZ11MW9THQC1VBEAB1ZSZY6F,2025-06-30T18:30:04.243120283Z
01JZ11SYCX2TP27XBHSA2K7Y0E,01JZ119YR0X0B5B35KS5ARQA66,2025-06-30T18:32:48.285585455Z,01JZ119YWQTW1CNB5AYNKC679G,2025-06-30T18:32:48.285585455Z,01JZ11BXK08MWSE44GV5N4BET6,2025-06-30T18:32:48.285585455Z,01JZ11HY5GTB26PNT6EZ0KBFKN,2025-06-30T18:32:48.285585455Z
01JZ12EYBKP7KAKWRET8JEBAVS,01JZ125JFJMC1Q6XSKNPVJH08C,2025-06-30T18:44:16.371067618Z,01JZ125JHD5GFGZ2E2T20ACXSR,2025-06-30T18:44:16.371067618Z,01JZ12AZ7PFBE16D13G8YGSAMG,2025-06-30T18:44:16.371067618Z,01JZ12EWYEXNMVZCP3908A7G9E,2025-06-30T18:44:16.371067618Z
01JZ13F3SDB0WF01WR96BAPHMM,01JZ12TK2B48MQYACM0BX1FJ39,2025-06-30T19:01:50.509170461Z,01JZ12TK4A16DPH6KAMKDY8GHP,2025-06-30T19:01:50.509170461Z,01JZ134XXSYB7MDVYZCM82AH6P,2025-06-30T19:01:50.509170461Z,01JZ137CNW8D87XK60RYZ616JK,2025-06-30T19:01:50.509170461Z
01JZ0ZEG23JFWKPD2YRTD4WQFT,01JZ0YMAZQ8ZJWY43T1GN1DF14,2025-06-30T17:51:36.003520508Z,01JZ0YMB0WF5ZW98DAK0M01JZW,2025-06-30T17:51:36.003520508Z,01JZ0YXHWRS1NCGZMM3Q2B39GA,2025-06-30T17:51:36.003520508Z,01JZ0Z6T5VNT6VRJ3BZAS2BXSR,2025-06-30T17:51:36.003520508Z
01JZ11Y5ZJYX398M62E9M8EGG3,01JZ119YR0X0B5B35KS5ARQA66,2025-06-30T18:35:07.12289741Z,01JZ119YW2HKPBQ3HF5AQNWR9Z,2025-06-30T18:35:07.12289741Z,01JZ11DT8DFFKBGHX7CNH1JS5K,2025-06-30T18:35:07.12289741Z,01JZ11PR6X1RV1B06GFYQ7HH3Q,2025-06-30T18:35:07.12289741Z
01JZ0WNQDDBB0AHC99V8294DB6,01JZ0W7WFSG9ZE6FZ5RAYW75P8,2025-06-30T17:03:07.181654875Z,01JZ0W7WH4BMT12JZKEJ46HRED,2025-06-30T17:03:07.181654875Z,01JZ0WAAZYC4MWADQ1W4JHZEKE,2025-06-30T17:03:07.181654875Z,01JZ0WDR6F1WJDXD60AZS9KZP4,2025-06-30T17:03:07.181654875Z
01JZ0X965C01XDFX1NV38PYP21,01JZ0W7WFSG9ZE6FZ5RAYW75P8,2025-06-30T17:13:44.876448113Z,01JZ0W7WHAXBN0H6GS7Q677HGB,2025-06-30T17:13:44.876448113Z,01JZ0WRNMB87KA9QP0V95N94CC,2025-06-30T17:13:44.876448113Z,01JZ0X1FPR58K35420H05VGMMZ,2025-06-30T17:13:44.876448113Z
01JZ0ZWFYEK9W869XQ5EX3S3SR,01JZ0Z7NVHZYGBR218W1AZTTTX,2025-06-30T17:59:14.638487384Z,01JZ0Z7NWZE2H4FK4XXVVF91VK,2025-06-30T17:59:14.638487384Z,01JZ0ZDR4R16NZQ3H22ZMHYSSY,2025-06-30T17:59:14.638487384Z,01JZ0ZN3WK9WZTC3G19AKW9721,2025-06-30T17:59:14.638487384Z
01JZ10F7H8ST9H0TCCBXHXHYY5,01JZ100N2HWY96Q2FTR0F0ZWE8,2025-06-30T18:09:28.616425736Z,01JZ100N40PZGZRWRMG9G2S114,2025-06-30T18:09:28.616425736Z,01JZ10AXVMES632P24R1SRWC3P,2025-06-30T18:09:28.616425736Z,01JZ10DBQST28KKZ3PCXRQF7R5,2025-06-30T18:09:28.616425736Z
01JZ0WFKBTT5MFTST47B48TNRR,01JZ0W7WFSG9ZE6FZ5RAYW75P8,2025-06-30T16:59:46.426520392Z,01JZ0W7WH4BMT12JZKEJ46HRED,2025-06-30T16:59:46.426520392Z,01JZ0WAB87JJZ65XTQ86875XYE,2025-06-30T16:59:46.426520392Z,01JZ0WDR671V6AK68SF1289RWZ,2025-06-30T16:59:46.426520392Z
01JZ0X2831X645S8ABWC4JT4S8,01JZ0W7WFSG9ZE6FZ5RAYW75P8,2025-06-30T17:09:57.473462311Z,01JZ0W7WH7YZAXNKRFQJVF1GT9,2025-06-30T17:09:57.473462311Z,01JZ0WCF8PYZD69QGMR2NSWSBE,2025-06-30T17:09:57.473462311Z,01JZ0WT8X2FE19GE71SPJ9KNTF,2025-06-30T17:09:57.473462311Z
01JZ0YN3Q24CR835RFY4920A07,01JZ0XP7D84G107KY8Y0T4X5V0,2025-06-30T17:37:44.162229178Z,01JZ0XP7EQ68N8E1T1SAYQ3MY0,2025-06-30T17:37:44.162229178Z,01JZ0XVYBJ3BJ2ZA7GA2NF055P,2025-06-30T17:37:44.162229178Z,01JZ0YK8E58VD8SGEEYESD6KC6,2025-06-30T17:37:44.162229178Z
01JZ0ZRABJMYK2KS5JHQHZ84G4,01JZ0Z7NVHZYGBR218W1AZTTTX,2025-06-30T17:56:57.842423653Z,01JZ0Z7NWQ9CYAGNFMNZVFE8F3,2025-06-30T17:56:57.842423653Z,01JZ0Z56GMAGY61G9078DF3SNP,2025-06-30T17:56:57.842423653Z,01JZ0ZG9YQ1ENH3P7TKPY06E4R,2025-06-30T17:56:57.842423653Z
01JZ10KPZQ3JAPK15DDYSXD1KA,01JZ100N2HWY96Q2FTR0F0ZWE8,2025-06-30T18:11:55.511913062Z,01JZ100N4EZ1D1ZSMZ8BGYY8VN,2025-06-30T18:11:55.511913062Z,01JZ104180T0VDBKNH0NERW22V,2025-06-30T18:11:55.511913062Z,01JZ10KP1DRZ3PQJX0WF8G5PH8,2025-06-30T18:11:55.511913062Z
01JZ117PZHA0AAQSXWEZFTQHGZ,01JZ10P0MMB9VWWBD3QMCFKF4F,2025-06-30T18:22:50.865459642Z,01JZ10P0NQF4P3BB1AAZVYSJMW,2025-06-30T18:22:50.865459642Z,01JZ115P8J6BQ15VPBKQ514M38,2025-06-30T18:22:50.865459642Z,01JZ117N2AEY5XG1HTCHMFDAKG,2025-06-30T18:22:50.865459642Z
01JZ125NAY70TRFZG14M2S7JZW,01JZ11XHS287W5Q5TASNQ00G2A,2025-06-30T18:39:12.222779973Z,01JZ11XHTNJGBK57M9Z78S7EZ8,2025-06-30T18:39:12.222779973Z,01JZ1210S38G6D0X3Q8JSCJ1V1,2025-06-30T18:39:12.222779973Z,01JZ125KRQ68H6PNASTFRMFV1A,2025-06-30T18:39:12.222779973Z
01JZ0X25WEPWR5Q6BTPPF33M2M,01JZ0W7WFSG9ZE6FZ5RAYW75P8,2025-06-30T17:09:55.214958955Z,01JZ0W7WH953KKVSAQ2B0M9V8S,2025-06-30T17:09:55.214958955Z,01JZ0WHVQRWPHMW3H6GCBQRHAT,2025-06-30T17:09:55.214958955Z,01JZ0WTTEN4KFVRC8S8Z8CDA17,2025-06-30T17:09:55.214958955Z
01JZ0Z75ZA7F8NPP5CK1TKZMAE,01JZ0YMAZQ8ZJWY43T1GN1DF14,2025-06-30T17:47:36.298642418Z,01JZ0YMB0R63S66YTFBNZZK4BM,2025-06-30T17:47:36.298642418Z,01JZ0YPAGMGS2W3A46GF91A8KB,2025-06-30T17:47:36.298642418Z,01JZ0YZF6CSHY2H5VR4RW80FKN,2025-06-30T17:47:36.298642418Z
01JZ10N1ZRZSGPE3YNJEB26RJ7,01JZ100N2HWY96Q2FTR0F0ZWE8,2025-06-30T18:12:39.54499101Z,01JZ100N40PZGZRWRMG9G2S114,2025-06-30T18:12:39.54499101Z,01JZ10AXVMES632P24R1SRWC3P,2025-06-30T18:12:39.54499101Z,01JZ10DBQZT54M7Y17Q46P3N9J,2025-06-30T18:12:39.54499101Z
01JZ11X53TR1NK0KMT02G0RQGZ,01JZ119YR0X0B5B35KS5ARQA66,2025-06-30T18:34:33.466621098Z,01JZ119YTKRCVRVA7XBM70602J,2025-06-30T18:34:33.466621098Z,01JZ11BYWZKXSHT6TWXJX0BE71,2025-06-30T18:34:33.466621098Z,01JZ11NEAPA0XRPSWMP18G6H2B,2025-06-30T18:34:33.466621098Z
01JZ0WHXKCEVMSAC8769YD9WE9,01JZ0W7WFSG9ZE6FZ5RAYW75P8,2025-06-30T17:01:02.445012764Z,01JZ0W7WHDGTV3A91VXN46A52G,2025-06-30T17:01:02.445012764Z,01JZ0WET3J4BRRMDT618GNVF6A,2025-06-30T17:01:02.445012764Z,01JZ0WG1NA88YKD1VTVSR9S45Y,2025-06-30T17:01:02.445012764Z
01JZ0WSKPEHFMBQBCSXKCVZ7J4,01JZ0W7WFSG9ZE6FZ5RAYW75P8,2025-06-30T17:05:14.446520229Z,01JZ0W7WH953KKVSAQ2RB19JGS,2025-06-30T17:05:14.446520229Z,01JZ0W9WCH8JKPBKWHEDD5J8GA,2025-06-30T17:05:14.446520229Z,01JZ0WHXCERTXCCDC06BM2M09Q,2025-06-30T17:05:14.446520229Z
01JZ0YQRM8AMVX9DTMDKTWEYVN,01JZ0XP7D84G107KY8Y0T4X5V0,2025-06-30T17:39:11.112601918Z,01JZ0XP7EJVNGB38T0GJJ3YDRG,2025-06-30T17:39:11.112601918Z,01JZ0Y0HF7QA3DR4FKNXCV87K3,2025-06-30T17:39:11.112601918Z,01JZ0YGBR824DC5QQ867N8PWG5,2025-06-30T17:39:11.112601918Z
01JZ0ZRACCV1KQQV39M64NN006,01JZ0Z7NVHZYGBR218W1AZTTTX,2025-06-30T17:56:57.868057749Z,01JZ0Z7NWQ9CYAGNFMNZVFE8F3,2025-06-30T17:56:57.868057749Z,01JZ0ZC0M5FWKT3BXNBNQBRS3X,2025-06-30T17:56:57.868057749Z,01JZ0ZG9YQ1ENH3P7TKPY06E4R,2025-06-30T17:56:57.868057749Z
01JZ10F7HR5TAQ5YDXQQZBBNDV,01JZ100N2HWY96Q2FTR0F0ZWE8,2025-06-30T18:09:28.632934014Z,01JZ100N40PZGZRWRMG9G2S114,2025-06-30T18:09:28.632934014Z,01JZ1041THT8H7EXVVPSNGM30W,2025-06-30T18:09:28.632934014Z,01JZ10DBQST28KKZ3PCXRQF7R5,2025-06-30T18:09:28.632934014Z
01JZ117PZ0J4G4H518M1NMZAE4,01JZ10P0MMB9VWWBD3QMCFKF4F,2025-06-30T18:22:50.848249505Z,01JZ10P0NQF4P3BB1AAZVYSJMW,2025-06-30T18:22:50.848249505Z,01JZ1150FF1R34BCRBWA1A312D,2025-06-30T18:22:50.848249505Z,01JZ117N2AEY5XG1HTCHMFDAKG,2025-06-30T18:22:50.848249505Z
01JZ11WBJTBXVYD3TJCPT4D67S,01JZ119YR0X0B5B35KS5ARQA66,2025-06-30T18:34:07.322731048Z,01JZ119YWDV104V646C65RZD3P,2025-06-30T18:34:07.322731048Z,01JZ11D8PF8N11C5QPJ1C6S7NF,2025-06-30T18:34:07.322731048Z,01JZ11MWFJH17V2JF3JPS2W0X5,2025-06-30T18:34:07.322731048Z
01JZ11XF63VQ0915Z263DX3N2A,01JZ119YR0X0B5B35KS5ARQA66,2025-06-30T18:34:43.77914379Z,01JZ119YTKRCVRVA7XBM70602J,2025-06-30T18:34:43.77914379Z,01JZ11CBMTTX2F1FHP1VTFM5ZA,2025-06-30T18:34:43.77914379Z,01JZ11NEA5KZ6NQ3C31ZQD4CDW,2025-06-30T18:34:43.77914379Z
01JZ12ZFSYYYJX1YDKHPW5N329,01JZ12GR49VSBA1ETNY3NZB6T4,2025-06-30T18:53:18.526097443Z,01JZ12GR6N6DKV4APDKNYMT7NT,2025-06-30T18:53:18.526097443Z,01JZ12Q1G2QKH379N2PJ88VQMB,2025-06-30T18:53:18.526097443Z,01JZ12QRF88Q843X5VW39SDK84,2025-06-30T18:53:18.526097443Z
01JZ0X95X1X511YEG7BFX8SC2D,01JZ0X13W9RT32E263JAYJS0WA,2025-06-30T17:13:44.609460886Z,01JZ0X13WYYJA1PBKDVESDJZK9,2025-06-30T17:13:44.609460886Z,01JZ0X6A1C027352DXJ8961HXQ,2025-06-30T17:13:44.609460886Z,01JZ0X94VE3PZPY8EGV4P326H1,2025-06-30T17:13:44.609460886Z
01JZ0YV7VKARA4CEDWSWR07RWY,01JZ0XP7D84G107KY8Y0T4X5V0,2025-06-30T17:41:05.011680818Z,01JZ0XP7EQ68N8E1T1SAYQ3MY0,2025-06-30T17:41:05.011680818Z,01JZ0YG2CYXBR596MKQQA0KSWW,2025-06-30T17:41:05.011680818Z,01JZ0YK8EJE652HH84785FKG0X,2025-06-30T17:41:05.011680818Z
01JZ0YZGSGQ2FA88NE6CF9AMEW,01JZ0YMAZQ8ZJWY43T1GN1DF14,2025-06-30T17:43:25.232976974Z,01JZ0YMB0R63S66YTFBNZZK4BM,2025-06-30T17:43:25.232976974Z,01JZ0YNFF9ND6ER3KNY4S7ARQ1,2025-06-30T17:43:25.232976974Z,01JZ0YZF61V02X006G88CCN1N8,2025-06-30T17:43:25.232976974Z
01JZ0Z1BQVFJN7HN213K8R5F7M,01JZ0YMAZQ8ZJWY43T1GN1DF14,2025-06-30T17:44:25.595496905Z,01JZ0YMB0R63S66YTFBNZZK4BM,2025-06-30T17:44:25.595496905Z,01JZ0YTPXXNDEF6X5DGJT83XQ2,2025-06-30T17:44:25.595496905Z,01JZ0YZF5NKQADSCNHVDQ7T9AV,2025-06-30T17:44:25.595496905Z
01JZ0ZET11JREW6HBPDJ6BAFA3,01JZ0YMAZQ8ZJWY43T1GN1DF14,2025-06-30T17:51:46.209143197Z,01JZ0YMB0WF5ZW98DAK0M01JZW,2025-06-30T17:51:46.209143197Z,01JZ0YSZNHQSEKK9EFAJTDAS66,2025-06-30T17:51:46.209143197Z,01JZ0Z6T660SHF634AH558SFV6,2025-06-30T17:51:46.209143197Z
01JZ10KY6R00Y2KVV25TQGDV36,01JZ100N2HWY96Q2FTR0F0ZWE8,2025-06-30T18:12:02.904089854Z,01JZ100N4SNNY9PP8QFCF7M9TY,2025-06-30T18:12:02.904089854Z,01JZ109PGT8NP1GATDS6WSNCMS,2025-06-30T18:12:02.904089854Z,01JZ10C7MWYJNYTGWS886JGMNP,2025-06-30T18:12:02.904089854Z
01JZ0YV7V6FGDVTTXJ6Z601T0H,01JZ0XP7D84G107KY8Y0T4X5V0,2025-06-30T17:41:04.998937048Z,01JZ0XP7EQ68N8E1T1SAYQ3MY0,2025-06-30T17:41:04.998937048Z,01JZ0XZGPDAT03QJDBZ8FWCY64,2025-06-30T17:41:04.998937048Z,01JZ0YK8EJE652HH84785FKG0X,2025-06-30T17:41:04.998937048Z
01JZ11HZ90F14Z9YPCD95H73AG,01JZ119YR0X0B5B35KS5ARQA66,2025-06-30T18:28:27.040833115Z,01JZ119YWQTW1CNB5AYNKC679G,2025-06-30T18:28:27.040833115Z,01JZ11C5H6QK3Z44KTVNDP9W7X,2025-06-30T18:28:27.040833115Z,01JZ11HY41CPV2HCJNWWW463R0,2025-06-30T18:28:27.040833115Z
01JZ12DNG8T8KHJY27N5GRH65J,01JZ11XHS287W5Q5TASNQ00G2A,2025-06-30T18:43:34.536225504Z,01JZ11XHTNJGBK57M9Z78S7EZ8,2025-06-30T18:43:34.536225504Z,01JZ121XNEV2BFA4677W8GJKQE,2025-06-30T18:43:34.536225504Z,01JZ125KV3XVMA4R1AJN8NEMZ7,2025-06-30T18:43:34.536225504Z
01JZ0WG2A8XMY97BP9WQE64ES2,01JZ0W7WFSG9ZE6FZ5RAYW75P8,2025-06-30T17:00:01.736756406Z,01JZ0W7WHDGTV3A91VXN46A52G,2025-06-30T17:00:01.736756406Z,01JZ0WB00A4BPSJ7Z3QGY3QN6N,2025-06-30T17:00:01.736756406Z,01JZ0WG1N9BNQ5EF5K31ZP8W16,2025-06-30T17:00:01.736756406Z
01JZ0ZEG1RXAZPR1X63B1AWSVB,01JZ0YMAZQ8ZJWY43T1GN1DF14,2025-06-30T17:51:35.992843787Z,01JZ0YMB0WF5ZW98DAK0M01JZW,2025-06-30T17:51:35.992843787Z,01JZ0YSZNHQSEKK9EFAJTDAS66,2025-06-30T17:51:35.992843787Z,01JZ0Z6T5VNT6VRJ3BZAS2BXSR,2025-06-30T17:51:35.992843787Z
01JZ12SMXDWF46D4QKXQFJXBDV,01JZ12GR49VSBA1ETNY3NZB6T4,2025-06-30T18:50:07.149368894Z,01JZ12GR6N6DKV4APDKNYMT7NT,2025-06-30T18:50:07.149368894Z,01JZ12Q1G2QKH379N2PJ88VQMB,2025-06-30T18:50:07.149368894Z,01JZ12QRG8R58TPJ33BH6TZ2DQ,2025-06-30T18:50:07.149368894Z
01JZ0YR0QPYDZNJH7QKQ67775V,01JZ0XP7D84G107KY8Y0T4X5V0,2025-06-30T17:39:19.414496885Z,01JZ0XP7EMN72NB2RFN2ZH81CP,2025-06-30T17:39:19.414496885Z,01JZ0Y6PQ8C2TDTX52Z72CYDBY,2025-06-30T17:39:19.414496885Z,01JZ0YGAX0FRQFF2SE01KCC2KT,2025-06-30T17:39:19.414496885Z
01JZ0YSV2Y1583Y5B6BJER4KSR,01JZ0XP7D84G107KY8Y0T4X5V0,2025-06-30T17:40:19.166857188Z,01JZ0XP7E80XQ8XGY0HAVD3ZJP,2025-06-30T17:40:19.166857188Z,01JZ0XRPPYAPF8095P7RP7R51F,2025-06-30T17:40:19.166857188Z,01JZ0YJ4SDM85QQQ56RPHQQAPR,2025-06-30T17:40:19.166857188Z
01JZ0YT519S6VK2QZFT1DHT469,01JZ0XP7D84G107KY8Y0T4X5V0,2025-06-30T17:40:29.35358777Z,01JZ0XP7E80XQ8XGY0HAVD3ZJP,2025-06-30T17:40:29.35358777Z,01JZ0XRPPYAPF8095P7RP7R51F,2025-06-30T17:40:29.35358777Z,01JZ0YJ4SBT6RKE5YK9X1823NZ,2025-06-30T17:40:29.35358777Z
01JZ0ZPD65JB7W0TD90ZGV6E2S,01JZ0Z7NVHZYGBR218W1AZTTTX,2025-06-30T17:55:55.205235847Z,01JZ0Z7NWVZHM50FX7KDE2CZ4K,2025-06-30T17:55:55.205235847Z,01JZ0ZAQNAD3Q9TSM6MFVP3KH7,2025-06-30T17:55:55.205235847Z,01JZ0ZEQ5ZX88172C7NVRRBGWM,2025-06-30T17:55:55.205235847Z
01JZ0ZQ7JQ37G01QRYTFRHZKB9,01JZ0Z7NVHZYGBR218W1AZTTTX,2025-06-30T17:56:22.231488367Z,01JZ0Z7NWEY0R3MD8J8181F140,2025-06-30T17:56:22.231488367Z,01JZ0ZDDMC7G81EYJHMB7J3H32,2025-06-30T17:56:22.231488367Z,01JZ0ZNAXF0V77TW8GXK197WV3,2025-06-30T17:56:22.231488367Z
01JZ11FCGBJED7FJ4NSVHANCS1,01JZ10P0MMB9VWWBD3QMCFKF4F,2025-06-30T18:27:02.283456809Z,01JZ10P0NQF4P3BB1AAZVYSJMW,2025-06-30T18:27:02.283456809Z,01JZ10XHKF3R8HEHPW0E4PJTRF,2025-06-30T18:27:02.283456809Z,01JZ117N3JKTJ68VDPRBZ9PPYR,2025-06-30T18:27:02.283456809Z
01JZ12PA364EARHTAXXDR8XMAH,01JZ125JFJMC1Q6XSKNPVJH08C,2025-06-30T18:48:17.766558378Z,01JZ125JHD5GFGZ2E2T20ACXSR,2025-06-30T18:48:17.766558378Z,01JZ12AZ7PFBE16D13G8YGSAMG,2025-06-30T18:48:17.766558378Z,01JZ12EWZPCJQYJXWFY85R0MME,2025-06-30T18:48:17.766558378Z
01JZ0Z6W034Q9C5DBX5HJ476PX,01JZ0YMAZQ8ZJWY43T1GN1DF14,2025-06-30T17:47:26.083470077Z,01JZ0YMB0R63S66YTFBNZZK4BM,2025-06-30T17:47:26.083470077Z,01JZ0YTPXXNDEF6X5DGJT83XQ2,2025-06-30T17:47:26.083470077Z,01JZ0YZF7AZNJQ4PJPHYYDFMTE,2025-06-30T17:47:26.083470077Z
01JZ0ZET16ZAZYXGRP6SNXA005,01JZ0YMAZQ8ZJWY43T1GN1DF14,2025-06-30T17:51:46.214131809Z,01JZ0YMB0WF5ZW98DAK0M01JZW,2025-06-30T17:51:46.214131809Z,01JZ0YSR6RVXKHMM82EPAA9R01,2025-06-30T17:51:46.214131809Z,01JZ0Z6T660SHF634AH558SFV6,2025-06-30T17:51:46.214131809Z
01JZ10KQ02ANKEPSVHBADMVRDV,01JZ100N2HWY96Q2FTR0F0ZWE8,2025-06-30T18:11:55.522212867Z,01JZ100N4EZ1D1ZSMZ8BGYY8VN,2025-06-30T18:11:55.522212867Z,01JZ10HD3WWGQK3YQHKKJS02JE,2025-06-30T18:11:55.522212867Z,01JZ10KP1DRZ3PQJX0WF8G5PH8,2025-06-30T18:11:55.522212867Z
01JZ112NJE8DDCJGXV3QC539YY,01JZ100N2HWY96Q2FTR0F0ZWE8,2025-06-30T18:20:05.582581878Z,01JZ100N4KMAHXYJQHY2912PJS,2025-06-30T18:20:05.582581878Z,01JZ10J3PQE4B6BSPPJM12TS9H,2025-06-30T18:20:05.582581878Z,01JZ10TYX8F0YW6D31B1YE1KC6,2025-06-30T18:20:05.582581878Z
01JZ11FPMNG020QRE7B02MFW1Z,01JZ10P0MMB9VWWBD3QMCFKF4F,2025-06-30T18:27:12.661134073Z,01JZ10P0NQF4P3BB1AAZVYSJMW,2025-06-30T18:27:12.661134073Z,01JZ10XHKF3R8HEHPW0E4PJTRF,2025-06-30T18:27:12.661134073Z,01JZ117N3ZHA97Z6D824P3WHB7,2025-06-30T18:27:12.661134073Z
01JZ132M9J0C5WRZHX23E18KH6,01JZ12GR49VSBA1ETNY3NZB6T4,2025-06-30T18:55:01.426682445Z,01JZ12GR778SNDBX9EP3GGZZ51,2025-06-30T18:55:01.426682445Z,01JZ12JPCE2ZA0S6XXV2KMX9ZV,2025-06-30T18:55:01.426682445Z,01JZ12TTY27BQ4HDCJPV329SXP,2025-06-30T18:55:01.426682445Z
01JZ0WTTYCM7NDRJPHFAHTXDZH,01JZ0W7WFSG9ZE6FZ5RAYW75P8,2025-06-30T17:05:54.636116168Z,01JZ0W7WH953KKVSAQ2B0M9V8S,2025-06-30T17:05:54.636116168Z,01JZ0WTJ3PN5WANHTPYKBXMWS1,2025-06-30T17:05:54.636116168Z,01JZ0WTTEFNHZBVNW28GNGKHC8,2025-06-30T17:05:54.636116168Z
01JZ0XKTJ2CHEJ3DHM9BZSTADV,01JZ0X7ZMW8Y5D7G0ZVAD2X33D,2025-06-30T17:19:33.442578061Z,01JZ0X7ZNN0GRQQ68EJYGR423Q,2025-06-30T17:19:33.442578061Z,01JZ0X7QQ4PEVNP0R5F93ZWHQC,2025-06-30T17:19:33.442578061Z,01JZ0XCE51JFHJXP0RJMS19MR8,2025-06-30T17:19:33.442578061Z
01JZ0YTKW2WS8R4TEFR0K0QQ3Q,01JZ0XP7D84G107KY8Y0T4X5V0,2025-06-30T17:40:44.546771646Z,01JZ0XP7EQ68N8E1T1SAYQ3MY0,2025-06-30T17:40:44.546771646Z,01JZ0XZGPDAT03QJDBZ8FWCY64,2025-06-30T17:40:44.546771646Z,01JZ0YK8EAX4M5FSBD0B5EMBY7,2025-06-30T17:40:44.546771646Z
01JZ0YTKW6MS8KQETERE4R72XV,01JZ0XP7D84G107KY8Y0T4X5V0,2025-06-30T17:40:44.55018646Z,01JZ0XP7EQ68N8E1T1SAYQ3MY0,2025-06-30T17:40:44.55018646Z,01JZ0YG2CYXBR596MKQQA0KSWW,2025-06-30T17:40:44.55018646Z,01JZ0YK8EAX4M5FSBD0B5EMBY7,2025-06-30T17:40:44.55018646Z
01JZ10NHTQZ6E5SZD8P0R9HFQX,01JZ100N2HWY96Q2FTR0F0ZWE8,2025-06-30T18:12:55.767918591Z,01JZ100N4EZ1D1ZSMZ8BGYY8VN,2025-06-30T18:12:55.767918591Z,01JZ10JPEDAYGCXJFQDZB9T0EF,2025-06-30T18:12:55.767918591Z,01JZ10KP1X152FSFF7MDZT2Y0B,2025-06-30T18:12:55.767918591Z
01JZ11WV1BT8RQFFSA3RRMDZTX,01JZ119YR0X0B5B35KS5ARQA66,2025-06-30T18:34:23.147497958Z,01JZ119YTKRCVRVA7XBM70602J,2025-06-30T18:34:23.147497958Z,01JZ11HGCKCTMRT54WJ26DZBKJ,2025-06-30T18:34:23.147497958Z,01JZ11NE8JAQFSGC35G9MVT61R,2025-06-30T18:34:23.147497958Z
01JZ132Z0BA0483GVJ4YD54KEW,01JZ12GR49VSBA1ETNY3NZB6T4,2025-06-30T18:55:12.395963891Z,01JZ12GR778SNDBX9EP3GGZZ51,2025-06-30T18:55:12.395963891Z,01JZ12K3HHD1QQBE701MXDWZ18,2025-06-30T18:55:12.395963891Z,01JZ12TV0XDP3Z0XB405CBZ7R7,2025-06-30T18:55:12.395963891Z
01JZ13F26WMG47ES6RQXHKM920,01JZ12TK2B48MQYACM0BX1FJ39,2025-06-30T19:01:48.892478222Z,01JZ12TK4Q16V4FDC51PCA7WDR,2025-06-30T19:01:48.892478222Z,01JZ12Z36WY8B4QBQAQ9725M97,2025-06-30T19:01:48.892478222Z,01JZ137NF14MC9JA816XJ2PAWQ,2025-06-30T19:01:48.892478222Z
01JZ0WSXKNC5GJX842GP21YSXP,01JZ0W7WFSG9ZE6FZ5RAYW75P8,2025-06-30T17:05:24.59779111Z,01JZ0W7WH953KKVSAQ2RB19JGS,2025-06-30T17:05:24.59779111Z,01JZ0WEP2R4MXEN3T8DV7MQJFC,2025-06-30T17:05:24.59779111Z,01JZ0WHXCC6CTCCFSE1KKSNSCN,2025-06-30T17:05:24.59779111Z
01JZ0X8CGJBMWR8DH6FVT4NRJQ,01JZ0W7WFSG9ZE6FZ5RAYW75P8,2025-06-30T17:13:18.610449807Z,01JZ0W7WH669S2GHZMF9MZZGM3,2025-06-30T17:13:18.610449807Z,01JZ0WEF45D6SMFDVXBTYRXH10,2025-06-30T17:13:18.610449807Z,01JZ0X0D221JYTH4TQCNSKPS8K,2025-06-30T17:13:18.610449807Z
01JZ0YM0SGQ4BT5GAEKJRFMAXY,01JZ0XP7D84G107KY8Y0T4X5V0,2025-06-30T17:37:08.400678416Z,01JZ0XP7E80XQ8XGY0HAVD3ZJP,2025-06-30T17:37:08.400678416Z,01JZ0XRPPYAPF8095P7RP7R51F,2025-06-30T17:37:08.400678416Z,01JZ0YJ4S89TC45RT8AHQ5ETQB,2025-06-30T17:37:08.400678416Z
01JZ0ZEQZ87AQD3AG7GJA40P8P,01JZ0Z7NVHZYGBR218W1AZTTTX,2025-06-30T17:51:44.10489183Z,01JZ0Z7NWVZHM50FX7KDE2CZ4K,2025-06-30T17:51:44.10489183Z,01JZ0ZAZM4A1T72TWH1VAJ0VV7,2025-06-30T17:51:44.10489183Z,01JZ0ZEQ5CRGF6YCR2880S518V,2025-06-30T17:51:44.10489183Z
01JZ10DCQ49B1YPDQGEADMY40T,01JZ100N2HWY96Q2FTR0F0ZWE8,2025-06-30T18:08:28.388979301Z,01JZ100N40PZGZRWRMG9G2S114,2025-06-30T18:08:28.388979301Z,01JZ1041THT8H7EXVVPSNGM30W,2025-06-30T18:08:28.388979301Z,01JZ10DBQF23SMF6SAV061V1KD,2025-06-30T18:08:28.388979301Z
01JZ11FPNDTA8N2FGT6KN4FY1W,01JZ10P0MMB9VWWBD3QMCFKF4F,2025-06-30T18:27:12.685858532Z,01JZ10P0NQF4P3BB1AAZVYSJMW,2025-06-30T18:27:12.685858532Z,01JZ115P8J6BQ15VPBKQ514M38,2025-06-30T18:27:12.685858532Z,01JZ117N3ZHA97Z6D824P3WHB7,2025-06-30T18:27:12.685858532Z
01JZ12PA2VVFM36RPQH16HD59Q,01JZ125JFJMC1Q6XSKNPVJH08C,2025-06-30T18:48:17.755835141Z,01JZ125JHD5GFGZ2E2T20ACXSR,2025-06-30T18:48:17.755835141Z,01JZ125V8KVJHWPE24Y2HN3262,2025-06-30T18:48:17.755835141Z,01JZ12EWZPCJQYJXWFY85R0MME,2025-06-30T18:48:17.755835141Z
01JZ0WKSJEA9V8EVVQSTJMK92Q,01JZ0W7WFSG9ZE6FZ5RAYW75P8,2025-06-30T17:02:03.854024586Z,01JZ0W7WH953KKVSAQ2RB19JGS,2025-06-30T17:02:03.854024586Z,01JZ0WEP2R4MXEN3T8DV7MQJFC,2025-06-30T17:02:03.854024586Z,01JZ0WHXC2NAHWXYM35QR0DXW7,2025-06-30T17:02:03.854024586Z
01JZ0WSKP7KD7KCY0XZZM49PCC,01JZ0W7WFSG9ZE6FZ5RAYW75P8,2025-06-30T17:05:14.439579619Z,01JZ0W7WH953KKVSAQ2RB19JGS,2025-06-30T17:05:14.439579619Z,01JZ0WAQMDYVVH1XTS848323JD,2025-06-30T17:05:14.439579619Z,01JZ0WHXCERTXCCDC06BM2M09Q,2025-06-30T17:05:14.439579619Z
01JZ0X7RGGC44C93S6NPRV309Z,01JZ0W7WFSG9ZE6FZ5RAYW75P8,2025-06-30T17:12:58.128836818Z,01JZ0W7WH669S2GHZMF9MZZGM3,2025-06-30T17:12:58.128836818Z,01JZ0X0A7W850J2QY4EQF3P9W1,2025-06-30T17:12:58.128836818Z,01JZ0X0D26E7S9F8PCXYCC97ZQ,2025-06-30T17:12:58.128836818Z
01JZ0XGGVC33ZYRTEVYPZAGPBM,01JZ0X13W9RT32E263JAYJS0WA,2025-06-30T17:17:45.196146217Z,01JZ0X13WYYJA1PBKDVESDJZK9,2025-06-30T17:17:45.196146217Z,01JZ0X6A1C027352DXJ8961HXQ,2025-06-30T17:17:45.196146217Z,01JZ0X94WKCC9KYW4Z06CRWSJ2,2025-06-30T17:17:45.196146217Z
01JZ10V23H9QCH9PNVH024VHSB,01JZ100N2HWY96Q2FTR0F0ZWE8,2025-06-30T18:15:56.274018714Z,01JZ100N4EZ1D1ZSMZ8BGYY8VN,2025-06-30T18:15:56.274018714Z,01JZ10HD3WWGQK3YQHKKJS02JE,2025-06-30T18:15:56.274018714Z,01JZ10KP1Q82VDRFTGBXZQAHX0,2025-06-30T18:15:56.274018714Z
01JZ11WZMN2349YN3SC695ESDB,01JZ119YR0X0B5B35KS5ARQA66,2025-06-30T18:34:27.861839061Z,01JZ119YWDV104V646C65RZD3P,2025-06-30T18:34:27.861839061Z,01JZ11ED2SWDZ0R9T04B92FSJZ,2025-06-30T18:34:27.861839061Z,01JZ11MWE606HX430TA12EYGQC,2025-06-30T18:34:27.861839061Z
01JZ13FDX9KDB4EC24MDMKDB8D,01JZ12TK2B48MQYACM0BX1FJ39,2025-06-30T19:02:00.873711062Z,01JZ12TK4A16DPH6KAMKDY8GHP,2025-06-30T19:02:00.873711062Z,01JZ12KB6XB4QKN33ZRRP43KPC,2025-06-30T19:02:00.873711062Z,01JZ137CP8QX9GA8J0PENAMWHK,2025-06-30T19:02:00.873711062Z
01JZ0WJQSZBPCAS4GAFYZZR66D,01JZ0W7WFSG9ZE6FZ5RAYW75P8,2025-06-30T17:01:29.279045184Z,01JZ0W7WHAXBN0H6GS7ZCJVTX8,2025-06-30T17:01:29.279045184Z,01JZ0WB6Y45DYN9WH64WNWC85M,2025-06-30T17:01:29.279045184Z,01JZ0WJQ9J18BDTKE4NFVP61Y9,2025-06-30T17:01:29.279045184Z
01JZ0WMVXJ95PS4ABYKMJ3JK9F,01JZ0W7WFSG9ZE6FZ5RAYW75P8,2025-06-30T17:02:39.026733978Z,01JZ0W7WHE67QMEH4CJKSJPVET,2025-06-30T17:02:39.026733978Z,01JZ0WCK697DJY01ASTS62HMHF,2025-06-30T17:02:39.026733978Z,01JZ0WMVDS2VAAZ00MGNQRGQNY,2025-06-30T17:02:39.026733978Z
01JZ0YSE3E6VQQVCAFVGYQ51CV,01JZ0XP7D84G107KY8Y0T4X5V0,2025-06-30T17:40:05.870942623Z,01JZ0XP7EG8XH2A757Q0XZSTD8,2025-06-30T17:40:05.870942623Z,01JZ0XVQ90DZ7MZPYMX61HBWMF,2025-06-30T17:40:05.870942623Z,01JZ0YJ23P67G12KGDYCXRC7HY,2025-06-30T17:40:05.870942623Z
01JZ117Q0ERY90KVEPSNDPEGS5,01JZ10P0MMB9VWWBD3QMCFKF4F,2025-06-30T18:22:50.894709775Z,01JZ10P0NQF4P3BB1AAZVYSJMW,2025-06-30T18:22:50.894709775Z,01JZ10XHKF3R8HEHPW0E4PJTRF,2025-06-30T18:22:50.894709775Z,01JZ117N2AEY5XG1HTCHMFDAKG,2025-06-30T18:22:50.894709775Z
01JZ0X1G7P1BVJ6DFGBBBAPK0J,01JZ0W7WFSG9ZE6FZ5RAYW75P8,2025-06-30T17:09:33.046886633Z,01JZ0W7WHAXBN0H6GS7Q677HGB,2025-06-30T17:09:33.046886633Z,01JZ0WECFR55CR34EY9YEA4XK8,2025-06-30T17:09:33.046886633Z,01JZ0X1FP22MSK5DRFKPK2ATM0,2025-06-30T17:09:33.046886633Z
01JZ0X3B09JCJRAREF1AKCWV8S,01JZ0W7WFSG9ZE6FZ5RAYW75P8,2025-06-30T17:10:33.225223354Z,01JZ0W7WHAXBN0H6GS7Q677HGB,2025-06-30T17:10:33.225223354Z,01JZ0WECFR55CR34EY9YEA4XK8,2025-06-30T17:10:33.225223354Z,01JZ0X1FPB8VEV669N0M3P4F3C,2025-06-30T17:10:33.225223354Z
01JZ1130076XSKHTF0RPS6NA1Z,01JZ100N2HWY96Q2FTR0F0ZWE8,2025-06-30T18:20:16.263541907Z,01JZ100N4KMAHXYJQHY2912PJS,2025-06-30T18:20:16.263541907Z,01JZ10597NHSRHSHHX2S7Q7R3J,2025-06-30T18:20:16.263541907Z,01JZ10TYXHDMSSHPTCKFSQ6X1M,2025-06-30T18:20:16.263541907Z
01JZ11SYDA8N5MNW4098AYPNRR,01JZ119YR0X0B5B35KS5ARQA66,2025-06-30T18:32:48.298435734Z,01JZ119YWQTW1CNB5AYNKC679G,2025-06-30T18:32:48.298435734Z,01JZ11FGST56RJTD3QVHX7QE2X,2025-06-30T18:32:48.298435734Z,01JZ11HY5GTB26PNT6EZ0KBFKN,2025-06-30T18:32:48.298435734Z
01JZ11XC9AX8XWDAQQK3PTSE3B,01JZ119YR0X0B5B35KS5ARQA66,2025-06-30T18:34:40.810984294Z,01JZ119YY7H6NVYT7RKS2PMWJ6,2025-06-30T18:34:40.810984294Z,01JZ11TS68TXJXNMMWW98GYM0E,2025-06-30T18:34:40.810984294Z,01JZ11XAH235S2EXW84Y3V3EVX,2025-06-30T18:34:40.810984294Z
01JZ11XF71K0PFTY6Z5GQX7N45,01JZ119YR0X0B5B35KS5ARQA66,2025-06-30T18:34:43.80944056Z,01JZ119YTKRCVRVA7XBM70602J,2025-06-30T18:34:43.80944056Z,01JZ11EG7S8X86Q9VBDZSW3H5E,2025-06-30T18:34:43.80944056Z,01JZ11NEA5KZ6NQ3C31ZQD4CDW,2025-06-30T18:34:43.80944056Z
01JZ12EYB80A0T4HZFXQ9QFKHV,01JZ125JFJMC1Q6XSKNPVJH08C,2025-06-30T18:44:16.360513198Z,01JZ125JHD5GFGZ2E2T20ACXSR,2025-06-30T18:44:16.360513198Z,01JZ12D1PBAA49WGRD8HFZA25A,2025-06-30T18:44:16.360513198Z,01JZ12EWYEXNMVZCP3908A7G9E,2025-06-30T18:44:16.360513198Z
01JZ0WR2JMPH2H8QBWC01PTTH5,01JZ0W7WFSG9ZE6FZ5RAYW75P8,2025-06-30T17:04:24.148359682Z,01JZ0W7WHDGTV3A91VXN46A52G,2025-06-30T17:04:24.148359682Z,01JZ0WB00A4BPSJ7Z3QGY3QN6N,2025-06-30T17:04:24.148359682Z,01JZ0WG1NFKCG5ZG724ZBXJHY2,2025-06-30T17:04:24.148359682Z
01JZ0WT2YR9DNH8E07A37XT8K0,01JZ0W7WFSG9ZE6FZ5RAYW75P8,2025-06-30T17:05:30.072490649Z,01JZ0W7WHAXBN0H6GS7ZCJVTX8,2025-06-30T17:05:30.072490649Z,01JZ0W9R8KHVM75CY4CTKH5PQG,2025-06-30T17:05:30.072490649Z,01JZ0WJQA35VHGFRBVKP4WHW2X,2025-06-30T17:05:30.072490649Z
01JZ0ZNCMSSHTCFV6GANN1ZF6R,01JZ0Z7NVHZYGBR218W1AZTTTX,2025-06-30T17:55:21.881347914Z,01JZ0Z7NWEY0R3MD8J8181F140,2025-06-30T17:55:21.881347914Z,01JZ0ZASJNDJJHP6QC46T80FR3,2025-06-30T17:55:21.881347914Z,01JZ0ZNAXZF6HQZHP7T6S8SP4R,2025-06-30T17:55:21.881347914Z
01JZ0ZP32QWPCF8WP8SK9WCXKM,01JZ0Z7NVHZYGBR218W1AZTTTX,2025-06-30T17:55:44.857336415Z,01JZ0Z7NWVZHM50FX7KDE2CZ4K,2025-06-30T17:55:44.857336415Z,01JZ0ZCA4DXYWN181KAGGJKAGM,2025-06-30T17:55:44.857336415Z,01JZ0ZEQ5VJ0PQ37YFK1SSSBJT,2025-06-30T17:55:44.857336415Z
01JZ125ABZQ6NYDGHGM58ZVE81,01JZ119YR0X0B5B35KS5ARQA66,2025-06-30T18:39:00.991261992Z,01JZ119YX2JRQ0Y08WK2G2K83K,2025-06-30T18:39:00.991261992Z,01JZ11Q0231HKDVSZXKMW9QABB,2025-06-30T18:39:00.991261992Z,01JZ11X86CMMMQ9WPSTB477GTS,2025-06-30T18:39:00.991261992Z
01JZ0X3B03KHXSR8FG5JHHN6WQ,01JZ0W7WFSG9ZE6FZ5RAYW75P8,2025-06-30T17:10:33.220028101Z,01JZ0W7WHAXBN0H6GS7Q677HGB,2025-06-30T17:10:33.220028101Z,01JZ0WRNMB87KA9QP0V95N94CC,2025-06-30T17:10:33.220028101Z,01JZ0X1FPB8VEV669N0M3P4F3C,2025-06-30T17:10:33.220028101Z
01JZ0YJ87JCQ76J2QZT0WJ2N14,01JZ0XP7D84G107KY8Y0T4X5V0,2025-06-30T17:36:10.482352476Z,01JZ0XP7EJVNGB38T0GJJ3YDRG,2025-06-30T17:36:10.482352476Z,01JZ0Y0HF7QA3DR4FKNXCV87K3,2025-06-30T17:36:10.482352476Z,01JZ0YGBRBSNY5AD60TW5622DY,2025-06-30T17:36:10.482352476Z
01JZ117PZY98BPQ32NJ5ZQ155N,01JZ10P0MMB9VWWBD3QMCFKF4F,2025-06-30T18:22:50.878417375Z,01JZ10P0NQF4P3BB1AAZVYSJMW,2025-06-30T18:22:50.878417375Z,01JZ113RKF9TQ2DGG0881HHX2H,2025-06-30T18:22:50.878417375Z,01JZ117N2AEY5XG1HTCHMFDAKG,2025-06-30T18:22:50.878417375Z
01JZ125NBAYZX4FPFWBC5QHARP,01JZ11XHS287W5Q5TASNQ00G2A,2025-06-30T18:39:12.234146423Z,01JZ11XHTNJGBK57M9Z78S7EZ8,2025-06-30T18:39:12.234146423Z,01JZ122MSYXCQ30CZ1NABD92FB,2025-06-30T18:39:12.234146423Z,01JZ125KRQ68H6PNASTFRMFV1A,2025-06-30T18:39:12.234146423Z
01JZ125NBKKCVJKNJQKV5GG363,01JZ11XHS287W5Q5TASNQ00G2A,2025-06-30T18:39:12.243165534Z,01JZ11XHTNJGBK57M9Z78S7EZ8,2025-06-30T18:39:12.243165534Z,01JZ122DHHDD83BCEEFYJA11AW,2025-06-30T18:39:12.243165534Z,01JZ125KRQ68H6PNASTFRMFV1A,2025-06-30T18:39:12.243165534Z
01JZ0WG2AFV4MXV7AVDY7T0TAX,01JZ0W7WFSG9ZE6FZ5RAYW75P8,2025-06-30T17:00:01.743475018Z,01JZ0W7WHDGTV3A91VXN46A52G,2025-06-30T17:00:01.743475018Z,01JZ0WB5XJSF2KBBJR37WH755X,2025-06-30T17:00:01.743475018Z,01JZ0WG1N9BNQ5EF5K31ZP8W16,2025-06-30T17:00:01.743475018Z
01JZ0WPPNHKJBCSC7PSRYKD1TQ,01JZ0W7WFSG9ZE6FZ5RAYW75P8,2025-06-30T17:03:39.18539847Z,01JZ0W7WHE67QMEH4CJKSJPVET,2025-06-30T17:03:39.18539847Z,01JZ0W9MNX8R5K013QW8Y217QX,2025-06-30T17:03:39.18539847Z,01JZ0WMVDVPF44P3G83145WX2W,2025-06-30T17:03:39.18539847Z
01JZ0WS9PHWFD18B539RYY4RW4,01JZ0W7WFSG9ZE6FZ5RAYW75P8,2025-06-30T17:05:04.209435263Z,01JZ0W7WH953KKVSAQ2RB19JGS,2025-06-30T17:05:04.209435263Z,01JZ0W9WCH8JKPBKWHEDD5J8GA,2025-06-30T17:05:04.209435263Z,01JZ0WHXCFAPSVFKQ8NDRDZX0A,2025-06-30T17:05:04.209435263Z
01JZ0X8V885E5D8CBF54DMM4PP,01JZ0W7WFSG9ZE6FZ5RAYW75P8,2025-06-30T17:13:33.704036558Z,01JZ0W7WHAXBN0H6GS7Q677HGB,2025-06-30T17:13:33.704036558Z,01JZ0WMR785XGV58FWEYY8ZV5R,2025-06-30T17:13:33.704036558Z,01JZ0X1FP9CJ0X1CNF5157WSWN,2025-06-30T17:13:33.704036558Z
01JZ0ZPD5ZDKR28ZN10WCHYHH0,01JZ0Z7NVHZYGBR218W1AZTTTX,2025-06-30T17:55:55.199210196Z,01JZ0Z7NWVZHM50FX7KDE2CZ4K,2025-06-30T17:55:55.199210196Z,01JZ0ZAZM4A1T72TWH1VAJ0VV7,2025-06-30T17:55:55.199210196Z,01JZ0ZEQ5ZX88172C7NVRRBGWM,2025-06-30T17:55:55.199210196Z
01JZ13FCCBBCJEA6NSKBSAA00M,01JZ12TK2B48MQYACM0BX1FJ39,2025-06-30T19:01:59.307705018Z,01JZ12TK4Q16V4FDC51PCA7WDR,2025-06-30T19:01:59.307705018Z,01JZ131G46MF9GT1J80820Q98T,2025-06-30T19:01:59.307705018Z,01JZ137NEM5QYXCE75M2Q91679,2025-06-30T19:01:59.307705018Z
01JZ0WWGP2F49C7CDX053C85GS,01JZ0W7WFSG9ZE6FZ5RAYW75P8,2025-06-30T17:06:49.666994912Z,01JZ0W7WHE67QMEH4CJKSJPVET,2025-06-30T17:06:49.666994912Z,01JZ0WHQ6NQHPGSWKKVV7VTKSZ,2025-06-30T17:06:49.666994912Z,01JZ0WMVE0Z1H51D5G42JWV0DM,2025-06-30T17:06:49.666994912Z
01JZ0X2FVBQVT5X0KD11NFTZWJ,01JZ0W7WFSG9ZE6FZ5RAYW75P8,2025-06-30T17:10:05.419299837Z,01JZ0W7WH953KKVSAQ2B0M9V8S,2025-06-30T17:10:05.419299837Z,01JZ0WHVQRWPHMW3H6GCBQRHAT,2025-06-30T17:10:05.419299837Z,01JZ0WTTEKC7XFKM4RZ6QM2CMJ,2025-06-30T17:10:05.419299837Z
