id,active,activeLastChangedAt,confirmedReady,confirmedReadyLastChangedAt,currentColumn,currentColumnLastChangedAt,currentTask,currentTaskLastChangedAt,ended,endedLastChangedAt,exitStep,exitStepLastChangedAt,exitSurvey,exitSurveyLastChangedAt,faultWindows,faultWindowsLastChangedAt,gameID,gameIDLastChangedAt,intro,introLastChangedAt,introDone,introDoneLastChangedAt,kicked,kickedLastChangedAt,name,nameLastChangedAt,numCompletedTasks,numCompletedTasksLastChangedAt,outSick,outSickLastChangedAt,participantID,participantIDLastChangedAt,role,roleLastChangedAt,treatment,treatmentLastChangedAt,treatmentName,treatmentNameLastChangedAt,urlParams,urlParamsLastChangedAt,view,viewLastChangedAt
01JZ124SKK9V8XXSJ9DSEEVXEH,,,,,,,,,no more games,2025-06-30T18:50:45.705976616Z,1,2025-06-30T18:40:14.627981921Z,"{""age"":""62"",""gender"":""female"",""strength"":"""",""fair"":"""",""feedback"":"""",""education"":""other""}",2025-06-30T18:40:14.610542302Z,,,null,2025-06-30T18:50:45.705976616Z,2,2025-06-30T18:39:08.613062002Z,,,,,,,,,,,01JZ124S6D5KT807ASA484ESKX,2025-06-30T18:38:43.827711325Z,,,"{""networkStruct"":""pooled"",""playerCount"":4}",2025-06-30T18:38:43.854141013Z,"Pooled, Some Redundancy",2025-06-30T18:38:43.854141013Z,{},2025-06-30T18:38:44.052358842Z,,
01JZ133XKZKQBE9HYYKKDQAD06,true,2025-06-30T19:01:59.187207137Z,true,2025-06-30T19:01:53.169484395Z,3,2025-06-30T19:07:06.805137844Z,neighborhood_12,2025-06-30T19:07:06.853192645Z,game ended,2025-06-30T19:07:10.073818265Z,1,2025-06-30T19:07:48.107983981Z,"{""age"":""21"",""gender"":""female"",""strength"":""I enjoyed it but I got sick twice "",""fair"":""I do not know how much they helped "",""feedback"":""I did not get to do well since i got sick twice "",""education"":""high-school""}",2025-06-30T19:07:48.097962474Z,"[[96,156],[162,222]]",2025-06-30T19:01:59.187207137Z,01JZ12TK4Q16V4FDC51PCA7WDR,2025-06-30T18:55:43.804239459Z,4,2025-06-30T18:56:27.897329053Z,true,2025-06-30T18:56:46.676938815Z,,,Player 3,2025-06-30T18:57:46.475919269Z,12,2025-06-30T19:07:05.858940136Z,false,2025-06-30T19:05:52.573668586Z,01JZ133XD50PAXTN66XQM3P3EJ,2025-06-30T18:55:43.743914411Z,CHILDREN'S COMMUTE DISTANCE,2025-06-30T19:01:59.187207137Z,"{""networkStruct"":""reciprocal"",""playerCount"":3}",2025-06-30T18:55:43.804239459Z,"Reciprocal, No Redundancy",2025-06-30T18:55:43.804239459Z,{},2025-06-30T18:55:43.90649987Z,TaskScreen,2025-06-30T19:07:06.781645637Z
01JZ0W9MNX8R5K013QW8Y217QX,true,2025-06-30T17:06:49.592917998Z,true,2025-06-30T17:06:44.077179974Z,null,2025-06-30T17:10:20.114271435Z,null,2025-06-30T17:10:20.116513489Z,game ended,2025-06-30T17:12:00.054300577Z,1,2025-06-30T17:13:07.757584515Z,"{""age"":""33"",""gender"":""Male"",""strength"":""I did the task I was assigned."",""fair"":""I am not sure!"",""feedback"":""I would like to see my teammate's progression throughout the task."",""education"":""bachelor""}",2025-06-30T17:13:07.7599687Z,"[[77,137],[203,263]]",2025-06-30T17:06:49.592917998Z,01JZ0W7WHE67QMEH4CJKSJPVET,2025-06-30T16:56:31.175088156Z,4,2025-06-30T17:01:30.645478951Z,true,2025-06-30T17:01:43.705870119Z,,,Player 1,2025-06-30T17:02:38.533216361Z,14,2025-06-30T17:10:20.109005674Z,false,2025-06-30T17:11:23.134068303Z,01JZ0W9MKJSN9A2KJAQ8A0X3SG,2025-06-30T16:56:31.165567752Z,AVERAGE PEOPLE,2025-06-30T17:06:49.592917998Z,"{""networkStruct"":""reciprocal"",""playerCount"":4}",2025-06-30T16:56:31.175088156Z,"Reciprocal, Some Redundancy",2025-06-30T16:56:31.175088156Z,{},2025-06-30T16:56:31.214745742Z,TaskQueue,2025-06-30T17:10:20.118372477Z
01JZ0XRVC2V3ECMA17JWJRPAYF,true,2025-06-30T17:40:16.059432877Z,true,2025-06-30T17:40:10.393098144Z,,,neighborhood_9,2025-06-30T17:43:36.798872316Z,game ended,2025-06-30T17:45:26.599653223Z,1,2025-06-30T17:46:24.475187816Z,"{""age"":""25"",""gender"":""Male"",""strength"":""Out sick screen was frustrating got it twice and couldn't finish the tasks because of it"",""fair"":""Yes"",""feedback"":""I think the game is overall very good"",""education"":""master""}",2025-06-30T17:46:24.488513425Z,"[[108,168],[209,269]]",2025-06-30T17:40:16.059432877Z,01JZ0XP7EG8XH2A757Q0XZSTD8,2025-06-30T17:22:18.31910974Z,4,2025-06-30T17:23:47.467703897Z,true,2025-06-30T17:24:42.022192227Z,,,Player 2,2025-06-30T17:36:04.226867373Z,2,2025-06-30T17:43:34.396520686Z,false,2025-06-30T17:44:54.909917337Z,01JZ0XRTGGYTMJWYZ3BS8EQ9Z8,2025-06-30T17:22:18.114870654Z,,,"{""networkStruct"":""pooled"",""playerCount"":4}",2025-06-30T17:22:18.31910974Z,"Pooled, Some Redundancy",2025-06-30T17:22:18.31910974Z,{},2025-06-30T17:22:18.613191419Z,TaskScreen,2025-06-30T17:43:36.80879315Z
01JZ0XVYBJ3BJ2ZA7GA2NF055P,true,2025-06-30T17:40:54.675950224Z,true,2025-06-30T17:40:47.345606145Z,,,null,2025-06-30T17:45:58.715422436Z,game ended,2025-06-30T17:46:05.3555268Z,1,2025-06-30T17:46:31.983402209Z,"{""age"":""40"",""gender"":""female"",""strength"":""It was fun!"",""fair"":""yes"",""feedback"":""n/a"",""education"":""master""}",2025-06-30T17:46:31.979632798Z,"[[147,207],[73,133]]",2025-06-30T17:40:54.675950224Z,01JZ0XP7EQ68N8E1T1SAYQ3MY0,2025-06-30T17:23:59.486624283Z,4,2025-06-30T17:25:04.873529739Z,true,2025-06-30T17:25:51.508816452Z,,,Player 1,2025-06-30T17:36:43.457136222Z,3,2025-06-30T17:45:58.724701722Z,false,2025-06-30T17:44:33.952998405Z,01JZ0XVY6ZYYVBHSF9ZWPMMM7S,2025-06-30T17:23:59.474331137Z,,,"{""networkStruct"":""pooled"",""playerCount"":4}",2025-06-30T17:23:59.486624283Z,"Pooled, Some Redundancy",2025-06-30T17:23:59.486624283Z,{},2025-06-30T17:23:59.576479128Z,TaskQueue,2025-06-30T17:45:58.730664269Z
01JZ0YEJZ0MS606BWV5CDW083D,true,2025-06-30T17:39:21.278256444Z,true,2025-06-30T17:39:13.035076919Z,,,null,2025-06-30T17:44:21.108798944Z,game ended,2025-06-30T17:44:31.929154349Z,1,2025-06-30T17:45:31.554507405Z,"{""age"":""49"",""gender"":""Male"",""strength"":""It was fun and interesting to try and calculate the information needed."",""fair"":""Maybe?"",""feedback"":""I think you did a good job.  Nothing to improve"",""education"":""high-school""}",2025-06-30T17:45:31.550265669Z,"[[20,80],[201,261]]",2025-06-30T17:39:21.278256444Z,01JZ0XP7EJVNGB38T0GJJ3YDRG,2025-06-30T17:34:10.416633763Z,4,2025-06-30T17:34:38.113744588Z,true,2025-06-30T17:35:08.333253812Z,,,Player 4,2025-06-30T17:35:08.532530683Z,5,2025-06-30T17:44:21.116330218Z,false,2025-06-30T17:43:52.64456001Z,01JZ0YEJQJDHGQQKXRJPG0J77Z,2025-06-30T17:34:10.400554906Z,,,"{""networkStruct"":""pooled"",""playerCount"":4}",2025-06-30T17:34:10.416633763Z,"Pooled, Some Redundancy",2025-06-30T17:34:10.416633763Z,{},2025-06-30T17:34:10.525234398Z,TaskQueue,2025-06-30T17:44:21.113982087Z
01JZ0ZDDMC7G81EYJHMB7J3H32,true,2025-06-30T17:59:32.889570517Z,true,2025-06-30T17:59:25.703560297Z,,,neighborhood_9,2025-06-30T17:59:48.955188936Z,game ended,2025-06-30T18:04:43.585654078Z,1,2025-06-30T18:05:35.159487982Z,"{""age"":""60"",""gender"":""Male"",""strength"":""It was ok until it froze for most of the time I wasn't sick"",""fair"":""I don't know"",""feedback"":""keep it from freezing"",""education"":""high-school""}",2025-06-30T18:05:35.167190944Z,"[[124,184],[10,70]]",2025-06-30T17:59:32.889570517Z,01JZ0Z7NWEY0R3MD8J8181F140,2025-06-30T17:51:00.774729789Z,4,2025-06-30T17:52:42.93097554Z,true,2025-06-30T17:53:41.571721145Z,,,Player 2,2025-06-30T17:55:20.137067434Z,,,false,2025-06-30T18:04:14.054721845Z,01JZ0ZDDG777X7RGAFDQ42DABW,2025-06-30T17:51:00.748446132Z,,,"{""networkStruct"":""pooled"",""playerCount"":4}",2025-06-30T17:51:00.774729789Z,"Pooled, Some Redundancy",2025-06-30T17:51:00.774729789Z,{},2025-06-30T17:51:00.878987086Z,TaskScreen,2025-06-30T17:59:48.986783364Z
01JZ10HD3WWGQK3YQHKKJS02JE,true,2025-06-30T18:16:06.429446155Z,true,2025-06-30T18:15:57.924087012Z,2,2025-06-30T18:21:17.073259303Z,neighborhood_12,2025-06-30T18:21:17.04577811Z,game ended,2025-06-30T18:21:17.261163702Z,1,2025-06-30T18:22:39.49741415Z,"{""age"":""35"",""gender"":""Male"",""strength"":""I really enjoyed it, it was exciting and working as a team, even though you can't see it, I felt a certain pressure to perform."",""fair"":""I would like to believe so, I wasn't too sure what was going on with them but the people who introduced themselves at the beginning seemed nice."",""feedback"":""I had a little issue half way through, where my screen just went white, and I had to refresh the page to get it back on. Other than that, I can't think of anything wrong with the game."",""education"":""master""}",2025-06-30T18:22:39.491702109Z,"[[176,236],[43,103]]",2025-06-30T18:16:06.429446155Z,01JZ100N4EZ1D1ZSMZ8BGYY8VN,2025-06-30T18:10:39.894839863Z,4,2025-06-30T18:10:48.119673757Z,true,2025-06-30T18:10:49.250964159Z,,,Player 3,2025-06-30T18:11:54.576244117Z,11,2025-06-30T18:21:15.65268787Z,false,2025-06-30T18:20:15.79924102Z,01JZ10HCQXEQW6Z9S6HKGYHRQH,2025-06-30T18:10:39.868219654Z,MAXIMUM INCOME,2025-06-30T18:16:06.429446155Z,"{""networkStruct"":""reciprocal"",""playerCount"":4}",2025-06-30T18:10:39.894839863Z,"Reciprocal, Some Redundancy",2025-06-30T18:10:39.894839863Z,{},2025-06-30T18:10:40.089996806Z,TaskScreen,2025-06-30T18:21:17.061479421Z
01JZ12KRQGG4P0VQYSQXKFBMEM,true,2025-06-30T18:53:18.413438662Z,true,2025-06-30T18:53:10.693462752Z,2,2025-06-30T18:58:18.998714848Z,neighborhood_7,2025-06-30T18:58:18.985658895Z,game ended,2025-06-30T18:58:29.403335474Z,1,2025-06-30T18:58:48.069761111Z,"{""age"":""34"",""gender"":""m"",""strength"":""its was fun"",""fair"":""no"",""feedback"":""more teammates."",""education"":""high-school""}",2025-06-30T18:58:48.079890184Z,"[[227,287],[28,88]]",2025-06-30T18:53:18.413438662Z,01JZ12GR6N6DKV4APDKNYMT7NT,2025-06-30T18:46:54.498605235Z,4,2025-06-30T18:47:00.114076165Z,true,2025-06-30T18:47:01.893446563Z,,,Player 2,2025-06-30T18:49:05.224450801Z,6,2025-06-30T18:56:32.189964912Z,false,2025-06-30T18:58:16.985955503Z,01JZ12KRGJEHXH5CZ065JQDVK6,2025-06-30T18:46:54.448648463Z,MAXIMUM INCOME,2025-06-30T18:53:18.413438662Z,"{""networkStruct"":""reciprocal"",""playerCount"":3}",2025-06-30T18:46:54.498605235Z,"Reciprocal, No Redundancy",2025-06-30T18:46:54.498605235Z,{},2025-06-30T18:46:54.597792813Z,TaskScreen,2025-06-30T18:58:19.010078305Z
01JZ12RBR20YH5T4R3MECTGR5T,true,2025-06-30T18:55:01.146089308Z,true,2025-06-30T18:54:54.621874803Z,,,neighborhood_3,2025-06-30T18:56:40.943481822Z,game ended,2025-06-30T19:00:12.821659964Z,1,2025-06-30T19:00:46.01293928Z,"{""age"":""60"",""gender"":"" Male"",""strength"":""Kinda fun"",""fair"":""Yes"",""feedback"":""Not sure"",""education"":""bachelor""}",2025-06-30T19:00:46.029884332Z,"[[225,285],[129,189]]",2025-06-30T18:55:01.146089308Z,01JZ12GR778SNDBX9EP3GGZZ51,2025-06-30T18:49:25.022531351Z,4,2025-06-30T18:50:21.548701986Z,true,2025-06-30T18:50:45.667417013Z,,,Player 4,2025-06-30T18:50:46.145732879Z,1,2025-06-30T18:56:37.999763438Z,false,2025-06-30T18:59:58.193717785Z,01JZ12RBDY99ZCPYVZ1PMNRN1B,2025-06-30T18:49:24.994167898Z,,,"{""networkStruct"":""pooled"",""playerCount"":4}",2025-06-30T18:49:25.022531351Z,"Pooled, Some Redundancy",2025-06-30T18:49:25.022531351Z,{},2025-06-30T18:49:25.152853959Z,TaskScreen,2025-06-30T18:56:40.929647938Z
01JZ0X0A7W850J2QY4EQF3P9W1,,,,,,,,,game ended,2025-06-30T17:18:18.821697273Z,,,,,,,01JZ0W7WH669S2GHZMF9MZZGM3,2025-06-30T17:08:54.153576411Z,4,2025-06-30T17:08:56.533628191Z,true,2025-06-30T17:08:56.933579834Z,true,2025-06-30T17:13:08.324492534Z,Player 4,2025-06-30T17:08:57.022119491Z,,,,,01JZ0X0A5WZFRNCFGGTCF5NVCT,2025-06-30T17:08:54.140148551Z,,,"{""networkStruct"":""pooled"",""playerCount"":4}",2025-06-30T17:08:54.153576411Z,"Pooled, Some Redundancy",2025-06-30T17:08:54.153576411Z,{},2025-06-30T17:08:54.179429633Z,,
01JZ0XRCSBXVQ7D717N2EW3SS5,true,2025-06-30T17:39:19.32914757Z,true,2025-06-30T17:39:11.639651038Z,,,null,2025-06-30T17:44:00.695614138Z,game ended,2025-06-30T17:44:29.846021872Z,1,2025-06-30T17:44:52.647402619Z,"{""age"":""42"",""gender"":""female"",""strength"":""it was interesting"",""fair"":""Yes I think they were"",""feedback"":""It worked well in my opinion! "",""education"":""bachelor""}",2025-06-30T17:44:52.653682085Z,"[[50,110],[118,178]]",2025-06-30T17:39:19.32914757Z,01JZ0XP7EMN72NB2RFN2ZH81CP,2025-06-30T17:22:03.199827657Z,4,2025-06-30T17:22:31.472660615Z,true,2025-06-30T17:22:53.805725818Z,,,Player 1,2025-06-30T17:35:07.688903478Z,1,2025-06-30T17:44:00.691966871Z,false,2025-06-30T17:42:27.968457073Z,01JZ0XRCPEMS9CAX0J1Y9XVMZQ,2025-06-30T17:22:03.179375636Z,,,"{""networkStruct"":""pooled"",""playerCount"":4}",2025-06-30T17:22:03.199827657Z,"Pooled, Some Redundancy",2025-06-30T17:22:03.199827657Z,{},2025-06-30T17:22:03.243478732Z,TaskQueue,2025-06-30T17:44:00.686766724Z
01JZ0Y6PQ8C2TDTX52Z72CYDBY,true,2025-06-30T17:39:19.32914757Z,true,2025-06-30T17:39:11.413668352Z,,,null,2025-06-30T17:43:56.849183405Z,game ended,2025-06-30T17:44:29.846021872Z,1,2025-06-30T17:45:16.813268482Z,"{""age"":""24"",""gender"":""Male"",""strength"":""I think it was fun. No idea if other players were real or bots, though."",""fair"":""Yeah, I think they were helpful."",""feedback"":""Don't know."",""education"":""bachelor""}",2025-06-30T17:45:16.822757633Z,"[[122,182],[55,115]]",2025-06-30T17:39:19.32914757Z,01JZ0XP7EMN72NB2RFN2ZH81CP,2025-06-30T17:29:52.127811361Z,4,2025-06-30T17:31:38.749687114Z,true,2025-06-30T17:31:43.95081024Z,,,Player 3,2025-06-30T17:35:07.688903478Z,7,2025-06-30T17:43:56.85348032Z,false,2025-06-30T17:39:30.442934577Z,01JZ0Y6P72X38XJ3VXN2RFD1BC,2025-06-30T17:29:52.104947818Z,,,"{""networkStruct"":""pooled"",""playerCount"":4}",2025-06-30T17:29:52.127811361Z,"Pooled, Some Redundancy",2025-06-30T17:29:52.127811361Z,{},2025-06-30T17:29:52.39518464Z,TaskQueue,2025-06-30T17:43:56.856804814Z
01JZ0ZAGM72PT49TD18YS8NKEM,true,2025-06-30T17:55:55.127944687Z,true,2025-06-30T17:55:48.307480683Z,,,neighborhood_7,2025-06-30T18:00:40.825600457Z,game ended,2025-06-30T18:01:05.787021968Z,1,2025-06-30T18:01:50.909122485Z,"{""age"":""22"",""gender"":""female"",""strength"":""Fun but stressing"",""fair"":""I'm not sure"",""feedback"":""Nothing, I liked it very much"",""education"":""high-school""}",2025-06-30T18:01:50.902067696Z,"[[51,111],[137,197]]",2025-06-30T17:55:55.127944687Z,01JZ0Z7NWVZHM50FX7KDE2CZ4K,2025-06-30T17:49:25.523836511Z,4,2025-06-30T17:50:17.632177227Z,true,2025-06-30T17:50:44.306525372Z,,,Player 1,2025-06-30T17:51:43.286851102Z,3,2025-06-30T18:00:39.082165805Z,false,2025-06-30T17:57:55.042767705Z,01JZ0ZAG3G94PTWWADZVMTR44V,2025-06-30T17:49:25.511194108Z,,,"{""networkStruct"":""pooled"",""playerCount"":4}",2025-06-30T17:49:25.523836511Z,"Pooled, Some Redundancy",2025-06-30T17:49:25.523836511Z,{},2025-06-30T17:49:25.805065582Z,TaskScreen,2025-06-30T18:00:40.820257865Z
01JZ10B73RF8XXP7GQ68XZRBQ5,true,2025-06-30T18:12:39.402810316Z,true,2025-06-30T18:12:32.252455419Z,,,neighborhood_6,2025-06-30T18:17:31.944896549Z,game ended,2025-06-30T18:17:50.059190406Z,1,2025-06-30T18:22:14.768800026Z,"{""age"":""22"",""gender"":""male"",""strength"":""it was really fun working with teamates towers a common goals was really fun"",""fair"":""yes they completed a lot of task I'm glad I played with them"",""feedback"":""Honnestly, I don't have any suggestions for me everythings was perfectly made"",""education"":""high-school""}",2025-06-30T18:22:14.758395134Z,"[[151,211],[47,107]]",2025-06-30T18:12:39.402810316Z,01JZ100N40PZGZRWRMG9G2S114,2025-06-30T18:07:17.132957837Z,4,2025-06-30T18:08:03.27635312Z,true,2025-06-30T18:08:27.262745254Z,,,Player 4,2025-06-30T18:08:27.3995625Z,5,2025-06-30T18:17:29.255694317Z,false,2025-06-30T18:16:21.365052852Z,01JZ10B6QXNFGFYCDCVF6S47Y4,2025-06-30T18:07:17.112841694Z,,,"{""networkStruct"":""pooled"",""playerCount"":4}",2025-06-30T18:07:17.132957837Z,"Pooled, Some Redundancy",2025-06-30T18:07:17.132957837Z,{},2025-06-30T18:07:17.321406029Z,TaskScreen,2025-06-30T18:17:31.950815468Z
01JZ12Y443ASPBRJGCAGBDXJD7,,,,,,,,,no more games,2025-06-30T18:57:46.288849848Z,,,,,,,null,2025-06-30T18:57:46.288849848Z,4,2025-06-30T18:53:23.610675341Z,,,,,,,,,,,01JZ12Y3RDWHBPBBZBX1ENMEE0,2025-06-30T18:52:33.795328072Z,,,"{""networkStruct"":""reciprocal"",""playerCount"":3}",2025-06-30T18:52:33.822602921Z,"Reciprocal, No Redundancy",2025-06-30T18:52:33.822602921Z,{},2025-06-30T18:52:33.983898919Z,,
01JZ0ZCVM0CFJKJH2EH6ME4059,true,2025-06-30T17:59:24.882601415Z,true,2025-06-30T17:59:22.418846307Z,1,2025-06-30T18:04:29.910188819Z,neighborhood_10,2025-06-30T18:04:29.902117002Z,game ended,2025-06-30T18:04:35.483447109Z,1,2025-06-30T18:05:04.136016083Z,"{""age"":""28"",""gender"":""female"",""strength"":""complicated"",""fair"":""no"",""feedback"":""more detail"",""education"":""other""}",2025-06-30T18:05:04.121379455Z,"[[121,181],[51,111]]",2025-06-30T17:59:24.882601415Z,01JZ0Z7NWZE2H4FK4XXVVF91VK,2025-06-30T17:50:42.325147701Z,4,2025-06-30T17:52:07.237356989Z,true,2025-06-30T17:52:42.588143661Z,,,Player 1,2025-06-30T17:55:12.888802142Z,9,2025-06-30T18:04:28.556441306Z,false,2025-06-30T18:02:35.836077629Z,01JZ0ZCV5HVF4K2D2DPQ2E72SJ,2025-06-30T17:50:42.304325336Z,AVERAGE PEOPLE,2025-06-30T17:59:24.882601415Z,"{""networkStruct"":""reciprocal"",""playerCount"":4}",2025-06-30T17:50:42.325147701Z,"Reciprocal, Some Redundancy",2025-06-30T17:50:42.325147701Z,{},2025-06-30T17:50:42.563515982Z,TaskScreen,2025-06-30T18:04:29.914876667Z
01JZ131G46MF9GT1J80820Q98T,true,2025-06-30T19:01:59.187207137Z,true,2025-06-30T19:01:52.992380798Z,null,2025-06-30T19:07:08.754671796Z,null,2025-06-30T19:07:08.698797409Z,game ended,2025-06-30T19:07:10.073818265Z,1,2025-06-30T19:08:26.725675296Z,"{""age"":""36"",""gender"":""Male"",""strength"":""The game had a good concept although I would have preferred longer to work through my sums and complete more :)"",""fair"":""I would like to think they tried their best, like I did. "",""feedback"":""More time! :)"",""education"":""high-school""}",2025-06-30T19:08:26.737029316Z,"[[116,176],[176,236]]",2025-06-30T19:01:59.187207137Z,01JZ12TK4Q16V4FDC51PCA7WDR,2025-06-30T18:54:24.416102524Z,4,2025-06-30T18:56:18.652452386Z,true,2025-06-30T18:57:46.268836058Z,,,Player 2,2025-06-30T18:57:46.475919269Z,6,2025-06-30T19:07:08.716194815Z,false,2025-06-30T19:06:06.233674325Z,01JZ131FGJ1W5DP1YWCPXWSN6Q,2025-06-30T18:54:24.390767795Z,MAXIMUM INCOME,2025-06-30T19:01:59.187207137Z,"{""networkStruct"":""reciprocal"",""playerCount"":3}",2025-06-30T18:54:24.416102524Z,"Reciprocal, No Redundancy",2025-06-30T18:54:24.416102524Z,{},2025-06-30T18:54:24.995000031Z,TaskQueue,2025-06-30T19:07:08.77098037Z
01JZ0WA02FW6MBJBPMA4NG8C7G,true,2025-06-30T17:05:40.219730611Z,true,2025-06-30T17:05:32.391392636Z,,,neighborhood_8,2025-06-30T17:10:14.250912148Z,game ended,2025-06-30T17:10:50.618740388Z,1,2025-06-30T17:11:41.113103984Z,"{""age"":""42"",""gender"":""male"",""strength"":""*shurg* flu debuff is annoying"",""fair"":""No idea I focused on getting things done"",""feedback"":""nerf flu debuff"",""education"":""high-school""}",2025-06-30T17:11:41.115074453Z,"[[186,246],[15,75]]",2025-06-30T17:05:40.219730611Z,01JZ0W7WHAXBN0H6GS7ZCJVTX8,2025-06-30T16:56:42.842724069Z,4,2025-06-30T16:57:50.639510933Z,true,2025-06-30T16:58:31.59552753Z,,,Player 2,2025-06-30T17:01:28.767000184Z,2,2025-06-30T17:10:12.218855837Z,false,2025-06-30T17:09:57.591974568Z,01JZ0W9ZVSTZFRF83J224DZVSP,2025-06-30T16:56:42.831101227Z,,,"{""networkStruct"":""pooled"",""playerCount"":4}",2025-06-30T16:56:42.842724069Z,"Pooled, Some Redundancy",2025-06-30T16:56:42.842724069Z,{},2025-06-30T16:56:42.95144612Z,TaskScreen,2025-06-30T17:10:14.237627994Z
01JZ0WHQ6NQHPGSWKKVV7VTKSZ,true,2025-06-30T17:06:49.592917998Z,true,2025-06-30T17:06:49.420206248Z,null,2025-06-30T17:10:44.843884586Z,null,2025-06-30T17:10:44.839051459Z,game ended,2025-06-30T17:12:00.054300577Z,1,2025-06-30T17:12:54.361314558Z,"{""age"":""53"",""gender"":""Female"",""strength"":""It was kinda fun."",""fair"":""Yes"",""feedback"":""I like to work individually. "",""education"":""high-school""}",2025-06-30T17:12:54.36317882Z,"[[228,288],[161,221]]",2025-06-30T17:06:49.592917998Z,01JZ0W7WHE67QMEH4CJKSJPVET,2025-06-30T17:01:02.095448592Z,4,2025-06-30T17:02:12.205643332Z,true,2025-06-30T17:02:38.458187705Z,,,Player 4,2025-06-30T17:02:38.533216361Z,8,2025-06-30T17:10:44.841841308Z,false,2025-06-30T17:11:48.510667003Z,01JZ0WHQ0XN1ZX2F1SG8D2QKG5,2025-06-30T17:00:55.893252974Z,CHILDREN'S COMMUTE DISTANCE,2025-06-30T17:06:49.592917998Z,"{""networkStruct"":""reciprocal"",""playerCount"":4}",2025-06-30T17:00:55.902315225Z,"Reciprocal, Some Redundancy",2025-06-30T17:00:55.902315225Z,{},2025-06-30T17:00:55.98825313Z,TaskQueue,2025-06-30T17:10:44.847221786Z
01JZ0XZGPDAT03QJDBZ8FWCY64,true,2025-06-30T17:40:54.675950224Z,true,2025-06-30T17:40:48.335673244Z,,,neighborhood_4,2025-06-30T17:46:02.718223278Z,game ended,2025-06-30T17:46:05.3555268Z,1,2025-06-30T17:46:42.94352422Z,"{""age"":""35"",""gender"":""Male"",""strength"":""Good game, keeps you engaged"",""fair"":""Yeah fairly helpful"",""feedback"":"""",""education"":""bachelor""}",2025-06-30T17:46:42.940220923Z,"[[180,240],[52,112]]",2025-06-30T17:40:54.675950224Z,01JZ0XP7EQ68N8E1T1SAYQ3MY0,2025-06-30T17:25:56.569961445Z,4,2025-06-30T17:27:06.071603225Z,true,2025-06-30T17:27:36.73774277Z,,,Player 2,2025-06-30T17:36:43.457136222Z,3,2025-06-30T17:45:59.730641828Z,false,2025-06-30T17:45:05.67691981Z,01JZ0XZGATREBAVCCJZHABC8ZP,2025-06-30T17:25:56.557914537Z,,,"{""networkStruct"":""pooled"",""playerCount"":4}",2025-06-30T17:25:56.569961445Z,"Pooled, Some Redundancy",2025-06-30T17:25:56.569961445Z,{},2025-06-30T17:25:56.765669789Z,TaskScreen,2025-06-30T17:46:02.723630404Z
01JZ0YWTS63X29XZNPFJ5WW9KY,,,,,,,,,game ended,2025-06-30T17:56:46.425046426Z,,,,,,,01JZ0YMB0WF5ZW98DAK0M01JZW,2025-06-30T17:43:23.425353757Z,4,2025-06-30T17:46:44.579890326Z,true,2025-06-30T17:47:24.132751149Z,true,2025-06-30T17:51:35.919627968Z,Player 3,2025-06-30T17:47:24.223982723Z,,,,,01JZ0YWQDRA8HQXFR8C6HEBEBV,2025-06-30T17:41:57.158709838Z,,,"{""networkStruct"":""reciprocal"",""playerCount"":4}",2025-06-30T17:41:57.18519093Z,"Reciprocal, Some Redundancy",2025-06-30T17:41:57.18519093Z,{},2025-06-30T17:41:58.302206782Z,,
01JZ0Z2FQBKFGDZDES6GEJV5JN,,,,,,,,,no more games,2025-06-30T18:34:38.613487064Z,,,,,,,null,2025-06-30T18:34:38.613487064Z,4,2025-06-30T17:46:18.522587695Z,,,,,,,,,,,01JZ0Z2C49A54Q11XQ5C0TPAE2,2025-06-30T17:45:02.443496989Z,,,"{""networkStruct"":""reciprocal"",""playerCount"":4}",2025-06-30T17:45:02.476885735Z,"Reciprocal, Some Redundancy",2025-06-30T17:45:02.476885735Z,{},2025-06-30T17:45:04.440906177Z,,
01JZ0ZASJNDJJHP6QC46T80FR3,true,2025-06-30T17:59:32.889570517Z,true,2025-06-30T17:59:26.714545729Z,,,neighborhood_3,2025-06-30T18:04:11.016433653Z,game ended,2025-06-30T18:04:43.585654078Z,1,2025-06-30T18:06:28.763248546Z,"{""age"":""43"",""gender"":""male"",""strength"":""The game was fun and interesting, I was not sure what the meaning of maximum income was, was it the largest income from all households"",""fair"":""I wasn't sure they were helping me at all"",""feedback"":""I thought the game was fun i'm not sure how to improve it"",""education"":""high-school""}",2025-06-30T18:06:28.768242407Z,"[[191,251],[32,92]]",2025-06-30T17:59:32.889570517Z,01JZ0Z7NWEY0R3MD8J8181F140,2025-06-30T17:51:43.221699223Z,4,2025-06-30T17:51:40.792960684Z,true,2025-06-30T17:53:02.471083153Z,,,Player 1,2025-06-30T17:55:20.137067434Z,3,2025-06-30T18:04:08.263671142Z,false,2025-06-30T18:03:53.71878195Z,01JZ0ZAS6AWV4E6Q0MHS2DR9XG,2025-06-30T17:49:34.677299405Z,,,"{""networkStruct"":""pooled"",""playerCount"":4}",2025-06-30T17:49:34.708885948Z,"Pooled, Some Redundancy",2025-06-30T17:49:34.708885948Z,{},2025-06-30T17:49:34.921103175Z,TaskScreen,2025-06-30T18:04:11.011892976Z
01JZ11ED2SWDZ0R9T04B92FSJZ,true,2025-06-30T18:34:17.511367774Z,true,2025-06-30T18:34:16.247043284Z,null,2025-06-30T18:39:23.675623015Z,null,2025-06-30T18:39:23.629598296Z,game ended,2025-06-30T18:39:28.19103313Z,1,2025-06-30T18:41:12.710339552Z,"{""age"":""41"",""gender"":""Male"",""strength"":""very funny game, "",""fair"":""I don't know, rather averagely helpful"",""feedback"":""introduce some additional game elements, for example difficulties"",""education"":""master""}",2025-06-30T18:41:12.701150322Z,"[[5,65],[205,265]]",2025-06-30T18:34:17.511367774Z,01JZ119YWDV104V646C65RZD3P,2025-06-30T18:26:30.126733791Z,4,2025-06-30T18:28:33.293037594Z,true,2025-06-30T18:30:02.013393092Z,,,Player 3,2025-06-30T18:30:02.397744195Z,6,2025-06-30T18:39:23.656845574Z,false,2025-06-30T18:38:53.519140884Z,01JZ11ECPBMY6TPQEZB07MHMF1,2025-06-30T18:26:30.105372875Z,CHILDREN'S COMMUTE DISTANCE,2025-06-30T18:34:17.511367774Z,"{""networkStruct"":""reciprocal"",""playerCount"":3}",2025-06-30T18:26:30.126733791Z,"Reciprocal, No Redundancy",2025-06-30T18:26:30.126733791Z,{},2025-06-30T18:26:30.340460922Z,TaskQueue,2025-06-30T18:39:23.700226092Z
01JZ11GPD2ZWF3D1EP1BKS7EA7,true,2025-06-30T18:35:17.31957109Z,true,2025-06-30T18:35:09.595986548Z,null,2025-06-30T18:40:26.506129983Z,null,2025-06-30T18:40:26.467808268Z,game ended,2025-06-30T18:40:28.067611096Z,1,2025-06-30T18:41:50.900239204Z,"{""age"":""51"",""gender"":""male"",""strength"":""i enjoyed it"",""fair"":""I hope so"",""feedback"":""I cant think of any improvements"",""education"":""bachelor""}",2025-06-30T18:41:50.909291091Z,"[[208,268],[105,165]]",2025-06-30T18:35:17.31957109Z,01JZ119YW2HKPBQ3HF5AQNWR9Z,2025-06-30T18:30:02.104545856Z,4,2025-06-30T18:29:16.036426582Z,true,2025-06-30T18:31:03.344467561Z,,,Player 3,2025-06-30T18:31:03.686638882Z,8,2025-06-30T18:40:26.487268298Z,false,2025-06-30T18:39:56.476422676Z,01JZ11GNSK46ADV1HFBX0TNXDE,2025-06-30T18:27:45.186869544Z,CHILDREN'S COMMUTE DISTANCE,2025-06-30T18:35:17.31957109Z,"{""networkStruct"":""reciprocal"",""playerCount"":3}",2025-06-30T18:27:45.211894589Z,"Reciprocal, No Redundancy",2025-06-30T18:27:45.211894589Z,{},2025-06-30T18:27:45.459116595Z,TaskQueue,2025-06-30T18:40:26.477877274Z
01JZ12JPCE2ZA0S6XXV2KMX9ZV,,,,,,,,,game ended,2025-06-30T19:00:12.821659964Z,,,,,,,01JZ12GR778SNDBX9EP3GGZZ51,2025-06-30T18:46:19.305962841Z,4,2025-06-30T18:47:14.333124549Z,true,2025-06-30T18:47:56.67381915Z,true,2025-06-30T18:55:01.146089308Z,Player 2,2025-06-30T18:50:46.145732879Z,,,,,01JZ12JNNWB72Y5508JPD18YZC,2025-06-30T18:46:19.278420324Z,,,"{""networkStruct"":""pooled"",""playerCount"":4}",2025-06-30T18:46:19.305962841Z,"Pooled, Some Redundancy",2025-06-30T18:46:19.305962841Z,{},2025-06-30T18:46:19.652152611Z,,
01JZ0WB6Y45DYN9WH64WNWC85M,true,2025-06-30T17:05:40.219730611Z,true,2025-06-30T17:05:33.27662326Z,,,null,2025-06-30T17:10:48.670167639Z,game ended,2025-06-30T17:10:50.618740388Z,1,2025-06-30T17:12:05.525270515Z,"{""age"":""46"",""gender"":""Female"",""strength"":""It was an interesting game that I would like to play more."",""fair"":""Yes, I saw that they too were also completing tasks."",""feedback"":""Maybe a little more time to play"",""education"":""high-school""}",2025-06-30T17:12:05.515724835Z,"[[53,113],[121,181]]",2025-06-30T17:05:40.219730611Z,01JZ0W7WHAXBN0H6GS7ZCJVTX8,2025-06-30T16:57:22.637428984Z,4,2025-06-30T16:59:58.88436771Z,true,2025-06-30T17:00:49.61031611Z,,,Player 3,2025-06-30T17:01:28.767000184Z,3,2025-06-30T17:10:48.682658431Z,false,2025-06-30T17:08:50.747583999Z,01JZ0WB6J4RXA0H623T3QFX4M6,2025-06-30T16:57:22.628746911Z,,,"{""networkStruct"":""pooled"",""playerCount"":4}",2025-06-30T16:57:22.637428984Z,"Pooled, Some Redundancy",2025-06-30T16:57:22.637428984Z,{},2025-06-30T16:57:22.885075186Z,TaskQueue,2025-06-30T17:10:48.671620288Z
01JZ0YBTY92QFVERA9FGE6RSZ6,true,2025-06-30T17:39:19.32914757Z,true,2025-06-30T17:39:11.152062506Z,,,null,2025-06-30T17:44:17.843420929Z,game ended,2025-06-30T17:44:29.846021872Z,1,2025-06-30T17:44:51.521554175Z,"{""age"":""29"",""gender"":""female"",""strength"":"""",""fair"":"""",""feedback"":"""",""education"":""bachelor""}",2025-06-30T17:44:51.514845821Z,"[[97,157],[192,252]]",2025-06-30T17:39:19.32914757Z,01JZ0XP7EMN72NB2RFN2ZH81CP,2025-06-30T17:32:40.389338201Z,4,2025-06-30T17:34:31.424472115Z,true,2025-06-30T17:35:07.595837963Z,,,Player 4,2025-06-30T17:35:07.688903478Z,5,2025-06-30T17:44:17.845969264Z,false,2025-06-30T17:43:42.120835319Z,01JZ0YBT8J48CWXXER69KWKB7G,2025-06-30T17:32:40.3144146Z,,,"{""networkStruct"":""pooled"",""playerCount"":4}",2025-06-30T17:32:40.389338201Z,"Pooled, Some Redundancy",2025-06-30T17:32:40.389338201Z,{},2025-06-30T17:32:40.632751825Z,TaskQueue,2025-06-30T17:44:17.848828437Z
01JZ10PFACC48NEP7GRRZYYWG1,,,,,,,,,no more games,2025-06-30T18:34:38.613487064Z,,,,,,,null,2025-06-30T18:34:38.613487064Z,4,2025-06-30T18:14:18.818018786Z,,,,,,,,,,,01JZ10PEVTZNM72PDBX3227HYC,2025-06-30T18:13:25.964962844Z,,,"{""networkStruct"":""reciprocal"",""playerCount"":4}",2025-06-30T18:13:25.99104835Z,"Reciprocal, Some Redundancy",2025-06-30T18:13:25.99104835Z,{},2025-06-30T18:13:26.217091094Z,,
01JZ11CBMTTX2F1FHP1VTFM5ZA,true,2025-06-30T18:34:33.358557003Z,true,2025-06-30T18:34:24.870766583Z,null,2025-06-30T18:39:41.266750894Z,null,2025-06-30T18:39:41.255886617Z,game ended,2025-06-30T18:39:44.298765467Z,1,2025-06-30T18:43:10.984215065Z,"{""age"":""29"",""gender"":""Male"",""strength"":""It was annoying to play due to only being able to see house info by hovering and being out sick for a minute."",""fair"":""Probably, I had no way to tell their progress."",""feedback"":""I had a technical issue where I was not brought back to the game screen after completing a task. I had to refresh to get progress back but I didn't know if that would have worked or if I would have been kicked out of the game. I think a disclaimer to refresh if nothing loads would have been useful for me to know."",""education"":""bachelor""}",2025-06-30T18:43:10.971751303Z,"[[41,101],[196,256]]",2025-06-30T18:34:33.358557003Z,01JZ119YTKRCVRVA7XBM70602J,2025-06-30T18:25:23.122135339Z,4,2025-06-30T18:26:16.048555314Z,true,2025-06-30T18:26:36.472391898Z,,,Player 2,2025-06-30T18:30:20.713062466Z,7,2025-06-30T18:39:41.244256222Z,false,2025-06-30T18:36:24.313091892Z,01JZ11CBDQ6DHW2Y2FB3N7J8F7,2025-06-30T18:25:23.098781157Z,MAXIMUM INCOME,2025-06-30T18:34:33.358557003Z,"{""networkStruct"":""reciprocal"",""playerCount"":4}",2025-06-30T18:25:23.122135339Z,"Reciprocal, Some Redundancy",2025-06-30T18:25:23.122135339Z,{},2025-06-30T18:25:23.235222446Z,TaskQueue,2025-06-30T18:39:41.278566142Z
01JZ12D1PBAA49WGRD8HFZA25A,true,2025-06-30T18:48:27.984029134Z,true,2025-06-30T18:48:21.918070788Z,2,2025-06-30T18:53:36.309612749Z,neighborhood_12,2025-06-30T18:53:36.296917829Z,game ended,2025-06-30T18:53:38.926003351Z,1,2025-06-30T18:55:06.538204449Z,"{""age"":""38"",""gender"":""Male"",""strength"":""I enjoyed it but the sick days were super stressful and stopped me from completing it in time! Adding up incomes was weirdly fun."",""fair"":""I don't know as I couldn't see their progress I don't think. Mary seemed to mimic what I said in chat."",""feedback"":""I don't know. Make it more graphical?"",""education"":""master""}",2025-06-30T18:55:06.375459489Z,"[[189,249],[16,76]]",2025-06-30T18:48:27.984029134Z,01JZ125JHD5GFGZ2E2T20ACXSR,2025-06-30T18:43:14.277752772Z,4,2025-06-30T18:44:02.732826094Z,true,2025-06-30T18:44:14.812088222Z,,,Player 3,2025-06-30T18:44:14.958785925Z,11,2025-06-30T18:53:34.740730925Z,false,2025-06-30T18:52:45.801679885Z,01JZ12D12C6MMKKABNVFN094TF,2025-06-30T18:43:14.251261916Z,MAXIMUM INCOME,2025-06-30T18:48:27.984029134Z,"{""networkStruct"":""reciprocal"",""playerCount"":3}",2025-06-30T18:43:14.277752772Z,"Reciprocal, No Redundancy",2025-06-30T18:43:14.277752772Z,{},2025-06-30T18:43:14.644732059Z,TaskScreen,2025-06-30T18:53:36.322841467Z
01JZ0YNSEBVBZ6X7Y1ZZ5DZ2ST,,,,,,,,,no more games,2025-06-30T18:34:38.613487064Z,,,,,,,null,2025-06-30T18:34:38.613487064Z,,,,,,,,,,,,,01JZ0YNS457Z94X6TJ240WF71C,2025-06-30T17:38:06.411764668Z,,,"{""networkStruct"":""reciprocal"",""playerCount"":4}",2025-06-30T17:38:06.427611295Z,"Reciprocal, Some Redundancy",2025-06-30T17:38:06.427611295Z,{},2025-06-30T17:38:06.586181944Z,,
01JZ0YPAGMGS2W3A46GF91A8KB,true,2025-06-30T17:47:36.21860222Z,true,2025-06-30T17:47:28.538012305Z,2,2025-06-30T17:52:43.840724856Z,neighborhood_8,2025-06-30T17:52:43.681994697Z,game ended,2025-06-30T17:52:46.691233158Z,1,2025-06-30T17:53:33.199841165Z,"{""age"":""21"",""gender"":""Man"",""strength"":""decent but the screen was blank and I was out sick for 2 times which I thought was unfair"",""fair"":""I think so as they were efficient"",""feedback"":""Less sickness and no blank screen"",""education"":""high-school""}",2025-06-30T17:53:33.19461977Z,"[[233,293],[73,133]]",2025-06-30T17:47:36.21860222Z,01JZ0YMB0R63S66YTFBNZZK4BM,2025-06-30T17:38:23.908850868Z,4,2025-06-30T17:39:37.537075187Z,true,2025-06-30T17:40:10.491077543Z,,,Player 2,2025-06-30T17:43:23.615690095Z,7,2025-06-30T17:51:02.840035211Z,false,2025-06-30T17:52:40.048684562Z,01JZ0YP9ZW65BZPQW61HS7GE15,2025-06-30T17:38:23.892935795Z,MAXIMUM INCOME,2025-06-30T17:47:36.21860222Z,"{""networkStruct"":""reciprocal"",""playerCount"":4}",2025-06-30T17:38:23.908850868Z,"Reciprocal, Some Redundancy",2025-06-30T17:38:23.908850868Z,{},2025-06-30T17:38:24.126153829Z,TaskScreen,2025-06-30T17:52:43.845295563Z
01JZ0YXHWRS1NCGZMM3Q2B39GA,true,2025-06-30T17:51:35.919627968Z,true,2025-06-30T17:51:28.003921338Z,3,2025-06-30T17:56:21.083553425Z,neighborhood_6,2025-06-30T17:56:21.088732758Z,game ended,2025-06-30T17:56:46.425046426Z,1,2025-06-30T17:57:13.931903634Z,"{""age"":""37"",""gender"":""male"",""strength"":""n/a"",""fair"":""no"",""feedback"":""n/a"",""education"":""bachelor""}",2025-06-30T17:57:13.936925944Z,"[[0,60],[93,153]]",2025-06-30T17:51:35.919627968Z,01JZ0YMB0WF5ZW98DAK0M01JZW,2025-06-30T17:42:20.838185588Z,4,2025-06-30T17:45:41.708898795Z,true,2025-06-30T17:45:48.805154641Z,,,Player 4,2025-06-30T17:47:24.223982723Z,5,2025-06-30T17:56:19.901749682Z,false,2025-06-30T17:54:19.459388877Z,01JZ0YXHHGQ7X829B9GSMQ0S97,2025-06-30T17:42:20.824724238Z,CHILDREN'S COMMUTE DISTANCE,2025-06-30T17:51:35.919627968Z,"{""networkStruct"":""reciprocal"",""playerCount"":4}",2025-06-30T17:42:20.838185588Z,"Reciprocal, Some Redundancy",2025-06-30T17:42:20.838185588Z,{},2025-06-30T17:42:21.029395075Z,TaskScreen,2025-06-30T17:56:21.095937859Z
01JZ0WHCM2ECETR0XRMND0GSDZ,,,,,,,,,no more games,2025-06-30T18:34:38.613487064Z,,,,,,,null,2025-06-30T18:34:38.613487064Z,4,2025-06-30T17:02:45.70255956Z,,,,,,,,,,,01JZ0WHAP8XB1Q9K0SD3Z9DCK1,2025-06-30T17:00:45.060457099Z,,,"{""networkStruct"":""reciprocal"",""playerCount"":4}",2025-06-30T17:00:45.069128237Z,"Reciprocal, Some Redundancy",2025-06-30T17:00:45.069128237Z,{},2025-06-30T17:00:45.880595599Z,,
01JZ0X6RZY3WRH8ZKD1XEMZNPX,,,,,,,,,game ended,2025-06-30T17:23:05.831543497Z,,,,,,,01JZ0X13WYYJA1PBKDVESDJZK9,2025-06-30T17:12:25.871536853Z,4,2025-06-30T17:13:17.758420102Z,true,2025-06-30T17:13:41.491588165Z,true,2025-06-30T17:17:55.304855974Z,Player 3,2025-06-30T17:13:43.554005339Z,,,,,01JZ0X6RXD0JTN69B6CXCBTZFB,2025-06-30T17:12:25.856568496Z,,,"{""networkStruct"":""reciprocal"",""playerCount"":3}",2025-06-30T17:12:25.871536853Z,"Reciprocal, No Redundancy",2025-06-30T17:12:25.871536853Z,{},2025-06-30T17:12:25.913074477Z,,
01JZ0XBDMJ11055MDX1NRCK98S,,,,,,,,,game terminated,2025-06-30T17:37:12.075253943Z,,,,,,,01JZ0YJRNSWPEY10W3SX08J82G,2025-06-30T17:36:28.445152343Z,2,2025-06-30T17:15:30.694071684Z,,,,,,,,,,,01JZ0XBD5ZH1Q3QPFP4NDY1EP0,2025-06-30T17:14:58.066961301Z,,,"{""networkStruct"":""reciprocal"",""playerCount"":3}",2025-06-30T17:14:58.082987661Z,"Reciprocal, No Redundancy",2025-06-30T17:14:58.082987661Z,{},2025-06-30T17:14:58.318481227Z,,
01JZ0Y0SZ0N9E11ZWKT7DVHFDT,true,2025-06-30T17:40:16.059432877Z,true,2025-06-30T17:40:07.918604683Z,,,neighborhood_11,2025-06-30T17:45:01.260947524Z,game ended,2025-06-30T17:45:26.599653223Z,1,2025-06-30T17:46:51.674371638Z,"{""age"":""27"",""gender"":""Female"",""strength"":""It was fun and challenging, yet quite difficult"",""fair"":""No, because I think nobody had an idea on how should we discuss and collaborate"",""feedback"":""1. Give clearer guidance in terms of expected teamwork\n2. Provide clearer calculation instruction with a time bound"",""education"":""master""}",2025-06-30T17:46:51.68347926Z,"[[40,100],[113,173]]",2025-06-30T17:40:16.059432877Z,01JZ0XP7EG8XH2A757Q0XZSTD8,2025-06-30T17:26:38.838524887Z,4,2025-06-30T17:27:55.349661113Z,true,2025-06-30T17:28:20.621223634Z,,,Player 4,2025-06-30T17:36:04.226867373Z,1,2025-06-30T17:44:57.510853212Z,false,2025-06-30T17:43:24.593646921Z,01JZ0Y0SKRC1AN1MQ4YPK2EDW4,2025-06-30T17:26:38.816510541Z,,,"{""networkStruct"":""pooled"",""playerCount"":4}",2025-06-30T17:26:38.838524887Z,"Pooled, Some Redundancy",2025-06-30T17:26:38.838524887Z,{},2025-06-30T17:26:39.06355978Z,TaskScreen,2025-06-30T17:45:01.264702106Z
01JZ0Y9M6M54F6PRF622D0XAT7,true,2025-06-30T17:40:19.102534698Z,true,2025-06-30T17:40:12.216676688Z,,,neighborhood_3,2025-06-30T17:45:23.346965575Z,game ended,2025-06-30T17:45:29.56722835Z,1,2025-06-30T17:46:15.329246419Z,"{""age"":""53"",""gender"":""Female"",""strength"":""The game was intense and intriguing"",""fair"":""NO"",""feedback"":""Maybe by having a chat screen while doing the game."",""education"":""bachelor""}",2025-06-30T17:46:15.333947336Z,"[[82,142],[197,257]]",2025-06-30T17:40:19.102534698Z,01JZ0XP7E80XQ8XGY0HAVD3ZJP,2025-06-30T17:31:27.848308219Z,4,2025-06-30T17:35:57.807398377Z,true,2025-06-30T17:36:06.877092596Z,,,Player 4,2025-06-30T17:36:06.964406089Z,2,2025-06-30T17:45:21.029985842Z,false,2025-06-30T17:44:47.509384845Z,01JZ0Y9KSREYNP8APFD7BK554P,2025-06-30T17:31:27.828529854Z,,,"{""networkStruct"":""pooled"",""playerCount"":4}",2025-06-30T17:31:27.848308219Z,"Pooled, Some Redundancy",2025-06-30T17:31:27.848308219Z,{},2025-06-30T17:31:28.066015876Z,TaskScreen,2025-06-30T17:45:23.350710169Z
01JZ0ZEY8PJTCNK0R4SHSPP740,,,,,,,,,game ended,2025-06-30T18:04:43.585654078Z,,,,,,,01JZ0Z7NWEY0R3MD8J8181F140,2025-06-30T17:51:50.57888332Z,4,2025-06-30T17:53:18.438509513Z,true,2025-06-30T17:53:23.358850733Z,true,2025-06-30T17:59:32.889570517Z,Player 3,2025-06-30T17:55:20.137067434Z,,,,,01JZ0ZEXPVE344V9CHXKSEEYZD,2025-06-30T17:51:50.55084214Z,,,"{""networkStruct"":""pooled"",""playerCount"":4}",2025-06-30T17:51:50.57888332Z,"Pooled, Some Redundancy",2025-06-30T17:51:50.57888332Z,{},2025-06-30T17:51:50.879716124Z,,
01JZ11DQVQQT3SATECQHV4QY9S,true,2025-06-30T18:35:17.31957109Z,true,2025-06-30T18:35:11.530438411Z,null,2025-06-30T18:40:27.286955151Z,null,2025-06-30T18:40:27.276780244Z,game ended,2025-06-30T18:40:28.067611096Z,1,2025-06-30T18:52:52.444508323Z,"{""age"":""27"",""gender"":""Female"",""strength"":""It was interesting"",""fair"":""Yes"",""feedback"":""The loading time should be worked on"",""education"":""bachelor""}",2025-06-30T18:52:52.430129917Z,"[[61,121],[121,181]]",2025-06-30T18:35:17.31957109Z,01JZ119YW2HKPBQ3HF5AQNWR9Z,2025-06-30T18:28:25.767816863Z,4,2025-06-30T18:28:52.384486052Z,true,2025-06-30T18:29:26.544341309Z,,,Player 1,2025-06-30T18:31:03.686638882Z,8,2025-06-30T18:40:27.245320697Z,false,2025-06-30T18:38:29.35107548Z,01JZ11DPGNN0VVMKHEMD253DQS,2025-06-30T18:26:08.375398805Z,AVERAGE PEOPLE,2025-06-30T18:35:17.31957109Z,"{""networkStruct"":""reciprocal"",""playerCount"":3}",2025-06-30T18:26:08.401061374Z,"Reciprocal, No Redundancy",2025-06-30T18:26:08.401061374Z,{},2025-06-30T18:26:08.904462667Z,TaskQueue,2025-06-30T18:40:27.296142356Z
01JZ10SPWFT6C4P571D24QBAAF,,,,,,,,,game ended,2025-06-30T18:25:16.528243942Z,,,,,,,01JZ100N4KMAHXYJQHY2912PJS,2025-06-30T18:15:12.04102171Z,4,2025-06-30T18:15:41.896020489Z,true,2025-06-30T18:15:52.872100907Z,true,2025-06-30T18:20:05.289042588Z,Player 4,2025-06-30T18:15:52.98871601Z,,,,,01JZ10SPR840QXGXZVQM7HDKQG,2025-06-30T18:15:12.015174027Z,,,"{""networkStruct"":""reciprocal"",""playerCount"":4}",2025-06-30T18:15:12.04102171Z,"Reciprocal, Some Redundancy",2025-06-30T18:15:12.04102171Z,{},2025-06-30T18:15:12.117398943Z,,
01JZ11D8PF8N11C5QPJ1C6S7NF,true,2025-06-30T18:34:17.511367774Z,true,2025-06-30T18:34:09.555789341Z,null,2025-06-30T18:39:27.430777491Z,null,2025-06-30T18:39:27.410870095Z,game ended,2025-06-30T18:39:28.19103313Z,1,2025-06-30T18:40:34.943809673Z,"{""age"":""20"",""gender"":""male"",""strength"":""it was fun but annoying that when i was sick i had to wait out the game, and it happened twice but other than that it was good."",""fair"":""i think they were helpful and trying their best."",""feedback"":""less sick time"",""education"":""high-school""}",2025-06-30T18:40:34.926995637Z,"[[82,142],[183,243]]",2025-06-30T18:34:17.511367774Z,01JZ119YWDV104V646C65RZD3P,2025-06-30T18:25:52.871906541Z,4,2025-06-30T18:27:01.791262496Z,true,2025-06-30T18:27:35.64549572Z,,,Player 2,2025-06-30T18:30:02.397744195Z,8,2025-06-30T18:39:27.38532679Z,false,2025-06-30T18:38:33.393598134Z,01JZ11D8CAJYDJEFP0FDVTRBPR,2025-06-30T18:25:52.847459866Z,MAXIMUM INCOME,2025-06-30T18:34:17.511367774Z,"{""networkStruct"":""reciprocal"",""playerCount"":3}",2025-06-30T18:25:52.871906541Z,"Reciprocal, No Redundancy",2025-06-30T18:25:52.871906541Z,{},2025-06-30T18:25:53.027983478Z,TaskQueue,2025-06-30T18:39:27.448761239Z
01JZ121XNEV2BFA4677W8GJKQE,,,,,,,,,game ended,2025-06-30T18:48:34.870672034Z,,,,,,,01JZ11XHTNJGBK57M9Z78S7EZ8,2025-06-30T18:37:09.705459845Z,4,2025-06-30T18:38:02.384701479Z,true,2025-06-30T18:39:10.425928915Z,true,2025-06-30T18:43:24.018782991Z,Player 2,2025-06-30T18:39:10.665861049Z,,,,,01JZ121XAT6CGCV6XS9DHN7AXQ,2025-06-30T18:37:09.678222145Z,,,"{""networkStruct"":""pooled"",""playerCount"":4}",2025-06-30T18:37:09.705459845Z,"Pooled, Some Redundancy",2025-06-30T18:37:09.705459845Z,{},2025-06-30T18:37:09.882391779Z,,
01JZ125V8KVJHWPE24Y2HN3262,true,2025-06-30T18:48:27.984029134Z,true,2025-06-30T18:48:20.462570294Z,1,2025-06-30T18:53:28.783046689Z,neighborhood_6,2025-06-30T18:53:28.806814084Z,game ended,2025-06-30T18:53:38.926003351Z,1,2025-06-30T18:54:22.817398728Z,"{""age"":""20"",""gender"":""Male"",""strength"":""Was more like math for me"",""fair"":""I don't know, couldn't really interact with them mid game"",""feedback"":"""",""education"":""high-school""}",2025-06-30T18:54:22.828516485Z,"[[224,284],[109,169]]",2025-06-30T18:48:27.984029134Z,01JZ125JHD5GFGZ2E2T20ACXSR,2025-06-30T18:39:18.313097432Z,4,2025-06-30T18:39:31.517634774Z,true,2025-06-30T18:39:37.587538607Z,,,Player 1,2025-06-30T18:44:14.958785925Z,5,2025-06-30T18:53:27.670361493Z,false,2025-06-30T18:53:25.667816025Z,01JZ125TX7V3JS4QV7MT6X452H,2025-06-30T18:39:18.291546945Z,AVERAGE PEOPLE,2025-06-30T18:48:27.984029134Z,"{""networkStruct"":""reciprocal"",""playerCount"":3}",2025-06-30T18:39:18.313097432Z,"Reciprocal, No Redundancy",2025-06-30T18:39:18.313097432Z,{},2025-06-30T18:39:18.502536784Z,TaskScreen,2025-06-30T18:53:28.823249315Z
01JZ12Z36WY8B4QBQAQ9725M97,true,2025-06-30T19:01:59.187207137Z,true,2025-06-30T19:01:54.254257064Z,null,2025-06-30T19:04:29.569313713Z,null,2025-06-30T19:04:29.550436353Z,game ended,2025-06-30T19:07:10.073818265Z,1,2025-06-30T19:08:39.309629927Z,"{""age"":""30"",""gender"":""Male"",""strength"":""The game is fun and interesting "",""fair"":""yes"",""feedback"":""By including more instructions"",""education"":""master""}",2025-06-30T19:08:39.299881783Z,"[[144,204],[206,266]]",2025-06-30T19:01:59.187207137Z,01JZ12TK4Q16V4FDC51PCA7WDR,2025-06-30T18:53:05.687776913Z,4,2025-06-30T18:54:41.820298207Z,true,2025-06-30T18:54:43.88020105Z,,,Player 1,2025-06-30T18:57:46.475919269Z,16,2025-06-30T19:04:29.538303073Z,false,2025-06-30T19:06:37.369565491Z,01JZ12Z21SAB783WVAFF7B9V7B,2025-06-30T18:53:05.628864453Z,AVERAGE PEOPLE,2025-06-30T19:01:59.187207137Z,"{""networkStruct"":""reciprocal"",""playerCount"":3}",2025-06-30T18:53:05.687776913Z,"Reciprocal, No Redundancy",2025-06-30T18:53:05.687776913Z,{},2025-06-30T18:53:06.074788288Z,TaskQueue,2025-06-30T19:04:29.559564691Z
01JZ107NDERNQQESZWJ5GXV4Z1,true,2025-06-30T18:20:05.289042588Z,true,2025-06-30T18:19:58.880020143Z,null,2025-06-30T18:25:15.299511082Z,null,2025-06-30T18:25:15.28020376Z,game ended,2025-06-30T18:25:16.528243942Z,1,2025-06-30T18:26:17.336045508Z,"{""age"":""34"",""gender"":""Female"",""strength"":""I liked it but there was not enough time, I was out sick twice and it made me anxious."",""fair"":""I have no idea."",""feedback"":""Give more time to finish the tasks as it was impossible. "",""education"":""bachelor""}",2025-06-30T18:26:17.327412574Z,"[[185,245],[47,107]]",2025-06-30T18:20:05.289042588Z,01JZ100N4KMAHXYJQHY2912PJS,2025-06-30T18:05:20.702383783Z,4,2025-06-30T18:06:20.644746791Z,true,2025-06-30T18:07:08.596028272Z,,,Player 2,2025-06-30T18:15:52.98871601Z,7,2025-06-30T18:25:15.267991274Z,false,2025-06-30T18:24:21.782095349Z,01JZ107N30X3G8EN16ZT484J62,2025-06-30T18:05:20.686252048Z,MAXIMUM INCOME,2025-06-30T18:20:05.289042588Z,"{""networkStruct"":""reciprocal"",""playerCount"":4}",2025-06-30T18:05:20.702383783Z,"Reciprocal, Some Redundancy",2025-06-30T18:05:20.702383783Z,{},2025-06-30T18:05:20.868149075Z,TaskQueue,2025-06-30T18:25:15.289444141Z
01JZ109PGT8NP1GATDS6WSNCMS,true,2025-06-30T18:12:02.804660852Z,true,2025-06-30T18:11:54.630367709Z,,,neighborhood_10,2025-06-30T18:16:38.788650744Z,game ended,2025-06-30T18:17:13.653814873Z,1,2025-06-30T18:18:15.495030781Z,"{""age"":""27"",""gender"":""Male"",""strength"":""It was fun, but i got timed out two times which made it annoying"",""fair"":""Not much it seemed to me"",""feedback"":""Make it so i'm not hit with sickness two times in a row."",""education"":""high-school""}",2025-06-30T18:18:15.4868954Z,"[[183,243],[122,182]]",2025-06-30T18:12:02.804660852Z,01JZ100N4SNNY9PP8QFCF7M9TY,2025-06-30T18:06:27.372478775Z,4,2025-06-30T18:07:12.851370911Z,true,2025-06-30T18:07:41.286366813Z,,,Player 3,2025-06-30T18:07:50.443110832Z,4,2025-06-30T18:16:37.61986268Z,false,2025-06-30T18:16:18.101854725Z,01JZ109P2A5YH3DEJK0BEJY0G7,2025-06-30T18:06:27.354592585Z,,,"{""networkStruct"":""pooled"",""playerCount"":4}",2025-06-30T18:06:27.372478775Z,"Pooled, Some Redundancy",2025-06-30T18:06:27.372478775Z,{},2025-06-30T18:06:27.617100469Z,TaskScreen,2025-06-30T18:16:38.781335488Z
01JZ10JPEDAYGCXJFQDZB9T0EF,,,,,,,,,game ended,2025-06-30T18:21:17.261163702Z,,,,,,,01JZ100N4EZ1D1ZSMZ8BGYY8VN,2025-06-30T18:11:22.239600939Z,4,2025-06-30T18:11:52.346575003Z,true,2025-06-30T18:11:54.442621031Z,true,2025-06-30T18:16:06.429446155Z,Player 4,2025-06-30T18:11:54.576244117Z,,,,,01JZ10JMG47N2TWS9RRH18JGE1,2025-06-30T18:11:22.18987542Z,,,"{""networkStruct"":""reciprocal"",""playerCount"":4}",2025-06-30T18:11:22.239600939Z,"Reciprocal, Some Redundancy",2025-06-30T18:11:22.239600939Z,{},2025-06-30T18:11:22.599601556Z,,
01JZ0WB2M2NS0QRPHY9WAW8B2W,true,2025-06-30T17:05:14.362764929Z,true,2025-06-30T17:05:06.217709575Z,null,2025-06-30T17:09:00.017732353Z,null,2025-06-30T17:09:00.019583502Z,game ended,2025-06-30T17:10:24.766109655Z,1,2025-06-30T17:11:09.584384189Z,"{""age"":""29"",""gender"":""female"",""strength"":""simple and fun"",""fair"":""I hope so"",""feedback"":""more communication points throughout "",""education"":""bachelor""}",2025-06-30T17:11:09.5816624Z,"[[148,208],[16,76]]",2025-06-30T17:05:14.362764929Z,01JZ0W7WH953KKVSAQ2RB19JGS,2025-06-30T16:57:18.222449372Z,4,2025-06-30T16:57:58.996419299Z,true,2025-06-30T16:58:17.266050995Z,,,Player 3,2025-06-30T17:01:02.214039845Z,7,2025-06-30T17:09:00.021743285Z,false,2025-06-30T17:08:52.85091005Z,01JZ0WB2784HQ4BK1TJXGY2Z4Q,2025-06-30T16:57:18.210477575Z,CHILDREN'S COMMUTE DISTANCE,2025-06-30T17:05:14.362764929Z,"{""networkStruct"":""reciprocal"",""playerCount"":4}",2025-06-30T16:57:18.222449372Z,"Reciprocal, Some Redundancy",2025-06-30T16:57:18.222449372Z,{},2025-06-30T16:57:18.416946196Z,TaskQueue,2025-06-30T17:09:00.015594095Z
01JZ0WECFR55CR34EY9YEA4XK8,,,true,2025-06-30T17:13:46.036456505Z,,,,,game ended,2025-06-30T17:18:55.39248024Z,,,,,,,01JZ0W7WHAXBN0H6GS7Q677HGB,2025-06-30T16:59:06.637322818Z,4,2025-06-30T17:00:05.046472144Z,true,2025-06-30T17:00:39.185615067Z,true,2025-06-30T17:13:44.698449041Z,Player 1,2025-06-30T17:09:32.495502537Z,,,,,01JZ0WEC2QSKPMB1NCW9WE2ZZ6,2025-06-30T16:59:06.616071177Z,,,"{""networkStruct"":""pooled"",""playerCount"":4}",2025-06-30T16:59:06.637322818Z,"Pooled, Some Redundancy",2025-06-30T16:59:06.637322818Z,{},2025-06-30T16:59:06.898271555Z,,
01JZ0WET3J4BRRMDT618GNVF6A,,,,,,,,,game ended,2025-06-30T17:09:24.305394831Z,,,,,,,01JZ0W7WHDGTV3A91VXN46A52G,2025-06-30T16:59:20.571083402Z,4,2025-06-30T16:59:50.720642218Z,true,2025-06-30T17:00:01.008269737Z,true,2025-06-30T17:04:13.920248606Z,Player 4,2025-06-30T17:00:01.070173211Z,,,,,01JZ0WESHMC00416N2J8C6YXJZ,2025-06-30T16:59:20.562616548Z,,,"{""networkStruct"":""reciprocal"",""playerCount"":4}",2025-06-30T16:59:20.571083402Z,"Reciprocal, Some Redundancy",2025-06-30T16:59:20.571083402Z,{},2025-06-30T16:59:20.841544509Z,,
01JZ0ZDR4R16NZQ3H22ZMHYSSY,true,2025-06-30T17:59:24.882601415Z,true,2025-06-30T17:59:18.876758211Z,null,2025-06-30T18:01:46.696209979Z,null,2025-06-30T18:01:46.6889021Z,game ended,2025-06-30T18:04:35.483447109Z,1,2025-06-30T18:05:58.363560477Z,"{""age"":""54"",""gender"":""male"",""strength"":""I liked it."",""fair"":""yes"",""feedback"":""At first I wasn't sure what to do."",""education"":""high-school""}",2025-06-30T18:05:58.352060381Z,"[[40,100],[135,195]]",2025-06-30T17:59:24.882601415Z,01JZ0Z7NWZE2H4FK4XXVVF91VK,2025-06-30T17:51:11.528913345Z,4,2025-06-30T17:53:12.336557625Z,true,2025-06-30T17:53:53.767386423Z,,,Player 3,2025-06-30T17:55:12.888802142Z,2,2025-06-30T18:01:46.715094757Z,false,2025-06-30T18:02:50.841802249Z,01JZ0ZDQTWNYJCXEBTGRFYE1M1,2025-06-30T17:51:11.512880442Z,CHILDREN'S COMMUTE DISTANCE,2025-06-30T17:59:24.882601415Z,"{""networkStruct"":""reciprocal"",""playerCount"":4}",2025-06-30T17:51:11.528913345Z,"Reciprocal, Some Redundancy",2025-06-30T17:51:11.528913345Z,{},2025-06-30T17:51:11.756632476Z,TaskQueue,2025-06-30T18:01:46.702667443Z
01JZ0ZJ32JH3S0BBR7ZZG4D13A,true,2025-06-30T17:59:32.889570517Z,true,2025-06-30T17:59:26.064452274Z,,,null,2025-06-30T18:04:37.219805Z,game ended,2025-06-30T18:04:43.585654078Z,1,2025-06-30T18:05:03.390388816Z,"{""age"":""53"",""gender"":""male"",""strength"":""fun"",""fair"":""no"",""feedback"":""not sure"",""education"":""bachelor""}",2025-06-30T18:05:03.349409879Z,"[[74,134],[181,241]]",2025-06-30T17:59:32.889570517Z,01JZ0Z7NWEY0R3MD8J8181F140,2025-06-30T17:53:33.795198143Z,4,2025-06-30T17:54:55.9507725Z,true,2025-06-30T17:55:19.983070988Z,,,Player 4,2025-06-30T17:55:20.137067434Z,3,2025-06-30T18:04:37.183141853Z,false,2025-06-30T18:03:45.437327371Z,01JZ0ZJ2JSPD49XVSQ64ENFB5W,2025-06-30T17:53:33.778421311Z,,,"{""networkStruct"":""pooled"",""playerCount"":4}",2025-06-30T17:53:33.795198143Z,"Pooled, Some Redundancy",2025-06-30T17:53:33.795198143Z,{},2025-06-30T17:53:34.077191422Z,TaskQueue,2025-06-30T18:04:37.25760768Z
01JZ11BXK08MWSE44GV5N4BET6,true,2025-06-30T18:32:37.928021341Z,true,2025-06-30T18:32:29.826204428Z,null,2025-06-30T18:35:15.513072888Z,null,2025-06-30T18:35:15.494250185Z,game ended,2025-06-30T18:37:48.600924649Z,1,2025-06-30T18:38:23.499390136Z,"{""age"":""40"",""gender"":""woman"",""strength"":""It didn't really feel like a game"",""fair"":""Impossible to say I could only see locked tasks"",""feedback"":""Make it more fun!"",""education"":""other""}",2025-06-30T18:38:23.485188799Z,"[[147,207],[208,268]]",2025-06-30T18:32:37.928021341Z,01JZ119YWQTW1CNB5AYNKC679G,2025-06-30T18:25:08.733931502Z,4,2025-06-30T18:26:06.067746469Z,true,2025-06-30T18:26:23.449544083Z,,,Player 1,2025-06-30T18:28:25.892784016Z,14,2025-06-30T18:35:15.469682852Z,false,2025-06-30T18:37:16.67448704Z,01JZ11BX36P60PBFH2NJD0T7V0,2025-06-30T18:25:08.704547189Z,AVERAGE PEOPLE,2025-06-30T18:32:37.928021341Z,"{""networkStruct"":""reciprocal"",""playerCount"":3}",2025-06-30T18:25:08.733931502Z,"Reciprocal, No Redundancy",2025-06-30T18:25:08.733931502Z,{},2025-06-30T18:25:08.989619686Z,TaskQueue,2025-06-30T18:35:15.532123626Z
01JZ10QKNS9TH1YHSARR139BBJ,,,,,,,,,no more games,2025-06-30T18:34:38.613487064Z,,,,,,,null,2025-06-30T18:34:38.613487064Z,,,,,,,,,,,,,01JZ10QKKHW0FKBD96XJPS2E6Z,2025-06-30T18:14:03.193871663Z,,,"{""networkStruct"":""reciprocal"",""playerCount"":4}",2025-06-30T18:14:03.219908687Z,"Reciprocal, Some Redundancy",2025-06-30T18:14:03.219908687Z,{},2025-06-30T18:14:03.247951597Z,,
01JZ11DAWN9GDC0YGP8G802M0V,,,,,,,,,no more games,2025-06-30T18:34:38.613487064Z,,,,,,,null,2025-06-30T18:34:38.613487064Z,3,2025-06-30T18:27:15.733918565Z,,,,,,,,,,,01JZ11D9VCCX4XGNDC88ZBEDBB,2025-06-30T18:25:55.09322893Z,,,"{""networkStruct"":""reciprocal"",""playerCount"":4}",2025-06-30T18:25:55.121599539Z,"Reciprocal, Some Redundancy",2025-06-30T18:25:55.121599539Z,{},2025-06-30T18:25:55.544911331Z,,
01JZ0WDHB8RBCQFFDNJQQPYNN7,true,2025-06-30T17:10:05.327138016Z,true,2025-06-30T17:10:00.433911971Z,1,2025-06-30T17:15:08.377716755Z,neighborhood_11,2025-06-30T17:15:08.386038121Z,game ended,2025-06-30T17:15:15.962152743Z,1,2025-06-30T17:16:20.541197562Z,"{""age"":""40"",""gender"":""Male"",""strength"":""Enjoyed it! When it finished I wanted to play more"",""fair"":""They were friendly in the initial chat"",""feedback"":""I was happy with it as it was. Maybe add fancier graphics?"",""education"":""high-school""}",2025-06-30T17:16:20.53544947Z,"[[18,78],[126,186]]",2025-06-30T17:10:05.327138016Z,01JZ0W7WH953KKVSAQ2B0M9V8S,2025-06-30T17:00:01.017040576Z,4,2025-06-30T17:00:17.762082598Z,true,2025-06-30T17:00:49.284747156Z,,,Player 2,2025-06-30T17:05:54.138396763Z,10,2025-06-30T17:15:07.288218313Z,false,2025-06-30T17:13:22.293191757Z,01JZ0WDGWT2D9A35GQYGKD0Q6Z,2025-06-30T16:58:38.824356788Z,AVERAGE PEOPLE,2025-06-30T17:10:05.327138016Z,"{""networkStruct"":""reciprocal"",""playerCount"":4}",2025-06-30T16:58:38.836314284Z,"Reciprocal, Some Redundancy",2025-06-30T16:58:38.836314284Z,{},2025-06-30T16:58:39.060625979Z,TaskScreen,2025-06-30T17:15:08.383380125Z
01JZ0WR5YDFN064C4MMFP8T3KJ,true,2025-06-30T17:09:47.246921466Z,true,2025-06-30T17:09:39.569403247Z,,,neighborhood_8,2025-06-30T17:14:23.766235626Z,game ended,2025-06-30T17:14:57.664727006Z,1,2025-06-30T17:15:36.144638668Z,"{""age"":""48"",""gender"":""male"",""strength"":""Kind of fun"",""fair"":""Were they even real people?"",""feedback"":""Less sick please"",""education"":""high-school""}",2025-06-30T17:15:36.141840587Z,"[[172,232],[66,126]]",2025-06-30T17:09:47.246921466Z,01JZ0W7WH7YZAXNKRFQJVF1GT9,2025-06-30T17:04:27.610911149Z,4,2025-06-30T17:04:57.977268741Z,true,2025-06-30T17:05:36.085328208Z,,,Player 4,2025-06-30T17:05:36.154756059Z,3,2025-06-30T17:14:21.358474514Z,false,2025-06-30T17:13:48.569787724Z,01JZ0WR5GCF5D0D9PCVT0ME99C,2025-06-30T17:04:27.597712539Z,,,"{""networkStruct"":""pooled"",""playerCount"":4}",2025-06-30T17:04:27.610911149Z,"Pooled, Some Redundancy",2025-06-30T17:04:27.610911149Z,{},2025-06-30T17:04:27.823077763Z,TaskScreen,2025-06-30T17:14:23.760591948Z
01JZ0X2WGRDWEV7PFCY3E6J5CV,true,2025-06-30T17:17:55.304855974Z,true,2025-06-30T17:17:48.007512867Z,null,2025-06-30T17:22:34.269012969Z,null,2025-06-30T17:22:34.26431447Z,game ended,2025-06-30T17:23:05.831543497Z,1,2025-06-30T17:23:31.913848574Z,"{""age"":""22"",""gender"":""Male"",""strength"":""It was really fun."",""fair"":""Yes they were"",""feedback"":"""",""education"":""bachelor""}",2025-06-30T17:23:31.907545132Z,"[[23,83],[111,171]]",2025-06-30T17:17:55.304855974Z,01JZ0X13WYYJA1PBKDVESDJZK9,2025-06-30T17:10:18.409437517Z,4,2025-06-30T17:10:39.854766375Z,true,2025-06-30T17:11:08.364962886Z,,,Player 1,2025-06-30T17:13:43.554005339Z,14,2025-06-30T17:22:34.258957979Z,false,2025-06-30T17:20:57.050770085Z,01JZ0X2W61WZDHWPAYSGZN3T40,2025-06-30T17:10:18.393028597Z,AVERAGE PEOPLE,2025-06-30T17:17:55.304855974Z,"{""networkStruct"":""reciprocal"",""playerCount"":3}",2025-06-30T17:10:18.409437517Z,"Reciprocal, No Redundancy",2025-06-30T17:10:18.409437517Z,{},2025-06-30T17:10:18.578162696Z,TaskQueue,2025-06-30T17:22:34.27990478Z
01JZ0ZAZM4A1T72TWH1VAJ0VV7,true,2025-06-30T17:55:55.127944687Z,true,2025-06-30T17:55:49.570327906Z,,,neighborhood_3,2025-06-30T17:59:40.402663975Z,game ended,2025-06-30T18:01:05.787021968Z,1,2025-06-30T18:01:44.876772351Z,"{""age"":""25"",""gender"":""Female"",""strength"":""Extremely fun, I really enjoyed playing it, the format was super nice to navigate."",""fair"":""Yes."",""feedback"":"""",""education"":""master""}",2025-06-30T18:01:44.871200346Z,"[[72,132],[228,288]]",2025-06-30T17:55:55.127944687Z,01JZ0Z7NWVZHM50FX7KDE2CZ4K,2025-06-30T17:49:40.884658955Z,4,2025-06-30T17:50:48.277673057Z,true,2025-06-30T17:51:43.195034915Z,,,Player 3,2025-06-30T17:51:43.286851102Z,4,2025-06-30T17:59:39.174494267Z,false,2025-06-30T18:00:54.011433739Z,01JZ0ZAZ7CSZNJ2QW5SESD42QE,2025-06-30T17:49:40.868471866Z,,,"{""networkStruct"":""pooled"",""playerCount"":4}",2025-06-30T17:49:40.884658955Z,"Pooled, Some Redundancy",2025-06-30T17:49:40.884658955Z,{},2025-06-30T17:49:41.090958306Z,TaskScreen,2025-06-30T17:59:40.410485666Z
01JZ1041THT8H7EXVVPSNGM30W,true,2025-06-30T18:12:39.402810316Z,true,2025-06-30T18:12:32.613527169Z,,,neighborhood_10,2025-06-30T18:14:59.789258654Z,game ended,2025-06-30T18:17:50.059190406Z,1,2025-06-30T18:18:49.17618953Z,"{""age"":""64"",""gender"":""female"",""strength"":""i think it was very nice"",""fair"":""yes sure"",""feedback"":""i dont know too much"",""education"":""bachelor""}",2025-06-30T18:18:49.182372213Z,"[[208,268],[136,196]]",2025-06-30T18:12:39.402810316Z,01JZ100N40PZGZRWRMG9G2S114,2025-06-30T18:03:22.339772682Z,4,2025-06-30T18:03:52.06345857Z,true,2025-06-30T18:03:56.082957996Z,,,Player 1,2025-06-30T18:08:27.3995625Z,2,2025-06-30T18:14:56.988518651Z,false,2025-06-30T18:17:18.534108617Z,01JZ10418WST3YS2S5ZRJ1D01G,2025-06-30T18:03:22.321232845Z,,,"{""networkStruct"":""pooled"",""playerCount"":4}",2025-06-30T18:03:22.339772682Z,"Pooled, Some Redundancy",2025-06-30T18:03:22.339772682Z,{},2025-06-30T18:03:22.637791806Z,TaskScreen,2025-06-30T18:14:59.801477083Z
01JZ0WB3WGQSNZHFNZ1PEPZMFA,,,,,,,,,game ended,2025-06-30T17:08:07.511025485Z,,,,,,,01JZ0W7WH4BMT12JZKEJ46HRED,2025-06-30T16:57:19.516633936Z,4,2025-06-30T16:58:09.790054323Z,true,2025-06-30T16:58:29.492616023Z,true,2025-06-30T17:02:56.846740111Z,Player 4,2025-06-30T16:58:45.837879032Z,,,,,01JZ0WB3CDDTZJ8XEVZ3CJ9GWH,2025-06-30T16:57:19.504158801Z,,,"{""networkStruct"":""pooled"",""playerCount"":4}",2025-06-30T16:57:19.516633936Z,"Pooled, Some Redundancy",2025-06-30T16:57:19.516633936Z,{},2025-06-30T16:57:19.793735384Z,,
01JZ0ZAQNAD3Q9TSM6MFVP3KH7,true,2025-06-30T17:55:55.127944687Z,true,2025-06-30T17:55:49.805132582Z,,,null,2025-06-30T18:00:53.827375229Z,game ended,2025-06-30T18:01:05.787021968Z,1,2025-06-30T18:01:44.114626858Z,"{""age"":""70"",""gender"":""male"",""strength"":""Very interesting and fun!"",""fair"":""Yes"",""feedback"":""Allow communication during the game"",""education"":""master""}",2025-06-30T18:01:44.109322443Z,"[[172,232],[3,63]]",2025-06-30T17:55:55.127944687Z,01JZ0Z7NWVZHM50FX7KDE2CZ4K,2025-06-30T17:49:32.728025167Z,4,2025-06-30T17:50:39.583469159Z,true,2025-06-30T17:51:03.134193325Z,,,Player 2,2025-06-30T17:51:43.286851102Z,4,2025-06-30T18:00:53.836256751Z,false,2025-06-30T17:59:57.047475003Z,01JZ0ZAQHAZSBMTKW9YC5R8CQZ,2025-06-30T17:49:32.714386666Z,,,"{""networkStruct"":""pooled"",""playerCount"":4}",2025-06-30T17:49:32.728025167Z,"Pooled, Some Redundancy",2025-06-30T17:49:32.728025167Z,{},2025-06-30T17:49:32.799391402Z,TaskQueue,2025-06-30T18:00:53.831469338Z
01JZ0ZJGVNV4HZWQH3SHFEPZKV,true,2025-06-30T17:59:24.882601415Z,true,2025-06-30T17:59:15.77061679Z,null,2025-06-30T18:01:13.683367117Z,null,2025-06-30T18:01:13.644620756Z,game ended,2025-06-30T18:04:35.483447109Z,1,2025-06-30T18:05:38.042768331Z,"{""age"":""27"",""gender"":""Male"",""strength"":""I liked it a lot! I like doing quick maths additions so this was great."",""fair"":""I'm not sure, all I could see was my own progress and not if they completed any tasks. They all seemed motivated in the chat though."",""feedback"":""Once when I hit submit I ended up on a white screen, refreshing the browser fortunately worked.\nGame-wise: see the progress of your teammates?"",""education"":""master""}",2025-06-30T18:05:38.050313617Z,"[[237,297],[119,179]]",2025-06-30T17:59:24.882601415Z,01JZ0Z7NWZE2H4FK4XXVVF91VK,2025-06-30T17:53:47.92365813Z,4,2025-06-30T17:54:56.095648824Z,true,2025-06-30T17:55:12.808052413Z,,,Player 4,2025-06-30T17:55:12.888802142Z,12,2025-06-30T18:01:13.694244735Z,true,2025-06-30T18:03:36.754555335Z,01JZ0ZJGES41ZXVYYB9B0GTF39,2025-06-30T17:53:47.893734925Z,CHILDREN'S COMMUTE DISTANCE,2025-06-30T17:59:24.882601415Z,"{""networkStruct"":""reciprocal"",""playerCount"":4}",2025-06-30T17:53:47.92365813Z,"Reciprocal, Some Redundancy",2025-06-30T17:53:47.92365813Z,{},2025-06-30T17:53:48.119821394Z,TaskQueue,2025-06-30T18:01:13.666731075Z
01JZ1210S38G6D0X3Q8JSCJ1V1,true,2025-06-30T18:43:24.018782991Z,true,2025-06-30T18:43:16.078153114Z,,,neighborhood_4,2025-06-30T18:48:23.480768061Z,game ended,2025-06-30T18:48:34.870672034Z,1,2025-06-30T18:52:09.407552773Z,"{""age"":""22"",""gender"":""male"",""strength"":""It contains lot of fun!"",""fair"":""Yes, but they are little slow."",""feedback"":""I don't have any idea."",""education"":""high-school""}",2025-06-30T18:52:09.422609726Z,"[[120,180],[40,100]]",2025-06-30T18:43:24.018782991Z,01JZ11XHTNJGBK57M9Z78S7EZ8,2025-06-30T18:36:40.120718905Z,4,2025-06-30T18:37:05.433457484Z,true,2025-06-30T18:37:06.555077242Z,,,Player 1,2025-06-30T18:39:10.665861049Z,6,2025-06-30T18:48:22.256481892Z,false,2025-06-30T18:46:36.482656179Z,01JZ121059NAEZ466PJQW1DGQ8,2025-06-30T18:36:40.099555459Z,,,"{""networkStruct"":""pooled"",""playerCount"":4}",2025-06-30T18:36:40.120718905Z,"Pooled, Some Redundancy",2025-06-30T18:36:40.120718905Z,{},2025-06-30T18:36:40.355036567Z,TaskScreen,2025-06-30T18:48:23.471070968Z
01JZ1328DXYRTZ8HXX59HV17RQ,,,,,,,,,no more games,2025-06-30T18:57:46.288849848Z,,,,,,,null,2025-06-30T18:57:46.288849848Z,3,2025-06-30T18:57:34.73629398Z,,,,,,,,,,,01JZ13283744RMP9M318D1AMM1,2025-06-30T18:54:49.2779474Z,,,"{""networkStruct"":""reciprocal"",""playerCount"":3}",2025-06-30T18:54:49.306981432Z,"Reciprocal, No Redundancy",2025-06-30T18:54:49.306981432Z,{},2025-06-30T18:54:49.479027965Z,,
01JZ134XXSYB7MDVYZCM82AH6P,true,2025-06-30T19:01:50.420374149Z,true,2025-06-30T19:01:42.98700741Z,2,2025-06-30T19:06:58.772488164Z,neighborhood_9,2025-06-30T19:06:58.758909763Z,game ended,2025-06-30T19:07:01.395753227Z,1,2025-06-30T19:07:31.519336719Z,"{""age"":""31"",""gender"":""Male"",""strength"":""It was entertaining and a little difficult"",""fair"":""I am not sure if they really completed any tasks."",""feedback"":""Have larger teams"",""education"":""bachelor""}",2025-06-30T19:07:31.552839582Z,"[[18,78],[186,246]]",2025-06-30T19:01:50.420374149Z,01JZ12TK4A16DPH6KAMKDY8GHP,2025-06-30T18:56:16.858137682Z,4,2025-06-30T18:56:52.971400238Z,true,2025-06-30T18:57:15.911090646Z,,,Player 3,2025-06-30T18:57:37.493380342Z,9,2025-06-30T19:06:57.744559459Z,false,2025-06-30T19:06:08.167213682Z,01JZ134XK2AH6BVGVE53SBZ0XX,2025-06-30T18:56:16.825993221Z,MAXIMUM INCOME,2025-06-30T19:01:50.420374149Z,"{""networkStruct"":""reciprocal"",""playerCount"":3}",2025-06-30T18:56:16.858137682Z,"Reciprocal, No Redundancy",2025-06-30T18:56:16.858137682Z,{},2025-06-30T18:56:17.039006611Z,TaskScreen,2025-06-30T19:06:58.782655431Z
01JZ0WQWMV3KY56ZR950RRE4SS,,,,,,,,,no more games,2025-06-30T18:34:38.613487064Z,1,2025-06-30T17:06:09.099397643Z,"{""age"":""24"",""gender"":""male"",""strength"":"""",""fair"":"""",""feedback"":"""",""education"":""master""}",2025-06-30T17:06:09.302771506Z,,,null,2025-06-30T18:34:38.613487064Z,4,2025-06-30T17:05:47.705212599Z,,,,,,,,,,,01JZ0WQV3DCBEHBRMF4G35JT7F,2025-06-30T17:04:18.075340275Z,,,"{""networkStruct"":""reciprocal"",""playerCount"":4}",2025-06-30T17:04:18.085985902Z,"Reciprocal, Some Redundancy",2025-06-30T17:04:18.085985902Z,{},2025-06-30T17:04:23.084831939Z,,
01JZ0XR61TKMAAZNSVS4MPGBV3,true,2025-06-30T17:39:21.278256444Z,true,2025-06-30T17:39:14.361337923Z,,,neighborhood_11,2025-06-30T17:43:29.502902375Z,game ended,2025-06-30T17:44:31.929154349Z,1,2025-06-30T17:45:13.649710659Z,"{""age"":""42"",""gender"":""Female"",""strength"":""fun"",""fair"":""yes I do"",""feedback"":"""",""education"":""high-school""}",2025-06-30T17:45:13.644761205Z,"[[142,202],[33,93]]",2025-06-30T17:39:21.278256444Z,01JZ0XP7EJVNGB38T0GJJ3YDRG,2025-06-30T17:21:56.306821626Z,4,2025-06-30T17:22:46.52950567Z,true,2025-06-30T17:23:18.824848157Z,,,Player 1,2025-06-30T17:35:08.532530683Z,1,2025-06-30T17:43:27.439144347Z,false,2025-06-30T17:42:54.201973675Z,01JZ0XR5EN898X6RR6Z6JCTZFN,2025-06-30T17:21:56.28263795Z,,,"{""networkStruct"":""pooled"",""playerCount"":4}",2025-06-30T17:21:56.306821626Z,"Pooled, Some Redundancy",2025-06-30T17:21:56.306821626Z,{},2025-06-30T17:21:56.578701611Z,TaskScreen,2025-06-30T17:43:29.507697838Z
01JZ0YSR6RVXKHMM82EPAA9R01,true,2025-06-30T17:51:35.919627968Z,true,2025-06-30T17:51:27.035892382Z,null,2025-06-30T17:56:09.257324896Z,null,2025-06-30T17:56:09.26631983Z,game ended,2025-06-30T17:56:46.425046426Z,1,2025-06-30T17:57:21.2366175Z,"{""age"":""51"",""gender"":""Female"",""strength"":""Easy, fun game"",""fair"":""I really don't know"",""feedback"":""Not have the flu again!"",""education"":""bachelor""}",2025-06-30T17:57:21.231378816Z,"[[189,249],[35,95]]",2025-06-30T17:51:35.919627968Z,01JZ0YMB0WF5ZW98DAK0M01JZW,2025-06-30T17:40:16.313845595Z,4,2025-06-30T17:41:20.179942259Z,true,2025-06-30T17:41:50.229916069Z,,,Player 1,2025-06-30T17:47:24.223982723Z,14,2025-06-30T17:56:09.275735693Z,false,2025-06-30T17:55:55.773075358Z,01JZ0YSQQNFS70VVHTK2PSDVY6,2025-06-30T17:40:16.21685027Z,AVERAGE PEOPLE,2025-06-30T17:51:35.919627968Z,"{""networkStruct"":""reciprocal"",""playerCount"":4}",2025-06-30T17:40:16.313845595Z,"Reciprocal, Some Redundancy",2025-06-30T17:40:16.313845595Z,{},2025-06-30T17:40:16.551982114Z,TaskQueue,2025-06-30T17:56:09.229194305Z
01JZ11C5H6QK3Z44KTVNDP9W7X,true,2025-06-30T18:32:37.928021341Z,true,2025-06-30T18:32:31.294219734Z,null,2025-06-30T18:37:48.102044375Z,null,2025-06-30T18:37:48.094134043Z,game ended,2025-06-30T18:37:48.600924649Z,1,2025-06-30T18:49:52.72786433Z,"{""age"":""33"",""gender"":""Male"",""strength"":""It was alright."",""fair"":""I'm not sure."",""feedback"":""I had to refresh the page. I had a blank white screen for a long time after completing the study."",""education"":""other""}",2025-06-30T18:49:52.603751446Z,"[[116,176],[181,241]]",2025-06-30T18:32:37.928021341Z,01JZ119YWQTW1CNB5AYNKC679G,2025-06-30T18:25:16.861918856Z,4,2025-06-30T18:26:36.933754779Z,true,2025-06-30T18:27:07.826771788Z,,,Player 2,2025-06-30T18:28:25.892784016Z,8,2025-06-30T18:37:48.086556482Z,false,2025-06-30T18:36:50.204866173Z,01JZ11C50J3SJ5EY6KJMEFA53E,2025-06-30T18:25:16.838533941Z,MAXIMUM INCOME,2025-06-30T18:32:37.928021341Z,"{""networkStruct"":""reciprocal"",""playerCount"":3}",2025-06-30T18:25:16.861918856Z,"Reciprocal, No Redundancy",2025-06-30T18:25:16.861918856Z,{},2025-06-30T18:25:17.121083999Z,TaskQueue,2025-06-30T18:37:48.043017997Z
01JZ11HGCKCTMRT54WJ26DZBKJ,true,2025-06-30T18:34:33.358557003Z,true,2025-06-30T18:34:25.177905808Z,null,2025-06-30T18:38:56.584299792Z,null,2025-06-30T18:38:56.565043576Z,game ended,2025-06-30T18:39:44.298765467Z,1,2025-06-30T18:40:06.374500064Z,"{""age"":""34"",""gender"":""male"",""strength"":""nice game"",""fair"":""yes"",""feedback"":""I'm not sure"",""education"":""master""}",2025-06-30T18:40:06.36229424Z,"[[182,242],[65,125]]",2025-06-30T18:34:33.358557003Z,01JZ119YTKRCVRVA7XBM70602J,2025-06-30T18:28:11.825333713Z,4,2025-06-30T18:29:10.683567699Z,true,2025-06-30T18:29:28.421711755Z,,,Player 4,2025-06-30T18:30:20.713062466Z,3,2025-06-30T18:38:56.548335059Z,false,2025-06-30T18:38:40.111337378Z,01JZ11HFYEQG22YX7KX4Z80978,2025-06-30T18:28:11.795965342Z,AVERAGE PEOPLE,2025-06-30T18:34:33.358557003Z,"{""networkStruct"":""reciprocal"",""playerCount"":4}",2025-06-30T18:28:11.825333713Z,"Reciprocal, Some Redundancy",2025-06-30T18:28:11.825333713Z,{},2025-06-30T18:28:11.999967197Z,TaskQueue,2025-06-30T18:38:56.601568905Z
01JZ0YZDVBGT4T7P1T5X8ANGES,,,,,,,,,game ended,2025-06-30T17:52:46.691233158Z,,,,,,,01JZ0YMB0R63S66YTFBNZZK4BM,2025-06-30T17:43:22.243135352Z,4,2025-06-30T17:43:22.965892153Z,true,2025-06-30T17:43:23.394119396Z,true,2025-06-30T17:47:36.21860222Z,Player 4,2025-06-30T17:43:23.615690095Z,,,,,01JZ0YZDS22VA93GD4RZG17WEP,2025-06-30T17:43:22.219521662Z,,,"{""networkStruct"":""reciprocal"",""playerCount"":4}",2025-06-30T17:43:22.243135352Z,"Reciprocal, Some Redundancy",2025-06-30T17:43:22.243135352Z,{},2025-06-30T17:43:22.270156578Z,,
01JZ109DD1MS0H9Q6X0RP6AVZ3,true,2025-06-30T18:12:39.402810316Z,true,2025-06-30T18:12:31.508061267Z,,,neighborhood_8,2025-06-30T18:17:31.007534197Z,game ended,2025-06-30T18:17:50.059190406Z,1,2025-06-30T18:18:31.791039444Z,"{""age"":""41"",""gender"":""Male"",""strength"":""Fun!! Interesting!"",""fair"":""Yes, they contributed equally. "",""feedback"":""More categories!"",""education"":""master""}",2025-06-30T18:18:31.803559682Z,"[[96,156],[180,240]]",2025-06-30T18:12:39.402810316Z,01JZ100N40PZGZRWRMG9G2S114,2025-06-30T18:06:18.044032758Z,4,2025-06-30T18:07:20.959836537Z,true,2025-06-30T18:07:46.609734348Z,,,Player 2,2025-06-30T18:08:27.3995625Z,4,2025-06-30T18:17:29.614522073Z,false,2025-06-30T18:16:50.175228479Z,01JZ109DBSXAX2PE7HYBQ46VB6,2025-06-30T18:06:18.017804197Z,,,"{""networkStruct"":""pooled"",""playerCount"":4}",2025-06-30T18:06:18.044032758Z,"Pooled, Some Redundancy",2025-06-30T18:06:18.044032758Z,{},2025-06-30T18:06:18.062079017Z,TaskScreen,2025-06-30T18:17:31.015044394Z
01JZ10J3PQE4B6BSPPJM12TS9H,,,,,,,,,game ended,2025-06-30T18:25:16.528243942Z,,,,,,,01JZ100N4KMAHXYJQHY2912PJS,2025-06-30T18:11:54.46770926Z,4,2025-06-30T18:11:57.147800895Z,true,2025-06-30T18:13:18.775946741Z,true,2025-06-30T18:20:05.289042588Z,Player 3,2025-06-30T18:15:52.98871601Z,,,,,01JZ10J3F4GJ7RDCED7S3FGSTW,2025-06-30T18:11:03.000017833Z,,,"{""networkStruct"":""reciprocal"",""playerCount"":4}",2025-06-30T18:11:03.035777251Z,"Reciprocal, Some Redundancy",2025-06-30T18:11:03.035777251Z,{},2025-06-30T18:11:03.168435713Z,,
01JZ122DHHDD83BCEEFYJA11AW,true,2025-06-30T18:43:24.018782991Z,true,2025-06-30T18:43:16.495641275Z,,,neighborhood_6,2025-06-30T18:48:23.158122824Z,game ended,2025-06-30T18:48:34.870672034Z,1,2025-06-30T18:49:35.381506252Z,"{""age"":""46"",""gender"":""male"",""strength"":""It was quite good fun. It was just enough to keep you interested"",""fair"":""They were ok. They weren’t particularly high performers."",""feedback"":""make it just a little more challenging."",""education"":""bachelor""}",2025-06-30T18:49:35.371234739Z,"[[4,64],[131,191]]",2025-06-30T18:43:24.018782991Z,01JZ11XHTNJGBK57M9Z78S7EZ8,2025-06-30T18:37:25.961021745Z,4,2025-06-30T18:38:10.745168187Z,true,2025-06-30T18:38:45.618556448Z,,,Player 3,2025-06-30T18:39:10.665861049Z,4,2025-06-30T18:48:21.833220126Z,false,2025-06-30T18:46:46.124698578Z,01JZ122D6DG1G7RRXECPJ1F49Z,2025-06-30T18:37:25.937427563Z,,,"{""networkStruct"":""pooled"",""playerCount"":4}",2025-06-30T18:37:25.961021745Z,"Pooled, Some Redundancy",2025-06-30T18:37:25.961021745Z,{},2025-06-30T18:37:26.124124742Z,TaskScreen,2025-06-30T18:48:23.147580738Z
01JZ107JQB7XPQJ94EASTDESSE,,,,,,,,,no more games,2025-06-30T18:34:38.613487064Z,,,,,,,null,2025-06-30T18:34:38.613487064Z,2,2025-06-30T18:06:04.5205212Z,,,,,,,,,,,01JZ107J8BX633PWQB4Q9N93XN,2025-06-30T18:05:17.931140309Z,,,"{""networkStruct"":""reciprocal"",""playerCount"":4}",2025-06-30T18:05:17.954527171Z,"Reciprocal, Some Redundancy",2025-06-30T18:05:17.954527171Z,{},2025-06-30T18:05:18.231011727Z,,
01JZ109PMN1T7DD1W02AQ48KS1,,,,,,,,,no more games,2025-06-30T18:50:45.705976616Z,1,2025-06-30T18:10:06.498494686Z,"{""age"":""28"",""gender"":""Male"",""strength"":"""",""fair"":"""",""feedback"":"""",""education"":""master""}",2025-06-30T18:10:06.387507077Z,,,null,2025-06-30T18:50:45.705976616Z,3,2025-06-30T18:08:16.59831376Z,,,,,,,,,,,01JZ109MTBE7NHDM6GRPXVNEHK,2025-06-30T18:06:27.477687619Z,,,"{""networkStruct"":""pooled"",""playerCount"":4}",2025-06-30T18:06:27.499568489Z,"Pooled, Some Redundancy",2025-06-30T18:06:27.499568489Z,{},2025-06-30T18:06:28.29943763Z,,
01JZ10BA4D4XWBNYV7XSZB19G9,true,2025-06-30T18:12:02.804660852Z,true,2025-06-30T18:11:56.828111296Z,,,neighborhood_9,2025-06-30T18:13:58.955569624Z,game ended,2025-06-30T18:17:13.653814873Z,1,2025-06-30T18:18:31.059980584Z,"{""age"":""26"",""gender"":""Man"",""strength"":""i think it is good "",""fair"":""they were good "",""feedback"":""by bringing more "",""education"":""bachelor""}",2025-06-30T18:18:31.074679694Z,"[[176,236],[106,166]]",2025-06-30T18:12:02.804660852Z,01JZ100N4SNNY9PP8QFCF7M9TY,2025-06-30T18:07:20.225671225Z,4,2025-06-30T18:07:48.431586628Z,true,2025-06-30T18:07:50.220394149Z,,,Player 4,2025-06-30T18:07:50.443110832Z,,,false,2025-06-30T18:16:09.915032651Z,01JZ10B8NY2XBYWF4C7B4VYSNY,2025-06-30T18:07:20.205936125Z,,,"{""networkStruct"":""pooled"",""playerCount"":4}",2025-06-30T18:07:20.225671225Z,"Pooled, Some Redundancy",2025-06-30T18:07:20.225671225Z,{},2025-06-30T18:07:20.746914906Z,TaskScreen,2025-06-30T18:13:58.933976459Z
01JZ0WA4AHK3PPVW2TTV3AGCJ0,true,2025-06-30T17:04:13.920248606Z,true,2025-06-30T17:04:06.979557744Z,null,2025-06-30T17:08:08.174521476Z,null,2025-06-30T17:08:08.16541299Z,game ended,2025-06-30T17:09:24.305394831Z,1,2025-06-30T17:10:57.563573909Z,"{""age"":""34"",""gender"":""female"",""strength"":""It was fun and simple. I’m glad I got household size because I could calculate it quickly in my head."",""fair"":""I hope so, but I don’t know what their scores were."",""feedback"":""Can’t think of anything."",""education"":""bachelor""}",2025-06-30T17:10:57.56159264Z,"[[234,294],[98,158]]",2025-06-30T17:04:13.920248606Z,01JZ0W7WHDGTV3A91VXN46A52G,2025-06-30T16:56:47.196295992Z,4,2025-06-30T16:57:42.226094438Z,true,2025-06-30T16:58:13.964850773Z,,,Player 1,2025-06-30T17:00:01.070173211Z,14,2025-06-30T17:08:08.16345165Z,false,2025-06-30T17:09:18.367538488Z,01JZ0WA42MZPRBM35SEFVHZX9M,2025-06-30T16:56:47.185789141Z,AVERAGE PEOPLE,2025-06-30T17:04:13.920248606Z,"{""networkStruct"":""reciprocal"",""playerCount"":4}",2025-06-30T16:56:47.196295992Z,"Reciprocal, Some Redundancy",2025-06-30T16:56:47.196295992Z,{},2025-06-30T16:56:47.436794197Z,TaskQueue,2025-06-30T17:08:08.169950037Z
01JZ0WAQMDYVVH1XTS848323JD,true,2025-06-30T17:05:14.362764929Z,true,2025-06-30T17:05:05.782866986Z,null,2025-06-30T17:08:12.695545735Z,null,2025-06-30T17:08:12.699540137Z,game ended,2025-06-30T17:10:24.766109655Z,,,,,"[[67,127],[192,252]]",2025-06-30T17:05:14.362764929Z,01JZ0W7WH953KKVSAQ2RB19JGS,2025-06-30T16:57:06.970500689Z,4,2025-06-30T16:58:36.848572164Z,true,2025-06-30T16:59:19.002129993Z,,,Player 2,2025-06-30T17:01:02.214039845Z,7,2025-06-30T17:08:12.70119921Z,false,2025-06-30T17:07:30.8687478Z,01JZ0WAQ7XY2SGX438BXRG8YZW,2025-06-30T16:57:06.957380617Z,MAXIMUM INCOME,2025-06-30T17:05:14.362764929Z,"{""networkStruct"":""reciprocal"",""playerCount"":4}",2025-06-30T16:57:06.970500689Z,"Reciprocal, Some Redundancy",2025-06-30T16:57:06.970500689Z,{},2025-06-30T16:57:07.171541094Z,TaskQueue,2025-06-30T17:08:12.702287439Z
01JZ0XWJYRFVEKYXHW4V19QPP6,true,2025-06-30T17:40:19.102534698Z,true,2025-06-30T17:40:12.64087706Z,,,neighborhood_2,2025-06-30T17:43:39.159955204Z,game ended,2025-06-30T17:45:29.56722835Z,1,2025-06-30T17:48:33.228971238Z,"{""age"":""50"",""gender"":""female"",""strength"":""It was fun, wish it had gone on longer. Thanks!"",""fair"":""Yes"",""feedback"":""The practice round could better clarify where to pick up information (specifically miles/commute information)."",""education"":""bachelor""}",2025-06-30T17:48:33.225132234Z,"[[92,152],[217,277]]",2025-06-30T17:40:19.102534698Z,01JZ0XP7E80XQ8XGY0HAVD3ZJP,2025-06-30T17:24:20.588664713Z,4,2025-06-30T17:31:27.66333878Z,true,2025-06-30T17:32:29.44514781Z,,,Player 2,2025-06-30T17:36:06.964406089Z,2,2025-06-30T17:43:33.232094377Z,false,2025-06-30T17:45:03.710793068Z,01JZ0XWJQCM3Q94N2K9NTREZPJ,2025-06-30T17:24:20.568941411Z,,,"{""networkStruct"":""pooled"",""playerCount"":4}",2025-06-30T17:24:20.588664713Z,"Pooled, Some Redundancy",2025-06-30T17:24:20.588664713Z,{},2025-06-30T17:24:20.714788077Z,TaskScreen,2025-06-30T17:43:39.155132478Z
01JZ0YTPXXNDEF6X5DGJT83XQ2,,,,,,,,,game ended,2025-06-30T17:52:46.691233158Z,,,,,,,01JZ0YMB0R63S66YTFBNZZK4BM,2025-06-30T17:40:47.699260261Z,4,2025-06-30T17:41:07.580719456Z,true,2025-06-30T17:41:20.128503094Z,true,2025-06-30T17:47:36.21860222Z,Player 3,2025-06-30T17:43:23.615690095Z,,,,,01JZ0YTPDPN879W1KTZCRC63MY,2025-06-30T17:40:47.677990918Z,,,"{""networkStruct"":""reciprocal"",""playerCount"":4}",2025-06-30T17:40:47.699260261Z,"Reciprocal, Some Redundancy",2025-06-30T17:40:47.699260261Z,{},2025-06-30T17:40:47.993455603Z,,
01JZ0ZN9FX1D706K168VDSSB67,,,,,,,,,no more games,2025-06-30T18:50:45.705976616Z,1,2025-06-30T17:55:58.880999208Z,"{""age"":""31"",""gender"":""Male"",""strength"":""It skipped me right to this screen, I didn't see a game."",""fair"":""N/A"",""feedback"":""N/A"",""education"":""high-school""}",2025-06-30T17:55:58.877020773Z,,,null,2025-06-30T18:50:45.705976616Z,,,,,,,,,,,,,01JZ0ZN99A4S7MEYJDAW4Y3K9H,2025-06-30T17:55:18.653159222Z,,,"{""networkStruct"":""pooled"",""playerCount"":4}",2025-06-30T17:55:18.677695405Z,"Pooled, Some Redundancy",2025-06-30T17:55:18.677695405Z,{},2025-06-30T17:55:18.773804542Z,,
01JZ11DWJZPRTKTDTM3VYPC37V,,,,,,,,,no more games,2025-06-30T18:57:46.288849848Z,1,2025-06-30T19:07:50.725596893Z,"{""age"":""31"",""gender"":""Male"",""strength"":""Unfortunately didn't get to play, and was booted to this final survey."",""fair"":""Not relevant, as I didn't get to play the game."",""feedback"":"""",""education"":""other""}",2025-06-30T19:07:50.736524525Z,,,null,2025-06-30T18:57:46.288849848Z,4,2025-06-30T18:30:50.437199208Z,,,,,,,,,,,01JZ11DW6D8AY5FRSFEK82PZR1,2025-06-30T18:26:13.216008047Z,,,"{""networkStruct"":""reciprocal"",""playerCount"":3}",2025-06-30T18:26:13.241488121Z,"Reciprocal, No Redundancy",2025-06-30T18:26:13.241488121Z,{},2025-06-30T18:26:13.440338521Z,,
01JZ0WAFES096YNFVHEVWQ0J1C,,,,,,,,,no more games,2025-06-30T18:34:38.613487064Z,,,,,,,null,2025-06-30T18:34:38.613487064Z,4,2025-06-30T16:59:57.507933896Z,,,,,,,,,,,01JZ0WAF036SN6TJWPEQJ8QE2R,2025-06-30T16:56:58.585506362Z,,,"{""networkStruct"":""reciprocal"",""playerCount"":4}",2025-06-30T16:56:58.596899766Z,"Reciprocal, Some Redundancy",2025-06-30T16:56:58.596899766Z,{},2025-06-30T16:56:58.813114541Z,,
01JZ11DDGXM8HKY27044RKG6MA,,,,,,,,,no more games,2025-06-30T18:57:46.288849848Z,,,,,,,null,2025-06-30T18:57:46.288849848Z,4,2025-06-30T18:27:18.702016912Z,,,,,,,,,,,01JZ11DBGV5E9QJATV5ZK23TQ5,2025-06-30T18:25:57.790063131Z,,,"{""networkStruct"":""reciprocal"",""playerCount"":3}",2025-06-30T18:25:57.827530597Z,"Reciprocal, No Redundancy",2025-06-30T18:25:57.827530597Z,{},2025-06-30T18:25:58.768383902Z,,
01JZ11JEW6YXEJ3AB50VHRYMWD,true,2025-06-30T18:38:52.010780223Z,true,2025-06-30T18:38:46.283497439Z,2,2025-06-30T18:43:36.661724645Z,neighborhood_6,2025-06-30T18:43:36.687625473Z,game ended,2025-06-30T18:44:03.115936269Z,1,2025-06-30T18:44:25.778759867Z,"{""age"":""43"",""gender"":""Female"",""strength"":""it was hard"",""fair"":""yes"",""feedback"":""not sure"",""education"":""high-school""}",2025-06-30T18:44:25.757522248Z,"[[175,235],[0,60]]",2025-06-30T18:38:52.010780223Z,01JZ119YY7H6NVYT7RKS2PMWJ6,2025-06-30T18:28:43.042696552Z,4,2025-06-30T18:29:39.187800418Z,true,2025-06-30T18:30:01.383452574Z,,,Player 2,2025-06-30T18:34:38.945878735Z,5,2025-06-30T18:43:34.928098498Z,false,2025-06-30T18:42:57.690041311Z,01JZ11JE9GD0CWHMKJ91A5CY05,2025-06-30T18:28:43.014730361Z,MAXIMUM INCOME,2025-06-30T18:38:52.010780223Z,"{""networkStruct"":""reciprocal"",""playerCount"":4}",2025-06-30T18:28:43.042696552Z,"Reciprocal, Some Redundancy",2025-06-30T18:28:43.042696552Z,{},2025-06-30T18:28:43.390918105Z,TaskScreen,2025-06-30T18:43:36.672072729Z
01JZ12TQ8GQN6JSY0T1CWEYFY9,,,,,,,,,no more games,2025-06-30T18:50:45.705976616Z,,,,,,,null,2025-06-30T18:50:45.705976616Z,,,,,,,,,,,,,01JZ12TPT3C1TS5KCTPQYQSWPM,2025-06-30T18:50:42.320112207Z,,,"{""networkStruct"":""pooled"",""playerCount"":4}",2025-06-30T18:50:42.341058325Z,"Pooled, Some Redundancy",2025-06-30T18:50:42.341058325Z,{},2025-06-30T18:50:42.568695984Z,,
01JZ0W9WCH8JKPBKWHEDD5J8GA,true,2025-06-30T17:05:14.362764929Z,true,2025-06-30T17:05:09.897177605Z,null,2025-06-30T17:10:01.614952727Z,null,2025-06-30T17:10:01.640105993Z,game ended,2025-06-30T17:10:24.766109655Z,1,2025-06-30T17:11:26.578753309Z,"{""age"":""30"",""gender"":""male"",""strength"":""Fun and simple."",""fair"":""No, in any way."",""feedback"":""Why the need of teammates? I did everything alone."",""education"":""bachelor""}",2025-06-30T17:11:26.585179293Z,"[[100,160],[27,87]]",2025-06-30T17:05:14.362764929Z,01JZ0W7WH953KKVSAQ2RB19JGS,2025-06-30T16:56:39.068143102Z,4,2025-06-30T16:58:26.008789697Z,true,2025-06-30T16:59:06.450187395Z,,,Player 1,2025-06-30T17:01:02.214039845Z,14,2025-06-30T17:10:01.619775027Z,false,2025-06-30T17:07:39.86074624Z,01JZ0W9VCW6P8ETRQ1GT9TC817,2025-06-30T16:56:39.057115343Z,AVERAGE PEOPLE,2025-06-30T17:05:14.362764929Z,"{""networkStruct"":""reciprocal"",""playerCount"":4}",2025-06-30T16:56:39.068143102Z,"Reciprocal, Some Redundancy",2025-06-30T16:56:39.068143102Z,{},2025-06-30T16:56:39.688082107Z,TaskQueue,2025-06-30T17:10:01.626357945Z
01JZ0WZ7BDCE6VCGGC6HB56EG3,true,2025-06-30T17:13:44.698449041Z,true,2025-06-30T17:13:41.021860491Z,,,neighborhood_4,2025-06-30T17:18:21.406532706Z,game ended,2025-06-30T17:18:55.39248024Z,1,2025-06-30T17:20:21.751007949Z,"{""age"":""19"",""gender"":""Male"",""strength"":""It was decent,but didn't like being sick I don't know what was the purpose of that"",""fair"":""They definitely were"",""feedback"":"""",""education"":""bachelor""}",2025-06-30T17:20:21.752927398Z,"[[172,232],[4,64]]",2025-06-30T17:13:44.698449041Z,01JZ0W7WHAXBN0H6GS7Q677HGB,2025-06-30T17:08:56.958433926Z,4,2025-06-30T17:09:03.429596477Z,true,2025-06-30T17:09:32.406223327Z,,,Player 4,2025-06-30T17:09:32.495502537Z,2,2025-06-30T17:18:17.935216994Z,false,2025-06-30T17:17:47.489934057Z,01JZ0WZ6XJ0FNV0T1PHRC5WT33,2025-06-30T17:08:18.413626553Z,,,"{""networkStruct"":""pooled"",""playerCount"":4}",2025-06-30T17:08:18.436593035Z,"Pooled, Some Redundancy",2025-06-30T17:08:18.436593035Z,{},2025-06-30T17:08:18.662660508Z,TaskScreen,2025-06-30T17:18:21.403814456Z
01JZ11BP18KH9CR06TJHH6GM74,true,2025-06-30T18:34:17.511367774Z,true,2025-06-30T18:34:11.509884727Z,1,2025-06-30T18:39:22.264516029Z,neighborhood_10,2025-06-30T18:39:22.30554746Z,game ended,2025-06-30T18:39:28.19103313Z,1,2025-06-30T18:39:53.648317524Z,"{""age"":""56"",""gender"":""female"",""strength"":""good but strange "",""fair"":""no"",""feedback"":""unsure"",""education"":""high-school""}",2025-06-30T18:39:53.638754167Z,"[[114,174],[187,247]]",2025-06-30T18:34:17.511367774Z,01JZ119YWDV104V646C65RZD3P,2025-06-30T18:25:00.990595869Z,4,2025-06-30T18:25:56.516002231Z,true,2025-06-30T18:26:13.344649961Z,,,Player 1,2025-06-30T18:30:02.397744195Z,9,2025-06-30T18:39:19.986418446Z,false,2025-06-30T18:38:35.78599606Z,01JZ11BNMXRK8HDEYRJ3MBHSBV,2025-06-30T18:25:00.968324558Z,AVERAGE PEOPLE,2025-06-30T18:34:17.511367774Z,"{""networkStruct"":""reciprocal"",""playerCount"":3}",2025-06-30T18:25:00.990595869Z,"Reciprocal, No Redundancy",2025-06-30T18:25:00.990595869Z,{},2025-06-30T18:25:01.237938301Z,TaskScreen,2025-06-30T18:39:22.324818326Z
01JZ11DT8DFFKBGHX7CNH1JS5K,true,2025-06-30T18:35:17.31957109Z,true,2025-06-30T18:35:16.194840021Z,null,2025-06-30T18:39:25.48784364Z,null,2025-06-30T18:39:25.499996942Z,game ended,2025-06-30T18:40:28.067611096Z,,,,,"[[187,247],[1,61]]",2025-06-30T18:35:17.31957109Z,01JZ119YW2HKPBQ3HF5AQNWR9Z,2025-06-30T18:26:10.855542609Z,4,2025-06-30T18:28:18.959466175Z,true,2025-06-30T18:29:01.87531927Z,,,Player 2,2025-06-30T18:31:03.686638882Z,7,2025-06-30T18:39:25.522524109Z,false,2025-06-30T18:37:04.034310822Z,01JZ11DRYW1XATPV5TS2G9093T,2025-06-30T18:26:10.829311677Z,MAXIMUM INCOME,2025-06-30T18:35:17.31957109Z,"{""networkStruct"":""reciprocal"",""playerCount"":3}",2025-06-30T18:26:10.855542609Z,"Reciprocal, No Redundancy",2025-06-30T18:26:10.855542609Z,{},2025-06-30T18:26:11.358187277Z,TaskQueue,2025-06-30T18:39:25.511399578Z
01JZ11HSS70BAAPK602YE4TB65,true,2025-06-30T18:38:52.010780223Z,true,2025-06-30T18:38:45.604365949Z,null,2025-06-30T18:42:22.843515418Z,null,2025-06-30T18:42:22.869476799Z,game ended,2025-06-30T18:44:03.115936269Z,1,2025-06-30T18:44:44.719605796Z,"{""age"":""36"",""gender"":""female"",""strength"":""it was really good"",""fair"":""not sure but i hope so "",""feedback"":""no improvements"",""education"":""other""}",2025-06-30T18:44:44.708921438Z,"[[122,182],[62,122]]",2025-06-30T18:38:52.010780223Z,01JZ119YY7H6NVYT7RKS2PMWJ6,2025-06-30T18:28:21.473938032Z,4,2025-06-30T18:29:21.727958883Z,true,2025-06-30T18:29:38.358516127Z,,,Player 1,2025-06-30T18:34:38.945878735Z,4,2025-06-30T18:42:22.81800149Z,false,2025-06-30T18:41:52.059776389Z,01JZ11HMHPJ6PK9NCBP97MAGRT,2025-06-30T18:28:21.415065227Z,AVERAGE PEOPLE,2025-06-30T18:38:52.010780223Z,"{""networkStruct"":""reciprocal"",""playerCount"":4}",2025-06-30T18:28:21.473938032Z,"Reciprocal, Some Redundancy",2025-06-30T18:28:21.473938032Z,{},2025-06-30T18:28:21.752990633Z,TaskQueue,2025-06-30T18:42:22.832510409Z
01JZ117822FM37Q7PEJ68N3KSB,,,,,,,,,no more games,2025-06-30T18:50:45.705976616Z,,,,,,,null,2025-06-30T18:50:45.705976616Z,2,2025-06-30T18:22:45.545874485Z,,,,,,,,,,,01JZ117804411BB86FZ6N14QFQ,2025-06-30T18:22:35.586203601Z,,,"{""networkStruct"":""pooled"",""playerCount"":4}",2025-06-30T18:22:35.606257277Z,"Pooled, Some Redundancy",2025-06-30T18:22:35.606257277Z,{},2025-06-30T18:22:35.652702808Z,,
01JZ12K3HHD1QQBE701MXDWZ18,true,2025-06-30T18:55:01.146089308Z,true,2025-06-30T18:54:52.289535421Z,,,neighborhood_10,2025-06-30T18:58:41.026249911Z,game ended,2025-06-30T19:00:12.821659964Z,1,2025-06-30T19:00:37.758628779Z,"{""age"":""33"",""gender"":""MALE"",""strength"":""Good game"",""fair"":""Yes"",""feedback"":""Not sure exactly"",""education"":""master""}",2025-06-30T19:00:37.74532655Z,"[[208,268],[18,78]]",2025-06-30T18:55:01.146089308Z,01JZ12GR778SNDBX9EP3GGZZ51,2025-06-30T18:46:32.80704981Z,4,2025-06-30T18:47:15.942527234Z,true,2025-06-30T18:47:42.54533744Z,,,Player 3,2025-06-30T18:50:46.145732879Z,5,2025-06-30T18:58:39.622810485Z,false,2025-06-30T18:59:42.655450576Z,01JZ12K34SF84NTGBVVK6QE18V,2025-06-30T18:46:32.75353733Z,,,"{""networkStruct"":""pooled"",""playerCount"":4}",2025-06-30T18:46:32.80704981Z,"Pooled, Some Redundancy",2025-06-30T18:46:32.80704981Z,{},2025-06-30T18:46:33.023932686Z,TaskScreen,2025-06-30T18:58:41.043089553Z
01JZ0WAB87JJZ65XTQ86875XYE,true,2025-06-30T17:02:56.846740111Z,true,2025-06-30T17:02:50.53225011Z,,,neighborhood_6,2025-06-30T17:06:24.040239929Z,game ended,2025-06-30T17:08:07.511025485Z,1,2025-06-30T17:09:39.517367084Z,"{""age"":""43"",""gender"":""Male"",""strength"":""It was challenging, considering the amount of time available."",""fair"":""They helped, but I cannot accurately determine to what extent."",""feedback"":""I don't think there is anything to improve."",""education"":""other""}",2025-06-30T17:09:39.512828681Z,"[[200,260],[91,151]]",2025-06-30T17:02:56.846740111Z,01JZ0W7WH4BMT12JZKEJ46HRED,2025-06-30T16:56:54.289746754Z,4,2025-06-30T16:57:57.371685427Z,true,2025-06-30T16:58:45.769843712Z,,,Player 3,2025-06-30T16:58:45.837879032Z,3,2025-06-30T17:06:22.95009514Z,false,2025-06-30T17:07:24.302047244Z,01JZ0WAAR7M4HDNSVY9MDVC6VF,2025-06-30T16:56:54.279350113Z,,,"{""networkStruct"":""pooled"",""playerCount"":4}",2025-06-30T16:56:54.289746754Z,"Pooled, Some Redundancy",2025-06-30T16:56:54.289746754Z,{},2025-06-30T16:56:54.549098489Z,TaskScreen,2025-06-30T17:06:24.035171567Z
01JZ0WMR785XGV58FWEYY8ZV5R,true,2025-06-30T17:13:44.698449041Z,true,2025-06-30T17:13:39.18073766Z,,,null,2025-06-30T17:17:54.043085791Z,game ended,2025-06-30T17:18:55.39248024Z,1,2025-06-30T17:19:52.894723139Z,"{""age"":""62"",""gender"":""male"",""strength"":""Interesting. I enjoyed it as it was different."",""fair"":""No idea i did not have enough interaction with them"",""feedback"":""I dont think you need to."",""education"":""high-school""}",2025-06-30T17:19:52.890104862Z,"[[238,298],[41,101]]",2025-06-30T17:13:44.698449041Z,01JZ0W7WHAXBN0H6GS7Q677HGB,2025-06-30T17:02:35.252904969Z,4,2025-06-30T17:03:41.572263092Z,true,2025-06-30T17:04:18.269738847Z,,,Player 2,2025-06-30T17:09:32.495502537Z,3,2025-06-30T17:17:54.038724942Z,false,2025-06-30T17:18:54.240527456Z,01JZ0WMQRPCQPGXVMZDHXGM113,2025-06-30T17:02:35.240875206Z,,,"{""networkStruct"":""pooled"",""playerCount"":4}",2025-06-30T17:02:35.252904969Z,"Pooled, Some Redundancy",2025-06-30T17:02:35.252904969Z,{},2025-06-30T17:02:35.458153686Z,TaskQueue,2025-06-30T17:17:54.050845574Z
01JZ0WZAY9MJRX64HMB036GGYV,true,2025-06-30T17:40:16.059432877Z,true,2025-06-30T17:40:09.631704494Z,,,neighborhood_8,2025-06-30T17:45:21.496877371Z,game ended,2025-06-30T17:45:26.599653223Z,1,2025-06-30T17:46:18.56089512Z,"{""age"":""42"",""gender"":"""",""strength"":""The game is all about group work"",""fair"":""yes"",""feedback"":""remove the sick leave"",""education"":""master""}",2025-06-30T17:46:18.564876942Z,"[[85,145],[210,270]]",2025-06-30T17:40:16.059432877Z,01JZ0XP7EG8XH2A757Q0XZSTD8,2025-06-30T17:35:07.616231865Z,4,2025-06-30T17:35:55.456575842Z,true,2025-06-30T17:36:04.084476481Z,,,Player 1,2025-06-30T17:36:04.226867373Z,6,2025-06-30T17:45:17.325957919Z,false,2025-06-30T17:44:55.795650996Z,01JZ0WZ90FF29EGA5NGGFTC9ZC,2025-06-30T17:08:22.089086153Z,,,"{""networkStruct"":""pooled"",""playerCount"":4}",2025-06-30T17:08:22.101725894Z,"Pooled, Some Redundancy",2025-06-30T17:08:22.101725894Z,{},2025-06-30T17:08:22.561476348Z,TaskScreen,2025-06-30T17:45:21.500784972Z
01JZ0Y3YT51GNJH9V4M2SS9AVC,true,2025-06-30T17:39:19.32914757Z,true,2025-06-30T17:39:12.483422831Z,,,neighborhood_3,2025-06-30T17:41:19.424885695Z,game ended,2025-06-30T17:44:29.846021872Z,1,2025-06-30T17:45:39.276436459Z,"{""age"":""22"",""gender"":""female"",""strength"":""It was fun"",""fair"":""yes, definitely"",""feedback"":""I've got no problems with the game "",""education"":""bachelor""}",2025-06-30T17:45:39.269883734Z,"[[232,292],[146,206]]",2025-06-30T17:39:19.32914757Z,01JZ0XP7EMN72NB2RFN2ZH81CP,2025-06-30T17:28:22.101643332Z,4,2025-06-30T17:29:23.753177892Z,true,2025-06-30T17:30:15.876343208Z,,,Player 2,2025-06-30T17:35:07.688903478Z,1,2025-06-30T17:41:17.660246565Z,false,2025-06-30T17:44:22.540852922Z,01JZ0Y3YDFE6RAP7YSSC534CAX,2025-06-30T17:28:22.085738714Z,,,"{""networkStruct"":""pooled"",""playerCount"":4}",2025-06-30T17:28:22.101643332Z,"Pooled, Some Redundancy",2025-06-30T17:28:22.101643332Z,{},2025-06-30T17:28:22.306097633Z,TaskScreen,2025-06-30T17:41:19.430069907Z
01JZ10N1TNESV6X39AX8N3Z3CM,,,,,,,,,no more games,2025-06-30T18:34:38.613487064Z,,,,,,,null,2025-06-30T18:34:38.613487064Z,1,2025-06-30T18:12:49.680814251Z,,,,,,,,,,,01JZ10N0RKRKJNJ325CPRN6EJM,2025-06-30T18:12:39.382016803Z,,,"{""networkStruct"":""reciprocal"",""playerCount"":4}",2025-06-30T18:12:39.458389164Z,"Reciprocal, Some Redundancy",2025-06-30T18:12:39.458389164Z,{},2025-06-30T18:12:39.810894751Z,,
01JZ122MSYXCQ30CZ1NABD92FB,true,2025-06-30T18:43:24.018782991Z,true,2025-06-30T18:43:16.634763097Z,,,neighborhood_3,2025-06-30T18:48:10.490173209Z,game ended,2025-06-30T18:48:34.870672034Z,1,2025-06-30T18:48:54.689966574Z,"{""age"":""44"",""gender"":""Male"",""strength"":""Good"",""fair"":""Hmmm"",""feedback"":"""",""education"":""high-school""}",2025-06-30T18:48:54.704306193Z,"[[49,109],[178,238]]",2025-06-30T18:43:24.018782991Z,01JZ11XHTNJGBK57M9Z78S7EZ8,2025-06-30T18:37:33.400816676Z,4,2025-06-30T18:38:08.11210408Z,true,2025-06-30T18:38:31.861215809Z,,,Player 4,2025-06-30T18:39:10.665861049Z,2,2025-06-30T18:48:08.434966855Z,false,2025-06-30T18:47:33.159990231Z,01JZ122M0G2C89R9STNN8PNBNX,2025-06-30T18:37:33.374084416Z,,,"{""networkStruct"":""pooled"",""playerCount"":4}",2025-06-30T18:37:33.400816676Z,"Pooled, Some Redundancy",2025-06-30T18:37:33.400816676Z,{},2025-06-30T18:37:33.82832135Z,TaskScreen,2025-06-30T18:48:10.474227267Z
01JZ124YXYP7V5ZJTHD547RSCR,,,,,,,,,no more games,2025-06-30T18:50:45.705976616Z,1,2025-06-30T18:40:01.725232314Z,"{""age"":""24"",""gender"":""Female"",""strength"":""I didn't get the chance to play, so I can't say"",""fair"":""I didn't get the chance to play, so I have no feedback"",""feedback"":""I didn't get the chance to play, so I don't have any feedback"",""education"":""bachelor""}",2025-06-30T18:40:01.7565859Z,,,null,2025-06-30T18:50:45.705976616Z,1,2025-06-30T18:38:58.262622068Z,,,,,,,,,,,01JZ124YMZR4ZWMX7MHXFNWR5B,2025-06-30T18:38:49.278380484Z,,,"{""networkStruct"":""pooled"",""playerCount"":4}",2025-06-30T18:38:49.297721386Z,"Pooled, Some Redundancy",2025-06-30T18:38:49.297721386Z,{},2025-06-30T18:38:49.488038698Z,,
01JZ12MAWXB09NHNHZC79QNDXP,,,,,,,,,no more games,2025-06-30T18:50:45.705976616Z,,,,,,,null,2025-06-30T18:50:45.705976616Z,4,2025-06-30T18:48:02.473386009Z,,,,,,,,,,,01JZ12MACN5E03ZDTHRX2FSED2,2025-06-30T18:47:13.053043602Z,,,"{""networkStruct"":""pooled"",""playerCount"":4}",2025-06-30T18:47:13.083890852Z,"Pooled, Some Redundancy",2025-06-30T18:47:13.083890852Z,{},2025-06-30T18:47:13.359088975Z,,
01JZ0WB5XJSF2KBBJR37WH755X,true,2025-06-30T17:04:13.920248606Z,true,2025-06-30T17:04:09.561759164Z,2,2025-06-30T17:09:10.013123061Z,neighborhood_7,2025-06-30T17:09:10.00431442Z,game ended,2025-06-30T17:09:24.305394831Z,1,2025-06-30T17:10:07.712899772Z,"{""age"":""55"",""gender"":""male"",""strength"":""was fun, to much sick time though"",""fair"":""i hope so"",""feedback"":""nothing"",""education"":""high-school""}",2025-06-30T17:10:07.690833655Z,"[[48,108],[140,200]]",2025-06-30T17:04:13.920248606Z,01JZ0W7WHDGTV3A91VXN46A52G,2025-06-30T16:57:21.596717184Z,4,2025-06-30T16:58:23.756752941Z,true,2025-06-30T16:58:39.06498109Z,,,Player 3,2025-06-30T17:00:01.070173211Z,6,2025-06-30T17:09:08.526232194Z,false,2025-06-30T17:08:28.19817729Z,01JZ0WB5QZ07AV3JNQWWGBEV0W,2025-06-30T16:57:21.586317709Z,MAXIMUM INCOME,2025-06-30T17:04:13.920248606Z,"{""networkStruct"":""reciprocal"",""playerCount"":4}",2025-06-30T16:57:21.596717184Z,"Reciprocal, Some Redundancy",2025-06-30T16:57:21.596717184Z,{},2025-06-30T16:57:21.666891193Z,TaskScreen,2025-06-30T17:09:10.010788192Z
01JZ0WEF45D6SMFDVXBTYRXH10,true,2025-06-30T17:13:08.324492534Z,true,2025-06-30T17:13:00.048930062Z,,,neighborhood_6,2025-06-30T17:15:20.433045876Z,game ended,2025-06-30T17:18:18.821697273Z,1,2025-06-30T17:18:36.771101718Z,"{""age"":""55"",""gender"":""female"",""strength"":""it was hard"",""fair"":""not sure"",""feedback"":""not sure"",""education"":""master""}",2025-06-30T17:18:36.750470266Z,"[[121,181],[223,283]]",2025-06-30T17:13:08.324492534Z,01JZ0W7WH669S2GHZMF9MZZGM3,2025-06-30T16:59:09.334586695Z,4,2025-06-30T16:59:54.337958487Z,true,2025-06-30T17:00:19.371000358Z,,,Player 1,2025-06-30T17:08:57.022119491Z,2,2025-06-30T17:15:17.880145396Z,false,2025-06-30T17:18:02.595741302Z,01JZ0WEER2RR1NB46AYKW63KEA,2025-06-30T16:59:09.317917145Z,,,"{""networkStruct"":""pooled"",""playerCount"":4}",2025-06-30T16:59:09.334586695Z,"Pooled, Some Redundancy",2025-06-30T16:59:09.334586695Z,{},2025-06-30T16:59:09.526091403Z,TaskScreen,2025-06-30T17:15:20.436075182Z
01JZ0WWYXQ91F8G8GQEWYDTT58,,,,,,,,,no more games,2025-06-30T18:50:45.705976616Z,,,,,,,null,2025-06-30T18:50:45.705976616Z,4,2025-06-30T17:09:28.990718034Z,,,,,,,,,,,01JZ0WWXDQMF33F08W015A9R7W,2025-06-30T17:07:04.247880878Z,,,"{""networkStruct"":""pooled"",""playerCount"":4}",2025-06-30T17:07:04.260345111Z,"Pooled, Some Redundancy",2025-06-30T17:07:04.260345111Z,{},2025-06-30T17:07:04.563017049Z,,
01JZ0WX0QRWJ23RMSHTBZKDCYE,,,,,,,,,no more games,2025-06-30T18:50:45.705976616Z,1,2025-06-30T17:10:52.142630725Z,"{""age"":""19"",""gender"":""Female"",""strength"":""It was fun"",""fair"":""Yes"",""feedback"":"""",""education"":""high-school""}",2025-06-30T17:10:52.138720381Z,,,null,2025-06-30T18:50:45.705976616Z,3,2025-06-30T17:09:04.943248193Z,,,,,,,,,,,01JZ0WWY2P65M1JFRQJB4AY9ND,2025-06-30T17:07:06.104686386Z,,,"{""networkStruct"":""pooled"",""playerCount"":4}",2025-06-30T17:07:06.119682556Z,"Pooled, Some Redundancy",2025-06-30T17:07:06.119682556Z,{},2025-06-30T17:07:06.4730088Z,,
01JZ11BYWZKXSHT6TWXJX0BE71,true,2025-06-30T18:34:33.358557003Z,true,2025-06-30T18:34:26.816443554Z,null,2025-06-30T18:38:21.568577705Z,null,2025-06-30T18:38:21.552605957Z,game ended,2025-06-30T18:39:44.298765467Z,1,2025-06-30T18:41:19.282790975Z,"{""age"":""51"",""gender"":""Woman"",""strength"":""This was fun, just the type of study I hope to participate in on prolific!"",""fair"":""I don't know. I hope so, but I could only see what I was completing seemingly."",""feedback"":""Can we see the other categories being worked on? Or is that part of the study, the not knowingness?"",""education"":""bachelor""}",2025-06-30T18:41:19.205829499Z,"[[142,202],[227,287]]",2025-06-30T18:34:33.358557003Z,01JZ119YTKRCVRVA7XBM70602J,2025-06-30T18:25:10.106731368Z,4,2025-06-30T18:25:57.537901374Z,true,2025-06-30T18:26:25.047834777Z,,,Player 1,2025-06-30T18:30:20.713062466Z,11,2025-06-30T18:38:21.544489084Z,false,2025-06-30T18:39:31.442589648Z,01JZ11BYJMJCRSZVSG2HHCXPNR,2025-06-30T18:25:10.04726544Z,AVERAGE PEOPLE,2025-06-30T18:34:33.358557003Z,"{""networkStruct"":""reciprocal"",""playerCount"":4}",2025-06-30T18:25:10.106731368Z,"Reciprocal, Some Redundancy",2025-06-30T18:25:10.106731368Z,{},2025-06-30T18:25:10.202091772Z,TaskQueue,2025-06-30T18:38:21.560035122Z
01JZ0YJ6WMYYD55J86QY8BSYA5,,,,,,,,,no more games,2025-06-30T18:50:45.705976616Z,,,,,,,null,2025-06-30T18:50:45.705976616Z,3,2025-06-30T17:36:38.462936856Z,,,,,,,,,,,01JZ0YJ6FQV1ZKH1JQVXH8NDPK,2025-06-30T17:36:09.10885198Z,,,"{""networkStruct"":""pooled"",""playerCount"":4}",2025-06-30T17:36:09.127975986Z,"Pooled, Some Redundancy",2025-06-30T17:36:09.127975986Z,{},2025-06-30T17:36:09.372478925Z,,
01JZ1092JPD1196K4EJEEW8C7Y,true,2025-06-30T18:12:02.804660852Z,true,2025-06-30T18:11:56.778949182Z,,,neighborhood_8,2025-06-30T18:16:46.502836978Z,game ended,2025-06-30T18:17:13.653814873Z,1,2025-06-30T18:18:27.225971867Z,"{""age"":""46"",""gender"":""male"",""strength"":""It was difficult with the time constraints."",""fair"":""Yes, I do. They were able to get some of the places done."",""feedback"":""I think it works fine."",""education"":""bachelor""}",2025-06-30T18:18:27.219421595Z,"[[148,208],[84,144]]",2025-06-30T18:12:02.804660852Z,01JZ100N4SNNY9PP8QFCF7M9TY,2025-06-30T18:06:06.95550763Z,4,2025-06-30T18:06:48.309395653Z,true,2025-06-30T18:06:55.914153641Z,,,Player 2,2025-06-30T18:07:50.443110832Z,1,2025-06-30T18:16:38.869304793Z,false,2025-06-30T18:15:40.743827214Z,01JZ1092B0XBAY6609ZWXNGSFE,2025-06-30T18:06:06.934662587Z,,,"{""networkStruct"":""pooled"",""playerCount"":4}",2025-06-30T18:06:06.95550763Z,"Pooled, Some Redundancy",2025-06-30T18:06:06.95550763Z,{},2025-06-30T18:06:07.079064435Z,TaskScreen,2025-06-30T18:16:46.509971838Z
01JZ11EG7S8X86Q9VBDZSW3H5E,true,2025-06-30T18:34:33.358557003Z,true,2025-06-30T18:34:25.750435624Z,3,2025-06-30T18:39:34.613670097Z,neighborhood_9,2025-06-30T18:39:34.603295948Z,game ended,2025-06-30T18:39:44.298765467Z,1,2025-06-30T18:40:07.194237458Z,"{""age"":""44"",""gender"":""female"",""strength"":""fun!"",""fair"":""yes"",""feedback"":""none"",""education"":""bachelor""}",2025-06-30T18:40:07.205343717Z,"[[172,232],[90,150]]",2025-06-30T18:34:33.358557003Z,01JZ119YTKRCVRVA7XBM70602J,2025-06-30T18:26:33.359208534Z,4,2025-06-30T18:29:41.393641433Z,true,2025-06-30T18:30:20.512811702Z,,,Player 3,2025-06-30T18:30:20.713062466Z,8,2025-06-30T18:39:33.003422755Z,false,2025-06-30T18:38:36.098900163Z,01JZ11EG24ZJ52V2V7TN6V4A50,2025-06-30T18:26:33.337674461Z,CHILDREN'S COMMUTE DISTANCE,2025-06-30T18:34:33.358557003Z,"{""networkStruct"":""reciprocal"",""playerCount"":4}",2025-06-30T18:26:33.359208534Z,"Reciprocal, Some Redundancy",2025-06-30T18:26:33.359208534Z,{},2025-06-30T18:26:33.45119562Z,TaskScreen,2025-06-30T18:39:34.622823267Z
01JZ11H6C1AXH7TQXWXQXKEYXN,,,,,,,,,no more games,2025-06-30T18:57:46.288849848Z,1,2025-06-30T18:32:14.217927451Z,"{""age"":""78"",""gender"":""Male"",""strength"":""Good."",""fair"":""I did not play the game."",""feedback"":""It should be made more accessible."",""education"":""master""}",2025-06-30T18:32:14.201831726Z,,,null,2025-06-30T18:57:46.288849848Z,3,2025-06-30T18:29:41.026838927Z,,,,,,,,,,,01JZ11H4SFJ1EM8ANS1HG8HYS1,2025-06-30T18:28:01.537348432Z,,,"{""networkStruct"":""reciprocal"",""playerCount"":3}",2025-06-30T18:28:01.578440024Z,"Reciprocal, No Redundancy",2025-06-30T18:28:01.578440024Z,{},2025-06-30T18:28:02.525368152Z,,
01JZ11VK5HDVPQHQY147KVA4HP,,,,,,,,,no more games,2025-06-30T18:34:38.613487064Z,,,,,,,null,2025-06-30T18:34:38.613487064Z,1,2025-06-30T18:34:27.670022929Z,,,,,,,,,,,01JZ11VJQ9NVTT6AY6FBRQC3ZF,2025-06-30T18:33:42.321096906Z,,,"{""networkStruct"":""reciprocal"",""playerCount"":4}",2025-06-30T18:33:42.346363624Z,"Reciprocal, Some Redundancy",2025-06-30T18:33:42.346363624Z,{},2025-06-30T18:33:42.573655452Z,,
01JZ12KB6XB4QKN33ZRRP43KPC,,,,,,,,,game ended,2025-06-30T19:07:01.395753227Z,1,2025-06-30T18:49:43.473524088Z,"{""age"":""33"",""gender"":""Male"",""strength"":"""",""fair"":"""",""feedback"":"""",""education"":""""}",2025-06-30T18:49:43.484902263Z,,,01JZ12TK4A16DPH6KAMKDY8GHP,2025-06-30T18:50:38.97723761Z,4,2025-06-30T18:51:16.50017748Z,true,2025-06-30T18:51:47.93888915Z,true,2025-06-30T19:01:50.420374149Z,Player 1,2025-06-30T18:57:37.493380342Z,,,,,01JZ12KARHCCTDTQQS6GS87RCC,2025-06-30T18:46:40.605347504Z,,,"{""networkStruct"":""reciprocal"",""playerCount"":3}",2025-06-30T18:46:40.631743118Z,"Reciprocal, No Redundancy",2025-06-30T18:46:40.631743118Z,{},2025-06-30T18:46:40.861619654Z,,
01JZ135G6V5V05Z7G2XT9EQNEX,,,,,,,,,no more games,2025-06-30T18:57:46.288849848Z,1,2025-06-30T18:59:41.136082626Z,"{""age"":""31"",""gender"":""Male"",""strength"":""The game didn’t work; I was sent straight to the exit survey."",""fair"":""n/a"",""feedback"":""n/a"",""education"":""master""}",2025-06-30T18:59:41.117388165Z,,,null,2025-06-30T18:57:46.288849848Z,1,2025-06-30T18:56:50.941137752Z,,,,,,,,,,,01JZ135FRBDPBFCE9KD1F74DR1,2025-06-30T18:56:35.547840747Z,,,"{""networkStruct"":""reciprocal"",""playerCount"":3}",2025-06-30T18:56:35.57522643Z,"Reciprocal, No Redundancy",2025-06-30T18:56:35.57522643Z,{},2025-06-30T18:56:35.815208697Z,,
01JZ136HHMYMZ2KX5E853FZDWE,,,,,,,,,no more games,2025-06-30T18:57:46.288849848Z,1,2025-06-30T18:58:16.753801808Z,"{""age"":""40"",""gender"":""Male"",""strength"":""It did not load"",""fair"":""I have no idea"",""feedback"":""Let the game load properly."",""education"":""master""}",2025-06-30T18:58:16.764932936Z,,,null,2025-06-30T18:57:46.288849848Z,3,2025-06-30T18:57:37.049181234Z,,,,,,,,,,,01JZ136H6Z6GE7RDYVHTYVSF8K,2025-06-30T18:57:09.684821709Z,,,"{""networkStruct"":""reciprocal"",""playerCount"":3}",2025-06-30T18:57:09.718525652Z,"Reciprocal, No Redundancy",2025-06-30T18:57:09.718525652Z,{},2025-06-30T18:57:09.908145314Z,,
01JZ0WD8K81ED22Q3AW64X5FK3,true,2025-06-30T17:09:47.246921466Z,true,2025-06-30T17:09:40.848501292Z,,,neighborhood_9,2025-06-30T17:14:32.343420961Z,game ended,2025-06-30T17:14:57.664727006Z,1,2025-06-30T17:16:18.078889349Z,"{""age"":""62"",""gender"":""male"",""strength"":""it was fun "",""fair"":""not at all"",""feedback"":""I would have liked a bit more game time "",""education"":""high-school""}",2025-06-30T17:16:18.076462138Z,"[[161,221],[38,98]]",2025-06-30T17:09:47.246921466Z,01JZ0W7WH7YZAXNKRFQJVF1GT9,2025-06-30T16:58:29.882633528Z,4,2025-06-30T16:59:44.878338118Z,true,2025-06-30T17:00:14.770070595Z,,,Player 3,2025-06-30T17:05:36.154756059Z,2,2025-06-30T17:14:27.277398141Z,false,2025-06-30T17:13:39.976469468Z,01JZ0WD893XMBG6GNWTEJNPQYA,2025-06-30T16:58:29.864908868Z,,,"{""networkStruct"":""pooled"",""playerCount"":4}",2025-06-30T16:58:29.882633528Z,"Pooled, Some Redundancy",2025-06-30T16:58:29.882633528Z,{},2025-06-30T16:58:30.038522436Z,TaskScreen,2025-06-30T17:14:32.347427271Z
01JZ0WF3G2NGG1VCW949PT9EX9,,,,,,,,,no more games,2025-06-30T18:50:45.705976616Z,,,,,,,null,2025-06-30T18:50:45.705976616Z,4,2025-06-30T17:00:31.449358184Z,,,,,,,,,,,01JZ0WF337YXY4EGTBGH176F9E,2025-06-30T16:59:30.178886162Z,,,"{""networkStruct"":""pooled"",""playerCount"":4}",2025-06-30T16:59:30.197559889Z,"Pooled, Some Redundancy",2025-06-30T16:59:30.197559889Z,{},2025-06-30T16:59:30.401018397Z,,
01JZ10597NHSRHSHHX2S7Q7R3J,true,2025-06-30T18:20:05.289042588Z,true,2025-06-30T18:19:58.799522418Z,1,2025-06-30T18:25:16.37094492Z,neighborhood_12,2025-06-30T18:25:16.38557908Z,game ended,2025-06-30T18:25:16.528243942Z,1,2025-06-30T18:25:52.110978366Z,"{""age"":""47"",""gender"":""Male"",""strength"":""Interesting"",""fair"":""No"",""feedback"":""Less pauses"",""education"":""bachelor""}",2025-06-30T18:25:52.120097708Z,"[[63,123],[205,265]]",2025-06-30T18:20:05.289042588Z,01JZ100N4KMAHXYJQHY2912PJS,2025-06-30T18:04:02.698300166Z,4,2025-06-30T18:05:07.717624332Z,true,2025-06-30T18:05:39.371232592Z,,,Player 1,2025-06-30T18:15:52.98871601Z,11,2025-06-30T18:25:14.794101126Z,false,2025-06-30T18:24:50.783425216Z,01JZ10580TNPMEJV2D5BBZ255S,2025-06-30T18:04:02.677761587Z,AVERAGE PEOPLE,2025-06-30T18:20:05.289042588Z,"{""networkStruct"":""reciprocal"",""playerCount"":4}",2025-06-30T18:04:02.698300166Z,"Reciprocal, Some Redundancy",2025-06-30T18:04:02.698300166Z,{},2025-06-30T18:04:03.299268091Z,TaskScreen,2025-06-30T18:25:16.379942598Z
01JZ113RKF9TQ2DGG0881HHX2H,true,2025-06-30T18:27:02.184380068Z,true,2025-06-30T18:26:55.80677247Z,,,neighborhood_4,2025-06-30T18:32:01.013480255Z,game ended,2025-06-30T18:32:13.233316639Z,1,2025-06-30T18:33:57.460394697Z,"{""age"":""56"",""gender"":""Female"",""strength"":""It was exciting, but i dont know what the \""stick out\"" was for."",""fair"":""Yes they were very helpul"",""feedback"":""You could leave out this stick-out thing."",""education"":""high-school""}",2025-06-30T18:33:57.468598947Z,"[[28,88],[199,259]]",2025-06-30T18:27:02.184380068Z,01JZ10P0NQF4P3BB1AAZVYSJMW,2025-06-30T18:20:41.479847837Z,4,2025-06-30T18:21:52.452261516Z,true,2025-06-30T18:22:12.557886767Z,,,Player 2,2025-06-30T18:22:48.975809229Z,2,2025-06-30T18:31:52.830923766Z,false,2025-06-30T18:31:33.562214317Z,01JZ113R60ZVER54RM89K4NDRY,2025-06-30T18:20:41.455829967Z,,,"{""networkStruct"":""pooled"",""playerCount"":4}",2025-06-30T18:20:41.479847837Z,"Pooled, Some Redundancy",2025-06-30T18:20:41.479847837Z,{},2025-06-30T18:20:41.690703576Z,TaskScreen,2025-06-30T18:32:01.00544098Z
01JZ11TS68TXJXNMMWW98GYM0E,true,2025-06-30T18:38:52.010780223Z,true,2025-06-30T18:38:45.424511926Z,null,2025-06-30T18:42:39.8707001Z,null,2025-06-30T18:42:39.828962246Z,game ended,2025-06-30T18:44:03.115936269Z,1,2025-06-30T18:45:24.515748354Z,"{""age"":""31"",""gender"":""Female"",""strength"":""I thought it was fun! Though I wasn't sure if I did it correctly; I was only able to calculate the average people in the homes. The other options were locked. "",""fair"":""For the most part, yes. Although it does feel like I did the majority of the game. "",""feedback"":""I can't think of any improvements! It was all very straightforward. "",""education"":""bachelor""}",2025-06-30T18:45:24.505147439Z,"[[84,144],[236,296]]",2025-06-30T18:38:52.010780223Z,01JZ119YY7H6NVYT7RKS2PMWJ6,2025-06-30T18:33:15.741198973Z,4,2025-06-30T18:34:11.90732556Z,true,2025-06-30T18:34:37.090661749Z,,,Player 4,2025-06-30T18:34:38.945878735Z,10,2025-06-30T18:42:39.859997613Z,false,2025-06-30T18:43:59.889586469Z,01JZ11TS05TYZDX76EYQDBYXF9,2025-06-30T18:33:15.720306197Z,AVERAGE PEOPLE,2025-06-30T18:38:52.010780223Z,"{""networkStruct"":""reciprocal"",""playerCount"":4}",2025-06-30T18:33:15.741198973Z,"Reciprocal, Some Redundancy",2025-06-30T18:33:15.741198973Z,{},2025-06-30T18:33:15.848152373Z,TaskQueue,2025-06-30T18:42:39.83925098Z
01JZ10AB2VEGWSKX16BRR2WPP0,,,,,,,,,no more games,2025-06-30T18:50:45.705976616Z,,,,,,,null,2025-06-30T18:50:45.705976616Z,4,2025-06-30T18:07:54.605485755Z,,,,,,,,,,,01JZ10AAQPJF6V8DT9S1Q9WGRK,2025-06-30T18:06:48.411943224Z,,,"{""networkStruct"":""pooled"",""playerCount"":4}",2025-06-30T18:06:48.431106421Z,"Pooled, Some Redundancy",2025-06-30T18:06:48.431106421Z,{},2025-06-30T18:06:48.624259479Z,,
01JZ11FGST56RJTD3QVHX7QE2X,true,2025-06-30T18:32:37.928021341Z,true,2025-06-30T18:32:35.437248435Z,null,2025-06-30T18:37:48.060391204Z,null,2025-06-30T18:37:48.034809563Z,game ended,2025-06-30T18:37:48.600924649Z,1,2025-06-30T18:38:28.775985826Z,"{""age"":""21"",""gender"":""female"",""strength"":""it was stressful"",""fair"":""i dont know"",""feedback"":""give better instruction"",""education"":""high-school""}",2025-06-30T18:38:28.766348506Z,"[[184,244],[42,102]]",2025-06-30T18:32:37.928021341Z,01JZ119YWQTW1CNB5AYNKC679G,2025-06-30T18:27:06.713069614Z,4,2025-06-30T18:28:03.248963358Z,true,2025-06-30T18:28:25.745660332Z,,,Player 3,2025-06-30T18:28:25.892784016Z,8,2025-06-30T18:37:48.02664193Z,false,2025-06-30T18:36:53.192505372Z,01JZ11FGBD1FHFHAD4MG65CMS1,2025-06-30T18:27:06.682196224Z,CHILDREN'S COMMUTE DISTANCE,2025-06-30T18:32:37.928021341Z,"{""networkStruct"":""reciprocal"",""playerCount"":3}",2025-06-30T18:27:06.713069614Z,"Reciprocal, No Redundancy",2025-06-30T18:27:06.713069614Z,{},2025-06-30T18:27:07.087682952Z,TaskQueue,2025-06-30T18:37:48.051536271Z
01JZ11Q0231HKDVSZXKMW9QABB,true,2025-06-30T18:38:50.572737906Z,true,2025-06-30T18:38:44.389369222Z,,,,,game ended,2025-06-30T18:44:01.478473723Z,1,2025-06-30T18:44:50.196126118Z,"{""age"":""74"",""gender"":""female"",""strength"":""I was sick so I don't know"",""fair"":""not sure"",""feedback"":""not sure"",""education"":""high-school""}",2025-06-30T18:44:50.168417468Z,"[[138,198],[6,66]]",2025-06-30T18:38:50.572737906Z,01JZ119YX2JRQ0Y08WK2G2K83K,2025-06-30T18:31:11.706321359Z,4,2025-06-30T18:31:33.791581101Z,true,2025-06-30T18:31:48.413609192Z,,,Player 2,2025-06-30T18:34:36.600899529Z,,,false,2025-06-30T18:42:19.610413972Z,01JZ11PZNB65ZGS9HY8BECNAAX,2025-06-30T18:31:11.683095168Z,MAXIMUM INCOME,2025-06-30T18:38:50.572737906Z,"{""networkStruct"":""reciprocal"",""playerCount"":4}",2025-06-30T18:31:11.706321359Z,"Reciprocal, Some Redundancy",2025-06-30T18:31:11.706321359Z,{},2025-06-30T18:31:11.917746365Z,,
01JZ10AV14RJT3FWB7JCYNDY7C,,,,,,,,,no more games,2025-06-30T18:50:45.705976616Z,,,,,,,null,2025-06-30T18:50:45.705976616Z,1,2025-06-30T18:07:10.861772679Z,,,,,,,,,,,01JZ10ATKTTJK4GS3X5J8H6NPK,2025-06-30T18:07:04.740302081Z,,,"{""networkStruct"":""pooled"",""playerCount"":4}",2025-06-30T18:07:04.766180338Z,"Pooled, Some Redundancy",2025-06-30T18:07:04.766180338Z,{},2025-06-30T18:07:05.315434208Z,,
01JZ10AXVMES632P24R1SRWC3P,,,,,,,,,game ended,2025-06-30T18:17:50.059190406Z,,,,,,,01JZ100N40PZGZRWRMG9G2S114,2025-06-30T18:07:07.654941536Z,4,2025-06-30T18:07:44.46421331Z,true,2025-06-30T18:08:00.220977253Z,true,2025-06-30T18:12:39.402810316Z,Player 3,2025-06-30T18:08:27.3995625Z,,,,,01JZ10AXEYB6WPESDW4PWPDKBX,2025-06-30T18:07:07.636112197Z,,,"{""networkStruct"":""pooled"",""playerCount"":4}",2025-06-30T18:07:07.654941536Z,"Pooled, Some Redundancy",2025-06-30T18:07:07.654941536Z,{},2025-06-30T18:07:07.89770021Z,,
01JZ11K74VSRS1CB1GS21B7P4N,true,2025-06-30T18:38:52.010780223Z,true,2025-06-30T18:38:45.049784903Z,3,2025-06-30T18:43:58.574170641Z,neighborhood_7,2025-06-30T18:43:58.553136613Z,game ended,2025-06-30T18:44:03.115936269Z,1,2025-06-30T18:44:46.792851788Z,"{""age"":""60"",""gender"":""male"",""strength"":""it was fun"",""fair"":""not sure how we performed "",""feedback"":""i didn't see a score"",""education"":""high-school""}",2025-06-30T18:44:46.782783529Z,"[[188,248],[45,105]]",2025-06-30T18:38:52.010780223Z,01JZ119YY7H6NVYT7RKS2PMWJ6,2025-06-30T18:30:20.565413242Z,4,2025-06-30T18:30:31.21873081Z,true,2025-06-30T18:31:19.917952785Z,,,Player 3,2025-06-30T18:34:38.945878735Z,9,2025-06-30T18:43:57.542605415Z,false,2025-06-30T18:43:11.132424607Z,01JZ11K6YYVCN6F2DAT8RSXSFY,2025-06-30T18:29:07.867111251Z,CHILDREN'S COMMUTE DISTANCE,2025-06-30T18:38:52.010780223Z,"{""networkStruct"":""reciprocal"",""playerCount"":4}",2025-06-30T18:29:07.915131929Z,"Reciprocal, Some Redundancy",2025-06-30T18:29:07.915131929Z,{},2025-06-30T18:29:08.018708837Z,TaskScreen,2025-06-30T18:43:58.56348879Z
01JZ0W9YB6A3M163NJ5JYVES75,,,,,,,,,game ended,2025-06-30T17:14:57.664727006Z,,,,,,,01JZ0W7WH7YZAXNKRFQJVF1GT9,2025-06-30T16:56:41.081053754Z,4,2025-06-30T16:58:34.58450707Z,true,2025-06-30T16:59:40.855625011Z,true,2025-06-30T17:09:47.246921466Z,Player 1,2025-06-30T17:05:36.154756059Z,,,,,01JZ0W9Y15Z9FQVMPM5H9MTPNW,2025-06-30T16:56:41.062584207Z,,,"{""networkStruct"":""pooled"",""playerCount"":4}",2025-06-30T16:56:41.081053754Z,"Pooled, Some Redundancy",2025-06-30T16:56:41.081053754Z,{},2025-06-30T16:56:41.164002764Z,,
01JZ0WZ5ARB0QM6KDC3SFW5FFZ,,,,,,,,,no more games,2025-06-30T18:50:45.705976616Z,,,,,,,null,2025-06-30T18:50:45.705976616Z,4,2025-06-30T17:09:32.2009366Z,,,,,,,,,,,01JZ0WZ4REZ80MHFNWYAXA74ZF,2025-06-30T17:08:16.344415297Z,,,"{""networkStruct"":""pooled"",""playerCount"":4}",2025-06-30T17:08:16.36348462Z,"Pooled, Some Redundancy",2025-06-30T17:08:16.36348462Z,{},2025-06-30T17:08:16.654603051Z,,
01JZ0Y986C6V9HHQ0J9W9YBS48,true,2025-06-30T17:40:54.675950224Z,true,2025-06-30T17:40:47.088440933Z,,,neighborhood_6,2025-06-30T17:45:49.763243632Z,game ended,2025-06-30T17:46:05.3555268Z,1,2025-06-30T17:48:32.746002569Z,"{""age"":""66"",""gender"":""Female"",""strength"":""It was fun and interesting."",""fair"":""Yes, I think my teammates  were helpful."",""feedback"":""Maybe you can extend the training with more examples."",""education"":""high-school""}",2025-06-30T17:48:32.74945696Z,"[[197,257],[43,103]]",2025-06-30T17:40:54.675950224Z,01JZ0XP7EQ68N8E1T1SAYQ3MY0,2025-06-30T17:31:15.572866066Z,4,2025-06-30T17:33:05.534701354Z,true,2025-06-30T17:34:22.967730381Z,,,Player 3,2025-06-30T17:36:43.457136222Z,2,2025-06-30T17:45:47.148503719Z,false,2025-06-30T17:45:22.320632549Z,01JZ0Y97PT049HRJA9P1F08KBM,2025-06-30T17:31:15.533027138Z,,,"{""networkStruct"":""pooled"",""playerCount"":4}",2025-06-30T17:31:15.572866066Z,"Pooled, Some Redundancy",2025-06-30T17:31:15.572866066Z,{},2025-06-30T17:31:15.838631999Z,TaskScreen,2025-06-30T17:45:49.759081516Z
01JZ0Z2DMXM7C255K3VDCTZ8FV,true,2025-06-30T17:56:47.461570399Z,true,2025-06-30T17:56:40.895492416Z,1,2025-06-30T18:01:50.552955406Z,neighborhood_12,2025-06-30T18:01:50.547754646Z,game ended,2025-06-30T18:01:58.14666588Z,1,2025-06-30T18:02:44.182340621Z,"{""age"":""44"",""gender"":""female"",""strength"":""entertaining"",""fair"":""I did not have any contact with them other than the initial hello"",""feedback"":""it was fine the way it was. "",""education"":""bachelor""}",2025-06-30T18:02:44.13168642Z,"[[139,199],[47,107]]",2025-06-30T17:56:47.461570399Z,01JZ0Z7NWQ9CYAGNFMNZVFE8F3,2025-06-30T17:47:55.085401727Z,4,2025-06-30T17:47:08.415216111Z,true,2025-06-30T17:47:55.43198023Z,,,Player 1,2025-06-30T17:52:35.310746835Z,11,2025-06-30T18:01:48.066351478Z,false,2025-06-30T18:00:17.537920598Z,01JZ0Z2DDAAFCA9V0ZZ8WBBM23,2025-06-30T17:45:00.317864234Z,AVERAGE PEOPLE,2025-06-30T17:56:47.461570399Z,"{""networkStruct"":""reciprocal"",""playerCount"":4}",2025-06-30T17:45:00.336571181Z,"Reciprocal, Some Redundancy",2025-06-30T17:45:00.336571181Z,{},2025-06-30T17:45:00.437080652Z,TaskScreen,2025-06-30T18:01:50.556113434Z
01JZ104ZVKRJK37A0M3H5N1SSZ,true,2025-06-30T18:12:02.804660852Z,true,2025-06-30T18:11:55.027817987Z,,,neighborhood_4,2025-06-30T18:16:43.992345105Z,game ended,2025-06-30T18:17:13.653814873Z,1,2025-06-30T18:17:50.30582861Z,"{""age"":""60"",""gender"":""female"",""strength"":""it was interesting."",""fair"":""yes"",""feedback"":""no out of sick time."",""education"":""bachelor""}",2025-06-30T18:17:50.297708024Z,"[[97,157],[184,244]]",2025-06-30T18:12:02.804660852Z,01JZ100N4SNNY9PP8QFCF7M9TY,2025-06-30T18:03:53.095034711Z,4,2025-06-30T18:05:41.220116762Z,true,2025-06-30T18:06:17.842115478Z,,,Player 1,2025-06-30T18:07:50.443110832Z,2,2025-06-30T18:16:38.23863268Z,false,2025-06-30T18:16:18.238909941Z,01JZ104ZR7HN5XJWW3Q4FPSG85,2025-06-30T18:03:53.075796172Z,,,"{""networkStruct"":""pooled"",""playerCount"":4}",2025-06-30T18:03:53.095034711Z,"Pooled, Some Redundancy",2025-06-30T18:03:53.095034711Z,{},2025-06-30T18:03:53.190638926Z,TaskScreen,2025-06-30T18:16:43.986619048Z
01JZ0WAAZYC4MWADQ1W4JHZEKE,true,2025-06-30T17:02:56.846740111Z,true,2025-06-30T17:02:48.798644511Z,,,neighborhood_13,2025-06-30T17:06:27.539432267Z,game ended,2025-06-30T17:08:07.511025485Z,1,2025-06-30T17:09:31.06623753Z,"{""age"":""43"",""gender"":""Male"",""strength"":""Didn't seem like you could complete it as you keep getting sick"",""fair"":""It was hard to tell, I thought they could have done more, but not sure how often they got sick"",""feedback"":""allow a way to help those who are sick to get better quicker"",""education"":""bachelor""}",2025-06-30T17:09:31.064473812Z,"[[5,65],[213,273]]",2025-06-30T17:02:56.846740111Z,01JZ0W7WH4BMT12JZKEJ46HRED,2025-06-30T16:56:54.025736748Z,4,2025-06-30T16:57:25.405492092Z,true,2025-06-30T16:57:39.766946721Z,,,Player 2,2025-06-30T16:58:45.837879032Z,2,2025-06-30T17:06:25.910119123Z,false,2025-06-30T17:07:40.635321576Z,01JZ0WAAM89FM4SDZSK8MQHWTQ,2025-06-30T16:56:54.014417963Z,,,"{""networkStruct"":""pooled"",""playerCount"":4}",2025-06-30T16:56:54.025736748Z,"Pooled, Some Redundancy",2025-06-30T16:56:54.025736748Z,{},2025-06-30T16:56:54.195529907Z,TaskScreen,2025-06-30T17:06:27.533377482Z
01JZ104180T0VDBKNH0NERW22V,true,2025-06-30T18:16:06.429446155Z,true,2025-06-30T18:15:59.701131848Z,1,2025-06-30T18:21:10.282968238Z,neighborhood_12,2025-06-30T18:21:10.265387541Z,game ended,2025-06-30T18:21:17.261163702Z,1,2025-06-30T18:22:36.005821122Z,"{""age"":""65"",""gender"":""female"",""strength"":""shorter and easier than expected"",""fair"":""I was not aware of teamates during the task.no interaction"",""feedback"":""interaction and more challenge"",""education"":""master""}",2025-06-30T18:22:35.997672575Z,"[[125,185],[43,103]]",2025-06-30T18:16:06.429446155Z,01JZ100N4EZ1D1ZSMZ8BGYY8VN,2025-06-30T18:03:21.748243887Z,4,2025-06-30T18:07:45.128373141Z,true,2025-06-30T18:08:18.419518093Z,,,Player 2,2025-06-30T18:11:54.576244117Z,11,2025-06-30T18:21:07.442819765Z,false,2025-06-30T18:19:23.220240267Z,01JZ1040XAG1ZAD7M1ND334RMN,2025-06-30T18:03:21.728850549Z,AVERAGE PEOPLE,2025-06-30T18:16:06.429446155Z,"{""networkStruct"":""reciprocal"",""playerCount"":4}",2025-06-30T18:03:21.748243887Z,"Reciprocal, Some Redundancy",2025-06-30T18:03:21.748243887Z,{},2025-06-30T18:03:21.930688236Z,TaskScreen,2025-06-30T18:21:10.274478Z
01JZ0XAYB1S3TC6JQYTFQEQMC9,true,2025-06-30T17:19:43.769737701Z,true,2025-06-30T17:19:35.704230328Z,3,2025-06-30T17:24:46.921970739Z,neighborhood_8,2025-06-30T17:24:46.91690482Z,game ended,2025-06-30T17:24:54.287804102Z,1,2025-06-30T17:25:42.527786238Z,"{""age"":""61"",""gender"":""female"",""strength"":""was good but team were not there"",""fair"":""did not see them!"",""feedback"":""show teams chat"",""education"":""master""}",2025-06-30T17:25:42.525438552Z,"[[121,181],[15,75]]",2025-06-30T17:19:43.769737701Z,01JZ0X7ZNN0GRQQ68EJYGR423Q,2025-06-30T17:14:42.415208468Z,4,2025-06-30T17:15:20.021485696Z,true,2025-06-30T17:15:31.28505749Z,,,Player 3,2025-06-30T17:15:31.352328369Z,7,2025-06-30T17:24:45.126769629Z,false,2025-06-30T17:22:55.635407115Z,01JZ0XAY08PA4BQS0P7YCF5DPE,2025-06-30T17:14:42.401220265Z,CHILDREN'S COMMUTE DISTANCE,2025-06-30T17:19:43.769737701Z,"{""networkStruct"":""reciprocal"",""playerCount"":3}",2025-06-30T17:14:42.415208468Z,"Reciprocal, No Redundancy",2025-06-30T17:14:42.415208468Z,{},2025-06-30T17:14:42.64090235Z,TaskScreen,2025-06-30T17:24:46.92005532Z
01JZ0XSE4SQVR38S7WPS564R5A,true,2025-06-30T17:39:21.278256444Z,true,2025-06-30T17:39:12.961216034Z,,,neighborhood_12,2025-06-30T17:44:02.046830267Z,game ended,2025-06-30T17:44:31.929154349Z,1,2025-06-30T17:44:49.428611608Z,"{""age"":""28"",""gender"":""Male"",""strength"":"""",""fair"":"""",""feedback"":"""",""education"":""other""}",2025-06-30T17:44:49.424783488Z,"[[150,210],[73,133]]",2025-06-30T17:39:21.278256444Z,01JZ0XP7EJVNGB38T0GJJ3YDRG,2025-06-30T17:22:37.354001667Z,4,2025-06-30T17:23:08.462848709Z,true,2025-06-30T17:23:29.594482092Z,,,Player 2,2025-06-30T17:35:08.532530683Z,3,2025-06-30T17:44:00.286046357Z,false,2025-06-30T17:43:03.259482992Z,01JZ0XSDMA8FNSK410EZ474B9V,2025-06-30T17:22:37.337710194Z,,,"{""networkStruct"":""pooled"",""playerCount"":4}",2025-06-30T17:22:37.354001667Z,"Pooled, Some Redundancy",2025-06-30T17:22:37.354001667Z,{},2025-06-30T17:22:37.638325535Z,TaskScreen,2025-06-30T17:44:02.051696325Z
01JZ0WEMF9G6NDAGNXK33EF8QN,true,2025-06-30T17:13:08.324492534Z,true,2025-06-30T17:13:05.221563019Z,,,neighborhood_7,2025-06-30T17:16:27.599551059Z,game ended,2025-06-30T17:18:18.821697273Z,1,2025-06-30T17:20:33.660396825Z,"{""age"":""33"",""gender"":""Male"",""strength"":""The game was interesting but frustrating when i got sick."",""fair"":""Yes they did work i wasn't able to do"",""feedback"":""Maybe if i didn't need to have the mouse up to see the information, and it was available all the time."",""education"":""bachelor""}",2025-06-30T17:20:33.646620675Z,"[[85,145],[207,267]]",2025-06-30T17:13:08.324492534Z,01JZ0W7WH669S2GHZMF9MZZGM3,2025-06-30T16:59:14.805356389Z,4,2025-06-30T17:01:09.201186558Z,true,2025-06-30T17:01:42.334011022Z,,,Player 2,2025-06-30T17:08:57.022119491Z,2,2025-06-30T17:16:25.674624478Z,false,2025-06-30T17:17:45.862052254Z,01JZ0WEK8G045XF4C00JMJ5317,2025-06-30T16:59:14.793128193Z,,,"{""networkStruct"":""pooled"",""playerCount"":4}",2025-06-30T16:59:14.805356389Z,"Pooled, Some Redundancy",2025-06-30T16:59:14.805356389Z,{},2025-06-30T16:59:15.704970238Z,TaskScreen,2025-06-30T17:16:27.612321869Z
01JZ0WHB9JPWBV5VN768TMG8B9,true,2025-06-30T17:06:49.592917998Z,true,2025-06-30T17:06:43.255114545Z,null,2025-06-30T17:11:40.2404139Z,null,2025-06-30T17:11:40.236158219Z,game ended,2025-06-30T17:12:00.054300577Z,1,2025-06-30T17:12:42.98591452Z,"{""age"":""53"",""gender"":""male"",""strength"":""ok"",""fair"":""no"",""feedback"":""different "",""education"":""other""}",2025-06-30T17:12:42.988220135Z,"[[206,266],[135,195]]",2025-06-30T17:06:49.592917998Z,01JZ0W7WHE67QMEH4CJKSJPVET,2025-06-30T17:01:02.095448592Z,4,2025-06-30T17:01:53.942926462Z,true,2025-06-30T17:02:19.685241906Z,,,Player 3,2025-06-30T17:02:38.533216361Z,6,2025-06-30T17:11:40.238439945Z,false,2025-06-30T17:11:26.319644047Z,01JZ0WHAZRMQ0CP08WX9945QS1,2025-06-30T17:00:43.69871025Z,CHILDREN'S COMMUTE DISTANCE,2025-06-30T17:06:49.592917998Z,"{""networkStruct"":""reciprocal"",""playerCount"":4}",2025-06-30T17:00:43.713324608Z,"Reciprocal, Some Redundancy",2025-06-30T17:00:43.713324608Z,{},2025-06-30T17:00:43.890882504Z,TaskQueue,2025-06-30T17:11:40.244765877Z
01JZ0X7QQ4PEVNP0R5F93ZWHQC,true,2025-06-30T17:19:43.769737701Z,true,2025-06-30T17:19:37.450613596Z,2,2025-06-30T17:23:36.305648248Z,neighborhood_6,2025-06-30T17:23:36.301612787Z,game ended,2025-06-30T17:24:54.287804102Z,1,2025-06-30T17:25:47.388697523Z,"{""age"":""52"",""gender"":""Male"",""strength"":""Fast paced "",""fair"":""Not really, did not speak to them much"",""feedback"":""More time"",""education"":""high-school""}",2025-06-30T17:25:47.3865027Z,"[[125,185],[238,298]]",2025-06-30T17:19:43.769737701Z,01JZ0X7ZNN0GRQQ68EJYGR423Q,2025-06-30T17:13:43.470758632Z,4,2025-06-30T17:14:31.450024588Z,true,2025-06-30T17:15:21.026892023Z,,,Player 2,2025-06-30T17:15:31.352328369Z,5,2025-06-30T17:23:34.78967182Z,false,2025-06-30T17:24:52.409760675Z,01JZ0X7QD2QZQ8TXM9JMBG3QQ8,2025-06-30T17:12:57.316136266Z,MAXIMUM INCOME,2025-06-30T17:19:43.769737701Z,"{""networkStruct"":""reciprocal"",""playerCount"":3}",2025-06-30T17:12:57.338828866Z,"Reciprocal, No Redundancy",2025-06-30T17:12:57.338828866Z,{},2025-06-30T17:12:57.524829209Z,TaskScreen,2025-06-30T17:23:36.304094973Z
01JZ0ZC0M5FWKT3BXNBNQBRS3X,true,2025-06-30T17:56:47.461570399Z,true,2025-06-30T17:56:40.506547822Z,2,2025-06-30T18:01:55.601627241Z,neighborhood_4,2025-06-30T18:01:55.588844832Z,game ended,2025-06-30T18:01:58.14666588Z,1,2025-06-30T18:02:22.473594439Z,"{""age"":""66"",""gender"":""Male"",""strength"":""Fun"",""fair"":""No"",""feedback"":""More time"",""education"":""high-school""}",2025-06-30T18:02:22.481005572Z,"[[83,143],[220,280]]",2025-06-30T17:56:47.461570399Z,01JZ0Z7NWQ9CYAGNFMNZVFE8F3,2025-06-30T17:50:14.684395851Z,4,2025-06-30T17:51:00.386389342Z,true,2025-06-30T17:51:20.412032615Z,,,Player 4,2025-06-30T17:52:35.310746835Z,4,2025-06-30T18:01:53.402237933Z,false,2025-06-30T18:01:37.91393472Z,01JZ0ZC088QF97VGA0ABA63MEX,2025-06-30T17:50:14.661083507Z,MAXIMUM INCOME,2025-06-30T17:56:47.461570399Z,"{""networkStruct"":""reciprocal"",""playerCount"":4}",2025-06-30T17:50:14.684395851Z,"Reciprocal, Some Redundancy",2025-06-30T17:50:14.684395851Z,{},2025-06-30T17:50:14.87921945Z,TaskScreen,2025-06-30T18:01:55.595681998Z
01JZ0WAHKMYHZ23HN36ZASZTSG,,,,,,,,,game ended,2025-06-30T17:15:15.962152743Z,,,,,,,01JZ0W7WH953KKVSAQ2B0M9V8S,2025-06-30T16:57:00.800727155Z,4,2025-06-30T16:57:10.960894657Z,true,2025-06-30T16:57:12.331527961Z,true,2025-06-30T17:10:05.327138016Z,Player 1,2025-06-30T17:05:54.138396763Z,,,,,01JZ0WAH9Z8TKEFBCHWRK1VX6D,2025-06-30T16:57:00.788486903Z,,,"{""networkStruct"":""reciprocal"",""playerCount"":4}",2025-06-30T16:57:00.800727155Z,"Reciprocal, Some Redundancy",2025-06-30T16:57:00.800727155Z,{},2025-06-30T16:57:00.943186022Z,,
01JZ0WHH62CWG8X5EQDM9AT4MS,true,2025-06-30T17:13:08.324492534Z,true,2025-06-30T17:13:02.790129544Z,,,neighborhood_10,2025-06-30T17:16:28.201338837Z,game ended,2025-06-30T17:18:18.821697273Z,1,2025-06-30T17:21:23.425436236Z,"{""age"":""39"",""gender"":""Male"",""strength"":""It was fun, but I was stuck with the flu quite an amount of the time :("",""fair"":""I think my teammate was pretty helpful, faster than me without a doubt. "",""feedback"":""It seems already ok to me as it is. "",""education"":""bachelor""}",2025-06-30T17:21:23.428831842Z,"[[126,186],[195,255]]",2025-06-30T17:13:08.324492534Z,01JZ0W7WH669S2GHZMF9MZZGM3,2025-06-30T17:00:49.742484716Z,4,2025-06-30T17:01:44.504481411Z,true,2025-06-30T17:02:25.581087259Z,,,Player 3,2025-06-30T17:08:57.022119491Z,2,2025-06-30T17:15:25.329404829Z,false,2025-06-30T17:17:35.328127446Z,01JZ0WHGN10JPC08MXBFQV02DW,2025-06-30T17:00:49.730464718Z,,,"{""networkStruct"":""pooled"",""playerCount"":4}",2025-06-30T17:00:49.742484716Z,"Pooled, Some Redundancy",2025-06-30T17:00:49.742484716Z,{},2025-06-30T17:00:50.002984076Z,TaskScreen,2025-06-30T17:16:28.195003651Z
01JZ0Y2S7EWK32R9YKB6R3CWWK,,,,,,,,,game ended,2025-06-30T17:45:29.56722835Z,,,,,,,01JZ0XP7E80XQ8XGY0HAVD3ZJP,2025-06-30T17:27:43.613066514Z,4,2025-06-30T17:28:29.519067749Z,true,2025-06-30T17:29:02.870005265Z,true,2025-06-30T17:40:19.102534698Z,Player 3,2025-06-30T17:36:06.964406089Z,,,,,01JZ0Y2S4W4BDXZH1BTY3RSPSX,2025-06-30T17:27:43.598855583Z,,,"{""networkStruct"":""pooled"",""playerCount"":4}",2025-06-30T17:27:43.613066514Z,"Pooled, Some Redundancy",2025-06-30T17:27:43.613066514Z,{},2025-06-30T17:27:43.650059436Z,,
01JZ0ZGGG5G7D0HDRFX1D79VX2,,,,,,,,,no more games,2025-06-30T18:50:45.705976616Z,1,2025-06-30T17:56:25.545030406Z,"{""age"":""31"",""gender"":""Male"",""strength"":""it was really interesting i loved it"",""fair"":""yes sure"",""feedback"":""let it be more collaborative,"",""education"":""bachelor""}",2025-06-30T17:56:25.121801006Z,,,null,2025-06-30T18:50:45.705976616Z,1,2025-06-30T17:54:33.651719965Z,,,,,,,,,,,01JZ0ZGDAEV2PH9MEJZ85A0YH1,2025-06-30T17:52:41.989232483Z,,,"{""networkStruct"":""pooled"",""playerCount"":4}",2025-06-30T17:52:42.042152511Z,"Pooled, Some Redundancy",2025-06-30T17:52:42.042152511Z,{},2025-06-30T17:52:43.848357589Z,,
01JZ1375Y36Y5PX8G41NVRAN57,,,,,,,,,no more games,2025-06-30T18:57:46.288849848Z,1,2025-06-30T19:00:22.301799143Z,"{""age"":""24"",""gender"":""Male"",""strength"":""sorry but on starting the study it took mw straight to this page"",""fair"":""N/A"",""feedback"":""N/A"",""education"":""bachelor""}",2025-06-30T19:00:22.27300378Z,,,null,2025-06-30T18:57:46.288849848Z,,,,,,,,,,,,,01JZ13740HSTP6Z08HQJVE9DZA,2025-06-30T18:57:30.563185797Z,,,"{""networkStruct"":""reciprocal"",""playerCount"":3}",2025-06-30T18:57:30.589234747Z,"Reciprocal, No Redundancy",2025-06-30T18:57:30.589234747Z,{},2025-06-30T18:57:31.22662864Z,,
01JZ11VY4E30B62R1MR4XBTM22,,,,,,,,,no more games,2025-06-30T18:34:38.613487064Z,1,2025-06-30T18:35:28.356299391Z,"{""age"":""44"",""gender"":""male"",""strength"":""i didn't get a chance to complete it it went straight to this page"",""fair"":""i don't know"",""feedback"":""let me play itQ"",""education"":""high-school""}",2025-06-30T18:35:28.247348905Z,,,null,2025-06-30T18:34:38.613487064Z,3,2025-06-30T18:34:30.752370771Z,,,,,,,,,,,01JZ11VXQE4WB0R4AQWEH9WP7M,2025-06-30T18:33:53.550942307Z,,,"{""networkStruct"":""reciprocal"",""playerCount"":4}",2025-06-30T18:33:53.5787923Z,"Reciprocal, Some Redundancy",2025-06-30T18:33:53.5787923Z,{},2025-06-30T18:33:53.841864446Z,,
01JZ10XHKF3R8HEHPW0E4PJTRF,,,,,,,,,game ended,2025-06-30T18:32:13.233316639Z,,,,,,,01JZ10P0NQF4P3BB1AAZVYSJMW,2025-06-30T18:17:17.70460302Z,4,2025-06-30T18:17:38.603655469Z,true,2025-06-30T18:18:06.89876464Z,true,2025-06-30T18:27:02.184380068Z,Player 1,2025-06-30T18:22:48.975809229Z,,,,,01JZ10XH73BGEPZ3GYXVPHT6PE,2025-06-30T18:17:17.679126704Z,,,"{""networkStruct"":""pooled"",""playerCount"":4}",2025-06-30T18:17:17.70460302Z,"Pooled, Some Redundancy",2025-06-30T18:17:17.70460302Z,{},2025-06-30T18:17:17.913443784Z,,
01JZ11X3WRWNN35NZNT7FAT64A,,,,,,,,,game ended,2025-06-30T18:44:01.478473723Z,,,,,,,01JZ119YX2JRQ0Y08WK2G2K83K,2025-06-30T18:34:32.238865474Z,4,2025-06-30T18:34:35.784773908Z,true,2025-06-30T18:34:36.328154333Z,true,2025-06-30T18:38:50.572737906Z,Player 4,2025-06-30T18:34:36.600899529Z,,,,,01JZ11X3VB6K869RVFMN4HF9FQ,2025-06-30T18:34:32.216883586Z,,,"{""networkStruct"":""reciprocal"",""playerCount"":4}",2025-06-30T18:34:32.238865474Z,"Reciprocal, Some Redundancy",2025-06-30T18:34:32.238865474Z,{},2025-06-30T18:34:32.262252609Z,,
01JZ0WRNMB87KA9QP0V95N94CC,true,2025-06-30T17:13:44.698449041Z,true,2025-06-30T17:13:36.746931523Z,,,neighborhood_2,2025-06-30T17:16:30.628651743Z,game ended,2025-06-30T17:18:55.39248024Z,1,2025-06-30T17:19:33.815316331Z,"{""age"":""40"",""gender"":""male"",""strength"":""ok"",""fair"":""yes"",""feedback"":""don't know"",""education"":""high-school""}",2025-06-30T17:19:33.810521139Z,"[[230,290],[157,217]]",2025-06-30T17:13:44.698449041Z,01JZ0W7WHAXBN0H6GS7Q677HGB,2025-06-30T17:05:36.095189658Z,4,2025-06-30T17:06:46.44190625Z,true,2025-06-30T17:07:50.907409477Z,,,Player 3,2025-06-30T17:09:32.495502537Z,3,2025-06-30T17:16:28.138408144Z,false,2025-06-30T17:18:45.745920453Z,01JZ0WRN7FGCY48ZR7J4FNPBFS,2025-06-30T17:04:43.659045484Z,,,"{""networkStruct"":""pooled"",""playerCount"":4}",2025-06-30T17:04:43.669091784Z,"Pooled, Some Redundancy",2025-06-30T17:04:43.669091784Z,{},2025-06-30T17:04:43.880650304Z,TaskScreen,2025-06-30T17:16:30.632576763Z
01JZ0WTJ3PN5WANHTPYKBXMWS1,true,2025-06-30T17:10:05.327138016Z,true,2025-06-30T17:09:56.761459771Z,null,2025-06-30T17:15:13.118674738Z,null,2025-06-30T17:15:13.110580408Z,game ended,2025-06-30T17:15:15.962152743Z,1,2025-06-30T17:16:19.753363135Z,"{""age"":""36"",""gender"":""Male"",""strength"":""i was upset for being sick"",""fair"":""Not at all"",""feedback"":""i dont know the main goal, i dont know how to improve it"",""education"":""bachelor""}",2025-06-30T17:16:19.755629771Z,"[[110,170],[8,68]]",2025-06-30T17:10:05.327138016Z,01JZ0W7WH953KKVSAQ2B0M9V8S,2025-06-30T17:05:45.602261381Z,4,2025-06-30T17:05:53.142737974Z,true,2025-06-30T17:05:54.08185697Z,,,Player 4,2025-06-30T17:05:54.138396763Z,10,2025-06-30T17:15:13.108097595Z,false,2025-06-30T17:13:06.614717807Z,01JZ0WTHM2NGY3Q5NKAM39FRD2,2025-06-30T17:05:45.590549084Z,MAXIMUM INCOME,2025-06-30T17:10:05.327138016Z,"{""networkStruct"":""reciprocal"",""playerCount"":4}",2025-06-30T17:05:45.602261381Z,"Reciprocal, Some Redundancy",2025-06-30T17:05:45.602261381Z,{},2025-06-30T17:05:45.868410356Z,TaskQueue,2025-06-30T17:15:13.113490325Z
01JZ0YET8NZNB7TGXXDM3SG7NV,,,,,,,,,no more games,2025-06-30T18:50:45.705976616Z,1,2025-06-30T17:39:04.335833138Z,"{""age"":""41"",""gender"":""Female"",""strength"":""I didn't get the chance to play"",""fair"":""I didn't get the chance to play"",""feedback"":""I didn't get the chance to play"",""education"":""bachelor""}",2025-06-30T17:39:04.080891755Z,,,null,2025-06-30T18:50:45.705976616Z,1,2025-06-30T17:35:57.284799142Z,,,,,,,,,,,01JZ0YERDFZPH57YR1TCDFB8P4,2025-06-30T17:34:17.877857832Z,,,"{""networkStruct"":""pooled"",""playerCount"":4}",2025-06-30T17:34:17.892608859Z,"Pooled, Some Redundancy",2025-06-30T17:34:17.892608859Z,{},2025-06-30T17:34:18.208826375Z,,
01JZ0ZDPKFMFYQGHQARHET8ET7,true,2025-06-30T17:59:24.882601415Z,true,2025-06-30T17:59:18.432118473Z,2,2025-06-30T18:04:35.388482702Z,neighborhood_10,2025-06-30T18:04:35.38477752Z,game ended,2025-06-30T18:04:35.483447109Z,1,2025-06-30T18:05:29.52564177Z,"{""age"":""28"",""gender"":""male"",""strength"":""boring"",""fair"":""no"",""feedback"":""let me copy paste the numbers"",""education"":""bachelor""}",2025-06-30T18:05:29.517605268Z,"[[130,190],[14,74]]",2025-06-30T17:59:24.882601415Z,01JZ0Z7NWZE2H4FK4XXVVF91VK,2025-06-30T17:52:35.191668245Z,4,2025-06-30T17:52:14.396811502Z,true,2025-06-30T17:52:56.308482994Z,,,Player 2,2025-06-30T17:55:12.888802142Z,9,2025-06-30T18:04:34.287184137Z,false,2025-06-30T18:02:46.629117599Z,01JZ0ZDP3JQNGYC679320RWPSB,2025-06-30T17:51:09.935067172Z,MAXIMUM INCOME,2025-06-30T17:59:24.882601415Z,"{""networkStruct"":""reciprocal"",""playerCount"":4}",2025-06-30T17:51:09.954016421Z,"Reciprocal, Some Redundancy",2025-06-30T17:51:09.954016421Z,{},2025-06-30T17:51:10.248742821Z,TaskScreen,2025-06-30T18:04:35.394001108Z
01JZ10A8MBNC0DGSC2SCTTDDSE,,,,,,,,,no more games,2025-06-30T18:50:45.705976616Z,1,2025-06-30T18:10:13.462093581Z,"{""age"":""26"",""gender"":""female"",""strength"":""I did not play any game."",""fair"":""no"",""feedback"":""Giving more time and making the game accessible for all."",""education"":""bachelor""}",2025-06-30T18:10:13.451000265Z,,,null,2025-06-30T18:50:45.705976616Z,1,2025-06-30T18:08:10.917511336Z,,,,,,,,,,,01JZ10A702H9HEG3CRE0JRPNAP,2025-06-30T18:06:45.89993626Z,,,"{""networkStruct"":""pooled"",""playerCount"":4}",2025-06-30T18:06:45.918937194Z,"Pooled, Some Redundancy",2025-06-30T18:06:45.918937194Z,{},2025-06-30T18:06:46.445184429Z,,
01JZ0WB00A4BPSJ7Z3QGY3QN6N,,,,,,,,,game ended,2025-06-30T17:09:24.305394831Z,,,,,,,01JZ0W7WHDGTV3A91VXN46A52G,2025-06-30T16:57:15.541808327Z,4,2025-06-30T16:58:16.953107723Z,true,2025-06-30T16:58:58.281624607Z,true,2025-06-30T17:04:13.920248606Z,Player 2,2025-06-30T17:00:01.070173211Z,,,,,01JZ0WAZEVM1AHB5TXJH72P7E0,2025-06-30T16:57:15.530899298Z,,,"{""networkStruct"":""reciprocal"",""playerCount"":4}",2025-06-30T16:57:15.541808327Z,"Reciprocal, Some Redundancy",2025-06-30T16:57:15.541808327Z,{},2025-06-30T16:57:15.842669563Z,,
01JZ102EWH34RY0HTQE7XKZW4Y,,,,,,,,,game ended,2025-06-30T18:21:17.261163702Z,,,,,,,01JZ100N4EZ1D1ZSMZ8BGYY8VN,2025-06-30T18:02:30.178749311Z,4,2025-06-30T18:03:54.693125739Z,true,2025-06-30T18:04:11.176861448Z,true,2025-06-30T18:16:06.429446155Z,Player 1,2025-06-30T18:11:54.576244117Z,,,,,01JZ102EHX53VAV9FXYHZXDDET,2025-06-30T18:02:30.161938819Z,,,"{""networkStruct"":""reciprocal"",""playerCount"":4}",2025-06-30T18:02:30.178749311Z,"Reciprocal, Some Redundancy",2025-06-30T18:02:30.178749311Z,{},2025-06-30T18:02:30.378745673Z,,
01JZ1150FF1R34BCRBWA1A312D,true,2025-06-30T18:27:02.184380068Z,true,2025-06-30T18:26:54.139477755Z,,,null,2025-06-30T18:32:11.84794957Z,game ended,2025-06-30T18:32:13.233316639Z,1,2025-06-30T18:32:42.22613616Z,"{""age"":""28"",""gender"":""Male"",""strength"":""It was fun, sickness was annoying but yeah"",""fair"":""Yes."",""feedback"":""Less sickness? Not sure"",""education"":""high-school""}",2025-06-30T18:32:42.206979774Z,"[[216,276],[60,120]]",2025-06-30T18:27:02.184380068Z,01JZ10P0NQF4P3BB1AAZVYSJMW,2025-06-30T18:21:22.314399074Z,4,2025-06-30T18:22:33.633094766Z,true,2025-06-30T18:22:48.747220851Z,,,Player 3,2025-06-30T18:22:48.975809229Z,5,2025-06-30T18:32:11.854819137Z,false,2025-06-30T18:31:49.337554704Z,01JZ115057JEMPT9WKYA9CYXHF,2025-06-30T18:21:22.287998418Z,,,"{""networkStruct"":""pooled"",""playerCount"":4}",2025-06-30T18:21:22.314399074Z,"Pooled, Some Redundancy",2025-06-30T18:21:22.314399074Z,{},2025-06-30T18:21:22.484046419Z,TaskQueue,2025-06-30T18:32:11.840686969Z
01JZ115P8J6BQ15VPBKQ514M38,true,2025-06-30T18:27:02.184380068Z,true,2025-06-30T18:26:54.068496919Z,,,neighborhood_11,2025-06-30T18:31:42.200498018Z,game ended,2025-06-30T18:32:13.233316639Z,1,2025-06-30T18:33:02.466873475Z,"{""age"":""48"",""gender"":""Male"",""strength"":""Interesting to see how fast I can go"",""fair"":""Not particularly"",""feedback"":""It would be more fun without the sick downtime"",""education"":""high-school""}",2025-06-30T18:33:02.475213915Z,"[[168,228],[33,93]]",2025-06-30T18:27:02.184380068Z,01JZ10P0NQF4P3BB1AAZVYSJMW,2025-06-30T18:21:44.621771158Z,4,2025-06-30T18:22:11.88500989Z,true,2025-06-30T18:22:15.046235647Z,,,Player 4,2025-06-30T18:22:48.975809229Z,3,2025-06-30T18:31:39.895843772Z,false,2025-06-30T18:31:02.630576997Z,01JZ115NME41P0RNPCW3N6RG74,2025-06-30T18:21:44.594344032Z,,,"{""networkStruct"":""pooled"",""playerCount"":4}",2025-06-30T18:21:44.621771158Z,"Pooled, Some Redundancy",2025-06-30T18:21:44.621771158Z,{},2025-06-30T18:21:44.929613852Z,TaskScreen,2025-06-30T18:31:42.208163982Z
01JZ131Q7H86HXRPNP28S5BX4Z,true,2025-06-30T19:01:50.420374149Z,true,2025-06-30T19:01:43.454993153Z,null,2025-06-30T19:07:01.503483553Z,null,2025-06-30T19:07:01.490675395Z,game ended,2025-06-30T19:07:01.395753227Z,1,2025-06-30T19:08:56.153342648Z,"{""age"":""37"",""gender"":""Female"",""strength"":""I liked the game it was fun and enjoyed working as a team."",""fair"":""i did not see any activity from them in terms of results so i did not notice any help."",""feedback"":""The game is good as it is and i think more collaboration and talking to teams i would like as that was enjoyable to introduce ourselves at the beginning of the task."",""education"":""other""}",2025-06-30T19:08:56.128649761Z,"[[147,207],[49,109]]",2025-06-30T19:01:50.420374149Z,01JZ12TK4A16DPH6KAMKDY8GHP,2025-06-30T18:54:31.689583954Z,4,2025-06-30T18:56:33.932262584Z,true,2025-06-30T18:57:37.286134526Z,,,Player 2,2025-06-30T18:57:37.493380342Z,9,2025-06-30T19:07:01.475634315Z,false,2025-06-30T19:05:29.284126482Z,01JZ131PVDDRGQ9XMEZKWQPAMD,2025-06-30T18:54:31.665389772Z,AVERAGE PEOPLE,2025-06-30T19:01:50.420374149Z,"{""networkStruct"":""reciprocal"",""playerCount"":3}",2025-06-30T18:54:31.689583954Z,"Reciprocal, No Redundancy",2025-06-30T18:54:31.689583954Z,{},2025-06-30T18:54:31.890996117Z,TaskQueue,2025-06-30T19:07:01.514447628Z
01JZ0YG2CYXBR596MKQQA0KSWW,true,2025-06-30T17:40:54.675950224Z,true,2025-06-30T17:40:47.690150193Z,,,neighborhood_7,2025-06-30T17:45:27.943060424Z,game ended,2025-06-30T17:46:05.3555268Z,1,2025-06-30T17:46:47.724433104Z,"{""age"":""48"",""gender"":""male"",""strength"":""Interesting"",""fair"":""no"",""feedback"":""more time..."",""education"":""master""}",2025-06-30T17:46:47.728264453Z,"[[111,171],[182,242]]",2025-06-30T17:40:54.675950224Z,01JZ0XP7EQ68N8E1T1SAYQ3MY0,2025-06-30T17:36:06.901254113Z,4,2025-06-30T17:36:15.135741018Z,true,2025-06-30T17:36:43.389888186Z,,,Player 4,2025-06-30T17:36:43.457136222Z,1,2025-06-30T17:45:20.826726857Z,false,2025-06-30T17:45:07.986347702Z,01JZ0YG1X74QN06F3VP2RH02S9,2025-06-30T17:34:58.974680616Z,,,"{""networkStruct"":""pooled"",""playerCount"":4}",2025-06-30T17:34:58.988179812Z,"Pooled, Some Redundancy",2025-06-30T17:34:58.988179812Z,{},2025-06-30T17:34:59.252919549Z,TaskScreen,2025-06-30T17:45:27.9387955Z
01JZ12AZ7PFBE16D13G8YGSAMG,,,,,,,,,game ended,2025-06-30T18:53:38.926003351Z,,,,,,,01JZ125JHD5GFGZ2E2T20ACXSR,2025-06-30T18:42:06.257646722Z,4,2025-06-30T18:42:33.726442862Z,true,2025-06-30T18:42:47.32962527Z,true,2025-06-30T18:48:27.984029134Z,Player 2,2025-06-30T18:44:14.958785925Z,,,,,01JZ12AYW27HEP8K4MGSQBKJJ8,2025-06-30T18:42:06.198940621Z,,,"{""networkStruct"":""reciprocal"",""playerCount"":3}",2025-06-30T18:42:06.257646722Z,"Reciprocal, No Redundancy",2025-06-30T18:42:06.257646722Z,{},2025-06-30T18:42:06.385649628Z,,
01JZ12RYCVP5RE5QT245YWQE4R,,,,,,,,,no more games,2025-06-30T18:50:45.705976616Z,,,,,,,null,2025-06-30T18:50:45.705976616Z,2,2025-06-30T18:50:24.694768935Z,,,,,,,,,,,01JZ12RWXVQT8E0NQNE3JDF8FY,2025-06-30T18:49:44.09144164Z,,,"{""networkStruct"":""pooled"",""playerCount"":4}",2025-06-30T18:49:44.120495505Z,"Pooled, Some Redundancy",2025-06-30T18:49:44.120495505Z,{},2025-06-30T18:49:44.659545045Z,,
01JZ0W9J7SB794Z25G4BTHXQDZ,true,2025-06-30T17:02:56.846740111Z,true,2025-06-30T17:02:51.450581719Z,,,null,2025-06-30T17:08:02.982736702Z,game ended,2025-06-30T17:08:07.511025485Z,1,2025-06-30T17:09:02.133400316Z,"{""age"":""37"",""gender"":"""",""strength"":""The training could have been a bit more helpful, explain how to calculate "",""fair"":""No"",""feedback"":""Explain how to calculate. "",""education"":""bachelor""}",2025-06-30T17:09:02.130798968Z,"[[103,163],[41,101]]",2025-06-30T17:02:56.846740111Z,01JZ0W7WH4BMT12JZKEJ46HRED,2025-06-30T16:56:28.678358117Z,4,2025-06-30T16:57:35.018762732Z,true,2025-06-30T16:58:19.159662367Z,,,Player 1,2025-06-30T16:58:45.837879032Z,1,2025-06-30T17:08:02.980582166Z,false,2025-06-30T17:05:50.824587629Z,01JZ0W9HTQ4Y8KKRX7JPDCYPR6,2025-06-30T16:56:28.665626341Z,,,"{""networkStruct"":""pooled"",""playerCount"":4}",2025-06-30T16:56:28.678358117Z,"Pooled, Some Redundancy",2025-06-30T16:56:28.678358117Z,{},2025-06-30T16:56:28.924340569Z,TaskQueue,2025-06-30T17:08:02.991647268Z
01JZ0WCK697DJY01ASTS62HMHF,true,2025-06-30T17:06:49.592917998Z,true,2025-06-30T17:06:41.625159507Z,2,2025-06-30T17:11:50.650539114Z,neighborhood_10,2025-06-30T17:11:50.645953965Z,game ended,2025-06-30T17:12:00.054300577Z,1,2025-06-30T17:12:39.075725942Z,"{""age"":""44"",""gender"":""male"",""strength"":""i don't really know"",""fair"":""Yes"",""feedback"":""i don't know"",""education"":""high-school""}",2025-06-30T17:12:39.077977315Z,"[[103,163],[168,228]]",2025-06-30T17:06:49.592917998Z,01JZ0W7WHE67QMEH4CJKSJPVET,2025-06-30T16:58:07.957479699Z,4,2025-06-30T16:59:51.190182538Z,true,2025-06-30T17:00:36.733751985Z,,,Player 2,2025-06-30T17:02:38.533216361Z,9,2025-06-30T17:11:49.440964311Z,false,2025-06-30T17:10:47.066980312Z,01JZ0WCJR5XEKP7HZNHYWE1N80,2025-06-30T16:58:07.945127611Z,MAXIMUM INCOME,2025-06-30T17:06:49.592917998Z,"{""networkStruct"":""reciprocal"",""playerCount"":4}",2025-06-30T16:58:07.957479699Z,"Reciprocal, Some Redundancy",2025-06-30T16:58:07.957479699Z,{},2025-06-30T16:58:08.200193472Z,TaskScreen,2025-06-30T17:11:50.655315701Z
01JZ0X6A1C027352DXJ8961HXQ,true,2025-06-30T17:17:55.304855974Z,true,2025-06-30T17:17:47.315401507Z,2,2025-06-30T17:22:51.172155003Z,neighborhood_5,2025-06-30T17:22:51.17025835Z,game ended,2025-06-30T17:23:05.831543497Z,1,2025-06-30T17:23:28.552199935Z,"{""age"":""30"",""gender"":""Male"",""strength"":""It was simple"",""fair"":""No"",""feedback"":""Allow for more time"",""education"":""bachelor""}",2025-06-30T17:23:28.556090178Z,"[[122,182],[34,94]]",2025-06-30T17:17:55.304855974Z,01JZ0X13WYYJA1PBKDVESDJZK9,2025-06-30T17:12:10.572448066Z,4,2025-06-30T17:13:16.035579969Z,true,2025-06-30T17:13:43.443065158Z,,,Player 2,2025-06-30T17:13:43.554005339Z,4,2025-06-30T17:22:48.27856663Z,false,2025-06-30T17:21:08.062596011Z,01JZ0X69K5AWNQMYHB8S5GE6PA,2025-06-30T17:12:10.540715304Z,MAXIMUM INCOME,2025-06-30T17:17:55.304855974Z,"{""networkStruct"":""reciprocal"",""playerCount"":3}",2025-06-30T17:12:10.572448066Z,"Reciprocal, No Redundancy",2025-06-30T17:12:10.572448066Z,{},2025-06-30T17:12:10.796405065Z,TaskScreen,2025-06-30T17:22:51.175834509Z
01JZ0XVQ90DZ7MZPYMX61HBWMF,,,,,,,,,game ended,2025-06-30T17:45:26.599653223Z,,,,,,,01JZ0XP7EG8XH2A757Q0XZSTD8,2025-06-30T17:23:52.276964462Z,4,2025-06-30T17:24:36.214586324Z,true,2025-06-30T17:25:12.047760967Z,true,2025-06-30T17:40:16.059432877Z,Player 3,2025-06-30T17:36:04.226867373Z,,,,,01JZ0XVPXPA1EW6B9Q65WQZDB6,2025-06-30T17:23:52.224853867Z,,,"{""networkStruct"":""pooled"",""playerCount"":4}",2025-06-30T17:23:52.276964462Z,"Pooled, Some Redundancy",2025-06-30T17:23:52.276964462Z,{},2025-06-30T17:23:52.407058149Z,,
01JZ0Y0HF7QA3DR4FKNXCV87K3,true,2025-06-30T17:39:21.278256444Z,true,2025-06-30T17:39:14.182746553Z,,,neighborhood_6,2025-06-30T17:43:58.557544675Z,game ended,2025-06-30T17:44:31.929154349Z,1,2025-06-30T17:46:17.321996684Z,"{""age"":""51"",""gender"":""Female"",""strength"":""Fun, but frustrating to be out sick"",""fair"":""I think so. we got a lot done"",""feedback"":""Shorter 'out sick' time. Plus an idea of how difficult each neighbourhood is to calculate."",""education"":""other""}",2025-06-30T17:46:17.326170324Z,"[[19,79],[138,198]]",2025-06-30T17:39:21.278256444Z,01JZ0XP7EJVNGB38T0GJJ3YDRG,2025-06-30T17:26:30.141536313Z,4,2025-06-30T17:27:39.992729837Z,true,2025-06-30T17:28:04.154716634Z,,,Player 3,2025-06-30T17:35:08.532530683Z,2,2025-06-30T17:43:56.532987939Z,false,2025-06-30T17:42:51.304786751Z,01JZ0Y0H4JVPB9K5XKHVHYNSBE,2025-06-30T17:26:30.119814625Z,,,"{""networkStruct"":""pooled"",""playerCount"":4}",2025-06-30T17:26:30.141536313Z,"Pooled, Some Redundancy",2025-06-30T17:26:30.141536313Z,{},2025-06-30T17:26:30.328859553Z,TaskScreen,2025-06-30T17:43:58.55234635Z
01JZ0WHVQRWPHMW3H6GCBQRHAT,,,,,,,,,game ended,2025-06-30T17:15:15.962152743Z,,,,,,,01JZ0W7WH953KKVSAQ2B0M9V8S,2025-06-30T17:01:00.547231292Z,4,2025-06-30T17:02:24.114973909Z,true,2025-06-30T17:02:56.195048764Z,true,2025-06-30T17:10:05.327138016Z,Player 3,2025-06-30T17:05:54.138396763Z,,,,,01JZ0WHVBSN0YHAFY88X98Z4Z1,2025-06-30T17:01:00.536630838Z,,,"{""networkStruct"":""reciprocal"",""playerCount"":4}",2025-06-30T17:01:00.547231292Z,"Reciprocal, Some Redundancy",2025-06-30T17:01:00.547231292Z,{},2025-06-30T17:01:00.733242298Z,,
01JZ0X62A2JP7CETA0N4WE5M8N,true,2025-06-30T17:19:43.769737701Z,true,2025-06-30T17:19:36.5883486Z,null,2025-06-30T17:24:23.267077217Z,null,2025-06-30T17:24:23.272350803Z,game ended,2025-06-30T17:24:54.287804102Z,1,2025-06-30T17:25:46.855792663Z,"{""age"":""25"",""gender"":""Male"",""strength"":""Easy and simple. not much else"",""fair"":""No, we just said hi"",""feedback"":""Add more variety"",""education"":""bachelor""}",2025-06-30T17:25:46.852262444Z,"[[0,60],[100,160]]",2025-06-30T17:19:43.769737701Z,01JZ0X7ZNN0GRQQ68EJYGR423Q,2025-06-30T17:13:43.470758632Z,4,2025-06-30T17:13:11.944724511Z,true,2025-06-30T17:13:49.536916779Z,,,Player 1,2025-06-30T17:15:31.352328369Z,14,2025-06-30T17:24:23.265119521Z,false,2025-06-30T17:22:34.318747136Z,01JZ0X61TPCN5RXNZATRMZTXJA,2025-06-30T17:12:02.62620211Z,AVERAGE PEOPLE,2025-06-30T17:19:43.769737701Z,"{""networkStruct"":""reciprocal"",""playerCount"":3}",2025-06-30T17:12:02.639688774Z,"Reciprocal, No Redundancy",2025-06-30T17:12:02.639688774Z,{},2025-06-30T17:12:02.886080508Z,TaskQueue,2025-06-30T17:24:23.270771528Z
01JZ0XRPPYAPF8095P7RP7R51F,true,2025-06-30T17:40:19.102534698Z,true,2025-06-30T17:40:12.308993735Z,,,neighborhood_14,2025-06-30T17:45:11.611646301Z,game ended,2025-06-30T17:45:29.56722835Z,1,2025-06-30T17:46:22.72277552Z,"{""age"":""69"",""gender"":""male"",""strength"":""its funny"",""fair"":""not really"",""feedback"":""i am not so experience"",""education"":""high-school""}",2025-06-30T17:46:22.716393675Z,"[[190,250],[129,189]]",2025-06-30T17:40:19.102534698Z,01JZ0XP7E80XQ8XGY0HAVD3ZJP,2025-06-30T17:22:13.356216728Z,4,2025-06-30T17:24:39.69433006Z,true,2025-06-30T17:26:56.78350758Z,,,Player 1,2025-06-30T17:36:06.964406089Z,2,2025-06-30T17:45:07.26733295Z,false,2025-06-30T17:44:39.263723693Z,01JZ0XRP41FDXQM79P4BRNZVF4,2025-06-30T17:22:13.342844779Z,,,"{""networkStruct"":""pooled"",""playerCount"":4}",2025-06-30T17:22:13.356216728Z,"Pooled, Some Redundancy",2025-06-30T17:22:13.356216728Z,{},2025-06-30T17:22:13.692657009Z,TaskScreen,2025-06-30T17:45:11.616837889Z
01JZ0Z56GMAGY61G9078DF3SNP,,,,,,,,,game ended,2025-06-30T18:01:58.14666588Z,,,,,,,01JZ0Z7NWQ9CYAGNFMNZVFE8F3,2025-06-30T17:47:55.085401727Z,4,2025-06-30T17:51:39.762094611Z,true,2025-06-30T17:52:35.163186324Z,true,2025-06-30T17:56:47.461570399Z,Player 2,2025-06-30T17:52:35.310746835Z,,,,,01JZ0Z5663TQD0324RFE0SR1VV,2025-06-30T17:46:31.316584128Z,,,"{""networkStruct"":""reciprocal"",""playerCount"":4}",2025-06-30T17:46:31.339400518Z,"Reciprocal, Some Redundancy",2025-06-30T17:46:31.339400518Z,{},2025-06-30T17:46:31.501334705Z,,
01JZ12Q1G2QKH379N2PJ88VQMB,,,,,,,,,game ended,2025-06-30T18:58:29.403335474Z,,,,,,,01JZ12GR6N6DKV4APDKNYMT7NT,2025-06-30T18:48:41.751991018Z,4,2025-06-30T18:49:02.310115778Z,true,2025-06-30T18:49:05.095059576Z,true,2025-06-30T18:53:18.413438662Z,Player 3,2025-06-30T18:49:05.224450801Z,,,,,01JZ12Q1724CWXT66N9KNKJDFP,2025-06-30T18:48:41.730421071Z,,,"{""networkStruct"":""reciprocal"",""playerCount"":3}",2025-06-30T18:48:41.751991018Z,"Reciprocal, No Redundancy",2025-06-30T18:48:41.751991018Z,{},2025-06-30T18:48:41.951229595Z,,
01JZ0Z61DZRMR0MQ7ZC5BQNRCY,,,,,,,,,game ended,2025-06-30T18:01:58.14666588Z,,,,,,,01JZ0Z7NWQ9CYAGNFMNZVFE8F3,2025-06-30T17:47:55.085401727Z,4,2025-06-30T17:48:35.084885803Z,true,2025-06-30T17:49:05.304039891Z,true,2025-06-30T17:56:47.461570399Z,Player 3,2025-06-30T17:52:35.310746835Z,,,,,01JZ0Z607MAVDVXA76NRDAQSBA,2025-06-30T17:46:58.879632304Z,,,"{""networkStruct"":""reciprocal"",""playerCount"":4}",2025-06-30T17:46:58.896506805Z,"Reciprocal, Some Redundancy",2025-06-30T17:46:58.896506805Z,{},2025-06-30T17:46:59.404949387Z,,
01JZ0ZCA4DXYWN181KAGGJKAGM,,,,,,,,,game ended,2025-06-30T18:01:05.787021968Z,,,,,,,01JZ0Z7NWVZHM50FX7KDE2CZ4K,2025-06-30T17:50:24.41739402Z,4,2025-06-30T17:50:31.785050608Z,true,2025-06-30T17:50:32.651098074Z,true,2025-06-30T17:55:55.127944687Z,Player 4,2025-06-30T17:51:43.286851102Z,,,,,01JZ0ZC9R8DQFYHXZG0M5S84GZ,2025-06-30T17:50:24.397950434Z,,,"{""networkStruct"":""pooled"",""playerCount"":4}",2025-06-30T17:50:24.41739402Z,"Pooled, Some Redundancy",2025-06-30T17:50:24.41739402Z,{},2025-06-30T17:50:24.616703312Z,,
01JZ10BNBYYD27923WJ510QT6B,,,,,,,,,no more games,2025-06-30T18:50:45.705976616Z,1,2025-06-30T18:10:37.291637305Z,"{""age"":""200"",""gender"":""female"",""strength"":"""",""fair"":""yes"",""feedback"":"""",""education"":""bachelor""}",2025-06-30T18:10:37.281816665Z,,,null,2025-06-30T18:50:45.705976616Z,,,,,,,,,,,,,01JZ10BKRYFJCKSGJ27445DBQ1,2025-06-30T18:07:31.710123359Z,,,"{""networkStruct"":""pooled"",""playerCount"":4}",2025-06-30T18:07:31.729090901Z,"Pooled, Some Redundancy",2025-06-30T18:07:31.729090901Z,{},2025-06-30T18:07:32.000362762Z,,
01JZ0W9R8KHVM75CY4CTKH5PQG,,,,,,,,,game ended,2025-06-30T17:10:50.618740388Z,,,,,,,01JZ0W7WHAXBN0H6GS7ZCJVTX8,2025-06-30T16:56:34.845719958Z,4,2025-06-30T16:57:58.8463307Z,true,2025-06-30T16:59:11.483450845Z,true,2025-06-30T17:05:40.219730611Z,Player 1,2025-06-30T17:01:28.767000184Z,,,,,01JZ0W9QTR0E49JKQA19WZ24EA,2025-06-30T16:56:34.835663129Z,,,"{""networkStruct"":""pooled"",""playerCount"":4}",2025-06-30T16:56:34.845719958Z,"Pooled, Some Redundancy",2025-06-30T16:56:34.845719958Z,{},2025-06-30T16:56:35.077950569Z,,
01JZ0WCF8PYZD69QGMR2NSWSBE,true,2025-06-30T17:09:47.246921466Z,true,2025-06-30T17:09:41.792200739Z,,,null,2025-06-30T17:14:48.476067966Z,game ended,2025-06-30T17:14:57.664727006Z,1,2025-06-30T17:18:21.300760926Z,"{""age"":""28"",""gender"":""Male"",""strength"":""Very fun and entertaining, although I got a little nervous at first (because of the countdown and the possibility of getting sick)."",""fair"":""I think some classmates weren't efficient, but I'm not sure. I'm just mentioning it because during practice I noticed that someone was taking too long."",""feedback"":""From my point of view, it's unbeatable, I find it very fun, entertaining, interesting and curious."",""education"":""other""}",2025-06-30T17:18:21.534202097Z,"[[76,136],[207,267]]",2025-06-30T17:09:47.246921466Z,01JZ0W7WH7YZAXNKRFQJVF1GT9,2025-06-30T16:58:03.937881856Z,4,2025-06-30T17:03:24.329822551Z,true,2025-06-30T17:04:38.435361863Z,,,Player 2,2025-06-30T17:05:36.154756059Z,2,2025-06-30T17:14:48.47212866Z,false,2025-06-30T17:14:27.434375474Z,01JZ0WCER39W2RRKF1Y8656FAV,2025-06-30T16:58:03.926552072Z,,,"{""networkStruct"":""pooled"",""playerCount"":4}",2025-06-30T16:58:03.937881856Z,"Pooled, Some Redundancy",2025-06-30T16:58:03.937881856Z,{},2025-06-30T16:58:04.226657458Z,TaskQueue,2025-06-30T17:14:48.480447277Z
01JZ0WH9YNF3ECN4CRXVD7B211,true,2025-06-30T17:05:40.219730611Z,true,2025-06-30T17:05:34.032815555Z,,,neighborhood_2,2025-06-30T17:06:57.081797967Z,game ended,2025-06-30T17:10:50.618740388Z,1,2025-06-30T17:11:29.726899743Z,"{""age"":""48"",""gender"":"""",""strength"":""Odd"",""fair"":""No"",""feedback"":""Don't block the question so you can't read it "",""education"":""master""}",2025-06-30T17:11:29.721596087Z,"[[95,155],[204,264]]",2025-06-30T17:05:40.219730611Z,01JZ0W7WHAXBN0H6GS7ZCJVTX8,2025-06-30T17:00:42.354116923Z,4,2025-06-30T17:01:06.188524326Z,true,2025-06-30T17:01:28.670139512Z,,,Player 4,2025-06-30T17:01:28.767000184Z,1,2025-06-30T17:06:53.223157286Z,false,2025-06-30T17:10:14.210964822Z,01JZ0WH9CZY17TPJZ7GHVRT2XW,2025-06-30T17:00:42.325413205Z,,,"{""networkStruct"":""pooled"",""playerCount"":4}",2025-06-30T17:00:42.354116923Z,"Pooled, Some Redundancy",2025-06-30T17:00:42.354116923Z,{},2025-06-30T17:00:42.54890949Z,TaskScreen,2025-06-30T17:06:57.087609382Z
01JZ0WQ1GGQC24CCT1YBMN3RRH,,,,,,,,,no more games,2025-06-30T18:50:45.705976616Z,,,,,,,null,2025-06-30T18:50:45.705976616Z,,,,,,,,,,,,,01JZ0WQ199FDRNS5GFR52ER1JX,2025-06-30T17:03:50.288593553Z,,,"{""networkStruct"":""pooled"",""playerCount"":4}",2025-06-30T17:03:50.302132746Z,"Pooled, Some Redundancy",2025-06-30T17:03:50.302132746Z,{},2025-06-30T17:03:50.419316309Z,,
01JZ0YNFF9ND6ER3KNY4S7ARQ1,true,2025-06-30T17:47:36.21860222Z,true,2025-06-30T17:47:28.06376592Z,1,2025-06-30T17:52:42.805476242Z,neighborhood_9,2025-06-30T17:52:42.80119375Z,game ended,2025-06-30T17:52:46.691233158Z,1,2025-06-30T17:53:20.953144389Z,"{""age"":""52"",""gender"":""Male"",""strength"":""I enjoyed it"",""fair"":""yes"",""feedback"":""nothing comes to mind at the moment"",""education"":""other""}",2025-06-30T17:53:20.948723647Z,"[[57,117],[167,227]]",2025-06-30T17:47:36.21860222Z,01JZ0YMB0R63S66YTFBNZZK4BM,2025-06-30T17:37:56.277389103Z,4,2025-06-30T17:39:11.588879186Z,true,2025-06-30T17:39:36.736911132Z,,,Player 1,2025-06-30T17:43:23.615690095Z,8,2025-06-30T17:52:41.156885573Z,false,2025-06-30T17:51:31.037389324Z,01JZ0YNEX9N38JWMCVTG127AKD,2025-06-30T17:37:56.201180131Z,AVERAGE PEOPLE,2025-06-30T17:47:36.21860222Z,"{""networkStruct"":""reciprocal"",""playerCount"":4}",2025-06-30T17:37:56.277389103Z,"Reciprocal, Some Redundancy",2025-06-30T17:37:56.277389103Z,{},2025-06-30T17:37:56.465905071Z,TaskScreen,2025-06-30T17:52:42.808850384Z
01JZ11FXMRNQNNMJF3636VJFGJ,true,2025-06-30T18:38:50.572737906Z,true,2025-06-30T18:38:50.262499273Z,1,2025-06-30T18:44:00.211615329Z,neighborhood_8,2025-06-30T18:44:00.200062701Z,game ended,2025-06-30T18:44:01.478473723Z,1,2025-06-30T18:44:44.028256346Z,"{""age"":""41"",""gender"":""Male"",""strength"":""It was fun, other. than the being out sick part."",""fair"":""Yes"",""feedback"":""No notes, it was fun."",""education"":""master""}",2025-06-30T18:44:44.01832611Z,"[[214,274],[36,96]]",2025-06-30T18:38:50.572737906Z,01JZ119YX2JRQ0Y08WK2G2K83K,2025-06-30T18:27:19.854638647Z,4,2025-06-30T18:28:27.341340773Z,true,2025-06-30T18:28:44.54254834Z,,,Player 1,2025-06-30T18:34:36.600899529Z,7,2025-06-30T18:43:57.591209172Z,false,2025-06-30T18:43:36.814432172Z,01JZ11FXC6XQ99XW0RFXAZG7A5,2025-06-30T18:27:19.832858848Z,AVERAGE PEOPLE,2025-06-30T18:38:50.572737906Z,"{""networkStruct"":""reciprocal"",""playerCount"":4}",2025-06-30T18:27:19.854638647Z,"Reciprocal, Some Redundancy",2025-06-30T18:27:19.854638647Z,{},2025-06-30T18:27:20.347496422Z,TaskScreen,2025-06-30T18:44:00.738543402Z
01JZ11T6JJ91GCJ0RFDG8MRSAF,true,2025-06-30T18:38:50.572737906Z,true,2025-06-30T18:38:42.817305967Z,null,2025-06-30T18:43:53.595645368Z,null,2025-06-30T18:43:53.604557812Z,game ended,2025-06-30T18:44:01.478473723Z,1,2025-06-30T18:44:48.943167414Z,"{""age"":""36"",""gender"":""Male"",""strength"":""It was simple but I enjoyed it"",""fair"":""It's hard to say"",""feedback"":""More time for communication"",""education"":""bachelor""}",2025-06-30T18:44:48.918487494Z,"[[125,185],[36,96]]",2025-06-30T18:38:50.572737906Z,01JZ119YX2JRQ0Y08WK2G2K83K,2025-06-30T18:32:56.685336006Z,4,2025-06-30T18:33:35.867141532Z,true,2025-06-30T18:33:43.729061388Z,,,Player 3,2025-06-30T18:34:36.600899529Z,14,2025-06-30T18:43:53.576207686Z,false,2025-06-30T18:42:08.222099681Z,01JZ11T609ZQRTHHZS5N025SWW,2025-06-30T18:32:56.658604249Z,CHILDREN'S COMMUTE DISTANCE,2025-06-30T18:38:50.572737906Z,"{""networkStruct"":""reciprocal"",""playerCount"":4}",2025-06-30T18:32:56.685336006Z,"Reciprocal, Some Redundancy",2025-06-30T18:32:56.685336006Z,{},2025-06-30T18:32:56.935870786Z,TaskQueue,2025-06-30T18:43:53.614705908Z
01JZ0WEP2R4MXEN3T8DV7MQJFC,true,2025-06-30T17:05:14.362764929Z,true,2025-06-30T17:05:08.92870429Z,null,2025-06-30T17:09:27.712889976Z,null,2025-06-30T17:09:27.704349819Z,game ended,2025-06-30T17:10:24.766109655Z,1,2025-06-30T17:11:04.910968735Z,"{""age"":""46"",""gender"":""female"",""strength"":""it was fun"",""fair"":""yes"",""feedback"":""less sickness! i was out twice!!"",""education"":""master""}",2025-06-30T17:11:04.896887204Z,"[[106,166],[168,228]]",2025-06-30T17:05:14.362764929Z,01JZ0W7WH953KKVSAQ2RB19JGS,2025-06-30T16:59:16.453471479Z,4,2025-06-30T17:00:22.486972723Z,true,2025-06-30T17:01:02.059641266Z,,,Player 4,2025-06-30T17:01:02.214039845Z,7,2025-06-30T17:09:27.71020082Z,false,2025-06-30T17:09:12.82067056Z,01JZ0WENQYKHANESD40K8ZERSM,2025-06-30T16:59:16.440370122Z,CHILDREN'S COMMUTE DISTANCE,2025-06-30T17:05:14.362764929Z,"{""networkStruct"":""reciprocal"",""playerCount"":4}",2025-06-30T16:59:16.453471479Z,"Reciprocal, Some Redundancy",2025-06-30T16:59:16.453471479Z,{},2025-06-30T16:59:16.63437841Z,TaskQueue,2025-06-30T17:09:27.716421641Z
01JZ0YSZNHQSEKK9EFAJTDAS66,true,2025-06-30T17:51:35.919627968Z,true,2025-06-30T17:51:30.993992383Z,2,2025-06-30T17:56:39.997727757Z,neighborhood_11,2025-06-30T17:56:40.001785662Z,game ended,2025-06-30T17:56:46.425046426Z,1,2025-06-30T17:57:13.955896036Z,"{""age"":""28"",""gender"":""femele"",""strength"":"""",""fair"":"""",""feedback"":"""",""education"":""master""}",2025-06-30T17:57:13.960360888Z,"[[105,165],[166,226]]",2025-06-30T17:51:35.919627968Z,01JZ0YMB0WF5ZW98DAK0M01JZW,2025-06-30T17:40:23.875140858Z,4,2025-06-30T17:43:01.724654474Z,true,2025-06-30T17:43:55.469452394Z,,,Player 2,2025-06-30T17:47:24.223982723Z,10,2025-06-30T17:56:38.443114354Z,false,2025-06-30T17:55:32.883494366Z,01JZ0YSZ8F3T58J7ADNTESKPRF,2025-06-30T17:40:23.857793038Z,MAXIMUM INCOME,2025-06-30T17:51:35.919627968Z,"{""networkStruct"":""reciprocal"",""playerCount"":4}",2025-06-30T17:40:23.875140858Z,"Reciprocal, Some Redundancy",2025-06-30T17:40:23.875140858Z,{},2025-06-30T17:40:24.082381669Z,TaskScreen,2025-06-30T17:56:39.992924058Z
01JZ125B3QHG2HSZ3DQ20DTRDX,true,2025-06-30T18:55:01.146089308Z,true,2025-06-30T18:54:52.691185136Z,,,neighborhood_6,2025-06-30T18:58:16.416671564Z,game ended,2025-06-30T19:00:12.821659964Z,1,2025-06-30T18:39:42.711067326Z,"{""age"":""47"",""gender"":""Female"",""strength"":""There was no game to play"",""fair"":""There were no teamates"",""feedback"":""It did not work"",""education"":""bachelor""}",2025-06-30T18:39:42.727786741Z,"[[71,131],[184,244]]",2025-06-30T18:55:01.146089308Z,01JZ12GR778SNDBX9EP3GGZZ51,2025-06-30T18:45:17.474978339Z,4,2025-06-30T18:48:40.651948557Z,true,2025-06-30T18:49:01.57165779Z,,,Player 1,2025-06-30T18:50:46.145732879Z,2,2025-06-30T18:58:15.085840649Z,false,2025-06-30T18:59:22.013477472Z,01JZ125AT8J9RJ7W15F1VXC05N,2025-06-30T18:39:01.751499366Z,,,"{""networkStruct"":""pooled"",""playerCount"":4}",2025-06-30T18:39:01.791262853Z,"Pooled, Some Redundancy",2025-06-30T18:39:01.791262853Z,{},2025-06-30T18:39:01.93273399Z,TaskScreen,2025-06-30T18:58:16.406737325Z
01JZ12JHAHK6M4WMQGC6QP15QC,true,2025-06-30T18:53:18.413438662Z,true,2025-06-30T18:53:12.495766294Z,null,2025-06-30T18:57:54.597892529Z,null,2025-06-30T18:57:54.586504105Z,game ended,2025-06-30T18:58:29.403335474Z,1,2025-06-30T18:59:02.606248785Z,"{""age"":""23"",""gender"":""Male"",""strength"":""Interessting"",""fair"":""Idk"",""feedback"":""More time"",""education"":""bachelor""}",2025-06-30T18:59:02.59479024Z,"[[21,81],[193,253]]",2025-06-30T18:53:18.413438662Z,01JZ12GR6N6DKV4APDKNYMT7NT,2025-06-30T18:46:14.126172381Z,4,2025-06-30T18:46:45.155883561Z,true,2025-06-30T18:47:05.061361847Z,,,Player 1,2025-06-30T18:49:05.224450801Z,15,2025-06-30T18:57:54.571743076Z,false,2025-06-30T18:57:42.318121872Z,01JZ12JGHSHDS9K8W471CYS1NJ,2025-06-30T18:46:14.097577246Z,AVERAGE PEOPLE,2025-06-30T18:53:18.413438662Z,"{""networkStruct"":""reciprocal"",""playerCount"":3}",2025-06-30T18:46:14.126172381Z,"Reciprocal, No Redundancy",2025-06-30T18:46:14.126172381Z,{},2025-06-30T18:46:14.437490937Z,TaskQueue,2025-06-30T18:57:54.613488875Z
