id,batchID,batchIDLastChangedAt,gameID,gameIDLastChangedAt,playerID,playerIDLastChangedAt,roundID,roundIDLastChangedAt,stageID,stageIDLastChangedAt
01JZ0FXANK3SFSSKJ490WTXXW8,01JZ0F67X5J6SBR3095JZ2KKHQ,2025-06-30T13:20:04.787419717Z,01JZ0F67Z49S75BR56TBMFCZ55,2025-06-30T13:20:04.787419717Z,01JZ0FFQFYN84KEVXA2V476V6H,2025-06-30T13:20:04.787419717Z,01JZ0FQRVP5GMFQVC581G5X73Z,2025-06-30T13:20:04.787419717Z,01JZ0FQRYE5D08GHPGRQ7F9MSZ,2025-06-30T13:20:04.787419717Z
01JZ0RM9W8RKV4A3CDK7JNG98V,01JZ0R44WS56B1WD5354KYAZ6V,2025-06-30T15:52:26.248779537Z,01JZ0R44ZAP7PYVAMQ60PRQDRH,2025-06-30T15:52:26.248779537Z,01JZ0R7SM9A3MD6J7CWH0BFG4D,2025-06-30T15:52:26.248779537Z,01JZ0RJBMJ9DTWHHQXZG22T28N,2025-06-30T15:52:26.248779537Z,01JZ0RJBTGKVRT2T41FBBSQA00,2025-06-30T15:52:26.248779537Z
01JZ0SQ6YRBW2B96NMKTKGTN4B,01JZ0S9G3E1V9Y4W1M8GV3AGA9,2025-06-30T16:11:30.136762204Z,01JZ0S9G69Y1BMBR3KZBCDH0XZ,2025-06-30T16:11:30.136762204Z,01JZ0SJJTJT1R8CXNS1AZ1Y0R9,2025-06-30T16:11:30.136762204Z,01JZ0SN4RKR0FK21YDZFG99ED0,2025-06-30T16:11:30.136762204Z,01JZ0SN5AP1JHK5HQF6BX6GR4C,2025-06-30T16:11:30.136762204Z
01JZ0FSXKWP0RHCG91PQPHDBT8,01JZ0F67X5J6SBR3095JZ2KKHQ,2025-06-30T13:18:13.116293721Z,01JZ0F67Z228X9RHKVM8F1277D,2025-06-30T13:18:13.116293721Z,01JZ0FBGYJV6XECY8PBES7705P,2025-06-30T13:18:13.116293721Z,01JZ0FJ6PPRQHQXM29K4MXDKK9,2025-06-30T13:18:13.116293721Z,01JZ0FJ6VNCMHN20WKFYSF8WFV,2025-06-30T13:18:13.116293721Z
01JZ0MH9BW1HTTNZ6ZQNCDYSK1,01JZ0KZHFC2GEC175ZSKVHYGR2,2025-06-30T14:40:53.116382516Z,01JZ0KZHGXZ28TMC40NC90GVYX,2025-06-30T14:40:53.116382516Z,01JZ0M5MW3G4T4PP7E53EJSCT4,2025-06-30T14:40:53.116382516Z,01JZ0M9WTTT9DEYBSAD67CY8SA,2025-06-30T14:40:53.116382516Z,01JZ0M9WYGGVQBSVN4AKNKZMG5,2025-06-30T14:40:53.116382516Z
01JZ0MMD79YWX2JR8MDRE8MA9Y,01JZ0KZHFC2GEC175ZSKVHYGR2,2025-06-30T14:42:35.369177897Z,01JZ0KZHHC2JQ9380R79DSYF93,2025-06-30T14:42:35.369177897Z,01JZ0M77CJKQQW7ZQ7XMJWJS44,2025-06-30T14:42:35.369177897Z,01JZ0MGP26NJJGJCWPQGW8F3YX,2025-06-30T14:42:35.369177897Z,01JZ0MGP52H1KJ31M2K04FHCQX,2025-06-30T14:42:35.369177897Z
01JZ0MR2X20NTNKE8Z2EMW9E6B,01JZ0KZHFC2GEC175ZSKVHYGR2,2025-06-30T14:44:35.874689621Z,01JZ0KZHHC2JQ9380R79DSYF93,2025-06-30T14:44:35.874689621Z,01JZ0M77CJKQQW7ZQ7XMJWJS44,2025-06-30T14:44:35.874689621Z,01JZ0MGP1VZQXX9BG0C972GBVY,2025-06-30T14:44:35.874689621Z,01JZ0MGP718208Z55D0FQC9NYH,2025-06-30T14:44:35.874689621Z
01JZ0FPT7364VXZY4SF7ZGQDZD,01JZ0F67X5J6SBR3095JZ2KKHQ,2025-06-30T13:16:31.331189993Z,01JZ0F67ZKKPGDC64ETWQZ69WV,2025-06-30T13:16:31.331189993Z,01JZ0FC3BQ9GCC6QG6CDGGD2W7,2025-06-30T13:16:31.331189993Z,01JZ0FFEADDJT61Y5D8348YXND,2025-06-30T13:16:31.331189993Z,01JZ0FFED9BC1QZNJVTEXT68RC,2025-06-30T13:16:31.331189993Z
01JZ0HFVZM99XDCZXFSS72C541,01JZ0H1K4AG17CS34Z9G9MQYDS,2025-06-30T13:47:40.916456873Z,01JZ0H1K7FV78W73P31JXQYTKA,2025-06-30T13:47:40.916456873Z,01JZ0H3TRTXRSVBAX9EY6PPX29,2025-06-30T13:47:40.916456873Z,01JZ0HC59VR7BR28QM5T4X3DVY,2025-06-30T13:47:40.916456873Z,01JZ0HC5BY2NPPQCBDJH37PCY4,2025-06-30T13:47:40.916456873Z
01JZ0HGANYRQ3ETYAQ5ZXG4DZC,01JZ0H1K4AG17CS34Z9G9MQYDS,2025-06-30T13:47:55.966219205Z,01JZ0H1K6THHEJQ855QF7WP6P1,2025-06-30T13:47:55.966219205Z,01JZ0H3CNXXCY16G7HRC2VAP66,2025-06-30T13:47:55.966219205Z,01JZ0H8M6XRZ0TTB98P0CV98DA,2025-06-30T13:47:55.966219205Z,01JZ0H8MARTCGQBSSZP5KMYV5T,2025-06-30T13:47:55.966219205Z
01JZ0HJ53FMW64NQ9ZG1SNAFA3,01JZ0H1K4AG17CS34Z9G9MQYDS,2025-06-30T13:48:55.791696121Z,01JZ0H1K7A7HBJ5WZC7T99GVBX,2025-06-30T13:48:55.791696121Z,01JZ0H9XDVSFP2KP78SR78XFKD,2025-06-30T13:48:55.791696121Z,01JZ0HAECWF8GVS1BK6GSGGQXS,2025-06-30T13:48:55.791696121Z,01JZ0HAEJQ4P0QGSNMTF4711VK,2025-06-30T13:48:55.791696121Z
01JZ0HQRCF01XBT1S6Z2J76E7D,01JZ0H1K4AG17CS34Z9G9MQYDS,2025-06-30T13:51:59.3750747Z,01JZ0H1K6XDYNJQ07N0KM3P1VX,2025-06-30T13:51:59.3750747Z,01JZ0HBGF52K71HWK9APQ4JSS0,2025-06-30T13:51:59.3750747Z,01JZ0HJ6JG98XAP0W3RSSFXRZE,2025-06-30T13:51:59.3750747Z,01JZ0HJ6QRK76V4Q94XSRCGS89,2025-06-30T13:51:59.3750747Z
01JZ0MED091WWDWYRTNRGG3HNK,01JZ0KZHFC2GEC175ZSKVHYGR2,2025-06-30T14:39:18.537665482Z,01JZ0KZHGK1V8ZC0AXDBXBYAX9,2025-06-30T14:39:18.537665482Z,01JZ0M54SWH9FMND8G8ZRJ8E3A,2025-06-30T14:39:18.537665482Z,01JZ0M8V6QTQ2XMY7H3K1D6P3H,2025-06-30T14:39:18.537665482Z,01JZ0M8V9V4RFKNG1ZYBDF5NW8,2025-06-30T14:39:18.537665482Z
01JZ0QK4YX8Z9PZCBCPZZTPGMM,01JZ0Q0CTMMAVY329HW6Z84SYY,2025-06-30T15:34:19.869144636Z,01JZ0Q0CX32Y5M8NZMVY0C598C,2025-06-30T15:34:19.869144636Z,01JZ0QCV193MBKKSGA9DDJJBJY,2025-06-30T15:34:19.869144636Z,01JZ0QDJJNPEJ5YZK89YN764ZV,2025-06-30T15:34:19.869144636Z,01JZ0QDJNPFM40F9X4P2AW9QRA,2025-06-30T15:34:19.869144636Z
01JZ0RPKAZB2G56A9ACR5YMYB1,01JZ0R44WS56B1WD5354KYAZ6V,2025-06-30T15:53:41.471669008Z,01JZ0R44ZYB02HBRR2X1W771BR,2025-06-30T15:53:41.471669008Z,01JZ0R6453JERWFMFDN54N72WF,2025-06-30T15:53:41.471669008Z,01JZ0RGZ3DKRXN7JFMF7ZYJ17Q,2025-06-30T15:53:41.471669008Z,01JZ0RGZCJ387YHVR398A6EPWM,2025-06-30T15:53:41.471669008Z
01JZ0HCAE7TQVMJ013CF47FVG8,01JZ0H1K4AG17CS34Z9G9MQYDS,2025-06-30T13:45:44.650441538Z,01JZ0H1K7A7HBJ5WZC7T99GVBX,2025-06-30T13:45:44.650441538Z,01JZ0H9XDVSFP2KP78SR78XFKD,2025-06-30T13:45:44.650441538Z,01JZ0HAECPB75NSKW408592PHJ,2025-06-30T13:45:44.650441538Z,01JZ0HAEGHN57EQQXTHRM3E07Z,2025-06-30T13:45:44.650441538Z
01JZ0VGWTAFS28Y1D7VP6DSZ5B,01JZ0TXM4HA3Q8P6D6TPYYS7R3,2025-06-30T16:43:00.29843575Z,01JZ0TXMAAZJ4VJWA2WTVHG174,2025-06-30T16:43:00.29843575Z,01JZ0V4NRB59966MX97R2AYRHH,2025-06-30T16:43:00.29843575Z,01JZ0V8M57A2HTCNB7GGX82M4H,2025-06-30T16:43:00.29843575Z,01JZ0V8MQ9HA62RH1TJ2H2Z72K,2025-06-30T16:43:00.29843575Z
01JZ0K3PD0HPYT1HVFJ7JJ77H6,01JZ0JJRG62BDVPN4H0KJ2XPWK,2025-06-30T14:15:59.136674872Z,01JZ0JJRKVJXBJGVYTJ6TBMBFM,2025-06-30T14:15:59.136674872Z,01JZ0JN4F2114ZS0WES1BTCGSF,2025-06-30T14:15:59.136674872Z,01JZ0JW9GBP7GXSXKT2NGJ71C3,2025-06-30T14:15:59.136674872Z,01JZ0JW9MBD5NYGFTH764N0KK2,2025-06-30T14:15:59.136674872Z
01JZ0MJ5FB3J2F7Y6WNT3Y5FJZ,01JZ0KZHFC2GEC175ZSKVHYGR2,2025-06-30T14:41:21.899483499Z,01JZ0KZHH6W8XDVC696R9C92DG,2025-06-30T14:41:21.899483499Z,01JZ0M76DS1TB5AKS0JTGGKM42,2025-06-30T14:41:21.899483499Z,01JZ0MCKBEDXBCTH25HMPCZETY,2025-06-30T14:41:21.899483499Z,01JZ0MCKE44Q59B1909WN6GQV8,2025-06-30T14:41:21.899483499Z
01JZ0NWR87XFT6Z3MVMW6YQ9K3,01JZ0N9PMZHSN31DAQRPMDQCYE,2025-06-30T15:04:37.38339344Z,01JZ0N9PPX2EBNCBEJCH5EHX43,2025-06-30T15:04:37.38339344Z,01JZ0NEK75CC9CPVP2CHZ4QJ84,2025-06-30T15:04:37.38339344Z,01JZ0NQ6AS26ETG3TZPNN36FTM,2025-06-30T15:04:37.38339344Z,01JZ0NQ6DTMPVHS1CNXFSFA3WG,2025-06-30T15:04:37.38339344Z
01JZ0NYKF7DPADT1HGM4E05PG8,01JZ0N9PMZHSN31DAQRPMDQCYE,2025-06-30T15:05:38.023909053Z,01JZ0N9PPX2EBNCBEJCH5EHX43,2025-06-30T15:05:38.023909053Z,01JZ0NJBCS4P2NZWJAE050ZWVP,2025-06-30T15:05:38.023909053Z,01JZ0NQ6B22RCM4EYA025ZVKZE,2025-06-30T15:05:38.023909053Z,01JZ0NQ6EQGXAFCAJ3XWJM67Y7,2025-06-30T15:05:38.023909053Z
01JZ0PCBVH1PW1FJ3KWFBTBD4D,01JZ0NSN7EKS122Z238A4PF66D,2025-06-30T15:13:08.977735891Z,01JZ0NSNC1W3B8HBKV7A156B13,2025-06-30T15:13:08.977735891Z,01JZ0NZ4J2HB6T107AP4J98YF9,2025-06-30T15:13:08.977735891Z,01JZ0P49DXHNBVFYTYSBHGV2EW,2025-06-30T15:13:08.977735891Z,01JZ0P49ZFWQ1FQ6RF2WGSDWVN,2025-06-30T15:13:08.977735891Z
01JZ0PVVZB8PY859HK7KBRNRA2,01JZ0PDFE8X2A24VZSJDD0T2BH,2025-06-30T15:21:37.003985267Z,01JZ0PDFFH0EDR9F9CYFN0TQY3,2025-06-30T15:21:37.003985267Z,01JZ0PF2V4RTPDWDRQG4CJRS6D,2025-06-30T15:21:37.003985267Z,01JZ0PVRG7Q9XH6WS9RGNQ3YX6,2025-06-30T15:21:37.003985267Z,01JZ0PVRP77E3NV7NX1BVSV22X,2025-06-30T15:21:37.003985267Z
01JZ0Q1CX4KSJH4TZ7K4HFJR3X,01JZ0PDFE8X2A24VZSJDD0T2BH,2025-06-30T15:24:38.180391365Z,01JZ0PDFFH0EDR9F9CYFN0TQY3,2025-06-30T15:24:38.180391365Z,01JZ0PQG0QD2E50TEZE8KJC3TY,2025-06-30T15:24:38.180391365Z,01JZ0PVRKCVAZGVD5GK5DEWP0E,2025-06-30T15:24:38.180391365Z,01JZ0PVRV8VQ6JWJ93GT9BV6F7,2025-06-30T15:24:38.180391365Z
01JZ0HM09VTBR5H719GZYBYDTQ,01JZ0H1K4AG17CS34Z9G9MQYDS,2025-06-30T13:49:56.411421985Z,01JZ0H1K72P9WWMQFG7ACVRNHM,2025-06-30T13:49:56.411421985Z,01JZ0H8JNVPGAV40Z6TWKS3PH3,2025-06-30T13:49:56.411421985Z,01JZ0HKZ3D61ECPKE25B0BSXEN,2025-06-30T13:49:56.411421985Z,01JZ0HKZ3TGA8Z5WQDDTNEW16T,2025-06-30T13:49:56.411421985Z
01JZ0VAMFCG44AGGGMBE9MZHAJ,01JZ0TXM4HA3Q8P6D6TPYYS7R3,2025-06-30T16:39:35.148116231Z,01JZ0TXMAAZJ4VJWA2WTVHG174,2025-06-30T16:39:35.148116231Z,01JZ0TZ9J5J0A4G7Q03RBYFE9P,2025-06-30T16:39:35.148116231Z,01JZ0V8M85MMPYBMHW7JFE9Q9Z,2025-06-30T16:39:35.148116231Z,01JZ0V8MD6DTYSKTYN8RG4TKC4,2025-06-30T16:39:35.148116231Z
01JZ0V92Y91C91D709DCZ8FS70,01JZ0TXM4HA3Q8P6D6TPYYS7R3,2025-06-30T16:38:44.425228021Z,01JZ0TXM7C18DJWS688K2WH576,2025-06-30T16:38:44.425228021Z,01JZ0TZYZXZDYD29K8ANGZ398R,2025-06-30T16:38:44.425228021Z,01JZ0V8ZPY044NTMZW4ZXBD0TN,2025-06-30T16:38:44.425228021Z,01JZ0V8ZX0W3VYTA2SDFYF9AQ0,2025-06-30T16:38:44.425228021Z
01JZ0FPFH7F7GHHRS42XCA1MX0,01JZ0F67X5J6SBR3095JZ2KKHQ,2025-06-30T13:16:20.395929066Z,01JZ0F6805RKXP4JKMN5N89R8W,2025-06-30T13:16:20.395929066Z,01JZ0FBK3D0FB3G5QDK7X1X7G7,2025-06-30T13:16:20.395929066Z,01JZ0FEFHSBSB637K552GM7TFY,2025-06-30T13:16:20.395929066Z,01JZ0FEFN867QSVHM6W73CG8WZ,2025-06-30T13:16:20.395929066Z
01JZ0FQSQM2MHWJN8N9YKFBKSY,01JZ0F67X5J6SBR3095JZ2KKHQ,2025-06-30T13:17:03.604327077Z,01JZ0F67Z49S75BR56TBMFCZ55,2025-06-30T13:17:03.604327077Z,01JZ0FFGTFMV7PJRGYB0RPYNEQ,2025-06-30T13:17:03.604327077Z,01JZ0FQRV86T3D357C7FEC28TG,2025-06-30T13:17:03.604327077Z,01JZ0FQRWSXTWWYSZYJ33CE0NE,2025-06-30T13:17:03.604327077Z
01JZ0MBRXG2YWP0H8YV71C2K2Z,01JZ0KZHFC2GEC175ZSKVHYGR2,2025-06-30T14:37:52.432764781Z,01JZ0KZHGXZ28TMC40NC90GVYX,2025-06-30T14:37:52.432764781Z,01JZ0M3P9VKZ1RS5GDCN0TA36R,2025-06-30T14:37:52.432764781Z,01JZ0M9WSQ9DM8WT39RMXP13EB,2025-06-30T14:37:52.432764781Z,01JZ0M9WX0K0A5Z0K704BC9JDE,2025-06-30T14:37:52.432764781Z
01JZ0MG838DJ566ZKCYJQ29PX7,01JZ0KZHFC2GEC175ZSKVHYGR2,2025-06-30T14:40:19.048973949Z,01JZ0KZHGK1V8ZC0AXDBXBYAX9,2025-06-30T14:40:19.048973949Z,01JZ0M27NCTFHR6EHR14Y9BMJS,2025-06-30T14:40:19.048973949Z,01JZ0M8V6YAB67PHM4KR0DAV8P,2025-06-30T14:40:19.048973949Z,01JZ0M8VAT1MQG3ZAVCKXSZQHW,2025-06-30T14:40:19.048973949Z
01JZ0FMZB12248GN1D4APAKWER,01JZ0F67X5J6SBR3095JZ2KKHQ,2025-06-30T13:15:31.041365786Z,01JZ0F67ZKKPGDC64ETWQZ69WV,2025-06-30T13:15:31.041365786Z,01JZ0FBY93DWZC8869QS2ZXNMA,2025-06-30T13:15:31.041365786Z,01JZ0FFEABFZ5CT87GW8737MVN,2025-06-30T13:15:31.041365786Z,01JZ0FFECEHWCZXBE0NC4VHJ7J,2025-06-30T13:15:31.041365786Z
01JZ0R1PGS6YM5FTG98ZXKKNR3,01JZ0QGE33ZWYV7A3256FYEZA6,2025-06-30T15:42:16.601740668Z,01JZ0QGE4MQBM7ZJEFVQMWJX02,2025-06-30T15:42:16.601740668Z,01JZ0QJ5V3C61DQXW1GQ026AYD,2025-06-30T15:42:16.601740668Z,01JZ0QT8DPXJ05M7TDP99CPQ9M,2025-06-30T15:42:16.601740668Z,01JZ0QT8M1XD60YRTB64RNM57M,2025-06-30T15:42:16.601740668Z
01JZ0QHA3EFA3BZ7JWN0671TB5,01JZ0Q0CTMMAVY329HW6Z84SYY,2025-06-30T15:33:19.598431847Z,01JZ0Q0CX32Y5M8NZMVY0C598C,2025-06-30T15:33:19.598431847Z,01JZ0QBZWYQ3QPQ15CPJ83RQEA,2025-06-30T15:33:19.598431847Z,01JZ0QDJJNPEJ5YZK89YN764ZV,2025-06-30T15:33:19.598431847Z,01JZ0QDJN85VE5YS328ZYC3884,2025-06-30T15:33:19.598431847Z
01JZ0RS43Z503RMC2BF0N92B5K,01JZ0R44WS56B1WD5354KYAZ6V,2025-06-30T15:55:04.191984466Z,01JZ0R44ZYB02HBRR2X1W771BR,2025-06-30T15:55:04.191984466Z,01JZ0R6453JERWFMFDN54N72WF,2025-06-30T15:55:04.191984466Z,01JZ0RGZ593SRSST6FTS4WNPMA,2025-06-30T15:55:04.191984466Z,01JZ0RGZKN03ERPSP31WJB53CE,2025-06-30T15:55:04.191984466Z
01JZ0STX5TWJ7YWS651WJEGWNJ,01JZ0S9G3E1V9Y4W1M8GV3AGA9,2025-06-30T16:13:31.194724624Z,01JZ0S9G69Y1BMBR3KZBCDH0XZ,2025-06-30T16:13:31.194724624Z,01JZ0SAN7S16T6GKYDP9BE4Q9F,2025-06-30T16:13:31.194724624Z,01JZ0SN4RKR0FK21YDZFG99ED0,2025-06-30T16:13:31.194724624Z,01JZ0SN5E90BAA2BMM2FK61848,2025-06-30T16:13:31.194724624Z
01JZ0SW9386YDRVK56WMQTZA3E,01JZ0S9G3E1V9Y4W1M8GV3AGA9,2025-06-30T16:14:16.168534625Z,01JZ0S9GCCCNBKT0N3T9B2PH95,2025-06-30T16:14:16.168534625Z,01JZ0SP7TST5CACWCPNMPHCFPK,2025-06-30T16:14:16.168534625Z,01JZ0SRFZN1N49MKZCM7JQAT6Y,2025-06-30T16:14:16.168534625Z,01JZ0SRG7EH5WJQEQ9TMP2TMS5,2025-06-30T16:14:16.168534625Z
01JZ0FNM9W4WS8H4BE0EYH0FFA,01JZ0F67X5J6SBR3095JZ2KKHQ,2025-06-30T13:15:52.508782696Z,01JZ0F67ZGT4J2NC89JRSKF93F,2025-06-30T13:15:52.508782696Z,01JZ0FHE6P54F9Z4HQF75VYPYW,2025-06-30T13:15:52.508782696Z,01JZ0FHY0FF9TVSRZETCEYCTMP,2025-06-30T13:15:52.508782696Z,01JZ0FHY26ZXF3Q8Q4DD13TWPW,2025-06-30T13:15:52.508782696Z
01JZ0HHV0Z8RE7H7JS41DQ004A,01JZ0H1K4AG17CS34Z9G9MQYDS,2025-06-30T13:48:45.471125716Z,01JZ0H1K7A7HBJ5WZC7T99GVBX,2025-06-30T13:48:45.471125716Z,01JZ0FRASJYKEGEJZYSW2BXAXV,2025-06-30T13:48:45.471125716Z,01JZ0HAEDCY4MJZ348YK1C296X,2025-06-30T13:48:45.471125716Z,01JZ0HAEHYKM1FK91S59J25Q90,2025-06-30T13:48:45.471125716Z
01JZ0KAAZHKXADCPR6V12M8F14,01JZ0JJRG62BDVPN4H0KJ2XPWK,2025-06-30T14:19:36.817865435Z,01JZ0JJRMFBKARHHQY8ZXKDX2Q,2025-06-30T14:19:36.817865435Z,01JZ0JQQMSRZZJ1P2ESVX6GNQJ,2025-06-30T14:19:36.817865435Z,01JZ0K2YFKRZDX3EB8BK93DHFN,2025-06-30T14:19:36.817865435Z,01JZ0K2YJW2ASK3NEY5QH4V9CT,2025-06-30T14:19:36.817865435Z
01JZ0PG0JBT83SJT7JA3PPZPF3,01JZ0NSN7EKS122Z238A4PF66D,2025-06-30T15:15:08.491570012Z,01JZ0NSNACQB6FV8GE0XS7JKF9,2025-06-30T15:15:08.491570012Z,01JZ0P2VRWVMWZZ8N9Z8Y5JQ15,2025-06-30T15:15:08.491570012Z,01JZ0P7YP7SFT6YST1RXA150KJ,2025-06-30T15:15:08.491570012Z,01JZ0P7YWKC5S0E0Z41QN5DB90,2025-06-30T15:15:08.491570012Z
01JZ0RK6VSA3PWXTZY20MQF55B,01JZ0R44WS56B1WD5354KYAZ6V,2025-06-30T15:51:50.394028145Z,01JZ0R44YD4TQ1QQVW9H1W0WBF,2025-06-30T15:51:50.394028145Z,01JZ0R6J718YBTR7YEHTBTQQK5,2025-06-30T15:51:50.394028145Z,01JZ0RDJ2QCC6HCJTXVC1C06TR,2025-06-30T15:51:50.394028145Z,01JZ0RDJN6N4JX59VYMCWSBW7H,2025-06-30T15:51:50.394028145Z
01JZ0RQ78QFYX6BXSNBWQRG5D8,01JZ0R44WS56B1WD5354KYAZ6V,2025-06-30T15:54:01.879602886Z,01JZ0R450A0M8Q4QC968ZVRS9H,2025-06-30T15:54:01.879602886Z,01JZ0R9QCHAWV30C13DYNCKKAJ,2025-06-30T15:54:01.879602886Z,01JZ0RFNWNPKRGC6SYS05MJ0WV,2025-06-30T15:54:01.879602886Z,01JZ0RFPBSM50DGW45KGPJPB79,2025-06-30T15:54:01.879602886Z
01JZ0FWX4KHJX2HE50QK87PNP1,01JZ0F67X5J6SBR3095JZ2KKHQ,2025-06-30T13:19:50.931086494Z,01JZ0F67ZBCBNFH7W25EXNBXDS,2025-06-30T13:19:50.931086494Z,01JZ0FBD0TN42Y2KGV31RR9FES,2025-06-30T13:19:50.931086494Z,01JZ0FMTGGV6JJAQHDVZPDJM1T,2025-06-30T13:19:50.931086494Z,01JZ0FMTMGGWPAX1Y51FWG6J6S,2025-06-30T13:19:50.931086494Z
01JZ0HFQ9QKE4V902VBJPKVSZK,01JZ0H1K4AG17CS34Z9G9MQYDS,2025-06-30T13:47:36.119062426Z,01JZ0H1K7C3FKHJS5GP9RE7N8D,2025-06-30T13:47:36.119062426Z,01JZ0FCPQMY08ZRWSN7GNNGJQ7,2025-06-30T13:47:36.119062426Z,01JZ0HA59FS77DYF0M07SAVR93,2025-06-30T13:47:36.119062426Z,01JZ0HA5DG3P3GKEND233XW4P0,2025-06-30T13:47:36.119062426Z
01JZ0NYXPAME5Q2X46DSBFPFT7,01JZ0N9PMZHSN31DAQRPMDQCYE,2025-06-30T15:05:48.490533058Z,01JZ0N9PPX2EBNCBEJCH5EHX43,2025-06-30T15:05:48.490533058Z,01JZ0NG12FZE181X2TCG6QQA6Y,2025-06-30T15:05:48.490533058Z,01JZ0NQ6BBMA57K449HYD6QCJF,2025-06-30T15:05:48.490533058Z,01JZ0NQ6FPR11DBQFT612VEGYJ,2025-06-30T15:05:48.490533058Z
01JZ0FQHES3DN4H4XFC6A9VKZC,01JZ0F67X5J6SBR3095JZ2KKHQ,2025-06-30T13:16:55.129521873Z,01JZ0F67ZFPZEHV6BKFXQYDXZZ,2025-06-30T13:16:55.129521873Z,01JZ0FBJ9NFFKS2CKGHWFB4VM8,2025-06-30T13:16:55.129521873Z,01JZ0FG2SD3EGXTWS7DEQHS433,2025-06-30T13:16:55.129521873Z,01JZ0FG2YZPED3HYBNBF60BYJD,2025-06-30T13:16:55.129521873Z
01JZ0FVKDJ92Q3NVJ44H3BKEE9,01JZ0F67X5J6SBR3095JZ2KKHQ,2025-06-30T13:19:08.210771321Z,01JZ0F67ZC5C7QZPK5TEQ23RT2,2025-06-30T13:19:08.210771321Z,01JZ0FBW1M5PKMMEKBNN3362X7,2025-06-30T13:19:08.210771321Z,01JZ0FSQ51351EYGBSHM59PBYH,2025-06-30T13:19:08.210771321Z,01JZ0FSQ7KV83BDG9MWWDFWGTJ,2025-06-30T13:19:08.210771321Z
01JZ0K342EMQQ9E9DRSXW5DYSE,01JZ0JJRG62BDVPN4H0KJ2XPWK,2025-06-30T14:15:40.366514138Z,01JZ0JJRKH7XD764W2MEEG7PFH,2025-06-30T14:15:40.366514138Z,01JZ0JQ6ANMHGHRRYJ704S1ZBR,2025-06-30T14:15:40.366514138Z,01JZ0JZD8STSHTGJ2FBE9QM7PE,2025-06-30T14:15:40.366514138Z,01JZ0JZDAWP1RCEJZFJTSQHKND,2025-06-30T14:15:40.366514138Z
01JZ0NYKGSXWGPFXWBVZC0A2C1,01JZ0N9PMZHSN31DAQRPMDQCYE,2025-06-30T15:05:38.073706389Z,01JZ0N9PPX2EBNCBEJCH5EHX43,2025-06-30T15:05:38.073706389Z,01JZ0NG12FZE181X2TCG6QQA6Y,2025-06-30T15:05:38.073706389Z,01JZ0NQ6B22RCM4EYA025ZVKZE,2025-06-30T15:05:38.073706389Z,01JZ0NQ6EQGXAFCAJ3XWJM67Y7,2025-06-30T15:05:38.073706389Z
01JZ0RJEKYE12T1D1CQM4GP0YJ,01JZ0R44WS56B1WD5354KYAZ6V,2025-06-30T15:51:25.566383495Z,01JZ0R44ZAP7PYVAMQ60PRQDRH,2025-06-30T15:51:25.566383495Z,01JZ0RFSGVV4CF4HS12XY9QNMR,2025-06-30T15:51:25.566383495Z,01JZ0RJBJJD277J3G3HQ49QDSN,2025-06-30T15:51:25.566383495Z,01JZ0RJBR5BN0F46D7MGGRRHZE,2025-06-30T15:51:25.566383495Z
01JZ0TB7FHX5D4YBFWT92NJ03A,01JZ0S9G3E1V9Y4W1M8GV3AGA9,2025-06-30T16:22:26.033659077Z,01JZ0S9G8MSQJNW9QDDX82T8EZ,2025-06-30T16:22:26.033659077Z,01JZ0STMYP8TJX1DM87QADCSSE,2025-06-30T16:22:26.033659077Z,01JZ0T2ZBBK5N03NFCZRN4R3GR,2025-06-30T16:22:26.033659077Z,01JZ0T2ZSED3J1H4QV6YETH1VM,2025-06-30T16:22:26.033659077Z
01JZ0TRFBG89MVCP4SZ468HRZ9,01JZ0T594M7DT83RJMYEJDT186,2025-06-30T16:29:40.080659101Z,01JZ0T59780CP4Z1F2CEHFDNAC,2025-06-30T16:29:40.080659101Z,01JZ0TAKDPN96JCWTMZ8BD4TJ5,2025-06-30T16:29:40.080659101Z,01JZ0TGXBQRYKR99NPGW0FQKYD,2025-06-30T16:29:40.080659101Z,01JZ0TGXNT7B9NJ6FS9VB0NWWY,2025-06-30T16:29:40.080659101Z
01JZ0FQNR29KFR8YSCPG12PTQ1,01JZ0F67X5J6SBR3095JZ2KKHQ,2025-06-30T13:16:59.522150809Z,01JZ0F67ZPF4121D8VQV580KT1,2025-06-30T13:16:59.522150809Z,01JZ0FAQ3J9KGVWM3HXCFYRT1K,2025-06-30T13:16:59.522150809Z,01JZ0FG9XBQAYQZBJ6CQQ423B0,2025-06-30T13:16:59.522150809Z,01JZ0FG9ZK1PD515ASG48E218C,2025-06-30T13:16:59.522150809Z
01JZ0FX1EVWK5XZZS9R59QHXDA,01JZ0F67X5J6SBR3095JZ2KKHQ,2025-06-30T13:19:55.35532352Z,01JZ0F67Z9QH00F8GAXY086HB5,2025-06-30T13:19:55.35532352Z,01JZ0FD79YGYA2VDDBD6504FRR,2025-06-30T13:19:55.35532352Z,01JZ0FNMH15E37EP3N80EBJ48P,2025-06-30T13:19:55.35532352Z,01JZ0FNMPSH9P0DAHTKX2G6Q21,2025-06-30T13:19:55.35532352Z
01JZ0FXNVJJ8JH9Q1HMVJPW92W,01JZ0F67X5J6SBR3095JZ2KKHQ,2025-06-30T13:20:16.242550945Z,01JZ0F67Z9QH00F8GAXY086HB5,2025-06-30T13:20:16.242550945Z,01JZ0FJ2J3KAWY8R383XNHY1BP,2025-06-30T13:20:16.242550945Z,01JZ0FNMGEWN0TYT8CB4N2HGW2,2025-06-30T13:20:16.242550945Z,01JZ0FNMS7C5RK3GDVW8YVXRV9,2025-06-30T13:20:16.242550945Z
01JZ0HDWJDVYATJW2PJR7ZV4G7,01JZ0H1K4AG17CS34Z9G9MQYDS,2025-06-30T13:46:35.981744397Z,01JZ0H1K7C3FKHJS5GP9RE7N8D,2025-06-30T13:46:35.981744397Z,01JZ0H4BNVJDAKGEAV3D5Z23CC,2025-06-30T13:46:35.981744397Z,01JZ0HA59FS77DYF0M07SAVR93,2025-06-30T13:46:35.981744397Z,01JZ0HA5D7T746XNRX43WP2G95,2025-06-30T13:46:35.981744397Z
01JZ0HHPSY46KR7VG7J07J23HB,01JZ0H1K4AG17CS34Z9G9MQYDS,2025-06-30T13:48:41.150923442Z,01JZ0H1K7FV78W73P31JXQYTKA,2025-06-30T13:48:41.150923442Z,01JZ0H8Y1HSR83Q5C08BNXNQBS,2025-06-30T13:48:41.150923442Z,01JZ0HC59VR7BR28QM5T4X3DVY,2025-06-30T13:48:41.150923442Z,01JZ0HC5C8Z4D5Q4V1J8086SSP,2025-06-30T13:48:41.150923442Z
01JZ0K199W4HJ3ZCHX5C3T9YZV,01JZ0JJRG62BDVPN4H0KJ2XPWK,2025-06-30T14:14:40.188189077Z,01JZ0JJRKH7XD764W2MEEG7PFH,2025-06-30T14:14:40.188189077Z,01JZ0JRQKJWMM7DD21YR6CR4TA,2025-06-30T14:14:40.188189077Z,01JZ0JZD8STSHTGJ2FBE9QM7PE,2025-06-30T14:14:40.188189077Z,01JZ0JZDAMA51BAHNH2TER6XXD,2025-06-30T14:14:40.188189077Z
01JZ0MFEFCSN9MXZ5TSVC502Z0,01JZ0KZHFC2GEC175ZSKVHYGR2,2025-06-30T14:39:52.81208416Z,01JZ0KZHGXZ28TMC40NC90GVYX,2025-06-30T14:39:52.81208416Z,01JZ0M5MW3G4T4PP7E53EJSCT4,2025-06-30T14:39:52.81208416Z,01JZ0M9WSQ9DM8WT39RMXP13EB,2025-06-30T14:39:52.81208416Z,01JZ0M9WXFR1P2FGPYN4BYN34C,2025-06-30T14:39:52.81208416Z
01JZ0FS7S500EBX4GG030MKCPS,01JZ0F67X5J6SBR3095JZ2KKHQ,2025-06-30T13:17:50.757123255Z,01JZ0F67ZNGQ7M2D3G3M0R8ZTD,2025-06-30T13:17:50.757123255Z,01JZ0FF2AESZYBEQBJZKV45YWJ,2025-06-30T13:17:50.757123255Z,01JZ0FNH5C6Q73NCV3H5ND8BSP,2025-06-30T13:17:50.757123255Z,01JZ0FNH7NMFCTJSS0N9P30NJW,2025-06-30T13:17:50.757123255Z
01JZ0HGDFQWB61ZT892NK43TGS,01JZ0H1K4AG17CS34Z9G9MQYDS,2025-06-30T13:47:58.839700016Z,01JZ0H1K7HVYD71R3W6V80C6V1,2025-06-30T13:47:58.839700016Z,01JZ0H5AXYRKCCAM24KW8RVMWP,2025-06-30T13:47:58.839700016Z,01JZ0HAVS54E0S6EA1VSCPJE2W,2025-06-30T13:47:58.839700016Z,01JZ0HAVVM0BY2RF8T835AFZ86,2025-06-30T13:47:58.839700016Z
01JZ0HSXX5F62PCQFBDN94B3PZ,01JZ0H1K4AG17CS34Z9G9MQYDS,2025-06-30T13:53:10.565127543Z,01JZ0H1K6XDYNJQ07N0KM3P1VX,2025-06-30T13:53:10.565127543Z,01JZ0H3GSTCWHNYC00C4GV6RFB,2025-06-30T13:53:10.565127543Z,01JZ0HJ6JRFPNPRPH421VX8DFC,2025-06-30T13:53:10.565127543Z,01JZ0HJ6SGHP86XK7T10SR7KKZ,2025-06-30T13:53:10.565127543Z
01JZ0K4YTQHNJDXWTA1R7RE3XC,01JZ0JJRG62BDVPN4H0KJ2XPWK,2025-06-30T14:16:40.535473024Z,01JZ0JJRKH7XD764W2MEEG7PFH,2025-06-30T14:16:40.535473024Z,01JZ0JR8TNC3BX4SGFJ6K8AMXM,2025-06-30T14:16:40.535473024Z,01JZ0JZD8STSHTGJ2FBE9QM7PE,2025-06-30T14:16:40.535473024Z,01JZ0JZDB5VWYNWFMPX9PBJ51N,2025-06-30T14:16:40.535473024Z
01JZ0K6YMEXWHKFF0Q4WKSZPDS,01JZ0JJRG62BDVPN4H0KJ2XPWK,2025-06-30T14:17:45.870617874Z,01JZ0JJRK7MTN7FAC1224V82KC,2025-06-30T14:17:45.870617874Z,01JZ0JSGH5RS66YM2SX89684C5,2025-06-30T14:17:45.870617874Z,01JZ0JYWVTXPY8CS9SR9JSTC6V,2025-06-30T14:17:45.870617874Z,01JZ0JYX6SNECJWP52GNYNHB4Y,2025-06-30T14:17:45.870617874Z
01JZ0PJNVMWY3KCZV0D9W5FPXT,01JZ0NSN7EKS122Z238A4PF66D,2025-06-30T15:16:35.828988295Z,01JZ0NSNAYA5ZEAQVB789Y1XW2,2025-06-30T15:16:35.828988295Z,01JZ0NWGXG60XB5W2KSVNBRDCM,2025-06-30T15:16:35.828988295Z,01JZ0PB8D9R3T5HN8CJB5DS766,2025-06-30T15:16:35.828988295Z,01JZ0PB8HZ694HG0HHDZ8Z66GT,2025-06-30T15:16:35.828988295Z
01JZ0PV7SX1YX0EYE842QJW8CX,01JZ0PDFE8X2A24VZSJDD0T2BH,2025-06-30T15:21:16.349598836Z,01JZ0PDFG0TZHQMJ413RSFKXP4,2025-06-30T15:21:16.349598836Z,01JZ0PHFA0CKW8FCX9Q96KR3SV,2025-06-30T15:21:16.349598836Z,01JZ0PSB8QFHT28EPRTVD2EBFB,2025-06-30T15:21:16.349598836Z,01JZ0PSBCHKVBAR0MEERQD2M0T,2025-06-30T15:21:16.349598836Z
01JZ0SSDDXED83GVMFZXS2W894,01JZ0S9G3E1V9Y4W1M8GV3AGA9,2025-06-30T16:12:42.30160039Z,01JZ0S9GBDE95BAEJ35DY3VGC4,2025-06-30T16:12:42.30160039Z,01JZ0SG6Y9NPGTZ35T719S3CJ9,2025-06-30T16:12:42.30160039Z,01JZ0SQECM4D5XPER5PREQ6RDB,2025-06-30T16:12:42.30160039Z,01JZ0SQEKJAXEV821HYNHJ7WE2,2025-06-30T16:12:42.30160039Z
01JZ0G1EEWK3AQF64F7PHX0X6X,01JZ0F67X5J6SBR3095JZ2KKHQ,2025-06-30T13:22:19.740547444Z,01JZ0F67ZC5C7QZPK5TEQ23RT2,2025-06-30T13:22:19.740547444Z,01JZ0FHGYRW8Y6ZSR162NPMQGD,2025-06-30T13:22:19.740547444Z,01JZ0FSQ4MYYKXDA7G1SSWG7Y9,2025-06-30T13:22:19.740547444Z,01JZ0FSQAP2Q67TT60RJG27X7X,2025-06-30T13:22:19.740547444Z
01JZ0SYJXG7H5YKP1EA0X2NDNK,01JZ0S9G3E1V9Y4W1M8GV3AGA9,2025-06-30T16:15:31.760120587Z,01JZ0S9G9GQDAYDBEESMGH4RA5,2025-06-30T16:15:31.760120587Z,01JZ0SB23C5WKRVH2QZHNSBQJW,2025-06-30T16:15:31.760120587Z,01JZ0SQ3CMRR1TZZF817KETV97,2025-06-30T16:15:31.760120587Z,01JZ0SQ3PD5SBP4KBHG0G8TV26,2025-06-30T16:15:31.760120587Z
01JZ0HJ5316BYBF9NGB9SW415W,01JZ0H1K4AG17CS34Z9G9MQYDS,2025-06-30T13:48:55.777198095Z,01JZ0H1K7A7HBJ5WZC7T99GVBX,2025-06-30T13:48:55.777198095Z,01JZ0FRASJYKEGEJZYSW2BXAXV,2025-06-30T13:48:55.777198095Z,01JZ0HAECWF8GVS1BK6GSGGQXS,2025-06-30T13:48:55.777198095Z,01JZ0HAEJQ4P0QGSNMTF4711VK,2025-06-30T13:48:55.777198095Z
01JZ0Q1D38K812B0GSJ20STEEV,01JZ0PDFE8X2A24VZSJDD0T2BH,2025-06-30T15:24:38.376203359Z,01JZ0PDFG0TZHQMJ413RSFKXP4,2025-06-30T15:24:38.376203359Z,01JZ0PJ0N9RJK6CWJ28SDNPHWX,2025-06-30T15:24:38.376203359Z,01JZ0PSBA2ZJCB1FT0JNH91FDN,2025-06-30T15:24:38.376203359Z,01JZ0PSBGSTEBRN90P0B4ZDJKV,2025-06-30T15:24:38.376203359Z
01JZ0RP55XV15XMYSPSJX909P3,01JZ0R44WS56B1WD5354KYAZ6V,2025-06-30T15:53:26.973579197Z,01JZ0R44ZAP7PYVAMQ60PRQDRH,2025-06-30T15:53:26.973579197Z,01JZ0R88HFX5N7SW28R5CBVAQ7,2025-06-30T15:53:26.973579197Z,01JZ0RJBMJ9DTWHHQXZG22T28N,2025-06-30T15:53:26.973579197Z,01JZ0RJBV8ENJ54V9KV4K5Q08M,2025-06-30T15:53:26.973579197Z
01JZ0SZMDRXDFAKSPABR7PNSEN,01JZ0S9G3E1V9Y4W1M8GV3AGA9,2025-06-30T16:16:06.072065966Z,01JZ0S9GBDE95BAEJ35DY3VGC4,2025-06-30T16:16:06.072065966Z,01JZ0SQ9PF520D4EJDE9FVG6JE,2025-06-30T16:16:06.072065966Z,01JZ0SQEFRCWKP9ZEKVZV9NZ6R,2025-06-30T16:16:06.072065966Z,01JZ0SQEW87N3QG2WWCC39NJ8W,2025-06-30T16:16:06.072065966Z
01JZ0FS8RKDPN4ZRFA58RK7Y8K,01JZ0F67X5J6SBR3095JZ2KKHQ,2025-06-30T13:17:51.763732733Z,01JZ0F67ZJJG6P50PFSVWKXYA5,2025-06-30T13:17:51.763732733Z,01JZ0FC4XKNHNZF8W9T4WA3XB0,2025-06-30T13:17:51.763732733Z,01JZ0FHJQ14NKNJP8JV6J9ESSW,2025-06-30T13:17:51.763732733Z,01JZ0FHJVYPZFFCQWCDMWPFDRT,2025-06-30T13:17:51.763732733Z
01JZ0FSBRPF8NRDGKAPQW3K2VS,01JZ0F67X5J6SBR3095JZ2KKHQ,2025-06-30T13:17:54.838191696Z,01JZ0F67Z9QH00F8GAXY086HB5,2025-06-30T13:17:54.838191696Z,01JZ0FD79YGYA2VDDBD6504FRR,2025-06-30T13:17:54.838191696Z,01JZ0FNMHABMQMJJE7Y0M736G4,2025-06-30T13:17:54.838191696Z,01JZ0FNMMBHN1W4KXB29889Y8Y,2025-06-30T13:17:54.838191696Z
01JZ0HJ828EHWNPEB5T7VVRSHM,01JZ0H1K4AG17CS34Z9G9MQYDS,2025-06-30T13:48:58.824246952Z,01JZ0H1K78HDDW9F2WM1P8VZMN,2025-06-30T13:48:58.824246952Z,01JZ0H3DD6JF5G5S76TR0MC0NN,2025-06-30T13:48:58.824246952Z,01JZ0HAGS7E9CRX0SV4TDEYPGQ,2025-06-30T13:48:58.824246952Z,01JZ0HAGWZFATP7YBM6916T1HM,2025-06-30T13:48:58.824246952Z
01JZ0K7EA8WA5V790KWXTZPSZT,01JZ0JJRG62BDVPN4H0KJ2XPWK,2025-06-30T14:18:01.928087883Z,01JZ0JJRKH7XD764W2MEEG7PFH,2025-06-30T14:18:01.928087883Z,01JZ0JQCKEA261XTRR4HTBQ2S1,2025-06-30T14:18:01.928087883Z,01JZ0JZD82PEVW1DBV6P33JE86,2025-06-30T14:18:01.928087883Z,01JZ0JZDE509T5H73252X8C6PE,2025-06-30T14:18:01.928087883Z
01JZ0VCT5FM9RFFMTA7CH5P835,01JZ0TXM4HA3Q8P6D6TPYYS7R3,2025-06-30T16:40:46.511582299Z,01JZ0TXM7C18DJWS688K2WH576,2025-06-30T16:40:46.511582299Z,01JZ0V3M4NH8ZBAYGCY49TQ02Z,2025-06-30T16:40:46.511582299Z,01JZ0V8ZQZFAA3Z4NYN9H5S8FG,2025-06-30T16:40:46.511582299Z,01JZ0V9013X6FEV8W9454Y02MT,2025-06-30T16:40:46.511582299Z
01JZ0VHS4P1J0DFJMDG28DPHSZ,01JZ0TXM4HA3Q8P6D6TPYYS7R3,2025-06-30T16:43:29.302055893Z,01JZ0TXM9G1YQW4PKWAZEHBP4X,2025-06-30T16:43:29.302055893Z,01JZ0V2V0JVWK8BV5PK5A7H9Y7,2025-06-30T16:43:29.302055893Z,01JZ0VA390BVZ4GTHHRDE079EZ,2025-06-30T16:43:29.302055893Z,01JZ0VA3JE8WTKCAC594K87NXX,2025-06-30T16:43:29.302055893Z
01JZ0FEVAX9J53GTXXZBC19JAF,01JZ0F67X5J6SBR3095JZ2KKHQ,2025-06-30T13:12:10.333552668Z,01JZ0F67ZMW5MYVAMRDCKET4QV,2025-06-30T13:12:10.333552668Z,01JZ0FAZSM5RWSWDK86JFF6JZ6,2025-06-30T13:12:10.333552668Z,01JZ0FETS298VMJSD4EETNPRNK,2025-06-30T13:12:10.333552668Z,01JZ0FETSXTFVFRZCJHJGR1VM0,2025-06-30T13:12:10.333552668Z
01JZ0KAZ9TP4T21Q0R69PBEXCV,01JZ0JJRG62BDVPN4H0KJ2XPWK,2025-06-30T14:19:57.626484509Z,01JZ0JJRMFBKARHHQY8ZXKDX2Q,2025-06-30T14:19:57.626484509Z,01JZ0K0JEP4CRAAHS8HKT1FSBP,2025-06-30T14:19:57.626484509Z,01JZ0K2YF7778KQ4YKNN0MRG3Q,2025-06-30T14:19:57.626484509Z,01JZ0K2YMWED0SR563EGS70F1J,2025-06-30T14:19:57.626484509Z
01JZ0MGJ5WN9S9D8Q43WJME60M,01JZ0KZHFC2GEC175ZSKVHYGR2,2025-06-30T14:40:29.372186215Z,01JZ0KZHGK1V8ZC0AXDBXBYAX9,2025-06-30T14:40:29.372186215Z,01JZ0M3MNV9G8QBABMQR9NRFSY,2025-06-30T14:40:29.372186215Z,01JZ0M8V7E2P63XBE7CBW22G7N,2025-06-30T14:40:29.372186215Z,01JZ0M8VBXGNDQKFCQ7S8WXESB,2025-06-30T14:40:29.372186215Z
01JZ0R2BRX7F69EEMET3SMKBF0,01JZ0QGE33ZWYV7A3256FYEZA6,2025-06-30T15:42:38.365247784Z,01JZ0QGE4MQBM7ZJEFVQMWJX02,2025-06-30T15:42:38.365247784Z,01JZ0QPT6048XZAJK53YEVWM2W,2025-06-30T15:42:38.365247784Z,01JZ0QT8EVWQAQJSS0H6BE6YX3,2025-06-30T15:42:38.365247784Z,01JZ0QT8Q75XT8VEPMTC9KPYT6,2025-06-30T15:42:38.365247784Z
01JZ0RHBY0A2DX0EY6R9PGCRWD,01JZ0R44WS56B1WD5354KYAZ6V,2025-06-30T15:50:50.048243978Z,01JZ0R44YD4TQ1QQVW9H1W0WBF,2025-06-30T15:50:50.048243978Z,01JZ0R91FP4EXRX5VVWW5GSE1V,2025-06-30T15:50:50.048243978Z,01JZ0RDJ2QCC6HCJTXVC1C06TR,2025-06-30T15:50:50.048243978Z,01JZ0RDJM25BZH2YGY0HJ1XJB1,2025-06-30T15:50:50.048243978Z
01JZ0RHND5B8VWPN51J1E2GMJT,01JZ0R44WS56B1WD5354KYAZ6V,2025-06-30T15:50:59.749500195Z,01JZ0R450A0M8Q4QC968ZVRS9H,2025-06-30T15:50:59.749500195Z,01JZ0RA66F3FBNJZBRD9WM83NA,2025-06-30T15:50:59.749500195Z,01JZ0RFNY7CAK7Q2XWPCT4A1FS,2025-06-30T15:50:59.749500195Z,01JZ0RFP58S8RRFVCNFV24DFHV,2025-06-30T15:50:59.749500195Z
01JZ0RQJ7DH9NFW4MBR1GMJTXQ,01JZ0R44WS56B1WD5354KYAZ6V,2025-06-30T15:54:13.101841427Z,01JZ0R450A0M8Q4QC968ZVRS9H,2025-06-30T15:54:13.101841427Z,01JZ0R6Z68KBAXFH25R17ZH0FP,2025-06-30T15:54:13.101841427Z,01JZ0RFNVA3M9D27P90HFWJA8Y,2025-06-30T15:54:13.101841427Z,01JZ0RFPFM9RXDBNP6ZMTH2ZCR,2025-06-30T15:54:13.101841427Z
01JZ0SXZG269WVSGAT6HGZT63W,01JZ0S9G3E1V9Y4W1M8GV3AGA9,2025-06-30T16:15:11.881418567Z,01JZ0S9G7VJHRZZRV1KXAXAXSY,2025-06-30T16:15:11.881418567Z,01JZ0SF42D6EB959CKE7M0PGAZ,2025-06-30T16:15:11.881418567Z,01JZ0SP4EFE17P97W11CCBSWNM,2025-06-30T16:15:11.881418567Z,01JZ0SP4SHSVN40VBWKYDJFCMZ,2025-06-30T16:15:11.881418567Z
01JZ0FRCPT7ANR327YNTBAMSBG,01JZ0F67X5J6SBR3095JZ2KKHQ,2025-06-30T13:17:23.034637779Z,01JZ0F67ZNGQ7M2D3G364WEKWP,2025-06-30T13:17:23.034637779Z,01JZ0FKQ7AX8YHTTQGW1AQZB94,2025-06-30T13:17:23.034637779Z,01JZ0FPGD3R4XTCQYX0YWJ9PM8,2025-06-30T13:17:23.034637779Z,01JZ0FPGFYDMCV4FVJVHGQ1D12,2025-06-30T13:17:23.034637779Z
01JZ0SYJYPACYB4295PVEFF6JN,01JZ0S9G3E1V9Y4W1M8GV3AGA9,2025-06-30T16:15:31.798551779Z,01JZ0S9G9GQDAYDBEESMGH4RA5,2025-06-30T16:15:31.798551779Z,01JZ0SK9JXYJAB5JG2TDNVPFF3,2025-06-30T16:15:31.798551779Z,01JZ0SQ3CMRR1TZZF817KETV97,2025-06-30T16:15:31.798551779Z,01JZ0SQ3PD5SBP4KBHG0G8TV26,2025-06-30T16:15:31.798551779Z
01JZ0G3YCV96PR1A4EYZD15NFZ,01JZ0F67X5J6SBR3095JZ2KKHQ,2025-06-30T13:23:41.595531684Z,01JZ0F67Z8B8A42G6Y5XQ0NS83,2025-06-30T13:23:41.595531684Z,01JZ0FB65N9AA5DRTF3YEVRMGT,2025-06-30T13:23:41.595531684Z,01JZ0FW5G0W9NQCXN3NK81J7WX,2025-06-30T13:23:41.595531684Z,01JZ0FW5WER34PXY39ZZCV97CQ,2025-06-30T13:23:41.595531684Z
01JZ0HDER4A17PJD7Y0R5Z3XNK,01JZ0H1K4AG17CS34Z9G9MQYDS,2025-06-30T13:46:21.82904979Z,01JZ0H1K706F68YJ8PB50DJAH3,2025-06-30T13:46:21.82904979Z,01JZ0H4Z36PV4JSD83THK2GEDW,2025-06-30T13:46:21.82904979Z,01JZ0HDDPNMSPR4T4J88QKCFZD,2025-06-30T13:46:21.82904979Z,01JZ0HDDR6MW4RT7D4B4411TJF,2025-06-30T13:46:21.82904979Z
01JZ0SY41GQAE3FFZEX1CERKA0,01JZ0S9G3E1V9Y4W1M8GV3AGA9,2025-06-30T16:15:16.528300878Z,01JZ0S9GCCCNBKT0N3T9B2PH95,2025-06-30T16:15:16.528300878Z,01JZ0SRC6GQQ036ZGEMABTCRWZ,2025-06-30T16:15:16.528300878Z,01JZ0SRFZN1N49MKZCM7JQAT6Y,2025-06-30T16:15:16.528300878Z,01JZ0SRG82KGK095QFE3MAFA80,2025-06-30T16:15:16.528300878Z
01JZ0SZ7C1NGG85EZDTNW75F35,01JZ0S9G3E1V9Y4W1M8GV3AGA9,2025-06-30T16:15:52.705111126Z,01JZ0S9G72AZ3MF9HASHX1PW43,2025-06-30T16:15:52.705111126Z,01JZ0SFH3A34EW308H72QP6WNN,2025-06-30T16:15:52.705111126Z,01JZ0SSF5TTEGA4KE9KCX2D069,2025-06-30T16:15:52.705111126Z,01JZ0SSFDDM43P09Q9RREYCTET,2025-06-30T16:15:52.705111126Z
01JZ0TAHHKDAXSFF7EHEEKNHWR,01JZ0S9G3E1V9Y4W1M8GV3AGA9,2025-06-30T16:22:03.57154619Z,01JZ0S9G8MSQJNW9QDDX82T8EZ,2025-06-30T16:22:03.57154619Z,01JZ0SMQXV1DDFCHV33AY50M6P,2025-06-30T16:22:03.57154619Z,01JZ0T2Z8JE59FQ9P0RNZCZNKS,2025-06-30T16:22:03.57154619Z,01JZ0T2ZM04F8MPR8PZR893EM7,2025-06-30T16:22:03.57154619Z
01JZ0VGGNB522JZPP1MJ24K13Q,01JZ0TXM4HA3Q8P6D6TPYYS7R3,2025-06-30T16:42:47.85203095Z,01JZ0TXM7C18DJWS688K2WH576,2025-06-30T16:42:47.85203095Z,01JZ0V2DYNG9H8Y855B84GV7Y8,2025-06-30T16:42:47.85203095Z,01JZ0V8ZRXFXD9NNBG2FMZJ7TZ,2025-06-30T16:42:47.85203095Z,01JZ0V904JJZM766VHDEN3KSXA,2025-06-30T16:42:47.85203095Z
01JZ0FYMZ13GTKBFTYJ68DJ3A5,01JZ0F67X5J6SBR3095JZ2KKHQ,2025-06-30T13:20:48.097335964Z,01JZ0F67Z9QH00F8GAYATW0H4D,2025-06-30T13:20:48.097335964Z,01JZ0FBFHWN5BJ51P0FGARBC23,2025-06-30T13:20:48.097335964Z,01JZ0FTXTTSA7KPT3ZKN66DGDE,2025-06-30T13:20:48.097335964Z,01JZ0FTY03MGJHCEKPX36GV0HC,2025-06-30T13:20:48.097335964Z
01JZ0NZ7V8BSF3B6GXV5M3ADHR,01JZ0N9PMZHSN31DAQRPMDQCYE,2025-06-30T15:05:58.888328303Z,01JZ0N9PPX2EBNCBEJCH5EHX43,2025-06-30T15:05:58.888328303Z,01JZ0NJBCS4P2NZWJAE050ZWVP,2025-06-30T15:05:58.888328303Z,01JZ0NQ6BKKRWGKT10550Q22C5,2025-06-30T15:05:58.888328303Z,01JZ0NQ6GSWK8Y4NTPJ5M0YS33,2025-06-30T15:05:58.888328303Z
01JZ0K4THCHP3CYP78QX0XQKNT,01JZ0JJRG62BDVPN4H0KJ2XPWK,2025-06-30T14:16:36.140409482Z,01JZ0JJRMFBKARHHQY8ZXKDX2Q,2025-06-30T14:16:36.140409482Z,01JZ0K0JEP4CRAAHS8HKT1FSBP,2025-06-30T14:16:36.140409482Z,01JZ0K2YERTFQAJEQ3WTQCHG83,2025-06-30T14:16:36.140409482Z,01JZ0K2YH84DTYQ9GTMSMESZJY,2025-06-30T14:16:36.140409482Z
01JZ0FZXPXWXR0H0JQ7ZH8D4ZP,01JZ0F67X5J6SBR3095JZ2KKHQ,2025-06-30T13:21:29.821608149Z,01JZ0F67Z8B8A42G6Y5XQ0NS83,2025-06-30T13:21:29.821608149Z,01JZ0FEY0G09HWKF9WWANREXZ5,2025-06-30T13:21:29.821608149Z,01JZ0FW5GZ8NR8PVKBDD2P70TS,2025-06-30T13:21:29.821608149Z,01JZ0FW5QYARYR4RFSR8PDQ4P6,2025-06-30T13:21:29.821608149Z
01JZ0G1RW69K9VN574WADTC5SW,01JZ0F67X5J6SBR3095JZ2KKHQ,2025-06-30T13:22:30.406228693Z,01JZ0F67ZC5C7QZPK5TEQ23RT2,2025-06-30T13:22:30.406228693Z,01JZ0FGZ3TEBS93H4SFF5B7S2S,2025-06-30T13:22:30.406228693Z,01JZ0FSQ4CMD8W58JCEWT8Q1ED,2025-06-30T13:22:30.406228693Z,01JZ0FSQBK5FN1GAJ960M7AJ2J,2025-06-30T13:22:30.406228693Z
01JZ0HT849MHPDKFJXKCXT653R,01JZ0H1K4AG17CS34Z9G9MQYDS,2025-06-30T13:53:21.033379995Z,01JZ0H1K6XDYNJQ07N0KM3P1VX,2025-06-30T13:53:21.033379995Z,01JZ0HBGF52K71HWK9APQ4JSS0,2025-06-30T13:53:21.033379995Z,01JZ0HJ6KG2QJ1V6FCF3W0CW1C,2025-06-30T13:53:21.033379995Z,01JZ0HJ6TD6VXG3YP06NWEPVCS,2025-06-30T13:53:21.033379995Z
01JZ0MJ5F1Y21HC0FX9V5J3H00,01JZ0KZHFC2GEC175ZSKVHYGR2,2025-06-30T14:41:21.889728808Z,01JZ0KZHH6W8XDVC696R9C92DG,2025-06-30T14:41:21.889728808Z,01JZ0M68RH26TA36VPTAMVWHEQ,2025-06-30T14:41:21.889728808Z,01JZ0MCKBEDXBCTH25HMPCZETY,2025-06-30T14:41:21.889728808Z,01JZ0MCKE44Q59B1909WN6GQV8,2025-06-30T14:41:21.889728808Z
01JZ0FT7WW5PR4XSXWW3ZPCYX8,01JZ0F67X5J6SBR3095JZ2KKHQ,2025-06-30T13:18:23.644065247Z,01JZ0F67Z228X9RHKVM8F1277D,2025-06-30T13:18:23.644065247Z,01JZ0FAY5RV9X0EF0X32G9N72E,2025-06-30T13:18:23.644065247Z,01JZ0FJ6PFY30C73HB1M5QYGRK,2025-06-30T13:18:23.644065247Z,01JZ0FJ6Y1XFEKY53ZVJQV346R,2025-06-30T13:18:23.644065247Z
01JZ0JWAKZPBRKMBV9J0GE3TNX,01JZ0JJRG62BDVPN4H0KJ2XPWK,2025-06-30T14:11:57.695705133Z,01JZ0JJRKVJXBJGVYTJ6TBMBFM,2025-06-30T14:11:57.695705133Z,01JZ0JMJ507NBWF493954D1T1J,2025-06-30T14:11:57.695705133Z,01JZ0JW9F9Z7WAAVX264BMEZ86,2025-06-30T14:11:57.695705133Z,01JZ0JW9HMPEM4HS4XG9J4AV85,2025-06-30T14:11:57.695705133Z
01JZ0RNRQ2STXC9MB52NQQZ4S1,01JZ0R44WS56B1WD5354KYAZ6V,2025-06-30T15:53:14.210113733Z,01JZ0R44ZMT5HYXWVABB60AH0G,2025-06-30T15:53:14.210113733Z,01JZ0R9YBP53FHZRSC3KJMTX8V,2025-06-30T15:53:14.210113733Z,01JZ0RDSCA9FG61RXWSV693V0M,2025-06-30T15:53:14.210113733Z,01JZ0RDSQE8HFYQ8Y047151M2B,2025-06-30T15:53:14.210113733Z
01JZ0SZ7EQ2C6A8STQZHHN6D6T,01JZ0S9G3E1V9Y4W1M8GV3AGA9,2025-06-30T16:15:52.79138862Z,01JZ0S9G72AZ3MF9HASHX1PW43,2025-06-30T16:15:52.79138862Z,01JZ0SMZHYMDQK8WF64HD0D3K4,2025-06-30T16:15:52.79138862Z,01JZ0SSF5TTEGA4KE9KCX2D069,2025-06-30T16:15:52.79138862Z,01JZ0SSFDDM43P09Q9RREYCTET,2025-06-30T16:15:52.79138862Z
01JZ0FPPMSM3DDNRZYM012F3WK,01JZ0F67X5J6SBR3095JZ2KKHQ,2025-06-30T13:16:27.673405542Z,01JZ0F67ZEPC67VW242P0YYZAA,2025-06-30T13:16:27.673405542Z,01JZ0FB4C7Y78SJ4DA45DQ131P,2025-06-30T13:16:27.673405542Z,01JZ0FF15B1AYVQX6Z1TA0K6BX,2025-06-30T13:16:27.673405542Z,01JZ0FF179MFKNNXKATH53J659,2025-06-30T13:16:27.673405542Z
01JZ0FJQ41PQATKQG6JPVVE1VR,01JZ0F67X5J6SBR3095JZ2KKHQ,2025-06-30T13:14:17.089632731Z,01JZ0F67ZEPC67VW242P0YYZAA,2025-06-30T13:14:17.089632731Z,01JZ0FADP9EKGDX636W54K492Z,2025-06-30T13:14:17.089632731Z,01JZ0FF152BEQYSVW0DGQ8J2MY,2025-06-30T13:14:17.089632731Z,01JZ0FF16BVJA89DB3AAC6QT97,2025-06-30T13:14:17.089632731Z
01JZ0FPFJMCZ7AXDY6NW5ZK7WF,01JZ0F67X5J6SBR3095JZ2KKHQ,2025-06-30T13:16:20.436486388Z,01JZ0F6805RKXP4JKMN5N89R8W,2025-06-30T13:16:20.436486388Z,01JZ0FAXS6V25W6YPWT6Y66ZX9,2025-06-30T13:16:20.436486388Z,01JZ0FEFHSBSB637K552GM7TFY,2025-06-30T13:16:20.436486388Z,01JZ0FEFN867QSVHM6W73CG8WZ,2025-06-30T13:16:20.436486388Z
01JZ0FSJ4EGETNPZMXVMSK29E6,01JZ0F67X5J6SBR3095JZ2KKHQ,2025-06-30T13:18:01.358560907Z,01JZ0F67Z61XNM528ZD36RPYGY,2025-06-30T13:18:01.358560907Z,01JZ0FH3F6YRBD215BZDRB0NFG,2025-06-30T13:18:01.358560907Z,01JZ0FHHXKVV2N4PSEC0HE9PJQ,2025-06-30T13:18:01.358560907Z,01JZ0FHJ1WTPR3M03VPZ8ER6X1,2025-06-30T13:18:01.358560907Z
01JZ0HCCG9TY23164FATW787RF,01JZ0H1K4AG17CS34Z9G9MQYDS,2025-06-30T13:45:46.761562038Z,01JZ0H1K78HDDW9F2WM1P8VZMN,2025-06-30T13:45:46.761562038Z,01JZ0H3QQ5CPMXHE11M4R96C48,2025-06-30T13:45:46.761562038Z,01JZ0HAGSF134DXMQJAXEF8DCZ,2025-06-30T13:45:46.761562038Z,01JZ0HAGV24QCEKDTHBMED66MS,2025-06-30T13:45:46.761562038Z
01JZ0K3PCJZ6D9AF1E386137YV,01JZ0JJRG62BDVPN4H0KJ2XPWK,2025-06-30T14:15:59.122320128Z,01JZ0JJRKVJXBJGVYTJ6TBMBFM,2025-06-30T14:15:59.122320128Z,01JZ0JRHPY82NWCJAKFRVZ7MTV,2025-06-30T14:15:59.122320128Z,01JZ0JW9GBP7GXSXKT2NGJ71C3,2025-06-30T14:15:59.122320128Z,01JZ0JW9MBD5NYGFTH764N0KK2,2025-06-30T14:15:59.122320128Z
01JZ0MHKJ5AWKMH338TZY9P3KA,01JZ0KZHFC2GEC175ZSKVHYGR2,2025-06-30T14:41:03.557389707Z,01JZ0KZHGXZ28TMC40NC90GVYX,2025-06-30T14:41:03.557389707Z,01JZ0M5MW3G4T4PP7E53EJSCT4,2025-06-30T14:41:03.557389707Z,01JZ0M9WV26RA4QFGDHG065E08,2025-06-30T14:41:03.557389707Z,01JZ0M9WZBAF97PK4P0YQCJBFZ,2025-06-30T14:41:03.557389707Z
01JZ0NSD00XB0KTHYS0D5X4336,01JZ0N9PMZHSN31DAQRPMDQCYE,2025-06-30T15:02:47.552115917Z,01JZ0N9PQHD06TCBXAQZTT3H76,2025-06-30T15:02:47.552115917Z,01JZ0NEB3JG770E2MJXKGV4SYP,2025-06-30T15:02:47.552115917Z,01JZ0NKT353JX7TDZWFQNH8NHN,2025-06-30T15:02:47.552115917Z,01JZ0NKT7K4AYSPZC9B59JGMZ9,2025-06-30T15:02:47.552115917Z
01JZ0FJ5QN4YJ81J8ZVC01TBGT,01JZ0F67X5J6SBR3095JZ2KKHQ,2025-06-30T13:13:59.285524625Z,01JZ0F6805RKXP4JKMN5N89R8W,2025-06-30T13:13:59.285524625Z,01JZ0FB9WWAV8YJYA2M0XWM4XS,2025-06-30T13:13:59.285524625Z,01JZ0FEFHXWJDW412MQGZ1YMFV,2025-06-30T13:13:59.285524625Z,01JZ0FEFKGYDME9EBGC4MA1A0E,2025-06-30T13:13:59.285524625Z
01JZ0Q380YN1H76W0TSHYGC5NG,01JZ0PDFE8X2A24VZSJDD0T2BH,2025-06-30T15:25:38.718494138Z,01JZ0PDFFH0EDR9F9CYFN0TQY3,2025-06-30T15:25:38.718494138Z,01JZ0PGV68TYQ231YS5FREY4WQ,2025-06-30T15:25:38.718494138Z,01JZ0PVRF7K7NKQ7ZE4CCVD40K,2025-06-30T15:25:38.718494138Z,01JZ0PVRY8854FG5MQ5RHH4TS9,2025-06-30T15:25:38.718494138Z
01JZ0VCFHRGMZ4GBMX2H61W3BH,01JZ0TXM4HA3Q8P6D6TPYYS7R3,2025-06-30T16:40:35.640850621Z,01JZ0TXMAAZJ4VJWA2WTVHG174,2025-06-30T16:40:35.640850621Z,01JZ0TZ9J5J0A4G7Q03RBYFE9P,2025-06-30T16:40:35.640850621Z,01JZ0V8M85MMPYBMHW7JFE9Q9Z,2025-06-30T16:40:35.640850621Z,01JZ0V8ME4WX8PDMJKAWWF3EBG,2025-06-30T16:40:35.640850621Z
01JZ0VJ4BYY41PBWCT1DT6DAQ5,01JZ0TXM4HA3Q8P6D6TPYYS7R3,2025-06-30T16:43:40.79874573Z,01JZ0TXM9G1YQW4PKWAZEHBP4X,2025-06-30T16:43:40.79874573Z,01JZ0V62WJGZ4BGMWXYSNYNW8D,2025-06-30T16:43:40.79874573Z,01JZ0VA39HPKW8MX9NV5NCWW3N,2025-06-30T16:43:40.79874573Z,01JZ0VA3MM8S4F5FMQCEB2X88S,2025-06-30T16:43:40.79874573Z
01JZ0PBQFPD20B76HVWE93QW7R,01JZ0NSN7EKS122Z238A4PF66D,2025-06-30T15:12:48.118211604Z,01JZ0NSNC1W3B8HBKV7A156B13,2025-06-30T15:12:48.118211604Z,01JZ0P0EBY7VSQYSD3AZX9YSX7,2025-06-30T15:12:48.118211604Z,01JZ0P49ERX83B05T3Z47XKS9Z,2025-06-30T15:12:48.118211604Z,01JZ0P49S77DMCC57MVG8D33TE,2025-06-30T15:12:48.118211604Z
01JZ0PFP8BFEKF49FQ8V533JJ4,01JZ0NSN7EKS122Z238A4PF66D,2025-06-30T15:14:57.931327028Z,01JZ0NSNACQB6FV8GE0XS7JKF9,2025-06-30T15:14:57.931327028Z,01JZ0P1TX10FFYPX0ZCGHE89AS,2025-06-30T15:14:57.931327028Z,01JZ0P7YNT108NJT9EBY5VDJSY,2025-06-30T15:14:57.931327028Z,01JZ0P7YVB6QVN7V4FBPWHJ9P4,2025-06-30T15:14:57.931327028Z
01JZ0RJKK6BY5PVQEES07PVPF5,01JZ0R44WS56B1WD5354KYAZ6V,2025-06-30T15:51:30.662652789Z,01JZ0R44YW0T94WKHD2ZAT9VPC,2025-06-30T15:51:30.662652789Z,01JZ0RCE2YE75ZA1F2JVAF4PQN,2025-06-30T15:51:30.662652789Z,01JZ0RCZ5WMDRF6E7DKWB3TR0Z,2025-06-30T15:51:30.662652789Z,01JZ0RCZG0XFCHV3BJWSRFRJS0,2025-06-30T15:51:30.662652789Z
01JZ0VA8FGR2B274D8FGSPVJT5,01JZ0TXM4HA3Q8P6D6TPYYS7R3,2025-06-30T16:39:22.864759962Z,01JZ0TXM9G1YQW4PKWAZEHBP4X,2025-06-30T16:39:22.864759962Z,01JZ0VA02QS1Q83QABHKXFB7D4,2025-06-30T16:39:22.864759962Z,01JZ0VA376DM6ZAKPMMZ3880SE,2025-06-30T16:39:22.864759962Z,01JZ0VA3BQ531X5KGZH9K8677V,2025-06-30T16:39:22.864759962Z
01JZ0VGGPB67QQXJS1M2H1CC34,01JZ0TXM4HA3Q8P6D6TPYYS7R3,2025-06-30T16:42:47.883377417Z,01JZ0TXM7C18DJWS688K2WH576,2025-06-30T16:42:47.883377417Z,01JZ0V0WVFE4ZBB3TWZ97MY0D7,2025-06-30T16:42:47.883377417Z,01JZ0V8ZRXFXD9NNBG2FMZJ7TZ,2025-06-30T16:42:47.883377417Z,01JZ0V904JJZM766VHDEN3KSXA,2025-06-30T16:42:47.883377417Z
01JZ0JY5V49Y3VPDG2TQ2516M9,01JZ0JJRG62BDVPN4H0KJ2XPWK,2025-06-30T14:12:58.340086298Z,01JZ0JJRKVJXBJGVYTJ6TBMBFM,2025-06-30T14:12:58.340086298Z,01JZ0JRHPY82NWCJAKFRVZ7MTV,2025-06-30T14:12:58.340086298Z,01JZ0JW9G1715DA28FHK9V31XS,2025-06-30T14:12:58.340086298Z,01JZ0JW9K2TZ95K0T7FJ60HKEB,2025-06-30T14:12:58.340086298Z
01JZ0FSXKHHBEH75KSES1F3P6E,01JZ0F67X5J6SBR3095JZ2KKHQ,2025-06-30T13:18:13.105355086Z,01JZ0F67Z228X9RHKVM8F1277D,2025-06-30T13:18:13.105355086Z,01JZ0FAY5RV9X0EF0X32G9N72E,2025-06-30T13:18:13.105355086Z,01JZ0FJ6PPRQHQXM29K4MXDKK9,2025-06-30T13:18:13.105355086Z,01JZ0FJ6VNCMHN20WKFYSF8WFV,2025-06-30T13:18:13.105355086Z
01JZ0FW294F94D3EK99D7VPMMA,01JZ0F67X5J6SBR3095JZ2KKHQ,2025-06-30T13:19:23.42856307Z,01JZ0F67ZNGQ7M2D3G364WEKWP,2025-06-30T13:19:23.42856307Z,01JZ0FKQ7AX8YHTTQGW1AQZB94,2025-06-30T13:19:23.42856307Z,01JZ0FPGD3R4XTCQYX0YWJ9PM8,2025-06-30T13:19:23.42856307Z,01JZ0FPGGZTYJ67302VQXHZW12,2025-06-30T13:19:23.42856307Z
01JZ0HJ83BZV83Q0GFFFF2R5MG,01JZ0H1K4AG17CS34Z9G9MQYDS,2025-06-30T13:48:58.859753703Z,01JZ0H1K78HDDW9F2WM1P8VZMN,2025-06-30T13:48:58.859753703Z,01JZ0H45MHCSY2Q70D0QH5HSR8,2025-06-30T13:48:58.859753703Z,01JZ0HAGS7E9CRX0SV4TDEYPGQ,2025-06-30T13:48:58.859753703Z,01JZ0HAGWZFATP7YBM6916T1HM,2025-06-30T13:48:58.859753703Z
01JZ0NVJ6DKKA5633WGHP62FP6,01JZ0N9PMZHSN31DAQRPMDQCYE,2025-06-30T15:03:58.413543587Z,01JZ0N9PQHD06TCBXAQZTT3H76,2025-06-30T15:03:58.413543587Z,01JZ0NDAQP6PMG8NAJBA9WP4GZ,2025-06-30T15:03:58.413543587Z,01JZ0NKT3DR2EPQ5TV4AEDW3XX,2025-06-30T15:03:58.413543587Z,01JZ0NKT9JAEG0PJBY6B34KT3T,2025-06-30T15:03:58.413543587Z
01JZ0NVWFWJQ30JP29B2STQ1S9,01JZ0N9PMZHSN31DAQRPMDQCYE,2025-06-30T15:04:08.956482927Z,01JZ0N9PQHD06TCBXAQZTT3H76,2025-06-30T15:04:08.956482927Z,01JZ0NCM52T6WSAVFXXAWVWZY2,2025-06-30T15:04:08.956482927Z,01JZ0NKT3R7EZETXZ3X4SK2H40,2025-06-30T15:04:08.956482927Z,01JZ0NKTAJCNKZNZY27SMZHSYM,2025-06-30T15:04:08.956482927Z
01JZ0RDNRG4WZ7FYB238DTWS2C,01JZ0R44WS56B1WD5354KYAZ6V,2025-06-30T15:48:49.041024081Z,01JZ0R44YD4TQ1QQVW9H1W0WBF,2025-06-30T15:48:49.041024081Z,01JZ0R748N2WK8HNRR37DG296Z,2025-06-30T15:48:49.041024081Z,01JZ0RDJ0XXCM980RFX0R86PD9,2025-06-30T15:48:49.041024081Z,01JZ0RDJDBM72ZH89Y5NBGW57F,2025-06-30T15:48:49.041024081Z
01JZ0FF1K90AEG4YM7PR2V8ENP,01JZ0F67X5J6SBR3095JZ2KKHQ,2025-06-30T13:12:16.74578018Z,01JZ0F67ZEPC67VW242P0YYZAA,2025-06-30T13:12:16.74578018Z,01JZ0F92D7BTC36M9SAY11MMN5,2025-06-30T13:12:16.74578018Z,01JZ0FF14X0MM27BYR9WVNF7XH,2025-06-30T13:12:16.74578018Z,01JZ0FF15R5CM3SKBF6RT3YR3Y,2025-06-30T13:12:16.74578018Z
01JZ0PB9W9V446N86AVK855H75,01JZ0NSN7EKS122Z238A4PF66D,2025-06-30T15:12:34.185263091Z,01JZ0NSNAYA5ZEAQVB789Y1XW2,2025-06-30T15:12:34.185263091Z,01JZ0NVYPF8E0336C41XNTMV12,2025-06-30T15:12:34.185263091Z,01JZ0PB8CMVAWA24GJAJ3TEEVT,2025-06-30T15:12:34.185263091Z,01JZ0PB8ENEC1792JZB5SJ8VDM,2025-06-30T15:12:34.185263091Z
01JZ0PFBS11HCHYHJH2NA4RJGF,01JZ0NSN7EKS122Z238A4PF66D,2025-06-30T15:14:47.201728262Z,01JZ0NSNACQB6FV8GE0XS7JKF9,2025-06-30T15:14:47.201728262Z,01JZ0P1TX10FFYPX0ZCGHE89AS,2025-06-30T15:14:47.201728262Z,01JZ0P7YNC23PG2FBXK5EHB1WT,2025-06-30T15:14:47.201728262Z,01JZ0P7YT5HQ2VPHSWBMT2FQ2M,2025-06-30T15:14:47.201728262Z
01JZ0Q0RCJR6BMDS0FVWQXGBBD,01JZ0PDFE8X2A24VZSJDD0T2BH,2025-06-30T15:24:17.170506136Z,01JZ0PDFG0TZHQMJ413RSFKXP4,2025-06-30T15:24:17.170506136Z,01JZ0JQKQ0F0M9FF1E7KJ74SGD,2025-06-30T15:24:17.170506136Z,01JZ0PSB96A8RB1ZY4AX160WT7,2025-06-30T15:24:17.170506136Z,01JZ0PSBEF7W1M66Q2ZATJYP2J,2025-06-30T15:24:17.170506136Z
01JZ0VGVNH0MDA44XAKPMZ8WBM,01JZ0TXM4HA3Q8P6D6TPYYS7R3,2025-06-30T16:42:59.121483149Z,01JZ0TXM7C18DJWS688K2WH576,2025-06-30T16:42:59.121483149Z,01JZ0V0WVFE4ZBB3TWZ97MY0D7,2025-06-30T16:42:59.121483149Z,01JZ0V8ZVHBE61NZNXKJNKMVA1,2025-06-30T16:42:59.121483149Z,01JZ0V906XKJVFSX4NXN5VSYJB,2025-06-30T16:42:59.121483149Z
01JZ0HHBNMMQWNFPVPDKFRBDSW,01JZ0H1K4AG17CS34Z9G9MQYDS,2025-06-30T13:48:29.748105513Z,01JZ0H1K7KVN4Q30DF0C4SZNQW,2025-06-30T13:48:29.748105513Z,01JZ0H3PNYN1MWQCF2QE837CM4,2025-06-30T13:48:29.748105513Z,01JZ0H9B6DA8VEFJSXMGJKGTNQ,2025-06-30T13:48:29.748105513Z,01JZ0H9BASB2QA3BTDYH4M0YMF,2025-06-30T13:48:29.748105513Z
01JZ0K4THSGZYCCX62CB08ZNB2,01JZ0JJRG62BDVPN4H0KJ2XPWK,2025-06-30T14:16:36.153479183Z,01JZ0JJRMFBKARHHQY8ZXKDX2Q,2025-06-30T14:16:36.153479183Z,01JZ0JQGZSJTMNWN83V0DRTF9B,2025-06-30T14:16:36.153479183Z,01JZ0K2YERTFQAJEQ3WTQCHG83,2025-06-30T14:16:36.153479183Z,01JZ0K2YH84DTYQ9GTMSMESZJY,2025-06-30T14:16:36.153479183Z
01JZ0RPKCMR7B0BX9B4WX9AMJV,01JZ0R44WS56B1WD5354KYAZ6V,2025-06-30T15:53:41.524209036Z,01JZ0R44ZYB02HBRR2X1W771BR,2025-06-30T15:53:41.524209036Z,01JZ0R6RGZPWYJYV8EDFTMJXPD,2025-06-30T15:53:41.524209036Z,01JZ0RGZ3DKRXN7JFMF7ZYJ17Q,2025-06-30T15:53:41.524209036Z,01JZ0RGZCJ387YHVR398A6EPWM,2025-06-30T15:53:41.524209036Z
01JZ0SYXG2AYVJCNPCGCGTGV52,01JZ0S9G3E1V9Y4W1M8GV3AGA9,2025-06-30T16:15:42.594704906Z,01JZ0S9G9GQDAYDBEESMGH4RA5,2025-06-30T16:15:42.594704906Z,01JZ0SH3DAYG35GGGDBNE9NJFV,2025-06-30T16:15:42.594704906Z,01JZ0SQ3DBEVRM9PRM588Y44AB,2025-06-30T16:15:42.594704906Z,01JZ0SQ3RJAWHT2K2KFJRJWXW2,2025-06-30T16:15:42.594704906Z
01JZ0VE0XKWVQQ51SBK2C3PNGR,01JZ0TXM4HA3Q8P6D6TPYYS7R3,2025-06-30T16:41:26.195172338Z,01JZ0TXMB9EHVXHHHV3J3SQY3A,2025-06-30T16:41:26.195172338Z,01JZ0V235S6CZJYVFR20PRGSYA,2025-06-30T16:41:26.195172338Z,01JZ0VC1S39MS0B0H13TGRSYRF,2025-06-30T16:41:26.195172338Z,01JZ0VC23CRK1527800PPWN7VJ,2025-06-30T16:41:26.195172338Z
01JZ0FPK5QJE41J8VKTP15H7XW,01JZ0F67X5J6SBR3095JZ2KKHQ,2025-06-30T13:16:24.119071768Z,01JZ0F67ZT8SK3RX0KMQXRZR64,2025-06-30T13:16:24.119071768Z,01JZ0FB53ABA3J4GQAS9PQCVA2,2025-06-30T13:16:24.119071768Z,01JZ0FH235VE50PMY57N3YDJG9,2025-06-30T13:16:24.119071768Z,01JZ0FH25ARAD2EE6K413AC2K1,2025-06-30T13:16:24.119071768Z
01JZ0HQNX4XGTD85A36JF5TQZ8,01JZ0H1K4AG17CS34Z9G9MQYDS,2025-06-30T13:51:56.836782033Z,01JZ0H1K72P9WWMQFG7ACVRNHM,2025-06-30T13:51:56.836782033Z,01JZ0H8JNVPGAV40Z6TWKS3PH3,2025-06-30T13:51:56.836782033Z,01JZ0HKZ2G50KS7CBCD3M87YFZ,2025-06-30T13:51:56.836782033Z,01JZ0HKZ54PQ7DGBPD2DVHEXWT,2025-06-30T13:51:56.836782033Z
01JZ0FZ5WV845SHFFTGY3N2NSE,01JZ0F67X5J6SBR3095JZ2KKHQ,2025-06-30T13:21:05.435140207Z,01JZ0F67Z49S75BR56TBMFCZ55,2025-06-30T13:21:05.435140207Z,01JZ0FFGTFMV7PJRGYB0RPYNEQ,2025-06-30T13:21:05.435140207Z,01JZ0FQRVEZY326STJ1YX0CZD3,2025-06-30T13:21:05.435140207Z,01JZ0FQRZ2Z7TRYBT6KXD2MK2Z,2025-06-30T13:21:05.435140207Z
01JZ0FQH3KZ15KT7DEJ5MVDREY,01JZ0F67X5J6SBR3095JZ2KKHQ,2025-06-30T13:16:54.77148387Z,01JZ0F67Z745P2890BJ7Q88E3R,2025-06-30T13:16:54.77148387Z,01JZ0FHWBY15ET9EK8R00P9WW1,2025-06-30T13:16:54.77148387Z,01JZ0FHYT9MR26XHFRG86H7E34,2025-06-30T13:16:54.77148387Z,01JZ0FHYVQ2SKG7NVAC6AS69R0,2025-06-30T13:16:54.77148387Z
01JZ0HC1T1KHPQ0FPF6QGHZYVT,01JZ0H1K4AG17CS34Z9G9MQYDS,2025-06-30T13:45:35.809743553Z,01JZ0H1K7C3FKHJS5GP9RE7N8D,2025-06-30T13:45:35.809743553Z,01JZ0FCPQMY08ZRWSN7GNNGJQ7,2025-06-30T13:45:35.809743553Z,01JZ0HA59FS77DYF0M07SAVR93,2025-06-30T13:45:35.809743553Z,01JZ0HA5CX9Z7G6RBRWH2NAXB6,2025-06-30T13:45:35.809743553Z
01JZ0Q3J9X4KGGC55CVFJGCM9S,01JZ0PDFE8X2A24VZSJDD0T2BH,2025-06-30T15:25:49.245675929Z,01JZ0PDFFH0EDR9F9CYFN0TQY3,2025-06-30T15:25:49.245675929Z,01JZ0PMBRB2ZJXD3FT9KV7JP4H,2025-06-30T15:25:49.245675929Z,01JZ0PVRJB9T7WFF0PZYXA4X8A,2025-06-30T15:25:49.245675929Z,01JZ0PVS17TM9J8FXQP0P5Z5D5,2025-06-30T15:25:49.245675929Z
01JZ0TRSQ7V7NMS3Y81TXFBGHM,01JZ0T594M7DT83RJMYEJDT186,2025-06-30T16:29:50.695837169Z,01JZ0T59780CP4Z1F2CEHFDNAC,2025-06-30T16:29:50.695837169Z,01JZ0TAKDPN96JCWTMZ8BD4TJ5,2025-06-30T16:29:50.695837169Z,01JZ0TGXCR7PSB2KKNSYBDY0BZ,2025-06-30T16:29:50.695837169Z,01JZ0TGXR6RVB311YE86XD2ZPR,2025-06-30T16:29:50.695837169Z
01JZ0FH2RT1QMCYA6V21AZV83R,01JZ0F67X5J6SBR3095JZ2KKHQ,2025-06-30T13:13:23.482092849Z,01JZ0F67ZT8SK3RX0KMQXRZR64,2025-06-30T13:13:23.482092849Z,01JZ0FCMR7Z7FFG5JXJBS56NZK,2025-06-30T13:13:23.482092849Z,01JZ0FH2335CJ3FD79F7KW4ZQ3,2025-06-30T13:13:23.482092849Z,01JZ0FH24747RJE3D9SVAY6ZMK,2025-06-30T13:13:23.482092849Z
01JZ0HW0GHVH94FGDVKNPHFF60,01JZ0H1K4AG17CS34Z9G9MQYDS,2025-06-30T13:54:18.769913669Z,01JZ0H1K72P9WWMQFG7ACVRNHM,2025-06-30T13:54:18.769913669Z,01JZ0H3T4YGXY3JXDPRSNCMQN3,2025-06-30T13:54:18.769913669Z,01JZ0HKZ3019V16DNNX4C0SER7,2025-06-30T13:54:18.769913669Z,01JZ0HKZ993S1Q2M5ZDQE5DPHV,2025-06-30T13:54:18.769913669Z
01JZ0K0SXKMT9GD71BQS4N5FXN,01JZ0JJRG62BDVPN4H0KJ2XPWK,2025-06-30T14:14:24.435095224Z,01JZ0JJRK7MTN7FAC1224V82KC,2025-06-30T14:14:24.435095224Z,01JZ0JMRZCYKKS11NMJE3Z1M2V,2025-06-30T14:14:24.435095224Z,01JZ0JYWVCPFC72SM7P2B0329V,2025-06-30T14:14:24.435095224Z,01JZ0JYX1ACQSEMTTPSG3GV37X,2025-06-30T14:14:24.435095224Z
01JZ0K1FWD7DJNWWYF9M09YE6G,01JZ0JJRG62BDVPN4H0KJ2XPWK,2025-06-30T14:14:46.925541418Z,01JZ0JJRMQ32S1DDP8PZN3RKEA,2025-06-30T14:14:46.925541418Z,01JZ0JN6JMZG2FMKENBAS8NM9Y,2025-06-30T14:14:46.925541418Z,01JZ0JSS7F1SY9KH4T6BDQJZ40,2025-06-30T14:14:46.925541418Z,01JZ0JSSCGD88B8037MSEJ42PW,2025-06-30T14:14:46.925541418Z
01JZ0FKSHDTAC4P4BYP06TWAF3,01JZ0F67X5J6SBR3095JZ2KKHQ,2025-06-30T13:14:52.333397232Z,01JZ0F67ZGT4J2NC89JRSKF93F,2025-06-30T13:14:52.333397232Z,01JZ0FACXFQT958QDG28MQWC64,2025-06-30T13:14:52.333397232Z,01JZ0FHY0FF9TVSRZETCEYCTMP,2025-06-30T13:14:52.333397232Z,01JZ0FHY24PA1R5QHATJEKN4PQ,2025-06-30T13:14:52.333397232Z
01JZ0JVN50F6JK69BAEE3W734V,01JZ0JJRG62BDVPN4H0KJ2XPWK,2025-06-30T14:11:35.712512446Z,01JZ0JJRMQ32S1DDP8PZN3RKEA,2025-06-30T14:11:35.712512446Z,01JZ0JMRHQNNVVVJT7WR7062BD,2025-06-30T14:11:35.712512446Z,01JZ0JSS78RK42Y17VNQFVPT1K,2025-06-30T14:11:35.712512446Z,01JZ0JSS9S1QXT1PTHJVBVWR19,2025-06-30T14:11:35.712512446Z
01JZ0K8BA2X7MYHBFPG9XQEBPP,01JZ0JJRG62BDVPN4H0KJ2XPWK,2025-06-30T14:18:31.618954004Z,01JZ0JJRM7K0MBX3MKCVTKC5NR,2025-06-30T14:18:31.618954004Z,01JZ0JS7KGQTXA56X7MR2N3V4S,2025-06-30T14:18:31.618954004Z,01JZ0K099NNS02HGWW23F906B5,2025-06-30T14:18:31.618954004Z,01JZ0K09MK8N8E3Q5AQXC6W588,2025-06-30T14:18:31.618954004Z
01JZ0MHWX3JPMV40316NWWY6J7,01JZ0KZHFC2GEC175ZSKVHYGR2,2025-06-30T14:41:13.123922061Z,01JZ0KZHHH6W8J7M02JDFMAQF5,2025-06-30T14:41:13.123922061Z,01JZ0M37T5B6J4TKCZ2030N8JQ,2025-06-30T14:41:13.123922061Z,01JZ0MA5916T3H75HESE7GFNFJ,2025-06-30T14:41:13.123922061Z,01JZ0MA5GFKK4TBG9714N52PVS,2025-06-30T14:41:13.123922061Z
01JZ0REX12V8XPM0E00HXBQGX2,01JZ0R44WS56B1WD5354KYAZ6V,2025-06-30T15:49:29.250057829Z,01JZ0R44YW0T94WKHD2ZAT9VPC,2025-06-30T15:49:29.250057829Z,01JZ0R6WK5QD50F4G761FSN8E5,2025-06-30T15:49:29.250057829Z,01JZ0RCZ5WMDRF6E7DKWB3TR0Z,2025-06-30T15:49:29.250057829Z,01JZ0RCZDCAQ37H1J9DDP6X9T0,2025-06-30T15:49:29.250057829Z
01JZ0V92X6KCVYG6FEKX6C7GEW,01JZ0TXM4HA3Q8P6D6TPYYS7R3,2025-06-30T16:38:44.390579135Z,01JZ0TXM7C18DJWS688K2WH576,2025-06-30T16:38:44.390579135Z,01JZ0V0WVFE4ZBB3TWZ97MY0D7,2025-06-30T16:38:44.390579135Z,01JZ0V8ZPY044NTMZW4ZXBD0TN,2025-06-30T16:38:44.390579135Z,01JZ0V8ZX0W3VYTA2SDFYF9AQ0,2025-06-30T16:38:44.390579135Z
01JZ0FSRGBJ4PPM5FPHBY5VJEJ,01JZ0F67X5J6SBR3095JZ2KKHQ,2025-06-30T13:18:07.883530352Z,01JZ0F67ZC5C7QZPK5TEQ23RT2,2025-06-30T13:18:07.883530352Z,01JZ0FD2BN64VRFRHMMV8SJH4Y,2025-06-30T13:18:07.883530352Z,01JZ0FSQ3NCEXR5QF86N66S7M0,2025-06-30T13:18:07.883530352Z,01JZ0FSQ5H5YWKJGNPH9AKT3QM,2025-06-30T13:18:07.883530352Z
01JZ0FQ3MB52A0TNN543P65YC8,01JZ0F67X5J6SBR3095JZ2KKHQ,2025-06-30T13:16:40.971510573Z,01JZ0F67ZJJG6P50PFSVWKXYA5,2025-06-30T13:16:40.971510573Z,01JZ0FBBRPZEFPK4TTVDKWZ7HA,2025-06-30T13:16:40.971510573Z,01JZ0FHJQ8D0RWN5BCAZ63DASG,2025-06-30T13:16:40.971510573Z,01JZ0FHJSKF7RT75F426ES8DWJ,2025-06-30T13:16:40.971510573Z
01JZ0K15NTKWB338J0PZA37B2H,01JZ0JJRG62BDVPN4H0KJ2XPWK,2025-06-30T14:14:36.474256603Z,01JZ0JJRMQ32S1DDP8PZN3RKEA,2025-06-30T14:14:36.474256603Z,01JZ0JR3W3AT1DTGXQJW4YRCNE,2025-06-30T14:14:36.474256603Z,01JZ0JSS70VYGPC0KK37CPRG9X,2025-06-30T14:14:36.474256603Z,01JZ0JSSBR19NJEKZ80M9D66SK,2025-06-30T14:14:36.474256603Z
01JZ0QDM6FY259984AGZC5DPHD,01JZ0Q0CTMMAVY329HW6Z84SYY,2025-06-30T15:31:18.863362406Z,01JZ0Q0CX32Y5M8NZMVY0C598C,2025-06-30T15:31:18.863362406Z,01JZ0Q9VF2E3396PSDD6F3ESVG,2025-06-30T15:31:18.863362406Z,01JZ0QDJGBKYVPQA2SXS058J3H,2025-06-30T15:31:18.863362406Z,01JZ0QDJKB1TX8B3RTEVANCZZE,2025-06-30T15:31:18.863362406Z
01JZ0FQ2W6WA9H08CDF6Z12MNF,01JZ0F67X5J6SBR3095JZ2KKHQ,2025-06-30T13:16:40.198793385Z,01JZ0F67Z61XNM528ZD36RPYGY,2025-06-30T13:16:40.198793385Z,01JZ0FB172KNS8VTXE4YCY4S30,2025-06-30T13:16:40.198793385Z,01JZ0FHHX23ZVHNKQQRRSX500X,2025-06-30T13:16:40.198793385Z,01JZ0FHJ04NPGJKH5CT8RPAH6P,2025-06-30T13:16:40.198793385Z
01JZ0FX1DTS95DRCXJBKBGDVBD,01JZ0F67X5J6SBR3095JZ2KKHQ,2025-06-30T13:19:55.322668914Z,01JZ0F67Z9QH00F8GAXY086HB5,2025-06-30T13:19:55.322668914Z,01JZ0FBZBPYQ4FYZK11FHC8KJR,2025-06-30T13:19:55.322668914Z,01JZ0FNMH15E37EP3N80EBJ48P,2025-06-30T13:19:55.322668914Z,01JZ0FNMPSH9P0DAHTKX2G6Q21,2025-06-30T13:19:55.322668914Z
01JZ0HNEHHT0KX1NBE93NQBEHG,01JZ0H1K4AG17CS34Z9G9MQYDS,2025-06-30T13:50:43.761589355Z,01JZ0H1K706F68YJ8PB50DJAH3,2025-06-30T13:50:43.761589355Z,01JZ0H6EEFSCJKZ89CKKRRVF40,2025-06-30T13:50:43.761589355Z,01JZ0HDDQE67VT5TA23YEM0DK6,2025-06-30T13:50:43.761589355Z,01JZ0HDDW3TQAFASZQK4WDSHQE,2025-06-30T13:50:43.761589355Z
01JZ0MMD6A1QMPR4C42XZFZ9NK,01JZ0KZHFC2GEC175ZSKVHYGR2,2025-06-30T14:42:35.338217318Z,01JZ0KZHHC2JQ9380R79DSYF93,2025-06-30T14:42:35.338217318Z,01JZ0M1RQ5A9ERDM9J4QJBC59B,2025-06-30T14:42:35.338217318Z,01JZ0MGP26NJJGJCWPQGW8F3YX,2025-06-30T14:42:35.338217318Z,01JZ0MGP52H1KJ31M2K04FHCQX,2025-06-30T14:42:35.338217318Z
01JZ0SWQHDADHH9JNJ94KNC0NB,01JZ0S9G3E1V9Y4W1M8GV3AGA9,2025-06-30T16:14:30.95750557Z,01JZ0S9G9GQDAYDBEESMGH4RA5,2025-06-30T16:14:30.95750557Z,01JZ0SF9Q56965BA9MXGSMHAND,2025-06-30T16:14:30.95750557Z,01JZ0SQ3C15Q09HYAH12H13T16,2025-06-30T16:14:30.95750557Z,01JZ0SQ3MCX698F8JET3S4DYA4,2025-06-30T16:14:30.95750557Z
01JZ0T0MKN8H7AB4XKA7XAES3P,01JZ0S9G3E1V9Y4W1M8GV3AGA9,2025-06-30T16:16:39.029934093Z,01JZ0S9GCCCNBKT0N3T9B2PH95,2025-06-30T16:16:39.029934093Z,01JZ0SJRGQS35RAYEGQY664F9W,2025-06-30T16:16:39.029934093Z,01JZ0SRG1SNDH72X9841MMMF4J,2025-06-30T16:16:39.029934093Z,01JZ0SRGFHKAM8XV3T6WQEFP39,2025-06-30T16:16:39.029934093Z
01JZ0FJQ3V74V933MRMRW6X3KE,01JZ0F67X5J6SBR3095JZ2KKHQ,2025-06-30T13:14:17.083695562Z,01JZ0F67ZEPC67VW242P0YYZAA,2025-06-30T13:14:17.083695562Z,01JZ0FBBZEB4A1064AHQHB0AGD,2025-06-30T13:14:17.083695562Z,01JZ0FF152BEQYSVW0DGQ8J2MY,2025-06-30T13:14:17.083695562Z,01JZ0FF16BVJA89DB3AAC6QT97,2025-06-30T13:14:17.083695562Z
01JZ0FF1KCKRX371QFEGP51TDX,01JZ0F67X5J6SBR3095JZ2KKHQ,2025-06-30T13:12:16.748818863Z,01JZ0F67ZEPC67VW242P0YYZAA,2025-06-30T13:12:16.748818863Z,01JZ0FBBZEB4A1064AHQHB0AGD,2025-06-30T13:12:16.748818863Z,01JZ0FF14X0MM27BYR9WVNF7XH,2025-06-30T13:12:16.748818863Z,01JZ0FF15R5CM3SKBF6RT3YR3Y,2025-06-30T13:12:16.748818863Z
01JZ0FP5DHK2AM46Y32JN5GJFZ,01JZ0F67X5J6SBR3095JZ2KKHQ,2025-06-30T13:16:10.033457593Z,01JZ0F6805RKXP4JKMN5N89R8W,2025-06-30T13:16:10.033457593Z,01JZ0FB7Q8CPCSMQA1PGA0EPYG,2025-06-30T13:16:10.033457593Z,01JZ0FEFHWPKWAGJFFY68HH92Z,2025-06-30T13:16:10.033457593Z,01JZ0FEFMKN8GN86SHCG0DWKZD,2025-06-30T13:16:10.033457593Z
01JZ0FSK4VF5JSHNE1CRQAFNVR,01JZ0F67X5J6SBR3095JZ2KKHQ,2025-06-30T13:18:02.395248556Z,01JZ0F67ZJJG6P50PFSVWKXYA5,2025-06-30T13:18:02.395248556Z,01JZ0FBFAEYK03HBFAMJA6FCQN,2025-06-30T13:18:02.395248556Z,01JZ0FHJPK6AHGZZK2A3C93XZV,2025-06-30T13:18:02.395248556Z,01JZ0FHJWH8G0XHP8Y378NPP38,2025-06-30T13:18:02.395248556Z
01JZ0FXE81RS0R2B8MVYJ0MFQS,01JZ0F67X5J6SBR3095JZ2KKHQ,2025-06-30T13:20:08.449696152Z,01JZ0F67ZC5C7QZPK5TEQ23RT2,2025-06-30T13:20:08.449696152Z,01JZ0FD2BN64VRFRHMMV8SJH4Y,2025-06-30T13:20:08.449696152Z,01JZ0FSQ51351EYGBSHM59PBYH,2025-06-30T13:20:08.449696152Z,01JZ0FSQ7STW7D3EN5RCEBHXW2,2025-06-30T13:20:08.449696152Z
01JZ0G2B1JXEH8YHRJN6WM3Z7Z,01JZ0F67X5J6SBR3095JZ2KKHQ,2025-06-30T13:22:49.010076895Z,01JZ0F67Z9QH00F8GAYATW0H4D,2025-06-30T13:22:49.010076895Z,01JZ0FBSD3M4A6AAX7FYM85E2Y,2025-06-30T13:22:49.010076895Z,01JZ0FTXWM694R5TBTQY6QHMR5,2025-06-30T13:22:49.010076895Z,01JZ0FTY185K5JAWP4Y1XCYQAS,2025-06-30T13:22:49.010076895Z
01JZ0HNV5AQ55N2ETCQYPBG118,01JZ0H1K4AG17CS34Z9G9MQYDS,2025-06-30T13:50:56.682205223Z,01JZ0H1K72P9WWMQFG7ACVRNHM,2025-06-30T13:50:56.682205223Z,01JZ0H3BSJ76APYEW8F641XA8T,2025-06-30T13:50:56.682205223Z,01JZ0HKZ2G50KS7CBCD3M87YFZ,2025-06-30T13:50:56.682205223Z,01JZ0HKZ4X2P979H6W9H4D7PSC,2025-06-30T13:50:56.682205223Z
01JZ0HVP7K2QDX8ZJCCDG5S09F,01JZ0H1K4AG17CS34Z9G9MQYDS,2025-06-30T13:54:08.243453795Z,01JZ0H1K72P9WWMQFG7ACVRNHM,2025-06-30T13:54:08.243453795Z,01JZ0H8JNVPGAV40Z6TWKS3PH3,2025-06-30T13:54:08.243453795Z,01JZ0HKZ36G3ZG992AMVD2CV89,2025-06-30T13:54:08.243453795Z,01JZ0HKZ7B8N0GW7N5NK56BBBA,2025-06-30T13:54:08.243453795Z
01JZ0FEG379Y5T926ATNYZJRW7,01JZ0F67X5J6SBR3095JZ2KKHQ,2025-06-30T13:11:58.823858558Z,01JZ0F6805RKXP4JKMN5N89R8W,2025-06-30T13:11:58.823858558Z,01JZ0FBAJB7KQ7GP21NQ7ZFSYY,2025-06-30T13:11:58.823858558Z,01JZ0FEFHQRWH9TECM4DP0QTVV,2025-06-30T13:11:58.823858558Z,01JZ0FEFJEJ9WKHXZGPX5RF8AD,2025-06-30T13:11:58.823858558Z
01JZ0MRD1ZDMMMZ33JPKHF399T,01JZ0KZHFC2GEC175ZSKVHYGR2,2025-06-30T14:44:46.271212692Z,01JZ0KZHHC2JQ9380R79DSYF93,2025-06-30T14:44:46.271212692Z,01JZ0MDBRA35TVD8HTPMBDQBBA,2025-06-30T14:44:46.271212692Z,01JZ0MGP1H08NKC41F4W5N223S,2025-06-30T14:44:46.271212692Z,01JZ0MGP8BRDCBGPKJB1Z2Q7SJ,2025-06-30T14:44:46.271212692Z
01JZ0P4BY4JS2KZRB89227MT6K,01JZ0NSN7EKS122Z238A4PF66D,2025-06-30T15:08:46.916352612Z,01JZ0NSNC1W3B8HBKV7A156B13,2025-06-30T15:08:46.916352612Z,01JZ0NZ4J2HB6T107AP4J98YF9,2025-06-30T15:08:46.916352612Z,01JZ0P49AXV9WYGF468QHGM5YG,2025-06-30T15:08:46.916352612Z,01JZ0P49GKVDQPWPA2V6CTFKMD,2025-06-30T15:08:46.916352612Z
01JZ0PSCVD1MN2MFBNW1R4G5JV,01JZ0PDFE8X2A24VZSJDD0T2BH,2025-06-30T15:20:15.981758131Z,01JZ0PDFG0TZHQMJ413RSFKXP4,2025-06-30T15:20:15.981758131Z,01JZ0PHFA0CKW8FCX9Q96KR3SV,2025-06-30T15:20:15.981758131Z,01JZ0PSB7RH92MEN6JQV9WMFBP,2025-06-30T15:20:15.981758131Z,01JZ0PSBASXJ2YPPJ4DJWBYHZP,2025-06-30T15:20:15.981758131Z
01JZ0SVS03E52XQHE6W0YWVHPW,01JZ0S9G3E1V9Y4W1M8GV3AGA9,2025-06-30T16:13:59.683441608Z,01JZ0S9G7VJHRZZRV1KXAXAXSY,2025-06-30T16:13:59.683441608Z,01JZ0SG74N5JZ3XSFK40RQAATP,2025-06-30T16:13:59.683441608Z,01JZ0SP48F3VDFFJ0GMG3AQPDM,2025-06-30T16:13:59.683441608Z,01JZ0SP4NN2MFH79TTREKW3RP5,2025-06-30T16:13:59.683441608Z
01JZ0TPKX8EDV4AR4VR07EE4JT,01JZ0T594M7DT83RJMYEJDT186,2025-06-30T16:28:39.208875635Z,01JZ0T59780CP4Z1F2CEHFDNAC,2025-06-30T16:28:39.208875635Z,01JZ0T99WGNY3W44R5KQDMRP3G,2025-06-30T16:28:39.208875635Z,01JZ0TGXAWKWP7D51X7AXHZM1D,2025-06-30T16:28:39.208875635Z,01JZ0TGXKSXPBBVRHRVCPPT5ZR,2025-06-30T16:28:39.208875635Z
01JZ0MCMJQK5TPNHBTC7Q8M59S,01JZ0KZHFC2GEC175ZSKVHYGR2,2025-06-30T14:38:20.759796603Z,01JZ0KZHH6W8XDVC696R9C92DG,2025-06-30T14:38:20.759796603Z,01JZ0M68RH26TA36VPTAMVWHEQ,2025-06-30T14:38:20.759796603Z,01JZ0MCKBP7JXVFDMPHNG3WP9F,2025-06-30T14:38:20.759796603Z,01JZ0MCKC6QJY7FR94RS2K074B,2025-06-30T14:38:20.759796603Z
01JZ0FQ3M05V5HPP2NF9KTBPZQ,01JZ0F67X5J6SBR3095JZ2KKHQ,2025-06-30T13:16:40.961036666Z,01JZ0F67ZJJG6P50PFSVWKXYA5,2025-06-30T13:16:40.961036666Z,01JZ0FBFAEYK03HBFAMJA6FCQN,2025-06-30T13:16:40.961036666Z,01JZ0FHJQ8D0RWN5BCAZ63DASG,2025-06-30T13:16:40.961036666Z,01JZ0FHJSKF7RT75F426ES8DWJ,2025-06-30T13:16:40.961036666Z
01JZ0FXE88DYRMB01WK6HK4ETM,01JZ0F67X5J6SBR3095JZ2KKHQ,2025-06-30T13:20:08.456627231Z,01JZ0F67ZC5C7QZPK5TEQ23RT2,2025-06-30T13:20:08.456627231Z,01JZ0FCP4GJ67JPW5DR3EM87QX,2025-06-30T13:20:08.456627231Z,01JZ0FSQ51351EYGBSHM59PBYH,2025-06-30T13:20:08.456627231Z,01JZ0FSQ7STW7D3EN5RCEBHXW2,2025-06-30T13:20:08.456627231Z
01JZ0MHWXM6DQPRK38MR09YMJ4,01JZ0KZHFC2GEC175ZSKVHYGR2,2025-06-30T14:41:13.140082764Z,01JZ0KZHHH6W8J7M02JDFMAQF5,2025-06-30T14:41:13.140082764Z,01JZ0M5STKY126HRQQPVQ7WSVN,2025-06-30T14:41:13.140082764Z,01JZ0MA5916T3H75HESE7GFNFJ,2025-06-30T14:41:13.140082764Z,01JZ0MA5GFKK4TBG9714N52PVS,2025-06-30T14:41:13.140082764Z
01JZ0Q3WMGJ6PJA8J1SYMDAJ0F,01JZ0PDFE8X2A24VZSJDD0T2BH,2025-06-30T15:25:59.824489742Z,01JZ0PDFFH0EDR9F9CYFN0TQY3,2025-06-30T15:25:59.824489742Z,01JZ0PMBRB2ZJXD3FT9KV7JP4H,2025-06-30T15:25:59.824489742Z,01JZ0PVRMDAW37CVDBXYEM2816,2025-06-30T15:25:59.824489742Z,01JZ0PVS42CZ7R23JHD0T5PQ23,2025-06-30T15:25:59.824489742Z
01JZ0TH1WFS9DMJRJEQS3V9QFR,01JZ0T594M7DT83RJMYEJDT186,2025-06-30T16:25:36.911674247Z,01JZ0T59780CP4Z1F2CEHFDNAC,2025-06-30T16:25:36.911674247Z,01JZ0T6HG4Z9MM9B64YAZ61PAA,2025-06-30T16:25:36.911674247Z,01JZ0TGXA1S5N6HXFRX2V318G2,2025-06-30T16:25:36.911674247Z,01JZ0TGXFSD3VHAXWYEX9WEWNR,2025-06-30T16:25:36.911674247Z
01JZ0VGVRKD1P8Z5BX3H6ETQJD,01JZ0TXM4HA3Q8P6D6TPYYS7R3,2025-06-30T16:42:59.219565442Z,01JZ0TXM7C18DJWS688K2WH576,2025-06-30T16:42:59.219565442Z,01JZ0V0F9D3P0J9G840CC0A66D,2025-06-30T16:42:59.219565442Z,01JZ0V8ZVHBE61NZNXKJNKMVA1,2025-06-30T16:42:59.219565442Z,01JZ0V906XKJVFSX4NXN5VSYJB,2025-06-30T16:42:59.219565442Z
01JZ0FEVAV7TSBZVPEN4JDNQTD,01JZ0F67X5J6SBR3095JZ2KKHQ,2025-06-30T13:12:10.331048242Z,01JZ0F67ZMW5MYVAMRDCKET4QV,2025-06-30T13:12:10.331048242Z,01JZ0FDXX39WXMVCCADY0GX2SD,2025-06-30T13:12:10.331048242Z,01JZ0FETS298VMJSD4EETNPRNK,2025-06-30T13:12:10.331048242Z,01JZ0FETSXTFVFRZCJHJGR1VM0,2025-06-30T13:12:10.331048242Z
01JZ0FQF1XJBC149XHKCGK3W8B,01JZ0F67X5J6SBR3095JZ2KKHQ,2025-06-30T13:16:52.669854598Z,01JZ0F67ZGT4J2NC89JRSKF93F,2025-06-30T13:16:52.669854598Z,01JZ0FCYY4QGD4A8984C3YPRN7,2025-06-30T13:16:52.669854598Z,01JZ0FHY0FF9TVSRZETCEYCTMP,2025-06-30T13:16:52.669854598Z,01JZ0FHY2AE8TWA2KG4E1QGE94,2025-06-30T13:16:52.669854598Z
01JZ0FRYJBVCB8ZNQ2VWEECWVC,01JZ0F67X5J6SBR3095JZ2KKHQ,2025-06-30T13:17:41.323319361Z,01JZ0F67ZJJG6P50PFSVWKXYA5,2025-06-30T13:17:41.323319361Z,01JZ0FA7FFS51AB79BBEZA4BBG,2025-06-30T13:17:41.323319361Z,01JZ0FHJQ6GWV3TAVSHME3WGHN,2025-06-30T13:17:41.323319361Z,01JZ0FHJV7ZZD2TA9N2MMMMF3P,2025-06-30T13:17:41.323319361Z
01JZ0HG0GDBPVHSVKAAK1VC740,01JZ0H1K4AG17CS34Z9G9MQYDS,2025-06-30T13:47:45.549971719Z,01JZ0H1K6THHEJQ855QF7WP6P1,2025-06-30T13:47:45.549971719Z,01JZ0H3CNXXCY16G7HRC2VAP66,2025-06-30T13:47:45.549971719Z,01JZ0H8M72KGW5DZTNWT8DQ8F9,2025-06-30T13:47:45.549971719Z,01JZ0H8MA37Y6WY6R0W9WZSGZ3,2025-06-30T13:47:45.549971719Z
01JZ0HVC20EBC10CT27P3KYA2P,01JZ0H1K4AG17CS34Z9G9MQYDS,2025-06-30T13:53:57.824623387Z,01JZ0H1K72P9WWMQFG7ACVRNHM,2025-06-30T13:53:57.824623387Z,01JZ0H3T4YGXY3JXDPRSNCMQN3,2025-06-30T13:53:57.824623387Z,01JZ0HKZ29E8N7W3H1PM11VNZX,2025-06-30T13:53:57.824623387Z,01JZ0HKZ6H5ZK4GHV2BMPSZA9Q,2025-06-30T13:53:57.824623387Z
01JZ0MGQG9C1A478124ZTCERPJ,01JZ0KZHFC2GEC175ZSKVHYGR2,2025-06-30T14:40:34.825836552Z,01JZ0KZHHC2JQ9380R79DSYF93,2025-06-30T14:40:34.825836552Z,01JZ0MGE22GN7DC08WS3FXT3M0,2025-06-30T14:40:34.825836552Z,01JZ0MGP0BR7RSR59YVFT9BBWM,2025-06-30T14:40:34.825836552Z,01JZ0MGP2W9YQKVFWME12ZRKRM,2025-06-30T14:40:34.825836552Z
01JZ0SX34YRWZF6G14396E2GC5,01JZ0S9G3E1V9Y4W1M8GV3AGA9,2025-06-30T16:14:42.846237854Z,01JZ0S9G69Y1BMBR3KZBCDH0XZ,2025-06-30T16:14:42.846237854Z,01JZ0SJ8C2JTDBBCYPNE6VJW23,2025-06-30T16:14:42.846237854Z,01JZ0SN4Z13DGFMWRG6H5FCFZR,2025-06-30T16:14:42.846237854Z,01JZ0SN62T6N1FSEVAV8CX6341,2025-06-30T16:14:42.846237854Z
01JZ0FPCMJKYFS6F33N8D2Q74M,01JZ0F67X5J6SBR3095JZ2KKHQ,2025-06-30T13:16:17.426847112Z,01JZ0F67ZEPC67VW242P0YYZAA,2025-06-30T13:16:17.426847112Z,01JZ0FBBZEB4A1064AHQHB0AGD,2025-06-30T13:16:17.426847112Z,01JZ0FF15AHE88P0R0P51NTMAK,2025-06-30T13:16:17.426847112Z,01JZ0FF16X6T4NKTWJV4SZPBZJ,2025-06-30T13:16:17.426847112Z
01JZ0HJ8FE82S3E1ZCNACEJAAJ,01JZ0H1K4AG17CS34Z9G9MQYDS,2025-06-30T13:48:59.246728987Z,01JZ0H1K7HVYD71R3W6V80C6V1,2025-06-30T13:48:59.246728987Z,01JZ0H5PHBAB5MFCHKQNJGE7KV,2025-06-30T13:48:59.246728987Z,01JZ0HAVRZTB7R8WB82KCJKAG0,2025-06-30T13:48:59.246728987Z,01JZ0HAVWA0FZ1NWBPG5ABKGBB,2025-06-30T13:48:59.246728987Z
01JZ0P808A2X9BNYXFFAVEA96G,01JZ0NSN7EKS122Z238A4PF66D,2025-06-30T15:10:46.026227714Z,01JZ0NSNACQB6FV8GE0XS7JKF9,2025-06-30T15:10:46.026227714Z,01JZ0NZAF5PAQ3ECGHTTXSX02G,2025-06-30T15:10:46.026227714Z,01JZ0P7YKZ0DJ4DJ00YYG0YM4V,2025-06-30T15:10:46.026227714Z,01JZ0P7YPV7TWCE3QD95AP24MA,2025-06-30T15:10:46.026227714Z
01JZ0QN01NQW4KP8FD65QT5WAN,01JZ0Q0CTMMAVY329HW6Z84SYY,2025-06-30T15:35:20.37346095Z,01JZ0Q0CX32Y5M8NZMVY0C598C,2025-06-30T15:35:20.37346095Z,01JZ0Q9VF2E3396PSDD6F3ESVG,2025-06-30T15:35:20.37346095Z,01JZ0QDJGY5GDK8FY589ABY8WR,2025-06-30T15:35:20.37346095Z,01JZ0QDJPRHNXT4A9RSTCQ3F42,2025-06-30T15:35:20.37346095Z
01JZ0STE0KPVKKSKCSBADGF12C,01JZ0S9G3E1V9Y4W1M8GV3AGA9,2025-06-30T16:13:15.667124755Z,01JZ0S9GCCCNBKT0N3T9B2PH95,2025-06-30T16:13:15.667124755Z,01JZ0SP7TST5CACWCPNMPHCFPK,2025-06-30T16:13:15.667124755Z,01JZ0SRFZN1N49MKZCM7JQAT6Y,2025-06-30T16:13:15.667124755Z,01JZ0SRG6SPEV961C2A2QJNNEV,2025-06-30T16:13:15.667124755Z
01JZ0T6TMQCW4935SGY2NJV7DD,01JZ0S9G3E1V9Y4W1M8GV3AGA9,2025-06-30T16:20:01.815602576Z,01JZ0S9G8MSQJNW9QDDX82T8EZ,2025-06-30T16:20:01.815602576Z,01JZ0STMYP8TJX1DM87QADCSSE,2025-06-30T16:20:01.815602576Z,01JZ0T2Z776H5NYH3952M90NE0,2025-06-30T16:20:01.815602576Z,01JZ0T2ZGDPH2GRZSCAH1EZ3W6,2025-06-30T16:20:01.815602576Z
01JZ0TRFAS7J949CG8X3D59RP5,01JZ0T594M7DT83RJMYEJDT186,2025-06-30T16:29:40.057751173Z,01JZ0T59780CP4Z1F2CEHFDNAC,2025-06-30T16:29:40.057751173Z,01JZ0T8PDXGTH6126KNQYQ7G1B,2025-06-30T16:29:40.057751173Z,01JZ0TGXBQRYKR99NPGW0FQKYD,2025-06-30T16:29:40.057751173Z,01JZ0TGXNT7B9NJ6FS9VB0NWWY,2025-06-30T16:29:40.057751173Z
01JZ0FY7DYD4T356B25TZG3FS0,01JZ0F67X5J6SBR3095JZ2KKHQ,2025-06-30T13:20:34.23829065Z,01JZ0F67ZNGQ7M2D3G364WEKWP,2025-06-30T13:20:34.23829065Z,01JZ0FJS48KWCXDKD6ZRVDSXBC,2025-06-30T13:20:34.23829065Z,01JZ0FPGC1CG58GQPHV07YYR7V,2025-06-30T13:20:34.23829065Z,01JZ0FPGKJE0KX4R9CEPZ22FPQ,2025-06-30T13:20:34.23829065Z
01JZ0FMBHWJJNV2P5QGNEB2TBV,01JZ0F67X5J6SBR3095JZ2KKHQ,2025-06-30T13:15:10.780554915Z,01JZ0F67ZMW5MYVAMRDCKET4QV,2025-06-30T13:15:10.780554915Z,01JZ0FDXX39WXMVCCADY0GX2SD,2025-06-30T13:15:10.780554915Z,01JZ0FETS8ER9G1DS9D9GHXGJ5,2025-06-30T13:15:10.780554915Z,01JZ0FETTRYWNQCHHZRR5GKR7V,2025-06-30T13:15:10.780554915Z
01JZ0FNXAPQ8ZKR9ANC4ZBJ2HQ,01JZ0F67X5J6SBR3095JZ2KKHQ,2025-06-30T13:16:01.750346861Z,01JZ0F67Z228X9RHKVM8F1277D,2025-06-30T13:16:01.750346861Z,01JZ0FBGYJV6XECY8PBES7705P,2025-06-30T13:16:01.750346861Z,01JZ0FJ6P04EK093QJBJ8ZQ2DS,2025-06-30T13:16:01.750346861Z,01JZ0FJ6SKHHT4JJ0HD4QT2DS2,2025-06-30T13:16:01.750346861Z
01JZ0FXX8N0BMGCD6MDP8WN7JV,01JZ0F67X5J6SBR3095JZ2KKHQ,2025-06-30T13:20:23.829387701Z,01JZ0F67ZNGQ7M2D3G364WEKWP,2025-06-30T13:20:23.829387701Z,01JZ0FCNHTSC7G0FEF4YCP958P,2025-06-30T13:20:23.829387701Z,01JZ0FPGCJ1Z8BH45CM0BESKJ2,2025-06-30T13:20:23.829387701Z,01JZ0FPGJA1NQQ490FC903YNFJ,2025-06-30T13:20:23.829387701Z
01JZ0HD1SQA8P6NDVDXX252K0Z,01JZ0H1K4AG17CS34Z9G9MQYDS,2025-06-30T13:46:08.567230682Z,01JZ0H1K7KVN4Q30DF0C4SZNQW,2025-06-30T13:46:08.567230682Z,01JZ0H5NHK4FCF20XWKMPQHP0X,2025-06-30T13:46:08.567230682Z,01JZ0H9B6QJSN4ERPYEHH37CV2,2025-06-30T13:46:08.567230682Z,01JZ0H9B8B7D3K3XBM7QNWAJQ1,2025-06-30T13:46:08.567230682Z
01JZ0MBRWAP1T6SS7SCBQGS3M2,01JZ0KZHFC2GEC175ZSKVHYGR2,2025-06-30T14:37:52.394599443Z,01JZ0KZHGXZ28TMC40NC90GVYX,2025-06-30T14:37:52.394599443Z,01JZ0M0Y3WZXVFN2PP6BJX9R12,2025-06-30T14:37:52.394599443Z,01JZ0M9WSQ9DM8WT39RMXP13EB,2025-06-30T14:37:52.394599443Z,01JZ0M9WX0K0A5Z0K704BC9JDE,2025-06-30T14:37:52.394599443Z
01JZ0MHXP8KCSRPAWEWVT6A071,01JZ0KZHFC2GEC175ZSKVHYGR2,2025-06-30T14:41:13.928770872Z,01JZ0KZHGXZ28TMC40NC90GVYX,2025-06-30T14:41:13.928770872Z,01JZ0M51W4TR1XT98HK5JRZZMZ,2025-06-30T14:41:13.928770872Z,01JZ0M9WVB1WWHT5K6G6X9W59V,2025-06-30T14:41:13.928770872Z,01JZ0M9X08W85492TW3PQ0RMWV,2025-06-30T14:41:13.928770872Z
01JZ0RFZTPJH01R76FJP599QMC,01JZ0R44WS56B1WD5354KYAZ6V,2025-06-30T15:50:04.886652843Z,01JZ0R450M24K8ZS9F18EDTFG6,2025-06-30T15:50:04.886652843Z,01JZ0R7JRQCNM0P6EPHSR9C03P,2025-06-30T15:50:04.886652843Z,01JZ0RFVE4BCDRFZQMBJNBKZXN,2025-06-30T15:50:04.886652843Z,01JZ0RFVF3CTD6WR5AYW1NG2YJ,2025-06-30T15:50:04.886652843Z
01JZ0FHKBFDEG0V1DHBP301E38,01JZ0F67X5J6SBR3095JZ2KKHQ,2025-06-30T13:13:40.464001946Z,01JZ0F67ZJJG6P50PFSVWKXYA5,2025-06-30T13:13:40.464001946Z,01JZ0FC4XKNHNZF8W9T4WA3XB0,2025-06-30T13:13:40.464001946Z,01JZ0FHJQAXDE33BTF4PR5DHYN,2025-06-30T13:13:40.464001946Z,01JZ0FHJQTAVZDAJ3YWNVQ8YDV,2025-06-30T13:13:40.464001946Z
01JZ0SXMQG99M7ASW32M6WM5TC,01JZ0S9G3E1V9Y4W1M8GV3AGA9,2025-06-30T16:15:00.848598717Z,01JZ0S9G7VJHRZZRV1KXAXAXSY,2025-06-30T16:15:00.848598717Z,01JZ0SFEC760TZW065ZBPCGFEK,2025-06-30T16:15:00.848598717Z,01JZ0SP4D0CS281Y0996N1R2P4,2025-06-30T16:15:00.848598717Z,01JZ0SP4QF1M3BERGM3812151M,2025-06-30T16:15:00.848598717Z
01JZ0T1578V64KYZG708FEJVYZ,01JZ0S9G3E1V9Y4W1M8GV3AGA9,2025-06-30T16:16:56.041006489Z,01JZ0S9GD9MABT2H3JKQDC0TB1,2025-06-30T16:16:56.041006489Z,01JZ0SFAB8AJ95H1FWSSMEW656,2025-06-30T16:16:56.041006489Z,01JZ0SSG40357K1C9QC3NT64RJ,2025-06-30T16:16:56.041006489Z,01JZ0SSGE3D1TWHBHMGCF08N12,2025-06-30T16:16:56.041006489Z
01JZ0RP57W3JEBBTG3RPQG0WWQ,01JZ0R44WS56B1WD5354KYAZ6V,2025-06-30T15:53:27.036988641Z,01JZ0R44ZAP7PYVAMQ60PRQDRH,2025-06-30T15:53:27.036988641Z,01JZ0R9NKSZXK437J316D7FC4F,2025-06-30T15:53:27.036988641Z,01JZ0RJBMJ9DTWHHQXZG22T28N,2025-06-30T15:53:27.036988641Z,01JZ0RJBV8ENJ54V9KV4K5Q08M,2025-06-30T15:53:27.036988641Z
01JZ0FNVCC3YJP4RQRJ7X9KW8Z,01JZ0F67X5J6SBR3095JZ2KKHQ,2025-06-30T13:15:59.75682407Z,01JZ0F6805RKXP4JKMN5N89R8W,2025-06-30T13:15:59.75682407Z,01JZ0FB7Q8CPCSMQA1PGA0EPYG,2025-06-30T13:15:59.75682407Z,01JZ0FEFHYP40HX368BNFPEFHZ,2025-06-30T13:15:59.75682407Z,01JZ0FEFM4CK3CF3H2ZBKZDA0T,2025-06-30T13:15:59.75682407Z
01JZ0MGAN0E17DANJ7KSGT5DZN,01JZ0KZHFC2GEC175ZSKVHYGR2,2025-06-30T14:40:21.664887016Z,01JZ0KZHH6W8XDVC696R9C92DG,2025-06-30T14:40:21.664887016Z,01JZ0M3AJTJTBWN32ZGK0JDM10,2025-06-30T14:40:21.664887016Z,01JZ0MCKBEDXBCTH25HMPCZETY,2025-06-30T14:40:21.664887016Z,01JZ0MCKDWQ4DAS4BZSTHFFHJY,2025-06-30T14:40:21.664887016Z
01JZ0FGAW9EBPT07GSJG2S2390,01JZ0F67X5J6SBR3095JZ2KKHQ,2025-06-30T13:12:59.017551464Z,01JZ0F6805RKXP4JKMN5N89R8W,2025-06-30T13:12:59.017551464Z,01JZ0FB7Q8CPCSMQA1PGA0EPYG,2025-06-30T13:12:59.017551464Z,01JZ0FEFHXWJDW412MQGZ1YMFV,2025-06-30T13:12:59.017551464Z,01JZ0FEFKFW9ZNMB0GZ41Y9BKN,2025-06-30T13:12:59.017551464Z
01JZ0FSMM0Z335PW153MQ4H74A,01JZ0F67X5J6SBR3095JZ2KKHQ,2025-06-30T13:18:03.904961009Z,01JZ0F67ZGT4J2NC89JRSKF93F,2025-06-30T13:18:03.904961009Z,01JZ0FBDHDTMS687HV4CDN8T2G,2025-06-30T13:18:03.904961009Z,01JZ0FHY0YX6VXD837C7T744D0,2025-06-30T13:18:03.904961009Z,01JZ0FHY3M9QVXEYX75MCXVM2N,2025-06-30T13:18:03.904961009Z
01JZ0PGTMNXEXTBR5YJE04X2JF,01JZ0NSN7EKS122Z238A4PF66D,2025-06-30T15:15:35.189184326Z,01JZ0NSNAYA5ZEAQVB789Y1XW2,2025-06-30T15:15:35.189184326Z,01JZ0P3C0GV76R4Z93PBZWXXD7,2025-06-30T15:15:35.189184326Z,01JZ0PB8CZS6M8SVA60NSTSB4W,2025-06-30T15:15:35.189184326Z,01JZ0PB8GNV0A035FHQX65ZYY9,2025-06-30T15:15:35.189184326Z
01JZ0SVRXYCWY3DNPJASXT0BDQ,01JZ0S9G3E1V9Y4W1M8GV3AGA9,2025-06-30T16:13:59.614335655Z,01JZ0S9G7VJHRZZRV1KXAXAXSY,2025-06-30T16:13:59.614335655Z,01JZ0SFEC760TZW065ZBPCGFEK,2025-06-30T16:13:59.614335655Z,01JZ0SP48F3VDFFJ0GMG3AQPDM,2025-06-30T16:13:59.614335655Z,01JZ0SP4NN2MFH79TTREKW3RP5,2025-06-30T16:13:59.614335655Z
01JZ0SXDVVH6P88VXT0QD1DM1Q,01JZ0S9G3E1V9Y4W1M8GV3AGA9,2025-06-30T16:14:53.821856315Z,01JZ0S9GD9MABT2H3JKQDC0TB1,2025-06-30T16:14:53.821856315Z,01JZ0SBSTT5486HQKVBF06P6DM,2025-06-30T16:14:53.821856315Z,01JZ0SSG56XTAJ4MTPA3PZYF46,2025-06-30T16:14:53.821856315Z,01JZ0SSGAKN594A9625VW8DP41,2025-06-30T16:14:53.821856315Z
01JZ0SYXE2MY60A0TA20XF3N38,01JZ0S9G3E1V9Y4W1M8GV3AGA9,2025-06-30T16:15:42.530080678Z,01JZ0S9G9GQDAYDBEESMGH4RA5,2025-06-30T16:15:42.530080678Z,01JZ0SB23C5WKRVH2QZHNSBQJW,2025-06-30T16:15:42.530080678Z,01JZ0SQ3DBEVRM9PRM588Y44AB,2025-06-30T16:15:42.530080678Z,01JZ0SQ3RJAWHT2K2KFJRJWXW2,2025-06-30T16:15:42.530080678Z
01JZ0FQEHETN005QMKGJ52NP6M,01JZ0F67X5J6SBR3095JZ2KKHQ,2025-06-30T13:16:52.14293352Z,01JZ0F67ZKKPGDC64ETWQZ69WV,2025-06-30T13:16:52.14293352Z,01JZ0FB7M5V5PNCYP6FWZ38KB1,2025-06-30T13:16:52.14293352Z,01JZ0FFEAKA7GSGDZRFXYZKJX4,2025-06-30T13:16:52.14293352Z,01JZ0FFEF973NZ53S63CF72TVH,2025-06-30T13:16:52.14293352Z
01JZ0FKTJ3KT2GRRSH150AKYMP,01JZ0F67X5J6SBR3095JZ2KKHQ,2025-06-30T13:14:53.379554639Z,01JZ0F67ZFPZEHV6BKFXQYDXZZ,2025-06-30T13:14:53.379554639Z,01JZ0FBS7JDEVVPEXEYNA1T4RE,2025-06-30T13:14:53.379554639Z,01JZ0FG2TMDGKK0EJR14EYFE7R,2025-06-30T13:14:53.379554639Z,01JZ0FG2WQ5VW6F0XDQK1WWA5Z,2025-06-30T13:14:53.379554639Z
01JZ0FSCDRPV1576Z6G9HQ5T48,01JZ0F67X5J6SBR3095JZ2KKHQ,2025-06-30T13:17:55.512292387Z,01JZ0F67Z745P2890BJ7Q88E3R,2025-06-30T13:17:55.512292387Z,01JZ0FC56QHHEXNXG28RA69XDS,2025-06-30T13:17:55.512292387Z,01JZ0FHYT7S382Q8K3G91ZN28J,2025-06-30T13:17:55.512292387Z,01JZ0FHYWECQNPZRK99THAKWZV,2025-06-30T13:17:55.512292387Z
01JZ0HNEG5Z0D1PTZZSSJRVTPM,01JZ0H1K4AG17CS34Z9G9MQYDS,2025-06-30T13:50:43.717971813Z,01JZ0H1K706F68YJ8PB50DJAH3,2025-06-30T13:50:43.717971813Z,01JZ0H3PV9DACRQS4WSM89RZB3,2025-06-30T13:50:43.717971813Z,01JZ0HDDQE67VT5TA23YEM0DK6,2025-06-30T13:50:43.717971813Z,01JZ0HDDW3TQAFASZQK4WDSHQE,2025-06-30T13:50:43.717971813Z
01JZ0MECZSYY52R7SX9CBSJSPP,01JZ0KZHFC2GEC175ZSKVHYGR2,2025-06-30T14:39:18.52133135Z,01JZ0KZHGK1V8ZC0AXDBXBYAX9,2025-06-30T14:39:18.52133135Z,01JZ0M27NCTFHR6EHR14Y9BMJS,2025-06-30T14:39:18.52133135Z,01JZ0M8V6QTQ2XMY7H3K1D6P3H,2025-06-30T14:39:18.52133135Z,01JZ0M8V9V4RFKNG1ZYBDF5NW8,2025-06-30T14:39:18.52133135Z
01JZ0PEZSBE9HXCP3TYDTESASE,01JZ0NSN7EKS122Z238A4PF66D,2025-06-30T15:14:34.923360414Z,01JZ0NSNAYA5ZEAQVB789Y1XW2,2025-06-30T15:14:34.923360414Z,01JZ0NVYPF8E0336C41XNTMV12,2025-06-30T15:14:34.923360414Z,01JZ0PB8CZS6M8SVA60NSTSB4W,2025-06-30T15:14:34.923360414Z,01JZ0PB8GAQ67WW9EPR5YC95SB,2025-06-30T15:14:34.923360414Z
01JZ0RJEKAGN37JXPDG2V3PD7D,01JZ0R44WS56B1WD5354KYAZ6V,2025-06-30T15:51:25.546850423Z,01JZ0R44ZAP7PYVAMQ60PRQDRH,2025-06-30T15:51:25.546850423Z,01JZ0R88HFX5N7SW28R5CBVAQ7,2025-06-30T15:51:25.546850423Z,01JZ0RJBJJD277J3G3HQ49QDSN,2025-06-30T15:51:25.546850423Z,01JZ0RJBR5BN0F46D7MGGRRHZE,2025-06-30T15:51:25.546850423Z
01JZ0T1G49VQ4K6A6TYR9HCD7H,01JZ0S9G3E1V9Y4W1M8GV3AGA9,2025-06-30T16:17:07.209637771Z,01JZ0S9GD9MABT2H3JKQDC0TB1,2025-06-30T16:17:07.209637771Z,01JZ0SS4GE1C0ZJG3NGWXA6V0Z,2025-06-30T16:17:07.209637771Z,01JZ0SSG34JT0X3XRW8CEGH08T,2025-06-30T16:17:07.209637771Z,01JZ0SSGGKMNPA168ZKGDDTF18,2025-06-30T16:17:07.209637771Z
01JZ0FJQ44MYQ9XFSNGRW88WXT,01JZ0F67X5J6SBR3095JZ2KKHQ,2025-06-30T13:14:17.092558832Z,01JZ0F67ZEPC67VW242P0YYZAA,2025-06-30T13:14:17.092558832Z,01JZ0F92D7BTC36M9SAY11MMN5,2025-06-30T13:14:17.092558832Z,01JZ0FF152BEQYSVW0DGQ8J2MY,2025-06-30T13:14:17.092558832Z,01JZ0FF16BVJA89DB3AAC6QT97,2025-06-30T13:14:17.092558832Z
01JZ0VCT4P1E808RDDKD1GX0E8,01JZ0TXM4HA3Q8P6D6TPYYS7R3,2025-06-30T16:40:46.486465787Z,01JZ0TXM7C18DJWS688K2WH576,2025-06-30T16:40:46.486465787Z,01JZ0TZYZXZDYD29K8ANGZ398R,2025-06-30T16:40:46.486465787Z,01JZ0V8ZQZFAA3Z4NYN9H5S8FG,2025-06-30T16:40:46.486465787Z,01JZ0V9013X6FEV8W9454Y02MT,2025-06-30T16:40:46.486465787Z
01JZ0FZXQ4PMNVXYVKVSFTKK1Z,01JZ0F67X5J6SBR3095JZ2KKHQ,2025-06-30T13:21:29.828436309Z,01JZ0F67Z8B8A42G6Y5XQ0NS83,2025-06-30T13:21:29.828436309Z,01JZ0FE684K4966TB954TX4AR0,2025-06-30T13:21:29.828436309Z,01JZ0FW5GZ8NR8PVKBDD2P70TS,2025-06-30T13:21:29.828436309Z,01JZ0FW5QYARYR4RFSR8PDQ4P6,2025-06-30T13:21:29.828436309Z
01JZ0PZHWJDFNQW4HAKRMA8MD2,01JZ0PDFE8X2A24VZSJDD0T2BH,2025-06-30T15:23:37.747016053Z,01JZ0PDFFH0EDR9F9CYFN0TQY3,2025-06-30T15:23:37.747016053Z,01JZ0PF2V4RTPDWDRQG4CJRS6D,2025-06-30T15:23:37.747016053Z,01JZ0PVRKCVAZGVD5GK5DEWP0E,2025-06-30T15:23:37.747016053Z,01JZ0PVRTBZ9ZP99VFRK6GXNBQ,2025-06-30T15:23:37.747016053Z
01JZ0SRJT1SQHP46MZRATQ73GA,01JZ0S9G3E1V9Y4W1M8GV3AGA9,2025-06-30T16:12:15.041114488Z,01JZ0S9GCCCNBKT0N3T9B2PH95,2025-06-30T16:12:15.041114488Z,01JZ0SP12CPDZAZJNKRMES3PT5,2025-06-30T16:12:15.041114488Z,01JZ0SRFYRXFVCDDP0ABTHSNX2,2025-06-30T16:12:15.041114488Z,01JZ0SRG3KTZ3R7RP72Z3N594X,2025-06-30T16:12:15.041114488Z
01JZ0FSMMSGH48T42VY47BCJ1M,01JZ0F67X5J6SBR3095JZ2KKHQ,2025-06-30T13:18:03.929339909Z,01JZ0F67ZGT4J2NC89JRSKF93F,2025-06-30T13:18:03.929339909Z,01JZ0FCYY4QGD4A8984C3YPRN7,2025-06-30T13:18:03.929339909Z,01JZ0FHY0YX6VXD837C7T744D0,2025-06-30T13:18:03.929339909Z,01JZ0FHY3M9QVXEYX75MCXVM2N,2025-06-30T13:18:03.929339909Z
01JZ0HSKBTS0YW9R895S20YZM4,01JZ0H1K4AG17CS34Z9G9MQYDS,2025-06-30T13:52:59.770465474Z,01JZ0H1K6XDYNJQ07N0KM3P1VX,2025-06-30T13:52:59.770465474Z,01JZ0HEH4WMXEPRA5Z4S2NQMBH,2025-06-30T13:52:59.770465474Z,01JZ0HJ6KZ6VJHS2QT0Z4BB8RA,2025-06-30T13:52:59.770465474Z,01JZ0HJ6RKJ6RT7XJANE1YQDT8,2025-06-30T13:52:59.770465474Z
01JZ0PD4SQ37P1V0H5YRPHVCH6,01JZ0NSN7EKS122Z238A4PF66D,2025-06-30T15:13:34.519901115Z,01JZ0NSNAYA5ZEAQVB789Y1XW2,2025-06-30T15:13:34.519901115Z,01JZ0P6YH7NNC71XKAERN7EGXC,2025-06-30T15:13:34.519901115Z,01JZ0PB8CZS6M8SVA60NSTSB4W,2025-06-30T15:13:34.519901115Z,01JZ0PB8G159ZN2PJHSS9MHNRV,2025-06-30T15:13:34.519901115Z
01JZ0TAWTJS2AMQV1PWX929YDK,01JZ0S9G3E1V9Y4W1M8GV3AGA9,2025-06-30T16:22:15.122663728Z,01JZ0S9G8MSQJNW9QDDX82T8EZ,2025-06-30T16:22:15.122663728Z,01JZ0SKJNFRFYTYMMSB3A2M8JB,2025-06-30T16:22:15.122663728Z,01JZ0T2Z9DJXQQDN9W9Y1Y0D2X,2025-06-30T16:22:15.122663728Z,01JZ0T2ZPV3MVJCQYMG30GM9C9,2025-06-30T16:22:15.122663728Z
01JZ0FGWC6EQHNGNB7H0K8KQZQ,01JZ0F67X5J6SBR3095JZ2KKHQ,2025-06-30T13:13:16.93426233Z,01JZ0F67ZEPC67VW242P0YYZAA,2025-06-30T13:13:16.93426233Z,01JZ0FB5NM2PBQFGSVXVEDAQ5Y,2025-06-30T13:13:16.93426233Z,01JZ0FF152BEQYSVW0DGQ8J2MY,2025-06-30T13:13:16.93426233Z,01JZ0FF16924XPFD3ZH6W912TQ,2025-06-30T13:13:16.93426233Z
01JZ0MR2WVDA53AJBQX4QNM6TB,01JZ0KZHFC2GEC175ZSKVHYGR2,2025-06-30T14:44:35.867179845Z,01JZ0KZHHC2JQ9380R79DSYF93,2025-06-30T14:44:35.867179845Z,01JZ0MDBRA35TVD8HTPMBDQBBA,2025-06-30T14:44:35.867179845Z,01JZ0MGP1VZQXX9BG0C972GBVY,2025-06-30T14:44:35.867179845Z,01JZ0MGP718208Z55D0FQC9NYH,2025-06-30T14:44:35.867179845Z
01JZ0FS29NHBCF5GHATMQ389MX,01JZ0F67X5J6SBR3095JZ2KKHQ,2025-06-30T13:17:45.141497506Z,01JZ0F67ZT8SK3RX0KMQXRZR64,2025-06-30T13:17:45.141497506Z,01JZ0FCMR7Z7FFG5JXJBS56NZK,2025-06-30T13:17:45.141497506Z,01JZ0FH23M3992P5JC3XVEK99K,2025-06-30T13:17:45.141497506Z,01JZ0FH275W6BAMF8GKWJ7HW2X,2025-06-30T13:17:45.141497506Z
01JZ0SVRZFWB9F4M152ZX3SNKP,01JZ0S9G3E1V9Y4W1M8GV3AGA9,2025-06-30T16:13:59.663668253Z,01JZ0S9G7VJHRZZRV1KXAXAXSY,2025-06-30T16:13:59.663668253Z,01JZ0SMKXSB3XMQCB6RQZ86SBG,2025-06-30T16:13:59.663668253Z,01JZ0SP48F3VDFFJ0GMG3AQPDM,2025-06-30T16:13:59.663668253Z,01JZ0SP4NN2MFH79TTREKW3RP5,2025-06-30T16:13:59.663668253Z
01JZ0TRSS5MBG4EPVXEW7BZN29,01JZ0T594M7DT83RJMYEJDT186,2025-06-30T16:29:50.757721069Z,01JZ0T59780CP4Z1F2CEHFDNAC,2025-06-30T16:29:50.757721069Z,01JZ0TAG5YB2XS2SXDFRSMNV8G,2025-06-30T16:29:50.757721069Z,01JZ0TGXCR7PSB2KKNSYBDY0BZ,2025-06-30T16:29:50.757721069Z,01JZ0TGXR6RVB311YE86XD2ZPR,2025-06-30T16:29:50.757721069Z
01JZ0MJJDJZ9BVW79HAYHR48EY,01JZ0KZHFC2GEC175ZSKVHYGR2,2025-06-30T14:41:35.154328105Z,01JZ0KZHHC2JQ9380R79DSYF93,2025-06-30T14:41:35.154328105Z,01JZ0M1SCZW0JCV54MFTC7P4CZ,2025-06-30T14:41:35.154328105Z,01JZ0MGP26NJJGJCWPQGW8F3YX,2025-06-30T14:41:35.154328105Z,01JZ0MGP4J8WFAZFV2NGPFR81V,2025-06-30T14:41:35.154328105Z
01JZ0JZEDSDZEA465DMCY37F7P,01JZ0JJRG62BDVPN4H0KJ2XPWK,2025-06-30T14:13:39.897809205Z,01JZ0JJRKH7XD764W2MEEG7PFH,2025-06-30T14:13:39.897809205Z,01JZ0JVNB15V13M0SKK8XKHN5V,2025-06-30T14:13:39.897809205Z,01JZ0JZD7EA6CMM8J6BT29CG7T,2025-06-30T14:13:39.897809205Z,01JZ0JZD97EJQ2M37YKB60S9TM,2025-06-30T14:13:39.897809205Z
01JZ0QNMG39CXN2B1N4DV4VPQZ,01JZ0Q0CTMMAVY329HW6Z84SYY,2025-06-30T15:35:41.315477383Z,01JZ0Q0CX32Y5M8NZMVY0C598C,2025-06-30T15:35:41.315477383Z,01JZ0Q1XK4W03P06KT3W3H02FD,2025-06-30T15:35:41.315477383Z,01JZ0QDJJ6PK2DGMBX0ZV8FAWJ,2025-06-30T15:35:41.315477383Z,01JZ0QDJS22S799SNS5WQRJP09,2025-06-30T15:35:41.315477383Z
01JZ0FM05SRZC2PAXVP3JCET1W,01JZ0F67X5J6SBR3095JZ2KKHQ,2025-06-30T13:14:59.129336229Z,01JZ0F67ZPF4121D8VQV580KT1,2025-06-30T13:14:59.129336229Z,01JZ0FAETV0DGAJW6J3NP3S5YD,2025-06-30T13:14:59.129336229Z,01JZ0FG9XR3ADT6FD51B6EJHQB,2025-06-30T13:14:59.129336229Z,01JZ0FG9YZ5VB55AKZGK4GTA80,2025-06-30T13:14:59.129336229Z
01JZ0FP6CXV66FPGD9X7JBVR5X,01JZ0F67X5J6SBR3095JZ2KKHQ,2025-06-30T13:16:11.037164229Z,01JZ0F67ZMW5MYVAMRDCKET4QV,2025-06-30T13:16:11.037164229Z,01JZ0FAZSM5RWSWDK86JFF6JZ6,2025-06-30T13:16:11.037164229Z,01JZ0FETSB3PBM5G2EQ4NJ99Z3,2025-06-30T13:16:11.037164229Z,01JZ0FETV92KY3E6GJ2R794JVJ,2025-06-30T13:16:11.037164229Z
01JZ0FWT554QSET7RDY1NTY67B,01JZ0F67X5J6SBR3095JZ2KKHQ,2025-06-30T13:19:47.877209267Z,01JZ0F67Z9QH00F8GAYATW0H4D,2025-06-30T13:19:47.877209267Z,01JZ0FBSD3M4A6AAX7FYM85E2Y,2025-06-30T13:19:47.877209267Z,01JZ0FTXTTSA7KPT3ZKN66DGDE,2025-06-30T13:19:47.877209267Z,01JZ0FTXZXN4AN1H258C86HK5W,2025-06-30T13:19:47.877209267Z
01JZ0G3Y9A7KQB7EYZ7BMAZ6QC,01JZ0F67X5J6SBR3095JZ2KKHQ,2025-06-30T13:23:41.482519881Z,01JZ0F67Z8B8A42G6Y5XQ0NS83,2025-06-30T13:23:41.482519881Z,01JZ0FMGSF0PK3CA9HTNHT34W1,2025-06-30T13:23:41.482519881Z,01JZ0FW5G0W9NQCXN3NK81J7WX,2025-06-30T13:23:41.482519881Z,01JZ0FW5WER34PXY39ZZCV97CQ,2025-06-30T13:23:41.482519881Z
01JZ0HC1S9528JR66BRS655FQ0,01JZ0H1K4AG17CS34Z9G9MQYDS,2025-06-30T13:45:35.785741101Z,01JZ0H1K7C3FKHJS5GP9RE7N8D,2025-06-30T13:45:35.785741101Z,01JZ0H4TXV5HDVPR9EH08YRVXA,2025-06-30T13:45:35.785741101Z,01JZ0HA59FS77DYF0M07SAVR93,2025-06-30T13:45:35.785741101Z,01JZ0HA5CX9Z7G6RBRWH2NAXB6,2025-06-30T13:45:35.785741101Z
01JZ0HNV5GR3V6FA4YP7AJGZW3,01JZ0H1K4AG17CS34Z9G9MQYDS,2025-06-30T13:50:56.688286983Z,01JZ0H1K72P9WWMQFG7ACVRNHM,2025-06-30T13:50:56.688286983Z,01JZ0HFMYKSMAV2RS6KF5GZ9M7,2025-06-30T13:50:56.688286983Z,01JZ0HKZ2G50KS7CBCD3M87YFZ,2025-06-30T13:50:56.688286983Z,01JZ0HKZ4X2P979H6W9H4D7PSC,2025-06-30T13:50:56.688286983Z
01JZ0RN46CRWQWEZ87ZTA9FZZH,01JZ0R44WS56B1WD5354KYAZ6V,2025-06-30T15:52:53.196743399Z,01JZ0R44YW0T94WKHD2ZAT9VPC,2025-06-30T15:52:53.196743399Z,01JZ0R87RQQ80K7DPTNHVHAFYR,2025-06-30T15:52:53.196743399Z,01JZ0RCZ7XV6VK940BWEQH2TS7,2025-06-30T15:52:53.196743399Z,01JZ0RCZPD9WDAGAARRMDWB95V,2025-06-30T15:52:53.196743399Z
01JZ0VHQMMFYB1F4ANJQY7NR9P,01JZ0TXM4HA3Q8P6D6TPYYS7R3,2025-06-30T16:43:27.764115608Z,01JZ0TXMB9EHVXHHHV3J3SQY3A,2025-06-30T16:43:27.764115608Z,01JZ0V6D24J8EMX9VZ5TJX2AXC,2025-06-30T16:43:27.764115608Z,01JZ0VC1S39MS0B0H13TGRSYRF,2025-06-30T16:43:27.764115608Z,01JZ0VC25FKFRXHJBWRFR8MKCM,2025-06-30T16:43:27.764115608Z
01JZ0FHYPDMZHPTKTTXD7TMRX7,01JZ0F67X5J6SBR3095JZ2KKHQ,2025-06-30T13:13:52.077447389Z,01JZ0F67ZGT4J2NC89JRSKF93F,2025-06-30T13:13:52.077447389Z,01JZ0FBDHDTMS687HV4CDN8T2G,2025-06-30T13:13:52.077447389Z,01JZ0FHY06VJS12RZKPGXVB09V,2025-06-30T13:13:52.077447389Z,01JZ0FHY1D6H1D4DAJN43W8G67,2025-06-30T13:13:52.077447389Z
01JZ0FX8PQZFRE4QD62DECA8S9,01JZ0F67X5J6SBR3095JZ2KKHQ,2025-06-30T13:20:02.775172621Z,01JZ0F67ZNGQ7M2D3G3M0R8ZTD,2025-06-30T13:20:02.775172621Z,01JZ0FC09D1G1AHZCQZX30N8GY,2025-06-30T13:20:02.775172621Z,01JZ0FNH5RFAQH4BE8QPA9KQ5S,2025-06-30T13:20:02.775172621Z,01JZ0FNH9AKCN2MMZMWC8MBTT0,2025-06-30T13:20:02.775172621Z
01JZ0P4BX3CYNWTPKJ5BC9HYFE,01JZ0NSN7EKS122Z238A4PF66D,2025-06-30T15:08:46.88394653Z,01JZ0NSNC1W3B8HBKV7A156B13,2025-06-30T15:08:46.88394653Z,01JZ0P0EBY7VSQYSD3AZX9YSX7,2025-06-30T15:08:46.88394653Z,01JZ0P49AXV9WYGF468QHGM5YG,2025-06-30T15:08:46.88394653Z,01JZ0P49GKVDQPWPA2V6CTFKMD,2025-06-30T15:08:46.88394653Z
01JZ0FWJKZMBDZTCSM6GTXT4HQ,01JZ0F67X5J6SBR3095JZ2KKHQ,2025-06-30T13:19:40.159626587Z,01JZ0F67ZBCBNFH7W25EXNBXDS,2025-06-30T13:19:40.159626587Z,01JZ0FDJ7PWA5XP2271CRJKXBG,2025-06-30T13:19:40.159626587Z,01JZ0FMTGSXZ0PE0V260NPYTTX,2025-06-30T13:19:40.159626587Z,01JZ0FMTKS92JPRD7H687CCF0F,2025-06-30T13:19:40.159626587Z
01JZ0HHW8E8B42AGHC4N86V6B9,01JZ0H1K4AG17CS34Z9G9MQYDS,2025-06-30T13:48:46.734154786Z,01JZ0H1K7C3FKHJS5GP9RE7N8D,2025-06-30T13:48:46.734154786Z,01JZ0H6K2HFSCPNFH59C03RZVV,2025-06-30T13:48:46.734154786Z,01JZ0HA58VSZX7J2P38WPTHP06,2025-06-30T13:48:46.734154786Z,01JZ0HA5GS32GQV6315XEFW0FY,2025-06-30T13:48:46.734154786Z
01JZ0K4YSH9ESZ5KSNFNRZPM1X,01JZ0JJRG62BDVPN4H0KJ2XPWK,2025-06-30T14:16:40.497349282Z,01JZ0JJRKH7XD764W2MEEG7PFH,2025-06-30T14:16:40.497349282Z,01JZ0JQCKEA261XTRR4HTBQ2S1,2025-06-30T14:16:40.497349282Z,01JZ0JZD8STSHTGJ2FBE9QM7PE,2025-06-30T14:16:40.497349282Z,01JZ0JZDB5VWYNWFMPX9PBJ51N,2025-06-30T14:16:40.497349282Z
01JZ0SQ67Y7VX77E1X2C27608Q,01JZ0S9G3E1V9Y4W1M8GV3AGA9,2025-06-30T16:11:29.40610386Z,01JZ0S9G9GQDAYDBEESMGH4RA5,2025-06-30T16:11:29.40610386Z,01JZ0SK9JXYJAB5JG2TDNVPFF3,2025-06-30T16:11:29.40610386Z,01JZ0SQ3BA4JJ0BDCF8FJ8ZX53,2025-06-30T16:11:29.40610386Z,01JZ0SQ3G36C1JSE2VHA9RAVGA,2025-06-30T16:11:29.40610386Z
01JZ0VAYZA5MRWS7V8VWDQYN9H,01JZ0TXM4HA3Q8P6D6TPYYS7R3,2025-06-30T16:39:45.898215263Z,01JZ0TXM7C18DJWS688K2WH576,2025-06-30T16:39:45.898215263Z,01JZ0V0WVFE4ZBB3TWZ97MY0D7,2025-06-30T16:39:45.898215263Z,01JZ0V8ZQZFAA3Z4NYN9H5S8FG,2025-06-30T16:39:45.898215263Z,01JZ0V90034NVD22Q7BJYKHTKE,2025-06-30T16:39:45.898215263Z
01JZ0HE59J8YDNJANDQA9RA4QB,01JZ0H1K4AG17CS34Z9G9MQYDS,2025-06-30T13:46:44.914821231Z,01JZ0H1K7A7HBJ5WZC7T99GVBX,2025-06-30T13:46:44.914821231Z,01JZ0H45W0M8M5CSQ69GQ678PR,2025-06-30T13:46:44.914821231Z,01JZ0HAECPB75NSKW408592PHJ,2025-06-30T13:46:44.914821231Z,01JZ0HAEGSNH2JMHJS0Y20K363,2025-06-30T13:46:44.914821231Z
01JZ0QFF84SSAQ93H6J7N6SSBM,01JZ0Q0CTMMAVY329HW6Z84SYY,2025-06-30T15:32:19.332839148Z,01JZ0Q0CX32Y5M8NZMVY0C598C,2025-06-30T15:32:19.332839148Z,01JZ0QCV193MBKKSGA9DDJJBJY,2025-06-30T15:32:19.332839148Z,01JZ0QDJJNPEJ5YZK89YN764ZV,2025-06-30T15:32:19.332839148Z,01JZ0QDJMX8YN2FJ0XBPVCQTTS,2025-06-30T15:32:19.332839148Z
01JZ0QK4X5N1BMPYYK7FFEPN5A,01JZ0Q0CTMMAVY329HW6Z84SYY,2025-06-30T15:34:19.813832592Z,01JZ0Q0CX32Y5M8NZMVY0C598C,2025-06-30T15:34:19.813832592Z,01JZ0Q37ZE5E8WW1TTY1J69H1X,2025-06-30T15:34:19.813832592Z,01JZ0QDJJNPEJ5YZK89YN764ZV,2025-06-30T15:34:19.813832592Z,01JZ0QDJNPFM40F9X4P2AW9QRA,2025-06-30T15:34:19.813832592Z
01JZ0VKK8G2J82Q43N872AGX0N,01JZ0TXM4HA3Q8P6D6TPYYS7R3,2025-06-30T16:44:28.8170165Z,01JZ0TXMB9EHVXHHHV3J3SQY3A,2025-06-30T16:44:28.8170165Z,01JZ0V0BHD367W9MS1M0PZJGYW,2025-06-30T16:44:28.8170165Z,01JZ0VC1T42YN6CTRNE5QH5YZH,2025-06-30T16:44:28.8170165Z,01JZ0VC289MGAPZQQ32ZEHMK2Q,2025-06-30T16:44:28.8170165Z
01JZ0K6STSBQ5YBY8XB6EX2K65,01JZ0JJRG62BDVPN4H0KJ2XPWK,2025-06-30T14:17:40.953697244Z,01JZ0JJRKH7XD764W2MEEG7PFH,2025-06-30T14:17:40.953697244Z,01JZ0JQCKEA261XTRR4HTBQ2S1,2025-06-30T14:17:40.953697244Z,01JZ0JZD8JXKMQQW9WMSBKBY23,2025-06-30T14:17:40.953697244Z,01JZ0JZDBZ99Q253HVMEA4FN37,2025-06-30T14:17:40.953697244Z
01JZ0HF9RHRP21743N97DS29WM,01JZ0H1K4AG17CS34Z9G9MQYDS,2025-06-30T13:47:22.257566483Z,01JZ0H1K706F68YJ8PB50DJAH3,2025-06-30T13:47:22.257566483Z,01JZ0HD6YGD591QW3T9DNTT5JC,2025-06-30T13:47:22.257566483Z,01JZ0HDDQ1TQC05SZV1MP12GS4,2025-06-30T13:47:22.257566483Z,01JZ0HDDS74239BGHWBEHATDCG,2025-06-30T13:47:22.257566483Z
01JZ0MGANF63RQA72695ERE1D5,01JZ0KZHFC2GEC175ZSKVHYGR2,2025-06-30T14:40:21.679351582Z,01JZ0KZHH6W8XDVC696R9C92DG,2025-06-30T14:40:21.679351582Z,01JZ0M1DADVFP84XH2E4QDPEBE,2025-06-30T14:40:21.679351582Z,01JZ0MCKBEDXBCTH25HMPCZETY,2025-06-30T14:40:21.679351582Z,01JZ0MCKDWQ4DAS4BZSTHFFHJY,2025-06-30T14:40:21.679351582Z
01JZ0MHXNN124ASTEAV2YWFK7Q,01JZ0KZHFC2GEC175ZSKVHYGR2,2025-06-30T14:41:13.909885459Z,01JZ0KZHGXZ28TMC40NC90GVYX,2025-06-30T14:41:13.909885459Z,01JZ0M5MW3G4T4PP7E53EJSCT4,2025-06-30T14:41:13.909885459Z,01JZ0M9WVB1WWHT5K6G6X9W59V,2025-06-30T14:41:13.909885459Z,01JZ0M9X08W85492TW3PQ0RMWV,2025-06-30T14:41:13.909885459Z
01JZ0SXCE5K8XS1Z84QD97AMW5,01JZ0S9G3E1V9Y4W1M8GV3AGA9,2025-06-30T16:14:52.35792822Z,01JZ0S9G72AZ3MF9HASHX1PW43,2025-06-30T16:14:52.35792822Z,01JZ0SMZHYMDQK8WF64HD0D3K4,2025-06-30T16:14:52.35792822Z,01JZ0SSF5TTEGA4KE9KCX2D069,2025-06-30T16:14:52.35792822Z,01JZ0SSFCJFDQ5TQEMZJ8D7G65,2025-06-30T16:14:52.35792822Z
01JZ0T4Z2GBT2V037KQE9FE4Q4,01JZ0S9G3E1V9Y4W1M8GV3AGA9,2025-06-30T16:19:00.816610345Z,01JZ0S9G8MSQJNW9QDDX82T8EZ,2025-06-30T16:19:00.816610345Z,01JZ0SQN0MATNWGY38TW5RFDS2,2025-06-30T16:19:00.816610345Z,01JZ0T2Z776H5NYH3952M90NE0,2025-06-30T16:19:00.816610345Z,01JZ0T2ZFPDV5D7H1VBDA9J26G,2025-06-30T16:19:00.816610345Z
01JZ0TH2BJMRDXNBR8E9WFD0EK,01JZ0T594M7DT83RJMYEJDT186,2025-06-30T16:25:37.39452029Z,01JZ0T59780CP4Z1F2CEHFDNAC,2025-06-30T16:25:37.39452029Z,01JZ0T8PDXGTH6126KNQYQ7G1B,2025-06-30T16:25:37.39452029Z,01JZ0TGXA1S5N6HXFRX2V318G2,2025-06-30T16:25:37.39452029Z,01JZ0TGXFSD3VHAXWYEX9WEWNR,2025-06-30T16:25:37.39452029Z
01JZ0G48FNC01ZRQYG4AVWYSRJ,01JZ0F67X5J6SBR3095JZ2KKHQ,2025-06-30T13:23:51.925821188Z,01JZ0F67Z8B8A42G6Y5XQ0NS83,2025-06-30T13:23:51.925821188Z,01JZ0FB65N9AA5DRTF3YEVRMGT,2025-06-30T13:23:51.925821188Z,01JZ0FW5ERYWRKT75VNMKFW57X,2025-06-30T13:23:51.925821188Z,01JZ0FW60X3TQ3EH9FYEX0B18G,2025-06-30T13:23:51.925821188Z
01JZ0HCADNSMVPCSMMAHVTZNBV,01JZ0H1K4AG17CS34Z9G9MQYDS,2025-06-30T13:45:44.629906445Z,01JZ0H1K7A7HBJ5WZC7T99GVBX,2025-06-30T13:45:44.629906445Z,01JZ0FRASJYKEGEJZYSW2BXAXV,2025-06-30T13:45:44.629906445Z,01JZ0HAECPB75NSKW408592PHJ,2025-06-30T13:45:44.629906445Z,01JZ0HAEGHN57EQQXTHRM3E07Z,2025-06-30T13:45:44.629906445Z
01JZ0HVP6ZV1EAJWQ2JGGRHJE9,01JZ0H1K4AG17CS34Z9G9MQYDS,2025-06-30T13:54:08.223370765Z,01JZ0H1K72P9WWMQFG7ACVRNHM,2025-06-30T13:54:08.223370765Z,01JZ0HFMYKSMAV2RS6KF5GZ9M7,2025-06-30T13:54:08.223370765Z,01JZ0HKZ36G3ZG992AMVD2CV89,2025-06-30T13:54:08.223370765Z,01JZ0HKZ7B8N0GW7N5NK56BBBA,2025-06-30T13:54:08.223370765Z
01JZ0FW29PXFDNKRDR0QFWY7ZH,01JZ0F67X5J6SBR3095JZ2KKHQ,2025-06-30T13:19:23.446964223Z,01JZ0F67ZNGQ7M2D3G364WEKWP,2025-06-30T13:19:23.446964223Z,01JZ0FHSMZ1RKYF919HZF316MP,2025-06-30T13:19:23.446964223Z,01JZ0FPGD3R4XTCQYX0YWJ9PM8,2025-06-30T13:19:23.446964223Z,01JZ0FPGGZTYJ67302VQXHZW12,2025-06-30T13:19:23.446964223Z
01JZ0K6MEE3KGXQDWWASBXDGP9,01JZ0JJRG62BDVPN4H0KJ2XPWK,2025-06-30T14:17:35.438697322Z,01JZ0JJRK7MTN7FAC1224V82KC,2025-06-30T14:17:35.438697322Z,01JZ0JMRZCYKKS11NMJE3Z1M2V,2025-06-30T14:17:35.438697322Z,01JZ0JYWX29707X9HXFTM1W07C,2025-06-30T14:17:35.438697322Z,01JZ0JYX5C9W7WA9MZEJ86042C,2025-06-30T14:17:35.438697322Z
01JZ0NWR9049RHTRDK404VMVD8,01JZ0N9PMZHSN31DAQRPMDQCYE,2025-06-30T15:04:37.408262287Z,01JZ0N9PPX2EBNCBEJCH5EHX43,2025-06-30T15:04:37.408262287Z,01JZ0NCH65T5YAFMH2EDFYXMCM,2025-06-30T15:04:37.408262287Z,01JZ0NQ6AS26ETG3TZPNN36FTM,2025-06-30T15:04:37.408262287Z,01JZ0NQ6DTMPVHS1CNXFSFA3WG,2025-06-30T15:04:37.408262287Z
01JZ0RR2THYCK60RE704RPGQ79,01JZ0R44WS56B1WD5354KYAZ6V,2025-06-30T15:54:30.097343945Z,01JZ0R450M24K8ZS9F18EDTFG6,2025-06-30T15:54:30.097343945Z,01JZ0R79Q3SA31NRXSVYNGK5T9,2025-06-30T15:54:30.097343945Z,01JZ0RFVBFFNRKJT9EHEAYC485,2025-06-30T15:54:30.097343945Z,01JZ0RFVWN170CBGHE0CV24TPX,2025-06-30T15:54:30.097343945Z
01JZ0SVHABE38V57ZJ3HVRD76W,01JZ0S9G3E1V9Y4W1M8GV3AGA9,2025-06-30T16:13:51.819498001Z,01JZ0S9G72AZ3MF9HASHX1PW43,2025-06-30T16:13:51.819498001Z,01JZ0SMZHYMDQK8WF64HD0D3K4,2025-06-30T16:13:51.819498001Z,01JZ0SSF5TTEGA4KE9KCX2D069,2025-06-30T16:13:51.819498001Z,01JZ0SSFBKBM785PYNTX6BTW25,2025-06-30T16:13:51.819498001Z
01JZ0HAFBK4PGY63NNPFVSME9N,01JZ0H1K4AG17CS34Z9G9MQYDS,2025-06-30T13:44:44.147230171Z,01JZ0H1K7A7HBJ5WZC7T99GVBX,2025-06-30T13:44:44.147230171Z,01JZ0H5G63GV0PY89GCTJ3RTN8,2025-06-30T13:44:44.147230171Z,01JZ0HAECCDKM76ZCV44MHEJAX,2025-06-30T13:44:44.147230171Z,01JZ0HAEFC0ZPCW62QHGME40FT,2025-06-30T13:44:44.147230171Z
01JZ0FTBK9XHZEM6MMB8922CYZ,01JZ0F67X5J6SBR3095JZ2KKHQ,2025-06-30T13:18:27.433556147Z,01JZ0F67ZBCBNFH7W25EXNBXDS,2025-06-30T13:18:27.433556147Z,01JZ0FCN8BDH6X8PVE3VG95N20,2025-06-30T13:18:27.433556147Z,01JZ0FMTH61B85RYBN11B94K2X,2025-06-30T13:18:27.433556147Z,01JZ0FMTJP1X31M568THSCTWW6,2025-06-30T13:18:27.433556147Z
01JZ0REX6DA2SZAVGWAK65057B,01JZ0R44WS56B1WD5354KYAZ6V,2025-06-30T15:49:29.421714555Z,01JZ0R44YW0T94WKHD2ZAT9VPC,2025-06-30T15:49:29.421714555Z,01JZ0R7M0GNQWHJJYSHNG909HC,2025-06-30T15:49:29.421714555Z,01JZ0RCZ5WMDRF6E7DKWB3TR0Z,2025-06-30T15:49:29.421714555Z,01JZ0RCZDCAQ37H1J9DDP6X9T0,2025-06-30T15:49:29.421714555Z
01JZ0TAHVV2684X5DB0DWWR60N,01JZ0S9G3E1V9Y4W1M8GV3AGA9,2025-06-30T16:22:03.899966658Z,01JZ0S9G8MSQJNW9QDDX82T8EZ,2025-06-30T16:22:03.899966658Z,01JZ0SQN0MATNWGY38TW5RFDS2,2025-06-30T16:22:03.899966658Z,01JZ0T2Z8JE59FQ9P0RNZCZNKS,2025-06-30T16:22:03.899966658Z,01JZ0T2ZM04F8MPR8PZR893EM7,2025-06-30T16:22:03.899966658Z
01JZ0FGAVVM8F9AF00G0S6X0S0,01JZ0F67X5J6SBR3095JZ2KKHQ,2025-06-30T13:12:59.003632391Z,01JZ0F6805RKXP4JKMN5N89R8W,2025-06-30T13:12:59.003632391Z,01JZ0FBK3D0FB3G5QDK7X1X7G7,2025-06-30T13:12:59.003632391Z,01JZ0FEFHXWJDW412MQGZ1YMFV,2025-06-30T13:12:59.003632391Z,01JZ0FEFKFW9ZNMB0GZ41Y9BKN,2025-06-30T13:12:59.003632391Z
01JZ0FRCRAS0X3FQ1R4D42MJQ3,01JZ0F67X5J6SBR3095JZ2KKHQ,2025-06-30T13:17:23.083040354Z,01JZ0F67ZNGQ7M2D3G364WEKWP,2025-06-30T13:17:23.083040354Z,01JZ0FCNHTSC7G0FEF4YCP958P,2025-06-30T13:17:23.083040354Z,01JZ0FPGD3R4XTCQYX0YWJ9PM8,2025-06-30T13:17:23.083040354Z,01JZ0FPGFYDMCV4FVJVHGQ1D12,2025-06-30T13:17:23.083040354Z
01JZ0HE76GD31QE22AA4E0EFV7,01JZ0H1K4AG17CS34Z9G9MQYDS,2025-06-30T13:46:46.864441877Z,01JZ0H1K78HDDW9F2WM1P8VZMN,2025-06-30T13:46:46.864441877Z,01JZ0H3DD6JF5G5S76TR0MC0NN,2025-06-30T13:46:46.864441877Z,01JZ0HAGSF134DXMQJAXEF8DCZ,2025-06-30T13:46:46.864441877Z,01JZ0HAGV6G3DJPC3A564GGRC0,2025-06-30T13:46:46.864441877Z
01JZ0K1VFCAS5FZXAHAN2BBKWE,01JZ0JJRG62BDVPN4H0KJ2XPWK,2025-06-30T14:14:58.796906163Z,01JZ0JJRKVJXBJGVYTJ6TBMBFM,2025-06-30T14:14:58.796906163Z,01JZ0JT6RPMCT74P4JP8THD1T8,2025-06-30T14:14:58.796906163Z,01JZ0JW9G1715DA28FHK9V31XS,2025-06-30T14:14:58.796906163Z,01JZ0JW9KGW8AB7MX6GG82BSHN,2025-06-30T14:14:58.796906163Z
01JZ0VJFK4FSV66P6R69WTBZTJ,01JZ0TXM4HA3Q8P6D6TPYYS7R3,2025-06-30T16:43:52.292822456Z,01JZ0TXM9G1YQW4PKWAZEHBP4X,2025-06-30T16:43:52.292822456Z,01JZ0V898AG8ABR4XHNVSDEQYC,2025-06-30T16:43:52.292822456Z,01JZ0VA3A76VA7SZXG7HPB9DY1,2025-06-30T16:43:52.292822456Z,01JZ0VA3QF98P0RT7YVWR7M0KD,2025-06-30T16:43:52.292822456Z
01JZ0FMRDRT22BXPC4GY4YT4KM,01JZ0F67X5J6SBR3095JZ2KKHQ,2025-06-30T13:15:23.960079927Z,01JZ0F67ZT8SK3RX0KMQXRZR64,2025-06-30T13:15:23.960079927Z,01JZ0FCMR7Z7FFG5JXJBS56NZK,2025-06-30T13:15:23.960079927Z,01JZ0FH235VE50PMY57N3YDJG9,2025-06-30T13:15:23.960079927Z,01JZ0FH2567KT8C7C7MRJ8ZSY4,2025-06-30T13:15:23.960079927Z
01JZ0HW0FQZCY0YT7ACY3SVTHB,01JZ0H1K4AG17CS34Z9G9MQYDS,2025-06-30T13:54:18.743062668Z,01JZ0H1K72P9WWMQFG7ACVRNHM,2025-06-30T13:54:18.743062668Z,01JZ0H8JNVPGAV40Z6TWKS3PH3,2025-06-30T13:54:18.743062668Z,01JZ0HKZ3019V16DNNX4C0SER7,2025-06-30T13:54:18.743062668Z,01JZ0HKZ993S1Q2M5ZDQE5DPHV,2025-06-30T13:54:18.743062668Z
01JZ0MC22J4CG5F6NX05APDA1S,01JZ0KZHFC2GEC175ZSKVHYGR2,2025-06-30T14:38:01.8109109Z,01JZ0KZHHH6W8J7M02JDFMAQF5,2025-06-30T14:38:01.8109109Z,01JZ0M5STKY126HRQQPVQ7WSVN,2025-06-30T14:38:01.8109109Z,01JZ0MA57G6F6CZSS6TXQYY4X3,2025-06-30T14:38:01.8109109Z,01JZ0MA5C5QDZRV3ZH1ZHXBX0P,2025-06-30T14:38:01.8109109Z
01JZ0MJ5DTWWJWW1366GA00JDA,01JZ0KZHFC2GEC175ZSKVHYGR2,2025-06-30T14:41:21.850619169Z,01JZ0KZHH6W8XDVC696R9C92DG,2025-06-30T14:41:21.850619169Z,01JZ0M1DADVFP84XH2E4QDPEBE,2025-06-30T14:41:21.850619169Z,01JZ0MCKBEDXBCTH25HMPCZETY,2025-06-30T14:41:21.850619169Z,01JZ0MCKE44Q59B1909WN6GQV8,2025-06-30T14:41:21.850619169Z
01JZ0RDW0HF98EK5F0Z4MVQZXN,01JZ0R44WS56B1WD5354KYAZ6V,2025-06-30T15:48:55.441891049Z,01JZ0R44ZMT5HYXWVABB60AH0G,2025-06-30T15:48:55.441891049Z,01JZ0R9YBP53FHZRSC3KJMTX8V,2025-06-30T15:48:55.441891049Z,01JZ0RDSARBR93RXQPV6J6CPZJ,2025-06-30T15:48:55.441891049Z,01JZ0RDSF4EXE0C2492C29ZXYS,2025-06-30T15:48:55.441891049Z
01JZ0T0MMPA71ZMFR18TH2G0W2,01JZ0S9G3E1V9Y4W1M8GV3AGA9,2025-06-30T16:16:39.062581555Z,01JZ0S9GCCCNBKT0N3T9B2PH95,2025-06-30T16:16:39.062581555Z,01JZ0SF6SRD67J9Q4V8979AFYM,2025-06-30T16:16:39.062581555Z,01JZ0SRG1SNDH72X9841MMMF4J,2025-06-30T16:16:39.062581555Z,01JZ0SRGFHKAM8XV3T6WQEFP39,2025-06-30T16:16:39.062581555Z
01JZ0HAX0VBZJ8R8KB3C3T3QE9,01JZ0H1K4AG17CS34Z9G9MQYDS,2025-06-30T13:44:58.13920374Z,01JZ0H1K7HVYD71R3W6V80C6V1,2025-06-30T13:44:58.13920374Z,01JZ0H3VXRWN9J2736JNSGF5MJ,2025-06-30T13:44:58.13920374Z,01JZ0HAVRPKHJMVSD30J2TBSPZ,2025-06-30T13:44:58.13920374Z,01JZ0HAVT6FVFRBXCZ7A07HDCT,2025-06-30T13:44:58.13920374Z
01JZ0HVP6R7XVPGTNRQ4ZF41DK,01JZ0H1K4AG17CS34Z9G9MQYDS,2025-06-30T13:54:08.21614732Z,01JZ0H1K72P9WWMQFG7ACVRNHM,2025-06-30T13:54:08.21614732Z,01JZ0H6Y1FWY7X7YNWMGA41ZX8,2025-06-30T13:54:08.21614732Z,01JZ0HKZ36G3ZG992AMVD2CV89,2025-06-30T13:54:08.21614732Z,01JZ0HKZ7B8N0GW7N5NK56BBBA,2025-06-30T13:54:08.21614732Z
01JZ0RJKFQEX12JVR4307XVE09,01JZ0R44WS56B1WD5354KYAZ6V,2025-06-30T15:51:30.551702631Z,01JZ0R44YW0T94WKHD2ZAT9VPC,2025-06-30T15:51:30.551702631Z,01JZ0R7M0GNQWHJJYSHNG909HC,2025-06-30T15:51:30.551702631Z,01JZ0RCZ5WMDRF6E7DKWB3TR0Z,2025-06-30T15:51:30.551702631Z,01JZ0RCZG0XFCHV3BJWSRFRJS0,2025-06-30T15:51:30.551702631Z
01JZ0VGVQ9F5Q2HBCS295Y4541,01JZ0TXM4HA3Q8P6D6TPYYS7R3,2025-06-30T16:42:59.177213267Z,01JZ0TXM7C18DJWS688K2WH576,2025-06-30T16:42:59.177213267Z,01JZ0V0QWDKKE2Y7QVNMAD1GY6,2025-06-30T16:42:59.177213267Z,01JZ0V8ZVHBE61NZNXKJNKMVA1,2025-06-30T16:42:59.177213267Z,01JZ0V906XKJVFSX4NXN5VSYJB,2025-06-30T16:42:59.177213267Z
01JZ0FNVBJ3K67AVC5E2MZ25MF,01JZ0F67X5J6SBR3095JZ2KKHQ,2025-06-30T13:15:59.730985996Z,01JZ0F6805RKXP4JKMN5N89R8W,2025-06-30T13:15:59.730985996Z,01JZ0FAWW52BSADP6XRFJZKM7N,2025-06-30T13:15:59.730985996Z,01JZ0FEFHYP40HX368BNFPEFHZ,2025-06-30T13:15:59.730985996Z,01JZ0FEFM4CK3CF3H2ZBKZDA0T,2025-06-30T13:15:59.730985996Z
01JZ0HAFVW7XAV78ZZAXA0PKW4,01JZ0H1K4AG17CS34Z9G9MQYDS,2025-06-30T13:44:44.668679884Z,01JZ0H1K6THHEJQ855QF7WP6P1,2025-06-30T13:44:44.668679884Z,01JZ0H3KVYK2WH1VQVZ8KDFR0N,2025-06-30T13:44:44.668679884Z,01JZ0H8M6RNVPAN6FF1JPRG2N3,2025-06-30T13:44:44.668679884Z,01JZ0H8M914FGE8QKZ90QFSC4F,2025-06-30T13:44:44.668679884Z
01JZ0MRQ5WKA3EB2798SBHS5MT,01JZ0KZHFC2GEC175ZSKVHYGR2,2025-06-30T14:44:56.636167794Z,01JZ0KZHHC2JQ9380R79DSYF93,2025-06-30T14:44:56.636167794Z,01JZ0MDBRA35TVD8HTPMBDQBBA,2025-06-30T14:44:56.636167794Z,01JZ0MGP15FSE96N0S4HMPWP30,2025-06-30T14:44:56.636167794Z,01JZ0MGP9HGYG69ZB0R1F9AXKZ,2025-06-30T14:44:56.636167794Z
01JZ0PXQ3KE5KRB6322FAQ1MHV,01JZ0PDFE8X2A24VZSJDD0T2BH,2025-06-30T15:22:37.555493955Z,01JZ0PDFFH0EDR9F9CYFN0TQY3,2025-06-30T15:22:37.555493955Z,01JZ0PMBRB2ZJXD3FT9KV7JP4H,2025-06-30T15:22:37.555493955Z,01JZ0PVRKCVAZGVD5GK5DEWP0E,2025-06-30T15:22:37.555493955Z,01JZ0PVRSAS23DPT5GT4235N1X,2025-06-30T15:22:37.555493955Z
01JZ0FZG47NSNA49QFXTWWFJ8V,01JZ0F67X5J6SBR3095JZ2KKHQ,2025-06-30T13:21:15.911875508Z,01JZ0F67Z49S75BR56TBMFCZ55,2025-06-30T13:21:15.911875508Z,01JZ0FBFBJW6M9QE503VEPS9CV,2025-06-30T13:21:15.911875508Z,01JZ0FQRW1AKY8KSG8423XZDAV,2025-06-30T13:21:15.911875508Z,01JZ0FQRZWJVMX733ZSKEE7G0G,2025-06-30T13:21:15.911875508Z
01JZ0FZ919HNMX8QECTANEX5AN,01JZ0F67X5J6SBR3095JZ2KKHQ,2025-06-30T13:21:08.649566995Z,01JZ0F67ZC5C7QZPK5TEQ23RT2,2025-06-30T13:21:08.649566995Z,01JZ0FM0QB6FQ3X7MJHB3GA7A4,2025-06-30T13:21:08.649566995Z,01JZ0FSQ51351EYGBSHM59PBYH,2025-06-30T13:21:08.649566995Z,01JZ0FSQ84KY23QPYBXQWPTRVM,2025-06-30T13:21:08.649566995Z
01JZ0HHJ7GRMD81DM31XE8XGEZ,01JZ0H1K4AG17CS34Z9G9MQYDS,2025-06-30T13:48:36.465015832Z,01JZ0H1K7C3FKHJS5GP9RE7N8D,2025-06-30T13:48:36.465015832Z,01JZ0H4A3NXPTV7JEQMX36WWX4,2025-06-30T13:48:36.465015832Z,01JZ0HA59V3NE6VY9CA10KJMRQ,2025-06-30T13:48:36.465015832Z,01JZ0HA5F8CF1JSFYZF52YSX10,2025-06-30T13:48:36.465015832Z
01JZ0K26D0NJ0G3A5REFA0YQY1,01JZ0JJRG62BDVPN4H0KJ2XPWK,2025-06-30T14:15:09.984787476Z,01JZ0JJRM7K0MBX3MKCVTKC5NR,2025-06-30T14:15:09.984787476Z,01JZ0JN7RSB9BF97M9JFFC8QWA,2025-06-30T14:15:09.984787476Z,01JZ0K098RXBK86NWQE5BGP8AC,2025-06-30T14:15:09.984787476Z,01JZ0K09E4NMDF8JS9NVDAX7SK,2025-06-30T14:15:09.984787476Z
01JZ0K6MEP3HW7WBC50P4BGC2R,01JZ0JJRG62BDVPN4H0KJ2XPWK,2025-06-30T14:17:35.446934318Z,01JZ0JJRK7MTN7FAC1224V82KC,2025-06-30T14:17:35.446934318Z,01JZ0JMJ284T338WEW4N64181B,2025-06-30T14:17:35.446934318Z,01JZ0JYWX29707X9HXFTM1W07C,2025-06-30T14:17:35.446934318Z,01JZ0JYX5C9W7WA9MZEJ86042C,2025-06-30T14:17:35.446934318Z
01JZ0T09Y9ZC592ABMG4HXD82K,01JZ0S9G3E1V9Y4W1M8GV3AGA9,2025-06-30T16:16:28.109385394Z,01JZ0S9GCCCNBKT0N3T9B2PH95,2025-06-30T16:16:28.109385394Z,01JZ0SP7TST5CACWCPNMPHCFPK,2025-06-30T16:16:28.109385394Z,01JZ0SRG11T0A9Z05RWZ3RV6C6,2025-06-30T16:16:28.109385394Z,01JZ0SRGDCXW1MXS2Y5YGW3SPW,2025-06-30T16:16:28.109385394Z
01JZ0VM9DX5MSWAXCXKH9YRHWV,01JZ0TXM4HA3Q8P6D6TPYYS7R3,2025-06-30T16:44:51.517565193Z,01JZ0TXMB9EHVXHHHV3J3SQY3A,2025-06-30T16:44:51.517565193Z,01JZ0V0BHD367W9MS1M0PZJGYW,2025-06-30T16:44:51.517565193Z,01JZ0VC1WC4C34RME93WS25QAZ,2025-06-30T16:44:51.517565193Z,01JZ0VC2D31WVSXDQMH8BA7A7J,2025-06-30T16:44:51.517565193Z
01JZ0FHZP541HV0T35Q6C2T0GK,01JZ0F67X5J6SBR3095JZ2KKHQ,2025-06-30T13:13:53.093449087Z,01JZ0F67ZFPZEHV6BKFXQYDXZZ,2025-06-30T13:13:53.093449087Z,01JZ0FBS7JDEVVPEXEYNA1T4RE,2025-06-30T13:13:53.093449087Z,01JZ0FG2TMDGKK0EJR14EYFE7R,2025-06-30T13:13:53.093449087Z,01JZ0FG2WKCNBTV5Q0CKZSESVN,2025-06-30T13:13:53.093449087Z
01JZ0G3KPS23FSMHCMEWVEXHM0,01JZ0F67X5J6SBR3095JZ2KKHQ,2025-06-30T13:23:30.649155065Z,01JZ0F67Z8B8A42G6Y5XQ0NS83,2025-06-30T13:23:30.649155065Z,01JZ0FJ5HQADXB6GZQKEP8JRB4,2025-06-30T13:23:30.649155065Z,01JZ0FW5GEXBFNNK7FDWBRW7GE,2025-06-30T13:23:30.649155065Z,01JZ0FW5T8E810AAMJ5EZX8W4P,2025-06-30T13:23:30.649155065Z
01JZ0HSGMRFZ2FGQHA467D76ZY,01JZ0H1K4AG17CS34Z9G9MQYDS,2025-06-30T13:52:56.98422782Z,01JZ0H1K72P9WWMQFG7ACVRNHM,2025-06-30T13:52:56.98422782Z,01JZ0H3T4YGXY3JXDPRSNCMQN3,2025-06-30T13:52:56.98422782Z,01JZ0HKZ2G50KS7CBCD3M87YFZ,2025-06-30T13:52:56.98422782Z,01JZ0HKZ5AREX7MMS1CXED9TX5,2025-06-30T13:52:56.98422782Z
01JZ0MMMR8TYY0EYYDGWSTCY2D,01JZ0KZHFC2GEC175ZSKVHYGR2,2025-06-30T14:42:43.080915295Z,01JZ0KZHH6W8XDVC696R9C92DG,2025-06-30T14:42:43.080915295Z,01JZ0M68RH26TA36VPTAMVWHEQ,2025-06-30T14:42:43.080915295Z,01JZ0MCKA2QW8DXTAC6G4N5FMF,2025-06-30T14:42:43.080915295Z,01JZ0MCKH6P5ETQ69Q6XVACMYV,2025-06-30T14:42:43.080915295Z
01JZ0RFGYAZ5YYN20WRMBZJF5C,01JZ0R44WS56B1WD5354KYAZ6V,2025-06-30T15:49:49.642918762Z,01JZ0R44YD4TQ1QQVW9H1W0WBF,2025-06-30T15:49:49.642918762Z,01JZ0R91FP4EXRX5VVWW5GSE1V,2025-06-30T15:49:49.642918762Z,01JZ0RDJ2QCC6HCJTXVC1C06TR,2025-06-30T15:49:49.642918762Z,01JZ0RDJJYWQBYNEX44P260WDH,2025-06-30T15:49:49.642918762Z
01JZ0RTHA48KCK3WJBACDX88N8,01JZ0R44WS56B1WD5354KYAZ6V,2025-06-30T15:55:50.468965442Z,01JZ0R44ZAP7PYVAMQ60PRQDRH,2025-06-30T15:55:50.468965442Z,01JZ0REQKT4PY43TB41SDFP5R0,2025-06-30T15:55:50.468965442Z,01JZ0RJBPYV67ZX54VSJ1EA9P4,2025-06-30T15:55:50.468965442Z,01JZ0RJC4ZE2NAMZ2CN9P8W9BH,2025-06-30T15:55:50.468965442Z
01JZ0G0FVKS9GWGXSP8Q7B0EBS,01JZ0F67X5J6SBR3095JZ2KKHQ,2025-06-30T13:21:48.403637341Z,01JZ0F67Z9QH00F8GAYATW0H4D,2025-06-30T13:21:48.403637341Z,01JZ0FBFHWN5BJ51P0FGARBC23,2025-06-30T13:21:48.403637341Z,01JZ0FTXTTSA7KPT3ZKN66DGDE,2025-06-30T13:21:48.403637341Z,01JZ0FTY0AKWP8FKY3R8JB0KME,2025-06-30T13:21:48.403637341Z
01JZ0FGWC9EM474JA4RA6DHZCV,01JZ0F67X5J6SBR3095JZ2KKHQ,2025-06-30T13:13:16.937784349Z,01JZ0F67ZEPC67VW242P0YYZAA,2025-06-30T13:13:16.937784349Z,01JZ0FATEZ4BCSXPWP1GNPMBCW,2025-06-30T13:13:16.937784349Z,01JZ0FF152BEQYSVW0DGQ8J2MY,2025-06-30T13:13:16.937784349Z,01JZ0FF16924XPFD3ZH6W912TQ,2025-06-30T13:13:16.937784349Z
01JZ0FMRDGJE5QAJ8FA68EPFCF,01JZ0F67X5J6SBR3095JZ2KKHQ,2025-06-30T13:15:23.952923404Z,01JZ0F67ZT8SK3RX0KMQXRZR64,2025-06-30T13:15:23.952923404Z,01JZ0FC8Z9KTZXYEEXV3M9TW6K,2025-06-30T13:15:23.952923404Z,01JZ0FH235VE50PMY57N3YDJG9,2025-06-30T13:15:23.952923404Z,01JZ0FH2567KT8C7C7MRJ8ZSY4,2025-06-30T13:15:23.952923404Z
01JZ0FP5DC827Z60HJXTMWVTGW,01JZ0F67X5J6SBR3095JZ2KKHQ,2025-06-30T13:16:10.028161419Z,01JZ0F6805RKXP4JKMN5N89R8W,2025-06-30T13:16:10.028161419Z,01JZ0FB9WWAV8YJYA2M0XWM4XS,2025-06-30T13:16:10.028161419Z,01JZ0FEFHWPKWAGJFFY68HH92Z,2025-06-30T13:16:10.028161419Z,01JZ0FEFMKN8GN86SHCG0DWKZD,2025-06-30T13:16:10.028161419Z
01JZ0HJJKAK29G141WZS76CMWE,01JZ0H1K4AG17CS34Z9G9MQYDS,2025-06-30T13:49:09.610788182Z,01JZ0H1K7HVYD71R3W6V80C6V1,2025-06-30T13:49:09.610788182Z,01JZ0H4B1KEAXWACXAC16EVPKA,2025-06-30T13:49:09.610788182Z,01JZ0HAVSPDR7MY1DNJHFYYY73,2025-06-30T13:49:09.610788182Z,01JZ0HAVX24JF16MMSM37N5JCP,2025-06-30T13:49:09.610788182Z
01JZ0HJJKG8CQ1K9QA5DSRR7EH,01JZ0H1K4AG17CS34Z9G9MQYDS,2025-06-30T13:49:09.616471095Z,01JZ0H1K7HVYD71R3W6V80C6V1,2025-06-30T13:49:09.616471095Z,01JZ0H3YKDCKC58R863JCARE6G,2025-06-30T13:49:09.616471095Z,01JZ0HAVSPDR7MY1DNJHFYYY73,2025-06-30T13:49:09.616471095Z,01JZ0HAVX24JF16MMSM37N5JCP,2025-06-30T13:49:09.616471095Z
01JZ0MDWWC6NC6YPJCGXT2RR8M,01JZ0KZHFC2GEC175ZSKVHYGR2,2025-06-30T14:39:02.028410761Z,01JZ0KZHHH6W8J7M02JDFMAQF5,2025-06-30T14:39:02.028410761Z,01JZ0M4WQFE6B0V4QHX8A85TS4,2025-06-30T14:39:02.028410761Z,01JZ0MA57G6F6CZSS6TXQYY4X3,2025-06-30T14:39:02.028410761Z,01JZ0MA5CP269RMSCXAZMV62F9,2025-06-30T14:39:02.028410761Z
01JZ0Q0RDSQANRD4XC03EPP8PT,01JZ0PDFE8X2A24VZSJDD0T2BH,2025-06-30T15:24:17.209941636Z,01JZ0PDFG0TZHQMJ413RSFKXP4,2025-06-30T15:24:17.209941636Z,01JZ0PHFA0CKW8FCX9Q96KR3SV,2025-06-30T15:24:17.209941636Z,01JZ0PSB96A8RB1ZY4AX160WT7,2025-06-30T15:24:17.209941636Z,01JZ0PSBEF7W1M66Q2ZATJYP2J,2025-06-30T15:24:17.209941636Z
01JZ0FF1KH5JK983PDH9K2MVRG,01JZ0F67X5J6SBR3095JZ2KKHQ,2025-06-30T13:12:16.75305164Z,01JZ0F67ZEPC67VW242P0YYZAA,2025-06-30T13:12:16.75305164Z,01JZ0FB4C7Y78SJ4DA45DQ131P,2025-06-30T13:12:16.75305164Z,01JZ0FF14X0MM27BYR9WVNF7XH,2025-06-30T13:12:16.75305164Z,01JZ0FF15R5CM3SKBF6RT3YR3Y,2025-06-30T13:12:16.75305164Z
01JZ0R1PHT48D6ZSDXSXGTQN9K,01JZ0QGE33ZWYV7A3256FYEZA6,2025-06-30T15:42:16.634230709Z,01JZ0QGE4MQBM7ZJEFVQMWJX02,2025-06-30T15:42:16.634230709Z,01JZ0QNHS7A9KGEH6HJK27570S,2025-06-30T15:42:16.634230709Z,01JZ0QT8DPXJ05M7TDP99CPQ9M,2025-06-30T15:42:16.634230709Z,01JZ0QT8M1XD60YRTB64RNM57M,2025-06-30T15:42:16.634230709Z
01JZ0R215AND6FN181G8RSH2P4,01JZ0QGE33ZWYV7A3256FYEZA6,2025-06-30T15:42:27.498110075Z,01JZ0QGE4MQBM7ZJEFVQMWJX02,2025-06-30T15:42:27.498110075Z,01JZ0QPT6048XZAJK53YEVWM2W,2025-06-30T15:42:27.498110075Z,01JZ0QT8E57KE5FS60Y0XYREM2,2025-06-30T15:42:27.498110075Z,01JZ0QT8NST1K1X1Z5J8NEMNZB,2025-06-30T15:42:27.498110075Z
01JZ0RNRM3QZKGAWZG033AQTQN,01JZ0R44WS56B1WD5354KYAZ6V,2025-06-30T15:53:14.11520475Z,01JZ0R44ZMT5HYXWVABB60AH0G,2025-06-30T15:53:14.11520475Z,01JZ0R6Q0YQ41FZ6FDY8FN8NJA,2025-06-30T15:53:14.11520475Z,01JZ0RDSCA9FG61RXWSV693V0M,2025-06-30T15:53:14.11520475Z,01JZ0RDSQE8HFYQ8Y047151M2B,2025-06-30T15:53:14.11520475Z
01JZ0T4Z0PJQQG4HB50P2CATKX,01JZ0S9G3E1V9Y4W1M8GV3AGA9,2025-06-30T16:19:00.758399076Z,01JZ0S9G8MSQJNW9QDDX82T8EZ,2025-06-30T16:19:00.758399076Z,01JZ0STMYP8TJX1DM87QADCSSE,2025-06-30T16:19:00.758399076Z,01JZ0T2Z776H5NYH3952M90NE0,2025-06-30T16:19:00.758399076Z,01JZ0T2ZFPDV5D7H1VBDA9J26G,2025-06-30T16:19:00.758399076Z
01JZ0Q9XPP75M68C8TP2BT16SM,01JZ0Q0CTMMAVY329HW6Z84SYY,2025-06-30T15:29:17.526262489Z,01JZ0Q0CWNKJYDS4SW61Q7VTQN,2025-06-30T15:29:17.526262489Z,01JZ0Q2NRNYEBA48SPCNZAV9X5,2025-06-30T15:29:17.526262489Z,01JZ0Q80XG0NQQZWZ0ZS4K2WB4,2025-06-30T15:29:17.526262489Z,01JZ0Q8112K27NTWSCXYW8ZS8G,2025-06-30T15:29:17.526262489Z
01JZ0FJXNE9X68BFZXBTR3ZXT3,01JZ0F67X5J6SBR3095JZ2KKHQ,2025-06-30T13:14:23.790931693Z,01JZ0F67ZT8SK3RX0KMQXRZR64,2025-06-30T13:14:23.790931693Z,01JZ0FCMR7Z7FFG5JXJBS56NZK,2025-06-30T13:14:23.790931693Z,01JZ0FH235VE50PMY57N3YDJG9,2025-06-30T13:14:23.790931693Z,01JZ0FH2539ZNW6QHQZ4Z6M2D2,2025-06-30T13:14:23.790931693Z
01JZ0FKTE69747GT830HY6A2TP,01JZ0F67X5J6SBR3095JZ2KKHQ,2025-06-30T13:14:53.254113004Z,01JZ0F67Z745P2890BJ7Q88E3R,2025-06-30T13:14:53.254113004Z,01JZ0FBGXXC0V58B79955Z9C8Z,2025-06-30T13:14:53.254113004Z,01JZ0FHYT9MR26XHFRG86H7E34,2025-06-30T13:14:53.254113004Z,01JZ0FHYVK77GVMYV13V3F359H,2025-06-30T13:14:53.254113004Z
01JZ0G2B0KXKF8Z1NVGK9BN3G1,01JZ0F67X5J6SBR3095JZ2KKHQ,2025-06-30T13:22:48.979928517Z,01JZ0F67Z9QH00F8GAYATW0H4D,2025-06-30T13:22:48.979928517Z,01JZ0FTSPCSJN591W0XFWF8B8Q,2025-06-30T13:22:48.979928517Z,01JZ0FTXWM694R5TBTQY6QHMR5,2025-06-30T13:22:48.979928517Z,01JZ0FTY185K5JAWP4Y1XCYQAS,2025-06-30T13:22:48.979928517Z
01JZ0G2ND269Q2GFRFATMKFAK3,01JZ0F67X5J6SBR3095JZ2KKHQ,2025-06-30T13:22:59.61819713Z,01JZ0F67Z9QH00F8GAYATW0H4D,2025-06-30T13:22:59.61819713Z,01JZ0FBFHWN5BJ51P0FGARBC23,2025-06-30T13:22:59.61819713Z,01JZ0FTXWA5766AFHFARB84PC3,2025-06-30T13:22:59.61819713Z,01JZ0FTY28T1H8QXMA913A3GFP,2025-06-30T13:22:59.61819713Z
01JZ0HE59DRS84N1RQW3D3QKD4,01JZ0H1K4AG17CS34Z9G9MQYDS,2025-06-30T13:46:44.909848018Z,01JZ0H1K7A7HBJ5WZC7T99GVBX,2025-06-30T13:46:44.909848018Z,01JZ0H5G63GV0PY89GCTJ3RTN8,2025-06-30T13:46:44.909848018Z,01JZ0HAECPB75NSKW408592PHJ,2025-06-30T13:46:44.909848018Z,01JZ0HAEGSNH2JMHJS0Y20K363,2025-06-30T13:46:44.909848018Z
01JZ0HHBKM69J1XF2MK95RFAN4,01JZ0H1K4AG17CS34Z9G9MQYDS,2025-06-30T13:48:29.68497959Z,01JZ0H1K7KVN4Q30DF0C4SZNQW,2025-06-30T13:48:29.68497959Z,01JZ0H3FWJS4NSARZAFMVPHGS8,2025-06-30T13:48:29.68497959Z,01JZ0H9B6DA8VEFJSXMGJKGTNQ,2025-06-30T13:48:29.68497959Z,01JZ0H9BASB2QA3BTDYH4M0YMF,2025-06-30T13:48:29.68497959Z
01JZ0MDKPGTGXAHNWGKECE064G,01JZ0KZHFC2GEC175ZSKVHYGR2,2025-06-30T14:38:52.624459332Z,01JZ0KZHGXZ28TMC40NC90GVYX,2025-06-30T14:38:52.624459332Z,01JZ0M5MW3G4T4PP7E53EJSCT4,2025-06-30T14:38:52.624459332Z,01JZ0M9WSQ9DM8WT39RMXP13EB,2025-06-30T14:38:52.624459332Z,01JZ0M9WX75K2NEFNJQ9PW944K,2025-06-30T14:38:52.624459332Z
01JZ0FHKBKC6G02K3N53ET2ZN9,01JZ0F67X5J6SBR3095JZ2KKHQ,2025-06-30T13:13:40.468018799Z,01JZ0F67ZJJG6P50PFSVWKXYA5,2025-06-30T13:13:40.468018799Z,01JZ0FBFAEYK03HBFAMJA6FCQN,2025-06-30T13:13:40.468018799Z,01JZ0FHJQAXDE33BTF4PR5DHYN,2025-06-30T13:13:40.468018799Z,01JZ0FHJQTAVZDAJ3YWNVQ8YDV,2025-06-30T13:13:40.468018799Z
01JZ0T09WPXDH0EFPA7JQFSX8P,01JZ0S9G3E1V9Y4W1M8GV3AGA9,2025-06-30T16:16:28.054306129Z,01JZ0S9GCCCNBKT0N3T9B2PH95,2025-06-30T16:16:28.054306129Z,01JZ0SF6SRD67J9Q4V8979AFYM,2025-06-30T16:16:28.054306129Z,01JZ0SRG11T0A9Z05RWZ3RV6C6,2025-06-30T16:16:28.054306129Z,01JZ0SRGDCXW1MXS2Y5YGW3SPW,2025-06-30T16:16:28.054306129Z
01JZ0SXZDDBXP5X02P7SVM2K7Q,01JZ0S9G3E1V9Y4W1M8GV3AGA9,2025-06-30T16:15:11.789840954Z,01JZ0S9G7VJHRZZRV1KXAXAXSY,2025-06-30T16:15:11.789840954Z,01JZ0SG74N5JZ3XSFK40RQAATP,2025-06-30T16:15:11.789840954Z,01JZ0SP4EFE17P97W11CCBSWNM,2025-06-30T16:15:11.789840954Z,01JZ0SP4SHSVN40VBWKYDJFCMZ,2025-06-30T16:15:11.789840954Z
01JZ0RHNB0MGQHTN9M7WPTEBBF,01JZ0R44WS56B1WD5354KYAZ6V,2025-06-30T15:50:59.680239681Z,01JZ0R450A0M8Q4QC968ZVRS9H,2025-06-30T15:50:59.680239681Z,01JZ0R9QCHAWV30C13DYNCKKAJ,2025-06-30T15:50:59.680239681Z,01JZ0RFNY7CAK7Q2XWPCT4A1FS,2025-06-30T15:50:59.680239681Z,01JZ0RFP58S8RRFVCNFV24DFHV,2025-06-30T15:50:59.680239681Z
01JZ0RN44RDM6C2B8YZ7NZYBWR,01JZ0R44WS56B1WD5354KYAZ6V,2025-06-30T15:52:53.144475041Z,01JZ0R44YW0T94WKHD2ZAT9VPC,2025-06-30T15:52:53.144475041Z,01JZ0RAVXZQ0FES5XXPFTQPKP9,2025-06-30T15:52:53.144475041Z,01JZ0RCZ7XV6VK940BWEQH2TS7,2025-06-30T15:52:53.144475041Z,01JZ0RCZPD9WDAGAARRMDWB95V,2025-06-30T15:52:53.144475041Z
01JZ0STX81VT6FX1F35BCC9E1G,01JZ0S9G3E1V9Y4W1M8GV3AGA9,2025-06-30T16:13:31.265701328Z,01JZ0S9G69Y1BMBR3KZBCDH0XZ,2025-06-30T16:13:31.265701328Z,01JZ0SJ8C2JTDBBCYPNE6VJW23,2025-06-30T16:13:31.265701328Z,01JZ0SN4RKR0FK21YDZFG99ED0,2025-06-30T16:13:31.265701328Z,01JZ0SN5E90BAA2BMM2FK61848,2025-06-30T16:13:31.265701328Z
01JZ0HG1XYTZPZAM159PKC0S12,01JZ0H1K4AG17CS34Z9G9MQYDS,2025-06-30T13:47:47.00649121Z,01JZ0H1K78HDDW9F2WM1P8VZMN,2025-06-30T13:47:47.00649121Z,01JZ0H3KYQN4X87D14R9JK1FH9,2025-06-30T13:47:47.00649121Z,01JZ0HAGSF134DXMQJAXEF8DCZ,2025-06-30T13:47:47.00649121Z,01JZ0HAGVF39FFXQR2BKWVDE2J,2025-06-30T13:47:47.00649121Z
01JZ0G3KQP8A41RZ31KTAA7NT5,01JZ0F67X5J6SBR3095JZ2KKHQ,2025-06-30T13:23:30.679031272Z,01JZ0F67Z8B8A42G6Y5XQ0NS83,2025-06-30T13:23:30.679031272Z,01JZ0FB65N9AA5DRTF3YEVRMGT,2025-06-30T13:23:30.679031272Z,01JZ0FW5GEXBFNNK7FDWBRW7GE,2025-06-30T13:23:30.679031272Z,01JZ0FW5T8E810AAMJ5EZX8W4P,2025-06-30T13:23:30.679031272Z
01JZ0K4154JEKMN40WEJPHJXSM,01JZ0JJRG62BDVPN4H0KJ2XPWK,2025-06-30T14:16:10.148454406Z,01JZ0JJRM7K0MBX3MKCVTKC5NR,2025-06-30T14:16:10.148454406Z,01JZ0JN7RSB9BF97M9JFFC8QWA,2025-06-30T14:16:10.148454406Z,01JZ0K098RXBK86NWQE5BGP8AC,2025-06-30T14:16:10.148454406Z,01JZ0K09EMBRW81QFHCACCVZJ6,2025-06-30T14:16:10.148454406Z
01JZ0RFZPJXRCEFSWMD8913PW3,01JZ0R44WS56B1WD5354KYAZ6V,2025-06-30T15:50:04.75459294Z,01JZ0R450M24K8ZS9F18EDTFG6,2025-06-30T15:50:04.75459294Z,01JZ0RBHM6DJSV98KF0MQ35S2E,2025-06-30T15:50:04.75459294Z,01JZ0RFVE4BCDRFZQMBJNBKZXN,2025-06-30T15:50:04.75459294Z,01JZ0RFVF3CTD6WR5AYW1NG2YJ,2025-06-30T15:50:04.75459294Z
01JZ0FPFHZBM2X0J6NDT3FTDGD,01JZ0F67X5J6SBR3095JZ2KKHQ,2025-06-30T13:16:20.415592157Z,01JZ0F6805RKXP4JKMN5N89R8W,2025-06-30T13:16:20.415592157Z,01JZ0FB9WWAV8YJYA2M0XWM4XS,2025-06-30T13:16:20.415592157Z,01JZ0FEFHSBSB637K552GM7TFY,2025-06-30T13:16:20.415592157Z,01JZ0FEFN867QSVHM6W73CG8WZ,2025-06-30T13:16:20.415592157Z
01JZ0FW28TDA2ECD56GXN0W2HJ,01JZ0F67X5J6SBR3095JZ2KKHQ,2025-06-30T13:19:23.418704204Z,01JZ0F67ZNGQ7M2D3G364WEKWP,2025-06-30T13:19:23.418704204Z,01JZ0FBEPD11FSJRWKH4M5M5EZ,2025-06-30T13:19:23.418704204Z,01JZ0FPGD3R4XTCQYX0YWJ9PM8,2025-06-30T13:19:23.418704204Z,01JZ0FPGGZTYJ67302VQXHZW12,2025-06-30T13:19:23.418704204Z
01JZ0HFW0Y8DYG0H1RAH7Z92XV,01JZ0H1K4AG17CS34Z9G9MQYDS,2025-06-30T13:47:40.958296013Z,01JZ0H1K7FV78W73P31JXQYTKA,2025-06-30T13:47:40.958296013Z,01JZ0H6Y8GZX8H152JRBMCSD5G,2025-06-30T13:47:40.958296013Z,01JZ0HC59VR7BR28QM5T4X3DVY,2025-06-30T13:47:40.958296013Z,01JZ0HC5BY2NPPQCBDJH37PCY4,2025-06-30T13:47:40.958296013Z
01JZ0HSGMJ4MB9EZN0BPJ8SD43,01JZ0H1K4AG17CS34Z9G9MQYDS,2025-06-30T13:52:56.978203761Z,01JZ0H1K72P9WWMQFG7ACVRNHM,2025-06-30T13:52:56.978203761Z,01JZ0H6Y1FWY7X7YNWMGA41ZX8,2025-06-30T13:52:56.978203761Z,01JZ0HKZ2G50KS7CBCD3M87YFZ,2025-06-30T13:52:56.978203761Z,01JZ0HKZ5AREX7MMS1CXED9TX5,2025-06-30T13:52:56.978203761Z
01JZ0HVBXA0PSA4PEB9EVRE383,01JZ0H1K4AG17CS34Z9G9MQYDS,2025-06-30T13:53:57.674584064Z,01JZ0H1K72P9WWMQFG7ACVRNHM,2025-06-30T13:53:57.674584064Z,01JZ0HFMYKSMAV2RS6KF5GZ9M7,2025-06-30T13:53:57.674584064Z,01JZ0HKZ29E8N7W3H1PM11VNZX,2025-06-30T13:53:57.674584064Z,01JZ0HKZ6H5ZK4GHV2BMPSZA9Q,2025-06-30T13:53:57.674584064Z
01JZ0MDWVYN7RPR83CNY8H27SS,01JZ0KZHFC2GEC175ZSKVHYGR2,2025-06-30T14:39:02.014265771Z,01JZ0KZHHH6W8J7M02JDFMAQF5,2025-06-30T14:39:02.014265771Z,01JZ0M54HPQHGGA41RRPR08XFH,2025-06-30T14:39:02.014265771Z,01JZ0MA57G6F6CZSS6TXQYY4X3,2025-06-30T14:39:02.014265771Z,01JZ0MA5CP269RMSCXAZMV62F9,2025-06-30T14:39:02.014265771Z
01JZ0PK00C7C78BK2RJZ01FWF4,01JZ0NSN7EKS122Z238A4PF66D,2025-06-30T15:16:46.220883071Z,01JZ0NSNAYA5ZEAQVB789Y1XW2,2025-06-30T15:16:46.220883071Z,01JZ0NWGXG60XB5W2KSVNBRDCM,2025-06-30T15:16:46.220883071Z,01JZ0PB8DHY95TQGKETVJ4GHPH,2025-06-30T15:16:46.220883071Z,01JZ0PB8JZKGFTA61D359XG87M,2025-06-30T15:16:46.220883071Z
01JZ0Q1D3MBYEVJKPTJA8EG50C,01JZ0PDFE8X2A24VZSJDD0T2BH,2025-06-30T15:24:38.388692112Z,01JZ0PDFG0TZHQMJ413RSFKXP4,2025-06-30T15:24:38.388692112Z,01JZ0PHFA0CKW8FCX9Q96KR3SV,2025-06-30T15:24:38.388692112Z,01JZ0PSBA2ZJCB1FT0JNH91FDN,2025-06-30T15:24:38.388692112Z,01JZ0PSBGSTEBRN90P0B4ZDJKV,2025-06-30T15:24:38.388692112Z
01JZ0FRR6Z0RAZ4NDGPFW03DBH,01JZ0F67X5J6SBR3095JZ2KKHQ,2025-06-30T13:17:34.815682669Z,01JZ0F67ZT8SK3RX0KMQXRZR64,2025-06-30T13:17:34.815682669Z,01JZ0FBBA1SDVNMEAJN2SN5G9V,2025-06-30T13:17:34.815682669Z,01JZ0FH23R372KV6QYNWSWRPR1,2025-06-30T13:17:34.815682669Z,01JZ0FH26QRDJQEJBBXQT6SYQ3,2025-06-30T13:17:34.815682669Z
01JZ0RKQ38W5C6FZZQAD99M9R9,01JZ0R44WS56B1WD5354KYAZ6V,2025-06-30T15:52:07.016593628Z,01JZ0R450M24K8ZS9F18EDTFG6,2025-06-30T15:52:07.016593628Z,01JZ0RCXVG1DXMY1P3XSZCR2NJ,2025-06-30T15:52:07.016593628Z,01JZ0RFVDEC09529ZV39X1MYHY,2025-06-30T15:52:07.016593628Z,01JZ0RFVMF810025EX9647XZ1C,2025-06-30T15:52:07.016593628Z
01JZ0RQR8XP518D0MGYWB6JKCQ,01JZ0R44WS56B1WD5354KYAZ6V,2025-06-30T15:54:19.293665567Z,01JZ0R450M24K8ZS9F18EDTFG6,2025-06-30T15:54:19.293665567Z,01JZ0R9CVW07WWQDKP3M8KKGEY,2025-06-30T15:54:19.293665567Z,01JZ0RFVC6E4GC14C3S59672JQ,2025-06-30T15:54:19.293665567Z,01JZ0RFVTCMQFHEMMP5Z7XNW0P,2025-06-30T15:54:19.293665567Z
01JZ0RSVV80JYKABBW3T4ERPFW,01JZ0R44WS56B1WD5354KYAZ6V,2025-06-30T15:55:28.488161528Z,01JZ0R44ZAP7PYVAMQ60PRQDRH,2025-06-30T15:55:28.488161528Z,01JZ0REQKT4PY43TB41SDFP5R0,2025-06-30T15:55:28.488161528Z,01JZ0RJBN6E2M05T50P1ZF4TMN,2025-06-30T15:55:28.488161528Z,01JZ0RJBYQ89CAB99QXF8PEFK5,2025-06-30T15:55:28.488161528Z
01JZ0QW5E8ADF0D0BA4MHZGS01,01JZ0QGE33ZWYV7A3256FYEZA6,2025-06-30T15:39:15.272267596Z,01JZ0QGE4MQBM7ZJEFVQMWJX02,2025-06-30T15:39:15.272267596Z,01JZ0QJ5V3C61DQXW1GQ026AYD,2025-06-30T15:39:15.272267596Z,01JZ0QT8D72WY9E0JR27EZFH9M,2025-06-30T15:39:15.272267596Z,01JZ0QT8HTHTW4QK8AXRWB0BPV,2025-06-30T15:39:15.272267596Z
01JZ0KAN33GCF0J341YNRF74BK,01JZ0JJRG62BDVPN4H0KJ2XPWK,2025-06-30T14:19:47.172030553Z,01JZ0JJRMFBKARHHQY8ZXKDX2Q,2025-06-30T14:19:47.172030553Z,01JZ0JMNJCQ4JP233PQTACYGEQ,2025-06-30T14:19:47.172030553Z,01JZ0K2YFDRB6P8RBG2K4YQT5E,2025-06-30T14:19:47.172030553Z,01JZ0K2YKWQGXB2D5TT2VWR3KY,2025-06-30T14:19:47.172030553Z
01JZ0G0FW5HF9X0W9P6ZZ9Y8B1,01JZ0F67X5J6SBR3095JZ2KKHQ,2025-06-30T13:21:48.42193775Z,01JZ0F67Z9QH00F8GAYATW0H4D,2025-06-30T13:21:48.42193775Z,01JZ0FH8ME21HSJEQV93FGWS4V,2025-06-30T13:21:48.42193775Z,01JZ0FTXTTSA7KPT3ZKN66DGDE,2025-06-30T13:21:48.42193775Z,01JZ0FTY0AKWP8FKY3R8JB0KME,2025-06-30T13:21:48.42193775Z
01JZ0HB6YKF3R3YNBX9GDMHD3D,01JZ0H1K4AG17CS34Z9G9MQYDS,2025-06-30T13:45:08.307293767Z,01JZ0H1K7KVN4Q30DF0C4SZNQW,2025-06-30T13:45:08.307293767Z,01JZ0H4DCRMZ62SRWSFKCMEFC6,2025-06-30T13:45:08.307293767Z,01JZ0H9B6QJSN4ERPYEHH37CV2,2025-06-30T13:45:08.307293767Z,01JZ0H9B876E36HQ9MRHAW0HGM,2025-06-30T13:45:08.307293767Z
01JZ0HT833HJ7Y2NP6FYQ137TC,01JZ0H1K4AG17CS34Z9G9MQYDS,2025-06-30T13:53:20.995379335Z,01JZ0H1K6XDYNJQ07N0KM3P1VX,2025-06-30T13:53:20.995379335Z,01JZ0HFZWZFDMFBRJWKXV4DXH9,2025-06-30T13:53:20.995379335Z,01JZ0HJ6KG2QJ1V6FCF3W0CW1C,2025-06-30T13:53:20.995379335Z,01JZ0HJ6TD6VXG3YP06NWEPVCS,2025-06-30T13:53:20.995379335Z
01JZ0K1FVXSABE2GXC6P0F43YT,01JZ0JJRG62BDVPN4H0KJ2XPWK,2025-06-30T14:14:46.909914785Z,01JZ0JJRMQ32S1DDP8PZN3RKEA,2025-06-30T14:14:46.909914785Z,01JZ0JNFFC7EQBWHX80ZDTKTSW,2025-06-30T14:14:46.909914785Z,01JZ0JSS7F1SY9KH4T6BDQJZ40,2025-06-30T14:14:46.909914785Z,01JZ0JSSCGD88B8037MSEJ42PW,2025-06-30T14:14:46.909914785Z
01JZ0PC1K6V9VP7QG0JECW2YXB,01JZ0NSN7EKS122Z238A4PF66D,2025-06-30T15:12:58.470801514Z,01JZ0NSNC1W3B8HBKV7A156B13,2025-06-30T15:12:58.470801514Z,01JZ0P0GZR09Z9DMSV67CDPA5W,2025-06-30T15:12:58.470801514Z,01JZ0P49CNEX4XX07TQK7X10ZW,2025-06-30T15:12:58.470801514Z,01JZ0P49WEV605HBY9ETV54ZTE,2025-06-30T15:12:58.470801514Z
01JZ0RH212RN06BPFS48W0H9JT,01JZ0R44WS56B1WD5354KYAZ6V,2025-06-30T15:50:39.906533187Z,01JZ0R44ZYB02HBRR2X1W771BR,2025-06-30T15:50:39.906533187Z,01JZ0R6RGZPWYJYV8EDFTMJXPD,2025-06-30T15:50:39.906533187Z,01JZ0RGZ2PCGH8Y424DF23PET3,2025-06-30T15:50:39.906533187Z,01JZ0RGZ70KV1D1RYV7GFAH369,2025-06-30T15:50:39.906533187Z
01JZ0VC5BD16YZ9F6ACNG1PFVF,01JZ0TXM4HA3Q8P6D6TPYYS7R3,2025-06-30T16:40:25.197130327Z,01JZ0TXMB9EHVXHHHV3J3SQY3A,2025-06-30T16:40:25.197130327Z,01JZ0V235S6CZJYVFR20PRGSYA,2025-06-30T16:40:25.197130327Z,01JZ0VC1QSQA1K66QVJ6HEYCX9,2025-06-30T16:40:25.197130327Z,01JZ0VC1ZHER2X52389RF6FEVA,2025-06-30T16:40:25.197130327Z
01JZ0FWT5MKVPN2ZW5V25R59GW,01JZ0F67X5J6SBR3095JZ2KKHQ,2025-06-30T13:19:47.892613835Z,01JZ0F67Z9QH00F8GAYATW0H4D,2025-06-30T13:19:47.892613835Z,01JZ0FTSPCSJN591W0XFWF8B8Q,2025-06-30T13:19:47.892613835Z,01JZ0FTXTTSA7KPT3ZKN66DGDE,2025-06-30T13:19:47.892613835Z,01JZ0FTXZXN4AN1H258C86HK5W,2025-06-30T13:19:47.892613835Z
01JZ0FQ4G120JCD6RPJ2XKF869,01JZ0F67X5J6SBR3095JZ2KKHQ,2025-06-30T13:16:41.857692304Z,01JZ0F67ZKKPGDC64ETWQZ69WV,2025-06-30T13:16:41.857692304Z,01JZ0FD6EFW093P2J0FEY97NKZ,2025-06-30T13:16:41.857692304Z,01JZ0FFEAPXXQGXPE6ETBGAMB2,2025-06-30T13:16:41.857692304Z,01JZ0FFEEECQGKJT82MY6S5SP1,2025-06-30T13:16:41.857692304Z
01JZ0FZTBP89RAW1BYV2GKH7NX,01JZ0F67X5J6SBR3095JZ2KKHQ,2025-06-30T13:21:26.390949106Z,01JZ0F67Z49S75BR56TBMFCZ55,2025-06-30T13:21:26.390949106Z,01JZ0FHBKFFN0MM6M7GQW56AYM,2025-06-30T13:21:26.390949106Z,01JZ0FQRVWYE6EMF2428JYY8X6,2025-06-30T13:21:26.390949106Z,01JZ0FQS0KNN5R7P08HN8ZVR07,2025-06-30T13:21:26.390949106Z
01JZ0HHPT9VRM2R36W7MPHARSP,01JZ0H1K4AG17CS34Z9G9MQYDS,2025-06-30T13:48:41.161817796Z,01JZ0H1K7FV78W73P31JXQYTKA,2025-06-30T13:48:41.161817796Z,01JZ0H5M5HFDPMDY7KF9ZFXG0T,2025-06-30T13:48:41.161817796Z,01JZ0HC59VR7BR28QM5T4X3DVY,2025-06-30T13:48:41.161817796Z,01JZ0HC5C8Z4D5Q4V1J8086SSP,2025-06-30T13:48:41.161817796Z
01JZ0HQRAT7Z61NBXVAQERATR7,01JZ0H1K4AG17CS34Z9G9MQYDS,2025-06-30T13:51:59.322416652Z,01JZ0H1K6XDYNJQ07N0KM3P1VX,2025-06-30T13:51:59.322416652Z,01JZ0HFZWZFDMFBRJWKXV4DXH9,2025-06-30T13:51:59.322416652Z,01JZ0HJ6JG98XAP0W3RSSFXRZE,2025-06-30T13:51:59.322416652Z,01JZ0HJ6QRK76V4Q94XSRCGS89,2025-06-30T13:51:59.322416652Z
01JZ0M9XZC3V7BWF8YHX4FR5KA,01JZ0KZHFC2GEC175ZSKVHYGR2,2025-06-30T14:36:52.076335246Z,01JZ0KZHGXZ28TMC40NC90GVYX,2025-06-30T14:36:52.076335246Z,01JZ0M7J5WS1CYEZCS1370MV2S,2025-06-30T14:36:52.076335246Z,01JZ0M9WT7DCKHFYFF79DBTDP8,2025-06-30T14:36:52.076335246Z,01JZ0M9WVXR9EYXXXVR5DAW32W,2025-06-30T14:36:52.076335246Z
01JZ0TMRZJ5VJC4S93FZ7SG321,01JZ0T594M7DT83RJMYEJDT186,2025-06-30T16:27:38.86665034Z,01JZ0T59780CP4Z1F2CEHFDNAC,2025-06-30T16:27:38.86665034Z,01JZ0TAKDPN96JCWTMZ8BD4TJ5,2025-06-30T16:27:38.86665034Z,01JZ0TGXAWKWP7D51X7AXHZM1D,2025-06-30T16:27:38.86665034Z,01JZ0TGXK4NFDN1NH84NCDE6ZG,2025-06-30T16:27:38.86665034Z
01JZ0FHZPDHQ41TRE6FDGJ9X4S,01JZ0F67X5J6SBR3095JZ2KKHQ,2025-06-30T13:13:53.101636648Z,01JZ0F67ZFPZEHV6BKFXQYDXZZ,2025-06-30T13:13:53.101636648Z,01JZ0FB6FJQ1D9FWD3X4BZ10WY,2025-06-30T13:13:53.101636648Z,01JZ0FG2TMDGKK0EJR14EYFE7R,2025-06-30T13:13:53.101636648Z,01JZ0FG2WKCNBTV5Q0CKZSESVN,2025-06-30T13:13:53.101636648Z
01JZ0FRXSP6PN57A45P65B41Y8,01JZ0F67X5J6SBR3095JZ2KKHQ,2025-06-30T13:17:40.534149211Z,01JZ0F67Z61XNM528ZD36RPYGY,2025-06-30T13:17:40.534149211Z,01JZ0FB2Y3WR2G1EJJBJKTTDHJ,2025-06-30T13:17:40.534149211Z,01JZ0FHHXX3GHZ77DRFBSQM09C,2025-06-30T13:17:40.534149211Z,01JZ0FHJ0NEHH9G49WX566K78G,2025-06-30T13:17:40.534149211Z
01JZ0FZ90KDEV6W4YQNX0Y9RR5,01JZ0F67X5J6SBR3095JZ2KKHQ,2025-06-30T13:21:08.627599714Z,01JZ0F67ZC5C7QZPK5TEQ23RT2,2025-06-30T13:21:08.627599714Z,01JZ0FCP4GJ67JPW5DR3EM87QX,2025-06-30T13:21:08.627599714Z,01JZ0FSQ51351EYGBSHM59PBYH,2025-06-30T13:21:08.627599714Z,01JZ0FSQ84KY23QPYBXQWPTRVM,2025-06-30T13:21:08.627599714Z
01JZ0NVWHZB5VDS4AJ1XP83J0Q,01JZ0N9PMZHSN31DAQRPMDQCYE,2025-06-30T15:04:09.023387125Z,01JZ0N9PQHD06TCBXAQZTT3H76,2025-06-30T15:04:09.023387125Z,01JZ0NG88M5Q25NCB0XJJ5X4TH,2025-06-30T15:04:09.023387125Z,01JZ0NKT3R7EZETXZ3X4SK2H40,2025-06-30T15:04:09.023387125Z,01JZ0NKTAJCNKZNZY27SMZHSYM,2025-06-30T15:04:09.023387125Z
01JZ0PXQ30PR951MYY38J94RXM,01JZ0PDFE8X2A24VZSJDD0T2BH,2025-06-30T15:22:37.536592684Z,01JZ0PDFFH0EDR9F9CYFN0TQY3,2025-06-30T15:22:37.536592684Z,01JZ0PQ7G6X7K4MMC5P4S3TEYN,2025-06-30T15:22:37.536592684Z,01JZ0PVRKCVAZGVD5GK5DEWP0E,2025-06-30T15:22:37.536592684Z,01JZ0PVRSAS23DPT5GT4235N1X,2025-06-30T15:22:37.536592684Z
01JZ0QFFRMTWTX2BXS6M99C2K1,01JZ0Q0CTMMAVY329HW6Z84SYY,2025-06-30T15:32:19.860218802Z,01JZ0Q0CWNKJYDS4SW61Q7VTQN,2025-06-30T15:32:19.860218802Z,01JZ0Q3X4Y9GSG0Q4TV0TG6S7T,2025-06-30T15:32:19.860218802Z,01JZ0Q80X0DV01H6MZ0H7J8ABM,2025-06-30T15:32:19.860218802Z,01JZ0Q813FAWB6VG0C9ZP7KRV4,2025-06-30T15:32:19.860218802Z
01JZ0SZ7B0PMB7QKD7NYMRH1AQ,01JZ0S9G3E1V9Y4W1M8GV3AGA9,2025-06-30T16:15:52.672802044Z,01JZ0S9G72AZ3MF9HASHX1PW43,2025-06-30T16:15:52.672802044Z,01JZ0SFY60ZWJ9F5NVJ19CBR6J,2025-06-30T16:15:52.672802044Z,01JZ0SSF5TTEGA4KE9KCX2D069,2025-06-30T16:15:52.672802044Z,01JZ0SSFDDM43P09Q9RREYCTET,2025-06-30T16:15:52.672802044Z
01JZ0T8NSEABYY7YYCXSFEJH3T,01JZ0S9G3E1V9Y4W1M8GV3AGA9,2025-06-30T16:21:02.382062658Z,01JZ0S9G8MSQJNW9QDDX82T8EZ,2025-06-30T16:21:02.382062658Z,01JZ0SMQXV1DDFCHV33AY50M6P,2025-06-30T16:21:02.382062658Z,01JZ0T2Z776H5NYH3952M90NE0,2025-06-30T16:21:02.382062658Z,01JZ0T2ZHAHS59BR3V8XSNNK4S,2025-06-30T16:21:02.382062658Z
01JZ0FJ7MFCBZANJYWX1VDQC5Y,01JZ0F67X5J6SBR3095JZ2KKHQ,2025-06-30T13:14:01.231070735Z,01JZ0F67Z228X9RHKVM8F1277D,2025-06-30T13:14:01.231070735Z,01JZ0FAY5RV9X0EF0X32G9N72E,2025-06-30T13:14:01.231070735Z,01JZ0FJ6NQX01VQWMRP31DSAN5,2025-06-30T13:14:01.231070735Z,01JZ0FJ6QQAVDHD4CP69ZGJSAH,2025-06-30T13:14:01.231070735Z
01JZ0HJJK4RG5BB1ZVYR59X2WN,01JZ0H1K4AG17CS34Z9G9MQYDS,2025-06-30T13:49:09.604742987Z,01JZ0H1K7HVYD71R3W6V80C6V1,2025-06-30T13:49:09.604742987Z,01JZ0H3VXRWN9J2736JNSGF5MJ,2025-06-30T13:49:09.604742987Z,01JZ0HAVSPDR7MY1DNJHFYYY73,2025-06-30T13:49:09.604742987Z,01JZ0HAVX24JF16MMSM37N5JCP,2025-06-30T13:49:09.604742987Z
01JZ0JWAKHRC67J8Q8Y0FJBY9E,01JZ0JJRG62BDVPN4H0KJ2XPWK,2025-06-30T14:11:57.681122816Z,01JZ0JJRKVJXBJGVYTJ6TBMBFM,2025-06-30T14:11:57.681122816Z,01JZ0JRQJFXEWFAWM7PWAPW35D,2025-06-30T14:11:57.681122816Z,01JZ0JW9F9Z7WAAVX264BMEZ86,2025-06-30T14:11:57.681122816Z,01JZ0JW9HMPEM4HS4XG9J4AV85,2025-06-30T14:11:57.681122816Z
01JZ0K8G26Z602S2DZ2FPR4VVK,01JZ0JJRG62BDVPN4H0KJ2XPWK,2025-06-30T14:18:36.486955097Z,01JZ0JJRMFBKARHHQY8ZXKDX2Q,2025-06-30T14:18:36.486955097Z,01JZ0JQQMSRZZJ1P2ESVX6GNQJ,2025-06-30T14:18:36.486955097Z,01JZ0K2YERTFQAJEQ3WTQCHG83,2025-06-30T14:18:36.486955097Z,01JZ0K2YHT5WE07G9WFYRWEWTG,2025-06-30T14:18:36.486955097Z
01JZ0PDGRWFNRKKXB8XRM460J5,01JZ0NSN7EKS122Z238A4PF66D,2025-06-30T15:13:46.780975985Z,01JZ0NSNACQB6FV8GE0XS7JKF9,2025-06-30T15:13:46.780975985Z,01JZ0P2VRWVMWZZ8N9Z8Y5JQ15,2025-06-30T15:13:46.780975985Z,01JZ0P7YN1V2MR96D77PEXSMK2,2025-06-30T15:13:46.780975985Z,01JZ0P7YRT5X9AE21VXRAC50DH,2025-06-30T15:13:46.780975985Z
01JZ0FQH40PYEE660X70XYJ6G0,01JZ0F67X5J6SBR3095JZ2KKHQ,2025-06-30T13:16:54.784464911Z,01JZ0F67Z745P2890BJ7Q88E3R,2025-06-30T13:16:54.784464911Z,01JZ0FBWR8H942AC9T38EZCDR4,2025-06-30T13:16:54.784464911Z,01JZ0FHYT9MR26XHFRG86H7E34,2025-06-30T13:16:54.784464911Z,01JZ0FHYVQ2SKG7NVAC6AS69R0,2025-06-30T13:16:54.784464911Z
01JZ0HN4EZWWF2HM3A4GXQ39KT,01JZ0H1K4AG17CS34Z9G9MQYDS,2025-06-30T13:50:33.43940825Z,01JZ0H1K706F68YJ8PB50DJAH3,2025-06-30T13:50:33.43940825Z,01JZ0H4Z36PV4JSD83THK2GEDW,2025-06-30T13:50:33.43940825Z,01JZ0HDDQMTC6TEXBWB6J1ED7W,2025-06-30T13:50:33.43940825Z,01JZ0HDDVAWGE20SAPB508Z87D,2025-06-30T13:50:33.43940825Z
01JZ0MAQBSH9FYRNH0N1Q72JM5,01JZ0KZHFC2GEC175ZSKVHYGR2,2025-06-30T14:37:18.073075056Z,01JZ0KZHGK1V8ZC0AXDBXBYAX9,2025-06-30T14:37:18.073075056Z,01JZ0M54SWH9FMND8G8ZRJ8E3A,2025-06-30T14:37:18.073075056Z,01JZ0M8V6QTQ2XMY7H3K1D6P3H,2025-06-30T14:37:18.073075056Z,01JZ0M8V9B8GNP5G24AABGPAB2,2025-06-30T14:37:18.073075056Z
01JZ0MDWV76WVH0BE2J7NPS6B2,01JZ0KZHFC2GEC175ZSKVHYGR2,2025-06-30T14:39:01.991397521Z,01JZ0KZHHH6W8J7M02JDFMAQF5,2025-06-30T14:39:01.991397521Z,01JZ0M1F3F18ZRH41SFFXNC5Z8,2025-06-30T14:39:01.991397521Z,01JZ0MA57G6F6CZSS6TXQYY4X3,2025-06-30T14:39:01.991397521Z,01JZ0MA5CP269RMSCXAZMV62F9,2025-06-30T14:39:01.991397521Z
01JZ0R219XRFWJ1KRTHMM8DTZA,01JZ0QGE33ZWYV7A3256FYEZA6,2025-06-30T15:42:27.64518315Z,01JZ0QGE4MQBM7ZJEFVQMWJX02,2025-06-30T15:42:27.64518315Z,01JZ0QJ5V3C61DQXW1GQ026AYD,2025-06-30T15:42:27.64518315Z,01JZ0QT8E57KE5FS60Y0XYREM2,2025-06-30T15:42:27.64518315Z,01JZ0QT8NST1K1X1Z5J8NEMNZB,2025-06-30T15:42:27.64518315Z
01JZ0SXMH49Z507E5FGE0E7QQN,01JZ0S9G3E1V9Y4W1M8GV3AGA9,2025-06-30T16:15:00.644642629Z,01JZ0S9G7VJHRZZRV1KXAXAXSY,2025-06-30T16:15:00.644642629Z,01JZ0SF42D6EB959CKE7M0PGAZ,2025-06-30T16:15:00.644642629Z,01JZ0SP4D0CS281Y0996N1R2P4,2025-06-30T16:15:00.644642629Z,01JZ0SP4QF1M3BERGM3812151M,2025-06-30T16:15:00.644642629Z
01JZ0SY40AHC3ZKMQ43V9JK7VD,01JZ0S9G3E1V9Y4W1M8GV3AGA9,2025-06-30T16:15:16.490890244Z,01JZ0S9GCCCNBKT0N3T9B2PH95,2025-06-30T16:15:16.490890244Z,01JZ0SP12CPDZAZJNKRMES3PT5,2025-06-30T16:15:16.490890244Z,01JZ0SRFZN1N49MKZCM7JQAT6Y,2025-06-30T16:15:16.490890244Z,01JZ0SRG82KGK095QFE3MAFA80,2025-06-30T16:15:16.490890244Z
01JZ0VCT2P3VAEAWPQ74HF4R9M,01JZ0TXM4HA3Q8P6D6TPYYS7R3,2025-06-30T16:40:46.422126303Z,01JZ0TXM7C18DJWS688K2WH576,2025-06-30T16:40:46.422126303Z,01JZ0V0QWDKKE2Y7QVNMAD1GY6,2025-06-30T16:40:46.422126303Z,01JZ0V8ZQZFAA3Z4NYN9H5S8FG,2025-06-30T16:40:46.422126303Z,01JZ0V9013X6FEV8W9454Y02MT,2025-06-30T16:40:46.422126303Z
01JZ0FS29X9RE39NZP8D6H4ME1,01JZ0F67X5J6SBR3095JZ2KKHQ,2025-06-30T13:17:45.14977235Z,01JZ0F67ZT8SK3RX0KMQXRZR64,2025-06-30T13:17:45.14977235Z,01JZ0FBJ4KQXDMT6MT2EH5X20T,2025-06-30T13:17:45.14977235Z,01JZ0FH23M3992P5JC3XVEK99K,2025-06-30T13:17:45.14977235Z,01JZ0FH275W6BAMF8GKWJ7HW2X,2025-06-30T13:17:45.14977235Z
01JZ0HCQZ818DQ3931PXKS3NXW,01JZ0H1K4AG17CS34Z9G9MQYDS,2025-06-30T13:45:58.504937322Z,01JZ0H1K7HVYD71R3W6V80C6V1,2025-06-30T13:45:58.504937322Z,01JZ0H3YKDCKC58R863JCARE6G,2025-06-30T13:45:58.504937322Z,01JZ0HAVS54E0S6EA1VSCPJE2W,2025-06-30T13:45:58.504937322Z,01JZ0HAVV6427V6VS6EB94HCVX,2025-06-30T13:45:58.504937322Z
01JZ0HFQAVGQKB930Z5TS0T0CR,01JZ0H1K4AG17CS34Z9G9MQYDS,2025-06-30T13:47:36.155189919Z,01JZ0H1K7C3FKHJS5GP9RE7N8D,2025-06-30T13:47:36.155189919Z,01JZ0H4TXV5HDVPR9EH08YRVXA,2025-06-30T13:47:36.155189919Z,01JZ0HA59FS77DYF0M07SAVR93,2025-06-30T13:47:36.155189919Z,01JZ0HA5DG3P3GKEND233XW4P0,2025-06-30T13:47:36.155189919Z
01JZ0HQNXCC8KDMJFXFBQADH9B,01JZ0H1K4AG17CS34Z9G9MQYDS,2025-06-30T13:51:56.844469934Z,01JZ0H1K72P9WWMQFG7ACVRNHM,2025-06-30T13:51:56.844469934Z,01JZ0HFMYKSMAV2RS6KF5GZ9M7,2025-06-30T13:51:56.844469934Z,01JZ0HKZ2G50KS7CBCD3M87YFZ,2025-06-30T13:51:56.844469934Z,01JZ0HKZ54PQ7DGBPD2DVHEXWT,2025-06-30T13:51:56.844469934Z
01JZ0HW0E2SHWCEFQ77RXZNW70,01JZ0H1K4AG17CS34Z9G9MQYDS,2025-06-30T13:54:18.690882022Z,01JZ0H1K72P9WWMQFG7ACVRNHM,2025-06-30T13:54:18.690882022Z,01JZ0H3BSJ76APYEW8F641XA8T,2025-06-30T13:54:18.690882022Z,01JZ0HKZ3019V16DNNX4C0SER7,2025-06-30T13:54:18.690882022Z,01JZ0HKZ993S1Q2M5ZDQE5DPHV,2025-06-30T13:54:18.690882022Z
01JZ0MGAM93FBK63ZPG53ETP4J,01JZ0KZHFC2GEC175ZSKVHYGR2,2025-06-30T14:40:21.641544042Z,01JZ0KZHH6W8XDVC696R9C92DG,2025-06-30T14:40:21.641544042Z,01JZ0M68RH26TA36VPTAMVWHEQ,2025-06-30T14:40:21.641544042Z,01JZ0MCKBEDXBCTH25HMPCZETY,2025-06-30T14:40:21.641544042Z,01JZ0MCKDWQ4DAS4BZSTHFFHJY,2025-06-30T14:40:21.641544042Z
01JZ0MMANE4EQBHBND05HHQ0WM,01JZ0KZHFC2GEC175ZSKVHYGR2,2025-06-30T14:42:32.750316658Z,01JZ0KZHH6W8XDVC696R9C92DG,2025-06-30T14:42:32.750316658Z,01JZ0M68RH26TA36VPTAMVWHEQ,2025-06-30T14:42:32.750316658Z,01JZ0MCKAWSJJD7XSMC4C0649V,2025-06-30T14:42:32.750316658Z,01JZ0MCKG4FA8A26JKHYVAA3MX,2025-06-30T14:42:32.750316658Z
01JZ0NSCYZX6WG66K4XFJTD1BW,01JZ0N9PMZHSN31DAQRPMDQCYE,2025-06-30T15:02:47.519880673Z,01JZ0N9PQHD06TCBXAQZTT3H76,2025-06-30T15:02:47.519880673Z,01JZ0NDAQP6PMG8NAJBA9WP4GZ,2025-06-30T15:02:47.519880673Z,01JZ0NKT353JX7TDZWFQNH8NHN,2025-06-30T15:02:47.519880673Z,01JZ0NKT7K4AYSPZC9B59JGMZ9,2025-06-30T15:02:47.519880673Z
01JZ0FM2J7PRBNZYSTGX0SGPA6,01JZ0F67X5J6SBR3095JZ2KKHQ,2025-06-30T13:15:01.575644312Z,01JZ0F67Z228X9RHKVM8F1277D,2025-06-30T13:15:01.575644312Z,01JZ0FB43V6RX3WM4ZEX4SH8M0,2025-06-30T13:15:01.575644312Z,01JZ0FJ6P04EK093QJBJ8ZQ2DS,2025-06-30T13:15:01.575644312Z,01JZ0FJ6SBHJ7X638RST97CGZZ,2025-06-30T13:15:01.575644312Z
01JZ0Q1CYJRJX7JW8GTWCB4ZZ8,01JZ0PDFE8X2A24VZSJDD0T2BH,2025-06-30T15:24:38.226532132Z,01JZ0PDFFH0EDR9F9CYFN0TQY3,2025-06-30T15:24:38.226532132Z,01JZ0PGV68TYQ231YS5FREY4WQ,2025-06-30T15:24:38.226532132Z,01JZ0PVRKCVAZGVD5GK5DEWP0E,2025-06-30T15:24:38.226532132Z,01JZ0PVRV8VQ6JWJ93GT9BV6F7,2025-06-30T15:24:38.226532132Z
01JZ0SZ9RPPF6D7G4ERNDHD6AT,01JZ0S9G3E1V9Y4W1M8GV3AGA9,2025-06-30T16:15:55.158641521Z,01JZ0S9GBDE95BAEJ35DY3VGC4,2025-06-30T16:15:55.158641521Z,01JZ0SA8WBZCVQVD20ETSR9KH4,2025-06-30T16:15:55.158641521Z,01JZ0SQEEYPA1PRSBERW5HV0M1,2025-06-30T16:15:55.158641521Z,01JZ0SQES7NWZTW9WK0EQVQ7QQ,2025-06-30T16:15:55.158641521Z
01JZ0P4BXE5HTQWDAFGAR6MTBZ,01JZ0NSN7EKS122Z238A4PF66D,2025-06-30T15:08:46.894074823Z,01JZ0NSNC1W3B8HBKV7A156B13,2025-06-30T15:08:46.894074823Z,01JZ0P0DBN2YTW4V5ATZNQEJS0,2025-06-30T15:08:46.894074823Z,01JZ0P49AXV9WYGF468QHGM5YG,2025-06-30T15:08:46.894074823Z,01JZ0P49GKVDQPWPA2V6CTFKMD,2025-06-30T15:08:46.894074823Z
01JZ0FNP2G2FBTQXT4SVFGCNJC,01JZ0F67X5J6SBR3095JZ2KKHQ,2025-06-30T13:15:54.320358206Z,01JZ0F67Z9QH00F8GAXY086HB5,2025-06-30T13:15:54.320358206Z,01JZ0FBZBPYQ4FYZK11FHC8KJR,2025-06-30T13:15:54.320358206Z,01JZ0FNMHNGFQRC9AEB9KVCBTA,2025-06-30T13:15:54.320358206Z,01JZ0FNMJQYJ3XE7Q35QFSX7PX,2025-06-30T13:15:54.320358206Z
01JZ0FNTWFYJ10KQ3X4DXXCW58,01JZ0F67X5J6SBR3095JZ2KKHQ,2025-06-30T13:15:59.24791728Z,01JZ0F67ZPF4121D8VQV580KT1,2025-06-30T13:15:59.24791728Z,01JZ0FAETV0DGAJW6J3NP3S5YD,2025-06-30T13:15:59.24791728Z,01JZ0FG9XR3ADT6FD51B6EJHQB,2025-06-30T13:15:59.24791728Z,01JZ0FG9Z2DZDGC60HDDV09A4A,2025-06-30T13:15:59.24791728Z
01JZ0FZ5X7KAPKZ6N5GVZHRF7S,01JZ0F67X5J6SBR3095JZ2KKHQ,2025-06-30T13:21:05.447537795Z,01JZ0F67Z49S75BR56TBMFCZ55,2025-06-30T13:21:05.447537795Z,01JZ0FBTZN02PXBW67S86C0YTF,2025-06-30T13:21:05.447537795Z,01JZ0FQRVEZY326STJ1YX0CZD3,2025-06-30T13:21:05.447537795Z,01JZ0FQRZ2Z7TRYBT6KXD2MK2Z,2025-06-30T13:21:05.447537795Z
01JZ0G2B180TV6VFHQVCPTRGA2,01JZ0F67X5J6SBR3095JZ2KKHQ,2025-06-30T13:22:49.000453399Z,01JZ0F67Z9QH00F8GAYATW0H4D,2025-06-30T13:22:49.000453399Z,01JZ0FCSB181485J0F119VPBHD,2025-06-30T13:22:49.000453399Z,01JZ0FTXWM694R5TBTQY6QHMR5,2025-06-30T13:22:49.000453399Z,01JZ0FTY185K5JAWP4Y1XCYQAS,2025-06-30T13:22:49.000453399Z
01JZ0P807SV2NA5S8CEQB463H3,01JZ0NSN7EKS122Z238A4PF66D,2025-06-30T15:10:46.009099253Z,01JZ0NSNACQB6FV8GE0XS7JKF9,2025-06-30T15:10:46.009099253Z,01JZ0P1TX10FFYPX0ZCGHE89AS,2025-06-30T15:10:46.009099253Z,01JZ0P7YKZ0DJ4DJ00YYG0YM4V,2025-06-30T15:10:46.009099253Z,01JZ0P7YPV7TWCE3QD95AP24MA,2025-06-30T15:10:46.009099253Z
01JZ0PBNZ4AG86XAKHW5FBPSFH,01JZ0NSN7EKS122Z238A4PF66D,2025-06-30T15:12:46.564575903Z,01JZ0NSNACQB6FV8GE0XS7JKF9,2025-06-30T15:12:46.564575903Z,01JZ0P4V3AHY550K8PMRT3VM5K,2025-06-30T15:12:46.564575903Z,01JZ0P7YN1V2MR96D77PEXSMK2,2025-06-30T15:12:46.564575903Z,01JZ0P7YRD4XMCX0X4F8SJDY4M,2025-06-30T15:12:46.564575903Z
01JZ0QY0AMWFZ9P2XWND9KBP7X,01JZ0QGE33ZWYV7A3256FYEZA6,2025-06-30T15:40:15.572826155Z,01JZ0QGE4MQBM7ZJEFVQMWJX02,2025-06-30T15:40:15.572826155Z,01JZ0QPT6048XZAJK53YEVWM2W,2025-06-30T15:40:15.572826155Z,01JZ0QT8D72WY9E0JR27EZFH9M,2025-06-30T15:40:15.572826155Z,01JZ0QT8J7MWZQC8E80B186RYG,2025-06-30T15:40:15.572826155Z
01JZ0FNP1WEZ3Z7F75JHMS0GK3,01JZ0F67X5J6SBR3095JZ2KKHQ,2025-06-30T13:15:54.304189337Z,01JZ0F67Z9QH00F8GAXY086HB5,2025-06-30T13:15:54.304189337Z,01JZ0FC2JY5XVEAE6VHX2MXJRG,2025-06-30T13:15:54.304189337Z,01JZ0FNMHNGFQRC9AEB9KVCBTA,2025-06-30T13:15:54.304189337Z,01JZ0FNMJQYJ3XE7Q35QFSX7PX,2025-06-30T13:15:54.304189337Z
01JZ0SP77D0PABFDHJ9KN02CCC,01JZ0S9G3E1V9Y4W1M8GV3AGA9,2025-06-30T16:10:57.64544012Z,01JZ0S9G7VJHRZZRV1KXAXAXSY,2025-06-30T16:10:57.64544012Z,01JZ0SFEC760TZW065ZBPCGFEK,2025-06-30T16:10:57.64544012Z,01JZ0SP4A04XPV6N27S5YJ1WSZ,2025-06-30T16:10:57.64544012Z,01JZ0SP4HR50WP99GXDS4YC9FK,2025-06-30T16:10:57.64544012Z
01JZ0VJ48TPF2WGQXZKS38YG3H,01JZ0TXM4HA3Q8P6D6TPYYS7R3,2025-06-30T16:43:40.698353749Z,01JZ0TXM9G1YQW4PKWAZEHBP4X,2025-06-30T16:43:40.698353749Z,01JZ0VA02QS1Q83QABHKXFB7D4,2025-06-30T16:43:40.698353749Z,01JZ0VA39HPKW8MX9NV5NCWW3N,2025-06-30T16:43:40.698353749Z,01JZ0VA3MM8S4F5FMQCEB2X88S,2025-06-30T16:43:40.698353749Z
01JZ0R1PH5Z2QTD4K4QSK43R0V,01JZ0QGE33ZWYV7A3256FYEZA6,2025-06-30T15:42:16.613785798Z,01JZ0QGE4MQBM7ZJEFVQMWJX02,2025-06-30T15:42:16.613785798Z,01JZ0QPT6048XZAJK53YEVWM2W,2025-06-30T15:42:16.613785798Z,01JZ0QT8DPXJ05M7TDP99CPQ9M,2025-06-30T15:42:16.613785798Z,01JZ0QT8M1XD60YRTB64RNM57M,2025-06-30T15:42:16.613785798Z
01JZ0H8N0S5AGNJ75Y1X097GJS,01JZ0H1K4AG17CS34Z9G9MQYDS,2025-06-30T13:43:44.409670901Z,01JZ0H1K6THHEJQ855QF7WP6P1,2025-06-30T13:43:44.409670901Z,01JZ0H3MSCHF8EHSQ33HEQDG2Z,2025-06-30T13:43:44.409670901Z,01JZ0H8M6D9SVDR1575RSHA4RY,2025-06-30T13:43:44.409670901Z,01JZ0H8M8669S9MXGH73FRDPD6,2025-06-30T13:43:44.409670901Z
01JZ0HB6YDMT918YWBW1C2JCRM,01JZ0H1K4AG17CS34Z9G9MQYDS,2025-06-30T13:45:08.301854227Z,01JZ0H1K7KVN4Q30DF0C4SZNQW,2025-06-30T13:45:08.301854227Z,01JZ0H4GBQSQYED6WDD8E3HJCG,2025-06-30T13:45:08.301854227Z,01JZ0H9B6QJSN4ERPYEHH37CV2,2025-06-30T13:45:08.301854227Z,01JZ0H9B876E36HQ9MRHAW0HGM,2025-06-30T13:45:08.301854227Z
01JZ0HJ8469SXVJBZYQ1KWG7FD,01JZ0H1K4AG17CS34Z9G9MQYDS,2025-06-30T13:48:58.886518494Z,01JZ0H1K78HDDW9F2WM1P8VZMN,2025-06-30T13:48:58.886518494Z,01JZ0H3KYQN4X87D14R9JK1FH9,2025-06-30T13:48:58.886518494Z,01JZ0HAGS7E9CRX0SV4TDEYPGQ,2025-06-30T13:48:58.886518494Z,01JZ0HAGWZFATP7YBM6916T1HM,2025-06-30T13:48:58.886518494Z
01JZ0K6YJ1HKS4WVJ2WDPWE7D8,01JZ0JJRG62BDVPN4H0KJ2XPWK,2025-06-30T14:17:45.793491731Z,01JZ0JJRK7MTN7FAC1224V82KC,2025-06-30T14:17:45.793491731Z,01JZ0JRSFTK3MVKWF6KJBEKR0E,2025-06-30T14:17:45.793491731Z,01JZ0JYWVTXPY8CS9SR9JSTC6V,2025-06-30T14:17:45.793491731Z,01JZ0JYX6SNECJWP52GNYNHB4Y,2025-06-30T14:17:45.793491731Z
01JZ0RD1X2F1GQC15MDN369KB3,01JZ0R44WS56B1WD5354KYAZ6V,2025-06-30T15:48:28.706239727Z,01JZ0R44YW0T94WKHD2ZAT9VPC,2025-06-30T15:48:28.706239727Z,01JZ0R7M0GNQWHJJYSHNG909HC,2025-06-30T15:48:28.706239727Z,01JZ0RCZ535FABYRRVT4FFBB0K,2025-06-30T15:48:28.706239727Z,01JZ0RCZ9Q2HV403Y6QR5W6S6N,2025-06-30T15:48:28.706239727Z
01JZ0FY7CTW3NSV836SXAT7FH0,01JZ0F67X5J6SBR3095JZ2KKHQ,2025-06-30T13:20:34.202127844Z,01JZ0F67ZNGQ7M2D3G364WEKWP,2025-06-30T13:20:34.202127844Z,01JZ0FBEPD11FSJRWKH4M5M5EZ,2025-06-30T13:20:34.202127844Z,01JZ0FPGC1CG58GQPHV07YYR7V,2025-06-30T13:20:34.202127844Z,01JZ0FPGKJE0KX4R9CEPZ22FPQ,2025-06-30T13:20:34.202127844Z
01JZ0FY2YHBMMC72FEBYA3AWWR,01JZ0F67X5J6SBR3095JZ2KKHQ,2025-06-30T13:20:29.649252874Z,01JZ0F67Z8B8A42G6Y5XQ0NS83,2025-06-30T13:20:29.649252874Z,01JZ0FMGSF0PK3CA9HTNHT34W1,2025-06-30T13:20:29.649252874Z,01JZ0FW5GZ8NR8PVKBDD2P70TS,2025-06-30T13:20:29.649252874Z,01JZ0FW5QGFJPJFP15FA134F1G,2025-06-30T13:20:29.649252874Z
01JZ0K6N9VKXKSG9DMYSSDZA3S,01JZ0JJRG62BDVPN4H0KJ2XPWK,2025-06-30T14:17:36.315458232Z,01JZ0JJRMFBKARHHQY8ZXKDX2Q,2025-06-30T14:17:36.315458232Z,01JZ0JMENDQ776M5WP6RMTBCJC,2025-06-30T14:17:36.315458232Z,01JZ0K2YERTFQAJEQ3WTQCHG83,2025-06-30T14:17:36.315458232Z,01JZ0K2YHF3CW1PRPH7XT6X3MW,2025-06-30T14:17:36.315458232Z
01JZ0PKAG9WM2BWXXWM5E0KSFH,01JZ0NSN7EKS122Z238A4PF66D,2025-06-30T15:16:56.969054082Z,01JZ0NSNAYA5ZEAQVB789Y1XW2,2025-06-30T15:16:56.969054082Z,01JZ0NZBZKHKXTZYA0WX3Y2FFW,2025-06-30T15:16:56.969054082Z,01JZ0PB8DV4NZFG3Y6Z26RWACH,2025-06-30T15:16:56.969054082Z,01JZ0PB8M7YWCC7M3BSKCMWZ0R,2025-06-30T15:16:56.969054082Z
01JZ0RNT78Z3Q4N62DSYDZ4GC5,01JZ0R44WS56B1WD5354KYAZ6V,2025-06-30T15:53:15.752836415Z,01JZ0R44YD4TQ1QQVW9H1W0WBF,2025-06-30T15:53:15.752836415Z,01JZ0R748N2WK8HNRR37DG296Z,2025-06-30T15:53:15.752836415Z,01JZ0RDJ6VECBCV4R08YWCJE54,2025-06-30T15:53:15.752836415Z,01JZ0RDJZJKFRDY48KAFVDRN41,2025-06-30T15:53:15.752836415Z
01JZ0SS26MQNH5MZNCSW29Y4J0,01JZ0S9G3E1V9Y4W1M8GV3AGA9,2025-06-30T16:12:30.804363302Z,01JZ0S9G69Y1BMBR3KZBCDH0XZ,2025-06-30T16:12:30.804363302Z,01JZ0SJ8C2JTDBBCYPNE6VJW23,2025-06-30T16:12:30.804363302Z,01JZ0SN4RKR0FK21YDZFG99ED0,2025-06-30T16:12:30.804363302Z,01JZ0SN5CH2Z5V6Q7MGZ1FH50J,2025-06-30T16:12:30.804363302Z
01JZ0FNPGNDZKEA2T28H2JYD6J,01JZ0F67X5J6SBR3095JZ2KKHQ,2025-06-30T13:15:54.774078898Z,01JZ0F67ZFPZEHV6BKFXQYDXZZ,2025-06-30T13:15:54.774078898Z,01JZ0FBJ9NFFKS2CKGHWFB4VM8,2025-06-30T13:15:54.774078898Z,01JZ0FG2TMDGKK0EJR14EYFE7R,2025-06-30T13:15:54.774078898Z,01JZ0FG2WY2714P5Q1V528ACYZ,2025-06-30T13:15:54.774078898Z
01JZ0NNQ5DH3N3Y2K9VZ2KVSJC,01JZ0N9PMZHSN31DAQRPMDQCYE,2025-06-30T15:00:46.89352932Z,01JZ0N9PQHD06TCBXAQZTT3H76,2025-06-30T15:00:46.89352932Z,01JZ0NEB3JG770E2MJXKGV4SYP,2025-06-30T15:00:46.89352932Z,01JZ0NKT353JX7TDZWFQNH8NHN,2025-06-30T15:00:46.89352932Z,01JZ0NKT71AJ0HAAWPFJFJHFVG,2025-06-30T15:00:46.89352932Z
01JZ0RQX433C81M7255PM2MGAG,01JZ0R44WS56B1WD5354KYAZ6V,2025-06-30T15:54:24.259713488Z,01JZ0R450A0M8Q4QC968ZVRS9H,2025-06-30T15:54:24.259713488Z,01JZ0RC5VA1XYK8MB53Q5K9XJR,2025-06-30T15:54:24.259713488Z,01JZ0RFNSEZKPM2792JHDRN446,2025-06-30T15:54:24.259713488Z,01JZ0RFPKQMZBSTY66B37ZM1SV,2025-06-30T15:54:24.259713488Z
01JZ0SSNBAA3KJD752A676GHB5,01JZ0S9G3E1V9Y4W1M8GV3AGA9,2025-06-30T16:12:50.410996412Z,01JZ0S9G72AZ3MF9HASHX1PW43,2025-06-30T16:12:50.410996412Z,01JZ0SHV4YF359JMJ5P6VTBKHD,2025-06-30T16:12:50.410996412Z,01JZ0SSF26QZZFDZS5GDY53865,2025-06-30T16:12:50.410996412Z,01JZ0SSF8EHJFWSKCC2DKK1R1Q,2025-06-30T16:12:50.410996412Z
01JZ0FW8FN8BK1BFZHHZAQD8RH,01JZ0F67X5J6SBR3095JZ2KKHQ,2025-06-30T13:19:29.781924209Z,01JZ0F67ZBCBNFH7W25EXNBXDS,2025-06-30T13:19:29.781924209Z,01JZ0FBJYV0GPQR4A1052RSJR7,2025-06-30T13:19:29.781924209Z,01JZ0FMTGZY646GWBYFVGKPH1H,2025-06-30T13:19:29.781924209Z,01JZ0FMTK7E6CGE3FCKXAWJPXM,2025-06-30T13:19:29.781924209Z
01JZ0KAN249AJ0JJWZ1ZFZQ8YB,01JZ0JJRG62BDVPN4H0KJ2XPWK,2025-06-30T14:19:47.140707925Z,01JZ0JJRMFBKARHHQY8ZXKDX2Q,2025-06-30T14:19:47.140707925Z,01JZ0K0JEP4CRAAHS8HKT1FSBP,2025-06-30T14:19:47.140707925Z,01JZ0K2YFDRB6P8RBG2K4YQT5E,2025-06-30T14:19:47.140707925Z,01JZ0K2YKWQGXB2D5TT2VWR3KY,2025-06-30T14:19:47.140707925Z
01JZ0MGJ5997HRWY1SR06SZZ60,01JZ0KZHFC2GEC175ZSKVHYGR2,2025-06-30T14:40:29.353774139Z,01JZ0KZHGK1V8ZC0AXDBXBYAX9,2025-06-30T14:40:29.353774139Z,01JZ0M1CDMV1DW6G5GC0CGAP7Z,2025-06-30T14:40:29.353774139Z,01JZ0M8V7E2P63XBE7CBW22G7N,2025-06-30T14:40:29.353774139Z,01JZ0M8VBXGNDQKFCQ7S8WXESB,2025-06-30T14:40:29.353774139Z
01JZ0PV7T7FHWFSXFW9NPN3K84,01JZ0PDFE8X2A24VZSJDD0T2BH,2025-06-30T15:21:16.359518733Z,01JZ0PDFG0TZHQMJ413RSFKXP4,2025-06-30T15:21:16.359518733Z,01JZ0PFD148NQV3M8890VB1Y1E,2025-06-30T15:21:16.359518733Z,01JZ0PSB8QFHT28EPRTVD2EBFB,2025-06-30T15:21:16.359518733Z,01JZ0PSBCHKVBAR0MEERQD2M0T,2025-06-30T15:21:16.359518733Z
01JZ0QY09NMW1CASZGJF41CGX5,01JZ0QGE33ZWYV7A3256FYEZA6,2025-06-30T15:40:15.541534474Z,01JZ0QGE4MQBM7ZJEFVQMWJX02,2025-06-30T15:40:15.541534474Z,01JZ0QPKRJFVHW9J2EJ9HV7BB0,2025-06-30T15:40:15.541534474Z,01JZ0QT8D72WY9E0JR27EZFH9M,2025-06-30T15:40:15.541534474Z,01JZ0QT8J7MWZQC8E80B186RYG,2025-06-30T15:40:15.541534474Z
01JZ0VFXBVM2KMM99D89VWCKSD,01JZ0TXM4HA3Q8P6D6TPYYS7R3,2025-06-30T16:42:28.091885145Z,01JZ0TXM9G1YQW4PKWAZEHBP4X,2025-06-30T16:42:28.091885145Z,01JZ0V027NCPFS0Z28MM3HFKTJ,2025-06-30T16:42:28.091885145Z,01JZ0VA38AG5CMBPK3H4ZDH1EB,2025-06-30T16:42:28.091885145Z,01JZ0VA3G9VX5YA7Q2K05M1TQK,2025-06-30T16:42:28.091885145Z
01JZ0FNJ26QTJ9A8SBT7W5VQKE,01JZ0F67X5J6SBR3095JZ2KKHQ,2025-06-30T13:15:50.214699563Z,01JZ0F67ZNGQ7M2D3G3M0R8ZTD,2025-06-30T13:15:50.214699563Z,01JZ0FBTJXMW2AK8YMAJ7FJR7V,2025-06-30T13:15:50.214699563Z,01JZ0FNH4D7ZKAVXZ1SZHGDSBK,2025-06-30T13:15:50.214699563Z,01JZ0FNH6KW2F2SRF1A82HJNX1,2025-06-30T13:15:50.214699563Z
01JZ0H9C2MKRJ9RX56CQFYA3YQ,01JZ0H1K4AG17CS34Z9G9MQYDS,2025-06-30T13:44:08.020690133Z,01JZ0H1K7KVN4Q30DF0C4SZNQW,2025-06-30T13:44:08.020690133Z,01JZ0H4GBQSQYED6WDD8E3HJCG,2025-06-30T13:44:08.020690133Z,01JZ0H9B5PPKDQREPED3E71754,2025-06-30T13:44:08.020690133Z,01JZ0H9B75HNB3M7R9QF3XKTAQ,2025-06-30T13:44:08.020690133Z
01JZ0HMT8F82GWTEP1X9Z8TC7W,01JZ0H1K4AG17CS34Z9G9MQYDS,2025-06-30T13:50:22.991681215Z,01JZ0H1K706F68YJ8PB50DJAH3,2025-06-30T13:50:22.991681215Z,01JZ0H6EEFSCJKZ89CKKRRVF40,2025-06-30T13:50:22.991681215Z,01JZ0HDDPWNYGTK2DVP3JF7ANT,2025-06-30T13:50:22.991681215Z,01JZ0HDDTHP3VCN418R8WTFHP9,2025-06-30T13:50:22.991681215Z
01JZ0MJ74R6K284YW4R5M4EDTR,01JZ0KZHFC2GEC175ZSKVHYGR2,2025-06-30T14:41:23.608963633Z,01JZ0KZHHH6W8J7M02JDFMAQF5,2025-06-30T14:41:23.608963633Z,01JZ0M37T5B6J4TKCZ2030N8JQ,2025-06-30T14:41:23.608963633Z,01JZ0MA58AFR1YHAHJ30MZZQB7,2025-06-30T14:41:23.608963633Z,01JZ0MA5HZ1TS589QCBEPC6VJY,2025-06-30T14:41:23.608963633Z
01JZ0QY08KQ47W44YBZZB224VP,01JZ0QGE33ZWYV7A3256FYEZA6,2025-06-30T15:40:15.50741095Z,01JZ0QGE4MQBM7ZJEFVQMWJX02,2025-06-30T15:40:15.50741095Z,01JZ0PT5KC8Z5R5S27XDY9AR52,2025-06-30T15:40:15.50741095Z,01JZ0QT8D72WY9E0JR27EZFH9M,2025-06-30T15:40:15.50741095Z,01JZ0QT8J7MWZQC8E80B186RYG,2025-06-30T15:40:15.50741095Z
01JZ0VC5EDARNG0MH483HSQ8T0,01JZ0TXM4HA3Q8P6D6TPYYS7R3,2025-06-30T16:40:25.293669001Z,01JZ0TXMB9EHVXHHHV3J3SQY3A,2025-06-30T16:40:25.293669001Z,01JZ0V6D24J8EMX9VZ5TJX2AXC,2025-06-30T16:40:25.293669001Z,01JZ0VC1QSQA1K66QVJ6HEYCX9,2025-06-30T16:40:25.293669001Z,01JZ0VC1ZHER2X52389RF6FEVA,2025-06-30T16:40:25.293669001Z
01JZ0FT13Z0GY97DNCCE0QWE47,01JZ0F67X5J6SBR3095JZ2KKHQ,2025-06-30T13:18:16.703607953Z,01JZ0F67Z745P2890BJ7Q88E3R,2025-06-30T13:18:16.703607953Z,01JZ0FAZKMC53M0H38X162NKWX,2025-06-30T13:18:16.703607953Z,01JZ0FHYSYJQMTKEVNFTKJ5XVW,2025-06-30T13:18:16.703607953Z,01JZ0FHYXNEX17F597VBZ4TX30,2025-06-30T13:18:16.703607953Z
01JZ0NSCZGBX36RQQB83H1DXH2,01JZ0N9PMZHSN31DAQRPMDQCYE,2025-06-30T15:02:47.536527284Z,01JZ0N9PQHD06TCBXAQZTT3H76,2025-06-30T15:02:47.536527284Z,01JZ0NCM52T6WSAVFXXAWVWZY2,2025-06-30T15:02:47.536527284Z,01JZ0NKT353JX7TDZWFQNH8NHN,2025-06-30T15:02:47.536527284Z,01JZ0NKT7K4AYSPZC9B59JGMZ9,2025-06-30T15:02:47.536527284Z
01JZ0STX769DNX443BN30E41N0,01JZ0S9G3E1V9Y4W1M8GV3AGA9,2025-06-30T16:13:31.238993897Z,01JZ0S9G69Y1BMBR3KZBCDH0XZ,2025-06-30T16:13:31.238993897Z,01JZ0SJJTJT1R8CXNS1AZ1Y0R9,2025-06-30T16:13:31.238993897Z,01JZ0SN4RKR0FK21YDZFG99ED0,2025-06-30T16:13:31.238993897Z,01JZ0SN5E90BAA2BMM2FK61848,2025-06-30T16:13:31.238993897Z
01JZ0MJ74G1PKZAFYFA8QBV8TE,01JZ0KZHFC2GEC175ZSKVHYGR2,2025-06-30T14:41:23.600493101Z,01JZ0KZHHH6W8J7M02JDFMAQF5,2025-06-30T14:41:23.600493101Z,01JZ0M4WQFE6B0V4QHX8A85TS4,2025-06-30T14:41:23.600493101Z,01JZ0MA58AFR1YHAHJ30MZZQB7,2025-06-30T14:41:23.600493101Z,01JZ0MA5HZ1TS589QCBEPC6VJY,2025-06-30T14:41:23.600493101Z
01JZ0FT11C612JW27FP220NS3G,01JZ0F67X5J6SBR3095JZ2KKHQ,2025-06-30T13:18:16.621008065Z,01JZ0F67Z745P2890BJ7Q88E3R,2025-06-30T13:18:16.621008065Z,01JZ0FHWBY15ET9EK8R00P9WW1,2025-06-30T13:18:16.621008065Z,01JZ0FHYSYJQMTKEVNFTKJ5XVW,2025-06-30T13:18:16.621008065Z,01JZ0FHYXNEX17F597VBZ4TX30,2025-06-30T13:18:16.621008065Z
01JZ0G3KPAV88BHQ1XT64QKDVA,01JZ0F67X5J6SBR3095JZ2KKHQ,2025-06-30T13:23:30.634984747Z,01JZ0F67Z8B8A42G6Y5XQ0NS83,2025-06-30T13:23:30.634984747Z,01JZ0FAP1PZEAT1MNGGVVPBTCW,2025-06-30T13:23:30.634984747Z,01JZ0FW5GEXBFNNK7FDWBRW7GE,2025-06-30T13:23:30.634984747Z,01JZ0FW5T8E810AAMJ5EZX8W4P,2025-06-30T13:23:30.634984747Z
01JZ0HC682MCYT0FBVTRHWGVJN,01JZ0H1K4AG17CS34Z9G9MQYDS,2025-06-30T13:45:40.354818432Z,01JZ0H1K7FV78W73P31JXQYTKA,2025-06-30T13:45:40.354818432Z,01JZ0H42HREFCMBGJBTZGE91GN,2025-06-30T13:45:40.354818432Z,01JZ0HC58QFJEJ8VBWDVYV73JX,2025-06-30T13:45:40.354818432Z,01JZ0HC5AD0NNJETZEAHVDA71P,2025-06-30T13:45:40.354818432Z
01JZ0K7PX7611S0RYY4DB90S69,01JZ0JJRG62BDVPN4H0KJ2XPWK,2025-06-30T14:18:10.727854554Z,01JZ0JJRM7K0MBX3MKCVTKC5NR,2025-06-30T14:18:10.727854554Z,01JZ0JQS81T66D82KVDDFPP0F3,2025-06-30T14:18:10.727854554Z,01JZ0K09960SM46GQE8ZN1TQEF,2025-06-30T14:18:10.727854554Z,01JZ0K09HAPZ9WJEBZH9W1N3WV,2025-06-30T14:18:10.727854554Z
01JZ0KAN1C7CB6451YJ331EWP6,01JZ0JJRG62BDVPN4H0KJ2XPWK,2025-06-30T14:19:47.116225952Z,01JZ0JJRMFBKARHHQY8ZXKDX2Q,2025-06-30T14:19:47.116225952Z,01JZ0JMENDQ776M5WP6RMTBCJC,2025-06-30T14:19:47.116225952Z,01JZ0K2YFDRB6P8RBG2K4YQT5E,2025-06-30T14:19:47.116225952Z,01JZ0K2YKWQGXB2D5TT2VWR3KY,2025-06-30T14:19:47.116225952Z
01JZ0RFZVHMZTNSGX9DG3TKKZ3,01JZ0R44WS56B1WD5354KYAZ6V,2025-06-30T15:50:04.913640432Z,01JZ0R450M24K8ZS9F18EDTFG6,2025-06-30T15:50:04.913640432Z,01JZ0R79Q3SA31NRXSVYNGK5T9,2025-06-30T15:50:04.913640432Z,01JZ0RFVE4BCDRFZQMBJNBKZXN,2025-06-30T15:50:04.913640432Z,01JZ0RFVF3CTD6WR5AYW1NG2YJ,2025-06-30T15:50:04.913640432Z
01JZ0FRGWPZ60PEW8J8VXBJ7JX,01JZ0F67X5J6SBR3095JZ2KKHQ,2025-06-30T13:17:27.318840267Z,01JZ0F67ZBCBNFH7W25EXNBXDS,2025-06-30T13:17:27.318840267Z,01JZ0FCN8BDH6X8PVE3VG95N20,2025-06-30T13:17:27.318840267Z,01JZ0FMTH61B85RYBN11B94K2X,2025-06-30T13:17:27.318840267Z,01JZ0FMTJK8MT6FWXHF4X5Q4EJ,2025-06-30T13:17:27.318840267Z
01JZ0HAHKH5405V6E1JJTME7T8,01JZ0H1K4AG17CS34Z9G9MQYDS,2025-06-30T13:44:46.449806792Z,01JZ0H1K78HDDW9F2WM1P8VZMN,2025-06-30T13:44:46.449806792Z,01JZ0H6H4K79XNW5XKQJ205ZTV,2025-06-30T13:44:46.449806792Z,01JZ0HAGRD45VQ56569PMWG39C,2025-06-30T13:44:46.449806792Z,01JZ0HAGSY2HJS5PPSPYKJ18MV,2025-06-30T13:44:46.449806792Z
01JZ0HHV005YY22HB8VXR4CR1W,01JZ0H1K4AG17CS34Z9G9MQYDS,2025-06-30T13:48:45.44004487Z,01JZ0H1K7A7HBJ5WZC7T99GVBX,2025-06-30T13:48:45.44004487Z,01JZ0H9XDVSFP2KP78SR78XFKD,2025-06-30T13:48:45.44004487Z,01JZ0HAEDCY4MJZ348YK1C296X,2025-06-30T13:48:45.44004487Z,01JZ0HAEHYKM1FK91S59J25Q90,2025-06-30T13:48:45.44004487Z
01JZ0SXMSCG84T46T90YARC4VT,01JZ0S9G3E1V9Y4W1M8GV3AGA9,2025-06-30T16:15:00.908496344Z,01JZ0S9G7VJHRZZRV1KXAXAXSY,2025-06-30T16:15:00.908496344Z,01JZ0SEEBH5P45502W37V2YJK1,2025-06-30T16:15:00.908496344Z,01JZ0SP4D0CS281Y0996N1R2P4,2025-06-30T16:15:00.908496344Z,01JZ0SP4QF1M3BERGM3812151M,2025-06-30T16:15:00.908496344Z
01JZ0FS8RSQA2X2TYT28154VKX,01JZ0F67X5J6SBR3095JZ2KKHQ,2025-06-30T13:17:51.769610788Z,01JZ0F67ZJJG6P50PFSVWKXYA5,2025-06-30T13:17:51.769610788Z,01JZ0FBFAEYK03HBFAMJA6FCQN,2025-06-30T13:17:51.769610788Z,01JZ0FHJQ14NKNJP8JV6J9ESSW,2025-06-30T13:17:51.769610788Z,01JZ0FHJVYPZFFCQWCDMWPFDRT,2025-06-30T13:17:51.769610788Z
01JZ0FX8PETZA1N77K8VP00RX7,01JZ0F67X5J6SBR3095JZ2KKHQ,2025-06-30T13:20:02.766217532Z,01JZ0F67ZNGQ7M2D3G3M0R8ZTD,2025-06-30T13:20:02.766217532Z,01JZ0FDQ7XEK8QFWNEW92QR4H3,2025-06-30T13:20:02.766217532Z,01JZ0FNH5RFAQH4BE8QPA9KQ5S,2025-06-30T13:20:02.766217532Z,01JZ0FNH9AKCN2MMZMWC8MBTT0,2025-06-30T13:20:02.766217532Z
01JZ0HD1RYN62ZVVHF5ZJVEJ37,01JZ0H1K4AG17CS34Z9G9MQYDS,2025-06-30T13:46:08.54266377Z,01JZ0H1K7KVN4Q30DF0C4SZNQW,2025-06-30T13:46:08.54266377Z,01JZ0H3E65SD9MJCEC63Q2EE1S,2025-06-30T13:46:08.54266377Z,01JZ0H9B6QJSN4ERPYEHH37CV2,2025-06-30T13:46:08.54266377Z,01JZ0H9B8B7D3K3XBM7QNWAJQ1,2025-06-30T13:46:08.54266377Z
01JZ0HHBM9G6XXETSZ6DD8H8DP,01JZ0H1K4AG17CS34Z9G9MQYDS,2025-06-30T13:48:29.705299312Z,01JZ0H1K7KVN4Q30DF0C4SZNQW,2025-06-30T13:48:29.705299312Z,01JZ0H3E65SD9MJCEC63Q2EE1S,2025-06-30T13:48:29.705299312Z,01JZ0H9B6DA8VEFJSXMGJKGTNQ,2025-06-30T13:48:29.705299312Z,01JZ0H9BASB2QA3BTDYH4M0YMF,2025-06-30T13:48:29.705299312Z
01JZ0NKW5XYNTCF4K2MJ5YV8E3,01JZ0N9PMZHSN31DAQRPMDQCYE,2025-06-30T14:59:46.493724723Z,01JZ0N9PQHD06TCBXAQZTT3H76,2025-06-30T14:59:46.493724723Z,01JZ0NCM52T6WSAVFXXAWVWZY2,2025-06-30T14:59:46.493724723Z,01JZ0NKT2VE4SHS4CADHAHV9EA,2025-06-30T14:59:46.493724723Z,01JZ0NKT5WJ1XYZCJ9S9J04RX7,2025-06-30T14:59:46.493724723Z
01JZ0QDMBJQYX9WMK3KQ6V2S3R,01JZ0Q0CTMMAVY329HW6Z84SYY,2025-06-30T15:31:19.026230662Z,01JZ0Q0CWNKJYDS4SW61Q7VTQN,2025-06-30T15:31:19.026230662Z,01JZ0Q3X4Y9GSG0Q4TV0TG6S7T,2025-06-30T15:31:19.026230662Z,01JZ0Q80XG0NQQZWZ0ZS4K2WB4,2025-06-30T15:31:19.026230662Z,01JZ0Q811XN0VZA1MBFTPHFPNF,2025-06-30T15:31:19.026230662Z
01JZ0FRR6BKSX8XXW6S9Z3WQF1,01JZ0F67X5J6SBR3095JZ2KKHQ,2025-06-30T13:17:34.795158998Z,01JZ0F67ZT8SK3RX0KMQXRZR64,2025-06-30T13:17:34.795158998Z,01JZ0FC8Z9KTZXYEEXV3M9TW6K,2025-06-30T13:17:34.795158998Z,01JZ0FH23R372KV6QYNWSWRPR1,2025-06-30T13:17:34.795158998Z,01JZ0FH26QRDJQEJBBXQT6SYQ3,2025-06-30T13:17:34.795158998Z
01JZ0HE774ZF5RGJB6AWJCC13T,01JZ0H1K4AG17CS34Z9G9MQYDS,2025-06-30T13:46:46.884058441Z,01JZ0H1K78HDDW9F2WM1P8VZMN,2025-06-30T13:46:46.884058441Z,01JZ0H45MHCSY2Q70D0QH5HSR8,2025-06-30T13:46:46.884058441Z,01JZ0HAGSF134DXMQJAXEF8DCZ,2025-06-30T13:46:46.884058441Z,01JZ0HAGV6G3DJPC3A564GGRC0,2025-06-30T13:46:46.884058441Z
01JZ0K6ABMHC02ZGGH3BPKAYB1,01JZ0JJRG62BDVPN4H0KJ2XPWK,2025-06-30T14:17:25.108587412Z,01JZ0JJRK7MTN7FAC1224V82KC,2025-06-30T14:17:25.108587412Z,01JZ0JSGH5RS66YM2SX89684C5,2025-06-30T14:17:25.108587412Z,01JZ0JYWXE4Z0C49B2GAEXWPG4,2025-06-30T14:17:25.108587412Z,01JZ0JYX3R6DMCAQBCP3MHRP3T,2025-06-30T14:17:25.108587412Z
01JZ0NV7Z58JRD4C8F6RHHYKWY,01JZ0N9PMZHSN31DAQRPMDQCYE,2025-06-30T15:03:47.941917246Z,01JZ0N9PQHD06TCBXAQZTT3H76,2025-06-30T15:03:47.941917246Z,01JZ0NDAQP6PMG8NAJBA9WP4GZ,2025-06-30T15:03:47.941917246Z,01JZ0NKT4CZJGYEE5ATJPQFVGM,2025-06-30T15:03:47.941917246Z,01JZ0NKT8HKQ92N9PQNZCYE7Z5,2025-06-30T15:03:47.941917246Z
01JZ0FR9ZRK9A6V4EJ2F1GW2JE,01JZ0F67X5J6SBR3095JZ2KKHQ,2025-06-30T13:17:20.248448668Z,01JZ0F67ZPF4121D8VQV580KT1,2025-06-30T13:17:20.248448668Z,01JZ0FAETV0DGAJW6J3NP3S5YD,2025-06-30T13:17:20.248448668Z,01JZ0FG9XDZRN3XPZCPT9HKVD6,2025-06-30T13:17:20.248448668Z,01JZ0FGA0MAJ37EVHGX9QJ548V,2025-06-30T13:17:20.248448668Z
01JZ0K4170RDMA15DG6V1WZ12V,01JZ0JJRG62BDVPN4H0KJ2XPWK,2025-06-30T14:16:10.208267565Z,01JZ0JJRM7K0MBX3MKCVTKC5NR,2025-06-30T14:16:10.208267565Z,01JZ0JP3NMJEF2RZEXJRZ363R2,2025-06-30T14:16:10.208267565Z,01JZ0K098RXBK86NWQE5BGP8AC,2025-06-30T14:16:10.208267565Z,01JZ0K09EMBRW81QFHCACCVZJ6,2025-06-30T14:16:10.208267565Z
01JZ0QDM57GXHEM70T2MAQES84,01JZ0Q0CTMMAVY329HW6Z84SYY,2025-06-30T15:31:18.823551685Z,01JZ0Q0CX32Y5M8NZMVY0C598C,2025-06-30T15:31:18.823551685Z,01JZ0QCV193MBKKSGA9DDJJBJY,2025-06-30T15:31:18.823551685Z,01JZ0QDJGBKYVPQA2SXS058J3H,2025-06-30T15:31:18.823551685Z,01JZ0QDJKB1TX8B3RTEVANCZZE,2025-06-30T15:31:18.823551685Z
01JZ0SY3YS9MT7JFRS8XFDFQFR,01JZ0S9G3E1V9Y4W1M8GV3AGA9,2025-06-30T16:15:16.44157517Z,01JZ0S9GCCCNBKT0N3T9B2PH95,2025-06-30T16:15:16.44157517Z,01JZ0SJRGQS35RAYEGQY664F9W,2025-06-30T16:15:16.44157517Z,01JZ0SRFZN1N49MKZCM7JQAT6Y,2025-06-30T16:15:16.44157517Z,01JZ0SRG82KGK095QFE3MAFA80,2025-06-30T16:15:16.44157517Z
01JZ0FRXR7HN6MSH51X3C5T5KS,01JZ0F67X5J6SBR3095JZ2KKHQ,2025-06-30T13:17:40.487371947Z,01JZ0F67Z61XNM528ZD36RPYGY,2025-06-30T13:17:40.487371947Z,01JZ0FCDGSPH1H2BZZPN1QS63M,2025-06-30T13:17:40.487371947Z,01JZ0FHHXX3GHZ77DRFBSQM09C,2025-06-30T13:17:40.487371947Z,01JZ0FHJ0NEHH9G49WX566K78G,2025-06-30T13:17:40.487371947Z
01JZ0FSPP3WX42R9E2W36V3420,01JZ0F67X5J6SBR3095JZ2KKHQ,2025-06-30T13:18:06.019499982Z,01JZ0F67Z745P2890BJ7Q88E3R,2025-06-30T13:18:06.019499982Z,01JZ0FAZKMC53M0H38X162NKWX,2025-06-30T13:18:06.019499982Z,01JZ0FHYT4VA4QBHA5DGPYP1XA,2025-06-30T13:18:06.019499982Z,01JZ0FHYX276ZPDC70THYN8CPV,2025-06-30T13:18:06.019499982Z
01JZ0FTZ5EXSXZMAD2383QM8HX,01JZ0F67X5J6SBR3095JZ2KKHQ,2025-06-30T13:18:47.470607434Z,01JZ0F67Z9QH00F8GAYATW0H4D,2025-06-30T13:18:47.470607434Z,01JZ0FDAK0H7SHFFA8ZFRDR2Y5,2025-06-30T13:18:47.470607434Z,01JZ0FTXV8DQ25Y1P16E5V0W1X,2025-06-30T13:18:47.470607434Z,01JZ0FTXYPFYG58CK5DBF2NKQZ,2025-06-30T13:18:47.470607434Z
01JZ0HEJQP528PA9T3J6BA73PX,01JZ0H1K4AG17CS34Z9G9MQYDS,2025-06-30T13:46:58.678207387Z,01JZ0H1K7HVYD71R3W6V80C6V1,2025-06-30T13:46:58.678207387Z,01JZ0H5PHBAB5MFCHKQNJGE7KV,2025-06-30T13:46:58.678207387Z,01JZ0HAVS54E0S6EA1VSCPJE2W,2025-06-30T13:46:58.678207387Z,01JZ0HAVVCQ82X051SZY3976BH,2025-06-30T13:46:58.678207387Z
01JZ0MCMH9SZ73X752DSQ34TJP,01JZ0KZHFC2GEC175ZSKVHYGR2,2025-06-30T14:38:20.71383434Z,01JZ0KZHH6W8XDVC696R9C92DG,2025-06-30T14:38:20.71383434Z,01JZ0M1DADVFP84XH2E4QDPEBE,2025-06-30T14:38:20.71383434Z,01JZ0MCKBP7JXVFDMPHNG3WP9F,2025-06-30T14:38:20.71383434Z,01JZ0MCKC6QJY7FR94RS2K074B,2025-06-30T14:38:20.71383434Z
01JZ0VJ45VJKZKCV5Z63B85ED1,01JZ0TXM4HA3Q8P6D6TPYYS7R3,2025-06-30T16:43:40.603333075Z,01JZ0TXM9G1YQW4PKWAZEHBP4X,2025-06-30T16:43:40.603333075Z,01JZ0V027NCPFS0Z28MM3HFKTJ,2025-06-30T16:43:40.603333075Z,01JZ0VA39HPKW8MX9NV5NCWW3N,2025-06-30T16:43:40.603333075Z,01JZ0VA3MM8S4F5FMQCEB2X88S,2025-06-30T16:43:40.603333075Z
01JZ0FMZ94KY4VSHX07WS30RFY,01JZ0F67X5J6SBR3095JZ2KKHQ,2025-06-30T13:15:30.980970147Z,01JZ0F67ZKKPGDC64ETWQZ69WV,2025-06-30T13:15:30.980970147Z,01JZ0FB7M5V5PNCYP6FWZ38KB1,2025-06-30T13:15:30.980970147Z,01JZ0FFEABFZ5CT87GW8737MVN,2025-06-30T13:15:30.980970147Z,01JZ0FFECEHWCZXBE0NC4VHJ7J,2025-06-30T13:15:30.980970147Z
01JZ0FXX9FTS5C7W3EHC824T7R,01JZ0F67X5J6SBR3095JZ2KKHQ,2025-06-30T13:20:23.85548374Z,01JZ0F67ZNGQ7M2D3G364WEKWP,2025-06-30T13:20:23.85548374Z,01JZ0FJS48KWCXDKD6ZRVDSXBC,2025-06-30T13:20:23.85548374Z,01JZ0FPGCJ1Z8BH45CM0BESKJ2,2025-06-30T13:20:23.85548374Z,01JZ0FPGJA1NQQ490FC903YNFJ,2025-06-30T13:20:23.85548374Z
01JZ0KAZAGF1CXBMP5ZBKZCB4B,01JZ0JJRG62BDVPN4H0KJ2XPWK,2025-06-30T14:19:57.648424625Z,01JZ0JJRMFBKARHHQY8ZXKDX2Q,2025-06-30T14:19:57.648424625Z,01JZ0JQGZSJTMNWN83V0DRTF9B,2025-06-30T14:19:57.648424625Z,01JZ0K2YF7778KQ4YKNN0MRG3Q,2025-06-30T14:19:57.648424625Z,01JZ0K2YMWED0SR563EGS70F1J,2025-06-30T14:19:57.648424625Z
01JZ0RM9X0WN3MZMNKX9PMNKW6,01JZ0R44WS56B1WD5354KYAZ6V,2025-06-30T15:52:26.272736544Z,01JZ0R44ZAP7PYVAMQ60PRQDRH,2025-06-30T15:52:26.272736544Z,01JZ0RFSGVV4CF4HS12XY9QNMR,2025-06-30T15:52:26.272736544Z,01JZ0RJBMJ9DTWHHQXZG22T28N,2025-06-30T15:52:26.272736544Z,01JZ0RJBTGKVRT2T41FBBSQA00,2025-06-30T15:52:26.272736544Z
01JZ0SR2V07ZGYVF6Z7GS9K2WX,01JZ0S9G3E1V9Y4W1M8GV3AGA9,2025-06-30T16:11:58.688733254Z,01JZ0S9G7VJHRZZRV1KXAXAXSY,2025-06-30T16:11:58.688733254Z,01JZ0SHSYCA0N91MC48RJ4Q13V,2025-06-30T16:11:58.688733254Z,01JZ0SP48F3VDFFJ0GMG3AQPDM,2025-06-30T16:11:58.688733254Z,01JZ0SP4M6CB89J2SW0981SPWN,2025-06-30T16:11:58.688733254Z
01JZ0SYK1RBY3WG90SXMG2ZCED,01JZ0S9G3E1V9Y4W1M8GV3AGA9,2025-06-30T16:15:31.896852211Z,01JZ0S9G9GQDAYDBEESMGH4RA5,2025-06-30T16:15:31.896852211Z,01JZ0SBEC2RYDPHTJZRV8KRQ54,2025-06-30T16:15:31.896852211Z,01JZ0SQ3CMRR1TZZF817KETV97,2025-06-30T16:15:31.896852211Z,01JZ0SQ3PD5SBP4KBHG0G8TV26,2025-06-30T16:15:31.896852211Z
01JZ0FSKGYPYFGXQ29K8F63T7Y,01JZ0F67X5J6SBR3095JZ2KKHQ,2025-06-30T13:18:02.782532166Z,01JZ0F67Z228X9RHKVM8F1277D,2025-06-30T13:18:02.782532166Z,01JZ0FCMDW21N834SMM0YDFMDT,2025-06-30T13:18:02.782532166Z,01JZ0FJ6PYSXW0RMHQBBYC476P,2025-06-30T13:18:02.782532166Z,01JZ0FJ6TWDNSF34ATV5J2S7NN,2025-06-30T13:18:02.782532166Z
01JZ0HJ8F9GCVQ5A4MA5TF0SSG,01JZ0H1K4AG17CS34Z9G9MQYDS,2025-06-30T13:48:59.241389574Z,01JZ0H1K7HVYD71R3W6V80C6V1,2025-06-30T13:48:59.241389574Z,01JZ0H83RPH6CM1BGEWBZ1V4QM,2025-06-30T13:48:59.241389574Z,01JZ0HAVRZTB7R8WB82KCJKAG0,2025-06-30T13:48:59.241389574Z,01JZ0HAVWA0FZ1NWBPG5ABKGBB,2025-06-30T13:48:59.241389574Z
01JZ0QN03DQAXRDE37K334YP1Q,01JZ0Q0CTMMAVY329HW6Z84SYY,2025-06-30T15:35:20.429633271Z,01JZ0Q0CX32Y5M8NZMVY0C598C,2025-06-30T15:35:20.429633271Z,01JZ0QAC7E48R8DA1R24NC5BN7,2025-06-30T15:35:20.429633271Z,01JZ0QDJGY5GDK8FY589ABY8WR,2025-06-30T15:35:20.429633271Z,01JZ0QDJPRHNXT4A9RSTCQ3F42,2025-06-30T15:35:20.429633271Z
01JZ0RRSCNPSS0WR9WX076Z7C3,01JZ0R44WS56B1WD5354KYAZ6V,2025-06-30T15:54:53.205176841Z,01JZ0R44ZYB02HBRR2X1W771BR,2025-06-30T15:54:53.205176841Z,01JZ0RGWMHC1M8CB466E96GPB2,2025-06-30T15:54:53.205176841Z,01JZ0RGZ4NQMBZCSQXT34ACNPZ,2025-06-30T15:54:53.205176841Z,01JZ0RGZHF6AJNRNSC36Q29ZFQ,2025-06-30T15:54:53.205176841Z
01JZ0SV8GRA90A1NQ5AXD6JSQD,01JZ0S9G3E1V9Y4W1M8GV3AGA9,2025-06-30T16:13:42.808992693Z,01JZ0S9GBDE95BAEJ35DY3VGC4,2025-06-30T16:13:42.808992693Z,01JZ0SF8Y0WXYRQ4GJQKYS7F99,2025-06-30T16:13:42.808992693Z,01JZ0SQECM4D5XPER5PREQ6RDB,2025-06-30T16:13:42.808992693Z,01JZ0SQEMB917QHZYWSBT1QBXE,2025-06-30T16:13:42.808992693Z
01JZ0SW91P6P1ESW9E9NH3GTFY,01JZ0S9G3E1V9Y4W1M8GV3AGA9,2025-06-30T16:14:16.118968176Z,01JZ0S9GCCCNBKT0N3T9B2PH95,2025-06-30T16:14:16.118968176Z,01JZ0SF6SRD67J9Q4V8979AFYM,2025-06-30T16:14:16.118968176Z,01JZ0SRFZN1N49MKZCM7JQAT6Y,2025-06-30T16:14:16.118968176Z,01JZ0SRG7EH5WJQEQ9TMP2TMS5,2025-06-30T16:14:16.118968176Z
01JZ0TB7DHECWXBTHS420XK85V,01JZ0S9G3E1V9Y4W1M8GV3AGA9,2025-06-30T16:22:25.969121066Z,01JZ0S9G8MSQJNW9QDDX82T8EZ,2025-06-30T16:22:25.969121066Z,01JZ0SKJNFRFYTYMMSB3A2M8JB,2025-06-30T16:22:25.969121066Z,01JZ0T2ZBBK5N03NFCZRN4R3GR,2025-06-30T16:22:25.969121066Z,01JZ0T2ZSED3J1H4QV6YETH1VM,2025-06-30T16:22:25.969121066Z
01JZ0VJ4DDAM8Y6E93WGAM8Y0H,01JZ0TXM4HA3Q8P6D6TPYYS7R3,2025-06-30T16:43:40.8458279Z,01JZ0TXM9G1YQW4PKWAZEHBP4X,2025-06-30T16:43:40.8458279Z,01JZ0V4QNV0ZADMBTC1TQANM95,2025-06-30T16:43:40.8458279Z,01JZ0VA39HPKW8MX9NV5NCWW3N,2025-06-30T16:43:40.8458279Z,01JZ0VA3MM8S4F5FMQCEB2X88S,2025-06-30T16:43:40.8458279Z
01JZ0FNJ1NC8S5EZ281NRR6130,01JZ0F67X5J6SBR3095JZ2KKHQ,2025-06-30T13:15:50.197704019Z,01JZ0F67ZNGQ7M2D3G3M0R8ZTD,2025-06-30T13:15:50.197704019Z,01JZ0FF2AESZYBEQBJZKV45YWJ,2025-06-30T13:15:50.197704019Z,01JZ0FNH4D7ZKAVXZ1SZHGDSBK,2025-06-30T13:15:50.197704019Z,01JZ0FNH6KW2F2SRF1A82HJNX1,2025-06-30T13:15:50.197704019Z
01JZ0HM6F0BPVKJHA1H46HTFB9,01JZ0H1K4AG17CS34Z9G9MQYDS,2025-06-30T13:50:02.720888654Z,01JZ0H1K7FV78W73P31JXQYTKA,2025-06-30T13:50:02.720888654Z,01JZ0H8Y1HSR83Q5C08BNXNQBS,2025-06-30T13:50:02.720888654Z,01JZ0HC598JEXS6SR3CD3NS2S4,2025-06-30T13:50:02.720888654Z,01JZ0HC5ETFR34BCER7NDTPABS,2025-06-30T13:50:02.720888654Z
01JZ0QBRJD1NK40GK04AJMP3VZ,01JZ0Q0CTMMAVY329HW6Z84SYY,2025-06-30T15:30:17.805526879Z,01JZ0Q0CWNKJYDS4SW61Q7VTQN,2025-06-30T15:30:17.805526879Z,01JZ0Q7M09XJBYMG64Y89317N8,2025-06-30T15:30:17.805526879Z,01JZ0Q80XG0NQQZWZ0ZS4K2WB4,2025-06-30T15:30:17.805526879Z,01JZ0Q811D5KFHEHN6QYQG3E12,2025-06-30T15:30:17.805526879Z
01JZ0SS1MNJ2A1SW2Q42ZAR3PJ,01JZ0S9G3E1V9Y4W1M8GV3AGA9,2025-06-30T16:12:30.229831657Z,01JZ0S9G9GQDAYDBEESMGH4RA5,2025-06-30T16:12:30.229831657Z,01JZ0SF9Q56965BA9MXGSMHAND,2025-06-30T16:12:30.229831657Z,01JZ0SQ3C15Q09HYAH12H13T16,2025-06-30T16:12:30.229831657Z,01JZ0SQ3JN543SNRZGH35QNY7Y,2025-06-30T16:12:30.229831657Z
01JZ0FQSQR5KNF4GZZJ3S8ZQCX,01JZ0F67X5J6SBR3095JZ2KKHQ,2025-06-30T13:17:03.609010545Z,01JZ0F67Z49S75BR56TBMFCZ55,2025-06-30T13:17:03.609010545Z,01JZ0FBTZN02PXBW67S86C0YTF,2025-06-30T13:17:03.609010545Z,01JZ0FQRV86T3D357C7FEC28TG,2025-06-30T13:17:03.609010545Z,01JZ0FQRWSXTWWYSZYJ33CE0NE,2025-06-30T13:17:03.609010545Z
01JZ0MJJD69BJ0WZDBSC0268RV,01JZ0KZHFC2GEC175ZSKVHYGR2,2025-06-30T14:41:35.14301761Z,01JZ0KZHHC2JQ9380R79DSYF93,2025-06-30T14:41:35.14301761Z,01JZ0M77CJKQQW7ZQ7XMJWJS44,2025-06-30T14:41:35.14301761Z,01JZ0MGP26NJJGJCWPQGW8F3YX,2025-06-30T14:41:35.14301761Z,01JZ0MGP4J8WFAZFV2NGPFR81V,2025-06-30T14:41:35.14301761Z
01JZ0PK00QQ4FE1WDQQJ6V3ZCQ,01JZ0NSN7EKS122Z238A4PF66D,2025-06-30T15:16:46.23176169Z,01JZ0NSNAYA5ZEAQVB789Y1XW2,2025-06-30T15:16:46.23176169Z,01JZ0NVYPF8E0336C41XNTMV12,2025-06-30T15:16:46.23176169Z,01JZ0PB8DHY95TQGKETVJ4GHPH,2025-06-30T15:16:46.23176169Z,01JZ0PB8JZKGFTA61D359XG87M,2025-06-30T15:16:46.23176169Z
01JZ0Q3J8GYJ138PZMY6PNBBEQ,01JZ0PDFE8X2A24VZSJDD0T2BH,2025-06-30T15:25:49.200602431Z,01JZ0PDFFH0EDR9F9CYFN0TQY3,2025-06-30T15:25:49.200602431Z,01JZ0PGV68TYQ231YS5FREY4WQ,2025-06-30T15:25:49.200602431Z,01JZ0PVRJB9T7WFF0PZYXA4X8A,2025-06-30T15:25:49.200602431Z,01JZ0PVS17TM9J8FXQP0P5Z5D5,2025-06-30T15:25:49.200602431Z
01JZ0RN47ARPXZJWT7QNV0HMT5,01JZ0R44WS56B1WD5354KYAZ6V,2025-06-30T15:52:53.226562994Z,01JZ0R44YW0T94WKHD2ZAT9VPC,2025-06-30T15:52:53.226562994Z,01JZ0R7M0GNQWHJJYSHNG909HC,2025-06-30T15:52:53.226562994Z,01JZ0RCZ7XV6VK940BWEQH2TS7,2025-06-30T15:52:53.226562994Z,01JZ0RCZPD9WDAGAARRMDWB95V,2025-06-30T15:52:53.226562994Z
01JZ0M9XZPJAGZS6C1RQRBB8S3,01JZ0KZHFC2GEC175ZSKVHYGR2,2025-06-30T14:36:52.086107585Z,01JZ0KZHGXZ28TMC40NC90GVYX,2025-06-30T14:36:52.086107585Z,01JZ0M5MW3G4T4PP7E53EJSCT4,2025-06-30T14:36:52.086107585Z,01JZ0M9WT7DCKHFYFF79DBTDP8,2025-06-30T14:36:52.086107585Z,01JZ0M9WVXR9EYXXXVR5DAW32W,2025-06-30T14:36:52.086107585Z
01JZ0FQCZ9CC3BJCT7991A9MXA,01JZ0F67X5J6SBR3095JZ2KKHQ,2025-06-30T13:16:50.537986628Z,01JZ0F67ZNGQ7M2D3G3M0R8ZTD,2025-06-30T13:16:50.537986628Z,01JZ0FB8B329KN6H9RPGAVWG69,2025-06-30T13:16:50.537986628Z,01JZ0FNH5C6Q73NCV3H5ND8BSP,2025-06-30T13:16:50.537986628Z,01JZ0FNH7H6V08MHV9QEBAG9SJ,2025-06-30T13:16:50.537986628Z
01JZ0FQH44TDWP4HMZY04B3M58,01JZ0F67X5J6SBR3095JZ2KKHQ,2025-06-30T13:16:54.788934023Z,01JZ0F67Z745P2890BJ7Q88E3R,2025-06-30T13:16:54.788934023Z,01JZ0FBGXXC0V58B79955Z9C8Z,2025-06-30T13:16:54.788934023Z,01JZ0FHYT9MR26XHFRG86H7E34,2025-06-30T13:16:54.788934023Z,01JZ0FHYVQ2SKG7NVAC6AS69R0,2025-06-30T13:16:54.788934023Z
01JZ0HNEHYE0KSVP6R5062ADWZ,01JZ0H1K4AG17CS34Z9G9MQYDS,2025-06-30T13:50:43.774474529Z,01JZ0H1K706F68YJ8PB50DJAH3,2025-06-30T13:50:43.774474529Z,01JZ0H4Z36PV4JSD83THK2GEDW,2025-06-30T13:50:43.774474529Z,01JZ0HDDQE67VT5TA23YEM0DK6,2025-06-30T13:50:43.774474529Z,01JZ0HDDW3TQAFASZQK4WDSHQE,2025-06-30T13:50:43.774474529Z
01JZ0K0BG1ZM7Y9ENN9JN60F12,01JZ0JJRG62BDVPN4H0KJ2XPWK,2025-06-30T14:14:09.665224913Z,01JZ0JJRM7K0MBX3MKCVTKC5NR,2025-06-30T14:14:09.665224913Z,01JZ0JS7KGQTXA56X7MR2N3V4S,2025-06-30T14:14:09.665224913Z,01JZ0K098DXTDH1VCTKYXKPC0C,2025-06-30T14:14:09.665224913Z,01JZ0K09BR2ER5JHDCND4CZ7NM,2025-06-30T14:14:09.665224913Z
01JZ0K26E2Y4RQ44TE5K2VQ250,01JZ0JJRG62BDVPN4H0KJ2XPWK,2025-06-30T14:15:10.018394672Z,01JZ0JJRM7K0MBX3MKCVTKC5NR,2025-06-30T14:15:10.018394672Z,01JZ0JNMNVCAW5RZAB0SWSJ307,2025-06-30T14:15:10.018394672Z,01JZ0K098RXBK86NWQE5BGP8AC,2025-06-30T14:15:10.018394672Z,01JZ0K09E4NMDF8JS9NVDAX7SK,2025-06-30T14:15:10.018394672Z
01JZ0K7E7QVEZW7Z0P4X8604BF,01JZ0JJRG62BDVPN4H0KJ2XPWK,2025-06-30T14:18:01.848227065Z,01JZ0JJRKH7XD764W2MEEG7PFH,2025-06-30T14:18:01.848227065Z,01JZ0JRQKJWMM7DD21YR6CR4TA,2025-06-30T14:18:01.848227065Z,01JZ0JZD82PEVW1DBV6P33JE86,2025-06-30T14:18:01.848227065Z,01JZ0JZDE509T5H73252X8C6PE,2025-06-30T14:18:01.848227065Z
01JZ0MGJ5JKPDDP0ZD26W6YGP3,01JZ0KZHFC2GEC175ZSKVHYGR2,2025-06-30T14:40:29.362941895Z,01JZ0KZHGK1V8ZC0AXDBXBYAX9,2025-06-30T14:40:29.362941895Z,01JZ0M54SWH9FMND8G8ZRJ8E3A,2025-06-30T14:40:29.362941895Z,01JZ0M8V7E2P63XBE7CBW22G7N,2025-06-30T14:40:29.362941895Z,01JZ0M8VBXGNDQKFCQ7S8WXESB,2025-06-30T14:40:29.362941895Z
01JZ0FMVACAPY4C9ABK91S5FG4,01JZ0F67X5J6SBR3095JZ2KKHQ,2025-06-30T13:15:26.924809851Z,01JZ0F67ZBCBNFH7W25EXNBXDS,2025-06-30T13:15:26.924809851Z,01JZ0FBTADG31H10PAMS1NCN0Q,2025-06-30T13:15:26.924809851Z,01JZ0FMTG9KECVC1RZN7WJYKFJ,2025-06-30T13:15:26.924809851Z,01JZ0FMTHP5HHK53GVJTFDAHEF,2025-06-30T13:15:26.924809851Z
01JZ0RK6S5K2PH02MPPPRQD1NA,01JZ0R44WS56B1WD5354KYAZ6V,2025-06-30T15:51:50.310403959Z,01JZ0R44YD4TQ1QQVW9H1W0WBF,2025-06-30T15:51:50.310403959Z,01JZ0R657BB3E0BHJE1YNP9JA7,2025-06-30T15:51:50.310403959Z,01JZ0RDJ2QCC6HCJTXVC1C06TR,2025-06-30T15:51:50.310403959Z,01JZ0RDJN6N4JX59VYMCWSBW7H,2025-06-30T15:51:50.310403959Z
01JZ0RKGX3MJTRW82WE2TQEVX9,01JZ0R44WS56B1WD5354KYAZ6V,2025-06-30T15:52:00.675910041Z,01JZ0R44ZMT5HYXWVABB60AH0G,2025-06-30T15:52:00.675910041Z,01JZ0R9YBP53FHZRSC3KJMTX8V,2025-06-30T15:52:00.675910041Z,01JZ0RDSDRWJSGT5RWM6SPP1BW,2025-06-30T15:52:00.675910041Z,01JZ0RDSKE5WH4HDAH609MC1VS,2025-06-30T15:52:00.675910041Z
01JZ0REX23YH7P90F4R4EZJ9YS,01JZ0R44WS56B1WD5354KYAZ6V,2025-06-30T15:49:29.283459579Z,01JZ0R44YW0T94WKHD2ZAT9VPC,2025-06-30T15:49:29.283459579Z,01JZ0RCE2YE75ZA1F2JVAF4PQN,2025-06-30T15:49:29.283459579Z,01JZ0RCZ5WMDRF6E7DKWB3TR0Z,2025-06-30T15:49:29.283459579Z,01JZ0RCZDCAQ37H1J9DDP6X9T0,2025-06-30T15:49:29.283459579Z
01JZ0FQEHPTZXAT7WA8MFK73Z8,01JZ0F67X5J6SBR3095JZ2KKHQ,2025-06-30T13:16:52.15011894Z,01JZ0F67ZKKPGDC64ETWQZ69WV,2025-06-30T13:16:52.15011894Z,01JZ0FBN02HG46T50M0DC5KD9N,2025-06-30T13:16:52.15011894Z,01JZ0FFEAKA7GSGDZRFXYZKJX4,2025-06-30T13:16:52.15011894Z,01JZ0FFEF973NZ53S63CF72TVH,2025-06-30T13:16:52.15011894Z
01JZ0FSXKP9F0KW2ZX44VYZ7XF,01JZ0F67X5J6SBR3095JZ2KKHQ,2025-06-30T13:18:13.110374096Z,01JZ0F67Z228X9RHKVM8F1277D,2025-06-30T13:18:13.110374096Z,01JZ0FCMDW21N834SMM0YDFMDT,2025-06-30T13:18:13.110374096Z,01JZ0FJ6PPRQHQXM29K4MXDKK9,2025-06-30T13:18:13.110374096Z,01JZ0FJ6VNCMHN20WKFYSF8WFV,2025-06-30T13:18:13.110374096Z
01JZ0MA71YHT454WH5EJ74HQH7,01JZ0KZHFC2GEC175ZSKVHYGR2,2025-06-30T14:37:01.374226819Z,01JZ0KZHHH6W8J7M02JDFMAQF5,2025-06-30T14:37:01.374226819Z,01JZ0M4WQFE6B0V4QHX8A85TS4,2025-06-30T14:37:01.374226819Z,01JZ0MA574X9M9M5C7JRDZ3A20,2025-06-30T14:37:01.374226819Z,01JZ0MA5A9RHJ12XEVTB3XWF7R,2025-06-30T14:37:01.374226819Z
01JZ0SQ6ADYC2V3GENTKQZHWZX,01JZ0S9G3E1V9Y4W1M8GV3AGA9,2025-06-30T16:11:29.485448424Z,01JZ0S9G9GQDAYDBEESMGH4RA5,2025-06-30T16:11:29.485448424Z,01JZ0SBEC2RYDPHTJZRV8KRQ54,2025-06-30T16:11:29.485448424Z,01JZ0SQ3BA4JJ0BDCF8FJ8ZX53,2025-06-30T16:11:29.485448424Z,01JZ0SQ3G36C1JSE2VHA9RAVGA,2025-06-30T16:11:29.485448424Z
01JZ0TAWWDV962ADPFF0DN575X,01JZ0S9G3E1V9Y4W1M8GV3AGA9,2025-06-30T16:22:15.181311644Z,01JZ0S9G8MSQJNW9QDDX82T8EZ,2025-06-30T16:22:15.181311644Z,01JZ0SMQXV1DDFCHV33AY50M6P,2025-06-30T16:22:15.181311644Z,01JZ0T2Z9DJXQQDN9W9Y1Y0D2X,2025-06-30T16:22:15.181311644Z,01JZ0T2ZPV3MVJCQYMG30GM9C9,2025-06-30T16:22:15.181311644Z
01JZ0FK4HTMXW58AKY7Q6G1JTR,01JZ0F67X5J6SBR3095JZ2KKHQ,2025-06-30T13:14:30.842625687Z,01JZ0F67ZKKPGDC64ETWQZ69WV,2025-06-30T13:14:30.842625687Z,01JZ0FD6EFW093P2J0FEY97NKZ,2025-06-30T13:14:30.842625687Z,01JZ0FFEABFZ5CT87GW8737MVN,2025-06-30T13:14:30.842625687Z,01JZ0FFEC6XGG49HV5FMTAEST6,2025-06-30T13:14:30.842625687Z
01JZ0RKG7GXSJ8E5XP9HKZ4JWJ,01JZ0R44WS56B1WD5354KYAZ6V,2025-06-30T15:51:59.98411942Z,01JZ0R450A0M8Q4QC968ZVRS9H,2025-06-30T15:51:59.98411942Z,01JZ0R6Z68KBAXFH25R17ZH0FP,2025-06-30T15:51:59.98411942Z,01JZ0RFNY7CAK7Q2XWPCT4A1FS,2025-06-30T15:51:59.98411942Z,01JZ0RFP6TS1VM831H7YBVG7QF,2025-06-30T15:51:59.98411942Z
01JZ0STXA1Q8P82MCGEWW54QX3,01JZ0S9G3E1V9Y4W1M8GV3AGA9,2025-06-30T16:13:31.329394552Z,01JZ0S9G69Y1BMBR3KZBCDH0XZ,2025-06-30T16:13:31.329394552Z,01JZ0SFBWH5DH0RBKQRJ6TWQK5,2025-06-30T16:13:31.329394552Z,01JZ0SN4RKR0FK21YDZFG99ED0,2025-06-30T16:13:31.329394552Z,01JZ0SN5E90BAA2BMM2FK61848,2025-06-30T16:13:31.329394552Z
01JZ0FRE3DT0TZZZHWH3GY9FHE,01JZ0F67X5J6SBR3095JZ2KKHQ,2025-06-30T13:17:24.461740286Z,01JZ0F67ZT8SK3RX0KMQXRZR64,2025-06-30T13:17:24.461740286Z,01JZ0FBBA1SDVNMEAJN2SN5G9V,2025-06-30T13:17:24.461740286Z,01JZ0FH23BH62X4DWE790J4XPH,2025-06-30T13:17:24.461740286Z,01JZ0FH260NFJ56R0FTKR87728,2025-06-30T13:17:24.461740286Z
01JZ0FRXRCD37XJKVZH9P2XR2D,01JZ0F67X5J6SBR3095JZ2KKHQ,2025-06-30T13:17:40.492055134Z,01JZ0F67Z61XNM528ZD36RPYGY,2025-06-30T13:17:40.492055134Z,01JZ0FBNEQDTRNKJSVXK2XHXY0,2025-06-30T13:17:40.492055134Z,01JZ0FHHXX3GHZ77DRFBSQM09C,2025-06-30T13:17:40.492055134Z,01JZ0FHJ0NEHH9G49WX566K78G,2025-06-30T13:17:40.492055134Z
01JZ0FY2YSDTMNBJ23M3NV3ZDS,01JZ0F67X5J6SBR3095JZ2KKHQ,2025-06-30T13:20:29.660521701Z,01JZ0F67Z8B8A42G6Y5XQ0NS83,2025-06-30T13:20:29.660521701Z,01JZ0FJ5HQADXB6GZQKEP8JRB4,2025-06-30T13:20:29.660521701Z,01JZ0FW5GZ8NR8PVKBDD2P70TS,2025-06-30T13:20:29.660521701Z,01JZ0FW5QGFJPJFP15FA134F1G,2025-06-30T13:20:29.660521701Z
01JZ0HCATHXHNR5J0GFCCEP1T8,01JZ0H1K4AG17CS34Z9G9MQYDS,2025-06-30T13:45:45.041977494Z,01JZ0H1K6THHEJQ855QF7WP6P1,2025-06-30T13:45:45.041977494Z,01JZ0H4ADESF7ZW26D2M0GP4C4,2025-06-30T13:45:45.041977494Z,01JZ0H8M6RNVPAN6FF1JPRG2N3,2025-06-30T13:45:45.041977494Z,01JZ0H8M95K0NCGBK2P74BAWW7,2025-06-30T13:45:45.041977494Z
01JZ0K1VDH6YHKGDY4MJPV62KZ,01JZ0JJRG62BDVPN4H0KJ2XPWK,2025-06-30T14:14:58.737324972Z,01JZ0JJRKVJXBJGVYTJ6TBMBFM,2025-06-30T14:14:58.737324972Z,01JZ0JRHPY82NWCJAKFRVZ7MTV,2025-06-30T14:14:58.737324972Z,01JZ0JW9G1715DA28FHK9V31XS,2025-06-30T14:14:58.737324972Z,01JZ0JW9KGW8AB7MX6GG82BSHN,2025-06-30T14:14:58.737324972Z
01JZ0NWR9NHRWSATHYY51TM00A,01JZ0N9PMZHSN31DAQRPMDQCYE,2025-06-30T15:04:37.429570375Z,01JZ0N9PPX2EBNCBEJCH5EHX43,2025-06-30T15:04:37.429570375Z,01JZ0NJBCS4P2NZWJAE050ZWVP,2025-06-30T15:04:37.429570375Z,01JZ0NQ6AS26ETG3TZPNN36FTM,2025-06-30T15:04:37.429570375Z,01JZ0NQ6DTMPVHS1CNXFSFA3WG,2025-06-30T15:04:37.429570375Z
01JZ0QNMHRBPAWR9NB8P7VWGAX,01JZ0Q0CTMMAVY329HW6Z84SYY,2025-06-30T15:35:41.368239988Z,01JZ0Q0CX32Y5M8NZMVY0C598C,2025-06-30T15:35:41.368239988Z,01JZ0QAC7E48R8DA1R24NC5BN7,2025-06-30T15:35:41.368239988Z,01JZ0QDJJ6PK2DGMBX0ZV8FAWJ,2025-06-30T15:35:41.368239988Z,01JZ0QDJS22S799SNS5WQRJP09,2025-06-30T15:35:41.368239988Z
01JZ0QW5DDJ03FKMRTW9QQ0KCM,01JZ0QGE33ZWYV7A3256FYEZA6,2025-06-30T15:39:15.245450533Z,01JZ0QGE4MQBM7ZJEFVQMWJX02,2025-06-30T15:39:15.245450533Z,01JZ0QNHS7A9KGEH6HJK27570S,2025-06-30T15:39:15.245450533Z,01JZ0QT8D72WY9E0JR27EZFH9M,2025-06-30T15:39:15.245450533Z,01JZ0QT8HTHTW4QK8AXRWB0BPV,2025-06-30T15:39:15.245450533Z
01JZ0FPK4R46K7S9JEY1Z52A2V,01JZ0F67X5J6SBR3095JZ2KKHQ,2025-06-30T13:16:24.088253891Z,01JZ0F67ZT8SK3RX0KMQXRZR64,2025-06-30T13:16:24.088253891Z,01JZ0FAY2QGARY5N4MQCWRAXVK,2025-06-30T13:16:24.088253891Z,01JZ0FH235VE50PMY57N3YDJG9,2025-06-30T13:16:24.088253891Z,01JZ0FH25ARAD2EE6K413AC2K1,2025-06-30T13:16:24.088253891Z
01JZ0RT6T8CRT3XMEPD7D89X7R,01JZ0R44WS56B1WD5354KYAZ6V,2025-06-30T15:55:39.72076388Z,01JZ0R44ZAP7PYVAMQ60PRQDRH,2025-06-30T15:55:39.72076388Z,01JZ0R88HFX5N7SW28R5CBVAQ7,2025-06-30T15:55:39.72076388Z,01JZ0RJBP0RKJT6DGDPRK6EW6F,2025-06-30T15:55:39.72076388Z,01JZ0RJC1Q6QDGBHKJ8X9SWNZ3,2025-06-30T15:55:39.72076388Z
01JZ0RMF2H8JJ97QW04HAF4VFA,01JZ0R44WS56B1WD5354KYAZ6V,2025-06-30T15:52:31.570013117Z,01JZ0R44YW0T94WKHD2ZAT9VPC,2025-06-30T15:52:31.570013117Z,01JZ0RAVXZQ0FES5XXPFTQPKP9,2025-06-30T15:52:31.570013117Z,01JZ0RCZ6GGFDRV5K0HC37H854,2025-06-30T15:52:31.570013117Z,01JZ0RCZJ795ARWQ1NBJQD3R7Q,2025-06-30T15:52:31.570013117Z
01JZ0PVW2634HMCPQNQR01VDNK,01JZ0PDFE8X2A24VZSJDD0T2BH,2025-06-30T15:21:37.095049618Z,01JZ0PDFFH0EDR9F9CYFN0TQY3,2025-06-30T15:21:37.095049618Z,01JZ0PQ7G6X7K4MMC5P4S3TEYN,2025-06-30T15:21:37.095049618Z,01JZ0PVRG7Q9XH6WS9RGNQ3YX6,2025-06-30T15:21:37.095049618Z,01JZ0PVRP77E3NV7NX1BVSV22X,2025-06-30T15:21:37.095049618Z
01JZ0RM9ZTPKR7JAK3X8ZKTDVF,01JZ0R44WS56B1WD5354KYAZ6V,2025-06-30T15:52:26.362153617Z,01JZ0R44ZAP7PYVAMQ60PRQDRH,2025-06-30T15:52:26.362153617Z,01JZ0R88HFX5N7SW28R5CBVAQ7,2025-06-30T15:52:26.362153617Z,01JZ0RJBMJ9DTWHHQXZG22T28N,2025-06-30T15:52:26.362153617Z,01JZ0RJBTGKVRT2T41FBBSQA00,2025-06-30T15:52:26.362153617Z
01JZ0HGMZ7WYKZREF9BY8SRZZK,01JZ0H1K4AG17CS34Z9G9MQYDS,2025-06-30T13:48:06.503179015Z,01JZ0H1K6THHEJQ855QF7WP6P1,2025-06-30T13:48:06.503179015Z,01JZ0H37QX2G6JSTQ9DTXQ42SA,2025-06-30T13:48:06.503179015Z,01JZ0H8M782WEDV62715BZDP89,2025-06-30T13:48:06.503179015Z,01JZ0H8MBECGZPM01GC81J9R69,2025-06-30T13:48:06.503179015Z
01JZ0HM6FTZ70JES959539N9ZN,01JZ0H1K4AG17CS34Z9G9MQYDS,2025-06-30T13:50:02.746425452Z,01JZ0H1K7FV78W73P31JXQYTKA,2025-06-30T13:50:02.746425452Z,01JZ0H5M5HFDPMDY7KF9ZFXG0T,2025-06-30T13:50:02.746425452Z,01JZ0HC598JEXS6SR3CD3NS2S4,2025-06-30T13:50:02.746425452Z,01JZ0HC5ETFR34BCER7NDTPABS,2025-06-30T13:50:02.746425452Z
01JZ0RGR9G4YDPRY129ZJ7FF8M,01JZ0R44WS56B1WD5354KYAZ6V,2025-06-30T15:50:29.93650279Z,01JZ0R44YW0T94WKHD2ZAT9VPC,2025-06-30T15:50:29.93650279Z,01JZ0RCE2YE75ZA1F2JVAF4PQN,2025-06-30T15:50:29.93650279Z,01JZ0RCZ5WMDRF6E7DKWB3TR0Z,2025-06-30T15:50:29.93650279Z,01JZ0RCZEY2GM308G43WZB43HS,2025-06-30T15:50:29.93650279Z
01JZ0FT7GQ2RVASX7N82KDXS0N,01JZ0F67X5J6SBR3095JZ2KKHQ,2025-06-30T13:18:23.255357963Z,01JZ0F67ZNGQ7M2D3G364WEKWP,2025-06-30T13:18:23.255357963Z,01JZ0FCYEY48D81TQPYGM7BEH5,2025-06-30T13:18:23.255357963Z,01JZ0FPGD3R4XTCQYX0YWJ9PM8,2025-06-30T13:18:23.255357963Z,01JZ0FPGG9R0MSXA37965M733H,2025-06-30T13:18:23.255357963Z
01JZ0NV7ZF9A0C0FDJN3JMDGJR,01JZ0N9PMZHSN31DAQRPMDQCYE,2025-06-30T15:03:47.951812197Z,01JZ0N9PQHD06TCBXAQZTT3H76,2025-06-30T15:03:47.951812197Z,01JZ0NCM52T6WSAVFXXAWVWZY2,2025-06-30T15:03:47.951812197Z,01JZ0NKT4CZJGYEE5ATJPQFVGM,2025-06-30T15:03:47.951812197Z,01JZ0NKT8HKQ92N9PQNZCYE7Z5,2025-06-30T15:03:47.951812197Z
01JZ0PJNT09JCSJA4TBC4C5V63,01JZ0NSN7EKS122Z238A4PF66D,2025-06-30T15:16:35.776595619Z,01JZ0NSNAYA5ZEAQVB789Y1XW2,2025-06-30T15:16:35.776595619Z,01JZ0P6YH7NNC71XKAERN7EGXC,2025-06-30T15:16:35.776595619Z,01JZ0PB8D9R3T5HN8CJB5DS766,2025-06-30T15:16:35.776595619Z,01JZ0PB8HZ694HG0HHDZ8Z66GT,2025-06-30T15:16:35.776595619Z
01JZ0QHA1BX503P36WCERH868R,01JZ0Q0CTMMAVY329HW6Z84SYY,2025-06-30T15:33:19.53165476Z,01JZ0Q0CX32Y5M8NZMVY0C598C,2025-06-30T15:33:19.53165476Z,01JZ0Q1XK4W03P06KT3W3H02FD,2025-06-30T15:33:19.53165476Z,01JZ0QDJJNPEJ5YZK89YN764ZV,2025-06-30T15:33:19.53165476Z,01JZ0QDJN85VE5YS328ZYC3884,2025-06-30T15:33:19.53165476Z
01JZ0K1T6B0QTSKJSMB0Y5ZTSB,01JZ0JJRG62BDVPN4H0KJ2XPWK,2025-06-30T14:14:57.483351515Z,01JZ0JJRMQ32S1DDP8PZN3RKEA,2025-06-30T14:14:57.483351515Z,01JZ0JMRHQNNVVVJT7WR7062BD,2025-06-30T14:14:57.483351515Z,01JZ0JSS81X5CC670C1ANK4RPK,2025-06-30T14:14:57.483351515Z,01JZ0JSSDC0HRNT5M54134XJAC,2025-06-30T14:14:57.483351515Z
01JZ0H9C1WDEEPYRSXYT4RQYGS,01JZ0H1K4AG17CS34Z9G9MQYDS,2025-06-30T13:44:07.996653452Z,01JZ0H1K7KVN4Q30DF0C4SZNQW,2025-06-30T13:44:07.996653452Z,01JZ0H3FWJS4NSARZAFMVPHGS8,2025-06-30T13:44:07.996653452Z,01JZ0H9B5PPKDQREPED3E71754,2025-06-30T13:44:07.996653452Z,01JZ0H9B75HNB3M7R9QF3XKTAQ,2025-06-30T13:44:07.996653452Z
01JZ0H9C3409VR98GK2NV3A84F,01JZ0H1K4AG17CS34Z9G9MQYDS,2025-06-30T13:44:08.036319192Z,01JZ0H1K7KVN4Q30DF0C4SZNQW,2025-06-30T13:44:08.036319192Z,01JZ0H3PNYN1MWQCF2QE837CM4,2025-06-30T13:44:08.036319192Z,01JZ0H9B5PPKDQREPED3E71754,2025-06-30T13:44:08.036319192Z,01JZ0H9B75HNB3M7R9QF3XKTAQ,2025-06-30T13:44:08.036319192Z
01JZ0K19AJFZ8M6YCBKRC9Q2F6,01JZ0JJRG62BDVPN4H0KJ2XPWK,2025-06-30T14:14:40.210682914Z,01JZ0JJRKH7XD764W2MEEG7PFH,2025-06-30T14:14:40.210682914Z,01JZ0JQ6ANMHGHRRYJ704S1ZBR,2025-06-30T14:14:40.210682914Z,01JZ0JZD8STSHTGJ2FBE9QM7PE,2025-06-30T14:14:40.210682914Z,01JZ0JZDAMA51BAHNH2TER6XXD,2025-06-30T14:14:40.210682914Z
01JZ0RN2CTR01Z947DJH36B5RB,01JZ0R44WS56B1WD5354KYAZ6V,2025-06-30T15:52:51.354424348Z,01JZ0R44YD4TQ1QQVW9H1W0WBF,2025-06-30T15:52:51.354424348Z,01JZ0R91FP4EXRX5VVWW5GSE1V,2025-06-30T15:52:51.354424348Z,01JZ0RDJBC3M7VJVVNTZ765VZZ,2025-06-30T15:52:51.354424348Z,01JZ0RDJRRH5SAYZ8MMPTW81CY,2025-06-30T15:52:51.354424348Z
01JZ0SZ8A1EC8KFHHYXT2F55E5,01JZ0S9G3E1V9Y4W1M8GV3AGA9,2025-06-30T16:15:53.665378789Z,01JZ0S9G9GQDAYDBEESMGH4RA5,2025-06-30T16:15:53.665378789Z,01JZ0SH3DAYG35GGGDBNE9NJFV,2025-06-30T16:15:53.665378789Z,01JZ0SQ3F4PY9W86VF77JMR5FW,2025-06-30T16:15:53.665378789Z,01JZ0SQ3TE4VMZ1MCYY5WRZ18A,2025-06-30T16:15:53.665378789Z
01JZ0SZ9W8MTQSEB8TXCTBA01J,01JZ0S9G3E1V9Y4W1M8GV3AGA9,2025-06-30T16:15:55.272865534Z,01JZ0S9GBDE95BAEJ35DY3VGC4,2025-06-30T16:15:55.272865534Z,01JZ0SG6Y9NPGTZ35T719S3CJ9,2025-06-30T16:15:55.272865534Z,01JZ0SQEEYPA1PRSBERW5HV0M1,2025-06-30T16:15:55.272865534Z,01JZ0SQES7NWZTW9WK0EQVQ7QQ,2025-06-30T16:15:55.272865534Z
01JZ0FM2K7CFSPQ58Q7TZNSGPV,01JZ0F67X5J6SBR3095JZ2KKHQ,2025-06-30T13:15:01.607071532Z,01JZ0F67Z228X9RHKVM8F1277D,2025-06-30T13:15:01.607071532Z,01JZ0FBGYJV6XECY8PBES7705P,2025-06-30T13:15:01.607071532Z,01JZ0FJ6P04EK093QJBJ8ZQ2DS,2025-06-30T13:15:01.607071532Z,01JZ0FJ6SBHJ7X638RST97CGZZ,2025-06-30T13:15:01.607071532Z
01JZ0FNJ1HV9XGNKC0SNEED79E,01JZ0F67X5J6SBR3095JZ2KKHQ,2025-06-30T13:15:50.193049248Z,01JZ0F67ZNGQ7M2D3G3M0R8ZTD,2025-06-30T13:15:50.193049248Z,01JZ0FB8B329KN6H9RPGAVWG69,2025-06-30T13:15:50.193049248Z,01JZ0FNH4D7ZKAVXZ1SZHGDSBK,2025-06-30T13:15:50.193049248Z,01JZ0FNH6KW2F2SRF1A82HJNX1,2025-06-30T13:15:50.193049248Z
01JZ0TS4WN5A4RWJ0DFA1QKS2F,01JZ0T594M7DT83RJMYEJDT186,2025-06-30T16:30:02.133900838Z,01JZ0T59780CP4Z1F2CEHFDNAC,2025-06-30T16:30:02.133900838Z,01JZ0T6HG4Z9MM9B64YAZ61PAA,2025-06-30T16:30:02.133900838Z,01JZ0TGXDPTSYQ41GE8NZP8MSC,2025-06-30T16:30:02.133900838Z,01JZ0TGXTBKKGXB6YWKCZYWHWX,2025-06-30T16:30:02.133900838Z
01JZ0FHZP29KNVYDCRPWQK1KBP,01JZ0F67X5J6SBR3095JZ2KKHQ,2025-06-30T13:13:53.090906537Z,01JZ0F67ZFPZEHV6BKFXQYDXZZ,2025-06-30T13:13:53.090906537Z,01JZ0FC1MEEYB5ZHG0QP6GKMWQ,2025-06-30T13:13:53.090906537Z,01JZ0FG2TMDGKK0EJR14EYFE7R,2025-06-30T13:13:53.090906537Z,01JZ0FG2WKCNBTV5Q0CKZSESVN,2025-06-30T13:13:53.090906537Z
01JZ0FSBSZ17NN6HJARMQHB8CS,01JZ0F67X5J6SBR3095JZ2KKHQ,2025-06-30T13:17:54.879752914Z,01JZ0F67Z9QH00F8GAXY086HB5,2025-06-30T13:17:54.879752914Z,01JZ0FBZBPYQ4FYZK11FHC8KJR,2025-06-30T13:17:54.879752914Z,01JZ0FNMHABMQMJJE7Y0M736G4,2025-06-30T13:17:54.879752914Z,01JZ0FNMMBHN1W4KXB29889Y8Y,2025-06-30T13:17:54.879752914Z
01JZ0HJ6D2FQMV2GT3KSQTA72T,01JZ0H1K4AG17CS34Z9G9MQYDS,2025-06-30T13:48:57.122069984Z,01JZ0H1K7C3FKHJS5GP9RE7N8D,2025-06-30T13:48:57.122069984Z,01JZ0H4BNVJDAKGEAV3D5Z23CC,2025-06-30T13:48:57.122069984Z,01JZ0HA5APB28G6NEZYQAGT5DS,2025-06-30T13:48:57.122069984Z,01JZ0HA5J7V84QTJXZVNDRZEH1,2025-06-30T13:48:57.122069984Z
01JZ0HSKB627DY4YZH0MVNZFSJ,01JZ0H1K4AG17CS34Z9G9MQYDS,2025-06-30T13:52:59.750568638Z,01JZ0H1K6XDYNJQ07N0KM3P1VX,2025-06-30T13:52:59.750568638Z,01JZ0HFZWZFDMFBRJWKXV4DXH9,2025-06-30T13:52:59.750568638Z,01JZ0HJ6KZ6VJHS2QT0Z4BB8RA,2025-06-30T13:52:59.750568638Z,01JZ0HJ6RKJ6RT7XJANE1YQDT8,2025-06-30T13:52:59.750568638Z
01JZ0SSXYKSBFV6HKCB2A2744S,01JZ0S9G3E1V9Y4W1M8GV3AGA9,2025-06-30T16:12:59.219186585Z,01JZ0S9G7VJHRZZRV1KXAXAXSY,2025-06-30T16:12:59.219186585Z,01JZ0SG74N5JZ3XSFK40RQAATP,2025-06-30T16:12:59.219186585Z,01JZ0SP48F3VDFFJ0GMG3AQPDM,2025-06-30T16:12:59.219186585Z,01JZ0SP4MV9NPWKWKV9VX2SD25,2025-06-30T16:12:59.219186585Z
01JZ0TAHQ3NQSR49HV4PJ1MBP4,01JZ0S9G3E1V9Y4W1M8GV3AGA9,2025-06-30T16:22:03.747405066Z,01JZ0S9G8MSQJNW9QDDX82T8EZ,2025-06-30T16:22:03.747405066Z,01JZ0STMYP8TJX1DM87QADCSSE,2025-06-30T16:22:03.747405066Z,01JZ0T2Z8JE59FQ9P0RNZCZNKS,2025-06-30T16:22:03.747405066Z,01JZ0T2ZM04F8MPR8PZR893EM7,2025-06-30T16:22:03.747405066Z
01JZ0FSBSJKGNYWNSQY4PGA3ZQ,01JZ0F67X5J6SBR3095JZ2KKHQ,2025-06-30T13:17:54.867116238Z,01JZ0F67Z9QH00F8GAXY086HB5,2025-06-30T13:17:54.867116238Z,01JZ0FC2JY5XVEAE6VHX2MXJRG,2025-06-30T13:17:54.867116238Z,01JZ0FNMHABMQMJJE7Y0M736G4,2025-06-30T13:17:54.867116238Z,01JZ0FNMMBHN1W4KXB29889Y8Y,2025-06-30T13:17:54.867116238Z
01JZ0HH1ER7WS2W9933KHH0JFW,01JZ0H1K4AG17CS34Z9G9MQYDS,2025-06-30T13:48:19.288244871Z,01JZ0H1K7KVN4Q30DF0C4SZNQW,2025-06-30T13:48:19.288244871Z,01JZ0H5NHK4FCF20XWKMPQHP0X,2025-06-30T13:48:19.288244871Z,01JZ0H9B6K7H0GDYX6M9K2KAVN,2025-06-30T13:48:19.288244871Z,01JZ0H9B9Z0ZNNBD82FGZ21K0H,2025-06-30T13:48:19.288244871Z
01JZ0MED0T11FPP854C1BBDMKN,01JZ0KZHFC2GEC175ZSKVHYGR2,2025-06-30T14:39:18.554221407Z,01JZ0KZHGK1V8ZC0AXDBXBYAX9,2025-06-30T14:39:18.554221407Z,01JZ0M3MNV9G8QBABMQR9NRFSY,2025-06-30T14:39:18.554221407Z,01JZ0M8V6QTQ2XMY7H3K1D6P3H,2025-06-30T14:39:18.554221407Z,01JZ0M8V9V4RFKNG1ZYBDF5NW8,2025-06-30T14:39:18.554221407Z
01JZ0MHJSRD6C05XKQ0DJTK7ZJ,01JZ0KZHFC2GEC175ZSKVHYGR2,2025-06-30T14:41:02.776612561Z,01JZ0KZHHH6W8J7M02JDFMAQF5,2025-06-30T14:41:02.776612561Z,01JZ0M37T5B6J4TKCZ2030N8JQ,2025-06-30T14:41:02.776612561Z,01JZ0MA57ZMXQZENWKV3G54Z6K,2025-06-30T14:41:02.776612561Z,01JZ0MA5EYRHY6D5F7550YTYHZ,2025-06-30T14:41:02.776612561Z
01JZ0RRETYWWW9JF2BYY5YGH2T,01JZ0R44WS56B1WD5354KYAZ6V,2025-06-30T15:54:42.398625782Z,01JZ0R44ZYB02HBRR2X1W771BR,2025-06-30T15:54:42.398625782Z,01JZ0R6RGZPWYJYV8EDFTMJXPD,2025-06-30T15:54:42.398625782Z,01JZ0RGZ41HVKXEBX2TYNXK9ZD,2025-06-30T15:54:42.398625782Z,01JZ0RGZFCVQJE7DMSZG1C6FQM,2025-06-30T15:54:42.398625782Z
01JZ0T12ZAB2YKQA6FAG5QQCD5,01JZ0S9G3E1V9Y4W1M8GV3AGA9,2025-06-30T16:16:53.738786032Z,01JZ0S9G72AZ3MF9HASHX1PW43,2025-06-30T16:16:53.738786032Z,01JZ0SHV4YF359JMJ5P6VTBKHD,2025-06-30T16:16:53.738786032Z,01JZ0SSF537SEH889S5Y9R5QVG,2025-06-30T16:16:53.738786032Z,01JZ0SSFFMBCDP4YYA64Y4ZRYS,2025-06-30T16:16:53.738786032Z
01JZ0TH27NSJYFBRMW9CXREM7V,01JZ0T594M7DT83RJMYEJDT186,2025-06-30T16:25:37.269386705Z,01JZ0T59780CP4Z1F2CEHFDNAC,2025-06-30T16:25:37.269386705Z,01JZ0TAG5YB2XS2SXDFRSMNV8G,2025-06-30T16:25:37.269386705Z,01JZ0TGXA1S5N6HXFRX2V318G2,2025-06-30T16:25:37.269386705Z,01JZ0TGXFSD3VHAXWYEX9WEWNR,2025-06-30T16:25:37.269386705Z
01JZ0VAMJNQJ0XNGCV5PTQ35HA,01JZ0TXM4HA3Q8P6D6TPYYS7R3,2025-06-30T16:39:35.253367769Z,01JZ0TXMAAZJ4VJWA2WTVHG174,2025-06-30T16:39:35.253367769Z,01JZ0V0B0MDT5H6NJ7F2TZ5E0T,2025-06-30T16:39:35.253367769Z,01JZ0V8M85MMPYBMHW7JFE9Q9Z,2025-06-30T16:39:35.253367769Z,01JZ0V8MD6DTYSKTYN8RG4TKC4,2025-06-30T16:39:35.253367769Z
01JZ0FSBQE6PF7AZBN6F1D2B4S,01JZ0F67X5J6SBR3095JZ2KKHQ,2025-06-30T13:17:54.798139117Z,01JZ0F67Z9QH00F8GAXY086HB5,2025-06-30T13:17:54.798139117Z,01JZ0FEZVY7EN4RKAZNT5R1EZ5,2025-06-30T13:17:54.798139117Z,01JZ0FNMHABMQMJJE7Y0M736G4,2025-06-30T13:17:54.798139117Z,01JZ0FNMMBHN1W4KXB29889Y8Y,2025-06-30T13:17:54.798139117Z
01JZ0FPT6DN19V2X8V10QS36CP,01JZ0F67X5J6SBR3095JZ2KKHQ,2025-06-30T13:16:31.309942957Z,01JZ0F67ZKKPGDC64ETWQZ69WV,2025-06-30T13:16:31.309942957Z,01JZ0FBN02HG46T50M0DC5KD9N,2025-06-30T13:16:31.309942957Z,01JZ0FFEADDJT61Y5D8348YXND,2025-06-30T13:16:31.309942957Z,01JZ0FFED9BC1QZNJVTEXT68RC,2025-06-30T13:16:31.309942957Z
01JZ0FT7X33AGTZRC1PHMSG7G5,01JZ0F67X5J6SBR3095JZ2KKHQ,2025-06-30T13:18:23.651146401Z,01JZ0F67Z228X9RHKVM8F1277D,2025-06-30T13:18:23.651146401Z,01JZ0FD5H390ZWW74EY7R1D7W9,2025-06-30T13:18:23.651146401Z,01JZ0FJ6PFY30C73HB1M5QYGRK,2025-06-30T13:18:23.651146401Z,01JZ0FJ6Y1XFEKY53ZVJQV346R,2025-06-30T13:18:23.651146401Z
01JZ0G1RN1EQ62DY1T04D1NM0V,01JZ0F67X5J6SBR3095JZ2KKHQ,2025-06-30T13:22:30.177824445Z,01JZ0F67Z8B8A42G6Y5XQ0NS83,2025-06-30T13:22:30.177824445Z,01JZ0FAP1PZEAT1MNGGVVPBTCW,2025-06-30T13:22:30.177824445Z,01JZ0FW5GZ8NR8PVKBDD2P70TS,2025-06-30T13:22:30.177824445Z,01JZ0FW5RBJNNA3GJTC4NQK0WN,2025-06-30T13:22:30.177824445Z
01JZ0PKAJZKHRK8845K6SYTAM8,01JZ0NSN7EKS122Z238A4PF66D,2025-06-30T15:16:57.055680734Z,01JZ0NSNAYA5ZEAQVB789Y1XW2,2025-06-30T15:16:57.055680734Z,01JZ0P6YH7NNC71XKAERN7EGXC,2025-06-30T15:16:57.055680734Z,01JZ0PB8DV4NZFG3Y6Z26RWACH,2025-06-30T15:16:57.055680734Z,01JZ0PB8M7YWCC7M3BSKCMWZ0R,2025-06-30T15:16:57.055680734Z
01JZ0Q0RCYP1DX47HRMYTV3GJ2,01JZ0PDFE8X2A24VZSJDD0T2BH,2025-06-30T15:24:17.182346559Z,01JZ0PDFG0TZHQMJ413RSFKXP4,2025-06-30T15:24:17.182346559Z,01JZ0PK0DZKRC734RSACJ85GGV,2025-06-30T15:24:17.182346559Z,01JZ0PSB96A8RB1ZY4AX160WT7,2025-06-30T15:24:17.182346559Z,01JZ0PSBEF7W1M66Q2ZATJYP2J,2025-06-30T15:24:17.182346559Z
01JZ0VAMKRPBZY6GHH4E5VDESF,01JZ0TXM4HA3Q8P6D6TPYYS7R3,2025-06-30T16:39:35.288822469Z,01JZ0TXMAAZJ4VJWA2WTVHG174,2025-06-30T16:39:35.288822469Z,01JZ0V4NRB59966MX97R2AYRHH,2025-06-30T16:39:35.288822469Z,01JZ0V8M85MMPYBMHW7JFE9Q9Z,2025-06-30T16:39:35.288822469Z,01JZ0V8MD6DTYSKTYN8RG4TKC4,2025-06-30T16:39:35.288822469Z
01JZ0VKK7NS6DMGSFRD9Z61BTC,01JZ0TXM4HA3Q8P6D6TPYYS7R3,2025-06-30T16:44:28.789107655Z,01JZ0TXMB9EHVXHHHV3J3SQY3A,2025-06-30T16:44:28.789107655Z,01JZ0V1ERYHDJ60FHKM6DYYBBC,2025-06-30T16:44:28.789107655Z,01JZ0VC1T42YN6CTRNE5QH5YZH,2025-06-30T16:44:28.789107655Z,01JZ0VC289MGAPZQQ32ZEHMK2Q,2025-06-30T16:44:28.789107655Z
01JZ0FNXA7AYYDG36XDGJP2QCT,01JZ0F67X5J6SBR3095JZ2KKHQ,2025-06-30T13:16:01.735532976Z,01JZ0F67Z228X9RHKVM8F1277D,2025-06-30T13:16:01.735532976Z,01JZ0FCMDW21N834SMM0YDFMDT,2025-06-30T13:16:01.735532976Z,01JZ0FJ6P04EK093QJBJ8ZQ2DS,2025-06-30T13:16:01.735532976Z,01JZ0FJ6SKHHT4JJ0HD4QT2DS2,2025-06-30T13:16:01.735532976Z
01JZ0FPW8R646G8V73KXPYCCVP,01JZ0F67X5J6SBR3095JZ2KKHQ,2025-06-30T13:16:33.432867665Z,01JZ0F67ZMW5MYVAMRDCKET4QV,2025-06-30T13:16:33.432867665Z,01JZ0FASBFGZWXGCNHK0X9PYM2,2025-06-30T13:16:33.432867665Z,01JZ0FETSCDVHZ2TXY84CHY2GX,2025-06-30T13:16:33.432867665Z,01JZ0FETWJ0NVJMPXSPP03K8WP,2025-06-30T13:16:33.432867665Z
01JZ0FVFV2W5PAEQ5DY5F5Z32C,01JZ0F67X5J6SBR3095JZ2KKHQ,2025-06-30T13:19:04.546990071Z,01JZ0F67Z49S75BR56TBMFCZ55,2025-06-30T13:19:04.546990071Z,01JZ0FHBKFFN0MM6M7GQW56AYM,2025-06-30T13:19:04.546990071Z,01JZ0FQRVP5GMFQVC581G5X73Z,2025-06-30T13:19:04.546990071Z,01JZ0FQRY62N91HWZYHG7WJHE0,2025-06-30T13:19:04.546990071Z
01JZ0HE5MK3M1S4NCHZ3WZQRQT,01JZ0H1K4AG17CS34Z9G9MQYDS,2025-06-30T13:46:45.267230107Z,01JZ0H1K6THHEJQ855QF7WP6P1,2025-06-30T13:46:45.267230107Z,01JZ0H6DP3F32ZH0Y01CT1VX9P,2025-06-30T13:46:45.267230107Z,01JZ0H8M6RNVPAN6FF1JPRG2N3,2025-06-30T13:46:45.267230107Z,01JZ0H8M9AAH7TM362W804CMGS,2025-06-30T13:46:45.267230107Z
01JZ0HJWNQCCRMGAYNPBP4TB3S,01JZ0H1K4AG17CS34Z9G9MQYDS,2025-06-30T13:49:19.927265197Z,01JZ0H1K7HVYD71R3W6V80C6V1,2025-06-30T13:49:19.927265197Z,01JZ0H3VXRWN9J2736JNSGF5MJ,2025-06-30T13:49:19.927265197Z,01JZ0HAVSGGJ05CSD8WW5JNDPV,2025-06-30T13:49:19.927265197Z,01JZ0HAVXW79B59Y8FMQKBPQJ9,2025-06-30T13:49:19.927265197Z
01JZ0K15P58364JHA4821CYYQR,01JZ0JJRG62BDVPN4H0KJ2XPWK,2025-06-30T14:14:36.485450914Z,01JZ0JJRMQ32S1DDP8PZN3RKEA,2025-06-30T14:14:36.485450914Z,01JZ0JNFFC7EQBWHX80ZDTKTSW,2025-06-30T14:14:36.485450914Z,01JZ0JSS70VYGPC0KK37CPRG9X,2025-06-30T14:14:36.485450914Z,01JZ0JSSBR19NJEKZ80M9D66SK,2025-06-30T14:14:36.485450914Z
01JZ0SS1PDBRCBR7TPQZYFA15P,01JZ0S9G3E1V9Y4W1M8GV3AGA9,2025-06-30T16:12:30.285746348Z,01JZ0S9G9GQDAYDBEESMGH4RA5,2025-06-30T16:12:30.285746348Z,01JZ0SB23C5WKRVH2QZHNSBQJW,2025-06-30T16:12:30.285746348Z,01JZ0SQ3C15Q09HYAH12H13T16,2025-06-30T16:12:30.285746348Z,01JZ0SQ3JN543SNRZGH35QNY7Y,2025-06-30T16:12:30.285746348Z
01JZ0SWQJZHJR2B70ER7ANYZRH,01JZ0S9G3E1V9Y4W1M8GV3AGA9,2025-06-30T16:14:31.007166689Z,01JZ0S9G9GQDAYDBEESMGH4RA5,2025-06-30T16:14:31.007166689Z,01JZ0SB23C5WKRVH2QZHNSBQJW,2025-06-30T16:14:31.007166689Z,01JZ0SQ3C15Q09HYAH12H13T16,2025-06-30T16:14:31.007166689Z,01JZ0SQ3MCX698F8JET3S4DYA4,2025-06-30T16:14:31.007166689Z
01JZ0FFF1J09WSJQ9NR4Y7SS16,01JZ0F67X5J6SBR3095JZ2KKHQ,2025-06-30T13:12:30.514394743Z,01JZ0F67ZKKPGDC64ETWQZ69WV,2025-06-30T13:12:30.514394743Z,01JZ0FBN02HG46T50M0DC5KD9N,2025-06-30T13:12:30.514394743Z,01JZ0FFEA7JY8J9CW2PRDT1SXR,2025-06-30T13:12:30.514394743Z,01JZ0FFEB7Z5969V9H6EGQG2CJ,2025-06-30T13:12:30.514394743Z
01JZ0FYMZATZ0DJ7S2PZ6E992E,01JZ0F67X5J6SBR3095JZ2KKHQ,2025-06-30T13:20:48.106925104Z,01JZ0F67Z9QH00F8GAYATW0H4D,2025-06-30T13:20:48.106925104Z,01JZ0FDAK0H7SHFFA8ZFRDR2Y5,2025-06-30T13:20:48.106925104Z,01JZ0FTXTTSA7KPT3ZKN66DGDE,2025-06-30T13:20:48.106925104Z,01JZ0FTY03MGJHCEKPX36GV0HC,2025-06-30T13:20:48.106925104Z
01JZ0QG4JC8SA5XAY4RNM2XJPT,01JZ0Q0CTMMAVY329HW6Z84SYY,2025-06-30T15:32:41.164619528Z,01JZ0Q0CWNKJYDS4SW61Q7VTQN,2025-06-30T15:32:41.164619528Z,01JZ0Q2NRNYEBA48SPCNZAV9X5,2025-06-30T15:32:41.164619528Z,01JZ0Q80Y65Z75Z95MDYNNHM0T,2025-06-30T15:32:41.164619528Z,01JZ0Q817CP0Z0998GVVV95167,2025-06-30T15:32:41.164619528Z
01JZ0RJX9YD8JVXS1TXW4R1H1W,01JZ0R44WS56B1WD5354KYAZ6V,2025-06-30T15:51:40.606943411Z,01JZ0R44ZYB02HBRR2X1W771BR,2025-06-30T15:51:40.606943411Z,01JZ0R9PQ4K46J5WAZEFCASF2D,2025-06-30T15:51:40.606943411Z,01JZ0RGZ3DKRXN7JFMF7ZYJ17Q,2025-06-30T15:51:40.606943411Z,01JZ0RGZAC3BM6AJ84177WK36K,2025-06-30T15:51:40.606943411Z
01JZ0RKGC23J5P0HKMFMW3135X,01JZ0R44WS56B1WD5354KYAZ6V,2025-06-30T15:52:00.1304164Z,01JZ0R450A0M8Q4QC968ZVRS9H,2025-06-30T15:52:00.1304164Z,01JZ0RC5VA1XYK8MB53Q5K9XJR,2025-06-30T15:52:00.1304164Z,01JZ0RFNY7CAK7Q2XWPCT4A1FS,2025-06-30T15:52:00.1304164Z,01JZ0RFP6TS1VM831H7YBVG7QF,2025-06-30T15:52:00.1304164Z
01JZ0SX3H30XJHC0N2CST1C5Q4,01JZ0S9G3E1V9Y4W1M8GV3AGA9,2025-06-30T16:14:43.235730348Z,01JZ0S9GBDE95BAEJ35DY3VGC4,2025-06-30T16:14:43.235730348Z,01JZ0SF8Y0WXYRQ4GJQKYS7F99,2025-06-30T16:14:43.235730348Z,01JZ0SQECM4D5XPER5PREQ6RDB,2025-06-30T16:14:43.235730348Z,01JZ0SQEMZKSBTK6NS2RRHWVD7,2025-06-30T16:14:43.235730348Z
01JZ0FR5JDB6A4GXSVZ5FRY1Q3,01JZ0F67X5J6SBR3095JZ2KKHQ,2025-06-30T13:17:15.726010663Z,01JZ0F67ZFPZEHV6BKFXQYDXZZ,2025-06-30T13:17:15.726010663Z,01JZ0FB6FJQ1D9FWD3X4BZ10WY,2025-06-30T13:17:15.726010663Z,01JZ0FG2SJJXSPJMK47NEFHHR0,2025-06-30T13:17:15.726010663Z,01JZ0FG30S8SK0E7TF5JG8VH83,2025-06-30T13:17:15.726010663Z
01JZ0G1EE6W8282BFVEEAZEH62,01JZ0F67X5J6SBR3095JZ2KKHQ,2025-06-30T13:22:19.718698277Z,01JZ0F67ZC5C7QZPK5TEQ23RT2,2025-06-30T13:22:19.718698277Z,01JZ0FBW1M5PKMMEKBNN3362X7,2025-06-30T13:22:19.718698277Z,01JZ0FSQ4MYYKXDA7G1SSWG7Y9,2025-06-30T13:22:19.718698277Z,01JZ0FSQAP2Q67TT60RJG27X7X,2025-06-30T13:22:19.718698277Z
01JZ0NYXQ2TKBW9VZR54HSMF8H,01JZ0N9PMZHSN31DAQRPMDQCYE,2025-06-30T15:05:48.514894051Z,01JZ0N9PPX2EBNCBEJCH5EHX43,2025-06-30T15:05:48.514894051Z,01JZ0NCH65T5YAFMH2EDFYXMCM,2025-06-30T15:05:48.514894051Z,01JZ0NQ6BBMA57K449HYD6QCJF,2025-06-30T15:05:48.514894051Z,01JZ0NQ6FPR11DBQFT612VEGYJ,2025-06-30T15:05:48.514894051Z
01JZ0QDMC7V6KFHXV82AGJGPXD,01JZ0Q0CTMMAVY329HW6Z84SYY,2025-06-30T15:31:19.047639945Z,01JZ0Q0CWNKJYDS4SW61Q7VTQN,2025-06-30T15:31:19.047639945Z,01JZ0Q2NRNYEBA48SPCNZAV9X5,2025-06-30T15:31:19.047639945Z,01JZ0Q80XG0NQQZWZ0ZS4K2WB4,2025-06-30T15:31:19.047639945Z,01JZ0Q811XN0VZA1MBFTPHFPNF,2025-06-30T15:31:19.047639945Z
01JZ0SSNPY6R6HZ2J997XQGNXQ,01JZ0S9G3E1V9Y4W1M8GV3AGA9,2025-06-30T16:12:50.782090813Z,01JZ0S9GD9MABT2H3JKQDC0TB1,2025-06-30T16:12:50.782090813Z,01JZ0SFAB8AJ95H1FWSSMEW656,2025-06-30T16:12:50.782090813Z,01JZ0SSFZFDFRVNM767XKCVHHQ,2025-06-30T16:12:50.782090813Z,01JZ0SSG700K09SSWFB5XJHPJ2,2025-06-30T16:12:50.782090813Z
01JZ0FPJ6AFCNKN0V9S7TWX41J,01JZ0F67X5J6SBR3095JZ2KKHQ,2025-06-30T13:16:23.114237024Z,01JZ0F67ZMW5MYVAMRDCKET4QV,2025-06-30T13:16:23.114237024Z,01JZ0FB8RWXGRKEDFRWB4CEM4K,2025-06-30T13:16:23.114237024Z,01JZ0FETSCDVHZ2TXY7PXJ4K6E,2025-06-30T13:16:23.114237024Z,01JZ0FETVX6MH8X62MF1EV7CK3,2025-06-30T13:16:23.114237024Z
01JZ0HGQCKDDNPXVVG916YRBE4,01JZ0H1K4AG17CS34Z9G9MQYDS,2025-06-30T13:48:08.979660632Z,01JZ0H1K7KVN4Q30DF0C4SZNQW,2025-06-30T13:48:08.979660632Z,01JZ0H3E65SD9MJCEC63Q2EE1S,2025-06-30T13:48:08.979660632Z,01JZ0H9B60GZCSEZ21Q7HHJ5H8,2025-06-30T13:48:08.979660632Z,01JZ0H9B985HKEBHFDKE94BHEF,2025-06-30T13:48:08.979660632Z
01JZ0HJ6DJFD3F3BAHM3D2K84W,01JZ0H1K4AG17CS34Z9G9MQYDS,2025-06-30T13:48:57.138616Z,01JZ0H1K7C3FKHJS5GP9RE7N8D,2025-06-30T13:48:57.138616Z,01JZ0FCPQMY08ZRWSN7GNNGJQ7,2025-06-30T13:48:57.138616Z,01JZ0HA5APB28G6NEZYQAGT5DS,2025-06-30T13:48:57.138616Z,01JZ0HA5J7V84QTJXZVNDRZEH1,2025-06-30T13:48:57.138616Z
01JZ0QFSYDFRPGPH2KPQY768RS,01JZ0Q0CTMMAVY329HW6Z84SYY,2025-06-30T15:32:30.285536492Z,01JZ0Q0CWNKJYDS4SW61Q7VTQN,2025-06-30T15:32:30.285536492Z,01JZ0Q34G646SES1NVXEJX3VR4,2025-06-30T15:32:30.285536492Z,01JZ0Q80YHG4MHW8DMRKNRWY2W,2025-06-30T15:32:30.285536492Z,01JZ0Q815CN9R996SBP6VT9MY7,2025-06-30T15:32:30.285536492Z
01JZ0FEVAWYBA9AZCT4TMCF2DJ,01JZ0F67X5J6SBR3095JZ2KKHQ,2025-06-30T13:12:10.332359978Z,01JZ0F67ZMW5MYVAMRDCKET4QV,2025-06-30T13:12:10.332359978Z,01JZ0FB8RWXGRKEDFRWB4CEM4K,2025-06-30T13:12:10.332359978Z,01JZ0FETS298VMJSD4EETNPRNK,2025-06-30T13:12:10.332359978Z,01JZ0FETSXTFVFRZCJHJGR1VM0,2025-06-30T13:12:10.332359978Z
01JZ0FKDD4F48KG43K34GAB4RC,01JZ0F67X5J6SBR3095JZ2KKHQ,2025-06-30T13:14:39.908057255Z,01JZ0F67Z61XNM528ZD36RPYGY,2025-06-30T13:14:39.908057255Z,01JZ0FB2Y3WR2G1EJJBJKTTDHJ,2025-06-30T13:14:39.908057255Z,01JZ0FHHX23ZVHNKQQRRSX500X,2025-06-30T13:14:39.908057255Z,01JZ0FHHZZ9892CX6GDJA31V1J,2025-06-30T13:14:39.908057255Z
01JZ0FMHTWXM110MA7T8EQCQ0K,01JZ0F67X5J6SBR3095JZ2KKHQ,2025-06-30T13:15:17.21217144Z,01JZ0F67ZEPC67VW242P0YYZAA,2025-06-30T13:15:17.21217144Z,01JZ0FBBZEB4A1064AHQHB0AGD,2025-06-30T13:15:17.21217144Z,01JZ0FF152BEQYSVW0DGQ8J2MY,2025-06-30T13:15:17.21217144Z,01JZ0FF16EY6W0Y9819NNFJ5AK,2025-06-30T13:15:17.21217144Z
01JZ0FY7DN2CHV3W868YTZQEYP,01JZ0F67X5J6SBR3095JZ2KKHQ,2025-06-30T13:20:34.229313046Z,01JZ0F67ZNGQ7M2D3G364WEKWP,2025-06-30T13:20:34.229313046Z,01JZ0FKQ7AX8YHTTQGW1AQZB94,2025-06-30T13:20:34.229313046Z,01JZ0FPGC1CG58GQPHV07YYR7V,2025-06-30T13:20:34.229313046Z,01JZ0FPGKJE0KX4R9CEPZ22FPQ,2025-06-30T13:20:34.229313046Z
01JZ0K4APMT0KYM5B732SWXSCB,01JZ0JJRG62BDVPN4H0KJ2XPWK,2025-06-30T14:16:19.924542408Z,01JZ0JJRKVJXBJGVYTJ6TBMBFM,2025-06-30T14:16:19.924542408Z,01JZ0JN4F2114ZS0WES1BTCGSF,2025-06-30T14:16:19.924542408Z,01JZ0JW9GP4E6S48S0QQWC18YS,2025-06-30T14:16:19.924542408Z,01JZ0JW9P8QTKHS5TNYPXNDT68,2025-06-30T14:16:19.924542408Z
01JZ0NTXE1G97SEM9KMXEPYER2,01JZ0N9PMZHSN31DAQRPMDQCYE,2025-06-30T15:03:37.153408994Z,01JZ0N9PPX2EBNCBEJCH5EHX43,2025-06-30T15:03:37.153408994Z,01JZ0NEK75CC9CPVP2CHZ4QJ84,2025-06-30T15:03:37.153408994Z,01JZ0NQ6AS26ETG3TZPNN36FTM,2025-06-30T15:03:37.153408994Z,01JZ0NQ6DK8PFP1WMHFRDN7N1W,2025-06-30T15:03:37.153408994Z
01JZ0P9WHD4ZA6Y9ATBM8E8RK4,01JZ0NSN7EKS122Z238A4PF66D,2025-06-30T15:11:47.757743027Z,01JZ0NSNC1W3B8HBKV7A156B13,2025-06-30T15:11:47.757743027Z,01JZ0P0DBN2YTW4V5ATZNQEJS0,2025-06-30T15:11:47.757743027Z,01JZ0P49FFMBGZM8VGX8RR699K,2025-06-30T15:11:47.757743027Z,01JZ0P49PEWN3F1GPHKEPAGMN6,2025-06-30T15:11:47.757743027Z
01JZ0PFBRPF1N87JGQC60MS7J3,01JZ0NSN7EKS122Z238A4PF66D,2025-06-30T15:14:47.190333094Z,01JZ0NSNACQB6FV8GE0XS7JKF9,2025-06-30T15:14:47.190333094Z,01JZ0P2VRWVMWZZ8N9Z8Y5JQ15,2025-06-30T15:14:47.190333094Z,01JZ0P7YNC23PG2FBXK5EHB1WT,2025-06-30T15:14:47.190333094Z,01JZ0P7YT5HQ2VPHSWBMT2FQ2M,2025-06-30T15:14:47.190333094Z
01JZ0FG3QE23EE57SBFPMPS9C9,01JZ0F67X5J6SBR3095JZ2KKHQ,2025-06-30T13:12:51.694634381Z,01JZ0F67ZFPZEHV6BKFXQYDXZZ,2025-06-30T13:12:51.694634381Z,01JZ0FB6D8SDYQHCG01GZECWK6,2025-06-30T13:12:51.694634381Z,01JZ0FG2S8VS3GN3R2QA2DBY2M,2025-06-30T13:12:51.694634381Z,01JZ0FG2VGJ345VW7BYMGJ3WX3,2025-06-30T13:12:51.694634381Z
01JZ0RQJBTM3TPGPSX6EKFKJBP,01JZ0R44WS56B1WD5354KYAZ6V,2025-06-30T15:54:13.242224985Z,01JZ0R450A0M8Q4QC968ZVRS9H,2025-06-30T15:54:13.242224985Z,01JZ0RA66F3FBNJZBRD9WM83NA,2025-06-30T15:54:13.242224985Z,01JZ0RFNVA3M9D27P90HFWJA8Y,2025-06-30T15:54:13.242224985Z,01JZ0RFPFM9RXDBNP6ZMTH2ZCR,2025-06-30T15:54:13.242224985Z
01JZ0SVH5J44275YASFX3AE27X,01JZ0S9G3E1V9Y4W1M8GV3AGA9,2025-06-30T16:13:51.666704165Z,01JZ0S9G72AZ3MF9HASHX1PW43,2025-06-30T16:13:51.666704165Z,01JZ0SHV4YF359JMJ5P6VTBKHD,2025-06-30T16:13:51.666704165Z,01JZ0SSF5TTEGA4KE9KCX2D069,2025-06-30T16:13:51.666704165Z,01JZ0SSFBKBM785PYNTX6BTW25,2025-06-30T16:13:51.666704165Z
01JZ0VM9FJT50NZ69DBKZ2SJVX,01JZ0TXM4HA3Q8P6D6TPYYS7R3,2025-06-30T16:44:51.570563579Z,01JZ0TXMB9EHVXHHHV3J3SQY3A,2025-06-30T16:44:51.570563579Z,01JZ0TZEA4NSRNAN24CVE4XF3B,2025-06-30T16:44:51.570563579Z,01JZ0VC1WC4C34RME93WS25QAZ,2025-06-30T16:44:51.570563579Z,01JZ0VC2D31WVSXDQMH8BA7A7J,2025-06-30T16:44:51.570563579Z
01JZ0RP3P49K2JTR65YVXGB753,01JZ0R44WS56B1WD5354KYAZ6V,2025-06-30T15:53:25.44440503Z,01JZ0R44ZMT5HYXWVABB60AH0G,2025-06-30T15:53:25.44440503Z,01JZ0R9YBP53FHZRSC3KJMTX8V,2025-06-30T15:53:25.44440503Z,01JZ0RDSBNJ06ET7JJVQB14EXX,2025-06-30T15:53:25.44440503Z,01JZ0RDSSDYZN9CZ7FN1XKBJEH,2025-06-30T15:53:25.44440503Z
01JZ0HAX1SSTXEM421V8GHJM19,01JZ0H1K4AG17CS34Z9G9MQYDS,2025-06-30T13:44:58.169971049Z,01JZ0H1K7HVYD71R3W6V80C6V1,2025-06-30T13:44:58.169971049Z,01JZ0H5AXYRKCCAM24KW8RVMWP,2025-06-30T13:44:58.169971049Z,01JZ0HAVRPKHJMVSD30J2TBSPZ,2025-06-30T13:44:58.169971049Z,01JZ0HAVT6FVFRBXCZ7A07HDCT,2025-06-30T13:44:58.169971049Z
01JZ0MGJ6G9X6KB1GJWKBRRNTC,01JZ0KZHFC2GEC175ZSKVHYGR2,2025-06-30T14:40:29.392596785Z,01JZ0KZHGK1V8ZC0AXDBXBYAX9,2025-06-30T14:40:29.392596785Z,01JZ0M1ME27Y1N3FYW0PRRTSM1,2025-06-30T14:40:29.392596785Z,01JZ0M8V7E2P63XBE7CBW22G7N,2025-06-30T14:40:29.392596785Z,01JZ0M8VBXGNDQKFCQ7S8WXESB,2025-06-30T14:40:29.392596785Z
01JZ0RN293FRZXBZ58SQ4GJPD0,01JZ0R44WS56B1WD5354KYAZ6V,2025-06-30T15:52:51.23568497Z,01JZ0R44YD4TQ1QQVW9H1W0WBF,2025-06-30T15:52:51.23568497Z,01JZ0R6J718YBTR7YEHTBTQQK5,2025-06-30T15:52:51.23568497Z,01JZ0RDJBC3M7VJVVNTZ765VZZ,2025-06-30T15:52:51.23568497Z,01JZ0RDJRRH5SAYZ8MMPTW81CY,2025-06-30T15:52:51.23568497Z
01JZ0RNRKE8481PAP6MBSQCGPP,01JZ0R44WS56B1WD5354KYAZ6V,2025-06-30T15:53:14.094321762Z,01JZ0R44ZMT5HYXWVABB60AH0G,2025-06-30T15:53:14.094321762Z,01JZ0RB2RBV77DCY4AE9FA26J2,2025-06-30T15:53:14.094321762Z,01JZ0RDSCA9FG61RXWSV693V0M,2025-06-30T15:53:14.094321762Z,01JZ0RDSQE8HFYQ8Y047151M2B,2025-06-30T15:53:14.094321762Z
01JZ0FH9VP5KWCAGYHXPYJ8GA1,01JZ0F67X5J6SBR3095JZ2KKHQ,2025-06-30T13:13:30.742748677Z,01JZ0F67ZKKPGDC64ETWQZ69WV,2025-06-30T13:13:30.742748677Z,01JZ0FBN02HG46T50M0DC5KD9N,2025-06-30T13:13:30.742748677Z,01JZ0FFEABFZ5CT87GW8737MVN,2025-06-30T13:13:30.742748677Z,01JZ0FFEC471Z9SD47S8EGXE2B,2025-06-30T13:13:30.742748677Z
01JZ0FVFW0J8P1N5SSNNJDMJFQ,01JZ0F67X5J6SBR3095JZ2KKHQ,2025-06-30T13:19:04.576382387Z,01JZ0F67Z49S75BR56TBMFCZ55,2025-06-30T13:19:04.576382387Z,01JZ0FFGTFMV7PJRGYB0RPYNEQ,2025-06-30T13:19:04.576382387Z,01JZ0FQRVP5GMFQVC581G5X73Z,2025-06-30T13:19:04.576382387Z,01JZ0FQRY62N91HWZYHG7WJHE0,2025-06-30T13:19:04.576382387Z
01JZ0HJF8NS588AZTSXAYM2699,01JZ0H1K4AG17CS34Z9G9MQYDS,2025-06-30T13:49:06.1976765Z,01JZ0H1K7A7HBJ5WZC7T99GVBX,2025-06-30T13:49:06.1976765Z,01JZ0H9XDVSFP2KP78SR78XFKD,2025-06-30T13:49:06.1976765Z,01JZ0HAEE7JP7PN26K0A2GQAYB,2025-06-30T13:49:06.1976765Z,01JZ0HAEKGW7T5R24W60CW13H7,2025-06-30T13:49:06.1976765Z
01JZ0K40HY13G5QRKPQVKPNRDX,01JZ0JJRG62BDVPN4H0KJ2XPWK,2025-06-30T14:16:09.53408801Z,01JZ0JJRKVJXBJGVYTJ6TBMBFM,2025-06-30T14:16:09.53408801Z,01JZ0JN4F2114ZS0WES1BTCGSF,2025-06-30T14:16:09.53408801Z,01JZ0JW9GXBQQN6RZQRVBXDR1H,2025-06-30T14:16:09.53408801Z,01JZ0JW9NA2J02SEGSF8R2JK60,2025-06-30T14:16:09.53408801Z
01JZ0R218C3M2GE5FDNWH660QJ,01JZ0QGE33ZWYV7A3256FYEZA6,2025-06-30T15:42:27.596338228Z,01JZ0QGE4MQBM7ZJEFVQMWJX02,2025-06-30T15:42:27.596338228Z,01JZ0QM38JZ7CRCAE73CP91DA7,2025-06-30T15:42:27.596338228Z,01JZ0QT8E57KE5FS60Y0XYREM2,2025-06-30T15:42:27.596338228Z,01JZ0QT8NST1K1X1Z5J8NEMNZB,2025-06-30T15:42:27.596338228Z
01JZ0RP3XD855RRNH87WYPN5ZP,01JZ0R44WS56B1WD5354KYAZ6V,2025-06-30T15:53:25.677587499Z,01JZ0R44ZMT5HYXWVABB60AH0G,2025-06-30T15:53:25.677587499Z,01JZ0R6DY0PYZTQ6QXN5D3091D,2025-06-30T15:53:25.677587499Z,01JZ0RDSBNJ06ET7JJVQB14EXX,2025-06-30T15:53:25.677587499Z,01JZ0RDSSDYZN9CZ7FN1XKBJEH,2025-06-30T15:53:25.677587499Z
01JZ0FTBKE81MR68VAPEGJX45F,01JZ0F67X5J6SBR3095JZ2KKHQ,2025-06-30T13:18:27.438507651Z,01JZ0F67ZBCBNFH7W25EXNBXDS,2025-06-30T13:18:27.438507651Z,01JZ0FBTADG31H10PAMS1NCN0Q,2025-06-30T13:18:27.438507651Z,01JZ0FMTH61B85RYBN11B94K2X,2025-06-30T13:18:27.438507651Z,01JZ0FMTJP1X31M568THSCTWW6,2025-06-30T13:18:27.438507651Z
01JZ0FSCET61N4XAGBV9A7GG57,01JZ0F67X5J6SBR3095JZ2KKHQ,2025-06-30T13:17:55.546730012Z,01JZ0F67Z745P2890BJ7Q88E3R,2025-06-30T13:17:55.546730012Z,01JZ0FBGXXC0V58B79955Z9C8Z,2025-06-30T13:17:55.546730012Z,01JZ0FHYT7S382Q8K3G91ZN28J,2025-06-30T13:17:55.546730012Z,01JZ0FHYWECQNPZRK99THAKWZV,2025-06-30T13:17:55.546730012Z
01JZ0K0BFJ3NH5439B9TH6PEBZ,01JZ0JJRG62BDVPN4H0KJ2XPWK,2025-06-30T14:14:09.650634826Z,01JZ0JJRM7K0MBX3MKCVTKC5NR,2025-06-30T14:14:09.650634826Z,01JZ0JXWKS0M8W514SAFXDFCXQ,2025-06-30T14:14:09.650634826Z,01JZ0K098DXTDH1VCTKYXKPC0C,2025-06-30T14:14:09.650634826Z,01JZ0K09BR2ER5JHDCND4CZ7NM,2025-06-30T14:14:09.650634826Z
01JZ0MHJRPN3PEFJNZNNN6GQ53,01JZ0KZHFC2GEC175ZSKVHYGR2,2025-06-30T14:41:02.742144712Z,01JZ0KZHHH6W8J7M02JDFMAQF5,2025-06-30T14:41:02.742144712Z,01JZ0M1F3F18ZRH41SFFXNC5Z8,2025-06-30T14:41:02.742144712Z,01JZ0MA57ZMXQZENWKV3G54Z6K,2025-06-30T14:41:02.742144712Z,01JZ0MA5EYRHY6D5F7550YTYHZ,2025-06-30T14:41:02.742144712Z
01JZ0NYXNNHJJ3YF9FH6Q21CDF,01JZ0N9PMZHSN31DAQRPMDQCYE,2025-06-30T15:05:48.469591933Z,01JZ0N9PPX2EBNCBEJCH5EHX43,2025-06-30T15:05:48.469591933Z,01JZ0NQ3C4VN4SR6B2B3YFZF4P,2025-06-30T15:05:48.469591933Z,01JZ0NQ6BBMA57K449HYD6QCJF,2025-06-30T15:05:48.469591933Z,01JZ0NQ6FPR11DBQFT612VEGYJ,2025-06-30T15:05:48.469591933Z
01JZ0FFF1YAGF6WFHJSERE4KER,01JZ0F67X5J6SBR3095JZ2KKHQ,2025-06-30T13:12:30.526943166Z,01JZ0F67ZKKPGDC64ETWQZ69WV,2025-06-30T13:12:30.526943166Z,01JZ0FBY93DWZC8869QS2ZXNMA,2025-06-30T13:12:30.526943166Z,01JZ0FFEA7JY8J9CW2PRDT1SXR,2025-06-30T13:12:30.526943166Z,01JZ0FFEB7Z5969V9H6EGQG2CJ,2025-06-30T13:12:30.526943166Z
01JZ0HE59SRFZKK0XK2GZPK4F7,01JZ0H1K4AG17CS34Z9G9MQYDS,2025-06-30T13:46:44.921052156Z,01JZ0H1K7A7HBJ5WZC7T99GVBX,2025-06-30T13:46:44.921052156Z,01JZ0H377YER8042T2NRG3D1V1,2025-06-30T13:46:44.921052156Z,01JZ0HAECPB75NSKW408592PHJ,2025-06-30T13:46:44.921052156Z,01JZ0HAEGSNH2JMHJS0Y20K363,2025-06-30T13:46:44.921052156Z
01JZ0HHJ7AEY1H7TH0M7BQFZZT,01JZ0H1K4AG17CS34Z9G9MQYDS,2025-06-30T13:48:36.458326457Z,01JZ0H1K7C3FKHJS5GP9RE7N8D,2025-06-30T13:48:36.458326457Z,01JZ0H4BNVJDAKGEAV3D5Z23CC,2025-06-30T13:48:36.458326457Z,01JZ0HA59V3NE6VY9CA10KJMRQ,2025-06-30T13:48:36.458326457Z,01JZ0HA5F8CF1JSFYZF52YSX10,2025-06-30T13:48:36.458326457Z
01JZ0K8BB18DFZ9W0WXPJ4ET17,01JZ0JJRG62BDVPN4H0KJ2XPWK,2025-06-30T14:18:31.649259047Z,01JZ0JJRM7K0MBX3MKCVTKC5NR,2025-06-30T14:18:31.649259047Z,01JZ0JNMNVCAW5RZAB0SWSJ307,2025-06-30T14:18:31.649259047Z,01JZ0K099NNS02HGWW23F906B5,2025-06-30T14:18:31.649259047Z,01JZ0K09MK8N8E3Q5AQXC6W588,2025-06-30T14:18:31.649259047Z
01JZ0RK6THR5ETFN3Z61EG43ZX,01JZ0R44WS56B1WD5354KYAZ6V,2025-06-30T15:51:50.353122595Z,01JZ0R44YD4TQ1QQVW9H1W0WBF,2025-06-30T15:51:50.353122595Z,01JZ0R6DH2W2W2NRB6MJ1KHHEC,2025-06-30T15:51:50.353122595Z,01JZ0RDJ2QCC6HCJTXVC1C06TR,2025-06-30T15:51:50.353122595Z,01JZ0RDJN6N4JX59VYMCWSBW7H,2025-06-30T15:51:50.353122595Z
01JZ0SZ7FJMRWTDCV3H9SB06NR,01JZ0S9G3E1V9Y4W1M8GV3AGA9,2025-06-30T16:15:52.819025364Z,01JZ0S9G72AZ3MF9HASHX1PW43,2025-06-30T16:15:52.819025364Z,01JZ0SHV4YF359JMJ5P6VTBKHD,2025-06-30T16:15:52.819025364Z,01JZ0SSF5TTEGA4KE9KCX2D069,2025-06-30T16:15:52.819025364Z,01JZ0SSFDDM43P09Q9RREYCTET,2025-06-30T16:15:52.819025364Z
01JZ0TPKY4TPQCXW25ZKGV5DMH,01JZ0T594M7DT83RJMYEJDT186,2025-06-30T16:28:39.236146834Z,01JZ0T59780CP4Z1F2CEHFDNAC,2025-06-30T16:28:39.236146834Z,01JZ0TAG5YB2XS2SXDFRSMNV8G,2025-06-30T16:28:39.236146834Z,01JZ0TGXAWKWP7D51X7AXHZM1D,2025-06-30T16:28:39.236146834Z,01JZ0TGXKSXPBBVRHRVCPPT5ZR,2025-06-30T16:28:39.236146834Z
01JZ0VEAXBN0ZJY5506D6BE99H,01JZ0TXM4HA3Q8P6D6TPYYS7R3,2025-06-30T16:41:36.427232824Z,01JZ0TXMAAZJ4VJWA2WTVHG174,2025-06-30T16:41:36.427232824Z,01JZ0V1S612A57R9KJ7DENVWAG,2025-06-30T16:41:36.427232824Z,01JZ0V8M85MMPYBMHW7JFE9Q9Z,2025-06-30T16:41:36.427232824Z,01JZ0V8MF2WN08NA8Y09ZH2S8Q,2025-06-30T16:41:36.427232824Z
01JZ0FKTJ6VEA7QNFHQ8EH7JSN,01JZ0F67X5J6SBR3095JZ2KKHQ,2025-06-30T13:14:53.382203894Z,01JZ0F67ZFPZEHV6BKFXQYDXZZ,2025-06-30T13:14:53.382203894Z,01JZ0FBJ9NFFKS2CKGHWFB4VM8,2025-06-30T13:14:53.382203894Z,01JZ0FG2TMDGKK0EJR14EYFE7R,2025-06-30T13:14:53.382203894Z,01JZ0FG2WQ5VW6F0XDQK1WWA5Z,2025-06-30T13:14:53.382203894Z
01JZ0VG6NXNYT1RFJNVV091EM0,01JZ0TXM4HA3Q8P6D6TPYYS7R3,2025-06-30T16:42:37.629970916Z,01JZ0TXMAAZJ4VJWA2WTVHG174,2025-06-30T16:42:37.629970916Z,01JZ0V4NRB59966MX97R2AYRHH,2025-06-30T16:42:37.629970916Z,01JZ0V8M7779BC73EQFC7W4Q4A,2025-06-30T16:42:37.629970916Z,01JZ0V8MHVSR2MS7X28YM342BV,2025-06-30T16:42:37.629970916Z
01JZ0NKW3570TGN2VPCFQA5S26,01JZ0N9PMZHSN31DAQRPMDQCYE,2025-06-30T14:59:46.405865942Z,01JZ0N9PQHD06TCBXAQZTT3H76,2025-06-30T14:59:46.405865942Z,01JZ0NGNCA21NZZE8PJPN10BTS,2025-06-30T14:59:46.405865942Z,01JZ0NKT2VE4SHS4CADHAHV9EA,2025-06-30T14:59:46.405865942Z,01JZ0NKT5WJ1XYZCJ9S9J04RX7,2025-06-30T14:59:46.405865942Z
01JZ0M8WES2TD98P4CX5KW2ERN,01JZ0KZHFC2GEC175ZSKVHYGR2,2025-06-30T14:36:17.753313444Z,01JZ0KZHGK1V8ZC0AXDBXBYAX9,2025-06-30T14:36:17.753313444Z,01JZ0M2WM0HPMZRZ9HANZSA6QH,2025-06-30T14:36:17.753313444Z,01JZ0M8V6C61XVRFPHS8RWYS7W,2025-06-30T14:36:17.753313444Z,01JZ0M8V88GCFHK9B8ECZFSXDA,2025-06-30T14:36:17.753313444Z
01JZ0K4TJ3TD5GYXBGQ3F01D4D,01JZ0JJRG62BDVPN4H0KJ2XPWK,2025-06-30T14:16:36.163068151Z,01JZ0JJRMFBKARHHQY8ZXKDX2Q,2025-06-30T14:16:36.163068151Z,01JZ0JMNJCQ4JP233PQTACYGEQ,2025-06-30T14:16:36.163068151Z,01JZ0K2YERTFQAJEQ3WTQCHG83,2025-06-30T14:16:36.163068151Z,01JZ0K2YH84DTYQ9GTMSMESZJY,2025-06-30T14:16:36.163068151Z
01JZ0P9WGXTJYWM1P866YVZF7V,01JZ0NSN7EKS122Z238A4PF66D,2025-06-30T15:11:47.741084636Z,01JZ0NSNC1W3B8HBKV7A156B13,2025-06-30T15:11:47.741084636Z,01JZ0P0GZR09Z9DMSV67CDPA5W,2025-06-30T15:11:47.741084636Z,01JZ0P49FFMBGZM8VGX8RR699K,2025-06-30T15:11:47.741084636Z,01JZ0P49PEWN3F1GPHKEPAGMN6,2025-06-30T15:11:47.741084636Z
01JZ0PZHYTWGPYRNV655ZN9T7X,01JZ0PDFE8X2A24VZSJDD0T2BH,2025-06-30T15:23:37.818799265Z,01JZ0PDFFH0EDR9F9CYFN0TQY3,2025-06-30T15:23:37.818799265Z,01JZ0PQ7G6X7K4MMC5P4S3TEYN,2025-06-30T15:23:37.818799265Z,01JZ0PVRKCVAZGVD5GK5DEWP0E,2025-06-30T15:23:37.818799265Z,01JZ0PVRTBZ9ZP99VFRK6GXNBQ,2025-06-30T15:23:37.818799265Z
01JZ0RN284FZ2340SPAX81SJGY,01JZ0R44WS56B1WD5354KYAZ6V,2025-06-30T15:52:51.204243772Z,01JZ0R44YD4TQ1QQVW9H1W0WBF,2025-06-30T15:52:51.204243772Z,01JZ0R9GRQ3PA7HCKR9SBRDB26,2025-06-30T15:52:51.204243772Z,01JZ0RDJBC3M7VJVVNTZ765VZZ,2025-06-30T15:52:51.204243772Z,01JZ0RDJRRH5SAYZ8MMPTW81CY,2025-06-30T15:52:51.204243772Z
01JZ0SR2SQB7G09FFW41ZTPX9M,01JZ0S9G3E1V9Y4W1M8GV3AGA9,2025-06-30T16:11:58.647980109Z,01JZ0S9G7VJHRZZRV1KXAXAXSY,2025-06-30T16:11:58.647980109Z,01JZ0SMKXSB3XMQCB6RQZ86SBG,2025-06-30T16:11:58.647980109Z,01JZ0SP48F3VDFFJ0GMG3AQPDM,2025-06-30T16:11:58.647980109Z,01JZ0SP4M6CB89J2SW0981SPWN,2025-06-30T16:11:58.647980109Z
01JZ0V92WKSTFAA2QMK65PC4JV,01JZ0TXM4HA3Q8P6D6TPYYS7R3,2025-06-30T16:38:44.371167123Z,01JZ0TXM7C18DJWS688K2WH576,2025-06-30T16:38:44.371167123Z,01JZ0V2DYNG9H8Y855B84GV7Y8,2025-06-30T16:38:44.371167123Z,01JZ0V8ZPY044NTMZW4ZXBD0TN,2025-06-30T16:38:44.371167123Z,01JZ0V8ZX0W3VYTA2SDFYF9AQ0,2025-06-30T16:38:44.371167123Z
01JZ0K1T3ZZ2RYRHQQR5K6DZBT,01JZ0JJRG62BDVPN4H0KJ2XPWK,2025-06-30T14:14:57.40726052Z,01JZ0JJRMQ32S1DDP8PZN3RKEA,2025-06-30T14:14:57.40726052Z,01JZ0JMGEDXX4BV44Z74MYK8RA,2025-06-30T14:14:57.40726052Z,01JZ0JSS81X5CC670C1ANK4RPK,2025-06-30T14:14:57.40726052Z,01JZ0JSSDC0HRNT5M54134XJAC,2025-06-30T14:14:57.40726052Z
01JZ0FQNRH2DV0ZBATYA55BMVH,01JZ0F67X5J6SBR3095JZ2KKHQ,2025-06-30T13:16:59.53751781Z,01JZ0F67ZPF4121D8VQV580KT1,2025-06-30T13:16:59.53751781Z,01JZ0FADPYVS6C84HJSS2FEBTD,2025-06-30T13:16:59.53751781Z,01JZ0FG9XBQAYQZBJ6CQQ423B0,2025-06-30T13:16:59.53751781Z,01JZ0FG9ZK1PD515ASG48E218C,2025-06-30T13:16:59.53751781Z
01JZ0K15NFC4AA30JPB26D7RQ1,01JZ0JJRG62BDVPN4H0KJ2XPWK,2025-06-30T14:14:36.463849792Z,01JZ0JJRMQ32S1DDP8PZN3RKEA,2025-06-30T14:14:36.463849792Z,01JZ0JMMQB7PV7562FFEM02FS7,2025-06-30T14:14:36.463849792Z,01JZ0JSS70VYGPC0KK37CPRG9X,2025-06-30T14:14:36.463849792Z,01JZ0JSSBR19NJEKZ80M9D66SK,2025-06-30T14:14:36.463849792Z
01JZ0FPT6S4M0MV96P8B0PFDJ1,01JZ0F67X5J6SBR3095JZ2KKHQ,2025-06-30T13:16:31.321538802Z,01JZ0F67ZKKPGDC64ETWQZ69WV,2025-06-30T13:16:31.321538802Z,01JZ0FD6F005B6TFCSX425WZE3,2025-06-30T13:16:31.321538802Z,01JZ0FFEADDJT61Y5D8348YXND,2025-06-30T13:16:31.321538802Z,01JZ0FFED9BC1QZNJVTEXT68RC,2025-06-30T13:16:31.321538802Z
01JZ0HVP66EC80XV4KZ4DX9TKR,01JZ0H1K4AG17CS34Z9G9MQYDS,2025-06-30T13:54:08.198406933Z,01JZ0H1K72P9WWMQFG7ACVRNHM,2025-06-30T13:54:08.198406933Z,01JZ0H3BSJ76APYEW8F641XA8T,2025-06-30T13:54:08.198406933Z,01JZ0HKZ36G3ZG992AMVD2CV89,2025-06-30T13:54:08.198406933Z,01JZ0HKZ7B8N0GW7N5NK56BBBA,2025-06-30T13:54:08.198406933Z
01JZ0K810Q3Y6VSMQ0K6MKDSV4,01JZ0JJRG62BDVPN4H0KJ2XPWK,2025-06-30T14:18:21.07905548Z,01JZ0JJRM7K0MBX3MKCVTKC5NR,2025-06-30T14:18:21.07905548Z,01JZ0JNMNVCAW5RZAB0SWSJ307,2025-06-30T14:18:21.07905548Z,01JZ0K09A2JRM56REXVTQ5P9J4,2025-06-30T14:18:21.07905548Z,01JZ0K09K25XTCYT08PVBBA31D,2025-06-30T14:18:21.07905548Z
01JZ0R1PHFT74ETRGENWEJQG2A,01JZ0QGE33ZWYV7A3256FYEZA6,2025-06-30T15:42:16.623260718Z,01JZ0QGE4MQBM7ZJEFVQMWJX02,2025-06-30T15:42:16.623260718Z,01JZ0QPKRJFVHW9J2EJ9HV7BB0,2025-06-30T15:42:16.623260718Z,01JZ0QT8DPXJ05M7TDP99CPQ9M,2025-06-30T15:42:16.623260718Z,01JZ0QT8M1XD60YRTB64RNM57M,2025-06-30T15:42:16.623260718Z
01JZ0SZMENNZD1XFTV8RZYQQQV,01JZ0S9G3E1V9Y4W1M8GV3AGA9,2025-06-30T16:16:06.101055008Z,01JZ0S9GBDE95BAEJ35DY3VGC4,2025-06-30T16:16:06.101055008Z,01JZ0SNAX1B595RP7S7B0WD649,2025-06-30T16:16:06.101055008Z,01JZ0SQEFRCWKP9ZEKVZV9NZ6R,2025-06-30T16:16:06.101055008Z,01JZ0SQEW87N3QG2WWCC39NJ8W,2025-06-30T16:16:06.101055008Z
01JZ0TB7G62B65X347J2NHQ8PR,01JZ0S9G3E1V9Y4W1M8GV3AGA9,2025-06-30T16:22:26.054673046Z,01JZ0S9G8MSQJNW9QDDX82T8EZ,2025-06-30T16:22:26.054673046Z,01JZ0ST5TS5QV8K1SHD437M5P1,2025-06-30T16:22:26.054673046Z,01JZ0T2ZBBK5N03NFCZRN4R3GR,2025-06-30T16:22:26.054673046Z,01JZ0T2ZSED3J1H4QV6YETH1VM,2025-06-30T16:22:26.054673046Z
01JZ0FQGY93B37M6AYQS1G7K5X,01JZ0F67X5J6SBR3095JZ2KKHQ,2025-06-30T13:16:54.601742767Z,01JZ0F67Z9QH00F8GAXY086HB5,2025-06-30T13:16:54.601742767Z,01JZ0FJ2J3KAWY8R383XNHY1BP,2025-06-30T13:16:54.601742767Z,01JZ0FNMHABMQMJJE7Y0M736G4,2025-06-30T13:16:54.601742767Z,01JZ0FNMM2YADDXQXBFP61Z513,2025-06-30T13:16:54.601742767Z
01JZ0K0BGNK7QKKJKQKMQK2PRR,01JZ0JJRG62BDVPN4H0KJ2XPWK,2025-06-30T14:14:09.685748413Z,01JZ0JJRM7K0MBX3MKCVTKC5NR,2025-06-30T14:14:09.685748413Z,01JZ0JQS81T66D82KVDDFPP0F3,2025-06-30T14:14:09.685748413Z,01JZ0K098DXTDH1VCTKYXKPC0C,2025-06-30T14:14:09.685748413Z,01JZ0K09BR2ER5JHDCND4CZ7NM,2025-06-30T14:14:09.685748413Z
01JZ0SYXFCGQBE799165YXMAZ0,01JZ0S9G3E1V9Y4W1M8GV3AGA9,2025-06-30T16:15:42.572534565Z,01JZ0S9G9GQDAYDBEESMGH4RA5,2025-06-30T16:15:42.572534565Z,01JZ0SHD6CSXMHY511T2SVS05J,2025-06-30T16:15:42.572534565Z,01JZ0SQ3DBEVRM9PRM588Y44AB,2025-06-30T16:15:42.572534565Z,01JZ0SQ3RJAWHT2K2KFJRJWXW2,2025-06-30T16:15:42.572534565Z
01JZ0VGHPS7DXMVX1BYM72YPRC,01JZ0TXM4HA3Q8P6D6TPYYS7R3,2025-06-30T16:42:48.921060285Z,01JZ0TXMAAZJ4VJWA2WTVHG174,2025-06-30T16:42:48.921060285Z,01JZ0V4NRB59966MX97R2AYRHH,2025-06-30T16:42:48.921060285Z,01JZ0V8M66H1TM6QHBHKAHGCK2,2025-06-30T16:42:48.921060285Z,01JZ0V8MMQTWK3P04TAWD8SF6Z,2025-06-30T16:42:48.921060285Z
01JZ0VGHS257SSZD3R1PK9SDJV,01JZ0TXM4HA3Q8P6D6TPYYS7R3,2025-06-30T16:42:48.994259812Z,01JZ0TXMAAZJ4VJWA2WTVHG174,2025-06-30T16:42:48.994259812Z,01JZ0V32G4VNH8F152X0004PNK,2025-06-30T16:42:48.994259812Z,01JZ0V8M66H1TM6QHBHKAHGCK2,2025-06-30T16:42:48.994259812Z,01JZ0V8MMQTWK3P04TAWD8SF6Z,2025-06-30T16:42:48.994259812Z
01JZ0FQF2QDFK244N82T7S9WAP,01JZ0F67X5J6SBR3095JZ2KKHQ,2025-06-30T13:16:52.695262268Z,01JZ0F67ZGT4J2NC89JRSKF93F,2025-06-30T13:16:52.695262268Z,01JZ0FBDHDTMS687HV4CDN8T2G,2025-06-30T13:16:52.695262268Z,01JZ0FHY0FF9TVSRZETCEYCTMP,2025-06-30T13:16:52.695262268Z,01JZ0FHY2AE8TWA2KG4E1QGE94,2025-06-30T13:16:52.695262268Z
01JZ0HSGP0EC2QH1JRBBFHNYVE,01JZ0H1K4AG17CS34Z9G9MQYDS,2025-06-30T13:52:57.024478089Z,01JZ0H1K72P9WWMQFG7ACVRNHM,2025-06-30T13:52:57.024478089Z,01JZ0H8JNVPGAV40Z6TWKS3PH3,2025-06-30T13:52:57.024478089Z,01JZ0HKZ2G50KS7CBCD3M87YFZ,2025-06-30T13:52:57.024478089Z,01JZ0HKZ5AREX7MMS1CXED9TX5,2025-06-30T13:52:57.024478089Z
01JZ0SQHC3XAPSXA2HE924B2AK,01JZ0S9G3E1V9Y4W1M8GV3AGA9,2025-06-30T16:11:40.803241594Z,01JZ0S9GBDE95BAEJ35DY3VGC4,2025-06-30T16:11:40.803241594Z,01JZ0SNAX1B595RP7S7B0WD649,2025-06-30T16:11:40.803241594Z,01JZ0SQEAR8P2YM87JXPSY3S0C,2025-06-30T16:11:40.803241594Z,01JZ0SQEGZSES92G0BHJP07QJE,2025-06-30T16:11:40.803241594Z
01JZ0HGAN32XJPXFRK6124XN2Q,01JZ0H1K4AG17CS34Z9G9MQYDS,2025-06-30T13:47:55.93991582Z,01JZ0H1K6THHEJQ855QF7WP6P1,2025-06-30T13:47:55.93991582Z,01JZ0H6DP3F32ZH0Y01CT1VX9P,2025-06-30T13:47:55.93991582Z,01JZ0H8M6XRZ0TTB98P0CV98DA,2025-06-30T13:47:55.93991582Z,01JZ0H8MARTCGQBSSZP5KMYV5T,2025-06-30T13:47:55.93991582Z
01JZ0HC6949YX88H0S2YSK05NZ,01JZ0H1K4AG17CS34Z9G9MQYDS,2025-06-30T13:45:40.388991634Z,01JZ0H1K7FV78W73P31JXQYTKA,2025-06-30T13:45:40.388991634Z,01JZ0H3TRTXRSVBAX9EY6PPX29,2025-06-30T13:45:40.388991634Z,01JZ0HC58QFJEJ8VBWDVYV73JX,2025-06-30T13:45:40.388991634Z,01JZ0HC5AD0NNJETZEAHVDA71P,2025-06-30T13:45:40.388991634Z
01JZ0MH9CKQD1CF62W0GJN3F5T,01JZ0KZHFC2GEC175ZSKVHYGR2,2025-06-30T14:40:53.139074136Z,01JZ0KZHGXZ28TMC40NC90GVYX,2025-06-30T14:40:53.139074136Z,01JZ0M51W4TR1XT98HK5JRZZMZ,2025-06-30T14:40:53.139074136Z,01JZ0M9WTTT9DEYBSAD67CY8SA,2025-06-30T14:40:53.139074136Z,01JZ0M9WYGGVQBSVN4AKNKZMG5,2025-06-30T14:40:53.139074136Z
01JZ0P80700G0230Z6AQ5K90EN,01JZ0NSN7EKS122Z238A4PF66D,2025-06-30T15:10:45.984875418Z,01JZ0NSNACQB6FV8GE0XS7JKF9,2025-06-30T15:10:45.984875418Z,01JZ0P4V3AHY550K8PMRT3VM5K,2025-06-30T15:10:45.984875418Z,01JZ0P7YKZ0DJ4DJ00YYG0YM4V,2025-06-30T15:10:45.984875418Z,01JZ0P7YPV7TWCE3QD95AP24MA,2025-06-30T15:10:45.984875418Z
01JZ0PEZPGQS06NKW0JZ3VSTGM,01JZ0NSN7EKS122Z238A4PF66D,2025-06-30T15:14:34.832654634Z,01JZ0NSNAYA5ZEAQVB789Y1XW2,2025-06-30T15:14:34.832654634Z,01JZ0NWGXG60XB5W2KSVNBRDCM,2025-06-30T15:14:34.832654634Z,01JZ0PB8CZS6M8SVA60NSTSB4W,2025-06-30T15:14:34.832654634Z,01JZ0PB8GAQ67WW9EPR5YC95SB,2025-06-30T15:14:34.832654634Z
01JZ0PSCT9NY73AS390Q5M1SMA,01JZ0PDFE8X2A24VZSJDD0T2BH,2025-06-30T15:20:15.945387175Z,01JZ0PDFG0TZHQMJ413RSFKXP4,2025-06-30T15:20:15.945387175Z,01JZ0PFCW1JTREFZPJ0MEYDK57,2025-06-30T15:20:15.945387175Z,01JZ0PSB7RH92MEN6JQV9WMFBP,2025-06-30T15:20:15.945387175Z,01JZ0PSBASXJ2YPPJ4DJWBYHZP,2025-06-30T15:20:15.945387175Z
01JZ0FPW9F9MKC8S5V80C4KMG0,01JZ0F67X5J6SBR3095JZ2KKHQ,2025-06-30T13:16:33.455104676Z,01JZ0F67ZMW5MYVAMRDCKET4QV,2025-06-30T13:16:33.455104676Z,01JZ0FAZSM5RWSWDK86JFF6JZ6,2025-06-30T13:16:33.455104676Z,01JZ0FETSCDVHZ2TXY84CHY2GX,2025-06-30T13:16:33.455104676Z,01JZ0FETWJ0NVJMPXSPP03K8WP,2025-06-30T13:16:33.455104676Z
01JZ0K1FVE052R268702CFP4S5,01JZ0JJRG62BDVPN4H0KJ2XPWK,2025-06-30T14:14:46.894084097Z,01JZ0JJRMQ32S1DDP8PZN3RKEA,2025-06-30T14:14:46.894084097Z,01JZ0JR3W3AT1DTGXQJW4YRCNE,2025-06-30T14:14:46.894084097Z,01JZ0JSS7F1SY9KH4T6BDQJZ40,2025-06-30T14:14:46.894084097Z,01JZ0JSSCGD88B8037MSEJ42PW,2025-06-30T14:14:46.894084097Z
01JZ0PB9VX7RM4ZM6NH5AEF9P4,01JZ0NSN7EKS122Z238A4PF66D,2025-06-30T15:12:34.17356352Z,01JZ0NSNAYA5ZEAQVB789Y1XW2,2025-06-30T15:12:34.17356352Z,01JZ0NWGXG60XB5W2KSVNBRDCM,2025-06-30T15:12:34.17356352Z,01JZ0PB8CMVAWA24GJAJ3TEEVT,2025-06-30T15:12:34.17356352Z,01JZ0PB8ENEC1792JZB5SJ8VDM,2025-06-30T15:12:34.17356352Z
01JZ0VE0Z9H5WNNVKJR7F7M0WH,01JZ0TXM4HA3Q8P6D6TPYYS7R3,2025-06-30T16:41:26.249193982Z,01JZ0TXMB9EHVXHHHV3J3SQY3A,2025-06-30T16:41:26.249193982Z,01JZ0V0BHD367W9MS1M0PZJGYW,2025-06-30T16:41:26.249193982Z,01JZ0VC1S39MS0B0H13TGRSYRF,2025-06-30T16:41:26.249193982Z,01JZ0VC23CRK1527800PPWN7VJ,2025-06-30T16:41:26.249193982Z
01JZ0FR9Z49TKG508H8H3BV45Q,01JZ0F67X5J6SBR3095JZ2KKHQ,2025-06-30T13:17:20.229009389Z,01JZ0F67ZPF4121D8VQV580KT1,2025-06-30T13:17:20.229009389Z,01JZ0FADPYVS6C84HJSS2FEBTD,2025-06-30T13:17:20.229009389Z,01JZ0FG9XDZRN3XPZCPT9HKVD6,2025-06-30T13:17:20.229009389Z,01JZ0FGA0MAJ37EVHGX9QJ548V,2025-06-30T13:17:20.229009389Z
01JZ0FQEJA8596XE4WNAARTRST,01JZ0F67X5J6SBR3095JZ2KKHQ,2025-06-30T13:16:52.170449227Z,01JZ0F67ZKKPGDC64ETWQZ69WV,2025-06-30T13:16:52.170449227Z,01JZ0FBY93DWZC8869QS2ZXNMA,2025-06-30T13:16:52.170449227Z,01JZ0FFEAKA7GSGDZRFXYZKJX4,2025-06-30T13:16:52.170449227Z,01JZ0FFEF973NZ53S63CF72TVH,2025-06-30T13:16:52.170449227Z
01JZ0FSN00M9B7DW40DBP07S5Q,01JZ0F67X5J6SBR3095JZ2KKHQ,2025-06-30T13:18:04.288698186Z,01JZ0F67Z49S75BR56TBMFCZ55,2025-06-30T13:18:04.288698186Z,01JZ0FBHX2TJBWPC22SZF26RQD,2025-06-30T13:18:04.288698186Z,01JZ0FQRVP5GMFQVC581G5X73Z,2025-06-30T13:18:04.288698186Z,01JZ0FQRY0R9HPTNKXRYWC5DCZ,2025-06-30T13:18:04.288698186Z
01JZ0HT83NVVGA4HZNG27S3MKW,01JZ0H1K4AG17CS34Z9G9MQYDS,2025-06-30T13:53:21.013242361Z,01JZ0H1K6XDYNJQ07N0KM3P1VX,2025-06-30T13:53:21.013242361Z,01JZ0H3GSTCWHNYC00C4GV6RFB,2025-06-30T13:53:21.013242361Z,01JZ0HJ6KG2QJ1V6FCF3W0CW1C,2025-06-30T13:53:21.013242361Z,01JZ0HJ6TD6VXG3YP06NWEPVCS,2025-06-30T13:53:21.013242361Z
01JZ0JZAREE4EC2KN9ETZ69CBD,01JZ0JJRG62BDVPN4H0KJ2XPWK,2025-06-30T14:13:36.142452426Z,01JZ0JJRMQ32S1DDP8PZN3RKEA,2025-06-30T14:13:36.142452426Z,01JZ0JMRHQNNVVVJT7WR7062BD,2025-06-30T14:13:36.142452426Z,01JZ0JSS78RK42Y17VNQFVPT1K,2025-06-30T14:13:36.142452426Z,01JZ0JSSA6YS5MYGZXV9CSTSFQ,2025-06-30T14:13:36.142452426Z
01JZ0NQJ1360YP68CJEN26P9QT,01JZ0N9PMZHSN31DAQRPMDQCYE,2025-06-30T15:01:47.171233889Z,01JZ0N9PQHD06TCBXAQZTT3H76,2025-06-30T15:01:47.171233889Z,01JZ0NEB3JG770E2MJXKGV4SYP,2025-06-30T15:01:47.171233889Z,01JZ0NKT353JX7TDZWFQNH8NHN,2025-06-30T15:01:47.171233889Z,01JZ0NKT7B2RQTS0371G157P3M,2025-06-30T15:01:47.171233889Z
01JZ0NQJ1ZP6398RBSKSQSB1YM,01JZ0N9PMZHSN31DAQRPMDQCYE,2025-06-30T15:01:47.199763404Z,01JZ0N9PQHD06TCBXAQZTT3H76,2025-06-30T15:01:47.199763404Z,01JZ0NDAQP6PMG8NAJBA9WP4GZ,2025-06-30T15:01:47.199763404Z,01JZ0NKT353JX7TDZWFQNH8NHN,2025-06-30T15:01:47.199763404Z,01JZ0NKT7B2RQTS0371G157P3M,2025-06-30T15:01:47.199763404Z
01JZ0RJKNZTFBGZ2P5DHY45B91,01JZ0R44WS56B1WD5354KYAZ6V,2025-06-30T15:51:30.751848712Z,01JZ0R44YW0T94WKHD2ZAT9VPC,2025-06-30T15:51:30.751848712Z,01JZ0RAVXZQ0FES5XXPFTQPKP9,2025-06-30T15:51:30.751848712Z,01JZ0RCZ5WMDRF6E7DKWB3TR0Z,2025-06-30T15:51:30.751848712Z,01JZ0RCZG0XFCHV3BJWSRFRJS0,2025-06-30T15:51:30.751848712Z
01JZ0FM060HPPW7AY9WJKPQJYN,01JZ0F67X5J6SBR3095JZ2KKHQ,2025-06-30T13:14:59.136708655Z,01JZ0F67ZPF4121D8VQV580KT1,2025-06-30T13:14:59.136708655Z,01JZ0FCCMZG8VETD8HED6X5G3F,2025-06-30T13:14:59.136708655Z,01JZ0FG9XR3ADT6FD51B6EJHQB,2025-06-30T13:14:59.136708655Z,01JZ0FG9YZ5VB55AKZGK4GTA80,2025-06-30T13:14:59.136708655Z
01JZ0SYARXKE6Z48AD6PTKGDAR,01JZ0S9G3E1V9Y4W1M8GV3AGA9,2025-06-30T16:15:23.421337118Z,01JZ0S9G7VJHRZZRV1KXAXAXSY,2025-06-30T16:15:23.421337118Z,01JZ0SEEBH5P45502W37V2YJK1,2025-06-30T16:15:23.421337118Z,01JZ0SP4FYNVSR1Y0MSZTVTAK7,2025-06-30T16:15:23.421337118Z,01JZ0SP4VWCZKAZMP3V7AYSEPJ,2025-06-30T16:15:23.421337118Z
01JZ0K416KD084PCB6F9TYG8EN,01JZ0JJRG62BDVPN4H0KJ2XPWK,2025-06-30T14:16:10.195710733Z,01JZ0JJRM7K0MBX3MKCVTKC5NR,2025-06-30T14:16:10.195710733Z,01JZ0JQS81T66D82KVDDFPP0F3,2025-06-30T14:16:10.195710733Z,01JZ0K098RXBK86NWQE5BGP8AC,2025-06-30T14:16:10.195710733Z,01JZ0K09EMBRW81QFHCACCVZJ6,2025-06-30T14:16:10.195710733Z
01JZ0MFEECY3D06HF744R2NP46,01JZ0KZHFC2GEC175ZSKVHYGR2,2025-06-30T14:39:52.780574661Z,01JZ0KZHGXZ28TMC40NC90GVYX,2025-06-30T14:39:52.780574661Z,01JZ0M7J5WS1CYEZCS1370MV2S,2025-06-30T14:39:52.780574661Z,01JZ0M9WSQ9DM8WT39RMXP13EB,2025-06-30T14:39:52.780574661Z,01JZ0M9WXFR1P2FGPYN4BYN34C,2025-06-30T14:39:52.780574661Z
01JZ0SQ66W2A29TD47ZET5NFWH,01JZ0S9G3E1V9Y4W1M8GV3AGA9,2025-06-30T16:11:29.372850706Z,01JZ0S9G9GQDAYDBEESMGH4RA5,2025-06-30T16:11:29.372850706Z,01JZ0SHD6CSXMHY511T2SVS05J,2025-06-30T16:11:29.372850706Z,01JZ0SQ3BA4JJ0BDCF8FJ8ZX53,2025-06-30T16:11:29.372850706Z,01JZ0SQ3G36C1JSE2VHA9RAVGA,2025-06-30T16:11:29.372850706Z
01JZ0SSD7MC43RGJ7ES6G5RRYG,01JZ0S9G3E1V9Y4W1M8GV3AGA9,2025-06-30T16:12:42.100910777Z,01JZ0S9GBDE95BAEJ35DY3VGC4,2025-06-30T16:12:42.100910777Z,01JZ0SA8WBZCVQVD20ETSR9KH4,2025-06-30T16:12:42.100910777Z,01JZ0SQECM4D5XPER5PREQ6RDB,2025-06-30T16:12:42.100910777Z,01JZ0SQEKJAXEV821HYNHJ7WE2,2025-06-30T16:12:42.100910777Z
01JZ0SVH8MG1YGMV4VNTTS44SJ,01JZ0S9G3E1V9Y4W1M8GV3AGA9,2025-06-30T16:13:51.764965726Z,01JZ0S9G72AZ3MF9HASHX1PW43,2025-06-30T16:13:51.764965726Z,01JZ0SPRDFB0F6D4FXP9707JF1,2025-06-30T16:13:51.764965726Z,01JZ0SSF5TTEGA4KE9KCX2D069,2025-06-30T16:13:51.764965726Z,01JZ0SSFBKBM785PYNTX6BTW25,2025-06-30T16:13:51.764965726Z
01JZ0HE14C9J8A7144STWHV2R2,01JZ0H1K4AG17CS34Z9G9MQYDS,2025-06-30T13:46:40.652226563Z,01JZ0H1K7FV78W73P31JXQYTKA,2025-06-30T13:46:40.652226563Z,01JZ0H3TRTXRSVBAX9EY6PPX29,2025-06-30T13:46:40.652226563Z,01JZ0HC59VR7BR28QM5T4X3DVY,2025-06-30T13:46:40.652226563Z,01JZ0HC5BQ6734HYWH2QRTC602,2025-06-30T13:46:40.652226563Z
01JZ0QZVDJ457BT3XSXD5R8YFA,01JZ0QGE33ZWYV7A3256FYEZA6,2025-06-30T15:41:16.082256783Z,01JZ0QGE4MQBM7ZJEFVQMWJX02,2025-06-30T15:41:16.082256783Z,01JZ0QNHS7A9KGEH6HJK27570S,2025-06-30T15:41:16.082256783Z,01JZ0QT8D72WY9E0JR27EZFH9M,2025-06-30T15:41:16.082256783Z,01JZ0QT8JN5JZNQK35RJ316HD8,2025-06-30T15:41:16.082256783Z
01JZ0RDNQZ3B8B5DYEMP3T1082,01JZ0R44WS56B1WD5354KYAZ6V,2025-06-30T15:48:49.023663346Z,01JZ0R44YD4TQ1QQVW9H1W0WBF,2025-06-30T15:48:49.023663346Z,01JZ0R91FP4EXRX5VVWW5GSE1V,2025-06-30T15:48:49.023663346Z,01JZ0RDJ0XXCM980RFX0R86PD9,2025-06-30T15:48:49.023663346Z,01JZ0RDJDBM72ZH89Y5NBGW57F,2025-06-30T15:48:49.023663346Z
01JZ0RS456GCQCDSX1RG1QXKAK,01JZ0R44WS56B1WD5354KYAZ6V,2025-06-30T15:55:04.230177696Z,01JZ0R44ZYB02HBRR2X1W771BR,2025-06-30T15:55:04.230177696Z,01JZ0RGWMHC1M8CB466E96GPB2,2025-06-30T15:55:04.230177696Z,01JZ0RGZ593SRSST6FTS4WNPMA,2025-06-30T15:55:04.230177696Z,01JZ0RGZKN03ERPSP31WJB53CE,2025-06-30T15:55:04.230177696Z
01JZ0T33CXR06SFR0ZSEA4086P,01JZ0S9G3E1V9Y4W1M8GV3AGA9,2025-06-30T16:17:59.709114704Z,01JZ0S9G8MSQJNW9QDDX82T8EZ,2025-06-30T16:17:59.709114704Z,01JZ0SQN0MATNWGY38TW5RFDS2,2025-06-30T16:17:59.709114704Z,01JZ0T2Z6AMGE826QEXMPN0BXC,2025-06-30T16:17:59.709114704Z,01JZ0T2ZCS43Y5BZB2S8HQHMDZ,2025-06-30T16:17:59.709114704Z
01JZ0FWX5GPF4AC02Y3595YCVN,01JZ0F67X5J6SBR3095JZ2KKHQ,2025-06-30T13:19:50.960897006Z,01JZ0F67ZBCBNFH7W25EXNBXDS,2025-06-30T13:19:50.960897006Z,01JZ0FCSDW0BM8JYA02TAKKS7F,2025-06-30T13:19:50.960897006Z,01JZ0FMTGGV6JJAQHDVZPDJM1T,2025-06-30T13:19:50.960897006Z,01JZ0FMTMGGWPAX1Y51FWG6J6S,2025-06-30T13:19:50.960897006Z
01JZ0HFQ9X4XWMJBNXJB2BKJ2T,01JZ0H1K4AG17CS34Z9G9MQYDS,2025-06-30T13:47:36.125059387Z,01JZ0H1K7C3FKHJS5GP9RE7N8D,2025-06-30T13:47:36.125059387Z,01JZ0H4BNVJDAKGEAV3D5Z23CC,2025-06-30T13:47:36.125059387Z,01JZ0HA59FS77DYF0M07SAVR93,2025-06-30T13:47:36.125059387Z,01JZ0HA5DG3P3GKEND233XW4P0,2025-06-30T13:47:36.125059387Z
01JZ0PJNRPPXB9WYGZNJPZESA7,01JZ0NSN7EKS122Z238A4PF66D,2025-06-30T15:16:35.734252274Z,01JZ0NSNAYA5ZEAQVB789Y1XW2,2025-06-30T15:16:35.734252274Z,01JZ0NVYPF8E0336C41XNTMV12,2025-06-30T15:16:35.734252274Z,01JZ0PB8D9R3T5HN8CJB5DS766,2025-06-30T15:16:35.734252274Z,01JZ0PB8HZ694HG0HHDZ8Z66GT,2025-06-30T15:16:35.734252274Z
01JZ0G1EEGKXKF8RP358P5802Z,01JZ0F67X5J6SBR3095JZ2KKHQ,2025-06-30T13:22:19.728264527Z,01JZ0F67ZC5C7QZPK5TEQ23RT2,2025-06-30T13:22:19.728264527Z,01JZ0FM0QB6FQ3X7MJHB3GA7A4,2025-06-30T13:22:19.728264527Z,01JZ0FSQ4MYYKXDA7G1SSWG7Y9,2025-06-30T13:22:19.728264527Z,01JZ0FSQAP2Q67TT60RJG27X7X,2025-06-30T13:22:19.728264527Z
01JZ0MFQS5QZC73RHX6ATYT3TG,01JZ0KZHFC2GEC175ZSKVHYGR2,2025-06-30T14:40:02.341376537Z,01JZ0KZHHH6W8J7M02JDFMAQF5,2025-06-30T14:40:02.341376537Z,01JZ0M37T5B6J4TKCZ2030N8JQ,2025-06-30T14:40:02.341376537Z,01JZ0MA57G6F6CZSS6TXQYY4X3,2025-06-30T14:40:02.341376537Z,01JZ0MA5D9NCX4DEB44ARNCQNX,2025-06-30T14:40:02.341376537Z
01JZ0MMMSE4EZ3EPETN0GYPKEC,01JZ0KZHFC2GEC175ZSKVHYGR2,2025-06-30T14:42:43.118439349Z,01JZ0KZHH6W8XDVC696R9C92DG,2025-06-30T14:42:43.118439349Z,01JZ0M76DS1TB5AKS0JTGGKM42,2025-06-30T14:42:43.118439349Z,01JZ0MCKA2QW8DXTAC6G4N5FMF,2025-06-30T14:42:43.118439349Z,01JZ0MCKH6P5ETQ69Q6XVACMYV,2025-06-30T14:42:43.118439349Z
01JZ0P806KKZJX5K432C0KP9DK,01JZ0NSN7EKS122Z238A4PF66D,2025-06-30T15:10:45.971634704Z,01JZ0NSNACQB6FV8GE0XS7JKF9,2025-06-30T15:10:45.971634704Z,01JZ0M79979MVE3M2PF579XFD7,2025-06-30T15:10:45.971634704Z,01JZ0P7YKZ0DJ4DJ00YYG0YM4V,2025-06-30T15:10:45.971634704Z,01JZ0P7YPV7TWCE3QD95AP24MA,2025-06-30T15:10:45.971634704Z
01JZ0PC1KVE8JK4FT5GBE9Y4CH,01JZ0NSN7EKS122Z238A4PF66D,2025-06-30T15:12:58.49201769Z,01JZ0NSNC1W3B8HBKV7A156B13,2025-06-30T15:12:58.49201769Z,01JZ0P0DBN2YTW4V5ATZNQEJS0,2025-06-30T15:12:58.49201769Z,01JZ0P49CNEX4XX07TQK7X10ZW,2025-06-30T15:12:58.49201769Z,01JZ0P49WEV605HBY9ETV54ZTE,2025-06-30T15:12:58.49201769Z
01JZ0QK4ZDF826BAYXE78VW3WW,01JZ0Q0CTMMAVY329HW6Z84SYY,2025-06-30T15:34:19.88520559Z,01JZ0Q0CX32Y5M8NZMVY0C598C,2025-06-30T15:34:19.88520559Z,01JZ0QBZWYQ3QPQ15CPJ83RQEA,2025-06-30T15:34:19.88520559Z,01JZ0QDJJNPEJ5YZK89YN764ZV,2025-06-30T15:34:19.88520559Z,01JZ0QDJNPFM40F9X4P2AW9QRA,2025-06-30T15:34:19.88520559Z
01JZ0HNXG6G0H0R9XXPJZH418S,01JZ0H1K4AG17CS34Z9G9MQYDS,2025-06-30T13:50:59.078471442Z,01JZ0H1K6XDYNJQ07N0KM3P1VX,2025-06-30T13:50:59.078471442Z,01JZ0HFZWZFDMFBRJWKXV4DXH9,2025-06-30T13:50:59.078471442Z,01JZ0HJ6JG98XAP0W3RSSFXRZE,2025-06-30T13:50:59.078471442Z,01JZ0HJ6QJXWQWXHSXNVERZ648,2025-06-30T13:50:59.078471442Z
01JZ0FS8RZ724TWWKSYXP20JGD,01JZ0F67X5J6SBR3095JZ2KKHQ,2025-06-30T13:17:51.775394837Z,01JZ0F67ZJJG6P50PFSVWKXYA5,2025-06-30T13:17:51.775394837Z,01JZ0FBBRPZEFPK4TTVDKWZ7HA,2025-06-30T13:17:51.775394837Z,01JZ0FHJQ14NKNJP8JV6J9ESSW,2025-06-30T13:17:51.775394837Z,01JZ0FHJVYPZFFCQWCDMWPFDRT,2025-06-30T13:17:51.775394837Z
01JZ0G148Q8BF897KS9CBNQGT8,01JZ0F67X5J6SBR3095JZ2KKHQ,2025-06-30T13:22:09.303254798Z,01JZ0F67ZC5C7QZPK5TEQ23RT2,2025-06-30T13:22:09.303254798Z,01JZ0FBW1M5PKMMEKBNN3362X7,2025-06-30T13:22:09.303254798Z,01JZ0FSQ4V25AWYKGJJ1ZAK9SV,2025-06-30T13:22:09.303254798Z,01JZ0FSQ9F33C4Z9DTR6THNFVH,2025-06-30T13:22:09.303254798Z
01JZ0JY5VTE92A038JZ6DMFQK9,01JZ0JJRG62BDVPN4H0KJ2XPWK,2025-06-30T14:12:58.362081642Z,01JZ0JJRKVJXBJGVYTJ6TBMBFM,2025-06-30T14:12:58.362081642Z,01JZ0JN9702Q6F60B6DGZMFR8D,2025-06-30T14:12:58.362081642Z,01JZ0JW9G1715DA28FHK9V31XS,2025-06-30T14:12:58.362081642Z,01JZ0JW9K2TZ95K0T7FJ60HKEB,2025-06-30T14:12:58.362081642Z
01JZ0JYYXSX183X8BB081PHNHQ,01JZ0JJRG62BDVPN4H0KJ2XPWK,2025-06-30T14:13:24.025715264Z,01JZ0JJRK7MTN7FAC1224V82KC,2025-06-30T14:13:24.025715264Z,01JZ0JMRZCYKKS11NMJE3Z1M2V,2025-06-30T14:13:24.025715264Z,01JZ0JYWSMTN9F477ZHXCCB59Z,2025-06-30T14:13:24.025715264Z,01JZ0JYWYZ6Q7WZ6X1CBK7Y7D8,2025-06-30T14:13:24.025715264Z
01JZ0MGAN8FGY02FEGJQRVW99W,01JZ0KZHFC2GEC175ZSKVHYGR2,2025-06-30T14:40:21.672475823Z,01JZ0KZHH6W8XDVC696R9C92DG,2025-06-30T14:40:21.672475823Z,01JZ0M20DM4T4V1KVQ5EQ5SJCQ,2025-06-30T14:40:21.672475823Z,01JZ0MCKBEDXBCTH25HMPCZETY,2025-06-30T14:40:21.672475823Z,01JZ0MCKDWQ4DAS4BZSTHFFHJY,2025-06-30T14:40:21.672475823Z
01JZ0QBRGPTWXFXE72S8F2HJNV,01JZ0Q0CTMMAVY329HW6Z84SYY,2025-06-30T15:30:17.751021715Z,01JZ0Q0CWNKJYDS4SW61Q7VTQN,2025-06-30T15:30:17.751021715Z,01JZ0Q34G646SES1NVXEJX3VR4,2025-06-30T15:30:17.751021715Z,01JZ0Q80XG0NQQZWZ0ZS4K2WB4,2025-06-30T15:30:17.751021715Z,01JZ0Q811D5KFHEHN6QYQG3E12,2025-06-30T15:30:17.751021715Z
01JZ0SYAQ0KMFAA3SDM4BPK9BF,01JZ0S9G3E1V9Y4W1M8GV3AGA9,2025-06-30T16:15:23.360100201Z,01JZ0S9G7VJHRZZRV1KXAXAXSY,2025-06-30T16:15:23.360100201Z,01JZ0SG74N5JZ3XSFK40RQAATP,2025-06-30T16:15:23.360100201Z,01JZ0SP4FYNVSR1Y0MSZTVTAK7,2025-06-30T16:15:23.360100201Z,01JZ0SP4VWCZKAZMP3V7AYSEPJ,2025-06-30T16:15:23.360100201Z
01JZ0FRYHYPTA43CZE3GPF7CD5,01JZ0F67X5J6SBR3095JZ2KKHQ,2025-06-30T13:17:41.310899503Z,01JZ0F67ZJJG6P50PFSVWKXYA5,2025-06-30T13:17:41.310899503Z,01JZ0FB6X6QBV3E81R532SKN28,2025-06-30T13:17:41.310899503Z,01JZ0FHJQ6GWV3TAVSHME3WGHN,2025-06-30T13:17:41.310899503Z,01JZ0FHJV7ZZD2TA9N2MMMMF3P,2025-06-30T13:17:41.310899503Z
01JZ0G1RNCMNHH4FZ6RTFWV2ZX,01JZ0F67X5J6SBR3095JZ2KKHQ,2025-06-30T13:22:30.188598272Z,01JZ0F67Z8B8A42G6Y5XQ0NS83,2025-06-30T13:22:30.188598272Z,01JZ0FE684K4966TB954TX4AR0,2025-06-30T13:22:30.188598272Z,01JZ0FW5GZ8NR8PVKBDD2P70TS,2025-06-30T13:22:30.188598272Z,01JZ0FW5RBJNNA3GJTC4NQK0WN,2025-06-30T13:22:30.188598272Z
01JZ0HJ7RCTEC01V33AK79VMWP,01JZ0H1K4AG17CS34Z9G9MQYDS,2025-06-30T13:48:58.508621644Z,01JZ0H1K6XDYNJQ07N0KM3P1VX,2025-06-30T13:48:58.508621644Z,01JZ0H3GSTCWHNYC00C4GV6RFB,2025-06-30T13:48:58.508621644Z,01JZ0HJ6K11Z8FWV5RSGTBTV5K,2025-06-30T13:48:58.508621644Z,01JZ0HJ6P468K32NC8V625WG3J,2025-06-30T13:48:58.508621644Z
01JZ0Q9XP2ZVW29A8TRGKCAPF2,01JZ0Q0CTMMAVY329HW6Z84SYY,2025-06-30T15:29:17.506044767Z,01JZ0Q0CWNKJYDS4SW61Q7VTQN,2025-06-30T15:29:17.506044767Z,01JZ0Q3X4Y9GSG0Q4TV0TG6S7T,2025-06-30T15:29:17.506044767Z,01JZ0Q80XG0NQQZWZ0ZS4K2WB4,2025-06-30T15:29:17.506044767Z,01JZ0Q8112K27NTWSCXYW8ZS8G,2025-06-30T15:29:17.506044767Z
01JZ0QNA7XTNBS5NN17FH0AHSE,01JZ0Q0CTMMAVY329HW6Z84SYY,2025-06-30T15:35:30.813469765Z,01JZ0Q0CX32Y5M8NZMVY0C598C,2025-06-30T15:35:30.813469765Z,01JZ0QBZWYQ3QPQ15CPJ83RQEA,2025-06-30T15:35:30.813469765Z,01JZ0QDJHQJDYMGBWSK600715P,2025-06-30T15:35:30.813469765Z,01JZ0QDJR0GZNPFGCZ89K3XVSM,2025-06-30T15:35:30.813469765Z
01JZ0FSKG08R7BN1985FGQ3XMN,01JZ0F67X5J6SBR3095JZ2KKHQ,2025-06-30T13:18:02.752586385Z,01JZ0F67Z228X9RHKVM8F1277D,2025-06-30T13:18:02.752586385Z,01JZ0FAY5RV9X0EF0X32G9N72E,2025-06-30T13:18:02.752586385Z,01JZ0FJ6PYSXW0RMHQBBYC476P,2025-06-30T13:18:02.752586385Z,01JZ0FJ6TWDNSF34ATV5J2S7NN,2025-06-30T13:18:02.752586385Z
01JZ0FWY2KPY179HXANTCXSX2P,01JZ0F67X5J6SBR3095JZ2KKHQ,2025-06-30T13:19:51.891206662Z,01JZ0F67ZNGQ7M2D3G3M0R8ZTD,2025-06-30T13:19:51.891206662Z,01JZ0FBTJXMW2AK8YMAJ7FJR7V,2025-06-30T13:19:51.891206662Z,01JZ0FNH5JM56R47WYFZY5YGET,2025-06-30T13:19:51.891206662Z,01JZ0FNH8JTFRHTVE0T8ATDXP8,2025-06-30T13:19:51.891206662Z
01JZ0RHBX8M8NTPXSRT36D8JKK,01JZ0R44WS56B1WD5354KYAZ6V,2025-06-30T15:50:50.024184094Z,01JZ0R44YD4TQ1QQVW9H1W0WBF,2025-06-30T15:50:50.024184094Z,01JZ0R748N2WK8HNRR37DG296Z,2025-06-30T15:50:50.024184094Z,01JZ0RDJ2QCC6HCJTXVC1C06TR,2025-06-30T15:50:50.024184094Z,01JZ0RDJM25BZH2YGY0HJ1XJB1,2025-06-30T15:50:50.024184094Z
01JZ0TS57C4G7AJ3CF6AAH741V,01JZ0T594M7DT83RJMYEJDT186,2025-06-30T16:30:02.476674367Z,01JZ0T59780CP4Z1F2CEHFDNAC,2025-06-30T16:30:02.476674367Z,01JZ0T99WGNY3W44R5KQDMRP3G,2025-06-30T16:30:02.476674367Z,01JZ0TGXDPTSYQ41GE8NZP8MSC,2025-06-30T16:30:02.476674367Z,01JZ0TGXTBKKGXB6YWKCZYWHWX,2025-06-30T16:30:02.476674367Z
01JZ0FS8S5JS1HSD9B9P91F1K6,01JZ0F67X5J6SBR3095JZ2KKHQ,2025-06-30T13:17:51.781609433Z,01JZ0F67ZJJG6P50PFSVWKXYA5,2025-06-30T13:17:51.781609433Z,01JZ0FB6X6QBV3E81R532SKN28,2025-06-30T13:17:51.781609433Z,01JZ0FHJQ14NKNJP8JV6J9ESSW,2025-06-30T13:17:51.781609433Z,01JZ0FHJVYPZFFCQWCDMWPFDRT,2025-06-30T13:17:51.781609433Z
01JZ0SS28AD29FBJ01EY79S8HR,01JZ0S9G3E1V9Y4W1M8GV3AGA9,2025-06-30T16:12:30.8583783Z,01JZ0S9G69Y1BMBR3KZBCDH0XZ,2025-06-30T16:12:30.8583783Z,01JZ0SH0EC9KQV6Q30W20S8FQ8,2025-06-30T16:12:30.8583783Z,01JZ0SN4RKR0FK21YDZFG99ED0,2025-06-30T16:12:30.8583783Z,01JZ0SN5CH2Z5V6Q7MGZ1FH50J,2025-06-30T16:12:30.8583783Z
01JZ0VG6V3HZAYP48EWD206DMQ,01JZ0TXM4HA3Q8P6D6TPYYS7R3,2025-06-30T16:42:37.795964418Z,01JZ0TXMAAZJ4VJWA2WTVHG174,2025-06-30T16:42:37.795964418Z,01JZ0V0B0MDT5H6NJ7F2TZ5E0T,2025-06-30T16:42:37.795964418Z,01JZ0V8M7779BC73EQFC7W4Q4A,2025-06-30T16:42:37.795964418Z,01JZ0V8MHVSR2MS7X28YM342BV,2025-06-30T16:42:37.795964418Z
01JZ0QFF9B004JHRZ8R3730SGW,01JZ0Q0CTMMAVY329HW6Z84SYY,2025-06-30T15:32:19.371420637Z,01JZ0Q0CX32Y5M8NZMVY0C598C,2025-06-30T15:32:19.371420637Z,01JZ0Q1XK4W03P06KT3W3H02FD,2025-06-30T15:32:19.371420637Z,01JZ0QDJJNPEJ5YZK89YN764ZV,2025-06-30T15:32:19.371420637Z,01JZ0QDJMX8YN2FJ0XBPVCQTTS,2025-06-30T15:32:19.371420637Z
01JZ0HG02J7FTG4FPMWNFAXS0F,01JZ0H1K4AG17CS34Z9G9MQYDS,2025-06-30T13:47:45.106956519Z,01JZ0H1K7A7HBJ5WZC7T99GVBX,2025-06-30T13:47:45.106956519Z,01JZ0H45W0M8M5CSQ69GQ678PR,2025-06-30T13:47:45.106956519Z,01JZ0HAECPB75NSKW408592PHJ,2025-06-30T13:47:45.106956519Z,01JZ0HAEH395D6B5VQGN4GAJ8K,2025-06-30T13:47:45.106956519Z
01JZ0MA70KMPT647E2G4KECSYH,01JZ0KZHFC2GEC175ZSKVHYGR2,2025-06-30T14:37:01.331299214Z,01JZ0KZHHH6W8J7M02JDFMAQF5,2025-06-30T14:37:01.331299214Z,01JZ0M1F3F18ZRH41SFFXNC5Z8,2025-06-30T14:37:01.331299214Z,01JZ0MA574X9M9M5C7JRDZ3A20,2025-06-30T14:37:01.331299214Z,01JZ0MA5A9RHJ12XEVTB3XWF7R,2025-06-30T14:37:01.331299214Z
01JZ0P66WQXAX1H10GS8H2PW19,01JZ0NSN7EKS122Z238A4PF66D,2025-06-30T15:09:47.287487078Z,01JZ0NSNC1W3B8HBKV7A156B13,2025-06-30T15:09:47.287487078Z,01JZ0NTCE2X78Q76YGQBCA3DW3,2025-06-30T15:09:47.287487078Z,01JZ0P49FFMBGZM8VGX8RR699K,2025-06-30T15:09:47.287487078Z,01JZ0P49MXQF3N5WGQ72S23SRA,2025-06-30T15:09:47.287487078Z
01JZ0QK4XRBJ2HX5N5EBQXSBXS,01JZ0Q0CTMMAVY329HW6Z84SYY,2025-06-30T15:34:19.832684836Z,01JZ0Q0CX32Y5M8NZMVY0C598C,2025-06-30T15:34:19.832684836Z,01JZ0Q1XK4W03P06KT3W3H02FD,2025-06-30T15:34:19.832684836Z,01JZ0QDJJNPEJ5YZK89YN764ZV,2025-06-30T15:34:19.832684836Z,01JZ0QDJNPFM40F9X4P2AW9QRA,2025-06-30T15:34:19.832684836Z
01JZ0SYXHDPFQ23E3KAZ2FRQ5C,01JZ0S9G3E1V9Y4W1M8GV3AGA9,2025-06-30T16:15:42.637235763Z,01JZ0S9G9GQDAYDBEESMGH4RA5,2025-06-30T16:15:42.637235763Z,01JZ0SBEC2RYDPHTJZRV8KRQ54,2025-06-30T16:15:42.637235763Z,01JZ0SQ3DBEVRM9PRM588Y44AB,2025-06-30T16:15:42.637235763Z,01JZ0SQ3RJAWHT2K2KFJRJWXW2,2025-06-30T16:15:42.637235763Z
01JZ0FMBHN2FSF7VC13NKP4G79,01JZ0F67X5J6SBR3095JZ2KKHQ,2025-06-30T13:15:10.773460929Z,01JZ0F67ZMW5MYVAMRDCKET4QV,2025-06-30T13:15:10.773460929Z,01JZ0FAE5RJ1QVP6VAA70BSQ0P,2025-06-30T13:15:10.773460929Z,01JZ0FETS8ER9G1DS9D9GHXGJ5,2025-06-30T13:15:10.773460929Z,01JZ0FETTRYWNQCHHZRR5GKR7V,2025-06-30T13:15:10.773460929Z
01JZ0FWY1ADE8099SQ1RY707GV,01JZ0F67X5J6SBR3095JZ2KKHQ,2025-06-30T13:19:51.850553476Z,01JZ0F67ZNGQ7M2D3G3M0R8ZTD,2025-06-30T13:19:51.850553476Z,01JZ0FF2AESZYBEQBJZKV45YWJ,2025-06-30T13:19:51.850553476Z,01JZ0FNH5JM56R47WYFZY5YGET,2025-06-30T13:19:51.850553476Z,01JZ0FNH8JTFRHTVE0T8ATDXP8,2025-06-30T13:19:51.850553476Z
01JZ0K6SSN6MZ8HNZ5QE0VSWZZ,01JZ0JJRG62BDVPN4H0KJ2XPWK,2025-06-30T14:17:40.917803706Z,01JZ0JJRKH7XD764W2MEEG7PFH,2025-06-30T14:17:40.917803706Z,01JZ0JNPB8GHT0X464XPMVEBH9,2025-06-30T14:17:40.917803706Z,01JZ0JZD8JXKMQQW9WMSBKBY23,2025-06-30T14:17:40.917803706Z,01JZ0JZDBZ99Q253HVMEA4FN37,2025-06-30T14:17:40.917803706Z
01JZ0MRQ63Y3ZNFS3K5WBQVZHK,01JZ0KZHFC2GEC175ZSKVHYGR2,2025-06-30T14:44:56.643260047Z,01JZ0KZHHC2JQ9380R79DSYF93,2025-06-30T14:44:56.643260047Z,01JZ0M77CJKQQW7ZQ7XMJWJS44,2025-06-30T14:44:56.643260047Z,01JZ0MGP15FSE96N0S4HMPWP30,2025-06-30T14:44:56.643260047Z,01JZ0MGP9HGYG69ZB0R1F9AXKZ,2025-06-30T14:44:56.643260047Z
01JZ0NNQ5WP9ZBCZNZM8281SAJ,01JZ0N9PMZHSN31DAQRPMDQCYE,2025-06-30T15:00:46.908685107Z,01JZ0N9PQHD06TCBXAQZTT3H76,2025-06-30T15:00:46.908685107Z,01JZ0NDAQP6PMG8NAJBA9WP4GZ,2025-06-30T15:00:46.908685107Z,01JZ0NKT353JX7TDZWFQNH8NHN,2025-06-30T15:00:46.908685107Z,01JZ0NKT71AJ0HAAWPFJFJHFVG,2025-06-30T15:00:46.908685107Z
01JZ0QK4Y44DQC11Q7329CSCH7,01JZ0Q0CTMMAVY329HW6Z84SYY,2025-06-30T15:34:19.844373987Z,01JZ0Q0CX32Y5M8NZMVY0C598C,2025-06-30T15:34:19.844373987Z,01JZ0QAC7E48R8DA1R24NC5BN7,2025-06-30T15:34:19.844373987Z,01JZ0QDJJNPEJ5YZK89YN764ZV,2025-06-30T15:34:19.844373987Z,01JZ0QDJNPFM40F9X4P2AW9QRA,2025-06-30T15:34:19.844373987Z
01JZ0SQ72NKF58DFSNJRDX72E7,01JZ0S9G3E1V9Y4W1M8GV3AGA9,2025-06-30T16:11:30.261398596Z,01JZ0S9G69Y1BMBR3KZBCDH0XZ,2025-06-30T16:11:30.261398596Z,01JZ0SFBWH5DH0RBKQRJ6TWQK5,2025-06-30T16:11:30.261398596Z,01JZ0SN4RKR0FK21YDZFG99ED0,2025-06-30T16:11:30.261398596Z,01JZ0SN5AP1JHK5HQF6BX6GR4C,2025-06-30T16:11:30.261398596Z
01JZ0VC5AGGKZTDRNJRA514H4H,01JZ0TXM4HA3Q8P6D6TPYYS7R3,2025-06-30T16:40:25.168337992Z,01JZ0TXMB9EHVXHHHV3J3SQY3A,2025-06-30T16:40:25.168337992Z,01JZ0VA8DK4TAWTT8THNTNJ1SW,2025-06-30T16:40:25.168337992Z,01JZ0VC1QSQA1K66QVJ6HEYCX9,2025-06-30T16:40:25.168337992Z,01JZ0VC1ZHER2X52389RF6FEVA,2025-06-30T16:40:25.168337992Z
01JZ0FKDDANJBED0SZY2Y80X11,01JZ0F67X5J6SBR3095JZ2KKHQ,2025-06-30T13:14:39.914054501Z,01JZ0F67Z61XNM528ZD36RPYGY,2025-06-30T13:14:39.914054501Z,01JZ0FH3F6YRBD215BZDRB0NFG,2025-06-30T13:14:39.914054501Z,01JZ0FHHX23ZVHNKQQRRSX500X,2025-06-30T13:14:39.914054501Z,01JZ0FHHZZ9892CX6GDJA31V1J,2025-06-30T13:14:39.914054501Z
01JZ0FQNR9SR5PJQPCBGJRN9PE,01JZ0F67X5J6SBR3095JZ2KKHQ,2025-06-30T13:16:59.529790066Z,01JZ0F67ZPF4121D8VQV580KT1,2025-06-30T13:16:59.529790066Z,01JZ0FAETV0DGAJW6J3NP3S5YD,2025-06-30T13:16:59.529790066Z,01JZ0FG9XBQAYQZBJ6CQQ423B0,2025-06-30T13:16:59.529790066Z,01JZ0FG9ZK1PD515ASG48E218C,2025-06-30T13:16:59.529790066Z
01JZ0FXBHTGTX90YPV3BEACQDW,01JZ0F67X5J6SBR3095JZ2KKHQ,2025-06-30T13:20:05.690664326Z,01JZ0F67Z9QH00F8GAXY086HB5,2025-06-30T13:20:05.690664326Z,01JZ0FJ2J3KAWY8R383XNHY1BP,2025-06-30T13:20:05.690664326Z,01JZ0FNMGQ5DPDKWZXXZ5M1790,2025-06-30T13:20:05.690664326Z,01JZ0FNMR5G6GYR0X5ND95B7MG,2025-06-30T13:20:05.690664326Z
01JZ0FXXA14PX1BNJJ7S8SSYWE,01JZ0F67X5J6SBR3095JZ2KKHQ,2025-06-30T13:20:23.873383856Z,01JZ0F67ZNGQ7M2D3G364WEKWP,2025-06-30T13:20:23.873383856Z,01JZ0FCYEY48D81TQPYGM7BEH5,2025-06-30T13:20:23.873383856Z,01JZ0FPGCJ1Z8BH45CM0BESKJ2,2025-06-30T13:20:23.873383856Z,01JZ0FPGJA1NQQ490FC903YNFJ,2025-06-30T13:20:23.873383856Z
01JZ0K6SV2P4857EYV3W6DCSF0,01JZ0JJRG62BDVPN4H0KJ2XPWK,2025-06-30T14:17:40.96252625Z,01JZ0JJRKH7XD764W2MEEG7PFH,2025-06-30T14:17:40.96252625Z,01JZ0JQ6ANMHGHRRYJ704S1ZBR,2025-06-30T14:17:40.96252625Z,01JZ0JZD8JXKMQQW9WMSBKBY23,2025-06-30T14:17:40.96252625Z,01JZ0JZDBZ99Q253HVMEA4FN37,2025-06-30T14:17:40.96252625Z
01JZ0MHKHX0MRJCYHNPHQHYGRV,01JZ0KZHFC2GEC175ZSKVHYGR2,2025-06-30T14:41:03.550017533Z,01JZ0KZHGXZ28TMC40NC90GVYX,2025-06-30T14:41:03.550017533Z,01JZ0M51W4TR1XT98HK5JRZZMZ,2025-06-30T14:41:03.550017533Z,01JZ0M9WV26RA4QFGDHG065E08,2025-06-30T14:41:03.550017533Z,01JZ0M9WZBAF97PK4P0YQCJBFZ,2025-06-30T14:41:03.550017533Z
01JZ0Q1D2V5PDB8CQ4WFA4N84R,01JZ0PDFE8X2A24VZSJDD0T2BH,2025-06-30T15:24:38.363181294Z,01JZ0PDFG0TZHQMJ413RSFKXP4,2025-06-30T15:24:38.363181294Z,01JZ0PK0DZKRC734RSACJ85GGV,2025-06-30T15:24:38.363181294Z,01JZ0PSBA2ZJCB1FT0JNH91FDN,2025-06-30T15:24:38.363181294Z,01JZ0PSBGSTEBRN90P0B4ZDJKV,2025-06-30T15:24:38.363181294Z
01JZ0RRSBR6D82AH3CMF1WDQAA,01JZ0R44WS56B1WD5354KYAZ6V,2025-06-30T15:54:53.176970718Z,01JZ0R44ZYB02HBRR2X1W771BR,2025-06-30T15:54:53.176970718Z,01JZ0R650HM6CA46MBYW3JYRJ9,2025-06-30T15:54:53.176970718Z,01JZ0RGZ4NQMBZCSQXT34ACNPZ,2025-06-30T15:54:53.176970718Z,01JZ0RGZHF6AJNRNSC36Q29ZFQ,2025-06-30T15:54:53.176970718Z
01JZ0FKSGR57NMZNJJYAYATWYH,01JZ0F67X5J6SBR3095JZ2KKHQ,2025-06-30T13:14:52.312632742Z,01JZ0F67ZGT4J2NC89JRSKF93F,2025-06-30T13:14:52.312632742Z,01JZ0FCYY4QGD4A8984C3YPRN7,2025-06-30T13:14:52.312632742Z,01JZ0FHY0FF9TVSRZETCEYCTMP,2025-06-30T13:14:52.312632742Z,01JZ0FHY24PA1R5QHATJEKN4PQ,2025-06-30T13:14:52.312632742Z
01JZ0FHKBTE2D6SV8X6SY2MTJ4,01JZ0F67X5J6SBR3095JZ2KKHQ,2025-06-30T13:13:40.474430331Z,01JZ0F67ZJJG6P50PFSVWKXYA5,2025-06-30T13:13:40.474430331Z,01JZ0FBBRPZEFPK4TTVDKWZ7HA,2025-06-30T13:13:40.474430331Z,01JZ0FHJQAXDE33BTF4PR5DHYN,2025-06-30T13:13:40.474430331Z,01JZ0FHJQTAVZDAJ3YWNVQ8YDV,2025-06-30T13:13:40.474430331Z
01JZ0FTBJTANM7T1RB165YRVT2,01JZ0F67X5J6SBR3095JZ2KKHQ,2025-06-30T13:18:27.418605222Z,01JZ0F67ZBCBNFH7W25EXNBXDS,2025-06-30T13:18:27.418605222Z,01JZ0FBJYV0GPQR4A1052RSJR7,2025-06-30T13:18:27.418605222Z,01JZ0FMTH61B85RYBN11B94K2X,2025-06-30T13:18:27.418605222Z,01JZ0FMTJP1X31M568THSCTWW6,2025-06-30T13:18:27.418605222Z
01JZ0FW8GBS411M3WXXT0QZX7T,01JZ0F67X5J6SBR3095JZ2KKHQ,2025-06-30T13:19:29.80372893Z,01JZ0F67ZBCBNFH7W25EXNBXDS,2025-06-30T13:19:29.80372893Z,01JZ0FBD0TN42Y2KGV31RR9FES,2025-06-30T13:19:29.80372893Z,01JZ0FMTGZY646GWBYFVGKPH1H,2025-06-30T13:19:29.80372893Z,01JZ0FMTK7E6CGE3FCKXAWJPXM,2025-06-30T13:19:29.80372893Z
01JZ0H8N0XZ7DCSPPSFETJ5C73,01JZ0H1K4AG17CS34Z9G9MQYDS,2025-06-30T13:43:44.413612714Z,01JZ0H1K6THHEJQ855QF7WP6P1,2025-06-30T13:43:44.413612714Z,01JZ0H3KVYK2WH1VQVZ8KDFR0N,2025-06-30T13:43:44.413612714Z,01JZ0H8M6D9SVDR1575RSHA4RY,2025-06-30T13:43:44.413612714Z,01JZ0H8M8669S9MXGH73FRDPD6,2025-06-30T13:43:44.413612714Z
01JZ0HFQ9HS3441PXFFXD363ZM,01JZ0H1K4AG17CS34Z9G9MQYDS,2025-06-30T13:47:36.113834485Z,01JZ0H1K7C3FKHJS5GP9RE7N8D,2025-06-30T13:47:36.113834485Z,01JZ0H6K2HFSCPNFH59C03RZVV,2025-06-30T13:47:36.113834485Z,01JZ0HA59FS77DYF0M07SAVR93,2025-06-30T13:47:36.113834485Z,01JZ0HA5DG3P3GKEND233XW4P0,2025-06-30T13:47:36.113834485Z
01JZ0RKGACNT81W177ZEA5XDFX,01JZ0R44WS56B1WD5354KYAZ6V,2025-06-30T15:52:00.076965194Z,01JZ0R450A0M8Q4QC968ZVRS9H,2025-06-30T15:52:00.076965194Z,01JZ0R9QCHAWV30C13DYNCKKAJ,2025-06-30T15:52:00.076965194Z,01JZ0RFNY7CAK7Q2XWPCT4A1FS,2025-06-30T15:52:00.076965194Z,01JZ0RFP6TS1VM831H7YBVG7QF,2025-06-30T15:52:00.076965194Z
01JZ0SVH75RX727P2T1D3RCNB2,01JZ0S9G3E1V9Y4W1M8GV3AGA9,2025-06-30T16:13:51.717246197Z,01JZ0S9G72AZ3MF9HASHX1PW43,2025-06-30T16:13:51.717246197Z,01JZ0SHJF35Z3VHRZEEB8TRRCR,2025-06-30T16:13:51.717246197Z,01JZ0SSF5TTEGA4KE9KCX2D069,2025-06-30T16:13:51.717246197Z,01JZ0SSFBKBM785PYNTX6BTW25,2025-06-30T16:13:51.717246197Z
01JZ0FGAG5R0HHXZY6ZAZ7GCTK,01JZ0F67X5J6SBR3095JZ2KKHQ,2025-06-30T13:12:58.629255491Z,01JZ0F67ZPF4121D8VQV580KT1,2025-06-30T13:12:58.629255491Z,01JZ0FAETV0DGAJW6J3NP3S5YD,2025-06-30T13:12:58.629255491Z,01JZ0FG9X87DVV75FVN306TBKR,2025-06-30T13:12:58.629255491Z,01JZ0FG9Y42XRBQ8T7SKWRVM7Z,2025-06-30T13:12:58.629255491Z
01JZ0VCT7NWYJH7E8Z215HHN5V,01JZ0TXM4HA3Q8P6D6TPYYS7R3,2025-06-30T16:40:46.582018098Z,01JZ0TXM7C18DJWS688K2WH576,2025-06-30T16:40:46.582018098Z,01JZ0V2DYNG9H8Y855B84GV7Y8,2025-06-30T16:40:46.582018098Z,01JZ0V8ZQZFAA3Z4NYN9H5S8FG,2025-06-30T16:40:46.582018098Z,01JZ0V9013X6FEV8W9454Y02MT,2025-06-30T16:40:46.582018098Z
01JZ0FYHH0AHA1RW274NE3ZER1,01JZ0F67X5J6SBR3095JZ2KKHQ,2025-06-30T13:20:44.577005839Z,01JZ0F67ZNGQ7M2D3G364WEKWP,2025-06-30T13:20:44.577005839Z,01JZ0FKQ7AX8YHTTQGW1AQZB94,2025-06-30T13:20:44.577005839Z,01JZ0FPGB2RBFHA2C330T8B79V,2025-06-30T13:20:44.577005839Z,01JZ0FPGN1B4FQ01WXZBS6S5D9,2025-06-30T13:20:44.577005839Z
01JZ0HE151DC9121NEW97CNMC8,01JZ0H1K4AG17CS34Z9G9MQYDS,2025-06-30T13:46:40.673819961Z,01JZ0H1K7FV78W73P31JXQYTKA,2025-06-30T13:46:40.673819961Z,01JZ0H4KADAPWGV6ZSDZSCPDP8,2025-06-30T13:46:40.673819961Z,01JZ0HC59VR7BR28QM5T4X3DVY,2025-06-30T13:46:40.673819961Z,01JZ0HC5BQ6734HYWH2QRTC602,2025-06-30T13:46:40.673819961Z
01JZ0HHJ6Y3E7YYXQEQ2QJ8E6Y,01JZ0H1K4AG17CS34Z9G9MQYDS,2025-06-30T13:48:36.446957395Z,01JZ0H1K7C3FKHJS5GP9RE7N8D,2025-06-30T13:48:36.446957395Z,01JZ0H6K2HFSCPNFH59C03RZVV,2025-06-30T13:48:36.446957395Z,01JZ0HA59V3NE6VY9CA10KJMRQ,2025-06-30T13:48:36.446957395Z,01JZ0HA5F8CF1JSFYZF52YSX10,2025-06-30T13:48:36.446957395Z
01JZ0FX1EDFSJ51BV6QEG1P3XH,01JZ0F67X5J6SBR3095JZ2KKHQ,2025-06-30T13:19:55.341462786Z,01JZ0F67Z9QH00F8GAXY086HB5,2025-06-30T13:19:55.341462786Z,01JZ0FJ2J3KAWY8R383XNHY1BP,2025-06-30T13:19:55.341462786Z,01JZ0FNMH15E37EP3N80EBJ48P,2025-06-30T13:19:55.341462786Z,01JZ0FNMPSH9P0DAHTKX2G6Q21,2025-06-30T13:19:55.341462786Z
01JZ0RR2WSMWHFMCHTSGETMS5E,01JZ0R44WS56B1WD5354KYAZ6V,2025-06-30T15:54:30.169318315Z,01JZ0R450M24K8ZS9F18EDTFG6,2025-06-30T15:54:30.169318315Z,01JZ0R9WHEP7DQXPA3V8WPWJ9W,2025-06-30T15:54:30.169318315Z,01JZ0RFVBFFNRKJT9EHEAYC485,2025-06-30T15:54:30.169318315Z,01JZ0RFVWN170CBGHE0CV24TPX,2025-06-30T15:54:30.169318315Z
01JZ0SSDHNWM391CER94J320J5,01JZ0S9G3E1V9Y4W1M8GV3AGA9,2025-06-30T16:12:42.42168418Z,01JZ0S9GBDE95BAEJ35DY3VGC4,2025-06-30T16:12:42.42168418Z,01JZ0SEY1R1NKY7QYBNSN52N16,2025-06-30T16:12:42.42168418Z,01JZ0SQECM4D5XPER5PREQ6RDB,2025-06-30T16:12:42.42168418Z,01JZ0SQEKJAXEV821HYNHJ7WE2,2025-06-30T16:12:42.42168418Z
01JZ0SYYXJ2D5ANR8XWR0QTGJ8,01JZ0S9G3E1V9Y4W1M8GV3AGA9,2025-06-30T16:15:44.050484149Z,01JZ0S9GBDE95BAEJ35DY3VGC4,2025-06-30T16:15:44.050484149Z,01JZ0SF8Y0WXYRQ4GJQKYS7F99,2025-06-30T16:15:44.050484149Z,01JZ0SQEDMCRC0SE3ZVA9VRSZR,2025-06-30T16:15:44.050484149Z,01JZ0SQEQ0KCNG93ZTV2FW9MYQ,2025-06-30T16:15:44.050484149Z
01JZ0RK6X2NV9VA686NY6G0VRM,01JZ0R44WS56B1WD5354KYAZ6V,2025-06-30T15:51:50.434416868Z,01JZ0R44YD4TQ1QQVW9H1W0WBF,2025-06-30T15:51:50.434416868Z,01JZ0R91FP4EXRX5VVWW5GSE1V,2025-06-30T15:51:50.434416868Z,01JZ0RDJ2QCC6HCJTXVC1C06TR,2025-06-30T15:51:50.434416868Z,01JZ0RDJN6N4JX59VYMCWSBW7H,2025-06-30T15:51:50.434416868Z
01JZ0FSPMYBW1P0NSRHCN5NF32,01JZ0F67X5J6SBR3095JZ2KKHQ,2025-06-30T13:18:05.982519782Z,01JZ0F67Z745P2890BJ7Q88E3R,2025-06-30T13:18:05.982519782Z,01JZ0FHWBY15ET9EK8R00P9WW1,2025-06-30T13:18:05.982519782Z,01JZ0FHYT4VA4QBHA5DGPYP1XA,2025-06-30T13:18:05.982519782Z,01JZ0FHYX276ZPDC70THYN8CPV,2025-06-30T13:18:05.982519782Z
01JZ0FVKE28BEFNSKAVR8GSJG4,01JZ0F67X5J6SBR3095JZ2KKHQ,2025-06-30T13:19:08.226323123Z,01JZ0F67ZC5C7QZPK5TEQ23RT2,2025-06-30T13:19:08.226323123Z,01JZ0FHGYRW8Y6ZSR162NPMQGD,2025-06-30T13:19:08.226323123Z,01JZ0FSQ51351EYGBSHM59PBYH,2025-06-30T13:19:08.226323123Z,01JZ0FSQ7KV83BDG9MWWDFWGTJ,2025-06-30T13:19:08.226323123Z
01JZ0FW8F320VD1HE382C449JX,01JZ0F67X5J6SBR3095JZ2KKHQ,2025-06-30T13:19:29.763911122Z,01JZ0F67ZBCBNFH7W25EXNBXDS,2025-06-30T13:19:29.763911122Z,01JZ0FDJ7PWA5XP2271CRJKXBG,2025-06-30T13:19:29.763911122Z,01JZ0FMTGZY646GWBYFVGKPH1H,2025-06-30T13:19:29.763911122Z,01JZ0FMTK7E6CGE3FCKXAWJPXM,2025-06-30T13:19:29.763911122Z
01JZ0HGQD7V5TDFJGW24N27H20,01JZ0H1K4AG17CS34Z9G9MQYDS,2025-06-30T13:48:08.999951794Z,01JZ0H1K7KVN4Q30DF0C4SZNQW,2025-06-30T13:48:08.999951794Z,01JZ0H4DCRMZ62SRWSFKCMEFC6,2025-06-30T13:48:08.999951794Z,01JZ0H9B60GZCSEZ21Q7HHJ5H8,2025-06-30T13:48:08.999951794Z,01JZ0H9B985HKEBHFDKE94BHEF,2025-06-30T13:48:08.999951794Z
01JZ0HKHPC12S1VE64J26G27R0,01JZ0H1K4AG17CS34Z9G9MQYDS,2025-06-30T13:49:41.452169471Z,01JZ0H1K7FV78W73P31JXQYTKA,2025-06-30T13:49:41.452169471Z,01JZ0H8Y1HSR83Q5C08BNXNQBS,2025-06-30T13:49:41.452169471Z,01JZ0HC59N7VESSFANXQJ72DZ3,2025-06-30T13:49:41.452169471Z,01JZ0HC5D8EM51E0NPVJJ49FMZ,2025-06-30T13:49:41.452169471Z
01JZ0K1T4ZZSK71Z4DY8DCXGT6,01JZ0JJRG62BDVPN4H0KJ2XPWK,2025-06-30T14:14:57.439415829Z,01JZ0JJRMQ32S1DDP8PZN3RKEA,2025-06-30T14:14:57.439415829Z,01JZ0JR3W3AT1DTGXQJW4YRCNE,2025-06-30T14:14:57.439415829Z,01JZ0JSS81X5CC670C1ANK4RPK,2025-06-30T14:14:57.439415829Z,01JZ0JSSDC0HRNT5M54134XJAC,2025-06-30T14:14:57.439415829Z
01JZ0M8WEGQW2KP79XA2AEAK24,01JZ0KZHFC2GEC175ZSKVHYGR2,2025-06-30T14:36:17.74414598Z,01JZ0KZHGK1V8ZC0AXDBXBYAX9,2025-06-30T14:36:17.74414598Z,01JZ0M3MNV9G8QBABMQR9NRFSY,2025-06-30T14:36:17.74414598Z,01JZ0M8V6C61XVRFPHS8RWYS7W,2025-06-30T14:36:17.74414598Z,01JZ0M8V88GCFHK9B8ECZFSXDA,2025-06-30T14:36:17.74414598Z
01JZ0FHZKR4HKNPBHWVTEJN5T9,01JZ0F67X5J6SBR3095JZ2KKHQ,2025-06-30T13:13:53.016990178Z,01JZ0F67Z745P2890BJ7Q88E3R,2025-06-30T13:13:53.016990178Z,01JZ0FC56QHHEXNXG28RA69XDS,2025-06-30T13:13:53.016990178Z,01JZ0FHYSNA4X4J5NJHCTV0XGQ,2025-06-30T13:13:53.016990178Z,01JZ0FHYTK1QANS50Y57QBF84C,2025-06-30T13:13:53.016990178Z
01JZ0PBNYRG4FYF65FCZKEAQRY,01JZ0NSN7EKS122Z238A4PF66D,2025-06-30T15:12:46.552563518Z,01JZ0NSNACQB6FV8GE0XS7JKF9,2025-06-30T15:12:46.552563518Z,01JZ0M79979MVE3M2PF579XFD7,2025-06-30T15:12:46.552563518Z,01JZ0P7YN1V2MR96D77PEXSMK2,2025-06-30T15:12:46.552563518Z,01JZ0P7YRD4XMCX0X4F8SJDY4M,2025-06-30T15:12:46.552563518Z
01JZ0SQHG1R9SV54CD68BGA8WP,01JZ0S9G3E1V9Y4W1M8GV3AGA9,2025-06-30T16:11:40.929401295Z,01JZ0S9GBDE95BAEJ35DY3VGC4,2025-06-30T16:11:40.929401295Z,01JZ0SA8WBZCVQVD20ETSR9KH4,2025-06-30T16:11:40.929401295Z,01JZ0SQEAR8P2YM87JXPSY3S0C,2025-06-30T16:11:40.929401295Z,01JZ0SQEGZSES92G0BHJP07QJE,2025-06-30T16:11:40.929401295Z
01JZ0SV8J9FGZGDT8KR3SVSKRE,01JZ0S9G3E1V9Y4W1M8GV3AGA9,2025-06-30T16:13:42.857794026Z,01JZ0S9GBDE95BAEJ35DY3VGC4,2025-06-30T16:13:42.857794026Z,01JZ0SA8WBZCVQVD20ETSR9KH4,2025-06-30T16:13:42.857794026Z,01JZ0SQECM4D5XPER5PREQ6RDB,2025-06-30T16:13:42.857794026Z,01JZ0SQEMB917QHZYWSBT1QBXE,2025-06-30T16:13:42.857794026Z
01JZ0SZMFKP786H69AG48WBEWJ,01JZ0S9G3E1V9Y4W1M8GV3AGA9,2025-06-30T16:16:06.131101647Z,01JZ0S9GBDE95BAEJ35DY3VGC4,2025-06-30T16:16:06.131101647Z,01JZ0SG6Y9NPGTZ35T719S3CJ9,2025-06-30T16:16:06.131101647Z,01JZ0SQEFRCWKP9ZEKVZV9NZ6R,2025-06-30T16:16:06.131101647Z,01JZ0SQEW87N3QG2WWCC39NJ8W,2025-06-30T16:16:06.131101647Z
01JZ0MC21S6NT5MJKYVEHB0JDY,01JZ0KZHFC2GEC175ZSKVHYGR2,2025-06-30T14:38:01.785542487Z,01JZ0KZHHH6W8J7M02JDFMAQF5,2025-06-30T14:38:01.785542487Z,01JZ0M4WQFE6B0V4QHX8A85TS4,2025-06-30T14:38:01.785542487Z,01JZ0MA57G6F6CZSS6TXQYY4X3,2025-06-30T14:38:01.785542487Z,01JZ0MA5C5QDZRV3ZH1ZHXBX0P,2025-06-30T14:38:01.785542487Z
01JZ0RHBVXFXNWQ9ZP8GZZAPTP,01JZ0R44WS56B1WD5354KYAZ6V,2025-06-30T15:50:49.981536421Z,01JZ0R44YD4TQ1QQVW9H1W0WBF,2025-06-30T15:50:49.981536421Z,01JZ0R6J718YBTR7YEHTBTQQK5,2025-06-30T15:50:49.981536421Z,01JZ0RDJ2QCC6HCJTXVC1C06TR,2025-06-30T15:50:49.981536421Z,01JZ0RDJM25BZH2YGY0HJ1XJB1,2025-06-30T15:50:49.981536421Z
01JZ0V8RP1M01NYR3NERP3YD5E,01JZ0TXM4HA3Q8P6D6TPYYS7R3,2025-06-30T16:38:33.921527518Z,01JZ0TXMAAZJ4VJWA2WTVHG174,2025-06-30T16:38:33.921527518Z,01JZ0TZ9J5J0A4G7Q03RBYFE9P,2025-06-30T16:38:33.921527518Z,01JZ0V8M42RMRY2C4MPYB0YYVH,2025-06-30T16:38:33.921527518Z,01JZ0V8MA8ZRCYYEP5BGPZR17K,2025-06-30T16:38:33.921527518Z
01JZ0HC68Q0Q9HE6RG0VQ4GS9C,01JZ0H1K4AG17CS34Z9G9MQYDS,2025-06-30T13:45:40.375098557Z,01JZ0H1K7FV78W73P31JXQYTKA,2025-06-30T13:45:40.375098557Z,01JZ0H4KADAPWGV6ZSDZSCPDP8,2025-06-30T13:45:40.375098557Z,01JZ0HC58QFJEJ8VBWDVYV73JX,2025-06-30T13:45:40.375098557Z,01JZ0HC5AD0NNJETZEAHVDA71P,2025-06-30T13:45:40.375098557Z
01JZ0FNP2QQWP44XJ5J4E2DSMC,01JZ0F67X5J6SBR3095JZ2KKHQ,2025-06-30T13:15:54.327469134Z,01JZ0F67Z9QH00F8GAXY086HB5,2025-06-30T13:15:54.327469134Z,01JZ0FJ2J3KAWY8R383XNHY1BP,2025-06-30T13:15:54.327469134Z,01JZ0FNMHNGFQRC9AEB9KVCBTA,2025-06-30T13:15:54.327469134Z,01JZ0FNMJQYJ3XE7Q35QFSX7PX,2025-06-30T13:15:54.327469134Z
01JZ0FQHE06S87FK1XE8GCXMQY,01JZ0F67X5J6SBR3095JZ2KKHQ,2025-06-30T13:16:55.104558529Z,01JZ0F67ZFPZEHV6BKFXQYDXZZ,2025-06-30T13:16:55.104558529Z,01JZ0FC1MEEYB5ZHG0QP6GKMWQ,2025-06-30T13:16:55.104558529Z,01JZ0FG2SD3EGXTWS7DEQHS433,2025-06-30T13:16:55.104558529Z,01JZ0FG2YZPED3HYBNBF60BYJD,2025-06-30T13:16:55.104558529Z
01JZ0FZ5Y4H3FDGP2Z9E4XN5NW,01JZ0F67X5J6SBR3095JZ2KKHQ,2025-06-30T13:21:05.476710167Z,01JZ0F67Z49S75BR56TBMFCZ55,2025-06-30T13:21:05.476710167Z,01JZ0FBFBJW6M9QE503VEPS9CV,2025-06-30T13:21:05.476710167Z,01JZ0FQRVEZY326STJ1YX0CZD3,2025-06-30T13:21:05.476710167Z,01JZ0FQRZ2Z7TRYBT6KXD2MK2Z,2025-06-30T13:21:05.476710167Z
01JZ0HAHM6QYBK66V78ZNJYR6J,01JZ0H1K4AG17CS34Z9G9MQYDS,2025-06-30T13:44:46.471535369Z,01JZ0H1K78HDDW9F2WM1P8VZMN,2025-06-30T13:44:46.471535369Z,01JZ0H3DD6JF5G5S76TR0MC0NN,2025-06-30T13:44:46.471535369Z,01JZ0HAGRD45VQ56569PMWG39C,2025-06-30T13:44:46.471535369Z,01JZ0HAGSY2HJS5PPSPYKJ18MV,2025-06-30T13:44:46.471535369Z
01JZ0RKG8B8X16P7Z0N2XZD4DE,01JZ0R44WS56B1WD5354KYAZ6V,2025-06-30T15:52:00.011509908Z,01JZ0R450A0M8Q4QC968ZVRS9H,2025-06-30T15:52:00.011509908Z,01JZ0R7KYSRZ9WN5AKECH3KB3X,2025-06-30T15:52:00.011509908Z,01JZ0RFNY7CAK7Q2XWPCT4A1FS,2025-06-30T15:52:00.011509908Z,01JZ0RFP6TS1VM831H7YBVG7QF,2025-06-30T15:52:00.011509908Z
01JZ0RNBAP54PCKVG38H9R287T,01JZ0R44WS56B1WD5354KYAZ6V,2025-06-30T15:53:00.502788569Z,01JZ0R450A0M8Q4QC968ZVRS9H,2025-06-30T15:53:00.502788569Z,01JZ0R7F7RD6MRYFQ16SXJ26HY,2025-06-30T15:53:00.502788569Z,01JZ0RFNY7CAK7Q2XWPCT4A1FS,2025-06-30T15:53:00.502788569Z,01JZ0RFP82RB3G25B358MRPN2C,2025-06-30T15:53:00.502788569Z
01JZ0FN8WQJBD855RVEW9ZDNGP,01JZ0F67X5J6SBR3095JZ2KKHQ,2025-06-30T13:15:40.82314469Z,01JZ0F67ZJJG6P50PFSVWKXYA5,2025-06-30T13:15:40.82314469Z,01JZ0FBFAEYK03HBFAMJA6FCQN,2025-06-30T13:15:40.82314469Z,01JZ0FHJQ8D0RWN5BCAZ63DASG,2025-06-30T13:15:40.82314469Z,01JZ0FHJS7XTH01ZN6PC7Y1FGW,2025-06-30T13:15:40.82314469Z
01JZ0FNXBHQHGBNQDB3JKZNPFT,01JZ0F67X5J6SBR3095JZ2KKHQ,2025-06-30T13:16:01.777910427Z,01JZ0F67Z228X9RHKVM8F1277D,2025-06-30T13:16:01.777910427Z,01JZ0FB43V6RX3WM4ZEX4SH8M0,2025-06-30T13:16:01.777910427Z,01JZ0FJ6P04EK093QJBJ8ZQ2DS,2025-06-30T13:16:01.777910427Z,01JZ0FJ6SKHHT4JJ0HD4QT2DS2,2025-06-30T13:16:01.777910427Z
01JZ0FRYHS070KMSMYFEGX989S,01JZ0F67X5J6SBR3095JZ2KKHQ,2025-06-30T13:17:41.305569205Z,01JZ0F67ZJJG6P50PFSVWKXYA5,2025-06-30T13:17:41.305569205Z,01JZ0FBBRPZEFPK4TTVDKWZ7HA,2025-06-30T13:17:41.305569205Z,01JZ0FHJQ6GWV3TAVSHME3WGHN,2025-06-30T13:17:41.305569205Z,01JZ0FHJV7ZZD2TA9N2MMMMF3P,2025-06-30T13:17:41.305569205Z
01JZ0HC69SFR1WJNTHK1TNMR7F,01JZ0H1K4AG17CS34Z9G9MQYDS,2025-06-30T13:45:40.409718868Z,01JZ0H1K7FV78W73P31JXQYTKA,2025-06-30T13:45:40.409718868Z,01JZ0H5M5HFDPMDY7KF9ZFXG0T,2025-06-30T13:45:40.409718868Z,01JZ0HC58QFJEJ8VBWDVYV73JX,2025-06-30T13:45:40.409718868Z,01JZ0HC5AD0NNJETZEAHVDA71P,2025-06-30T13:45:40.409718868Z
01JZ0HDEQ6GHT7QZA4ANB4NQXH,01JZ0H1K4AG17CS34Z9G9MQYDS,2025-06-30T13:46:21.798707073Z,01JZ0H1K706F68YJ8PB50DJAH3,2025-06-30T13:46:21.798707073Z,01JZ0H3DQBF6NG57HME37ZG9W2,2025-06-30T13:46:21.798707073Z,01JZ0HDDPNMSPR4T4J88QKCFZD,2025-06-30T13:46:21.798707073Z,01JZ0HDDR6MW4RT7D4B4411TJF,2025-06-30T13:46:21.798707073Z
01JZ0K2ZK5ES0FK77RH5XJSRSZ,01JZ0JJRG62BDVPN4H0KJ2XPWK,2025-06-30T14:15:35.78179242Z,01JZ0JJRMFBKARHHQY8ZXKDX2Q,2025-06-30T14:15:35.78179242Z,01JZ0K0JEP4CRAAHS8HKT1FSBP,2025-06-30T14:15:35.78179242Z,01JZ0K2YEFGBK0DQCQ0ZFX8Q5Z,2025-06-30T14:15:35.78179242Z,01JZ0K2YG3MG98F16RTKVMX7WV,2025-06-30T14:15:35.78179242Z
01JZ0NTXFK9WFT6KRRVYNAH0SQ,01JZ0N9PMZHSN31DAQRPMDQCYE,2025-06-30T15:03:37.20397367Z,01JZ0N9PPX2EBNCBEJCH5EHX43,2025-06-30T15:03:37.20397367Z,01JZ0NJBCS4P2NZWJAE050ZWVP,2025-06-30T15:03:37.20397367Z,01JZ0NQ6AS26ETG3TZPNN36FTM,2025-06-30T15:03:37.20397367Z,01JZ0NQ6DK8PFP1WMHFRDN7N1W,2025-06-30T15:03:37.20397367Z
01JZ0PBQFYZ5E3VAX3456D5MCM,01JZ0NSN7EKS122Z238A4PF66D,2025-06-30T15:12:48.126212325Z,01JZ0NSNC1W3B8HBKV7A156B13,2025-06-30T15:12:48.126212325Z,01JZ0P0DBN2YTW4V5ATZNQEJS0,2025-06-30T15:12:48.126212325Z,01JZ0P49ERX83B05T3Z47XKS9Z,2025-06-30T15:12:48.126212325Z,01JZ0P49S77DMCC57MVG8D33TE,2025-06-30T15:12:48.126212325Z
01JZ0FHZNWMJ7SEW7GR536GJRJ,01JZ0F67X5J6SBR3095JZ2KKHQ,2025-06-30T13:13:53.084953001Z,01JZ0F67ZFPZEHV6BKFXQYDXZZ,2025-06-30T13:13:53.084953001Z,01JZ0FB6D8SDYQHCG01GZECWK6,2025-06-30T13:13:53.084953001Z,01JZ0FG2TMDGKK0EJR14EYFE7R,2025-06-30T13:13:53.084953001Z,01JZ0FG2WKCNBTV5Q0CKZSESVN,2025-06-30T13:13:53.084953001Z
01JZ0P66Y4466HE9T0P8F2JAAH,01JZ0NSN7EKS122Z238A4PF66D,2025-06-30T15:09:47.332976687Z,01JZ0NSNC1W3B8HBKV7A156B13,2025-06-30T15:09:47.332976687Z,01JZ0NZGH00DARNW9BBY2QG8YW,2025-06-30T15:09:47.332976687Z,01JZ0P49FFMBGZM8VGX8RR699K,2025-06-30T15:09:47.332976687Z,01JZ0P49MXQF3N5WGQ72S23SRA,2025-06-30T15:09:47.332976687Z
01JZ0PV7TH38WZSNNJ05RGJM70,01JZ0PDFE8X2A24VZSJDD0T2BH,2025-06-30T15:21:16.369677538Z,01JZ0PDFG0TZHQMJ413RSFKXP4,2025-06-30T15:21:16.369677538Z,01JZ0PFCW1JTREFZPJ0MEYDK57,2025-06-30T15:21:16.369677538Z,01JZ0PSB8QFHT28EPRTVD2EBFB,2025-06-30T15:21:16.369677538Z,01JZ0PSBCHKVBAR0MEERQD2M0T,2025-06-30T15:21:16.369677538Z
01JZ0PVW0232A4AFJJX0SVHV0G,01JZ0PDFE8X2A24VZSJDD0T2BH,2025-06-30T15:21:37.026502682Z,01JZ0PDFFH0EDR9F9CYFN0TQY3,2025-06-30T15:21:37.026502682Z,01JZ0PGV68TYQ231YS5FREY4WQ,2025-06-30T15:21:37.026502682Z,01JZ0PVRG7Q9XH6WS9RGNQ3YX6,2025-06-30T15:21:37.026502682Z,01JZ0PVRP77E3NV7NX1BVSV22X,2025-06-30T15:21:37.026502682Z
01JZ0Q82N939RGWYACSX0FF6JE,01JZ0Q0CTMMAVY329HW6Z84SYY,2025-06-30T15:28:17.066001734Z,01JZ0Q0CWNKJYDS4SW61Q7VTQN,2025-06-30T15:28:17.066001734Z,01JZ0Q3X4Y9GSG0Q4TV0TG6S7T,2025-06-30T15:28:17.066001734Z,01JZ0Q80WH6Z691EKVZ6MZS31R,2025-06-30T15:28:17.066001734Z,01JZ0Q80Z9FNHRZNDQBWW2FN8V,2025-06-30T15:28:17.066001734Z
01JZ0FP6D8NXVRWH4H86FFQ00X,01JZ0F67X5J6SBR3095JZ2KKHQ,2025-06-30T13:16:11.048337518Z,01JZ0F67ZMW5MYVAMRDCKET4QV,2025-06-30T13:16:11.048337518Z,01JZ0FDXX39WXMVCCADY0GX2SD,2025-06-30T13:16:11.048337518Z,01JZ0FETSB3PBM5G2EQ4NJ99Z3,2025-06-30T13:16:11.048337518Z,01JZ0FETV92KY3E6GJ2R794JVJ,2025-06-30T13:16:11.048337518Z
01JZ0FRYHHC97V5463HFG64GYT,01JZ0F67X5J6SBR3095JZ2KKHQ,2025-06-30T13:17:41.297620404Z,01JZ0F67ZJJG6P50PFSVWKXYA5,2025-06-30T13:17:41.297620404Z,01JZ0FBFAEYK03HBFAMJA6FCQN,2025-06-30T13:17:41.297620404Z,01JZ0FHJQ6GWV3TAVSHME3WGHN,2025-06-30T13:17:41.297620404Z,01JZ0FHJV7ZZD2TA9N2MMMMF3P,2025-06-30T13:17:41.297620404Z
01JZ0FT13GEPJYR1FXM6ZY6TRB,01JZ0F67X5J6SBR3095JZ2KKHQ,2025-06-30T13:18:16.688150929Z,01JZ0F67Z745P2890BJ7Q88E3R,2025-06-30T13:18:16.688150929Z,01JZ0FBGXXC0V58B79955Z9C8Z,2025-06-30T13:18:16.688150929Z,01JZ0FHYSYJQMTKEVNFTKJ5XVW,2025-06-30T13:18:16.688150929Z,01JZ0FHYXNEX17F597VBZ4TX30,2025-06-30T13:18:16.688150929Z
01JZ0Q9XNCRZ52Z1VDZXFVXXVJ,01JZ0Q0CTMMAVY329HW6Z84SYY,2025-06-30T15:29:17.484928955Z,01JZ0Q0CWNKJYDS4SW61Q7VTQN,2025-06-30T15:29:17.484928955Z,01JZ0Q7SXAVHT2K7AH34K6E1SX,2025-06-30T15:29:17.484928955Z,01JZ0Q80XG0NQQZWZ0ZS4K2WB4,2025-06-30T15:29:17.484928955Z,01JZ0Q8112K27NTWSCXYW8ZS8G,2025-06-30T15:29:17.484928955Z
01JZ0SYYWTCYRD7QVJ2K4PR8DH,01JZ0S9G3E1V9Y4W1M8GV3AGA9,2025-06-30T16:15:44.026825623Z,01JZ0S9GBDE95BAEJ35DY3VGC4,2025-06-30T16:15:44.026825623Z,01JZ0SG6Y9NPGTZ35T719S3CJ9,2025-06-30T16:15:44.026825623Z,01JZ0SQEDMCRC0SE3ZVA9VRSZR,2025-06-30T16:15:44.026825623Z,01JZ0SQEQ0KCNG93ZTV2FW9MYQ,2025-06-30T16:15:44.026825623Z
01JZ0FPW8XTK255F125A2RTYYP,01JZ0F67X5J6SBR3095JZ2KKHQ,2025-06-30T13:16:33.437317973Z,01JZ0F67ZMW5MYVAMRDCKET4QV,2025-06-30T13:16:33.437317973Z,01JZ0FAE5RJ1QVP6VAA70BSQ0P,2025-06-30T13:16:33.437317973Z,01JZ0FETSCDVHZ2TXY84CHY2GX,2025-06-30T13:16:33.437317973Z,01JZ0FETWJ0NVJMPXSPP03K8WP,2025-06-30T13:16:33.437317973Z
01JZ0HHW87VE0N89SM25R2EW6P,01JZ0H1K4AG17CS34Z9G9MQYDS,2025-06-30T13:48:46.727715348Z,01JZ0H1K7C3FKHJS5GP9RE7N8D,2025-06-30T13:48:46.727715348Z,01JZ0H4TXV5HDVPR9EH08YRVXA,2025-06-30T13:48:46.727715348Z,01JZ0HA58VSZX7J2P38WPTHP06,2025-06-30T13:48:46.727715348Z,01JZ0HA5GS32GQV6315XEFW0FY,2025-06-30T13:48:46.727715348Z
01JZ0K7E903S5CW04XBKZ79AN9,01JZ0JJRG62BDVPN4H0KJ2XPWK,2025-06-30T14:18:01.888413525Z,01JZ0JJRKH7XD764W2MEEG7PFH,2025-06-30T14:18:01.888413525Z,01JZ0JQ6ANMHGHRRYJ704S1ZBR,2025-06-30T14:18:01.888413525Z,01JZ0JZD82PEVW1DBV6P33JE86,2025-06-30T14:18:01.888413525Z,01JZ0JZDE509T5H73252X8C6PE,2025-06-30T14:18:01.888413525Z
01JZ0NV7YJ0W9AE4GE55M57Q98,01JZ0N9PMZHSN31DAQRPMDQCYE,2025-06-30T15:03:47.922337288Z,01JZ0N9PQHD06TCBXAQZTT3H76,2025-06-30T15:03:47.922337288Z,01JZ0NG88M5Q25NCB0XJJ5X4TH,2025-06-30T15:03:47.922337288Z,01JZ0NKT4CZJGYEE5ATJPQFVGM,2025-06-30T15:03:47.922337288Z,01JZ0NKT8HKQ92N9PQNZCYE7Z5,2025-06-30T15:03:47.922337288Z
01JZ0PJZZ67VB4C4B7TCV7XFCX,01JZ0NSN7EKS122Z238A4PF66D,2025-06-30T15:16:46.182605492Z,01JZ0NSNAYA5ZEAQVB789Y1XW2,2025-06-30T15:16:46.182605492Z,01JZ0P6YH7NNC71XKAERN7EGXC,2025-06-30T15:16:46.182605492Z,01JZ0PB8DHY95TQGKETVJ4GHPH,2025-06-30T15:16:46.182605492Z,01JZ0PB8JZKGFTA61D359XG87M,2025-06-30T15:16:46.182605492Z
01JZ0Q12R757QRCZQ5DN3Z00JA,01JZ0PDFE8X2A24VZSJDD0T2BH,2025-06-30T15:24:27.78375083Z,01JZ0PDFG0TZHQMJ413RSFKXP4,2025-06-30T15:24:27.78375083Z,01JZ0PFCW1JTREFZPJ0MEYDK57,2025-06-30T15:24:27.78375083Z,01JZ0PSB9NEW7WNBBQFB9FQ87E,2025-06-30T15:24:27.78375083Z,01JZ0PSBFKMZXM1B2TV94PVVYV,2025-06-30T15:24:27.78375083Z
01JZ0Q3J83NYKBZBE5QC613XMS,01JZ0PDFE8X2A24VZSJDD0T2BH,2025-06-30T15:25:49.187641557Z,01JZ0PDFFH0EDR9F9CYFN0TQY3,2025-06-30T15:25:49.187641557Z,01JZ0PF2V4RTPDWDRQG4CJRS6D,2025-06-30T15:25:49.187641557Z,01JZ0PVRJB9T7WFF0PZYXA4X8A,2025-06-30T15:25:49.187641557Z,01JZ0PVS17TM9J8FXQP0P5Z5D5,2025-06-30T15:25:49.187641557Z
01JZ0RJKMQYYW8CDH6KKXQCJEA,01JZ0R44WS56B1WD5354KYAZ6V,2025-06-30T15:51:30.711333024Z,01JZ0R44YW0T94WKHD2ZAT9VPC,2025-06-30T15:51:30.711333024Z,01JZ0RA7ZVQK012EEC40XNGWC7,2025-06-30T15:51:30.711333024Z,01JZ0RCZ5WMDRF6E7DKWB3TR0Z,2025-06-30T15:51:30.711333024Z,01JZ0RCZG0XFCHV3BJWSRFRJS0,2025-06-30T15:51:30.711333024Z
01JZ0FXK4X4JERK3M793Y59G2W,01JZ0F67X5J6SBR3095JZ2KKHQ,2025-06-30T13:20:13.469655917Z,01JZ0F67ZNGQ7M2D3G3M0R8ZTD,2025-06-30T13:20:13.469655917Z,01JZ0FBTJXMW2AK8YMAJ7FJR7V,2025-06-30T13:20:13.469655917Z,01JZ0FNH601WQKH2JDWKT7KJPX,2025-06-30T13:20:13.469655917Z,01JZ0FNH9ZV5JEKKM0N89RXH4K,2025-06-30T13:20:13.469655917Z
01JZ0RQR84GY65DABGHEAZ3H68,01JZ0R44WS56B1WD5354KYAZ6V,2025-06-30T15:54:19.26864558Z,01JZ0R450M24K8ZS9F18EDTFG6,2025-06-30T15:54:19.26864558Z,01JZ0R9WHEP7DQXPA3V8WPWJ9W,2025-06-30T15:54:19.26864558Z,01JZ0RFVC6E4GC14C3S59672JQ,2025-06-30T15:54:19.26864558Z,01JZ0RFVTCMQFHEMMP5Z7XNW0P,2025-06-30T15:54:19.26864558Z
01JZ0FPP5A59FNY347YGX9QZWT,01JZ0F67X5J6SBR3095JZ2KKHQ,2025-06-30T13:16:27.17890482Z,01JZ0F67ZBCBNFH7W25EXNBXDS,2025-06-30T13:16:27.17890482Z,01JZ0FCSDW0BM8JYA02TAKKS7F,2025-06-30T13:16:27.17890482Z,01JZ0FMTH61B85RYBN11B94K2X,2025-06-30T13:16:27.17890482Z,01JZ0FMTJF1WZN1A88JYEMEF1J,2025-06-30T13:16:27.17890482Z
01JZ0FPPN1XR8KS8SHF5BG39H0,01JZ0F67X5J6SBR3095JZ2KKHQ,2025-06-30T13:16:27.681664152Z,01JZ0F67ZEPC67VW242P0YYZAA,2025-06-30T13:16:27.681664152Z,01JZ0FATEZ4BCSXPWP1GNPMBCW,2025-06-30T13:16:27.681664152Z,01JZ0FF15B1AYVQX6Z1TA0K6BX,2025-06-30T13:16:27.681664152Z,01JZ0FF179MFKNNXKATH53J659,2025-06-30T13:16:27.681664152Z
01JZ0JWAMHDDP71EWRB5BJGG6Z,01JZ0JJRG62BDVPN4H0KJ2XPWK,2025-06-30T14:11:57.713114202Z,01JZ0JJRKVJXBJGVYTJ6TBMBFM,2025-06-30T14:11:57.713114202Z,01JZ0JN9702Q6F60B6DGZMFR8D,2025-06-30T14:11:57.713114202Z,01JZ0JW9F9Z7WAAVX264BMEZ86,2025-06-30T14:11:57.713114202Z,01JZ0JW9HMPEM4HS4XG9J4AV85,2025-06-30T14:11:57.713114202Z
01JZ0RK6XYFY17CXCD3NY636ZW,01JZ0R44WS56B1WD5354KYAZ6V,2025-06-30T15:51:50.463035493Z,01JZ0R44YD4TQ1QQVW9H1W0WBF,2025-06-30T15:51:50.463035493Z,01JZ0R9GRQ3PA7HCKR9SBRDB26,2025-06-30T15:51:50.463035493Z,01JZ0RDJ2QCC6HCJTXVC1C06TR,2025-06-30T15:51:50.463035493Z,01JZ0RDJN6N4JX59VYMCWSBW7H,2025-06-30T15:51:50.463035493Z
01JZ0FMBJ5A4VX6B6YE7YPCDFK,01JZ0F67X5J6SBR3095JZ2KKHQ,2025-06-30T13:15:10.789120455Z,01JZ0F67ZMW5MYVAMRDCKET4QV,2025-06-30T13:15:10.789120455Z,01JZ0FAZSM5RWSWDK86JFF6JZ6,2025-06-30T13:15:10.789120455Z,01JZ0FETS8ER9G1DS9D9GHXGJ5,2025-06-30T13:15:10.789120455Z,01JZ0FETTRYWNQCHHZRR5GKR7V,2025-06-30T13:15:10.789120455Z
01JZ0FXNV0KK6JJEJNSNQ64KST,01JZ0F67X5J6SBR3095JZ2KKHQ,2025-06-30T13:20:16.224790443Z,01JZ0F67Z9QH00F8GAXY086HB5,2025-06-30T13:20:16.224790443Z,01JZ0FBZBPYQ4FYZK11FHC8KJR,2025-06-30T13:20:16.224790443Z,01JZ0FNMGEWN0TYT8CB4N2HGW2,2025-06-30T13:20:16.224790443Z,01JZ0FNMS7C5RK3GDVW8YVXRV9,2025-06-30T13:20:16.224790443Z
01JZ0HA6VCAS5XME60R72EXSMZ,01JZ0H1K4AG17CS34Z9G9MQYDS,2025-06-30T13:44:35.436249201Z,01JZ0H1K7C3FKHJS5GP9RE7N8D,2025-06-30T13:44:35.436249201Z,01JZ0FCPQMY08ZRWSN7GNNGJQ7,2025-06-30T13:44:35.436249201Z,01JZ0HA58JCTKG4HFZRBFPTARS,2025-06-30T13:44:35.436249201Z,01JZ0HA5BDJCSKV6SEQ38NDQ0A,2025-06-30T13:44:35.436249201Z
01JZ0PJNV433C26SW777EHTDSR,01JZ0NSN7EKS122Z238A4PF66D,2025-06-30T15:16:35.812078623Z,01JZ0NSNAYA5ZEAQVB789Y1XW2,2025-06-30T15:16:35.812078623Z,01JZ0NZBZKHKXTZYA0WX3Y2FFW,2025-06-30T15:16:35.812078623Z,01JZ0PB8D9R3T5HN8CJB5DS766,2025-06-30T15:16:35.812078623Z,01JZ0PB8HZ694HG0HHDZ8Z66GT,2025-06-30T15:16:35.812078623Z
01JZ0SS1JHQRHXWZFBF94T0DBE,01JZ0S9G3E1V9Y4W1M8GV3AGA9,2025-06-30T16:12:30.161344757Z,01JZ0S9G9GQDAYDBEESMGH4RA5,2025-06-30T16:12:30.161344757Z,01JZ0SHD6CSXMHY511T2SVS05J,2025-06-30T16:12:30.161344757Z,01JZ0SQ3C15Q09HYAH12H13T16,2025-06-30T16:12:30.161344757Z,01JZ0SQ3JN543SNRZGH35QNY7Y,2025-06-30T16:12:30.161344757Z
01JZ0VAMGDKA2FM278EF5N4GS2,01JZ0TXM4HA3Q8P6D6TPYYS7R3,2025-06-30T16:39:35.181918689Z,01JZ0TXMAAZJ4VJWA2WTVHG174,2025-06-30T16:39:35.181918689Z,01JZ0V35DCVJ8FMBXYFAAYSD86,2025-06-30T16:39:35.181918689Z,01JZ0V8M85MMPYBMHW7JFE9Q9Z,2025-06-30T16:39:35.181918689Z,01JZ0V8MD6DTYSKTYN8RG4TKC4,2025-06-30T16:39:35.181918689Z
01JZ0VFWDMWTMQDVEZFD090PXY,01JZ0TXM4HA3Q8P6D6TPYYS7R3,2025-06-30T16:42:27.125018927Z,01JZ0TXMB9EHVXHHHV3J3SQY3A,2025-06-30T16:42:27.125018927Z,01JZ0VA8DK4TAWTT8THNTNJ1SW,2025-06-30T16:42:27.125018927Z,01JZ0VC1S39MS0B0H13TGRSYRF,2025-06-30T16:42:27.125018927Z,01JZ0VC24AYZ7M7KYKFVGT3P50,2025-06-30T16:42:27.125018927Z
01JZ0FHYPAQ0CCJ34QK0CVR268,01JZ0F67X5J6SBR3095JZ2KKHQ,2025-06-30T13:13:52.075003257Z,01JZ0F67ZGT4J2NC89JRSKF93F,2025-06-30T13:13:52.075003257Z,01JZ0FC4XRFY88GCABCTE4M9JC,2025-06-30T13:13:52.075003257Z,01JZ0FHY06VJS12RZKPGXVB09V,2025-06-30T13:13:52.075003257Z,01JZ0FHY1D6H1D4DAJN43W8G67,2025-06-30T13:13:52.075003257Z
01JZ0FQNQN3NB8DQFH5FKVH1YR,01JZ0F67X5J6SBR3095JZ2KKHQ,2025-06-30T13:16:59.509436379Z,01JZ0F67ZPF4121D8VQV580KT1,2025-06-30T13:16:59.509436379Z,01JZ0FB771X9NXKNJD45VGGVHG,2025-06-30T13:16:59.509436379Z,01JZ0FG9XBQAYQZBJ6CQQ423B0,2025-06-30T13:16:59.509436379Z,01JZ0FG9ZK1PD515ASG48E218C,2025-06-30T13:16:59.509436379Z
01JZ0FRCQZ6FBJCZ74M8Q0PV6W,01JZ0F67X5J6SBR3095JZ2KKHQ,2025-06-30T13:17:23.071700789Z,01JZ0F67ZNGQ7M2D3G364WEKWP,2025-06-30T13:17:23.071700789Z,01JZ0FCYEY48D81TQPYGM7BEH5,2025-06-30T13:17:23.071700789Z,01JZ0FPGD3R4XTCQYX0YWJ9PM8,2025-06-30T13:17:23.071700789Z,01JZ0FPGFYDMCV4FVJVHGQ1D12,2025-06-30T13:17:23.071700789Z
01JZ0HFQA79SV7Q7YHFR5T3CSA,01JZ0H1K4AG17CS34Z9G9MQYDS,2025-06-30T13:47:36.13596561Z,01JZ0H1K7C3FKHJS5GP9RE7N8D,2025-06-30T13:47:36.13596561Z,01JZ0H4A3NXPTV7JEQMX36WWX4,2025-06-30T13:47:36.13596561Z,01JZ0HA59FS77DYF0M07SAVR93,2025-06-30T13:47:36.13596561Z,01JZ0HA5DG3P3GKEND233XW4P0,2025-06-30T13:47:36.13596561Z
01JZ0HGANQE12JN9QSFNTQ3X8N,01JZ0H1K4AG17CS34Z9G9MQYDS,2025-06-30T13:47:55.959701063Z,01JZ0H1K6THHEJQ855QF7WP6P1,2025-06-30T13:47:55.959701063Z,01JZ0H3KVYK2WH1VQVZ8KDFR0N,2025-06-30T13:47:55.959701063Z,01JZ0H8M6XRZ0TTB98P0CV98DA,2025-06-30T13:47:55.959701063Z,01JZ0H8MARTCGQBSSZP5KMYV5T,2025-06-30T13:47:55.959701063Z
01JZ0JXFZ135CXRZH661V35Q8B,01JZ0JJRG62BDVPN4H0KJ2XPWK,2025-06-30T14:12:35.937162869Z,01JZ0JJRMQ32S1DDP8PZN3RKEA,2025-06-30T14:12:35.937162869Z,01JZ0JN6JMZG2FMKENBAS8NM9Y,2025-06-30T14:12:35.937162869Z,01JZ0JSS78RK42Y17VNQFVPT1K,2025-06-30T14:12:35.937162869Z,01JZ0JSSA13XQTH0PSQVMEQD2C,2025-06-30T14:12:35.937162869Z
01JZ0K7PWZT8ENNA6DASH2H1WF,01JZ0JJRG62BDVPN4H0KJ2XPWK,2025-06-30T14:18:10.719855043Z,01JZ0JJRM7K0MBX3MKCVTKC5NR,2025-06-30T14:18:10.719855043Z,01JZ0JXWKS0M8W514SAFXDFCXQ,2025-06-30T14:18:10.719855043Z,01JZ0K09960SM46GQE8ZN1TQEF,2025-06-30T14:18:10.719855043Z,01JZ0K09HAPZ9WJEBZH9W1N3WV,2025-06-30T14:18:10.719855043Z
01JZ0MFQRQHB3SM4EH7SNP93S3,01JZ0KZHFC2GEC175ZSKVHYGR2,2025-06-30T14:40:02.327638601Z,01JZ0KZHHH6W8J7M02JDFMAQF5,2025-06-30T14:40:02.327638601Z,01JZ0M4WQFE6B0V4QHX8A85TS4,2025-06-30T14:40:02.327638601Z,01JZ0MA57G6F6CZSS6TXQYY4X3,2025-06-30T14:40:02.327638601Z,01JZ0MA5D9NCX4DEB44ARNCQNX,2025-06-30T14:40:02.327638601Z
01JZ0FNXA0VHNF3CYSC39YYHH0,01JZ0F67X5J6SBR3095JZ2KKHQ,2025-06-30T13:16:01.728919325Z,01JZ0F67Z228X9RHKVM8F1277D,2025-06-30T13:16:01.728919325Z,01JZ0FD5H390ZWW74EY7R1D7W9,2025-06-30T13:16:01.728919325Z,01JZ0FJ6P04EK093QJBJ8ZQ2DS,2025-06-30T13:16:01.728919325Z,01JZ0FJ6SKHHT4JJ0HD4QT2DS2,2025-06-30T13:16:01.728919325Z
01JZ0RQR7EGQMZAQFW6DRXB4AA,01JZ0R44WS56B1WD5354KYAZ6V,2025-06-30T15:54:19.246476466Z,01JZ0R450M24K8ZS9F18EDTFG6,2025-06-30T15:54:19.246476466Z,01JZ0RCXVG1DXMY1P3XSZCR2NJ,2025-06-30T15:54:19.246476466Z,01JZ0RFVC6E4GC14C3S59672JQ,2025-06-30T15:54:19.246476466Z,01JZ0RFVTCMQFHEMMP5Z7XNW0P,2025-06-30T15:54:19.246476466Z
01JZ0T4YZMH7JM513WK4K8RQGP,01JZ0S9G3E1V9Y4W1M8GV3AGA9,2025-06-30T16:19:00.725032195Z,01JZ0S9G8MSQJNW9QDDX82T8EZ,2025-06-30T16:19:00.725032195Z,01JZ0T2XSJ0AG7V7PM1MRXSRY8,2025-06-30T16:19:00.725032195Z,01JZ0T2Z776H5NYH3952M90NE0,2025-06-30T16:19:00.725032195Z,01JZ0T2ZFPDV5D7H1VBDA9J26G,2025-06-30T16:19:00.725032195Z
01JZ0NNQ677HY2H00HQW7RB1CX,01JZ0N9PMZHSN31DAQRPMDQCYE,2025-06-30T15:00:46.919930841Z,01JZ0N9PQHD06TCBXAQZTT3H76,2025-06-30T15:00:46.919930841Z,01JZ0NCM52T6WSAVFXXAWVWZY2,2025-06-30T15:00:46.919930841Z,01JZ0NKT353JX7TDZWFQNH8NHN,2025-06-30T15:00:46.919930841Z,01JZ0NKT71AJ0HAAWPFJFJHFVG,2025-06-30T15:00:46.919930841Z
01JZ0FZTAJQ871MTMGBVNGQ9XK,01JZ0F67X5J6SBR3095JZ2KKHQ,2025-06-30T13:21:26.354810961Z,01JZ0F67Z49S75BR56TBMFCZ55,2025-06-30T13:21:26.354810961Z,01JZ0FFGTFMV7PJRGYB0RPYNEQ,2025-06-30T13:21:26.354810961Z,01JZ0FQRVWYE6EMF2428JYY8X6,2025-06-30T13:21:26.354810961Z,01JZ0FQS0KNN5R7P08HN8ZVR07,2025-06-30T13:21:26.354810961Z
01JZ0HAX25G8JY1DB2YKKZ9SVH,01JZ0H1K4AG17CS34Z9G9MQYDS,2025-06-30T13:44:58.181571783Z,01JZ0H1K7HVYD71R3W6V80C6V1,2025-06-30T13:44:58.181571783Z,01JZ0H3YKDCKC58R863JCARE6G,2025-06-30T13:44:58.181571783Z,01JZ0HAVRPKHJMVSD30J2TBSPZ,2025-06-30T13:44:58.181571783Z,01JZ0HAVT6FVFRBXCZ7A07HDCT,2025-06-30T13:44:58.181571783Z
01JZ0HD1S7ND3KB2297SSV3AQ5,01JZ0H1K4AG17CS34Z9G9MQYDS,2025-06-30T13:46:08.551554108Z,01JZ0H1K7KVN4Q30DF0C4SZNQW,2025-06-30T13:46:08.551554108Z,01JZ0H4DCRMZ62SRWSFKCMEFC6,2025-06-30T13:46:08.551554108Z,01JZ0H9B6QJSN4ERPYEHH37CV2,2025-06-30T13:46:08.551554108Z,01JZ0H9B8B7D3K3XBM7QNWAJQ1,2025-06-30T13:46:08.551554108Z
01JZ0Q1D1TP0S0HRRV5AXC668N,01JZ0PDFE8X2A24VZSJDD0T2BH,2025-06-30T15:24:38.330846455Z,01JZ0PDFG0TZHQMJ413RSFKXP4,2025-06-30T15:24:38.330846455Z,01JZ0JQKQ0F0M9FF1E7KJ74SGD,2025-06-30T15:24:38.330846455Z,01JZ0PSBA2ZJCB1FT0JNH91FDN,2025-06-30T15:24:38.330846455Z,01JZ0PSBGSTEBRN90P0B4ZDJKV,2025-06-30T15:24:38.330846455Z
01JZ0SWRMASRAZWFPY99HXC7CP,01JZ0S9G3E1V9Y4W1M8GV3AGA9,2025-06-30T16:14:32.074920517Z,01JZ0S9G69Y1BMBR3KZBCDH0XZ,2025-06-30T16:14:32.074920517Z,01JZ0SJ8C2JTDBBCYPNE6VJW23,2025-06-30T16:14:32.074920517Z,01JZ0SN4WX49FYA3BQ47HSYF17,2025-06-30T16:14:32.074920517Z,01JZ0SN5PVCQW1E8JZ6SKH587R,2025-06-30T16:14:32.074920517Z
01JZ0VC6DWJ11W9S4KXWWZQ24N,01JZ0TXM4HA3Q8P6D6TPYYS7R3,2025-06-30T16:40:26.300264185Z,01JZ0TXM9G1YQW4PKWAZEHBP4X,2025-06-30T16:40:26.300264185Z,01JZ0V62WJGZ4BGMWXYSNYNW8D,2025-06-30T16:40:26.300264185Z,01JZ0VA38AG5CMBPK3H4ZDH1EB,2025-06-30T16:40:26.300264185Z,01JZ0VA3EDE5VA6KPVPAWM4W4J,2025-06-30T16:40:26.300264185Z
01JZ0FY7D15827ZMHPBAGKSHD1,01JZ0F67X5J6SBR3095JZ2KKHQ,2025-06-30T13:20:34.209604932Z,01JZ0F67ZNGQ7M2D3G364WEKWP,2025-06-30T13:20:34.209604932Z,01JZ0FCNHTSC7G0FEF4YCP958P,2025-06-30T13:20:34.209604932Z,01JZ0FPGC1CG58GQPHV07YYR7V,2025-06-30T13:20:34.209604932Z,01JZ0FPGKJE0KX4R9CEPZ22FPQ,2025-06-30T13:20:34.209604932Z
01JZ0K5VYXTA0W71Z9XDPPR4DC,01JZ0JJRG62BDVPN4H0KJ2XPWK,2025-06-30T14:17:10.365536967Z,01JZ0JJRM7K0MBX3MKCVTKC5NR,2025-06-30T14:17:10.365536967Z,01JZ0JN7RSB9BF97M9JFFC8QWA,2025-06-30T14:17:10.365536967Z,01JZ0K098RXBK86NWQE5BGP8AC,2025-06-30T14:17:10.365536967Z,01JZ0K09F5TS9DMG7V9VS6DCEW,2025-06-30T14:17:10.365536967Z
01JZ0NNQ484GJ0QC2FPTRPG3SR,01JZ0N9PMZHSN31DAQRPMDQCYE,2025-06-30T15:00:46.856486531Z,01JZ0N9PQHD06TCBXAQZTT3H76,2025-06-30T15:00:46.856486531Z,01JZ0NGFD8Q625CBVC4SGN58J1,2025-06-30T15:00:46.856486531Z,01JZ0NKT353JX7TDZWFQNH8NHN,2025-06-30T15:00:46.856486531Z,01JZ0NKT71AJ0HAAWPFJFJHFVG,2025-06-30T15:00:46.856486531Z
01JZ0NQJ4R6JCKXA5TBV84CNN3,01JZ0N9PMZHSN31DAQRPMDQCYE,2025-06-30T15:01:47.289021946Z,01JZ0N9PQHD06TCBXAQZTT3H76,2025-06-30T15:01:47.289021946Z,01JZ0NG88M5Q25NCB0XJJ5X4TH,2025-06-30T15:01:47.289021946Z,01JZ0NKT353JX7TDZWFQNH8NHN,2025-06-30T15:01:47.289021946Z,01JZ0NKT7B2RQTS0371G157P3M,2025-06-30T15:01:47.289021946Z
01JZ0PFP9XE3NN2S8GPFSCKYK4,01JZ0NSN7EKS122Z238A4PF66D,2025-06-30T15:14:57.981793751Z,01JZ0NSNACQB6FV8GE0XS7JKF9,2025-06-30T15:14:57.981793751Z,01JZ0NZAF5PAQ3ECGHTTXSX02G,2025-06-30T15:14:57.981793751Z,01JZ0P7YNT108NJT9EBY5VDJSY,2025-06-30T15:14:57.981793751Z,01JZ0P7YVB6QVN7V4FBPWHJ9P4,2025-06-30T15:14:57.981793751Z
01JZ0PX2M7WWJ2PEPGGYCW7JBE,01JZ0PDFE8X2A24VZSJDD0T2BH,2025-06-30T15:22:16.583143848Z,01JZ0PDFG0TZHQMJ413RSFKXP4,2025-06-30T15:22:16.583143848Z,01JZ0PHFA0CKW8FCX9Q96KR3SV,2025-06-30T15:22:16.583143848Z,01JZ0PSB8QFHT28EPRTVD2EBFB,2025-06-30T15:22:16.583143848Z,01JZ0PSBCXEZY6QEMF25SVCS88,2025-06-30T15:22:16.583143848Z
01JZ0VAMH4DT6Z9TT1MCYPNMTP,01JZ0TXM4HA3Q8P6D6TPYYS7R3,2025-06-30T16:39:35.204877033Z,01JZ0TXMAAZJ4VJWA2WTVHG174,2025-06-30T16:39:35.204877033Z,01JZ0V32G4VNH8F152X0004PNK,2025-06-30T16:39:35.204877033Z,01JZ0V8M85MMPYBMHW7JFE9Q9Z,2025-06-30T16:39:35.204877033Z,01JZ0V8MD6DTYSKTYN8RG4TKC4,2025-06-30T16:39:35.204877033Z
01JZ0K40JVQBHE5273WZBXX2DT,01JZ0JJRG62BDVPN4H0KJ2XPWK,2025-06-30T14:16:09.563991399Z,01JZ0JJRKVJXBJGVYTJ6TBMBFM,2025-06-30T14:16:09.563991399Z,01JZ0JRHPY82NWCJAKFRVZ7MTV,2025-06-30T14:16:09.563991399Z,01JZ0JW9GXBQQN6RZQRVBXDR1H,2025-06-30T14:16:09.563991399Z,01JZ0JW9NA2J02SEGSF8R2JK60,2025-06-30T14:16:09.563991399Z
01JZ0K6ST1H7HAZP5SNAZD6KYQ,01JZ0JJRG62BDVPN4H0KJ2XPWK,2025-06-30T14:17:40.929330125Z,01JZ0JJRKH7XD764W2MEEG7PFH,2025-06-30T14:17:40.929330125Z,01JZ0JVNB15V13M0SKK8XKHN5V,2025-06-30T14:17:40.929330125Z,01JZ0JZD8JXKMQQW9WMSBKBY23,2025-06-30T14:17:40.929330125Z,01JZ0JZDBZ99Q253HVMEA4FN37,2025-06-30T14:17:40.929330125Z
01JZ0RJXAM9AHX1GBF576RTBF9,01JZ0R44WS56B1WD5354KYAZ6V,2025-06-30T15:51:40.628388624Z,01JZ0R44ZYB02HBRR2X1W771BR,2025-06-30T15:51:40.628388624Z,01JZ0R73B6ZBY0XV8TDKBRTHN0,2025-06-30T15:51:40.628388624Z,01JZ0RGZ3DKRXN7JFMF7ZYJ17Q,2025-06-30T15:51:40.628388624Z,01JZ0RGZAC3BM6AJ84177WK36K,2025-06-30T15:51:40.628388624Z
01JZ0HM2MYPGKR6VWN8JA9CTGK,01JZ0H1K4AG17CS34Z9G9MQYDS,2025-06-30T13:49:58.814785831Z,01JZ0H1K6XDYNJQ07N0KM3P1VX,2025-06-30T13:49:58.814785831Z,01JZ0H3GSTCWHNYC00C4GV6RFB,2025-06-30T13:49:58.814785831Z,01JZ0HJ6JG98XAP0W3RSSFXRZE,2025-06-30T13:49:58.814785831Z,01JZ0HJ6QBKQ5NW4YHYDB4QRH0,2025-06-30T13:49:58.814785831Z
01JZ0FXBJVDQ8FFY3EN1FBGB66,01JZ0F67X5J6SBR3095JZ2KKHQ,2025-06-30T13:20:05.723128288Z,01JZ0F67Z9QH00F8GAXY086HB5,2025-06-30T13:20:05.723128288Z,01JZ0FC2JY5XVEAE6VHX2MXJRG,2025-06-30T13:20:05.723128288Z,01JZ0FNMGQ5DPDKWZXXZ5M1790,2025-06-30T13:20:05.723128288Z,01JZ0FNMR5G6GYR0X5ND95B7MG,2025-06-30T13:20:05.723128288Z
01JZ0HJZ7AZMVF4CBEG2JE3XRG,01JZ0H1K4AG17CS34Z9G9MQYDS,2025-06-30T13:49:22.538086795Z,01JZ0H1K706F68YJ8PB50DJAH3,2025-06-30T13:49:22.538086795Z,01JZ0H3DQBF6NG57HME37ZG9W2,2025-06-30T13:49:22.538086795Z,01JZ0HDDQ1TQC05SZV1MP12GS4,2025-06-30T13:49:22.538086795Z,01JZ0HDDSN4RJNHJNWEPZ6KD1D,2025-06-30T13:49:22.538086795Z
01JZ0HM6HYJCWW8V6R9MAV1P7A,01JZ0H1K4AG17CS34Z9G9MQYDS,2025-06-30T13:50:02.814831099Z,01JZ0H1K7FV78W73P31JXQYTKA,2025-06-30T13:50:02.814831099Z,01JZ0H42HREFCMBGJBTZGE91GN,2025-06-30T13:50:02.814831099Z,01JZ0HC598JEXS6SR3CD3NS2S4,2025-06-30T13:50:02.814831099Z,01JZ0HC5ETFR34BCER7NDTPABS,2025-06-30T13:50:02.814831099Z
01JZ0JWAMQJSGJZ9SZT8RYFFR1,01JZ0JJRG62BDVPN4H0KJ2XPWK,2025-06-30T14:11:57.719570622Z,01JZ0JJRKVJXBJGVYTJ6TBMBFM,2025-06-30T14:11:57.719570622Z,01JZ0JN4F2114ZS0WES1BTCGSF,2025-06-30T14:11:57.719570622Z,01JZ0JW9F9Z7WAAVX264BMEZ86,2025-06-30T14:11:57.719570622Z,01JZ0JW9HMPEM4HS4XG9J4AV85,2025-06-30T14:11:57.719570622Z
01JZ0K4TGN4T688YDEH4B9X07S,01JZ0JJRG62BDVPN4H0KJ2XPWK,2025-06-30T14:16:36.117380573Z,01JZ0JJRMFBKARHHQY8ZXKDX2Q,2025-06-30T14:16:36.117380573Z,01JZ0JQQMSRZZJ1P2ESVX6GNQJ,2025-06-30T14:16:36.117380573Z,01JZ0K2YERTFQAJEQ3WTQCHG83,2025-06-30T14:16:36.117380573Z,01JZ0K2YH84DTYQ9GTMSMESZJY,2025-06-30T14:16:36.117380573Z
01JZ0K6MDNNRFNA845JG2CPZZA,01JZ0JJRG62BDVPN4H0KJ2XPWK,2025-06-30T14:17:35.413530507Z,01JZ0JJRK7MTN7FAC1224V82KC,2025-06-30T14:17:35.413530507Z,01JZ0JRSFTK3MVKWF6KJBEKR0E,2025-06-30T14:17:35.413530507Z,01JZ0JYWX29707X9HXFTM1W07C,2025-06-30T14:17:35.413530507Z,01JZ0JYX5C9W7WA9MZEJ86042C,2025-06-30T14:17:35.413530507Z
01JZ0SSXZZCBQ9SFQPWC5HKS4V,01JZ0S9G3E1V9Y4W1M8GV3AGA9,2025-06-30T16:12:59.263368892Z,01JZ0S9G7VJHRZZRV1KXAXAXSY,2025-06-30T16:12:59.263368892Z,01JZ0SMKXSB3XMQCB6RQZ86SBG,2025-06-30T16:12:59.263368892Z,01JZ0SP48F3VDFFJ0GMG3AQPDM,2025-06-30T16:12:59.263368892Z,01JZ0SP4MV9NPWKWKV9VX2SD25,2025-06-30T16:12:59.263368892Z
01JZ0FQH4KCW537F41J5SVXJ79,01JZ0F67X5J6SBR3095JZ2KKHQ,2025-06-30T13:16:54.80355076Z,01JZ0F67Z745P2890BJ7Q88E3R,2025-06-30T13:16:54.80355076Z,01JZ0FAQ5BESSRJ4RCV3JDZV7P,2025-06-30T13:16:54.80355076Z,01JZ0FHYT9MR26XHFRG86H7E34,2025-06-30T13:16:54.80355076Z,01JZ0FHYVQ2SKG7NVAC6AS69R0,2025-06-30T13:16:54.80355076Z
01JZ0VHQHEB6SS5BP078EBE783,01JZ0TXM4HA3Q8P6D6TPYYS7R3,2025-06-30T16:43:27.662398152Z,01JZ0TXMB9EHVXHHHV3J3SQY3A,2025-06-30T16:43:27.662398152Z,01JZ0TZEA4NSRNAN24CVE4XF3B,2025-06-30T16:43:27.662398152Z,01JZ0VC1S39MS0B0H13TGRSYRF,2025-06-30T16:43:27.662398152Z,01JZ0VC25FKFRXHJBWRFR8MKCM,2025-06-30T16:43:27.662398152Z
01JZ0SX346GEY2YZ5V1P9FCYVB,01JZ0S9G3E1V9Y4W1M8GV3AGA9,2025-06-30T16:14:42.822720908Z,01JZ0S9G69Y1BMBR3KZBCDH0XZ,2025-06-30T16:14:42.822720908Z,01JZ0SJJTJT1R8CXNS1AZ1Y0R9,2025-06-30T16:14:42.822720908Z,01JZ0SN4Z13DGFMWRG6H5FCFZR,2025-06-30T16:14:42.822720908Z,01JZ0SN62T6N1FSEVAV8CX6341,2025-06-30T16:14:42.822720908Z
01JZ0G147H90RMNHF778S2F11H,01JZ0F67X5J6SBR3095JZ2KKHQ,2025-06-30T13:22:09.265538749Z,01JZ0F67ZC5C7QZPK5TEQ23RT2,2025-06-30T13:22:09.265538749Z,01JZ0FGZ3TEBS93H4SFF5B7S2S,2025-06-30T13:22:09.265538749Z,01JZ0FSQ4V25AWYKGJJ1ZAK9SV,2025-06-30T13:22:09.265538749Z,01JZ0FSQ9F33C4Z9DTR6THNFVH,2025-06-30T13:22:09.265538749Z
01JZ0G2B0DSN7GEFPB5Y92NW9H,01JZ0F67X5J6SBR3095JZ2KKHQ,2025-06-30T13:22:48.973724432Z,01JZ0F67Z9QH00F8GAYATW0H4D,2025-06-30T13:22:48.973724432Z,01JZ0FBFHWN5BJ51P0FGARBC23,2025-06-30T13:22:48.973724432Z,01JZ0FTXWM694R5TBTQY6QHMR5,2025-06-30T13:22:48.973724432Z,01JZ0FTY185K5JAWP4Y1XCYQAS,2025-06-30T13:22:48.973724432Z
01JZ0HCAVH1FV6Q2SJVEH458RD,01JZ0H1K4AG17CS34Z9G9MQYDS,2025-06-30T13:45:45.073647778Z,01JZ0H1K6THHEJQ855QF7WP6P1,2025-06-30T13:45:45.073647778Z,01JZ0H3CNXXCY16G7HRC2VAP66,2025-06-30T13:45:45.073647778Z,01JZ0H8M6RNVPAN6FF1JPRG2N3,2025-06-30T13:45:45.073647778Z,01JZ0H8M95K0NCGBK2P74BAWW7,2025-06-30T13:45:45.073647778Z
01JZ0K4TJEZ3J95XK7H3NW7VB2,01JZ0JJRG62BDVPN4H0KJ2XPWK,2025-06-30T14:16:36.175011943Z,01JZ0JJRMFBKARHHQY8ZXKDX2Q,2025-06-30T14:16:36.175011943Z,01JZ0JMENDQ776M5WP6RMTBCJC,2025-06-30T14:16:36.175011943Z,01JZ0K2YERTFQAJEQ3WTQCHG83,2025-06-30T14:16:36.175011943Z,01JZ0K2YH84DTYQ9GTMSMESZJY,2025-06-30T14:16:36.175011943Z
01JZ0P9V6S2CYRZHZX4SW430ZT,01JZ0NSN7EKS122Z238A4PF66D,2025-06-30T15:11:46.394034874Z,01JZ0NSNACQB6FV8GE0XS7JKF9,2025-06-30T15:11:46.394034874Z,01JZ0P2VRWVMWZZ8N9Z8Y5JQ15,2025-06-30T15:11:46.394034874Z,01JZ0P7YN1V2MR96D77PEXSMK2,2025-06-30T15:11:46.394034874Z,01JZ0P7YR1GKEJM57XS21BYM10,2025-06-30T15:11:46.394034874Z
01JZ0QNMFAQCK1S9DGE0ZVVWHB,01JZ0Q0CTMMAVY329HW6Z84SYY,2025-06-30T15:35:41.290346797Z,01JZ0Q0CX32Y5M8NZMVY0C598C,2025-06-30T15:35:41.290346797Z,01JZ0Q9VF2E3396PSDD6F3ESVG,2025-06-30T15:35:41.290346797Z,01JZ0QDJJ6PK2DGMBX0ZV8FAWJ,2025-06-30T15:35:41.290346797Z,01JZ0QDJS22S799SNS5WQRJP09,2025-06-30T15:35:41.290346797Z
01JZ0VH6DNJNSXWCFBX46ND9WR,01JZ0TXM4HA3Q8P6D6TPYYS7R3,2025-06-30T16:43:10.133507293Z,01JZ0TXM7C18DJWS688K2WH576,2025-06-30T16:43:10.133507293Z,01JZ0V0QWDKKE2Y7QVNMAD1GY6,2025-06-30T16:43:10.133507293Z,01JZ0V8ZTNVSWJ9G2H4MRHHPET,2025-06-30T16:43:10.133507293Z,01JZ0V909C373QS7799JXY9YVC,2025-06-30T16:43:10.133507293Z
01JZ0FRE2P15BJDTFM9XJ9FV5A,01JZ0F67X5J6SBR3095JZ2KKHQ,2025-06-30T13:17:24.438817488Z,01JZ0F67ZT8SK3RX0KMQXRZR64,2025-06-30T13:17:24.438817488Z,01JZ0FCMR7Z7FFG5JXJBS56NZK,2025-06-30T13:17:24.438817488Z,01JZ0FH23BH62X4DWE790J4XPH,2025-06-30T13:17:24.438817488Z,01JZ0FH260NFJ56R0FTKR87728,2025-06-30T13:17:24.438817488Z
01JZ0FSXM5TS97CDK7M0V681HS,01JZ0F67X5J6SBR3095JZ2KKHQ,2025-06-30T13:18:13.125516357Z,01JZ0F67Z228X9RHKVM8F1277D,2025-06-30T13:18:13.125516357Z,01JZ0FBEXX6YYXM4ZAGWM86RSZ,2025-06-30T13:18:13.125516357Z,01JZ0FJ6PPRQHQXM29K4MXDKK9,2025-06-30T13:18:13.125516357Z,01JZ0FJ6VNCMHN20WKFYSF8WFV,2025-06-30T13:18:13.125516357Z
01JZ0K6YJPBJZX8JGVMQNEE0HV,01JZ0JJRG62BDVPN4H0KJ2XPWK,2025-06-30T14:17:45.814705935Z,01JZ0JJRK7MTN7FAC1224V82KC,2025-06-30T14:17:45.814705935Z,01JZ0JP3H5ZBY270NSRJET22GY,2025-06-30T14:17:45.814705935Z,01JZ0JYWVTXPY8CS9SR9JSTC6V,2025-06-30T14:17:45.814705935Z,01JZ0JYX6SNECJWP52GNYNHB4Y,2025-06-30T14:17:45.814705935Z
01JZ0RK6YNETZ9CE1RC36MQY5K,01JZ0R44WS56B1WD5354KYAZ6V,2025-06-30T15:51:50.485985538Z,01JZ0R44YD4TQ1QQVW9H1W0WBF,2025-06-30T15:51:50.485985538Z,01JZ0R748N2WK8HNRR37DG296Z,2025-06-30T15:51:50.485985538Z,01JZ0RDJ2QCC6HCJTXVC1C06TR,2025-06-30T15:51:50.485985538Z,01JZ0RDJN6N4JX59VYMCWSBW7H,2025-06-30T15:51:50.485985538Z
01JZ0SSNC2VGDSPQDJ7Z514H87,01JZ0S9G3E1V9Y4W1M8GV3AGA9,2025-06-30T16:12:50.434069572Z,01JZ0S9G72AZ3MF9HASHX1PW43,2025-06-30T16:12:50.434069572Z,01JZ0SHJF35Z3VHRZEEB8TRRCR,2025-06-30T16:12:50.434069572Z,01JZ0SSF26QZZFDZS5GDY53865,2025-06-30T16:12:50.434069572Z,01JZ0SSF8EHJFWSKCC2DKK1R1Q,2025-06-30T16:12:50.434069572Z
01JZ0FF1KJYA5RG82XMJXGC0DE,01JZ0F67X5J6SBR3095JZ2KKHQ,2025-06-30T13:12:16.754685228Z,01JZ0F67ZEPC67VW242P0YYZAA,2025-06-30T13:12:16.754685228Z,01JZ0FB5NM2PBQFGSVXVEDAQ5Y,2025-06-30T13:12:16.754685228Z,01JZ0FF14X0MM27BYR9WVNF7XH,2025-06-30T13:12:16.754685228Z,01JZ0FF15R5CM3SKBF6RT3YR3Y,2025-06-30T13:12:16.754685228Z
01JZ0HG0G7TXK9AJR6RN30M8JZ,01JZ0H1K4AG17CS34Z9G9MQYDS,2025-06-30T13:47:45.543547487Z,01JZ0H1K6THHEJQ855QF7WP6P1,2025-06-30T13:47:45.543547487Z,01JZ0H37QX2G6JSTQ9DTXQ42SA,2025-06-30T13:47:45.543547487Z,01JZ0H8M72KGW5DZTNWT8DQ8F9,2025-06-30T13:47:45.543547487Z,01JZ0H8MA37Y6WY6R0W9WZSGZ3,2025-06-30T13:47:45.543547487Z
01JZ0JZARVWTDDXGDFYVWHSS45,01JZ0JJRG62BDVPN4H0KJ2XPWK,2025-06-30T14:13:36.155126711Z,01JZ0JJRMQ32S1DDP8PZN3RKEA,2025-06-30T14:13:36.155126711Z,01JZ0JNFFC7EQBWHX80ZDTKTSW,2025-06-30T14:13:36.155126711Z,01JZ0JSS78RK42Y17VNQFVPT1K,2025-06-30T14:13:36.155126711Z,01JZ0JSSA6YS5MYGZXV9CSTSFQ,2025-06-30T14:13:36.155126711Z
01JZ0MA71GWCVYR4V78TZ0QJBA,01JZ0KZHFC2GEC175ZSKVHYGR2,2025-06-30T14:37:01.360471704Z,01JZ0KZHHH6W8J7M02JDFMAQF5,2025-06-30T14:37:01.360471704Z,01JZ0M54HPQHGGA41RRPR08XFH,2025-06-30T14:37:01.360471704Z,01JZ0MA574X9M9M5C7JRDZ3A20,2025-06-30T14:37:01.360471704Z,01JZ0MA5A9RHJ12XEVTB3XWF7R,2025-06-30T14:37:01.360471704Z
01JZ0PD4S0XA4EHRJHPY62HWQS,01JZ0NSN7EKS122Z238A4PF66D,2025-06-30T15:13:34.496345811Z,01JZ0NSNAYA5ZEAQVB789Y1XW2,2025-06-30T15:13:34.496345811Z,01JZ0NVNVCS2PF70NRPAQFB4PC,2025-06-30T15:13:34.496345811Z,01JZ0PB8CZS6M8SVA60NSTSB4W,2025-06-30T15:13:34.496345811Z,01JZ0PB8G159ZN2PJHSS9MHNRV,2025-06-30T15:13:34.496345811Z
01JZ0RQDQ8M2ZCXTM8AY2AJZ86,01JZ0R44WS56B1WD5354KYAZ6V,2025-06-30T15:54:08.488531988Z,01JZ0R450M24K8ZS9F18EDTFG6,2025-06-30T15:54:08.488531988Z,01JZ0RBHM6DJSV98KF0MQ35S2E,2025-06-30T15:54:08.488531988Z,01JZ0RFVCVWSQKJQ7W948JHH3V,2025-06-30T15:54:08.488531988Z,01JZ0RFVQT5PCAZKWXGH0RD42S,2025-06-30T15:54:08.488531988Z
01JZ0RR2XDS7NJHYHVKFFGWC6N,01JZ0R44WS56B1WD5354KYAZ6V,2025-06-30T15:54:30.189554737Z,01JZ0R450M24K8ZS9F18EDTFG6,2025-06-30T15:54:30.189554737Z,01JZ0R9CVW07WWQDKP3M8KKGEY,2025-06-30T15:54:30.189554737Z,01JZ0RFVBFFNRKJT9EHEAYC485,2025-06-30T15:54:30.189554737Z,01JZ0RFVWN170CBGHE0CV24TPX,2025-06-30T15:54:30.189554737Z
01JZ0SSD9W7F20JYCDMKXC6FB7,01JZ0S9G3E1V9Y4W1M8GV3AGA9,2025-06-30T16:12:42.172575009Z,01JZ0S9GBDE95BAEJ35DY3VGC4,2025-06-30T16:12:42.172575009Z,01JZ0SQ9PF520D4EJDE9FVG6JE,2025-06-30T16:12:42.172575009Z,01JZ0SQECM4D5XPER5PREQ6RDB,2025-06-30T16:12:42.172575009Z,01JZ0SQEKJAXEV821HYNHJ7WE2,2025-06-30T16:12:42.172575009Z
01JZ0FNP298MQ0Z5ZDA5XDBGST,01JZ0F67X5J6SBR3095JZ2KKHQ,2025-06-30T13:15:54.313595235Z,01JZ0F67Z9QH00F8GAXY086HB5,2025-06-30T13:15:54.313595235Z,01JZ0FD79YGYA2VDDBD6504FRR,2025-06-30T13:15:54.313595235Z,01JZ0FNMHNGFQRC9AEB9KVCBTA,2025-06-30T13:15:54.313595235Z,01JZ0FNMJQYJ3XE7Q35QFSX7PX,2025-06-30T13:15:54.313595235Z
01JZ0SXE31C1X9GYHJZV3ENF1M,01JZ0S9G3E1V9Y4W1M8GV3AGA9,2025-06-30T16:14:54.049222882Z,01JZ0S9G69Y1BMBR3KZBCDH0XZ,2025-06-30T16:14:54.049222882Z,01JZ0SAN7S16T6GKYDP9BE4Q9F,2025-06-30T16:14:54.049222882Z,01JZ0SN4V7E0WGAW93HPV2W0FT,2025-06-30T16:14:54.049222882Z,01JZ0SN6F6WB1YCGQJCBGBTK5X,2025-06-30T16:14:54.049222882Z
01JZ0VM962R4PD6NPGY30R9CFT,01JZ0TXM4HA3Q8P6D6TPYYS7R3,2025-06-30T16:44:51.266075495Z,01JZ0TXMB9EHVXHHHV3J3SQY3A,2025-06-30T16:44:51.266075495Z,01JZ0V6D24J8EMX9VZ5TJX2AXC,2025-06-30T16:44:51.266075495Z,01JZ0VC1WC4C34RME93WS25QAZ,2025-06-30T16:44:51.266075495Z,01JZ0VC2D31WVSXDQMH8BA7A7J,2025-06-30T16:44:51.266075495Z
01JZ0SWRPKN6EW8EEQ7AY0FGEP,01JZ0S9G3E1V9Y4W1M8GV3AGA9,2025-06-30T16:14:32.14703877Z,01JZ0S9G69Y1BMBR3KZBCDH0XZ,2025-06-30T16:14:32.14703877Z,01JZ0SFBWH5DH0RBKQRJ6TWQK5,2025-06-30T16:14:32.14703877Z,01JZ0SN4WX49FYA3BQ47HSYF17,2025-06-30T16:14:32.14703877Z,01JZ0SN5PVCQW1E8JZ6SKH587R,2025-06-30T16:14:32.14703877Z
01JZ0HGDF1B45A8HXDPN0QRB1S,01JZ0H1K4AG17CS34Z9G9MQYDS,2025-06-30T13:47:58.817305629Z,01JZ0H1K7HVYD71R3W6V80C6V1,2025-06-30T13:47:58.817305629Z,01JZ0H3YKDCKC58R863JCARE6G,2025-06-30T13:47:58.817305629Z,01JZ0HAVS54E0S6EA1VSCPJE2W,2025-06-30T13:47:58.817305629Z,01JZ0HAVVM0BY2RF8T835AFZ86,2025-06-30T13:47:58.817305629Z
01JZ0MDKMSV6KC055WFWWHRCJ9,01JZ0KZHFC2GEC175ZSKVHYGR2,2025-06-30T14:38:52.569607846Z,01JZ0KZHGXZ28TMC40NC90GVYX,2025-06-30T14:38:52.569607846Z,01JZ0M3P9VKZ1RS5GDCN0TA36R,2025-06-30T14:38:52.569607846Z,01JZ0M9WSQ9DM8WT39RMXP13EB,2025-06-30T14:38:52.569607846Z,01JZ0M9WX75K2NEFNJQ9PW944K,2025-06-30T14:38:52.569607846Z
01JZ0MFQSN380F14JJYPKQ4ZB3,01JZ0KZHFC2GEC175ZSKVHYGR2,2025-06-30T14:40:02.357714052Z,01JZ0KZHHH6W8J7M02JDFMAQF5,2025-06-30T14:40:02.357714052Z,01JZ0M5STKY126HRQQPVQ7WSVN,2025-06-30T14:40:02.357714052Z,01JZ0MA57G6F6CZSS6TXQYY4X3,2025-06-30T14:40:02.357714052Z,01JZ0MA5D9NCX4DEB44ARNCQNX,2025-06-30T14:40:02.357714052Z
01JZ0RTHBA6E4DX5QR11D6N1W9,01JZ0R44WS56B1WD5354KYAZ6V,2025-06-30T15:55:50.506121262Z,01JZ0R44ZAP7PYVAMQ60PRQDRH,2025-06-30T15:55:50.506121262Z,01JZ0R9NKSZXK437J316D7FC4F,2025-06-30T15:55:50.506121262Z,01JZ0RJBPYV67ZX54VSJ1EA9P4,2025-06-30T15:55:50.506121262Z,01JZ0RJC4ZE2NAMZ2CN9P8W9BH,2025-06-30T15:55:50.506121262Z
01JZ0SZMHD6DQKZYN34M2SNNP5,01JZ0S9G3E1V9Y4W1M8GV3AGA9,2025-06-30T16:16:06.189538306Z,01JZ0S9GBDE95BAEJ35DY3VGC4,2025-06-30T16:16:06.189538306Z,01JZ0SEY1R1NKY7QYBNSN52N16,2025-06-30T16:16:06.189538306Z,01JZ0SQEFRCWKP9ZEKVZV9NZ6R,2025-06-30T16:16:06.189538306Z,01JZ0SQEW87N3QG2WWCC39NJ8W,2025-06-30T16:16:06.189538306Z
01JZ0VM99X3KGAWV51KR884MG3,01JZ0TXM4HA3Q8P6D6TPYYS7R3,2025-06-30T16:44:51.389443704Z,01JZ0TXMB9EHVXHHHV3J3SQY3A,2025-06-30T16:44:51.389443704Z,01JZ0V235S6CZJYVFR20PRGSYA,2025-06-30T16:44:51.389443704Z,01JZ0VC1WC4C34RME93WS25QAZ,2025-06-30T16:44:51.389443704Z,01JZ0VC2D31WVSXDQMH8BA7A7J,2025-06-30T16:44:51.389443704Z
01JZ0FQHDFFGVETKKM4HDFWASF,01JZ0F67X5J6SBR3095JZ2KKHQ,2025-06-30T13:16:55.087960747Z,01JZ0F67ZFPZEHV6BKFXQYDXZZ,2025-06-30T13:16:55.087960747Z,01JZ0FB6D8SDYQHCG01GZECWK6,2025-06-30T13:16:55.087960747Z,01JZ0FG2SD3EGXTWS7DEQHS433,2025-06-30T13:16:55.087960747Z,01JZ0FG2YZPED3HYBNBF60BYJD,2025-06-30T13:16:55.087960747Z
01JZ0FMBJKF5Z4WT3D2KG5840N,01JZ0F67X5J6SBR3095JZ2KKHQ,2025-06-30T13:15:10.803200513Z,01JZ0F67ZMW5MYVAMRDCKET4QV,2025-06-30T13:15:10.803200513Z,01JZ0FB8RWXGRKEDFRWB4CEM4K,2025-06-30T13:15:10.803200513Z,01JZ0FETS8ER9G1DS9D9GHXGJ5,2025-06-30T13:15:10.803200513Z,01JZ0FETTRYWNQCHHZRR5GKR7V,2025-06-30T13:15:10.803200513Z
01JZ0FP5D0S1Q7GQZWPGHB14GG,01JZ0F67X5J6SBR3095JZ2KKHQ,2025-06-30T13:16:10.016462059Z,01JZ0F6805RKXP4JKMN5N89R8W,2025-06-30T13:16:10.016462059Z,01JZ0FBK3D0FB3G5QDK7X1X7G7,2025-06-30T13:16:10.016462059Z,01JZ0FEFHWPKWAGJFFY68HH92Z,2025-06-30T13:16:10.016462059Z,01JZ0FEFMKN8GN86SHCG0DWKZD,2025-06-30T13:16:10.016462059Z
01JZ0FQVHVJBQVP232W2DSN983,01JZ0F67X5J6SBR3095JZ2KKHQ,2025-06-30T13:17:05.467601325Z,01JZ0F67ZFPZEHV6BKFXQYDXZZ,2025-06-30T13:17:05.467601325Z,01JZ0FBS7JDEVVPEXEYNA1T4RE,2025-06-30T13:17:05.467601325Z,01JZ0FG2SQ8Q4XBS92Y2AR51EP,2025-06-30T13:17:05.467601325Z,01JZ0FG2ZT9WG9PX7TSK94NDVN,2025-06-30T13:17:05.467601325Z
01JZ0FS8R8JTCP5VRBN1HBZEC5,01JZ0F67X5J6SBR3095JZ2KKHQ,2025-06-30T13:17:51.752548891Z,01JZ0F67ZJJG6P50PFSVWKXYA5,2025-06-30T13:17:51.752548891Z,01JZ0FA7FFS51AB79BBEZA4BBG,2025-06-30T13:17:51.752548891Z,01JZ0FHJQ14NKNJP8JV6J9ESSW,2025-06-30T13:17:51.752548891Z,01JZ0FHJVYPZFFCQWCDMWPFDRT,2025-06-30T13:17:51.752548891Z
01JZ0HE5MXJQ0SQ11YGKH4TNC1,01JZ0H1K4AG17CS34Z9G9MQYDS,2025-06-30T13:46:45.277200214Z,01JZ0H1K6THHEJQ855QF7WP6P1,2025-06-30T13:46:45.277200214Z,01JZ0H3MSCHF8EHSQ33HEQDG2Z,2025-06-30T13:46:45.277200214Z,01JZ0H8M6RNVPAN6FF1JPRG2N3,2025-06-30T13:46:45.277200214Z,01JZ0H8M9AAH7TM362W804CMGS,2025-06-30T13:46:45.277200214Z
01JZ0NNQ4MP2J1N0D926FGCBNY,01JZ0N9PMZHSN31DAQRPMDQCYE,2025-06-30T15:00:46.868203365Z,01JZ0N9PQHD06TCBXAQZTT3H76,2025-06-30T15:00:46.868203365Z,01JZ0NGNCA21NZZE8PJPN10BTS,2025-06-30T15:00:46.868203365Z,01JZ0NKT353JX7TDZWFQNH8NHN,2025-06-30T15:00:46.868203365Z,01JZ0NKT71AJ0HAAWPFJFJHFVG,2025-06-30T15:00:46.868203365Z
01JZ0TRSSWT0Z1CV1CR6VPW807,01JZ0T594M7DT83RJMYEJDT186,2025-06-30T16:29:50.780869897Z,01JZ0T59780CP4Z1F2CEHFDNAC,2025-06-30T16:29:50.780869897Z,01JZ0T99WGNY3W44R5KQDMRP3G,2025-06-30T16:29:50.780869897Z,01JZ0TGXCR7PSB2KKNSYBDY0BZ,2025-06-30T16:29:50.780869897Z,01JZ0TGXR6RVB311YE86XD2ZPR,2025-06-30T16:29:50.780869897Z
01JZ0FK4HM3XKN7S86G03JX3XB,01JZ0F67X5J6SBR3095JZ2KKHQ,2025-06-30T13:14:30.83654553Z,01JZ0F67ZKKPGDC64ETWQZ69WV,2025-06-30T13:14:30.83654553Z,01JZ0FBN02HG46T50M0DC5KD9N,2025-06-30T13:14:30.83654553Z,01JZ0FFEABFZ5CT87GW8737MVN,2025-06-30T13:14:30.83654553Z,01JZ0FFEC6XGG49HV5FMTAEST6,2025-06-30T13:14:30.83654553Z
01JZ0FSKGJRGNFBARRWKDMKRPP,01JZ0F67X5J6SBR3095JZ2KKHQ,2025-06-30T13:18:02.770434781Z,01JZ0F67Z228X9RHKVM8F1277D,2025-06-30T13:18:02.770434781Z,01JZ0FBGYJV6XECY8PBES7705P,2025-06-30T13:18:02.770434781Z,01JZ0FJ6PYSXW0RMHQBBYC476P,2025-06-30T13:18:02.770434781Z,01JZ0FJ6TWDNSF34ATV5J2S7NN,2025-06-30T13:18:02.770434781Z
01JZ0FXAP41R1DM189HCTGYC5Q,01JZ0F67X5J6SBR3095JZ2KKHQ,2025-06-30T13:20:04.804790157Z,01JZ0F67Z49S75BR56TBMFCZ55,2025-06-30T13:20:04.804790157Z,01JZ0FBTZN02PXBW67S86C0YTF,2025-06-30T13:20:04.804790157Z,01JZ0FQRVP5GMFQVC581G5X73Z,2025-06-30T13:20:04.804790157Z,01JZ0FQRYE5D08GHPGRQ7F9MSZ,2025-06-30T13:20:04.804790157Z
01JZ0HDWJNX9KK4X7XVHFP1Q8B,01JZ0H1K4AG17CS34Z9G9MQYDS,2025-06-30T13:46:35.990037722Z,01JZ0H1K7C3FKHJS5GP9RE7N8D,2025-06-30T13:46:35.990037722Z,01JZ0H4A3NXPTV7JEQMX36WWX4,2025-06-30T13:46:35.990037722Z,01JZ0HA59FS77DYF0M07SAVR93,2025-06-30T13:46:35.990037722Z,01JZ0HA5D7T746XNRX43WP2G95,2025-06-30T13:46:35.990037722Z
01JZ0K2MNCRC4PKXT65X41BZ0W,01JZ0JJRG62BDVPN4H0KJ2XPWK,2025-06-30T14:15:24.588774718Z,01JZ0JJRK7MTN7FAC1224V82KC,2025-06-30T14:15:24.588774718Z,01JZ0JMRZCYKKS11NMJE3Z1M2V,2025-06-30T14:15:24.588774718Z,01JZ0JYWVCPFC72SM7P2B0329V,2025-06-30T14:15:24.588774718Z,01JZ0JYX1PFCYQE7JJWSSH8D3P,2025-06-30T14:15:24.588774718Z
01JZ0K4ANYNTZJ22BX3P0VXSWJ,01JZ0JJRG62BDVPN4H0KJ2XPWK,2025-06-30T14:16:19.902174181Z,01JZ0JJRKVJXBJGVYTJ6TBMBFM,2025-06-30T14:16:19.902174181Z,01JZ0JRQJFXEWFAWM7PWAPW35D,2025-06-30T14:16:19.902174181Z,01JZ0JW9GP4E6S48S0QQWC18YS,2025-06-30T14:16:19.902174181Z,01JZ0JW9P8QTKHS5TNYPXNDT68,2025-06-30T14:16:19.902174181Z
01JZ0VAYXPJZPJ1WXEFRF3DYG8,01JZ0TXM4HA3Q8P6D6TPYYS7R3,2025-06-30T16:39:45.846731317Z,01JZ0TXM7C18DJWS688K2WH576,2025-06-30T16:39:45.846731317Z,01JZ0V2DYNG9H8Y855B84GV7Y8,2025-06-30T16:39:45.846731317Z,01JZ0V8ZQZFAA3Z4NYN9H5S8FG,2025-06-30T16:39:45.846731317Z,01JZ0V90034NVD22Q7BJYKHTKE,2025-06-30T16:39:45.846731317Z
01JZ0FQSR1JMM2CGSDAZGRD3K1,01JZ0F67X5J6SBR3095JZ2KKHQ,2025-06-30T13:17:03.617318721Z,01JZ0F67Z49S75BR56TBMFCZ55,2025-06-30T13:17:03.617318721Z,01JZ0FFQFYN84KEVXA2V476V6H,2025-06-30T13:17:03.617318721Z,01JZ0FQRV86T3D357C7FEC28TG,2025-06-30T13:17:03.617318721Z,01JZ0FQRWSXTWWYSZYJ33CE0NE,2025-06-30T13:17:03.617318721Z
01JZ0FQH3TP3JSWATPJMYR4XXA,01JZ0F67X5J6SBR3095JZ2KKHQ,2025-06-30T13:16:54.778827771Z,01JZ0F67Z745P2890BJ7Q88E3R,2025-06-30T13:16:54.778827771Z,01JZ0FC56QHHEXNXG28RA69XDS,2025-06-30T13:16:54.778827771Z,01JZ0FHYT9MR26XHFRG86H7E34,2025-06-30T13:16:54.778827771Z,01JZ0FHYVQ2SKG7NVAC6AS69R0,2025-06-30T13:16:54.778827771Z
01JZ0FY2ZFJT0V6RZ62HP2V17X,01JZ0F67X5J6SBR3095JZ2KKHQ,2025-06-30T13:20:29.679480919Z,01JZ0F67Z8B8A42G6Y5XQ0NS83,2025-06-30T13:20:29.679480919Z,01JZ0FE684K4966TB954TX4AR0,2025-06-30T13:20:29.679480919Z,01JZ0FW5GZ8NR8PVKBDD2P70TS,2025-06-30T13:20:29.679480919Z,01JZ0FW5QGFJPJFP15FA134F1G,2025-06-30T13:20:29.679480919Z
01JZ0K415T8GRQTPP0HXYY02P9,01JZ0JJRG62BDVPN4H0KJ2XPWK,2025-06-30T14:16:10.170413512Z,01JZ0JJRM7K0MBX3MKCVTKC5NR,2025-06-30T14:16:10.170413512Z,01JZ0JXWKS0M8W514SAFXDFCXQ,2025-06-30T14:16:10.170413512Z,01JZ0K098RXBK86NWQE5BGP8AC,2025-06-30T14:16:10.170413512Z,01JZ0K09EMBRW81QFHCACCVZJ6,2025-06-30T14:16:10.170413512Z
01JZ0MP7Z80FPWX70HPQZNJ0WB,01JZ0KZHFC2GEC175ZSKVHYGR2,2025-06-30T14:43:35.528453338Z,01JZ0KZHHC2JQ9380R79DSYF93,2025-06-30T14:43:35.528453338Z,01JZ0MGE22GN7DC08WS3FXT3M0,2025-06-30T14:43:35.528453338Z,01JZ0MGP26NJJGJCWPQGW8F3YX,2025-06-30T14:43:35.528453338Z,01JZ0MGP5GV3WV5XPVQ1M0V0JK,2025-06-30T14:43:35.528453338Z
01JZ0VKY1HKAC9N6PD07599S6F,01JZ0TXM4HA3Q8P6D6TPYYS7R3,2025-06-30T16:44:39.857688668Z,01JZ0TXMB9EHVXHHHV3J3SQY3A,2025-06-30T16:44:39.857688668Z,01JZ0V235S6CZJYVFR20PRGSYA,2025-06-30T16:44:39.857688668Z,01JZ0VC1V62TS189C1JK35JTM8,2025-06-30T16:44:39.857688668Z,01JZ0VC2AMBYRDKAMFWZYK4KZE,2025-06-30T16:44:39.857688668Z
01JZ0FMHTGEGJ2N62FTKZP7040,01JZ0F67X5J6SBR3095JZ2KKHQ,2025-06-30T13:15:17.200188886Z,01JZ0F67ZEPC67VW242P0YYZAA,2025-06-30T13:15:17.200188886Z,01JZ0FB4C7Y78SJ4DA45DQ131P,2025-06-30T13:15:17.200188886Z,01JZ0FF152BEQYSVW0DGQ8J2MY,2025-06-30T13:15:17.200188886Z,01JZ0FF16EY6W0Y9819NNFJ5AK,2025-06-30T13:15:17.200188886Z
01JZ0FZG3KD2JJ5PVENV7ZHBN4,01JZ0F67X5J6SBR3095JZ2KKHQ,2025-06-30T13:21:15.895933405Z,01JZ0F67Z49S75BR56TBMFCZ55,2025-06-30T13:21:15.895933405Z,01JZ0FFGTFMV7PJRGYB0RPYNEQ,2025-06-30T13:21:15.895933405Z,01JZ0FQRW1AKY8KSG8423XZDAV,2025-06-30T13:21:15.895933405Z,01JZ0FQRZWJVMX733ZSKEE7G0G,2025-06-30T13:21:15.895933405Z
01JZ0HC69FTZ7S96EP3N2E8BHH,01JZ0H1K4AG17CS34Z9G9MQYDS,2025-06-30T13:45:40.399394288Z,01JZ0H1K7FV78W73P31JXQYTKA,2025-06-30T13:45:40.399394288Z,01JZ0H8Y1HSR83Q5C08BNXNQBS,2025-06-30T13:45:40.399394288Z,01JZ0HC58QFJEJ8VBWDVYV73JX,2025-06-30T13:45:40.399394288Z,01JZ0HC5AD0NNJETZEAHVDA71P,2025-06-30T13:45:40.399394288Z
01JZ0HG0GPWMVT8T2E2M4TXK4Q,01JZ0H1K4AG17CS34Z9G9MQYDS,2025-06-30T13:47:45.558911207Z,01JZ0H1K6THHEJQ855QF7WP6P1,2025-06-30T13:47:45.558911207Z,01JZ0H6DP3F32ZH0Y01CT1VX9P,2025-06-30T13:47:45.558911207Z,01JZ0H8M72KGW5DZTNWT8DQ8F9,2025-06-30T13:47:45.558911207Z,01JZ0H8MA37Y6WY6R0W9WZSGZ3,2025-06-30T13:47:45.558911207Z
01JZ0HJJJYPNGNXC8SC95H0GMS,01JZ0H1K4AG17CS34Z9G9MQYDS,2025-06-30T13:49:09.598560253Z,01JZ0H1K7HVYD71R3W6V80C6V1,2025-06-30T13:49:09.598560253Z,01JZ0H5AXYRKCCAM24KW8RVMWP,2025-06-30T13:49:09.598560253Z,01JZ0HAVSPDR7MY1DNJHFYYY73,2025-06-30T13:49:09.598560253Z,01JZ0HAVX24JF16MMSM37N5JCP,2025-06-30T13:49:09.598560253Z
01JZ0MCJ5M0AAAT6BMBMRCGWYM,01JZ0KZHFC2GEC175ZSKVHYGR2,2025-06-30T14:38:18.292441747Z,01JZ0KZHGK1V8ZC0AXDBXBYAX9,2025-06-30T14:38:18.292441747Z,01JZ0M3MNV9G8QBABMQR9NRFSY,2025-06-30T14:38:18.292441747Z,01JZ0M8V6QTQ2XMY7H3K1D6P3H,2025-06-30T14:38:18.292441747Z,01JZ0M8V9JM76WM0YQ4FYK6VVS,2025-06-30T14:38:18.292441747Z
01JZ0SR2W5DRE2WTAS6EC43V99,01JZ0S9G3E1V9Y4W1M8GV3AGA9,2025-06-30T16:11:58.725436853Z,01JZ0S9G7VJHRZZRV1KXAXAXSY,2025-06-30T16:11:58.725436853Z,01JZ0SG74N5JZ3XSFK40RQAATP,2025-06-30T16:11:58.725436853Z,01JZ0SP48F3VDFFJ0GMG3AQPDM,2025-06-30T16:11:58.725436853Z,01JZ0SP4M6CB89J2SW0981SPWN,2025-06-30T16:11:58.725436853Z
01JZ0FPHT4ANSZ6ERM7G5WVQZW,01JZ0F67X5J6SBR3095JZ2KKHQ,2025-06-30T13:16:22.725027339Z,01JZ0F67ZNGQ7M2D3G364WEKWP,2025-06-30T13:16:22.725027339Z,01JZ0FJS48KWCXDKD6ZRVDSXBC,2025-06-30T13:16:22.725027339Z,01JZ0FPGDAPG30FJ3SWC4WDBHJ,2025-06-30T13:16:22.725027339Z,01JZ0FPGE7XSSJC5D4ZKRW6251,2025-06-30T13:16:22.725027339Z
01JZ0K6AB2GB8YH0Q5Z6AGKNET,01JZ0JJRG62BDVPN4H0KJ2XPWK,2025-06-30T14:17:25.090465455Z,01JZ0JJRK7MTN7FAC1224V82KC,2025-06-30T14:17:25.090465455Z,01JZ0JP3H5ZBY270NSRJET22GY,2025-06-30T14:17:25.090465455Z,01JZ0JYWXE4Z0C49B2GAEXWPG4,2025-06-30T14:17:25.090465455Z,01JZ0JYX3R6DMCAQBCP3MHRP3T,2025-06-30T14:17:25.090465455Z
01JZ0MHWWG8V48KFEX6GEXJSV0,01JZ0KZHFC2GEC175ZSKVHYGR2,2025-06-30T14:41:13.104533263Z,01JZ0KZHHH6W8J7M02JDFMAQF5,2025-06-30T14:41:13.104533263Z,01JZ0M1F3F18ZRH41SFFXNC5Z8,2025-06-30T14:41:13.104533263Z,01JZ0MA5916T3H75HESE7GFNFJ,2025-06-30T14:41:13.104533263Z,01JZ0MA5GFKK4TBG9714N52PVS,2025-06-30T14:41:13.104533263Z
01JZ0RNFC6P3GHWAKGF0DR11NW,01JZ0R44WS56B1WD5354KYAZ6V,2025-06-30T15:53:04.646338051Z,01JZ0R44YD4TQ1QQVW9H1W0WBF,2025-06-30T15:53:04.646338051Z,01JZ0R9GRQ3PA7HCKR9SBRDB26,2025-06-30T15:53:04.646338051Z,01JZ0RDJ48J6R7M6PCV2Y06QPR,2025-06-30T15:53:04.646338051Z,01JZ0RDJVTWQMMKHXZD2VSG06N,2025-06-30T15:53:04.646338051Z
01JZ0FQGXRT7EJCC54HB6BTJYS,01JZ0F67X5J6SBR3095JZ2KKHQ,2025-06-30T13:16:54.584630165Z,01JZ0F67Z9QH00F8GAXY086HB5,2025-06-30T13:16:54.584630165Z,01JZ0FBZBPYQ4FYZK11FHC8KJR,2025-06-30T13:16:54.584630165Z,01JZ0FNMHABMQMJJE7Y0M736G4,2025-06-30T13:16:54.584630165Z,01JZ0FNMM2YADDXQXBFP61Z513,2025-06-30T13:16:54.584630165Z
01JZ0HE14JYM3KF1CH8AGA4ZR6,01JZ0H1K4AG17CS34Z9G9MQYDS,2025-06-30T13:46:40.658064018Z,01JZ0H1K7FV78W73P31JXQYTKA,2025-06-30T13:46:40.658064018Z,01JZ0H8Y1HSR83Q5C08BNXNQBS,2025-06-30T13:46:40.658064018Z,01JZ0HC59VR7BR28QM5T4X3DVY,2025-06-30T13:46:40.658064018Z,01JZ0HC5BQ6734HYWH2QRTC602,2025-06-30T13:46:40.658064018Z
01JZ0HGDFYN55CMFGCH1C55Y30,01JZ0H1K4AG17CS34Z9G9MQYDS,2025-06-30T13:47:58.846323575Z,01JZ0H1K7HVYD71R3W6V80C6V1,2025-06-30T13:47:58.846323575Z,01JZ0H4B1KEAXWACXAC16EVPKA,2025-06-30T13:47:58.846323575Z,01JZ0HAVS54E0S6EA1VSCPJE2W,2025-06-30T13:47:58.846323575Z,01JZ0HAVVM0BY2RF8T835AFZ86,2025-06-30T13:47:58.846323575Z
01JZ0HKVSSJZPPPD4A42S9YGY7,01JZ0H1K4AG17CS34Z9G9MQYDS,2025-06-30T13:49:51.801808656Z,01JZ0H1K7FV78W73P31JXQYTKA,2025-06-30T13:49:51.801808656Z,01JZ0H5M5HFDPMDY7KF9ZFXG0T,2025-06-30T13:49:51.801808656Z,01JZ0HC59EJJQ51Y8HSY95M67R,2025-06-30T13:49:51.801808656Z,01JZ0HC5E3SJJ3PGY99Z74TCG7,2025-06-30T13:49:51.801808656Z
01JZ0HSXV8AZH5YFDEQYR1VC06,01JZ0H1K4AG17CS34Z9G9MQYDS,2025-06-30T13:53:10.504620231Z,01JZ0H1K6XDYNJQ07N0KM3P1VX,2025-06-30T13:53:10.504620231Z,01JZ0HFZWZFDMFBRJWKXV4DXH9,2025-06-30T13:53:10.504620231Z,01JZ0HJ6JRFPNPRPH421VX8DFC,2025-06-30T13:53:10.504620231Z,01JZ0HJ6SGHP86XK7T10SR7KKZ,2025-06-30T13:53:10.504620231Z
01JZ0MAQC0XVG7A3FNCA8N02P0,01JZ0KZHFC2GEC175ZSKVHYGR2,2025-06-30T14:37:18.080158227Z,01JZ0KZHGK1V8ZC0AXDBXBYAX9,2025-06-30T14:37:18.080158227Z,01JZ0M3MNV9G8QBABMQR9NRFSY,2025-06-30T14:37:18.080158227Z,01JZ0M8V6QTQ2XMY7H3K1D6P3H,2025-06-30T14:37:18.080158227Z,01JZ0M8V9B8GNP5G24AABGPAB2,2025-06-30T14:37:18.080158227Z
01JZ0HCCFKK6ETSHX4RM2ZGVG9,01JZ0H1K4AG17CS34Z9G9MQYDS,2025-06-30T13:45:46.739092751Z,01JZ0H1K78HDDW9F2WM1P8VZMN,2025-06-30T13:45:46.739092751Z,01JZ0H6H4K79XNW5XKQJ205ZTV,2025-06-30T13:45:46.739092751Z,01JZ0HAGSF134DXMQJAXEF8DCZ,2025-06-30T13:45:46.739092751Z,01JZ0HAGV24QCEKDTHBMED66MS,2025-06-30T13:45:46.739092751Z
01JZ0FYHHQG57ZFK2ZAX4A71HR,01JZ0F67X5J6SBR3095JZ2KKHQ,2025-06-30T13:20:44.599194142Z,01JZ0F67ZNGQ7M2D3G364WEKWP,2025-06-30T13:20:44.599194142Z,01JZ0FCNHTSC7G0FEF4YCP958P,2025-06-30T13:20:44.599194142Z,01JZ0FPGB2RBFHA2C330T8B79V,2025-06-30T13:20:44.599194142Z,01JZ0FPGN1B4FQ01WXZBS6S5D9,2025-06-30T13:20:44.599194142Z
01JZ0HH4G1KEPHJ0E0X2BR9VGR,01JZ0H1K4AG17CS34Z9G9MQYDS,2025-06-30T13:48:22.401234083Z,01JZ0H1K706F68YJ8PB50DJAH3,2025-06-30T13:48:22.401234083Z,01JZ0HD6YGD591QW3T9DNTT5JC,2025-06-30T13:48:22.401234083Z,01JZ0HDDQ1TQC05SZV1MP12GS4,2025-06-30T13:48:22.401234083Z,01JZ0HDDSFZBZK7AXDGPTGJQ25,2025-06-30T13:48:22.401234083Z
01JZ0K1T5Z9JCF98FHBJDTEAQD,01JZ0JJRG62BDVPN4H0KJ2XPWK,2025-06-30T14:14:57.471628669Z,01JZ0JJRMQ32S1DDP8PZN3RKEA,2025-06-30T14:14:57.471628669Z,01JZ0JN6JMZG2FMKENBAS8NM9Y,2025-06-30T14:14:57.471628669Z,01JZ0JSS81X5CC670C1ANK4RPK,2025-06-30T14:14:57.471628669Z,01JZ0JSSDC0HRNT5M54134XJAC,2025-06-30T14:14:57.471628669Z
01JZ0VFXKM318F0FNMA87VYK7D,01JZ0TXM4HA3Q8P6D6TPYYS7R3,2025-06-30T16:42:28.34071413Z,01JZ0TXM9G1YQW4PKWAZEHBP4X,2025-06-30T16:42:28.34071413Z,01JZ0V4QNV0ZADMBTC1TQANM95,2025-06-30T16:42:28.34071413Z,01JZ0VA38AG5CMBPK3H4ZDH1EB,2025-06-30T16:42:28.34071413Z,01JZ0VA3G9VX5YA7Q2K05M1TQK,2025-06-30T16:42:28.34071413Z
01JZ0FSMNCSGS9QT8NR8RQESMN,01JZ0F67X5J6SBR3095JZ2KKHQ,2025-06-30T13:18:03.948851638Z,01JZ0F67ZGT4J2NC89JRSKF93F,2025-06-30T13:18:03.948851638Z,01JZ0FACXFQT958QDG28MQWC64,2025-06-30T13:18:03.948851638Z,01JZ0FHY0YX6VXD837C7T744D0,2025-06-30T13:18:03.948851638Z,01JZ0FHY3M9QVXEYX75MCXVM2N,2025-06-30T13:18:03.948851638Z
01JZ0HDWHSWY3BJ9RD8JYD2NFV,01JZ0H1K4AG17CS34Z9G9MQYDS,2025-06-30T13:46:35.961634769Z,01JZ0H1K7C3FKHJS5GP9RE7N8D,2025-06-30T13:46:35.961634769Z,01JZ0H6K2HFSCPNFH59C03RZVV,2025-06-30T13:46:35.961634769Z,01JZ0HA59FS77DYF0M07SAVR93,2025-06-30T13:46:35.961634769Z,01JZ0HA5D7T746XNRX43WP2G95,2025-06-30T13:46:35.961634769Z
01JZ0HQNWGW9HE3MMGVED2EFTH,01JZ0H1K4AG17CS34Z9G9MQYDS,2025-06-30T13:51:56.816258514Z,01JZ0H1K72P9WWMQFG7ACVRNHM,2025-06-30T13:51:56.816258514Z,01JZ0H3T4YGXY3JXDPRSNCMQN3,2025-06-30T13:51:56.816258514Z,01JZ0HKZ2G50KS7CBCD3M87YFZ,2025-06-30T13:51:56.816258514Z,01JZ0HKZ54PQ7DGBPD2DVHEXWT,2025-06-30T13:51:56.816258514Z
01JZ0NSD0YWX89RJA0TY09B3Y8,01JZ0N9PMZHSN31DAQRPMDQCYE,2025-06-30T15:02:47.582301918Z,01JZ0N9PQHD06TCBXAQZTT3H76,2025-06-30T15:02:47.582301918Z,01JZ0NG88M5Q25NCB0XJJ5X4TH,2025-06-30T15:02:47.582301918Z,01JZ0NKT353JX7TDZWFQNH8NHN,2025-06-30T15:02:47.582301918Z,01JZ0NKT7K4AYSPZC9B59JGMZ9,2025-06-30T15:02:47.582301918Z
01JZ0RGR8Y7F0NFH9CCTN778X1,01JZ0R44WS56B1WD5354KYAZ6V,2025-06-30T15:50:29.918578123Z,01JZ0R44YW0T94WKHD2ZAT9VPC,2025-06-30T15:50:29.918578123Z,01JZ0RAVXZQ0FES5XXPFTQPKP9,2025-06-30T15:50:29.918578123Z,01JZ0RCZ5WMDRF6E7DKWB3TR0Z,2025-06-30T15:50:29.918578123Z,01JZ0RCZEY2GM308G43WZB43HS,2025-06-30T15:50:29.918578123Z
01JZ0FKSGJQQYSVQCPJZMY8AHQ,01JZ0F67X5J6SBR3095JZ2KKHQ,2025-06-30T13:14:52.306619957Z,01JZ0F67ZGT4J2NC89JRSKF93F,2025-06-30T13:14:52.306619957Z,01JZ0FC4XRFY88GCABCTE4M9JC,2025-06-30T13:14:52.306619957Z,01JZ0FHY0FF9TVSRZETCEYCTMP,2025-06-30T13:14:52.306619957Z,01JZ0FHY24PA1R5QHATJEKN4PQ,2025-06-30T13:14:52.306619957Z
01JZ0HG0HGQPYF134EQ0XGZ50C,01JZ0H1K4AG17CS34Z9G9MQYDS,2025-06-30T13:47:45.584248308Z,01JZ0H1K6THHEJQ855QF7WP6P1,2025-06-30T13:47:45.584248308Z,01JZ0H3KVYK2WH1VQVZ8KDFR0N,2025-06-30T13:47:45.584248308Z,01JZ0H8M72KGW5DZTNWT8DQ8F9,2025-06-30T13:47:45.584248308Z,01JZ0H8MA37Y6WY6R0W9WZSGZ3,2025-06-30T13:47:45.584248308Z
01JZ0K1VEKYB9DF3FD5SAJRHJY,01JZ0JJRG62BDVPN4H0KJ2XPWK,2025-06-30T14:14:58.771794374Z,01JZ0JJRKVJXBJGVYTJ6TBMBFM,2025-06-30T14:14:58.771794374Z,01JZ0JN4F2114ZS0WES1BTCGSF,2025-06-30T14:14:58.771794374Z,01JZ0JW9G1715DA28FHK9V31XS,2025-06-30T14:14:58.771794374Z,01JZ0JW9KGW8AB7MX6GG82BSHN,2025-06-30T14:14:58.771794374Z
01JZ0K415DC5FRFQTWPE52NKH6,01JZ0JJRG62BDVPN4H0KJ2XPWK,2025-06-30T14:16:10.157565072Z,01JZ0JJRM7K0MBX3MKCVTKC5NR,2025-06-30T14:16:10.157565072Z,01JZ0JNMNVCAW5RZAB0SWSJ307,2025-06-30T14:16:10.157565072Z,01JZ0K098RXBK86NWQE5BGP8AC,2025-06-30T14:16:10.157565072Z,01JZ0K09EMBRW81QFHCACCVZJ6,2025-06-30T14:16:10.157565072Z
01JZ0MFEEP4H14QBD0Z8461B31,01JZ0KZHFC2GEC175ZSKVHYGR2,2025-06-30T14:39:52.79006675Z,01JZ0KZHGXZ28TMC40NC90GVYX,2025-06-30T14:39:52.79006675Z,01JZ0M0Y3WZXVFN2PP6BJX9R12,2025-06-30T14:39:52.79006675Z,01JZ0M9WSQ9DM8WT39RMXP13EB,2025-06-30T14:39:52.79006675Z,01JZ0M9WXFR1P2FGPYN4BYN34C,2025-06-30T14:39:52.79006675Z
01JZ0VGVSPSDE0NH99YNVB7P0S,01JZ0TXM4HA3Q8P6D6TPYYS7R3,2025-06-30T16:42:59.255014121Z,01JZ0TXM7C18DJWS688K2WH576,2025-06-30T16:42:59.255014121Z,01JZ0TZYZXZDYD29K8ANGZ398R,2025-06-30T16:42:59.255014121Z,01JZ0V8ZVHBE61NZNXKJNKMVA1,2025-06-30T16:42:59.255014121Z,01JZ0V906XKJVFSX4NXN5VSYJB,2025-06-30T16:42:59.255014121Z
01JZ0FS8119N56Z452NMRS87TK,01JZ0F67X5J6SBR3095JZ2KKHQ,2025-06-30T13:17:51.009780963Z,01JZ0F67Z61XNM528ZD36RPYGY,2025-06-30T13:17:51.009780963Z,01JZ0FB172KNS8VTXE4YCY4S30,2025-06-30T13:17:51.009780963Z,01JZ0FHHXB2X4MX44PK6HBFG6Y,2025-06-30T13:17:51.009780963Z,01JZ0FHJ18987TCPZ5FNGT50K4,2025-06-30T13:17:51.009780963Z
01JZ0FPW9BTP4A0QY757KJTBB9,01JZ0F67X5J6SBR3095JZ2KKHQ,2025-06-30T13:16:33.451260736Z,01JZ0F67ZMW5MYVAMRDCKET4QV,2025-06-30T13:16:33.451260736Z,01JZ0FB8RWXGRKEDFRWB4CEM4K,2025-06-30T13:16:33.451260736Z,01JZ0FETSCDVHZ2TXY84CHY2GX,2025-06-30T13:16:33.451260736Z,01JZ0FETWJ0NVJMPXSPP03K8WP,2025-06-30T13:16:33.451260736Z
01JZ0FV6J86EJ627T04J9Z3WEY,01JZ0F67X5J6SBR3095JZ2KKHQ,2025-06-30T13:18:55.048891952Z,01JZ0F67Z9QH00F8GAXY086HB5,2025-06-30T13:18:55.048891952Z,01JZ0FJ2J3KAWY8R383XNHY1BP,2025-06-30T13:18:55.048891952Z,01JZ0FNMHABMQMJJE7Y0M736G4,2025-06-30T13:18:55.048891952Z,01JZ0FNMNCSWMW95D3YN10V1NE,2025-06-30T13:18:55.048891952Z
01JZ0HM2Q1ZF0D5H8YYFSHTY2T,01JZ0H1K4AG17CS34Z9G9MQYDS,2025-06-30T13:49:58.88114955Z,01JZ0H1K6XDYNJQ07N0KM3P1VX,2025-06-30T13:49:58.88114955Z,01JZ0HBGF52K71HWK9APQ4JSS0,2025-06-30T13:49:58.88114955Z,01JZ0HJ6JG98XAP0W3RSSFXRZE,2025-06-30T13:49:58.88114955Z,01JZ0HJ6QBKQ5NW4YHYDB4QRH0,2025-06-30T13:49:58.88114955Z
01JZ0VGGKFD0J46ZMHK2RY84X2,01JZ0TXM4HA3Q8P6D6TPYYS7R3,2025-06-30T16:42:47.791230304Z,01JZ0TXM7C18DJWS688K2WH576,2025-06-30T16:42:47.791230304Z,01JZ0TZYZXZDYD29K8ANGZ398R,2025-06-30T16:42:47.791230304Z,01JZ0V8ZRXFXD9NNBG2FMZJ7TZ,2025-06-30T16:42:47.791230304Z,01JZ0V904JJZM766VHDEN3KSXA,2025-06-30T16:42:47.791230304Z
01JZ0FGP42GZVZWCQFAMPBEERZ,01JZ0F67X5J6SBR3095JZ2KKHQ,2025-06-30T13:13:10.531012731Z,01JZ0F67ZMW5MYVAMRDCKET4QV,2025-06-30T13:13:10.531012731Z,01JZ0FDXX39WXMVCCADY0GX2SD,2025-06-30T13:13:10.531012731Z,01JZ0FETS8ER9G1DS9D9GHXGJ5,2025-06-30T13:13:10.531012731Z,01JZ0FETTNYWQPN0FXV2NTXPZ8,2025-06-30T13:13:10.531012731Z
01JZ0G2NDXK4TME68HZKMVZTQH,01JZ0F67X5J6SBR3095JZ2KKHQ,2025-06-30T13:22:59.645312873Z,01JZ0F67Z9QH00F8GAYATW0H4D,2025-06-30T13:22:59.645312873Z,01JZ0FTSPCSJN591W0XFWF8B8Q,2025-06-30T13:22:59.645312873Z,01JZ0FTXWA5766AFHFARB84PC3,2025-06-30T13:22:59.645312873Z,01JZ0FTY28T1H8QXMA913A3GFP,2025-06-30T13:22:59.645312873Z
01JZ0HE14W4XWA11KE667YW92F,01JZ0H1K4AG17CS34Z9G9MQYDS,2025-06-30T13:46:40.668442234Z,01JZ0H1K7FV78W73P31JXQYTKA,2025-06-30T13:46:40.668442234Z,01JZ0H5M5HFDPMDY7KF9ZFXG0T,2025-06-30T13:46:40.668442234Z,01JZ0HC59VR7BR28QM5T4X3DVY,2025-06-30T13:46:40.668442234Z,01JZ0HC5BQ6734HYWH2QRTC602,2025-06-30T13:46:40.668442234Z
01JZ0HGAN9GEBT360ZTHXYDH10,01JZ0H1K4AG17CS34Z9G9MQYDS,2025-06-30T13:47:55.945846641Z,01JZ0H1K6THHEJQ855QF7WP6P1,2025-06-30T13:47:55.945846641Z,01JZ0H4ADESF7ZW26D2M0GP4C4,2025-06-30T13:47:55.945846641Z,01JZ0H8M6XRZ0TTB98P0CV98DA,2025-06-30T13:47:55.945846641Z,01JZ0H8MARTCGQBSSZP5KMYV5T,2025-06-30T13:47:55.945846641Z
01JZ0HW0EME7JT5ADTWPFZ1CWN,01JZ0H1K4AG17CS34Z9G9MQYDS,2025-06-30T13:54:18.708949801Z,01JZ0H1K72P9WWMQFG7ACVRNHM,2025-06-30T13:54:18.708949801Z,01JZ0HFMYKSMAV2RS6KF5GZ9M7,2025-06-30T13:54:18.708949801Z,01JZ0HKZ3019V16DNNX4C0SER7,2025-06-30T13:54:18.708949801Z,01JZ0HKZ993S1Q2M5ZDQE5DPHV,2025-06-30T13:54:18.708949801Z
01JZ0K1FV5XPK3NTWW7K9NYAM6,01JZ0JJRG62BDVPN4H0KJ2XPWK,2025-06-30T14:14:46.88525531Z,01JZ0JJRMQ32S1DDP8PZN3RKEA,2025-06-30T14:14:46.88525531Z,01JZ0JMGEDXX4BV44Z74MYK8RA,2025-06-30T14:14:46.88525531Z,01JZ0JSS7F1SY9KH4T6BDQJZ40,2025-06-30T14:14:46.88525531Z,01JZ0JSSCGD88B8037MSEJ42PW,2025-06-30T14:14:46.88525531Z
01JZ0QHA26D0FRMAPPXK92FK5A,01JZ0Q0CTMMAVY329HW6Z84SYY,2025-06-30T15:33:19.558864149Z,01JZ0Q0CX32Y5M8NZMVY0C598C,2025-06-30T15:33:19.558864149Z,01JZ0Q9VF2E3396PSDD6F3ESVG,2025-06-30T15:33:19.558864149Z,01JZ0QDJJNPEJ5YZK89YN764ZV,2025-06-30T15:33:19.558864149Z,01JZ0QDJN85VE5YS328ZYC3884,2025-06-30T15:33:19.558864149Z
01JZ0FHJKYMC2G0P0NXJD9KXK6,01JZ0F67X5J6SBR3095JZ2KKHQ,2025-06-30T13:13:39.710987476Z,01JZ0F67Z61XNM528ZD36RPYGY,2025-06-30T13:13:39.710987476Z,01JZ0FB2Y3WR2G1EJJBJKTTDHJ,2025-06-30T13:13:39.710987476Z,01JZ0FHHXFK5V29KR8E7JSXRQV,2025-06-30T13:13:39.710987476Z,01JZ0FHHYWCJN7E2F4V5DCTC2A,2025-06-30T13:13:39.710987476Z
01JZ0FPT6Y907Y9Y0R8R3DHA7T,01JZ0F67X5J6SBR3095JZ2KKHQ,2025-06-30T13:16:31.326148181Z,01JZ0F67ZKKPGDC64ETWQZ69WV,2025-06-30T13:16:31.326148181Z,01JZ0FD6EFW093P2J0FEY97NKZ,2025-06-30T13:16:31.326148181Z,01JZ0FFEADDJT61Y5D8348YXND,2025-06-30T13:16:31.326148181Z,01JZ0FFED9BC1QZNJVTEXT68RC,2025-06-30T13:16:31.326148181Z
01JZ0FQSQXG0692S5A9G6HDPHP,01JZ0F67X5J6SBR3095JZ2KKHQ,2025-06-30T13:17:03.613054722Z,01JZ0F67Z49S75BR56TBMFCZ55,2025-06-30T13:17:03.613054722Z,01JZ0FHBKFFN0MM6M7GQW56AYM,2025-06-30T13:17:03.613054722Z,01JZ0FQRV86T3D357C7FEC28TG,2025-06-30T13:17:03.613054722Z,01JZ0FQRWSXTWWYSZYJ33CE0NE,2025-06-30T13:17:03.613054722Z
01JZ0FSYMQT8JN35XX4ZHQG11H,01JZ0F67X5J6SBR3095JZ2KKHQ,2025-06-30T13:18:14.167337595Z,01JZ0F67ZGT4J2NC89JRSKF93F,2025-06-30T13:18:14.167337595Z,01JZ0FACXFQT958QDG28MQWC64,2025-06-30T13:18:14.167337595Z,01JZ0FHY0W4D6VMKGANP7KWT5F,2025-06-30T13:18:14.167337595Z,01JZ0FHY479H793YJVYZ4W2H83,2025-06-30T13:18:14.167337595Z
01JZ0FXK403Q1KSKREAJD7FMB6,01JZ0F67X5J6SBR3095JZ2KKHQ,2025-06-30T13:20:13.440533204Z,01JZ0F67ZNGQ7M2D3G3M0R8ZTD,2025-06-30T13:20:13.440533204Z,01JZ0FC09D1G1AHZCQZX30N8GY,2025-06-30T13:20:13.440533204Z,01JZ0FNH601WQKH2JDWKT7KJPX,2025-06-30T13:20:13.440533204Z,01JZ0FNH9ZV5JEKKM0N89RXH4K,2025-06-30T13:20:13.440533204Z
01JZ0HEWJ9S5RS3J74XEMM6ZPZ,01JZ0H1K4AG17CS34Z9G9MQYDS,2025-06-30T13:47:08.74564954Z,01JZ0H1K7KVN4Q30DF0C4SZNQW,2025-06-30T13:47:08.74564954Z,01JZ0H3E65SD9MJCEC63Q2EE1S,2025-06-30T13:47:08.74564954Z,01JZ0H9B6QJSN4ERPYEHH37CV2,2025-06-30T13:47:08.74564954Z,01JZ0H9B8GVG80CZTQJ7EAAY9T,2025-06-30T13:47:08.74564954Z
01JZ0HM2PFSYTG44FN50T41PWX,01JZ0H1K4AG17CS34Z9G9MQYDS,2025-06-30T13:49:58.863428889Z,01JZ0H1K6XDYNJQ07N0KM3P1VX,2025-06-30T13:49:58.863428889Z,01JZ0HEH4WMXEPRA5Z4S2NQMBH,2025-06-30T13:49:58.863428889Z,01JZ0HJ6JG98XAP0W3RSSFXRZE,2025-06-30T13:49:58.863428889Z,01JZ0HJ6QBKQ5NW4YHYDB4QRH0,2025-06-30T13:49:58.863428889Z
01JZ0NV7YWR1Y1E7J27KZKTFK1,01JZ0N9PMZHSN31DAQRPMDQCYE,2025-06-30T15:03:47.932163541Z,01JZ0N9PQHD06TCBXAQZTT3H76,2025-06-30T15:03:47.932163541Z,01JZ0NEB3JG770E2MJXKGV4SYP,2025-06-30T15:03:47.932163541Z,01JZ0NKT4CZJGYEE5ATJPQFVGM,2025-06-30T15:03:47.932163541Z,01JZ0NKT8HKQ92N9PQNZCYE7Z5,2025-06-30T15:03:47.932163541Z
01JZ0FHJKQZSG9CKNPBDE4QVR2,01JZ0F67X5J6SBR3095JZ2KKHQ,2025-06-30T13:13:39.703575992Z,01JZ0F67Z61XNM528ZD36RPYGY,2025-06-30T13:13:39.703575992Z,01JZ0FB172KNS8VTXE4YCY4S30,2025-06-30T13:13:39.703575992Z,01JZ0FHHXFK5V29KR8E7JSXRQV,2025-06-30T13:13:39.703575992Z,01JZ0FHHYWCJN7E2F4V5DCTC2A,2025-06-30T13:13:39.703575992Z
01JZ0RGR7DB22JHGN7BQNTA69V,01JZ0R44WS56B1WD5354KYAZ6V,2025-06-30T15:50:29.869990534Z,01JZ0R44YW0T94WKHD2ZAT9VPC,2025-06-30T15:50:29.869990534Z,01JZ0R6WK5QD50F4G761FSN8E5,2025-06-30T15:50:29.869990534Z,01JZ0RCZ5WMDRF6E7DKWB3TR0Z,2025-06-30T15:50:29.869990534Z,01JZ0RCZEY2GM308G43WZB43HS,2025-06-30T15:50:29.869990534Z
01JZ0PZHW1PVHN61C3XA5Q82FW,01JZ0PDFE8X2A24VZSJDD0T2BH,2025-06-30T15:23:37.729549472Z,01JZ0PDFFH0EDR9F9CYFN0TQY3,2025-06-30T15:23:37.729549472Z,01JZ0PMBRB2ZJXD3FT9KV7JP4H,2025-06-30T15:23:37.729549472Z,01JZ0PVRKCVAZGVD5GK5DEWP0E,2025-06-30T15:23:37.729549472Z,01JZ0PVRTBZ9ZP99VFRK6GXNBQ,2025-06-30T15:23:37.729549472Z
01JZ0VAYT4W11BT6ZYQGR4X9JC,01JZ0TXM4HA3Q8P6D6TPYYS7R3,2025-06-30T16:39:45.732341012Z,01JZ0TXM7C18DJWS688K2WH576,2025-06-30T16:39:45.732341012Z,01JZ0TZYZXZDYD29K8ANGZ398R,2025-06-30T16:39:45.732341012Z,01JZ0V8ZQZFAA3Z4NYN9H5S8FG,2025-06-30T16:39:45.732341012Z,01JZ0V90034NVD22Q7BJYKHTKE,2025-06-30T16:39:45.732341012Z
01JZ0TS53HVQFAFH3BFWW2TWNP,01JZ0T594M7DT83RJMYEJDT186,2025-06-30T16:30:02.353837408Z,01JZ0T59780CP4Z1F2CEHFDNAC,2025-06-30T16:30:02.353837408Z,01JZ0TAKDPN96JCWTMZ8BD4TJ5,2025-06-30T16:30:02.353837408Z,01JZ0TGXDPTSYQ41GE8NZP8MSC,2025-06-30T16:30:02.353837408Z,01JZ0TGXTBKKGXB6YWKCZYWHWX,2025-06-30T16:30:02.353837408Z
01JZ0NQ7JH9G40XGGD19FYKMT3,01JZ0N9PMZHSN31DAQRPMDQCYE,2025-06-30T15:01:36.465196167Z,01JZ0N9PPX2EBNCBEJCH5EHX43,2025-06-30T15:01:36.465196167Z,01JZ0NG35H1QSCVTSKBX9JBBRR,2025-06-30T15:01:36.465196167Z,01JZ0NQ6A0SCMGAW0D8G71EQM8,2025-06-30T15:01:36.465196167Z,01JZ0NQ6C2APQ3MD59C76GRXJV,2025-06-30T15:01:36.465196167Z
01JZ0RQX3GMWC4JC85PADG9Q2R,01JZ0R44WS56B1WD5354KYAZ6V,2025-06-30T15:54:24.240931058Z,01JZ0R450A0M8Q4QC968ZVRS9H,2025-06-30T15:54:24.240931058Z,01JZ0RA66F3FBNJZBRD9WM83NA,2025-06-30T15:54:24.240931058Z,01JZ0RFNSEZKPM2792JHDRN446,2025-06-30T15:54:24.240931058Z,01JZ0RFPKQMZBSTY66B37ZM1SV,2025-06-30T15:54:24.240931058Z
01JZ0FQVGZY12DEAD5EGM3ENXB,01JZ0F67X5J6SBR3095JZ2KKHQ,2025-06-30T13:17:05.439795792Z,01JZ0F67ZFPZEHV6BKFXQYDXZZ,2025-06-30T13:17:05.439795792Z,01JZ0FB6D8SDYQHCG01GZECWK6,2025-06-30T13:17:05.439795792Z,01JZ0FG2SQ8Q4XBS92Y2AR51EP,2025-06-30T13:17:05.439795792Z,01JZ0FG2ZT9WG9PX7TSK94NDVN,2025-06-30T13:17:05.439795792Z
01JZ0FW80YMG5WQD4XVNFPEVRY,01JZ0F67X5J6SBR3095JZ2KKHQ,2025-06-30T13:19:29.310884191Z,01JZ0F67Z8B8A42G6Y5XQ0NS83,2025-06-30T13:19:29.310884191Z,01JZ0FB65N9AA5DRTF3YEVRMGT,2025-06-30T13:19:29.310884191Z,01JZ0FW5HE1H38YZ9NH65TR9EG,2025-06-30T13:19:29.310884191Z,01JZ0FW5JJ8F4D6M3T2N3KG781,2025-06-30T13:19:29.310884191Z
01JZ0FX1F1TZ8RB0D45V25MDJ8,01JZ0F67X5J6SBR3095JZ2KKHQ,2025-06-30T13:19:55.361558269Z,01JZ0F67Z9QH00F8GAXY086HB5,2025-06-30T13:19:55.361558269Z,01JZ0FC2JY5XVEAE6VHX2MXJRG,2025-06-30T13:19:55.361558269Z,01JZ0FNMH15E37EP3N80EBJ48P,2025-06-30T13:19:55.361558269Z,01JZ0FNMPSH9P0DAHTKX2G6Q21,2025-06-30T13:19:55.361558269Z
01JZ0FP5D67J9EC3MSZ97Y7MY5,01JZ0F67X5J6SBR3095JZ2KKHQ,2025-06-30T13:16:10.022861668Z,01JZ0F6805RKXP4JKMN5N89R8W,2025-06-30T13:16:10.022861668Z,01JZ0FBAJB7KQ7GP21NQ7ZFSYY,2025-06-30T13:16:10.022861668Z,01JZ0FEFHWPKWAGJFFY68HH92Z,2025-06-30T13:16:10.022861668Z,01JZ0FEFMKN8GN86SHCG0DWKZD,2025-06-30T13:16:10.022861668Z
01JZ0REX595KHEY94820H328E3,01JZ0R44WS56B1WD5354KYAZ6V,2025-06-30T15:49:29.385526771Z,01JZ0R44YW0T94WKHD2ZAT9VPC,2025-06-30T15:49:29.385526771Z,01JZ0R87RQQ80K7DPTNHVHAFYR,2025-06-30T15:49:29.385526771Z,01JZ0RCZ5WMDRF6E7DKWB3TR0Z,2025-06-30T15:49:29.385526771Z,01JZ0RCZDCAQ37H1J9DDP6X9T0,2025-06-30T15:49:29.385526771Z
01JZ0RP53QPKX298KMY8MANWQC,01JZ0R44WS56B1WD5354KYAZ6V,2025-06-30T15:53:26.903875715Z,01JZ0R44ZAP7PYVAMQ60PRQDRH,2025-06-30T15:53:26.903875715Z,01JZ0R7SM9A3MD6J7CWH0BFG4D,2025-06-30T15:53:26.903875715Z,01JZ0RJBMJ9DTWHHQXZG22T28N,2025-06-30T15:53:26.903875715Z,01JZ0RJBV8ENJ54V9KV4K5Q08M,2025-06-30T15:53:26.903875715Z
01JZ0VFXDV1S0P7Q9YDN4PCNPA,01JZ0TXM4HA3Q8P6D6TPYYS7R3,2025-06-30T16:42:28.155577009Z,01JZ0TXM9G1YQW4PKWAZEHBP4X,2025-06-30T16:42:28.155577009Z,01JZ0VA02QS1Q83QABHKXFB7D4,2025-06-30T16:42:28.155577009Z,01JZ0VA38AG5CMBPK3H4ZDH1EB,2025-06-30T16:42:28.155577009Z,01JZ0VA3G9VX5YA7Q2K05M1TQK,2025-06-30T16:42:28.155577009Z
01JZ0VGWZ9SW50WX3NQRWVQJ6S,01JZ0TXM4HA3Q8P6D6TPYYS7R3,2025-06-30T16:43:00.457209144Z,01JZ0TXMAAZJ4VJWA2WTVHG174,2025-06-30T16:43:00.457209144Z,01JZ0V0B0MDT5H6NJ7F2TZ5E0T,2025-06-30T16:43:00.457209144Z,01JZ0V8M57A2HTCNB7GGX82M4H,2025-06-30T16:43:00.457209144Z,01JZ0V8MQ9HA62RH1TJ2H2Z72K,2025-06-30T16:43:00.457209144Z
01JZ0FJGTCPPEQQDV3NTJ7ST2G,01JZ0F67X5J6SBR3095JZ2KKHQ,2025-06-30T13:14:10.636654504Z,01JZ0F67ZMW5MYVAMRDCKET4QV,2025-06-30T13:14:10.636654504Z,01JZ0FBAX014VD39AWS4YVMD4F,2025-06-30T13:14:10.636654504Z,01JZ0FETS8ER9G1DS9D9GHXGJ5,2025-06-30T13:14:10.636654504Z,01JZ0FETTPYV8RFPXT500S0SKN,2025-06-30T13:14:10.636654504Z
01JZ0FHZNZYCR04M2GTMXQR54G,01JZ0F67X5J6SBR3095JZ2KKHQ,2025-06-30T13:13:53.087544905Z,01JZ0F67ZFPZEHV6BKFXQYDXZZ,2025-06-30T13:13:53.087544905Z,01JZ0FCATDZZRW2H907E68E72B,2025-06-30T13:13:53.087544905Z,01JZ0FG2TMDGKK0EJR14EYFE7R,2025-06-30T13:13:53.087544905Z,01JZ0FG2WKCNBTV5Q0CKZSESVN,2025-06-30T13:13:53.087544905Z
01JZ0FS81X7H06E5BN5XMJ3PZM,01JZ0F67X5J6SBR3095JZ2KKHQ,2025-06-30T13:17:51.037938431Z,01JZ0F67Z61XNM528ZD36RPYGY,2025-06-30T13:17:51.037938431Z,01JZ0FB2Y3WR2G1EJJBJKTTDHJ,2025-06-30T13:17:51.037938431Z,01JZ0FHHXB2X4MX44PK6HBFG6Y,2025-06-30T13:17:51.037938431Z,01JZ0FHJ18987TCPZ5FNGT50K4,2025-06-30T13:17:51.037938431Z
01JZ0FX1E3NXBXA6SQ957DG9R4,01JZ0F67X5J6SBR3095JZ2KKHQ,2025-06-30T13:19:55.331460381Z,01JZ0F67Z9QH00F8GAXY086HB5,2025-06-30T13:19:55.331460381Z,01JZ0FBRXZ8XMKNDM1GTFS4P4A,2025-06-30T13:19:55.331460381Z,01JZ0FNMH15E37EP3N80EBJ48P,2025-06-30T13:19:55.331460381Z,01JZ0FNMPSH9P0DAHTKX2G6Q21,2025-06-30T13:19:55.331460381Z
01JZ0HA6WXG44W1QGS5B4N3X5X,01JZ0H1K4AG17CS34Z9G9MQYDS,2025-06-30T13:44:35.485199959Z,01JZ0H1K7C3FKHJS5GP9RE7N8D,2025-06-30T13:44:35.485199959Z,01JZ0H6K2HFSCPNFH59C03RZVV,2025-06-30T13:44:35.485199959Z,01JZ0HA58JCTKG4HFZRBFPTARS,2025-06-30T13:44:35.485199959Z,01JZ0HA5BDJCSKV6SEQ38NDQ0A,2025-06-30T13:44:35.485199959Z
01JZ0HB6Y05CWRPQS7QWEABXHC,01JZ0H1K4AG17CS34Z9G9MQYDS,2025-06-30T13:45:08.288719823Z,01JZ0H1K7KVN4Q30DF0C4SZNQW,2025-06-30T13:45:08.288719823Z,01JZ0H5NHK4FCF20XWKMPQHP0X,2025-06-30T13:45:08.288719823Z,01JZ0H9B6QJSN4ERPYEHH37CV2,2025-06-30T13:45:08.288719823Z,01JZ0H9B876E36HQ9MRHAW0HGM,2025-06-30T13:45:08.288719823Z
01JZ0HHBN393PDGPWT73BCNGKW,01JZ0H1K4AG17CS34Z9G9MQYDS,2025-06-30T13:48:29.731257201Z,01JZ0H1K7KVN4Q30DF0C4SZNQW,2025-06-30T13:48:29.731257201Z,01JZ0H4DCRMZ62SRWSFKCMEFC6,2025-06-30T13:48:29.731257201Z,01JZ0H9B6DA8VEFJSXMGJKGTNQ,2025-06-30T13:48:29.731257201Z,01JZ0H9BASB2QA3BTDYH4M0YMF,2025-06-30T13:48:29.731257201Z
01JZ0K199N5CMAT92FKRX6AG65,01JZ0JJRG62BDVPN4H0KJ2XPWK,2025-06-30T14:14:40.181137624Z,01JZ0JJRKH7XD764W2MEEG7PFH,2025-06-30T14:14:40.181137624Z,01JZ0JVNB15V13M0SKK8XKHN5V,2025-06-30T14:14:40.181137624Z,01JZ0JZD8STSHTGJ2FBE9QM7PE,2025-06-30T14:14:40.181137624Z,01JZ0JZDAMA51BAHNH2TER6XXD,2025-06-30T14:14:40.181137624Z
01JZ0FH9VFDR43Z04687QBW3H5,01JZ0F67X5J6SBR3095JZ2KKHQ,2025-06-30T13:13:30.735375138Z,01JZ0F67ZKKPGDC64ETWQZ69WV,2025-06-30T13:13:30.735375138Z,01JZ0FD6F005B6TFCSX425WZE3,2025-06-30T13:13:30.735375138Z,01JZ0FFEABFZ5CT87GW8737MVN,2025-06-30T13:13:30.735375138Z,01JZ0FFEC471Z9SD47S8EGXE2B,2025-06-30T13:13:30.735375138Z
01JZ0QDMANCTD9WAKHJ62P9DZQ,01JZ0Q0CTMMAVY329HW6Z84SYY,2025-06-30T15:31:18.99703887Z,01JZ0Q0CWNKJYDS4SW61Q7VTQN,2025-06-30T15:31:18.99703887Z,01JZ0Q7SXAVHT2K7AH34K6E1SX,2025-06-30T15:31:18.99703887Z,01JZ0Q80XG0NQQZWZ0ZS4K2WB4,2025-06-30T15:31:18.99703887Z,01JZ0Q811XN0VZA1MBFTPHFPNF,2025-06-30T15:31:18.99703887Z
01JZ0RFZSGR7RPN05DZSQRM5YJ,01JZ0R44WS56B1WD5354KYAZ6V,2025-06-30T15:50:04.848097666Z,01JZ0R450M24K8ZS9F18EDTFG6,2025-06-30T15:50:04.848097666Z,01JZ0R9CVW07WWQDKP3M8KKGEY,2025-06-30T15:50:04.848097666Z,01JZ0RFVE4BCDRFZQMBJNBKZXN,2025-06-30T15:50:04.848097666Z,01JZ0RFVF3CTD6WR5AYW1NG2YJ,2025-06-30T15:50:04.848097666Z
01JZ0STWHA08J4PQ39B2M75XDM,01JZ0S9G3E1V9Y4W1M8GV3AGA9,2025-06-30T16:13:30.538986579Z,01JZ0S9G9GQDAYDBEESMGH4RA5,2025-06-30T16:13:30.538986579Z,01JZ0SF9Q56965BA9MXGSMHAND,2025-06-30T16:13:30.538986579Z,01JZ0SQ3C15Q09HYAH12H13T16,2025-06-30T16:13:30.538986579Z,01JZ0SQ3KDY9WQAA8Z0H2XVE1P,2025-06-30T16:13:30.538986579Z
01JZ0T1TTQW4FHCSZX50FNJWW8,01JZ0S9G3E1V9Y4W1M8GV3AGA9,2025-06-30T16:17:18.167199113Z,01JZ0S9GD9MABT2H3JKQDC0TB1,2025-06-30T16:17:18.167199113Z,01JZ0SPQA7VEEQ0Q5DK9RZENSP,2025-06-30T16:17:18.167199113Z,01JZ0SSG20B146K48M2G5HXG5R,2025-06-30T16:17:18.167199113Z,01JZ0SSGJJ1YVEMXS5VB6KE0CV,2025-06-30T16:17:18.167199113Z
01JZ0TAWXZ45GVSXW60SMM5J1R,01JZ0S9G3E1V9Y4W1M8GV3AGA9,2025-06-30T16:22:15.231989805Z,01JZ0S9G8MSQJNW9QDDX82T8EZ,2025-06-30T16:22:15.231989805Z,01JZ0STMYP8TJX1DM87QADCSSE,2025-06-30T16:22:15.231989805Z,01JZ0T2Z9DJXQQDN9W9Y1Y0D2X,2025-06-30T16:22:15.231989805Z,01JZ0T2ZPV3MVJCQYMG30GM9C9,2025-06-30T16:22:15.231989805Z
01JZ0VM9873346SYYBZAD7MVPS,01JZ0TXM4HA3Q8P6D6TPYYS7R3,2025-06-30T16:44:51.335431689Z,01JZ0TXMB9EHVXHHHV3J3SQY3A,2025-06-30T16:44:51.335431689Z,01JZ0VA8DK4TAWTT8THNTNJ1SW,2025-06-30T16:44:51.335431689Z,01JZ0VC1WC4C34RME93WS25QAZ,2025-06-30T16:44:51.335431689Z,01JZ0VC2D31WVSXDQMH8BA7A7J,2025-06-30T16:44:51.335431689Z
01JZ0MJ744RZQC2XPZXV5DGKFY,01JZ0KZHFC2GEC175ZSKVHYGR2,2025-06-30T14:41:23.588147421Z,01JZ0KZHHH6W8J7M02JDFMAQF5,2025-06-30T14:41:23.588147421Z,01JZ0M54HPQHGGA41RRPR08XFH,2025-06-30T14:41:23.588147421Z,01JZ0MA58AFR1YHAHJ30MZZQB7,2025-06-30T14:41:23.588147421Z,01JZ0MA5HZ1TS589QCBEPC6VJY,2025-06-30T14:41:23.588147421Z
01JZ0FW8EVGG3R27DV61AMVT73,01JZ0F67X5J6SBR3095JZ2KKHQ,2025-06-30T13:19:29.755171782Z,01JZ0F67ZBCBNFH7W25EXNBXDS,2025-06-30T13:19:29.755171782Z,01JZ0FBTADG31H10PAMS1NCN0Q,2025-06-30T13:19:29.755171782Z,01JZ0FMTGZY646GWBYFVGKPH1H,2025-06-30T13:19:29.755171782Z,01JZ0FMTK7E6CGE3FCKXAWJPXM,2025-06-30T13:19:29.755171782Z
01JZ0FZXPD5WYHXJNSZPJTSM4N,01JZ0F67X5J6SBR3095JZ2KKHQ,2025-06-30T13:21:29.805473026Z,01JZ0F67Z8B8A42G6Y5XQ0NS83,2025-06-30T13:21:29.805473026Z,01JZ0FMGSF0PK3CA9HTNHT34W1,2025-06-30T13:21:29.805473026Z,01JZ0FW5GZ8NR8PVKBDD2P70TS,2025-06-30T13:21:29.805473026Z,01JZ0FW5QYARYR4RFSR8PDQ4P6,2025-06-30T13:21:29.805473026Z
01JZ0HHV17XJ402RB6AJCZFKXJ,01JZ0H1K4AG17CS34Z9G9MQYDS,2025-06-30T13:48:45.479839466Z,01JZ0H1K7A7HBJ5WZC7T99GVBX,2025-06-30T13:48:45.479839466Z,01JZ0H5Q2X0VNQ3KT02G5XT30Y,2025-06-30T13:48:45.479839466Z,01JZ0HAEDCY4MJZ348YK1C296X,2025-06-30T13:48:45.479839466Z,01JZ0HAEHYKM1FK91S59J25Q90,2025-06-30T13:48:45.479839466Z
01JZ0HJJKN4YNY80G05N107HEW,01JZ0H1K4AG17CS34Z9G9MQYDS,2025-06-30T13:49:09.621987878Z,01JZ0H1K7HVYD71R3W6V80C6V1,2025-06-30T13:49:09.621987878Z,01JZ0H83RPH6CM1BGEWBZ1V4QM,2025-06-30T13:49:09.621987878Z,01JZ0HAVSPDR7MY1DNJHFYYY73,2025-06-30T13:49:09.621987878Z,01JZ0HAVX24JF16MMSM37N5JCP,2025-06-30T13:49:09.621987878Z
01JZ0HSGNRX98NS8S3PKXP3H4C,01JZ0H1K4AG17CS34Z9G9MQYDS,2025-06-30T13:52:57.016182003Z,01JZ0H1K72P9WWMQFG7ACVRNHM,2025-06-30T13:52:57.016182003Z,01JZ0H8K2CDF6MZFYJA1D8AYDZ,2025-06-30T13:52:57.016182003Z,01JZ0HKZ2G50KS7CBCD3M87YFZ,2025-06-30T13:52:57.016182003Z,01JZ0HKZ5AREX7MMS1CXED9TX5,2025-06-30T13:52:57.016182003Z
01JZ0K4YV0QHZSMZCZDR7JRFC5,01JZ0JJRG62BDVPN4H0KJ2XPWK,2025-06-30T14:16:40.544725883Z,01JZ0JJRKH7XD764W2MEEG7PFH,2025-06-30T14:16:40.544725883Z,01JZ0JQ6ANMHGHRRYJ704S1ZBR,2025-06-30T14:16:40.544725883Z,01JZ0JZD8STSHTGJ2FBE9QM7PE,2025-06-30T14:16:40.544725883Z,01JZ0JZDB5VWYNWFMPX9PBJ51N,2025-06-30T14:16:40.544725883Z
01JZ0PB9TEPJXN8A50DJ058R28,01JZ0NSN7EKS122Z238A4PF66D,2025-06-30T15:12:34.126266643Z,01JZ0NSNAYA5ZEAQVB789Y1XW2,2025-06-30T15:12:34.126266643Z,01JZ0NVNVCS2PF70NRPAQFB4PC,2025-06-30T15:12:34.126266643Z,01JZ0PB8CMVAWA24GJAJ3TEEVT,2025-06-30T15:12:34.126266643Z,01JZ0PB8ENEC1792JZB5SJ8VDM,2025-06-30T15:12:34.126266643Z
01JZ0FMVAGPB2G5V36HDWBNTJ0,01JZ0F67X5J6SBR3095JZ2KKHQ,2025-06-30T13:15:26.928976165Z,01JZ0F67ZBCBNFH7W25EXNBXDS,2025-06-30T13:15:26.928976165Z,01JZ0FBJYV0GPQR4A1052RSJR7,2025-06-30T13:15:26.928976165Z,01JZ0FMTG9KECVC1RZN7WJYKFJ,2025-06-30T13:15:26.928976165Z,01JZ0FMTHP5HHK53GVJTFDAHEF,2025-06-30T13:15:26.928976165Z
01JZ0SSNM36RMS5VJYKWRCJK8N,01JZ0S9G3E1V9Y4W1M8GV3AGA9,2025-06-30T16:12:50.691267381Z,01JZ0S9GD9MABT2H3JKQDC0TB1,2025-06-30T16:12:50.691267381Z,01JZ0SS4GE1C0ZJG3NGWXA6V0Z,2025-06-30T16:12:50.691267381Z,01JZ0SSFZFDFRVNM767XKCVHHQ,2025-06-30T16:12:50.691267381Z,01JZ0SSG700K09SSWFB5XJHPJ2,2025-06-30T16:12:50.691267381Z
01JZ0VA8GCKQJ09FE7D982AFJ3,01JZ0TXM4HA3Q8P6D6TPYYS7R3,2025-06-30T16:39:22.892870183Z,01JZ0TXM9G1YQW4PKWAZEHBP4X,2025-06-30T16:39:22.892870183Z,01JZ0V027NCPFS0Z28MM3HFKTJ,2025-06-30T16:39:22.892870183Z,01JZ0VA376DM6ZAKPMMZ3880SE,2025-06-30T16:39:22.892870183Z,01JZ0VA3BQ531X5KGZH9K8677V,2025-06-30T16:39:22.892870183Z
01JZ0RP3VD2XG85NACRCTCXXT9,01JZ0R44WS56B1WD5354KYAZ6V,2025-06-30T15:53:25.613824498Z,01JZ0R44ZMT5HYXWVABB60AH0G,2025-06-30T15:53:25.613824498Z,01JZ0R6Q0YQ41FZ6FDY8FN8NJA,2025-06-30T15:53:25.613824498Z,01JZ0RDSBNJ06ET7JJVQB14EXX,2025-06-30T15:53:25.613824498Z,01JZ0RDSSDYZN9CZ7FN1XKBJEH,2025-06-30T15:53:25.613824498Z
01JZ0FSMMZWR1X4YH7WRAH13DQ,01JZ0F67X5J6SBR3095JZ2KKHQ,2025-06-30T13:18:03.935746535Z,01JZ0F67ZGT4J2NC89JRSKF93F,2025-06-30T13:18:03.935746535Z,01JZ0FCJAG0CXVXJTMS0286MXB,2025-06-30T13:18:03.935746535Z,01JZ0FHY0YX6VXD837C7T744D0,2025-06-30T13:18:03.935746535Z,01JZ0FHY3M9QVXEYX75MCXVM2N,2025-06-30T13:18:03.935746535Z
01JZ0NQ7J5FQ5D3HFBA5V8MTT8,01JZ0N9PMZHSN31DAQRPMDQCYE,2025-06-30T15:01:36.453989603Z,01JZ0N9PPX2EBNCBEJCH5EHX43,2025-06-30T15:01:36.453989603Z,01JZ0NJBCS4P2NZWJAE050ZWVP,2025-06-30T15:01:36.453989603Z,01JZ0NQ6A0SCMGAW0D8G71EQM8,2025-06-30T15:01:36.453989603Z,01JZ0NQ6C2APQ3MD59C76GRXJV,2025-06-30T15:01:36.453989603Z
01JZ0NQJ5CM86E6KMJ48VKAYK3,01JZ0N9PMZHSN31DAQRPMDQCYE,2025-06-30T15:01:47.308359038Z,01JZ0N9PQHD06TCBXAQZTT3H76,2025-06-30T15:01:47.308359038Z,01JZ0NGNCA21NZZE8PJPN10BTS,2025-06-30T15:01:47.308359038Z,01JZ0NKT353JX7TDZWFQNH8NHN,2025-06-30T15:01:47.308359038Z,01JZ0NKT7B2RQTS0371G157P3M,2025-06-30T15:01:47.308359038Z
01JZ0PBQG6JQWH3CHTVM7CNRTR,01JZ0NSN7EKS122Z238A4PF66D,2025-06-30T15:12:48.134345988Z,01JZ0NSNC1W3B8HBKV7A156B13,2025-06-30T15:12:48.134345988Z,01JZ0NZ4J2HB6T107AP4J98YF9,2025-06-30T15:12:48.134345988Z,01JZ0P49ERX83B05T3Z47XKS9Z,2025-06-30T15:12:48.134345988Z,01JZ0P49S77DMCC57MVG8D33TE,2025-06-30T15:12:48.134345988Z
01JZ0TAHBAE6824SH8EGRWAER9,01JZ0S9G3E1V9Y4W1M8GV3AGA9,2025-06-30T16:22:03.370730067Z,01JZ0S9G8MSQJNW9QDDX82T8EZ,2025-06-30T16:22:03.370730067Z,01JZ0SKJNFRFYTYMMSB3A2M8JB,2025-06-30T16:22:03.370730067Z,01JZ0T2Z8JE59FQ9P0RNZCZNKS,2025-06-30T16:22:03.370730067Z,01JZ0T2ZM04F8MPR8PZR893EM7,2025-06-30T16:22:03.370730067Z
01JZ0FNJ1SCK2BJ563TGRGBQHE,01JZ0F67X5J6SBR3095JZ2KKHQ,2025-06-30T13:15:50.201355711Z,01JZ0F67ZNGQ7M2D3G3M0R8ZTD,2025-06-30T13:15:50.201355711Z,01JZ0FDQ7XEK8QFWNEW92QR4H3,2025-06-30T13:15:50.201355711Z,01JZ0FNH4D7ZKAVXZ1SZHGDSBK,2025-06-30T13:15:50.201355711Z,01JZ0FNH6KW2F2SRF1A82HJNX1,2025-06-30T13:15:50.201355711Z
01JZ0MFQPW2QSPGCE5QSTCB7Z4,01JZ0KZHFC2GEC175ZSKVHYGR2,2025-06-30T14:40:02.268402518Z,01JZ0KZHHH6W8J7M02JDFMAQF5,2025-06-30T14:40:02.268402518Z,01JZ0M1F3F18ZRH41SFFXNC5Z8,2025-06-30T14:40:02.268402518Z,01JZ0MA57G6F6CZSS6TXQYY4X3,2025-06-30T14:40:02.268402518Z,01JZ0MA5D9NCX4DEB44ARNCQNX,2025-06-30T14:40:02.268402518Z
01JZ0RD1REYCMWQ7F78Q1KD6H3,01JZ0R44WS56B1WD5354KYAZ6V,2025-06-30T15:48:28.558572976Z,01JZ0R44YW0T94WKHD2ZAT9VPC,2025-06-30T15:48:28.558572976Z,01JZ0RAVXZQ0FES5XXPFTQPKP9,2025-06-30T15:48:28.558572976Z,01JZ0RCZ535FABYRRVT4FFBB0K,2025-06-30T15:48:28.558572976Z,01JZ0RCZ9Q2HV403Y6QR5W6S6N,2025-06-30T15:48:28.558572976Z
01JZ0RN43HZTSSXEFH7EPXBWTH,01JZ0R44WS56B1WD5354KYAZ6V,2025-06-30T15:52:53.105944734Z,01JZ0R44YW0T94WKHD2ZAT9VPC,2025-06-30T15:52:53.105944734Z,01JZ0R6WK5QD50F4G761FSN8E5,2025-06-30T15:52:53.105944734Z,01JZ0RCZ7XV6VK940BWEQH2TS7,2025-06-30T15:52:53.105944734Z,01JZ0RCZPD9WDAGAARRMDWB95V,2025-06-30T15:52:53.105944734Z
01JZ0HSGMZD9KDV2QT6X9ZYED2,01JZ0H1K4AG17CS34Z9G9MQYDS,2025-06-30T13:52:56.991958326Z,01JZ0H1K72P9WWMQFG7ACVRNHM,2025-06-30T13:52:56.991958326Z,01JZ0H3BSJ76APYEW8F641XA8T,2025-06-30T13:52:56.991958326Z,01JZ0HKZ2G50KS7CBCD3M87YFZ,2025-06-30T13:52:56.991958326Z,01JZ0HKZ5AREX7MMS1CXED9TX5,2025-06-30T13:52:56.991958326Z
01JZ0FNMA63F0V0W8W0JTN97SZ,01JZ0F67X5J6SBR3095JZ2KKHQ,2025-06-30T13:15:52.518575683Z,01JZ0F67ZGT4J2NC89JRSKF93F,2025-06-30T13:15:52.518575683Z,01JZ0FCJAG0CXVXJTMS0286MXB,2025-06-30T13:15:52.518575683Z,01JZ0FHY0FF9TVSRZETCEYCTMP,2025-06-30T13:15:52.518575683Z,01JZ0FHY26ZXF3Q8Q4DD13TWPW,2025-06-30T13:15:52.518575683Z
01JZ0HJ54ATEPW3DN2K733WX5J,01JZ0H1K4AG17CS34Z9G9MQYDS,2025-06-30T13:48:55.818361017Z,01JZ0H1K7A7HBJ5WZC7T99GVBX,2025-06-30T13:48:55.818361017Z,01JZ0H45W0M8M5CSQ69GQ678PR,2025-06-30T13:48:55.818361017Z,01JZ0HAECWF8GVS1BK6GSGGQXS,2025-06-30T13:48:55.818361017Z,01JZ0HAEJQ4P0QGSNMTF4711VK,2025-06-30T13:48:55.818361017Z
01JZ0HJF7J60BFPTMTSEWNF35S,01JZ0H1K4AG17CS34Z9G9MQYDS,2025-06-30T13:49:06.162431006Z,01JZ0H1K7A7HBJ5WZC7T99GVBX,2025-06-30T13:49:06.162431006Z,01JZ0FRASJYKEGEJZYSW2BXAXV,2025-06-30T13:49:06.162431006Z,01JZ0HAEE7JP7PN26K0A2GQAYB,2025-06-30T13:49:06.162431006Z,01JZ0HAEKGW7T5R24W60CW13H7,2025-06-30T13:49:06.162431006Z
01JZ0HJWNCB181QSZ7RTY54X5M,01JZ0H1K4AG17CS34Z9G9MQYDS,2025-06-30T13:49:19.916399284Z,01JZ0H1K7HVYD71R3W6V80C6V1,2025-06-30T13:49:19.916399284Z,01JZ0H4B1KEAXWACXAC16EVPKA,2025-06-30T13:49:19.916399284Z,01JZ0HAVSGGJ05CSD8WW5JNDPV,2025-06-30T13:49:19.916399284Z,01JZ0HAVXW79B59Y8FMQKBPQJ9,2025-06-30T13:49:19.916399284Z
01JZ0PFP5ER8XCP4BC1VD649HN,01JZ0NSN7EKS122Z238A4PF66D,2025-06-30T15:14:57.839058611Z,01JZ0NSNACQB6FV8GE0XS7JKF9,2025-06-30T15:14:57.839058611Z,01JZ0P4V3AHY550K8PMRT3VM5K,2025-06-30T15:14:57.839058611Z,01JZ0P7YNT108NJT9EBY5VDJSY,2025-06-30T15:14:57.839058611Z,01JZ0P7YVB6QVN7V4FBPWHJ9P4,2025-06-30T15:14:57.839058611Z
01JZ0TMRYJRVP73Z91JB22BZBZ,01JZ0T594M7DT83RJMYEJDT186,2025-06-30T16:27:38.834868581Z,01JZ0T59780CP4Z1F2CEHFDNAC,2025-06-30T16:27:38.834868581Z,01JZ0TAG5YB2XS2SXDFRSMNV8G,2025-06-30T16:27:38.834868581Z,01JZ0TGXAWKWP7D51X7AXHZM1D,2025-06-30T16:27:38.834868581Z,01JZ0TGXK4NFDN1NH84NCDE6ZG,2025-06-30T16:27:38.834868581Z
01JZ0VKXZCN9WWV6VJBE5C3W8W,01JZ0TXM4HA3Q8P6D6TPYYS7R3,2025-06-30T16:44:39.788300106Z,01JZ0TXMB9EHVXHHHV3J3SQY3A,2025-06-30T16:44:39.788300106Z,01JZ0VA8DK4TAWTT8THNTNJ1SW,2025-06-30T16:44:39.788300106Z,01JZ0VC1V62TS189C1JK35JTM8,2025-06-30T16:44:39.788300106Z,01JZ0VC2AMBYRDKAMFWZYK4KZE,2025-06-30T16:44:39.788300106Z
01JZ0FEVB3TDH7N95QEQP7KR8F,01JZ0F67X5J6SBR3095JZ2KKHQ,2025-06-30T13:12:10.339686656Z,01JZ0F67ZMW5MYVAMRDCKET4QV,2025-06-30T13:12:10.339686656Z,01JZ0FAE5RJ1QVP6VAA70BSQ0P,2025-06-30T13:12:10.339686656Z,01JZ0FETS298VMJSD4EETNPRNK,2025-06-30T13:12:10.339686656Z,01JZ0FETSXTFVFRZCJHJGR1VM0,2025-06-30T13:12:10.339686656Z
01JZ0FSA870ZGRK80R53CQV018,01JZ0F67X5J6SBR3095JZ2KKHQ,2025-06-30T13:17:53.288007581Z,01JZ0F67ZGT4J2NC89JRSKF93F,2025-06-30T13:17:53.288007581Z,01JZ0FCYY4QGD4A8984C3YPRN7,2025-06-30T13:17:53.288007581Z,01JZ0FHY09H13NPSRC55BEESBF,2025-06-30T13:17:53.288007581Z,01JZ0FHY313G9KTA8DZNMVB3SX,2025-06-30T13:17:53.288007581Z
01JZ0JYYXBAEJ850GETT1EY6BD,01JZ0JJRG62BDVPN4H0KJ2XPWK,2025-06-30T14:13:24.011516382Z,01JZ0JJRK7MTN7FAC1224V82KC,2025-06-30T14:13:24.011516382Z,01JZ0JP3H5ZBY270NSRJET22GY,2025-06-30T14:13:24.011516382Z,01JZ0JYWSMTN9F477ZHXCCB59Z,2025-06-30T14:13:24.011516382Z,01JZ0JYWYZ6Q7WZ6X1CBK7Y7D8,2025-06-30T14:13:24.011516382Z
01JZ0MAQCNJMJMARMRCJDZRHC6,01JZ0KZHFC2GEC175ZSKVHYGR2,2025-06-30T14:37:18.101767121Z,01JZ0KZHGK1V8ZC0AXDBXBYAX9,2025-06-30T14:37:18.101767121Z,01JZ0M27NCTFHR6EHR14Y9BMJS,2025-06-30T14:37:18.101767121Z,01JZ0M8V6QTQ2XMY7H3K1D6P3H,2025-06-30T14:37:18.101767121Z,01JZ0M8V9B8GNP5G24AABGPAB2,2025-06-30T14:37:18.101767121Z
01JZ0QTA9V7YBWX0VDZBXXZWB2,01JZ0QGE33ZWYV7A3256FYEZA6,2025-06-30T15:38:14.715502937Z,01JZ0QGE4MQBM7ZJEFVQMWJX02,2025-06-30T15:38:14.715502937Z,01JZ0QM38JZ7CRCAE73CP91DA7,2025-06-30T15:38:14.715502937Z,01JZ0QT8CMSD5101S4Q6VABNRX,2025-06-30T15:38:14.715502937Z,01JZ0QT8G7WTJHYMBZ7MH7CA6P,2025-06-30T15:38:14.715502937Z
01JZ0RQX30SBZMZM4ZYYJNE2YE,01JZ0R44WS56B1WD5354KYAZ6V,2025-06-30T15:54:24.224948392Z,01JZ0R450A0M8Q4QC968ZVRS9H,2025-06-30T15:54:24.224948392Z,01JZ0R7F7RD6MRYFQ16SXJ26HY,2025-06-30T15:54:24.224948392Z,01JZ0RFNSEZKPM2792JHDRN446,2025-06-30T15:54:24.224948392Z,01JZ0RFPKQMZBSTY66B37ZM1SV,2025-06-30T15:54:24.224948392Z
01JZ0SY40Z0MVJQMECJP720XZ0,01JZ0S9G3E1V9Y4W1M8GV3AGA9,2025-06-30T16:15:16.511690332Z,01JZ0S9GCCCNBKT0N3T9B2PH95,2025-06-30T16:15:16.511690332Z,01JZ0SP7TST5CACWCPNMPHCFPK,2025-06-30T16:15:16.511690332Z,01JZ0SRFZN1N49MKZCM7JQAT6Y,2025-06-30T16:15:16.511690332Z,01JZ0SRG82KGK095QFE3MAFA80,2025-06-30T16:15:16.511690332Z
01JZ0FPP4Y3MENFCD01R8C6NJ4,01JZ0F67X5J6SBR3095JZ2KKHQ,2025-06-30T13:16:27.166852079Z,01JZ0F67ZBCBNFH7W25EXNBXDS,2025-06-30T13:16:27.166852079Z,01JZ0FBD0TN42Y2KGV31RR9FES,2025-06-30T13:16:27.166852079Z,01JZ0FMTH61B85RYBN11B94K2X,2025-06-30T13:16:27.166852079Z,01JZ0FMTJF1WZN1A88JYEMEF1J,2025-06-30T13:16:27.166852079Z
01JZ0FVFVHF8QHM41P7FG5S5FB,01JZ0F67X5J6SBR3095JZ2KKHQ,2025-06-30T13:19:04.561858217Z,01JZ0F67Z49S75BR56TBMFCZ55,2025-06-30T13:19:04.561858217Z,01JZ0FBTZN02PXBW67S86C0YTF,2025-06-30T13:19:04.561858217Z,01JZ0FQRVP5GMFQVC581G5X73Z,2025-06-30T13:19:04.561858217Z,01JZ0FQRY62N91HWZYHG7WJHE0,2025-06-30T13:19:04.561858217Z
01JZ0K2MN2EVJXVBBJQV59E41D,01JZ0JJRG62BDVPN4H0KJ2XPWK,2025-06-30T14:15:24.578938748Z,01JZ0JJRK7MTN7FAC1224V82KC,2025-06-30T14:15:24.578938748Z,01JZ0JMJ284T338WEW4N64181B,2025-06-30T14:15:24.578938748Z,01JZ0JYWVCPFC72SM7P2B0329V,2025-06-30T14:15:24.578938748Z,01JZ0JYX1PFCYQE7JJWSSH8D3P,2025-06-30T14:15:24.578938748Z
01JZ0SQ6B8DZ4BCRBE75GXAEAJ,01JZ0S9G3E1V9Y4W1M8GV3AGA9,2025-06-30T16:11:29.512552568Z,01JZ0S9G9GQDAYDBEESMGH4RA5,2025-06-30T16:11:29.512552568Z,01JZ0SB23C5WKRVH2QZHNSBQJW,2025-06-30T16:11:29.512552568Z,01JZ0SQ3BA4JJ0BDCF8FJ8ZX53,2025-06-30T16:11:29.512552568Z,01JZ0SQ3G36C1JSE2VHA9RAVGA,2025-06-30T16:11:29.512552568Z
01JZ0SZ90B5HB7VFJYSVE7SWKQ,01JZ0S9G3E1V9Y4W1M8GV3AGA9,2025-06-30T16:15:54.379406839Z,01JZ0S9GD9MABT2H3JKQDC0TB1,2025-06-30T16:15:54.379406839Z,01JZ0SHW478ARJ1EFSDZ00THPE,2025-06-30T16:15:54.379406839Z,01JZ0SSG56XTAJ4MTPA3PZYF46,2025-06-30T16:15:54.379406839Z,01JZ0SSGBBWAGC7S6FMYQ3XZ8S,2025-06-30T16:15:54.379406839Z
01JZ0T09ZXED00CC5VVNH1Q492,01JZ0S9G3E1V9Y4W1M8GV3AGA9,2025-06-30T16:16:28.157430163Z,01JZ0S9GCCCNBKT0N3T9B2PH95,2025-06-30T16:16:28.157430163Z,01JZ0SP12CPDZAZJNKRMES3PT5,2025-06-30T16:16:28.157430163Z,01JZ0SRG11T0A9Z05RWZ3RV6C6,2025-06-30T16:16:28.157430163Z,01JZ0SRGDCXW1MXS2Y5YGW3SPW,2025-06-30T16:16:28.157430163Z
01JZ0VE1EWM6GA7MNTG324JBGP,01JZ0TXM4HA3Q8P6D6TPYYS7R3,2025-06-30T16:41:26.748530806Z,01JZ0TXM9G1YQW4PKWAZEHBP4X,2025-06-30T16:41:26.748530806Z,01JZ0VA02QS1Q83QABHKXFB7D4,2025-06-30T16:41:26.748530806Z,01JZ0VA38AG5CMBPK3H4ZDH1EB,2025-06-30T16:41:26.748530806Z,01JZ0VA3F5J85D0E17NTT6GA3D,2025-06-30T16:41:26.748530806Z
01JZ0VGHT5NHVAHKTE6X28DGD9,01JZ0TXM4HA3Q8P6D6TPYYS7R3,2025-06-30T16:42:49.029081336Z,01JZ0TXMAAZJ4VJWA2WTVHG174,2025-06-30T16:42:49.029081336Z,01JZ0V1S612A57R9KJ7DENVWAG,2025-06-30T16:42:49.029081336Z,01JZ0V8M66H1TM6QHBHKAHGCK2,2025-06-30T16:42:49.029081336Z,01JZ0V8MMQTWK3P04TAWD8SF6Z,2025-06-30T16:42:49.029081336Z
01JZ0FKTJ0VNZXDX6GN0Q4A1DE,01JZ0F67X5J6SBR3095JZ2KKHQ,2025-06-30T13:14:53.376711774Z,01JZ0F67ZFPZEHV6BKFXQYDXZZ,2025-06-30T13:14:53.376711774Z,01JZ0FC1MEEYB5ZHG0QP6GKMWQ,2025-06-30T13:14:53.376711774Z,01JZ0FG2TMDGKK0EJR14EYFE7R,2025-06-30T13:14:53.376711774Z,01JZ0FG2WQ5VW6F0XDQK1WWA5Z,2025-06-30T13:14:53.376711774Z
01JZ0FQNQW7KHTQNHFFG9JZPTC,01JZ0F67X5J6SBR3095JZ2KKHQ,2025-06-30T13:16:59.516302878Z,01JZ0F67ZPF4121D8VQV580KT1,2025-06-30T13:16:59.516302878Z,01JZ0FB6A8PGAA54RRTD4918CR,2025-06-30T13:16:59.516302878Z,01JZ0FG9XBQAYQZBJ6CQQ423B0,2025-06-30T13:16:59.516302878Z,01JZ0FG9ZK1PD515ASG48E218C,2025-06-30T13:16:59.516302878Z
01JZ0FT12GETM3RRSEV39BZ22D,01JZ0F67X5J6SBR3095JZ2KKHQ,2025-06-30T13:18:16.657039615Z,01JZ0F67Z745P2890BJ7Q88E3R,2025-06-30T13:18:16.657039615Z,01JZ0FC56QHHEXNXG28RA69XDS,2025-06-30T13:18:16.657039615Z,01JZ0FHYSYJQMTKEVNFTKJ5XVW,2025-06-30T13:18:16.657039615Z,01JZ0FHYXNEX17F597VBZ4TX30,2025-06-30T13:18:16.657039615Z
01JZ0HJ83RGCQN8GQ85AT27ZKS,01JZ0H1K4AG17CS34Z9G9MQYDS,2025-06-30T13:48:58.87260616Z,01JZ0H1K78HDDW9F2WM1P8VZMN,2025-06-30T13:48:58.87260616Z,01JZ0H3QQ5CPMXHE11M4R96C48,2025-06-30T13:48:58.87260616Z,01JZ0HAGS7E9CRX0SV4TDEYPGQ,2025-06-30T13:48:58.87260616Z,01JZ0HAGWZFATP7YBM6916T1HM,2025-06-30T13:48:58.87260616Z
01JZ0HNXH6JBQPDR154C7Y1NR9,01JZ0H1K4AG17CS34Z9G9MQYDS,2025-06-30T13:50:59.110870925Z,01JZ0H1K6XDYNJQ07N0KM3P1VX,2025-06-30T13:50:59.110870925Z,01JZ0HBGF52K71HWK9APQ4JSS0,2025-06-30T13:50:59.110870925Z,01JZ0HJ6JG98XAP0W3RSSFXRZE,2025-06-30T13:50:59.110870925Z,01JZ0HJ6QJXWQWXHSXNVERZ648,2025-06-30T13:50:59.110870925Z
01JZ0JZAQZRAFG0MNE484BE5W5,01JZ0JJRG62BDVPN4H0KJ2XPWK,2025-06-30T14:13:36.127176406Z,01JZ0JJRMQ32S1DDP8PZN3RKEA,2025-06-30T14:13:36.127176406Z,01JZ0JR3W3AT1DTGXQJW4YRCNE,2025-06-30T14:13:36.127176406Z,01JZ0JSS78RK42Y17VNQFVPT1K,2025-06-30T14:13:36.127176406Z,01JZ0JSSA6YS5MYGZXV9CSTSFQ,2025-06-30T14:13:36.127176406Z
01JZ0PX2KT8XM8ZH4W36QR41JN,01JZ0PDFE8X2A24VZSJDD0T2BH,2025-06-30T15:22:16.570514967Z,01JZ0PDFG0TZHQMJ413RSFKXP4,2025-06-30T15:22:16.570514967Z,01JZ0JQKQ0F0M9FF1E7KJ74SGD,2025-06-30T15:22:16.570514967Z,01JZ0PSB8QFHT28EPRTVD2EBFB,2025-06-30T15:22:16.570514967Z,01JZ0PSBCXEZY6QEMF25SVCS88,2025-06-30T15:22:16.570514967Z
01JZ0RQX1QKGVPHA4N6GCTTVVM,01JZ0R44WS56B1WD5354KYAZ6V,2025-06-30T15:54:24.183592154Z,01JZ0R450A0M8Q4QC968ZVRS9H,2025-06-30T15:54:24.183592154Z,01JZ0R6Z68KBAXFH25R17ZH0FP,2025-06-30T15:54:24.183592154Z,01JZ0RFNSEZKPM2792JHDRN446,2025-06-30T15:54:24.183592154Z,01JZ0RFPKQMZBSTY66B37ZM1SV,2025-06-30T15:54:24.183592154Z
01JZ0FHKB6P3KB4EF0YBE5AYNQ,01JZ0F67X5J6SBR3095JZ2KKHQ,2025-06-30T13:13:40.454496151Z,01JZ0F67ZJJG6P50PFSVWKXYA5,2025-06-30T13:13:40.454496151Z,01JZ0FD9MGR1NQWZH14DZSCF74,2025-06-30T13:13:40.454496151Z,01JZ0FHJQAXDE33BTF4PR5DHYN,2025-06-30T13:13:40.454496151Z,01JZ0FHJQTAVZDAJ3YWNVQ8YDV,2025-06-30T13:13:40.454496151Z
01JZ0G0FV7C0X2PQ1VPZKFS6AJ,01JZ0F67X5J6SBR3095JZ2KKHQ,2025-06-30T13:21:48.39156111Z,01JZ0F67Z9QH00F8GAYATW0H4D,2025-06-30T13:21:48.39156111Z,01JZ0FBSD3M4A6AAX7FYM85E2Y,2025-06-30T13:21:48.39156111Z,01JZ0FTXTTSA7KPT3ZKN66DGDE,2025-06-30T13:21:48.39156111Z,01JZ0FTY0AKWP8FKY3R8JB0KME,2025-06-30T13:21:48.39156111Z
01JZ0HA6XBRNDWRQ6Y58AM7CK8,01JZ0H1K4AG17CS34Z9G9MQYDS,2025-06-30T13:44:35.499534523Z,01JZ0H1K7C3FKHJS5GP9RE7N8D,2025-06-30T13:44:35.499534523Z,01JZ0H4TXV5HDVPR9EH08YRVXA,2025-06-30T13:44:35.499534523Z,01JZ0HA58JCTKG4HFZRBFPTARS,2025-06-30T13:44:35.499534523Z,01JZ0HA5BDJCSKV6SEQ38NDQ0A,2025-06-30T13:44:35.499534523Z
01JZ0HE77N3ER1GEZQA6B7W0A2,01JZ0H1K4AG17CS34Z9G9MQYDS,2025-06-30T13:46:46.90139094Z,01JZ0H1K78HDDW9F2WM1P8VZMN,2025-06-30T13:46:46.90139094Z,01JZ0H3KYQN4X87D14R9JK1FH9,2025-06-30T13:46:46.90139094Z,01JZ0HAGSF134DXMQJAXEF8DCZ,2025-06-30T13:46:46.90139094Z,01JZ0HAGV6G3DJPC3A564GGRC0,2025-06-30T13:46:46.90139094Z
01JZ0HGQD2W6YX4X5A1DVZVHTG,01JZ0H1K4AG17CS34Z9G9MQYDS,2025-06-30T13:48:08.994547766Z,01JZ0H1K7KVN4Q30DF0C4SZNQW,2025-06-30T13:48:08.994547766Z,01JZ0H4GBQSQYED6WDD8E3HJCG,2025-06-30T13:48:08.994547766Z,01JZ0H9B60GZCSEZ21Q7HHJ5H8,2025-06-30T13:48:08.994547766Z,01JZ0H9B985HKEBHFDKE94BHEF,2025-06-30T13:48:08.994547766Z
01JZ0K8G2SMRX26GDPACXDCFRE,01JZ0JJRG62BDVPN4H0KJ2XPWK,2025-06-30T14:18:36.505234672Z,01JZ0JJRMFBKARHHQY8ZXKDX2Q,2025-06-30T14:18:36.505234672Z,01JZ0K2MMEXP18DBVH90QK1R5V,2025-06-30T14:18:36.505234672Z,01JZ0K2YERTFQAJEQ3WTQCHG83,2025-06-30T14:18:36.505234672Z,01JZ0K2YHT5WE07G9WFYRWEWTG,2025-06-30T14:18:36.505234672Z
01JZ0MEFW7QPYSRQC5DP7HRMJ3,01JZ0KZHFC2GEC175ZSKVHYGR2,2025-06-30T14:39:21.479173511Z,01JZ0KZHH6W8XDVC696R9C92DG,2025-06-30T14:39:21.479173511Z,01JZ0M1DADVFP84XH2E4QDPEBE,2025-06-30T14:39:21.479173511Z,01JZ0MCKBEDXBCTH25HMPCZETY,2025-06-30T14:39:21.479173511Z,01JZ0MCKDNRQKYA7DKMPVXP5T4,2025-06-30T14:39:21.479173511Z
01JZ0NVJ5CEYNVHBEMZDAABA6X,01JZ0N9PMZHSN31DAQRPMDQCYE,2025-06-30T15:03:58.380270837Z,01JZ0N9PQHD06TCBXAQZTT3H76,2025-06-30T15:03:58.380270837Z,01JZ0NGFD8Q625CBVC4SGN58J1,2025-06-30T15:03:58.380270837Z,01JZ0NKT3DR2EPQ5TV4AEDW3XX,2025-06-30T15:03:58.380270837Z,01JZ0NKT9JAEG0PJBY6B34KT3T,2025-06-30T15:03:58.380270837Z
01JZ0FQSQ8CA8GP17XHPAP5WN4,01JZ0F67X5J6SBR3095JZ2KKHQ,2025-06-30T13:17:03.592126733Z,01JZ0F67Z49S75BR56TBMFCZ55,2025-06-30T13:17:03.592126733Z,01JZ0FBFBJW6M9QE503VEPS9CV,2025-06-30T13:17:03.592126733Z,01JZ0FQRV86T3D357C7FEC28TG,2025-06-30T13:17:03.592126733Z,01JZ0FQRWSXTWWYSZYJ33CE0NE,2025-06-30T13:17:03.592126733Z
01JZ0RHNVA1X32QDYW56DBJ0F8,01JZ0R44WS56B1WD5354KYAZ6V,2025-06-30T15:51:00.202725881Z,01JZ0R44ZMT5HYXWVABB60AH0G,2025-06-30T15:51:00.202725881Z,01JZ0RB2RBV77DCY4AE9FA26J2,2025-06-30T15:51:00.202725881Z,01JZ0RDSDRWJSGT5RWM6SPP1BW,2025-06-30T15:51:00.202725881Z,01JZ0RDSJT0J3J6TXBT5BY8JVJ,2025-06-30T15:51:00.202725881Z
01JZ0RTH9H42C0VXB9T9AMCK7V,01JZ0R44WS56B1WD5354KYAZ6V,2025-06-30T15:55:50.44988678Z,01JZ0R44ZAP7PYVAMQ60PRQDRH,2025-06-30T15:55:50.44988678Z,01JZ0RFSGVV4CF4HS12XY9QNMR,2025-06-30T15:55:50.44988678Z,01JZ0RJBPYV67ZX54VSJ1EA9P4,2025-06-30T15:55:50.44988678Z,01JZ0RJC4ZE2NAMZ2CN9P8W9BH,2025-06-30T15:55:50.44988678Z
01JZ0SX3EZ15FW8VJ4M5FB8PHC,01JZ0S9G3E1V9Y4W1M8GV3AGA9,2025-06-30T16:14:43.167834557Z,01JZ0S9GBDE95BAEJ35DY3VGC4,2025-06-30T16:14:43.167834557Z,01JZ0SQ9PF520D4EJDE9FVG6JE,2025-06-30T16:14:43.167834557Z,01JZ0SQECM4D5XPER5PREQ6RDB,2025-06-30T16:14:43.167834557Z,01JZ0SQEMZKSBTK6NS2RRHWVD7,2025-06-30T16:14:43.167834557Z
01JZ0Q380DVNHCGW4H39QN384V,01JZ0PDFE8X2A24VZSJDD0T2BH,2025-06-30T15:25:38.701698532Z,01JZ0PDFFH0EDR9F9CYFN0TQY3,2025-06-30T15:25:38.701698532Z,01JZ0PF2V4RTPDWDRQG4CJRS6D,2025-06-30T15:25:38.701698532Z,01JZ0PVRF7K7NKQ7ZE4CCVD40K,2025-06-30T15:25:38.701698532Z,01JZ0PVRY8854FG5MQ5RHH4TS9,2025-06-30T15:25:38.701698532Z
01JZ0K0BH17NCRGFM7P70R8KSQ,01JZ0JJRG62BDVPN4H0KJ2XPWK,2025-06-30T14:14:09.697652003Z,01JZ0JJRM7K0MBX3MKCVTKC5NR,2025-06-30T14:14:09.697652003Z,01JZ0JP3NMJEF2RZEXJRZ363R2,2025-06-30T14:14:09.697652003Z,01JZ0K098DXTDH1VCTKYXKPC0C,2025-06-30T14:14:09.697652003Z,01JZ0K09BR2ER5JHDCND4CZ7NM,2025-06-30T14:14:09.697652003Z
01JZ0MMMS6004CA9ZJG5FGRJ9B,01JZ0KZHFC2GEC175ZSKVHYGR2,2025-06-30T14:42:43.110971246Z,01JZ0KZHH6W8XDVC696R9C92DG,2025-06-30T14:42:43.110971246Z,01JZ0M20DM4T4V1KVQ5EQ5SJCQ,2025-06-30T14:42:43.110971246Z,01JZ0MCKA2QW8DXTAC6G4N5FMF,2025-06-30T14:42:43.110971246Z,01JZ0MCKH6P5ETQ69Q6XVACMYV,2025-06-30T14:42:43.110971246Z
01JZ0P8082V7EP1Z8D87G23X0F,01JZ0NSN7EKS122Z238A4PF66D,2025-06-30T15:10:46.018540886Z,01JZ0NSNACQB6FV8GE0XS7JKF9,2025-06-30T15:10:46.018540886Z,01JZ0P111DGX2GYFS2HKPTTG1D,2025-06-30T15:10:46.018540886Z,01JZ0P7YKZ0DJ4DJ00YYG0YM4V,2025-06-30T15:10:46.018540886Z,01JZ0P7YPV7TWCE3QD95AP24MA,2025-06-30T15:10:46.018540886Z
01JZ0PV7RXMTJV9T2Z67RH28PY,01JZ0PDFE8X2A24VZSJDD0T2BH,2025-06-30T15:21:16.317139158Z,01JZ0PDFG0TZHQMJ413RSFKXP4,2025-06-30T15:21:16.317139158Z,01JZ0PK0DZKRC734RSACJ85GGV,2025-06-30T15:21:16.317139158Z,01JZ0PSB8QFHT28EPRTVD2EBFB,2025-06-30T15:21:16.317139158Z,01JZ0PSBCHKVBAR0MEERQD2M0T,2025-06-30T15:21:16.317139158Z
01JZ0PX2K5625MXZ93ZN1NN2M9,01JZ0PDFE8X2A24VZSJDD0T2BH,2025-06-30T15:22:16.549669838Z,01JZ0PDFG0TZHQMJ413RSFKXP4,2025-06-30T15:22:16.549669838Z,01JZ0PFD148NQV3M8890VB1Y1E,2025-06-30T15:22:16.549669838Z,01JZ0PSB8QFHT28EPRTVD2EBFB,2025-06-30T15:22:16.549669838Z,01JZ0PSBCXEZY6QEMF25SVCS88,2025-06-30T15:22:16.549669838Z
01JZ0T4Z1FFD20DRYFKTAB05Z8,01JZ0S9G3E1V9Y4W1M8GV3AGA9,2025-06-30T16:19:00.783232893Z,01JZ0S9G8MSQJNW9QDDX82T8EZ,2025-06-30T16:19:00.783232893Z,01JZ0ST5TS5QV8K1SHD437M5P1,2025-06-30T16:19:00.783232893Z,01JZ0T2Z776H5NYH3952M90NE0,2025-06-30T16:19:00.783232893Z,01JZ0T2ZFPDV5D7H1VBDA9J26G,2025-06-30T16:19:00.783232893Z
01JZ0HHW9AWGT634VEME5KYRVF,01JZ0H1K4AG17CS34Z9G9MQYDS,2025-06-30T13:48:46.762852336Z,01JZ0H1K7C3FKHJS5GP9RE7N8D,2025-06-30T13:48:46.762852336Z,01JZ0FCPQMY08ZRWSN7GNNGJQ7,2025-06-30T13:48:46.762852336Z,01JZ0HA58VSZX7J2P38WPTHP06,2025-06-30T13:48:46.762852336Z,01JZ0HA5GS32GQV6315XEFW0FY,2025-06-30T13:48:46.762852336Z
01JZ0G1RWGF3P8GKXP7QZB92RY,01JZ0F67X5J6SBR3095JZ2KKHQ,2025-06-30T13:22:30.416041661Z,01JZ0F67ZC5C7QZPK5TEQ23RT2,2025-06-30T13:22:30.416041661Z,01JZ0FD2BN64VRFRHMMV8SJH4Y,2025-06-30T13:22:30.416041661Z,01JZ0FSQ4CMD8W58JCEWT8Q1ED,2025-06-30T13:22:30.416041661Z,01JZ0FSQBK5FN1GAJ960M7AJ2J,2025-06-30T13:22:30.416041661Z
01JZ0HJ53RR86K9K6ZFC6V03V4,01JZ0H1K4AG17CS34Z9G9MQYDS,2025-06-30T13:48:55.800598714Z,01JZ0H1K7A7HBJ5WZC7T99GVBX,2025-06-30T13:48:55.800598714Z,01JZ0H5Q2X0VNQ3KT02G5XT30Y,2025-06-30T13:48:55.800598714Z,01JZ0HAECWF8GVS1BK6GSGGQXS,2025-06-30T13:48:55.800598714Z,01JZ0HAEJQ4P0QGSNMTF4711VK,2025-06-30T13:48:55.800598714Z
01JZ0MFEF46M5QZ1N03QNP069N,01JZ0KZHFC2GEC175ZSKVHYGR2,2025-06-30T14:39:52.804553638Z,01JZ0KZHGXZ28TMC40NC90GVYX,2025-06-30T14:39:52.804553638Z,01JZ0M5HKJHP80W8A523JYGPBB,2025-06-30T14:39:52.804553638Z,01JZ0M9WSQ9DM8WT39RMXP13EB,2025-06-30T14:39:52.804553638Z,01JZ0M9WXFR1P2FGPYN4BYN34C,2025-06-30T14:39:52.804553638Z
01JZ0RPKBSBANVVCS6KK9B5NNG,01JZ0R44WS56B1WD5354KYAZ6V,2025-06-30T15:53:41.497591663Z,01JZ0R44ZYB02HBRR2X1W771BR,2025-06-30T15:53:41.497591663Z,01JZ0R650HM6CA46MBYW3JYRJ9,2025-06-30T15:53:41.497591663Z,01JZ0RGZ3DKRXN7JFMF7ZYJ17Q,2025-06-30T15:53:41.497591663Z,01JZ0RGZCJ387YHVR398A6EPWM,2025-06-30T15:53:41.497591663Z
01JZ0V8RVV287RNJ3W5WK0NBYZ,01JZ0TXM4HA3Q8P6D6TPYYS7R3,2025-06-30T16:38:34.107134558Z,01JZ0TXMAAZJ4VJWA2WTVHG174,2025-06-30T16:38:34.107134558Z,01JZ0V32G4VNH8F152X0004PNK,2025-06-30T16:38:34.107134558Z,01JZ0V8M42RMRY2C4MPYB0YYVH,2025-06-30T16:38:34.107134558Z,01JZ0V8MA8ZRCYYEP5BGPZR17K,2025-06-30T16:38:34.107134558Z
01JZ0FPPNFC84E9S1G13JVJMKE,01JZ0F67X5J6SBR3095JZ2KKHQ,2025-06-30T13:16:27.695509994Z,01JZ0F67ZEPC67VW242P0YYZAA,2025-06-30T13:16:27.695509994Z,01JZ0F92D7BTC36M9SAY11MMN5,2025-06-30T13:16:27.695509994Z,01JZ0FF15B1AYVQX6Z1TA0K6BX,2025-06-30T13:16:27.695509994Z,01JZ0FF179MFKNNXKATH53J659,2025-06-30T13:16:27.695509994Z
01JZ0FQGXM7BF76FBRZG1EDTVY,01JZ0F67X5J6SBR3095JZ2KKHQ,2025-06-30T13:16:54.580388188Z,01JZ0F67Z9QH00F8GAXY086HB5,2025-06-30T13:16:54.580388188Z,01JZ0FBRXZ8XMKNDM1GTFS4P4A,2025-06-30T13:16:54.580388188Z,01JZ0FNMHABMQMJJE7Y0M736G4,2025-06-30T13:16:54.580388188Z,01JZ0FNMM2YADDXQXBFP61Z513,2025-06-30T13:16:54.580388188Z
01JZ0PEZNTBRMCKE7P9X4TA9N2,01JZ0NSN7EKS122Z238A4PF66D,2025-06-30T15:14:34.810509516Z,01JZ0NSNAYA5ZEAQVB789Y1XW2,2025-06-30T15:14:34.810509516Z,01JZ0NVNVCS2PF70NRPAQFB4PC,2025-06-30T15:14:34.810509516Z,01JZ0PB8CZS6M8SVA60NSTSB4W,2025-06-30T15:14:34.810509516Z,01JZ0PB8GAQ67WW9EPR5YC95SB,2025-06-30T15:14:34.810509516Z
01JZ0PVW1FFN4Q6VNK9ADDYP0F,01JZ0PDFE8X2A24VZSJDD0T2BH,2025-06-30T15:21:37.071764185Z,01JZ0PDFFH0EDR9F9CYFN0TQY3,2025-06-30T15:21:37.071764185Z,01JZ0PQG0QD2E50TEZE8KJC3TY,2025-06-30T15:21:37.071764185Z,01JZ0PVRG7Q9XH6WS9RGNQ3YX6,2025-06-30T15:21:37.071764185Z,01JZ0PVRP77E3NV7NX1BVSV22X,2025-06-30T15:21:37.071764185Z
01JZ0Q12PJ03BP3VZVEPJE92ED,01JZ0PDFE8X2A24VZSJDD0T2BH,2025-06-30T15:24:27.730402622Z,01JZ0PDFG0TZHQMJ413RSFKXP4,2025-06-30T15:24:27.730402622Z,01JZ0JQKQ0F0M9FF1E7KJ74SGD,2025-06-30T15:24:27.730402622Z,01JZ0PSB9NEW7WNBBQFB9FQ87E,2025-06-30T15:24:27.730402622Z,01JZ0PSBFKMZXM1B2TV94PVVYV,2025-06-30T15:24:27.730402622Z
01JZ0RNE2C4FGBT8JBC6VNP80E,01JZ0R44WS56B1WD5354KYAZ6V,2025-06-30T15:53:03.308597678Z,01JZ0R44ZMT5HYXWVABB60AH0G,2025-06-30T15:53:03.308597678Z,01JZ0R6Q0YQ41FZ6FDY8FN8NJA,2025-06-30T15:53:03.308597678Z,01JZ0RDSCY1BRCKPVF2FF3QCCD,2025-06-30T15:53:03.308597678Z,01JZ0RDSNGGRTK8B7Q4RAEXD1S,2025-06-30T15:53:03.308597678Z
01JZ0RNT4XPR7J98YDQ43CYDVF,01JZ0R44WS56B1WD5354KYAZ6V,2025-06-30T15:53:15.677612155Z,01JZ0R44YD4TQ1QQVW9H1W0WBF,2025-06-30T15:53:15.677612155Z,01JZ0R6DH2W2W2NRB6MJ1KHHEC,2025-06-30T15:53:15.677612155Z,01JZ0RDJ6VECBCV4R08YWCJE54,2025-06-30T15:53:15.677612155Z,01JZ0RDJZJKFRDY48KAFVDRN41,2025-06-30T15:53:15.677612155Z
01JZ0T4Z49EF3K27R9ATZYWXKK,01JZ0S9G3E1V9Y4W1M8GV3AGA9,2025-06-30T16:19:00.8735823Z,01JZ0S9G8MSQJNW9QDDX82T8EZ,2025-06-30T16:19:00.8735823Z,01JZ0SKJNFRFYTYMMSB3A2M8JB,2025-06-30T16:19:00.8735823Z,01JZ0T2Z776H5NYH3952M90NE0,2025-06-30T16:19:00.8735823Z,01JZ0T2ZFPDV5D7H1VBDA9J26G,2025-06-30T16:19:00.8735823Z
01JZ0FH2S4GA08RPK66E25B2H3,01JZ0F67X5J6SBR3095JZ2KKHQ,2025-06-30T13:13:23.492886365Z,01JZ0F67ZT8SK3RX0KMQXRZR64,2025-06-30T13:13:23.492886365Z,01JZ0FB53ABA3J4GQAS9PQCVA2,2025-06-30T13:13:23.492886365Z,01JZ0FH2335CJ3FD79F7KW4ZQ3,2025-06-30T13:13:23.492886365Z,01JZ0FH24747RJE3D9SVAY6ZMK,2025-06-30T13:13:23.492886365Z
01JZ0TJXSTATHPEHQG4TARG9EJ,01JZ0T594M7DT83RJMYEJDT186,2025-06-30T16:26:38.266749813Z,01JZ0T59780CP4Z1F2CEHFDNAC,2025-06-30T16:26:38.266749813Z,01JZ0T99WGNY3W44R5KQDMRP3G,2025-06-30T16:26:38.266749813Z,01JZ0TGXAWKWP7D51X7AXHZM1D,2025-06-30T16:26:38.266749813Z,01JZ0TGXJC9KX3P475M2PFTP69,2025-06-30T16:26:38.266749813Z
01JZ0FV2HV6SHWYAFDQZ9J0CVS,01JZ0F67X5J6SBR3095JZ2KKHQ,2025-06-30T13:18:50.939333924Z,01JZ0F67ZNGQ7M2D3G3M0R8ZTD,2025-06-30T13:18:50.939333924Z,01JZ0FF2AESZYBEQBJZKV45YWJ,2025-06-30T13:18:50.939333924Z,01JZ0FNH5C6Q73NCV3H5ND8BSP,2025-06-30T13:18:50.939333924Z,01JZ0FNH7RNVM69P187GPAFMTG,2025-06-30T13:18:50.939333924Z
01JZ0HC1T8QZ9X11XP09S6M0QM,01JZ0H1K4AG17CS34Z9G9MQYDS,2025-06-30T13:45:35.816502405Z,01JZ0H1K7C3FKHJS5GP9RE7N8D,2025-06-30T13:45:35.816502405Z,01JZ0H6K2HFSCPNFH59C03RZVV,2025-06-30T13:45:35.816502405Z,01JZ0HA59FS77DYF0M07SAVR93,2025-06-30T13:45:35.816502405Z,01JZ0HA5CX9Z7G6RBRWH2NAXB6,2025-06-30T13:45:35.816502405Z
01JZ0HHWX7QEP0TK8BZ5QY7ZK3,01JZ0H1K4AG17CS34Z9G9MQYDS,2025-06-30T13:48:47.399298982Z,01JZ0H1K78HDDW9F2WM1P8VZMN,2025-06-30T13:48:47.399298982Z,01JZ0H45MHCSY2Q70D0QH5HSR8,2025-06-30T13:48:47.399298982Z,01JZ0HAGRNTZZ0EQ8G9VK0FZKV,2025-06-30T13:48:47.399298982Z,01JZ0HAGW58B85XJRP1Q9GGJ6N,2025-06-30T13:48:47.399298982Z
01JZ0SX3E3BKCKCRKR509VT7NS,01JZ0S9G3E1V9Y4W1M8GV3AGA9,2025-06-30T16:14:43.139395376Z,01JZ0S9GBDE95BAEJ35DY3VGC4,2025-06-30T16:14:43.139395376Z,01JZ0SA8WBZCVQVD20ETSR9KH4,2025-06-30T16:14:43.139395376Z,01JZ0SQECM4D5XPER5PREQ6RDB,2025-06-30T16:14:43.139395376Z,01JZ0SQEMZKSBTK6NS2RRHWVD7,2025-06-30T16:14:43.139395376Z
01JZ0FPCMS4G7CTW2PPGKC91CC,01JZ0F67X5J6SBR3095JZ2KKHQ,2025-06-30T13:16:17.433515547Z,01JZ0F67ZEPC67VW242P0YYZAA,2025-06-30T13:16:17.433515547Z,01JZ0FB5NM2PBQFGSVXVEDAQ5Y,2025-06-30T13:16:17.433515547Z,01JZ0FF15AHE88P0R0P51NTMAK,2025-06-30T13:16:17.433515547Z,01JZ0FF16X6T4NKTWJV4SZPBZJ,2025-06-30T13:16:17.433515547Z
01JZ0SV8FZR1RJM2Y0R3NG7ANZ,01JZ0S9G3E1V9Y4W1M8GV3AGA9,2025-06-30T16:13:42.783052841Z,01JZ0S9GBDE95BAEJ35DY3VGC4,2025-06-30T16:13:42.783052841Z,01JZ0SQ9PF520D4EJDE9FVG6JE,2025-06-30T16:13:42.783052841Z,01JZ0SQECM4D5XPER5PREQ6RDB,2025-06-30T16:13:42.783052841Z,01JZ0SQEMB917QHZYWSBT1QBXE,2025-06-30T16:13:42.783052841Z
01JZ0MG82N9FNA2RXX97Y7S879,01JZ0KZHFC2GEC175ZSKVHYGR2,2025-06-30T14:40:19.029459645Z,01JZ0KZHGK1V8ZC0AXDBXBYAX9,2025-06-30T14:40:19.029459645Z,01JZ0M3MNV9G8QBABMQR9NRFSY,2025-06-30T14:40:19.029459645Z,01JZ0M8V6YAB67PHM4KR0DAV8P,2025-06-30T14:40:19.029459645Z,01JZ0M8VAT1MQG3ZAVCKXSZQHW,2025-06-30T14:40:19.029459645Z
01JZ0FSRF31A59TEQRT4C3J05F,01JZ0F67X5J6SBR3095JZ2KKHQ,2025-06-30T13:18:07.843288265Z,01JZ0F67ZC5C7QZPK5TEQ23RT2,2025-06-30T13:18:07.843288265Z,01JZ0FBW1M5PKMMEKBNN3362X7,2025-06-30T13:18:07.843288265Z,01JZ0FSQ3NCEXR5QF86N66S7M0,2025-06-30T13:18:07.843288265Z,01JZ0FSQ5H5YWKJGNPH9AKT3QM,2025-06-30T13:18:07.843288265Z
01JZ0JXFY9S20H67V4B0ZJQDAJ,01JZ0JJRG62BDVPN4H0KJ2XPWK,2025-06-30T14:12:35.913536191Z,01JZ0JJRMQ32S1DDP8PZN3RKEA,2025-06-30T14:12:35.913536191Z,01JZ0JMMQB7PV7562FFEM02FS7,2025-06-30T14:12:35.913536191Z,01JZ0JSS78RK42Y17VNQFVPT1K,2025-06-30T14:12:35.913536191Z,01JZ0JSSA13XQTH0PSQVMEQD2C,2025-06-30T14:12:35.913536191Z
01JZ0RD1WC98D1D858RDKAH92D,01JZ0R44WS56B1WD5354KYAZ6V,2025-06-30T15:48:28.684981824Z,01JZ0R44YW0T94WKHD2ZAT9VPC,2025-06-30T15:48:28.684981824Z,01JZ0R87RQQ80K7DPTNHVHAFYR,2025-06-30T15:48:28.684981824Z,01JZ0RCZ535FABYRRVT4FFBB0K,2025-06-30T15:48:28.684981824Z,01JZ0RCZ9Q2HV403Y6QR5W6S6N,2025-06-30T15:48:28.684981824Z
01JZ0RFTTWE1X3K8WHD29JKQ1V,01JZ0R44WS56B1WD5354KYAZ6V,2025-06-30T15:49:59.77251386Z,01JZ0R44ZMT5HYXWVABB60AH0G,2025-06-30T15:49:59.77251386Z,01JZ0R9YBP53FHZRSC3KJMTX8V,2025-06-30T15:49:59.77251386Z,01JZ0RDSDRWJSGT5RWM6SPP1BW,2025-06-30T15:49:59.77251386Z,01JZ0RDSJ36V2BKV8CCXRG2JRZ,2025-06-30T15:49:59.77251386Z
01JZ0SXMM2GRCG8WQYAP33CYA0,01JZ0S9G3E1V9Y4W1M8GV3AGA9,2025-06-30T16:15:00.738405254Z,01JZ0S9G7VJHRZZRV1KXAXAXSY,2025-06-30T16:15:00.738405254Z,01JZ0SHSYCA0N91MC48RJ4Q13V,2025-06-30T16:15:00.738405254Z,01JZ0SP4D0CS281Y0996N1R2P4,2025-06-30T16:15:00.738405254Z,01JZ0SP4QF1M3BERGM3812151M,2025-06-30T16:15:00.738405254Z
01JZ0T1RE6GZB8PW4G0KTT42A1,01JZ0S9G3E1V9Y4W1M8GV3AGA9,2025-06-30T16:17:15.718339022Z,01JZ0S9G72AZ3MF9HASHX1PW43,2025-06-30T16:17:15.718339022Z,01JZ0SHV4YF359JMJ5P6VTBKHD,2025-06-30T16:17:15.718339022Z,01JZ0SSF389HKA4QSJQDWQBPK3,2025-06-30T16:17:15.718339022Z,01JZ0SSFM7W9K12VT26J1075B1,2025-06-30T16:17:15.718339022Z
01JZ0FQ0N2QB1EMX29CZ5E2RJ6,01JZ0F67X5J6SBR3095JZ2KKHQ,2025-06-30T13:16:37.922994626Z,01JZ0F67ZEPC67VW242P0YYZAA,2025-06-30T13:16:37.922994626Z,01JZ0FB4C7Y78SJ4DA45DQ131P,2025-06-30T13:16:37.922994626Z,01JZ0FF15E71ENN4G6Z16M19W3,2025-06-30T13:16:37.922994626Z,01JZ0FF17XY1JBBGEQ9GM57GP8,2025-06-30T13:16:37.922994626Z
01JZ0FPT7A2M7K54QBSZ29NRYM,01JZ0F67X5J6SBR3095JZ2KKHQ,2025-06-30T13:16:31.338408664Z,01JZ0F67ZKKPGDC64ETWQZ69WV,2025-06-30T13:16:31.338408664Z,01JZ0FBY93DWZC8869QS2ZXNMA,2025-06-30T13:16:31.338408664Z,01JZ0FFEADDJT61Y5D8348YXND,2025-06-30T13:16:31.338408664Z,01JZ0FFED9BC1QZNJVTEXT68RC,2025-06-30T13:16:31.338408664Z
01JZ0FZ91FC8FG6021QTTCBA1R,01JZ0F67X5J6SBR3095JZ2KKHQ,2025-06-30T13:21:08.655669627Z,01JZ0F67ZC5C7QZPK5TEQ23RT2,2025-06-30T13:21:08.655669627Z,01JZ0FHGYRW8Y6ZSR162NPMQGD,2025-06-30T13:21:08.655669627Z,01JZ0FSQ51351EYGBSHM59PBYH,2025-06-30T13:21:08.655669627Z,01JZ0FSQ84KY23QPYBXQWPTRVM,2025-06-30T13:21:08.655669627Z
01JZ0MMD61EVTC49A32AH602ZR,01JZ0KZHFC2GEC175ZSKVHYGR2,2025-06-30T14:42:35.329205222Z,01JZ0KZHHC2JQ9380R79DSYF93,2025-06-30T14:42:35.329205222Z,01JZ0M1SCZW0JCV54MFTC7P4CZ,2025-06-30T14:42:35.329205222Z,01JZ0MGP26NJJGJCWPQGW8F3YX,2025-06-30T14:42:35.329205222Z,01JZ0MGP52H1KJ31M2K04FHCQX,2025-06-30T14:42:35.329205222Z
01JZ0NWR8M8E003Y2VGQP55JTG,01JZ0N9PMZHSN31DAQRPMDQCYE,2025-06-30T15:04:37.396682662Z,01JZ0N9PPX2EBNCBEJCH5EHX43,2025-06-30T15:04:37.396682662Z,01JZ0NG12FZE181X2TCG6QQA6Y,2025-06-30T15:04:37.396682662Z,01JZ0NQ6AS26ETG3TZPNN36FTM,2025-06-30T15:04:37.396682662Z,01JZ0NQ6DTMPVHS1CNXFSFA3WG,2025-06-30T15:04:37.396682662Z
01JZ0PKAHPAM6S4RJE77QCCSB7,01JZ0NSN7EKS122Z238A4PF66D,2025-06-30T15:16:57.014988311Z,01JZ0NSNAYA5ZEAQVB789Y1XW2,2025-06-30T15:16:57.014988311Z,01JZ0NVYPF8E0336C41XNTMV12,2025-06-30T15:16:57.014988311Z,01JZ0PB8DV4NZFG3Y6Z26RWACH,2025-06-30T15:16:57.014988311Z,01JZ0PB8M7YWCC7M3BSKCMWZ0R,2025-06-30T15:16:57.014988311Z
01JZ0FH9VKTWDX6K5JEG82QJP0,01JZ0F67X5J6SBR3095JZ2KKHQ,2025-06-30T13:13:30.739287751Z,01JZ0F67ZKKPGDC64ETWQZ69WV,2025-06-30T13:13:30.739287751Z,01JZ0FC3BQ9GCC6QG6CDGGD2W7,2025-06-30T13:13:30.739287751Z,01JZ0FFEABFZ5CT87GW8737MVN,2025-06-30T13:13:30.739287751Z,01JZ0FFEC471Z9SD47S8EGXE2B,2025-06-30T13:13:30.739287751Z
01JZ0HGQDMKM6YWBKD1CXDEDQD,01JZ0H1K4AG17CS34Z9G9MQYDS,2025-06-30T13:48:09.012676031Z,01JZ0H1K7KVN4Q30DF0C4SZNQW,2025-06-30T13:48:09.012676031Z,01JZ0H3FWJS4NSARZAFMVPHGS8,2025-06-30T13:48:09.012676031Z,01JZ0H9B60GZCSEZ21Q7HHJ5H8,2025-06-30T13:48:09.012676031Z,01JZ0H9B985HKEBHFDKE94BHEF,2025-06-30T13:48:09.012676031Z
01JZ0MHXN3CYFH8JEEH6V8CHSR,01JZ0KZHFC2GEC175ZSKVHYGR2,2025-06-30T14:41:13.891259587Z,01JZ0KZHGXZ28TMC40NC90GVYX,2025-06-30T14:41:13.891259587Z,01JZ0M0Y3WZXVFN2PP6BJX9R12,2025-06-30T14:41:13.891259587Z,01JZ0M9WVB1WWHT5K6G6X9W59V,2025-06-30T14:41:13.891259587Z,01JZ0M9X08W85492TW3PQ0RMWV,2025-06-30T14:41:13.891259587Z
01JZ0NZ7W1NWHAB76BEK8C7CQM,01JZ0N9PMZHSN31DAQRPMDQCYE,2025-06-30T15:05:58.913159685Z,01JZ0N9PPX2EBNCBEJCH5EHX43,2025-06-30T15:05:58.913159685Z,01JZ0NG12FZE181X2TCG6QQA6Y,2025-06-30T15:05:58.913159685Z,01JZ0NQ6BKKRWGKT10550Q22C5,2025-06-30T15:05:58.913159685Z,01JZ0NQ6GSWK8Y4NTPJ5M0YS33,2025-06-30T15:05:58.913159685Z
01JZ0FSN0JGW56YFEHGY91S5DJ,01JZ0F67X5J6SBR3095JZ2KKHQ,2025-06-30T13:18:04.306476062Z,01JZ0F67Z49S75BR56TBMFCZ55,2025-06-30T13:18:04.306476062Z,01JZ0FHBKFFN0MM6M7GQW56AYM,2025-06-30T13:18:04.306476062Z,01JZ0FQRVP5GMFQVC581G5X73Z,2025-06-30T13:18:04.306476062Z,01JZ0FQRY0R9HPTNKXRYWC5DCZ,2025-06-30T13:18:04.306476062Z
01JZ0G1RNSDHRWMDG2DZXNWZ1J,01JZ0F67X5J6SBR3095JZ2KKHQ,2025-06-30T13:22:30.201145888Z,01JZ0F67Z8B8A42G6Y5XQ0NS83,2025-06-30T13:22:30.201145888Z,01JZ0FB65N9AA5DRTF3YEVRMGT,2025-06-30T13:22:30.201145888Z,01JZ0FW5GZ8NR8PVKBDD2P70TS,2025-06-30T13:22:30.201145888Z,01JZ0FW5RBJNNA3GJTC4NQK0WN,2025-06-30T13:22:30.201145888Z
01JZ0HM2QR7NK2D8Y4XQNSRWK9,01JZ0H1K4AG17CS34Z9G9MQYDS,2025-06-30T13:49:58.904470537Z,01JZ0H1K6XDYNJQ07N0KM3P1VX,2025-06-30T13:49:58.904470537Z,01JZ0H9M4DPGN0X41681CC63MX,2025-06-30T13:49:58.904470537Z,01JZ0HJ6JG98XAP0W3RSSFXRZE,2025-06-30T13:49:58.904470537Z,01JZ0HJ6QBKQ5NW4YHYDB4QRH0,2025-06-30T13:49:58.904470537Z
01JZ0JWAM5K9JX816PWFBVM7GC,01JZ0JJRG62BDVPN4H0KJ2XPWK,2025-06-30T14:11:57.701903512Z,01JZ0JJRKVJXBJGVYTJ6TBMBFM,2025-06-30T14:11:57.701903512Z,01JZ0JT6RPMCT74P4JP8THD1T8,2025-06-30T14:11:57.701903512Z,01JZ0JW9F9Z7WAAVX264BMEZ86,2025-06-30T14:11:57.701903512Z,01JZ0JW9HMPEM4HS4XG9J4AV85,2025-06-30T14:11:57.701903512Z
01JZ0K00MWP1QP0B8MN25PW8E5,01JZ0JJRG62BDVPN4H0KJ2XPWK,2025-06-30T14:13:58.556946117Z,01JZ0JJRKVJXBJGVYTJ6TBMBFM,2025-06-30T14:13:58.556946117Z,01JZ0JN4F2114ZS0WES1BTCGSF,2025-06-30T14:13:58.556946117Z,01JZ0JW9G1715DA28FHK9V31XS,2025-06-30T14:13:58.556946117Z,01JZ0JW9K9EZD3KQFT0CHYPNWX,2025-06-30T14:13:58.556946117Z
01JZ0Q3WJ5BP2AGZDRCJKBFJXC,01JZ0PDFE8X2A24VZSJDD0T2BH,2025-06-30T15:25:59.749525753Z,01JZ0PDFFH0EDR9F9CYFN0TQY3,2025-06-30T15:25:59.749525753Z,01JZ0PF2V4RTPDWDRQG4CJRS6D,2025-06-30T15:25:59.749525753Z,01JZ0PVRMDAW37CVDBXYEM2816,2025-06-30T15:25:59.749525753Z,01JZ0PVS42CZ7R23JHD0T5PQ23,2025-06-30T15:25:59.749525753Z
01JZ0QHA2HPCBZDAC0ET0HX2S4,01JZ0Q0CTMMAVY329HW6Z84SYY,2025-06-30T15:33:19.569294051Z,01JZ0Q0CX32Y5M8NZMVY0C598C,2025-06-30T15:33:19.569294051Z,01JZ0Q37ZE5E8WW1TTY1J69H1X,2025-06-30T15:33:19.569294051Z,01JZ0QDJJNPEJ5YZK89YN764ZV,2025-06-30T15:33:19.569294051Z,01JZ0QDJN85VE5YS328ZYC3884,2025-06-30T15:33:19.569294051Z
01JZ0VE0YHE6MR81642N18VRKR,01JZ0TXM4HA3Q8P6D6TPYYS7R3,2025-06-30T16:41:26.22602171Z,01JZ0TXMB9EHVXHHHV3J3SQY3A,2025-06-30T16:41:26.22602171Z,01JZ0V1ERYHDJ60FHKM6DYYBBC,2025-06-30T16:41:26.22602171Z,01JZ0VC1S39MS0B0H13TGRSYRF,2025-06-30T16:41:26.22602171Z,01JZ0VC23CRK1527800PPWN7VJ,2025-06-30T16:41:26.22602171Z
01JZ0FP5DM9TZNJB4599ASRTSK,01JZ0F67X5J6SBR3095JZ2KKHQ,2025-06-30T13:16:10.036724824Z,01JZ0F6805RKXP4JKMN5N89R8W,2025-06-30T13:16:10.036724824Z,01JZ0FAXS6V25W6YPWT6Y66ZX9,2025-06-30T13:16:10.036724824Z,01JZ0FEFHWPKWAGJFFY68HH92Z,2025-06-30T13:16:10.036724824Z,01JZ0FEFMKN8GN86SHCG0DWKZD,2025-06-30T13:16:10.036724824Z
01JZ0NYKDKBJ9V7S0JD94Z6XHA,01JZ0N9PMZHSN31DAQRPMDQCYE,2025-06-30T15:05:37.971480197Z,01JZ0N9PPX2EBNCBEJCH5EHX43,2025-06-30T15:05:37.971480197Z,01JZ0NCH65T5YAFMH2EDFYXMCM,2025-06-30T15:05:37.971480197Z,01JZ0NQ6B22RCM4EYA025ZVKZE,2025-06-30T15:05:37.971480197Z,01JZ0NQ6EQGXAFCAJ3XWJM67Y7,2025-06-30T15:05:37.971480197Z
01JZ0PFBSQRPY6ZRM18YF2RPKF,01JZ0NSN7EKS122Z238A4PF66D,2025-06-30T15:14:47.224011412Z,01JZ0NSNACQB6FV8GE0XS7JKF9,2025-06-30T15:14:47.224011412Z,01JZ0NZAF5PAQ3ECGHTTXSX02G,2025-06-30T15:14:47.224011412Z,01JZ0P7YNC23PG2FBXK5EHB1WT,2025-06-30T15:14:47.224011412Z,01JZ0P7YT5HQ2VPHSWBMT2FQ2M,2025-06-30T15:14:47.224011412Z
01JZ0QFFPSMR6BE3E42FH80HBW,01JZ0Q0CTMMAVY329HW6Z84SYY,2025-06-30T15:32:19.80205752Z,01JZ0Q0CWNKJYDS4SW61Q7VTQN,2025-06-30T15:32:19.80205752Z,01JZ0Q7SXAVHT2K7AH34K6E1SX,2025-06-30T15:32:19.80205752Z,01JZ0Q80X0DV01H6MZ0H7J8ABM,2025-06-30T15:32:19.80205752Z,01JZ0Q813FAWB6VG0C9ZP7KRV4,2025-06-30T15:32:19.80205752Z
01JZ0RD1XKYKS6QGJ8KV2KRYD7,01JZ0R44WS56B1WD5354KYAZ6V,2025-06-30T15:48:28.723786882Z,01JZ0R44YW0T94WKHD2ZAT9VPC,2025-06-30T15:48:28.723786882Z,01JZ0R6WK5QD50F4G761FSN8E5,2025-06-30T15:48:28.723786882Z,01JZ0RCZ535FABYRRVT4FFBB0K,2025-06-30T15:48:28.723786882Z,01JZ0RCZ9Q2HV403Y6QR5W6S6N,2025-06-30T15:48:28.723786882Z
01JZ0RFT1E8MS2HK0HN7H6NE7T,01JZ0R44WS56B1WD5354KYAZ6V,2025-06-30T15:49:58.958192295Z,01JZ0R450A0M8Q4QC968ZVRS9H,2025-06-30T15:49:58.958192295Z,01JZ0R7F7RD6MRYFQ16SXJ26HY,2025-06-30T15:49:58.958192295Z,01JZ0RFNNCF6C37TZZ1SEPXCQZ,2025-06-30T15:49:58.958192295Z,01JZ0RFP0PNXGY6BWMTVXKC9HK,2025-06-30T15:49:58.958192295Z
01JZ0HE5N6MRBDRYC8PGP2DSM4,01JZ0H1K4AG17CS34Z9G9MQYDS,2025-06-30T13:46:45.286999505Z,01JZ0H1K6THHEJQ855QF7WP6P1,2025-06-30T13:46:45.286999505Z,01JZ0H3CNXXCY16G7HRC2VAP66,2025-06-30T13:46:45.286999505Z,01JZ0H8M6RNVPAN6FF1JPRG2N3,2025-06-30T13:46:45.286999505Z,01JZ0H8M9AAH7TM362W804CMGS,2025-06-30T13:46:45.286999505Z
01JZ0FM05KA7TBXH41H1ZZNBS1,01JZ0F67X5J6SBR3095JZ2KKHQ,2025-06-30T13:14:59.123378317Z,01JZ0F67ZPF4121D8VQV580KT1,2025-06-30T13:14:59.123378317Z,01JZ0FB6A8PGAA54RRTD4918CR,2025-06-30T13:14:59.123378317Z,01JZ0FG9XR3ADT6FD51B6EJHQB,2025-06-30T13:14:59.123378317Z,01JZ0FG9YZ5VB55AKZGK4GTA80,2025-06-30T13:14:59.123378317Z
01JZ0FWX6Q6BHY8SPNXW6390S7,01JZ0F67X5J6SBR3095JZ2KKHQ,2025-06-30T13:19:50.999335555Z,01JZ0F67ZBCBNFH7W25EXNBXDS,2025-06-30T13:19:50.999335555Z,01JZ0FDJ7PWA5XP2271CRJKXBG,2025-06-30T13:19:50.999335555Z,01JZ0FMTGGV6JJAQHDVZPDJM1T,2025-06-30T13:19:50.999335555Z,01JZ0FMTMGGWPAX1Y51FWG6J6S,2025-06-30T13:19:50.999335555Z
01JZ0H9C2WM17GZZ6EBXPAJXHT,01JZ0H1K4AG17CS34Z9G9MQYDS,2025-06-30T13:44:08.028381902Z,01JZ0H1K7KVN4Q30DF0C4SZNQW,2025-06-30T13:44:08.028381902Z,01JZ0H4DCRMZ62SRWSFKCMEFC6,2025-06-30T13:44:08.028381902Z,01JZ0H9B5PPKDQREPED3E71754,2025-06-30T13:44:08.028381902Z,01JZ0H9B75HNB3M7R9QF3XKTAQ,2025-06-30T13:44:08.028381902Z
01JZ0HM6FD5DSY03T0HEMH0XGH,01JZ0H1K4AG17CS34Z9G9MQYDS,2025-06-30T13:50:02.733578715Z,01JZ0H1K7FV78W73P31JXQYTKA,2025-06-30T13:50:02.733578715Z,01JZ0H6Y8GZX8H152JRBMCSD5G,2025-06-30T13:50:02.733578715Z,01JZ0HC598JEXS6SR3CD3NS2S4,2025-06-30T13:50:02.733578715Z,01JZ0HC5ETFR34BCER7NDTPABS,2025-06-30T13:50:02.733578715Z
01JZ0SVJAND65Y7TWX58YK4ZYZ,01JZ0S9G3E1V9Y4W1M8GV3AGA9,2025-06-30T16:13:52.853925121Z,01JZ0S9GD9MABT2H3JKQDC0TB1,2025-06-30T16:13:52.853925121Z,01JZ0SBSTT5486HQKVBF06P6DM,2025-06-30T16:13:52.853925121Z,01JZ0SSG56XTAJ4MTPA3PZYF46,2025-06-30T16:13:52.853925121Z,01JZ0SSG9RPFYB4Q413TYRWAT1,2025-06-30T16:13:52.853925121Z
01JZ0T0MHQAK8F0CJSRK172EX6,01JZ0S9G3E1V9Y4W1M8GV3AGA9,2025-06-30T16:16:38.967942101Z,01JZ0S9GCCCNBKT0N3T9B2PH95,2025-06-30T16:16:38.967942101Z,01JZ0SP7TST5CACWCPNMPHCFPK,2025-06-30T16:16:38.967942101Z,01JZ0SRG1SNDH72X9841MMMF4J,2025-06-30T16:16:38.967942101Z,01JZ0SRGFHKAM8XV3T6WQEFP39,2025-06-30T16:16:38.967942101Z
01JZ0VFW1ADGBVHCVRRAVZVRHR,01JZ0TXM4HA3Q8P6D6TPYYS7R3,2025-06-30T16:42:26.730418095Z,01JZ0TXMB9EHVXHHHV3J3SQY3A,2025-06-30T16:42:26.730418095Z,01JZ0V1ERYHDJ60FHKM6DYYBBC,2025-06-30T16:42:26.730418095Z,01JZ0VC1S39MS0B0H13TGRSYRF,2025-06-30T16:42:26.730418095Z,01JZ0VC24AYZ7M7KYKFVGT3P50,2025-06-30T16:42:26.730418095Z
01JZ0FJGTWG75QG13JSPJQMF56,01JZ0F67X5J6SBR3095JZ2KKHQ,2025-06-30T13:14:10.652736139Z,01JZ0F67ZMW5MYVAMRDCKET4QV,2025-06-30T13:14:10.652736139Z,01JZ0FDXX39WXMVCCADY0GX2SD,2025-06-30T13:14:10.652736139Z,01JZ0FETS8ER9G1DS9D9GHXGJ5,2025-06-30T13:14:10.652736139Z,01JZ0FETTPYV8RFPXT500S0SKN,2025-06-30T13:14:10.652736139Z
01JZ0FSJ5EYRZPJFYB5TXH1R21,01JZ0F67X5J6SBR3095JZ2KKHQ,2025-06-30T13:18:01.390299544Z,01JZ0F67Z61XNM528ZD36RPYGY,2025-06-30T13:18:01.390299544Z,01JZ0FB172KNS8VTXE4YCY4S30,2025-06-30T13:18:01.390299544Z,01JZ0FHHXKVV2N4PSEC0HE9PJQ,2025-06-30T13:18:01.390299544Z,01JZ0FHJ1WTPR3M03VPZ8ER6X1,2025-06-30T13:18:01.390299544Z
01JZ0FY7DED9BDX84G0JC9EHJE,01JZ0F67X5J6SBR3095JZ2KKHQ,2025-06-30T13:20:34.222598096Z,01JZ0F67ZNGQ7M2D3G364WEKWP,2025-06-30T13:20:34.222598096Z,01JZ0FCYEY48D81TQPYGM7BEH5,2025-06-30T13:20:34.222598096Z,01JZ0FPGC1CG58GQPHV07YYR7V,2025-06-30T13:20:34.222598096Z,01JZ0FPGKJE0KX4R9CEPZ22FPQ,2025-06-30T13:20:34.222598096Z
01JZ0HQRD3TC35X24AAVG26QBE,01JZ0H1K4AG17CS34Z9G9MQYDS,2025-06-30T13:51:59.395123252Z,01JZ0H1K6XDYNJQ07N0KM3P1VX,2025-06-30T13:51:59.395123252Z,01JZ0H9M4DPGN0X41681CC63MX,2025-06-30T13:51:59.395123252Z,01JZ0HJ6JG98XAP0W3RSSFXRZE,2025-06-30T13:51:59.395123252Z,01JZ0HJ6QRK76V4Q94XSRCGS89,2025-06-30T13:51:59.395123252Z
01JZ0MR2XA48FQMM2B66K31141,01JZ0KZHFC2GEC175ZSKVHYGR2,2025-06-30T14:44:35.882600361Z,01JZ0KZHHC2JQ9380R79DSYF93,2025-06-30T14:44:35.882600361Z,01JZ0M1SCZW0JCV54MFTC7P4CZ,2025-06-30T14:44:35.882600361Z,01JZ0MGP1VZQXX9BG0C972GBVY,2025-06-30T14:44:35.882600361Z,01JZ0MGP718208Z55D0FQC9NYH,2025-06-30T14:44:35.882600361Z
01JZ0P9WHYFZ86VT8V5J78F69P,01JZ0NSN7EKS122Z238A4PF66D,2025-06-30T15:11:47.774901085Z,01JZ0NSNC1W3B8HBKV7A156B13,2025-06-30T15:11:47.774901085Z,01JZ0NZ4J2HB6T107AP4J98YF9,2025-06-30T15:11:47.774901085Z,01JZ0P49FFMBGZM8VGX8RR699K,2025-06-30T15:11:47.774901085Z,01JZ0P49PEWN3F1GPHKEPAGMN6,2025-06-30T15:11:47.774901085Z
01JZ0PXQ2Q07M7CRGZ653CWJY0,01JZ0PDFE8X2A24VZSJDD0T2BH,2025-06-30T15:22:37.527261188Z,01JZ0PDFFH0EDR9F9CYFN0TQY3,2025-06-30T15:22:37.527261188Z,01JZ0PQG0QD2E50TEZE8KJC3TY,2025-06-30T15:22:37.527261188Z,01JZ0PVRKCVAZGVD5GK5DEWP0E,2025-06-30T15:22:37.527261188Z,01JZ0PVRSAS23DPT5GT4235N1X,2025-06-30T15:22:37.527261188Z
01JZ0VFW69WM68MRW3HE0Q1FBS,01JZ0TXM4HA3Q8P6D6TPYYS7R3,2025-06-30T16:42:26.889970885Z,01JZ0TXMB9EHVXHHHV3J3SQY3A,2025-06-30T16:42:26.889970885Z,01JZ0V0BHD367W9MS1M0PZJGYW,2025-06-30T16:42:26.889970885Z,01JZ0VC1S39MS0B0H13TGRSYRF,2025-06-30T16:42:26.889970885Z,01JZ0VC24AYZ7M7KYKFVGT3P50,2025-06-30T16:42:26.889970885Z
01JZ0FKDCVP10SSTC56V2HHH9E,01JZ0F67X5J6SBR3095JZ2KKHQ,2025-06-30T13:14:39.899740475Z,01JZ0F67Z61XNM528ZD36RPYGY,2025-06-30T13:14:39.899740475Z,01JZ0FB172KNS8VTXE4YCY4S30,2025-06-30T13:14:39.899740475Z,01JZ0FHHX23ZVHNKQQRRSX500X,2025-06-30T13:14:39.899740475Z,01JZ0FHHZZ9892CX6GDJA31V1J,2025-06-30T13:14:39.899740475Z
01JZ0HFVYZKHV145Z1W6QP7VZ4,01JZ0H1K4AG17CS34Z9G9MQYDS,2025-06-30T13:47:40.895684143Z,01JZ0H1K7FV78W73P31JXQYTKA,2025-06-30T13:47:40.895684143Z,01JZ0H4KADAPWGV6ZSDZSCPDP8,2025-06-30T13:47:40.895684143Z,01JZ0HC59VR7BR28QM5T4X3DVY,2025-06-30T13:47:40.895684143Z,01JZ0HC5BY2NPPQCBDJH37PCY4,2025-06-30T13:47:40.895684143Z
01JZ0HJF8CS0T0XWCRGF71YSKW,01JZ0H1K4AG17CS34Z9G9MQYDS,2025-06-30T13:49:06.188184988Z,01JZ0H1K7A7HBJ5WZC7T99GVBX,2025-06-30T13:49:06.188184988Z,01JZ0H45W0M8M5CSQ69GQ678PR,2025-06-30T13:49:06.188184988Z,01JZ0HAEE7JP7PN26K0A2GQAYB,2025-06-30T13:49:06.188184988Z,01JZ0HAEKGW7T5R24W60CW13H7,2025-06-30T13:49:06.188184988Z
01JZ0RHNBPQWSQ4PFNKZZ4WV1G,01JZ0R44WS56B1WD5354KYAZ6V,2025-06-30T15:50:59.702709729Z,01JZ0R450A0M8Q4QC968ZVRS9H,2025-06-30T15:50:59.702709729Z,01JZ0R7F7RD6MRYFQ16SXJ26HY,2025-06-30T15:50:59.702709729Z,01JZ0RFNY7CAK7Q2XWPCT4A1FS,2025-06-30T15:50:59.702709729Z,01JZ0RFP58S8RRFVCNFV24DFHV,2025-06-30T15:50:59.702709729Z
01JZ0RQDKPS46RD1P853B7MFKB,01JZ0R44WS56B1WD5354KYAZ6V,2025-06-30T15:54:08.37440602Z,01JZ0R450M24K8ZS9F18EDTFG6,2025-06-30T15:54:08.37440602Z,01JZ0R79Q3SA31NRXSVYNGK5T9,2025-06-30T15:54:08.37440602Z,01JZ0RFVCVWSQKJQ7W948JHH3V,2025-06-30T15:54:08.37440602Z,01JZ0RFVQT5PCAZKWXGH0RD42S,2025-06-30T15:54:08.37440602Z
01JZ0FZ5XM87RGS2FGW4XYQVR7,01JZ0F67X5J6SBR3095JZ2KKHQ,2025-06-30T13:21:05.460370375Z,01JZ0F67Z49S75BR56TBMFCZ55,2025-06-30T13:21:05.460370375Z,01JZ0FBHX2TJBWPC22SZF26RQD,2025-06-30T13:21:05.460370375Z,01JZ0FQRVEZY326STJ1YX0CZD3,2025-06-30T13:21:05.460370375Z,01JZ0FQRZ2Z7TRYBT6KXD2MK2Z,2025-06-30T13:21:05.460370375Z
01JZ0FPPMCV0398339ZDNQQ8H8,01JZ0F67X5J6SBR3095JZ2KKHQ,2025-06-30T13:16:27.660554442Z,01JZ0F67ZEPC67VW242P0YYZAA,2025-06-30T13:16:27.660554442Z,01JZ0FBBZEB4A1064AHQHB0AGD,2025-06-30T13:16:27.660554442Z,01JZ0FF15B1AYVQX6Z1TA0K6BX,2025-06-30T13:16:27.660554442Z,01JZ0FF179MFKNNXKATH53J659,2025-06-30T13:16:27.660554442Z
01JZ0FQR7ZJRCWS6KMAVGYPEKE,01JZ0F67X5J6SBR3095JZ2KKHQ,2025-06-30T13:17:02.07963429Z,01JZ0F67Z228X9RHKVM8F1277D,2025-06-30T13:17:02.07963429Z,01JZ0FB43V6RX3WM4ZEX4SH8M0,2025-06-30T13:17:02.07963429Z,01JZ0FJ6P04EK093QJBJ8ZQ2DS,2025-06-30T13:17:02.07963429Z,01JZ0FJ6SSEDPR0ACQW6KMPEH0,2025-06-30T13:17:02.07963429Z
01JZ0FZG40F4FJY4EFB435WYJA,01JZ0F67X5J6SBR3095JZ2KKHQ,2025-06-30T13:21:15.904436352Z,01JZ0F67Z49S75BR56TBMFCZ55,2025-06-30T13:21:15.904436352Z,01JZ0FBTZN02PXBW67S86C0YTF,2025-06-30T13:21:15.904436352Z,01JZ0FQRW1AKY8KSG8423XZDAV,2025-06-30T13:21:15.904436352Z,01JZ0FQRZWJVMX733ZSKEE7G0G,2025-06-30T13:21:15.904436352Z
01JZ0JXFXTPKS1D4WEVWY5Y0QF,01JZ0JJRG62BDVPN4H0KJ2XPWK,2025-06-30T14:12:35.898736607Z,01JZ0JJRMQ32S1DDP8PZN3RKEA,2025-06-30T14:12:35.898736607Z,01JZ0JMGEDXX4BV44Z74MYK8RA,2025-06-30T14:12:35.898736607Z,01JZ0JSS78RK42Y17VNQFVPT1K,2025-06-30T14:12:35.898736607Z,01JZ0JSSA13XQTH0PSQVMEQD2C,2025-06-30T14:12:35.898736607Z
01JZ0RNFHZ3WPG6T6N8GRT0RR9,01JZ0R44WS56B1WD5354KYAZ6V,2025-06-30T15:53:04.831319514Z,01JZ0R44YD4TQ1QQVW9H1W0WBF,2025-06-30T15:53:04.831319514Z,01JZ0R6DH2W2W2NRB6MJ1KHHEC,2025-06-30T15:53:04.831319514Z,01JZ0RDJ48J6R7M6PCV2Y06QPR,2025-06-30T15:53:04.831319514Z,01JZ0RDJVTWQMMKHXZD2VSG06N,2025-06-30T15:53:04.831319514Z
01JZ0RS467RQJHRWVEBSAM188M,01JZ0R44WS56B1WD5354KYAZ6V,2025-06-30T15:55:04.263885545Z,01JZ0R44ZYB02HBRR2X1W771BR,2025-06-30T15:55:04.263885545Z,01JZ0R9PQ4K46J5WAZEFCASF2D,2025-06-30T15:55:04.263885545Z,01JZ0RGZ593SRSST6FTS4WNPMA,2025-06-30T15:55:04.263885545Z,01JZ0RGZKN03ERPSP31WJB53CE,2025-06-30T15:55:04.263885545Z
01JZ0SXMJDK1M1YXG1GS5EFSHK,01JZ0S9G3E1V9Y4W1M8GV3AGA9,2025-06-30T16:15:00.685576969Z,01JZ0S9G7VJHRZZRV1KXAXAXSY,2025-06-30T16:15:00.685576969Z,01JZ0SMKXSB3XMQCB6RQZ86SBG,2025-06-30T16:15:00.685576969Z,01JZ0SP4D0CS281Y0996N1R2P4,2025-06-30T16:15:00.685576969Z,01JZ0SP4QF1M3BERGM3812151M,2025-06-30T16:15:00.685576969Z
01JZ0FNPC7129EVPJ5TMQG87A4,01JZ0F67X5J6SBR3095JZ2KKHQ,2025-06-30T13:15:54.631203661Z,01JZ0F67Z745P2890BJ7Q88E3R,2025-06-30T13:15:54.631203661Z,01JZ0FBWR8H942AC9T38EZCDR4,2025-06-30T13:15:54.631203661Z,01JZ0FHYT9MR26XHFRG86H7E34,2025-06-30T13:15:54.631203661Z,01JZ0FHYVNQMTVPP2CJQ2QXTV9,2025-06-30T13:15:54.631203661Z
01JZ0FS2B1AJGB4J5H5RQYYQYR,01JZ0F67X5J6SBR3095JZ2KKHQ,2025-06-30T13:17:45.186040141Z,01JZ0F67ZT8SK3RX0KMQXRZR64,2025-06-30T13:17:45.186040141Z,01JZ0FB53ABA3J4GQAS9PQCVA2,2025-06-30T13:17:45.186040141Z,01JZ0FH23M3992P5JC3XVEK99K,2025-06-30T13:17:45.186040141Z,01JZ0FH275W6BAMF8GKWJ7HW2X,2025-06-30T13:17:45.186040141Z
01JZ0FX8QMX0B99SX4S1K6C805,01JZ0F67X5J6SBR3095JZ2KKHQ,2025-06-30T13:20:02.804526483Z,01JZ0F67ZNGQ7M2D3G3M0R8ZTD,2025-06-30T13:20:02.804526483Z,01JZ0FBJQ7C7D6J79CXDMZGZYP,2025-06-30T13:20:02.804526483Z,01JZ0FNH5RFAQH4BE8QPA9KQ5S,2025-06-30T13:20:02.804526483Z,01JZ0FNH9AKCN2MMZMWC8MBTT0,2025-06-30T13:20:02.804526483Z
01JZ0HM2NF8XPAA44SH1WTF992,01JZ0H1K4AG17CS34Z9G9MQYDS,2025-06-30T13:49:58.831845251Z,01JZ0H1K6XDYNJQ07N0KM3P1VX,2025-06-30T13:49:58.831845251Z,01JZ0HFZWZFDMFBRJWKXV4DXH9,2025-06-30T13:49:58.831845251Z,01JZ0HJ6JG98XAP0W3RSSFXRZE,2025-06-30T13:49:58.831845251Z,01JZ0HJ6QBKQ5NW4YHYDB4QRH0,2025-06-30T13:49:58.831845251Z
01JZ0K341MNJ58HY0HH5NVHBTG,01JZ0JJRG62BDVPN4H0KJ2XPWK,2025-06-30T14:15:40.340422765Z,01JZ0JJRKH7XD764W2MEEG7PFH,2025-06-30T14:15:40.340422765Z,01JZ0JQCKEA261XTRR4HTBQ2S1,2025-06-30T14:15:40.340422765Z,01JZ0JZD8STSHTGJ2FBE9QM7PE,2025-06-30T14:15:40.340422765Z,01JZ0JZDAWP1RCEJZFJTSQHKND,2025-06-30T14:15:40.340422765Z
01JZ0P81R8DYPK2BQE8WFMREJ7,01JZ0NSN7EKS122Z238A4PF66D,2025-06-30T15:10:47.560643882Z,01JZ0NSNC1W3B8HBKV7A156B13,2025-06-30T15:10:47.560643882Z,01JZ0P0DBN2YTW4V5ATZNQEJS0,2025-06-30T15:10:47.560643882Z,01JZ0P49FFMBGZM8VGX8RR699K,2025-06-30T15:10:47.560643882Z,01JZ0P49NN4A6XBWS8HE1NN6EJ,2025-06-30T15:10:47.560643882Z
01JZ0RKQ2BKXJ7F9HJK8E5K7M3,01JZ0R44WS56B1WD5354KYAZ6V,2025-06-30T15:52:06.987439723Z,01JZ0R450M24K8ZS9F18EDTFG6,2025-06-30T15:52:06.987439723Z,01JZ0RBHM6DJSV98KF0MQ35S2E,2025-06-30T15:52:06.987439723Z,01JZ0RFVDEC09529ZV39X1MYHY,2025-06-30T15:52:06.987439723Z,01JZ0RFVMF810025EX9647XZ1C,2025-06-30T15:52:06.987439723Z
01JZ0RNFE58DJ7QTFVVJMF9BCN,01JZ0R44WS56B1WD5354KYAZ6V,2025-06-30T15:53:04.709606345Z,01JZ0R44YD4TQ1QQVW9H1W0WBF,2025-06-30T15:53:04.709606345Z,01JZ0R91FP4EXRX5VVWW5GSE1V,2025-06-30T15:53:04.709606345Z,01JZ0RDJ48J6R7M6PCV2Y06QPR,2025-06-30T15:53:04.709606345Z,01JZ0RDJVTWQMMKHXZD2VSG06N,2025-06-30T15:53:04.709606345Z
01JZ0FJXP4N2NZYY0HAH800K9G,01JZ0F67X5J6SBR3095JZ2KKHQ,2025-06-30T13:14:23.812354345Z,01JZ0F67ZT8SK3RX0KMQXRZR64,2025-06-30T13:14:23.812354345Z,01JZ0FB53ABA3J4GQAS9PQCVA2,2025-06-30T13:14:23.812354345Z,01JZ0FH235VE50PMY57N3YDJG9,2025-06-30T13:14:23.812354345Z,01JZ0FH2539ZNW6QHQZ4Z6M2D2,2025-06-30T13:14:23.812354345Z
01JZ0VC6ER2BGHDW0XGJAM4WBD,01JZ0TXM4HA3Q8P6D6TPYYS7R3,2025-06-30T16:40:26.32808161Z,01JZ0TXM9G1YQW4PKWAZEHBP4X,2025-06-30T16:40:26.32808161Z,01JZ0V4QNV0ZADMBTC1TQANM95,2025-06-30T16:40:26.32808161Z,01JZ0VA38AG5CMBPK3H4ZDH1EB,2025-06-30T16:40:26.32808161Z,01JZ0VA3EDE5VA6KPVPAWM4W4J,2025-06-30T16:40:26.32808161Z
01JZ0T1TW9GF2H0Z1JK1EA6574,01JZ0S9G3E1V9Y4W1M8GV3AGA9,2025-06-30T16:17:18.218018325Z,01JZ0S9GD9MABT2H3JKQDC0TB1,2025-06-30T16:17:18.218018325Z,01JZ0SHW478ARJ1EFSDZ00THPE,2025-06-30T16:17:18.218018325Z,01JZ0SSG20B146K48M2G5HXG5R,2025-06-30T16:17:18.218018325Z,01JZ0SSGJJ1YVEMXS5VB6KE0CV,2025-06-30T16:17:18.218018325Z
01JZ0FW7YX3T1HFMGNSZPV4TV7,01JZ0F67X5J6SBR3095JZ2KKHQ,2025-06-30T13:19:29.245257397Z,01JZ0F67Z8B8A42G6Y5XQ0NS83,2025-06-30T13:19:29.245257397Z,01JZ0FMGSF0PK3CA9HTNHT34W1,2025-06-30T13:19:29.245257397Z,01JZ0FW5HE1H38YZ9NH65TR9EG,2025-06-30T13:19:29.245257397Z,01JZ0FW5JJ8F4D6M3T2N3KG781,2025-06-30T13:19:29.245257397Z
01JZ0HJ7SB4TFMSX1Z4TNZ9RBD,01JZ0H1K4AG17CS34Z9G9MQYDS,2025-06-30T13:48:58.53908465Z,01JZ0H1K6XDYNJQ07N0KM3P1VX,2025-06-30T13:48:58.53908465Z,01JZ0HEH4WMXEPRA5Z4S2NQMBH,2025-06-30T13:48:58.53908465Z,01JZ0HJ6K11Z8FWV5RSGTBTV5K,2025-06-30T13:48:58.53908465Z,01JZ0HJ6P468K32NC8V625WG3J,2025-06-30T13:48:58.53908465Z
01JZ0HM09266270NEEEPPJA45D,01JZ0H1K4AG17CS34Z9G9MQYDS,2025-06-30T13:49:56.386619878Z,01JZ0H1K72P9WWMQFG7ACVRNHM,2025-06-30T13:49:56.386619878Z,01JZ0H3BSJ76APYEW8F641XA8T,2025-06-30T13:49:56.386619878Z,01JZ0HKZ3D61ECPKE25B0BSXEN,2025-06-30T13:49:56.386619878Z,01JZ0HKZ3TGA8Z5WQDDTNEW16T,2025-06-30T13:49:56.386619878Z
01JZ0HN4EDRW9ARSMFHM76ZE2Z,01JZ0H1K4AG17CS34Z9G9MQYDS,2025-06-30T13:50:33.421760719Z,01JZ0H1K706F68YJ8PB50DJAH3,2025-06-30T13:50:33.421760719Z,01JZ0H6EEFSCJKZ89CKKRRVF40,2025-06-30T13:50:33.421760719Z,01JZ0HDDQMTC6TEXBWB6J1ED7W,2025-06-30T13:50:33.421760719Z,01JZ0HDDVAWGE20SAPB508Z87D,2025-06-30T13:50:33.421760719Z
01JZ0RKQ0V8SRNRHRCJJMT8A9Z,01JZ0R44WS56B1WD5354KYAZ6V,2025-06-30T15:52:06.939258312Z,01JZ0R450M24K8ZS9F18EDTFG6,2025-06-30T15:52:06.939258312Z,01JZ0R9CVW07WWQDKP3M8KKGEY,2025-06-30T15:52:06.939258312Z,01JZ0RFVDEC09529ZV39X1MYHY,2025-06-30T15:52:06.939258312Z,01JZ0RFVMF810025EX9647XZ1C,2025-06-30T15:52:06.939258312Z
01JZ0VJFMC2H58RDARC3EXNJFG,01JZ0TXM4HA3Q8P6D6TPYYS7R3,2025-06-30T16:43:52.332432411Z,01JZ0TXM9G1YQW4PKWAZEHBP4X,2025-06-30T16:43:52.332432411Z,01JZ0V62WJGZ4BGMWXYSNYNW8D,2025-06-30T16:43:52.332432411Z,01JZ0VA3A76VA7SZXG7HPB9DY1,2025-06-30T16:43:52.332432411Z,01JZ0VA3QF98P0RT7YVWR7M0KD,2025-06-30T16:43:52.332432411Z
01JZ0FQGYF1F2M0VVHT3K5H37V,01JZ0F67X5J6SBR3095JZ2KKHQ,2025-06-30T13:16:54.607451036Z,01JZ0F67Z9QH00F8GAXY086HB5,2025-06-30T13:16:54.607451036Z,01JZ0FEZVY7EN4RKAZNT5R1EZ5,2025-06-30T13:16:54.607451036Z,01JZ0FNMHABMQMJJE7Y0M736G4,2025-06-30T13:16:54.607451036Z,01JZ0FNMM2YADDXQXBFP61Z513,2025-06-30T13:16:54.607451036Z
01JZ0FPPMJPK4FC1JATJT40PCT,01JZ0F67X5J6SBR3095JZ2KKHQ,2025-06-30T13:16:27.66667893Z,01JZ0F67ZEPC67VW242P0YYZAA,2025-06-30T13:16:27.66667893Z,01JZ0FB5NM2PBQFGSVXVEDAQ5Y,2025-06-30T13:16:27.66667893Z,01JZ0FF15B1AYVQX6Z1TA0K6BX,2025-06-30T13:16:27.66667893Z,01JZ0FF179MFKNNXKATH53J659,2025-06-30T13:16:27.66667893Z
01JZ0HSKC2BAKET0GQ1KSQ4Z8F,01JZ0H1K4AG17CS34Z9G9MQYDS,2025-06-30T13:52:59.778985469Z,01JZ0H1K6XDYNJQ07N0KM3P1VX,2025-06-30T13:52:59.778985469Z,01JZ0HBGF52K71HWK9APQ4JSS0,2025-06-30T13:52:59.778985469Z,01JZ0HJ6KZ6VJHS2QT0Z4BB8RA,2025-06-30T13:52:59.778985469Z,01JZ0HJ6RKJ6RT7XJANE1YQDT8,2025-06-30T13:52:59.778985469Z
01JZ0JXFYMQY1JSHPXK5VZPZTX,01JZ0JJRG62BDVPN4H0KJ2XPWK,2025-06-30T14:12:35.924729531Z,01JZ0JJRMQ32S1DDP8PZN3RKEA,2025-06-30T14:12:35.924729531Z,01JZ0JMRHQNNVVVJT7WR7062BD,2025-06-30T14:12:35.924729531Z,01JZ0JSS78RK42Y17VNQFVPT1K,2025-06-30T14:12:35.924729531Z,01JZ0JSSA13XQTH0PSQVMEQD2C,2025-06-30T14:12:35.924729531Z
01JZ0MMMR0N6FPE8TWMJ2Z0ASN,01JZ0KZHFC2GEC175ZSKVHYGR2,2025-06-30T14:42:43.072462712Z,01JZ0KZHH6W8XDVC696R9C92DG,2025-06-30T14:42:43.072462712Z,01JZ0M1DADVFP84XH2E4QDPEBE,2025-06-30T14:42:43.072462712Z,01JZ0MCKA2QW8DXTAC6G4N5FMF,2025-06-30T14:42:43.072462712Z,01JZ0MCKH6P5ETQ69Q6XVACMYV,2025-06-30T14:42:43.072462712Z
01JZ0PBP04HWAK4KQSWGGJ7W5X,01JZ0NSN7EKS122Z238A4PF66D,2025-06-30T15:12:46.596207923Z,01JZ0NSNACQB6FV8GE0XS7JKF9,2025-06-30T15:12:46.596207923Z,01JZ0P1TX10FFYPX0ZCGHE89AS,2025-06-30T15:12:46.596207923Z,01JZ0P7YN1V2MR96D77PEXSMK2,2025-06-30T15:12:46.596207923Z,01JZ0P7YRD4XMCX0X4F8SJDY4M,2025-06-30T15:12:46.596207923Z
01JZ0RHVYE6ZDA8PG6XN1R54FH,01JZ0R44WS56B1WD5354KYAZ6V,2025-06-30T15:51:06.446537056Z,01JZ0R450M24K8ZS9F18EDTFG6,2025-06-30T15:51:06.446537056Z,01JZ0R7JRQCNM0P6EPHSR9C03P,2025-06-30T15:51:06.446537056Z,01JZ0RFVDEC09529ZV39X1MYHY,2025-06-30T15:51:06.446537056Z,01JZ0RFVKSDR65DCCWGYE2FNK6,2025-06-30T15:51:06.446537056Z
01JZ0SSXXQSM77AEGRME1ZNECG,01JZ0S9G3E1V9Y4W1M8GV3AGA9,2025-06-30T16:12:59.191494339Z,01JZ0S9G7VJHRZZRV1KXAXAXSY,2025-06-30T16:12:59.191494339Z,01JZ0SEEBH5P45502W37V2YJK1,2025-06-30T16:12:59.191494339Z,01JZ0SP48F3VDFFJ0GMG3AQPDM,2025-06-30T16:12:59.191494339Z,01JZ0SP4MV9NPWKWKV9VX2SD25,2025-06-30T16:12:59.191494339Z
01JZ0FKTHTCJFDEQ919YHC6Q1E,01JZ0F67X5J6SBR3095JZ2KKHQ,2025-06-30T13:14:53.370103666Z,01JZ0F67ZFPZEHV6BKFXQYDXZZ,2025-06-30T13:14:53.370103666Z,01JZ0FB6D8SDYQHCG01GZECWK6,2025-06-30T13:14:53.370103666Z,01JZ0FG2TMDGKK0EJR14EYFE7R,2025-06-30T13:14:53.370103666Z,01JZ0FG2WQ5VW6F0XDQK1WWA5Z,2025-06-30T13:14:53.370103666Z
01JZ0HSKCCF7M03CWX8E9DEENV,01JZ0H1K4AG17CS34Z9G9MQYDS,2025-06-30T13:52:59.788764095Z,01JZ0H1K6XDYNJQ07N0KM3P1VX,2025-06-30T13:52:59.788764095Z,01JZ0H9M4DPGN0X41681CC63MX,2025-06-30T13:52:59.788764095Z,01JZ0HJ6KZ6VJHS2QT0Z4BB8RA,2025-06-30T13:52:59.788764095Z,01JZ0HJ6RKJ6RT7XJANE1YQDT8,2025-06-30T13:52:59.788764095Z
01JZ0TMRTMZ7YYBHQ61FM46JCA,01JZ0T594M7DT83RJMYEJDT186,2025-06-30T16:27:38.708860137Z,01JZ0T59780CP4Z1F2CEHFDNAC,2025-06-30T16:27:38.708860137Z,01JZ0T6HG4Z9MM9B64YAZ61PAA,2025-06-30T16:27:38.708860137Z,01JZ0TGXAWKWP7D51X7AXHZM1D,2025-06-30T16:27:38.708860137Z,01JZ0TGXK4NFDN1NH84NCDE6ZG,2025-06-30T16:27:38.708860137Z
01JZ0HEJPV0SP8XTRQXXDQRAC4,01JZ0H1K4AG17CS34Z9G9MQYDS,2025-06-30T13:46:58.651828874Z,01JZ0H1K7HVYD71R3W6V80C6V1,2025-06-30T13:46:58.651828874Z,01JZ0H4B1KEAXWACXAC16EVPKA,2025-06-30T13:46:58.651828874Z,01JZ0HAVS54E0S6EA1VSCPJE2W,2025-06-30T13:46:58.651828874Z,01JZ0HAVVCQ82X051SZY3976BH,2025-06-30T13:46:58.651828874Z
01JZ0FRGWV4BWJ6X62P5BTQB8V,01JZ0F67X5J6SBR3095JZ2KKHQ,2025-06-30T13:17:27.323886724Z,01JZ0F67ZBCBNFH7W25EXNBXDS,2025-06-30T13:17:27.323886724Z,01JZ0FBJYV0GPQR4A1052RSJR7,2025-06-30T13:17:27.323886724Z,01JZ0FMTH61B85RYBN11B94K2X,2025-06-30T13:17:27.323886724Z,01JZ0FMTJK8MT6FWXHF4X5Q4EJ,2025-06-30T13:17:27.323886724Z
01JZ0HCQYPYSJKCM22V3R3D0YN,01JZ0H1K4AG17CS34Z9G9MQYDS,2025-06-30T13:45:58.486058643Z,01JZ0H1K7HVYD71R3W6V80C6V1,2025-06-30T13:45:58.486058643Z,01JZ0H83RPH6CM1BGEWBZ1V4QM,2025-06-30T13:45:58.486058643Z,01JZ0HAVS54E0S6EA1VSCPJE2W,2025-06-30T13:45:58.486058643Z,01JZ0HAVV6427V6VS6EB94HCVX,2025-06-30T13:45:58.486058643Z
01JZ0HJ8DT22R431V6TQBJZAH6,01JZ0H1K4AG17CS34Z9G9MQYDS,2025-06-30T13:48:59.195014327Z,01JZ0H1K7HVYD71R3W6V80C6V1,2025-06-30T13:48:59.195014327Z,01JZ0H3VXRWN9J2736JNSGF5MJ,2025-06-30T13:48:59.195014327Z,01JZ0HAVRZTB7R8WB82KCJKAG0,2025-06-30T13:48:59.195014327Z,01JZ0HAVWA0FZ1NWBPG5ABKGBB,2025-06-30T13:48:59.195014327Z
01JZ0NYKG1AX1Y2A8XQGNK7SG2,01JZ0N9PMZHSN31DAQRPMDQCYE,2025-06-30T15:05:38.049636154Z,01JZ0N9PPX2EBNCBEJCH5EHX43,2025-06-30T15:05:38.049636154Z,01JZ0NG35H1QSCVTSKBX9JBBRR,2025-06-30T15:05:38.049636154Z,01JZ0NQ6B22RCM4EYA025ZVKZE,2025-06-30T15:05:38.049636154Z,01JZ0NQ6EQGXAFCAJ3XWJM67Y7,2025-06-30T15:05:38.049636154Z
01JZ0RM9XK5BF7E27RDW9BK2YQ,01JZ0R44WS56B1WD5354KYAZ6V,2025-06-30T15:52:26.292019491Z,01JZ0R44ZAP7PYVAMQ60PRQDRH,2025-06-30T15:52:26.292019491Z,01JZ0REQKT4PY43TB41SDFP5R0,2025-06-30T15:52:26.292019491Z,01JZ0RJBMJ9DTWHHQXZG22T28N,2025-06-30T15:52:26.292019491Z,01JZ0RJBTGKVRT2T41FBBSQA00,2025-06-30T15:52:26.292019491Z
01JZ0T1R9BQNXCD6H316MVDV2X,01JZ0S9G3E1V9Y4W1M8GV3AGA9,2025-06-30T16:17:15.563168551Z,01JZ0S9G72AZ3MF9HASHX1PW43,2025-06-30T16:17:15.563168551Z,01JZ0SFH3A34EW308H72QP6WNN,2025-06-30T16:17:15.563168551Z,01JZ0SSF389HKA4QSJQDWQBPK3,2025-06-30T16:17:15.563168551Z,01JZ0SSFM7W9K12VT26J1075B1,2025-06-30T16:17:15.563168551Z
01JZ0FGWC8K0RZFD9J5YWT97K1,01JZ0F67X5J6SBR3095JZ2KKHQ,2025-06-30T13:13:16.936230973Z,01JZ0F67ZEPC67VW242P0YYZAA,2025-06-30T13:13:16.936230973Z,01JZ0FB4C7Y78SJ4DA45DQ131P,2025-06-30T13:13:16.936230973Z,01JZ0FF152BEQYSVW0DGQ8J2MY,2025-06-30T13:13:16.936230973Z,01JZ0FF16924XPFD3ZH6W912TQ,2025-06-30T13:13:16.936230973Z
01JZ0FJXPHXG6G0S40220CDK88,01JZ0F67X5J6SBR3095JZ2KKHQ,2025-06-30T13:14:23.825534893Z,01JZ0F67ZT8SK3RX0KMQXRZR64,2025-06-30T13:14:23.825534893Z,01JZ0FBBA1SDVNMEAJN2SN5G9V,2025-06-30T13:14:23.825534893Z,01JZ0FH235VE50PMY57N3YDJG9,2025-06-30T13:14:23.825534893Z,01JZ0FH2539ZNW6QHQZ4Z6M2D2,2025-06-30T13:14:23.825534893Z
01JZ0G149GA56QSYA0VYF91QG3,01JZ0F67X5J6SBR3095JZ2KKHQ,2025-06-30T13:22:09.328847552Z,01JZ0F67ZC5C7QZPK5TEQ23RT2,2025-06-30T13:22:09.328847552Z,01JZ0FD2BN64VRFRHMMV8SJH4Y,2025-06-30T13:22:09.328847552Z,01JZ0FSQ4V25AWYKGJJ1ZAK9SV,2025-06-30T13:22:09.328847552Z,01JZ0FSQ9F33C4Z9DTR6THNFVH,2025-06-30T13:22:09.328847552Z
01JZ0MCMJF3W9A9CMX86R9DR5P,01JZ0KZHFC2GEC175ZSKVHYGR2,2025-06-30T14:38:20.751744242Z,01JZ0KZHH6W8XDVC696R9C92DG,2025-06-30T14:38:20.751744242Z,01JZ0M76DS1TB5AKS0JTGGKM42,2025-06-30T14:38:20.751744242Z,01JZ0MCKBP7JXVFDMPHNG3WP9F,2025-06-30T14:38:20.751744242Z,01JZ0MCKC6QJY7FR94RS2K074B,2025-06-30T14:38:20.751744242Z
01JZ0P9WH5D75A3T28YR6D163W,01JZ0NSN7EKS122Z238A4PF66D,2025-06-30T15:11:47.749601019Z,01JZ0NSNC1W3B8HBKV7A156B13,2025-06-30T15:11:47.749601019Z,01JZ0P0EBY7VSQYSD3AZX9YSX7,2025-06-30T15:11:47.749601019Z,01JZ0P49FFMBGZM8VGX8RR699K,2025-06-30T15:11:47.749601019Z,01JZ0P49PEWN3F1GPHKEPAGMN6,2025-06-30T15:11:47.749601019Z
01JZ0RNT7YFDVGR0H0690F0533,01JZ0R44WS56B1WD5354KYAZ6V,2025-06-30T15:53:15.774931416Z,01JZ0R44YD4TQ1QQVW9H1W0WBF,2025-06-30T15:53:15.774931416Z,01JZ0R6J718YBTR7YEHTBTQQK5,2025-06-30T15:53:15.774931416Z,01JZ0RDJ6VECBCV4R08YWCJE54,2025-06-30T15:53:15.774931416Z,01JZ0RDJZJKFRDY48KAFVDRN41,2025-06-30T15:53:15.774931416Z
01JZ0T0MG4DH6PHPD6KXR8CZ5J,01JZ0S9G3E1V9Y4W1M8GV3AGA9,2025-06-30T16:16:38.916087952Z,01JZ0S9GCCCNBKT0N3T9B2PH95,2025-06-30T16:16:38.916087952Z,01JZ0SF01HCY6JAKBVS9CYAVSQ,2025-06-30T16:16:38.916087952Z,01JZ0SRG1SNDH72X9841MMMF4J,2025-06-30T16:16:38.916087952Z,01JZ0SRGFHKAM8XV3T6WQEFP39,2025-06-30T16:16:38.916087952Z
01JZ0FG3QG3AG8MKACKVGX3Y0M,01JZ0F67X5J6SBR3095JZ2KKHQ,2025-06-30T13:12:51.696790108Z,01JZ0F67ZFPZEHV6BKFXQYDXZZ,2025-06-30T13:12:51.696790108Z,01JZ0FCATDZZRW2H907E68E72B,2025-06-30T13:12:51.696790108Z,01JZ0FG2S8VS3GN3R2QA2DBY2M,2025-06-30T13:12:51.696790108Z,01JZ0FG2VGJ345VW7BYMGJ3WX3,2025-06-30T13:12:51.696790108Z
01JZ0FM064JDC6C4S4A3ZKVZWV,01JZ0F67X5J6SBR3095JZ2KKHQ,2025-06-30T13:14:59.140733184Z,01JZ0F67ZPF4121D8VQV580KT1,2025-06-30T13:14:59.140733184Z,01JZ0FB771X9NXKNJD45VGGVHG,2025-06-30T13:14:59.140733184Z,01JZ0FG9XR3ADT6FD51B6EJHQB,2025-06-30T13:14:59.140733184Z,01JZ0FG9YZ5VB55AKZGK4GTA80,2025-06-30T13:14:59.140733184Z
01JZ0FM0HHYAWQ3E25R5CHQ55A,01JZ0F67X5J6SBR3095JZ2KKHQ,2025-06-30T13:14:59.505887649Z,01JZ0F6805RKXP4JKMN5N89R8W,2025-06-30T13:14:59.505887649Z,01JZ0FAWW52BSADP6XRFJZKM7N,2025-06-30T13:14:59.505887649Z,01JZ0FEFHXWJDW412MQGZ1YMFV,2025-06-30T13:14:59.505887649Z,01JZ0FEFKMKA9G1K7GYH5N6VEK,2025-06-30T13:14:59.505887649Z
01JZ0FQF28WZ1R178RXDK7N34M,01JZ0F67X5J6SBR3095JZ2KKHQ,2025-06-30T13:16:52.680332456Z,01JZ0F67ZGT4J2NC89JRSKF93F,2025-06-30T13:16:52.680332456Z,01JZ0FCJAG0CXVXJTMS0286MXB,2025-06-30T13:16:52.680332456Z,01JZ0FHY0FF9TVSRZETCEYCTMP,2025-06-30T13:16:52.680332456Z,01JZ0FHY2AE8TWA2KG4E1QGE94,2025-06-30T13:16:52.680332456Z
01JZ0SQ73SRKMFRG3JTF8313C2,01JZ0S9G3E1V9Y4W1M8GV3AGA9,2025-06-30T16:11:30.297697689Z,01JZ0S9G69Y1BMBR3KZBCDH0XZ,2025-06-30T16:11:30.297697689Z,01JZ0SB1E093BDHM4PAT7BRTVC,2025-06-30T16:11:30.297697689Z,01JZ0SN4RKR0FK21YDZFG99ED0,2025-06-30T16:11:30.297697689Z,01JZ0SN5AP1JHK5HQF6BX6GR4C,2025-06-30T16:11:30.297697689Z
01JZ0FGAG7PRDHBJPAA6AC3DEE,01JZ0F67X5J6SBR3095JZ2KKHQ,2025-06-30T13:12:58.631866347Z,01JZ0F67ZPF4121D8VQV580KT1,2025-06-30T13:12:58.631866347Z,01JZ0FCCMZG8VETD8HED6X5G3F,2025-06-30T13:12:58.631866347Z,01JZ0FG9X87DVV75FVN306TBKR,2025-06-30T13:12:58.631866347Z,01JZ0FG9Y42XRBQ8T7SKWRVM7Z,2025-06-30T13:12:58.631866347Z
01JZ0RHBTPWACMGQ0TPK85WMQM,01JZ0R44WS56B1WD5354KYAZ6V,2025-06-30T15:50:49.942145508Z,01JZ0R44YD4TQ1QQVW9H1W0WBF,2025-06-30T15:50:49.942145508Z,01JZ0R657BB3E0BHJE1YNP9JA7,2025-06-30T15:50:49.942145508Z,01JZ0RDJ2QCC6HCJTXVC1C06TR,2025-06-30T15:50:49.942145508Z,01JZ0RDJM25BZH2YGY0HJ1XJB1,2025-06-30T15:50:49.942145508Z
01JZ0FXANBW7KQRYRVQ8AVJHAW,01JZ0F67X5J6SBR3095JZ2KKHQ,2025-06-30T13:20:04.779199575Z,01JZ0F67Z49S75BR56TBMFCZ55,2025-06-30T13:20:04.779199575Z,01JZ0FHBKFFN0MM6M7GQW56AYM,2025-06-30T13:20:04.779199575Z,01JZ0FQRVP5GMFQVC581G5X73Z,2025-06-30T13:20:04.779199575Z,01JZ0FQRYE5D08GHPGRQ7F9MSZ,2025-06-30T13:20:04.779199575Z
01JZ0QDM60F0F1MSKC6GG0QEJJ,01JZ0Q0CTMMAVY329HW6Z84SYY,2025-06-30T15:31:18.84826539Z,01JZ0Q0CX32Y5M8NZMVY0C598C,2025-06-30T15:31:18.84826539Z,01JZ0QAC7E48R8DA1R24NC5BN7,2025-06-30T15:31:18.84826539Z,01JZ0QDJGBKYVPQA2SXS058J3H,2025-06-30T15:31:18.84826539Z,01JZ0QDJKB1TX8B3RTEVANCZZE,2025-06-30T15:31:18.84826539Z
01JZ0T1352YZR79SS1CB0DPTVV,01JZ0S9G3E1V9Y4W1M8GV3AGA9,2025-06-30T16:16:53.922753536Z,01JZ0S9G72AZ3MF9HASHX1PW43,2025-06-30T16:16:53.922753536Z,01JZ0SFH3A34EW308H72QP6WNN,2025-06-30T16:16:53.922753536Z,01JZ0SSF537SEH889S5Y9R5QVG,2025-06-30T16:16:53.922753536Z,01JZ0SSFFMBCDP4YYA64Y4ZRYS,2025-06-30T16:16:53.922753536Z
01JZ0VKY4M3V3P11A7YCVC8HY6,01JZ0TXM4HA3Q8P6D6TPYYS7R3,2025-06-30T16:44:39.956771158Z,01JZ0TXMB9EHVXHHHV3J3SQY3A,2025-06-30T16:44:39.956771158Z,01JZ0TZEA4NSRNAN24CVE4XF3B,2025-06-30T16:44:39.956771158Z,01JZ0VC1V62TS189C1JK35JTM8,2025-06-30T16:44:39.956771158Z,01JZ0VC2AMBYRDKAMFWZYK4KZE,2025-06-30T16:44:39.956771158Z
01JZ0HDWHGCDPZSBNG3B1GNXW3,01JZ0H1K4AG17CS34Z9G9MQYDS,2025-06-30T13:46:35.952917406Z,01JZ0H1K7C3FKHJS5GP9RE7N8D,2025-06-30T13:46:35.952917406Z,01JZ0H3ZMEM4CP8B8CA2T4SJEG,2025-06-30T13:46:35.952917406Z,01JZ0HA59FS77DYF0M07SAVR93,2025-06-30T13:46:35.952917406Z,01JZ0HA5D7T746XNRX43WP2G95,2025-06-30T13:46:35.952917406Z
01JZ0MJJE9SM3GTW0JR16K3HG2,01JZ0KZHFC2GEC175ZSKVHYGR2,2025-06-30T14:41:35.177981267Z,01JZ0KZHHC2JQ9380R79DSYF93,2025-06-30T14:41:35.177981267Z,01JZ0MDBRA35TVD8HTPMBDQBBA,2025-06-30T14:41:35.177981267Z,01JZ0MGP26NJJGJCWPQGW8F3YX,2025-06-30T14:41:35.177981267Z,01JZ0MGP4J8WFAZFV2NGPFR81V,2025-06-30T14:41:35.177981267Z
01JZ0QK4YF0R1VZ28R5AYKTC01,01JZ0Q0CTMMAVY329HW6Z84SYY,2025-06-30T15:34:19.855224791Z,01JZ0Q0CX32Y5M8NZMVY0C598C,2025-06-30T15:34:19.855224791Z,01JZ0Q9VF2E3396PSDD6F3ESVG,2025-06-30T15:34:19.855224791Z,01JZ0QDJJNPEJ5YZK89YN764ZV,2025-06-30T15:34:19.855224791Z,01JZ0QDJNPFM40F9X4P2AW9QRA,2025-06-30T15:34:19.855224791Z
01JZ0RREX160TZ1WPV169X3GPY,01JZ0R44WS56B1WD5354KYAZ6V,2025-06-30T15:54:42.466032548Z,01JZ0R44ZYB02HBRR2X1W771BR,2025-06-30T15:54:42.466032548Z,01JZ0RGWMHC1M8CB466E96GPB2,2025-06-30T15:54:42.466032548Z,01JZ0RGZ41HVKXEBX2TYNXK9ZD,2025-06-30T15:54:42.466032548Z,01JZ0RGZFCVQJE7DMSZG1C6FQM,2025-06-30T15:54:42.466032548Z
01JZ0T8NWQKVXT3EDG04KD51QX,01JZ0S9G3E1V9Y4W1M8GV3AGA9,2025-06-30T16:21:02.487288473Z,01JZ0S9G8MSQJNW9QDDX82T8EZ,2025-06-30T16:21:02.487288473Z,01JZ0STMYP8TJX1DM87QADCSSE,2025-06-30T16:21:02.487288473Z,01JZ0T2Z776H5NYH3952M90NE0,2025-06-30T16:21:02.487288473Z,01JZ0T2ZHAHS59BR3V8XSNNK4S,2025-06-30T16:21:02.487288473Z
01JZ0FG3R0VN6RQJ6A10XZ0D6Q,01JZ0F67X5J6SBR3095JZ2KKHQ,2025-06-30T13:12:51.712231135Z,01JZ0F67ZFPZEHV6BKFXQYDXZZ,2025-06-30T13:12:51.712231135Z,01JZ0FBJ9NFFKS2CKGHWFB4VM8,2025-06-30T13:12:51.712231135Z,01JZ0FG2S8VS3GN3R2QA2DBY2M,2025-06-30T13:12:51.712231135Z,01JZ0FG2VGJ345VW7BYMGJ3WX3,2025-06-30T13:12:51.712231135Z
01JZ0K2MP4FRFHSBG29CCW9JZ6,01JZ0JJRG62BDVPN4H0KJ2XPWK,2025-06-30T14:15:24.612458768Z,01JZ0JJRK7MTN7FAC1224V82KC,2025-06-30T14:15:24.612458768Z,01JZ0JRRZWD6QKN20J001SKF6Q,2025-06-30T14:15:24.612458768Z,01JZ0JYWVCPFC72SM7P2B0329V,2025-06-30T14:15:24.612458768Z,01JZ0JYX1PFCYQE7JJWSSH8D3P,2025-06-30T14:15:24.612458768Z
01JZ0PXQ39XQEJTEZJD4F088NM,01JZ0PDFE8X2A24VZSJDD0T2BH,2025-06-30T15:22:37.546029837Z,01JZ0PDFFH0EDR9F9CYFN0TQY3,2025-06-30T15:22:37.546029837Z,01JZ0PPXCPF7JHRT9SA9YT6R6B,2025-06-30T15:22:37.546029837Z,01JZ0PVRKCVAZGVD5GK5DEWP0E,2025-06-30T15:22:37.546029837Z,01JZ0PVRSAS23DPT5GT4235N1X,2025-06-30T15:22:37.546029837Z
01JZ0FZG2RHMZYWVTJ3R3GM94Q,01JZ0F67X5J6SBR3095JZ2KKHQ,2025-06-30T13:21:15.864631523Z,01JZ0F67Z49S75BR56TBMFCZ55,2025-06-30T13:21:15.864631523Z,01JZ0FHBKFFN0MM6M7GQW56AYM,2025-06-30T13:21:15.864631523Z,01JZ0FQRW1AKY8KSG8423XZDAV,2025-06-30T13:21:15.864631523Z,01JZ0FQRZWJVMX733ZSKEE7G0G,2025-06-30T13:21:15.864631523Z
01JZ0K7PXR7F7RKVYPANFZ6HEA,01JZ0JJRG62BDVPN4H0KJ2XPWK,2025-06-30T14:18:10.744649722Z,01JZ0JJRM7K0MBX3MKCVTKC5NR,2025-06-30T14:18:10.744649722Z,01JZ0JNMNVCAW5RZAB0SWSJ307,2025-06-30T14:18:10.744649722Z,01JZ0K09960SM46GQE8ZN1TQEF,2025-06-30T14:18:10.744649722Z,01JZ0K09HAPZ9WJEBZH9W1N3WV,2025-06-30T14:18:10.744649722Z
01JZ0NS2K8EQNMF8824EJCZ739,01JZ0N9PMZHSN31DAQRPMDQCYE,2025-06-30T15:02:36.904907649Z,01JZ0N9PPX2EBNCBEJCH5EHX43,2025-06-30T15:02:36.904907649Z,01JZ0NJBCS4P2NZWJAE050ZWVP,2025-06-30T15:02:36.904907649Z,01JZ0NQ6AS26ETG3TZPNN36FTM,2025-06-30T15:02:36.904907649Z,01JZ0NQ6DCZY0JXK2TXA8YYT5B,2025-06-30T15:02:36.904907649Z
01JZ0PZHY2WHA3VTBD2CJ76H93,01JZ0PDFE8X2A24VZSJDD0T2BH,2025-06-30T15:23:37.794929966Z,01JZ0PDFFH0EDR9F9CYFN0TQY3,2025-06-30T15:23:37.794929966Z,01JZ0PPXCPF7JHRT9SA9YT6R6B,2025-06-30T15:23:37.794929966Z,01JZ0PVRKCVAZGVD5GK5DEWP0E,2025-06-30T15:23:37.794929966Z,01JZ0PVRTBZ9ZP99VFRK6GXNBQ,2025-06-30T15:23:37.794929966Z
01JZ0SZ8YG1MCRNJ7WQCEVZ1XD,01JZ0S9G3E1V9Y4W1M8GV3AGA9,2025-06-30T16:15:54.320575221Z,01JZ0S9GD9MABT2H3JKQDC0TB1,2025-06-30T16:15:54.320575221Z,01JZ0SS4GE1C0ZJG3NGWXA6V0Z,2025-06-30T16:15:54.320575221Z,01JZ0SSG56XTAJ4MTPA3PZYF46,2025-06-30T16:15:54.320575221Z,01JZ0SSGBBWAGC7S6FMYQ3XZ8S,2025-06-30T16:15:54.320575221Z
01JZ0G2NBM6XXQENCFTRR0C8VN,01JZ0F67X5J6SBR3095JZ2KKHQ,2025-06-30T13:22:59.572142687Z,01JZ0F67Z9QH00F8GAYATW0H4D,2025-06-30T13:22:59.572142687Z,01JZ0FCSB181485J0F119VPBHD,2025-06-30T13:22:59.572142687Z,01JZ0FTXWA5766AFHFARB84PC3,2025-06-30T13:22:59.572142687Z,01JZ0FTY28T1H8QXMA913A3GFP,2025-06-30T13:22:59.572142687Z
01JZ0FWY0ZMQB60VP8Z80EHGYJ,01JZ0F67X5J6SBR3095JZ2KKHQ,2025-06-30T13:19:51.840021562Z,01JZ0F67ZNGQ7M2D3G3M0R8ZTD,2025-06-30T13:19:51.840021562Z,01JZ0FB8B329KN6H9RPGAVWG69,2025-06-30T13:19:51.840021562Z,01JZ0FNH5JM56R47WYFZY5YGET,2025-06-30T13:19:51.840021562Z,01JZ0FNH8JTFRHTVE0T8ATDXP8,2025-06-30T13:19:51.840021562Z
01JZ0MMMRM1VBJ7NZW8MMCBJ1J,01JZ0KZHFC2GEC175ZSKVHYGR2,2025-06-30T14:42:43.092979929Z,01JZ0KZHH6W8XDVC696R9C92DG,2025-06-30T14:42:43.092979929Z,01JZ0M5D5Z0X1X78TY6BNKZKFT,2025-06-30T14:42:43.092979929Z,01JZ0MCKA2QW8DXTAC6G4N5FMF,2025-06-30T14:42:43.092979929Z,01JZ0MCKH6P5ETQ69Q6XVACMYV,2025-06-30T14:42:43.092979929Z
01JZ0P66YFMZ2MBAJJ2EPQGR39,01JZ0NSN7EKS122Z238A4PF66D,2025-06-30T15:09:47.343313935Z,01JZ0NSNC1W3B8HBKV7A156B13,2025-06-30T15:09:47.343313935Z,01JZ0NZ4J2HB6T107AP4J98YF9,2025-06-30T15:09:47.343313935Z,01JZ0P49FFMBGZM8VGX8RR699K,2025-06-30T15:09:47.343313935Z,01JZ0P49MXQF3N5WGQ72S23SRA,2025-06-30T15:09:47.343313935Z
01JZ0PDGR4BHAEMZ0H3VCDKC1V,01JZ0NSN7EKS122Z238A4PF66D,2025-06-30T15:13:46.756044926Z,01JZ0NSNACQB6FV8GE0XS7JKF9,2025-06-30T15:13:46.756044926Z,01JZ0P1TX10FFYPX0ZCGHE89AS,2025-06-30T15:13:46.756044926Z,01JZ0P7YN1V2MR96D77PEXSMK2,2025-06-30T15:13:46.756044926Z,01JZ0P7YRT5X9AE21VXRAC50DH,2025-06-30T15:13:46.756044926Z
01JZ0VEN408JPWEDDARRY0WWTS,01JZ0TXM4HA3Q8P6D6TPYYS7R3,2025-06-30T16:41:46.880508739Z,01JZ0TXM7C18DJWS688K2WH576,2025-06-30T16:41:46.880508739Z,01JZ0V0F9D3P0J9G840CC0A66D,2025-06-30T16:41:46.880508739Z,01JZ0V8ZQZFAA3Z4NYN9H5S8FG,2025-06-30T16:41:46.880508739Z,01JZ0V9022BA38FTYHR5EQHE27,2025-06-30T16:41:46.880508739Z
01JZ0FT7G0AYAFE7KHJ94BSMVX,01JZ0F67X5J6SBR3095JZ2KKHQ,2025-06-30T13:18:23.232624879Z,01JZ0F67ZNGQ7M2D3G364WEKWP,2025-06-30T13:18:23.232624879Z,01JZ0FCNHTSC7G0FEF4YCP958P,2025-06-30T13:18:23.232624879Z,01JZ0FPGD3R4XTCQYX0YWJ9PM8,2025-06-30T13:18:23.232624879Z,01JZ0FPGG9R0MSXA37965M733H,2025-06-30T13:18:23.232624879Z
01JZ0JST8FXJX7SGS8EQ8C877X,01JZ0JJRG62BDVPN4H0KJ2XPWK,2025-06-30T14:10:35.407650805Z,01JZ0JJRMQ32S1DDP8PZN3RKEA,2025-06-30T14:10:35.407650805Z,01JZ0JN6JMZG2FMKENBAS8NM9Y,2025-06-30T14:10:35.407650805Z,01JZ0JSS6QMGKSS13PXSATY87K,2025-06-30T14:10:35.407650805Z,01JZ0JSS8Q2NF1NX2X04P0G2M0,2025-06-30T14:10:35.407650805Z
01JZ0PYXDX6YS31QQVJHBQ0TS7,01JZ0PDFE8X2A24VZSJDD0T2BH,2025-06-30T15:23:16.797095395Z,01JZ0PDFG0TZHQMJ413RSFKXP4,2025-06-30T15:23:16.797095395Z,01JZ0PK0DZKRC734RSACJ85GGV,2025-06-30T15:23:16.797095395Z,01JZ0PSB8QFHT28EPRTVD2EBFB,2025-06-30T15:23:16.797095395Z,01JZ0PSBD7P8Y6SKYWHEEY4RVY,2025-06-30T15:23:16.797095395Z
01JZ0QNA7HR22EBK9J5NY46RM5,01JZ0Q0CTMMAVY329HW6Z84SYY,2025-06-30T15:35:30.80108648Z,01JZ0Q0CX32Y5M8NZMVY0C598C,2025-06-30T15:35:30.80108648Z,01JZ0QCV193MBKKSGA9DDJJBJY,2025-06-30T15:35:30.80108648Z,01JZ0QDJHQJDYMGBWSK600715P,2025-06-30T15:35:30.80108648Z,01JZ0QDJR0GZNPFGCZ89K3XVSM,2025-06-30T15:35:30.80108648Z
01JZ0VCFN6DF06FPWP2VX0ZCB0,01JZ0TXM4HA3Q8P6D6TPYYS7R3,2025-06-30T16:40:35.750934286Z,01JZ0TXMAAZJ4VJWA2WTVHG174,2025-06-30T16:40:35.750934286Z,01JZ0V32G4VNH8F152X0004PNK,2025-06-30T16:40:35.750934286Z,01JZ0V8M85MMPYBMHW7JFE9Q9Z,2025-06-30T16:40:35.750934286Z,01JZ0V8ME4WX8PDMJKAWWF3EBG,2025-06-30T16:40:35.750934286Z
01JZ0FPHSZJ824MD4JN3EXFYBF,01JZ0F67X5J6SBR3095JZ2KKHQ,2025-06-30T13:16:22.719847483Z,01JZ0F67ZNGQ7M2D3G364WEKWP,2025-06-30T13:16:22.719847483Z,01JZ0FKQ7AX8YHTTQGW1AQZB94,2025-06-30T13:16:22.719847483Z,01JZ0FPGDAPG30FJ3SWC4WDBHJ,2025-06-30T13:16:22.719847483Z,01JZ0FPGE7XSSJC5D4ZKRW6251,2025-06-30T13:16:22.719847483Z
01JZ0FNP3BF15EDSDG62C6K4PD,01JZ0F67X5J6SBR3095JZ2KKHQ,2025-06-30T13:15:54.347973692Z,01JZ0F67Z9QH00F8GAXY086HB5,2025-06-30T13:15:54.347973692Z,01JZ0FBRXZ8XMKNDM1GTFS4P4A,2025-06-30T13:15:54.347973692Z,01JZ0FNMHNGFQRC9AEB9KVCBTA,2025-06-30T13:15:54.347973692Z,01JZ0FNMJQYJ3XE7Q35QFSX7PX,2025-06-30T13:15:54.347973692Z
01JZ0FSA7XP5QKNCHVWYKCARAY,01JZ0F67X5J6SBR3095JZ2KKHQ,2025-06-30T13:17:53.277819541Z,01JZ0F67ZGT4J2NC89JRSKF93F,2025-06-30T13:17:53.277819541Z,01JZ0FHE6P54F9Z4HQF75VYPYW,2025-06-30T13:17:53.277819541Z,01JZ0FHY09H13NPSRC55BEESBF,2025-06-30T13:17:53.277819541Z,01JZ0FHY313G9KTA8DZNMVB3SX,2025-06-30T13:17:53.277819541Z
01JZ0FVKDSCRNRTGS5X032N6K7,01JZ0F67X5J6SBR3095JZ2KKHQ,2025-06-30T13:19:08.217711489Z,01JZ0F67ZC5C7QZPK5TEQ23RT2,2025-06-30T13:19:08.217711489Z,01JZ0FM0QB6FQ3X7MJHB3GA7A4,2025-06-30T13:19:08.217711489Z,01JZ0FSQ51351EYGBSHM59PBYH,2025-06-30T13:19:08.217711489Z,01JZ0FSQ7KV83BDG9MWWDFWGTJ,2025-06-30T13:19:08.217711489Z
01JZ0FZ90CTWDQ826PBZ70K19D,01JZ0F67X5J6SBR3095JZ2KKHQ,2025-06-30T13:21:08.620232857Z,01JZ0F67ZC5C7QZPK5TEQ23RT2,2025-06-30T13:21:08.620232857Z,01JZ0FBW1M5PKMMEKBNN3362X7,2025-06-30T13:21:08.620232857Z,01JZ0FSQ51351EYGBSHM59PBYH,2025-06-30T13:21:08.620232857Z,01JZ0FSQ84KY23QPYBXQWPTRVM,2025-06-30T13:21:08.620232857Z
01JZ0MM0E59G6VYQMFTAN6SA9E,01JZ0KZHFC2GEC175ZSKVHYGR2,2025-06-30T14:42:22.277717815Z,01JZ0KZHH6W8XDVC696R9C92DG,2025-06-30T14:42:22.277717815Z,01JZ0M68RH26TA36VPTAMVWHEQ,2025-06-30T14:42:22.277717815Z,01JZ0MCKB4R8PP1CGFDRV10VMX,2025-06-30T14:42:22.277717815Z,01JZ0MCKF3CF7JR83KC8BE4S9B,2025-06-30T14:42:22.277717815Z
01JZ0RH1XJFP081JWRX9XQHHMJ,01JZ0R44WS56B1WD5354KYAZ6V,2025-06-30T15:50:39.794455189Z,01JZ0R44ZYB02HBRR2X1W771BR,2025-06-30T15:50:39.794455189Z,01JZ0R9PQ4K46J5WAZEFCASF2D,2025-06-30T15:50:39.794455189Z,01JZ0RGZ2PCGH8Y424DF23PET3,2025-06-30T15:50:39.794455189Z,01JZ0RGZ70KV1D1RYV7GFAH369,2025-06-30T15:50:39.794455189Z
01JZ0RQDQV3CV4752R3RJT025H,01JZ0R44WS56B1WD5354KYAZ6V,2025-06-30T15:54:08.507805323Z,01JZ0R450M24K8ZS9F18EDTFG6,2025-06-30T15:54:08.507805323Z,01JZ0RCXVG1DXMY1P3XSZCR2NJ,2025-06-30T15:54:08.507805323Z,01JZ0RFVCVWSQKJQ7W948JHH3V,2025-06-30T15:54:08.507805323Z,01JZ0RFVQT5PCAZKWXGH0RD42S,2025-06-30T15:54:08.507805323Z
01JZ0FKTHNS1SQDCF562FBGB79,01JZ0F67X5J6SBR3095JZ2KKHQ,2025-06-30T13:14:53.36547809Z,01JZ0F67ZFPZEHV6BKFXQYDXZZ,2025-06-30T13:14:53.36547809Z,01JZ0FB6FJQ1D9FWD3X4BZ10WY,2025-06-30T13:14:53.36547809Z,01JZ0FG2TMDGKK0EJR14EYFE7R,2025-06-30T13:14:53.36547809Z,01JZ0FG2WQ5VW6F0XDQK1WWA5Z,2025-06-30T13:14:53.36547809Z
01JZ0T33EDBSY1MXXQBMAZ6T8C,01JZ0S9G3E1V9Y4W1M8GV3AGA9,2025-06-30T16:17:59.757411189Z,01JZ0S9G8MSQJNW9QDDX82T8EZ,2025-06-30T16:17:59.757411189Z,01JZ0SKJNFRFYTYMMSB3A2M8JB,2025-06-30T16:17:59.757411189Z,01JZ0T2Z6AMGE826QEXMPN0BXC,2025-06-30T16:17:59.757411189Z,01JZ0T2ZCS43Y5BZB2S8HQHMDZ,2025-06-30T16:17:59.757411189Z
01JZ0FTBK1GYJQ8HPEB8ET9FYV,01JZ0F67X5J6SBR3095JZ2KKHQ,2025-06-30T13:18:27.425673872Z,01JZ0F67ZBCBNFH7W25EXNBXDS,2025-06-30T13:18:27.425673872Z,01JZ0FBD0TN42Y2KGV31RR9FES,2025-06-30T13:18:27.425673872Z,01JZ0FMTH61B85RYBN11B94K2X,2025-06-30T13:18:27.425673872Z,01JZ0FMTJP1X31M568THSCTWW6,2025-06-30T13:18:27.425673872Z
01JZ0HE5N2NNXX4M60A858P2D5,01JZ0H1K4AG17CS34Z9G9MQYDS,2025-06-30T13:46:45.282078816Z,01JZ0H1K6THHEJQ855QF7WP6P1,2025-06-30T13:46:45.282078816Z,01JZ0H3KVYK2WH1VQVZ8KDFR0N,2025-06-30T13:46:45.282078816Z,01JZ0H8M6RNVPAN6FF1JPRG2N3,2025-06-30T13:46:45.282078816Z,01JZ0H8M9AAH7TM362W804CMGS,2025-06-30T13:46:45.282078816Z
01JZ0HEWHKSH1CEJYBSD97R379,01JZ0H1K4AG17CS34Z9G9MQYDS,2025-06-30T13:47:08.723086621Z,01JZ0H1K7KVN4Q30DF0C4SZNQW,2025-06-30T13:47:08.723086621Z,01JZ0H3FWJS4NSARZAFMVPHGS8,2025-06-30T13:47:08.723086621Z,01JZ0H9B6QJSN4ERPYEHH37CV2,2025-06-30T13:47:08.723086621Z,01JZ0H9B8GVG80CZTQJ7EAAY9T,2025-06-30T13:47:08.723086621Z
01JZ0MRQ6A73EGXKFK6P9KV2YZ,01JZ0KZHFC2GEC175ZSKVHYGR2,2025-06-30T14:44:56.650904255Z,01JZ0KZHHC2JQ9380R79DSYF93,2025-06-30T14:44:56.650904255Z,01JZ0M1SCZW0JCV54MFTC7P4CZ,2025-06-30T14:44:56.650904255Z,01JZ0MGP15FSE96N0S4HMPWP30,2025-06-30T14:44:56.650904255Z,01JZ0MGP9HGYG69ZB0R1F9AXKZ,2025-06-30T14:44:56.650904255Z
01JZ0SXDMZRVM61R4AD3SKGYSW,01JZ0S9G3E1V9Y4W1M8GV3AGA9,2025-06-30T16:14:53.599676811Z,01JZ0S9GD9MABT2H3JKQDC0TB1,2025-06-30T16:14:53.599676811Z,01JZ0SS4GE1C0ZJG3NGWXA6V0Z,2025-06-30T16:14:53.599676811Z,01JZ0SSG56XTAJ4MTPA3PZYF46,2025-06-30T16:14:53.599676811Z,01JZ0SSGAKN594A9625VW8DP41,2025-06-30T16:14:53.599676811Z
01JZ0T33AHBP22A2609DWNZ5TJ,01JZ0S9G3E1V9Y4W1M8GV3AGA9,2025-06-30T16:17:59.633873439Z,01JZ0S9G8MSQJNW9QDDX82T8EZ,2025-06-30T16:17:59.633873439Z,01JZ0T2XSJ0AG7V7PM1MRXSRY8,2025-06-30T16:17:59.633873439Z,01JZ0T2Z6AMGE826QEXMPN0BXC,2025-06-30T16:17:59.633873439Z,01JZ0T2ZCS43Y5BZB2S8HQHMDZ,2025-06-30T16:17:59.633873439Z
01JZ0FNTWPXMVCY36N557EJCNV,01JZ0F67X5J6SBR3095JZ2KKHQ,2025-06-30T13:15:59.254997146Z,01JZ0F67ZPF4121D8VQV580KT1,2025-06-30T13:15:59.254997146Z,01JZ0FAQ3J9KGVWM3HXCFYRT1K,2025-06-30T13:15:59.254997146Z,01JZ0FG9XR3ADT6FD51B6EJHQB,2025-06-30T13:15:59.254997146Z,01JZ0FG9Z2DZDGC60HDDV09A4A,2025-06-30T13:15:59.254997146Z
01JZ0NS2M8DR71S645M1VP4E76,01JZ0N9PMZHSN31DAQRPMDQCYE,2025-06-30T15:02:36.936725391Z,01JZ0N9PPX2EBNCBEJCH5EHX43,2025-06-30T15:02:36.936725391Z,01JZ0NG35H1QSCVTSKBX9JBBRR,2025-06-30T15:02:36.936725391Z,01JZ0NQ6AS26ETG3TZPNN36FTM,2025-06-30T15:02:36.936725391Z,01JZ0NQ6DCZY0JXK2TXA8YYT5B,2025-06-30T15:02:36.936725391Z
01JZ0PGTMB1SWB1N8HXAFSCE62,01JZ0NSN7EKS122Z238A4PF66D,2025-06-30T15:15:35.179406713Z,01JZ0NSNAYA5ZEAQVB789Y1XW2,2025-06-30T15:15:35.179406713Z,01JZ0NZBZKHKXTZYA0WX3Y2FFW,2025-06-30T15:15:35.179406713Z,01JZ0PB8CZS6M8SVA60NSTSB4W,2025-06-30T15:15:35.179406713Z,01JZ0PB8GNV0A035FHQX65ZYY9,2025-06-30T15:15:35.179406713Z
01JZ0QTA79WEFEH83KYY97PCM6,01JZ0QGE33ZWYV7A3256FYEZA6,2025-06-30T15:38:14.633988061Z,01JZ0QGE4MQBM7ZJEFVQMWJX02,2025-06-30T15:38:14.633988061Z,01JZ0QPT6048XZAJK53YEVWM2W,2025-06-30T15:38:14.633988061Z,01JZ0QT8CMSD5101S4Q6VABNRX,2025-06-30T15:38:14.633988061Z,01JZ0QT8G7WTJHYMBZ7MH7CA6P,2025-06-30T15:38:14.633988061Z
01JZ0RQJANRE9N5E4BTF2S8JG2,01JZ0R44WS56B1WD5354KYAZ6V,2025-06-30T15:54:13.205112823Z,01JZ0R450A0M8Q4QC968ZVRS9H,2025-06-30T15:54:13.205112823Z,01JZ0RC5VA1XYK8MB53Q5K9XJR,2025-06-30T15:54:13.205112823Z,01JZ0RFNVA3M9D27P90HFWJA8Y,2025-06-30T15:54:13.205112823Z,01JZ0RFPFM9RXDBNP6ZMTH2ZCR,2025-06-30T15:54:13.205112823Z
01JZ0HJ7SJV7W6M6Z9MNZ3RWPQ,01JZ0H1K4AG17CS34Z9G9MQYDS,2025-06-30T13:48:58.546400431Z,01JZ0H1K6XDYNJQ07N0KM3P1VX,2025-06-30T13:48:58.546400431Z,01JZ0HBGF52K71HWK9APQ4JSS0,2025-06-30T13:48:58.546400431Z,01JZ0HJ6K11Z8FWV5RSGTBTV5K,2025-06-30T13:48:58.546400431Z,01JZ0HJ6P468K32NC8V625WG3J,2025-06-30T13:48:58.546400431Z
01JZ0HVC2EX3CRWXEHABPE11CD,01JZ0H1K4AG17CS34Z9G9MQYDS,2025-06-30T13:53:57.838382799Z,01JZ0H1K72P9WWMQFG7ACVRNHM,2025-06-30T13:53:57.838382799Z,01JZ0H3BSJ76APYEW8F641XA8T,2025-06-30T13:53:57.838382799Z,01JZ0HKZ29E8N7W3H1PM11VNZX,2025-06-30T13:53:57.838382799Z,01JZ0HKZ6H5ZK4GHV2BMPSZA9Q,2025-06-30T13:53:57.838382799Z
01JZ0K8G1QX170J77V0DD25NYS,01JZ0JJRG62BDVPN4H0KJ2XPWK,2025-06-30T14:18:36.47202985Z,01JZ0JJRMFBKARHHQY8ZXKDX2Q,2025-06-30T14:18:36.47202985Z,01JZ0JQGZSJTMNWN83V0DRTF9B,2025-06-30T14:18:36.47202985Z,01JZ0K2YERTFQAJEQ3WTQCHG83,2025-06-30T14:18:36.47202985Z,01JZ0K2YHT5WE07G9WFYRWEWTG,2025-06-30T14:18:36.47202985Z
01JZ0MED1B57NE9SE5SVDWG7N8,01JZ0KZHFC2GEC175ZSKVHYGR2,2025-06-30T14:39:18.571080239Z,01JZ0KZHGK1V8ZC0AXDBXBYAX9,2025-06-30T14:39:18.571080239Z,01JZ0M2WM0HPMZRZ9HANZSA6QH,2025-06-30T14:39:18.571080239Z,01JZ0M8V6QTQ2XMY7H3K1D6P3H,2025-06-30T14:39:18.571080239Z,01JZ0M8V9V4RFKNG1ZYBDF5NW8,2025-06-30T14:39:18.571080239Z
01JZ0MFQQJ8M23AWVJRCRR1Y5Y,01JZ0KZHFC2GEC175ZSKVHYGR2,2025-06-30T14:40:02.29054245Z,01JZ0KZHHH6W8J7M02JDFMAQF5,2025-06-30T14:40:02.29054245Z,01JZ0M0EWSF288X4NSN0YC4ARG,2025-06-30T14:40:02.29054245Z,01JZ0MA57G6F6CZSS6TXQYY4X3,2025-06-30T14:40:02.29054245Z,01JZ0MA5D9NCX4DEB44ARNCQNX,2025-06-30T14:40:02.29054245Z
01JZ0P9V72ZBBNVECJTGQWCSNE,01JZ0NSN7EKS122Z238A4PF66D,2025-06-30T15:11:46.402094796Z,01JZ0NSNACQB6FV8GE0XS7JKF9,2025-06-30T15:11:46.402094796Z,01JZ0P1TX10FFYPX0ZCGHE89AS,2025-06-30T15:11:46.402094796Z,01JZ0P7YN1V2MR96D77PEXSMK2,2025-06-30T15:11:46.402094796Z,01JZ0P7YR1GKEJM57XS21BYM10,2025-06-30T15:11:46.402094796Z
01JZ0QN02KJJMMH0X95K16BQQ3,01JZ0Q0CTMMAVY329HW6Z84SYY,2025-06-30T15:35:20.403286854Z,01JZ0Q0CX32Y5M8NZMVY0C598C,2025-06-30T15:35:20.403286854Z,01JZ0QCV193MBKKSGA9DDJJBJY,2025-06-30T15:35:20.403286854Z,01JZ0QDJGY5GDK8FY589ABY8WR,2025-06-30T15:35:20.403286854Z,01JZ0QDJPRHNXT4A9RSTCQ3F42,2025-06-30T15:35:20.403286854Z
01JZ0QY0A3DKFTCVS5KJQ88V29,01JZ0QGE33ZWYV7A3256FYEZA6,2025-06-30T15:40:15.555426214Z,01JZ0QGE4MQBM7ZJEFVQMWJX02,2025-06-30T15:40:15.555426214Z,01JZ0QNHS7A9KGEH6HJK27570S,2025-06-30T15:40:15.555426214Z,01JZ0QT8D72WY9E0JR27EZFH9M,2025-06-30T15:40:15.555426214Z,01JZ0QT8J7MWZQC8E80B186RYG,2025-06-30T15:40:15.555426214Z
01JZ0HJJ5ZXP74J0TTZZT89RZ4,01JZ0H1K4AG17CS34Z9G9MQYDS,2025-06-30T13:49:09.183169608Z,01JZ0H1K78HDDW9F2WM1P8VZMN,2025-06-30T13:49:09.183169608Z,01JZ0H3KYQN4X87D14R9JK1FH9,2025-06-30T13:49:09.183169608Z,01JZ0HAGRY6N8X6N9WN9G5HWSG,2025-06-30T13:49:09.183169608Z,01JZ0HAGXKMY05NP93HW3SP4S7,2025-06-30T13:49:09.183169608Z
01JZ0SZ8ZFVHS4DHRT33C0FM3V,01JZ0S9G3E1V9Y4W1M8GV3AGA9,2025-06-30T16:15:54.351066779Z,01JZ0S9GD9MABT2H3JKQDC0TB1,2025-06-30T16:15:54.351066779Z,01JZ0SPQA7VEEQ0Q5DK9RZENSP,2025-06-30T16:15:54.351066779Z,01JZ0SSG56XTAJ4MTPA3PZYF46,2025-06-30T16:15:54.351066779Z,01JZ0SSGBBWAGC7S6FMYQ3XZ8S,2025-06-30T16:15:54.351066779Z
01JZ0SV8K2959H3G9998MGD1P0,01JZ0S9G3E1V9Y4W1M8GV3AGA9,2025-06-30T16:13:42.882256051Z,01JZ0S9GBDE95BAEJ35DY3VGC4,2025-06-30T16:13:42.882256051Z,01JZ0SG6Y9NPGTZ35T719S3CJ9,2025-06-30T16:13:42.882256051Z,01JZ0SQECM4D5XPER5PREQ6RDB,2025-06-30T16:13:42.882256051Z,01JZ0SQEMB917QHZYWSBT1QBXE,2025-06-30T16:13:42.882256051Z
01JZ0FTZ4WNG3JHCAM05Z5J76S,01JZ0F67X5J6SBR3095JZ2KKHQ,2025-06-30T13:18:47.452241437Z,01JZ0F67Z9QH00F8GAYATW0H4D,2025-06-30T13:18:47.452241437Z,01JZ0FH8ME21HSJEQV93FGWS4V,2025-06-30T13:18:47.452241437Z,01JZ0FTXV8DQ25Y1P16E5V0W1X,2025-06-30T13:18:47.452241437Z,01JZ0FTXYPFYG58CK5DBF2NKQZ,2025-06-30T13:18:47.452241437Z
01JZ0G1RVG9FQ37AM43ETCAXS2,01JZ0F67X5J6SBR3095JZ2KKHQ,2025-06-30T13:22:30.384407184Z,01JZ0F67ZC5C7QZPK5TEQ23RT2,2025-06-30T13:22:30.384407184Z,01JZ0FM0QB6FQ3X7MJHB3GA7A4,2025-06-30T13:22:30.384407184Z,01JZ0FSQ4CMD8W58JCEWT8Q1ED,2025-06-30T13:22:30.384407184Z,01JZ0FSQBK5FN1GAJ960M7AJ2J,2025-06-30T13:22:30.384407184Z
01JZ0HJWNHZD0XV3H41AYT3B3G,01JZ0H1K4AG17CS34Z9G9MQYDS,2025-06-30T13:49:19.921634989Z,01JZ0H1K7HVYD71R3W6V80C6V1,2025-06-30T13:49:19.921634989Z,01JZ0H3YKDCKC58R863JCARE6G,2025-06-30T13:49:19.921634989Z,01JZ0HAVSGGJ05CSD8WW5JNDPV,2025-06-30T13:49:19.921634989Z,01JZ0HAVXW79B59Y8FMQKBPQJ9,2025-06-30T13:49:19.921634989Z
01JZ0K811ADVRWW0BP75JZWP5G,01JZ0JJRG62BDVPN4H0KJ2XPWK,2025-06-30T14:18:21.098265653Z,01JZ0JJRM7K0MBX3MKCVTKC5NR,2025-06-30T14:18:21.098265653Z,01JZ0JXWKS0M8W514SAFXDFCXQ,2025-06-30T14:18:21.098265653Z,01JZ0K09A2JRM56REXVTQ5P9J4,2025-06-30T14:18:21.098265653Z,01JZ0K09K25XTCYT08PVBBA31D,2025-06-30T14:18:21.098265653Z
01JZ0MRD1Q0QK84DX94RP4FRNA,01JZ0KZHFC2GEC175ZSKVHYGR2,2025-06-30T14:44:46.263439417Z,01JZ0KZHHC2JQ9380R79DSYF93,2025-06-30T14:44:46.263439417Z,01JZ0MDJZZT96ZPNBZZTAA3S1D,2025-06-30T14:44:46.263439417Z,01JZ0MGP1H08NKC41F4W5N223S,2025-06-30T14:44:46.263439417Z,01JZ0MGP8BRDCBGPKJB1Z2Q7SJ,2025-06-30T14:44:46.263439417Z
01JZ0PEZTC32WCPE54GAQ5Q62G,01JZ0NSN7EKS122Z238A4PF66D,2025-06-30T15:14:34.956946318Z,01JZ0NSNAYA5ZEAQVB789Y1XW2,2025-06-30T15:14:34.956946318Z,01JZ0P6YH7NNC71XKAERN7EGXC,2025-06-30T15:14:34.956946318Z,01JZ0PB8CZS6M8SVA60NSTSB4W,2025-06-30T15:14:34.956946318Z,01JZ0PB8GAQ67WW9EPR5YC95SB,2025-06-30T15:14:34.956946318Z
01JZ0RNJ10HSZABF4D6FM9WKXY,01JZ0R44WS56B1WD5354KYAZ6V,2025-06-30T15:53:07.360217641Z,01JZ0R450M24K8ZS9F18EDTFG6,2025-06-30T15:53:07.360217641Z,01JZ0RCXVG1DXMY1P3XSZCR2NJ,2025-06-30T15:53:07.360217641Z,01JZ0RFVDEC09529ZV39X1MYHY,2025-06-30T15:53:07.360217641Z,01JZ0RFVNWZ37RVCFT3CE4MRXX,2025-06-30T15:53:07.360217641Z
01JZ0FRCQK5F3RBA7YB26XA72B,01JZ0F67X5J6SBR3095JZ2KKHQ,2025-06-30T13:17:23.059603507Z,01JZ0F67ZNGQ7M2D3G364WEKWP,2025-06-30T13:17:23.059603507Z,01JZ0FHSMZ1RKYF919HZF316MP,2025-06-30T13:17:23.059603507Z,01JZ0FPGD3R4XTCQYX0YWJ9PM8,2025-06-30T13:17:23.059603507Z,01JZ0FPGFYDMCV4FVJVHGQ1D12,2025-06-30T13:17:23.059603507Z
01JZ0VKY3QSV4D2N1A91AN89Y4,01JZ0TXM4HA3Q8P6D6TPYYS7R3,2025-06-30T16:44:39.927894425Z,01JZ0TXMB9EHVXHHHV3J3SQY3A,2025-06-30T16:44:39.927894425Z,01JZ0V0BHD367W9MS1M0PZJGYW,2025-06-30T16:44:39.927894425Z,01JZ0VC1V62TS189C1JK35JTM8,2025-06-30T16:44:39.927894425Z,01JZ0VC2AMBYRDKAMFWZYK4KZE,2025-06-30T16:44:39.927894425Z
01JZ0RNT5WJ7WMDNHJVDG0515E,01JZ0R44WS56B1WD5354KYAZ6V,2025-06-30T15:53:15.708522013Z,01JZ0R44YD4TQ1QQVW9H1W0WBF,2025-06-30T15:53:15.708522013Z,01JZ0R9GRQ3PA7HCKR9SBRDB26,2025-06-30T15:53:15.708522013Z,01JZ0RDJ6VECBCV4R08YWCJE54,2025-06-30T15:53:15.708522013Z,01JZ0RDJZJKFRDY48KAFVDRN41,2025-06-30T15:53:15.708522013Z
01JZ0SP785HH1VR0VJK9SJ57YB,01JZ0S9G3E1V9Y4W1M8GV3AGA9,2025-06-30T16:10:57.669612661Z,01JZ0S9G7VJHRZZRV1KXAXAXSY,2025-06-30T16:10:57.669612661Z,01JZ0SF42D6EB959CKE7M0PGAZ,2025-06-30T16:10:57.669612661Z,01JZ0SP4A04XPV6N27S5YJ1WSZ,2025-06-30T16:10:57.669612661Z,01JZ0SP4HR50WP99GXDS4YC9FK,2025-06-30T16:10:57.669612661Z
01JZ0SZ8B1MY3565EW92KGJBTJ,01JZ0S9G3E1V9Y4W1M8GV3AGA9,2025-06-30T16:15:53.69721024Z,01JZ0S9G9GQDAYDBEESMGH4RA5,2025-06-30T16:15:53.69721024Z,01JZ0SF9Q56965BA9MXGSMHAND,2025-06-30T16:15:53.69721024Z,01JZ0SQ3F4PY9W86VF77JMR5FW,2025-06-30T16:15:53.69721024Z,01JZ0SQ3TE4VMZ1MCYY5WRZ18A,2025-06-30T16:15:53.69721024Z
01JZ0TAHMAWC43D8BCMR9V6CDZ,01JZ0S9G3E1V9Y4W1M8GV3AGA9,2025-06-30T16:22:03.65876576Z,01JZ0S9G8MSQJNW9QDDX82T8EZ,2025-06-30T16:22:03.65876576Z,01JZ0T2XSJ0AG7V7PM1MRXSRY8,2025-06-30T16:22:03.65876576Z,01JZ0T2Z8JE59FQ9P0RNZCZNKS,2025-06-30T16:22:03.65876576Z,01JZ0T2ZM04F8MPR8PZR893EM7,2025-06-30T16:22:03.65876576Z
01JZ0FQHEB5PJS6CXGTFDDB58T,01JZ0F67X5J6SBR3095JZ2KKHQ,2025-06-30T13:16:55.115529754Z,01JZ0F67ZFPZEHV6BKFXQYDXZZ,2025-06-30T13:16:55.115529754Z,01JZ0FBS7JDEVVPEXEYNA1T4RE,2025-06-30T13:16:55.115529754Z,01JZ0FG2SD3EGXTWS7DEQHS433,2025-06-30T13:16:55.115529754Z,01JZ0FG2YZPED3HYBNBF60BYJD,2025-06-30T13:16:55.115529754Z
01JZ0FSCDCT62SAGR1W80XSQ4W,01JZ0F67X5J6SBR3095JZ2KKHQ,2025-06-30T13:17:55.50032217Z,01JZ0F67Z745P2890BJ7Q88E3R,2025-06-30T13:17:55.50032217Z,01JZ0FHWBY15ET9EK8R00P9WW1,2025-06-30T13:17:55.50032217Z,01JZ0FHYT7S382Q8K3G91ZN28J,2025-06-30T13:17:55.50032217Z,01JZ0FHYWECQNPZRK99THAKWZV,2025-06-30T13:17:55.50032217Z
01JZ0G1EFRRHAG4F57SF5CBKRB,01JZ0F67X5J6SBR3095JZ2KKHQ,2025-06-30T13:22:19.768517005Z,01JZ0F67ZC5C7QZPK5TEQ23RT2,2025-06-30T13:22:19.768517005Z,01JZ0FD2BN64VRFRHMMV8SJH4Y,2025-06-30T13:22:19.768517005Z,01JZ0FSQ4MYYKXDA7G1SSWG7Y9,2025-06-30T13:22:19.768517005Z,01JZ0FSQAP2Q67TT60RJG27X7X,2025-06-30T13:22:19.768517005Z
01JZ0JST87XDTEFHRT3D9HEWGC,01JZ0JJRG62BDVPN4H0KJ2XPWK,2025-06-30T14:10:35.39983831Z,01JZ0JJRMQ32S1DDP8PZN3RKEA,2025-06-30T14:10:35.39983831Z,01JZ0JNFFC7EQBWHX80ZDTKTSW,2025-06-30T14:10:35.39983831Z,01JZ0JSS6QMGKSS13PXSATY87K,2025-06-30T14:10:35.39983831Z,01JZ0JSS8Q2NF1NX2X04P0G2M0,2025-06-30T14:10:35.39983831Z
01JZ0KAZ9E3Z64GX4DNC4VTV8S,01JZ0JJRG62BDVPN4H0KJ2XPWK,2025-06-30T14:19:57.614249741Z,01JZ0JJRMFBKARHHQY8ZXKDX2Q,2025-06-30T14:19:57.614249741Z,01JZ0K2MMEXP18DBVH90QK1R5V,2025-06-30T14:19:57.614249741Z,01JZ0K2YF7778KQ4YKNN0MRG3Q,2025-06-30T14:19:57.614249741Z,01JZ0K2YMWED0SR563EGS70F1J,2025-06-30T14:19:57.614249741Z
01JZ0MH9CCZY040FA468VHZVZF,01JZ0KZHFC2GEC175ZSKVHYGR2,2025-06-30T14:40:53.132543738Z,01JZ0KZHGXZ28TMC40NC90GVYX,2025-06-30T14:40:53.132543738Z,01JZ0M5HKJHP80W8A523JYGPBB,2025-06-30T14:40:53.132543738Z,01JZ0M9WTTT9DEYBSAD67CY8SA,2025-06-30T14:40:53.132543738Z,01JZ0M9WYGGVQBSVN4AKNKZMG5,2025-06-30T14:40:53.132543738Z
01JZ0P4BXR5WEZYJ8D7EW5N3VJ,01JZ0NSN7EKS122Z238A4PF66D,2025-06-30T15:08:46.904414105Z,01JZ0NSNC1W3B8HBKV7A156B13,2025-06-30T15:08:46.904414105Z,01JZ0NZGH00DARNW9BBY2QG8YW,2025-06-30T15:08:46.904414105Z,01JZ0P49AXV9WYGF468QHGM5YG,2025-06-30T15:08:46.904414105Z,01JZ0P49GKVDQPWPA2V6CTFKMD,2025-06-30T15:08:46.904414105Z
01JZ0QN0235SNEKR4TM1HSPA17,01JZ0Q0CTMMAVY329HW6Z84SYY,2025-06-30T15:35:20.387796104Z,01JZ0Q0CX32Y5M8NZMVY0C598C,2025-06-30T15:35:20.387796104Z,01JZ0Q1XK4W03P06KT3W3H02FD,2025-06-30T15:35:20.387796104Z,01JZ0QDJGY5GDK8FY589ABY8WR,2025-06-30T15:35:20.387796104Z,01JZ0QDJPRHNXT4A9RSTCQ3F42,2025-06-30T15:35:20.387796104Z
01JZ0FQEJ4HZWX6F7B7PYGQCSM,01JZ0F67X5J6SBR3095JZ2KKHQ,2025-06-30T13:16:52.164353423Z,01JZ0F67ZKKPGDC64ETWQZ69WV,2025-06-30T13:16:52.164353423Z,01JZ0FC3BQ9GCC6QG6CDGGD2W7,2025-06-30T13:16:52.164353423Z,01JZ0FFEAKA7GSGDZRFXYZKJX4,2025-06-30T13:16:52.164353423Z,01JZ0FFEF973NZ53S63CF72TVH,2025-06-30T13:16:52.164353423Z
01JZ0TRFC6CRMYKEMNXC1C9P33,01JZ0T594M7DT83RJMYEJDT186,2025-06-30T16:29:40.102433059Z,01JZ0T59780CP4Z1F2CEHFDNAC,2025-06-30T16:29:40.102433059Z,01JZ0TAG5YB2XS2SXDFRSMNV8G,2025-06-30T16:29:40.102433059Z,01JZ0TGXBQRYKR99NPGW0FQKYD,2025-06-30T16:29:40.102433059Z,01JZ0TGXNT7B9NJ6FS9VB0NWWY,2025-06-30T16:29:40.102433059Z
01JZ0QY0972V941V4GACVYH7F9,01JZ0QGE33ZWYV7A3256FYEZA6,2025-06-30T15:40:15.527897406Z,01JZ0QGE4MQBM7ZJEFVQMWJX02,2025-06-30T15:40:15.527897406Z,01JZ0QM38JZ7CRCAE73CP91DA7,2025-06-30T15:40:15.527897406Z,01JZ0QT8D72WY9E0JR27EZFH9M,2025-06-30T15:40:15.527897406Z,01JZ0QT8J7MWZQC8E80B186RYG,2025-06-30T15:40:15.527897406Z
01JZ0HGQDEF42V9A8QCYBB9GH0,01JZ0H1K4AG17CS34Z9G9MQYDS,2025-06-30T13:48:09.006667126Z,01JZ0H1K7KVN4Q30DF0C4SZNQW,2025-06-30T13:48:09.006667126Z,01JZ0H3PNYN1MWQCF2QE837CM4,2025-06-30T13:48:09.006667126Z,01JZ0H9B60GZCSEZ21Q7HHJ5H8,2025-06-30T13:48:09.006667126Z,01JZ0H9B985HKEBHFDKE94BHEF,2025-06-30T13:48:09.006667126Z
01JZ0MHXMRCDEPBCB167YB7MDZ,01JZ0KZHFC2GEC175ZSKVHYGR2,2025-06-30T14:41:13.880456665Z,01JZ0KZHGXZ28TMC40NC90GVYX,2025-06-30T14:41:13.880456665Z,01JZ0M3P9VKZ1RS5GDCN0TA36R,2025-06-30T14:41:13.880456665Z,01JZ0M9WVB1WWHT5K6G6X9W59V,2025-06-30T14:41:13.880456665Z,01JZ0M9X08W85492TW3PQ0RMWV,2025-06-30T14:41:13.880456665Z
01JZ0P9WHPF4SQ2R78RH8SB2RB,01JZ0NSN7EKS122Z238A4PF66D,2025-06-30T15:11:47.766673408Z,01JZ0NSNC1W3B8HBKV7A156B13,2025-06-30T15:11:47.766673408Z,01JZ0NZGH00DARNW9BBY2QG8YW,2025-06-30T15:11:47.766673408Z,01JZ0P49FFMBGZM8VGX8RR699K,2025-06-30T15:11:47.766673408Z,01JZ0P49PEWN3F1GPHKEPAGMN6,2025-06-30T15:11:47.766673408Z
01JZ0PX2JT2JT1CCZAZ4SE8J3R,01JZ0PDFE8X2A24VZSJDD0T2BH,2025-06-30T15:22:16.538797387Z,01JZ0PDFG0TZHQMJ413RSFKXP4,2025-06-30T15:22:16.538797387Z,01JZ0PFCW1JTREFZPJ0MEYDK57,2025-06-30T15:22:16.538797387Z,01JZ0PSB8QFHT28EPRTVD2EBFB,2025-06-30T15:22:16.538797387Z,01JZ0PSBCXEZY6QEMF25SVCS88,2025-06-30T15:22:16.538797387Z
01JZ0RMSMHVE6P78MFFZT3BQ23,01JZ0R44WS56B1WD5354KYAZ6V,2025-06-30T15:52:42.385527578Z,01JZ0R44YW0T94WKHD2ZAT9VPC,2025-06-30T15:52:42.385527578Z,01JZ0R7M0GNQWHJJYSHNG909HC,2025-06-30T15:52:42.385527578Z,01JZ0RCZ78YWDGP623DZ54C3B3,2025-06-30T15:52:42.385527578Z,01JZ0RCZM35YRZ8JZT8CAHMG92,2025-06-30T15:52:42.385527578Z
01JZ0FQ2VJ4STP2VJVRR1SZDGZ,01JZ0F67X5J6SBR3095JZ2KKHQ,2025-06-30T13:16:40.1787716Z,01JZ0F67Z61XNM528ZD36RPYGY,2025-06-30T13:16:40.1787716Z,01JZ0FH3F6YRBD215BZDRB0NFG,2025-06-30T13:16:40.1787716Z,01JZ0FHHX23ZVHNKQQRRSX500X,2025-06-30T13:16:40.1787716Z,01JZ0FHJ04NPGJKH5CT8RPAH6P,2025-06-30T13:16:40.1787716Z
01JZ0FMHTPH8ENCJB9T0E4X7DT,01JZ0F67X5J6SBR3095JZ2KKHQ,2025-06-30T13:15:17.206197202Z,01JZ0F67ZEPC67VW242P0YYZAA,2025-06-30T13:15:17.206197202Z,01JZ0FB5NM2PBQFGSVXVEDAQ5Y,2025-06-30T13:15:17.206197202Z,01JZ0FF152BEQYSVW0DGQ8J2MY,2025-06-30T13:15:17.206197202Z,01JZ0FF16EY6W0Y9819NNFJ5AK,2025-06-30T13:15:17.206197202Z
01JZ0MH9CSZQN3D4WTT6Q27HZF,01JZ0KZHFC2GEC175ZSKVHYGR2,2025-06-30T14:40:53.145367922Z,01JZ0KZHGXZ28TMC40NC90GVYX,2025-06-30T14:40:53.145367922Z,01JZ0M0Y3WZXVFN2PP6BJX9R12,2025-06-30T14:40:53.145367922Z,01JZ0M9WTTT9DEYBSAD67CY8SA,2025-06-30T14:40:53.145367922Z,01JZ0M9WYGGVQBSVN4AKNKZMG5,2025-06-30T14:40:53.145367922Z
01JZ0Q1D2CG5W1V5R4FFMYKT20,01JZ0PDFE8X2A24VZSJDD0T2BH,2025-06-30T15:24:38.348564858Z,01JZ0PDFG0TZHQMJ413RSFKXP4,2025-06-30T15:24:38.348564858Z,01JZ0PFCW1JTREFZPJ0MEYDK57,2025-06-30T15:24:38.348564858Z,01JZ0PSBA2ZJCB1FT0JNH91FDN,2025-06-30T15:24:38.348564858Z,01JZ0PSBGSTEBRN90P0B4ZDJKV,2025-06-30T15:24:38.348564858Z
01JZ0FJGTF0SZEDKWJ54GV5KDY,01JZ0F67X5J6SBR3095JZ2KKHQ,2025-06-30T13:14:10.639910553Z,01JZ0F67ZMW5MYVAMRDCKET4QV,2025-06-30T13:14:10.639910553Z,01JZ0FASBFGZWXGCNHK0X9PYM2,2025-06-30T13:14:10.639910553Z,01JZ0FETS8ER9G1DS9D9GHXGJ5,2025-06-30T13:14:10.639910553Z,01JZ0FETTPYV8RFPXT500S0SKN,2025-06-30T13:14:10.639910553Z
01JZ0MMANWNJ4MZ6GFX3YKK1EC,01JZ0KZHFC2GEC175ZSKVHYGR2,2025-06-30T14:42:32.764468316Z,01JZ0KZHH6W8XDVC696R9C92DG,2025-06-30T14:42:32.764468316Z,01JZ0M5D5Z0X1X78TY6BNKZKFT,2025-06-30T14:42:32.764468316Z,01JZ0MCKAWSJJD7XSMC4C0649V,2025-06-30T14:42:32.764468316Z,01JZ0MCKG4FA8A26JKHYVAA3MX,2025-06-30T14:42:32.764468316Z
01JZ0SX3GHHA8P7HH6F1XWW67N,01JZ0S9G3E1V9Y4W1M8GV3AGA9,2025-06-30T16:14:43.217656895Z,01JZ0S9GBDE95BAEJ35DY3VGC4,2025-06-30T16:14:43.217656895Z,01JZ0SG6Y9NPGTZ35T719S3CJ9,2025-06-30T16:14:43.217656895Z,01JZ0SQECM4D5XPER5PREQ6RDB,2025-06-30T16:14:43.217656895Z,01JZ0SQEMZKSBTK6NS2RRHWVD7,2025-06-30T16:14:43.217656895Z
01JZ0K6AAMVAF3VF2KT0A455BB,01JZ0JJRG62BDVPN4H0KJ2XPWK,2025-06-30T14:17:25.076215526Z,01JZ0JJRK7MTN7FAC1224V82KC,2025-06-30T14:17:25.076215526Z,01JZ0JMJ284T338WEW4N64181B,2025-06-30T14:17:25.076215526Z,01JZ0JYWXE4Z0C49B2GAEXWPG4,2025-06-30T14:17:25.076215526Z,01JZ0JYX3R6DMCAQBCP3MHRP3T,2025-06-30T14:17:25.076215526Z
01JZ0FSPN72EP78M8072GXVJMB,01JZ0F67X5J6SBR3095JZ2KKHQ,2025-06-30T13:18:05.991467427Z,01JZ0F67Z745P2890BJ7Q88E3R,2025-06-30T13:18:05.991467427Z,01JZ0FC56QHHEXNXG28RA69XDS,2025-06-30T13:18:05.991467427Z,01JZ0FHYT4VA4QBHA5DGPYP1XA,2025-06-30T13:18:05.991467427Z,01JZ0FHYX276ZPDC70THYN8CPV,2025-06-30T13:18:05.991467427Z
01JZ0FW29W24JPV0ASWPTWTQBA,01JZ0F67X5J6SBR3095JZ2KKHQ,2025-06-30T13:19:23.452580423Z,01JZ0F67ZNGQ7M2D3G364WEKWP,2025-06-30T13:19:23.452580423Z,01JZ0FJS48KWCXDKD6ZRVDSXBC,2025-06-30T13:19:23.452580423Z,01JZ0FPGD3R4XTCQYX0YWJ9PM8,2025-06-30T13:19:23.452580423Z,01JZ0FPGGZTYJ67302VQXHZW12,2025-06-30T13:19:23.452580423Z
01JZ0P9V7B06MNYFPN0X1JZ4YX,01JZ0NSN7EKS122Z238A4PF66D,2025-06-30T15:11:46.411430641Z,01JZ0NSNACQB6FV8GE0XS7JKF9,2025-06-30T15:11:46.411430641Z,01JZ0P111DGX2GYFS2HKPTTG1D,2025-06-30T15:11:46.411430641Z,01JZ0P7YN1V2MR96D77PEXSMK2,2025-06-30T15:11:46.411430641Z,01JZ0P7YR1GKEJM57XS21BYM10,2025-06-30T15:11:46.411430641Z
01JZ0SWRQXWJM5TES5QMYTAY0Y,01JZ0S9G3E1V9Y4W1M8GV3AGA9,2025-06-30T16:14:32.189848973Z,01JZ0S9G69Y1BMBR3KZBCDH0XZ,2025-06-30T16:14:32.189848973Z,01JZ0SAN7S16T6GKYDP9BE4Q9F,2025-06-30T16:14:32.189848973Z,01JZ0SN4WX49FYA3BQ47HSYF17,2025-06-30T16:14:32.189848973Z,01JZ0SN5PVCQW1E8JZ6SKH587R,2025-06-30T16:14:32.189848973Z
01JZ0FQHDRJ06AAZ5MVPP4HE4D,01JZ0F67X5J6SBR3095JZ2KKHQ,2025-06-30T13:16:55.096578056Z,01JZ0F67ZFPZEHV6BKFXQYDXZZ,2025-06-30T13:16:55.096578056Z,01JZ0FCATDZZRW2H907E68E72B,2025-06-30T13:16:55.096578056Z,01JZ0FG2SD3EGXTWS7DEQHS433,2025-06-30T13:16:55.096578056Z,01JZ0FG2YZPED3HYBNBF60BYJD,2025-06-30T13:16:55.096578056Z
01JZ0FRYHBPD168MMR8FFN3Q84,01JZ0F67X5J6SBR3095JZ2KKHQ,2025-06-30T13:17:41.291153335Z,01JZ0F67ZJJG6P50PFSVWKXYA5,2025-06-30T13:17:41.291153335Z,01JZ0FC4XKNHNZF8W9T4WA3XB0,2025-06-30T13:17:41.291153335Z,01JZ0FHJQ6GWV3TAVSHME3WGHN,2025-06-30T13:17:41.291153335Z,01JZ0FHJV7ZZD2TA9N2MMMMF3P,2025-06-30T13:17:41.291153335Z
01JZ0FYHJ046983E2T1T33P8QM,01JZ0F67X5J6SBR3095JZ2KKHQ,2025-06-30T13:20:44.608136013Z,01JZ0F67ZNGQ7M2D3G364WEKWP,2025-06-30T13:20:44.608136013Z,01JZ0FBEPD11FSJRWKH4M5M5EZ,2025-06-30T13:20:44.608136013Z,01JZ0FPGB2RBFHA2C330T8B79V,2025-06-30T13:20:44.608136013Z,01JZ0FPGN1B4FQ01WXZBS6S5D9,2025-06-30T13:20:44.608136013Z
01JZ0HC1S15EK7Y8EY9XT1KXHS,01JZ0H1K4AG17CS34Z9G9MQYDS,2025-06-30T13:45:35.777480466Z,01JZ0H1K7C3FKHJS5GP9RE7N8D,2025-06-30T13:45:35.777480466Z,01JZ0H4BNVJDAKGEAV3D5Z23CC,2025-06-30T13:45:35.777480466Z,01JZ0HA59FS77DYF0M07SAVR93,2025-06-30T13:45:35.777480466Z,01JZ0HA5CX9Z7G6RBRWH2NAXB6,2025-06-30T13:45:35.777480466Z
01JZ0MDWWS6PMJMY6VCBK5GMM4,01JZ0KZHFC2GEC175ZSKVHYGR2,2025-06-30T14:39:02.041691649Z,01JZ0KZHHH6W8J7M02JDFMAQF5,2025-06-30T14:39:02.041691649Z,01JZ0M5STKY126HRQQPVQ7WSVN,2025-06-30T14:39:02.041691649Z,01JZ0MA57G6F6CZSS6TXQYY4X3,2025-06-30T14:39:02.041691649Z,01JZ0MA5CP269RMSCXAZMV62F9,2025-06-30T14:39:02.041691649Z
01JZ0Q1CYWV7GVXJBV9RG6FE6J,01JZ0PDFE8X2A24VZSJDD0T2BH,2025-06-30T15:24:38.236766056Z,01JZ0PDFFH0EDR9F9CYFN0TQY3,2025-06-30T15:24:38.236766056Z,01JZ0PF2V4RTPDWDRQG4CJRS6D,2025-06-30T15:24:38.236766056Z,01JZ0PVRKCVAZGVD5GK5DEWP0E,2025-06-30T15:24:38.236766056Z,01JZ0PVRV8VQ6JWJ93GT9BV6F7,2025-06-30T15:24:38.236766056Z
01JZ0SSDBX5GHAYC068ZB6G8V9,01JZ0S9G3E1V9Y4W1M8GV3AGA9,2025-06-30T16:12:42.237160193Z,01JZ0S9GBDE95BAEJ35DY3VGC4,2025-06-30T16:12:42.237160193Z,01JZ0SNAX1B595RP7S7B0WD649,2025-06-30T16:12:42.237160193Z,01JZ0SQECM4D5XPER5PREQ6RDB,2025-06-30T16:12:42.237160193Z,01JZ0SQEKJAXEV821HYNHJ7WE2,2025-06-30T16:12:42.237160193Z
01JZ0FJGT9355Z4YGXMM459FY3,01JZ0F67X5J6SBR3095JZ2KKHQ,2025-06-30T13:14:10.633682181Z,01JZ0F67ZMW5MYVAMRDCKET4QV,2025-06-30T13:14:10.633682181Z,01JZ0FAZSM5RWSWDK86JFF6JZ6,2025-06-30T13:14:10.633682181Z,01JZ0FETS8ER9G1DS9D9GHXGJ5,2025-06-30T13:14:10.633682181Z,01JZ0FETTPYV8RFPXT500S0SKN,2025-06-30T13:14:10.633682181Z
01JZ0FSRG29TP7KEXC4K536KP8,01JZ0F67X5J6SBR3095JZ2KKHQ,2025-06-30T13:18:07.874291135Z,01JZ0F67ZC5C7QZPK5TEQ23RT2,2025-06-30T13:18:07.874291135Z,01JZ0FGZ3TEBS93H4SFF5B7S2S,2025-06-30T13:18:07.874291135Z,01JZ0FSQ3NCEXR5QF86N66S7M0,2025-06-30T13:18:07.874291135Z,01JZ0FSQ5H5YWKJGNPH9AKT3QM,2025-06-30T13:18:07.874291135Z
01JZ0HJ6CWD5QG8FZ858H6D666,01JZ0H1K4AG17CS34Z9G9MQYDS,2025-06-30T13:48:57.116254177Z,01JZ0H1K7C3FKHJS5GP9RE7N8D,2025-06-30T13:48:57.116254177Z,01JZ0H6K2HFSCPNFH59C03RZVV,2025-06-30T13:48:57.116254177Z,01JZ0HA5APB28G6NEZYQAGT5DS,2025-06-30T13:48:57.116254177Z,01JZ0HA5J7V84QTJXZVNDRZEH1,2025-06-30T13:48:57.116254177Z
01JZ0RGR5V68RB4MAPEKEHZBZ1,01JZ0R44WS56B1WD5354KYAZ6V,2025-06-30T15:50:29.819883668Z,01JZ0R44YW0T94WKHD2ZAT9VPC,2025-06-30T15:50:29.819883668Z,01JZ0R87RQQ80K7DPTNHVHAFYR,2025-06-30T15:50:29.819883668Z,01JZ0RCZ5WMDRF6E7DKWB3TR0Z,2025-06-30T15:50:29.819883668Z,01JZ0RCZEY2GM308G43WZB43HS,2025-06-30T15:50:29.819883668Z
01JZ0RQDMBC3ZPKZC3ZE5ZQ27H,01JZ0R44WS56B1WD5354KYAZ6V,2025-06-30T15:54:08.395789118Z,01JZ0R450M24K8ZS9F18EDTFG6,2025-06-30T15:54:08.395789118Z,01JZ0R7JRQCNM0P6EPHSR9C03P,2025-06-30T15:54:08.395789118Z,01JZ0RFVCVWSQKJQ7W948JHH3V,2025-06-30T15:54:08.395789118Z,01JZ0RFVQT5PCAZKWXGH0RD42S,2025-06-30T15:54:08.395789118Z
01JZ0SVHD6K9ACF01VVKVPYW8J,01JZ0S9G3E1V9Y4W1M8GV3AGA9,2025-06-30T16:13:51.910443346Z,01JZ0S9G72AZ3MF9HASHX1PW43,2025-06-30T16:13:51.910443346Z,01JZ0SFH3A34EW308H72QP6WNN,2025-06-30T16:13:51.910443346Z,01JZ0SSF5TTEGA4KE9KCX2D069,2025-06-30T16:13:51.910443346Z,01JZ0SSFBKBM785PYNTX6BTW25,2025-06-30T16:13:51.910443346Z
01JZ0FJ5RWXVHD623323ZX928H,01JZ0F67X5J6SBR3095JZ2KKHQ,2025-06-30T13:13:59.324351431Z,01JZ0F6805RKXP4JKMN5N89R8W,2025-06-30T13:13:59.324351431Z,01JZ0FB7Q8CPCSMQA1PGA0EPYG,2025-06-30T13:13:59.324351431Z,01JZ0FEFHXWJDW412MQGZ1YMFV,2025-06-30T13:13:59.324351431Z,01JZ0FEFKGYDME9EBGC4MA1A0E,2025-06-30T13:13:59.324351431Z
01JZ0K1T5GA06NGE7V7E5BFD5P,01JZ0JJRG62BDVPN4H0KJ2XPWK,2025-06-30T14:14:57.456475446Z,01JZ0JJRMQ32S1DDP8PZN3RKEA,2025-06-30T14:14:57.456475446Z,01JZ0JNFFC7EQBWHX80ZDTKTSW,2025-06-30T14:14:57.456475446Z,01JZ0JSS81X5CC670C1ANK4RPK,2025-06-30T14:14:57.456475446Z,01JZ0JSSDC0HRNT5M54134XJAC,2025-06-30T14:14:57.456475446Z
01JZ0K4APCHNEKK4QZG5W4PRXV,01JZ0JJRG62BDVPN4H0KJ2XPWK,2025-06-30T14:16:19.916877885Z,01JZ0JJRKVJXBJGVYTJ6TBMBFM,2025-06-30T14:16:19.916877885Z,01JZ0JN9702Q6F60B6DGZMFR8D,2025-06-30T14:16:19.916877885Z,01JZ0JW9GP4E6S48S0QQWC18YS,2025-06-30T14:16:19.916877885Z,01JZ0JW9P8QTKHS5TNYPXNDT68,2025-06-30T14:16:19.916877885Z
01JZ0K6NAB0SGPJR1CEH0FRGNQ,01JZ0JJRG62BDVPN4H0KJ2XPWK,2025-06-30T14:17:36.331338499Z,01JZ0JJRMFBKARHHQY8ZXKDX2Q,2025-06-30T14:17:36.331338499Z,01JZ0K0JEP4CRAAHS8HKT1FSBP,2025-06-30T14:17:36.331338499Z,01JZ0K2YERTFQAJEQ3WTQCHG83,2025-06-30T14:17:36.331338499Z,01JZ0K2YHF3CW1PRPH7XT6X3MW,2025-06-30T14:17:36.331338499Z
01JZ0MFEEXB4KDKWAMY0P1BDC7,01JZ0KZHFC2GEC175ZSKVHYGR2,2025-06-30T14:39:52.797865661Z,01JZ0KZHGXZ28TMC40NC90GVYX,2025-06-30T14:39:52.797865661Z,01JZ0M51W4TR1XT98HK5JRZZMZ,2025-06-30T14:39:52.797865661Z,01JZ0M9WSQ9DM8WT39RMXP13EB,2025-06-30T14:39:52.797865661Z,01JZ0M9WXFR1P2FGPYN4BYN34C,2025-06-30T14:39:52.797865661Z
01JZ0SS278BWKF67RHVM9XBA5M,01JZ0S9G3E1V9Y4W1M8GV3AGA9,2025-06-30T16:12:30.824881722Z,01JZ0S9G69Y1BMBR3KZBCDH0XZ,2025-06-30T16:12:30.824881722Z,01JZ0SJJTJT1R8CXNS1AZ1Y0R9,2025-06-30T16:12:30.824881722Z,01JZ0SN4RKR0FK21YDZFG99ED0,2025-06-30T16:12:30.824881722Z,01JZ0SN5CH2Z5V6Q7MGZ1FH50J,2025-06-30T16:12:30.824881722Z
01JZ0TS4YX18REAPC86ZQ3CPEG,01JZ0T594M7DT83RJMYEJDT186,2025-06-30T16:30:02.20593813Z,01JZ0T59780CP4Z1F2CEHFDNAC,2025-06-30T16:30:02.20593813Z,01JZ0T8PDXGTH6126KNQYQ7G1B,2025-06-30T16:30:02.20593813Z,01JZ0TGXDPTSYQ41GE8NZP8MSC,2025-06-30T16:30:02.20593813Z,01JZ0TGXTBKKGXB6YWKCZYWHWX,2025-06-30T16:30:02.20593813Z
01JZ0VHQGMQ4Q23CVPA7EZHJP7,01JZ0TXM4HA3Q8P6D6TPYYS7R3,2025-06-30T16:43:27.636258145Z,01JZ0TXMB9EHVXHHHV3J3SQY3A,2025-06-30T16:43:27.636258145Z,01JZ0V1ERYHDJ60FHKM6DYYBBC,2025-06-30T16:43:27.636258145Z,01JZ0VC1S39MS0B0H13TGRSYRF,2025-06-30T16:43:27.636258145Z,01JZ0VC25FKFRXHJBWRFR8MKCM,2025-06-30T16:43:27.636258145Z
01JZ0FN8497SYW5DB10Y95J8SX,01JZ0F67X5J6SBR3095JZ2KKHQ,2025-06-30T13:15:40.041693773Z,01JZ0F67Z61XNM528ZD36RPYGY,2025-06-30T13:15:40.041693773Z,01JZ0FB172KNS8VTXE4YCY4S30,2025-06-30T13:15:40.041693773Z,01JZ0FHHX23ZVHNKQQRRSX500X,2025-06-30T13:15:40.041693773Z,01JZ0FHJ02MHQZPHMZ7ZXH6X24,2025-06-30T13:15:40.041693773Z
01JZ0G2NE8CAWTMFCRRM147A5F,01JZ0F67X5J6SBR3095JZ2KKHQ,2025-06-30T13:22:59.656549498Z,01JZ0F67Z9QH00F8GAYATW0H4D,2025-06-30T13:22:59.656549498Z,01JZ0FH8ME21HSJEQV93FGWS4V,2025-06-30T13:22:59.656549498Z,01JZ0FTXWA5766AFHFARB84PC3,2025-06-30T13:22:59.656549498Z,01JZ0FTY28T1H8QXMA913A3GFP,2025-06-30T13:22:59.656549498Z
01JZ0HC69M6XCTS7S5GSGVTGD6,01JZ0H1K4AG17CS34Z9G9MQYDS,2025-06-30T13:45:40.404586407Z,01JZ0H1K7FV78W73P31JXQYTKA,2025-06-30T13:45:40.404586407Z,01JZ0H6Y8GZX8H152JRBMCSD5G,2025-06-30T13:45:40.404586407Z,01JZ0HC58QFJEJ8VBWDVYV73JX,2025-06-30T13:45:40.404586407Z,01JZ0HC5AD0NNJETZEAHVDA71P,2025-06-30T13:45:40.404586407Z
01JZ0HJJ5CWJ7ZG91PAWPY7Y8H,01JZ0H1K4AG17CS34Z9G9MQYDS,2025-06-30T13:49:09.164410934Z,01JZ0H1K78HDDW9F2WM1P8VZMN,2025-06-30T13:49:09.164410934Z,01JZ0H45MHCSY2Q70D0QH5HSR8,2025-06-30T13:49:09.164410934Z,01JZ0HAGRY6N8X6N9WN9G5HWSG,2025-06-30T13:49:09.164410934Z,01JZ0HAGXKMY05NP93HW3SP4S7,2025-06-30T13:49:09.164410934Z
01JZ0NNQ5161Q1DPTXWR2DNC10,01JZ0N9PMZHSN31DAQRPMDQCYE,2025-06-30T15:00:46.881865795Z,01JZ0N9PQHD06TCBXAQZTT3H76,2025-06-30T15:00:46.881865795Z,01JZ0NG88M5Q25NCB0XJJ5X4TH,2025-06-30T15:00:46.881865795Z,01JZ0NKT353JX7TDZWFQNH8NHN,2025-06-30T15:00:46.881865795Z,01JZ0NKT71AJ0HAAWPFJFJHFVG,2025-06-30T15:00:46.881865795Z
01JZ0SS1NHEX24PX5128HTQZ7N,01JZ0S9G3E1V9Y4W1M8GV3AGA9,2025-06-30T16:12:30.257669773Z,01JZ0S9G9GQDAYDBEESMGH4RA5,2025-06-30T16:12:30.257669773Z,01JZ0SBEC2RYDPHTJZRV8KRQ54,2025-06-30T16:12:30.257669773Z,01JZ0SQ3C15Q09HYAH12H13T16,2025-06-30T16:12:30.257669773Z,01JZ0SQ3JN543SNRZGH35QNY7Y,2025-06-30T16:12:30.257669773Z
01JZ0TJXVRT5EKQJF9KY4EGQWX,01JZ0T594M7DT83RJMYEJDT186,2025-06-30T16:26:38.328119259Z,01JZ0T59780CP4Z1F2CEHFDNAC,2025-06-30T16:26:38.328119259Z,01JZ0TBCS394KHK4DX6H1Y21KG,2025-06-30T16:26:38.328119259Z,01JZ0TGXAWKWP7D51X7AXHZM1D,2025-06-30T16:26:38.328119259Z,01JZ0TGXJC9KX3P475M2PFTP69,2025-06-30T16:26:38.328119259Z
01JZ0FVKF6KWSCKJ2DK22ZRDWN,01JZ0F67X5J6SBR3095JZ2KKHQ,2025-06-30T13:19:08.262808715Z,01JZ0F67ZC5C7QZPK5TEQ23RT2,2025-06-30T13:19:08.262808715Z,01JZ0FCP4GJ67JPW5DR3EM87QX,2025-06-30T13:19:08.262808715Z,01JZ0FSQ51351EYGBSHM59PBYH,2025-06-30T13:19:08.262808715Z,01JZ0FSQ7KV83BDG9MWWDFWGTJ,2025-06-30T13:19:08.262808715Z
01JZ0K6NAT3GTYHA1A1G4X3MS1,01JZ0JJRG62BDVPN4H0KJ2XPWK,2025-06-30T14:17:36.346504985Z,01JZ0JJRMFBKARHHQY8ZXKDX2Q,2025-06-30T14:17:36.346504985Z,01JZ0JQGZSJTMNWN83V0DRTF9B,2025-06-30T14:17:36.346504985Z,01JZ0K2YERTFQAJEQ3WTQCHG83,2025-06-30T14:17:36.346504985Z,01JZ0K2YHF3CW1PRPH7XT6X3MW,2025-06-30T14:17:36.346504985Z
01JZ0FJ5E69YMS2HQDZ82Z8NHK,01JZ0F67X5J6SBR3095JZ2KKHQ,2025-06-30T13:13:58.985485274Z,01JZ0F67ZPF4121D8VQV580KT1,2025-06-30T13:13:58.985485274Z,01JZ0FAETV0DGAJW6J3NP3S5YD,2025-06-30T13:13:58.985485274Z,01JZ0FG9XR3ADT6FD51B6EJHQB,2025-06-30T13:13:58.985485274Z,01JZ0FG9YWWG2VWZMQ1Q9RCDGB,2025-06-30T13:13:58.985485274Z
01JZ0PB9VFYMFV6EHSEDQ21TWF,01JZ0NSN7EKS122Z238A4PF66D,2025-06-30T15:12:34.159200845Z,01JZ0NSNAYA5ZEAQVB789Y1XW2,2025-06-30T15:12:34.159200845Z,01JZ0NZBZKHKXTZYA0WX3Y2FFW,2025-06-30T15:12:34.159200845Z,01JZ0PB8CMVAWA24GJAJ3TEEVT,2025-06-30T15:12:34.159200845Z,01JZ0PB8ENEC1792JZB5SJ8VDM,2025-06-30T15:12:34.159200845Z
01JZ0QG4FSQ9QAXSPZTS8CDYYT,01JZ0Q0CTMMAVY329HW6Z84SYY,2025-06-30T15:32:41.081707867Z,01JZ0Q0CWNKJYDS4SW61Q7VTQN,2025-06-30T15:32:41.081707867Z,01JZ0Q1P5DS31PBEBVW5ZRAMYJ,2025-06-30T15:32:41.081707867Z,01JZ0Q80Y65Z75Z95MDYNNHM0T,2025-06-30T15:32:41.081707867Z,01JZ0Q817CP0Z0998GVVV95167,2025-06-30T15:32:41.081707867Z
01JZ0SP76BVDF9W6NH3KR2G69Y,01JZ0S9G3E1V9Y4W1M8GV3AGA9,2025-06-30T16:10:57.611687901Z,01JZ0S9G7VJHRZZRV1KXAXAXSY,2025-06-30T16:10:57.611687901Z,01JZ0SG74N5JZ3XSFK40RQAATP,2025-06-30T16:10:57.611687901Z,01JZ0SP4A04XPV6N27S5YJ1WSZ,2025-06-30T16:10:57.611687901Z,01JZ0SP4HR50WP99GXDS4YC9FK,2025-06-30T16:10:57.611687901Z
01JZ0SSNN2VZ6D5P5KJE5A2SVT,01JZ0S9G3E1V9Y4W1M8GV3AGA9,2025-06-30T16:12:50.722835393Z,01JZ0S9GD9MABT2H3JKQDC0TB1,2025-06-30T16:12:50.722835393Z,01JZ0SPQA7VEEQ0Q5DK9RZENSP,2025-06-30T16:12:50.722835393Z,01JZ0SSFZFDFRVNM767XKCVHHQ,2025-06-30T16:12:50.722835393Z,01JZ0SSG700K09SSWFB5XJHPJ2,2025-06-30T16:12:50.722835393Z
01JZ0T6TFZK85RGABVAMEA4QMP,01JZ0S9G3E1V9Y4W1M8GV3AGA9,2025-06-30T16:20:01.66324259Z,01JZ0S9G8MSQJNW9QDDX82T8EZ,2025-06-30T16:20:01.66324259Z,01JZ0SQN0MATNWGY38TW5RFDS2,2025-06-30T16:20:01.66324259Z,01JZ0T2Z776H5NYH3952M90NE0,2025-06-30T16:20:01.66324259Z,01JZ0T2ZGDPH2GRZSCAH1EZ3W6,2025-06-30T16:20:01.66324259Z
01JZ0FJ7MMT59JKHS16TM3GV4R,01JZ0F67X5J6SBR3095JZ2KKHQ,2025-06-30T13:14:01.236812995Z,01JZ0F67Z228X9RHKVM8F1277D,2025-06-30T13:14:01.236812995Z,01JZ0FB43V6RX3WM4ZEX4SH8M0,2025-06-30T13:14:01.236812995Z,01JZ0FJ6NQX01VQWMRP31DSAN5,2025-06-30T13:14:01.236812995Z,01JZ0FJ6QQAVDHD4CP69ZGJSAH,2025-06-30T13:14:01.236812995Z
01JZ0M8WDXKGFZA46WA11CZK1N,01JZ0KZHFC2GEC175ZSKVHYGR2,2025-06-30T14:36:17.725884133Z,01JZ0KZHGK1V8ZC0AXDBXBYAX9,2025-06-30T14:36:17.725884133Z,01JZ0M1ME27Y1N3FYW0PRRTSM1,2025-06-30T14:36:17.725884133Z,01JZ0M8V6C61XVRFPHS8RWYS7W,2025-06-30T14:36:17.725884133Z,01JZ0M8V88GCFHK9B8ECZFSXDA,2025-06-30T14:36:17.725884133Z
01JZ0QFF8FSZQCM70B1BMH3NH5,01JZ0Q0CTMMAVY329HW6Z84SYY,2025-06-30T15:32:19.343397506Z,01JZ0Q0CX32Y5M8NZMVY0C598C,2025-06-30T15:32:19.343397506Z,01JZ0Q9VF2E3396PSDD6F3ESVG,2025-06-30T15:32:19.343397506Z,01JZ0QDJJNPEJ5YZK89YN764ZV,2025-06-30T15:32:19.343397506Z,01JZ0QDJMX8YN2FJ0XBPVCQTTS,2025-06-30T15:32:19.343397506Z
01JZ0RFT31XFGMZH1VGB6C238T,01JZ0R44WS56B1WD5354KYAZ6V,2025-06-30T15:49:59.009160955Z,01JZ0R450A0M8Q4QC968ZVRS9H,2025-06-30T15:49:59.009160955Z,01JZ0RA66F3FBNJZBRD9WM83NA,2025-06-30T15:49:59.009160955Z,01JZ0RFNNCF6C37TZZ1SEPXCQZ,2025-06-30T15:49:59.009160955Z,01JZ0RFP0PNXGY6BWMTVXKC9HK,2025-06-30T15:49:59.009160955Z
01JZ0RP5CX4P2KKZMJB0F6DE0P,01JZ0R44WS56B1WD5354KYAZ6V,2025-06-30T15:53:27.197957961Z,01JZ0R44ZAP7PYVAMQ60PRQDRH,2025-06-30T15:53:27.197957961Z,01JZ0REQKT4PY43TB41SDFP5R0,2025-06-30T15:53:27.197957961Z,01JZ0RJBMJ9DTWHHQXZG22T28N,2025-06-30T15:53:27.197957961Z,01JZ0RJBV8ENJ54V9KV4K5Q08M,2025-06-30T15:53:27.197957961Z
01JZ0SZ8BZPYJP3W04HX3S8D0T,01JZ0S9G3E1V9Y4W1M8GV3AGA9,2025-06-30T16:15:53.727917428Z,01JZ0S9G9GQDAYDBEESMGH4RA5,2025-06-30T16:15:53.727917428Z,01JZ0SBEC2RYDPHTJZRV8KRQ54,2025-06-30T16:15:53.727917428Z,01JZ0SQ3F4PY9W86VF77JMR5FW,2025-06-30T16:15:53.727917428Z,01JZ0SQ3TE4VMZ1MCYY5WRZ18A,2025-06-30T16:15:53.727917428Z
01JZ0K8B9P1BVC4SPMJ8HDMAKP,01JZ0JJRG62BDVPN4H0KJ2XPWK,2025-06-30T14:18:31.606931563Z,01JZ0JJRM7K0MBX3MKCVTKC5NR,2025-06-30T14:18:31.606931563Z,01JZ0JXWKS0M8W514SAFXDFCXQ,2025-06-30T14:18:31.606931563Z,01JZ0K099NNS02HGWW23F906B5,2025-06-30T14:18:31.606931563Z,01JZ0K09MK8N8E3Q5AQXC6W588,2025-06-30T14:18:31.606931563Z
01JZ0G2ZN3KZVW2ZWR21ASBASE,01JZ0F67X5J6SBR3095JZ2KKHQ,2025-06-30T13:23:10.115360927Z,01JZ0F67Z9QH00F8GAYATW0H4D,2025-06-30T13:23:10.115360927Z,01JZ0FTSPCSJN591W0XFWF8B8Q,2025-06-30T13:23:10.115360927Z,01JZ0FTXY4GX9XAQJYXZ8SGCSN,2025-06-30T13:23:10.115360927Z,01JZ0FTY3JQ2480AB79753QP69,2025-06-30T13:23:10.115360927Z
01JZ0HHWW7W24MZYWEYHV6T11X,01JZ0H1K4AG17CS34Z9G9MQYDS,2025-06-30T13:48:47.367214034Z,01JZ0H1K78HDDW9F2WM1P8VZMN,2025-06-30T13:48:47.367214034Z,01JZ0H3KYQN4X87D14R9JK1FH9,2025-06-30T13:48:47.367214034Z,01JZ0HAGRNTZZ0EQ8G9VK0FZKV,2025-06-30T13:48:47.367214034Z,01JZ0HAGW58B85XJRP1Q9GGJ6N,2025-06-30T13:48:47.367214034Z
01JZ0HHWWY4PY03B5ZWX9220M0,01JZ0H1K4AG17CS34Z9G9MQYDS,2025-06-30T13:48:47.390917764Z,01JZ0H1K78HDDW9F2WM1P8VZMN,2025-06-30T13:48:47.390917764Z,01JZ0H5BHKCTD3T58KE49ABST6,2025-06-30T13:48:47.390917764Z,01JZ0HAGRNTZZ0EQ8G9VK0FZKV,2025-06-30T13:48:47.390917764Z,01JZ0HAGW58B85XJRP1Q9GGJ6N,2025-06-30T13:48:47.390917764Z
01JZ0NVWK4ME71PKKVNENAED3X,01JZ0N9PMZHSN31DAQRPMDQCYE,2025-06-30T15:04:09.060100108Z,01JZ0N9PQHD06TCBXAQZTT3H76,2025-06-30T15:04:09.060100108Z,01JZ0NDAQP6PMG8NAJBA9WP4GZ,2025-06-30T15:04:09.060100108Z,01JZ0NKT3R7EZETXZ3X4SK2H40,2025-06-30T15:04:09.060100108Z,01JZ0NKTAJCNKZNZY27SMZHSYM,2025-06-30T15:04:09.060100108Z
01JZ0Q82NPSMJ9C3718PJQ2R6Y,01JZ0Q0CTMMAVY329HW6Z84SYY,2025-06-30T15:28:17.080616131Z,01JZ0Q0CWNKJYDS4SW61Q7VTQN,2025-06-30T15:28:17.080616131Z,01JZ0Q34G646SES1NVXEJX3VR4,2025-06-30T15:28:17.080616131Z,01JZ0Q80WH6Z691EKVZ6MZS31R,2025-06-30T15:28:17.080616131Z,01JZ0Q80Z9FNHRZNDQBWW2FN8V,2025-06-30T15:28:17.080616131Z
01JZ0RT6KXGJNZF75Q01R7MWC4,01JZ0R44WS56B1WD5354KYAZ6V,2025-06-30T15:55:39.517665569Z,01JZ0R44ZAP7PYVAMQ60PRQDRH,2025-06-30T15:55:39.517665569Z,01JZ0RFSGVV4CF4HS12XY9QNMR,2025-06-30T15:55:39.517665569Z,01JZ0RJBP0RKJT6DGDPRK6EW6F,2025-06-30T15:55:39.517665569Z,01JZ0RJC1Q6QDGBHKJ8X9SWNZ3,2025-06-30T15:55:39.517665569Z
01JZ0SVS0QZXDC5H5SHPWG51RB,01JZ0S9G3E1V9Y4W1M8GV3AGA9,2025-06-30T16:13:59.703363041Z,01JZ0S9G7VJHRZZRV1KXAXAXSY,2025-06-30T16:13:59.703363041Z,01JZ0SHSYCA0N91MC48RJ4Q13V,2025-06-30T16:13:59.703363041Z,01JZ0SP48F3VDFFJ0GMG3AQPDM,2025-06-30T16:13:59.703363041Z,01JZ0SP4NN2MFH79TTREKW3RP5,2025-06-30T16:13:59.703363041Z
01JZ0FKTEPQ73M2MP2KXS0VC6P,01JZ0F67X5J6SBR3095JZ2KKHQ,2025-06-30T13:14:53.270918863Z,01JZ0F67Z745P2890BJ7Q88E3R,2025-06-30T13:14:53.270918863Z,01JZ0FAZKMC53M0H38X162NKWX,2025-06-30T13:14:53.270918863Z,01JZ0FHYT9MR26XHFRG86H7E34,2025-06-30T13:14:53.270918863Z,01JZ0FHYVK77GVMYV13V3F359H,2025-06-30T13:14:53.270918863Z
01JZ0SYYYTZ0VTJB6E7C3TBX60,01JZ0S9G3E1V9Y4W1M8GV3AGA9,2025-06-30T16:15:44.090938627Z,01JZ0S9GBDE95BAEJ35DY3VGC4,2025-06-30T16:15:44.090938627Z,01JZ0SA8WBZCVQVD20ETSR9KH4,2025-06-30T16:15:44.090938627Z,01JZ0SQEDMCRC0SE3ZVA9VRSZR,2025-06-30T16:15:44.090938627Z,01JZ0SQEQ0KCNG93ZTV2FW9MYQ,2025-06-30T16:15:44.090938627Z
01JZ0T6TCWQR9MH7Q3TWKRSD5A,01JZ0S9G3E1V9Y4W1M8GV3AGA9,2025-06-30T16:20:01.564869699Z,01JZ0S9G8MSQJNW9QDDX82T8EZ,2025-06-30T16:20:01.564869699Z,01JZ0SKJNFRFYTYMMSB3A2M8JB,2025-06-30T16:20:01.564869699Z,01JZ0T2Z776H5NYH3952M90NE0,2025-06-30T16:20:01.564869699Z,01JZ0T2ZGDPH2GRZSCAH1EZ3W6,2025-06-30T16:20:01.564869699Z
01JZ0SX33BA4FD5P0FCGAHG0SN,01JZ0S9G3E1V9Y4W1M8GV3AGA9,2025-06-30T16:14:42.795134287Z,01JZ0S9G69Y1BMBR3KZBCDH0XZ,2025-06-30T16:14:42.795134287Z,01JZ0SAN7S16T6GKYDP9BE4Q9F,2025-06-30T16:14:42.795134287Z,01JZ0SN4Z13DGFMWRG6H5FCFZR,2025-06-30T16:14:42.795134287Z,01JZ0SN62T6N1FSEVAV8CX6341,2025-06-30T16:14:42.795134287Z
01JZ0HNV4F4JQENHNKN1592TPS,01JZ0H1K4AG17CS34Z9G9MQYDS,2025-06-30T13:50:56.655887935Z,01JZ0H1K72P9WWMQFG7ACVRNHM,2025-06-30T13:50:56.655887935Z,01JZ0H8K2CDF6MZFYJA1D8AYDZ,2025-06-30T13:50:56.655887935Z,01JZ0HKZ2G50KS7CBCD3M87YFZ,2025-06-30T13:50:56.655887935Z,01JZ0HKZ4X2P979H6W9H4D7PSC,2025-06-30T13:50:56.655887935Z
01JZ0SWQKM6XEHXHS4YP5M1MRZ,01JZ0S9G3E1V9Y4W1M8GV3AGA9,2025-06-30T16:14:31.028966078Z,01JZ0S9G9GQDAYDBEESMGH4RA5,2025-06-30T16:14:31.028966078Z,01JZ0SH3DAYG35GGGDBNE9NJFV,2025-06-30T16:14:31.028966078Z,01JZ0SQ3C15Q09HYAH12H13T16,2025-06-30T16:14:31.028966078Z,01JZ0SQ3MCX698F8JET3S4DYA4,2025-06-30T16:14:31.028966078Z
01JZ0VGGJHASNZ6NAZFH2RD2HC,01JZ0TXM4HA3Q8P6D6TPYYS7R3,2025-06-30T16:42:47.761508769Z,01JZ0TXM7C18DJWS688K2WH576,2025-06-30T16:42:47.761508769Z,01JZ0V0F9D3P0J9G840CC0A66D,2025-06-30T16:42:47.761508769Z,01JZ0V8ZRXFXD9NNBG2FMZJ7TZ,2025-06-30T16:42:47.761508769Z,01JZ0V904JJZM766VHDEN3KSXA,2025-06-30T16:42:47.761508769Z
01JZ0HJ7RMXQHZAJS93FE5P55J,01JZ0H1K4AG17CS34Z9G9MQYDS,2025-06-30T13:48:58.516054881Z,01JZ0H1K6XDYNJQ07N0KM3P1VX,2025-06-30T13:48:58.516054881Z,01JZ0H9M4DPGN0X41681CC63MX,2025-06-30T13:48:58.516054881Z,01JZ0HJ6K11Z8FWV5RSGTBTV5K,2025-06-30T13:48:58.516054881Z,01JZ0HJ6P468K32NC8V625WG3J,2025-06-30T13:48:58.516054881Z
01JZ0FWT69EMG8DH3528D6DJB7,01JZ0F67X5J6SBR3095JZ2KKHQ,2025-06-30T13:19:47.913400789Z,01JZ0F67Z9QH00F8GAYATW0H4D,2025-06-30T13:19:47.913400789Z,01JZ0FCSB181485J0F119VPBHD,2025-06-30T13:19:47.913400789Z,01JZ0FTXTTSA7KPT3ZKN66DGDE,2025-06-30T13:19:47.913400789Z,01JZ0FTXZXN4AN1H258C86HK5W,2025-06-30T13:19:47.913400789Z
01JZ0HG022PD6D778RTV97Z1G0,01JZ0H1K4AG17CS34Z9G9MQYDS,2025-06-30T13:47:45.090786181Z,01JZ0H1K7A7HBJ5WZC7T99GVBX,2025-06-30T13:47:45.090786181Z,01JZ0H5Q2X0VNQ3KT02G5XT30Y,2025-06-30T13:47:45.090786181Z,01JZ0HAECPB75NSKW408592PHJ,2025-06-30T13:47:45.090786181Z,01JZ0HAEH395D6B5VQGN4GAJ8K,2025-06-30T13:47:45.090786181Z
01JZ0K00NMSQ4KWJ4H7Y8DXKHT,01JZ0JJRG62BDVPN4H0KJ2XPWK,2025-06-30T14:13:58.580882776Z,01JZ0JJRKVJXBJGVYTJ6TBMBFM,2025-06-30T14:13:58.580882776Z,01JZ0JN9702Q6F60B6DGZMFR8D,2025-06-30T14:13:58.580882776Z,01JZ0JW9G1715DA28FHK9V31XS,2025-06-30T14:13:58.580882776Z,01JZ0JW9K9EZD3KQFT0CHYPNWX,2025-06-30T14:13:58.580882776Z
01JZ0QZV9H2179897R5EZQJ4T3,01JZ0QGE33ZWYV7A3256FYEZA6,2025-06-30T15:41:15.953973493Z,01JZ0QGE4MQBM7ZJEFVQMWJX02,2025-06-30T15:41:15.953973493Z,01JZ0PT5KC8Z5R5S27XDY9AR52,2025-06-30T15:41:15.953973493Z,01JZ0QT8D72WY9E0JR27EZFH9M,2025-06-30T15:41:15.953973493Z,01JZ0QT8JN5JZNQK35RJ316HD8,2025-06-30T15:41:15.953973493Z
01JZ0FNPANT3WSYPS9HN618W5K,01JZ0F67X5J6SBR3095JZ2KKHQ,2025-06-30T13:15:54.581676093Z,01JZ0F67Z745P2890BJ7Q88E3R,2025-06-30T13:15:54.581676093Z,01JZ0FAQ5BESSRJ4RCV3JDZV7P,2025-06-30T13:15:54.581676093Z,01JZ0FHYT9MR26XHFRG86H7E34,2025-06-30T13:15:54.581676093Z,01JZ0FHYVNQMTVPP2CJQ2QXTV9,2025-06-30T13:15:54.581676093Z
01JZ0MGQHXDR2MXKF9RVACYK00,01JZ0KZHFC2GEC175ZSKVHYGR2,2025-06-30T14:40:34.877975979Z,01JZ0KZHHC2JQ9380R79DSYF93,2025-06-30T14:40:34.877975979Z,01JZ0M1RQ5A9ERDM9J4QJBC59B,2025-06-30T14:40:34.877975979Z,01JZ0MGP0BR7RSR59YVFT9BBWM,2025-06-30T14:40:34.877975979Z,01JZ0MGP2W9YQKVFWME12ZRKRM,2025-06-30T14:40:34.877975979Z
01JZ0PD4T3KC6JPN7CEWY2AV8J,01JZ0NSN7EKS122Z238A4PF66D,2025-06-30T15:13:34.531194711Z,01JZ0NSNAYA5ZEAQVB789Y1XW2,2025-06-30T15:13:34.531194711Z,01JZ0P3C0GV76R4Z93PBZWXXD7,2025-06-30T15:13:34.531194711Z,01JZ0PB8CZS6M8SVA60NSTSB4W,2025-06-30T15:13:34.531194711Z,01JZ0PB8G159ZN2PJHSS9MHNRV,2025-06-30T15:13:34.531194711Z
01JZ0PYXCHJV32A7F0P892BYB6,01JZ0PDFE8X2A24VZSJDD0T2BH,2025-06-30T15:23:16.753444134Z,01JZ0PDFG0TZHQMJ413RSFKXP4,2025-06-30T15:23:16.753444134Z,01JZ0PFD148NQV3M8890VB1Y1E,2025-06-30T15:23:16.753444134Z,01JZ0PSB8QFHT28EPRTVD2EBFB,2025-06-30T15:23:16.753444134Z,01JZ0PSBD7P8Y6SKYWHEEY4RVY,2025-06-30T15:23:16.753444134Z
01JZ0RJXC238ZETH6SNCMCSEBT,01JZ0R44WS56B1WD5354KYAZ6V,2025-06-30T15:51:40.674722123Z,01JZ0R44ZYB02HBRR2X1W771BR,2025-06-30T15:51:40.674722123Z,01JZ0R650HM6CA46MBYW3JYRJ9,2025-06-30T15:51:40.674722123Z,01JZ0RGZ3DKRXN7JFMF7ZYJ17Q,2025-06-30T15:51:40.674722123Z,01JZ0RGZAC3BM6AJ84177WK36K,2025-06-30T15:51:40.674722123Z
01JZ0RR2W3KZ4H1EX14CM3QV5W,01JZ0R44WS56B1WD5354KYAZ6V,2025-06-30T15:54:30.147793084Z,01JZ0R450M24K8ZS9F18EDTFG6,2025-06-30T15:54:30.147793084Z,01JZ0RBHM6DJSV98KF0MQ35S2E,2025-06-30T15:54:30.147793084Z,01JZ0RFVBFFNRKJT9EHEAYC485,2025-06-30T15:54:30.147793084Z,01JZ0RFVWN170CBGHE0CV24TPX,2025-06-30T15:54:30.147793084Z
01JZ0SR2X7TB4RAH4TMVB1WS67,01JZ0S9G3E1V9Y4W1M8GV3AGA9,2025-06-30T16:11:58.759958372Z,01JZ0S9G7VJHRZZRV1KXAXAXSY,2025-06-30T16:11:58.759958372Z,01JZ0SFEC760TZW065ZBPCGFEK,2025-06-30T16:11:58.759958372Z,01JZ0SP48F3VDFFJ0GMG3AQPDM,2025-06-30T16:11:58.759958372Z,01JZ0SP4M6CB89J2SW0981SPWN,2025-06-30T16:11:58.759958372Z
01JZ0MG825258H9PXY9WT1ZP80,01JZ0KZHFC2GEC175ZSKVHYGR2,2025-06-30T14:40:19.013465571Z,01JZ0KZHGK1V8ZC0AXDBXBYAX9,2025-06-30T14:40:19.013465571Z,01JZ0M1CDMV1DW6G5GC0CGAP7Z,2025-06-30T14:40:19.013465571Z,01JZ0M8V6YAB67PHM4KR0DAV8P,2025-06-30T14:40:19.013465571Z,01JZ0M8VAT1MQG3ZAVCKXSZQHW,2025-06-30T14:40:19.013465571Z
01JZ0HJ8E6G8XZR4EEFV56NDVW,01JZ0H1K4AG17CS34Z9G9MQYDS,2025-06-30T13:48:59.206392306Z,01JZ0H1K7HVYD71R3W6V80C6V1,2025-06-30T13:48:59.206392306Z,01JZ0H3YKDCKC58R863JCARE6G,2025-06-30T13:48:59.206392306Z,01JZ0HAVRZTB7R8WB82KCJKAG0,2025-06-30T13:48:59.206392306Z,01JZ0HAVWA0FZ1NWBPG5ABKGBB,2025-06-30T13:48:59.206392306Z
01JZ0K341VCSQZDBC0JB1WSRA5,01JZ0JJRG62BDVPN4H0KJ2XPWK,2025-06-30T14:15:40.347739675Z,01JZ0JJRKH7XD764W2MEEG7PFH,2025-06-30T14:15:40.347739675Z,01JZ0JRQKJWMM7DD21YR6CR4TA,2025-06-30T14:15:40.347739675Z,01JZ0JZD8STSHTGJ2FBE9QM7PE,2025-06-30T14:15:40.347739675Z,01JZ0JZDAWP1RCEJZFJTSQHKND,2025-06-30T14:15:40.347739675Z
01JZ0PFBSDVJ87CTWD8N9SGM48,01JZ0NSN7EKS122Z238A4PF66D,2025-06-30T15:14:47.213511752Z,01JZ0NSNACQB6FV8GE0XS7JKF9,2025-06-30T15:14:47.213511752Z,01JZ0P111DGX2GYFS2HKPTTG1D,2025-06-30T15:14:47.213511752Z,01JZ0P7YNC23PG2FBXK5EHB1WT,2025-06-30T15:14:47.213511752Z,01JZ0P7YT5HQ2VPHSWBMT2FQ2M,2025-06-30T15:14:47.213511752Z
01JZ0QFSWEYX329XB8WSC31RYW,01JZ0Q0CTMMAVY329HW6Z84SYY,2025-06-30T15:32:30.222930239Z,01JZ0Q0CWNKJYDS4SW61Q7VTQN,2025-06-30T15:32:30.222930239Z,01JZ0Q2NRNYEBA48SPCNZAV9X5,2025-06-30T15:32:30.222930239Z,01JZ0Q80YHG4MHW8DMRKNRWY2W,2025-06-30T15:32:30.222930239Z,01JZ0Q815CN9R996SBP6VT9MY7,2025-06-30T15:32:30.222930239Z
01JZ0VE1G2HMR9SK303QSJWGGG,01JZ0TXM4HA3Q8P6D6TPYYS7R3,2025-06-30T16:41:26.786679433Z,01JZ0TXM9G1YQW4PKWAZEHBP4X,2025-06-30T16:41:26.786679433Z,01JZ0V898AG8ABR4XHNVSDEQYC,2025-06-30T16:41:26.786679433Z,01JZ0VA38AG5CMBPK3H4ZDH1EB,2025-06-30T16:41:26.786679433Z,01JZ0VA3F5J85D0E17NTT6GA3D,2025-06-30T16:41:26.786679433Z
01JZ0FV6JF67ZR9WT9PSXHTSSA,01JZ0F67X5J6SBR3095JZ2KKHQ,2025-06-30T13:18:55.055475536Z,01JZ0F67Z9QH00F8GAXY086HB5,2025-06-30T13:18:55.055475536Z,01JZ0FEZVY7EN4RKAZNT5R1EZ5,2025-06-30T13:18:55.055475536Z,01JZ0FNMHABMQMJJE7Y0M736G4,2025-06-30T13:18:55.055475536Z,01JZ0FNMNCSWMW95D3YN10V1NE,2025-06-30T13:18:55.055475536Z
01JZ0K2MNWQQG77590M4EPAVRQ,01JZ0JJRG62BDVPN4H0KJ2XPWK,2025-06-30T14:15:24.604906577Z,01JZ0JJRK7MTN7FAC1224V82KC,2025-06-30T14:15:24.604906577Z,01JZ0JP3H5ZBY270NSRJET22GY,2025-06-30T14:15:24.604906577Z,01JZ0JYWVCPFC72SM7P2B0329V,2025-06-30T14:15:24.604906577Z,01JZ0JYX1PFCYQE7JJWSSH8D3P,2025-06-30T14:15:24.604906577Z
01JZ0MCJ4ZB3CAM51NNF9W61PF,01JZ0KZHFC2GEC175ZSKVHYGR2,2025-06-30T14:38:18.271679753Z,01JZ0KZHGK1V8ZC0AXDBXBYAX9,2025-06-30T14:38:18.271679753Z,01JZ0M27NCTFHR6EHR14Y9BMJS,2025-06-30T14:38:18.271679753Z,01JZ0M8V6QTQ2XMY7H3K1D6P3H,2025-06-30T14:38:18.271679753Z,01JZ0M8V9JM76WM0YQ4FYK6VVS,2025-06-30T14:38:18.271679753Z
01JZ0PD4TC615AW486JG1F7JAN,01JZ0NSN7EKS122Z238A4PF66D,2025-06-30T15:13:34.540315117Z,01JZ0NSNAYA5ZEAQVB789Y1XW2,2025-06-30T15:13:34.540315117Z,01JZ0NZBZKHKXTZYA0WX3Y2FFW,2025-06-30T15:13:34.540315117Z,01JZ0PB8CZS6M8SVA60NSTSB4W,2025-06-30T15:13:34.540315117Z,01JZ0PB8G159ZN2PJHSS9MHNRV,2025-06-30T15:13:34.540315117Z
01JZ0RRET1SB1848BR3KPV8634,01JZ0R44WS56B1WD5354KYAZ6V,2025-06-30T15:54:42.369269816Z,01JZ0R44ZYB02HBRR2X1W771BR,2025-06-30T15:54:42.369269816Z,01JZ0R9PQ4K46J5WAZEFCASF2D,2025-06-30T15:54:42.369269816Z,01JZ0RGZ41HVKXEBX2TYNXK9ZD,2025-06-30T15:54:42.369269816Z,01JZ0RGZFCVQJE7DMSZG1C6FQM,2025-06-30T15:54:42.369269816Z
01JZ0SWRQ6RPAC77XPHFYEE53E,01JZ0S9G3E1V9Y4W1M8GV3AGA9,2025-06-30T16:14:32.166903885Z,01JZ0S9G69Y1BMBR3KZBCDH0XZ,2025-06-30T16:14:32.166903885Z,01JZ0SB1E093BDHM4PAT7BRTVC,2025-06-30T16:14:32.166903885Z,01JZ0SN4WX49FYA3BQ47HSYF17,2025-06-30T16:14:32.166903885Z,01JZ0SN5PVCQW1E8JZ6SKH587R,2025-06-30T16:14:32.166903885Z
01JZ0FNPCPSM6P0667VCK801ZV,01JZ0F67X5J6SBR3095JZ2KKHQ,2025-06-30T13:15:54.646419186Z,01JZ0F67Z745P2890BJ7Q88E3R,2025-06-30T13:15:54.646419186Z,01JZ0FAZKMC53M0H38X162NKWX,2025-06-30T13:15:54.646419186Z,01JZ0FHYT9MR26XHFRG86H7E34,2025-06-30T13:15:54.646419186Z,01JZ0FHYVNQMTVPP2CJQ2QXTV9,2025-06-30T13:15:54.646419186Z
01JZ0SQ71CCQWMJST16X6SFJV9,01JZ0S9G3E1V9Y4W1M8GV3AGA9,2025-06-30T16:11:30.220468938Z,01JZ0S9G69Y1BMBR3KZBCDH0XZ,2025-06-30T16:11:30.220468938Z,01JZ0SH0EC9KQV6Q30W20S8FQ8,2025-06-30T16:11:30.220468938Z,01JZ0SN4RKR0FK21YDZFG99ED0,2025-06-30T16:11:30.220468938Z,01JZ0SN5AP1JHK5HQF6BX6GR4C,2025-06-30T16:11:30.220468938Z
01JZ0K6ABVZFX0FDBYJ5D9ZQC0,01JZ0JJRG62BDVPN4H0KJ2XPWK,2025-06-30T14:17:25.115503962Z,01JZ0JJRK7MTN7FAC1224V82KC,2025-06-30T14:17:25.115503962Z,01JZ0JRSFTK3MVKWF6KJBEKR0E,2025-06-30T14:17:25.115503962Z,01JZ0JYWXE4Z0C49B2GAEXWPG4,2025-06-30T14:17:25.115503962Z,01JZ0JYX3R6DMCAQBCP3MHRP3T,2025-06-30T14:17:25.115503962Z
01JZ0K73X6GSBCW4V1BAKMQJ2R,01JZ0JJRG62BDVPN4H0KJ2XPWK,2025-06-30T14:17:51.270088813Z,01JZ0JJRKH7XD764W2MEEG7PFH,2025-06-30T14:17:51.270088813Z,01JZ0JRQKJWMM7DD21YR6CR4TA,2025-06-30T14:17:51.270088813Z,01JZ0JZD89HTD2CCP2TGR5JKX2,2025-06-30T14:17:51.270088813Z,01JZ0JZDD0KBWZKE6QE31DY4PG,2025-06-30T14:17:51.270088813Z
01JZ0RHBV9YEC9JAXV5C5NJQ3M,01JZ0R44WS56B1WD5354KYAZ6V,2025-06-30T15:50:49.96191404Z,01JZ0R44YD4TQ1QQVW9H1W0WBF,2025-06-30T15:50:49.96191404Z,01JZ0R9GRQ3PA7HCKR9SBRDB26,2025-06-30T15:50:49.96191404Z,01JZ0RDJ2QCC6HCJTXVC1C06TR,2025-06-30T15:50:49.96191404Z,01JZ0RDJM25BZH2YGY0HJ1XJB1,2025-06-30T15:50:49.96191404Z
01JZ0RMSQ7BH1FYZT1ZRZG71RY,01JZ0R44WS56B1WD5354KYAZ6V,2025-06-30T15:52:42.471847543Z,01JZ0R44YW0T94WKHD2ZAT9VPC,2025-06-30T15:52:42.471847543Z,01JZ0R87RQQ80K7DPTNHVHAFYR,2025-06-30T15:52:42.471847543Z,01JZ0RCZ78YWDGP623DZ54C3B3,2025-06-30T15:52:42.471847543Z,01JZ0RCZM35YRZ8JZT8CAHMG92,2025-06-30T15:52:42.471847543Z
01JZ0RNFKRSKA6WMNMFMZY701D,01JZ0R44WS56B1WD5354KYAZ6V,2025-06-30T15:53:04.888191987Z,01JZ0R44YD4TQ1QQVW9H1W0WBF,2025-06-30T15:53:04.888191987Z,01JZ0R657BB3E0BHJE1YNP9JA7,2025-06-30T15:53:04.888191987Z,01JZ0RDJ48J6R7M6PCV2Y06QPR,2025-06-30T15:53:04.888191987Z,01JZ0RDJVTWQMMKHXZD2VSG06N,2025-06-30T15:53:04.888191987Z
01JZ0RREVPWQZHKQFW946C2F2C,01JZ0R44WS56B1WD5354KYAZ6V,2025-06-30T15:54:42.422430294Z,01JZ0R44ZYB02HBRR2X1W771BR,2025-06-30T15:54:42.422430294Z,01JZ0R650HM6CA46MBYW3JYRJ9,2025-06-30T15:54:42.422430294Z,01JZ0RGZ41HVKXEBX2TYNXK9ZD,2025-06-30T15:54:42.422430294Z,01JZ0RGZFCVQJE7DMSZG1C6FQM,2025-06-30T15:54:42.422430294Z
01JZ0SSNDHJRDQ8M3XGM20XAP1,01JZ0S9G3E1V9Y4W1M8GV3AGA9,2025-06-30T16:12:50.48154132Z,01JZ0S9G72AZ3MF9HASHX1PW43,2025-06-30T16:12:50.48154132Z,01JZ0SFH3A34EW308H72QP6WNN,2025-06-30T16:12:50.48154132Z,01JZ0SSF26QZZFDZS5GDY53865,2025-06-30T16:12:50.48154132Z,01JZ0SSF8EHJFWSKCC2DKK1R1Q,2025-06-30T16:12:50.48154132Z
01JZ0HVC13JAVHR91K7XZAYFVX,01JZ0H1K4AG17CS34Z9G9MQYDS,2025-06-30T13:53:57.795733397Z,01JZ0H1K72P9WWMQFG7ACVRNHM,2025-06-30T13:53:57.795733397Z,01JZ0H8JNVPGAV40Z6TWKS3PH3,2025-06-30T13:53:57.795733397Z,01JZ0HKZ29E8N7W3H1PM11VNZX,2025-06-30T13:53:57.795733397Z,01JZ0HKZ6H5ZK4GHV2BMPSZA9Q,2025-06-30T13:53:57.795733397Z
01JZ0TAWYSWX2SRGXCEF41V3XP,01JZ0S9G3E1V9Y4W1M8GV3AGA9,2025-06-30T16:22:15.257874161Z,01JZ0S9G8MSQJNW9QDDX82T8EZ,2025-06-30T16:22:15.257874161Z,01JZ0T2XSJ0AG7V7PM1MRXSRY8,2025-06-30T16:22:15.257874161Z,01JZ0T2Z9DJXQQDN9W9Y1Y0D2X,2025-06-30T16:22:15.257874161Z,01JZ0T2ZPV3MVJCQYMG30GM9C9,2025-06-30T16:22:15.257874161Z
01JZ0FRA02S0CH3WVKJZ97KVV9,01JZ0F67X5J6SBR3095JZ2KKHQ,2025-06-30T13:17:20.258250175Z,01JZ0F67ZPF4121D8VQV580KT1,2025-06-30T13:17:20.258250175Z,01JZ0FCCMZG8VETD8HED6X5G3F,2025-06-30T13:17:20.258250175Z,01JZ0FG9XDZRN3XPZCPT9HKVD6,2025-06-30T13:17:20.258250175Z,01JZ0FGA0MAJ37EVHGX9QJ548V,2025-06-30T13:17:20.258250175Z
01JZ0FX8P41TCCBXNYCXEYETAG,01JZ0F67X5J6SBR3095JZ2KKHQ,2025-06-30T13:20:02.756803898Z,01JZ0F67ZNGQ7M2D3G3M0R8ZTD,2025-06-30T13:20:02.756803898Z,01JZ0FF2AESZYBEQBJZKV45YWJ,2025-06-30T13:20:02.756803898Z,01JZ0FNH5RFAQH4BE8QPA9KQ5S,2025-06-30T13:20:02.756803898Z,01JZ0FNH9AKCN2MMZMWC8MBTT0,2025-06-30T13:20:02.756803898Z
01JZ0HC1SM99YNYP9BWX5Z4DXN,01JZ0H1K4AG17CS34Z9G9MQYDS,2025-06-30T13:45:35.796165266Z,01JZ0H1K7C3FKHJS5GP9RE7N8D,2025-06-30T13:45:35.796165266Z,01JZ0H4A3NXPTV7JEQMX36WWX4,2025-06-30T13:45:35.796165266Z,01JZ0HA59FS77DYF0M07SAVR93,2025-06-30T13:45:35.796165266Z,01JZ0HA5CX9Z7G6RBRWH2NAXB6,2025-06-30T13:45:35.796165266Z
01JZ0NVWHAAPR70NDEKP7TKZVG,01JZ0N9PMZHSN31DAQRPMDQCYE,2025-06-30T15:04:09.002643117Z,01JZ0N9PQHD06TCBXAQZTT3H76,2025-06-30T15:04:09.002643117Z,01JZ0NGFD8Q625CBVC4SGN58J1,2025-06-30T15:04:09.002643117Z,01JZ0NKT3R7EZETXZ3X4SK2H40,2025-06-30T15:04:09.002643117Z,01JZ0NKTAJCNKZNZY27SMZHSYM,2025-06-30T15:04:09.002643117Z
01JZ0PC1KJK906DBV16Q69Q8X1,01JZ0NSN7EKS122Z238A4PF66D,2025-06-30T15:12:58.4829835Z,01JZ0NSNC1W3B8HBKV7A156B13,2025-06-30T15:12:58.4829835Z,01JZ0P0EBY7VSQYSD3AZX9YSX7,2025-06-30T15:12:58.4829835Z,01JZ0P49CNEX4XX07TQK7X10ZW,2025-06-30T15:12:58.4829835Z,01JZ0P49WEV605HBY9ETV54ZTE,2025-06-30T15:12:58.4829835Z
01JZ0FNTWTJFKSV1QMAFM0J36E,01JZ0F67X5J6SBR3095JZ2KKHQ,2025-06-30T13:15:59.258523745Z,01JZ0F67ZPF4121D8VQV580KT1,2025-06-30T13:15:59.258523745Z,01JZ0FADPYVS6C84HJSS2FEBTD,2025-06-30T13:15:59.258523745Z,01JZ0FG9XR3ADT6FD51B6EJHQB,2025-06-30T13:15:59.258523745Z,01JZ0FG9Z2DZDGC60HDDV09A4A,2025-06-30T13:15:59.258523745Z
01JZ0HH4H7E91R24AQDPWZEPX2,01JZ0H1K4AG17CS34Z9G9MQYDS,2025-06-30T13:48:22.439521848Z,01JZ0H1K706F68YJ8PB50DJAH3,2025-06-30T13:48:22.439521848Z,01JZ0H4A5D7C5PF70PNDKFAY5N,2025-06-30T13:48:22.439521848Z,01JZ0HDDQ1TQC05SZV1MP12GS4,2025-06-30T13:48:22.439521848Z,01JZ0HDDSFZBZK7AXDGPTGJQ25,2025-06-30T13:48:22.439521848Z
01JZ0HJF7R1FVED0ZKR4NPDS1J,01JZ0H1K4AG17CS34Z9G9MQYDS,2025-06-30T13:49:06.168920815Z,01JZ0H1K7A7HBJ5WZC7T99GVBX,2025-06-30T13:49:06.168920815Z,01JZ0H377YER8042T2NRG3D1V1,2025-06-30T13:49:06.168920815Z,01JZ0HAEE7JP7PN26K0A2GQAYB,2025-06-30T13:49:06.168920815Z,01JZ0HAEKGW7T5R24W60CW13H7,2025-06-30T13:49:06.168920815Z
01JZ0HM09C8Q4XFK7G3V6AMQMX,01JZ0H1K4AG17CS34Z9G9MQYDS,2025-06-30T13:49:56.396637749Z,01JZ0H1K72P9WWMQFG7ACVRNHM,2025-06-30T13:49:56.396637749Z,01JZ0HFMYKSMAV2RS6KF5GZ9M7,2025-06-30T13:49:56.396637749Z,01JZ0HKZ3D61ECPKE25B0BSXEN,2025-06-30T13:49:56.396637749Z,01JZ0HKZ3TGA8Z5WQDDTNEW16T,2025-06-30T13:49:56.396637749Z
01JZ0NS2MK2CS9PE8S965B52T2,01JZ0N9PMZHSN31DAQRPMDQCYE,2025-06-30T15:02:36.947686324Z,01JZ0N9PPX2EBNCBEJCH5EHX43,2025-06-30T15:02:36.947686324Z,01JZ0NG12FZE181X2TCG6QQA6Y,2025-06-30T15:02:36.947686324Z,01JZ0NQ6AS26ETG3TZPNN36FTM,2025-06-30T15:02:36.947686324Z,01JZ0NQ6DCZY0JXK2TXA8YYT5B,2025-06-30T15:02:36.947686324Z
01JZ0Q9XN37J4FHBVJWHAJHN3H,01JZ0Q0CTMMAVY329HW6Z84SYY,2025-06-30T15:29:17.476013752Z,01JZ0Q0CWNKJYDS4SW61Q7VTQN,2025-06-30T15:29:17.476013752Z,01JZ0Q1P5DS31PBEBVW5ZRAMYJ,2025-06-30T15:29:17.476013752Z,01JZ0Q80XG0NQQZWZ0ZS4K2WB4,2025-06-30T15:29:17.476013752Z,01JZ0Q8112K27NTWSCXYW8ZS8G,2025-06-30T15:29:17.476013752Z
01JZ0FXNTK2CBD2WYEQD75QJ42,01JZ0F67X5J6SBR3095JZ2KKHQ,2025-06-30T13:20:16.211445262Z,01JZ0F67Z9QH00F8GAXY086HB5,2025-06-30T13:20:16.211445262Z,01JZ0FC2JY5XVEAE6VHX2MXJRG,2025-06-30T13:20:16.211445262Z,01JZ0FNMGEWN0TYT8CB4N2HGW2,2025-06-30T13:20:16.211445262Z,01JZ0FNMS7C5RK3GDVW8YVXRV9,2025-06-30T13:20:16.211445262Z
01JZ0FWX6ABXC44YVE0C4PYWN1,01JZ0F67X5J6SBR3095JZ2KKHQ,2025-06-30T13:19:50.986468308Z,01JZ0F67ZBCBNFH7W25EXNBXDS,2025-06-30T13:19:50.986468308Z,01JZ0FBTADG31H10PAMS1NCN0Q,2025-06-30T13:19:50.986468308Z,01JZ0FMTGGV6JJAQHDVZPDJM1T,2025-06-30T13:19:50.986468308Z,01JZ0FMTMGGWPAX1Y51FWG6J6S,2025-06-30T13:19:50.986468308Z
01JZ0MRQ59BSC4ESJTACXFSSAK,01JZ0KZHFC2GEC175ZSKVHYGR2,2025-06-30T14:44:56.61790411Z,01JZ0KZHHC2JQ9380R79DSYF93,2025-06-30T14:44:56.61790411Z,01JZ0M1RQ5A9ERDM9J4QJBC59B,2025-06-30T14:44:56.61790411Z,01JZ0MGP15FSE96N0S4HMPWP30,2025-06-30T14:44:56.61790411Z,01JZ0MGP9HGYG69ZB0R1F9AXKZ,2025-06-30T14:44:56.61790411Z
01JZ0PEZQ54HACE8T04C9TR7Q1,01JZ0NSN7EKS122Z238A4PF66D,2025-06-30T15:14:34.853625115Z,01JZ0NSNAYA5ZEAQVB789Y1XW2,2025-06-30T15:14:34.853625115Z,01JZ0NZBZKHKXTZYA0WX3Y2FFW,2025-06-30T15:14:34.853625115Z,01JZ0PB8CZS6M8SVA60NSTSB4W,2025-06-30T15:14:34.853625115Z,01JZ0PB8GAQ67WW9EPR5YC95SB,2025-06-30T15:14:34.853625115Z
01JZ0SW90RKR3G91W53149BPAW,01JZ0S9G3E1V9Y4W1M8GV3AGA9,2025-06-30T16:14:16.088729573Z,01JZ0S9GCCCNBKT0N3T9B2PH95,2025-06-30T16:14:16.088729573Z,01JZ0SJRGQS35RAYEGQY664F9W,2025-06-30T16:14:16.088729573Z,01JZ0SRFZN1N49MKZCM7JQAT6Y,2025-06-30T16:14:16.088729573Z,01JZ0SRG7EH5WJQEQ9TMP2TMS5,2025-06-30T16:14:16.088729573Z
01JZ0T1G5GCKJBEQQFZ1WX494J,01JZ0S9G3E1V9Y4W1M8GV3AGA9,2025-06-30T16:17:07.248265037Z,01JZ0S9GD9MABT2H3JKQDC0TB1,2025-06-30T16:17:07.248265037Z,01JZ0SHW478ARJ1EFSDZ00THPE,2025-06-30T16:17:07.248265037Z,01JZ0SSG34JT0X3XRW8CEGH08T,2025-06-30T16:17:07.248265037Z,01JZ0SSGGKMNPA168ZKGDDTF18,2025-06-30T16:17:07.248265037Z
01JZ0VGWY27VGM3VBNT7W0VD7A,01JZ0TXM4HA3Q8P6D6TPYYS7R3,2025-06-30T16:43:00.418371114Z,01JZ0TXMAAZJ4VJWA2WTVHG174,2025-06-30T16:43:00.418371114Z,01JZ0V1S612A57R9KJ7DENVWAG,2025-06-30T16:43:00.418371114Z,01JZ0V8M57A2HTCNB7GGX82M4H,2025-06-30T16:43:00.418371114Z,01JZ0V8MQ9HA62RH1TJ2H2Z72K,2025-06-30T16:43:00.418371114Z
01JZ0FQH4965Z2JRKTM0JDXK1C,01JZ0F67X5J6SBR3095JZ2KKHQ,2025-06-30T13:16:54.793166439Z,01JZ0F67Z745P2890BJ7Q88E3R,2025-06-30T13:16:54.793166439Z,01JZ0FAZKMC53M0H38X162NKWX,2025-06-30T13:16:54.793166439Z,01JZ0FHYT9MR26XHFRG86H7E34,2025-06-30T13:16:54.793166439Z,01JZ0FHYVQ2SKG7NVAC6AS69R0,2025-06-30T13:16:54.793166439Z
01JZ0FYMZRTEBJ1HKV84MK4WK3,01JZ0F67X5J6SBR3095JZ2KKHQ,2025-06-30T13:20:48.120773013Z,01JZ0F67Z9QH00F8GAYATW0H4D,2025-06-30T13:20:48.120773013Z,01JZ0FH8ME21HSJEQV93FGWS4V,2025-06-30T13:20:48.120773013Z,01JZ0FTXTTSA7KPT3ZKN66DGDE,2025-06-30T13:20:48.120773013Z,01JZ0FTY03MGJHCEKPX36GV0HC,2025-06-30T13:20:48.120773013Z
01JZ0HQRBW1XNREXNB3P3TE759,01JZ0H1K4AG17CS34Z9G9MQYDS,2025-06-30T13:51:59.35644129Z,01JZ0H1K6XDYNJQ07N0KM3P1VX,2025-06-30T13:51:59.35644129Z,01JZ0HEH4WMXEPRA5Z4S2NQMBH,2025-06-30T13:51:59.35644129Z,01JZ0HJ6JG98XAP0W3RSSFXRZE,2025-06-30T13:51:59.35644129Z,01JZ0HJ6QRK76V4Q94XSRCGS89,2025-06-30T13:51:59.35644129Z
01JZ0STX6JWN7VQZV7WV4V1P2P,01JZ0S9G3E1V9Y4W1M8GV3AGA9,2025-06-30T16:13:31.218415977Z,01JZ0S9G69Y1BMBR3KZBCDH0XZ,2025-06-30T16:13:31.218415977Z,01JZ0SB1E093BDHM4PAT7BRTVC,2025-06-30T16:13:31.218415977Z,01JZ0SN4RKR0FK21YDZFG99ED0,2025-06-30T16:13:31.218415977Z,01JZ0SN5E90BAA2BMM2FK61848,2025-06-30T16:13:31.218415977Z
01JZ0T1DX9WWXJRCE0G8C5399V,01JZ0S9G3E1V9Y4W1M8GV3AGA9,2025-06-30T16:17:04.937516063Z,01JZ0S9G72AZ3MF9HASHX1PW43,2025-06-30T16:17:04.937516063Z,01JZ0SPRDFB0F6D4FXP9707JF1,2025-06-30T16:17:04.937516063Z,01JZ0SSF46G85AVW49YEHA1FMJ,2025-06-30T16:17:04.937516063Z,01JZ0SSFHTMY8WVPXXHFCY9DFQ,2025-06-30T16:17:04.937516063Z
01JZ0VFW8P7H3KP2XC4YVAACQJ,01JZ0TXM4HA3Q8P6D6TPYYS7R3,2025-06-30T16:42:26.966774196Z,01JZ0TXMB9EHVXHHHV3J3SQY3A,2025-06-30T16:42:26.966774196Z,01JZ0TZEA4NSRNAN24CVE4XF3B,2025-06-30T16:42:26.966774196Z,01JZ0VC1S39MS0B0H13TGRSYRF,2025-06-30T16:42:26.966774196Z,01JZ0VC24AYZ7M7KYKFVGT3P50,2025-06-30T16:42:26.966774196Z
01JZ0FRE2ZX292YJ16K5YR3A6N,01JZ0F67X5J6SBR3095JZ2KKHQ,2025-06-30T13:17:24.447080828Z,01JZ0F67ZT8SK3RX0KMQXRZR64,2025-06-30T13:17:24.447080828Z,01JZ0FC8Z9KTZXYEEXV3M9TW6K,2025-06-30T13:17:24.447080828Z,01JZ0FH23BH62X4DWE790J4XPH,2025-06-30T13:17:24.447080828Z,01JZ0FH260NFJ56R0FTKR87728,2025-06-30T13:17:24.447080828Z
01JZ0HKVS0KS5Q1VB0BJGR9R85,01JZ0H1K4AG17CS34Z9G9MQYDS,2025-06-30T13:49:51.776413532Z,01JZ0H1K7FV78W73P31JXQYTKA,2025-06-30T13:49:51.776413532Z,01JZ0H3TRTXRSVBAX9EY6PPX29,2025-06-30T13:49:51.776413532Z,01JZ0HC59EJJQ51Y8HSY95M67R,2025-06-30T13:49:51.776413532Z,01JZ0HC5E3SJJ3PGY99Z74TCG7,2025-06-30T13:49:51.776413532Z
01JZ0MBRWV5ANMVYCQCZRH08CA,01JZ0KZHFC2GEC175ZSKVHYGR2,2025-06-30T14:37:52.411132611Z,01JZ0KZHGXZ28TMC40NC90GVYX,2025-06-30T14:37:52.411132611Z,01JZ0M5MW3G4T4PP7E53EJSCT4,2025-06-30T14:37:52.411132611Z,01JZ0M9WSQ9DM8WT39RMXP13EB,2025-06-30T14:37:52.411132611Z,01JZ0M9WX0K0A5Z0K704BC9JDE,2025-06-30T14:37:52.411132611Z
01JZ0NQ7HJR7ZJH0NJW3SJSGHH,01JZ0N9PMZHSN31DAQRPMDQCYE,2025-06-30T15:01:36.435036275Z,01JZ0N9PPX2EBNCBEJCH5EHX43,2025-06-30T15:01:36.435036275Z,01JZ0NCH65T5YAFMH2EDFYXMCM,2025-06-30T15:01:36.435036275Z,01JZ0NQ6A0SCMGAW0D8G71EQM8,2025-06-30T15:01:36.435036275Z,01JZ0NQ6C2APQ3MD59C76GRXJV,2025-06-30T15:01:36.435036275Z
01JZ0RJEJMYXPQFABBPFNME7MG,01JZ0R44WS56B1WD5354KYAZ6V,2025-06-30T15:51:25.524698066Z,01JZ0R44ZAP7PYVAMQ60PRQDRH,2025-06-30T15:51:25.524698066Z,01JZ0R9NKSZXK437J316D7FC4F,2025-06-30T15:51:25.524698066Z,01JZ0RJBJJD277J3G3HQ49QDSN,2025-06-30T15:51:25.524698066Z,01JZ0RJBR5BN0F46D7MGGRRHZE,2025-06-30T15:51:25.524698066Z
01JZ0SZ8997A5QVNTQMMG5ZY70,01JZ0S9G3E1V9Y4W1M8GV3AGA9,2025-06-30T16:15:53.641339862Z,01JZ0S9G9GQDAYDBEESMGH4RA5,2025-06-30T16:15:53.641339862Z,01JZ0SHD6CSXMHY511T2SVS05J,2025-06-30T16:15:53.641339862Z,01JZ0SQ3F4PY9W86VF77JMR5FW,2025-06-30T16:15:53.641339862Z,01JZ0SQ3TE4VMZ1MCYY5WRZ18A,2025-06-30T16:15:53.641339862Z
01JZ0FZG31MN3BXVFCCXPZYPPK,01JZ0F67X5J6SBR3095JZ2KKHQ,2025-06-30T13:21:15.873533679Z,01JZ0F67Z49S75BR56TBMFCZ55,2025-06-30T13:21:15.873533679Z,01JZ0FFQFYN84KEVXA2V476V6H,2025-06-30T13:21:15.873533679Z,01JZ0FQRW1AKY8KSG8423XZDAV,2025-06-30T13:21:15.873533679Z,01JZ0FQRZWJVMX733ZSKEE7G0G,2025-06-30T13:21:15.873533679Z
01JZ0MGW93ZNQ3P7MDYG8XR1SF,01JZ0KZHFC2GEC175ZSKVHYGR2,2025-06-30T14:40:39.71548443Z,01JZ0KZHGK1V8ZC0AXDBXBYAX9,2025-06-30T14:40:39.71548443Z,01JZ0M3MNV9G8QBABMQR9NRFSY,2025-06-30T14:40:39.71548443Z,01JZ0M8V7PCBYG3QB5C232K5NV,2025-06-30T14:40:39.71548443Z,01JZ0M8VCV3M2XHTTVXNZTVJCN,2025-06-30T14:40:39.71548443Z
01JZ0PG0HW2RQGPY5B0V5QCC73,01JZ0NSN7EKS122Z238A4PF66D,2025-06-30T15:15:08.476344567Z,01JZ0NSNACQB6FV8GE0XS7JKF9,2025-06-30T15:15:08.476344567Z,01JZ0P4V3AHY550K8PMRT3VM5K,2025-06-30T15:15:08.476344567Z,01JZ0P7YP7SFT6YST1RXA150KJ,2025-06-30T15:15:08.476344567Z,01JZ0P7YWKC5S0E0Z41QN5DB90,2025-06-30T15:15:08.476344567Z
01JZ0RN2DSV90BN47MD0G7HN76,01JZ0R44WS56B1WD5354KYAZ6V,2025-06-30T15:52:51.385302048Z,01JZ0R44YD4TQ1QQVW9H1W0WBF,2025-06-30T15:52:51.385302048Z,01JZ0R748N2WK8HNRR37DG296Z,2025-06-30T15:52:51.385302048Z,01JZ0RDJBC3M7VJVVNTZ765VZZ,2025-06-30T15:52:51.385302048Z,01JZ0RDJRRH5SAYZ8MMPTW81CY,2025-06-30T15:52:51.385302048Z
01JZ0RSVVTY394MCGZSED9ZJ4Q,01JZ0R44WS56B1WD5354KYAZ6V,2025-06-30T15:55:28.506502398Z,01JZ0R44ZAP7PYVAMQ60PRQDRH,2025-06-30T15:55:28.506502398Z,01JZ0RFSGVV4CF4HS12XY9QNMR,2025-06-30T15:55:28.506502398Z,01JZ0RJBN6E2M05T50P1ZF4TMN,2025-06-30T15:55:28.506502398Z,01JZ0RJBYQ89CAB99QXF8PEFK5,2025-06-30T15:55:28.506502398Z
01JZ0STE252XCNKRYC5RV6VTXS,01JZ0S9G3E1V9Y4W1M8GV3AGA9,2025-06-30T16:13:15.718030237Z,01JZ0S9GCCCNBKT0N3T9B2PH95,2025-06-30T16:13:15.718030237Z,01JZ0SP12CPDZAZJNKRMES3PT5,2025-06-30T16:13:15.718030237Z,01JZ0SRFZN1N49MKZCM7JQAT6Y,2025-06-30T16:13:15.718030237Z,01JZ0SRG6SPEV961C2A2QJNNEV,2025-06-30T16:13:15.718030237Z
01JZ0FHJM1NR7MC838E8Y5X602,01JZ0F67X5J6SBR3095JZ2KKHQ,2025-06-30T13:13:39.713694686Z,01JZ0F67Z61XNM528ZD36RPYGY,2025-06-30T13:13:39.713694686Z,01JZ0FH3F6YRBD215BZDRB0NFG,2025-06-30T13:13:39.713694686Z,01JZ0FHHXFK5V29KR8E7JSXRQV,2025-06-30T13:13:39.713694686Z,01JZ0FHHYWCJN7E2F4V5DCTC2A,2025-06-30T13:13:39.713694686Z
01JZ0HH4G7WFJJKM38RD9FSWJ5,01JZ0H1K4AG17CS34Z9G9MQYDS,2025-06-30T13:48:22.407370294Z,01JZ0H1K706F68YJ8PB50DJAH3,2025-06-30T13:48:22.407370294Z,01JZ0H6EEFSCJKZ89CKKRRVF40,2025-06-30T13:48:22.407370294Z,01JZ0HDDQ1TQC05SZV1MP12GS4,2025-06-30T13:48:22.407370294Z,01JZ0HDDSFZBZK7AXDGPTGJQ25,2025-06-30T13:48:22.407370294Z
01JZ0HJWN6EFP5A2G79PVDSBND,01JZ0H1K4AG17CS34Z9G9MQYDS,2025-06-30T13:49:19.910671748Z,01JZ0H1K7HVYD71R3W6V80C6V1,2025-06-30T13:49:19.910671748Z,01JZ0H5AXYRKCCAM24KW8RVMWP,2025-06-30T13:49:19.910671748Z,01JZ0HAVSGGJ05CSD8WW5JNDPV,2025-06-30T13:49:19.910671748Z,01JZ0HAVXW79B59Y8FMQKBPQJ9,2025-06-30T13:49:19.910671748Z
01JZ0NTXF9AG8JEVHY4HBAZY43,01JZ0N9PMZHSN31DAQRPMDQCYE,2025-06-30T15:03:37.193644074Z,01JZ0N9PPX2EBNCBEJCH5EHX43,2025-06-30T15:03:37.193644074Z,01JZ0NG35H1QSCVTSKBX9JBBRR,2025-06-30T15:03:37.193644074Z,01JZ0NQ6AS26ETG3TZPNN36FTM,2025-06-30T15:03:37.193644074Z,01JZ0NQ6DK8PFP1WMHFRDN7N1W,2025-06-30T15:03:37.193644074Z
01JZ0RS48HSZ9H4T8NM6J4FGTS,01JZ0R44WS56B1WD5354KYAZ6V,2025-06-30T15:55:04.337229985Z,01JZ0R44ZYB02HBRR2X1W771BR,2025-06-30T15:55:04.337229985Z,01JZ0R6RGZPWYJYV8EDFTMJXPD,2025-06-30T15:55:04.337229985Z,01JZ0RGZ593SRSST6FTS4WNPMA,2025-06-30T15:55:04.337229985Z,01JZ0RGZKN03ERPSP31WJB53CE,2025-06-30T15:55:04.337229985Z
01JZ0RT6Q2QQZPMHR79CVM4TPB,01JZ0R44WS56B1WD5354KYAZ6V,2025-06-30T15:55:39.61886035Z,01JZ0R44ZAP7PYVAMQ60PRQDRH,2025-06-30T15:55:39.61886035Z,01JZ0RE6P0QX4X0JPFQFZG4YVE,2025-06-30T15:55:39.61886035Z,01JZ0RJBP0RKJT6DGDPRK6EW6F,2025-06-30T15:55:39.61886035Z,01JZ0RJC1Q6QDGBHKJ8X9SWNZ3,2025-06-30T15:55:39.61886035Z
01JZ0FP6DV19EYB5XVPXYZZ8SZ,01JZ0F67X5J6SBR3095JZ2KKHQ,2025-06-30T13:16:11.06770804Z,01JZ0F67ZMW5MYVAMRDCKET4QV,2025-06-30T13:16:11.06770804Z,01JZ0FAE5RJ1QVP6VAA70BSQ0P,2025-06-30T13:16:11.06770804Z,01JZ0FETSB3PBM5G2EQ4NJ99Z3,2025-06-30T13:16:11.06770804Z,01JZ0FETV92KY3E6GJ2R794JVJ,2025-06-30T13:16:11.06770804Z
01JZ0FH9VBYBNTN32W3BC0KX95,01JZ0F67X5J6SBR3095JZ2KKHQ,2025-06-30T13:13:30.732048403Z,01JZ0F67ZKKPGDC64ETWQZ69WV,2025-06-30T13:13:30.732048403Z,01JZ0FB7M5V5PNCYP6FWZ38KB1,2025-06-30T13:13:30.732048403Z,01JZ0FFEABFZ5CT87GW8737MVN,2025-06-30T13:13:30.732048403Z,01JZ0FFEC471Z9SD47S8EGXE2B,2025-06-30T13:13:30.732048403Z
01JZ0FPK5E0G7VZ6HRTTNRE59B,01JZ0F67X5J6SBR3095JZ2KKHQ,2025-06-30T13:16:24.110504898Z,01JZ0F67ZT8SK3RX0KMQXRZR64,2025-06-30T13:16:24.110504898Z,01JZ0FBBA1SDVNMEAJN2SN5G9V,2025-06-30T13:16:24.110504898Z,01JZ0FH235VE50PMY57N3YDJG9,2025-06-30T13:16:24.110504898Z,01JZ0FH25ARAD2EE6K413AC2K1,2025-06-30T13:16:24.110504898Z
01JZ0G48FDKFW0PPQX9G163YK1,01JZ0F67X5J6SBR3095JZ2KKHQ,2025-06-30T13:23:51.917945326Z,01JZ0F67Z8B8A42G6Y5XQ0NS83,2025-06-30T13:23:51.917945326Z,01JZ0FAP1PZEAT1MNGGVVPBTCW,2025-06-30T13:23:51.917945326Z,01JZ0FW5ERYWRKT75VNMKFW57X,2025-06-30T13:23:51.917945326Z,01JZ0FW60X3TQ3EH9FYEX0B18G,2025-06-30T13:23:51.917945326Z
01JZ0K6YHN63N6HVBDAKF4115W,01JZ0JJRG62BDVPN4H0KJ2XPWK,2025-06-30T14:17:45.782033924Z,01JZ0JJRK7MTN7FAC1224V82KC,2025-06-30T14:17:45.782033924Z,01JZ0JMJ284T338WEW4N64181B,2025-06-30T14:17:45.782033924Z,01JZ0JYWVTXPY8CS9SR9JSTC6V,2025-06-30T14:17:45.782033924Z,01JZ0JYX6SNECJWP52GNYNHB4Y,2025-06-30T14:17:45.782033924Z
01JZ0NS2MWJ2PCXNDR2EWBF9DJ,01JZ0N9PMZHSN31DAQRPMDQCYE,2025-06-30T15:02:36.957007097Z,01JZ0N9PPX2EBNCBEJCH5EHX43,2025-06-30T15:02:36.957007097Z,01JZ0NQ3C4VN4SR6B2B3YFZF4P,2025-06-30T15:02:36.957007097Z,01JZ0NQ6AS26ETG3TZPNN36FTM,2025-06-30T15:02:36.957007097Z,01JZ0NQ6DCZY0JXK2TXA8YYT5B,2025-06-30T15:02:36.957007097Z
01JZ0RJXCWHXS04YE462PYTZA1,01JZ0R44WS56B1WD5354KYAZ6V,2025-06-30T15:51:40.700947327Z,01JZ0R44ZYB02HBRR2X1W771BR,2025-06-30T15:51:40.700947327Z,01JZ0R6453JERWFMFDN54N72WF,2025-06-30T15:51:40.700947327Z,01JZ0RGZ3DKRXN7JFMF7ZYJ17Q,2025-06-30T15:51:40.700947327Z,01JZ0RGZAC3BM6AJ84177WK36K,2025-06-30T15:51:40.700947327Z
01JZ0SYK06YSKKHTMBTZ0DFSQ0,01JZ0S9G3E1V9Y4W1M8GV3AGA9,2025-06-30T16:15:31.846833067Z,01JZ0S9G9GQDAYDBEESMGH4RA5,2025-06-30T16:15:31.846833067Z,01JZ0SH3DAYG35GGGDBNE9NJFV,2025-06-30T16:15:31.846833067Z,01JZ0SQ3CMRR1TZZF817KETV97,2025-06-30T16:15:31.846833067Z,01JZ0SQ3PD5SBP4KBHG0G8TV26,2025-06-30T16:15:31.846833067Z
01JZ0FGP4AJ2JF6A82GHTKAKNS,01JZ0F67X5J6SBR3095JZ2KKHQ,2025-06-30T13:13:10.538856151Z,01JZ0F67ZMW5MYVAMRDCKET4QV,2025-06-30T13:13:10.538856151Z,01JZ0FAZSM5RWSWDK86JFF6JZ6,2025-06-30T13:13:10.538856151Z,01JZ0FETS8ER9G1DS9D9GHXGJ5,2025-06-30T13:13:10.538856151Z,01JZ0FETTNYWQPN0FXV2NTXPZ8,2025-06-30T13:13:10.538856151Z
01JZ0VE1K4KTSJB2R61KBZWT3T,01JZ0TXM4HA3Q8P6D6TPYYS7R3,2025-06-30T16:41:26.88423153Z,01JZ0TXM9G1YQW4PKWAZEHBP4X,2025-06-30T16:41:26.88423153Z,01JZ0V4QNV0ZADMBTC1TQANM95,2025-06-30T16:41:26.88423153Z,01JZ0VA38AG5CMBPK3H4ZDH1EB,2025-06-30T16:41:26.88423153Z,01JZ0VA3F5J85D0E17NTT6GA3D,2025-06-30T16:41:26.88423153Z
01JZ0K8121EKA4BA108KS6RXE2,01JZ0JJRG62BDVPN4H0KJ2XPWK,2025-06-30T14:18:21.121986472Z,01JZ0JJRM7K0MBX3MKCVTKC5NR,2025-06-30T14:18:21.121986472Z,01JZ0JS7KGQTXA56X7MR2N3V4S,2025-06-30T14:18:21.121986472Z,01JZ0K09A2JRM56REXVTQ5P9J4,2025-06-30T14:18:21.121986472Z,01JZ0K09K25XTCYT08PVBBA31D,2025-06-30T14:18:21.121986472Z
01JZ0MRD28A2HR16XV1ARJDWJF,01JZ0KZHFC2GEC175ZSKVHYGR2,2025-06-30T14:44:46.280932467Z,01JZ0KZHHC2JQ9380R79DSYF93,2025-06-30T14:44:46.280932467Z,01JZ0M77CJKQQW7ZQ7XMJWJS44,2025-06-30T14:44:46.280932467Z,01JZ0MGP1H08NKC41F4W5N223S,2025-06-30T14:44:46.280932467Z,01JZ0MGP8BRDCBGPKJB1Z2Q7SJ,2025-06-30T14:44:46.280932467Z
01JZ0P81QWX38X7SP8QPGPP5V9,01JZ0NSN7EKS122Z238A4PF66D,2025-06-30T15:10:47.548823832Z,01JZ0NSNC1W3B8HBKV7A156B13,2025-06-30T15:10:47.548823832Z,01JZ0P0EBY7VSQYSD3AZX9YSX7,2025-06-30T15:10:47.548823832Z,01JZ0P49FFMBGZM8VGX8RR699K,2025-06-30T15:10:47.548823832Z,01JZ0P49NN4A6XBWS8HE1NN6EJ,2025-06-30T15:10:47.548823832Z
01JZ0SZ87FNNZC5P7C48RMW5C4,01JZ0S9G3E1V9Y4W1M8GV3AGA9,2025-06-30T16:15:53.583416286Z,01JZ0S9G9GQDAYDBEESMGH4RA5,2025-06-30T16:15:53.583416286Z,01JZ0SK9JXYJAB5JG2TDNVPFF3,2025-06-30T16:15:53.583416286Z,01JZ0SQ3F4PY9W86VF77JMR5FW,2025-06-30T16:15:53.583416286Z,01JZ0SQ3TE4VMZ1MCYY5WRZ18A,2025-06-30T16:15:53.583416286Z
01JZ0V8RSZK7VF94AKTK3A31GA,01JZ0TXM4HA3Q8P6D6TPYYS7R3,2025-06-30T16:38:34.047610784Z,01JZ0TXMAAZJ4VJWA2WTVHG174,2025-06-30T16:38:34.047610784Z,01JZ0V35DCVJ8FMBXYFAAYSD86,2025-06-30T16:38:34.047610784Z,01JZ0V8M42RMRY2C4MPYB0YYVH,2025-06-30T16:38:34.047610784Z,01JZ0V8MA8ZRCYYEP5BGPZR17K,2025-06-30T16:38:34.047610784Z
01JZ0VC6BTE6VNMNG4F4H3T1R4,01JZ0TXM4HA3Q8P6D6TPYYS7R3,2025-06-30T16:40:26.234270599Z,01JZ0TXM9G1YQW4PKWAZEHBP4X,2025-06-30T16:40:26.234270599Z,01JZ0VA02QS1Q83QABHKXFB7D4,2025-06-30T16:40:26.234270599Z,01JZ0VA38AG5CMBPK3H4ZDH1EB,2025-06-30T16:40:26.234270599Z,01JZ0VA3EDE5VA6KPVPAWM4W4J,2025-06-30T16:40:26.234270599Z
01JZ0HSXWNKC6TQXWZWWZ4V4SW,01JZ0H1K4AG17CS34Z9G9MQYDS,2025-06-30T13:53:10.549987867Z,01JZ0H1K6XDYNJQ07N0KM3P1VX,2025-06-30T13:53:10.549987867Z,01JZ0H9M4DPGN0X41681CC63MX,2025-06-30T13:53:10.549987867Z,01JZ0HJ6JRFPNPRPH421VX8DFC,2025-06-30T13:53:10.549987867Z,01JZ0HJ6SGHP86XK7T10SR7KKZ,2025-06-30T13:53:10.549987867Z
01JZ0STX9251KN2H65ZCY4G7H4,01JZ0S9G3E1V9Y4W1M8GV3AGA9,2025-06-30T16:13:31.298583964Z,01JZ0S9G69Y1BMBR3KZBCDH0XZ,2025-06-30T16:13:31.298583964Z,01JZ0SH0EC9KQV6Q30W20S8FQ8,2025-06-30T16:13:31.298583964Z,01JZ0SN4RKR0FK21YDZFG99ED0,2025-06-30T16:13:31.298583964Z,01JZ0SN5E90BAA2BMM2FK61848,2025-06-30T16:13:31.298583964Z
01JZ0TRSVDK0YJVTJB57HHSM5Z,01JZ0T594M7DT83RJMYEJDT186,2025-06-30T16:29:50.829237023Z,01JZ0T59780CP4Z1F2CEHFDNAC,2025-06-30T16:29:50.829237023Z,01JZ0T6HG4Z9MM9B64YAZ61PAA,2025-06-30T16:29:50.829237023Z,01JZ0TGXCR7PSB2KKNSYBDY0BZ,2025-06-30T16:29:50.829237023Z,01JZ0TGXR6RVB311YE86XD2ZPR,2025-06-30T16:29:50.829237023Z
01JZ0FPHTH5KFHW5BAJX04ENYH,01JZ0F67X5J6SBR3095JZ2KKHQ,2025-06-30T13:16:22.737134632Z,01JZ0F67ZNGQ7M2D3G364WEKWP,2025-06-30T13:16:22.737134632Z,01JZ0FCYEY48D81TQPYGM7BEH5,2025-06-30T13:16:22.737134632Z,01JZ0FPGDAPG30FJ3SWC4WDBHJ,2025-06-30T13:16:22.737134632Z,01JZ0FPGE7XSSJC5D4ZKRW6251,2025-06-30T13:16:22.737134632Z
01JZ0K6NA38FBD1NCW95FG70A1,01JZ0JJRG62BDVPN4H0KJ2XPWK,2025-06-30T14:17:36.32387092Z,01JZ0JJRMFBKARHHQY8ZXKDX2Q,2025-06-30T14:17:36.32387092Z,01JZ0JMNJCQ4JP233PQTACYGEQ,2025-06-30T14:17:36.32387092Z,01JZ0K2YERTFQAJEQ3WTQCHG83,2025-06-30T14:17:36.32387092Z,01JZ0K2YHF3CW1PRPH7XT6X3MW,2025-06-30T14:17:36.32387092Z
01JZ0QNA88B1NC0EYNCF5J6EYJ,01JZ0Q0CTMMAVY329HW6Z84SYY,2025-06-30T15:35:30.824709383Z,01JZ0Q0CX32Y5M8NZMVY0C598C,2025-06-30T15:35:30.824709383Z,01JZ0QAC7E48R8DA1R24NC5BN7,2025-06-30T15:35:30.824709383Z,01JZ0QDJHQJDYMGBWSK600715P,2025-06-30T15:35:30.824709383Z,01JZ0QDJR0GZNPFGCZ89K3XVSM,2025-06-30T15:35:30.824709383Z
01JZ0RHVQ65VWN3CBY9CW9XCCM,01JZ0R44WS56B1WD5354KYAZ6V,2025-06-30T15:51:06.214912864Z,01JZ0R450M24K8ZS9F18EDTFG6,2025-06-30T15:51:06.214912864Z,01JZ0RCXVG1DXMY1P3XSZCR2NJ,2025-06-30T15:51:06.214912864Z,01JZ0RFVDEC09529ZV39X1MYHY,2025-06-30T15:51:06.214912864Z,01JZ0RFVKSDR65DCCWGYE2FNK6,2025-06-30T15:51:06.214912864Z
01JZ0RNDT9S40BJC0ZKTYSKN0C,01JZ0R44WS56B1WD5354KYAZ6V,2025-06-30T15:53:03.049804173Z,01JZ0R44ZMT5HYXWVABB60AH0G,2025-06-30T15:53:03.049804173Z,01JZ0R9YBP53FHZRSC3KJMTX8V,2025-06-30T15:53:03.049804173Z,01JZ0RDSCY1BRCKPVF2FF3QCCD,2025-06-30T15:53:03.049804173Z,01JZ0RDSNGGRTK8B7Q4RAEXD1S,2025-06-30T15:53:03.049804173Z
01JZ0STE3SHNGXK71FHQNMGCAC,01JZ0S9G3E1V9Y4W1M8GV3AGA9,2025-06-30T16:13:15.769386096Z,01JZ0S9GCCCNBKT0N3T9B2PH95,2025-06-30T16:13:15.769386096Z,01JZ0SF01HCY6JAKBVS9CYAVSQ,2025-06-30T16:13:15.769386096Z,01JZ0SRFZN1N49MKZCM7JQAT6Y,2025-06-30T16:13:15.769386096Z,01JZ0SRG6SPEV961C2A2QJNNEV,2025-06-30T16:13:15.769386096Z
01JZ0FQCYMJFNEYSR5FPSRDC0F,01JZ0F67X5J6SBR3095JZ2KKHQ,2025-06-30T13:16:50.516116246Z,01JZ0F67ZNGQ7M2D3G3M0R8ZTD,2025-06-30T13:16:50.516116246Z,01JZ0FF2AESZYBEQBJZKV45YWJ,2025-06-30T13:16:50.516116246Z,01JZ0FNH5C6Q73NCV3H5ND8BSP,2025-06-30T13:16:50.516116246Z,01JZ0FNH7H6V08MHV9QEBAG9SJ,2025-06-30T13:16:50.516116246Z
01JZ0K0SWWHP3P37FH4BEYQWGG,01JZ0JJRG62BDVPN4H0KJ2XPWK,2025-06-30T14:14:24.412146569Z,01JZ0JJRK7MTN7FAC1224V82KC,2025-06-30T14:14:24.412146569Z,01JZ0JSGH5RS66YM2SX89684C5,2025-06-30T14:14:24.412146569Z,01JZ0JYWVCPFC72SM7P2B0329V,2025-06-30T14:14:24.412146569Z,01JZ0JYX1ACQSEMTTPSG3GV37X,2025-06-30T14:14:24.412146569Z
01JZ0PFPARCBGFG8KA3B4YBVSC,01JZ0NSN7EKS122Z238A4PF66D,2025-06-30T15:14:58.008676432Z,01JZ0NSNACQB6FV8GE0XS7JKF9,2025-06-30T15:14:58.008676432Z,01JZ0M79979MVE3M2PF579XFD7,2025-06-30T15:14:58.008676432Z,01JZ0P7YNT108NJT9EBY5VDJSY,2025-06-30T15:14:58.008676432Z,01JZ0P7YVB6QVN7V4FBPWHJ9P4,2025-06-30T15:14:58.008676432Z
01JZ0Q1CXH5NKG42Q738E7S1JB,01JZ0PDFE8X2A24VZSJDD0T2BH,2025-06-30T15:24:38.193311308Z,01JZ0PDFFH0EDR9F9CYFN0TQY3,2025-06-30T15:24:38.193311308Z,01JZ0PQ7G6X7K4MMC5P4S3TEYN,2025-06-30T15:24:38.193311308Z,01JZ0PVRKCVAZGVD5GK5DEWP0E,2025-06-30T15:24:38.193311308Z,01JZ0PVRV8VQ6JWJ93GT9BV6F7,2025-06-30T15:24:38.193311308Z
01JZ0RS49N8AKG24BXZY1E6VAH,01JZ0R44WS56B1WD5354KYAZ6V,2025-06-30T15:55:04.373311969Z,01JZ0R44ZYB02HBRR2X1W771BR,2025-06-30T15:55:04.373311969Z,01JZ0R650HM6CA46MBYW3JYRJ9,2025-06-30T15:55:04.373311969Z,01JZ0RGZ593SRSST6FTS4WNPMA,2025-06-30T15:55:04.373311969Z,01JZ0RGZKN03ERPSP31WJB53CE,2025-06-30T15:55:04.373311969Z
01JZ0TJXXCB7Q51PXJYD2JMSGB,01JZ0T594M7DT83RJMYEJDT186,2025-06-30T16:26:38.380703959Z,01JZ0T59780CP4Z1F2CEHFDNAC,2025-06-30T16:26:38.380703959Z,01JZ0TAG5YB2XS2SXDFRSMNV8G,2025-06-30T16:26:38.380703959Z,01JZ0TGXAWKWP7D51X7AXHZM1D,2025-06-30T16:26:38.380703959Z,01JZ0TGXJC9KX3P475M2PFTP69,2025-06-30T16:26:38.380703959Z
01JZ0FPFGYDWB69PTCR3SFRHEY,01JZ0F67X5J6SBR3095JZ2KKHQ,2025-06-30T13:16:20.382129789Z,01JZ0F6805RKXP4JKMN5N89R8W,2025-06-30T13:16:20.382129789Z,01JZ0FBAJB7KQ7GP21NQ7ZFSYY,2025-06-30T13:16:20.382129789Z,01JZ0FEFHSBSB637K552GM7TFY,2025-06-30T13:16:20.382129789Z,01JZ0FEFN867QSVHM6W73CG8WZ,2025-06-30T13:16:20.382129789Z
01JZ0HE76TH9KARMF0K5HVAMRV,01JZ0H1K4AG17CS34Z9G9MQYDS,2025-06-30T13:46:46.874557862Z,01JZ0H1K78HDDW9F2WM1P8VZMN,2025-06-30T13:46:46.874557862Z,01JZ0H5BHKCTD3T58KE49ABST6,2025-06-30T13:46:46.874557862Z,01JZ0HAGSF134DXMQJAXEF8DCZ,2025-06-30T13:46:46.874557862Z,01JZ0HAGV6G3DJPC3A564GGRC0,2025-06-30T13:46:46.874557862Z
01JZ0FKSGFYVV8J56CA69R5CMZ,01JZ0F67X5J6SBR3095JZ2KKHQ,2025-06-30T13:14:52.303559315Z,01JZ0F67ZGT4J2NC89JRSKF93F,2025-06-30T13:14:52.303559315Z,01JZ0FHE6P54F9Z4HQF75VYPYW,2025-06-30T13:14:52.303559315Z,01JZ0FHY0FF9TVSRZETCEYCTMP,2025-06-30T13:14:52.303559315Z,01JZ0FHY24PA1R5QHATJEKN4PQ,2025-06-30T13:14:52.303559315Z
01JZ0FQ3KVJXE501B8X0TCSTVB,01JZ0F67X5J6SBR3095JZ2KKHQ,2025-06-30T13:16:40.955733545Z,01JZ0F67ZJJG6P50PFSVWKXYA5,2025-06-30T13:16:40.955733545Z,01JZ0FC4XKNHNZF8W9T4WA3XB0,2025-06-30T13:16:40.955733545Z,01JZ0FHJQ8D0RWN5BCAZ63DASG,2025-06-30T13:16:40.955733545Z,01JZ0FHJSKF7RT75F426ES8DWJ,2025-06-30T13:16:40.955733545Z
01JZ0FSCEAC4WH1YA2STV9XCBB,01JZ0F67X5J6SBR3095JZ2KKHQ,2025-06-30T13:17:55.530161748Z,01JZ0F67Z745P2890BJ7Q88E3R,2025-06-30T13:17:55.530161748Z,01JZ0FBWR8H942AC9T38EZCDR4,2025-06-30T13:17:55.530161748Z,01JZ0FHYT7S382Q8K3G91ZN28J,2025-06-30T13:17:55.530161748Z,01JZ0FHYWECQNPZRK99THAKWZV,2025-06-30T13:17:55.530161748Z
01JZ0HAFC10QY42JQAXGMAQKN0,01JZ0H1K4AG17CS34Z9G9MQYDS,2025-06-30T13:44:44.161396294Z,01JZ0H1K7A7HBJ5WZC7T99GVBX,2025-06-30T13:44:44.161396294Z,01JZ0H377YER8042T2NRG3D1V1,2025-06-30T13:44:44.161396294Z,01JZ0HAECCDKM76ZCV44MHEJAX,2025-06-30T13:44:44.161396294Z,01JZ0HAEFC0ZPCW62QHGME40FT,2025-06-30T13:44:44.161396294Z
01JZ0REX2TV9M509QD01GPQNF3,01JZ0R44WS56B1WD5354KYAZ6V,2025-06-30T15:49:29.306938046Z,01JZ0R44YW0T94WKHD2ZAT9VPC,2025-06-30T15:49:29.306938046Z,01JZ0RAVXZQ0FES5XXPFTQPKP9,2025-06-30T15:49:29.306938046Z,01JZ0RCZ5WMDRF6E7DKWB3TR0Z,2025-06-30T15:49:29.306938046Z,01JZ0RCZDCAQ37H1J9DDP6X9T0,2025-06-30T15:49:29.306938046Z
01JZ0RRSD9T00319CZ4MM7ZJDF,01JZ0R44WS56B1WD5354KYAZ6V,2025-06-30T15:54:53.225751893Z,01JZ0R44ZYB02HBRR2X1W771BR,2025-06-30T15:54:53.225751893Z,01JZ0R9PQ4K46J5WAZEFCASF2D,2025-06-30T15:54:53.225751893Z,01JZ0RGZ4NQMBZCSQXT34ACNPZ,2025-06-30T15:54:53.225751893Z,01JZ0RGZHF6AJNRNSC36Q29ZFQ,2025-06-30T15:54:53.225751893Z
01JZ0FHYP1HTYKSF88KJ0SV5KZ,01JZ0F67X5J6SBR3095JZ2KKHQ,2025-06-30T13:13:52.065622666Z,01JZ0F67ZGT4J2NC89JRSKF93F,2025-06-30T13:13:52.065622666Z,01JZ0FACXFQT958QDG28MQWC64,2025-06-30T13:13:52.065622666Z,01JZ0FHY06VJS12RZKPGXVB09V,2025-06-30T13:13:52.065622666Z,01JZ0FHY1D6H1D4DAJN43W8G67,2025-06-30T13:13:52.065622666Z
01JZ0FP5CTZTNC1MXYTVB9T1TH,01JZ0F67X5J6SBR3095JZ2KKHQ,2025-06-30T13:16:10.010412141Z,01JZ0F6805RKXP4JKMN5N89R8W,2025-06-30T13:16:10.010412141Z,01JZ0FAWW52BSADP6XRFJZKM7N,2025-06-30T13:16:10.010412141Z,01JZ0FEFHWPKWAGJFFY68HH92Z,2025-06-30T13:16:10.010412141Z,01JZ0FEFMKN8GN86SHCG0DWKZD,2025-06-30T13:16:10.010412141Z
01JZ0FSBTABR171614726PX9TE,01JZ0F67X5J6SBR3095JZ2KKHQ,2025-06-30T13:17:54.890132321Z,01JZ0F67Z9QH00F8GAXY086HB5,2025-06-30T13:17:54.890132321Z,01JZ0FBRXZ8XMKNDM1GTFS4P4A,2025-06-30T13:17:54.890132321Z,01JZ0FNMHABMQMJJE7Y0M736G4,2025-06-30T13:17:54.890132321Z,01JZ0FNMMBHN1W4KXB29889Y8Y,2025-06-30T13:17:54.890132321Z
01JZ0G0FTTGBCDZV7WKKWS0QHZ,01JZ0F67X5J6SBR3095JZ2KKHQ,2025-06-30T13:21:48.378698237Z,01JZ0F67Z9QH00F8GAYATW0H4D,2025-06-30T13:21:48.378698237Z,01JZ0FCSB181485J0F119VPBHD,2025-06-30T13:21:48.378698237Z,01JZ0FTXTTSA7KPT3ZKN66DGDE,2025-06-30T13:21:48.378698237Z,01JZ0FTY0AKWP8FKY3R8JB0KME,2025-06-30T13:21:48.378698237Z
01JZ0PX2MHX0JZFXK353CZKSKD,01JZ0PDFE8X2A24VZSJDD0T2BH,2025-06-30T15:22:16.593758379Z,01JZ0PDFG0TZHQMJ413RSFKXP4,2025-06-30T15:22:16.593758379Z,01JZ0PK0DZKRC734RSACJ85GGV,2025-06-30T15:22:16.593758379Z,01JZ0PSB8QFHT28EPRTVD2EBFB,2025-06-30T15:22:16.593758379Z,01JZ0PSBCXEZY6QEMF25SVCS88,2025-06-30T15:22:16.593758379Z
01JZ0FH9VNJKEJ2FSG82GHNQWH,01JZ0F67X5J6SBR3095JZ2KKHQ,2025-06-30T13:13:30.7412388Z,01JZ0F67ZKKPGDC64ETWQZ69WV,2025-06-30T13:13:30.7412388Z,01JZ0FBY93DWZC8869QS2ZXNMA,2025-06-30T13:13:30.7412388Z,01JZ0FFEABFZ5CT87GW8737MVN,2025-06-30T13:13:30.7412388Z,01JZ0FFEC471Z9SD47S8EGXE2B,2025-06-30T13:13:30.7412388Z
01JZ0FSPNJS966K2SHEG4V11Y9,01JZ0F67X5J6SBR3095JZ2KKHQ,2025-06-30T13:18:06.002115724Z,01JZ0F67Z745P2890BJ7Q88E3R,2025-06-30T13:18:06.002115724Z,01JZ0FBWR8H942AC9T38EZCDR4,2025-06-30T13:18:06.002115724Z,01JZ0FHYT4VA4QBHA5DGPYP1XA,2025-06-30T13:18:06.002115724Z,01JZ0FHYX276ZPDC70THYN8CPV,2025-06-30T13:18:06.002115724Z
01JZ0HAFVB9FA17DKWBJATYG5N,01JZ0H1K4AG17CS34Z9G9MQYDS,2025-06-30T13:44:44.651508994Z,01JZ0H1K6THHEJQ855QF7WP6P1,2025-06-30T13:44:44.651508994Z,01JZ0H3CNXXCY16G7HRC2VAP66,2025-06-30T13:44:44.651508994Z,01JZ0H8M6RNVPAN6FF1JPRG2N3,2025-06-30T13:44:44.651508994Z,01JZ0H8M914FGE8QKZ90QFSC4F,2025-06-30T13:44:44.651508994Z
01JZ0HEJQ3YWV7T0CEQ9R7S2W0,01JZ0H1K4AG17CS34Z9G9MQYDS,2025-06-30T13:46:58.659953881Z,01JZ0H1K7HVYD71R3W6V80C6V1,2025-06-30T13:46:58.659953881Z,01JZ0H5AXYRKCCAM24KW8RVMWP,2025-06-30T13:46:58.659953881Z,01JZ0HAVS54E0S6EA1VSCPJE2W,2025-06-30T13:46:58.659953881Z,01JZ0HAVVCQ82X051SZY3976BH,2025-06-30T13:46:58.659953881Z
01JZ0HJ540A47EAMDP83KWZG05,01JZ0H1K4AG17CS34Z9G9MQYDS,2025-06-30T13:48:55.809009303Z,01JZ0H1K7A7HBJ5WZC7T99GVBX,2025-06-30T13:48:55.809009303Z,01JZ0H5G63GV0PY89GCTJ3RTN8,2025-06-30T13:48:55.809009303Z,01JZ0HAECWF8GVS1BK6GSGGQXS,2025-06-30T13:48:55.809009303Z,01JZ0HAEJQ4P0QGSNMTF4711VK,2025-06-30T13:48:55.809009303Z
01JZ0K6MDC477MNX9RR4XTR7CP,01JZ0JJRG62BDVPN4H0KJ2XPWK,2025-06-30T14:17:35.404919483Z,01JZ0JJRK7MTN7FAC1224V82KC,2025-06-30T14:17:35.404919483Z,01JZ0JSGH5RS66YM2SX89684C5,2025-06-30T14:17:35.404919483Z,01JZ0JYWX29707X9HXFTM1W07C,2025-06-30T14:17:35.404919483Z,01JZ0JYX5C9W7WA9MZEJ86042C,2025-06-30T14:17:35.404919483Z
01JZ0RKGVQN2CP5WXKCDSCHBRA,01JZ0R44WS56B1WD5354KYAZ6V,2025-06-30T15:52:00.631231149Z,01JZ0R44ZMT5HYXWVABB60AH0G,2025-06-30T15:52:00.631231149Z,01JZ0R6DY0PYZTQ6QXN5D3091D,2025-06-30T15:52:00.631231149Z,01JZ0RDSDRWJSGT5RWM6SPP1BW,2025-06-30T15:52:00.631231149Z,01JZ0RDSKE5WH4HDAH609MC1VS,2025-06-30T15:52:00.631231149Z
01JZ0RT6NE256NJ3N91YG1ZCF4,01JZ0R44WS56B1WD5354KYAZ6V,2025-06-30T15:55:39.566269658Z,01JZ0R44ZAP7PYVAMQ60PRQDRH,2025-06-30T15:55:39.566269658Z,01JZ0REQKT4PY43TB41SDFP5R0,2025-06-30T15:55:39.566269658Z,01JZ0RJBP0RKJT6DGDPRK6EW6F,2025-06-30T15:55:39.566269658Z,01JZ0RJC1Q6QDGBHKJ8X9SWNZ3,2025-06-30T15:55:39.566269658Z
01JZ0FQ3MN18CWTZ05R86WASGA,01JZ0F67X5J6SBR3095JZ2KKHQ,2025-06-30T13:16:40.981559244Z,01JZ0F67ZJJG6P50PFSVWKXYA5,2025-06-30T13:16:40.981559244Z,01JZ0FB6X6QBV3E81R532SKN28,2025-06-30T13:16:40.981559244Z,01JZ0FHJQ8D0RWN5BCAZ63DASG,2025-06-30T13:16:40.981559244Z,01JZ0FHJSKF7RT75F426ES8DWJ,2025-06-30T13:16:40.981559244Z
01JZ0SQHDPETBZWTG45PVG6KT9,01JZ0S9G3E1V9Y4W1M8GV3AGA9,2025-06-30T16:11:40.854157351Z,01JZ0S9GBDE95BAEJ35DY3VGC4,2025-06-30T16:11:40.854157351Z,01JZ0SG6Y9NPGTZ35T719S3CJ9,2025-06-30T16:11:40.854157351Z,01JZ0SQEAR8P2YM87JXPSY3S0C,2025-06-30T16:11:40.854157351Z,01JZ0SQEGZSES92G0BHJP07QJE,2025-06-30T16:11:40.854157351Z
01JZ0T1RAYTXKDV2REEVGTP9DD,01JZ0S9G3E1V9Y4W1M8GV3AGA9,2025-06-30T16:17:15.614882447Z,01JZ0S9G72AZ3MF9HASHX1PW43,2025-06-30T16:17:15.614882447Z,01JZ0SHJF35Z3VHRZEEB8TRRCR,2025-06-30T16:17:15.614882447Z,01JZ0SSF389HKA4QSJQDWQBPK3,2025-06-30T16:17:15.614882447Z,01JZ0SSFM7W9K12VT26J1075B1,2025-06-30T16:17:15.614882447Z
01JZ0SQ68T3FXXTCCX9W5DRB75,01JZ0S9G3E1V9Y4W1M8GV3AGA9,2025-06-30T16:11:29.434320139Z,01JZ0S9G9GQDAYDBEESMGH4RA5,2025-06-30T16:11:29.434320139Z,01JZ0SH3DAYG35GGGDBNE9NJFV,2025-06-30T16:11:29.434320139Z,01JZ0SQ3BA4JJ0BDCF8FJ8ZX53,2025-06-30T16:11:29.434320139Z,01JZ0SQ3G36C1JSE2VHA9RAVGA,2025-06-30T16:11:29.434320139Z
01JZ0HJZ80J1SDP3MSXRCZQV6B,01JZ0H1K4AG17CS34Z9G9MQYDS,2025-06-30T13:49:22.56059827Z,01JZ0H1K706F68YJ8PB50DJAH3,2025-06-30T13:49:22.56059827Z,01JZ0H4Z36PV4JSD83THK2GEDW,2025-06-30T13:49:22.56059827Z,01JZ0HDDQ1TQC05SZV1MP12GS4,2025-06-30T13:49:22.56059827Z,01JZ0HDDSN4RJNHJNWEPZ6KD1D,2025-06-30T13:49:22.56059827Z
01JZ0K8BAMP1T3715WB3PAS00J,01JZ0JJRG62BDVPN4H0KJ2XPWK,2025-06-30T14:18:31.636447886Z,01JZ0JJRM7K0MBX3MKCVTKC5NR,2025-06-30T14:18:31.636447886Z,01JZ0JP3NMJEF2RZEXJRZ363R2,2025-06-30T14:18:31.636447886Z,01JZ0K099NNS02HGWW23F906B5,2025-06-30T14:18:31.636447886Z,01JZ0K09MK8N8E3Q5AQXC6W588,2025-06-30T14:18:31.636447886Z
01JZ0T152P1M56PZF03QYPC8VY,01JZ0S9G3E1V9Y4W1M8GV3AGA9,2025-06-30T16:16:55.894447672Z,01JZ0S9GD9MABT2H3JKQDC0TB1,2025-06-30T16:16:55.894447672Z,01JZ0SPQA7VEEQ0Q5DK9RZENSP,2025-06-30T16:16:55.894447672Z,01JZ0SSG40357K1C9QC3NT64RJ,2025-06-30T16:16:55.894447672Z,01JZ0SSGE3D1TWHBHMGCF08N12,2025-06-30T16:16:55.894447672Z
01JZ0FYHGS4Z7H3GCNZWJEV7GT,01JZ0F67X5J6SBR3095JZ2KKHQ,2025-06-30T13:20:44.569398128Z,01JZ0F67ZNGQ7M2D3G364WEKWP,2025-06-30T13:20:44.569398128Z,01JZ0FJS48KWCXDKD6ZRVDSXBC,2025-06-30T13:20:44.569398128Z,01JZ0FPGB2RBFHA2C330T8B79V,2025-06-30T13:20:44.569398128Z,01JZ0FPGN1B4FQ01WXZBS6S5D9,2025-06-30T13:20:44.569398128Z
01JZ0FV6JYX4B5G7G4E27TADDE,01JZ0F67X5J6SBR3095JZ2KKHQ,2025-06-30T13:18:55.070693156Z,01JZ0F67Z9QH00F8GAXY086HB5,2025-06-30T13:18:55.070693156Z,01JZ0FD79YGYA2VDDBD6504FRR,2025-06-30T13:18:55.070693156Z,01JZ0FNMHABMQMJJE7Y0M736G4,2025-06-30T13:18:55.070693156Z,01JZ0FNMNCSWMW95D3YN10V1NE,2025-06-30T13:18:55.070693156Z
01JZ0HE5MRWPXSVA3XGVE2DHCP,01JZ0H1K4AG17CS34Z9G9MQYDS,2025-06-30T13:46:45.272130915Z,01JZ0H1K6THHEJQ855QF7WP6P1,2025-06-30T13:46:45.272130915Z,01JZ0H4ADESF7ZW26D2M0GP4C4,2025-06-30T13:46:45.272130915Z,01JZ0H8M6RNVPAN6FF1JPRG2N3,2025-06-30T13:46:45.272130915Z,01JZ0H8M9AAH7TM362W804CMGS,2025-06-30T13:46:45.272130915Z
01JZ0JZEEFGSAMYQ9C8F2ZH3NP,01JZ0JJRG62BDVPN4H0KJ2XPWK,2025-06-30T14:13:39.919835436Z,01JZ0JJRKH7XD764W2MEEG7PFH,2025-06-30T14:13:39.919835436Z,01JZ0JR8TNC3BX4SGFJ6K8AMXM,2025-06-30T14:13:39.919835436Z,01JZ0JZD7EA6CMM8J6BT29CG7T,2025-06-30T14:13:39.919835436Z,01JZ0JZD97EJQ2M37YKB60S9TM,2025-06-30T14:13:39.919835436Z
01JZ0Q382VYRKCFAGBJSGN60F9,01JZ0PDFE8X2A24VZSJDD0T2BH,2025-06-30T15:25:38.779314252Z,01JZ0PDFFH0EDR9F9CYFN0TQY3,2025-06-30T15:25:38.779314252Z,01JZ0PQG0QD2E50TEZE8KJC3TY,2025-06-30T15:25:38.779314252Z,01JZ0PVRF7K7NKQ7ZE4CCVD40K,2025-06-30T15:25:38.779314252Z,01JZ0PVRY8854FG5MQ5RHH4TS9,2025-06-30T15:25:38.779314252Z
01JZ0RMF1MKAC07E5B0NJV0JMB,01JZ0R44WS56B1WD5354KYAZ6V,2025-06-30T15:52:31.540585395Z,01JZ0R44YW0T94WKHD2ZAT9VPC,2025-06-30T15:52:31.540585395Z,01JZ0RCE2YE75ZA1F2JVAF4PQN,2025-06-30T15:52:31.540585395Z,01JZ0RCZ6GGFDRV5K0HC37H854,2025-06-30T15:52:31.540585395Z,01JZ0RCZJ795ARWQ1NBJQD3R7Q,2025-06-30T15:52:31.540585395Z
01JZ0FRA0B96QTGNBETE8SQY8N,01JZ0F67X5J6SBR3095JZ2KKHQ,2025-06-30T13:17:20.267267675Z,01JZ0F67ZPF4121D8VQV580KT1,2025-06-30T13:17:20.267267675Z,01JZ0FB771X9NXKNJD45VGGVHG,2025-06-30T13:17:20.267267675Z,01JZ0FG9XDZRN3XPZCPT9HKVD6,2025-06-30T13:17:20.267267675Z,01JZ0FGA0MAJ37EVHGX9QJ548V,2025-06-30T13:17:20.267267675Z
01JZ0FQVH8NYH5QCJEEP2H3KY7,01JZ0F67X5J6SBR3095JZ2KKHQ,2025-06-30T13:17:05.449040645Z,01JZ0F67ZFPZEHV6BKFXQYDXZZ,2025-06-30T13:17:05.449040645Z,01JZ0FCATDZZRW2H907E68E72B,2025-06-30T13:17:05.449040645Z,01JZ0FG2SQ8Q4XBS92Y2AR51EP,2025-06-30T13:17:05.449040645Z,01JZ0FG2ZT9WG9PX7TSK94NDVN,2025-06-30T13:17:05.449040645Z
01JZ0FS7SFFMH2S09N8G6XM112,01JZ0F67X5J6SBR3095JZ2KKHQ,2025-06-30T13:17:50.767382199Z,01JZ0F67ZNGQ7M2D3G3M0R8ZTD,2025-06-30T13:17:50.767382199Z,01JZ0FBTJXMW2AK8YMAJ7FJR7V,2025-06-30T13:17:50.767382199Z,01JZ0FNH5C6Q73NCV3H5ND8BSP,2025-06-30T13:17:50.767382199Z,01JZ0FNH7NMFCTJSS0N9P30NJW,2025-06-30T13:17:50.767382199Z
01JZ0FZTA391ESPXYY8Y0PZ12Q,01JZ0F67X5J6SBR3095JZ2KKHQ,2025-06-30T13:21:26.339458548Z,01JZ0F67Z49S75BR56TBMFCZ55,2025-06-30T13:21:26.339458548Z,01JZ0FBFBJW6M9QE503VEPS9CV,2025-06-30T13:21:26.339458548Z,01JZ0FQRVWYE6EMF2428JYY8X6,2025-06-30T13:21:26.339458548Z,01JZ0FQS0KNN5R7P08HN8ZVR07,2025-06-30T13:21:26.339458548Z
01JZ0HHV0AZPC31T4GA9RS5DCA,01JZ0H1K4AG17CS34Z9G9MQYDS,2025-06-30T13:48:45.450164569Z,01JZ0H1K7A7HBJ5WZC7T99GVBX,2025-06-30T13:48:45.450164569Z,01JZ0H5G63GV0PY89GCTJ3RTN8,2025-06-30T13:48:45.450164569Z,01JZ0HAEDCY4MJZ348YK1C296X,2025-06-30T13:48:45.450164569Z,01JZ0HAEHYKM1FK91S59J25Q90,2025-06-30T13:48:45.450164569Z
01JZ0MM0EE73GPFPA3TNXJC5GY,01JZ0KZHFC2GEC175ZSKVHYGR2,2025-06-30T14:42:22.286512825Z,01JZ0KZHH6W8XDVC696R9C92DG,2025-06-30T14:42:22.286512825Z,01JZ0M76DS1TB5AKS0JTGGKM42,2025-06-30T14:42:22.286512825Z,01JZ0MCKB4R8PP1CGFDRV10VMX,2025-06-30T14:42:22.286512825Z,01JZ0MCKF3CF7JR83KC8BE4S9B,2025-06-30T14:42:22.286512825Z
01JZ0NTXG8G5QJ9M8AKVQYVRB9,01JZ0N9PMZHSN31DAQRPMDQCYE,2025-06-30T15:03:37.224727486Z,01JZ0N9PPX2EBNCBEJCH5EHX43,2025-06-30T15:03:37.224727486Z,01JZ0NQ3C4VN4SR6B2B3YFZF4P,2025-06-30T15:03:37.224727486Z,01JZ0NQ6AS26ETG3TZPNN36FTM,2025-06-30T15:03:37.224727486Z,01JZ0NQ6DK8PFP1WMHFRDN7N1W,2025-06-30T15:03:37.224727486Z
01JZ0PYXDJW73CMPGRKRY75S1W,01JZ0PDFE8X2A24VZSJDD0T2BH,2025-06-30T15:23:16.786629291Z,01JZ0PDFG0TZHQMJ413RSFKXP4,2025-06-30T15:23:16.786629291Z,01JZ0PJ0N9RJK6CWJ28SDNPHWX,2025-06-30T15:23:16.786629291Z,01JZ0PSB8QFHT28EPRTVD2EBFB,2025-06-30T15:23:16.786629291Z,01JZ0PSBD7P8Y6SKYWHEEY4RVY,2025-06-30T15:23:16.786629291Z
01JZ0FFF185P0GVS1QNBDAYT99,01JZ0F67X5J6SBR3095JZ2KKHQ,2025-06-30T13:12:30.505430147Z,01JZ0F67ZKKPGDC64ETWQZ69WV,2025-06-30T13:12:30.505430147Z,01JZ0FD6EFW093P2J0FEY97NKZ,2025-06-30T13:12:30.505430147Z,01JZ0FFEA7JY8J9CW2PRDT1SXR,2025-06-30T13:12:30.505430147Z,01JZ0FFEB7Z5969V9H6EGQG2CJ,2025-06-30T13:12:30.505430147Z
01JZ0SV8HHXV9EVP4RFS0CBMD8,01JZ0S9G3E1V9Y4W1M8GV3AGA9,2025-06-30T16:13:42.833820694Z,01JZ0S9GBDE95BAEJ35DY3VGC4,2025-06-30T16:13:42.833820694Z,01JZ0SEY1R1NKY7QYBNSN52N16,2025-06-30T16:13:42.833820694Z,01JZ0SQECM4D5XPER5PREQ6RDB,2025-06-30T16:13:42.833820694Z,01JZ0SQEMB917QHZYWSBT1QBXE,2025-06-30T16:13:42.833820694Z
01JZ0TPKWHQ9K617QCHN0SP6S7,01JZ0T594M7DT83RJMYEJDT186,2025-06-30T16:28:39.185392845Z,01JZ0T59780CP4Z1F2CEHFDNAC,2025-06-30T16:28:39.185392845Z,01JZ0T6HG4Z9MM9B64YAZ61PAA,2025-06-30T16:28:39.185392845Z,01JZ0TGXAWKWP7D51X7AXHZM1D,2025-06-30T16:28:39.185392845Z,01JZ0TGXKSXPBBVRHRVCPPT5ZR,2025-06-30T16:28:39.185392845Z
01JZ0RFTQ3BET4B0Y335TSSWFS,01JZ0R44WS56B1WD5354KYAZ6V,2025-06-30T15:49:59.651175094Z,01JZ0R44ZMT5HYXWVABB60AH0G,2025-06-30T15:49:59.651175094Z,01JZ0R6QFFN30D6XK6YWT9MS2Y,2025-06-30T15:49:59.651175094Z,01JZ0RDSDRWJSGT5RWM6SPP1BW,2025-06-30T15:49:59.651175094Z,01JZ0RDSJ36V2BKV8CCXRG2JRZ,2025-06-30T15:49:59.651175094Z
01JZ0FNMACKJ7Q4ZC0DTRVEZME,01JZ0F67X5J6SBR3095JZ2KKHQ,2025-06-30T13:15:52.524868011Z,01JZ0F67ZGT4J2NC89JRSKF93F,2025-06-30T13:15:52.524868011Z,01JZ0FC4XRFY88GCABCTE4M9JC,2025-06-30T13:15:52.524868011Z,01JZ0FHY0FF9TVSRZETCEYCTMP,2025-06-30T13:15:52.524868011Z,01JZ0FHY26ZXF3Q8Q4DD13TWPW,2025-06-30T13:15:52.524868011Z
01JZ0FW7Z5T06PZ6WSE8QV2BBC,01JZ0F67X5J6SBR3095JZ2KKHQ,2025-06-30T13:19:29.25399657Z,01JZ0F67Z8B8A42G6Y5XQ0NS83,2025-06-30T13:19:29.25399657Z,01JZ0FJ5HQADXB6GZQKEP8JRB4,2025-06-30T13:19:29.25399657Z,01JZ0FW5HE1H38YZ9NH65TR9EG,2025-06-30T13:19:29.25399657Z,01JZ0FW5JJ8F4D6M3T2N3KG781,2025-06-30T13:19:29.25399657Z
01JZ0HM2NYQNTY8ZQMCBB0Y0P4,01JZ0H1K4AG17CS34Z9G9MQYDS,2025-06-30T13:49:58.846828751Z,01JZ0H1K6XDYNJQ07N0KM3P1VX,2025-06-30T13:49:58.846828751Z,01JZ0HFAPSHETXH7P0VV2YXR0K,2025-06-30T13:49:58.846828751Z,01JZ0HJ6JG98XAP0W3RSSFXRZE,2025-06-30T13:49:58.846828751Z,01JZ0HJ6QBKQ5NW4YHYDB4QRH0,2025-06-30T13:49:58.846828751Z
01JZ0NTXEWR5QYH8R6CMJ45031,01JZ0N9PMZHSN31DAQRPMDQCYE,2025-06-30T15:03:37.180321549Z,01JZ0N9PPX2EBNCBEJCH5EHX43,2025-06-30T15:03:37.180321549Z,01JZ0NG12FZE181X2TCG6QQA6Y,2025-06-30T15:03:37.180321549Z,01JZ0NQ6AS26ETG3TZPNN36FTM,2025-06-30T15:03:37.180321549Z,01JZ0NQ6DK8PFP1WMHFRDN7N1W,2025-06-30T15:03:37.180321549Z
01JZ0TRSTMXZFJ751XTFS24F6Y,01JZ0T594M7DT83RJMYEJDT186,2025-06-30T16:29:50.804482229Z,01JZ0T59780CP4Z1F2CEHFDNAC,2025-06-30T16:29:50.804482229Z,01JZ0T8PDXGTH6126KNQYQ7G1B,2025-06-30T16:29:50.804482229Z,01JZ0TGXCR7PSB2KKNSYBDY0BZ,2025-06-30T16:29:50.804482229Z,01JZ0TGXR6RVB311YE86XD2ZPR,2025-06-30T16:29:50.804482229Z
01JZ0FKE59BJ83YDBR4VBPJ0RK,01JZ0F67X5J6SBR3095JZ2KKHQ,2025-06-30T13:14:40.681531314Z,01JZ0F67ZJJG6P50PFSVWKXYA5,2025-06-30T13:14:40.681531314Z,01JZ0FD9MGR1NQWZH14DZSCF74,2025-06-30T13:14:40.681531314Z,01JZ0FHJQ8D0RWN5BCAZ63DASG,2025-06-30T13:14:40.681531314Z,01JZ0FHJRYJ59AE9MP9HWG6E64,2025-06-30T13:14:40.681531314Z
01JZ0K00PCQDN3FJVJHGD2ADF8,01JZ0JJRG62BDVPN4H0KJ2XPWK,2025-06-30T14:13:58.604863787Z,01JZ0JJRKVJXBJGVYTJ6TBMBFM,2025-06-30T14:13:58.604863787Z,01JZ0JRQJFXEWFAWM7PWAPW35D,2025-06-30T14:13:58.604863787Z,01JZ0JW9G1715DA28FHK9V31XS,2025-06-30T14:13:58.604863787Z,01JZ0JW9K9EZD3KQFT0CHYPNWX,2025-06-30T14:13:58.604863787Z
01JZ0K2MNK4GCQQGX2HCXEF421,01JZ0JJRG62BDVPN4H0KJ2XPWK,2025-06-30T14:15:24.596019447Z,01JZ0JJRK7MTN7FAC1224V82KC,2025-06-30T14:15:24.596019447Z,01JZ0JSGH5RS66YM2SX89684C5,2025-06-30T14:15:24.596019447Z,01JZ0JYWVCPFC72SM7P2B0329V,2025-06-30T14:15:24.596019447Z,01JZ0JYX1PFCYQE7JJWSSH8D3P,2025-06-30T14:15:24.596019447Z
01JZ0RFGX9RM3AHPYV4TQKWSF0,01JZ0R44WS56B1WD5354KYAZ6V,2025-06-30T15:49:49.609065417Z,01JZ0R44YD4TQ1QQVW9H1W0WBF,2025-06-30T15:49:49.609065417Z,01JZ0R657BB3E0BHJE1YNP9JA7,2025-06-30T15:49:49.609065417Z,01JZ0RDJ2QCC6HCJTXVC1C06TR,2025-06-30T15:49:49.609065417Z,01JZ0RDJJYWQBYNEX44P260WDH,2025-06-30T15:49:49.609065417Z
01JZ0TRSR87H6JYDBEH3KZ1AKT,01JZ0T594M7DT83RJMYEJDT186,2025-06-30T16:29:50.728776365Z,01JZ0T59780CP4Z1F2CEHFDNAC,2025-06-30T16:29:50.728776365Z,01JZ0TBCS394KHK4DX6H1Y21KG,2025-06-30T16:29:50.728776365Z,01JZ0TGXCR7PSB2KKNSYBDY0BZ,2025-06-30T16:29:50.728776365Z,01JZ0TGXR6RVB311YE86XD2ZPR,2025-06-30T16:29:50.728776365Z
01JZ0VGWRKB7K8EM6JNNSQDRJN,01JZ0TXM4HA3Q8P6D6TPYYS7R3,2025-06-30T16:43:00.243439512Z,01JZ0TXMAAZJ4VJWA2WTVHG174,2025-06-30T16:43:00.243439512Z,01JZ0TZ9J5J0A4G7Q03RBYFE9P,2025-06-30T16:43:00.243439512Z,01JZ0V8M57A2HTCNB7GGX82M4H,2025-06-30T16:43:00.243439512Z,01JZ0V8MQ9HA62RH1TJ2H2Z72K,2025-06-30T16:43:00.243439512Z
01JZ0FHYP8Z9EYMVN1K4P7YPN7,01JZ0F67X5J6SBR3095JZ2KKHQ,2025-06-30T13:13:52.0722177Z,01JZ0F67ZGT4J2NC89JRSKF93F,2025-06-30T13:13:52.0722177Z,01JZ0FCJAG0CXVXJTMS0286MXB,2025-06-30T13:13:52.0722177Z,01JZ0FHY06VJS12RZKPGXVB09V,2025-06-30T13:13:52.0722177Z,01JZ0FHY1D6H1D4DAJN43W8G67,2025-06-30T13:13:52.0722177Z
01JZ0PXQ2CYXPGW9KKVSZ5FCWB,01JZ0PDFE8X2A24VZSJDD0T2BH,2025-06-30T15:22:37.516980438Z,01JZ0PDFFH0EDR9F9CYFN0TQY3,2025-06-30T15:22:37.516980438Z,01JZ0PGV68TYQ231YS5FREY4WQ,2025-06-30T15:22:37.516980438Z,01JZ0PVRKCVAZGVD5GK5DEWP0E,2025-06-30T15:22:37.516980438Z,01JZ0PVRSAS23DPT5GT4235N1X,2025-06-30T15:22:37.516980438Z
01JZ0QFSX8BGXXVWHQ8ZSHPW7N,01JZ0Q0CTMMAVY329HW6Z84SYY,2025-06-30T15:32:30.248236572Z,01JZ0Q0CWNKJYDS4SW61Q7VTQN,2025-06-30T15:32:30.248236572Z,01JZ0Q7SXAVHT2K7AH34K6E1SX,2025-06-30T15:32:30.248236572Z,01JZ0Q80YHG4MHW8DMRKNRWY2W,2025-06-30T15:32:30.248236572Z,01JZ0Q815CN9R996SBP6VT9MY7,2025-06-30T15:32:30.248236572Z
01JZ0RFZRKA56B1BEN54ECXVJ7,01JZ0R44WS56B1WD5354KYAZ6V,2025-06-30T15:50:04.819465651Z,01JZ0R450M24K8ZS9F18EDTFG6,2025-06-30T15:50:04.819465651Z,01JZ0R9WHEP7DQXPA3V8WPWJ9W,2025-06-30T15:50:04.819465651Z,01JZ0RFVE4BCDRFZQMBJNBKZXN,2025-06-30T15:50:04.819465651Z,01JZ0RFVF3CTD6WR5AYW1NG2YJ,2025-06-30T15:50:04.819465651Z
01JZ0RMRBK5T9SD9ASXV3BK377,01JZ0R44WS56B1WD5354KYAZ6V,2025-06-30T15:52:41.075327711Z,01JZ0R44ZYB02HBRR2X1W771BR,2025-06-30T15:52:41.075327711Z,01JZ0R6453JERWFMFDN54N72WF,2025-06-30T15:52:41.075327711Z,01JZ0RGZ3DKRXN7JFMF7ZYJ17Q,2025-06-30T15:52:41.075327711Z,01JZ0RGZBCQSNCQFB1WY5ZGE61,2025-06-30T15:52:41.075327711Z
01JZ0P9V7KZJXJZ2QWT3J2BAEC,01JZ0NSN7EKS122Z238A4PF66D,2025-06-30T15:11:46.419888306Z,01JZ0NSNACQB6FV8GE0XS7JKF9,2025-06-30T15:11:46.419888306Z,01JZ0P4V3AHY550K8PMRT3VM5K,2025-06-30T15:11:46.419888306Z,01JZ0P7YN1V2MR96D77PEXSMK2,2025-06-30T15:11:46.419888306Z,01JZ0P7YR1GKEJM57XS21BYM10,2025-06-30T15:11:46.419888306Z
01JZ0FQ0MYYGT736WJFS59RP5C,01JZ0F67X5J6SBR3095JZ2KKHQ,2025-06-30T13:16:37.918476578Z,01JZ0F67ZEPC67VW242P0YYZAA,2025-06-30T13:16:37.918476578Z,01JZ0FBBZEB4A1064AHQHB0AGD,2025-06-30T13:16:37.918476578Z,01JZ0FF15E71ENN4G6Z16M19W3,2025-06-30T13:16:37.918476578Z,01JZ0FF17XY1JBBGEQ9GM57GP8,2025-06-30T13:16:37.918476578Z
01JZ0HAX1E69PBG5N9KAN404X0,01JZ0H1K4AG17CS34Z9G9MQYDS,2025-06-30T13:44:58.158960514Z,01JZ0H1K7HVYD71R3W6V80C6V1,2025-06-30T13:44:58.158960514Z,01JZ0H5PHBAB5MFCHKQNJGE7KV,2025-06-30T13:44:58.158960514Z,01JZ0HAVRPKHJMVSD30J2TBSPZ,2025-06-30T13:44:58.158960514Z,01JZ0HAVT6FVFRBXCZ7A07HDCT,2025-06-30T13:44:58.158960514Z
01JZ0HJ6CK0233Q123M40FHTH9,01JZ0H1K4AG17CS34Z9G9MQYDS,2025-06-30T13:48:57.10772305Z,01JZ0H1K7C3FKHJS5GP9RE7N8D,2025-06-30T13:48:57.10772305Z,01JZ0H4TXV5HDVPR9EH08YRVXA,2025-06-30T13:48:57.10772305Z,01JZ0HA5APB28G6NEZYQAGT5DS,2025-06-30T13:48:57.10772305Z,01JZ0HA5J7V84QTJXZVNDRZEH1,2025-06-30T13:48:57.10772305Z
01JZ0RKGYJ2GWBN7JSCDH1ZHFG,01JZ0R44WS56B1WD5354KYAZ6V,2025-06-30T15:52:00.722619335Z,01JZ0R44ZMT5HYXWVABB60AH0G,2025-06-30T15:52:00.722619335Z,01JZ0R83TEZ3G1FW66WSBKZX4F,2025-06-30T15:52:00.722619335Z,01JZ0RDSDRWJSGT5RWM6SPP1BW,2025-06-30T15:52:00.722619335Z,01JZ0RDSKE5WH4HDAH609MC1VS,2025-06-30T15:52:00.722619335Z
01JZ0SXDRSCP5RADYJH3K4DMBA,01JZ0S9G3E1V9Y4W1M8GV3AGA9,2025-06-30T16:14:53.72145205Z,01JZ0S9GD9MABT2H3JKQDC0TB1,2025-06-30T16:14:53.72145205Z,01JZ0SFAB8AJ95H1FWSSMEW656,2025-06-30T16:14:53.72145205Z,01JZ0SSG56XTAJ4MTPA3PZYF46,2025-06-30T16:14:53.72145205Z,01JZ0SSGAKN594A9625VW8DP41,2025-06-30T16:14:53.72145205Z
01JZ0VGHNJZ9SZWGFZ010464XW,01JZ0TXM4HA3Q8P6D6TPYYS7R3,2025-06-30T16:42:48.882824737Z,01JZ0TXMAAZJ4VJWA2WTVHG174,2025-06-30T16:42:48.882824737Z,01JZ0TZ9J5J0A4G7Q03RBYFE9P,2025-06-30T16:42:48.882824737Z,01JZ0V8M66H1TM6QHBHKAHGCK2,2025-06-30T16:42:48.882824737Z,01JZ0V8MMQTWK3P04TAWD8SF6Z,2025-06-30T16:42:48.882824737Z
01JZ0FKTE12M3B60KNRBNHT90G,01JZ0F67X5J6SBR3095JZ2KKHQ,2025-06-30T13:14:53.249886743Z,01JZ0F67Z745P2890BJ7Q88E3R,2025-06-30T13:14:53.249886743Z,01JZ0FBWR8H942AC9T38EZCDR4,2025-06-30T13:14:53.249886743Z,01JZ0FHYT9MR26XHFRG86H7E34,2025-06-30T13:14:53.249886743Z,01JZ0FHYVK77GVMYV13V3F359H,2025-06-30T13:14:53.249886743Z
01JZ0PV7SJPWJ9SQBAFSSGZGM7,01JZ0PDFE8X2A24VZSJDD0T2BH,2025-06-30T15:21:16.338935842Z,01JZ0PDFG0TZHQMJ413RSFKXP4,2025-06-30T15:21:16.338935842Z,01JZ0PJ0N9RJK6CWJ28SDNPHWX,2025-06-30T15:21:16.338935842Z,01JZ0PSB8QFHT28EPRTVD2EBFB,2025-06-30T15:21:16.338935842Z,01JZ0PSBCHKVBAR0MEERQD2M0T,2025-06-30T15:21:16.338935842Z
01JZ0RJKH6PGFZJE63X75NC17T,01JZ0R44WS56B1WD5354KYAZ6V,2025-06-30T15:51:30.598931104Z,01JZ0R44YW0T94WKHD2ZAT9VPC,2025-06-30T15:51:30.598931104Z,01JZ0R6WK5QD50F4G761FSN8E5,2025-06-30T15:51:30.598931104Z,01JZ0RCZ5WMDRF6E7DKWB3TR0Z,2025-06-30T15:51:30.598931104Z,01JZ0RCZG0XFCHV3BJWSRFRJS0,2025-06-30T15:51:30.598931104Z
01JZ0RQJDN2FC58VXF5QWQRCEC,01JZ0R44WS56B1WD5354KYAZ6V,2025-06-30T15:54:13.301441825Z,01JZ0R450A0M8Q4QC968ZVRS9H,2025-06-30T15:54:13.301441825Z,01JZ0R9QCHAWV30C13DYNCKKAJ,2025-06-30T15:54:13.301441825Z,01JZ0RFNVA3M9D27P90HFWJA8Y,2025-06-30T15:54:13.301441825Z,01JZ0RFPFM9RXDBNP6ZMTH2ZCR,2025-06-30T15:54:13.301441825Z
01JZ0VE1M7CB8ZBZ9FQSZPBYH0,01JZ0TXM4HA3Q8P6D6TPYYS7R3,2025-06-30T16:41:26.919355667Z,01JZ0TXM9G1YQW4PKWAZEHBP4X,2025-06-30T16:41:26.919355667Z,01JZ0V2V0JVWK8BV5PK5A7H9Y7,2025-06-30T16:41:26.919355667Z,01JZ0VA38AG5CMBPK3H4ZDH1EB,2025-06-30T16:41:26.919355667Z,01JZ0VA3F5J85D0E17NTT6GA3D,2025-06-30T16:41:26.919355667Z
01JZ0MDKNHNN73K9QBZZ3JG4JH,01JZ0KZHFC2GEC175ZSKVHYGR2,2025-06-30T14:38:52.593594423Z,01JZ0KZHGXZ28TMC40NC90GVYX,2025-06-30T14:38:52.593594423Z,01JZ0M51W4TR1XT98HK5JRZZMZ,2025-06-30T14:38:52.593594423Z,01JZ0M9WSQ9DM8WT39RMXP13EB,2025-06-30T14:38:52.593594423Z,01JZ0M9WX75K2NEFNJQ9PW944K,2025-06-30T14:38:52.593594423Z
01JZ0FT7WHYJ3PS9E67Z0R3XCC,01JZ0F67X5J6SBR3095JZ2KKHQ,2025-06-30T13:18:23.63322464Z,01JZ0F67Z228X9RHKVM8F1277D,2025-06-30T13:18:23.63322464Z,01JZ0FB43V6RX3WM4ZEX4SH8M0,2025-06-30T13:18:23.63322464Z,01JZ0FJ6PFY30C73HB1M5QYGRK,2025-06-30T13:18:23.63322464Z,01JZ0FJ6Y1XFEKY53ZVJQV346R,2025-06-30T13:18:23.63322464Z
01JZ0JYYW7MVAPX68RJRJX2E7V,01JZ0JJRG62BDVPN4H0KJ2XPWK,2025-06-30T14:13:23.975615847Z,01JZ0JJRK7MTN7FAC1224V82KC,2025-06-30T14:13:23.975615847Z,01JZ0JMJ284T338WEW4N64181B,2025-06-30T14:13:23.975615847Z,01JZ0JYWSMTN9F477ZHXCCB59Z,2025-06-30T14:13:23.975615847Z,01JZ0JYWYZ6Q7WZ6X1CBK7Y7D8,2025-06-30T14:13:23.975615847Z
01JZ0Q3WKMEGZ8QE609621ZWMA,01JZ0PDFE8X2A24VZSJDD0T2BH,2025-06-30T15:25:59.796633399Z,01JZ0PDFFH0EDR9F9CYFN0TQY3,2025-06-30T15:25:59.796633399Z,01JZ0PQ7G6X7K4MMC5P4S3TEYN,2025-06-30T15:25:59.796633399Z,01JZ0PVRMDAW37CVDBXYEM2816,2025-06-30T15:25:59.796633399Z,01JZ0PVS42CZ7R23JHD0T5PQ23,2025-06-30T15:25:59.796633399Z
01JZ0RFT2BC0J90APQP17MHYP7,01JZ0R44WS56B1WD5354KYAZ6V,2025-06-30T15:49:58.987834963Z,01JZ0R450A0M8Q4QC968ZVRS9H,2025-06-30T15:49:58.987834963Z,01JZ0RC5VA1XYK8MB53Q5K9XJR,2025-06-30T15:49:58.987834963Z,01JZ0RFNNCF6C37TZZ1SEPXCQZ,2025-06-30T15:49:58.987834963Z,01JZ0RFP0PNXGY6BWMTVXKC9HK,2025-06-30T15:49:58.987834963Z
01JZ0SVJ8P21SCHW0ZBT5QQ3DF,01JZ0S9G3E1V9Y4W1M8GV3AGA9,2025-06-30T16:13:52.790592717Z,01JZ0S9GD9MABT2H3JKQDC0TB1,2025-06-30T16:13:52.790592717Z,01JZ0SCCGQ4WDJE5VH80FR1DGN,2025-06-30T16:13:52.790592717Z,01JZ0SSG56XTAJ4MTPA3PZYF46,2025-06-30T16:13:52.790592717Z,01JZ0SSG9RPFYB4Q413TYRWAT1,2025-06-30T16:13:52.790592717Z
01JZ0SZ9TYQNW48ZBCNEEW7RRX,01JZ0S9G3E1V9Y4W1M8GV3AGA9,2025-06-30T16:15:55.23075066Z,01JZ0S9GBDE95BAEJ35DY3VGC4,2025-06-30T16:15:55.23075066Z,01JZ0SQ9PF520D4EJDE9FVG6JE,2025-06-30T16:15:55.23075066Z,01JZ0SQEEYPA1PRSBERW5HV0M1,2025-06-30T16:15:55.23075066Z,01JZ0SQES7NWZTW9WK0EQVQ7QQ,2025-06-30T16:15:55.23075066Z
01JZ0FEG3571VZHASWB6W19Q4X,01JZ0F67X5J6SBR3095JZ2KKHQ,2025-06-30T13:11:58.821224098Z,01JZ0F6805RKXP4JKMN5N89R8W,2025-06-30T13:11:58.821224098Z,01JZ0FB7Q8CPCSMQA1PGA0EPYG,2025-06-30T13:11:58.821224098Z,01JZ0FEFHQRWH9TECM4DP0QTVV,2025-06-30T13:11:58.821224098Z,01JZ0FEFJEJ9WKHXZGPX5RF8AD,2025-06-30T13:11:58.821224098Z
01JZ0K4TH0B5WKPB3H1YJJQ5MM,01JZ0JJRG62BDVPN4H0KJ2XPWK,2025-06-30T14:16:36.128333395Z,01JZ0JJRMFBKARHHQY8ZXKDX2Q,2025-06-30T14:16:36.128333395Z,01JZ0K2MMEXP18DBVH90QK1R5V,2025-06-30T14:16:36.128333395Z,01JZ0K2YERTFQAJEQ3WTQCHG83,2025-06-30T14:16:36.128333395Z,01JZ0K2YH84DTYQ9GTMSMESZJY,2025-06-30T14:16:36.128333395Z
01JZ0MRD1EQA4SNV9SMTYQAMN2,01JZ0KZHFC2GEC175ZSKVHYGR2,2025-06-30T14:44:46.254215759Z,01JZ0KZHHC2JQ9380R79DSYF93,2025-06-30T14:44:46.254215759Z,01JZ0MGE22GN7DC08WS3FXT3M0,2025-06-30T14:44:46.254215759Z,01JZ0MGP1H08NKC41F4W5N223S,2025-06-30T14:44:46.254215759Z,01JZ0MGP8BRDCBGPKJB1Z2Q7SJ,2025-06-30T14:44:46.254215759Z
01JZ0QG4HFCYX6PP70NBVGHFRY,01JZ0Q0CTMMAVY329HW6Z84SYY,2025-06-30T15:32:41.135335192Z,01JZ0Q0CWNKJYDS4SW61Q7VTQN,2025-06-30T15:32:41.135335192Z,01JZ0Q34G646SES1NVXEJX3VR4,2025-06-30T15:32:41.135335192Z,01JZ0Q80Y65Z75Z95MDYNNHM0T,2025-06-30T15:32:41.135335192Z,01JZ0Q817CP0Z0998GVVV95167,2025-06-30T15:32:41.135335192Z
01JZ0TS51Q7KQZ37QXJNDBSNG4,01JZ0T594M7DT83RJMYEJDT186,2025-06-30T16:30:02.295729953Z,01JZ0T59780CP4Z1F2CEHFDNAC,2025-06-30T16:30:02.295729953Z,01JZ0TBCS394KHK4DX6H1Y21KG,2025-06-30T16:30:02.295729953Z,01JZ0TGXDPTSYQ41GE8NZP8MSC,2025-06-30T16:30:02.295729953Z,01JZ0TGXTBKKGXB6YWKCZYWHWX,2025-06-30T16:30:02.295729953Z
01JZ0HJ8EG8WWQ8H4R4P5399F0,01JZ0H1K4AG17CS34Z9G9MQYDS,2025-06-30T13:48:59.216889877Z,01JZ0H1K7HVYD71R3W6V80C6V1,2025-06-30T13:48:59.216889877Z,01JZ0H4B1KEAXWACXAC16EVPKA,2025-06-30T13:48:59.216889877Z,01JZ0HAVRZTB7R8WB82KCJKAG0,2025-06-30T13:48:59.216889877Z,01JZ0HAVWA0FZ1NWBPG5ABKGBB,2025-06-30T13:48:59.216889877Z
01JZ0MCMHYMJEE0FRT4Q21QFHY,01JZ0KZHFC2GEC175ZSKVHYGR2,2025-06-30T14:38:20.734469222Z,01JZ0KZHH6W8XDVC696R9C92DG,2025-06-30T14:38:20.734469222Z,01JZ0M20DM4T4V1KVQ5EQ5SJCQ,2025-06-30T14:38:20.734469222Z,01JZ0MCKBP7JXVFDMPHNG3WP9F,2025-06-30T14:38:20.734469222Z,01JZ0MCKC6QJY7FR94RS2K074B,2025-06-30T14:38:20.734469222Z
01JZ0QZVEFRZEW4V5NM903S9P8,01JZ0QGE33ZWYV7A3256FYEZA6,2025-06-30T15:41:16.111225728Z,01JZ0QGE4MQBM7ZJEFVQMWJX02,2025-06-30T15:41:16.111225728Z,01JZ0QPKRJFVHW9J2EJ9HV7BB0,2025-06-30T15:41:16.111225728Z,01JZ0QT8D72WY9E0JR27EZFH9M,2025-06-30T15:41:16.111225728Z,01JZ0QT8JN5JZNQK35RJ316HD8,2025-06-30T15:41:16.111225728Z
01JZ0RHNY94HPTM8DH4JNXM9QP,01JZ0R44WS56B1WD5354KYAZ6V,2025-06-30T15:51:00.297530766Z,01JZ0R44ZMT5HYXWVABB60AH0G,2025-06-30T15:51:00.297530766Z,01JZ0R6Q0YQ41FZ6FDY8FN8NJA,2025-06-30T15:51:00.297530766Z,01JZ0RDSDRWJSGT5RWM6SPP1BW,2025-06-30T15:51:00.297530766Z,01JZ0RDSJT0J3J6TXBT5BY8JVJ,2025-06-30T15:51:00.297530766Z
01JZ0VE0VJ4H991S40ZDQ7AYV9,01JZ0TXM4HA3Q8P6D6TPYYS7R3,2025-06-30T16:41:26.13078702Z,01JZ0TXMB9EHVXHHHV3J3SQY3A,2025-06-30T16:41:26.13078702Z,01JZ0TZEA4NSRNAN24CVE4XF3B,2025-06-30T16:41:26.13078702Z,01JZ0VC1S39MS0B0H13TGRSYRF,2025-06-30T16:41:26.13078702Z,01JZ0VC23CRK1527800PPWN7VJ,2025-06-30T16:41:26.13078702Z
01JZ0HHW8Y3VNFRCXGJ13RDK13,01JZ0H1K4AG17CS34Z9G9MQYDS,2025-06-30T13:48:46.750844832Z,01JZ0H1K7C3FKHJS5GP9RE7N8D,2025-06-30T13:48:46.750844832Z,01JZ0H4A3NXPTV7JEQMX36WWX4,2025-06-30T13:48:46.750844832Z,01JZ0HA58VSZX7J2P38WPTHP06,2025-06-30T13:48:46.750844832Z,01JZ0HA5GS32GQV6315XEFW0FY,2025-06-30T13:48:46.750844832Z
01JZ0MHKJBVD792JY2E23NX0ZT,01JZ0KZHFC2GEC175ZSKVHYGR2,2025-06-30T14:41:03.563489701Z,01JZ0KZHGXZ28TMC40NC90GVYX,2025-06-30T14:41:03.563489701Z,01JZ0M5HKJHP80W8A523JYGPBB,2025-06-30T14:41:03.563489701Z,01JZ0M9WV26RA4QFGDHG065E08,2025-06-30T14:41:03.563489701Z,01JZ0M9WZBAF97PK4P0YQCJBFZ,2025-06-30T14:41:03.563489701Z
01JZ0RHNWQDH8WK2SZTYAFH9FR,01JZ0R44WS56B1WD5354KYAZ6V,2025-06-30T15:51:00.247471337Z,01JZ0R44ZMT5HYXWVABB60AH0G,2025-06-30T15:51:00.247471337Z,01JZ0R83TEZ3G1FW66WSBKZX4F,2025-06-30T15:51:00.247471337Z,01JZ0RDSDRWJSGT5RWM6SPP1BW,2025-06-30T15:51:00.247471337Z,01JZ0RDSJT0J3J6TXBT5BY8JVJ,2025-06-30T15:51:00.247471337Z
01JZ0FJQ4D4BZ9S5SYPWCW6J3Q,01JZ0F67X5J6SBR3095JZ2KKHQ,2025-06-30T13:14:17.101406652Z,01JZ0F67ZEPC67VW242P0YYZAA,2025-06-30T13:14:17.101406652Z,01JZ0FB5NM2PBQFGSVXVEDAQ5Y,2025-06-30T13:14:17.101406652Z,01JZ0FF152BEQYSVW0DGQ8J2MY,2025-06-30T13:14:17.101406652Z,01JZ0FF16BVJA89DB3AAC6QT97,2025-06-30T13:14:17.101406652Z
01JZ0HNEGP3Q714QJZ8GH299JZ,01JZ0H1K4AG17CS34Z9G9MQYDS,2025-06-30T13:50:43.7341754Z,01JZ0H1K706F68YJ8PB50DJAH3,2025-06-30T13:50:43.7341754Z,01JZ0H3DQBF6NG57HME37ZG9W2,2025-06-30T13:50:43.7341754Z,01JZ0HDDQE67VT5TA23YEM0DK6,2025-06-30T13:50:43.7341754Z,01JZ0HDDW3TQAFASZQK4WDSHQE,2025-06-30T13:50:43.7341754Z
01JZ0Q82PJAAV0Y42H2JGVJMSB,01JZ0Q0CTMMAVY329HW6Z84SYY,2025-06-30T15:28:17.107003462Z,01JZ0Q0CWNKJYDS4SW61Q7VTQN,2025-06-30T15:28:17.107003462Z,01JZ0Q1P5DS31PBEBVW5ZRAMYJ,2025-06-30T15:28:17.107003462Z,01JZ0Q80WH6Z691EKVZ6MZS31R,2025-06-30T15:28:17.107003462Z,01JZ0Q80Z9FNHRZNDQBWW2FN8V,2025-06-30T15:28:17.107003462Z
01JZ0QDMBWJH6YC80Z3JQNRBH5,01JZ0Q0CTMMAVY329HW6Z84SYY,2025-06-30T15:31:19.03692343Z,01JZ0Q0CWNKJYDS4SW61Q7VTQN,2025-06-30T15:31:19.03692343Z,01JZ0Q34G646SES1NVXEJX3VR4,2025-06-30T15:31:19.03692343Z,01JZ0Q80XG0NQQZWZ0ZS4K2WB4,2025-06-30T15:31:19.03692343Z,01JZ0Q811XN0VZA1MBFTPHFPNF,2025-06-30T15:31:19.03692343Z
01JZ0HCQY93Z0W0VJJKVSKKXG6,01JZ0H1K4AG17CS34Z9G9MQYDS,2025-06-30T13:45:58.4733447Z,01JZ0H1K7HVYD71R3W6V80C6V1,2025-06-30T13:45:58.4733447Z,01JZ0H5PHBAB5MFCHKQNJGE7KV,2025-06-30T13:45:58.4733447Z,01JZ0HAVS54E0S6EA1VSCPJE2W,2025-06-30T13:45:58.4733447Z,01JZ0HAVV6427V6VS6EB94HCVX,2025-06-30T13:45:58.4733447Z
01JZ0NVJ4MC9H0GT615QQ7BKGT,01JZ0N9PMZHSN31DAQRPMDQCYE,2025-06-30T15:03:58.356991624Z,01JZ0N9PQHD06TCBXAQZTT3H76,2025-06-30T15:03:58.356991624Z,01JZ0NCM52T6WSAVFXXAWVWZY2,2025-06-30T15:03:58.356991624Z,01JZ0NKT3DR2EPQ5TV4AEDW3XX,2025-06-30T15:03:58.356991624Z,01JZ0NKT9JAEG0PJBY6B34KT3T,2025-06-30T15:03:58.356991624Z
01JZ0RFH028X87XY3W8P7AZX51,01JZ0R44WS56B1WD5354KYAZ6V,2025-06-30T15:49:49.698471222Z,01JZ0R44YD4TQ1QQVW9H1W0WBF,2025-06-30T15:49:49.698471222Z,01JZ0R6DH2W2W2NRB6MJ1KHHEC,2025-06-30T15:49:49.698471222Z,01JZ0RDJ2QCC6HCJTXVC1C06TR,2025-06-30T15:49:49.698471222Z,01JZ0RDJJYWQBYNEX44P260WDH,2025-06-30T15:49:49.698471222Z
01JZ0VA8J0YB8QQA5826KBB0TJ,01JZ0TXM4HA3Q8P6D6TPYYS7R3,2025-06-30T16:39:22.944607897Z,01JZ0TXM9G1YQW4PKWAZEHBP4X,2025-06-30T16:39:22.944607897Z,01JZ0V62WJGZ4BGMWXYSNYNW8D,2025-06-30T16:39:22.944607897Z,01JZ0VA376DM6ZAKPMMZ3880SE,2025-06-30T16:39:22.944607897Z,01JZ0VA3BQ531X5KGZH9K8677V,2025-06-30T16:39:22.944607897Z
01JZ0K73W92764GD921P9TYT9G,01JZ0JJRG62BDVPN4H0KJ2XPWK,2025-06-30T14:17:51.242850359Z,01JZ0JJRKH7XD764W2MEEG7PFH,2025-06-30T14:17:51.242850359Z,01JZ0JNPB8GHT0X464XPMVEBH9,2025-06-30T14:17:51.242850359Z,01JZ0JZD89HTD2CCP2TGR5JKX2,2025-06-30T14:17:51.242850359Z,01JZ0JZDD0KBWZKE6QE31DY4PG,2025-06-30T14:17:51.242850359Z
01JZ0PYXE745SPS29P7X76J38E,01JZ0PDFE8X2A24VZSJDD0T2BH,2025-06-30T15:23:16.807195217Z,01JZ0PDFG0TZHQMJ413RSFKXP4,2025-06-30T15:23:16.807195217Z,01JZ0PHFA0CKW8FCX9Q96KR3SV,2025-06-30T15:23:16.807195217Z,01JZ0PSB8QFHT28EPRTVD2EBFB,2025-06-30T15:23:16.807195217Z,01JZ0PSBD7P8Y6SKYWHEEY4RVY,2025-06-30T15:23:16.807195217Z
01JZ0NYXN962659JFNZT6P4N5K,01JZ0N9PMZHSN31DAQRPMDQCYE,2025-06-30T15:05:48.457230592Z,01JZ0N9PPX2EBNCBEJCH5EHX43,2025-06-30T15:05:48.457230592Z,01JZ0NJBCS4P2NZWJAE050ZWVP,2025-06-30T15:05:48.457230592Z,01JZ0NQ6BBMA57K449HYD6QCJF,2025-06-30T15:05:48.457230592Z,01JZ0NQ6FPR11DBQFT612VEGYJ,2025-06-30T15:05:48.457230592Z
01JZ0FQ4FSNS7YDGPE5ZW3C01N,01JZ0F67X5J6SBR3095JZ2KKHQ,2025-06-30T13:16:41.849745191Z,01JZ0F67ZKKPGDC64ETWQZ69WV,2025-06-30T13:16:41.849745191Z,01JZ0FD6F005B6TFCSX425WZE3,2025-06-30T13:16:41.849745191Z,01JZ0FFEAPXXQGXPE6ETBGAMB2,2025-06-30T13:16:41.849745191Z,01JZ0FFEEECQGKJT82MY6S5SP1,2025-06-30T13:16:41.849745191Z
01JZ0G1RPYFDBC5H6E0FP8ASR3,01JZ0F67X5J6SBR3095JZ2KKHQ,2025-06-30T13:22:30.238467886Z,01JZ0F67Z8B8A42G6Y5XQ0NS83,2025-06-30T13:22:30.238467886Z,01JZ0FJ5HQADXB6GZQKEP8JRB4,2025-06-30T13:22:30.238467886Z,01JZ0FW5GZ8NR8PVKBDD2P70TS,2025-06-30T13:22:30.238467886Z,01JZ0FW5RBJNNA3GJTC4NQK0WN,2025-06-30T13:22:30.238467886Z
01JZ0G3KQDRB3BR8R2PGV4Z1AH,01JZ0F67X5J6SBR3095JZ2KKHQ,2025-06-30T13:23:30.669904617Z,01JZ0F67Z8B8A42G6Y5XQ0NS83,2025-06-30T13:23:30.669904617Z,01JZ0FE684K4966TB954TX4AR0,2025-06-30T13:23:30.669904617Z,01JZ0FW5GEXBFNNK7FDWBRW7GE,2025-06-30T13:23:30.669904617Z,01JZ0FW5T8E810AAMJ5EZX8W4P,2025-06-30T13:23:30.669904617Z
01JZ0K40J8BVF22C83RKX7QTFV,01JZ0JJRG62BDVPN4H0KJ2XPWK,2025-06-30T14:16:09.544325385Z,01JZ0JJRKVJXBJGVYTJ6TBMBFM,2025-06-30T14:16:09.544325385Z,01JZ0JT6RPMCT74P4JP8THD1T8,2025-06-30T14:16:09.544325385Z,01JZ0JW9GXBQQN6RZQRVBXDR1H,2025-06-30T14:16:09.544325385Z,01JZ0JW9NA2J02SEGSF8R2JK60,2025-06-30T14:16:09.544325385Z
01JZ0M9XZ03PEH77MSR315VM4J,01JZ0KZHFC2GEC175ZSKVHYGR2,2025-06-30T14:36:52.064574013Z,01JZ0KZHGXZ28TMC40NC90GVYX,2025-06-30T14:36:52.064574013Z,01JZ0M3P9VKZ1RS5GDCN0TA36R,2025-06-30T14:36:52.064574013Z,01JZ0M9WT7DCKHFYFF79DBTDP8,2025-06-30T14:36:52.064574013Z,01JZ0M9WVXR9EYXXXVR5DAW32W,2025-06-30T14:36:52.064574013Z
01JZ0Q82ME3ZQ8K1CKBT0TVA65,01JZ0Q0CTMMAVY329HW6Z84SYY,2025-06-30T15:28:17.038563323Z,01JZ0Q0CWNKJYDS4SW61Q7VTQN,2025-06-30T15:28:17.038563323Z,01JZ0Q7M09XJBYMG64Y89317N8,2025-06-30T15:28:17.038563323Z,01JZ0Q80WH6Z691EKVZ6MZS31R,2025-06-30T15:28:17.038563323Z,01JZ0Q80Z9FNHRZNDQBWW2FN8V,2025-06-30T15:28:17.038563323Z
01JZ0RDW1561XYX17ETHWDHGDS,01JZ0R44WS56B1WD5354KYAZ6V,2025-06-30T15:48:55.461976196Z,01JZ0R44ZMT5HYXWVABB60AH0G,2025-06-30T15:48:55.461976196Z,01JZ0R83TEZ3G1FW66WSBKZX4F,2025-06-30T15:48:55.461976196Z,01JZ0RDSARBR93RXQPV6J6CPZJ,2025-06-30T15:48:55.461976196Z,01JZ0RDSF4EXE0C2492C29ZXYS,2025-06-30T15:48:55.461976196Z
01JZ0FPFK0360JF6TWH1S48RZ6,01JZ0F67X5J6SBR3095JZ2KKHQ,2025-06-30T13:16:20.448904335Z,01JZ0F6805RKXP4JKMN5N89R8W,2025-06-30T13:16:20.448904335Z,01JZ0FAWW52BSADP6XRFJZKM7N,2025-06-30T13:16:20.448904335Z,01JZ0FEFHSBSB637K552GM7TFY,2025-06-30T13:16:20.448904335Z,01JZ0FEFN867QSVHM6W73CG8WZ,2025-06-30T13:16:20.448904335Z
01JZ0VKY2P5417127ENBWNSWMY,01JZ0TXM4HA3Q8P6D6TPYYS7R3,2025-06-30T16:44:39.894218614Z,01JZ0TXMB9EHVXHHHV3J3SQY3A,2025-06-30T16:44:39.894218614Z,01JZ0V1ERYHDJ60FHKM6DYYBBC,2025-06-30T16:44:39.894218614Z,01JZ0VC1V62TS189C1JK35JTM8,2025-06-30T16:44:39.894218614Z,01JZ0VC2AMBYRDKAMFWZYK4KZE,2025-06-30T16:44:39.894218614Z
01JZ0VG6SZFHP39PZ4AXK5K07J,01JZ0TXM4HA3Q8P6D6TPYYS7R3,2025-06-30T16:42:37.759570418Z,01JZ0TXMAAZJ4VJWA2WTVHG174,2025-06-30T16:42:37.759570418Z,01JZ0V1S612A57R9KJ7DENVWAG,2025-06-30T16:42:37.759570418Z,01JZ0V8M7779BC73EQFC7W4Q4A,2025-06-30T16:42:37.759570418Z,01JZ0V8MHVSR2MS7X28YM342BV,2025-06-30T16:42:37.759570418Z
01JZ0FQ4EMR5JX44507ZD8DJPZ,01JZ0F67X5J6SBR3095JZ2KKHQ,2025-06-30T13:16:41.812618683Z,01JZ0F67ZKKPGDC64ETWQZ69WV,2025-06-30T13:16:41.812618683Z,01JZ0FC3BQ9GCC6QG6CDGGD2W7,2025-06-30T13:16:41.812618683Z,01JZ0FFEAPXXQGXPE6ETBGAMB2,2025-06-30T13:16:41.812618683Z,01JZ0FFEEECQGKJT82MY6S5SP1,2025-06-30T13:16:41.812618683Z
01JZ0FT7GFGHZKY5KS0CMSYVF0,01JZ0F67X5J6SBR3095JZ2KKHQ,2025-06-30T13:18:23.247167843Z,01JZ0F67ZNGQ7M2D3G364WEKWP,2025-06-30T13:18:23.247167843Z,01JZ0FJS48KWCXDKD6ZRVDSXBC,2025-06-30T13:18:23.247167843Z,01JZ0FPGD3R4XTCQYX0YWJ9PM8,2025-06-30T13:18:23.247167843Z,01JZ0FPGG9R0MSXA37965M733H,2025-06-30T13:18:23.247167843Z
01JZ0HN4FRHY97ZS5VD93WKZVQ,01JZ0H1K4AG17CS34Z9G9MQYDS,2025-06-30T13:50:33.464856495Z,01JZ0H1K706F68YJ8PB50DJAH3,2025-06-30T13:50:33.464856495Z,01JZ0H3DQBF6NG57HME37ZG9W2,2025-06-30T13:50:33.464856495Z,01JZ0HDDQMTC6TEXBWB6J1ED7W,2025-06-30T13:50:33.464856495Z,01JZ0HDDVAWGE20SAPB508Z87D,2025-06-30T13:50:33.464856495Z
01JZ0QTA4SYTKZ0SDB908D885V,01JZ0QGE33ZWYV7A3256FYEZA6,2025-06-30T15:38:14.553556054Z,01JZ0QGE4MQBM7ZJEFVQMWJX02,2025-06-30T15:38:14.553556054Z,01JZ0PT5KC8Z5R5S27XDY9AR52,2025-06-30T15:38:14.553556054Z,01JZ0QT8CMSD5101S4Q6VABNRX,2025-06-30T15:38:14.553556054Z,01JZ0QT8G7WTJHYMBZ7MH7CA6P,2025-06-30T15:38:14.553556054Z
01JZ0SW942YWJ160XR2YM9KT90,01JZ0S9G3E1V9Y4W1M8GV3AGA9,2025-06-30T16:14:16.194995221Z,01JZ0S9GCCCNBKT0N3T9B2PH95,2025-06-30T16:14:16.194995221Z,01JZ0SRC6GQQ036ZGEMABTCRWZ,2025-06-30T16:14:16.194995221Z,01JZ0SRFZN1N49MKZCM7JQAT6Y,2025-06-30T16:14:16.194995221Z,01JZ0SRG7EH5WJQEQ9TMP2TMS5,2025-06-30T16:14:16.194995221Z
01JZ0FM05W5S1D0KA7M0JATWHJ,01JZ0F67X5J6SBR3095JZ2KKHQ,2025-06-30T13:14:59.134092827Z,01JZ0F67ZPF4121D8VQV580KT1,2025-06-30T13:14:59.134092827Z,01JZ0FAQ3J9KGVWM3HXCFYRT1K,2025-06-30T13:14:59.134092827Z,01JZ0FG9XR3ADT6FD51B6EJHQB,2025-06-30T13:14:59.134092827Z,01JZ0FG9YZ5VB55AKZGK4GTA80,2025-06-30T13:14:59.134092827Z
01JZ0FGP468NAH7FCY9Y10308Q,01JZ0F67X5J6SBR3095JZ2KKHQ,2025-06-30T13:13:10.534460919Z,01JZ0F67ZMW5MYVAMRDCKET4QV,2025-06-30T13:13:10.534460919Z,01JZ0FBAX014VD39AWS4YVMD4F,2025-06-30T13:13:10.534460919Z,01JZ0FETS8ER9G1DS9D9GHXGJ5,2025-06-30T13:13:10.534460919Z,01JZ0FETTNYWQPN0FXV2NTXPZ8,2025-06-30T13:13:10.534460919Z
01JZ0HGAMYWA978N8NHM60326Y,01JZ0H1K4AG17CS34Z9G9MQYDS,2025-06-30T13:47:55.934668935Z,01JZ0H1K6THHEJQ855QF7WP6P1,2025-06-30T13:47:55.934668935Z,01JZ0H37QX2G6JSTQ9DTXQ42SA,2025-06-30T13:47:55.934668935Z,01JZ0H8M6XRZ0TTB98P0CV98DA,2025-06-30T13:47:55.934668935Z,01JZ0H8MARTCGQBSSZP5KMYV5T,2025-06-30T13:47:55.934668935Z
01JZ0KAAZ1ASVT6NXCM400NG2W,01JZ0JJRG62BDVPN4H0KJ2XPWK,2025-06-30T14:19:36.801645827Z,01JZ0JJRMFBKARHHQY8ZXKDX2Q,2025-06-30T14:19:36.801645827Z,01JZ0K2MMEXP18DBVH90QK1R5V,2025-06-30T14:19:36.801645827Z,01JZ0K2YFKRZDX3EB8BK93DHFN,2025-06-30T14:19:36.801645827Z,01JZ0K2YJW2ASK3NEY5QH4V9CT,2025-06-30T14:19:36.801645827Z
01JZ0M8WF0KDBSSD7XDWPBFMGB,01JZ0KZHFC2GEC175ZSKVHYGR2,2025-06-30T14:36:17.760873599Z,01JZ0KZHGK1V8ZC0AXDBXBYAX9,2025-06-30T14:36:17.760873599Z,01JZ0M27NCTFHR6EHR14Y9BMJS,2025-06-30T14:36:17.760873599Z,01JZ0M8V6C61XVRFPHS8RWYS7W,2025-06-30T14:36:17.760873599Z,01JZ0M8V88GCFHK9B8ECZFSXDA,2025-06-30T14:36:17.760873599Z
01JZ0SZZCCR9TFC2C38KXEE16R,01JZ0S9G3E1V9Y4W1M8GV3AGA9,2025-06-30T16:16:17.292703984Z,01JZ0S9GCCCNBKT0N3T9B2PH95,2025-06-30T16:16:17.292703984Z,01JZ0SF01HCY6JAKBVS9CYAVSQ,2025-06-30T16:16:17.292703984Z,01JZ0SRG0CEZMWVQAPHXXK1E4M,2025-06-30T16:16:17.292703984Z,01JZ0SRGAYBZMPBX0YA7PMP4Q5,2025-06-30T16:16:17.292703984Z
01JZ0VCFR2NHNX85HA51NY6770,01JZ0TXM4HA3Q8P6D6TPYYS7R3,2025-06-30T16:40:35.842096865Z,01JZ0TXMAAZJ4VJWA2WTVHG174,2025-06-30T16:40:35.842096865Z,01JZ0V35DCVJ8FMBXYFAAYSD86,2025-06-30T16:40:35.842096865Z,01JZ0V8M85MMPYBMHW7JFE9Q9Z,2025-06-30T16:40:35.842096865Z,01JZ0V8ME4WX8PDMJKAWWF3EBG,2025-06-30T16:40:35.842096865Z
01JZ0VGHVCGSYQJFXTS9ZA89KK,01JZ0TXM4HA3Q8P6D6TPYYS7R3,2025-06-30T16:42:49.068190443Z,01JZ0TXMAAZJ4VJWA2WTVHG174,2025-06-30T16:42:49.068190443Z,01JZ0V0B0MDT5H6NJ7F2TZ5E0T,2025-06-30T16:42:49.068190443Z,01JZ0V8M66H1TM6QHBHKAHGCK2,2025-06-30T16:42:49.068190443Z,01JZ0V8MMQTWK3P04TAWD8SF6Z,2025-06-30T16:42:49.068190443Z
01JZ0FSRFF9YCDYA8YQ6ZR1HSC,01JZ0F67X5J6SBR3095JZ2KKHQ,2025-06-30T13:18:07.855593352Z,01JZ0F67ZC5C7QZPK5TEQ23RT2,2025-06-30T13:18:07.855593352Z,01JZ0FM0QB6FQ3X7MJHB3GA7A4,2025-06-30T13:18:07.855593352Z,01JZ0FSQ3NCEXR5QF86N66S7M0,2025-06-30T13:18:07.855593352Z,01JZ0FSQ5H5YWKJGNPH9AKT3QM,2025-06-30T13:18:07.855593352Z
01JZ0G1RVS545ARHQ9W3Z30Z37,01JZ0F67X5J6SBR3095JZ2KKHQ,2025-06-30T13:22:30.393872065Z,01JZ0F67ZC5C7QZPK5TEQ23RT2,2025-06-30T13:22:30.393872065Z,01JZ0FHGYRW8Y6ZSR162NPMQGD,2025-06-30T13:22:30.393872065Z,01JZ0FSQ4CMD8W58JCEWT8Q1ED,2025-06-30T13:22:30.393872065Z,01JZ0FSQBK5FN1GAJ960M7AJ2J,2025-06-30T13:22:30.393872065Z
01JZ0MGWA10EK5SBQVKGFV3NAG,01JZ0KZHFC2GEC175ZSKVHYGR2,2025-06-30T14:40:39.745915517Z,01JZ0KZHGK1V8ZC0AXDBXBYAX9,2025-06-30T14:40:39.745915517Z,01JZ0M1CDMV1DW6G5GC0CGAP7Z,2025-06-30T14:40:39.745915517Z,01JZ0M8V7PCBYG3QB5C232K5NV,2025-06-30T14:40:39.745915517Z,01JZ0M8VCV3M2XHTTVXNZTVJCN,2025-06-30T14:40:39.745915517Z
01JZ0QNA8XYNFQ8138T7HX2GK4,01JZ0Q0CTMMAVY329HW6Z84SYY,2025-06-30T15:35:30.845126293Z,01JZ0Q0CX32Y5M8NZMVY0C598C,2025-06-30T15:35:30.845126293Z,01JZ0Q37ZE5E8WW1TTY1J69H1X,2025-06-30T15:35:30.845126293Z,01JZ0QDJHQJDYMGBWSK600715P,2025-06-30T15:35:30.845126293Z,01JZ0QDJR0GZNPFGCZ89K3XVSM,2025-06-30T15:35:30.845126293Z
01JZ0SN91KJGFF0WRPXJ65N631,01JZ0S9G3E1V9Y4W1M8GV3AGA9,2025-06-30T16:10:26.739243848Z,01JZ0S9G69Y1BMBR3KZBCDH0XZ,2025-06-30T16:10:26.739243848Z,01JZ0SH0EC9KQV6Q30W20S8FQ8,2025-06-30T16:10:26.739243848Z,01JZ0SN4MEMH5GM4GGX339NA9T,2025-06-30T16:10:26.739243848Z,01JZ0SN55ADBCNQDSTZ5QJSR2S,2025-06-30T16:10:26.739243848Z
01JZ0T33DG8YN87CP78EMQXMBR,01JZ0S9G3E1V9Y4W1M8GV3AGA9,2025-06-30T16:17:59.728710877Z,01JZ0S9G8MSQJNW9QDDX82T8EZ,2025-06-30T16:17:59.728710877Z,01JZ0SMQXV1DDFCHV33AY50M6P,2025-06-30T16:17:59.728710877Z,01JZ0T2Z6AMGE826QEXMPN0BXC,2025-06-30T16:17:59.728710877Z,01JZ0T2ZCS43Y5BZB2S8HQHMDZ,2025-06-30T16:17:59.728710877Z
01JZ0FNVBWE35TZRP5XB8Z6MPG,01JZ0F67X5J6SBR3095JZ2KKHQ,2025-06-30T13:15:59.740206426Z,01JZ0F6805RKXP4JKMN5N89R8W,2025-06-30T13:15:59.740206426Z,01JZ0FBK3D0FB3G5QDK7X1X7G7,2025-06-30T13:15:59.740206426Z,01JZ0FEFHYP40HX368BNFPEFHZ,2025-06-30T13:15:59.740206426Z,01JZ0FEFM4CK3CF3H2ZBKZDA0T,2025-06-30T13:15:59.740206426Z
01JZ0RQ77SEH5WG91A52DYCNWC,01JZ0R44WS56B1WD5354KYAZ6V,2025-06-30T15:54:01.849633232Z,01JZ0R450A0M8Q4QC968ZVRS9H,2025-06-30T15:54:01.849633232Z,01JZ0RA66F3FBNJZBRD9WM83NA,2025-06-30T15:54:01.849633232Z,01JZ0RFNWNPKRGC6SYS05MJ0WV,2025-06-30T15:54:01.849633232Z,01JZ0RFPBSM50DGW45KGPJPB79,2025-06-30T15:54:01.849633232Z
01JZ0HJF85KQD0S6PYZ83JQ90W,01JZ0H1K4AG17CS34Z9G9MQYDS,2025-06-30T13:49:06.181487112Z,01JZ0H1K7A7HBJ5WZC7T99GVBX,2025-06-30T13:49:06.181487112Z,01JZ0H5G63GV0PY89GCTJ3RTN8,2025-06-30T13:49:06.181487112Z,01JZ0HAEE7JP7PN26K0A2GQAYB,2025-06-30T13:49:06.181487112Z,01JZ0HAEKGW7T5R24W60CW13H7,2025-06-30T13:49:06.181487112Z
01JZ0FM0HCD1VG9QWRRKJNRWDE,01JZ0F67X5J6SBR3095JZ2KKHQ,2025-06-30T13:14:59.500771365Z,01JZ0F6805RKXP4JKMN5N89R8W,2025-06-30T13:14:59.500771365Z,01JZ0FAXS6V25W6YPWT6Y66ZX9,2025-06-30T13:14:59.500771365Z,01JZ0FEFHXWJDW412MQGZ1YMFV,2025-06-30T13:14:59.500771365Z,01JZ0FEFKMKA9G1K7GYH5N6VEK,2025-06-30T13:14:59.500771365Z
01JZ0FPHSJMQNTAFKJZ58KTPQN,01JZ0F67X5J6SBR3095JZ2KKHQ,2025-06-30T13:16:22.706140348Z,01JZ0F67ZNGQ7M2D3G364WEKWP,2025-06-30T13:16:22.706140348Z,01JZ0FBEPD11FSJRWKH4M5M5EZ,2025-06-30T13:16:22.706140348Z,01JZ0FPGDAPG30FJ3SWC4WDBHJ,2025-06-30T13:16:22.706140348Z,01JZ0FPGE7XSSJC5D4ZKRW6251,2025-06-30T13:16:22.706140348Z
01JZ0FWY1ZMF3Z1H67XW99P2JJ,01JZ0F67X5J6SBR3095JZ2KKHQ,2025-06-30T13:19:51.871195731Z,01JZ0F67ZNGQ7M2D3G3M0R8ZTD,2025-06-30T13:19:51.871195731Z,01JZ0FC09D1G1AHZCQZX30N8GY,2025-06-30T13:19:51.871195731Z,01JZ0FNH5JM56R47WYFZY5YGET,2025-06-30T13:19:51.871195731Z,01JZ0FNH8JTFRHTVE0T8ATDXP8,2025-06-30T13:19:51.871195731Z
01JZ0FXBJJW3X2979JTPKM3SSG,01JZ0F67X5J6SBR3095JZ2KKHQ,2025-06-30T13:20:05.714506826Z,01JZ0F67Z9QH00F8GAXY086HB5,2025-06-30T13:20:05.714506826Z,01JZ0FD79YGYA2VDDBD6504FRR,2025-06-30T13:20:05.714506826Z,01JZ0FNMGQ5DPDKWZXXZ5M1790,2025-06-30T13:20:05.714506826Z,01JZ0FNMR5G6GYR0X5ND95B7MG,2025-06-30T13:20:05.714506826Z
01JZ0K73WKKBPBHWDJRJZ3444G,01JZ0JJRG62BDVPN4H0KJ2XPWK,2025-06-30T14:17:51.251457678Z,01JZ0JJRKH7XD764W2MEEG7PFH,2025-06-30T14:17:51.251457678Z,01JZ0JQ6ANMHGHRRYJ704S1ZBR,2025-06-30T14:17:51.251457678Z,01JZ0JZD89HTD2CCP2TGR5JKX2,2025-06-30T14:17:51.251457678Z,01JZ0JZDD0KBWZKE6QE31DY4PG,2025-06-30T14:17:51.251457678Z
01JZ0RP5EK3PQNWY6NVBB73B7Q,01JZ0R44WS56B1WD5354KYAZ6V,2025-06-30T15:53:27.251948751Z,01JZ0R44ZAP7PYVAMQ60PRQDRH,2025-06-30T15:53:27.251948751Z,01JZ0RE6P0QX4X0JPFQFZG4YVE,2025-06-30T15:53:27.251948751Z,01JZ0RJBMJ9DTWHHQXZG22T28N,2025-06-30T15:53:27.251948751Z,01JZ0RJBV8ENJ54V9KV4K5Q08M,2025-06-30T15:53:27.251948751Z
01JZ0STWJSPZ74YWQ5T5AG4T7H,01JZ0S9G3E1V9Y4W1M8GV3AGA9,2025-06-30T16:13:30.58525571Z,01JZ0S9G9GQDAYDBEESMGH4RA5,2025-06-30T16:13:30.58525571Z,01JZ0SB23C5WKRVH2QZHNSBQJW,2025-06-30T16:13:30.58525571Z,01JZ0SQ3C15Q09HYAH12H13T16,2025-06-30T16:13:30.58525571Z,01JZ0SQ3KDY9WQAA8Z0H2XVE1P,2025-06-30T16:13:30.58525571Z
01JZ0FGAG0SB8VZJSBNZDRC2T3,01JZ0F67X5J6SBR3095JZ2KKHQ,2025-06-30T13:12:58.624152845Z,01JZ0F67ZPF4121D8VQV580KT1,2025-06-30T13:12:58.624152845Z,01JZ0FADPYVS6C84HJSS2FEBTD,2025-06-30T13:12:58.624152845Z,01JZ0FG9X87DVV75FVN306TBKR,2025-06-30T13:12:58.624152845Z,01JZ0FG9Y42XRBQ8T7SKWRVM7Z,2025-06-30T13:12:58.624152845Z
01JZ0SZZFD62R60SXVQ97N0FM7,01JZ0S9G3E1V9Y4W1M8GV3AGA9,2025-06-30T16:16:17.389233692Z,01JZ0S9GCCCNBKT0N3T9B2PH95,2025-06-30T16:16:17.389233692Z,01JZ0SJRGQS35RAYEGQY664F9W,2025-06-30T16:16:17.389233692Z,01JZ0SRG0CEZMWVQAPHXXK1E4M,2025-06-30T16:16:17.389233692Z,01JZ0SRGAYBZMPBX0YA7PMP4Q5,2025-06-30T16:16:17.389233692Z
01JZ0FN8WCP3MFDSWJSVHN1Y3V,01JZ0F67X5J6SBR3095JZ2KKHQ,2025-06-30T13:15:40.812832437Z,01JZ0F67ZJJG6P50PFSVWKXYA5,2025-06-30T13:15:40.812832437Z,01JZ0FA7FFS51AB79BBEZA4BBG,2025-06-30T13:15:40.812832437Z,01JZ0FHJQ8D0RWN5BCAZ63DASG,2025-06-30T13:15:40.812832437Z,01JZ0FHJS7XTH01ZN6PC7Y1FGW,2025-06-30T13:15:40.812832437Z
01JZ0FRA0HJHT4H7MR3EPS5WVZ,01JZ0F67X5J6SBR3095JZ2KKHQ,2025-06-30T13:17:20.273655984Z,01JZ0F67ZPF4121D8VQV580KT1,2025-06-30T13:17:20.273655984Z,01JZ0FB6A8PGAA54RRTD4918CR,2025-06-30T13:17:20.273655984Z,01JZ0FG9XDZRN3XPZCPT9HKVD6,2025-06-30T13:17:20.273655984Z,01JZ0FGA0MAJ37EVHGX9QJ548V,2025-06-30T13:17:20.273655984Z
01JZ0FVKEX0FK08T1TE78N8YC4,01JZ0F67X5J6SBR3095JZ2KKHQ,2025-06-30T13:19:08.253194844Z,01JZ0F67ZC5C7QZPK5TEQ23RT2,2025-06-30T13:19:08.253194844Z,01JZ0FD2BN64VRFRHMMV8SJH4Y,2025-06-30T13:19:08.253194844Z,01JZ0FSQ51351EYGBSHM59PBYH,2025-06-30T13:19:08.253194844Z,01JZ0FSQ7KV83BDG9MWWDFWGTJ,2025-06-30T13:19:08.253194844Z
01JZ0HHWXE7PKDWZ1JAJ4JST90,01JZ0H1K4AG17CS34Z9G9MQYDS,2025-06-30T13:48:47.406827686Z,01JZ0H1K78HDDW9F2WM1P8VZMN,2025-06-30T13:48:47.406827686Z,01JZ0H3QQ5CPMXHE11M4R96C48,2025-06-30T13:48:47.406827686Z,01JZ0HAGRNTZZ0EQ8G9VK0FZKV,2025-06-30T13:48:47.406827686Z,01JZ0HAGW58B85XJRP1Q9GGJ6N,2025-06-30T13:48:47.406827686Z
01JZ0HMT8W2D9FJHQVP5WHKNQR,01JZ0H1K4AG17CS34Z9G9MQYDS,2025-06-30T13:50:23.004877363Z,01JZ0H1K706F68YJ8PB50DJAH3,2025-06-30T13:50:23.004877363Z,01JZ0H4Z36PV4JSD83THK2GEDW,2025-06-30T13:50:23.004877363Z,01JZ0HDDPWNYGTK2DVP3JF7ANT,2025-06-30T13:50:23.004877363Z,01JZ0HDDTHP3VCN418R8WTFHP9,2025-06-30T13:50:23.004877363Z
01JZ0MHKJH906N4WGECC4W49AJ,01JZ0KZHFC2GEC175ZSKVHYGR2,2025-06-30T14:41:03.569835908Z,01JZ0KZHGXZ28TMC40NC90GVYX,2025-06-30T14:41:03.569835908Z,01JZ0M3P9VKZ1RS5GDCN0TA36R,2025-06-30T14:41:03.569835908Z,01JZ0M9WV26RA4QFGDHG065E08,2025-06-30T14:41:03.569835908Z,01JZ0M9WZBAF97PK4P0YQCJBFZ,2025-06-30T14:41:03.569835908Z
01JZ0RFSZSMTDXNSVYXSJN6EGQ,01JZ0R44WS56B1WD5354KYAZ6V,2025-06-30T15:49:58.905702143Z,01JZ0R450A0M8Q4QC968ZVRS9H,2025-06-30T15:49:58.905702143Z,01JZ0R9QCHAWV30C13DYNCKKAJ,2025-06-30T15:49:58.905702143Z,01JZ0RFNNCF6C37TZZ1SEPXCQZ,2025-06-30T15:49:58.905702143Z,01JZ0RFP0PNXGY6BWMTVXKC9HK,2025-06-30T15:49:58.905702143Z
01JZ0FHYNXTJY4ZMT4TWQH0F27,01JZ0F67X5J6SBR3095JZ2KKHQ,2025-06-30T13:13:52.061764531Z,01JZ0F67ZGT4J2NC89JRSKF93F,2025-06-30T13:13:52.061764531Z,01JZ0FHE6P54F9Z4HQF75VYPYW,2025-06-30T13:13:52.061764531Z,01JZ0FHY06VJS12RZKPGXVB09V,2025-06-30T13:13:52.061764531Z,01JZ0FHY1D6H1D4DAJN43W8G67,2025-06-30T13:13:52.061764531Z
01JZ0RR0KVQPK65TQ8QGC4SK68,01JZ0R44WS56B1WD5354KYAZ6V,2025-06-30T15:54:27.835857447Z,01JZ0R44ZAP7PYVAMQ60PRQDRH,2025-06-30T15:54:27.835857447Z,01JZ0REQKT4PY43TB41SDFP5R0,2025-06-30T15:54:27.835857447Z,01JZ0RJBMJ9DTWHHQXZG22T28N,2025-06-30T15:54:27.835857447Z,01JZ0RJBW6NBSE447RZSSMW517,2025-06-30T15:54:27.835857447Z
01JZ0T1DVER0GPGDRSWQMYWCX5,01JZ0S9G3E1V9Y4W1M8GV3AGA9,2025-06-30T16:17:04.878259282Z,01JZ0S9G72AZ3MF9HASHX1PW43,2025-06-30T16:17:04.878259282Z,01JZ0SHJF35Z3VHRZEEB8TRRCR,2025-06-30T16:17:04.878259282Z,01JZ0SSF46G85AVW49YEHA1FMJ,2025-06-30T16:17:04.878259282Z,01JZ0SSFHTMY8WVPXXHFCY9DFQ,2025-06-30T16:17:04.878259282Z
01JZ0T1TZW6SJ9XAABX3434Z4S,01JZ0S9G3E1V9Y4W1M8GV3AGA9,2025-06-30T16:17:18.332565449Z,01JZ0S9GD9MABT2H3JKQDC0TB1,2025-06-30T16:17:18.332565449Z,01JZ0SCCGQ4WDJE5VH80FR1DGN,2025-06-30T16:17:18.332565449Z,01JZ0SSG20B146K48M2G5HXG5R,2025-06-30T16:17:18.332565449Z,01JZ0SSGJJ1YVEMXS5VB6KE0CV,2025-06-30T16:17:18.332565449Z
01JZ0RMRESW7VWRVVBW19JTHC4,01JZ0R44WS56B1WD5354KYAZ6V,2025-06-30T15:52:41.177509501Z,01JZ0R44ZYB02HBRR2X1W771BR,2025-06-30T15:52:41.177509501Z,01JZ0R73B6ZBY0XV8TDKBRTHN0,2025-06-30T15:52:41.177509501Z,01JZ0RGZ3DKRXN7JFMF7ZYJ17Q,2025-06-30T15:52:41.177509501Z,01JZ0RGZBCQSNCQFB1WY5ZGE61,2025-06-30T15:52:41.177509501Z
01JZ0G48G9ZKGE954QTDKM41SD,01JZ0F67X5J6SBR3095JZ2KKHQ,2025-06-30T13:23:51.945175596Z,01JZ0F67Z8B8A42G6Y5XQ0NS83,2025-06-30T13:23:51.945175596Z,01JZ0FE684K4966TB954TX4AR0,2025-06-30T13:23:51.945175596Z,01JZ0FW5ERYWRKT75VNMKFW57X,2025-06-30T13:23:51.945175596Z,01JZ0FW60X3TQ3EH9FYEX0B18G,2025-06-30T13:23:51.945175596Z
01JZ0HA6VS93T1Z52EWAH6K3JB,01JZ0H1K4AG17CS34Z9G9MQYDS,2025-06-30T13:44:35.449542817Z,01JZ0H1K7C3FKHJS5GP9RE7N8D,2025-06-30T13:44:35.449542817Z,01JZ0H4BNVJDAKGEAV3D5Z23CC,2025-06-30T13:44:35.449542817Z,01JZ0HA58JCTKG4HFZRBFPTARS,2025-06-30T13:44:35.449542817Z,01JZ0HA5BDJCSKV6SEQ38NDQ0A,2025-06-30T13:44:35.449542817Z
01JZ0K3416P4FXAZC121EKP2FP,01JZ0JJRG62BDVPN4H0KJ2XPWK,2025-06-30T14:15:40.326569004Z,01JZ0JJRKH7XD764W2MEEG7PFH,2025-06-30T14:15:40.326569004Z,01JZ0JVNB15V13M0SKK8XKHN5V,2025-06-30T14:15:40.326569004Z,01JZ0JZD8STSHTGJ2FBE9QM7PE,2025-06-30T14:15:40.326569004Z,01JZ0JZDAWP1RCEJZFJTSQHKND,2025-06-30T14:15:40.326569004Z
01JZ0RNJ2265S53NMWP1AKRS8P,01JZ0R44WS56B1WD5354KYAZ6V,2025-06-30T15:53:07.394325542Z,01JZ0R450M24K8ZS9F18EDTFG6,2025-06-30T15:53:07.394325542Z,01JZ0RBHM6DJSV98KF0MQ35S2E,2025-06-30T15:53:07.394325542Z,01JZ0RFVDEC09529ZV39X1MYHY,2025-06-30T15:53:07.394325542Z,01JZ0RFVNWZ37RVCFT3CE4MRXX,2025-06-30T15:53:07.394325542Z
01JZ0VCFKHPJ2FMKHEMGMKJ787,01JZ0TXM4HA3Q8P6D6TPYYS7R3,2025-06-30T16:40:35.697755528Z,01JZ0TXMAAZJ4VJWA2WTVHG174,2025-06-30T16:40:35.697755528Z,01JZ0V0B0MDT5H6NJ7F2TZ5E0T,2025-06-30T16:40:35.697755528Z,01JZ0V8M85MMPYBMHW7JFE9Q9Z,2025-06-30T16:40:35.697755528Z,01JZ0V8ME4WX8PDMJKAWWF3EBG,2025-06-30T16:40:35.697755528Z
01JZ0FRR5VDHXNAHBM7YQPQ9F0,01JZ0F67X5J6SBR3095JZ2KKHQ,2025-06-30T13:17:34.779832742Z,01JZ0F67ZT8SK3RX0KMQXRZR64,2025-06-30T13:17:34.779832742Z,01JZ0FAY2QGARY5N4MQCWRAXVK,2025-06-30T13:17:34.779832742Z,01JZ0FH23R372KV6QYNWSWRPR1,2025-06-30T13:17:34.779832742Z,01JZ0FH26QRDJQEJBBXQT6SYQ3,2025-06-30T13:17:34.779832742Z
01JZ0FQ0N6XNJ738HT7T09SM7F,01JZ0F67X5J6SBR3095JZ2KKHQ,2025-06-30T13:16:37.926776482Z,01JZ0F67ZEPC67VW242P0YYZAA,2025-06-30T13:16:37.926776482Z,01JZ0FATEZ4BCSXPWP1GNPMBCW,2025-06-30T13:16:37.926776482Z,01JZ0FF15E71ENN4G6Z16M19W3,2025-06-30T13:16:37.926776482Z,01JZ0FF17XY1JBBGEQ9GM57GP8,2025-06-30T13:16:37.926776482Z
01JZ0MJJE1218CM9AMP9YFEAV7,01JZ0KZHFC2GEC175ZSKVHYGR2,2025-06-30T14:41:35.170022705Z,01JZ0KZHHC2JQ9380R79DSYF93,2025-06-30T14:41:35.170022705Z,01JZ0MDJZZT96ZPNBZZTAA3S1D,2025-06-30T14:41:35.170022705Z,01JZ0MGP26NJJGJCWPQGW8F3YX,2025-06-30T14:41:35.170022705Z,01JZ0MGP4J8WFAZFV2NGPFR81V,2025-06-30T14:41:35.170022705Z
01JZ0RR2VBJRFWC1TM05EECSZZ,01JZ0R44WS56B1WD5354KYAZ6V,2025-06-30T15:54:30.123376138Z,01JZ0R450M24K8ZS9F18EDTFG6,2025-06-30T15:54:30.123376138Z,01JZ0RCXVG1DXMY1P3XSZCR2NJ,2025-06-30T15:54:30.123376138Z,01JZ0RFVBFFNRKJT9EHEAYC485,2025-06-30T15:54:30.123376138Z,01JZ0RFVWN170CBGHE0CV24TPX,2025-06-30T15:54:30.123376138Z
01JZ0FN84MKFJ74RXYKXAYPA1Q,01JZ0F67X5J6SBR3095JZ2KKHQ,2025-06-30T13:15:40.052633303Z,01JZ0F67Z61XNM528ZD36RPYGY,2025-06-30T13:15:40.052633303Z,01JZ0FBNEQDTRNKJSVXK2XHXY0,2025-06-30T13:15:40.052633303Z,01JZ0FHHX23ZVHNKQQRRSX500X,2025-06-30T13:15:40.052633303Z,01JZ0FHJ02MHQZPHMZ7ZXH6X24,2025-06-30T13:15:40.052633303Z
01JZ0HHPSR12QXCW52K2KASQ6H,01JZ0H1K4AG17CS34Z9G9MQYDS,2025-06-30T13:48:41.14482424Z,01JZ0H1K7FV78W73P31JXQYTKA,2025-06-30T13:48:41.14482424Z,01JZ0H3TRTXRSVBAX9EY6PPX29,2025-06-30T13:48:41.14482424Z,01JZ0HC59VR7BR28QM5T4X3DVY,2025-06-30T13:48:41.14482424Z,01JZ0HC5C8Z4D5Q4V1J8086SSP,2025-06-30T13:48:41.14482424Z
01JZ0JY5T5QXWM2V5E320GD0YJ,01JZ0JJRG62BDVPN4H0KJ2XPWK,2025-06-30T14:12:58.309171646Z,01JZ0JJRKVJXBJGVYTJ6TBMBFM,2025-06-30T14:12:58.309171646Z,01JZ0JMJ507NBWF493954D1T1J,2025-06-30T14:12:58.309171646Z,01JZ0JW9G1715DA28FHK9V31XS,2025-06-30T14:12:58.309171646Z,01JZ0JW9K2TZ95K0T7FJ60HKEB,2025-06-30T14:12:58.309171646Z
01JZ0MA6ZPJGMREG9C1D0FPMST,01JZ0KZHFC2GEC175ZSKVHYGR2,2025-06-30T14:37:01.302666375Z,01JZ0KZHHH6W8J7M02JDFMAQF5,2025-06-30T14:37:01.302666375Z,01JZ0M0EWSF288X4NSN0YC4ARG,2025-06-30T14:37:01.302666375Z,01JZ0MA574X9M9M5C7JRDZ3A20,2025-06-30T14:37:01.302666375Z,01JZ0MA5A9RHJ12XEVTB3XWF7R,2025-06-30T14:37:01.302666375Z
01JZ0Q0RDATVWVMJ4PCQ75B04S,01JZ0PDFE8X2A24VZSJDD0T2BH,2025-06-30T15:24:17.194097707Z,01JZ0PDFG0TZHQMJ413RSFKXP4,2025-06-30T15:24:17.194097707Z,01JZ0PJ0N9RJK6CWJ28SDNPHWX,2025-06-30T15:24:17.194097707Z,01JZ0PSB96A8RB1ZY4AX160WT7,2025-06-30T15:24:17.194097707Z,01JZ0PSBEF7W1M66Q2ZATJYP2J,2025-06-30T15:24:17.194097707Z
01JZ0FQR6MX36655JTKH2PT45E,01JZ0F67X5J6SBR3095JZ2KKHQ,2025-06-30T13:17:02.036650474Z,01JZ0F67Z228X9RHKVM8F1277D,2025-06-30T13:17:02.036650474Z,01JZ0FD5H390ZWW74EY7R1D7W9,2025-06-30T13:17:02.036650474Z,01JZ0FJ6P04EK093QJBJ8ZQ2DS,2025-06-30T13:17:02.036650474Z,01JZ0FJ6SSEDPR0ACQW6KMPEH0,2025-06-30T13:17:02.036650474Z
01JZ0FSYNJ1F4M0R90DQNBWXZX,01JZ0F67X5J6SBR3095JZ2KKHQ,2025-06-30T13:18:14.194232793Z,01JZ0F67ZGT4J2NC89JRSKF93F,2025-06-30T13:18:14.194232793Z,01JZ0FC4XRFY88GCABCTE4M9JC,2025-06-30T13:18:14.194232793Z,01JZ0FHY0W4D6VMKGANP7KWT5F,2025-06-30T13:18:14.194232793Z,01JZ0FHY479H793YJVYZ4W2H83,2025-06-30T13:18:14.194232793Z
01JZ0HQRBB9FV9VVQE4C8BT9R6,01JZ0H1K4AG17CS34Z9G9MQYDS,2025-06-30T13:51:59.339759537Z,01JZ0H1K6XDYNJQ07N0KM3P1VX,2025-06-30T13:51:59.339759537Z,01JZ0HFAPSHETXH7P0VV2YXR0K,2025-06-30T13:51:59.339759537Z,01JZ0HJ6JG98XAP0W3RSSFXRZE,2025-06-30T13:51:59.339759537Z,01JZ0HJ6QRK76V4Q94XSRCGS89,2025-06-30T13:51:59.339759537Z
01JZ0PK003XGCRAJVZE6A6QEHC,01JZ0NSN7EKS122Z238A4PF66D,2025-06-30T15:16:46.211719069Z,01JZ0NSNAYA5ZEAQVB789Y1XW2,2025-06-30T15:16:46.211719069Z,01JZ0NZBZKHKXTZYA0WX3Y2FFW,2025-06-30T15:16:46.211719069Z,01JZ0PB8DHY95TQGKETVJ4GHPH,2025-06-30T15:16:46.211719069Z,01JZ0PB8JZKGFTA61D359XG87M,2025-06-30T15:16:46.211719069Z
01JZ0FRCPF2BSHAHHD40KPT3P1,01JZ0F67X5J6SBR3095JZ2KKHQ,2025-06-30T13:17:23.023723719Z,01JZ0F67ZNGQ7M2D3G364WEKWP,2025-06-30T13:17:23.023723719Z,01JZ0FBEPD11FSJRWKH4M5M5EZ,2025-06-30T13:17:23.023723719Z,01JZ0FPGD3R4XTCQYX0YWJ9PM8,2025-06-30T13:17:23.023723719Z,01JZ0FPGFYDMCV4FVJVHGQ1D12,2025-06-30T13:17:23.023723719Z
01JZ0K2ZJM3S697VRYVH42QT9N,01JZ0JJRG62BDVPN4H0KJ2XPWK,2025-06-30T14:15:35.764654404Z,01JZ0JJRMFBKARHHQY8ZXKDX2Q,2025-06-30T14:15:35.764654404Z,01JZ0JMENDQ776M5WP6RMTBCJC,2025-06-30T14:15:35.764654404Z,01JZ0K2YEFGBK0DQCQ0ZFX8Q5Z,2025-06-30T14:15:35.764654404Z,01JZ0K2YG3MG98F16RTKVMX7WV,2025-06-30T14:15:35.764654404Z
01JZ0RQRA9P7ANGMPEQR8TZTBN,01JZ0R44WS56B1WD5354KYAZ6V,2025-06-30T15:54:19.337919958Z,01JZ0R450M24K8ZS9F18EDTFG6,2025-06-30T15:54:19.337919958Z,01JZ0R79Q3SA31NRXSVYNGK5T9,2025-06-30T15:54:19.337919958Z,01JZ0RFVC6E4GC14C3S59672JQ,2025-06-30T15:54:19.337919958Z,01JZ0RFVTCMQFHEMMP5Z7XNW0P,2025-06-30T15:54:19.337919958Z
01JZ0FGWC38DDMWVBD7D73AZZ9,01JZ0F67X5J6SBR3095JZ2KKHQ,2025-06-30T13:13:16.931893776Z,01JZ0F67ZEPC67VW242P0YYZAA,2025-06-30T13:13:16.931893776Z,01JZ0F92D7BTC36M9SAY11MMN5,2025-06-30T13:13:16.931893776Z,01JZ0FF152BEQYSVW0DGQ8J2MY,2025-06-30T13:13:16.931893776Z,01JZ0FF16924XPFD3ZH6W912TQ,2025-06-30T13:13:16.931893776Z
01JZ0K4FDB1AHK8ZCE46C0QYCT,01JZ0JJRG62BDVPN4H0KJ2XPWK,2025-06-30T14:16:24.747193301Z,01JZ0JJRK7MTN7FAC1224V82KC,2025-06-30T14:16:24.747193301Z,01JZ0JSGH5RS66YM2SX89684C5,2025-06-30T14:16:24.747193301Z,01JZ0JYWVCPFC72SM7P2B0329V,2025-06-30T14:16:24.747193301Z,01JZ0JYX23PF1NPBTZZX0SD193,2025-06-30T14:16:24.747193301Z
01JZ0KAZA7TJT9TFDPC6Y9DYCX,01JZ0JJRG62BDVPN4H0KJ2XPWK,2025-06-30T14:19:57.639517084Z,01JZ0JJRMFBKARHHQY8ZXKDX2Q,2025-06-30T14:19:57.639517084Z,01JZ0JQQMSRZZJ1P2ESVX6GNQJ,2025-06-30T14:19:57.639517084Z,01JZ0K2YF7778KQ4YKNN0MRG3Q,2025-06-30T14:19:57.639517084Z,01JZ0K2YMWED0SR563EGS70F1J,2025-06-30T14:19:57.639517084Z
01JZ0R1PG1CECPXQE5J2D41RE3,01JZ0QGE33ZWYV7A3256FYEZA6,2025-06-30T15:42:16.577245333Z,01JZ0QGE4MQBM7ZJEFVQMWJX02,2025-06-30T15:42:16.577245333Z,01JZ0PT5KC8Z5R5S27XDY9AR52,2025-06-30T15:42:16.577245333Z,01JZ0QT8DPXJ05M7TDP99CPQ9M,2025-06-30T15:42:16.577245333Z,01JZ0QT8M1XD60YRTB64RNM57M,2025-06-30T15:42:16.577245333Z
01JZ0RSVWC6EV1MF354Z8K9W3C,01JZ0R44WS56B1WD5354KYAZ6V,2025-06-30T15:55:28.524698387Z,01JZ0R44ZAP7PYVAMQ60PRQDRH,2025-06-30T15:55:28.524698387Z,01JZ0RE6P0QX4X0JPFQFZG4YVE,2025-06-30T15:55:28.524698387Z,01JZ0RJBN6E2M05T50P1ZF4TMN,2025-06-30T15:55:28.524698387Z,01JZ0RJBYQ89CAB99QXF8PEFK5,2025-06-30T15:55:28.524698387Z
01JZ0FYMYS48BXARRM9T44GCSE,01JZ0F67X5J6SBR3095JZ2KKHQ,2025-06-30T13:20:48.089911428Z,01JZ0F67Z9QH00F8GAYATW0H4D,2025-06-30T13:20:48.089911428Z,01JZ0FBSD3M4A6AAX7FYM85E2Y,2025-06-30T13:20:48.089911428Z,01JZ0FTXTTSA7KPT3ZKN66DGDE,2025-06-30T13:20:48.089911428Z,01JZ0FTY03MGJHCEKPX36GV0HC,2025-06-30T13:20:48.089911428Z
01JZ0FKDDESR1Q5SJ9KN4BQERK,01JZ0F67X5J6SBR3095JZ2KKHQ,2025-06-30T13:14:39.918755305Z,01JZ0F67Z61XNM528ZD36RPYGY,2025-06-30T13:14:39.918755305Z,01JZ0FCDGSPH1H2BZZPN1QS63M,2025-06-30T13:14:39.918755305Z,01JZ0FHHX23ZVHNKQQRRSX500X,2025-06-30T13:14:39.918755305Z,01JZ0FHHZZ9892CX6GDJA31V1J,2025-06-30T13:14:39.918755305Z
01JZ0FQR7M2M8D965VYM9JRQYA,01JZ0F67X5J6SBR3095JZ2KKHQ,2025-06-30T13:17:02.068376992Z,01JZ0F67Z228X9RHKVM8F1277D,2025-06-30T13:17:02.068376992Z,01JZ0FBEXX6YYXM4ZAGWM86RSZ,2025-06-30T13:17:02.068376992Z,01JZ0FJ6P04EK093QJBJ8ZQ2DS,2025-06-30T13:17:02.068376992Z,01JZ0FJ6SSEDPR0ACQW6KMPEH0,2025-06-30T13:17:02.068376992Z
01JZ0FR5JZ3SKGJCQFASQF4HKD,01JZ0F67X5J6SBR3095JZ2KKHQ,2025-06-30T13:17:15.743789107Z,01JZ0F67ZFPZEHV6BKFXQYDXZZ,2025-06-30T13:17:15.743789107Z,01JZ0FBS7JDEVVPEXEYNA1T4RE,2025-06-30T13:17:15.743789107Z,01JZ0FG2SJJXSPJMK47NEFHHR0,2025-06-30T13:17:15.743789107Z,01JZ0FG30S8SK0E7TF5JG8VH83,2025-06-30T13:17:15.743789107Z
01JZ0FXBK1J3SMC9QHEYZTDRR8,01JZ0F67X5J6SBR3095JZ2KKHQ,2025-06-30T13:20:05.729881925Z,01JZ0F67Z9QH00F8GAXY086HB5,2025-06-30T13:20:05.729881925Z,01JZ0FBZBPYQ4FYZK11FHC8KJR,2025-06-30T13:20:05.729881925Z,01JZ0FNMGQ5DPDKWZXXZ5M1790,2025-06-30T13:20:05.729881925Z,01JZ0FNMR5G6GYR0X5ND95B7MG,2025-06-30T13:20:05.729881925Z
01JZ0MJ5EPWDC3GRF1EXYDYG82,01JZ0KZHFC2GEC175ZSKVHYGR2,2025-06-30T14:41:21.878542889Z,01JZ0KZHH6W8XDVC696R9C92DG,2025-06-30T14:41:21.878542889Z,01JZ0M3AJTJTBWN32ZGK0JDM10,2025-06-30T14:41:21.878542889Z,01JZ0MCKBEDXBCTH25HMPCZETY,2025-06-30T14:41:21.878542889Z,01JZ0MCKE44Q59B1909WN6GQV8,2025-06-30T14:41:21.878542889Z
01JZ0RR0JE11K0ZE4ERMSK4H52,01JZ0R44WS56B1WD5354KYAZ6V,2025-06-30T15:54:27.790109958Z,01JZ0R44ZAP7PYVAMQ60PRQDRH,2025-06-30T15:54:27.790109958Z,01JZ0R7SM9A3MD6J7CWH0BFG4D,2025-06-30T15:54:27.790109958Z,01JZ0RJBMJ9DTWHHQXZG22T28N,2025-06-30T15:54:27.790109958Z,01JZ0RJBW6NBSE447RZSSMW517,2025-06-30T15:54:27.790109958Z
01JZ0SP74PY3J5H72TWBVPCF89,01JZ0S9G3E1V9Y4W1M8GV3AGA9,2025-06-30T16:10:57.55845286Z,01JZ0S9G7VJHRZZRV1KXAXAXSY,2025-06-30T16:10:57.55845286Z,01JZ0SHSYCA0N91MC48RJ4Q13V,2025-06-30T16:10:57.55845286Z,01JZ0SP4A04XPV6N27S5YJ1WSZ,2025-06-30T16:10:57.55845286Z,01JZ0SP4HR50WP99GXDS4YC9FK,2025-06-30T16:10:57.55845286Z
01JZ0FJQ4A07NQ9NG07Z38RG2V,01JZ0F67X5J6SBR3095JZ2KKHQ,2025-06-30T13:14:17.098082365Z,01JZ0F67ZEPC67VW242P0YYZAA,2025-06-30T13:14:17.098082365Z,01JZ0FB4C7Y78SJ4DA45DQ131P,2025-06-30T13:14:17.098082365Z,01JZ0FF152BEQYSVW0DGQ8J2MY,2025-06-30T13:14:17.098082365Z,01JZ0FF16BVJA89DB3AAC6QT97,2025-06-30T13:14:17.098082365Z
01JZ0T6TEGHW4ZBMRFFJ3Z3WCC,01JZ0S9G3E1V9Y4W1M8GV3AGA9,2025-06-30T16:20:01.616344808Z,01JZ0S9G8MSQJNW9QDDX82T8EZ,2025-06-30T16:20:01.616344808Z,01JZ0T2XSJ0AG7V7PM1MRXSRY8,2025-06-30T16:20:01.616344808Z,01JZ0T2Z776H5NYH3952M90NE0,2025-06-30T16:20:01.616344808Z,01JZ0T2ZGDPH2GRZSCAH1EZ3W6,2025-06-30T16:20:01.616344808Z
01JZ0FW7ZP2DJ77BYRWX9WA0AB,01JZ0F67X5J6SBR3095JZ2KKHQ,2025-06-30T13:19:29.270475962Z,01JZ0F67Z8B8A42G6Y5XQ0NS83,2025-06-30T13:19:29.270475962Z,01JZ0FEY0G09HWKF9WWANREXZ5,2025-06-30T13:19:29.270475962Z,01JZ0FW5HE1H38YZ9NH65TR9EG,2025-06-30T13:19:29.270475962Z,01JZ0FW5JJ8F4D6M3T2N3KG781,2025-06-30T13:19:29.270475962Z
01JZ0HJ8EV672Q5V7WTD5EVZBS,01JZ0H1K4AG17CS34Z9G9MQYDS,2025-06-30T13:48:59.227950702Z,01JZ0H1K7HVYD71R3W6V80C6V1,2025-06-30T13:48:59.227950702Z,01JZ0H5AXYRKCCAM24KW8RVMWP,2025-06-30T13:48:59.227950702Z,01JZ0HAVRZTB7R8WB82KCJKAG0,2025-06-30T13:48:59.227950702Z,01JZ0HAVWA0FZ1NWBPG5ABKGBB,2025-06-30T13:48:59.227950702Z
01JZ0K8B97RFWRP8W33DYP9BBT,01JZ0JJRG62BDVPN4H0KJ2XPWK,2025-06-30T14:18:31.591745012Z,01JZ0JJRM7K0MBX3MKCVTKC5NR,2025-06-30T14:18:31.591745012Z,01JZ0JN7RSB9BF97M9JFFC8QWA,2025-06-30T14:18:31.591745012Z,01JZ0K099NNS02HGWW23F906B5,2025-06-30T14:18:31.591745012Z,01JZ0K09MK8N8E3Q5AQXC6W588,2025-06-30T14:18:31.591745012Z
01JZ0PBNZM9DSSCCJAEZB2M159,01JZ0NSN7EKS122Z238A4PF66D,2025-06-30T15:12:46.580833741Z,01JZ0NSNACQB6FV8GE0XS7JKF9,2025-06-30T15:12:46.580833741Z,01JZ0P111DGX2GYFS2HKPTTG1D,2025-06-30T15:12:46.580833741Z,01JZ0P7YN1V2MR96D77PEXSMK2,2025-06-30T15:12:46.580833741Z,01JZ0P7YRD4XMCX0X4F8SJDY4M,2025-06-30T15:12:46.580833741Z
01JZ0FJ7MWD4D80RFF49YBZP97,01JZ0F67X5J6SBR3095JZ2KKHQ,2025-06-30T13:14:01.244583745Z,01JZ0F67Z228X9RHKVM8F1277D,2025-06-30T13:14:01.244583745Z,01JZ0FBEXX6YYXM4ZAGWM86RSZ,2025-06-30T13:14:01.244583745Z,01JZ0FJ6NQX01VQWMRP31DSAN5,2025-06-30T13:14:01.244583745Z,01JZ0FJ6QQAVDHD4CP69ZGJSAH,2025-06-30T13:14:01.244583745Z
01JZ0FPP5EYVEPNP99AAHW918Q,01JZ0F67X5J6SBR3095JZ2KKHQ,2025-06-30T13:16:27.183012462Z,01JZ0F67ZBCBNFH7W25EXNBXDS,2025-06-30T13:16:27.183012462Z,01JZ0FCN8BDH6X8PVE3VG95N20,2025-06-30T13:16:27.183012462Z,01JZ0FMTH61B85RYBN11B94K2X,2025-06-30T13:16:27.183012462Z,01JZ0FMTJF1WZN1A88JYEMEF1J,2025-06-30T13:16:27.183012462Z
01JZ0FSN1FS6ACAYD8RVXYR8XG,01JZ0F67X5J6SBR3095JZ2KKHQ,2025-06-30T13:18:04.335121162Z,01JZ0F67Z49S75BR56TBMFCZ55,2025-06-30T13:18:04.335121162Z,01JZ0FBTZN02PXBW67S86C0YTF,2025-06-30T13:18:04.335121162Z,01JZ0FQRVP5GMFQVC581G5X73Z,2025-06-30T13:18:04.335121162Z,01JZ0FQRY0R9HPTNKXRYWC5DCZ,2025-06-30T13:18:04.335121162Z
01JZ0HB6YYX509KR4EFXP0D5WG,01JZ0H1K4AG17CS34Z9G9MQYDS,2025-06-30T13:45:08.318147229Z,01JZ0H1K7KVN4Q30DF0C4SZNQW,2025-06-30T13:45:08.318147229Z,01JZ0H3FWJS4NSARZAFMVPHGS8,2025-06-30T13:45:08.318147229Z,01JZ0H9B6QJSN4ERPYEHH37CV2,2025-06-30T13:45:08.318147229Z,01JZ0H9B876E36HQ9MRHAW0HGM,2025-06-30T13:45:08.318147229Z
01JZ0FPCMA779G5CRNXQYV7EH4,01JZ0F67X5J6SBR3095JZ2KKHQ,2025-06-30T13:16:17.418659481Z,01JZ0F67ZEPC67VW242P0YYZAA,2025-06-30T13:16:17.418659481Z,01JZ0FATEZ4BCSXPWP1GNPMBCW,2025-06-30T13:16:17.418659481Z,01JZ0FF15AHE88P0R0P51NTMAK,2025-06-30T13:16:17.418659481Z,01JZ0FF16X6T4NKTWJV4SZPBZJ,2025-06-30T13:16:17.418659481Z
01JZ0P66XS1CPK72V21KGM9GHK,01JZ0NSN7EKS122Z238A4PF66D,2025-06-30T15:09:47.321554705Z,01JZ0NSNC1W3B8HBKV7A156B13,2025-06-30T15:09:47.321554705Z,01JZ0P0DBN2YTW4V5ATZNQEJS0,2025-06-30T15:09:47.321554705Z,01JZ0P49FFMBGZM8VGX8RR699K,2025-06-30T15:09:47.321554705Z,01JZ0P49MXQF3N5WGQ72S23SRA,2025-06-30T15:09:47.321554705Z
01JZ0HF9R2RPRTJ2NRTVGEF2RQ,01JZ0H1K4AG17CS34Z9G9MQYDS,2025-06-30T13:47:22.24267502Z,01JZ0H1K706F68YJ8PB50DJAH3,2025-06-30T13:47:22.24267502Z,01JZ0H3PV9DACRQS4WSM89RZB3,2025-06-30T13:47:22.24267502Z,01JZ0HDDQ1TQC05SZV1MP12GS4,2025-06-30T13:47:22.24267502Z,01JZ0HDDS74239BGHWBEHATDCG,2025-06-30T13:47:22.24267502Z
01JZ0FPFJDB7ARCH3A16YZ892F,01JZ0F67X5J6SBR3095JZ2KKHQ,2025-06-30T13:16:20.429340733Z,01JZ0F6805RKXP4JKMN5N89R8W,2025-06-30T13:16:20.429340733Z,01JZ0FB7Q8CPCSMQA1PGA0EPYG,2025-06-30T13:16:20.429340733Z,01JZ0FEFHSBSB637K552GM7TFY,2025-06-30T13:16:20.429340733Z,01JZ0FEFN867QSVHM6W73CG8WZ,2025-06-30T13:16:20.429340733Z
01JZ0HG1YDW3TJY5AFASN2TBQ3,01JZ0H1K4AG17CS34Z9G9MQYDS,2025-06-30T13:47:47.021393074Z,01JZ0H1K78HDDW9F2WM1P8VZMN,2025-06-30T13:47:47.021393074Z,01JZ0H5BHKCTD3T58KE49ABST6,2025-06-30T13:47:47.021393074Z,01JZ0HAGSF134DXMQJAXEF8DCZ,2025-06-30T13:47:47.021393074Z,01JZ0HAGVF39FFXQR2BKWVDE2J,2025-06-30T13:47:47.021393074Z
01JZ0HKVS870JZM2HRDRMD5VGW,01JZ0H1K4AG17CS34Z9G9MQYDS,2025-06-30T13:49:51.784384267Z,01JZ0H1K7FV78W73P31JXQYTKA,2025-06-30T13:49:51.784384267Z,01JZ0H42HREFCMBGJBTZGE91GN,2025-06-30T13:49:51.784384267Z,01JZ0HC59EJJQ51Y8HSY95M67R,2025-06-30T13:49:51.784384267Z,01JZ0HC5E3SJJ3PGY99Z74TCG7,2025-06-30T13:49:51.784384267Z
01JZ0HKVT2MJMQK8Z6SQCRW251,01JZ0H1K4AG17CS34Z9G9MQYDS,2025-06-30T13:49:51.811003593Z,01JZ0H1K7FV78W73P31JXQYTKA,2025-06-30T13:49:51.811003593Z,01JZ0H4KADAPWGV6ZSDZSCPDP8,2025-06-30T13:49:51.811003593Z,01JZ0HC59EJJQ51Y8HSY95M67R,2025-06-30T13:49:51.811003593Z,01JZ0HC5E3SJJ3PGY99Z74TCG7,2025-06-30T13:49:51.811003593Z
01JZ0RHNDX2CBG7CXVE0NPJC93,01JZ0R44WS56B1WD5354KYAZ6V,2025-06-30T15:50:59.773974811Z,01JZ0R450A0M8Q4QC968ZVRS9H,2025-06-30T15:50:59.773974811Z,01JZ0RC5VA1XYK8MB53Q5K9XJR,2025-06-30T15:50:59.773974811Z,01JZ0RFNY7CAK7Q2XWPCT4A1FS,2025-06-30T15:50:59.773974811Z,01JZ0RFP58S8RRFVCNFV24DFHV,2025-06-30T15:50:59.773974811Z
01JZ0FKTHXXY2MPK5BZ7G8BWXF,01JZ0F67X5J6SBR3095JZ2KKHQ,2025-06-30T13:14:53.373567623Z,01JZ0F67ZFPZEHV6BKFXQYDXZZ,2025-06-30T13:14:53.373567623Z,01JZ0FCATDZZRW2H907E68E72B,2025-06-30T13:14:53.373567623Z,01JZ0FG2TMDGKK0EJR14EYFE7R,2025-06-30T13:14:53.373567623Z,01JZ0FG2WQ5VW6F0XDQK1WWA5Z,2025-06-30T13:14:53.373567623Z
01JZ0FZTBC4HRCZ6TJ06AYFJZA,01JZ0F67X5J6SBR3095JZ2KKHQ,2025-06-30T13:21:26.380359085Z,01JZ0F67Z49S75BR56TBMFCZ55,2025-06-30T13:21:26.380359085Z,01JZ0FBHX2TJBWPC22SZF26RQD,2025-06-30T13:21:26.380359085Z,01JZ0FQRVWYE6EMF2428JYY8X6,2025-06-30T13:21:26.380359085Z,01JZ0FQS0KNN5R7P08HN8ZVR07,2025-06-30T13:21:26.380359085Z
01JZ0HCCFB6BQP34T8AWRHG664,01JZ0H1K4AG17CS34Z9G9MQYDS,2025-06-30T13:45:46.731818822Z,01JZ0H1K78HDDW9F2WM1P8VZMN,2025-06-30T13:45:46.731818822Z,01JZ0H3DD6JF5G5S76TR0MC0NN,2025-06-30T13:45:46.731818822Z,01JZ0HAGSF134DXMQJAXEF8DCZ,2025-06-30T13:45:46.731818822Z,01JZ0HAGV24QCEKDTHBMED66MS,2025-06-30T13:45:46.731818822Z
01JZ0JZED0PNT8QWY2BB0NBAEK,01JZ0JJRG62BDVPN4H0KJ2XPWK,2025-06-30T14:13:39.872823393Z,01JZ0JJRKH7XD764W2MEEG7PFH,2025-06-30T14:13:39.872823393Z,01JZ0JNPB8GHT0X464XPMVEBH9,2025-06-30T14:13:39.872823393Z,01JZ0JZD7EA6CMM8J6BT29CG7T,2025-06-30T14:13:39.872823393Z,01JZ0JZD97EJQ2M37YKB60S9TM,2025-06-30T14:13:39.872823393Z
01JZ0STWJ2F2HSAD57VT6BYAMB,01JZ0S9G3E1V9Y4W1M8GV3AGA9,2025-06-30T16:13:30.562408761Z,01JZ0S9G9GQDAYDBEESMGH4RA5,2025-06-30T16:13:30.562408761Z,01JZ0SBEC2RYDPHTJZRV8KRQ54,2025-06-30T16:13:30.562408761Z,01JZ0SQ3C15Q09HYAH12H13T16,2025-06-30T16:13:30.562408761Z,01JZ0SQ3KDY9WQAA8Z0H2XVE1P,2025-06-30T16:13:30.562408761Z
01JZ0V92V5X46SFNYFSEWD6JH4,01JZ0TXM4HA3Q8P6D6TPYYS7R3,2025-06-30T16:38:44.325269289Z,01JZ0TXM7C18DJWS688K2WH576,2025-06-30T16:38:44.325269289Z,01JZ0V0F9D3P0J9G840CC0A66D,2025-06-30T16:38:44.325269289Z,01JZ0V8ZPY044NTMZW4ZXBD0TN,2025-06-30T16:38:44.325269289Z,01JZ0V8ZX0W3VYTA2SDFYF9AQ0,2025-06-30T16:38:44.325269289Z
01JZ0FSMN5YVDEXAQY3HSKETM8,01JZ0F67X5J6SBR3095JZ2KKHQ,2025-06-30T13:18:03.941222924Z,01JZ0F67ZGT4J2NC89JRSKF93F,2025-06-30T13:18:03.941222924Z,01JZ0FC4XRFY88GCABCTE4M9JC,2025-06-30T13:18:03.941222924Z,01JZ0FHY0YX6VXD837C7T744D0,2025-06-30T13:18:03.941222924Z,01JZ0FHY3M9QVXEYX75MCXVM2N,2025-06-30T13:18:03.941222924Z
01JZ0FSA8J8Z3MCCD2NHP3C9ME,01JZ0F67X5J6SBR3095JZ2KKHQ,2025-06-30T13:17:53.298227491Z,01JZ0F67ZGT4J2NC89JRSKF93F,2025-06-30T13:17:53.298227491Z,01JZ0FCJAG0CXVXJTMS0286MXB,2025-06-30T13:17:53.298227491Z,01JZ0FHY09H13NPSRC55BEESBF,2025-06-30T13:17:53.298227491Z,01JZ0FHY313G9KTA8DZNMVB3SX,2025-06-30T13:17:53.298227491Z
01JZ0FT7HBQN00MV041H424478,01JZ0F67X5J6SBR3095JZ2KKHQ,2025-06-30T13:18:23.27574699Z,01JZ0F67ZNGQ7M2D3G364WEKWP,2025-06-30T13:18:23.27574699Z,01JZ0FKQ7AX8YHTTQGW1AQZB94,2025-06-30T13:18:23.27574699Z,01JZ0FPGD3R4XTCQYX0YWJ9PM8,2025-06-30T13:18:23.27574699Z,01JZ0FPGG9R0MSXA37965M733H,2025-06-30T13:18:23.27574699Z
01JZ0PCBW0PMXKEZ6F7134K3E7,01JZ0NSN7EKS122Z238A4PF66D,2025-06-30T15:13:08.99258014Z,01JZ0NSNC1W3B8HBKV7A156B13,2025-06-30T15:13:08.99258014Z,01JZ0P0GZR09Z9DMSV67CDPA5W,2025-06-30T15:13:08.99258014Z,01JZ0P49DXHNBVFYTYSBHGV2EW,2025-06-30T15:13:08.99258014Z,01JZ0P49ZFWQ1FQ6RF2WGSDWVN,2025-06-30T15:13:08.99258014Z
01JZ0SYYY94MVAXTCFWJ6TFBWQ,01JZ0S9G3E1V9Y4W1M8GV3AGA9,2025-06-30T16:15:44.073187905Z,01JZ0S9GBDE95BAEJ35DY3VGC4,2025-06-30T16:15:44.073187905Z,01JZ0SEY1R1NKY7QYBNSN52N16,2025-06-30T16:15:44.073187905Z,01JZ0SQEDMCRC0SE3ZVA9VRSZR,2025-06-30T16:15:44.073187905Z,01JZ0SQEQ0KCNG93ZTV2FW9MYQ,2025-06-30T16:15:44.073187905Z
01JZ0FGAVQTC9ZDWN6DGD4YWFC,01JZ0F67X5J6SBR3095JZ2KKHQ,2025-06-30T13:12:58.999190317Z,01JZ0F6805RKXP4JKMN5N89R8W,2025-06-30T13:12:58.999190317Z,01JZ0FAWW52BSADP6XRFJZKM7N,2025-06-30T13:12:58.999190317Z,01JZ0FEFHXWJDW412MQGZ1YMFV,2025-06-30T13:12:58.999190317Z,01JZ0FEFKFW9ZNMB0GZ41Y9BKN,2025-06-30T13:12:58.999190317Z
01JZ0FQZY3FZH7N7GF0VJGBPKX,01JZ0F67X5J6SBR3095JZ2KKHQ,2025-06-30T13:17:09.95598397Z,01JZ0F67ZPF4121D8VQV580KT1,2025-06-30T13:17:09.95598397Z,01JZ0FAETV0DGAJW6J3NP3S5YD,2025-06-30T13:17:09.95598397Z,01JZ0FG9XP257X71Y6S76BWV4E,2025-06-30T13:17:09.95598397Z,01JZ0FGA04XG30PW7JD903HZR0,2025-06-30T13:17:09.95598397Z
01JZ0MJ73JH57HXWJ66P4K0KKV,01JZ0KZHFC2GEC175ZSKVHYGR2,2025-06-30T14:41:23.570580767Z,01JZ0KZHHH6W8J7M02JDFMAQF5,2025-06-30T14:41:23.570580767Z,01JZ0M0EWSF288X4NSN0YC4ARG,2025-06-30T14:41:23.570580767Z,01JZ0MA58AFR1YHAHJ30MZZQB7,2025-06-30T14:41:23.570580767Z,01JZ0MA5HZ1TS589QCBEPC6VJY,2025-06-30T14:41:23.570580767Z
01JZ0MMD6TBDVNPZGRNR48ETD0,01JZ0KZHFC2GEC175ZSKVHYGR2,2025-06-30T14:42:35.354416025Z,01JZ0KZHHC2JQ9380R79DSYF93,2025-06-30T14:42:35.354416025Z,01JZ0MDJZZT96ZPNBZZTAA3S1D,2025-06-30T14:42:35.354416025Z,01JZ0MGP26NJJGJCWPQGW8F3YX,2025-06-30T14:42:35.354416025Z,01JZ0MGP52H1KJ31M2K04FHCQX,2025-06-30T14:42:35.354416025Z
01JZ0FMZA834KHFWZ5QVS6EQ6W,01JZ0F67X5J6SBR3095JZ2KKHQ,2025-06-30T13:15:31.016074671Z,01JZ0F67ZKKPGDC64ETWQZ69WV,2025-06-30T13:15:31.016074671Z,01JZ0FD6EFW093P2J0FEY97NKZ,2025-06-30T13:15:31.016074671Z,01JZ0FFEABFZ5CT87GW8737MVN,2025-06-30T13:15:31.016074671Z,01JZ0FFECEHWCZXBE0NC4VHJ7J,2025-06-30T13:15:31.016074671Z
01JZ0HKHQSHD7MXY0C8QTZFESG,01JZ0H1K4AG17CS34Z9G9MQYDS,2025-06-30T13:49:41.497485175Z,01JZ0H1K7FV78W73P31JXQYTKA,2025-06-30T13:49:41.497485175Z,01JZ0H42HREFCMBGJBTZGE91GN,2025-06-30T13:49:41.497485175Z,01JZ0HC59N7VESSFANXQJ72DZ3,2025-06-30T13:49:41.497485175Z,01JZ0HC5D8EM51E0NPVJJ49FMZ,2025-06-30T13:49:41.497485175Z
01JZ0M8WDNBT6XAZ356YSHVQD4,01JZ0KZHFC2GEC175ZSKVHYGR2,2025-06-30T14:36:17.717503398Z,01JZ0KZHGK1V8ZC0AXDBXBYAX9,2025-06-30T14:36:17.717503398Z,01JZ0M1CDMV1DW6G5GC0CGAP7Z,2025-06-30T14:36:17.717503398Z,01JZ0M8V6C61XVRFPHS8RWYS7W,2025-06-30T14:36:17.717503398Z,01JZ0M8V88GCFHK9B8ECZFSXDA,2025-06-30T14:36:17.717503398Z
01JZ0RN2A4Z9XZJNGGBZAYYNXD,01JZ0R44WS56B1WD5354KYAZ6V,2025-06-30T15:52:51.268861607Z,01JZ0R44YD4TQ1QQVW9H1W0WBF,2025-06-30T15:52:51.268861607Z,01JZ0R6DH2W2W2NRB6MJ1KHHEC,2025-06-30T15:52:51.268861607Z,01JZ0RDJBC3M7VJVVNTZ765VZZ,2025-06-30T15:52:51.268861607Z,01JZ0RDJRRH5SAYZ8MMPTW81CY,2025-06-30T15:52:51.268861607Z
01JZ0VH6AGCSS3AXDCJ5NYYN34,01JZ0TXM4HA3Q8P6D6TPYYS7R3,2025-06-30T16:43:10.032291796Z,01JZ0TXM7C18DJWS688K2WH576,2025-06-30T16:43:10.032291796Z,01JZ0TZYZXZDYD29K8ANGZ398R,2025-06-30T16:43:10.032291796Z,01JZ0V8ZTNVSWJ9G2H4MRHHPET,2025-06-30T16:43:10.032291796Z,01JZ0V909C373QS7799JXY9YVC,2025-06-30T16:43:10.032291796Z
01JZ0HF9Q1S6D6DPS8MEABNHTG,01JZ0H1K4AG17CS34Z9G9MQYDS,2025-06-30T13:47:22.209902062Z,01JZ0H1K706F68YJ8PB50DJAH3,2025-06-30T13:47:22.209902062Z,01JZ0H3DQBF6NG57HME37ZG9W2,2025-06-30T13:47:22.209902062Z,01JZ0HDDQ1TQC05SZV1MP12GS4,2025-06-30T13:47:22.209902062Z,01JZ0HDDS74239BGHWBEHATDCG,2025-06-30T13:47:22.209902062Z
01JZ0PJZZJJ05PRQ2AFTXEWW4N,01JZ0NSN7EKS122Z238A4PF66D,2025-06-30T15:16:46.194663184Z,01JZ0NSNAYA5ZEAQVB789Y1XW2,2025-06-30T15:16:46.194663184Z,01JZ0NVNVCS2PF70NRPAQFB4PC,2025-06-30T15:16:46.194663184Z,01JZ0PB8DHY95TQGKETVJ4GHPH,2025-06-30T15:16:46.194663184Z,01JZ0PB8JZKGFTA61D359XG87M,2025-06-30T15:16:46.194663184Z
01JZ0TB7GZHS4TQBDGDYHHPMWW,01JZ0S9G3E1V9Y4W1M8GV3AGA9,2025-06-30T16:22:26.079963463Z,01JZ0S9G8MSQJNW9QDDX82T8EZ,2025-06-30T16:22:26.079963463Z,01JZ0SQN0MATNWGY38TW5RFDS2,2025-06-30T16:22:26.079963463Z,01JZ0T2ZBBK5N03NFCZRN4R3GR,2025-06-30T16:22:26.079963463Z,01JZ0T2ZSED3J1H4QV6YETH1VM,2025-06-30T16:22:26.079963463Z
01JZ0PG0JTX877X96G47VM75GS,01JZ0NSN7EKS122Z238A4PF66D,2025-06-30T15:15:08.506674671Z,01JZ0NSNACQB6FV8GE0XS7JKF9,2025-06-30T15:15:08.506674671Z,01JZ0P1TX10FFYPX0ZCGHE89AS,2025-06-30T15:15:08.506674671Z,01JZ0P7YP7SFT6YST1RXA150KJ,2025-06-30T15:15:08.506674671Z,01JZ0P7YWKC5S0E0Z41QN5DB90,2025-06-30T15:15:08.506674671Z
01JZ0HW0F4ZZGFTRA029NFGHTN,01JZ0H1K4AG17CS34Z9G9MQYDS,2025-06-30T13:54:18.724705379Z,01JZ0H1K72P9WWMQFG7ACVRNHM,2025-06-30T13:54:18.724705379Z,01JZ0H8K2CDF6MZFYJA1D8AYDZ,2025-06-30T13:54:18.724705379Z,01JZ0HKZ3019V16DNNX4C0SER7,2025-06-30T13:54:18.724705379Z,01JZ0HKZ993S1Q2M5ZDQE5DPHV,2025-06-30T13:54:18.724705379Z
01JZ0MAQCWPMAZ17V4JXBX51G1,01JZ0KZHFC2GEC175ZSKVHYGR2,2025-06-30T14:37:18.108592009Z,01JZ0KZHGK1V8ZC0AXDBXBYAX9,2025-06-30T14:37:18.108592009Z,01JZ0M1CDMV1DW6G5GC0CGAP7Z,2025-06-30T14:37:18.108592009Z,01JZ0M8V6QTQ2XMY7H3K1D6P3H,2025-06-30T14:37:18.108592009Z,01JZ0M8V9B8GNP5G24AABGPAB2,2025-06-30T14:37:18.108592009Z
01JZ0MHXNDN1YNEZZ60VWGN1BR,01JZ0KZHFC2GEC175ZSKVHYGR2,2025-06-30T14:41:13.90119025Z,01JZ0KZHGXZ28TMC40NC90GVYX,2025-06-30T14:41:13.90119025Z,01JZ0M7J5WS1CYEZCS1370MV2S,2025-06-30T14:41:13.90119025Z,01JZ0M9WVB1WWHT5K6G6X9W59V,2025-06-30T14:41:13.90119025Z,01JZ0M9X08W85492TW3PQ0RMWV,2025-06-30T14:41:13.90119025Z
01JZ0PKAH2H566EDK7R08Y6BF6,01JZ0NSN7EKS122Z238A4PF66D,2025-06-30T15:16:56.994184547Z,01JZ0NSNAYA5ZEAQVB789Y1XW2,2025-06-30T15:16:56.994184547Z,01JZ0NVNVCS2PF70NRPAQFB4PC,2025-06-30T15:16:56.994184547Z,01JZ0PB8DV4NZFG3Y6Z26RWACH,2025-06-30T15:16:56.994184547Z,01JZ0PB8M7YWCC7M3BSKCMWZ0R,2025-06-30T15:16:56.994184547Z
01JZ0T1312J0Y9ETD8ZZB9VF6F,01JZ0S9G3E1V9Y4W1M8GV3AGA9,2025-06-30T16:16:53.794623298Z,01JZ0S9G72AZ3MF9HASHX1PW43,2025-06-30T16:16:53.794623298Z,01JZ0SHJF35Z3VHRZEEB8TRRCR,2025-06-30T16:16:53.794623298Z,01JZ0SSF537SEH889S5Y9R5QVG,2025-06-30T16:16:53.794623298Z,01JZ0SSFFMBCDP4YYA64Y4ZRYS,2025-06-30T16:16:53.794623298Z
01JZ0FHZKJEKVJ0TN9VD389Y2G,01JZ0F67X5J6SBR3095JZ2KKHQ,2025-06-30T13:13:53.010949148Z,01JZ0F67Z745P2890BJ7Q88E3R,2025-06-30T13:13:53.010949148Z,01JZ0FHWBY15ET9EK8R00P9WW1,2025-06-30T13:13:53.010949148Z,01JZ0FHYSNA4X4J5NJHCTV0XGQ,2025-06-30T13:13:53.010949148Z,01JZ0FHYTK1QANS50Y57QBF84C,2025-06-30T13:13:53.010949148Z
01JZ0FN8WTYVH9AB0C1EG5G5DM,01JZ0F67X5J6SBR3095JZ2KKHQ,2025-06-30T13:15:40.827866529Z,01JZ0F67ZJJG6P50PFSVWKXYA5,2025-06-30T13:15:40.827866529Z,01JZ0FBBRPZEFPK4TTVDKWZ7HA,2025-06-30T13:15:40.827866529Z,01JZ0FHJQ8D0RWN5BCAZ63DASG,2025-06-30T13:15:40.827866529Z,01JZ0FHJS7XTH01ZN6PC7Y1FGW,2025-06-30T13:15:40.827866529Z
01JZ0FTZ5M7KRVEEK24PZEA709,01JZ0F67X5J6SBR3095JZ2KKHQ,2025-06-30T13:18:47.476614941Z,01JZ0F67Z9QH00F8GAYATW0H4D,2025-06-30T13:18:47.476614941Z,01JZ0FBSD3M4A6AAX7FYM85E2Y,2025-06-30T13:18:47.476614941Z,01JZ0FTXV8DQ25Y1P16E5V0W1X,2025-06-30T13:18:47.476614941Z,01JZ0FTXYPFYG58CK5DBF2NKQZ,2025-06-30T13:18:47.476614941Z
01JZ0HG1Y7FJHGERKH9G5PYW1H,01JZ0H1K4AG17CS34Z9G9MQYDS,2025-06-30T13:47:47.015867199Z,01JZ0H1K78HDDW9F2WM1P8VZMN,2025-06-30T13:47:47.015867199Z,01JZ0H6H4K79XNW5XKQJ205ZTV,2025-06-30T13:47:47.015867199Z,01JZ0HAGSF134DXMQJAXEF8DCZ,2025-06-30T13:47:47.015867199Z,01JZ0HAGVF39FFXQR2BKWVDE2J,2025-06-30T13:47:47.015867199Z
01JZ0HJJ4JB8TK1FJSDY7TYDRJ,01JZ0H1K4AG17CS34Z9G9MQYDS,2025-06-30T13:49:09.138255494Z,01JZ0H1K78HDDW9F2WM1P8VZMN,2025-06-30T13:49:09.138255494Z,01JZ0H3DD6JF5G5S76TR0MC0NN,2025-06-30T13:49:09.138255494Z,01JZ0HAGRY6N8X6N9WN9G5HWSG,2025-06-30T13:49:09.138255494Z,01JZ0HAGXKMY05NP93HW3SP4S7,2025-06-30T13:49:09.138255494Z
01JZ0PBQFC7S4N5DPJJ2TQ3B2E,01JZ0NSN7EKS122Z238A4PF66D,2025-06-30T15:12:48.108812325Z,01JZ0NSNC1W3B8HBKV7A156B13,2025-06-30T15:12:48.108812325Z,01JZ0P0GZR09Z9DMSV67CDPA5W,2025-06-30T15:12:48.108812325Z,01JZ0P49ERX83B05T3Z47XKS9Z,2025-06-30T15:12:48.108812325Z,01JZ0P49S77DMCC57MVG8D33TE,2025-06-30T15:12:48.108812325Z
01JZ0PJNTK6287CZJV4T2BSVFK,01JZ0NSN7EKS122Z238A4PF66D,2025-06-30T15:16:35.795870068Z,01JZ0NSNAYA5ZEAQVB789Y1XW2,2025-06-30T15:16:35.795870068Z,01JZ0P3C0GV76R4Z93PBZWXXD7,2025-06-30T15:16:35.795870068Z,01JZ0PB8D9R3T5HN8CJB5DS766,2025-06-30T15:16:35.795870068Z,01JZ0PB8HZ694HG0HHDZ8Z66GT,2025-06-30T15:16:35.795870068Z
01JZ0Q3J9J1PC7QPD8AXA6GD9S,01JZ0PDFE8X2A24VZSJDD0T2BH,2025-06-30T15:25:49.234142613Z,01JZ0PDFFH0EDR9F9CYFN0TQY3,2025-06-30T15:25:49.234142613Z,01JZ0PPXCPF7JHRT9SA9YT6R6B,2025-06-30T15:25:49.234142613Z,01JZ0PVRJB9T7WFF0PZYXA4X8A,2025-06-30T15:25:49.234142613Z,01JZ0PVS17TM9J8FXQP0P5Z5D5,2025-06-30T15:25:49.234142613Z
01JZ0FKTECFSNY6661WSSY13M9,01JZ0F67X5J6SBR3095JZ2KKHQ,2025-06-30T13:14:53.260081146Z,01JZ0F67Z745P2890BJ7Q88E3R,2025-06-30T13:14:53.260081146Z,01JZ0FHWBY15ET9EK8R00P9WW1,2025-06-30T13:14:53.260081146Z,01JZ0FHYT9MR26XHFRG86H7E34,2025-06-30T13:14:53.260081146Z,01JZ0FHYVK77GVMYV13V3F359H,2025-06-30T13:14:53.260081146Z
01JZ0SWRN6HNRNBGWGRP1A39YP,01JZ0S9G3E1V9Y4W1M8GV3AGA9,2025-06-30T16:14:32.103035331Z,01JZ0S9G69Y1BMBR3KZBCDH0XZ,2025-06-30T16:14:32.103035331Z,01JZ0SH0EC9KQV6Q30W20S8FQ8,2025-06-30T16:14:32.103035331Z,01JZ0SN4WX49FYA3BQ47HSYF17,2025-06-30T16:14:32.103035331Z,01JZ0SN5PVCQW1E8JZ6SKH587R,2025-06-30T16:14:32.103035331Z
01JZ0G2ZKTFK2YQ12J69NR7422,01JZ0F67X5J6SBR3095JZ2KKHQ,2025-06-30T13:23:10.074291422Z,01JZ0F67Z9QH00F8GAYATW0H4D,2025-06-30T13:23:10.074291422Z,01JZ0FCSB181485J0F119VPBHD,2025-06-30T13:23:10.074291422Z,01JZ0FTXY4GX9XAQJYXZ8SGCSN,2025-06-30T13:23:10.074291422Z,01JZ0FTY3JQ2480AB79753QP69,2025-06-30T13:23:10.074291422Z
01JZ0K2ZJDBNTSY53F5X8KGW1F,01JZ0JJRG62BDVPN4H0KJ2XPWK,2025-06-30T14:15:35.757292759Z,01JZ0JJRMFBKARHHQY8ZXKDX2Q,2025-06-30T14:15:35.757292759Z,01JZ0K2MMEXP18DBVH90QK1R5V,2025-06-30T14:15:35.757292759Z,01JZ0K2YEFGBK0DQCQ0ZFX8Q5Z,2025-06-30T14:15:35.757292759Z,01JZ0K2YG3MG98F16RTKVMX7WV,2025-06-30T14:15:35.757292759Z
01JZ0VE1HSCZA5SVY9FNYX1AXX,01JZ0TXM4HA3Q8P6D6TPYYS7R3,2025-06-30T16:41:26.841812465Z,01JZ0TXM9G1YQW4PKWAZEHBP4X,2025-06-30T16:41:26.841812465Z,01JZ0V62WJGZ4BGMWXYSNYNW8D,2025-06-30T16:41:26.841812465Z,01JZ0VA38AG5CMBPK3H4ZDH1EB,2025-06-30T16:41:26.841812465Z,01JZ0VA3F5J85D0E17NTT6GA3D,2025-06-30T16:41:26.841812465Z
01JZ0VH6949ZKAMXM7PY19C8JV,01JZ0TXM4HA3Q8P6D6TPYYS7R3,2025-06-30T16:43:09.988928122Z,01JZ0TXM7C18DJWS688K2WH576,2025-06-30T16:43:09.988928122Z,01JZ0V0F9D3P0J9G840CC0A66D,2025-06-30T16:43:09.988928122Z,01JZ0V8ZTNVSWJ9G2H4MRHHPET,2025-06-30T16:43:09.988928122Z,01JZ0V909C373QS7799JXY9YVC,2025-06-30T16:43:09.988928122Z
01JZ0FQNQHMN5MG0K004DSJJ9F,01JZ0F67X5J6SBR3095JZ2KKHQ,2025-06-30T13:16:59.505188618Z,01JZ0F67ZPF4121D8VQV580KT1,2025-06-30T13:16:59.505188618Z,01JZ0FCCMZG8VETD8HED6X5G3F,2025-06-30T13:16:59.505188618Z,01JZ0FG9XBQAYQZBJ6CQQ423B0,2025-06-30T13:16:59.505188618Z,01JZ0FG9ZK1PD515ASG48E218C,2025-06-30T13:16:59.505188618Z
01JZ0FSJ46N3TMNX1RCNJKGV2E,01JZ0F67X5J6SBR3095JZ2KKHQ,2025-06-30T13:18:01.350921153Z,01JZ0F67Z61XNM528ZD36RPYGY,2025-06-30T13:18:01.350921153Z,01JZ0FCDGSPH1H2BZZPN1QS63M,2025-06-30T13:18:01.350921153Z,01JZ0FHHXKVV2N4PSEC0HE9PJQ,2025-06-30T13:18:01.350921153Z,01JZ0FHJ1WTPR3M03VPZ8ER6X1,2025-06-30T13:18:01.350921153Z
01JZ0FSJ4Q4P9ZSA02KXTJ4S7X,01JZ0F67X5J6SBR3095JZ2KKHQ,2025-06-30T13:18:01.367382621Z,01JZ0F67Z61XNM528ZD36RPYGY,2025-06-30T13:18:01.367382621Z,01JZ0FBNEQDTRNKJSVXK2XHXY0,2025-06-30T13:18:01.367382621Z,01JZ0FHHXKVV2N4PSEC0HE9PJQ,2025-06-30T13:18:01.367382621Z,01JZ0FHJ1WTPR3M03VPZ8ER6X1,2025-06-30T13:18:01.367382621Z
01JZ0HH1F6MVCN3K8V43G61Y56,01JZ0H1K4AG17CS34Z9G9MQYDS,2025-06-30T13:48:19.302779303Z,01JZ0H1K7KVN4Q30DF0C4SZNQW,2025-06-30T13:48:19.302779303Z,01JZ0H4GBQSQYED6WDD8E3HJCG,2025-06-30T13:48:19.302779303Z,01JZ0H9B6K7H0GDYX6M9K2KAVN,2025-06-30T13:48:19.302779303Z,01JZ0H9B9Z0ZNNBD82FGZ21K0H,2025-06-30T13:48:19.302779303Z
01JZ0FRE3YHS3KNGJX92W0NCAB,01JZ0F67X5J6SBR3095JZ2KKHQ,2025-06-30T13:17:24.478939895Z,01JZ0F67ZT8SK3RX0KMQXRZR64,2025-06-30T13:17:24.478939895Z,01JZ0FAY2QGARY5N4MQCWRAXVK,2025-06-30T13:17:24.478939895Z,01JZ0FH23BH62X4DWE790J4XPH,2025-06-30T13:17:24.478939895Z,01JZ0FH260NFJ56R0FTKR87728,2025-06-30T13:17:24.478939895Z
01JZ0FZXPMD5T0SCCQC1VMP1K1,01JZ0F67X5J6SBR3095JZ2KKHQ,2025-06-30T13:21:29.812217416Z,01JZ0F67Z8B8A42G6Y5XQ0NS83,2025-06-30T13:21:29.812217416Z,01JZ0FJ5HQADXB6GZQKEP8JRB4,2025-06-30T13:21:29.812217416Z,01JZ0FW5GZ8NR8PVKBDD2P70TS,2025-06-30T13:21:29.812217416Z,01JZ0FW5QYARYR4RFSR8PDQ4P6,2025-06-30T13:21:29.812217416Z
01JZ0G1EFZFP5DXN19J05KNACT,01JZ0F67X5J6SBR3095JZ2KKHQ,2025-06-30T13:22:19.775370051Z,01JZ0F67ZC5C7QZPK5TEQ23RT2,2025-06-30T13:22:19.775370051Z,01JZ0FCP4GJ67JPW5DR3EM87QX,2025-06-30T13:22:19.775370051Z,01JZ0FSQ4MYYKXDA7G1SSWG7Y9,2025-06-30T13:22:19.775370051Z,01JZ0FSQAP2Q67TT60RJG27X7X,2025-06-30T13:22:19.775370051Z
01JZ0HHWWP8BQ2YRV95BWSBQRQ,01JZ0H1K4AG17CS34Z9G9MQYDS,2025-06-30T13:48:47.38283041Z,01JZ0H1K78HDDW9F2WM1P8VZMN,2025-06-30T13:48:47.38283041Z,01JZ0H6H4K79XNW5XKQJ205ZTV,2025-06-30T13:48:47.38283041Z,01JZ0HAGRNTZZ0EQ8G9VK0FZKV,2025-06-30T13:48:47.38283041Z,01JZ0HAGW58B85XJRP1Q9GGJ6N,2025-06-30T13:48:47.38283041Z
01JZ0K4FEDG2WMEMRYM7RMC3ZN,01JZ0JJRG62BDVPN4H0KJ2XPWK,2025-06-30T14:16:24.781216768Z,01JZ0JJRK7MTN7FAC1224V82KC,2025-06-30T14:16:24.781216768Z,01JZ0JRRZWD6QKN20J001SKF6Q,2025-06-30T14:16:24.781216768Z,01JZ0JYWVCPFC72SM7P2B0329V,2025-06-30T14:16:24.781216768Z,01JZ0JYX23PF1NPBTZZX0SD193,2025-06-30T14:16:24.781216768Z
01JZ0MHKHFFXXPPWR3WWAZVCKS,01JZ0KZHFC2GEC175ZSKVHYGR2,2025-06-30T14:41:03.535686142Z,01JZ0KZHGXZ28TMC40NC90GVYX,2025-06-30T14:41:03.535686142Z,01JZ0M7J5WS1CYEZCS1370MV2S,2025-06-30T14:41:03.535686142Z,01JZ0M9WV26RA4QFGDHG065E08,2025-06-30T14:41:03.535686142Z,01JZ0M9WZBAF97PK4P0YQCJBFZ,2025-06-30T14:41:03.535686142Z
01JZ0MR2W8S1QFF673GC118EVV,01JZ0KZHFC2GEC175ZSKVHYGR2,2025-06-30T14:44:35.848914784Z,01JZ0KZHHC2JQ9380R79DSYF93,2025-06-30T14:44:35.848914784Z,01JZ0MGE22GN7DC08WS3FXT3M0,2025-06-30T14:44:35.848914784Z,01JZ0MGP1VZQXX9BG0C972GBVY,2025-06-30T14:44:35.848914784Z,01JZ0MGP718208Z55D0FQC9NYH,2025-06-30T14:44:35.848914784Z
01JZ0PEZQXGZ4SMMPDGQ0MABQZ,01JZ0NSN7EKS122Z238A4PF66D,2025-06-30T15:14:34.877955587Z,01JZ0NSNAYA5ZEAQVB789Y1XW2,2025-06-30T15:14:34.877955587Z,01JZ0P3C0GV76R4Z93PBZWXXD7,2025-06-30T15:14:34.877955587Z,01JZ0PB8CZS6M8SVA60NSTSB4W,2025-06-30T15:14:34.877955587Z,01JZ0PB8GAQ67WW9EPR5YC95SB,2025-06-30T15:14:34.877955587Z
01JZ0FNPFNFBPRP127793FEFPQ,01JZ0F67X5J6SBR3095JZ2KKHQ,2025-06-30T13:15:54.741722037Z,01JZ0F67ZFPZEHV6BKFXQYDXZZ,2025-06-30T13:15:54.741722037Z,01JZ0FB6D8SDYQHCG01GZECWK6,2025-06-30T13:15:54.741722037Z,01JZ0FG2TMDGKK0EJR14EYFE7R,2025-06-30T13:15:54.741722037Z,01JZ0FG2WY2714P5Q1V528ACYZ,2025-06-30T13:15:54.741722037Z
01JZ0FQ2W0YNQBQX0MZA2RWXSK,01JZ0F67X5J6SBR3095JZ2KKHQ,2025-06-30T13:16:40.192575401Z,01JZ0F67Z61XNM528ZD36RPYGY,2025-06-30T13:16:40.192575401Z,01JZ0FB2Y3WR2G1EJJBJKTTDHJ,2025-06-30T13:16:40.192575401Z,01JZ0FHHX23ZVHNKQQRRSX500X,2025-06-30T13:16:40.192575401Z,01JZ0FHJ04NPGJKH5CT8RPAH6P,2025-06-30T13:16:40.192575401Z
01JZ0FSKH7TKW1K5JFZ9SDWZ4K,01JZ0F67X5J6SBR3095JZ2KKHQ,2025-06-30T13:18:02.791363123Z,01JZ0F67Z228X9RHKVM8F1277D,2025-06-30T13:18:02.791363123Z,01JZ0FD5H390ZWW74EY7R1D7W9,2025-06-30T13:18:02.791363123Z,01JZ0FJ6PYSXW0RMHQBBYC476P,2025-06-30T13:18:02.791363123Z,01JZ0FJ6TWDNSF34ATV5J2S7NN,2025-06-30T13:18:02.791363123Z
01JZ0HCCGFCZAYWXJF97QM1KVZ,01JZ0H1K4AG17CS34Z9G9MQYDS,2025-06-30T13:45:46.767201701Z,01JZ0H1K78HDDW9F2WM1P8VZMN,2025-06-30T13:45:46.767201701Z,01JZ0H3KYQN4X87D14R9JK1FH9,2025-06-30T13:45:46.767201701Z,01JZ0HAGSF134DXMQJAXEF8DCZ,2025-06-30T13:45:46.767201701Z,01JZ0HAGV24QCEKDTHBMED66MS,2025-06-30T13:45:46.767201701Z
01JZ0HH4GWEVNMM1FCT579678E,01JZ0H1K4AG17CS34Z9G9MQYDS,2025-06-30T13:48:22.428974869Z,01JZ0H1K706F68YJ8PB50DJAH3,2025-06-30T13:48:22.428974869Z,01JZ0H4Z36PV4JSD83THK2GEDW,2025-06-30T13:48:22.428974869Z,01JZ0HDDQ1TQC05SZV1MP12GS4,2025-06-30T13:48:22.428974869Z,01JZ0HDDSFZBZK7AXDGPTGJQ25,2025-06-30T13:48:22.428974869Z
01JZ0PCBTHVTD30CHZB1WF1718,01JZ0NSN7EKS122Z238A4PF66D,2025-06-30T15:13:08.945431262Z,01JZ0NSNC1W3B8HBKV7A156B13,2025-06-30T15:13:08.945431262Z,01JZ0P0DBN2YTW4V5ATZNQEJS0,2025-06-30T15:13:08.945431262Z,01JZ0P49DXHNBVFYTYSBHGV2EW,2025-06-30T15:13:08.945431262Z,01JZ0P49ZFWQ1FQ6RF2WGSDWVN,2025-06-30T15:13:08.945431262Z
01JZ0SSNAC5840D2MQ3C1FZ1AR,01JZ0S9G3E1V9Y4W1M8GV3AGA9,2025-06-30T16:12:50.380686881Z,01JZ0S9G72AZ3MF9HASHX1PW43,2025-06-30T16:12:50.380686881Z,01JZ0SPRDFB0F6D4FXP9707JF1,2025-06-30T16:12:50.380686881Z,01JZ0SSF26QZZFDZS5GDY53865,2025-06-30T16:12:50.380686881Z,01JZ0SSF8EHJFWSKCC2DKK1R1Q,2025-06-30T16:12:50.380686881Z
01JZ0T1G280ESK732M7DDT7E4E,01JZ0S9G3E1V9Y4W1M8GV3AGA9,2025-06-30T16:17:07.144380153Z,01JZ0S9GD9MABT2H3JKQDC0TB1,2025-06-30T16:17:07.144380153Z,01JZ0SPQA7VEEQ0Q5DK9RZENSP,2025-06-30T16:17:07.144380153Z,01JZ0SSG34JT0X3XRW8CEGH08T,2025-06-30T16:17:07.144380153Z,01JZ0SSGGKMNPA168ZKGDDTF18,2025-06-30T16:17:07.144380153Z
01JZ0FJ5R2QZEY5PT96QA6SR3C,01JZ0F67X5J6SBR3095JZ2KKHQ,2025-06-30T13:13:59.298118118Z,01JZ0F6805RKXP4JKMN5N89R8W,2025-06-30T13:13:59.298118118Z,01JZ0FBAJB7KQ7GP21NQ7ZFSYY,2025-06-30T13:13:59.298118118Z,01JZ0FEFHXWJDW412MQGZ1YMFV,2025-06-30T13:13:59.298118118Z,01JZ0FEFKGYDME9EBGC4MA1A0E,2025-06-30T13:13:59.298118118Z
01JZ0K6ME585WPX3AAV46NXPAP,01JZ0JJRG62BDVPN4H0KJ2XPWK,2025-06-30T14:17:35.429598273Z,01JZ0JJRK7MTN7FAC1224V82KC,2025-06-30T14:17:35.429598273Z,01JZ0JP3H5ZBY270NSRJET22GY,2025-06-30T14:17:35.429598273Z,01JZ0JYWX29707X9HXFTM1W07C,2025-06-30T14:17:35.429598273Z,01JZ0JYX5C9W7WA9MZEJ86042C,2025-06-30T14:17:35.429598273Z
01JZ0MGJ6AA9PABTTWQQRM6G7R,01JZ0KZHFC2GEC175ZSKVHYGR2,2025-06-30T14:40:29.386130448Z,01JZ0KZHGK1V8ZC0AXDBXBYAX9,2025-06-30T14:40:29.386130448Z,01JZ0M27NCTFHR6EHR14Y9BMJS,2025-06-30T14:40:29.386130448Z,01JZ0M8V7E2P63XBE7CBW22G7N,2025-06-30T14:40:29.386130448Z,01JZ0M8VBXGNDQKFCQ7S8WXESB,2025-06-30T14:40:29.386130448Z
01JZ0RR0HEZEN4302EZFMGQFQ7,01JZ0R44WS56B1WD5354KYAZ6V,2025-06-30T15:54:27.758560374Z,01JZ0R44ZAP7PYVAMQ60PRQDRH,2025-06-30T15:54:27.758560374Z,01JZ0R88HFX5N7SW28R5CBVAQ7,2025-06-30T15:54:27.758560374Z,01JZ0RJBMJ9DTWHHQXZG22T28N,2025-06-30T15:54:27.758560374Z,01JZ0RJBW6NBSE447RZSSMW517,2025-06-30T15:54:27.758560374Z
01JZ0SXE2CH8FKGFE2VNR617ST,01JZ0S9G3E1V9Y4W1M8GV3AGA9,2025-06-30T16:14:54.029003675Z,01JZ0S9G69Y1BMBR3KZBCDH0XZ,2025-06-30T16:14:54.029003675Z,01JZ0SJ8C2JTDBBCYPNE6VJW23,2025-06-30T16:14:54.029003675Z,01JZ0SN4V7E0WGAW93HPV2W0FT,2025-06-30T16:14:54.029003675Z,01JZ0SN6F6WB1YCGQJCBGBTK5X,2025-06-30T16:14:54.029003675Z
01JZ0TPKYX6KQNY8V3YSG9MTNT,01JZ0T594M7DT83RJMYEJDT186,2025-06-30T16:28:39.261635144Z,01JZ0T59780CP4Z1F2CEHFDNAC,2025-06-30T16:28:39.261635144Z,01JZ0TAKDPN96JCWTMZ8BD4TJ5,2025-06-30T16:28:39.261635144Z,01JZ0TGXAWKWP7D51X7AXHZM1D,2025-06-30T16:28:39.261635144Z,01JZ0TGXKSXPBBVRHRVCPPT5ZR,2025-06-30T16:28:39.261635144Z
01JZ0FQCZ5QPZV28HMQ1QNN7P6,01JZ0F67X5J6SBR3095JZ2KKHQ,2025-06-30T13:16:50.533688935Z,01JZ0F67ZNGQ7M2D3G3M0R8ZTD,2025-06-30T13:16:50.533688935Z,01JZ0FBJQ7C7D6J79CXDMZGZYP,2025-06-30T13:16:50.533688935Z,01JZ0FNH5C6Q73NCV3H5ND8BSP,2025-06-30T13:16:50.533688935Z,01JZ0FNH7H6V08MHV9QEBAG9SJ,2025-06-30T13:16:50.533688935Z
01JZ0MR2W0K5H3SCAD56VC6CZD,01JZ0KZHFC2GEC175ZSKVHYGR2,2025-06-30T14:44:35.840133448Z,01JZ0KZHHC2JQ9380R79DSYF93,2025-06-30T14:44:35.840133448Z,01JZ0M1RQ5A9ERDM9J4QJBC59B,2025-06-30T14:44:35.840133448Z,01JZ0MGP1VZQXX9BG0C972GBVY,2025-06-30T14:44:35.840133448Z,01JZ0MGP718208Z55D0FQC9NYH,2025-06-30T14:44:35.840133448Z
01JZ0PB9TR4PMRTWVH9CKPVQKR,01JZ0NSN7EKS122Z238A4PF66D,2025-06-30T15:12:34.136817149Z,01JZ0NSNAYA5ZEAQVB789Y1XW2,2025-06-30T15:12:34.136817149Z,01JZ0P6YH7NNC71XKAERN7EGXC,2025-06-30T15:12:34.136817149Z,01JZ0PB8CMVAWA24GJAJ3TEEVT,2025-06-30T15:12:34.136817149Z,01JZ0PB8ENEC1792JZB5SJ8VDM,2025-06-30T15:12:34.136817149Z
01JZ0Q3WJXYG7RDFWGA9JSBGAH,01JZ0PDFE8X2A24VZSJDD0T2BH,2025-06-30T15:25:59.773844313Z,01JZ0PDFFH0EDR9F9CYFN0TQY3,2025-06-30T15:25:59.773844313Z,01JZ0PQG0QD2E50TEZE8KJC3TY,2025-06-30T15:25:59.773844313Z,01JZ0PVRMDAW37CVDBXYEM2816,2025-06-30T15:25:59.773844313Z,01JZ0PVS42CZ7R23JHD0T5PQ23,2025-06-30T15:25:59.773844313Z
01JZ0RPKEBHTYNME1M5EEBJXF4,01JZ0R44WS56B1WD5354KYAZ6V,2025-06-30T15:53:41.579437134Z,01JZ0R44ZYB02HBRR2X1W771BR,2025-06-30T15:53:41.579437134Z,01JZ0RGWMHC1M8CB466E96GPB2,2025-06-30T15:53:41.579437134Z,01JZ0RGZ3DKRXN7JFMF7ZYJ17Q,2025-06-30T15:53:41.579437134Z,01JZ0RGZCJ387YHVR398A6EPWM,2025-06-30T15:53:41.579437134Z
01JZ0T1TSJEPTHZZG7410PKBZX,01JZ0S9G3E1V9Y4W1M8GV3AGA9,2025-06-30T16:17:18.130570956Z,01JZ0S9GD9MABT2H3JKQDC0TB1,2025-06-30T16:17:18.130570956Z,01JZ0SS4GE1C0ZJG3NGWXA6V0Z,2025-06-30T16:17:18.130570956Z,01JZ0SSG20B146K48M2G5HXG5R,2025-06-30T16:17:18.130570956Z,01JZ0SSGJJ1YVEMXS5VB6KE0CV,2025-06-30T16:17:18.130570956Z
01JZ0T6TK0SZ33AVDFW771E395,01JZ0S9G3E1V9Y4W1M8GV3AGA9,2025-06-30T16:20:01.76067246Z,01JZ0S9G8MSQJNW9QDDX82T8EZ,2025-06-30T16:20:01.76067246Z,01JZ0ST5TS5QV8K1SHD437M5P1,2025-06-30T16:20:01.76067246Z,01JZ0T2Z776H5NYH3952M90NE0,2025-06-30T16:20:01.76067246Z,01JZ0T2ZGDPH2GRZSCAH1EZ3W6,2025-06-30T16:20:01.76067246Z
01JZ0TAHSHXA8PXK2KGW3MEYTW,01JZ0S9G3E1V9Y4W1M8GV3AGA9,2025-06-30T16:22:03.825473937Z,01JZ0S9G8MSQJNW9QDDX82T8EZ,2025-06-30T16:22:03.825473937Z,01JZ0ST5TS5QV8K1SHD437M5P1,2025-06-30T16:22:03.825473937Z,01JZ0T2Z8JE59FQ9P0RNZCZNKS,2025-06-30T16:22:03.825473937Z,01JZ0T2ZM04F8MPR8PZR893EM7,2025-06-30T16:22:03.825473937Z
01JZ0FFF12E4EM5YZ0HMFHX9D3,01JZ0F67X5J6SBR3095JZ2KKHQ,2025-06-30T13:12:30.498848911Z,01JZ0F67ZKKPGDC64ETWQZ69WV,2025-06-30T13:12:30.498848911Z,01JZ0FD6F005B6TFCSX425WZE3,2025-06-30T13:12:30.498848911Z,01JZ0FFEA7JY8J9CW2PRDT1SXR,2025-06-30T13:12:30.498848911Z,01JZ0FFEB7Z5969V9H6EGQG2CJ,2025-06-30T13:12:30.498848911Z
01JZ0VGGMD07QDJEFD3K34JBFW,01JZ0TXM4HA3Q8P6D6TPYYS7R3,2025-06-30T16:42:47.821615684Z,01JZ0TXM7C18DJWS688K2WH576,2025-06-30T16:42:47.821615684Z,01JZ0V3M4NH8ZBAYGCY49TQ02Z,2025-06-30T16:42:47.821615684Z,01JZ0V8ZRXFXD9NNBG2FMZJ7TZ,2025-06-30T16:42:47.821615684Z,01JZ0V904JJZM766VHDEN3KSXA,2025-06-30T16:42:47.821615684Z
01JZ0RDW2BEAR9AAC2X8501PK4,01JZ0R44WS56B1WD5354KYAZ6V,2025-06-30T15:48:55.499550599Z,01JZ0R44ZMT5HYXWVABB60AH0G,2025-06-30T15:48:55.499550599Z,01JZ0R6Q0YQ41FZ6FDY8FN8NJA,2025-06-30T15:48:55.499550599Z,01JZ0RDSARBR93RXQPV6J6CPZJ,2025-06-30T15:48:55.499550599Z,01JZ0RDSF4EXE0C2492C29ZXYS,2025-06-30T15:48:55.499550599Z
01JZ0R2BQW6R6CVDRY9AVW10RB,01JZ0QGE33ZWYV7A3256FYEZA6,2025-06-30T15:42:38.332434175Z,01JZ0QGE4MQBM7ZJEFVQMWJX02,2025-06-30T15:42:38.332434175Z,01JZ0PT5KC8Z5R5S27XDY9AR52,2025-06-30T15:42:38.332434175Z,01JZ0QT8EVWQAQJSS0H6BE6YX3,2025-06-30T15:42:38.332434175Z,01JZ0QT8Q75XT8VEPMTC9KPYT6,2025-06-30T15:42:38.332434175Z
01JZ0K4FDHFY5EG16VDBFW098V,01JZ0JJRG62BDVPN4H0KJ2XPWK,2025-06-30T14:16:24.75399187Z,01JZ0JJRK7MTN7FAC1224V82KC,2025-06-30T14:16:24.75399187Z,01JZ0JP3H5ZBY270NSRJET22GY,2025-06-30T14:16:24.75399187Z,01JZ0JYWVCPFC72SM7P2B0329V,2025-06-30T14:16:24.75399187Z,01JZ0JYX23PF1NPBTZZX0SD193,2025-06-30T14:16:24.75399187Z
01JZ0FKE6CSDK2QGVPK6DV6PM3,01JZ0F67X5J6SBR3095JZ2KKHQ,2025-06-30T13:14:40.716384185Z,01JZ0F67ZJJG6P50PFSVWKXYA5,2025-06-30T13:14:40.716384185Z,01JZ0FB6X6QBV3E81R532SKN28,2025-06-30T13:14:40.716384185Z,01JZ0FHJQ8D0RWN5BCAZ63DASG,2025-06-30T13:14:40.716384185Z,01JZ0FHJRYJ59AE9MP9HWG6E64,2025-06-30T13:14:40.716384185Z
01JZ0FQ4EA5JNT6XYAM04SHJAS,01JZ0F67X5J6SBR3095JZ2KKHQ,2025-06-30T13:16:41.802899271Z,01JZ0F67ZKKPGDC64ETWQZ69WV,2025-06-30T13:16:41.802899271Z,01JZ0FB7M5V5PNCYP6FWZ38KB1,2025-06-30T13:16:41.802899271Z,01JZ0FFEAPXXQGXPE6ETBGAMB2,2025-06-30T13:16:41.802899271Z,01JZ0FFEEECQGKJT82MY6S5SP1,2025-06-30T13:16:41.802899271Z
01JZ0G0FTD3JP46DMXEKM0BZYG,01JZ0F67X5J6SBR3095JZ2KKHQ,2025-06-30T13:21:48.365752475Z,01JZ0F67Z9QH00F8GAYATW0H4D,2025-06-30T13:21:48.365752475Z,01JZ0FDAK0H7SHFFA8ZFRDR2Y5,2025-06-30T13:21:48.365752475Z,01JZ0FTXTTSA7KPT3ZKN66DGDE,2025-06-30T13:21:48.365752475Z,01JZ0FTY0AKWP8FKY3R8JB0KME,2025-06-30T13:21:48.365752475Z
01JZ0HKHPPHF7Z3KDE0BH883S2,01JZ0H1K4AG17CS34Z9G9MQYDS,2025-06-30T13:49:41.46297875Z,01JZ0H1K7FV78W73P31JXQYTKA,2025-06-30T13:49:41.46297875Z,01JZ0H6Y8GZX8H152JRBMCSD5G,2025-06-30T13:49:41.46297875Z,01JZ0HC59N7VESSFANXQJ72DZ3,2025-06-30T13:49:41.46297875Z,01JZ0HC5D8EM51E0NPVJJ49FMZ,2025-06-30T13:49:41.46297875Z
01JZ0JVN46ZGK3BA4TB587WF5Q,01JZ0JJRG62BDVPN4H0KJ2XPWK,2025-06-30T14:11:35.686828709Z,01JZ0JJRMQ32S1DDP8PZN3RKEA,2025-06-30T14:11:35.686828709Z,01JZ0JMGEDXX4BV44Z74MYK8RA,2025-06-30T14:11:35.686828709Z,01JZ0JSS78RK42Y17VNQFVPT1K,2025-06-30T14:11:35.686828709Z,01JZ0JSS9S1QXT1PTHJVBVWR19,2025-06-30T14:11:35.686828709Z
01JZ0MEFT75C65F5XT202FEN5F,01JZ0KZHFC2GEC175ZSKVHYGR2,2025-06-30T14:39:21.415405479Z,01JZ0KZHH6W8XDVC696R9C92DG,2025-06-30T14:39:21.415405479Z,01JZ0M76DS1TB5AKS0JTGGKM42,2025-06-30T14:39:21.415405479Z,01JZ0MCKBEDXBCTH25HMPCZETY,2025-06-30T14:39:21.415405479Z,01JZ0MCKDNRQKYA7DKMPVXP5T4,2025-06-30T14:39:21.415405479Z
01JZ0STDZZYK0XGHFGHZYX9E48,01JZ0S9G3E1V9Y4W1M8GV3AGA9,2025-06-30T16:13:15.647045007Z,01JZ0S9GCCCNBKT0N3T9B2PH95,2025-06-30T16:13:15.647045007Z,01JZ0SRC6GQQ036ZGEMABTCRWZ,2025-06-30T16:13:15.647045007Z,01JZ0SRFZN1N49MKZCM7JQAT6Y,2025-06-30T16:13:15.647045007Z,01JZ0SRG6SPEV961C2A2QJNNEV,2025-06-30T16:13:15.647045007Z
01JZ0FKDDJC7FEQ8ZQ2HYR852N,01JZ0F67X5J6SBR3095JZ2KKHQ,2025-06-30T13:14:39.922829002Z,01JZ0F67Z61XNM528ZD36RPYGY,2025-06-30T13:14:39.922829002Z,01JZ0FBNEQDTRNKJSVXK2XHXY0,2025-06-30T13:14:39.922829002Z,01JZ0FHHX23ZVHNKQQRRSX500X,2025-06-30T13:14:39.922829002Z,01JZ0FHHZZ9892CX6GDJA31V1J,2025-06-30T13:14:39.922829002Z
01JZ0T1G380KK741HP37K073MS,01JZ0S9G3E1V9Y4W1M8GV3AGA9,2025-06-30T16:17:07.177016273Z,01JZ0S9GD9MABT2H3JKQDC0TB1,2025-06-30T16:17:07.177016273Z,01JZ0SBSTT5486HQKVBF06P6DM,2025-06-30T16:17:07.177016273Z,01JZ0SSG34JT0X3XRW8CEGH08T,2025-06-30T16:17:07.177016273Z,01JZ0SSGGKMNPA168ZKGDDTF18,2025-06-30T16:17:07.177016273Z
01JZ0MG83JS1BJTKWQTB8044RZ,01JZ0KZHFC2GEC175ZSKVHYGR2,2025-06-30T14:40:19.058778783Z,01JZ0KZHGK1V8ZC0AXDBXBYAX9,2025-06-30T14:40:19.058778783Z,01JZ0M1ME27Y1N3FYW0PRRTSM1,2025-06-30T14:40:19.058778783Z,01JZ0M8V6YAB67PHM4KR0DAV8P,2025-06-30T14:40:19.058778783Z,01JZ0M8VAT1MQG3ZAVCKXSZQHW,2025-06-30T14:40:19.058778783Z
01JZ0FS2ASWC7ZE3HWDV59EYHS,01JZ0F67X5J6SBR3095JZ2KKHQ,2025-06-30T13:17:45.177776929Z,01JZ0F67ZT8SK3RX0KMQXRZR64,2025-06-30T13:17:45.177776929Z,01JZ0FBBA1SDVNMEAJN2SN5G9V,2025-06-30T13:17:45.177776929Z,01JZ0FH23M3992P5JC3XVEK99K,2025-06-30T13:17:45.177776929Z,01JZ0FH275W6BAMF8GKWJ7HW2X,2025-06-30T13:17:45.177776929Z
01JZ0FXK34XDA8PNKWH2AE793X,01JZ0F67X5J6SBR3095JZ2KKHQ,2025-06-30T13:20:13.412468775Z,01JZ0F67ZNGQ7M2D3G3M0R8ZTD,2025-06-30T13:20:13.412468775Z,01JZ0FF2AESZYBEQBJZKV45YWJ,2025-06-30T13:20:13.412468775Z,01JZ0FNH601WQKH2JDWKT7KJPX,2025-06-30T13:20:13.412468775Z,01JZ0FNH9ZV5JEKKM0N89RXH4K,2025-06-30T13:20:13.412468775Z
01JZ0K26DAFSJXB7YKYQYQEVAQ,01JZ0JJRG62BDVPN4H0KJ2XPWK,2025-06-30T14:15:09.994772091Z,01JZ0JJRM7K0MBX3MKCVTKC5NR,2025-06-30T14:15:09.994772091Z,01JZ0JP3NMJEF2RZEXJRZ363R2,2025-06-30T14:15:09.994772091Z,01JZ0K098RXBK86NWQE5BGP8AC,2025-06-30T14:15:09.994772091Z,01JZ0K09E4NMDF8JS9NVDAX7SK,2025-06-30T14:15:09.994772091Z
01JZ0MMAP8A6AGKFHGVJP16WY5,01JZ0KZHFC2GEC175ZSKVHYGR2,2025-06-30T14:42:32.777021078Z,01JZ0KZHH6W8XDVC696R9C92DG,2025-06-30T14:42:32.777021078Z,01JZ0M3AJTJTBWN32ZGK0JDM10,2025-06-30T14:42:32.777021078Z,01JZ0MCKAWSJJD7XSMC4C0649V,2025-06-30T14:42:32.777021078Z,01JZ0MCKG4FA8A26JKHYVAA3MX,2025-06-30T14:42:32.777021078Z
01JZ0Q3J8XDZ8C50Z0MJB3HNB3,01JZ0PDFE8X2A24VZSJDD0T2BH,2025-06-30T15:25:49.213626554Z,01JZ0PDFFH0EDR9F9CYFN0TQY3,2025-06-30T15:25:49.213626554Z,01JZ0PQG0QD2E50TEZE8KJC3TY,2025-06-30T15:25:49.213626554Z,01JZ0PVRJB9T7WFF0PZYXA4X8A,2025-06-30T15:25:49.213626554Z,01JZ0PVS17TM9J8FXQP0P5Z5D5,2025-06-30T15:25:49.213626554Z
01JZ0RMF3CETHHD1QAHB5VETFS,01JZ0R44WS56B1WD5354KYAZ6V,2025-06-30T15:52:31.59639679Z,01JZ0R44YW0T94WKHD2ZAT9VPC,2025-06-30T15:52:31.59639679Z,01JZ0R6WK5QD50F4G761FSN8E5,2025-06-30T15:52:31.59639679Z,01JZ0RCZ6GGFDRV5K0HC37H854,2025-06-30T15:52:31.59639679Z,01JZ0RCZJ795ARWQ1NBJQD3R7Q,2025-06-30T15:52:31.59639679Z
01JZ0RTHBYY0MJTZ819Z5AQQQT,01JZ0R44WS56B1WD5354KYAZ6V,2025-06-30T15:55:50.526445103Z,01JZ0R44ZAP7PYVAMQ60PRQDRH,2025-06-30T15:55:50.526445103Z,01JZ0R88HFX5N7SW28R5CBVAQ7,2025-06-30T15:55:50.526445103Z,01JZ0RJBPYV67ZX54VSJ1EA9P4,2025-06-30T15:55:50.526445103Z,01JZ0RJC4ZE2NAMZ2CN9P8W9BH,2025-06-30T15:55:50.526445103Z
01JZ0FS2AAD8BYJGXRRW8CNM1N,01JZ0F67X5J6SBR3095JZ2KKHQ,2025-06-30T13:17:45.162827961Z,01JZ0F67ZT8SK3RX0KMQXRZR64,2025-06-30T13:17:45.162827961Z,01JZ0FC8Z9KTZXYEEXV3M9TW6K,2025-06-30T13:17:45.162827961Z,01JZ0FH23M3992P5JC3XVEK99K,2025-06-30T13:17:45.162827961Z,01JZ0FH275W6BAMF8GKWJ7HW2X,2025-06-30T13:17:45.162827961Z
01JZ0FXE73NY2M492WCRKSNNJ7,01JZ0F67X5J6SBR3095JZ2KKHQ,2025-06-30T13:20:08.419783272Z,01JZ0F67ZC5C7QZPK5TEQ23RT2,2025-06-30T13:20:08.419783272Z,01JZ0FBW1M5PKMMEKBNN3362X7,2025-06-30T13:20:08.419783272Z,01JZ0FSQ51351EYGBSHM59PBYH,2025-06-30T13:20:08.419783272Z,01JZ0FSQ7STW7D3EN5RCEBHXW2,2025-06-30T13:20:08.419783272Z
01JZ0FN846CCB2YKWRCRAMM825,01JZ0F67X5J6SBR3095JZ2KKHQ,2025-06-30T13:15:40.038398089Z,01JZ0F67Z61XNM528ZD36RPYGY,2025-06-30T13:15:40.038398089Z,01JZ0FB2Y3WR2G1EJJBJKTTDHJ,2025-06-30T13:15:40.038398089Z,01JZ0FHHX23ZVHNKQQRRSX500X,2025-06-30T13:15:40.038398089Z,01JZ0FHJ02MHQZPHMZ7ZXH6X24,2025-06-30T13:15:40.038398089Z
01JZ0MGQGJXCCCM74XERC1GD6D,01JZ0KZHFC2GEC175ZSKVHYGR2,2025-06-30T14:40:34.834221274Z,01JZ0KZHHC2JQ9380R79DSYF93,2025-06-30T14:40:34.834221274Z,01JZ0MDJZZT96ZPNBZZTAA3S1D,2025-06-30T14:40:34.834221274Z,01JZ0MGP0BR7RSR59YVFT9BBWM,2025-06-30T14:40:34.834221274Z,01JZ0MGP2W9YQKVFWME12ZRKRM,2025-06-30T14:40:34.834221274Z
01JZ0NS2KWDJGXFT0R0746K774,01JZ0N9PMZHSN31DAQRPMDQCYE,2025-06-30T15:02:36.924232049Z,01JZ0N9PPX2EBNCBEJCH5EHX43,2025-06-30T15:02:36.924232049Z,01JZ0NEK75CC9CPVP2CHZ4QJ84,2025-06-30T15:02:36.924232049Z,01JZ0NQ6AS26ETG3TZPNN36FTM,2025-06-30T15:02:36.924232049Z,01JZ0NQ6DCZY0JXK2TXA8YYT5B,2025-06-30T15:02:36.924232049Z
01JZ0RFGXSQJX19RM80C4H8M9M,01JZ0R44WS56B1WD5354KYAZ6V,2025-06-30T15:49:49.62553118Z,01JZ0R44YD4TQ1QQVW9H1W0WBF,2025-06-30T15:49:49.62553118Z,01JZ0R9GRQ3PA7HCKR9SBRDB26,2025-06-30T15:49:49.62553118Z,01JZ0RDJ2QCC6HCJTXVC1C06TR,2025-06-30T15:49:49.62553118Z,01JZ0RDJJYWQBYNEX44P260WDH,2025-06-30T15:49:49.62553118Z
01JZ0SXCF0A576J32FFEWJ354X,01JZ0S9G3E1V9Y4W1M8GV3AGA9,2025-06-30T16:14:52.38420109Z,01JZ0S9G72AZ3MF9HASHX1PW43,2025-06-30T16:14:52.38420109Z,01JZ0SHV4YF359JMJ5P6VTBKHD,2025-06-30T16:14:52.38420109Z,01JZ0SSF5TTEGA4KE9KCX2D069,2025-06-30T16:14:52.38420109Z,01JZ0SSFCJFDQ5TQEMZJ8D7G65,2025-06-30T16:14:52.38420109Z
01JZ0VE104537J7NR2Y1NMR7KM,01JZ0TXM4HA3Q8P6D6TPYYS7R3,2025-06-30T16:41:26.276331036Z,01JZ0TXMB9EHVXHHHV3J3SQY3A,2025-06-30T16:41:26.276331036Z,01JZ0VA8DK4TAWTT8THNTNJ1SW,2025-06-30T16:41:26.276331036Z,01JZ0VC1S39MS0B0H13TGRSYRF,2025-06-30T16:41:26.276331036Z,01JZ0VC23CRK1527800PPWN7VJ,2025-06-30T16:41:26.276331036Z
01JZ0FSPMPA89PRPCYXRZ5S5GQ,01JZ0F67X5J6SBR3095JZ2KKHQ,2025-06-30T13:18:05.974135152Z,01JZ0F67Z745P2890BJ7Q88E3R,2025-06-30T13:18:05.974135152Z,01JZ0FAQ5BESSRJ4RCV3JDZV7P,2025-06-30T13:18:05.974135152Z,01JZ0FHYT4VA4QBHA5DGPYP1XA,2025-06-30T13:18:05.974135152Z,01JZ0FHYX276ZPDC70THYN8CPV,2025-06-30T13:18:05.974135152Z
01JZ0HGN1EGHRPWMQ7HPP5H97V,01JZ0H1K4AG17CS34Z9G9MQYDS,2025-06-30T13:48:06.574704064Z,01JZ0H1K6THHEJQ855QF7WP6P1,2025-06-30T13:48:06.574704064Z,01JZ0H6DP3F32ZH0Y01CT1VX9P,2025-06-30T13:48:06.574704064Z,01JZ0H8M782WEDV62715BZDP89,2025-06-30T13:48:06.574704064Z,01JZ0H8MBECGZPM01GC81J9R69,2025-06-30T13:48:06.574704064Z
01JZ0JY5THBFVPMQNADD5GZ0Q4,01JZ0JJRG62BDVPN4H0KJ2XPWK,2025-06-30T14:12:58.321106823Z,01JZ0JJRKVJXBJGVYTJ6TBMBFM,2025-06-30T14:12:58.321106823Z,01JZ0JRQJFXEWFAWM7PWAPW35D,2025-06-30T14:12:58.321106823Z,01JZ0JW9G1715DA28FHK9V31XS,2025-06-30T14:12:58.321106823Z,01JZ0JW9K2TZ95K0T7FJ60HKEB,2025-06-30T14:12:58.321106823Z
01JZ0K40K5JN2W9W6E6RQTFQTP,01JZ0JJRG62BDVPN4H0KJ2XPWK,2025-06-30T14:16:09.573989641Z,01JZ0JJRKVJXBJGVYTJ6TBMBFM,2025-06-30T14:16:09.573989641Z,01JZ0JN9702Q6F60B6DGZMFR8D,2025-06-30T14:16:09.573989641Z,01JZ0JW9GXBQQN6RZQRVBXDR1H,2025-06-30T14:16:09.573989641Z,01JZ0JW9NA2J02SEGSF8R2JK60,2025-06-30T14:16:09.573989641Z
01JZ0K8G1H4217N3FGMZNVT4RA,01JZ0JJRG62BDVPN4H0KJ2XPWK,2025-06-30T14:18:36.46522394Z,01JZ0JJRMFBKARHHQY8ZXKDX2Q,2025-06-30T14:18:36.46522394Z,01JZ0JMENDQ776M5WP6RMTBCJC,2025-06-30T14:18:36.46522394Z,01JZ0K2YERTFQAJEQ3WTQCHG83,2025-06-30T14:18:36.46522394Z,01JZ0K2YHT5WE07G9WFYRWEWTG,2025-06-30T14:18:36.46522394Z
01JZ0PKAMWH5MFPHEPVN2G73A7,01JZ0NSN7EKS122Z238A4PF66D,2025-06-30T15:16:57.116146919Z,01JZ0NSNAYA5ZEAQVB789Y1XW2,2025-06-30T15:16:57.116146919Z,01JZ0NWGXG60XB5W2KSVNBRDCM,2025-06-30T15:16:57.116146919Z,01JZ0PB8DV4NZFG3Y6Z26RWACH,2025-06-30T15:16:57.116146919Z,01JZ0PB8M7YWCC7M3BSKCMWZ0R,2025-06-30T15:16:57.116146919Z
01JZ0SX3FQTE55Z9C36TPQXRB8,01JZ0S9G3E1V9Y4W1M8GV3AGA9,2025-06-30T16:14:43.191822261Z,01JZ0S9GBDE95BAEJ35DY3VGC4,2025-06-30T16:14:43.191822261Z,01JZ0SNAX1B595RP7S7B0WD649,2025-06-30T16:14:43.191822261Z,01JZ0SQECM4D5XPER5PREQ6RDB,2025-06-30T16:14:43.191822261Z,01JZ0SQEMZKSBTK6NS2RRHWVD7,2025-06-30T16:14:43.191822261Z
01JZ0T14Y19P08R4H6YQE0B72X,01JZ0S9G3E1V9Y4W1M8GV3AGA9,2025-06-30T16:16:55.745562828Z,01JZ0S9GD9MABT2H3JKQDC0TB1,2025-06-30T16:16:55.745562828Z,01JZ0SBSTT5486HQKVBF06P6DM,2025-06-30T16:16:55.745562828Z,01JZ0SSG40357K1C9QC3NT64RJ,2025-06-30T16:16:55.745562828Z,01JZ0SSGE3D1TWHBHMGCF08N12,2025-06-30T16:16:55.745562828Z
01JZ0FY2XZCV2M9TPKC6NCJZKV,01JZ0F67X5J6SBR3095JZ2KKHQ,2025-06-30T13:20:29.631968084Z,01JZ0F67Z8B8A42G6Y5XQ0NS83,2025-06-30T13:20:29.631968084Z,01JZ0FAP1PZEAT1MNGGVVPBTCW,2025-06-30T13:20:29.631968084Z,01JZ0FW5GZ8NR8PVKBDD2P70TS,2025-06-30T13:20:29.631968084Z,01JZ0FW5QGFJPJFP15FA134F1G,2025-06-30T13:20:29.631968084Z
01JZ0FPPN8V73XX3YNMRXGRG5N,01JZ0F67X5J6SBR3095JZ2KKHQ,2025-06-30T13:16:27.688160248Z,01JZ0F67ZEPC67VW242P0YYZAA,2025-06-30T13:16:27.688160248Z,01JZ0FADP9EKGDX636W54K492Z,2025-06-30T13:16:27.688160248Z,01JZ0FF15B1AYVQX6Z1TA0K6BX,2025-06-30T13:16:27.688160248Z,01JZ0FF179MFKNNXKATH53J659,2025-06-30T13:16:27.688160248Z
01JZ0FXAN32Y14YJTP62B5R91X,01JZ0F67X5J6SBR3095JZ2KKHQ,2025-06-30T13:20:04.77174856Z,01JZ0F67Z49S75BR56TBMFCZ55,2025-06-30T13:20:04.77174856Z,01JZ0FBFBJW6M9QE503VEPS9CV,2025-06-30T13:20:04.77174856Z,01JZ0FQRVP5GMFQVC581G5X73Z,2025-06-30T13:20:04.77174856Z,01JZ0FQRYE5D08GHPGRQ7F9MSZ,2025-06-30T13:20:04.77174856Z
01JZ0HM6JQEZAF7BRDV9F2H3QT,01JZ0H1K4AG17CS34Z9G9MQYDS,2025-06-30T13:50:02.840033648Z,01JZ0H1K7FV78W73P31JXQYTKA,2025-06-30T13:50:02.840033648Z,01JZ0H3TRTXRSVBAX9EY6PPX29,2025-06-30T13:50:02.840033648Z,01JZ0HC598JEXS6SR3CD3NS2S4,2025-06-30T13:50:02.840033648Z,01JZ0HC5ETFR34BCER7NDTPABS,2025-06-30T13:50:02.840033648Z
01JZ0SXE15SQ66MZFT5KM8G1QR,01JZ0S9G3E1V9Y4W1M8GV3AGA9,2025-06-30T16:14:53.98982388Z,01JZ0S9G69Y1BMBR3KZBCDH0XZ,2025-06-30T16:14:53.98982388Z,01JZ0SH0EC9KQV6Q30W20S8FQ8,2025-06-30T16:14:53.98982388Z,01JZ0SN4V7E0WGAW93HPV2W0FT,2025-06-30T16:14:53.98982388Z,01JZ0SN6F6WB1YCGQJCBGBTK5X,2025-06-30T16:14:53.98982388Z
01JZ0VCT3NXVN20V91EA8GRDTB,01JZ0TXM4HA3Q8P6D6TPYYS7R3,2025-06-30T16:40:46.453123794Z,01JZ0TXM7C18DJWS688K2WH576,2025-06-30T16:40:46.453123794Z,01JZ0V0F9D3P0J9G840CC0A66D,2025-06-30T16:40:46.453123794Z,01JZ0V8ZQZFAA3Z4NYN9H5S8FG,2025-06-30T16:40:46.453123794Z,01JZ0V9013X6FEV8W9454Y02MT,2025-06-30T16:40:46.453123794Z
01JZ0FM0J3T8CJF74E363NAWH3,01JZ0F67X5J6SBR3095JZ2KKHQ,2025-06-30T13:14:59.523026049Z,01JZ0F6805RKXP4JKMN5N89R8W,2025-06-30T13:14:59.523026049Z,01JZ0FB7Q8CPCSMQA1PGA0EPYG,2025-06-30T13:14:59.523026049Z,01JZ0FEFHXWJDW412MQGZ1YMFV,2025-06-30T13:14:59.523026049Z,01JZ0FEFKMKA9G1K7GYH5N6VEK,2025-06-30T13:14:59.523026049Z
01JZ0HAX04W24XJXSRE82RA8HB,01JZ0H1K4AG17CS34Z9G9MQYDS,2025-06-30T13:44:58.116101621Z,01JZ0H1K7HVYD71R3W6V80C6V1,2025-06-30T13:44:58.116101621Z,01JZ0H4B1KEAXWACXAC16EVPKA,2025-06-30T13:44:58.116101621Z,01JZ0HAVRPKHJMVSD30J2TBSPZ,2025-06-30T13:44:58.116101621Z,01JZ0HAVT6FVFRBXCZ7A07HDCT,2025-06-30T13:44:58.116101621Z
01JZ0HHJ6G4PK6K9C0XEZSRC97,01JZ0H1K4AG17CS34Z9G9MQYDS,2025-06-30T13:48:36.432396056Z,01JZ0H1K7C3FKHJS5GP9RE7N8D,2025-06-30T13:48:36.432396056Z,01JZ0H3ZMEM4CP8B8CA2T4SJEG,2025-06-30T13:48:36.432396056Z,01JZ0HA59V3NE6VY9CA10KJMRQ,2025-06-30T13:48:36.432396056Z,01JZ0HA5F8CF1JSFYZF52YSX10,2025-06-30T13:48:36.432396056Z
01JZ0RJK9NGDBK3Z82P5KHCZY2,01JZ0R44WS56B1WD5354KYAZ6V,2025-06-30T15:51:30.357775091Z,01JZ0R44YW0T94WKHD2ZAT9VPC,2025-06-30T15:51:30.357775091Z,01JZ0R87RQQ80K7DPTNHVHAFYR,2025-06-30T15:51:30.357775091Z,01JZ0RCZ5WMDRF6E7DKWB3TR0Z,2025-06-30T15:51:30.357775091Z,01JZ0RCZG0XFCHV3BJWSRFRJS0,2025-06-30T15:51:30.357775091Z
01JZ0FJ7N7J6483KC60AS48D24,01JZ0F67X5J6SBR3095JZ2KKHQ,2025-06-30T13:14:01.255170133Z,01JZ0F67Z228X9RHKVM8F1277D,2025-06-30T13:14:01.255170133Z,01JZ0FBGYJV6XECY8PBES7705P,2025-06-30T13:14:01.255170133Z,01JZ0FJ6NQX01VQWMRP31DSAN5,2025-06-30T13:14:01.255170133Z,01JZ0FJ6QQAVDHD4CP69ZGJSAH,2025-06-30T13:14:01.255170133Z
01JZ0HHJ744P7VMWZ5CEBQW1JB,01JZ0H1K4AG17CS34Z9G9MQYDS,2025-06-30T13:48:36.452452136Z,01JZ0H1K7C3FKHJS5GP9RE7N8D,2025-06-30T13:48:36.452452136Z,01JZ0H4TXV5HDVPR9EH08YRVXA,2025-06-30T13:48:36.452452136Z,01JZ0HA59V3NE6VY9CA10KJMRQ,2025-06-30T13:48:36.452452136Z,01JZ0HA5F8CF1JSFYZF52YSX10,2025-06-30T13:48:36.452452136Z
01JZ0FH2RQXQEA2Y11YVJGEPNT,01JZ0F67X5J6SBR3095JZ2KKHQ,2025-06-30T13:13:23.479805643Z,01JZ0F67ZT8SK3RX0KMQXRZR64,2025-06-30T13:13:23.479805643Z,01JZ0FC8Z9KTZXYEEXV3M9TW6K,2025-06-30T13:13:23.479805643Z,01JZ0FH2335CJ3FD79F7KW4ZQ3,2025-06-30T13:13:23.479805643Z,01JZ0FH24747RJE3D9SVAY6ZMK,2025-06-30T13:13:23.479805643Z
01JZ0VH6EJDYTZ1GK91NEB2MQX,01JZ0TXM4HA3Q8P6D6TPYYS7R3,2025-06-30T16:43:10.162587221Z,01JZ0TXM7C18DJWS688K2WH576,2025-06-30T16:43:10.162587221Z,01JZ0V3M4NH8ZBAYGCY49TQ02Z,2025-06-30T16:43:10.162587221Z,01JZ0V8ZTNVSWJ9G2H4MRHHPET,2025-06-30T16:43:10.162587221Z,01JZ0V909C373QS7799JXY9YVC,2025-06-30T16:43:10.162587221Z
01JZ0FV2J50YR54AF0HHPY4RVB,01JZ0F67X5J6SBR3095JZ2KKHQ,2025-06-30T13:18:50.949694508Z,01JZ0F67ZNGQ7M2D3G3M0R8ZTD,2025-06-30T13:18:50.949694508Z,01JZ0FDQ7XEK8QFWNEW92QR4H3,2025-06-30T13:18:50.949694508Z,01JZ0FNH5C6Q73NCV3H5ND8BSP,2025-06-30T13:18:50.949694508Z,01JZ0FNH7RNVM69P187GPAFMTG,2025-06-30T13:18:50.949694508Z
01JZ0FZ912RF2P21N0NYEGGFA7,01JZ0F67X5J6SBR3095JZ2KKHQ,2025-06-30T13:21:08.642382297Z,01JZ0F67ZC5C7QZPK5TEQ23RT2,2025-06-30T13:21:08.642382297Z,01JZ0FD2BN64VRFRHMMV8SJH4Y,2025-06-30T13:21:08.642382297Z,01JZ0FSQ51351EYGBSHM59PBYH,2025-06-30T13:21:08.642382297Z,01JZ0FSQ84KY23QPYBXQWPTRVM,2025-06-30T13:21:08.642382297Z
01JZ0SXZC5AA08FMEDTY37TJWE,01JZ0S9G3E1V9Y4W1M8GV3AGA9,2025-06-30T16:15:11.749092268Z,01JZ0S9G7VJHRZZRV1KXAXAXSY,2025-06-30T16:15:11.749092268Z,01JZ0SHSYCA0N91MC48RJ4Q13V,2025-06-30T16:15:11.749092268Z,01JZ0SP4EFE17P97W11CCBSWNM,2025-06-30T16:15:11.749092268Z,01JZ0SP4SHSVN40VBWKYDJFCMZ,2025-06-30T16:15:11.749092268Z
01JZ0FEG3645FPPCARQ69EVKHN,01JZ0F67X5J6SBR3095JZ2KKHQ,2025-06-30T13:11:58.822357527Z,01JZ0F6805RKXP4JKMN5N89R8W,2025-06-30T13:11:58.822357527Z,01JZ0FAXS6V25W6YPWT6Y66ZX9,2025-06-30T13:11:58.822357527Z,01JZ0FEFHQRWH9TECM4DP0QTVV,2025-06-30T13:11:58.822357527Z,01JZ0FEFJEJ9WKHXZGPX5RF8AD,2025-06-30T13:11:58.822357527Z
01JZ0K73XK9Z45NBYSK5AT3BM6,01JZ0JJRG62BDVPN4H0KJ2XPWK,2025-06-30T14:17:51.283221098Z,01JZ0JJRKH7XD764W2MEEG7PFH,2025-06-30T14:17:51.283221098Z,01JZ0JVNB15V13M0SKK8XKHN5V,2025-06-30T14:17:51.283221098Z,01JZ0JZD89HTD2CCP2TGR5JKX2,2025-06-30T14:17:51.283221098Z,01JZ0JZDD0KBWZKE6QE31DY4PG,2025-06-30T14:17:51.283221098Z
01JZ0R2BN9NNEHGG1XZXQDMZNA,01JZ0QGE33ZWYV7A3256FYEZA6,2025-06-30T15:42:38.252334201Z,01JZ0QGE4MQBM7ZJEFVQMWJX02,2025-06-30T15:42:38.252334201Z,01JZ0QPKRJFVHW9J2EJ9HV7BB0,2025-06-30T15:42:38.252334201Z,01JZ0QT8EVWQAQJSS0H6BE6YX3,2025-06-30T15:42:38.252334201Z,01JZ0QT8Q75XT8VEPMTC9KPYT6,2025-06-30T15:42:38.252334201Z
01JZ0RQX0ZDV5RM5S6FAW9STS7,01JZ0R44WS56B1WD5354KYAZ6V,2025-06-30T15:54:24.160045149Z,01JZ0R450A0M8Q4QC968ZVRS9H,2025-06-30T15:54:24.160045149Z,01JZ0R9QCHAWV30C13DYNCKKAJ,2025-06-30T15:54:24.160045149Z,01JZ0RFNSEZKPM2792JHDRN446,2025-06-30T15:54:24.160045149Z,01JZ0RFPKQMZBSTY66B37ZM1SV,2025-06-30T15:54:24.160045149Z
01JZ0SZ7DV1Z6RTP0G6BP45CEG,01JZ0S9G3E1V9Y4W1M8GV3AGA9,2025-06-30T16:15:52.763494671Z,01JZ0S9G72AZ3MF9HASHX1PW43,2025-06-30T16:15:52.763494671Z,01JZ0SPRDFB0F6D4FXP9707JF1,2025-06-30T16:15:52.763494671Z,01JZ0SSF5TTEGA4KE9KCX2D069,2025-06-30T16:15:52.763494671Z,01JZ0SSFDDM43P09Q9RREYCTET,2025-06-30T16:15:52.763494671Z
01JZ0TMRVN9636R694FC3JWCTW,01JZ0T594M7DT83RJMYEJDT186,2025-06-30T16:27:38.741787026Z,01JZ0T59780CP4Z1F2CEHFDNAC,2025-06-30T16:27:38.741787026Z,01JZ0T99WGNY3W44R5KQDMRP3G,2025-06-30T16:27:38.741787026Z,01JZ0TGXAWKWP7D51X7AXHZM1D,2025-06-30T16:27:38.741787026Z,01JZ0TGXK4NFDN1NH84NCDE6ZG,2025-06-30T16:27:38.741787026Z
01JZ0VAMHV5RAGFQWMR3Q9QK7W,01JZ0TXM4HA3Q8P6D6TPYYS7R3,2025-06-30T16:39:35.227072538Z,01JZ0TXMAAZJ4VJWA2WTVHG174,2025-06-30T16:39:35.227072538Z,01JZ0V1S612A57R9KJ7DENVWAG,2025-06-30T16:39:35.227072538Z,01JZ0V8M85MMPYBMHW7JFE9Q9Z,2025-06-30T16:39:35.227072538Z,01JZ0V8MD6DTYSKTYN8RG4TKC4,2025-06-30T16:39:35.227072538Z
01JZ0FQGY5B2WJPG6JDFR46K43,01JZ0F67X5J6SBR3095JZ2KKHQ,2025-06-30T13:16:54.597252334Z,01JZ0F67Z9QH00F8GAXY086HB5,2025-06-30T13:16:54.597252334Z,01JZ0FD79YGYA2VDDBD6504FRR,2025-06-30T13:16:54.597252334Z,01JZ0FNMHABMQMJJE7Y0M736G4,2025-06-30T13:16:54.597252334Z,01JZ0FNMM2YADDXQXBFP61Z513,2025-06-30T13:16:54.597252334Z
01JZ0FJ5RMEZ9S8PA7AH4CKWR3,01JZ0F67X5J6SBR3095JZ2KKHQ,2025-06-30T13:13:59.31684447Z,01JZ0F6805RKXP4JKMN5N89R8W,2025-06-30T13:13:59.31684447Z,01JZ0FAWW52BSADP6XRFJZKM7N,2025-06-30T13:13:59.31684447Z,01JZ0FEFHXWJDW412MQGZ1YMFV,2025-06-30T13:13:59.31684447Z,01JZ0FEFKGYDME9EBGC4MA1A0E,2025-06-30T13:13:59.31684447Z
01JZ0FVKEMVVJSKQ4SQXR2R9TV,01JZ0F67X5J6SBR3095JZ2KKHQ,2025-06-30T13:19:08.245904072Z,01JZ0F67ZC5C7QZPK5TEQ23RT2,2025-06-30T13:19:08.245904072Z,01JZ0FGZ3TEBS93H4SFF5B7S2S,2025-06-30T13:19:08.245904072Z,01JZ0FSQ51351EYGBSHM59PBYH,2025-06-30T13:19:08.245904072Z,01JZ0FSQ7KV83BDG9MWWDFWGTJ,2025-06-30T13:19:08.245904072Z
01JZ0FWX54BSBYMZMQ2R63RHK2,01JZ0F67X5J6SBR3095JZ2KKHQ,2025-06-30T13:19:50.948501516Z,01JZ0F67ZBCBNFH7W25EXNBXDS,2025-06-30T13:19:50.948501516Z,01JZ0FBJYV0GPQR4A1052RSJR7,2025-06-30T13:19:50.948501516Z,01JZ0FMTGGV6JJAQHDVZPDJM1T,2025-06-30T13:19:50.948501516Z,01JZ0FMTMGGWPAX1Y51FWG6J6S,2025-06-30T13:19:50.948501516Z
01JZ0HN4F8P0N4P5NWR52PWYGH,01JZ0H1K4AG17CS34Z9G9MQYDS,2025-06-30T13:50:33.448040002Z,01JZ0H1K706F68YJ8PB50DJAH3,2025-06-30T13:50:33.448040002Z,01JZ0H4A5D7C5PF70PNDKFAY5N,2025-06-30T13:50:33.448040002Z,01JZ0HDDQMTC6TEXBWB6J1ED7W,2025-06-30T13:50:33.448040002Z,01JZ0HDDVAWGE20SAPB508Z87D,2025-06-30T13:50:33.448040002Z
01JZ0K3424KF6CHZ6M26QCPGCV,01JZ0JJRG62BDVPN4H0KJ2XPWK,2025-06-30T14:15:40.356506611Z,01JZ0JJRKH7XD764W2MEEG7PFH,2025-06-30T14:15:40.356506611Z,01JZ0JR8TNC3BX4SGFJ6K8AMXM,2025-06-30T14:15:40.356506611Z,01JZ0JZD8STSHTGJ2FBE9QM7PE,2025-06-30T14:15:40.356506611Z,01JZ0JZDAWP1RCEJZFJTSQHKND,2025-06-30T14:15:40.356506611Z
01JZ0K73XCMHNQAA3PKRYB1MBW,01JZ0JJRG62BDVPN4H0KJ2XPWK,2025-06-30T14:17:51.276820426Z,01JZ0JJRKH7XD764W2MEEG7PFH,2025-06-30T14:17:51.276820426Z,01JZ0JR8TNC3BX4SGFJ6K8AMXM,2025-06-30T14:17:51.276820426Z,01JZ0JZD89HTD2CCP2TGR5JKX2,2025-06-30T14:17:51.276820426Z,01JZ0JZDD0KBWZKE6QE31DY4PG,2025-06-30T14:17:51.276820426Z
01JZ0MDWTV2G76MJX85R5HXN3R,01JZ0KZHFC2GEC175ZSKVHYGR2,2025-06-30T14:39:01.979108826Z,01JZ0KZHHH6W8J7M02JDFMAQF5,2025-06-30T14:39:01.979108826Z,01JZ0M37T5B6J4TKCZ2030N8JQ,2025-06-30T14:39:01.979108826Z,01JZ0MA57G6F6CZSS6TXQYY4X3,2025-06-30T14:39:01.979108826Z,01JZ0MA5CP269RMSCXAZMV62F9,2025-06-30T14:39:01.979108826Z
01JZ0FHZM35HJ59FSHYKYJ1GAV,01JZ0F67X5J6SBR3095JZ2KKHQ,2025-06-30T13:13:53.027427145Z,01JZ0F67Z745P2890BJ7Q88E3R,2025-06-30T13:13:53.027427145Z,01JZ0FAZKMC53M0H38X162NKWX,2025-06-30T13:13:53.027427145Z,01JZ0FHYSNA4X4J5NJHCTV0XGQ,2025-06-30T13:13:53.027427145Z,01JZ0FHYTK1QANS50Y57QBF84C,2025-06-30T13:13:53.027427145Z
01JZ0HJF8W91S7YHADM6C4T7HJ,01JZ0H1K4AG17CS34Z9G9MQYDS,2025-06-30T13:49:06.204142069Z,01JZ0H1K7A7HBJ5WZC7T99GVBX,2025-06-30T13:49:06.204142069Z,01JZ0H5Q2X0VNQ3KT02G5XT30Y,2025-06-30T13:49:06.204142069Z,01JZ0HAEE7JP7PN26K0A2GQAYB,2025-06-30T13:49:06.204142069Z,01JZ0HAEKGW7T5R24W60CW13H7,2025-06-30T13:49:06.204142069Z
01JZ0K19A9KYAG04E181AA5DV3,01JZ0JJRG62BDVPN4H0KJ2XPWK,2025-06-30T14:14:40.201151247Z,01JZ0JJRKH7XD764W2MEEG7PFH,2025-06-30T14:14:40.201151247Z,01JZ0JQCKEA261XTRR4HTBQ2S1,2025-06-30T14:14:40.201151247Z,01JZ0JZD8STSHTGJ2FBE9QM7PE,2025-06-30T14:14:40.201151247Z,01JZ0JZDAMA51BAHNH2TER6XXD,2025-06-30T14:14:40.201151247Z
01JZ0SQ6Y03A4V8A82TFPX9XJS,01JZ0S9G3E1V9Y4W1M8GV3AGA9,2025-06-30T16:11:30.112527536Z,01JZ0S9G69Y1BMBR3KZBCDH0XZ,2025-06-30T16:11:30.112527536Z,01JZ0SAN7S16T6GKYDP9BE4Q9F,2025-06-30T16:11:30.112527536Z,01JZ0SN4RKR0FK21YDZFG99ED0,2025-06-30T16:11:30.112527536Z,01JZ0SN5AP1JHK5HQF6BX6GR4C,2025-06-30T16:11:30.112527536Z
01JZ0T12XHET6Z4C2Q85FPHJY0,01JZ0S9G3E1V9Y4W1M8GV3AGA9,2025-06-30T16:16:53.681098132Z,01JZ0S9G72AZ3MF9HASHX1PW43,2025-06-30T16:16:53.681098132Z,01JZ0SMZHYMDQK8WF64HD0D3K4,2025-06-30T16:16:53.681098132Z,01JZ0SSF537SEH889S5Y9R5QVG,2025-06-30T16:16:53.681098132Z,01JZ0SSFFMBCDP4YYA64Y4ZRYS,2025-06-30T16:16:53.681098132Z
01JZ0HCAEMB63NY3CSGP5C7FZ0,01JZ0H1K4AG17CS34Z9G9MQYDS,2025-06-30T13:45:44.660952791Z,01JZ0H1K7A7HBJ5WZC7T99GVBX,2025-06-30T13:45:44.660952791Z,01JZ0H5Q2X0VNQ3KT02G5XT30Y,2025-06-30T13:45:44.660952791Z,01JZ0HAECPB75NSKW408592PHJ,2025-06-30T13:45:44.660952791Z,01JZ0HAEGHN57EQQXTHRM3E07Z,2025-06-30T13:45:44.660952791Z
01JZ0HCAT4KY2WNCRTCSTHRVC1,01JZ0H1K4AG17CS34Z9G9MQYDS,2025-06-30T13:45:45.029003288Z,01JZ0H1K6THHEJQ855QF7WP6P1,2025-06-30T13:45:45.029003288Z,01JZ0H37QX2G6JSTQ9DTXQ42SA,2025-06-30T13:45:45.029003288Z,01JZ0H8M6RNVPAN6FF1JPRG2N3,2025-06-30T13:45:45.029003288Z,01JZ0H8M95K0NCGBK2P74BAWW7,2025-06-30T13:45:45.029003288Z
01JZ0HVP6FVG8EKGCH90WH841B,01JZ0H1K4AG17CS34Z9G9MQYDS,2025-06-30T13:54:08.207263169Z,01JZ0H1K72P9WWMQFG7ACVRNHM,2025-06-30T13:54:08.207263169Z,01JZ0H3T4YGXY3JXDPRSNCMQN3,2025-06-30T13:54:08.207263169Z,01JZ0HKZ36G3ZG992AMVD2CV89,2025-06-30T13:54:08.207263169Z,01JZ0HKZ7B8N0GW7N5NK56BBBA,2025-06-30T13:54:08.207263169Z
01JZ0TAWX76P5P15XT8NAQYJFE,01JZ0S9G3E1V9Y4W1M8GV3AGA9,2025-06-30T16:22:15.207763372Z,01JZ0S9G8MSQJNW9QDDX82T8EZ,2025-06-30T16:22:15.207763372Z,01JZ0ST5TS5QV8K1SHD437M5P1,2025-06-30T16:22:15.207763372Z,01JZ0T2Z9DJXQQDN9W9Y1Y0D2X,2025-06-30T16:22:15.207763372Z,01JZ0T2ZPV3MVJCQYMG30GM9C9,2025-06-30T16:22:15.207763372Z
01JZ0FXE7DCGZRZAQ7K6CPR32G,01JZ0F67X5J6SBR3095JZ2KKHQ,2025-06-30T13:20:08.429970605Z,01JZ0F67ZC5C7QZPK5TEQ23RT2,2025-06-30T13:20:08.429970605Z,01JZ0FHGYRW8Y6ZSR162NPMQGD,2025-06-30T13:20:08.429970605Z,01JZ0FSQ51351EYGBSHM59PBYH,2025-06-30T13:20:08.429970605Z,01JZ0FSQ7STW7D3EN5RCEBHXW2,2025-06-30T13:20:08.429970605Z
01JZ0FW80685V1ZM1CGDAS0JRG,01JZ0F67X5J6SBR3095JZ2KKHQ,2025-06-30T13:19:29.286752296Z,01JZ0F67Z8B8A42G6Y5XQ0NS83,2025-06-30T13:19:29.286752296Z,01JZ0FE684K4966TB954TX4AR0,2025-06-30T13:19:29.286752296Z,01JZ0FW5HE1H38YZ9NH65TR9EG,2025-06-30T13:19:29.286752296Z,01JZ0FW5JJ8F4D6M3T2N3KG781,2025-06-30T13:19:29.286752296Z
01JZ0HAFTQAFHCGQ0X8E48W69G,01JZ0H1K4AG17CS34Z9G9MQYDS,2025-06-30T13:44:44.631164208Z,01JZ0H1K6THHEJQ855QF7WP6P1,2025-06-30T13:44:44.631164208Z,01JZ0H37QX2G6JSTQ9DTXQ42SA,2025-06-30T13:44:44.631164208Z,01JZ0H8M6RNVPAN6FF1JPRG2N3,2025-06-30T13:44:44.631164208Z,01JZ0H8M914FGE8QKZ90QFSC4F,2025-06-30T13:44:44.631164208Z
01JZ0HCCFTWET7KZGJ8CBH8AZR,01JZ0H1K4AG17CS34Z9G9MQYDS,2025-06-30T13:45:46.746517234Z,01JZ0H1K78HDDW9F2WM1P8VZMN,2025-06-30T13:45:46.746517234Z,01JZ0H5BHKCTD3T58KE49ABST6,2025-06-30T13:45:46.746517234Z,01JZ0HAGSF134DXMQJAXEF8DCZ,2025-06-30T13:45:46.746517234Z,01JZ0HAGV24QCEKDTHBMED66MS,2025-06-30T13:45:46.746517234Z
01JZ0HE77DX7YB0KWVGH1DENVA,01JZ0H1K4AG17CS34Z9G9MQYDS,2025-06-30T13:46:46.893105448Z,01JZ0H1K78HDDW9F2WM1P8VZMN,2025-06-30T13:46:46.893105448Z,01JZ0H3QQ5CPMXHE11M4R96C48,2025-06-30T13:46:46.893105448Z,01JZ0HAGSF134DXMQJAXEF8DCZ,2025-06-30T13:46:46.893105448Z,01JZ0HAGV6G3DJPC3A564GGRC0,2025-06-30T13:46:46.893105448Z
01JZ0MJ5FPS8J57NAZ3XGTC00G,01JZ0KZHFC2GEC175ZSKVHYGR2,2025-06-30T14:41:21.910096645Z,01JZ0KZHH6W8XDVC696R9C92DG,2025-06-30T14:41:21.910096645Z,01JZ0M5D5Z0X1X78TY6BNKZKFT,2025-06-30T14:41:21.910096645Z,01JZ0MCKBEDXBCTH25HMPCZETY,2025-06-30T14:41:21.910096645Z,01JZ0MCKE44Q59B1909WN6GQV8,2025-06-30T14:41:21.910096645Z
01JZ0VH6BGE90EM4FP98P42Q3D,01JZ0TXM4HA3Q8P6D6TPYYS7R3,2025-06-30T16:43:10.064069788Z,01JZ0TXM7C18DJWS688K2WH576,2025-06-30T16:43:10.064069788Z,01JZ0V2DYNG9H8Y855B84GV7Y8,2025-06-30T16:43:10.064069788Z,01JZ0V8ZTNVSWJ9G2H4MRHHPET,2025-06-30T16:43:10.064069788Z,01JZ0V909C373QS7799JXY9YVC,2025-06-30T16:43:10.064069788Z
01JZ0FN83XGX84MJ1J9D7DPMPR,01JZ0F67X5J6SBR3095JZ2KKHQ,2025-06-30T13:15:40.029720844Z,01JZ0F67Z61XNM528ZD36RPYGY,2025-06-30T13:15:40.029720844Z,01JZ0FBEYY00A3WRMWXSKTBJNC,2025-06-30T13:15:40.029720844Z,01JZ0FHHX23ZVHNKQQRRSX500X,2025-06-30T13:15:40.029720844Z,01JZ0FHJ02MHQZPHMZ7ZXH6X24,2025-06-30T13:15:40.029720844Z
01JZ0FQZXDYVTAE5AY6P8C9NPS,01JZ0F67X5J6SBR3095JZ2KKHQ,2025-06-30T13:17:09.933271182Z,01JZ0F67ZPF4121D8VQV580KT1,2025-06-30T13:17:09.933271182Z,01JZ0FCCMZG8VETD8HED6X5G3F,2025-06-30T13:17:09.933271182Z,01JZ0FG9XP257X71Y6S76BWV4E,2025-06-30T13:17:09.933271182Z,01JZ0FGA04XG30PW7JD903HZR0,2025-06-30T13:17:09.933271182Z
01JZ0FMBJTF3TTCD5THA8WC5NT,01JZ0F67X5J6SBR3095JZ2KKHQ,2025-06-30T13:15:10.810064094Z,01JZ0F67ZMW5MYVAMRDCKET4QV,2025-06-30T13:15:10.810064094Z,01JZ0FBAX014VD39AWS4YVMD4F,2025-06-30T13:15:10.810064094Z,01JZ0FETS8ER9G1DS9D9GHXGJ5,2025-06-30T13:15:10.810064094Z,01JZ0FETTRYWNQCHHZRR5GKR7V,2025-06-30T13:15:10.810064094Z
01JZ0FV2HBXXB0TSA9QN5KCKFZ,01JZ0F67X5J6SBR3095JZ2KKHQ,2025-06-30T13:18:50.923945044Z,01JZ0F67ZNGQ7M2D3G3M0R8ZTD,2025-06-30T13:18:50.923945044Z,01JZ0FB8B329KN6H9RPGAVWG69,2025-06-30T13:18:50.923945044Z,01JZ0FNH5C6Q73NCV3H5ND8BSP,2025-06-30T13:18:50.923945044Z,01JZ0FNH7RNVM69P187GPAFMTG,2025-06-30T13:18:50.923945044Z
01JZ0HE14Q7AZX38DFY9ZSJ3ZK,01JZ0H1K4AG17CS34Z9G9MQYDS,2025-06-30T13:46:40.663291285Z,01JZ0H1K7FV78W73P31JXQYTKA,2025-06-30T13:46:40.663291285Z,01JZ0H6Y8GZX8H152JRBMCSD5G,2025-06-30T13:46:40.663291285Z,01JZ0HC59VR7BR28QM5T4X3DVY,2025-06-30T13:46:40.663291285Z,01JZ0HC5BQ6734HYWH2QRTC602,2025-06-30T13:46:40.663291285Z
01JZ0HMT7GC9S4RQAXMVS8HG3H,01JZ0H1K4AG17CS34Z9G9MQYDS,2025-06-30T13:50:22.960227646Z,01JZ0H1K706F68YJ8PB50DJAH3,2025-06-30T13:50:22.960227646Z,01JZ0H3DQBF6NG57HME37ZG9W2,2025-06-30T13:50:22.960227646Z,01JZ0HDDPWNYGTK2DVP3JF7ANT,2025-06-30T13:50:22.960227646Z,01JZ0HDDTHP3VCN418R8WTFHP9,2025-06-30T13:50:22.960227646Z
01JZ0K19A2CRJ69ZN8XGTFJ43E,01JZ0JJRG62BDVPN4H0KJ2XPWK,2025-06-30T14:14:40.194478048Z,01JZ0JJRKH7XD764W2MEEG7PFH,2025-06-30T14:14:40.194478048Z,01JZ0JR8TNC3BX4SGFJ6K8AMXM,2025-06-30T14:14:40.194478048Z,01JZ0JZD8STSHTGJ2FBE9QM7PE,2025-06-30T14:14:40.194478048Z,01JZ0JZDAMA51BAHNH2TER6XXD,2025-06-30T14:14:40.194478048Z
01JZ0NQ7K21ET6G2P3ABYBBS5S,01JZ0N9PMZHSN31DAQRPMDQCYE,2025-06-30T15:01:36.482097492Z,01JZ0N9PPX2EBNCBEJCH5EHX43,2025-06-30T15:01:36.482097492Z,01JZ0NEK75CC9CPVP2CHZ4QJ84,2025-06-30T15:01:36.482097492Z,01JZ0NQ6A0SCMGAW0D8G71EQM8,2025-06-30T15:01:36.482097492Z,01JZ0NQ6C2APQ3MD59C76GRXJV,2025-06-30T15:01:36.482097492Z
01JZ0VFWB40D2926QWPJBXZWZR,01JZ0TXM4HA3Q8P6D6TPYYS7R3,2025-06-30T16:42:27.044696484Z,01JZ0TXMB9EHVXHHHV3J3SQY3A,2025-06-30T16:42:27.044696484Z,01JZ0V6D24J8EMX9VZ5TJX2AXC,2025-06-30T16:42:27.044696484Z,01JZ0VC1S39MS0B0H13TGRSYRF,2025-06-30T16:42:27.044696484Z,01JZ0VC24AYZ7M7KYKFVGT3P50,2025-06-30T16:42:27.044696484Z
01JZ0VGWVTSX52CHJKVAW2YEJP,01JZ0TXM4HA3Q8P6D6TPYYS7R3,2025-06-30T16:43:00.346185544Z,01JZ0TXMAAZJ4VJWA2WTVHG174,2025-06-30T16:43:00.346185544Z,01JZ0V35DCVJ8FMBXYFAAYSD86,2025-06-30T16:43:00.346185544Z,01JZ0V8M57A2HTCNB7GGX82M4H,2025-06-30T16:43:00.346185544Z,01JZ0V8MQ9HA62RH1TJ2H2Z72K,2025-06-30T16:43:00.346185544Z
01JZ0FN840JXMWJFDVNSZQ4MNS,01JZ0F67X5J6SBR3095JZ2KKHQ,2025-06-30T13:15:40.03279633Z,01JZ0F67Z61XNM528ZD36RPYGY,2025-06-30T13:15:40.03279633Z,01JZ0FCDGSPH1H2BZZPN1QS63M,2025-06-30T13:15:40.03279633Z,01JZ0FHHX23ZVHNKQQRRSX500X,2025-06-30T13:15:40.03279633Z,01JZ0FHJ02MHQZPHMZ7ZXH6X24,2025-06-30T13:15:40.03279633Z
01JZ0FSXMJM1S0C4N3Z3X5ER3C,01JZ0F67X5J6SBR3095JZ2KKHQ,2025-06-30T13:18:13.138568097Z,01JZ0F67Z228X9RHKVM8F1277D,2025-06-30T13:18:13.138568097Z,01JZ0FD5H390ZWW74EY7R1D7W9,2025-06-30T13:18:13.138568097Z,01JZ0FJ6PPRQHQXM29K4MXDKK9,2025-06-30T13:18:13.138568097Z,01JZ0FJ6VNCMHN20WKFYSF8WFV,2025-06-30T13:18:13.138568097Z
01JZ0FWT63XZ0KR70AZTFYQX2V,01JZ0F67X5J6SBR3095JZ2KKHQ,2025-06-30T13:19:47.907198073Z,01JZ0F67Z9QH00F8GAYATW0H4D,2025-06-30T13:19:47.907198073Z,01JZ0FDAK0H7SHFFA8ZFRDR2Y5,2025-06-30T13:19:47.907198073Z,01JZ0FTXTTSA7KPT3ZKN66DGDE,2025-06-30T13:19:47.907198073Z,01JZ0FTXZXN4AN1H258C86HK5W,2025-06-30T13:19:47.907198073Z
01JZ0HAFWFA4EWE7CW0G74EBB8,01JZ0H1K4AG17CS34Z9G9MQYDS,2025-06-30T13:44:44.687076433Z,01JZ0H1K6THHEJQ855QF7WP6P1,2025-06-30T13:44:44.687076433Z,01JZ0H3MSCHF8EHSQ33HEQDG2Z,2025-06-30T13:44:44.687076433Z,01JZ0H8M6RNVPAN6FF1JPRG2N3,2025-06-30T13:44:44.687076433Z,01JZ0H8M914FGE8QKZ90QFSC4F,2025-06-30T13:44:44.687076433Z
01JZ0HF9QDF2S4R755SPQXNZMW,01JZ0H1K4AG17CS34Z9G9MQYDS,2025-06-30T13:47:22.221427655Z,01JZ0H1K706F68YJ8PB50DJAH3,2025-06-30T13:47:22.221427655Z,01JZ0H4Z36PV4JSD83THK2GEDW,2025-06-30T13:47:22.221427655Z,01JZ0HDDQ1TQC05SZV1MP12GS4,2025-06-30T13:47:22.221427655Z,01JZ0HDDS74239BGHWBEHATDCG,2025-06-30T13:47:22.221427655Z
01JZ0RSVWYJWYYBEGQCB0K1H51,01JZ0R44WS56B1WD5354KYAZ6V,2025-06-30T15:55:28.54231593Z,01JZ0R44ZAP7PYVAMQ60PRQDRH,2025-06-30T15:55:28.54231593Z,01JZ0R9NKSZXK437J316D7FC4F,2025-06-30T15:55:28.54231593Z,01JZ0RJBN6E2M05T50P1ZF4TMN,2025-06-30T15:55:28.54231593Z,01JZ0RJBYQ89CAB99QXF8PEFK5,2025-06-30T15:55:28.54231593Z
01JZ0SS292N37TYT6JNWW30741,01JZ0S9G3E1V9Y4W1M8GV3AGA9,2025-06-30T16:12:30.882256158Z,01JZ0S9G69Y1BMBR3KZBCDH0XZ,2025-06-30T16:12:30.882256158Z,01JZ0SFBWH5DH0RBKQRJ6TWQK5,2025-06-30T16:12:30.882256158Z,01JZ0SN4RKR0FK21YDZFG99ED0,2025-06-30T16:12:30.882256158Z,01JZ0SN5CH2Z5V6Q7MGZ1FH50J,2025-06-30T16:12:30.882256158Z
01JZ0FJ5EZV42X8EP6JS17E30Q,01JZ0F67X5J6SBR3095JZ2KKHQ,2025-06-30T13:13:59.007779666Z,01JZ0F67ZPF4121D8VQV580KT1,2025-06-30T13:13:59.007779666Z,01JZ0FB6A8PGAA54RRTD4918CR,2025-06-30T13:13:59.007779666Z,01JZ0FG9XR3ADT6FD51B6EJHQB,2025-06-30T13:13:59.007779666Z,01JZ0FG9YWWG2VWZMQ1Q9RCDGB,2025-06-30T13:13:59.007779666Z
01JZ0FXNWDBMPC4HEYHMEX83TR,01JZ0F67X5J6SBR3095JZ2KKHQ,2025-06-30T13:20:16.269636396Z,01JZ0F67Z9QH00F8GAXY086HB5,2025-06-30T13:20:16.269636396Z,01JZ0FD79YGYA2VDDBD6504FRR,2025-06-30T13:20:16.269636396Z,01JZ0FNMGEWN0TYT8CB4N2HGW2,2025-06-30T13:20:16.269636396Z,01JZ0FNMS7C5RK3GDVW8YVXRV9,2025-06-30T13:20:16.269636396Z
01JZ0G0FSV79CVQ7BVKD1VFFH3,01JZ0F67X5J6SBR3095JZ2KKHQ,2025-06-30T13:21:48.3477836Z,01JZ0F67Z9QH00F8GAYATW0H4D,2025-06-30T13:21:48.3477836Z,01JZ0FTSPCSJN591W0XFWF8B8Q,2025-06-30T13:21:48.3477836Z,01JZ0FTXTTSA7KPT3ZKN66DGDE,2025-06-30T13:21:48.3477836Z,01JZ0FTY0AKWP8FKY3R8JB0KME,2025-06-30T13:21:48.3477836Z
01JZ0G2B0V7E4QQ2PG90HYMK8K,01JZ0F67X5J6SBR3095JZ2KKHQ,2025-06-30T13:22:48.987328467Z,01JZ0F67Z9QH00F8GAYATW0H4D,2025-06-30T13:22:48.987328467Z,01JZ0FH8ME21HSJEQV93FGWS4V,2025-06-30T13:22:48.987328467Z,01JZ0FTXWM694R5TBTQY6QHMR5,2025-06-30T13:22:48.987328467Z,01JZ0FTY185K5JAWP4Y1XCYQAS,2025-06-30T13:22:48.987328467Z
01JZ0FS7T1FWNRCYS56H2698ZW,01JZ0F67X5J6SBR3095JZ2KKHQ,2025-06-30T13:17:50.828108006Z,01JZ0F67ZNGQ7M2D3G3M0R8ZTD,2025-06-30T13:17:50.828108006Z,01JZ0FC09D1G1AHZCQZX30N8GY,2025-06-30T13:17:50.828108006Z,01JZ0FNH5C6Q73NCV3H5ND8BSP,2025-06-30T13:17:50.828108006Z,01JZ0FNH7NMFCTJSS0N9P30NJW,2025-06-30T13:17:50.828108006Z
01JZ0FYMZJJ3FRA2KENJFX3S64,01JZ0F67X5J6SBR3095JZ2KKHQ,2025-06-30T13:20:48.114212461Z,01JZ0F67Z9QH00F8GAYATW0H4D,2025-06-30T13:20:48.114212461Z,01JZ0FCSB181485J0F119VPBHD,2025-06-30T13:20:48.114212461Z,01JZ0FTXTTSA7KPT3ZKN66DGDE,2025-06-30T13:20:48.114212461Z,01JZ0FTY03MGJHCEKPX36GV0HC,2025-06-30T13:20:48.114212461Z
01JZ0G2NB83M7DKJJ3E6SDC3JX,01JZ0F67X5J6SBR3095JZ2KKHQ,2025-06-30T13:22:59.560610651Z,01JZ0F67Z9QH00F8GAYATW0H4D,2025-06-30T13:22:59.560610651Z,01JZ0FDAK0H7SHFFA8ZFRDR2Y5,2025-06-30T13:22:59.560610651Z,01JZ0FTXWA5766AFHFARB84PC3,2025-06-30T13:22:59.560610651Z,01JZ0FTY28T1H8QXMA913A3GFP,2025-06-30T13:22:59.560610651Z
01JZ0RMSNYZK1ERCWXHJNEEP5F,01JZ0R44WS56B1WD5354KYAZ6V,2025-06-30T15:52:42.430831308Z,01JZ0R44YW0T94WKHD2ZAT9VPC,2025-06-30T15:52:42.430831308Z,01JZ0RAVXZQ0FES5XXPFTQPKP9,2025-06-30T15:52:42.430831308Z,01JZ0RCZ78YWDGP623DZ54C3B3,2025-06-30T15:52:42.430831308Z,01JZ0RCZM35YRZ8JZT8CAHMG92,2025-06-30T15:52:42.430831308Z
01JZ0SRJW25BG5K9KATNGQBJDV,01JZ0S9G3E1V9Y4W1M8GV3AGA9,2025-06-30T16:12:15.106944617Z,01JZ0S9GCCCNBKT0N3T9B2PH95,2025-06-30T16:12:15.106944617Z,01JZ0SRC6GQQ036ZGEMABTCRWZ,2025-06-30T16:12:15.106944617Z,01JZ0SRFYRXFVCDDP0ABTHSNX2,2025-06-30T16:12:15.106944617Z,01JZ0SRG3KTZ3R7RP72Z3N594X,2025-06-30T16:12:15.106944617Z
01JZ0STWN19TJY12VNX6HB8771,01JZ0S9G3E1V9Y4W1M8GV3AGA9,2025-06-30T16:13:30.6570578Z,01JZ0S9G9GQDAYDBEESMGH4RA5,2025-06-30T16:13:30.6570578Z,01JZ0SH3DAYG35GGGDBNE9NJFV,2025-06-30T16:13:30.6570578Z,01JZ0SQ3C15Q09HYAH12H13T16,2025-06-30T16:13:30.6570578Z,01JZ0SQ3KDY9WQAA8Z0H2XVE1P,2025-06-30T16:13:30.6570578Z
01JZ0T1DRYPKJAXTVXESDQS8A8,01JZ0S9G3E1V9Y4W1M8GV3AGA9,2025-06-30T16:17:04.798867192Z,01JZ0S9G72AZ3MF9HASHX1PW43,2025-06-30T16:17:04.798867192Z,01JZ0SFH3A34EW308H72QP6WNN,2025-06-30T16:17:04.798867192Z,01JZ0SSF46G85AVW49YEHA1FMJ,2025-06-30T16:17:04.798867192Z,01JZ0SSFHTMY8WVPXXHFCY9DFQ,2025-06-30T16:17:04.798867192Z
01JZ0FEVB1XA5G451HC2HZRMGH,01JZ0F67X5J6SBR3095JZ2KKHQ,2025-06-30T13:12:10.337994291Z,01JZ0F67ZMW5MYVAMRDCKET4QV,2025-06-30T13:12:10.337994291Z,01JZ0FASBFGZWXGCNHK0X9PYM2,2025-06-30T13:12:10.337994291Z,01JZ0FETS298VMJSD4EETNPRNK,2025-06-30T13:12:10.337994291Z,01JZ0FETSXTFVFRZCJHJGR1VM0,2025-06-30T13:12:10.337994291Z
01JZ0HNEJGFAEMBZMP1KYFQVE5,01JZ0H1K4AG17CS34Z9G9MQYDS,2025-06-30T13:50:43.792655114Z,01JZ0H1K706F68YJ8PB50DJAH3,2025-06-30T13:50:43.792655114Z,01JZ0H4A5D7C5PF70PNDKFAY5N,2025-06-30T13:50:43.792655114Z,01JZ0HDDQE67VT5TA23YEM0DK6,2025-06-30T13:50:43.792655114Z,01JZ0HDDW3TQAFASZQK4WDSHQE,2025-06-30T13:50:43.792655114Z
01JZ0M8WE76KE0ZZDMNZK8Q3MY,01JZ0KZHFC2GEC175ZSKVHYGR2,2025-06-30T14:36:17.735124526Z,01JZ0KZHGK1V8ZC0AXDBXBYAX9,2025-06-30T14:36:17.735124526Z,01JZ0M54SWH9FMND8G8ZRJ8E3A,2025-06-30T14:36:17.735124526Z,01JZ0M8V6C61XVRFPHS8RWYS7W,2025-06-30T14:36:17.735124526Z,01JZ0M8V88GCFHK9B8ECZFSXDA,2025-06-30T14:36:17.735124526Z
01JZ0MDKP6CZM80SGVDMN0E7Y0,01JZ0KZHFC2GEC175ZSKVHYGR2,2025-06-30T14:38:52.614806033Z,01JZ0KZHGXZ28TMC40NC90GVYX,2025-06-30T14:38:52.614806033Z,01JZ0M5HKJHP80W8A523JYGPBB,2025-06-30T14:38:52.614806033Z,01JZ0M9WSQ9DM8WT39RMXP13EB,2025-06-30T14:38:52.614806033Z,01JZ0M9WX75K2NEFNJQ9PW944K,2025-06-30T14:38:52.614806033Z
01JZ0SX35JF3C530CNZ5MQP075,01JZ0S9G3E1V9Y4W1M8GV3AGA9,2025-06-30T16:14:42.866224872Z,01JZ0S9G69Y1BMBR3KZBCDH0XZ,2025-06-30T16:14:42.866224872Z,01JZ0SH0EC9KQV6Q30W20S8FQ8,2025-06-30T16:14:42.866224872Z,01JZ0SN4Z13DGFMWRG6H5FCFZR,2025-06-30T16:14:42.866224872Z,01JZ0SN62T6N1FSEVAV8CX6341,2025-06-30T16:14:42.866224872Z
01JZ0FGAVY9X2RE6BZ675R9T0J,01JZ0F67X5J6SBR3095JZ2KKHQ,2025-06-30T13:12:59.006152146Z,01JZ0F6805RKXP4JKMN5N89R8W,2025-06-30T13:12:59.006152146Z,01JZ0FBAJB7KQ7GP21NQ7ZFSYY,2025-06-30T13:12:59.006152146Z,01JZ0FEFHXWJDW412MQGZ1YMFV,2025-06-30T13:12:59.006152146Z,01JZ0FEFKFW9ZNMB0GZ41Y9BKN,2025-06-30T13:12:59.006152146Z
01JZ0VG6REEPPTTQ4HXQS0P49R,01JZ0TXM4HA3Q8P6D6TPYYS7R3,2025-06-30T16:42:37.710230115Z,01JZ0TXMAAZJ4VJWA2WTVHG174,2025-06-30T16:42:37.710230115Z,01JZ0V32G4VNH8F152X0004PNK,2025-06-30T16:42:37.710230115Z,01JZ0V8M7779BC73EQFC7W4Q4A,2025-06-30T16:42:37.710230115Z,01JZ0V8MHVSR2MS7X28YM342BV,2025-06-30T16:42:37.710230115Z
01JZ0FWJMDTAEX6MCHPKC0BTY7,01JZ0F67X5J6SBR3095JZ2KKHQ,2025-06-30T13:19:40.173700197Z,01JZ0F67ZBCBNFH7W25EXNBXDS,2025-06-30T13:19:40.173700197Z,01JZ0FBD0TN42Y2KGV31RR9FES,2025-06-30T13:19:40.173700197Z,01JZ0FMTGSXZ0PE0V260NPYTTX,2025-06-30T13:19:40.173700197Z,01JZ0FMTKS92JPRD7H687CCF0F,2025-06-30T13:19:40.173700197Z
01JZ0HAHKSQ4NCK41SXHZYHMQT,01JZ0H1K4AG17CS34Z9G9MQYDS,2025-06-30T13:44:46.457102802Z,01JZ0H1K78HDDW9F2WM1P8VZMN,2025-06-30T13:44:46.457102802Z,01JZ0H45MHCSY2Q70D0QH5HSR8,2025-06-30T13:44:46.457102802Z,01JZ0HAGRD45VQ56569PMWG39C,2025-06-30T13:44:46.457102802Z,01JZ0HAGSY2HJS5PPSPYKJ18MV,2025-06-30T13:44:46.457102802Z
01JZ0K15PMYS452ZZJ0P0BP26E,01JZ0JJRG62BDVPN4H0KJ2XPWK,2025-06-30T14:14:36.500933355Z,01JZ0JJRMQ32S1DDP8PZN3RKEA,2025-06-30T14:14:36.500933355Z,01JZ0JMRHQNNVVVJT7WR7062BD,2025-06-30T14:14:36.500933355Z,01JZ0JSS70VYGPC0KK37CPRG9X,2025-06-30T14:14:36.500933355Z,01JZ0JSSBR19NJEKZ80M9D66SK,2025-06-30T14:14:36.500933355Z
01JZ0NVJ5Q3A0VHQJS7R000YKV,01JZ0N9PMZHSN31DAQRPMDQCYE,2025-06-30T15:03:58.391543194Z,01JZ0N9PQHD06TCBXAQZTT3H76,2025-06-30T15:03:58.391543194Z,01JZ0NG88M5Q25NCB0XJJ5X4TH,2025-06-30T15:03:58.391543194Z,01JZ0NKT3DR2EPQ5TV4AEDW3XX,2025-06-30T15:03:58.391543194Z,01JZ0NKT9JAEG0PJBY6B34KT3T,2025-06-30T15:03:58.391543194Z
01JZ0Q0RE6M1BEWKW7WC6H0PJA,01JZ0PDFE8X2A24VZSJDD0T2BH,2025-06-30T15:24:17.222886501Z,01JZ0PDFG0TZHQMJ413RSFKXP4,2025-06-30T15:24:17.222886501Z,01JZ0PFD148NQV3M8890VB1Y1E,2025-06-30T15:24:17.222886501Z,01JZ0PSB96A8RB1ZY4AX160WT7,2025-06-30T15:24:17.222886501Z,01JZ0PSBEF7W1M66Q2ZATJYP2J,2025-06-30T15:24:17.222886501Z
01JZ0RR0NFKP2HJA6QX1421XPP,01JZ0R44WS56B1WD5354KYAZ6V,2025-06-30T15:54:27.887758231Z,01JZ0R44ZAP7PYVAMQ60PRQDRH,2025-06-30T15:54:27.887758231Z,01JZ0R9NKSZXK437J316D7FC4F,2025-06-30T15:54:27.887758231Z,01JZ0RJBMJ9DTWHHQXZG22T28N,2025-06-30T15:54:27.887758231Z,01JZ0RJBW6NBSE447RZSSMW517,2025-06-30T15:54:27.887758231Z
01JZ0SS1KYZ134VTYEQZVDKFFA,01JZ0S9G3E1V9Y4W1M8GV3AGA9,2025-06-30T16:12:30.206318686Z,01JZ0S9G9GQDAYDBEESMGH4RA5,2025-06-30T16:12:30.206318686Z,01JZ0SH3DAYG35GGGDBNE9NJFV,2025-06-30T16:12:30.206318686Z,01JZ0SQ3C15Q09HYAH12H13T16,2025-06-30T16:12:30.206318686Z,01JZ0SQ3JN543SNRZGH35QNY7Y,2025-06-30T16:12:30.206318686Z
01JZ0FZTB1Z3Q8FCPH1JK5HR7Y,01JZ0F67X5J6SBR3095JZ2KKHQ,2025-06-30T13:21:26.369082099Z,01JZ0F67Z49S75BR56TBMFCZ55,2025-06-30T13:21:26.369082099Z,01JZ0FBTZN02PXBW67S86C0YTF,2025-06-30T13:21:26.369082099Z,01JZ0FQRVWYE6EMF2428JYY8X6,2025-06-30T13:21:26.369082099Z,01JZ0FQS0KNN5R7P08HN8ZVR07,2025-06-30T13:21:26.369082099Z
01JZ0HB6Y7AEQQQWQ7V11A0G2F,01JZ0H1K4AG17CS34Z9G9MQYDS,2025-06-30T13:45:08.295388338Z,01JZ0H1K7KVN4Q30DF0C4SZNQW,2025-06-30T13:45:08.295388338Z,01JZ0H3E65SD9MJCEC63Q2EE1S,2025-06-30T13:45:08.295388338Z,01JZ0H9B6QJSN4ERPYEHH37CV2,2025-06-30T13:45:08.295388338Z,01JZ0H9B876E36HQ9MRHAW0HGM,2025-06-30T13:45:08.295388338Z
01JZ0HNXGHSAAFHYFWZDXRPA3P,01JZ0H1K4AG17CS34Z9G9MQYDS,2025-06-30T13:50:59.089555376Z,01JZ0H1K6XDYNJQ07N0KM3P1VX,2025-06-30T13:50:59.089555376Z,01JZ0HFAPSHETXH7P0VV2YXR0K,2025-06-30T13:50:59.089555376Z,01JZ0HJ6JG98XAP0W3RSSFXRZE,2025-06-30T13:50:59.089555376Z,01JZ0HJ6QJXWQWXHSXNVERZ648,2025-06-30T13:50:59.089555376Z
01JZ0K1VF0GZJA9FZS1FZKC6MS,01JZ0JJRG62BDVPN4H0KJ2XPWK,2025-06-30T14:14:58.784228825Z,01JZ0JJRKVJXBJGVYTJ6TBMBFM,2025-06-30T14:14:58.784228825Z,01JZ0JMJ507NBWF493954D1T1J,2025-06-30T14:14:58.784228825Z,01JZ0JW9G1715DA28FHK9V31XS,2025-06-30T14:14:58.784228825Z,01JZ0JW9KGW8AB7MX6GG82BSHN,2025-06-30T14:14:58.784228825Z
01JZ0K4ANQH96P0RZH1M2H0E06,01JZ0JJRG62BDVPN4H0KJ2XPWK,2025-06-30T14:16:19.895106292Z,01JZ0JJRKVJXBJGVYTJ6TBMBFM,2025-06-30T14:16:19.895106292Z,01JZ0JT6RPMCT74P4JP8THD1T8,2025-06-30T14:16:19.895106292Z,01JZ0JW9GP4E6S48S0QQWC18YS,2025-06-30T14:16:19.895106292Z,01JZ0JW9P8QTKHS5TNYPXNDT68,2025-06-30T14:16:19.895106292Z
01JZ0MDKNX6RBZRN3XVG6PR03M,01JZ0KZHFC2GEC175ZSKVHYGR2,2025-06-30T14:38:52.605364099Z,01JZ0KZHGXZ28TMC40NC90GVYX,2025-06-30T14:38:52.605364099Z,01JZ0M7J5WS1CYEZCS1370MV2S,2025-06-30T14:38:52.605364099Z,01JZ0M9WSQ9DM8WT39RMXP13EB,2025-06-30T14:38:52.605364099Z,01JZ0M9WX75K2NEFNJQ9PW944K,2025-06-30T14:38:52.605364099Z
01JZ0NWR9AQ9Q63EZYRBFCFP00,01JZ0N9PMZHSN31DAQRPMDQCYE,2025-06-30T15:04:37.418884029Z,01JZ0N9PPX2EBNCBEJCH5EHX43,2025-06-30T15:04:37.418884029Z,01JZ0NG35H1QSCVTSKBX9JBBRR,2025-06-30T15:04:37.418884029Z,01JZ0NQ6AS26ETG3TZPNN36FTM,2025-06-30T15:04:37.418884029Z,01JZ0NQ6DTMPVHS1CNXFSFA3WG,2025-06-30T15:04:37.418884029Z
01JZ0FS81K4SG9MGMP5493DJAN,01JZ0F67X5J6SBR3095JZ2KKHQ,2025-06-30T13:17:51.027262038Z,01JZ0F67Z61XNM528ZD36RPYGY,2025-06-30T13:17:51.027262038Z,01JZ0FBNEQDTRNKJSVXK2XHXY0,2025-06-30T13:17:51.027262038Z,01JZ0FHHXB2X4MX44PK6HBFG6Y,2025-06-30T13:17:51.027262038Z,01JZ0FHJ18987TCPZ5FNGT50K4,2025-06-30T13:17:51.027262038Z
01JZ0FYHHEBYNV3FR3DRF4ZYTP,01JZ0F67X5J6SBR3095JZ2KKHQ,2025-06-30T13:20:44.590907255Z,01JZ0F67ZNGQ7M2D3G364WEKWP,2025-06-30T13:20:44.590907255Z,01JZ0FCYEY48D81TQPYGM7BEH5,2025-06-30T13:20:44.590907255Z,01JZ0FPGB2RBFHA2C330T8B79V,2025-06-30T13:20:44.590907255Z,01JZ0FPGN1B4FQ01WXZBS6S5D9,2025-06-30T13:20:44.590907255Z
01JZ0HHV0G0AYHECPEH9WSY6ZK,01JZ0H1K4AG17CS34Z9G9MQYDS,2025-06-30T13:48:45.456193878Z,01JZ0H1K7A7HBJ5WZC7T99GVBX,2025-06-30T13:48:45.456193878Z,01JZ0H45W0M8M5CSQ69GQ678PR,2025-06-30T13:48:45.456193878Z,01JZ0HAEDCY4MJZ348YK1C296X,2025-06-30T13:48:45.456193878Z,01JZ0HAEHYKM1FK91S59J25Q90,2025-06-30T13:48:45.456193878Z
01JZ0HJ6DDJ566D50DZQ229T23,01JZ0H1K4AG17CS34Z9G9MQYDS,2025-06-30T13:48:57.133067042Z,01JZ0H1K7C3FKHJS5GP9RE7N8D,2025-06-30T13:48:57.133067042Z,01JZ0H3ZMEM4CP8B8CA2T4SJEG,2025-06-30T13:48:57.133067042Z,01JZ0HA5APB28G6NEZYQAGT5DS,2025-06-30T13:48:57.133067042Z,01JZ0HA5J7V84QTJXZVNDRZEH1,2025-06-30T13:48:57.133067042Z
01JZ0Q382DBDR2GSFH3586ANF1,01JZ0PDFE8X2A24VZSJDD0T2BH,2025-06-30T15:25:38.765152115Z,01JZ0PDFFH0EDR9F9CYFN0TQY3,2025-06-30T15:25:38.765152115Z,01JZ0PQ7G6X7K4MMC5P4S3TEYN,2025-06-30T15:25:38.765152115Z,01JZ0PVRF7K7NKQ7ZE4CCVD40K,2025-06-30T15:25:38.765152115Z,01JZ0PVRY8854FG5MQ5RHH4TS9,2025-06-30T15:25:38.765152115Z
01JZ0SXCCA1761AY3BJ8ZE84KN,01JZ0S9G3E1V9Y4W1M8GV3AGA9,2025-06-30T16:14:52.298384775Z,01JZ0S9G72AZ3MF9HASHX1PW43,2025-06-30T16:14:52.298384775Z,01JZ0SHJF35Z3VHRZEEB8TRRCR,2025-06-30T16:14:52.298384775Z,01JZ0SSF5TTEGA4KE9KCX2D069,2025-06-30T16:14:52.298384775Z,01JZ0SSFCJFDQ5TQEMZJ8D7G65,2025-06-30T16:14:52.298384775Z
01JZ0TJXWKYXW01Z9B87JRWY7M,01JZ0T594M7DT83RJMYEJDT186,2025-06-30T16:26:38.355960403Z,01JZ0T59780CP4Z1F2CEHFDNAC,2025-06-30T16:26:38.355960403Z,01JZ0TAKDPN96JCWTMZ8BD4TJ5,2025-06-30T16:26:38.355960403Z,01JZ0TGXAWKWP7D51X7AXHZM1D,2025-06-30T16:26:38.355960403Z,01JZ0TGXJC9KX3P475M2PFTP69,2025-06-30T16:26:38.355960403Z
01JZ0FQ4FH0CR8TQZPVRDM2NJV,01JZ0F67X5J6SBR3095JZ2KKHQ,2025-06-30T13:16:41.841504209Z,01JZ0F67ZKKPGDC64ETWQZ69WV,2025-06-30T13:16:41.841504209Z,01JZ0FBN02HG46T50M0DC5KD9N,2025-06-30T13:16:41.841504209Z,01JZ0FFEAPXXQGXPE6ETBGAMB2,2025-06-30T13:16:41.841504209Z,01JZ0FFEEECQGKJT82MY6S5SP1,2025-06-30T13:16:41.841504209Z
01JZ0FKDCZ14SM0P850YKYE7X4,01JZ0F67X5J6SBR3095JZ2KKHQ,2025-06-30T13:14:39.903887864Z,01JZ0F67Z61XNM528ZD36RPYGY,2025-06-30T13:14:39.903887864Z,01JZ0FBEYY00A3WRMWXSKTBJNC,2025-06-30T13:14:39.903887864Z,01JZ0FHHX23ZVHNKQQRRSX500X,2025-06-30T13:14:39.903887864Z,01JZ0FHHZZ9892CX6GDJA31V1J,2025-06-30T13:14:39.903887864Z
01JZ0FSYN7PVME5592SQ4R48VD,01JZ0F67X5J6SBR3095JZ2KKHQ,2025-06-30T13:18:14.183165739Z,01JZ0F67ZGT4J2NC89JRSKF93F,2025-06-30T13:18:14.183165739Z,01JZ0FCYY4QGD4A8984C3YPRN7,2025-06-30T13:18:14.183165739Z,01JZ0FHY0W4D6VMKGANP7KWT5F,2025-06-30T13:18:14.183165739Z,01JZ0FHY479H793YJVYZ4W2H83,2025-06-30T13:18:14.183165739Z
01JZ0FX1EM9CB5YJEKW0KTHABA,01JZ0F67X5J6SBR3095JZ2KKHQ,2025-06-30T13:19:55.348452146Z,01JZ0F67Z9QH00F8GAXY086HB5,2025-06-30T13:19:55.348452146Z,01JZ0FEZVY7EN4RKAZNT5R1EZ5,2025-06-30T13:19:55.348452146Z,01JZ0FNMH15E37EP3N80EBJ48P,2025-06-30T13:19:55.348452146Z,01JZ0FNMPSH9P0DAHTKX2G6Q21,2025-06-30T13:19:55.348452146Z
01JZ0HCAF5CM689E8KCQ3AQHTC,01JZ0H1K4AG17CS34Z9G9MQYDS,2025-06-30T13:45:44.677551963Z,01JZ0H1K7A7HBJ5WZC7T99GVBX,2025-06-30T13:45:44.677551963Z,01JZ0H5G63GV0PY89GCTJ3RTN8,2025-06-30T13:45:44.677551963Z,01JZ0HAECPB75NSKW408592PHJ,2025-06-30T13:45:44.677551963Z,01JZ0HAEGHN57EQQXTHRM3E07Z,2025-06-30T13:45:44.677551963Z
01JZ0HSKAYVK8NKEX05YKW6696,01JZ0H1K4AG17CS34Z9G9MQYDS,2025-06-30T13:52:59.742590944Z,01JZ0H1K6XDYNJQ07N0KM3P1VX,2025-06-30T13:52:59.742590944Z,01JZ0H3GSTCWHNYC00C4GV6RFB,2025-06-30T13:52:59.742590944Z,01JZ0HJ6KZ6VJHS2QT0Z4BB8RA,2025-06-30T13:52:59.742590944Z,01JZ0HJ6RKJ6RT7XJANE1YQDT8,2025-06-30T13:52:59.742590944Z
01JZ0FJ5ETP3CZWESWKJTM1BGW,01JZ0F67X5J6SBR3095JZ2KKHQ,2025-06-30T13:13:59.002873852Z,01JZ0F67ZPF4121D8VQV580KT1,2025-06-30T13:13:59.002873852Z,01JZ0FB771X9NXKNJD45VGGVHG,2025-06-30T13:13:59.002873852Z,01JZ0FG9XR3ADT6FD51B6EJHQB,2025-06-30T13:13:59.002873852Z,01JZ0FG9YWWG2VWZMQ1Q9RCDGB,2025-06-30T13:13:59.002873852Z
01JZ0FSA9AQ78A8PQWDVWJ5DA0,01JZ0F67X5J6SBR3095JZ2KKHQ,2025-06-30T13:17:53.322823406Z,01JZ0F67ZGT4J2NC89JRSKF93F,2025-06-30T13:17:53.322823406Z,01JZ0FBDHDTMS687HV4CDN8T2G,2025-06-30T13:17:53.322823406Z,01JZ0FHY09H13NPSRC55BEESBF,2025-06-30T13:17:53.322823406Z,01JZ0FHY313G9KTA8DZNMVB3SX,2025-06-30T13:17:53.322823406Z
01JZ0HAHKCJN5Y2RAS0DGHRGVB,01JZ0H1K4AG17CS34Z9G9MQYDS,2025-06-30T13:44:46.444301501Z,01JZ0H1K78HDDW9F2WM1P8VZMN,2025-06-30T13:44:46.444301501Z,01JZ0H5BHKCTD3T58KE49ABST6,2025-06-30T13:44:46.444301501Z,01JZ0HAGRD45VQ56569PMWG39C,2025-06-30T13:44:46.444301501Z,01JZ0HAGSY2HJS5PPSPYKJ18MV,2025-06-30T13:44:46.444301501Z
01JZ0P66X0ZYXH1KYWSTX8FD75,01JZ0NSN7EKS122Z238A4PF66D,2025-06-30T15:09:47.296864687Z,01JZ0NSNC1W3B8HBKV7A156B13,2025-06-30T15:09:47.296864687Z,01JZ0P0GZR09Z9DMSV67CDPA5W,2025-06-30T15:09:47.296864687Z,01JZ0P49FFMBGZM8VGX8RR699K,2025-06-30T15:09:47.296864687Z,01JZ0P49MXQF3N5WGQ72S23SRA,2025-06-30T15:09:47.296864687Z
01JZ0RKQ02S28T83W8AY6VSRM5,01JZ0R44WS56B1WD5354KYAZ6V,2025-06-30T15:52:06.914760505Z,01JZ0R450M24K8ZS9F18EDTFG6,2025-06-30T15:52:06.914760505Z,01JZ0R7JRQCNM0P6EPHSR9C03P,2025-06-30T15:52:06.914760505Z,01JZ0RFVDEC09529ZV39X1MYHY,2025-06-30T15:52:06.914760505Z,01JZ0RFVMF810025EX9647XZ1C,2025-06-30T15:52:06.914760505Z
01JZ0FR5KE234B56ZYD5RWRMZH,01JZ0F67X5J6SBR3095JZ2KKHQ,2025-06-30T13:17:15.758489702Z,01JZ0F67ZFPZEHV6BKFXQYDXZZ,2025-06-30T13:17:15.758489702Z,01JZ0FCATDZZRW2H907E68E72B,2025-06-30T13:17:15.758489702Z,01JZ0FG2SJJXSPJMK47NEFHHR0,2025-06-30T13:17:15.758489702Z,01JZ0FG30S8SK0E7TF5JG8VH83,2025-06-30T13:17:15.758489702Z
01JZ0FS7RTMQBTCXH80S7QJMS7,01JZ0F67X5J6SBR3095JZ2KKHQ,2025-06-30T13:17:50.747000614Z,01JZ0F67ZNGQ7M2D3G3M0R8ZTD,2025-06-30T13:17:50.747000614Z,01JZ0FBJQ7C7D6J79CXDMZGZYP,2025-06-30T13:17:50.747000614Z,01JZ0FNH5C6Q73NCV3H5ND8BSP,2025-06-30T13:17:50.747000614Z,01JZ0FNH7NMFCTJSS0N9P30NJW,2025-06-30T13:17:50.747000614Z
01JZ0HAHM1J5E98KSYR7ESPREW,01JZ0H1K4AG17CS34Z9G9MQYDS,2025-06-30T13:44:46.465694907Z,01JZ0H1K78HDDW9F2WM1P8VZMN,2025-06-30T13:44:46.465694907Z,01JZ0H3KYQN4X87D14R9JK1FH9,2025-06-30T13:44:46.465694907Z,01JZ0HAGRD45VQ56569PMWG39C,2025-06-30T13:44:46.465694907Z,01JZ0HAGSY2HJS5PPSPYKJ18MV,2025-06-30T13:44:46.465694907Z
01JZ0HT83AZ6Q77XFVKCEX5ZPM,01JZ0H1K4AG17CS34Z9G9MQYDS,2025-06-30T13:53:21.002136477Z,01JZ0H1K6XDYNJQ07N0KM3P1VX,2025-06-30T13:53:21.002136477Z,01JZ0HFAPSHETXH7P0VV2YXR0K,2025-06-30T13:53:21.002136477Z,01JZ0HJ6KG2QJ1V6FCF3W0CW1C,2025-06-30T13:53:21.002136477Z,01JZ0HJ6TD6VXG3YP06NWEPVCS,2025-06-30T13:53:21.002136477Z
01JZ0MGQHMEKV9Z78D1T8MKXRR,01JZ0KZHFC2GEC175ZSKVHYGR2,2025-06-30T14:40:34.868795906Z,01JZ0KZHHC2JQ9380R79DSYF93,2025-06-30T14:40:34.868795906Z,01JZ0M1SCZW0JCV54MFTC7P4CZ,2025-06-30T14:40:34.868795906Z,01JZ0MGP0BR7RSR59YVFT9BBWM,2025-06-30T14:40:34.868795906Z,01JZ0MGP2W9YQKVFWME12ZRKRM,2025-06-30T14:40:34.868795906Z
01JZ0MJJDT8SE3N6NHMD4KPRXT,01JZ0KZHFC2GEC175ZSKVHYGR2,2025-06-30T14:41:35.162135781Z,01JZ0KZHHC2JQ9380R79DSYF93,2025-06-30T14:41:35.162135781Z,01JZ0MGE22GN7DC08WS3FXT3M0,2025-06-30T14:41:35.162135781Z,01JZ0MGP26NJJGJCWPQGW8F3YX,2025-06-30T14:41:35.162135781Z,01JZ0MGP4J8WFAZFV2NGPFR81V,2025-06-30T14:41:35.162135781Z
01JZ0P81RYY9GNGH1TWTJRC2WJ,01JZ0NSN7EKS122Z238A4PF66D,2025-06-30T15:10:47.582843287Z,01JZ0NSNC1W3B8HBKV7A156B13,2025-06-30T15:10:47.582843287Z,01JZ0NZGH00DARNW9BBY2QG8YW,2025-06-30T15:10:47.582843287Z,01JZ0P49FFMBGZM8VGX8RR699K,2025-06-30T15:10:47.582843287Z,01JZ0P49NN4A6XBWS8HE1NN6EJ,2025-06-30T15:10:47.582843287Z
01JZ0VAZ15513QVTDACV7ZGTW9,01JZ0TXM4HA3Q8P6D6TPYYS7R3,2025-06-30T16:39:45.957231974Z,01JZ0TXM7C18DJWS688K2WH576,2025-06-30T16:39:45.957231974Z,01JZ0V0QWDKKE2Y7QVNMAD1GY6,2025-06-30T16:39:45.957231974Z,01JZ0V8ZQZFAA3Z4NYN9H5S8FG,2025-06-30T16:39:45.957231974Z,01JZ0V90034NVD22Q7BJYKHTKE,2025-06-30T16:39:45.957231974Z
01JZ0FP6D4QYRZQMXWBAG3PR5Q,01JZ0F67X5J6SBR3095JZ2KKHQ,2025-06-30T13:16:11.044111292Z,01JZ0F67ZMW5MYVAMRDCKET4QV,2025-06-30T13:16:11.044111292Z,01JZ0FASBFGZWXGCNHK0X9PYM2,2025-06-30T13:16:11.044111292Z,01JZ0FETSB3PBM5G2EQ4NJ99Z3,2025-06-30T13:16:11.044111292Z,01JZ0FETV92KY3E6GJ2R794JVJ,2025-06-30T13:16:11.044111292Z
01JZ0VFXFTYBQATKBFYEJA97RC,01JZ0TXM4HA3Q8P6D6TPYYS7R3,2025-06-30T16:42:28.219008163Z,01JZ0TXM9G1YQW4PKWAZEHBP4X,2025-06-30T16:42:28.219008163Z,01JZ0V898AG8ABR4XHNVSDEQYC,2025-06-30T16:42:28.219008163Z,01JZ0VA38AG5CMBPK3H4ZDH1EB,2025-06-30T16:42:28.219008163Z,01JZ0VA3G9VX5YA7Q2K05M1TQK,2025-06-30T16:42:28.219008163Z
01JZ0MGJ63QVEG9ZM69QM3GK15,01JZ0KZHFC2GEC175ZSKVHYGR2,2025-06-30T14:40:29.379581007Z,01JZ0KZHGK1V8ZC0AXDBXBYAX9,2025-06-30T14:40:29.379581007Z,01JZ0M2WM0HPMZRZ9HANZSA6QH,2025-06-30T14:40:29.379581007Z,01JZ0M8V7E2P63XBE7CBW22G7N,2025-06-30T14:40:29.379581007Z,01JZ0M8VBXGNDQKFCQ7S8WXESB,2025-06-30T14:40:29.379581007Z
01JZ0NVWJH5KWYHKDJEHP79C55,01JZ0N9PMZHSN31DAQRPMDQCYE,2025-06-30T15:04:09.041663332Z,01JZ0N9PQHD06TCBXAQZTT3H76,2025-06-30T15:04:09.041663332Z,01JZ0NEB3JG770E2MJXKGV4SYP,2025-06-30T15:04:09.041663332Z,01JZ0NKT3R7EZETXZ3X4SK2H40,2025-06-30T15:04:09.041663332Z,01JZ0NKTAJCNKZNZY27SMZHSYM,2025-06-30T15:04:09.041663332Z
01JZ0QG4K9CVT3RRCNJ9FF24TN,01JZ0Q0CTMMAVY329HW6Z84SYY,2025-06-30T15:32:41.193148815Z,01JZ0Q0CWNKJYDS4SW61Q7VTQN,2025-06-30T15:32:41.193148815Z,01JZ0Q7SXAVHT2K7AH34K6E1SX,2025-06-30T15:32:41.193148815Z,01JZ0Q80Y65Z75Z95MDYNNHM0T,2025-06-30T15:32:41.193148815Z,01JZ0Q817CP0Z0998GVVV95167,2025-06-30T15:32:41.193148815Z
01JZ0VHS6DVW977P0JDY8WV4WQ,01JZ0TXM4HA3Q8P6D6TPYYS7R3,2025-06-30T16:43:29.357435671Z,01JZ0TXM9G1YQW4PKWAZEHBP4X,2025-06-30T16:43:29.357435671Z,01JZ0V027NCPFS0Z28MM3HFKTJ,2025-06-30T16:43:29.357435671Z,01JZ0VA390BVZ4GTHHRDE079EZ,2025-06-30T16:43:29.357435671Z,01JZ0VA3JE8WTKCAC594K87NXX,2025-06-30T16:43:29.357435671Z
01JZ0HH1F05NG7MGWYZPPDXNZN,01JZ0H1K4AG17CS34Z9G9MQYDS,2025-06-30T13:48:19.296290942Z,01JZ0H1K7KVN4Q30DF0C4SZNQW,2025-06-30T13:48:19.296290942Z,01JZ0H3E65SD9MJCEC63Q2EE1S,2025-06-30T13:48:19.296290942Z,01JZ0H9B6K7H0GDYX6M9K2KAVN,2025-06-30T13:48:19.296290942Z,01JZ0H9B9Z0ZNNBD82FGZ21K0H,2025-06-30T13:48:19.296290942Z
01JZ0FT7XMHCX2H5QPQKBV56SJ,01JZ0F67X5J6SBR3095JZ2KKHQ,2025-06-30T13:18:23.668358762Z,01JZ0F67Z228X9RHKVM8F1277D,2025-06-30T13:18:23.668358762Z,01JZ0FBGYJV6XECY8PBES7705P,2025-06-30T13:18:23.668358762Z,01JZ0FJ6PFY30C73HB1M5QYGRK,2025-06-30T13:18:23.668358762Z,01JZ0FJ6Y1XFEKY53ZVJQV346R,2025-06-30T13:18:23.668358762Z
01JZ0HJJ5QDMFK7RPGE16FFCET,01JZ0H1K4AG17CS34Z9G9MQYDS,2025-06-30T13:49:09.175511492Z,01JZ0H1K78HDDW9F2WM1P8VZMN,2025-06-30T13:49:09.175511492Z,01JZ0H3QQ5CPMXHE11M4R96C48,2025-06-30T13:49:09.175511492Z,01JZ0HAGRY6N8X6N9WN9G5HWSG,2025-06-30T13:49:09.175511492Z,01JZ0HAGXKMY05NP93HW3SP4S7,2025-06-30T13:49:09.175511492Z
01JZ0HNXGW41GS04VDTSQBZK2M,01JZ0H1K4AG17CS34Z9G9MQYDS,2025-06-30T13:50:59.100079003Z,01JZ0H1K6XDYNJQ07N0KM3P1VX,2025-06-30T13:50:59.100079003Z,01JZ0HEH4WMXEPRA5Z4S2NQMBH,2025-06-30T13:50:59.100079003Z,01JZ0HJ6JG98XAP0W3RSSFXRZE,2025-06-30T13:50:59.100079003Z,01JZ0HJ6QJXWQWXHSXNVERZ648,2025-06-30T13:50:59.100079003Z
01JZ0KAN2G62VYY7D0RR03W9RZ,01JZ0JJRG62BDVPN4H0KJ2XPWK,2025-06-30T14:19:47.15275129Z,01JZ0JJRMFBKARHHQY8ZXKDX2Q,2025-06-30T14:19:47.15275129Z,01JZ0JQQMSRZZJ1P2ESVX6GNQJ,2025-06-30T14:19:47.15275129Z,01JZ0K2YFDRB6P8RBG2K4YQT5E,2025-06-30T14:19:47.15275129Z,01JZ0K2YKWQGXB2D5TT2VWR3KY,2025-06-30T14:19:47.15275129Z
01JZ0MG82DB9V1H6XGQ9346KX1,01JZ0KZHFC2GEC175ZSKVHYGR2,2025-06-30T14:40:19.021911362Z,01JZ0KZHGK1V8ZC0AXDBXBYAX9,2025-06-30T14:40:19.021911362Z,01JZ0M54SWH9FMND8G8ZRJ8E3A,2025-06-30T14:40:19.021911362Z,01JZ0M8V6YAB67PHM4KR0DAV8P,2025-06-30T14:40:19.021911362Z,01JZ0M8VAT1MQG3ZAVCKXSZQHW,2025-06-30T14:40:19.021911362Z
01JZ0QHA4MB0KVV2DPPMQBD61T,01JZ0Q0CTMMAVY329HW6Z84SYY,2025-06-30T15:33:19.636778055Z,01JZ0Q0CX32Y5M8NZMVY0C598C,2025-06-30T15:33:19.636778055Z,01JZ0QCV193MBKKSGA9DDJJBJY,2025-06-30T15:33:19.636778055Z,01JZ0QDJJNPEJ5YZK89YN764ZV,2025-06-30T15:33:19.636778055Z,01JZ0QDJN85VE5YS328ZYC3884,2025-06-30T15:33:19.636778055Z
01JZ0FNXB4C7FR21KSJVPYJ31S,01JZ0F67X5J6SBR3095JZ2KKHQ,2025-06-30T13:16:01.764882532Z,01JZ0F67Z228X9RHKVM8F1277D,2025-06-30T13:16:01.764882532Z,01JZ0FBEXX6YYXM4ZAGWM86RSZ,2025-06-30T13:16:01.764882532Z,01JZ0FJ6P04EK093QJBJ8ZQ2DS,2025-06-30T13:16:01.764882532Z,01JZ0FJ6SKHHT4JJ0HD4QT2DS2,2025-06-30T13:16:01.764882532Z
01JZ0FT7XAFTCET7N3EY0JH7QV,01JZ0F67X5J6SBR3095JZ2KKHQ,2025-06-30T13:18:23.658479584Z,01JZ0F67Z228X9RHKVM8F1277D,2025-06-30T13:18:23.658479584Z,01JZ0FCMDW21N834SMM0YDFMDT,2025-06-30T13:18:23.658479584Z,01JZ0FJ6PFY30C73HB1M5QYGRK,2025-06-30T13:18:23.658479584Z,01JZ0FJ6Y1XFEKY53ZVJQV346R,2025-06-30T13:18:23.658479584Z
01JZ0HG0H9MZY3S9RC5MYSHJF9,01JZ0H1K4AG17CS34Z9G9MQYDS,2025-06-30T13:47:45.577907193Z,01JZ0H1K6THHEJQ855QF7WP6P1,2025-06-30T13:47:45.577907193Z,01JZ0H3MSCHF8EHSQ33HEQDG2Z,2025-06-30T13:47:45.577907193Z,01JZ0H8M72KGW5DZTNWT8DQ8F9,2025-06-30T13:47:45.577907193Z,01JZ0H8MA37Y6WY6R0W9WZSGZ3,2025-06-30T13:47:45.577907193Z
01JZ0PCBT008RJX3GX6GKXQDRP,01JZ0NSN7EKS122Z238A4PF66D,2025-06-30T15:13:08.928756364Z,01JZ0NSNC1W3B8HBKV7A156B13,2025-06-30T15:13:08.928756364Z,01JZ0P0EBY7VSQYSD3AZX9YSX7,2025-06-30T15:13:08.928756364Z,01JZ0P49DXHNBVFYTYSBHGV2EW,2025-06-30T15:13:08.928756364Z,01JZ0P49ZFWQ1FQ6RF2WGSDWVN,2025-06-30T15:13:08.928756364Z
01JZ0QFFR65E6QEC7G8RB86YXX,01JZ0Q0CTMMAVY329HW6Z84SYY,2025-06-30T15:32:19.846854829Z,01JZ0Q0CWNKJYDS4SW61Q7VTQN,2025-06-30T15:32:19.846854829Z,01JZ0Q7M09XJBYMG64Y89317N8,2025-06-30T15:32:19.846854829Z,01JZ0Q80X0DV01H6MZ0H7J8ABM,2025-06-30T15:32:19.846854829Z,01JZ0Q813FAWB6VG0C9ZP7KRV4,2025-06-30T15:32:19.846854829Z
01JZ0RMSPKXC1YRCNWAAWR1295,01JZ0R44WS56B1WD5354KYAZ6V,2025-06-30T15:52:42.451812393Z,01JZ0R44YW0T94WKHD2ZAT9VPC,2025-06-30T15:52:42.451812393Z,01JZ0RA7ZVQK012EEC40XNGWC7,2025-06-30T15:52:42.451812393Z,01JZ0RCZ78YWDGP623DZ54C3B3,2025-06-30T15:52:42.451812393Z,01JZ0RCZM35YRZ8JZT8CAHMG92,2025-06-30T15:52:42.451812393Z
01JZ0SY3XXV87ZKDHXCSRT44EY,01JZ0S9G3E1V9Y4W1M8GV3AGA9,2025-06-30T16:15:16.413982164Z,01JZ0S9GCCCNBKT0N3T9B2PH95,2025-06-30T16:15:16.413982164Z,01JZ0SF01HCY6JAKBVS9CYAVSQ,2025-06-30T16:15:16.413982164Z,01JZ0SRFZN1N49MKZCM7JQAT6Y,2025-06-30T16:15:16.413982164Z,01JZ0SRG82KGK095QFE3MAFA80,2025-06-30T16:15:16.413982164Z
01JZ0V92T604RPV1TWNDW4W19J,01JZ0TXM4HA3Q8P6D6TPYYS7R3,2025-06-30T16:38:44.294480886Z,01JZ0TXM7C18DJWS688K2WH576,2025-06-30T16:38:44.294480886Z,01JZ0V0QWDKKE2Y7QVNMAD1GY6,2025-06-30T16:38:44.294480886Z,01JZ0V8ZPY044NTMZW4ZXBD0TN,2025-06-30T16:38:44.294480886Z,01JZ0V8ZX0W3VYTA2SDFYF9AQ0,2025-06-30T16:38:44.294480886Z
01JZ0FSAA2DQCDYX6FVSXGNBJF,01JZ0F67X5J6SBR3095JZ2KKHQ,2025-06-30T13:17:53.346919853Z,01JZ0F67ZGT4J2NC89JRSKF93F,2025-06-30T13:17:53.346919853Z,01JZ0FACXFQT958QDG28MQWC64,2025-06-30T13:17:53.346919853Z,01JZ0FHY09H13NPSRC55BEESBF,2025-06-30T13:17:53.346919853Z,01JZ0FHY313G9KTA8DZNMVB3SX,2025-06-30T13:17:53.346919853Z
01JZ0VKK9A5J51H3T4HKGMS3K2,01JZ0TXM4HA3Q8P6D6TPYYS7R3,2025-06-30T16:44:28.842080965Z,01JZ0TXMB9EHVXHHHV3J3SQY3A,2025-06-30T16:44:28.842080965Z,01JZ0TZEA4NSRNAN24CVE4XF3B,2025-06-30T16:44:28.842080965Z,01JZ0VC1T42YN6CTRNE5QH5YZH,2025-06-30T16:44:28.842080965Z,01JZ0VC289MGAPZQQ32ZEHMK2Q,2025-06-30T16:44:28.842080965Z
01JZ0FT7H4Y0C1SB51W3V0MD3T,01JZ0F67X5J6SBR3095JZ2KKHQ,2025-06-30T13:18:23.268357305Z,01JZ0F67ZNGQ7M2D3G364WEKWP,2025-06-30T13:18:23.268357305Z,01JZ0FHSMZ1RKYF919HZF316MP,2025-06-30T13:18:23.268357305Z,01JZ0FPGD3R4XTCQYX0YWJ9PM8,2025-06-30T13:18:23.268357305Z,01JZ0FPGG9R0MSXA37965M733H,2025-06-30T13:18:23.268357305Z
01JZ0FW28FC27K5RMSX9SDQ4B4,01JZ0F67X5J6SBR3095JZ2KKHQ,2025-06-30T13:19:23.407071124Z,01JZ0F67ZNGQ7M2D3G364WEKWP,2025-06-30T13:19:23.407071124Z,01JZ0FCNHTSC7G0FEF4YCP958P,2025-06-30T13:19:23.407071124Z,01JZ0FPGD3R4XTCQYX0YWJ9PM8,2025-06-30T13:19:23.407071124Z,01JZ0FPGGZTYJ67302VQXHZW12,2025-06-30T13:19:23.407071124Z
01JZ0FWX5XSKW8NC4854EVZTSA,01JZ0F67X5J6SBR3095JZ2KKHQ,2025-06-30T13:19:50.973350596Z,01JZ0F67ZBCBNFH7W25EXNBXDS,2025-06-30T13:19:50.973350596Z,01JZ0FCN8BDH6X8PVE3VG95N20,2025-06-30T13:19:50.973350596Z,01JZ0FMTGGV6JJAQHDVZPDJM1T,2025-06-30T13:19:50.973350596Z,01JZ0FMTMGGWPAX1Y51FWG6J6S,2025-06-30T13:19:50.973350596Z
01JZ0K3PCAG4K53TPBF262YYRF,01JZ0JJRG62BDVPN4H0KJ2XPWK,2025-06-30T14:15:59.11432235Z,01JZ0JJRKVJXBJGVYTJ6TBMBFM,2025-06-30T14:15:59.11432235Z,01JZ0JRQJFXEWFAWM7PWAPW35D,2025-06-30T14:15:59.11432235Z,01JZ0JW9GBP7GXSXKT2NGJ71C3,2025-06-30T14:15:59.11432235Z,01JZ0JW9MBD5NYGFTH764N0KK2,2025-06-30T14:15:59.11432235Z
01JZ0MRQ5MHPMEQB13GGFY5PDA,01JZ0KZHFC2GEC175ZSKVHYGR2,2025-06-30T14:44:56.628733034Z,01JZ0KZHHC2JQ9380R79DSYF93,2025-06-30T14:44:56.628733034Z,01JZ0MGE22GN7DC08WS3FXT3M0,2025-06-30T14:44:56.628733034Z,01JZ0MGP15FSE96N0S4HMPWP30,2025-06-30T14:44:56.628733034Z,01JZ0MGP9HGYG69ZB0R1F9AXKZ,2025-06-30T14:44:56.628733034Z
01JZ0RKQ1H98H5EZ6NYBKTP3H4,01JZ0R44WS56B1WD5354KYAZ6V,2025-06-30T15:52:06.961397001Z,01JZ0R450M24K8ZS9F18EDTFG6,2025-06-30T15:52:06.961397001Z,01JZ0R9WHEP7DQXPA3V8WPWJ9W,2025-06-30T15:52:06.961397001Z,01JZ0RFVDEC09529ZV39X1MYHY,2025-06-30T15:52:06.961397001Z,01JZ0RFVMF810025EX9647XZ1C,2025-06-30T15:52:06.961397001Z
01JZ0SV8KW8NPDZBR8P9EKS053,01JZ0S9G3E1V9Y4W1M8GV3AGA9,2025-06-30T16:13:42.908890797Z,01JZ0S9GBDE95BAEJ35DY3VGC4,2025-06-30T16:13:42.908890797Z,01JZ0SNAX1B595RP7S7B0WD649,2025-06-30T16:13:42.908890797Z,01JZ0SQECM4D5XPER5PREQ6RDB,2025-06-30T16:13:42.908890797Z,01JZ0SQEMB917QHZYWSBT1QBXE,2025-06-30T16:13:42.908890797Z
01JZ0FNPH2V0A34GQPBXEK8CW7,01JZ0F67X5J6SBR3095JZ2KKHQ,2025-06-30T13:15:54.787045256Z,01JZ0F67ZFPZEHV6BKFXQYDXZZ,2025-06-30T13:15:54.787045256Z,01JZ0FB6FJQ1D9FWD3X4BZ10WY,2025-06-30T13:15:54.787045256Z,01JZ0FG2TMDGKK0EJR14EYFE7R,2025-06-30T13:15:54.787045256Z,01JZ0FG2WY2714P5Q1V528ACYZ,2025-06-30T13:15:54.787045256Z
01JZ0FHKBABJDV973N6TJBN6YR,01JZ0F67X5J6SBR3095JZ2KKHQ,2025-06-30T13:13:40.459658344Z,01JZ0F67ZJJG6P50PFSVWKXYA5,2025-06-30T13:13:40.459658344Z,01JZ0FA7FFS51AB79BBEZA4BBG,2025-06-30T13:13:40.459658344Z,01JZ0FHJQAXDE33BTF4PR5DHYN,2025-06-30T13:13:40.459658344Z,01JZ0FHJQTAVZDAJ3YWNVQ8YDV,2025-06-30T13:13:40.459658344Z
01JZ0HJZ86EHT602BA7115XF38,01JZ0H1K4AG17CS34Z9G9MQYDS,2025-06-30T13:49:22.566947279Z,01JZ0H1K706F68YJ8PB50DJAH3,2025-06-30T13:49:22.566947279Z,01JZ0H4A5D7C5PF70PNDKFAY5N,2025-06-30T13:49:22.566947279Z,01JZ0HDDQ1TQC05SZV1MP12GS4,2025-06-30T13:49:22.566947279Z,01JZ0HDDSN4RJNHJNWEPZ6KD1D,2025-06-30T13:49:22.566947279Z
01JZ0HM0A533G6590PK5QX3TXP,01JZ0H1K4AG17CS34Z9G9MQYDS,2025-06-30T13:49:56.421654174Z,01JZ0H1K72P9WWMQFG7ACVRNHM,2025-06-30T13:49:56.421654174Z,01JZ0H6Y1FWY7X7YNWMGA41ZX8,2025-06-30T13:49:56.421654174Z,01JZ0HKZ3D61ECPKE25B0BSXEN,2025-06-30T13:49:56.421654174Z,01JZ0HKZ3TGA8Z5WQDDTNEW16T,2025-06-30T13:49:56.421654174Z
01JZ0MEFTVVK6QVJD5SYNSSFHG,01JZ0KZHFC2GEC175ZSKVHYGR2,2025-06-30T14:39:21.435685963Z,01JZ0KZHH6W8XDVC696R9C92DG,2025-06-30T14:39:21.435685963Z,01JZ0M5D5Z0X1X78TY6BNKZKFT,2025-06-30T14:39:21.435685963Z,01JZ0MCKBEDXBCTH25HMPCZETY,2025-06-30T14:39:21.435685963Z,01JZ0MCKDNRQKYA7DKMPVXP5T4,2025-06-30T14:39:21.435685963Z
01JZ0MHXNZ6QC495T2H3SEW5VF,01JZ0KZHFC2GEC175ZSKVHYGR2,2025-06-30T14:41:13.919334033Z,01JZ0KZHGXZ28TMC40NC90GVYX,2025-06-30T14:41:13.919334033Z,01JZ0M5HKJHP80W8A523JYGPBB,2025-06-30T14:41:13.919334033Z,01JZ0M9WVB1WWHT5K6G6X9W59V,2025-06-30T14:41:13.919334033Z,01JZ0M9X08W85492TW3PQ0RMWV,2025-06-30T14:41:13.919334033Z
01JZ0Q3WMWY17M6XJ1R6TM3555,01JZ0PDFE8X2A24VZSJDD0T2BH,2025-06-30T15:25:59.836848053Z,01JZ0PDFFH0EDR9F9CYFN0TQY3,2025-06-30T15:25:59.836848053Z,01JZ0PGV68TYQ231YS5FREY4WQ,2025-06-30T15:25:59.836848053Z,01JZ0PVRMDAW37CVDBXYEM2816,2025-06-30T15:25:59.836848053Z,01JZ0PVS42CZ7R23JHD0T5PQ23,2025-06-30T15:25:59.836848053Z
01JZ0RJXBC2S8MDDH0VR6599ZJ,01JZ0R44WS56B1WD5354KYAZ6V,2025-06-30T15:51:40.65226978Z,01JZ0R44ZYB02HBRR2X1W771BR,2025-06-30T15:51:40.65226978Z,01JZ0R6RGZPWYJYV8EDFTMJXPD,2025-06-30T15:51:40.65226978Z,01JZ0RGZ3DKRXN7JFMF7ZYJ17Q,2025-06-30T15:51:40.65226978Z,01JZ0RGZAC3BM6AJ84177WK36K,2025-06-30T15:51:40.65226978Z
01JZ0FH2SBBW0XFMDHV6TEYFKK,01JZ0F67X5J6SBR3095JZ2KKHQ,2025-06-30T13:13:23.500016755Z,01JZ0F67ZT8SK3RX0KMQXRZR64,2025-06-30T13:13:23.500016755Z,01JZ0FBBA1SDVNMEAJN2SN5G9V,2025-06-30T13:13:23.500016755Z,01JZ0FH2335CJ3FD79F7KW4ZQ3,2025-06-30T13:13:23.500016755Z,01JZ0FH24747RJE3D9SVAY6ZMK,2025-06-30T13:13:23.500016755Z
01JZ0VA8JVKKGN5MYTJE08PAKY,01JZ0TXM4HA3Q8P6D6TPYYS7R3,2025-06-30T16:39:22.971721703Z,01JZ0TXM9G1YQW4PKWAZEHBP4X,2025-06-30T16:39:22.971721703Z,01JZ0V4QNV0ZADMBTC1TQANM95,2025-06-30T16:39:22.971721703Z,01JZ0VA376DM6ZAKPMMZ3880SE,2025-06-30T16:39:22.971721703Z,01JZ0VA3BQ531X5KGZH9K8677V,2025-06-30T16:39:22.971721703Z
01JZ0RQ79GY1FBMA8JPPB1VV03,01JZ0R44WS56B1WD5354KYAZ6V,2025-06-30T15:54:01.904938092Z,01JZ0R450A0M8Q4QC968ZVRS9H,2025-06-30T15:54:01.904938092Z,01JZ0R7KYSRZ9WN5AKECH3KB3X,2025-06-30T15:54:01.904938092Z,01JZ0RFNWNPKRGC6SYS05MJ0WV,2025-06-30T15:54:01.904938092Z,01JZ0RFPBSM50DGW45KGPJPB79,2025-06-30T15:54:01.904938092Z
01JZ0FMRD1CTZF7MKP6KD1GKB0,01JZ0F67X5J6SBR3095JZ2KKHQ,2025-06-30T13:15:23.9374452Z,01JZ0F67ZT8SK3RX0KMQXRZR64,2025-06-30T13:15:23.9374452Z,01JZ0FAY2QGARY5N4MQCWRAXVK,2025-06-30T13:15:23.9374452Z,01JZ0FH235VE50PMY57N3YDJG9,2025-06-30T13:15:23.9374452Z,01JZ0FH2567KT8C7C7MRJ8ZSY4,2025-06-30T13:15:23.9374452Z
01JZ0FT131Q2E6M6YBWB11S1EC,01JZ0F67X5J6SBR3095JZ2KKHQ,2025-06-30T13:18:16.673617178Z,01JZ0F67Z745P2890BJ7Q88E3R,2025-06-30T13:18:16.673617178Z,01JZ0FBWR8H942AC9T38EZCDR4,2025-06-30T13:18:16.673617178Z,01JZ0FHYSYJQMTKEVNFTKJ5XVW,2025-06-30T13:18:16.673617178Z,01JZ0FHYXNEX17F597VBZ4TX30,2025-06-30T13:18:16.673617178Z
01JZ0RKH01FAFD59Q1EZTZXCDH,01JZ0R44WS56B1WD5354KYAZ6V,2025-06-30T15:52:00.769583952Z,01JZ0R44ZMT5HYXWVABB60AH0G,2025-06-30T15:52:00.769583952Z,01JZ0R6Q0YQ41FZ6FDY8FN8NJA,2025-06-30T15:52:00.769583952Z,01JZ0RDSDRWJSGT5RWM6SPP1BW,2025-06-30T15:52:00.769583952Z,01JZ0RDSKE5WH4HDAH609MC1VS,2025-06-30T15:52:00.769583952Z
01JZ0SRJRG6XCN92M55F58VJQM,01JZ0S9G3E1V9Y4W1M8GV3AGA9,2025-06-30T16:12:14.992178069Z,01JZ0S9GCCCNBKT0N3T9B2PH95,2025-06-30T16:12:14.992178069Z,01JZ0SF01HCY6JAKBVS9CYAVSQ,2025-06-30T16:12:14.992178069Z,01JZ0SRFYRXFVCDDP0ABTHSNX2,2025-06-30T16:12:14.992178069Z,01JZ0SRG3KTZ3R7RP72Z3N594X,2025-06-30T16:12:14.992178069Z
01JZ0T33B91F220KX91QV7M98D,01JZ0S9G3E1V9Y4W1M8GV3AGA9,2025-06-30T16:17:59.657774499Z,01JZ0S9G8MSQJNW9QDDX82T8EZ,2025-06-30T16:17:59.657774499Z,01JZ0STMYP8TJX1DM87QADCSSE,2025-06-30T16:17:59.657774499Z,01JZ0T2Z6AMGE826QEXMPN0BXC,2025-06-30T16:17:59.657774499Z,01JZ0T2ZCS43Y5BZB2S8HQHMDZ,2025-06-30T16:17:59.657774499Z
01JZ0FM2K13DZH4VJVQS123QF1,01JZ0F67X5J6SBR3095JZ2KKHQ,2025-06-30T13:15:01.601152539Z,01JZ0F67Z228X9RHKVM8F1277D,2025-06-30T13:15:01.601152539Z,01JZ0FCMDW21N834SMM0YDFMDT,2025-06-30T13:15:01.601152539Z,01JZ0FJ6P04EK093QJBJ8ZQ2DS,2025-06-30T13:15:01.601152539Z,01JZ0FJ6SBHJ7X638RST97CGZZ,2025-06-30T13:15:01.601152539Z
01JZ0G1RPA1Z5J5TAFGZRD4TAB,01JZ0F67X5J6SBR3095JZ2KKHQ,2025-06-30T13:22:30.2181621Z,01JZ0F67Z8B8A42G6Y5XQ0NS83,2025-06-30T13:22:30.2181621Z,01JZ0FMGSF0PK3CA9HTNHT34W1,2025-06-30T13:22:30.2181621Z,01JZ0FW5GZ8NR8PVKBDD2P70TS,2025-06-30T13:22:30.2181621Z,01JZ0FW5RBJNNA3GJTC4NQK0WN,2025-06-30T13:22:30.2181621Z
01JZ0HHW8SSDAZH3AF168QZS7N,01JZ0H1K4AG17CS34Z9G9MQYDS,2025-06-30T13:48:46.745053201Z,01JZ0H1K7C3FKHJS5GP9RE7N8D,2025-06-30T13:48:46.745053201Z,01JZ0H4BNVJDAKGEAV3D5Z23CC,2025-06-30T13:48:46.745053201Z,01JZ0HA58VSZX7J2P38WPTHP06,2025-06-30T13:48:46.745053201Z,01JZ0HA5GS32GQV6315XEFW0FY,2025-06-30T13:48:46.745053201Z
01JZ0MEFSFCZFQXVV986QH210K,01JZ0KZHFC2GEC175ZSKVHYGR2,2025-06-30T14:39:21.39141626Z,01JZ0KZHH6W8XDVC696R9C92DG,2025-06-30T14:39:21.39141626Z,01JZ0M68RH26TA36VPTAMVWHEQ,2025-06-30T14:39:21.39141626Z,01JZ0MCKBEDXBCTH25HMPCZETY,2025-06-30T14:39:21.39141626Z,01JZ0MCKDNRQKYA7DKMPVXP5T4,2025-06-30T14:39:21.39141626Z
01JZ0SYK0VTE3MPT3SR9WG9YA3,01JZ0S9G3E1V9Y4W1M8GV3AGA9,2025-06-30T16:15:31.867600672Z,01JZ0S9G9GQDAYDBEESMGH4RA5,2025-06-30T16:15:31.867600672Z,01JZ0SF9Q56965BA9MXGSMHAND,2025-06-30T16:15:31.867600672Z,01JZ0SQ3CMRR1TZZF817KETV97,2025-06-30T16:15:31.867600672Z,01JZ0SQ3PD5SBP4KBHG0G8TV26,2025-06-30T16:15:31.867600672Z
01JZ0TPKVN3X7G1GG4FA75CDQR,01JZ0T594M7DT83RJMYEJDT186,2025-06-30T16:28:39.157500633Z,01JZ0T59780CP4Z1F2CEHFDNAC,2025-06-30T16:28:39.157500633Z,01JZ0T8PDXGTH6126KNQYQ7G1B,2025-06-30T16:28:39.157500633Z,01JZ0TGXAWKWP7D51X7AXHZM1D,2025-06-30T16:28:39.157500633Z,01JZ0TGXKSXPBBVRHRVCPPT5ZR,2025-06-30T16:28:39.157500633Z
01JZ0VEN5Q9M7DS1KK5APGWW4D,01JZ0TXM4HA3Q8P6D6TPYYS7R3,2025-06-30T16:41:46.935546974Z,01JZ0TXM7C18DJWS688K2WH576,2025-06-30T16:41:46.935546974Z,01JZ0TZYZXZDYD29K8ANGZ398R,2025-06-30T16:41:46.935546974Z,01JZ0V8ZQZFAA3Z4NYN9H5S8FG,2025-06-30T16:41:46.935546974Z,01JZ0V9022BA38FTYHR5EQHE27,2025-06-30T16:41:46.935546974Z
01JZ0FN8WY1300NQGST2F07ZPA,01JZ0F67X5J6SBR3095JZ2KKHQ,2025-06-30T13:15:40.830807374Z,01JZ0F67ZJJG6P50PFSVWKXYA5,2025-06-30T13:15:40.830807374Z,01JZ0FB6X6QBV3E81R532SKN28,2025-06-30T13:15:40.830807374Z,01JZ0FHJQ8D0RWN5BCAZ63DASG,2025-06-30T13:15:40.830807374Z,01JZ0FHJS7XTH01ZN6PC7Y1FGW,2025-06-30T13:15:40.830807374Z
01JZ0G3YATQNDFBES9WEG18VZG,01JZ0F67X5J6SBR3095JZ2KKHQ,2025-06-30T13:23:41.530547106Z,01JZ0F67Z8B8A42G6Y5XQ0NS83,2025-06-30T13:23:41.530547106Z,01JZ0FEY0G09HWKF9WWANREXZ5,2025-06-30T13:23:41.530547106Z,01JZ0FW5G0W9NQCXN3NK81J7WX,2025-06-30T13:23:41.530547106Z,01JZ0FW5WER34PXY39ZZCV97CQ,2025-06-30T13:23:41.530547106Z
01JZ0HDWHAZQ6H62YGPSRHDS76,01JZ0H1K4AG17CS34Z9G9MQYDS,2025-06-30T13:46:35.946761347Z,01JZ0H1K7C3FKHJS5GP9RE7N8D,2025-06-30T13:46:35.946761347Z,01JZ0FCPQMY08ZRWSN7GNNGJQ7,2025-06-30T13:46:35.946761347Z,01JZ0HA59FS77DYF0M07SAVR93,2025-06-30T13:46:35.946761347Z,01JZ0HA5D7T746XNRX43WP2G95,2025-06-30T13:46:35.946761347Z
01JZ0M9XZXM1HC41NPWWN2NEBR,01JZ0KZHFC2GEC175ZSKVHYGR2,2025-06-30T14:36:52.093563409Z,01JZ0KZHGXZ28TMC40NC90GVYX,2025-06-30T14:36:52.093563409Z,01JZ0M5HKJHP80W8A523JYGPBB,2025-06-30T14:36:52.093563409Z,01JZ0M9WT7DCKHFYFF79DBTDP8,2025-06-30T14:36:52.093563409Z,01JZ0M9WVXR9EYXXXVR5DAW32W,2025-06-30T14:36:52.093563409Z
01JZ0RNFGMVJ811MAR3NNYYGC1,01JZ0R44WS56B1WD5354KYAZ6V,2025-06-30T15:53:04.788464761Z,01JZ0R44YD4TQ1QQVW9H1W0WBF,2025-06-30T15:53:04.788464761Z,01JZ0R6J718YBTR7YEHTBTQQK5,2025-06-30T15:53:04.788464761Z,01JZ0RDJ48J6R7M6PCV2Y06QPR,2025-06-30T15:53:04.788464761Z,01JZ0RDJVTWQMMKHXZD2VSG06N,2025-06-30T15:53:04.788464761Z
01JZ0FGAGED1H561WH6WRT5PHA,01JZ0F67X5J6SBR3095JZ2KKHQ,2025-06-30T13:12:58.638188926Z,01JZ0F67ZPF4121D8VQV580KT1,2025-06-30T13:12:58.638188926Z,01JZ0FAQ3J9KGVWM3HXCFYRT1K,2025-06-30T13:12:58.638188926Z,01JZ0FG9X87DVV75FVN306TBKR,2025-06-30T13:12:58.638188926Z,01JZ0FG9Y42XRBQ8T7SKWRVM7Z,2025-06-30T13:12:58.638188926Z
01JZ0JWAMBMY0E8TBBVV00M6KS,01JZ0JJRG62BDVPN4H0KJ2XPWK,2025-06-30T14:11:57.707482308Z,01JZ0JJRKVJXBJGVYTJ6TBMBFM,2025-06-30T14:11:57.707482308Z,01JZ0JRHPY82NWCJAKFRVZ7MTV,2025-06-30T14:11:57.707482308Z,01JZ0JW9F9Z7WAAVX264BMEZ86,2025-06-30T14:11:57.707482308Z,01JZ0JW9HMPEM4HS4XG9J4AV85,2025-06-30T14:11:57.707482308Z
01JZ0RHVV1RTTYNGJ9CARCQ28F,01JZ0R44WS56B1WD5354KYAZ6V,2025-06-30T15:51:06.337921064Z,01JZ0R450M24K8ZS9F18EDTFG6,2025-06-30T15:51:06.337921064Z,01JZ0R9WHEP7DQXPA3V8WPWJ9W,2025-06-30T15:51:06.337921064Z,01JZ0RFVDEC09529ZV39X1MYHY,2025-06-30T15:51:06.337921064Z,01JZ0RFVKSDR65DCCWGYE2FNK6,2025-06-30T15:51:06.337921064Z
01JZ0RNRNT07T1RFYNMAR54ERA,01JZ0R44WS56B1WD5354KYAZ6V,2025-06-30T15:53:14.170757745Z,01JZ0R44ZMT5HYXWVABB60AH0G,2025-06-30T15:53:14.170757745Z,01JZ0R6QFFN30D6XK6YWT9MS2Y,2025-06-30T15:53:14.170757745Z,01JZ0RDSCA9FG61RXWSV693V0M,2025-06-30T15:53:14.170757745Z,01JZ0RDSQE8HFYQ8Y047151M2B,2025-06-30T15:53:14.170757745Z
01JZ0T8NTMVJ88GNDPQFKN6HMJ,01JZ0S9G3E1V9Y4W1M8GV3AGA9,2025-06-30T16:21:02.420697338Z,01JZ0S9G8MSQJNW9QDDX82T8EZ,2025-06-30T16:21:02.420697338Z,01JZ0SKJNFRFYTYMMSB3A2M8JB,2025-06-30T16:21:02.420697338Z,01JZ0T2Z776H5NYH3952M90NE0,2025-06-30T16:21:02.420697338Z,01JZ0T2ZHAHS59BR3V8XSNNK4S,2025-06-30T16:21:02.420697338Z
01JZ0VEN50VXTDKCDBHW55ZJPQ,01JZ0TXM4HA3Q8P6D6TPYYS7R3,2025-06-30T16:41:46.912649722Z,01JZ0TXM7C18DJWS688K2WH576,2025-06-30T16:41:46.912649722Z,01JZ0V0QWDKKE2Y7QVNMAD1GY6,2025-06-30T16:41:46.912649722Z,01JZ0V8ZQZFAA3Z4NYN9H5S8FG,2025-06-30T16:41:46.912649722Z,01JZ0V9022BA38FTYHR5EQHE27,2025-06-30T16:41:46.912649722Z
01JZ0VKK5EF4VWMGSDPNZNRNCH,01JZ0TXM4HA3Q8P6D6TPYYS7R3,2025-06-30T16:44:28.718208342Z,01JZ0TXMB9EHVXHHHV3J3SQY3A,2025-06-30T16:44:28.718208342Z,01JZ0V6D24J8EMX9VZ5TJX2AXC,2025-06-30T16:44:28.718208342Z,01JZ0VC1T42YN6CTRNE5QH5YZH,2025-06-30T16:44:28.718208342Z,01JZ0VC289MGAPZQQ32ZEHMK2Q,2025-06-30T16:44:28.718208342Z
01JZ0FNTWZBEP21J7HTKRC64P8,01JZ0F67X5J6SBR3095JZ2KKHQ,2025-06-30T13:15:59.26360976Z,01JZ0F67ZPF4121D8VQV580KT1,2025-06-30T13:15:59.26360976Z,01JZ0FCCMZG8VETD8HED6X5G3F,2025-06-30T13:15:59.26360976Z,01JZ0FG9XR3ADT6FD51B6EJHQB,2025-06-30T13:15:59.26360976Z,01JZ0FG9Z2DZDGC60HDDV09A4A,2025-06-30T13:15:59.26360976Z
01JZ0FYN04HCPQGE5R31RQ76QJ,01JZ0F67X5J6SBR3095JZ2KKHQ,2025-06-30T13:20:48.132805253Z,01JZ0F67Z9QH00F8GAYATW0H4D,2025-06-30T13:20:48.132805253Z,01JZ0FTSPCSJN591W0XFWF8B8Q,2025-06-30T13:20:48.132805253Z,01JZ0FTXTTSA7KPT3ZKN66DGDE,2025-06-30T13:20:48.132805253Z,01JZ0FTY03MGJHCEKPX36GV0HC,2025-06-30T13:20:48.132805253Z
01JZ0FZ5WEV68T07JQ4GGSBMF6,01JZ0F67X5J6SBR3095JZ2KKHQ,2025-06-30T13:21:05.422929695Z,01JZ0F67Z49S75BR56TBMFCZ55,2025-06-30T13:21:05.422929695Z,01JZ0FFQFYN84KEVXA2V476V6H,2025-06-30T13:21:05.422929695Z,01JZ0FQRVEZY326STJ1YX0CZD3,2025-06-30T13:21:05.422929695Z,01JZ0FQRZ2Z7TRYBT6KXD2MK2Z,2025-06-30T13:21:05.422929695Z
01JZ0HHV0Q84Q3KK7DHSHKHGAF,01JZ0H1K4AG17CS34Z9G9MQYDS,2025-06-30T13:48:45.463252498Z,01JZ0H1K7A7HBJ5WZC7T99GVBX,2025-06-30T13:48:45.463252498Z,01JZ0H377YER8042T2NRG3D1V1,2025-06-30T13:48:45.463252498Z,01JZ0HAEDCY4MJZ348YK1C296X,2025-06-30T13:48:45.463252498Z,01JZ0HAEHYKM1FK91S59J25Q90,2025-06-30T13:48:45.463252498Z
01JZ0R1PGDHZW37HWE9SFWMYQN,01JZ0QGE33ZWYV7A3256FYEZA6,2025-06-30T15:42:16.589917496Z,01JZ0QGE4MQBM7ZJEFVQMWJX02,2025-06-30T15:42:16.589917496Z,01JZ0QM38JZ7CRCAE73CP91DA7,2025-06-30T15:42:16.589917496Z,01JZ0QT8DPXJ05M7TDP99CPQ9M,2025-06-30T15:42:16.589917496Z,01JZ0QT8M1XD60YRTB64RNM57M,2025-06-30T15:42:16.589917496Z
01JZ0FSREW22W5YZPNXST6PQ86,01JZ0F67X5J6SBR3095JZ2KKHQ,2025-06-30T13:18:07.836417558Z,01JZ0F67ZC5C7QZPK5TEQ23RT2,2025-06-30T13:18:07.836417558Z,01JZ0FCP4GJ67JPW5DR3EM87QX,2025-06-30T13:18:07.836417558Z,01JZ0FSQ3NCEXR5QF86N66S7M0,2025-06-30T13:18:07.836417558Z,01JZ0FSQ5H5YWKJGNPH9AKT3QM,2025-06-30T13:18:07.836417558Z
01JZ0H8N0N2P1DBG4WRS54NQEV,01JZ0H1K4AG17CS34Z9G9MQYDS,2025-06-30T13:43:44.405642944Z,01JZ0H1K6THHEJQ855QF7WP6P1,2025-06-30T13:43:44.405642944Z,01JZ0H4ADESF7ZW26D2M0GP4C4,2025-06-30T13:43:44.405642944Z,01JZ0H8M6D9SVDR1575RSHA4RY,2025-06-30T13:43:44.405642944Z,01JZ0H8M8669S9MXGH73FRDPD6,2025-06-30T13:43:44.405642944Z
01JZ0MMD6JTYPZW4NXX20PWQNP,01JZ0KZHFC2GEC175ZSKVHYGR2,2025-06-30T14:42:35.346812098Z,01JZ0KZHHC2JQ9380R79DSYF93,2025-06-30T14:42:35.346812098Z,01JZ0MGE22GN7DC08WS3FXT3M0,2025-06-30T14:42:35.346812098Z,01JZ0MGP26NJJGJCWPQGW8F3YX,2025-06-30T14:42:35.346812098Z,01JZ0MGP52H1KJ31M2K04FHCQX,2025-06-30T14:42:35.346812098Z
01JZ0NTXEERY4431H62FVBZAJF,01JZ0N9PMZHSN31DAQRPMDQCYE,2025-06-30T15:03:37.166337388Z,01JZ0N9PPX2EBNCBEJCH5EHX43,2025-06-30T15:03:37.166337388Z,01JZ0NCH65T5YAFMH2EDFYXMCM,2025-06-30T15:03:37.166337388Z,01JZ0NQ6AS26ETG3TZPNN36FTM,2025-06-30T15:03:37.166337388Z,01JZ0NQ6DK8PFP1WMHFRDN7N1W,2025-06-30T15:03:37.166337388Z
01JZ0NYXPQ8YKACVJQ611EDJFX,01JZ0N9PMZHSN31DAQRPMDQCYE,2025-06-30T15:05:48.503155076Z,01JZ0N9PPX2EBNCBEJCH5EHX43,2025-06-30T15:05:48.503155076Z,01JZ0NEK75CC9CPVP2CHZ4QJ84,2025-06-30T15:05:48.503155076Z,01JZ0NQ6BBMA57K449HYD6QCJF,2025-06-30T15:05:48.503155076Z,01JZ0NQ6FPR11DBQFT612VEGYJ,2025-06-30T15:05:48.503155076Z
01JZ0FGP4E1VXG4QCXMGJBY1JH,01JZ0F67X5J6SBR3095JZ2KKHQ,2025-06-30T13:13:10.542120446Z,01JZ0F67ZMW5MYVAMRDCKET4QV,2025-06-30T13:13:10.542120446Z,01JZ0FAE5RJ1QVP6VAA70BSQ0P,2025-06-30T13:13:10.542120446Z,01JZ0FETS8ER9G1DS9D9GHXGJ5,2025-06-30T13:13:10.542120446Z,01JZ0FETTNYWQPN0FXV2NTXPZ8,2025-06-30T13:13:10.542120446Z
01JZ0FGP48BB2JHCQFH79HSQHJ,01JZ0F67X5J6SBR3095JZ2KKHQ,2025-06-30T13:13:10.536812093Z,01JZ0F67ZMW5MYVAMRDCKET4QV,2025-06-30T13:13:10.536812093Z,01JZ0FB8RWXGRKEDFRWB4CEM4K,2025-06-30T13:13:10.536812093Z,01JZ0FETS8ER9G1DS9D9GHXGJ5,2025-06-30T13:13:10.536812093Z,01JZ0FETTNYWQPN0FXV2NTXPZ8,2025-06-30T13:13:10.536812093Z
01JZ0FMV9XW3Y9V77QHYXPK6X4,01JZ0F67X5J6SBR3095JZ2KKHQ,2025-06-30T13:15:26.909785872Z,01JZ0F67ZBCBNFH7W25EXNBXDS,2025-06-30T13:15:26.909785872Z,01JZ0FDJ7PWA5XP2271CRJKXBG,2025-06-30T13:15:26.909785872Z,01JZ0FMTG9KECVC1RZN7WJYKFJ,2025-06-30T13:15:26.909785872Z,01JZ0FMTHP5HHK53GVJTFDAHEF,2025-06-30T13:15:26.909785872Z
01JZ0JVN4RN9EFZNZ45EBYD6XP,01JZ0JJRG62BDVPN4H0KJ2XPWK,2025-06-30T14:11:35.704413251Z,01JZ0JJRMQ32S1DDP8PZN3RKEA,2025-06-30T14:11:35.704413251Z,01JZ0JN6JMZG2FMKENBAS8NM9Y,2025-06-30T14:11:35.704413251Z,01JZ0JSS78RK42Y17VNQFVPT1K,2025-06-30T14:11:35.704413251Z,01JZ0JSS9S1QXT1PTHJVBVWR19,2025-06-30T14:11:35.704413251Z
01JZ0PSCV2WGWCM6AXDM31N07T,01JZ0PDFE8X2A24VZSJDD0T2BH,2025-06-30T15:20:15.970588428Z,01JZ0PDFG0TZHQMJ413RSFKXP4,2025-06-30T15:20:15.970588428Z,01JZ0PJ0N9RJK6CWJ28SDNPHWX,2025-06-30T15:20:15.970588428Z,01JZ0PSB7RH92MEN6JQV9WMFBP,2025-06-30T15:20:15.970588428Z,01JZ0PSBASXJ2YPPJ4DJWBYHZP,2025-06-30T15:20:15.970588428Z
01JZ0RD1SBH4592G7D3JKAEJGA,01JZ0R44WS56B1WD5354KYAZ6V,2025-06-30T15:48:28.587191958Z,01JZ0R44YW0T94WKHD2ZAT9VPC,2025-06-30T15:48:28.587191958Z,01JZ0RCE2YE75ZA1F2JVAF4PQN,2025-06-30T15:48:28.587191958Z,01JZ0RCZ535FABYRRVT4FFBB0K,2025-06-30T15:48:28.587191958Z,01JZ0RCZ9Q2HV403Y6QR5W6S6N,2025-06-30T15:48:28.587191958Z
01JZ0RNJ0348FWTCP5C72GXWB3,01JZ0R44WS56B1WD5354KYAZ6V,2025-06-30T15:53:07.331810742Z,01JZ0R450M24K8ZS9F18EDTFG6,2025-06-30T15:53:07.331810742Z,01JZ0R79Q3SA31NRXSVYNGK5T9,2025-06-30T15:53:07.331810742Z,01JZ0RFVDEC09529ZV39X1MYHY,2025-06-30T15:53:07.331810742Z,01JZ0RFVNWZ37RVCFT3CE4MRXX,2025-06-30T15:53:07.331810742Z
01JZ0RSVXQ70411AHYG95DXE9Y,01JZ0R44WS56B1WD5354KYAZ6V,2025-06-30T15:55:28.567298285Z,01JZ0R44ZAP7PYVAMQ60PRQDRH,2025-06-30T15:55:28.567298285Z,01JZ0R88HFX5N7SW28R5CBVAQ7,2025-06-30T15:55:28.567298285Z,01JZ0RJBN6E2M05T50P1ZF4TMN,2025-06-30T15:55:28.567298285Z,01JZ0RJBYQ89CAB99QXF8PEFK5,2025-06-30T15:55:28.567298285Z
01JZ0FGAG3T19VPHA8WPY2A9FT,01JZ0F67X5J6SBR3095JZ2KKHQ,2025-06-30T13:12:58.627519182Z,01JZ0F67ZPF4121D8VQV580KT1,2025-06-30T13:12:58.627519182Z,01JZ0FB6A8PGAA54RRTD4918CR,2025-06-30T13:12:58.627519182Z,01JZ0FG9X87DVV75FVN306TBKR,2025-06-30T13:12:58.627519182Z,01JZ0FG9Y42XRBQ8T7SKWRVM7Z,2025-06-30T13:12:58.627519182Z
01JZ0RTHAM0QNWGSEATDWEZT6D,01JZ0R44WS56B1WD5354KYAZ6V,2025-06-30T15:55:50.484815314Z,01JZ0R44ZAP7PYVAMQ60PRQDRH,2025-06-30T15:55:50.484815314Z,01JZ0RE6P0QX4X0JPFQFZG4YVE,2025-06-30T15:55:50.484815314Z,01JZ0RJBPYV67ZX54VSJ1EA9P4,2025-06-30T15:55:50.484815314Z,01JZ0RJC4ZE2NAMZ2CN9P8W9BH,2025-06-30T15:55:50.484815314Z
01JZ0FY7D8Y2MQKCGMYFAKSRDA,01JZ0F67X5J6SBR3095JZ2KKHQ,2025-06-30T13:20:34.216211332Z,01JZ0F67ZNGQ7M2D3G364WEKWP,2025-06-30T13:20:34.216211332Z,01JZ0FHSMZ1RKYF919HZF316MP,2025-06-30T13:20:34.216211332Z,01JZ0FPGC1CG58GQPHV07YYR7V,2025-06-30T13:20:34.216211332Z,01JZ0FPGKJE0KX4R9CEPZ22FPQ,2025-06-30T13:20:34.216211332Z
01JZ0HG01JN3R7T7GXY0KJJM4H,01JZ0H1K4AG17CS34Z9G9MQYDS,2025-06-30T13:47:45.074974745Z,01JZ0H1K7A7HBJ5WZC7T99GVBX,2025-06-30T13:47:45.074974745Z,01JZ0FRASJYKEGEJZYSW2BXAXV,2025-06-30T13:47:45.074974745Z,01JZ0HAECPB75NSKW408592PHJ,2025-06-30T13:47:45.074974745Z,01JZ0HAEH395D6B5VQGN4GAJ8K,2025-06-30T13:47:45.074974745Z
01JZ0JVN58WH084XTZCSSEVMYY,01JZ0JJRG62BDVPN4H0KJ2XPWK,2025-06-30T14:11:35.720664084Z,01JZ0JJRMQ32S1DDP8PZN3RKEA,2025-06-30T14:11:35.720664084Z,01JZ0JR3W3AT1DTGXQJW4YRCNE,2025-06-30T14:11:35.720664084Z,01JZ0JSS78RK42Y17VNQFVPT1K,2025-06-30T14:11:35.720664084Z,01JZ0JSS9S1QXT1PTHJVBVWR19,2025-06-30T14:11:35.720664084Z
01JZ0FTBKV1KXYSRHEJPGN38Q3,01JZ0F67X5J6SBR3095JZ2KKHQ,2025-06-30T13:18:27.451334899Z,01JZ0F67ZBCBNFH7W25EXNBXDS,2025-06-30T13:18:27.451334899Z,01JZ0FCSDW0BM8JYA02TAKKS7F,2025-06-30T13:18:27.451334899Z,01JZ0FMTH61B85RYBN11B94K2X,2025-06-30T13:18:27.451334899Z,01JZ0FMTJP1X31M568THSCTWW6,2025-06-30T13:18:27.451334899Z
01JZ0G48GGXNAW023KDWCKT2QK,01JZ0F67X5J6SBR3095JZ2KKHQ,2025-06-30T13:23:51.952143162Z,01JZ0F67Z8B8A42G6Y5XQ0NS83,2025-06-30T13:23:51.952143162Z,01JZ0FJ5HQADXB6GZQKEP8JRB4,2025-06-30T13:23:51.952143162Z,01JZ0FW5ERYWRKT75VNMKFW57X,2025-06-30T13:23:51.952143162Z,01JZ0FW60X3TQ3EH9FYEX0B18G,2025-06-30T13:23:51.952143162Z
01JZ0NZ7T12MQRNBVQ9DWYK8JH,01JZ0N9PMZHSN31DAQRPMDQCYE,2025-06-30T15:05:58.849658282Z,01JZ0N9PPX2EBNCBEJCH5EHX43,2025-06-30T15:05:58.849658282Z,01JZ0NCH65T5YAFMH2EDFYXMCM,2025-06-30T15:05:58.849658282Z,01JZ0NQ6BKKRWGKT10550Q22C5,2025-06-30T15:05:58.849658282Z,01JZ0NQ6GSWK8Y4NTPJ5M0YS33,2025-06-30T15:05:58.849658282Z
01JZ0RN4470NXPSXBJETZT2HXK,01JZ0R44WS56B1WD5354KYAZ6V,2025-06-30T15:52:53.128018686Z,01JZ0R44YW0T94WKHD2ZAT9VPC,2025-06-30T15:52:53.128018686Z,01JZ0RCE2YE75ZA1F2JVAF4PQN,2025-06-30T15:52:53.128018686Z,01JZ0RCZ7XV6VK940BWEQH2TS7,2025-06-30T15:52:53.128018686Z,01JZ0RCZPD9WDAGAARRMDWB95V,2025-06-30T15:52:53.128018686Z
01JZ0RQ76S5ECT8TAKMVH9Q6PQ,01JZ0R44WS56B1WD5354KYAZ6V,2025-06-30T15:54:01.817969296Z,01JZ0R450A0M8Q4QC968ZVRS9H,2025-06-30T15:54:01.817969296Z,01JZ0RC5VA1XYK8MB53Q5K9XJR,2025-06-30T15:54:01.817969296Z,01JZ0RFNWNPKRGC6SYS05MJ0WV,2025-06-30T15:54:01.817969296Z,01JZ0RFPBSM50DGW45KGPJPB79,2025-06-30T15:54:01.817969296Z
01JZ0SYXGPKPHHDFQW6XZJRCH5,01JZ0S9G3E1V9Y4W1M8GV3AGA9,2025-06-30T16:15:42.614496565Z,01JZ0S9G9GQDAYDBEESMGH4RA5,2025-06-30T16:15:42.614496565Z,01JZ0SF9Q56965BA9MXGSMHAND,2025-06-30T16:15:42.614496565Z,01JZ0SQ3DBEVRM9PRM588Y44AB,2025-06-30T16:15:42.614496565Z,01JZ0SQ3RJAWHT2K2KFJRJWXW2,2025-06-30T16:15:42.614496565Z
01JZ0FS7S04Y1PWJMV27J42B0V,01JZ0F67X5J6SBR3095JZ2KKHQ,2025-06-30T13:17:50.75262504Z,01JZ0F67ZNGQ7M2D3G3M0R8ZTD,2025-06-30T13:17:50.75262504Z,01JZ0FB8B329KN6H9RPGAVWG69,2025-06-30T13:17:50.75262504Z,01JZ0FNH5C6Q73NCV3H5ND8BSP,2025-06-30T13:17:50.75262504Z,01JZ0FNH7NMFCTJSS0N9P30NJW,2025-06-30T13:17:50.75262504Z
01JZ0HCAG0ETKWTW62TMXY6V85,01JZ0H1K4AG17CS34Z9G9MQYDS,2025-06-30T13:45:44.704316332Z,01JZ0H1K7A7HBJ5WZC7T99GVBX,2025-06-30T13:45:44.704316332Z,01JZ0H377YER8042T2NRG3D1V1,2025-06-30T13:45:44.704316332Z,01JZ0HAECPB75NSKW408592PHJ,2025-06-30T13:45:44.704316332Z,01JZ0HAEGHN57EQQXTHRM3E07Z,2025-06-30T13:45:44.704316332Z
01JZ0HFW0H40D4DJRKKWS4WPTJ,01JZ0H1K4AG17CS34Z9G9MQYDS,2025-06-30T13:47:40.945602941Z,01JZ0H1K7FV78W73P31JXQYTKA,2025-06-30T13:47:40.945602941Z,01JZ0H8Y1HSR83Q5C08BNXNQBS,2025-06-30T13:47:40.945602941Z,01JZ0HC59VR7BR28QM5T4X3DVY,2025-06-30T13:47:40.945602941Z,01JZ0HC5BY2NPPQCBDJH37PCY4,2025-06-30T13:47:40.945602941Z
01JZ0K5VZB7CG3VWXYNX3PT6JC,01JZ0JJRG62BDVPN4H0KJ2XPWK,2025-06-30T14:17:10.379496863Z,01JZ0JJRM7K0MBX3MKCVTKC5NR,2025-06-30T14:17:10.379496863Z,01JZ0JQS81T66D82KVDDFPP0F3,2025-06-30T14:17:10.379496863Z,01JZ0K098RXBK86NWQE5BGP8AC,2025-06-30T14:17:10.379496863Z,01JZ0K09F5TS9DMG7V9VS6DCEW,2025-06-30T14:17:10.379496863Z
01JZ0MM0ER42ARHC48065BAM74,01JZ0KZHFC2GEC175ZSKVHYGR2,2025-06-30T14:42:22.296810489Z,01JZ0KZHH6W8XDVC696R9C92DG,2025-06-30T14:42:22.296810489Z,01JZ0M5D5Z0X1X78TY6BNKZKFT,2025-06-30T14:42:22.296810489Z,01JZ0MCKB4R8PP1CGFDRV10VMX,2025-06-30T14:42:22.296810489Z,01JZ0MCKF3CF7JR83KC8BE4S9B,2025-06-30T14:42:22.296810489Z
01JZ0NVWGPW93G2R82J13V5KQD,01JZ0N9PMZHSN31DAQRPMDQCYE,2025-06-30T15:04:08.982148547Z,01JZ0N9PQHD06TCBXAQZTT3H76,2025-06-30T15:04:08.982148547Z,01JZ0NGNCA21NZZE8PJPN10BTS,2025-06-30T15:04:08.982148547Z,01JZ0NKT3R7EZETXZ3X4SK2H40,2025-06-30T15:04:08.982148547Z,01JZ0NKTAJCNKZNZY27SMZHSYM,2025-06-30T15:04:08.982148547Z
01JZ0PSCTNHMPJF8HBHMPWD29W,01JZ0PDFE8X2A24VZSJDD0T2BH,2025-06-30T15:20:15.95704302Z,01JZ0PDFG0TZHQMJ413RSFKXP4,2025-06-30T15:20:15.95704302Z,01JZ0PK0DZKRC734RSACJ85GGV,2025-06-30T15:20:15.95704302Z,01JZ0PSB7RH92MEN6JQV9WMFBP,2025-06-30T15:20:15.95704302Z,01JZ0PSBASXJ2YPPJ4DJWBYHZP,2025-06-30T15:20:15.95704302Z
01JZ0SVHC0S6YS9WK53NAQHW1N,01JZ0S9G3E1V9Y4W1M8GV3AGA9,2025-06-30T16:13:51.872379635Z,01JZ0S9G72AZ3MF9HASHX1PW43,2025-06-30T16:13:51.872379635Z,01JZ0SFY60ZWJ9F5NVJ19CBR6J,2025-06-30T16:13:51.872379635Z,01JZ0SSF5TTEGA4KE9KCX2D069,2025-06-30T16:13:51.872379635Z,01JZ0SSFBKBM785PYNTX6BTW25,2025-06-30T16:13:51.872379635Z
01JZ0FNVC2081PD5TK93DV702P,01JZ0F67X5J6SBR3095JZ2KKHQ,2025-06-30T13:15:59.746476151Z,01JZ0F6805RKXP4JKMN5N89R8W,2025-06-30T13:15:59.746476151Z,01JZ0FBAJB7KQ7GP21NQ7ZFSYY,2025-06-30T13:15:59.746476151Z,01JZ0FEFHYP40HX368BNFPEFHZ,2025-06-30T13:15:59.746476151Z,01JZ0FEFM4CK3CF3H2ZBKZDA0T,2025-06-30T13:15:59.746476151Z
01JZ0TPKZN7QK3HJ3C98RYTV8D,01JZ0T594M7DT83RJMYEJDT186,2025-06-30T16:28:39.286022707Z,01JZ0T59780CP4Z1F2CEHFDNAC,2025-06-30T16:28:39.286022707Z,01JZ0TBCS394KHK4DX6H1Y21KG,2025-06-30T16:28:39.286022707Z,01JZ0TGXAWKWP7D51X7AXHZM1D,2025-06-30T16:28:39.286022707Z,01JZ0TGXKSXPBBVRHRVCPPT5ZR,2025-06-30T16:28:39.286022707Z
01JZ0FPT6MHZKGTD11MRR53NAN,01JZ0F67X5J6SBR3095JZ2KKHQ,2025-06-30T13:16:31.31657694Z,01JZ0F67ZKKPGDC64ETWQZ69WV,2025-06-30T13:16:31.31657694Z,01JZ0FB7M5V5PNCYP6FWZ38KB1,2025-06-30T13:16:31.31657694Z,01JZ0FFEADDJT61Y5D8348YXND,2025-06-30T13:16:31.31657694Z,01JZ0FFED9BC1QZNJVTEXT68RC,2025-06-30T13:16:31.31657694Z
01JZ0FQF2EJX5NSQNWFK472BMJ,01JZ0F67X5J6SBR3095JZ2KKHQ,2025-06-30T13:16:52.686495658Z,01JZ0F67ZGT4J2NC89JRSKF93F,2025-06-30T13:16:52.686495658Z,01JZ0FC4XRFY88GCABCTE4M9JC,2025-06-30T13:16:52.686495658Z,01JZ0FHY0FF9TVSRZETCEYCTMP,2025-06-30T13:16:52.686495658Z,01JZ0FHY2AE8TWA2KG4E1QGE94,2025-06-30T13:16:52.686495658Z
01JZ0HM08TQ436QZ57MDYJMM29,01JZ0H1K4AG17CS34Z9G9MQYDS,2025-06-30T13:49:56.378069994Z,01JZ0H1K72P9WWMQFG7ACVRNHM,2025-06-30T13:49:56.378069994Z,01JZ0H3T4YGXY3JXDPRSNCMQN3,2025-06-30T13:49:56.378069994Z,01JZ0HKZ3D61ECPKE25B0BSXEN,2025-06-30T13:49:56.378069994Z,01JZ0HKZ3TGA8Z5WQDDTNEW16T,2025-06-30T13:49:56.378069994Z
01JZ0TH29JXXFKXETQE9P7GKT0,01JZ0T594M7DT83RJMYEJDT186,2025-06-30T16:25:37.33086304Z,01JZ0T59780CP4Z1F2CEHFDNAC,2025-06-30T16:25:37.33086304Z,01JZ0T99WGNY3W44R5KQDMRP3G,2025-06-30T16:25:37.33086304Z,01JZ0TGXA1S5N6HXFRX2V318G2,2025-06-30T16:25:37.33086304Z,01JZ0TGXFSD3VHAXWYEX9WEWNR,2025-06-30T16:25:37.33086304Z
01JZ0VGWWPBHNAQY9W4266XJN2,01JZ0TXM4HA3Q8P6D6TPYYS7R3,2025-06-30T16:43:00.374966296Z,01JZ0TXMAAZJ4VJWA2WTVHG174,2025-06-30T16:43:00.374966296Z,01JZ0V32G4VNH8F152X0004PNK,2025-06-30T16:43:00.374966296Z,01JZ0V8M57A2HTCNB7GGX82M4H,2025-06-30T16:43:00.374966296Z,01JZ0V8MQ9HA62RH1TJ2H2Z72K,2025-06-30T16:43:00.374966296Z
01JZ0FFF23A6A347PYNZTCV4QB,01JZ0F67X5J6SBR3095JZ2KKHQ,2025-06-30T13:12:30.531615713Z,01JZ0F67ZKKPGDC64ETWQZ69WV,2025-06-30T13:12:30.531615713Z,01JZ0FB7M5V5PNCYP6FWZ38KB1,2025-06-30T13:12:30.531615713Z,01JZ0FFEA7JY8J9CW2PRDT1SXR,2025-06-30T13:12:30.531615713Z,01JZ0FFEB7Z5969V9H6EGQG2CJ,2025-06-30T13:12:30.531615713Z
01JZ0RMR9F0YMKPG4WQD47H5DR,01JZ0R44WS56B1WD5354KYAZ6V,2025-06-30T15:52:41.007531766Z,01JZ0R44ZYB02HBRR2X1W771BR,2025-06-30T15:52:41.007531766Z,01JZ0R6RGZPWYJYV8EDFTMJXPD,2025-06-30T15:52:41.007531766Z,01JZ0RGZ3DKRXN7JFMF7ZYJ17Q,2025-06-30T15:52:41.007531766Z,01JZ0RGZBCQSNCQFB1WY5ZGE61,2025-06-30T15:52:41.007531766Z
01JZ0T0A1DEX4XSC1EJRS8NVX4,01JZ0S9G3E1V9Y4W1M8GV3AGA9,2025-06-30T16:16:28.205532644Z,01JZ0S9GCCCNBKT0N3T9B2PH95,2025-06-30T16:16:28.205532644Z,01JZ0SJRGQS35RAYEGQY664F9W,2025-06-30T16:16:28.205532644Z,01JZ0SRG11T0A9Z05RWZ3RV6C6,2025-06-30T16:16:28.205532644Z,01JZ0SRGDCXW1MXS2Y5YGW3SPW,2025-06-30T16:16:28.205532644Z
01JZ0VHS3MCF7CBHK0PYVKS8G8,01JZ0TXM4HA3Q8P6D6TPYYS7R3,2025-06-30T16:43:29.268564962Z,01JZ0TXM9G1YQW4PKWAZEHBP4X,2025-06-30T16:43:29.268564962Z,01JZ0V4QNV0ZADMBTC1TQANM95,2025-06-30T16:43:29.268564962Z,01JZ0VA390BVZ4GTHHRDE079EZ,2025-06-30T16:43:29.268564962Z,01JZ0VA3JE8WTKCAC594K87NXX,2025-06-30T16:43:29.268564962Z
01JZ0K7E9NV1NE3H77WGXJSB0M,01JZ0JJRG62BDVPN4H0KJ2XPWK,2025-06-30T14:18:01.909625549Z,01JZ0JJRKH7XD764W2MEEG7PFH,2025-06-30T14:18:01.909625549Z,01JZ0JNPB8GHT0X464XPMVEBH9,2025-06-30T14:18:01.909625549Z,01JZ0JZD82PEVW1DBV6P33JE86,2025-06-30T14:18:01.909625549Z,01JZ0JZDE509T5H73252X8C6PE,2025-06-30T14:18:01.909625549Z
01JZ0FRXQZCTRMMNE8XMKGX70R,01JZ0F67X5J6SBR3095JZ2KKHQ,2025-06-30T13:17:40.479221498Z,01JZ0F67Z61XNM528ZD36RPYGY,2025-06-30T13:17:40.479221498Z,01JZ0FH3F6YRBD215BZDRB0NFG,2025-06-30T13:17:40.479221498Z,01JZ0FHHXX3GHZ77DRFBSQM09C,2025-06-30T13:17:40.479221498Z,01JZ0FHJ0NEHH9G49WX566K78G,2025-06-30T13:17:40.479221498Z
01JZ0FTZ4P7FEA10T4VV9CPWAY,01JZ0F67X5J6SBR3095JZ2KKHQ,2025-06-30T13:18:47.446190869Z,01JZ0F67Z9QH00F8GAYATW0H4D,2025-06-30T13:18:47.446190869Z,01JZ0FTSPCSJN591W0XFWF8B8Q,2025-06-30T13:18:47.446190869Z,01JZ0FTXV8DQ25Y1P16E5V0W1X,2025-06-30T13:18:47.446190869Z,01JZ0FTXYPFYG58CK5DBF2NKQZ,2025-06-30T13:18:47.446190869Z
01JZ0FWJMY603EDCYGPTXSKR0B,01JZ0F67X5J6SBR3095JZ2KKHQ,2025-06-30T13:19:40.190642588Z,01JZ0F67ZBCBNFH7W25EXNBXDS,2025-06-30T13:19:40.190642588Z,01JZ0FBJYV0GPQR4A1052RSJR7,2025-06-30T13:19:40.190642588Z,01JZ0FMTGSXZ0PE0V260NPYTTX,2025-06-30T13:19:40.190642588Z,01JZ0FMTKS92JPRD7H687CCF0F,2025-06-30T13:19:40.190642588Z
01JZ0G3KPJRE0D35W646218PTB,01JZ0F67X5J6SBR3095JZ2KKHQ,2025-06-30T13:23:30.642046047Z,01JZ0F67Z8B8A42G6Y5XQ0NS83,2025-06-30T13:23:30.642046047Z,01JZ0FMGSF0PK3CA9HTNHT34W1,2025-06-30T13:23:30.642046047Z,01JZ0FW5GEXBFNNK7FDWBRW7GE,2025-06-30T13:23:30.642046047Z,01JZ0FW5T8E810AAMJ5EZX8W4P,2025-06-30T13:23:30.642046047Z
01JZ0HNV4XKA9ZV617BXW1MX1R,01JZ0H1K4AG17CS34Z9G9MQYDS,2025-06-30T13:50:56.669706937Z,01JZ0H1K72P9WWMQFG7ACVRNHM,2025-06-30T13:50:56.669706937Z,01JZ0H6Y1FWY7X7YNWMGA41ZX8,2025-06-30T13:50:56.669706937Z,01JZ0HKZ2G50KS7CBCD3M87YFZ,2025-06-30T13:50:56.669706937Z,01JZ0HKZ4X2P979H6W9H4D7PSC,2025-06-30T13:50:56.669706937Z
01JZ0HSGN90SDGTEEA4R8YHNVR,01JZ0H1K4AG17CS34Z9G9MQYDS,2025-06-30T13:52:57.007542778Z,01JZ0H1K72P9WWMQFG7ACVRNHM,2025-06-30T13:52:57.007542778Z,01JZ0HFMYKSMAV2RS6KF5GZ9M7,2025-06-30T13:52:57.007542778Z,01JZ0HKZ2G50KS7CBCD3M87YFZ,2025-06-30T13:52:57.007542778Z,01JZ0HKZ5AREX7MMS1CXED9TX5,2025-06-30T13:52:57.007542778Z
01JZ0JY5W5Z2D6DAXTF7S9QH0S,01JZ0JJRG62BDVPN4H0KJ2XPWK,2025-06-30T14:12:58.373886624Z,01JZ0JJRKVJXBJGVYTJ6TBMBFM,2025-06-30T14:12:58.373886624Z,01JZ0JN4F2114ZS0WES1BTCGSF,2025-06-30T14:12:58.373886624Z,01JZ0JW9G1715DA28FHK9V31XS,2025-06-30T14:12:58.373886624Z,01JZ0JW9K2TZ95K0T7FJ60HKEB,2025-06-30T14:12:58.373886624Z
01JZ0FJXNXX5BF3FXE0N23E90X,01JZ0F67X5J6SBR3095JZ2KKHQ,2025-06-30T13:14:23.806078864Z,01JZ0F67ZT8SK3RX0KMQXRZR64,2025-06-30T13:14:23.806078864Z,01JZ0FBJ4KQXDMT6MT2EH5X20T,2025-06-30T13:14:23.806078864Z,01JZ0FH235VE50PMY57N3YDJG9,2025-06-30T13:14:23.806078864Z,01JZ0FH2539ZNW6QHQZ4Z6M2D2,2025-06-30T13:14:23.806078864Z
01JZ0NS2KK5RR286VNTZDQCYMF,01JZ0N9PMZHSN31DAQRPMDQCYE,2025-06-30T15:02:36.915429051Z,01JZ0N9PPX2EBNCBEJCH5EHX43,2025-06-30T15:02:36.915429051Z,01JZ0NCH65T5YAFMH2EDFYXMCM,2025-06-30T15:02:36.915429051Z,01JZ0NQ6AS26ETG3TZPNN36FTM,2025-06-30T15:02:36.915429051Z,01JZ0NQ6DCZY0JXK2TXA8YYT5B,2025-06-30T15:02:36.915429051Z
01JZ0RMRDVHM8DKYD0F21CCKSJ,01JZ0R44WS56B1WD5354KYAZ6V,2025-06-30T15:52:41.147728947Z,01JZ0R44ZYB02HBRR2X1W771BR,2025-06-30T15:52:41.147728947Z,01JZ0RGWMHC1M8CB466E96GPB2,2025-06-30T15:52:41.147728947Z,01JZ0RGZ3DKRXN7JFMF7ZYJ17Q,2025-06-30T15:52:41.147728947Z,01JZ0RGZBCQSNCQFB1WY5ZGE61,2025-06-30T15:52:41.147728947Z
01JZ0MCJ3N60FNE8ZWMTRGNSDB,01JZ0KZHFC2GEC175ZSKVHYGR2,2025-06-30T14:38:18.229799155Z,01JZ0KZHGK1V8ZC0AXDBXBYAX9,2025-06-30T14:38:18.229799155Z,01JZ0M54SWH9FMND8G8ZRJ8E3A,2025-06-30T14:38:18.229799155Z,01JZ0M8V6QTQ2XMY7H3K1D6P3H,2025-06-30T14:38:18.229799155Z,01JZ0M8V9JM76WM0YQ4FYK6VVS,2025-06-30T14:38:18.229799155Z
01JZ0SVJ9KYCA4RAGPH6CKX6N7,01JZ0S9G3E1V9Y4W1M8GV3AGA9,2025-06-30T16:13:52.819844381Z,01JZ0S9GD9MABT2H3JKQDC0TB1,2025-06-30T16:13:52.819844381Z,01JZ0SFAB8AJ95H1FWSSMEW656,2025-06-30T16:13:52.819844381Z,01JZ0SSG56XTAJ4MTPA3PZYF46,2025-06-30T16:13:52.819844381Z,01JZ0SSG9RPFYB4Q413TYRWAT1,2025-06-30T16:13:52.819844381Z
01JZ0VA8H4FT5R7K0WV7K6X1XF,01JZ0TXM4HA3Q8P6D6TPYYS7R3,2025-06-30T16:39:22.917029892Z,01JZ0TXM9G1YQW4PKWAZEHBP4X,2025-06-30T16:39:22.917029892Z,01JZ0V898AG8ABR4XHNVSDEQYC,2025-06-30T16:39:22.917029892Z,01JZ0VA376DM6ZAKPMMZ3880SE,2025-06-30T16:39:22.917029892Z,01JZ0VA3BQ531X5KGZH9K8677V,2025-06-30T16:39:22.917029892Z
01JZ0VE1N1605M1VV4ADPQ5JF5,01JZ0TXM4HA3Q8P6D6TPYYS7R3,2025-06-30T16:41:26.945480052Z,01JZ0TXM9G1YQW4PKWAZEHBP4X,2025-06-30T16:41:26.945480052Z,01JZ0V027NCPFS0Z28MM3HFKTJ,2025-06-30T16:41:26.945480052Z,01JZ0VA38AG5CMBPK3H4ZDH1EB,2025-06-30T16:41:26.945480052Z,01JZ0VA3F5J85D0E17NTT6GA3D,2025-06-30T16:41:26.945480052Z
01JZ0RR0K6ZNV1TB8QC2W6SZ00,01JZ0R44WS56B1WD5354KYAZ6V,2025-06-30T15:54:27.814678162Z,01JZ0R44ZAP7PYVAMQ60PRQDRH,2025-06-30T15:54:27.814678162Z,01JZ0RFSGVV4CF4HS12XY9QNMR,2025-06-30T15:54:27.814678162Z,01JZ0RJBMJ9DTWHHQXZG22T28N,2025-06-30T15:54:27.814678162Z,01JZ0RJBW6NBSE447RZSSMW517,2025-06-30T15:54:27.814678162Z
01JZ0RMRCS61534SSNFXXFZ91S,01JZ0R44WS56B1WD5354KYAZ6V,2025-06-30T15:52:41.113610476Z,01JZ0R44ZYB02HBRR2X1W771BR,2025-06-30T15:52:41.113610476Z,01JZ0R9PQ4K46J5WAZEFCASF2D,2025-06-30T15:52:41.113610476Z,01JZ0RGZ3DKRXN7JFMF7ZYJ17Q,2025-06-30T15:52:41.113610476Z,01JZ0RGZBCQSNCQFB1WY5ZGE61,2025-06-30T15:52:41.113610476Z
01JZ0RQX2FVJZBXGRYG2M6E0CQ,01JZ0R44WS56B1WD5354KYAZ6V,2025-06-30T15:54:24.207447345Z,01JZ0R450A0M8Q4QC968ZVRS9H,2025-06-30T15:54:24.207447345Z,01JZ0R7KYSRZ9WN5AKECH3KB3X,2025-06-30T15:54:24.207447345Z,01JZ0RFNSEZKPM2792JHDRN446,2025-06-30T15:54:24.207447345Z,01JZ0RFPKQMZBSTY66B37ZM1SV,2025-06-30T15:54:24.207447345Z
01JZ0SVRWWW3JH9SD60E6TEYTE,01JZ0S9G3E1V9Y4W1M8GV3AGA9,2025-06-30T16:13:59.58103909Z,01JZ0S9G7VJHRZZRV1KXAXAXSY,2025-06-30T16:13:59.58103909Z,01JZ0SF42D6EB959CKE7M0PGAZ,2025-06-30T16:13:59.58103909Z,01JZ0SP48F3VDFFJ0GMG3AQPDM,2025-06-30T16:13:59.58103909Z,01JZ0SP4NN2MFH79TTREKW3RP5,2025-06-30T16:13:59.58103909Z
01JZ0NVJ506ZJ0PPH2A2KYWYMC,01JZ0N9PMZHSN31DAQRPMDQCYE,2025-06-30T15:03:58.36895303Z,01JZ0N9PQHD06TCBXAQZTT3H76,2025-06-30T15:03:58.36895303Z,01JZ0NGNCA21NZZE8PJPN10BTS,2025-06-30T15:03:58.36895303Z,01JZ0NKT3DR2EPQ5TV4AEDW3XX,2025-06-30T15:03:58.36895303Z,01JZ0NKT9JAEG0PJBY6B34KT3T,2025-06-30T15:03:58.36895303Z
01JZ0VHS220CMB6PYWQ8A9J51Y,01JZ0TXM4HA3Q8P6D6TPYYS7R3,2025-06-30T16:43:29.218372026Z,01JZ0TXM9G1YQW4PKWAZEHBP4X,2025-06-30T16:43:29.218372026Z,01JZ0V898AG8ABR4XHNVSDEQYC,2025-06-30T16:43:29.218372026Z,01JZ0VA390BVZ4GTHHRDE079EZ,2025-06-30T16:43:29.218372026Z,01JZ0VA3JE8WTKCAC594K87NXX,2025-06-30T16:43:29.218372026Z
01JZ0FKSH5ZJW1E4JFR1ZF7K3W,01JZ0F67X5J6SBR3095JZ2KKHQ,2025-06-30T13:14:52.325234513Z,01JZ0F67ZGT4J2NC89JRSKF93F,2025-06-30T13:14:52.325234513Z,01JZ0FBDHDTMS687HV4CDN8T2G,2025-06-30T13:14:52.325234513Z,01JZ0FHY0FF9TVSRZETCEYCTMP,2025-06-30T13:14:52.325234513Z,01JZ0FHY24PA1R5QHATJEKN4PQ,2025-06-30T13:14:52.325234513Z
01JZ0FRE363RH8D9AFQ07A0K7K,01JZ0F67X5J6SBR3095JZ2KKHQ,2025-06-30T13:17:24.454473802Z,01JZ0F67ZT8SK3RX0KMQXRZR64,2025-06-30T13:17:24.454473802Z,01JZ0FBJ4KQXDMT6MT2EH5X20T,2025-06-30T13:17:24.454473802Z,01JZ0FH23BH62X4DWE790J4XPH,2025-06-30T13:17:24.454473802Z,01JZ0FH260NFJ56R0FTKR87728,2025-06-30T13:17:24.454473802Z
01JZ0HCAW97S26MRW8PZHGG7SB,01JZ0H1K4AG17CS34Z9G9MQYDS,2025-06-30T13:45:45.09760763Z,01JZ0H1K6THHEJQ855QF7WP6P1,2025-06-30T13:45:45.09760763Z,01JZ0H6DP3F32ZH0Y01CT1VX9P,2025-06-30T13:45:45.09760763Z,01JZ0H8M6RNVPAN6FF1JPRG2N3,2025-06-30T13:45:45.09760763Z,01JZ0H8M95K0NCGBK2P74BAWW7,2025-06-30T13:45:45.09760763Z
01JZ0HE59YM9C2K3CNTCHQG88S,01JZ0H1K4AG17CS34Z9G9MQYDS,2025-06-30T13:46:44.926235619Z,01JZ0H1K7A7HBJ5WZC7T99GVBX,2025-06-30T13:46:44.926235619Z,01JZ0FRASJYKEGEJZYSW2BXAXV,2025-06-30T13:46:44.926235619Z,01JZ0HAECPB75NSKW408592PHJ,2025-06-30T13:46:44.926235619Z,01JZ0HAEGSNH2JMHJS0Y20K363,2025-06-30T13:46:44.926235619Z
01JZ0KAN1RHF3TNXP5X86VKKZT,01JZ0JJRG62BDVPN4H0KJ2XPWK,2025-06-30T14:19:47.128988419Z,01JZ0JJRMFBKARHHQY8ZXKDX2Q,2025-06-30T14:19:47.128988419Z,01JZ0K2MMEXP18DBVH90QK1R5V,2025-06-30T14:19:47.128988419Z,01JZ0K2YFDRB6P8RBG2K4YQT5E,2025-06-30T14:19:47.128988419Z,01JZ0K2YKWQGXB2D5TT2VWR3KY,2025-06-30T14:19:47.128988419Z
01JZ0QFSY1FKF7X26386T4JM8A,01JZ0Q0CTMMAVY329HW6Z84SYY,2025-06-30T15:32:30.273663042Z,01JZ0Q0CWNKJYDS4SW61Q7VTQN,2025-06-30T15:32:30.273663042Z,01JZ0Q3X4Y9GSG0Q4TV0TG6S7T,2025-06-30T15:32:30.273663042Z,01JZ0Q80YHG4MHW8DMRKNRWY2W,2025-06-30T15:32:30.273663042Z,01JZ0Q815CN9R996SBP6VT9MY7,2025-06-30T15:32:30.273663042Z
01JZ0QZVABZR382N4BT9C7VC0Z,01JZ0QGE33ZWYV7A3256FYEZA6,2025-06-30T15:41:15.97947823Z,01JZ0QGE4MQBM7ZJEFVQMWJX02,2025-06-30T15:41:15.97947823Z,01JZ0QM38JZ7CRCAE73CP91DA7,2025-06-30T15:41:15.97947823Z,01JZ0QT8D72WY9E0JR27EZFH9M,2025-06-30T15:41:15.97947823Z,01JZ0QT8JN5JZNQK35RJ316HD8,2025-06-30T15:41:15.97947823Z
01JZ0RDVZZ7CAQHBPM8SZABFQP,01JZ0R44WS56B1WD5354KYAZ6V,2025-06-30T15:48:55.423155342Z,01JZ0R44ZMT5HYXWVABB60AH0G,2025-06-30T15:48:55.423155342Z,01JZ0RB2RBV77DCY4AE9FA26J2,2025-06-30T15:48:55.423155342Z,01JZ0RDSARBR93RXQPV6J6CPZJ,2025-06-30T15:48:55.423155342Z,01JZ0RDSF4EXE0C2492C29ZXYS,2025-06-30T15:48:55.423155342Z
01JZ0FQR6SA26FCG2V53G72RE5,01JZ0F67X5J6SBR3095JZ2KKHQ,2025-06-30T13:17:02.041606114Z,01JZ0F67Z228X9RHKVM8F1277D,2025-06-30T13:17:02.041606114Z,01JZ0FCMDW21N834SMM0YDFMDT,2025-06-30T13:17:02.041606114Z,01JZ0FJ6P04EK093QJBJ8ZQ2DS,2025-06-30T13:17:02.041606114Z,01JZ0FJ6SSEDPR0ACQW6KMPEH0,2025-06-30T13:17:02.041606114Z
01JZ0K2ZJW7WBQ7K9QN43V2PN1,01JZ0JJRG62BDVPN4H0KJ2XPWK,2025-06-30T14:15:35.772548745Z,01JZ0JJRMFBKARHHQY8ZXKDX2Q,2025-06-30T14:15:35.772548745Z,01JZ0JQGZSJTMNWN83V0DRTF9B,2025-06-30T14:15:35.772548745Z,01JZ0K2YEFGBK0DQCQ0ZFX8Q5Z,2025-06-30T14:15:35.772548745Z,01JZ0K2YG3MG98F16RTKVMX7WV,2025-06-30T14:15:35.772548745Z
01JZ0MC20GVFEBBKAN2QPJYVYA,01JZ0KZHFC2GEC175ZSKVHYGR2,2025-06-30T14:38:01.744122853Z,01JZ0KZHHH6W8J7M02JDFMAQF5,2025-06-30T14:38:01.744122853Z,01JZ0M0EWSF288X4NSN0YC4ARG,2025-06-30T14:38:01.744122853Z,01JZ0MA57G6F6CZSS6TXQYY4X3,2025-06-30T14:38:01.744122853Z,01JZ0MA5C5QDZRV3ZH1ZHXBX0P,2025-06-30T14:38:01.744122853Z
01JZ0SXDPQ4ER2AEPR6M16QT4N,01JZ0S9G3E1V9Y4W1M8GV3AGA9,2025-06-30T16:14:53.656236201Z,01JZ0S9GD9MABT2H3JKQDC0TB1,2025-06-30T16:14:53.656236201Z,01JZ0SHW478ARJ1EFSDZ00THPE,2025-06-30T16:14:53.656236201Z,01JZ0SSG56XTAJ4MTPA3PZYF46,2025-06-30T16:14:53.656236201Z,01JZ0SSGAKN594A9625VW8DP41,2025-06-30T16:14:53.656236201Z
01JZ0FXNW0DB15SE7A3RE01QH0,01JZ0F67X5J6SBR3095JZ2KKHQ,2025-06-30T13:20:16.256773301Z,01JZ0F67Z9QH00F8GAXY086HB5,2025-06-30T13:20:16.256773301Z,01JZ0FEZVY7EN4RKAZNT5R1EZ5,2025-06-30T13:20:16.256773301Z,01JZ0FNMGEWN0TYT8CB4N2HGW2,2025-06-30T13:20:16.256773301Z,01JZ0FNMS7C5RK3GDVW8YVXRV9,2025-06-30T13:20:16.256773301Z
01JZ0FHKB3RMDP2YGHDEKJSG18,01JZ0F67X5J6SBR3095JZ2KKHQ,2025-06-30T13:13:40.451564358Z,01JZ0F67ZJJG6P50PFSVWKXYA5,2025-06-30T13:13:40.451564358Z,01JZ0FB6X6QBV3E81R532SKN28,2025-06-30T13:13:40.451564358Z,01JZ0FHJQAXDE33BTF4PR5DHYN,2025-06-30T13:13:40.451564358Z,01JZ0FHJQTAVZDAJ3YWNVQ8YDV,2025-06-30T13:13:40.451564358Z
01JZ0HF9QQK0XT5BFVNHJ4Y8E3,01JZ0H1K4AG17CS34Z9G9MQYDS,2025-06-30T13:47:22.231527616Z,01JZ0H1K706F68YJ8PB50DJAH3,2025-06-30T13:47:22.231527616Z,01JZ0H4A5D7C5PF70PNDKFAY5N,2025-06-30T13:47:22.231527616Z,01JZ0HDDQ1TQC05SZV1MP12GS4,2025-06-30T13:47:22.231527616Z,01JZ0HDDS74239BGHWBEHATDCG,2025-06-30T13:47:22.231527616Z
01JZ0M9Y053N89X0Z8FY7XZPYX,01JZ0KZHFC2GEC175ZSKVHYGR2,2025-06-30T14:36:52.101642702Z,01JZ0KZHGXZ28TMC40NC90GVYX,2025-06-30T14:36:52.101642702Z,01JZ0M51W4TR1XT98HK5JRZZMZ,2025-06-30T14:36:52.101642702Z,01JZ0M9WT7DCKHFYFF79DBTDP8,2025-06-30T14:36:52.101642702Z,01JZ0M9WVXR9EYXXXVR5DAW32W,2025-06-30T14:36:52.101642702Z
01JZ0RS477Z7989XKMBWF61W85,01JZ0R44WS56B1WD5354KYAZ6V,2025-06-30T15:55:04.295228695Z,01JZ0R44ZYB02HBRR2X1W771BR,2025-06-30T15:55:04.295228695Z,01JZ0R73B6ZBY0XV8TDKBRTHN0,2025-06-30T15:55:04.295228695Z,01JZ0RGZ593SRSST6FTS4WNPMA,2025-06-30T15:55:04.295228695Z,01JZ0RGZKN03ERPSP31WJB53CE,2025-06-30T15:55:04.295228695Z
01JZ0SSNNSPQVKHXB1PXDJ01WR,01JZ0S9G3E1V9Y4W1M8GV3AGA9,2025-06-30T16:12:50.745963893Z,01JZ0S9GD9MABT2H3JKQDC0TB1,2025-06-30T16:12:50.745963893Z,01JZ0SHW478ARJ1EFSDZ00THPE,2025-06-30T16:12:50.745963893Z,01JZ0SSFZFDFRVNM767XKCVHHQ,2025-06-30T16:12:50.745963893Z,01JZ0SSG700K09SSWFB5XJHPJ2,2025-06-30T16:12:50.745963893Z
01JZ0SYJZGBKA0802J42XE4K2B,01JZ0S9G3E1V9Y4W1M8GV3AGA9,2025-06-30T16:15:31.82465057Z,01JZ0S9G9GQDAYDBEESMGH4RA5,2025-06-30T16:15:31.82465057Z,01JZ0SHD6CSXMHY511T2SVS05J,2025-06-30T16:15:31.82465057Z,01JZ0SQ3CMRR1TZZF817KETV97,2025-06-30T16:15:31.82465057Z,01JZ0SQ3PD5SBP4KBHG0G8TV26,2025-06-30T16:15:31.82465057Z
01JZ0VHS15SRTWD6S15A67RX4Y,01JZ0TXM4HA3Q8P6D6TPYYS7R3,2025-06-30T16:43:29.189699437Z,01JZ0TXM9G1YQW4PKWAZEHBP4X,2025-06-30T16:43:29.189699437Z,01JZ0VA02QS1Q83QABHKXFB7D4,2025-06-30T16:43:29.189699437Z,01JZ0VA390BVZ4GTHHRDE079EZ,2025-06-30T16:43:29.189699437Z,01JZ0VA3JE8WTKCAC594K87NXX,2025-06-30T16:43:29.189699437Z
01JZ0FH9VHJS1S5Q9JH2KT7TQF,01JZ0F67X5J6SBR3095JZ2KKHQ,2025-06-30T13:13:30.737496018Z,01JZ0F67ZKKPGDC64ETWQZ69WV,2025-06-30T13:13:30.737496018Z,01JZ0FD6EFW093P2J0FEY97NKZ,2025-06-30T13:13:30.737496018Z,01JZ0FFEABFZ5CT87GW8737MVN,2025-06-30T13:13:30.737496018Z,01JZ0FFEC471Z9SD47S8EGXE2B,2025-06-30T13:13:30.737496018Z
01JZ0HGQCWSY7QBSN80WTSEH69,01JZ0H1K4AG17CS34Z9G9MQYDS,2025-06-30T13:48:08.988554503Z,01JZ0H1K7KVN4Q30DF0C4SZNQW,2025-06-30T13:48:08.988554503Z,01JZ0H5NHK4FCF20XWKMPQHP0X,2025-06-30T13:48:08.988554503Z,01JZ0H9B60GZCSEZ21Q7HHJ5H8,2025-06-30T13:48:08.988554503Z,01JZ0H9B985HKEBHFDKE94BHEF,2025-06-30T13:48:08.988554503Z
01JZ0MGAMHH4Y5RGVS224SZDH8,01JZ0KZHFC2GEC175ZSKVHYGR2,2025-06-30T14:40:21.649555938Z,01JZ0KZHH6W8XDVC696R9C92DG,2025-06-30T14:40:21.649555938Z,01JZ0M76DS1TB5AKS0JTGGKM42,2025-06-30T14:40:21.649555938Z,01JZ0MCKBEDXBCTH25HMPCZETY,2025-06-30T14:40:21.649555938Z,01JZ0MCKDWQ4DAS4BZSTHFFHJY,2025-06-30T14:40:21.649555938Z
01JZ0SYYVYGF1YXGFK337YPCS5,01JZ0S9G3E1V9Y4W1M8GV3AGA9,2025-06-30T16:15:43.998091651Z,01JZ0S9GBDE95BAEJ35DY3VGC4,2025-06-30T16:15:43.998091651Z,01JZ0SNAX1B595RP7S7B0WD649,2025-06-30T16:15:43.998091651Z,01JZ0SQEDMCRC0SE3ZVA9VRSZR,2025-06-30T16:15:43.998091651Z,01JZ0SQEQ0KCNG93ZTV2FW9MYQ,2025-06-30T16:15:43.998091651Z
01JZ0VG6Q3DB4CEDVMETDR673T,01JZ0TXM4HA3Q8P6D6TPYYS7R3,2025-06-30T16:42:37.667427929Z,01JZ0TXMAAZJ4VJWA2WTVHG174,2025-06-30T16:42:37.667427929Z,01JZ0V35DCVJ8FMBXYFAAYSD86,2025-06-30T16:42:37.667427929Z,01JZ0V8M7779BC73EQFC7W4Q4A,2025-06-30T16:42:37.667427929Z,01JZ0V8MHVSR2MS7X28YM342BV,2025-06-30T16:42:37.667427929Z
01JZ0FSK4AJJ55KG3EAXTFE2MS,01JZ0F67X5J6SBR3095JZ2KKHQ,2025-06-30T13:18:02.378080886Z,01JZ0F67ZJJG6P50PFSVWKXYA5,2025-06-30T13:18:02.378080886Z,01JZ0FD9MGR1NQWZH14DZSCF74,2025-06-30T13:18:02.378080886Z,01JZ0FHJPK6AHGZZK2A3C93XZV,2025-06-30T13:18:02.378080886Z,01JZ0FHJWH8G0XHP8Y378NPP38,2025-06-30T13:18:02.378080886Z
01JZ0MGWAB5YDZNQPRJXTNF66A,01JZ0KZHFC2GEC175ZSKVHYGR2,2025-06-30T14:40:39.755637314Z,01JZ0KZHGK1V8ZC0AXDBXBYAX9,2025-06-30T14:40:39.755637314Z,01JZ0M54SWH9FMND8G8ZRJ8E3A,2025-06-30T14:40:39.755637314Z,01JZ0M8V7PCBYG3QB5C232K5NV,2025-06-30T14:40:39.755637314Z,01JZ0M8VCV3M2XHTTVXNZTVJCN,2025-06-30T14:40:39.755637314Z
01JZ0Q381TNC8HW853H9QK5CJN,01JZ0PDFE8X2A24VZSJDD0T2BH,2025-06-30T15:25:38.746958618Z,01JZ0PDFFH0EDR9F9CYFN0TQY3,2025-06-30T15:25:38.746958618Z,01JZ0PPXCPF7JHRT9SA9YT6R6B,2025-06-30T15:25:38.746958618Z,01JZ0PVRF7K7NKQ7ZE4CCVD40K,2025-06-30T15:25:38.746958618Z,01JZ0PVRY8854FG5MQ5RHH4TS9,2025-06-30T15:25:38.746958618Z
01JZ0QN0307XFDNFY4JMWF1C24,01JZ0Q0CTMMAVY329HW6Z84SYY,2025-06-30T15:35:20.416981952Z,01JZ0Q0CX32Y5M8NZMVY0C598C,2025-06-30T15:35:20.416981952Z,01JZ0QBZWYQ3QPQ15CPJ83RQEA,2025-06-30T15:35:20.416981952Z,01JZ0QDJGY5GDK8FY589ABY8WR,2025-06-30T15:35:20.416981952Z,01JZ0QDJPRHNXT4A9RSTCQ3F42,2025-06-30T15:35:20.416981952Z
01JZ0R2BSPEBFH41J7VBV05CRN,01JZ0QGE33ZWYV7A3256FYEZA6,2025-06-30T15:42:38.39049737Z,01JZ0QGE4MQBM7ZJEFVQMWJX02,2025-06-30T15:42:38.39049737Z,01JZ0QNHS7A9KGEH6HJK27570S,2025-06-30T15:42:38.39049737Z,01JZ0QT8EVWQAQJSS0H6BE6YX3,2025-06-30T15:42:38.39049737Z,01JZ0QT8Q75XT8VEPMTC9KPYT6,2025-06-30T15:42:38.39049737Z
01JZ0RMF5BP1D489JRV0115JP7,01JZ0R44WS56B1WD5354KYAZ6V,2025-06-30T15:52:31.659837136Z,01JZ0R44YW0T94WKHD2ZAT9VPC,2025-06-30T15:52:31.659837136Z,01JZ0R87RQQ80K7DPTNHVHAFYR,2025-06-30T15:52:31.659837136Z,01JZ0RCZ6GGFDRV5K0HC37H854,2025-06-30T15:52:31.659837136Z,01JZ0RCZJ795ARWQ1NBJQD3R7Q,2025-06-30T15:52:31.659837136Z
01JZ0RREWC8K23BWT9GC7H2JXF,01JZ0R44WS56B1WD5354KYAZ6V,2025-06-30T15:54:42.444842425Z,01JZ0R44ZYB02HBRR2X1W771BR,2025-06-30T15:54:42.444842425Z,01JZ0R6453JERWFMFDN54N72WF,2025-06-30T15:54:42.444842425Z,01JZ0RGZ41HVKXEBX2TYNXK9ZD,2025-06-30T15:54:42.444842425Z,01JZ0RGZFCVQJE7DMSZG1C6FQM,2025-06-30T15:54:42.444842425Z
01JZ0VFXHTYC7WE0K4FAXQDTQ1,01JZ0TXM4HA3Q8P6D6TPYYS7R3,2025-06-30T16:42:28.282229074Z,01JZ0TXM9G1YQW4PKWAZEHBP4X,2025-06-30T16:42:28.282229074Z,01JZ0V62WJGZ4BGMWXYSNYNW8D,2025-06-30T16:42:28.282229074Z,01JZ0VA38AG5CMBPK3H4ZDH1EB,2025-06-30T16:42:28.282229074Z,01JZ0VA3G9VX5YA7Q2K05M1TQK,2025-06-30T16:42:28.282229074Z
01JZ0FHYP6PHHNH53QE5REPMYF,01JZ0F67X5J6SBR3095JZ2KKHQ,2025-06-30T13:13:52.070177784Z,01JZ0F67ZGT4J2NC89JRSKF93F,2025-06-30T13:13:52.070177784Z,01JZ0FCYY4QGD4A8984C3YPRN7,2025-06-30T13:13:52.070177784Z,01JZ0FHY06VJS12RZKPGXVB09V,2025-06-30T13:13:52.070177784Z,01JZ0FHY1D6H1D4DAJN43W8G67,2025-06-30T13:13:52.070177784Z
01JZ0Q12QX99TA56NV3BZQBTXY,01JZ0PDFE8X2A24VZSJDD0T2BH,2025-06-30T15:24:27.773374386Z,01JZ0PDFG0TZHQMJ413RSFKXP4,2025-06-30T15:24:27.773374386Z,01JZ0PFD148NQV3M8890VB1Y1E,2025-06-30T15:24:27.773374386Z,01JZ0PSB9NEW7WNBBQFB9FQ87E,2025-06-30T15:24:27.773374386Z,01JZ0PSBFKMZXM1B2TV94PVVYV,2025-06-30T15:24:27.773374386Z
01JZ0RDNM1QRC6RW1CQ3GK6ZG5,01JZ0R44WS56B1WD5354KYAZ6V,2025-06-30T15:48:48.897563177Z,01JZ0R44YD4TQ1QQVW9H1W0WBF,2025-06-30T15:48:48.897563177Z,01JZ0R6DH2W2W2NRB6MJ1KHHEC,2025-06-30T15:48:48.897563177Z,01JZ0RDJ0XXCM980RFX0R86PD9,2025-06-30T15:48:48.897563177Z,01JZ0RDJDBM72ZH89Y5NBGW57F,2025-06-30T15:48:48.897563177Z
01JZ0Q12PWYZ45729TYDTE5XZ3,01JZ0PDFE8X2A24VZSJDD0T2BH,2025-06-30T15:24:27.740450039Z,01JZ0PDFG0TZHQMJ413RSFKXP4,2025-06-30T15:24:27.740450039Z,01JZ0PK0DZKRC734RSACJ85GGV,2025-06-30T15:24:27.740450039Z,01JZ0PSB9NEW7WNBBQFB9FQ87E,2025-06-30T15:24:27.740450039Z,01JZ0PSBFKMZXM1B2TV94PVVYV,2025-06-30T15:24:27.740450039Z
01JZ0K6AC1WY8X6VP02CFMQKKJ,01JZ0JJRG62BDVPN4H0KJ2XPWK,2025-06-30T14:17:25.121870749Z,01JZ0JJRK7MTN7FAC1224V82KC,2025-06-30T14:17:25.121870749Z,01JZ0JRRZWD6QKN20J001SKF6Q,2025-06-30T14:17:25.121870749Z,01JZ0JYWXE4Z0C49B2GAEXWPG4,2025-06-30T14:17:25.121870749Z,01JZ0JYX3R6DMCAQBCP3MHRP3T,2025-06-30T14:17:25.121870749Z
01JZ0TH239BVYM923CXJ41H0BQ,01JZ0T594M7DT83RJMYEJDT186,2025-06-30T16:25:37.129793287Z,01JZ0T59780CP4Z1F2CEHFDNAC,2025-06-30T16:25:37.129793287Z,01JZ0TAKDPN96JCWTMZ8BD4TJ5,2025-06-30T16:25:37.129793287Z,01JZ0TGXA1S5N6HXFRX2V318G2,2025-06-30T16:25:37.129793287Z,01JZ0TGXFSD3VHAXWYEX9WEWNR,2025-06-30T16:25:37.129793287Z
01JZ0FK4HCGMA8WF7NNEFN9ZVE,01JZ0F67X5J6SBR3095JZ2KKHQ,2025-06-30T13:14:30.828371943Z,01JZ0F67ZKKPGDC64ETWQZ69WV,2025-06-30T13:14:30.828371943Z,01JZ0FC3BQ9GCC6QG6CDGGD2W7,2025-06-30T13:14:30.828371943Z,01JZ0FFEABFZ5CT87GW8737MVN,2025-06-30T13:14:30.828371943Z,01JZ0FFEC6XGG49HV5FMTAEST6,2025-06-30T13:14:30.828371943Z
01JZ0HCQYGAQEP0F171NSYEQQ1,01JZ0H1K4AG17CS34Z9G9MQYDS,2025-06-30T13:45:58.48051174Z,01JZ0H1K7HVYD71R3W6V80C6V1,2025-06-30T13:45:58.48051174Z,01JZ0H3VXRWN9J2736JNSGF5MJ,2025-06-30T13:45:58.48051174Z,01JZ0HAVS54E0S6EA1VSCPJE2W,2025-06-30T13:45:58.48051174Z,01JZ0HAVV6427V6VS6EB94HCVX,2025-06-30T13:45:58.48051174Z
01JZ0HJ536GTACM3NC9J9T46QV,01JZ0H1K4AG17CS34Z9G9MQYDS,2025-06-30T13:48:55.782868221Z,01JZ0H1K7A7HBJ5WZC7T99GVBX,2025-06-30T13:48:55.782868221Z,01JZ0H377YER8042T2NRG3D1V1,2025-06-30T13:48:55.782868221Z,01JZ0HAECWF8GVS1BK6GSGGQXS,2025-06-30T13:48:55.782868221Z,01JZ0HAEJQ4P0QGSNMTF4711VK,2025-06-30T13:48:55.782868221Z
01JZ0JZEE6RQXVSR4WBPKBF5TW,01JZ0JJRG62BDVPN4H0KJ2XPWK,2025-06-30T14:13:39.91013521Z,01JZ0JJRKH7XD764W2MEEG7PFH,2025-06-30T14:13:39.91013521Z,01JZ0JRQKJWMM7DD21YR6CR4TA,2025-06-30T14:13:39.91013521Z,01JZ0JZD7EA6CMM8J6BT29CG7T,2025-06-30T14:13:39.91013521Z,01JZ0JZD97EJQ2M37YKB60S9TM,2025-06-30T14:13:39.91013521Z
01JZ0MRQ4WPMDZHNF95P3HV11T,01JZ0KZHFC2GEC175ZSKVHYGR2,2025-06-30T14:44:56.604710824Z,01JZ0KZHHC2JQ9380R79DSYF93,2025-06-30T14:44:56.604710824Z,01JZ0MDJZZT96ZPNBZZTAA3S1D,2025-06-30T14:44:56.604710824Z,01JZ0MGP15FSE96N0S4HMPWP30,2025-06-30T14:44:56.604710824Z,01JZ0MGP9HGYG69ZB0R1F9AXKZ,2025-06-30T14:44:56.604710824Z
01JZ0RP5AQHDZ134Y3EW5ZTZEF,01JZ0R44WS56B1WD5354KYAZ6V,2025-06-30T15:53:27.127174571Z,01JZ0R44ZAP7PYVAMQ60PRQDRH,2025-06-30T15:53:27.127174571Z,01JZ0RFSGVV4CF4HS12XY9QNMR,2025-06-30T15:53:27.127174571Z,01JZ0RJBMJ9DTWHHQXZG22T28N,2025-06-30T15:53:27.127174571Z,01JZ0RJBV8ENJ54V9KV4K5Q08M,2025-06-30T15:53:27.127174571Z
01JZ0SXMNJ6VHVKGBR5N7WH3QJ,01JZ0S9G3E1V9Y4W1M8GV3AGA9,2025-06-30T16:15:00.786946778Z,01JZ0S9G7VJHRZZRV1KXAXAXSY,2025-06-30T16:15:00.786946778Z,01JZ0SG74N5JZ3XSFK40RQAATP,2025-06-30T16:15:00.786946778Z,01JZ0SP4D0CS281Y0996N1R2P4,2025-06-30T16:15:00.786946778Z,01JZ0SP4QF1M3BERGM3812151M,2025-06-30T16:15:00.786946778Z
01JZ0FPJ5JRJ0WWQRTA12GZ9S1,01JZ0F67X5J6SBR3095JZ2KKHQ,2025-06-30T13:16:23.090459136Z,01JZ0F67ZMW5MYVAMRDCKET4QV,2025-06-30T13:16:23.090459136Z,01JZ0FDXX39WXMVCCADY0GX2SD,2025-06-30T13:16:23.090459136Z,01JZ0FETSCDVHZ2TXY7PXJ4K6E,2025-06-30T13:16:23.090459136Z,01JZ0FETVX6MH8X62MF1EV7CK3,2025-06-30T13:16:23.090459136Z
01JZ0JZED8Y5JJYQJKHENQ01F2,01JZ0JJRG62BDVPN4H0KJ2XPWK,2025-06-30T14:13:39.880975787Z,01JZ0JJRKH7XD764W2MEEG7PFH,2025-06-30T14:13:39.880975787Z,01JZ0JQ6ANMHGHRRYJ704S1ZBR,2025-06-30T14:13:39.880975787Z,01JZ0JZD7EA6CMM8J6BT29CG7T,2025-06-30T14:13:39.880975787Z,01JZ0JZD97EJQ2M37YKB60S9TM,2025-06-30T14:13:39.880975787Z
01JZ0FPJ5BHACK3G49NNGBA2B1,01JZ0F67X5J6SBR3095JZ2KKHQ,2025-06-30T13:16:23.083519043Z,01JZ0F67ZMW5MYVAMRDCKET4QV,2025-06-30T13:16:23.083519043Z,01JZ0FAE5RJ1QVP6VAA70BSQ0P,2025-06-30T13:16:23.083519043Z,01JZ0FETSCDVHZ2TXY7PXJ4K6E,2025-06-30T13:16:23.083519043Z,01JZ0FETVX6MH8X62MF1EV7CK3,2025-06-30T13:16:23.083519043Z
01JZ0HAFAX8X0PD4DA6DA282AA,01JZ0H1K4AG17CS34Z9G9MQYDS,2025-06-30T13:44:44.125069809Z,01JZ0H1K7A7HBJ5WZC7T99GVBX,2025-06-30T13:44:44.125069809Z,01JZ0FRASJYKEGEJZYSW2BXAXV,2025-06-30T13:44:44.125069809Z,01JZ0HAECCDKM76ZCV44MHEJAX,2025-06-30T13:44:44.125069809Z,01JZ0HAEFC0ZPCW62QHGME40FT,2025-06-30T13:44:44.125069809Z
01JZ0HAHKXFFFKDS3K68PBHE78,01JZ0H1K4AG17CS34Z9G9MQYDS,2025-06-30T13:44:46.461490727Z,01JZ0H1K78HDDW9F2WM1P8VZMN,2025-06-30T13:44:46.461490727Z,01JZ0H3QQ5CPMXHE11M4R96C48,2025-06-30T13:44:46.461490727Z,01JZ0HAGRD45VQ56569PMWG39C,2025-06-30T13:44:46.461490727Z,01JZ0HAGSY2HJS5PPSPYKJ18MV,2025-06-30T13:44:46.461490727Z
01JZ0MMD71WSE2BB63J0J777EX,01JZ0KZHFC2GEC175ZSKVHYGR2,2025-06-30T14:42:35.361510175Z,01JZ0KZHHC2JQ9380R79DSYF93,2025-06-30T14:42:35.361510175Z,01JZ0MDBRA35TVD8HTPMBDQBBA,2025-06-30T14:42:35.361510175Z,01JZ0MGP26NJJGJCWPQGW8F3YX,2025-06-30T14:42:35.361510175Z,01JZ0MGP52H1KJ31M2K04FHCQX,2025-06-30T14:42:35.361510175Z
01JZ0VC5DGQ6QYK11VMAP0RR4M,01JZ0TXM4HA3Q8P6D6TPYYS7R3,2025-06-30T16:40:25.264089662Z,01JZ0TXMB9EHVXHHHV3J3SQY3A,2025-06-30T16:40:25.264089662Z,01JZ0V0BHD367W9MS1M0PZJGYW,2025-06-30T16:40:25.264089662Z,01JZ0VC1QSQA1K66QVJ6HEYCX9,2025-06-30T16:40:25.264089662Z,01JZ0VC1ZHER2X52389RF6FEVA,2025-06-30T16:40:25.264089662Z
01JZ0VHS2TWRNSD89CTGSYMRQR,01JZ0TXM4HA3Q8P6D6TPYYS7R3,2025-06-30T16:43:29.242653904Z,01JZ0TXM9G1YQW4PKWAZEHBP4X,2025-06-30T16:43:29.242653904Z,01JZ0V62WJGZ4BGMWXYSNYNW8D,2025-06-30T16:43:29.242653904Z,01JZ0VA390BVZ4GTHHRDE079EZ,2025-06-30T16:43:29.242653904Z,01JZ0VA3JE8WTKCAC594K87NXX,2025-06-30T16:43:29.242653904Z
01JZ0FKSGYRX0QFHEJ8TTGZNDY,01JZ0F67X5J6SBR3095JZ2KKHQ,2025-06-30T13:14:52.318147383Z,01JZ0F67ZGT4J2NC89JRSKF93F,2025-06-30T13:14:52.318147383Z,01JZ0FCJAG0CXVXJTMS0286MXB,2025-06-30T13:14:52.318147383Z,01JZ0FHY0FF9TVSRZETCEYCTMP,2025-06-30T13:14:52.318147383Z,01JZ0FHY24PA1R5QHATJEKN4PQ,2025-06-30T13:14:52.318147383Z
01JZ0FQHEH06J9YZF3DXHNW67M,01JZ0F67X5J6SBR3095JZ2KKHQ,2025-06-30T13:16:55.121649027Z,01JZ0F67ZFPZEHV6BKFXQYDXZZ,2025-06-30T13:16:55.121649027Z,01JZ0FB6FJQ1D9FWD3X4BZ10WY,2025-06-30T13:16:55.121649027Z,01JZ0FG2SD3EGXTWS7DEQHS433,2025-06-30T13:16:55.121649027Z,01JZ0FG2YZPED3HYBNBF60BYJD,2025-06-30T13:16:55.121649027Z
01JZ0HJZ7G295FAJ1ENP5SC6S6,01JZ0H1K4AG17CS34Z9G9MQYDS,2025-06-30T13:49:22.544502607Z,01JZ0H1K706F68YJ8PB50DJAH3,2025-06-30T13:49:22.544502607Z,01JZ0HD6YGD591QW3T9DNTT5JC,2025-06-30T13:49:22.544502607Z,01JZ0HDDQ1TQC05SZV1MP12GS4,2025-06-30T13:49:22.544502607Z,01JZ0HDDSN4RJNHJNWEPZ6KD1D,2025-06-30T13:49:22.544502607Z
01JZ0SQHEK1ZXGVJBD2W0R5YZE,01JZ0S9G3E1V9Y4W1M8GV3AGA9,2025-06-30T16:11:40.883380234Z,01JZ0S9GBDE95BAEJ35DY3VGC4,2025-06-30T16:11:40.883380234Z,01JZ0SF8Y0WXYRQ4GJQKYS7F99,2025-06-30T16:11:40.883380234Z,01JZ0SQEAR8P2YM87JXPSY3S0C,2025-06-30T16:11:40.883380234Z,01JZ0SQEGZSES92G0BHJP07QJE,2025-06-30T16:11:40.883380234Z
01JZ0FM2JDA548RE87ANR24NH9,01JZ0F67X5J6SBR3095JZ2KKHQ,2025-06-30T13:15:01.582013063Z,01JZ0F67Z228X9RHKVM8F1277D,2025-06-30T13:15:01.582013063Z,01JZ0FAY5RV9X0EF0X32G9N72E,2025-06-30T13:15:01.582013063Z,01JZ0FJ6P04EK093QJBJ8ZQ2DS,2025-06-30T13:15:01.582013063Z,01JZ0FJ6SBHJ7X638RST97CGZZ,2025-06-30T13:15:01.582013063Z
01JZ0FTZ51ZGV67NSX0PPK8XJT,01JZ0F67X5J6SBR3095JZ2KKHQ,2025-06-30T13:18:47.45774175Z,01JZ0F67Z9QH00F8GAYATW0H4D,2025-06-30T13:18:47.45774175Z,01JZ0FCSB181485J0F119VPBHD,2025-06-30T13:18:47.45774175Z,01JZ0FTXV8DQ25Y1P16E5V0W1X,2025-06-30T13:18:47.45774175Z,01JZ0FTXYPFYG58CK5DBF2NKQZ,2025-06-30T13:18:47.45774175Z
01JZ0FV6K4KER4WGPHQV6AVFJC,01JZ0F67X5J6SBR3095JZ2KKHQ,2025-06-30T13:18:55.07656668Z,01JZ0F67Z9QH00F8GAXY086HB5,2025-06-30T13:18:55.07656668Z,01JZ0FC2JY5XVEAE6VHX2MXJRG,2025-06-30T13:18:55.07656668Z,01JZ0FNMHABMQMJJE7Y0M736G4,2025-06-30T13:18:55.07656668Z,01JZ0FNMNCSWMW95D3YN10V1NE,2025-06-30T13:18:55.07656668Z
01JZ0G1489MZ33TNCPRR17840N,01JZ0F67X5J6SBR3095JZ2KKHQ,2025-06-30T13:22:09.289949244Z,01JZ0F67ZC5C7QZPK5TEQ23RT2,2025-06-30T13:22:09.289949244Z,01JZ0FCP4GJ67JPW5DR3EM87QX,2025-06-30T13:22:09.289949244Z,01JZ0FSQ4V25AWYKGJJ1ZAK9SV,2025-06-30T13:22:09.289949244Z,01JZ0FSQ9F33C4Z9DTR6THNFVH,2025-06-30T13:22:09.289949244Z
01JZ0FPW934W9FV4MBK17QER4Y,01JZ0F67X5J6SBR3095JZ2KKHQ,2025-06-30T13:16:33.443145275Z,01JZ0F67ZMW5MYVAMRDCKET4QV,2025-06-30T13:16:33.443145275Z,01JZ0FDXX39WXMVCCADY0GX2SD,2025-06-30T13:16:33.443145275Z,01JZ0FETSCDVHZ2TXY84CHY2GX,2025-06-30T13:16:33.443145275Z,01JZ0FETWJ0NVJMPXSPP03K8WP,2025-06-30T13:16:33.443145275Z
01JZ0FNPFZ41Z4TKCEQR42JY0T,01JZ0F67X5J6SBR3095JZ2KKHQ,2025-06-30T13:15:54.751989443Z,01JZ0F67ZFPZEHV6BKFXQYDXZZ,2025-06-30T13:15:54.751989443Z,01JZ0FCATDZZRW2H907E68E72B,2025-06-30T13:15:54.751989443Z,01JZ0FG2TMDGKK0EJR14EYFE7R,2025-06-30T13:15:54.751989443Z,01JZ0FG2WY2714P5Q1V528ACYZ,2025-06-30T13:15:54.751989443Z
01JZ0FP6DEMQDKREF3SK401P24,01JZ0F67X5J6SBR3095JZ2KKHQ,2025-06-30T13:16:11.054581083Z,01JZ0F67ZMW5MYVAMRDCKET4QV,2025-06-30T13:16:11.054581083Z,01JZ0FBAX014VD39AWS4YVMD4F,2025-06-30T13:16:11.054581083Z,01JZ0FETSB3PBM5G2EQ4NJ99Z3,2025-06-30T13:16:11.054581083Z,01JZ0FETV92KY3E6GJ2R794JVJ,2025-06-30T13:16:11.054581083Z
01JZ0FRGW4EW1KVQZ168WD1FG6,01JZ0F67X5J6SBR3095JZ2KKHQ,2025-06-30T13:17:27.300258947Z,01JZ0F67ZBCBNFH7W25EXNBXDS,2025-06-30T13:17:27.300258947Z,01JZ0FBD0TN42Y2KGV31RR9FES,2025-06-30T13:17:27.300258947Z,01JZ0FMTH61B85RYBN11B94K2X,2025-06-30T13:17:27.300258947Z,01JZ0FMTJK8MT6FWXHF4X5Q4EJ,2025-06-30T13:17:27.300258947Z
01JZ0G2ZMFS3AS6VKZRTEMWKGC,01JZ0F67X5J6SBR3095JZ2KKHQ,2025-06-30T13:23:10.095499539Z,01JZ0F67Z9QH00F8GAYATW0H4D,2025-06-30T13:23:10.095499539Z,01JZ0FH8ME21HSJEQV93FGWS4V,2025-06-30T13:23:10.095499539Z,01JZ0FTXY4GX9XAQJYXZ8SGCSN,2025-06-30T13:23:10.095499539Z,01JZ0FTY3JQ2480AB79753QP69,2025-06-30T13:23:10.095499539Z
01JZ0MBRX522CP6P26J1S0N3BX,01JZ0KZHFC2GEC175ZSKVHYGR2,2025-06-30T14:37:52.421621491Z,01JZ0KZHGXZ28TMC40NC90GVYX,2025-06-30T14:37:52.421621491Z,01JZ0M5HKJHP80W8A523JYGPBB,2025-06-30T14:37:52.421621491Z,01JZ0M9WSQ9DM8WT39RMXP13EB,2025-06-30T14:37:52.421621491Z,01JZ0M9WX0K0A5Z0K704BC9JDE,2025-06-30T14:37:52.421621491Z
01JZ0MCJ4CMDNF1FE1W4W7KQ4B,01JZ0KZHFC2GEC175ZSKVHYGR2,2025-06-30T14:38:18.252976881Z,01JZ0KZHGK1V8ZC0AXDBXBYAX9,2025-06-30T14:38:18.252976881Z,01JZ0M1ME27Y1N3FYW0PRRTSM1,2025-06-30T14:38:18.252976881Z,01JZ0M8V6QTQ2XMY7H3K1D6P3H,2025-06-30T14:38:18.252976881Z,01JZ0M8V9JM76WM0YQ4FYK6VVS,2025-06-30T14:38:18.252976881Z
01JZ0FM0HS1HA2MX6Q8Q9H6Z33,01JZ0F67X5J6SBR3095JZ2KKHQ,2025-06-30T13:14:59.513111456Z,01JZ0F6805RKXP4JKMN5N89R8W,2025-06-30T13:14:59.513111456Z,01JZ0FBK3D0FB3G5QDK7X1X7G7,2025-06-30T13:14:59.513111456Z,01JZ0FEFHXWJDW412MQGZ1YMFV,2025-06-30T13:14:59.513111456Z,01JZ0FEFKMKA9G1K7GYH5N6VEK,2025-06-30T13:14:59.513111456Z
01JZ0HGN0Z2FA08NR70DQC53QC,01JZ0H1K4AG17CS34Z9G9MQYDS,2025-06-30T13:48:06.559535387Z,01JZ0H1K6THHEJQ855QF7WP6P1,2025-06-30T13:48:06.559535387Z,01JZ0H4ADESF7ZW26D2M0GP4C4,2025-06-30T13:48:06.559535387Z,01JZ0H8M782WEDV62715BZDP89,2025-06-30T13:48:06.559535387Z,01JZ0H8MBECGZPM01GC81J9R69,2025-06-30T13:48:06.559535387Z
01JZ0K5VY8TSVDEDX92JDM5NM4,01JZ0JJRG62BDVPN4H0KJ2XPWK,2025-06-30T14:17:10.344843266Z,01JZ0JJRM7K0MBX3MKCVTKC5NR,2025-06-30T14:17:10.344843266Z,01JZ0JNMNVCAW5RZAB0SWSJ307,2025-06-30T14:17:10.344843266Z,01JZ0K098RXBK86NWQE5BGP8AC,2025-06-30T14:17:10.344843266Z,01JZ0K09F5TS9DMG7V9VS6DCEW,2025-06-30T14:17:10.344843266Z
01JZ0MAQC7074PKE663KSYTDDE,01JZ0KZHFC2GEC175ZSKVHYGR2,2025-06-30T14:37:18.087118639Z,01JZ0KZHGK1V8ZC0AXDBXBYAX9,2025-06-30T14:37:18.087118639Z,01JZ0M1ME27Y1N3FYW0PRRTSM1,2025-06-30T14:37:18.087118639Z,01JZ0M8V6QTQ2XMY7H3K1D6P3H,2025-06-30T14:37:18.087118639Z,01JZ0M8V9B8GNP5G24AABGPAB2,2025-06-30T14:37:18.087118639Z
01JZ0MCMJ653A3QEAZ03CY2Z1Z,01JZ0KZHFC2GEC175ZSKVHYGR2,2025-06-30T14:38:20.74249083Z,01JZ0KZHH6W8XDVC696R9C92DG,2025-06-30T14:38:20.74249083Z,01JZ0M5D5Z0X1X78TY6BNKZKFT,2025-06-30T14:38:20.74249083Z,01JZ0MCKBP7JXVFDMPHNG3WP9F,2025-06-30T14:38:20.74249083Z,01JZ0MCKC6QJY7FR94RS2K074B,2025-06-30T14:38:20.74249083Z
01JZ0NKW2ESYZS0VWXAX0FYC8M,01JZ0N9PMZHSN31DAQRPMDQCYE,2025-06-30T14:59:46.382935972Z,01JZ0N9PQHD06TCBXAQZTT3H76,2025-06-30T14:59:46.382935972Z,01JZ0NGFD8Q625CBVC4SGN58J1,2025-06-30T14:59:46.382935972Z,01JZ0NKT2VE4SHS4CADHAHV9EA,2025-06-30T14:59:46.382935972Z,01JZ0NKT5WJ1XYZCJ9S9J04RX7,2025-06-30T14:59:46.382935972Z
01JZ0PGTKKR559T87467T999VZ,01JZ0NSN7EKS122Z238A4PF66D,2025-06-30T15:15:35.15547061Z,01JZ0NSNAYA5ZEAQVB789Y1XW2,2025-06-30T15:15:35.15547061Z,01JZ0NVYPF8E0336C41XNTMV12,2025-06-30T15:15:35.15547061Z,01JZ0PB8CZS6M8SVA60NSTSB4W,2025-06-30T15:15:35.15547061Z,01JZ0PB8GNV0A035FHQX65ZYY9,2025-06-30T15:15:35.15547061Z
01JZ0SZ9VFDHHB529Y5VWQH3WQ,01JZ0S9G3E1V9Y4W1M8GV3AGA9,2025-06-30T16:15:55.247894215Z,01JZ0S9GBDE95BAEJ35DY3VGC4,2025-06-30T16:15:55.247894215Z,01JZ0SNAX1B595RP7S7B0WD649,2025-06-30T16:15:55.247894215Z,01JZ0SQEEYPA1PRSBERW5HV0M1,2025-06-30T16:15:55.247894215Z,01JZ0SQES7NWZTW9WK0EQVQ7QQ,2025-06-30T16:15:55.247894215Z
01JZ0FJ5R97PTSRH39EDB6CBBP,01JZ0F67X5J6SBR3095JZ2KKHQ,2025-06-30T13:13:59.305340372Z,01JZ0F6805RKXP4JKMN5N89R8W,2025-06-30T13:13:59.305340372Z,01JZ0FAXS6V25W6YPWT6Y66ZX9,2025-06-30T13:13:59.305340372Z,01JZ0FEFHXWJDW412MQGZ1YMFV,2025-06-30T13:13:59.305340372Z,01JZ0FEFKGYDME9EBGC4MA1A0E,2025-06-30T13:13:59.305340372Z
01JZ0HCAV0PTXGXMN3V9P7VY1X,01JZ0H1K4AG17CS34Z9G9MQYDS,2025-06-30T13:45:45.056480169Z,01JZ0H1K6THHEJQ855QF7WP6P1,2025-06-30T13:45:45.056480169Z,01JZ0H3KVYK2WH1VQVZ8KDFR0N,2025-06-30T13:45:45.056480169Z,01JZ0H8M6RNVPAN6FF1JPRG2N3,2025-06-30T13:45:45.056480169Z,01JZ0H8M95K0NCGBK2P74BAWW7,2025-06-30T13:45:45.056480169Z
01JZ0K00P0TPWJ30XEDZ9HCH34,01JZ0JJRG62BDVPN4H0KJ2XPWK,2025-06-30T14:13:58.592945575Z,01JZ0JJRKVJXBJGVYTJ6TBMBFM,2025-06-30T14:13:58.592945575Z,01JZ0JRHPY82NWCJAKFRVZ7MTV,2025-06-30T14:13:58.592945575Z,01JZ0JW9G1715DA28FHK9V31XS,2025-06-30T14:13:58.592945575Z,01JZ0JW9K9EZD3KQFT0CHYPNWX,2025-06-30T14:13:58.592945575Z
01JZ0K0BHCRA46PW542Y0DVQHF,01JZ0JJRG62BDVPN4H0KJ2XPWK,2025-06-30T14:14:09.708362781Z,01JZ0JJRM7K0MBX3MKCVTKC5NR,2025-06-30T14:14:09.708362781Z,01JZ0JNMNVCAW5RZAB0SWSJ307,2025-06-30T14:14:09.708362781Z,01JZ0K098DXTDH1VCTKYXKPC0C,2025-06-30T14:14:09.708362781Z,01JZ0K09BR2ER5JHDCND4CZ7NM,2025-06-30T14:14:09.708362781Z
01JZ0RH1V7WDYMWV5D69XDY4RM,01JZ0R44WS56B1WD5354KYAZ6V,2025-06-30T15:50:39.719869468Z,01JZ0R44ZYB02HBRR2X1W771BR,2025-06-30T15:50:39.719869468Z,01JZ0R650HM6CA46MBYW3JYRJ9,2025-06-30T15:50:39.719869468Z,01JZ0RGZ2PCGH8Y424DF23PET3,2025-06-30T15:50:39.719869468Z,01JZ0RGZ70KV1D1RYV7GFAH369,2025-06-30T15:50:39.719869468Z
01JZ0RNHZ6YWTXX2T0ZMRKAJH5,01JZ0R44WS56B1WD5354KYAZ6V,2025-06-30T15:53:07.305111253Z,01JZ0R450M24K8ZS9F18EDTFG6,2025-06-30T15:53:07.305111253Z,01JZ0R7JRQCNM0P6EPHSR9C03P,2025-06-30T15:53:07.305111253Z,01JZ0RFVDEC09529ZV39X1MYHY,2025-06-30T15:53:07.305111253Z,01JZ0RFVNWZ37RVCFT3CE4MRXX,2025-06-30T15:53:07.305111253Z
01JZ0VCFSRX3M3Z990T7PN8EH4,01JZ0TXM4HA3Q8P6D6TPYYS7R3,2025-06-30T16:40:35.896531153Z,01JZ0TXMAAZJ4VJWA2WTVHG174,2025-06-30T16:40:35.896531153Z,01JZ0V4NRB59966MX97R2AYRHH,2025-06-30T16:40:35.896531153Z,01JZ0V8M85MMPYBMHW7JFE9Q9Z,2025-06-30T16:40:35.896531153Z,01JZ0V8ME4WX8PDMJKAWWF3EBG,2025-06-30T16:40:35.896531153Z
01JZ0FSA8V0YA6VW604WA8WRBF,01JZ0F67X5J6SBR3095JZ2KKHQ,2025-06-30T13:17:53.307880811Z,01JZ0F67ZGT4J2NC89JRSKF93F,2025-06-30T13:17:53.307880811Z,01JZ0FC4XRFY88GCABCTE4M9JC,2025-06-30T13:17:53.307880811Z,01JZ0FHY09H13NPSRC55BEESBF,2025-06-30T13:17:53.307880811Z,01JZ0FHY313G9KTA8DZNMVB3SX,2025-06-30T13:17:53.307880811Z
01JZ0HD1SFS304G1GEHC8K5T0K,01JZ0H1K4AG17CS34Z9G9MQYDS,2025-06-30T13:46:08.559424145Z,01JZ0H1K7KVN4Q30DF0C4SZNQW,2025-06-30T13:46:08.559424145Z,01JZ0H4GBQSQYED6WDD8E3HJCG,2025-06-30T13:46:08.559424145Z,01JZ0H9B6QJSN4ERPYEHH37CV2,2025-06-30T13:46:08.559424145Z,01JZ0H9B8B7D3K3XBM7QNWAJQ1,2025-06-30T13:46:08.559424145Z
01JZ0HKVRSJNCNGK5HSG6MJNXP,01JZ0H1K4AG17CS34Z9G9MQYDS,2025-06-30T13:49:51.769264978Z,01JZ0H1K7FV78W73P31JXQYTKA,2025-06-30T13:49:51.769264978Z,01JZ0H8Y1HSR83Q5C08BNXNQBS,2025-06-30T13:49:51.769264978Z,01JZ0HC59EJJQ51Y8HSY95M67R,2025-06-30T13:49:51.769264978Z,01JZ0HC5E3SJJ3PGY99Z74TCG7,2025-06-30T13:49:51.769264978Z
01JZ0HM6H5ACN05GVJC7XDRE91,01JZ0H1K4AG17CS34Z9G9MQYDS,2025-06-30T13:50:02.789071246Z,01JZ0H1K7FV78W73P31JXQYTKA,2025-06-30T13:50:02.789071246Z,01JZ0H4KADAPWGV6ZSDZSCPDP8,2025-06-30T13:50:02.789071246Z,01JZ0HC598JEXS6SR3CD3NS2S4,2025-06-30T13:50:02.789071246Z,01JZ0HC5ETFR34BCER7NDTPABS,2025-06-30T13:50:02.789071246Z
01JZ0QBRM6XFM9XG6ERYPR7BXC,01JZ0Q0CTMMAVY329HW6Z84SYY,2025-06-30T15:30:17.862397553Z,01JZ0Q0CWNKJYDS4SW61Q7VTQN,2025-06-30T15:30:17.862397553Z,01JZ0Q1P5DS31PBEBVW5ZRAMYJ,2025-06-30T15:30:17.862397553Z,01JZ0Q80XG0NQQZWZ0ZS4K2WB4,2025-06-30T15:30:17.862397553Z,01JZ0Q811D5KFHEHN6QYQG3E12,2025-06-30T15:30:17.862397553Z
01JZ0FK4HG9TTZXGBWQ499FD61,01JZ0F67X5J6SBR3095JZ2KKHQ,2025-06-30T13:14:30.833816978Z,01JZ0F67ZKKPGDC64ETWQZ69WV,2025-06-30T13:14:30.833816978Z,01JZ0FBY93DWZC8869QS2ZXNMA,2025-06-30T13:14:30.833816978Z,01JZ0FFEABFZ5CT87GW8737MVN,2025-06-30T13:14:30.833816978Z,01JZ0FFEC6XGG49HV5FMTAEST6,2025-06-30T13:14:30.833816978Z
01JZ0HNV4QB2W2TAMGM6A7FWM1,01JZ0H1K4AG17CS34Z9G9MQYDS,2025-06-30T13:50:56.663258539Z,01JZ0H1K72P9WWMQFG7ACVRNHM,2025-06-30T13:50:56.663258539Z,01JZ0H8JNVPGAV40Z6TWKS3PH3,2025-06-30T13:50:56.663258539Z,01JZ0HKZ2G50KS7CBCD3M87YFZ,2025-06-30T13:50:56.663258539Z,01JZ0HKZ4X2P979H6W9H4D7PSC,2025-06-30T13:50:56.663258539Z
01JZ0HNXHHWG3HWVRCW3KXB5XY,01JZ0H1K4AG17CS34Z9G9MQYDS,2025-06-30T13:50:59.121076927Z,01JZ0H1K6XDYNJQ07N0KM3P1VX,2025-06-30T13:50:59.121076927Z,01JZ0H9M4DPGN0X41681CC63MX,2025-06-30T13:50:59.121076927Z,01JZ0HJ6JG98XAP0W3RSSFXRZE,2025-06-30T13:50:59.121076927Z,01JZ0HJ6QJXWQWXHSXNVERZ648,2025-06-30T13:50:59.121076927Z
01JZ0MHWWSTR7PBGADQ47WTP3M,01JZ0KZHFC2GEC175ZSKVHYGR2,2025-06-30T14:41:13.113753459Z,01JZ0KZHHH6W8J7M02JDFMAQF5,2025-06-30T14:41:13.113753459Z,01JZ0M0EWSF288X4NSN0YC4ARG,2025-06-30T14:41:13.113753459Z,01JZ0MA5916T3H75HESE7GFNFJ,2025-06-30T14:41:13.113753459Z,01JZ0MA5GFKK4TBG9714N52PVS,2025-06-30T14:41:13.113753459Z
01JZ0RH1YCEXCSTEGA5S9H6AV2,01JZ0R44WS56B1WD5354KYAZ6V,2025-06-30T15:50:39.820781738Z,01JZ0R44ZYB02HBRR2X1W771BR,2025-06-30T15:50:39.820781738Z,01JZ0R73B6ZBY0XV8TDKBRTHN0,2025-06-30T15:50:39.820781738Z,01JZ0RGZ2PCGH8Y424DF23PET3,2025-06-30T15:50:39.820781738Z,01JZ0RGZ70KV1D1RYV7GFAH369,2025-06-30T15:50:39.820781738Z
01JZ0VKK6K4QYA1HSFDQ8N3XNZ,01JZ0TXM4HA3Q8P6D6TPYYS7R3,2025-06-30T16:44:28.7555952Z,01JZ0TXMB9EHVXHHHV3J3SQY3A,2025-06-30T16:44:28.7555952Z,01JZ0V235S6CZJYVFR20PRGSYA,2025-06-30T16:44:28.7555952Z,01JZ0VC1T42YN6CTRNE5QH5YZH,2025-06-30T16:44:28.7555952Z,01JZ0VC289MGAPZQQ32ZEHMK2Q,2025-06-30T16:44:28.7555952Z
01JZ0FT7XWWCZDV8ZCT7FSSEP9,01JZ0F67X5J6SBR3095JZ2KKHQ,2025-06-30T13:18:23.676263607Z,01JZ0F67Z228X9RHKVM8F1277D,2025-06-30T13:18:23.676263607Z,01JZ0FBEXX6YYXM4ZAGWM86RSZ,2025-06-30T13:18:23.676263607Z,01JZ0FJ6PFY30C73HB1M5QYGRK,2025-06-30T13:18:23.676263607Z,01JZ0FJ6Y1XFEKY53ZVJQV346R,2025-06-30T13:18:23.676263607Z
01JZ0K2MPBYPC5RSYM81FHJP4G,01JZ0JJRG62BDVPN4H0KJ2XPWK,2025-06-30T14:15:24.619860793Z,01JZ0JJRK7MTN7FAC1224V82KC,2025-06-30T14:15:24.619860793Z,01JZ0JRSFTK3MVKWF6KJBEKR0E,2025-06-30T14:15:24.619860793Z,01JZ0JYWVCPFC72SM7P2B0329V,2025-06-30T14:15:24.619860793Z,01JZ0JYX1PFCYQE7JJWSSH8D3P,2025-06-30T14:15:24.619860793Z
01JZ0MGW8KDTF5NZFZ19ZYRMM6,01JZ0KZHFC2GEC175ZSKVHYGR2,2025-06-30T14:40:39.699208507Z,01JZ0KZHGK1V8ZC0AXDBXBYAX9,2025-06-30T14:40:39.699208507Z,01JZ0M2WM0HPMZRZ9HANZSA6QH,2025-06-30T14:40:39.699208507Z,01JZ0M8V7PCBYG3QB5C232K5NV,2025-06-30T14:40:39.699208507Z,01JZ0M8VCV3M2XHTTVXNZTVJCN,2025-06-30T14:40:39.699208507Z
01JZ0PFP91F8ZEHB4XECD1ARY5,01JZ0NSN7EKS122Z238A4PF66D,2025-06-30T15:14:57.953523672Z,01JZ0NSNACQB6FV8GE0XS7JKF9,2025-06-30T15:14:57.953523672Z,01JZ0P111DGX2GYFS2HKPTTG1D,2025-06-30T15:14:57.953523672Z,01JZ0P7YNT108NJT9EBY5VDJSY,2025-06-30T15:14:57.953523672Z,01JZ0P7YVB6QVN7V4FBPWHJ9P4,2025-06-30T15:14:57.953523672Z
01JZ0QG4M5CH2VYKTVBR30F2T6,01JZ0Q0CTMMAVY329HW6Z84SYY,2025-06-30T15:32:41.221242408Z,01JZ0Q0CWNKJYDS4SW61Q7VTQN,2025-06-30T15:32:41.221242408Z,01JZ0Q7M09XJBYMG64Y89317N8,2025-06-30T15:32:41.221242408Z,01JZ0Q80Y65Z75Z95MDYNNHM0T,2025-06-30T15:32:41.221242408Z,01JZ0Q817CP0Z0998GVVV95167,2025-06-30T15:32:41.221242408Z
01JZ0FJ5QVW87V4Z9JK70N94EJ,01JZ0F67X5J6SBR3095JZ2KKHQ,2025-06-30T13:13:59.291598897Z,01JZ0F6805RKXP4JKMN5N89R8W,2025-06-30T13:13:59.291598897Z,01JZ0FBK3D0FB3G5QDK7X1X7G7,2025-06-30T13:13:59.291598897Z,01JZ0FEFHXWJDW412MQGZ1YMFV,2025-06-30T13:13:59.291598897Z,01JZ0FEFKGYDME9EBGC4MA1A0E,2025-06-30T13:13:59.291598897Z
01JZ0HT83Z6T7V56PY4ZWRH6VZ,01JZ0H1K4AG17CS34Z9G9MQYDS,2025-06-30T13:53:21.023685579Z,01JZ0H1K6XDYNJQ07N0KM3P1VX,2025-06-30T13:53:21.023685579Z,01JZ0HEH4WMXEPRA5Z4S2NQMBH,2025-06-30T13:53:21.023685579Z,01JZ0HJ6KG2QJ1V6FCF3W0CW1C,2025-06-30T13:53:21.023685579Z,01JZ0HJ6TD6VXG3YP06NWEPVCS,2025-06-30T13:53:21.023685579Z
01JZ0MFQT6B39G41BKHT52R177,01JZ0KZHFC2GEC175ZSKVHYGR2,2025-06-30T14:40:02.374429008Z,01JZ0KZHHH6W8J7M02JDFMAQF5,2025-06-30T14:40:02.374429008Z,01JZ0M54HPQHGGA41RRPR08XFH,2025-06-30T14:40:02.374429008Z,01JZ0MA57G6F6CZSS6TXQYY4X3,2025-06-30T14:40:02.374429008Z,01JZ0MA5D9NCX4DEB44ARNCQNX,2025-06-30T14:40:02.374429008Z
01JZ0VFX9KMKQQQZ343B5WFNMD,01JZ0TXM4HA3Q8P6D6TPYYS7R3,2025-06-30T16:42:28.019141113Z,01JZ0TXM9G1YQW4PKWAZEHBP4X,2025-06-30T16:42:28.019141113Z,01JZ0V2V0JVWK8BV5PK5A7H9Y7,2025-06-30T16:42:28.019141113Z,01JZ0VA38AG5CMBPK3H4ZDH1EB,2025-06-30T16:42:28.019141113Z,01JZ0VA3G9VX5YA7Q2K05M1TQK,2025-06-30T16:42:28.019141113Z
01JZ0VJFHYM6JHFJPPKTCS277G,01JZ0TXM4HA3Q8P6D6TPYYS7R3,2025-06-30T16:43:52.254031201Z,01JZ0TXM9G1YQW4PKWAZEHBP4X,2025-06-30T16:43:52.254031201Z,01JZ0VA02QS1Q83QABHKXFB7D4,2025-06-30T16:43:52.254031201Z,01JZ0VA3A76VA7SZXG7HPB9DY1,2025-06-30T16:43:52.254031201Z,01JZ0VA3QF98P0RT7YVWR7M0KD,2025-06-30T16:43:52.254031201Z
01JZ0VKK4MGG84JK88FV1RGRQC,01JZ0TXM4HA3Q8P6D6TPYYS7R3,2025-06-30T16:44:28.692464368Z,01JZ0TXMB9EHVXHHHV3J3SQY3A,2025-06-30T16:44:28.692464368Z,01JZ0VA8DK4TAWTT8THNTNJ1SW,2025-06-30T16:44:28.692464368Z,01JZ0VC1T42YN6CTRNE5QH5YZH,2025-06-30T16:44:28.692464368Z,01JZ0VC289MGAPZQQ32ZEHMK2Q,2025-06-30T16:44:28.692464368Z
01JZ0HKVSHMJY1PR0VP10DHP4X,01JZ0H1K4AG17CS34Z9G9MQYDS,2025-06-30T13:49:51.793935579Z,01JZ0H1K7FV78W73P31JXQYTKA,2025-06-30T13:49:51.793935579Z,01JZ0H6Y8GZX8H152JRBMCSD5G,2025-06-30T13:49:51.793935579Z,01JZ0HC59EJJQ51Y8HSY95M67R,2025-06-30T13:49:51.793935579Z,01JZ0HC5E3SJJ3PGY99Z74TCG7,2025-06-30T13:49:51.793935579Z
01JZ0RM9Z247M1VRRRCKT229QC,01JZ0R44WS56B1WD5354KYAZ6V,2025-06-30T15:52:26.338094989Z,01JZ0R44ZAP7PYVAMQ60PRQDRH,2025-06-30T15:52:26.338094989Z,01JZ0R9NKSZXK437J316D7FC4F,2025-06-30T15:52:26.338094989Z,01JZ0RJBMJ9DTWHHQXZG22T28N,2025-06-30T15:52:26.338094989Z,01JZ0RJBTGKVRT2T41FBBSQA00,2025-06-30T15:52:26.338094989Z
01JZ0SXCBMB7DVNV6NGH3RMTFG,01JZ0S9G3E1V9Y4W1M8GV3AGA9,2025-06-30T16:14:52.276973214Z,01JZ0S9G72AZ3MF9HASHX1PW43,2025-06-30T16:14:52.276973214Z,01JZ0SFY60ZWJ9F5NVJ19CBR6J,2025-06-30T16:14:52.276973214Z,01JZ0SSF5TTEGA4KE9KCX2D069,2025-06-30T16:14:52.276973214Z,01JZ0SSFCJFDQ5TQEMZJ8D7G65,2025-06-30T16:14:52.276973214Z
01JZ0TAWVFE9XYTXB1JXZHMWHE,01JZ0S9G3E1V9Y4W1M8GV3AGA9,2025-06-30T16:22:15.151968516Z,01JZ0S9G8MSQJNW9QDDX82T8EZ,2025-06-30T16:22:15.151968516Z,01JZ0SQN0MATNWGY38TW5RFDS2,2025-06-30T16:22:15.151968516Z,01JZ0T2Z9DJXQQDN9W9Y1Y0D2X,2025-06-30T16:22:15.151968516Z,01JZ0T2ZPV3MVJCQYMG30GM9C9,2025-06-30T16:22:15.151968516Z
01JZ0VEN6TN1DKQBSWC6RYD6H4,01JZ0TXM4HA3Q8P6D6TPYYS7R3,2025-06-30T16:41:46.970138804Z,01JZ0TXM7C18DJWS688K2WH576,2025-06-30T16:41:46.970138804Z,01JZ0V3M4NH8ZBAYGCY49TQ02Z,2025-06-30T16:41:46.970138804Z,01JZ0V8ZQZFAA3Z4NYN9H5S8FG,2025-06-30T16:41:46.970138804Z,01JZ0V9022BA38FTYHR5EQHE27,2025-06-30T16:41:46.970138804Z
01JZ0KAAYS5XWQ88FQ6NNWWY12,01JZ0JJRG62BDVPN4H0KJ2XPWK,2025-06-30T14:19:36.79350624Z,01JZ0JJRMFBKARHHQY8ZXKDX2Q,2025-06-30T14:19:36.79350624Z,01JZ0JMNJCQ4JP233PQTACYGEQ,2025-06-30T14:19:36.79350624Z,01JZ0K2YFKRZDX3EB8BK93DHFN,2025-06-30T14:19:36.79350624Z,01JZ0K2YJW2ASK3NEY5QH4V9CT,2025-06-30T14:19:36.79350624Z
01JZ0HDERCH6FN572HHE3518ZC,01JZ0H1K4AG17CS34Z9G9MQYDS,2025-06-30T13:46:21.836946208Z,01JZ0H1K706F68YJ8PB50DJAH3,2025-06-30T13:46:21.836946208Z,01JZ0H4A5D7C5PF70PNDKFAY5N,2025-06-30T13:46:21.836946208Z,01JZ0HDDPNMSPR4T4J88QKCFZD,2025-06-30T13:46:21.836946208Z,01JZ0HDDR6MW4RT7D4B4411TJF,2025-06-30T13:46:21.836946208Z
01JZ0RFTSN6S078N39R9X693G7,01JZ0R44WS56B1WD5354KYAZ6V,2025-06-30T15:49:59.733409Z,01JZ0R44ZMT5HYXWVABB60AH0G,2025-06-30T15:49:59.733409Z,01JZ0RB2RBV77DCY4AE9FA26J2,2025-06-30T15:49:59.733409Z,01JZ0RDSDRWJSGT5RWM6SPP1BW,2025-06-30T15:49:59.733409Z,01JZ0RDSJ36V2BKV8CCXRG2JRZ,2025-06-30T15:49:59.733409Z
01JZ0RHVWTZ8J730WP1HCFXKZT,01JZ0R44WS56B1WD5354KYAZ6V,2025-06-30T15:51:06.394502459Z,01JZ0R450M24K8ZS9F18EDTFG6,2025-06-30T15:51:06.394502459Z,01JZ0R9CVW07WWQDKP3M8KKGEY,2025-06-30T15:51:06.394502459Z,01JZ0RFVDEC09529ZV39X1MYHY,2025-06-30T15:51:06.394502459Z,01JZ0RFVKSDR65DCCWGYE2FNK6,2025-06-30T15:51:06.394502459Z
01JZ0SSNR5X0KVPJPNTJ4XQEB2,01JZ0S9G3E1V9Y4W1M8GV3AGA9,2025-06-30T16:12:50.821436535Z,01JZ0S9GD9MABT2H3JKQDC0TB1,2025-06-30T16:12:50.821436535Z,01JZ0SCCGQ4WDJE5VH80FR1DGN,2025-06-30T16:12:50.821436535Z,01JZ0SSFZFDFRVNM767XKCVHHQ,2025-06-30T16:12:50.821436535Z,01JZ0SSG700K09SSWFB5XJHPJ2,2025-06-30T16:12:50.821436535Z
01JZ0SXDV3RWF4DMCV4VAD73KJ,01JZ0S9G3E1V9Y4W1M8GV3AGA9,2025-06-30T16:14:53.795294344Z,01JZ0S9GD9MABT2H3JKQDC0TB1,2025-06-30T16:14:53.795294344Z,01JZ0SCCGQ4WDJE5VH80FR1DGN,2025-06-30T16:14:53.795294344Z,01JZ0SSG56XTAJ4MTPA3PZYF46,2025-06-30T16:14:53.795294344Z,01JZ0SSGAKN594A9625VW8DP41,2025-06-30T16:14:53.795294344Z
01JZ0G2ZKKFVPAW9CTK1CVYKNR,01JZ0F67X5J6SBR3095JZ2KKHQ,2025-06-30T13:23:10.067558558Z,01JZ0F67Z9QH00F8GAYATW0H4D,2025-06-30T13:23:10.067558558Z,01JZ0FBSD3M4A6AAX7FYM85E2Y,2025-06-30T13:23:10.067558558Z,01JZ0FTXY4GX9XAQJYXZ8SGCSN,2025-06-30T13:23:10.067558558Z,01JZ0FTY3JQ2480AB79753QP69,2025-06-30T13:23:10.067558558Z
01JZ0JST7YXB01CYTFJB3SZH9R,01JZ0JJRG62BDVPN4H0KJ2XPWK,2025-06-30T14:10:35.390544209Z,01JZ0JJRMQ32S1DDP8PZN3RKEA,2025-06-30T14:10:35.390544209Z,01JZ0JR3W3AT1DTGXQJW4YRCNE,2025-06-30T14:10:35.390544209Z,01JZ0JSS6QMGKSS13PXSATY87K,2025-06-30T14:10:35.390544209Z,01JZ0JSS8Q2NF1NX2X04P0G2M0,2025-06-30T14:10:35.390544209Z
01JZ0FZXNY0M3X40ZZXTS0M4JS,01JZ0F67X5J6SBR3095JZ2KKHQ,2025-06-30T13:21:29.790519921Z,01JZ0F67Z8B8A42G6Y5XQ0NS83,2025-06-30T13:21:29.790519921Z,01JZ0FB65N9AA5DRTF3YEVRMGT,2025-06-30T13:21:29.790519921Z,01JZ0FW5GZ8NR8PVKBDD2P70TS,2025-06-30T13:21:29.790519921Z,01JZ0FW5QYARYR4RFSR8PDQ4P6,2025-06-30T13:21:29.790519921Z
01JZ0P9WGK6BFXW23157HGRVFN,01JZ0NSN7EKS122Z238A4PF66D,2025-06-30T15:11:47.731420036Z,01JZ0NSNC1W3B8HBKV7A156B13,2025-06-30T15:11:47.731420036Z,01JZ0NTCE2X78Q76YGQBCA3DW3,2025-06-30T15:11:47.731420036Z,01JZ0P49FFMBGZM8VGX8RR699K,2025-06-30T15:11:47.731420036Z,01JZ0P49PEWN3F1GPHKEPAGMN6,2025-06-30T15:11:47.731420036Z
01JZ0PGTKX98RVWJ9EAE7EEYWV,01JZ0NSN7EKS122Z238A4PF66D,2025-06-30T15:15:35.165493506Z,01JZ0NSNAYA5ZEAQVB789Y1XW2,2025-06-30T15:15:35.165493506Z,01JZ0P6YH7NNC71XKAERN7EGXC,2025-06-30T15:15:35.165493506Z,01JZ0PB8CZS6M8SVA60NSTSB4W,2025-06-30T15:15:35.165493506Z,01JZ0PB8GNV0A035FHQX65ZYY9,2025-06-30T15:15:35.165493506Z
01JZ0Q82P6R6HJDXH1ZY5FVBYN,01JZ0Q0CTMMAVY329HW6Z84SYY,2025-06-30T15:28:17.094137871Z,01JZ0Q0CWNKJYDS4SW61Q7VTQN,2025-06-30T15:28:17.094137871Z,01JZ0Q2NRNYEBA48SPCNZAV9X5,2025-06-30T15:28:17.094137871Z,01JZ0Q80WH6Z691EKVZ6MZS31R,2025-06-30T15:28:17.094137871Z,01JZ0Q80Z9FNHRZNDQBWW2FN8V,2025-06-30T15:28:17.094137871Z
01JZ0SZ8V2N573ZTA8PN28A64H,01JZ0S9G3E1V9Y4W1M8GV3AGA9,2025-06-30T16:15:54.210359529Z,01JZ0S9GD9MABT2H3JKQDC0TB1,2025-06-30T16:15:54.210359529Z,01JZ0SBSTT5486HQKVBF06P6DM,2025-06-30T16:15:54.210359529Z,01JZ0SSG56XTAJ4MTPA3PZYF46,2025-06-30T16:15:54.210359529Z,01JZ0SSGBBWAGC7S6FMYQ3XZ8S,2025-06-30T16:15:54.210359529Z
01JZ0FQR8B3BY143Z6XX8H5DC7,01JZ0F67X5J6SBR3095JZ2KKHQ,2025-06-30T13:17:02.09146921Z,01JZ0F67Z228X9RHKVM8F1277D,2025-06-30T13:17:02.09146921Z,01JZ0FAY5RV9X0EF0X32G9N72E,2025-06-30T13:17:02.09146921Z,01JZ0FJ6P04EK093QJBJ8ZQ2DS,2025-06-30T13:17:02.09146921Z,01JZ0FJ6SSEDPR0ACQW6KMPEH0,2025-06-30T13:17:02.09146921Z
01JZ0FWY394WV7K9B7KGNM7RFX,01JZ0F67X5J6SBR3095JZ2KKHQ,2025-06-30T13:19:51.913310379Z,01JZ0F67ZNGQ7M2D3G3M0R8ZTD,2025-06-30T13:19:51.913310379Z,01JZ0FBJQ7C7D6J79CXDMZGZYP,2025-06-30T13:19:51.913310379Z,01JZ0FNH5JM56R47WYFZY5YGET,2025-06-30T13:19:51.913310379Z,01JZ0FNH8JTFRHTVE0T8ATDXP8,2025-06-30T13:19:51.913310379Z
01JZ0SZZEHEA27CBW9PDSGVAZ2,01JZ0S9G3E1V9Y4W1M8GV3AGA9,2025-06-30T16:16:17.36156806Z,01JZ0S9GCCCNBKT0N3T9B2PH95,2025-06-30T16:16:17.36156806Z,01JZ0SP12CPDZAZJNKRMES3PT5,2025-06-30T16:16:17.36156806Z,01JZ0SRG0CEZMWVQAPHXXK1E4M,2025-06-30T16:16:17.36156806Z,01JZ0SRGAYBZMPBX0YA7PMP4Q5,2025-06-30T16:16:17.36156806Z
01JZ0FPW96NMEV873YG5G629CV,01JZ0F67X5J6SBR3095JZ2KKHQ,2025-06-30T13:16:33.446961322Z,01JZ0F67ZMW5MYVAMRDCKET4QV,2025-06-30T13:16:33.446961322Z,01JZ0FBAX014VD39AWS4YVMD4F,2025-06-30T13:16:33.446961322Z,01JZ0FETSCDVHZ2TXY84CHY2GX,2025-06-30T13:16:33.446961322Z,01JZ0FETWJ0NVJMPXSPP03K8WP,2025-06-30T13:16:33.446961322Z
01JZ0KAAZ93CCWPD32CH5HKWBR,01JZ0JJRG62BDVPN4H0KJ2XPWK,2025-06-30T14:19:36.809266026Z,01JZ0JJRMFBKARHHQY8ZXKDX2Q,2025-06-30T14:19:36.809266026Z,01JZ0K0JEP4CRAAHS8HKT1FSBP,2025-06-30T14:19:36.809266026Z,01JZ0K2YFKRZDX3EB8BK93DHFN,2025-06-30T14:19:36.809266026Z,01JZ0K2YJW2ASK3NEY5QH4V9CT,2025-06-30T14:19:36.809266026Z
01JZ0MG82XBY6MY5M8JHXVJA0Q,01JZ0KZHFC2GEC175ZSKVHYGR2,2025-06-30T14:40:19.037498565Z,01JZ0KZHGK1V8ZC0AXDBXBYAX9,2025-06-30T14:40:19.037498565Z,01JZ0M2WM0HPMZRZ9HANZSA6QH,2025-06-30T14:40:19.037498565Z,01JZ0M8V6YAB67PHM4KR0DAV8P,2025-06-30T14:40:19.037498565Z,01JZ0M8VAT1MQG3ZAVCKXSZQHW,2025-06-30T14:40:19.037498565Z
01JZ0MGW9FZX6YVKK66SEVW61Y,01JZ0KZHFC2GEC175ZSKVHYGR2,2025-06-30T14:40:39.727513161Z,01JZ0KZHGK1V8ZC0AXDBXBYAX9,2025-06-30T14:40:39.727513161Z,01JZ0M27NCTFHR6EHR14Y9BMJS,2025-06-30T14:40:39.727513161Z,01JZ0M8V7PCBYG3QB5C232K5NV,2025-06-30T14:40:39.727513161Z,01JZ0M8VCV3M2XHTTVXNZTVJCN,2025-06-30T14:40:39.727513161Z
01JZ0RM9YAZBA74T522TZ9DR6S,01JZ0R44WS56B1WD5354KYAZ6V,2025-06-30T15:52:26.314303594Z,01JZ0R44ZAP7PYVAMQ60PRQDRH,2025-06-30T15:52:26.314303594Z,01JZ0RE6P0QX4X0JPFQFZG4YVE,2025-06-30T15:52:26.314303594Z,01JZ0RJBMJ9DTWHHQXZG22T28N,2025-06-30T15:52:26.314303594Z,01JZ0RJBTGKVRT2T41FBBSQA00,2025-06-30T15:52:26.314303594Z
01JZ0SSNSDMPPK5T8MHY4G5121,01JZ0S9G3E1V9Y4W1M8GV3AGA9,2025-06-30T16:12:50.861501846Z,01JZ0S9GD9MABT2H3JKQDC0TB1,2025-06-30T16:12:50.861501846Z,01JZ0SBSTT5486HQKVBF06P6DM,2025-06-30T16:12:50.861501846Z,01JZ0SSFZFDFRVNM767XKCVHHQ,2025-06-30T16:12:50.861501846Z,01JZ0SSG700K09SSWFB5XJHPJ2,2025-06-30T16:12:50.861501846Z
01JZ0T1TRFAC6SX68MAZ2PWE7Q,01JZ0S9G3E1V9Y4W1M8GV3AGA9,2025-06-30T16:17:18.095227424Z,01JZ0S9GD9MABT2H3JKQDC0TB1,2025-06-30T16:17:18.095227424Z,01JZ0SBSTT5486HQKVBF06P6DM,2025-06-30T16:17:18.095227424Z,01JZ0SSG20B146K48M2G5HXG5R,2025-06-30T16:17:18.095227424Z,01JZ0SSGJJ1YVEMXS5VB6KE0CV,2025-06-30T16:17:18.095227424Z
01JZ0HN4FGF6Y1MQKW33Q3ZKFD,01JZ0H1K4AG17CS34Z9G9MQYDS,2025-06-30T13:50:33.456796593Z,01JZ0H1K706F68YJ8PB50DJAH3,2025-06-30T13:50:33.456796593Z,01JZ0H3PV9DACRQS4WSM89RZB3,2025-06-30T13:50:33.456796593Z,01JZ0HDDQMTC6TEXBWB6J1ED7W,2025-06-30T13:50:33.456796593Z,01JZ0HDDVAWGE20SAPB508Z87D,2025-06-30T13:50:33.456796593Z
01JZ0Q82MT8D9SBDTNZTC69WJY,01JZ0Q0CTMMAVY329HW6Z84SYY,2025-06-30T15:28:17.050712341Z,01JZ0Q0CWNKJYDS4SW61Q7VTQN,2025-06-30T15:28:17.050712341Z,01JZ0Q7SXAVHT2K7AH34K6E1SX,2025-06-30T15:28:17.050712341Z,01JZ0Q80WH6Z691EKVZ6MZS31R,2025-06-30T15:28:17.050712341Z,01JZ0Q80Z9FNHRZNDQBWW2FN8V,2025-06-30T15:28:17.050712341Z
01JZ0QW5EJNB5G1AGRTPZQ9P44,01JZ0QGE33ZWYV7A3256FYEZA6,2025-06-30T15:39:15.283006375Z,01JZ0QGE4MQBM7ZJEFVQMWJX02,2025-06-30T15:39:15.283006375Z,01JZ0PT5KC8Z5R5S27XDY9AR52,2025-06-30T15:39:15.283006375Z,01JZ0QT8D72WY9E0JR27EZFH9M,2025-06-30T15:39:15.283006375Z,01JZ0QT8HTHTW4QK8AXRWB0BPV,2025-06-30T15:39:15.283006375Z
01JZ0FS7SR8P2EGQQT70R3CERF,01JZ0F67X5J6SBR3095JZ2KKHQ,2025-06-30T13:17:50.77651253Z,01JZ0F67ZNGQ7M2D3G3M0R8ZTD,2025-06-30T13:17:50.77651253Z,01JZ0FDQ7XEK8QFWNEW92QR4H3,2025-06-30T13:17:50.77651253Z,01JZ0FNH5C6Q73NCV3H5ND8BSP,2025-06-30T13:17:50.77651253Z,01JZ0FNH7NMFCTJSS0N9P30NJW,2025-06-30T13:17:50.77651253Z
01JZ0K4FDVFH17W2NKT8TDHM2C,01JZ0JJRG62BDVPN4H0KJ2XPWK,2025-06-30T14:16:24.763114946Z,01JZ0JJRK7MTN7FAC1224V82KC,2025-06-30T14:16:24.763114946Z,01JZ0JMRZCYKKS11NMJE3Z1M2V,2025-06-30T14:16:24.763114946Z,01JZ0JYWVCPFC72SM7P2B0329V,2025-06-30T14:16:24.763114946Z,01JZ0JYX23PF1NPBTZZX0SD193,2025-06-30T14:16:24.763114946Z
01JZ0MGAMS3P3C9XE5PGWFPZG6,01JZ0KZHFC2GEC175ZSKVHYGR2,2025-06-30T14:40:21.657408907Z,01JZ0KZHH6W8XDVC696R9C92DG,2025-06-30T14:40:21.657408907Z,01JZ0M5D5Z0X1X78TY6BNKZKFT,2025-06-30T14:40:21.657408907Z,01JZ0MCKBEDXBCTH25HMPCZETY,2025-06-30T14:40:21.657408907Z,01JZ0MCKDWQ4DAS4BZSTHFFHJY,2025-06-30T14:40:21.657408907Z
01JZ0RFSYKB23848NRR263Y4HM,01JZ0R44WS56B1WD5354KYAZ6V,2025-06-30T15:49:58.86714092Z,01JZ0R450A0M8Q4QC968ZVRS9H,2025-06-30T15:49:58.86714092Z,01JZ0R6Z68KBAXFH25R17ZH0FP,2025-06-30T15:49:58.86714092Z,01JZ0RFNNCF6C37TZZ1SEPXCQZ,2025-06-30T15:49:58.86714092Z,01JZ0RFP0PNXGY6BWMTVXKC9HK,2025-06-30T15:49:58.86714092Z
01JZ0RNE0BQ6K0T11J64YG8CB9,01JZ0R44WS56B1WD5354KYAZ6V,2025-06-30T15:53:03.243963406Z,01JZ0R44ZMT5HYXWVABB60AH0G,2025-06-30T15:53:03.243963406Z,01JZ0R6QFFN30D6XK6YWT9MS2Y,2025-06-30T15:53:03.243963406Z,01JZ0RDSCY1BRCKPVF2FF3QCCD,2025-06-30T15:53:03.243963406Z,01JZ0RDSNGGRTK8B7Q4RAEXD1S,2025-06-30T15:53:03.243963406Z
01JZ0RQR9QGM2V9RB67JQB2ENJ,01JZ0R44WS56B1WD5354KYAZ6V,2025-06-30T15:54:19.319498757Z,01JZ0R450M24K8ZS9F18EDTFG6,2025-06-30T15:54:19.319498757Z,01JZ0R7JRQCNM0P6EPHSR9C03P,2025-06-30T15:54:19.319498757Z,01JZ0RFVC6E4GC14C3S59672JQ,2025-06-30T15:54:19.319498757Z,01JZ0RFVTCMQFHEMMP5Z7XNW0P,2025-06-30T15:54:19.319498757Z
01JZ0G14713KXV8XASAP7D0K8X,01JZ0F67X5J6SBR3095JZ2KKHQ,2025-06-30T13:22:09.249075546Z,01JZ0F67ZC5C7QZPK5TEQ23RT2,2025-06-30T13:22:09.249075546Z,01JZ0FHGYRW8Y6ZSR162NPMQGD,2025-06-30T13:22:09.249075546Z,01JZ0FSQ4V25AWYKGJJ1ZAK9SV,2025-06-30T13:22:09.249075546Z,01JZ0FSQ9F33C4Z9DTR6THNFVH,2025-06-30T13:22:09.249075546Z
01JZ0NQJ2NA3SRA82XMN913DRX,01JZ0N9PMZHSN31DAQRPMDQCYE,2025-06-30T15:01:47.221908162Z,01JZ0N9PQHD06TCBXAQZTT3H76,2025-06-30T15:01:47.221908162Z,01JZ0NCM52T6WSAVFXXAWVWZY2,2025-06-30T15:01:47.221908162Z,01JZ0NKT353JX7TDZWFQNH8NHN,2025-06-30T15:01:47.221908162Z,01JZ0NKT7B2RQTS0371G157P3M,2025-06-30T15:01:47.221908162Z
01JZ0RP3MM07P971D4WJ2HGX59,01JZ0R44WS56B1WD5354KYAZ6V,2025-06-30T15:53:25.396526932Z,01JZ0R44ZMT5HYXWVABB60AH0G,2025-06-30T15:53:25.396526932Z,01JZ0RB2RBV77DCY4AE9FA26J2,2025-06-30T15:53:25.396526932Z,01JZ0RDSBNJ06ET7JJVQB14EXX,2025-06-30T15:53:25.396526932Z,01JZ0RDSSDYZN9CZ7FN1XKBJEH,2025-06-30T15:53:25.396526932Z
01JZ0VFW3Z1X4DNVRJH2X3KVAC,01JZ0TXM4HA3Q8P6D6TPYYS7R3,2025-06-30T16:42:26.815092388Z,01JZ0TXMB9EHVXHHHV3J3SQY3A,2025-06-30T16:42:26.815092388Z,01JZ0V235S6CZJYVFR20PRGSYA,2025-06-30T16:42:26.815092388Z,01JZ0VC1S39MS0B0H13TGRSYRF,2025-06-30T16:42:26.815092388Z,01JZ0VC24AYZ7M7KYKFVGT3P50,2025-06-30T16:42:26.815092388Z
01JZ0FXX9355DMDDGNG4DBZV6H,01JZ0F67X5J6SBR3095JZ2KKHQ,2025-06-30T13:20:23.843369151Z,01JZ0F67ZNGQ7M2D3G364WEKWP,2025-06-30T13:20:23.843369151Z,01JZ0FKQ7AX8YHTTQGW1AQZB94,2025-06-30T13:20:23.843369151Z,01JZ0FPGCJ1Z8BH45CM0BESKJ2,2025-06-30T13:20:23.843369151Z,01JZ0FPGJA1NQQ490FC903YNFJ,2025-06-30T13:20:23.843369151Z
01JZ0K7E6W12SCKPYQTTYX43ZH,01JZ0JJRG62BDVPN4H0KJ2XPWK,2025-06-30T14:18:01.820682557Z,01JZ0JJRKH7XD764W2MEEG7PFH,2025-06-30T14:18:01.820682557Z,01JZ0JVNB15V13M0SKK8XKHN5V,2025-06-30T14:18:01.820682557Z,01JZ0JZD82PEVW1DBV6P33JE86,2025-06-30T14:18:01.820682557Z,01JZ0JZDE509T5H73252X8C6PE,2025-06-30T14:18:01.820682557Z
01JZ0RQJ935P83KTZZFB92D2TS,01JZ0R44WS56B1WD5354KYAZ6V,2025-06-30T15:54:13.155189889Z,01JZ0R450A0M8Q4QC968ZVRS9H,2025-06-30T15:54:13.155189889Z,01JZ0R7F7RD6MRYFQ16SXJ26HY,2025-06-30T15:54:13.155189889Z,01JZ0RFNVA3M9D27P90HFWJA8Y,2025-06-30T15:54:13.155189889Z,01JZ0RFPFM9RXDBNP6ZMTH2ZCR,2025-06-30T15:54:13.155189889Z
01JZ0RSVYCZ2DQF65HJCNDQY9P,01JZ0R44WS56B1WD5354KYAZ6V,2025-06-30T15:55:28.588495808Z,01JZ0R44ZAP7PYVAMQ60PRQDRH,2025-06-30T15:55:28.588495808Z,01JZ0R7SM9A3MD6J7CWH0BFG4D,2025-06-30T15:55:28.588495808Z,01JZ0RJBN6E2M05T50P1ZF4TMN,2025-06-30T15:55:28.588495808Z,01JZ0RJBYQ89CAB99QXF8PEFK5,2025-06-30T15:55:28.588495808Z
01JZ0FGAWBKXPGVKYD2BZWKBJJ,01JZ0F67X5J6SBR3095JZ2KKHQ,2025-06-30T13:12:59.019148069Z,01JZ0F6805RKXP4JKMN5N89R8W,2025-06-30T13:12:59.019148069Z,01JZ0FAXS6V25W6YPWT6Y66ZX9,2025-06-30T13:12:59.019148069Z,01JZ0FEFHXWJDW412MQGZ1YMFV,2025-06-30T13:12:59.019148069Z,01JZ0FEFKFW9ZNMB0GZ41Y9BKN,2025-06-30T13:12:59.019148069Z
01JZ0K7PWPYB3KNY4ADV2810GJ,01JZ0JJRG62BDVPN4H0KJ2XPWK,2025-06-30T14:18:10.710762053Z,01JZ0JJRM7K0MBX3MKCVTKC5NR,2025-06-30T14:18:10.710762053Z,01JZ0JN7RSB9BF97M9JFFC8QWA,2025-06-30T14:18:10.710762053Z,01JZ0K09960SM46GQE8ZN1TQEF,2025-06-30T14:18:10.710762053Z,01JZ0K09HAPZ9WJEBZH9W1N3WV,2025-06-30T14:18:10.710762053Z
01JZ0FN8WKYMV8534S3GQNQQW1,01JZ0F67X5J6SBR3095JZ2KKHQ,2025-06-30T13:15:40.819759873Z,01JZ0F67ZJJG6P50PFSVWKXYA5,2025-06-30T13:15:40.819759873Z,01JZ0FC4XKNHNZF8W9T4WA3XB0,2025-06-30T13:15:40.819759873Z,01JZ0FHJQ8D0RWN5BCAZ63DASG,2025-06-30T13:15:40.819759873Z,01JZ0FHJS7XTH01ZN6PC7Y1FGW,2025-06-30T13:15:40.819759873Z
01JZ0SWRNWV79Q926TSEK3RPVD,01JZ0S9G3E1V9Y4W1M8GV3AGA9,2025-06-30T16:14:32.124521876Z,01JZ0S9G69Y1BMBR3KZBCDH0XZ,2025-06-30T16:14:32.124521876Z,01JZ0SJJTJT1R8CXNS1AZ1Y0R9,2025-06-30T16:14:32.124521876Z,01JZ0SN4WX49FYA3BQ47HSYF17,2025-06-30T16:14:32.124521876Z,01JZ0SN5PVCQW1E8JZ6SKH587R,2025-06-30T16:14:32.124521876Z
01JZ0HGDF7R8KPNQFJHB5SNWTN,01JZ0H1K4AG17CS34Z9G9MQYDS,2025-06-30T13:47:58.823949623Z,01JZ0H1K7HVYD71R3W6V80C6V1,2025-06-30T13:47:58.823949623Z,01JZ0H83RPH6CM1BGEWBZ1V4QM,2025-06-30T13:47:58.823949623Z,01JZ0HAVS54E0S6EA1VSCPJE2W,2025-06-30T13:47:58.823949623Z,01JZ0HAVVM0BY2RF8T835AFZ86,2025-06-30T13:47:58.823949623Z
01JZ0FSMMM7SJBJA0C3MQCBZ78,01JZ0F67X5J6SBR3095JZ2KKHQ,2025-06-30T13:18:03.924197296Z,01JZ0F67ZGT4J2NC89JRSKF93F,2025-06-30T13:18:03.924197296Z,01JZ0FHE6P54F9Z4HQF75VYPYW,2025-06-30T13:18:03.924197296Z,01JZ0FHY0YX6VXD837C7T744D0,2025-06-30T13:18:03.924197296Z,01JZ0FHY3M9QVXEYX75MCXVM2N,2025-06-30T13:18:03.924197296Z
01JZ0FSN1459TJ5Y38YYEGRWH5,01JZ0F67X5J6SBR3095JZ2KKHQ,2025-06-30T13:18:04.325018546Z,01JZ0F67Z49S75BR56TBMFCZ55,2025-06-30T13:18:04.325018546Z,01JZ0FFGTFMV7PJRGYB0RPYNEQ,2025-06-30T13:18:04.325018546Z,01JZ0FQRVP5GMFQVC581G5X73Z,2025-06-30T13:18:04.325018546Z,01JZ0FQRY0R9HPTNKXRYWC5DCZ,2025-06-30T13:18:04.325018546Z
01JZ0FXAPENZG97QY08R6MW1VS,01JZ0F67X5J6SBR3095JZ2KKHQ,2025-06-30T13:20:04.814173183Z,01JZ0F67Z49S75BR56TBMFCZ55,2025-06-30T13:20:04.814173183Z,01JZ0FBHX2TJBWPC22SZF26RQD,2025-06-30T13:20:04.814173183Z,01JZ0FQRVP5GMFQVC581G5X73Z,2025-06-30T13:20:04.814173183Z,01JZ0FQRYE5D08GHPGRQ7F9MSZ,2025-06-30T13:20:04.814173183Z
01JZ0FXE6RXCKP01EHJGKMYMZZ,01JZ0F67X5J6SBR3095JZ2KKHQ,2025-06-30T13:20:08.408586622Z,01JZ0F67ZC5C7QZPK5TEQ23RT2,2025-06-30T13:20:08.408586622Z,01JZ0FM0QB6FQ3X7MJHB3GA7A4,2025-06-30T13:20:08.408586622Z,01JZ0FSQ51351EYGBSHM59PBYH,2025-06-30T13:20:08.408586622Z,01JZ0FSQ7STW7D3EN5RCEBHXW2,2025-06-30T13:20:08.408586622Z
01JZ0HH1FHTZTHF74E6J38QX2R,01JZ0H1K4AG17CS34Z9G9MQYDS,2025-06-30T13:48:19.313484716Z,01JZ0H1K7KVN4Q30DF0C4SZNQW,2025-06-30T13:48:19.313484716Z,01JZ0H3PNYN1MWQCF2QE837CM4,2025-06-30T13:48:19.313484716Z,01JZ0H9B6K7H0GDYX6M9K2KAVN,2025-06-30T13:48:19.313484716Z,01JZ0H9B9Z0ZNNBD82FGZ21K0H,2025-06-30T13:48:19.313484716Z
01JZ0JST94AS5829HB5CQR9NBN,01JZ0JJRG62BDVPN4H0KJ2XPWK,2025-06-30T14:10:35.428496573Z,01JZ0JJRMQ32S1DDP8PZN3RKEA,2025-06-30T14:10:35.428496573Z,01JZ0JMGEDXX4BV44Z74MYK8RA,2025-06-30T14:10:35.428496573Z,01JZ0JSS6QMGKSS13PXSATY87K,2025-06-30T14:10:35.428496573Z,01JZ0JSS8Q2NF1NX2X04P0G2M0,2025-06-30T14:10:35.428496573Z
01JZ0P4BWF5BF53RQ2TFHAB4Z7,01JZ0NSN7EKS122Z238A4PF66D,2025-06-30T15:08:46.863785851Z,01JZ0NSNC1W3B8HBKV7A156B13,2025-06-30T15:08:46.863785851Z,01JZ0NTCE2X78Q76YGQBCA3DW3,2025-06-30T15:08:46.863785851Z,01JZ0P49AXV9WYGF468QHGM5YG,2025-06-30T15:08:46.863785851Z,01JZ0P49GKVDQPWPA2V6CTFKMD,2025-06-30T15:08:46.863785851Z
01JZ0FJ7NEWARH7KE0454ZDGSP,01JZ0F67X5J6SBR3095JZ2KKHQ,2025-06-30T13:14:01.262861346Z,01JZ0F67Z228X9RHKVM8F1277D,2025-06-30T13:14:01.262861346Z,01JZ0FD5H390ZWW74EY7R1D7W9,2025-06-30T13:14:01.262861346Z,01JZ0FJ6NQX01VQWMRP31DSAN5,2025-06-30T13:14:01.262861346Z,01JZ0FJ6QQAVDHD4CP69ZGJSAH,2025-06-30T13:14:01.262861346Z
01JZ0RT6J5C0PF66J1959AGZDB,01JZ0R44WS56B1WD5354KYAZ6V,2025-06-30T15:55:39.46166156Z,01JZ0R44ZAP7PYVAMQ60PRQDRH,2025-06-30T15:55:39.46166156Z,01JZ0R7SM9A3MD6J7CWH0BFG4D,2025-06-30T15:55:39.46166156Z,01JZ0RJBP0RKJT6DGDPRK6EW6F,2025-06-30T15:55:39.46166156Z,01JZ0RJC1Q6QDGBHKJ8X9SWNZ3,2025-06-30T15:55:39.46166156Z
01JZ0T13329P5CTJ3HS43KZ8TF,01JZ0S9G3E1V9Y4W1M8GV3AGA9,2025-06-30T16:16:53.858626929Z,01JZ0S9G72AZ3MF9HASHX1PW43,2025-06-30T16:16:53.858626929Z,01JZ0SFY60ZWJ9F5NVJ19CBR6J,2025-06-30T16:16:53.858626929Z,01JZ0SSF537SEH889S5Y9R5QVG,2025-06-30T16:16:53.858626929Z,01JZ0SSFFMBCDP4YYA64Y4ZRYS,2025-06-30T16:16:53.858626929Z
01JZ0RFGZC2ARZBX6K4VDCH3EQ,01JZ0R44WS56B1WD5354KYAZ6V,2025-06-30T15:49:49.676924774Z,01JZ0R44YD4TQ1QQVW9H1W0WBF,2025-06-30T15:49:49.676924774Z,01JZ0R6J718YBTR7YEHTBTQQK5,2025-06-30T15:49:49.676924774Z,01JZ0RDJ2QCC6HCJTXVC1C06TR,2025-06-30T15:49:49.676924774Z,01JZ0RDJJYWQBYNEX44P260WDH,2025-06-30T15:49:49.676924774Z
01JZ0FZG39CPMDV7T0ZA15D98A,01JZ0F67X5J6SBR3095JZ2KKHQ,2025-06-30T13:21:15.881145277Z,01JZ0F67Z49S75BR56TBMFCZ55,2025-06-30T13:21:15.881145277Z,01JZ0FBHX2TJBWPC22SZF26RQD,2025-06-30T13:21:15.881145277Z,01JZ0FQRW1AKY8KSG8423XZDAV,2025-06-30T13:21:15.881145277Z,01JZ0FQRZWJVMX733ZSKEE7G0G,2025-06-30T13:21:15.881145277Z
01JZ0MRD2PB4M4328MD8R4QP5M,01JZ0KZHFC2GEC175ZSKVHYGR2,2025-06-30T14:44:46.294312886Z,01JZ0KZHHC2JQ9380R79DSYF93,2025-06-30T14:44:46.294312886Z,01JZ0M1SCZW0JCV54MFTC7P4CZ,2025-06-30T14:44:46.294312886Z,01JZ0MGP1H08NKC41F4W5N223S,2025-06-30T14:44:46.294312886Z,01JZ0MGP8BRDCBGPKJB1Z2Q7SJ,2025-06-30T14:44:46.294312886Z
01JZ0VGHQWDVX632C2PRAR6Q78,01JZ0TXM4HA3Q8P6D6TPYYS7R3,2025-06-30T16:42:48.956411943Z,01JZ0TXMAAZJ4VJWA2WTVHG174,2025-06-30T16:42:48.956411943Z,01JZ0V35DCVJ8FMBXYFAAYSD86,2025-06-30T16:42:48.956411943Z,01JZ0V8M66H1TM6QHBHKAHGCK2,2025-06-30T16:42:48.956411943Z,01JZ0V8MMQTWK3P04TAWD8SF6Z,2025-06-30T16:42:48.956411943Z
01JZ0FSPNR7JAP8CVTX2FDHMEH,01JZ0F67X5J6SBR3095JZ2KKHQ,2025-06-30T13:18:06.008868778Z,01JZ0F67Z745P2890BJ7Q88E3R,2025-06-30T13:18:06.008868778Z,01JZ0FBGXXC0V58B79955Z9C8Z,2025-06-30T13:18:06.008868778Z,01JZ0FHYT4VA4QBHA5DGPYP1XA,2025-06-30T13:18:06.008868778Z,01JZ0FHYX276ZPDC70THYN8CPV,2025-06-30T13:18:06.008868778Z
01JZ0FNM9E4YG07SDS3ZGNY5QZ,01JZ0F67X5J6SBR3095JZ2KKHQ,2025-06-30T13:15:52.494421718Z,01JZ0F67ZGT4J2NC89JRSKF93F,2025-06-30T13:15:52.494421718Z,01JZ0FACXFQT958QDG28MQWC64,2025-06-30T13:15:52.494421718Z,01JZ0FHY0FF9TVSRZETCEYCTMP,2025-06-30T13:15:52.494421718Z,01JZ0FHY26ZXF3Q8Q4DD13TWPW,2025-06-30T13:15:52.494421718Z
01JZ0FNPCFWVPD6S307CKWX0Q7,01JZ0F67X5J6SBR3095JZ2KKHQ,2025-06-30T13:15:54.639217059Z,01JZ0F67Z745P2890BJ7Q88E3R,2025-06-30T13:15:54.639217059Z,01JZ0FBGXXC0V58B79955Z9C8Z,2025-06-30T13:15:54.639217059Z,01JZ0FHYT9MR26XHFRG86H7E34,2025-06-30T13:15:54.639217059Z,01JZ0FHYVNQMTVPP2CJQ2QXTV9,2025-06-30T13:15:54.639217059Z
01JZ0FQVHH5ERPR9X7H45Z1565,01JZ0F67X5J6SBR3095JZ2KKHQ,2025-06-30T13:17:05.457448299Z,01JZ0F67ZFPZEHV6BKFXQYDXZZ,2025-06-30T13:17:05.457448299Z,01JZ0FC1MEEYB5ZHG0QP6GKMWQ,2025-06-30T13:17:05.457448299Z,01JZ0FG2SQ8Q4XBS92Y2AR51EP,2025-06-30T13:17:05.457448299Z,01JZ0FG2ZT9WG9PX7TSK94NDVN,2025-06-30T13:17:05.457448299Z
01JZ0H9C240014XPHEK1ZD4CV2,01JZ0H1K4AG17CS34Z9G9MQYDS,2025-06-30T13:44:08.004546718Z,01JZ0H1K7KVN4Q30DF0C4SZNQW,2025-06-30T13:44:08.004546718Z,01JZ0H3E65SD9MJCEC63Q2EE1S,2025-06-30T13:44:08.004546718Z,01JZ0H9B5PPKDQREPED3E71754,2025-06-30T13:44:08.004546718Z,01JZ0H9B75HNB3M7R9QF3XKTAQ,2025-06-30T13:44:08.004546718Z
01JZ0FHZM0YDFBT36F0P57ENAQ,01JZ0F67X5J6SBR3095JZ2KKHQ,2025-06-30T13:13:53.024640055Z,01JZ0F67Z745P2890BJ7Q88E3R,2025-06-30T13:13:53.024640055Z,01JZ0FBGXXC0V58B79955Z9C8Z,2025-06-30T13:13:53.024640055Z,01JZ0FHYSNA4X4J5NJHCTV0XGQ,2025-06-30T13:13:53.024640055Z,01JZ0FHYTK1QANS50Y57QBF84C,2025-06-30T13:13:53.024640055Z
01JZ0HG01V37V7WHTV5QM13PJ5,01JZ0H1K4AG17CS34Z9G9MQYDS,2025-06-30T13:47:45.083610023Z,01JZ0H1K7A7HBJ5WZC7T99GVBX,2025-06-30T13:47:45.083610023Z,01JZ0H9XDVSFP2KP78SR78XFKD,2025-06-30T13:47:45.083610023Z,01JZ0HAECPB75NSKW408592PHJ,2025-06-30T13:47:45.083610023Z,01JZ0HAEH395D6B5VQGN4GAJ8K,2025-06-30T13:47:45.083610023Z
01JZ0QDM46G8SGS0R4P0H8E7N1,01JZ0Q0CTMMAVY329HW6Z84SYY,2025-06-30T15:31:18.790453487Z,01JZ0Q0CX32Y5M8NZMVY0C598C,2025-06-30T15:31:18.790453487Z,01JZ0Q1XK4W03P06KT3W3H02FD,2025-06-30T15:31:18.790453487Z,01JZ0QDJGBKYVPQA2SXS058J3H,2025-06-30T15:31:18.790453487Z,01JZ0QDJKB1TX8B3RTEVANCZZE,2025-06-30T15:31:18.790453487Z
01JZ0T1DSRG763F0F3RAVGF8EM,01JZ0S9G3E1V9Y4W1M8GV3AGA9,2025-06-30T16:17:04.824141559Z,01JZ0S9G72AZ3MF9HASHX1PW43,2025-06-30T16:17:04.824141559Z,01JZ0SMZHYMDQK8WF64HD0D3K4,2025-06-30T16:17:04.824141559Z,01JZ0SSF46G85AVW49YEHA1FMJ,2025-06-30T16:17:04.824141559Z,01JZ0SSFHTMY8WVPXXHFCY9DFQ,2025-06-30T16:17:04.824141559Z
01JZ0FMVA26NJB40CCNY2WKBPD,01JZ0F67X5J6SBR3095JZ2KKHQ,2025-06-30T13:15:26.914442382Z,01JZ0F67ZBCBNFH7W25EXNBXDS,2025-06-30T13:15:26.914442382Z,01JZ0FCSDW0BM8JYA02TAKKS7F,2025-06-30T13:15:26.914442382Z,01JZ0FMTG9KECVC1RZN7WJYKFJ,2025-06-30T13:15:26.914442382Z,01JZ0FMTHP5HHK53GVJTFDAHEF,2025-06-30T13:15:26.914442382Z
01JZ0FZTDTJ1BWNEYZB0TYXSBE,01JZ0F67X5J6SBR3095JZ2KKHQ,2025-06-30T13:21:26.458128251Z,01JZ0F67Z49S75BR56TBMFCZ55,2025-06-30T13:21:26.458128251Z,01JZ0FFQFYN84KEVXA2V476V6H,2025-06-30T13:21:26.458128251Z,01JZ0FQRVWYE6EMF2428JYY8X6,2025-06-30T13:21:26.458128251Z,01JZ0FQS0KNN5R7P08HN8ZVR07,2025-06-30T13:21:26.458128251Z
01JZ0PBQF11J1XW552K6VYH2N7,01JZ0NSN7EKS122Z238A4PF66D,2025-06-30T15:12:48.097744291Z,01JZ0NSNC1W3B8HBKV7A156B13,2025-06-30T15:12:48.097744291Z,01JZ0NTCE2X78Q76YGQBCA3DW3,2025-06-30T15:12:48.097744291Z,01JZ0P49ERX83B05T3Z47XKS9Z,2025-06-30T15:12:48.097744291Z,01JZ0P49S77DMCC57MVG8D33TE,2025-06-30T15:12:48.097744291Z
01JZ0PG0KDWXKJEG82KEMB5EXX,01JZ0NSN7EKS122Z238A4PF66D,2025-06-30T15:15:08.525178445Z,01JZ0NSNACQB6FV8GE0XS7JKF9,2025-06-30T15:15:08.525178445Z,01JZ0P111DGX2GYFS2HKPTTG1D,2025-06-30T15:15:08.525178445Z,01JZ0P7YP7SFT6YST1RXA150KJ,2025-06-30T15:15:08.525178445Z,01JZ0P7YWKC5S0E0Z41QN5DB90,2025-06-30T15:15:08.525178445Z
01JZ0RHVZZ6TWVFNW275EDFKGM,01JZ0R44WS56B1WD5354KYAZ6V,2025-06-30T15:51:06.495653902Z,01JZ0R450M24K8ZS9F18EDTFG6,2025-06-30T15:51:06.495653902Z,01JZ0R79Q3SA31NRXSVYNGK5T9,2025-06-30T15:51:06.495653902Z,01JZ0RFVDEC09529ZV39X1MYHY,2025-06-30T15:51:06.495653902Z,01JZ0RFVKSDR65DCCWGYE2FNK6,2025-06-30T15:51:06.495653902Z
01JZ0SW92E0588W7HGG07C8QBT,01JZ0S9G3E1V9Y4W1M8GV3AGA9,2025-06-30T16:14:16.142503519Z,01JZ0S9GCCCNBKT0N3T9B2PH95,2025-06-30T16:14:16.142503519Z,01JZ0SP12CPDZAZJNKRMES3PT5,2025-06-30T16:14:16.142503519Z,01JZ0SRFZN1N49MKZCM7JQAT6Y,2025-06-30T16:14:16.142503519Z,01JZ0SRG7EH5WJQEQ9TMP2TMS5,2025-06-30T16:14:16.142503519Z
01JZ0VGGQACEQ090PCHMATG76R,01JZ0TXM4HA3Q8P6D6TPYYS7R3,2025-06-30T16:42:47.91407971Z,01JZ0TXM7C18DJWS688K2WH576,2025-06-30T16:42:47.91407971Z,01JZ0V0QWDKKE2Y7QVNMAD1GY6,2025-06-30T16:42:47.91407971Z,01JZ0V8ZRXFXD9NNBG2FMZJ7TZ,2025-06-30T16:42:47.91407971Z,01JZ0V904JJZM766VHDEN3KSXA,2025-06-30T16:42:47.91407971Z
01JZ0FSYNCCP3N4STFPST0QS0V,01JZ0F67X5J6SBR3095JZ2KKHQ,2025-06-30T13:18:14.188579099Z,01JZ0F67ZGT4J2NC89JRSKF93F,2025-06-30T13:18:14.188579099Z,01JZ0FCJAG0CXVXJTMS0286MXB,2025-06-30T13:18:14.188579099Z,01JZ0FHY0W4D6VMKGANP7KWT5F,2025-06-30T13:18:14.188579099Z,01JZ0FHY479H793YJVYZ4W2H83,2025-06-30T13:18:14.188579099Z
01JZ0HJZ8D91572KQ9BJ65SJGF,01JZ0H1K4AG17CS34Z9G9MQYDS,2025-06-30T13:49:22.573746776Z,01JZ0H1K706F68YJ8PB50DJAH3,2025-06-30T13:49:22.573746776Z,01JZ0H3PV9DACRQS4WSM89RZB3,2025-06-30T13:49:22.573746776Z,01JZ0HDDQ1TQC05SZV1MP12GS4,2025-06-30T13:49:22.573746776Z,01JZ0HDDSN4RJNHJNWEPZ6KD1D,2025-06-30T13:49:22.573746776Z
01JZ0P4BWTP2WQD9JFQR2NQ5N2,01JZ0NSN7EKS122Z238A4PF66D,2025-06-30T15:08:46.874608661Z,01JZ0NSNC1W3B8HBKV7A156B13,2025-06-30T15:08:46.874608661Z,01JZ0P0GZR09Z9DMSV67CDPA5W,2025-06-30T15:08:46.874608661Z,01JZ0P49AXV9WYGF468QHGM5YG,2025-06-30T15:08:46.874608661Z,01JZ0P49GKVDQPWPA2V6CTFKMD,2025-06-30T15:08:46.874608661Z
01JZ0VJFH0GD9B48G5XC46MWV7,01JZ0TXM4HA3Q8P6D6TPYYS7R3,2025-06-30T16:43:52.22480519Z,01JZ0TXM9G1YQW4PKWAZEHBP4X,2025-06-30T16:43:52.22480519Z,01JZ0V027NCPFS0Z28MM3HFKTJ,2025-06-30T16:43:52.22480519Z,01JZ0VA3A76VA7SZXG7HPB9DY1,2025-06-30T16:43:52.22480519Z,01JZ0VA3QF98P0RT7YVWR7M0KD,2025-06-30T16:43:52.22480519Z
01JZ0VJFQH788ZGH24S1RV8K7M,01JZ0TXM4HA3Q8P6D6TPYYS7R3,2025-06-30T16:43:52.433395126Z,01JZ0TXM9G1YQW4PKWAZEHBP4X,2025-06-30T16:43:52.433395126Z,01JZ0V2V0JVWK8BV5PK5A7H9Y7,2025-06-30T16:43:52.433395126Z,01JZ0VA3A76VA7SZXG7HPB9DY1,2025-06-30T16:43:52.433395126Z,01JZ0VA3QF98P0RT7YVWR7M0KD,2025-06-30T16:43:52.433395126Z
01JZ0FQF1RY2EWJ46ZGQDJKWT7,01JZ0F67X5J6SBR3095JZ2KKHQ,2025-06-30T13:16:52.664881614Z,01JZ0F67ZGT4J2NC89JRSKF93F,2025-06-30T13:16:52.664881614Z,01JZ0FHE6P54F9Z4HQF75VYPYW,2025-06-30T13:16:52.664881614Z,01JZ0FHY0FF9TVSRZETCEYCTMP,2025-06-30T13:16:52.664881614Z,01JZ0FHY2AE8TWA2KG4E1QGE94,2025-06-30T13:16:52.664881614Z
01JZ0FX8Q5D977TS6B8YVRY6X9,01JZ0F67X5J6SBR3095JZ2KKHQ,2025-06-30T13:20:02.789946659Z,01JZ0F67ZNGQ7M2D3G3M0R8ZTD,2025-06-30T13:20:02.789946659Z,01JZ0FBTJXMW2AK8YMAJ7FJR7V,2025-06-30T13:20:02.789946659Z,01JZ0FNH5RFAQH4BE8QPA9KQ5S,2025-06-30T13:20:02.789946659Z,01JZ0FNH9AKCN2MMZMWC8MBTT0,2025-06-30T13:20:02.789946659Z
01JZ0FZXP5T2PZQP5GBHQ1KWDX,01JZ0F67X5J6SBR3095JZ2KKHQ,2025-06-30T13:21:29.797668251Z,01JZ0F67Z8B8A42G6Y5XQ0NS83,2025-06-30T13:21:29.797668251Z,01JZ0FAP1PZEAT1MNGGVVPBTCW,2025-06-30T13:21:29.797668251Z,01JZ0FW5GZ8NR8PVKBDD2P70TS,2025-06-30T13:21:29.797668251Z,01JZ0FW5QYARYR4RFSR8PDQ4P6,2025-06-30T13:21:29.797668251Z
01JZ0HJJJR2D0HAB76Y59DVQZZ,01JZ0H1K4AG17CS34Z9G9MQYDS,2025-06-30T13:49:09.592109947Z,01JZ0H1K7HVYD71R3W6V80C6V1,2025-06-30T13:49:09.592109947Z,01JZ0H5PHBAB5MFCHKQNJGE7KV,2025-06-30T13:49:09.592109947Z,01JZ0HAVSPDR7MY1DNJHFYYY73,2025-06-30T13:49:09.592109947Z,01JZ0HAVX24JF16MMSM37N5JCP,2025-06-30T13:49:09.592109947Z
01JZ0HVP766EVRZWP164JKX342,01JZ0H1K4AG17CS34Z9G9MQYDS,2025-06-30T13:54:08.234061861Z,01JZ0H1K72P9WWMQFG7ACVRNHM,2025-06-30T13:54:08.234061861Z,01JZ0H8K2CDF6MZFYJA1D8AYDZ,2025-06-30T13:54:08.234061861Z,01JZ0HKZ36G3ZG992AMVD2CV89,2025-06-30T13:54:08.234061861Z,01JZ0HKZ7B8N0GW7N5NK56BBBA,2025-06-30T13:54:08.234061861Z
01JZ0KAZB3C65HQNHK91W43K08,01JZ0JJRG62BDVPN4H0KJ2XPWK,2025-06-30T14:19:57.667529416Z,01JZ0JJRMFBKARHHQY8ZXKDX2Q,2025-06-30T14:19:57.667529416Z,01JZ0JMENDQ776M5WP6RMTBCJC,2025-06-30T14:19:57.667529416Z,01JZ0K2YF7778KQ4YKNN0MRG3Q,2025-06-30T14:19:57.667529416Z,01JZ0K2YMWED0SR563EGS70F1J,2025-06-30T14:19:57.667529416Z
01JZ0FNPGEEHNWHE04ZRBZ17N6,01JZ0F67X5J6SBR3095JZ2KKHQ,2025-06-30T13:15:54.7665895Z,01JZ0F67ZFPZEHV6BKFXQYDXZZ,2025-06-30T13:15:54.7665895Z,01JZ0FBS7JDEVVPEXEYNA1T4RE,2025-06-30T13:15:54.7665895Z,01JZ0FG2TMDGKK0EJR14EYFE7R,2025-06-30T13:15:54.7665895Z,01JZ0FG2WY2714P5Q1V528ACYZ,2025-06-30T13:15:54.7665895Z
01JZ0FW8FDCY8R1TNPBABPVC30,01JZ0F67X5J6SBR3095JZ2KKHQ,2025-06-30T13:19:29.77339714Z,01JZ0F67ZBCBNFH7W25EXNBXDS,2025-06-30T13:19:29.77339714Z,01JZ0FCSDW0BM8JYA02TAKKS7F,2025-06-30T13:19:29.77339714Z,01JZ0FMTGZY646GWBYFVGKPH1H,2025-06-30T13:19:29.77339714Z,01JZ0FMTK7E6CGE3FCKXAWJPXM,2025-06-30T13:19:29.77339714Z
01JZ0HNEH3X3Z5027JWP40S1KC,01JZ0H1K4AG17CS34Z9G9MQYDS,2025-06-30T13:50:43.747718638Z,01JZ0H1K706F68YJ8PB50DJAH3,2025-06-30T13:50:43.747718638Z,01JZ0HD6YGD591QW3T9DNTT5JC,2025-06-30T13:50:43.747718638Z,01JZ0HDDQE67VT5TA23YEM0DK6,2025-06-30T13:50:43.747718638Z,01JZ0HDDW3TQAFASZQK4WDSHQE,2025-06-30T13:50:43.747718638Z
01JZ0JZARM2K07Y8GQBPTTSG54,01JZ0JJRG62BDVPN4H0KJ2XPWK,2025-06-30T14:13:36.148152217Z,01JZ0JJRMQ32S1DDP8PZN3RKEA,2025-06-30T14:13:36.148152217Z,01JZ0JN6JMZG2FMKENBAS8NM9Y,2025-06-30T14:13:36.148152217Z,01JZ0JSS78RK42Y17VNQFVPT1K,2025-06-30T14:13:36.148152217Z,01JZ0JSSA6YS5MYGZXV9CSTSFQ,2025-06-30T14:13:36.148152217Z
01JZ0MH9C5XF7MHYGF9MHXR2V9,01JZ0KZHFC2GEC175ZSKVHYGR2,2025-06-30T14:40:53.12568623Z,01JZ0KZHGXZ28TMC40NC90GVYX,2025-06-30T14:40:53.12568623Z,01JZ0M3P9VKZ1RS5GDCN0TA36R,2025-06-30T14:40:53.12568623Z,01JZ0M9WTTT9DEYBSAD67CY8SA,2025-06-30T14:40:53.12568623Z,01JZ0M9WYGGVQBSVN4AKNKZMG5,2025-06-30T14:40:53.12568623Z
01JZ0MJ73W73CGM1SBCDMZHY86,01JZ0KZHFC2GEC175ZSKVHYGR2,2025-06-30T14:41:23.580618933Z,01JZ0KZHHH6W8J7M02JDFMAQF5,2025-06-30T14:41:23.580618933Z,01JZ0M5STKY126HRQQPVQ7WSVN,2025-06-30T14:41:23.580618933Z,01JZ0MA58AFR1YHAHJ30MZZQB7,2025-06-30T14:41:23.580618933Z,01JZ0MA5HZ1TS589QCBEPC6VJY,2025-06-30T14:41:23.580618933Z
01JZ0PDGQQ9FP6WP1NAGVRH2RE,01JZ0NSN7EKS122Z238A4PF66D,2025-06-30T15:13:46.743888909Z,01JZ0NSNACQB6FV8GE0XS7JKF9,2025-06-30T15:13:46.743888909Z,01JZ0P4V3AHY550K8PMRT3VM5K,2025-06-30T15:13:46.743888909Z,01JZ0P7YN1V2MR96D77PEXSMK2,2025-06-30T15:13:46.743888909Z,01JZ0P7YRT5X9AE21VXRAC50DH,2025-06-30T15:13:46.743888909Z
01JZ0QN03TJCTS9SH9Q2WS16J4,01JZ0Q0CTMMAVY329HW6Z84SYY,2025-06-30T15:35:20.442821246Z,01JZ0Q0CX32Y5M8NZMVY0C598C,2025-06-30T15:35:20.442821246Z,01JZ0Q37ZE5E8WW1TTY1J69H1X,2025-06-30T15:35:20.442821246Z,01JZ0QDJGY5GDK8FY589ABY8WR,2025-06-30T15:35:20.442821246Z,01JZ0QDJPRHNXT4A9RSTCQ3F42,2025-06-30T15:35:20.442821246Z
01JZ0FQZX8Q3YASEEKZACCXAAT,01JZ0F67X5J6SBR3095JZ2KKHQ,2025-06-30T13:17:09.92821947Z,01JZ0F67ZPF4121D8VQV580KT1,2025-06-30T13:17:09.92821947Z,01JZ0FADPYVS6C84HJSS2FEBTD,2025-06-30T13:17:09.92821947Z,01JZ0FG9XP257X71Y6S76BWV4E,2025-06-30T13:17:09.92821947Z,01JZ0FGA04XG30PW7JD903HZR0,2025-06-30T13:17:09.92821947Z
01JZ0T12VTE645XQH3P33ZR55E,01JZ0S9G3E1V9Y4W1M8GV3AGA9,2025-06-30T16:16:53.626180409Z,01JZ0S9G72AZ3MF9HASHX1PW43,2025-06-30T16:16:53.626180409Z,01JZ0SPRDFB0F6D4FXP9707JF1,2025-06-30T16:16:53.626180409Z,01JZ0SSF537SEH889S5Y9R5QVG,2025-06-30T16:16:53.626180409Z,01JZ0SSFFMBCDP4YYA64Y4ZRYS,2025-06-30T16:16:53.626180409Z
01JZ0HG0GYSV42T5GBFMPVBWZA,01JZ0H1K4AG17CS34Z9G9MQYDS,2025-06-30T13:47:45.566992217Z,01JZ0H1K6THHEJQ855QF7WP6P1,2025-06-30T13:47:45.566992217Z,01JZ0H4ADESF7ZW26D2M0GP4C4,2025-06-30T13:47:45.566992217Z,01JZ0H8M72KGW5DZTNWT8DQ8F9,2025-06-30T13:47:45.566992217Z,01JZ0H8MA37Y6WY6R0W9WZSGZ3,2025-06-30T13:47:45.566992217Z
01JZ0MM0F0BHJBMZ9PSWK0AAWE,01JZ0KZHFC2GEC175ZSKVHYGR2,2025-06-30T14:42:22.304913198Z,01JZ0KZHH6W8XDVC696R9C92DG,2025-06-30T14:42:22.304913198Z,01JZ0M3AJTJTBWN32ZGK0JDM10,2025-06-30T14:42:22.304913198Z,01JZ0MCKB4R8PP1CGFDRV10VMX,2025-06-30T14:42:22.304913198Z,01JZ0MCKF3CF7JR83KC8BE4S9B,2025-06-30T14:42:22.304913198Z
01JZ0RQR6MN33S9HB55X872W9X,01JZ0R44WS56B1WD5354KYAZ6V,2025-06-30T15:54:19.220498034Z,01JZ0R450M24K8ZS9F18EDTFG6,2025-06-30T15:54:19.220498034Z,01JZ0RBHM6DJSV98KF0MQ35S2E,2025-06-30T15:54:19.220498034Z,01JZ0RFVC6E4GC14C3S59672JQ,2025-06-30T15:54:19.220498034Z,01JZ0RFVTCMQFHEMMP5Z7XNW0P,2025-06-30T15:54:19.220498034Z
01JZ0VEB2MTEH1ARNX5NTHMERW,01JZ0TXM4HA3Q8P6D6TPYYS7R3,2025-06-30T16:41:36.596939917Z,01JZ0TXMAAZJ4VJWA2WTVHG174,2025-06-30T16:41:36.596939917Z,01JZ0V4NRB59966MX97R2AYRHH,2025-06-30T16:41:36.596939917Z,01JZ0V8M85MMPYBMHW7JFE9Q9Z,2025-06-30T16:41:36.596939917Z,01JZ0V8MF2WN08NA8Y09ZH2S8Q,2025-06-30T16:41:36.596939917Z
01JZ0FSCF706M7SANN9Q3HRJKB,01JZ0F67X5J6SBR3095JZ2KKHQ,2025-06-30T13:17:55.559649506Z,01JZ0F67Z745P2890BJ7Q88E3R,2025-06-30T13:17:55.559649506Z,01JZ0FAZKMC53M0H38X162NKWX,2025-06-30T13:17:55.559649506Z,01JZ0FHYT7S382Q8K3G91ZN28J,2025-06-30T13:17:55.559649506Z,01JZ0FHYWECQNPZRK99THAKWZV,2025-06-30T13:17:55.559649506Z
01JZ0HH1FQAJ52P78BH88M1FVW,01JZ0H1K4AG17CS34Z9G9MQYDS,2025-06-30T13:48:19.319244628Z,01JZ0H1K7KVN4Q30DF0C4SZNQW,2025-06-30T13:48:19.319244628Z,01JZ0H3FWJS4NSARZAFMVPHGS8,2025-06-30T13:48:19.319244628Z,01JZ0H9B6K7H0GDYX6M9K2KAVN,2025-06-30T13:48:19.319244628Z,01JZ0H9B9Z0ZNNBD82FGZ21K0H,2025-06-30T13:48:19.319244628Z
01JZ0K8G2GAEM9VMSPCWZ46AZ5,01JZ0JJRG62BDVPN4H0KJ2XPWK,2025-06-30T14:18:36.496113506Z,01JZ0JJRMFBKARHHQY8ZXKDX2Q,2025-06-30T14:18:36.496113506Z,01JZ0K0JEP4CRAAHS8HKT1FSBP,2025-06-30T14:18:36.496113506Z,01JZ0K2YERTFQAJEQ3WTQCHG83,2025-06-30T14:18:36.496113506Z,01JZ0K2YHT5WE07G9WFYRWEWTG,2025-06-30T14:18:36.496113506Z
01JZ0RNFFCEGY78STAXQ0HDY73,01JZ0R44WS56B1WD5354KYAZ6V,2025-06-30T15:53:04.74850791Z,01JZ0R44YD4TQ1QQVW9H1W0WBF,2025-06-30T15:53:04.74850791Z,01JZ0R748N2WK8HNRR37DG296Z,2025-06-30T15:53:04.74850791Z,01JZ0RDJ48J6R7M6PCV2Y06QPR,2025-06-30T15:53:04.74850791Z,01JZ0RDJVTWQMMKHXZD2VSG06N,2025-06-30T15:53:04.74850791Z
01JZ0FW8EJZAA40FG6BX0NARDT,01JZ0F67X5J6SBR3095JZ2KKHQ,2025-06-30T13:19:29.746594147Z,01JZ0F67ZBCBNFH7W25EXNBXDS,2025-06-30T13:19:29.746594147Z,01JZ0FCN8BDH6X8PVE3VG95N20,2025-06-30T13:19:29.746594147Z,01JZ0FMTGZY646GWBYFVGKPH1H,2025-06-30T13:19:29.746594147Z,01JZ0FMTK7E6CGE3FCKXAWJPXM,2025-06-30T13:19:29.746594147Z
01JZ0FPJ6KX5X2AJWRC2AE38VR,01JZ0F67X5J6SBR3095JZ2KKHQ,2025-06-30T13:16:23.123767805Z,01JZ0F67ZMW5MYVAMRDCKET4QV,2025-06-30T13:16:23.123767805Z,01JZ0FAZSM5RWSWDK86JFF6JZ6,2025-06-30T13:16:23.123767805Z,01JZ0FETSCDVHZ2TXY7PXJ4K6E,2025-06-30T13:16:23.123767805Z,01JZ0FETVX6MH8X62MF1EV7CK3,2025-06-30T13:16:23.123767805Z
01JZ0K2ZKQSZXTJRJ7656ZRXKB,01JZ0JJRG62BDVPN4H0KJ2XPWK,2025-06-30T14:15:35.799433587Z,01JZ0JJRMFBKARHHQY8ZXKDX2Q,2025-06-30T14:15:35.799433587Z,01JZ0JMNJCQ4JP233PQTACYGEQ,2025-06-30T14:15:35.799433587Z,01JZ0K2YEFGBK0DQCQ0ZFX8Q5Z,2025-06-30T14:15:35.799433587Z,01JZ0K2YG3MG98F16RTKVMX7WV,2025-06-30T14:15:35.799433587Z
01JZ0RHNCENZK1MYKPTH1R4Y8A,01JZ0R44WS56B1WD5354KYAZ6V,2025-06-30T15:50:59.726707705Z,01JZ0R450A0M8Q4QC968ZVRS9H,2025-06-30T15:50:59.726707705Z,01JZ0R6Z68KBAXFH25R17ZH0FP,2025-06-30T15:50:59.726707705Z,01JZ0RFNY7CAK7Q2XWPCT4A1FS,2025-06-30T15:50:59.726707705Z,01JZ0RFP58S8RRFVCNFV24DFHV,2025-06-30T15:50:59.726707705Z
01JZ0RNT6MQ8H5C6GHPG03S130,01JZ0R44WS56B1WD5354KYAZ6V,2025-06-30T15:53:15.732735537Z,01JZ0R44YD4TQ1QQVW9H1W0WBF,2025-06-30T15:53:15.732735537Z,01JZ0R91FP4EXRX5VVWW5GSE1V,2025-06-30T15:53:15.732735537Z,01JZ0RDJ6VECBCV4R08YWCJE54,2025-06-30T15:53:15.732735537Z,01JZ0RDJZJKFRDY48KAFVDRN41,2025-06-30T15:53:15.732735537Z
01JZ0STWM4GBYA1DXKX10949DF,01JZ0S9G3E1V9Y4W1M8GV3AGA9,2025-06-30T16:13:30.628225858Z,01JZ0S9G9GQDAYDBEESMGH4RA5,2025-06-30T16:13:30.628225858Z,01JZ0SHD6CSXMHY511T2SVS05J,2025-06-30T16:13:30.628225858Z,01JZ0SQ3C15Q09HYAH12H13T16,2025-06-30T16:13:30.628225858Z,01JZ0SQ3KDY9WQAA8Z0H2XVE1P,2025-06-30T16:13:30.628225858Z
01JZ0SZMGG74WVQ08M4XVWEG0N,01JZ0S9G3E1V9Y4W1M8GV3AGA9,2025-06-30T16:16:06.160989073Z,01JZ0S9GBDE95BAEJ35DY3VGC4,2025-06-30T16:16:06.160989073Z,01JZ0SF8Y0WXYRQ4GJQKYS7F99,2025-06-30T16:16:06.160989073Z,01JZ0SQEFRCWKP9ZEKVZV9NZ6R,2025-06-30T16:16:06.160989073Z,01JZ0SQEW87N3QG2WWCC39NJ8W,2025-06-30T16:16:06.160989073Z
01JZ0T09XEX70N9JYFHS0JJHVZ,01JZ0S9G3E1V9Y4W1M8GV3AGA9,2025-06-30T16:16:28.078491372Z,01JZ0S9GCCCNBKT0N3T9B2PH95,2025-06-30T16:16:28.078491372Z,01JZ0SRC6GQQ036ZGEMABTCRWZ,2025-06-30T16:16:28.078491372Z,01JZ0SRG11T0A9Z05RWZ3RV6C6,2025-06-30T16:16:28.078491372Z,01JZ0SRGDCXW1MXS2Y5YGW3SPW,2025-06-30T16:16:28.078491372Z
01JZ0FF1KNQ1M09R454YSZJGAG,01JZ0F67X5J6SBR3095JZ2KKHQ,2025-06-30T13:12:16.757187247Z,01JZ0F67ZEPC67VW242P0YYZAA,2025-06-30T13:12:16.757187247Z,01JZ0FADP9EKGDX636W54K492Z,2025-06-30T13:12:16.757187247Z,01JZ0FF14X0MM27BYR9WVNF7XH,2025-06-30T13:12:16.757187247Z,01JZ0FF15R5CM3SKBF6RT3YR3Y,2025-06-30T13:12:16.757187247Z
01JZ0QBRK8F630N22H0HVTXSFF,01JZ0Q0CTMMAVY329HW6Z84SYY,2025-06-30T15:30:17.83210788Z,01JZ0Q0CWNKJYDS4SW61Q7VTQN,2025-06-30T15:30:17.83210788Z,01JZ0Q2NRNYEBA48SPCNZAV9X5,2025-06-30T15:30:17.83210788Z,01JZ0Q80XG0NQQZWZ0ZS4K2WB4,2025-06-30T15:30:17.83210788Z,01JZ0Q811D5KFHEHN6QYQG3E12,2025-06-30T15:30:17.83210788Z
01JZ0RGR6M3SDK5YGGCJHTSTYR,01JZ0R44WS56B1WD5354KYAZ6V,2025-06-30T15:50:29.844580087Z,01JZ0R44YW0T94WKHD2ZAT9VPC,2025-06-30T15:50:29.844580087Z,01JZ0R7M0GNQWHJJYSHNG909HC,2025-06-30T15:50:29.844580087Z,01JZ0RCZ5WMDRF6E7DKWB3TR0Z,2025-06-30T15:50:29.844580087Z,01JZ0RCZEY2GM308G43WZB43HS,2025-06-30T15:50:29.844580087Z
01JZ0RH1WPY8EP7J87N8YFBKE5,01JZ0R44WS56B1WD5354KYAZ6V,2025-06-30T15:50:39.766521366Z,01JZ0R44ZYB02HBRR2X1W771BR,2025-06-30T15:50:39.766521366Z,01JZ0RGWMHC1M8CB466E96GPB2,2025-06-30T15:50:39.766521366Z,01JZ0RGZ2PCGH8Y424DF23PET3,2025-06-30T15:50:39.766521366Z,01JZ0RGZ70KV1D1RYV7GFAH369,2025-06-30T15:50:39.766521366Z
01JZ0VAZ2WQR093TAAMGY7TEKS,01JZ0TXM4HA3Q8P6D6TPYYS7R3,2025-06-30T16:39:46.012100486Z,01JZ0TXM7C18DJWS688K2WH576,2025-06-30T16:39:46.012100486Z,01JZ0V0F9D3P0J9G840CC0A66D,2025-06-30T16:39:46.012100486Z,01JZ0V8ZQZFAA3Z4NYN9H5S8FG,2025-06-30T16:39:46.012100486Z,01JZ0V90034NVD22Q7BJYKHTKE,2025-06-30T16:39:46.012100486Z
01JZ0MHJRD5XZGH724K3QHTTDB,01JZ0KZHFC2GEC175ZSKVHYGR2,2025-06-30T14:41:02.733595913Z,01JZ0KZHHH6W8J7M02JDFMAQF5,2025-06-30T14:41:02.733595913Z,01JZ0M5STKY126HRQQPVQ7WSVN,2025-06-30T14:41:02.733595913Z,01JZ0MA57ZMXQZENWKV3G54Z6K,2025-06-30T14:41:02.733595913Z,01JZ0MA5EYRHY6D5F7550YTYHZ,2025-06-30T14:41:02.733595913Z
01JZ0MP7ZGKA2JMRYQRQBP8PEV,01JZ0KZHFC2GEC175ZSKVHYGR2,2025-06-30T14:43:35.536134092Z,01JZ0KZHHC2JQ9380R79DSYF93,2025-06-30T14:43:35.536134092Z,01JZ0M1RQ5A9ERDM9J4QJBC59B,2025-06-30T14:43:35.536134092Z,01JZ0MGP26NJJGJCWPQGW8F3YX,2025-06-30T14:43:35.536134092Z,01JZ0MGP5GV3WV5XPVQ1M0V0JK,2025-06-30T14:43:35.536134092Z
01JZ0RQ7AFYMEAXYBG3S6M38W8,01JZ0R44WS56B1WD5354KYAZ6V,2025-06-30T15:54:01.935931175Z,01JZ0R450A0M8Q4QC968ZVRS9H,2025-06-30T15:54:01.935931175Z,01JZ0R7F7RD6MRYFQ16SXJ26HY,2025-06-30T15:54:01.935931175Z,01JZ0RFNWNPKRGC6SYS05MJ0WV,2025-06-30T15:54:01.935931175Z,01JZ0RFPBSM50DGW45KGPJPB79,2025-06-30T15:54:01.935931175Z
01JZ0JVN5FJW0B93QC61XGVRJY,01JZ0JJRG62BDVPN4H0KJ2XPWK,2025-06-30T14:11:35.727907429Z,01JZ0JJRMQ32S1DDP8PZN3RKEA,2025-06-30T14:11:35.727907429Z,01JZ0JNFFC7EQBWHX80ZDTKTSW,2025-06-30T14:11:35.727907429Z,01JZ0JSS78RK42Y17VNQFVPT1K,2025-06-30T14:11:35.727907429Z,01JZ0JSS9S1QXT1PTHJVBVWR19,2025-06-30T14:11:35.727907429Z
01JZ0FPP5NRSSQ2XX05A75W6V6,01JZ0F67X5J6SBR3095JZ2KKHQ,2025-06-30T13:16:27.189456045Z,01JZ0F67ZBCBNFH7W25EXNBXDS,2025-06-30T13:16:27.189456045Z,01JZ0FBTADG31H10PAMS1NCN0Q,2025-06-30T13:16:27.189456045Z,01JZ0FMTH61B85RYBN11B94K2X,2025-06-30T13:16:27.189456045Z,01JZ0FMTJF1WZN1A88JYEMEF1J,2025-06-30T13:16:27.189456045Z
01JZ0HAFB6QGZHD3VBFRK28CFM,01JZ0H1K4AG17CS34Z9G9MQYDS,2025-06-30T13:44:44.134227584Z,01JZ0H1K7A7HBJ5WZC7T99GVBX,2025-06-30T13:44:44.134227584Z,01JZ0H9XDVSFP2KP78SR78XFKD,2025-06-30T13:44:44.134227584Z,01JZ0HAECCDKM76ZCV44MHEJAX,2025-06-30T13:44:44.134227584Z,01JZ0HAEFC0ZPCW62QHGME40FT,2025-06-30T13:44:44.134227584Z
01JZ0K812VD9J3EKZR6PFXFKBN,01JZ0JJRG62BDVPN4H0KJ2XPWK,2025-06-30T14:18:21.147623222Z,01JZ0JJRM7K0MBX3MKCVTKC5NR,2025-06-30T14:18:21.147623222Z,01JZ0JP3NMJEF2RZEXJRZ363R2,2025-06-30T14:18:21.147623222Z,01JZ0K09A2JRM56REXVTQ5P9J4,2025-06-30T14:18:21.147623222Z,01JZ0K09K25XTCYT08PVBBA31D,2025-06-30T14:18:21.147623222Z
01JZ0SN92GKHRXXGST2CZWXMXX,01JZ0S9G3E1V9Y4W1M8GV3AGA9,2025-06-30T16:10:26.768151188Z,01JZ0S9G69Y1BMBR3KZBCDH0XZ,2025-06-30T16:10:26.768151188Z,01JZ0SFBWH5DH0RBKQRJ6TWQK5,2025-06-30T16:10:26.768151188Z,01JZ0SN4MEMH5GM4GGX339NA9T,2025-06-30T16:10:26.768151188Z,01JZ0SN55ADBCNQDSTZ5QJSR2S,2025-06-30T16:10:26.768151188Z
01JZ0SZZD69PQJQFVTKB0AEYP1,01JZ0S9G3E1V9Y4W1M8GV3AGA9,2025-06-30T16:16:17.318053078Z,01JZ0S9GCCCNBKT0N3T9B2PH95,2025-06-30T16:16:17.318053078Z,01JZ0SRC6GQQ036ZGEMABTCRWZ,2025-06-30T16:16:17.318053078Z,01JZ0SRG0CEZMWVQAPHXXK1E4M,2025-06-30T16:16:17.318053078Z,01JZ0SRGAYBZMPBX0YA7PMP4Q5,2025-06-30T16:16:17.318053078Z
01JZ0FEG33SBF5KQXB68RY0XHK,01JZ0F67X5J6SBR3095JZ2KKHQ,2025-06-30T13:11:58.819793315Z,01JZ0F6805RKXP4JKMN5N89R8W,2025-06-30T13:11:58.819793315Z,01JZ0FB9WWAV8YJYA2M0XWM4XS,2025-06-30T13:11:58.819793315Z,01JZ0FEFHQRWH9TECM4DP0QTVV,2025-06-30T13:11:58.819793315Z,01JZ0FEFJEJ9WKHXZGPX5RF8AD,2025-06-30T13:11:58.819793315Z
01JZ0FSYN1HZC94KWR3QRZARTN,01JZ0F67X5J6SBR3095JZ2KKHQ,2025-06-30T13:18:14.177656186Z,01JZ0F67ZGT4J2NC89JRSKF93F,2025-06-30T13:18:14.177656186Z,01JZ0FHE6P54F9Z4HQF75VYPYW,2025-06-30T13:18:14.177656186Z,01JZ0FHY0W4D6VMKGANP7KWT5F,2025-06-30T13:18:14.177656186Z,01JZ0FHY479H793YJVYZ4W2H83,2025-06-30T13:18:14.177656186Z
01JZ0H8N1143QBVW5QH9P6YBXK,01JZ0H1K4AG17CS34Z9G9MQYDS,2025-06-30T13:43:44.417257239Z,01JZ0H1K6THHEJQ855QF7WP6P1,2025-06-30T13:43:44.417257239Z,01JZ0H3CNXXCY16G7HRC2VAP66,2025-06-30T13:43:44.417257239Z,01JZ0H8M6D9SVDR1575RSHA4RY,2025-06-30T13:43:44.417257239Z,01JZ0H8M8669S9MXGH73FRDPD6,2025-06-30T13:43:44.417257239Z
01JZ0HT84G9TV9S93TWHQ4J91W,01JZ0H1K4AG17CS34Z9G9MQYDS,2025-06-30T13:53:21.040596488Z,01JZ0H1K6XDYNJQ07N0KM3P1VX,2025-06-30T13:53:21.040596488Z,01JZ0H9M4DPGN0X41681CC63MX,2025-06-30T13:53:21.040596488Z,01JZ0HJ6KG2QJ1V6FCF3W0CW1C,2025-06-30T13:53:21.040596488Z,01JZ0HJ6TD6VXG3YP06NWEPVCS,2025-06-30T13:53:21.040596488Z
01JZ0P9V6EV0312525C4KZZHTX,01JZ0NSN7EKS122Z238A4PF66D,2025-06-30T15:11:46.382352962Z,01JZ0NSNACQB6FV8GE0XS7JKF9,2025-06-30T15:11:46.382352962Z,01JZ0NZAF5PAQ3ECGHTTXSX02G,2025-06-30T15:11:46.382352962Z,01JZ0P7YN1V2MR96D77PEXSMK2,2025-06-30T15:11:46.382352962Z,01JZ0P7YR1GKEJM57XS21BYM10,2025-06-30T15:11:46.382352962Z
01JZ0QG4GN2W7RQT5DPK05XY4G,01JZ0Q0CTMMAVY329HW6Z84SYY,2025-06-30T15:32:41.109744992Z,01JZ0Q0CWNKJYDS4SW61Q7VTQN,2025-06-30T15:32:41.109744992Z,01JZ0Q3X4Y9GSG0Q4TV0TG6S7T,2025-06-30T15:32:41.109744992Z,01JZ0Q80Y65Z75Z95MDYNNHM0T,2025-06-30T15:32:41.109744992Z,01JZ0Q817CP0Z0998GVVV95167,2025-06-30T15:32:41.109744992Z
01JZ0RHNYX8AY542VMWNTNV3YC,01JZ0R44WS56B1WD5354KYAZ6V,2025-06-30T15:51:00.317541386Z,01JZ0R44ZMT5HYXWVABB60AH0G,2025-06-30T15:51:00.317541386Z,01JZ0R6DY0PYZTQ6QXN5D3091D,2025-06-30T15:51:00.317541386Z,01JZ0RDSDRWJSGT5RWM6SPP1BW,2025-06-30T15:51:00.317541386Z,01JZ0RDSJT0J3J6TXBT5BY8JVJ,2025-06-30T15:51:00.317541386Z
01JZ0VHQKRZGGA0EZ4M8J4H9AR,01JZ0TXM4HA3Q8P6D6TPYYS7R3,2025-06-30T16:43:27.736120317Z,01JZ0TXMB9EHVXHHHV3J3SQY3A,2025-06-30T16:43:27.736120317Z,01JZ0V235S6CZJYVFR20PRGSYA,2025-06-30T16:43:27.736120317Z,01JZ0VC1S39MS0B0H13TGRSYRF,2025-06-30T16:43:27.736120317Z,01JZ0VC25FKFRXHJBWRFR8MKCM,2025-06-30T16:43:27.736120317Z
01JZ0FRGWC4652V5R0B5W8S023,01JZ0F67X5J6SBR3095JZ2KKHQ,2025-06-30T13:17:27.308383424Z,01JZ0F67ZBCBNFH7W25EXNBXDS,2025-06-30T13:17:27.308383424Z,01JZ0FBTADG31H10PAMS1NCN0Q,2025-06-30T13:17:27.308383424Z,01JZ0FMTH61B85RYBN11B94K2X,2025-06-30T13:17:27.308383424Z,01JZ0FMTJK8MT6FWXHF4X5Q4EJ,2025-06-30T13:17:27.308383424Z
01JZ0FTZ637B6C63N07YCSKM8S,01JZ0F67X5J6SBR3095JZ2KKHQ,2025-06-30T13:18:47.491614232Z,01JZ0F67Z9QH00F8GAYATW0H4D,2025-06-30T13:18:47.491614232Z,01JZ0FBFHWN5BJ51P0FGARBC23,2025-06-30T13:18:47.491614232Z,01JZ0FTXV8DQ25Y1P16E5V0W1X,2025-06-30T13:18:47.491614232Z,01JZ0FTXYPFYG58CK5DBF2NKQZ,2025-06-30T13:18:47.491614232Z
01JZ0HH4GGC02XR7XG5T0JTR52,01JZ0H1K4AG17CS34Z9G9MQYDS,2025-06-30T13:48:22.416579387Z,01JZ0H1K706F68YJ8PB50DJAH3,2025-06-30T13:48:22.416579387Z,01JZ0H3DQBF6NG57HME37ZG9W2,2025-06-30T13:48:22.416579387Z,01JZ0HDDQ1TQC05SZV1MP12GS4,2025-06-30T13:48:22.416579387Z,01JZ0HDDSFZBZK7AXDGPTGJQ25,2025-06-30T13:48:22.416579387Z
01JZ0QNA74CZHB7PT73Q2X3GH9,01JZ0Q0CTMMAVY329HW6Z84SYY,2025-06-30T15:35:30.788655528Z,01JZ0Q0CX32Y5M8NZMVY0C598C,2025-06-30T15:35:30.788655528Z,01JZ0Q1XK4W03P06KT3W3H02FD,2025-06-30T15:35:30.788655528Z,01JZ0QDJHQJDYMGBWSK600715P,2025-06-30T15:35:30.788655528Z,01JZ0QDJR0GZNPFGCZ89K3XVSM,2025-06-30T15:35:30.788655528Z
01JZ0SN94WJQJ9PD5FJZ6NN1KQ,01JZ0S9G3E1V9Y4W1M8GV3AGA9,2025-06-30T16:10:26.844705081Z,01JZ0S9G69Y1BMBR3KZBCDH0XZ,2025-06-30T16:10:26.844705081Z,01JZ0SJJTJT1R8CXNS1AZ1Y0R9,2025-06-30T16:10:26.844705081Z,01JZ0SN4MEMH5GM4GGX339NA9T,2025-06-30T16:10:26.844705081Z,01JZ0SN55ADBCNQDSTZ5QJSR2S,2025-06-30T16:10:26.844705081Z
01JZ0TJXTW4S2RBVJZKZG05RXE,01JZ0T594M7DT83RJMYEJDT186,2025-06-30T16:26:38.30086594Z,01JZ0T59780CP4Z1F2CEHFDNAC,2025-06-30T16:26:38.30086594Z,01JZ0T8PDXGTH6126KNQYQ7G1B,2025-06-30T16:26:38.30086594Z,01JZ0TGXAWKWP7D51X7AXHZM1D,2025-06-30T16:26:38.30086594Z,01JZ0TGXJC9KX3P475M2PFTP69,2025-06-30T16:26:38.30086594Z
01JZ0FR5JTJXTCYAQATHX5GW15,01JZ0F67X5J6SBR3095JZ2KKHQ,2025-06-30T13:17:15.738260519Z,01JZ0F67ZFPZEHV6BKFXQYDXZZ,2025-06-30T13:17:15.738260519Z,01JZ0FC1MEEYB5ZHG0QP6GKMWQ,2025-06-30T13:17:15.738260519Z,01JZ0FG2SJJXSPJMK47NEFHHR0,2025-06-30T13:17:15.738260519Z,01JZ0FG30S8SK0E7TF5JG8VH83,2025-06-30T13:17:15.738260519Z
01JZ0FY2Z4X645QD51STMTZZ4W,01JZ0F67X5J6SBR3095JZ2KKHQ,2025-06-30T13:20:29.668473152Z,01JZ0F67Z8B8A42G6Y5XQ0NS83,2025-06-30T13:20:29.668473152Z,01JZ0FEY0G09HWKF9WWANREXZ5,2025-06-30T13:20:29.668473152Z,01JZ0FW5GZ8NR8PVKBDD2P70TS,2025-06-30T13:20:29.668473152Z,01JZ0FW5QGFJPJFP15FA134F1G,2025-06-30T13:20:29.668473152Z
01JZ0RR2Y50YGHYGQW5M75G1ZN,01JZ0R44WS56B1WD5354KYAZ6V,2025-06-30T15:54:30.213733072Z,01JZ0R450M24K8ZS9F18EDTFG6,2025-06-30T15:54:30.213733072Z,01JZ0R7JRQCNM0P6EPHSR9C03P,2025-06-30T15:54:30.213733072Z,01JZ0RFVBFFNRKJT9EHEAYC485,2025-06-30T15:54:30.213733072Z,01JZ0RFVWN170CBGHE0CV24TPX,2025-06-30T15:54:30.213733072Z
01JZ0FXANVWBW9S9X0890BZTX9,01JZ0F67X5J6SBR3095JZ2KKHQ,2025-06-30T13:20:04.795118917Z,01JZ0F67Z49S75BR56TBMFCZ55,2025-06-30T13:20:04.795118917Z,01JZ0FFGTFMV7PJRGYB0RPYNEQ,2025-06-30T13:20:04.795118917Z,01JZ0FQRVP5GMFQVC581G5X73Z,2025-06-30T13:20:04.795118917Z,01JZ0FQRYE5D08GHPGRQ7F9MSZ,2025-06-30T13:20:04.795118917Z
01JZ0FQSQC79WZW5GGWWQSMMD9,01JZ0F67X5J6SBR3095JZ2KKHQ,2025-06-30T13:17:03.596594737Z,01JZ0F67Z49S75BR56TBMFCZ55,2025-06-30T13:17:03.596594737Z,01JZ0FBHX2TJBWPC22SZF26RQD,2025-06-30T13:17:03.596594737Z,01JZ0FQRV86T3D357C7FEC28TG,2025-06-30T13:17:03.596594737Z,01JZ0FQRWSXTWWYSZYJ33CE0NE,2025-06-30T13:17:03.596594737Z
01JZ0KAN2VFB32XS7Z1BT1WMT9,01JZ0JJRG62BDVPN4H0KJ2XPWK,2025-06-30T14:19:47.16347899Z,01JZ0JJRMFBKARHHQY8ZXKDX2Q,2025-06-30T14:19:47.16347899Z,01JZ0JQGZSJTMNWN83V0DRTF9B,2025-06-30T14:19:47.16347899Z,01JZ0K2YFDRB6P8RBG2K4YQT5E,2025-06-30T14:19:47.16347899Z,01JZ0K2YKWQGXB2D5TT2VWR3KY,2025-06-30T14:19:47.16347899Z
01JZ0R2176A89KCK1Y9Z3J4SGG,01JZ0QGE33ZWYV7A3256FYEZA6,2025-06-30T15:42:27.558525181Z,01JZ0QGE4MQBM7ZJEFVQMWJX02,2025-06-30T15:42:27.558525181Z,01JZ0QNHS7A9KGEH6HJK27570S,2025-06-30T15:42:27.558525181Z,01JZ0QT8E57KE5FS60Y0XYREM2,2025-06-30T15:42:27.558525181Z,01JZ0QT8NST1K1X1Z5J8NEMNZB,2025-06-30T15:42:27.558525181Z
01JZ0RFTW02GTS4WVSAMYRCSNP,01JZ0R44WS56B1WD5354KYAZ6V,2025-06-30T15:49:59.80822319Z,01JZ0R44ZMT5HYXWVABB60AH0G,2025-06-30T15:49:59.80822319Z,01JZ0R83TEZ3G1FW66WSBKZX4F,2025-06-30T15:49:59.80822319Z,01JZ0RDSDRWJSGT5RWM6SPP1BW,2025-06-30T15:49:59.80822319Z,01JZ0RDSJ36V2BKV8CCXRG2JRZ,2025-06-30T15:49:59.80822319Z
01JZ0RNBJDPFK2T7HHXH6ZWDHF,01JZ0R44WS56B1WD5354KYAZ6V,2025-06-30T15:53:00.749847857Z,01JZ0R450A0M8Q4QC968ZVRS9H,2025-06-30T15:53:00.749847857Z,01JZ0R9QCHAWV30C13DYNCKKAJ,2025-06-30T15:53:00.749847857Z,01JZ0RFNY7CAK7Q2XWPCT4A1FS,2025-06-30T15:53:00.749847857Z,01JZ0RFP82RB3G25B358MRPN2C,2025-06-30T15:53:00.749847857Z
01JZ0T1G6EYZKNS4CQPNM97N15,01JZ0S9G3E1V9Y4W1M8GV3AGA9,2025-06-30T16:17:07.278081383Z,01JZ0S9GD9MABT2H3JKQDC0TB1,2025-06-30T16:17:07.278081383Z,01JZ0SFAB8AJ95H1FWSSMEW656,2025-06-30T16:17:07.278081383Z,01JZ0SSG34JT0X3XRW8CEGH08T,2025-06-30T16:17:07.278081383Z,01JZ0SSGGKMNPA168ZKGDDTF18,2025-06-30T16:17:07.278081383Z
01JZ0FKTEVDVBT92TFF28AXYBH,01JZ0F67X5J6SBR3095JZ2KKHQ,2025-06-30T13:14:53.27510195Z,01JZ0F67Z745P2890BJ7Q88E3R,2025-06-30T13:14:53.27510195Z,01JZ0FAQ5BESSRJ4RCV3JDZV7P,2025-06-30T13:14:53.27510195Z,01JZ0FHYT9MR26XHFRG86H7E34,2025-06-30T13:14:53.27510195Z,01JZ0FHYVK77GVMYV13V3F359H,2025-06-30T13:14:53.27510195Z
01JZ0HEWHS34C8E86A9B7KR5YZ,01JZ0H1K4AG17CS34Z9G9MQYDS,2025-06-30T13:47:08.729316048Z,01JZ0H1K7KVN4Q30DF0C4SZNQW,2025-06-30T13:47:08.729316048Z,01JZ0H5NHK4FCF20XWKMPQHP0X,2025-06-30T13:47:08.729316048Z,01JZ0H9B6QJSN4ERPYEHH37CV2,2025-06-30T13:47:08.729316048Z,01JZ0H9B8GVG80CZTQJ7EAAY9T,2025-06-30T13:47:08.729316048Z
01JZ0MHWXW5QAJ2E4P08S00RHC,01JZ0KZHFC2GEC175ZSKVHYGR2,2025-06-30T14:41:13.148068693Z,01JZ0KZHHH6W8J7M02JDFMAQF5,2025-06-30T14:41:13.148068693Z,01JZ0M54HPQHGGA41RRPR08XFH,2025-06-30T14:41:13.148068693Z,01JZ0MA5916T3H75HESE7GFNFJ,2025-06-30T14:41:13.148068693Z,01JZ0MA5GFKK4TBG9714N52PVS,2025-06-30T14:41:13.148068693Z
01JZ0RR0MQ85DCNNDEN3WF6G9N,01JZ0R44WS56B1WD5354KYAZ6V,2025-06-30T15:54:27.863174472Z,01JZ0R44ZAP7PYVAMQ60PRQDRH,2025-06-30T15:54:27.863174472Z,01JZ0RE6P0QX4X0JPFQFZG4YVE,2025-06-30T15:54:27.863174472Z,01JZ0RJBMJ9DTWHHQXZG22T28N,2025-06-30T15:54:27.863174472Z,01JZ0RJBW6NBSE447RZSSMW517,2025-06-30T15:54:27.863174472Z
01JZ0SSDFS8V9W44N47K9RTDP8,01JZ0S9G3E1V9Y4W1M8GV3AGA9,2025-06-30T16:12:42.36174896Z,01JZ0S9GBDE95BAEJ35DY3VGC4,2025-06-30T16:12:42.36174896Z,01JZ0SF8Y0WXYRQ4GJQKYS7F99,2025-06-30T16:12:42.36174896Z,01JZ0SQECM4D5XPER5PREQ6RDB,2025-06-30T16:12:42.36174896Z,01JZ0SQEKJAXEV821HYNHJ7WE2,2025-06-30T16:12:42.36174896Z
01JZ0SZ9WV9KW714SH79CNJQ2J,01JZ0S9G3E1V9Y4W1M8GV3AGA9,2025-06-30T16:15:55.291695875Z,01JZ0S9GBDE95BAEJ35DY3VGC4,2025-06-30T16:15:55.291695875Z,01JZ0SF8Y0WXYRQ4GJQKYS7F99,2025-06-30T16:15:55.291695875Z,01JZ0SQEEYPA1PRSBERW5HV0M1,2025-06-30T16:15:55.291695875Z,01JZ0SQES7NWZTW9WK0EQVQ7QQ,2025-06-30T16:15:55.291695875Z
01JZ0FSJ5625FEACH22AB0TBWJ,01JZ0F67X5J6SBR3095JZ2KKHQ,2025-06-30T13:18:01.382537469Z,01JZ0F67Z61XNM528ZD36RPYGY,2025-06-30T13:18:01.382537469Z,01JZ0FB2Y3WR2G1EJJBJKTTDHJ,2025-06-30T13:18:01.382537469Z,01JZ0FHHXKVV2N4PSEC0HE9PJQ,2025-06-30T13:18:01.382537469Z,01JZ0FHJ1WTPR3M03VPZ8ER6X1,2025-06-30T13:18:01.382537469Z
01JZ0FPP5WBYEHD59C1D2ZG5FM,01JZ0F67X5J6SBR3095JZ2KKHQ,2025-06-30T13:16:27.196305185Z,01JZ0F67ZBCBNFH7W25EXNBXDS,2025-06-30T13:16:27.196305185Z,01JZ0FBJYV0GPQR4A1052RSJR7,2025-06-30T13:16:27.196305185Z,01JZ0FMTH61B85RYBN11B94K2X,2025-06-30T13:16:27.196305185Z,01JZ0FMTJF1WZN1A88JYEMEF1J,2025-06-30T13:16:27.196305185Z
01JZ0HDWJ3Q8VMH7J6PT8WR4A8,01JZ0H1K4AG17CS34Z9G9MQYDS,2025-06-30T13:46:35.971545738Z,01JZ0H1K7C3FKHJS5GP9RE7N8D,2025-06-30T13:46:35.971545738Z,01JZ0H4TXV5HDVPR9EH08YRVXA,2025-06-30T13:46:35.971545738Z,01JZ0HA59FS77DYF0M07SAVR93,2025-06-30T13:46:35.971545738Z,01JZ0HA5D7T746XNRX43WP2G95,2025-06-30T13:46:35.971545738Z
01JZ0HHBMVCKXBVD9YFSN9EFQV,01JZ0H1K4AG17CS34Z9G9MQYDS,2025-06-30T13:48:29.723142885Z,01JZ0H1K7KVN4Q30DF0C4SZNQW,2025-06-30T13:48:29.723142885Z,01JZ0H5NHK4FCF20XWKMPQHP0X,2025-06-30T13:48:29.723142885Z,01JZ0H9B6DA8VEFJSXMGJKGTNQ,2025-06-30T13:48:29.723142885Z,01JZ0H9BASB2QA3BTDYH4M0YMF,2025-06-30T13:48:29.723142885Z
01JZ0MECZAW0S0RQDCZFCA2QXW,01JZ0KZHFC2GEC175ZSKVHYGR2,2025-06-30T14:39:18.506664466Z,01JZ0KZHGK1V8ZC0AXDBXBYAX9,2025-06-30T14:39:18.506664466Z,01JZ0M1ME27Y1N3FYW0PRRTSM1,2025-06-30T14:39:18.506664466Z,01JZ0M8V6QTQ2XMY7H3K1D6P3H,2025-06-30T14:39:18.506664466Z,01JZ0M8V9V4RFKNG1ZYBDF5NW8,2025-06-30T14:39:18.506664466Z
01JZ0RJEG0NBGVRH82Q63GJYE0,01JZ0R44WS56B1WD5354KYAZ6V,2025-06-30T15:51:25.440333204Z,01JZ0R44ZAP7PYVAMQ60PRQDRH,2025-06-30T15:51:25.440333204Z,01JZ0R7SM9A3MD6J7CWH0BFG4D,2025-06-30T15:51:25.440333204Z,01JZ0RJBJJD277J3G3HQ49QDSN,2025-06-30T15:51:25.440333204Z,01JZ0RJBR5BN0F46D7MGGRRHZE,2025-06-30T15:51:25.440333204Z
01JZ0SW8ZYCTTB34F7M34T54VX,01JZ0S9G3E1V9Y4W1M8GV3AGA9,2025-06-30T16:14:16.062250443Z,01JZ0S9GCCCNBKT0N3T9B2PH95,2025-06-30T16:14:16.062250443Z,01JZ0SF01HCY6JAKBVS9CYAVSQ,2025-06-30T16:14:16.062250443Z,01JZ0SRFZN1N49MKZCM7JQAT6Y,2025-06-30T16:14:16.062250443Z,01JZ0SRG7EH5WJQEQ9TMP2TMS5,2025-06-30T16:14:16.062250443Z
01JZ0FK4H9FX0WBMEE7MSEA7NR,01JZ0F67X5J6SBR3095JZ2KKHQ,2025-06-30T13:14:30.825673925Z,01JZ0F67ZKKPGDC64ETWQZ69WV,2025-06-30T13:14:30.825673925Z,01JZ0FD6F005B6TFCSX425WZE3,2025-06-30T13:14:30.825673925Z,01JZ0FFEABFZ5CT87GW8737MVN,2025-06-30T13:14:30.825673925Z,01JZ0FFEC6XGG49HV5FMTAEST6,2025-06-30T13:14:30.825673925Z
01JZ0HEJPNAFYXSK2Y60BNBNMP,01JZ0H1K4AG17CS34Z9G9MQYDS,2025-06-30T13:46:58.645554223Z,01JZ0H1K7HVYD71R3W6V80C6V1,2025-06-30T13:46:58.645554223Z,01JZ0H3VXRWN9J2736JNSGF5MJ,2025-06-30T13:46:58.645554223Z,01JZ0HAVS54E0S6EA1VSCPJE2W,2025-06-30T13:46:58.645554223Z,01JZ0HAVVCQ82X051SZY3976BH,2025-06-30T13:46:58.645554223Z
01JZ0HSKBG8EJEE5WA6T384BCR,01JZ0H1K4AG17CS34Z9G9MQYDS,2025-06-30T13:52:59.760653138Z,01JZ0H1K6XDYNJQ07N0KM3P1VX,2025-06-30T13:52:59.760653138Z,01JZ0HFAPSHETXH7P0VV2YXR0K,2025-06-30T13:52:59.760653138Z,01JZ0HJ6KZ6VJHS2QT0Z4BB8RA,2025-06-30T13:52:59.760653138Z,01JZ0HJ6RKJ6RT7XJANE1YQDT8,2025-06-30T13:52:59.760653138Z
01JZ0K0SXB2K7ZWRBPDGJNYMX8,01JZ0JJRG62BDVPN4H0KJ2XPWK,2025-06-30T14:14:24.42744404Z,01JZ0JJRK7MTN7FAC1224V82KC,2025-06-30T14:14:24.42744404Z,01JZ0JP3H5ZBY270NSRJET22GY,2025-06-30T14:14:24.42744404Z,01JZ0JYWVCPFC72SM7P2B0329V,2025-06-30T14:14:24.42744404Z,01JZ0JYX1ACQSEMTTPSG3GV37X,2025-06-30T14:14:24.42744404Z
01JZ0PG0HCVJQHZ0YSQR42DPS6,01JZ0NSN7EKS122Z238A4PF66D,2025-06-30T15:15:08.460928541Z,01JZ0NSNACQB6FV8GE0XS7JKF9,2025-06-30T15:15:08.460928541Z,01JZ0M79979MVE3M2PF579XFD7,2025-06-30T15:15:08.460928541Z,01JZ0P7YP7SFT6YST1RXA150KJ,2025-06-30T15:15:08.460928541Z,01JZ0P7YWKC5S0E0Z41QN5DB90,2025-06-30T15:15:08.460928541Z
01JZ0PV7S8C4VRP8MXYZJJDGBR,01JZ0PDFE8X2A24VZSJDD0T2BH,2025-06-30T15:21:16.328737384Z,01JZ0PDFG0TZHQMJ413RSFKXP4,2025-06-30T15:21:16.328737384Z,01JZ0JQKQ0F0M9FF1E7KJ74SGD,2025-06-30T15:21:16.328737384Z,01JZ0PSB8QFHT28EPRTVD2EBFB,2025-06-30T15:21:16.328737384Z,01JZ0PSBCHKVBAR0MEERQD2M0T,2025-06-30T15:21:16.328737384Z
01JZ0FS81DQ6RXJGC8V4QAJE1P,01JZ0F67X5J6SBR3095JZ2KKHQ,2025-06-30T13:17:51.021420541Z,01JZ0F67Z61XNM528ZD36RPYGY,2025-06-30T13:17:51.021420541Z,01JZ0FCDGSPH1H2BZZPN1QS63M,2025-06-30T13:17:51.021420541Z,01JZ0FHHXB2X4MX44PK6HBFG6Y,2025-06-30T13:17:51.021420541Z,01JZ0FHJ18987TCPZ5FNGT50K4,2025-06-30T13:17:51.021420541Z
01JZ0FVFT88SZXA9J6T0ZYTKZB,01JZ0F67X5J6SBR3095JZ2KKHQ,2025-06-30T13:19:04.520054418Z,01JZ0F67Z49S75BR56TBMFCZ55,2025-06-30T13:19:04.520054418Z,01JZ0FBHX2TJBWPC22SZF26RQD,2025-06-30T13:19:04.520054418Z,01JZ0FQRVP5GMFQVC581G5X73Z,2025-06-30T13:19:04.520054418Z,01JZ0FQRY62N91HWZYHG7WJHE0,2025-06-30T13:19:04.520054418Z
01JZ0FWJMKSHYRWNCXDB731DP1,01JZ0F67X5J6SBR3095JZ2KKHQ,2025-06-30T13:19:40.179521849Z,01JZ0F67ZBCBNFH7W25EXNBXDS,2025-06-30T13:19:40.179521849Z,01JZ0FCN8BDH6X8PVE3VG95N20,2025-06-30T13:19:40.179521849Z,01JZ0FMTGSXZ0PE0V260NPYTTX,2025-06-30T13:19:40.179521849Z,01JZ0FMTKS92JPRD7H687CCF0F,2025-06-30T13:19:40.179521849Z
01JZ0FWT5DAKF9A4J5524347J4,01JZ0F67X5J6SBR3095JZ2KKHQ,2025-06-30T13:19:47.885692045Z,01JZ0F67Z9QH00F8GAYATW0H4D,2025-06-30T13:19:47.885692045Z,01JZ0FBFHWN5BJ51P0FGARBC23,2025-06-30T13:19:47.885692045Z,01JZ0FTXTTSA7KPT3ZKN66DGDE,2025-06-30T13:19:47.885692045Z,01JZ0FTXZXN4AN1H258C86HK5W,2025-06-30T13:19:47.885692045Z
01JZ0G3YA683HH3ATRYW2C22FZ,01JZ0F67X5J6SBR3095JZ2KKHQ,2025-06-30T13:23:41.510646798Z,01JZ0F67Z8B8A42G6Y5XQ0NS83,2025-06-30T13:23:41.510646798Z,01JZ0FJ5HQADXB6GZQKEP8JRB4,2025-06-30T13:23:41.510646798Z,01JZ0FW5G0W9NQCXN3NK81J7WX,2025-06-30T13:23:41.510646798Z,01JZ0FW5WER34PXY39ZZCV97CQ,2025-06-30T13:23:41.510646798Z
01JZ0HHPTFMQE5J0CVXF0116BP,01JZ0H1K4AG17CS34Z9G9MQYDS,2025-06-30T13:48:41.167807482Z,01JZ0H1K7FV78W73P31JXQYTKA,2025-06-30T13:48:41.167807482Z,01JZ0H4KADAPWGV6ZSDZSCPDP8,2025-06-30T13:48:41.167807482Z,01JZ0HC59VR7BR28QM5T4X3DVY,2025-06-30T13:48:41.167807482Z,01JZ0HC5C8Z4D5Q4V1J8086SSP,2025-06-30T13:48:41.167807482Z
01JZ0NWRA2YKHQPKNJHA3M3DGR,01JZ0N9PMZHSN31DAQRPMDQCYE,2025-06-30T15:04:37.442151656Z,01JZ0N9PPX2EBNCBEJCH5EHX43,2025-06-30T15:04:37.442151656Z,01JZ0NQ3C4VN4SR6B2B3YFZF4P,2025-06-30T15:04:37.442151656Z,01JZ0NQ6AS26ETG3TZPNN36FTM,2025-06-30T15:04:37.442151656Z,01JZ0NQ6DTMPVHS1CNXFSFA3WG,2025-06-30T15:04:37.442151656Z
01JZ0SRJS97WANBH3Q8NZ28D8W,01JZ0S9G3E1V9Y4W1M8GV3AGA9,2025-06-30T16:12:15.017365057Z,01JZ0S9GCCCNBKT0N3T9B2PH95,2025-06-30T16:12:15.017365057Z,01JZ0SP7TST5CACWCPNMPHCFPK,2025-06-30T16:12:15.017365057Z,01JZ0SRFYRXFVCDDP0ABTHSNX2,2025-06-30T16:12:15.017365057Z,01JZ0SRG3KTZ3R7RP72Z3N594X,2025-06-30T16:12:15.017365057Z
01JZ0FSK4GXTBK5JNW1WKYZM7Q,01JZ0F67X5J6SBR3095JZ2KKHQ,2025-06-30T13:18:02.384843264Z,01JZ0F67ZJJG6P50PFSVWKXYA5,2025-06-30T13:18:02.384843264Z,01JZ0FC4XKNHNZF8W9T4WA3XB0,2025-06-30T13:18:02.384843264Z,01JZ0FHJPK6AHGZZK2A3C93XZV,2025-06-30T13:18:02.384843264Z,01JZ0FHJWH8G0XHP8Y378NPP38,2025-06-30T13:18:02.384843264Z
01JZ0V8RXQD18C897S5VCTNSQF,01JZ0TXM4HA3Q8P6D6TPYYS7R3,2025-06-30T16:38:34.167852853Z,01JZ0TXMAAZJ4VJWA2WTVHG174,2025-06-30T16:38:34.167852853Z,01JZ0V1S612A57R9KJ7DENVWAG,2025-06-30T16:38:34.167852853Z,01JZ0V8M42RMRY2C4MPYB0YYVH,2025-06-30T16:38:34.167852853Z,01JZ0V8MA8ZRCYYEP5BGPZR17K,2025-06-30T16:38:34.167852853Z
01JZ0SZZG3FEVWRRE3VW828W2G,01JZ0S9G3E1V9Y4W1M8GV3AGA9,2025-06-30T16:16:17.411494328Z,01JZ0S9GCCCNBKT0N3T9B2PH95,2025-06-30T16:16:17.411494328Z,01JZ0SF6SRD67J9Q4V8979AFYM,2025-06-30T16:16:17.411494328Z,01JZ0SRG0CEZMWVQAPHXXK1E4M,2025-06-30T16:16:17.411494328Z,01JZ0SRGAYBZMPBX0YA7PMP4Q5,2025-06-30T16:16:17.411494328Z
01JZ0K6STHG4RW67GA1HF8DH1V,01JZ0JJRG62BDVPN4H0KJ2XPWK,2025-06-30T14:17:40.945562592Z,01JZ0JJRKH7XD764W2MEEG7PFH,2025-06-30T14:17:40.945562592Z,01JZ0JR8TNC3BX4SGFJ6K8AMXM,2025-06-30T14:17:40.945562592Z,01JZ0JZD8JXKMQQW9WMSBKBY23,2025-06-30T14:17:40.945562592Z,01JZ0JZDBZ99Q253HVMEA4FN37,2025-06-30T14:17:40.945562592Z
01JZ0RKGB9S9BRDSQCKR5C9PR1,01JZ0R44WS56B1WD5354KYAZ6V,2025-06-30T15:52:00.105118181Z,01JZ0R450A0M8Q4QC968ZVRS9H,2025-06-30T15:52:00.105118181Z,01JZ0RA66F3FBNJZBRD9WM83NA,2025-06-30T15:52:00.105118181Z,01JZ0RFNY7CAK7Q2XWPCT4A1FS,2025-06-30T15:52:00.105118181Z,01JZ0RFP6TS1VM831H7YBVG7QF,2025-06-30T15:52:00.105118181Z
01JZ0K1VE7VK99P7T1805VMF55,01JZ0JJRG62BDVPN4H0KJ2XPWK,2025-06-30T14:14:58.75915869Z,01JZ0JJRKVJXBJGVYTJ6TBMBFM,2025-06-30T14:14:58.75915869Z,01JZ0JN9702Q6F60B6DGZMFR8D,2025-06-30T14:14:58.75915869Z,01JZ0JW9G1715DA28FHK9V31XS,2025-06-30T14:14:58.75915869Z,01JZ0JW9KGW8AB7MX6GG82BSHN,2025-06-30T14:14:58.75915869Z
01JZ0HM09KB4WAK5ZHAKGPVG95,01JZ0H1K4AG17CS34Z9G9MQYDS,2025-06-30T13:49:56.403451655Z,01JZ0H1K72P9WWMQFG7ACVRNHM,2025-06-30T13:49:56.403451655Z,01JZ0H8K2CDF6MZFYJA1D8AYDZ,2025-06-30T13:49:56.403451655Z,01JZ0HKZ3D61ECPKE25B0BSXEN,2025-06-30T13:49:56.403451655Z,01JZ0HKZ3TGA8Z5WQDDTNEW16T,2025-06-30T13:49:56.403451655Z
01JZ0HQNW8SFG0FVE4EVNT02G6,01JZ0H1K4AG17CS34Z9G9MQYDS,2025-06-30T13:51:56.808754591Z,01JZ0H1K72P9WWMQFG7ACVRNHM,2025-06-30T13:51:56.808754591Z,01JZ0H3BSJ76APYEW8F641XA8T,2025-06-30T13:51:56.808754591Z,01JZ0HKZ2G50KS7CBCD3M87YFZ,2025-06-30T13:51:56.808754591Z,01JZ0HKZ54PQ7DGBPD2DVHEXWT,2025-06-30T13:51:56.808754591Z
01JZ0K6N9KRDY5QA62FFZ7VQ6P,01JZ0JJRG62BDVPN4H0KJ2XPWK,2025-06-30T14:17:36.307736016Z,01JZ0JJRMFBKARHHQY8ZXKDX2Q,2025-06-30T14:17:36.307736016Z,01JZ0K2MMEXP18DBVH90QK1R5V,2025-06-30T14:17:36.307736016Z,01JZ0K2YERTFQAJEQ3WTQCHG83,2025-06-30T14:17:36.307736016Z,01JZ0K2YHF3CW1PRPH7XT6X3MW,2025-06-30T14:17:36.307736016Z
01JZ0MGQGX7652S12TAF9HAMNM,01JZ0KZHFC2GEC175ZSKVHYGR2,2025-06-30T14:40:34.846025073Z,01JZ0KZHHC2JQ9380R79DSYF93,2025-06-30T14:40:34.846025073Z,01JZ0MDBRA35TVD8HTPMBDQBBA,2025-06-30T14:40:34.846025073Z,01JZ0MGP0BR7RSR59YVFT9BBWM,2025-06-30T14:40:34.846025073Z,01JZ0MGP2W9YQKVFWME12ZRKRM,2025-06-30T14:40:34.846025073Z
01JZ0FGWCCC051YKN73PJT5Q7W,01JZ0F67X5J6SBR3095JZ2KKHQ,2025-06-30T13:13:16.940734805Z,01JZ0F67ZEPC67VW242P0YYZAA,2025-06-30T13:13:16.940734805Z,01JZ0FADP9EKGDX636W54K492Z,2025-06-30T13:13:16.940734805Z,01JZ0FF152BEQYSVW0DGQ8J2MY,2025-06-30T13:13:16.940734805Z,01JZ0FF16924XPFD3ZH6W912TQ,2025-06-30T13:13:16.940734805Z
01JZ0FQZXJF2QVC193T51JARZ5,01JZ0F67X5J6SBR3095JZ2KKHQ,2025-06-30T13:17:09.939032114Z,01JZ0F67ZPF4121D8VQV580KT1,2025-06-30T13:17:09.939032114Z,01JZ0FB771X9NXKNJD45VGGVHG,2025-06-30T13:17:09.939032114Z,01JZ0FG9XP257X71Y6S76BWV4E,2025-06-30T13:17:09.939032114Z,01JZ0FGA04XG30PW7JD903HZR0,2025-06-30T13:17:09.939032114Z
01JZ0HDEQDH55RNJMQXGS2FENG,01JZ0H1K4AG17CS34Z9G9MQYDS,2025-06-30T13:46:21.805357377Z,01JZ0H1K706F68YJ8PB50DJAH3,2025-06-30T13:46:21.805357377Z,01JZ0HD6YGD591QW3T9DNTT5JC,2025-06-30T13:46:21.805357377Z,01JZ0HDDPNMSPR4T4J88QKCFZD,2025-06-30T13:46:21.805357377Z,01JZ0HDDR6MW4RT7D4B4411TJF,2025-06-30T13:46:21.805357377Z
01JZ0SXE3NYEAC685MMJCPDCD0,01JZ0S9G3E1V9Y4W1M8GV3AGA9,2025-06-30T16:14:54.069942097Z,01JZ0S9G69Y1BMBR3KZBCDH0XZ,2025-06-30T16:14:54.069942097Z,01JZ0SFBWH5DH0RBKQRJ6TWQK5,2025-06-30T16:14:54.069942097Z,01JZ0SN4V7E0WGAW93HPV2W0FT,2025-06-30T16:14:54.069942097Z,01JZ0SN6F6WB1YCGQJCBGBTK5X,2025-06-30T16:14:54.069942097Z
01JZ0FPP56ZWZ3CRN37T98G8KY,01JZ0F67X5J6SBR3095JZ2KKHQ,2025-06-30T13:16:27.174449203Z,01JZ0F67ZBCBNFH7W25EXNBXDS,2025-06-30T13:16:27.174449203Z,01JZ0FDJ7PWA5XP2271CRJKXBG,2025-06-30T13:16:27.174449203Z,01JZ0FMTH61B85RYBN11B94K2X,2025-06-30T13:16:27.174449203Z,01JZ0FMTJF1WZN1A88JYEMEF1J,2025-06-30T13:16:27.174449203Z
01JZ0FV2JD5P0CJ9EBQVNVQ5T1,01JZ0F67X5J6SBR3095JZ2KKHQ,2025-06-30T13:18:50.95780139Z,01JZ0F67ZNGQ7M2D3G3M0R8ZTD,2025-06-30T13:18:50.95780139Z,01JZ0FC09D1G1AHZCQZX30N8GY,2025-06-30T13:18:50.95780139Z,01JZ0FNH5C6Q73NCV3H5ND8BSP,2025-06-30T13:18:50.95780139Z,01JZ0FNH7RNVM69P187GPAFMTG,2025-06-30T13:18:50.95780139Z
01JZ0H9C2DZ9GG67RNCQDCDF18,01JZ0H1K4AG17CS34Z9G9MQYDS,2025-06-30T13:44:08.013142478Z,01JZ0H1K7KVN4Q30DF0C4SZNQW,2025-06-30T13:44:08.013142478Z,01JZ0H5NHK4FCF20XWKMPQHP0X,2025-06-30T13:44:08.013142478Z,01JZ0H9B5PPKDQREPED3E71754,2025-06-30T13:44:08.013142478Z,01JZ0H9B75HNB3M7R9QF3XKTAQ,2025-06-30T13:44:08.013142478Z
01JZ0HGDFHKCBVZ78CHHABSXFN,01JZ0H1K4AG17CS34Z9G9MQYDS,2025-06-30T13:47:58.833093503Z,01JZ0H1K7HVYD71R3W6V80C6V1,2025-06-30T13:47:58.833093503Z,01JZ0H5PHBAB5MFCHKQNJGE7KV,2025-06-30T13:47:58.833093503Z,01JZ0HAVS54E0S6EA1VSCPJE2W,2025-06-30T13:47:58.833093503Z,01JZ0HAVVM0BY2RF8T835AFZ86,2025-06-30T13:47:58.833093503Z
01JZ0PYXD938TZ0KDEZJDJEJ0A,01JZ0PDFE8X2A24VZSJDD0T2BH,2025-06-30T15:23:16.777090465Z,01JZ0PDFG0TZHQMJ413RSFKXP4,2025-06-30T15:23:16.777090465Z,01JZ0JQKQ0F0M9FF1E7KJ74SGD,2025-06-30T15:23:16.777090465Z,01JZ0PSB8QFHT28EPRTVD2EBFB,2025-06-30T15:23:16.777090465Z,01JZ0PSBD7P8Y6SKYWHEEY4RVY,2025-06-30T15:23:16.777090465Z
01JZ0FHZKXCE3T1SCA8653J64Q,01JZ0F67X5J6SBR3095JZ2KKHQ,2025-06-30T13:13:53.021778025Z,01JZ0F67Z745P2890BJ7Q88E3R,2025-06-30T13:13:53.021778025Z,01JZ0FBWR8H942AC9T38EZCDR4,2025-06-30T13:13:53.021778025Z,01JZ0FHYSNA4X4J5NJHCTV0XGQ,2025-06-30T13:13:53.021778025Z,01JZ0FHYTK1QANS50Y57QBF84C,2025-06-30T13:13:53.021778025Z
01JZ0JST8X4E8NFEEHFMGDDY6P,01JZ0JJRG62BDVPN4H0KJ2XPWK,2025-06-30T14:10:35.421431101Z,01JZ0JJRMQ32S1DDP8PZN3RKEA,2025-06-30T14:10:35.421431101Z,01JZ0JMMQB7PV7562FFEM02FS7,2025-06-30T14:10:35.421431101Z,01JZ0JSS6QMGKSS13PXSATY87K,2025-06-30T14:10:35.421431101Z,01JZ0JSS8Q2NF1NX2X04P0G2M0,2025-06-30T14:10:35.421431101Z
01JZ0SS1K785DWPT4RJ2FVG1WS,01JZ0S9G3E1V9Y4W1M8GV3AGA9,2025-06-30T16:12:30.18399295Z,01JZ0S9G9GQDAYDBEESMGH4RA5,2025-06-30T16:12:30.18399295Z,01JZ0SK9JXYJAB5JG2TDNVPFF3,2025-06-30T16:12:30.18399295Z,01JZ0SQ3C15Q09HYAH12H13T16,2025-06-30T16:12:30.18399295Z,01JZ0SQ3JN543SNRZGH35QNY7Y,2025-06-30T16:12:30.18399295Z
01JZ0HKHP429N4HZ5K463WZCGP,01JZ0H1K4AG17CS34Z9G9MQYDS,2025-06-30T13:49:41.444624212Z,01JZ0H1K7FV78W73P31JXQYTKA,2025-06-30T13:49:41.444624212Z,01JZ0H3TRTXRSVBAX9EY6PPX29,2025-06-30T13:49:41.444624212Z,01JZ0HC59N7VESSFANXQJ72DZ3,2025-06-30T13:49:41.444624212Z,01JZ0HC5D8EM51E0NPVJJ49FMZ,2025-06-30T13:49:41.444624212Z
01JZ0FEG32E5DKDFF5BR2W2T7E,01JZ0F67X5J6SBR3095JZ2KKHQ,2025-06-30T13:11:58.818257761Z,01JZ0F6805RKXP4JKMN5N89R8W,2025-06-30T13:11:58.818257761Z,01JZ0FBK3D0FB3G5QDK7X1X7G7,2025-06-30T13:11:58.818257761Z,01JZ0FEFHQRWH9TECM4DP0QTVV,2025-06-30T13:11:58.818257761Z,01JZ0FEFJEJ9WKHXZGPX5RF8AD,2025-06-30T13:11:58.818257761Z
01JZ0FXK3JRQKDT5PJ1E0VPCH1,01JZ0F67X5J6SBR3095JZ2KKHQ,2025-06-30T13:20:13.426419861Z,01JZ0F67ZNGQ7M2D3G3M0R8ZTD,2025-06-30T13:20:13.426419861Z,01JZ0FDQ7XEK8QFWNEW92QR4H3,2025-06-30T13:20:13.426419861Z,01JZ0FNH601WQKH2JDWKT7KJPX,2025-06-30T13:20:13.426419861Z,01JZ0FNH9ZV5JEKKM0N89RXH4K,2025-06-30T13:20:13.426419861Z
01JZ0FXK5AV33T95B0H5V462E0,01JZ0F67X5J6SBR3095JZ2KKHQ,2025-06-30T13:20:13.482900437Z,01JZ0F67ZNGQ7M2D3G3M0R8ZTD,2025-06-30T13:20:13.482900437Z,01JZ0FBJQ7C7D6J79CXDMZGZYP,2025-06-30T13:20:13.482900437Z,01JZ0FNH601WQKH2JDWKT7KJPX,2025-06-30T13:20:13.482900437Z,01JZ0FNH9ZV5JEKKM0N89RXH4K,2025-06-30T13:20:13.482900437Z
01JZ0MDKN4ECRXJ0P26KSZ8FR4,01JZ0KZHFC2GEC175ZSKVHYGR2,2025-06-30T14:38:52.580755088Z,01JZ0KZHGXZ28TMC40NC90GVYX,2025-06-30T14:38:52.580755088Z,01JZ0M0Y3WZXVFN2PP6BJX9R12,2025-06-30T14:38:52.580755088Z,01JZ0M9WSQ9DM8WT39RMXP13EB,2025-06-30T14:38:52.580755088Z,01JZ0M9WX75K2NEFNJQ9PW944K,2025-06-30T14:38:52.580755088Z
01JZ0QNMKCZF1XJ6ZJ59CYXPMK,01JZ0Q0CTMMAVY329HW6Z84SYY,2025-06-30T15:35:41.42042259Z,01JZ0Q0CX32Y5M8NZMVY0C598C,2025-06-30T15:35:41.42042259Z,01JZ0Q37ZE5E8WW1TTY1J69H1X,2025-06-30T15:35:41.42042259Z,01JZ0QDJJ6PK2DGMBX0ZV8FAWJ,2025-06-30T15:35:41.42042259Z,01JZ0QDJS22S799SNS5WQRJP09,2025-06-30T15:35:41.42042259Z
01JZ0RJEGNC062HCFHDZXPMQN2,01JZ0R44WS56B1WD5354KYAZ6V,2025-06-30T15:51:25.461722679Z,01JZ0R44ZAP7PYVAMQ60PRQDRH,2025-06-30T15:51:25.461722679Z,01JZ0REQKT4PY43TB41SDFP5R0,2025-06-30T15:51:25.461722679Z,01JZ0RJBJJD277J3G3HQ49QDSN,2025-06-30T15:51:25.461722679Z,01JZ0RJBR5BN0F46D7MGGRRHZE,2025-06-30T15:51:25.461722679Z
01JZ0SP78XN1HJ206KPG8225F2,01JZ0S9G3E1V9Y4W1M8GV3AGA9,2025-06-30T16:10:57.693976974Z,01JZ0S9G7VJHRZZRV1KXAXAXSY,2025-06-30T16:10:57.693976974Z,01JZ0SEEBH5P45502W37V2YJK1,2025-06-30T16:10:57.693976974Z,01JZ0SP4A04XPV6N27S5YJ1WSZ,2025-06-30T16:10:57.693976974Z,01JZ0SP4HR50WP99GXDS4YC9FK,2025-06-30T16:10:57.693976974Z
01JZ0FEG2Y98A1SM7B0EDDTXWK,01JZ0F67X5J6SBR3095JZ2KKHQ,2025-06-30T13:11:58.814326834Z,01JZ0F6805RKXP4JKMN5N89R8W,2025-06-30T13:11:58.814326834Z,01JZ0FAWW52BSADP6XRFJZKM7N,2025-06-30T13:11:58.814326834Z,01JZ0FEFHQRWH9TECM4DP0QTVV,2025-06-30T13:11:58.814326834Z,01JZ0FEFJEJ9WKHXZGPX5RF8AD,2025-06-30T13:11:58.814326834Z
01JZ0SXDNZ988177NTWN8J9TP7,01JZ0S9G3E1V9Y4W1M8GV3AGA9,2025-06-30T16:14:53.631078852Z,01JZ0S9GD9MABT2H3JKQDC0TB1,2025-06-30T16:14:53.631078852Z,01JZ0SPQA7VEEQ0Q5DK9RZENSP,2025-06-30T16:14:53.631078852Z,01JZ0SSG56XTAJ4MTPA3PZYF46,2025-06-30T16:14:53.631078852Z,01JZ0SSGAKN594A9625VW8DP41,2025-06-30T16:14:53.631078852Z
01JZ0PJNSAA4FJ3VRJBWZC5GPA,01JZ0NSN7EKS122Z238A4PF66D,2025-06-30T15:16:35.754702406Z,01JZ0NSNAYA5ZEAQVB789Y1XW2,2025-06-30T15:16:35.754702406Z,01JZ0NVNVCS2PF70NRPAQFB4PC,2025-06-30T15:16:35.754702406Z,01JZ0PB8D9R3T5HN8CJB5DS766,2025-06-30T15:16:35.754702406Z,01JZ0PB8HZ694HG0HHDZ8Z66GT,2025-06-30T15:16:35.754702406Z
01JZ0SQ7038BY389F502XMBVMB,01JZ0S9G3E1V9Y4W1M8GV3AGA9,2025-06-30T16:11:30.179453751Z,01JZ0S9G69Y1BMBR3KZBCDH0XZ,2025-06-30T16:11:30.179453751Z,01JZ0SJ8C2JTDBBCYPNE6VJW23,2025-06-30T16:11:30.179453751Z,01JZ0SN4RKR0FK21YDZFG99ED0,2025-06-30T16:11:30.179453751Z,01JZ0SN5AP1JHK5HQF6BX6GR4C,2025-06-30T16:11:30.179453751Z
01JZ0FRR64D61T27ZG2GW5P7D4,01JZ0F67X5J6SBR3095JZ2KKHQ,2025-06-30T13:17:34.788651174Z,01JZ0F67ZT8SK3RX0KMQXRZR64,2025-06-30T13:17:34.788651174Z,01JZ0FCMR7Z7FFG5JXJBS56NZK,2025-06-30T13:17:34.788651174Z,01JZ0FH23R372KV6QYNWSWRPR1,2025-06-30T13:17:34.788651174Z,01JZ0FH26QRDJQEJBBXQT6SYQ3,2025-06-30T13:17:34.788651174Z
01JZ0MC21D09ACA1TGA36KGG6E,01JZ0KZHFC2GEC175ZSKVHYGR2,2025-06-30T14:38:01.774036289Z,01JZ0KZHHH6W8J7M02JDFMAQF5,2025-06-30T14:38:01.774036289Z,01JZ0M54HPQHGGA41RRPR08XFH,2025-06-30T14:38:01.774036289Z,01JZ0MA57G6F6CZSS6TXQYY4X3,2025-06-30T14:38:01.774036289Z,01JZ0MA5C5QDZRV3ZH1ZHXBX0P,2025-06-30T14:38:01.774036289Z
01JZ0HF9PRKP1ZN7ZB3PKCX5AR,01JZ0H1K4AG17CS34Z9G9MQYDS,2025-06-30T13:47:22.200975091Z,01JZ0H1K706F68YJ8PB50DJAH3,2025-06-30T13:47:22.200975091Z,01JZ0H6EEFSCJKZ89CKKRRVF40,2025-06-30T13:47:22.200975091Z,01JZ0HDDQ1TQC05SZV1MP12GS4,2025-06-30T13:47:22.200975091Z,01JZ0HDDS74239BGHWBEHATDCG,2025-06-30T13:47:22.200975091Z
01JZ0FQF2XRAWD5J4RYB51C20T,01JZ0F67X5J6SBR3095JZ2KKHQ,2025-06-30T13:16:52.701235092Z,01JZ0F67ZGT4J2NC89JRSKF93F,2025-06-30T13:16:52.701235092Z,01JZ0FACXFQT958QDG28MQWC64,2025-06-30T13:16:52.701235092Z,01JZ0FHY0FF9TVSRZETCEYCTMP,2025-06-30T13:16:52.701235092Z,01JZ0FHY2AE8TWA2KG4E1QGE94,2025-06-30T13:16:52.701235092Z
01JZ0HHPTRC8YSQ0858BCX3141,01JZ0H1K4AG17CS34Z9G9MQYDS,2025-06-30T13:48:41.176564589Z,01JZ0H1K7FV78W73P31JXQYTKA,2025-06-30T13:48:41.176564589Z,01JZ0H42HREFCMBGJBTZGE91GN,2025-06-30T13:48:41.176564589Z,01JZ0HC59VR7BR28QM5T4X3DVY,2025-06-30T13:48:41.176564589Z,01JZ0HC5C8Z4D5Q4V1J8086SSP,2025-06-30T13:48:41.176564589Z
01JZ0TMRWMGFDAERY788Y5F481,01JZ0T594M7DT83RJMYEJDT186,2025-06-30T16:27:38.772666468Z,01JZ0T59780CP4Z1F2CEHFDNAC,2025-06-30T16:27:38.772666468Z,01JZ0T8PDXGTH6126KNQYQ7G1B,2025-06-30T16:27:38.772666468Z,01JZ0TGXAWKWP7D51X7AXHZM1D,2025-06-30T16:27:38.772666468Z,01JZ0TGXK4NFDN1NH84NCDE6ZG,2025-06-30T16:27:38.772666468Z
01JZ0FM2KEGTDM6MEZBVT66SVY,01JZ0F67X5J6SBR3095JZ2KKHQ,2025-06-30T13:15:01.614198545Z,01JZ0F67Z228X9RHKVM8F1277D,2025-06-30T13:15:01.614198545Z,01JZ0FBEXX6YYXM4ZAGWM86RSZ,2025-06-30T13:15:01.614198545Z,01JZ0FJ6P04EK093QJBJ8ZQ2DS,2025-06-30T13:15:01.614198545Z,01JZ0FJ6SBHJ7X638RST97CGZZ,2025-06-30T13:15:01.614198545Z
01JZ0FW29GFS340A9X4KS5RGTN,01JZ0F67X5J6SBR3095JZ2KKHQ,2025-06-30T13:19:23.440651889Z,01JZ0F67ZNGQ7M2D3G364WEKWP,2025-06-30T13:19:23.440651889Z,01JZ0FCYEY48D81TQPYGM7BEH5,2025-06-30T13:19:23.440651889Z,01JZ0FPGD3R4XTCQYX0YWJ9PM8,2025-06-30T13:19:23.440651889Z,01JZ0FPGGZTYJ67302VQXHZW12,2025-06-30T13:19:23.440651889Z
01JZ0JZEESY4T5F896CWCZ2VN4,01JZ0JJRG62BDVPN4H0KJ2XPWK,2025-06-30T14:13:39.929590799Z,01JZ0JJRKH7XD764W2MEEG7PFH,2025-06-30T14:13:39.929590799Z,01JZ0JQCKEA261XTRR4HTBQ2S1,2025-06-30T14:13:39.929590799Z,01JZ0JZD7EA6CMM8J6BT29CG7T,2025-06-30T14:13:39.929590799Z,01JZ0JZD97EJQ2M37YKB60S9TM,2025-06-30T14:13:39.929590799Z
01JZ0K4FE45N2JN1CMFHZ9KZYA,01JZ0JJRG62BDVPN4H0KJ2XPWK,2025-06-30T14:16:24.772732738Z,01JZ0JJRK7MTN7FAC1224V82KC,2025-06-30T14:16:24.772732738Z,01JZ0JMJ284T338WEW4N64181B,2025-06-30T14:16:24.772732738Z,01JZ0JYWVCPFC72SM7P2B0329V,2025-06-30T14:16:24.772732738Z,01JZ0JYX23PF1NPBTZZX0SD193,2025-06-30T14:16:24.772732738Z
01JZ0K812JRPXNJ1THAER7BKYS,01JZ0JJRG62BDVPN4H0KJ2XPWK,2025-06-30T14:18:21.138565194Z,01JZ0JJRM7K0MBX3MKCVTKC5NR,2025-06-30T14:18:21.138565194Z,01JZ0JQS81T66D82KVDDFPP0F3,2025-06-30T14:18:21.138565194Z,01JZ0K09A2JRM56REXVTQ5P9J4,2025-06-30T14:18:21.138565194Z,01JZ0K09K25XTCYT08PVBBA31D,2025-06-30T14:18:21.138565194Z
01JZ0NSD0CQNW0NAX0QQ3AJCTC,01JZ0N9PMZHSN31DAQRPMDQCYE,2025-06-30T15:02:47.564422348Z,01JZ0N9PQHD06TCBXAQZTT3H76,2025-06-30T15:02:47.564422348Z,01JZ0NGNCA21NZZE8PJPN10BTS,2025-06-30T15:02:47.564422348Z,01JZ0NKT353JX7TDZWFQNH8NHN,2025-06-30T15:02:47.564422348Z,01JZ0NKT7K4AYSPZC9B59JGMZ9,2025-06-30T15:02:47.564422348Z
01JZ0PBNZC6SWDJGSPMDHR4EEQ,01JZ0NSN7EKS122Z238A4PF66D,2025-06-30T15:12:46.572139085Z,01JZ0NSNACQB6FV8GE0XS7JKF9,2025-06-30T15:12:46.572139085Z,01JZ0NZAF5PAQ3ECGHTTXSX02G,2025-06-30T15:12:46.572139085Z,01JZ0P7YN1V2MR96D77PEXSMK2,2025-06-30T15:12:46.572139085Z,01JZ0P7YRD4XMCX0X4F8SJDY4M,2025-06-30T15:12:46.572139085Z
01JZ0RPKDGA5Z66JVN4T9CRWTJ,01JZ0R44WS56B1WD5354KYAZ6V,2025-06-30T15:53:41.552589866Z,01JZ0R44ZYB02HBRR2X1W771BR,2025-06-30T15:53:41.552589866Z,01JZ0R9PQ4K46J5WAZEFCASF2D,2025-06-30T15:53:41.552589866Z,01JZ0RGZ3DKRXN7JFMF7ZYJ17Q,2025-06-30T15:53:41.552589866Z,01JZ0RGZCJ387YHVR398A6EPWM,2025-06-30T15:53:41.552589866Z
01JZ0FKE5HBER5YBP437XKJF48,01JZ0F67X5J6SBR3095JZ2KKHQ,2025-06-30T13:14:40.689323807Z,01JZ0F67ZJJG6P50PFSVWKXYA5,2025-06-30T13:14:40.689323807Z,01JZ0FC4XKNHNZF8W9T4WA3XB0,2025-06-30T13:14:40.689323807Z,01JZ0FHJQ8D0RWN5BCAZ63DASG,2025-06-30T13:14:40.689323807Z,01JZ0FHJRYJ59AE9MP9HWG6E64,2025-06-30T13:14:40.689323807Z
01JZ0K40HK6TN128ASF31R8XCJ,01JZ0JJRG62BDVPN4H0KJ2XPWK,2025-06-30T14:16:09.523131194Z,01JZ0JJRKVJXBJGVYTJ6TBMBFM,2025-06-30T14:16:09.523131194Z,01JZ0JMJ507NBWF493954D1T1J,2025-06-30T14:16:09.523131194Z,01JZ0JW9GXBQQN6RZQRVBXDR1H,2025-06-30T14:16:09.523131194Z,01JZ0JW9NA2J02SEGSF8R2JK60,2025-06-30T14:16:09.523131194Z
01JZ0MJJCXJ876ZR09ZW54CQMA,01JZ0KZHFC2GEC175ZSKVHYGR2,2025-06-30T14:41:35.133485183Z,01JZ0KZHHC2JQ9380R79DSYF93,2025-06-30T14:41:35.133485183Z,01JZ0M1RQ5A9ERDM9J4QJBC59B,2025-06-30T14:41:35.133485183Z,01JZ0MGP26NJJGJCWPQGW8F3YX,2025-06-30T14:41:35.133485183Z,01JZ0MGP4J8WFAZFV2NGPFR81V,2025-06-30T14:41:35.133485183Z
01JZ0FRGVXTWW9TGP1E1312YM8,01JZ0F67X5J6SBR3095JZ2KKHQ,2025-06-30T13:17:27.293333973Z,01JZ0F67ZBCBNFH7W25EXNBXDS,2025-06-30T13:17:27.293333973Z,01JZ0FDJ7PWA5XP2271CRJKXBG,2025-06-30T13:17:27.293333973Z,01JZ0FMTH61B85RYBN11B94K2X,2025-06-30T13:17:27.293333973Z,01JZ0FMTJK8MT6FWXHF4X5Q4EJ,2025-06-30T13:17:27.293333973Z
01JZ0HQNWV5XJZQJPPA8N959RA,01JZ0H1K4AG17CS34Z9G9MQYDS,2025-06-30T13:51:56.827561952Z,01JZ0H1K72P9WWMQFG7ACVRNHM,2025-06-30T13:51:56.827561952Z,01JZ0H6Y1FWY7X7YNWMGA41ZX8,2025-06-30T13:51:56.827561952Z,01JZ0HKZ2G50KS7CBCD3M87YFZ,2025-06-30T13:51:56.827561952Z,01JZ0HKZ54PQ7DGBPD2DVHEXWT,2025-06-30T13:51:56.827561952Z
01JZ0QZVCHKZERER6Q8JBZD090,01JZ0QGE33ZWYV7A3256FYEZA6,2025-06-30T15:41:16.049722816Z,01JZ0QGE4MQBM7ZJEFVQMWJX02,2025-06-30T15:41:16.049722816Z,01JZ0QPT6048XZAJK53YEVWM2W,2025-06-30T15:41:16.049722816Z,01JZ0QT8D72WY9E0JR27EZFH9M,2025-06-30T15:41:16.049722816Z,01JZ0QT8JN5JZNQK35RJ316HD8,2025-06-30T15:41:16.049722816Z
01JZ0RMF4498EAT6JZ44ZVCXFQ,01JZ0R44WS56B1WD5354KYAZ6V,2025-06-30T15:52:31.620101766Z,01JZ0R44YW0T94WKHD2ZAT9VPC,2025-06-30T15:52:31.620101766Z,01JZ0RA7ZVQK012EEC40XNGWC7,2025-06-30T15:52:31.620101766Z,01JZ0RCZ6GGFDRV5K0HC37H854,2025-06-30T15:52:31.620101766Z,01JZ0RCZJ795ARWQ1NBJQD3R7Q,2025-06-30T15:52:31.620101766Z
01JZ0RRSDWR9Y67TP4BYHRAP1S,01JZ0R44WS56B1WD5354KYAZ6V,2025-06-30T15:54:53.244737838Z,01JZ0R44ZYB02HBRR2X1W771BR,2025-06-30T15:54:53.244737838Z,01JZ0R73B6ZBY0XV8TDKBRTHN0,2025-06-30T15:54:53.244737838Z,01JZ0RGZ4NQMBZCSQXT34ACNPZ,2025-06-30T15:54:53.244737838Z,01JZ0RGZHF6AJNRNSC36Q29ZFQ,2025-06-30T15:54:53.244737838Z
01JZ0SN93EPC73MC645Y1MVM9K,01JZ0S9G3E1V9Y4W1M8GV3AGA9,2025-06-30T16:10:26.798234537Z,01JZ0S9G69Y1BMBR3KZBCDH0XZ,2025-06-30T16:10:26.798234537Z,01JZ0SB1E093BDHM4PAT7BRTVC,2025-06-30T16:10:26.798234537Z,01JZ0SN4MEMH5GM4GGX339NA9T,2025-06-30T16:10:26.798234537Z,01JZ0SN55ADBCNQDSTZ5QJSR2S,2025-06-30T16:10:26.798234537Z
01JZ0T1G7D4MG7E9ZGKE0B0MAP,01JZ0S9G3E1V9Y4W1M8GV3AGA9,2025-06-30T16:17:07.309229843Z,01JZ0S9GD9MABT2H3JKQDC0TB1,2025-06-30T16:17:07.309229843Z,01JZ0SCCGQ4WDJE5VH80FR1DGN,2025-06-30T16:17:07.309229843Z,01JZ0SSG34JT0X3XRW8CEGH08T,2025-06-30T16:17:07.309229843Z,01JZ0SSGGKMNPA168ZKGDDTF18,2025-06-30T16:17:07.309229843Z
01JZ0VEN8Y2FZCPR709FWDSYQQ,01JZ0TXM4HA3Q8P6D6TPYYS7R3,2025-06-30T16:41:47.038781797Z,01JZ0TXM7C18DJWS688K2WH576,2025-06-30T16:41:47.038781797Z,01JZ0V2DYNG9H8Y855B84GV7Y8,2025-06-30T16:41:47.038781797Z,01JZ0V8ZQZFAA3Z4NYN9H5S8FG,2025-06-30T16:41:47.038781797Z,01JZ0V9022BA38FTYHR5EQHE27,2025-06-30T16:41:47.038781797Z
01JZ0FQCY8FQTDSN2353T0AANA,01JZ0F67X5J6SBR3095JZ2KKHQ,2025-06-30T13:16:50.504776191Z,01JZ0F67ZNGQ7M2D3G3M0R8ZTD,2025-06-30T13:16:50.504776191Z,01JZ0FC09D1G1AHZCQZX30N8GY,2025-06-30T13:16:50.504776191Z,01JZ0FNH5C6Q73NCV3H5ND8BSP,2025-06-30T13:16:50.504776191Z,01JZ0FNH7H6V08MHV9QEBAG9SJ,2025-06-30T13:16:50.504776191Z
01JZ0HCQYVEK12WV1H5Z8CENH6,01JZ0H1K4AG17CS34Z9G9MQYDS,2025-06-30T13:45:58.491982212Z,01JZ0H1K7HVYD71R3W6V80C6V1,2025-06-30T13:45:58.491982212Z,01JZ0H5AXYRKCCAM24KW8RVMWP,2025-06-30T13:45:58.491982212Z,01JZ0HAVS54E0S6EA1VSCPJE2W,2025-06-30T13:45:58.491982212Z,01JZ0HAVV6427V6VS6EB94HCVX,2025-06-30T13:45:58.491982212Z
01JZ0K6NAK5T8K9513MJXARE6Q,01JZ0JJRG62BDVPN4H0KJ2XPWK,2025-06-30T14:17:36.339713123Z,01JZ0JJRMFBKARHHQY8ZXKDX2Q,2025-06-30T14:17:36.339713123Z,01JZ0JQQMSRZZJ1P2ESVX6GNQJ,2025-06-30T14:17:36.339713123Z,01JZ0K2YERTFQAJEQ3WTQCHG83,2025-06-30T14:17:36.339713123Z,01JZ0K2YHF3CW1PRPH7XT6X3MW,2025-06-30T14:17:36.339713123Z
01JZ0SY3ZJW1QPX043QSJ1MAG8,01JZ0S9G3E1V9Y4W1M8GV3AGA9,2025-06-30T16:15:16.466341827Z,01JZ0S9GCCCNBKT0N3T9B2PH95,2025-06-30T16:15:16.466341827Z,01JZ0SF6SRD67J9Q4V8979AFYM,2025-06-30T16:15:16.466341827Z,01JZ0SRFZN1N49MKZCM7JQAT6Y,2025-06-30T16:15:16.466341827Z,01JZ0SRG82KGK095QFE3MAFA80,2025-06-30T16:15:16.466341827Z
01JZ0T0MJTWAT6GQQJQ5RVJ8N4,01JZ0S9G3E1V9Y4W1M8GV3AGA9,2025-06-30T16:16:39.002067817Z,01JZ0S9GCCCNBKT0N3T9B2PH95,2025-06-30T16:16:39.002067817Z,01JZ0SP12CPDZAZJNKRMES3PT5,2025-06-30T16:16:39.002067817Z,01JZ0SRG1SNDH72X9841MMMF4J,2025-06-30T16:16:39.002067817Z,01JZ0SRGFHKAM8XV3T6WQEFP39,2025-06-30T16:16:39.002067817Z
01JZ0VKY0HFGTMWCPGZBGR06HF,01JZ0TXM4HA3Q8P6D6TPYYS7R3,2025-06-30T16:44:39.826007382Z,01JZ0TXMB9EHVXHHHV3J3SQY3A,2025-06-30T16:44:39.826007382Z,01JZ0V6D24J8EMX9VZ5TJX2AXC,2025-06-30T16:44:39.826007382Z,01JZ0VC1V62TS189C1JK35JTM8,2025-06-30T16:44:39.826007382Z,01JZ0VC2AMBYRDKAMFWZYK4KZE,2025-06-30T16:44:39.826007382Z
01JZ0FSKG8F9G9S7BMP35TMQQY,01JZ0F67X5J6SBR3095JZ2KKHQ,2025-06-30T13:18:02.7607974Z,01JZ0F67Z228X9RHKVM8F1277D,2025-06-30T13:18:02.7607974Z,01JZ0FBEXX6YYXM4ZAGWM86RSZ,2025-06-30T13:18:02.7607974Z,01JZ0FJ6PYSXW0RMHQBBYC476P,2025-06-30T13:18:02.7607974Z,01JZ0FJ6TWDNSF34ATV5J2S7NN,2025-06-30T13:18:02.7607974Z
01JZ0KAAZRSPA80TW6M7MZK7EQ,01JZ0JJRG62BDVPN4H0KJ2XPWK,2025-06-30T14:19:36.824970614Z,01JZ0JJRMFBKARHHQY8ZXKDX2Q,2025-06-30T14:19:36.824970614Z,01JZ0JQGZSJTMNWN83V0DRTF9B,2025-06-30T14:19:36.824970614Z,01JZ0K2YFKRZDX3EB8BK93DHFN,2025-06-30T14:19:36.824970614Z,01JZ0K2YJW2ASK3NEY5QH4V9CT,2025-06-30T14:19:36.824970614Z
01JZ0PBNZWST4EWJ0YBDR1SSJ1,01JZ0NSN7EKS122Z238A4PF66D,2025-06-30T15:12:46.588626794Z,01JZ0NSNACQB6FV8GE0XS7JKF9,2025-06-30T15:12:46.588626794Z,01JZ0P2VRWVMWZZ8N9Z8Y5JQ15,2025-06-30T15:12:46.588626794Z,01JZ0P7YN1V2MR96D77PEXSMK2,2025-06-30T15:12:46.588626794Z,01JZ0P7YRD4XMCX0X4F8SJDY4M,2025-06-30T15:12:46.588626794Z
01JZ0PG0KVSD6D7MX4GMHH8V1X,01JZ0NSN7EKS122Z238A4PF66D,2025-06-30T15:15:08.539502983Z,01JZ0NSNACQB6FV8GE0XS7JKF9,2025-06-30T15:15:08.539502983Z,01JZ0NZAF5PAQ3ECGHTTXSX02G,2025-06-30T15:15:08.539502983Z,01JZ0P7YP7SFT6YST1RXA150KJ,2025-06-30T15:15:08.539502983Z,01JZ0P7YWKC5S0E0Z41QN5DB90,2025-06-30T15:15:08.539502983Z
01JZ0K3PBQJNGZRDMKG62AMANB,01JZ0JJRG62BDVPN4H0KJ2XPWK,2025-06-30T14:15:59.095254551Z,01JZ0JJRKVJXBJGVYTJ6TBMBFM,2025-06-30T14:15:59.095254551Z,01JZ0JMJ507NBWF493954D1T1J,2025-06-30T14:15:59.095254551Z,01JZ0JW9GBP7GXSXKT2NGJ71C3,2025-06-30T14:15:59.095254551Z,01JZ0JW9MBD5NYGFTH764N0KK2,2025-06-30T14:15:59.095254551Z
01JZ0MGQH8K4Q84MNFAT30QD0Y,01JZ0KZHFC2GEC175ZSKVHYGR2,2025-06-30T14:40:34.85648095Z,01JZ0KZHHC2JQ9380R79DSYF93,2025-06-30T14:40:34.85648095Z,01JZ0M77CJKQQW7ZQ7XMJWJS44,2025-06-30T14:40:34.85648095Z,01JZ0MGP0BR7RSR59YVFT9BBWM,2025-06-30T14:40:34.85648095Z,01JZ0MGP2W9YQKVFWME12ZRKRM,2025-06-30T14:40:34.85648095Z
01JZ0QFSWW611QASNK3ZS7G0AR,01JZ0Q0CTMMAVY329HW6Z84SYY,2025-06-30T15:32:30.236744688Z,01JZ0Q0CWNKJYDS4SW61Q7VTQN,2025-06-30T15:32:30.236744688Z,01JZ0Q1P5DS31PBEBVW5ZRAMYJ,2025-06-30T15:32:30.236744688Z,01JZ0Q80YHG4MHW8DMRKNRWY2W,2025-06-30T15:32:30.236744688Z,01JZ0Q815CN9R996SBP6VT9MY7,2025-06-30T15:32:30.236744688Z
01JZ0QNA8JKT2F10Q699M1A6V4,01JZ0Q0CTMMAVY329HW6Z84SYY,2025-06-30T15:35:30.834659426Z,01JZ0Q0CX32Y5M8NZMVY0C598C,2025-06-30T15:35:30.834659426Z,01JZ0Q9VF2E3396PSDD6F3ESVG,2025-06-30T15:35:30.834659426Z,01JZ0QDJHQJDYMGBWSK600715P,2025-06-30T15:35:30.834659426Z,01JZ0QDJR0GZNPFGCZ89K3XVSM,2025-06-30T15:35:30.834659426Z
01JZ0RT6RTKVCE35X7JBW5Z8XY,01JZ0R44WS56B1WD5354KYAZ6V,2025-06-30T15:55:39.674395413Z,01JZ0R44ZAP7PYVAMQ60PRQDRH,2025-06-30T15:55:39.674395413Z,01JZ0R9NKSZXK437J316D7FC4F,2025-06-30T15:55:39.674395413Z,01JZ0RJBP0RKJT6DGDPRK6EW6F,2025-06-30T15:55:39.674395413Z,01JZ0RJC1Q6QDGBHKJ8X9SWNZ3,2025-06-30T15:55:39.674395413Z
01JZ0SXE53QEPY8YA11DT62MRF,01JZ0S9G3E1V9Y4W1M8GV3AGA9,2025-06-30T16:14:54.115312715Z,01JZ0S9G69Y1BMBR3KZBCDH0XZ,2025-06-30T16:14:54.115312715Z,01JZ0SJJTJT1R8CXNS1AZ1Y0R9,2025-06-30T16:14:54.115312715Z,01JZ0SN4V7E0WGAW93HPV2W0FT,2025-06-30T16:14:54.115312715Z,01JZ0SN6F6WB1YCGQJCBGBTK5X,2025-06-30T16:14:54.115312715Z
01JZ0MA704DKA3MDK07QWYHH8E,01JZ0KZHFC2GEC175ZSKVHYGR2,2025-06-30T14:37:01.316202661Z,01JZ0KZHHH6W8J7M02JDFMAQF5,2025-06-30T14:37:01.316202661Z,01JZ0M37T5B6J4TKCZ2030N8JQ,2025-06-30T14:37:01.316202661Z,01JZ0MA574X9M9M5C7JRDZ3A20,2025-06-30T14:37:01.316202661Z,01JZ0MA5A9RHJ12XEVTB3XWF7R,2025-06-30T14:37:01.316202661Z
01JZ0FQZXWYTT2BJDH0HFXA3PH,01JZ0F67X5J6SBR3095JZ2KKHQ,2025-06-30T13:17:09.948650541Z,01JZ0F67ZPF4121D8VQV580KT1,2025-06-30T13:17:09.948650541Z,01JZ0FAQ3J9KGVWM3HXCFYRT1K,2025-06-30T13:17:09.948650541Z,01JZ0FG9XP257X71Y6S76BWV4E,2025-06-30T13:17:09.948650541Z,01JZ0FGA04XG30PW7JD903HZR0,2025-06-30T13:17:09.948650541Z
01JZ0FV2HJW1NBC2T16GE56K3V,01JZ0F67X5J6SBR3095JZ2KKHQ,2025-06-30T13:18:50.930498212Z,01JZ0F67ZNGQ7M2D3G3M0R8ZTD,2025-06-30T13:18:50.930498212Z,01JZ0FBJQ7C7D6J79CXDMZGZYP,2025-06-30T13:18:50.930498212Z,01JZ0FNH5C6Q73NCV3H5ND8BSP,2025-06-30T13:18:50.930498212Z,01JZ0FNH7RNVM69P187GPAFMTG,2025-06-30T13:18:50.930498212Z
01JZ0HAX16FSS9J2B7ECC3V36F,01JZ0H1K4AG17CS34Z9G9MQYDS,2025-06-30T13:44:58.150491631Z,01JZ0H1K7HVYD71R3W6V80C6V1,2025-06-30T13:44:58.150491631Z,01JZ0H83RPH6CM1BGEWBZ1V4QM,2025-06-30T13:44:58.150491631Z,01JZ0HAVRPKHJMVSD30J2TBSPZ,2025-06-30T13:44:58.150491631Z,01JZ0HAVT6FVFRBXCZ7A07HDCT,2025-06-30T13:44:58.150491631Z
01JZ0HEWHZ90WX3SPAF9QCHWCM,01JZ0H1K4AG17CS34Z9G9MQYDS,2025-06-30T13:47:08.735395554Z,01JZ0H1K7KVN4Q30DF0C4SZNQW,2025-06-30T13:47:08.735395554Z,01JZ0H4DCRMZ62SRWSFKCMEFC6,2025-06-30T13:47:08.735395554Z,01JZ0H9B6QJSN4ERPYEHH37CV2,2025-06-30T13:47:08.735395554Z,01JZ0H9B8GVG80CZTQJ7EAAY9T,2025-06-30T13:47:08.735395554Z
01JZ0HGN01CBZWCFTR149RF1XK,01JZ0H1K4AG17CS34Z9G9MQYDS,2025-06-30T13:48:06.529871989Z,01JZ0H1K6THHEJQ855QF7WP6P1,2025-06-30T13:48:06.529871989Z,01JZ0H3KVYK2WH1VQVZ8KDFR0N,2025-06-30T13:48:06.529871989Z,01JZ0H8M782WEDV62715BZDP89,2025-06-30T13:48:06.529871989Z,01JZ0H8MBECGZPM01GC81J9R69,2025-06-30T13:48:06.529871989Z
01JZ0MGW9SEK5HGDB1A0KENQNZ,01JZ0KZHFC2GEC175ZSKVHYGR2,2025-06-30T14:40:39.737165998Z,01JZ0KZHGK1V8ZC0AXDBXBYAX9,2025-06-30T14:40:39.737165998Z,01JZ0M1ME27Y1N3FYW0PRRTSM1,2025-06-30T14:40:39.737165998Z,01JZ0M8V7PCBYG3QB5C232K5NV,2025-06-30T14:40:39.737165998Z,01JZ0M8VCV3M2XHTTVXNZTVJCN,2025-06-30T14:40:39.737165998Z
01JZ0PSCVQCM050916HP4F3EZX,01JZ0PDFE8X2A24VZSJDD0T2BH,2025-06-30T15:20:15.992008687Z,01JZ0PDFG0TZHQMJ413RSFKXP4,2025-06-30T15:20:15.992008687Z,01JZ0PFD148NQV3M8890VB1Y1E,2025-06-30T15:20:15.992008687Z,01JZ0PSB7RH92MEN6JQV9WMFBP,2025-06-30T15:20:15.992008687Z,01JZ0PSBASXJ2YPPJ4DJWBYHZP,2025-06-30T15:20:15.992008687Z
01JZ0FQ2WXVF9A72DAV05BV3H3,01JZ0F67X5J6SBR3095JZ2KKHQ,2025-06-30T13:16:40.221382624Z,01JZ0F67Z61XNM528ZD36RPYGY,2025-06-30T13:16:40.221382624Z,01JZ0FBEYY00A3WRMWXSKTBJNC,2025-06-30T13:16:40.221382624Z,01JZ0FHHX23ZVHNKQQRRSX500X,2025-06-30T13:16:40.221382624Z,01JZ0FHJ04NPGJKH5CT8RPAH6P,2025-06-30T13:16:40.221382624Z
01JZ0RNBCKYTRQVC9PPF54ZFGB,01JZ0R44WS56B1WD5354KYAZ6V,2025-06-30T15:53:00.56390168Z,01JZ0R450A0M8Q4QC968ZVRS9H,2025-06-30T15:53:00.56390168Z,01JZ0R7KYSRZ9WN5AKECH3KB3X,2025-06-30T15:53:00.56390168Z,01JZ0RFNY7CAK7Q2XWPCT4A1FS,2025-06-30T15:53:00.56390168Z,01JZ0RFP82RB3G25B358MRPN2C,2025-06-30T15:53:00.56390168Z
01JZ0SZ8XGKE4AN7SMXW16TB64,01JZ0S9G3E1V9Y4W1M8GV3AGA9,2025-06-30T16:15:54.28859789Z,01JZ0S9GD9MABT2H3JKQDC0TB1,2025-06-30T16:15:54.28859789Z,01JZ0SFAB8AJ95H1FWSSMEW656,2025-06-30T16:15:54.28859789Z,01JZ0SSG56XTAJ4MTPA3PZYF46,2025-06-30T16:15:54.28859789Z,01JZ0SSGBBWAGC7S6FMYQ3XZ8S,2025-06-30T16:15:54.28859789Z
01JZ0Q9XPCPHRG7QJM05Q3CPH7,01JZ0Q0CTMMAVY329HW6Z84SYY,2025-06-30T15:29:17.517009373Z,01JZ0Q0CWNKJYDS4SW61Q7VTQN,2025-06-30T15:29:17.517009373Z,01JZ0Q34G646SES1NVXEJX3VR4,2025-06-30T15:29:17.517009373Z,01JZ0Q80XG0NQQZWZ0ZS4K2WB4,2025-06-30T15:29:17.517009373Z,01JZ0Q8112K27NTWSCXYW8ZS8G,2025-06-30T15:29:17.517009373Z
01JZ0FJ7NAA8ACD9JS3MEZYN0F,01JZ0F67X5J6SBR3095JZ2KKHQ,2025-06-30T13:14:01.258879673Z,01JZ0F67Z228X9RHKVM8F1277D,2025-06-30T13:14:01.258879673Z,01JZ0FCMDW21N834SMM0YDFMDT,2025-06-30T13:14:01.258879673Z,01JZ0FJ6NQX01VQWMRP31DSAN5,2025-06-30T13:14:01.258879673Z,01JZ0FJ6QQAVDHD4CP69ZGJSAH,2025-06-30T13:14:01.258879673Z
01JZ0HA6W5M4Q514M44VWPY60J,01JZ0H1K4AG17CS34Z9G9MQYDS,2025-06-30T13:44:35.461335045Z,01JZ0H1K7C3FKHJS5GP9RE7N8D,2025-06-30T13:44:35.461335045Z,01JZ0H4A3NXPTV7JEQMX36WWX4,2025-06-30T13:44:35.461335045Z,01JZ0HA58JCTKG4HFZRBFPTARS,2025-06-30T13:44:35.461335045Z,01JZ0HA5BDJCSKV6SEQ38NDQ0A,2025-06-30T13:44:35.461335045Z
01JZ0HCAFMRKYTVFKP14NV4K68,01JZ0H1K4AG17CS34Z9G9MQYDS,2025-06-30T13:45:44.692199874Z,01JZ0H1K7A7HBJ5WZC7T99GVBX,2025-06-30T13:45:44.692199874Z,01JZ0H45W0M8M5CSQ69GQ678PR,2025-06-30T13:45:44.692199874Z,01JZ0HAECPB75NSKW408592PHJ,2025-06-30T13:45:44.692199874Z,01JZ0HAEGHN57EQQXTHRM3E07Z,2025-06-30T13:45:44.692199874Z
01JZ0TMRXNNAMESY3ZBSVE7KKG,01JZ0T594M7DT83RJMYEJDT186,2025-06-30T16:27:38.805570209Z,01JZ0T59780CP4Z1F2CEHFDNAC,2025-06-30T16:27:38.805570209Z,01JZ0TBCS394KHK4DX6H1Y21KG,2025-06-30T16:27:38.805570209Z,01JZ0TGXAWKWP7D51X7AXHZM1D,2025-06-30T16:27:38.805570209Z,01JZ0TGXK4NFDN1NH84NCDE6ZG,2025-06-30T16:27:38.805570209Z
01JZ0FH2S1MVH6TWX40NXTJB0S,01JZ0F67X5J6SBR3095JZ2KKHQ,2025-06-30T13:13:23.489466806Z,01JZ0F67ZT8SK3RX0KMQXRZR64,2025-06-30T13:13:23.489466806Z,01JZ0FAY2QGARY5N4MQCWRAXVK,2025-06-30T13:13:23.489466806Z,01JZ0FH2335CJ3FD79F7KW4ZQ3,2025-06-30T13:13:23.489466806Z,01JZ0FH24747RJE3D9SVAY6ZMK,2025-06-30T13:13:23.489466806Z
01JZ0FSKFSCPT3CPKJD5KHWT94,01JZ0F67X5J6SBR3095JZ2KKHQ,2025-06-30T13:18:02.746024685Z,01JZ0F67Z228X9RHKVM8F1277D,2025-06-30T13:18:02.746024685Z,01JZ0FB43V6RX3WM4ZEX4SH8M0,2025-06-30T13:18:02.746024685Z,01JZ0FJ6PYSXW0RMHQBBYC476P,2025-06-30T13:18:02.746024685Z,01JZ0FJ6TWDNSF34ATV5J2S7NN,2025-06-30T13:18:02.746024685Z
01JZ0FJ5EGC0DQX7N2D4NJBQK6,01JZ0F67X5J6SBR3095JZ2KKHQ,2025-06-30T13:13:58.992649537Z,01JZ0F67ZPF4121D8VQV580KT1,2025-06-30T13:13:58.992649537Z,01JZ0FAQ3J9KGVWM3HXCFYRT1K,2025-06-30T13:13:58.992649537Z,01JZ0FG9XR3ADT6FD51B6EJHQB,2025-06-30T13:13:58.992649537Z,01JZ0FG9YWWG2VWZMQ1Q9RCDGB,2025-06-30T13:13:58.992649537Z
01JZ0FRR6PQ1GR8NYYH8W5EP09,01JZ0F67X5J6SBR3095JZ2KKHQ,2025-06-30T13:17:34.806409671Z,01JZ0F67ZT8SK3RX0KMQXRZR64,2025-06-30T13:17:34.806409671Z,01JZ0FBJ4KQXDMT6MT2EH5X20T,2025-06-30T13:17:34.806409671Z,01JZ0FH23R372KV6QYNWSWRPR1,2025-06-30T13:17:34.806409671Z,01JZ0FH26QRDJQEJBBXQT6SYQ3,2025-06-30T13:17:34.806409671Z
01JZ0HKHQC5S51VGVPG063QB6X,01JZ0H1K4AG17CS34Z9G9MQYDS,2025-06-30T13:49:41.484994264Z,01JZ0H1K7FV78W73P31JXQYTKA,2025-06-30T13:49:41.484994264Z,01JZ0H4KADAPWGV6ZSDZSCPDP8,2025-06-30T13:49:41.484994264Z,01JZ0HC59N7VESSFANXQJ72DZ3,2025-06-30T13:49:41.484994264Z,01JZ0HC5D8EM51E0NPVJJ49FMZ,2025-06-30T13:49:41.484994264Z
01JZ0K40JJWS4NJ78KQKR6NJSF,01JZ0JJRG62BDVPN4H0KJ2XPWK,2025-06-30T14:16:09.554998235Z,01JZ0JJRKVJXBJGVYTJ6TBMBFM,2025-06-30T14:16:09.554998235Z,01JZ0JRQJFXEWFAWM7PWAPW35D,2025-06-30T14:16:09.554998235Z,01JZ0JW9GXBQQN6RZQRVBXDR1H,2025-06-30T14:16:09.554998235Z,01JZ0JW9NA2J02SEGSF8R2JK60,2025-06-30T14:16:09.554998235Z
01JZ0MJ5E9MFJJP1RKY57Q8W4H,01JZ0KZHFC2GEC175ZSKVHYGR2,2025-06-30T14:41:21.865730539Z,01JZ0KZHH6W8XDVC696R9C92DG,2025-06-30T14:41:21.865730539Z,01JZ0M20DM4T4V1KVQ5EQ5SJCQ,2025-06-30T14:41:21.865730539Z,01JZ0MCKBEDXBCTH25HMPCZETY,2025-06-30T14:41:21.865730539Z,01JZ0MCKE44Q59B1909WN6GQV8,2025-06-30T14:41:21.865730539Z
01JZ0NKW5BQG16T5BJAPHSMAH4,01JZ0N9PMZHSN31DAQRPMDQCYE,2025-06-30T14:59:46.47559322Z,01JZ0N9PQHD06TCBXAQZTT3H76,2025-06-30T14:59:46.47559322Z,01JZ0NDAQP6PMG8NAJBA9WP4GZ,2025-06-30T14:59:46.47559322Z,01JZ0NKT2VE4SHS4CADHAHV9EA,2025-06-30T14:59:46.47559322Z,01JZ0NKT5WJ1XYZCJ9S9J04RX7,2025-06-30T14:59:46.47559322Z
01JZ0PC1MWGZG49EHVTWGYA8YW,01JZ0NSN7EKS122Z238A4PF66D,2025-06-30T15:12:58.524887006Z,01JZ0NSNC1W3B8HBKV7A156B13,2025-06-30T15:12:58.524887006Z,01JZ0NTCE2X78Q76YGQBCA3DW3,2025-06-30T15:12:58.524887006Z,01JZ0P49CNEX4XX07TQK7X10ZW,2025-06-30T15:12:58.524887006Z,01JZ0P49WEV605HBY9ETV54ZTE,2025-06-30T15:12:58.524887006Z
01JZ0Q9XNQG6NG3HEK3MTH4HYJ,01JZ0Q0CTMMAVY329HW6Z84SYY,2025-06-30T15:29:17.495185485Z,01JZ0Q0CWNKJYDS4SW61Q7VTQN,2025-06-30T15:29:17.495185485Z,01JZ0Q7M09XJBYMG64Y89317N8,2025-06-30T15:29:17.495185485Z,01JZ0Q80XG0NQQZWZ0ZS4K2WB4,2025-06-30T15:29:17.495185485Z,01JZ0Q8112K27NTWSCXYW8ZS8G,2025-06-30T15:29:17.495185485Z
01JZ0FJGTS50K4GGD1CNNM583M,01JZ0F67X5J6SBR3095JZ2KKHQ,2025-06-30T13:14:10.649051578Z,01JZ0F67ZMW5MYVAMRDCKET4QV,2025-06-30T13:14:10.649051578Z,01JZ0FB8RWXGRKEDFRWB4CEM4K,2025-06-30T13:14:10.649051578Z,01JZ0FETS8ER9G1DS9D9GHXGJ5,2025-06-30T13:14:10.649051578Z,01JZ0FETTPYV8RFPXT500S0SKN,2025-06-30T13:14:10.649051578Z
01JZ0SYAJ7ABB4VXK4N785PVKA,01JZ0S9G3E1V9Y4W1M8GV3AGA9,2025-06-30T16:15:23.207951126Z,01JZ0S9G7VJHRZZRV1KXAXAXSY,2025-06-30T16:15:23.207951126Z,01JZ0SMKXSB3XMQCB6RQZ86SBG,2025-06-30T16:15:23.207951126Z,01JZ0SP4FYNVSR1Y0MSZTVTAK7,2025-06-30T16:15:23.207951126Z,01JZ0SP4VWCZKAZMP3V7AYSEPJ,2025-06-30T16:15:23.207951126Z
01JZ0SS29Q3N47AFJD0SFS4HNX,01JZ0S9G3E1V9Y4W1M8GV3AGA9,2025-06-30T16:12:30.903335851Z,01JZ0S9G69Y1BMBR3KZBCDH0XZ,2025-06-30T16:12:30.903335851Z,01JZ0SB1E093BDHM4PAT7BRTVC,2025-06-30T16:12:30.903335851Z,01JZ0SN4RKR0FK21YDZFG99ED0,2025-06-30T16:12:30.903335851Z,01JZ0SN5CH2Z5V6Q7MGZ1FH50J,2025-06-30T16:12:30.903335851Z
01JZ0PZHX038Z960SJEQCAHFMW,01JZ0PDFE8X2A24VZSJDD0T2BH,2025-06-30T15:23:37.760636124Z,01JZ0PDFFH0EDR9F9CYFN0TQY3,2025-06-30T15:23:37.760636124Z,01JZ0PQG0QD2E50TEZE8KJC3TY,2025-06-30T15:23:37.760636124Z,01JZ0PVRKCVAZGVD5GK5DEWP0E,2025-06-30T15:23:37.760636124Z,01JZ0PVRTBZ9ZP99VFRK6GXNBQ,2025-06-30T15:23:37.760636124Z
01JZ0RQJF30GR3YH47CFVA13P2,01JZ0R44WS56B1WD5354KYAZ6V,2025-06-30T15:54:13.347621747Z,01JZ0R450A0M8Q4QC968ZVRS9H,2025-06-30T15:54:13.347621747Z,01JZ0R7KYSRZ9WN5AKECH3KB3X,2025-06-30T15:54:13.347621747Z,01JZ0RFNVA3M9D27P90HFWJA8Y,2025-06-30T15:54:13.347621747Z,01JZ0RFPFM9RXDBNP6ZMTH2ZCR,2025-06-30T15:54:13.347621747Z
01JZ0SZZDQVDHMNR20EF08GWXA,01JZ0S9G3E1V9Y4W1M8GV3AGA9,2025-06-30T16:16:17.335953944Z,01JZ0S9GCCCNBKT0N3T9B2PH95,2025-06-30T16:16:17.335953944Z,01JZ0SP7TST5CACWCPNMPHCFPK,2025-06-30T16:16:17.335953944Z,01JZ0SRG0CEZMWVQAPHXXK1E4M,2025-06-30T16:16:17.335953944Z,01JZ0SRGAYBZMPBX0YA7PMP4Q5,2025-06-30T16:16:17.335953944Z
01JZ0K7PXFEFPRND7TT0VK82XY,01JZ0JJRG62BDVPN4H0KJ2XPWK,2025-06-30T14:18:10.736024164Z,01JZ0JJRM7K0MBX3MKCVTKC5NR,2025-06-30T14:18:10.736024164Z,01JZ0JP3NMJEF2RZEXJRZ363R2,2025-06-30T14:18:10.736024164Z,01JZ0K09960SM46GQE8ZN1TQEF,2025-06-30T14:18:10.736024164Z,01JZ0K09HAPZ9WJEBZH9W1N3WV,2025-06-30T14:18:10.736024164Z
01JZ0FGP4C4NH74FA0THV497RD,01JZ0F67X5J6SBR3095JZ2KKHQ,2025-06-30T13:13:10.540179236Z,01JZ0F67ZMW5MYVAMRDCKET4QV,2025-06-30T13:13:10.540179236Z,01JZ0FASBFGZWXGCNHK0X9PYM2,2025-06-30T13:13:10.540179236Z,01JZ0FETS8ER9G1DS9D9GHXGJ5,2025-06-30T13:13:10.540179236Z,01JZ0FETTNYWQPN0FXV2NTXPZ8,2025-06-30T13:13:10.540179236Z
01JZ0FK4HQQ47W3FKE0NE4KG81,01JZ0F67X5J6SBR3095JZ2KKHQ,2025-06-30T13:14:30.839258805Z,01JZ0F67ZKKPGDC64ETWQZ69WV,2025-06-30T13:14:30.839258805Z,01JZ0FB7M5V5PNCYP6FWZ38KB1,2025-06-30T13:14:30.839258805Z,01JZ0FFEABFZ5CT87GW8737MVN,2025-06-30T13:14:30.839258805Z,01JZ0FFEC6XGG49HV5FMTAEST6,2025-06-30T13:14:30.839258805Z
01JZ0T150NM8Q9CNRTBSZVDZ7Q,01JZ0S9G3E1V9Y4W1M8GV3AGA9,2025-06-30T16:16:55.82996055Z,01JZ0S9GD9MABT2H3JKQDC0TB1,2025-06-30T16:16:55.82996055Z,01JZ0SS4GE1C0ZJG3NGWXA6V0Z,2025-06-30T16:16:55.82996055Z,01JZ0SSG40357K1C9QC3NT64RJ,2025-06-30T16:16:55.82996055Z,01JZ0SSGE3D1TWHBHMGCF08N12,2025-06-30T16:16:55.82996055Z
01JZ0FGAW43GD1A3DA6ESYR5H6,01JZ0F67X5J6SBR3095JZ2KKHQ,2025-06-30T13:12:59.014600026Z,01JZ0F6805RKXP4JKMN5N89R8W,2025-06-30T13:12:59.014600026Z,01JZ0FB9WWAV8YJYA2M0XWM4XS,2025-06-30T13:12:59.014600026Z,01JZ0FEFHXWJDW412MQGZ1YMFV,2025-06-30T13:12:59.014600026Z,01JZ0FEFKFW9ZNMB0GZ41Y9BKN,2025-06-30T13:12:59.014600026Z
01JZ0FN84FK1E1C0M2FZNH59MR,01JZ0F67X5J6SBR3095JZ2KKHQ,2025-06-30T13:15:40.04785616Z,01JZ0F67Z61XNM528ZD36RPYGY,2025-06-30T13:15:40.04785616Z,01JZ0FH3F6YRBD215BZDRB0NFG,2025-06-30T13:15:40.04785616Z,01JZ0FHHX23ZVHNKQQRRSX500X,2025-06-30T13:15:40.04785616Z,01JZ0FHJ02MHQZPHMZ7ZXH6X24,2025-06-30T13:15:40.04785616Z
01JZ0HA6WGKA84JKC4C06X5XKH,01JZ0H1K4AG17CS34Z9G9MQYDS,2025-06-30T13:44:35.472447816Z,01JZ0H1K7C3FKHJS5GP9RE7N8D,2025-06-30T13:44:35.472447816Z,01JZ0H3ZMEM4CP8B8CA2T4SJEG,2025-06-30T13:44:35.472447816Z,01JZ0HA58JCTKG4HFZRBFPTARS,2025-06-30T13:44:35.472447816Z,01JZ0HA5BDJCSKV6SEQ38NDQ0A,2025-06-30T13:44:35.472447816Z
01JZ0K00MJ2B74KTEZ0YJARPHX,01JZ0JJRG62BDVPN4H0KJ2XPWK,2025-06-30T14:13:58.546067734Z,01JZ0JJRKVJXBJGVYTJ6TBMBFM,2025-06-30T14:13:58.546067734Z,01JZ0JMJ507NBWF493954D1T1J,2025-06-30T14:13:58.546067734Z,01JZ0JW9G1715DA28FHK9V31XS,2025-06-30T14:13:58.546067734Z,01JZ0JW9K9EZD3KQFT0CHYPNWX,2025-06-30T14:13:58.546067734Z
01JZ0MHKHQTQ0XQHHKHDRQRSFT,01JZ0KZHFC2GEC175ZSKVHYGR2,2025-06-30T14:41:03.543086689Z,01JZ0KZHGXZ28TMC40NC90GVYX,2025-06-30T14:41:03.543086689Z,01JZ0M0Y3WZXVFN2PP6BJX9R12,2025-06-30T14:41:03.543086689Z,01JZ0M9WV26RA4QFGDHG065E08,2025-06-30T14:41:03.543086689Z,01JZ0M9WZBAF97PK4P0YQCJBFZ,2025-06-30T14:41:03.543086689Z
01JZ0VC5C8ZRG83DX11YRNRYA7,01JZ0TXM4HA3Q8P6D6TPYYS7R3,2025-06-30T16:40:25.224499487Z,01JZ0TXMB9EHVXHHHV3J3SQY3A,2025-06-30T16:40:25.224499487Z,01JZ0V1ERYHDJ60FHKM6DYYBBC,2025-06-30T16:40:25.224499487Z,01JZ0VC1QSQA1K66QVJ6HEYCX9,2025-06-30T16:40:25.224499487Z,01JZ0VC1ZHER2X52389RF6FEVA,2025-06-30T16:40:25.224499487Z
01JZ0FM0J0QDXRMRPCF5WB39AR,01JZ0F67X5J6SBR3095JZ2KKHQ,2025-06-30T13:14:59.520420868Z,01JZ0F6805RKXP4JKMN5N89R8W,2025-06-30T13:14:59.520420868Z,01JZ0FB9WWAV8YJYA2M0XWM4XS,2025-06-30T13:14:59.520420868Z,01JZ0FEFHXWJDW412MQGZ1YMFV,2025-06-30T13:14:59.520420868Z,01JZ0FEFKMKA9G1K7GYH5N6VEK,2025-06-30T13:14:59.520420868Z
01JZ0FPK4HRPYSGKDQ03MKENKP,01JZ0F67X5J6SBR3095JZ2KKHQ,2025-06-30T13:16:24.08143943Z,01JZ0F67ZT8SK3RX0KMQXRZR64,2025-06-30T13:16:24.08143943Z,01JZ0FCMR7Z7FFG5JXJBS56NZK,2025-06-30T13:16:24.08143943Z,01JZ0FH235VE50PMY57N3YDJG9,2025-06-30T13:16:24.08143943Z,01JZ0FH25ARAD2EE6K413AC2K1,2025-06-30T13:16:24.08143943Z
01JZ0HEJPD1K5XTTFT6E00Y540,01JZ0H1K4AG17CS34Z9G9MQYDS,2025-06-30T13:46:58.637178924Z,01JZ0H1K7HVYD71R3W6V80C6V1,2025-06-30T13:46:58.637178924Z,01JZ0H3YKDCKC58R863JCARE6G,2025-06-30T13:46:58.637178924Z,01JZ0HAVS54E0S6EA1VSCPJE2W,2025-06-30T13:46:58.637178924Z,01JZ0HAVVCQ82X051SZY3976BH,2025-06-30T13:46:58.637178924Z
01JZ0QBRHHSJ3VAYF5W5EDMPT8,01JZ0Q0CTMMAVY329HW6Z84SYY,2025-06-30T15:30:17.778029888Z,01JZ0Q0CWNKJYDS4SW61Q7VTQN,2025-06-30T15:30:17.778029888Z,01JZ0Q7SXAVHT2K7AH34K6E1SX,2025-06-30T15:30:17.778029888Z,01JZ0Q80XG0NQQZWZ0ZS4K2WB4,2025-06-30T15:30:17.778029888Z,01JZ0Q811D5KFHEHN6QYQG3E12,2025-06-30T15:30:17.778029888Z
01JZ0RKPZ89STRS9TQHGFMP1CN,01JZ0R44WS56B1WD5354KYAZ6V,2025-06-30T15:52:06.888566396Z,01JZ0R450M24K8ZS9F18EDTFG6,2025-06-30T15:52:06.888566396Z,01JZ0R79Q3SA31NRXSVYNGK5T9,2025-06-30T15:52:06.888566396Z,01JZ0RFVDEC09529ZV39X1MYHY,2025-06-30T15:52:06.888566396Z,01JZ0RFVMF810025EX9647XZ1C,2025-06-30T15:52:06.888566396Z
01JZ0FJQ3QPH145NVKE3RC64ER,01JZ0F67X5J6SBR3095JZ2KKHQ,2025-06-30T13:14:17.079746743Z,01JZ0F67ZEPC67VW242P0YYZAA,2025-06-30T13:14:17.079746743Z,01JZ0FATEZ4BCSXPWP1GNPMBCW,2025-06-30T13:14:17.079746743Z,01JZ0FF152BEQYSVW0DGQ8J2MY,2025-06-30T13:14:17.079746743Z,01JZ0FF16BVJA89DB3AAC6QT97,2025-06-30T13:14:17.079746743Z
01JZ0FSRFRKHQDSW64Q2HRYQA8,01JZ0F67X5J6SBR3095JZ2KKHQ,2025-06-30T13:18:07.864802939Z,01JZ0F67ZC5C7QZPK5TEQ23RT2,2025-06-30T13:18:07.864802939Z,01JZ0FHGYRW8Y6ZSR162NPMQGD,2025-06-30T13:18:07.864802939Z,01JZ0FSQ3NCEXR5QF86N66S7M0,2025-06-30T13:18:07.864802939Z,01JZ0FSQ5H5YWKJGNPH9AKT3QM,2025-06-30T13:18:07.864802939Z
01JZ0P81SSC2J3PNW2DSZDT0WC,01JZ0NSN7EKS122Z238A4PF66D,2025-06-30T15:10:47.609231431Z,01JZ0NSNC1W3B8HBKV7A156B13,2025-06-30T15:10:47.609231431Z,01JZ0NZ4J2HB6T107AP4J98YF9,2025-06-30T15:10:47.609231431Z,01JZ0P49FFMBGZM8VGX8RR699K,2025-06-30T15:10:47.609231431Z,01JZ0P49NN4A6XBWS8HE1NN6EJ,2025-06-30T15:10:47.609231431Z
01JZ0RMSNAVJRK841MYFEK7H4P,01JZ0R44WS56B1WD5354KYAZ6V,2025-06-30T15:52:42.410106194Z,01JZ0R44YW0T94WKHD2ZAT9VPC,2025-06-30T15:52:42.410106194Z,01JZ0RCE2YE75ZA1F2JVAF4PQN,2025-06-30T15:52:42.410106194Z,01JZ0RCZ78YWDGP623DZ54C3B3,2025-06-30T15:52:42.410106194Z,01JZ0RCZM35YRZ8JZT8CAHMG92,2025-06-30T15:52:42.410106194Z
01JZ0SS2AC7CK5YNT9Z9BZB26Y,01JZ0S9G3E1V9Y4W1M8GV3AGA9,2025-06-30T16:12:30.924089582Z,01JZ0S9G69Y1BMBR3KZBCDH0XZ,2025-06-30T16:12:30.924089582Z,01JZ0SAN7S16T6GKYDP9BE4Q9F,2025-06-30T16:12:30.924089582Z,01JZ0SN4RKR0FK21YDZFG99ED0,2025-06-30T16:12:30.924089582Z,01JZ0SN5CH2Z5V6Q7MGZ1FH50J,2025-06-30T16:12:30.924089582Z
01JZ0SZ7CZYR8WTTXGB6EC29FM,01JZ0S9G3E1V9Y4W1M8GV3AGA9,2025-06-30T16:15:52.735456976Z,01JZ0S9G72AZ3MF9HASHX1PW43,2025-06-30T16:15:52.735456976Z,01JZ0SHJF35Z3VHRZEEB8TRRCR,2025-06-30T16:15:52.735456976Z,01JZ0SSF5TTEGA4KE9KCX2D069,2025-06-30T16:15:52.735456976Z,01JZ0SSFDDM43P09Q9RREYCTET,2025-06-30T16:15:52.735456976Z
01JZ0SZMCVJF1DJ1BH76N63D0W,01JZ0S9G3E1V9Y4W1M8GV3AGA9,2025-06-30T16:16:06.043070144Z,01JZ0S9GBDE95BAEJ35DY3VGC4,2025-06-30T16:16:06.043070144Z,01JZ0SA8WBZCVQVD20ETSR9KH4,2025-06-30T16:16:06.043070144Z,01JZ0SQEFRCWKP9ZEKVZV9NZ6R,2025-06-30T16:16:06.043070144Z,01JZ0SQEW87N3QG2WWCC39NJ8W,2025-06-30T16:16:06.043070144Z
01JZ0FNP2Z5Q4KH0EKZHKX2ZH8,01JZ0F67X5J6SBR3095JZ2KKHQ,2025-06-30T13:15:54.335513386Z,01JZ0F67Z9QH00F8GAXY086HB5,2025-06-30T13:15:54.335513386Z,01JZ0FEZVY7EN4RKAZNT5R1EZ5,2025-06-30T13:15:54.335513386Z,01JZ0FNMHNGFQRC9AEB9KVCBTA,2025-06-30T13:15:54.335513386Z,01JZ0FNMJQYJ3XE7Q35QFSX7PX,2025-06-30T13:15:54.335513386Z
01JZ0MMAN36T15QG05X8ABCGH8,01JZ0KZHFC2GEC175ZSKVHYGR2,2025-06-30T14:42:32.73921216Z,01JZ0KZHH6W8XDVC696R9C92DG,2025-06-30T14:42:32.73921216Z,01JZ0M76DS1TB5AKS0JTGGKM42,2025-06-30T14:42:32.73921216Z,01JZ0MCKAWSJJD7XSMC4C0649V,2025-06-30T14:42:32.73921216Z,01JZ0MCKG4FA8A26JKHYVAA3MX,2025-06-30T14:42:32.73921216Z
01JZ0NVJ6197P0RJAP1VB14TE6,01JZ0N9PMZHSN31DAQRPMDQCYE,2025-06-30T15:03:58.401677946Z,01JZ0N9PQHD06TCBXAQZTT3H76,2025-06-30T15:03:58.401677946Z,01JZ0NEB3JG770E2MJXKGV4SYP,2025-06-30T15:03:58.401677946Z,01JZ0NKT3DR2EPQ5TV4AEDW3XX,2025-06-30T15:03:58.401677946Z,01JZ0NKT9JAEG0PJBY6B34KT3T,2025-06-30T15:03:58.401677946Z
01JZ0P81QDGHQPRKYDPGX5EC9Q,01JZ0NSN7EKS122Z238A4PF66D,2025-06-30T15:10:47.533883154Z,01JZ0NSNC1W3B8HBKV7A156B13,2025-06-30T15:10:47.533883154Z,01JZ0P0GZR09Z9DMSV67CDPA5W,2025-06-30T15:10:47.533883154Z,01JZ0P49FFMBGZM8VGX8RR699K,2025-06-30T15:10:47.533883154Z,01JZ0P49NN4A6XBWS8HE1NN6EJ,2025-06-30T15:10:47.533883154Z
01JZ0Q381BZG7QPC5K1HWVZG6P,01JZ0PDFE8X2A24VZSJDD0T2BH,2025-06-30T15:25:38.731420542Z,01JZ0PDFFH0EDR9F9CYFN0TQY3,2025-06-30T15:25:38.731420542Z,01JZ0PMBRB2ZJXD3FT9KV7JP4H,2025-06-30T15:25:38.731420542Z,01JZ0PVRF7K7NKQ7ZE4CCVD40K,2025-06-30T15:25:38.731420542Z,01JZ0PVRY8854FG5MQ5RHH4TS9,2025-06-30T15:25:38.731420542Z
01JZ0QDM4QKFXHP2FJ6QY6EHDG,01JZ0Q0CTMMAVY329HW6Z84SYY,2025-06-30T15:31:18.807053133Z,01JZ0Q0CX32Y5M8NZMVY0C598C,2025-06-30T15:31:18.807053133Z,01JZ0Q37ZE5E8WW1TTY1J69H1X,2025-06-30T15:31:18.807053133Z,01JZ0QDJGBKYVPQA2SXS058J3H,2025-06-30T15:31:18.807053133Z,01JZ0QDJKB1TX8B3RTEVANCZZE,2025-06-30T15:31:18.807053133Z
01JZ0RDNN6T9WRCV2HJG4V9KX3,01JZ0R44WS56B1WD5354KYAZ6V,2025-06-30T15:48:48.93473387Z,01JZ0R44YD4TQ1QQVW9H1W0WBF,2025-06-30T15:48:48.93473387Z,01JZ0R6J718YBTR7YEHTBTQQK5,2025-06-30T15:48:48.93473387Z,01JZ0RDJ0XXCM980RFX0R86PD9,2025-06-30T15:48:48.93473387Z,01JZ0RDJDBM72ZH89Y5NBGW57F,2025-06-30T15:48:48.93473387Z
01JZ0RPKF3DY1JTYZ64BT6V6W0,01JZ0R44WS56B1WD5354KYAZ6V,2025-06-30T15:53:41.603887065Z,01JZ0R44ZYB02HBRR2X1W771BR,2025-06-30T15:53:41.603887065Z,01JZ0R73B6ZBY0XV8TDKBRTHN0,2025-06-30T15:53:41.603887065Z,01JZ0RGZ3DKRXN7JFMF7ZYJ17Q,2025-06-30T15:53:41.603887065Z,01JZ0RGZCJ387YHVR398A6EPWM,2025-06-30T15:53:41.603887065Z
01JZ0HH1FCXRC0H5SX7XM8WH5W,01JZ0H1K4AG17CS34Z9G9MQYDS,2025-06-30T13:48:19.308139336Z,01JZ0H1K7KVN4Q30DF0C4SZNQW,2025-06-30T13:48:19.308139336Z,01JZ0H4DCRMZ62SRWSFKCMEFC6,2025-06-30T13:48:19.308139336Z,01JZ0H9B6K7H0GDYX6M9K2KAVN,2025-06-30T13:48:19.308139336Z,01JZ0H9B9Z0ZNNBD82FGZ21K0H,2025-06-30T13:48:19.308139336Z
01JZ0TB7ETZ7GY2SEMED20A3F8,01JZ0S9G3E1V9Y4W1M8GV3AGA9,2025-06-30T16:22:26.01005215Z,01JZ0S9G8MSQJNW9QDDX82T8EZ,2025-06-30T16:22:26.01005215Z,01JZ0T2XSJ0AG7V7PM1MRXSRY8,2025-06-30T16:22:26.01005215Z,01JZ0T2ZBBK5N03NFCZRN4R3GR,2025-06-30T16:22:26.01005215Z,01JZ0T2ZSED3J1H4QV6YETH1VM,2025-06-30T16:22:26.01005215Z
01JZ0FSBQS74CF04XHR0KYY7AV,01JZ0F67X5J6SBR3095JZ2KKHQ,2025-06-30T13:17:54.809145821Z,01JZ0F67Z9QH00F8GAXY086HB5,2025-06-30T13:17:54.809145821Z,01JZ0FJ2J3KAWY8R383XNHY1BP,2025-06-30T13:17:54.809145821Z,01JZ0FNMHABMQMJJE7Y0M736G4,2025-06-30T13:17:54.809145821Z,01JZ0FNMMBHN1W4KXB29889Y8Y,2025-06-30T13:17:54.809145821Z
01JZ0FV6KAM4PFRRA4474KVAGN,01JZ0F67X5J6SBR3095JZ2KKHQ,2025-06-30T13:18:55.082493077Z,01JZ0F67Z9QH00F8GAXY086HB5,2025-06-30T13:18:55.082493077Z,01JZ0FBRXZ8XMKNDM1GTFS4P4A,2025-06-30T13:18:55.082493077Z,01JZ0FNMHABMQMJJE7Y0M736G4,2025-06-30T13:18:55.082493077Z,01JZ0FNMNCSWMW95D3YN10V1NE,2025-06-30T13:18:55.082493077Z
01JZ0MMAMAGNYG3SKVG0FN2GFG,01JZ0KZHFC2GEC175ZSKVHYGR2,2025-06-30T14:42:32.714931193Z,01JZ0KZHH6W8XDVC696R9C92DG,2025-06-30T14:42:32.714931193Z,01JZ0M20DM4T4V1KVQ5EQ5SJCQ,2025-06-30T14:42:32.714931193Z,01JZ0MCKAWSJJD7XSMC4C0649V,2025-06-30T14:42:32.714931193Z,01JZ0MCKG4FA8A26JKHYVAA3MX,2025-06-30T14:42:32.714931193Z
01JZ0SX36B8ZY5EMEPWAHPEPF6,01JZ0S9G3E1V9Y4W1M8GV3AGA9,2025-06-30T16:14:42.891250522Z,01JZ0S9G69Y1BMBR3KZBCDH0XZ,2025-06-30T16:14:42.891250522Z,01JZ0SFBWH5DH0RBKQRJ6TWQK5,2025-06-30T16:14:42.891250522Z,01JZ0SN4Z13DGFMWRG6H5FCFZR,2025-06-30T16:14:42.891250522Z,01JZ0SN62T6N1FSEVAV8CX6341,2025-06-30T16:14:42.891250522Z
01JZ0FMHT1DRNR74ZW9VQMV0DK,01JZ0F67X5J6SBR3095JZ2KKHQ,2025-06-30T13:15:17.185927274Z,01JZ0F67ZEPC67VW242P0YYZAA,2025-06-30T13:15:17.185927274Z,01JZ0FADP9EKGDX636W54K492Z,2025-06-30T13:15:17.185927274Z,01JZ0FF152BEQYSVW0DGQ8J2MY,2025-06-30T13:15:17.185927274Z,01JZ0FF16EY6W0Y9819NNFJ5AK,2025-06-30T13:15:17.185927274Z
01JZ0HG02AHSECC05N1A80A1V0,01JZ0H1K4AG17CS34Z9G9MQYDS,2025-06-30T13:47:45.098716441Z,01JZ0H1K7A7HBJ5WZC7T99GVBX,2025-06-30T13:47:45.098716441Z,01JZ0H5G63GV0PY89GCTJ3RTN8,2025-06-30T13:47:45.098716441Z,01JZ0HAECPB75NSKW408592PHJ,2025-06-30T13:47:45.098716441Z,01JZ0HAEH395D6B5VQGN4GAJ8K,2025-06-30T13:47:45.098716441Z
01JZ0HJZ7Q08NPWBNSXPEQX3VC,01JZ0H1K4AG17CS34Z9G9MQYDS,2025-06-30T13:49:22.551436194Z,01JZ0H1K706F68YJ8PB50DJAH3,2025-06-30T13:49:22.551436194Z,01JZ0H6EEFSCJKZ89CKKRRVF40,2025-06-30T13:49:22.551436194Z,01JZ0HDDQ1TQC05SZV1MP12GS4,2025-06-30T13:49:22.551436194Z,01JZ0HDDSN4RJNHJNWEPZ6KD1D,2025-06-30T13:49:22.551436194Z
01JZ0R216871BWBT64CX8BDWWN,01JZ0QGE33ZWYV7A3256FYEZA6,2025-06-30T15:42:27.528125398Z,01JZ0QGE4MQBM7ZJEFVQMWJX02,2025-06-30T15:42:27.528125398Z,01JZ0QPKRJFVHW9J2EJ9HV7BB0,2025-06-30T15:42:27.528125398Z,01JZ0QT8E57KE5FS60Y0XYREM2,2025-06-30T15:42:27.528125398Z,01JZ0QT8NST1K1X1Z5J8NEMNZB,2025-06-30T15:42:27.528125398Z
01JZ0FG3QKV0R1MM25YZGARR1H,01JZ0F67X5J6SBR3095JZ2KKHQ,2025-06-30T13:12:51.699878383Z,01JZ0F67ZFPZEHV6BKFXQYDXZZ,2025-06-30T13:12:51.699878383Z,01JZ0FC1MEEYB5ZHG0QP6GKMWQ,2025-06-30T13:12:51.699878383Z,01JZ0FG2S8VS3GN3R2QA2DBY2M,2025-06-30T13:12:51.699878383Z,01JZ0FG2VGJ345VW7BYMGJ3WX3,2025-06-30T13:12:51.699878383Z
01JZ0HEWJ4H0KN6NF6VE06K5HM,01JZ0H1K4AG17CS34Z9G9MQYDS,2025-06-30T13:47:08.740559335Z,01JZ0H1K7KVN4Q30DF0C4SZNQW,2025-06-30T13:47:08.740559335Z,01JZ0H4GBQSQYED6WDD8E3HJCG,2025-06-30T13:47:08.740559335Z,01JZ0H9B6QJSN4ERPYEHH37CV2,2025-06-30T13:47:08.740559335Z,01JZ0H9B8GVG80CZTQJ7EAAY9T,2025-06-30T13:47:08.740559335Z
01JZ0K15PCXF9Q55YWYESTMB08,01JZ0JJRG62BDVPN4H0KJ2XPWK,2025-06-30T14:14:36.493021367Z,01JZ0JJRMQ32S1DDP8PZN3RKEA,2025-06-30T14:14:36.493021367Z,01JZ0JN6JMZG2FMKENBAS8NM9Y,2025-06-30T14:14:36.493021367Z,01JZ0JSS70VYGPC0KK37CPRG9X,2025-06-30T14:14:36.493021367Z,01JZ0JSSBR19NJEKZ80M9D66SK,2025-06-30T14:14:36.493021367Z
01JZ0MRD36X9JRVYXPJTE0K2GV,01JZ0KZHFC2GEC175ZSKVHYGR2,2025-06-30T14:44:46.310824497Z,01JZ0KZHHC2JQ9380R79DSYF93,2025-06-30T14:44:46.310824497Z,01JZ0M1RQ5A9ERDM9J4QJBC59B,2025-06-30T14:44:46.310824497Z,01JZ0MGP1H08NKC41F4W5N223S,2025-06-30T14:44:46.310824497Z,01JZ0MGP8BRDCBGPKJB1Z2Q7SJ,2025-06-30T14:44:46.310824497Z
01JZ0NYKHGPPD5GWA0NPZV59YB,01JZ0N9PMZHSN31DAQRPMDQCYE,2025-06-30T15:05:38.09642775Z,01JZ0N9PPX2EBNCBEJCH5EHX43,2025-06-30T15:05:38.09642775Z,01JZ0NEK75CC9CPVP2CHZ4QJ84,2025-06-30T15:05:38.09642775Z,01JZ0NQ6B22RCM4EYA025ZVKZE,2025-06-30T15:05:38.09642775Z,01JZ0NQ6EQGXAFCAJ3XWJM67Y7,2025-06-30T15:05:38.09642775Z
01JZ0RNB9307S86ESJE40GTPAE,01JZ0R44WS56B1WD5354KYAZ6V,2025-06-30T15:53:00.451176284Z,01JZ0R450A0M8Q4QC968ZVRS9H,2025-06-30T15:53:00.451176284Z,01JZ0R6Z68KBAXFH25R17ZH0FP,2025-06-30T15:53:00.451176284Z,01JZ0RFNY7CAK7Q2XWPCT4A1FS,2025-06-30T15:53:00.451176284Z,01JZ0RFP82RB3G25B358MRPN2C,2025-06-30T15:53:00.451176284Z
01JZ0SYXETE1XGV710HSDJZ8JJ,01JZ0S9G3E1V9Y4W1M8GV3AGA9,2025-06-30T16:15:42.55412006Z,01JZ0S9G9GQDAYDBEESMGH4RA5,2025-06-30T16:15:42.55412006Z,01JZ0SK9JXYJAB5JG2TDNVPFF3,2025-06-30T16:15:42.55412006Z,01JZ0SQ3DBEVRM9PRM588Y44AB,2025-06-30T16:15:42.55412006Z,01JZ0SQ3RJAWHT2K2KFJRJWXW2,2025-06-30T16:15:42.55412006Z
01JZ0V8RQYFXVYFDG39TX7TFFN,01JZ0TXM4HA3Q8P6D6TPYYS7R3,2025-06-30T16:38:33.982847808Z,01JZ0TXMAAZJ4VJWA2WTVHG174,2025-06-30T16:38:33.982847808Z,01JZ0V4NRB59966MX97R2AYRHH,2025-06-30T16:38:33.982847808Z,01JZ0V8M42RMRY2C4MPYB0YYVH,2025-06-30T16:38:33.982847808Z,01JZ0V8MA8ZRCYYEP5BGPZR17K,2025-06-30T16:38:33.982847808Z
01JZ0G2ZMT5MDQE4KXRKZTW0WN,01JZ0F67X5J6SBR3095JZ2KKHQ,2025-06-30T13:23:10.106990512Z,01JZ0F67Z9QH00F8GAYATW0H4D,2025-06-30T13:23:10.106990512Z,01JZ0FDAK0H7SHFFA8ZFRDR2Y5,2025-06-30T13:23:10.106990512Z,01JZ0FTXY4GX9XAQJYXZ8SGCSN,2025-06-30T13:23:10.106990512Z,01JZ0FTY3JQ2480AB79753QP69,2025-06-30T13:23:10.106990512Z
01JZ0VJ47BHZCMCB9KRVNTNEA8,01JZ0TXM4HA3Q8P6D6TPYYS7R3,2025-06-30T16:43:40.651170256Z,01JZ0TXM9G1YQW4PKWAZEHBP4X,2025-06-30T16:43:40.651170256Z,01JZ0V2V0JVWK8BV5PK5A7H9Y7,2025-06-30T16:43:40.651170256Z,01JZ0VA39HPKW8MX9NV5NCWW3N,2025-06-30T16:43:40.651170256Z,01JZ0VA3MM8S4F5FMQCEB2X88S,2025-06-30T16:43:40.651170256Z
01JZ0G48G29RR4RWGRD3NET2G2,01JZ0F67X5J6SBR3095JZ2KKHQ,2025-06-30T13:23:51.938520017Z,01JZ0F67Z8B8A42G6Y5XQ0NS83,2025-06-30T13:23:51.938520017Z,01JZ0FEY0G09HWKF9WWANREXZ5,2025-06-30T13:23:51.938520017Z,01JZ0FW5ERYWRKT75VNMKFW57X,2025-06-30T13:23:51.938520017Z,01JZ0FW60X3TQ3EH9FYEX0B18G,2025-06-30T13:23:51.938520017Z
01JZ0HHBK7556TA5QXR91N3YE5,01JZ0H1K4AG17CS34Z9G9MQYDS,2025-06-30T13:48:29.671854664Z,01JZ0H1K7KVN4Q30DF0C4SZNQW,2025-06-30T13:48:29.671854664Z,01JZ0H4GBQSQYED6WDD8E3HJCG,2025-06-30T13:48:29.671854664Z,01JZ0H9B6DA8VEFJSXMGJKGTNQ,2025-06-30T13:48:29.671854664Z,01JZ0H9BASB2QA3BTDYH4M0YMF,2025-06-30T13:48:29.671854664Z
01JZ0HKHQ1F6FA2BDGSF4HAHKZ,01JZ0H1K4AG17CS34Z9G9MQYDS,2025-06-30T13:49:41.47389059Z,01JZ0H1K7FV78W73P31JXQYTKA,2025-06-30T13:49:41.47389059Z,01JZ0H5M5HFDPMDY7KF9ZFXG0T,2025-06-30T13:49:41.47389059Z,01JZ0HC59N7VESSFANXQJ72DZ3,2025-06-30T13:49:41.47389059Z,01JZ0HC5D8EM51E0NPVJJ49FMZ,2025-06-30T13:49:41.47389059Z
01JZ0MC20X4HBTXG2ART5KPJTS,01JZ0KZHFC2GEC175ZSKVHYGR2,2025-06-30T14:38:01.758035045Z,01JZ0KZHHH6W8J7M02JDFMAQF5,2025-06-30T14:38:01.758035045Z,01JZ0M1F3F18ZRH41SFFXNC5Z8,2025-06-30T14:38:01.758035045Z,01JZ0MA57G6F6CZSS6TXQYY4X3,2025-06-30T14:38:01.758035045Z,01JZ0MA5C5QDZRV3ZH1ZHXBX0P,2025-06-30T14:38:01.758035045Z
01JZ0MH9BMBXSWWG0X9EQ786GC,01JZ0KZHFC2GEC175ZSKVHYGR2,2025-06-30T14:40:53.108537902Z,01JZ0KZHGXZ28TMC40NC90GVYX,2025-06-30T14:40:53.108537902Z,01JZ0M7J5WS1CYEZCS1370MV2S,2025-06-30T14:40:53.108537902Z,01JZ0M9WTTT9DEYBSAD67CY8SA,2025-06-30T14:40:53.108537902Z,01JZ0M9WYGGVQBSVN4AKNKZMG5,2025-06-30T14:40:53.108537902Z
01JZ0NSD0NG4EAQGBEDT714CVJ,01JZ0N9PMZHSN31DAQRPMDQCYE,2025-06-30T15:02:47.573794387Z,01JZ0N9PQHD06TCBXAQZTT3H76,2025-06-30T15:02:47.573794387Z,01JZ0NGFD8Q625CBVC4SGN58J1,2025-06-30T15:02:47.573794387Z,01JZ0NKT353JX7TDZWFQNH8NHN,2025-06-30T15:02:47.573794387Z,01JZ0NKT7K4AYSPZC9B59JGMZ9,2025-06-30T15:02:47.573794387Z
01JZ0FV2JN19HXT019S6Y3Q3GD,01JZ0F67X5J6SBR3095JZ2KKHQ,2025-06-30T13:18:50.965728236Z,01JZ0F67ZNGQ7M2D3G3M0R8ZTD,2025-06-30T13:18:50.965728236Z,01JZ0FBTJXMW2AK8YMAJ7FJR7V,2025-06-30T13:18:50.965728236Z,01JZ0FNH5C6Q73NCV3H5ND8BSP,2025-06-30T13:18:50.965728236Z,01JZ0FNH7RNVM69P187GPAFMTG,2025-06-30T13:18:50.965728236Z
01JZ0HJJ4S63HCNHAB7T38RHQ3,01JZ0H1K4AG17CS34Z9G9MQYDS,2025-06-30T13:49:09.145480297Z,01JZ0H1K78HDDW9F2WM1P8VZMN,2025-06-30T13:49:09.145480297Z,01JZ0H6H4K79XNW5XKQJ205ZTV,2025-06-30T13:49:09.145480297Z,01JZ0HAGRY6N8X6N9WN9G5HWSG,2025-06-30T13:49:09.145480297Z,01JZ0HAGXKMY05NP93HW3SP4S7,2025-06-30T13:49:09.145480297Z
01JZ0RQDPHZX4Z2FSKS8AE8HC5,01JZ0R44WS56B1WD5354KYAZ6V,2025-06-30T15:54:08.46565575Z,01JZ0R450M24K8ZS9F18EDTFG6,2025-06-30T15:54:08.46565575Z,01JZ0R9WHEP7DQXPA3V8WPWJ9W,2025-06-30T15:54:08.46565575Z,01JZ0RFVCVWSQKJQ7W948JHH3V,2025-06-30T15:54:08.46565575Z,01JZ0RFVQT5PCAZKWXGH0RD42S,2025-06-30T15:54:08.46565575Z
01JZ0TB7HVGPBK86WKDWYV7208,01JZ0S9G3E1V9Y4W1M8GV3AGA9,2025-06-30T16:22:26.107380441Z,01JZ0S9G8MSQJNW9QDDX82T8EZ,2025-06-30T16:22:26.107380441Z,01JZ0SMQXV1DDFCHV33AY50M6P,2025-06-30T16:22:26.107380441Z,01JZ0T2ZBBK5N03NFCZRN4R3GR,2025-06-30T16:22:26.107380441Z,01JZ0T2ZSED3J1H4QV6YETH1VM,2025-06-30T16:22:26.107380441Z
01JZ0VHQNEGNDDPJ0M7DW3WDZK,01JZ0TXM4HA3Q8P6D6TPYYS7R3,2025-06-30T16:43:27.790840417Z,01JZ0TXMB9EHVXHHHV3J3SQY3A,2025-06-30T16:43:27.790840417Z,01JZ0VA8DK4TAWTT8THNTNJ1SW,2025-06-30T16:43:27.790840417Z,01JZ0VC1S39MS0B0H13TGRSYRF,2025-06-30T16:43:27.790840417Z,01JZ0VC25FKFRXHJBWRFR8MKCM,2025-06-30T16:43:27.790840417Z
01JZ0FPHTBD1Q8MMVSPJZRWQ25,01JZ0F67X5J6SBR3095JZ2KKHQ,2025-06-30T13:16:22.731253711Z,01JZ0F67ZNGQ7M2D3G364WEKWP,2025-06-30T13:16:22.731253711Z,01JZ0FHSMZ1RKYF919HZF316MP,2025-06-30T13:16:22.731253711Z,01JZ0FPGDAPG30FJ3SWC4WDBHJ,2025-06-30T13:16:22.731253711Z,01JZ0FPGE7XSSJC5D4ZKRW6251,2025-06-30T13:16:22.731253711Z
01JZ0VHQJKQHWBQVQ8PTQ45FXD,01JZ0TXM4HA3Q8P6D6TPYYS7R3,2025-06-30T16:43:27.699331608Z,01JZ0TXMB9EHVXHHHV3J3SQY3A,2025-06-30T16:43:27.699331608Z,01JZ0V0BHD367W9MS1M0PZJGYW,2025-06-30T16:43:27.699331608Z,01JZ0VC1S39MS0B0H13TGRSYRF,2025-06-30T16:43:27.699331608Z,01JZ0VC25FKFRXHJBWRFR8MKCM,2025-06-30T16:43:27.699331608Z
01JZ0K199EX6H1FJZJJYM2TH3V,01JZ0JJRG62BDVPN4H0KJ2XPWK,2025-06-30T14:14:40.174228846Z,01JZ0JJRKH7XD764W2MEEG7PFH,2025-06-30T14:14:40.174228846Z,01JZ0JNPB8GHT0X464XPMVEBH9,2025-06-30T14:14:40.174228846Z,01JZ0JZD8STSHTGJ2FBE9QM7PE,2025-06-30T14:14:40.174228846Z,01JZ0JZDAMA51BAHNH2TER6XXD,2025-06-30T14:14:40.174228846Z
01JZ0FNMA1K8YCYA0CS2NX54SW,01JZ0F67X5J6SBR3095JZ2KKHQ,2025-06-30T13:15:52.5138454Z,01JZ0F67ZGT4J2NC89JRSKF93F,2025-06-30T13:15:52.5138454Z,01JZ0FCYY4QGD4A8984C3YPRN7,2025-06-30T13:15:52.5138454Z,01JZ0FHY0FF9TVSRZETCEYCTMP,2025-06-30T13:15:52.5138454Z,01JZ0FHY26ZXF3Q8Q4DD13TWPW,2025-06-30T13:15:52.5138454Z
01JZ0FQCZ0565K6DWVBSB7MC7E,01JZ0F67X5J6SBR3095JZ2KKHQ,2025-06-30T13:16:50.528428629Z,01JZ0F67ZNGQ7M2D3G3M0R8ZTD,2025-06-30T13:16:50.528428629Z,01JZ0FDQ7XEK8QFWNEW92QR4H3,2025-06-30T13:16:50.528428629Z,01JZ0FNH5C6Q73NCV3H5ND8BSP,2025-06-30T13:16:50.528428629Z,01JZ0FNH7H6V08MHV9QEBAG9SJ,2025-06-30T13:16:50.528428629Z
01JZ0FWJM5E9QX8XGJ4SJHK2BR,01JZ0F67X5J6SBR3095JZ2KKHQ,2025-06-30T13:19:40.165911411Z,01JZ0F67ZBCBNFH7W25EXNBXDS,2025-06-30T13:19:40.165911411Z,01JZ0FCSDW0BM8JYA02TAKKS7F,2025-06-30T13:19:40.165911411Z,01JZ0FMTGSXZ0PE0V260NPYTTX,2025-06-30T13:19:40.165911411Z,01JZ0FMTKS92JPRD7H687CCF0F,2025-06-30T13:19:40.165911411Z
01JZ0MMMRZJR6XVKP08VB9PHZB,01JZ0KZHFC2GEC175ZSKVHYGR2,2025-06-30T14:42:43.103640671Z,01JZ0KZHH6W8XDVC696R9C92DG,2025-06-30T14:42:43.103640671Z,01JZ0M3AJTJTBWN32ZGK0JDM10,2025-06-30T14:42:43.103640671Z,01JZ0MCKA2QW8DXTAC6G4N5FMF,2025-06-30T14:42:43.103640671Z,01JZ0MCKH6P5ETQ69Q6XVACMYV,2025-06-30T14:42:43.103640671Z
01JZ0REX41JX5W40B7Y9V9N7Q5,01JZ0R44WS56B1WD5354KYAZ6V,2025-06-30T15:49:29.345067482Z,01JZ0R44YW0T94WKHD2ZAT9VPC,2025-06-30T15:49:29.345067482Z,01JZ0RA7ZVQK012EEC40XNGWC7,2025-06-30T15:49:29.345067482Z,01JZ0RCZ5WMDRF6E7DKWB3TR0Z,2025-06-30T15:49:29.345067482Z,01JZ0RCZDCAQ37H1J9DDP6X9T0,2025-06-30T15:49:29.345067482Z
01JZ0SSN9R3JCT8S1F6AFRV84K,01JZ0S9G3E1V9Y4W1M8GV3AGA9,2025-06-30T16:12:50.360505888Z,01JZ0S9G72AZ3MF9HASHX1PW43,2025-06-30T16:12:50.360505888Z,01JZ0SMZHYMDQK8WF64HD0D3K4,2025-06-30T16:12:50.360505888Z,01JZ0SSF26QZZFDZS5GDY53865,2025-06-30T16:12:50.360505888Z,01JZ0SSF8EHJFWSKCC2DKK1R1Q,2025-06-30T16:12:50.360505888Z
01JZ0FG3R5D845VGR07SMJXR7D,01JZ0F67X5J6SBR3095JZ2KKHQ,2025-06-30T13:12:51.717491394Z,01JZ0F67ZFPZEHV6BKFXQYDXZZ,2025-06-30T13:12:51.717491394Z,01JZ0FB6FJQ1D9FWD3X4BZ10WY,2025-06-30T13:12:51.717491394Z,01JZ0FG2S8VS3GN3R2QA2DBY2M,2025-06-30T13:12:51.717491394Z,01JZ0FG2VGJ345VW7BYMGJ3WX3,2025-06-30T13:12:51.717491394Z
01JZ0MFEE4QWXAAWV65PTXRAN0,01JZ0KZHFC2GEC175ZSKVHYGR2,2025-06-30T14:39:52.772502848Z,01JZ0KZHGXZ28TMC40NC90GVYX,2025-06-30T14:39:52.772502848Z,01JZ0M3P9VKZ1RS5GDCN0TA36R,2025-06-30T14:39:52.772502848Z,01JZ0M9WSQ9DM8WT39RMXP13EB,2025-06-30T14:39:52.772502848Z,01JZ0M9WXFR1P2FGPYN4BYN34C,2025-06-30T14:39:52.772502848Z
01JZ0NYKEGCPGM8XWME6YVK7EA,01JZ0N9PMZHSN31DAQRPMDQCYE,2025-06-30T15:05:38.00019226Z,01JZ0N9PPX2EBNCBEJCH5EHX43,2025-06-30T15:05:38.00019226Z,01JZ0NQ3C4VN4SR6B2B3YFZF4P,2025-06-30T15:05:38.00019226Z,01JZ0NQ6B22RCM4EYA025ZVKZE,2025-06-30T15:05:38.00019226Z,01JZ0NQ6EQGXAFCAJ3XWJM67Y7,2025-06-30T15:05:38.00019226Z
01JZ0QHA1VF1SP2YDXY8JG20YH,01JZ0Q0CTMMAVY329HW6Z84SYY,2025-06-30T15:33:19.547113414Z,01JZ0Q0CX32Y5M8NZMVY0C598C,2025-06-30T15:33:19.547113414Z,01JZ0QAC7E48R8DA1R24NC5BN7,2025-06-30T15:33:19.547113414Z,01JZ0QDJJNPEJ5YZK89YN764ZV,2025-06-30T15:33:19.547113414Z,01JZ0QDJN85VE5YS328ZYC3884,2025-06-30T15:33:19.547113414Z
01JZ0RFT0M9GW6PQC527Y39ZCD,01JZ0R44WS56B1WD5354KYAZ6V,2025-06-30T15:49:58.932199299Z,01JZ0R450A0M8Q4QC968ZVRS9H,2025-06-30T15:49:58.932199299Z,01JZ0R7KYSRZ9WN5AKECH3KB3X,2025-06-30T15:49:58.932199299Z,01JZ0RFNNCF6C37TZZ1SEPXCQZ,2025-06-30T15:49:58.932199299Z,01JZ0RFP0PNXGY6BWMTVXKC9HK,2025-06-30T15:49:58.932199299Z
01JZ0SSNCQGZ2Q7NPRM2K0GTDV,01JZ0S9G3E1V9Y4W1M8GV3AGA9,2025-06-30T16:12:50.455580655Z,01JZ0S9G72AZ3MF9HASHX1PW43,2025-06-30T16:12:50.455580655Z,01JZ0SFY60ZWJ9F5NVJ19CBR6J,2025-06-30T16:12:50.455580655Z,01JZ0SSF26QZZFDZS5GDY53865,2025-06-30T16:12:50.455580655Z,01JZ0SSF8EHJFWSKCC2DKK1R1Q,2025-06-30T16:12:50.455580655Z
01JZ0T1RA66WP9FM3KFVNVDS38,01JZ0S9G3E1V9Y4W1M8GV3AGA9,2025-06-30T16:17:15.59034775Z,01JZ0S9G72AZ3MF9HASHX1PW43,2025-06-30T16:17:15.59034775Z,01JZ0SFY60ZWJ9F5NVJ19CBR6J,2025-06-30T16:17:15.59034775Z,01JZ0SSF389HKA4QSJQDWQBPK3,2025-06-30T16:17:15.59034775Z,01JZ0SSFM7W9K12VT26J1075B1,2025-06-30T16:17:15.59034775Z
01JZ0VA8KKB4D7F7DDK7Q9R63D,01JZ0TXM4HA3Q8P6D6TPYYS7R3,2025-06-30T16:39:22.995655215Z,01JZ0TXM9G1YQW4PKWAZEHBP4X,2025-06-30T16:39:22.995655215Z,01JZ0V2V0JVWK8BV5PK5A7H9Y7,2025-06-30T16:39:22.995655215Z,01JZ0VA376DM6ZAKPMMZ3880SE,2025-06-30T16:39:22.995655215Z,01JZ0VA3BQ531X5KGZH9K8677V,2025-06-30T16:39:22.995655215Z
01JZ0HHWWEDZX36K4WT2E06KJ4,01JZ0H1K4AG17CS34Z9G9MQYDS,2025-06-30T13:48:47.374375648Z,01JZ0H1K78HDDW9F2WM1P8VZMN,2025-06-30T13:48:47.374375648Z,01JZ0H3DD6JF5G5S76TR0MC0NN,2025-06-30T13:48:47.374375648Z,01JZ0HAGRNTZZ0EQ8G9VK0FZKV,2025-06-30T13:48:47.374375648Z,01JZ0HAGW58B85XJRP1Q9GGJ6N,2025-06-30T13:48:47.374375648Z
01JZ0VEAZ2P59Q5KF6B0FT0B7S,01JZ0TXM4HA3Q8P6D6TPYYS7R3,2025-06-30T16:41:36.482524725Z,01JZ0TXMAAZJ4VJWA2WTVHG174,2025-06-30T16:41:36.482524725Z,01JZ0V32G4VNH8F152X0004PNK,2025-06-30T16:41:36.482524725Z,01JZ0V8M85MMPYBMHW7JFE9Q9Z,2025-06-30T16:41:36.482524725Z,01JZ0V8MF2WN08NA8Y09ZH2S8Q,2025-06-30T16:41:36.482524725Z
01JZ0VM9BX5WFMNBPTRAENPCH7,01JZ0TXM4HA3Q8P6D6TPYYS7R3,2025-06-30T16:44:51.453888179Z,01JZ0TXMB9EHVXHHHV3J3SQY3A,2025-06-30T16:44:51.453888179Z,01JZ0V1ERYHDJ60FHKM6DYYBBC,2025-06-30T16:44:51.453888179Z,01JZ0VC1WC4C34RME93WS25QAZ,2025-06-30T16:44:51.453888179Z,01JZ0VC2D31WVSXDQMH8BA7A7J,2025-06-30T16:44:51.453888179Z
01JZ0VC6CSV9TX604DYCK038SV,01JZ0TXM4HA3Q8P6D6TPYYS7R3,2025-06-30T16:40:26.265449897Z,01JZ0TXM9G1YQW4PKWAZEHBP4X,2025-06-30T16:40:26.265449897Z,01JZ0V898AG8ABR4XHNVSDEQYC,2025-06-30T16:40:26.265449897Z,01JZ0VA38AG5CMBPK3H4ZDH1EB,2025-06-30T16:40:26.265449897Z,01JZ0VA3EDE5VA6KPVPAWM4W4J,2025-06-30T16:40:26.265449897Z
01JZ0HFW06TE8VWHF56FNXBA37,01JZ0H1K4AG17CS34Z9G9MQYDS,2025-06-30T13:47:40.93443Z,01JZ0H1K7FV78W73P31JXQYTKA,2025-06-30T13:47:40.93443Z,01JZ0H5M5HFDPMDY7KF9ZFXG0T,2025-06-30T13:47:40.93443Z,01JZ0HC59VR7BR28QM5T4X3DVY,2025-06-30T13:47:40.93443Z,01JZ0HC5BY2NPPQCBDJH37PCY4,2025-06-30T13:47:40.93443Z
01JZ0MHWXC5PTM18764SDY324C,01JZ0KZHFC2GEC175ZSKVHYGR2,2025-06-30T14:41:13.132486439Z,01JZ0KZHHH6W8J7M02JDFMAQF5,2025-06-30T14:41:13.132486439Z,01JZ0M4WQFE6B0V4QHX8A85TS4,2025-06-30T14:41:13.132486439Z,01JZ0MA5916T3H75HESE7GFNFJ,2025-06-30T14:41:13.132486439Z,01JZ0MA5GFKK4TBG9714N52PVS,2025-06-30T14:41:13.132486439Z
01JZ0NKW4JKGE2PXNG2R3Y9GJZ,01JZ0N9PMZHSN31DAQRPMDQCYE,2025-06-30T14:59:46.4502915Z,01JZ0N9PQHD06TCBXAQZTT3H76,2025-06-30T14:59:46.4502915Z,01JZ0NEB3JG770E2MJXKGV4SYP,2025-06-30T14:59:46.4502915Z,01JZ0NKT2VE4SHS4CADHAHV9EA,2025-06-30T14:59:46.4502915Z,01JZ0NKT5WJ1XYZCJ9S9J04RX7,2025-06-30T14:59:46.4502915Z
01JZ0QW5CZYJZ66XGSTAED7NG7,01JZ0QGE33ZWYV7A3256FYEZA6,2025-06-30T15:39:15.231411337Z,01JZ0QGE4MQBM7ZJEFVQMWJX02,2025-06-30T15:39:15.231411337Z,01JZ0QPT6048XZAJK53YEVWM2W,2025-06-30T15:39:15.231411337Z,01JZ0QT8D72WY9E0JR27EZFH9M,2025-06-30T15:39:15.231411337Z,01JZ0QT8HTHTW4QK8AXRWB0BPV,2025-06-30T15:39:15.231411337Z
01JZ0FMRD6CMK2JPZPY30BY74P,01JZ0F67X5J6SBR3095JZ2KKHQ,2025-06-30T13:15:23.942690851Z,01JZ0F67ZT8SK3RX0KMQXRZR64,2025-06-30T13:15:23.942690851Z,01JZ0FBBA1SDVNMEAJN2SN5G9V,2025-06-30T13:15:23.942690851Z,01JZ0FH235VE50PMY57N3YDJG9,2025-06-30T13:15:23.942690851Z,01JZ0FH2567KT8C7C7MRJ8ZSY4,2025-06-30T13:15:23.942690851Z
01JZ0M9XYRT0KGWYX0S4B21M73,01JZ0KZHFC2GEC175ZSKVHYGR2,2025-06-30T14:36:52.056320734Z,01JZ0KZHGXZ28TMC40NC90GVYX,2025-06-30T14:36:52.056320734Z,01JZ0M0Y3WZXVFN2PP6BJX9R12,2025-06-30T14:36:52.056320734Z,01JZ0M9WT7DCKHFYFF79DBTDP8,2025-06-30T14:36:52.056320734Z,01JZ0M9WVXR9EYXXXVR5DAW32W,2025-06-30T14:36:52.056320734Z
01JZ0NKW3ZHSA7W3FWKNBQTT5M,01JZ0N9PMZHSN31DAQRPMDQCYE,2025-06-30T14:59:46.43115898Z,01JZ0N9PQHD06TCBXAQZTT3H76,2025-06-30T14:59:46.43115898Z,01JZ0NG88M5Q25NCB0XJJ5X4TH,2025-06-30T14:59:46.43115898Z,01JZ0NKT2VE4SHS4CADHAHV9EA,2025-06-30T14:59:46.43115898Z,01JZ0NKT5WJ1XYZCJ9S9J04RX7,2025-06-30T14:59:46.43115898Z
01JZ0NQ7HWDKCS653NX5F9PGEN,01JZ0N9PMZHSN31DAQRPMDQCYE,2025-06-30T15:01:36.444695179Z,01JZ0N9PPX2EBNCBEJCH5EHX43,2025-06-30T15:01:36.444695179Z,01JZ0NQ3C4VN4SR6B2B3YFZF4P,2025-06-30T15:01:36.444695179Z,01JZ0NQ6A0SCMGAW0D8G71EQM8,2025-06-30T15:01:36.444695179Z,01JZ0NQ6C2APQ3MD59C76GRXJV,2025-06-30T15:01:36.444695179Z
01JZ0VEB0VQHGD76G70QVY696H,01JZ0TXM4HA3Q8P6D6TPYYS7R3,2025-06-30T16:41:36.53923564Z,01JZ0TXMAAZJ4VJWA2WTVHG174,2025-06-30T16:41:36.53923564Z,01JZ0V35DCVJ8FMBXYFAAYSD86,2025-06-30T16:41:36.53923564Z,01JZ0V8M85MMPYBMHW7JFE9Q9Z,2025-06-30T16:41:36.53923564Z,01JZ0V8MF2WN08NA8Y09ZH2S8Q,2025-06-30T16:41:36.53923564Z
01JZ0FHJKWFF99M351AN9CM98H,01JZ0F67X5J6SBR3095JZ2KKHQ,2025-06-30T13:13:39.708753548Z,01JZ0F67Z61XNM528ZD36RPYGY,2025-06-30T13:13:39.708753548Z,01JZ0FBEYY00A3WRMWXSKTBJNC,2025-06-30T13:13:39.708753548Z,01JZ0FHHXFK5V29KR8E7JSXRQV,2025-06-30T13:13:39.708753548Z,01JZ0FHHYWCJN7E2F4V5DCTC2A,2025-06-30T13:13:39.708753548Z
01JZ0FNXBS7D41APHY76N7CWDK,01JZ0F67X5J6SBR3095JZ2KKHQ,2025-06-30T13:16:01.785612374Z,01JZ0F67Z228X9RHKVM8F1277D,2025-06-30T13:16:01.785612374Z,01JZ0FAY5RV9X0EF0X32G9N72E,2025-06-30T13:16:01.785612374Z,01JZ0FJ6P04EK093QJBJ8ZQ2DS,2025-06-30T13:16:01.785612374Z,01JZ0FJ6SKHHT4JJ0HD4QT2DS2,2025-06-30T13:16:01.785612374Z
01JZ0G2NC3AMXKGEBZV143B8YV,01JZ0F67X5J6SBR3095JZ2KKHQ,2025-06-30T13:22:59.587143442Z,01JZ0F67Z9QH00F8GAYATW0H4D,2025-06-30T13:22:59.587143442Z,01JZ0FBSD3M4A6AAX7FYM85E2Y,2025-06-30T13:22:59.587143442Z,01JZ0FTXWA5766AFHFARB84PC3,2025-06-30T13:22:59.587143442Z,01JZ0FTY28T1H8QXMA913A3GFP,2025-06-30T13:22:59.587143442Z
01JZ0HCQZ1YYPNF9K112CCCRD1,01JZ0H1K4AG17CS34Z9G9MQYDS,2025-06-30T13:45:58.497966215Z,01JZ0H1K7HVYD71R3W6V80C6V1,2025-06-30T13:45:58.497966215Z,01JZ0H4B1KEAXWACXAC16EVPKA,2025-06-30T13:45:58.497966215Z,01JZ0HAVS54E0S6EA1VSCPJE2W,2025-06-30T13:45:58.497966215Z,01JZ0HAVV6427V6VS6EB94HCVX,2025-06-30T13:45:58.497966215Z
01JZ0QTA9C6EAQ8JWW7B8DCKA1,01JZ0QGE33ZWYV7A3256FYEZA6,2025-06-30T15:38:14.700546302Z,01JZ0QGE4MQBM7ZJEFVQMWJX02,2025-06-30T15:38:14.700546302Z,01JZ0QNHS7A9KGEH6HJK27570S,2025-06-30T15:38:14.700546302Z,01JZ0QT8CMSD5101S4Q6VABNRX,2025-06-30T15:38:14.700546302Z,01JZ0QT8G7WTJHYMBZ7MH7CA6P,2025-06-30T15:38:14.700546302Z
01JZ0V8RZJ034PK7KQAJF3B06S,01JZ0TXM4HA3Q8P6D6TPYYS7R3,2025-06-30T16:38:34.226916886Z,01JZ0TXMAAZJ4VJWA2WTVHG174,2025-06-30T16:38:34.226916886Z,01JZ0V0B0MDT5H6NJ7F2TZ5E0T,2025-06-30T16:38:34.226916886Z,01JZ0V8M42RMRY2C4MPYB0YYVH,2025-06-30T16:38:34.226916886Z,01JZ0V8MA8ZRCYYEP5BGPZR17K,2025-06-30T16:38:34.226916886Z
01JZ0VC59AT1XRPPGFD02Y7P7V,01JZ0TXM4HA3Q8P6D6TPYYS7R3,2025-06-30T16:40:25.130190188Z,01JZ0TXMB9EHVXHHHV3J3SQY3A,2025-06-30T16:40:25.130190188Z,01JZ0TZEA4NSRNAN24CVE4XF3B,2025-06-30T16:40:25.130190188Z,01JZ0VC1QSQA1K66QVJ6HEYCX9,2025-06-30T16:40:25.130190188Z,01JZ0VC1ZHER2X52389RF6FEVA,2025-06-30T16:40:25.130190188Z
01JZ0FMZ9BSSKVFY85RR761SS8,01JZ0F67X5J6SBR3095JZ2KKHQ,2025-06-30T13:15:30.987237653Z,01JZ0F67ZKKPGDC64ETWQZ69WV,2025-06-30T13:15:30.987237653Z,01JZ0FBN02HG46T50M0DC5KD9N,2025-06-30T13:15:30.987237653Z,01JZ0FFEABFZ5CT87GW8737MVN,2025-06-30T13:15:30.987237653Z,01JZ0FFECEHWCZXBE0NC4VHJ7J,2025-06-30T13:15:30.987237653Z
01JZ0RFTRTVSSEW2AKGBVFB1SG,01JZ0R44WS56B1WD5354KYAZ6V,2025-06-30T15:49:59.706410505Z,01JZ0R44ZMT5HYXWVABB60AH0G,2025-06-30T15:49:59.706410505Z,01JZ0R6DY0PYZTQ6QXN5D3091D,2025-06-30T15:49:59.706410505Z,01JZ0RDSDRWJSGT5RWM6SPP1BW,2025-06-30T15:49:59.706410505Z,01JZ0RDSJ36V2BKV8CCXRG2JRZ,2025-06-30T15:49:59.706410505Z
01JZ0VG6MPCTDSTHTN7ZRB73MM,01JZ0TXM4HA3Q8P6D6TPYYS7R3,2025-06-30T16:42:37.590602015Z,01JZ0TXMAAZJ4VJWA2WTVHG174,2025-06-30T16:42:37.590602015Z,01JZ0TZ9J5J0A4G7Q03RBYFE9P,2025-06-30T16:42:37.590602015Z,01JZ0V8M7779BC73EQFC7W4Q4A,2025-06-30T16:42:37.590602015Z,01JZ0V8MHVSR2MS7X28YM342BV,2025-06-30T16:42:37.590602015Z
01JZ0RDW1RS66YRJSQHDMYFTDR,01JZ0R44WS56B1WD5354KYAZ6V,2025-06-30T15:48:55.480871643Z,01JZ0R44ZMT5HYXWVABB60AH0G,2025-06-30T15:48:55.480871643Z,01JZ0R6QFFN30D6XK6YWT9MS2Y,2025-06-30T15:48:55.480871643Z,01JZ0RDSARBR93RXQPV6J6CPZJ,2025-06-30T15:48:55.480871643Z,01JZ0RDSF4EXE0C2492C29ZXYS,2025-06-30T15:48:55.480871643Z
01JZ0FWJMSWS7HSXJCY0A65H15,01JZ0F67X5J6SBR3095JZ2KKHQ,2025-06-30T13:19:40.185215827Z,01JZ0F67ZBCBNFH7W25EXNBXDS,2025-06-30T13:19:40.185215827Z,01JZ0FBTADG31H10PAMS1NCN0Q,2025-06-30T13:19:40.185215827Z,01JZ0FMTGSXZ0PE0V260NPYTTX,2025-06-30T13:19:40.185215827Z,01JZ0FMTKS92JPRD7H687CCF0F,2025-06-30T13:19:40.185215827Z
01JZ0MCJ3ZP1WY0J53TJTZ2BPG,01JZ0KZHFC2GEC175ZSKVHYGR2,2025-06-30T14:38:18.239230772Z,01JZ0KZHGK1V8ZC0AXDBXBYAX9,2025-06-30T14:38:18.239230772Z,01JZ0M2WM0HPMZRZ9HANZSA6QH,2025-06-30T14:38:18.239230772Z,01JZ0M8V6QTQ2XMY7H3K1D6P3H,2025-06-30T14:38:18.239230772Z,01JZ0M8V9JM76WM0YQ4FYK6VVS,2025-06-30T14:38:18.239230772Z
01JZ0P66XA633HK6XWHWJA40WT,01JZ0NSN7EKS122Z238A4PF66D,2025-06-30T15:09:47.30671926Z,01JZ0NSNC1W3B8HBKV7A156B13,2025-06-30T15:09:47.30671926Z,01JZ0P0EBY7VSQYSD3AZX9YSX7,2025-06-30T15:09:47.30671926Z,01JZ0P49FFMBGZM8VGX8RR699K,2025-06-30T15:09:47.30671926Z,01JZ0P49MXQF3N5WGQ72S23SRA,2025-06-30T15:09:47.30671926Z
01JZ0QDMB3A08JJ311ZFKESQB0,01JZ0Q0CTMMAVY329HW6Z84SYY,2025-06-30T15:31:19.011649228Z,01JZ0Q0CWNKJYDS4SW61Q7VTQN,2025-06-30T15:31:19.011649228Z,01JZ0Q7M09XJBYMG64Y89317N8,2025-06-30T15:31:19.011649228Z,01JZ0Q80XG0NQQZWZ0ZS4K2WB4,2025-06-30T15:31:19.011649228Z,01JZ0Q811XN0VZA1MBFTPHFPNF,2025-06-30T15:31:19.011649228Z
01JZ0R21BMDB27K9QKTA9WY91S,01JZ0QGE33ZWYV7A3256FYEZA6,2025-06-30T15:42:27.700502252Z,01JZ0QGE4MQBM7ZJEFVQMWJX02,2025-06-30T15:42:27.700502252Z,01JZ0PT5KC8Z5R5S27XDY9AR52,2025-06-30T15:42:27.700502252Z,01JZ0QT8E57KE5FS60Y0XYREM2,2025-06-30T15:42:27.700502252Z,01JZ0QT8NST1K1X1Z5J8NEMNZB,2025-06-30T15:42:27.700502252Z
01JZ0RRSAV1TFJH5HSKQ3561GF,01JZ0R44WS56B1WD5354KYAZ6V,2025-06-30T15:54:53.147665466Z,01JZ0R44ZYB02HBRR2X1W771BR,2025-06-30T15:54:53.147665466Z,01JZ0R6453JERWFMFDN54N72WF,2025-06-30T15:54:53.147665466Z,01JZ0RGZ4NQMBZCSQXT34ACNPZ,2025-06-30T15:54:53.147665466Z,01JZ0RGZHF6AJNRNSC36Q29ZFQ,2025-06-30T15:54:53.147665466Z
01JZ0FNVC7GQ3A1TNYB5Y0ZQGD,01JZ0F67X5J6SBR3095JZ2KKHQ,2025-06-30T13:15:59.751553237Z,01JZ0F6805RKXP4JKMN5N89R8W,2025-06-30T13:15:59.751553237Z,01JZ0FB9WWAV8YJYA2M0XWM4XS,2025-06-30T13:15:59.751553237Z,01JZ0FEFHYP40HX368BNFPEFHZ,2025-06-30T13:15:59.751553237Z,01JZ0FEFM4CK3CF3H2ZBKZDA0T,2025-06-30T13:15:59.751553237Z
01JZ0FP6DPC5MVY0J90RQ1D3DX,01JZ0F67X5J6SBR3095JZ2KKHQ,2025-06-30T13:16:11.062499433Z,01JZ0F67ZMW5MYVAMRDCKET4QV,2025-06-30T13:16:11.062499433Z,01JZ0FB8RWXGRKEDFRWB4CEM4K,2025-06-30T13:16:11.062499433Z,01JZ0FETSB3PBM5G2EQ4NJ99Z3,2025-06-30T13:16:11.062499433Z,01JZ0FETV92KY3E6GJ2R794JVJ,2025-06-30T13:16:11.062499433Z
01JZ0FT7HQ550DB7EC6MBX752S,01JZ0F67X5J6SBR3095JZ2KKHQ,2025-06-30T13:18:23.287181347Z,01JZ0F67ZNGQ7M2D3G364WEKWP,2025-06-30T13:18:23.287181347Z,01JZ0FBEPD11FSJRWKH4M5M5EZ,2025-06-30T13:18:23.287181347Z,01JZ0FPGD3R4XTCQYX0YWJ9PM8,2025-06-30T13:18:23.287181347Z,01JZ0FPGG9R0MSXA37965M733H,2025-06-30T13:18:23.287181347Z
01JZ0HG02SWVV5PTA8QAEZ49KG,01JZ0H1K4AG17CS34Z9G9MQYDS,2025-06-30T13:47:45.113730556Z,01JZ0H1K7A7HBJ5WZC7T99GVBX,2025-06-30T13:47:45.113730556Z,01JZ0H377YER8042T2NRG3D1V1,2025-06-30T13:47:45.113730556Z,01JZ0HAECPB75NSKW408592PHJ,2025-06-30T13:47:45.113730556Z,01JZ0HAEH395D6B5VQGN4GAJ8K,2025-06-30T13:47:45.113730556Z
01JZ0MA7116MR3Q7TW2T3DME1Z,01JZ0KZHFC2GEC175ZSKVHYGR2,2025-06-30T14:37:01.345946843Z,01JZ0KZHHH6W8J7M02JDFMAQF5,2025-06-30T14:37:01.345946843Z,01JZ0M5STKY126HRQQPVQ7WSVN,2025-06-30T14:37:01.345946843Z,01JZ0MA574X9M9M5C7JRDZ3A20,2025-06-30T14:37:01.345946843Z,01JZ0MA5A9RHJ12XEVTB3XWF7R,2025-06-30T14:37:01.345946843Z
01JZ0QFFQJ8CCSB54C7BD961V9,01JZ0Q0CTMMAVY329HW6Z84SYY,2025-06-30T15:32:19.826716325Z,01JZ0Q0CWNKJYDS4SW61Q7VTQN,2025-06-30T15:32:19.826716325Z,01JZ0Q34G646SES1NVXEJX3VR4,2025-06-30T15:32:19.826716325Z,01JZ0Q80X0DV01H6MZ0H7J8ABM,2025-06-30T15:32:19.826716325Z,01JZ0Q813FAWB6VG0C9ZP7KRV4,2025-06-30T15:32:19.826716325Z
01JZ0SX3HYQNFCHPEM3B870AYA,01JZ0S9G3E1V9Y4W1M8GV3AGA9,2025-06-30T16:14:43.262408456Z,01JZ0S9GBDE95BAEJ35DY3VGC4,2025-06-30T16:14:43.262408456Z,01JZ0SEY1R1NKY7QYBNSN52N16,2025-06-30T16:14:43.262408456Z,01JZ0SQECM4D5XPER5PREQ6RDB,2025-06-30T16:14:43.262408456Z,01JZ0SQEMZKSBTK6NS2RRHWVD7,2025-06-30T16:14:43.262408456Z
01JZ0FMZ9M7Q21ZE6SCMAA4R7R,01JZ0F67X5J6SBR3095JZ2KKHQ,2025-06-30T13:15:30.998430544Z,01JZ0F67ZKKPGDC64ETWQZ69WV,2025-06-30T13:15:30.998430544Z,01JZ0FD6F005B6TFCSX425WZE3,2025-06-30T13:15:30.998430544Z,01JZ0FFEABFZ5CT87GW8737MVN,2025-06-30T13:15:30.998430544Z,01JZ0FFECEHWCZXBE0NC4VHJ7J,2025-06-30T13:15:30.998430544Z
01JZ0HGMZQ7V35VAZ3ACEMYA10,01JZ0H1K4AG17CS34Z9G9MQYDS,2025-06-30T13:48:06.519811275Z,01JZ0H1K6THHEJQ855QF7WP6P1,2025-06-30T13:48:06.519811275Z,01JZ0H3MSCHF8EHSQ33HEQDG2Z,2025-06-30T13:48:06.519811275Z,01JZ0H8M782WEDV62715BZDP89,2025-06-30T13:48:06.519811275Z,01JZ0H8MBECGZPM01GC81J9R69,2025-06-30T13:48:06.519811275Z
01JZ0K0SWM7VMQA80F84ZM7NB8,01JZ0JJRG62BDVPN4H0KJ2XPWK,2025-06-30T14:14:24.404514976Z,01JZ0JJRK7MTN7FAC1224V82KC,2025-06-30T14:14:24.404514976Z,01JZ0JRSFTK3MVKWF6KJBEKR0E,2025-06-30T14:14:24.404514976Z,01JZ0JYWVCPFC72SM7P2B0329V,2025-06-30T14:14:24.404514976Z,01JZ0JYX1ACQSEMTTPSG3GV37X,2025-06-30T14:14:24.404514976Z
01JZ0K0SXTEX0BBRC3BFJ63TZZ,01JZ0JJRG62BDVPN4H0KJ2XPWK,2025-06-30T14:14:24.442035813Z,01JZ0JJRK7MTN7FAC1224V82KC,2025-06-30T14:14:24.442035813Z,01JZ0JMJ284T338WEW4N64181B,2025-06-30T14:14:24.442035813Z,01JZ0JYWVCPFC72SM7P2B0329V,2025-06-30T14:14:24.442035813Z,01JZ0JYX1ACQSEMTTPSG3GV37X,2025-06-30T14:14:24.442035813Z
01JZ0K5VZPJ30BW6Y5DN0P9WHF,01JZ0JJRG62BDVPN4H0KJ2XPWK,2025-06-30T14:17:10.390128769Z,01JZ0JJRM7K0MBX3MKCVTKC5NR,2025-06-30T14:17:10.390128769Z,01JZ0JS7KGQTXA56X7MR2N3V4S,2025-06-30T14:17:10.390128769Z,01JZ0K098RXBK86NWQE5BGP8AC,2025-06-30T14:17:10.390128769Z,01JZ0K09F5TS9DMG7V9VS6DCEW,2025-06-30T14:17:10.390128769Z
01JZ0Q12Q53F9B7HAA5CBYFCX7,01JZ0PDFE8X2A24VZSJDD0T2BH,2025-06-30T15:24:27.7496026Z,01JZ0PDFG0TZHQMJ413RSFKXP4,2025-06-30T15:24:27.7496026Z,01JZ0PJ0N9RJK6CWJ28SDNPHWX,2025-06-30T15:24:27.7496026Z,01JZ0PSB9NEW7WNBBQFB9FQ87E,2025-06-30T15:24:27.7496026Z,01JZ0PSBFKMZXM1B2TV94PVVYV,2025-06-30T15:24:27.7496026Z
01JZ0RNDY6CE0J189GHNDA4DNC,01JZ0R44WS56B1WD5354KYAZ6V,2025-06-30T15:53:03.17466695Z,01JZ0R44ZMT5HYXWVABB60AH0G,2025-06-30T15:53:03.17466695Z,01JZ0RB2RBV77DCY4AE9FA26J2,2025-06-30T15:53:03.17466695Z,01JZ0RDSCY1BRCKPVF2FF3QCCD,2025-06-30T15:53:03.17466695Z,01JZ0RDSNGGRTK8B7Q4RAEXD1S,2025-06-30T15:53:03.17466695Z
01JZ0HAFBT17WDC125MSNDF964,01JZ0H1K4AG17CS34Z9G9MQYDS,2025-06-30T13:44:44.154333114Z,01JZ0H1K7A7HBJ5WZC7T99GVBX,2025-06-30T13:44:44.154333114Z,01JZ0H45W0M8M5CSQ69GQ678PR,2025-06-30T13:44:44.154333114Z,01JZ0HAECCDKM76ZCV44MHEJAX,2025-06-30T13:44:44.154333114Z,01JZ0HAEFC0ZPCW62QHGME40FT,2025-06-30T13:44:44.154333114Z
01JZ0HGDET0R0DC7ZSY93ZY1TF,01JZ0H1K4AG17CS34Z9G9MQYDS,2025-06-30T13:47:58.810487159Z,01JZ0H1K7HVYD71R3W6V80C6V1,2025-06-30T13:47:58.810487159Z,01JZ0H3VXRWN9J2736JNSGF5MJ,2025-06-30T13:47:58.810487159Z,01JZ0HAVS54E0S6EA1VSCPJE2W,2025-06-30T13:47:58.810487159Z,01JZ0HAVVM0BY2RF8T835AFZ86,2025-06-30T13:47:58.810487159Z
01JZ0MHJSEEXVS47YCF2CPZ5BC,01JZ0KZHFC2GEC175ZSKVHYGR2,2025-06-30T14:41:02.767422405Z,01JZ0KZHHH6W8J7M02JDFMAQF5,2025-06-30T14:41:02.767422405Z,01JZ0M4WQFE6B0V4QHX8A85TS4,2025-06-30T14:41:02.767422405Z,01JZ0MA57ZMXQZENWKV3G54Z6K,2025-06-30T14:41:02.767422405Z,01JZ0MA5EYRHY6D5F7550YTYHZ,2025-06-30T14:41:02.767422405Z
01JZ0RD1TNB8R38PMMR7KVRPCQ,01JZ0R44WS56B1WD5354KYAZ6V,2025-06-30T15:48:28.630296374Z,01JZ0R44YW0T94WKHD2ZAT9VPC,2025-06-30T15:48:28.630296374Z,01JZ0RA7ZVQK012EEC40XNGWC7,2025-06-30T15:48:28.630296374Z,01JZ0RCZ535FABYRRVT4FFBB0K,2025-06-30T15:48:28.630296374Z,01JZ0RCZ9Q2HV403Y6QR5W6S6N,2025-06-30T15:48:28.630296374Z
01JZ0FHZKGTA47927J0TWF633D,01JZ0F67X5J6SBR3095JZ2KKHQ,2025-06-30T13:13:53.008658109Z,01JZ0F67Z745P2890BJ7Q88E3R,2025-06-30T13:13:53.008658109Z,01JZ0FAQ5BESSRJ4RCV3JDZV7P,2025-06-30T13:13:53.008658109Z,01JZ0FHYSNA4X4J5NJHCTV0XGQ,2025-06-30T13:13:53.008658109Z,01JZ0FHYTK1QANS50Y57QBF84C,2025-06-30T13:13:53.008658109Z
01JZ0JY5SKJBEN2487AQG3ZC1E,01JZ0JJRG62BDVPN4H0KJ2XPWK,2025-06-30T14:12:58.291524359Z,01JZ0JJRKVJXBJGVYTJ6TBMBFM,2025-06-30T14:12:58.291524359Z,01JZ0JT6RPMCT74P4JP8THD1T8,2025-06-30T14:12:58.291524359Z,01JZ0JW9G1715DA28FHK9V31XS,2025-06-30T14:12:58.291524359Z,01JZ0JW9K2TZ95K0T7FJ60HKEB,2025-06-30T14:12:58.291524359Z
01JZ0K0SX39XG6VCZ7JVCVJFWM,01JZ0JJRG62BDVPN4H0KJ2XPWK,2025-06-30T14:14:24.419713372Z,01JZ0JJRK7MTN7FAC1224V82KC,2025-06-30T14:14:24.419713372Z,01JZ0JRRZWD6QKN20J001SKF6Q,2025-06-30T14:14:24.419713372Z,01JZ0JYWVCPFC72SM7P2B0329V,2025-06-30T14:14:24.419713372Z,01JZ0JYX1ACQSEMTTPSG3GV37X,2025-06-30T14:14:24.419713372Z
01JZ0RRSEJA5NFAMKPYWN3HAGV,01JZ0R44WS56B1WD5354KYAZ6V,2025-06-30T15:54:53.266205898Z,01JZ0R44ZYB02HBRR2X1W771BR,2025-06-30T15:54:53.266205898Z,01JZ0R6RGZPWYJYV8EDFTMJXPD,2025-06-30T15:54:53.266205898Z,01JZ0RGZ4NQMBZCSQXT34ACNPZ,2025-06-30T15:54:53.266205898Z,01JZ0RGZHF6AJNRNSC36Q29ZFQ,2025-06-30T15:54:53.266205898Z
01JZ0SVJD2Y6GRVM7WBW0NE7JJ,01JZ0S9G3E1V9Y4W1M8GV3AGA9,2025-06-30T16:13:52.930829083Z,01JZ0S9GD9MABT2H3JKQDC0TB1,2025-06-30T16:13:52.930829083Z,01JZ0SHW478ARJ1EFSDZ00THPE,2025-06-30T16:13:52.930829083Z,01JZ0SSG56XTAJ4MTPA3PZYF46,2025-06-30T16:13:52.930829083Z,01JZ0SSG9RPFYB4Q413TYRWAT1,2025-06-30T16:13:52.930829083Z
01JZ0FNM9Q2055Q95X793JAPEC,01JZ0F67X5J6SBR3095JZ2KKHQ,2025-06-30T13:15:52.503867077Z,01JZ0F67ZGT4J2NC89JRSKF93F,2025-06-30T13:15:52.503867077Z,01JZ0FBDHDTMS687HV4CDN8T2G,2025-06-30T13:15:52.503867077Z,01JZ0FHY0FF9TVSRZETCEYCTMP,2025-06-30T13:15:52.503867077Z,01JZ0FHY26ZXF3Q8Q4DD13TWPW,2025-06-30T13:15:52.503867077Z
01JZ0FKE61C7Q87Q5EK7AZ87E5,01JZ0F67X5J6SBR3095JZ2KKHQ,2025-06-30T13:14:40.705997134Z,01JZ0F67ZJJG6P50PFSVWKXYA5,2025-06-30T13:14:40.705997134Z,01JZ0FBBRPZEFPK4TTVDKWZ7HA,2025-06-30T13:14:40.705997134Z,01JZ0FHJQ8D0RWN5BCAZ63DASG,2025-06-30T13:14:40.705997134Z,01JZ0FHJRYJ59AE9MP9HWG6E64,2025-06-30T13:14:40.705997134Z
01JZ0FMVA6YW5H4WB6E2NBT432,01JZ0F67X5J6SBR3095JZ2KKHQ,2025-06-30T13:15:26.918298137Z,01JZ0F67ZBCBNFH7W25EXNBXDS,2025-06-30T13:15:26.918298137Z,01JZ0FCN8BDH6X8PVE3VG95N20,2025-06-30T13:15:26.918298137Z,01JZ0FMTG9KECVC1RZN7WJYKFJ,2025-06-30T13:15:26.918298137Z,01JZ0FMTHP5HHK53GVJTFDAHEF,2025-06-30T13:15:26.918298137Z
01JZ0FQ2WKT1T22STW56QPEKPX,01JZ0F67X5J6SBR3095JZ2KKHQ,2025-06-30T13:16:40.211532199Z,01JZ0F67Z61XNM528ZD36RPYGY,2025-06-30T13:16:40.211532199Z,01JZ0FCDGSPH1H2BZZPN1QS63M,2025-06-30T13:16:40.211532199Z,01JZ0FHHX23ZVHNKQQRRSX500X,2025-06-30T13:16:40.211532199Z,01JZ0FHJ04NPGJKH5CT8RPAH6P,2025-06-30T13:16:40.211532199Z
01JZ0FSK5B6KK5CBPK7F89GFZV,01JZ0F67X5J6SBR3095JZ2KKHQ,2025-06-30T13:18:02.41161422Z,01JZ0F67ZJJG6P50PFSVWKXYA5,2025-06-30T13:18:02.41161422Z,01JZ0FB6X6QBV3E81R532SKN28,2025-06-30T13:18:02.41161422Z,01JZ0FHJPK6AHGZZK2A3C93XZV,2025-06-30T13:18:02.41161422Z,01JZ0FHJWH8G0XHP8Y378NPP38,2025-06-30T13:18:02.41161422Z
01JZ0G3KQ6J53CGJK4RY0XNS1Q,01JZ0F67X5J6SBR3095JZ2KKHQ,2025-06-30T13:23:30.662633367Z,01JZ0F67Z8B8A42G6Y5XQ0NS83,2025-06-30T13:23:30.662633367Z,01JZ0FEY0G09HWKF9WWANREXZ5,2025-06-30T13:23:30.662633367Z,01JZ0FW5GEXBFNNK7FDWBRW7GE,2025-06-30T13:23:30.662633367Z,01JZ0FW5T8E810AAMJ5EZX8W4P,2025-06-30T13:23:30.662633367Z
01JZ0TH1YKTVERA9P1A49ECT5Z,01JZ0T594M7DT83RJMYEJDT186,2025-06-30T16:25:36.979981375Z,01JZ0T59780CP4Z1F2CEHFDNAC,2025-06-30T16:25:36.979981375Z,01JZ0TBCS394KHK4DX6H1Y21KG,2025-06-30T16:25:36.979981375Z,01JZ0TGXA1S5N6HXFRX2V318G2,2025-06-30T16:25:36.979981375Z,01JZ0TGXFSD3VHAXWYEX9WEWNR,2025-06-30T16:25:36.979981375Z
01JZ0FF1KKF2G6PDYV0HTJQKW4,01JZ0F67X5J6SBR3095JZ2KKHQ,2025-06-30T13:12:16.755702487Z,01JZ0F67ZEPC67VW242P0YYZAA,2025-06-30T13:12:16.755702487Z,01JZ0FATEZ4BCSXPWP1GNPMBCW,2025-06-30T13:12:16.755702487Z,01JZ0FF14X0MM27BYR9WVNF7XH,2025-06-30T13:12:16.755702487Z,01JZ0FF15R5CM3SKBF6RT3YR3Y,2025-06-30T13:12:16.755702487Z
01JZ0HDERJWV9W6CQDRCAGJ8V8,01JZ0H1K4AG17CS34Z9G9MQYDS,2025-06-30T13:46:21.842534282Z,01JZ0H1K706F68YJ8PB50DJAH3,2025-06-30T13:46:21.842534282Z,01JZ0H3PV9DACRQS4WSM89RZB3,2025-06-30T13:46:21.842534282Z,01JZ0HDDPNMSPR4T4J88QKCFZD,2025-06-30T13:46:21.842534282Z,01JZ0HDDR6MW4RT7D4B4411TJF,2025-06-30T13:46:21.842534282Z
01JZ0PDGRDQM1PN5K2X8BNSHRJ,01JZ0NSN7EKS122Z238A4PF66D,2025-06-30T15:13:46.765308015Z,01JZ0NSNACQB6FV8GE0XS7JKF9,2025-06-30T15:13:46.765308015Z,01JZ0P111DGX2GYFS2HKPTTG1D,2025-06-30T15:13:46.765308015Z,01JZ0P7YN1V2MR96D77PEXSMK2,2025-06-30T15:13:46.765308015Z,01JZ0P7YRT5X9AE21VXRAC50DH,2025-06-30T15:13:46.765308015Z
01JZ0QTAA9WSWAYSZW5VX4JPWW,01JZ0QGE33ZWYV7A3256FYEZA6,2025-06-30T15:38:14.730039222Z,01JZ0QGE4MQBM7ZJEFVQMWJX02,2025-06-30T15:38:14.730039222Z,01JZ0QJ5V3C61DQXW1GQ026AYD,2025-06-30T15:38:14.730039222Z,01JZ0QT8CMSD5101S4Q6VABNRX,2025-06-30T15:38:14.730039222Z,01JZ0QT8G7WTJHYMBZ7MH7CA6P,2025-06-30T15:38:14.730039222Z
01JZ0FPCMWM8MXR43FEVQ9XYJA,01JZ0F67X5J6SBR3095JZ2KKHQ,2025-06-30T13:16:17.436874351Z,01JZ0F67ZEPC67VW242P0YYZAA,2025-06-30T13:16:17.436874351Z,01JZ0FB4C7Y78SJ4DA45DQ131P,2025-06-30T13:16:17.436874351Z,01JZ0FF15AHE88P0R0P51NTMAK,2025-06-30T13:16:17.436874351Z,01JZ0FF16X6T4NKTWJV4SZPBZJ,2025-06-30T13:16:17.436874351Z
01JZ0FS8RE078XWH8SM6SQVYXT,01JZ0F67X5J6SBR3095JZ2KKHQ,2025-06-30T13:17:51.758464197Z,01JZ0F67ZJJG6P50PFSVWKXYA5,2025-06-30T13:17:51.758464197Z,01JZ0FD9MGR1NQWZH14DZSCF74,2025-06-30T13:17:51.758464197Z,01JZ0FHJQ14NKNJP8JV6J9ESSW,2025-06-30T13:17:51.758464197Z,01JZ0FHJVYPZFFCQWCDMWPFDRT,2025-06-30T13:17:51.758464197Z
01JZ0FS817YK2J5WPE2KGW78PC,01JZ0F67X5J6SBR3095JZ2KKHQ,2025-06-30T13:17:51.015411257Z,01JZ0F67Z61XNM528ZD36RPYGY,2025-06-30T13:17:51.015411257Z,01JZ0FH3F6YRBD215BZDRB0NFG,2025-06-30T13:17:51.015411257Z,01JZ0FHHXB2X4MX44PK6HBFG6Y,2025-06-30T13:17:51.015411257Z,01JZ0FHJ18987TCPZ5FNGT50K4,2025-06-30T13:17:51.015411257Z
01JZ0HAFWA66S4E1S3C8Z65ZZ0,01JZ0H1K4AG17CS34Z9G9MQYDS,2025-06-30T13:44:44.682636159Z,01JZ0H1K6THHEJQ855QF7WP6P1,2025-06-30T13:44:44.682636159Z,01JZ0H4ADESF7ZW26D2M0GP4C4,2025-06-30T13:44:44.682636159Z,01JZ0H8M6RNVPAN6FF1JPRG2N3,2025-06-30T13:44:44.682636159Z,01JZ0H8M914FGE8QKZ90QFSC4F,2025-06-30T13:44:44.682636159Z
01JZ0SYAGDMS56CEAW61WM6XW7,01JZ0S9G3E1V9Y4W1M8GV3AGA9,2025-06-30T16:15:23.149655452Z,01JZ0S9G7VJHRZZRV1KXAXAXSY,2025-06-30T16:15:23.149655452Z,01JZ0SF42D6EB959CKE7M0PGAZ,2025-06-30T16:15:23.149655452Z,01JZ0SP4FYNVSR1Y0MSZTVTAK7,2025-06-30T16:15:23.149655452Z,01JZ0SP4VWCZKAZMP3V7AYSEPJ,2025-06-30T16:15:23.149655452Z
01JZ0T1TY149DA12EQ38F3NG3C,01JZ0S9G3E1V9Y4W1M8GV3AGA9,2025-06-30T16:17:18.27325773Z,01JZ0S9GD9MABT2H3JKQDC0TB1,2025-06-30T16:17:18.27325773Z,01JZ0SFAB8AJ95H1FWSSMEW656,2025-06-30T16:17:18.27325773Z,01JZ0SSG20B146K48M2G5HXG5R,2025-06-30T16:17:18.27325773Z,01JZ0SSGJJ1YVEMXS5VB6KE0CV,2025-06-30T16:17:18.27325773Z
01JZ0FQEJGP6SAZT358AWZV3PK,01JZ0F67X5J6SBR3095JZ2KKHQ,2025-06-30T13:16:52.176220146Z,01JZ0F67ZKKPGDC64ETWQZ69WV,2025-06-30T13:16:52.176220146Z,01JZ0FD6F005B6TFCSX425WZE3,2025-06-30T13:16:52.176220146Z,01JZ0FFEAKA7GSGDZRFXYZKJX4,2025-06-30T13:16:52.176220146Z,01JZ0FFEF973NZ53S63CF72TVH,2025-06-30T13:16:52.176220146Z
01JZ0H8N0CDY0RAX9332F1JRKR,01JZ0H1K4AG17CS34Z9G9MQYDS,2025-06-30T13:43:44.396989259Z,01JZ0H1K6THHEJQ855QF7WP6P1,2025-06-30T13:43:44.396989259Z,01JZ0H37QX2G6JSTQ9DTXQ42SA,2025-06-30T13:43:44.396989259Z,01JZ0H8M6D9SVDR1575RSHA4RY,2025-06-30T13:43:44.396989259Z,01JZ0H8M8669S9MXGH73FRDPD6,2025-06-30T13:43:44.396989259Z
01JZ0HEWHCJPWWDMAW5VBV0G8R,01JZ0H1K4AG17CS34Z9G9MQYDS,2025-06-30T13:47:08.716923713Z,01JZ0H1K7KVN4Q30DF0C4SZNQW,2025-06-30T13:47:08.716923713Z,01JZ0H3PNYN1MWQCF2QE837CM4,2025-06-30T13:47:08.716923713Z,01JZ0H9B6QJSN4ERPYEHH37CV2,2025-06-30T13:47:08.716923713Z,01JZ0H9B8GVG80CZTQJ7EAAY9T,2025-06-30T13:47:08.716923713Z
01JZ0PKAKTT3KVQWYQSY0MYQB7,01JZ0NSN7EKS122Z238A4PF66D,2025-06-30T15:16:57.082921211Z,01JZ0NSNAYA5ZEAQVB789Y1XW2,2025-06-30T15:16:57.082921211Z,01JZ0P3C0GV76R4Z93PBZWXXD7,2025-06-30T15:16:57.082921211Z,01JZ0PB8DV4NZFG3Y6Z26RWACH,2025-06-30T15:16:57.082921211Z,01JZ0PB8M7YWCC7M3BSKCMWZ0R,2025-06-30T15:16:57.082921211Z
01JZ0RJX98SMH1R2HWEFESV6S8,01JZ0R44WS56B1WD5354KYAZ6V,2025-06-30T15:51:40.584681671Z,01JZ0R44ZYB02HBRR2X1W771BR,2025-06-30T15:51:40.584681671Z,01JZ0RGWMHC1M8CB466E96GPB2,2025-06-30T15:51:40.584681671Z,01JZ0RGZ3DKRXN7JFMF7ZYJ17Q,2025-06-30T15:51:40.584681671Z,01JZ0RGZAC3BM6AJ84177WK36K,2025-06-30T15:51:40.584681671Z
01JZ0FR5K7EZBZB6SXBTAT9D0G,01JZ0F67X5J6SBR3095JZ2KKHQ,2025-06-30T13:17:15.751521757Z,01JZ0F67ZFPZEHV6BKFXQYDXZZ,2025-06-30T13:17:15.751521757Z,01JZ0FBJ9NFFKS2CKGHWFB4VM8,2025-06-30T13:17:15.751521757Z,01JZ0FG2SJJXSPJMK47NEFHHR0,2025-06-30T13:17:15.751521757Z,01JZ0FG30S8SK0E7TF5JG8VH83,2025-06-30T13:17:15.751521757Z
01JZ0P807CHHQGZ46D7WECKVCR,01JZ0NSN7EKS122Z238A4PF66D,2025-06-30T15:10:45.996976949Z,01JZ0NSNACQB6FV8GE0XS7JKF9,2025-06-30T15:10:45.996976949Z,01JZ0P2VRWVMWZZ8N9Z8Y5JQ15,2025-06-30T15:10:45.996976949Z,01JZ0P7YKZ0DJ4DJ00YYG0YM4V,2025-06-30T15:10:45.996976949Z,01JZ0P7YPV7TWCE3QD95AP24MA,2025-06-30T15:10:45.996976949Z
01JZ0HHJ6RE68T81KNCAJY4CFC,01JZ0H1K4AG17CS34Z9G9MQYDS,2025-06-30T13:48:36.440906387Z,01JZ0H1K7C3FKHJS5GP9RE7N8D,2025-06-30T13:48:36.440906387Z,01JZ0FCPQMY08ZRWSN7GNNGJQ7,2025-06-30T13:48:36.440906387Z,01JZ0HA59V3NE6VY9CA10KJMRQ,2025-06-30T13:48:36.440906387Z,01JZ0HA5F8CF1JSFYZF52YSX10,2025-06-30T13:48:36.440906387Z
01JZ0SR2RN9VK4XS97PT2PB948,01JZ0S9G3E1V9Y4W1M8GV3AGA9,2025-06-30T16:11:58.613874412Z,01JZ0S9G7VJHRZZRV1KXAXAXSY,2025-06-30T16:11:58.613874412Z,01JZ0SEEBH5P45502W37V2YJK1,2025-06-30T16:11:58.613874412Z,01JZ0SP48F3VDFFJ0GMG3AQPDM,2025-06-30T16:11:58.613874412Z,01JZ0SP4M6CB89J2SW0981SPWN,2025-06-30T16:11:58.613874412Z
01JZ0RH1W1KMDRGKJQDEKABQZW,01JZ0R44WS56B1WD5354KYAZ6V,2025-06-30T15:50:39.746021101Z,01JZ0R44ZYB02HBRR2X1W771BR,2025-06-30T15:50:39.746021101Z,01JZ0R6453JERWFMFDN54N72WF,2025-06-30T15:50:39.746021101Z,01JZ0RGZ2PCGH8Y424DF23PET3,2025-06-30T15:50:39.746021101Z,01JZ0RGZ70KV1D1RYV7GFAH369,2025-06-30T15:50:39.746021101Z
01JZ0RNJ2YR0VJ53WPT31A8P4D,01JZ0R44WS56B1WD5354KYAZ6V,2025-06-30T15:53:07.422906585Z,01JZ0R450M24K8ZS9F18EDTFG6,2025-06-30T15:53:07.422906585Z,01JZ0R9WHEP7DQXPA3V8WPWJ9W,2025-06-30T15:53:07.422906585Z,01JZ0RFVDEC09529ZV39X1MYHY,2025-06-30T15:53:07.422906585Z,01JZ0RFVNWZ37RVCFT3CE4MRXX,2025-06-30T15:53:07.422906585Z
01JZ0FQEHWRTR7KFMQ34Z7DSTC,01JZ0F67X5J6SBR3095JZ2KKHQ,2025-06-30T13:16:52.156819255Z,01JZ0F67ZKKPGDC64ETWQZ69WV,2025-06-30T13:16:52.156819255Z,01JZ0FD6EFW093P2J0FEY97NKZ,2025-06-30T13:16:52.156819255Z,01JZ0FFEAKA7GSGDZRFXYZKJX4,2025-06-30T13:16:52.156819255Z,01JZ0FFEF973NZ53S63CF72TVH,2025-06-30T13:16:52.156819255Z
01JZ0FPJ6TZKCJ72842FGPQZAM,01JZ0F67X5J6SBR3095JZ2KKHQ,2025-06-30T13:16:23.130866053Z,01JZ0F67ZMW5MYVAMRDCKET4QV,2025-06-30T13:16:23.130866053Z,01JZ0FASBFGZWXGCNHK0X9PYM2,2025-06-30T13:16:23.130866053Z,01JZ0FETSCDVHZ2TXY7PXJ4K6E,2025-06-30T13:16:23.130866053Z,01JZ0FETVX6MH8X62MF1EV7CK3,2025-06-30T13:16:23.130866053Z
01JZ0FRYH36EV9367AKYBB3Q5P,01JZ0F67X5J6SBR3095JZ2KKHQ,2025-06-30T13:17:41.284023696Z,01JZ0F67ZJJG6P50PFSVWKXYA5,2025-06-30T13:17:41.284023696Z,01JZ0FD9MGR1NQWZH14DZSCF74,2025-06-30T13:17:41.284023696Z,01JZ0FHJQ6GWV3TAVSHME3WGHN,2025-06-30T13:17:41.284023696Z,01JZ0FHJV7ZZD2TA9N2MMMMF3P,2025-06-30T13:17:41.284023696Z
01JZ0G2ZM3CDE10FG5JC2B3XG0,01JZ0F67X5J6SBR3095JZ2KKHQ,2025-06-30T13:23:10.083387813Z,01JZ0F67Z9QH00F8GAYATW0H4D,2025-06-30T13:23:10.083387813Z,01JZ0FBFHWN5BJ51P0FGARBC23,2025-06-30T13:23:10.083387813Z,01JZ0FTXY4GX9XAQJYXZ8SGCSN,2025-06-30T13:23:10.083387813Z,01JZ0FTY3JQ2480AB79753QP69,2025-06-30T13:23:10.083387813Z
01JZ0HE5MEGP6D49W978C9PFCH,01JZ0H1K4AG17CS34Z9G9MQYDS,2025-06-30T13:46:45.262088274Z,01JZ0H1K6THHEJQ855QF7WP6P1,2025-06-30T13:46:45.262088274Z,01JZ0H37QX2G6JSTQ9DTXQ42SA,2025-06-30T13:46:45.262088274Z,01JZ0H8M6RNVPAN6FF1JPRG2N3,2025-06-30T13:46:45.262088274Z,01JZ0H8M9AAH7TM362W804CMGS,2025-06-30T13:46:45.262088274Z
01JZ0SSXZ87FFM8RB9THSYCN2C,01JZ0S9G3E1V9Y4W1M8GV3AGA9,2025-06-30T16:12:59.240688385Z,01JZ0S9G7VJHRZZRV1KXAXAXSY,2025-06-30T16:12:59.240688385Z,01JZ0SHSYCA0N91MC48RJ4Q13V,2025-06-30T16:12:59.240688385Z,01JZ0SP48F3VDFFJ0GMG3AQPDM,2025-06-30T16:12:59.240688385Z,01JZ0SP4MV9NPWKWKV9VX2SD25,2025-06-30T16:12:59.240688385Z
01JZ0VEN7P269S8AFCMKY22QHG,01JZ0TXM4HA3Q8P6D6TPYYS7R3,2025-06-30T16:41:46.998912692Z,01JZ0TXM7C18DJWS688K2WH576,2025-06-30T16:41:46.998912692Z,01JZ0V0WVFE4ZBB3TWZ97MY0D7,2025-06-30T16:41:46.998912692Z,01JZ0V8ZQZFAA3Z4NYN9H5S8FG,2025-06-30T16:41:46.998912692Z,01JZ0V9022BA38FTYHR5EQHE27,2025-06-30T16:41:46.998912692Z
01JZ0FJXP9F7XJSFWT9MS1XXRY,01JZ0F67X5J6SBR3095JZ2KKHQ,2025-06-30T13:14:23.817230138Z,01JZ0F67ZT8SK3RX0KMQXRZR64,2025-06-30T13:14:23.817230138Z,01JZ0FAY2QGARY5N4MQCWRAXVK,2025-06-30T13:14:23.817230138Z,01JZ0FH235VE50PMY57N3YDJG9,2025-06-30T13:14:23.817230138Z,01JZ0FH2539ZNW6QHQZ4Z6M2D2,2025-06-30T13:14:23.817230138Z
01JZ0K4FEMFCVWZFE1Z7PFS094,01JZ0JJRG62BDVPN4H0KJ2XPWK,2025-06-30T14:16:24.78831725Z,01JZ0JJRK7MTN7FAC1224V82KC,2025-06-30T14:16:24.78831725Z,01JZ0JRSFTK3MVKWF6KJBEKR0E,2025-06-30T14:16:24.78831725Z,01JZ0JYWVCPFC72SM7P2B0329V,2025-06-30T14:16:24.78831725Z,01JZ0JYX23PF1NPBTZZX0SD193,2025-06-30T14:16:24.78831725Z
01JZ0QY080EBKBVFTKPSHASKK1,01JZ0QGE33ZWYV7A3256FYEZA6,2025-06-30T15:40:15.488095462Z,01JZ0QGE4MQBM7ZJEFVQMWJX02,2025-06-30T15:40:15.488095462Z,01JZ0QJ5V3C61DQXW1GQ026AYD,2025-06-30T15:40:15.488095462Z,01JZ0QT8D72WY9E0JR27EZFH9M,2025-06-30T15:40:15.488095462Z,01JZ0QT8J7MWZQC8E80B186RYG,2025-06-30T15:40:15.488095462Z
01JZ0FV6JNARQCBC48A776E8TK,01JZ0F67X5J6SBR3095JZ2KKHQ,2025-06-30T13:18:55.061596934Z,01JZ0F67Z9QH00F8GAXY086HB5,2025-06-30T13:18:55.061596934Z,01JZ0FBZBPYQ4FYZK11FHC8KJR,2025-06-30T13:18:55.061596934Z,01JZ0FNMHABMQMJJE7Y0M736G4,2025-06-30T13:18:55.061596934Z,01JZ0FNMNCSWMW95D3YN10V1NE,2025-06-30T13:18:55.061596934Z
01JZ0KAAYDNKB1PQKFGH36NTF1,01JZ0JJRG62BDVPN4H0KJ2XPWK,2025-06-30T14:19:36.782037909Z,01JZ0JJRMFBKARHHQY8ZXKDX2Q,2025-06-30T14:19:36.782037909Z,01JZ0JMENDQ776M5WP6RMTBCJC,2025-06-30T14:19:36.782037909Z,01JZ0K2YFKRZDX3EB8BK93DHFN,2025-06-30T14:19:36.782037909Z,01JZ0K2YJW2ASK3NEY5QH4V9CT,2025-06-30T14:19:36.782037909Z
01JZ0SXZ9S3T9RGDZQ0NDC1MDF,01JZ0S9G3E1V9Y4W1M8GV3AGA9,2025-06-30T16:15:11.673380874Z,01JZ0S9G7VJHRZZRV1KXAXAXSY,2025-06-30T16:15:11.673380874Z,01JZ0SEEBH5P45502W37V2YJK1,2025-06-30T16:15:11.673380874Z,01JZ0SP4EFE17P97W11CCBSWNM,2025-06-30T16:15:11.673380874Z,01JZ0SP4SHSVN40VBWKYDJFCMZ,2025-06-30T16:15:11.673380874Z
01JZ0VCFPCK25HSEYA4R41KXX1,01JZ0TXM4HA3Q8P6D6TPYYS7R3,2025-06-30T16:40:35.788870688Z,01JZ0TXMAAZJ4VJWA2WTVHG174,2025-06-30T16:40:35.788870688Z,01JZ0V1S612A57R9KJ7DENVWAG,2025-06-30T16:40:35.788870688Z,01JZ0V8M85MMPYBMHW7JFE9Q9Z,2025-06-30T16:40:35.788870688Z,01JZ0V8ME4WX8PDMJKAWWF3EBG,2025-06-30T16:40:35.788870688Z
01JZ0G1RX21091TAE4HFTVMSD0,01JZ0F67X5J6SBR3095JZ2KKHQ,2025-06-30T13:22:30.434781105Z,01JZ0F67ZC5C7QZPK5TEQ23RT2,2025-06-30T13:22:30.434781105Z,01JZ0FCP4GJ67JPW5DR3EM87QX,2025-06-30T13:22:30.434781105Z,01JZ0FSQ4CMD8W58JCEWT8Q1ED,2025-06-30T13:22:30.434781105Z,01JZ0FSQBK5FN1GAJ960M7AJ2J,2025-06-30T13:22:30.434781105Z
01JZ0JXFZDFABNW2NK1Q5WSE75,01JZ0JJRG62BDVPN4H0KJ2XPWK,2025-06-30T14:12:35.949406489Z,01JZ0JJRMQ32S1DDP8PZN3RKEA,2025-06-30T14:12:35.949406489Z,01JZ0JNFFC7EQBWHX80ZDTKTSW,2025-06-30T14:12:35.949406489Z,01JZ0JSS78RK42Y17VNQFVPT1K,2025-06-30T14:12:35.949406489Z,01JZ0JSSA13XQTH0PSQVMEQD2C,2025-06-30T14:12:35.949406489Z
01JZ0K6YJAVGK2657817DC7W7J,01JZ0JJRG62BDVPN4H0KJ2XPWK,2025-06-30T14:17:45.802467463Z,01JZ0JJRK7MTN7FAC1224V82KC,2025-06-30T14:17:45.802467463Z,01JZ0JRRZWD6QKN20J001SKF6Q,2025-06-30T14:17:45.802467463Z,01JZ0JYWVTXPY8CS9SR9JSTC6V,2025-06-30T14:17:45.802467463Z,01JZ0JYX6SNECJWP52GNYNHB4Y,2025-06-30T14:17:45.802467463Z
01JZ0MP7YFXNEYRDC740845ABR,01JZ0KZHFC2GEC175ZSKVHYGR2,2025-06-30T14:43:35.503483517Z,01JZ0KZHHC2JQ9380R79DSYF93,2025-06-30T14:43:35.503483517Z,01JZ0M1SCZW0JCV54MFTC7P4CZ,2025-06-30T14:43:35.503483517Z,01JZ0MGP26NJJGJCWPQGW8F3YX,2025-06-30T14:43:35.503483517Z,01JZ0MGP5GV3WV5XPVQ1M0V0JK,2025-06-30T14:43:35.503483517Z
01JZ0QFF765D4DF2MGD5SVPH41,01JZ0Q0CTMMAVY329HW6Z84SYY,2025-06-30T15:32:19.302840021Z,01JZ0Q0CX32Y5M8NZMVY0C598C,2025-06-30T15:32:19.302840021Z,01JZ0QAC7E48R8DA1R24NC5BN7,2025-06-30T15:32:19.302840021Z,01JZ0QDJJNPEJ5YZK89YN764ZV,2025-06-30T15:32:19.302840021Z,01JZ0QDJMX8YN2FJ0XBPVCQTTS,2025-06-30T15:32:19.302840021Z
01JZ0FXBJ9N94C7W1VRVSVG2Z8,01JZ0F67X5J6SBR3095JZ2KKHQ,2025-06-30T13:20:05.705676542Z,01JZ0F67Z9QH00F8GAXY086HB5,2025-06-30T13:20:05.705676542Z,01JZ0FEZVY7EN4RKAZNT5R1EZ5,2025-06-30T13:20:05.705676542Z,01JZ0FNMGQ5DPDKWZXXZ5M1790,2025-06-30T13:20:05.705676542Z,01JZ0FNMR5G6GYR0X5ND95B7MG,2025-06-30T13:20:05.705676542Z
01JZ0FMVATE16B0PB37GWDT6H1,01JZ0F67X5J6SBR3095JZ2KKHQ,2025-06-30T13:15:26.938702886Z,01JZ0F67ZBCBNFH7W25EXNBXDS,2025-06-30T13:15:26.938702886Z,01JZ0FBD0TN42Y2KGV31RR9FES,2025-06-30T13:15:26.938702886Z,01JZ0FMTG9KECVC1RZN7WJYKFJ,2025-06-30T13:15:26.938702886Z,01JZ0FMTHP5HHK53GVJTFDAHEF,2025-06-30T13:15:26.938702886Z
01JZ0FQVGPRMEMJKENNCQTJ8ZC,01JZ0F67X5J6SBR3095JZ2KKHQ,2025-06-30T13:17:05.430231473Z,01JZ0F67ZFPZEHV6BKFXQYDXZZ,2025-06-30T13:17:05.430231473Z,01JZ0FB6FJQ1D9FWD3X4BZ10WY,2025-06-30T13:17:05.430231473Z,01JZ0FG2SQ8Q4XBS92Y2AR51EP,2025-06-30T13:17:05.430231473Z,01JZ0FG2ZT9WG9PX7TSK94NDVN,2025-06-30T13:17:05.430231473Z
01JZ0FRCQ7QEJDZBWWVKH3W56B,01JZ0F67X5J6SBR3095JZ2KKHQ,2025-06-30T13:17:23.04741566Z,01JZ0F67ZNGQ7M2D3G364WEKWP,2025-06-30T13:17:23.04741566Z,01JZ0FJS48KWCXDKD6ZRVDSXBC,2025-06-30T13:17:23.04741566Z,01JZ0FPGD3R4XTCQYX0YWJ9PM8,2025-06-30T13:17:23.04741566Z,01JZ0FPGFYDMCV4FVJVHGQ1D12,2025-06-30T13:17:23.04741566Z
01JZ0HFQAHC5DTPCZ8S7RM9S8Z,01JZ0H1K4AG17CS34Z9G9MQYDS,2025-06-30T13:47:36.145694987Z,01JZ0H1K7C3FKHJS5GP9RE7N8D,2025-06-30T13:47:36.145694987Z,01JZ0H3ZMEM4CP8B8CA2T4SJEG,2025-06-30T13:47:36.145694987Z,01JZ0HA59FS77DYF0M07SAVR93,2025-06-30T13:47:36.145694987Z,01JZ0HA5DG3P3GKEND233XW4P0,2025-06-30T13:47:36.145694987Z
01JZ0PD4SB9ZP3D7V1SH9PHNT0,01JZ0NSN7EKS122Z238A4PF66D,2025-06-30T15:13:34.507718922Z,01JZ0NSNAYA5ZEAQVB789Y1XW2,2025-06-30T15:13:34.507718922Z,01JZ0NVYPF8E0336C41XNTMV12,2025-06-30T15:13:34.507718922Z,01JZ0PB8CZS6M8SVA60NSTSB4W,2025-06-30T15:13:34.507718922Z,01JZ0PB8G159ZN2PJHSS9MHNRV,2025-06-30T15:13:34.507718922Z
01JZ0SWQMDV06J3T7SCG4K9S30,01JZ0S9G3E1V9Y4W1M8GV3AGA9,2025-06-30T16:14:31.053096619Z,01JZ0S9G9GQDAYDBEESMGH4RA5,2025-06-30T16:14:31.053096619Z,01JZ0SHD6CSXMHY511T2SVS05J,2025-06-30T16:14:31.053096619Z,01JZ0SQ3C15Q09HYAH12H13T16,2025-06-30T16:14:31.053096619Z,01JZ0SQ3MCX698F8JET3S4DYA4,2025-06-30T16:14:31.053096619Z
01JZ0T1DTNBHY0MHNX0QEJCCQA,01JZ0S9G3E1V9Y4W1M8GV3AGA9,2025-06-30T16:17:04.853556639Z,01JZ0S9G72AZ3MF9HASHX1PW43,2025-06-30T16:17:04.853556639Z,01JZ0SHV4YF359JMJ5P6VTBKHD,2025-06-30T16:17:04.853556639Z,01JZ0SSF46G85AVW49YEHA1FMJ,2025-06-30T16:17:04.853556639Z,01JZ0SSFHTMY8WVPXXHFCY9DFQ,2025-06-30T16:17:04.853556639Z
01JZ0FKE54Q1BC0SKDRY4BBSM2,01JZ0F67X5J6SBR3095JZ2KKHQ,2025-06-30T13:14:40.676577596Z,01JZ0F67ZJJG6P50PFSVWKXYA5,2025-06-30T13:14:40.676577596Z,01JZ0FA7FFS51AB79BBEZA4BBG,2025-06-30T13:14:40.676577596Z,01JZ0FHJQ8D0RWN5BCAZ63DASG,2025-06-30T13:14:40.676577596Z,01JZ0FHJRYJ59AE9MP9HWG6E64,2025-06-30T13:14:40.676577596Z
01JZ0NYXP1VTXGPYEYZ8JDVA05,01JZ0N9PMZHSN31DAQRPMDQCYE,2025-06-30T15:05:48.481401792Z,01JZ0N9PPX2EBNCBEJCH5EHX43,2025-06-30T15:05:48.481401792Z,01JZ0NG35H1QSCVTSKBX9JBBRR,2025-06-30T15:05:48.481401792Z,01JZ0NQ6BBMA57K449HYD6QCJF,2025-06-30T15:05:48.481401792Z,01JZ0NQ6FPR11DBQFT612VEGYJ,2025-06-30T15:05:48.481401792Z
01JZ0Q12QETDAJX22XX2334HS7,01JZ0PDFE8X2A24VZSJDD0T2BH,2025-06-30T15:24:27.758930896Z,01JZ0PDFG0TZHQMJ413RSFKXP4,2025-06-30T15:24:27.758930896Z,01JZ0PHFA0CKW8FCX9Q96KR3SV,2025-06-30T15:24:27.758930896Z,01JZ0PSB9NEW7WNBBQFB9FQ87E,2025-06-30T15:24:27.758930896Z,01JZ0PSBFKMZXM1B2TV94PVVYV,2025-06-30T15:24:27.758930896Z
01JZ0Q1D40253RBG4CWWBZX1QJ,01JZ0PDFE8X2A24VZSJDD0T2BH,2025-06-30T15:24:38.400432677Z,01JZ0PDFG0TZHQMJ413RSFKXP4,2025-06-30T15:24:38.400432677Z,01JZ0PFD148NQV3M8890VB1Y1E,2025-06-30T15:24:38.400432677Z,01JZ0PSBA2ZJCB1FT0JNH91FDN,2025-06-30T15:24:38.400432677Z,01JZ0PSBGSTEBRN90P0B4ZDJKV,2025-06-30T15:24:38.400432677Z
01JZ0RKG992988T9GQ5BEJMQQ6,01JZ0R44WS56B1WD5354KYAZ6V,2025-06-30T15:52:00.041675282Z,01JZ0R450A0M8Q4QC968ZVRS9H,2025-06-30T15:52:00.041675282Z,01JZ0R7F7RD6MRYFQ16SXJ26HY,2025-06-30T15:52:00.041675282Z,01JZ0RFNY7CAK7Q2XWPCT4A1FS,2025-06-30T15:52:00.041675282Z,01JZ0RFP6TS1VM831H7YBVG7QF,2025-06-30T15:52:00.041675282Z
01JZ0G146F5NR96MVZYA22BTGV,01JZ0F67X5J6SBR3095JZ2KKHQ,2025-06-30T13:22:09.231183172Z,01JZ0F67ZC5C7QZPK5TEQ23RT2,2025-06-30T13:22:09.231183172Z,01JZ0FM0QB6FQ3X7MJHB3GA7A4,2025-06-30T13:22:09.231183172Z,01JZ0FSQ4V25AWYKGJJ1ZAK9SV,2025-06-30T13:22:09.231183172Z,01JZ0FSQ9F33C4Z9DTR6THNFVH,2025-06-30T13:22:09.231183172Z
01JZ0FM2JPJZQ7RW7SWPTSXVGD,01JZ0F67X5J6SBR3095JZ2KKHQ,2025-06-30T13:15:01.590824016Z,01JZ0F67Z228X9RHKVM8F1277D,2025-06-30T13:15:01.590824016Z,01JZ0FD5H390ZWW74EY7R1D7W9,2025-06-30T13:15:01.590824016Z,01JZ0FJ6P04EK093QJBJ8ZQ2DS,2025-06-30T13:15:01.590824016Z,01JZ0FJ6SBHJ7X638RST97CGZZ,2025-06-30T13:15:01.590824016Z
01JZ0FS81SKXSDFD00SEKSJRY0,01JZ0F67X5J6SBR3095JZ2KKHQ,2025-06-30T13:17:51.033459099Z,01JZ0F67Z61XNM528ZD36RPYGY,2025-06-30T13:17:51.033459099Z,01JZ0FBEYY00A3WRMWXSKTBJNC,2025-06-30T13:17:51.033459099Z,01JZ0FHHXB2X4MX44PK6HBFG6Y,2025-06-30T13:17:51.033459099Z,01JZ0FHJ18987TCPZ5FNGT50K4,2025-06-30T13:17:51.033459099Z
01JZ0HHPT4G5RPH5V4DPBYSQZB,01JZ0H1K4AG17CS34Z9G9MQYDS,2025-06-30T13:48:41.156548502Z,01JZ0H1K7FV78W73P31JXQYTKA,2025-06-30T13:48:41.156548502Z,01JZ0H6Y8GZX8H152JRBMCSD5G,2025-06-30T13:48:41.156548502Z,01JZ0HC59VR7BR28QM5T4X3DVY,2025-06-30T13:48:41.156548502Z,01JZ0HC5C8Z4D5Q4V1J8086SSP,2025-06-30T13:48:41.156548502Z
01JZ0NQ7JTTTSC7XT5KYX9Z2JP,01JZ0N9PMZHSN31DAQRPMDQCYE,2025-06-30T15:01:36.474807633Z,01JZ0N9PPX2EBNCBEJCH5EHX43,2025-06-30T15:01:36.474807633Z,01JZ0NG12FZE181X2TCG6QQA6Y,2025-06-30T15:01:36.474807633Z,01JZ0NQ6A0SCMGAW0D8G71EQM8,2025-06-30T15:01:36.474807633Z,01JZ0NQ6C2APQ3MD59C76GRXJV,2025-06-30T15:01:36.474807633Z
01JZ0NQJ3WD1WV8K97BRP7639W,01JZ0N9PMZHSN31DAQRPMDQCYE,2025-06-30T15:01:47.260312579Z,01JZ0N9PQHD06TCBXAQZTT3H76,2025-06-30T15:01:47.260312579Z,01JZ0NGFD8Q625CBVC4SGN58J1,2025-06-30T15:01:47.260312579Z,01JZ0NKT353JX7TDZWFQNH8NHN,2025-06-30T15:01:47.260312579Z,01JZ0NKT7B2RQTS0371G157P3M,2025-06-30T15:01:47.260312579Z
01JZ0NV7Y9QB2RED493C9W370N,01JZ0N9PMZHSN31DAQRPMDQCYE,2025-06-30T15:03:47.913962821Z,01JZ0N9PQHD06TCBXAQZTT3H76,2025-06-30T15:03:47.913962821Z,01JZ0NGNCA21NZZE8PJPN10BTS,2025-06-30T15:03:47.913962821Z,01JZ0NKT4CZJGYEE5ATJPQFVGM,2025-06-30T15:03:47.913962821Z,01JZ0NKT8HKQ92N9PQNZCYE7Z5,2025-06-30T15:03:47.913962821Z
01JZ0PJZZVV17RNJSQ727HV6GS,01JZ0NSN7EKS122Z238A4PF66D,2025-06-30T15:16:46.203060838Z,01JZ0NSNAYA5ZEAQVB789Y1XW2,2025-06-30T15:16:46.203060838Z,01JZ0P3C0GV76R4Z93PBZWXXD7,2025-06-30T15:16:46.203060838Z,01JZ0PB8DHY95TQGKETVJ4GHPH,2025-06-30T15:16:46.203060838Z,01JZ0PB8JZKGFTA61D359XG87M,2025-06-30T15:16:46.203060838Z
01JZ0FH2S73ECR4FYV18CAR696,01JZ0F67X5J6SBR3095JZ2KKHQ,2025-06-30T13:13:23.496549026Z,01JZ0F67ZT8SK3RX0KMQXRZR64,2025-06-30T13:13:23.496549026Z,01JZ0FBJ4KQXDMT6MT2EH5X20T,2025-06-30T13:13:23.496549026Z,01JZ0FH2335CJ3FD79F7KW4ZQ3,2025-06-30T13:13:23.496549026Z,01JZ0FH24747RJE3D9SVAY6ZMK,2025-06-30T13:13:23.496549026Z
01JZ0FSK54XSQQ0MZ6NHKPD4WQ,01JZ0F67X5J6SBR3095JZ2KKHQ,2025-06-30T13:18:02.404459784Z,01JZ0F67ZJJG6P50PFSVWKXYA5,2025-06-30T13:18:02.404459784Z,01JZ0FBBRPZEFPK4TTVDKWZ7HA,2025-06-30T13:18:02.404459784Z,01JZ0FHJPK6AHGZZK2A3C93XZV,2025-06-30T13:18:02.404459784Z,01JZ0FHJWH8G0XHP8Y378NPP38,2025-06-30T13:18:02.404459784Z
01JZ0K1FWQ2PG5C86F6ZKV619G,01JZ0JJRG62BDVPN4H0KJ2XPWK,2025-06-30T14:14:46.935119832Z,01JZ0JJRMQ32S1DDP8PZN3RKEA,2025-06-30T14:14:46.935119832Z,01JZ0JMRHQNNVVVJT7WR7062BD,2025-06-30T14:14:46.935119832Z,01JZ0JSS7F1SY9KH4T6BDQJZ40,2025-06-30T14:14:46.935119832Z,01JZ0JSSCGD88B8037MSEJ42PW,2025-06-30T14:14:46.935119832Z
01JZ0K3PCT2MTJQCAV59A25HPT,01JZ0JJRG62BDVPN4H0KJ2XPWK,2025-06-30T14:15:59.130391717Z,01JZ0JJRKVJXBJGVYTJ6TBMBFM,2025-06-30T14:15:59.130391717Z,01JZ0JN9702Q6F60B6DGZMFR8D,2025-06-30T14:15:59.130391717Z,01JZ0JW9GBP7GXSXKT2NGJ71C3,2025-06-30T14:15:59.130391717Z,01JZ0JW9MBD5NYGFTH764N0KK2,2025-06-30T14:15:59.130391717Z
01JZ0K4YTAWWVXNREDJ3N6BPV2,01JZ0JJRG62BDVPN4H0KJ2XPWK,2025-06-30T14:16:40.522877584Z,01JZ0JJRKH7XD764W2MEEG7PFH,2025-06-30T14:16:40.522877584Z,01JZ0JRQKJWMM7DD21YR6CR4TA,2025-06-30T14:16:40.522877584Z,01JZ0JZD8STSHTGJ2FBE9QM7PE,2025-06-30T14:16:40.522877584Z,01JZ0JZDB5VWYNWFMPX9PBJ51N,2025-06-30T14:16:40.522877584Z
01JZ0RHBWJHD0F8EF8SAT42RTN,01JZ0R44WS56B1WD5354KYAZ6V,2025-06-30T15:50:50.002803524Z,01JZ0R44YD4TQ1QQVW9H1W0WBF,2025-06-30T15:50:50.002803524Z,01JZ0R6DH2W2W2NRB6MJ1KHHEC,2025-06-30T15:50:50.002803524Z,01JZ0RDJ2QCC6HCJTXVC1C06TR,2025-06-30T15:50:50.002803524Z,01JZ0RDJM25BZH2YGY0HJ1XJB1,2025-06-30T15:50:50.002803524Z
01JZ0V92VWAQTGR07QS4PA5XY2,01JZ0TXM4HA3Q8P6D6TPYYS7R3,2025-06-30T16:38:44.348596077Z,01JZ0TXM7C18DJWS688K2WH576,2025-06-30T16:38:44.348596077Z,01JZ0V3M4NH8ZBAYGCY49TQ02Z,2025-06-30T16:38:44.348596077Z,01JZ0V8ZPY044NTMZW4ZXBD0TN,2025-06-30T16:38:44.348596077Z,01JZ0V8ZX0W3VYTA2SDFYF9AQ0,2025-06-30T16:38:44.348596077Z
01JZ0FNJ2BJAYBBG23D9MF4AK2,01JZ0F67X5J6SBR3095JZ2KKHQ,2025-06-30T13:15:50.219823786Z,01JZ0F67ZNGQ7M2D3G3M0R8ZTD,2025-06-30T13:15:50.219823786Z,01JZ0FBJQ7C7D6J79CXDMZGZYP,2025-06-30T13:15:50.219823786Z,01JZ0FNH4D7ZKAVXZ1SZHGDSBK,2025-06-30T13:15:50.219823786Z,01JZ0FNH6KW2F2SRF1A82HJNX1,2025-06-30T13:15:50.219823786Z
01JZ0FMRDCHSS8D4NEJKTJRNQG,01JZ0F67X5J6SBR3095JZ2KKHQ,2025-06-30T13:15:23.948227734Z,01JZ0F67ZT8SK3RX0KMQXRZR64,2025-06-30T13:15:23.948227734Z,01JZ0FB53ABA3J4GQAS9PQCVA2,2025-06-30T13:15:23.948227734Z,01JZ0FH235VE50PMY57N3YDJG9,2025-06-30T13:15:23.948227734Z,01JZ0FH2567KT8C7C7MRJ8ZSY4,2025-06-30T13:15:23.948227734Z
01JZ0FSJ4YA7T6KC4DASSWR18M,01JZ0F67X5J6SBR3095JZ2KKHQ,2025-06-30T13:18:01.374604651Z,01JZ0F67Z61XNM528ZD36RPYGY,2025-06-30T13:18:01.374604651Z,01JZ0FBEYY00A3WRMWXSKTBJNC,2025-06-30T13:18:01.374604651Z,01JZ0FHHXKVV2N4PSEC0HE9PJQ,2025-06-30T13:18:01.374604651Z,01JZ0FHJ1WTPR3M03VPZ8ER6X1,2025-06-30T13:18:01.374604651Z
01JZ0HCAWKZ0T7RJBX1555KFMH,01JZ0H1K4AG17CS34Z9G9MQYDS,2025-06-30T13:45:45.107817529Z,01JZ0H1K6THHEJQ855QF7WP6P1,2025-06-30T13:45:45.107817529Z,01JZ0H3MSCHF8EHSQ33HEQDG2Z,2025-06-30T13:45:45.107817529Z,01JZ0H8M6RNVPAN6FF1JPRG2N3,2025-06-30T13:45:45.107817529Z,01JZ0H8M95K0NCGBK2P74BAWW7,2025-06-30T13:45:45.107817529Z
01JZ0MDWTFTMQZV3TTM06QK2XP,01JZ0KZHFC2GEC175ZSKVHYGR2,2025-06-30T14:39:01.967229839Z,01JZ0KZHHH6W8J7M02JDFMAQF5,2025-06-30T14:39:01.967229839Z,01JZ0M0EWSF288X4NSN0YC4ARG,2025-06-30T14:39:01.967229839Z,01JZ0MA57G6F6CZSS6TXQYY4X3,2025-06-30T14:39:01.967229839Z,01JZ0MA5CP269RMSCXAZMV62F9,2025-06-30T14:39:01.967229839Z
01JZ0PC1M5T30TJCS29XJ5BM77,01JZ0NSN7EKS122Z238A4PF66D,2025-06-30T15:12:58.501833168Z,01JZ0NSNC1W3B8HBKV7A156B13,2025-06-30T15:12:58.501833168Z,01JZ0NZGH00DARNW9BBY2QG8YW,2025-06-30T15:12:58.501833168Z,01JZ0P49CNEX4XX07TQK7X10ZW,2025-06-30T15:12:58.501833168Z,01JZ0P49WEV605HBY9ETV54ZTE,2025-06-30T15:12:58.501833168Z
01JZ0PCBV0XC6WHP0ZM5SMPJGF,01JZ0NSN7EKS122Z238A4PF66D,2025-06-30T15:13:08.960983985Z,01JZ0NSNC1W3B8HBKV7A156B13,2025-06-30T15:13:08.960983985Z,01JZ0NZGH00DARNW9BBY2QG8YW,2025-06-30T15:13:08.960983985Z,01JZ0P49DXHNBVFYTYSBHGV2EW,2025-06-30T15:13:08.960983985Z,01JZ0P49ZFWQ1FQ6RF2WGSDWVN,2025-06-30T15:13:08.960983985Z
01JZ0SN90RK5GVHF1RQNBR7JEJ,01JZ0S9G3E1V9Y4W1M8GV3AGA9,2025-06-30T16:10:26.713017217Z,01JZ0S9G69Y1BMBR3KZBCDH0XZ,2025-06-30T16:10:26.713017217Z,01JZ0SAN7S16T6GKYDP9BE4Q9F,2025-06-30T16:10:26.713017217Z,01JZ0SN4MEMH5GM4GGX339NA9T,2025-06-30T16:10:26.713017217Z,01JZ0SN55ADBCNQDSTZ5QJSR2S,2025-06-30T16:10:26.713017217Z
01JZ0FHJKTC09KYBTGHDA34MYW,01JZ0F67X5J6SBR3095JZ2KKHQ,2025-06-30T13:13:39.706359161Z,01JZ0F67Z61XNM528ZD36RPYGY,2025-06-30T13:13:39.706359161Z,01JZ0FBNEQDTRNKJSVXK2XHXY0,2025-06-30T13:13:39.706359161Z,01JZ0FHHXFK5V29KR8E7JSXRQV,2025-06-30T13:13:39.706359161Z,01JZ0FHHYWCJN7E2F4V5DCTC2A,2025-06-30T13:13:39.706359161Z
01JZ0FXE7QMPAPXS9E245FH7VS,01JZ0F67X5J6SBR3095JZ2KKHQ,2025-06-30T13:20:08.439540777Z,01JZ0F67ZC5C7QZPK5TEQ23RT2,2025-06-30T13:20:08.439540777Z,01JZ0FGZ3TEBS93H4SFF5B7S2S,2025-06-30T13:20:08.439540777Z,01JZ0FSQ51351EYGBSHM59PBYH,2025-06-30T13:20:08.439540777Z,01JZ0FSQ7STW7D3EN5RCEBHXW2,2025-06-30T13:20:08.439540777Z
01JZ0FXK5PZ272P0NW9F0A2CR5,01JZ0F67X5J6SBR3095JZ2KKHQ,2025-06-30T13:20:13.494178834Z,01JZ0F67ZNGQ7M2D3G3M0R8ZTD,2025-06-30T13:20:13.494178834Z,01JZ0FB8B329KN6H9RPGAVWG69,2025-06-30T13:20:13.494178834Z,01JZ0FNH601WQKH2JDWKT7KJPX,2025-06-30T13:20:13.494178834Z,01JZ0FNH9ZV5JEKKM0N89RXH4K,2025-06-30T13:20:13.494178834Z
01JZ0Q3WM2KD6G6Y0WMAG9P014,01JZ0PDFE8X2A24VZSJDD0T2BH,2025-06-30T15:25:59.81032043Z,01JZ0PDFFH0EDR9F9CYFN0TQY3,2025-06-30T15:25:59.81032043Z,01JZ0PPXCPF7JHRT9SA9YT6R6B,2025-06-30T15:25:59.81032043Z,01JZ0PVRMDAW37CVDBXYEM2816,2025-06-30T15:25:59.81032043Z,01JZ0PVS42CZ7R23JHD0T5PQ23,2025-06-30T15:25:59.81032043Z
01JZ0SQ69DTJJM11ASB5W85EPW,01JZ0S9G3E1V9Y4W1M8GV3AGA9,2025-06-30T16:11:29.453888073Z,01JZ0S9G9GQDAYDBEESMGH4RA5,2025-06-30T16:11:29.453888073Z,01JZ0SF9Q56965BA9MXGSMHAND,2025-06-30T16:11:29.453888073Z,01JZ0SQ3BA4JJ0BDCF8FJ8ZX53,2025-06-30T16:11:29.453888073Z,01JZ0SQ3G36C1JSE2VHA9RAVGA,2025-06-30T16:11:29.453888073Z
01JZ0TS55MSWQJ1JMFKRQE0HSJ,01JZ0T594M7DT83RJMYEJDT186,2025-06-30T16:30:02.420671955Z,01JZ0T59780CP4Z1F2CEHFDNAC,2025-06-30T16:30:02.420671955Z,01JZ0TAG5YB2XS2SXDFRSMNV8G,2025-06-30T16:30:02.420671955Z,01JZ0TGXDPTSYQ41GE8NZP8MSC,2025-06-30T16:30:02.420671955Z,01JZ0TGXTBKKGXB6YWKCZYWHWX,2025-06-30T16:30:02.420671955Z
01JZ0FVFTM9DZM2TYHPYAT2MZB,01JZ0F67X5J6SBR3095JZ2KKHQ,2025-06-30T13:19:04.53256825Z,01JZ0F67Z49S75BR56TBMFCZ55,2025-06-30T13:19:04.53256825Z,01JZ0FBFBJW6M9QE503VEPS9CV,2025-06-30T13:19:04.53256825Z,01JZ0FQRVP5GMFQVC581G5X73Z,2025-06-30T13:19:04.53256825Z,01JZ0FQRY62N91HWZYHG7WJHE0,2025-06-30T13:19:04.53256825Z
01JZ0PFP6WPBEKQB2PG71GWECS,01JZ0NSN7EKS122Z238A4PF66D,2025-06-30T15:14:57.884485476Z,01JZ0NSNACQB6FV8GE0XS7JKF9,2025-06-30T15:14:57.884485476Z,01JZ0P2VRWVMWZZ8N9Z8Y5JQ15,2025-06-30T15:14:57.884485476Z,01JZ0P7YNT108NJT9EBY5VDJSY,2025-06-30T15:14:57.884485476Z,01JZ0P7YVB6QVN7V4FBPWHJ9P4,2025-06-30T15:14:57.884485476Z
01JZ0Q3J999SFKS4TPEXQ1XXRY,01JZ0PDFE8X2A24VZSJDD0T2BH,2025-06-30T15:25:49.225319456Z,01JZ0PDFFH0EDR9F9CYFN0TQY3,2025-06-30T15:25:49.225319456Z,01JZ0PQ7G6X7K4MMC5P4S3TEYN,2025-06-30T15:25:49.225319456Z,01JZ0PVRJB9T7WFF0PZYXA4X8A,2025-06-30T15:25:49.225319456Z,01JZ0PVS17TM9J8FXQP0P5Z5D5,2025-06-30T15:25:49.225319456Z
01JZ0FPJ5W9VYV6KHRVP79ZPCD,01JZ0F67X5J6SBR3095JZ2KKHQ,2025-06-30T13:16:23.10045458Z,01JZ0F67ZMW5MYVAMRDCKET4QV,2025-06-30T13:16:23.10045458Z,01JZ0FBAX014VD39AWS4YVMD4F,2025-06-30T13:16:23.10045458Z,01JZ0FETSCDVHZ2TXY7PXJ4K6E,2025-06-30T13:16:23.10045458Z,01JZ0FETVX6MH8X62MF1EV7CK3,2025-06-30T13:16:23.10045458Z
01JZ0FVFWCK2GB4HD8A04QGD4H,01JZ0F67X5J6SBR3095JZ2KKHQ,2025-06-30T13:19:04.58856613Z,01JZ0F67Z49S75BR56TBMFCZ55,2025-06-30T13:19:04.58856613Z,01JZ0FFQFYN84KEVXA2V476V6H,2025-06-30T13:19:04.58856613Z,01JZ0FQRVP5GMFQVC581G5X73Z,2025-06-30T13:19:04.58856613Z,01JZ0FQRY62N91HWZYHG7WJHE0,2025-06-30T13:19:04.58856613Z
01JZ0HEJQBAYGRH2X4M44WRKY3,01JZ0H1K4AG17CS34Z9G9MQYDS,2025-06-30T13:46:58.667743396Z,01JZ0H1K7HVYD71R3W6V80C6V1,2025-06-30T13:46:58.667743396Z,01JZ0H83RPH6CM1BGEWBZ1V4QM,2025-06-30T13:46:58.667743396Z,01JZ0HAVS54E0S6EA1VSCPJE2W,2025-06-30T13:46:58.667743396Z,01JZ0HAVVCQ82X051SZY3976BH,2025-06-30T13:46:58.667743396Z
01JZ0HMT9VTZXCW3K26C7C53E3,01JZ0H1K4AG17CS34Z9G9MQYDS,2025-06-30T13:50:23.035175048Z,01JZ0H1K706F68YJ8PB50DJAH3,2025-06-30T13:50:23.035175048Z,01JZ0H3PV9DACRQS4WSM89RZB3,2025-06-30T13:50:23.035175048Z,01JZ0HDDPWNYGTK2DVP3JF7ANT,2025-06-30T13:50:23.035175048Z,01JZ0HDDTHP3VCN418R8WTFHP9,2025-06-30T13:50:23.035175048Z
01JZ0PFBQZ5MRGFF425G084KVW,01JZ0NSN7EKS122Z238A4PF66D,2025-06-30T15:14:47.167852259Z,01JZ0NSNACQB6FV8GE0XS7JKF9,2025-06-30T15:14:47.167852259Z,01JZ0M79979MVE3M2PF579XFD7,2025-06-30T15:14:47.167852259Z,01JZ0P7YNC23PG2FBXK5EHB1WT,2025-06-30T15:14:47.167852259Z,01JZ0P7YT5HQ2VPHSWBMT2FQ2M,2025-06-30T15:14:47.167852259Z
01JZ0RTH8VAJR76EZN6AYJ2X9T,01JZ0R44WS56B1WD5354KYAZ6V,2025-06-30T15:55:50.428017824Z,01JZ0R44ZAP7PYVAMQ60PRQDRH,2025-06-30T15:55:50.428017824Z,01JZ0R7SM9A3MD6J7CWH0BFG4D,2025-06-30T15:55:50.428017824Z,01JZ0RJBPYV67ZX54VSJ1EA9P4,2025-06-30T15:55:50.428017824Z,01JZ0RJC4ZE2NAMZ2CN9P8W9BH,2025-06-30T15:55:50.428017824Z
01JZ0FSN0YDETVNJ4NVRDAQEG0,01JZ0F67X5J6SBR3095JZ2KKHQ,2025-06-30T13:18:04.318356828Z,01JZ0F67Z49S75BR56TBMFCZ55,2025-06-30T13:18:04.318356828Z,01JZ0FFQFYN84KEVXA2V476V6H,2025-06-30T13:18:04.318356828Z,01JZ0FQRVP5GMFQVC581G5X73Z,2025-06-30T13:18:04.318356828Z,01JZ0FQRY0R9HPTNKXRYWC5DCZ,2025-06-30T13:18:04.318356828Z
01JZ0FNPB5QBTCAZP40HXDSGBC,01JZ0F67X5J6SBR3095JZ2KKHQ,2025-06-30T13:15:54.597804475Z,01JZ0F67Z745P2890BJ7Q88E3R,2025-06-30T13:15:54.597804475Z,01JZ0FC56QHHEXNXG28RA69XDS,2025-06-30T13:15:54.597804475Z,01JZ0FHYT9MR26XHFRG86H7E34,2025-06-30T13:15:54.597804475Z,01JZ0FHYVNQMTVPP2CJQ2QXTV9,2025-06-30T13:15:54.597804475Z
01JZ0FNVBPBE4FRVPSAMV5F9MK,01JZ0F67X5J6SBR3095JZ2KKHQ,2025-06-30T13:15:59.734783758Z,01JZ0F6805RKXP4JKMN5N89R8W,2025-06-30T13:15:59.734783758Z,01JZ0FAXS6V25W6YPWT6Y66ZX9,2025-06-30T13:15:59.734783758Z,01JZ0FEFHYP40HX368BNFPEFHZ,2025-06-30T13:15:59.734783758Z,01JZ0FEFM4CK3CF3H2ZBKZDA0T,2025-06-30T13:15:59.734783758Z
01JZ0HJJ54VMP3KTGA37HX0YN9,01JZ0H1K4AG17CS34Z9G9MQYDS,2025-06-30T13:49:09.156663697Z,01JZ0H1K78HDDW9F2WM1P8VZMN,2025-06-30T13:49:09.156663697Z,01JZ0H5BHKCTD3T58KE49ABST6,2025-06-30T13:49:09.156663697Z,01JZ0HAGRY6N8X6N9WN9G5HWSG,2025-06-30T13:49:09.156663697Z,01JZ0HAGXKMY05NP93HW3SP4S7,2025-06-30T13:49:09.156663697Z
01JZ0PDGQ9SWAZ539NKTRZ0EFB,01JZ0NSN7EKS122Z238A4PF66D,2025-06-30T15:13:46.729365473Z,01JZ0NSNACQB6FV8GE0XS7JKF9,2025-06-30T15:13:46.729365473Z,01JZ0M79979MVE3M2PF579XFD7,2025-06-30T15:13:46.729365473Z,01JZ0P7YN1V2MR96D77PEXSMK2,2025-06-30T15:13:46.729365473Z,01JZ0P7YRT5X9AE21VXRAC50DH,2025-06-30T15:13:46.729365473Z
01JZ0QFFQVZC1HFHV9HB0WXJ67,01JZ0Q0CTMMAVY329HW6Z84SYY,2025-06-30T15:32:19.835163072Z,01JZ0Q0CWNKJYDS4SW61Q7VTQN,2025-06-30T15:32:19.835163072Z,01JZ0Q2NRNYEBA48SPCNZAV9X5,2025-06-30T15:32:19.835163072Z,01JZ0Q80X0DV01H6MZ0H7J8ABM,2025-06-30T15:32:19.835163072Z,01JZ0Q813FAWB6VG0C9ZP7KRV4,2025-06-30T15:32:19.835163072Z
01JZ0RNE4CVYV7Z7A9HA34XNEX,01JZ0R44WS56B1WD5354KYAZ6V,2025-06-30T15:53:03.373012249Z,01JZ0R44ZMT5HYXWVABB60AH0G,2025-06-30T15:53:03.373012249Z,01JZ0R6DY0PYZTQ6QXN5D3091D,2025-06-30T15:53:03.373012249Z,01JZ0RDSCY1BRCKPVF2FF3QCCD,2025-06-30T15:53:03.373012249Z,01JZ0RDSNGGRTK8B7Q4RAEXD1S,2025-06-30T15:53:03.373012249Z
01JZ0T8NVN2SV62J6N7F37MT7W,01JZ0S9G3E1V9Y4W1M8GV3AGA9,2025-06-30T16:21:02.453960486Z,01JZ0S9G8MSQJNW9QDDX82T8EZ,2025-06-30T16:21:02.453960486Z,01JZ0ST5TS5QV8K1SHD437M5P1,2025-06-30T16:21:02.453960486Z,01JZ0T2Z776H5NYH3952M90NE0,2025-06-30T16:21:02.453960486Z,01JZ0T2ZHAHS59BR3V8XSNNK4S,2025-06-30T16:21:02.453960486Z
01JZ0FJ5DWP36WQF1F9Z3T9SC0,01JZ0F67X5J6SBR3095JZ2KKHQ,2025-06-30T13:13:58.973068933Z,01JZ0F67ZPF4121D8VQV580KT1,2025-06-30T13:13:58.973068933Z,01JZ0FADPYVS6C84HJSS2FEBTD,2025-06-30T13:13:58.973068933Z,01JZ0FG9XR3ADT6FD51B6EJHQB,2025-06-30T13:13:58.973068933Z,01JZ0FG9YWWG2VWZMQ1Q9RCDGB,2025-06-30T13:13:58.973068933Z
01JZ0HW0G4Q2C9HE9KZC0WQ1J4,01JZ0H1K4AG17CS34Z9G9MQYDS,2025-06-30T13:54:18.756381269Z,01JZ0H1K72P9WWMQFG7ACVRNHM,2025-06-30T13:54:18.756381269Z,01JZ0H6Y1FWY7X7YNWMGA41ZX8,2025-06-30T13:54:18.756381269Z,01JZ0HKZ3019V16DNNX4C0SER7,2025-06-30T13:54:18.756381269Z,01JZ0HKZ993S1Q2M5ZDQE5DPHV,2025-06-30T13:54:18.756381269Z
01JZ0FXBHJ0MHB1ZD5CTMBWE1H,01JZ0F67X5J6SBR3095JZ2KKHQ,2025-06-30T13:20:05.682113516Z,01JZ0F67Z9QH00F8GAXY086HB5,2025-06-30T13:20:05.682113516Z,01JZ0FBRXZ8XMKNDM1GTFS4P4A,2025-06-30T13:20:05.682113516Z,01JZ0FNMGQ5DPDKWZXXZ5M1790,2025-06-30T13:20:05.682113516Z,01JZ0FNMR5G6GYR0X5ND95B7MG,2025-06-30T13:20:05.682113516Z
01JZ0FSN09FXQG06VWS33ZJ9RR,01JZ0F67X5J6SBR3095JZ2KKHQ,2025-06-30T13:18:04.297229496Z,01JZ0F67Z49S75BR56TBMFCZ55,2025-06-30T13:18:04.297229496Z,01JZ0FBFBJW6M9QE503VEPS9CV,2025-06-30T13:18:04.297229496Z,01JZ0FQRVP5GMFQVC581G5X73Z,2025-06-30T13:18:04.297229496Z,01JZ0FQRY0R9HPTNKXRYWC5DCZ,2025-06-30T13:18:04.297229496Z
01JZ0JYYY6RV0RW9KAAK9Z8705,01JZ0JJRG62BDVPN4H0KJ2XPWK,2025-06-30T14:13:24.038780731Z,01JZ0JJRK7MTN7FAC1224V82KC,2025-06-30T14:13:24.038780731Z,01JZ0JSGH5RS66YM2SX89684C5,2025-06-30T14:13:24.038780731Z,01JZ0JYWSMTN9F477ZHXCCB59Z,2025-06-30T14:13:24.038780731Z,01JZ0JYWYZ6Q7WZ6X1CBK7Y7D8,2025-06-30T14:13:24.038780731Z
01JZ0MP7Z0BJM59CYM4Y3JVH6R,01JZ0KZHFC2GEC175ZSKVHYGR2,2025-06-30T14:43:35.520533588Z,01JZ0KZHHC2JQ9380R79DSYF93,2025-06-30T14:43:35.520533588Z,01JZ0MDBRA35TVD8HTPMBDQBBA,2025-06-30T14:43:35.520533588Z,01JZ0MGP26NJJGJCWPQGW8F3YX,2025-06-30T14:43:35.520533588Z,01JZ0MGP5GV3WV5XPVQ1M0V0JK,2025-06-30T14:43:35.520533588Z
01JZ0FPK5813S4T9T98FPQYABJ,01JZ0F67X5J6SBR3095JZ2KKHQ,2025-06-30T13:16:24.10479127Z,01JZ0F67ZT8SK3RX0KMQXRZR64,2025-06-30T13:16:24.10479127Z,01JZ0FBJ4KQXDMT6MT2EH5X20T,2025-06-30T13:16:24.10479127Z,01JZ0FH235VE50PMY57N3YDJG9,2025-06-30T13:16:24.10479127Z,01JZ0FH25ARAD2EE6K413AC2K1,2025-06-30T13:16:24.10479127Z
01JZ0K341D1RSW122K8RFABBCC,01JZ0JJRG62BDVPN4H0KJ2XPWK,2025-06-30T14:15:40.333785735Z,01JZ0JJRKH7XD764W2MEEG7PFH,2025-06-30T14:15:40.333785735Z,01JZ0JNPB8GHT0X464XPMVEBH9,2025-06-30T14:15:40.333785735Z,01JZ0JZD8STSHTGJ2FBE9QM7PE,2025-06-30T14:15:40.333785735Z,01JZ0JZDAWP1RCEJZFJTSQHKND,2025-06-30T14:15:40.333785735Z
01JZ0STE1EF29B59KWD325Q6EH,01JZ0S9G3E1V9Y4W1M8GV3AGA9,2025-06-30T16:13:15.694060412Z,01JZ0S9GCCCNBKT0N3T9B2PH95,2025-06-30T16:13:15.694060412Z,01JZ0SF6SRD67J9Q4V8979AFYM,2025-06-30T16:13:15.694060412Z,01JZ0SRFZN1N49MKZCM7JQAT6Y,2025-06-30T16:13:15.694060412Z,01JZ0SRG6SPEV961C2A2QJNNEV,2025-06-30T16:13:15.694060412Z
01JZ0SWQG49RDYVCASXPBRTSVZ,01JZ0S9G3E1V9Y4W1M8GV3AGA9,2025-06-30T16:14:30.916914436Z,01JZ0S9G9GQDAYDBEESMGH4RA5,2025-06-30T16:14:30.916914436Z,01JZ0SBEC2RYDPHTJZRV8KRQ54,2025-06-30T16:14:30.916914436Z,01JZ0SQ3C15Q09HYAH12H13T16,2025-06-30T16:14:30.916914436Z,01JZ0SQ3MCX698F8JET3S4DYA4,2025-06-30T16:14:30.916914436Z
01JZ0FSCFM4VXM2VF7MN4DGYVW,01JZ0F67X5J6SBR3095JZ2KKHQ,2025-06-30T13:17:55.572601834Z,01JZ0F67Z745P2890BJ7Q88E3R,2025-06-30T13:17:55.572601834Z,01JZ0FAQ5BESSRJ4RCV3JDZV7P,2025-06-30T13:17:55.572601834Z,01JZ0FHYT7S382Q8K3G91ZN28J,2025-06-30T13:17:55.572601834Z,01JZ0FHYWECQNPZRK99THAKWZV,2025-06-30T13:17:55.572601834Z
01JZ0FZ90V7GV144K553TGTW0N,01JZ0F67X5J6SBR3095JZ2KKHQ,2025-06-30T13:21:08.635686056Z,01JZ0F67ZC5C7QZPK5TEQ23RT2,2025-06-30T13:21:08.635686056Z,01JZ0FGZ3TEBS93H4SFF5B7S2S,2025-06-30T13:21:08.635686056Z,01JZ0FSQ51351EYGBSHM59PBYH,2025-06-30T13:21:08.635686056Z,01JZ0FSQ84KY23QPYBXQWPTRVM,2025-06-30T13:21:08.635686056Z
01JZ0H8N0HERXN45NE9X2BM5G5,01JZ0H1K4AG17CS34Z9G9MQYDS,2025-06-30T13:43:44.401553098Z,01JZ0H1K6THHEJQ855QF7WP6P1,2025-06-30T13:43:44.401553098Z,01JZ0H6DP3F32ZH0Y01CT1VX9P,2025-06-30T13:43:44.401553098Z,01JZ0H8M6D9SVDR1575RSHA4RY,2025-06-30T13:43:44.401553098Z,01JZ0H8M8669S9MXGH73FRDPD6,2025-06-30T13:43:44.401553098Z
01JZ0HFVYJAJJZ2R3VR8ZVZJXT,01JZ0H1K4AG17CS34Z9G9MQYDS,2025-06-30T13:47:40.882231893Z,01JZ0H1K7FV78W73P31JXQYTKA,2025-06-30T13:47:40.882231893Z,01JZ0H42HREFCMBGJBTZGE91GN,2025-06-30T13:47:40.882231893Z,01JZ0HC59VR7BR28QM5T4X3DVY,2025-06-30T13:47:40.882231893Z,01JZ0HC5BY2NPPQCBDJH37PCY4,2025-06-30T13:47:40.882231893Z
01JZ0MCMHNJX2F4CT5ZBR4AYJH,01JZ0KZHFC2GEC175ZSKVHYGR2,2025-06-30T14:38:20.725458413Z,01JZ0KZHH6W8XDVC696R9C92DG,2025-06-30T14:38:20.725458413Z,01JZ0M3AJTJTBWN32ZGK0JDM10,2025-06-30T14:38:20.725458413Z,01JZ0MCKBP7JXVFDMPHNG3WP9F,2025-06-30T14:38:20.725458413Z,01JZ0MCKC6QJY7FR94RS2K074B,2025-06-30T14:38:20.725458413Z
01JZ0PFBRCXT5EAW5HVRCB8R1P,01JZ0NSN7EKS122Z238A4PF66D,2025-06-30T15:14:47.180771234Z,01JZ0NSNACQB6FV8GE0XS7JKF9,2025-06-30T15:14:47.180771234Z,01JZ0P4V3AHY550K8PMRT3VM5K,2025-06-30T15:14:47.180771234Z,01JZ0P7YNC23PG2FBXK5EHB1WT,2025-06-30T15:14:47.180771234Z,01JZ0P7YT5HQ2VPHSWBMT2FQ2M,2025-06-30T15:14:47.180771234Z
01JZ0PZHVK5VC83FHYTQRDQE17,01JZ0PDFE8X2A24VZSJDD0T2BH,2025-06-30T15:23:37.71570668Z,01JZ0PDFFH0EDR9F9CYFN0TQY3,2025-06-30T15:23:37.71570668Z,01JZ0PGV68TYQ231YS5FREY4WQ,2025-06-30T15:23:37.71570668Z,01JZ0PVRKCVAZGVD5GK5DEWP0E,2025-06-30T15:23:37.71570668Z,01JZ0PVRTBZ9ZP99VFRK6GXNBQ,2025-06-30T15:23:37.71570668Z
01JZ0QBRFQ0XTW0W2Z5QN811FQ,01JZ0Q0CTMMAVY329HW6Z84SYY,2025-06-30T15:30:17.719393887Z,01JZ0Q0CWNKJYDS4SW61Q7VTQN,2025-06-30T15:30:17.719393887Z,01JZ0Q3X4Y9GSG0Q4TV0TG6S7T,2025-06-30T15:30:17.719393887Z,01JZ0Q80XG0NQQZWZ0ZS4K2WB4,2025-06-30T15:30:17.719393887Z,01JZ0Q811D5KFHEHN6QYQG3E12,2025-06-30T15:30:17.719393887Z
01JZ0FMRDM251RNP84JFJD3XFX,01JZ0F67X5J6SBR3095JZ2KKHQ,2025-06-30T13:15:23.956668317Z,01JZ0F67ZT8SK3RX0KMQXRZR64,2025-06-30T13:15:23.956668317Z,01JZ0FBJ4KQXDMT6MT2EH5X20T,2025-06-30T13:15:23.956668317Z,01JZ0FH235VE50PMY57N3YDJG9,2025-06-30T13:15:23.956668317Z,01JZ0FH2567KT8C7C7MRJ8ZSY4,2025-06-30T13:15:23.956668317Z
01JZ0SWQJ7MBY8ZYHA9RE5TV48,01JZ0S9G3E1V9Y4W1M8GV3AGA9,2025-06-30T16:14:30.983682501Z,01JZ0S9G9GQDAYDBEESMGH4RA5,2025-06-30T16:14:30.983682501Z,01JZ0SK9JXYJAB5JG2TDNVPFF3,2025-06-30T16:14:30.983682501Z,01JZ0SQ3C15Q09HYAH12H13T16,2025-06-30T16:14:30.983682501Z,01JZ0SQ3MCX698F8JET3S4DYA4,2025-06-30T16:14:30.983682501Z
01JZ0QDM5MZ3RWP9XBN9B3PQYQ,01JZ0Q0CTMMAVY329HW6Z84SYY,2025-06-30T15:31:18.836304969Z,01JZ0Q0CX32Y5M8NZMVY0C598C,2025-06-30T15:31:18.836304969Z,01JZ0QBZWYQ3QPQ15CPJ83RQEA,2025-06-30T15:31:18.836304969Z,01JZ0QDJGBKYVPQA2SXS058J3H,2025-06-30T15:31:18.836304969Z,01JZ0QDJKB1TX8B3RTEVANCZZE,2025-06-30T15:31:18.836304969Z
01JZ0HG1YTBD3A2KJPK3B9RRH9,01JZ0H1K4AG17CS34Z9G9MQYDS,2025-06-30T13:47:47.034079283Z,01JZ0H1K78HDDW9F2WM1P8VZMN,2025-06-30T13:47:47.034079283Z,01JZ0H3QQ5CPMXHE11M4R96C48,2025-06-30T13:47:47.034079283Z,01JZ0HAGSF134DXMQJAXEF8DCZ,2025-06-30T13:47:47.034079283Z,01JZ0HAGVF39FFXQR2BKWVDE2J,2025-06-30T13:47:47.034079283Z
01JZ0MC2243DWG7Q1MR7V76NCX,01JZ0KZHFC2GEC175ZSKVHYGR2,2025-06-30T14:38:01.796447352Z,01JZ0KZHHH6W8J7M02JDFMAQF5,2025-06-30T14:38:01.796447352Z,01JZ0M37T5B6J4TKCZ2030N8JQ,2025-06-30T14:38:01.796447352Z,01JZ0MA57G6F6CZSS6TXQYY4X3,2025-06-30T14:38:01.796447352Z,01JZ0MA5C5QDZRV3ZH1ZHXBX0P,2025-06-30T14:38:01.796447352Z
01JZ0MP7YRNPACTRARN2JVYYXE,01JZ0KZHFC2GEC175ZSKVHYGR2,2025-06-30T14:43:35.512496728Z,01JZ0KZHHC2JQ9380R79DSYF93,2025-06-30T14:43:35.512496728Z,01JZ0MDJZZT96ZPNBZZTAA3S1D,2025-06-30T14:43:35.512496728Z,01JZ0MGP26NJJGJCWPQGW8F3YX,2025-06-30T14:43:35.512496728Z,01JZ0MGP5GV3WV5XPVQ1M0V0JK,2025-06-30T14:43:35.512496728Z
01JZ0MR2WKN91HAWG0V5ZEKEYZ,01JZ0KZHFC2GEC175ZSKVHYGR2,2025-06-30T14:44:35.859497236Z,01JZ0KZHHC2JQ9380R79DSYF93,2025-06-30T14:44:35.859497236Z,01JZ0MDJZZT96ZPNBZZTAA3S1D,2025-06-30T14:44:35.859497236Z,01JZ0MGP1VZQXX9BG0C972GBVY,2025-06-30T14:44:35.859497236Z,01JZ0MGP718208Z55D0FQC9NYH,2025-06-30T14:44:35.859497236Z
01JZ0QFFQ89676G4J70PKVV2RM,01JZ0Q0CTMMAVY329HW6Z84SYY,2025-06-30T15:32:19.816589505Z,01JZ0Q0CWNKJYDS4SW61Q7VTQN,2025-06-30T15:32:19.816589505Z,01JZ0Q1P5DS31PBEBVW5ZRAMYJ,2025-06-30T15:32:19.816589505Z,01JZ0Q80X0DV01H6MZ0H7J8ABM,2025-06-30T15:32:19.816589505Z,01JZ0Q813FAWB6VG0C9ZP7KRV4,2025-06-30T15:32:19.816589505Z
01JZ0RP3QKDRC2BVNJX87PZXEC,01JZ0R44WS56B1WD5354KYAZ6V,2025-06-30T15:53:25.491986922Z,01JZ0R44ZMT5HYXWVABB60AH0G,2025-06-30T15:53:25.491986922Z,01JZ0R83TEZ3G1FW66WSBKZX4F,2025-06-30T15:53:25.491986922Z,01JZ0RDSBNJ06ET7JJVQB14EXX,2025-06-30T15:53:25.491986922Z,01JZ0RDSSDYZN9CZ7FN1XKBJEH,2025-06-30T15:53:25.491986922Z
01JZ0FQ2VS95C67S5AWR3VH0T8,01JZ0F67X5J6SBR3095JZ2KKHQ,2025-06-30T13:16:40.185327051Z,01JZ0F67Z61XNM528ZD36RPYGY,2025-06-30T13:16:40.185327051Z,01JZ0FBNEQDTRNKJSVXK2XHXY0,2025-06-30T13:16:40.185327051Z,01JZ0FHHX23ZVHNKQQRRSX500X,2025-06-30T13:16:40.185327051Z,01JZ0FHJ04NPGJKH5CT8RPAH6P,2025-06-30T13:16:40.185327051Z
01JZ0MM0FH6QEER0MP4XXCJ64E,01JZ0KZHFC2GEC175ZSKVHYGR2,2025-06-30T14:42:22.321793504Z,01JZ0KZHH6W8XDVC696R9C92DG,2025-06-30T14:42:22.321793504Z,01JZ0M1DADVFP84XH2E4QDPEBE,2025-06-30T14:42:22.321793504Z,01JZ0MCKB4R8PP1CGFDRV10VMX,2025-06-30T14:42:22.321793504Z,01JZ0MCKF3CF7JR83KC8BE4S9B,2025-06-30T14:42:22.321793504Z
01JZ0QZVBJW8MNA30HX0C3GB29,01JZ0QGE33ZWYV7A3256FYEZA6,2025-06-30T15:41:16.018173607Z,01JZ0QGE4MQBM7ZJEFVQMWJX02,2025-06-30T15:41:16.018173607Z,01JZ0QJ5V3C61DQXW1GQ026AYD,2025-06-30T15:41:16.018173607Z,01JZ0QT8D72WY9E0JR27EZFH9M,2025-06-30T15:41:16.018173607Z,01JZ0QT8JN5JZNQK35RJ316HD8,2025-06-30T15:41:16.018173607Z
01JZ0SVJCCNRK5DCG45Z0M4GZ4,01JZ0S9G3E1V9Y4W1M8GV3AGA9,2025-06-30T16:13:52.908129144Z,01JZ0S9GD9MABT2H3JKQDC0TB1,2025-06-30T16:13:52.908129144Z,01JZ0SPQA7VEEQ0Q5DK9RZENSP,2025-06-30T16:13:52.908129144Z,01JZ0SSG56XTAJ4MTPA3PZYF46,2025-06-30T16:13:52.908129144Z,01JZ0SSG9RPFYB4Q413TYRWAT1,2025-06-30T16:13:52.908129144Z
01JZ0FPK51G6QEZPW5QWBP0EH6,01JZ0F67X5J6SBR3095JZ2KKHQ,2025-06-30T13:16:24.097395177Z,01JZ0F67ZT8SK3RX0KMQXRZR64,2025-06-30T13:16:24.097395177Z,01JZ0FC8Z9KTZXYEEXV3M9TW6K,2025-06-30T13:16:24.097395177Z,01JZ0FH235VE50PMY57N3YDJG9,2025-06-30T13:16:24.097395177Z,01JZ0FH25ARAD2EE6K413AC2K1,2025-06-30T13:16:24.097395177Z
01JZ0HE156Z82G9CVK5H446MM3,01JZ0H1K4AG17CS34Z9G9MQYDS,2025-06-30T13:46:40.678656375Z,01JZ0H1K7FV78W73P31JXQYTKA,2025-06-30T13:46:40.678656375Z,01JZ0H42HREFCMBGJBTZGE91GN,2025-06-30T13:46:40.678656375Z,01JZ0HC59VR7BR28QM5T4X3DVY,2025-06-30T13:46:40.678656375Z,01JZ0HC5BQ6734HYWH2QRTC602,2025-06-30T13:46:40.678656375Z
01JZ0MHJT1JG92K4EJDC1W1MHK,01JZ0KZHFC2GEC175ZSKVHYGR2,2025-06-30T14:41:02.785549813Z,01JZ0KZHHH6W8J7M02JDFMAQF5,2025-06-30T14:41:02.785549813Z,01JZ0M0EWSF288X4NSN0YC4ARG,2025-06-30T14:41:02.785549813Z,01JZ0MA57ZMXQZENWKV3G54Z6K,2025-06-30T14:41:02.785549813Z,01JZ0MA5EYRHY6D5F7550YTYHZ,2025-06-30T14:41:02.785549813Z
01JZ0PVW0RDWEX3RQ28MRWZSJ3,01JZ0PDFE8X2A24VZSJDD0T2BH,2025-06-30T15:21:37.048828774Z,01JZ0PDFFH0EDR9F9CYFN0TQY3,2025-06-30T15:21:37.048828774Z,01JZ0PMBRB2ZJXD3FT9KV7JP4H,2025-06-30T15:21:37.048828774Z,01JZ0PVRG7Q9XH6WS9RGNQ3YX6,2025-06-30T15:21:37.048828774Z,01JZ0PVRP77E3NV7NX1BVSV22X,2025-06-30T15:21:37.048828774Z
01JZ0SQHCXDEHYDA014GKSAYAH,01JZ0S9G3E1V9Y4W1M8GV3AGA9,2025-06-30T16:11:40.829876956Z,01JZ0S9GBDE95BAEJ35DY3VGC4,2025-06-30T16:11:40.829876956Z,01JZ0SQ9PF520D4EJDE9FVG6JE,2025-06-30T16:11:40.829876956Z,01JZ0SQEAR8P2YM87JXPSY3S0C,2025-06-30T16:11:40.829876956Z,01JZ0SQEGZSES92G0BHJP07QJE,2025-06-30T16:11:40.829876956Z
01JZ0FR9ZECHM5M3G6DP5E0S7H,01JZ0F67X5J6SBR3095JZ2KKHQ,2025-06-30T13:17:20.238415762Z,01JZ0F67ZPF4121D8VQV580KT1,2025-06-30T13:17:20.238415762Z,01JZ0FAQ3J9KGVWM3HXCFYRT1K,2025-06-30T13:17:20.238415762Z,01JZ0FG9XDZRN3XPZCPT9HKVD6,2025-06-30T13:17:20.238415762Z,01JZ0FGA0MAJ37EVHGX9QJ548V,2025-06-30T13:17:20.238415762Z
01JZ0Q0REKBX7JX9YZ15YKDYJ8,01JZ0PDFE8X2A24VZSJDD0T2BH,2025-06-30T15:24:17.235213708Z,01JZ0PDFG0TZHQMJ413RSFKXP4,2025-06-30T15:24:17.235213708Z,01JZ0PFCW1JTREFZPJ0MEYDK57,2025-06-30T15:24:17.235213708Z,01JZ0PSB96A8RB1ZY4AX160WT7,2025-06-30T15:24:17.235213708Z,01JZ0PSBEF7W1M66Q2ZATJYP2J,2025-06-30T15:24:17.235213708Z
01JZ0QW5DT8YJX03PAJ3SZJH4M,01JZ0QGE33ZWYV7A3256FYEZA6,2025-06-30T15:39:15.25813856Z,01JZ0QGE4MQBM7ZJEFVQMWJX02,2025-06-30T15:39:15.25813856Z,01JZ0QM38JZ7CRCAE73CP91DA7,2025-06-30T15:39:15.25813856Z,01JZ0QT8D72WY9E0JR27EZFH9M,2025-06-30T15:39:15.25813856Z,01JZ0QT8HTHTW4QK8AXRWB0BPV,2025-06-30T15:39:15.25813856Z
01JZ0FPCN051PQ8Q78APHQ0QRG,01JZ0F67X5J6SBR3095JZ2KKHQ,2025-06-30T13:16:17.440319766Z,01JZ0F67ZEPC67VW242P0YYZAA,2025-06-30T13:16:17.440319766Z,01JZ0F92D7BTC36M9SAY11MMN5,2025-06-30T13:16:17.440319766Z,01JZ0FF15AHE88P0R0P51NTMAK,2025-06-30T13:16:17.440319766Z,01JZ0FF16X6T4NKTWJV4SZPBZJ,2025-06-30T13:16:17.440319766Z
01JZ0JYYWY7PSRB06QWT1FVM6N,01JZ0JJRG62BDVPN4H0KJ2XPWK,2025-06-30T14:13:23.998729788Z,01JZ0JJRK7MTN7FAC1224V82KC,2025-06-30T14:13:23.998729788Z,01JZ0JRRZWD6QKN20J001SKF6Q,2025-06-30T14:13:23.998729788Z,01JZ0JYWSMTN9F477ZHXCCB59Z,2025-06-30T14:13:23.998729788Z,01JZ0JYWYZ6Q7WZ6X1CBK7Y7D8,2025-06-30T14:13:23.998729788Z
01JZ0K4AP4B24X77VVGWJKZM7R,01JZ0JJRG62BDVPN4H0KJ2XPWK,2025-06-30T14:16:19.908960729Z,01JZ0JJRKVJXBJGVYTJ6TBMBFM,2025-06-30T14:16:19.908960729Z,01JZ0JRHPY82NWCJAKFRVZ7MTV,2025-06-30T14:16:19.908960729Z,01JZ0JW9GP4E6S48S0QQWC18YS,2025-06-30T14:16:19.908960729Z,01JZ0JW9P8QTKHS5TNYPXNDT68,2025-06-30T14:16:19.908960729Z
01JZ0PD4TMMBC6RJ7SC3GPTQXF,01JZ0NSN7EKS122Z238A4PF66D,2025-06-30T15:13:34.548451978Z,01JZ0NSNAYA5ZEAQVB789Y1XW2,2025-06-30T15:13:34.548451978Z,01JZ0NWGXG60XB5W2KSVNBRDCM,2025-06-30T15:13:34.548451978Z,01JZ0PB8CZS6M8SVA60NSTSB4W,2025-06-30T15:13:34.548451978Z,01JZ0PB8G159ZN2PJHSS9MHNRV,2025-06-30T15:13:34.548451978Z
01JZ0RNBEQNP3GVVYQYHJ2BGKA,01JZ0R44WS56B1WD5354KYAZ6V,2025-06-30T15:53:00.632025782Z,01JZ0R450A0M8Q4QC968ZVRS9H,2025-06-30T15:53:00.632025782Z,01JZ0RA66F3FBNJZBRD9WM83NA,2025-06-30T15:53:00.632025782Z,01JZ0RFNY7CAK7Q2XWPCT4A1FS,2025-06-30T15:53:00.632025782Z,01JZ0RFP82RB3G25B358MRPN2C,2025-06-30T15:53:00.632025782Z
01JZ0SYAEMZKREWJVK0KDKX5Z4,01JZ0S9G3E1V9Y4W1M8GV3AGA9,2025-06-30T16:15:23.092448762Z,01JZ0S9G7VJHRZZRV1KXAXAXSY,2025-06-30T16:15:23.092448762Z,01JZ0SFEC760TZW065ZBPCGFEK,2025-06-30T16:15:23.092448762Z,01JZ0SP4FYNVSR1Y0MSZTVTAK7,2025-06-30T16:15:23.092448762Z,01JZ0SP4VWCZKAZMP3V7AYSEPJ,2025-06-30T16:15:23.092448762Z
01JZ0FMHTBZ8HGB8BT79Q0092F,01JZ0F67X5J6SBR3095JZ2KKHQ,2025-06-30T13:15:17.195169352Z,01JZ0F67ZEPC67VW242P0YYZAA,2025-06-30T13:15:17.195169352Z,01JZ0F92D7BTC36M9SAY11MMN5,2025-06-30T13:15:17.195169352Z,01JZ0FF152BEQYSVW0DGQ8J2MY,2025-06-30T13:15:17.195169352Z,01JZ0FF16EY6W0Y9819NNFJ5AK,2025-06-30T13:15:17.195169352Z
01JZ0HB6YRJF9D47AV6ASESDMK,01JZ0H1K4AG17CS34Z9G9MQYDS,2025-06-30T13:45:08.312449452Z,01JZ0H1K7KVN4Q30DF0C4SZNQW,2025-06-30T13:45:08.312449452Z,01JZ0H3PNYN1MWQCF2QE837CM4,2025-06-30T13:45:08.312449452Z,01JZ0H9B6QJSN4ERPYEHH37CV2,2025-06-30T13:45:08.312449452Z,01JZ0H9B876E36HQ9MRHAW0HGM,2025-06-30T13:45:08.312449452Z
01JZ0JZAQQXESES6YH8QV26G8P,01JZ0JJRG62BDVPN4H0KJ2XPWK,2025-06-30T14:13:36.11986588Z,01JZ0JJRMQ32S1DDP8PZN3RKEA,2025-06-30T14:13:36.11986588Z,01JZ0JMGEDXX4BV44Z74MYK8RA,2025-06-30T14:13:36.11986588Z,01JZ0JSS78RK42Y17VNQFVPT1K,2025-06-30T14:13:36.11986588Z,01JZ0JSSA6YS5MYGZXV9CSTSFQ,2025-06-30T14:13:36.11986588Z
01JZ0K1VDVYBANXAG7TPQM18H7,01JZ0JJRG62BDVPN4H0KJ2XPWK,2025-06-30T14:14:58.747658314Z,01JZ0JJRKVJXBJGVYTJ6TBMBFM,2025-06-30T14:14:58.747658314Z,01JZ0JRQJFXEWFAWM7PWAPW35D,2025-06-30T14:14:58.747658314Z,01JZ0JW9G1715DA28FHK9V31XS,2025-06-30T14:14:58.747658314Z,01JZ0JW9KGW8AB7MX6GG82BSHN,2025-06-30T14:14:58.747658314Z
01JZ0K3PC0RFCYJY8PATPBAR3M,01JZ0JJRG62BDVPN4H0KJ2XPWK,2025-06-30T14:15:59.104903551Z,01JZ0JJRKVJXBJGVYTJ6TBMBFM,2025-06-30T14:15:59.104903551Z,01JZ0JT6RPMCT74P4JP8THD1T8,2025-06-30T14:15:59.104903551Z,01JZ0JW9GBP7GXSXKT2NGJ71C3,2025-06-30T14:15:59.104903551Z,01JZ0JW9MBD5NYGFTH764N0KK2,2025-06-30T14:15:59.104903551Z
01JZ0P9V63VDSY1CRW8RJGXD79,01JZ0NSN7EKS122Z238A4PF66D,2025-06-30T15:11:46.371609433Z,01JZ0NSNACQB6FV8GE0XS7JKF9,2025-06-30T15:11:46.371609433Z,01JZ0M79979MVE3M2PF579XFD7,2025-06-30T15:11:46.371609433Z,01JZ0P7YN1V2MR96D77PEXSMK2,2025-06-30T15:11:46.371609433Z,01JZ0P7YR1GKEJM57XS21BYM10,2025-06-30T15:11:46.371609433Z
01JZ0QTA80BBZV5HN3DVY9S13N,01JZ0QGE33ZWYV7A3256FYEZA6,2025-06-30T15:38:14.656420899Z,01JZ0QGE4MQBM7ZJEFVQMWJX02,2025-06-30T15:38:14.656420899Z,01JZ0QPKRJFVHW9J2EJ9HV7BB0,2025-06-30T15:38:14.656420899Z,01JZ0QT8CMSD5101S4Q6VABNRX,2025-06-30T15:38:14.656420899Z,01JZ0QT8G7WTJHYMBZ7MH7CA6P,2025-06-30T15:38:14.656420899Z
01JZ0STE36RM11Z5720Z2WYM7C,01JZ0S9G3E1V9Y4W1M8GV3AGA9,2025-06-30T16:13:15.750694751Z,01JZ0S9GCCCNBKT0N3T9B2PH95,2025-06-30T16:13:15.750694751Z,01JZ0SJRGQS35RAYEGQY664F9W,2025-06-30T16:13:15.750694751Z,01JZ0SRFZN1N49MKZCM7JQAT6Y,2025-06-30T16:13:15.750694751Z,01JZ0SRG6SPEV961C2A2QJNNEV,2025-06-30T16:13:15.750694751Z
01JZ0FRGWHP8GJMS3S4764044F,01JZ0F67X5J6SBR3095JZ2KKHQ,2025-06-30T13:17:27.313714154Z,01JZ0F67ZBCBNFH7W25EXNBXDS,2025-06-30T13:17:27.313714154Z,01JZ0FCSDW0BM8JYA02TAKKS7F,2025-06-30T13:17:27.313714154Z,01JZ0FMTH61B85RYBN11B94K2X,2025-06-30T13:17:27.313714154Z,01JZ0FMTJK8MT6FWXHF4X5Q4EJ,2025-06-30T13:17:27.313714154Z
01JZ0VE0WJJ60YBC7NP78JMZXK,01JZ0TXM4HA3Q8P6D6TPYYS7R3,2025-06-30T16:41:26.162395741Z,01JZ0TXMB9EHVXHHHV3J3SQY3A,2025-06-30T16:41:26.162395741Z,01JZ0V6D24J8EMX9VZ5TJX2AXC,2025-06-30T16:41:26.162395741Z,01JZ0VC1S39MS0B0H13TGRSYRF,2025-06-30T16:41:26.162395741Z,01JZ0VC23CRK1527800PPWN7VJ,2025-06-30T16:41:26.162395741Z
01JZ0FY2Y85YVJHHW1NRAPW846,01JZ0F67X5J6SBR3095JZ2KKHQ,2025-06-30T13:20:29.640504601Z,01JZ0F67Z8B8A42G6Y5XQ0NS83,2025-06-30T13:20:29.640504601Z,01JZ0FB65N9AA5DRTF3YEVRMGT,2025-06-30T13:20:29.640504601Z,01JZ0FW5GZ8NR8PVKBDD2P70TS,2025-06-30T13:20:29.640504601Z,01JZ0FW5QGFJPJFP15FA134F1G,2025-06-30T13:20:29.640504601Z
01JZ0HG1YKT53A4AS0GVTJ16G3,01JZ0H1K4AG17CS34Z9G9MQYDS,2025-06-30T13:47:47.027418497Z,01JZ0H1K78HDDW9F2WM1P8VZMN,2025-06-30T13:47:47.027418497Z,01JZ0H45MHCSY2Q70D0QH5HSR8,2025-06-30T13:47:47.027418497Z,01JZ0HAGSF134DXMQJAXEF8DCZ,2025-06-30T13:47:47.027418497Z,01JZ0HAGVF39FFXQR2BKWVDE2J,2025-06-30T13:47:47.027418497Z
01JZ0JZAR806S4B5X463Z4BE9Z,01JZ0JJRG62BDVPN4H0KJ2XPWK,2025-06-30T14:13:36.136196202Z,01JZ0JJRMQ32S1DDP8PZN3RKEA,2025-06-30T14:13:36.136196202Z,01JZ0JMMQB7PV7562FFEM02FS7,2025-06-30T14:13:36.136196202Z,01JZ0JSS78RK42Y17VNQFVPT1K,2025-06-30T14:13:36.136196202Z,01JZ0JSSA6YS5MYGZXV9CSTSFQ,2025-06-30T14:13:36.136196202Z
01JZ0K6YK5421E8A5ATP5QQRQZ,01JZ0JJRG62BDVPN4H0KJ2XPWK,2025-06-30T14:17:45.829399231Z,01JZ0JJRK7MTN7FAC1224V82KC,2025-06-30T14:17:45.829399231Z,01JZ0JMRZCYKKS11NMJE3Z1M2V,2025-06-30T14:17:45.829399231Z,01JZ0JYWVTXPY8CS9SR9JSTC6V,2025-06-30T14:17:45.829399231Z,01JZ0JYX6SNECJWP52GNYNHB4Y,2025-06-30T14:17:45.829399231Z
01JZ0QDMCJ3537ZPTN7Z8QBJ51,01JZ0Q0CTMMAVY329HW6Z84SYY,2025-06-30T15:31:19.058754504Z,01JZ0Q0CWNKJYDS4SW61Q7VTQN,2025-06-30T15:31:19.058754504Z,01JZ0Q1P5DS31PBEBVW5ZRAMYJ,2025-06-30T15:31:19.058754504Z,01JZ0Q80XG0NQQZWZ0ZS4K2WB4,2025-06-30T15:31:19.058754504Z,01JZ0Q811XN0VZA1MBFTPHFPNF,2025-06-30T15:31:19.058754504Z
01JZ0T0MH4T8YW4K7RSKN6ABP3,01JZ0S9G3E1V9Y4W1M8GV3AGA9,2025-06-30T16:16:38.94892982Z,01JZ0S9GCCCNBKT0N3T9B2PH95,2025-06-30T16:16:38.94892982Z,01JZ0SRC6GQQ036ZGEMABTCRWZ,2025-06-30T16:16:38.94892982Z,01JZ0SRG1SNDH72X9841MMMF4J,2025-06-30T16:16:38.94892982Z,01JZ0SRGFHKAM8XV3T6WQEFP39,2025-06-30T16:16:38.94892982Z
01JZ0VGVMEY049H13Q6KCDNC3C,01JZ0TXM4HA3Q8P6D6TPYYS7R3,2025-06-30T16:42:59.086098433Z,01JZ0TXM7C18DJWS688K2WH576,2025-06-30T16:42:59.086098433Z,01JZ0V2DYNG9H8Y855B84GV7Y8,2025-06-30T16:42:59.086098433Z,01JZ0V8ZVHBE61NZNXKJNKMVA1,2025-06-30T16:42:59.086098433Z,01JZ0V906XKJVFSX4NXN5VSYJB,2025-06-30T16:42:59.086098433Z
01JZ0FKTEGMTSW8NNJ55C142AA,01JZ0F67X5J6SBR3095JZ2KKHQ,2025-06-30T13:14:53.264827144Z,01JZ0F67Z745P2890BJ7Q88E3R,2025-06-30T13:14:53.264827144Z,01JZ0FC56QHHEXNXG28RA69XDS,2025-06-30T13:14:53.264827144Z,01JZ0FHYT9MR26XHFRG86H7E34,2025-06-30T13:14:53.264827144Z,01JZ0FHYVK77GVMYV13V3F359H,2025-06-30T13:14:53.264827144Z
01JZ0FRXRW5KS7T1NF0EX5EGNZ,01JZ0F67X5J6SBR3095JZ2KKHQ,2025-06-30T13:17:40.508545871Z,01JZ0F67Z61XNM528ZD36RPYGY,2025-06-30T13:17:40.508545871Z,01JZ0FBEYY00A3WRMWXSKTBJNC,2025-06-30T13:17:40.508545871Z,01JZ0FHHXX3GHZ77DRFBSQM09C,2025-06-30T13:17:40.508545871Z,01JZ0FHJ0NEHH9G49WX566K78G,2025-06-30T13:17:40.508545871Z
01JZ0FT11VA0EV013YFCSYQJE6,01JZ0F67X5J6SBR3095JZ2KKHQ,2025-06-30T13:18:16.635908787Z,01JZ0F67Z745P2890BJ7Q88E3R,2025-06-30T13:18:16.635908787Z,01JZ0FAQ5BESSRJ4RCV3JDZV7P,2025-06-30T13:18:16.635908787Z,01JZ0FHYSYJQMTKEVNFTKJ5XVW,2025-06-30T13:18:16.635908787Z,01JZ0FHYXNEX17F597VBZ4TX30,2025-06-30T13:18:16.635908787Z
01JZ0QFF7PTK2M523KQZ144F8H,01JZ0Q0CTMMAVY329HW6Z84SYY,2025-06-30T15:32:19.318722676Z,01JZ0Q0CX32Y5M8NZMVY0C598C,2025-06-30T15:32:19.318722676Z,01JZ0QBZWYQ3QPQ15CPJ83RQEA,2025-06-30T15:32:19.318722676Z,01JZ0QDJJNPEJ5YZK89YN764ZV,2025-06-30T15:32:19.318722676Z,01JZ0QDJMX8YN2FJ0XBPVCQTTS,2025-06-30T15:32:19.318722676Z
01JZ0RDNPASTRVDTG050P1JMR2,01JZ0R44WS56B1WD5354KYAZ6V,2025-06-30T15:48:48.970531368Z,01JZ0R44YD4TQ1QQVW9H1W0WBF,2025-06-30T15:48:48.970531368Z,01JZ0R657BB3E0BHJE1YNP9JA7,2025-06-30T15:48:48.970531368Z,01JZ0RDJ0XXCM980RFX0R86PD9,2025-06-30T15:48:48.970531368Z,01JZ0RDJDBM72ZH89Y5NBGW57F,2025-06-30T15:48:48.970531368Z
01JZ0FQVJAN78FGJXT3Y6GH2B5,01JZ0F67X5J6SBR3095JZ2KKHQ,2025-06-30T13:17:05.482582787Z,01JZ0F67ZFPZEHV6BKFXQYDXZZ,2025-06-30T13:17:05.482582787Z,01JZ0FBJ9NFFKS2CKGHWFB4VM8,2025-06-30T13:17:05.482582787Z,01JZ0FG2SQ8Q4XBS92Y2AR51EP,2025-06-30T13:17:05.482582787Z,01JZ0FG2ZT9WG9PX7TSK94NDVN,2025-06-30T13:17:05.482582787Z
01JZ0HCCG3J168RPYYH19VGT3Z,01JZ0H1K4AG17CS34Z9G9MQYDS,2025-06-30T13:45:46.755066471Z,01JZ0H1K78HDDW9F2WM1P8VZMN,2025-06-30T13:45:46.755066471Z,01JZ0H45MHCSY2Q70D0QH5HSR8,2025-06-30T13:45:46.755066471Z,01JZ0HAGSF134DXMQJAXEF8DCZ,2025-06-30T13:45:46.755066471Z,01JZ0HAGV24QCEKDTHBMED66MS,2025-06-30T13:45:46.755066471Z
01JZ0HVBXQY3VDKWTKZDTREDBK,01JZ0H1K4AG17CS34Z9G9MQYDS,2025-06-30T13:53:57.68760595Z,01JZ0H1K72P9WWMQFG7ACVRNHM,2025-06-30T13:53:57.68760595Z,01JZ0H8K2CDF6MZFYJA1D8AYDZ,2025-06-30T13:53:57.68760595Z,01JZ0HKZ29E8N7W3H1PM11VNZX,2025-06-30T13:53:57.68760595Z,01JZ0HKZ6H5ZK4GHV2BMPSZA9Q,2025-06-30T13:53:57.68760595Z
01JZ0K0BF1WBX81BS1ES1E22XJ,01JZ0JJRG62BDVPN4H0KJ2XPWK,2025-06-30T14:14:09.633359049Z,01JZ0JJRM7K0MBX3MKCVTKC5NR,2025-06-30T14:14:09.633359049Z,01JZ0JN7RSB9BF97M9JFFC8QWA,2025-06-30T14:14:09.633359049Z,01JZ0K098DXTDH1VCTKYXKPC0C,2025-06-30T14:14:09.633359049Z,01JZ0K09BR2ER5JHDCND4CZ7NM,2025-06-30T14:14:09.633359049Z
01JZ0RDW2ZG4GF4MHDZFSN8MBV,01JZ0R44WS56B1WD5354KYAZ6V,2025-06-30T15:48:55.519972376Z,01JZ0R44ZMT5HYXWVABB60AH0G,2025-06-30T15:48:55.519972376Z,01JZ0R6DY0PYZTQ6QXN5D3091D,2025-06-30T15:48:55.519972376Z,01JZ0RDSARBR93RXQPV6J6CPZJ,2025-06-30T15:48:55.519972376Z,01JZ0RDSF4EXE0C2492C29ZXYS,2025-06-30T15:48:55.519972376Z
01JZ0RN45MAGT1V6TPV44WQE1C,01JZ0R44WS56B1WD5354KYAZ6V,2025-06-30T15:52:53.172504442Z,01JZ0R44YW0T94WKHD2ZAT9VPC,2025-06-30T15:52:53.172504442Z,01JZ0RA7ZVQK012EEC40XNGWC7,2025-06-30T15:52:53.172504442Z,01JZ0RCZ7XV6VK940BWEQH2TS7,2025-06-30T15:52:53.172504442Z,01JZ0RCZPD9WDAGAARRMDWB95V,2025-06-30T15:52:53.172504442Z
01JZ0SVRYS3E66WDE8TGXZF0V6,01JZ0S9G3E1V9Y4W1M8GV3AGA9,2025-06-30T16:13:59.64109532Z,01JZ0S9G7VJHRZZRV1KXAXAXSY,2025-06-30T16:13:59.64109532Z,01JZ0SEEBH5P45502W37V2YJK1,2025-06-30T16:13:59.64109532Z,01JZ0SP48F3VDFFJ0GMG3AQPDM,2025-06-30T16:13:59.64109532Z,01JZ0SP4NN2MFH79TTREKW3RP5,2025-06-30T16:13:59.64109532Z
01JZ0SYAMBR60MJQ2PYN5QSA2G,01JZ0S9G3E1V9Y4W1M8GV3AGA9,2025-06-30T16:15:23.275813689Z,01JZ0S9G7VJHRZZRV1KXAXAXSY,2025-06-30T16:15:23.275813689Z,01JZ0SHSYCA0N91MC48RJ4Q13V,2025-06-30T16:15:23.275813689Z,01JZ0SP4FYNVSR1Y0MSZTVTAK7,2025-06-30T16:15:23.275813689Z,01JZ0SP4VWCZKAZMP3V7AYSEPJ,2025-06-30T16:15:23.275813689Z
01JZ0FSYMWX51WWJ32XEA6H2HD,01JZ0F67X5J6SBR3095JZ2KKHQ,2025-06-30T13:18:14.172624962Z,01JZ0F67ZGT4J2NC89JRSKF93F,2025-06-30T13:18:14.172624962Z,01JZ0FBDHDTMS687HV4CDN8T2G,2025-06-30T13:18:14.172624962Z,01JZ0FHY0W4D6VMKGANP7KWT5F,2025-06-30T13:18:14.172624962Z,01JZ0FHY479H793YJVYZ4W2H83,2025-06-30T13:18:14.172624962Z
01JZ0R2BV8AQWAYTZ83W9F397E,01JZ0QGE33ZWYV7A3256FYEZA6,2025-06-30T15:42:38.440365632Z,01JZ0QGE4MQBM7ZJEFVQMWJX02,2025-06-30T15:42:38.440365632Z,01JZ0QJ5V3C61DQXW1GQ026AYD,2025-06-30T15:42:38.440365632Z,01JZ0QT8EVWQAQJSS0H6BE6YX3,2025-06-30T15:42:38.440365632Z,01JZ0QT8Q75XT8VEPMTC9KPYT6,2025-06-30T15:42:38.440365632Z
01JZ0FQ0MRWQ3VWK1V3MZE7859,01JZ0F67X5J6SBR3095JZ2KKHQ,2025-06-30T13:16:37.912489022Z,01JZ0F67ZEPC67VW242P0YYZAA,2025-06-30T13:16:37.912489022Z,01JZ0FB5NM2PBQFGSVXVEDAQ5Y,2025-06-30T13:16:37.912489022Z,01JZ0FF15E71ENN4G6Z16M19W3,2025-06-30T13:16:37.912489022Z,01JZ0FF17XY1JBBGEQ9GM57GP8,2025-06-30T13:16:37.912489022Z
01JZ0FNTX5KT112QC7PQD2B027,01JZ0F67X5J6SBR3095JZ2KKHQ,2025-06-30T13:15:59.269134917Z,01JZ0F67ZPF4121D8VQV580KT1,2025-06-30T13:15:59.269134917Z,01JZ0FB771X9NXKNJD45VGGVHG,2025-06-30T13:15:59.269134917Z,01JZ0FG9XR3ADT6FD51B6EJHQB,2025-06-30T13:15:59.269134917Z,01JZ0FG9Z2DZDGC60HDDV09A4A,2025-06-30T13:15:59.269134917Z
01JZ0K1T4E5MY24FG6388MYGFX,01JZ0JJRG62BDVPN4H0KJ2XPWK,2025-06-30T14:14:57.422857127Z,01JZ0JJRMQ32S1DDP8PZN3RKEA,2025-06-30T14:14:57.422857127Z,01JZ0JMMQB7PV7562FFEM02FS7,2025-06-30T14:14:57.422857127Z,01JZ0JSS81X5CC670C1ANK4RPK,2025-06-30T14:14:57.422857127Z,01JZ0JSSDC0HRNT5M54134XJAC,2025-06-30T14:14:57.422857127Z
01JZ0KAZASKPYNJFWADXAF92VB,01JZ0JJRG62BDVPN4H0KJ2XPWK,2025-06-30T14:19:57.657342258Z,01JZ0JJRMFBKARHHQY8ZXKDX2Q,2025-06-30T14:19:57.657342258Z,01JZ0JMNJCQ4JP233PQTACYGEQ,2025-06-30T14:19:57.657342258Z,01JZ0K2YF7778KQ4YKNN0MRG3Q,2025-06-30T14:19:57.657342258Z,01JZ0K2YMWED0SR563EGS70F1J,2025-06-30T14:19:57.657342258Z
01JZ0PCBSHAHWH2HETCJ4D37D4,01JZ0NSN7EKS122Z238A4PF66D,2025-06-30T15:13:08.913323838Z,01JZ0NSNC1W3B8HBKV7A156B13,2025-06-30T15:13:08.913323838Z,01JZ0NTCE2X78Q76YGQBCA3DW3,2025-06-30T15:13:08.913323838Z,01JZ0P49DXHNBVFYTYSBHGV2EW,2025-06-30T15:13:08.913323838Z,01JZ0P49ZFWQ1FQ6RF2WGSDWVN,2025-06-30T15:13:08.913323838Z
01JZ0RNBG8M57EYNDRK93JFWMZ,01JZ0R44WS56B1WD5354KYAZ6V,2025-06-30T15:53:00.680139414Z,01JZ0R450A0M8Q4QC968ZVRS9H,2025-06-30T15:53:00.680139414Z,01JZ0RC5VA1XYK8MB53Q5K9XJR,2025-06-30T15:53:00.680139414Z,01JZ0RFNY7CAK7Q2XWPCT4A1FS,2025-06-30T15:53:00.680139414Z,01JZ0RFP82RB3G25B358MRPN2C,2025-06-30T15:53:00.680139414Z
01JZ0FHZPACW2F5S2VPFZ3KG5Q,01JZ0F67X5J6SBR3095JZ2KKHQ,2025-06-30T13:13:53.099003691Z,01JZ0F67ZFPZEHV6BKFXQYDXZZ,2025-06-30T13:13:53.099003691Z,01JZ0FBJ9NFFKS2CKGHWFB4VM8,2025-06-30T13:13:53.099003691Z,01JZ0FG2TMDGKK0EJR14EYFE7R,2025-06-30T13:13:53.099003691Z,01JZ0FG2WKCNBTV5Q0CKZSESVN,2025-06-30T13:13:53.099003691Z
01JZ0HQNXJY8RFVPDJKD172EVX,01JZ0H1K4AG17CS34Z9G9MQYDS,2025-06-30T13:51:56.850421587Z,01JZ0H1K72P9WWMQFG7ACVRNHM,2025-06-30T13:51:56.850421587Z,01JZ0H8K2CDF6MZFYJA1D8AYDZ,2025-06-30T13:51:56.850421587Z,01JZ0HKZ2G50KS7CBCD3M87YFZ,2025-06-30T13:51:56.850421587Z,01JZ0HKZ54PQ7DGBPD2DVHEXWT,2025-06-30T13:51:56.850421587Z
01JZ0K6ST9BXQX6GVJMJPY3F8Y,01JZ0JJRG62BDVPN4H0KJ2XPWK,2025-06-30T14:17:40.937337437Z,01JZ0JJRKH7XD764W2MEEG7PFH,2025-06-30T14:17:40.937337437Z,01JZ0JRQKJWMM7DD21YR6CR4TA,2025-06-30T14:17:40.937337437Z,01JZ0JZD8JXKMQQW9WMSBKBY23,2025-06-30T14:17:40.937337437Z,01JZ0JZDBZ99Q253HVMEA4FN37,2025-06-30T14:17:40.937337437Z
01JZ0FG3QQ98K8SD2D86449XZT,01JZ0F67X5J6SBR3095JZ2KKHQ,2025-06-30T13:12:51.710295069Z,01JZ0F67ZFPZEHV6BKFXQYDXZZ,2025-06-30T13:12:51.710295069Z,01JZ0FBS7JDEVVPEXEYNA1T4RE,2025-06-30T13:12:51.710295069Z,01JZ0FG2S8VS3GN3R2QA2DBY2M,2025-06-30T13:12:51.710295069Z,01JZ0FG2VGJ345VW7BYMGJ3WX3,2025-06-30T13:12:51.710295069Z
01JZ0PB9V3PA1CCCMPCQP4Y4GZ,01JZ0NSN7EKS122Z238A4PF66D,2025-06-30T15:12:34.147385929Z,01JZ0NSNAYA5ZEAQVB789Y1XW2,2025-06-30T15:12:34.147385929Z,01JZ0P3C0GV76R4Z93PBZWXXD7,2025-06-30T15:12:34.147385929Z,01JZ0PB8CMVAWA24GJAJ3TEEVT,2025-06-30T15:12:34.147385929Z,01JZ0PB8ENEC1792JZB5SJ8VDM,2025-06-30T15:12:34.147385929Z
01JZ0PBQEPR693QBKHXYJDMGX1,01JZ0NSN7EKS122Z238A4PF66D,2025-06-30T15:12:48.086501157Z,01JZ0NSNC1W3B8HBKV7A156B13,2025-06-30T15:12:48.086501157Z,01JZ0NZGH00DARNW9BBY2QG8YW,2025-06-30T15:12:48.086501157Z,01JZ0P49ERX83B05T3Z47XKS9Z,2025-06-30T15:12:48.086501157Z,01JZ0P49S77DMCC57MVG8D33TE,2025-06-30T15:12:48.086501157Z
01JZ0VEAVG318VCRZVXZA4NQ73,01JZ0TXM4HA3Q8P6D6TPYYS7R3,2025-06-30T16:41:36.368743218Z,01JZ0TXMAAZJ4VJWA2WTVHG174,2025-06-30T16:41:36.368743218Z,01JZ0TZ9J5J0A4G7Q03RBYFE9P,2025-06-30T16:41:36.368743218Z,01JZ0V8M85MMPYBMHW7JFE9Q9Z,2025-06-30T16:41:36.368743218Z,01JZ0V8MF2WN08NA8Y09ZH2S8Q,2025-06-30T16:41:36.368743218Z
01JZ0FN8WGJNRMQMEB87FSXN0F,01JZ0F67X5J6SBR3095JZ2KKHQ,2025-06-30T13:15:40.81635945Z,01JZ0F67ZJJG6P50PFSVWKXYA5,2025-06-30T13:15:40.81635945Z,01JZ0FD9MGR1NQWZH14DZSCF74,2025-06-30T13:15:40.81635945Z,01JZ0FHJQ8D0RWN5BCAZ63DASG,2025-06-30T13:15:40.81635945Z,01JZ0FHJS7XTH01ZN6PC7Y1FGW,2025-06-30T13:15:40.81635945Z
01JZ0HN4EK6HXXVK8NFYR1F38K,01JZ0H1K4AG17CS34Z9G9MQYDS,2025-06-30T13:50:33.427655832Z,01JZ0H1K706F68YJ8PB50DJAH3,2025-06-30T13:50:33.427655832Z,01JZ0HD6YGD591QW3T9DNTT5JC,2025-06-30T13:50:33.427655832Z,01JZ0HDDQMTC6TEXBWB6J1ED7W,2025-06-30T13:50:33.427655832Z,01JZ0HDDVAWGE20SAPB508Z87D,2025-06-30T13:50:33.427655832Z
01JZ0K15N3CRKC7K3SBDRRPAF8,01JZ0JJRG62BDVPN4H0KJ2XPWK,2025-06-30T14:14:36.451975146Z,01JZ0JJRMQ32S1DDP8PZN3RKEA,2025-06-30T14:14:36.451975146Z,01JZ0JMGEDXX4BV44Z74MYK8RA,2025-06-30T14:14:36.451975146Z,01JZ0JSS70VYGPC0KK37CPRG9X,2025-06-30T14:14:36.451975146Z,01JZ0JSSBR19NJEKZ80M9D66SK,2025-06-30T14:14:36.451975146Z
01JZ0K7E8B9C7B0G4DW1HP4PQM,01JZ0JJRG62BDVPN4H0KJ2XPWK,2025-06-30T14:18:01.867701526Z,01JZ0JJRKH7XD764W2MEEG7PFH,2025-06-30T14:18:01.867701526Z,01JZ0JR8TNC3BX4SGFJ6K8AMXM,2025-06-30T14:18:01.867701526Z,01JZ0JZD82PEVW1DBV6P33JE86,2025-06-30T14:18:01.867701526Z,01JZ0JZDE509T5H73252X8C6PE,2025-06-30T14:18:01.867701526Z
01JZ0MM0F8H1M1NZGJN8J6GQVQ,01JZ0KZHFC2GEC175ZSKVHYGR2,2025-06-30T14:42:22.312516844Z,01JZ0KZHH6W8XDVC696R9C92DG,2025-06-30T14:42:22.312516844Z,01JZ0M20DM4T4V1KVQ5EQ5SJCQ,2025-06-30T14:42:22.312516844Z,01JZ0MCKB4R8PP1CGFDRV10VMX,2025-06-30T14:42:22.312516844Z,01JZ0MCKF3CF7JR83KC8BE4S9B,2025-06-30T14:42:22.312516844Z
01JZ0NZ7TPMYMQP8N0X2KHV4AZ,01JZ0N9PMZHSN31DAQRPMDQCYE,2025-06-30T15:05:58.870184508Z,01JZ0N9PPX2EBNCBEJCH5EHX43,2025-06-30T15:05:58.870184508Z,01JZ0NQ3C4VN4SR6B2B3YFZF4P,2025-06-30T15:05:58.870184508Z,01JZ0NQ6BKKRWGKT10550Q22C5,2025-06-30T15:05:58.870184508Z,01JZ0NQ6GSWK8Y4NTPJ5M0YS33,2025-06-30T15:05:58.870184508Z
01JZ0TRF9ASQWZJCZKBYW782Q2,01JZ0T594M7DT83RJMYEJDT186,2025-06-30T16:29:40.010975677Z,01JZ0T59780CP4Z1F2CEHFDNAC,2025-06-30T16:29:40.010975677Z,01JZ0T6HG4Z9MM9B64YAZ61PAA,2025-06-30T16:29:40.010975677Z,01JZ0TGXBQRYKR99NPGW0FQKYD,2025-06-30T16:29:40.010975677Z,01JZ0TGXNT7B9NJ6FS9VB0NWWY,2025-06-30T16:29:40.010975677Z
01JZ0VJ4AA6RZEEYVQDQE5NW3F,01JZ0TXM4HA3Q8P6D6TPYYS7R3,2025-06-30T16:43:40.746733956Z,01JZ0TXM9G1YQW4PKWAZEHBP4X,2025-06-30T16:43:40.746733956Z,01JZ0V898AG8ABR4XHNVSDEQYC,2025-06-30T16:43:40.746733956Z,01JZ0VA39HPKW8MX9NV5NCWW3N,2025-06-30T16:43:40.746733956Z,01JZ0VA3MM8S4F5FMQCEB2X88S,2025-06-30T16:43:40.746733956Z
01JZ0FQ0NEF2VS3WJZ8AFQC8SY,01JZ0F67X5J6SBR3095JZ2KKHQ,2025-06-30T13:16:37.934250961Z,01JZ0F67ZEPC67VW242P0YYZAA,2025-06-30T13:16:37.934250961Z,01JZ0F92D7BTC36M9SAY11MMN5,2025-06-30T13:16:37.934250961Z,01JZ0FF15E71ENN4G6Z16M19W3,2025-06-30T13:16:37.934250961Z,01JZ0FF17XY1JBBGEQ9GM57GP8,2025-06-30T13:16:37.934250961Z
01JZ0K8G1Z03TPTZWVV5ET4WFY,01JZ0JJRG62BDVPN4H0KJ2XPWK,2025-06-30T14:18:36.479032614Z,01JZ0JJRMFBKARHHQY8ZXKDX2Q,2025-06-30T14:18:36.479032614Z,01JZ0JMNJCQ4JP233PQTACYGEQ,2025-06-30T14:18:36.479032614Z,01JZ0K2YERTFQAJEQ3WTQCHG83,2025-06-30T14:18:36.479032614Z,01JZ0K2YHT5WE07G9WFYRWEWTG,2025-06-30T14:18:36.479032614Z
01JZ0MAQCDRRR1PGVE9NZA3WKR,01JZ0KZHFC2GEC175ZSKVHYGR2,2025-06-30T14:37:18.093553712Z,01JZ0KZHGK1V8ZC0AXDBXBYAX9,2025-06-30T14:37:18.093553712Z,01JZ0M2WM0HPMZRZ9HANZSA6QH,2025-06-30T14:37:18.093553712Z,01JZ0M8V6QTQ2XMY7H3K1D6P3H,2025-06-30T14:37:18.093553712Z,01JZ0M8V9B8GNP5G24AABGPAB2,2025-06-30T14:37:18.093553712Z
01JZ0Q1CY8VBC7E5KX9CZ44NY5,01JZ0PDFE8X2A24VZSJDD0T2BH,2025-06-30T15:24:38.216136076Z,01JZ0PDFFH0EDR9F9CYFN0TQY3,2025-06-30T15:24:38.216136076Z,01JZ0PMBRB2ZJXD3FT9KV7JP4H,2025-06-30T15:24:38.216136076Z,01JZ0PVRKCVAZGVD5GK5DEWP0E,2025-06-30T15:24:38.216136076Z,01JZ0PVRV8VQ6JWJ93GT9BV6F7,2025-06-30T15:24:38.216136076Z
01JZ0SR2Y8XRV8W95T9NGCAKEZ,01JZ0S9G3E1V9Y4W1M8GV3AGA9,2025-06-30T16:11:58.792897868Z,01JZ0S9G7VJHRZZRV1KXAXAXSY,2025-06-30T16:11:58.792897868Z,01JZ0SF42D6EB959CKE7M0PGAZ,2025-06-30T16:11:58.792897868Z,01JZ0SP48F3VDFFJ0GMG3AQPDM,2025-06-30T16:11:58.792897868Z,01JZ0SP4M6CB89J2SW0981SPWN,2025-06-30T16:11:58.792897868Z
01JZ0HG1XNMWB1XZ3VVAADZW1A,01JZ0H1K4AG17CS34Z9G9MQYDS,2025-06-30T13:47:46.998475158Z,01JZ0H1K78HDDW9F2WM1P8VZMN,2025-06-30T13:47:46.998475158Z,01JZ0H3DD6JF5G5S76TR0MC0NN,2025-06-30T13:47:46.998475158Z,01JZ0HAGSF134DXMQJAXEF8DCZ,2025-06-30T13:47:46.998475158Z,01JZ0HAGVF39FFXQR2BKWVDE2J,2025-06-30T13:47:46.998475158Z
01JZ0FPCMEZC91N2P7SXG6QJGH,01JZ0F67X5J6SBR3095JZ2KKHQ,2025-06-30T13:16:17.422721973Z,01JZ0F67ZEPC67VW242P0YYZAA,2025-06-30T13:16:17.422721973Z,01JZ0FADP9EKGDX636W54K492Z,2025-06-30T13:16:17.422721973Z,01JZ0FF15AHE88P0R0P51NTMAK,2025-06-30T13:16:17.422721973Z,01JZ0FF16X6T4NKTWJV4SZPBZJ,2025-06-30T13:16:17.422721973Z
01JZ0FSXMDD8170E74GK7F93CR,01JZ0F67X5J6SBR3095JZ2KKHQ,2025-06-30T13:18:13.133386374Z,01JZ0F67Z228X9RHKVM8F1277D,2025-06-30T13:18:13.133386374Z,01JZ0FB43V6RX3WM4ZEX4SH8M0,2025-06-30T13:18:13.133386374Z,01JZ0FJ6PPRQHQXM29K4MXDKK9,2025-06-30T13:18:13.133386374Z,01JZ0FJ6VNCMHN20WKFYSF8WFV,2025-06-30T13:18:13.133386374Z
01JZ0K1FX6VQ4TXVHT1XR63SEE,01JZ0JJRG62BDVPN4H0KJ2XPWK,2025-06-30T14:14:46.950517471Z,01JZ0JJRMQ32S1DDP8PZN3RKEA,2025-06-30T14:14:46.950517471Z,01JZ0JMMQB7PV7562FFEM02FS7,2025-06-30T14:14:46.950517471Z,01JZ0JSS7F1SY9KH4T6BDQJZ40,2025-06-30T14:14:46.950517471Z,01JZ0JSSCGD88B8037MSEJ42PW,2025-06-30T14:14:46.950517471Z
01JZ0K4YST3P7VWJDAPZR3E6FC,01JZ0JJRG62BDVPN4H0KJ2XPWK,2025-06-30T14:16:40.506595183Z,01JZ0JJRKH7XD764W2MEEG7PFH,2025-06-30T14:16:40.506595183Z,01JZ0JNPB8GHT0X464XPMVEBH9,2025-06-30T14:16:40.506595183Z,01JZ0JZD8STSHTGJ2FBE9QM7PE,2025-06-30T14:16:40.506595183Z,01JZ0JZDB5VWYNWFMPX9PBJ51N,2025-06-30T14:16:40.506595183Z
01JZ0QFF8YPW303EG00X7ABWKP,01JZ0Q0CTMMAVY329HW6Z84SYY,2025-06-30T15:32:19.358816757Z,01JZ0Q0CX32Y5M8NZMVY0C598C,2025-06-30T15:32:19.358816757Z,01JZ0Q37ZE5E8WW1TTY1J69H1X,2025-06-30T15:32:19.358816757Z,01JZ0QDJJNPEJ5YZK89YN764ZV,2025-06-30T15:32:19.358816757Z,01JZ0QDJMX8YN2FJ0XBPVCQTTS,2025-06-30T15:32:19.358816757Z
01JZ0FNPBKSG5FG3APA4AGBH2R,01JZ0F67X5J6SBR3095JZ2KKHQ,2025-06-30T13:15:54.611131418Z,01JZ0F67Z745P2890BJ7Q88E3R,2025-06-30T13:15:54.611131418Z,01JZ0FHWBY15ET9EK8R00P9WW1,2025-06-30T13:15:54.611131418Z,01JZ0FHYT9MR26XHFRG86H7E34,2025-06-30T13:15:54.611131418Z,01JZ0FHYVNQMTVPP2CJQ2QXTV9,2025-06-30T13:15:54.611131418Z
01JZ0HJWMZS17AM7YQMR07ND1A,01JZ0H1K4AG17CS34Z9G9MQYDS,2025-06-30T13:49:19.903706997Z,01JZ0H1K7HVYD71R3W6V80C6V1,2025-06-30T13:49:19.903706997Z,01JZ0H5PHBAB5MFCHKQNJGE7KV,2025-06-30T13:49:19.903706997Z,01JZ0HAVSGGJ05CSD8WW5JNDPV,2025-06-30T13:49:19.903706997Z,01JZ0HAVXW79B59Y8FMQKBPQJ9,2025-06-30T13:49:19.903706997Z
01JZ0MEFV9JWYW2EF2E5RP1CNH,01JZ0KZHFC2GEC175ZSKVHYGR2,2025-06-30T14:39:21.449046045Z,01JZ0KZHH6W8XDVC696R9C92DG,2025-06-30T14:39:21.449046045Z,01JZ0M3AJTJTBWN32ZGK0JDM10,2025-06-30T14:39:21.449046045Z,01JZ0MCKBEDXBCTH25HMPCZETY,2025-06-30T14:39:21.449046045Z,01JZ0MCKDNRQKYA7DKMPVXP5T4,2025-06-30T14:39:21.449046045Z
01JZ0NV7XZX35JZ4TSW14309EM,01JZ0N9PMZHSN31DAQRPMDQCYE,2025-06-30T15:03:47.903509103Z,01JZ0N9PQHD06TCBXAQZTT3H76,2025-06-30T15:03:47.903509103Z,01JZ0NGFD8Q625CBVC4SGN58J1,2025-06-30T15:03:47.903509103Z,01JZ0NKT4CZJGYEE5ATJPQFVGM,2025-06-30T15:03:47.903509103Z,01JZ0NKT8HKQ92N9PQNZCYE7Z5,2025-06-30T15:03:47.903509103Z
01JZ0NZ7WC5HMPE52FJ41Q3HBB,01JZ0N9PMZHSN31DAQRPMDQCYE,2025-06-30T15:05:58.925048415Z,01JZ0N9PPX2EBNCBEJCH5EHX43,2025-06-30T15:05:58.925048415Z,01JZ0NEK75CC9CPVP2CHZ4QJ84,2025-06-30T15:05:58.925048415Z,01JZ0NQ6BKKRWGKT10550Q22C5,2025-06-30T15:05:58.925048415Z,01JZ0NQ6GSWK8Y4NTPJ5M0YS33,2025-06-30T15:05:58.925048415Z
01JZ0PSCSRAZ8CEVDPQZYS1Y11,01JZ0PDFE8X2A24VZSJDD0T2BH,2025-06-30T15:20:15.929028349Z,01JZ0PDFG0TZHQMJ413RSFKXP4,2025-06-30T15:20:15.929028349Z,01JZ0JQKQ0F0M9FF1E7KJ74SGD,2025-06-30T15:20:15.929028349Z,01JZ0PSB7RH92MEN6JQV9WMFBP,2025-06-30T15:20:15.929028349Z,01JZ0PSBASXJ2YPPJ4DJWBYHZP,2025-06-30T15:20:15.929028349Z
01JZ0RP3S5MHZ7SDSH0VWQSH20,01JZ0R44WS56B1WD5354KYAZ6V,2025-06-30T15:53:25.541371742Z,01JZ0R44ZMT5HYXWVABB60AH0G,2025-06-30T15:53:25.541371742Z,01JZ0R6QFFN30D6XK6YWT9MS2Y,2025-06-30T15:53:25.541371742Z,01JZ0RDSBNJ06ET7JJVQB14EXX,2025-06-30T15:53:25.541371742Z,01JZ0RDSSDYZN9CZ7FN1XKBJEH,2025-06-30T15:53:25.541371742Z
01JZ0T09VZ35JQ03HSRFC5ZQWJ,01JZ0S9G3E1V9Y4W1M8GV3AGA9,2025-06-30T16:16:28.031216859Z,01JZ0S9GCCCNBKT0N3T9B2PH95,2025-06-30T16:16:28.031216859Z,01JZ0SF01HCY6JAKBVS9CYAVSQ,2025-06-30T16:16:28.031216859Z,01JZ0SRG11T0A9Z05RWZ3RV6C6,2025-06-30T16:16:28.031216859Z,01JZ0SRGDCXW1MXS2Y5YGW3SPW,2025-06-30T16:16:28.031216859Z
01JZ0FJXNQ663RKW9611TNB1BR,01JZ0F67X5J6SBR3095JZ2KKHQ,2025-06-30T13:14:23.799566881Z,01JZ0F67ZT8SK3RX0KMQXRZR64,2025-06-30T13:14:23.799566881Z,01JZ0FC8Z9KTZXYEEXV3M9TW6K,2025-06-30T13:14:23.799566881Z,01JZ0FH235VE50PMY57N3YDJG9,2025-06-30T13:14:23.799566881Z,01JZ0FH2539ZNW6QHQZ4Z6M2D2,2025-06-30T13:14:23.799566881Z
01JZ0SX32KM34ZXX42KHA0GA8N,01JZ0S9G3E1V9Y4W1M8GV3AGA9,2025-06-30T16:14:42.771689442Z,01JZ0S9G69Y1BMBR3KZBCDH0XZ,2025-06-30T16:14:42.771689442Z,01JZ0SB1E093BDHM4PAT7BRTVC,2025-06-30T16:14:42.771689442Z,01JZ0SN4Z13DGFMWRG6H5FCFZR,2025-06-30T16:14:42.771689442Z,01JZ0SN62T6N1FSEVAV8CX6341,2025-06-30T16:14:42.771689442Z
01JZ0HJ7RV6P6837SE822WDGJN,01JZ0H1K4AG17CS34Z9G9MQYDS,2025-06-30T13:48:58.523785961Z,01JZ0H1K6XDYNJQ07N0KM3P1VX,2025-06-30T13:48:58.523785961Z,01JZ0HFZWZFDMFBRJWKXV4DXH9,2025-06-30T13:48:58.523785961Z,01JZ0HJ6K11Z8FWV5RSGTBTV5K,2025-06-30T13:48:58.523785961Z,01JZ0HJ6P468K32NC8V625WG3J,2025-06-30T13:48:58.523785961Z
01JZ0K26DK78YDBX7MR6A65FWV,01JZ0JJRG62BDVPN4H0KJ2XPWK,2025-06-30T14:15:10.003636928Z,01JZ0JJRM7K0MBX3MKCVTKC5NR,2025-06-30T14:15:10.003636928Z,01JZ0JS7KGQTXA56X7MR2N3V4S,2025-06-30T14:15:10.003636928Z,01JZ0K098RXBK86NWQE5BGP8AC,2025-06-30T14:15:10.003636928Z,01JZ0K09E4NMDF8JS9NVDAX7SK,2025-06-30T14:15:10.003636928Z
01JZ0K7PWDVGXEQYZMYK5944J2,01JZ0JJRG62BDVPN4H0KJ2XPWK,2025-06-30T14:18:10.701465283Z,01JZ0JJRM7K0MBX3MKCVTKC5NR,2025-06-30T14:18:10.701465283Z,01JZ0JS7KGQTXA56X7MR2N3V4S,2025-06-30T14:18:10.701465283Z,01JZ0K09960SM46GQE8ZN1TQEF,2025-06-30T14:18:10.701465283Z,01JZ0K09HAPZ9WJEBZH9W1N3WV,2025-06-30T14:18:10.701465283Z
01JZ0PGTK8YNMWZVXA7WHQCPQ9,01JZ0NSN7EKS122Z238A4PF66D,2025-06-30T15:15:35.144070952Z,01JZ0NSNAYA5ZEAQVB789Y1XW2,2025-06-30T15:15:35.144070952Z,01JZ0NWGXG60XB5W2KSVNBRDCM,2025-06-30T15:15:35.144070952Z,01JZ0PB8CZS6M8SVA60NSTSB4W,2025-06-30T15:15:35.144070952Z,01JZ0PB8GNV0A035FHQX65ZYY9,2025-06-30T15:15:35.144070952Z
01JZ0SXZAWC66HK44XVTJ6BKYV,01JZ0S9G3E1V9Y4W1M8GV3AGA9,2025-06-30T16:15:11.70897747Z,01JZ0S9G7VJHRZZRV1KXAXAXSY,2025-06-30T16:15:11.70897747Z,01JZ0SMKXSB3XMQCB6RQZ86SBG,2025-06-30T16:15:11.70897747Z,01JZ0SP4EFE17P97W11CCBSWNM,2025-06-30T16:15:11.70897747Z,01JZ0SP4SHSVN40VBWKYDJFCMZ,2025-06-30T16:15:11.70897747Z
01JZ0T1RBRXHKNPAGCR2JV4F2K,01JZ0S9G3E1V9Y4W1M8GV3AGA9,2025-06-30T16:17:15.64060091Z,01JZ0S9G72AZ3MF9HASHX1PW43,2025-06-30T16:17:15.64060091Z,01JZ0SPRDFB0F6D4FXP9707JF1,2025-06-30T16:17:15.64060091Z,01JZ0SSF389HKA4QSJQDWQBPK3,2025-06-30T16:17:15.64060091Z,01JZ0SSFM7W9K12VT26J1075B1,2025-06-30T16:17:15.64060091Z
01JZ0TRFCYNEPWZAB6B46AFNWK,01JZ0T594M7DT83RJMYEJDT186,2025-06-30T16:29:40.126092382Z,01JZ0T59780CP4Z1F2CEHFDNAC,2025-06-30T16:29:40.126092382Z,01JZ0TBCS394KHK4DX6H1Y21KG,2025-06-30T16:29:40.126092382Z,01JZ0TGXBQRYKR99NPGW0FQKYD,2025-06-30T16:29:40.126092382Z,01JZ0TGXNT7B9NJ6FS9VB0NWWY,2025-06-30T16:29:40.126092382Z
01JZ0FNJ1ZMRK68JCK9R7JH01D,01JZ0F67X5J6SBR3095JZ2KKHQ,2025-06-30T13:15:50.207895214Z,01JZ0F67ZNGQ7M2D3G3M0R8ZTD,2025-06-30T13:15:50.207895214Z,01JZ0FC09D1G1AHZCQZX30N8GY,2025-06-30T13:15:50.207895214Z,01JZ0FNH4D7ZKAVXZ1SZHGDSBK,2025-06-30T13:15:50.207895214Z,01JZ0FNH6KW2F2SRF1A82HJNX1,2025-06-30T13:15:50.207895214Z
01JZ0MBRW0PAV690N5J5Y4GPWH,01JZ0KZHFC2GEC175ZSKVHYGR2,2025-06-30T14:37:52.384398734Z,01JZ0KZHGXZ28TMC40NC90GVYX,2025-06-30T14:37:52.384398734Z,01JZ0M7J5WS1CYEZCS1370MV2S,2025-06-30T14:37:52.384398734Z,01JZ0M9WSQ9DM8WT39RMXP13EB,2025-06-30T14:37:52.384398734Z,01JZ0M9WX0K0A5Z0K704BC9JDE,2025-06-30T14:37:52.384398734Z
01JZ0HAFBD655HE0W7PFHQ8K97,01JZ0H1K4AG17CS34Z9G9MQYDS,2025-06-30T13:44:44.141092605Z,01JZ0H1K7A7HBJ5WZC7T99GVBX,2025-06-30T13:44:44.141092605Z,01JZ0H5Q2X0VNQ3KT02G5XT30Y,2025-06-30T13:44:44.141092605Z,01JZ0HAECCDKM76ZCV44MHEJAX,2025-06-30T13:44:44.141092605Z,01JZ0HAEFC0ZPCW62QHGME40FT,2025-06-30T13:44:44.141092605Z
01JZ0HDEQTXY70K90SNM261JPG,01JZ0H1K4AG17CS34Z9G9MQYDS,2025-06-30T13:46:21.818834048Z,01JZ0H1K706F68YJ8PB50DJAH3,2025-06-30T13:46:21.818834048Z,01JZ0H6EEFSCJKZ89CKKRRVF40,2025-06-30T13:46:21.818834048Z,01JZ0HDDPNMSPR4T4J88QKCFZD,2025-06-30T13:46:21.818834048Z,01JZ0HDDR6MW4RT7D4B4411TJF,2025-06-30T13:46:21.818834048Z
01JZ0VAYVT6ZSB11M72XACDWPJ,01JZ0TXM4HA3Q8P6D6TPYYS7R3,2025-06-30T16:39:45.786520035Z,01JZ0TXM7C18DJWS688K2WH576,2025-06-30T16:39:45.786520035Z,01JZ0V3M4NH8ZBAYGCY49TQ02Z,2025-06-30T16:39:45.786520035Z,01JZ0V8ZQZFAA3Z4NYN9H5S8FG,2025-06-30T16:39:45.786520035Z,01JZ0V90034NVD22Q7BJYKHTKE,2025-06-30T16:39:45.786520035Z
01JZ0FS2BFYZH7MPDYFV5AD5GZ,01JZ0F67X5J6SBR3095JZ2KKHQ,2025-06-30T13:17:45.199956655Z,01JZ0F67ZT8SK3RX0KMQXRZR64,2025-06-30T13:17:45.199956655Z,01JZ0FAY2QGARY5N4MQCWRAXVK,2025-06-30T13:17:45.199956655Z,01JZ0FH23M3992P5JC3XVEK99K,2025-06-30T13:17:45.199956655Z,01JZ0FH275W6BAMF8GKWJ7HW2X,2025-06-30T13:17:45.199956655Z
01JZ0HD1RHDTX3R3RGV5VNN2YP,01JZ0H1K4AG17CS34Z9G9MQYDS,2025-06-30T13:46:08.530003129Z,01JZ0H1K7KVN4Q30DF0C4SZNQW,2025-06-30T13:46:08.530003129Z,01JZ0H3PNYN1MWQCF2QE837CM4,2025-06-30T13:46:08.530003129Z,01JZ0H9B6QJSN4ERPYEHH37CV2,2025-06-30T13:46:08.530003129Z,01JZ0H9B8B7D3K3XBM7QNWAJQ1,2025-06-30T13:46:08.530003129Z
01JZ0PC1MJASJ0EXCKRDHCKKSN,01JZ0NSN7EKS122Z238A4PF66D,2025-06-30T15:12:58.514149306Z,01JZ0NSNC1W3B8HBKV7A156B13,2025-06-30T15:12:58.514149306Z,01JZ0NZ4J2HB6T107AP4J98YF9,2025-06-30T15:12:58.514149306Z,01JZ0P49CNEX4XX07TQK7X10ZW,2025-06-30T15:12:58.514149306Z,01JZ0P49WEV605HBY9ETV54ZTE,2025-06-30T15:12:58.514149306Z
01JZ0PDGRMKY089M0CVBMJB77F,01JZ0NSN7EKS122Z238A4PF66D,2025-06-30T15:13:46.773009131Z,01JZ0NSNACQB6FV8GE0XS7JKF9,2025-06-30T15:13:46.773009131Z,01JZ0NZAF5PAQ3ECGHTTXSX02G,2025-06-30T15:13:46.773009131Z,01JZ0P7YN1V2MR96D77PEXSMK2,2025-06-30T15:13:46.773009131Z,01JZ0P7YRT5X9AE21VXRAC50DH,2025-06-30T15:13:46.773009131Z
01JZ0QNMJKEJSZYAV6XSK1EGBX,01JZ0Q0CTMMAVY329HW6Z84SYY,2025-06-30T15:35:41.39533374Z,01JZ0Q0CX32Y5M8NZMVY0C598C,2025-06-30T15:35:41.39533374Z,01JZ0QCV193MBKKSGA9DDJJBJY,2025-06-30T15:35:41.39533374Z,01JZ0QDJJ6PK2DGMBX0ZV8FAWJ,2025-06-30T15:35:41.39533374Z,01JZ0QDJS22S799SNS5WQRJP09,2025-06-30T15:35:41.39533374Z
01JZ0FMZAHY04ADHSGBMMQZPXD,01JZ0F67X5J6SBR3095JZ2KKHQ,2025-06-30T13:15:31.025188903Z,01JZ0F67ZKKPGDC64ETWQZ69WV,2025-06-30T13:15:31.025188903Z,01JZ0FC3BQ9GCC6QG6CDGGD2W7,2025-06-30T13:15:31.025188903Z,01JZ0FFEABFZ5CT87GW8737MVN,2025-06-30T13:15:31.025188903Z,01JZ0FFECEHWCZXBE0NC4VHJ7J,2025-06-30T13:15:31.025188903Z
01JZ0FRR7AZR91R5T2C07YRGXG,01JZ0F67X5J6SBR3095JZ2KKHQ,2025-06-30T13:17:34.82680439Z,01JZ0F67ZT8SK3RX0KMQXRZR64,2025-06-30T13:17:34.82680439Z,01JZ0FB53ABA3J4GQAS9PQCVA2,2025-06-30T13:17:34.82680439Z,01JZ0FH23R372KV6QYNWSWRPR1,2025-06-30T13:17:34.82680439Z,01JZ0FH26QRDJQEJBBXQT6SYQ3,2025-06-30T13:17:34.82680439Z
01JZ0SSXWYX29J71DPJNJNVFH6,01JZ0S9G3E1V9Y4W1M8GV3AGA9,2025-06-30T16:12:59.167001777Z,01JZ0S9G7VJHRZZRV1KXAXAXSY,2025-06-30T16:12:59.167001777Z,01JZ0SF42D6EB959CKE7M0PGAZ,2025-06-30T16:12:59.167001777Z,01JZ0SP48F3VDFFJ0GMG3AQPDM,2025-06-30T16:12:59.167001777Z,01JZ0SP4MV9NPWKWKV9VX2SD25,2025-06-30T16:12:59.167001777Z
01JZ0FM05E69YKFYTYDRHYZVD1,01JZ0F67X5J6SBR3095JZ2KKHQ,2025-06-30T13:14:59.118546079Z,01JZ0F67ZPF4121D8VQV580KT1,2025-06-30T13:14:59.118546079Z,01JZ0FADPYVS6C84HJSS2FEBTD,2025-06-30T13:14:59.118546079Z,01JZ0FG9XR3ADT6FD51B6EJHQB,2025-06-30T13:14:59.118546079Z,01JZ0FG9YZ5VB55AKZGK4GTA80,2025-06-30T13:14:59.118546079Z
01JZ0FZ5W4Z1TZGNP3EE75M585,01JZ0F67X5J6SBR3095JZ2KKHQ,2025-06-30T13:21:05.412555872Z,01JZ0F67Z49S75BR56TBMFCZ55,2025-06-30T13:21:05.412555872Z,01JZ0FHBKFFN0MM6M7GQW56AYM,2025-06-30T13:21:05.412555872Z,01JZ0FQRVEZY326STJ1YX0CZD3,2025-06-30T13:21:05.412555872Z,01JZ0FQRZ2Z7TRYBT6KXD2MK2Z,2025-06-30T13:21:05.412555872Z
01JZ0HD1R4CA08YJZE8W9J5FK3,01JZ0H1K4AG17CS34Z9G9MQYDS,2025-06-30T13:46:08.516353658Z,01JZ0H1K7KVN4Q30DF0C4SZNQW,2025-06-30T13:46:08.516353658Z,01JZ0H3FWJS4NSARZAFMVPHGS8,2025-06-30T13:46:08.516353658Z,01JZ0H9B6QJSN4ERPYEHH37CV2,2025-06-30T13:46:08.516353658Z,01JZ0H9B8B7D3K3XBM7QNWAJQ1,2025-06-30T13:46:08.516353658Z
01JZ0HJ82ZVABHVZC9SS1P64VV,01JZ0H1K4AG17CS34Z9G9MQYDS,2025-06-30T13:48:58.847536469Z,01JZ0H1K78HDDW9F2WM1P8VZMN,2025-06-30T13:48:58.847536469Z,01JZ0H5BHKCTD3T58KE49ABST6,2025-06-30T13:48:58.847536469Z,01JZ0HAGS7E9CRX0SV4TDEYPGQ,2025-06-30T13:48:58.847536469Z,01JZ0HAGWZFATP7YBM6916T1HM,2025-06-30T13:48:58.847536469Z
01JZ0K6ABDRBXJPABV67QG438E,01JZ0JJRG62BDVPN4H0KJ2XPWK,2025-06-30T14:17:25.101108422Z,01JZ0JJRK7MTN7FAC1224V82KC,2025-06-30T14:17:25.101108422Z,01JZ0JMRZCYKKS11NMJE3Z1M2V,2025-06-30T14:17:25.101108422Z,01JZ0JYWXE4Z0C49B2GAEXWPG4,2025-06-30T14:17:25.101108422Z,01JZ0JYX3R6DMCAQBCP3MHRP3T,2025-06-30T14:17:25.101108422Z
01JZ0SXCFPBFC8RQ66PNDAWRD3,01JZ0S9G3E1V9Y4W1M8GV3AGA9,2025-06-30T16:14:52.406406385Z,01JZ0S9G72AZ3MF9HASHX1PW43,2025-06-30T16:14:52.406406385Z,01JZ0SPRDFB0F6D4FXP9707JF1,2025-06-30T16:14:52.406406385Z,01JZ0SSF5TTEGA4KE9KCX2D069,2025-06-30T16:14:52.406406385Z,01JZ0SSFCJFDQ5TQEMZJ8D7G65,2025-06-30T16:14:52.406406385Z
01JZ0FTBKMQ9W87VNS8M1SE0RW,01JZ0F67X5J6SBR3095JZ2KKHQ,2025-06-30T13:18:27.444164987Z,01JZ0F67ZBCBNFH7W25EXNBXDS,2025-06-30T13:18:27.444164987Z,01JZ0FDJ7PWA5XP2271CRJKXBG,2025-06-30T13:18:27.444164987Z,01JZ0FMTH61B85RYBN11B94K2X,2025-06-30T13:18:27.444164987Z,01JZ0FMTJP1X31M568THSCTWW6,2025-06-30T13:18:27.444164987Z
01JZ0HHW94EYHEPBW2B6EV8XQK,01JZ0H1K4AG17CS34Z9G9MQYDS,2025-06-30T13:48:46.756554072Z,01JZ0H1K7C3FKHJS5GP9RE7N8D,2025-06-30T13:48:46.756554072Z,01JZ0H3ZMEM4CP8B8CA2T4SJEG,2025-06-30T13:48:46.756554072Z,01JZ0HA58VSZX7J2P38WPTHP06,2025-06-30T13:48:46.756554072Z,01JZ0HA5GS32GQV6315XEFW0FY,2025-06-30T13:48:46.756554072Z
01JZ0HJ7S5PDS86QMGPS9CGM97,01JZ0H1K4AG17CS34Z9G9MQYDS,2025-06-30T13:48:58.533543542Z,01JZ0H1K6XDYNJQ07N0KM3P1VX,2025-06-30T13:48:58.533543542Z,01JZ0HFAPSHETXH7P0VV2YXR0K,2025-06-30T13:48:58.533543542Z,01JZ0HJ6K11Z8FWV5RSGTBTV5K,2025-06-30T13:48:58.533543542Z,01JZ0HJ6P468K32NC8V625WG3J,2025-06-30T13:48:58.533543542Z
01JZ0K5VZY491S88D6P5K6CBHX,01JZ0JJRG62BDVPN4H0KJ2XPWK,2025-06-30T14:17:10.398552912Z,01JZ0JJRM7K0MBX3MKCVTKC5NR,2025-06-30T14:17:10.398552912Z,01JZ0JXWKS0M8W514SAFXDFCXQ,2025-06-30T14:17:10.398552912Z,01JZ0K098RXBK86NWQE5BGP8AC,2025-06-30T14:17:10.398552912Z,01JZ0K09F5TS9DMG7V9VS6DCEW,2025-06-30T14:17:10.398552912Z
01JZ0K6MDYZ0RC28Y7C1ZHW7YC,01JZ0JJRG62BDVPN4H0KJ2XPWK,2025-06-30T14:17:35.422768853Z,01JZ0JJRK7MTN7FAC1224V82KC,2025-06-30T14:17:35.422768853Z,01JZ0JRRZWD6QKN20J001SKF6Q,2025-06-30T14:17:35.422768853Z,01JZ0JYWX29707X9HXFTM1W07C,2025-06-30T14:17:35.422768853Z,01JZ0JYX5C9W7WA9MZEJ86042C,2025-06-30T14:17:35.422768853Z
01JZ0RHNW26V6YXSZNZRRZ0D39,01JZ0R44WS56B1WD5354KYAZ6V,2025-06-30T15:51:00.22703428Z,01JZ0R44ZMT5HYXWVABB60AH0G,2025-06-30T15:51:00.22703428Z,01JZ0R9YBP53FHZRSC3KJMTX8V,2025-06-30T15:51:00.22703428Z,01JZ0RDSDRWJSGT5RWM6SPP1BW,2025-06-30T15:51:00.22703428Z,01JZ0RDSJT0J3J6TXBT5BY8JVJ,2025-06-30T15:51:00.22703428Z
01JZ0SRJVBHYN7GYEP6SEVH5MP,01JZ0S9G3E1V9Y4W1M8GV3AGA9,2025-06-30T16:12:15.083689808Z,01JZ0S9GCCCNBKT0N3T9B2PH95,2025-06-30T16:12:15.083689808Z,01JZ0SF6SRD67J9Q4V8979AFYM,2025-06-30T16:12:15.083689808Z,01JZ0SRFYRXFVCDDP0ABTHSNX2,2025-06-30T16:12:15.083689808Z,01JZ0SRG3KTZ3R7RP72Z3N594X,2025-06-30T16:12:15.083689808Z
01JZ0SXE4E95CBYEFVXE1V89SC,01JZ0S9G3E1V9Y4W1M8GV3AGA9,2025-06-30T16:14:54.094788596Z,01JZ0S9G69Y1BMBR3KZBCDH0XZ,2025-06-30T16:14:54.094788596Z,01JZ0SB1E093BDHM4PAT7BRTVC,2025-06-30T16:14:54.094788596Z,01JZ0SN4V7E0WGAW93HPV2W0FT,2025-06-30T16:14:54.094788596Z,01JZ0SN6F6WB1YCGQJCBGBTK5X,2025-06-30T16:14:54.094788596Z
01JZ0FQR72K587JS38PJMCPQA7,01JZ0F67X5J6SBR3095JZ2KKHQ,2025-06-30T13:17:02.050880963Z,01JZ0F67Z228X9RHKVM8F1277D,2025-06-30T13:17:02.050880963Z,01JZ0FBGYJV6XECY8PBES7705P,2025-06-30T13:17:02.050880963Z,01JZ0FJ6P04EK093QJBJ8ZQ2DS,2025-06-30T13:17:02.050880963Z,01JZ0FJ6SSEDPR0ACQW6KMPEH0,2025-06-30T13:17:02.050880963Z
01JZ0T8NQ40HJ9TFSNER7F2RSN,01JZ0S9G3E1V9Y4W1M8GV3AGA9,2025-06-30T16:21:02.308596496Z,01JZ0S9G8MSQJNW9QDDX82T8EZ,2025-06-30T16:21:02.308596496Z,01JZ0T2XSJ0AG7V7PM1MRXSRY8,2025-06-30T16:21:02.308596496Z,01JZ0T2Z776H5NYH3952M90NE0,2025-06-30T16:21:02.308596496Z,01JZ0T2ZHAHS59BR3V8XSNNK4S,2025-06-30T16:21:02.308596496Z
01JZ0SZ9T89G5E5GBKSM5GAWYF,01JZ0S9G3E1V9Y4W1M8GV3AGA9,2025-06-30T16:15:55.208720793Z,01JZ0S9GBDE95BAEJ35DY3VGC4,2025-06-30T16:15:55.208720793Z,01JZ0SEY1R1NKY7QYBNSN52N16,2025-06-30T16:15:55.208720793Z,01JZ0SQEEYPA1PRSBERW5HV0M1,2025-06-30T16:15:55.208720793Z,01JZ0SQES7NWZTW9WK0EQVQ7QQ,2025-06-30T16:15:55.208720793Z
01JZ0FMBJCC3TQ8RH0WE342JMF,01JZ0F67X5J6SBR3095JZ2KKHQ,2025-06-30T13:15:10.79616152Z,01JZ0F67ZMW5MYVAMRDCKET4QV,2025-06-30T13:15:10.79616152Z,01JZ0FASBFGZWXGCNHK0X9PYM2,2025-06-30T13:15:10.79616152Z,01JZ0FETS8ER9G1DS9D9GHXGJ5,2025-06-30T13:15:10.79616152Z,01JZ0FETTRYWNQCHHZRR5GKR7V,2025-06-30T13:15:10.79616152Z
01JZ0FNTXCPP65X1PFMPYHS4V8,01JZ0F67X5J6SBR3095JZ2KKHQ,2025-06-30T13:15:59.276464607Z,01JZ0F67ZPF4121D8VQV580KT1,2025-06-30T13:15:59.276464607Z,01JZ0FB6A8PGAA54RRTD4918CR,2025-06-30T13:15:59.276464607Z,01JZ0FG9XR3ADT6FD51B6EJHQB,2025-06-30T13:15:59.276464607Z,01JZ0FG9Z2DZDGC60HDDV09A4A,2025-06-30T13:15:59.276464607Z
01JZ0FQ0NAKJ2RNZH66K0Y6X9H,01JZ0F67X5J6SBR3095JZ2KKHQ,2025-06-30T13:16:37.930472856Z,01JZ0F67ZEPC67VW242P0YYZAA,2025-06-30T13:16:37.930472856Z,01JZ0FADP9EKGDX636W54K492Z,2025-06-30T13:16:37.930472856Z,01JZ0FF15E71ENN4G6Z16M19W3,2025-06-30T13:16:37.930472856Z,01JZ0FF17XY1JBBGEQ9GM57GP8,2025-06-30T13:16:37.930472856Z
01JZ0FR5J858771X5CX3SC5RGY,01JZ0F67X5J6SBR3095JZ2KKHQ,2025-06-30T13:17:15.720898569Z,01JZ0F67ZFPZEHV6BKFXQYDXZZ,2025-06-30T13:17:15.720898569Z,01JZ0FB6D8SDYQHCG01GZECWK6,2025-06-30T13:17:15.720898569Z,01JZ0FG2SJJXSPJMK47NEFHHR0,2025-06-30T13:17:15.720898569Z,01JZ0FG30S8SK0E7TF5JG8VH83,2025-06-30T13:17:15.720898569Z
01JZ0G3YBQB0C0NZZJKA6RQ67H,01JZ0F67X5J6SBR3095JZ2KKHQ,2025-06-30T13:23:41.559863669Z,01JZ0F67Z8B8A42G6Y5XQ0NS83,2025-06-30T13:23:41.559863669Z,01JZ0FE684K4966TB954TX4AR0,2025-06-30T13:23:41.559863669Z,01JZ0FW5G0W9NQCXN3NK81J7WX,2025-06-30T13:23:41.559863669Z,01JZ0FW5WER34PXY39ZZCV97CQ,2025-06-30T13:23:41.559863669Z
01JZ0HGN0CXSVQEBPV6Q4Z613H,01JZ0H1K4AG17CS34Z9G9MQYDS,2025-06-30T13:48:06.540571758Z,01JZ0H1K6THHEJQ855QF7WP6P1,2025-06-30T13:48:06.540571758Z,01JZ0H3CNXXCY16G7HRC2VAP66,2025-06-30T13:48:06.540571758Z,01JZ0H8M782WEDV62715BZDP89,2025-06-30T13:48:06.540571758Z,01JZ0H8MBECGZPM01GC81J9R69,2025-06-30T13:48:06.540571758Z
01JZ0MHJS2H4W34BZTMHPKMKJ1,01JZ0KZHFC2GEC175ZSKVHYGR2,2025-06-30T14:41:02.754050842Z,01JZ0KZHHH6W8J7M02JDFMAQF5,2025-06-30T14:41:02.754050842Z,01JZ0M54HPQHGGA41RRPR08XFH,2025-06-30T14:41:02.754050842Z,01JZ0MA57ZMXQZENWKV3G54Z6K,2025-06-30T14:41:02.754050842Z,01JZ0MA5EYRHY6D5F7550YTYHZ,2025-06-30T14:41:02.754050842Z
01JZ0FGAGAXJZNR934N660D3PP,01JZ0F67X5J6SBR3095JZ2KKHQ,2025-06-30T13:12:58.634439117Z,01JZ0F67ZPF4121D8VQV580KT1,2025-06-30T13:12:58.634439117Z,01JZ0FB771X9NXKNJD45VGGVHG,2025-06-30T13:12:58.634439117Z,01JZ0FG9X87DVV75FVN306TBKR,2025-06-30T13:12:58.634439117Z,01JZ0FG9Y42XRBQ8T7SKWRVM7Z,2025-06-30T13:12:58.634439117Z
01JZ0QW5CEKP1NXYM5ZD2BX3V9,01JZ0QGE33ZWYV7A3256FYEZA6,2025-06-30T15:39:15.214817436Z,01JZ0QGE4MQBM7ZJEFVQMWJX02,2025-06-30T15:39:15.214817436Z,01JZ0QPKRJFVHW9J2EJ9HV7BB0,2025-06-30T15:39:15.214817436Z,01JZ0QT8D72WY9E0JR27EZFH9M,2025-06-30T15:39:15.214817436Z,01JZ0QT8HTHTW4QK8AXRWB0BPV,2025-06-30T15:39:15.214817436Z
01JZ0SXCDFA1684VNK4MD5GGG4,01JZ0S9G3E1V9Y4W1M8GV3AGA9,2025-06-30T16:14:52.335530844Z,01JZ0S9G72AZ3MF9HASHX1PW43,2025-06-30T16:14:52.335530844Z,01JZ0SFH3A34EW308H72QP6WNN,2025-06-30T16:14:52.335530844Z,01JZ0SSF5TTEGA4KE9KCX2D069,2025-06-30T16:14:52.335530844Z,01JZ0SSFCJFDQ5TQEMZJ8D7G65,2025-06-30T16:14:52.335530844Z
01JZ0SZ88C6NYKJP505ADDE0KZ,01JZ0S9G3E1V9Y4W1M8GV3AGA9,2025-06-30T16:15:53.612512851Z,01JZ0S9G9GQDAYDBEESMGH4RA5,2025-06-30T16:15:53.612512851Z,01JZ0SB23C5WKRVH2QZHNSBQJW,2025-06-30T16:15:53.612512851Z,01JZ0SQ3F4PY9W86VF77JMR5FW,2025-06-30T16:15:53.612512851Z,01JZ0SQ3TE4VMZ1MCYY5WRZ18A,2025-06-30T16:15:53.612512851Z
01JZ0VC6959FXE5EPWG3KD9SKH,01JZ0TXM4HA3Q8P6D6TPYYS7R3,2025-06-30T16:40:26.14985676Z,01JZ0TXM9G1YQW4PKWAZEHBP4X,2025-06-30T16:40:26.14985676Z,01JZ0V027NCPFS0Z28MM3HFKTJ,2025-06-30T16:40:26.14985676Z,01JZ0VA38AG5CMBPK3H4ZDH1EB,2025-06-30T16:40:26.14985676Z,01JZ0VA3EDE5VA6KPVPAWM4W4J,2025-06-30T16:40:26.14985676Z
01JZ0VGVJJQ8NWJ3MEZWQZPZ2P,01JZ0TXM4HA3Q8P6D6TPYYS7R3,2025-06-30T16:42:59.026926747Z,01JZ0TXM7C18DJWS688K2WH576,2025-06-30T16:42:59.026926747Z,01JZ0V3M4NH8ZBAYGCY49TQ02Z,2025-06-30T16:42:59.026926747Z,01JZ0V8ZVHBE61NZNXKJNKMVA1,2025-06-30T16:42:59.026926747Z,01JZ0V906XKJVFSX4NXN5VSYJB,2025-06-30T16:42:59.026926747Z
01JZ0STWKBGX0JQQP14ZASJQ9X,01JZ0S9G3E1V9Y4W1M8GV3AGA9,2025-06-30T16:13:30.603584266Z,01JZ0S9G9GQDAYDBEESMGH4RA5,2025-06-30T16:13:30.603584266Z,01JZ0SK9JXYJAB5JG2TDNVPFF3,2025-06-30T16:13:30.603584266Z,01JZ0SQ3C15Q09HYAH12H13T16,2025-06-30T16:13:30.603584266Z,01JZ0SQ3KDY9WQAA8Z0H2XVE1P,2025-06-30T16:13:30.603584266Z
01JZ0FXX9T1B28YJBNHDXZ4Q83,01JZ0F67X5J6SBR3095JZ2KKHQ,2025-06-30T13:20:23.86647623Z,01JZ0F67ZNGQ7M2D3G364WEKWP,2025-06-30T13:20:23.86647623Z,01JZ0FHSMZ1RKYF919HZF316MP,2025-06-30T13:20:23.86647623Z,01JZ0FPGCJ1Z8BH45CM0BESKJ2,2025-06-30T13:20:23.86647623Z,01JZ0FPGJA1NQQ490FC903YNFJ,2025-06-30T13:20:23.86647623Z
01JZ0HE58ZFFM55EDH6EF1X3AK,01JZ0H1K4AG17CS34Z9G9MQYDS,2025-06-30T13:46:44.895976322Z,01JZ0H1K7A7HBJ5WZC7T99GVBX,2025-06-30T13:46:44.895976322Z,01JZ0H5Q2X0VNQ3KT02G5XT30Y,2025-06-30T13:46:44.895976322Z,01JZ0HAECPB75NSKW408592PHJ,2025-06-30T13:46:44.895976322Z,01JZ0HAEGSNH2JMHJS0Y20K363,2025-06-30T13:46:44.895976322Z
01JZ0HJWMRW2G48F46VN707JNR,01JZ0H1K4AG17CS34Z9G9MQYDS,2025-06-30T13:49:19.897036491Z,01JZ0H1K7HVYD71R3W6V80C6V1,2025-06-30T13:49:19.897036491Z,01JZ0H83RPH6CM1BGEWBZ1V4QM,2025-06-30T13:49:19.897036491Z,01JZ0HAVSGGJ05CSD8WW5JNDPV,2025-06-30T13:49:19.897036491Z,01JZ0HAVXW79B59Y8FMQKBPQJ9,2025-06-30T13:49:19.897036491Z
01JZ0RHNA4TP1Y7JS6C2B2BTZW,01JZ0R44WS56B1WD5354KYAZ6V,2025-06-30T15:50:59.652297251Z,01JZ0R450A0M8Q4QC968ZVRS9H,2025-06-30T15:50:59.652297251Z,01JZ0R7KYSRZ9WN5AKECH3KB3X,2025-06-30T15:50:59.652297251Z,01JZ0RFNY7CAK7Q2XWPCT4A1FS,2025-06-30T15:50:59.652297251Z,01JZ0RFP58S8RRFVCNFV24DFHV,2025-06-30T15:50:59.652297251Z
01JZ0T1551H0V7QD79FWQZZ53X,01JZ0S9G3E1V9Y4W1M8GV3AGA9,2025-06-30T16:16:55.969432515Z,01JZ0S9GD9MABT2H3JKQDC0TB1,2025-06-30T16:16:55.969432515Z,01JZ0SHW478ARJ1EFSDZ00THPE,2025-06-30T16:16:55.969432515Z,01JZ0SSG40357K1C9QC3NT64RJ,2025-06-30T16:16:55.969432515Z,01JZ0SSGE3D1TWHBHMGCF08N12,2025-06-30T16:16:55.969432515Z
01JZ0FFF1RSF95JD8B59R450KY,01JZ0F67X5J6SBR3095JZ2KKHQ,2025-06-30T13:12:30.520238106Z,01JZ0F67ZKKPGDC64ETWQZ69WV,2025-06-30T13:12:30.520238106Z,01JZ0FC3BQ9GCC6QG6CDGGD2W7,2025-06-30T13:12:30.520238106Z,01JZ0FFEA7JY8J9CW2PRDT1SXR,2025-06-30T13:12:30.520238106Z,01JZ0FFEB7Z5969V9H6EGQG2CJ,2025-06-30T13:12:30.520238106Z
01JZ0FQ3MWSHCYQNN9KY8F4YMG,01JZ0F67X5J6SBR3095JZ2KKHQ,2025-06-30T13:16:40.988746149Z,01JZ0F67ZJJG6P50PFSVWKXYA5,2025-06-30T13:16:40.988746149Z,01JZ0FA7FFS51AB79BBEZA4BBG,2025-06-30T13:16:40.988746149Z,01JZ0FHJQ8D0RWN5BCAZ63DASG,2025-06-30T13:16:40.988746149Z,01JZ0FHJSKF7RT75F426ES8DWJ,2025-06-30T13:16:40.988746149Z
01JZ0FRE3RAZ6ZQFAXXS091JN7,01JZ0F67X5J6SBR3095JZ2KKHQ,2025-06-30T13:17:24.472332279Z,01JZ0F67ZT8SK3RX0KMQXRZR64,2025-06-30T13:17:24.472332279Z,01JZ0FB53ABA3J4GQAS9PQCVA2,2025-06-30T13:17:24.472332279Z,01JZ0FH23BH62X4DWE790J4XPH,2025-06-30T13:17:24.472332279Z,01JZ0FH260NFJ56R0FTKR87728,2025-06-30T13:17:24.472332279Z
01JZ0G2B11SDH6VYRCJ8TQ6P5N,01JZ0F67X5J6SBR3095JZ2KKHQ,2025-06-30T13:22:48.993631747Z,01JZ0F67Z9QH00F8GAYATW0H4D,2025-06-30T13:22:48.993631747Z,01JZ0FDAK0H7SHFFA8ZFRDR2Y5,2025-06-30T13:22:48.993631747Z,01JZ0FTXWM694R5TBTQY6QHMR5,2025-06-30T13:22:48.993631747Z,01JZ0FTY185K5JAWP4Y1XCYQAS,2025-06-30T13:22:48.993631747Z
01JZ0G3Y8PPF91GT84RDVBNJDG,01JZ0F67X5J6SBR3095JZ2KKHQ,2025-06-30T13:23:41.462796176Z,01JZ0F67Z8B8A42G6Y5XQ0NS83,2025-06-30T13:23:41.462796176Z,01JZ0FAP1PZEAT1MNGGVVPBTCW,2025-06-30T13:23:41.462796176Z,01JZ0FW5G0W9NQCXN3NK81J7WX,2025-06-30T13:23:41.462796176Z,01JZ0FW5WER34PXY39ZZCV97CQ,2025-06-30T13:23:41.462796176Z
01JZ0HE76NX528C86YQ5TN3Q9T,01JZ0H1K4AG17CS34Z9G9MQYDS,2025-06-30T13:46:46.869814772Z,01JZ0H1K78HDDW9F2WM1P8VZMN,2025-06-30T13:46:46.869814772Z,01JZ0H6H4K79XNW5XKQJ205ZTV,2025-06-30T13:46:46.869814772Z,01JZ0HAGSF134DXMQJAXEF8DCZ,2025-06-30T13:46:46.869814772Z,01JZ0HAGV6G3DJPC3A564GGRC0,2025-06-30T13:46:46.869814772Z
01JZ0HH4HH7HPJTJCNRM0VC116,01JZ0H1K4AG17CS34Z9G9MQYDS,2025-06-30T13:48:22.449403916Z,01JZ0H1K706F68YJ8PB50DJAH3,2025-06-30T13:48:22.449403916Z,01JZ0H3PV9DACRQS4WSM89RZB3,2025-06-30T13:48:22.449403916Z,01JZ0HDDQ1TQC05SZV1MP12GS4,2025-06-30T13:48:22.449403916Z,01JZ0HDDSFZBZK7AXDGPTGJQ25,2025-06-30T13:48:22.449403916Z
01JZ0JVN4EEETA8J2GMY4FVQSS,01JZ0JJRG62BDVPN4H0KJ2XPWK,2025-06-30T14:11:35.694368263Z,01JZ0JJRMQ32S1DDP8PZN3RKEA,2025-06-30T14:11:35.694368263Z,01JZ0JMMQB7PV7562FFEM02FS7,2025-06-30T14:11:35.694368263Z,01JZ0JSS78RK42Y17VNQFVPT1K,2025-06-30T14:11:35.694368263Z,01JZ0JSS9S1QXT1PTHJVBVWR19,2025-06-30T14:11:35.694368263Z
01JZ0FKE5SBTVJVTW7759NFTVJ,01JZ0F67X5J6SBR3095JZ2KKHQ,2025-06-30T13:14:40.697746966Z,01JZ0F67ZJJG6P50PFSVWKXYA5,2025-06-30T13:14:40.697746966Z,01JZ0FBFAEYK03HBFAMJA6FCQN,2025-06-30T13:14:40.697746966Z,01JZ0FHJQ8D0RWN5BCAZ63DASG,2025-06-30T13:14:40.697746966Z,01JZ0FHJRYJ59AE9MP9HWG6E64,2025-06-30T13:14:40.697746966Z
01JZ0NZ7VQJ554AP9J3RDY1AKD,01JZ0N9PMZHSN31DAQRPMDQCYE,2025-06-30T15:05:58.903539327Z,01JZ0N9PPX2EBNCBEJCH5EHX43,2025-06-30T15:05:58.903539327Z,01JZ0NG35H1QSCVTSKBX9JBBRR,2025-06-30T15:05:58.903539327Z,01JZ0NQ6BKKRWGKT10550Q22C5,2025-06-30T15:05:58.903539327Z,01JZ0NQ6GSWK8Y4NTPJ5M0YS33,2025-06-30T15:05:58.903539327Z
01JZ0RNT42306TR1Q8NDZZAGA9,01JZ0R44WS56B1WD5354KYAZ6V,2025-06-30T15:53:15.650772163Z,01JZ0R44YD4TQ1QQVW9H1W0WBF,2025-06-30T15:53:15.650772163Z,01JZ0R657BB3E0BHJE1YNP9JA7,2025-06-30T15:53:15.650772163Z,01JZ0RDJ6VECBCV4R08YWCJE54,2025-06-30T15:53:15.650772163Z,01JZ0RDJZJKFRDY48KAFVDRN41,2025-06-30T15:53:15.650772163Z
01JZ0TRFA1SD79PVDKMWG0W2QT,01JZ0T594M7DT83RJMYEJDT186,2025-06-30T16:29:40.033712385Z,01JZ0T59780CP4Z1F2CEHFDNAC,2025-06-30T16:29:40.033712385Z,01JZ0T99WGNY3W44R5KQDMRP3G,2025-06-30T16:29:40.033712385Z,01JZ0TGXBQRYKR99NPGW0FQKYD,2025-06-30T16:29:40.033712385Z,01JZ0TGXNT7B9NJ6FS9VB0NWWY,2025-06-30T16:29:40.033712385Z
01JZ0MP7Y5T0TRZ7CE8CS4BF3J,01JZ0KZHFC2GEC175ZSKVHYGR2,2025-06-30T14:43:35.493157141Z,01JZ0KZHHC2JQ9380R79DSYF93,2025-06-30T14:43:35.493157141Z,01JZ0M77CJKQQW7ZQ7XMJWJS44,2025-06-30T14:43:35.493157141Z,01JZ0MGP26NJJGJCWPQGW8F3YX,2025-06-30T14:43:35.493157141Z,01JZ0MGP5GV3WV5XPVQ1M0V0JK,2025-06-30T14:43:35.493157141Z
01JZ0MEFVQ7T90AP1ADZNAXGBZ,01JZ0KZHFC2GEC175ZSKVHYGR2,2025-06-30T14:39:21.463196191Z,01JZ0KZHH6W8XDVC696R9C92DG,2025-06-30T14:39:21.463196191Z,01JZ0M20DM4T4V1KVQ5EQ5SJCQ,2025-06-30T14:39:21.463196191Z,01JZ0MCKBEDXBCTH25HMPCZETY,2025-06-30T14:39:21.463196191Z,01JZ0MCKDNRQKYA7DKMPVXP5T4,2025-06-30T14:39:21.463196191Z
01JZ0PYXCZV0SY95W8F1NA7VMS,01JZ0PDFE8X2A24VZSJDD0T2BH,2025-06-30T15:23:16.767270728Z,01JZ0PDFG0TZHQMJ413RSFKXP4,2025-06-30T15:23:16.767270728Z,01JZ0PFCW1JTREFZPJ0MEYDK57,2025-06-30T15:23:16.767270728Z,01JZ0PSB8QFHT28EPRTVD2EBFB,2025-06-30T15:23:16.767270728Z,01JZ0PSBD7P8Y6SKYWHEEY4RVY,2025-06-30T15:23:16.767270728Z
01JZ0JST8PD7MJBA10ZQ5T8EJ6,01JZ0JJRG62BDVPN4H0KJ2XPWK,2025-06-30T14:10:35.41483647Z,01JZ0JJRMQ32S1DDP8PZN3RKEA,2025-06-30T14:10:35.41483647Z,01JZ0JMRHQNNVVVJT7WR7062BD,2025-06-30T14:10:35.41483647Z,01JZ0JSS6QMGKSS13PXSATY87K,2025-06-30T14:10:35.41483647Z,01JZ0JSS8Q2NF1NX2X04P0G2M0,2025-06-30T14:10:35.41483647Z
01JZ0FPHSS93PG25DYN2KBZE95,01JZ0F67X5J6SBR3095JZ2KKHQ,2025-06-30T13:16:22.713806226Z,01JZ0F67ZNGQ7M2D3G364WEKWP,2025-06-30T13:16:22.713806226Z,01JZ0FCNHTSC7G0FEF4YCP958P,2025-06-30T13:16:22.713806226Z,01JZ0FPGDAPG30FJ3SWC4WDBHJ,2025-06-30T13:16:22.713806226Z,01JZ0FPGE7XSSJC5D4ZKRW6251,2025-06-30T13:16:22.713806226Z
01JZ0FQ3KP4GSVW6W4RGWVJJYZ,01JZ0F67X5J6SBR3095JZ2KKHQ,2025-06-30T13:16:40.950541965Z,01JZ0F67ZJJG6P50PFSVWKXYA5,2025-06-30T13:16:40.950541965Z,01JZ0FD9MGR1NQWZH14DZSCF74,2025-06-30T13:16:40.950541965Z,01JZ0FHJQ8D0RWN5BCAZ63DASG,2025-06-30T13:16:40.950541965Z,01JZ0FHJSKF7RT75F426ES8DWJ,2025-06-30T13:16:40.950541965Z
01JZ0FQGXYK69KQBZMDJ89EC02,01JZ0F67X5J6SBR3095JZ2KKHQ,2025-06-30T13:16:54.590706667Z,01JZ0F67Z9QH00F8GAXY086HB5,2025-06-30T13:16:54.590706667Z,01JZ0FC2JY5XVEAE6VHX2MXJRG,2025-06-30T13:16:54.590706667Z,01JZ0FNMHABMQMJJE7Y0M736G4,2025-06-30T13:16:54.590706667Z,01JZ0FNMM2YADDXQXBFP61Z513,2025-06-30T13:16:54.590706667Z
01JZ0FQZXRPFBWAKR8Y4W9P72K,01JZ0F67X5J6SBR3095JZ2KKHQ,2025-06-30T13:17:09.944121342Z,01JZ0F67ZPF4121D8VQV580KT1,2025-06-30T13:17:09.944121342Z,01JZ0FB6A8PGAA54RRTD4918CR,2025-06-30T13:17:09.944121342Z,01JZ0FG9XP257X71Y6S76BWV4E,2025-06-30T13:17:09.944121342Z,01JZ0FGA04XG30PW7JD903HZR0,2025-06-30T13:17:09.944121342Z
01JZ0G1RV0S4JTEE1JVSNAVJS5,01JZ0F67X5J6SBR3095JZ2KKHQ,2025-06-30T13:22:30.368451636Z,01JZ0F67ZC5C7QZPK5TEQ23RT2,2025-06-30T13:22:30.368451636Z,01JZ0FBW1M5PKMMEKBNN3362X7,2025-06-30T13:22:30.368451636Z,01JZ0FSQ4CMD8W58JCEWT8Q1ED,2025-06-30T13:22:30.368451636Z,01JZ0FSQBK5FN1GAJ960M7AJ2J,2025-06-30T13:22:30.368451636Z
01JZ0HMT81M63J8SPM8HB3HYXV,01JZ0H1K4AG17CS34Z9G9MQYDS,2025-06-30T13:50:22.977124094Z,01JZ0H1K706F68YJ8PB50DJAH3,2025-06-30T13:50:22.977124094Z,01JZ0HD6YGD591QW3T9DNTT5JC,2025-06-30T13:50:22.977124094Z,01JZ0HDDPWNYGTK2DVP3JF7ANT,2025-06-30T13:50:22.977124094Z,01JZ0HDDTHP3VCN418R8WTFHP9,2025-06-30T13:50:22.977124094Z
01JZ0P81PZJ7BG3S8PFMQ4YQV8,01JZ0NSN7EKS122Z238A4PF66D,2025-06-30T15:10:47.519988764Z,01JZ0NSNC1W3B8HBKV7A156B13,2025-06-30T15:10:47.519988764Z,01JZ0NTCE2X78Q76YGQBCA3DW3,2025-06-30T15:10:47.519988764Z,01JZ0P49FFMBGZM8VGX8RR699K,2025-06-30T15:10:47.519988764Z,01JZ0P49NN4A6XBWS8HE1NN6EJ,2025-06-30T15:10:47.519988764Z
01JZ0FMHT521XEDE8BPX46Z79A,01JZ0F67X5J6SBR3095JZ2KKHQ,2025-06-30T13:15:17.189431859Z,01JZ0F67ZEPC67VW242P0YYZAA,2025-06-30T13:15:17.189431859Z,01JZ0FATEZ4BCSXPWP1GNPMBCW,2025-06-30T13:15:17.189431859Z,01JZ0FF152BEQYSVW0DGQ8J2MY,2025-06-30T13:15:17.189431859Z,01JZ0FF16EY6W0Y9819NNFJ5AK,2025-06-30T13:15:17.189431859Z
01JZ0RNJ46144495PN37WWNRHS,01JZ0R44WS56B1WD5354KYAZ6V,2025-06-30T15:53:07.462729472Z,01JZ0R450M24K8ZS9F18EDTFG6,2025-06-30T15:53:07.462729472Z,01JZ0R9CVW07WWQDKP3M8KKGEY,2025-06-30T15:53:07.462729472Z,01JZ0RFVDEC09529ZV39X1MYHY,2025-06-30T15:53:07.462729472Z,01JZ0RFVNWZ37RVCFT3CE4MRXX,2025-06-30T15:53:07.462729472Z
01JZ0T1DW998MG40F3PPZKF4MK,01JZ0S9G3E1V9Y4W1M8GV3AGA9,2025-06-30T16:17:04.905863403Z,01JZ0S9G72AZ3MF9HASHX1PW43,2025-06-30T16:17:04.905863403Z,01JZ0SFY60ZWJ9F5NVJ19CBR6J,2025-06-30T16:17:04.905863403Z,01JZ0SSF46G85AVW49YEHA1FMJ,2025-06-30T16:17:04.905863403Z,01JZ0SSFHTMY8WVPXXHFCY9DFQ,2025-06-30T16:17:04.905863403Z
01JZ0RFGYWPM6ETR29AWTVBFQW,01JZ0R44WS56B1WD5354KYAZ6V,2025-06-30T15:49:49.660885011Z,01JZ0R44YD4TQ1QQVW9H1W0WBF,2025-06-30T15:49:49.660885011Z,01JZ0R748N2WK8HNRR37DG296Z,2025-06-30T15:49:49.660885011Z,01JZ0RDJ2QCC6HCJTXVC1C06TR,2025-06-30T15:49:49.660885011Z,01JZ0RDJJYWQBYNEX44P260WDH,2025-06-30T15:49:49.660885011Z
01JZ0FXX8DAGBX8K59S6VXA3M6,01JZ0F67X5J6SBR3095JZ2KKHQ,2025-06-30T13:20:23.82190259Z,01JZ0F67ZNGQ7M2D3G364WEKWP,2025-06-30T13:20:23.82190259Z,01JZ0FBEPD11FSJRWKH4M5M5EZ,2025-06-30T13:20:23.82190259Z,01JZ0FPGCJ1Z8BH45CM0BESKJ2,2025-06-30T13:20:23.82190259Z,01JZ0FPGJA1NQQ490FC903YNFJ,2025-06-30T13:20:23.82190259Z
01JZ0HNXFZQN7DZX8MZRYSBWM6,01JZ0H1K4AG17CS34Z9G9MQYDS,2025-06-30T13:50:59.071519165Z,01JZ0H1K6XDYNJQ07N0KM3P1VX,2025-06-30T13:50:59.071519165Z,01JZ0H3GSTCWHNYC00C4GV6RFB,2025-06-30T13:50:59.071519165Z,01JZ0HJ6JG98XAP0W3RSSFXRZE,2025-06-30T13:50:59.071519165Z,01JZ0HJ6QJXWQWXHSXNVERZ648,2025-06-30T13:50:59.071519165Z
01JZ0K00N7WKE9T6GFNH8Z0WQ9,01JZ0JJRG62BDVPN4H0KJ2XPWK,2025-06-30T14:13:58.567570725Z,01JZ0JJRKVJXBJGVYTJ6TBMBFM,2025-06-30T14:13:58.567570725Z,01JZ0JT6RPMCT74P4JP8THD1T8,2025-06-30T14:13:58.567570725Z,01JZ0JW9G1715DA28FHK9V31XS,2025-06-30T14:13:58.567570725Z,01JZ0JW9K9EZD3KQFT0CHYPNWX,2025-06-30T14:13:58.567570725Z
01JZ0SN947RRQPT33XY8PB5N0M,01JZ0S9G3E1V9Y4W1M8GV3AGA9,2025-06-30T16:10:26.82321005Z,01JZ0S9G69Y1BMBR3KZBCDH0XZ,2025-06-30T16:10:26.82321005Z,01JZ0SJ8C2JTDBBCYPNE6VJW23,2025-06-30T16:10:26.82321005Z,01JZ0SN4MEMH5GM4GGX339NA9T,2025-06-30T16:10:26.82321005Z,01JZ0SN55ADBCNQDSTZ5QJSR2S,2025-06-30T16:10:26.82321005Z
01JZ0SSXW3YB1MSER8QA9BFBDM,01JZ0S9G3E1V9Y4W1M8GV3AGA9,2025-06-30T16:12:59.139911694Z,01JZ0S9G7VJHRZZRV1KXAXAXSY,2025-06-30T16:12:59.139911694Z,01JZ0SFEC760TZW065ZBPCGFEK,2025-06-30T16:12:59.139911694Z,01JZ0SP48F3VDFFJ0GMG3AQPDM,2025-06-30T16:12:59.139911694Z,01JZ0SP4MV9NPWKWKV9VX2SD25,2025-06-30T16:12:59.139911694Z
01JZ0FJGTJSJMWJK9AY334YN2Q,01JZ0F67X5J6SBR3095JZ2KKHQ,2025-06-30T13:14:10.642204876Z,01JZ0F67ZMW5MYVAMRDCKET4QV,2025-06-30T13:14:10.642204876Z,01JZ0FAE5RJ1QVP6VAA70BSQ0P,2025-06-30T13:14:10.642204876Z,01JZ0FETS8ER9G1DS9D9GHXGJ5,2025-06-30T13:14:10.642204876Z,01JZ0FETTPYV8RFPXT500S0SKN,2025-06-30T13:14:10.642204876Z
01JZ0G1RQG39H2ZZK6R0SE4CBK,01JZ0F67X5J6SBR3095JZ2KKHQ,2025-06-30T13:22:30.25676523Z,01JZ0F67Z8B8A42G6Y5XQ0NS83,2025-06-30T13:22:30.25676523Z,01JZ0FEY0G09HWKF9WWANREXZ5,2025-06-30T13:22:30.25676523Z,01JZ0FW5GZ8NR8PVKBDD2P70TS,2025-06-30T13:22:30.25676523Z,01JZ0FW5RBJNNA3GJTC4NQK0WN,2025-06-30T13:22:30.25676523Z
01JZ0JXFZRNFCC9CJH1MXCKEB5,01JZ0JJRG62BDVPN4H0KJ2XPWK,2025-06-30T14:12:35.960872867Z,01JZ0JJRMQ32S1DDP8PZN3RKEA,2025-06-30T14:12:35.960872867Z,01JZ0JR3W3AT1DTGXQJW4YRCNE,2025-06-30T14:12:35.960872867Z,01JZ0JSS78RK42Y17VNQFVPT1K,2025-06-30T14:12:35.960872867Z,01JZ0JSSA13XQTH0PSQVMEQD2C,2025-06-30T14:12:35.960872867Z
01JZ0PVW2VK19MV90YHCWTQFQF,01JZ0PDFE8X2A24VZSJDD0T2BH,2025-06-30T15:21:37.1152675Z,01JZ0PDFFH0EDR9F9CYFN0TQY3,2025-06-30T15:21:37.1152675Z,01JZ0PPXCPF7JHRT9SA9YT6R6B,2025-06-30T15:21:37.1152675Z,01JZ0PVRG7Q9XH6WS9RGNQ3YX6,2025-06-30T15:21:37.1152675Z,01JZ0PVRP77E3NV7NX1BVSV22X,2025-06-30T15:21:37.1152675Z
01JZ0RNRPE23745XVJKTA3KYQB,01JZ0R44WS56B1WD5354KYAZ6V,2025-06-30T15:53:14.190148335Z,01JZ0R44ZMT5HYXWVABB60AH0G,2025-06-30T15:53:14.190148335Z,01JZ0R6DY0PYZTQ6QXN5D3091D,2025-06-30T15:53:14.190148335Z,01JZ0RDSCA9FG61RXWSV693V0M,2025-06-30T15:53:14.190148335Z,01JZ0RDSQE8HFYQ8Y047151M2B,2025-06-30T15:53:14.190148335Z
01JZ0T33C4X35J8FFVQWQVAN5G,01JZ0S9G3E1V9Y4W1M8GV3AGA9,2025-06-30T16:17:59.684372759Z,01JZ0S9G8MSQJNW9QDDX82T8EZ,2025-06-30T16:17:59.684372759Z,01JZ0ST5TS5QV8K1SHD437M5P1,2025-06-30T16:17:59.684372759Z,01JZ0T2Z6AMGE826QEXMPN0BXC,2025-06-30T16:17:59.684372759Z,01JZ0T2ZCS43Y5BZB2S8HQHMDZ,2025-06-30T16:17:59.684372759Z
01JZ0VH6CNNZ2GY0814E9NEXBX,01JZ0TXM4HA3Q8P6D6TPYYS7R3,2025-06-30T16:43:10.101785451Z,01JZ0TXM7C18DJWS688K2WH576,2025-06-30T16:43:10.101785451Z,01JZ0V0WVFE4ZBB3TWZ97MY0D7,2025-06-30T16:43:10.101785451Z,01JZ0V8ZTNVSWJ9G2H4MRHHPET,2025-06-30T16:43:10.101785451Z,01JZ0V909C373QS7799JXY9YVC,2025-06-30T16:43:10.101785451Z
01JZ0FGWCE7503AYPDY7ZNASX5,01JZ0F67X5J6SBR3095JZ2KKHQ,2025-06-30T13:13:16.942733349Z,01JZ0F67ZEPC67VW242P0YYZAA,2025-06-30T13:13:16.942733349Z,01JZ0FBBZEB4A1064AHQHB0AGD,2025-06-30T13:13:16.942733349Z,01JZ0FF152BEQYSVW0DGQ8J2MY,2025-06-30T13:13:16.942733349Z,01JZ0FF16924XPFD3ZH6W912TQ,2025-06-30T13:13:16.942733349Z
01JZ0MCJ4R57XF0TEEY7GRGFS5,01JZ0KZHFC2GEC175ZSKVHYGR2,2025-06-30T14:38:18.264199583Z,01JZ0KZHGK1V8ZC0AXDBXBYAX9,2025-06-30T14:38:18.264199583Z,01JZ0M1CDMV1DW6G5GC0CGAP7Z,2025-06-30T14:38:18.264199583Z,01JZ0M8V6QTQ2XMY7H3K1D6P3H,2025-06-30T14:38:18.264199583Z,01JZ0M8V9JM76WM0YQ4FYK6VVS,2025-06-30T14:38:18.264199583Z
01JZ0G1EFBB31NVQCAMZ8EAXFD,01JZ0F67X5J6SBR3095JZ2KKHQ,2025-06-30T13:22:19.755974659Z,01JZ0F67ZC5C7QZPK5TEQ23RT2,2025-06-30T13:22:19.755974659Z,01JZ0FGZ3TEBS93H4SFF5B7S2S,2025-06-30T13:22:19.755974659Z,01JZ0FSQ4MYYKXDA7G1SSWG7Y9,2025-06-30T13:22:19.755974659Z,01JZ0FSQAP2Q67TT60RJG27X7X,2025-06-30T13:22:19.755974659Z
01JZ0HVC1J71DEAK7ZVJERJ96X,01JZ0H1K4AG17CS34Z9G9MQYDS,2025-06-30T13:53:57.810370643Z,01JZ0H1K72P9WWMQFG7ACVRNHM,2025-06-30T13:53:57.810370643Z,01JZ0H6Y1FWY7X7YNWMGA41ZX8,2025-06-30T13:53:57.810370643Z,01JZ0HKZ29E8N7W3H1PM11VNZX,2025-06-30T13:53:57.810370643Z,01JZ0HKZ6H5ZK4GHV2BMPSZA9Q,2025-06-30T13:53:57.810370643Z
01JZ0K26CS24AMGFHXD5B3N9GJ,01JZ0JJRG62BDVPN4H0KJ2XPWK,2025-06-30T14:15:09.977847212Z,01JZ0JJRM7K0MBX3MKCVTKC5NR,2025-06-30T14:15:09.977847212Z,01JZ0JXWKS0M8W514SAFXDFCXQ,2025-06-30T14:15:09.977847212Z,01JZ0K098RXBK86NWQE5BGP8AC,2025-06-30T14:15:09.977847212Z,01JZ0K09E4NMDF8JS9NVDAX7SK,2025-06-30T14:15:09.977847212Z
01JZ0K2ZKEFBYJHBJY9KH4SNBX,01JZ0JJRG62BDVPN4H0KJ2XPWK,2025-06-30T14:15:35.790442281Z,01JZ0JJRMFBKARHHQY8ZXKDX2Q,2025-06-30T14:15:35.790442281Z,01JZ0JQQMSRZZJ1P2ESVX6GNQJ,2025-06-30T14:15:35.790442281Z,01JZ0K2YEFGBK0DQCQ0ZFX8Q5Z,2025-06-30T14:15:35.790442281Z,01JZ0K2YG3MG98F16RTKVMX7WV,2025-06-30T14:15:35.790442281Z
01JZ0K4166Y22V5Q9X694ZR1ZB,01JZ0JJRG62BDVPN4H0KJ2XPWK,2025-06-30T14:16:10.183026476Z,01JZ0JJRM7K0MBX3MKCVTKC5NR,2025-06-30T14:16:10.183026476Z,01JZ0JS7KGQTXA56X7MR2N3V4S,2025-06-30T14:16:10.183026476Z,01JZ0K098RXBK86NWQE5BGP8AC,2025-06-30T14:16:10.183026476Z,01JZ0K09EMBRW81QFHCACCVZJ6,2025-06-30T14:16:10.183026476Z
01JZ0QFSXMQWZ0ZYSVEGZGJC7Y,01JZ0Q0CTMMAVY329HW6Z84SYY,2025-06-30T15:32:30.260861386Z,01JZ0Q0CWNKJYDS4SW61Q7VTQN,2025-06-30T15:32:30.260861386Z,01JZ0Q7M09XJBYMG64Y89317N8,2025-06-30T15:32:30.260861386Z,01JZ0Q80YHG4MHW8DMRKNRWY2W,2025-06-30T15:32:30.260861386Z,01JZ0Q815CN9R996SBP6VT9MY7,2025-06-30T15:32:30.260861386Z
01JZ0RDNQ67QK3D2SNB134BVBH,01JZ0R44WS56B1WD5354KYAZ6V,2025-06-30T15:48:48.998903255Z,01JZ0R44YD4TQ1QQVW9H1W0WBF,2025-06-30T15:48:48.998903255Z,01JZ0R9GRQ3PA7HCKR9SBRDB26,2025-06-30T15:48:48.998903255Z,01JZ0RDJ0XXCM980RFX0R86PD9,2025-06-30T15:48:48.998903255Z,01JZ0RDJDBM72ZH89Y5NBGW57F,2025-06-30T15:48:48.998903255Z
01JZ0FRXS4NZVTGN4WSXH7GDE0,01JZ0F67X5J6SBR3095JZ2KKHQ,2025-06-30T13:17:40.516223964Z,01JZ0F67Z61XNM528ZD36RPYGY,2025-06-30T13:17:40.516223964Z,01JZ0FB172KNS8VTXE4YCY4S30,2025-06-30T13:17:40.516223964Z,01JZ0FHHXX3GHZ77DRFBSQM09C,2025-06-30T13:17:40.516223964Z,01JZ0FHJ0NEHH9G49WX566K78G,2025-06-30T13:17:40.516223964Z
01JZ0T1RCWT42FH9Q9NPEZPYCA,01JZ0S9G3E1V9Y4W1M8GV3AGA9,2025-06-30T16:17:15.676299115Z,01JZ0S9G72AZ3MF9HASHX1PW43,2025-06-30T16:17:15.676299115Z,01JZ0SMZHYMDQK8WF64HD0D3K4,2025-06-30T16:17:15.676299115Z,01JZ0SSF389HKA4QSJQDWQBPK3,2025-06-30T16:17:15.676299115Z,01JZ0SSFM7W9K12VT26J1075B1,2025-06-30T16:17:15.676299115Z
01JZ0RN2BF3A9F4YM4ND17FPVZ,01JZ0R44WS56B1WD5354KYAZ6V,2025-06-30T15:52:51.311750073Z,01JZ0R44YD4TQ1QQVW9H1W0WBF,2025-06-30T15:52:51.311750073Z,01JZ0R657BB3E0BHJE1YNP9JA7,2025-06-30T15:52:51.311750073Z,01JZ0RDJBC3M7VJVVNTZ765VZZ,2025-06-30T15:52:51.311750073Z,01JZ0RDJRRH5SAYZ8MMPTW81CY,2025-06-30T15:52:51.311750073Z
01JZ0G48GR9TJ9WRJ12CVY8DDX,01JZ0F67X5J6SBR3095JZ2KKHQ,2025-06-30T13:23:51.960494556Z,01JZ0F67Z8B8A42G6Y5XQ0NS83,2025-06-30T13:23:51.960494556Z,01JZ0FMGSF0PK3CA9HTNHT34W1,2025-06-30T13:23:51.960494556Z,01JZ0FW5ERYWRKT75VNMKFW57X,2025-06-30T13:23:51.960494556Z,01JZ0FW60X3TQ3EH9FYEX0B18G,2025-06-30T13:23:51.960494556Z
01JZ0K8BACQ47APNHYZVE8KFZR,01JZ0JJRG62BDVPN4H0KJ2XPWK,2025-06-30T14:18:31.628114672Z,01JZ0JJRM7K0MBX3MKCVTKC5NR,2025-06-30T14:18:31.628114672Z,01JZ0JQS81T66D82KVDDFPP0F3,2025-06-30T14:18:31.628114672Z,01JZ0K099NNS02HGWW23F906B5,2025-06-30T14:18:31.628114672Z,01JZ0K09MK8N8E3Q5AQXC6W588,2025-06-30T14:18:31.628114672Z
01JZ0PX2KENK33JDDJKYWSP5TZ,01JZ0PDFE8X2A24VZSJDD0T2BH,2025-06-30T15:22:16.558318141Z,01JZ0PDFG0TZHQMJ413RSFKXP4,2025-06-30T15:22:16.558318141Z,01JZ0PJ0N9RJK6CWJ28SDNPHWX,2025-06-30T15:22:16.558318141Z,01JZ0PSB8QFHT28EPRTVD2EBFB,2025-06-30T15:22:16.558318141Z,01JZ0PSBCXEZY6QEMF25SVCS88,2025-06-30T15:22:16.558318141Z
01JZ0RGR85VR1YZ1J1VF2ENWQY,01JZ0R44WS56B1WD5354KYAZ6V,2025-06-30T15:50:29.893537988Z,01JZ0R44YW0T94WKHD2ZAT9VPC,2025-06-30T15:50:29.893537988Z,01JZ0RA7ZVQK012EEC40XNGWC7,2025-06-30T15:50:29.893537988Z,01JZ0RCZ5WMDRF6E7DKWB3TR0Z,2025-06-30T15:50:29.893537988Z,01JZ0RCZEY2GM308G43WZB43HS,2025-06-30T15:50:29.893537988Z
01JZ0RKH18NX56QJDCJNVMB5B6,01JZ0R44WS56B1WD5354KYAZ6V,2025-06-30T15:52:00.808376449Z,01JZ0R44ZMT5HYXWVABB60AH0G,2025-06-30T15:52:00.808376449Z,01JZ0RB2RBV77DCY4AE9FA26J2,2025-06-30T15:52:00.808376449Z,01JZ0RDSDRWJSGT5RWM6SPP1BW,2025-06-30T15:52:00.808376449Z,01JZ0RDSKE5WH4HDAH609MC1VS,2025-06-30T15:52:00.808376449Z
01JZ0RQ75K4QQBTN1W3EH7WFCF,01JZ0R44WS56B1WD5354KYAZ6V,2025-06-30T15:54:01.779743908Z,01JZ0R450A0M8Q4QC968ZVRS9H,2025-06-30T15:54:01.779743908Z,01JZ0R6Z68KBAXFH25R17ZH0FP,2025-06-30T15:54:01.779743908Z,01JZ0RFNWNPKRGC6SYS05MJ0WV,2025-06-30T15:54:01.779743908Z,01JZ0RFPBSM50DGW45KGPJPB79,2025-06-30T15:54:01.779743908Z
01JZ0SQHFANHRTC1VTFAT0CHEY,01JZ0S9G3E1V9Y4W1M8GV3AGA9,2025-06-30T16:11:40.906513566Z,01JZ0S9GBDE95BAEJ35DY3VGC4,2025-06-30T16:11:40.906513566Z,01JZ0SEY1R1NKY7QYBNSN52N16,2025-06-30T16:11:40.906513566Z,01JZ0SQEAR8P2YM87JXPSY3S0C,2025-06-30T16:11:40.906513566Z,01JZ0SQEGZSES92G0BHJP07QJE,2025-06-30T16:11:40.906513566Z
01JZ0FNPG7SHNW16XKRXSBH9TS,01JZ0F67X5J6SBR3095JZ2KKHQ,2025-06-30T13:15:54.759632966Z,01JZ0F67ZFPZEHV6BKFXQYDXZZ,2025-06-30T13:15:54.759632966Z,01JZ0FC1MEEYB5ZHG0QP6GKMWQ,2025-06-30T13:15:54.759632966Z,01JZ0FG2TMDGKK0EJR14EYFE7R,2025-06-30T13:15:54.759632966Z,01JZ0FG2WY2714P5Q1V528ACYZ,2025-06-30T13:15:54.759632966Z
01JZ0T6THA5AXNMWGQJPCFG0BG,01JZ0S9G3E1V9Y4W1M8GV3AGA9,2025-06-30T16:20:01.706443061Z,01JZ0S9G8MSQJNW9QDDX82T8EZ,2025-06-30T16:20:01.706443061Z,01JZ0SMQXV1DDFCHV33AY50M6P,2025-06-30T16:20:01.706443061Z,01JZ0T2Z776H5NYH3952M90NE0,2025-06-30T16:20:01.706443061Z,01JZ0T2ZGDPH2GRZSCAH1EZ3W6,2025-06-30T16:20:01.706443061Z
01JZ0SZ8WJFCZBZ00JQ1DNBV4P,01JZ0S9G3E1V9Y4W1M8GV3AGA9,2025-06-30T16:15:54.259033851Z,01JZ0S9GD9MABT2H3JKQDC0TB1,2025-06-30T16:15:54.259033851Z,01JZ0SCCGQ4WDJE5VH80FR1DGN,2025-06-30T16:15:54.259033851Z,01JZ0SSG56XTAJ4MTPA3PZYF46,2025-06-30T16:15:54.259033851Z,01JZ0SSGBBWAGC7S6FMYQ3XZ8S,2025-06-30T16:15:54.259033851Z
01JZ0FX8NWJS2CHVSRQJTJJVH6,01JZ0F67X5J6SBR3095JZ2KKHQ,2025-06-30T13:20:02.748505836Z,01JZ0F67ZNGQ7M2D3G3M0R8ZTD,2025-06-30T13:20:02.748505836Z,01JZ0FB8B329KN6H9RPGAVWG69,2025-06-30T13:20:02.748505836Z,01JZ0FNH5RFAQH4BE8QPA9KQ5S,2025-06-30T13:20:02.748505836Z,01JZ0FNH9AKCN2MMZMWC8MBTT0,2025-06-30T13:20:02.748505836Z
01JZ0HSXVR4T6H97NRDN644BXN,01JZ0H1K4AG17CS34Z9G9MQYDS,2025-06-30T13:53:10.520136112Z,01JZ0H1K6XDYNJQ07N0KM3P1VX,2025-06-30T13:53:10.520136112Z,01JZ0HEH4WMXEPRA5Z4S2NQMBH,2025-06-30T13:53:10.520136112Z,01JZ0HJ6JRFPNPRPH421VX8DFC,2025-06-30T13:53:10.520136112Z,01JZ0HJ6SGHP86XK7T10SR7KKZ,2025-06-30T13:53:10.520136112Z
01JZ0JYYWJ5KBPCC3DY5R1S8PJ,01JZ0JJRG62BDVPN4H0KJ2XPWK,2025-06-30T14:13:23.986516554Z,01JZ0JJRK7MTN7FAC1224V82KC,2025-06-30T14:13:23.986516554Z,01JZ0JRSFTK3MVKWF6KJBEKR0E,2025-06-30T14:13:23.986516554Z,01JZ0JYWSMTN9F477ZHXCCB59Z,2025-06-30T14:13:23.986516554Z,01JZ0JYWYZ6Q7WZ6X1CBK7Y7D8,2025-06-30T14:13:23.986516554Z
01JZ0MECYTV33A46YQM1HEM6VA,01JZ0KZHFC2GEC175ZSKVHYGR2,2025-06-30T14:39:18.490428951Z,01JZ0KZHGK1V8ZC0AXDBXBYAX9,2025-06-30T14:39:18.490428951Z,01JZ0M1CDMV1DW6G5GC0CGAP7Z,2025-06-30T14:39:18.490428951Z,01JZ0M8V6QTQ2XMY7H3K1D6P3H,2025-06-30T14:39:18.490428951Z,01JZ0M8V9V4RFKNG1ZYBDF5NW8,2025-06-30T14:39:18.490428951Z
01JZ0RMF67RZ5ZA51H12PGV4NN,01JZ0R44WS56B1WD5354KYAZ6V,2025-06-30T15:52:31.687770444Z,01JZ0R44YW0T94WKHD2ZAT9VPC,2025-06-30T15:52:31.687770444Z,01JZ0R7M0GNQWHJJYSHNG909HC,2025-06-30T15:52:31.687770444Z,01JZ0RCZ6GGFDRV5K0HC37H854,2025-06-30T15:52:31.687770444Z,01JZ0RCZJ795ARWQ1NBJQD3R7Q,2025-06-30T15:52:31.687770444Z
01JZ0VJFNYFPT6V3CZ4DPWE8D3,01JZ0TXM4HA3Q8P6D6TPYYS7R3,2025-06-30T16:43:52.382554865Z,01JZ0TXM9G1YQW4PKWAZEHBP4X,2025-06-30T16:43:52.382554865Z,01JZ0V4QNV0ZADMBTC1TQANM95,2025-06-30T16:43:52.382554865Z,01JZ0VA3A76VA7SZXG7HPB9DY1,2025-06-30T16:43:52.382554865Z,01JZ0VA3QF98P0RT7YVWR7M0KD,2025-06-30T16:43:52.382554865Z
01JZ0FJ5ENFDC6W3RYT8FY7RB8,01JZ0F67X5J6SBR3095JZ2KKHQ,2025-06-30T13:13:58.99750156Z,01JZ0F67ZPF4121D8VQV580KT1,2025-06-30T13:13:58.99750156Z,01JZ0FCCMZG8VETD8HED6X5G3F,2025-06-30T13:13:58.99750156Z,01JZ0FG9XR3ADT6FD51B6EJHQB,2025-06-30T13:13:58.99750156Z,01JZ0FG9YWWG2VWZMQ1Q9RCDGB,2025-06-30T13:13:58.99750156Z
01JZ0FYHH71BZSTW5BC9J50STF,01JZ0F67X5J6SBR3095JZ2KKHQ,2025-06-30T13:20:44.584043609Z,01JZ0F67ZNGQ7M2D3G364WEKWP,2025-06-30T13:20:44.584043609Z,01JZ0FHSMZ1RKYF919HZF316MP,2025-06-30T13:20:44.584043609Z,01JZ0FPGB2RBFHA2C330T8B79V,2025-06-30T13:20:44.584043609Z,01JZ0FPGN1B4FQ01WXZBS6S5D9,2025-06-30T13:20:44.584043609Z
01JZ0HMT9BGF0MRA9HJJRZAK43,01JZ0H1K4AG17CS34Z9G9MQYDS,2025-06-30T13:50:23.01971835Z,01JZ0H1K706F68YJ8PB50DJAH3,2025-06-30T13:50:23.01971835Z,01JZ0H4A5D7C5PF70PNDKFAY5N,2025-06-30T13:50:23.01971835Z,01JZ0HDDPWNYGTK2DVP3JF7ANT,2025-06-30T13:50:23.01971835Z,01JZ0HDDTHP3VCN418R8WTFHP9,2025-06-30T13:50:23.01971835Z
01JZ0RFZQFBJP8PBQXPXBQK6P5,01JZ0R44WS56B1WD5354KYAZ6V,2025-06-30T15:50:04.783362531Z,01JZ0R450M24K8ZS9F18EDTFG6,2025-06-30T15:50:04.783362531Z,01JZ0RCXVG1DXMY1P3XSZCR2NJ,2025-06-30T15:50:04.783362531Z,01JZ0RFVE4BCDRFZQMBJNBKZXN,2025-06-30T15:50:04.783362531Z,01JZ0RFVF3CTD6WR5AYW1NG2YJ,2025-06-30T15:50:04.783362531Z
01JZ0FHJM3650XBX5ZXTY9GFH0,01JZ0F67X5J6SBR3095JZ2KKHQ,2025-06-30T13:13:39.715433584Z,01JZ0F67Z61XNM528ZD36RPYGY,2025-06-30T13:13:39.715433584Z,01JZ0FCDGSPH1H2BZZPN1QS63M,2025-06-30T13:13:39.715433584Z,01JZ0FHHXFK5V29KR8E7JSXRQV,2025-06-30T13:13:39.715433584Z,01JZ0FHHYWCJN7E2F4V5DCTC2A,2025-06-30T13:13:39.715433584Z
01JZ0SYYV5C9T8C818C1SAD2B2,01JZ0S9G3E1V9Y4W1M8GV3AGA9,2025-06-30T16:15:43.973854972Z,01JZ0S9GBDE95BAEJ35DY3VGC4,2025-06-30T16:15:43.973854972Z,01JZ0SQ9PF520D4EJDE9FVG6JE,2025-06-30T16:15:43.973854972Z,01JZ0SQEDMCRC0SE3ZVA9VRSZR,2025-06-30T16:15:43.973854972Z,01JZ0SQEQ0KCNG93ZTV2FW9MYQ,2025-06-30T16:15:43.973854972Z
01JZ0T4Z3CM5BMP4MZ66PC01DG,01JZ0S9G3E1V9Y4W1M8GV3AGA9,2025-06-30T16:19:00.844642883Z,01JZ0S9G8MSQJNW9QDDX82T8EZ,2025-06-30T16:19:00.844642883Z,01JZ0SMQXV1DDFCHV33AY50M6P,2025-06-30T16:19:00.844642883Z,01JZ0T2Z776H5NYH3952M90NE0,2025-06-30T16:19:00.844642883Z,01JZ0T2ZFPDV5D7H1VBDA9J26G,2025-06-30T16:19:00.844642883Z
01JZ0VCT6MQD2JMWD85CK965BH,01JZ0TXM4HA3Q8P6D6TPYYS7R3,2025-06-30T16:40:46.54832656Z,01JZ0TXM7C18DJWS688K2WH576,2025-06-30T16:40:46.54832656Z,01JZ0V0WVFE4ZBB3TWZ97MY0D7,2025-06-30T16:40:46.54832656Z,01JZ0V8ZQZFAA3Z4NYN9H5S8FG,2025-06-30T16:40:46.54832656Z,01JZ0V9013X6FEV8W9454Y02MT,2025-06-30T16:40:46.54832656Z
01JZ0HSXW7CX9ZC1YS1DGC4BVA,01JZ0H1K4AG17CS34Z9G9MQYDS,2025-06-30T13:53:10.535192582Z,01JZ0H1K6XDYNJQ07N0KM3P1VX,2025-06-30T13:53:10.535192582Z,01JZ0HBGF52K71HWK9APQ4JSS0,2025-06-30T13:53:10.535192582Z,01JZ0HJ6JRFPNPRPH421VX8DFC,2025-06-30T13:53:10.535192582Z,01JZ0HJ6SGHP86XK7T10SR7KKZ,2025-06-30T13:53:10.535192582Z
01JZ0RFTQWH1EP0TBQ0B68SX0V,01JZ0R44WS56B1WD5354KYAZ6V,2025-06-30T15:49:59.676092294Z,01JZ0R44ZMT5HYXWVABB60AH0G,2025-06-30T15:49:59.676092294Z,01JZ0R6Q0YQ41FZ6FDY8FN8NJA,2025-06-30T15:49:59.676092294Z,01JZ0RDSDRWJSGT5RWM6SPP1BW,2025-06-30T15:49:59.676092294Z,01JZ0RDSJ36V2BKV8CCXRG2JRZ,2025-06-30T15:49:59.676092294Z
01JZ0FXNWS4X6PNX4BVTXMM962,01JZ0F67X5J6SBR3095JZ2KKHQ,2025-06-30T13:20:16.2815792Z,01JZ0F67Z9QH00F8GAXY086HB5,2025-06-30T13:20:16.2815792Z,01JZ0FBRXZ8XMKNDM1GTFS4P4A,2025-06-30T13:20:16.2815792Z,01JZ0FNMGEWN0TYT8CB4N2HGW2,2025-06-30T13:20:16.2815792Z,01JZ0FNMS7C5RK3GDVW8YVXRV9,2025-06-30T13:20:16.2815792Z
01JZ0Q1CXYQ8PMZWT8PGFJPAE7,01JZ0PDFE8X2A24VZSJDD0T2BH,2025-06-30T15:24:38.206833314Z,01JZ0PDFFH0EDR9F9CYFN0TQY3,2025-06-30T15:24:38.206833314Z,01JZ0PPXCPF7JHRT9SA9YT6R6B,2025-06-30T15:24:38.206833314Z,01JZ0PVRKCVAZGVD5GK5DEWP0E,2025-06-30T15:24:38.206833314Z,01JZ0PVRV8VQ6JWJ93GT9BV6F7,2025-06-30T15:24:38.206833314Z
01JZ0RRES1Y3G0AGRRNM36J6TY,01JZ0R44WS56B1WD5354KYAZ6V,2025-06-30T15:54:42.337551435Z,01JZ0R44ZYB02HBRR2X1W771BR,2025-06-30T15:54:42.337551435Z,01JZ0R73B6ZBY0XV8TDKBRTHN0,2025-06-30T15:54:42.337551435Z,01JZ0RGZ41HVKXEBX2TYNXK9ZD,2025-06-30T15:54:42.337551435Z,01JZ0RGZFCVQJE7DMSZG1C6FQM,2025-06-30T15:54:42.337551435Z
01JZ0SVJBK81REEMYHXB6RJT4K,01JZ0S9G3E1V9Y4W1M8GV3AGA9,2025-06-30T16:13:52.88368489Z,01JZ0S9GD9MABT2H3JKQDC0TB1,2025-06-30T16:13:52.88368489Z,01JZ0SS4GE1C0ZJG3NGWXA6V0Z,2025-06-30T16:13:52.88368489Z,01JZ0SSG56XTAJ4MTPA3PZYF46,2025-06-30T16:13:52.88368489Z,01JZ0SSG9RPFYB4Q413TYRWAT1,2025-06-30T16:13:52.88368489Z
01JZ0TJXY6EM02ZF46DEN2JHYB,01JZ0T594M7DT83RJMYEJDT186,2025-06-30T16:26:38.406685899Z,01JZ0T59780CP4Z1F2CEHFDNAC,2025-06-30T16:26:38.406685899Z,01JZ0T6HG4Z9MM9B64YAZ61PAA,2025-06-30T16:26:38.406685899Z,01JZ0TGXAWKWP7D51X7AXHZM1D,2025-06-30T16:26:38.406685899Z,01JZ0TGXJC9KX3P475M2PFTP69,2025-06-30T16:26:38.406685899Z
01JZ0FQCYFK1DREN0AX3YHPP4F,01JZ0F67X5J6SBR3095JZ2KKHQ,2025-06-30T13:16:50.51181338Z,01JZ0F67ZNGQ7M2D3G3M0R8ZTD,2025-06-30T13:16:50.51181338Z,01JZ0FBTJXMW2AK8YMAJ7FJR7V,2025-06-30T13:16:50.51181338Z,01JZ0FNH5C6Q73NCV3H5ND8BSP,2025-06-30T13:16:50.51181338Z,01JZ0FNH7H6V08MHV9QEBAG9SJ,2025-06-30T13:16:50.51181338Z
01JZ0HJ82KNYRKBWPYFCPSH938,01JZ0H1K4AG17CS34Z9G9MQYDS,2025-06-30T13:48:58.835758834Z,01JZ0H1K78HDDW9F2WM1P8VZMN,2025-06-30T13:48:58.835758834Z,01JZ0H6H4K79XNW5XKQJ205ZTV,2025-06-30T13:48:58.835758834Z,01JZ0HAGS7E9CRX0SV4TDEYPGQ,2025-06-30T13:48:58.835758834Z,01JZ0HAGWZFATP7YBM6916T1HM,2025-06-30T13:48:58.835758834Z
01JZ0MBRWKCFMEDPP0DS45K7RZ,01JZ0KZHFC2GEC175ZSKVHYGR2,2025-06-30T14:37:52.403929929Z,01JZ0KZHGXZ28TMC40NC90GVYX,2025-06-30T14:37:52.403929929Z,01JZ0M51W4TR1XT98HK5JRZZMZ,2025-06-30T14:37:52.403929929Z,01JZ0M9WSQ9DM8WT39RMXP13EB,2025-06-30T14:37:52.403929929Z,01JZ0M9WX0K0A5Z0K704BC9JDE,2025-06-30T14:37:52.403929929Z
01JZ0RHNXEE47JCRBGW9G2077Z,01JZ0R44WS56B1WD5354KYAZ6V,2025-06-30T15:51:00.270810451Z,01JZ0R44ZMT5HYXWVABB60AH0G,2025-06-30T15:51:00.270810451Z,01JZ0R6QFFN30D6XK6YWT9MS2Y,2025-06-30T15:51:00.270810451Z,01JZ0RDSDRWJSGT5RWM6SPP1BW,2025-06-30T15:51:00.270810451Z,01JZ0RDSJT0J3J6TXBT5BY8JVJ,2025-06-30T15:51:00.270810451Z
01JZ0RKGZ7AS03H5C076QPXM46,01JZ0R44WS56B1WD5354KYAZ6V,2025-06-30T15:52:00.743328318Z,01JZ0R44ZMT5HYXWVABB60AH0G,2025-06-30T15:52:00.743328318Z,01JZ0R6QFFN30D6XK6YWT9MS2Y,2025-06-30T15:52:00.743328318Z,01JZ0RDSDRWJSGT5RWM6SPP1BW,2025-06-30T15:52:00.743328318Z,01JZ0RDSKE5WH4HDAH609MC1VS,2025-06-30T15:52:00.743328318Z
01JZ0RMRAFTC0H33EWNAZD287F,01JZ0R44WS56B1WD5354KYAZ6V,2025-06-30T15:52:41.039108873Z,01JZ0R44ZYB02HBRR2X1W771BR,2025-06-30T15:52:41.039108873Z,01JZ0R650HM6CA46MBYW3JYRJ9,2025-06-30T15:52:41.039108873Z,01JZ0RGZ3DKRXN7JFMF7ZYJ17Q,2025-06-30T15:52:41.039108873Z,01JZ0RGZBCQSNCQFB1WY5ZGE61,2025-06-30T15:52:41.039108873Z
01JZ0SP75FER8T7070XS4RN0RB,01JZ0S9G3E1V9Y4W1M8GV3AGA9,2025-06-30T16:10:57.584034433Z,01JZ0S9G7VJHRZZRV1KXAXAXSY,2025-06-30T16:10:57.584034433Z,01JZ0SMKXSB3XMQCB6RQZ86SBG,2025-06-30T16:10:57.584034433Z,01JZ0SP4A04XPV6N27S5YJ1WSZ,2025-06-30T16:10:57.584034433Z,01JZ0SP4HR50WP99GXDS4YC9FK,2025-06-30T16:10:57.584034433Z
01JZ0FEVARXN6A2WKT8SZM8MBH,01JZ0F67X5J6SBR3095JZ2KKHQ,2025-06-30T13:12:10.32878613Z,01JZ0F67ZMW5MYVAMRDCKET4QV,2025-06-30T13:12:10.32878613Z,01JZ0FBAX014VD39AWS4YVMD4F,2025-06-30T13:12:10.32878613Z,01JZ0FETS298VMJSD4EETNPRNK,2025-06-30T13:12:10.32878613Z,01JZ0FETSXTFVFRZCJHJGR1VM0,2025-06-30T13:12:10.32878613Z
01JZ0HE597NPHBQANBC6XE2R9Y,01JZ0H1K4AG17CS34Z9G9MQYDS,2025-06-30T13:46:44.903305972Z,01JZ0H1K7A7HBJ5WZC7T99GVBX,2025-06-30T13:46:44.903305972Z,01JZ0H9XDVSFP2KP78SR78XFKD,2025-06-30T13:46:44.903305972Z,01JZ0HAECPB75NSKW408592PHJ,2025-06-30T13:46:44.903305972Z,01JZ0HAEGSNH2JMHJS0Y20K363,2025-06-30T13:46:44.903305972Z
01JZ0K26DTTSC4CFPV7KP49WQF,01JZ0JJRG62BDVPN4H0KJ2XPWK,2025-06-30T14:15:10.010751825Z,01JZ0JJRM7K0MBX3MKCVTKC5NR,2025-06-30T14:15:10.010751825Z,01JZ0JQS81T66D82KVDDFPP0F3,2025-06-30T14:15:10.010751825Z,01JZ0K098RXBK86NWQE5BGP8AC,2025-06-30T14:15:10.010751825Z,01JZ0K09E4NMDF8JS9NVDAX7SK,2025-06-30T14:15:10.010751825Z
01JZ0RHVSEJ9PVSJAEKP38X1EK,01JZ0R44WS56B1WD5354KYAZ6V,2025-06-30T15:51:06.286396858Z,01JZ0R450M24K8ZS9F18EDTFG6,2025-06-30T15:51:06.286396858Z,01JZ0RBHM6DJSV98KF0MQ35S2E,2025-06-30T15:51:06.286396858Z,01JZ0RFVDEC09529ZV39X1MYHY,2025-06-30T15:51:06.286396858Z,01JZ0RFVKSDR65DCCWGYE2FNK6,2025-06-30T15:51:06.286396858Z
01JZ0FM0HW0KEN2N3F8K031BBF,01JZ0F67X5J6SBR3095JZ2KKHQ,2025-06-30T13:14:59.516819098Z,01JZ0F6805RKXP4JKMN5N89R8W,2025-06-30T13:14:59.516819098Z,01JZ0FBAJB7KQ7GP21NQ7ZFSYY,2025-06-30T13:14:59.516819098Z,01JZ0FEFHXWJDW412MQGZ1YMFV,2025-06-30T13:14:59.516819098Z,01JZ0FEFKMKA9G1K7GYH5N6VEK,2025-06-30T13:14:59.516819098Z
01JZ0RMSKNXCSNX920XS641R40,01JZ0R44WS56B1WD5354KYAZ6V,2025-06-30T15:52:42.357492971Z,01JZ0R44YW0T94WKHD2ZAT9VPC,2025-06-30T15:52:42.357492971Z,01JZ0R6WK5QD50F4G761FSN8E5,2025-06-30T15:52:42.357492971Z,01JZ0RCZ78YWDGP623DZ54C3B3,2025-06-30T15:52:42.357492971Z,01JZ0RCZM35YRZ8JZT8CAHMG92,2025-06-30T15:52:42.357492971Z
01JZ0RNDW3SY1QQW8242STGV2B,01JZ0R44WS56B1WD5354KYAZ6V,2025-06-30T15:53:03.107567416Z,01JZ0R44ZMT5HYXWVABB60AH0G,2025-06-30T15:53:03.107567416Z,01JZ0R83TEZ3G1FW66WSBKZX4F,2025-06-30T15:53:03.107567416Z,01JZ0RDSCY1BRCKPVF2FF3QCCD,2025-06-30T15:53:03.107567416Z,01JZ0RDSNGGRTK8B7Q4RAEXD1S,2025-06-30T15:53:03.107567416Z
01JZ0RQDN16ZACJ73KSVPTTCQY,01JZ0R44WS56B1WD5354KYAZ6V,2025-06-30T15:54:08.417718736Z,01JZ0R450M24K8ZS9F18EDTFG6,2025-06-30T15:54:08.417718736Z,01JZ0R9CVW07WWQDKP3M8KKGEY,2025-06-30T15:54:08.417718736Z,01JZ0RFVCVWSQKJQ7W948JHH3V,2025-06-30T15:54:08.417718736Z,01JZ0RFVQT5PCAZKWXGH0RD42S,2025-06-30T15:54:08.417718736Z
01JZ0VC6AMW3J21DRT7D1KS6QV,01JZ0TXM4HA3Q8P6D6TPYYS7R3,2025-06-30T16:40:26.196673447Z,01JZ0TXM9G1YQW4PKWAZEHBP4X,2025-06-30T16:40:26.196673447Z,01JZ0V2V0JVWK8BV5PK5A7H9Y7,2025-06-30T16:40:26.196673447Z,01JZ0VA38AG5CMBPK3H4ZDH1EB,2025-06-30T16:40:26.196673447Z,01JZ0VA3EDE5VA6KPVPAWM4W4J,2025-06-30T16:40:26.196673447Z
01JZ0VEASM4XYBB5MARK1PV9A0,01JZ0TXM4HA3Q8P6D6TPYYS7R3,2025-06-30T16:41:36.308517079Z,01JZ0TXMAAZJ4VJWA2WTVHG174,2025-06-30T16:41:36.308517079Z,01JZ0V0B0MDT5H6NJ7F2TZ5E0T,2025-06-30T16:41:36.308517079Z,01JZ0V8M85MMPYBMHW7JFE9Q9Z,2025-06-30T16:41:36.308517079Z,01JZ0V8MF2WN08NA8Y09ZH2S8Q,2025-06-30T16:41:36.308517079Z
01JZ0FWY1N9QRFWD39RVXX7EVQ,01JZ0F67X5J6SBR3095JZ2KKHQ,2025-06-30T13:19:51.861322885Z,01JZ0F67ZNGQ7M2D3G3M0R8ZTD,2025-06-30T13:19:51.861322885Z,01JZ0FDQ7XEK8QFWNEW92QR4H3,2025-06-30T13:19:51.861322885Z,01JZ0FNH5JM56R47WYFZY5YGET,2025-06-30T13:19:51.861322885Z,01JZ0FNH8JTFRHTVE0T8ATDXP8,2025-06-30T13:19:51.861322885Z
01JZ0HC1SV6C0KRFPHMHGW5VA8,01JZ0H1K4AG17CS34Z9G9MQYDS,2025-06-30T13:45:35.803447583Z,01JZ0H1K7C3FKHJS5GP9RE7N8D,2025-06-30T13:45:35.803447583Z,01JZ0H3ZMEM4CP8B8CA2T4SJEG,2025-06-30T13:45:35.803447583Z,01JZ0HA59FS77DYF0M07SAVR93,2025-06-30T13:45:35.803447583Z,01JZ0HA5CX9Z7G6RBRWH2NAXB6,2025-06-30T13:45:35.803447583Z
01JZ0HJ6D70569YAKDP04F2V8T,01JZ0H1K4AG17CS34Z9G9MQYDS,2025-06-30T13:48:57.127664371Z,01JZ0H1K7C3FKHJS5GP9RE7N8D,2025-06-30T13:48:57.127664371Z,01JZ0H4A3NXPTV7JEQMX36WWX4,2025-06-30T13:48:57.127664371Z,01JZ0HA5APB28G6NEZYQAGT5DS,2025-06-30T13:48:57.127664371Z,01JZ0HA5J7V84QTJXZVNDRZEH1,2025-06-30T13:48:57.127664371Z
01JZ0HQR9YKNM07EEJR6SEGBPD,01JZ0H1K4AG17CS34Z9G9MQYDS,2025-06-30T13:51:59.294689177Z,01JZ0H1K6XDYNJQ07N0KM3P1VX,2025-06-30T13:51:59.294689177Z,01JZ0H3GSTCWHNYC00C4GV6RFB,2025-06-30T13:51:59.294689177Z,01JZ0HJ6JG98XAP0W3RSSFXRZE,2025-06-30T13:51:59.294689177Z,01JZ0HJ6QRK76V4Q94XSRCGS89,2025-06-30T13:51:59.294689177Z
01JZ0HSXTQJBW2RK1BV014293T,01JZ0H1K4AG17CS34Z9G9MQYDS,2025-06-30T13:53:10.487675173Z,01JZ0H1K6XDYNJQ07N0KM3P1VX,2025-06-30T13:53:10.487675173Z,01JZ0HFAPSHETXH7P0VV2YXR0K,2025-06-30T13:53:10.487675173Z,01JZ0HJ6JRFPNPRPH421VX8DFC,2025-06-30T13:53:10.487675173Z,01JZ0HJ6SGHP86XK7T10SR7KKZ,2025-06-30T13:53:10.487675173Z
01JZ0K4ANDB4R7EQ05F29HQKVQ,01JZ0JJRG62BDVPN4H0KJ2XPWK,2025-06-30T14:16:19.885890752Z,01JZ0JJRKVJXBJGVYTJ6TBMBFM,2025-06-30T14:16:19.885890752Z,01JZ0JMJ507NBWF493954D1T1J,2025-06-30T14:16:19.885890752Z,01JZ0JW9GP4E6S48S0QQWC18YS,2025-06-30T14:16:19.885890752Z,01JZ0JW9P8QTKHS5TNYPXNDT68,2025-06-30T14:16:19.885890752Z
01JZ0MJ75D1BR2SXTV2SMM881G,01JZ0KZHFC2GEC175ZSKVHYGR2,2025-06-30T14:41:23.629832796Z,01JZ0KZHHH6W8J7M02JDFMAQF5,2025-06-30T14:41:23.629832796Z,01JZ0M1F3F18ZRH41SFFXNC5Z8,2025-06-30T14:41:23.629832796Z,01JZ0MA58AFR1YHAHJ30MZZQB7,2025-06-30T14:41:23.629832796Z,01JZ0MA5HZ1TS589QCBEPC6VJY,2025-06-30T14:41:23.629832796Z
01JZ0T159GJ5FTVB32ZRNYZMFW,01JZ0S9G3E1V9Y4W1M8GV3AGA9,2025-06-30T16:16:56.112162526Z,01JZ0S9GD9MABT2H3JKQDC0TB1,2025-06-30T16:16:56.112162526Z,01JZ0SCCGQ4WDJE5VH80FR1DGN,2025-06-30T16:16:56.112162526Z,01JZ0SSG40357K1C9QC3NT64RJ,2025-06-30T16:16:56.112162526Z,01JZ0SSGE3D1TWHBHMGCF08N12,2025-06-30T16:16:56.112162526Z
01JZ0FWT5VKFTM22VYB8HVR85R,01JZ0F67X5J6SBR3095JZ2KKHQ,2025-06-30T13:19:47.899072429Z,01JZ0F67Z9QH00F8GAYATW0H4D,2025-06-30T13:19:47.899072429Z,01JZ0FH8ME21HSJEQV93FGWS4V,2025-06-30T13:19:47.899072429Z,01JZ0FTXTTSA7KPT3ZKN66DGDE,2025-06-30T13:19:47.899072429Z,01JZ0FTXZXN4AN1H258C86HK5W,2025-06-30T13:19:47.899072429Z
01JZ0FSK4126EP1XEQEM1MPWPH,01JZ0F67X5J6SBR3095JZ2KKHQ,2025-06-30T13:18:02.369679787Z,01JZ0F67ZJJG6P50PFSVWKXYA5,2025-06-30T13:18:02.369679787Z,01JZ0FA7FFS51AB79BBEZA4BBG,2025-06-30T13:18:02.369679787Z,01JZ0FHJPK6AHGZZK2A3C93XZV,2025-06-30T13:18:02.369679787Z,01JZ0FHJWH8G0XHP8Y378NPP38,2025-06-30T13:18:02.369679787Z
01JZ0HAFW4X39Z6WDXNRMZK4H0,01JZ0H1K4AG17CS34Z9G9MQYDS,2025-06-30T13:44:44.676667823Z,01JZ0H1K6THHEJQ855QF7WP6P1,2025-06-30T13:44:44.676667823Z,01JZ0H6DP3F32ZH0Y01CT1VX9P,2025-06-30T13:44:44.676667823Z,01JZ0H8M6RNVPAN6FF1JPRG2N3,2025-06-30T13:44:44.676667823Z,01JZ0H8M914FGE8QKZ90QFSC4F,2025-06-30T13:44:44.676667823Z
01JZ0HGANGFJS67K02Q0PWJKNG,01JZ0H1K4AG17CS34Z9G9MQYDS,2025-06-30T13:47:55.952900083Z,01JZ0H1K6THHEJQ855QF7WP6P1,2025-06-30T13:47:55.952900083Z,01JZ0H3MSCHF8EHSQ33HEQDG2Z,2025-06-30T13:47:55.952900083Z,01JZ0H8M6XRZ0TTB98P0CV98DA,2025-06-30T13:47:55.952900083Z,01JZ0H8MARTCGQBSSZP5KMYV5T,2025-06-30T13:47:55.952900083Z
01JZ0K8109WY5C87JERAA8CMXF,01JZ0JJRG62BDVPN4H0KJ2XPWK,2025-06-30T14:18:21.065796435Z,01JZ0JJRM7K0MBX3MKCVTKC5NR,2025-06-30T14:18:21.065796435Z,01JZ0JN7RSB9BF97M9JFFC8QWA,2025-06-30T14:18:21.065796435Z,01JZ0K09A2JRM56REXVTQ5P9J4,2025-06-30T14:18:21.065796435Z,01JZ0K09K25XTCYT08PVBBA31D,2025-06-30T14:18:21.065796435Z
01JZ0MMAMNCRNJD6EKD9MGN12J,01JZ0KZHFC2GEC175ZSKVHYGR2,2025-06-30T14:42:32.725641785Z,01JZ0KZHH6W8XDVC696R9C92DG,2025-06-30T14:42:32.725641785Z,01JZ0M1DADVFP84XH2E4QDPEBE,2025-06-30T14:42:32.725641785Z,01JZ0MCKAWSJJD7XSMC4C0649V,2025-06-30T14:42:32.725641785Z,01JZ0MCKG4FA8A26JKHYVAA3MX,2025-06-30T14:42:32.725641785Z
01JZ0PGTMX3822M82EEK93EG0R,01JZ0NSN7EKS122Z238A4PF66D,2025-06-30T15:15:35.197823618Z,01JZ0NSNAYA5ZEAQVB789Y1XW2,2025-06-30T15:15:35.197823618Z,01JZ0NVNVCS2PF70NRPAQFB4PC,2025-06-30T15:15:35.197823618Z,01JZ0PB8CZS6M8SVA60NSTSB4W,2025-06-30T15:15:35.197823618Z,01JZ0PB8GNV0A035FHQX65ZYY9,2025-06-30T15:15:35.197823618Z
01JZ0QNMGYPCEYSY0FNX37HA8M,01JZ0Q0CTMMAVY329HW6Z84SYY,2025-06-30T15:35:41.342994639Z,01JZ0Q0CX32Y5M8NZMVY0C598C,2025-06-30T15:35:41.342994639Z,01JZ0QBZWYQ3QPQ15CPJ83RQEA,2025-06-30T15:35:41.342994639Z,01JZ0QDJJ6PK2DGMBX0ZV8FAWJ,2025-06-30T15:35:41.342994639Z,01JZ0QDJS22S799SNS5WQRJP09,2025-06-30T15:35:41.342994639Z
01JZ0FQ4F27A4NZ5C42N02DQ1V,01JZ0F67X5J6SBR3095JZ2KKHQ,2025-06-30T13:16:41.826664642Z,01JZ0F67ZKKPGDC64ETWQZ69WV,2025-06-30T13:16:41.826664642Z,01JZ0FBY93DWZC8869QS2ZXNMA,2025-06-30T13:16:41.826664642Z,01JZ0FFEAPXXQGXPE6ETBGAMB2,2025-06-30T13:16:41.826664642Z,01JZ0FFEEECQGKJT82MY6S5SP1,2025-06-30T13:16:41.826664642Z
01JZ0RJEHJWPNVK1EN66E8BWG0,01JZ0R44WS56B1WD5354KYAZ6V,2025-06-30T15:51:25.490753349Z,01JZ0R44ZAP7PYVAMQ60PRQDRH,2025-06-30T15:51:25.490753349Z,01JZ0RE6P0QX4X0JPFQFZG4YVE,2025-06-30T15:51:25.490753349Z,01JZ0RJBJJD277J3G3HQ49QDSN,2025-06-30T15:51:25.490753349Z,01JZ0RJBR5BN0F46D7MGGRRHZE,2025-06-30T15:51:25.490753349Z
01JZ0R2BTFZKBVVR9QJZRJQR49,01JZ0QGE33ZWYV7A3256FYEZA6,2025-06-30T15:42:38.41553402Z,01JZ0QGE4MQBM7ZJEFVQMWJX02,2025-06-30T15:42:38.41553402Z,01JZ0QM38JZ7CRCAE73CP91DA7,2025-06-30T15:42:38.41553402Z,01JZ0QT8EVWQAQJSS0H6BE6YX3,2025-06-30T15:42:38.41553402Z,01JZ0QT8Q75XT8VEPMTC9KPYT6,2025-06-30T15:42:38.41553402Z
01JZ0HNV53ZGH9SMFB1388EVHX,01JZ0H1K4AG17CS34Z9G9MQYDS,2025-06-30T13:50:56.675839669Z,01JZ0H1K72P9WWMQFG7ACVRNHM,2025-06-30T13:50:56.675839669Z,01JZ0H3T4YGXY3JXDPRSNCMQN3,2025-06-30T13:50:56.675839669Z,01JZ0HKZ2G50KS7CBCD3M87YFZ,2025-06-30T13:50:56.675839669Z,01JZ0HKZ4X2P979H6W9H4D7PSC,2025-06-30T13:50:56.675839669Z
01JZ0K4YT3VVAY272EWAFABNQF,01JZ0JJRG62BDVPN4H0KJ2XPWK,2025-06-30T14:16:40.515457315Z,01JZ0JJRKH7XD764W2MEEG7PFH,2025-06-30T14:16:40.515457315Z,01JZ0JVNB15V13M0SKK8XKHN5V,2025-06-30T14:16:40.515457315Z,01JZ0JZD8STSHTGJ2FBE9QM7PE,2025-06-30T14:16:40.515457315Z,01JZ0JZDB5VWYNWFMPX9PBJ51N,2025-06-30T14:16:40.515457315Z
01JZ0PXQ1WF5V06FBJGXHZ39ND,01JZ0PDFE8X2A24VZSJDD0T2BH,2025-06-30T15:22:37.500218011Z,01JZ0PDFFH0EDR9F9CYFN0TQY3,2025-06-30T15:22:37.500218011Z,01JZ0PF2V4RTPDWDRQG4CJRS6D,2025-06-30T15:22:37.500218011Z,01JZ0PVRKCVAZGVD5GK5DEWP0E,2025-06-30T15:22:37.500218011Z,01JZ0PVRSAS23DPT5GT4235N1X,2025-06-30T15:22:37.500218011Z
01JZ0RNRN34RDFZNX4N6X67N9M,01JZ0R44WS56B1WD5354KYAZ6V,2025-06-30T15:53:14.147097268Z,01JZ0R44ZMT5HYXWVABB60AH0G,2025-06-30T15:53:14.147097268Z,01JZ0R83TEZ3G1FW66WSBKZX4F,2025-06-30T15:53:14.147097268Z,01JZ0RDSCA9FG61RXWSV693V0M,2025-06-30T15:53:14.147097268Z,01JZ0RDSQE8HFYQ8Y047151M2B,2025-06-30T15:53:14.147097268Z
01JZ0SRJTQJC2JHJWV4NQ67NRV,01JZ0S9G3E1V9Y4W1M8GV3AGA9,2025-06-30T16:12:15.063327848Z,01JZ0S9GCCCNBKT0N3T9B2PH95,2025-06-30T16:12:15.063327848Z,01JZ0SJRGQS35RAYEGQY664F9W,2025-06-30T16:12:15.063327848Z,01JZ0SRFYRXFVCDDP0ABTHSNX2,2025-06-30T16:12:15.063327848Z,01JZ0SRG3KTZ3R7RP72Z3N594X,2025-06-30T16:12:15.063327848Z
01JZ0SXZETJ8VQ8QG0DJVKTR5C,01JZ0S9G3E1V9Y4W1M8GV3AGA9,2025-06-30T16:15:11.834727272Z,01JZ0S9G7VJHRZZRV1KXAXAXSY,2025-06-30T16:15:11.834727272Z,01JZ0SFEC760TZW065ZBPCGFEK,2025-06-30T16:15:11.834727272Z,01JZ0SP4EFE17P97W11CCBSWNM,2025-06-30T16:15:11.834727272Z,01JZ0SP4SHSVN40VBWKYDJFCMZ,2025-06-30T16:15:11.834727272Z
01JZ0FW81BSE3T3T9WFXRSP2TP,01JZ0F67X5J6SBR3095JZ2KKHQ,2025-06-30T13:19:29.32309608Z,01JZ0F67Z8B8A42G6Y5XQ0NS83,2025-06-30T13:19:29.32309608Z,01JZ0FAP1PZEAT1MNGGVVPBTCW,2025-06-30T13:19:29.32309608Z,01JZ0FW5HE1H38YZ9NH65TR9EG,2025-06-30T13:19:29.32309608Z,01JZ0FW5JJ8F4D6M3T2N3KG781,2025-06-30T13:19:29.32309608Z
01JZ0K73WWE6VZQZGV5RMJ98R4,01JZ0JJRG62BDVPN4H0KJ2XPWK,2025-06-30T14:17:51.260509039Z,01JZ0JJRKH7XD764W2MEEG7PFH,2025-06-30T14:17:51.260509039Z,01JZ0JQCKEA261XTRR4HTBQ2S1,2025-06-30T14:17:51.260509039Z,01JZ0JZD89HTD2CCP2TGR5JKX2,2025-06-30T14:17:51.260509039Z,01JZ0JZDD0KBWZKE6QE31DY4PG,2025-06-30T14:17:51.260509039Z
01JZ0T8NRDGQX3QE8NW4YDRBP6,01JZ0S9G3E1V9Y4W1M8GV3AGA9,2025-06-30T16:21:02.349938611Z,01JZ0S9G8MSQJNW9QDDX82T8EZ,2025-06-30T16:21:02.349938611Z,01JZ0SQN0MATNWGY38TW5RFDS2,2025-06-30T16:21:02.349938611Z,01JZ0T2Z776H5NYH3952M90NE0,2025-06-30T16:21:02.349938611Z,01JZ0T2ZHAHS59BR3V8XSNNK4S,2025-06-30T16:21:02.349938611Z
01JZ0K5VYH8Y6WN6FGQ7CMSZ0H,01JZ0JJRG62BDVPN4H0KJ2XPWK,2025-06-30T14:17:10.353064435Z,01JZ0JJRM7K0MBX3MKCVTKC5NR,2025-06-30T14:17:10.353064435Z,01JZ0JP3NMJEF2RZEXJRZ363R2,2025-06-30T14:17:10.353064435Z,01JZ0K098RXBK86NWQE5BGP8AC,2025-06-30T14:17:10.353064435Z,01JZ0K09F5TS9DMG7V9VS6DCEW,2025-06-30T14:17:10.353064435Z
