id,active,activeLastChangedAt,confirmedReady,confirmedReadyLastChangedAt,currentColumn,currentColumnLastChangedAt,currentTask,currentTaskLastChangedAt,ended,endedLastChangedAt,exitStep,exitStepLastChangedAt,exitSurvey,exitSurveyLastChangedAt,faultWindows,faultWindowsLastChangedAt,gameID,gameIDLastChangedAt,intro,introLastChangedAt,introDone,introDoneLastChangedAt,kicked,kickedLastChangedAt,name,nameLastChangedAt,numCompletedTasks,numCompletedTasksLastChangedAt,outSick,outSickLastChangedAt,participantID,participantIDLastChangedAt,role,roleLastChangedAt,treatment,treatmentLastChangedAt,treatmentName,treatmentNameLastChangedAt,urlParams,urlParamsLastChangedAt,view,viewLastChangedAt
01JZ0H6H4K79XNW5XKQJ205ZTV,true,2025-06-30T13:48:58.453374755Z,true,2025-06-30T13:48:50.712613783Z,null,2025-06-30T13:52:02.830006558Z,null,2025-06-30T13:52:02.817961388Z,game ended,2025-06-30T13:54:09.375027459Z,1,2025-06-30T13:55:04.600005748Z,"{""age"":""26"",""gender"":""nonbinary"",""strength"":""there was not a lot to do"",""fair"":""considering there were 5, not really, I think I did more than 1/6 of the tasks (though I could be wrong there)"",""feedback"":"""",""education"":""bachelor""}",2025-06-30T13:55:04.607394898Z,"[[201,261],[109,169]]",2025-06-30T13:48:58.453374755Z,01JZ0H1K78HDDW9F2WM1P8VZMN,2025-06-30T13:42:34.913894491Z,4,2025-06-30T13:43:44.51700737Z,true,2025-06-30T13:44:11.833535419Z,,,Player 6,2025-06-30T13:44:45.571211867Z,8,2025-06-30T13:52:02.863522386Z,false,2025-06-30T13:53:25.439729495Z,01JZ0H6GP0A789XMJKMSZW9FXN,2025-06-30T13:42:34.899945935Z,CHILDREN'S COMMUTE DISTANCE,2025-06-30T13:48:58.453374755Z,"{""networkStruct"":""reciprocal"",""playerCount"":6}",2025-06-30T13:42:34.913894491Z,"Reciprocal, Redundancy",2025-06-30T13:42:34.913894491Z,{},2025-06-30T13:42:35.174910843Z,TaskQueue,2025-06-30T13:52:02.840944848Z
01JZ0SH0EC9KQV6Q30W20S8FQ8,true,2025-06-30T16:14:42.380539244Z,true,2025-06-30T16:14:34.698606549Z,,,neighborhood_13,2025-06-30T16:19:41.722209678Z,game ended,2025-06-30T16:19:54.605038418Z,1,2025-06-30T16:20:13.814693828Z,"{""age"":""32"",""gender"":"""",""strength"":""Interesting "",""fair"":""Yes "",""feedback"":"""",""education"":""master""}",2025-06-30T16:20:13.785410737Z,"[[86,146],[195,255]]",2025-06-30T16:14:42.380539244Z,01JZ0S9G69Y1BMBR3KZBCDH0XZ,2025-06-30T16:08:06.931114751Z,4,2025-06-30T16:08:48.630786661Z,true,2025-06-30T16:09:22.221034565Z,,,Player 4,2025-06-30T16:10:22.622466936Z,5,2025-06-30T16:19:40.402618154Z,false,2025-06-30T16:19:08.501167986Z,01JZ0SGZKQS5425BZZ3V2Z26NC,2025-06-30T16:08:06.86066517Z,,,"{""networkStruct"":""pooled"",""playerCount"":6}",2025-06-30T16:08:06.931114751Z,"Pooled, Redundancy",2025-06-30T16:08:06.931114751Z,{},2025-06-30T16:08:07.229264619Z,TaskScreen,2025-06-30T16:19:41.801624089Z
01JZ0SH537NJPZBV6RAFT1SC92,,,,,,,,,no more games,2025-06-30T16:40:21.09783098Z,,,,,,,null,2025-06-30T16:40:21.09783098Z,,,,,,,,,,,,,01JZ0SH51DDWQA0TH07T3WDYEG,2025-06-30T16:08:11.623191737Z,,,"{""networkStruct"":""pooled"",""playerCount"":6}",2025-06-30T16:08:11.666670683Z,"Pooled, Redundancy",2025-06-30T16:08:11.666670683Z,{},2025-06-30T16:08:11.689188777Z,,
01JZ0VA8DK4TAWTT8THNTNJ1SW,true,2025-06-30T16:44:39.041502757Z,true,2025-06-30T16:44:32.992318879Z,,,null,2025-06-30T16:49:48.605849772Z,game ended,2025-06-30T16:49:52.526154027Z,,,,,"[[220,280],[28,88]]",2025-06-30T16:44:39.041502757Z,01JZ0TXMB9EHVXHHHV3J3SQY3A,2025-06-30T16:39:23.201692403Z,4,2025-06-30T16:40:01.392709649Z,true,2025-06-30T16:40:21.055717062Z,,,Player 6,2025-06-30T16:40:21.686717215Z,4,2025-06-30T16:49:48.571771536Z,false,2025-06-30T16:49:31.93745906Z,01JZ0VA7WFFRVB4TBY4RMB2NZN,2025-06-30T16:39:22.803411507Z,,,"{""networkStruct"":""pooled"",""playerCount"":6}",2025-06-30T16:39:23.201692403Z,"Pooled, Redundancy",2025-06-30T16:39:23.201692403Z,{},2025-06-30T16:39:23.318794803Z,TaskQueue,2025-06-30T16:49:48.635476503Z
01JZ0FBD0TN42Y2KGV31RR9FES,true,2025-06-30T13:19:39.921951137Z,true,2025-06-30T13:19:31.949562185Z,null,2025-06-30T13:22:25.19067417Z,null,2025-06-30T13:22:25.215788391Z,game ended,2025-06-30T13:24:51.429180554Z,1,2025-06-30T13:25:31.974796345Z,"{""age"":""47"",""gender"":""female"",""strength"":""it was good fun"",""fair"":""yes they seemed to be"",""feedback"":""im not sure"",""education"":""high-school""}",2025-06-30T13:25:31.967517292Z,"[[80,140],[177,237]]",2025-06-30T13:19:39.921951137Z,01JZ0F67ZBCBNFH7W25EXNBXDS,2025-06-30T13:10:17.379561111Z,4,2025-06-30T13:11:37.820116003Z,true,2025-06-30T13:11:56.377960114Z,,,Player 1,2025-06-30T13:15:26.12214859Z,7,2025-06-30T13:22:25.18303167Z,false,2025-06-30T13:23:51.271522396Z,01JZ0FBCNRCRAXHH1SJJV8DSDS,2025-06-30T13:10:17.37018719Z,AVERAGE PEOPLE,2025-06-30T13:19:39.921951137Z,"{""networkStruct"":""reciprocal"",""playerCount"":6}",2025-06-30T13:10:17.379561111Z,"Reciprocal, Redundancy",2025-06-30T13:10:17.379561111Z,{},2025-06-30T13:10:17.569394421Z,TaskQueue,2025-06-30T13:22:25.201501649Z
01JZ0H45W0M8M5CSQ69GQ678PR,true,2025-06-30T13:48:55.552656034Z,true,2025-06-30T13:48:47.906022171Z,null,2025-06-30T13:54:06.517009035Z,null,2025-06-30T13:54:06.4890458Z,game ended,2025-06-30T13:54:06.415229142Z,1,2025-06-30T13:54:22.10107732Z,"{""age"":""31"",""gender"":""Female"",""strength"":""It was fun"",""fair"":""I think so"",""feedback"":"""",""education"":""high-school""}",2025-06-30T13:54:22.108383715Z,"[[81,141],[228,288]]",2025-06-30T13:48:55.552656034Z,01JZ0H1K7A7HBJ5WZC7T99GVBX,2025-06-30T13:41:17.837072874Z,4,2025-06-30T13:41:54.609870282Z,true,2025-06-30T13:42:15.881794457Z,,,Player 3,2025-06-30T13:44:43.188143395Z,6,2025-06-30T13:54:06.510488292Z,false,2025-06-30T13:53:54.502624836Z,01JZ0H459NWRB6DCGK924C4Z5M,2025-06-30T13:41:17.824266214Z,CHILDREN'S COMMUTE DISTANCE,2025-06-30T13:48:55.552656034Z,"{""networkStruct"":""reciprocal"",""playerCount"":6}",2025-06-30T13:41:17.837072874Z,"Reciprocal, Redundancy",2025-06-30T13:41:17.837072874Z,{},2025-06-30T13:41:18.030070381Z,TaskQueue,2025-06-30T13:54:06.496706061Z
01JZ0FEY0G09HWKF9WWANREXZ5,true,2025-06-30T13:23:40.775353933Z,true,2025-06-30T13:23:37.337904342Z,,,null,2025-06-30T13:27:36.205462895Z,game ended,2025-06-30T13:28:52.161827263Z,1,2025-06-30T13:29:57.515004178Z,"{""age"":""36"",""gender"":""female"",""strength"":""Very interesting game. It was fun:)"",""fair"":""Yes"",""feedback"":""I think that everything was fin in the study."",""education"":""master""}",2025-06-30T13:29:57.350933797Z,"[[132,192],[225,285]]",2025-06-30T13:23:40.775353933Z,01JZ0F67Z8B8A42G6Y5XQ0NS83,2025-06-30T13:12:13.088304312Z,4,2025-06-30T13:13:50.549555936Z,true,2025-06-30T13:14:54.593912554Z,,,Player 4,2025-06-30T13:19:26.694911776Z,2,2025-06-30T13:27:36.151579694Z,false,2025-06-30T13:28:37.420702071Z,01JZ0FEXBJY38YQR6C7T4AMP0A,2025-06-30T13:12:13.072504194Z,,,"{""networkStruct"":""pooled"",""playerCount"":6}",2025-06-30T13:12:13.088304312Z,"Pooled, Redundancy",2025-06-30T13:12:13.088304312Z,{},2025-06-30T13:12:13.4408707Z,TaskQueue,2025-06-30T13:27:36.171824584Z
01JZ0QAC7E48R8DA1R24NC5BN7,true,2025-06-30T15:35:30.551359784Z,true,2025-06-30T15:35:23.051703802Z,null,2025-06-30T15:38:39.012100704Z,null,2025-06-30T15:38:39.080024052Z,game ended,2025-06-30T15:40:41.873981429Z,1,2025-06-30T15:41:15.918403882Z,"{""age"":""24"",""gender"":""Female"",""strength"":""I liked it"",""fair"":""Yes, they were"",""feedback"":""I don't know, but I really liked it :)"",""education"":""master""}",2025-06-30T15:41:15.871862037Z,"[[177,237],[30,90]]",2025-06-30T15:35:30.551359784Z,01JZ0Q0CX32Y5M8NZMVY0C598C,2025-06-30T15:29:32.42355062Z,4,2025-06-30T15:30:00.277464431Z,true,2025-06-30T15:30:21.177458648Z,,,Player 4,2025-06-30T15:31:17.160544574Z,8,2025-06-30T15:38:39.066563381Z,false,2025-06-30T15:39:38.986015656Z,01JZ0QABPK2FFABTPRC8FDG2DF,2025-06-30T15:29:32.398445221Z,CHILDREN'S COMMUTE DISTANCE,2025-06-30T15:35:30.551359784Z,"{""networkStruct"":""reciprocal"",""playerCount"":6}",2025-06-30T15:29:32.42355062Z,"Reciprocal, Redundancy",2025-06-30T15:29:32.42355062Z,{},2025-06-30T15:29:32.689813477Z,TaskQueue,2025-06-30T15:38:38.99233206Z
01JZ0QPKRJFVHW9J2EJ9HV7BB0,true,2025-06-30T15:42:26.795107984Z,true,2025-06-30T15:42:18.622520024Z,,,null,2025-06-30T15:47:32.102916059Z,game ended,2025-06-30T15:47:38.810233908Z,1,2025-06-30T15:48:12.774752571Z,"{""age"":""30"",""gender"":""Male"",""strength"":""Strange"",""fair"":""Maybe"",""feedback"":""I think better instructions before"",""education"":""master""}",2025-06-30T15:48:12.795803077Z,"[[204,264],[53,113]]",2025-06-30T15:42:26.795107984Z,01JZ0QGE4MQBM7ZJEFVQMWJX02,2025-06-30T15:36:13.363673341Z,4,2025-06-30T15:36:51.629930282Z,true,2025-06-30T15:37:14.672116784Z,,,Player 5,2025-06-30T15:38:12.844209337Z,5,2025-06-30T15:47:32.138216752Z,false,2025-06-30T15:47:23.252681299Z,01JZ0QPK4DBDNM3Z9F5GSGD4HE,2025-06-30T15:36:13.330709726Z,,,"{""networkStruct"":""pooled"",""playerCount"":6}",2025-06-30T15:36:13.363673341Z,"Pooled, Redundancy",2025-06-30T15:36:13.363673341Z,{},2025-06-30T15:36:13.586182254Z,TaskQueue,2025-06-30T15:47:32.243231294Z
01JZ0FBHX2TJBWPC22SZF26RQD,true,2025-06-30T13:21:15.589195834Z,true,2025-06-30T13:21:09.093814347Z,,,null,2025-06-30T13:25:21.258375425Z,game ended,2025-06-30T13:26:26.721693357Z,1,2025-06-30T13:29:07.924100393Z,"{""age"":""42"",""gender"":""Male"",""strength"":""Easy to understand and nice to play"",""fair"":""yes"",""feedback"":""nothing to add"",""education"":""bachelor""}",2025-06-30T13:29:07.915420842Z,"[[48,108],[138,198]]",2025-06-30T13:21:15.589195834Z,01JZ0F67Z49S75BR56TBMFCZ55,2025-06-30T13:10:22.382341407Z,4,2025-06-30T13:11:03.534627452Z,true,2025-06-30T13:11:20.643707497Z,,,Player 2,2025-06-30T13:17:02.726989193Z,2,2025-06-30T13:25:21.271180871Z,false,2025-06-30T13:24:45.991069954Z,01JZ0FBHDS507NM11HHFG937H0,2025-06-30T13:10:22.370698483Z,,,"{""networkStruct"":""pooled"",""playerCount"":6}",2025-06-30T13:10:22.382341407Z,"Pooled, Redundancy",2025-06-30T13:10:22.382341407Z,{},2025-06-30T13:10:22.631731109Z,TaskQueue,2025-06-30T13:25:21.25189716Z
01JZ0FBZBPYQ4FYZK11FHC8KJR,true,2025-06-30T13:20:05.43549592Z,true,2025-06-30T13:20:00.085348992Z,,,neighborhood_9,2025-06-30T13:24:20.709059751Z,game ended,2025-06-30T13:25:16.671798339Z,1,2025-06-30T13:26:59.875193018Z,"{""age"":""59"",""gender"":""female"",""strength"":""good fun .  makes me use my brain.  i think i was too slow"",""fair"":""i didnt see any input from my teammates during the games so no"",""feedback"":""it was hard to read the salary amount as the writing was quite small and hard to see how many zeros there were"",""education"":""high-school""}",2025-06-30T13:26:59.869340401Z,"[[113,173],[9,69]]",2025-06-30T13:20:05.43549592Z,01JZ0F67Z9QH00F8GAXY086HB5,2025-06-30T13:10:36.160137158Z,4,2025-06-30T13:11:49.768623636Z,true,2025-06-30T13:12:51.988050744Z,,,Player 2,2025-06-30T13:15:52.700293038Z,1,2025-06-30T13:24:17.999118228Z,false,2025-06-30T13:23:10.362501901Z,01JZ0FBZ1PZRA0GWWACNQEK5WK,2025-06-30T13:10:36.150078556Z,,,"{""networkStruct"":""pooled"",""playerCount"":6}",2025-06-30T13:10:36.160137158Z,"Pooled, Redundancy",2025-06-30T13:10:36.160137158Z,{},2025-06-30T13:10:36.320736743Z,TaskScreen,2025-06-30T13:24:20.702571234Z
01JZ0JSGH5RS66YM2SX89684C5,true,2025-06-30T14:17:35.202836755Z,true,2025-06-30T14:17:26.79316053Z,,,null,2025-06-30T14:22:19.366934836Z,game ended,2025-06-30T14:22:46.120437842Z,1,2025-06-30T14:25:02.900994275Z,"{""age"":""26"",""gender"":""Male"",""strength"":""It is quite interesting, due to the varying difficulty levels in the neighborhoods and randomly becoming sick."",""fair"":""I think so."",""feedback"":""State more clearly that some neighborhoods are much larger."",""education"":""master""}",2025-06-30T14:25:02.89330418Z,"[[45,105],[141,201]]",2025-06-30T14:17:35.202836755Z,01JZ0JJRK7MTN7FAC1224V82KC,2025-06-30T14:10:25.461825096Z,4,2025-06-30T14:12:13.573377292Z,true,2025-06-30T14:13:21.503046604Z,,,Player 6,2025-06-30T14:13:21.85843509Z,2,2025-06-30T14:22:19.195262828Z,false,2025-06-30T14:21:07.194618907Z,01JZ0JSG7AJ7AASD9PCE1QA94P,2025-06-30T14:10:25.445692144Z,,,"{""networkStruct"":""pooled"",""playerCount"":6}",2025-06-30T14:10:25.461825096Z,"Pooled, Redundancy",2025-06-30T14:10:25.461825096Z,{},2025-06-30T14:10:25.776828581Z,TaskQueue,2025-06-30T14:22:19.374568997Z
01JZ0M0Y3WZXVFN2PP6BJX9R12,true,2025-06-30T14:41:03.221190181Z,true,2025-06-30T14:40:54.927426038Z,null,2025-06-30T14:45:16.420713936Z,null,2025-06-30T14:45:16.43629398Z,game ended,2025-06-30T14:46:14.139143426Z,1,2025-06-30T14:46:31.345540226Z,"{""age"":""31"",""gender"":""female"",""strength"":""super fun"",""fair"":""yes"",""feedback"":""/"",""education"":""master""}",2025-06-30T14:46:31.355942001Z,"[[146,206],[8,68]]",2025-06-30T14:41:03.221190181Z,01JZ0KZHGXZ28TMC40NC90GVYX,2025-06-30T14:31:57.32535279Z,4,2025-06-30T14:33:42.973695922Z,true,2025-06-30T14:34:23.652251529Z,,,Player 1,2025-06-30T14:36:50.896305903Z,9,2025-06-30T14:45:16.452203162Z,false,2025-06-30T14:44:40.461125684Z,01JZ0M0XP21VZMWMXTZ40RHTDD,2025-06-30T14:31:57.308306859Z,AVERAGE PEOPLE,2025-06-30T14:41:03.221190181Z,"{""networkStruct"":""reciprocal"",""playerCount"":6}",2025-06-30T14:31:57.32535279Z,"Reciprocal, Redundancy",2025-06-30T14:31:57.32535279Z,{},2025-06-30T14:31:57.521426629Z,TaskQueue,2025-06-30T14:45:16.46277287Z
01JZ0R79Q3SA31NRXSVYNGK5T9,true,2025-06-30T15:54:18.770552214Z,true,2025-06-30T15:54:11.566195188Z,,,neighborhood_9,2025-06-30T15:59:22.415356667Z,game ended,2025-06-30T15:59:30.678959753Z,1,2025-06-30T16:00:49.768064061Z,"{""age"":""34"",""gender"":""Male"",""strength"":""It was fun to play."",""fair"":""I don't think so."",""feedback"":"""",""education"":""master""}",2025-06-30T16:00:49.744074634Z,"[[131,191],[217,277]]",2025-06-30T15:54:18.770552214Z,01JZ0R450M24K8ZS9F18EDTFG6,2025-06-30T15:48:52.465921532Z,4,2025-06-30T15:47:43.764255593Z,true,2025-06-30T15:48:54.378152512Z,,,Player 1,2025-06-30T15:50:00.275686001Z,1,2025-06-30T15:59:15.93679547Z,false,2025-06-30T15:59:08.039575911Z,01JZ0R786NBWM0V40BQZVVVH5T,2025-06-30T15:45:20.09948342Z,,,"{""networkStruct"":""pooled"",""playerCount"":6}",2025-06-30T15:45:20.138672803Z,"Pooled, Redundancy",2025-06-30T15:45:20.138672803Z,{},2025-06-30T15:45:20.89485076Z,TaskScreen,2025-06-30T15:59:21.658075828Z
01JZ0RB2RBV77DCY4AE9FA26J2,true,2025-06-30T15:53:13.678802262Z,true,2025-06-30T15:53:05.999012267Z,,,neighborhood_4,2025-06-30T15:58:09.99792427Z,game ended,2025-06-30T15:58:26.587194704Z,1,2025-06-30T15:59:24.938291397Z,"{""age"":""60"",""gender"":""male"",""strength"":""Fun but a little easy?"",""fair"":""Yes."",""feedback"":""Not sure. Was fine the way it is. "",""education"":""high-school""}",2025-06-30T15:59:24.914465847Z,"[[126,186],[46,106]]",2025-06-30T15:53:13.678802262Z,01JZ0R44ZMT5HYXWVABB60AH0G,2025-06-30T15:48:44.681430767Z,4,2025-06-30T15:48:16.573455572Z,true,2025-06-30T15:48:52.404747195Z,,,Player 6,2025-06-30T15:48:52.668438741Z,2,2025-06-30T15:58:05.847204264Z,false,2025-06-30T15:56:31.892305982Z,01JZ0RB2H82VGJYSN9HKB0FJ6G,2025-06-30T15:47:24.043596123Z,,,"{""networkStruct"":""pooled"",""playerCount"":6}",2025-06-30T15:47:24.074551106Z,"Pooled, Redundancy",2025-06-30T15:47:24.074551106Z,{},2025-06-30T15:47:24.225673241Z,TaskScreen,2025-06-30T15:58:10.022435492Z
01JZ0RC5VA1XYK8MB53Q5K9XJR,true,2025-06-30T15:54:12.206476225Z,true,2025-06-30T15:54:06.020225378Z,,,null,2025-06-30T15:58:31.977852451Z,game ended,2025-06-30T15:59:24.655872219Z,1,2025-06-30T15:59:59.137378145Z,"{""age"":""27"",""gender"":""Male"",""strength"":""It was fun"",""fair"":""Yes"",""feedback"":""I'm not sure"",""education"":""high-school""}",2025-06-30T15:59:59.095691091Z,"[[10,70],[143,203]]",2025-06-30T15:54:12.206476225Z,01JZ0R450A0M8Q4QC968ZVRS9H,2025-06-30T15:48:52.465921532Z,4,2025-06-30T15:49:08.607819947Z,true,2025-06-30T15:49:53.75918056Z,,,Player 6,2025-06-30T15:49:54.554895012Z,2,2025-06-30T15:58:32.010234463Z,false,2025-06-30T15:57:50.291890785Z,01JZ0RC5PBEZMK6MZQ25N1C7C6,2025-06-30T15:47:59.978778913Z,,,"{""networkStruct"":""pooled"",""playerCount"":6}",2025-06-30T15:48:00.07365443Z,"Pooled, Redundancy",2025-06-30T15:48:00.07365443Z,{},2025-06-30T15:48:00.145855797Z,TaskQueue,2025-06-30T15:58:31.920340856Z
01JZ0V6D24J8EMX9VZ5TJX2AXC,true,2025-06-30T16:44:39.041502757Z,true,2025-06-30T16:44:32.792744717Z,,,neighborhood_11,2025-06-30T16:49:06.820058378Z,game ended,2025-06-30T16:49:52.526154027Z,1,2025-06-30T16:50:31.4029868Z,"{""age"":""58"",""gender"":""male"",""strength"":""I liked the process "",""fair"":""yes I do"",""feedback"":""less time you are out sick."",""education"":""high-school""}",2025-06-30T16:50:31.363737525Z,"[[147,207],[18,78]]",2025-06-30T16:44:39.041502757Z,01JZ0TXMB9EHVXHHHV3J3SQY3A,2025-06-30T16:37:16.532025676Z,4,2025-06-30T16:38:47.955505355Z,true,2025-06-30T16:39:26.881768038Z,,,Player 5,2025-06-30T16:40:21.686717215Z,2,2025-06-30T16:49:04.717601222Z,false,2025-06-30T16:48:20.019707591Z,01JZ0V6CKWR2Z9VGAZSNY9XR66,2025-06-30T16:37:16.484667838Z,,,"{""networkStruct"":""pooled"",""playerCount"":6}",2025-06-30T16:37:16.532025676Z,"Pooled, Redundancy",2025-06-30T16:37:16.532025676Z,{},2025-06-30T16:37:16.773063923Z,TaskScreen,2025-06-30T16:49:06.900833159Z
01JZ0FBFAEYK03HBFAMJA6FCQN,true,2025-06-30T13:17:51.434421593Z,true,2025-06-30T13:17:43.2190241Z,2,2025-06-30T13:20:09.767370664Z,neighborhood_11,2025-06-30T13:20:09.73844727Z,game ended,2025-06-30T13:23:02.633420217Z,1,2025-06-30T13:23:42.785958273Z,"{""age"":""38"",""gender"":""Male"",""strength"":""It was fun "",""fair"":""Yes"",""feedback"":""Nothing "",""education"":""master""}",2025-06-30T13:23:42.762341162Z,"[[141,201],[13,73]]",2025-06-30T13:17:51.434421593Z,01JZ0F67ZJJG6P50PFSVWKXYA5,2025-06-30T13:10:19.73794978Z,4,2025-06-30T13:10:51.654313158Z,true,2025-06-30T13:11:08.000792855Z,,,Player 4,2025-06-30T13:13:39.800797117Z,2,2025-06-30T13:20:01.988694394Z,false,2025-06-30T13:22:12.938689125Z,01JZ0FBF407JFWZXJNP4YB3SXW,2025-06-30T13:10:19.726902895Z,MAXIMUM INCOME,2025-06-30T13:17:51.434421593Z,"{""networkStruct"":""reciprocal"",""playerCount"":6}",2025-06-30T13:10:19.73794978Z,"Reciprocal, Redundancy",2025-06-30T13:10:19.73794978Z,{},2025-06-30T13:10:19.846484081Z,TaskScreen,2025-06-30T13:20:09.74530509Z
01JZ0FHE6P54F9Z4HQF75VYPYW,true,2025-06-30T13:18:03.544531682Z,true,2025-06-30T13:17:54.450619375Z,null,2025-06-30T13:22:35.144989034Z,null,2025-06-30T13:22:35.120148268Z,game ended,2025-06-30T13:23:14.424752387Z,1,2025-06-30T13:24:44.968895332Z,"{""age"":""45"",""gender"":""female"",""strength"":""It was a fun game."",""fair"":""Yes."",""feedback"":""I don't know."",""education"":""high-school""}",2025-06-30T13:24:44.962337782Z,"[[170,230],[31,91]]",2025-06-30T13:18:03.544531682Z,01JZ0F67ZGT4J2NC89JRSKF93F,2025-06-30T13:13:39.689255991Z,4,2025-06-30T13:13:48.736784Z,true,2025-06-30T13:13:49.764550916Z,,,Player 6,2025-06-30T13:13:51.378674557Z,6,2025-06-30T13:22:35.132447736Z,false,2025-06-30T13:22:04.662425415Z,01JZ0FHDQX3G86DXN7NKGYE2F1,2025-06-30T13:13:35.19107873Z,CHILDREN'S COMMUTE DISTANCE,2025-06-30T13:18:03.544531682Z,"{""networkStruct"":""reciprocal"",""playerCount"":6}",2025-06-30T13:13:35.228508149Z,"Reciprocal, Redundancy",2025-06-30T13:13:35.228508149Z,{},2025-06-30T13:13:35.492798246Z,TaskQueue,2025-06-30T13:22:35.108307677Z
01JZ0NZBZKHKXTZYA0WX3Y2FFW,true,2025-06-30T15:16:45.944134289Z,true,2025-06-30T15:16:38.321496396Z,2,2025-06-30T15:21:56.381257292Z,neighborhood_11,2025-06-30T15:21:56.359883373Z,game ended,2025-06-30T15:21:57.570794812Z,1,2025-06-30T15:23:23.001465221Z,"{""age"":""40"",""gender"":""male"",""strength"":""it was interesting"",""fair"":""I don't know how to judge"",""feedback"":""the game is already nice, it depends on what you are looking for"",""education"":""other""}",2025-06-30T15:23:22.990723823Z,"[[153,213],[13,73]]",2025-06-30T15:16:45.944134289Z,01JZ0NSNAYA5ZEAQVB789Y1XW2,2025-06-30T15:06:03.16934156Z,4,2025-06-30T15:07:24.280232633Z,true,2025-06-30T15:08:15.960345087Z,,,Player 4,2025-06-30T15:12:32.708071208Z,10,2025-06-30T15:21:55.394058974Z,false,2025-06-30T15:20:30.357721836Z,01JZ0NZBBW9YF3V3XGS97BCEC1,2025-06-30T15:06:03.123498438Z,MAXIMUM INCOME,2025-06-30T15:16:45.944134289Z,"{""networkStruct"":""reciprocal"",""playerCount"":6}",2025-06-30T15:06:03.16934156Z,"Reciprocal, Redundancy",2025-06-30T15:06:03.16934156Z,{},2025-06-30T15:06:03.486719129Z,TaskScreen,2025-06-30T15:21:56.401835658Z
01JZ0P0DBN2YTW4V5ATZNQEJS0,,,,,,,,,game ended,2025-06-30T15:18:09.217938772Z,,,,,,,01JZ0NSNC1W3B8HBKV7A156B13,2025-06-30T15:06:37.338413952Z,4,2025-06-30T15:07:36.23167211Z,true,2025-06-30T15:07:53.681620812Z,true,2025-06-30T15:12:58.229443992Z,Player 4,2025-06-30T15:08:44.283119775Z,,,,,01JZ0P0D0HP1FCDWSDWYBNZV49,2025-06-30T15:06:37.301089035Z,,,"{""networkStruct"":""reciprocal"",""playerCount"":6}",2025-06-30T15:06:37.338413952Z,"Reciprocal, Redundancy",2025-06-30T15:06:37.338413952Z,{},2025-06-30T15:06:37.497101793Z,,
01JZ0R7F7RD6MRYFQ16SXJ26HY,true,2025-06-30T15:54:12.206476225Z,true,2025-06-30T15:54:05.217898334Z,,,null,2025-06-30T15:59:23.482911119Z,game ended,2025-06-30T15:59:24.655872219Z,1,2025-06-30T16:00:11.470405232Z,"{""age"":""33"",""gender"":""female"",""strength"":""fun but i got sick too much "",""fair"":""yes"",""feedback"":""have a way to talk to teammates during the game "",""education"":""bachelor""}",2025-06-30T16:00:11.441895655Z,"[[115,175],[223,283]]",2025-06-30T15:54:12.206476225Z,01JZ0R450A0M8Q4QC968ZVRS9H,2025-06-30T15:45:25.797605218Z,4,2025-06-30T15:45:52.392780436Z,true,2025-06-30T15:46:04.819937266Z,,,Player 2,2025-06-30T15:49:54.554895012Z,2,2025-06-30T15:59:23.544188232Z,false,2025-06-30T15:59:07.47907403Z,01JZ0R7EX47QJ75KV2KZHMGQN8,2025-06-30T15:45:25.752177604Z,,,"{""networkStruct"":""pooled"",""playerCount"":6}",2025-06-30T15:45:25.797605218Z,"Pooled, Redundancy",2025-06-30T15:45:25.797605218Z,{},2025-06-30T15:45:25.952911856Z,TaskQueue,2025-06-30T15:59:23.463153731Z
01JZ0SSJMV3566CSDTE386HBFK,,,,,,,,,no more games,2025-06-30T16:17:55.101175889Z,,,,,,,null,2025-06-30T16:17:55.101175889Z,,,,,,,,,,,,,01JZ0SSFX4REVM0R7GPMKWDEDP,2025-06-30T16:12:47.643552731Z,,,"{""networkStruct"":""pooled"",""playerCount"":6}",2025-06-30T16:12:50.011137863Z,"Pooled, Redundancy",2025-06-30T16:12:50.011137863Z,{},2025-06-30T16:12:50.043901432Z,,
01JZ0H3YKDCKC58R863JCARE6G,true,2025-06-30T13:49:09.363311068Z,true,2025-06-30T13:49:01.137808331Z,,,neighborhood_11,2025-06-30T13:53:52.593504379Z,game ended,2025-06-30T13:54:20.154136812Z,1,2025-06-30T13:55:24.920121379Z,"{""age"":""27"",""gender"":""Female"",""strength"":""Interesting"",""fair"":""We work alone, don't know how to communicate"",""feedback"":""Some chat during the game"",""education"":""master""}",2025-06-30T13:55:24.926914586Z,"[[200,260],[104,164]]",2025-06-30T13:49:09.363311068Z,01JZ0H1K7HVYD71R3W6V80C6V1,2025-06-30T13:41:10.391302161Z,4,2025-06-30T13:42:15.567406379Z,true,2025-06-30T13:42:51.341718317Z,,,Player 2,2025-06-30T13:44:56.874053753Z,2,2025-06-30T13:53:50.056648767Z,false,2025-06-30T13:53:40.00246513Z,01JZ0H3Y27ZZC514GQ6HYTVE2F,2025-06-30T13:41:10.38141853Z,,,"{""networkStruct"":""pooled"",""playerCount"":6}",2025-06-30T13:41:10.391302161Z,"Pooled, Redundancy",2025-06-30T13:41:10.391302161Z,{},2025-06-30T13:41:10.686509149Z,TaskScreen,2025-06-30T13:53:52.599959302Z
01JZ0JNPB8GHT0X464XPMVEBH9,true,2025-06-30T14:17:51.053738955Z,true,2025-06-30T14:17:42.160491804Z,,,null,2025-06-30T14:22:09.659595255Z,game ended,2025-06-30T14:23:02.269435373Z,1,2025-06-30T14:23:47.996499324Z,"{""age"":""20"",""gender"":""male"",""strength"":""I really enjoyed it, I like math tasks."",""fair"":""Yes, they are helpful."",""feedback"":""More tasks."",""education"":""high-school""}",2025-06-30T14:23:48.003766316Z,"[[40,100],[169,229]]",2025-06-30T14:17:51.053738955Z,01JZ0JJRKH7XD764W2MEEG7PFH,2025-06-30T14:08:20.366228484Z,4,2025-06-30T14:09:01.03673917Z,true,2025-06-30T14:09:01.970726752Z,,,Player 1,2025-06-30T14:13:38.679169723Z,4,2025-06-30T14:22:09.652035886Z,false,2025-06-30T14:21:52.430458036Z,01JZ0JNNWF422CZ3A8ZKCJMM17,2025-06-30T14:08:20.328774831Z,,,"{""networkStruct"":""pooled"",""playerCount"":6}",2025-06-30T14:08:20.366228484Z,"Pooled, Redundancy",2025-06-30T14:08:20.366228484Z,{},2025-06-30T14:08:20.612168062Z,TaskQueue,2025-06-30T14:22:09.667036507Z
01JZ0M5D5Z0X1X78TY6BNKZKFT,true,2025-06-30T14:42:32.418956253Z,true,2025-06-30T14:42:29.314863072Z,null,2025-06-30T14:44:58.406263772Z,null,2025-06-30T14:44:58.371600229Z,game ended,2025-06-30T14:47:43.291129142Z,1,2025-06-30T14:54:44.32386911Z,"{""age"":""29"",""gender"":""Female"",""strength"":"""",""fair"":"""",""feedback"":"""",""education"":""bachelor""}",2025-06-30T14:54:44.317370783Z,"[[223,283],[53,113]]",2025-06-30T14:42:32.418956253Z,01JZ0KZHH6W8XDVC696R9C92DG,2025-06-30T14:36:59.299476154Z,4,2025-06-30T14:36:43.293814309Z,true,2025-06-30T14:38:19.339115237Z,,,Player 4,2025-06-30T14:38:19.470517074Z,3,2025-06-30T14:44:58.339845774Z,false,2025-06-30T14:44:36.880184663Z,01JZ0M5BY1MZG9VQPNTRT0KBF0,2025-06-30T14:34:23.807844894Z,MAXIMUM INCOME,2025-06-30T14:42:32.418956253Z,"{""networkStruct"":""reciprocal"",""playerCount"":6}",2025-06-30T14:34:23.826339224Z,"Reciprocal, Redundancy",2025-06-30T14:34:23.826339224Z,{},2025-06-30T14:34:24.523950685Z,TaskQueue,2025-06-30T14:44:58.415486014Z
01JZ0FC4XRFY88GCABCTE4M9JC,true,2025-06-30T13:18:03.544531682Z,true,2025-06-30T13:17:56.201890174Z,2,2025-06-30T13:23:12.953376571Z,neighborhood_10,2025-06-30T13:23:12.95972215Z,game ended,2025-06-30T13:23:14.424752387Z,1,2025-06-30T13:24:05.735669193Z,"{""age"":""59"",""gender"":""Male"",""strength"":""It was OK, too much Out Sick though"",""fair"":""No"",""feedback"":""Less sick more co operation"",""education"":""other""}",2025-06-30T13:24:05.748616387Z,"[[24,84],[85,145]]",2025-06-30T13:18:03.544531682Z,01JZ0F67ZGT4J2NC89JRSKF93F,2025-06-30T13:12:16.249586007Z,4,2025-06-30T13:12:11.717713652Z,true,2025-06-30T13:12:32.363218765Z,,,Player 3,2025-06-30T13:13:51.378674557Z,4,2025-06-30T13:23:10.171645853Z,false,2025-06-30T13:20:37.440793841Z,01JZ0FC4J9HRJWNVVKN0KXN2XQ,2025-06-30T13:10:41.848919618Z,MAXIMUM INCOME,2025-06-30T13:18:03.544531682Z,"{""networkStruct"":""reciprocal"",""playerCount"":6}",2025-06-30T13:10:41.866015054Z,"Reciprocal, Redundancy",2025-06-30T13:10:41.866015054Z,{},2025-06-30T13:10:42.063791736Z,TaskScreen,2025-06-30T13:23:12.965589982Z
01JZ0H3E65SD9MJCEC63Q2EE1S,true,2025-06-30T13:48:19.107536466Z,true,2025-06-30T13:48:10.923214401Z,,,null,2025-06-30T13:50:52.659143196Z,game ended,2025-06-30T13:53:29.999203497Z,1,2025-06-30T13:54:27.554474666Z,"{""age"":""33"",""gender"":""Female"",""strength"":""I liked it a lot"",""fair"":""Yeah"",""feedback"":""Add notification about teammate being sick (so players know that city \""in progess\"" is actually in progress and not just ignored by a player)."",""education"":""master""}",2025-06-30T13:54:27.548234912Z,"[[233,293],[18,78]]",2025-06-30T13:48:19.107536466Z,01JZ0H1K7KVN4Q30DF0C4SZNQW,2025-06-30T13:40:53.596231556Z,4,2025-06-30T13:41:12.14093509Z,true,2025-06-30T13:41:13.965731174Z,,,Player 1,2025-06-30T13:44:07.110909176Z,2,2025-06-30T13:50:52.624585715Z,false,2025-06-30T13:53:22.735765007Z,01JZ0H3DSF97XKCWA92D1H5MH7,2025-06-30T13:40:53.573315049Z,,,"{""networkStruct"":""pooled"",""playerCount"":6}",2025-06-30T13:40:53.596231556Z,"Pooled, Redundancy",2025-06-30T13:40:53.596231556Z,{},2025-06-30T13:40:53.798792453Z,TaskQueue,2025-06-30T13:50:52.652952289Z
01JZ0SA8WBZCVQVD20ETSR9KH4,,,,,,,,,game ended,2025-06-30T16:21:06.858549254Z,,,,,,,01JZ0S9GBDE95BAEJ35DY3VGC4,2025-06-30T16:04:26.165819492Z,4,2025-06-30T16:04:29.155988392Z,true,2025-06-30T16:04:29.771878462Z,true,2025-06-30T16:15:54.658475528Z,Player 1,2025-06-30T16:11:37.717035802Z,,,,,01JZ0SA8TD4EKQ48M3J0GKAQ2T,2025-06-30T16:04:26.123666309Z,,,"{""networkStruct"":""reciprocal"",""playerCount"":6}",2025-06-30T16:04:26.165819492Z,"Reciprocal, Redundancy",2025-06-30T16:04:26.165819492Z,{},2025-06-30T16:04:26.188554189Z,,
01JZ0V3QS6886SM1GH9BTWCZHP,,,,,,,,,no more games,2025-06-30T16:38:40.809469116Z,,,,,,,null,2025-06-30T16:38:40.809469116Z,,,,,,,,,,,,,01JZ0V3QQ1N9ZQ6X4PMXK8E2EX,2025-06-30T16:35:49.158365713Z,,,"{""networkStruct"":""reciprocal"",""playerCount"":6}",2025-06-30T16:35:49.246950599Z,"Reciprocal, Redundancy",2025-06-30T16:35:49.246950599Z,{},2025-06-30T16:35:49.304650112Z,,
01JZ0FBDHDTMS687HV4CDN8T2G,true,2025-06-30T13:18:03.544531682Z,true,2025-06-30T13:17:54.781648157Z,null,2025-06-30T13:21:17.79930487Z,null,2025-06-30T13:21:17.790557819Z,game ended,2025-06-30T13:23:14.424752387Z,1,2025-06-30T13:23:46.147697984Z,"{""age"":""23"",""gender"":""Male"",""strength"":""Very fun!"",""fair"":""Not as useful as I was."",""feedback"":""Nothing"",""education"":""high-school""}",2025-06-30T13:23:46.138111909Z,"[[223,283],[95,155]]",2025-06-30T13:18:03.544531682Z,01JZ0F67ZGT4J2NC89JRSKF93F,2025-06-30T13:10:17.910575233Z,4,2025-06-30T13:10:31.816524731Z,true,2025-06-30T13:10:32.978470813Z,,,Player 2,2025-06-30T13:13:51.378674557Z,8,2025-06-30T13:21:17.779610172Z,false,2025-06-30T13:22:58.360351987Z,01JZ0FBD704CYKMQW2M9JFBJA2,2025-06-30T13:10:17.901730092Z,AVERAGE PEOPLE,2025-06-30T13:18:03.544531682Z,"{""networkStruct"":""reciprocal"",""playerCount"":6}",2025-06-30T13:10:17.910575233Z,"Reciprocal, Redundancy",2025-06-30T13:10:17.910575233Z,{},2025-06-30T13:10:18.092573135Z,TaskQueue,2025-06-30T13:21:17.806679274Z
01JZ0FC8Z9KTZXYEEXV3M9TW6K,true,2025-06-30T13:17:34.552909109Z,true,2025-06-30T13:17:27.440923428Z,,,null,2025-06-30T13:21:31.713543792Z,game ended,2025-06-30T13:22:45.451121977Z,1,2025-06-30T13:24:23.089448979Z,"{""age"":""33"",""gender"":""Male"",""strength"":""It was really fun. I would love to take part in study like this again."",""fair"":""They were very helpful, I wouldn't complete all the task by myself."",""feedback"":""Add more rounds to the game so it is longer."",""education"":""high-school""}",2025-06-30T13:24:23.082886515Z,"[[75,135],[145,205]]",2025-06-30T13:17:34.552909109Z,01JZ0F67ZT8SK3RX0KMQXRZR64,2025-06-30T13:12:57.975433179Z,4,2025-06-30T13:12:38.339596722Z,true,2025-06-30T13:13:22.717072052Z,,,Player 5,2025-06-30T13:13:22.797716316Z,2,2025-06-30T13:21:31.695211968Z,false,2025-06-30T13:20:13.695369277Z,01JZ0FC8FQV66MCVRH2SA463K1,2025-06-30T13:10:45.993353838Z,,,"{""networkStruct"":""pooled"",""playerCount"":6}",2025-06-30T13:10:46.00196401Z,"Pooled, Redundancy",2025-06-30T13:10:46.00196401Z,{},2025-06-30T13:10:46.236953053Z,TaskQueue,2025-06-30T13:21:31.673259741Z
01JZ0RCXVG1DXMY1P3XSZCR2NJ,true,2025-06-30T15:54:18.770552214Z,true,2025-06-30T15:54:15.445421742Z,,,neighborhood_7,2025-06-30T15:59:07.410249466Z,game ended,2025-06-30T15:59:30.678959753Z,1,2025-06-30T16:00:12.333426188Z,"{""age"":""40"",""gender"":""male"",""strength"":""it was hard trying to do one fly with a time limit"",""fair"":""not sure busy doing my own task "",""feedback"":""everything is fine maybe messaging each other strategies"",""education"":""master""}",2025-06-30T16:00:12.307074421Z,"[[108,168],[2,62]]",2025-06-30T15:54:18.770552214Z,01JZ0R450M24K8ZS9F18EDTFG6,2025-06-30T15:49:53.934358821Z,4,2025-06-30T15:49:09.775348171Z,true,2025-06-30T15:49:59.608146232Z,,,Player 6,2025-06-30T15:50:00.275686001Z,2,2025-06-30T15:58:51.59302161Z,false,2025-06-30T15:56:53.89395545Z,01JZ0RCXJ7EHGACHX2ZDBNG67Q,2025-06-30T15:48:24.560823772Z,,,"{""networkStruct"":""pooled"",""playerCount"":6}",2025-06-30T15:48:24.603903228Z,"Pooled, Redundancy",2025-06-30T15:48:24.603903228Z,{},2025-06-30T15:48:24.751477464Z,TaskScreen,2025-06-30T15:59:07.383724789Z
01JZ0FD79YGYA2VDDBD6504FRR,true,2025-06-30T13:20:05.43549592Z,true,2025-06-30T13:19:57.522332269Z,,,neighborhood_10,2025-06-30T13:22:43.910153881Z,game ended,2025-06-30T13:25:16.671798339Z,1,2025-06-30T13:28:06.060392638Z,"{""age"":""47"",""gender"":""Female"",""strength"":""I was out of the game (sick) for over two minutes, and that made it hard to focus on the task."",""fair"":""I didn't get any feedback from teammates, so I could not tell if they contributed or not."",""feedback"":"""",""education"":""bachelor""}",2025-06-30T13:28:06.066675447Z,"[[164,224],[33,93]]",2025-06-30T13:20:05.43549592Z,01JZ0F67Z9QH00F8GAXY086HB5,2025-06-30T13:11:17.066562619Z,4,2025-06-30T13:13:47.478354537Z,true,2025-06-30T13:15:39.378263386Z,,,Player 4,2025-06-30T13:15:52.700293038Z,1,2025-06-30T13:22:36.090853876Z,false,2025-06-30T13:24:00.500129036Z,01JZ0FD704PBRRWWM3S0AQHQPV,2025-06-30T13:11:17.054601735Z,,,"{""networkStruct"":""pooled"",""playerCount"":6}",2025-06-30T13:11:17.066562619Z,"Pooled, Redundancy",2025-06-30T13:11:17.066562619Z,{},2025-06-30T13:11:17.232005852Z,TaskScreen,2025-06-30T13:22:43.916557662Z
01JZ0H3GSTCWHNYC00C4GV6RFB,true,2025-06-30T13:53:09.911223704Z,true,2025-06-30T13:53:02.44294982Z,,,neighborhood_4,2025-06-30T13:58:11.551405169Z,game ended,2025-06-30T13:58:21.199649278Z,1,2025-06-30T13:59:40.489208376Z,"{""age"":""23"",""gender"":""Male"",""strength"":""It was okay. Didn't like the concept of being sick with \""flu\"""",""fair"":""Not really to be honest if they have exactly the same amount of sickness (2) as me. I did finish more areas than them"",""feedback"":""Maybe only one sickness per person"",""education"":""bachelor""}",2025-06-30T13:59:40.493879299Z,"[[30,90],[168,228]]",2025-06-30T13:53:09.911223704Z,01JZ0H1K6XDYNJQ07N0KM3P1VX,2025-06-30T13:40:56.262637537Z,4,2025-06-30T13:41:37.149696922Z,true,2025-06-30T13:41:59.163038792Z,,,Player 1,2025-06-30T13:48:57.355221659Z,4,2025-06-30T13:58:09.526059027Z,false,2025-06-30T13:57:09.784818225Z,01JZ0H3G7V91VNBFDXRB05DZ6S,2025-06-30T13:40:56.250684393Z,,,"{""networkStruct"":""pooled"",""playerCount"":6}",2025-06-30T13:40:56.262637537Z,"Pooled, Redundancy",2025-06-30T13:40:56.262637537Z,{},2025-06-30T13:40:56.577641673Z,TaskScreen,2025-06-30T13:58:11.560362688Z
01JZ0NZAF5PAQ3ECGHTTXSX02G,true,2025-06-30T15:14:57.347710686Z,true,2025-06-30T15:14:50.082792178Z,null,2025-06-30T15:18:59.183323146Z,null,2025-06-30T15:18:59.19524428Z,game ended,2025-06-30T15:20:08.823053898Z,1,2025-06-30T15:21:12.636818313Z,"{""age"":""45"",""gender"":""Man"",""strength"":""it was fun"",""fair"":""for me they weren't"",""feedback"":""i don't know"",""education"":""master""}",2025-06-30T15:21:12.611929733Z,"[[116,176],[238,298]]",2025-06-30T15:14:57.347710686Z,01JZ0NSNACQB6FV8GE0XS7JKF9,2025-06-30T15:06:01.62220465Z,4,2025-06-30T15:10:19.524351907Z,true,2025-06-30T15:10:44.117247639Z,,,Player 2,2025-06-30T15:10:44.365595255Z,14,2025-06-30T15:18:59.207032709Z,false,2025-06-30T15:20:07.862247158Z,01JZ0NZ9YHW6CD2GBKVSJMA33R,2025-06-30T15:06:01.573299306Z,AVERAGE PEOPLE,2025-06-30T15:14:57.347710686Z,"{""networkStruct"":""reciprocal"",""playerCount"":6}",2025-06-30T15:06:01.62220465Z,"Reciprocal, Redundancy",2025-06-30T15:06:01.62220465Z,{},2025-06-30T15:06:01.862561394Z,TaskQueue,2025-06-30T15:18:59.171219874Z
01JZ0Q37ZE5E8WW1TTY1J69H1X,true,2025-06-30T15:35:30.551359784Z,true,2025-06-30T15:35:28.693638352Z,null,2025-06-30T15:40:24.746856893Z,null,2025-06-30T15:40:24.677191159Z,game ended,2025-06-30T15:40:41.873981429Z,1,2025-06-30T15:41:02.439704417Z,"{""age"":""25"",""gender"":""male"",""strength"":"""",""fair"":"""",""feedback"":"""",""education"":""bachelor""}",2025-06-30T15:41:02.422592564Z,"[[135,195],[3,63]]",2025-06-30T15:35:30.551359784Z,01JZ0Q0CX32Y5M8NZMVY0C598C,2025-06-30T15:28:15.127170008Z,4,2025-06-30T15:28:16.301199209Z,true,2025-06-30T15:29:19.402494747Z,,,Player 2,2025-06-30T15:31:17.160544574Z,4,2025-06-30T15:40:24.71136244Z,false,2025-06-30T15:38:56.757528675Z,01JZ0Q3782YKRR6ZHPN92A7QDT,2025-06-30T15:25:38.670783767Z,MAXIMUM INCOME,2025-06-30T15:35:30.551359784Z,"{""networkStruct"":""reciprocal"",""playerCount"":6}",2025-06-30T15:25:38.879003689Z,"Reciprocal, Redundancy",2025-06-30T15:25:38.879003689Z,{},2025-06-30T15:25:39.169827877Z,TaskQueue,2025-06-30T15:40:24.728124741Z
01JZ0FBAKQBZ597WR95EYCMQZ6,,,,,,,,,no more games,2025-06-30T16:40:21.09783098Z,,,,,,,null,2025-06-30T16:40:21.09783098Z,4,2025-06-30T13:11:13.703455413Z,,,,,,,,,,,01JZ0FBA6QDRQ3HDMJPZ4ZAG2Q,2025-06-30T13:10:14.903048582Z,,,"{""networkStruct"":""pooled"",""playerCount"":6}",2025-06-30T13:10:14.915666219Z,"Pooled, Redundancy",2025-06-30T13:10:14.915666219Z,{},2025-06-30T13:10:15.142600524Z,,
01JZ0FC1MEEYB5ZHG0QP6GKMWQ,true,2025-06-30T13:17:05.188749932Z,true,2025-06-30T13:16:57.596676313Z,null,2025-06-30T13:21:30.86877815Z,null,2025-06-30T13:21:30.89061988Z,game ended,2025-06-30T13:22:15.982906177Z,1,2025-06-30T13:23:04.481603462Z,"{""age"":""47"",""gender"":""Male"",""strength"":""It was easy and well presented"",""fair"":""Yes"",""feedback"":""Can't think of anything, it was too short maybe"",""education"":""high-school""}",2025-06-30T13:23:04.468734965Z,"[[143,203],[30,90]]",2025-06-30T13:17:05.188749932Z,01JZ0F67ZFPZEHV6BKFXQYDXZZ,2025-06-30T13:10:38.488086652Z,4,2025-06-30T13:11:17.068705373Z,true,2025-06-30T13:11:35.220671471Z,,,Player 5,2025-06-30T13:12:50.746798512Z,5,2025-06-30T13:21:30.84848204Z,false,2025-06-30T13:20:39.349930465Z,01JZ0FC17543YY9C81C06SRRMR,2025-06-30T13:10:38.478905778Z,CHILDREN'S COMMUTE DISTANCE,2025-06-30T13:17:05.188749932Z,"{""networkStruct"":""reciprocal"",""playerCount"":6}",2025-06-30T13:10:38.488086652Z,"Reciprocal, Redundancy",2025-06-30T13:10:38.488086652Z,{},2025-06-30T13:10:38.724735696Z,TaskQueue,2025-06-30T13:21:30.85859762Z
01JZ0JTJP2F3FH321XQ0H83P6Q,,,,,,,,,no more games,2025-06-30T16:40:21.09783098Z,1,2025-06-30T14:16:20.54385376Z,"{""age"":""58"",""gender"":""Female"",""strength"":""Didn't get to play. Screen refreshed directly to this screen."",""fair"":""n/a"",""feedback"":""n/a"",""education"":""bachelor""}",2025-06-30T14:16:20.536612256Z,,,null,2025-06-30T16:40:21.09783098Z,3,2025-06-30T14:13:50.657958698Z,,,,,,,,,,,01JZ0JTJJ8MM9THX465F4T8AZD,2025-06-30T14:11:00.418407686Z,,,"{""networkStruct"":""pooled"",""playerCount"":6}",2025-06-30T14:11:00.449911545Z,"Pooled, Redundancy",2025-06-30T14:11:00.449911545Z,{},2025-06-30T14:11:00.523260204Z,,
01JZ0M1RQ5A9ERDM9J4QJBC59B,true,2025-06-30T14:44:46.014323483Z,true,2025-06-30T14:44:39.597529561Z,,,neighborhood_10,2025-06-30T14:47:01.113301589Z,game ended,2025-06-30T14:49:56.925103552Z,1,2025-06-30T14:50:29.079442914Z,"{""age"":""31"",""gender"":""Male"",""strength"":""It was fun. "",""fair"":""I guess. "",""feedback"":""Let us play more time. "",""education"":""bachelor""}",2025-06-30T14:50:29.070327109Z,"[[142,202],[237,297]]",2025-06-30T14:44:46.014323483Z,01JZ0KZHHC2JQ9380R79DSYF93,2025-06-30T14:32:24.566814257Z,4,2025-06-30T14:36:40.778389812Z,true,2025-06-30T14:37:19.70846607Z,,,Player 1,2025-06-30T14:40:33.303348072Z,2,2025-06-30T14:46:58.611973216Z,false,2025-06-30T14:49:53.74188735Z,01JZ0M1R9WGE1SVDE7NTZHDVFC,2025-06-30T14:32:24.54957292Z,,,"{""networkStruct"":""pooled"",""playerCount"":6}",2025-06-30T14:32:24.566814257Z,"Pooled, Redundancy",2025-06-30T14:32:24.566814257Z,{},2025-06-30T14:32:24.785700428Z,TaskScreen,2025-06-30T14:47:01.121047042Z
01JZ0SF42D6EB959CKE7M0PGAZ,,,,,,,,,game ended,2025-06-30T16:20:24.157039595Z,,,,,,,01JZ0S9G7VJHRZZRV1KXAXAXSY,2025-06-30T16:07:05.095114862Z,4,2025-06-30T16:07:08.19606322Z,true,2025-06-30T16:07:08.664726742Z,true,2025-06-30T16:15:11.1359166Z,Player 2,2025-06-30T16:10:54.702146333Z,,,,,01JZ0SF40GBDCCY8GEMXEDBCMR,2025-06-30T16:07:05.038008729Z,,,"{""networkStruct"":""pooled"",""playerCount"":6}",2025-06-30T16:07:05.095114862Z,"Pooled, Redundancy",2025-06-30T16:07:05.095114862Z,{},2025-06-30T16:07:05.123674549Z,,
01JZ0FC4MBGZN0HAWMYVZKN8TH,,,,,,,,,no more games,2025-06-30T16:38:40.809469116Z,1,2025-06-30T13:28:26.103508935Z,"{""age"":""24"",""gender"":""male"",""strength"":""I did not play any game yet"",""fair"":""I haven't played the game yet"",""feedback"":""i do not have such knowledge"",""education"":""high-school""}",2025-06-30T13:28:26.098323001Z,,,null,2025-06-30T16:38:40.809469116Z,,,,,,,,,,,,,01JZ0FC44K2V5RCNKKJYWT5CK6,2025-06-30T13:10:41.547380884Z,,,"{""networkStruct"":""reciprocal"",""playerCount"":6}",2025-06-30T13:10:41.554782964Z,"Reciprocal, Redundancy",2025-06-30T13:10:41.554782964Z,{},2025-06-30T13:10:41.804909744Z,,
01JZ0FF3E8A0HN07M6HVAWEYF9,,,,,,,,,no more games,2025-06-30T16:40:21.09783098Z,1,2025-06-30T13:20:07.727932795Z,"{""age"":""30"",""gender"":""Male"",""strength"":""I couldn't play."",""fair"":"""",""feedback"":"""",""education"":""bachelor""}",2025-06-30T13:20:07.720766596Z,,,null,2025-06-30T16:40:21.09783098Z,4,2025-06-30T13:18:07.486527471Z,,,,,,,,,,,01JZ0FF2Z16HDF7MNMJCQQNN8J,2025-06-30T13:12:18.632368987Z,,,"{""networkStruct"":""pooled"",""playerCount"":6}",2025-06-30T13:12:18.642263418Z,"Pooled, Redundancy",2025-06-30T13:12:18.642263418Z,{},2025-06-30T13:12:18.880570892Z,,
01JZ0R6DY0PYZTQ6QXN5D3091D,true,2025-06-30T15:53:13.678802262Z,true,2025-06-30T15:53:05.78707745Z,,,null,2025-06-30T15:58:24.095301239Z,game ended,2025-06-30T15:58:26.587194704Z,1,2025-06-30T15:59:31.192968059Z,"{""age"":""41"",""gender"":""Male"",""strength"":""I thought it was really fun and i enjoyed it."",""fair"":""I think it is hard to tell but it looks like we completed all the tasks i think."",""feedback"":""Maybe  give bonuses to the best member of the team."",""education"":""high-school""}",2025-06-30T15:59:31.174171264Z,"[[100,160],[185,245]]",2025-06-30T15:53:13.678802262Z,01JZ0R44ZMT5HYXWVABB60AH0G,2025-06-30T15:44:51.718210991Z,4,2025-06-30T15:46:07.773630633Z,true,2025-06-30T15:46:36.466374506Z,,,Player 1,2025-06-30T15:48:52.668438741Z,2,2025-06-30T15:58:23.988311585Z,false,2025-06-30T15:57:31.557556036Z,01JZ0R6DG5GJERKP1207PWSM98,2025-06-30T15:44:51.648163111Z,,,"{""networkStruct"":""pooled"",""playerCount"":6}",2025-06-30T15:44:51.718210991Z,"Pooled, Redundancy",2025-06-30T15:44:51.718210991Z,{},2025-06-30T15:44:51.893423356Z,TaskQueue,2025-06-30T15:58:24.034030845Z
01JZ0SF01HCY6JAKBVS9CYAVSQ,true,2025-06-30T16:16:27.588476914Z,true,2025-06-30T16:16:19.733656298Z,null,2025-06-30T16:19:37.63197859Z,null,2025-06-30T16:19:37.657467829Z,game ended,2025-06-30T16:21:39.539519546Z,1,2025-06-30T16:22:33.265655113Z,"{""age"":""45"",""gender"":""Male"",""strength"":""The 'out sick' portions were frustrating but probably intentionally so"",""fair"":""Yes, we got everything done we were supposed to I think"",""feedback"":""I'm not sure, it seems fine as is"",""education"":""high-school""}",2025-06-30T16:22:33.287336395Z,"[[10,70],[96,156]]",2025-06-30T16:16:27.588476914Z,01JZ0S9GCCCNBKT0N3T9B2PH95,2025-06-30T16:07:00.95957849Z,4,2025-06-30T16:07:52.638641685Z,true,2025-06-30T16:08:28.094562041Z,,,Player 1,2025-06-30T16:12:12.24391692Z,3,2025-06-30T16:19:37.563463958Z,false,2025-06-30T16:19:15.360101081Z,01JZ0SEZS5WAK6FG1KFTT2J457,2025-06-30T16:07:00.913727043Z,AVERAGE PEOPLE,2025-06-30T16:16:27.588476914Z,"{""networkStruct"":""reciprocal"",""playerCount"":6}",2025-06-30T16:07:00.95957849Z,"Reciprocal, Redundancy",2025-06-30T16:07:00.95957849Z,{},2025-06-30T16:07:01.096537853Z,TaskQueue,2025-06-30T16:19:37.698482718Z
01JZ0FCSDW0BM8JYA02TAKKS7F,true,2025-06-30T13:19:39.921951137Z,true,2025-06-30T13:19:34.029157413Z,null,2025-06-30T13:23:25.364880377Z,null,2025-06-30T13:23:25.373227704Z,game ended,2025-06-30T13:24:51.429180554Z,1,2025-06-30T13:25:42.200976081Z,"{""age"":""62"",""gender"":""male"",""strength"":""interesting"",""fair"":""yes, too much for one person"",""feedback"":""no idea"",""education"":""master""}",2025-06-30T13:25:42.193081789Z,"[[219,279],[24,84]]",2025-06-30T13:19:39.921951137Z,01JZ0F67ZBCBNFH7W25EXNBXDS,2025-06-30T13:11:02.855890228Z,4,2025-06-30T13:12:28.398405007Z,true,2025-06-30T13:13:00.273846805Z,,,Player 5,2025-06-30T13:15:26.12214859Z,5,2025-06-30T13:23:25.37926187Z,false,2025-06-30T13:24:30.413169363Z,01JZ0FCS7XSD08QK2740C4NZZ1,2025-06-30T13:11:02.844573198Z,CHILDREN'S COMMUTE DISTANCE,2025-06-30T13:19:39.921951137Z,"{""networkStruct"":""reciprocal"",""playerCount"":6}",2025-06-30T13:11:02.855890228Z,"Reciprocal, Redundancy",2025-06-30T13:11:02.855890228Z,{},2025-06-30T13:11:02.945988176Z,TaskQueue,2025-06-30T13:23:25.357465529Z
01JZ0HBGF52K71HWK9APQ4JSS0,true,2025-06-30T13:53:09.911223704Z,true,2025-06-30T13:53:03.163765019Z,,,neighborhood_11,2025-06-30T13:56:33.341141216Z,game ended,2025-06-30T13:58:21.199649278Z,1,2025-06-30T13:58:56.750171421Z,"{""age"":""36"",""gender"":""Male"",""strength"":""How good you are working in a team"",""fair"":""Yes"",""feedback"":"""",""education"":""master""}",2025-06-30T13:58:56.605209965Z,"[[69,129],[238,298]]",2025-06-30T13:53:09.911223704Z,01JZ0H1K6XDYNJQ07N0KM3P1VX,2025-06-30T13:45:18.071738463Z,4,2025-06-30T13:47:02.549549665Z,true,2025-06-30T13:48:35.913569343Z,,,Player 3,2025-06-30T13:48:57.355221659Z,1,2025-06-30T13:56:30.635929302Z,false,2025-06-30T13:58:18.128953542Z,01JZ0HBFGAVCVGV0SH9ZKZ5V8A,2025-06-30T13:45:18.053326136Z,,,"{""networkStruct"":""pooled"",""playerCount"":6}",2025-06-30T13:45:18.071738463Z,"Pooled, Redundancy",2025-06-30T13:45:18.071738463Z,{},2025-06-30T13:45:18.447069454Z,TaskScreen,2025-06-30T13:56:33.330431107Z
01JZ0FD6EFW093P2J0FEY97NKZ,true,2025-06-30T13:16:41.4231973Z,true,2025-06-30T13:16:37.709818053Z,null,2025-06-30T13:19:16.981774347Z,null,2025-06-30T13:19:16.724867642Z,game ended,2025-06-30T13:21:52.367504436Z,1,2025-06-30T13:22:39.166124567Z,"{""age"":""30"",""gender"":""Female"",""strength"":""Fun"",""fair"":""Yes"",""feedback"":""Would have liked to interact with teammates more"",""education"":""bachelor""}",2025-06-30T13:22:39.175183464Z,"[[162,222],[63,123]]",2025-06-30T13:16:41.4231973Z,01JZ0F67ZKKPGDC64ETWQZ69WV,2025-06-30T13:11:16.188066514Z,4,2025-06-30T13:11:50.121487255Z,true,2025-06-30T13:12:17.783157498Z,,,Player 5,2025-06-30T13:12:29.7840431Z,1,2025-06-30T13:19:16.733887518Z,false,2025-06-30T13:20:31.496921782Z,01JZ0FD628GZMJCQ8M93APHW0X,2025-06-30T13:11:16.175141661Z,AVERAGE PEOPLE,2025-06-30T13:16:41.4231973Z,"{""networkStruct"":""reciprocal"",""playerCount"":6}",2025-06-30T13:11:16.188066514Z,"Reciprocal, Redundancy",2025-06-30T13:11:16.188066514Z,{},2025-06-30T13:11:16.315007545Z,TaskQueue,2025-06-30T13:19:16.997522662Z
01JZ0FF2AESZYBEQBJZKV45YWJ,true,2025-06-30T13:20:02.125409168Z,true,2025-06-30T13:19:54.870641053Z,,,,,game ended,2025-06-30T13:25:13.833363244Z,1,2025-06-30T13:26:36.862545451Z,"{""age"":""46"",""gender"":""Famele"",""strength"":""Interesting game"",""fair"":""yes very helpful"",""feedback"":""maybe to play with moreplayers"",""education"":""bachelor""}",2025-06-30T13:26:36.842711469Z,"[[141,201],[213,273]]",2025-06-30T13:20:02.125409168Z,01JZ0F67ZNGQ7M2D3G3M0R8ZTD,2025-06-30T13:12:17.498812902Z,4,2025-06-30T13:15:44.41776346Z,true,2025-06-30T13:15:49.165691272Z,,,Player 6,2025-06-30T13:15:49.272802124Z,,,false,2025-06-30T13:25:00.851306457Z,01JZ0FF1YY5H9383K18FRAGRF1,2025-06-30T13:12:17.486833465Z,CHILDREN'S COMMUTE DISTANCE,2025-06-30T13:20:02.125409168Z,"{""networkStruct"":""reciprocal"",""playerCount"":6}",2025-06-30T13:12:17.498812902Z,"Reciprocal, Redundancy",2025-06-30T13:12:17.498812902Z,{},2025-06-30T13:12:17.721788827Z,,
01JZ0FB5NM2PBQFGSVXVEDAQ5Y,true,2025-06-30T13:16:27.497617472Z,true,2025-06-30T13:16:25.701632357Z,null,2025-06-30T13:18:21.508515226Z,null,2025-06-30T13:18:21.491633432Z,game ended,2025-06-30T13:21:38.103036325Z,,,,,"[[211,271],[17,77]]",2025-06-30T13:16:27.497617472Z,01JZ0F67ZEPC67VW242P0YYZAA,2025-06-30T13:10:09.85376228Z,4,2025-06-30T13:10:56.77481763Z,true,2025-06-30T13:11:23.046974877Z,,,Player 5,2025-06-30T13:12:16.293060103Z,2,2025-06-30T13:18:21.497314226Z,false,2025-06-30T13:17:54.827977459Z,01JZ0FB56RDBBKGMG8S0CE0HB3,2025-06-30T13:10:09.844743984Z,CHILDREN'S COMMUTE DISTANCE,2025-06-30T13:16:27.497617472Z,"{""networkStruct"":""reciprocal"",""playerCount"":6}",2025-06-30T13:10:09.85376228Z,"Reciprocal, Redundancy",2025-06-30T13:10:09.85376228Z,{},2025-06-30T13:10:10.115375972Z,TaskQueue,2025-06-30T13:18:21.502879003Z
01JZ0H3QQ5CPMXHE11M4R96C48,true,2025-06-30T13:48:58.453374755Z,true,2025-06-30T13:48:50.511014276Z,2,2025-06-30T13:54:00.947712861Z,neighborhood_14,2025-06-30T13:54:00.940713975Z,game ended,2025-06-30T13:54:09.375027459Z,1,2025-06-30T13:55:16.852746951Z,"{""age"":""60"",""gender"":""male"",""strength"":""good game gets the brain working"",""fair"":""I hope so"",""feedback"":""no improvements neede. Good clear and concise instructions"",""education"":""high-school""}",2025-06-30T13:55:16.846607864Z,"[[6,66],[70,130]]",2025-06-30T13:48:58.453374755Z,01JZ0H1K78HDDW9F2WM1P8VZMN,2025-06-30T13:41:03.353413976Z,4,2025-06-30T13:41:56.133767821Z,true,2025-06-30T13:42:15.161678466Z,,,Player 3,2025-06-30T13:44:45.571211867Z,7,2025-06-30T13:53:58.806380478Z,false,2025-06-30T13:51:20.314599619Z,01JZ0H3QCFAS36EEE0XZHKSGHP,2025-06-30T13:41:03.333570155Z,MAXIMUM INCOME,2025-06-30T13:48:58.453374755Z,"{""networkStruct"":""reciprocal"",""playerCount"":6}",2025-06-30T13:41:03.353413976Z,"Reciprocal, Redundancy",2025-06-30T13:41:03.353413976Z,{},2025-06-30T13:41:03.52576027Z,TaskScreen,2025-06-30T13:54:00.954229776Z
01JZ0H5Q2X0VNQ3KT02G5XT30Y,true,2025-06-30T13:48:55.552656034Z,true,2025-06-30T13:48:51.630497195Z,null,2025-06-30T13:54:01.487975894Z,null,2025-06-30T13:54:01.448095948Z,game ended,2025-06-30T13:54:06.415229142Z,1,2025-06-30T13:54:20.658389234Z,"{""age"":""30"",""gender"":""female"",""strength"":""cool"",""fair"":""yes"",""feedback"":""no"",""education"":""master""}",2025-06-30T13:54:20.646193085Z,"[[212,272],[90,150]]",2025-06-30T13:48:55.552656034Z,01JZ0H1K7A7HBJ5WZC7T99GVBX,2025-06-30T13:42:08.235535949Z,4,2025-06-30T13:43:26.230075666Z,true,2025-06-30T13:43:35.319535961Z,,,Player 5,2025-06-30T13:44:43.188143395Z,9,2025-06-30T13:54:01.462154333Z,false,2025-06-30T13:53:38.472653934Z,01JZ0H5PYB3E05RBVFW40JZNDR,2025-06-30T13:42:08.221331578Z,CHILDREN'S COMMUTE DISTANCE,2025-06-30T13:48:55.552656034Z,"{""networkStruct"":""reciprocal"",""playerCount"":6}",2025-06-30T13:42:08.235535949Z,"Reciprocal, Redundancy",2025-06-30T13:42:08.235535949Z,{},2025-06-30T13:42:08.300634724Z,TaskQueue,2025-06-30T13:54:01.47151815Z
01JZ0HFMYKSMAV2RS6KF5GZ9M7,true,2025-06-30T13:54:07.936782814Z,true,2025-06-30T13:54:00.774092981Z,,,neighborhood_14,2025-06-30T13:58:52.37142939Z,game ended,2025-06-30T13:59:18.978089121Z,1,2025-06-30T14:00:00.445883299Z,"{""age"":""33"",""gender"":""Female"",""strength"":""I thought it was interesting."",""fair"":""Not really."",""feedback"":""More chat time with team mates."",""education"":""high-school""}",2025-06-30T14:00:00.453122642Z,"[[54,114],[138,198]]",2025-06-30T13:54:07.936782814Z,01JZ0H1K72P9WWMQFG7ACVRNHM,2025-06-30T13:48:57.07745719Z,4,2025-06-30T13:48:54.135873996Z,true,2025-06-30T13:49:18.152394494Z,,,Player 6,2025-06-30T13:49:55.159078471Z,2,2025-06-30T13:58:49.579569486Z,false,2025-06-30T13:57:37.147200374Z,01JZ0HFMNKAPEJQ84JJ1YG18KZ,2025-06-30T13:47:33.716024958Z,,,"{""networkStruct"":""pooled"",""playerCount"":6}",2025-06-30T13:47:33.744574917Z,"Pooled, Redundancy",2025-06-30T13:47:33.744574917Z,{},2025-06-30T13:47:33.904898297Z,TaskScreen,2025-06-30T13:58:52.377023855Z
01JZ0JRHPY82NWCJAKFRVZ7MTV,true,2025-06-30T14:16:09.23468179Z,true,2025-06-30T14:16:02.482955283Z,,,neighborhood_12,2025-06-30T14:19:55.154789671Z,game ended,2025-06-30T14:21:20.117400612Z,1,2025-06-30T14:22:03.016645305Z,"{""age"":""32"",""gender"":""Male"",""strength"":""it was fun"",""fair"":""yes"",""feedback"":""share own and teammate points, leave a round inbetween to talk"",""education"":""master""}",2025-06-30T14:22:03.035623458Z,"[[44,104],[226,286]]",2025-06-30T14:16:09.23468179Z,01JZ0JJRKVJXBJGVYTJ6TBMBFM,2025-06-30T14:10:34.242885134Z,4,2025-06-30T14:10:55.601856481Z,true,2025-06-30T14:11:39.070319256Z,,,Player 4,2025-06-30T14:11:56.530037069Z,3,2025-06-30T14:19:53.652871238Z,false,2025-06-30T14:21:06.284515891Z,01JZ0JRH70HSHERCAG5R4N241N,2025-06-30T14:09:53.886423027Z,,,"{""networkStruct"":""pooled"",""playerCount"":6}",2025-06-30T14:09:53.924659696Z,"Pooled, Redundancy",2025-06-30T14:09:53.924659696Z,{},2025-06-30T14:09:54.187965519Z,TaskScreen,2025-06-30T14:19:55.162406812Z
01JZ0RGWMHC1M8CB466E96GPB2,,,,,,,,,game ended,2025-06-30T16:00:05.404908678Z,,,,,,,01JZ0R44ZYB02HBRR2X1W771BR,2025-06-30T15:50:34.425077992Z,4,2025-06-30T15:50:36.121256684Z,true,2025-06-30T15:50:36.553194243Z,true,2025-06-30T15:54:52.649798934Z,Player 6,2025-06-30T15:50:36.987529931Z,,,,,01JZ0RGWJKFTY4K52PJT5824X5,2025-06-30T15:50:34.385337897Z,,,"{""networkStruct"":""reciprocal"",""playerCount"":6}",2025-06-30T15:50:34.425077992Z,"Reciprocal, Redundancy",2025-06-30T15:50:34.425077992Z,{},2025-06-30T15:50:34.450805368Z,,
01JZ0FBBRPZEFPK4TTVDKWZ7HA,true,2025-06-30T13:17:51.434421593Z,true,2025-06-30T13:17:43.658098323Z,2,2025-06-30T13:22:54.086157781Z,neighborhood_12,2025-06-30T13:22:54.099815461Z,game ended,2025-06-30T13:23:02.633420217Z,1,2025-06-30T13:23:24.685144576Z,"{""age"":""27"",""gender"":""woman"",""strength"":""It was fun, but stressful"",""fair"":""Not really"",""feedback"":""It worked fine"",""education"":""high-school""}",2025-06-30T13:23:24.675542492Z,"[[141,201],[202,262]]",2025-06-30T13:17:51.434421593Z,01JZ0F67ZJJG6P50PFSVWKXYA5,2025-06-30T13:10:16.095446199Z,4,2025-06-30T13:11:16.197190672Z,true,2025-06-30T13:11:51.909526409Z,,,Player 3,2025-06-30T13:13:39.800797117Z,6,2025-06-30T13:22:51.566694954Z,false,2025-06-30T13:22:25.666231622Z,01JZ0FBBHJ79B4TTFQXKFA9FWB,2025-06-30T13:10:16.086687424Z,MAXIMUM INCOME,2025-06-30T13:17:51.434421593Z,"{""networkStruct"":""reciprocal"",""playerCount"":6}",2025-06-30T13:10:16.095446199Z,"Reciprocal, Redundancy",2025-06-30T13:10:16.095446199Z,{},2025-06-30T13:10:16.223151822Z,TaskScreen,2025-06-30T13:22:54.073564162Z
01JZ0H5AXYRKCCAM24KW8RVMWP,true,2025-06-30T13:49:09.363311068Z,true,2025-06-30T13:49:03.692000704Z,,,neighborhood_12,2025-06-30T13:52:27.072082275Z,game ended,2025-06-30T13:54:20.154136812Z,1,2025-06-30T13:55:06.009843941Z,"{""age"":""47"",""gender"":""male"",""strength"":""time sensitive"",""fair"":""yes, very much"",""feedback"":""i litlle more time for the training"",""education"":""master""}",2025-06-30T13:55:05.990908012Z,"[[100,160],[229,289]]",2025-06-30T13:49:09.363311068Z,01JZ0H1K7HVYD71R3W6V80C6V1,2025-06-30T13:43:43.499593922Z,4,2025-06-30T13:43:16.591693826Z,true,2025-06-30T13:43:54.862758981Z,,,Player 4,2025-06-30T13:44:56.874053753Z,2,2025-06-30T13:52:24.403198045Z,false,2025-06-30T13:54:09.212950703Z,01JZ0H5AEFKDP20TW81SJFWR5N,2025-06-30T13:41:55.774212294Z,,,"{""networkStruct"":""pooled"",""playerCount"":6}",2025-06-30T13:41:55.788206475Z,"Pooled, Redundancy",2025-06-30T13:41:55.788206475Z,{},2025-06-30T13:41:56.050364488Z,TaskScreen,2025-06-30T13:52:27.079470788Z
01JZ0M37T5B6J4TKCZ2030N8JQ,,,,,,,,,game ended,2025-06-30T14:46:23.991400533Z,,,,,,,01JZ0KZHHH6W8J7M02JDFMAQF5,2025-06-30T14:36:16.377500407Z,4,2025-06-30T14:36:16.774743288Z,true,2025-06-30T14:36:59.175496628Z,true,2025-06-30T14:41:12.869161495Z,Player 3,2025-06-30T14:36:59.540401191Z,,,,,01JZ0M375N9DX2KNFGV0TEZ070,2025-06-30T14:33:12.773838504Z,,,"{""networkStruct"":""reciprocal"",""playerCount"":6}",2025-06-30T14:33:12.792655789Z,"Reciprocal, Redundancy",2025-06-30T14:33:12.792655789Z,{},2025-06-30T14:33:13.172332379Z,,
01JZ0M76DS1TB5AKS0JTGGKM42,true,2025-06-30T14:42:32.418956253Z,true,2025-06-30T14:42:28.65232864Z,null,2025-06-30T14:47:42.037436035Z,null,2025-06-30T14:47:42.027717193Z,game ended,2025-06-30T14:47:43.291129142Z,1,2025-06-30T14:48:58.07663682Z,"{""age"":""49"",""gender"":""Male"",""strength"":""cool game"",""fair"":""extremely helpful since i was sick 3 times"",""feedback"":""keep a live chat maybe?"",""education"":""master""}",2025-06-30T14:48:58.068342287Z,"[[158,218],[11,71]]",2025-06-30T14:42:32.418956253Z,01JZ0KZHH6W8XDVC696R9C92DG,2025-06-30T14:36:50.767871907Z,4,2025-06-30T14:37:13.276715496Z,true,2025-06-30T14:38:13.429058112Z,,,Player 6,2025-06-30T14:38:19.470517074Z,26,2025-06-30T14:47:42.009424513Z,false,2025-06-30T14:46:21.549211986Z,01JZ0M75RYS9KC9JZ5PT65NPNF,2025-06-30T14:35:22.425260251Z,CHILDREN'S COMMUTE DISTANCE,2025-06-30T14:42:32.418956253Z,"{""networkStruct"":""reciprocal"",""playerCount"":6}",2025-06-30T14:35:22.465949023Z,"Reciprocal, Redundancy",2025-06-30T14:35:22.465949023Z,{},2025-06-30T14:35:23.19898696Z,TaskQueue,2025-06-30T14:47:42.017640716Z
01JZ0H3KYQN4X87D14R9JK1FH9,true,2025-06-30T13:48:58.453374755Z,true,2025-06-30T13:48:49.086774642Z,null,2025-06-30T13:53:16.60141508Z,null,2025-06-30T13:53:16.636676549Z,game ended,2025-06-30T13:54:09.375027459Z,1,2025-06-30T13:55:02.627483534Z,"{""age"":""27"",""gender"":""Male"",""strength"":""I enjoyed it. Being up against the time - felt competitive. "",""fair"":""I honestly felt like I was in my own zone - I couldn't really tell they were there - just tunnel visioned on counting average people per house"",""feedback"":""Involve more team play"",""education"":""high-school""}",2025-06-30T13:55:02.615843551Z,"[[159,219],[12,72]]",2025-06-30T13:48:58.453374755Z,01JZ0H1K78HDDW9F2WM1P8VZMN,2025-06-30T13:40:59.490732605Z,4,2025-06-30T13:41:47.137574202Z,true,2025-06-30T13:42:07.541992291Z,,,Player 2,2025-06-30T13:44:45.571211867Z,11,2025-06-30T13:53:16.626181675Z,false,2025-06-30T13:52:48.412594725Z,01JZ0H3KGY6ZG61TARPX1EAHPB,2025-06-30T13:40:59.479852723Z,AVERAGE PEOPLE,2025-06-30T13:48:58.453374755Z,"{""networkStruct"":""reciprocal"",""playerCount"":6}",2025-06-30T13:40:59.490732605Z,"Reciprocal, Redundancy",2025-06-30T13:40:59.490732605Z,{},2025-06-30T13:40:59.802897466Z,TaskQueue,2025-06-30T13:53:16.614914659Z
01JZ0JR8TNC3BX4SGFJ6K8AMXM,true,2025-06-30T14:17:51.053738955Z,true,2025-06-30T14:17:44.779490562Z,,,null,2025-06-30T14:20:52.848302528Z,game ended,2025-06-30T14:23:02.269435373Z,1,2025-06-30T14:24:44.718469466Z,"{""age"":""49"",""gender"":""Male"",""strength"":""It was interesting, and fairly easy.  The out sick component made me a little anxious."",""fair"":""Absolutely!  We completed all the tasks, and they were quick in most cases."",""feedback"":""Perhaps make a way for you to check the work of your teammate?"",""education"":""bachelor""}",2025-06-30T14:24:44.682693292Z,"[[58,118],[205,265]]",2025-06-30T14:17:51.053738955Z,01JZ0JJRKH7XD764W2MEEG7PFH,2025-06-30T14:09:44.806858079Z,4,2025-06-30T14:11:08.895825676Z,true,2025-06-30T14:11:49.838404029Z,,,Player 4,2025-06-30T14:13:38.679169723Z,2,2025-06-30T14:20:52.817419289Z,false,2025-06-30T14:22:32.404438133Z,01JZ0JR8NJXRFQ9MDGQ1PZ8EVE,2025-06-30T14:09:44.789047196Z,,,"{""networkStruct"":""pooled"",""playerCount"":6}",2025-06-30T14:09:44.806858079Z,"Pooled, Redundancy",2025-06-30T14:09:44.806858079Z,{},2025-06-30T14:09:44.891794562Z,TaskQueue,2025-06-30T14:20:52.829270006Z
01JZ0P6YH7NNC71XKAERN7EGXC,true,2025-06-30T15:16:45.944134289Z,true,2025-06-30T15:16:41.796926458Z,null,2025-06-30T15:19:16.335513544Z,null,2025-06-30T15:19:16.31735439Z,game ended,2025-06-30T15:21:57.570794812Z,1,2025-06-30T15:22:24.703361453Z,"{""age"":""28"",""gender"":""Female"",""strength"":""I really enjoyed! I had to be fast but I really liked it"",""fair"":""I hope so"",""feedback"":"""",""education"":""master""}",2025-06-30T15:22:24.684096089Z,"[[36,96],[233,293]]",2025-06-30T15:16:45.944134289Z,01JZ0NSNAYA5ZEAQVB789Y1XW2,2025-06-30T15:10:11.521406679Z,4,2025-06-30T15:11:04.836248351Z,true,2025-06-30T15:11:16.029385436Z,,,Player 6,2025-06-30T15:12:32.708071208Z,5,2025-06-30T15:19:16.397145025Z,false,2025-06-30T15:21:50.486303533Z,01JZ0P6Y29F61D18934MF9X8PB,2025-06-30T15:10:11.495093486Z,CHILDREN'S COMMUTE DISTANCE,2025-06-30T15:16:45.944134289Z,"{""networkStruct"":""reciprocal"",""playerCount"":6}",2025-06-30T15:10:11.521406679Z,"Reciprocal, Redundancy",2025-06-30T15:10:11.521406679Z,{},2025-06-30T15:10:11.754561574Z,TaskQueue,2025-06-30T15:19:16.355772523Z
01JZ0PQG0QD2E50TEZE8KJC3TY,true,2025-06-30T15:25:48.896822644Z,true,2025-06-30T15:25:41.081937853Z,,,neighborhood_10,2025-06-30T15:30:26.081812158Z,game ended,2025-06-30T15:31:00.086517326Z,1,2025-06-30T15:31:27.562721662Z,"{""age"":""41"",""gender"":""MALE"",""strength"":""Fun"",""fair"":""Mixed"",""feedback"":""No improvements"",""education"":""other""}",2025-06-30T15:31:27.545565264Z,"[[187,247],[6,66]]",2025-06-30T15:25:48.896822644Z,01JZ0PDFFH0EDR9F9CYFN0TQY3,2025-06-30T15:19:13.764821219Z,4,2025-06-30T15:19:53.40381842Z,true,2025-06-30T15:20:05.61218778Z,,,Player 6,2025-06-30T15:21:33.476856964Z,3,2025-06-30T15:30:22.759819156Z,false,2025-06-30T15:30:06.762110153Z,01JZ0PQFP0KQP13XYAHQHJQ05S,2025-06-30T15:19:13.687054547Z,,,"{""networkStruct"":""pooled"",""playerCount"":6}",2025-06-30T15:19:13.764821219Z,"Pooled, Redundancy",2025-06-30T15:19:13.764821219Z,{},2025-06-30T15:19:13.947154756Z,TaskScreen,2025-06-30T15:30:26.09967249Z
01JZ0SCCGQ4WDJE5VH80FR1DGN,,,,,,,,,game ended,2025-06-30T16:22:18.910515003Z,,,,,,,01JZ0S9GD9MABT2H3JKQDC0TB1,2025-06-30T16:05:35.428587531Z,4,2025-06-30T16:05:38.761035448Z,true,2025-06-30T16:05:39.30931478Z,true,2025-06-30T16:17:06.57682579Z,Player 2,2025-06-30T16:12:44.947921387Z,,,,,01JZ0SCCERKQ74ZXMVS7HWSFWC,2025-06-30T16:05:35.383297542Z,,,"{""networkStruct"":""reciprocal"",""playerCount"":6}",2025-06-30T16:05:35.428587531Z,"Reciprocal, Redundancy",2025-06-30T16:05:35.428587531Z,{},2025-06-30T16:05:35.452926657Z,,
01JZ0FHWBY15ET9EK8R00P9WW1,,,,,,,,,game ended,2025-06-30T13:23:16.948337204Z,,,,,,,01JZ0F67Z745P2890BJ7Q88E3R,2025-06-30T13:13:49.706506719Z,4,2025-06-30T13:13:51.097707316Z,true,2025-06-30T13:13:51.468254521Z,true,2025-06-30T13:18:05.719938795Z,Player 6,2025-06-30T13:13:52.184367924Z,,,,,01JZ0FHWAGGYYAPJQ476NMZJBM,2025-06-30T13:13:49.694633419Z,,,"{""networkStruct"":""pooled"",""playerCount"":6}",2025-06-30T13:13:49.706506719Z,"Pooled, Redundancy",2025-06-30T13:13:49.706506719Z,{},2025-06-30T13:13:49.736937299Z,,
01JZ0HD6YGD591QW3T9DNTT5JC,,,,,,,,,game ended,2025-06-30T13:55:43.971020499Z,,,,,,,01JZ0H1K706F68YJ8PB50DJAH3,2025-06-30T13:46:13.857689375Z,4,2025-06-30T13:46:20.309790908Z,true,2025-06-30T13:46:20.659842773Z,true,2025-06-30T13:50:33.171494146Z,Player 6,2025-06-30T13:46:20.775367428Z,,,,,01JZ0HD6WVXACTW5QQTZ7DH9C9,2025-06-30T13:46:13.840146881Z,,,"{""networkStruct"":""pooled"",""playerCount"":6}",2025-06-30T13:46:13.857689375Z,"Pooled, Redundancy",2025-06-30T13:46:13.857689375Z,{},2025-06-30T13:46:13.882177048Z,,
01JZ0JMRZCYKKS11NMJE3Z1M2V,true,2025-06-30T14:17:35.202836755Z,true,2025-06-30T14:17:28.546771566Z,,,neighborhood_14,2025-06-30T14:20:58.118419725Z,game ended,2025-06-30T14:22:46.120437842Z,1,2025-06-30T14:23:53.954599243Z,"{""age"":""26"",""gender"":""female"",""strength"":""its good measures maths and speed however the sick out is unfairly long "",""fair"":""no not at all"",""feedback"":""reduce sick out time and also create space for team mates to help or interact "",""education"":""master""}",2025-06-30T14:23:53.963533775Z,"[[202,262],[58,118]]",2025-06-30T14:17:35.202836755Z,01JZ0JJRK7MTN7FAC1224V82KC,2025-06-30T14:07:50.267265Z,4,2025-06-30T14:08:57.223620976Z,true,2025-06-30T14:09:56.761321753Z,,,Player 2,2025-06-30T14:13:21.85843509Z,1,2025-06-30T14:20:54.987568374Z,false,2025-06-30T14:22:07.240184026Z,01JZ0JMRHAJNK7V65P86ZHF7S2,2025-06-30T14:07:50.252056614Z,,,"{""networkStruct"":""pooled"",""playerCount"":6}",2025-06-30T14:07:50.267265Z,"Pooled, Redundancy",2025-06-30T14:07:50.267265Z,{},2025-06-30T14:07:50.496717278Z,TaskScreen,2025-06-30T14:20:58.110157872Z
01JZ0H4TXV5HDVPR9EH08YRVXA,true,2025-06-30T13:48:46.522324349Z,true,2025-06-30T13:48:39.036619356Z,null,2025-06-30T13:50:49.210259453Z,null,2025-06-30T13:50:49.162181088Z,game ended,2025-06-30T13:53:58.052889715Z,1,2025-06-30T13:54:58.46075695Z,"{""age"":""24"",""gender"":""male"",""strength"":""It was fun."",""fair"":""Yes."",""feedback"":""The \""sick part\"" can be removed in my opinion."",""education"":""high-school""}",2025-06-30T13:54:58.467994419Z,"[[89,149],[238,298]]",2025-06-30T13:48:46.522324349Z,01JZ0H1K7C3FKHJS5GP9RE7N8D,2025-06-30T13:41:39.403863778Z,4,2025-06-30T13:42:19.299624815Z,true,2025-06-30T13:42:43.597570619Z,,,Player 5,2025-06-30T13:44:33.863206911Z,5,2025-06-30T13:50:49.173662977Z,false,2025-06-30T13:53:10.788725311Z,01JZ0H4TFYB2NM8RRMQ5WRQEX1,2025-06-30T13:41:39.387769692Z,CHILDREN'S COMMUTE DISTANCE,2025-06-30T13:48:46.522324349Z,"{""networkStruct"":""reciprocal"",""playerCount"":6}",2025-06-30T13:41:39.403863778Z,"Reciprocal, Redundancy",2025-06-30T13:41:39.403863778Z,{},2025-06-30T13:41:39.649706561Z,TaskQueue,2025-06-30T13:50:49.186712647Z
01JZ0H53XZYCQG41178C2XHEX2,,,,,,,,,no more games,2025-06-30T16:38:40.809469116Z,1,2025-06-30T13:47:07.609373996Z,"{""age"":""38"",""gender"":""Male"",""strength"":""i was not assigned any game"",""fair"":""i didn't play any game"",""feedback"":""i didn't play any game, i was taken direct to exit survey"",""education"":""master""}",2025-06-30T13:47:07.60234343Z,,,null,2025-06-30T16:38:40.809469116Z,4,2025-06-30T13:44:58.562348424Z,,,,,,,,,,,01JZ0H52VBZM1HCMNJ8RDVEDGR,2025-06-30T13:41:48.607074838Z,,,"{""networkStruct"":""reciprocal"",""playerCount"":6}",2025-06-30T13:41:48.634173872Z,"Reciprocal, Redundancy",2025-06-30T13:41:48.634173872Z,{},2025-06-30T13:41:49.008620581Z,,
01JZ0PT5KC8Z5R5S27XDY9AR52,true,2025-06-30T15:42:26.795107984Z,true,2025-06-30T15:42:22.774065322Z,,,null,2025-06-30T15:47:21.707757266Z,game ended,2025-06-30T15:47:38.810233908Z,1,2025-06-30T15:32:41.38658637Z,"{""age"":"""",""gender"":"""",""strength"":"""",""fair"":"""",""feedback"":"""",""education"":""""}",2025-06-30T15:32:41.349372361Z,"[[62,122],[126,186]]",2025-06-30T15:42:26.795107984Z,01JZ0QGE4MQBM7ZJEFVQMWJX02,2025-06-30T15:33:15.260078915Z,4,2025-06-30T15:37:37.929895856Z,true,2025-06-30T15:37:46.620394018Z,,,Player 1,2025-06-30T15:38:12.844209337Z,3,2025-06-30T15:47:21.727410806Z,false,2025-06-30T15:45:44.360455326Z,01JZ0PT57NDMSNAM3R9RCE4RC1,2025-06-30T15:20:41.324111772Z,,,"{""networkStruct"":""pooled"",""playerCount"":6}",2025-06-30T15:20:41.352757061Z,"Pooled, Redundancy",2025-06-30T15:20:41.352757061Z,{},2025-06-30T15:20:41.550327923Z,TaskQueue,2025-06-30T15:47:21.683042836Z
01JZ0SEEBH5P45502W37V2YJK1,,,,,,,,,game ended,2025-06-30T16:20:24.157039595Z,,,,,,,01JZ0S9G7VJHRZZRV1KXAXAXSY,2025-06-30T16:06:42.845312481Z,4,2025-06-30T16:06:45.630488101Z,true,2025-06-30T16:06:46.166341397Z,true,2025-06-30T16:15:11.1359166Z,Player 1,2025-06-30T16:10:54.702146333Z,,,,,01JZ0SEE9PQBTJ4WT7FF1KQRHS,2025-06-30T16:06:42.801126401Z,,,"{""networkStruct"":""pooled"",""playerCount"":6}",2025-06-30T16:06:42.845312481Z,"Pooled, Redundancy",2025-06-30T16:06:42.845312481Z,{},2025-06-30T16:06:42.870203762Z,,
01JZ0TAG5YB2XS2SXDFRSMNV8G,true,2025-06-30T16:29:50.283392071Z,true,2025-06-30T16:29:41.583141387Z,null,2025-06-30T16:32:17.337802489Z,null,2025-06-30T16:32:17.501030292Z,game ended,2025-06-30T16:35:03.535483593Z,1,2025-06-30T16:36:41.293217313Z,"{""age"":""27"",""gender"":""male"",""strength"":""Very nice thing. I wish there are more studies like this. "",""fair"":""I hope so ^^"",""feedback"":""I think more complex game would be nice. What I mean is for example counting average people in house hold was rather easy, there were no answers like 7,5 or 5,6. "",""education"":""bachelor""}",2025-06-30T16:36:41.250366424Z,"[[187,247],[34,94]]",2025-06-30T16:29:50.283392071Z,01JZ0T59780CP4Z1F2CEHFDNAC,2025-06-30T16:22:02.237043219Z,4,2025-06-30T16:22:55.600323774Z,true,2025-06-30T16:23:19.841955606Z,,,Player 4,2025-06-30T16:25:32.363998543Z,5,2025-06-30T16:32:17.282858925Z,false,2025-06-30T16:34:09.864934175Z,01JZ0TAFPEVWA3185ZSZAJS32D,2025-06-30T16:22:02.174324449Z,AVERAGE PEOPLE,2025-06-30T16:29:50.283392071Z,"{""networkStruct"":""reciprocal"",""playerCount"":6}",2025-06-30T16:22:02.237043219Z,"Reciprocal, Redundancy",2025-06-30T16:22:02.237043219Z,{},2025-06-30T16:22:02.562801442Z,TaskQueue,2025-06-30T16:32:17.448507963Z
01JZ0V1S612A57R9KJ7DENVWAG,,,,,,,,,game ended,2025-06-30T16:48:01.140826992Z,,,,,,,01JZ0TXMAAZJ4VJWA2WTVHG174,2025-06-30T16:34:45.10568749Z,4,2025-06-30T16:34:47.729918685Z,true,2025-06-30T16:34:48.215546489Z,true,2025-06-30T16:42:48.190080064Z,Player 3,2025-06-30T16:38:29.408839537Z,,,,,01JZ0V1S3ZKF484MNQPYSFXQPG,2025-06-30T16:34:45.05761411Z,,,"{""networkStruct"":""reciprocal"",""playerCount"":6}",2025-06-30T16:34:45.10568749Z,"Reciprocal, Redundancy",2025-06-30T16:34:45.10568749Z,{},2025-06-30T16:34:45.165035552Z,,
01JZ0FDQ7XEK8QFWNEW92QR4H3,true,2025-06-30T13:20:02.125409168Z,true,2025-06-30T13:19:54.900644043Z,null,2025-06-30T13:24:28.720200086Z,null,2025-06-30T13:24:28.681407015Z,game ended,2025-06-30T13:25:13.833363244Z,1,2025-06-30T13:28:33.196819844Z,"{""age"":""35"",""gender"":""Male"",""strength"":""Pretty simple (at least my task), the sick time was kinda annoying/breaking the flow."",""fair"":""The one that did the same task as me didn't seem to be as fast as me, but we managed to do all the task. The rest of the team, i don't know how they did (was there a way to see?). But it seemed like i had the simplest task,"",""feedback"":""I would like to see how others progress through tasks (the ones that aren't available to me)"",""education"":""bachelor""}",2025-06-30T13:28:33.191631685Z,"[[157,217],[57,117]]",2025-06-30T13:20:02.125409168Z,01JZ0F67ZNGQ7M2D3G3M0R8ZTD,2025-06-30T13:11:33.390785814Z,4,2025-06-30T13:13:27.730024453Z,true,2025-06-30T13:14:03.502998528Z,,,Player 5,2025-06-30T13:15:49.272802124Z,13,2025-06-30T13:24:28.668670445Z,false,2025-06-30T13:23:51.615107089Z,01JZ0FDPTRFK2TQTVEXAHX1B5P,2025-06-30T13:11:33.373669434Z,AVERAGE PEOPLE,2025-06-30T13:20:02.125409168Z,"{""networkStruct"":""reciprocal"",""playerCount"":6}",2025-06-30T13:11:33.390785814Z,"Reciprocal, Redundancy",2025-06-30T13:11:33.390785814Z,{},2025-06-30T13:11:33.654141545Z,TaskQueue,2025-06-30T13:24:28.694092682Z
01JZ0NCM52T6WSAVFXXAWVWZY2,,,,,,,,,game ended,2025-06-30T15:09:09.500118963Z,,,,,,,01JZ0N9PQHD06TCBXAQZTT3H76,2025-06-30T14:55:48.924477233Z,4,2025-06-30T14:56:37.353917683Z,true,2025-06-30T14:57:02.254308239Z,true,2025-06-30T15:03:58.066881922Z,Player 1,2025-06-30T14:59:44.416265815Z,,,,,01JZ0NCKV2TW5ZMH4ENT6TZJHX,2025-06-30T14:55:48.898822359Z,,,"{""networkStruct"":""pooled"",""playerCount"":6}",2025-06-30T14:55:48.924477233Z,"Pooled, Redundancy",2025-06-30T14:55:48.924477233Z,{},2025-06-30T14:55:49.086850936Z,,
01JZ0SJJTJT1R8CXNS1AZ1Y0R9,true,2025-06-30T16:14:42.380539244Z,true,2025-06-30T16:14:34.401455302Z,,,neighborhood_11,2025-06-30T16:18:28.976062122Z,game ended,2025-06-30T16:19:54.605038418Z,1,2025-06-30T16:20:56.851073192Z,"{""age"":""31"",""gender"":""Male"",""strength"":""I think it was interesting and tested my ability to quickly gauge averages and work out math problems on the fly"",""fair"":""I think we worked together well in a methodical manner and progressed nicely"",""feedback"":""I can't think of any ways to improve the game in the future, it was an interesting study/game to take part in"",""education"":""high-school""}",2025-06-30T16:20:56.913556826Z,"[[235,295],[95,155]]",2025-06-30T16:14:42.380539244Z,01JZ0S9G69Y1BMBR3KZBCDH0XZ,2025-06-30T16:08:58.486541665Z,4,2025-06-30T16:09:55.733953613Z,true,2025-06-30T16:10:21.476898009Z,,,Player 6,2025-06-30T16:10:22.622466936Z,4,2025-06-30T16:18:27.613149395Z,false,2025-06-30T16:19:50.655134003Z,01JZ0SJJB10KHR9YB91B6PE1RZ,2025-06-30T16:08:58.450820446Z,,,"{""networkStruct"":""pooled"",""playerCount"":6}",2025-06-30T16:08:58.486541665Z,"Pooled, Redundancy",2025-06-30T16:08:58.486541665Z,{},2025-06-30T16:08:58.777138658Z,TaskScreen,2025-06-30T16:18:29.003115348Z
01JZ0FA7FFS51AB79BBEZA4BBG,true,2025-06-30T13:17:51.434421593Z,true,2025-06-30T13:17:46.800149306Z,null,2025-06-30T13:20:22.138059702Z,null,2025-06-30T13:20:22.161543218Z,game ended,2025-06-30T13:23:02.633420217Z,1,2025-06-30T13:24:06.426573157Z,"{""age"":""40"",""gender"":""Male"",""strength"":""Not bad, it was pretty fun"",""fair"":""Yes"",""feedback"":""Maybe making it a bit more difficult, I had a lot of free time at the end of it."",""education"":""master""}",2025-06-30T13:24:06.439860759Z,"[[7,67],[230,290]]",2025-06-30T13:17:51.434421593Z,01JZ0F67ZJJG6P50PFSVWKXYA5,2025-06-30T13:09:38.936264927Z,4,2025-06-30T13:11:03.193201592Z,true,2025-06-30T13:11:28.909034952Z,,,Player 1,2025-06-30T13:13:39.800797117Z,9,2025-06-30T13:20:22.16734931Z,false,2025-06-30T13:22:53.61402101Z,01JZ0FA67EBFNG16SJNAC80J7Z,2025-06-30T13:09:38.927084404Z,AVERAGE PEOPLE,2025-06-30T13:17:51.434421593Z,"{""networkStruct"":""reciprocal"",""playerCount"":6}",2025-06-30T13:09:38.936264927Z,"Reciprocal, Redundancy",2025-06-30T13:09:38.936264927Z,{},2025-06-30T13:09:39.551563772Z,TaskQueue,2025-06-30T13:20:22.145137105Z
01JZ0JWQPJ8YFXXDV4ATQ4GSP1,,,,,,,,,no more games,2025-06-30T16:40:21.09783098Z,1,2025-06-30T14:14:45.363220695Z,"{""age"":""32"",""gender"":""MAle"",""strength"":""its good not bad"",""fair"":""yes"",""feedback"":""i liked it "",""education"":""master""}",2025-06-30T14:14:45.207869802Z,,,null,2025-06-30T16:40:21.09783098Z,4,2025-06-30T14:13:46.376702185Z,,,,,,,,,,,01JZ0JWPBJ4NXWY6GDDBDBJ4QF,2025-06-30T14:12:11.09015928Z,,,"{""networkStruct"":""pooled"",""playerCount"":6}",2025-06-30T14:12:11.12717117Z,"Pooled, Redundancy",2025-06-30T14:12:11.12717117Z,{},2025-06-30T14:12:11.670093119Z,,
01JZ0PVD2GR39QMM3QMFHFKH1A,,,,,,,,,no more games,2025-06-30T16:40:21.09783098Z,,,,,,,null,2025-06-30T16:40:21.09783098Z,1,2025-06-30T15:21:24.420262565Z,,,,,,,,,,,01JZ0PVCN5ZN9ATJMGNFB2N1PJ,2025-06-30T15:21:21.744244638Z,,,"{""networkStruct"":""pooled"",""playerCount"":6}",2025-06-30T15:21:21.775358609Z,"Pooled, Redundancy",2025-06-30T15:21:21.775358609Z,{},2025-06-30T15:21:21.98740893Z,,
01JZ0FB4C7Y78SJ4DA45DQ131P,true,2025-06-30T13:16:27.497617472Z,true,2025-06-30T13:16:19.426531701Z,null,2025-06-30T13:19:04.16124241Z,null,2025-06-30T13:19:04.181174701Z,game ended,2025-06-30T13:21:38.103036325Z,1,2025-06-30T13:23:38.669392592Z,"{""age"":""50"",""gender"":""Male"",""strength"":""It was fairly easy but gave my mental arithmetic a little workout."",""fair"":""I don't know, I didn't see the final results so I couldn't tell how well they did on their tasks."",""feedback"":""More variation in the task requirements and let us see the results of the teams tasks."",""education"":""high-school""}",2025-06-30T13:23:38.661946587Z,"[[226,286],[166,226]]",2025-06-30T13:16:27.497617472Z,01JZ0F67ZEPC67VW242P0YYZAA,2025-06-30T13:10:08.527099415Z,4,2025-06-30T13:11:35.18923307Z,true,2025-06-30T13:12:16.208542974Z,,,Player 4,2025-06-30T13:12:16.293060103Z,13,2025-06-30T13:19:04.148520197Z,false,2025-06-30T13:21:23.709562559Z,01JZ0FB4206FXZPQSB0NYT3VMY,2025-06-30T13:10:08.519824552Z,CHILDREN'S COMMUTE DISTANCE,2025-06-30T13:16:27.497617472Z,"{""networkStruct"":""reciprocal"",""playerCount"":6}",2025-06-30T13:10:08.527099415Z,"Reciprocal, Redundancy",2025-06-30T13:10:08.527099415Z,{},2025-06-30T13:10:08.706744403Z,TaskQueue,2025-06-30T13:19:04.134378106Z
01JZ0PPXCPF7JHRT9SA9YT6R6B,true,2025-06-30T15:25:48.896822644Z,true,2025-06-30T15:25:48.41060026Z,,,neighborhood_12,2025-06-30T15:30:31.758581664Z,game ended,2025-06-30T15:31:00.086517326Z,1,2025-06-30T15:32:38.962111833Z,"{""age"":""29"",""gender"":""male"",""strength"":""it was fun but i didn't like the sick leave"",""fair"":""yes"",""feedback"":""feedback or correct answers from pratice/ trial round."",""education"":""master""}",2025-06-30T15:32:38.948711217Z,"[[28,88],[137,197]]",2025-06-30T15:25:48.896822644Z,01JZ0PDFFH0EDR9F9CYFN0TQY3,2025-06-30T15:18:54.661752911Z,4,2025-06-30T15:20:05.924974663Z,true,2025-06-30T15:20:48.388844298Z,,,Player 4,2025-06-30T15:21:33.476856964Z,1,2025-06-30T15:30:25.373822048Z,false,2025-06-30T15:29:17.450418429Z,01JZ0PPWTDG4RWA7467W2QX7CW,2025-06-30T15:18:54.614770345Z,,,"{""networkStruct"":""pooled"",""playerCount"":6}",2025-06-30T15:18:54.661752911Z,"Pooled, Redundancy",2025-06-30T15:18:54.661752911Z,{},2025-06-30T15:18:55.070830466Z,TaskScreen,2025-06-30T15:30:31.77403964Z
01JZ0HEH4WMXEPRA5Z4S2NQMBH,,,,,,,,,game ended,2025-06-30T13:58:21.199649278Z,,,,,,,01JZ0H1K6XDYNJQ07N0KM3P1VX,2025-06-30T13:46:57.081585927Z,4,2025-06-30T13:47:02.340957138Z,true,2025-06-30T13:47:03.245755664Z,true,2025-06-30T13:53:09.911223704Z,Player 4,2025-06-30T13:48:57.355221659Z,,,,,01JZ0HEH3B3DYXHSVR7EH2DDZ1,2025-06-30T13:46:57.052675133Z,,,"{""networkStruct"":""pooled"",""playerCount"":6}",2025-06-30T13:46:57.081585927Z,"Pooled, Redundancy",2025-06-30T13:46:57.081585927Z,{},2025-06-30T13:46:57.105998581Z,,
01JZ0JR3W3AT1DTGXQJW4YRCNE,true,2025-06-30T14:14:46.59471066Z,true,2025-06-30T14:14:38.736948041Z,,,null,2025-06-30T14:18:57.375586048Z,game ended,2025-06-30T14:19:57.888045151Z,1,2025-06-30T14:20:42.130682199Z,"{""age"":""46"",""gender"":""Male"",""strength"":""It was entertaining."",""fair"":""Yes"",""feedback"":"""",""education"":""bachelor""}",2025-06-30T14:20:42.117973321Z,"[[92,152],[166,226]]",2025-06-30T14:14:46.59471066Z,01JZ0JJRMQ32S1DDP8PZN3RKEA,2025-06-30T14:09:39.738640787Z,4,2025-06-30T14:10:08.435949538Z,true,2025-06-30T14:10:34.198021863Z,,,Player 6,2025-06-30T14:10:34.358382813Z,2,2025-06-30T14:18:57.368332538Z,false,2025-06-30T14:18:42.190024001Z,01JZ0JR3EW9QM2HXPHJQ19CP3B,2025-06-30T14:09:39.715767522Z,,,"{""networkStruct"":""pooled"",""playerCount"":6}",2025-06-30T14:09:39.738640787Z,"Pooled, Redundancy",2025-06-30T14:09:39.738640787Z,{},2025-06-30T14:09:39.946793067Z,TaskQueue,2025-06-30T14:18:57.383455886Z
01JZ0P295J65ZYHRWD6F2K9VMP,,,,,,,,,no more games,2025-06-30T16:38:40.809469116Z,,,,,,,null,2025-06-30T16:38:40.809469116Z,,,,,,,,,,,,,01JZ0P293MK5PRC3XB7YWFXGWJ,2025-06-30T15:07:38.546690336Z,,,"{""networkStruct"":""reciprocal"",""playerCount"":6}",2025-06-30T15:07:38.58191454Z,"Reciprocal, Redundancy",2025-06-30T15:07:38.58191454Z,{},2025-06-30T15:07:38.609517068Z,,
01JZ0T99WGNY3W44R5KQDMRP3G,true,2025-06-30T16:29:50.283392071Z,true,2025-06-30T16:29:42.049523915Z,null,2025-06-30T16:34:32.941197096Z,null,2025-06-30T16:34:32.977602811Z,game ended,2025-06-30T16:35:03.535483593Z,1,2025-06-30T16:36:34.150875678Z,"{""age"":""36"",""gender"":""Female"",""strength"":""Interesting and fast paced"",""fair"":""Yes, definitely"",""feedback"":""It'd be better to lower the sick time to 30s, perhaps. 60s feels too long."",""education"":""master""}",2025-06-30T16:36:34.219127088Z,"[[195,255],[88,148]]",2025-06-30T16:29:50.283392071Z,01JZ0T59780CP4Z1F2CEHFDNAC,2025-06-30T16:21:23.016397143Z,4,2025-06-30T16:24:57.405204972Z,true,2025-06-30T16:25:31.861000993Z,,,Player 3,2025-06-30T16:25:32.363998543Z,7,2025-06-30T16:34:33.010563237Z,false,2025-06-30T16:34:17.786203476Z,01JZ0T99CHFPTX33P5QZCK38PC,2025-06-30T16:21:22.960631619Z,CHILDREN'S COMMUTE DISTANCE,2025-06-30T16:29:50.283392071Z,"{""networkStruct"":""reciprocal"",""playerCount"":6}",2025-06-30T16:21:23.016397143Z,"Reciprocal, Redundancy",2025-06-30T16:21:23.016397143Z,{},2025-06-30T16:21:23.261835904Z,TaskQueue,2025-06-30T16:34:33.046678996Z
01JZ0TBCS394KHK4DX6H1Y21KG,true,2025-06-30T16:29:50.283392071Z,true,2025-06-30T16:29:44.09968479Z,null,2025-06-30T16:34:37.972233863Z,null,2025-06-30T16:34:38.047783561Z,game ended,2025-06-30T16:35:03.535483593Z,1,2025-06-30T16:35:33.865391511Z,"{""age"":""48"",""gender"":""female"",""strength"":""it was good once i understood it better"",""fair"":""not sure "",""feedback"":""nothing "",""education"":""high-school""}",2025-06-30T16:35:33.83278439Z,"[[125,185],[2,62]]",2025-06-30T16:29:50.283392071Z,01JZ0T59780CP4Z1F2CEHFDNAC,2025-06-30T16:22:31.535373685Z,4,2025-06-30T16:23:25.251210259Z,true,2025-06-30T16:23:49.046257331Z,,,Player 6,2025-06-30T16:25:32.363998543Z,7,2025-06-30T16:34:38.011298529Z,false,2025-06-30T16:33:07.859919287Z,01JZ0TBCQPTGQR5YYQBCPW1FPP,2025-06-30T16:22:31.459044131Z,CHILDREN'S COMMUTE DISTANCE,2025-06-30T16:29:50.283392071Z,"{""networkStruct"":""reciprocal"",""playerCount"":6}",2025-06-30T16:22:31.535373685Z,"Reciprocal, Redundancy",2025-06-30T16:22:31.535373685Z,{},2025-06-30T16:22:31.609308561Z,TaskQueue,2025-06-30T16:34:37.942110379Z
01JZ0FBJ4KQXDMT6MT2EH5X20T,true,2025-06-30T13:17:34.552909109Z,true,2025-06-30T13:17:29.328451815Z,,,null,2025-06-30T13:21:28.79121174Z,game ended,2025-06-30T13:22:45.451121977Z,1,2025-06-30T13:23:50.364543204Z,"{""age"":""22"",""gender"":""Male"",""strength"":""I understood the tutorial but not the rest"",""fair"":""No"",""feedback"":""Unsure"",""education"":""high-school""}",2025-06-30T13:23:50.358025932Z,"[[72,132],[144,204]]",2025-06-30T13:17:34.552909109Z,01JZ0F67ZT8SK3RX0KMQXRZR64,2025-06-30T13:10:22.626029669Z,4,2025-06-30T13:10:49.274821329Z,true,2025-06-30T13:10:54.112486367Z,,,Player 4,2025-06-30T13:13:22.797716316Z,1,2025-06-30T13:21:28.797942973Z,false,2025-06-30T13:21:09.58285545Z,01JZ0FBHTV52KVZ09F5PMHNZFX,2025-06-30T13:10:22.611656906Z,,,"{""networkStruct"":""pooled"",""playerCount"":6}",2025-06-30T13:10:22.626029669Z,"Pooled, Redundancy",2025-06-30T13:10:22.626029669Z,{},2025-06-30T13:10:23.01433818Z,TaskQueue,2025-06-30T13:21:28.777202026Z
01JZ0H8Y1HSR83Q5C08BNXNQBS,true,2025-06-30T13:49:51.577106231Z,true,2025-06-30T13:49:44.274817596Z,null,2025-06-30T13:52:52.716083015Z,null,2025-06-30T13:52:52.738109204Z,game ended,2025-06-30T13:55:03.114972236Z,1,2025-06-30T13:55:34.057970425Z,"{""age"":""41"",""gender"":""male"",""strength"":""it was fine"",""fair"":""not particularly "",""feedback"":""reduce the waiting around"",""education"":""master""}",2025-06-30T13:55:34.028393054Z,"[[17,77],[238,298]]",2025-06-30T13:49:51.577106231Z,01JZ0H1K7FV78W73P31JXQYTKA,2025-06-30T13:44:43.075070741Z,4,2025-06-30T13:44:38.154385295Z,true,2025-06-30T13:45:01.147664726Z,,,Player 6,2025-06-30T13:45:39.359108642Z,9,2025-06-30T13:52:52.722868682Z,true,2025-06-30T13:54:03.233029003Z,01JZ0H8XSZX6257NCVCAY9DRMP,2025-06-30T13:43:53.649617459Z,CHILDREN'S COMMUTE DISTANCE,2025-06-30T13:49:51.577106231Z,"{""networkStruct"":""reciprocal"",""playerCount"":6}",2025-06-30T13:43:53.664481454Z,"Reciprocal, Redundancy",2025-06-30T13:43:53.664481454Z,{},2025-06-30T13:43:53.793357377Z,TaskQueue,2025-06-30T13:52:52.74520331Z
01JZ0TC33D0B9Z2KHDXAZ05SDX,,,,,,,,,no more games,2025-06-30T16:38:40.809469116Z,,,,,,,null,2025-06-30T16:38:40.809469116Z,4,2025-06-30T16:24:38.498567762Z,,,,,,,,,,,01JZ0TC2YD9EA6V7NQHV9X5K2H,2025-06-30T16:22:54.318052991Z,,,"{""networkStruct"":""reciprocal"",""playerCount"":6}",2025-06-30T16:22:54.417055783Z,"Reciprocal, Redundancy",2025-06-30T16:22:54.417055783Z,{},2025-06-30T16:22:54.478324138Z,,
01JZ0FBGYJV6XECY8PBES7705P,true,2025-06-30T13:18:12.859120691Z,true,2025-06-30T13:18:05.561745768Z,,,neighborhood_10,2025-06-30T13:21:38.694869853Z,game ended,2025-06-30T13:23:23.873914043Z,1,2025-06-30T13:24:05.28967233Z,"{""age"":""60"",""gender"":""male"",""strength"":""speedy"",""fair"":""yeah - seem to be doing a shift"",""feedback"":""confirm right/wrong answers?"",""education"":""bachelor""}",2025-06-30T13:24:05.304901244Z,"[[235,295],[52,112]]",2025-06-30T13:18:12.859120691Z,01JZ0F67Z228X9RHKVM8F1277D,2025-06-30T13:10:21.405233157Z,4,2025-06-30T13:11:07.096846928Z,true,2025-06-30T13:11:55.065369649Z,,,Player 4,2025-06-30T13:14:00.262213406Z,3,2025-06-30T13:21:36.148999441Z,false,2025-06-30T13:23:23.378858081Z,01JZ0FBGK9EY7E8QDQKQT9F1PV,2025-06-30T13:10:21.394346119Z,,,"{""networkStruct"":""pooled"",""playerCount"":6}",2025-06-30T13:10:21.405233157Z,"Pooled, Redundancy",2025-06-30T13:10:21.405233157Z,{},2025-06-30T13:10:21.627208919Z,TaskScreen,2025-06-30T13:21:38.701924762Z
01JZ0R657BB3E0BHJE1YNP9JA7,true,2025-06-30T15:53:02.843868573Z,true,2025-06-30T15:52:54.090295716Z,,,null,2025-06-30T15:57:45.838645701Z,game ended,2025-06-30T15:58:16.537949945Z,1,2025-06-30T15:59:22.144617018Z,"{""age"":""35"",""gender"":""Male"",""strength"":""it was easy but i mess up with children  commune counting"",""fair"":""i don't know really."",""feedback"":""Have no clue - it was fine."",""education"":""high-school""}",2025-06-30T15:59:22.125741601Z,"[[158,218],[5,65]]",2025-06-30T15:53:02.843868573Z,01JZ0R44YD4TQ1QQVW9H1W0WBF,2025-06-30T15:44:42.765114317Z,4,2025-06-30T15:46:00.457116128Z,true,2025-06-30T15:47:28.611473002Z,,,Player 1,2025-06-30T15:48:45.489762876Z,2,2025-06-30T15:57:45.820488709Z,false,2025-06-30T15:56:55.049047733Z,01JZ0R64QX30XDBNCCEV1SMA31,2025-06-30T15:44:42.731727777Z,,,"{""networkStruct"":""pooled"",""playerCount"":6}",2025-06-30T15:44:42.765114317Z,"Pooled, Redundancy",2025-06-30T15:44:42.765114317Z,{},2025-06-30T15:44:43.026980339Z,TaskQueue,2025-06-30T15:57:45.855463314Z
01JZ0H4A5D7C5PF70PNDKFAY5N,true,2025-06-30T13:50:33.171494146Z,true,2025-06-30T13:50:28.464068004Z,,,neighborhood_3,2025-06-30T13:54:03.740792724Z,game ended,2025-06-30T13:55:43.971020499Z,1,2025-06-30T13:57:27.204536893Z,"{""age"":""23"",""gender"":""female"",""strength"":""I was a little stressed to do the job quick and correct"",""fair"":""im not sure, i didnt see them do much"",""feedback"":""cant think of any improvements it would need"",""education"":""bachelor""}",2025-06-30T13:57:27.1862096Z,"[[205,265],[19,79]]",2025-06-30T13:50:33.171494146Z,01JZ0H1K706F68YJ8PB50DJAH3,2025-06-30T13:41:22.23336422Z,4,2025-06-30T13:42:31.626578077Z,true,2025-06-30T13:43:16.772569988Z,,,Player 3,2025-06-30T13:46:20.775367428Z,2,2025-06-30T13:54:00.519729316Z,false,2025-06-30T13:55:09.515766834Z,01JZ0H49MR73386VPJ7FS9SGDN,2025-06-30T13:41:22.221258598Z,,,"{""networkStruct"":""pooled"",""playerCount"":6}",2025-06-30T13:41:22.23336422Z,"Pooled, Redundancy",2025-06-30T13:41:22.23336422Z,{},2025-06-30T13:41:22.513439533Z,TaskScreen,2025-06-30T13:54:03.748312267Z
01JZ0M7J5WS1CYEZCS1370MV2S,,,,,,,,,game ended,2025-06-30T14:46:14.139143426Z,,,,,,,01JZ0KZHGXZ28TMC40NC90GVYX,2025-06-30T14:35:34.477314492Z,4,2025-06-30T14:35:37.599272202Z,true,2025-06-30T14:35:38.033235058Z,true,2025-06-30T14:41:03.221190181Z,Player 6,2025-06-30T14:36:50.896305903Z,,,,,01JZ0M7J3TZGK024GPM2FTH8D1,2025-06-30T14:35:34.460597558Z,,,"{""networkStruct"":""reciprocal"",""playerCount"":6}",2025-06-30T14:35:34.477314492Z,"Reciprocal, Redundancy",2025-06-30T14:35:34.477314492Z,{},2025-06-30T14:35:34.497902052Z,,
01JZ0R7M0GNQWHJJYSHNG909HC,,,,,,,,,game ended,2025-06-30T15:57:53.622505034Z,,,,,,,01JZ0R44YW0T94WKHD2ZAT9VPC,2025-06-30T15:45:30.691855585Z,4,2025-06-30T15:45:57.544136424Z,true,2025-06-30T15:45:59.033195313Z,true,2025-06-30T15:52:41.883902819Z,Player 2,2025-06-30T15:48:25.999998778Z,,,,,01JZ0R7KHF24K0J1DF4F3YJPSS,2025-06-30T15:45:30.640062845Z,,,"{""networkStruct"":""reciprocal"",""playerCount"":6}",2025-06-30T15:45:30.691855585Z,"Reciprocal, Redundancy",2025-06-30T15:45:30.691855585Z,{},2025-06-30T15:45:30.915781758Z,,
01JZ0SAN7S16T6GKYDP9BE4Q9F,,,,,,,,,game ended,2025-06-30T16:19:54.605038418Z,,,,,,,01JZ0S9G69Y1BMBR3KZBCDH0XZ,2025-06-30T16:04:38.834713998Z,4,2025-06-30T16:04:42.624778426Z,true,2025-06-30T16:04:43.204849506Z,true,2025-06-30T16:14:42.380539244Z,Player 1,2025-06-30T16:10:22.622466936Z,,,,,01JZ0SAN5PBFZ1M5BRTBAC6FQJ,2025-06-30T16:04:38.777689017Z,,,"{""networkStruct"":""pooled"",""playerCount"":6}",2025-06-30T16:04:38.834713998Z,"Pooled, Redundancy",2025-06-30T16:04:38.834713998Z,{},2025-06-30T16:04:38.860732809Z,,
01JZ0JXWKS0M8W514SAFXDFCXQ,,,,,,,,,game ended,2025-06-30T14:23:31.86661332Z,,,,,,,01JZ0JJRM7K0MBX3MKCVTKC5NR,2025-06-30T14:13:38.583494824Z,4,2025-06-30T14:13:30.598580708Z,true,2025-06-30T14:13:51.391539042Z,true,2025-06-30T14:18:20.820616097Z,Player 6,2025-06-30T14:14:07.441915425Z,,,,,01JZ0JXWEQGNCG5Y6M4JJD7VEH,2025-06-30T14:12:48.889423614Z,,,"{""networkStruct"":""pooled"",""playerCount"":6}",2025-06-30T14:12:48.904867438Z,"Pooled, Redundancy",2025-06-30T14:12:48.904867438Z,{},2025-06-30T14:12:49.024239923Z,,
01JZ0R6WK5QD50F4G761FSN8E5,true,2025-06-30T15:52:41.883902819Z,true,2025-06-30T15:52:34.952085934Z,null,2025-06-30T15:56:31.754144256Z,null,2025-06-30T15:56:31.713006213Z,game ended,2025-06-30T15:57:53.622505034Z,1,2025-06-30T15:58:28.907779569Z,"{""age"":""25"",""gender"":""Male"",""strength"":""Fun!"",""fair"":""No, we had one task left and the person obviously left the game. I completed all of them bar that one and I was out-sick twice. "",""feedback"":""No"",""education"":""master""}",2025-06-30T15:58:28.884831434Z,"[[93,153],[6,66]]",2025-06-30T15:52:41.883902819Z,01JZ0R44YW0T94WKHD2ZAT9VPC,2025-06-30T15:45:06.699358523Z,4,2025-06-30T15:46:07.322108587Z,true,2025-06-30T15:46:31.782670009Z,,,Player 1,2025-06-30T15:48:25.999998778Z,13,2025-06-30T15:56:31.666608654Z,false,2025-06-30T15:55:26.496655929Z,01JZ0R6W50G4NKNGM33GE7MNMM,2025-06-30T15:45:06.661591704Z,AVERAGE PEOPLE,2025-06-30T15:52:41.883902819Z,"{""networkStruct"":""reciprocal"",""playerCount"":6}",2025-06-30T15:45:06.699358523Z,"Reciprocal, Redundancy",2025-06-30T15:45:06.699358523Z,{},2025-06-30T15:45:06.952698254Z,TaskQueue,2025-06-30T15:56:31.799360512Z
01JZ0R9PQ4K46J5WAZEFCASF2D,,,,,,,,,game ended,2025-06-30T16:00:05.404908678Z,,,,,,,01JZ0R44ZYB02HBRR2X1W771BR,2025-06-30T15:46:38.985029305Z,4,2025-06-30T15:46:43.024754538Z,true,2025-06-30T15:46:44.412464131Z,true,2025-06-30T15:54:52.649798934Z,Player 5,2025-06-30T15:50:36.987529931Z,,,,,01JZ0R9PNGX68EAPPQWTXSDFJA,2025-06-30T15:46:38.949035965Z,,,"{""networkStruct"":""reciprocal"",""playerCount"":6}",2025-06-30T15:46:38.985029305Z,"Reciprocal, Redundancy",2025-06-30T15:46:38.985029305Z,{},2025-06-30T15:46:39.02540885Z,,
01JZ0V4NRB59966MX97R2AYRHH,true,2025-06-30T16:42:48.190080064Z,true,2025-06-30T16:42:40.623808224Z,2,2025-06-30T16:47:33.050490134Z,neighborhood_11,2025-06-30T16:47:32.969376198Z,game ended,2025-06-30T16:48:01.140826992Z,1,2025-06-30T16:49:03.035386756Z,"{""age"":""34"",""gender"":""Female"",""strength"":""I think my teammates were fake and they were robots."",""fair"":"""",""feedback"":"""",""education"":""high-school""}",2025-06-30T16:49:02.977875029Z,"[[57,117],[170,230]]",2025-06-30T16:42:48.190080064Z,01JZ0TXMAAZJ4VJWA2WTVHG174,2025-06-30T16:36:19.904963593Z,4,2025-06-30T16:37:41.306597479Z,true,2025-06-30T16:38:28.866966956Z,,,Player 6,2025-06-30T16:38:29.408839537Z,2,2025-06-30T16:47:25.034991559Z,false,2025-06-30T16:46:50.864995447Z,01JZ0V4N9GY7330B0J6CZA0NT4,2025-06-30T16:36:19.851455975Z,MAXIMUM INCOME,2025-06-30T16:42:48.190080064Z,"{""networkStruct"":""reciprocal"",""playerCount"":6}",2025-06-30T16:36:19.904963593Z,"Reciprocal, Redundancy",2025-06-30T16:36:19.904963593Z,{},2025-06-30T16:36:20.155380807Z,TaskScreen,2025-06-30T16:47:33.136107386Z
01JZ0H8V7EWBFGHQT6V23RSQYN,,,,,,,,,no more games,2025-06-30T16:38:40.809469116Z,,,,,,,null,2025-06-30T16:38:40.809469116Z,4,2025-06-30T13:45:18.268497623Z,,,,,,,,,,,01JZ0H8SN1ER456FYN4P21NHC7,2025-06-30T13:43:50.766249541Z,,,"{""networkStruct"":""reciprocal"",""playerCount"":6}",2025-06-30T13:43:50.792957669Z,"Reciprocal, Redundancy",2025-06-30T13:43:50.792957669Z,{},2025-06-30T13:43:51.119453772Z,,
01JZ0JN4F2114ZS0WES1BTCGSF,true,2025-06-30T14:16:09.23468179Z,true,2025-06-30T14:16:01.172588126Z,,,null,2025-06-30T14:20:34.615969492Z,game ended,2025-06-30T14:21:20.117400612Z,1,2025-06-30T14:22:04.897156259Z,"{""age"":""24"",""gender"":""Male"",""strength"":""It was fun, a bit easy."",""fair"":""I did not communicate with them a lot, only said hi in the beginning, so they were not helpful in any way, but they couldn't be, too"",""feedback"":"""",""education"":""high-school""}",2025-06-30T14:22:04.860545198Z,"[[145,205],[84,144]]",2025-06-30T14:16:09.23468179Z,01JZ0JJRKVJXBJGVYTJ6TBMBFM,2025-06-30T14:08:02.039584683Z,4,2025-06-30T14:09:13.910760925Z,true,2025-06-30T14:10:07.27814924Z,,,Player 2,2025-06-30T14:11:56.530037069Z,3,2025-06-30T14:20:34.592592089Z,false,2025-06-30T14:19:45.031801002Z,01JZ0JN3ZAE453E0B8QESDBMFG,2025-06-30T14:08:02.018267502Z,,,"{""networkStruct"":""pooled"",""playerCount"":6}",2025-06-30T14:08:02.039584683Z,"Pooled, Redundancy",2025-06-30T14:08:02.039584683Z,{},2025-06-30T14:08:02.462115566Z,TaskQueue,2025-06-30T14:20:34.627763936Z
01JZ0SFBWH5DH0RBKQRJ6TWQK5,true,2025-06-30T16:14:42.380539244Z,true,2025-06-30T16:14:36.239184174Z,,,neighborhood_12,2025-06-30T16:18:53.753852478Z,game ended,2025-06-30T16:19:54.605038418Z,1,2025-06-30T16:21:11.118362008Z,"{""age"":""60"",""gender"":""female"",""strength"":""It was a bit frustrating when I was told to be off sick"",""fair"":""Yes"",""feedback"":""Perhaps have some feedback re how teammates are doing"",""education"":""bachelor""}",2025-06-30T16:21:11.090852671Z,"[[111,171],[43,103]]",2025-06-30T16:14:42.380539244Z,01JZ0S9G69Y1BMBR3KZBCDH0XZ,2025-06-30T16:07:13.073855434Z,4,2025-06-30T16:08:17.044844639Z,true,2025-06-30T16:08:57.35898063Z,,,Player 3,2025-06-30T16:10:22.622466936Z,1,2025-06-30T16:18:47.192731373Z,false,2025-06-30T16:17:46.210946344Z,01JZ0SFBJ83F5Z1ZPMCFJ06Q5K,2025-06-30T16:07:13.041381784Z,,,"{""networkStruct"":""pooled"",""playerCount"":6}",2025-06-30T16:07:13.073855434Z,"Pooled, Redundancy",2025-06-30T16:07:13.073855434Z,{},2025-06-30T16:07:13.271930905Z,TaskScreen,2025-06-30T16:18:53.778830415Z
01JZ0P111DGX2GYFS2HKPTTG1D,true,2025-06-30T15:14:57.347710686Z,true,2025-06-30T15:14:50.325683453Z,2,2025-06-30T15:19:48.436913083Z,neighborhood_14,2025-06-30T15:19:48.425897195Z,game ended,2025-06-30T15:20:08.823053898Z,1,2025-06-30T15:20:49.880885117Z,"{""age"":""53"",""gender"":""male"",""strength"":""It made me think."",""fair"":""I could not tell, honestly."",""feedback"":"""",""education"":""high-school""}",2025-06-30T15:20:49.858990789Z,"[[214,274],[12,72]]",2025-06-30T15:14:57.347710686Z,01JZ0NSNACQB6FV8GE0XS7JKF9,2025-06-30T15:06:57.485699785Z,4,2025-06-30T15:08:19.337678876Z,true,2025-06-30T15:08:50.421506961Z,,,Player 3,2025-06-30T15:10:44.365595255Z,5,2025-06-30T15:18:42.144418363Z,false,2025-06-30T15:19:42.654183377Z,01JZ0P10VR49G273SHCEVZDHBF,2025-06-30T15:06:57.453719855Z,MAXIMUM INCOME,2025-06-30T15:14:57.347710686Z,"{""networkStruct"":""reciprocal"",""playerCount"":6}",2025-06-30T15:06:57.485699785Z,"Reciprocal, Redundancy",2025-06-30T15:06:57.485699785Z,{},2025-06-30T15:06:57.564827886Z,TaskScreen,2025-06-30T15:19:48.447076813Z
01JZ0Q1P5DS31PBEBVW5ZRAMYJ,true,2025-06-30T15:32:29.96569497Z,true,2025-06-30T15:32:22.387820085Z,null,2025-06-30T15:35:41.578031835Z,null,2025-06-30T15:35:41.537396624Z,game ended,2025-06-30T15:37:41.654996579Z,1,2025-06-30T15:38:36.863993882Z,"{""age"":""34"",""gender"":""Male"",""strength"":""I thought it was fun, I enjoyed it"",""fair"":""I seemed to do most of the questions and felt my teammates did not contribute as much as me"",""feedback"":""I thought it was a good game with no need for improvement"",""education"":""other""}",2025-06-30T15:38:36.851154681Z,"[[18,78],[193,253]]",2025-06-30T15:32:29.96569497Z,01JZ0Q0CWNKJYDS4SW61Q7VTQN,2025-06-30T15:24:47.690417609Z,4,2025-06-30T15:25:37.123305072Z,true,2025-06-30T15:25:56.942975733Z,,,Player 1,2025-06-30T15:28:15.289405726Z,12,2025-06-30T15:35:41.522589672Z,false,2025-06-30T15:36:58.183708525Z,01JZ0Q1NTMDHEZRCJG1600GE2G,2025-06-30T15:24:47.661208452Z,AVERAGE PEOPLE,2025-06-30T15:32:29.96569497Z,"{""networkStruct"":""reciprocal"",""playerCount"":6}",2025-06-30T15:24:47.690417609Z,"Reciprocal, Redundancy",2025-06-30T15:24:47.690417609Z,{},2025-06-30T15:24:47.887254733Z,TaskQueue,2025-06-30T15:35:41.566987843Z
01JZ0TAKDPN96JCWTMZ8BD4TJ5,,,,,,,,,game ended,2025-06-30T16:35:03.535483593Z,,,,,,,01JZ0T59780CP4Z1F2CEHFDNAC,2025-06-30T16:22:05.647589416Z,4,2025-06-30T16:22:56.559832704Z,true,2025-06-30T16:24:33.730487578Z,true,2025-06-30T16:29:50.283392071Z,Player 5,2025-06-30T16:25:32.363998543Z,,,,,01JZ0TAHY7ZMHF8ZNBCSC02ZJM,2025-06-30T16:22:05.495071088Z,,,"{""networkStruct"":""reciprocal"",""playerCount"":6}",2025-06-30T16:22:05.647589416Z,"Reciprocal, Redundancy",2025-06-30T16:22:05.647589416Z,{},2025-06-30T16:22:06.148691804Z,,
01JZ0FBSD3M4A6AAX7FYM85E2Y,true,2025-06-30T13:22:59.094054261Z,true,2025-06-30T13:22:51.422252519Z,,,neighborhood_12,2025-06-30T13:26:53.382944332Z,game ended,2025-06-30T13:28:10.35944934Z,1,2025-06-30T13:29:09.349101367Z,"{""age"":""36"",""gender"":""Male"",""strength"":""I thought it was insightful because I took on too many tasks because my user got sick a second time so I didn't finish a task."",""fair"":""Yes I think my teammates were helpful. They seemed engaged in the chat."",""feedback"":""Give the team longer to chat."",""education"":""bachelor""}",2025-06-30T13:29:09.366229809Z,"[[233,293],[126,186]]",2025-06-30T13:22:59.094054261Z,01JZ0F67Z9QH00F8GAYATW0H4D,2025-06-30T13:10:30.063336735Z,4,2025-06-30T13:11:13.593472193Z,true,2025-06-30T13:11:45.864423028Z,,,Player 2,2025-06-30T13:18:46.184963331Z,3,2025-06-30T13:26:51.430644662Z,false,2025-06-30T13:28:03.965897388Z,01JZ0FBS79KWHGY96K6ZNEEMWV,2025-06-30T13:10:30.05200574Z,,,"{""networkStruct"":""pooled"",""playerCount"":6}",2025-06-30T13:10:30.063336735Z,"Pooled, Redundancy",2025-06-30T13:10:30.063336735Z,{},2025-06-30T13:10:30.167880238Z,TaskScreen,2025-06-30T13:26:53.390071242Z
01JZ0SRC6GQQ036ZGEMABTCRWZ,,,,,,,,,game ended,2025-06-30T16:21:39.539519546Z,,,,,,,01JZ0S9GCCCNBKT0N3T9B2PH95,2025-06-30T16:12:08.310969459Z,4,2025-06-30T16:12:10.922110926Z,true,2025-06-30T16:12:11.755929387Z,true,2025-06-30T16:16:27.588476914Z,Player 6,2025-06-30T16:12:12.24391692Z,,,,,01JZ0SRC4KXMXT005FTFY6WA80,2025-06-30T16:12:08.27298934Z,,,"{""networkStruct"":""reciprocal"",""playerCount"":6}",2025-06-30T16:12:08.310969459Z,"Reciprocal, Redundancy",2025-06-30T16:12:08.310969459Z,{},2025-06-30T16:12:08.339347157Z,,
01JZ0NTXABW5BBZSYNRZZBAKTN,,,,,,,,,no more games,2025-06-30T16:38:40.809469116Z,,,,,,,null,2025-06-30T16:38:40.809469116Z,,,,,,,,,,,,,01JZ0NTX8HY81DHMKCXTYQ28WN,2025-06-30T15:03:37.035565007Z,,,"{""networkStruct"":""reciprocal"",""playerCount"":6}",2025-06-30T15:03:37.061974441Z,"Reciprocal, Redundancy",2025-06-30T15:03:37.061974441Z,{},2025-06-30T15:03:37.089521103Z,,
01JZ0R6Z68KBAXFH25R17ZH0FP,true,2025-06-30T15:54:12.206476225Z,true,2025-06-30T15:54:04.715114417Z,,,null,2025-06-30T15:58:08.439141379Z,game ended,2025-06-30T15:59:24.655872219Z,1,2025-06-30T16:00:07.067682533Z,"{""age"":""45"",""gender"":""Male"",""strength"":""Good game"",""fair"":""Yes"",""feedback"":""I was flued out twice. Thought it should be only once??"",""education"":""high-school""}",2025-06-30T16:00:07.033572453Z,"[[142,202],[56,116]]",2025-06-30T15:54:12.206476225Z,01JZ0R450A0M8Q4QC968ZVRS9H,2025-06-30T15:45:09.411891383Z,4,2025-06-30T15:46:11.361387341Z,true,2025-06-30T15:46:22.991575927Z,,,Player 1,2025-06-30T15:49:54.554895012Z,2,2025-06-30T15:58:08.484365616Z,false,2025-06-30T15:57:47.105518459Z,01JZ0R6YMT3S2E33ZWXCEXQJFS,2025-06-30T15:45:09.320141921Z,,,"{""networkStruct"":""pooled"",""playerCount"":6}",2025-06-30T15:45:09.411891383Z,"Pooled, Redundancy",2025-06-30T15:45:09.411891383Z,{},2025-06-30T15:45:09.700131119Z,TaskQueue,2025-06-30T15:58:08.464919132Z
01JZ0R7SM9A3MD6J7CWH0BFG4D,true,2025-06-30T15:55:38.716197607Z,true,2025-06-30T15:55:33.620147941Z,null,2025-06-30T15:57:35.444359478Z,null,2025-06-30T15:57:35.380018622Z,game ended,2025-06-30T16:00:50.951214301Z,,,,,"[[188,248],[127,187]]",2025-06-30T15:55:38.716197607Z,01JZ0R44ZAP7PYVAMQ60PRQDRH,2025-06-30T15:45:36.480082646Z,4,2025-06-30T15:47:32.32635151Z,true,2025-06-30T15:49:10.819193585Z,,,Player 1,2025-06-30T15:51:22.485124628Z,4,2025-06-30T15:57:35.402064371Z,false,2025-06-30T15:55:51.344079375Z,01JZ0R7S4WM3XHN1GCXSWPWYWS,2025-06-30T15:45:36.393936806Z,AVERAGE PEOPLE,2025-06-30T15:55:38.716197607Z,"{""networkStruct"":""reciprocal"",""playerCount"":6}",2025-06-30T15:45:36.480082646Z,"Reciprocal, Redundancy",2025-06-30T15:45:36.480082646Z,{},2025-06-30T15:45:37.187599027Z,TaskQueue,2025-06-30T15:57:35.424326325Z
01JZ0R91FP4EXRX5VVWW5GSE1V,true,2025-06-30T15:53:02.843868573Z,true,2025-06-30T15:52:54.168914018Z,,,neighborhood_8,2025-06-30T15:56:39.027793702Z,game ended,2025-06-30T15:58:16.537949945Z,1,2025-06-30T15:59:17.197040024Z,"{""age"":""25"",""gender"":""female"",""strength"":""I enjoyed the experience."",""fair"":""somewhat."",""feedback"":""tasks with teammates."",""education"":""other""}",2025-06-30T15:59:17.176693252Z,"[[113,173],[205,265]]",2025-06-30T15:53:02.843868573Z,01JZ0R44YD4TQ1QQVW9H1W0WBF,2025-06-30T15:46:17.239327172Z,4,2025-06-30T15:47:01.578090185Z,true,2025-06-30T15:47:12.223254817Z,,,Player 5,2025-06-30T15:48:45.489762876Z,2,2025-06-30T15:56:35.212156281Z,false,2025-06-30T15:57:41.125177112Z,01JZ0R915YZDDA9ZKH1Z88EAK7,2025-06-30T15:46:17.206983984Z,,,"{""networkStruct"":""pooled"",""playerCount"":6}",2025-06-30T15:46:17.239327172Z,"Pooled, Redundancy",2025-06-30T15:46:17.239327172Z,{},2025-06-30T15:46:17.427406527Z,TaskScreen,2025-06-30T15:56:39.04862205Z
01JZ0FE684K4966TB954TX4AR0,true,2025-06-30T13:23:40.775353933Z,true,2025-06-30T13:23:35.155526769Z,,,neighborhood_2,2025-06-30T13:27:00.12741677Z,game ended,2025-06-30T13:28:52.161827263Z,1,2025-06-30T13:30:48.909631196Z,"{""age"":""29"",""gender"":""Male"",""strength"":""I enjoyed it a lot. It was a fun idea and I loved the fact that it was a fast-paced collaboration work, but it was frustrating having to stay still when I got the flue."",""fair"":""A little bit I think, but I'm not sure they were that fast."",""feedback"":""I think the site was a bit laggy at times and I would like to continue playing without having to stay still because I got sick."",""education"":""master""}",2025-06-30T13:30:48.915536767Z,"[[112,172],[27,87]]",2025-06-30T13:23:40.775353933Z,01JZ0F67Z8B8A42G6Y5XQ0NS83,2025-06-30T13:17:02.624332915Z,4,2025-06-30T13:13:27.99776123Z,true,2025-06-30T13:19:26.443368381Z,,,Player 3,2025-06-30T13:19:26.694911776Z,1,2025-06-30T13:26:57.886653469Z,false,2025-06-30T13:26:45.035138829Z,01JZ0FE5QAA7KNF7907PE0Q6MF,2025-06-30T13:11:48.740523799Z,,,"{""networkStruct"":""pooled"",""playerCount"":6}",2025-06-30T13:11:48.75202342Z,"Pooled, Redundancy",2025-06-30T13:11:48.75202342Z,{},2025-06-30T13:11:49.01859158Z,TaskScreen,2025-06-30T13:27:00.133613825Z
01JZ0H6Y8GZX8H152JRBMCSD5G,true,2025-06-30T13:49:51.577106231Z,true,2025-06-30T13:49:44.654822952Z,null,2025-06-30T13:53:37.563123814Z,null,2025-06-30T13:53:37.571431215Z,game ended,2025-06-30T13:55:03.114972236Z,1,2025-06-30T13:55:42.490934529Z,"{""age"":""34"",""gender"":""Female"",""strength"":""It was a great experience"",""fair"":""Yes"",""feedback"":"""",""education"":""bachelor""}",2025-06-30T13:55:42.484770883Z,"[[143,203],[14,74]]",2025-06-30T13:49:51.577106231Z,01JZ0H1K7FV78W73P31JXQYTKA,2025-06-30T13:44:45.491941513Z,4,2025-06-30T13:44:19.529814134Z,true,2025-06-30T13:44:48.623712128Z,,,Player 5,2025-06-30T13:45:39.359108642Z,5,2025-06-30T13:53:37.579517382Z,false,2025-06-30T13:53:25.823162824Z,01JZ0H6XSF9FZE2PEZ10YBVK24,2025-06-30T13:42:48.336767958Z,CHILDREN'S COMMUTE DISTANCE,2025-06-30T13:49:51.577106231Z,"{""networkStruct"":""reciprocal"",""playerCount"":6}",2025-06-30T13:42:48.352975041Z,"Reciprocal, Redundancy",2025-06-30T13:42:48.352975041Z,{},2025-06-30T13:42:48.656178442Z,TaskQueue,2025-06-30T13:53:37.586484887Z
01JZ0FDGAB91EQN6HES0DC6WGR,,,,,,,,,no more games,2025-06-30T16:38:40.809469116Z,,,,,,,null,2025-06-30T16:38:40.809469116Z,,,,,,,,,,,,,01JZ0FDFD0AARGSK1AVZJ3WPAC,2025-06-30T13:11:26.283593519Z,,,"{""networkStruct"":""reciprocal"",""playerCount"":6}",2025-06-30T13:11:26.301676753Z,"Reciprocal, Redundancy",2025-06-30T13:11:26.301676753Z,{},2025-06-30T13:11:26.692548648Z,,
01JZ0JP8WNNW5WX3QQ3WJVWS3K,,,,,,,,,no more games,2025-06-30T16:40:21.09783098Z,,,,,,,null,2025-06-30T16:40:21.09783098Z,,,,,,,,,,,,,01JZ0JP8GGE8ANBCRRZQW5BM5E,2025-06-30T14:08:39.317863237Z,,,"{""networkStruct"":""pooled"",""playerCount"":6}",2025-06-30T14:08:39.334146101Z,"Pooled, Redundancy",2025-06-30T14:08:39.334146101Z,{},2025-06-30T14:08:39.583087373Z,,
01JZ0SHV4YF359JMJ5P6VTBKHD,,,,,,,,,game ended,2025-06-30T16:22:16.31355495Z,,,,,,,01JZ0S9G72AZ3MF9HASHX1PW43,2025-06-30T16:08:34.241501628Z,4,2025-06-30T16:10:22.702581734Z,true,2025-06-30T16:10:53.271119496Z,true,2025-06-30T16:17:04.262744426Z,Player 4,2025-06-30T16:12:44.118212777Z,,,,,01JZ0SHTMP2FW6K43DDKMGKVG0,2025-06-30T16:08:34.206654499Z,,,"{""networkStruct"":""reciprocal"",""playerCount"":6}",2025-06-30T16:08:34.241501628Z,"Reciprocal, Redundancy",2025-06-30T16:08:34.241501628Z,{},2025-06-30T16:08:34.509847972Z,,
01JZ0FBW1M5PKMMEKBNN3362X7,true,2025-06-30T13:22:19.487960231Z,true,2025-06-30T13:22:12.139002392Z,null,2025-06-30T13:26:12.306868906Z,null,2025-06-30T13:26:12.33025343Z,game ended,2025-06-30T13:27:30.659523674Z,1,2025-06-30T13:27:54.630761516Z,"{""age"":""49"",""gender"":""Male"",""strength"":""Open minded"",""fair"":""Yes"",""feedback"":""Seems great as it is"",""education"":""bachelor""}",2025-06-30T13:27:54.625693222Z,"[[30,90],[116,176]]",2025-06-30T13:22:19.487960231Z,01JZ0F67ZC5C7QZPK5TEQ23RT2,2025-06-30T13:12:50.636648614Z,4,2025-06-30T13:12:27.672594173Z,true,2025-06-30T13:12:53.390542647Z,,,Player 1,2025-06-30T13:18:06.466418236Z,10,2025-06-30T13:26:12.293563315Z,false,2025-06-30T13:25:26.672793727Z,01JZ0FBVPSRJ9GS7PXJ9HZ3MA0,2025-06-30T13:10:32.75699883Z,AVERAGE PEOPLE,2025-06-30T13:22:19.487960231Z,"{""networkStruct"":""reciprocal"",""playerCount"":6}",2025-06-30T13:10:32.767704895Z,"Reciprocal, Redundancy",2025-06-30T13:10:32.767704895Z,{},2025-06-30T13:10:32.966719522Z,TaskQueue,2025-06-30T13:26:12.323981933Z
01JZ0FC4XKNHNZF8W9T4WA3XB0,true,2025-06-30T13:17:51.434421593Z,true,2025-06-30T13:17:48.767576497Z,null,2025-06-30T13:20:27.46784263Z,null,2025-06-30T13:20:27.447826531Z,game ended,2025-06-30T13:23:02.633420217Z,1,2025-06-30T13:23:27.559707326Z,"{""age"":""34"",""gender"":""female"",""strength"":""it was simple"",""fair"":""yes"",""feedback"":""more spaces to complete when finished"",""education"":""bachelor""}",2025-06-30T13:23:27.553313204Z,"[[152,212],[232,292]]",2025-06-30T13:17:51.434421593Z,01JZ0F67ZJJG6P50PFSVWKXYA5,2025-06-30T13:10:41.857582649Z,4,2025-06-30T13:11:04.920389233Z,true,2025-06-30T13:11:15.611626262Z,,,Player 5,2025-06-30T13:13:39.800797117Z,11,2025-06-30T13:20:27.460000303Z,false,2025-06-30T13:22:54.997690483Z,01JZ0FC4SBFVGKK0Z01QQC9E6K,2025-06-30T13:10:41.843877217Z,CHILDREN'S COMMUTE DISTANCE,2025-06-30T13:17:51.434421593Z,"{""networkStruct"":""reciprocal"",""playerCount"":6}",2025-06-30T13:10:41.857582649Z,"Reciprocal, Redundancy",2025-06-30T13:10:41.857582649Z,{},2025-06-30T13:10:42.051856695Z,TaskQueue,2025-06-30T13:20:27.491675012Z
01JZ0H6K2HFSCPNFH59C03RZVV,true,2025-06-30T13:48:46.522324349Z,true,2025-06-30T13:48:37.590768616Z,null,2025-06-30T13:50:37.394918793Z,null,2025-06-30T13:50:37.384103103Z,game ended,2025-06-30T13:53:58.052889715Z,1,2025-06-30T13:54:23.869489818Z,"{""age"":""34"",""gender"":""Male"",""strength"":""It was fun to play!"",""fair"":""Yes!"",""feedback"":""It needs no improvements!"",""education"":""high-school""}",2025-06-30T13:54:23.879098894Z,"[[193,253],[108,168]]",2025-06-30T13:48:46.522324349Z,01JZ0H1K7C3FKHJS5GP9RE7N8D,2025-06-30T13:42:36.908766799Z,4,2025-06-30T13:43:43.614829229Z,true,2025-06-30T13:44:33.633123012Z,,,Player 6,2025-06-30T13:44:33.863206911Z,9,2025-06-30T13:50:37.378071195Z,false,2025-06-30T13:53:10.578144983Z,01JZ0H6JPDDQ736FPAHMMMKAAC,2025-06-30T13:42:36.881610553Z,CHILDREN'S COMMUTE DISTANCE,2025-06-30T13:48:46.522324349Z,"{""networkStruct"":""reciprocal"",""playerCount"":6}",2025-06-30T13:42:36.908766799Z,"Reciprocal, Redundancy",2025-06-30T13:42:36.908766799Z,{},2025-06-30T13:42:37.074038314Z,TaskQueue,2025-06-30T13:50:37.409085105Z
01JZ0SPRDFB0F6D4FXP9707JF1,true,2025-06-30T16:17:04.262744426Z,true,2025-06-30T16:16:56.62320526Z,null,2025-06-30T16:22:14.197829189Z,null,2025-06-30T16:22:14.222095707Z,game ended,2025-06-30T16:22:16.31355495Z,1,2025-06-30T16:24:15.079341357Z,"{""age"":""42"",""gender"":""male"",""strength"":""I found the game engaging and challenging."",""fair"":""I think they were fine."",""feedback"":""As for me, everything was great."",""education"":""master""}",2025-06-30T16:24:15.105981662Z,"[[167,227],[234,294]]",2025-06-30T16:17:04.262744426Z,01JZ0S9G72AZ3MF9HASHX1PW43,2025-06-30T16:12:11.880489188Z,4,2025-06-30T16:12:22.296027385Z,true,2025-06-30T16:12:43.246015907Z,,,Player 6,2025-06-30T16:12:44.118212777Z,7,2025-06-30T16:22:14.246886877Z,false,2025-06-30T16:22:10.813132364Z,01JZ0SPQYRRMRGHM61VWB782KN,2025-06-30T16:11:15.247159276Z,MAXIMUM INCOME,2025-06-30T16:17:04.262744426Z,"{""networkStruct"":""reciprocal"",""playerCount"":6}",2025-06-30T16:11:15.287670849Z,"Reciprocal, Redundancy",2025-06-30T16:11:15.287670849Z,{},2025-06-30T16:11:15.533166751Z,TaskQueue,2025-06-30T16:22:14.163583711Z
01JZ0FCN8BDH6X8PVE3VG95N20,true,2025-06-30T13:19:39.921951137Z,true,2025-06-30T13:19:34.259455446Z,2,2025-06-30T13:24:14.708158367Z,neighborhood_11,2025-06-30T13:24:14.7154694Z,game ended,2025-06-30T13:24:51.429180554Z,1,2025-06-30T13:25:34.462581886Z,"{""age"":""35"",""gender"":""female"",""strength"":""It was easy and interesting"",""fair"":""Yes"",""feedback"":""Provide more time"",""education"":""master""}",2025-06-30T13:25:34.437396096Z,"[[132,192],[58,118]]",2025-06-30T13:19:39.921951137Z,01JZ0F67ZBCBNFH7W25EXNBXDS,2025-06-30T13:13:51.28864784Z,4,2025-06-30T13:14:03.394118255Z,true,2025-06-30T13:15:26.013829766Z,,,Player 4,2025-06-30T13:15:26.12214859Z,2,2025-06-30T13:24:11.850824723Z,false,2025-06-30T13:23:03.245581296Z,01JZ0FCMHB3YFD55F5DT02R7ZM,2025-06-30T13:10:58.57137444Z,MAXIMUM INCOME,2025-06-30T13:19:39.921951137Z,"{""networkStruct"":""reciprocal"",""playerCount"":6}",2025-06-30T13:10:58.580762151Z,"Reciprocal, Redundancy",2025-06-30T13:10:58.580762151Z,{},2025-06-30T13:10:58.885384157Z,TaskScreen,2025-06-30T13:24:14.721948448Z
01JZ0H6DP3F32ZH0Y01CT1VX9P,,,,,,,,,game ended,2025-06-30T13:53:06.79952947Z,,,,,,,01JZ0H1K6THHEJQ855QF7WP6P1,2025-06-30T13:42:31.379224976Z,4,2025-06-30T13:43:22.95212373Z,true,2025-06-30T13:43:43.484183941Z,true,2025-06-30T13:47:55.657206595Z,Player 6,2025-06-30T13:43:43.569417045Z,,,,,01JZ0H6D4DV6DXKEEFKYZ00QJJ,2025-06-30T13:42:31.363853701Z,,,"{""networkStruct"":""pooled"",""playerCount"":6}",2025-06-30T13:42:31.379224976Z,"Pooled, Redundancy",2025-06-30T13:42:31.379224976Z,{},2025-06-30T13:42:31.63293213Z,,
01JZ0FB771X9NXKNJD45VGGVHG,true,2025-06-30T13:17:09.611622773Z,true,2025-06-30T13:17:04.317595212Z,,,null,2025-06-30T13:21:43.607591612Z,game ended,2025-06-30T13:22:20.485301618Z,1,2025-06-30T13:22:56.068588523Z,"{""age"":""43"",""gender"":""Male"",""strength"":""It was easy, but the \""out sick\"" part was frustrating. "",""fair"":""Yes."",""feedback"":"""",""education"":""bachelor""}",2025-06-30T13:22:56.081933078Z,"[[150,210],[25,85]]",2025-06-30T13:17:09.611622773Z,01JZ0F67ZPF4121D8VQV580KT1,2025-06-30T13:10:11.435728245Z,4,2025-06-30T13:10:50.330909045Z,true,2025-06-30T13:11:22.807873804Z,,,Player 5,2025-06-30T13:12:58.033618798Z,4,2025-06-30T13:21:43.629763611Z,false,2025-06-30T13:20:51.886509957Z,01JZ0FB71RMY385160P9DNMC97,2025-06-30T13:10:11.425925169Z,,,"{""networkStruct"":""pooled"",""playerCount"":6}",2025-06-30T13:10:11.435728245Z,"Pooled, Redundancy",2025-06-30T13:10:11.435728245Z,{},2025-06-30T13:10:11.536092161Z,TaskQueue,2025-06-30T13:21:43.623032747Z
01JZ0RBX64FF9FWFM0K6E3R2NK,,,,,,,,,no more games,2025-06-30T16:40:21.09783098Z,1,2025-06-30T15:50:42.268172058Z,"{""age"":""30"",""gender"":""male"",""strength"":""the game ended faster"",""fair"":""the game ended faster"",""feedback"":""the game ended faster"",""education"":""master""}",2025-06-30T15:50:42.212663053Z,,,null,2025-06-30T16:40:21.09783098Z,1,2025-06-30T15:47:53.162180681Z,,,,,,,,,,,01JZ0RBWP36JQ68EEA9WRP43EF,2025-06-30T15:47:51.108300406Z,,,"{""networkStruct"":""pooled"",""playerCount"":6}",2025-06-30T15:47:51.140135201Z,"Pooled, Redundancy",2025-06-30T15:47:51.140135201Z,{},2025-06-30T15:47:51.546086867Z,,
01JZ0V4QNV0ZADMBTC1TQANM95,,,,,,,,,game ended,2025-06-30T16:48:53.149401272Z,,,,,,,01JZ0TXM9G1YQW4PKWAZEHBP4X,2025-06-30T16:36:21.883628429Z,4,2025-06-30T16:36:24.321829574Z,true,2025-06-30T16:36:24.945696855Z,true,2025-06-30T16:43:39.600490531Z,Player 3,2025-06-30T16:39:17.591230728Z,,,,,01JZ0V4QM62XCBZ18KA3B3WB88,2025-06-30T16:36:21.819550636Z,,,"{""networkStruct"":""pooled"",""playerCount"":6}",2025-06-30T16:36:21.883628429Z,"Pooled, Redundancy",2025-06-30T16:36:21.883628429Z,{},2025-06-30T16:36:21.914767438Z,,
01JZ0JMGEDXX4BV44Z74MYK8RA,true,2025-06-30T14:14:46.59471066Z,true,2025-06-30T14:14:38.01681064Z,,,null,2025-06-30T14:18:47.412449195Z,game ended,2025-06-30T14:19:57.888045151Z,1,2025-06-30T14:20:34.313224871Z,"{""age"":""18"",""gender"":""Male"",""strength"":""It was fun"",""fair"":""Yes they did a lot of work."",""feedback"":""I think it was smooth, really well put together survey"",""education"":""high-school""}",2025-06-30T14:20:34.321658001Z,"[[163,223],[99,159]]",2025-06-30T14:14:46.59471066Z,01JZ0JJRMQ32S1DDP8PZN3RKEA,2025-06-30T14:07:41.533501872Z,4,2025-06-30T14:08:50.610473978Z,true,2025-06-30T14:09:41.488779301Z,,,Player 1,2025-06-30T14:10:34.358382813Z,2,2025-06-30T14:18:47.421223695Z,false,2025-06-30T14:18:42.735797746Z,01JZ0JMG3FEYBRETNQM9MTHPWB,2025-06-30T14:07:41.517931474Z,,,"{""networkStruct"":""pooled"",""playerCount"":6}",2025-06-30T14:07:41.533501872Z,"Pooled, Redundancy",2025-06-30T14:07:41.533501872Z,{},2025-06-30T14:07:41.745859305Z,TaskQueue,2025-06-30T14:18:47.428447352Z
01JZ0SJRGQS35RAYEGQY664F9W,,,,,,,,,game ended,2025-06-30T16:21:39.539519546Z,,,,,,,01JZ0S9GCCCNBKT0N3T9B2PH95,2025-06-30T16:09:04.318173521Z,4,2025-06-30T16:09:09.240881319Z,true,2025-06-30T16:09:09.937111811Z,true,2025-06-30T16:16:27.588476914Z,Player 3,2025-06-30T16:12:12.24391692Z,,,,,01JZ0SJRERMHX8HDJSE0WXXHZR,2025-06-30T16:09:04.279298647Z,,,"{""networkStruct"":""reciprocal"",""playerCount"":6}",2025-06-30T16:09:04.318173521Z,"Reciprocal, Redundancy",2025-06-30T16:09:04.318173521Z,{},2025-06-30T16:09:04.346052505Z,,
01JZ0FBEPD11FSJRWKH4M5M5EZ,true,2025-06-30T13:20:33.951052698Z,true,2025-06-30T13:20:28.914194807Z,null,2025-06-30T13:25:35.99613208Z,null,2025-06-30T13:25:35.991103278Z,game ended,2025-06-30T13:25:44.872472533Z,1,2025-06-30T13:27:26.421191802Z,"{""age"":""70"",""gender"":""female"",""strength"":""This was fun and different!"",""fair"":""Only interaction was at the beginning with introductions, so - no."",""feedback"":""Unsure - all was clear"",""education"":""high-school""}",2025-06-30T13:27:26.415345909Z,"[[35,95],[218,278]]",2025-06-30T13:20:33.951052698Z,01JZ0F67ZNGQ7M2D3G364WEKWP,2025-06-30T13:10:19.095056784Z,4,2025-06-30T13:12:27.497227935Z,true,2025-06-30T13:13:14.004705624Z,,,Player 1,2025-06-30T13:16:21.203127352Z,11,2025-06-30T13:25:36.004671884Z,false,2025-06-30T13:25:23.103587094Z,01JZ0FBEJXS2M9G79ZZ7XD3PJS,2025-06-30T13:10:19.08524888Z,AVERAGE PEOPLE,2025-06-30T13:20:33.951052698Z,"{""networkStruct"":""reciprocal"",""playerCount"":6}",2025-06-30T13:10:19.095056784Z,"Reciprocal, Redundancy",2025-06-30T13:10:19.095056784Z,{},2025-06-30T13:10:19.171732373Z,TaskQueue,2025-06-30T13:25:36.01236094Z
01JZ0M79979MVE3M2PF579XFD7,,,,,,,,,game ended,2025-06-30T15:20:08.823053898Z,,,,,,,01JZ0NSNACQB6FV8GE0XS7JKF9,2025-06-30T15:02:59.957495273Z,4,2025-06-30T15:05:15.566739812Z,true,2025-06-30T15:05:53.317507559Z,true,2025-06-30T15:14:57.347710686Z,Player 1,2025-06-30T15:10:44.365595255Z,,,,,01JZ0M78TJW7WC4D4TKQ0PRZQS,2025-06-30T14:35:25.351159329Z,,,"{""networkStruct"":""reciprocal"",""playerCount"":6}",2025-06-30T14:35:25.37014775Z,"Reciprocal, Redundancy",2025-06-30T14:35:25.37014775Z,{},2025-06-30T14:35:25.605920329Z,,
01JZ0SB23C5WKRVH2QZHNSBQJW,,,,,,,,,game ended,2025-06-30T16:20:54.599486241Z,,,,,,,01JZ0S9G9GQDAYDBEESMGH4RA5,2025-06-30T16:04:51.98633363Z,4,2025-06-30T16:08:20.85645667Z,true,2025-06-30T16:08:34.108490871Z,true,2025-06-30T16:15:42.114269263Z,Player 1,2025-06-30T16:11:26.543339279Z,,,,,01JZ0SB1HYC16VMVBN9YWD0TJ9,2025-06-30T16:04:51.948361767Z,,,"{""networkStruct"":""pooled"",""playerCount"":6}",2025-06-30T16:04:51.98633363Z,"Pooled, Redundancy",2025-06-30T16:04:51.98633363Z,{},2025-06-30T16:04:52.251739791Z,,
01JZ0SSMXNYBFH7KNHW0QH81KF,,,,,,,,,no more games,2025-06-30T16:40:21.09783098Z,,,,,,,null,2025-06-30T16:40:21.09783098Z,,,,,,,,,,,,,01JZ0SSFX4REVM0R7GPMKWDEDP,2025-06-30T16:12:49.973714657Z,,,"{""networkStruct"":""pooled"",""playerCount"":6}",2025-06-30T16:12:50.653214191Z,"Pooled, Redundancy",2025-06-30T16:12:50.653214191Z,,,,
01JZ0FB172KNS8VTXE4YCY4S30,true,2025-06-30T13:17:50.615126964Z,true,2025-06-30T13:17:42.808547105Z,,,null,2025-06-30T13:22:11.573490991Z,game ended,2025-06-30T13:23:01.625536751Z,1,2025-06-30T13:24:24.362801646Z,"{""age"":""52"",""gender"":""Male"",""strength"":""Quite simple"",""fair"":""I'm disappointed there were 2 neighbourhoods left incomplete"",""feedback"":""Able to help others complete incomplete neighbourhoods"",""education"":""master""}",2025-06-30T13:24:24.357091627Z,"[[12,72],[107,167]]",2025-06-30T13:17:50.615126964Z,01JZ0F67Z61XNM528ZD36RPYGY,2025-06-30T13:10:05.292587708Z,4,2025-06-30T13:11:08.784536139Z,true,2025-06-30T13:11:40.603129255Z,,,Player 1,2025-06-30T13:13:39.010172877Z,3,2025-06-30T13:22:11.60031882Z,false,2025-06-30T13:20:48.364480135Z,01JZ0FB0SR8GA236BQ387DFTD0,2025-06-30T13:10:05.282125255Z,,,"{""networkStruct"":""pooled"",""playerCount"":6}",2025-06-30T13:10:05.292587708Z,"Pooled, Redundancy",2025-06-30T13:10:05.292587708Z,{},2025-06-30T13:10:05.506090857Z,TaskQueue,2025-06-30T13:22:11.58851602Z
01JZ0FB7M5V5PNCYP6FWZ38KB1,true,2025-06-30T13:16:41.4231973Z,true,2025-06-30T13:16:33.901864006Z,null,2025-06-30T13:18:44.419185991Z,null,2025-06-30T13:18:44.42966307Z,game ended,2025-06-30T13:21:52.367504436Z,1,2025-06-30T13:23:08.119575431Z,"{""age"":""38"",""gender"":""Male"",""strength"":""If was fine"",""fair"":""Not really, I did all the tasks except 1 but maybe they were out sick so it wasn't their fault?"",""feedback"":""Nothing I can think of, I liked it"",""education"":""high-school""}",2025-06-30T13:23:08.126066244Z,"[[155,215],[216,276]]",2025-06-30T13:16:41.4231973Z,01JZ0F67ZKKPGDC64ETWQZ69WV,2025-06-30T13:10:11.852727833Z,4,2025-06-30T13:11:47.354148175Z,true,2025-06-30T13:12:10.666177592Z,,,Player 1,2025-06-30T13:12:29.7840431Z,13,2025-06-30T13:18:44.424325637Z,false,2025-06-30T13:21:28.516309953Z,01JZ0FB78Q6D8TYRBC03NTDACD,2025-06-30T13:10:11.845554788Z,AVERAGE PEOPLE,2025-06-30T13:16:41.4231973Z,"{""networkStruct"":""reciprocal"",""playerCount"":6}",2025-06-30T13:10:11.852727833Z,"Reciprocal, Redundancy",2025-06-30T13:10:11.852727833Z,{},2025-06-30T13:10:12.049965563Z,TaskQueue,2025-06-30T13:18:44.413869769Z
01JZ0JMNJCQ4JP233PQTACYGEQ,true,2025-06-30T14:19:46.903524002Z,true,2025-06-30T14:19:39.660044466Z,null,2025-06-30T14:24:48.778402393Z,null,2025-06-30T14:24:48.734105407Z,game ended,2025-06-30T14:24:57.866498074Z,1,2025-06-30T14:25:41.797244864Z,"{""age"":""42"",""gender"":""female"",""strength"":""It was fun but frustrating when I got sick twice!"",""fair"":""I'm not sure."",""feedback"":""I don't think it can be improved. "",""education"":""bachelor""}",2025-06-30T14:25:41.788950494Z,"[[100,160],[192,252]]",2025-06-30T14:19:46.903524002Z,01JZ0JJRMFBKARHHQY8ZXKDX2Q,2025-06-30T14:07:46.781944423Z,4,2025-06-30T14:08:37.424885779Z,true,2025-06-30T14:09:05.773891261Z,,,Player 2,2025-06-30T14:15:34.623475898Z,7,2025-06-30T14:24:48.767370297Z,false,2025-06-30T14:24:10.468992484Z,01JZ0JMN7AKKFH89JS177YSP4Q,2025-06-30T14:07:46.764799979Z,MAXIMUM INCOME,2025-06-30T14:19:46.903524002Z,"{""networkStruct"":""reciprocal"",""playerCount"":6}",2025-06-30T14:07:46.781944423Z,"Reciprocal, Redundancy",2025-06-30T14:07:46.781944423Z,{},2025-06-30T14:07:46.988115377Z,TaskQueue,2025-06-30T14:24:48.747609862Z
01JZ0JN9702Q6F60B6DGZMFR8D,true,2025-06-30T14:16:09.23468179Z,true,2025-06-30T14:16:01.468829033Z,,,null,2025-06-30T14:19:57.588438949Z,game ended,2025-06-30T14:21:20.117400612Z,1,2025-06-30T14:21:51.966679215Z,"{""age"":""37"",""gender"":""male"",""strength"":""Very interesting"",""fair"":""most of them yes"",""feedback"":""make tasks harder"",""education"":""master""}",2025-06-30T14:21:51.974642988Z,"[[228,288],[113,173]]",2025-06-30T14:16:09.23468179Z,01JZ0JJRKVJXBJGVYTJ6TBMBFM,2025-06-30T14:08:06.895734427Z,4,2025-06-30T14:08:42.366012718Z,true,2025-06-30T14:08:58.710238472Z,,,Player 3,2025-06-30T14:11:56.530037069Z,4,2025-06-30T14:19:57.566622371Z,false,2025-06-30T14:21:09.156393585Z,01JZ0JN8QFRVB5FX1EAKQCKXE7,2025-06-30T14:08:06.880731452Z,,,"{""networkStruct"":""pooled"",""playerCount"":6}",2025-06-30T14:08:06.895734427Z,"Pooled, Redundancy",2025-06-30T14:08:06.895734427Z,{},2025-06-30T14:08:07.202598591Z,TaskQueue,2025-06-30T14:19:57.553695801Z
01JZ0RCSEWTREVNH01CSTN7NSE,,,,,,,,,no more games,2025-06-30T16:40:21.09783098Z,1,2025-06-30T15:54:40.386327959Z,"{""age"":""32"",""gender"":""male"",""strength"":""tech issue - no game"",""fair"":""tech issue - no game"",""feedback"":""tech issue - no game"",""education"":""bachelor""}",2025-06-30T15:54:40.359131076Z,,,null,2025-06-30T16:40:21.09783098Z,2,2025-06-30T15:49:59.518905799Z,,,,,,,,,,,01JZ0RCRTSJANTFB5EESTVXB06,2025-06-30T15:48:20.060433808Z,,,"{""networkStruct"":""pooled"",""playerCount"":6}",2025-06-30T15:48:20.130505592Z,"Pooled, Redundancy",2025-06-30T15:48:20.130505592Z,{},2025-06-30T15:48:20.61177636Z,,
01JZ0SFH3A34EW308H72QP6WNN,,,,,,,,,game ended,2025-06-30T16:22:16.31355495Z,,,,,,,01JZ0S9G72AZ3MF9HASHX1PW43,2025-06-30T16:07:18.462950051Z,4,2025-06-30T16:07:21.364657297Z,true,2025-06-30T16:07:21.980840939Z,true,2025-06-30T16:17:04.262744426Z,Player 1,2025-06-30T16:12:44.118212777Z,,,,,01JZ0SFH1KDGB983JFBGDDVPN5,2025-06-30T16:07:18.37829645Z,,,"{""networkStruct"":""reciprocal"",""playerCount"":6}",2025-06-30T16:07:18.462950051Z,"Reciprocal, Redundancy",2025-06-30T16:07:18.462950051Z,{},2025-06-30T16:07:18.509527223Z,,
01JZ0FBAX014VD39AWS4YVMD4F,true,2025-06-30T13:16:22.641627832Z,true,2025-06-30T13:16:13.866604904Z,null,2025-06-30T13:19:41.917606302Z,null,2025-06-30T13:19:41.955632646Z,game ended,2025-06-30T13:21:33.60435237Z,1,2025-06-30T13:22:31.763679099Z,"{""age"":""66"",""gender"":""Male"",""strength"":""Quite enjoyed it, haven't seen anything similar before."",""fair"":""I'm not sure how I would know to be honest but I assume they were"",""feedback"":""Don't know, sorry"",""education"":""other""}",2025-06-30T13:22:31.7447508Z,"[[86,146],[200,260]]",2025-06-30T13:16:22.641627832Z,01JZ0F67ZMW5MYVAMRDCKET4QV,2025-06-30T13:10:15.207011886Z,4,2025-06-30T13:11:19.242629917Z,true,2025-06-30T13:11:44.978116326Z,,,Player 5,2025-06-30T13:12:09.767493529Z,9,2025-06-30T13:19:41.94591941Z,false,2025-06-30T13:20:51.545419763Z,01JZ0FBAGJ6KW4P7FFZAVR8RAJ,2025-06-30T13:10:15.200426944Z,CHILDREN'S COMMUTE DISTANCE,2025-06-30T13:16:22.641627832Z,"{""networkStruct"":""reciprocal"",""playerCount"":6}",2025-06-30T13:10:15.207011886Z,"Reciprocal, Redundancy",2025-06-30T13:10:15.207011886Z,{},2025-06-30T13:10:15.434901606Z,TaskQueue,2025-06-30T13:19:41.936391006Z
01JZ0H3FWJS4NSARZAFMVPHGS8,true,2025-06-30T13:48:19.107536466Z,true,2025-06-30T13:48:12.110878033Z,,,null,2025-06-30T13:52:15.621181027Z,game ended,2025-06-30T13:53:29.999203497Z,1,2025-06-30T13:53:53.159235722Z,"{""age"":""49"",""gender"":""man"",""strength"":""Fun"",""fair"":""yes"",""feedback"":""nothing wrong with it."",""education"":""bachelor""}",2025-06-30T13:53:53.165706614Z,"[[144,204],[67,127]]",2025-06-30T13:48:19.107536466Z,01JZ0H1K7KVN4Q30DF0C4SZNQW,2025-06-30T13:40:55.326730278Z,4,2025-06-30T13:43:39.844004333Z,true,2025-06-30T13:44:06.993139086Z,,,Player 2,2025-06-30T13:44:07.110909176Z,3,2025-06-30T13:52:15.648717816Z,false,2025-06-30T13:51:56.561923673Z,01JZ0H3F9BV6Z214YHY30FX3T4,2025-06-30T13:40:55.314303544Z,,,"{""networkStruct"":""pooled"",""playerCount"":6}",2025-06-30T13:40:55.326730278Z,"Pooled, Redundancy",2025-06-30T13:40:55.326730278Z,{},2025-06-30T13:40:55.67138127Z,TaskQueue,2025-06-30T13:52:15.614131651Z
01JZ0SQ9PF520D4EJDE9FVG6JE,,,,,,,,,game ended,2025-06-30T16:21:06.858549254Z,,,,,,,01JZ0S9GBDE95BAEJ35DY3VGC4,2025-06-30T16:11:33.035086673Z,4,2025-06-30T16:11:36.867364736Z,true,2025-06-30T16:11:37.366747406Z,true,2025-06-30T16:15:54.658475528Z,Player 6,2025-06-30T16:11:37.717035802Z,,,,,01JZ0SQ9MDJXWNN5Z5V8J12DEV,2025-06-30T16:11:32.943895715Z,,,"{""networkStruct"":""reciprocal"",""playerCount"":6}",2025-06-30T16:11:33.035086673Z,"Reciprocal, Redundancy",2025-06-30T16:11:33.035086673Z,{},2025-06-30T16:11:33.159621309Z,,
01JZ0FC2JY5XVEAE6VHX2MXJRG,true,2025-06-30T13:20:05.43549592Z,true,2025-06-30T13:19:57.621263538Z,,,neighborhood_2,2025-06-30T13:25:16.207840039Z,game ended,2025-06-30T13:25:16.671798339Z,1,2025-06-30T13:26:38.659226088Z,"{""age"":""65"",""gender"":""Female"",""strength"":""This was fun and involving.  "",""fair"":""Yes, they were always working when I came back to the screen to choose another neighborhood.  "",""feedback"":""The game could have audio to keep you aware of the timer while reading.  "",""education"":""high-school""}",2025-06-30T13:26:38.65047412Z,"[[1,61],[112,172]]",2025-06-30T13:20:05.43549592Z,01JZ0F67Z9QH00F8GAXY086HB5,2025-06-30T13:14:00.173570774Z,4,2025-06-30T13:12:41.985265258Z,true,2025-06-30T13:14:03.789823227Z,,,Player 3,2025-06-30T13:15:52.700293038Z,3,2025-06-30T13:25:13.379180727Z,false,2025-06-30T13:23:08.155782508Z,01JZ0FC2DFXGP426DSM1DRR77J,2025-06-30T13:10:39.454416916Z,,,"{""networkStruct"":""pooled"",""playerCount"":6}",2025-06-30T13:10:39.467263763Z,"Pooled, Redundancy",2025-06-30T13:10:39.467263763Z,{},2025-06-30T13:10:39.60737295Z,TaskScreen,2025-06-30T13:25:16.229999519Z
01JZ0FFMZX944TM6MHK121M3BQ,,,,,,,,,no more games,2025-06-30T16:38:40.809469116Z,,,,,,,null,2025-06-30T16:38:40.809469116Z,4,2025-06-30T13:16:40.244291989Z,,,,,,,,,,,01JZ0FFMGSYDWX9EX6JBB3JEVJ,2025-06-30T13:12:36.605651143Z,,,"{""networkStruct"":""reciprocal"",""playerCount"":6}",2025-06-30T13:12:36.61815991Z,"Reciprocal, Redundancy",2025-06-30T13:12:36.61815991Z,{},2025-06-30T13:12:36.860743501Z,,
01JZ0FBNEQDTRNKJSVXK2XHXY0,true,2025-06-30T13:17:50.615126964Z,true,2025-06-30T13:17:48.307407842Z,,,null,2025-06-30T13:22:57.823630458Z,game ended,2025-06-30T13:23:01.625536751Z,1,2025-06-30T13:23:55.416072918Z,"{""age"":""28"",""gender"":""Male"",""strength"":""It was fun"",""fair"":""Uh, not much, we just used the chat to say hi"",""feedback"":""Maybe more categories"",""education"":""high-school""}",2025-06-30T13:23:55.423268188Z,"[[68,128],[227,287]]",2025-06-30T13:17:50.615126964Z,01JZ0F67Z61XNM528ZD36RPYGY,2025-06-30T13:10:26.018758688Z,4,2025-06-30T13:11:45.522476614Z,true,2025-06-30T13:12:30.5363852Z,,,Player 4,2025-06-30T13:13:39.010172877Z,2,2025-06-30T13:22:57.811721024Z,false,2025-06-30T13:22:47.564190684Z,01JZ0FBMSEZ54SSN9GKY4B8YES,2025-06-30T13:10:26.007788706Z,,,"{""networkStruct"":""pooled"",""playerCount"":6}",2025-06-30T13:10:26.018758688Z,"Pooled, Redundancy",2025-06-30T13:10:26.018758688Z,{},2025-06-30T13:10:26.289697355Z,TaskQueue,2025-06-30T13:22:57.934859321Z
01JZ0SGMVBRB238TSXC2TH7FEN,,,,,,,,,no more games,2025-06-30T16:38:40.809469116Z,,,,,,,null,2025-06-30T16:38:40.809469116Z,,,,,,,,,,,,,01JZ0SGMSGRW95S3QDXP96J81Z,2025-06-30T16:07:54.98759144Z,,,"{""networkStruct"":""reciprocal"",""playerCount"":6}",2025-06-30T16:07:55.060946533Z,"Reciprocal, Redundancy",2025-06-30T16:07:55.060946533Z,{},2025-06-30T16:07:55.096121677Z,,
01JZ0NEB3JG770E2MJXKGV4SYP,true,2025-06-30T15:03:58.066881922Z,true,2025-06-30T15:03:50.683823164Z,,,null,2025-06-30T15:09:04.270456532Z,game ended,2025-06-30T15:09:09.500118963Z,1,2025-06-30T15:10:59.222869182Z,"{""age"":""36"",""gender"":""Male"",""strength"":""It was pretty fun."",""fair"":""Yes, they were all helpful."",""feedback"":""It was good enough the way it was."",""education"":""high-school""}",2025-06-30T15:10:59.211697032Z,"[[233,293],[162,222]]",2025-06-30T15:03:58.066881922Z,01JZ0N9PQHD06TCBXAQZTT3H76,2025-06-30T14:56:45.198164399Z,4,2025-06-30T14:58:34.290437776Z,true,2025-06-30T14:59:41.852886205Z,,,Player 3,2025-06-30T14:59:44.416265815Z,3,2025-06-30T15:09:04.257460661Z,false,2025-06-30T15:09:03.237498561Z,01JZ0NEANMMK909A1TQTZ7K6F5,2025-06-30T14:56:45.170843941Z,,,"{""networkStruct"":""pooled"",""playerCount"":6}",2025-06-30T14:56:45.198164399Z,"Pooled, Redundancy",2025-06-30T14:56:45.198164399Z,{},2025-06-30T14:56:45.463068885Z,TaskQueue,2025-06-30T15:09:04.280179468Z
01JZ0SKJNFRFYTYMMSB3A2M8JB,true,2025-06-30T16:22:14.621005583Z,true,2025-06-30T16:22:06.936508714Z,,,neighborhood_10,2025-06-30T16:27:15.130643633Z,game ended,2025-06-30T16:27:26.613748644Z,1,2025-06-30T16:29:24.842423724Z,"{""age"":""40"",""gender"":""Female"",""strength"":""The game was interactive"",""fair"":""My teammates supported me when, I was out sick"",""feedback"":""NA"",""education"":""master""}",2025-06-30T16:29:24.810093835Z,"[[155,215],[28,88]]",2025-06-30T16:22:14.621005583Z,01JZ0S9G8MSQJNW9QDDX82T8EZ,2025-06-30T16:10:21.675335358Z,4,2025-06-30T16:13:39.739536697Z,true,2025-06-30T16:15:14.286216921Z,,,Player 1,2025-06-30T16:17:55.534285086Z,2,2025-06-30T16:27:13.028845281Z,false,2025-06-30T16:25:57.517514412Z,01JZ0SKH8Q9QNWR28R4WMGVYM8,2025-06-30T16:09:31.055492403Z,,,"{""networkStruct"":""pooled"",""playerCount"":6}",2025-06-30T16:09:31.097738934Z,"Pooled, Redundancy",2025-06-30T16:09:31.097738934Z,{},2025-06-30T16:09:31.629235739Z,TaskScreen,2025-06-30T16:27:15.103722774Z
01JZ0FBTJXMW2AK8YMAJ7FJR7V,true,2025-06-30T13:20:02.125409168Z,true,2025-06-30T13:19:56.797209354Z,2,2025-06-30T13:25:07.216658665Z,neighborhood_5,2025-06-30T13:25:08.031113746Z,game ended,2025-06-30T13:25:13.833363244Z,1,2025-06-30T13:26:17.595132309Z,"{""age"":""50"",""gender"":""female"",""strength"":""Enjoyable but stressful."",""fair"":""No"",""feedback"":""Having more time to achieve more"",""education"":""high-school""}",2025-06-30T13:26:17.60259377Z,"[[128,188],[22,82]]",2025-06-30T13:20:02.125409168Z,01JZ0F67ZNGQ7M2D3G3M0R8ZTD,2025-06-30T13:12:29.682449432Z,4,2025-06-30T13:12:44.156766072Z,true,2025-06-30T13:13:39.206892356Z,,,Player 3,2025-06-30T13:15:49.272802124Z,4,2025-06-30T13:25:04.732851858Z,false,2025-06-30T13:23:19.425246703Z,01JZ0FBT4E6MGRWBH30V4TKRXS,2025-06-30T13:10:31.261195198Z,MAXIMUM INCOME,2025-06-30T13:20:02.125409168Z,"{""networkStruct"":""reciprocal"",""playerCount"":6}",2025-06-30T13:10:31.270495138Z,"Reciprocal, Redundancy",2025-06-30T13:10:31.270495138Z,{},2025-06-30T13:10:31.524799613Z,TaskScreen,2025-06-30T13:25:08.04112476Z
01JZ0JQKQ0F0M9FF1E7KJ74SGD,,,,,,,,,game ended,2025-06-30T15:29:38.662247876Z,1,2025-06-30T14:15:21.67304487Z,"{""age"":""33"",""gender"":""Female"",""strength"":""the game didn't start"",""fair"":""the game didn't start"",""feedback"":""the game didn't start, it took me directly to the exit survey  while I was reading the 4th set of instructions"",""education"":""other""}",2025-06-30T14:15:21.687637031Z,,,01JZ0PDFG0TZHQMJ413RSFKXP4,2025-06-30T15:13:48.727147333Z,4,2025-06-30T14:13:44.007192449Z,true,2025-06-30T15:15:52.806183487Z,true,2025-06-30T15:24:27.486993443Z,Player 1,2025-06-30T15:20:14.342355022Z,,,,,01JZ0JQKGGT6KMHQ1PVHCWZQBX,2025-06-30T14:09:23.168643761Z,,,"{""networkStruct"":""pooled"",""playerCount"":6}",2025-06-30T14:09:23.18458838Z,"Pooled, Redundancy",2025-06-30T14:09:23.18458838Z,{},2025-06-30T14:09:23.314732242Z,,
01JZ0NDSDDY8S0RYYFNPP1HM10,,,,,,,,,no more games,2025-06-30T16:40:21.09783098Z,,,,,,,null,2025-06-30T16:40:21.09783098Z,2,2025-06-30T14:57:07.748760733Z,,,,,,,,,,,01JZ0NDS46PFW8JZ39KYWJ59H9,2025-06-30T14:56:27.053859561Z,,,"{""networkStruct"":""pooled"",""playerCount"":6}",2025-06-30T14:56:27.084554195Z,"Pooled, Redundancy",2025-06-30T14:56:27.084554195Z,{},2025-06-30T14:58:20.09515047Z,,
01JZ0R9YBP53FHZRSC3KJMTX8V,true,2025-06-30T15:53:13.678802262Z,true,2025-06-30T15:53:08.519898032Z,,,neighborhood_7,2025-06-30T15:55:47.859382594Z,game ended,2025-06-30T15:58:26.587194704Z,1,2025-06-30T16:00:02.515658225Z,"{""age"":""29"",""gender"":""Famle"",""strength"":""Not clear"",""fair"":""No "",""feedback"":""Add clear instructions"",""education"":""master""}",2025-06-30T16:00:01.526230978Z,"[[215,275],[22,82]]",2025-06-30T15:53:13.678802262Z,01JZ0R44ZMT5HYXWVABB60AH0G,2025-06-30T15:46:46.86516377Z,4,2025-06-30T15:48:04.97219869Z,true,2025-06-30T15:48:18.171616805Z,,,Player 5,2025-06-30T15:48:52.668438741Z,1,2025-06-30T15:55:41.473505882Z,false,2025-06-30T15:58:01.683147476Z,01JZ0R9XKRHKBGWQMTHX0CQ7NC,2025-06-30T15:46:46.774674939Z,,,"{""networkStruct"":""pooled"",""playerCount"":6}",2025-06-30T15:46:46.86516377Z,"Pooled, Redundancy",2025-06-30T15:46:46.86516377Z,{},2025-06-30T15:46:48.056119798Z,TaskScreen,2025-06-30T15:55:48.174229363Z
01JZ0FADP9EKGDX636W54K492Z,true,2025-06-30T13:16:27.497617472Z,true,2025-06-30T13:16:20.057258844Z,null,2025-06-30T13:21:37.459614249Z,null,2025-06-30T13:21:37.439054261Z,game ended,2025-06-30T13:21:38.103036325Z,1,2025-06-30T13:22:02.464117918Z,"{""age"":""21"",""gender"":""male"",""strength"":""it was fun and challenging"",""fair"":""yes"",""feedback"":"""",""education"":""bachelor""}",2025-06-30T13:22:02.4553364Z,"[[197,257],[51,111]]",2025-06-30T13:16:27.497617472Z,01JZ0F67ZEPC67VW242P0YYZAA,2025-06-30T13:09:45.305962892Z,4,2025-06-30T13:10:16.102569603Z,true,2025-06-30T13:10:34.326888551Z,,,Player 2,2025-06-30T13:12:16.293060103Z,11,2025-06-30T13:21:37.452724255Z,false,2025-06-30T13:20:55.504938592Z,01JZ0FAD8A1BDR3S583ZVJQ40X,2025-06-30T13:09:45.289754418Z,MAXIMUM INCOME,2025-06-30T13:16:27.497617472Z,"{""networkStruct"":""reciprocal"",""playerCount"":6}",2025-06-30T13:09:45.305962892Z,"Reciprocal, Redundancy",2025-06-30T13:09:45.305962892Z,{},2025-06-30T13:09:45.532571433Z,TaskQueue,2025-06-30T13:21:37.465819303Z
01JZ0M54SWH9FMND8G8ZRJ8E3A,true,2025-06-30T14:40:29.145965529Z,true,2025-06-30T14:40:23.866144163Z,null,2025-06-30T14:44:25.184621574Z,null,2025-06-30T14:44:25.175755912Z,game ended,2025-06-30T14:45:39.98977195Z,1,2025-06-30T14:46:40.34807044Z,"{""age"":""51"",""gender"":""male"",""strength"":""It was quite straight forward."",""fair"":""Definitely as I was out sick for 2 minutes and we completed the challenges"",""feedback"":""n/a"",""education"":""bachelor""}",2025-06-30T14:46:40.359121412Z,"[[145,205],[65,125]]",2025-06-30T14:40:29.145965529Z,01JZ0KZHGK1V8ZC0AXDBXBYAX9,2025-06-30T14:34:15.245982812Z,4,2025-06-30T14:35:40.768533664Z,true,2025-06-30T14:36:16.334992601Z,,,Player 6,2025-06-30T14:36:16.486205928Z,5,2025-06-30T14:44:25.199453676Z,false,2025-06-30T14:44:02.705078007Z,01JZ0M54BVMF0YRP9XJHCCRHE2,2025-06-30T14:34:15.228696773Z,CHILDREN'S COMMUTE DISTANCE,2025-06-30T14:40:29.145965529Z,"{""networkStruct"":""reciprocal"",""playerCount"":6}",2025-06-30T14:34:15.245982812Z,"Reciprocal, Redundancy",2025-06-30T14:34:15.245982812Z,{},2025-06-30T14:34:15.453117712Z,TaskQueue,2025-06-30T14:44:25.207010341Z
01JZ0NZGH00DARNW9BBY2QG8YW,true,2025-06-30T15:12:58.229443992Z,true,2025-06-30T15:12:51.389647442Z,null,2025-06-30T15:14:57.222554251Z,null,2025-06-30T15:14:57.267694106Z,game ended,2025-06-30T15:18:09.217938772Z,1,2025-06-30T15:18:44.930639647Z,"{""age"":""43"",""gender"":""female"",""strength"":""it was interesting"",""fair"":""very much"",""feedback"":""everything worked fine"",""education"":""high-school""}",2025-06-30T15:18:44.91989034Z,"[[8,68],[128,188]]",2025-06-30T15:12:58.229443992Z,01JZ0NSNC1W3B8HBKV7A156B13,2025-06-30T15:06:07.810481727Z,4,2025-06-30T15:07:07.521868474Z,true,2025-06-30T15:07:25.261900966Z,,,Player 3,2025-06-30T15:08:44.283119775Z,5,2025-06-30T15:14:57.246830595Z,false,2025-06-30T15:16:17.254942012Z,01JZ0NZG2TA8071HRK893TJMS1,2025-06-30T15:06:07.776982312Z,AVERAGE PEOPLE,2025-06-30T15:12:58.229443992Z,"{""networkStruct"":""reciprocal"",""playerCount"":6}",2025-06-30T15:06:07.810481727Z,"Reciprocal, Redundancy",2025-06-30T15:06:07.810481727Z,{},2025-06-30T15:06:08.057432136Z,TaskQueue,2025-06-30T15:14:57.166763213Z
01JZ0SF8Y0WXYRQ4GJQKYS7F99,,,,,,,,,game ended,2025-06-30T16:21:06.858549254Z,,,,,,,01JZ0S9GBDE95BAEJ35DY3VGC4,2025-06-30T16:07:10.072239556Z,4,2025-06-30T16:07:38.306194009Z,true,2025-06-30T16:08:06.479363807Z,true,2025-06-30T16:15:54.658475528Z,Player 3,2025-06-30T16:11:37.717035802Z,,,,,01JZ0SF8GW00GT9WNJYF3WV2AG,2025-06-30T16:07:10.016216052Z,,,"{""networkStruct"":""reciprocal"",""playerCount"":6}",2025-06-30T16:07:10.072239556Z,"Reciprocal, Redundancy",2025-06-30T16:07:10.072239556Z,{},2025-06-30T16:07:10.452088507Z,,
01JZ0SF9Q56965BA9MXGSMHAND,true,2025-06-30T16:15:42.114269263Z,true,2025-06-30T16:15:33.293644779Z,,,neighborhood_12,2025-06-30T16:20:45.842028059Z,game ended,2025-06-30T16:20:54.599486241Z,1,2025-06-30T16:21:39.203976322Z,"{""age"":""32"",""gender"":""Male"",""strength"":""It was fun, I didn't like being sick and having to stop for so long without being sure of others' work."",""fair"":""I think they were useful, I couldn't work at all while being sick and they completed a lot of areas I couldn't do."",""feedback"":""I had to wait 5-10 minutes before starting :("",""education"":""master""}",2025-06-30T16:21:39.173973997Z,"[[9,69],[182,242]]",2025-06-30T16:15:42.114269263Z,01JZ0S9G9GQDAYDBEESMGH4RA5,2025-06-30T16:07:10.855678196Z,4,2025-06-30T16:07:27.916091531Z,true,2025-06-30T16:07:33.123942659Z,,,Player 3,2025-06-30T16:11:26.543339279Z,5,2025-06-30T16:20:44.668044988Z,false,2025-06-30T16:19:57.040070256Z,01JZ0SF97SWZRPC08JK4XZ9QSG,2025-06-30T16:07:10.821878987Z,,,"{""networkStruct"":""pooled"",""playerCount"":6}",2025-06-30T16:07:10.855678196Z,"Pooled, Redundancy",2025-06-30T16:07:10.855678196Z,{},2025-06-30T16:07:11.110085125Z,TaskScreen,2025-06-30T16:20:45.812681963Z
01JZ0FB6X6QBV3E81R532SKN28,true,2025-06-30T13:17:51.434421593Z,true,2025-06-30T13:17:47.810470939Z,null,2025-06-30T13:20:23.321488182Z,null,2025-06-30T13:20:23.328355014Z,game ended,2025-06-30T13:23:02.633420217Z,1,2025-06-30T13:23:58.054553091Z,"{""age"":""50"",""gender"":""Male"",""strength"":""I liked it. It was fun."",""fair"":""Yes, they helped divide the work."",""feedback"":""The portion of being out sick was mentioned to be 30 seconds but it took around a minute."",""education"":""high-school""}",2025-06-30T13:23:58.064394027Z,"[[29,89],[207,267]]",2025-06-30T13:17:51.434421593Z,01JZ0F67ZJJG6P50PFSVWKXYA5,2025-06-30T13:12:16.249586007Z,4,2025-06-30T13:12:20.86810293Z,true,2025-06-30T13:13:02.355270694Z,,,Player 2,2025-06-30T13:13:39.800797117Z,6,2025-06-30T13:20:23.335527625Z,false,2025-06-30T13:22:28.914610173Z,01JZ0FB6HK82WVT3AR35BT9AX0,2025-06-30T13:10:11.11085795Z,AVERAGE PEOPLE,2025-06-30T13:17:51.434421593Z,"{""networkStruct"":""reciprocal"",""playerCount"":6}",2025-06-30T13:10:11.120454268Z,"Reciprocal, Redundancy",2025-06-30T13:10:11.120454268Z,{},2025-06-30T13:10:11.310605296Z,TaskQueue,2025-06-30T13:20:23.314909411Z
01JZ0H4GBQSQYED6WDD8E3HJCG,true,2025-06-30T13:48:19.107536466Z,true,2025-06-30T13:48:10.608586865Z,,,null,2025-06-30T13:51:06.305251376Z,game ended,2025-06-30T13:53:29.999203497Z,1,2025-06-30T13:54:11.644225655Z,"{""age"":""29"",""gender"":""Male"",""strength"":""Very fun and enjoyable"",""fair"":""Not really, one of them took very long to do the final task."",""feedback"":""No need to improvement to be honest."",""education"":""bachelor""}",2025-06-30T13:54:11.637552914Z,"[[185,245],[9,69]]",2025-06-30T13:48:19.107536466Z,01JZ0H1K7KVN4Q30DF0C4SZNQW,2025-06-30T13:41:28.586730988Z,4,2025-06-30T13:41:50.51431298Z,true,2025-06-30T13:41:57.512700781Z,,,Player 5,2025-06-30T13:44:07.110909176Z,4,2025-06-30T13:51:06.292664873Z,false,2025-06-30T13:52:34.892096805Z,01JZ0H4FYHQCMM49M72BZ8X1C6,2025-06-30T13:41:28.567203424Z,,,"{""networkStruct"":""pooled"",""playerCount"":6}",2025-06-30T13:41:28.586730988Z,"Pooled, Redundancy",2025-06-30T13:41:28.586730988Z,{},2025-06-30T13:41:28.798067289Z,TaskQueue,2025-06-30T13:51:06.311513083Z
01JZ0FAY5RV9X0EF0X32G9N72E,,,,,,,,,game ended,2025-06-30T13:23:23.873914043Z,,,,,,,01JZ0F67Z228X9RHKVM8F1277D,2025-06-30T13:10:02.185959423Z,4,2025-06-30T13:12:42.294734104Z,true,2025-06-30T13:12:50.428825654Z,true,2025-06-30T13:18:12.859120691Z,Player 1,2025-06-30T13:14:00.262213406Z,,,,,01JZ0FAXTY2512GR3VVHCRZ5D5,2025-06-30T13:10:02.168436462Z,,,"{""networkStruct"":""pooled"",""playerCount"":6}",2025-06-30T13:10:02.185959423Z,"Pooled, Redundancy",2025-06-30T13:10:02.185959423Z,{},2025-06-30T13:10:02.348621174Z,,
01JZ0NVEHBKHRSWA9J1BV2W2DW,,,,,,,,,no more games,2025-06-30T16:38:40.809469116Z,,,,,,,null,2025-06-30T16:38:40.809469116Z,,,,,,,,,,,,,01JZ0NVEFA434JAC2KBCKREZ27,2025-06-30T15:03:54.667092228Z,,,"{""networkStruct"":""reciprocal"",""playerCount"":6}",2025-06-30T15:03:54.68955244Z,"Reciprocal, Redundancy",2025-06-30T15:03:54.68955244Z,{},2025-06-30T15:03:54.714691689Z,,
01JZ0SBSTT5486HQKVBF06P6DM,,,,,,,,,game ended,2025-06-30T16:22:18.910515003Z,,,,,,,01JZ0S9GD9MABT2H3JKQDC0TB1,2025-06-30T16:05:16.300809271Z,4,2025-06-30T16:05:18.853434608Z,true,2025-06-30T16:05:19.325388216Z,true,2025-06-30T16:17:06.57682579Z,Player 1,2025-06-30T16:12:44.947921387Z,,,,,01JZ0SBSRWGDTCSG8RNX8CN6VE,2025-06-30T16:05:16.250497633Z,,,"{""networkStruct"":""reciprocal"",""playerCount"":6}",2025-06-30T16:05:16.300809271Z,"Reciprocal, Redundancy",2025-06-30T16:05:16.300809271Z,{},2025-06-30T16:05:16.328324228Z,,
01JZ0FB6A8PGAA54RRTD4918CR,true,2025-06-30T13:17:09.611622773Z,true,2025-06-30T13:17:02.10468996Z,,,null,2025-06-30T13:22:17.057525232Z,game ended,2025-06-30T13:22:20.485301618Z,1,2025-06-30T13:22:43.018755085Z,"{""age"":""21"",""gender"":""Male"",""strength"":""Interesting, fun"",""fair"":""Yes, they completed all the tasks with me"",""feedback"":""No notes"",""education"":""high-school""}",2025-06-30T13:22:43.026616064Z,"[[215,275],[28,88]]",2025-06-30T13:17:09.611622773Z,01JZ0F67ZPF4121D8VQV580KT1,2025-06-30T13:10:10.595369736Z,4,2025-06-30T13:10:40.485295468Z,true,2025-06-30T13:11:02.687997206Z,,,Player 4,2025-06-30T13:12:58.033618798Z,4,2025-06-30T13:22:17.035520602Z,false,2025-06-30T13:21:55.677628425Z,01JZ0FB5W8FSDYR44TWXA3EZQV,2025-06-30T13:10:10.58346163Z,,,"{""networkStruct"":""pooled"",""playerCount"":6}",2025-06-30T13:10:10.595369736Z,"Pooled, Redundancy",2025-06-30T13:10:10.595369736Z,{},2025-06-30T13:10:10.784978954Z,TaskQueue,2025-06-30T13:22:17.050825094Z
01JZ0FBN02HG46T50M0DC5KD9N,true,2025-06-30T13:16:41.4231973Z,true,2025-06-30T13:16:33.174380841Z,2,2025-06-30T13:21:23.079240617Z,neighborhood_10,2025-06-30T13:21:23.104550301Z,game ended,2025-06-30T13:21:52.367504436Z,1,2025-06-30T13:22:55.649262366Z,"{""age"":""26"",""gender"":""Female"",""strength"":""Interesting."",""fair"":""Absolutely."",""feedback"":""No suggestions"",""education"":""master""}",2025-06-30T13:22:55.660842286Z,"[[100,160],[36,96]]",2025-06-30T13:16:41.4231973Z,01JZ0F67ZKKPGDC64ETWQZ69WV,2025-06-30T13:10:25.706660298Z,4,2025-06-30T13:10:59.360362817Z,true,2025-06-30T13:11:09.627045054Z,,,Player 2,2025-06-30T13:12:29.7840431Z,8,2025-06-30T13:21:22.249900661Z,false,2025-06-30T13:19:32.465985694Z,01JZ0FBMJ2Q6H23AD5YHDX8HEX,2025-06-30T13:10:25.696148381Z,MAXIMUM INCOME,2025-06-30T13:16:41.4231973Z,"{""networkStruct"":""reciprocal"",""playerCount"":6}",2025-06-30T13:10:25.706660298Z,"Reciprocal, Redundancy",2025-06-30T13:10:25.706660298Z,{},2025-06-30T13:10:25.931392272Z,TaskScreen,2025-06-30T13:21:23.063731821Z
01JZ0NW97B3R7383CYHD9KN8G2,,,,,,,,,no more games,2025-06-30T16:38:40.809469116Z,,,,,,,null,2025-06-30T16:38:40.809469116Z,,,,,,,,,,,,,01JZ0NW95J08R7DJ8W28GBPQ5Q,2025-06-30T15:04:21.995188108Z,,,"{""networkStruct"":""reciprocal"",""playerCount"":6}",2025-06-30T15:04:22.020862174Z,"Reciprocal, Redundancy",2025-06-30T15:04:22.020862174Z,{},2025-06-30T15:04:22.046640687Z,,
01JZ0FASBFGZWXGCNHK0X9PYM2,true,2025-06-30T13:16:22.641627832Z,true,2025-06-30T13:16:13.108438492Z,null,2025-06-30T13:19:09.14236057Z,null,2025-06-30T13:19:09.124325923Z,game ended,2025-06-30T13:21:33.60435237Z,1,2025-06-30T13:22:30.166389213Z,"{""age"":""33"",""gender"":""Female"",""strength"":""I think it was really interesting"",""fair"":""I don't really know if I am honest"",""feedback"":""I would like to find out if my guesses were correct or not for example"",""education"":""bachelor""}",2025-06-30T13:22:30.158335222Z,"[[219,279],[57,117]]",2025-06-30T13:16:22.641627832Z,01JZ0F67ZMW5MYVAMRDCKET4QV,2025-06-30T13:09:57.240338428Z,4,2025-06-30T13:10:41.955241559Z,true,2025-06-30T13:10:56.891508663Z,,,Player 2,2025-06-30T13:12:09.767493529Z,5,2025-06-30T13:19:09.130676593Z,false,2025-06-30T13:21:10.763886587Z,01JZ0FARYKNFGZAE93FCM2MXYK,2025-06-30T13:09:57.231658612Z,AVERAGE PEOPLE,2025-06-30T13:16:22.641627832Z,"{""networkStruct"":""reciprocal"",""playerCount"":6}",2025-06-30T13:09:57.240338428Z,"Reciprocal, Redundancy",2025-06-30T13:09:57.240338428Z,{},2025-06-30T13:09:57.491343695Z,TaskQueue,2025-06-30T13:19:09.1521843Z
01JZ0FHBKFFN0MM6M7GQW56AYM,true,2025-06-30T13:21:15.589195834Z,true,2025-06-30T13:21:07.404375143Z,,,null,2025-06-30T13:25:16.445888251Z,game ended,2025-06-30T13:26:26.721693357Z,1,2025-06-30T13:27:27.557031473Z,"{""age"":""48"",""gender"":""female"",""strength"":""I liked it, it was fun."",""fair"":""yes!"",""feedback"":""It works totally fine, I would not change anything about it."",""education"":""high-school""}",2025-06-30T13:27:27.5515042Z,"[[2,62],[93,153]]",2025-06-30T13:21:15.589195834Z,01JZ0F67Z49S75BR56TBMFCZ55,2025-06-30T13:14:00.173570774Z,4,2025-06-30T13:14:20.935424951Z,true,2025-06-30T13:15:00.933075972Z,,,Player 6,2025-06-30T13:17:02.726989193Z,4,2025-06-30T13:25:16.47831653Z,false,2025-06-30T13:23:15.390668132Z,01JZ0FHB5DSB3Y5MXEX85K1SCC,2025-06-30T13:13:32.528010553Z,,,"{""networkStruct"":""pooled"",""playerCount"":6}",2025-06-30T13:13:32.539357191Z,"Pooled, Redundancy",2025-06-30T13:13:32.539357191Z,{},2025-06-30T13:13:32.787214319Z,TaskQueue,2025-06-30T13:25:16.559439387Z
01JZ0HFAPSHETXH7P0VV2YXR0K,,,,,,,,,game ended,2025-06-30T13:58:21.199649278Z,,,,,,,01JZ0H1K6XDYNJQ07N0KM3P1VX,2025-06-30T13:47:23.241612075Z,4,2025-06-30T13:47:26.93980889Z,true,2025-06-30T13:47:27.727677315Z,true,2025-06-30T13:53:09.911223704Z,Player 5,2025-06-30T13:48:57.355221659Z,,,,,01JZ0HFAMY6T0417QAK7ZA37M6,2025-06-30T13:47:23.225779185Z,,,"{""networkStruct"":""pooled"",""playerCount"":6}",2025-06-30T13:47:23.241612075Z,"Pooled, Redundancy",2025-06-30T13:47:23.241612075Z,{},2025-06-30T13:47:23.26776247Z,,
01JZ0PGV68TYQ231YS5FREY4WQ,true,2025-06-30T15:25:48.896822644Z,true,2025-06-30T15:25:43.569340798Z,,,neighborhood_11,2025-06-30T15:29:44.344021515Z,game ended,2025-06-30T15:31:00.086517326Z,1,2025-06-30T15:34:35.533909189Z,"{""age"":""30"",""gender"":""Male"",""strength"":""I think the game was interesting. It wasn't hard but it wasn't easy. I was confused by the question calculating maximum income. I think that part should be more clear."",""fair"":""I'm not sure if my teammates were helpful as I don't know the scores but I'm sure everyone tried their best."",""feedback"":""I was out sick twice in a row, it felt like it was on purpose. I wanted to help my team more. Maybe give the team a little more time to interact as well."",""education"":""bachelor""}",2025-06-30T15:34:35.50086278Z,"[[160,220],[239,299]]",2025-06-30T15:25:48.896822644Z,01JZ0PDFFH0EDR9F9CYFN0TQY3,2025-06-30T15:15:35.777839269Z,4,2025-06-30T15:16:39.679982848Z,true,2025-06-30T15:17:25.14418481Z,,,Player 2,2025-06-30T15:21:33.476856964Z,1,2025-06-30T15:28:35.467596632Z,false,2025-06-30T15:30:59.519577027Z,01JZ0PGTXV87VN6XAF0Y7R79JR,2025-06-30T15:15:35.752816826Z,,,"{""networkStruct"":""pooled"",""playerCount"":6}",2025-06-30T15:15:35.777839269Z,"Pooled, Redundancy",2025-06-30T15:15:35.777839269Z,{},2025-06-30T15:15:35.953951642Z,TaskScreen,2025-06-30T15:29:44.364618108Z
01JZ0PK0DZKRC734RSACJ85GGV,true,2025-06-30T15:24:27.486993443Z,true,2025-06-30T15:24:21.29481451Z,,,neighborhood_8,2025-06-30T15:27:28.293523231Z,game ended,2025-06-30T15:29:38.662247876Z,1,2025-06-30T15:30:16.21213334Z,"{""age"":""34"",""gender"":""Female "",""strength"":""Interesting "",""fair"":""Yea"",""feedback"":""More clarity"",""education"":""bachelor""}",2025-06-30T15:30:16.191544315Z,"[[80,140],[233,293]]",2025-06-30T15:24:27.486993443Z,01JZ0PDFG0TZHQMJ413RSFKXP4,2025-06-30T15:16:46.680864539Z,4,2025-06-30T15:18:07.363598251Z,true,2025-06-30T15:18:46.143844315Z,,,Player 6,2025-06-30T15:20:14.342355022Z,1,2025-06-30T15:27:21.052994641Z,false,2025-06-30T15:29:31.901166208Z,01JZ0PK0105JKG0EATPVWCJ5AK,2025-06-30T15:16:46.655788769Z,,,"{""networkStruct"":""pooled"",""playerCount"":6}",2025-06-30T15:16:46.680864539Z,"Pooled, Redundancy",2025-06-30T15:16:46.680864539Z,{},2025-06-30T15:16:46.899663535Z,TaskScreen,2025-06-30T15:27:28.305222302Z
01JZ0PTR72SBGWDBHSN15GD8ZF,,,,,,,,,no more games,2025-06-30T16:40:21.09783098Z,1,2025-06-30T15:22:00.324701277Z,"{""age"":""25"",""gender"":""male"",""strength"":""it didnt even start"",""fair"":"""",""feedback"":"""",""education"":""high-school""}",2025-06-30T15:22:00.346897215Z,,,null,2025-06-30T16:40:21.09783098Z,2,2025-06-30T15:21:29.656234484Z,,,,,,,,,,,01JZ0PTQTRQKZ3KAZKHMDA9ZW0,2025-06-30T15:21:00.386806381Z,,,"{""networkStruct"":""pooled"",""playerCount"":6}",2025-06-30T15:21:00.412169526Z,"Pooled, Redundancy",2025-06-30T15:21:00.412169526Z,{},2025-06-30T15:21:00.60432526Z,,
01JZ0RA66F3FBNJZBRD9WM83NA,true,2025-06-30T15:54:12.206476225Z,true,2025-06-30T15:54:03.407734095Z,,,null,2025-06-30T15:58:58.614708629Z,game ended,2025-06-30T15:59:24.655872219Z,1,2025-06-30T16:00:03.600788634Z,"{""age"":""25"",""gender"":""Female"",""strength"":""It was great"",""fair"":""Yes"",""feedback"":""everything is perfect"",""education"":""other""}",2025-06-30T16:00:03.547075539Z,"[[105,165],[27,87]]",2025-06-30T15:54:12.206476225Z,01JZ0R450A0M8Q4QC968ZVRS9H,2025-06-30T15:48:52.465921532Z,4,2025-06-30T15:48:49.0914212Z,true,2025-06-30T15:49:15.117338021Z,,,Player 5,2025-06-30T15:49:54.554895012Z,2,2025-06-30T15:58:58.509032637Z,false,2025-06-30T15:57:10.42331883Z,01JZ0RA5N2DVTPT0XBJST78SNC,2025-06-30T15:46:54.799482548Z,,,"{""networkStruct"":""pooled"",""playerCount"":6}",2025-06-30T15:46:54.850906571Z,"Pooled, Redundancy",2025-06-30T15:46:54.850906571Z,{},2025-06-30T15:46:55.127531503Z,TaskQueue,2025-06-30T15:58:58.654819007Z
01JZ0FC56QHHEXNXG28RA69XDS,true,2025-06-30T13:18:05.719938795Z,true,2025-06-30T13:17:58.537531276Z,,,neighborhood_12,2025-06-30T13:21:44.930962862Z,game ended,2025-06-30T13:23:16.948337204Z,1,2025-06-30T13:23:50.712538308Z,"{""age"":""24"",""gender"":""Male"",""strength"":""It was very fun and interesting! The part with the flu annoyed me, but it was very funny"",""fair"":""Yes! Absolutely"",""feedback"":""More time!"",""education"":""high-school""}",2025-06-30T13:23:50.597849415Z,"[[236,296],[123,183]]",2025-06-30T13:18:05.719938795Z,01JZ0F67Z745P2890BJ7Q88E3R,2025-06-30T13:10:42.142864748Z,4,2025-06-30T13:12:17.525341625Z,true,2025-06-30T13:12:36.999790473Z,,,Player 5,2025-06-30T13:13:52.184367924Z,2,2025-06-30T13:21:42.490530704Z,false,2025-06-30T13:23:16.332183066Z,01JZ0FC4QNQM2XM9EN9ST8JENF,2025-06-30T13:10:42.135782867Z,,,"{""networkStruct"":""pooled"",""playerCount"":6}",2025-06-30T13:10:42.142864748Z,"Pooled, Redundancy",2025-06-30T13:10:42.142864748Z,{},2025-06-30T13:10:42.403035198Z,TaskScreen,2025-06-30T13:21:44.944053724Z
01JZ0FRASJYKEGEJZYSW2BXAXV,true,2025-06-30T13:48:55.552656034Z,true,2025-06-30T13:48:49.061204497Z,1,2025-06-30T13:52:26.623074992Z,neighborhood_11,2025-06-30T13:52:26.608110497Z,game ended,2025-06-30T13:54:06.415229142Z,1,2025-06-30T13:55:42.428959306Z,"{""age"":""59"",""gender"":""female"",""strength"":""I thought it was confusing. I wasn't sure what the basis was for doing the calculations"",""fair"":""They didn't communicate after the initial introduction"",""feedback"":""Make the methods for calculating the figures clearer"",""education"":""master""}",2025-06-30T13:55:42.341162904Z,"[[107,167],[218,278]]",2025-06-30T13:48:55.552656034Z,01JZ0H1K7A7HBJ5WZC7T99GVBX,2025-06-30T13:39:55.741030817Z,4,2025-06-30T13:41:22.045554336Z,true,2025-06-30T13:41:46.927393237Z,,,Player 1,2025-06-30T13:44:43.188143395Z,2,2025-06-30T13:52:23.622263517Z,false,2025-06-30T13:53:44.790439142Z,01JZ0FRAEE8JBX5X27QYBGW17G,2025-06-30T13:17:21.075031251Z,AVERAGE PEOPLE,2025-06-30T13:48:55.552656034Z,"{""networkStruct"":""reciprocal"",""playerCount"":6}",2025-06-30T13:17:21.090096383Z,"Reciprocal, Redundancy",2025-06-30T13:17:21.090096383Z,{},2025-06-30T13:17:21.268129009Z,TaskScreen,2025-06-30T13:52:26.615984763Z
01JZ0NGFD8Q625CBVC4SGN58J1,true,2025-06-30T15:03:58.066881922Z,true,2025-06-30T15:03:51.453314842Z,,,null,2025-06-30T15:07:33.407714029Z,game ended,2025-06-30T15:09:09.500118963Z,1,2025-06-30T15:09:50.600361785Z,"{""age"":""55"",""gender"":""female"",""strength"":""exciting"",""fair"":""yes"",""feedback"":""don't know"",""education"":""high-school""}",2025-06-30T15:09:50.587252661Z,"[[111,171],[207,267]]",2025-06-30T15:03:58.066881922Z,01JZ0N9PQHD06TCBXAQZTT3H76,2025-06-30T14:57:55.13257953Z,4,2025-06-30T14:58:53.768674947Z,true,2025-06-30T14:59:19.104384263Z,,,Player 5,2025-06-30T14:59:44.416265815Z,1,2025-06-30T15:07:33.429452996Z,false,2025-06-30T15:08:36.70113225Z,01JZ0NGF0Y2T767YPTGTPEB6EX,2025-06-30T14:57:55.112828851Z,,,"{""networkStruct"":""pooled"",""playerCount"":6}",2025-06-30T14:57:55.13257953Z,"Pooled, Redundancy",2025-06-30T14:57:55.13257953Z,{},2025-06-30T14:57:55.329648001Z,TaskQueue,2025-06-30T15:07:33.438706264Z
01JZ0FB8B329KN6H9RPGAVWG69,,,,,,,,,game ended,2025-06-30T13:25:13.833363244Z,,,,,,,01JZ0F67ZNGQ7M2D3G3M0R8ZTD,2025-06-30T13:10:12.586690095Z,4,2025-06-30T13:12:18.603935526Z,true,2025-06-30T13:12:44.556064337Z,true,2025-06-30T13:20:02.125409168Z,Player 1,2025-06-30T13:15:49.272802124Z,,,,,01JZ0FB80K2K08MBQDTBH5P92C,2025-06-30T13:10:12.579104084Z,,,"{""networkStruct"":""reciprocal"",""playerCount"":6}",2025-06-30T13:10:12.586690095Z,"Reciprocal, Redundancy",2025-06-30T13:10:12.586690095Z,{},2025-06-30T13:10:12.776871884Z,,
01JZ0FD9MGR1NQWZH14DZSCF74,true,2025-06-30T13:17:51.434421593Z,true,2025-06-30T13:17:43.886514946Z,null,2025-06-30T13:20:20.762364897Z,null,2025-06-30T13:20:20.751884425Z,game ended,2025-06-30T13:23:02.633420217Z,1,2025-06-30T13:26:40.976232914Z,"{""age"":""37"",""gender"":""Male"",""strength"":""It was short, pretty fun and interesting. "",""fair"":""I didn't get to interact with my teammates all that much except in the very beginning when we all greeted each other, so I can't say if they were helpful during the actual game or not."",""feedback"":""The game would have been better if there had been more rounds of the game, so that players could get a chance to improve and strategize more."",""education"":""master""}",2025-06-30T13:26:40.864173116Z,"[[234,294],[14,74]]",2025-06-30T13:17:51.434421593Z,01JZ0F67ZJJG6P50PFSVWKXYA5,2025-06-30T13:12:50.636648614Z,4,2025-06-30T13:13:02.796423807Z,true,2025-06-30T13:13:39.362528133Z,,,Player 6,2025-06-30T13:13:39.800797117Z,5,2025-06-30T13:20:20.737596191Z,false,2025-06-30T13:22:57.354024483Z,01JZ0FD9671HWW5GKVP431X495,2025-06-30T13:11:19.440681122Z,CHILDREN'S COMMUTE DISTANCE,2025-06-30T13:17:51.434421593Z,"{""networkStruct"":""reciprocal"",""playerCount"":6}",2025-06-30T13:11:19.450305083Z,"Reciprocal, Redundancy",2025-06-30T13:11:19.450305083Z,{},2025-06-30T13:11:19.686449899Z,TaskQueue,2025-06-30T13:20:20.773132961Z
01JZ0Q1XK4W03P06KT3W3H02FD,true,2025-06-30T15:35:30.551359784Z,true,2025-06-30T15:35:28.24161335Z,null,2025-06-30T15:38:38.330762094Z,null,2025-06-30T15:38:38.340697866Z,game ended,2025-06-30T15:40:41.873981429Z,1,2025-06-30T15:41:07.518340167Z,"{""age"":""22"",""gender"":""Male"",""strength"":""It was easy"",""fair"":""I bet they were but i could complete every task solo"",""feedback"":""I do not know"",""education"":""high-school""}",2025-06-30T15:41:07.502631874Z,"[[188,248],[109,169]]",2025-06-30T15:35:30.551359784Z,01JZ0Q0CX32Y5M8NZMVY0C598C,2025-06-30T15:24:55.303629228Z,4,2025-06-30T15:26:57.074408288Z,true,2025-06-30T15:27:12.608751548Z,,,Player 1,2025-06-30T15:31:17.160544574Z,14,2025-06-30T15:38:38.31907396Z,false,2025-06-30T15:39:49.94232331Z,01JZ0Q1X1KHT05T5MD0MECMGEV,2025-06-30T15:24:55.268723572Z,AVERAGE PEOPLE,2025-06-30T15:35:30.551359784Z,"{""networkStruct"":""reciprocal"",""playerCount"":6}",2025-06-30T15:24:55.303629228Z,"Reciprocal, Redundancy",2025-06-30T15:24:55.303629228Z,{},2025-06-30T15:24:55.665570063Z,TaskQueue,2025-06-30T15:38:38.350155618Z
01JZ0QQ4VTTFW8XMF5F6HA4ZHJ,,,,,,,,,no more games,2025-06-30T16:40:21.09783098Z,,,,,,,null,2025-06-30T16:40:21.09783098Z,4,2025-06-30T15:37:31.834002924Z,,,,,,,,,,,01JZ0QQ4T54PR7V1KGYQNW064Q,2025-06-30T15:36:30.842709977Z,,,"{""networkStruct"":""pooled"",""playerCount"":6}",2025-06-30T15:36:30.866164112Z,"Pooled, Redundancy",2025-06-30T15:36:30.866164112Z,{},2025-06-30T15:36:30.917164635Z,,
01JZ0STMYP8TJX1DM87QADCSSE,,,,,,,,,game ended,2025-06-30T16:27:26.613748644Z,,,,,,,01JZ0S9G8MSQJNW9QDDX82T8EZ,2025-06-30T16:13:22.827346218Z,4,2025-06-30T16:13:25.728411648Z,true,2025-06-30T16:13:26.160136831Z,true,2025-06-30T16:22:14.621005583Z,Player 5,2025-06-30T16:17:55.534285086Z,,,,,01JZ0STMWVDBJEB0GCMVK4DJN7,2025-06-30T16:13:22.774068359Z,,,"{""networkStruct"":""pooled"",""playerCount"":6}",2025-06-30T16:13:22.827346218Z,"Pooled, Redundancy",2025-06-30T16:13:22.827346218Z,{},2025-06-30T16:13:22.861005939Z,,
01JZ0FBK3D0FB3G5QDK7X1X7G7,true,2025-06-30T13:16:09.828627526Z,true,2025-06-30T13:16:02.382445101Z,,,null,2025-06-30T13:20:50.49487363Z,game ended,2025-06-30T13:21:20.652627982Z,1,2025-06-30T13:23:07.52378519Z,"{""age"":"""",""gender"":"""",""strength"":"""",""fair"":"""",""feedback"":"""",""education"":""""}",2025-06-30T13:23:07.516824059Z,"[[77,137],[16,76]]",2025-06-30T13:16:09.828627526Z,01JZ0F6805RKXP4JKMN5N89R8W,2025-06-30T13:10:23.606976964Z,4,2025-06-30T13:10:50.74926371Z,true,2025-06-30T13:11:06.311318588Z,,,Player 6,2025-06-30T13:11:58.271155643Z,3,2025-06-30T13:20:50.468374913Z,false,2025-06-30T13:18:36.735931771Z,01JZ0FBJRH4RVF7NW26NQPNKEG,2025-06-30T13:10:23.597642833Z,,,"{""networkStruct"":""pooled"",""playerCount"":6}",2025-06-30T13:10:23.606976964Z,"Pooled, Redundancy",2025-06-30T13:10:23.606976964Z,{},2025-06-30T13:10:23.779839258Z,TaskQueue,2025-06-30T13:20:50.488759907Z
01JZ0P5ZSM5CMQF79K70JJJ295,,,,,,,,,no more games,2025-06-30T16:38:40.809469116Z,,,,,,,null,2025-06-30T16:38:40.809469116Z,4,2025-06-30T15:11:59.405924846Z,,,,,,,,,,,01JZ0P5ZPVJN683F9R4548G10T,2025-06-30T15:09:40.020102337Z,,,"{""networkStruct"":""reciprocal"",""playerCount"":6}",2025-06-30T15:09:40.047581991Z,"Reciprocal, Redundancy",2025-06-30T15:09:40.047581991Z,{},2025-06-30T15:09:40.077086953Z,,
01JZ0PMBRB2ZJXD3FT9KV7JP4H,true,2025-06-30T15:25:48.896822644Z,true,2025-06-30T15:25:47.225933106Z,,,null,2025-06-30T15:30:57.627819089Z,game ended,2025-06-30T15:31:00.086517326Z,1,2025-06-30T15:32:32.874067394Z,"{""age"":""24"",""gender"":""Male"",""strength"":""It was a good and interesting game"",""fair"":""They were helpful a lot"",""feedback"":"""",""education"":""bachelor""}",2025-06-30T15:32:32.862846308Z,"[[75,135],[162,222]]",2025-06-30T15:25:48.896822644Z,01JZ0PDFFH0EDR9F9CYFN0TQY3,2025-06-30T15:20:14.19848934Z,4,2025-06-30T15:19:36.429363224Z,true,2025-06-30T15:20:48.010662784Z,,,Player 3,2025-06-30T15:21:33.476856964Z,2,2025-06-30T15:30:57.6073797Z,false,2025-06-30T15:29:41.022819047Z,01JZ0PM9Y6A4Y985MCSC3S79VY,2025-06-30T15:17:31.019919509Z,,,"{""networkStruct"":""pooled"",""playerCount"":6}",2025-06-30T15:17:31.041302216Z,"Pooled, Redundancy",2025-06-30T15:17:31.041302216Z,{},2025-06-30T15:17:31.376816727Z,TaskQueue,2025-06-30T15:30:57.64666662Z
01JZ0Q9ZQS3APDJ2WKHFD4NSSH,,,,,,,,,no more games,2025-06-30T16:38:40.809469116Z,,,,,,,null,2025-06-30T16:38:40.809469116Z,3,2025-06-30T15:31:13.094870336Z,,,,,,,,,,,01JZ0Q9ZB90MVDP297GR7CPPGY,2025-06-30T15:29:19.609492839Z,,,"{""networkStruct"":""reciprocal"",""playerCount"":6}",2025-06-30T15:29:19.63183493Z,"Reciprocal, Redundancy",2025-06-30T15:29:19.63183493Z,{},2025-06-30T15:29:19.829202621Z,,
01JZ0QCNYV9V3EZ8ZFVXMXQ302,,,,,,,,,no more games,2025-06-30T16:38:40.809469116Z,,,,,,,null,2025-06-30T16:38:40.809469116Z,1,2025-06-30T15:30:57.065036771Z,,,,,,,,,,,01JZ0QCNS5V3DF06PJ74HNT4KJ,2025-06-30T15:30:47.899465203Z,,,"{""networkStruct"":""reciprocal"",""playerCount"":6}",2025-06-30T15:30:47.921432452Z,"Reciprocal, Redundancy",2025-06-30T15:30:47.921432452Z,{},2025-06-30T15:30:48.037802905Z,,
01JZ0M1F3F18ZRH41SFFXNC5Z8,true,2025-06-30T14:41:12.869161495Z,true,2025-06-30T14:41:04.472637772Z,null,2025-06-30T14:46:23.190058184Z,null,2025-06-30T14:46:23.135212722Z,game ended,2025-06-30T14:46:23.991400533Z,1,2025-06-30T14:46:51.326226834Z,"{""age"":""40"",""gender"":""male"",""strength"":""simple and fun"",""fair"":""i'm not sure"",""feedback"":""game is fine as is"",""education"":""high-school""}",2025-06-30T14:46:51.315480319Z,"[[199,259],[132,192]]",2025-06-30T14:41:12.869161495Z,01JZ0KZHHH6W8J7M02JDFMAQF5,2025-06-30T14:32:14.719929245Z,4,2025-06-30T14:33:05.163801339Z,true,2025-06-30T14:33:28.989446441Z,,,Player 2,2025-06-30T14:36:59.540401191Z,15,2025-06-30T14:46:23.098965932Z,false,2025-06-30T14:45:42.742419026Z,01JZ0M1EYM8VR557R528HJC7RW,2025-06-30T14:32:14.703196448Z,MAXIMUM INCOME,2025-06-30T14:41:12.869161495Z,"{""networkStruct"":""reciprocal"",""playerCount"":6}",2025-06-30T14:32:14.719929245Z,"Reciprocal, Redundancy",2025-06-30T14:32:14.719929245Z,{},2025-06-30T14:32:14.795933708Z,TaskQueue,2025-06-30T14:46:23.204332476Z
01JZ0MBPMHXSNS8VWJZGQGAPWR,,,,,,,,,no more games,2025-06-30T16:38:40.809469116Z,,,,,,,null,2025-06-30T16:38:40.809469116Z,2,2025-06-30T14:38:03.568192544Z,,,,,,,,,,,01JZ0MBP78EXHCV0Z40YKY7X98,2025-06-30T14:37:50.097172028Z,,,"{""networkStruct"":""reciprocal"",""playerCount"":6}",2025-06-30T14:37:50.118784193Z,"Reciprocal, Redundancy",2025-06-30T14:37:50.118784193Z,{},2025-06-30T14:37:50.333428253Z,,
01JZ0PAM4Q2ADSVNFRZ26418PG,,,,,,,,,no more games,2025-06-30T16:38:40.809469116Z,1,2025-06-30T15:12:46.075642885Z,"{""age"":""58"",""gender"":""female"",""strength"":"""",""fair"":"""",""feedback"":"""",""education"":""high-school""}",2025-06-30T15:12:46.127983222Z,,,null,2025-06-30T16:38:40.809469116Z,2,2025-06-30T15:12:26.456306977Z,,,,,,,,,,,01JZ0PAKJ7H7X5AHHASEYPPGCQ,2025-06-30T15:12:11.927965359Z,,,"{""networkStruct"":""reciprocal"",""playerCount"":6}",2025-06-30T15:12:11.963808468Z,"Reciprocal, Redundancy",2025-06-30T15:12:11.963808468Z,{},2025-06-30T15:12:12.434442086Z,,
01JZ0R9QCHAWV30C13DYNCKKAJ,true,2025-06-30T15:54:12.206476225Z,true,2025-06-30T15:54:08.349683519Z,,,null,2025-06-30T15:58:58.839919261Z,game ended,2025-06-30T15:59:24.655872219Z,1,2025-06-30T16:00:11.801157954Z,"{""age"":""27"",""gender"":""Male"",""strength"":""I thought it was pretty fun working with multiple players."",""fair"":""I think they helped complete the task fully."",""feedback"":""I would like the game to be a bit longer, felt short."",""education"":""bachelor""}",2025-06-30T16:00:11.839607601Z,"[[36,96],[189,249]]",2025-06-30T15:54:12.206476225Z,01JZ0R450A0M8Q4QC968ZVRS9H,2025-06-30T15:46:39.685618995Z,4,2025-06-30T15:47:03.312457217Z,true,2025-06-30T15:47:17.009550019Z,,,Player 4,2025-06-30T15:49:54.554895012Z,3,2025-06-30T15:58:58.89693747Z,false,2025-06-30T15:58:33.723158005Z,01JZ0R9PWNF6PM8ZXDPWA89J47,2025-06-30T15:46:39.633572325Z,,,"{""networkStruct"":""pooled"",""playerCount"":6}",2025-06-30T15:46:39.685618995Z,"Pooled, Redundancy",2025-06-30T15:46:39.685618995Z,{},2025-06-30T15:46:39.938071823Z,TaskQueue,2025-06-30T15:58:58.815199849Z
01JZ0RBHM6DJSV98KF0MQ35S2E,,,,,,,,,game ended,2025-06-30T15:59:30.678959753Z,,,,,,,01JZ0R450M24K8ZS9F18EDTFG6,2025-06-30T15:47:39.313763989Z,4,2025-06-30T15:47:57.177393376Z,true,2025-06-30T15:47:58.166110482Z,true,2025-06-30T15:54:18.770552214Z,Player 5,2025-06-30T15:50:00.275686001Z,,,,,01JZ0RBHJGGP4VKD523CPX2QD6,2025-06-30T15:47:39.270837033Z,,,"{""networkStruct"":""pooled"",""playerCount"":6}",2025-06-30T15:47:39.313763989Z,"Pooled, Redundancy",2025-06-30T15:47:39.313763989Z,{},2025-06-30T15:47:39.339937287Z,,
01JZ0FBBZEB4A1064AHQHB0AGD,true,2025-06-30T13:16:27.497617472Z,true,2025-06-30T13:16:20.606928036Z,null,2025-06-30T13:19:19.846489922Z,null,2025-06-30T13:19:19.876219378Z,game ended,2025-06-30T13:21:38.103036325Z,1,2025-06-30T13:22:01.436945509Z,"{""age"":""49"",""gender"":""Male"",""strength"":""Enjoyed it"",""fair"":""Yes"",""feedback"":""Not sure"",""education"":""bachelor""}",2025-06-30T13:22:01.447881823Z,"[[181,241],[95,155]]",2025-06-30T13:16:27.497617472Z,01JZ0F67ZEPC67VW242P0YYZAA,2025-06-30T13:10:16.326958094Z,4,2025-06-30T13:10:34.624308829Z,true,2025-06-30T13:10:43.266856187Z,,,Player 6,2025-06-30T13:12:16.293060103Z,6,2025-06-30T13:19:19.866711793Z,false,2025-06-30T13:20:38.709220872Z,01JZ0FBBJA19AMZ49F17747DNF,2025-06-30T13:10:16.302193189Z,AVERAGE PEOPLE,2025-06-30T13:16:27.497617472Z,"{""networkStruct"":""reciprocal"",""playerCount"":6}",2025-06-30T13:10:16.326958094Z,"Reciprocal, Redundancy",2025-06-30T13:10:16.326958094Z,{},2025-06-30T13:10:16.520170821Z,TaskQueue,2025-06-30T13:19:19.885845364Z
01JZ0FCDGSPH1H2BZZPN1QS63M,true,2025-06-30T13:17:50.615126964Z,true,2025-06-30T13:17:45.066192075Z,,,neighborhood_13,2025-06-30T13:21:25.603594744Z,game ended,2025-06-30T13:23:01.625536751Z,1,2025-06-30T13:23:46.553373463Z,"{""age"":""30"",""gender"":""Male"",""strength"":""Interesting "",""fair"":"""",""feedback"":"""",""education"":""bachelor""}",2025-06-30T13:23:46.559672719Z,"[[238,298],[35,95]]",2025-06-30T13:17:50.615126964Z,01JZ0F67Z61XNM528ZD36RPYGY,2025-06-30T13:10:50.65888921Z,4,2025-06-30T13:12:37.048124251Z,true,2025-06-30T13:13:29.907217602Z,,,Player 5,2025-06-30T13:13:39.010172877Z,1,2025-06-30T13:21:16.335583513Z,false,2025-06-30T13:23:00.70191463Z,01JZ0FCD6TQZN57RAQDKYAC0WE,2025-06-30T13:10:50.649914764Z,,,"{""networkStruct"":""pooled"",""playerCount"":6}",2025-06-30T13:10:50.65888921Z,"Pooled, Redundancy",2025-06-30T13:10:50.65888921Z,{},2025-06-30T13:10:50.838419638Z,TaskScreen,2025-06-30T13:21:25.61523049Z
01JZ0RB16VGWCDK15CQNMWVQQ3,,,,,,,,,no more games,2025-06-30T16:40:21.09783098Z,1,2025-06-30T15:51:29.79263053Z,"{""age"":""72"",""gender"":""Female"",""strength"":""Interesting and familiar with census data"",""fair"":""No I couldn't tell I had any"",""feedback"":""I feel like I missed a part"",""education"":""master""}",2025-06-30T15:51:29.726258946Z,,,null,2025-06-30T16:40:21.09783098Z,4,2025-06-30T15:49:37.70820196Z,,,,,,,,,,,01JZ0RB0XY7JGP3SX3R1S15TBG,2025-06-30T15:47:22.459120023Z,,,"{""networkStruct"":""pooled"",""playerCount"":6}",2025-06-30T15:47:22.505837605Z,"Pooled, Redundancy",2025-06-30T15:47:22.505837605Z,{},2025-06-30T15:47:22.677022283Z,,
01JZ0FB6FJQ1D9FWD3X4BZ10WY,true,2025-06-30T13:17:05.188749932Z,true,2025-06-30T13:16:57.216376611Z,null,2025-06-30T13:19:25.429078823Z,null,2025-06-30T13:19:25.411562855Z,game ended,2025-06-30T13:22:15.982906177Z,1,2025-06-30T13:22:40.924873128Z,"{""age"":""55"",""gender"":""female"",""strength"":""too easy"",""fair"":""yes"",""feedback"":""make it quicker"",""education"":""high-school""}",2025-06-30T13:22:40.917458111Z,"[[203,263],[47,107]]",2025-06-30T13:17:05.188749932Z,01JZ0F67ZFPZEHV6BKFXQYDXZZ,2025-06-30T13:10:10.68315689Z,4,2025-06-30T13:10:49.724740988Z,true,2025-06-30T13:11:05.244858088Z,,,Player 2,2025-06-30T13:12:50.746798512Z,6,2025-06-30T13:19:25.393871952Z,false,2025-06-30T13:21:39.085860476Z,01JZ0FB63Q3EAKGR02M8D1YV8W,2025-06-30T13:10:10.6748442Z,AVERAGE PEOPLE,2025-06-30T13:17:05.188749932Z,"{""networkStruct"":""reciprocal"",""playerCount"":6}",2025-06-30T13:10:10.68315689Z,"Reciprocal, Redundancy",2025-06-30T13:10:10.68315689Z,{},2025-06-30T13:10:10.873172042Z,TaskQueue,2025-06-30T13:19:25.439704222Z
01JZ0JQS81T66D82KVDDFPP0F3,true,2025-06-30T14:18:20.820616097Z,true,2025-06-30T14:18:14.202332873Z,,,neighborhood_2,2025-06-30T14:21:58.449788242Z,game ended,2025-06-30T14:23:31.86661332Z,1,2025-06-30T14:24:19.480239615Z,"{""age"":""58"",""gender"":""male"",""strength"":""it was making me sick!"",""fair"":""absolutely!"",""feedback"":""better healthcare!"",""education"":""high-school""}",2025-06-30T14:24:19.472057589Z,"[[19,79],[216,276]]",2025-06-30T14:18:20.820616097Z,01JZ0JJRM7K0MBX3MKCVTKC5NR,2025-06-30T14:09:28.859907918Z,4,2025-06-30T14:10:37.946129193Z,true,2025-06-30T14:11:10.752216878Z,,,Player 4,2025-06-30T14:14:07.441915425Z,2,2025-06-30T14:21:55.523150458Z,false,2025-06-30T14:23:08.05023876Z,01JZ0JQRWW08KZ68WBYY7CRF65,2025-06-30T14:09:28.833862427Z,,,"{""networkStruct"":""pooled"",""playerCount"":6}",2025-06-30T14:09:28.859907918Z,"Pooled, Redundancy",2025-06-30T14:09:28.859907918Z,{},2025-06-30T14:09:29.068601233Z,TaskScreen,2025-06-30T14:21:58.457489082Z
01JZ0FHSMZ1RKYF919HZF316MP,true,2025-06-30T13:20:33.951052698Z,true,2025-06-30T13:20:26.292698079Z,2,2025-06-30T13:25:41.024504244Z,neighborhood_13,2025-06-30T13:25:41.034114523Z,game ended,2025-06-30T13:25:44.872472533Z,1,2025-06-30T13:27:13.096856968Z,"{""age"":""42"",""gender"":""Male"",""strength"":""Was not really a game, was more a maths challenge"",""fair"":""No, did I miss something? How would they help me? I don't think many tasks were completed in green, so presume they did not get many right though. So, no. "",""feedback"":""Be clearer on how I am working in a team"",""education"":""bachelor""}",2025-06-30T13:27:13.103919744Z,"[[225,285],[8,68]]",2025-06-30T13:20:33.951052698Z,01JZ0F67ZNGQ7M2D3G364WEKWP,2025-06-30T13:13:46.928609535Z,4,2025-06-30T13:15:03.839256151Z,true,2025-06-30T13:15:37.026985463Z,,,Player 4,2025-06-30T13:16:21.203127352Z,4,2025-06-30T13:25:35.878337799Z,false,2025-06-30T13:25:26.371817274Z,01JZ0FHS8TRG0BGF33CHBRTWHF,2025-06-30T13:13:46.911246426Z,MAXIMUM INCOME,2025-06-30T13:20:33.951052698Z,"{""networkStruct"":""reciprocal"",""playerCount"":6}",2025-06-30T13:13:46.928609535Z,"Reciprocal, Redundancy",2025-06-30T13:13:46.928609535Z,{},2025-06-30T13:13:47.13226881Z,TaskScreen,2025-06-30T13:25:41.015092226Z
01JZ0H4A3NXPTV7JEQMX36WWX4,true,2025-06-30T13:48:46.522324349Z,true,2025-06-30T13:48:41.456781892Z,2,2025-06-30T13:53:51.949946541Z,neighborhood_13,2025-06-30T13:53:51.963338359Z,game ended,2025-06-30T13:53:58.052889715Z,1,2025-06-30T13:55:21.382478699Z,"{""age"":""33"",""gender"":""Female"",""strength"":""It was good, a lot of pressure to perform the tasks and contribute to the team's outcome"",""fair"":""I believe they were, we calculated almost everything!"",""feedback"":""Maybe a coutdown to when we are sick so we know when the timer is almost up"",""education"":""master""}",2025-06-30T13:55:21.388741721Z,"[[207,267],[63,123]]",2025-06-30T13:48:46.522324349Z,01JZ0H1K7C3FKHJS5GP9RE7N8D,2025-06-30T13:41:22.180518095Z,4,2025-06-30T13:43:46.249857161Z,true,2025-06-30T13:44:27.561241457Z,,,Player 3,2025-06-30T13:44:33.863206911Z,5,2025-06-30T13:53:49.922556607Z,false,2025-06-30T13:53:23.920362563Z,01JZ0H49NEKVGFCCAFB7JSDT87,2025-06-30T13:41:22.16580321Z,MAXIMUM INCOME,2025-06-30T13:48:46.522324349Z,"{""networkStruct"":""reciprocal"",""playerCount"":6}",2025-06-30T13:41:22.180518095Z,"Reciprocal, Redundancy",2025-06-30T13:41:22.180518095Z,{},2025-06-30T13:41:22.418401816Z,TaskScreen,2025-06-30T13:53:51.956806113Z
01JZ0R799T4Z4SYB4E31GHDTVD,,,,,,,,,no more games,2025-06-30T16:40:21.09783098Z,,,,,,,null,2025-06-30T16:40:21.09783098Z,4,2025-06-30T15:46:46.817368705Z,,,,,,,,,,,01JZ0R78XHZBRNP4J8PRJ3MSGG,2025-06-30T15:45:19.674842436Z,,,"{""networkStruct"":""pooled"",""playerCount"":6}",2025-06-30T15:45:19.722746759Z,"Pooled, Redundancy",2025-06-30T15:45:19.722746759Z,{},2025-06-30T15:45:19.966269179Z,,
01JZ0H3MSCHF8EHSQ33HEQDG2Z,true,2025-06-30T13:47:55.657206595Z,true,2025-06-30T13:47:51.670764979Z,,,neighborhood_13,2025-06-30T13:51:40.9393126Z,game ended,2025-06-30T13:53:06.79952947Z,1,2025-06-30T13:53:35.922127411Z,"{""age"":""39"",""gender"":""male"",""strength"":""It was fun"",""fair"":""It looked like they were "",""feedback"":""Less scik time for me  :)"",""education"":""master""}",2025-06-30T13:53:35.909943669Z,"[[98,158],[235,295]]",2025-06-30T13:47:55.657206595Z,01JZ0H1K6THHEJQ855QF7WP6P1,2025-06-30T13:41:00.345916965Z,4,2025-06-30T13:43:06.061114756Z,true,2025-06-30T13:43:40.422323018Z,,,Player 4,2025-06-30T13:43:43.569417045Z,3,2025-06-30T13:51:38.888487886Z,false,2025-06-30T13:53:02.066914679Z,01JZ0H3MC57FQ73HFFCRKT646V,2025-06-30T13:41:00.332966696Z,,,"{""networkStruct"":""pooled"",""playerCount"":6}",2025-06-30T13:41:00.345916965Z,"Pooled, Redundancy",2025-06-30T13:41:00.345916965Z,{},2025-06-30T13:41:00.561658699Z,TaskScreen,2025-06-30T13:51:40.945491281Z
01JZ0NG12FZE181X2TCG6QQA6Y,true,2025-06-30T15:05:48.218702598Z,true,2025-06-30T15:05:39.949535472Z,,,neighborhood_8,2025-06-30T15:10:33.978820771Z,game ended,2025-06-30T15:10:59.129102617Z,1,2025-06-30T15:11:48.835894913Z,"{""age"":""23"",""gender"":""Male"",""strength"":""It was fun!"",""fair"":""They were a bit slow with their math."",""feedback"":""Decrease the sickness time. Being out for a whole two minutes with teammates who werent incredibly fast made it impossible to complete the project."",""education"":""bachelor""}",2025-06-30T15:11:48.822843469Z,"[[189,249],[6,66]]",2025-06-30T15:05:48.218702598Z,01JZ0N9PPX2EBNCBEJCH5EHX43,2025-06-30T14:57:40.458050246Z,4,2025-06-30T14:58:22.260644953Z,true,2025-06-30T14:58:33.914423416Z,,,Player 3,2025-06-30T15:01:35.180269655Z,4,2025-06-30T15:10:32.840822598Z,false,2025-06-30T15:10:08.192808772Z,01JZ0NG0SAGF1QJR9T491KG72B,2025-06-30T14:57:40.431078079Z,,,"{""networkStruct"":""pooled"",""playerCount"":6}",2025-06-30T14:57:40.458050246Z,"Pooled, Redundancy",2025-06-30T14:57:40.458050246Z,{},2025-06-30T14:57:40.595072422Z,TaskScreen,2025-06-30T15:10:33.98824293Z
01JZ0V027NCPFS0Z28MM3HFKTJ,true,2025-06-30T16:43:39.600490531Z,true,2025-06-30T16:43:31.900746492Z,,,null,2025-06-30T16:48:53.0017372Z,game ended,2025-06-30T16:48:53.149401272Z,,,,,"[[82,142],[178,238]]",2025-06-30T16:43:39.600490531Z,01JZ0TXM9G1YQW4PKWAZEHBP4X,2025-06-30T16:33:48.897974896Z,4,2025-06-30T16:36:09.27990818Z,true,2025-06-30T16:36:44.688850009Z,,,Player 1,2025-06-30T16:39:17.591230728Z,3,2025-06-30T16:48:52.809371492Z,false,2025-06-30T16:47:46.953357186Z,01JZ0V00FKF9PXVZXW4J7YZH6B,2025-06-30T16:33:48.78965282Z,,,"{""networkStruct"":""pooled"",""playerCount"":6}",2025-06-30T16:33:48.897974896Z,"Pooled, Redundancy",2025-06-30T16:33:48.897974896Z,{},2025-06-30T16:33:49.498231106Z,TaskQueue,2025-06-30T16:48:53.109953624Z
01JZ0Q3X4Y9GSG0Q4TV0TG6S7T,true,2025-06-30T15:32:29.96569497Z,true,2025-06-30T15:32:23.388777496Z,null,2025-06-30T15:35:40.391972528Z,null,2025-06-30T15:35:40.359414822Z,game ended,2025-06-30T15:37:41.654996579Z,1,2025-06-30T15:38:40.850165806Z,"{""age"":""36"",""gender"":""female"",""strength"":""Slightly obscure but interesting"",""fair"":""Yes"",""feedback"":""A better first look at the actual in game display"",""education"":""master""}",2025-06-30T15:38:40.833850858Z,"[[30,90],[227,287]]",2025-06-30T15:32:29.96569497Z,01JZ0Q0CWNKJYDS4SW61Q7VTQN,2025-06-30T15:26:00.381931452Z,4,2025-06-30T15:27:06.742751221Z,true,2025-06-30T15:27:49.083727997Z,,,Player 4,2025-06-30T15:28:15.289405726Z,2,2025-06-30T15:35:40.348195712Z,false,2025-06-30T15:37:26.162184927Z,01JZ0Q3WG19K10RBKXC4X7GHP6,2025-06-30T15:26:00.350578244Z,AVERAGE PEOPLE,2025-06-30T15:32:29.96569497Z,"{""networkStruct"":""reciprocal"",""playerCount"":6}",2025-06-30T15:26:00.381931452Z,"Reciprocal, Redundancy",2025-06-30T15:26:00.381931452Z,{},2025-06-30T15:26:00.715606978Z,TaskQueue,2025-06-30T15:35:40.370440834Z
01JZ0SC41S61MXHPEBG7HG3ZPP,,,,,,,,,no more games,2025-06-30T16:40:21.09783098Z,,,,,,,null,2025-06-30T16:40:21.09783098Z,,,,,,,,,,,,,01JZ0SC3ZVE8AT9CV0EGKYQ2VF,2025-06-30T16:05:26.713148081Z,,,"{""networkStruct"":""pooled"",""playerCount"":6}",2025-06-30T16:05:26.752629957Z,"Pooled, Redundancy",2025-06-30T16:05:26.752629957Z,{},2025-06-30T16:05:26.778390885Z,,
01JZ0FCATDZZRW2H907E68E72B,true,2025-06-30T13:17:05.188749932Z,true,2025-06-30T13:16:58.569695099Z,null,2025-06-30T13:22:05.754332778Z,null,2025-06-30T13:22:05.780094599Z,game ended,2025-06-30T13:22:15.982906177Z,1,2025-06-30T13:24:59.145455348Z,"{""age"":""28"",""gender"":""Male"",""strength"":""I really enjoyed the game"",""fair"":""Definitely "",""feedback"":""By keeping the chat between teammates open during the game"",""education"":""master""}",2025-06-30T13:24:59.138995154Z,"[[58,118],[224,284]]",2025-06-30T13:17:05.188749932Z,01JZ0F67ZFPZEHV6BKFXQYDXZZ,2025-06-30T13:12:16.249586007Z,4,2025-06-30T13:11:59.512850923Z,true,2025-06-30T13:12:50.578691258Z,,,Player 6,2025-06-30T13:12:50.746798512Z,11,2025-06-30T13:22:05.771324078Z,false,2025-06-30T13:21:59.998814274Z,01JZ0FC9WQKYCSNFCR70S8KGF6,2025-06-30T13:10:47.885293155Z,CHILDREN'S COMMUTE DISTANCE,2025-06-30T13:17:05.188749932Z,"{""networkStruct"":""reciprocal"",""playerCount"":6}",2025-06-30T13:10:47.892223046Z,"Reciprocal, Redundancy",2025-06-30T13:10:47.892223046Z,{},2025-06-30T13:10:48.215154341Z,TaskQueue,2025-06-30T13:22:05.788124166Z
01JZ0H3DQBF6NG57HME37ZG9W2,,,,,,,,,game ended,2025-06-30T13:55:43.971020499Z,,,,,,,01JZ0H1K706F68YJ8PB50DJAH3,2025-06-30T13:40:53.113079071Z,4,2025-06-30T13:42:05.828410021Z,true,2025-06-30T13:42:43.287152903Z,true,2025-06-30T13:50:33.171494146Z,Player 1,2025-06-30T13:46:20.775367428Z,,,,,01JZ0H3DDQMJSAFV9YH7HDWFDT,2025-06-30T13:40:53.09997175Z,,,"{""networkStruct"":""pooled"",""playerCount"":6}",2025-06-30T13:40:53.113079071Z,"Pooled, Redundancy",2025-06-30T13:40:53.113079071Z,{},2025-06-30T13:40:53.268759772Z,,
01JZ0R8PX6KP7GTBJKX4WPS3QN,,,,,,,,,no more games,2025-06-30T16:40:21.09783098Z,,,,,,,null,2025-06-30T16:40:21.09783098Z,4,2025-06-30T15:49:48.470427275Z,,,,,,,,,,,01JZ0R8P4WQSYMDP53YMN2Z1SD,2025-06-30T15:46:06.374391133Z,,,"{""networkStruct"":""pooled"",""playerCount"":6}",2025-06-30T15:46:06.433446756Z,"Pooled, Redundancy",2025-06-30T15:46:06.433446756Z,{},2025-06-30T15:46:07.017915685Z,,
01JZ0TZ9J5J0A4G7Q03RBYFE9P,true,2025-06-30T16:42:48.190080064Z,true,2025-06-30T16:42:40.649366914Z,1,2025-06-30T16:47:51.949854987Z,neighborhood_9,2025-06-30T16:47:51.879539794Z,game ended,2025-06-30T16:48:01.140826992Z,1,2025-06-30T16:49:55.866933497Z,"{""age"":""59"",""gender"":""Female"",""strength"":""It was enjoyable, however, I was out sick twice during the game so I felt like I didn't do my part in the effort."",""fair"":""I believe they were, however, I was very focused on getting my work done so I didn't notice, to be honest."",""feedback"":""Only have a worker be out sick once, not twice."",""education"":""master""}",2025-06-30T16:49:55.820713424Z,"[[140,200],[205,265]]",2025-06-30T16:42:48.190080064Z,01JZ0TXMAAZJ4VJWA2WTVHG174,2025-06-30T16:33:23.575535255Z,4,2025-06-30T16:34:36.352633363Z,true,2025-06-30T16:34:57.479614888Z,,,Player 1,2025-06-30T16:38:29.408839537Z,8,2025-06-30T16:47:50.801482275Z,false,2025-06-30T16:47:26.068477051Z,01JZ0TZ96EMTYSAKCJKKXJQRX6,2025-06-30T16:33:23.525475465Z,AVERAGE PEOPLE,2025-06-30T16:42:48.190080064Z,"{""networkStruct"":""reciprocal"",""playerCount"":6}",2025-06-30T16:33:23.575535255Z,"Reciprocal, Redundancy",2025-06-30T16:33:23.575535255Z,{},2025-06-30T16:33:23.699147202Z,TaskScreen,2025-06-30T16:47:51.91375126Z
01JZ0K0JEP4CRAAHS8HKT1FSBP,true,2025-06-30T14:19:46.903524002Z,true,2025-06-30T14:19:44.260467909Z,1,2025-06-30T14:24:10.366581567Z,neighborhood_11,2025-06-30T14:24:10.35926484Z,game ended,2025-06-30T14:24:57.866498074Z,1,2025-06-30T14:46:50.282977448Z,"{""age"":""52"",""gender"":""female"",""strength"":""It was very easy."",""fair"":""No "",""feedback"":""nothing"",""education"":""master""}",2025-06-30T14:46:50.310093176Z,"[[72,132],[137,197]]",2025-06-30T14:19:46.903524002Z,01JZ0JJRMFBKARHHQY8ZXKDX2Q,2025-06-30T14:14:16.812457487Z,4,2025-06-30T14:15:10.137942808Z,true,2025-06-30T14:15:34.4658706Z,,,Player 5,2025-06-30T14:15:34.623475898Z,6,2025-06-30T14:24:05.97626374Z,false,2025-06-30T14:23:15.921538746Z,01JZ0K0J78YFX7JEVRNZ996R4N,2025-06-30T14:14:16.790203563Z,AVERAGE PEOPLE,2025-06-30T14:19:46.903524002Z,"{""networkStruct"":""reciprocal"",""playerCount"":6}",2025-06-30T14:14:16.812457487Z,"Reciprocal, Redundancy",2025-06-30T14:14:16.812457487Z,{},2025-06-30T14:14:16.98950388Z,TaskScreen,2025-06-30T14:24:10.373435971Z
01JZ0PQ7G6X7K4MMC5P4S3TEYN,true,2025-06-30T15:25:48.896822644Z,true,2025-06-30T15:25:42.520861534Z,,,neighborhood_14,2025-06-30T15:30:55.735389702Z,game ended,2025-06-30T15:31:00.086517326Z,1,2025-06-30T15:34:26.579854838Z,"{""age"":""35"",""gender"":""Female"",""strength"":""It was stressful, I was sick half of the time and had no time to calculate almost nothing"",""fair"":""Yes, much better than me"",""feedback"":""A bit more of time to get familiar with the task, and more solved examples at the beginning"",""education"":""high-school""}",2025-06-30T15:34:26.567051338Z,"[[228,288],[142,202]]",2025-06-30T15:25:48.896822644Z,01JZ0PDFFH0EDR9F9CYFN0TQY3,2025-06-30T15:20:14.19848934Z,4,2025-06-30T15:20:27.092886454Z,true,2025-06-30T15:21:33.082734157Z,,,Player 5,2025-06-30T15:21:33.476856964Z,1,2025-06-30T15:30:53.361074382Z,false,2025-06-30T15:30:49.156793945Z,01JZ0PQ70M11FYYQ064N4S35AN,2025-06-30T15:19:04.967041361Z,,,"{""networkStruct"":""pooled"",""playerCount"":6}",2025-06-30T15:19:04.991487633Z,"Pooled, Redundancy",2025-06-30T15:19:04.991487633Z,{},2025-06-30T15:19:05.24469787Z,TaskScreen,2025-06-30T15:30:55.746902268Z
01JZ0FW7NG9E8WC0AG3N77YEEM,,,,,,,,,no more games,2025-06-30T16:40:21.09783098Z,,,,,,,null,2025-06-30T16:40:21.09783098Z,,,,,,,,,,,,,01JZ0FW6DBC8CAEGRNE4S729JN,2025-06-30T13:19:28.944961297Z,,,"{""networkStruct"":""pooled"",""playerCount"":6}",2025-06-30T13:39:55.741030817Z,"Pooled, Redundancy",2025-06-30T13:39:55.741030817Z,,,,
01JZ0RE6P0QX4X0JPFQFZG4YVE,true,2025-06-30T15:55:38.716197607Z,true,2025-06-30T15:55:31.21509157Z,null,2025-06-30T15:59:27.462313356Z,null,2025-06-30T15:59:27.396862611Z,game ended,2025-06-30T16:00:50.951214301Z,1,2025-06-30T16:01:19.637396872Z,"{""age"":""39"",""gender"":""Female"",""strength"":""it was fun"",""fair"":""I don't know"",""feedback"":""I don't know"",""education"":""high-school""}",2025-06-30T16:01:19.48241561Z,"[[217,277],[129,189]]",2025-06-30T15:55:38.716197607Z,01JZ0R44ZAP7PYVAMQ60PRQDRH,2025-06-30T15:50:36.655411681Z,4,2025-06-30T15:50:54.993745659Z,true,2025-06-30T15:51:22.113653042Z,,,Player 4,2025-06-30T15:51:22.485124628Z,7,2025-06-30T15:59:27.430391999Z,false,2025-06-30T16:00:28.265499642Z,01JZ0RE61XP5AKN08ME9QCM87Y,2025-06-30T15:49:06.36903266Z,CHILDREN'S COMMUTE DISTANCE,2025-06-30T15:55:38.716197607Z,"{""networkStruct"":""reciprocal"",""playerCount"":6}",2025-06-30T15:49:06.459423508Z,"Reciprocal, Redundancy",2025-06-30T15:49:06.459423508Z,{},2025-06-30T15:49:06.791201725Z,TaskQueue,2025-06-30T15:59:27.496373026Z
01JZ0JMJ284T338WEW4N64181B,true,2025-06-30T14:17:35.202836755Z,true,2025-06-30T14:17:27.45699967Z,,,null,2025-06-30T14:22:21.73840967Z,game ended,2025-06-30T14:22:46.120437842Z,1,2025-06-30T14:23:16.467554343Z,"{""age"":""39"",""gender"":""female"",""strength"":""It was fun and immersive"",""fair"":""they seemed to work hard and diligently"",""feedback"":""none"",""education"":""bachelor""}",2025-06-30T14:23:16.458754909Z,"[[130,190],[65,125]]",2025-06-30T14:17:35.202836755Z,01JZ0JJRK7MTN7FAC1224V82KC,2025-06-30T14:07:43.196530115Z,4,2025-06-30T14:08:29.27578247Z,true,2025-06-30T14:09:02.671111489Z,,,Player 1,2025-06-30T14:13:21.85843509Z,3,2025-06-30T14:22:21.730228902Z,false,2025-06-30T14:20:56.930953338Z,01JZ0JMHRDA04KC8T08C4FEC74,2025-06-30T14:07:43.176908348Z,,,"{""networkStruct"":""pooled"",""playerCount"":6}",2025-06-30T14:07:43.196530115Z,"Pooled, Redundancy",2025-06-30T14:07:43.196530115Z,{},2025-06-30T14:07:43.412675715Z,TaskQueue,2025-06-30T14:22:21.745454953Z
01JZ0V0QWDKKE2Y7QVNMAD1GY6,,,,,,,,,game ended,2025-06-30T16:48:10.668314583Z,,,,,,,01JZ0TXM7C18DJWS688K2WH576,2025-06-30T16:34:11.064921884Z,4,2025-06-30T16:34:15.634236441Z,true,2025-06-30T16:34:16.870202741Z,true,2025-06-30T16:42:58.194747166Z,Player 3,2025-06-30T16:38:41.212109419Z,,,,,01JZ0V0QTHVV63EQTXE1K1HY78,2025-06-30T16:34:10.957151318Z,,,"{""networkStruct"":""reciprocal"",""playerCount"":6}",2025-06-30T16:34:11.064921884Z,"Reciprocal, Redundancy",2025-06-30T16:34:11.064921884Z,{},2025-06-30T16:34:11.148228037Z,,
01JZ0H3TRTXRSVBAX9EY6PPX29,true,2025-06-30T13:49:51.577106231Z,true,2025-06-30T13:49:44.169360103Z,1,2025-06-30T13:54:51.185923391Z,neighborhood_13,2025-06-30T13:54:51.171306706Z,game ended,2025-06-30T13:55:03.114972236Z,1,2025-06-30T13:55:53.091427368Z,"{""age"":""29"",""gender"":""Male"",""strength"":""Fun and fast."",""fair"":""I think so"",""feedback"":""Extend the game time, it was fun!"",""education"":""master""}",2025-06-30T13:55:53.10144149Z,"[[205,265],[7,67]]",2025-06-30T13:49:51.577106231Z,01JZ0H1K7FV78W73P31JXQYTKA,2025-06-30T13:41:06.481637581Z,4,2025-06-30T13:42:35.82854311Z,true,2025-06-30T13:42:57.747196562Z,,,Player 1,2025-06-30T13:45:39.359108642Z,4,2025-06-30T13:54:49.316438064Z,false,2025-06-30T13:54:18.946126Z,01JZ0H3TBAKVZBDP7Z17TM0AJR,2025-06-30T13:41:06.458082218Z,AVERAGE PEOPLE,2025-06-30T13:49:51.577106231Z,"{""networkStruct"":""reciprocal"",""playerCount"":6}",2025-06-30T13:41:06.481637581Z,"Reciprocal, Redundancy",2025-06-30T13:41:06.481637581Z,{},2025-06-30T13:41:06.688099599Z,TaskScreen,2025-06-30T13:54:51.178364258Z
01JZ0R6453JERWFMFDN54N72WF,true,2025-06-30T15:54:52.649798934Z,true,2025-06-30T15:54:44.7312134Z,null,2025-06-30T15:58:19.820289072Z,null,2025-06-30T15:58:19.861089844Z,game ended,2025-06-30T16:00:05.404908678Z,1,2025-06-30T16:01:29.495784131Z,"{""age"":""29"",""gender"":""M"",""strength"":""It was nice and easy. The task was kind of relaxing!"",""fair"":""I don't think my teammates were that helpful, I did not see any of th"",""feedback"":""I can't think of any improvements as everything went just fine!"",""education"":""high-school""}",2025-06-30T16:01:29.455585926Z,"[[24,84],[218,278]]",2025-06-30T15:54:52.649798934Z,01JZ0R44ZYB02HBRR2X1W771BR,2025-06-30T15:44:41.663406806Z,4,2025-06-30T15:45:31.272837506Z,true,2025-06-30T15:45:35.190647135Z,,,Player 1,2025-06-30T15:50:36.987529931Z,14,2025-06-30T15:58:19.718465254Z,false,2025-06-30T15:59:42.805243414Z,01JZ0R63PD232C959716XAHDXH,2025-06-30T15:44:41.635989532Z,AVERAGE PEOPLE,2025-06-30T15:54:52.649798934Z,"{""networkStruct"":""reciprocal"",""playerCount"":6}",2025-06-30T15:44:41.663406806Z,"Reciprocal, Redundancy",2025-06-30T15:44:41.663406806Z,{},2025-06-30T15:44:41.903173532Z,TaskQueue,2025-06-30T15:58:19.671698904Z
01JZ0FTSPCSJN591W0XFWF8B8Q,,,,,,,,,game ended,2025-06-30T13:28:10.35944934Z,,,,,,,01JZ0F67Z9QH00F8GAYATW0H4D,2025-06-30T13:18:41.894565149Z,4,2025-06-30T13:18:45.412770274Z,true,2025-06-30T13:18:45.950301565Z,true,2025-06-30T13:22:59.094054261Z,Player 6,2025-06-30T13:18:46.184963331Z,,,,,01JZ0FTSKQCDEKZX5RX96XRQST,2025-06-30T13:18:41.86899006Z,,,"{""networkStruct"":""pooled"",""playerCount"":6}",2025-06-30T13:18:41.894565149Z,"Pooled, Redundancy",2025-06-30T13:18:41.894565149Z,{},2025-06-30T13:18:41.919199277Z,,
01JZ0MDBRA35TVD8HTPMBDQBBA,,,,,,,,,game ended,2025-06-30T14:49:56.925103552Z,,,,,,,01JZ0KZHHC2JQ9380R79DSYF93,2025-06-30T14:38:44.513244267Z,4,2025-06-30T14:38:48.674676801Z,true,2025-06-30T14:38:49.446719157Z,true,2025-06-30T14:44:46.014323483Z,Player 4,2025-06-30T14:40:33.303348072Z,,,,,01JZ0MDBPGD2VVSRY8MCW0GF23,2025-06-30T14:38:44.490885897Z,,,"{""networkStruct"":""pooled"",""playerCount"":6}",2025-06-30T14:38:44.513244267Z,"Pooled, Redundancy",2025-06-30T14:38:44.513244267Z,{},2025-06-30T14:38:44.540192038Z,,
01JZ0SG6Y9NPGTZ35T719S3CJ9,,,,,,,,,game ended,2025-06-30T16:21:06.858549254Z,,,,,,,01JZ0S9GBDE95BAEJ35DY3VGC4,2025-06-30T16:07:40.849968484Z,4,2025-06-30T16:07:43.685233817Z,true,2025-06-30T16:07:44.169364937Z,true,2025-06-30T16:15:54.658475528Z,Player 4,2025-06-30T16:11:37.717035802Z,,,,,01JZ0SG6W4SY75V5948QKC6R1J,2025-06-30T16:07:40.745644149Z,,,"{""networkStruct"":""reciprocal"",""playerCount"":6}",2025-06-30T16:07:40.849968484Z,"Reciprocal, Redundancy",2025-06-30T16:07:40.849968484Z,{},2025-06-30T16:07:40.905693871Z,,
01JZ0JVNB15V13M0SKK8XKHN5V,true,2025-06-30T14:17:51.053738955Z,true,2025-06-30T14:17:43.760882905Z,,,null,2025-06-30T14:21:21.759433604Z,game ended,2025-06-30T14:23:02.269435373Z,1,2025-06-30T14:23:58.07134179Z,"{""age"":""32"",""gender"":""male"",""strength"":""interesting, fun"",""fair"":""yes"",""feedback"":"""",""education"":""bachelor""}",2025-06-30T14:23:58.088651384Z,"[[122,182],[55,115]]",2025-06-30T14:17:51.053738955Z,01JZ0JJRKH7XD764W2MEEG7PFH,2025-06-30T14:11:35.928768759Z,4,2025-06-30T14:12:58.124346224Z,true,2025-06-30T14:13:38.548705756Z,,,Player 6,2025-06-30T14:13:38.679169723Z,1,2025-06-30T14:21:21.749202625Z,false,2025-06-30T14:21:03.55493624Z,01JZ0JVMZD2SJKNGD45KHVETP8,2025-06-30T14:11:35.905366521Z,,,"{""networkStruct"":""pooled"",""playerCount"":6}",2025-06-30T14:11:35.928768759Z,"Pooled, Redundancy",2025-06-30T14:11:35.928768759Z,{},2025-06-30T14:11:36.130265835Z,TaskQueue,2025-06-30T14:21:21.770659756Z
01JZ0NVNVCS2PF70NRPAQFB4PC,true,2025-06-30T15:16:45.944134289Z,true,2025-06-30T15:16:40.007240822Z,null,2025-06-30T15:21:54.303318655Z,null,2025-06-30T15:21:54.314406233Z,game ended,2025-06-30T15:21:57.570794812Z,1,2025-06-30T15:22:48.564001401Z,"{""age"":""35"",""gender"":""women"",""strength"":""I enjoyed the game."",""fair"":""No"",""feedback"":""I'm not sure because I didn't have any issues."",""education"":""bachelor""}",2025-06-30T15:22:48.545885423Z,"[[55,115],[209,269]]",2025-06-30T15:16:45.944134289Z,01JZ0NSNAYA5ZEAQVB789Y1XW2,2025-06-30T15:10:44.190701675Z,4,2025-06-30T15:08:43.629660285Z,true,2025-06-30T15:12:32.500345512Z,,,Player 1,2025-06-30T15:12:32.708071208Z,14,2025-06-30T15:21:54.291667538Z,false,2025-06-30T15:21:28.370634049Z,01JZ0NVNNB2YF7AWKTYS31TYPN,2025-06-30T15:04:02.156830089Z,AVERAGE PEOPLE,2025-06-30T15:16:45.944134289Z,"{""networkStruct"":""reciprocal"",""playerCount"":6}",2025-06-30T15:04:02.18245769Z,"Reciprocal, Redundancy",2025-06-30T15:04:02.18245769Z,{},2025-06-30T15:04:02.25503953Z,TaskQueue,2025-06-30T15:21:54.330137162Z
01JZ0SFY60ZWJ9F5NVJ19CBR6J,true,2025-06-30T16:17:04.262744426Z,true,2025-06-30T16:16:57.136892166Z,null,2025-06-30T16:22:08.314226751Z,null,2025-06-30T16:22:08.376443409Z,game ended,2025-06-30T16:22:16.31355495Z,1,2025-06-30T16:23:25.910728232Z,"{""age"":""47"",""gender"":""Male"",""strength"":""It was fun, thank you"",""fair"":""I'm not sure about this"",""feedback"":""Earn more bonus during the sick time-outs?"",""education"":""master""}",2025-06-30T16:23:25.878680413Z,"[[69,129],[158,218]]",2025-06-30T16:17:04.262744426Z,01JZ0S9G72AZ3MF9HASHX1PW43,2025-06-30T16:07:31.813709342Z,4,2025-06-30T16:08:45.114092234Z,true,2025-06-30T16:09:13.201243932Z,,,Player 2,2025-06-30T16:12:44.118212777Z,14,2025-06-30T16:22:08.426092291Z,false,2025-06-30T16:20:55.226428587Z,01JZ0SFXT99XDWF9PF6C5T57FK,2025-06-30T16:07:31.77635707Z,AVERAGE PEOPLE,2025-06-30T16:17:04.262744426Z,"{""networkStruct"":""reciprocal"",""playerCount"":6}",2025-06-30T16:07:31.813709342Z,"Reciprocal, Redundancy",2025-06-30T16:07:31.813709342Z,{},2025-06-30T16:07:32.03586102Z,TaskQueue,2025-06-30T16:22:08.27004962Z
01JZ0SHZ0XSZB3D34F3JFEW198,,,,,,,,,no more games,2025-06-30T16:38:40.809469116Z,,,,,,,null,2025-06-30T16:38:40.809469116Z,,,,,,,,,,,,,01JZ0SHYZ1YTX6TG9TQW3H7N4R,2025-06-30T16:08:38.173796551Z,,,"{""networkStruct"":""reciprocal"",""playerCount"":6}",2025-06-30T16:08:38.210236327Z,"Reciprocal, Redundancy",2025-06-30T16:08:38.210236327Z,{},2025-06-30T16:08:38.237166678Z,,
01JZ0FB6D8SDYQHCG01GZECWK6,true,2025-06-30T13:17:05.188749932Z,true,2025-06-30T13:16:58.868453911Z,null,2025-06-30T13:19:27.910033095Z,null,2025-06-30T13:19:27.834431118Z,game ended,2025-06-30T13:22:15.982906177Z,1,2025-06-30T13:22:45.374543235Z,"{""age"":""36"",""gender"":""male"",""strength"":""It was fun"",""fair"":""Yes"",""feedback"":""Would be interesting to see the status of all tasks"",""education"":""master""}",2025-06-30T13:22:45.240487264Z,"[[161,221],[59,119]]",2025-06-30T13:17:05.188749932Z,01JZ0F67ZFPZEHV6BKFXQYDXZZ,2025-06-30T13:10:10.609707892Z,4,2025-06-30T13:12:12.59702756Z,true,2025-06-30T13:12:30.83379924Z,,,Player 1,2025-06-30T13:12:50.746798512Z,8,2025-06-30T13:19:27.801621683Z,false,2025-06-30T13:20:56.53555964Z,01JZ0FB5PD0K6BVVD0Y2D5ZHCC,2025-06-30T13:10:10.600174923Z,AVERAGE PEOPLE,2025-06-30T13:17:05.188749932Z,"{""networkStruct"":""reciprocal"",""playerCount"":6}",2025-06-30T13:10:10.609707892Z,"Reciprocal, Redundancy",2025-06-30T13:10:10.609707892Z,{},2025-06-30T13:10:11.167362174Z,TaskQueue,2025-06-30T13:19:27.933069162Z
01JZ0JQCKEA261XTRR4HTBQ2S1,true,2025-06-30T14:17:51.053738955Z,true,2025-06-30T14:17:43.507774594Z,,,null,2025-06-30T14:21:53.533058917Z,game ended,2025-06-30T14:23:02.269435373Z,1,2025-06-30T14:23:37.67994858Z,"{""age"":""30"",""gender"":""Male"",""strength"":""Weird competition"",""fair"":""Nothing at all"",""feedback"":"""",""education"":""high-school""}",2025-06-30T14:23:37.692757389Z,"[[72,132],[135,195]]",2025-06-30T14:17:51.053738955Z,01JZ0JJRKH7XD764W2MEEG7PFH,2025-06-30T14:09:15.909941433Z,4,2025-06-30T14:09:58.854343318Z,true,2025-06-30T14:10:29.141746067Z,,,Player 3,2025-06-30T14:13:38.679169723Z,2,2025-06-30T14:21:53.518887107Z,false,2025-06-30T14:21:17.782148622Z,01JZ0JQC5DH4PT1FD4TE24V8K3,2025-06-30T14:09:15.88605021Z,,,"{""networkStruct"":""pooled"",""playerCount"":6}",2025-06-30T14:09:15.909941433Z,"Pooled, Redundancy",2025-06-30T14:09:15.909941433Z,{},2025-06-30T14:09:16.121829267Z,TaskQueue,2025-06-30T14:21:53.539817026Z
01JZ0PFCW1JTREFZPJ0MEYDK57,true,2025-06-30T15:24:27.486993443Z,true,2025-06-30T15:24:19.403095686Z,,,null,2025-06-30T15:29:07.79171166Z,game ended,2025-06-30T15:29:38.662247876Z,1,2025-06-30T15:30:37.604746675Z,"{""age"":""43"",""gender"":""M"",""strength"":""all right. not that annoying like other activities "",""fair"":""they were able to do other tasks"",""feedback"":""no need to introduce the team mates. "",""education"":""master""}",2025-06-30T15:30:37.589543139Z,"[[132,192],[194,254]]",2025-06-30T15:24:27.486993443Z,01JZ0PDFG0TZHQMJ413RSFKXP4,2025-06-30T15:14:48.340590917Z,4,2025-06-30T15:16:39.06638226Z,true,2025-06-30T15:17:07.949891116Z,,,Player 2,2025-06-30T15:20:14.342355022Z,2,2025-06-30T15:29:07.755500062Z,false,2025-06-30T15:28:52.102783554Z,01JZ0PFCFEY7C382WQ5N3GTMR2,2025-06-30T15:14:48.321638167Z,,,"{""networkStruct"":""pooled"",""playerCount"":6}",2025-06-30T15:14:48.340590917Z,"Pooled, Redundancy",2025-06-30T15:14:48.340590917Z,{},2025-06-30T15:14:48.57189089Z,TaskQueue,2025-06-30T15:29:07.766908113Z
01JZ0SHD6CSXMHY511T2SVS05J,,,,,,,,,game ended,2025-06-30T16:20:54.599486241Z,,,,,,,01JZ0S9G9GQDAYDBEESMGH4RA5,2025-06-30T16:08:19.954705365Z,4,2025-06-30T16:08:23.639864452Z,true,2025-06-30T16:08:25.187981802Z,true,2025-06-30T16:15:42.114269263Z,Player 5,2025-06-30T16:11:26.543339279Z,,,,,01JZ0SHD4F0CBDXA66CX2136MG,2025-06-30T16:08:19.917020912Z,,,"{""networkStruct"":""pooled"",""playerCount"":6}",2025-06-30T16:08:19.954705365Z,"Pooled, Redundancy",2025-06-30T16:08:19.954705365Z,{},2025-06-30T16:08:19.978307198Z,,
01JZ0FBEXX6YYXM4ZAGWM86RSZ,true,2025-06-30T13:18:12.859120691Z,true,2025-06-30T13:18:08.731080187Z,,,null,2025-06-30T13:22:31.06426886Z,game ended,2025-06-30T13:23:23.873914043Z,1,2025-06-30T13:27:02.84064202Z,"{""age"":""56"",""gender"":""Male"",""strength"":""Fun. I completed 4 of the 16 tasks despite being knocked out twice with sickness."",""fair"":""Yes"",""feedback"":""We were unable to complete the game, with 1 task still being worked on. I'd estimate, since it was being worked on for at least 45 seconds that the participant was \""ill\"" after starting it. Of course, this meant that it would not be possible for the team to complete the whole task, as once a player claims a neighbourhood, the rest of the team cannot assist, or take over. So at that point, nobody is able to get a bonus, which comes off as unfair."",""education"":""high-school""}",2025-06-30T13:27:02.830453843Z,"[[170,230],[91,151]]",2025-06-30T13:18:12.859120691Z,01JZ0F67Z228X9RHKVM8F1277D,2025-06-30T13:10:19.332641641Z,4,2025-06-30T13:12:27.244320552Z,true,2025-06-30T13:13:10.997781086Z,,,Player 3,2025-06-30T13:14:00.262213406Z,4,2025-06-30T13:22:31.073950167Z,false,2025-06-30T13:22:16.311388587Z,01JZ0FBEJW612GTVHTNBCQZSE1,2025-06-30T13:10:19.325033745Z,,,"{""networkStruct"":""pooled"",""playerCount"":6}",2025-06-30T13:10:19.332641641Z,"Pooled, Redundancy",2025-06-30T13:10:19.332641641Z,{},2025-06-30T13:10:19.529430143Z,TaskQueue,2025-06-30T13:22:31.049812533Z
01JZ0H8JNVPGAV40Z6TWKS3PH3,true,2025-06-30T13:54:07.936782814Z,true,2025-06-30T13:54:00.273320365Z,,,null,2025-06-30T13:59:07.091929947Z,game ended,2025-06-30T13:59:18.978089121Z,1,2025-06-30T14:00:23.962843806Z,"{""age"":""24"",""gender"":""Female"",""strength"":""It was fun, kind of like a Jackbox game."",""fair"":""I didn't understand their effect in the game."",""feedback"":""Make the effect of teamwork clearer."",""education"":""bachelor""}",2025-06-30T14:00:23.972382636Z,"[[53,113],[170,230]]",2025-06-30T13:54:07.936782814Z,01JZ0H1K72P9WWMQFG7ACVRNHM,2025-06-30T13:43:42.028449352Z,4,2025-06-30T13:44:22.941112743Z,true,2025-06-30T13:44:56.808057244Z,,,Player 4,2025-06-30T13:49:55.159078471Z,4,2025-06-30T13:59:07.097188347Z,false,2025-06-30T13:58:09.328643035Z,01JZ0H8J1B1FX3GDYEES0DTBNJ,2025-06-30T13:43:42.011670349Z,,,"{""networkStruct"":""pooled"",""playerCount"":6}",2025-06-30T13:43:42.028449352Z,"Pooled, Redundancy",2025-06-30T13:43:42.028449352Z,{},2025-06-30T13:43:42.374077444Z,TaskQueue,2025-06-30T13:59:07.087388472Z
01JZ0H4KADAPWGV6ZSDZSCPDP8,true,2025-06-30T13:49:51.577106231Z,true,2025-06-30T13:49:45.078519875Z,null,2025-06-30T13:54:07.106109769Z,null,2025-06-30T13:54:07.126900733Z,game ended,2025-06-30T13:55:03.114972236Z,1,2025-06-30T13:55:56.801706965Z,"{""age"":""20"",""gender"":""Woman"",""strength"":""It was fun."",""fair"":""Yes, especially when I was sick."",""feedback"":"""",""education"":""high-school""}",2025-06-30T13:55:56.812177132Z,"[[0,60],[169,229]]",2025-06-30T13:49:51.577106231Z,01JZ0H1K7FV78W73P31JXQYTKA,2025-06-30T13:44:45.491941513Z,4,2025-06-30T13:44:42.057920979Z,true,2025-06-30T13:45:20.270173459Z,,,Player 3,2025-06-30T13:45:39.359108642Z,6,2025-06-30T13:54:07.132837193Z,false,2025-06-30T13:53:59.736193516Z,01JZ0H4JXTGPSP6JFKZPK1SVXY,2025-06-30T13:41:31.597344101Z,MAXIMUM INCOME,2025-06-30T13:49:51.577106231Z,"{""networkStruct"":""reciprocal"",""playerCount"":6}",2025-06-30T13:41:31.609038505Z,"Reciprocal, Redundancy",2025-06-30T13:41:31.609038505Z,{},2025-06-30T13:41:31.818093613Z,TaskQueue,2025-06-30T13:54:07.120831324Z
01JZ0JP3NMJEF2RZEXJRZ363R2,true,2025-06-30T14:18:20.820616097Z,true,2025-06-30T14:18:17.896436924Z,,,neighborhood_8,2025-06-30T14:22:01.268798116Z,game ended,2025-06-30T14:23:31.86661332Z,1,2025-06-30T14:24:25.317176148Z,"{""age"":""27"",""gender"":""male"",""strength"":""it was cool engaging"",""fair"":""yes"",""feedback"":""more participants"",""education"":""bachelor""}",2025-06-30T14:24:25.3389685Z,"[[115,175],[54,114]]",2025-06-30T14:18:20.820616097Z,01JZ0JJRM7K0MBX3MKCVTKC5NR,2025-06-30T14:13:21.597250138Z,4,2025-06-30T14:12:44.563261364Z,true,2025-06-30T14:14:07.148977859Z,,,Player 3,2025-06-30T14:14:07.441915425Z,1,2025-06-30T14:21:49.164134645Z,false,2025-06-30T14:21:27.662566379Z,01JZ0JP29VDZFAWRE0BSA4TT0Q,2025-06-30T14:08:33.97280093Z,,,"{""networkStruct"":""pooled"",""playerCount"":6}",2025-06-30T14:08:33.988653374Z,"Pooled, Redundancy",2025-06-30T14:08:33.988653374Z,{},2025-06-30T14:08:34.323170632Z,TaskScreen,2025-06-30T14:22:01.261058622Z
01JZ0M5HKJHP80W8A523JYGPBB,true,2025-06-30T14:41:03.221190181Z,true,2025-06-30T14:40:55.298754322Z,null,2025-06-30T14:43:43.868575749Z,null,2025-06-30T14:43:43.847352462Z,game ended,2025-06-30T14:46:14.139143426Z,1,2025-06-30T14:46:46.475126869Z,"{""age"":""27"",""gender"":""Male"",""strength"":""Pretty fun and fresh"",""fair"":""Yes i think so"",""feedback"":""More games"",""education"":""high-school""}",2025-06-30T14:46:46.489304731Z,"[[197,257],[40,100]]",2025-06-30T14:41:03.221190181Z,01JZ0KZHGXZ28TMC40NC90GVYX,2025-06-30T14:34:28.355534512Z,4,2025-06-30T14:35:33.211730614Z,true,2025-06-30T14:36:15.857254117Z,,,Player 4,2025-06-30T14:36:50.896305903Z,7,2025-06-30T14:43:43.854493956Z,false,2025-06-30T14:45:31.00486787Z,01JZ0M5H3XE2WCWMSS8R4DV56G,2025-06-30T14:34:28.338392134Z,CHILDREN'S COMMUTE DISTANCE,2025-06-30T14:41:03.221190181Z,"{""networkStruct"":""reciprocal"",""playerCount"":6}",2025-06-30T14:34:28.355534512Z,"Reciprocal, Redundancy",2025-06-30T14:34:28.355534512Z,{},2025-06-30T14:34:28.615142585Z,TaskQueue,2025-06-30T14:43:43.876018567Z
01JZ0P0EBY7VSQYSD3AZX9YSX7,true,2025-06-30T15:12:58.229443992Z,true,2025-06-30T15:12:57.849791244Z,null,2025-06-30T15:14:59.353870144Z,null,2025-06-30T15:14:59.273685253Z,game ended,2025-06-30T15:18:09.217938772Z,1,2025-06-30T15:18:51.396736469Z,"{""age"":""20"",""gender"":""malw"",""strength"":""it was slow but fun"",""fair"":""yes we were very quick to get it done and had to wait ages afterwards"",""feedback"":""less waits on timers"",""education"":""bachelor""}",2025-06-30T15:18:51.421191773Z,"[[134,194],[9,69]]",2025-06-30T15:12:58.229443992Z,01JZ0NSNC1W3B8HBKV7A156B13,2025-06-30T15:06:38.355903092Z,4,2025-06-30T15:07:16.128266643Z,true,2025-06-30T15:07:30.896414463Z,,,Player 5,2025-06-30T15:08:44.283119775Z,5,2025-06-30T15:14:59.294159146Z,false,2025-06-30T15:16:24.878664773Z,01JZ0P0E1AAAZGCJYPPWWZ6F50,2025-06-30T15:06:38.334478826Z,AVERAGE PEOPLE,2025-06-30T15:12:58.229443992Z,"{""networkStruct"":""reciprocal"",""playerCount"":6}",2025-06-30T15:06:38.355903092Z,"Reciprocal, Redundancy",2025-06-30T15:06:38.355903092Z,{},2025-06-30T15:06:38.530270187Z,TaskQueue,2025-06-30T15:14:59.313219106Z
01JZ0R6DH2W2W2NRB6MJ1KHHEC,true,2025-06-30T15:53:02.843868573Z,true,2025-06-30T15:52:55.497069947Z,,,null,2025-06-30T15:57:54.318128711Z,game ended,2025-06-30T15:58:16.537949945Z,1,2025-06-30T15:58:57.901940042Z,"{""age"":""45"",""gender"":""female"",""strength"":""hard to understand at first"",""fair"":""yes"",""feedback"":""more instructions in the practice like why the answer was wrong"",""education"":""bachelor""}",2025-06-30T15:58:57.876882451Z,"[[1,61],[137,197]]",2025-06-30T15:53:02.843868573Z,01JZ0R44YD4TQ1QQVW9H1W0WBF,2025-06-30T15:44:51.301421235Z,4,2025-06-30T15:45:54.446332995Z,true,2025-06-30T15:46:06.662976389Z,,,Player 2,2025-06-30T15:48:45.489762876Z,3,2025-06-30T15:57:54.339463919Z,false,2025-06-30T15:56:33.502756477Z,01JZ0R6D68MDG3GAG2YNAW9XV2,2025-06-30T15:44:51.234387802Z,,,"{""networkStruct"":""pooled"",""playerCount"":6}",2025-06-30T15:44:51.301421235Z,"Pooled, Redundancy",2025-06-30T15:44:51.301421235Z,{},2025-06-30T15:44:51.489515464Z,TaskQueue,2025-06-30T15:57:54.362285632Z
01JZ0SHW478ARJ1EFSDZ00THPE,true,2025-06-30T16:17:06.57682579Z,true,2025-06-30T16:17:04.964074854Z,,,,,game ended,2025-06-30T16:22:18.910515003Z,1,2025-06-30T16:23:32.642881362Z,"{""age"":""64"",""gender"":""Male"",""strength"":""No sure"",""fair"":""No "",""feedback"":""Make it easier to play"",""education"":""high-school""}",2025-06-30T16:23:32.614016252Z,"[[163,223],[97,157]]",2025-06-30T16:17:06.57682579Z,01JZ0S9GD9MABT2H3JKQDC0TB1,2025-06-30T16:12:11.880489188Z,4,2025-06-30T16:11:31.408820337Z,true,2025-06-30T16:12:43.293336597Z,,,Player 4,2025-06-30T16:12:44.947921387Z,,,false,2025-06-30T16:20:51.48487774Z,01JZ0SHVQ1M6595W22GZ8KD4YD,2025-06-30T16:08:35.207978581Z,AVERAGE PEOPLE,2025-06-30T16:17:06.57682579Z,"{""networkStruct"":""reciprocal"",""playerCount"":6}",2025-06-30T16:08:35.247916638Z,"Reciprocal, Redundancy",2025-06-30T16:08:35.247916638Z,{},2025-06-30T16:08:35.447343647Z,,
01JZ0FAQ5BESSRJ4RCV3JDZV7P,true,2025-06-30T13:18:05.719938795Z,true,2025-06-30T13:17:58.512847503Z,,,neighborhood_11,2025-06-30T13:21:44.560565193Z,game ended,2025-06-30T13:23:16.948337204Z,1,2025-06-30T13:23:47.430445802Z,"{""age"":""46"",""gender"":""female"",""strength"":""good"",""fair"":""yeas - they seemed to be getting things done"",""feedback"":""NA"",""education"":""master""}",2025-06-30T13:23:47.42403578Z,"[[211,271],[42,102]]",2025-06-30T13:18:05.719938795Z,01JZ0F67Z745P2890BJ7Q88E3R,2025-06-30T13:09:55.186659707Z,4,2025-06-30T13:10:42.633246981Z,true,2025-06-30T13:11:08.808116762Z,,,Player 1,2025-06-30T13:13:52.184367924Z,2,2025-06-30T13:21:42.181389093Z,false,2025-06-30T13:22:48.200595151Z,01JZ0FAPA2DDNR9RVPX6YNY2D9,2025-06-30T13:09:55.175337844Z,,,"{""networkStruct"":""pooled"",""playerCount"":6}",2025-06-30T13:09:55.186659707Z,"Pooled, Redundancy",2025-06-30T13:09:55.186659707Z,{},2025-06-30T13:09:55.64166093Z,TaskScreen,2025-06-30T13:21:44.55017158Z
01JZ0H3BSJ76APYEW8F641XA8T,true,2025-06-30T13:54:07.936782814Z,true,2025-06-30T13:54:01.867600444Z,,,null,2025-06-30T13:59:13.030030412Z,game ended,2025-06-30T13:59:18.978089121Z,1,2025-06-30T13:59:45.621001917Z,"{""age"":""41"",""gender"":""male"",""strength"":""fun"",""fair"":""yes"",""feedback"":""shorter wait times"",""education"":""master""}",2025-06-30T13:59:45.611115525Z,"[[119,179],[13,73]]",2025-06-30T13:54:07.936782814Z,01JZ0H1K72P9WWMQFG7ACVRNHM,2025-06-30T13:40:51.134962275Z,4,2025-06-30T13:41:22.711110731Z,true,2025-06-30T13:41:54.83931145Z,,,Player 1,2025-06-30T13:49:55.159078471Z,4,2025-06-30T13:59:13.041509786Z,false,2025-06-30T13:57:18.362461237Z,01JZ0H3BE0ZWE5Q0NWDFZABAGT,2025-06-30T13:40:51.12292854Z,,,"{""networkStruct"":""pooled"",""playerCount"":6}",2025-06-30T13:40:51.134962275Z,"Pooled, Redundancy",2025-06-30T13:40:51.134962275Z,{},2025-06-30T13:40:51.322938061Z,TaskQueue,2025-06-30T13:59:13.025868769Z
01JZ0V2DYNG9H8Y855B84GV7Y8,,,,,,,,,game ended,2025-06-30T16:48:10.668314583Z,,,,,,,01JZ0TXM7C18DJWS688K2WH576,2025-06-30T16:35:06.391842953Z,4,2025-06-30T16:35:08.921985179Z,true,2025-06-30T16:35:09.370087906Z,true,2025-06-30T16:42:58.194747166Z,Player 5,2025-06-30T16:38:41.212109419Z,,,,,01JZ0V2DWW58FJAYG3XT6SRKKG,2025-06-30T16:35:06.325986159Z,,,"{""networkStruct"":""reciprocal"",""playerCount"":6}",2025-06-30T16:35:06.391842953Z,"Reciprocal, Redundancy",2025-06-30T16:35:06.391842953Z,{},2025-06-30T16:35:06.437191115Z,,
01JZ0FADPYVS6C84HJSS2FEBTD,true,2025-06-30T13:17:09.611622773Z,true,2025-06-30T13:17:02.688696695Z,,,null,2025-06-30T13:21:40.119171504Z,game ended,2025-06-30T13:22:20.485301618Z,1,2025-06-30T13:22:44.29991255Z,"{""age"":""34"",""gender"":""male"",""strength"":""it was fun"",""fair"":""yes"",""feedback"":"""",""education"":""high-school""}",2025-06-30T13:22:44.292776992Z,"[[158,218],[5,65]]",2025-06-30T13:17:09.611622773Z,01JZ0F67ZPF4121D8VQV580KT1,2025-06-30T13:09:45.319683267Z,4,2025-06-30T13:10:50.065368088Z,true,2025-06-30T13:11:21.805500608Z,,,Player 1,2025-06-30T13:12:58.033618798Z,2,2025-06-30T13:21:40.111404177Z,false,2025-06-30T13:21:14.284596844Z,01JZ0FAD7YABAT9MYJN9399FP3,2025-06-30T13:09:45.31035762Z,,,"{""networkStruct"":""pooled"",""playerCount"":6}",2025-06-30T13:09:45.319683267Z,"Pooled, Redundancy",2025-06-30T13:09:45.319683267Z,{},2025-06-30T13:09:45.561776389Z,TaskQueue,2025-06-30T13:21:40.125782041Z
01JZ0R9CVW07WWQDKP3M8KKGEY,true,2025-06-30T15:54:18.770552214Z,true,2025-06-30T15:54:12.145325761Z,,,neighborhood_10,2025-06-30T15:58:52.163611692Z,game ended,2025-06-30T15:59:30.678959753Z,,,,,"[[64,124],[182,242]]",2025-06-30T15:54:18.770552214Z,01JZ0R450M24K8ZS9F18EDTFG6,2025-06-30T15:46:28.900855179Z,4,2025-06-30T15:47:29.699790566Z,true,2025-06-30T15:48:23.717611929Z,,,Player 3,2025-06-30T15:50:00.275686001Z,2,2025-06-30T15:58:50.435914472Z,false,2025-06-30T15:58:32.84466901Z,01JZ0R9CPKYB5N7Z48TXVYHKX0,2025-06-30T15:46:28.860140766Z,,,"{""networkStruct"":""pooled"",""playerCount"":6}",2025-06-30T15:46:28.900855179Z,"Pooled, Redundancy",2025-06-30T15:46:28.900855179Z,{},2025-06-30T15:46:28.991764424Z,TaskScreen,2025-06-30T15:58:52.251442313Z
01JZ0NGNCA21NZZE8PJPN10BTS,true,2025-06-30T15:03:58.066881922Z,true,2025-06-30T15:03:52.26315515Z,,,null,2025-06-30T15:08:16.677236091Z,game ended,2025-06-30T15:09:09.500118963Z,1,2025-06-30T15:10:02.673850028Z,"{""age"":""41"",""gender"":""Male"",""strength"":""Interesting, but I don't usually get sick that much ;P"",""fair"":""Yes"",""feedback"":""Being able to download the families data in order to work when sick"",""education"":""master""}",2025-06-30T15:10:02.65443049Z,"[[65,125],[134,194]]",2025-06-30T15:03:58.066881922Z,01JZ0N9PQHD06TCBXAQZTT3H76,2025-06-30T14:58:01.249864302Z,4,2025-06-30T14:59:08.924005016Z,true,2025-06-30T14:59:44.186732428Z,,,Player 6,2025-06-30T14:59:44.416265815Z,3,2025-06-30T15:08:16.64750989Z,false,2025-06-30T15:07:22.114320642Z,01JZ0NGMPNWMFY82VQ34NDM2V6,2025-06-30T14:58:01.226731297Z,,,"{""networkStruct"":""pooled"",""playerCount"":6}",2025-06-30T14:58:01.249864302Z,"Pooled, Redundancy",2025-06-30T14:58:01.249864302Z,{},2025-06-30T14:58:01.566004903Z,TaskQueue,2025-06-30T15:08:16.658014926Z
01JZ0T2XSJ0AG7V7PM1MRXSRY8,,,,,,,,,game ended,2025-06-30T16:27:26.613748644Z,,,,,,,01JZ0S9G8MSQJNW9QDDX82T8EZ,2025-06-30T16:17:54.023243158Z,4,2025-06-30T16:17:54.743649107Z,true,2025-06-30T16:17:55.061725798Z,true,2025-06-30T16:22:14.621005583Z,Player 6,2025-06-30T16:17:55.534285086Z,,,,,01JZ0T2XR4ZNJMP0QF1GENQHJF,2025-06-30T16:17:53.970200913Z,,,"{""networkStruct"":""pooled"",""playerCount"":6}",2025-06-30T16:17:54.023243158Z,"Pooled, Redundancy",2025-06-30T16:17:54.023243158Z,{},2025-06-30T16:17:54.055838678Z,,
01JZ0FACXFQT958QDG28MQWC64,true,2025-06-30T13:18:03.544531682Z,true,2025-06-30T13:17:55.421714381Z,null,2025-06-30T13:21:22.523876856Z,null,2025-06-30T13:21:22.511579486Z,game ended,2025-06-30T13:23:14.424752387Z,1,2025-06-30T13:23:47.093590829Z,"{""age"":""23"",""gender"":""Female"",""strength"":""It was nice"",""fair"":""Yes, I think they tried their best"",""feedback"":"""",""education"":""high-school""}",2025-06-30T13:23:47.082316653Z,"[[12,72],[90,150]]",2025-06-30T13:18:03.544531682Z,01JZ0F67ZGT4J2NC89JRSKF93F,2025-06-30T13:09:44.510575988Z,4,2025-06-30T13:10:45.952008471Z,true,2025-06-30T13:11:12.952139801Z,,,Player 1,2025-06-30T13:13:51.378674557Z,6,2025-06-30T13:21:22.494240203Z,false,2025-06-30T13:20:33.271856136Z,01JZ0FACBRAHZVSPRDR00ADMVE,2025-06-30T13:09:44.495439806Z,AVERAGE PEOPLE,2025-06-30T13:18:03.544531682Z,"{""networkStruct"":""reciprocal"",""playerCount"":6}",2025-06-30T13:09:44.510575988Z,"Reciprocal, Redundancy",2025-06-30T13:09:44.510575988Z,{},2025-06-30T13:09:44.827728084Z,TaskQueue,2025-06-30T13:21:22.535517137Z
01JZ0JQ6ANMHGHRRYJ704S1ZBR,true,2025-06-30T14:17:51.053738955Z,true,2025-06-30T14:17:42.303688612Z,,,null,2025-06-30T14:21:29.433958819Z,game ended,2025-06-30T14:23:02.269435373Z,1,2025-06-30T14:23:49.368910976Z,"{""age"":""43"",""gender"":""male"",""strength"":""Quite interesting to play"",""fair"":""yes very helpful"",""feedback"":""nothing that i can think of"",""education"":""other""}",2025-06-30T14:23:49.377963754Z,"[[131,191],[7,67]]",2025-06-30T14:17:51.053738955Z,01JZ0JJRKH7XD764W2MEEG7PFH,2025-06-30T14:10:34.242885134Z,4,2025-06-30T14:10:42.768578781Z,true,2025-06-30T14:11:19.416269559Z,,,Player 2,2025-06-30T14:13:38.679169723Z,1,2025-06-30T14:21:29.423720094Z,false,2025-06-30T14:21:12.094804428Z,01JZ0JQ5PK4C3XY1SAP7TCKFHY,2025-06-30T14:09:09.461525331Z,,,"{""networkStruct"":""pooled"",""playerCount"":6}",2025-06-30T14:09:09.497187611Z,"Pooled, Redundancy",2025-06-30T14:09:09.497187611Z,{},2025-06-30T14:09:09.682763259Z,TaskQueue,2025-06-30T14:21:29.412665926Z
01JZ0M5MW3G4T4PP7E53EJSCT4,true,2025-06-30T14:41:03.221190181Z,true,2025-06-30T14:40:56.203295633Z,null,2025-06-30T14:45:11.135173476Z,null,2025-06-30T14:45:11.142950535Z,game ended,2025-06-30T14:46:14.139143426Z,1,2025-06-30T14:48:16.353484423Z,"{""age"":""58"",""gender"":""Male"",""strength"":""It was interesting and needed quick but hopefully accurate answers under time pressure."",""fair"":""It is unclear what help they provided."",""feedback"":""I had no issues so have no comments in this respect."",""education"":""other""}",2025-06-30T14:48:16.360454406Z,"[[125,185],[21,81]]",2025-06-30T14:41:03.221190181Z,01JZ0KZHGXZ28TMC40NC90GVYX,2025-06-30T14:34:31.7018582Z,4,2025-06-30T14:36:04.202455796Z,true,2025-06-30T14:36:50.722410551Z,,,Player 5,2025-06-30T14:36:50.896305903Z,5,2025-06-30T14:45:11.114068328Z,false,2025-06-30T14:44:19.432902025Z,01JZ0M5MGCFZ60Z839TD992FXZ,2025-06-30T14:34:31.68394589Z,AVERAGE PEOPLE,2025-06-30T14:41:03.221190181Z,"{""networkStruct"":""reciprocal"",""playerCount"":6}",2025-06-30T14:34:31.7018582Z,"Reciprocal, Redundancy",2025-06-30T14:34:31.7018582Z,{},2025-06-30T14:34:31.904565192Z,TaskQueue,2025-06-30T14:45:11.15845839Z
01JZ0QBZWYQ3QPQ15CPJ83RQEA,true,2025-06-30T15:35:30.551359784Z,true,2025-06-30T15:35:22.085218349Z,null,2025-06-30T15:40:26.172135442Z,null,2025-06-30T15:40:26.142700606Z,game ended,2025-06-30T15:40:41.873981429Z,1,2025-06-30T15:41:19.312581406Z,"{""age"":""37"",""gender"":""Male"",""strength"":""I thought it was simple but fun and engaging."",""fair"":""I thought they were helpful."",""feedback"":""N/A"",""education"":""high-school""}",2025-06-30T15:41:19.295851524Z,"[[15,75],[183,243]]",2025-06-30T15:35:30.551359784Z,01JZ0Q0CX32Y5M8NZMVY0C598C,2025-06-30T15:30:25.421016547Z,4,2025-06-30T15:31:05.074189528Z,true,2025-06-30T15:31:16.948924336Z,,,Player 5,2025-06-30T15:31:17.160544574Z,10,2025-06-30T15:40:26.128303728Z,false,2025-06-30T15:39:45.840998689Z,01JZ0QBZQ50DWRQQ32PAEN6NX5,2025-06-30T15:30:25.310807813Z,MAXIMUM INCOME,2025-06-30T15:35:30.551359784Z,"{""networkStruct"":""reciprocal"",""playerCount"":6}",2025-06-30T15:30:25.421016547Z,"Reciprocal, Redundancy",2025-06-30T15:30:25.421016547Z,{},2025-06-30T15:30:25.479436987Z,TaskQueue,2025-06-30T15:40:26.158591844Z
01JZ0SNAX1B595RP7S7B0WD649,,,,,,,,,game ended,2025-06-30T16:21:06.858549254Z,,,,,,,01JZ0S9GBDE95BAEJ35DY3VGC4,2025-06-30T16:10:28.682091586Z,4,2025-06-30T16:10:33.294487714Z,true,2025-06-30T16:10:34.229203189Z,true,2025-06-30T16:15:54.658475528Z,Player 5,2025-06-30T16:11:37.717035802Z,,,,,01JZ0SNAVJFVYK5XY9BXN7VNED,2025-06-30T16:10:28.641746869Z,,,"{""networkStruct"":""reciprocal"",""playerCount"":6}",2025-06-30T16:10:28.682091586Z,"Reciprocal, Redundancy",2025-06-30T16:10:28.682091586Z,{},2025-06-30T16:10:28.711517849Z,,
01JZ0SPV15CJXJBP01TVYJ880Q,,,,,,,,,no more games,2025-06-30T16:38:40.809469116Z,1,2025-06-30T16:13:04.056113252Z,"{""age"":""58"",""gender"":""f"",""strength"":"""",""fair"":"""",""feedback"":"""",""education"":""master""}",2025-06-30T16:13:03.99071034Z,,,null,2025-06-30T16:38:40.809469116Z,3,2025-06-30T16:12:18.005500608Z,,,,,,,,,,,01JZ0SPTFWMHZFGPTMP11D4AZX,2025-06-30T16:11:17.92554056Z,,,"{""networkStruct"":""reciprocal"",""playerCount"":6}",2025-06-30T16:11:17.966663102Z,"Reciprocal, Redundancy",2025-06-30T16:11:17.966663102Z,{},2025-06-30T16:11:18.151037494Z,,
01JZ0H6EEFSCJKZ89CKKRRVF40,true,2025-06-30T13:50:33.171494146Z,true,2025-06-30T13:50:29.27946282Z,,,neighborhood_8,2025-06-30T13:54:30.75009834Z,game ended,2025-06-30T13:55:43.971020499Z,1,2025-06-30T13:56:28.464591039Z,"{""age"":""41"",""gender"":""male"",""strength"":""waste of time"",""fair"":""who knows"",""feedback"":""ask chat gpt"",""education"":""bachelor""}",2025-06-30T13:56:28.459940591Z,"[[78,138],[149,209]]",2025-06-30T13:50:33.171494146Z,01JZ0H1K706F68YJ8PB50DJAH3,2025-06-30T13:44:07.020029724Z,4,2025-06-30T13:44:01.390822533Z,true,2025-06-30T13:44:49.384645126Z,,,Player 5,2025-06-30T13:46:20.775367428Z,1,2025-06-30T13:54:27.688646322Z,false,2025-06-30T13:54:13.326075364Z,01JZ0H6EC2YSBX4GB4TERWZFCZ,2025-06-30T13:42:32.143873636Z,,,"{""networkStruct"":""pooled"",""playerCount"":6}",2025-06-30T13:42:32.159268037Z,"Pooled, Redundancy",2025-06-30T13:42:32.159268037Z,{},2025-06-30T13:42:32.206752011Z,TaskScreen,2025-06-30T13:54:30.75917133Z
01JZ0M3AJTJTBWN32ZGK0JDM10,true,2025-06-30T14:42:32.418956253Z,true,2025-06-30T14:42:26.762484951Z,2,2025-06-30T14:47:36.413222751Z,neighborhood_13,2025-06-30T14:47:36.397603847Z,game ended,2025-06-30T14:47:43.291129142Z,1,2025-06-30T14:50:57.001233975Z,"{""age"":""26"",""gender"":""male"",""strength"":""It was ok but I got sick two times making me complete only two tasks"",""fair"":""a bit"",""feedback"":""Consider putting a . when dealing with large numbers"",""education"":""high-school""}",2025-06-30T14:50:57.008667146Z,"[[114,174],[198,258]]",2025-06-30T14:42:32.418956253Z,01JZ0KZHH6W8XDVC696R9C92DG,2025-06-30T14:36:50.767871907Z,4,2025-06-30T14:36:57.159344352Z,true,2025-06-30T14:37:46.442707139Z,,,Player 3,2025-06-30T14:38:19.470517074Z,3,2025-06-30T14:47:33.321807793Z,false,2025-06-30T14:47:01.103263067Z,01JZ0M39GB5MVP7FZSTH9DNTV1,2025-06-30T14:33:15.610625308Z,MAXIMUM INCOME,2025-06-30T14:42:32.418956253Z,"{""networkStruct"":""reciprocal"",""playerCount"":6}",2025-06-30T14:33:15.628386344Z,"Reciprocal, Redundancy",2025-06-30T14:33:15.628386344Z,{},2025-06-30T14:33:16.140998517Z,TaskScreen,2025-06-30T14:47:36.42890701Z
01JZ0SFAB8AJ95H1FWSSMEW656,,,,,,,,,game ended,2025-06-30T16:22:18.910515003Z,,,,,,,01JZ0S9GD9MABT2H3JKQDC0TB1,2025-06-30T16:07:11.498090157Z,4,2025-06-30T16:08:21.681825998Z,true,2025-06-30T16:08:44.176952301Z,true,2025-06-30T16:17:06.57682579Z,Player 3,2025-06-30T16:12:44.947921387Z,,,,,01JZ0SFA8TSQ8A37JGMSJ4AF42,2025-06-30T16:07:11.464039859Z,,,"{""networkStruct"":""reciprocal"",""playerCount"":6}",2025-06-30T16:07:11.498090157Z,"Reciprocal, Redundancy",2025-06-30T16:07:11.498090157Z,{},2025-06-30T16:07:11.535701276Z,,
01JZ0SMQXV1DDFCHV33AY50M6P,true,2025-06-30T16:22:14.621005583Z,true,2025-06-30T16:22:09.530270517Z,,,neighborhood_2,2025-06-30T16:25:56.685391518Z,game ended,2025-06-30T16:27:26.613748644Z,1,2025-06-30T16:33:28.031742149Z,"{""age"":""35"",""gender"":""Male"",""strength"":""I thought the game was interesting."",""fair"":""No."",""feedback"":""I like it the way it is except for the part where  I cannot play because I am sick."",""education"":""bachelor""}",2025-06-30T16:33:27.975267968Z,"[[59,119],[143,203]]",2025-06-30T16:22:14.621005583Z,01JZ0S9G8MSQJNW9QDDX82T8EZ,2025-06-30T16:10:09.263409866Z,4,2025-06-30T16:10:49.126081387Z,true,2025-06-30T16:10:57.901617074Z,,,Player 2,2025-06-30T16:17:55.534285086Z,1,2025-06-30T16:25:51.342585917Z,false,2025-06-30T16:25:41.559243533Z,01JZ0SMQEB77W8R88D4ECF6SMQ,2025-06-30T16:10:09.211164622Z,,,"{""networkStruct"":""pooled"",""playerCount"":6}",2025-06-30T16:10:09.263409866Z,"Pooled, Redundancy",2025-06-30T16:10:09.263409866Z,{},2025-06-30T16:10:09.512208652Z,TaskScreen,2025-06-30T16:25:56.657023049Z
01JZ0M1ME27Y1N3FYW0PRRTSM1,true,2025-06-30T14:40:29.145965529Z,true,2025-06-30T14:40:21.448453519Z,null,2025-06-30T14:40:56.570157189Z,null,2025-06-30T14:40:56.407495463Z,game ended,2025-06-30T14:45:39.98977195Z,1,2025-06-30T14:49:35.548494637Z,"{""age"":""52"",""gender"":""Female"",""strength"":""I didnt really get to play properly, and my screen went blank."",""fair"":""I didn't get to work with them because my screen went blank"",""feedback"":""Please have a consistant connection. I done more work doing the training than on the game sadly."",""education"":""high-school""}",2025-06-30T14:49:35.341840099Z,"[[237,297],[137,197]]",2025-06-30T14:40:29.145965529Z,01JZ0KZHGK1V8ZC0AXDBXBYAX9,2025-06-30T14:32:20.181770954Z,4,2025-06-30T14:33:32.003711448Z,true,2025-06-30T14:34:08.569666824Z,,,Player 2,2025-06-30T14:36:16.486205928Z,1,2025-06-30T14:40:56.39208113Z,false,2025-06-30T14:45:34.690129947Z,01JZ0M1KN9HNBNQXG8VD0E9YRS,2025-06-30T14:32:20.162658925Z,AVERAGE PEOPLE,2025-06-30T14:40:29.145965529Z,"{""networkStruct"":""reciprocal"",""playerCount"":6}",2025-06-30T14:32:20.181770954Z,"Reciprocal, Redundancy",2025-06-30T14:32:20.181770954Z,{},2025-06-30T14:32:20.591437889Z,TaskQueue,2025-06-30T14:40:56.586711761Z
01JZ0RAVXZQ0FES5XXPFTQPKP9,,,,,,,,,game ended,2025-06-30T15:57:53.622505034Z,,,,,,,01JZ0R44YW0T94WKHD2ZAT9VPC,2025-06-30T15:47:17.094960835Z,4,2025-06-30T15:48:03.808717337Z,true,2025-06-30T15:48:25.565253752Z,true,2025-06-30T15:52:41.883902819Z,Player 5,2025-06-30T15:48:25.999998778Z,,,,,01JZ0RAVPZG0A0JVP4SRE3B2T8,2025-06-30T15:47:17.055587399Z,,,"{""networkStruct"":""reciprocal"",""playerCount"":6}",2025-06-30T15:47:17.094960835Z,"Reciprocal, Redundancy",2025-06-30T15:47:17.094960835Z,{},2025-06-30T15:47:17.184716057Z,,
01JZ0P1TX10FFYPX0ZCGHE89AS,true,2025-06-30T15:14:57.347710686Z,true,2025-06-30T15:14:52.839220877Z,3,2025-06-30T15:20:03.926323725Z,neighborhood_2,2025-06-30T15:20:03.984923829Z,game ended,2025-06-30T15:20:08.823053898Z,1,2025-06-30T15:21:42.137256805Z,"{""age"":""53"",""gender"":""Male"",""strength"":""It didn't work correctly. I completed the first commute calculation and then it froze."",""fair"":""I don't know because I was frozen out of the game."",""feedback"":""I think the reliability of the game needs to be improved upon. My screen froze which meant I didn't really get to play the game."",""education"":""high-school""}",2025-06-30T15:21:42.148956683Z,"[[233,293],[124,184]]",2025-06-30T15:14:57.347710686Z,01JZ0NSNACQB6FV8GE0XS7JKF9,2025-06-30T15:08:43.989988421Z,4,2025-06-30T15:08:58.261849557Z,true,2025-06-30T15:09:40.654361643Z,,,Player 4,2025-06-30T15:10:44.365595255Z,1,2025-06-30T15:15:30.07271973Z,false,2025-06-30T15:20:01.850670707Z,01JZ0P1TH4TQ2Q97WHCDNHF6P2,2025-06-30T15:07:23.937132675Z,CHILDREN'S COMMUTE DISTANCE,2025-06-30T15:14:57.347710686Z,"{""networkStruct"":""reciprocal"",""playerCount"":6}",2025-06-30T15:07:23.963468896Z,"Reciprocal, Redundancy",2025-06-30T15:07:23.963468896Z,{},2025-06-30T15:07:24.176005384Z,TaskScreen,2025-06-30T15:20:03.950154927Z
01JZ0PF2V4RTPDWDRQG4CJRS6D,,,,,,,,,game ended,2025-06-30T15:31:00.086517326Z,,,,,,,01JZ0PDFFH0EDR9F9CYFN0TQY3,2025-06-30T15:14:38.078199442Z,4,2025-06-30T15:16:44.245259441Z,true,2025-06-30T15:18:01.926417332Z,true,2025-06-30T15:25:48.896822644Z,Player 1,2025-06-30T15:21:33.476856964Z,,,,,01JZ0PF2DXY41VX327GAPMGJ0T,2025-06-30T15:14:38.052052676Z,,,"{""networkStruct"":""pooled"",""playerCount"":6}",2025-06-30T15:14:38.078199442Z,"Pooled, Redundancy",2025-06-30T15:14:38.078199442Z,"{""fbclid"":""IwY2xjawLPiLhleHRuA2FlbQIxMABicmlkETByY3diaUxMZHFDZWNibm8zAR7oUGvLOOmXA8vYGhTkIiI6bB3AErtnbq7BrUcwmbolrwXGMhscy4G_gNuZBg_aem_nJJJJlYsrq9QReYbdWowyA""}",2025-06-30T15:14:38.294597971Z,,
01JZ0R6CGJ8B7W9F7796J58SA2,,,,,,,,,no more games,2025-06-30T16:40:21.09783098Z,,,,,,,null,2025-06-30T16:40:21.09783098Z,4,2025-06-30T15:48:13.15368551Z,,,,,,,,,,,01JZ0R6C5B4ZE1F4F5H5VNJD1B,2025-06-30T15:44:50.194666919Z,,,"{""networkStruct"":""pooled"",""playerCount"":6}",2025-06-30T15:44:50.254905403Z,"Pooled, Redundancy",2025-06-30T15:44:50.254905403Z,{},2025-06-30T15:44:50.411320056Z,,
01JZ0RJ1H4PSEW6ZTNC5Q0RXCT,,,,,,,,,no more games,2025-06-30T16:38:40.809469116Z,1,2025-06-30T15:52:28.927586335Z,"{""age"":""47"",""gender"":""female "",""strength"":""none"",""fair"":""none"",""feedback"":""nothing "",""education"":""high-school""}",2025-06-30T15:52:28.949027757Z,,,null,2025-06-30T16:38:40.809469116Z,,,,,,,,,,,,,01JZ0RJ16457DVHPWGP6TS77JB,2025-06-30T15:51:12.16452135Z,,,"{""networkStruct"":""reciprocal"",""playerCount"":6}",2025-06-30T15:51:12.221406964Z,"Reciprocal, Redundancy",2025-06-30T15:51:12.221406964Z,{},2025-06-30T15:51:12.475141086Z,,
01JZ0FAQ43V78XYW2QXV1TR5P8,,,,,,,,,no more games,2025-06-30T16:38:40.809469116Z,,,,,,,null,2025-06-30T16:38:40.809469116Z,,,,,,,,,,,,,01JZ0FAPS7M07JDG0X4FPQF67V,2025-06-30T13:09:54.947404406Z,,,"{""networkStruct"":""reciprocal"",""playerCount"":6}",2025-06-30T13:09:54.953544366Z,"Reciprocal, Redundancy",2025-06-30T13:09:54.953544366Z,{},2025-06-30T13:09:55.176140693Z,,
01JZ0JP3H5ZBY270NSRJET22GY,true,2025-06-30T14:17:35.202836755Z,true,2025-06-30T14:17:28.14399477Z,,,neighborhood_8,2025-06-30T14:22:09.461907667Z,game ended,2025-06-30T14:22:46.120437842Z,1,2025-06-30T14:23:15.968437711Z,"{""age"":""33"",""gender"":""male"",""strength"":""I thought it was interesting."",""fair"":""yes"",""feedback"":""I have no idea"",""education"":""high-school""}",2025-06-30T14:23:15.985540193Z,"[[100,160],[199,259]]",2025-06-30T14:17:35.202836755Z,01JZ0JJRK7MTN7FAC1224V82KC,2025-06-30T14:08:33.848311109Z,4,2025-06-30T14:09:21.873846005Z,true,2025-06-30T14:09:48.867190943Z,,,Player 3,2025-06-30T14:13:21.85843509Z,2,2025-06-30T14:21:03.827705736Z,false,2025-06-30T14:22:04.880149688Z,01JZ0JP3C6T7K98JV40M9MF22V,2025-06-30T14:08:33.829041752Z,,,"{""networkStruct"":""pooled"",""playerCount"":6}",2025-06-30T14:08:33.848311109Z,"Pooled, Redundancy",2025-06-30T14:08:33.848311109Z,{},2025-06-30T14:08:33.928577609Z,TaskScreen,2025-06-30T14:22:09.454328368Z
01JZ0H4BNVJDAKGEAV3D5Z23CC,true,2025-06-30T13:48:46.522324349Z,true,2025-06-30T13:48:39.993821351Z,2,2025-06-30T13:53:55.978329413Z,neighborhood_14,2025-06-30T13:53:55.949712299Z,game ended,2025-06-30T13:53:58.052889715Z,1,2025-06-30T13:54:37.082027155Z,"{""age"":""48"",""gender"":""Male"",""strength"":""Fun and stressful"",""fair"":""Not sure"",""feedback"":""Can't think of anything"",""education"":""bachelor""}",2025-06-30T13:54:37.07268032Z,"[[82,142],[159,219]]",2025-06-30T13:48:46.522324349Z,01JZ0H1K7C3FKHJS5GP9RE7N8D,2025-06-30T13:41:23.787722614Z,4,2025-06-30T13:42:12.995557235Z,true,2025-06-30T13:42:44.95656875Z,,,Player 4,2025-06-30T13:44:33.863206911Z,7,2025-06-30T13:53:54.282438377Z,false,2025-06-30T13:52:35.475402203Z,01JZ0H4B8J2T44NT7QHHG0BE3A,2025-06-30T13:41:23.771861274Z,MAXIMUM INCOME,2025-06-30T13:48:46.522324349Z,"{""networkStruct"":""reciprocal"",""playerCount"":6}",2025-06-30T13:41:23.787722614Z,"Reciprocal, Redundancy",2025-06-30T13:41:23.787722614Z,{},2025-06-30T13:41:24.000572088Z,TaskScreen,2025-06-30T13:53:55.963806806Z
01JZ0SK9JXYJAB5JG2TDNVPFF3,true,2025-06-30T16:15:42.114269263Z,true,2025-06-30T16:15:34.372862912Z,,,null,2025-06-30T16:20:49.879926772Z,game ended,2025-06-30T16:20:54.599486241Z,1,2025-06-30T16:21:38.017265327Z,"{""age"":""41"",""gender"":""Female"",""strength"":""Interesting :)"",""fair"":""Yes"",""feedback"":""Make it a bit more interactive"",""education"":""master""}",2025-06-30T16:21:38.047466098Z,"[[161,221],[231,291]]",2025-06-30T16:15:42.114269263Z,01JZ0S9G9GQDAYDBEESMGH4RA5,2025-06-30T16:09:21.806123139Z,4,2025-06-30T16:10:19.237392211Z,true,2025-06-30T16:11:26.132256568Z,,,Player 6,2025-06-30T16:11:26.543339279Z,3,2025-06-30T16:20:49.912783196Z,false,2025-06-30T16:20:45.287806492Z,01JZ0SK8ZPAXJ6JC4WZV52CYJ4,2025-06-30T16:09:21.757975768Z,,,"{""networkStruct"":""pooled"",""playerCount"":6}",2025-06-30T16:09:21.806123139Z,"Pooled, Redundancy",2025-06-30T16:09:21.806123139Z,{},2025-06-30T16:09:22.132425367Z,TaskQueue,2025-06-30T16:20:49.847506149Z
01JZ0FADD51092PGF93HCJXD7M,,,,,,,,,no more games,2025-06-30T16:38:40.809469116Z,,,,,,,null,2025-06-30T16:38:40.809469116Z,,,,,,,,,,,,,01JZ0FACXQ84Y3X4AX7VZ1MQBH,2025-06-30T13:09:44.997471324Z,,,"{""networkStruct"":""reciprocal"",""playerCount"":6}",2025-06-30T13:09:45.008133142Z,"Reciprocal, Redundancy",2025-06-30T13:09:45.008133142Z,{},2025-06-30T13:09:45.359591596Z,,
01JZ0FMGSF0PK3CA9HTNHT34W1,,,,,,,,,game ended,2025-06-30T13:28:52.161827263Z,,,,,,,01JZ0F67Z8B8A42G6Y5XQ0NS83,2025-06-30T13:15:16.156675141Z,4,2025-06-30T13:17:47.503377478Z,true,2025-06-30T13:19:15.892365722Z,true,2025-06-30T13:23:40.775353933Z,Player 6,2025-06-30T13:19:26.694911776Z,,,,,01JZ0FME6EKMRFEGWRQEJX62SS,2025-06-30T13:15:16.143354317Z,,,"{""networkStruct"":""pooled"",""playerCount"":6}",2025-06-30T13:15:16.156675141Z,"Pooled, Redundancy",2025-06-30T13:15:16.156675141Z,{},2025-06-30T13:15:16.796704589Z,,
01JZ0FD5H390ZWW74EY7R1D7W9,true,2025-06-30T13:18:12.859120691Z,true,2025-06-30T13:18:08.807765551Z,,,null,2025-06-30T13:22:47.70616321Z,game ended,2025-06-30T13:23:23.873914043Z,1,2025-06-30T13:25:01.069864384Z,"{""age"":""39"",""gender"":""male"",""strength"":""simple and fun"",""fair"":""not much"",""feedback"":""have different options to choose from and have all player choose one to select the one with more votes as the correct one"",""education"":""bachelor""}",2025-06-30T13:25:01.062598859Z,"[[141,201],[9,69]]",2025-06-30T13:18:12.859120691Z,01JZ0F67Z228X9RHKVM8F1277D,2025-06-30T13:11:58.217723062Z,4,2025-06-30T13:12:07.72435059Z,true,2025-06-30T13:12:51.18405295Z,,,Player 6,2025-06-30T13:14:00.262213406Z,1,2025-06-30T13:22:47.69939168Z,false,2025-06-30T13:21:45.620138212Z,01JZ0FD51NBHB75GJTCPWJCDST,2025-06-30T13:11:15.235095432Z,,,"{""networkStruct"":""pooled"",""playerCount"":6}",2025-06-30T13:11:15.244151707Z,"Pooled, Redundancy",2025-06-30T13:11:15.244151707Z,{},2025-06-30T13:11:15.512802261Z,TaskQueue,2025-06-30T13:22:47.712463079Z
01JZ0P2VRWVMWZZ8N9Z8Y5JQ15,,,,,,,,,game ended,2025-06-30T15:20:08.823053898Z,,,,,,,01JZ0NSNACQB6FV8GE0XS7JKF9,2025-06-30T15:07:57.669044185Z,4,2025-06-30T15:08:00.346339432Z,true,2025-06-30T15:08:00.874241646Z,true,2025-06-30T15:14:57.347710686Z,Player 5,2025-06-30T15:10:44.365595255Z,,,,,01JZ0P2VQ6FQ1Y44XQ2BCNJE8Q,2025-06-30T15:07:57.5961557Z,,,"{""networkStruct"":""reciprocal"",""playerCount"":6}",2025-06-30T15:07:57.669044185Z,"Reciprocal, Redundancy",2025-06-30T15:07:57.669044185Z,{},2025-06-30T15:07:57.697905073Z,,
01JZ0FBJ9NFFKS2CKGHWFB4VM8,true,2025-06-30T13:17:05.188749932Z,true,2025-06-30T13:16:57.257943812Z,2,2025-06-30T13:21:53.033467496Z,neighborhood_8,2025-06-30T13:21:53.026407859Z,game ended,2025-06-30T13:22:15.982906177Z,1,2025-06-30T13:22:54.771898517Z,"{""age"":""33"",""gender"":""Female"",""strength"":""It was fun and quick."",""fair"":""Yes."",""feedback"":""Maybe have the teammates communicate more."",""education"":""bachelor""}",2025-06-30T13:22:54.752859623Z,"[[85,145],[166,226]]",2025-06-30T13:17:05.188749932Z,01JZ0F67ZFPZEHV6BKFXQYDXZZ,2025-06-30T13:10:22.780404732Z,4,2025-06-30T13:11:10.688404012Z,true,2025-06-30T13:11:44.331346757Z,,,Player 3,2025-06-30T13:12:50.746798512Z,6,2025-06-30T13:21:50.473612505Z,false,2025-06-30T13:21:02.048177907Z,01JZ0FBJ34CM6GZ9R12P5SEDS4,2025-06-30T13:10:22.773648722Z,MAXIMUM INCOME,2025-06-30T13:17:05.188749932Z,"{""networkStruct"":""reciprocal"",""playerCount"":6}",2025-06-30T13:10:22.780404732Z,"Reciprocal, Redundancy",2025-06-30T13:10:22.780404732Z,{},2025-06-30T13:10:22.978654699Z,TaskScreen,2025-06-30T13:21:53.039693743Z
01JZ0FBTADG31H10PAMS1NCN0Q,true,2025-06-30T13:19:39.921951137Z,true,2025-06-30T13:19:32.40464423Z,2,2025-06-30T13:23:30.510466599Z,neighborhood_10,2025-06-30T13:23:30.523711423Z,game ended,2025-06-30T13:24:51.429180554Z,1,2025-06-30T13:25:31.561863322Z,"{""age"":""42"",""gender"":""feminine"",""strength"":""it was frustrating to be locked out"",""fair"":""yes"",""feedback"":""Not sure you can - depends on your objectives!"",""education"":""master""}",2025-06-30T13:25:31.555521228Z,"[[223,283],[17,77]]",2025-06-30T13:19:39.921951137Z,01JZ0F67ZBCBNFH7W25EXNBXDS,2025-06-30T13:10:31.000380523Z,4,2025-06-30T13:11:30.849667732Z,true,2025-06-30T13:11:56.407886618Z,,,Player 3,2025-06-30T13:15:26.12214859Z,7,2025-06-30T13:23:28.169535803Z,false,2025-06-30T13:24:34.717920695Z,01JZ0FBSPEEWHG0XT143Z7QTN7,2025-06-30T13:10:30.989270746Z,MAXIMUM INCOME,2025-06-30T13:19:39.921951137Z,"{""networkStruct"":""reciprocal"",""playerCount"":6}",2025-06-30T13:10:31.000380523Z,"Reciprocal, Redundancy",2025-06-30T13:10:31.000380523Z,{},2025-06-30T13:10:31.451762077Z,TaskScreen,2025-06-30T13:23:30.491464284Z
01JZ0M1DADVFP84XH2E4QDPEBE,true,2025-06-30T14:42:32.418956253Z,true,2025-06-30T14:42:28.43726642Z,1,2025-06-30T14:47:38.695990491Z,neighborhood_8,2025-06-30T14:47:38.683077176Z,game ended,2025-06-30T14:47:43.291129142Z,1,2025-06-30T14:48:24.128822932Z,"{""age"":""36"",""gender"":""Female"",""strength"":""i have no idea"",""fair"":"""",""feedback"":"""",""education"":""bachelor""}",2025-06-30T14:48:24.136735875Z,"[[102,162],[35,95]]",2025-06-30T14:42:32.418956253Z,01JZ0KZHH6W8XDVC696R9C92DG,2025-06-30T14:36:59.299476154Z,4,2025-06-30T14:36:30.804552885Z,true,2025-06-30T14:37:56.220678132Z,,,Player 1,2025-06-30T14:38:19.470517074Z,6,2025-06-30T14:47:36.063394165Z,false,2025-06-30T14:45:27.762957641Z,01JZ0M1CY3VY0WRG8CTNVD57E3,2025-06-30T14:32:12.877310051Z,AVERAGE PEOPLE,2025-06-30T14:42:32.418956253Z,"{""networkStruct"":""reciprocal"",""playerCount"":6}",2025-06-30T14:32:12.896130898Z,"Reciprocal, Redundancy",2025-06-30T14:32:12.896130898Z,{},2025-06-30T14:32:13.094356236Z,TaskScreen,2025-06-30T14:47:38.670058514Z
01JZ0NCH65T5YAFMH2EDFYXMCM,true,2025-06-30T15:05:48.218702598Z,true,2025-06-30T15:05:41.446640842Z,,,neighborhood_12,2025-06-30T15:10:35.109726768Z,game ended,2025-06-30T15:10:59.129102617Z,1,2025-06-30T15:11:49.245637444Z,"{""age"":""50"",""gender"":""male"",""strength"":""I thought it was interesting "",""fair"":""I think they did what they could given the time "",""feedback"":""I'm not sure , I think it worked as intended "",""education"":""high-school""}",2025-06-30T15:11:49.224224215Z,"[[56,116],[141,201]]",2025-06-30T15:05:48.218702598Z,01JZ0N9PPX2EBNCBEJCH5EHX43,2025-06-30T14:55:45.919106576Z,4,2025-06-30T14:57:04.774202913Z,true,2025-06-30T14:57:22.056881532Z,,,Player 1,2025-06-30T15:01:35.180269655Z,3,2025-06-30T15:10:30.832375041Z,false,2025-06-30T15:09:20.722169587Z,01JZ0NCH2GR9T4VHG1WHG24TBA,2025-06-30T14:55:45.861982734Z,,,"{""networkStruct"":""pooled"",""playerCount"":6}",2025-06-30T14:55:45.919106576Z,"Pooled, Redundancy",2025-06-30T14:55:45.919106576Z,{},2025-06-30T14:55:45.962073174Z,TaskScreen,2025-06-30T15:10:35.120431184Z
01JZ0Q7M09XJBYMG64Y89317N8,,,,,,,,,game ended,2025-06-30T15:37:41.654996579Z,,,,,,,01JZ0Q0CWNKJYDS4SW61Q7VTQN,2025-06-30T15:28:02.099881611Z,4,2025-06-30T15:28:04.863886997Z,true,2025-06-30T15:28:05.496154781Z,true,2025-06-30T15:32:29.96569497Z,Player 5,2025-06-30T15:28:15.289405726Z,,,,,01JZ0Q7KYEP5SCAM8DFAXAVQ04,2025-06-30T15:28:02.057704714Z,,,"{""networkStruct"":""reciprocal"",""playerCount"":6}",2025-06-30T15:28:02.099881611Z,"Reciprocal, Redundancy",2025-06-30T15:28:02.099881611Z,{},2025-06-30T15:28:02.127801917Z,,
01JZ0R650HM6CA46MBYW3JYRJ9,true,2025-06-30T15:54:52.649798934Z,true,2025-06-30T15:54:44.633644867Z,null,2025-06-30T16:00:04.75370163Z,null,2025-06-30T16:00:04.836531538Z,game ended,2025-06-30T16:00:05.404908678Z,1,2025-06-30T16:11:21.305851746Z,"{""age"":""33"",""gender"":""Male"",""strength"":""I think the game is interested as it relies on your teammates cooperation aswell as your own for optimal performance."",""fair"":""I believe my team mates were useful in completing the task(s) assigned to them."",""feedback"":""I was comfortable to understand my assignment during the task so I don't believe any alterations are necessary."",""education"":""other""}",2025-06-30T16:11:21.219908708Z,"[[52,112],[236,296]]",2025-06-30T15:54:52.649798934Z,01JZ0R44ZYB02HBRR2X1W771BR,2025-06-30T15:44:42.542718309Z,4,2025-06-30T15:45:32.559450149Z,true,2025-06-30T15:45:42.57651416Z,,,Player 2,2025-06-30T15:50:36.987529931Z,3,2025-06-30T16:00:04.927762555Z,false,2025-06-30T16:00:01.381521155Z,01JZ0R64N98Z4SBZ9TKWV5RXDX,2025-06-30T15:44:42.513571153Z,MAXIMUM INCOME,2025-06-30T15:54:52.649798934Z,"{""networkStruct"":""reciprocal"",""playerCount"":6}",2025-06-30T15:44:42.542718309Z,"Reciprocal, Redundancy",2025-06-30T15:44:42.542718309Z,{},2025-06-30T15:44:42.745374577Z,TaskQueue,2025-06-30T16:00:04.888682207Z
01JZ0FH8ME21HSJEQV93FGWS4V,true,2025-06-30T13:22:59.094054261Z,true,2025-06-30T13:22:52.141759945Z,,,neighborhood_13,2025-06-30T13:27:53.618589352Z,game ended,2025-06-30T13:28:10.35944934Z,1,2025-06-30T13:29:09.817640594Z,"{""age"":""23"",""gender"":""Female"",""strength"":""It was a bit confusing"",""fair"":""Somewhat"",""feedback"":""I dont know"",""education"":""bachelor""}",2025-06-30T13:29:09.831060001Z,"[[126,186],[194,254]]",2025-06-30T13:22:59.094054261Z,01JZ0F67Z9QH00F8GAYATW0H4D,2025-06-30T13:13:29.500094852Z,4,2025-06-30T13:14:45.552605927Z,true,2025-06-30T13:15:37.100047377Z,,,Player 5,2025-06-30T13:18:46.184963331Z,1,2025-06-30T13:27:46.196442494Z,false,2025-06-30T13:27:25.104442466Z,01JZ0FH85CA5GW0C0FT1TSMV83,2025-06-30T13:13:29.486986079Z,,,"{""networkStruct"":""pooled"",""playerCount"":6}",2025-06-30T13:13:29.500094852Z,"Pooled, Redundancy",2025-06-30T13:13:29.500094852Z,{},2025-06-30T13:13:29.751058023Z,TaskScreen,2025-06-30T13:27:53.626161968Z
01JZ0H45MHCSY2Q70D0QH5HSR8,true,2025-06-30T13:48:58.453374755Z,true,2025-06-30T13:48:49.987966689Z,2,2025-06-30T13:52:47.99989759Z,neighborhood_10,2025-06-30T13:52:48.012405202Z,game ended,2025-06-30T13:54:09.375027459Z,1,2025-06-30T13:54:59.505439716Z,"{""age"":""45"",""gender"":""Male"",""strength"":""It was interesting. A little frustrating when you were out sick twice."",""fair"":""I have no idea."",""feedback"":""Nothing I can think of."",""education"":""bachelor""}",2025-06-30T13:54:59.512124175Z,"[[53,113],[232,292]]",2025-06-30T13:48:58.453374755Z,01JZ0H1K78HDDW9F2WM1P8VZMN,2025-06-30T13:41:17.596690976Z,4,2025-06-30T13:42:36.6797889Z,true,2025-06-30T13:43:13.439821788Z,,,Player 4,2025-06-30T13:44:45.571211867Z,6,2025-06-30T13:52:47.718939473Z,false,2025-06-30T13:54:01.334632454Z,01JZ0H442NVT4YEXEKYMQPJRV7,2025-06-30T13:41:17.585613754Z,MAXIMUM INCOME,2025-06-30T13:48:58.453374755Z,"{""networkStruct"":""reciprocal"",""playerCount"":6}",2025-06-30T13:41:17.596690976Z,"Reciprocal, Redundancy",2025-06-30T13:41:17.596690976Z,{},2025-06-30T13:41:17.940994219Z,TaskScreen,2025-06-30T13:52:48.024096751Z
01JZ0JMRHQNNVVVJT7WR7062BD,true,2025-06-30T14:14:46.59471066Z,true,2025-06-30T14:14:38.694229159Z,,,null,2025-06-30T14:18:49.468654218Z,game ended,2025-06-30T14:19:57.888045151Z,1,2025-06-30T14:21:00.151120829Z,"{""age"":""54"",""gender"":""male"",""strength"":""It was okay. Easy. I hated being out sick twice and having to wait."",""fair"":""Yes. I did 2 out of 14, so a little under the average required of me."",""feedback"":""No suggestions. I thought it was fine."",""education"":""high-school""}",2025-06-30T14:21:00.161649854Z,"[[145,205],[52,112]]",2025-06-30T14:14:46.59471066Z,01JZ0JJRMQ32S1DDP8PZN3RKEA,2025-06-30T14:07:49.830009355Z,4,2025-06-30T14:09:08.577877633Z,true,2025-06-30T14:09:41.50098913Z,,,Player 3,2025-06-30T14:10:34.358382813Z,2,2025-06-30T14:18:49.453801603Z,false,2025-06-30T14:18:19.578869993Z,01JZ0JMRET7NR1X2DP5ESK6AAN,2025-06-30T14:07:49.815727769Z,,,"{""networkStruct"":""pooled"",""playerCount"":6}",2025-06-30T14:07:49.830009355Z,"Pooled, Redundancy",2025-06-30T14:07:49.830009355Z,{},2025-06-30T14:07:49.893110483Z,TaskQueue,2025-06-30T14:18:49.445569054Z
01JZ0M8DFBJS2YBJHXJKC1TZ15,,,,,,,,,no more games,2025-06-30T16:38:40.809469116Z,1,2025-06-30T14:40:44.682593608Z,"{""age"":""47"",""gender"":""Male"",""strength"":""I thought the game was engaging and made me think critically about patterns and reasoning."",""fair"":""Yes."",""feedback"":""I think no improvements are needed."",""education"":""master""}",2025-06-30T14:40:44.669774687Z,,,null,2025-06-30T16:38:40.809469116Z,,,,,,,,,,,,,01JZ0M8BJ370GEV38XHAGMQZRH,2025-06-30T14:36:02.411663972Z,,,"{""networkStruct"":""reciprocal"",""playerCount"":6}",2025-06-30T14:36:02.434669699Z,"Reciprocal, Redundancy",2025-06-30T14:36:02.434669699Z,{},2025-06-30T14:36:02.759868477Z,,
01JZ0FAZSM5RWSWDK86JFF6JZ6,true,2025-06-30T13:16:22.641627832Z,true,2025-06-30T13:16:13.222519848Z,null,2025-06-30T13:21:07.872489438Z,null,2025-06-30T13:21:07.846867555Z,game ended,2025-06-30T13:21:33.60435237Z,1,2025-06-30T13:23:11.449864421Z,"{""age"":""43"",""gender"":""male"",""strength"":""I quite enjoyed it."",""fair"":""Difficult to say, but I thought I answered most of my column."",""feedback"":""After I entered a number I had to reload several times. It might be worth mentioning this if other people have the same issue."",""education"":""bachelor""}",2025-06-30T13:23:11.442022394Z,"[[71,131],[184,244]]",2025-06-30T13:16:22.641627832Z,01JZ0F67ZMW5MYVAMRDCKET4QV,2025-06-30T13:10:03.872977943Z,4,2025-06-30T13:10:49.064091674Z,true,2025-06-30T13:11:25.843880844Z,,,Player 3,2025-06-30T13:12:09.767493529Z,10,2025-06-30T13:21:07.853504272Z,false,2025-06-30T13:20:39.979931794Z,01JZ0FAZ9AY9YMYWFNSP17HJRX,2025-06-30T13:10:03.860194102Z,MAXIMUM INCOME,2025-06-30T13:16:22.641627832Z,"{""networkStruct"":""reciprocal"",""playerCount"":6}",2025-06-30T13:10:03.872977943Z,"Reciprocal, Redundancy",2025-06-30T13:10:03.872977943Z,{},2025-06-30T13:10:04.169448106Z,TaskQueue,2025-06-30T13:21:07.865574324Z
01JZ0FDAK0H7SHFFA8ZFRDR2Y5,true,2025-06-30T13:22:59.094054261Z,true,2025-06-30T13:22:51.364715373Z,,,null,2025-06-30T13:28:06.27741772Z,game ended,2025-06-30T13:28:10.35944934Z,1,2025-06-30T13:28:34.749239375Z,"{""age"":""30"",""gender"":""female"",""strength"":""great game"",""fair"":""yes"",""feedback"":""add more time to the game"",""education"":""master""}",2025-06-30T13:28:34.740861196Z,"[[57,117],[143,203]]",2025-06-30T13:22:59.094054261Z,01JZ0F67Z9QH00F8GAYATW0H4D,2025-06-30T13:13:38.913432128Z,4,2025-06-30T13:13:34.778895345Z,true,2025-06-30T13:14:27.526761669Z,,,Player 4,2025-06-30T13:18:46.184963331Z,2,2025-06-30T13:28:06.285593595Z,false,2025-06-30T13:24:29.29515087Z,01JZ0FDA1SAXBHJQE1Z46530WA,2025-06-30T13:11:20.416494803Z,,,"{""networkStruct"":""pooled"",""playerCount"":6}",2025-06-30T13:11:20.424535925Z,"Pooled, Redundancy",2025-06-30T13:11:20.424535925Z,{},2025-06-30T13:11:20.611543264Z,TaskQueue,2025-06-30T13:28:06.298841162Z
01JZ0T6HG4Z9MM9B64YAZ61PAA,true,2025-06-30T16:29:50.283392071Z,true,2025-06-30T16:29:42.897076593Z,null,2025-06-30T16:32:16.069182951Z,null,2025-06-30T16:32:15.971877624Z,game ended,2025-06-30T16:35:03.535483593Z,1,2025-06-30T16:35:58.297967406Z,"{""age"":""61"",""gender"":""Male"",""strength"":""Bit confusing when I had 2 periods of sickness"",""fair"":""No, considering there were \""supposed\"" to be 5 of us then some of the others didn't do any counting"",""feedback"":""Make sickness instructions clearer"",""education"":""high-school""}",2025-06-30T16:35:58.334201267Z,"[[159,219],[224,284]]",2025-06-30T16:29:50.283392071Z,01JZ0T59780CP4Z1F2CEHFDNAC,2025-06-30T16:19:52.490153593Z,4,2025-06-30T16:21:02.267831112Z,true,2025-06-30T16:21:22.365020926Z,,,Player 1,2025-06-30T16:25:32.363998543Z,9,2025-06-30T16:32:16.111688932Z,false,2025-06-30T16:34:48.127640923Z,01JZ0T6GZSRZZYZS59CYY4712S,2025-06-30T16:19:52.452075315Z,AVERAGE PEOPLE,2025-06-30T16:29:50.283392071Z,"{""networkStruct"":""reciprocal"",""playerCount"":6}",2025-06-30T16:19:52.490153593Z,"Reciprocal, Redundancy",2025-06-30T16:19:52.490153593Z,{},2025-06-30T16:19:52.79560474Z,TaskQueue,2025-06-30T16:32:16.01772468Z
01JZ0R87RQQ80K7DPTNHVHAFYR,,,,,,,,,game ended,2025-06-30T15:57:53.622505034Z,,,,,,,01JZ0R44YW0T94WKHD2ZAT9VPC,2025-06-30T15:45:50.907779515Z,4,2025-06-30T15:45:58.247410109Z,true,2025-06-30T15:46:03.238443265Z,true,2025-06-30T15:52:41.883902819Z,Player 3,2025-06-30T15:48:25.999998778Z,,,,,01JZ0R86W2E7V11D5FEBB8EVR1,2025-06-30T15:45:50.871628381Z,,,"{""networkStruct"":""reciprocal"",""playerCount"":6}",2025-06-30T15:45:50.907779515Z,"Reciprocal, Redundancy",2025-06-30T15:45:50.907779515Z,{},2025-06-30T15:45:51.406512292Z,,
01JZ0RBT6796S5A4H9Z433CQYQ,,,,,,,,,no more games,2025-06-30T16:40:21.09783098Z,1,2025-06-30T15:51:17.905694214Z,"{""age"":""27"",""gender"":""Male"",""strength"":"""",""fair"":"""",""feedback"":"""",""education"":""master""}",2025-06-30T15:51:17.87859463Z,,,null,2025-06-30T16:40:21.09783098Z,3,2025-06-30T15:49:46.292652775Z,,,,,,,,,,,01JZ0RBRAXV7MX378HKBB2AH3T,2025-06-30T15:47:48.039427643Z,,,"{""networkStruct"":""pooled"",""playerCount"":6}",2025-06-30T15:47:48.071931578Z,"Pooled, Redundancy",2025-06-30T15:47:48.071931578Z,{},2025-06-30T15:47:48.668707805Z,,
01JZ0M54HPQHGGA41RRPR08XFH,,,,,,,,,game ended,2025-06-30T14:46:23.991400533Z,,,,,,,01JZ0KZHHH6W8J7M02JDFMAQF5,2025-06-30T14:34:14.985636369Z,4,2025-06-30T14:34:20.128098429Z,true,2025-06-30T14:34:20.680228523Z,true,2025-06-30T14:41:12.869161495Z,Player 5,2025-06-30T14:36:59.540401191Z,,,,,01JZ0M54FZBH44X2Q6Q73GNCJN,2025-06-30T14:34:14.966674513Z,,,"{""networkStruct"":""reciprocal"",""playerCount"":6}",2025-06-30T14:34:14.985636369Z,"Reciprocal, Redundancy",2025-06-30T14:34:14.985636369Z,{},2025-06-30T14:34:15.011387037Z,,
01JZ0P2HBZHA7HCFQNGZVK111P,,,,,,,,,no more games,2025-06-30T16:38:40.809469116Z,,,,,,,null,2025-06-30T16:38:40.809469116Z,,,,,,,,,,,,,01JZ0P2HA200DQWTBM1FV8DVBX,2025-06-30T15:07:46.943432479Z,,,"{""networkStruct"":""reciprocal"",""playerCount"":6}",2025-06-30T15:07:46.968014099Z,"Reciprocal, Redundancy",2025-06-30T15:07:46.968014099Z,{},2025-06-30T15:07:46.990243567Z,,
01JZ0SMZHYMDQK8WF64HD0D3K4,true,2025-06-30T16:17:04.262744426Z,true,2025-06-30T16:16:58.010826366Z,3,2025-06-30T16:22:14.368575767Z,neighborhood_10,2025-06-30T16:22:14.401946726Z,game ended,2025-06-30T16:22:16.31355495Z,1,2025-06-30T16:22:55.207459149Z,"{""age"":""52"",""gender"":""agender"",""strength"":""it was interesting"",""fair"":""yes"",""feedback"":""dunno"",""education"":""other""}",2025-06-30T16:22:55.274606924Z,"[[151,211],[7,67]]",2025-06-30T16:17:04.262744426Z,01JZ0S9G72AZ3MF9HASHX1PW43,2025-06-30T16:10:17.070519323Z,4,2025-06-30T16:11:14.504045143Z,true,2025-06-30T16:11:31.584693543Z,,,Player 5,2025-06-30T16:12:44.118212777Z,10,2025-06-30T16:22:11.657590216Z,false,2025-06-30T16:20:47.608838257Z,01JZ0SMZ1N71ZZM5DR38M7P2FD,2025-06-30T16:10:17.022482512Z,CHILDREN'S COMMUTE DISTANCE,2025-06-30T16:17:04.262744426Z,"{""networkStruct"":""reciprocal"",""playerCount"":6}",2025-06-30T16:10:17.070519323Z,"Reciprocal, Redundancy",2025-06-30T16:10:17.070519323Z,{},2025-06-30T16:10:17.666709027Z,TaskScreen,2025-06-30T16:22:14.336639602Z
01JZ0SP12CPDZAZJNKRMES3PT5,,,,,,,,,game ended,2025-06-30T16:21:39.539519546Z,,,,,,,01JZ0S9GCCCNBKT0N3T9B2PH95,2025-06-30T16:10:51.394554897Z,4,2025-06-30T16:11:19.614228165Z,true,2025-06-30T16:11:33.098857339Z,true,2025-06-30T16:16:27.588476914Z,Player 4,2025-06-30T16:12:12.24391692Z,,,,,01JZ0SP0TD4T2372DVX8306BPN,2025-06-30T16:10:51.340488027Z,,,"{""networkStruct"":""reciprocal"",""playerCount"":6}",2025-06-30T16:10:51.394554897Z,"Reciprocal, Redundancy",2025-06-30T16:10:51.394554897Z,{},2025-06-30T16:10:51.495984335Z,,
01JZ0FB53ABA3J4GQAS9PQCVA2,true,2025-06-30T13:17:34.552909109Z,true,2025-06-30T13:17:33.429589902Z,,,null,2025-06-30T13:21:36.266548538Z,game ended,2025-06-30T13:22:45.451121977Z,1,2025-06-30T13:23:18.765503473Z,"{""age"":""34"",""gender"":""Male"",""strength"":""I liked it, I wish there had been more to do."",""fair"":""Yeah for sure."",""feedback"":""I think it worked great as is. Maybe show a list of how many each individual completed on the main screen"",""education"":""high-school""}",2025-06-30T13:23:18.753106396Z,"[[117,177],[236,296]]",2025-06-30T13:17:34.552909109Z,01JZ0F67ZT8SK3RX0KMQXRZR64,2025-06-30T13:10:09.266725702Z,4,2025-06-30T13:10:46.347424855Z,true,2025-06-30T13:11:17.731690258Z,,,Player 2,2025-06-30T13:13:22.797716316Z,3,2025-06-30T13:21:36.273757604Z,false,2025-06-30T13:22:41.835473309Z,01JZ0FB4QVH0SHHGCSPVEW81YS,2025-06-30T13:10:09.258245099Z,,,"{""networkStruct"":""pooled"",""playerCount"":6}",2025-06-30T13:10:09.266725702Z,"Pooled, Redundancy",2025-06-30T13:10:09.266725702Z,{},2025-06-30T13:10:09.441542301Z,TaskQueue,2025-06-30T13:21:36.25573341Z
01JZ0H9M4DPGN0X41681CC63MX,true,2025-06-30T13:53:09.911223704Z,true,2025-06-30T13:53:03.203455019Z,,,neighborhood_7,2025-06-30T13:57:52.850205566Z,game ended,2025-06-30T13:58:21.199649278Z,1,2025-06-30T13:59:30.199478195Z,"{""age"":""39"",""gender"":""male"",""strength"":""It was an interesting experience"",""fair"":""I didn't recognize my teammates work."",""feedback"":""It was frustrating that there was not enough time for every solution."",""education"":""high-school""}",2025-06-30T13:59:30.194787373Z,"[[21,81],[151,211]]",2025-06-30T13:53:09.911223704Z,01JZ0H1K6XDYNJQ07N0KM3P1VX,2025-06-30T13:44:56.781717755Z,4,2025-06-30T13:45:20.753217829Z,true,2025-06-30T13:45:39.894503135Z,,,Player 2,2025-06-30T13:48:57.355221659Z,1,2025-06-30T13:57:45.442938345Z,false,2025-06-30T13:56:51.731588106Z,01JZ0H9KJ92J8MV8WBMG1NX7TF,2025-06-30T13:44:16.269682881Z,,,"{""networkStruct"":""pooled"",""playerCount"":6}",2025-06-30T13:44:16.286671046Z,"Pooled, Redundancy",2025-06-30T13:44:16.286671046Z,{},2025-06-30T13:44:16.573350544Z,TaskScreen,2025-06-30T13:57:52.844788145Z
01JZ0QPT6048XZAJK53YEVWM2W,true,2025-06-30T15:42:26.795107984Z,true,2025-06-30T15:42:20.001924266Z,,,null,2025-06-30T15:46:54.459810963Z,game ended,2025-06-30T15:47:38.810233908Z,1,2025-06-30T15:48:55.325152776Z,"{""age"":""41"",""gender"":""Male"",""strength"":""Kind a stressful"",""fair"":""I think there was no real plears in the game, just AI"",""feedback"":""I have no advice"",""education"":""high-school""}",2025-06-30T15:48:55.360927004Z,"[[17,77],[137,197]]",2025-06-30T15:42:26.795107984Z,01JZ0QGE4MQBM7ZJEFVQMWJX02,2025-06-30T15:36:19.930857029Z,4,2025-06-30T15:37:31.355865408Z,true,2025-06-30T15:38:12.520543033Z,,,Player 6,2025-06-30T15:38:12.844209337Z,2,2025-06-30T15:46:54.494087567Z,false,2025-06-30T15:45:55.759379307Z,01JZ0QPSPSTKXVBN9TM302N2PQ,2025-06-30T15:36:19.904295306Z,,,"{""networkStruct"":""pooled"",""playerCount"":6}",2025-06-30T15:36:19.930857029Z,"Pooled, Redundancy",2025-06-30T15:36:19.930857029Z,{},2025-06-30T15:36:20.229883559Z,TaskQueue,2025-06-30T15:46:54.421527062Z
01JZ0FDJ7PWA5XP2271CRJKXBG,true,2025-06-30T13:19:39.921951137Z,true,2025-06-30T13:19:30.734455796Z,null,2025-06-30T13:23:25.75074876Z,null,2025-06-30T13:23:25.789152807Z,game ended,2025-06-30T13:24:51.429180554Z,1,2025-06-30T13:27:50.133576096Z,"{""age"":""24"",""gender"":""male"",""strength"":""I enjoyed this game, working with other people."",""fair"":""Yes, of course."",""feedback"":""More chatting option maybe."",""education"":""high-school""}",2025-06-30T13:27:50.126345104Z,"[[76,136],[216,276]]",2025-06-30T13:19:39.921951137Z,01JZ0F67ZBCBNFH7W25EXNBXDS,2025-06-30T13:12:16.249586007Z,4,2025-06-30T13:13:05.990679138Z,true,2025-06-30T13:13:06.844650669Z,,,Player 6,2025-06-30T13:15:26.12214859Z,9,2025-06-30T13:23:25.758240227Z,false,2025-06-30T13:24:28.450020528Z,01JZ0FDHRMZQVDRA4QB3E41PG9,2025-06-30T13:11:28.246347768Z,CHILDREN'S COMMUTE DISTANCE,2025-06-30T13:19:39.921951137Z,"{""networkStruct"":""reciprocal"",""playerCount"":6}",2025-06-30T13:11:28.263223936Z,"Reciprocal, Redundancy",2025-06-30T13:11:28.263223936Z,{},2025-06-30T13:11:28.516611517Z,TaskQueue,2025-06-30T13:23:25.777631039Z
01JZ0H3ZMEM4CP8B8CA2T4SJEG,true,2025-06-30T13:48:46.522324349Z,true,2025-06-30T13:48:38.550508038Z,null,2025-06-30T13:53:33.637171635Z,null,2025-06-30T13:53:33.546466729Z,game ended,2025-06-30T13:53:58.052889715Z,1,2025-06-30T13:55:20.647385049Z,"{""age"":""30"",""gender"":""Masculine"",""strength"":"""",""fair"":""If there is a deadline to meet, yes to finish faster"",""feedback"":""Harder tasks"",""education"":""bachelor""}",2025-06-30T13:55:20.640250718Z,"[[179,239],[7,67]]",2025-06-30T13:48:46.522324349Z,01JZ0H1K7C3FKHJS5GP9RE7N8D,2025-06-30T13:41:11.450693976Z,4,2025-06-30T13:42:26.239777552Z,true,2025-06-30T13:42:54.863405769Z,,,Player 2,2025-06-30T13:44:33.863206911Z,5,2025-06-30T13:53:33.601436474Z,false,2025-06-30T13:52:56.5530509Z,01JZ0H3Z6V8W2MQ0MWFCKEQBQX,2025-06-30T13:41:11.438514832Z,AVERAGE PEOPLE,2025-06-30T13:48:46.522324349Z,"{""networkStruct"":""reciprocal"",""playerCount"":6}",2025-06-30T13:41:11.450693976Z,"Reciprocal, Redundancy",2025-06-30T13:41:11.450693976Z,{},2025-06-30T13:41:11.679995576Z,TaskQueue,2025-06-30T13:53:33.561865329Z
01JZ0SEY1R1NKY7QYBNSN52N16,true,2025-06-30T16:15:54.658475528Z,true,2025-06-30T16:15:47.476528561Z,1,2025-06-30T16:20:59.155566697Z,neighborhood_6,2025-06-30T16:20:59.066949402Z,game ended,2025-06-30T16:21:06.858549254Z,1,2025-06-30T16:21:30.241334581Z,"{""age"":""42"",""gender"":""Female"",""strength"":"""",""fair"":"""",""feedback"":"""",""education"":""high-school""}",2025-06-30T16:21:30.266999898Z,"[[168,228],[25,85]]",2025-06-30T16:15:54.658475528Z,01JZ0S9GBDE95BAEJ35DY3VGC4,2025-06-30T16:06:58.94778951Z,4,2025-06-30T16:08:57.053197896Z,true,2025-06-30T16:10:04.384875679Z,,,Player 2,2025-06-30T16:11:37.717035802Z,5,2025-06-30T16:20:56.970432635Z,false,2025-06-30T16:19:54.545642848Z,01JZ0SEXNT2PWR8DA4TKP33J6N,2025-06-30T16:06:58.872863726Z,AVERAGE PEOPLE,2025-06-30T16:15:54.658475528Z,"{""networkStruct"":""reciprocal"",""playerCount"":6}",2025-06-30T16:06:58.94778951Z,"Reciprocal, Redundancy",2025-06-30T16:06:58.94778951Z,{},2025-06-30T16:06:59.167841981Z,TaskScreen,2025-06-30T16:20:59.109380092Z
01JZ0M1CDMV1DW6G5GC0CGAP7Z,true,2025-06-30T14:40:29.145965529Z,true,2025-06-30T14:40:20.795419363Z,null,2025-06-30T14:43:23.114318238Z,null,2025-06-30T14:43:23.09969741Z,game ended,2025-06-30T14:45:39.98977195Z,1,2025-06-30T14:46:51.486775793Z,"{""age"":""32"",""gender"":""Man"",""strength"":""I think it was a test for time pressure"",""fair"":""I believe I did all the calculations myself."",""feedback"":""shorter waiting time for helpers"",""education"":""high-school""}",2025-06-30T14:46:51.473930756Z,"[[60,120],[195,255]]",2025-06-30T14:40:29.145965529Z,01JZ0KZHGK1V8ZC0AXDBXBYAX9,2025-06-30T14:32:11.981418972Z,4,2025-06-30T14:33:07.445578845Z,true,2025-06-30T14:33:44.866898819Z,,,Player 1,2025-06-30T14:36:16.486205928Z,13,2025-06-30T14:43:23.090951462Z,false,2025-06-30T14:44:37.217846631Z,01JZ0M1BXZPDQG7BZDXZKZD49R,2025-06-30T14:32:11.956076463Z,AVERAGE PEOPLE,2025-06-30T14:40:29.145965529Z,"{""networkStruct"":""reciprocal"",""playerCount"":6}",2025-06-30T14:32:11.981418972Z,"Reciprocal, Redundancy",2025-06-30T14:32:11.981418972Z,{},2025-06-30T14:32:12.24067892Z,TaskQueue,2025-06-30T14:43:23.107271541Z
01JZ0Q7BQ5C7FBBX7G9ZNRPQ47,,,,,,,,,no more games,2025-06-30T16:38:40.809469116Z,,,,,,,null,2025-06-30T16:38:40.809469116Z,,,,,,,,,,,,,01JZ0Q7BNDH5PX9T8WT7GHBB24,2025-06-30T15:27:53.573857689Z,,,"{""networkStruct"":""reciprocal"",""playerCount"":6}",2025-06-30T15:27:53.602814887Z,"Reciprocal, Redundancy",2025-06-30T15:27:53.602814887Z,{},2025-06-30T15:27:53.625350657Z,,
01JZ0FEZVY7EN4RKAZNT5R1EZ5,,,,,,,,,game ended,2025-06-30T13:25:16.671798339Z,,,,,,,01JZ0F67Z9QH00F8GAXY086HB5,2025-06-30T13:13:51.994717402Z,4,2025-06-30T13:14:18.906003154Z,true,2025-06-30T13:15:52.438337713Z,true,2025-06-30T13:20:05.43549592Z,Player 5,2025-06-30T13:15:52.700293038Z,,,,,01JZ0FEZH1395B1QW3Y6F07EKJ,2025-06-30T13:12:14.974067447Z,,,"{""networkStruct"":""pooled"",""playerCount"":6}",2025-06-30T13:12:14.986929913Z,"Pooled, Redundancy",2025-06-30T13:12:14.986929913Z,{},2025-06-30T13:12:15.154983163Z,,
01JZ0M0EWSF288X4NSN0YC4ARG,true,2025-06-30T14:41:12.869161495Z,true,2025-06-30T14:41:11.359180086Z,null,2025-06-30T14:46:23.556156775Z,null,2025-06-30T14:46:23.570106013Z,game ended,2025-06-30T14:46:23.991400533Z,,,,,"[[58,118],[128,188]]",2025-06-30T14:41:12.869161495Z,01JZ0KZHHH6W8J7M02JDFMAQF5,2025-06-30T14:31:41.744106298Z,4,2025-06-30T14:34:24.197243808Z,true,2025-06-30T14:34:37.997364956Z,,,Player 1,2025-06-30T14:36:59.540401191Z,12,2025-06-30T14:46:23.609780007Z,false,2025-06-30T14:44:32.91845405Z,01JZ0M0ECMWFJ6DS9S3BRXQ481,2025-06-30T14:31:41.72202017Z,AVERAGE PEOPLE,2025-06-30T14:41:12.869161495Z,"{""networkStruct"":""reciprocal"",""playerCount"":6}",2025-06-30T14:31:41.744106298Z,"Reciprocal, Redundancy",2025-06-30T14:31:41.744106298Z,{},2025-06-30T14:31:42.05796331Z,TaskQueue,2025-06-30T14:46:23.590923115Z
01JZ0SFEC760TZW065ZBPCGFEK,true,2025-06-30T16:15:11.1359166Z,true,2025-06-30T16:15:06.208038637Z,,,null,2025-06-30T16:20:23.821425726Z,game ended,2025-06-30T16:20:24.157039595Z,1,2025-06-30T16:21:20.495557149Z,"{""age"":""39"",""gender"":""male"",""strength"":""Kind of interesting, but I don't think my score ever updated."",""fair"":""A little bit."",""feedback"":""Have the score update as you progress."",""education"":""high-school""}",2025-06-30T16:21:20.441012472Z,"[[106,166],[23,83]]",2025-06-30T16:15:11.1359166Z,01JZ0S9G7VJHRZZRV1KXAXAXSY,2025-06-30T16:07:15.691713706Z,4,2025-06-30T16:08:01.010069321Z,true,2025-06-30T16:08:30.432007546Z,,,Player 3,2025-06-30T16:10:54.702146333Z,4,2025-06-30T16:20:23.793358475Z,false,2025-06-30T16:18:09.965890038Z,01JZ0SFE6QD7FW9M9G33GK5CR5,2025-06-30T16:07:15.591260463Z,,,"{""networkStruct"":""pooled"",""playerCount"":6}",2025-06-30T16:07:15.691713706Z,"Pooled, Redundancy",2025-06-30T16:07:15.691713706Z,{},2025-06-30T16:07:15.789540079Z,TaskQueue,2025-06-30T16:20:23.882214847Z
01JZ0SQN0MATNWGY38TW5RFDS2,true,2025-06-30T16:22:14.621005583Z,true,2025-06-30T16:22:12.373880435Z,,,neighborhood_6,2025-06-30T16:26:50.575919294Z,game ended,2025-06-30T16:27:26.613748644Z,1,2025-06-30T16:29:04.80670993Z,"{""age"":""23"",""gender"":""Female"",""strength"":""Moved too fast"",""fair"":""No"",""feedback"":""Create an interactive chat space for group members to communicate."",""education"":""high-school""}",2025-06-30T16:29:04.8614111Z,"[[32,92],[157,217]]",2025-06-30T16:22:14.621005583Z,01JZ0S9G8MSQJNW9QDDX82T8EZ,2025-06-30T16:11:44.569681044Z,4,2025-06-30T16:13:55.511645697Z,true,2025-06-30T16:16:51.510459742Z,,,Player 3,2025-06-30T16:17:55.534285086Z,1,2025-06-30T16:26:38.985188636Z,false,2025-06-30T16:26:04.551804018Z,01JZ0SQKRPKS4HB0MC7VACMPB2,2025-06-30T16:11:44.53278784Z,,,"{""networkStruct"":""pooled"",""playerCount"":6}",2025-06-30T16:11:44.569681044Z,"Pooled, Redundancy",2025-06-30T16:11:44.569681044Z,{},2025-06-30T16:11:45.495100468Z,TaskScreen,2025-06-30T16:26:50.553263621Z
01JZ0V62WJGZ4BGMWXYSNYNW8D,,,,,,,,,game ended,2025-06-30T16:48:53.149401272Z,,,,,,,01JZ0TXM9G1YQW4PKWAZEHBP4X,2025-06-30T16:37:06.12563633Z,4,2025-06-30T16:37:09.093955463Z,true,2025-06-30T16:37:09.650997483Z,true,2025-06-30T16:43:39.600490531Z,Player 4,2025-06-30T16:39:17.591230728Z,,,,,01JZ0V62TPMQ2GZSP0B7T6GCV7,2025-06-30T16:37:06.066186109Z,,,"{""networkStruct"":""pooled"",""playerCount"":6}",2025-06-30T16:37:06.12563633Z,"Pooled, Redundancy",2025-06-30T16:37:06.12563633Z,{},2025-06-30T16:37:06.159455132Z,,
01JZ0FB9WWAV8YJYA2M0XWM4XS,true,2025-06-30T13:16:09.828627526Z,true,2025-06-30T13:16:01.656569915Z,,,null,2025-06-30T13:20:31.004293157Z,game ended,2025-06-30T13:21:20.652627982Z,1,2025-06-30T13:22:18.785653686Z,"{""age"":""36"",""gender"":""male"",""strength"":""It was fairly fun, i would not mind playing it again"",""fair"":""Yes, they were definitely helpful"",""feedback"":""I cannot think of anything right now"",""education"":""bachelor""}",2025-06-30T13:22:18.797698305Z,"[[126,186],[15,75]]",2025-06-30T13:16:09.828627526Z,01JZ0F6805RKXP4JKMN5N89R8W,2025-06-30T13:10:14.182359307Z,4,2025-06-30T13:10:50.094901751Z,true,2025-06-30T13:11:33.33568506Z,,,Player 4,2025-06-30T13:11:58.271155643Z,3,2025-06-30T13:20:30.996586921Z,false,2025-06-30T13:19:27.346123376Z,01JZ0FB9D6Z9A5R8M8ZYM49EQ8,2025-06-30T13:10:14.17233361Z,,,"{""networkStruct"":""pooled"",""playerCount"":6}",2025-06-30T13:10:14.182359307Z,"Pooled, Redundancy",2025-06-30T13:10:14.182359307Z,{},2025-06-30T13:10:14.433343774Z,TaskQueue,2025-06-30T13:20:30.986736367Z
01JZ0FBFHWN5BJ51P0FGARBC23,true,2025-06-30T13:22:59.094054261Z,true,2025-06-30T13:22:50.469848532Z,,,neighborhood_8,2025-06-30T13:28:05.486463887Z,game ended,2025-06-30T13:28:10.35944934Z,1,2025-06-30T13:28:41.287614372Z,"{""age"":""75"",""gender"":""female"",""strength"":""great fun"",""fair"":""probably"",""feedback"":""give a bit less time out sick!"",""education"":""high-school""}",2025-06-30T13:28:41.278013392Z,"[[171,231],[37,97]]",2025-06-30T13:22:59.094054261Z,01JZ0F67Z9QH00F8GAYATW0H4D,2025-06-30T13:10:19.972528999Z,4,2025-06-30T13:11:50.408876567Z,true,2025-06-30T13:12:32.176852448Z,,,Player 1,2025-06-30T13:18:46.184963331Z,3,2025-06-30T13:28:02.928612851Z,false,2025-06-30T13:27:00.445967446Z,01JZ0FBF66464SSR790KMWC6ER,2025-06-30T13:10:19.964442358Z,,,"{""networkStruct"":""pooled"",""playerCount"":6}",2025-06-30T13:10:19.972528999Z,"Pooled, Redundancy",2025-06-30T13:10:19.972528999Z,{},2025-06-30T13:10:20.27805749Z,TaskScreen,2025-06-30T13:28:05.492165519Z
01JZ0JRQJFXEWFAWM7PWAPW35D,,,,,,,,,game ended,2025-06-30T14:21:20.117400612Z,,,,,,,01JZ0JJRKVJXBJGVYTJ6TBMBFM,2025-06-30T14:09:59.90614277Z,4,2025-06-30T14:10:32.999616656Z,true,2025-06-30T14:10:51.699683402Z,true,2025-06-30T14:16:09.23468179Z,Player 5,2025-06-30T14:11:56.530037069Z,,,,,01JZ0JRQ98B4WJ2NZ5M487RYW7,2025-06-30T14:09:59.887825317Z,,,"{""networkStruct"":""pooled"",""playerCount"":6}",2025-06-30T14:09:59.90614277Z,"Pooled, Redundancy",2025-06-30T14:09:59.90614277Z,{},2025-06-30T14:10:00.053854446Z,,
01JZ0P7JXD4DHW45YDCS4S55MP,,,,,,,,,no more games,2025-06-30T16:38:40.809469116Z,1,2025-06-30T15:14:19.886552953Z,"{""age"":""44"",""gender"":""female"",""strength"":""I never played .I was sent to this screen"",""fair"":"""",""feedback"":"""",""education"":""high-school""}",2025-06-30T15:14:19.876200889Z,,,null,2025-06-30T16:38:40.809469116Z,2,2025-06-30T15:11:56.110898976Z,,,,,,,,,,,01JZ0P7JM6JBMCBT5SRT1YWKB2,2025-06-30T15:10:32.365898377Z,,,"{""networkStruct"":""reciprocal"",""playerCount"":6}",2025-06-30T15:10:32.390448251Z,"Reciprocal, Redundancy",2025-06-30T15:10:32.390448251Z,{},2025-06-30T15:10:32.550665496Z,,
01JZ0PFD148NQV3M8890VB1Y1E,true,2025-06-30T15:24:27.486993443Z,true,2025-06-30T15:24:18.784508863Z,,,neighborhood_12,2025-06-30T15:28:08.425751588Z,game ended,2025-06-30T15:29:38.662247876Z,1,2025-06-30T15:29:55.384036502Z,"{""age"":""19"",""gender"":""Male"",""strength"":""Fun!"",""fair"":""Neutral"",""feedback"":""No clue! Gl with the study!"",""education"":""high-school""}",2025-06-30T15:29:55.361594552Z,"[[220,280],[64,124]]",2025-06-30T15:24:27.486993443Z,01JZ0PDFG0TZHQMJ413RSFKXP4,2025-06-30T15:14:48.561070437Z,4,2025-06-30T15:15:11.055910382Z,true,2025-06-30T15:15:17.623964536Z,,,Player 3,2025-06-30T15:20:14.342355022Z,3,2025-06-30T15:27:54.452352679Z,false,2025-06-30T15:29:18.689136165Z,01JZ0PFCMDT7486QW97Z3VDGF5,2025-06-30T15:14:48.485047384Z,,,"{""networkStruct"":""pooled"",""playerCount"":6}",2025-06-30T15:14:48.561070437Z,"Pooled, Redundancy",2025-06-30T15:14:48.561070437Z,{},2025-06-30T15:14:48.672383614Z,TaskScreen,2025-06-30T15:28:08.413189963Z
01JZ0H4DCRMZ62SRWSFKCMEFC6,true,2025-06-30T13:48:19.107536466Z,true,2025-06-30T13:48:13.283610207Z,,,null,2025-06-30T13:51:07.721124838Z,game ended,2025-06-30T13:53:29.999203497Z,1,2025-06-30T13:54:13.443654947Z,"{""age"":""25"",""gender"":""female"",""strength"":""I thought it was fun."",""fair"":""Yes I thought they were helpful but it was frustrating not being able to intervene to finish the last one."",""feedback"":""I don't know. "",""education"":""bachelor""}",2025-06-30T13:54:13.450345621Z,"[[54,114],[207,267]]",2025-06-30T13:48:19.107536466Z,01JZ0H1K7KVN4Q30DF0C4SZNQW,2025-06-30T13:41:25.544982611Z,4,2025-06-30T13:42:12.263876661Z,true,2025-06-30T13:42:30.113512982Z,,,Player 4,2025-06-30T13:44:07.110909176Z,2,2025-06-30T13:51:07.691568934Z,false,2025-06-30T13:52:56.269485221Z,01JZ0H4D4GA9KKQS0MBQHFVCQS,2025-06-30T13:41:25.528605075Z,,,"{""networkStruct"":""pooled"",""playerCount"":6}",2025-06-30T13:41:25.544982611Z,"Pooled, Redundancy",2025-06-30T13:41:25.544982611Z,{},2025-06-30T13:41:25.685685213Z,TaskQueue,2025-06-30T13:51:07.711059116Z
01JZ0JMENDQ776M5WP6RMTBCJC,true,2025-06-30T14:19:46.903524002Z,true,2025-06-30T14:19:39.089904419Z,null,2025-06-30T14:21:00.918109221Z,null,2025-06-30T14:21:00.902186538Z,game ended,2025-06-30T14:24:57.866498074Z,,,,,"[[72,132],[206,266]]",2025-06-30T14:19:46.903524002Z,01JZ0JJRMFBKARHHQY8ZXKDX2Q,2025-06-30T14:07:39.715823751Z,4,2025-06-30T14:08:37.517219059Z,true,2025-06-30T14:09:09.247452593Z,,,Player 1,2025-06-30T14:15:34.623475898Z,4,2025-06-30T14:21:00.91081785Z,true,2025-06-30T14:23:59.481266756Z,01JZ0JME7FGVKA9N0SQ5EBH2DW,2025-06-30T14:07:39.693447848Z,AVERAGE PEOPLE,2025-06-30T14:19:46.903524002Z,"{""networkStruct"":""reciprocal"",""playerCount"":6}",2025-06-30T14:07:39.715823751Z,"Reciprocal, Redundancy",2025-06-30T14:07:39.715823751Z,{},2025-06-30T14:07:39.939114197Z,TaskQueue,2025-06-30T14:21:00.92532228Z
01JZ0JMMQB7PV7562FFEM02FS7,true,2025-06-30T14:14:46.59471066Z,true,2025-06-30T14:14:41.382339762Z,,,null,2025-06-30T14:18:28.984538046Z,game ended,2025-06-30T14:19:57.888045151Z,1,2025-06-30T14:20:48.620536132Z,"{""age"":""39"",""gender"":""Male"",""strength"":""Fun game! Taxing but achievable."",""fair"":""They were polite and friendly when talking before the task, but didn't seem to be either a help or hindrance during the task itself."",""feedback"":"""",""education"":""bachelor""}",2025-06-30T14:20:48.611343579Z,"[[221,281],[114,174]]",2025-06-30T14:14:46.59471066Z,01JZ0JJRMQ32S1DDP8PZN3RKEA,2025-06-30T14:07:45.916926191Z,4,2025-06-30T14:08:20.049267439Z,true,2025-06-30T14:08:35.821161935Z,,,Player 2,2025-06-30T14:10:34.358382813Z,3,2025-06-30T14:18:29.049205534Z,false,2025-06-30T14:19:39.134246888Z,01JZ0JMM7KSY28DQ1RTAJ8M6B3,2025-06-30T14:07:45.899316721Z,,,"{""networkStruct"":""pooled"",""playerCount"":6}",2025-06-30T14:07:45.916926191Z,"Pooled, Redundancy",2025-06-30T14:07:45.916926191Z,{},2025-06-30T14:07:46.193374059Z,TaskQueue,2025-06-30T14:18:29.020546352Z
01JZ0M5WPWPA679JS0SMKV4BG1,,,,,,,,,no more games,2025-06-30T16:38:40.809469116Z,,,,,,,null,2025-06-30T16:38:40.809469116Z,,,,,,,,,,,,,01JZ0M5WNEDY7A39M9TYE8QJ28,2025-06-30T14:34:39.708682558Z,,,"{""networkStruct"":""reciprocal"",""playerCount"":6}",2025-06-30T14:34:39.726753053Z,"Reciprocal, Redundancy",2025-06-30T14:34:39.726753053Z,{},2025-06-30T14:34:39.749456635Z,,
01JZ0MDJZZT96ZPNBZZTAA3S1D,,,,,,,,,game ended,2025-06-30T14:49:56.925103552Z,,,,,,,01JZ0KZHHC2JQ9380R79DSYF93,2025-06-30T14:38:51.921920492Z,4,2025-06-30T14:39:35.071789749Z,true,2025-06-30T14:40:00.686041743Z,true,2025-06-30T14:44:46.014323483Z,Player 5,2025-06-30T14:40:33.303348072Z,,,,,01JZ0MDJEHDB0684DYRMVMQS2Y,2025-06-30T14:38:51.903141222Z,,,"{""networkStruct"":""pooled"",""playerCount"":6}",2025-06-30T14:38:51.921920492Z,"Pooled, Redundancy",2025-06-30T14:38:51.921920492Z,{},2025-06-30T14:38:52.20975141Z,,
01JZ0V898AG8ABR4XHNVSDEQYC,,,,,,,,,game ended,2025-06-30T16:48:53.149401272Z,,,,,,,01JZ0TXM9G1YQW4PKWAZEHBP4X,2025-06-30T16:38:18.168817136Z,4,2025-06-30T16:38:22.858736355Z,true,2025-06-30T16:38:23.657737243Z,true,2025-06-30T16:43:39.600490531Z,Player 5,2025-06-30T16:39:17.591230728Z,,,,,01JZ0V896GA32WFTWM0E9B50KN,2025-06-30T16:38:18.122474078Z,,,"{""networkStruct"":""pooled"",""playerCount"":6}",2025-06-30T16:38:18.168817136Z,"Pooled, Redundancy",2025-06-30T16:38:18.168817136Z,{},2025-06-30T16:38:18.19437641Z,,
01JZ0H377YER8042T2NRG3D1V1,true,2025-06-30T13:48:55.552656034Z,true,2025-06-30T13:48:47.302035085Z,2,2025-06-30T13:53:58.769998241Z,neighborhood_12,2025-06-30T13:53:58.757378917Z,game ended,2025-06-30T13:54:06.415229142Z,1,2025-06-30T13:54:31.121454561Z,"{""age"":""26"",""gender"":""Male"",""strength"":""Hard"",""fair"":""No at all"",""feedback"":""Improve communication during the game"",""education"":""master""}",2025-06-30T13:54:31.114146558Z,"[[194,254],[95,155]]",2025-06-30T13:48:55.552656034Z,01JZ0H1K7A7HBJ5WZC7T99GVBX,2025-06-30T13:40:46.479128242Z,4,2025-06-30T13:41:15.364018941Z,true,2025-06-30T13:41:25.669378505Z,,,Player 2,2025-06-30T13:44:43.188143395Z,9,2025-06-30T13:53:57.762464486Z,false,2025-06-30T13:53:20.52571938Z,01JZ0H36VMG7T0Y010SMN0KMDW,2025-06-30T13:40:46.462840729Z,MAXIMUM INCOME,2025-06-30T13:48:55.552656034Z,"{""networkStruct"":""reciprocal"",""playerCount"":6}",2025-06-30T13:40:46.479128242Z,"Reciprocal, Redundancy",2025-06-30T13:40:46.479128242Z,{},2025-06-30T13:40:46.677722847Z,TaskScreen,2025-06-30T13:53:58.790661628Z
01JZ0H3KVYK2WH1VQVZ8KDFR0N,true,2025-06-30T13:47:55.657206595Z,true,2025-06-30T13:47:48.547754301Z,,,null,2025-06-30T13:52:27.424925252Z,game ended,2025-06-30T13:53:06.79952947Z,1,2025-06-30T13:53:44.345911739Z,"{""age"":""46"",""gender"":""male"",""strength"":""Interesting and fun"",""fair"":""yes"",""feedback"":""N/A"",""education"":""bachelor""}",2025-06-30T13:53:44.338991805Z,"[[173,233],[68,128]]",2025-06-30T13:47:55.657206595Z,01JZ0H1K6THHEJQ855QF7WP6P1,2025-06-30T13:40:59.405052811Z,4,2025-06-30T13:41:57.507157867Z,true,2025-06-30T13:42:22.055708596Z,,,Player 3,2025-06-30T13:43:43.569417045Z,3,2025-06-30T13:52:27.431416007Z,false,2025-06-30T13:52:00.995748023Z,01JZ0H3KE5T88GNVVVM50X9YNR,2025-06-30T13:40:59.390188422Z,,,"{""networkStruct"":""pooled"",""playerCount"":6}",2025-06-30T13:40:59.405052811Z,"Pooled, Redundancy",2025-06-30T13:40:59.405052811Z,{},2025-06-30T13:40:59.623606317Z,TaskQueue,2025-06-30T13:52:27.439463439Z
01JZ0NV6A2W3FDVQ0DSYDMCVJT,,,,,,,,,no more games,2025-06-30T16:38:40.809469116Z,,,,,,,null,2025-06-30T16:38:40.809469116Z,1,2025-06-30T15:03:47.434902986Z,,,,,,,,,,,01JZ0NV682QB2SYY5N43EFHH5H,2025-06-30T15:03:46.242103844Z,,,"{""networkStruct"":""reciprocal"",""playerCount"":6}",2025-06-30T15:03:46.27641921Z,"Reciprocal, Redundancy",2025-06-30T15:03:46.27641921Z,{},2025-06-30T15:03:46.298476899Z,,
01JZ0Q34G646SES1NVXEJX3VR4,true,2025-06-30T15:32:29.96569497Z,true,2025-06-30T15:32:22.61114893Z,null,2025-06-30T15:33:38.8429166Z,null,2025-06-30T15:33:38.796169016Z,game ended,2025-06-30T15:37:41.654996579Z,1,2025-06-30T15:39:25.921758602Z,"{""age"":""32"",""gender"":""male"",""strength"":""it was cool"",""fair"":""yes"",""feedback"":""i don't know"",""education"":""master""}",2025-06-30T15:39:25.906801472Z,"[[220,280],[139,199]]",2025-06-30T15:32:29.96569497Z,01JZ0Q0CWNKJYDS4SW61Q7VTQN,2025-06-30T15:25:35.145369625Z,4,2025-06-30T15:26:46.452886996Z,true,2025-06-30T15:27:35.785962838Z,,,Player 3,2025-06-30T15:28:15.289405726Z,2,2025-06-30T15:33:38.820933858Z,false,2025-06-30T15:32:42.084926128Z,01JZ0Q3442Y33TGXF72QQNZWJT,2025-06-30T15:25:35.110924586Z,CHILDREN'S COMMUTE DISTANCE,2025-06-30T15:32:29.96569497Z,"{""networkStruct"":""reciprocal"",""playerCount"":6}",2025-06-30T15:25:35.145369625Z,"Reciprocal, Redundancy",2025-06-30T15:25:35.145369625Z,{},2025-06-30T15:25:35.348905062Z,TaskQueue,2025-06-30T15:33:38.853709683Z
01JZ0RHKD9CZ9KKPJ2GQCZBQPF,,,,,,,,,no more games,2025-06-30T16:38:40.809469116Z,,,,,,,null,2025-06-30T16:38:40.809469116Z,1,2025-06-30T15:51:17.005184775Z,,,,,,,,,,,01JZ0RHK1G3GVRV5J2Y1K6YSEZ,2025-06-30T15:50:57.70596876Z,,,"{""networkStruct"":""reciprocal"",""playerCount"":6}",2025-06-30T15:50:57.74077088Z,"Reciprocal, Redundancy",2025-06-30T15:50:57.74077088Z,{},2025-06-30T15:50:57.93713977Z,,
01JZ0FBBT51YA3K6WD3YRS5EWS,,,,,,,,,no more games,2025-06-30T16:38:40.809469116Z,,,,,,,null,2025-06-30T16:38:40.809469116Z,4,2025-06-30T13:12:49.152343648Z,,,,,,,,,,,01JZ0FBBC76VNXHCJY62A3W250,2025-06-30T13:10:16.133577977Z,,,"{""networkStruct"":""reciprocal"",""playerCount"":6}",2025-06-30T13:10:16.144709595Z,"Reciprocal, Redundancy",2025-06-30T13:10:16.144709595Z,{},2025-06-30T13:10:16.355117558Z,,
01JZ0M77CJKQQW7ZQ7XMJWJS44,true,2025-06-30T14:44:46.014323483Z,true,2025-06-30T14:44:39.188319098Z,,,neighborhood_11,2025-06-30T14:49:44.936768204Z,game ended,2025-06-30T14:49:56.925103552Z,1,2025-06-30T14:50:59.505212405Z,"{""age"":""59"",""gender"":""Male "",""strength"":""Not sure "",""fair"":""Yes "",""feedback"":""Clear instructions "",""education"":""high-school""}",2025-06-30T14:50:59.497196076Z,"[[215,275],[3,63]]",2025-06-30T14:44:46.014323483Z,01JZ0KZHHC2JQ9380R79DSYF93,2025-06-30T14:35:23.439387285Z,4,2025-06-30T14:36:47.801596877Z,true,2025-06-30T14:37:31.259789878Z,,,Player 3,2025-06-30T14:40:33.303348072Z,1,2025-06-30T14:48:27.497759219Z,false,2025-06-30T14:49:31.549702786Z,01JZ0M777JDN7QASQV9NBAK705,2025-06-30T14:35:23.410954196Z,,,"{""networkStruct"":""pooled"",""playerCount"":6}",2025-06-30T14:35:23.439387285Z,"Pooled, Redundancy",2025-06-30T14:35:23.439387285Z,{},2025-06-30T14:35:23.627344226Z,TaskScreen,2025-06-30T14:49:44.945417617Z
01JZ0FCYY4QGD4A8984C3YPRN7,true,2025-06-30T13:18:03.544531682Z,true,2025-06-30T13:17:57.067233844Z,3,2025-06-30T13:22:06.357453507Z,neighborhood_11,2025-06-30T13:22:06.350351352Z,game ended,2025-06-30T13:23:14.424752387Z,1,2025-06-30T13:24:07.707484592Z,"{""age"":""26"",""gender"":""Male"",""strength"":""It was interesting"",""fair"":""Yes"",""feedback"":""Better graphics design"",""education"":""other""}",2025-06-30T13:24:07.694398574Z,"[[231,291],[63,123]]",2025-06-30T13:18:03.544531682Z,01JZ0F67ZGT4J2NC89JRSKF93F,2025-06-30T13:12:50.636648614Z,4,2025-06-30T13:12:45.959771757Z,true,2025-06-30T13:13:19.921702262Z,,,Player 5,2025-06-30T13:13:51.378674557Z,7,2025-06-30T13:22:04.72226701Z,false,2025-06-30T13:23:06.510258343Z,01JZ0FCYE73A54PS6YNRV7KP01,2025-06-30T13:11:08.484750862Z,CHILDREN'S COMMUTE DISTANCE,2025-06-30T13:18:03.544531682Z,"{""networkStruct"":""reciprocal"",""playerCount"":6}",2025-06-30T13:11:08.49453576Z,"Reciprocal, Redundancy",2025-06-30T13:11:08.49453576Z,{},2025-06-30T13:11:08.753932188Z,TaskScreen,2025-06-30T13:22:06.364211503Z
01JZ0NJBCS4P2NZWJAE050ZWVP,,,,,,,,,game ended,2025-06-30T15:10:59.129102617Z,,,,,,,01JZ0N9PPX2EBNCBEJCH5EHX43,2025-06-30T14:58:56.561484242Z,4,2025-06-30T14:59:29.927176278Z,true,2025-06-30T14:59:47.440788543Z,true,2025-06-30T15:05:48.218702598Z,Player 5,2025-06-30T15:01:35.180269655Z,,,,,01JZ0NJAPZ5F3QTFY6Q954V6EM,2025-06-30T14:58:56.537146664Z,,,"{""networkStruct"":""pooled"",""playerCount"":6}",2025-06-30T14:58:56.561484242Z,"Pooled, Redundancy",2025-06-30T14:58:56.561484242Z,{},2025-06-30T14:58:57.529327774Z,,
01JZ0SB1E093BDHM4PAT7BRTVC,,,,,,,,,game ended,2025-06-30T16:19:54.605038418Z,,,,,,,01JZ0S9G69Y1BMBR3KZBCDH0XZ,2025-06-30T16:04:51.31160957Z,4,2025-06-30T16:04:55.446439521Z,true,2025-06-30T16:04:55.959332435Z,true,2025-06-30T16:14:42.380539244Z,Player 2,2025-06-30T16:10:22.622466936Z,,,,,01JZ0SB1C6FR0F5QJM3EZ479R8,2025-06-30T16:04:51.264405555Z,,,"{""networkStruct"":""pooled"",""playerCount"":6}",2025-06-30T16:04:51.31160957Z,"Pooled, Redundancy",2025-06-30T16:04:51.31160957Z,{},2025-06-30T16:04:51.350827953Z,,
01JZ0FAQ3J9KGVWM3HXCFYRT1K,true,2025-06-30T13:17:09.611622773Z,true,2025-06-30T13:17:02.682376154Z,,,null,2025-06-30T13:21:45.498308752Z,game ended,2025-06-30T13:22:20.485301618Z,1,2025-06-30T13:25:30.050393797Z,"{""age"":""45"",""gender"":""Male"",""strength"":""Team work"",""fair"":""Very"",""feedback"":""Longer team chat"",""education"":""high-school""}",2025-06-30T13:25:30.042746029Z,"[[13,73],[89,149]]",2025-06-30T13:17:09.611622773Z,01JZ0F67ZPF4121D8VQV580KT1,2025-06-30T13:09:54.941927941Z,4,2025-06-30T13:10:20.487577731Z,true,2025-06-30T13:10:31.968583792Z,,,Player 3,2025-06-30T13:12:58.033618798Z,1,2025-06-30T13:21:45.430531325Z,false,2025-06-30T13:19:49.633200817Z,01JZ0FAPVRJAWG6ZKB0E0M0KDW,2025-06-30T13:09:54.930548563Z,,,"{""networkStruct"":""pooled"",""playerCount"":6}",2025-06-30T13:09:54.941927941Z,"Pooled, Redundancy",2025-06-30T13:09:54.941927941Z,{},2025-06-30T13:09:55.188496605Z,TaskQueue,2025-06-30T13:21:45.573866307Z
01JZ0FCJAG0CXVXJTMS0286MXB,true,2025-06-30T13:18:03.544531682Z,true,2025-06-30T13:17:56.987246677Z,null,2025-06-30T13:22:28.828472991Z,null,2025-06-30T13:22:28.856237716Z,game ended,2025-06-30T13:23:14.424752387Z,1,2025-06-30T13:25:21.67952701Z,"{""age"":""24"",""gender"":""Female"",""strength"":""It was fun."",""fair"":""Not so much."",""feedback"":""It's already ok."",""education"":""bachelor""}",2025-06-30T13:25:21.673527873Z,"[[149,209],[27,87]]",2025-06-30T13:18:03.544531682Z,01JZ0F67ZGT4J2NC89JRSKF93F,2025-06-30T13:10:55.579907472Z,4,2025-06-30T13:13:08.931129793Z,true,2025-06-30T13:13:51.263876544Z,,,Player 4,2025-06-30T13:13:51.378674557Z,5,2025-06-30T13:22:28.863023368Z,false,2025-06-30T13:21:44.30009372Z,01JZ0FCHS83C6MF4AMNKHC3ECZ,2025-06-30T13:10:55.568842097Z,MAXIMUM INCOME,2025-06-30T13:18:03.544531682Z,"{""networkStruct"":""reciprocal"",""playerCount"":6}",2025-06-30T13:10:55.579907472Z,"Reciprocal, Redundancy",2025-06-30T13:10:55.579907472Z,{},2025-06-30T13:10:55.862656915Z,TaskQueue,2025-06-30T13:22:28.835228095Z
01JZ0FHGYRW8Y6ZSR162NPMQGD,true,2025-06-30T13:22:19.487960231Z,true,2025-06-30T13:22:12.454672148Z,null,2025-06-30T13:26:08.896618388Z,null,2025-06-30T13:26:08.877876841Z,game ended,2025-06-30T13:27:30.659523674Z,1,2025-06-30T13:29:30.691214706Z,"{""age"":""36"",""gender"":""Male"",""strength"":""The game had very clear tasks"",""fair"":""Yes.I was out of sick twice. But we managed to complete all the tasks."",""feedback"":""Nothing"",""education"":""bachelor""}",2025-06-30T13:29:30.686878847Z,"[[149,209],[59,119]]",2025-06-30T13:22:19.487960231Z,01JZ0F67ZC5C7QZPK5TEQ23RT2,2025-06-30T13:15:26.034318046Z,4,2025-06-30T13:17:05.658644338Z,true,2025-06-30T13:18:06.32476839Z,,,Player 5,2025-06-30T13:18:06.466418236Z,4,2025-06-30T13:26:09.175175624Z,false,2025-06-30T13:26:05.293671943Z,01JZ0FHGEGV6HEZW3RTZ339TV9,2025-06-30T13:13:38.008134009Z,AVERAGE PEOPLE,2025-06-30T13:22:19.487960231Z,"{""networkStruct"":""reciprocal"",""playerCount"":6}",2025-06-30T13:13:38.020646467Z,"Reciprocal, Redundancy",2025-06-30T13:13:38.020646467Z,{},2025-06-30T13:13:38.279585495Z,TaskQueue,2025-06-30T13:26:08.891838996Z
01JZ0JN3C390GZSXS368YPCB28,,,,,,,,,no more games,2025-06-30T16:38:40.809469116Z,,,,,,,null,2025-06-30T16:38:40.809469116Z,4,2025-06-30T14:09:25.785368126Z,,,,,,,,,,,01JZ0JN32FDRARNC967PNER7X2,2025-06-30T14:08:00.899878349Z,,,"{""networkStruct"":""reciprocal"",""playerCount"":6}",2025-06-30T14:08:00.920939572Z,"Reciprocal, Redundancy",2025-06-30T14:08:00.920939572Z,{},2025-06-30T14:08:01.074817382Z,,
01JZ0SBEC2RYDPHTJZRV8KRQ54,,,,,,,,,game ended,2025-06-30T16:20:54.599486241Z,,,,,,,01JZ0S9G9GQDAYDBEESMGH4RA5,2025-06-30T16:05:04.578795348Z,4,2025-06-30T16:05:07.372696515Z,true,2025-06-30T16:05:07.856545533Z,true,2025-06-30T16:15:42.114269263Z,Player 2,2025-06-30T16:11:26.543339279Z,,,,,01JZ0SBEA41FYKRF7T1E51VYE1,2025-06-30T16:05:04.51507075Z,,,"{""networkStruct"":""pooled"",""playerCount"":6}",2025-06-30T16:05:04.578795348Z,"Pooled, Redundancy",2025-06-30T16:05:04.578795348Z,{},2025-06-30T16:05:04.61176883Z,,
01JZ0FB8RWXGRKEDFRWB4CEM4K,true,2025-06-30T13:16:22.641627832Z,true,2025-06-30T13:16:13.297682364Z,null,2025-06-30T13:21:09.731805153Z,null,2025-06-30T13:21:09.745143447Z,game ended,2025-06-30T13:21:33.60435237Z,1,2025-06-30T13:22:58.351121927Z,"{""age"":""24"",""gender"":""Female"",""strength"":""It was fun to try and do each place fast and accurately"",""fair"":""my teammates seemed helpful yes since my whole task was fulfilled at least"",""feedback"":""the game was already good, i thought maybe a person should only get sick with timeout once but i got it twice"",""education"":""high-school""}",2025-06-30T13:22:58.369148756Z,"[[210,270],[66,126]]",2025-06-30T13:16:22.641627832Z,01JZ0F67ZMW5MYVAMRDCKET4QV,2025-06-30T13:10:13.031665749Z,4,2025-06-30T13:11:40.756119421Z,true,2025-06-30T13:12:09.718993298Z,,,Player 4,2025-06-30T13:12:09.767493529Z,5,2025-06-30T13:21:09.738635913Z,false,2025-06-30T13:21:03.840926148Z,01JZ0FB89NGBMPFTN5PZG4V0CB,2025-06-30T13:10:13.020776398Z,MAXIMUM INCOME,2025-06-30T13:16:22.641627832Z,"{""networkStruct"":""reciprocal"",""playerCount"":6}",2025-06-30T13:10:13.031665749Z,"Reciprocal, Redundancy",2025-06-30T13:10:13.031665749Z,{},2025-06-30T13:10:13.291854158Z,TaskQueue,2025-06-30T13:21:09.724312783Z
01JZ0FBDC2ZSD8FWM8QMZM9EX1,,,,,,,,,no more games,2025-06-30T16:38:40.809469116Z,1,2025-06-30T13:25:10.722266574Z,"{""age"":""23"",""gender"":""Male"",""strength"":""I timed out and did not see the game, only this page at the end of the survey"",""fair"":""I can not say anything because i timed out"",""feedback"":""I can not say anything because i timed out"",""education"":""other""}",2025-06-30T13:25:10.715588913Z,,,null,2025-06-30T16:38:40.809469116Z,1,2025-06-30T13:16:26.692647841Z,,,,,,,,,,,01JZ0FBCY56C5C2AW19FMJN9DW,2025-06-30T13:10:17.730816578Z,,,"{""networkStruct"":""reciprocal"",""playerCount"":6}",2025-06-30T13:10:17.747547069Z,"Reciprocal, Redundancy",2025-06-30T13:10:17.747547069Z,{},2025-06-30T13:10:17.958505689Z,,
01JZ0SHJF35Z3VHRZEEB8TRRCR,true,2025-06-30T16:17:04.262744426Z,true,2025-06-30T16:16:56.398724776Z,2,2025-06-30T16:22:01.283556869Z,neighborhood_14,2025-06-30T16:22:01.223831547Z,game ended,2025-06-30T16:22:16.31355495Z,1,2025-06-30T16:23:34.197379495Z,"{""age"":""41"",""gender"":""Female"",""strength"":""It was fun, but I didn't like sitting out while I was sick."",""fair"":""Probably not since I was out sick a lot."",""feedback"":""N/A"",""education"":""high-school""}",2025-06-30T16:23:34.172612208Z,"[[97,157],[192,252]]",2025-06-30T16:17:04.262744426Z,01JZ0S9G72AZ3MF9HASHX1PW43,2025-06-30T16:08:25.388100891Z,4,2025-06-30T16:09:58.989335098Z,true,2025-06-30T16:10:34.275948886Z,,,Player 3,2025-06-30T16:12:44.118212777Z,6,2025-06-30T16:21:59.285321259Z,false,2025-06-30T16:21:29.594748864Z,01JZ0SHJ79GNYXKCVGZ75A090Y,2025-06-30T16:08:25.316016602Z,MAXIMUM INCOME,2025-06-30T16:17:04.262744426Z,"{""networkStruct"":""reciprocal"",""playerCount"":6}",2025-06-30T16:08:25.388100891Z,"Reciprocal, Redundancy",2025-06-30T16:08:25.388100891Z,{},2025-06-30T16:08:25.537084935Z,TaskScreen,2025-06-30T16:22:01.250002144Z
01JZ0FJ2J3KAWY8R383XNHY1BP,true,2025-06-30T13:20:05.43549592Z,true,2025-06-30T13:19:58.20426596Z,,,neighborhood_7,2025-06-30T13:23:41.615572508Z,game ended,2025-06-30T13:25:16.671798339Z,1,2025-06-30T13:25:53.008355936Z,"{""age"":""49"",""gender"":""Female"",""strength"":""I was out sick too much"",""fair"":""Not really"",""feedback"":""Not sure"",""education"":""bachelor""}",2025-06-30T13:25:53.001409007Z,"[[225,285],[65,125]]",2025-06-30T13:20:05.43549592Z,01JZ0F67Z9QH00F8GAXY086HB5,2025-06-30T13:13:56.060335836Z,4,2025-06-30T13:15:10.543811922Z,true,2025-06-30T13:15:47.70571175Z,,,Player 6,2025-06-30T13:15:52.700293038Z,1,2025-06-30T13:23:37.229221618Z,false,2025-06-30T13:25:02.225895854Z,01JZ0FJ2D8JHAYYBA1YTFXHRD3,2025-06-30T13:13:56.035345937Z,,,"{""networkStruct"":""pooled"",""playerCount"":6}",2025-06-30T13:13:56.060335836Z,"Pooled, Redundancy",2025-06-30T13:13:56.060335836Z,{},2025-06-30T13:13:56.146360232Z,TaskScreen,2025-06-30T13:23:41.604562095Z
01JZ0JX20JJ5VBNYN3NJZN14TZ,,,,,,,,,no more games,2025-06-30T16:40:21.09783098Z,,,,,,,null,2025-06-30T16:40:21.09783098Z,2,2025-06-30T14:13:36.350993482Z,,,,,,,,,,,01JZ0JX1N55XQXJR6T92E0A92P,2025-06-30T14:12:21.650492343Z,,,"{""networkStruct"":""pooled"",""playerCount"":6}",2025-06-30T14:12:21.668854177Z,"Pooled, Redundancy",2025-06-30T14:12:21.668854177Z,{},2025-06-30T14:12:21.886962266Z,,
01JZ0R6RGZPWYJYV8EDFTMJXPD,true,2025-06-30T15:54:52.649798934Z,true,2025-06-30T15:54:44.576322762Z,null,2025-06-30T15:58:51.284258311Z,null,2025-06-30T15:58:51.145029947Z,game ended,2025-06-30T16:00:05.404908678Z,1,2025-06-30T16:00:28.610883431Z,"{""age"":""21"",""gender"":""female"",""strength"":""good and fun"",""fair"":""yh"",""feedback"":""n/a"",""education"":""high-school""}",2025-06-30T16:00:28.57751522Z,"[[133,193],[54,114]]",2025-06-30T15:54:52.649798934Z,01JZ0R44ZYB02HBRR2X1W771BR,2025-06-30T15:45:02.576885887Z,4,2025-06-30T15:45:36.89483848Z,true,2025-06-30T15:45:55.169422282Z,,,Player 3,2025-06-30T15:50:36.987529931Z,7,2025-06-30T15:58:51.098706002Z,false,2025-06-30T15:58:17.839899479Z,01JZ0R6R54PZ4QPM5HD2ZQZQHW,2025-06-30T15:45:02.496036135Z,CHILDREN'S COMMUTE DISTANCE,2025-06-30T15:54:52.649798934Z,"{""networkStruct"":""reciprocal"",""playerCount"":6}",2025-06-30T15:45:02.576885887Z,"Reciprocal, Redundancy",2025-06-30T15:45:02.576885887Z,{},2025-06-30T15:45:02.697084051Z,TaskQueue,2025-06-30T15:58:51.240262581Z
01JZ0FBFBJW6M9QE503VEPS9CV,true,2025-06-30T13:21:15.589195834Z,true,2025-06-30T13:21:09.074718099Z,,,null,2025-06-30T13:26:22.57575751Z,game ended,2025-06-30T13:26:26.721693357Z,1,2025-06-30T13:27:27.72869598Z,"{""age"":""38"",""gender"":""female"",""strength"":""What is the purpose?"",""fair"":""yes"",""feedback"":""what is the goal of that game?"",""education"":""master""}",2025-06-30T13:27:27.722954414Z,"[[215,275],[2,62]]",2025-06-30T13:21:15.589195834Z,01JZ0F67Z49S75BR56TBMFCZ55,2025-06-30T13:10:19.771680298Z,4,2025-06-30T13:14:25.579272249Z,true,2025-06-30T13:15:30.947965776Z,,,Player 1,2025-06-30T13:17:02.726989193Z,2,2025-06-30T13:26:22.563880265Z,false,2025-06-30T13:26:02.564841651Z,01JZ0FBDY2T2E3KE5EKE97B4C6,2025-06-30T13:10:19.762519554Z,,,"{""networkStruct"":""pooled"",""playerCount"":6}",2025-06-30T13:10:19.771680298Z,"Pooled, Redundancy",2025-06-30T13:10:19.771680298Z,{},2025-06-30T13:10:20.18671441Z,TaskQueue,2025-06-30T13:26:22.5539519Z
01JZ0M6T6ZR86FJEWK4XW21Q4G,,,,,,,,,no more games,2025-06-30T16:38:40.809469116Z,,,,,,,null,2025-06-30T16:38:40.809469116Z,,,,,,,,,,,,,01JZ0M6SYWSCXWKPXHG2CQN77X,2025-06-30T14:35:09.919143952Z,,,"{""networkStruct"":""reciprocal"",""playerCount"":6}",2025-06-30T14:35:09.941749484Z,"Reciprocal, Redundancy",2025-06-30T14:35:09.941749484Z,{},2025-06-30T14:35:10.186617741Z,,
01JZ0V7FRS9E4HDEGAP02YSCW2,,,,,,,,,no more games,2025-06-30T16:38:40.809469116Z,,,,,,,null,2025-06-30T16:38:40.809469116Z,1,2025-06-30T16:38:26.39375913Z,,,,,,,,,,,01JZ0V7F6M7TN92WZRVQE839ES,2025-06-30T16:37:52.025233814Z,,,"{""networkStruct"":""reciprocal"",""playerCount"":6}",2025-06-30T16:37:52.076569209Z,"Reciprocal, Redundancy",2025-06-30T16:37:52.076569209Z,{},2025-06-30T16:37:52.379849525Z,,
01JZ0FBTZN02PXBW67S86C0YTF,true,2025-06-30T13:21:15.589195834Z,true,2025-06-30T13:21:07.005528444Z,,,neighborhood_12,2025-06-30T13:24:39.944260311Z,game ended,2025-06-30T13:26:26.721693357Z,1,2025-06-30T13:27:06.761793744Z,"{""age"":""26"",""gender"":""Male"",""strength"":""That was interesting expirience"",""fair"":""Yes"",""feedback"":""Give more time to calculate"",""education"":""master""}",2025-06-30T13:27:06.767779242Z,"[[211,271],[55,115]]",2025-06-30T13:21:15.589195834Z,01JZ0F67Z49S75BR56TBMFCZ55,2025-06-30T13:11:58.217723062Z,4,2025-06-30T13:11:44.437044702Z,true,2025-06-30T13:12:20.057831961Z,,,Player 3,2025-06-30T13:17:02.726989193Z,1,2025-06-30T13:24:36.634066419Z,false,2025-06-30T13:25:57.686072799Z,01JZ0FBTGAFZQR7GZD4QKSZ4TN,2025-06-30T13:10:31.669887913Z,,,"{""networkStruct"":""pooled"",""playerCount"":6}",2025-06-30T13:10:31.680640728Z,"Pooled, Redundancy",2025-06-30T13:10:31.680640728Z,{},2025-06-30T13:10:31.971795149Z,TaskScreen,2025-06-30T13:24:39.937837605Z
01JZ0H4B1KEAXWACXAC16EVPKA,true,2025-06-30T13:49:09.363311068Z,true,2025-06-30T13:49:01.661974375Z,,,neighborhood_8,2025-06-30T13:54:02.621557677Z,game ended,2025-06-30T13:54:20.154136812Z,1,2025-06-30T13:55:13.007484804Z,"{""age"":""54"",""gender"":""female"",""strength"":""It was okay"",""fair"":""Sure"",""feedback"":""put a calculator on screen"",""education"":""high-school""}",2025-06-30T13:55:13.000792487Z,"[[202,262],[78,138]]",2025-06-30T13:49:09.363311068Z,01JZ0H1K7HVYD71R3W6V80C6V1,2025-06-30T13:41:23.136551309Z,4,2025-06-30T13:42:41.93200567Z,true,2025-06-30T13:43:24.786881348Z,,,Player 3,2025-06-30T13:44:56.874053753Z,1,2025-06-30T13:53:52.024320731Z,false,2025-06-30T13:53:43.232554494Z,01JZ0H4AYDDY9K0BAW49PR9Y58,2025-06-30T13:41:23.123692031Z,,,"{""networkStruct"":""pooled"",""playerCount"":6}",2025-06-30T13:41:23.136551309Z,"Pooled, Redundancy",2025-06-30T13:41:23.136551309Z,{},2025-06-30T13:41:23.206054627Z,TaskScreen,2025-06-30T13:54:02.613377745Z
01JZ0M1WNVJE9BFSWZD9Z6H1RT,,,,,,,,,no more games,2025-06-30T16:38:40.809469116Z,,,,,,,null,2025-06-30T16:38:40.809469116Z,,,,,,,,,,,,,01JZ0M1W8JJZ5X6Y66PS2HY3E7,2025-06-30T14:32:28.603644101Z,,,"{""networkStruct"":""reciprocal"",""playerCount"":6}",2025-06-30T14:32:28.628972477Z,"Reciprocal, Redundancy",2025-06-30T14:32:28.628972477Z,{},2025-06-30T14:32:28.867694318Z,,
01JZ0M27NCTFHR6EHR14Y9BMJS,true,2025-06-30T14:40:29.145965529Z,true,2025-06-30T14:40:24.143658729Z,null,2025-06-30T14:44:47.429678387Z,null,2025-06-30T14:44:47.445473462Z,game ended,2025-06-30T14:45:39.98977195Z,1,2025-06-30T14:46:25.814940543Z,"{""age"":""61"",""gender"":""Male"",""strength"":""It was ok, was out sick twice though"",""fair"":""Don't know"",""feedback"":"""",""education"":""high-school""}",2025-06-30T14:46:25.826603343Z,"[[88,148],[158,218]]",2025-06-30T14:40:29.145965529Z,01JZ0KZHGK1V8ZC0AXDBXBYAX9,2025-06-30T14:32:39.872704891Z,4,2025-06-30T14:33:59.741654099Z,true,2025-06-30T14:34:34.228795073Z,,,Player 3,2025-06-30T14:36:16.486205928Z,6,2025-06-30T14:44:47.438203556Z,false,2025-06-30T14:44:18.379851933Z,01JZ0M27AJ27ZANGDCAPSYBTGB,2025-06-30T14:32:39.852128199Z,MAXIMUM INCOME,2025-06-30T14:40:29.145965529Z,"{""networkStruct"":""reciprocal"",""playerCount"":6}",2025-06-30T14:32:39.872704891Z,"Reciprocal, Redundancy",2025-06-30T14:32:39.872704891Z,{},2025-06-30T14:32:40.09641601Z,TaskQueue,2025-06-30T14:44:47.42185373Z
01JZ0RCE2YE75ZA1F2JVAF4PQN,,,,,,,,,game ended,2025-06-30T15:57:53.622505034Z,,,,,,,01JZ0R44YW0T94WKHD2ZAT9VPC,2025-06-30T15:48:08.469503459Z,4,2025-06-30T15:48:11.933599545Z,true,2025-06-30T15:48:12.517496398Z,true,2025-06-30T15:52:41.883902819Z,Player 6,2025-06-30T15:48:25.999998778Z,,,,,01JZ0RCE1HA4VVWKY1RKDSP34C,2025-06-30T15:48:08.415025669Z,,,"{""networkStruct"":""reciprocal"",""playerCount"":6}",2025-06-30T15:48:08.469503459Z,"Reciprocal, Redundancy",2025-06-30T15:48:08.469503459Z,{},2025-06-30T15:48:08.513904647Z,,
01JZ0RGBZ3BD89R2B7YF14ZM7J,,,,,,,,,no more games,2025-06-30T16:38:40.809469116Z,1,2025-06-30T15:53:01.803331071Z,"{""age"":""32"",""gender"":""Male"",""strength"":""Good"",""fair"":""Yes"",""feedback"":""Nothing"",""education"":""bachelor""}",2025-06-30T15:53:01.880735616Z,,,null,2025-06-30T16:38:40.809469116Z,,,,,,,,,,,,,01JZ0RG9ZY51WC1CJ9KQWHGPR1,2025-06-30T15:50:17.315336243Z,,,"{""networkStruct"":""reciprocal"",""playerCount"":6}",2025-06-30T15:50:17.406855689Z,"Reciprocal, Redundancy",2025-06-30T15:50:17.406855689Z,{},2025-06-30T15:50:17.705194687Z,,
01JZ0FBS7JDEVVPEXEYNA1T4RE,true,2025-06-30T13:17:05.188749932Z,true,2025-06-30T13:16:57.347217826Z,2,2025-06-30T13:22:15.585782238Z,neighborhood_9,2025-06-30T13:22:15.593111053Z,game ended,2025-06-30T13:22:15.982906177Z,1,2025-06-30T13:23:04.215109222Z,"{""age"":""21"",""gender"":""female"",""strength"":""It was fun but for me calculating househould incomode was a bit difficult"",""fair"":""Yes, we were a great team"",""feedback"":""You could explain each step more detailed"",""education"":""master""}",2025-06-30T13:23:04.207885165Z,"[[148,208],[212,272]]",2025-06-30T13:17:05.188749932Z,01JZ0F67ZFPZEHV6BKFXQYDXZZ,2025-06-30T13:10:29.883908818Z,4,2025-06-30T13:11:24.450589313Z,true,2025-06-30T13:12:02.949976048Z,,,Player 4,2025-06-30T13:12:50.746798512Z,6,2025-06-30T13:22:13.283853109Z,false,2025-06-30T13:21:48.061077337Z,01JZ0FBRR27SM81AWCF9KARARG,2025-06-30T13:10:29.874589444Z,MAXIMUM INCOME,2025-06-30T13:17:05.188749932Z,"{""networkStruct"":""reciprocal"",""playerCount"":6}",2025-06-30T13:10:29.883908818Z,"Reciprocal, Redundancy",2025-06-30T13:10:29.883908818Z,{},2025-06-30T13:10:30.144698463Z,TaskScreen,2025-06-30T13:22:15.578967594Z
01JZ0FBY93DWZC8869QS2ZXNMA,true,2025-06-30T13:16:41.4231973Z,true,2025-06-30T13:16:33.501822847Z,null,2025-06-30T13:21:50.903031665Z,null,2025-06-30T13:21:50.896546478Z,game ended,2025-06-30T13:21:52.367504436Z,1,2025-06-30T13:22:28.179334388Z,"{""age"":""32"",""gender"":""female"",""strength"":""It was pretty fun."",""fair"":""I have no idea."",""feedback"":""I don't know."",""education"":""bachelor""}",2025-06-30T13:22:28.192929502Z,"[[236,296],[51,111]]",2025-06-30T13:16:41.4231973Z,01JZ0F67ZKKPGDC64ETWQZ69WV,2025-06-30T13:10:35.059227848Z,4,2025-06-30T13:11:45.706215216Z,true,2025-06-30T13:12:29.6540252Z,,,Player 3,2025-06-30T13:12:29.7840431Z,5,2025-06-30T13:21:50.886899023Z,false,2025-06-30T13:21:47.829886974Z,01JZ0FBXRBHX7H7R3BHQW4Y1MZ,2025-06-30T13:10:35.043678645Z,CHILDREN'S COMMUTE DISTANCE,2025-06-30T13:16:41.4231973Z,"{""networkStruct"":""reciprocal"",""playerCount"":6}",2025-06-30T13:10:35.059227848Z,"Reciprocal, Redundancy",2025-06-30T13:10:35.059227848Z,{},2025-06-30T13:10:35.342039351Z,TaskQueue,2025-06-30T13:21:50.90915713Z
01JZ0FKQ7AX8YHTTQGW1AQZB94,true,2025-06-30T13:20:33.951052698Z,true,2025-06-30T13:20:30.928917316Z,,,,,game ended,2025-06-30T13:25:44.872472533Z,1,2025-06-30T13:26:05.375921109Z,"{""age"":""26"",""gender"":""Male"",""strength"":""Boring"",""fair"":""Not sure"",""feedback"":""It didn't make sense! I didn't do anything!"",""education"":""master""}",2025-06-30T13:26:05.367123923Z,"[[87,147],[16,76]]",2025-06-30T13:20:33.951052698Z,01JZ0F67ZNGQ7M2D3G364WEKWP,2025-06-30T13:15:26.034318046Z,4,2025-06-30T13:15:40.05757358Z,true,2025-06-30T13:16:02.075643244Z,,,Player 6,2025-06-30T13:16:21.203127352Z,,,false,2025-06-30T13:23:11.292926328Z,01JZ0FKPTH95HC55F1J9J05PEZ,2025-06-30T13:14:49.962347805Z,CHILDREN'S COMMUTE DISTANCE,2025-06-30T13:20:33.951052698Z,"{""networkStruct"":""reciprocal"",""playerCount"":6}",2025-06-30T13:14:49.974217766Z,"Reciprocal, Redundancy",2025-06-30T13:14:49.974217766Z,{},2025-06-30T13:14:50.169199763Z,,
01JZ0FRRP17GN9PMTQ34E1PF0M,,,,,,,,,no more games,2025-06-30T16:40:21.09783098Z,1,2025-06-30T13:19:48.110257582Z,"{""age"":""38"",""gender"":""Male"",""strength"":"""",""fair"":"""",""feedback"":"""",""education"":""bachelor""}",2025-06-30T13:19:48.102613477Z,,,null,2025-06-30T16:40:21.09783098Z,4,2025-06-30T13:19:08.232602022Z,,,,,,,,,,,01JZ0FRRF83N4RH8NB2NVCPQKX,2025-06-30T13:17:35.297130905Z,,,"{""networkStruct"":""pooled"",""playerCount"":6}",2025-06-30T13:17:35.310925799Z,"Pooled, Redundancy",2025-06-30T13:17:35.310925799Z,{},2025-06-30T13:17:35.438096926Z,,
01JZ0FFGTFMV7PJRGYB0RPYNEQ,true,2025-06-30T13:21:15.589195834Z,true,2025-06-30T13:21:09.832650026Z,,,null,2025-06-30T13:26:19.938015994Z,game ended,2025-06-30T13:26:26.721693357Z,1,2025-06-30T13:27:24.094707688Z,"{""age"":""45"",""gender"":""Female"",""strength"":""It was fun"",""fair"":""No really"",""feedback"":""There is no real communication with the team"",""education"":""other""}",2025-06-30T13:27:24.087265297Z,"[[92,152],[213,273]]",2025-06-30T13:21:15.589195834Z,01JZ0F67Z49S75BR56TBMFCZ55,2025-06-30T13:12:57.975433179Z,4,2025-06-30T13:15:56.021787563Z,true,2025-06-30T13:17:02.610835028Z,,,Player 4,2025-06-30T13:17:02.726989193Z,2,2025-06-30T13:26:19.919692719Z,false,2025-06-30T13:25:59.909330555Z,01JZ0FFGCMDXX5PH7XR6TMVGMG,2025-06-30T13:12:32.335244355Z,,,"{""networkStruct"":""pooled"",""playerCount"":6}",2025-06-30T13:12:32.347612669Z,"Pooled, Redundancy",2025-06-30T13:12:32.347612669Z,{},2025-06-30T13:12:32.582437668Z,TaskQueue,2025-06-30T13:26:19.91452336Z
01JZ0FGZ3TEBS93H4SFF5B7S2S,true,2025-06-30T13:22:19.487960231Z,true,2025-06-30T13:22:12.045940908Z,3,2025-06-30T13:27:08.86129769Z,neighborhood_6,2025-06-30T13:27:08.85003205Z,game ended,2025-06-30T13:27:30.659523674Z,1,2025-06-30T13:30:16.020890488Z,"{""age"":""28"",""gender"":""female"",""strength"":""Good! I enjoyed it but I didn't realise I should be quicker to get the tasks done. Thanks for the task :)"",""fair"":""Yes probably"",""feedback"":""I didn't realise I should be quicker to get the tasks done. I would recommend you make that clearer for participants and mention that the sick timer comes on more than once."",""education"":""bachelor""}",2025-06-30T13:30:16.015907892Z,"[[65,125],[153,213]]",2025-06-30T13:22:19.487960231Z,01JZ0F67ZC5C7QZPK5TEQ23RT2,2025-06-30T13:15:49.184338052Z,4,2025-06-30T13:15:48.934875969Z,true,2025-06-30T13:16:33.251069341Z,,,Player 4,2025-06-30T13:18:06.466418236Z,6,2025-06-30T13:27:07.80974033Z,false,2025-06-30T13:26:02.553421916Z,01JZ0FGYSNPX4YEK6JE3NG73HX,2025-06-30T13:13:19.738657848Z,CHILDREN'S COMMUTE DISTANCE,2025-06-30T13:22:19.487960231Z,"{""networkStruct"":""reciprocal"",""playerCount"":6}",2025-06-30T13:13:19.749728531Z,"Reciprocal, Redundancy",2025-06-30T13:13:19.749728531Z,{},2025-06-30T13:13:19.937241533Z,TaskScreen,2025-06-30T13:27:08.87095707Z
01JZ0H5NHK4FCF20XWKMPQHP0X,true,2025-06-30T13:48:19.107536466Z,true,2025-06-30T13:48:11.924950593Z,,,neighborhood_5,2025-06-30T13:48:34.394847244Z,game ended,2025-06-30T13:53:29.999203497Z,1,2025-06-30T13:54:02.577488432Z,"{""age"":""76"",""gender"":""male"",""strength"":""Fun"",""fair"":""no"",""feedback"":""Team interaction"",""education"":""master""}",2025-06-30T13:54:02.565972236Z,"[[106,166],[213,273]]",2025-06-30T13:48:19.107536466Z,01JZ0H1K7KVN4Q30DF0C4SZNQW,2025-06-30T13:42:06.661559617Z,4,2025-06-30T13:42:55.95695245Z,true,2025-06-30T13:43:19.812708694Z,,,Player 6,2025-06-30T13:44:07.110909176Z,,,false,2025-06-30T13:53:01.540310911Z,01JZ0H5NARW9JP3J00W3BZ93DQ,2025-06-30T13:42:06.644000811Z,,,"{""networkStruct"":""pooled"",""playerCount"":6}",2025-06-30T13:42:06.661559617Z,"Pooled, Redundancy",2025-06-30T13:42:06.661559617Z,{},2025-06-30T13:42:06.797979114Z,TaskScreen,2025-06-30T13:48:34.448773355Z
01JZ0V32G4VNH8F152X0004PNK,true,2025-06-30T16:42:48.190080064Z,true,2025-06-30T16:42:39.856800425Z,3,2025-06-30T16:47:38.402287293Z,neighborhood_11,2025-06-30T16:47:38.373606492Z,game ended,2025-06-30T16:48:01.140826992Z,,,,,"[[100,160],[28,88]]",2025-06-30T16:42:48.190080064Z,01JZ0TXMAAZJ4VJWA2WTVHG174,2025-06-30T16:35:27.410176485Z,4,2025-06-30T16:37:35.694668626Z,true,2025-06-30T16:38:23.820036846Z,,,Player 4,2025-06-30T16:38:29.408839537Z,3,2025-06-30T16:47:34.914965485Z,false,2025-06-30T16:45:41.776889292Z,01JZ0V30XK1E8S7KDZN40KN77P,2025-06-30T16:35:27.364992495Z,CHILDREN'S COMMUTE DISTANCE,2025-06-30T16:42:48.190080064Z,"{""networkStruct"":""reciprocal"",""playerCount"":6}",2025-06-30T16:35:27.410176485Z,"Reciprocal, Redundancy",2025-06-30T16:35:27.410176485Z,{},2025-06-30T16:35:27.93464646Z,TaskScreen,2025-06-30T16:47:38.423343428Z
01JZ0H3DD6JF5G5S76TR0MC0NN,true,2025-06-30T13:48:58.453374755Z,true,2025-06-30T13:48:54.264589382Z,1,2025-06-30T13:52:48.462824765Z,neighborhood_10,2025-06-30T13:52:48.497869792Z,game ended,2025-06-30T13:54:09.375027459Z,1,2025-06-30T13:54:47.87341425Z,"{""age"":""33"",""gender"":""Male"",""strength"":""the game was fun"",""fair"":""yes"",""feedback"":""flu time is much"",""education"":""master""}",2025-06-30T13:54:47.691322028Z,"[[14,74],[235,295]]",2025-06-30T13:48:58.453374755Z,01JZ0H1K78HDDW9F2WM1P8VZMN,2025-06-30T13:40:52.78690676Z,4,2025-06-30T13:41:46.38909439Z,true,2025-06-30T13:42:01.257543542Z,,,Player 1,2025-06-30T13:44:45.571211867Z,3,2025-06-30T13:52:46.432940431Z,false,2025-06-30T13:54:04.446948033Z,01JZ0H3C8SJV3K8FRGAYA4JGJH,2025-06-30T13:40:52.774426031Z,AVERAGE PEOPLE,2025-06-30T13:48:58.453374755Z,"{""networkStruct"":""reciprocal"",""playerCount"":6}",2025-06-30T13:40:52.78690676Z,"Reciprocal, Redundancy",2025-06-30T13:40:52.78690676Z,{},2025-06-30T13:40:53.252052433Z,TaskScreen,2025-06-30T13:52:48.504558389Z
01JZ0H3VXRWN9J2736JNSGF5MJ,,,,,,,,,game ended,2025-06-30T13:54:20.154136812Z,,,,,,,01JZ0H1K7HVYD71R3W6V80C6V1,2025-06-30T13:41:07.652533911Z,4,2025-06-30T13:43:17.457484938Z,true,2025-06-30T13:43:42.753831627Z,true,2025-06-30T13:49:09.363311068Z,Player 1,2025-06-30T13:44:56.874053753Z,,,,,01JZ0H3VHECGANGJX6FQPGR2VA,2025-06-30T13:41:07.640228641Z,,,"{""networkStruct"":""pooled"",""playerCount"":6}",2025-06-30T13:41:07.652533911Z,"Pooled, Redundancy",2025-06-30T13:41:07.652533911Z,{},2025-06-30T13:41:07.884641288Z,,
01JZ0FCP4GJ67JPW5DR3EM87QX,true,2025-06-30T13:22:19.487960231Z,true,2025-06-30T13:22:11.180647086Z,null,2025-06-30T13:27:06.208180994Z,null,2025-06-30T13:27:06.2379453Z,game ended,2025-06-30T13:27:30.659523674Z,1,2025-06-30T13:28:33.707114533Z,"{""age"":""18"",""gender"":""female"",""strength"":""Good game."",""fair"":""Yes."",""feedback"":""I don't really know."",""education"":""high-school""}",2025-06-30T13:28:33.70238788Z,"[[101,161],[204,264]]",2025-06-30T13:22:19.487960231Z,01JZ0F67ZC5C7QZPK5TEQ23RT2,2025-06-30T13:12:16.249586007Z,4,2025-06-30T13:13:17.93681358Z,true,2025-06-30T13:13:18.816723065Z,,,Player 2,2025-06-30T13:18:06.466418236Z,8,2025-06-30T13:27:06.229642468Z,false,2025-06-30T13:26:56.106237843Z,01JZ0FCNNY5R8MECDC43VJWN8T,2025-06-30T13:10:59.472567365Z,MAXIMUM INCOME,2025-06-30T13:22:19.487960231Z,"{""networkStruct"":""reciprocal"",""playerCount"":6}",2025-06-30T13:10:59.481577048Z,"Reciprocal, Redundancy",2025-06-30T13:10:59.481577048Z,{},2025-06-30T13:10:59.730557681Z,TaskQueue,2025-06-30T13:27:06.212855406Z
01JZ0R7JRQCNM0P6EPHSR9C03P,true,2025-06-30T15:54:18.770552214Z,true,2025-06-30T15:54:12.514033902Z,,,neighborhood_6,2025-06-30T15:54:33.781368554Z,game ended,2025-06-30T15:59:30.678959753Z,1,2025-06-30T16:01:17.918453343Z,"{""age"":""35"",""gender"":""Male"",""strength"":""It was fun but i was i got sick 2 times"",""fair"":""Yes"",""feedback"":"""",""education"":""bachelor""}",2025-06-30T16:01:17.739123597Z,"[[196,256],[130,190]]",2025-06-30T15:54:18.770552214Z,01JZ0R450M24K8ZS9F18EDTFG6,2025-06-30T15:45:29.39919032Z,4,2025-06-30T15:46:36.520397316Z,true,2025-06-30T15:47:14.161240853Z,,,Player 2,2025-06-30T15:50:00.275686001Z,,,false,2025-06-30T15:58:46.937230904Z,01JZ0R7J8EZ01ABNYER4R0KJH3,2025-06-30T15:45:29.367584667Z,,,"{""networkStruct"":""pooled"",""playerCount"":6}",2025-06-30T15:45:29.39919032Z,"Pooled, Redundancy",2025-06-30T15:45:29.39919032Z,{},2025-06-30T15:45:29.703783011Z,TaskScreen,2025-06-30T15:54:33.909592058Z
01JZ0MGE22GN7DC08WS3FXT3M0,true,2025-06-30T14:44:46.014323483Z,true,2025-06-30T14:44:39.173418479Z,,,neighborhood_13,2025-06-30T14:47:05.815339767Z,game ended,2025-06-30T14:49:56.925103552Z,1,2025-06-30T14:50:30.229488713Z,"{""age"":""43"",""gender"":""Female"",""strength"":""It was okay"",""fair"":""I guess"",""feedback"":""I don't know"",""education"":""master""}",2025-06-30T14:50:30.242734824Z,"[[129,189],[238,298]]",2025-06-30T14:44:46.014323483Z,01JZ0KZHHC2JQ9380R79DSYF93,2025-06-30T14:40:25.172374458Z,4,2025-06-30T14:40:32.193441424Z,true,2025-06-30T14:40:33.097823351Z,,,Player 6,2025-06-30T14:40:33.303348072Z,3,2025-06-30T14:47:04.304034471Z,false,2025-06-30T14:49:55.619466512Z,01JZ0MGDJGBE3YYWNZNTBF7C5N,2025-06-30T14:40:25.154181758Z,,,"{""networkStruct"":""pooled"",""playerCount"":6}",2025-06-30T14:40:25.172374458Z,"Pooled, Redundancy",2025-06-30T14:40:25.172374458Z,{},2025-06-30T14:40:25.426543991Z,TaskScreen,2025-06-30T14:47:05.825968365Z
01JZ0FBGXXC0V58B79955Z9C8Z,true,2025-06-30T13:18:05.719938795Z,true,2025-06-30T13:17:58.874768386Z,,,neighborhood_5,2025-06-30T13:18:20.94270455Z,game ended,2025-06-30T13:23:16.948337204Z,,,,,"[[55,115],[119,179]]",2025-06-30T13:18:05.719938795Z,01JZ0F67Z745P2890BJ7Q88E3R,2025-06-30T13:10:21.385962156Z,4,2025-06-30T13:11:50.655903849Z,true,2025-06-30T13:12:48.589380267Z,,,Player 3,2025-06-30T13:13:52.184367924Z,,,false,2025-06-30T13:18:17.5926778Z,01JZ0FBG9ECA7YDWKHB0AQJG0C,2025-06-30T13:10:21.373802724Z,,,"{""networkStruct"":""pooled"",""playerCount"":6}",2025-06-30T13:10:21.385962156Z,"Pooled, Redundancy",2025-06-30T13:10:21.385962156Z,{},2025-06-30T13:10:21.779344233Z,TaskScreen,2025-06-30T13:18:20.951703047Z
01JZ0H578KJZQMNNTNDN8YDRFD,,,,,,,,,no more games,2025-06-30T16:38:40.809469116Z,,,,,,,null,2025-06-30T16:38:40.809469116Z,4,2025-06-30T13:43:58.773665762Z,,,,,,,,,,,01JZ0H56R61BEPQKSVMGSKNZGG,2025-06-30T13:41:52.019567851Z,,,"{""networkStruct"":""reciprocal"",""playerCount"":6}",2025-06-30T13:41:52.040496281Z,"Reciprocal, Redundancy",2025-06-30T13:41:52.040496281Z,{},2025-06-30T13:41:52.306624999Z,,
01JZ0NQ3C4VN4SR6B2B3YFZF4P,,,,,,,,,game ended,2025-06-30T15:10:59.129102617Z,,,,,,,01JZ0N9PPX2EBNCBEJCH5EHX43,2025-06-30T15:01:32.186533453Z,4,2025-06-30T15:01:34.477045222Z,true,2025-06-30T15:01:35.044952377Z,true,2025-06-30T15:05:48.218702598Z,Player 6,2025-06-30T15:01:35.180269655Z,,,,,01JZ0NQ3ACXNNVCABRKF1299ZJ,2025-06-30T15:01:32.164507174Z,,,"{""networkStruct"":""pooled"",""playerCount"":6}",2025-06-30T15:01:32.186533453Z,"Pooled, Redundancy",2025-06-30T15:01:32.186533453Z,{},2025-06-30T15:01:32.208135135Z,,
01JZ0R73B6ZBY0XV8TDKBRTHN0,true,2025-06-30T15:54:52.649798934Z,true,2025-06-30T15:54:44.693601793Z,null,2025-06-30T15:59:36.975337069Z,null,2025-06-30T15:59:36.845765508Z,game ended,2025-06-30T16:00:05.404908678Z,1,2025-06-30T16:01:05.324073357Z,"{""age"":""60"",""gender"":""male"",""strength"":""pretty straightforward"",""fair"":""yes"",""feedback"":""seems fine as it is"",""education"":""bachelor""}",2025-06-30T16:01:05.201770051Z,"[[201,261],[136,196]]",2025-06-30T15:54:52.649798934Z,01JZ0R44ZYB02HBRR2X1W771BR,2025-06-30T15:45:13.673923616Z,4,2025-06-30T15:46:24.175901786Z,true,2025-06-30T15:46:58.145172412Z,,,Player 4,2025-06-30T15:50:36.987529931Z,7,2025-06-30T15:59:36.76291666Z,false,2025-06-30T15:59:25.827784739Z,01JZ0R72Y1Q5X9DRSX7H0AWVC2,2025-06-30T15:45:13.574976444Z,CHILDREN'S COMMUTE DISTANCE,2025-06-30T15:54:52.649798934Z,"{""networkStruct"":""reciprocal"",""playerCount"":6}",2025-06-30T15:45:13.673923616Z,"Reciprocal, Redundancy",2025-06-30T15:45:13.673923616Z,{},2025-06-30T15:45:13.824342743Z,TaskQueue,2025-06-30T15:59:36.932731078Z
01JZ0RBQ8PP28CCMK85WFS8BQM,,,,,,,,,no more games,2025-06-30T16:40:21.09783098Z,1,2025-06-30T15:50:57.306019835Z,"{""age"":""44"",""gender"":""male"",""strength"":""it didn't let me play"",""fair"":""it didn't let me play"",""feedback"":""let me play the game"",""education"":""bachelor""}",2025-06-30T15:50:57.285099756Z,,,null,2025-06-30T16:40:21.09783098Z,4,2025-06-30T15:49:19.413166328Z,,,,,,,,,,,01JZ0RBQ2440T825J0J23H3ENE,2025-06-30T15:47:45.046157345Z,,,"{""networkStruct"":""pooled"",""playerCount"":6}",2025-06-30T15:47:45.087447551Z,"Pooled, Redundancy",2025-06-30T15:47:45.087447551Z,{},2025-06-30T15:47:45.18343758Z,,
01JZ0FCMDW21N834SMM0YDFMDT,true,2025-06-30T13:18:12.859120691Z,true,2025-06-30T13:18:06.534856365Z,,,null,2025-06-30T13:22:37.362327775Z,game ended,2025-06-30T13:23:23.873914043Z,1,2025-06-30T13:24:15.285223182Z,"{""age"":""53"",""gender"":""male"",""strength"":""It' fun!"",""fair"":""No."",""feedback"":""More accurate instructions."",""education"":""master""}",2025-06-30T13:24:15.272898521Z,"[[138,198],[16,76]]",2025-06-30T13:18:12.859120691Z,01JZ0F67Z228X9RHKVM8F1277D,2025-06-30T13:13:38.913432128Z,4,2025-06-30T13:13:04.138334043Z,true,2025-06-30T13:14:00.138403819Z,,,Player 5,2025-06-30T13:14:00.262213406Z,2,2025-06-30T13:22:37.328203641Z,false,2025-06-30T13:21:42.442755538Z,01JZ0FCKE3P458JZDK1HBXACW2,2025-06-30T13:10:57.72409019Z,,,"{""networkStruct"":""pooled"",""playerCount"":6}",2025-06-30T13:10:57.73540386Z,"Pooled, Redundancy",2025-06-30T13:10:57.73540386Z,{},2025-06-30T13:10:58.109774822Z,TaskQueue,2025-06-30T13:22:37.456487437Z
01JZ0M3MNV9G8QBABMQR9NRFSY,true,2025-06-30T14:40:29.145965529Z,true,2025-06-30T14:40:28.01873776Z,null,2025-06-30T14:44:19.12768238Z,null,2025-06-30T14:44:19.116889088Z,game ended,2025-06-30T14:45:39.98977195Z,1,2025-06-30T14:46:29.987383322Z,"{""age"":""33"",""gender"":""male"",""strength"":""Different than the usual."",""fair"":""I don't think they were real people."",""feedback"":""N/A"",""education"":""other""}",2025-06-30T14:46:29.976963146Z,"[[96,156],[237,297]]",2025-06-30T14:40:29.145965529Z,01JZ0KZHGK1V8ZC0AXDBXBYAX9,2025-06-30T14:33:25.965763061Z,4,2025-06-30T14:34:51.800687496Z,true,2025-06-30T14:35:26.482809422Z,,,Player 5,2025-06-30T14:36:16.486205928Z,9,2025-06-30T14:44:19.105389049Z,false,2025-06-30T14:45:37.217792253Z,01JZ0M3M8YHV5R0PT2HE3T6GZ4,2025-06-30T14:33:25.947384555Z,CHILDREN'S COMMUTE DISTANCE,2025-06-30T14:40:29.145965529Z,"{""networkStruct"":""reciprocal"",""playerCount"":6}",2025-06-30T14:33:25.965763061Z,"Reciprocal, Redundancy",2025-06-30T14:33:25.965763061Z,{},2025-06-30T14:33:26.196348478Z,TaskQueue,2025-06-30T14:44:19.137984742Z
01JZ0NWGXG60XB5W2KSVNBRDCM,,,,,,,,,game ended,2025-06-30T15:21:57.570794812Z,,,,,,,01JZ0NSNAYA5ZEAQVB789Y1XW2,2025-06-30T15:04:29.915809906Z,4,2025-06-30T15:04:34.146795784Z,true,2025-06-30T15:04:35.078736025Z,true,2025-06-30T15:16:45.944134289Z,Player 3,2025-06-30T15:12:32.708071208Z,,,,,01JZ0NWGV6FZD49PA7T2P17JMH,2025-06-30T15:04:29.872330909Z,,,"{""networkStruct"":""reciprocal"",""playerCount"":6}",2025-06-30T15:04:29.915809906Z,"Reciprocal, Redundancy",2025-06-30T15:04:29.915809906Z,{},2025-06-30T15:04:29.942175271Z,,
01JZ0FFQFYN84KEVXA2V476V6H,true,2025-06-30T13:21:15.589195834Z,true,2025-06-30T13:21:08.291519285Z,,,null,2025-06-30T13:24:58.260583297Z,game ended,2025-06-30T13:26:26.721693357Z,1,2025-06-30T13:28:17.257134703Z,"{""age"":""48"",""gender"":""male"",""strength"":""frustrating because of recurring bouts of flu"",""fair"":""not particularly"",""feedback"":"""",""education"":""high-school""}",2025-06-30T13:28:17.228436175Z,"[[62,122],[131,191]]",2025-06-30T13:21:15.589195834Z,01JZ0F67Z49S75BR56TBMFCZ55,2025-06-30T13:12:57.975433179Z,4,2025-06-30T13:13:41.734512663Z,true,2025-06-30T13:14:22.692022445Z,,,Player 5,2025-06-30T13:17:02.726989193Z,2,2025-06-30T13:24:58.238248343Z,false,2025-06-30T13:24:37.801693223Z,01JZ0FFPZA1XX72CGSHR131BQN,2025-06-30T13:12:39.166572901Z,,,"{""networkStruct"":""pooled"",""playerCount"":6}",2025-06-30T13:12:39.177722236Z,"Pooled, Redundancy",2025-06-30T13:12:39.177722236Z,{},2025-06-30T13:12:39.453945844Z,TaskQueue,2025-06-30T13:24:58.24927039Z
01JZ0M2WM0HPMZRZ9HANZSA6QH,true,2025-06-30T14:40:29.145965529Z,true,2025-06-30T14:40:22.88673777Z,2,2025-06-30T14:44:42.525185997Z,neighborhood_8,2025-06-30T14:44:42.518313728Z,game ended,2025-06-30T14:45:39.98977195Z,1,2025-06-30T14:47:10.910052012Z,"{""age"":""28"",""gender"":""Male"",""strength"":""It was interesting."",""fair"":""Yes I hope so!"",""feedback"":""Not sure, maybe integrate the communication systems."",""education"":""master""}",2025-06-30T14:47:10.872126782Z,"[[79,139],[226,286]]",2025-06-30T14:40:29.145965529Z,01JZ0KZHGK1V8ZC0AXDBXBYAX9,2025-06-30T14:33:01.340089388Z,4,2025-06-30T14:34:08.911739019Z,true,2025-06-30T14:34:46.82406073Z,,,Player 4,2025-06-30T14:36:16.486205928Z,7,2025-06-30T14:44:39.045244484Z,true,2025-06-30T14:44:58.148214988Z,01JZ0M2W6XWW3Q29CBKQE2ZPRF,2025-06-30T14:33:01.312238697Z,MAXIMUM INCOME,2025-06-30T14:40:29.145965529Z,"{""networkStruct"":""reciprocal"",""playerCount"":6}",2025-06-30T14:33:01.340089388Z,"Reciprocal, Redundancy",2025-06-30T14:33:01.340089388Z,{},2025-06-30T14:33:01.556759926Z,TaskScreen,2025-06-30T14:44:42.51087832Z
01JZ0JNP3XM7KBN4WCB2QT2YWQ,,,,,,,,,no more games,2025-06-30T16:40:21.09783098Z,,,,,,,null,2025-06-30T16:40:21.09783098Z,4,2025-06-30T14:09:40.408609188Z,,,,,,,,,,,01JZ0JNNNZAXHZT874T3FVFSR1,2025-06-30T14:08:20.093160587Z,,,"{""networkStruct"":""pooled"",""playerCount"":6}",2025-06-30T14:08:20.111818912Z,"Pooled, Redundancy",2025-06-30T14:08:20.111818912Z,{},2025-06-30T14:08:20.342885737Z,,
01JZ0SERW3NSKTP49K4GYNJWWK,,,,,,,,,no more games,2025-06-30T16:40:21.09783098Z,,,,,,,null,2025-06-30T16:40:21.09783098Z,,,,,,,,,,,,,01JZ0SERT3RSBQ6HM31V4MBECW,2025-06-30T16:06:53.571268824Z,,,"{""networkStruct"":""pooled"",""playerCount"":6}",2025-06-30T16:06:53.687532087Z,"Pooled, Redundancy",2025-06-30T16:06:53.687532087Z,{},2025-06-30T16:06:53.738697577Z,,
01JZ0SHSYCA0N91MC48RJ4Q13V,true,2025-06-30T16:15:11.1359166Z,true,2025-06-30T16:15:04.048454772Z,,,neighborhood_3,2025-06-30T16:19:41.94285113Z,game ended,2025-06-30T16:20:24.157039595Z,1,2025-06-30T16:21:34.390328802Z,"{""age"":""38"",""gender"":""Male"",""strength"":""Annoying, I was sick twice"",""fair"":""I waent really watching what they were doing"",""feedback"":""No sick periods"",""education"":""high-school""}",2025-06-30T16:21:34.363424622Z,"[[159,219],[87,147]]",2025-06-30T16:15:11.1359166Z,01JZ0S9G7VJHRZZRV1KXAXAXSY,2025-06-30T16:08:33.014087731Z,4,2025-06-30T16:10:42.173940625Z,true,2025-06-30T16:10:54.233570267Z,,,Player 5,2025-06-30T16:10:54.702146333Z,2,2025-06-30T16:19:35.988054643Z,false,2025-06-30T16:19:02.773086337Z,01JZ0SHSDAVC9XSAP1Z6PVE6K7,2025-06-30T16:08:32.972460641Z,,,"{""networkStruct"":""pooled"",""playerCount"":6}",2025-06-30T16:08:33.014087731Z,"Pooled, Redundancy",2025-06-30T16:08:33.014087731Z,{},2025-06-30T16:08:33.215543263Z,TaskScreen,2025-06-30T16:19:41.880995452Z
01JZ0V57F64TNAY41Z9X0DM53M,,,,,,,,,no more games,2025-06-30T16:38:40.809469116Z,1,2025-06-30T16:40:11.95254415Z,"{""age"":""43"",""gender"":""female"",""strength"":"""",""fair"":"""",""feedback"":"""",""education"":""bachelor""}",2025-06-30T16:40:11.896951132Z,,,null,2025-06-30T16:38:40.809469116Z,1,2025-06-30T16:36:40.377774677Z,,,,,,,,,,,01JZ0V5731ECC0NHVM5YASSF8G,2025-06-30T16:36:37.990821236Z,,,"{""networkStruct"":""reciprocal"",""playerCount"":6}",2025-06-30T16:36:38.051102023Z,"Reciprocal, Redundancy",2025-06-30T16:36:38.051102023Z,{},2025-06-30T16:36:38.286377937Z,,
01JZ0FB2Y3WR2G1EJJBJKTTDHJ,true,2025-06-30T13:17:50.615126964Z,true,2025-06-30T13:17:45.008616702Z,,,null,2025-06-30T13:21:41.311481736Z,game ended,2025-06-30T13:23:01.625536751Z,1,2025-06-30T13:23:31.650333952Z,"{""age"":""45"",""gender"":""Female"",""strength"":""Quite fun"",""fair"":""Not really sure"",""feedback"":""No improvements needed"",""education"":""high-school""}",2025-06-30T13:23:31.640174928Z,"[[89,149],[238,298]]",2025-06-30T13:17:50.615126964Z,01JZ0F67Z61XNM528ZD36RPYGY,2025-06-30T13:10:07.457571329Z,4,2025-06-30T13:11:12.076080392Z,true,2025-06-30T13:11:58.38288895Z,,,Player 2,2025-06-30T13:13:39.010172877Z,3,2025-06-30T13:21:41.304590705Z,false,2025-06-30T13:22:59.902733625Z,01JZ0FB2HKQQ9XYQ801YSV8DE9,2025-06-30T13:10:07.04344154Z,,,"{""networkStruct"":""pooled"",""playerCount"":6}",2025-06-30T13:10:07.457571329Z,"Pooled, Redundancy",2025-06-30T13:10:07.457571329Z,{},2025-06-30T13:10:07.665671826Z,TaskQueue,2025-06-30T13:21:41.290427422Z
01JZ0JNMNVCAW5RZAB0SWSJ307,true,2025-06-30T14:18:20.820616097Z,true,2025-06-30T14:18:13.335525095Z,,,null,2025-06-30T14:22:18.733791751Z,game ended,2025-06-30T14:23:31.86661332Z,1,2025-06-30T14:24:24.999717674Z,"{""age"":""21"",""gender"":""Male"",""strength"":""It was very enjoyable, I liked it!!"",""fair"":""Yes they were friendly and helpful!"",""feedback"":""less time of sick :DD"",""education"":""high-school""}",2025-06-30T14:24:25.015677586Z,"[[16,76],[217,277]]",2025-06-30T14:18:20.820616097Z,01JZ0JJRM7K0MBX3MKCVTKC5NR,2025-06-30T14:08:18.636911736Z,4,2025-06-30T14:09:04.090126964Z,true,2025-06-30T14:09:30.386645914Z,,,Player 2,2025-06-30T14:14:07.441915425Z,4,2025-06-30T14:22:18.757201659Z,false,2025-06-30T14:23:08.863255263Z,01JZ0JNM6D0QKCFKKYDQXNV48C,2025-06-30T14:08:18.619126306Z,,,"{""networkStruct"":""pooled"",""playerCount"":6}",2025-06-30T14:08:18.636911736Z,"Pooled, Redundancy",2025-06-30T14:08:18.636911736Z,{},2025-06-30T14:08:18.896895448Z,TaskQueue,2025-06-30T14:22:18.74521929Z
01JZ0H3PNYN1MWQCF2QE837CM4,true,2025-06-30T13:48:19.107536466Z,true,2025-06-30T13:48:11.426151683Z,,,null,2025-06-30T13:51:42.017344292Z,game ended,2025-06-30T13:53:29.999203497Z,1,2025-06-30T13:54:17.202610515Z,"{""age"":""29"",""gender"":""Male"",""strength"":""It was neat, I liked working with other people. I was hoping that while I was out sick that I could count on them"",""fair"":""Definitely, they did really well"",""feedback"":""Maybe an accurate timer of how long you'll be out sick for."",""education"":""other""}",2025-06-30T13:54:17.187761366Z,"[[204,264],[75,135]]",2025-06-30T13:48:19.107536466Z,01JZ0H1K7KVN4Q30DF0C4SZNQW,2025-06-30T13:41:02.293709431Z,4,2025-06-30T13:42:10.507719378Z,true,2025-06-30T13:42:56.871067415Z,,,Player 3,2025-06-30T13:44:07.110909176Z,2,2025-06-30T13:51:42.024843376Z,false,2025-06-30T13:52:53.552558137Z,01JZ0H3PHPPE37A6686523KMXW,2025-06-30T13:41:02.270613476Z,,,"{""networkStruct"":""pooled"",""playerCount"":6}",2025-06-30T13:41:02.293709431Z,"Pooled, Redundancy",2025-06-30T13:41:02.293709431Z,{},2025-06-30T13:41:02.371689114Z,TaskQueue,2025-06-30T13:51:42.010173013Z
01JZ0H3PV9DACRQS4WSM89RZB3,true,2025-06-30T13:50:33.171494146Z,true,2025-06-30T13:50:25.554221406Z,,,neighborhood_10,2025-06-30T13:55:23.243306379Z,game ended,2025-06-30T13:55:43.971020499Z,1,2025-06-30T13:56:48.667027004Z,"{""age"":""24"",""gender"":""Male"",""strength"":""Very interesting, very intensive too. I thought each of us would be out sick for 60 seconds once and not multiple times."",""fair"":""During the chat session, they seemed very friendly and motivated to participate even if we lost someone during the process ! :)"",""feedback"":""It was very good, very well made, training and explanations were clear."",""education"":""bachelor""}",2025-06-30T13:56:48.660424546Z,"[[54,114],[159,219]]",2025-06-30T13:50:33.171494146Z,01JZ0H1K706F68YJ8PB50DJAH3,2025-06-30T13:41:02.465377552Z,4,2025-06-30T13:42:00.04238523Z,true,2025-06-30T13:42:37.931096043Z,,,Player 2,2025-06-30T13:46:20.775367428Z,4,2025-06-30T13:55:22.233420436Z,false,2025-06-30T13:54:23.168371248Z,01JZ0H3PFHRT0F6RF9X18R4DJR,2025-06-30T13:41:02.441949684Z,,,"{""networkStruct"":""pooled"",""playerCount"":6}",2025-06-30T13:41:02.465377552Z,"Pooled, Redundancy",2025-06-30T13:41:02.465377552Z,{},2025-06-30T13:41:02.641404189Z,TaskScreen,2025-06-30T13:55:23.237647981Z
01JZ0HA9MTEHZVCQ7CEATPGDJ8,,,,,,,,,no more games,2025-06-30T16:38:40.809469116Z,,,,,,,null,2025-06-30T16:38:40.809469116Z,,,,,,,,,,,,,01JZ0HA93D87D374KP3CQ83CVQ,2025-06-30T13:44:38.298869531Z,,,"{""networkStruct"":""reciprocal"",""playerCount"":6}",2025-06-30T13:44:38.31205986Z,"Reciprocal, Redundancy",2025-06-30T13:44:38.31205986Z,{},2025-06-30T13:44:38.586399345Z,,
01JZ0PJ0N9RJK6CWJ28SDNPHWX,true,2025-06-30T15:24:27.486993443Z,true,2025-06-30T15:24:24.506028007Z,,,null,2025-06-30T15:28:46.118891932Z,game ended,2025-06-30T15:29:38.662247876Z,1,2025-06-30T15:30:16.120341401Z,"{""age"":""32"",""gender"":""Male"",""strength"":""nothing much"",""fair"":""yes"",""feedback"":""i do not know"",""education"":""master""}",2025-06-30T15:30:16.141635308Z,"[[34,94],[183,243]]",2025-06-30T15:24:27.486993443Z,01JZ0PDFG0TZHQMJ413RSFKXP4,2025-06-30T15:16:14.148926119Z,4,2025-06-30T15:17:15.340564438Z,true,2025-06-30T15:17:56.472353654Z,,,Player 5,2025-06-30T15:20:14.342355022Z,2,2025-06-30T15:28:46.169864161Z,false,2025-06-30T15:28:40.867186048Z,01JZ0PHZW6K71X30ZVKSWEYJNA,2025-06-30T15:16:14.121595215Z,,,"{""networkStruct"":""pooled"",""playerCount"":6}",2025-06-30T15:16:14.148926119Z,"Pooled, Redundancy",2025-06-30T15:16:14.148926119Z,{},2025-06-30T15:16:14.583635332Z,TaskQueue,2025-06-30T15:28:46.217350348Z
01JZ0SS4GE1C0ZJG3NGWXA6V0Z,,,,,,,,,game ended,2025-06-30T16:22:18.910515003Z,,,,,,,01JZ0S9GD9MABT2H3JKQDC0TB1,2025-06-30T16:12:33.205930061Z,4,2025-06-30T16:12:35.558422358Z,true,2025-06-30T16:12:36.296815176Z,true,2025-06-30T16:17:06.57682579Z,Player 6,2025-06-30T16:12:44.947921387Z,,,,,01JZ0SS4DY4C8WC67M6F9E7H8X,2025-06-30T16:12:33.166405528Z,,,"{""networkStruct"":""reciprocal"",""playerCount"":6}",2025-06-30T16:12:33.205930061Z,"Reciprocal, Redundancy",2025-06-30T16:12:33.205930061Z,{},2025-06-30T16:12:33.229137095Z,,
01JZ0TZEA4NSRNAN24CVE4XF3B,true,2025-06-30T16:44:39.041502757Z,true,2025-06-30T16:44:31.238859102Z,,,neighborhood_12,2025-06-30T16:49:48.044657299Z,game ended,2025-06-30T16:49:52.526154027Z,1,2025-06-30T16:50:18.711730954Z,"{""age"":""35"",""gender"":""Male"",""strength"":""It was fun"",""fair"":""Yes"",""feedback"":""Maybe tone down the sick time."",""education"":""high-school""}",2025-06-30T16:50:18.663620485Z,"[[74,134],[192,252]]",2025-06-30T16:44:39.041502757Z,01JZ0TXMB9EHVXHHHV3J3SQY3A,2025-06-30T16:33:28.460527381Z,4,2025-06-30T16:33:59.766732039Z,true,2025-06-30T16:34:23.387698945Z,,,Player 1,2025-06-30T16:40:21.686717215Z,5,2025-06-30T16:49:41.61962349Z,false,2025-06-30T16:49:03.990511082Z,01JZ0TZE2SVMNCBXAVHRVZNK3J,2025-06-30T16:33:28.388641205Z,,,"{""networkStruct"":""pooled"",""playerCount"":6}",2025-06-30T16:33:28.460527381Z,"Pooled, Redundancy",2025-06-30T16:33:28.460527381Z,{},2025-06-30T16:33:28.544671329Z,TaskScreen,2025-06-30T16:49:48.069111463Z
01JZ0FAY2QGARY5N4MQCWRAXVK,true,2025-06-30T13:17:34.552909109Z,true,2025-06-30T13:17:29.874753886Z,,,null,2025-06-30T13:21:43.219472955Z,game ended,2025-06-30T13:22:45.451121977Z,1,2025-06-30T13:22:57.760513205Z,"{""age"":""21"",""gender"":""Male"",""strength"":"""",""fair"":"""",""feedback"":"""",""education"":""bachelor""}",2025-06-30T13:22:57.751127065Z,"[[12,72],[132,192]]",2025-06-30T13:17:34.552909109Z,01JZ0F67ZT8SK3RX0KMQXRZR64,2025-06-30T13:10:02.096905676Z,4,2025-06-30T13:10:59.309579487Z,true,2025-06-30T13:11:52.441655681Z,,,Player 1,2025-06-30T13:13:22.797716316Z,3,2025-06-30T13:21:43.245212223Z,false,2025-06-30T13:20:57.795943316Z,01JZ0FAXPN3XAMMNDHNMZMHH21,2025-06-30T13:10:02.071985569Z,,,"{""networkStruct"":""pooled"",""playerCount"":6}",2025-06-30T13:10:02.096905676Z,"Pooled, Redundancy",2025-06-30T13:10:02.096905676Z,{},2025-06-30T13:10:02.30349166Z,TaskQueue,2025-06-30T13:21:43.264330954Z
01JZ0FCCMZG8VETD8HED6X5G3F,,,,,,,,,game ended,2025-06-30T13:22:20.485301618Z,,,,,,,01JZ0F67ZPF4121D8VQV580KT1,2025-06-30T13:10:49.768590864Z,4,2025-06-30T13:12:10.319355888Z,true,2025-06-30T13:12:57.95571125Z,true,2025-06-30T13:17:09.611622773Z,Player 6,2025-06-30T13:12:58.033618798Z,,,,,01JZ0FCC3ZR4W8H9ZJB778JMSQ,2025-06-30T13:10:49.75930726Z,,,"{""networkStruct"":""pooled"",""playerCount"":6}",2025-06-30T13:10:49.768590864Z,"Pooled, Redundancy",2025-06-30T13:10:49.768590864Z,{},2025-06-30T13:10:50.041227552Z,,
01JZ0SPQA7VEEQ0Q5DK9RZENSP,true,2025-06-30T16:17:06.57682579Z,true,2025-06-30T16:16:59.175898498Z,null,2025-06-30T16:19:23.647389812Z,null,2025-06-30T16:19:23.613989479Z,game ended,2025-06-30T16:22:18.910515003Z,1,2025-06-30T16:23:08.229080079Z,"{""age"":""25"",""gender"":"""",""strength"":""my part was easy"",""fair"":""I don't know. They didn't spoke in the common chat "",""feedback"":""less time, more demanding"",""education"":""master""}",2025-06-30T16:23:08.198878313Z,"[[128,188],[205,265]]",2025-06-30T16:17:06.57682579Z,01JZ0S9GD9MABT2H3JKQDC0TB1,2025-06-30T16:11:14.1899821Z,4,2025-06-30T16:12:05.27561338Z,true,2025-06-30T16:12:27.47139998Z,,,Player 5,2025-06-30T16:12:44.947921387Z,14,2025-06-30T16:19:23.693351599Z,false,2025-06-30T16:21:43.645769232Z,01JZ0SPPVT9EQ0BJXEYYSNS9YN,2025-06-30T16:11:14.11920679Z,AVERAGE PEOPLE,2025-06-30T16:17:06.57682579Z,"{""networkStruct"":""reciprocal"",""playerCount"":6}",2025-06-30T16:11:14.1899821Z,"Reciprocal, Redundancy",2025-06-30T16:11:14.1899821Z,{},2025-06-30T16:11:14.420091018Z,TaskQueue,2025-06-30T16:19:23.534900748Z
01JZ0M5STKY126HRQQPVQ7WSVN,true,2025-06-30T14:41:12.869161495Z,true,2025-06-30T14:41:06.861977599Z,null,2025-06-30T14:44:52.36142441Z,null,2025-06-30T14:44:52.336355864Z,game ended,2025-06-30T14:46:23.991400533Z,1,2025-06-30T14:47:01.049514603Z,"{""age"":""33"",""gender"":""female"",""strength"":""it was ok"",""fair"":""yes"",""feedback"":""i dont know"",""education"":""other""}",2025-06-30T14:47:01.058629651Z,"[[119,179],[18,78]]",2025-06-30T14:41:12.869161495Z,01JZ0KZHHH6W8J7M02JDFMAQF5,2025-06-30T14:34:36.774770797Z,4,2025-06-30T14:36:09.050657613Z,true,2025-06-30T14:36:57.640194537Z,,,Player 6,2025-06-30T14:36:59.540401191Z,2,2025-06-30T14:44:52.375337676Z,false,2025-06-30T14:44:22.928362197Z,01JZ0M5SD0CWE8CJV8DHSHDS3C,2025-06-30T14:34:36.755187336Z,CHILDREN'S COMMUTE DISTANCE,2025-06-30T14:41:12.869161495Z,"{""networkStruct"":""reciprocal"",""playerCount"":6}",2025-06-30T14:34:36.774770797Z,"Reciprocal, Redundancy",2025-06-30T14:34:36.774770797Z,{},2025-06-30T14:34:37.004608077Z,TaskQueue,2025-06-30T14:44:52.390402745Z
01JZ0H4Z36PV4JSD83THK2GEDW,true,2025-06-30T13:50:33.171494146Z,true,2025-06-30T13:50:27.165939246Z,,,neighborhood_12,2025-06-30T13:54:24.985478325Z,game ended,2025-06-30T13:55:43.971020499Z,1,2025-06-30T14:10:48.59050049Z,"{""age"":""27"",""gender"":""Male"",""strength"":""I was quite annoyed as I got the time out by being sick twice. In the instructions I thought it said we would only get it once, but I got it twice. So I could only play the game for three minutes. I felt very helpless."",""fair"":""Yes, my teammates were really helpful. They worked twice as fast as me. I have a lot of respect for them. They worked really hard to contribute to the team. "",""feedback"":""If a player can only get sick for a maximum of 30 seconds than I would have liked the game much more. Being ''timed out'' for almost half of the time I was supposed to play the game is not fun. In fact, it made me extremely frustrated. "",""education"":""high-school""}",2025-06-30T14:10:48.582121009Z,"[[103,163],[233,293]]",2025-06-30T13:50:33.171494146Z,01JZ0H1K706F68YJ8PB50DJAH3,2025-06-30T13:41:43.66892789Z,4,2025-06-30T13:44:10.302809417Z,true,2025-06-30T13:44:59.433929153Z,,,Player 4,2025-06-30T13:46:20.775367428Z,1,2025-06-30T13:54:21.703252912Z,false,2025-06-30T13:55:37.104823222Z,01JZ0H4YPGV51G4WMZHH3006PP,2025-06-30T13:41:43.654453636Z,,,"{""networkStruct"":""pooled"",""playerCount"":6}",2025-06-30T13:41:43.66892789Z,"Pooled, Redundancy",2025-06-30T13:41:43.66892789Z,{},2025-06-30T13:41:43.884409129Z,TaskScreen,2025-06-30T13:54:24.996399855Z
01JZ0P0GZR09Z9DMSV67CDPA5W,,,,,,,,,game ended,2025-06-30T15:18:09.217938772Z,,,,,,,01JZ0NSNC1W3B8HBKV7A156B13,2025-06-30T15:06:41.045822687Z,4,2025-06-30T15:08:16.482139186Z,true,2025-06-30T15:08:43.848542393Z,true,2025-06-30T15:12:58.229443992Z,Player 6,2025-06-30T15:08:44.283119775Z,,,,,01JZ0P0GM2QD08S4W3MEWJRV8Q,2025-06-30T15:06:41.016255339Z,,,"{""networkStruct"":""reciprocal"",""playerCount"":6}",2025-06-30T15:06:41.045822687Z,"Reciprocal, Redundancy",2025-06-30T15:06:41.045822687Z,{},2025-06-30T15:06:41.227822268Z,,
01JZ0RA7ZVQK012EEC40XNGWC7,true,2025-06-30T15:52:41.883902819Z,true,2025-06-30T15:52:35.848759958Z,1,2025-06-30T15:54:07.23731476Z,neighborhood_2,2025-06-30T15:54:07.118751025Z,game ended,2025-06-30T15:57:53.622505034Z,1,2025-06-30T15:59:07.457972319Z,"{""age"":""49"",""gender"":""Female"",""strength"":""I didn't fully understand what was requested."",""fair"":""Not really, no."",""feedback"":""Provide more simulations."",""education"":""high-school""}",2025-06-30T15:59:07.436642065Z,"[[104,164],[175,235]]",2025-06-30T15:52:41.883902819Z,01JZ0R44YW0T94WKHD2ZAT9VPC,2025-06-30T15:46:56.680081486Z,4,2025-06-30T15:47:48.149329888Z,true,2025-06-30T15:47:51.736460836Z,,,Player 4,2025-06-30T15:48:25.999998778Z,,,false,2025-06-30T15:56:50.456372543Z,01JZ0RA7GZYA9CSJXVNJ1ZAJSH,2025-06-30T15:46:56.635207975Z,AVERAGE PEOPLE,2025-06-30T15:52:41.883902819Z,"{""networkStruct"":""reciprocal"",""playerCount"":6}",2025-06-30T15:46:56.680081486Z,"Reciprocal, Redundancy",2025-06-30T15:46:56.680081486Z,{},2025-06-30T15:46:56.928347107Z,TaskScreen,2025-06-30T15:54:07.257031011Z
01JZ0REDKW0J5Q2BFW9C1X9866,,,,,,,,,no more games,2025-06-30T16:38:40.809469116Z,,,,,,,null,2025-06-30T16:38:40.809469116Z,,,,,,,,,,,,,01JZ0REDJ39AQ0VWJB85XRBXVX,2025-06-30T15:49:13.468391961Z,,,"{""networkStruct"":""reciprocal"",""playerCount"":6}",2025-06-30T15:49:13.507381676Z,"Reciprocal, Redundancy",2025-06-30T15:49:13.507381676Z,{},2025-06-30T15:49:13.547630319Z,,
01JZ0SMKXSB3XMQCB6RQZ86SBG,,,,,,,,,game ended,2025-06-30T16:20:24.157039595Z,,,,,,,01JZ0S9G7VJHRZZRV1KXAXAXSY,2025-06-30T16:10:05.162103045Z,4,2025-06-30T16:10:10.820871115Z,true,2025-06-30T16:10:11.421228902Z,true,2025-06-30T16:15:11.1359166Z,Player 6,2025-06-30T16:10:54.702146333Z,,,,,01JZ0SMKVST29NJ1EHEEEVFC4Y,2025-06-30T16:10:05.113536869Z,,,"{""networkStruct"":""pooled"",""playerCount"":6}",2025-06-30T16:10:05.162103045Z,"Pooled, Redundancy",2025-06-30T16:10:05.162103045Z,{},2025-06-30T16:10:05.199885954Z,,
01JZ0FC09D1G1AHZCQZX30N8GY,true,2025-06-30T13:20:02.125409168Z,true,2025-06-30T13:19:53.584650284Z,null,2025-06-30T13:25:13.355120091Z,null,2025-06-30T13:25:13.338966829Z,game ended,2025-06-30T13:25:13.833363244Z,1,2025-06-30T13:26:12.51436358Z,"{""age"":""22"",""gender"":""Male"",""strength"":""It was fun, but I was out for 2 minutes so I couldn't do everything"",""fair"":""Yes"",""feedback"":""Maybe more time and more neighbourhoods"",""education"":""high-school""}",2025-06-30T13:26:12.508354121Z,"[[129,189],[5,65]]",2025-06-30T13:20:02.125409168Z,01JZ0F67ZNGQ7M2D3G3M0R8ZTD,2025-06-30T13:10:37.110019415Z,4,2025-06-30T13:12:27.11393171Z,true,2025-06-30T13:13:12.66653002Z,,,Player 4,2025-06-30T13:15:49.272802124Z,11,2025-06-30T13:25:13.347699632Z,false,2025-06-30T13:23:22.008069952Z,01JZ0FBZWDNMJQ0ZG8XRWMEF9D,2025-06-30T13:10:37.101580797Z,CHILDREN'S COMMUTE DISTANCE,2025-06-30T13:20:02.125409168Z,"{""networkStruct"":""reciprocal"",""playerCount"":6}",2025-06-30T13:10:37.110019415Z,"Reciprocal, Redundancy",2025-06-30T13:10:37.110019415Z,{},2025-06-30T13:10:37.335551853Z,TaskQueue,2025-06-30T13:25:13.36256372Z
01JZ0H4ADESF7ZW26D2M0GP4C4,true,2025-06-30T13:47:55.657206595Z,true,2025-06-30T13:47:53.47842238Z,,,neighborhood_14,2025-06-30T13:49:32.738616294Z,game ended,2025-06-30T13:53:06.79952947Z,1,2025-06-30T13:54:08.950191432Z,"{""age"":""38"",""gender"":""Female"",""strength"":""It was enjoyable."",""fair"":""Yes"",""feedback"":""Reduce sick offs."",""education"":""bachelor""}",2025-06-30T13:54:08.961193773Z,"[[104,164],[229,289]]",2025-06-30T13:47:55.657206595Z,01JZ0H1K6THHEJQ855QF7WP6P1,2025-06-30T13:41:22.496764533Z,4,2025-06-30T13:42:44.045184884Z,true,2025-06-30T13:43:25.391018629Z,,,Player 5,2025-06-30T13:43:43.569417045Z,1,2025-06-30T13:49:28.06204719Z,false,2025-06-30T13:52:56.097679184Z,01JZ0H49G77YMYGG6709Y18Y1N,2025-06-30T13:41:22.478410655Z,,,"{""networkStruct"":""pooled"",""playerCount"":6}",2025-06-30T13:41:22.496764533Z,"Pooled, Redundancy",2025-06-30T13:41:22.496764533Z,{},2025-06-30T13:41:22.807940907Z,TaskScreen,2025-06-30T13:49:32.732342259Z
01JZ0SH3DAYG35GGGDBNE9NJFV,true,2025-06-30T16:15:42.114269263Z,true,2025-06-30T16:15:33.897555368Z,,,null,2025-06-30T16:20:48.413164851Z,game ended,2025-06-30T16:20:54.599486241Z,1,2025-06-30T16:21:35.713159709Z,"{""age"":""51"",""gender"":""Female"",""strength"":""I enjoyed it. It was easy but fun. "",""fair"":""I guess so. I didn’t see much from them but we seemed to complete all the tasks. "",""feedback"":""Can’t think of anything. "",""education"":""bachelor""}",2025-06-30T16:21:35.737877174Z,"[[99,159],[27,87]]",2025-06-30T16:15:42.114269263Z,01JZ0S9G9GQDAYDBEESMGH4RA5,2025-06-30T16:08:09.932679199Z,4,2025-06-30T16:08:48.422217172Z,true,2025-06-30T16:09:21.624714151Z,,,Player 4,2025-06-30T16:11:26.543339279Z,5,2025-06-30T16:20:48.380938956Z,false,2025-06-30T16:18:33.182230208Z,01JZ0SH34R86NAC17BFH390QZD,2025-06-30T16:08:09.89872712Z,,,"{""networkStruct"":""pooled"",""playerCount"":6}",2025-06-30T16:08:09.932679199Z,"Pooled, Redundancy",2025-06-30T16:08:09.932679199Z,{},2025-06-30T16:08:10.112913331Z,TaskQueue,2025-06-30T16:20:48.44944012Z
01JZ0V0WVFE4ZBB3TWZ97MY0D7,,,,,,,,,game ended,2025-06-30T16:48:10.668314583Z,,,,,,,01JZ0TXM7C18DJWS688K2WH576,2025-06-30T16:34:16.121177346Z,4,2025-06-30T16:36:27.546135706Z,true,2025-06-30T16:37:07.953617681Z,true,2025-06-30T16:42:58.194747166Z,Player 4,2025-06-30T16:38:41.212109419Z,,,,,01JZ0V0WBP2T8633JN63DXJDZJ,2025-06-30T16:34:16.047197308Z,,,"{""networkStruct"":""reciprocal"",""playerCount"":6}",2025-06-30T16:34:16.121177346Z,"Reciprocal, Redundancy",2025-06-30T16:34:16.121177346Z,{},2025-06-30T16:34:16.33756334Z,,
01JZ0FB7Q8CPCSMQA1PGA0EPYG,true,2025-06-30T13:16:09.828627526Z,true,2025-06-30T13:16:04.213450953Z,,,neighborhood_10,2025-06-30T13:18:18.07007976Z,game ended,2025-06-30T13:21:20.652627982Z,1,2025-06-30T13:22:23.102114335Z,"{""age"":""27"",""gender"":""Female"",""strength"":""It was interesting! the time pressure made me want to contribute more "",""fair"":""They were, especially because everyone was out sick at least once"",""feedback"":"""",""education"":""master""}",2025-06-30T13:22:23.108228113Z,"[[120,180],[204,264]]",2025-06-30T13:16:09.828627526Z,01JZ0F6805RKXP4JKMN5N89R8W,2025-06-30T13:10:11.953390089Z,4,2025-06-30T13:11:21.791518938Z,true,2025-06-30T13:11:38.692142112Z,,,Player 3,2025-06-30T13:11:58.271155643Z,2,2025-06-30T13:18:15.173914258Z,false,2025-06-30T13:20:44.894859932Z,01JZ0FB7AZZ7SV3SF0CRCSTVPW,2025-06-30T13:10:11.94421402Z,,,"{""networkStruct"":""pooled"",""playerCount"":6}",2025-06-30T13:10:11.953390089Z,"Pooled, Redundancy",2025-06-30T13:10:11.953390089Z,{},2025-06-30T13:10:12.152559187Z,TaskScreen,2025-06-30T13:18:18.047693447Z
01JZ0JQQMSRZZJ1P2ESVX6GNQJ,true,2025-06-30T14:19:46.903524002Z,true,2025-06-30T14:19:38.656333906Z,null,2025-06-30T14:24:14.876968087Z,null,2025-06-30T14:24:14.858127325Z,game ended,2025-06-30T14:24:57.866498074Z,1,2025-06-30T14:26:00.143750027Z,"{""age"":""38"",""gender"":""Male"",""strength"":""It was fun and well made, stop for \""sickness\"" was a bit boring tho."",""fair"":""Yeah, they did well."",""feedback"":""Make it faster, with less waiting."",""education"":""bachelor""}",2025-06-30T14:26:00.134430722Z,"[[102,162],[11,71]]",2025-06-30T14:19:46.903524002Z,01JZ0JJRMFBKARHHQY8ZXKDX2Q,2025-06-30T14:09:27.216661872Z,4,2025-06-30T14:10:01.562904147Z,true,2025-06-30T14:10:12.155013018Z,,,Player 4,2025-06-30T14:15:34.623475898Z,7,2025-06-30T14:24:14.851762736Z,false,2025-06-30T14:22:40.016005198Z,01JZ0JQQ51CDTD0HJ3FXMHX4P7,2025-06-30T14:09:27.194040799Z,CHILDREN'S COMMUTE DISTANCE,2025-06-30T14:19:46.903524002Z,"{""networkStruct"":""reciprocal"",""playerCount"":6}",2025-06-30T14:09:27.216661872Z,"Reciprocal, Redundancy",2025-06-30T14:09:27.216661872Z,{},2025-06-30T14:09:27.474530195Z,TaskQueue,2025-06-30T14:24:14.869940826Z
01JZ0REQKT4PY43TB41SDFP5R0,,,,,,,,,game ended,2025-06-30T16:00:50.951214301Z,,,,,,,01JZ0R44ZAP7PYVAMQ60PRQDRH,2025-06-30T15:49:23.746028323Z,4,2025-06-30T15:49:29.541172756Z,true,2025-06-30T15:49:30.721737945Z,true,2025-06-30T15:55:38.716197607Z,Player 5,2025-06-30T15:51:22.485124628Z,,,,,01JZ0REQJ7J5RKPDCEYRJB2YEZ,2025-06-30T15:49:23.706468461Z,,,"{""networkStruct"":""reciprocal"",""playerCount"":6}",2025-06-30T15:49:23.746028323Z,"Reciprocal, Redundancy",2025-06-30T15:49:23.746028323Z,{},2025-06-30T15:49:23.778067319Z,,
01JZ0FAWW52BSADP6XRFJZKM7N,true,2025-06-30T13:16:09.828627526Z,true,2025-06-30T13:16:03.209792679Z,,,neighborhood_14,2025-06-30T13:16:23.480436645Z,game ended,2025-06-30T13:21:20.652627982Z,1,2025-06-30T13:21:48.076481939Z,"{""age"":""33"",""gender"":""female"",""strength"":""math is not for me"",""fair"":""probably"",""feedback"":""na"",""education"":""high-school""}",2025-06-30T13:21:48.046224488Z,"[[5,65],[221,281]]",2025-06-30T13:16:09.828627526Z,01JZ0F6805RKXP4JKMN5N89R8W,2025-06-30T13:10:00.849850033Z,4,2025-06-30T13:10:50.329468589Z,true,2025-06-30T13:11:21.99567091Z,,,Player 1,2025-06-30T13:11:58.271155643Z,,,false,2025-06-30T13:21:02.24193392Z,01JZ0FAW69Q0MDFJJD52D45WSZ,2025-06-30T13:10:00.837690574Z,,,"{""networkStruct"":""pooled"",""playerCount"":6}",2025-06-30T13:10:00.849850033Z,"Pooled, Redundancy",2025-06-30T13:10:00.849850033Z,{},2025-06-30T13:10:01.070501206Z,TaskScreen,2025-06-30T13:16:23.487158338Z
01JZ0FJS48KWCXDKD6ZRVDSXBC,true,2025-06-30T13:20:33.951052698Z,true,2025-06-30T13:20:26.912812799Z,null,2025-06-30T13:24:37.662419947Z,null,2025-06-30T13:24:37.676591035Z,game ended,2025-06-30T13:25:44.872472533Z,1,2025-06-30T13:26:22.910858941Z,"{""age"":""52"",""gender"":""male"",""strength"":""ok"",""fair"":""not really"",""feedback"":""no idea"",""education"":""master""}",2025-06-30T13:26:22.897798342Z,"[[233,293],[162,222]]",2025-06-30T13:20:33.951052698Z,01JZ0F67ZNGQ7M2D3G364WEKWP,2025-06-30T13:14:19.162622735Z,4,2025-06-30T13:15:39.394567314Z,true,2025-06-30T13:16:20.946768942Z,,,Player 5,2025-06-30T13:16:21.203127352Z,14,2025-06-30T13:24:37.684327375Z,false,2025-06-30T13:25:39.76653291Z,01JZ0FJRPS6Y1DDKDVC1TSVBE9,2025-06-30T13:14:19.144318017Z,CHILDREN'S COMMUTE DISTANCE,2025-06-30T13:20:33.951052698Z,"{""networkStruct"":""reciprocal"",""playerCount"":6}",2025-06-30T13:14:19.162622735Z,"Reciprocal, Redundancy",2025-06-30T13:14:19.162622735Z,{},2025-06-30T13:14:19.418342474Z,TaskQueue,2025-06-30T13:24:37.64754811Z
01JZ0Q9VF2E3396PSDD6F3ESVG,true,2025-06-30T15:35:30.551359784Z,true,2025-06-30T15:35:27.208389605Z,null,2025-06-30T15:40:39.228968454Z,null,2025-06-30T15:40:39.163493258Z,game ended,2025-06-30T15:40:41.873981429Z,1,2025-06-30T15:41:26.252898529Z,"{""age"":""45"",""gender"":""male"",""strength"":""was fun"",""fair"":""didn't really have any interaction with them "",""feedback"":"""",""education"":""bachelor""}",2025-06-30T15:41:26.230343651Z,"[[223,283],[118,178]]",2025-06-30T15:35:30.551359784Z,01JZ0Q0CX32Y5M8NZMVY0C598C,2025-06-30T15:29:15.26003546Z,4,2025-06-30T15:30:06.321312539Z,true,2025-06-30T15:30:30.737894823Z,,,Player 3,2025-06-30T15:31:17.160544574Z,8,2025-06-30T15:40:39.186710673Z,false,2025-06-30T15:40:24.900103254Z,01JZ0Q9V3A35S1J82SRFAZT7PN,2025-06-30T15:29:15.234600043Z,CHILDREN'S COMMUTE DISTANCE,2025-06-30T15:35:30.551359784Z,"{""networkStruct"":""reciprocal"",""playerCount"":6}",2025-06-30T15:29:15.26003546Z,"Reciprocal, Redundancy",2025-06-30T15:29:15.26003546Z,{},2025-06-30T15:29:15.451658872Z,TaskQueue,2025-06-30T15:40:39.210667268Z
01JZ0SF6SRD67J9Q4V8979AFYM,true,2025-06-30T16:16:27.588476914Z,true,2025-06-30T16:16:20.050435263Z,null,2025-06-30T16:19:07.020584714Z,null,2025-06-30T16:19:06.943101116Z,game ended,2025-06-30T16:21:39.539519546Z,1,2025-06-30T16:22:06.707039335Z,"{""age"":""51"",""gender"":""male"",""strength"":""Bit boring "",""fair"":""no"",""feedback"":""better instructions "",""education"":""bachelor""}",2025-06-30T16:22:06.641048804Z,"[[16,76],[164,224]]",2025-06-30T16:16:27.588476914Z,01JZ0S9GCCCNBKT0N3T9B2PH95,2025-06-30T16:07:07.878801319Z,4,2025-06-30T16:07:54.284784398Z,true,2025-06-30T16:08:23.442578153Z,,,Player 2,2025-06-30T16:12:12.24391692Z,8,2025-06-30T16:19:06.990065141Z,false,2025-06-30T16:20:24.652725499Z,01JZ0SF6DK0FQA8ZDSJJ0XP7Q4,2025-06-30T16:07:07.832731855Z,AVERAGE PEOPLE,2025-06-30T16:16:27.588476914Z,"{""networkStruct"":""reciprocal"",""playerCount"":6}",2025-06-30T16:07:07.878801319Z,"Reciprocal, Redundancy",2025-06-30T16:07:07.878801319Z,{},2025-06-30T16:07:08.074187398Z,TaskQueue,2025-06-30T16:19:07.0489054Z
01JZ0FD6F005B6TFCSX425WZE3,true,2025-06-30T13:16:41.4231973Z,true,2025-06-30T13:16:33.298359506Z,null,2025-06-30T13:21:35.818368158Z,null,2025-06-30T13:21:35.810988681Z,game ended,2025-06-30T13:21:52.367504436Z,1,2025-06-30T13:23:47.956820204Z,"{""age"":""44"",""gender"":""Female"",""strength"":""It was good but I was anxious when waiting for the sick period. "",""fair"":""Yes. They were able to finish all except one maybe because didn't have enough time after the sick period."",""feedback"":""More time to chat, probably"",""education"":""bachelor""}",2025-06-30T13:23:47.948586201Z,"[[214,274],[82,142]]",2025-06-30T13:16:41.4231973Z,01JZ0F67ZKKPGDC64ETWQZ69WV,2025-06-30T13:11:16.207756387Z,4,2025-06-30T13:11:55.240308262Z,true,2025-06-30T13:12:12.698783345Z,,,Player 6,2025-06-30T13:12:29.7840431Z,5,2025-06-30T13:21:35.832455373Z,false,2025-06-30T13:21:24.960184103Z,01JZ0FD6AC2THEB69WGKJCA986,2025-06-30T13:11:16.19257056Z,MAXIMUM INCOME,2025-06-30T13:16:41.4231973Z,"{""networkStruct"":""reciprocal"",""playerCount"":6}",2025-06-30T13:11:16.207756387Z,"Reciprocal, Redundancy",2025-06-30T13:11:16.207756387Z,{},2025-06-30T13:11:16.294305338Z,TaskQueue,2025-06-30T13:21:35.838899648Z
01JZ0NTCE2X78Q76YGQBCA3DW3,,,,,,,,,game ended,2025-06-30T15:18:09.217938772Z,,,,,,,01JZ0NSNC1W3B8HBKV7A156B13,2025-06-30T15:03:19.812116989Z,4,2025-06-30T15:03:23.04180384Z,true,2025-06-30T15:03:24.589730034Z,true,2025-06-30T15:12:58.229443992Z,Player 1,2025-06-30T15:08:44.283119775Z,,,,,01JZ0NTCC7V2J0NECS47T43TZP,2025-06-30T15:03:19.746109374Z,,,"{""networkStruct"":""reciprocal"",""playerCount"":6}",2025-06-30T15:03:19.812116989Z,"Reciprocal, Redundancy",2025-06-30T15:03:19.812116989Z,{},2025-06-30T15:03:19.862452214Z,,
01JZ0V2V0JVWK8BV5PK5A7H9Y7,,,,,,,,,game ended,2025-06-30T16:48:53.149401272Z,,,,,,,01JZ0TXM9G1YQW4PKWAZEHBP4X,2025-06-30T16:35:19.750940319Z,4,2025-06-30T16:35:22.161663892Z,true,2025-06-30T16:35:22.581027702Z,true,2025-06-30T16:43:39.600490531Z,Player 2,2025-06-30T16:39:17.591230728Z,,,,,01JZ0V2TYNTYVDAEWD2V3SNV24,2025-06-30T16:35:19.698983037Z,,,"{""networkStruct"":""pooled"",""playerCount"":6}",2025-06-30T16:35:19.750940319Z,"Pooled, Redundancy",2025-06-30T16:35:19.750940319Z,{},2025-06-30T16:35:19.798452769Z,,
01JZ0V9ZC490X2HP9D1Q99P8WS,,,,,,,,,no more games,2025-06-30T16:40:21.09783098Z,,,,,,,null,2025-06-30T16:40:21.09783098Z,4,2025-06-30T16:40:18.516736241Z,,,,,,,,,,,01JZ0V9YWED2EHJXP0FZ2RRVM1,2025-06-30T16:39:13.540702255Z,,,"{""networkStruct"":""pooled"",""playerCount"":6}",2025-06-30T16:39:13.59646288Z,"Pooled, Redundancy",2025-06-30T16:39:13.59646288Z,{},2025-06-30T16:39:13.943144412Z,,
01JZ0H5BHKCTD3T58KE49ABST6,true,2025-06-30T13:48:58.453374755Z,true,2025-06-30T13:48:51.879996709Z,null,2025-06-30T13:52:42.588036545Z,null,2025-06-30T13:52:42.575549703Z,game ended,2025-06-30T13:54:09.375027459Z,1,2025-06-30T13:54:56.713131646Z,"{""age"":""69"",""gender"":""Male"",""strength"":""Easier than I expected"",""fair"":""Partly"",""feedback"":""More work to do and fewer out sick moments"",""education"":""bachelor""}",2025-06-30T13:54:56.690046256Z,"[[141,201],[238,298]]",2025-06-30T13:48:58.453374755Z,01JZ0H1K78HDDW9F2WM1P8VZMN,2025-06-30T13:44:43.075070741Z,4,2025-06-30T13:43:46.309445481Z,true,2025-06-30T13:44:45.449532673Z,,,Player 5,2025-06-30T13:44:45.571211867Z,7,2025-06-30T13:52:42.599207676Z,false,2025-06-30T13:54:07.253453435Z,01JZ0H5B5WXR5VRF6NKKMSAM16,2025-06-30T13:41:56.403816267Z,CHILDREN'S COMMUTE DISTANCE,2025-06-30T13:48:58.453374755Z,"{""networkStruct"":""reciprocal"",""playerCount"":6}",2025-06-30T13:41:56.41740942Z,"Reciprocal, Redundancy",2025-06-30T13:41:56.41740942Z,{},2025-06-30T13:41:56.68446326Z,TaskQueue,2025-06-30T13:52:42.621904205Z
01JZ0JRQKJWMM7DD21YR6CR4TA,true,2025-06-30T14:17:51.053738955Z,true,2025-06-30T14:17:48.142986353Z,,,null,2025-06-30T14:23:01.691400777Z,game ended,2025-06-30T14:23:02.269435373Z,1,2025-06-30T14:23:49.160060813Z,"{""age"":""24"",""gender"":""female"",""strength"":""It was easy to understand"",""fair"":""I think so, I don't know if they did it right though"",""feedback"":""I think it was okay"",""education"":""bachelor""}",2025-06-30T14:23:49.152305958Z,"[[145,205],[229,289]]",2025-06-30T14:17:51.053738955Z,01JZ0JJRKH7XD764W2MEEG7PFH,2025-06-30T14:09:59.939785229Z,4,2025-06-30T14:10:59.22104069Z,true,2025-06-30T14:12:17.735804921Z,,,Player 5,2025-06-30T14:13:38.679169723Z,4,2025-06-30T14:23:01.648326607Z,false,2025-06-30T14:22:50.630262627Z,01JZ0JRPX9F60T2ARXX51D0HPF,2025-06-30T14:09:59.922555831Z,,,"{""networkStruct"":""pooled"",""playerCount"":6}",2025-06-30T14:09:59.939785229Z,"Pooled, Redundancy",2025-06-30T14:09:59.939785229Z,{},2025-06-30T14:10:00.489964236Z,TaskQueue,2025-06-30T14:23:01.622356365Z
01JZ0R83TEZ3G1FW66WSBKZX4F,true,2025-06-30T15:53:13.678802262Z,true,2025-06-30T15:53:09.650140838Z,,,neighborhood_9,2025-06-30T15:53:46.765342599Z,game ended,2025-06-30T15:58:26.587194704Z,1,2025-06-30T15:59:26.610637883Z,"{""age"":""45"",""gender"":""male"",""strength"":"""",""fair"":""yes"",""feedback"":"""",""education"":""master""}",2025-06-30T15:59:26.585353311Z,"[[130,190],[59,119]]",2025-06-30T15:53:13.678802262Z,01JZ0R44ZMT5HYXWVABB60AH0G,2025-06-30T15:45:46.866561013Z,4,2025-06-30T15:46:56.105089373Z,true,2025-06-30T15:47:20.971764546Z,,,Player 4,2025-06-30T15:48:52.668438741Z,,,false,2025-06-30T15:56:35.985187814Z,01JZ0R816HJZBQET875VYWBEEQ,2025-06-30T15:45:46.830774337Z,,,"{""networkStruct"":""pooled"",""playerCount"":6}",2025-06-30T15:45:46.866561013Z,"Pooled, Redundancy",2025-06-30T15:45:46.866561013Z,{},2025-06-30T15:45:47.205311976Z,TaskScreen,2025-06-30T15:53:46.832295964Z
01JZ0R8TKKW2EPRKZPXP3GPCB0,,,,,,,,,no more games,2025-06-30T16:38:40.809469116Z,,,,,,,null,2025-06-30T16:38:40.809469116Z,,,,,,,,,,,,,01JZ0R8THK52EH436JPETNE1VW,2025-06-30T15:46:10.163145931Z,,,"{""networkStruct"":""reciprocal"",""playerCount"":6}",2025-06-30T15:46:10.199081482Z,"Reciprocal, Redundancy",2025-06-30T15:46:10.199081482Z,{},2025-06-30T15:46:10.221838699Z,,
01JZ0V1ERYHDJ60FHKM6DYYBBC,,,,,,,,,game ended,2025-06-30T16:49:52.526154027Z,,,,,,,01JZ0TXMB9EHVXHHHV3J3SQY3A,2025-06-30T16:34:34.511078362Z,4,2025-06-30T16:34:37.252657486Z,true,2025-06-30T16:34:37.769046025Z,true,2025-06-30T16:44:39.041502757Z,Player 3,2025-06-30T16:40:21.686717215Z,,,,,01JZ0V1EPSGA6YJKXQ2D229DJ9,2025-06-30T16:34:34.399004412Z,,,"{""networkStruct"":""pooled"",""playerCount"":6}",2025-06-30T16:34:34.511078362Z,"Pooled, Redundancy",2025-06-30T16:34:34.511078362Z,{},2025-06-30T16:34:34.588742822Z,,
01JZ0FAZKMC53M0H38X162NKWX,true,2025-06-30T13:18:05.719938795Z,true,2025-06-30T13:17:57.318218216Z,,,neighborhood_13,2025-06-30T13:22:55.980797546Z,game ended,2025-06-30T13:23:16.948337204Z,1,2025-06-30T13:23:57.412322128Z,"{""age"":""27"",""gender"":""Female"",""strength"":""Fun"",""fair"":""Yes- seemed to be getting through the tasks"",""feedback"":""Can’t think of any suggestions "",""education"":""master""}",2025-06-30T13:23:57.394931857Z,"[[128,188],[201,261]]",2025-06-30T13:18:05.719938795Z,01JZ0F67Z745P2890BJ7Q88E3R,2025-06-30T13:10:03.651108696Z,4,2025-06-30T13:11:23.822407991Z,true,2025-06-30T13:11:51.895003105Z,,,Player 2,2025-06-30T13:13:52.184367924Z,3,2025-06-30T13:22:51.295886467Z,false,2025-06-30T13:22:38.437712528Z,01JZ0FAZ84SZR8KZ55E160CKPF,2025-06-30T13:10:03.636995793Z,,,"{""networkStruct"":""pooled"",""playerCount"":6}",2025-06-30T13:10:03.651108696Z,"Pooled, Redundancy",2025-06-30T13:10:03.651108696Z,{},2025-06-30T13:10:03.959499484Z,TaskScreen,2025-06-30T13:22:55.995836428Z
01JZ0H3CNXXCY16G7HRC2VAP66,true,2025-06-30T13:47:55.657206595Z,true,2025-06-30T13:47:48.327156001Z,,,neighborhood_10,2025-06-30T13:51:45.393374972Z,game ended,2025-06-30T13:53:06.79952947Z,1,2025-06-30T13:53:45.303199696Z,"{""age"":""23"",""gender"":""female"",""strength"":""it was frustrating"",""fair"":""yes"",""feedback"":""i dont know"",""education"":""master""}",2025-06-30T13:53:45.295010163Z,"[[151,211],[82,142]]",2025-06-30T13:47:55.657206595Z,01JZ0H1K6THHEJQ855QF7WP6P1,2025-06-30T13:40:52.044495264Z,4,2025-06-30T13:41:47.483871248Z,true,2025-06-30T13:42:12.956246893Z,,,Player 2,2025-06-30T13:43:43.569417045Z,1,2025-06-30T13:51:42.425665627Z,false,2025-06-30T13:51:38.25831223Z,01JZ0H3C4Y3HR9H6E5T26VS6N3,2025-06-30T13:40:52.029373511Z,,,"{""networkStruct"":""pooled"",""playerCount"":6}",2025-06-30T13:40:52.044495264Z,"Pooled, Redundancy",2025-06-30T13:40:52.044495264Z,{},2025-06-30T13:40:52.311072324Z,TaskScreen,2025-06-30T13:51:45.384308158Z
01JZ0K2MMEXP18DBVH90QK1R5V,,,,,,,,,game ended,2025-06-30T14:24:57.866498074Z,,,,,,,01JZ0JJRMFBKARHHQY8ZXKDX2Q,2025-06-30T14:15:24.693846665Z,4,2025-06-30T14:15:29.335630982Z,true,2025-06-30T14:15:29.991766972Z,true,2025-06-30T14:19:46.903524002Z,Player 6,2025-06-30T14:15:34.623475898Z,,,,,01JZ0K2MH4QYSY5C718ZZMWFAB,2025-06-30T14:15:24.558461971Z,,,"{""networkStruct"":""reciprocal"",""playerCount"":6}",2025-06-30T14:15:24.693846665Z,"Reciprocal, Redundancy",2025-06-30T14:15:24.693846665Z,{},2025-06-30T14:15:24.720181444Z,,
01JZ0QJ5V3C61DQXW1GQ026AYD,,,,,,,,,game ended,2025-06-30T15:47:38.810233908Z,,,,,,,01JZ0QGE4MQBM7ZJEFVQMWJX02,2025-06-30T15:33:48.032018715Z,4,2025-06-30T15:33:55.692002411Z,true,2025-06-30T15:33:57.956997676Z,true,2025-06-30T15:42:26.795107984Z,Player 2,2025-06-30T15:38:12.844209337Z,,,,,01JZ0QJ5F322AB6JZSFQQYMSGE,2025-06-30T15:33:48.003463718Z,,,"{""networkStruct"":""pooled"",""playerCount"":6}",2025-06-30T15:33:48.032018715Z,"Pooled, Redundancy",2025-06-30T15:33:48.032018715Z,{},2025-06-30T15:33:48.226884367Z,,
01JZ0TZYZXZDYD29K8ANGZ398R,true,2025-06-30T16:42:58.194747166Z,true,2025-06-30T16:42:54.651268383Z,null,2025-06-30T16:47:52.402199435Z,null,2025-06-30T16:47:52.293632772Z,game ended,2025-06-30T16:48:10.668314583Z,1,2025-06-30T16:49:08.254201262Z,"{""age"":""35"",""gender"":""Male"",""strength"":""Interesting but logical"",""fair"":""I do not know"",""feedback"":""I is fine"",""education"":""master""}",2025-06-30T16:49:08.194537881Z,"[[46,106],[219,279]]",2025-06-30T16:42:58.194747166Z,01JZ0TXM7C18DJWS688K2WH576,2025-06-30T16:38:29.011482155Z,4,2025-06-30T16:37:47.406867254Z,true,2025-06-30T16:38:40.760562035Z,,,Player 1,2025-06-30T16:38:41.212109419Z,3,2025-06-30T16:47:52.367798532Z,false,2025-06-30T16:47:49.924408473Z,01JZ0TZYM6P7VJCB8JFPMBDQ0Q,2025-06-30T16:33:45.469084776Z,AVERAGE PEOPLE,2025-06-30T16:42:58.194747166Z,"{""networkStruct"":""reciprocal"",""playerCount"":6}",2025-06-30T16:33:45.506827649Z,"Reciprocal, Redundancy",2025-06-30T16:33:45.506827649Z,{},2025-06-30T16:33:45.652936126Z,TaskQueue,2025-06-30T16:47:52.32899401Z
01JZ0FCYEY48D81TQPYGM7BEH5,true,2025-06-30T13:20:33.951052698Z,true,2025-06-30T13:20:28.870938328Z,2,2025-06-30T13:25:18.407072504Z,neighborhood_8,2025-06-30T13:25:18.399920103Z,game ended,2025-06-30T13:25:44.872472533Z,1,2025-06-30T13:26:32.940572693Z,"{""age"":""61"",""gender"":""Female"",""strength"":""It was fun"",""fair"":""Yes"",""feedback"":"""",""education"":""bachelor""}",2025-06-30T13:26:33.025642073Z,"[[178,238],[6,66]]",2025-06-30T13:20:33.951052698Z,01JZ0F67ZNGQ7M2D3G364WEKWP,2025-06-30T13:12:50.636648614Z,4,2025-06-30T13:13:46.430912403Z,true,2025-06-30T13:14:14.160908161Z,,,Player 3,2025-06-30T13:16:21.203127352Z,2,2025-06-30T13:25:13.811292544Z,false,2025-06-30T13:24:44.135647816Z,01JZ0FCVT0ECQAJKR4QA5A12EH,2025-06-30T13:11:07.998605819Z,MAXIMUM INCOME,2025-06-30T13:20:33.951052698Z,"{""networkStruct"":""reciprocal"",""playerCount"":6}",2025-06-30T13:11:08.012551925Z,"Reciprocal, Redundancy",2025-06-30T13:11:08.012551925Z,{},2025-06-30T13:11:08.875755211Z,TaskScreen,2025-06-30T13:25:18.413510006Z
01JZ0FJ5HQADXB6GZQKEP8JRB4,true,2025-06-30T13:23:40.775353933Z,true,2025-06-30T13:23:33.516159451Z,,,null,2025-06-30T13:28:41.887111417Z,game ended,2025-06-30T13:28:52.161827263Z,,,,,"[[193,253],[130,190]]",2025-06-30T13:23:40.775353933Z,01JZ0F67Z8B8A42G6Y5XQ0NS83,2025-06-30T13:15:52.468374459Z,4,2025-06-30T13:14:52.204679829Z,true,2025-06-30T13:15:56.948588366Z,,,Player 5,2025-06-30T13:19:26.694911776Z,4,2025-06-30T13:28:41.876687957Z,false,2025-06-30T13:28:07.701929672Z,01JZ0FJ56DH01TKSHPWKWRV76P,2025-06-30T13:13:59.095916834Z,,,"{""networkStruct"":""pooled"",""playerCount"":6}",2025-06-30T13:13:59.12537982Z,"Pooled, Redundancy",2025-06-30T13:13:59.12537982Z,{},2025-06-30T13:13:59.281022181Z,TaskQueue,2025-06-30T13:28:41.896484062Z
01JZ0FC5C1EPNX1QPXSHM58GNF,,,,,,,,,no more games,2025-06-30T16:40:21.09783098Z,,,,,,,null,2025-06-30T16:40:21.09783098Z,4,2025-06-30T13:12:18.141866134Z,,,,,,,,,,,01JZ0FC4WSG4VN78ASMEBAVSGV,2025-06-30T13:10:42.306041849Z,,,"{""networkStruct"":""pooled"",""playerCount"":6}",2025-06-30T13:10:42.317046353Z,"Pooled, Redundancy",2025-06-30T13:10:42.317046353Z,{},2025-06-30T13:10:42.578128519Z,,
01JZ0H5G63GV0PY89GCTJ3RTN8,,,,,,,,,game ended,2025-06-30T13:54:06.415229142Z,,,,,,,01JZ0H1K7A7HBJ5WZC7T99GVBX,2025-06-30T13:42:01.174105709Z,4,2025-06-30T13:43:48.317875461Z,true,2025-06-30T13:44:43.045522365Z,true,2025-06-30T13:48:55.552656034Z,Player 4,2025-06-30T13:44:43.188143395Z,,,,,01JZ0H5FQ3BCCJ2Z6GWFPY5W0P,2025-06-30T13:42:01.155569559Z,,,"{""networkStruct"":""reciprocal"",""playerCount"":6}",2025-06-30T13:42:01.174105709Z,"Reciprocal, Redundancy",2025-06-30T13:42:01.174105709Z,{},2025-06-30T13:42:01.435643497Z,,
01JZ0NG35H1QSCVTSKBX9JBBRR,true,2025-06-30T15:05:48.218702598Z,true,2025-06-30T15:05:44.12488183Z,,,neighborhood_11,2025-06-30T15:10:08.888696551Z,game ended,2025-06-30T15:10:59.129102617Z,1,2025-06-30T15:12:05.60024304Z,"{""age"":""47"",""gender"":""female"",""strength"":""I think if i wasn't out over half the time sick i would've done better."",""fair"":""yes"",""feedback"":""nothing"",""education"":""high-school""}",2025-06-30T15:12:05.581655216Z,"[[68,128],[163,223]]",2025-06-30T15:05:48.218702598Z,01JZ0N9PPX2EBNCBEJCH5EHX43,2025-06-30T14:57:42.62605187Z,4,2025-06-30T14:58:38.449622462Z,true,2025-06-30T14:59:27.336729498Z,,,Player 4,2025-06-30T15:01:35.180269655Z,1,2025-06-30T15:10:05.431074857Z,false,2025-06-30T15:09:42.459739942Z,01JZ0NG316QW69Q9C63EBT61R5,2025-06-30T14:57:42.577642857Z,,,"{""networkStruct"":""pooled"",""playerCount"":6}",2025-06-30T14:57:42.62605187Z,"Pooled, Redundancy",2025-06-30T14:57:42.62605187Z,{},2025-06-30T14:57:42.718925941Z,TaskScreen,2025-06-30T15:10:08.876484553Z
01JZ0Q7SXAVHT2K7AH34K6E1SX,true,2025-06-30T15:32:29.96569497Z,true,2025-06-30T15:32:25.336185791Z,null,2025-06-30T15:37:21.246799462Z,null,2025-06-30T15:37:21.281085523Z,game ended,2025-06-30T15:37:41.654996579Z,1,2025-06-30T15:37:53.793465751Z,"{""age"":""27"",""gender"":""male"",""strength"":"""",""fair"":"""",""feedback"":"""",""education"":""master""}",2025-06-30T15:37:53.780556113Z,"[[45,105],[188,248]]",2025-06-30T15:32:29.96569497Z,01JZ0Q0CWNKJYDS4SW61Q7VTQN,2025-06-30T15:28:08.137551493Z,4,2025-06-30T15:28:14.020139358Z,true,2025-06-30T15:28:15.058140925Z,,,Player 6,2025-06-30T15:28:15.289405726Z,13,2025-06-30T15:37:21.352858655Z,false,2025-06-30T15:36:48.27142416Z,01JZ0Q7SE4JACCGXN25YSH3QXW,2025-06-30T15:28:08.106529854Z,CHILDREN'S COMMUTE DISTANCE,2025-06-30T15:32:29.96569497Z,"{""networkStruct"":""reciprocal"",""playerCount"":6}",2025-06-30T15:28:08.137551493Z,"Reciprocal, Redundancy",2025-06-30T15:28:08.137551493Z,{},2025-06-30T15:28:08.389899303Z,TaskQueue,2025-06-30T15:37:21.176991034Z
01JZ0R9NKSZXK437J316D7FC4F,true,2025-06-30T15:55:38.716197607Z,true,2025-06-30T15:55:31.118350643Z,null,2025-06-30T16:00:26.303377147Z,null,2025-06-30T16:00:26.50641Z,game ended,2025-06-30T16:00:50.951214301Z,1,2025-06-30T16:01:22.674518854Z,"{""age"":""47"",""gender"":""Female"",""strength"":""Fun"",""fair"":""Yes"",""feedback"":""It was already good"",""education"":""high-school""}",2025-06-30T16:01:22.585152343Z,"[[65,125],[179,239]]",2025-06-30T15:55:38.716197607Z,01JZ0R44ZAP7PYVAMQ60PRQDRH,2025-06-30T15:46:37.853618945Z,4,2025-06-30T15:47:21.89238199Z,true,2025-06-30T15:47:41.461204147Z,,,Player 3,2025-06-30T15:51:22.485124628Z,8,2025-06-30T16:00:26.413761933Z,false,2025-06-30T15:59:49.82038699Z,01JZ0R9N9CH65RMW20KDAV2A3Y,2025-06-30T15:46:37.817176811Z,CHILDREN'S COMMUTE DISTANCE,2025-06-30T15:55:38.716197607Z,"{""networkStruct"":""reciprocal"",""playerCount"":6}",2025-06-30T15:46:37.853618945Z,"Reciprocal, Redundancy",2025-06-30T15:46:37.853618945Z,{},2025-06-30T15:46:37.985620504Z,TaskQueue,2025-06-30T16:00:26.360355065Z
01JZ0ST5TS5QV8K1SHD437M5P1,,,,,,,,,game ended,2025-06-30T16:27:26.613748644Z,,,,,,,01JZ0S9G8MSQJNW9QDDX82T8EZ,2025-06-30T16:13:07.338432217Z,4,2025-06-30T16:13:09.775044076Z,true,2025-06-30T16:13:10.390886636Z,true,2025-06-30T16:22:14.621005583Z,Player 4,2025-06-30T16:17:55.534285086Z,,,,,01JZ0ST5RXCQ0CD72ZBEKWE602,2025-06-30T16:13:07.289956553Z,,,"{""networkStruct"":""pooled"",""playerCount"":6}",2025-06-30T16:13:07.338432217Z,"Pooled, Redundancy",2025-06-30T16:13:07.338432217Z,{},2025-06-30T16:13:07.381325537Z,,
01JZ0FB43V6RX3WM4ZEX4SH8M0,true,2025-06-30T13:18:12.859120691Z,true,2025-06-30T13:18:05.934790281Z,,,null,2025-06-30T13:23:06.475136535Z,game ended,2025-06-30T13:23:23.873914043Z,1,2025-06-30T13:24:03.876775506Z,"{""age"":""34"",""gender"":""Male"",""strength"":""Teamwork and cooperation"",""fair"":""Yes"",""feedback"":""unsure"",""education"":""bachelor""}",2025-06-30T13:24:03.893196713Z,"[[14,74],[205,265]]",2025-06-30T13:18:12.859120691Z,01JZ0F67Z228X9RHKVM8F1277D,2025-06-30T13:10:08.261905666Z,4,2025-06-30T13:13:16.235825833Z,true,2025-06-30T13:13:23.290313987Z,,,Player 2,2025-06-30T13:14:00.262213406Z,3,2025-06-30T13:23:06.486673002Z,false,2025-06-30T13:22:48.764118901Z,01JZ0FB3Q655WWRC98YR0006F5,2025-06-30T13:10:08.25136485Z,,,"{""networkStruct"":""pooled"",""playerCount"":6}",2025-06-30T13:10:08.261905666Z,"Pooled, Redundancy",2025-06-30T13:10:08.261905666Z,{},2025-06-30T13:10:08.470481179Z,TaskQueue,2025-06-30T13:23:06.451958062Z
01JZ0FBEYY00A3WRMWXSKTBJNC,true,2025-06-30T13:17:50.615126964Z,true,2025-06-30T13:17:44.589824392Z,,,null,2025-06-30T13:21:33.793758557Z,game ended,2025-06-30T13:23:01.625536751Z,1,2025-06-30T13:25:38.228881493Z,"{""age"":""23"",""gender"":""Male"",""strength"":""I think it was stimulating but getting the out sick screen 2 times in a short period of time while in the middle of calculations felt rather annoying which feels like a great allegory to life"",""fair"":""Yes, even though I spent around 2 times out sick and managed to get only 1 task done by myself I feel like we've done the majority"",""feedback"":""The game itself feels fine"",""education"":""high-school""}",2025-06-30T13:25:38.218034683Z,"[[132,192],[64,124]]",2025-06-30T13:17:50.615126964Z,01JZ0F67Z61XNM528ZD36RPYGY,2025-06-30T13:10:19.369452866Z,4,2025-06-30T13:12:54.970068759Z,true,2025-06-30T13:13:31.238047737Z,,,Player 3,2025-06-30T13:13:39.010172877Z,1,2025-06-30T13:21:33.815567842Z,false,2025-06-30T13:21:14.139785272Z,01JZ0FBEJW612GTVHTN40FWKG5,2025-06-30T13:10:19.358544162Z,,,"{""networkStruct"":""pooled"",""playerCount"":6}",2025-06-30T13:10:19.369452866Z,"Pooled, Redundancy",2025-06-30T13:10:19.369452866Z,{},2025-06-30T13:10:19.571900398Z,TaskQueue,2025-06-30T13:21:33.826027477Z
01JZ0H8K2CDF6MZFYJA1D8AYDZ,,,,,,,,,game ended,2025-06-30T13:59:18.978089121Z,,,,,,,01JZ0H1K72P9WWMQFG7ACVRNHM,2025-06-30T13:43:42.42686815Z,4,2025-06-30T13:44:12.898093509Z,true,2025-06-30T13:44:22.860415447Z,true,2025-06-30T13:54:07.936782814Z,Player 5,2025-06-30T13:49:55.159078471Z,,,,,01JZ0H8JPTV739917MP30GA7QK,2025-06-30T13:43:42.41287042Z,,,"{""networkStruct"":""pooled"",""playerCount"":6}",2025-06-30T13:43:42.42686815Z,"Pooled, Redundancy",2025-06-30T13:43:42.42686815Z,{},2025-06-30T13:43:42.62537965Z,,
01JZ0JRSFTK3MVKWF6KJBEKR0E,true,2025-06-30T14:17:35.202836755Z,true,2025-06-30T14:17:27.362215007Z,,,null,2025-06-30T14:22:19.325313445Z,game ended,2025-06-30T14:22:46.120437842Z,1,2025-06-30T14:23:15.719228726Z,"{""age"":""34"",""gender"":""Male"",""strength"":""Good "",""fair"":""No"",""feedback"":""Not sure "",""education"":""other""}",2025-06-30T14:23:15.704149069Z,"[[57,117],[190,250]]",2025-06-30T14:17:35.202836755Z,01JZ0JJRK7MTN7FAC1224V82KC,2025-06-30T14:10:01.910206432Z,4,2025-06-30T14:10:30.859723997Z,true,2025-06-30T14:11:40.825248843Z,,,Player 5,2025-06-30T14:13:21.85843509Z,3,2025-06-30T14:22:19.30940693Z,false,2025-06-30T14:21:57.053799833Z,01JZ0JRRXVJVQ7ETPPMY0J11WC,2025-06-30T14:10:01.850939712Z,,,"{""networkStruct"":""pooled"",""playerCount"":6}",2025-06-30T14:10:01.910206432Z,"Pooled, Redundancy",2025-06-30T14:10:01.910206432Z,{},2025-06-30T14:10:02.225450457Z,TaskQueue,2025-06-30T14:22:19.348316438Z
01JZ0M4WQFE6B0V4QHX8A85TS4,true,2025-06-30T14:41:12.869161495Z,true,2025-06-30T14:41:08.113008468Z,null,2025-06-30T14:44:46.435525229Z,null,2025-06-30T14:44:46.426816472Z,game ended,2025-06-30T14:46:23.991400533Z,1,2025-06-30T14:46:51.759972858Z,"{""age"":""51"",""gender"":""Male"",""strength"":""Funny"",""fair"":""Yes"",""feedback"":""Increase the dificulty"",""education"":""master""}",2025-06-30T14:46:51.647117827Z,"[[214,274],[41,101]]",2025-06-30T14:41:12.869161495Z,01JZ0KZHHH6W8J7M02JDFMAQF5,2025-06-30T14:34:06.98015062Z,4,2025-06-30T14:34:36.57833123Z,true,2025-06-30T14:34:54.8156355Z,,,Player 4,2025-06-30T14:36:59.540401191Z,12,2025-06-30T14:44:46.417881361Z,false,2025-06-30T14:45:58.648890566Z,01JZ0M4W92DB7DKPQ6V36HGX23,2025-06-30T14:34:06.959951144Z,CHILDREN'S COMMUTE DISTANCE,2025-06-30T14:41:12.869161495Z,"{""networkStruct"":""reciprocal"",""playerCount"":6}",2025-06-30T14:34:06.98015062Z,"Reciprocal, Redundancy",2025-06-30T14:34:06.98015062Z,{},2025-06-30T14:34:07.210425102Z,TaskQueue,2025-06-30T14:44:46.44367316Z
01JZ0NEK75CC9CPVP2CHZ4QJ84,true,2025-06-30T15:05:48.218702598Z,true,2025-06-30T15:05:45.097063256Z,,,null,2025-06-30T15:10:45.258539699Z,game ended,2025-06-30T15:10:59.129102617Z,1,2025-06-30T15:11:14.700395033Z,"{""age"":""44"",""gender"":"""",""strength"":"""",""fair"":"""",""feedback"":"""",""education"":""""}",2025-06-30T15:11:14.68929538Z,"[[37,97],[120,180]]",2025-06-30T15:05:48.218702598Z,01JZ0N9PPX2EBNCBEJCH5EHX43,2025-06-30T14:59:44.244692336Z,4,2025-06-30T14:59:24.290833525Z,true,2025-06-30T15:00:04.523536338Z,,,Player 2,2025-06-30T15:01:35.180269655Z,3,2025-06-30T15:10:45.23767909Z,false,2025-06-30T15:09:00.651020235Z,01JZ0NEK0A41PJNR58QMKXGDR8,2025-06-30T14:56:53.477391126Z,,,"{""networkStruct"":""pooled"",""playerCount"":6}",2025-06-30T14:56:53.497662034Z,"Pooled, Redundancy",2025-06-30T14:56:53.497662034Z,{},2025-06-30T14:56:53.604317846Z,TaskQueue,2025-06-30T15:10:45.276054731Z
01JZ0VA02QS1Q83QABHKXFB7D4,,,,,,,,,game ended,2025-06-30T16:48:53.149401272Z,,,,,,,01JZ0TXM9G1YQW4PKWAZEHBP4X,2025-06-30T16:39:14.315125984Z,4,2025-06-30T16:39:16.629667909Z,true,2025-06-30T16:39:17.110208516Z,true,2025-06-30T16:43:39.600490531Z,Player 6,2025-06-30T16:39:17.591230728Z,,,,,01JZ0VA00PCYFQWWKXJYJR691R,2025-06-30T16:39:14.263095201Z,,,"{""networkStruct"":""pooled"",""playerCount"":6}",2025-06-30T16:39:14.315125984Z,"Pooled, Redundancy",2025-06-30T16:39:14.315125984Z,{},2025-06-30T16:39:14.350721313Z,,
01JZ0F92D7BTC36M9SAY11MMN5,true,2025-06-30T13:16:27.497617472Z,true,2025-06-30T13:16:19.143490169Z,null,2025-06-30T13:18:13.884085881Z,null,2025-06-30T13:18:13.878949366Z,game ended,2025-06-30T13:21:38.103036325Z,1,2025-06-30T13:22:37.762218584Z,"{""age"":""25"",""gender"":""Male"",""strength"":""I was the average worker, so it seems that I was only limited to the first row of the game. I thought it was alright."",""fair"":""Yes, they were able to help me out successfully on the first row."",""feedback"":""Be more specific on the role of the worker."",""education"":""bachelor""}",2025-06-30T13:22:37.753211234Z,"[[129,189],[212,272]]",2025-06-30T13:16:27.497617472Z,01JZ0F67ZEPC67VW242P0YYZAA,2025-06-30T13:09:00.979944565Z,4,2025-06-30T13:09:58.08924719Z,true,2025-06-30T13:10:39.788381566Z,,,Player 1,2025-06-30T13:12:16.293060103Z,8,2025-06-30T13:18:13.900204162Z,false,2025-06-30T13:21:11.420194612Z,01JZ0F928RW4N6F6DQQ969YBYC,2025-06-30T13:09:00.968007028Z,AVERAGE PEOPLE,2025-06-30T13:16:27.497617472Z,"{""networkStruct"":""reciprocal"",""playerCount"":6}",2025-06-30T13:09:00.979944565Z,"Reciprocal, Redundancy",2025-06-30T13:09:00.979944565Z,{},2025-06-30T13:09:01.049769772Z,TaskQueue,2025-06-30T13:18:13.894923354Z
01JZ0H6Y1FWY7X7YNWMGA41ZX8,,,,,,,,,game ended,2025-06-30T13:59:18.978089121Z,,,,,,,01JZ0H1K72P9WWMQFG7ACVRNHM,2025-06-30T13:48:57.07745719Z,4,2025-06-30T13:44:38.414955678Z,true,2025-06-30T13:49:55.054795484Z,true,2025-06-30T13:54:07.936782814Z,Player 3,2025-06-30T13:49:55.159078471Z,,,,,01JZ0H6XGPS1G7SXRXCBXJ9MCS,2025-06-30T13:42:48.111198433Z,,,"{""networkStruct"":""pooled"",""playerCount"":6}",2025-06-30T13:42:48.13086338Z,"Pooled, Redundancy",2025-06-30T13:42:48.13086338Z,{},2025-06-30T13:42:48.405431835Z,,
01JZ0RFSGVV4CF4HS12XY9QNMR,,,,,,,,,game ended,2025-06-30T16:00:50.951214301Z,,,,,,,01JZ0R44ZAP7PYVAMQ60PRQDRH,2025-06-30T15:49:58.82326912Z,4,2025-06-30T15:50:01.871858907Z,true,2025-06-30T15:50:02.343812818Z,true,2025-06-30T15:55:38.716197607Z,Player 6,2025-06-30T15:51:22.485124628Z,,,,,01JZ0RFQC758A2FPY6YH15A1A8,2025-06-30T15:49:58.427620686Z,,,"{""networkStruct"":""reciprocal"",""playerCount"":6}",2025-06-30T15:49:58.82326912Z,"Reciprocal, Redundancy",2025-06-30T15:49:58.82326912Z,{},2025-06-30T15:49:59.028930246Z,,
01JZ0V4B2ZX5VARB7X9TFRVFZJ,,,,,,,,,no more games,2025-06-30T16:38:40.809469116Z,,,,,,,null,2025-06-30T16:38:40.809469116Z,1,2025-06-30T16:36:11.04905102Z,,,,,,,,,,,01JZ0V4B0YGX4A3EE6YKD1R8PW,2025-06-30T16:36:08.927765896Z,,,"{""networkStruct"":""reciprocal"",""playerCount"":6}",2025-06-30T16:36:09.027216007Z,"Reciprocal, Redundancy",2025-06-30T16:36:09.027216007Z,{},2025-06-30T16:36:09.098912286Z,,
01JZ0QCV193MBKKSGA9DDJJBJY,,,,,,,,,game ended,2025-06-30T15:40:41.873981429Z,,,,,,,01JZ0Q0CX32Y5M8NZMVY0C598C,2025-06-30T15:30:53.123136617Z,4,2025-06-30T15:30:55.514757773Z,true,2025-06-30T15:30:55.990816691Z,true,2025-06-30T15:35:30.551359784Z,Player 6,2025-06-30T15:31:17.160544574Z,,,,,01JZ0QCTZCBPNTQNHEZZES7RHA,2025-06-30T15:30:53.097998532Z,,,"{""networkStruct"":""reciprocal"",""playerCount"":6}",2025-06-30T15:30:53.123136617Z,"Reciprocal, Redundancy",2025-06-30T15:30:53.123136617Z,{},2025-06-30T15:30:53.152765723Z,,
01JZ0R6QFFN30D6XK6YWT9MS2Y,true,2025-06-30T15:53:13.678802262Z,true,2025-06-30T15:53:07.213506563Z,,,null,2025-06-30T15:58:18.044864036Z,game ended,2025-06-30T15:58:26.587194704Z,1,2025-06-30T15:58:41.35618241Z,"{""age"":""20"",""gender"":""male"",""strength"":""it was nice"",""fair"":""yes"",""feedback"":""i dont know"",""education"":""high-school""}",2025-06-30T15:58:41.377135952Z,"[[0,60],[70,130]]",2025-06-30T15:53:13.678802262Z,01JZ0R44ZMT5HYXWVABB60AH0G,2025-06-30T15:45:01.488254899Z,4,2025-06-30T15:45:29.342341381Z,true,2025-06-30T15:45:32.306245337Z,,,Player 3,2025-06-30T15:48:52.668438741Z,6,2025-06-30T15:58:18.023570872Z,false,2025-06-30T15:55:21.286850134Z,01JZ0R6Q1V3JKSPPS2YT5TVXNR,2025-06-30T15:45:01.423347764Z,,,"{""networkStruct"":""pooled"",""playerCount"":6}",2025-06-30T15:45:01.488254899Z,"Pooled, Redundancy",2025-06-30T15:45:01.488254899Z,{},2025-06-30T15:45:01.733234192Z,TaskQueue,2025-06-30T15:58:17.998744146Z
01JZ0R9WHEP7DQXPA3V8WPWJ9W,true,2025-06-30T15:54:18.770552214Z,true,2025-06-30T15:54:10.039046771Z,,,null,2025-06-30T15:59:23.073617872Z,game ended,2025-06-30T15:59:30.678959753Z,1,2025-06-30T16:00:01.815704996Z,"{""age"":""25"",""gender"":""male"",""strength"":""It was quite engaging"",""fair"":""Not really "",""feedback"":""Allow us to communicate during the game"",""education"":""master""}",2025-06-30T16:00:01.886693988Z,"[[60,120],[171,231]]",2025-06-30T15:54:18.770552214Z,01JZ0R450M24K8ZS9F18EDTFG6,2025-06-30T15:46:45.004231466Z,4,2025-06-30T15:47:28.554970597Z,true,2025-06-30T15:47:36.667618523Z,,,Player 4,2025-06-30T15:50:00.275686001Z,2,2025-06-30T15:59:23.01581129Z,false,2025-06-30T15:58:20.507946695Z,01JZ0R9W4NJDQKN6YGRXGSC93B,2025-06-30T15:46:44.911054201Z,,,"{""networkStruct"":""pooled"",""playerCount"":6}",2025-06-30T15:46:45.004231466Z,"Pooled, Redundancy",2025-06-30T15:46:45.004231466Z,{},2025-06-30T15:46:45.210463891Z,TaskQueue,2025-06-30T15:59:22.973700141Z
01JZ0SQ9990ZVCYPE040ZBYKE3,,,,,,,,,no more games,2025-06-30T16:38:40.809469116Z,1,2025-06-30T16:13:09.719171741Z,"{""age"":""27"",""gender"":""Male"",""strength"":""-"",""fair"":""-"",""feedback"":""-"",""education"":""master""}",2025-06-30T16:13:09.684412179Z,,,null,2025-06-30T16:38:40.809469116Z,3,2025-06-30T16:12:30.019405313Z,,,,,,,,,,,01JZ0SQ87ZG8CHN7A4KJ73T232,2025-06-30T16:11:32.521924235Z,,,"{""networkStruct"":""reciprocal"",""playerCount"":6}",2025-06-30T16:11:32.634796394Z,"Reciprocal, Redundancy",2025-06-30T16:11:32.634796394Z,{},2025-06-30T16:11:33.206001385Z,,
01JZ0V0B0MDT5H6NJ7F2TZ5E0T,true,2025-06-30T16:42:48.190080064Z,true,2025-06-30T16:42:41.754187643Z,null,2025-06-30T16:47:58.412703433Z,null,2025-06-30T16:47:58.291266607Z,game ended,2025-06-30T16:48:01.140826992Z,1,2025-06-30T16:49:07.435236124Z,"{""age"":""37"",""gender"":""Female"",""strength"":""It was quite stressful trying to do it in the allotted time, and it was annoying when I fell ill, but the game was still fun and challenging."",""fair"":""Yes, they helped complete the tasks."",""feedback"":""Don't know - it is good as it is."",""education"":""bachelor""}",2025-06-30T16:49:07.369133501Z,"[[162,222],[63,123]]",2025-06-30T16:42:48.190080064Z,01JZ0TXMAAZJ4VJWA2WTVHG174,2025-06-30T16:33:57.834250689Z,4,2025-06-30T16:34:56.252622887Z,true,2025-06-30T16:35:28.147008231Z,,,Player 2,2025-06-30T16:38:29.408839537Z,11,2025-06-30T16:47:58.332614474Z,false,2025-06-30T16:46:42.666731102Z,01JZ0V09ZPHPETZ7AECHDCBF29,2025-06-30T16:33:57.780146952Z,MAXIMUM INCOME,2025-06-30T16:42:48.190080064Z,"{""networkStruct"":""reciprocal"",""playerCount"":6}",2025-06-30T16:33:57.834250689Z,"Reciprocal, Redundancy",2025-06-30T16:33:57.834250689Z,{},2025-06-30T16:33:58.165730772Z,TaskQueue,2025-06-30T16:47:58.37365366Z
01JZ0FD2BN64VRFRHMMV8SJH4Y,,,,,,,,,game ended,2025-06-30T13:27:30.659523674Z,,,,,,,01JZ0F67ZC5C7QZPK5TEQ23RT2,2025-06-30T13:11:12.000097377Z,4,2025-06-30T13:11:50.654679466Z,true,2025-06-30T13:11:56.949743297Z,true,2025-06-30T13:22:19.487960231Z,Player 3,2025-06-30T13:18:06.466418236Z,,,,,01JZ0FD1ZD2FT2V0B2ZXS50GZ9,2025-06-30T13:11:11.989062016Z,,,"{""networkStruct"":""reciprocal"",""playerCount"":6}",2025-06-30T13:11:12.000097377Z,"Reciprocal, Redundancy",2025-06-30T13:11:12.000097377Z,{},2025-06-30T13:11:12.203907685Z,,
01JZ0M51W4TR1XT98HK5JRZZMZ,true,2025-06-30T14:41:03.221190181Z,true,2025-06-30T14:40:56.648119793Z,null,2025-06-30T14:43:50.832385872Z,null,2025-06-30T14:43:50.823448583Z,game ended,2025-06-30T14:46:14.139143426Z,1,2025-06-30T14:46:43.285792417Z,"{""age"":""42"",""gender"":""Male"",""strength"":""I really enjoyed it."",""fair"":""yes"",""feedback"":""not sure, pay more? haha"",""education"":""bachelor""}",2025-06-30T14:46:43.277225601Z,"[[235,295],[7,67]]",2025-06-30T14:41:03.221190181Z,01JZ0KZHGXZ28TMC40NC90GVYX,2025-06-30T14:34:12.257837043Z,4,2025-06-30T14:35:16.46775698Z,true,2025-06-30T14:35:30.393644085Z,,,Player 3,2025-06-30T14:36:50.896305903Z,7,2025-06-30T14:43:50.815385246Z,false,2025-06-30T14:46:09.491591206Z,01JZ0M51H3AFF9SNG3CAAEX62T,2025-06-30T14:34:12.228522165Z,CHILDREN'S COMMUTE DISTANCE,2025-06-30T14:41:03.221190181Z,"{""networkStruct"":""reciprocal"",""playerCount"":6}",2025-06-30T14:34:12.257837043Z,"Reciprocal, Redundancy",2025-06-30T14:34:12.257837043Z,{},2025-06-30T14:34:12.427654522Z,TaskQueue,2025-06-30T14:43:50.843520406Z
01JZ0R748N2WK8HNRR37DG296Z,true,2025-06-30T15:53:02.843868573Z,true,2025-06-30T15:52:54.139968209Z,,,neighborhood_6,2025-06-30T15:56:04.804074105Z,game ended,2025-06-30T15:58:16.537949945Z,1,2025-06-30T15:58:58.163168255Z,"{""age"":""24"",""gender"":""female"",""strength"":""hard but fun"",""fair"":""no"",""feedback"":""more time to interact with team"",""education"":""high-school""}",2025-06-30T15:58:58.187213752Z,"[[195,255],[33,93]]",2025-06-30T15:53:02.843868573Z,01JZ0R44YD4TQ1QQVW9H1W0WBF,2025-06-30T15:45:14.623481448Z,4,2025-06-30T15:46:22.253471993Z,true,2025-06-30T15:46:59.073268811Z,,,Player 4,2025-06-30T15:48:45.489762876Z,1,2025-06-30T15:56:02.786053156Z,false,2025-06-30T15:57:30.353056436Z,01JZ0R73XBHG55VV9E7RNEKJ4K,2025-06-30T15:45:14.517889663Z,,,"{""networkStruct"":""pooled"",""playerCount"":6}",2025-06-30T15:45:14.623481448Z,"Pooled, Redundancy",2025-06-30T15:45:14.623481448Z,{},2025-06-30T15:45:14.821747362Z,TaskScreen,2025-06-30T15:56:04.749492466Z
01JZ0NVYPF8E0336C41XNTMV12,,,,,,,,,game ended,2025-06-30T15:21:57.570794812Z,,,,,,,01JZ0NSNAYA5ZEAQVB789Y1XW2,2025-06-30T15:04:11.249822317Z,4,2025-06-30T15:04:14.110781891Z,true,2025-06-30T15:04:14.930719321Z,true,2025-06-30T15:16:45.944134289Z,Player 2,2025-06-30T15:12:32.708071208Z,,,,,01JZ0NVYMJWKCV9Z7E2YGGATSF,2025-06-30T15:04:11.215560911Z,,,"{""networkStruct"":""reciprocal"",""playerCount"":6}",2025-06-30T15:04:11.249822317Z,"Reciprocal, Redundancy",2025-06-30T15:04:11.249822317Z,{},2025-06-30T15:04:11.270806691Z,,
01JZ0NZ4J2HB6T107AP4J98YF9,true,2025-06-30T15:12:58.229443992Z,true,2025-06-30T15:12:50.227633096Z,null,2025-06-30T15:15:04.670030327Z,null,2025-06-30T15:15:04.661268722Z,game ended,2025-06-30T15:18:09.217938772Z,1,2025-06-30T15:18:42.703794958Z,"{""age"":""57"",""gender"":""Female"",""strength"":""It was fun"",""fair"":""Yes"",""feedback"":""I would have liked to have done all 3 categories"",""education"":""high-school""}",2025-06-30T15:18:42.714294049Z,"[[159,219],[23,83]]",2025-06-30T15:12:58.229443992Z,01JZ0NSNC1W3B8HBKV7A156B13,2025-06-30T15:05:55.545615736Z,4,2025-06-30T15:08:02.526362247Z,true,2025-06-30T15:08:28.639899367Z,,,Player 2,2025-06-30T15:08:44.283119775Z,4,2025-06-30T15:15:04.650687251Z,false,2025-06-30T15:16:50.694302056Z,01JZ0NZ4CZE8YS5KQMWC3JM5DJ,2025-06-30T15:05:55.522758331Z,AVERAGE PEOPLE,2025-06-30T15:12:58.229443992Z,"{""networkStruct"":""reciprocal"",""playerCount"":6}",2025-06-30T15:05:55.545615736Z,"Reciprocal, Redundancy",2025-06-30T15:05:55.545615736Z,{},2025-06-30T15:05:55.634839334Z,TaskQueue,2025-06-30T15:15:04.680178148Z
01JZ0FBRXZ8XMKNDM1GTFS4P4A,true,2025-06-30T13:20:05.43549592Z,true,2025-06-30T13:19:57.886964184Z,,,neighborhood_12,2025-06-30T13:24:44.657601893Z,game ended,2025-06-30T13:25:16.671798339Z,1,2025-06-30T13:26:09.851681509Z,"{""age"":""35"",""gender"":""Female"",""strength"":""It was quite hard for me"",""fair"":""I think so"",""feedback"":""Easier questions "",""education"":""high-school""}",2025-06-30T13:26:09.844374762Z,"[[76,136],[5,65]]",2025-06-30T13:20:05.43549592Z,01JZ0F67Z9QH00F8GAXY086HB5,2025-06-30T13:10:29.581216557Z,4,2025-06-30T13:12:12.340674138Z,true,2025-06-30T13:12:36.277747617Z,,,Player 1,2025-06-30T13:15:52.700293038Z,2,2025-06-30T13:24:40.262570027Z,false,2025-06-30T13:22:32.790456062Z,01JZ0FBRG7D38PPJWXM7FMMCZF,2025-06-30T13:10:29.567312234Z,,,"{""networkStruct"":""pooled"",""playerCount"":6}",2025-06-30T13:10:29.581216557Z,"Pooled, Redundancy",2025-06-30T13:10:29.581216557Z,{},2025-06-30T13:10:29.806378949Z,TaskScreen,2025-06-30T13:24:44.783106515Z
01JZ0R95DTC4EC4TK8D20KD54J,,,,,,,,,no more games,2025-06-30T16:40:21.09783098Z,,,,,,,null,2025-06-30T16:40:21.09783098Z,,,,,,,,,,,,,01JZ0R95C1PJMJCS3PW5Z4MYTW,2025-06-30T15:46:21.242506992Z,,,"{""networkStruct"":""pooled"",""playerCount"":6}",2025-06-30T15:46:21.27413326Z,"Pooled, Redundancy",2025-06-30T15:46:21.27413326Z,{},2025-06-30T15:46:21.299557426Z,,
01JZ0V3M4NH8ZBAYGCY49TQ02Z,true,2025-06-30T16:42:58.194747166Z,true,2025-06-30T16:42:50.740826572Z,null,2025-06-30T16:47:56.644925934Z,null,2025-06-30T16:47:56.957080047Z,game ended,2025-06-30T16:48:10.668314583Z,1,2025-06-30T16:48:55.021604844Z,"{""age"":""50"",""gender"":""male"",""strength"":""it was fine"",""fair"":""not really"",""feedback"":""make the others contribute"",""education"":""bachelor""}",2025-06-30T16:48:55.055993455Z,"[[91,151],[170,230]]",2025-06-30T16:42:58.194747166Z,01JZ0TXM7C18DJWS688K2WH576,2025-06-30T16:35:45.475111963Z,4,2025-06-30T16:36:58.82018305Z,true,2025-06-30T16:37:25.136477019Z,,,Player 6,2025-06-30T16:38:41.212109419Z,11,2025-06-30T16:47:56.774893939Z,false,2025-06-30T16:47:00.618532741Z,01JZ0V3KHPPK0A32GH284420B8,2025-06-30T16:35:45.430009906Z,AVERAGE PEOPLE,2025-06-30T16:42:58.194747166Z,"{""networkStruct"":""reciprocal"",""playerCount"":6}",2025-06-30T16:35:45.475111963Z,"Reciprocal, Redundancy",2025-06-30T16:35:45.475111963Z,{},2025-06-30T16:35:45.770219445Z,TaskQueue,2025-06-30T16:47:56.711546927Z
01JZ0JMJ507NBWF493954D1T1J,true,2025-06-30T14:16:09.23468179Z,true,2025-06-30T14:16:02.98232017Z,,,neighborhood_3,2025-06-30T14:19:12.296008576Z,game ended,2025-06-30T14:21:20.117400612Z,1,2025-06-30T14:22:16.730734167Z,"{""age"":""21"",""gender"":""Male"",""strength"":""Very fun and challenging as there were calculations to be made which i personally enjoyed"",""fair"":""I didnt really have the chance to check but i think we did well regardless"",""feedback"":""The game was challenging yet still very fun"",""education"":""bachelor""}",2025-06-30T14:22:16.738235853Z,"[[7,67],[189,249]]",2025-06-30T14:16:09.23468179Z,01JZ0JJRKVJXBJGVYTJ6TBMBFM,2025-06-30T14:07:43.281482714Z,4,2025-06-30T14:08:24.708316004Z,true,2025-06-30T14:09:21.192867317Z,,,Player 1,2025-06-30T14:11:56.530037069Z,1,2025-06-30T14:19:08.644453349Z,false,2025-06-30T14:20:29.400367375Z,01JZ0JMHS3QYR35J7GZXWFAJZ3,2025-06-30T14:07:43.2640437Z,,,"{""networkStruct"":""pooled"",""playerCount"":6}",2025-06-30T14:07:43.281482714Z,"Pooled, Redundancy",2025-06-30T14:07:43.281482714Z,{},2025-06-30T14:07:43.468120741Z,TaskScreen,2025-06-30T14:19:12.288046475Z
01JZ0NWZ07WDK1YS6A23074C20,,,,,,,,,no more games,2025-06-30T16:38:40.809469116Z,,,,,,,null,2025-06-30T16:38:40.809469116Z,,,,,,,,,,,,,01JZ0NWYYSP6PYBVTEG6KN8HS0,2025-06-30T15:04:44.295591454Z,,,"{""networkStruct"":""reciprocal"",""playerCount"":6}",2025-06-30T15:04:44.317698804Z,"Reciprocal, Redundancy",2025-06-30T15:04:44.317698804Z,{},2025-06-30T15:04:44.345720538Z,,
01JZ0H37QX2G6JSTQ9DTXQ42SA,true,2025-06-30T13:47:55.657206595Z,true,2025-06-30T13:47:47.557048763Z,,,null,2025-06-30T13:51:56.471396693Z,game ended,2025-06-30T13:53:06.79952947Z,1,2025-06-30T13:54:36.029543234Z,"{""age"":""25"",""gender"":""Female"",""strength"":""It was fine"",""fair"":""Yes"",""feedback"":""I don't know"",""education"":""master""}",2025-06-30T13:54:36.023013926Z,"[[8,68],[234,294]]",2025-06-30T13:47:55.657206595Z,01JZ0H1K6THHEJQ855QF7WP6P1,2025-06-30T13:40:46.987519699Z,4,2025-06-30T13:41:10.468134352Z,true,2025-06-30T13:41:32.386737124Z,,,Player 1,2025-06-30T13:43:43.569417045Z,4,2025-06-30T13:51:56.447262979Z,false,2025-06-30T13:53:01.767115679Z,01JZ0H36RAWDGTW27X0R0JTSB2,2025-06-30T13:40:46.973169665Z,,,"{""networkStruct"":""pooled"",""playerCount"":6}",2025-06-30T13:40:46.987519699Z,"Pooled, Redundancy",2025-06-30T13:40:46.987519699Z,{},2025-06-30T13:40:47.355924562Z,TaskQueue,2025-06-30T13:51:56.465766893Z
01JZ0NG88M5Q25NCB0XJJ5X4TH,true,2025-06-30T15:03:58.066881922Z,true,2025-06-30T15:03:49.500724836Z,,,neighborhood_7,2025-06-30T15:06:23.472795559Z,game ended,2025-06-30T15:09:09.500118963Z,1,2025-06-30T15:09:56.701692517Z,"{""age"":""28"",""gender"":""Male"",""strength"":""It's easy and fun."",""fair"":""Somewhat helpful."",""feedback"":""Show how many tasks each person did."",""education"":""bachelor""}",2025-06-30T15:09:56.686684215Z,"[[149,209],[217,277]]",2025-06-30T15:03:58.066881922Z,01JZ0N9PQHD06TCBXAQZTT3H76,2025-06-30T14:57:47.823779887Z,4,2025-06-30T14:58:25.162197821Z,true,2025-06-30T14:58:54.030800515Z,,,Player 4,2025-06-30T14:59:44.416265815Z,3,2025-06-30T15:06:18.343649922Z,false,2025-06-30T15:08:46.18447389Z,01JZ0NG86H6F5K8ZBSYWHRAAHZ,2025-06-30T14:57:47.79688858Z,,,"{""networkStruct"":""pooled"",""playerCount"":6}",2025-06-30T14:57:47.823779887Z,"Pooled, Redundancy",2025-06-30T14:57:47.823779887Z,{},2025-06-30T14:57:47.85011095Z,TaskScreen,2025-06-30T15:06:23.490839931Z
01JZ0V0F9D3P0J9G840CC0A66D,,,,,,,,,game ended,2025-06-30T16:48:10.668314583Z,,,,,,,01JZ0TXM7C18DJWS688K2WH576,2025-06-30T16:34:02.220244272Z,4,2025-06-30T16:34:41.454300154Z,true,2025-06-30T16:35:16.27630868Z,true,2025-06-30T16:42:58.194747166Z,Player 2,2025-06-30T16:38:41.212109419Z,,,,,01JZ0V0EYP6ENYAB1BQYZACQS1,2025-06-30T16:34:02.157880718Z,,,"{""networkStruct"":""reciprocal"",""playerCount"":6}",2025-06-30T16:34:02.220244272Z,"Reciprocal, Redundancy",2025-06-30T16:34:02.220244272Z,{},2025-06-30T16:34:02.442674002Z,,
01JZ0SP7TST5CACWCPNMPHCFPK,true,2025-06-30T16:16:27.588476914Z,true,2025-06-30T16:16:22.980704798Z,null,2025-06-30T16:19:10.368927106Z,null,2025-06-30T16:19:10.176494881Z,game ended,2025-06-30T16:21:39.539519546Z,1,2025-06-30T16:22:04.410166212Z,"{""age"":""58"",""gender"":""female"",""strength"":""it was fun"",""fair"":""they were"",""feedback"":""less sick time"",""education"":""bachelor""}",2025-06-30T16:22:04.276443158Z,"[[10,70],[154,214]]",2025-06-30T16:16:27.588476914Z,01JZ0S9GCCCNBKT0N3T9B2PH95,2025-06-30T16:10:58.305822579Z,4,2025-06-30T16:11:33.265158133Z,true,2025-06-30T16:11:48.626655054Z,,,Player 5,2025-06-30T16:12:12.24391692Z,4,2025-06-30T16:19:10.224850958Z,false,2025-06-30T16:20:14.422709626Z,01JZ0SP7CQP2D55MJDJPS3DQD0,2025-06-30T16:10:58.265437138Z,AVERAGE PEOPLE,2025-06-30T16:16:27.588476914Z,"{""networkStruct"":""reciprocal"",""playerCount"":6}",2025-06-30T16:10:58.305822579Z,"Reciprocal, Redundancy",2025-06-30T16:10:58.305822579Z,{},2025-06-30T16:10:58.534793108Z,TaskQueue,2025-06-30T16:19:10.391836039Z
01JZ0H3T4YGXY3JXDPRSNCMQN3,true,2025-06-30T13:54:07.936782814Z,true,2025-06-30T13:53:59.865863011Z,,,null,2025-06-30T13:59:18.808013099Z,game ended,2025-06-30T13:59:18.978089121Z,1,2025-06-30T13:59:56.326222073Z,"{""age"":""34"",""gender"":""male"",""strength"":""Not enough time"",""fair"":""Not really"",""feedback"":""No Sickness"",""education"":""high-school""}",2025-06-30T13:59:56.319091056Z,"[[34,94],[170,230]]",2025-06-30T13:54:07.936782814Z,01JZ0H1K72P9WWMQFG7ACVRNHM,2025-06-30T13:41:05.839162662Z,4,2025-06-30T13:41:42.605629182Z,true,2025-06-30T13:42:01.939809559Z,,,Player 2,2025-06-30T13:49:55.159078471Z,4,2025-06-30T13:59:18.823218464Z,false,2025-06-30T13:58:08.869952092Z,01JZ0H3SPRPFR2392T6851KVHA,2025-06-30T13:41:05.822207178Z,,,"{""networkStruct"":""pooled"",""playerCount"":6}",2025-06-30T13:41:05.839162662Z,"Pooled, Redundancy",2025-06-30T13:41:05.839162662Z,{},2025-06-30T13:41:06.059518404Z,TaskQueue,2025-06-30T13:59:18.816381171Z
01JZ0JT6RPMCT74P4JP8THD1T8,true,2025-06-30T14:16:09.23468179Z,true,2025-06-30T14:16:03.900047962Z,,,null,2025-06-30T14:18:10.142258129Z,game ended,2025-06-30T14:21:20.117400612Z,1,2025-06-30T14:24:48.693640745Z,"{""age"":""67"",""gender"":""male"",""strength"":""it is very innovational "",""fair"":""Yes they were very helpful and cooperative "",""feedback"":""by adding more people"",""education"":""master""}",2025-06-30T14:24:48.647081174Z,"[[164,224],[237,297]]",2025-06-30T14:16:09.23468179Z,01JZ0JJRKVJXBJGVYTJ6TBMBFM,2025-06-30T14:10:48.232220295Z,4,2025-06-30T14:11:52.842602904Z,true,2025-06-30T14:11:56.379505047Z,,,Player 6,2025-06-30T14:11:56.530037069Z,1,2025-06-30T14:18:10.168944293Z,true,2025-06-30T14:20:28.484085467Z,01JZ0JT4Z5J8TG0SHZN2D4XH3S,2025-06-30T14:10:48.214471702Z,,,"{""networkStruct"":""pooled"",""playerCount"":6}",2025-06-30T14:10:48.232220295Z,"Pooled, Redundancy",2025-06-30T14:10:48.232220295Z,{},2025-06-30T14:10:48.820544312Z,TaskQueue,2025-06-30T14:18:10.155912024Z
01JZ0FCMR7Z7FFG5JXJBS56NZK,true,2025-06-30T13:17:34.552909109Z,true,2025-06-30T13:17:27.657941411Z,,,null,2025-06-30T13:22:06.18165091Z,game ended,2025-06-30T13:22:45.451121977Z,1,2025-06-30T13:23:32.024132012Z,"{""age"":""38"",""gender"":""male"",""strength"":""cooperation"",""fair"":""yes"",""feedback"":""all ok"",""education"":""master""}",2025-06-30T13:23:32.01482021Z,"[[44,104],[173,233]]",2025-06-30T13:17:34.552909109Z,01JZ0F67ZT8SK3RX0KMQXRZR64,2025-06-30T13:10:58.077803115Z,4,2025-06-30T13:11:50.944844556Z,true,2025-06-30T13:12:20.103088842Z,,,Player 6,2025-06-30T13:13:22.797716316Z,1,2025-06-30T13:22:06.166969091Z,false,2025-06-30T13:21:38.480947209Z,01JZ0FCM1YKJM1R9GWC2805P8Q,2025-06-30T13:10:58.066920044Z,,,"{""networkStruct"":""pooled"",""playerCount"":6}",2025-06-30T13:10:58.077803115Z,"Pooled, Redundancy",2025-06-30T13:10:58.077803115Z,{},2025-06-30T13:10:58.504739501Z,TaskQueue,2025-06-30T13:22:06.404880932Z
01JZ0HAFEY2DNW0Y4CC97ZXGZT,,,,,,,,,no more games,2025-06-30T16:38:40.809469116Z,1,2025-06-30T13:47:32.82998456Z,"{""age"":""69"",""gender"":""Male"",""strength"":""I didn't get to participate.   I clicked on an available task and ended up here?!"",""fair"":""I didn't join a team!"",""feedback"":""There seems to be an issue with entering the game"",""education"":""master""}",2025-06-30T13:47:32.823698268Z,,,null,2025-06-30T16:38:40.809469116Z,2,2025-06-30T13:45:02.070684577Z,,,,,,,,,,,01JZ0HAF0DMMKB92M8R9SWTHXZ,2025-06-30T13:44:44.254231938Z,,,"{""networkStruct"":""reciprocal"",""playerCount"":6}",2025-06-30T13:44:44.269418465Z,"Reciprocal, Redundancy",2025-06-30T13:44:44.269418465Z,{},2025-06-30T13:44:44.499758491Z,,
01JZ0JN6JMZG2FMKENBAS8NM9Y,true,2025-06-30T14:14:46.59471066Z,true,2025-06-30T14:14:39.616601171Z,,,null,2025-06-30T14:18:06.824884282Z,game ended,2025-06-30T14:19:57.888045151Z,1,2025-06-30T14:20:32.93144239Z,"{""age"":""52"",""gender"":""Male"",""strength"":""I really enjoyed it"",""fair"":""a little"",""feedback"":""make it longer and for more money."",""education"":""high-school""}",2025-06-30T14:20:32.940996795Z,"[[200,260],[11,71]]",2025-06-30T14:14:46.59471066Z,01JZ0JJRMQ32S1DDP8PZN3RKEA,2025-06-30T14:08:04.198020954Z,4,2025-06-30T14:09:26.382625308Z,true,2025-06-30T14:09:58.021981471Z,,,Player 4,2025-06-30T14:10:34.358382813Z,3,2025-06-30T14:18:06.875764942Z,false,2025-06-30T14:19:17.914627994Z,01JZ0JN673D4YW9EW40CPVC0PJ,2025-06-30T14:08:04.180325522Z,,,"{""networkStruct"":""pooled"",""playerCount"":6}",2025-06-30T14:08:04.198020954Z,"Pooled, Redundancy",2025-06-30T14:08:04.198020954Z,{},2025-06-30T14:08:04.420159539Z,TaskQueue,2025-06-30T14:18:06.848642075Z
01JZ0SFXJZSJFP8AN2KJXQBZJA,,,,,,,,,no more games,2025-06-30T16:40:21.09783098Z,,,,,,,null,2025-06-30T16:40:21.09783098Z,,,,,,,,,,,,,01JZ0SFXHHAAHJYZKAEMTS3JDV,2025-06-30T16:07:31.167135202Z,,,"{""networkStruct"":""pooled"",""playerCount"":6}",2025-06-30T16:07:31.202932338Z,"Pooled, Redundancy",2025-06-30T16:07:31.202932338Z,{},2025-06-30T16:07:31.229857138Z,,
01JZ0SG74N5JZ3XSFK40RQAATP,true,2025-06-30T16:15:11.1359166Z,true,2025-06-30T16:15:04.427233394Z,,,neighborhood_7,2025-06-30T16:19:23.800886328Z,game ended,2025-06-30T16:20:24.157039595Z,1,2025-06-30T16:20:44.748260774Z,"{""age"":""52"",""gender"":""Male"",""strength"":"""",""fair"":"""",""feedback"":"""",""education"":""master""}",2025-06-30T16:20:44.794408246Z,"[[30,90],[99,159]]",2025-06-30T16:15:11.1359166Z,01JZ0S9G7VJHRZZRV1KXAXAXSY,2025-06-30T16:07:41.024726939Z,4,2025-06-30T16:08:44.261482229Z,true,2025-06-30T16:09:19.225369504Z,,,Player 4,2025-06-30T16:10:54.702146333Z,1,2025-06-30T16:19:19.969430008Z,false,2025-06-30T16:18:02.910630079Z,01JZ0SG6J7WVQCAFGGEMAHX9K5,2025-06-30T16:07:40.949782102Z,,,"{""networkStruct"":""pooled"",""playerCount"":6}",2025-06-30T16:07:41.024726939Z,"Pooled, Redundancy",2025-06-30T16:07:41.024726939Z,{},2025-06-30T16:07:41.374924075Z,TaskScreen,2025-06-30T16:19:23.746805447Z
01JZ0V8SE9C8AGGRMWEPXYX8WF,,,,,,,,,no more games,2025-06-30T16:40:21.09783098Z,,,,,,,null,2025-06-30T16:40:21.09783098Z,,,,,,,,,,,,,01JZ0V8SC5Y5NY1GGQFJQ0ZF7R,2025-06-30T16:38:34.697612938Z,,,"{""networkStruct"":""pooled"",""playerCount"":6}",2025-06-30T16:38:34.907301262Z,"Pooled, Redundancy",2025-06-30T16:38:34.907301262Z,{},2025-06-30T16:38:35.025421716Z,,
01JZ0FAXS6V25W6YPWT6Y66ZX9,true,2025-06-30T13:16:09.828627526Z,true,2025-06-30T13:16:05.620002673Z,,,null,2025-06-30T13:21:12.675019694Z,game ended,2025-06-30T13:21:20.652627982Z,1,2025-06-30T13:22:13.428537409Z,"{""age"":""37"",""gender"":""male"",""strength"":""went by too quick"",""fair"":""im assuming they were helpful"",""feedback"":""area for chat and allow for time to collaborate "",""education"":""master""}",2025-06-30T13:22:13.420781588Z,"[[37,97],[137,197]]",2025-06-30T13:16:09.828627526Z,01JZ0F6805RKXP4JKMN5N89R8W,2025-06-30T13:10:01.779636967Z,4,2025-06-30T13:11:15.498138771Z,true,2025-06-30T13:11:54.916942885Z,,,Player 2,2025-06-30T13:11:58.271155643Z,2,2025-06-30T13:21:12.694885635Z,false,2025-06-30T13:19:37.646542771Z,01JZ0FAX7FJAJVBTDP99R3C2SC,2025-06-30T13:10:01.767030604Z,,,"{""networkStruct"":""pooled"",""playerCount"":6}",2025-06-30T13:10:01.779636967Z,"Pooled, Redundancy",2025-06-30T13:10:01.779636967Z,{},2025-06-30T13:10:02.069255067Z,TaskQueue,2025-06-30T13:21:12.682020177Z
01JZ0FBBA1SDVNMEAJN2SN5G9V,true,2025-06-30T13:17:34.552909109Z,true,2025-06-30T13:17:26.385605627Z,,,null,2025-06-30T13:20:14.865582635Z,game ended,2025-06-30T13:22:45.451121977Z,1,2025-06-30T13:23:56.69676292Z,"{""age"":""27"",""gender"":""Man"",""strength"":""Some easy and fun calculating exercises"",""fair"":""Yes, they took on their part too."",""feedback"":""Don't get me sick."",""education"":""bachelor""}",2025-06-30T13:23:56.706884411Z,"[[151,211],[211,271]]",2025-06-30T13:17:34.552909109Z,01JZ0F67ZT8SK3RX0KMQXRZR64,2025-06-30T13:10:15.628262645Z,4,2025-06-30T13:10:42.665199896Z,true,2025-06-30T13:11:07.683441447Z,,,Player 3,2025-06-30T13:13:22.797716316Z,4,2025-06-30T13:20:14.888319316Z,false,2025-06-30T13:22:15.953217705Z,01JZ0FBAX3QE12P5JFE02VVD9B,2025-06-30T13:10:15.617267233Z,,,"{""networkStruct"":""pooled"",""playerCount"":6}",2025-06-30T13:10:15.628262645Z,"Pooled, Redundancy",2025-06-30T13:10:15.628262645Z,{},2025-06-30T13:10:15.834675331Z,TaskQueue,2025-06-30T13:20:14.909375997Z
01JZ0HFZWZFDMFBRJWKXV4DXH9,,,,,,,,,game ended,2025-06-30T13:58:21.199649278Z,,,,,,,01JZ0H1K6XDYNJQ07N0KM3P1VX,2025-06-30T13:47:44.948505447Z,4,2025-06-30T13:48:37.875335751Z,true,2025-06-30T13:48:56.943141293Z,true,2025-06-30T13:53:09.911223704Z,Player 6,2025-06-30T13:48:57.355221659Z,,,,,01JZ0HFZJ0QCHKFENRWNK4MJEG,2025-06-30T13:47:44.927120904Z,,,"{""networkStruct"":""pooled"",""playerCount"":6}",2025-06-30T13:47:44.948505447Z,"Pooled, Redundancy",2025-06-30T13:47:44.948505447Z,{},2025-06-30T13:47:45.120780839Z,,
01JZ0QNHS7A9KGEH6HJK27570S,true,2025-06-30T15:42:26.795107984Z,true,2025-06-30T15:42:20.217148275Z,,,neighborhood_4,2025-06-30T15:46:52.433662769Z,game ended,2025-06-30T15:47:38.810233908Z,1,2025-06-30T15:48:32.253813419Z,"{""age"":""52"",""gender"":""female"",""strength"":""it was ok not enough time working"",""fair"":""yes"",""feedback"":""less sick time"",""education"":""high-school""}",2025-06-30T15:48:32.273443784Z,"[[7,67],[101,161]]",2025-06-30T15:42:26.795107984Z,01JZ0QGE4MQBM7ZJEFVQMWJX02,2025-06-30T15:35:38.563472512Z,4,2025-06-30T15:36:46.541560162Z,true,2025-06-30T15:37:15.566636115Z,,,Player 4,2025-06-30T15:38:12.844209337Z,1,2025-06-30T15:45:42.757666581Z,false,2025-06-30T15:46:47.265404254Z,01JZ0QNHJ56GZC5C4E4RT71W9S,2025-06-30T15:35:38.535951263Z,,,"{""networkStruct"":""pooled"",""playerCount"":6}",2025-06-30T15:35:38.563472512Z,"Pooled, Redundancy",2025-06-30T15:35:38.563472512Z,{},2025-06-30T15:35:38.711573084Z,TaskScreen,2025-06-30T15:46:52.455489146Z
01JZ0FAP1PZEAT1MNGGVVPBTCW,true,2025-06-30T13:23:40.775353933Z,true,2025-06-30T13:23:32.575560132Z,,,neighborhood_12,2025-06-30T13:28:28.112111613Z,game ended,2025-06-30T13:28:52.161827263Z,1,2025-06-30T13:29:51.774346238Z,"{""age"":""25"",""gender"":""Female"",""strength"":""The first neoghborhood was very difficult because I was sick twice"",""fair"":""very helpful! "",""feedback"":""Maybe make it to where you only get sick one time in each neighborhood? I feel I was not as helpful to my teammates because I was sick twice in one neighborhood"",""education"":""bachelor""}",2025-06-30T13:29:51.76976027Z,"[[86,146],[13,73]]",2025-06-30T13:23:40.775353933Z,01JZ0F67Z8B8A42G6Y5XQ0NS83,2025-06-30T13:09:53.858840191Z,4,2025-06-30T13:10:37.777396012Z,true,2025-06-30T13:11:10.385931962Z,,,Player 1,2025-06-30T13:19:26.694911776Z,2,2025-06-30T13:28:19.667552823Z,false,2025-06-30T13:26:19.350501338Z,01JZ0FANX3TFR72AJKYWBD839X,2025-06-30T13:09:53.846314253Z,,,"{""networkStruct"":""pooled"",""playerCount"":6}",2025-06-30T13:09:53.858840191Z,"Pooled, Redundancy",2025-06-30T13:09:53.858840191Z,{},2025-06-30T13:09:53.944834906Z,TaskScreen,2025-06-30T13:28:28.118911195Z
01JZ0FCPQMY08ZRWSN7GNNGJQ7,true,2025-06-30T13:48:46.522324349Z,true,2025-06-30T13:48:42.457739011Z,null,2025-06-30T13:53:34.075184331Z,null,2025-06-30T13:53:34.063646553Z,game ended,2025-06-30T13:53:58.052889715Z,1,2025-06-30T13:54:48.68385345Z,"{""age"":""56"",""gender"":""Female"",""strength"":""Calculation game, nothing to ass"",""fair"":""Somewhat"",""feedback"":""It is what it is"",""education"":""bachelor""}",2025-06-30T13:54:48.673844471Z,"[[130,190],[64,124]]",2025-06-30T13:48:46.522324349Z,01JZ0H1K7C3FKHJS5GP9RE7N8D,2025-06-30T13:39:55.741030817Z,4,2025-06-30T13:43:59.987481124Z,true,2025-06-30T13:44:11.928646466Z,,,Player 1,2025-06-30T13:44:33.863206911Z,9,2025-06-30T13:53:34.037451071Z,false,2025-06-30T13:52:07.714711658Z,01JZ0FCP7KZ2KMY1E8Q7GMQX9Z,2025-06-30T13:11:00.326716165Z,AVERAGE PEOPLE,2025-06-30T13:48:46.522324349Z,"{""networkStruct"":""reciprocal"",""playerCount"":6}",2025-06-30T13:11:00.337160026Z,"Reciprocal, Redundancy",2025-06-30T13:11:00.337160026Z,{},2025-06-30T13:11:00.584730843Z,TaskQueue,2025-06-30T13:53:34.049862139Z
01JZ0P4V3AHY550K8PMRT3VM5K,true,2025-06-30T15:14:57.347710686Z,true,2025-06-30T15:14:50.049499668Z,null,2025-06-30T15:19:54.343351739Z,null,2025-06-30T15:19:54.302077872Z,game ended,2025-06-30T15:20:08.823053898Z,1,2025-06-30T15:20:28.128956128Z,"{""age"":""31"",""gender"":""Male"",""strength"":""Cool"",""fair"":""I guess"",""feedback"":""No idea"",""education"":""master""}",2025-06-30T15:20:28.116790509Z,"[[130,190],[224,284]]",2025-06-30T15:14:57.347710686Z,01JZ0NSNACQB6FV8GE0XS7JKF9,2025-06-30T15:09:02.470898932Z,4,2025-06-30T15:09:55.848509196Z,true,2025-06-30T15:10:38.806936536Z,,,Player 6,2025-06-30T15:10:44.365595255Z,8,2025-06-30T15:19:54.32438163Z,false,2025-06-30T15:19:52.558726514Z,01JZ0P4TKVG68HTASX2GTS6JW4,2025-06-30T15:09:02.443002233Z,MAXIMUM INCOME,2025-06-30T15:14:57.347710686Z,"{""networkStruct"":""reciprocal"",""playerCount"":6}",2025-06-30T15:09:02.470898932Z,"Reciprocal, Redundancy",2025-06-30T15:09:02.470898932Z,{},2025-06-30T15:09:02.713460221Z,TaskQueue,2025-06-30T15:19:54.333656042Z
01JZ0R6J718YBTR7YEHTBTQQK5,true,2025-06-30T15:53:02.843868573Z,true,2025-06-30T15:52:54.686734293Z,,,null,2025-06-30T15:57:26.19839569Z,game ended,2025-06-30T15:58:16.537949945Z,1,2025-06-30T15:59:31.675820218Z,"{""age"":""59"",""gender"":""Male"",""strength"":""interesting game we had to work together to get it done"",""fair"":""not very"",""feedback"":""get teammates to cooperate more"",""education"":""bachelor""}",2025-06-30T15:59:31.708957022Z,"[[21,81],[176,236]]",2025-06-30T15:53:02.843868573Z,01JZ0R44YD4TQ1QQVW9H1W0WBF,2025-06-30T15:44:56.060298074Z,4,2025-06-30T15:46:48.006240683Z,true,2025-06-30T15:47:17.281893096Z,,,Player 3,2025-06-30T15:48:45.489762876Z,2,2025-06-30T15:57:26.224660466Z,false,2025-06-30T15:57:11.24770735Z,01JZ0R6HVYPYNAJW64VG6N2JY4,2025-06-30T15:44:56.033060511Z,,,"{""networkStruct"":""pooled"",""playerCount"":6}",2025-06-30T15:44:56.060298074Z,"Pooled, Redundancy",2025-06-30T15:44:56.060298074Z,{},2025-06-30T15:44:56.240874961Z,TaskQueue,2025-06-30T15:57:26.174518794Z
01JZ0SYEZHDPNDGVXA7XKYA047,,,,,,,,,no more games,2025-06-30T16:40:21.09783098Z,1,2025-06-30T16:22:17.009949743Z,"{""age"":""48"",""gender"":""male"",""strength"":""nothing, for now..."",""fair"":""yes!"",""feedback"":"""",""education"":""high-school""}",2025-06-30T16:22:16.975635855Z,,,null,2025-06-30T16:40:21.09783098Z,2,2025-06-30T16:17:21.816083801Z,,,,,,,,,,,01JZ0SYEEPMJNR7JRJMCWWXN1C,2025-06-30T16:15:27.730197279Z,,,"{""networkStruct"":""pooled"",""playerCount"":6}",2025-06-30T16:15:27.767007562Z,"Pooled, Redundancy",2025-06-30T16:15:27.767007562Z,{},2025-06-30T16:15:28.048793649Z,,
01JZ0V35DCVJ8FMBXYFAAYSD86,true,2025-06-30T16:42:48.190080064Z,true,2025-06-30T16:42:40.454030312Z,3,2025-06-30T16:48:00.527219284Z,neighborhood_13,2025-06-30T16:48:00.57664487Z,game ended,2025-06-30T16:48:01.140826992Z,1,2025-06-30T16:48:57.822719068Z,"{""age"":""35"",""gender"":""female"",""strength"":""It was engaging and interesting "",""fair"":""I think so "",""feedback"":""At one point my screen went blank and I missed like a whole 1 to 2 minutes because of it and had to refresh"",""education"":""bachelor""}",2025-06-30T16:48:57.789895324Z,"[[57,117],[131,191]]",2025-06-30T16:42:48.190080064Z,01JZ0TXMAAZJ4VJWA2WTVHG174,2025-06-30T16:35:30.389306731Z,4,2025-06-30T16:36:41.645822497Z,true,2025-06-30T16:37:26.257025474Z,,,Player 5,2025-06-30T16:38:29.408839537Z,9,2025-06-30T16:47:55.516075175Z,false,2025-06-30T16:46:38.413655775Z,01JZ0V3509DN1PZS1D4SDEVWDX,2025-06-30T16:35:30.348706337Z,CHILDREN'S COMMUTE DISTANCE,2025-06-30T16:42:48.190080064Z,"{""networkStruct"":""reciprocal"",""playerCount"":6}",2025-06-30T16:35:30.389306731Z,"Reciprocal, Redundancy",2025-06-30T16:35:30.389306731Z,{},2025-06-30T16:35:30.480095324Z,TaskScreen,2025-06-30T16:48:00.630829171Z
01JZ0FC3BQ9GCC6QG6CDGGD2W7,,,,,,,,,game ended,2025-06-30T13:21:52.367504436Z,,,,,,,01JZ0F67ZKKPGDC64ETWQZ69WV,2025-06-30T13:10:40.259372572Z,4,2025-06-30T13:11:52.248099086Z,true,2025-06-30T13:12:18.330158832Z,true,2025-06-30T13:16:41.4231973Z,Player 4,2025-06-30T13:12:29.7840431Z,,,,,01JZ0FC2XN5WCRXMSZ55E7DMDG,2025-06-30T13:10:40.247251918Z,,,"{""networkStruct"":""reciprocal"",""playerCount"":6}",2025-06-30T13:10:40.259372572Z,"Reciprocal, Redundancy",2025-06-30T13:10:40.259372572Z,{},2025-06-30T13:10:40.516031096Z,,
01JZ0JRRZWD6QKN20J001SKF6Q,true,2025-06-30T14:17:35.202836755Z,true,2025-06-30T14:17:29.361887639Z,,,neighborhood_13,2025-06-30T14:22:21.041803498Z,game ended,2025-06-30T14:22:46.120437842Z,1,2025-06-30T14:23:19.569788445Z,"{""age"":""36"",""gender"":""female"",""strength"":""it was harder than i thought "",""fair"":""yes!"",""feedback"":""longer times"",""education"":""bachelor""}",2025-06-30T14:23:19.559598809Z,"[[157,217],[63,123]]",2025-06-30T14:17:35.202836755Z,01JZ0JJRK7MTN7FAC1224V82KC,2025-06-30T14:10:34.242885134Z,4,2025-06-30T14:11:03.265797084Z,true,2025-06-30T14:11:20.20822396Z,,,Player 4,2025-06-30T14:13:21.85843509Z,2,2025-06-30T14:22:11.790930598Z,false,2025-06-30T14:21:23.106409753Z,01JZ0JRRKVZE2ZK77RBQT4F7XE,2025-06-30T14:10:01.340141367Z,,,"{""networkStruct"":""pooled"",""playerCount"":6}",2025-06-30T14:10:01.368578172Z,"Pooled, Redundancy",2025-06-30T14:10:01.368578172Z,{},2025-06-30T14:10:01.573797456Z,TaskScreen,2025-06-30T14:22:21.055177669Z
01JZ0FBJQ7C7D6J79CXDMZGZYP,true,2025-06-30T13:20:02.125409168Z,true,2025-06-30T13:19:57.68863041Z,null,2025-06-30T13:22:41.429732564Z,null,2025-06-30T13:22:41.349115853Z,game ended,2025-06-30T13:25:13.833363244Z,1,2025-06-30T13:29:12.05760733Z,"{""age"":""40"",""gender"":""Female"",""strength"":""I enjoyed what I could complete of it"",""fair"":""Yes, until my screen went blank"",""feedback"":""Technical issues need to be resolved to stop the screen going blank after completing a task. Otherwise it's an enjoyable game."",""education"":""bachelor""}",2025-06-30T13:29:12.052476757Z,"[[7,67],[79,139]]",2025-06-30T13:20:02.125409168Z,01JZ0F67ZNGQ7M2D3G3M0R8ZTD,2025-06-30T13:10:23.215865473Z,4,2025-06-30T13:11:22.542290426Z,true,2025-06-30T13:12:22.888749842Z,,,Player 2,2025-06-30T13:15:49.272802124Z,1,2025-06-30T13:22:41.359089011Z,false,2025-06-30T13:22:35.42754648Z,01JZ0FBJBV60GFSR00BPX0R8BH,2025-06-30T13:10:23.207636041Z,AVERAGE PEOPLE,2025-06-30T13:20:02.125409168Z,"{""networkStruct"":""reciprocal"",""playerCount"":6}",2025-06-30T13:10:23.215865473Z,"Reciprocal, Redundancy",2025-06-30T13:10:23.215865473Z,{},2025-06-30T13:10:23.409966316Z,TaskQueue,2025-06-30T13:22:41.436692482Z
01JZ0R9GRQ3PA7HCKR9SBRDB26,true,2025-06-30T15:53:02.843868573Z,true,2025-06-30T15:52:57.839042379Z,,,null,2025-06-30T15:58:16.401891181Z,game ended,2025-06-30T15:58:16.537949945Z,1,2025-06-30T15:59:14.174466758Z,"{""age"":""25"",""gender"":""male"",""strength"":""Interesting"",""fair"":""Yes"",""feedback"":""make time out sick shorter"",""education"":""master""}",2025-06-30T15:59:14.140761095Z,"[[219,279],[151,211]]",2025-06-30T15:53:02.843868573Z,01JZ0R44YD4TQ1QQVW9H1W0WBF,2025-06-30T15:46:32.889105317Z,4,2025-06-30T15:47:51.232647637Z,true,2025-06-30T15:48:44.551456498Z,,,Player 6,2025-06-30T15:48:45.489762876Z,3,2025-06-30T15:58:16.655836462Z,false,2025-06-30T15:57:58.509955578Z,01JZ0R9FAAEVDRWKC9CK1BX16M,2025-06-30T15:46:32.855589247Z,,,"{""networkStruct"":""pooled"",""playerCount"":6}",2025-06-30T15:46:32.889105317Z,"Pooled, Redundancy",2025-06-30T15:46:32.889105317Z,{},2025-06-30T15:46:33.211387658Z,TaskQueue,2025-06-30T15:58:16.474989063Z
01JZ0FBWR8H942AC9T38EZCDR4,true,2025-06-30T13:18:05.719938795Z,true,2025-06-30T13:17:58.497359376Z,,,null,2025-06-30T13:22:54.610170442Z,game ended,2025-06-30T13:23:16.948337204Z,1,2025-06-30T13:24:08.679196239Z,"{""age"":""44"",""gender"":""male"",""strength"":""excellent game. really enjoyed the quick thinking aspect."",""fair"":""I do"",""feedback"":""Nothing, it worked perfectly."",""education"":""bachelor""}",2025-06-30T13:24:08.667876643Z,"[[130,190],[28,88]]",2025-06-30T13:18:05.719938795Z,01JZ0F67Z745P2890BJ7Q88E3R,2025-06-30T13:10:33.489767687Z,4,2025-06-30T13:12:38.949049869Z,true,2025-06-30T13:13:31.503402362Z,,,Player 4,2025-06-30T13:13:52.184367924Z,3,2025-06-30T13:22:54.631381817Z,false,2025-06-30T13:21:26.923360336Z,01JZ0FBWDMACX1245PE1C5K908,2025-06-30T13:10:33.480047694Z,,,"{""networkStruct"":""pooled"",""playerCount"":6}",2025-06-30T13:10:33.489767687Z,"Pooled, Redundancy",2025-06-30T13:10:33.489767687Z,{},2025-06-30T13:10:33.677659441Z,TaskQueue,2025-06-30T13:22:54.591670936Z
01JZ0FM0QB6FQ3X7MJHB3GA7A4,true,2025-06-30T13:22:19.487960231Z,true,2025-06-30T13:22:11.879528094Z,null,2025-06-30T13:26:11.434489292Z,null,2025-06-30T13:26:11.425502268Z,game ended,2025-06-30T13:27:30.659523674Z,1,2025-06-30T13:28:13.13245996Z,"{""age"":""32"",""gender"":""male"",""strength"":""i like it"",""fair"":""yes"",""feedback"":""everything is fine"",""education"":""master""}",2025-06-30T13:28:13.12623783Z,"[[21,81],[223,283]]",2025-06-30T13:22:19.487960231Z,01JZ0F67ZC5C7QZPK5TEQ23RT2,2025-06-30T13:16:21.007707445Z,4,2025-06-30T13:15:58.984906538Z,true,2025-06-30T13:16:25.395852858Z,,,Player 6,2025-06-30T13:18:06.466418236Z,6,2025-06-30T13:26:11.441073192Z,false,2025-06-30T13:27:13.032490671Z,01JZ0FM08F3TH7Z98NHV4AEMHZ,2025-06-30T13:14:59.69184999Z,MAXIMUM INCOME,2025-06-30T13:22:19.487960231Z,"{""networkStruct"":""reciprocal"",""playerCount"":6}",2025-06-30T13:14:59.70736855Z,"Reciprocal, Redundancy",2025-06-30T13:14:59.70736855Z,{},2025-06-30T13:14:59.953347915Z,TaskQueue,2025-06-30T13:26:11.41754308Z
01JZ0SGWPREE78Y06ZB3STRW6G,,,,,,,,,no more games,2025-06-30T16:38:40.809469116Z,,,,,,,null,2025-06-30T16:38:40.809469116Z,,,,,,,,,,,,,01JZ0SGWMETYE1SPBQEQ1VK329,2025-06-30T16:08:03.032902879Z,,,"{""networkStruct"":""reciprocal"",""playerCount"":6}",2025-06-30T16:08:03.123175719Z,"Reciprocal, Redundancy",2025-06-30T16:08:03.123175719Z,{},2025-06-30T16:08:03.189350408Z,,
01JZ0SPD5P3EH6PPCATNQ6MACS,,,,,,,,,no more games,2025-06-30T16:38:40.809469116Z,,,,,,,null,2025-06-30T16:38:40.809469116Z,,,,,,,,,,,,,01JZ0SPCTRC2T6NWWKGN5XESBX,2025-06-30T16:11:03.734994483Z,,,"{""networkStruct"":""reciprocal"",""playerCount"":6}",2025-06-30T16:11:03.802401276Z,"Reciprocal, Redundancy",2025-06-30T16:11:03.802401276Z,{},2025-06-30T16:11:03.969569385Z,,
01JZ0FB65N9AA5DRTF3YEVRMGT,true,2025-06-30T13:23:40.775353933Z,true,2025-06-30T13:23:32.696539539Z,,,null,2025-06-30T13:28:41.032497487Z,game ended,2025-06-30T13:28:52.161827263Z,1,2025-06-30T13:29:36.634865353Z,"{""age"":""52"",""gender"":""Female"",""strength"":""It’s frantic at times"",""fair"":""No time to be helpful"",""feedback"":""Super long wait for others to join - many will have dropped out "",""education"":""high-school""}",2025-06-30T13:29:36.643208734Z,"[[212,272],[23,83]]",2025-06-30T13:23:40.775353933Z,01JZ0F67Z8B8A42G6Y5XQ0NS83,2025-06-30T13:10:10.367958569Z,4,2025-06-30T13:11:15.210986366Z,true,2025-06-30T13:11:40.866059132Z,,,Player 2,2025-06-30T13:19:26.694911776Z,3,2025-06-30T13:28:41.055419636Z,false,2025-06-30T13:28:24.672818262Z,01JZ0FB5JS89MZ9RQD31E9EE2S,2025-06-30T13:10:10.357203194Z,,,"{""networkStruct"":""pooled"",""playerCount"":6}",2025-06-30T13:10:10.367958569Z,"Pooled, Redundancy",2025-06-30T13:10:10.367958569Z,{},2025-06-30T13:10:10.641597432Z,TaskQueue,2025-06-30T13:28:41.041607768Z
01JZ0FBAJB7KQ7GP21NQ7ZFSYY,true,2025-06-30T13:16:09.828627526Z,true,2025-06-30T13:16:01.919729154Z,,,null,2025-06-30T13:20:38.320395684Z,game ended,2025-06-30T13:21:20.652627982Z,1,2025-06-30T13:21:54.580795394Z,"{""age"":""58"",""gender"":""female"",""strength"":""it was interesting"",""fair"":""no idea"",""feedback"":""yes let me work"",""education"":""high-school""}",2025-06-30T13:21:54.572772343Z,"[[37,97],[152,212]]",2025-06-30T13:16:09.828627526Z,01JZ0F6805RKXP4JKMN5N89R8W,2025-06-30T13:10:14.867322784Z,4,2025-06-30T13:11:18.633524324Z,true,2025-06-30T13:11:58.200168913Z,,,Player 5,2025-06-30T13:11:58.271155643Z,2,2025-06-30T13:20:38.299650708Z,false,2025-06-30T13:19:53.25855429Z,01JZ0FBADF8DM92H6F2PH4P8YH,2025-06-30T13:10:14.859536669Z,,,"{""networkStruct"":""pooled"",""playerCount"":6}",2025-06-30T13:10:14.867322784Z,"Pooled, Redundancy",2025-06-30T13:10:14.867322784Z,{},2025-06-30T13:10:14.959974616Z,TaskQueue,2025-06-30T13:20:38.254238334Z
01JZ0H42HREFCMBGJBTZGE91GN,true,2025-06-30T13:49:51.577106231Z,true,2025-06-30T13:49:43.978784349Z,null,2025-06-30T13:54:59.210129622Z,null,2025-06-30T13:54:59.199889657Z,game ended,2025-06-30T13:55:03.114972236Z,1,2025-06-30T13:55:42.742863973Z,"{""age"":""50"",""gender"":""Female"",""strength"":""It was quick but fun"",""fair"":""Not really, I did most of the work"",""feedback"":""N/A"",""education"":""bachelor""}",2025-06-30T13:55:42.733423611Z,"[[171,231],[73,133]]",2025-06-30T13:49:51.577106231Z,01JZ0H1K7FV78W73P31JXQYTKA,2025-06-30T13:44:45.491941513Z,4,2025-06-30T13:44:40.438672622Z,true,2025-06-30T13:45:39.239087647Z,,,Player 2,2025-06-30T13:45:39.359108642Z,10,2025-06-30T13:54:59.188551209Z,false,2025-06-30T13:53:53.843230458Z,01JZ0H4266WCJ8CWQ8EHSRDMPB,2025-06-30T13:41:14.424625289Z,AVERAGE PEOPLE,2025-06-30T13:49:51.577106231Z,"{""networkStruct"":""reciprocal"",""playerCount"":6}",2025-06-30T13:41:14.436095475Z,"Reciprocal, Redundancy",2025-06-30T13:41:14.436095475Z,{},2025-06-30T13:41:14.623888604Z,TaskQueue,2025-06-30T13:54:59.220003996Z
01JZ0FATEZ4BCSXPWP1GNPMBCW,,,,,,,,,game ended,2025-06-30T13:21:38.103036325Z,,,,,,,01JZ0F67ZEPC67VW242P0YYZAA,2025-06-30T13:09:58.379688928Z,4,2025-06-30T13:10:38.73635936Z,true,2025-06-30T13:10:49.441994013Z,true,2025-06-30T13:16:27.497617472Z,Player 3,2025-06-30T13:12:16.293060103Z,,,,,01JZ0FAT11V4NZAYE4CDM1XG78,2025-06-30T13:09:58.367296063Z,,,"{""networkStruct"":""reciprocal"",""playerCount"":6}",2025-06-30T13:09:58.379688928Z,"Reciprocal, Redundancy",2025-06-30T13:09:58.379688928Z,{},2025-06-30T13:09:58.614923423Z,,
01JZ0R88HFX5N7SW28R5CBVAQ7,true,2025-06-30T15:55:38.716197607Z,true,2025-06-30T15:55:32.274804834Z,2,2025-06-30T16:00:37.362698177Z,neighborhood_10,2025-06-30T16:00:37.335963668Z,game ended,2025-06-30T16:00:50.951214301Z,1,2025-06-30T16:02:17.391117721Z,"{""age"":""44"",""gender"":""Male"",""strength"":""It was enjoyable. "",""fair"":""I felt like I was only working on my own, or in competition with them.  "",""feedback"":""Explain the reason for when a player is sick."",""education"":""high-school""}",2025-06-30T16:02:17.353594235Z,"[[14,74],[120,180]]",2025-06-30T15:55:38.716197607Z,01JZ0R44ZAP7PYVAMQ60PRQDRH,2025-06-30T15:45:51.69281983Z,4,2025-06-30T15:48:39.539428933Z,true,2025-06-30T15:50:06.565043768Z,,,Player 2,2025-06-30T15:51:22.485124628Z,9,2025-06-30T16:00:36.120751948Z,false,2025-06-30T15:58:51.0454275Z,01JZ0R882B8XFPXHSR46T2PKDZ,2025-06-30T15:45:51.663177087Z,MAXIMUM INCOME,2025-06-30T15:55:38.716197607Z,"{""networkStruct"":""reciprocal"",""playerCount"":6}",2025-06-30T15:45:51.69281983Z,"Reciprocal, Redundancy",2025-06-30T15:45:51.69281983Z,{},2025-06-30T15:45:51.976836867Z,TaskScreen,2025-06-30T16:00:37.383436078Z
01JZ0V3EY088WAJQ9JQB5BJKMV,,,,,,,,,no more games,2025-06-30T16:38:40.809469116Z,,,,,,,null,2025-06-30T16:38:40.809469116Z,,,,,,,,,,,,,01JZ0V3EVATM3Z1THY3WJDWZCS,2025-06-30T16:35:40.096731931Z,,,"{""networkStruct"":""reciprocal"",""playerCount"":6}",2025-06-30T16:35:40.153492471Z,"Reciprocal, Redundancy",2025-06-30T16:35:40.153492471Z,{},2025-06-30T16:35:40.189080354Z,,
01JZ0FAE5RJ1QVP6VAA70BSQ0P,true,2025-06-30T13:16:22.641627832Z,true,2025-06-30T13:16:12.874707828Z,null,2025-06-30T13:20:10.097526664Z,null,2025-06-30T13:20:10.103544615Z,game ended,2025-06-30T13:21:33.60435237Z,1,2025-06-30T13:22:28.229166947Z,"{""age"":""30"",""gender"":""female"",""strength"":""I liked it, made a couple mistakes at the beginning"",""fair"":""Yes I think they were"",""feedback"":""Unsure, maybe more tasks"",""education"":""high-school""}",2025-06-30T13:22:28.222524448Z,"[[136,196],[231,291]]",2025-06-30T13:16:22.641627832Z,01JZ0F67ZMW5MYVAMRDCKET4QV,2025-06-30T13:09:45.796158892Z,4,2025-06-30T13:11:00.924257868Z,true,2025-06-30T13:11:18.388225451Z,,,Player 1,2025-06-30T13:12:09.767493529Z,9,2025-06-30T13:20:10.109605298Z,false,2025-06-30T13:21:25.142634093Z,01JZ0FADT2K0AMHAMMV7F4ZZ8X,2025-06-30T13:09:45.784400854Z,AVERAGE PEOPLE,2025-06-30T13:16:22.641627832Z,"{""networkStruct"":""reciprocal"",""playerCount"":6}",2025-06-30T13:09:45.796158892Z,"Reciprocal, Redundancy",2025-06-30T13:09:45.796158892Z,{},2025-06-30T13:09:46.006551139Z,TaskQueue,2025-06-30T13:20:10.091509899Z
01JZ0H5PHBAB5MFCHKQNJGE7KV,true,2025-06-30T13:49:09.363311068Z,true,2025-06-30T13:49:03.046062226Z,,,neighborhood_2,2025-06-30T13:52:28.149514047Z,game ended,2025-06-30T13:54:20.154136812Z,1,2025-06-30T13:55:27.968327156Z,"{""age"":""50"",""gender"":""Female"",""strength"":""It was good fun, didnt like being out sick!"",""fair"":""I am not sure, it looks like slots were being taken but still some spaces"",""feedback"":""Results to see how we did in terms of correct anwers and how many each team member completed"",""education"":""bachelor""}",2025-06-30T13:55:27.975294706Z,"[[80,140],[191,251]]",2025-06-30T13:49:09.363311068Z,01JZ0H1K7HVYD71R3W6V80C6V1,2025-06-30T13:42:07.671837326Z,4,2025-06-30T13:43:13.763463692Z,true,2025-06-30T13:43:42.186714746Z,,,Player 5,2025-06-30T13:44:56.874053753Z,2,2025-06-30T13:52:24.776942808Z,false,2025-06-30T13:53:31.355136644Z,01JZ0H5P597AKXHHYHBZGZCAAD,2025-06-30T13:42:07.65943287Z,,,"{""networkStruct"":""pooled"",""playerCount"":6}",2025-06-30T13:42:07.671837326Z,"Pooled, Redundancy",2025-06-30T13:42:07.671837326Z,{},2025-06-30T13:42:07.883635879Z,TaskScreen,2025-06-30T13:52:28.140785337Z
01JZ0FCNHTSC7G0FEF4YCP958P,true,2025-06-30T13:20:33.951052698Z,true,2025-06-30T13:20:27.670169517Z,null,2025-06-30T13:25:43.107770545Z,null,2025-06-30T13:25:43.117489332Z,game ended,2025-06-30T13:25:44.872472533Z,1,2025-06-30T13:30:08.147830918Z,"{""age"":""29"",""gender"":""Male"",""strength"":""The game was interesing and strongly competitive despite the fact that we all woked together. It was a very enjoyable experience."",""fair"":""They were very helpful, and we completed the task together"",""feedback"":""Everything was clear and transparent, the tutorial was also easy to understand."",""education"":""high-school""}",2025-06-30T13:30:08.153409845Z,"[[9,69],[224,284]]",2025-06-30T13:20:33.951052698Z,01JZ0F67ZNGQ7M2D3G364WEKWP,2025-06-30T13:13:39.689255991Z,4,2025-06-30T13:14:01.67885874Z,true,2025-06-30T13:15:06.294113789Z,,,Player 2,2025-06-30T13:16:21.203127352Z,3,2025-06-30T13:25:43.133738807Z,false,2025-06-30T13:25:28.322795194Z,01JZ0FCMVHW8HJBMSME76VV8HV,2025-06-30T13:10:58.874637542Z,AVERAGE PEOPLE,2025-06-30T13:20:33.951052698Z,"{""networkStruct"":""reciprocal"",""playerCount"":6}",2025-06-30T13:10:58.898393468Z,"Reciprocal, Redundancy",2025-06-30T13:10:58.898393468Z,{},2025-06-30T13:10:59.249471771Z,TaskQueue,2025-06-30T13:25:43.125177236Z
01JZ0PHFA0CKW8FCX9Q96KR3SV,true,2025-06-30T15:24:27.486993443Z,true,2025-06-30T15:24:19.727763552Z,,,null,2025-06-30T15:29:06.568070909Z,game ended,2025-06-30T15:29:38.662247876Z,1,2025-06-30T15:30:19.454080476Z,"{""age"":""42"",""gender"":""Male"",""strength"":""I liked it.  It felt unique and stood out."",""fair"":""They were helpful."",""feedback"":""I think you could add a countdown timer for being out sick."",""education"":""bachelor""}",2025-06-30T15:30:19.428172677Z,"[[100,160],[198,258]]",2025-06-30T15:24:27.486993443Z,01JZ0PDFG0TZHQMJ413RSFKXP4,2025-06-30T15:15:56.378688522Z,4,2025-06-30T15:19:58.632118065Z,true,2025-06-30T15:20:14.142866227Z,,,Player 4,2025-06-30T15:20:14.342355022Z,4,2025-06-30T15:29:06.533685298Z,false,2025-06-30T15:28:57.024959904Z,01JZ0PHF50QNRKVRY78SQ6X4HD,2025-06-30T15:15:56.352391761Z,,,"{""networkStruct"":""pooled"",""playerCount"":6}",2025-06-30T15:15:56.378688522Z,"Pooled, Redundancy",2025-06-30T15:15:56.378688522Z,{},2025-06-30T15:15:56.459188123Z,TaskQueue,2025-06-30T15:29:06.579811343Z
01JZ0TADFRRX9HZ0TSPKCY6PP9,,,,,,,,,no more games,2025-06-30T16:38:40.809469116Z,,,,,,,null,2025-06-30T16:38:40.809469116Z,4,2025-06-30T16:22:24.984146076Z,,,,,,,,,,,01JZ0TAD7ZDQSWQ9G88XK8DKDN,2025-06-30T16:21:59.416902729Z,,,"{""networkStruct"":""reciprocal"",""playerCount"":6}",2025-06-30T16:21:59.487584018Z,"Reciprocal, Redundancy",2025-06-30T16:21:59.487584018Z,{},2025-06-30T16:21:59.607259839Z,,
01JZ0V42J9DQP402YEZ5JMQ2N9,,,,,,,,,no more games,2025-06-30T16:38:40.809469116Z,,,,,,,null,2025-06-30T16:38:40.809469116Z,,,,,,,,,,,,,01JZ0V42GFN4EE5XMWD3Q47H2S,2025-06-30T16:36:00.201673738Z,,,"{""networkStruct"":""reciprocal"",""playerCount"":6}",2025-06-30T16:36:00.249615586Z,"Reciprocal, Redundancy",2025-06-30T16:36:00.249615586Z,{},2025-06-30T16:36:00.281441552Z,,
01JZ0RBHZAP5ZJG4X058MXZMNK,,,,,,,,,no more games,2025-06-30T16:40:21.09783098Z,1,2025-06-30T15:51:06.89861786Z,"{""age"":""41"",""gender"":""male"",""strength"":""looks like a simple game"",""fair"":""no"",""feedback"":""I don't know"",""education"":""master""}",2025-06-30T15:51:06.738061688Z,,,null,2025-06-30T16:40:21.09783098Z,4,2025-06-30T15:49:50.786824188Z,,,,,,,,,,,01JZ0RBHGM0NHHR0SEWZDEX5R2,2025-06-30T15:47:39.626655933Z,,,"{""networkStruct"":""pooled"",""playerCount"":6}",2025-06-30T15:47:39.672339823Z,"Pooled, Redundancy",2025-06-30T15:47:39.672339823Z,{},2025-06-30T15:47:39.902855537Z,,
01JZ0SQ0RH7QRQQ3CQ369MC1XF,,,,,,,,,no more games,2025-06-30T16:38:40.809469116Z,,,,,,,null,2025-06-30T16:38:40.809469116Z,,,,,,,,,,,,,01JZ0SQ0PFW9M03MK8F6A6681J,2025-06-30T16:11:23.79357349Z,,,"{""networkStruct"":""reciprocal"",""playerCount"":6}",2025-06-30T16:11:23.833129404Z,"Reciprocal, Redundancy",2025-06-30T16:11:23.833129404Z,{},2025-06-30T16:11:23.858686441Z,,
01JZ0T8PDXGTH6126KNQYQ7G1B,true,2025-06-30T16:29:50.283392071Z,true,2025-06-30T16:29:41.672568538Z,null,2025-06-30T16:34:46.390112191Z,null,2025-06-30T16:34:46.345190514Z,game ended,2025-06-30T16:35:03.535483593Z,1,2025-06-30T16:35:27.882244335Z,"{""age"":""32"",""gender"":""Male"",""strength"":""It was really tough"",""fair"":""Not really"",""feedback"":""I'm really not sure"",""education"":""bachelor""}",2025-06-30T16:35:27.860674409Z,"[[20,80],[195,255]]",2025-06-30T16:29:50.283392071Z,01JZ0T59780CP4Z1F2CEHFDNAC,2025-06-30T16:21:03.091653295Z,4,2025-06-30T16:21:36.974663486Z,true,2025-06-30T16:21:49.404536044Z,,,Player 2,2025-06-30T16:25:32.363998543Z,5,2025-06-30T16:34:46.428202498Z,false,2025-06-30T16:34:17.516657691Z,01JZ0T8P0PB06SBQA7AFSVKSVE,2025-06-30T16:21:03.038013197Z,MAXIMUM INCOME,2025-06-30T16:29:50.283392071Z,"{""networkStruct"":""reciprocal"",""playerCount"":6}",2025-06-30T16:21:03.091653295Z,"Reciprocal, Redundancy",2025-06-30T16:21:03.091653295Z,{},2025-06-30T16:21:03.348875983Z,TaskQueue,2025-06-30T16:34:46.30940946Z
01JZ0M3P9VKZ1RS5GDCN0TA36R,true,2025-06-30T14:41:03.221190181Z,true,2025-06-30T14:40:55.976255741Z,2,2025-06-30T14:44:53.898453541Z,neighborhood_10,2025-06-30T14:44:53.923648168Z,game ended,2025-06-30T14:46:14.139143426Z,1,2025-06-30T14:46:53.89788575Z,"{""age"":""35"",""gender"":""Male"",""strength"":""Very fun, frustrating as I was made sick twice "",""fair"":""I'm not sure how well they did"",""feedback"":""It was all great for me"",""education"":""high-school""}",2025-06-30T14:46:53.912331478Z,"[[229,289],[48,108]]",2025-06-30T14:41:03.221190181Z,01JZ0KZHGXZ28TMC40NC90GVYX,2025-06-30T14:33:27.627555947Z,4,2025-06-30T14:34:49.195193792Z,true,2025-06-30T14:35:29.122097417Z,,,Player 2,2025-06-30T14:36:50.896305903Z,9,2025-06-30T14:44:52.906529836Z,false,2025-06-30T14:46:03.501097905Z,01JZ0M3NXSMJ95J2B6MF28XNNX,2025-06-30T14:33:27.611610371Z,MAXIMUM INCOME,2025-06-30T14:41:03.221190181Z,"{""networkStruct"":""reciprocal"",""playerCount"":6}",2025-06-30T14:33:27.627555947Z,"Reciprocal, Redundancy",2025-06-30T14:33:27.627555947Z,{},2025-06-30T14:33:27.821588939Z,TaskScreen,2025-06-30T14:44:53.909487017Z
01JZ0R9EV8TB82Q6ME4DKQ58Y1,,,,,,,,,no more games,2025-06-30T16:40:21.09783098Z,,,,,,,null,2025-06-30T16:40:21.09783098Z,,,,,,,,,,,,,01JZ0R9ESGFDY5CJ1M3ZEPZBQB,2025-06-30T15:46:30.888417374Z,,,"{""networkStruct"":""pooled"",""playerCount"":6}",2025-06-30T15:46:30.919866765Z,"Pooled, Redundancy",2025-06-30T15:46:30.919866765Z,{},2025-06-30T15:46:30.943618062Z,,
01JZ0P3C0GV76R4Z93PBZWXXD7,true,2025-06-30T15:16:45.944134289Z,true,2025-06-30T15:16:41.45144718Z,null,2025-06-30T15:19:12.283876737Z,null,2025-06-30T15:19:12.34825631Z,game ended,2025-06-30T15:21:57.570794812Z,1,2025-06-30T15:22:24.369225342Z,"{""age"":""33"",""gender"":""female"",""strength"":""i think it was fun and i wish  the game was a little longer"",""fair"":""no actually"",""feedback"":""i dont know honestly im sorry"",""education"":""high-school""}",2025-06-30T15:22:24.326158572Z,"[[176,236],[238,298]]",2025-06-30T15:16:45.944134289Z,01JZ0NSNAYA5ZEAQVB789Y1XW2,2025-06-30T15:08:14.250321485Z,4,2025-06-30T15:10:17.905447498Z,true,2025-06-30T15:10:37.110419752Z,,,Player 5,2025-06-30T15:12:32.708071208Z,9,2025-06-30T15:19:12.336777851Z,false,2025-06-30T15:21:55.417411287Z,01JZ0P3BN2VQ2R167PN3WKHPVC,2025-06-30T15:08:14.224269044Z,CHILDREN'S COMMUTE DISTANCE,2025-06-30T15:16:45.944134289Z,"{""networkStruct"":""reciprocal"",""playerCount"":6}",2025-06-30T15:08:14.250321485Z,"Reciprocal, Redundancy",2025-06-30T15:08:14.250321485Z,{},2025-06-30T15:08:14.453213817Z,TaskQueue,2025-06-30T15:19:12.297609347Z
01JZ0R7KYSRZ9WN5AKECH3KB3X,true,2025-06-30T15:54:12.206476225Z,true,2025-06-30T15:54:04.864976153Z,,,null,2025-06-30T15:59:13.001635775Z,game ended,2025-06-30T15:59:24.655872219Z,1,2025-06-30T16:00:33.960963217Z,"{""age"":""36"",""gender"":""Man"",""strength"":""it's doable, easy to understand rules"",""fair"":""They seemed to have covered tasks"",""feedback"":""n/a"",""education"":""bachelor""}",2025-06-30T16:00:33.933351351Z,"[[120,180],[207,267]]",2025-06-30T15:54:12.206476225Z,01JZ0R450A0M8Q4QC968ZVRS9H,2025-06-30T15:45:30.61546959Z,4,2025-06-30T15:46:54.086453928Z,true,2025-06-30T15:47:26.558870405Z,,,Player 3,2025-06-30T15:49:54.554895012Z,3,2025-06-30T15:59:12.788025357Z,false,2025-06-30T15:58:51.802972124Z,01JZ0R7KKDRHGKEJDQ12SV4FMP,2025-06-30T15:45:30.585993745Z,,,"{""networkStruct"":""pooled"",""playerCount"":6}",2025-06-30T15:45:30.61546959Z,"Pooled, Redundancy",2025-06-30T15:45:30.61546959Z,{},2025-06-30T15:45:30.805104597Z,TaskQueue,2025-06-30T15:59:13.044933537Z
01JZ0JQGZSJTMNWN83V0DRTF9B,true,2025-06-30T14:19:46.903524002Z,true,2025-06-30T14:19:39.638940201Z,null,2025-06-30T14:24:43.901902208Z,null,2025-06-30T14:24:43.896933302Z,game ended,2025-06-30T14:24:57.866498074Z,1,2025-06-30T14:25:59.762328047Z,"{""age"":""28"",""gender"":""Nonbinary"",""strength"":""It was interesting and engaging."",""fair"":""I think so. "",""feedback"":""I think the game is good as it is."",""education"":""bachelor""}",2025-06-30T14:25:59.777116828Z,"[[208,268],[131,191]]",2025-06-30T14:19:46.903524002Z,01JZ0JJRMFBKARHHQY8ZXKDX2Q,2025-06-30T14:09:20.391622161Z,4,2025-06-30T14:11:34.096406096Z,true,2025-06-30T14:12:51.642234857Z,,,Player 3,2025-06-30T14:15:34.623475898Z,7,2025-06-30T14:24:43.89083587Z,false,2025-06-30T14:24:26.7426054Z,01JZ0JQGGJA7WEZJ2YS1DEWFCX,2025-06-30T14:09:20.377186428Z,CHILDREN'S COMMUTE DISTANCE,2025-06-30T14:19:46.903524002Z,"{""networkStruct"":""reciprocal"",""playerCount"":6}",2025-06-30T14:09:20.391622161Z,"Reciprocal, Redundancy",2025-06-30T14:09:20.391622161Z,{},2025-06-30T14:09:20.624255631Z,TaskQueue,2025-06-30T14:24:43.907998687Z
01JZ0M68RH26TA36VPTAMVWHEQ,true,2025-06-30T14:42:32.418956253Z,true,2025-06-30T14:42:26.046918529Z,null,2025-06-30T14:47:30.52198792Z,null,2025-06-30T14:47:30.540843425Z,game ended,2025-06-30T14:47:43.291129142Z,1,2025-06-30T14:50:36.880888978Z,"{""age"":""38"",""gender"":""Male"",""strength"":""I liked the game. Although I didn't like scroll wheel was enabled, I think it made me accidently alter my number couple of times. "",""fair"":""I think so especially when out sick seemed a fair bit got done."",""feedback"":""Disable mouse scroll wheel and have it as number entry only. I hope we was doing task correct as the score at the top still said 0."",""education"":""high-school""}",2025-06-30T14:50:36.873255881Z,"[[120,180],[212,272]]",2025-06-30T14:42:32.418956253Z,01JZ0KZHH6W8XDVC696R9C92DG,2025-06-30T14:36:59.299476154Z,4,2025-06-30T14:36:20.065456093Z,true,2025-06-30T14:37:12.303336221Z,,,Player 5,2025-06-30T14:38:19.470517074Z,8,2025-06-30T14:47:30.528556997Z,false,2025-06-30T14:47:16.88294859Z,01JZ0M68CR9W310RY6SEDFC86W,2025-06-30T14:34:52.049321327Z,CHILDREN'S COMMUTE DISTANCE,2025-06-30T14:42:32.418956253Z,"{""networkStruct"":""reciprocal"",""playerCount"":6}",2025-06-30T14:34:52.068230278Z,"Reciprocal, Redundancy",2025-06-30T14:34:52.068230278Z,{},2025-06-30T14:34:52.262988544Z,TaskQueue,2025-06-30T14:47:30.515392115Z
01JZ0JS7KGQTXA56X7MR2N3V4S,true,2025-06-30T14:18:20.820616097Z,true,2025-06-30T14:18:13.399379045Z,,,neighborhood_5,2025-06-30T14:21:54.926821996Z,game ended,2025-06-30T14:23:31.86661332Z,1,2025-06-30T14:24:36.100352694Z,"{""age"":""23"",""gender"":""Male"",""strength"":""It was pretty fun"",""fair"":""Yeah but I wish i could chat with them"",""feedback"":""Add the chat when we are sick or just let it be available all together"",""education"":""high-school""}",2025-06-30T14:24:36.090609387Z,"[[218,278],[122,182]]",2025-06-30T14:18:20.820616097Z,01JZ0JJRM7K0MBX3MKCVTKC5NR,2025-06-30T14:10:16.334581509Z,4,2025-06-30T14:10:51.103305236Z,true,2025-06-30T14:10:58.167135586Z,,,Player 5,2025-06-30T14:14:07.441915425Z,1,2025-06-30T14:21:46.090312931Z,false,2025-06-30T14:23:10.051683401Z,01JZ0JS74GKYB6RSDXT0M6XS13,2025-06-30T14:10:16.304547068Z,,,"{""networkStruct"":""pooled"",""playerCount"":6}",2025-06-30T14:10:16.334581509Z,"Pooled, Redundancy",2025-06-30T14:10:16.334581509Z,{},2025-06-30T14:10:16.576234391Z,TaskScreen,2025-06-30T14:21:54.919699273Z
01JZ0NDAQP6PMG8NAJBA9WP4GZ,true,2025-06-30T15:03:58.066881922Z,true,2025-06-30T15:03:52.04170762Z,,,null,2025-06-30T15:09:00.354858928Z,game ended,2025-06-30T15:09:09.500118963Z,1,2025-06-30T15:10:00.750406133Z,"{""age"":""67"",""gender"":""Male"",""strength"":""Fun"",""fair"":""Dont know."",""feedback"":""More of it."",""education"":""bachelor""}",2025-06-30T15:10:00.759725151Z,"[[89,149],[197,257]]",2025-06-30T15:03:58.066881922Z,01JZ0N9PQHD06TCBXAQZTT3H76,2025-06-30T14:56:12.072375198Z,4,2025-06-30T14:58:40.029043561Z,true,2025-06-30T14:59:21.223371354Z,,,Player 2,2025-06-30T14:59:44.416265815Z,3,2025-06-30T15:09:00.33575588Z,false,2025-06-30T15:08:28.012019742Z,01JZ0NDAAKFBR1DCSX4DF8C5VZ,2025-06-30T14:56:12.022256996Z,,,"{""networkStruct"":""pooled"",""playerCount"":6}",2025-06-30T14:56:12.072375198Z,"Pooled, Redundancy",2025-06-30T14:56:12.072375198Z,{},2025-06-30T14:56:12.290889518Z,TaskQueue,2025-06-30T15:09:00.366352234Z
01JZ0FDXX39WXMVCCADY0GX2SD,true,2025-06-30T13:16:22.641627832Z,true,2025-06-30T13:16:14.01453574Z,null,2025-06-30T13:19:37.099155777Z,null,2025-06-30T13:19:37.1237568Z,game ended,2025-06-30T13:21:33.60435237Z,1,2025-06-30T13:21:52.897473406Z,"{""age"":""32"",""gender"":""F"",""strength"":""Quite fun"",""fair"":""Yes I think so"",""feedback"":""Not sure"",""education"":""master""}",2025-06-30T13:21:52.908863104Z,"[[38,98],[239,299]]",2025-06-30T13:16:22.641627832Z,01JZ0F67ZMW5MYVAMRDCKET4QV,2025-06-30T13:11:40.216759971Z,4,2025-06-30T13:11:54.778527943Z,true,2025-06-30T13:11:58.939130284Z,,,Player 6,2025-06-30T13:12:09.767493529Z,6,2025-06-30T13:19:37.111536259Z,false,2025-06-30T13:21:33.037538653Z,01JZ0FDXJP74DD3NDJCQ73QYC6,2025-06-30T13:11:40.195790128Z,CHILDREN'S COMMUTE DISTANCE,2025-06-30T13:16:22.641627832Z,"{""networkStruct"":""reciprocal"",""playerCount"":6}",2025-06-30T13:11:40.216759971Z,"Reciprocal, Redundancy",2025-06-30T13:11:40.216759971Z,{},2025-06-30T13:11:40.53207833Z,TaskQueue,2025-06-30T13:19:37.129618428Z
01JZ0FH3F6YRBD215BZDRB0NFG,true,2025-06-30T13:17:50.615126964Z,true,2025-06-30T13:17:41.555088033Z,,,neighborhood_9,2025-06-30T13:21:15.509447359Z,game ended,2025-06-30T13:23:01.625536751Z,1,2025-06-30T13:26:48.333106916Z,"{""age"":""21"",""gender"":""male"",""strength"":""Enjoyable game."",""fair"":""Yes, I think."",""feedback"":""Don't know."",""education"":""high-school""}",2025-06-30T13:26:48.340935658Z,"[[221,281],[78,138]]",2025-06-30T13:17:50.615126964Z,01JZ0F67Z61XNM528ZD36RPYGY,2025-06-30T13:13:24.209626048Z,4,2025-06-30T13:13:37.873476603Z,true,2025-06-30T13:13:38.867124177Z,,,Player 6,2025-06-30T13:13:39.010172877Z,2,2025-06-30T13:21:12.908182909Z,false,2025-06-30T13:22:42.632868713Z,01JZ0FH30C0SVZMNMQKVJFYT4M,2025-06-30T13:13:24.198128916Z,,,"{""networkStruct"":""pooled"",""playerCount"":6}",2025-06-30T13:13:24.209626048Z,"Pooled, Redundancy",2025-06-30T13:13:24.209626048Z,{},2025-06-30T13:13:24.473376877Z,TaskScreen,2025-06-30T13:21:15.51833367Z
01JZ0H5M5HFDPMDY7KF9ZFXG0T,true,2025-06-30T13:49:51.577106231Z,true,2025-06-30T13:49:43.703042182Z,null,2025-06-30T13:53:03.950016389Z,null,2025-06-30T13:53:03.922683611Z,game ended,2025-06-30T13:55:03.114972236Z,1,2025-06-30T13:56:03.19516538Z,"{""age"":""30"",""gender"":""male"",""strength"":""I enjoyed it a lot."",""fair"":""some of them yes."",""feedback"":""Less flu time i think."",""education"":""master""}",2025-06-30T13:56:03.204639863Z,"[[219,279],[33,93]]",2025-06-30T13:49:51.577106231Z,01JZ0H1K7FV78W73P31JXQYTKA,2025-06-30T13:42:05.247786908Z,4,2025-06-30T13:42:36.443963176Z,true,2025-06-30T13:43:12.320511Z,,,Player 4,2025-06-30T13:45:39.359108642Z,10,2025-06-30T13:53:03.93009514Z,false,2025-06-30T13:54:43.576530649Z,01JZ0H5KKMKH1M4P47P7NA0KX9,2025-06-30T13:42:05.233752163Z,MAXIMUM INCOME,2025-06-30T13:49:51.577106231Z,"{""networkStruct"":""reciprocal"",""playerCount"":6}",2025-06-30T13:42:05.247786908Z,"Reciprocal, Redundancy",2025-06-30T13:42:05.247786908Z,{},2025-06-30T13:42:05.58370307Z,TaskQueue,2025-06-30T13:53:03.956771705Z
01JZ0Q2NRNYEBA48SPCNZAV9X5,true,2025-06-30T15:32:29.96569497Z,true,2025-06-30T15:32:25.582430089Z,null,2025-06-30T15:34:34.09896141Z,null,2025-06-30T15:34:34.064345598Z,game ended,2025-06-30T15:37:41.654996579Z,1,2025-06-30T15:38:21.725906563Z,"{""age"":""30"",""gender"":""Male"",""strength"":""Intuitive "",""fair"":""I don´t know"",""feedback"":""It's perfect!"",""education"":""master""}",2025-06-30T15:38:21.707370824Z,"[[152,212],[227,287]]",2025-06-30T15:32:29.96569497Z,01JZ0Q0CWNKJYDS4SW61Q7VTQN,2025-06-30T15:25:20.049995473Z,4,2025-06-30T15:25:49.869232623Z,true,2025-06-30T15:26:09.291238127Z,,,Player 2,2025-06-30T15:28:15.289405726Z,14,2025-06-30T15:34:34.089488152Z,false,2025-06-30T15:37:31.150548788Z,01JZ0Q2NAJN15BM2XM8Y0W2ZNM,2025-06-30T15:25:20.021321716Z,MAXIMUM INCOME,2025-06-30T15:32:29.96569497Z,"{""networkStruct"":""reciprocal"",""playerCount"":6}",2025-06-30T15:25:20.049995473Z,"Reciprocal, Redundancy",2025-06-30T15:25:20.049995473Z,{},2025-06-30T15:25:20.289351061Z,TaskQueue,2025-06-30T15:34:34.077678294Z
01JZ0R9BQCKK0WV5DKQMKZ7BJG,,,,,,,,,no more games,2025-06-30T16:40:21.09783098Z,,,,,,,null,2025-06-30T16:40:21.09783098Z,4,2025-06-30T15:48:49.814688113Z,,,,,,,,,,,01JZ0R9BGV028NCF360M3WC0KD,2025-06-30T15:46:27.692206106Z,,,"{""networkStruct"":""pooled"",""playerCount"":6}",2025-06-30T15:46:27.730617476Z,"Pooled, Redundancy",2025-06-30T15:46:27.730617476Z,{},2025-06-30T15:46:27.95086192Z,,
01JZ0FAKBYM9HC6BVCFDJQZWE9,,,,,,,,,no more games,2025-06-30T16:40:21.09783098Z,,,,,,,null,2025-06-30T16:40:21.09783098Z,,,,,,,,,,,,,01JZ0FAJYC223DWA63DG3C4KFH,2025-06-30T13:09:51.102108074Z,,,"{""networkStruct"":""pooled"",""playerCount"":6}",2025-06-30T13:09:51.115123844Z,"Pooled, Redundancy",2025-06-30T13:09:51.115123844Z,{},2025-06-30T13:09:51.353391032Z,,
01JZ0FBJYV0GPQR4A1052RSJR7,true,2025-06-30T13:19:39.921951137Z,true,2025-06-30T13:19:32.604661952Z,null,2025-06-30T13:22:34.747652421Z,null,2025-06-30T13:22:34.734596575Z,game ended,2025-06-30T13:24:51.429180554Z,1,2025-06-30T13:25:48.632809661Z,"{""age"":""32"",""gender"":""female"",""strength"":""interesting games"",""fair"":""yes, they were"",""feedback"":""well chatting with my teammates was not helpful at all"",""education"":""master""}",2025-06-30T13:25:48.63889189Z,"[[188,248],[58,118]]",2025-06-30T13:19:39.921951137Z,01JZ0F67ZBCBNFH7W25EXNBXDS,2025-06-30T13:10:23.464469853Z,4,2025-06-30T13:11:30.828589802Z,true,2025-06-30T13:12:22.323681786Z,,,Player 2,2025-06-30T13:15:26.12214859Z,7,2025-06-30T13:22:34.722267329Z,false,2025-06-30T13:23:59.840582232Z,01JZ0FBJGH7DG2MD7RGJGD8MP4,2025-06-30T13:10:23.451959378Z,AVERAGE PEOPLE,2025-06-30T13:19:39.921951137Z,"{""networkStruct"":""reciprocal"",""playerCount"":6}",2025-06-30T13:10:23.464469853Z,"Reciprocal, Redundancy",2025-06-30T13:10:23.464469853Z,{},2025-06-30T13:10:23.710022285Z,TaskQueue,2025-06-30T13:22:34.771808883Z
01JZ0V0BHD367W9MS1M0PZJGYW,true,2025-06-30T16:44:39.041502757Z,true,2025-06-30T16:44:32.96490618Z,,,neighborhood_8,2025-06-30T16:49:45.956738859Z,game ended,2025-06-30T16:49:52.526154027Z,1,2025-06-30T16:50:10.950073949Z,"{""age"":""50"",""gender"":""male"",""strength"":"""",""fair"":"""",""feedback"":"""",""education"":""bachelor""}",2025-06-30T16:50:10.913822544Z,"[[51,111],[143,203]]",2025-06-30T16:44:39.041502757Z,01JZ0TXMB9EHVXHHHV3J3SQY3A,2025-06-30T16:33:58.410973379Z,4,2025-06-30T16:35:04.936602086Z,true,2025-06-30T16:35:27.219609612Z,,,Player 2,2025-06-30T16:40:21.686717215Z,2,2025-06-30T16:49:41.94984188Z,false,2025-06-30T16:48:18.401306861Z,01JZ0V0B50TCA6SGD9KV39M7YG,2025-06-30T16:33:58.317833994Z,,,"{""networkStruct"":""pooled"",""playerCount"":6}",2025-06-30T16:33:58.410973379Z,"Pooled, Redundancy",2025-06-30T16:33:58.410973379Z,{},2025-06-30T16:33:58.561892278Z,TaskScreen,2025-06-30T16:49:46.011184296Z
01JZ0FAETV0DGAJW6J3NP3S5YD,true,2025-06-30T13:17:09.611622773Z,true,2025-06-30T13:17:01.656790885Z,,,null,2025-06-30T13:20:25.602348682Z,game ended,2025-06-30T13:22:20.485301618Z,1,2025-06-30T13:24:02.930159036Z,"{""age"":""34"",""gender"":""Male"",""strength"":""It was a fun game, it was a little frustrating to be sick"",""fair"":""It looks like good teamwork amongst everyone"",""feedback"":""n/a"",""education"":""bachelor""}",2025-06-30T13:24:02.852060562Z,"[[184,244],[21,81]]",2025-06-30T13:17:09.611622773Z,01JZ0F67ZPF4121D8VQV580KT1,2025-06-30T13:09:46.469587465Z,4,2025-06-30T13:10:28.827901059Z,true,2025-06-30T13:10:48.57947524Z,,,Player 2,2025-06-30T13:12:58.033618798Z,3,2025-06-30T13:20:25.610039306Z,false,2025-06-30T13:21:25.744240767Z,01JZ0FAEGS19Q8YZZ9VAQRF3GK,2025-06-30T13:09:46.459233233Z,,,"{""networkStruct"":""pooled"",""playerCount"":6}",2025-06-30T13:09:46.469587465Z,"Pooled, Redundancy",2025-06-30T13:09:46.469587465Z,{},2025-06-30T13:09:46.642180758Z,TaskQueue,2025-06-30T13:20:25.61964922Z
01JZ0H83RPH6CM1BGEWBZ1V4QM,true,2025-06-30T13:49:09.363311068Z,true,2025-06-30T13:49:01.691374977Z,,,neighborhood_3,2025-06-30T13:53:58.317700879Z,game ended,2025-06-30T13:54:20.154136812Z,1,2025-06-30T13:55:59.637702165Z,"{""age"":""29"",""gender"":""male"",""strength"":""I got \""sick\"" twice in a row with just a few seconds in between the sick phases. I don't know if that was as designed."",""fair"":""I hope so, I think they worked slow, but I hope they were accurate at least"",""feedback"":""Everything seems to work ok"",""education"":""high-school""}",2025-06-30T13:55:59.64311417Z,"[[131,191],[206,266]]",2025-06-30T13:49:09.363311068Z,01JZ0H1K7HVYD71R3W6V80C6V1,2025-06-30T13:43:43.499593922Z,4,2025-06-30T13:44:19.187646364Z,true,2025-06-30T13:44:56.762263795Z,,,Player 6,2025-06-30T13:44:56.874053753Z,3,2025-06-30T13:53:54.866418186Z,false,2025-06-30T13:53:47.113547393Z,01JZ0H839QMDSVNSRR1ZBZZD2T,2025-06-30T13:43:26.742460113Z,,,"{""networkStruct"":""pooled"",""playerCount"":6}",2025-06-30T13:43:26.774109726Z,"Pooled, Redundancy",2025-06-30T13:43:26.774109726Z,{},2025-06-30T13:43:27.00590539Z,TaskScreen,2025-06-30T13:53:58.330822349Z
01JZ0M20DM4T4V1KVQ5EQ5SJCQ,true,2025-06-30T14:42:32.418956253Z,true,2025-06-30T14:42:24.616378314Z,1,2025-06-30T14:46:47.896599989Z,neighborhood_5,2025-06-30T14:46:47.883501935Z,game ended,2025-06-30T14:47:43.291129142Z,1,2025-06-30T14:48:30.93191428Z,"{""age"":""27"",""gender"":""Male"",""strength"":"""",""fair"":"""",""feedback"":"""",""education"":""bachelor""}",2025-06-30T14:48:30.922660289Z,"[[62,122],[143,203]]",2025-06-30T14:42:32.418956253Z,01JZ0KZHH6W8XDVC696R9C92DG,2025-06-30T14:32:32.466608898Z,4,2025-06-30T14:36:14.51913373Z,true,2025-06-30T14:37:03.452320031Z,,,Player 2,2025-06-30T14:38:19.470517074Z,2,2025-06-30T14:46:46.690112546Z,false,2025-06-30T14:46:06.438893835Z,01JZ0M1ZXZ29MYK2T7Q8MT2JR0,2025-06-30T14:32:32.436731577Z,AVERAGE PEOPLE,2025-06-30T14:42:32.418956253Z,"{""networkStruct"":""reciprocal"",""playerCount"":6}",2025-06-30T14:32:32.466608898Z,"Reciprocal, Redundancy",2025-06-30T14:32:32.466608898Z,{},2025-06-30T14:32:32.676179285Z,TaskScreen,2025-06-30T14:46:47.869072927Z
01JZ0R6Q0YQ41FZ6FDY8FN8NJA,,,,,,,,,game ended,2025-06-30T15:58:26.587194704Z,,,,,,,01JZ0R44ZMT5HYXWVABB60AH0G,2025-06-30T15:45:01.003130254Z,4,2025-06-30T15:46:15.790374475Z,true,2025-06-30T15:46:35.743601716Z,true,2025-06-30T15:53:13.678802262Z,Player 2,2025-06-30T15:48:52.668438741Z,,,,,01JZ0R6PPQG02MNXG0GK7HHQZV,2025-06-30T15:45:00.958568252Z,,,"{""networkStruct"":""pooled"",""playerCount"":6}",2025-06-30T15:45:01.003130254Z,"Pooled, Redundancy",2025-06-30T15:45:01.003130254Z,{},2025-06-30T15:45:01.166088345Z,,
01JZ0RHR7ZDPJW0S3WKQW3BE5Q,,,,,,,,,no more games,2025-06-30T16:38:40.809469116Z,1,2025-06-30T15:51:46.947102735Z,"{""age"":""19"",""gender"":""Male"",""strength"":""n/a"",""fair"":""n/a"",""feedback"":""n/a"",""education"":""high-school""}",2025-06-30T15:51:46.971609349Z,,,null,2025-06-30T16:38:40.809469116Z,1,2025-06-30T15:51:21.130325491Z,,,,,,,,,,,01JZ0RHQJJA2P1J37YCV28YS47,2025-06-30T15:51:02.655224681Z,,,"{""networkStruct"":""reciprocal"",""playerCount"":6}",2025-06-30T15:51:02.704821984Z,"Reciprocal, Redundancy",2025-06-30T15:51:02.704821984Z,{},2025-06-30T15:51:03.17047905Z,,
01JZ0V235S6CZJYVFR20PRGSYA,,,,,,,,,game ended,2025-06-30T16:49:52.526154027Z,,,,,,,01JZ0TXMB9EHVXHHHV3J3SQY3A,2025-06-30T16:34:55.344897422Z,4,2025-06-30T16:34:58.057398507Z,true,2025-06-30T16:34:58.625469548Z,true,2025-06-30T16:44:39.041502757Z,Player 4,2025-06-30T16:40:21.686717215Z,,,,,01JZ0V2341VHCRF88A5D518KEM,2025-06-30T16:34:55.289386014Z,,,"{""networkStruct"":""pooled"",""playerCount"":6}",2025-06-30T16:34:55.344897422Z,"Pooled, Redundancy",2025-06-30T16:34:55.344897422Z,{},2025-06-30T16:34:55.378247177Z,,
01JZ0H9XDVSFP2KP78SR78XFKD,true,2025-06-30T13:48:55.552656034Z,true,2025-06-30T13:48:46.67856921Z,null,2025-06-30T13:51:32.377266696Z,null,2025-06-30T13:51:32.360863531Z,game ended,2025-06-30T13:54:06.415229142Z,1,2025-06-30T13:57:00.751242524Z,"{""age"":""48"",""gender"":""male"",""strength"":""It was so easy."",""fair"":""Yes they are helpful."",""feedback"":""I don't know."",""education"":""high-school""}",2025-06-30T13:57:00.635141814Z,"[[33,93],[150,210]]",2025-06-30T13:48:55.552656034Z,01JZ0H1K7A7HBJ5WZC7T99GVBX,2025-06-30T13:44:25.802262903Z,4,2025-06-30T13:44:31.009208987Z,true,2025-06-30T13:44:32.479136943Z,,,Player 6,2025-06-30T13:44:43.188143395Z,11,2025-06-30T13:51:32.367789386Z,false,2025-06-30T13:52:37.954919979Z,01JZ0H9WZDCXFXZM3KSV9TERHA,2025-06-30T13:44:25.788004267Z,AVERAGE PEOPLE,2025-06-30T13:48:55.552656034Z,"{""networkStruct"":""reciprocal"",""playerCount"":6}",2025-06-30T13:44:25.802262903Z,"Reciprocal, Redundancy",2025-06-30T13:44:25.802262903Z,{},2025-06-30T13:44:26.04964157Z,TaskQueue,2025-06-30T13:51:32.383875381Z
01JZ0JMPH3KH0C5BMSDT810FBT,,,,,,,,,no more games,2025-06-30T16:40:21.09783098Z,,,,,,,null,2025-06-30T16:40:21.09783098Z,4,2025-06-30T14:08:04.506195497Z,,,,,,,,,,,01JZ0JMP1FVMHVY5PWKW5RX7W5,2025-06-30T14:07:47.747359139Z,,,"{""networkStruct"":""pooled"",""playerCount"":6}",2025-06-30T14:07:47.761692897Z,"Pooled, Redundancy",2025-06-30T14:07:47.761692897Z,{},2025-06-30T14:07:48.074853182Z,,
01JZ0M1SCZW0JCV54MFTC7P4CZ,true,2025-06-30T14:44:46.014323483Z,true,2025-06-30T14:44:38.191010285Z,,,neighborhood_7,2025-06-30T14:49:36.711997448Z,game ended,2025-06-30T14:49:56.925103552Z,1,2025-06-30T14:50:58.345861967Z,"{""age"":""48"",""gender"":""male"",""strength"":""it was fun and challenging"",""fair"":""yes"",""feedback"":"""",""education"":""high-school""}",2025-06-30T14:50:58.35788612Z,"[[19,79],[136,196]]",2025-06-30T14:44:46.014323483Z,01JZ0KZHHC2JQ9380R79DSYF93,2025-06-30T14:32:25.264332693Z,4,2025-06-30T14:33:56.052672499Z,true,2025-06-30T14:34:35.392974095Z,,,Player 2,2025-06-30T14:40:33.303348072Z,2,2025-06-30T14:49:26.635998751Z,false,2025-06-30T14:48:20.500654104Z,01JZ0M1RXYN3AE9D3XHRZ2FMXZ,2025-06-30T14:32:25.247958038Z,,,"{""networkStruct"":""pooled"",""playerCount"":6}",2025-06-30T14:32:25.264332693Z,"Pooled, Redundancy",2025-06-30T14:32:25.264332693Z,{},2025-06-30T14:32:25.539634642Z,TaskScreen,2025-06-30T14:49:36.701992085Z
01JZ0HGWSWDB9W7FNBFATN69V9,,,,,,,,,no more games,2025-06-30T16:40:21.09783098Z,1,2025-06-30T13:55:11.114647968Z,"{""age"":""32"",""gender"":""Female"",""strength"":""I was unable to played the game"",""fair"":""i couldn't play the game, because i was not assigned any game"",""feedback"":""i didn't played the game"",""education"":""master""}",2025-06-30T13:55:11.066557663Z,,,null,2025-06-30T16:40:21.09783098Z,4,2025-06-30T13:49:08.701492355Z,,,,,,,,,,,01JZ0HGVF5G45ZJE1QETM0ZDCG,2025-06-30T13:48:14.524517242Z,,,"{""networkStruct"":""pooled"",""playerCount"":6}",2025-06-30T13:48:14.544393504Z,"Pooled, Redundancy",2025-06-30T13:48:14.544393504Z,{},2025-06-30T13:48:14.862721714Z,,
01JZ0JNFFC7EQBWHX80ZDTKTSW,true,2025-06-30T14:14:46.59471066Z,true,2025-06-30T14:14:38.90824589Z,,,null,2025-06-30T14:19:09.250641724Z,game ended,2025-06-30T14:19:57.888045151Z,1,2025-06-30T14:20:46.472022641Z,"{""age"":""35"",""gender"":""Male"",""strength"":""It was great to work in a team so I know I contribute not only for my but for other's success too."",""fair"":""I believe so because we solved all the tasks on time."",""feedback"":""NA"",""education"":""bachelor""}",2025-06-30T14:20:46.463621619Z,"[[168,228],[41,101]]",2025-06-30T14:14:46.59471066Z,01JZ0JJRMQ32S1DDP8PZN3RKEA,2025-06-30T14:08:13.309501899Z,4,2025-06-30T14:09:05.794430589Z,true,2025-06-30T14:09:34.3520116Z,,,Player 5,2025-06-30T14:10:34.358382813Z,2,2025-06-30T14:19:09.262992146Z,false,2025-06-30T14:18:44.207522025Z,01JZ0JNF0SKJGKBK0XPFF6ED43,2025-06-30T14:08:13.292043591Z,,,"{""networkStruct"":""pooled"",""playerCount"":6}",2025-06-30T14:08:13.309501899Z,"Pooled, Redundancy",2025-06-30T14:08:13.309501899Z,{},2025-06-30T14:08:13.57922701Z,TaskQueue,2025-06-30T14:19:09.236416241Z
01JZ0JST7DAB5363PZN8N5SPR0,,,,,,,,,no more games,2025-06-30T16:40:21.09783098Z,,,,,,,null,2025-06-30T16:40:21.09783098Z,4,2025-06-30T14:12:46.962438201Z,,,,,,,,,,,01JZ0JSSNWNJKZEZS2YD171VHC,2025-06-30T14:10:35.373400447Z,,,"{""networkStruct"":""pooled"",""playerCount"":6}",2025-06-30T14:10:35.489340307Z,"Pooled, Redundancy",2025-06-30T14:10:35.489340307Z,{},2025-06-30T14:10:35.782699519Z,,
01JZ0QM38JZ7CRCAE73CP91DA7,true,2025-06-30T15:42:26.795107984Z,true,2025-06-30T15:42:21.850763816Z,,,null,2025-06-30T15:47:30.192170902Z,game ended,2025-06-30T15:47:38.810233908Z,1,2025-06-30T15:48:16.189571381Z,"{""age"":""56"",""gender"":""female"",""strength"":""Good"",""fair"":""Yes"",""feedback"":""Better instructions"",""education"":""bachelor""}",2025-06-30T15:48:16.170520842Z,"[[25,85],[167,227]]",2025-06-30T15:42:26.795107984Z,01JZ0QGE4MQBM7ZJEFVQMWJX02,2025-06-30T15:34:50.926054421Z,4,2025-06-30T15:36:22.022107061Z,true,2025-06-30T15:36:56.215166309Z,,,Player 3,2025-06-30T15:38:12.844209337Z,2,2025-06-30T15:47:30.127382526Z,false,2025-06-30T15:46:26.700670573Z,01JZ0QM2XASQ0222X8F7JPA932,2025-06-30T15:34:50.898940751Z,,,"{""networkStruct"":""pooled"",""playerCount"":6}",2025-06-30T15:34:50.926054421Z,"Pooled, Redundancy",2025-06-30T15:34:50.926054421Z,{},2025-06-30T15:34:51.106787732Z,TaskQueue,2025-06-30T15:47:30.170249368Z
01JZ0SJ8C2JTDBBCYPNE6VJW23,,,,,,,,,game ended,2025-06-30T16:19:54.605038418Z,,,,,,,01JZ0S9G69Y1BMBR3KZBCDH0XZ,2025-06-30T16:08:47.824132801Z,4,2025-06-30T16:08:50.603215188Z,true,2025-06-30T16:08:51.107046558Z,true,2025-06-30T16:14:42.380539244Z,Player 5,2025-06-30T16:10:22.622466936Z,,,,,01JZ0SJ8A3Z460XHBNBX03378H,2025-06-30T16:08:47.746123155Z,,,"{""networkStruct"":""pooled"",""playerCount"":6}",2025-06-30T16:08:47.824132801Z,"Pooled, Redundancy",2025-06-30T16:08:47.824132801Z,{},2025-06-30T16:08:47.883918272Z,,
01JZ0FCSB181485J0F119VPBHD,true,2025-06-30T13:22:59.094054261Z,true,2025-06-30T13:22:55.510051344Z,,,neighborhood_6,2025-06-30T13:23:16.259676162Z,game ended,2025-06-30T13:28:10.35944934Z,,,,,"[[238,298],[138,198]]",2025-06-30T13:22:59.094054261Z,01JZ0F67Z9QH00F8GAYATW0H4D,2025-06-30T13:11:02.764534802Z,4,2025-06-30T13:12:01.234183054Z,true,2025-06-30T13:12:27.196337385Z,,,Player 3,2025-06-30T13:18:46.184963331Z,,,true,2025-06-30T13:27:46.778976081Z,01JZ0FCQNP1RV7KKQMQQF5H2RR,2025-06-30T13:11:02.753977403Z,,,"{""networkStruct"":""pooled"",""playerCount"":6}",2025-06-30T13:11:02.764534802Z,"Pooled, Redundancy",2025-06-30T13:11:02.764534802Z,{},2025-06-30T13:11:03.13198538Z,TaskScreen,2025-06-30T13:23:16.267301643Z
01JZ0JN7RSB9BF97M9JFFC8QWA,true,2025-06-30T14:18:20.820616097Z,true,2025-06-30T14:18:12.93820045Z,,,null,2025-06-30T14:22:58.077894976Z,game ended,2025-06-30T14:23:31.86661332Z,1,2025-06-30T14:24:06.532832331Z,"{""age"":""45"",""gender"":""Male"",""strength"":""Unsure"",""fair"":""I think so"",""feedback"":""The game is fine"",""education"":""bachelor""}",2025-06-30T14:24:06.524626547Z,"[[75,135],[7,67]]",2025-06-30T14:18:20.820616097Z,01JZ0JJRM7K0MBX3MKCVTKC5NR,2025-06-30T14:08:05.422959128Z,4,2025-06-30T14:08:21.750376024Z,true,2025-06-30T14:08:29.00600728Z,,,Player 1,2025-06-30T14:14:07.441915425Z,4,2025-06-30T14:22:58.064198034Z,false,2025-06-30T14:20:47.156673659Z,01JZ0JN7DCZTK90KJBSSGRT5G2,2025-06-30T14:08:05.401092282Z,,,"{""networkStruct"":""pooled"",""playerCount"":6}",2025-06-30T14:08:05.422959128Z,"Pooled, Redundancy",2025-06-30T14:08:05.422959128Z,{},2025-06-30T14:08:05.613079064Z,TaskQueue,2025-06-30T14:22:58.070933889Z
