id,batchID,batchIDLastChangedAt,gameID,gameIDLastChangedAt,playerID,playerIDLastChangedAt,roundID,roundIDLastChangedAt,stageID,stageIDLastChangedAt
01JZ17S8QMPTNHSE5Q91P329CB,01JZ170DPRHYGRH6M74WMGZ8J5,2025-06-30T20:17:17.556536091Z,01JZ170DS434CCJM920VN081CV,2025-06-30T20:17:17.556536091Z,01JZ17AXNB63XKGBKW724P24XM,2025-06-30T20:17:17.556536091Z,01JZ17HX1BGQ137FDPYSARB5NT,2025-06-30T20:17:17.556536091Z,01JZ17HX2WGK4SH5ACH7AKGKY9,2025-06-30T20:17:17.556536091Z
01JZ17VX3CVZX48VB1VPNWRH16,01JZ170DPRHYGRH6M74WMGZ8J5,2025-06-30T20:18:43.948418728Z,01JZ170DRWH3Q5VEKFYTCWXCB9,2025-06-30T20:18:43.948418728Z,01JZ17HZPCKK6WHFW0W029CFVG,2025-06-30T20:18:43.948418728Z,01JZ17M63THTS8VR02B734BA3Z,2025-06-30T20:18:43.948418728Z,01JZ17M68BK07EYSC18JFC5CY6,2025-06-30T20:18:43.948418728Z
01JZ18W7TWW7AW44JX048MTKAX,01JZ18G4TN4FH7205KTQTFE7PM,2025-06-30T20:36:23.516148059Z,01JZ18G4ZZG5A688HVVJGKBFVW,2025-06-30T20:36:23.516148059Z,01JZ18K484MAW8WSQHH7HSG9Z4,2025-06-30T20:36:23.516148059Z,01JZ18RFQ4W09NKQ14XZ3KQN1E,2025-06-30T20:36:23.516148059Z,01JZ18RFVKATYSB1M62D2NFA75,2025-06-30T20:36:23.516148059Z
01JZ18YC07V53AH3WPMK199351,01JZ18G4TN4FH7205KTQTFE7PM,2025-06-30T20:37:33.319059229Z,01JZ18G50PJASP911XB82AW46K,2025-06-30T20:37:33.319059229Z,01JZ18JWY9W1XWEWVGSNZXRKZN,2025-06-30T20:37:33.319059229Z,01JZ18P6NXZT0V7P3PR4SE8Z8C,2025-06-30T20:37:33.319059229Z,01JZ18P75BTA8J8ZN86RAF6NTB,2025-06-30T20:37:33.319059229Z
01JZ1AGPBB24D588836Q89DAQF,01JZ19VEXCKVX740B60X4W6PQN,2025-06-30T21:05:02.316051615Z,01JZ19VF9WCS5BMDRCPXZK6ZBF,2025-06-30T21:05:02.316051615Z,01JZ1A5BC93T1VSNTPVNANBKKY,2025-06-30T21:05:02.316051615Z,01JZ1A8RS6D439ZX1WYM84CQP1,2025-06-30T21:05:02.316051615Z,01JZ1A8S60ZA8S8V5F0HDNHNSP,2025-06-30T21:05:02.316051615Z
01JZ1ATVB3Y2NHRVAPG3XKKQNB,01JZ19VEXCKVX740B60X4W6PQN,2025-06-30T21:10:35.107776858Z,01JZ19VF3FCDRKA7RA8CE3SQDH,2025-06-30T21:10:35.107776858Z,01JZ19ZRSF0H44Y7P62WF2M80H,2025-06-30T21:10:35.107776858Z,01JZ1AK0FG87FE5VK2WQYRA4AC,2025-06-30T21:10:35.107776858Z,01JZ1AK0XDV6365RMXQC0X30PG,2025-06-30T21:10:35.107776858Z
01JZ1GWCF459F3NRPGP6FWPGR2,01JZ1G29Q82GQAKEXSK2E7NK3R,2025-06-30T22:56:16.868300347Z,01JZ1G29XRNS92G9JYEX4H033M,2025-06-30T22:56:16.868300347Z,01JZ1GGT9KDQPYVBYTSYY1MHFW,2025-06-30T22:56:16.868300347Z,01JZ1GM6DB22EFXGY7Q9EF30Y5,2025-06-30T22:56:16.868300347Z,01JZ1GM73J8VEAS9CW3DT8H7EK,2025-06-30T22:56:16.868300347Z
01JZ17X6EEWA8XEJEDJNW4YF9A,01JZ170DPRHYGRH6M74WMGZ8J5,2025-06-30T20:19:26.286492584Z,01JZ170DS0283SZNEN95XAWWS4,2025-06-30T20:19:26.286492584Z,01JZ17J8N9NAW1ASAH1NWPJBAP,2025-06-30T20:19:26.286492584Z,01JZ17NT7EMFQXG1J8BV4ZA47S,2025-06-30T20:19:26.286492584Z,01JZ17NTAT5PYSK8MFEYTY9GVR,2025-06-30T20:19:26.286492584Z
01JZ1DD1FM6VZ3G80K38K7Z7QH,01JZ1D0RX94M7HHBAJDNGV8QRS,2025-06-30T21:55:28.372255843Z,01JZ1D0S58CJJ0G6BA8AW8ZVCS,2025-06-30T21:55:28.372255843Z,01JZ1D6ZQPM67S4BNXG3Y9BBD9,2025-06-30T21:55:28.372255843Z,01JZ1D972VTRZHGE4AKVG9RETY,2025-06-30T21:55:28.372255843Z,01JZ1D97C0ZWQDPX1XX9R1HSCW,2025-06-30T21:55:28.372255843Z
01JZ1DM607SR6NHAK3T34F31N3,01JZ1D0RX94M7HHBAJDNGV8QRS,2025-06-30T21:59:22.375521087Z,01JZ1D0S14X3T6948SDJVF454K,2025-06-30T21:59:22.375521087Z,01JZ1D3Y76V55J2284DH2783V0,2025-06-30T21:59:22.375521087Z,01JZ1DCMPT24SY5ZG1DM3G6TK4,2025-06-30T21:59:22.375521087Z,01JZ1DCN3H6C8558V191EKWT8C,2025-06-30T21:59:22.375521087Z
01JZ1AH0X9SXJFRQVJMJWNVYN3,01JZ19VEXCKVX740B60X4W6PQN,2025-06-30T21:05:13.129536684Z,01JZ19VF9WCS5BMDRCPXZK6ZBF,2025-06-30T21:05:13.129536684Z,01JZ19XSD6SYGG49Q271DJ23J5,2025-06-30T21:05:13.129536684Z,01JZ1A8RRMDWP0AE0XY4GVAREN,2025-06-30T21:05:13.129536684Z,01JZ1A8S8W2CM5YMQB7BGVDZGF,2025-06-30T21:05:13.129536684Z
01JZ17W8157BGJ5BVMYRN0XZYJ,01JZ170DPRHYGRH6M74WMGZ8J5,2025-06-30T20:18:55.141598931Z,01JZ170DRV33K8D9D9ZMQKAW2D,2025-06-30T20:18:55.141598931Z,01JZ17F29KQA44VJC80QGCAS6X,2025-06-30T20:18:55.141598931Z,01JZ17PPGX7JSSK85PVP6H7NR4,2025-06-30T20:18:55.141598931Z,01JZ17PPKVJSY2KQZ4NEMQSJWF,2025-06-30T20:18:55.141598931Z
01JZ17WVW5GH2DH4JYB9SGCEH8,01JZ170DPRHYGRH6M74WMGZ8J5,2025-06-30T20:19:15.461214793Z,01JZ170DS5DJKXJ3Z7YVJKJJXK,2025-06-30T20:19:15.461214793Z,01JZ1763ZE1VD7FNYG3WZHGCWZ,2025-06-30T20:19:15.461214793Z,01JZ17QA5NP4NCPJJVMNCZ9F7W,2025-06-30T20:19:15.461214793Z,01JZ17QA88YGJK5Z767Z5YN7Y4,2025-06-30T20:19:15.461214793Z
01JZ18QY5F62Z9X4B4E9JP6WRY,01JZ18G4TN4FH7205KTQTFE7PM,2025-06-30T20:34:02.543981899Z,01JZ18G4YK3PSP6R2PNWBA4P8S,2025-06-30T20:34:02.543981899Z,01JZ18JABGMJD5Y1TTH0BJFJ2C,2025-06-30T20:34:02.543981899Z,01JZ18QWBRR3KN0B62DES46FPE,2025-06-30T20:34:02.543981899Z,01JZ18QWCRY9JA2H8F09Y0GPWX,2025-06-30T20:34:02.543981899Z
01JZ18Y5Y3SWETV2HRKKYWVGB7,01JZ18G4TN4FH7205KTQTFE7PM,2025-06-30T20:37:27.107240788Z,01JZ18G4Y1ABZPJ815NAWEN19T,2025-06-30T20:37:27.107240788Z,01JZ18HGDSE2JWMVWW1YEZN8Q5,2025-06-30T20:37:27.107240788Z,01JZ18PMFB1RM4KC0PGZ592WHC,2025-06-30T20:37:27.107240788Z,01JZ18PMMB3RYW5S37W68XT56Q,2025-06-30T20:37:27.107240788Z
01JZ190AR14RC03NR2VPD1TZ88,01JZ18QHX9XGN83K6T42FK97D5,2025-06-30T20:38:37.569677601Z,01JZ18QHYY9H3H8G0D5BR000CA,2025-06-30T20:38:37.569677601Z,01JZ18YPQMX7TQXCKGYZNA73VF,2025-06-30T20:38:37.569677601Z,01JZ1903AFQ46DQQCHMAXT5VXE,2025-06-30T20:38:37.569677601Z,01JZ1903RH8M0N7VGXPV5NVFE7,2025-06-30T20:38:37.569677601Z
01JZ191DTHSWJNA7JKN4X6SA83,01JZ18G4TN4FH7205KTQTFE7PM,2025-06-30T20:39:13.489404736Z,01JZ18G508W9SSEDAT6B79GZND,2025-06-30T20:39:13.489404736Z,01JZ18JN66MX5CA0E4FYBV08Y2,2025-06-30T20:39:13.489404736Z,01JZ18STGY49XDG4HG71EG50TV,2025-06-30T20:39:13.489404736Z,01JZ18STZBD4RY1B2XM7NFCSF9,2025-06-30T20:39:13.489404736Z
01JZ1AE5RX2C64E24FGZAAED9G,01JZ19VEXCKVX740B60X4W6PQN,2025-06-30T21:03:39.806063293Z,01JZ19VF81DTYMGWYB0TAJKDWY,2025-06-30T21:03:39.806063293Z,01JZ1A7CX8Z1SNGPWK47XB0JNS,2025-06-30T21:03:39.806063293Z,01JZ1AABK962FFJZTPD33N3VKP,2025-06-30T21:03:39.806063293Z,01JZ1AAC10R1ZEDDYXJ5GXAQNR,2025-06-30T21:03:39.806063293Z
01JZ1AQE5YG7W413XFWVJTD80E,01JZ19VEXCKVX740B60X4W6PQN,2025-06-30T21:08:43.326593218Z,01JZ19VF4XXDC5SP97SM18G8VM,2025-06-30T21:08:43.326593218Z,01JZ1AFP0ZSM5GDN23SMJMVZTW,2025-06-30T21:08:43.326593218Z,01JZ1AQBF58925C38R5NVE04TV,2025-06-30T21:08:43.326593218Z,01JZ1AQBKKZ7EHDYEBGGQJ06YK,2025-06-30T21:08:43.326593218Z
01JZ1BSGKSZ3MYFHZKXVCQ9V93,01JZ1B1VZ9TM9N3252XVVAH9DZ,2025-06-30T21:27:19.929599948Z,01JZ1B1W5TAZ0C76DBH0ZAEY5X,2025-06-30T21:27:19.929599948Z,01JZ1B4W32576VKF9GY80WC648,2025-06-30T21:27:19.929599948Z,01JZ1BNNFF9MV2BR5CAE8TGEYC,2025-06-30T21:27:19.929599948Z,01JZ1BNP4DESZ5QDB1Z8RGHMBQ,2025-06-30T21:27:19.929599948Z
01JZ17HP8BQYAQ27N89V0WHZ2K,01JZ170DPRHYGRH6M74WMGZ8J5,2025-06-30T20:13:09.259358826Z,01JZ170DS8YWG03GZVY59N3JD0,2025-06-30T20:13:09.259358826Z,01JZ17AFTYKZ447G4RP003MK6R,2025-06-30T20:13:09.259358826Z,01JZ17HNMC395BYG9QN2MAW1BJ,2025-06-30T20:13:09.259358826Z,01JZ17HNNBDSKJPBCEMDRJ55ZA,2025-06-30T20:13:09.259358826Z
01JZ17M7GQ45BPRPGZE0Z10916,01JZ170DPRHYGRH6M74WMGZ8J5,2025-06-30T20:14:32.472022559Z,01JZ170DRWH3Q5VEKFYTCWXCB9,2025-06-30T20:14:32.472022559Z,01JZ179X6Q4FCZN7X4TNMWRQ73,2025-06-30T20:14:32.472022559Z,01JZ17M636G6YCD0BAJGQEKJNP,2025-06-30T20:14:32.472022559Z,01JZ17M64R492KMA984HJQH40R,2025-06-30T20:14:32.472022559Z
01JZ18ZPTK85XR7PYNC0A6ZQY9,01JZ18G4TN4FH7205KTQTFE7PM,2025-06-30T20:38:17.171476553Z,01JZ18G512YK4K14AJW1A4KQT5,2025-06-30T20:38:17.171476553Z,01JZ18HJZ7HRTKHV6ZZJ67914M,2025-06-30T20:38:17.171476553Z,01JZ18R8CKMG9A39402BQ4NWM2,2025-06-30T20:38:17.171476553Z,01JZ18R8HNH0RJEQ541QGANZP7,2025-06-30T20:38:17.171476553Z
01JZ1AMCGES5FMQCKE634J0CD3,01JZ19VEXCKVX740B60X4W6PQN,2025-06-30T21:07:03.310925651Z,01JZ19VF6XEW5FG377QGXCTRD1,2025-06-30T21:07:03.310925651Z,01JZ19XENNWSXAPJJVN05DNY45,2025-06-30T21:07:03.310925651Z,01JZ1ACG6Q17P2Z830VCFRQ76D,2025-06-30T21:07:03.310925651Z,01JZ1ACGJ96F90R72HKQEPR1FT,2025-06-30T21:07:03.310925651Z
01JZ1BSHTE90RA991WXJR2M1BY,01JZ1B1VZ9TM9N3252XVVAH9DZ,2025-06-30T21:27:21.166916621Z,01JZ1B1W46BH5YH0XYSE8KJRBK,2025-06-30T21:27:21.166916621Z,01JZ1B88RR65Q9PG31DJTYC075,2025-06-30T21:27:21.166916621Z,01JZ1BJ1CD7PGGMV0A6YRMHSQJ,2025-06-30T21:27:21.166916621Z,01JZ1BJ1Q3JY8NWMAF904NVX9Y,2025-06-30T21:27:21.166916621Z
01JZ17QS1A9KMDQ7251Z8V61YZ,01JZ170DPRHYGRH6M74WMGZ8J5,2025-06-30T20:16:28.714380886Z,01JZ170DSTXK5Z1DV671606E6A,2025-06-30T20:16:28.714380886Z,01JZ17CV56KYXDEZD0V6G3R2C0,2025-06-30T20:16:28.714380886Z,01JZ17J85FH6ZCHDJEZZH3F672,2025-06-30T20:16:28.714380886Z,01JZ17J87519JCK2AZYDFXS31M,2025-06-30T20:16:28.714380886Z
01JZ1AEFP26DYYRHCT9DNMJDG5,01JZ19VEXCKVX740B60X4W6PQN,2025-06-30T21:03:49.954973716Z,01JZ19VF6XEW5FG377QGXCTRD1,2025-06-30T21:03:49.954973716Z,01JZ1A8X5PJAXZBFXHM3C9X96V,2025-06-30T21:03:49.954973716Z,01JZ1ACG5AA6PRZ7WAEJWMNX2A,2025-06-30T21:03:49.954973716Z,01JZ1ACGD84SZVTVPHYZMCSWFJ,2025-06-30T21:03:49.954973716Z
01JZ1AH0WNHNGANFCHFG7FMD6G,01JZ19VEXCKVX740B60X4W6PQN,2025-06-30T21:05:13.109598978Z,01JZ19VF9WCS5BMDRCPXZK6ZBF,2025-06-30T21:05:13.109598978Z,01JZ19Y0QS6ZDMVQR73DRR23RB,2025-06-30T21:05:13.109598978Z,01JZ1A8RRMDWP0AE0XY4GVAREN,2025-06-30T21:05:13.109598978Z,01JZ1A8S8W2CM5YMQB7BGVDZGF,2025-06-30T21:05:13.109598978Z
01JZ1BK5JGJWGW0CVVJEJEJV5K,01JZ1B1VZ9TM9N3252XVVAH9DZ,2025-06-30T21:23:52.016301882Z,01JZ1B1W5AJ9N87HJBZ99HRQPJ,2025-06-30T21:23:52.016301882Z,01JZ1B4M3WKZR9J1GGJ7PR0S32,2025-06-30T21:23:52.016301882Z,01JZ1BB7HHYBBSVM85QTV97ZMB,2025-06-30T21:23:52.016301882Z,01JZ1BB7YG1FHERX8XKE8XA5AC,2025-06-30T21:23:52.016301882Z
01JZ1BY4S6JRHFJAENG20C692D,01JZ1B1VZ9TM9N3252XVVAH9DZ,2025-06-30T21:29:51.655013511Z,01JZ1B1W4RP0VXDDKCJTNKM3AX,2025-06-30T21:29:51.655013511Z,01JZ1BH96VSCAX0MRZ5GVT0SBR,2025-06-30T21:29:51.655013511Z,01JZ1BNYAYY2K6CJZRYSXBEGH5,2025-06-30T21:29:51.655013511Z,01JZ1BNYWC468MPKMH5JETRX7A,2025-06-30T21:29:51.655013511Z
01JZ17G7J161RKEQYKBJ4NS2WC,01JZ170DPRHYGRH6M74WMGZ8J5,2025-06-30T20:12:21.441161359Z,01JZ170DRSFZ9Y16965WN1Z2F9,2025-06-30T20:12:21.441161359Z,01JZ17AK41GP2DW5ZS1AJ3K35J,2025-06-30T20:12:21.441161359Z,01JZ17G70CK9Q7FFZCZJ2KGMZQ,2025-06-30T20:12:21.441161359Z,01JZ17G717SS73NQTZKCSMHBWK,2025-06-30T20:12:21.441161359Z
01JZ17WNMKZMDE7B4Y8X82BF9F,01JZ170DPRHYGRH6M74WMGZ8J5,2025-06-30T20:19:09.075803325Z,01JZ170DSMJZPS89ZBMFZ7ATK7,2025-06-30T20:19:09.075803325Z,01JZ17411GFTP23ZXM1AB7D9NA,2025-06-30T20:19:09.075803325Z,01JZ17MYEV0AG6XJGH9VVJQXPH,2025-06-30T20:19:09.075803325Z,01JZ17MYPS2K5MNF432JBFSPAV,2025-06-30T20:19:09.075803325Z
01JZ18VPJD1T1VJ7SK0H0DM2Y8,01JZ18G4TN4FH7205KTQTFE7PM,2025-06-30T20:36:05.837722647Z,01JZ18G4YK3PSP6R2PNWBA4P8S,2025-06-30T20:36:05.837722647Z,01JZ18K6XVG6N44078RFW6M633,2025-06-30T20:36:05.837722647Z,01JZ18QWBAHK4T4H0VEYDTYNA4,2025-06-30T20:36:05.837722647Z,01JZ18QWF0B0N502EC0XGZD96A,2025-06-30T20:36:05.837722647Z
01JZ1AV60FCVHBPTBSC0RECABW,01JZ19VEXCKVX740B60X4W6PQN,2025-06-30T21:10:46.031725187Z,01JZ19VF3FCDRKA7RA8CE3SQDH,2025-06-30T21:10:46.031725187Z,01JZ1AJWEBWSA9H9YV5TJD6D6N,2025-06-30T21:10:46.031725187Z,01JZ1AK0ET9HBHSSG0V60ZD9G1,2025-06-30T21:10:46.031725187Z,01JZ1AK0ZXKEPQK3R3R93JFQZP,2025-06-30T21:10:46.031725187Z
01JZ1DD2PYACGBHYEZDME86VFF,01JZ1D0RX94M7HHBAJDNGV8QRS,2025-06-30T21:55:29.63055099Z,01JZ1D0S2S8SEBXETFQJSTGM5V,2025-06-30T21:55:29.63055099Z,01JZ1D322QVYNT268ZSCN1M2TD,2025-06-30T21:55:29.63055099Z,01JZ1D77TJ31JQY4W7YSZVV4R8,2025-06-30T21:55:29.63055099Z,01JZ1D78JZB1AME7TTABD6CEHT,2025-06-30T21:55:29.63055099Z
01JZ1DGFCJX5M4RF2AEH12TBNE,01JZ1D0RX94M7HHBAJDNGV8QRS,2025-06-30T21:57:20.914755548Z,01JZ1D0S14X3T6948SDJVF454K,2025-06-30T21:57:20.914755548Z,01JZ1D4M3DA9VHJGDM7TJDNSPA,2025-06-30T21:57:20.914755548Z,01JZ1DCMNY0VAHZRBKPHM6R6CB,2025-06-30T21:57:20.914755548Z,01JZ1DCMZAN4A7D3RG8CVBAZ9Q,2025-06-30T21:57:20.914755548Z
01JZ17NK37B9E96KZW6E9C8E1T,01JZ170DPRHYGRH6M74WMGZ8J5,2025-06-30T20:15:17.095162598Z,01JZ170DS434CCJM920VN081CV,2025-06-30T20:15:17.095162598Z,01JZ17DF0FPMATGYC1VKMVTRWC,2025-06-30T20:15:17.095162598Z,01JZ17HX0ZXKJ4A0TXNHXA38XE,2025-06-30T20:15:17.095162598Z,01JZ17HX29RXA2F91504PRNF2V,2025-06-30T20:15:17.095162598Z
01JZ17NP0X1W33H3ZRZ3XSK2XJ,01JZ170DPRHYGRH6M74WMGZ8J5,2025-06-30T20:15:20.09339343Z,01JZ170DRRRWN613C5WJQ8B5Q6,2025-06-30T20:15:20.09339343Z,01JZ179PSK7PR9GXW3K753Z7EA,2025-06-30T20:15:20.09339343Z,01JZ17G525MGXJWBMSF6HV25RV,2025-06-30T20:15:20.09339343Z,01JZ17G53ZM6CEB81ZA344VWG3,2025-06-30T20:15:20.09339343Z
01JZ17QJV16K3K0Z87W271B8FC,01JZ170DPRHYGRH6M74WMGZ8J5,2025-06-30T20:16:22.370024567Z,01JZ170DRSFZ9Y16965WN1Z2F9,2025-06-30T20:16:22.370024567Z,01JZ17AQQS59T0RTXR5VNB3ZRC,2025-06-30T20:16:22.370024567Z,01JZ17G70TM6EWY78GFBKAH2E9,2025-06-30T20:16:22.370024567Z,01JZ17G72TBMVDY3HE0ARP6X8X,2025-06-30T20:16:22.370024567Z
01JZ17YDMDBQ37CE1Y980EQ7S8,01JZ170DPRHYGRH6M74WMGZ8J5,2025-06-30T20:20:06.413547482Z,01JZ170DRV33K8D9D9ZMQKAW2D,2025-06-30T20:20:06.413547482Z,01JZ17DQR0WXBVGZE5VFC3T0EF,2025-06-30T20:20:06.413547482Z,01JZ17PPHXYGVWTQWQ3EC28RK2,2025-06-30T20:20:06.413547482Z,01JZ17PPN70GGETHBSX3JG0VWX,2025-06-30T20:20:06.413547482Z
01JZ1BXT0FV5RASC1YC7MHB2GR,01JZ1B1VZ9TM9N3252XVVAH9DZ,2025-06-30T21:29:40.623388938Z,01JZ1B1W4RP0VXDDKCJTNKM3AX,2025-06-30T21:29:40.623388938Z,01JZ1B44NJ2M66S6K1HNVCZ08H,2025-06-30T21:29:40.623388938Z,01JZ1BNY9GCVDPARZTZ60Y7363,2025-06-30T21:29:40.623388938Z,01JZ1BNYS4AH4S6DP8CSD8F0JW,2025-06-30T21:29:40.623388938Z
01JZ1DJAHVY0N77EEN3YB1WR7V,01JZ1D0RX94M7HHBAJDNGV8QRS,2025-06-30T21:58:21.499220783Z,01JZ1D0S14X3T6948SDJVF454K,2025-06-30T21:58:21.499220783Z,01JZ1D4SCYXBMNQ70R3B47BMPE,2025-06-30T21:58:21.499220783Z,01JZ1DCMNY0VAHZRBKPHM6R6CB,2025-06-30T21:58:21.499220783Z,01JZ1DCN0DWX50S4DARC1YNR0D,2025-06-30T21:58:21.499220783Z
01JZ1F1VQ2SZ1AYS1HQXFXNKFN,01JZ1E916HBESJXS5SJ82BFZ21,2025-06-30T22:24:19.17084901Z,01JZ1E91WFH0SPDF0PZ6G1349X,2025-06-30T22:24:19.17084901Z,01JZ1ENXKQ8QM070MZA5HYVVNG,2025-06-30T22:24:19.17084901Z,01JZ1EY0RN0AQVXD4S7119EDC2,2025-06-30T22:24:19.17084901Z,01JZ1EY1BXYPYZXD1GT651SNBA,2025-06-30T22:24:19.17084901Z
01JZ17QMG0VYHK929VMZX8F269,01JZ170DPRHYGRH6M74WMGZ8J5,2025-06-30T20:16:24.064377624Z,01JZ170DSXXMDA003X79NFA4N0,2025-06-30T20:16:24.064377624Z,01JZ179JK7EB00XG1XXC6JXGYV,2025-06-30T20:16:24.064377624Z,01JZ17NRSETRAHA86XGKD3ZGNV,2025-06-30T20:16:24.064377624Z,01JZ17NRTWNPJ7D39Z7SR6T2JP,2025-06-30T20:16:24.064377624Z
01JZ18ZZAGSRP3KZ23K4VF9MYN,01JZ18G4TN4FH7205KTQTFE7PM,2025-06-30T20:38:25.872390032Z,01JZ18G4ZZG5A688HVVJGKBFVW,2025-06-30T20:38:25.872390032Z,01JZ18N06YG4ZMSQQQ92S1PQNP,2025-06-30T20:38:25.872390032Z,01JZ18RFRDFAMMNBDDR8ZFEFZN,2025-06-30T20:38:25.872390032Z,01JZ18RFXSEQ2N657BWC024J6D,2025-06-30T20:38:25.872390032Z
01JZ1AHW00WG9VFH9J8X25SZJ5,01JZ19VEXCKVX740B60X4W6PQN,2025-06-30T21:05:40.86413259Z,01JZ19VF81DTYMGWYB0TAJKDWY,2025-06-30T21:05:40.86413259Z,01JZ1A7CX8Z1SNGPWK47XB0JNS,2025-06-30T21:05:40.86413259Z,01JZ1AABQSYES8GH0EQS7AKYST,2025-06-30T21:05:40.86413259Z,01JZ1AAC5RRCPS56AP7RN6N1RK,2025-06-30T21:05:40.86413259Z
01JZ1FB34YFG8ZTDQAP7SPR0EV,01JZ1E916HBESJXS5SJ82BFZ21,2025-06-30T22:29:21.694234238Z,01JZ1E91ENR7DC2PFTK7ZY5PTJ,2025-06-30T22:29:21.694234238Z,01JZ1EESNEX1G6N7P06E41EYRK,2025-06-30T22:29:21.694234238Z,01JZ1F70RJ6JX7FR0QPB30BKG3,2025-06-30T22:29:21.694234238Z,01JZ1F710VPCAQRCAJ448C7HE9,2025-06-30T22:29:21.694234238Z
01JZ17JCR8B10VPS0PB8YRZEM7,01JZ170DPRHYGRH6M74WMGZ8J5,2025-06-30T20:13:32.296296461Z,01JZ170DSBT7R80F1BC6BFNZAP,2025-06-30T20:13:32.296296461Z,01JZ177S5KY8F9N4218V4EVNPY,2025-06-30T20:13:32.296296461Z,01JZ17JC2RA6WXF9ZF2QJYR7ZN,2025-06-30T20:13:32.296296461Z,01JZ17JC3JVXWHSPJFMB90X3QA,2025-06-30T20:13:32.296296461Z
01JZ18YDWQTXYKK1C627D073G6,01JZ18G4TN4FH7205KTQTFE7PM,2025-06-30T20:37:35.255573445Z,01JZ18G4X5EPR69QT64DVYQXFJ,2025-06-30T20:37:35.255573445Z,01JZ18J0PFCTBHRZ327Y7ADC0R,2025-06-30T20:37:35.255573445Z,01JZ18PAQPXAB9KP38CAA042W4,2025-06-30T20:37:35.255573445Z,01JZ18PAYS1PHK1KKPBPBPHKTP,2025-06-30T20:37:35.255573445Z
01JZ1965PNS3EBV27EVYKZ2XG1,01JZ18R9CHSHJ2BAJZ4M4PAW2X,2025-06-30T20:41:49.013176411Z,01JZ18RA48YSHMY5EWBJ9E61V2,2025-06-30T20:41:49.013176411Z,01JZ18ZEQE5SB9NASAZX93YXN4,2025-06-30T20:41:49.013176411Z,01JZ192CMQ10Q5BYZGXB0BD1QB,2025-06-30T20:41:49.013176411Z,01JZ192D4D5D8SR27NWXABKPAQ,2025-06-30T20:41:49.013176411Z
01JZ1A4Z9XMM7QNMF3KMWPT08F,01JZ19VEXCKVX740B60X4W6PQN,2025-06-30T20:58:38.270018036Z,01JZ19VF1X4TGM9HTAVFF08YB3,2025-06-30T20:58:38.270018036Z,01JZ19YP19TRXJV609GHDS9029,2025-06-30T20:58:38.270018036Z,01JZ1A31STNBCB1FNASKSH9RM4,2025-06-30T20:58:38.270018036Z,01JZ1A323DMK00TV9154PS4RVT,2025-06-30T20:58:38.270018036Z
01JZ1BJ5E5VYBKTX62TE5FJXG7,01JZ1B1VZ9TM9N3252XVVAH9DZ,2025-06-30T21:23:19.109246131Z,01JZ1B1W6S117BH8HCA7NH9R7E,2025-06-30T21:23:19.109246131Z,01JZ1B3PFQZWK1B01E0NW7J1B1,2025-06-30T21:23:19.109246131Z,01JZ1BAHDKSRY9Y8MMEK86CJS4,2025-06-30T21:23:19.109246131Z,01JZ1BAHTJ9DNZD6W2WDN8KC6P,2025-06-30T21:23:19.109246131Z
01JZ1BJT6NX0GMMWSQQGHEKWQC,01JZ1B1VZ9TM9N3252XVVAH9DZ,2025-06-30T21:23:40.373806081Z,01JZ1B1W5AJ9N87HJBZ99HRQPJ,2025-06-30T21:23:40.373806081Z,01JZ1B7J9GMSKP5R199VT378SX,2025-06-30T21:23:40.373806081Z,01JZ1BB7J8Y8W753ARSJ77X4CV,2025-06-30T21:23:40.373806081Z,01JZ1BB7W6W7V0P8VBTA6CVNWM,2025-06-30T21:23:40.373806081Z
01JZ1DT1PEWQ2A33PBVYMK4WTT,01JZ1D0RX94M7HHBAJDNGV8QRS,2025-06-30T22:02:34.574384495Z,01JZ1D0S3N2D9DCG3EHS8AP4R1,2025-06-30T22:02:34.574384495Z,01JZ1D7D81NBZRDY8M09FZNXH6,2025-06-30T22:02:34.574384495Z,01JZ1DJBDTNACWNJN067YDS3Z6,2025-06-30T22:02:34.574384495Z,01JZ1DJC2K5HVPGJ5FWZMFHM1X,2025-06-30T22:02:34.574384495Z
01JZ17YQR9WD8WNZ13QGT7FF8Q,01JZ170DPRHYGRH6M74WMGZ8J5,2025-06-30T20:20:16.77787781Z,01JZ170DRV33K8D9D9ZMQKAW2D,2025-06-30T20:20:16.77787781Z,01JZ17F29KQA44VJC80QGCAS6X,2025-06-30T20:20:16.77787781Z,01JZ17PPHN9RJYD8FZ3BDFYGXP,2025-06-30T20:20:16.77787781Z,01JZ17PPNWAQQ4EQFRJXVTMCA6,2025-06-30T20:20:16.77787781Z
01JZ18TF67PP3QQWX5A3MSP0YW,01JZ18G4TN4FH7205KTQTFE7PM,2025-06-30T20:35:25.511460336Z,01JZ18G50G0GKPPCFSW2N0ZNW1,2025-06-30T20:35:25.511460336Z,01JZ18KW5P5RE2HRX78XRVTPME,2025-06-30T20:35:25.511460336Z,01JZ18RHFZ729S1GE13DM98H8Z,2025-06-30T20:35:25.511460336Z,01JZ18RHKM9SS1YZCTMJC8BRDP,2025-06-30T20:35:25.511460336Z
01JZ1909JWSZ9SNA14PWXBW596,01JZ18G4TN4FH7205KTQTFE7PM,2025-06-30T20:38:36.380704077Z,01JZ18G4YK3PSP6R2PNWBA4P8S,2025-06-30T20:38:36.380704077Z,01JZ18K6XVG6N44078RFW6M633,2025-06-30T20:38:36.380704077Z,01JZ18QW9EXF247TKVE8F2HXX6,2025-06-30T20:38:36.380704077Z,01JZ18QWK926FXC7VZEQSYH8G3,2025-06-30T20:38:36.380704077Z
01JZ1BJG1PXAS6K05XGKZ7275H,01JZ1B1VZ9TM9N3252XVVAH9DZ,2025-06-30T21:23:29.974743976Z,01JZ1B1W6S117BH8HCA7NH9R7E,2025-06-30T21:23:29.974743976Z,01JZ1B4F0AXDADE5G5GXRT5GAX,2025-06-30T21:23:29.974743976Z,01JZ1BAHERRJG5Y4NQ430CHJGP,2025-06-30T21:23:29.974743976Z,01JZ1BAHXWBT00DK00GM6F2Y5F,2025-06-30T21:23:29.974743976Z
01JZ1F00RED2C0CMA4ZZJ10MQJ,01JZ1E916HBESJXS5SJ82BFZ21,2025-06-30T22:23:18.798936965Z,01JZ1E91WFH0SPDF0PZ6G1349X,2025-06-30T22:23:18.798936965Z,01JZ1EAPTEQ3YCZAND0ZRHWRT7,2025-06-30T22:23:18.798936965Z,01JZ1EY0RN0AQVXD4S7119EDC2,2025-06-30T22:23:18.798936965Z,01JZ1EY1A0HK6QKMRP1X65F9E6,2025-06-30T22:23:18.798936965Z
01JZ1CFZ5NAT0G1A1G1JV2PAJT,01JZ1BX7WQMA45G0E33EEHJ3V9,2025-06-30T21:39:35.733629351Z,01JZ1BX849RGFMRNF1WR9VXVPD,2025-06-30T21:39:35.733629351Z,01JZ1C4P0YN4P4R63ZN9FPE2D4,2025-06-30T21:39:35.733629351Z,01JZ1C84RKQ0P9K5DXZDFR6T0J,2025-06-30T21:39:35.733629351Z,01JZ1C855CGCNB2CR6J4KQ13PM,2025-06-30T21:39:35.733629351Z
01JZ17KH1BNKN3H4EZN56CS0V7,01JZ170DPRHYGRH6M74WMGZ8J5,2025-06-30T20:14:09.451913313Z,01JZ170DSWJ6311N72HPSQWG9K,2025-06-30T20:14:09.451913313Z,01JZ17AF66R5T85771E9QQ650E,2025-06-30T20:14:09.451913313Z,01JZ17KG5B6EC4G1KASHS52HR2,2025-06-30T20:14:09.451913313Z,01JZ17KG69JDSJMYJ0G4QW97X0,2025-06-30T20:14:09.451913313Z
01JZ17Q6X4YVX6V07R0EQDXQ3R,01JZ170DPRHYGRH6M74WMGZ8J5,2025-06-30T20:16:10.148043619Z,01JZ170DS8YWG03GZVY59N3JD0,2025-06-30T20:16:10.148043619Z,01JZ17B25HMB9SR7CZAG7VDDNC,2025-06-30T20:16:10.148043619Z,01JZ17HNMQAAW5HV1NJ3KN0TDP,2025-06-30T20:16:10.148043619Z,01JZ17HNP9BV8JHZB1QE7WG35X,2025-06-30T20:16:10.148043619Z
01JZ18WA54WGMBPS7TY0F6YQ1H,01JZ18G4TN4FH7205KTQTFE7PM,2025-06-30T20:36:25.892379281Z,01JZ18G50G0GKPPCFSW2N0ZNW1,2025-06-30T20:36:25.892379281Z,01JZ18N84ND15PG04895JYQ6RT,2025-06-30T20:36:25.892379281Z,01JZ18RHFZ729S1GE13DM98H8Z,2025-06-30T20:36:25.892379281Z,01JZ18RHM0C5SA38DPG1QNA7W7,2025-06-30T20:36:25.892379281Z
01JZ197SQGPZTHTBNPFT9N5FDP,01JZ18QHX9XGN83K6T42FK97D5,2025-06-30T20:42:42.288683685Z,01JZ18QHYY9H3H8G0D5BR000CA,2025-06-30T20:42:42.288683685Z,01JZ18TPQGGX70KYFXP5KFA0ZD,2025-06-30T20:42:42.288683685Z,01JZ1903GX535CTZP2QSYEN36R,2025-06-30T20:42:42.288683685Z,01JZ19056Q1Z9M1EPPGR830BD6,2025-06-30T20:42:42.288683685Z
01JZ1AEFQ54Z1FZ6ACQ6MAN1XH,01JZ19VEXCKVX740B60X4W6PQN,2025-06-30T21:03:49.991407044Z,01JZ19VF6XEW5FG377QGXCTRD1,2025-06-30T21:03:49.991407044Z,01JZ19XTW2HK24K9S0K07R4X7Y,2025-06-30T21:03:49.991407044Z,01JZ1ACG5AA6PRZ7WAEJWMNX2A,2025-06-30T21:03:49.991407044Z,01JZ1ACGD84SZVTVPHYZMCSWFJ,2025-06-30T21:03:49.991407044Z
01JZ1CDS8QAHP1C2AXANP78NPB,01JZ1BX7WQMA45G0E33EEHJ3V9,2025-06-30T21:38:24.151725165Z,01JZ1BX849RGFMRNF1WR9VXVPD,2025-06-30T21:38:24.151725165Z,01JZ1C6CTMT28Z0M14S1H6T07Y,2025-06-30T21:38:24.151725165Z,01JZ1C84QRBSNC4RE2W7FPW8JB,2025-06-30T21:38:24.151725165Z,01JZ1C84ZZJY67D2BDRSP72HDD,2025-06-30T21:38:24.151725165Z
01JZ1CEFG31QZXBEP2DTN0E5HV,01JZ1BX7WQMA45G0E33EEHJ3V9,2025-06-30T21:38:46.915337413Z,01JZ1BX80QRTKGB6MH6HMRDXS1,2025-06-30T21:38:46.915337413Z,01JZ1BYVYWJTY34XWWWGSZYC2W,2025-06-30T21:38:46.915337413Z,01JZ1C6971JYEBAS1QKBJ0656S,2025-06-30T21:38:46.915337413Z,01JZ1C6A3QYKK593DF4D168KHN,2025-06-30T21:38:46.915337413Z
01JZ18X8SA8JEXWXFVJ2WFHCR0,01JZ18G4TN4FH7205KTQTFE7PM,2025-06-30T20:36:57.258109729Z,01JZ18G4ZPD0G0WRB3ZSNJ4KSW,2025-06-30T20:36:57.258109729Z,01JZ18JPR0CJ8HT66ZQ08VW9PH,2025-06-30T20:36:57.258109729Z,01JZ18QMDSQREXVSZ9J332HVG7,2025-06-30T20:36:57.258109729Z,01JZ18QMP1NGMSRYBNGZBSJCK9,2025-06-30T20:36:57.258109729Z
01JZ1DSZ14MHYWGMWD3ASEMQEZ,01JZ1D0RX94M7HHBAJDNGV8QRS,2025-06-30T22:02:31.844236518Z,01JZ1D0S61XK8FZCNQBM2ZAEE6,2025-06-30T22:02:31.844236518Z,01JZ1D497J6YYY65Y2Z1DW88ZY,2025-06-30T22:02:31.844236518Z,01JZ1DHGBSZZHKEP5QJKJSKXHE,2025-06-30T22:02:31.844236518Z,01JZ1DHH68B7BQZNES97N8QZZF,2025-06-30T22:02:31.844236518Z
01JZ1BH8XTWFKZCRZ457CD8MDP,01JZ1B1VZ9TM9N3252XVVAH9DZ,2025-06-30T21:22:49.914982685Z,01JZ1B1W68Y1JCNSRHTZJR0WTB,2025-06-30T21:22:49.914982685Z,01JZ1B483R9XXNDJ9MZBRK2ZQ1,2025-06-30T21:22:49.914982685Z,01JZ1BH43TCR207W6QA0XHTRSW,2025-06-30T21:22:49.914982685Z,01JZ1BH4EERH1DS5BZWYJYPN33,2025-06-30T21:22:49.914982685Z
01JZ1DSZ7XJEA3RW5QPA6P3RS4,01JZ1D0RX94M7HHBAJDNGV8QRS,2025-06-30T22:02:32.061414417Z,01JZ1D0S61XK8FZCNQBM2ZAEE6,2025-06-30T22:02:32.061414417Z,01JZ1D5XZ05FCDAH1D4YG77JR7,2025-06-30T22:02:32.061414417Z,01JZ1DHGBSZZHKEP5QJKJSKXHE,2025-06-30T22:02:32.061414417Z,01JZ1DHH68B7BQZNES97N8QZZF,2025-06-30T22:02:32.061414417Z
01JZ1GP1W7RHAFYNSQZ3JZVCS8,01JZ1G29Q82GQAKEXSK2E7NK3R,2025-06-30T22:52:49.415105989Z,01JZ1G2A6YM039KVE3FBKDN5TM,2025-06-30T22:52:49.415105989Z,01JZ1G8WT4QHCTZSBPJCV6WM6W,2025-06-30T22:52:49.415105989Z,01JZ1GDRVTRVBNPQ0V4C3E11WJ,2025-06-30T22:52:49.415105989Z,01JZ1GDSWE797A728J9JHG91W0,2025-06-30T22:52:49.415105989Z
01JZ17W80DMRYHMS0G4QWZDRQA,01JZ170DPRHYGRH6M74WMGZ8J5,2025-06-30T20:18:55.117738756Z,01JZ170DRV33K8D9D9ZMQKAW2D,2025-06-30T20:18:55.117738756Z,01JZ17FY7YEZ14CJBS3JX2EV3B,2025-06-30T20:18:55.117738756Z,01JZ17PPGX7JSSK85PVP6H7NR4,2025-06-30T20:18:55.117738756Z,01JZ17PPKVJSY2KQZ4NEMQSJWF,2025-06-30T20:18:55.117738756Z
01JZ1DQC2QDARQW6NK07KYAVN5,01JZ1D0RX94M7HHBAJDNGV8QRS,2025-06-30T22:01:06.903554764Z,01JZ1D0S61XK8FZCNQBM2ZAEE6,2025-06-30T22:01:06.903554764Z,01JZ1DEPX3PNQ2MN8YPK5QHYXE,2025-06-30T22:01:06.903554764Z,01JZ1DHG42SDRFG0AMYRAAVFFX,2025-06-30T22:01:06.903554764Z,01JZ1DHGVMC63T8RKQQSZ4EMT9,2025-06-30T22:01:06.903554764Z
01JZ1DR2H3WS27DB723MCAP8PX,01JZ1D0RX94M7HHBAJDNGV8QRS,2025-06-30T22:01:29.894693468Z,01JZ1D0S064NT759Q480WCA8PK,2025-06-30T22:01:29.894693468Z,01JZ1DCDN091GX33H1NPEY9NA8,2025-06-30T22:01:29.894693468Z,01JZ1DFXRMFQK07Q91HG8QCYJ2,2025-06-30T22:01:29.894693468Z,01JZ1DFZ56FDN0A8XV7X841H8M,2025-06-30T22:01:29.894693468Z
01JZ1GQQ7P7G00PMQXW09SE0SR,01JZ1G29Q82GQAKEXSK2E7NK3R,2025-06-30T22:53:44.054984092Z,01JZ1G2A24PAZYJHH2EQFGJG7N,2025-06-30T22:53:44.054984092Z,01JZ1G82YG8RECYV7TAMBGD9YX,2025-06-30T22:53:44.054984092Z,01JZ1GG455T50A4SRMTESNHV0P,2025-06-30T22:53:44.054984092Z,01JZ1GG4P1C63TEHEF04Q831Y8,2025-06-30T22:53:44.054984092Z
01JZ1F55D8VQG0ZVHJTB4EEN5S,01JZ1E916HBESJXS5SJ82BFZ21,2025-06-30T22:26:07.400608106Z,01JZ1E91MDHZVF6NVBEDDVGZWT,2025-06-30T22:26:07.400608106Z,01JZ1EARG6K6VN1DMMBQHNE2WC,2025-06-30T22:26:07.400608106Z,01JZ1EWVP1M7JC9JTKB8V2PJTM,2025-06-30T22:26:07.400608106Z,01JZ1EWW84Y3X0SQQ90MQZ9RK4,2025-06-30T22:26:07.400608106Z
01JZ17G5K75YKQ1XQEW3S513R5,01JZ170DPRHYGRH6M74WMGZ8J5,2025-06-30T20:12:19.431312831Z,01JZ170DRRRWN613C5WJQ8B5Q6,2025-06-30T20:12:19.431312831Z,01JZ17A832XNJZN2KK8205TMZH,2025-06-30T20:12:19.431312831Z,01JZ17G526V3QE34K6X6V2S8DM,2025-06-30T20:12:19.431312831Z,01JZ17G5356YF5HQZXE4JNKE6Q,2025-06-30T20:12:19.431312831Z
01JZ17SF6PB4FQ69NHQPJW547Q,01JZ170DPRHYGRH6M74WMGZ8J5,2025-06-30T20:17:24.182802156Z,01JZ170DSXXMDA003X79NFA4N0,2025-06-30T20:17:24.182802156Z,01JZ17G2CQ2WMWNSJEQJ6XDN5X,2025-06-30T20:17:24.182802156Z,01JZ17NRSETRAHA86XGKD3ZGNV,2025-06-30T20:17:24.182802156Z,01JZ17NRV2ZDNVW5Z7WBNTSDV4,2025-06-30T20:17:24.182802156Z
01JZ17WZYSAQ4K2W3Z0CRV6TDP,01JZ170DPRHYGRH6M74WMGZ8J5,2025-06-30T20:19:19.641931894Z,01JZ170DSMJZPS89ZBMFZ7ATK7,2025-06-30T20:19:19.641931894Z,01JZ17411GFTP23ZXM1AB7D9NA,2025-06-30T20:19:19.641931894Z,01JZ17MYEHBQM2VDSAQZ2CF179,2025-06-30T20:19:19.641931894Z,01JZ17MYQN5DT1W4HRCCEDGPR1,2025-06-30T20:19:19.641931894Z
01JZ18V701ZTPR08SDFQN6VCGB,01JZ18G4TN4FH7205KTQTFE7PM,2025-06-30T20:35:49.889404382Z,01JZ18G4YTQTSXFW2X0Y80VGVG,2025-06-30T20:35:49.889404382Z,01JZ18JHMPB6Y0TNZB1CBHN9G9,2025-06-30T20:35:49.889404382Z,01JZ18QCHSRQEB636MAZYTF93F,2025-06-30T20:35:49.889404382Z,01JZ18QCP19745TT978W5P3MRY,2025-06-30T20:35:49.889404382Z
01JZ18ZPSBDYJJ6C69J2AMRMR3,01JZ18G4TN4FH7205KTQTFE7PM,2025-06-30T20:38:17.131856966Z,01JZ18G512YK4K14AJW1A4KQT5,2025-06-30T20:38:17.131856966Z,01JZ18JHACQMQPJCAE4XRR7QFX,2025-06-30T20:38:17.131856966Z,01JZ18R8CKMG9A39402BQ4NWM2,2025-06-30T20:38:17.131856966Z,01JZ18R8HNH0RJEQ541QGANZP7,2025-06-30T20:38:17.131856966Z
01JZ195XZA34A8TKPZD2K78C1Y,01JZ18QHX9XGN83K6T42FK97D5,2025-06-30T20:41:41.098592313Z,01JZ18QHYY9H3H8G0D5BR000CA,2025-06-30T20:41:41.098592313Z,01JZ18YPQMX7TQXCKGYZNA73VF,2025-06-30T20:41:41.098592313Z,01JZ1903BN7V6B2N7AMWNTAWGG,2025-06-30T20:41:41.098592313Z,01JZ190537PB6Z84XBD1Q9NVP6,2025-06-30T20:41:41.098592313Z
01JZ1AB6GTM6DCZSEHP8MYTDK0,01JZ19VEXCKVX740B60X4W6PQN,2025-06-30T21:02:02.266622675Z,01JZ19VF1X4TGM9HTAVFF08YB3,2025-06-30T21:02:02.266622675Z,01JZ19X9AX1VPBDDCP087HWECT,2025-06-30T21:02:02.266622675Z,01JZ1A31WDRRSK5Y1X8M50HPSG,2025-06-30T21:02:02.266622675Z,01JZ1A32ATTJW1NBJE1TC6A95V,2025-06-30T21:02:02.266622675Z
01JZ1GQFX6MRHQCKAA951F9950,01JZ1G29Q82GQAKEXSK2E7NK3R,2025-06-30T22:53:36.550724767Z,01JZ1G2A9825Q9R0AFVXQNTR63,2025-06-30T22:53:36.550724767Z,01JZ1G9AHDKJRVSD4NGC2SYHDN,2025-06-30T22:53:36.550724767Z,01JZ1GKM3A5ATBGFJSYTP1DWZY,2025-06-30T22:53:36.550724767Z,01JZ1GKMEYEZ8KJC2QAEFC63S4,2025-06-30T22:53:36.550724767Z
01JZ1DGRZANR9PXEGEVMR3QNSK,01JZ1D0RX94M7HHBAJDNGV8QRS,2025-06-30T21:57:30.730296379Z,01JZ1D0S58CJJ0G6BA8AW8ZVCS,2025-06-30T21:57:30.730296379Z,01JZ1D4DS7AYHA2YKV7CP2TXFR,2025-06-30T21:57:30.730296379Z,01JZ1D971RNG9X4SW8NSVY9CFR,2025-06-30T21:57:30.730296379Z,01JZ1D97GC7KPGH39RJZS9DMK5,2025-06-30T21:57:30.730296379Z
01JZ17NC5Q3RX98WYWMMSY35AC,01JZ170DPRHYGRH6M74WMGZ8J5,2025-06-30T20:15:10.007834451Z,01JZ170DS8YWG03GZVY59N3JD0,2025-06-30T20:15:10.007834451Z,01JZ17FA2MQ87XVRF9HC0R27GC,2025-06-30T20:15:10.007834451Z,01JZ17HNMQAAW5HV1NJ3KN0TDP,2025-06-30T20:15:10.007834451Z,01JZ17HNP6QCD1MJXSWCZN1D4Z,2025-06-30T20:15:10.007834451Z
01JZ180VC7V7NNT5THV8PJTC0G,01JZ170DPRHYGRH6M74WMGZ8J5,2025-06-30T20:21:26.02385048Z,01JZ170DSP5HFMBRZWFQV8RFVC,2025-06-30T20:21:26.02385048Z,01JZ17GRXVCB86SQX36KBD73NW,2025-06-30T20:21:26.02385048Z,01JZ17RSJJTRQ3PSBCBXKXE637,2025-06-30T20:21:26.02385048Z,01JZ17RSSN6G8Y8TD3Z81DX4KH,2025-06-30T20:21:26.02385048Z
01JZ18VT71NH4YQ3J49YYFBKPH,01JZ18G4TN4FH7205KTQTFE7PM,2025-06-30T20:36:09.569113609Z,01JZ18G50PJASP911XB82AW46K,2025-06-30T20:36:09.569113609Z,01JZ18KCZAP8MJWF3YFSDPP92T,2025-06-30T20:36:09.569113609Z,01JZ18P6M9PWBBNS9EFA2527RR,2025-06-30T20:36:09.569113609Z,01JZ18P6XGG6KPRDW6BTZFNS2T,2025-06-30T20:36:09.569113609Z
01JZ19843N184CQEM9NGG6HP9M,01JZ18QHX9XGN83K6T42FK97D5,2025-06-30T20:42:52.917835651Z,01JZ18QHYY9H3H8G0D5BR000CA,2025-06-30T20:42:52.917835651Z,01JZ18TPQGGX70KYFXP5KFA0ZD,2025-06-30T20:42:52.917835651Z,01JZ1903FVM8SRTYCYM7MR4PE9,2025-06-30T20:42:52.917835651Z,01JZ1905F9ZP00T69GN7KMYMEX,2025-06-30T20:42:52.917835651Z
01JZ1BG6GP73AQ14DQZGTXYV8W,01JZ1B1VZ9TM9N3252XVVAH9DZ,2025-06-30T21:22:14.678564122Z,01JZ1B1W6S117BH8HCA7NH9R7E,2025-06-30T21:22:14.678564122Z,01JZ1B46GFSFAYTPK6TDTQG4WK,2025-06-30T21:22:14.678564122Z,01JZ1BAHCPD0S01DARX26K93JP,2025-06-30T21:22:14.678564122Z,01JZ1BAHQZCEJFHZVQ6PYBVW81,2025-06-30T21:22:14.678564122Z
01JZ1BPV8TS7HCX0KENKTJH9SH,01JZ1B1VZ9TM9N3252XVVAH9DZ,2025-06-30T21:25:52.538134221Z,01JZ1B1W68Y1JCNSRHTZJR0WTB,2025-06-30T21:25:52.538134221Z,01JZ1B792JY1J7NFJKWZPMCAGM,2025-06-30T21:25:52.538134221Z,01JZ1BH44X88X65JM8T5DXFWMN,2025-06-30T21:25:52.538134221Z,01JZ1BH4KN12FMR11G35AYXHA6,2025-06-30T21:25:52.538134221Z
01JZ1BY4QJHVRP4DJTM7NE5DYQ,01JZ1B1VZ9TM9N3252XVVAH9DZ,2025-06-30T21:29:51.60231865Z,01JZ1B1W4RP0VXDDKCJTNKM3AX,2025-06-30T21:29:51.60231865Z,01JZ1BJRR128B2311DSMJCH15V,2025-06-30T21:29:51.60231865Z,01JZ1BNYAYY2K6CJZRYSXBEGH5,2025-06-30T21:29:51.60231865Z,01JZ1BNYWC468MPKMH5JETRX7A,2025-06-30T21:29:51.60231865Z
01JZ1BF3FE9XGGFF58EZSV67H1,01JZ1B1VZ9TM9N3252XVVAH9DZ,2025-06-30T21:21:38.798184286Z,01JZ1B1W5AJ9N87HJBZ99HRQPJ,2025-06-30T21:21:38.798184286Z,01JZ1B4M3WKZR9J1GGJ7PR0S32,2025-06-30T21:21:38.798184286Z,01JZ1BB7ETZS9BEX799QEABQ0R,2025-06-30T21:21:38.798184286Z,01JZ1BB7R5NDJ6N0E4JV728HM3,2025-06-30T21:21:38.798184286Z
01JZ17T2GVKC7V2AQXEQX3GX4S,01JZ170DPRHYGRH6M74WMGZ8J5,2025-06-30T20:17:43.96353058Z,01JZ170DSBT7R80F1BC6BFNZAP,2025-06-30T20:17:43.96353058Z,01JZ17BXN8A0CN51A90XTP0KJK,2025-06-30T20:17:43.96353058Z,01JZ17JC31V9W433CZ54VPSDCC,2025-06-30T20:17:43.96353058Z,01JZ17JC5R8HPZGDHHMDM55ZW6,2025-06-30T20:17:43.96353058Z
01JZ17Z1JPV67PKHQGRBZMN5XT,01JZ170DPRHYGRH6M74WMGZ8J5,2025-06-30T20:20:26.838947261Z,01JZ170DS5DJKXJ3Z7YVJKJJXK,2025-06-30T20:20:26.838947261Z,01JZ17ETMDVKMB5DEN58FYX8NM,2025-06-30T20:20:26.838947261Z,01JZ17QA4RZBJN8FPG3Q7FD7PZ,2025-06-30T20:20:26.838947261Z,01JZ17QA9V9911GNS74NJ3F2SB,2025-06-30T20:20:26.838947261Z
01JZ17ZBPZVNA9NG95QEBPSBHP,01JZ170DPRHYGRH6M74WMGZ8J5,2025-06-30T20:20:37.215492567Z,01JZ170DS5DJKXJ3Z7YVJKJJXK,2025-06-30T20:20:37.215492567Z,01JZ17FZXSD3JPY8Z3YRMZJDDV,2025-06-30T20:20:37.215492567Z,01JZ17QA5164E7ECZ7F8E2886X,2025-06-30T20:20:37.215492567Z,01JZ17QAAJ9B1W0VFAH61RSG1K,2025-06-30T20:20:37.215492567Z
01JZ1806P2J7XZ6G5NAAGN7S5S,01JZ170DPRHYGRH6M74WMGZ8J5,2025-06-30T20:21:04.834406639Z,01JZ170DSP5HFMBRZWFQV8RFVC,2025-06-30T20:21:04.834406639Z,01JZ17GRXVCB86SQX36KBD73NW,2025-06-30T20:21:04.834406639Z,01JZ17RSKEA3VSTDSCVCP8YEVJ,2025-06-30T20:21:04.834406639Z,01JZ17RSQQ5R29M9ZYPYQHTQKD,2025-06-30T20:21:04.834406639Z
01JZ18VSMRJ6HY558CDTSFSQY2,01JZ18G4TN4FH7205KTQTFE7PM,2025-06-30T20:36:08.98502001Z,01JZ18G4XDWA3A08Y0HZ5HSAAF,2025-06-30T20:36:08.98502001Z,01JZ18JX7AQFGHWSY2V5AEBRM0,2025-06-30T20:36:08.98502001Z,01JZ18R0Z5Z926ZA90YM7MYTK3,2025-06-30T20:36:08.98502001Z,01JZ18R13EM5Y88CXN2J36AQD4,2025-06-30T20:36:08.98502001Z
01JZ18Z50F1AEYZP1F45AVQ36G,01JZ18G4TN4FH7205KTQTFE7PM,2025-06-30T20:37:58.927247513Z,01JZ18G4YA2XRQ9RK4RH5WQB1P,2025-06-30T20:37:58.927247513Z,01JZ18MZ9CEYXM1F4JSENNJ9RA,2025-06-30T20:37:58.927247513Z,01JZ18Q1SHZX0HATET1MQN9ET3,2025-06-30T20:37:58.927247513Z,01JZ18Q21BG6KQSPN28TPPD913,2025-06-30T20:37:58.927247513Z
01JZ1A8NMAZ9RW0CRPQRB7AJDS,01JZ19VEXCKVX740B60X4W6PQN,2025-06-30T21:00:39.43408289Z,01JZ19VF1X4TGM9HTAVFF08YB3,2025-06-30T21:00:39.43408289Z,01JZ19YSKES03CBT0DQ4XQZD4Y,2025-06-30T21:00:39.43408289Z,01JZ1A31STNBCB1FNASKSH9RM4,2025-06-30T21:00:39.43408289Z,01JZ1A324M5DG5G1F4JNBQ7X99,2025-06-30T21:00:39.43408289Z
01JZ1F3PZQQWEXC8G22D253GJ4,01JZ1E916HBESJXS5SJ82BFZ21,2025-06-30T22:25:19.863806134Z,01JZ1E91WFH0SPDF0PZ6G1349X,2025-06-30T22:25:19.863806134Z,01JZ1EBNRXWXP0H461Z4YMKNYP,2025-06-30T22:25:19.863806134Z,01JZ1EY0RN0AQVXD4S7119EDC2,2025-06-30T22:25:19.863806134Z,01JZ1EY1DAS13TN13JWRWB5PDG,2025-06-30T22:25:19.863806134Z
01JZ17PKBH4H83QRK87DAFYWGX,01JZ170DPRHYGRH6M74WMGZ8J5,2025-06-30T20:15:50.129117803Z,01JZ170DRXVGFVP20P8DK3M491,2025-06-30T20:15:50.129117803Z,01JZ17CDTWA5ZJVFXRJRWPP8YB,2025-06-30T20:15:50.129117803Z,01JZ17H2JKQXYPBGV7RRHN6ECY,2025-06-30T20:15:50.129117803Z,01JZ17H2M11R5J615VWXS7CA9S,2025-06-30T20:15:50.129117803Z
01JZ17WGF3ABTN8PC73Z160KRM,01JZ170DPRHYGRH6M74WMGZ8J5,2025-06-30T20:19:03.779186136Z,01JZ170DSP5HFMBRZWFQV8RFVC,2025-06-30T20:19:03.779186136Z,01JZ17BG508D1SYGKCV9ECDV4F,2025-06-30T20:19:03.779186136Z,01JZ17RSKP4T7TM013SKSDCBN6,2025-06-30T20:19:03.779186136Z,01JZ17RSP6EC94WCD300W6M3AA,2025-06-30T20:19:03.779186136Z
01JZ18Y51EZZBX53A3DA70RZ1K,01JZ18G4TN4FH7205KTQTFE7PM,2025-06-30T20:37:26.190348983Z,01JZ18G50G0GKPPCFSW2N0ZNW1,2025-06-30T20:37:26.190348983Z,01JZ18N84ND15PG04895JYQ6RT,2025-06-30T20:37:26.190348983Z,01JZ18RHFZ729S1GE13DM98H8Z,2025-06-30T20:37:26.190348983Z,01JZ18RHME99WN31PV5VCD73RS,2025-06-30T20:37:26.190348983Z
01JZ1BJVCZRMTDBZHW34C56KWW,01JZ1B1VZ9TM9N3252XVVAH9DZ,2025-06-30T21:23:41.599662299Z,01JZ1B1W6S117BH8HCA7NH9R7E,2025-06-30T21:23:41.599662299Z,01JZ1B7296HT4QZTVSQ7DGFCMT,2025-06-30T21:23:41.599662299Z,01JZ1BAHG6QWWGBEPT681DK5Y7,2025-06-30T21:23:41.599662299Z,01JZ1BAJ3J3FZ3GMGRGR49591P,2025-06-30T21:23:41.599662299Z
01JZ17NBW36BM29G9SZJZP4ZM4,01JZ170DPRHYGRH6M74WMGZ8J5,2025-06-30T20:15:09.700038332Z,01JZ170DSWJ6311N72HPSQWG9K,2025-06-30T20:15:09.700038332Z,01JZ17D915S4GRY1FXGXK8RTTY,2025-06-30T20:15:09.700038332Z,01JZ17KG534VMGAN6DZ77QN8H5,2025-06-30T20:15:09.700038332Z,01JZ17KG7HDSSYDXJ52NAG0WHG,2025-06-30T20:15:09.700038332Z
01JZ182H0HMTKJ7SR88FBZ580Q,01JZ170DPRHYGRH6M74WMGZ8J5,2025-06-30T20:22:20.94573906Z,01JZ170DS9MMA8EZAVKYS5SMHX,2025-06-30T20:22:20.94573906Z,01JZ17CPP7Y270N83EX04850B6,2025-06-30T20:22:20.94573906Z,01JZ17TR5WS052RB5963SEQK02,2025-06-30T20:22:20.94573906Z,01JZ17TRGFFXKAYPE40KD63RY1,2025-06-30T20:22:20.94573906Z
01JZ18XMZCWV1D0B1144QKNF9S,01JZ18G4TN4FH7205KTQTFE7PM,2025-06-30T20:37:09.740069298Z,01JZ18G4ZDA13FR053ZT1R1FPF,2025-06-30T20:37:09.740069298Z,01JZ18JPT9JN6KKGXMDR9K6K49,2025-06-30T20:37:09.740069298Z,01JZ18NR6VSFFH5QJK4DQ1TXDM,2025-06-30T20:37:09.740069298Z,01JZ18NRC0G7Z33TP6YQMRVJQX,2025-06-30T20:37:09.740069298Z
01JZ1BSWWRGBAY3WA93FS7D0F8,01JZ1B1VZ9TM9N3252XVVAH9DZ,2025-06-30T21:27:32.504670476Z,01JZ1B1W46BH5YH0XYSE8KJRBK,2025-06-30T21:27:32.504670476Z,01JZ1B53Y9CT8RBFCFDJ7CMETA,2025-06-30T21:27:32.504670476Z,01JZ1BJ1EF1GE16G0A1JBEPRNS,2025-06-30T21:27:32.504670476Z,01JZ1BJ1SBSN34XNBS78WBRGJR,2025-06-30T21:27:32.504670476Z
01JZ1DJAP343KXS9XCH5E6N7NX,01JZ1D0RX94M7HHBAJDNGV8QRS,2025-06-30T21:58:21.635684905Z,01JZ1D0S14X3T6948SDJVF454K,2025-06-30T21:58:21.635684905Z,01JZ1D8RW634M5KPJ3DDHQYDRD,2025-06-30T21:58:21.635684905Z,01JZ1DCMNY0VAHZRBKPHM6R6CB,2025-06-30T21:58:21.635684905Z,01JZ1DCN0DWX50S4DARC1YNR0D,2025-06-30T21:58:21.635684905Z
01JZ1EZBZYN4EYN71BZXBC2A7B,01JZ1E916HBESJXS5SJ82BFZ21,2025-06-30T22:22:57.534109398Z,01JZ1E91Z6K0ZJGCC53Q4JQWJP,2025-06-30T22:22:57.534109398Z,01JZ1EMNNJSEW14RVAN4FX9H51,2025-06-30T22:22:57.534109398Z,01JZ1EXBWE57CVQYV0Q5D3TA2S,2025-06-30T22:22:57.534109398Z,01JZ1EXC7FMRX16KPMG2EATNEA,2025-06-30T22:22:57.534109398Z
01JZ1BNAQ8KGGZMTFVX8ANCVVV,01JZ1B1VZ9TM9N3252XVVAH9DZ,2025-06-30T21:25:02.824405539Z,01JZ1B1W2WT8MR9NJ7RDDSFH2M,2025-06-30T21:25:02.824405539Z,01JZ1B56KN8DYJ21G7YK1NVQR0,2025-06-30T21:25:02.824405539Z,01JZ1BD41K10B3Z5F98Q46A8QZ,2025-06-30T21:25:02.824405539Z,01JZ1BD4QTZ37YW3F8P5C869WB,2025-06-30T21:25:02.824405539Z
01JZ17SKZ3M22PY1KJ8WMX47FA,01JZ170DPRHYGRH6M74WMGZ8J5,2025-06-30T20:17:29.059216534Z,01JZ170DSTXK5Z1DV671606E6A,2025-06-30T20:17:29.059216534Z,01JZ17CV56KYXDEZD0V6G3R2C0,2025-06-30T20:17:29.059216534Z,01JZ17J85HSFJ5VF5EC9WG406J,2025-06-30T20:17:29.059216534Z,01JZ17J87S03SNAFE03XXVRYFF,2025-06-30T20:17:29.059216534Z
01JZ17VNKP5D0MGE81XG2F8BE2,01JZ170DPRHYGRH6M74WMGZ8J5,2025-06-30T20:18:36.278944659Z,01JZ170DSR5F2SARFX61BD5BFD,2025-06-30T20:18:36.278944659Z,01JZ17D6932YKNNSWD1JMYAKKF,2025-06-30T20:18:36.278944659Z,01JZ17M8TTAADH96H16B5Q2KVN,2025-06-30T20:18:36.278944659Z,01JZ17M8YBHZ4TN71ES3XSS0QT,2025-06-30T20:18:36.278944659Z
01JZ18P92MPMC37XG3WRYVSGR7,01JZ18G4TN4FH7205KTQTFE7PM,2025-06-30T20:33:08.180125518Z,01JZ18G50PJASP911XB82AW46K,2025-06-30T20:33:08.180125518Z,01JZ18KAD3ET3YWT2B268D40PX,2025-06-30T20:33:08.180125518Z,01JZ18P6KKP6YDW0ZB2JNENH81,2025-06-30T20:33:08.180125518Z,01JZ18P6RJ2ZTWM3C4E470Y4NM,2025-06-30T20:33:08.180125518Z
01JZ18YWAVTA2BHDPDQKXYZ1QM,01JZ18G4TN4FH7205KTQTFE7PM,2025-06-30T20:37:50.043122384Z,01JZ18G4Z7SR18DC8PDBR22HS5,2025-06-30T20:37:50.043122384Z,01JZ18NQPCFBGJDGFZ54XZESTD,2025-06-30T20:37:50.043122384Z,01JZ18S8W382ZTX14ED28QZWFS,2025-06-30T20:37:50.043122384Z,01JZ18S91PKVD5S703E5P7J2GZ,2025-06-30T20:37:50.043122384Z
01JZ190DBK1VPTPZFH1YTDDK77,01JZ18G4TN4FH7205KTQTFE7PM,2025-06-30T20:38:40.243912419Z,01JZ18G4WPK6V9JKZAVKNYS3NB,2025-06-30T20:38:40.243912419Z,01JZ18N0WE2W63AJ0S8AMFR80C,2025-06-30T20:38:40.243912419Z,01JZ18RRASEVE9RRSH50SEW5V6,2025-06-30T20:38:40.243912419Z,01JZ18RRGYP9TJ020R0N2G4J5J,2025-06-30T20:38:40.243912419Z
01JZ190RNFWRXCVGJ4WFQW4PHY,01JZ18QHX9XGN83K6T42FK97D5,2025-06-30T20:38:51.823149566Z,01JZ18QHZ9KPT0XZ66BZ9ZB89K,2025-06-30T20:38:51.823149566Z,01JZ18VC89HN16T8VX0M60S31S,2025-06-30T20:38:51.823149566Z,01JZ190NGFZQKP3C3J9CSTAF6G,2025-06-30T20:38:51.823149566Z,01JZ190NM7QK3C80RBE2B5WJ43,2025-06-30T20:38:51.823149566Z
01JZ1AQE6E4GE7TDE60YT0KERQ,01JZ19VEXCKVX740B60X4W6PQN,2025-06-30T21:08:43.342409914Z,01JZ19VF4XXDC5SP97SM18G8VM,2025-06-30T21:08:43.342409914Z,01JZ19Y5W4MYXKSXHHDPCY5M66,2025-06-30T21:08:43.342409914Z,01JZ1AQBF58925C38R5NVE04TV,2025-06-30T21:08:43.342409914Z,01JZ1AQBKKZ7EHDYEBGGQJ06YK,2025-06-30T21:08:43.342409914Z
01JZ1BXWRQQZV1PT6M683S42ZA,01JZ1B1VZ9TM9N3252XVVAH9DZ,2025-06-30T21:29:43.4479357Z,01JZ1B1W5TAZ0C76DBH0ZAEY5X,2025-06-30T21:29:43.4479357Z,01JZ1B3WZ5Q8VM6YQPSTYC2J5Y,2025-06-30T21:29:43.4479357Z,01JZ1BNNMV2BR05NWSF4VH5Q39,2025-06-30T21:29:43.4479357Z,01JZ1BNPPSW8TS84E619NWBAV9,2025-06-30T21:29:43.4479357Z
01JZ1DB6WG6TRA4GB6JPNQX51V,01JZ1D0RX94M7HHBAJDNGV8QRS,2025-06-30T21:54:28.368570763Z,01JZ1D0S2S8SEBXETFQJSTGM5V,2025-06-30T21:54:28.368570763Z,01JZ1D4W11PS06G8TDSZKJ39RF,2025-06-30T21:54:28.368570763Z,01JZ1D77TJ31JQY4W7YSZVV4R8,2025-06-30T21:54:28.368570763Z,01JZ1D78GDE57D7X25081Z14FG,2025-06-30T21:54:28.368570763Z
01JZ1F4Y0RRH9ZVK63C47DB9HZ,01JZ1E916HBESJXS5SJ82BFZ21,2025-06-30T22:25:59.832108023Z,01JZ1E91Z6K0ZJGCC53Q4JQWJP,2025-06-30T22:25:59.832108023Z,01JZ1ET7E30G59HX0XYHAKGDD0,2025-06-30T22:25:59.832108023Z,01JZ1EXBXVJZ8CRFDNRZ1P5KCM,2025-06-30T22:25:59.832108023Z,01JZ1EXCD2Z57YWQBP09E89JT6,2025-06-30T22:25:59.832108023Z
01JZ1F7AMZ8YP0FAG3XWHZNH29,01JZ1E916HBESJXS5SJ82BFZ21,2025-06-30T22:27:18.303557647Z,01JZ1E91ENR7DC2PFTK7ZY5PTJ,2025-06-30T22:27:18.303557647Z,01JZ1EH0Y7EBSVGC3G89BQ213G,2025-06-30T22:27:18.303557647Z,01JZ1F70HHE21FXBJ549WERQ2G,2025-06-30T22:27:18.303557647Z,01JZ1F70T8KGQPFGJ0TXM0WWNS,2025-06-30T22:27:18.303557647Z
01JZ1F96C9A83ZMKSQHP56NZZR,01JZ1E916HBESJXS5SJ82BFZ21,2025-06-30T22:28:19.465875125Z,01JZ1E91ENR7DC2PFTK7ZY5PTJ,2025-06-30T22:28:19.465875125Z,01JZ1EESNEX1G6N7P06E41EYRK,2025-06-30T22:28:19.465875125Z,01JZ1F70RJ6JX7FR0QPB30BKG3,2025-06-30T22:28:19.465875125Z,01JZ1F70YWFR7HBRX254H2M9ZA,2025-06-30T22:28:19.465875125Z
01JZ1FA7CP362W3HCX36PYV6KS,01JZ1E916HBESJXS5SJ82BFZ21,2025-06-30T22:28:53.270491814Z,01JZ1E91Q18GQE49C0XSDVMF75,2025-06-30T22:28:53.270491814Z,01JZ1ESJSZ4605B74MTV3MB0PF,2025-06-30T22:28:53.270491814Z,01JZ1F2J935JRBEA3AYQ9DM75Z,2025-06-30T22:28:53.270491814Z,01JZ1F2JVS4Z7GPBSDKYYH2CSK,2025-06-30T22:28:53.270491814Z
01JZ1GR3S44T8TYW9RSTBY6GCK,01JZ1G29Q82GQAKEXSK2E7NK3R,2025-06-30T22:53:56.900081992Z,01JZ1G29XRNS92G9JYEX4H033M,2025-06-30T22:53:56.900081992Z,01JZ1G630GW64096KNZNG4RDAZ,2025-06-30T22:53:56.900081992Z,01JZ1GM688HKS6CMQAXCQKE8GC,2025-06-30T22:53:56.900081992Z,01JZ1GM6SZG28C3KR4YRXGMRFD,2025-06-30T22:53:56.900081992Z
01JZ17G5K5VJDXM082W1HTBVRA,01JZ170DPRHYGRH6M74WMGZ8J5,2025-06-30T20:12:19.429043765Z,01JZ170DRRRWN613C5WJQ8B5Q6,2025-06-30T20:12:19.429043765Z,01JZ17D5ERR5YZYXD6Y3AFJ1M0,2025-06-30T20:12:19.429043765Z,01JZ17G526V3QE34K6X6V2S8DM,2025-06-30T20:12:19.429043765Z,01JZ17G5356YF5HQZXE4JNKE6Q,2025-06-30T20:12:19.429043765Z
01JZ198H07WGKYCZQ92QAHWFEG,01JZ18QHX9XGN83K6T42FK97D5,2025-06-30T20:43:06.119331516Z,01JZ18QHZ9KPT0XZ66BZ9ZB89K,2025-06-30T20:43:06.119331516Z,01JZ18YPKHPP41HP4A0Q4F3DHM,2025-06-30T20:43:06.119331516Z,01JZ190NJS7Q18J6QY8RM98TK7,2025-06-30T20:43:06.119331516Z,01JZ190P70JAMFKP7303665PCX,2025-06-30T20:43:06.119331516Z
01JZ1DS8J4MAN08HE7FDBRKGY7,01JZ1D0RX94M7HHBAJDNGV8QRS,2025-06-30T22:02:08.836718561Z,01JZ1D0S61XK8FZCNQBM2ZAEE6,2025-06-30T22:02:08.836718561Z,01JZ1DFSBSFTDKE17JSS0VZPAS,2025-06-30T22:02:08.836718561Z,01JZ1DHG6929VPMW3RA3G6E916,2025-06-30T22:02:08.836718561Z,01JZ1DHGZ5YKGKCH7Q20DPG9VH,2025-06-30T22:02:08.836718561Z
01JZ18ZGVN7N1RNAQB3TM3HH70,01JZ18G4TN4FH7205KTQTFE7PM,2025-06-30T20:38:11.062030426Z,01JZ18G4ZPD0G0WRB3ZSNJ4KSW,2025-06-30T20:38:11.062030426Z,01JZ18HV1R8B29VBXTS00FPVXC,2025-06-30T20:38:11.062030426Z,01JZ18QMEETMY6YTPVQZEX7GRT,2025-06-30T20:38:11.062030426Z,01JZ18QMTQWP8XJEYM3C9FN5NN,2025-06-30T20:38:11.062030426Z
01JZ1DHPFMAFMJPNESM75EQY7Y,01JZ1D0RX94M7HHBAJDNGV8QRS,2025-06-30T21:58:00.948761427Z,01JZ1D0S61XK8FZCNQBM2ZAEE6,2025-06-30T21:58:00.948761427Z,01JZ1DEPX3PNQ2MN8YPK5QHYXE,2025-06-30T21:58:00.948761427Z,01JZ1DHFZ809B1825QNPR8SJSM,2025-06-30T21:58:00.948761427Z,01JZ1DHGK64NYJJZ4Q7MBQQ1MX,2025-06-30T21:58:00.948761427Z
01JZ19019PNEF7DBYG2R547727,01JZ18G4TN4FH7205KTQTFE7PM,2025-06-30T20:38:27.894688362Z,01JZ18G512YK4K14AJW1A4KQT5,2025-06-30T20:38:27.894688362Z,01JZ18JCRWSH5Z1V97KVRN4VV2,2025-06-30T20:38:27.894688362Z,01JZ18R8C449S3PJKZXB5RXQ2D,2025-06-30T20:38:27.894688362Z,01JZ18R8JXKKMKNRFWDN2DEEA7,2025-06-30T20:38:27.894688362Z
01JZ1DSZ2F4YFAVZMT983X2S42,01JZ1D0RX94M7HHBAJDNGV8QRS,2025-06-30T22:02:31.88795961Z,01JZ1D0S61XK8FZCNQBM2ZAEE6,2025-06-30T22:02:31.88795961Z,01JZ1D4E6V1F7QYCN1KQC77HPV,2025-06-30T22:02:31.88795961Z,01JZ1DHGBSZZHKEP5QJKJSKXHE,2025-06-30T22:02:31.88795961Z,01JZ1DHH68B7BQZNES97N8QZZF,2025-06-30T22:02:31.88795961Z
01JZ17QX75KSBDDND8BNQ0DRQC,01JZ170DPRHYGRH6M74WMGZ8J5,2025-06-30T20:16:32.997063069Z,01JZ170DRWH3Q5VEKFYTCWXCB9,2025-06-30T20:16:32.997063069Z,01JZ178J2BZ2NF5FVTXNH8JBMT,2025-06-30T20:16:32.997063069Z,01JZ17M6426GB2CWYTAT7MS6CN,2025-06-30T20:16:32.997063069Z,01JZ17M669R4VX12DNHRDK2A40,2025-06-30T20:16:32.997063069Z
01JZ17V6M0X9Y582126VJY4S1F,01JZ170DPRHYGRH6M74WMGZ8J5,2025-06-30T20:18:20.928151765Z,01JZ170DSWJ6311N72HPSQWG9K,2025-06-30T20:18:20.928151765Z,01JZ178W441J2YAZ2W6GRZFTRA,2025-06-30T20:18:20.928151765Z,01JZ17KG4Z9CHYTG6HQWPNQJ5E,2025-06-30T20:18:20.928151765Z,01JZ17KGA1S284K8EBMDYKKSKD,2025-06-30T20:18:20.928151765Z
01JZ17XS8T1REBR6ZBYX7EQ4PN,01JZ170DPRHYGRH6M74WMGZ8J5,2025-06-30T20:19:45.562592512Z,01JZ170DSXXMDA003X79NFA4N0,2025-06-30T20:19:45.562592512Z,01JZ17CZMJ8ZJDC1BKFXHNXYR1,2025-06-30T20:19:45.562592512Z,01JZ17NRS66B2XN3XYTK9HZXA6,2025-06-30T20:19:45.562592512Z,01JZ17NRXT8PX5JT9SVTD0DFSR,2025-06-30T20:19:45.562592512Z
01JZ1AAGTFVZ402XE0SVEMGHMR,01JZ19VEXCKVX740B60X4W6PQN,2025-06-30T21:01:40.047223239Z,01JZ19VF1X4TGM9HTAVFF08YB3,2025-06-30T21:01:40.047223239Z,01JZ19YSKES03CBT0DQ4XQZD4Y,2025-06-30T21:01:40.047223239Z,01JZ1A31TDZKWTX3G3H9PC4RBE,2025-06-30T21:01:40.047223239Z,01JZ1A326WS216DQ7AQ8R85P2Z,2025-06-30T21:01:40.047223239Z
01JZ1BBART1DP9NEH0XNN9WX83,01JZ1B1VZ9TM9N3252XVVAH9DZ,2025-06-30T21:19:35.194176148Z,01JZ1B1W5AJ9N87HJBZ99HRQPJ,2025-06-30T21:19:35.194176148Z,01JZ1B4CR8JCWXXD7BQPA68N6Z,2025-06-30T21:19:35.194176148Z,01JZ1BB7E1TXBMBFXFHSFEWTHS,2025-06-30T21:19:35.194176148Z,01JZ1BB7M9THBTCK7T3S9CZWFG,2025-06-30T21:19:35.194176148Z
01JZ1BJ5EY8CWXNVR0CMWW3XJ0,01JZ1B1VZ9TM9N3252XVVAH9DZ,2025-06-30T21:23:19.134939274Z,01JZ1B1W6S117BH8HCA7NH9R7E,2025-06-30T21:23:19.134939274Z,01JZ1B7296HT4QZTVSQ7DGFCMT,2025-06-30T21:23:19.134939274Z,01JZ1BAHDKSRY9Y8MMEK86CJS4,2025-06-30T21:23:19.134939274Z,01JZ1BAHTJ9DNZD6W2WDN8KC6P,2025-06-30T21:23:19.134939274Z
01JZ1BP24NK2YBRV53KJHKNFKP,01JZ1B1VZ9TM9N3252XVVAH9DZ,2025-06-30T21:25:26.805662742Z,01JZ1B1W4RP0VXDDKCJTNKM3AX,2025-06-30T21:25:26.805662742Z,01JZ1B80W46R4JBTV3ZZ1YXW46,2025-06-30T21:25:26.805662742Z,01JZ1BNY7WEGTS4M119S3G7CHR,2025-06-30T21:25:26.805662742Z,01JZ1BNYCRHZTXEXN79JQJHYW9,2025-06-30T21:25:26.805662742Z
01JZ1GG8TCYV92M1MJ8XKWHQPB,01JZ1G29Q82GQAKEXSK2E7NK3R,2025-06-30T22:49:39.916705453Z,01JZ1G2A24PAZYJHH2EQFGJG7N,2025-06-30T22:49:39.916705453Z,01JZ1G82YG8RECYV7TAMBGD9YX,2025-06-30T22:49:39.916705453Z,01JZ1GG46B57R07ZV286SM8BX0,2025-06-30T22:49:39.916705453Z,01JZ1GG4BHHW923N6103CQ4FCN,2025-06-30T22:49:39.916705453Z
01JZ18NSPDVQ7R3DABCMYG8WM3,01JZ18G4TN4FH7205KTQTFE7PM,2025-06-30T20:32:52.429671529Z,01JZ18G4ZDA13FR053ZT1R1FPF,2025-06-30T20:32:52.429671529Z,01JZ18HGW0W96RSNBB49GQ9E8B,2025-06-30T20:32:52.429671529Z,01JZ18NR5AG219ZPCM6XMBS475,2025-06-30T20:32:52.429671529Z,01JZ18NR807382NWM43SC3W0P4,2025-06-30T20:32:52.429671529Z
01JZ18RR0YK6KMZ89P2STF1Q2E,01JZ18G4TN4FH7205KTQTFE7PM,2025-06-30T20:34:29.022346539Z,01JZ18G4XMK5QHE5YNTR43VZ9V,2025-06-30T20:34:29.022346539Z,01JZ18NBPDW8GJCMK3V0N2AHJY,2025-06-30T20:34:29.022346539Z,01JZ18RP7K0MQCXP7DDG2EV4WD,2025-06-30T20:34:29.022346539Z,01JZ18RPAN9E7YY547RMV3BXKB,2025-06-30T20:34:29.022346539Z
01JZ1BNV54SVDR03F2RMB6KTY3,01JZ1B1VZ9TM9N3252XVVAH9DZ,2025-06-30T21:25:19.652097524Z,01JZ1B1W46BH5YH0XYSE8KJRBK,2025-06-30T21:25:19.652097524Z,01JZ1B88RR65Q9PG31DJTYC075,2025-06-30T21:25:19.652097524Z,01JZ1BJ1ABMADNQ2K1TJQ9ED7W,2025-06-30T21:25:19.652097524Z,01JZ1BJ1M7XDY268RM8XKDKRZM,2025-06-30T21:25:19.652097524Z
01JZ1CT0Y73H4NQX1P7FBX4YJ2,01JZ1C4XJFQQ45ZHGATAXVBX0J,2025-06-30T21:45:05.223204762Z,01JZ1C4XNE4VHGMR9JDZS6Y7F9,2025-06-30T21:45:05.223204762Z,01JZ1CH99SCVGB71HN39473CFW,2025-06-30T21:45:05.223204762Z,01JZ1CM9MH9FR8B6ZK0QM2XBF8,2025-06-30T21:45:05.223204762Z,01JZ1CM9YYDD48AM5D9EXZ54SW,2025-06-30T21:45:05.223204762Z
01JZ1F3PVRRQ5J0PAKC75ZK12R,01JZ1E916HBESJXS5SJ82BFZ21,2025-06-30T22:25:19.736058311Z,01JZ1E91WFH0SPDF0PZ6G1349X,2025-06-30T22:25:19.736058311Z,01JZ1EAPTEQ3YCZAND0ZRHWRT7,2025-06-30T22:25:19.736058311Z,01JZ1EY0RN0AQVXD4S7119EDC2,2025-06-30T22:25:19.736058311Z,01JZ1EY1DAS13TN13JWRWB5PDG,2025-06-30T22:25:19.736058311Z
01JZ1GPBF3BE7DAE5PS8F2YJZV,01JZ1G29Q82GQAKEXSK2E7NK3R,2025-06-30T22:52:59.23564512Z,01JZ1G2A3Q53QEYHDQX68WVVKH,2025-06-30T22:52:59.23564512Z,01JZ1G3T5HF7S211AZP2YJBSVP,2025-06-30T22:52:59.23564512Z,01JZ1GE1GBK17T8759BQQREJNN,2025-06-30T22:52:59.23564512Z,01JZ1GE287M7WV0AR9BBZAE0XW,2025-06-30T22:52:59.23564512Z
01JZ17QS20NW5SBEFAYV9YCTZN,01JZ170DPRHYGRH6M74WMGZ8J5,2025-06-30T20:16:28.736902024Z,01JZ170DSTXK5Z1DV671606E6A,2025-06-30T20:16:28.736902024Z,01JZ17BGC64Z781MGW1Y4T7SRJ,2025-06-30T20:16:28.736902024Z,01JZ17J85FH6ZCHDJEZZH3F672,2025-06-30T20:16:28.736902024Z,01JZ17J87519JCK2AZYDFXS31M,2025-06-30T20:16:28.736902024Z
01JZ17R6ZQRV89WKGGZA5W9RFR,01JZ170DPRHYGRH6M74WMGZ8J5,2025-06-30T20:16:42.999496383Z,01JZ170DRSFZ9Y16965WN1Z2F9,2025-06-30T20:16:42.999496383Z,01JZ17C681KCXJ6DBBJAQ640Z7,2025-06-30T20:16:42.999496383Z,01JZ17G70SJ14STM6REY4G3XP7,2025-06-30T20:16:42.999496383Z,01JZ17G73V9W3VNSM29V3RZ5DW,2025-06-30T20:16:42.999496383Z
01JZ17TWES6ZCN4233NX2D0MQD,01JZ170DPRHYGRH6M74WMGZ8J5,2025-06-30T20:18:10.521265146Z,01JZ170DSWJ6311N72HPSQWG9K,2025-06-30T20:18:10.521265146Z,01JZ17AF66R5T85771E9QQ650E,2025-06-30T20:18:10.521265146Z,01JZ17KG4GY236VDZCYE8QS8G2,2025-06-30T20:18:10.521265146Z,01JZ17KG911NYQ5N6FHQBCSNCV,2025-06-30T20:18:10.521265146Z
01JZ18ZM2QMWA6XE7N7ZCMQPWT,01JZ18G4TN4FH7205KTQTFE7PM,2025-06-30T20:38:14.359148708Z,01JZ18G4YTQTSXFW2X0Y80VGVG,2025-06-30T20:38:14.359148708Z,01JZ18JHMPB6Y0TNZB1CBHN9G9,2025-06-30T20:38:14.359148708Z,01JZ18QCJV80NZ6CWN841W78CA,2025-06-30T20:38:14.359148708Z,01JZ18QCTC2XN58WT3REP763GK,2025-06-30T20:38:14.359148708Z
01JZ1DTCV57CQY45BCVNY13VJ7,01JZ1D0RX94M7HHBAJDNGV8QRS,2025-06-30T22:02:45.989919662Z,01JZ1D0S3N2D9DCG3EHS8AP4R1,2025-06-30T22:02:45.989919662Z,01JZ1DB76758JPZGHYCN646V7S,2025-06-30T22:02:45.989919662Z,01JZ1DJBGG0DEBHS0YMCP0X5R4,2025-06-30T22:02:45.989919662Z,01JZ1DJC666YCNMCW0V5D6S1ND,2025-06-30T22:02:45.989919662Z
01JZ1H028THBRYPN9D3VQ8R2TV,01JZ1G29Q82GQAKEXSK2E7NK3R,2025-06-30T22:58:17.498257809Z,01JZ1G2A58JMFV91VV93EGJJQY,2025-06-30T22:58:17.498257809Z,01JZ1GV1M5Q32ZNQW2E45R5EH9,2025-06-30T22:58:17.498257809Z,01JZ1GW3DRA0H5QCSGM2BKZ7GX,2025-06-30T22:58:17.498257809Z,01JZ1GW42H2JJBV0X7QNB3MK6M,2025-06-30T22:58:17.498257809Z
01JZ17NQYPQKBBR80MKWNRZRMG,01JZ170DPRHYGRH6M74WMGZ8J5,2025-06-30T20:15:22.070246064Z,01JZ170DRSFZ9Y16965WN1Z2F9,2025-06-30T20:15:22.070246064Z,01JZ17ACVQQE42SB51P5M3A1GH,2025-06-30T20:15:22.070246064Z,01JZ17G70WMTCCVM6PEEY7RHRW,2025-06-30T20:15:22.070246064Z,01JZ17G7298RBRVJCBJC8BZ1T6,2025-06-30T20:15:22.070246064Z
01JZ17P52XTFYEENJ8Q6EYKK0E,01JZ170DPRHYGRH6M74WMGZ8J5,2025-06-30T20:15:35.517721698Z,01JZ170DSR5F2SARFX61BD5BFD,2025-06-30T20:15:35.517721698Z,01JZ17ADWXQ9CX9S0BD7VM2S2J,2025-06-30T20:15:35.517721698Z,01JZ17M8SSZ2QHECS5BA0DPMCQ,2025-06-30T20:15:35.517721698Z,01JZ17M8WXSFWB8V7Y2FQJ97BS,2025-06-30T20:15:35.517721698Z
01JZ18RKXER6YXC9J53ERKZ2BC,01JZ18G4TN4FH7205KTQTFE7PM,2025-06-30T20:34:24.814097565Z,01JZ18G4Y1ABZPJ815NAWEN19T,2025-06-30T20:34:24.814097565Z,01JZ18KZMETYG3YXGETN6WS81Q,2025-06-30T20:34:24.814097565Z,01JZ18PMF1481YNW4VF038RS60,2025-06-30T20:34:24.814097565Z,01JZ18PMJBDVTC0R5KWM9WQSVK,2025-06-30T20:34:24.814097565Z
01JZ18TFRDM0KT7C34MD0BXN34,01JZ18G4TN4FH7205KTQTFE7PM,2025-06-30T20:35:26.093603238Z,01JZ18G4Y1ABZPJ815NAWEN19T,2025-06-30T20:35:26.093603238Z,01JZ18HGDSE2JWMVWW1YEZN8Q5,2025-06-30T20:35:26.093603238Z,01JZ18PMF1481YNW4VF038RS60,2025-06-30T20:35:26.093603238Z,01JZ18PMJNDHJZTMJ5QAYTKKV0,2025-06-30T20:35:26.093603238Z
01JZ17XWQT2AT59400YQHAKG1M,01JZ170DPRHYGRH6M74WMGZ8J5,2025-06-30T20:19:49.114354134Z,01JZ170DRQN15452AYS561M232,2025-06-30T20:19:49.114354134Z,01JZ17QY7AVGGNKHH7ZM5STBVV,2025-06-30T20:19:49.114354134Z,01JZ17RBCT038Y8QAFS6F67QDM,2025-06-30T20:19:49.114354134Z,01JZ17RBGPE2RQ9J5YW800P61S,2025-06-30T20:19:49.114354134Z
01JZ1806PY9AXH8MWZSPFG18QT,01JZ170DPRHYGRH6M74WMGZ8J5,2025-06-30T20:21:04.862118194Z,01JZ170DSP5HFMBRZWFQV8RFVC,2025-06-30T20:21:04.862118194Z,01JZ17D1Z4NJ06X2DRQ0XR8Y1G,2025-06-30T20:21:04.862118194Z,01JZ17RSKEA3VSTDSCVCP8YEVJ,2025-06-30T20:21:04.862118194Z,01JZ17RSQQ5R29M9ZYPYQHTQKD,2025-06-30T20:21:04.862118194Z
01JZ18X234JV1XJF7CE3800BGT,01JZ18G4TN4FH7205KTQTFE7PM,2025-06-30T20:36:50.404088207Z,01JZ18G4YTQTSXFW2X0Y80VGVG,2025-06-30T20:36:50.404088207Z,01JZ18J569YAEG0XPKSGQBZNYX,2025-06-30T20:36:50.404088207Z,01JZ18QCHSRQEB636MAZYTF93F,2025-06-30T20:36:50.404088207Z,01JZ18QCPBPST0PE1NJV4R0V1Y,2025-06-30T20:36:50.404088207Z
01JZ1DB69GVQ7AM0HHSA547X26,01JZ1D0RX94M7HHBAJDNGV8QRS,2025-06-30T21:54:27.760048203Z,01JZ1D0S58CJJ0G6BA8AW8ZVCS,2025-06-30T21:54:27.760048203Z,01JZ1D4DS7AYHA2YKV7CP2TXFR,2025-06-30T21:54:27.760048203Z,01JZ1D972VTRZHGE4AKVG9RETY,2025-06-30T21:54:27.760048203Z,01JZ1D97B1ZB6BYB709AQNDGG4,2025-06-30T21:54:27.760048203Z
01JZ1H2GSSQWGBPJA4TGWMPJTX,01JZ1G29Q82GQAKEXSK2E7NK3R,2025-06-30T22:59:37.913087878Z,01JZ1G2AATTMJJ07WA2JZ9MF1K,2025-06-30T22:59:37.913087878Z,01JZ1GRY7J5YBFT0P7ME9XRK58,2025-06-30T22:59:37.913087878Z,01JZ1GWNC8K4Z8FGCARK2K5BBW,2025-06-30T22:59:37.913087878Z,01JZ1GWPA49CANG15VW5T9CHFB,2025-06-30T22:59:37.913087878Z
01JZ17HKK45K29V0A6WFVET6WD,01JZ170DPRHYGRH6M74WMGZ8J5,2025-06-30T20:13:06.532689708Z,01JZ170DS32PJY8CQRMADJXFRG,2025-06-30T20:13:06.532689708Z,01JZ176XCKRH7MED6P6JRG4D22,2025-06-30T20:13:06.532689708Z,01JZ17HJYFQV3K1KSV87NRHNJ3,2025-06-30T20:13:06.532689708Z,01JZ17HJZ8K670XSZXPTHJKV59,2025-06-30T20:13:06.532689708Z
01JZ17KX7RHT4GG0BW42HJ2ZRE,01JZ170DPRHYGRH6M74WMGZ8J5,2025-06-30T20:14:21.944964519Z,01JZ170DRSFZ9Y16965WN1Z2F9,2025-06-30T20:14:21.944964519Z,01JZ17C681KCXJ6DBBJAQ640Z7,2025-06-30T20:14:21.944964519Z,01JZ17G70WMTCCVM6PEEY7RHRW,2025-06-30T20:14:21.944964519Z,01JZ17G727VG4YHCJPC4W5XXSC,2025-06-30T20:14:21.944964519Z
01JZ1BSHYDFPHW0EZ046JE5WX3,01JZ1B1VZ9TM9N3252XVVAH9DZ,2025-06-30T21:27:21.293370717Z,01JZ1B1W46BH5YH0XYSE8KJRBK,2025-06-30T21:27:21.293370717Z,01JZ1ANK2PZ7NTFNFMNB753RPA,2025-06-30T21:27:21.293370717Z,01JZ1BJ1CD7PGGMV0A6YRMHSQJ,2025-06-30T21:27:21.293370717Z,01JZ1BJ1Q3JY8NWMAF904NVX9Y,2025-06-30T21:27:21.293370717Z
01JZ17QWX6JRYC67FK25RBA17B,01JZ170DPRHYGRH6M74WMGZ8J5,2025-06-30T20:16:32.678302612Z,01JZ170DRSFZ9Y16965WN1Z2F9,2025-06-30T20:16:32.678302612Z,01JZ17C7XWANHTDKEBR013EKFH,2025-06-30T20:16:32.678302612Z,01JZ17G70EF8S99NVNWP5G0YQ4,2025-06-30T20:16:32.678302612Z,01JZ17G73DDSDDSGVZG6A3MBYY,2025-06-30T20:16:32.678302612Z
01JZ1900JNP6V2Q41FAS1TPAZJ,01JZ18G4TN4FH7205KTQTFE7PM,2025-06-30T20:38:27.157512583Z,01JZ18G50G0GKPPCFSW2N0ZNW1,2025-06-30T20:38:27.157512583Z,01JZ18MW05S42NZ47MWBQC7P11,2025-06-30T20:38:27.157512583Z,01JZ18RHGXJHBRSARA96JJK9J9,2025-06-30T20:38:27.157512583Z,01JZ18RHNXCBMWVWD9NGWXVR9R,2025-06-30T20:38:27.157512583Z
01JZ1BM041SFHBKHFRER74R787,01JZ1B1VZ9TM9N3252XVVAH9DZ,2025-06-30T21:24:19.201930075Z,01JZ1B1W46BH5YH0XYSE8KJRBK,2025-06-30T21:24:19.201930075Z,01JZ1B9W35DBJAZZ7ZHMPZZDPP,2025-06-30T21:24:19.201930075Z,01JZ1BJ1ABMADNQ2K1TJQ9ED7W,2025-06-30T21:24:19.201930075Z,01JZ1BJ1KA0R53MJZQYVW64Y0X,2025-06-30T21:24:19.201930075Z
01JZ17SKYGYQSF4WMGZ9YVN2NY,01JZ170DPRHYGRH6M74WMGZ8J5,2025-06-30T20:17:29.040592858Z,01JZ170DSTXK5Z1DV671606E6A,2025-06-30T20:17:29.040592858Z,01JZ17BGC64Z781MGW1Y4T7SRJ,2025-06-30T20:17:29.040592858Z,01JZ17J85HSFJ5VF5EC9WG406J,2025-06-30T20:17:29.040592858Z,01JZ17J87S03SNAFE03XXVRYFF,2025-06-30T20:17:29.040592858Z
01JZ17VBEJB0SM2C7MCAGS2HEK,01JZ170DPRHYGRH6M74WMGZ8J5,2025-06-30T20:18:25.874509712Z,01JZ170DS0283SZNEN95XAWWS4,2025-06-30T20:18:25.874509712Z,01JZ17NQ4AD6VM7PXCZNF246W5,2025-06-30T20:18:25.874509712Z,01JZ17NT7VKFDEH0WZ6ZY88ZPG,2025-06-30T20:18:25.874509712Z,01JZ17NTA2X67VBRWPPAXKVKJM,2025-06-30T20:18:25.874509712Z
01JZ18V6VD8F0W5FYE7ZZYK831,01JZ18G4TN4FH7205KTQTFE7PM,2025-06-30T20:35:49.741089884Z,01JZ18G4YTQTSXFW2X0Y80VGVG,2025-06-30T20:35:49.741089884Z,01JZ18M95D7WX9RB46ACE56086,2025-06-30T20:35:49.741089884Z,01JZ18QCHSRQEB636MAZYTF93F,2025-06-30T20:35:49.741089884Z,01JZ18QCP19745TT978W5P3MRY,2025-06-30T20:35:49.741089884Z
01JZ1BSRHEQBQT69GJGJEY9BKN,01JZ1B1VZ9TM9N3252XVVAH9DZ,2025-06-30T21:27:28.046075317Z,01JZ1B1W4RP0VXDDKCJTNKM3AX,2025-06-30T21:27:28.046075317Z,01JZ1B4QMHRDEJR6YWEDX6CP6V,2025-06-30T21:27:28.046075317Z,01JZ1BNY8P6J7MV2A9X36WMPD0,2025-06-30T21:27:28.046075317Z,01JZ1BNYJE58CSDJ8V1RP7ASYS,2025-06-30T21:27:28.046075317Z
01JZ1F5JTFG51X2P7GHQNF83M2,01JZ1E916HBESJXS5SJ82BFZ21,2025-06-30T22:26:21.135485446Z,01JZ1E91WFH0SPDF0PZ6G1349X,2025-06-30T22:26:21.135485446Z,01JZ1EBNRXWXP0H461Z4YMKNYP,2025-06-30T22:26:21.135485446Z,01JZ1EY0V936Q11XBE6E3XZ1F6,2025-06-30T22:26:21.135485446Z,01JZ1EY1HBSM2CRPCB3ED4DTPP,2025-06-30T22:26:21.135485446Z
01JZ1H4RRSF0Z4GP187S70X93F,01JZ1G29Q82GQAKEXSK2E7NK3R,2025-06-30T23:00:51.609395434Z,01JZ1G2AATTMJJ07WA2JZ9MF1K,2025-06-30T23:00:51.609395434Z,01JZ1G6XMV3T4ACX6H99BN9F1E,2025-06-30T23:00:51.609395434Z,01JZ1GWNK8HR62RH8YCT5E8YRY,2025-06-30T23:00:51.609395434Z,01JZ1GWPKTD5JEXNEERZZN8R9M,2025-06-30T23:00:51.609395434Z
01JZ17SQYEHMQXZRVB2W7H7FYV,01JZ170DPRHYGRH6M74WMGZ8J5,2025-06-30T20:17:33.134785734Z,01JZ170DRWH3Q5VEKFYTCWXCB9,2025-06-30T20:17:33.134785734Z,01JZ17HZPCKK6WHFW0W029CFVG,2025-06-30T20:17:33.134785734Z,01JZ17M6426GB2CWYTAT7MS6CN,2025-06-30T20:17:33.134785734Z,01JZ17M66CRZJG66NVRGEF34B3,2025-06-30T20:17:33.134785734Z
01JZ18ZXMC56XZRDASX8K79752,01JZ18G4TN4FH7205KTQTFE7PM,2025-06-30T20:38:24.1403087Z,01JZ18G4XDWA3A08Y0HZ5HSAAF,2025-06-30T20:38:24.1403087Z,01JZ18JX7AQFGHWSY2V5AEBRM0,2025-06-30T20:38:24.1403087Z,01JZ18R10H32Q9CQ9VTYQTZJBZ,2025-06-30T20:38:24.1403087Z,01JZ18R16YD5FKS8D6PV6ZDNK0,2025-06-30T20:38:24.1403087Z
01JZ1AJMK1YGFNTERJKKDZ3KRX,01JZ19VEXCKVX740B60X4W6PQN,2025-06-30T21:06:06.049735279Z,01JZ19VF5YA4VZJRJDVJVY1XBY,2025-06-30T21:06:06.049735279Z,01JZ1A8FR32NPD5RJ1DVE9H7Y6,2025-06-30T21:06:06.049735279Z,01JZ1AAR25HY3X5YXR8EKP4ZNT,2025-06-30T21:06:06.049735279Z,01JZ1AARBJSP4Q4WRQR945GTZC,2025-06-30T21:06:06.049735279Z
01JZ1BXF9ZZZ625BGPFRY672RN,01JZ1B1VZ9TM9N3252XVVAH9DZ,2025-06-30T21:29:29.663395447Z,01JZ1B1W4RP0VXDDKCJTNKM3AX,2025-06-30T21:29:29.663395447Z,01JZ1B80W46R4JBTV3ZZ1YXW46,2025-06-30T21:29:29.663395447Z,01JZ1BNYAAW7XNTC5PXF53BARA,2025-06-30T21:29:29.663395447Z,01JZ1BNYP3JXAKJ010P72BJYG8,2025-06-30T21:29:29.663395447Z
01JZ1DEMEYJBGPSXCRVPBVJ3R7,01JZ1D0RX94M7HHBAJDNGV8QRS,2025-06-30T21:56:20.57450632Z,01JZ1D0S14X3T6948SDJVF454K,2025-06-30T21:56:20.57450632Z,01JZ1D4SCYXBMNQ70R3B47BMPE,2025-06-30T21:56:20.57450632Z,01JZ1DCMNY0VAHZRBKPHM6R6CB,2025-06-30T21:56:20.57450632Z,01JZ1DCMY62GH7D5YECF4G95A6,2025-06-30T21:56:20.57450632Z
01JZ17KH0QWF74B7ASAS6GHBWX,01JZ170DPRHYGRH6M74WMGZ8J5,2025-06-30T20:14:09.431401236Z,01JZ170DSWJ6311N72HPSQWG9K,2025-06-30T20:14:09.431401236Z,01JZ178GZ31S8C5ECRC86PTTAS,2025-06-30T20:14:09.431401236Z,01JZ17KG5B6EC4G1KASHS52HR2,2025-06-30T20:14:09.431401236Z,01JZ17KG69JDSJMYJ0G4QW97X0,2025-06-30T20:14:09.431401236Z
01JZ17RZ42552CAWQRATDGGZRB,01JZ170DPRHYGRH6M74WMGZ8J5,2025-06-30T20:17:07.714682681Z,01JZ170DS32PJY8CQRMADJXFRG,2025-06-30T20:17:07.714682681Z,01JZ17A8QJRMY4CTZ0TGBPTVC4,2025-06-30T20:17:07.714682681Z,01JZ17HJY1YPM205KVGKCXFQS3,2025-06-30T20:17:07.714682681Z,01JZ17HK1CA56HZ85HYCEFTDYK,2025-06-30T20:17:07.714682681Z
01JZ17SF6Y2B7GKX9SAW8YB2N9,01JZ170DPRHYGRH6M74WMGZ8J5,2025-06-30T20:17:24.19093082Z,01JZ170DSXXMDA003X79NFA4N0,2025-06-30T20:17:24.19093082Z,01JZ17DZPC160FQJMAZ5KCFYDP,2025-06-30T20:17:24.19093082Z,01JZ17NRSETRAHA86XGKD3ZGNV,2025-06-30T20:17:24.19093082Z,01JZ17NRV2ZDNVW5Z7WBNTSDV4,2025-06-30T20:17:24.19093082Z
01JZ1AEG2GTXJSMHBPV504B54V,01JZ19VEXCKVX740B60X4W6PQN,2025-06-30T21:03:50.353000281Z,01JZ19VF9WCS5BMDRCPXZK6ZBF,2025-06-30T21:03:50.353000281Z,01JZ19Y0QS6ZDMVQR73DRR23RB,2025-06-30T21:03:50.353000281Z,01JZ1A8RTBQBGQ6B3M8DMQ82K3,2025-06-30T21:03:50.353000281Z,01JZ1A8RYVY57RPWHFYD5PSDYS,2025-06-30T21:03:50.353000281Z
01JZ1ATV9455WVYNXJ8VNKJHQR,01JZ19VEXCKVX740B60X4W6PQN,2025-06-30T21:10:35.044917883Z,01JZ19VF3FCDRKA7RA8CE3SQDH,2025-06-30T21:10:35.044917883Z,01JZ1AJWEBWSA9H9YV5TJD6D6N,2025-06-30T21:10:35.044917883Z,01JZ1AK0FG87FE5VK2WQYRA4AC,2025-06-30T21:10:35.044917883Z,01JZ1AK0XDV6365RMXQC0X30PG,2025-06-30T21:10:35.044917883Z
01JZ1BAN2ZBJX7B98VJA084EY7,01JZ1B1VZ9TM9N3252XVVAH9DZ,2025-06-30T21:19:12.991238246Z,01JZ1B1W6S117BH8HCA7NH9R7E,2025-06-30T21:19:12.991238246Z,01JZ1B7296HT4QZTVSQ7DGFCMT,2025-06-30T21:19:12.991238246Z,01JZ1BAHADH4W4M1AJ6DNKBPWK,2025-06-30T21:19:12.991238246Z,01JZ1BAHHFGV7D8DX0F23S9G4D,2025-06-30T21:19:12.991238246Z
01JZ1BG6J74ZK2KWMH8VXAK3DY,01JZ1B1VZ9TM9N3252XVVAH9DZ,2025-06-30T21:22:14.727207626Z,01JZ1B1W6S117BH8HCA7NH9R7E,2025-06-30T21:22:14.727207626Z,01JZ1B51FGYNJ0T68GXM1MEH1R,2025-06-30T21:22:14.727207626Z,01JZ1BAHCPD0S01DARX26K93JP,2025-06-30T21:22:14.727207626Z,01JZ1BAHQZCEJFHZVQ6PYBVW81,2025-06-30T21:22:14.727207626Z
01JZ1DJHHSFPXJH8FK8FYTY9DC,01JZ1D0RX94M7HHBAJDNGV8QRS,2025-06-30T21:58:28.665194395Z,01JZ1D0S3N2D9DCG3EHS8AP4R1,2025-06-30T21:58:28.665194395Z,01JZ1DB76758JPZGHYCN646V7S,2025-06-30T21:58:28.665194395Z,01JZ1DJBC9HNDPFTVHPRJH9HNY,2025-06-30T21:58:28.665194395Z,01JZ1DJBMS2VR0TYP78NWK9H4R,2025-06-30T21:58:28.665194395Z
01JZ18VDRAY8139736BR2S80P3,01JZ18G4TN4FH7205KTQTFE7PM,2025-06-30T20:35:56.810484034Z,01JZ18G4ZPD0G0WRB3ZSNJ4KSW,2025-06-30T20:35:56.810484034Z,01JZ18KHM8GJ48PE7RRH6Y4W94,2025-06-30T20:35:56.810484034Z,01JZ18QMDSQREXVSZ9J332HVG7,2025-06-30T20:35:56.810484034Z,01JZ18QMN8KXV42Y2BEFTEBTVN,2025-06-30T20:35:56.810484034Z
01JZ18ZRJ7HFRSRFZAC9G5NKYA,01JZ18G4TN4FH7205KTQTFE7PM,2025-06-30T20:38:18.951493694Z,01JZ18G4YK3PSP6R2PNWBA4P8S,2025-06-30T20:38:18.951493694Z,01JZ18K6XVG6N44078RFW6M633,2025-06-30T20:38:18.951493694Z,01JZ18QWAK96HX887YH26X2DYC,2025-06-30T20:38:18.951493694Z,01JZ18QWHXP6KRJF2Q2G362FXG,2025-06-30T20:38:18.951493694Z
01JZ190YXY0J4TEVYVGM5K7K37,01JZ18G4TN4FH7205KTQTFE7PM,2025-06-30T20:38:58.238499745Z,01JZ18G4ZZG5A688HVVJGKBFVW,2025-06-30T20:38:58.238499745Z,01JZ18MMDMG5C7AC3NER6KSMTG,2025-06-30T20:38:58.238499745Z,01JZ18RFR1W3YDRVBYSTVG4Z41,2025-06-30T20:38:58.238499745Z,01JZ18RG0CQ87A49BPS6H0BNG2,2025-06-30T20:38:58.238499745Z
01JZ1DQQ6K9F454T83E448SSMZ,01JZ1D0RX94M7HHBAJDNGV8QRS,2025-06-30T22:01:18.29116517Z,01JZ1D0S064NT759Q480WCA8PK,2025-06-30T22:01:18.29116517Z,01JZ1DB67XDQM93GQRR65SS1X0,2025-06-30T22:01:18.29116517Z,01JZ1DFXV9T1EVC6HZV4AB9RYD,2025-06-30T22:01:18.29116517Z,01JZ1DFYY3YCK7AD9N3RJDSMKB,2025-06-30T22:01:18.29116517Z
01JZ1H2GR95BPBE9E6VR64F59Z,01JZ1G29Q82GQAKEXSK2E7NK3R,2025-06-30T22:59:37.865088787Z,01JZ1G2AATTMJJ07WA2JZ9MF1K,2025-06-30T22:59:37.865088787Z,01JZ1GPSZ98FX0GSJ1PJWWQANW,2025-06-30T22:59:37.865088787Z,01JZ1GWNC8K4Z8FGCARK2K5BBW,2025-06-30T22:59:37.865088787Z,01JZ1GWPA49CANG15VW5T9CHFB,2025-06-30T22:59:37.865088787Z
01JZ190DNEW6NQBYF4CF5BSPH1,01JZ18G4TN4FH7205KTQTFE7PM,2025-06-30T20:38:40.558534054Z,01JZ18G4XDWA3A08Y0HZ5HSAAF,2025-06-30T20:38:40.558534054Z,01JZ18N4BCMMEGJT5ZAJGY6HHX,2025-06-30T20:38:40.558534054Z,01JZ18R104VYMDDRK1QJHT9RQ9,2025-06-30T20:38:40.558534054Z,01JZ18R18DFKMEAWWTVWN3KHR5,2025-06-30T20:38:40.558534054Z
01JZ1DNS4JW0XTNDRPK2CCHWGF,01JZ1D0RX94M7HHBAJDNGV8QRS,2025-06-30T22:00:14.738490575Z,01JZ1D0S4EMT97ECKQ06X1ZWAX,2025-06-30T22:00:14.738490575Z,01JZ1DAGGXK4R30KWG4J61A22A,2025-06-30T22:00:14.738490575Z,01JZ1DHWG8MPVQVFH1DPRPET9V,2025-06-30T22:00:14.738490575Z,01JZ1DHWTB93F3Q6WQXJSYB925,2025-06-30T22:00:14.738490575Z
01JZ1EYKDVXSCDYXTFX6WYK0H0,01JZ1E916HBESJXS5SJ82BFZ21,2025-06-30T22:22:32.379424785Z,01JZ1E91HHYKGR583PHV4V6JXR,2025-06-30T22:22:32.379424785Z,01JZ1EK77BRBNM03T0A9A1Z152,2025-06-30T22:22:32.379424785Z,01JZ1ERV8NQ1N608W7HC4Y405V,2025-06-30T22:22:32.379424785Z,01JZ1ERVNHV7ET6RPMV36W0M4V,2025-06-30T22:22:32.379424785Z
01JZ17KRC6HCSBZPC0HV9VEXZ5,01JZ170DPRHYGRH6M74WMGZ8J5,2025-06-30T20:14:16.966078005Z,01JZ170DS434CCJM920VN081CV,2025-06-30T20:14:16.966078005Z,01JZ17BSJ6X9VEMM4EYWC90B29,2025-06-30T20:14:16.966078005Z,01JZ17HX0ZXKJ4A0TXNHXA38XE,2025-06-30T20:14:16.966078005Z,01JZ17HX27YPRH0BCQM17SB655,2025-06-30T20:14:16.966078005Z
01JZ17S95P72JX8AVM4PMS8PMM,01JZ170DPRHYGRH6M74WMGZ8J5,2025-06-30T20:17:18.006980273Z,01JZ170DS32PJY8CQRMADJXFRG,2025-06-30T20:17:18.006980273Z,01JZ17E843W70EAJQAQ7A43HFS,2025-06-30T20:17:18.006980273Z,01JZ17HJY4CGFR7PYHRBPAT4T8,2025-06-30T20:17:18.006980273Z,01JZ17HK1YWX6QKK37P4BCG5CK,2025-06-30T20:17:18.006980273Z
01JZ18ZGZ1Y8J7ZV3RVHRKQBDM,01JZ18G4TN4FH7205KTQTFE7PM,2025-06-30T20:38:11.169525187Z,01JZ18G4ZPD0G0WRB3ZSNJ4KSW,2025-06-30T20:38:11.169525187Z,01JZ18KHM8GJ48PE7RRH6Y4W94,2025-06-30T20:38:11.169525187Z,01JZ18QMEETMY6YTPVQZEX7GRT,2025-06-30T20:38:11.169525187Z,01JZ18QMTQWP8XJEYM3C9FN5NN,2025-06-30T20:38:11.169525187Z
01JZ1AAFA6BVDX76W5ERSNPYPS,01JZ19VEXCKVX740B60X4W6PQN,2025-06-30T21:01:38.502861341Z,01JZ19VF81DTYMGWYB0TAJKDWY,2025-06-30T21:01:38.502861341Z,01JZ19XTEVTQG67NAP9C737569,2025-06-30T21:01:38.502861341Z,01JZ1AABJ0BY70FX8865HSNR55,2025-06-30T21:01:38.502861341Z,01JZ1AABW8MTCD6QEB2EN9GF98,2025-06-30T21:01:38.502861341Z
01JZ1BSDDSBDX1DM5CEG4V7MNN,01JZ1B1VZ9TM9N3252XVVAH9DZ,2025-06-30T21:27:16.665874268Z,01JZ1B1W68Y1JCNSRHTZJR0WTB,2025-06-30T21:27:16.665874268Z,01JZ1B792JY1J7NFJKWZPMCAGM,2025-06-30T21:27:16.665874268Z,01JZ1BH4CC6N46FP386VHR81G9,2025-06-30T21:27:16.665874268Z,01JZ1BH4V57GVQTP5Y76241390,2025-06-30T21:27:16.665874268Z
01JZ1DKYC7HH78JMQRDV19G7NS,01JZ1D0RX94M7HHBAJDNGV8QRS,2025-06-30T21:59:14.567066799Z,01JZ1D0S064NT759Q480WCA8PK,2025-06-30T21:59:14.567066799Z,01JZ1D7QQ9A97C7JTBZNPKRB8Y,2025-06-30T21:59:14.567066799Z,01JZ1DFXKSWPB74HF8RE7BCFY9,2025-06-30T21:59:14.567066799Z,01JZ1DFYMB3G6E7ZN239KK29E4,2025-06-30T21:59:14.567066799Z
01JZ1DP9TWMZKJC0JF0SRFHCTT,01JZ1D0RX94M7HHBAJDNGV8QRS,2025-06-30T22:00:31.836934849Z,01JZ1D0S3N2D9DCG3EHS8AP4R1,2025-06-30T22:00:31.836934849Z,01JZ1DB76758JPZGHYCN646V7S,2025-06-30T22:00:31.836934849Z,01JZ1DJBF7R7NJ28KS5SRS1EHV,2025-06-30T22:00:31.836934849Z,01JZ1DJBTFKHRQNCWHMB23A1KW,2025-06-30T22:00:31.836934849Z
01JZ1F4T1N8JY8999QTYG0JXEB,01JZ1E916HBESJXS5SJ82BFZ21,2025-06-30T22:25:55.765106868Z,01JZ1E91MDHZVF6NVBEDDVGZWT,2025-06-30T22:25:55.765106868Z,01JZ1EDVQZ0X09D6ACA1N9J2V2,2025-06-30T22:25:55.765106868Z,01JZ1EWVMZXSDYKNCVCZNFHQ7S,2025-06-30T22:25:55.765106868Z,01JZ1EWW53MYETJ8GQ7KY9R871,2025-06-30T22:25:55.765106868Z
01JZ17SGQ5VBTABDKVGE5FGVQ9,01JZ170DPRHYGRH6M74WMGZ8J5,2025-06-30T20:17:25.733441055Z,01JZ170DS0283SZNEN95XAWWS4,2025-06-30T20:17:25.733441055Z,01JZ17NQ4AD6VM7PXCZNF246W5,2025-06-30T20:17:25.733441055Z,01JZ17NT7VKFDEH0WZ6ZY88ZPG,2025-06-30T20:17:25.733441055Z,01JZ17NT9X0P9NVJSHGH03AW8Q,2025-06-30T20:17:25.733441055Z
01JZ17WNKMZFCH5ZWQ6W6VPG3P,01JZ170DPRHYGRH6M74WMGZ8J5,2025-06-30T20:19:09.044745093Z,01JZ170DSMJZPS89ZBMFZ7ATK7,2025-06-30T20:19:09.044745093Z,01JZ17DJ18S9CGE8H6D4S1K333,2025-06-30T20:19:09.044745093Z,01JZ17MYEV0AG6XJGH9VVJQXPH,2025-06-30T20:19:09.044745093Z,01JZ17MYPS2K5MNF432JBFSPAV,2025-06-30T20:19:09.044745093Z
01JZ18XZYAQZ0KZ9B7KSJD0V1R,01JZ18G4TN4FH7205KTQTFE7PM,2025-06-30T20:37:20.970986026Z,01JZ18G4ZDA13FR053ZT1R1FPF,2025-06-30T20:37:20.970986026Z,01JZ18HQSJCYE6M3YFJES1PERS,2025-06-30T20:37:20.970986026Z,01JZ18NR75F2HVZFYQR471939T,2025-06-30T20:37:20.970986026Z,01JZ18NRDBCH2SZDC43P2TKW60,2025-06-30T20:37:20.970986026Z
01JZ19A6CXF0ND5DTZ9X9H3VHQ,01JZ18R9CHSHJ2BAJZ4M4PAW2X,2025-06-30T20:44:00.797159698Z,01JZ18RA48YSHMY5EWBJ9E61V2,2025-06-30T20:44:00.797159698Z,01JZ192103EKKYM21MP70AEJNN,2025-06-30T20:44:00.797159698Z,01JZ192CP8ATXS4WPZV83STEM3,2025-06-30T20:44:00.797159698Z,01JZ192D9MC3GFNF899ECNXGM8,2025-06-30T20:44:00.797159698Z
01JZ1BJ4Q7PWADK0VYPYNFMDB9,01JZ1B1VZ9TM9N3252XVVAH9DZ,2025-06-30T21:23:18.375807434Z,01JZ1B1W46BH5YH0XYSE8KJRBK,2025-06-30T21:23:18.375807434Z,01JZ1B811D0DJD23YQN2DZYBGD,2025-06-30T21:23:18.375807434Z,01JZ1BJ1B6MS3FTEDBXT15KPRA,2025-06-30T21:23:18.375807434Z,01JZ1BJ1GNZ6C7H5KPQ8D4B59H,2025-06-30T21:23:18.375807434Z
01JZ1GWBJDYMM2N8Y25M8E9R2Y,01JZ1G29Q82GQAKEXSK2E7NK3R,2025-06-30T22:56:15.949955636Z,01JZ1G2A9825Q9R0AFVXQNTR63,2025-06-30T22:56:15.949955636Z,01JZ1G4P5HG5MYYFH3JNW3CKA9,2025-06-30T22:56:15.949955636Z,01JZ1GKM5YC66NJV5SWE394KDW,2025-06-30T22:56:15.949955636Z,01JZ1GKMSAADC004ABTMMTZKAN,2025-06-30T22:56:15.949955636Z
01JZ17HXKDWPVX8QE9AFNSGF1G,01JZ170DPRHYGRH6M74WMGZ8J5,2025-06-30T20:13:16.78105373Z,01JZ170DS434CCJM920VN081CV,2025-06-30T20:13:16.78105373Z,01JZ17AXNB63XKGBKW724P24XM,2025-06-30T20:13:16.78105373Z,01JZ17HX0WDHJY255DWBEJWHE6,2025-06-30T20:13:16.78105373Z,01JZ17HX1MS15WGRQW72F0XWC5,2025-06-30T20:13:16.78105373Z
01JZ17KHEVF0TTKT0X8E2MS7W9,01JZ170DPRHYGRH6M74WMGZ8J5,2025-06-30T20:14:09.884024645Z,01JZ170DS8YWG03GZVY59N3JD0,2025-06-30T20:14:09.884024645Z,01JZ17FA2MQ87XVRF9HC0R27GC,2025-06-30T20:14:09.884024645Z,01JZ17HNMQAAW5HV1NJ3KN0TDP,2025-06-30T20:14:09.884024645Z,01JZ17HNP3AJW0F642RK1ESAQT,2025-06-30T20:14:09.884024645Z
01JZ17ZR4XR7RPEGJKVQ3E6XXM,01JZ170DPRHYGRH6M74WMGZ8J5,2025-06-30T20:20:49.949704461Z,01JZ170DRQN15452AYS561M232,2025-06-30T20:20:49.949704461Z,01JZ17M9BWTED841AF4MEHDDNW,2025-06-30T20:20:49.949704461Z,01JZ17RBD7J0VJVJJG30EA195H,2025-06-30T20:20:49.949704461Z,01JZ17RBHHQPT9A5V5H65VXGK9,2025-06-30T20:20:49.949704461Z
01JZ190G25700YND2TVM3JPSJ2,01JZ18G4TN4FH7205KTQTFE7PM,2025-06-30T20:38:43.01313956Z,01JZ18G512YK4K14AJW1A4KQT5,2025-06-30T20:38:43.01313956Z,01JZ18P8E791PBV9BDRV76VVRH,2025-06-30T20:38:43.01313956Z,01JZ18R8BQNV553N89B15CK6DT,2025-06-30T20:38:43.01313956Z,01JZ18R8M6VSYFBGVFKVEZQ0W0,2025-06-30T20:38:43.01313956Z
01JZ1AEFK73WR2FDEFW6RJKCMM,01JZ19VEXCKVX740B60X4W6PQN,2025-06-30T21:03:49.863985783Z,01JZ19VF6XEW5FG377QGXCTRD1,2025-06-30T21:03:49.863985783Z,01JZ19XENNWSXAPJJVN05DNY45,2025-06-30T21:03:49.863985783Z,01JZ1ACG5AA6PRZ7WAEJWMNX2A,2025-06-30T21:03:49.863985783Z,01JZ1ACGD84SZVTVPHYZMCSWFJ,2025-06-30T21:03:49.863985783Z
01JZ17RE6GV3F7F4VPH7SHQK21,01JZ170DPRHYGRH6M74WMGZ8J5,2025-06-30T20:16:50.384106504Z,01JZ170DRXVGFVP20P8DK3M491,2025-06-30T20:16:50.384106504Z,01JZ17CDTWA5ZJVFXRJRWPP8YB,2025-06-30T20:16:50.384106504Z,01JZ17H2JN1M16ZRE7JGQBPN5M,2025-06-30T20:16:50.384106504Z,01JZ17H2MJSMV449WQAFM73C1S,2025-06-30T20:16:50.384106504Z
01JZ17SP3VW0B4J2X2DB2AN73G,01JZ170DPRHYGRH6M74WMGZ8J5,2025-06-30T20:17:31.2598217Z,01JZ170DS8YWG03GZVY59N3JD0,2025-06-30T20:17:31.2598217Z,01JZ17B25HMB9SR7CZAG7VDDNC,2025-06-30T20:17:31.2598217Z,01JZ17HNMVNEYYPPYMQAP8NS4W,2025-06-30T20:17:31.2598217Z,01JZ17HNR93RTH6SRHE160CD2Y,2025-06-30T20:17:31.2598217Z
01JZ17WBD2WJG6MP54MK051JE3,01JZ170DPRHYGRH6M74WMGZ8J5,2025-06-30T20:18:58.594549891Z,01JZ170DSMJZPS89ZBMFZ7ATK7,2025-06-30T20:18:58.594549891Z,01JZ17411GFTP23ZXM1AB7D9NA,2025-06-30T20:18:58.594549891Z,01JZ17MYEAFDF08CXGPM4NR36C,2025-06-30T20:18:58.594549891Z,01JZ17MYNNVK575B13ZB16FHVE,2025-06-30T20:18:58.594549891Z
01JZ18SY44QDYM7B50CXBRP7A0,01JZ18G4TN4FH7205KTQTFE7PM,2025-06-30T20:35:08.036229037Z,01JZ18G508W9SSEDAT6B79GZND,2025-06-30T20:35:08.036229037Z,01JZ18JN66MX5CA0E4FYBV08Y2,2025-06-30T20:35:08.036229037Z,01JZ18STB8HB9DV2CVT0ZSHGAA,2025-06-30T20:35:08.036229037Z,01JZ18STM862C8KDCA8BFNPX0D,2025-06-30T20:35:08.036229037Z
01JZ18VE1FRYDK9R9M2WJVGAFE,01JZ18G4TN4FH7205KTQTFE7PM,2025-06-30T20:35:57.103639483Z,01JZ18G4ZDA13FR053ZT1R1FPF,2025-06-30T20:35:57.103639483Z,01JZ18HQSJCYE6M3YFJES1PERS,2025-06-30T20:35:57.103639483Z,01JZ18NR677M02YFM90F21XHAA,2025-06-30T20:35:57.103639483Z,01JZ18NR9YEB5WKYMRXDPEWXMJ,2025-06-30T20:35:57.103639483Z
01JZ190XF2E74ZNSQV66DAK1A9,01JZ18G4TN4FH7205KTQTFE7PM,2025-06-30T20:38:56.738639737Z,01JZ18G4WPK6V9JKZAVKNYS3NB,2025-06-30T20:38:56.738639737Z,01JZ18K1EBQ2BSVM3H7XBRVG61,2025-06-30T20:38:56.738639737Z,01JZ18RRA89V0ND20E0G84EPSM,2025-06-30T20:38:56.738639737Z,01JZ18RRJ8TVB384T9QM3TAQPD,2025-06-30T20:38:56.738639737Z
01JZ1ETX3GFR657R74YT7M7NJ1,01JZ1E916HBESJXS5SJ82BFZ21,2025-06-30T22:20:31.216516998Z,01JZ1E91HHYKGR583PHV4V6JXR,2025-06-30T22:20:31.216516998Z,01JZ1EFK9EEAEM2ASPQWEXC3TB,2025-06-30T22:20:31.216516998Z,01JZ1ERV8NQ1N608W7HC4Y405V,2025-06-30T22:20:31.216516998Z,01JZ1ERVK8FJJX233J3XM0SPC3,2025-06-30T22:20:31.216516998Z
01JZ17J2FXJ5CN95370K9TJ0JN,01JZ170DPRHYGRH6M74WMGZ8J5,2025-06-30T20:13:21.789541772Z,01JZ170DRSFZ9Y16965WN1Z2F9,2025-06-30T20:13:21.789541772Z,01JZ17C7XWANHTDKEBR013EKFH,2025-06-30T20:13:21.789541772Z,01JZ17G70WMTCCVM6PEEY7RHRW,2025-06-30T20:13:21.789541772Z,01JZ17G724ZSEFQGERYDKDB1XF,2025-06-30T20:13:21.789541772Z
01JZ17QMG82TP2RSAD7ZHNQCEW,01JZ170DPRHYGRH6M74WMGZ8J5,2025-06-30T20:16:24.072552232Z,01JZ170DSXXMDA003X79NFA4N0,2025-06-30T20:16:24.072552232Z,01JZ17DZPC160FQJMAZ5KCFYDP,2025-06-30T20:16:24.072552232Z,01JZ17NRSETRAHA86XGKD3ZGNV,2025-06-30T20:16:24.072552232Z,01JZ17NRTWNPJ7D39Z7SR6T2JP,2025-06-30T20:16:24.072552232Z
01JZ18R2SSHGGY1HXYY8YM48FC,01JZ18G4TN4FH7205KTQTFE7PM,2025-06-30T20:34:07.289206631Z,01JZ18G4XDWA3A08Y0HZ5HSAAF,2025-06-30T20:34:07.289206631Z,01JZ18JX7AQFGHWSY2V5AEBRM0,2025-06-30T20:34:07.289206631Z,01JZ18R0YQXPRFN6T3JT8B6MYT,2025-06-30T20:34:07.289206631Z,01JZ18R11JQ1SRQV5XW61WSV3P,2025-06-30T20:34:07.289206631Z
01JZ18TF4ZQ5R35MDVPFX2E9TX,01JZ18G4TN4FH7205KTQTFE7PM,2025-06-30T20:35:25.471546211Z,01JZ18G50G0GKPPCFSW2N0ZNW1,2025-06-30T20:35:25.471546211Z,01JZ18MW05S42NZ47MWBQC7P11,2025-06-30T20:35:25.471546211Z,01JZ18RHFZ729S1GE13DM98H8Z,2025-06-30T20:35:25.471546211Z,01JZ18RHKM9SS1YZCTMJC8BRDP,2025-06-30T20:35:25.471546211Z
01JZ18Y1EPJ5C36P85NZNVWEHB,01JZ18G4TN4FH7205KTQTFE7PM,2025-06-30T20:37:22.518554386Z,01JZ18G50PJASP911XB82AW46K,2025-06-30T20:37:22.518554386Z,01JZ18KAD3ET3YWT2B268D40PX,2025-06-30T20:37:22.518554386Z,01JZ18P6NBJ7Z652WDFV9M7NT4,2025-06-30T20:37:22.518554386Z,01JZ18P739EYESK92YXTAPSPB7,2025-06-30T20:37:22.518554386Z
01JZ195XYSXB4AFXWCJH5FBEXQ,01JZ18QHX9XGN83K6T42FK97D5,2025-06-30T20:41:41.081389944Z,01JZ18QHYY9H3H8G0D5BR000CA,2025-06-30T20:41:41.081389944Z,01JZ18XHK71TAH4K8NFWQ8XDAZ,2025-06-30T20:41:41.081389944Z,01JZ1903BN7V6B2N7AMWNTAWGG,2025-06-30T20:41:41.081389944Z,01JZ190537PB6Z84XBD1Q9NVP6,2025-06-30T20:41:41.081389944Z
01JZ1BJS73497Y6TP70PFY7SQR,01JZ1B1VZ9TM9N3252XVVAH9DZ,2025-06-30T21:23:39.36399488Z,01JZ1B1W2WT8MR9NJ7RDDSFH2M,2025-06-30T21:23:39.36399488Z,01JZ1B4FWCV3S3JF90184ADC3A,2025-06-30T21:23:39.36399488Z,01JZ1BD3Y8NHHCFXCV7WB08PE6,2025-06-30T21:23:39.36399488Z,01JZ1BD4E0X1M635NTN1HZAF8G,2025-06-30T21:23:39.36399488Z
01JZ1GNBVHBFRGNBHKK4T0Z7KH,01JZ1G29Q82GQAKEXSK2E7NK3R,2025-06-30T22:52:26.865962235Z,01JZ1G2A6YM039KVE3FBKDN5TM,2025-06-30T22:52:26.865962235Z,01JZ1G5Y4DKCPQ2K5FM2F479YF,2025-06-30T22:52:26.865962235Z,01JZ1GDRXST33ZMHTRENHC2BZ7,2025-06-30T22:52:26.865962235Z,01JZ1GDSH2SRHPGXG0EF5RCXKG,2025-06-30T22:52:26.865962235Z
01JZ1GT3XJVEPMPKFXY9YN8RJ6,01JZ1G29Q82GQAKEXSK2E7NK3R,2025-06-30T22:55:02.579001859Z,01JZ1G2ACHC2PPHGNQVYG69GCY,2025-06-30T22:55:02.579001859Z,01JZ1GHHR8Y5813M82KVZRR659,2025-06-30T22:55:02.579001859Z,01JZ1GJGD6SKHW85EK3871CKY5,2025-06-30T22:55:02.579001859Z,01JZ1GJGVRNY1Y12BW1M5R3C05,2025-06-30T22:55:02.579001859Z
01JZ17QGYGQC0BJA68YHRPTFKY,01JZ170DPRHYGRH6M74WMGZ8J5,2025-06-30T20:16:20.432491525Z,01JZ170DRRRWN613C5WJQ8B5Q6,2025-06-30T20:16:20.432491525Z,01JZ178SZSEG7MZD5W906ME19S,2025-06-30T20:16:20.432491525Z,01JZ17G52QXC0MC4VA0YJ9E9HN,2025-06-30T20:16:20.432491525Z,01JZ17G54GERK7CC5A2YT2C8ZS,2025-06-30T20:16:20.432491525Z
01JZ17SRDPAFMHB29YP92W192Q,01JZ170DPRHYGRH6M74WMGZ8J5,2025-06-30T20:17:33.622472251Z,01JZ170DSBT7R80F1BC6BFNZAP,2025-06-30T20:17:33.622472251Z,01JZ17A0VX21AM44XR65ZCDBQZ,2025-06-30T20:17:33.622472251Z,01JZ17JC34NY9C5XTJE3ETGWA3,2025-06-30T20:17:33.622472251Z,01JZ17JC505AWX6P95A9R01TAZ,2025-06-30T20:17:33.622472251Z
01JZ1AJ5TNKPMZJGVBP4H7M7W1,01JZ19VEXCKVX740B60X4W6PQN,2025-06-30T21:05:50.933756871Z,01JZ19VF6XEW5FG377QGXCTRD1,2025-06-30T21:05:50.933756871Z,01JZ1A9Y4FG88CERVMWV547SJC,2025-06-30T21:05:50.933756871Z,01JZ1ACG5AA6PRZ7WAEJWMNX2A,2025-06-30T21:05:50.933756871Z,01JZ1ACGEE7FQP6896MSH7FTZ1,2025-06-30T21:05:50.933756871Z
01JZ1AJ84FW2ZDK5EMWCXA2N4V,01JZ19VEXCKVX740B60X4W6PQN,2025-06-30T21:05:53.295826887Z,01JZ19VF81DTYMGWYB0TAJKDWY,2025-06-30T21:05:53.295826887Z,01JZ1A30PSDQTAMK68V3KKNNKC,2025-06-30T21:05:53.295826887Z,01JZ1AABMTK3KJJZSMA4TN8BF7,2025-06-30T21:05:53.295826887Z,01JZ1AAC9H0HBM9DYM86FB5S6R,2025-06-30T21:05:53.295826887Z
01JZ1BM0332EWVYQ40GS6RCVR2,01JZ1B1VZ9TM9N3252XVVAH9DZ,2025-06-30T21:24:19.17149718Z,01JZ1B1W46BH5YH0XYSE8KJRBK,2025-06-30T21:24:19.17149718Z,01JZ1BEHJTZVP4GP4G96Q0PZBM,2025-06-30T21:24:19.17149718Z,01JZ1BJ1ABMADNQ2K1TJQ9ED7W,2025-06-30T21:24:19.17149718Z,01JZ1BJ1KA0R53MJZQYVW64Y0X,2025-06-30T21:24:19.17149718Z
01JZ1F967P776R5RC5X1KYFBNC,01JZ1E916HBESJXS5SJ82BFZ21,2025-06-30T22:28:19.318103384Z,01JZ1E91ENR7DC2PFTK7ZY5PTJ,2025-06-30T22:28:19.318103384Z,01JZ1EH0Y7EBSVGC3G89BQ213G,2025-06-30T22:28:19.318103384Z,01JZ1F70RJ6JX7FR0QPB30BKG3,2025-06-30T22:28:19.318103384Z,01JZ1F70YWFR7HBRX254H2M9ZA,2025-06-30T22:28:19.318103384Z
01JZ17WNZNVDKWPNANNVS4N0T2,01JZ170DPRHYGRH6M74WMGZ8J5,2025-06-30T20:19:09.429354372Z,01JZ170DS9MMA8EZAVKYS5SMHX,2025-06-30T20:19:09.429354372Z,01JZ17CPP7Y270N83EX04850B6,2025-06-30T20:19:09.429354372Z,01JZ17TR7E1D7CES1YNCABFX51,2025-06-30T20:19:09.429354372Z,01JZ17TRAY71HH1H14VHS8Q3RK,2025-06-30T20:19:09.429354372Z
01JZ18W0EZ6RRPXB639QBFTVKG,01JZ18G4TN4FH7205KTQTFE7PM,2025-06-30T20:36:15.967782187Z,01JZ18G512YK4K14AJW1A4KQT5,2025-06-30T20:36:15.967782187Z,01JZ18JHACQMQPJCAE4XRR7QFX,2025-06-30T20:36:15.967782187Z,01JZ18R8CZAK9T47Q30YNKNJNG,2025-06-30T20:36:15.967782187Z,01JZ18R8G305WGQZPSGSK2ATV9,2025-06-30T20:36:15.967782187Z
01JZ18ZE39JP2SCQ6PKVQGF9DX,01JZ18G4TN4FH7205KTQTFE7PM,2025-06-30T20:38:08.233267544Z,01JZ18G4YK3PSP6R2PNWBA4P8S,2025-06-30T20:38:08.233267544Z,01JZ18MVEFXZGBQPET8FQ2326K,2025-06-30T20:38:08.233267544Z,01JZ18QWAXDS741W4C9GD54TCD,2025-06-30T20:38:08.233267544Z,01JZ18QWGR4TZ5C0S7H01YRPTG,2025-06-30T20:38:08.233267544Z
01JZ1BBAQA59HZSQEV030J9WAQ,01JZ1B1VZ9TM9N3252XVVAH9DZ,2025-06-30T21:19:35.146831393Z,01JZ1B1W5AJ9N87HJBZ99HRQPJ,2025-06-30T21:19:35.146831393Z,01JZ1B4M3WKZR9J1GGJ7PR0S32,2025-06-30T21:19:35.146831393Z,01JZ1BB7E1TXBMBFXFHSFEWTHS,2025-06-30T21:19:35.146831393Z,01JZ1BB7M9THBTCK7T3S9CZWFG,2025-06-30T21:19:35.146831393Z
01JZ1BG6FZEETFSXVZ1TBKZXZ2,01JZ1B1VZ9TM9N3252XVVAH9DZ,2025-06-30T21:22:14.655129265Z,01JZ1B1W6S117BH8HCA7NH9R7E,2025-06-30T21:22:14.655129265Z,01JZ1B4F0AXDADE5G5GXRT5GAX,2025-06-30T21:22:14.655129265Z,01JZ1BAHCPD0S01DARX26K93JP,2025-06-30T21:22:14.655129265Z,01JZ1BAHQZCEJFHZVQ6PYBVW81,2025-06-30T21:22:14.655129265Z
01JZ1BGYQGS7T1BK9TH434HCJR,01JZ1B1VZ9TM9N3252XVVAH9DZ,2025-06-30T21:22:39.472309958Z,01JZ1B1W5AJ9N87HJBZ99HRQPJ,2025-06-30T21:22:39.472309958Z,01JZ1BAG1QXXZT2G75G9P8N6Y2,2025-06-30T21:22:39.472309958Z,01JZ1BB7ETZS9BEX799QEABQ0R,2025-06-30T21:22:39.472309958Z,01JZ1BB7S0WNXZQFD1C73769V3,2025-06-30T21:22:39.472309958Z
01JZ1C87TWFXY2BFEPJ1M92306,01JZ1BX7WQMA45G0E33EEHJ3V9,2025-06-30T21:35:22.460752754Z,01JZ1BX849RGFMRNF1WR9VXVPD,2025-06-30T21:35:22.460752754Z,01JZ1C42HDFGHZFCN4YDW8V435,2025-06-30T21:35:22.460752754Z,01JZ1C84NV5HP0B6N4ET0C4V87,2025-06-30T21:35:22.460752754Z,01JZ1C84VR4JFNGZMSFZS26CRP,2025-06-30T21:35:22.460752754Z
01JZ1GMB7EY2MY0N595EX6FQAE,01JZ1G29Q82GQAKEXSK2E7NK3R,2025-06-30T22:51:53.454074128Z,01JZ1G29XRNS92G9JYEX4H033M,2025-06-30T22:51:53.454074128Z,01JZ1G3PKEWNM3BADHFXST2D82,2025-06-30T22:51:53.454074128Z,01JZ1GM65E8G659ECGG1A0CNNK,2025-06-30T22:51:53.454074128Z,01JZ1GM6M31AX111KKY1N9TEDS,2025-06-30T22:51:53.454074128Z
01JZ17H3407786XERQTY49AH0C,01JZ170DPRHYGRH6M74WMGZ8J5,2025-06-30T20:12:49.664220353Z,01JZ170DRXVGFVP20P8DK3M491,2025-06-30T20:12:49.664220353Z,01JZ17E3Q68P56EVHYKCV88P7R,2025-06-30T20:12:49.664220353Z,01JZ17H2JE238380KER7CXK8AE,2025-06-30T20:12:49.664220353Z,01JZ17H2K87A22069NTT15Y3RY,2025-06-30T20:12:49.664220353Z
01JZ17T066EH79RASKYJ5CA6QC,01JZ170DPRHYGRH6M74WMGZ8J5,2025-06-30T20:17:41.574338117Z,01JZ170DS434CCJM920K0JDY80,2025-06-30T20:17:41.574338117Z,01JZ17AA6B6W27BR52VPQ8MSYM,2025-06-30T20:17:41.574338117Z,01JZ17MESGQH4PGAZ2NQBVJJAG,2025-06-30T20:17:41.574338117Z,01JZ17MEVFHM8XT209DJMYD1PM,2025-06-30T20:17:41.574338117Z
01JZ18R781A16ZG0VR6YCHN7AJ,01JZ18G4TN4FH7205KTQTFE7PM,2025-06-30T20:34:11.841057816Z,01JZ18G4X5EPR69QT64DVYQXFJ,2025-06-30T20:34:11.841057816Z,01JZ18J0PFCTBHRZ327Y7ADC0R,2025-06-30T20:34:11.841057816Z,01JZ18PAPZYGZBF3DQ7XCBJ9MP,2025-06-30T20:34:11.841057816Z,01JZ18PATDHBC84W84GJ8KFFEF,2025-06-30T20:34:11.841057816Z
01JZ190G0B0HN1PDVNV7A9ANMW,01JZ18G4TN4FH7205KTQTFE7PM,2025-06-30T20:38:42.955470299Z,01JZ18G512YK4K14AJW1A4KQT5,2025-06-30T20:38:42.955470299Z,01JZ18JHACQMQPJCAE4XRR7QFX,2025-06-30T20:38:42.955470299Z,01JZ18R8BQNV553N89B15CK6DT,2025-06-30T20:38:42.955470299Z,01JZ18R8M6VSYFBGVFKVEZQ0W0,2025-06-30T20:38:42.955470299Z
01JZ19417TJ64B8MK4A1GX3KXB,01JZ18QHX9XGN83K6T42FK97D5,2025-06-30T20:40:38.90620253Z,01JZ18QHYY9H3H8G0D5BR000CA,2025-06-30T20:40:38.90620253Z,01JZ18VF3QW244H0X63X0AZG1Z,2025-06-30T20:40:38.90620253Z,01JZ1903BN7V6B2N7AMWNTAWGG,2025-06-30T20:40:38.90620253Z,01JZ190523V4XR8A7CG9KR5N4R,2025-06-30T20:40:38.90620253Z
01JZ1AG0QCP4Y6Q6N8CQZF2EJY,01JZ19VEXCKVX740B60X4W6PQN,2025-06-30T21:04:40.172876881Z,01JZ19VF81DTYMGWYB0TAJKDWY,2025-06-30T21:04:40.172876881Z,01JZ1A30PSDQTAMK68V3KKNNKC,2025-06-30T21:04:40.172876881Z,01JZ1AABK962FFJZTPD33N3VKP,2025-06-30T21:04:40.172876881Z,01JZ1AAC1W6795X0XGH3C3PFHB,2025-06-30T21:04:40.172876881Z
01JZ1BSDC5HXPTJKFQVPMK15TE,01JZ1B1VZ9TM9N3252XVVAH9DZ,2025-06-30T21:27:16.613350939Z,01JZ1B1W68Y1JCNSRHTZJR0WTB,2025-06-30T21:27:16.613350939Z,01JZ1B7EJ94Z1F34T98KN1PN13,2025-06-30T21:27:16.613350939Z,01JZ1BH4CC6N46FP386VHR81G9,2025-06-30T21:27:16.613350939Z,01JZ1BH4V57GVQTP5Y76241390,2025-06-30T21:27:16.613350939Z
01JZ1802B6XKJACN93RQFC8HMD,01JZ170DPRHYGRH6M74WMGZ8J5,2025-06-30T20:21:00.390397321Z,01JZ170DRQN15452AYS561M232,2025-06-30T20:21:00.390397321Z,01JZ1772PK70ARCRD25BW9JS91,2025-06-30T20:21:00.390397321Z,01JZ17RBDPNRWH0MV3S1S7KRVT,2025-06-30T20:21:00.390397321Z,01JZ17RBJ8YKE7YSK6WC1TVK90,2025-06-30T20:21:00.390397321Z
01JZ18VSM9APWRFFJ9HY8010QT,01JZ18G4TN4FH7205KTQTFE7PM,2025-06-30T20:36:08.969999148Z,01JZ18G4XDWA3A08Y0HZ5HSAAF,2025-06-30T20:36:08.969999148Z,01JZ18JRC4BH8D9FBM20ZHDN29,2025-06-30T20:36:08.969999148Z,01JZ18R0Z5Z926ZA90YM7MYTK3,2025-06-30T20:36:08.969999148Z,01JZ18R13EM5Y88CXN2J36AQD4,2025-06-30T20:36:08.969999148Z
01JZ18Z4ZYC00YD5TA447774M2,01JZ18G4TN4FH7205KTQTFE7PM,2025-06-30T20:37:58.910315235Z,01JZ18G4YA2XRQ9RK4RH5WQB1P,2025-06-30T20:37:58.910315235Z,01JZ18NCTENJS4RVDRQ8JG1EGE,2025-06-30T20:37:58.910315235Z,01JZ18Q1SHZX0HATET1MQN9ET3,2025-06-30T20:37:58.910315235Z,01JZ18Q21BG6KQSPN28TPPD913,2025-06-30T20:37:58.910315235Z
01JZ1BQNKZ5A0A4TNXD9AMKFX7,01JZ1B1VZ9TM9N3252XVVAH9DZ,2025-06-30T21:26:19.519704009Z,01JZ1B1W5TAZ0C76DBH0ZAEY5X,2025-06-30T21:26:19.519704009Z,01JZ1B3Y49GJFDA022ZKPSHE7M,2025-06-30T21:26:19.519704009Z,01JZ1BNNFF9MV2BR5CAE8TGEYC,2025-06-30T21:26:19.519704009Z,01JZ1BNP376CH9A495TNXV41GV,2025-06-30T21:26:19.519704009Z
01JZ1DD1HZ73HHH8Y6ESNMG59E,01JZ1D0RX94M7HHBAJDNGV8QRS,2025-06-30T21:55:28.447228868Z,01JZ1D0S58CJJ0G6BA8AW8ZVCS,2025-06-30T21:55:28.447228868Z,01JZ1D2JACBKKH4S9P6DT2Z2QZ,2025-06-30T21:55:28.447228868Z,01JZ1D972VTRZHGE4AKVG9RETY,2025-06-30T21:55:28.447228868Z,01JZ1D97C0ZWQDPX1XX9R1HSCW,2025-06-30T21:55:28.447228868Z
01JZ1EYV4RYZ0YGQ6BVV2XE7HM,01JZ1E916HBESJXS5SJ82BFZ21,2025-06-30T22:22:40.280036083Z,01JZ1E91MDHZVF6NVBEDDVGZWT,2025-06-30T22:22:40.280036083Z,01JZ1EV2QBA0A51FSNHWZDJC5Q,2025-06-30T22:22:40.280036083Z,01JZ1EWVQ3C0P2AKJ3GFKFG7H9,2025-06-30T22:22:40.280036083Z,01JZ1EWVW3TYWE8D4G43DBZQ54,2025-06-30T22:22:40.280036083Z
01JZ1BY4RA82SQ5TNMBVTJZ74K,01JZ1B1VZ9TM9N3252XVVAH9DZ,2025-06-30T21:29:51.626986243Z,01JZ1B1W4RP0VXDDKCJTNKM3AX,2025-06-30T21:29:51.626986243Z,01JZ1BHJS3735357S2TBZ4T5W4,2025-06-30T21:29:51.626986243Z,01JZ1BNYAYY2K6CJZRYSXBEGH5,2025-06-30T21:29:51.626986243Z,01JZ1BNYWC468MPKMH5JETRX7A,2025-06-30T21:29:51.626986243Z
01JZ17WGFC1FT8QYAKKXWHFG1W,01JZ170DPRHYGRH6M74WMGZ8J5,2025-06-30T20:19:03.788538853Z,01JZ170DSP5HFMBRZWFQV8RFVC,2025-06-30T20:19:03.788538853Z,01JZ17992QEDC71MF0NWEGAJEP,2025-06-30T20:19:03.788538853Z,01JZ17RSKP4T7TM013SKSDCBN6,2025-06-30T20:19:03.788538853Z,01JZ17RSP6EC94WCD300W6M3AA,2025-06-30T20:19:03.788538853Z
01JZ18ZZCF0HSZK6TZFSEE8SK5,01JZ18G4TN4FH7205KTQTFE7PM,2025-06-30T20:38:25.935219899Z,01JZ18G4ZZG5A688HVVJGKBFVW,2025-06-30T20:38:25.935219899Z,01JZ18MMDMG5C7AC3NER6KSMTG,2025-06-30T20:38:25.935219899Z,01JZ18RFRDFAMMNBDDR8ZFEFZN,2025-06-30T20:38:25.935219899Z,01JZ18RFXSEQ2N657BWC024J6D,2025-06-30T20:38:25.935219899Z
01JZ191RNWFEGJCNKKVHC3B3N5,01JZ18G4TN4FH7205KTQTFE7PM,2025-06-30T20:39:24.604606501Z,01JZ18G508W9SSEDAT6B79GZND,2025-06-30T20:39:24.604606501Z,01JZ18NT2QY0K3T67RMTHTZ875,2025-06-30T20:39:24.604606501Z,01JZ18STF1YM3N28QT3VD2MWJ6,2025-06-30T20:39:24.604606501Z,01JZ18SV2ZM1T6PFRJQ9RCHFX1,2025-06-30T20:39:24.604606501Z
01JZ1AGAN0MQJ3CRE4FWH7XW35,01JZ19VEXCKVX740B60X4W6PQN,2025-06-30T21:04:50.336978251Z,01JZ19VF6XEW5FG377QGXCTRD1,2025-06-30T21:04:50.336978251Z,01JZ1A8X5PJAXZBFXHM3C9X96V,2025-06-30T21:04:50.336978251Z,01JZ1ACG5AA6PRZ7WAEJWMNX2A,2025-06-30T21:04:50.336978251Z,01JZ1ACGDWN2V5ETG7YNKG0GX7,2025-06-30T21:04:50.336978251Z
01JZ1AX05JY8ZRBKGZG43PYG1S,01JZ19VEXCKVX740B60X4W6PQN,2025-06-30T21:11:45.586704026Z,01JZ19VF4XXDC5SP97SM18G8VM,2025-06-30T21:11:45.586704026Z,01JZ1AFP0ZSM5GDN23SMJMVZTW,2025-06-30T21:11:45.586704026Z,01JZ1AQBFWFCVDGCRFV7SS6AMN,2025-06-30T21:11:45.586704026Z,01JZ1AQBWRPQQ4C6QQT1SNQMEJ,2025-06-30T21:11:45.586704026Z
01JZ1BN06ZK7W060RVRQ0QK7PX,01JZ1B1VZ9TM9N3252XVVAH9DZ,2025-06-30T21:24:52.063330813Z,01JZ1B1W68Y1JCNSRHTZJR0WTB,2025-06-30T21:24:52.063330813Z,01JZ1BEDAMJRCNYC6ZRWR4EWKQ,2025-06-30T21:24:52.063330813Z,01JZ1BH44X88X65JM8T5DXFWMN,2025-06-30T21:24:52.063330813Z,01JZ1BH4JHZV8JT24JS97DA9P7,2025-06-30T21:24:52.063330813Z
01JZ1BXT1BCQW9PZS889GRQJG2,01JZ1B1VZ9TM9N3252XVVAH9DZ,2025-06-30T21:29:40.651985804Z,01JZ1B1W4RP0VXDDKCJTNKM3AX,2025-06-30T21:29:40.651985804Z,01JZ1BJRR128B2311DSMJCH15V,2025-06-30T21:29:40.651985804Z,01JZ1BNY9GCVDPARZTZ60Y7363,2025-06-30T21:29:40.651985804Z,01JZ1BNYS4AH4S6DP8CSD8F0JW,2025-06-30T21:29:40.651985804Z
01JZ1FEVJVSM3K60XK95Q7RS70,01JZ1E916HBESJXS5SJ82BFZ21,2025-06-30T22:31:25.019554315Z,01JZ1E91ENR7DC2PFTK7ZY5PTJ,2025-06-30T22:31:25.019554315Z,01JZ1F6AT65D7Q2J3RRFNE8GQF,2025-06-30T22:31:25.019554315Z,01JZ1F70QB8A9FR1KVXQ13Y3JC,2025-06-30T22:31:25.019554315Z,01JZ1F71HK1BRMMCHQB9VDGCWE,2025-06-30T22:31:25.019554315Z
01JZ17PQDQBE82VZ4BZB9GT1GE,01JZ170DPRHYGRH6M74WMGZ8J5,2025-06-30T20:15:54.295686603Z,01JZ170DRV33K8D9D9ZMQKAW2D,2025-06-30T20:15:54.295686603Z,01JZ17PJ3VDZQD3TEH95CF73QJ,2025-06-30T20:15:54.295686603Z,01JZ17PPH32HXCV9GY0H5Z2WSH,2025-06-30T20:15:54.295686603Z,01JZ17PPJHRZMCCXX8F735F6CB,2025-06-30T20:15:54.295686603Z
01JZ18X1EJDV7YM7E7XW5DBV7P,01JZ18G4TN4FH7205KTQTFE7PM,2025-06-30T20:36:49.746156934Z,01JZ18G4Z7SR18DC8PDBR22HS5,2025-06-30T20:36:49.746156934Z,01JZ18NQPCFBGJDGFZ54XZESTD,2025-06-30T20:36:49.746156934Z,01JZ18S8W382ZTX14ED28QZWFS,2025-06-30T20:36:49.746156934Z,01JZ18S90TARGHQXS9MX81EXBS,2025-06-30T20:36:49.746156934Z
01JZ1ASA56MP7R292XG9YKQTE5,01JZ19VEXCKVX740B60X4W6PQN,2025-06-30T21:09:44.742690854Z,01JZ19VF4XXDC5SP97SM18G8VM,2025-06-30T21:09:44.742690854Z,01JZ19Y5W4MYXKSXHHDPCY5M66,2025-06-30T21:09:44.742690854Z,01JZ1AQBFWFCVDGCRFV7SS6AMN,2025-06-30T21:09:44.742690854Z,01JZ1AQBNXFVRB6ZGTD0QPGTR6,2025-06-30T21:09:44.742690854Z
01JZ1DJ37WEE9QTTNA3GZT2W9Q,01JZ1D0RX94M7HHBAJDNGV8QRS,2025-06-30T21:58:14.012177004Z,01JZ1D0S064NT759Q480WCA8PK,2025-06-30T21:58:14.012177004Z,01JZ1DEJMJQ3008TVKPGG206S9,2025-06-30T21:58:14.012177004Z,01JZ1DFXKSWPB74HF8RE7BCFY9,2025-06-30T21:58:14.012177004Z,01JZ1DFYGHJTXQFBB5R3JYYTCY,2025-06-30T21:58:14.012177004Z
01JZ1DNV4WCE39NAS0RHNKQDK4,01JZ1D0RX94M7HHBAJDNGV8QRS,2025-06-30T22:00:16.796498202Z,01JZ1D0S064NT759Q480WCA8PK,2025-06-30T22:00:16.796498202Z,01JZ1D7QQ9A97C7JTBZNPKRB8Y,2025-06-30T22:00:16.796498202Z,01JZ1DFXKSWPB74HF8RE7BCFY9,2025-06-30T22:00:16.796498202Z,01JZ1DFYQBQD9XNPHRQ28A4MFK,2025-06-30T22:00:16.796498202Z
01JZ1F69PKZ8ZJBCJY0VKZWX9R,01JZ1E916HBESJXS5SJ82BFZ21,2025-06-30T22:26:44.563262829Z,01JZ1E923XSJ5V9JGGJQR2CG7M,2025-06-30T22:26:44.563262829Z,01JZ1EMYVSBFSNMNYSTV9SNRK6,2025-06-30T22:26:44.563262829Z,01JZ1F28RAA806YV34ZE1BEZ0A,2025-06-30T22:26:44.563262829Z,01JZ1F298NDNMTKPGKKSQJAVAB,2025-06-30T22:26:44.563262829Z
01JZ1GDYEH64Q72ZPZGQ2SXJZX,01JZ1G29Q82GQAKEXSK2E7NK3R,2025-06-30T22:48:23.761341883Z,01JZ1G2A6YM039KVE3FBKDN5TM,2025-06-30T22:48:23.761341883Z,01JZ1G8WT4QHCTZSBPJCV6WM6W,2025-06-30T22:48:23.761341883Z,01JZ1GDRN0Y8FMK1BDZD9Y2P99,2025-06-30T22:48:23.761341883Z,01JZ1GDS2DY22CTPCFQ35EF84A,2025-06-30T22:48:23.761341883Z
01JZ1BH8VN5VS1V1C39XHVKA7E,01JZ1B1VZ9TM9N3252XVVAH9DZ,2025-06-30T21:22:49.845300651Z,01JZ1B1W68Y1JCNSRHTZJR0WTB,2025-06-30T21:22:49.845300651Z,01JZ1B62EVJPYFB1CKMM3NTQNK,2025-06-30T21:22:49.845300651Z,01JZ1BH43TCR207W6QA0XHTRSW,2025-06-30T21:22:49.845300651Z,01JZ1BH4EERH1DS5BZWYJYPN33,2025-06-30T21:22:49.845300651Z
01JZ17KX7KG3C7NXSMTRKX1PB2,01JZ170DPRHYGRH6M74WMGZ8J5,2025-06-30T20:14:21.939622776Z,01JZ170DRSFZ9Y16965WN1Z2F9,2025-06-30T20:14:21.939622776Z,01JZ17C7XWANHTDKEBR013EKFH,2025-06-30T20:14:21.939622776Z,01JZ17G70WMTCCVM6PEEY7RHRW,2025-06-30T20:14:21.939622776Z,01JZ17G727VG4YHCJPC4W5XXSC,2025-06-30T20:14:21.939622776Z
01JZ17VZNDZ6YNDSZ2FQSEQM91,01JZ170DPRHYGRH6M74WMGZ8J5,2025-06-30T20:18:46.573994888Z,01JZ170DSR5F2SARFX61BD5BFD,2025-06-30T20:18:46.573994888Z,01JZ17DTG6GCYHCZ1XV1B4YQSG,2025-06-30T20:18:46.573994888Z,01JZ17M8TM93SNDEV4TKQ8G5N0,2025-06-30T20:18:46.573994888Z,01JZ17M8ZHQM4JY3DEY4DZM9K1,2025-06-30T20:18:46.573994888Z
01JZ18T223RNXBXZRVPBGDWT3A,01JZ18G4TN4FH7205KTQTFE7PM,2025-06-30T20:35:12.067111044Z,01JZ18G4X5EPR69QT64DVYQXFJ,2025-06-30T20:35:12.067111044Z,01JZ18JKCGQP2NA6VYXSDM89NW,2025-06-30T20:35:12.067111044Z,01JZ18PAPZYGZBF3DQ7XCBJ9MP,2025-06-30T20:35:12.067111044Z,01JZ18PATR3YHXG6RR97W9RCTF,2025-06-30T20:35:12.067111044Z
01JZ18Z7ZPVZ28GX3RF540B59R,01JZ18G4TN4FH7205KTQTFE7PM,2025-06-30T20:38:01.9744113Z,01JZ18G4YTQTSXFW2X0Y80VGVG,2025-06-30T20:38:01.9744113Z,01JZ18JSY9P3KAE5N38ASDX51K,2025-06-30T20:38:01.9744113Z,01JZ18QCJGMBYZ3Q6VHAQ4WQVG,2025-06-30T20:38:01.9744113Z,01JZ18QCRS6KYZZVYGRJM4TYB1,2025-06-30T20:38:01.9744113Z
01JZ1A4Z83HZRDFRNPB20XNY7M,01JZ19VEXCKVX740B60X4W6PQN,2025-06-30T20:58:38.211641919Z,01JZ19VF1X4TGM9HTAVFF08YB3,2025-06-30T20:58:38.211641919Z,01JZ19Y0A6E9M84HP9ZX2DCFTC,2025-06-30T20:58:38.211641919Z,01JZ1A31STNBCB1FNASKSH9RM4,2025-06-30T20:58:38.211641919Z,01JZ1A323DMK00TV9154PS4RVT,2025-06-30T20:58:38.211641919Z
01JZ1AB6BA2CQ59H3WD6GA07HD,01JZ19VEXCKVX740B60X4W6PQN,2025-06-30T21:02:02.090653339Z,01JZ19VF1X4TGM9HTAVFF08YB3,2025-06-30T21:02:02.090653339Z,01JZ19YKGANWM091HXPRFZY75R,2025-06-30T21:02:02.090653339Z,01JZ1A31WDRRSK5Y1X8M50HPSG,2025-06-30T21:02:02.090653339Z,01JZ1A32ATTJW1NBJE1TC6A95V,2025-06-30T21:02:02.090653339Z
01JZ1BF2X504ZZCZBJ4C85KJ4G,01JZ1B1VZ9TM9N3252XVVAH9DZ,2025-06-30T21:21:38.213896751Z,01JZ1B1W2WT8MR9NJ7RDDSFH2M,2025-06-30T21:21:38.213896751Z,01JZ1B56KN8DYJ21G7YK1NVQR0,2025-06-30T21:21:38.213896751Z,01JZ1BD3Y8NHHCFXCV7WB08PE6,2025-06-30T21:21:38.213896751Z,01JZ1BD4BBAEFYK9NRYQAQA650,2025-06-30T21:21:38.213896751Z
01JZ1H1XGRPQKBK5BG8R3K3E43,01JZ1G29Q82GQAKEXSK2E7NK3R,2025-06-30T22:59:18.168140468Z,01JZ1G2A58JMFV91VV93EGJJQY,2025-06-30T22:59:18.168140468Z,01JZ1GHJS4Z0QHDNAN69NMJ02V,2025-06-30T22:59:18.168140468Z,01JZ1GW3DRA0H5QCSGM2BKZ7GX,2025-06-30T22:59:18.168140468Z,01JZ1GW44CYZRAXF14GM81B764,2025-06-30T22:59:18.168140468Z
01JZ1EWZPM73AMEQAX04C4EZV2,01JZ1E916HBESJXS5SJ82BFZ21,2025-06-30T22:21:39.412694639Z,01JZ1E91MDHZVF6NVBEDDVGZWT,2025-06-30T22:21:39.412694639Z,01JZ1EDVQZ0X09D6ACA1N9J2V2,2025-06-30T22:21:39.412694639Z,01JZ1EWVJYDP3B4WNCZ8BTA5T5,2025-06-30T22:21:39.412694639Z,01JZ1EWVRVW60NY5MJFC1C4S6T,2025-06-30T22:21:39.412694639Z
01JZ17MFHXNVH4BPE02VHDWFJV,01JZ170DPRHYGRH6M74WMGZ8J5,2025-06-30T20:14:40.701420763Z,01JZ170DS434CCJM920K0JDY80,2025-06-30T20:14:40.701420763Z,01JZ17BZXCKBRDGQ6529TYVNY6,2025-06-30T20:14:40.701420763Z,01JZ17MES4H49TCFWXHCBDV2WP,2025-06-30T20:14:40.701420763Z,01JZ17METDGG1ZR4G6185F0Q15,2025-06-30T20:14:40.701420763Z
01JZ17MZX0CVASAAWPDGB4A4V2,01JZ170DPRHYGRH6M74WMGZ8J5,2025-06-30T20:14:57.440668476Z,01JZ170DSMJZPS89ZBMFZ7ATK7,2025-06-30T20:14:57.440668476Z,01JZ17ECC07JKYK10HK5BT3SZQ,2025-06-30T20:14:57.440668476Z,01JZ17MYD7WSKX1DNA84EQZJF1,2025-06-30T20:14:57.440668476Z,01JZ17MYG71B1G9W3KM8HG4WKZ,2025-06-30T20:14:57.440668476Z
01JZ17QX7PCN6GK2EQPJDYACC3,01JZ170DPRHYGRH6M74WMGZ8J5,2025-06-30T20:16:33.014420791Z,01JZ170DRWH3Q5VEKFYTCWXCB9,2025-06-30T20:16:33.014420791Z,01JZ17E300K9YQ0KK94FSGZ5RV,2025-06-30T20:16:33.014420791Z,01JZ17M6426GB2CWYTAT7MS6CN,2025-06-30T20:16:33.014420791Z,01JZ17M669R4VX12DNHRDK2A40,2025-06-30T20:16:33.014420791Z
01JZ17VJYJ90BMVZRNG6MS8XRC,01JZ170DPRHYGRH6M74WMGZ8J5,2025-06-30T20:18:33.554591235Z,01JZ170DRWH3Q5VEKFYTCWXCB9,2025-06-30T20:18:33.554591235Z,01JZ17E300K9YQ0KK94FSGZ5RV,2025-06-30T20:18:33.554591235Z,01JZ17M63Y2ZQE6JBWKAH6VSPE,2025-06-30T20:18:33.554591235Z,01JZ17M67CK483EM7TTBPCRTB0,2025-06-30T20:18:33.554591235Z
01JZ18YB4RGXCRKX5DXSWGM9CV,01JZ18G4TN4FH7205KTQTFE7PM,2025-06-30T20:37:32.440238665Z,01JZ18G4WPK6V9JKZAVKNYS3NB,2025-06-30T20:37:32.440238665Z,01JZ18M2HA1EB5SFB14JH49GDB,2025-06-30T20:37:32.440238665Z,01JZ18RRB5PTFQB2DKPHTKH4V3,2025-06-30T20:37:32.440238665Z,01JZ18RRFGDWF4KT9QERXDYSGG,2025-06-30T20:37:32.440238665Z
01JZ1AV623YR6FRX21XFDF4SDY,01JZ19VEXCKVX740B60X4W6PQN,2025-06-30T21:10:46.083700372Z,01JZ19VF3FCDRKA7RA8CE3SQDH,2025-06-30T21:10:46.083700372Z,01JZ1A9FT19KFC6EXDW9G1CYS7,2025-06-30T21:10:46.083700372Z,01JZ1AK0ET9HBHSSG0V60ZD9G1,2025-06-30T21:10:46.083700372Z,01JZ1AK0ZXKEPQK3R3R93JFQZP,2025-06-30T21:10:46.083700372Z
01JZ1CVX45TQ2227DJBCFBAR7G,01JZ1C4XJFQQ45ZHGATAXVBX0J,2025-06-30T21:46:06.853509675Z,01JZ1C4XNE4VHGMR9JDZS6Y7F9,2025-06-30T21:46:06.853509675Z,01JZ1CH99SCVGB71HN39473CFW,2025-06-30T21:46:06.853509675Z,01JZ1CM9NHAQYVB9EBB2FPWPMG,2025-06-30T21:46:06.853509675Z,01JZ1CMA31R8XKWA9BKW0H529E,2025-06-30T21:46:06.853509675Z
01JZ1F32FNXZB9HPM39FHKM8B2,01JZ1E916HBESJXS5SJ82BFZ21,2025-06-30T22:24:58.870021113Z,01JZ1E91Z6K0ZJGCC53Q4JQWJP,2025-06-30T22:24:58.870021113Z,01JZ1EPVZGZEY9DBBKYD48H59H,2025-06-30T22:24:58.870021113Z,01JZ1EXBWE57CVQYV0Q5D3TA2S,2025-06-30T22:24:58.870021113Z,01JZ1EXC9JG0P6WP27ASKQ4WSK,2025-06-30T22:24:58.870021113Z
01JZ18VS6N1FPXYFT7NC7V4YXB,01JZ18G4TN4FH7205KTQTFE7PM,2025-06-30T20:36:08.533563712Z,01JZ18G508W9SSEDAT6B79GZND,2025-06-30T20:36:08.533563712Z,01JZ18JV7KEJAEZVY4PCFX2BA4,2025-06-30T20:36:08.533563712Z,01JZ18STHY2VTQFD4CXMK2KF14,2025-06-30T20:36:08.533563712Z,01JZ18STQXA2JNMJ0FZB73Y8AN,2025-06-30T20:36:08.533563712Z
01JZ18WA63QJ6F2QVKHFW3YRZR,01JZ18G4TN4FH7205KTQTFE7PM,2025-06-30T20:36:25.923408742Z,01JZ18G50G0GKPPCFSW2N0ZNW1,2025-06-30T20:36:25.923408742Z,01JZ18KW5P5RE2HRX78XRVTPME,2025-06-30T20:36:25.923408742Z,01JZ18RHFZ729S1GE13DM98H8Z,2025-06-30T20:36:25.923408742Z,01JZ18RHM0C5SA38DPG1QNA7W7,2025-06-30T20:36:25.923408742Z
01JZ1F4Y2JN8SZB63JD4AX5RB8,01JZ1E916HBESJXS5SJ82BFZ21,2025-06-30T22:25:59.890477064Z,01JZ1E91Z6K0ZJGCC53Q4JQWJP,2025-06-30T22:25:59.890477064Z,01JZ1EPVZGZEY9DBBKYD48H59H,2025-06-30T22:25:59.890477064Z,01JZ1EXBXVJZ8CRFDNRZ1P5KCM,2025-06-30T22:25:59.890477064Z,01JZ1EXCD2Z57YWQBP09E89JT6,2025-06-30T22:25:59.890477064Z
01JZ1GWBGZ4E7DWR36JQ0REYD8,01JZ1G29Q82GQAKEXSK2E7NK3R,2025-06-30T22:56:15.90367912Z,01JZ1G2A9825Q9R0AFVXQNTR63,2025-06-30T22:56:15.90367912Z,01JZ1G559C6P7CY3FSGY2MAEHK,2025-06-30T22:56:15.90367912Z,01JZ1GKM5YC66NJV5SWE394KDW,2025-06-30T22:56:15.90367912Z,01JZ1GKMSAADC004ABTMMTZKAN,2025-06-30T22:56:15.90367912Z
01JZ1H0NMVM0J880C8K8M122KZ,01JZ1G29Q82GQAKEXSK2E7NK3R,2025-06-30T22:58:37.339073737Z,01JZ1G2AATTMJJ07WA2JZ9MF1K,2025-06-30T22:58:37.339073737Z,01JZ1G6XMV3T4ACX6H99BN9F1E,2025-06-30T22:58:37.339073737Z,01JZ1GWNC8K4Z8FGCARK2K5BBW,2025-06-30T22:58:37.339073737Z,01JZ1GWP3PGE8CPBKD20DR49PE,2025-06-30T22:58:37.339073737Z
01JZ198VRV31DVENKAJ8D7VEZ0,01JZ18QHX9XGN83K6T42FK97D5,2025-06-30T20:43:17.1479818Z,01JZ18QHZ9KPT0XZ66BZ9ZB89K,2025-06-30T20:43:17.1479818Z,01JZ18VC89HN16T8VX0M60S31S,2025-06-30T20:43:17.1479818Z,01JZ190NJ5PP5YCFJ7NGNJ3QPB,2025-06-30T20:43:17.1479818Z,01JZ190P8NGMJF9WMZR4Z0YBG2,2025-06-30T20:43:17.1479818Z
01JZ1AAQH2H6VNS5WHCH06VC35,01JZ19VEXCKVX740B60X4W6PQN,2025-06-30T21:01:46.914356287Z,01JZ19VF9WCS5BMDRCPXZK6ZBF,2025-06-30T21:01:46.914356287Z,01JZ19XSD6SYGG49Q271DJ23J5,2025-06-30T21:01:46.914356287Z,01JZ1A8RTBQBGQ6B3M8DMQ82K3,2025-06-30T21:01:46.914356287Z,01JZ1A8RXR5WSKMBYTYNZKW9M2,2025-06-30T21:01:46.914356287Z
01JZ1ACMBFK5KEASV04J508R3W,01JZ19VEXCKVX740B60X4W6PQN,2025-06-30T21:02:49.200010702Z,01JZ19VF6XEW5FG377QGXCTRD1,2025-06-30T21:02:49.200010702Z,01JZ1A81RPET9TAZBW4YBB121E,2025-06-30T21:02:49.200010702Z,01JZ1ACG4HW6PFHHMR21QG9MSA,2025-06-30T21:02:49.200010702Z,01JZ1ACGAF2FHM878KZCFE82T3,2025-06-30T21:02:49.200010702Z
01JZ1F2HC6AN2CZ4VTSCE2KX98,01JZ1E916HBESJXS5SJ82BFZ21,2025-06-30T22:24:41.351020055Z,01JZ1E91MDHZVF6NVBEDDVGZWT,2025-06-30T22:24:41.351020055Z,01JZ1EV2QBA0A51FSNHWZDJC5Q,2025-06-30T22:24:41.351020055Z,01JZ1EWVQ3C0P2AKJ3GFKFG7H9,2025-06-30T22:24:41.351020055Z,01JZ1EWVY6CA9DVW0ZSE84YQQ4,2025-06-30T22:24:41.351020055Z
01JZ1FAJ748FZ8067S9R7TKWNM,01JZ1E916HBESJXS5SJ82BFZ21,2025-06-30T22:29:04.356713199Z,01JZ1E91Q18GQE49C0XSDVMF75,2025-06-30T22:29:04.356713199Z,01JZ1EVFEHVN1QQPSCMZ2EZ73P,2025-06-30T22:29:04.356713199Z,01JZ1F2JDENWFSVMZMF7HPM6S0,2025-06-30T22:29:04.356713199Z,01JZ1F2JYXXAQR4VKVMA09HECH,2025-06-30T22:29:04.356713199Z
01JZ17S1E28JVD8Y4HSSBWP52Z,01JZ170DPRHYGRH6M74WMGZ8J5,2025-06-30T20:17:10.082635161Z,01JZ170DSWJ6311N72HPSQWG9K,2025-06-30T20:17:10.082635161Z,01JZ178W441J2YAZ2W6GRZFTRA,2025-06-30T20:17:10.082635161Z,01JZ17KG534VMGAN6DZ77QN8H5,2025-06-30T20:17:10.082635161Z,01JZ17KG7YSABGV08AS0ZBEA4S,2025-06-30T20:17:10.082635161Z
01JZ17V6K0N31Z5C9Q9937XQJB,01JZ170DPRHYGRH6M74WMGZ8J5,2025-06-30T20:18:20.896591096Z,01JZ170DSWJ6311N72HPSQWG9K,2025-06-30T20:18:20.896591096Z,01JZ17BEMM8D7MEKMFQ0MBS3DE,2025-06-30T20:18:20.896591096Z,01JZ17KG4Z9CHYTG6HQWPNQJ5E,2025-06-30T20:18:20.896591096Z,01JZ17KGA1S284K8EBMDYKKSKD,2025-06-30T20:18:20.896591096Z
01JZ18Y3D2QSAN8Z2C0Y866H3A,01JZ18G4TN4FH7205KTQTFE7PM,2025-06-30T20:37:24.514678858Z,01JZ18G4X5EPR69QT64DVYQXFJ,2025-06-30T20:37:24.514678858Z,01JZ18M07T82RGAMZEPD0QD6Q9,2025-06-30T20:37:24.514678858Z,01JZ18PAR13X6VEBNAGYQZRZE6,2025-06-30T20:37:24.514678858Z,01JZ18PAXR9Y18BVTPX0VAX3XE,2025-06-30T20:37:24.514678858Z
01JZ18Z7YXPZ5PPX8S8NGEZY9M,01JZ18G4TN4FH7205KTQTFE7PM,2025-06-30T20:38:01.949355735Z,01JZ18G4YTQTSXFW2X0Y80VGVG,2025-06-30T20:38:01.949355735Z,01JZ18KWMFEA26MWC1Z40F2JWN,2025-06-30T20:38:01.949355735Z,01JZ18QCJGMBYZ3Q6VHAQ4WQVG,2025-06-30T20:38:01.949355735Z,01JZ18QCRS6KYZZVYGRJM4TYB1,2025-06-30T20:38:01.949355735Z
01JZ1ACASMN9DF9Y1RPFW6SDH1,01JZ19VEXCKVX740B60X4W6PQN,2025-06-30T21:02:39.412647093Z,01JZ19VF81DTYMGWYB0TAJKDWY,2025-06-30T21:02:39.412647093Z,01JZ1A30PSDQTAMK68V3KKNNKC,2025-06-30T21:02:39.412647093Z,01JZ1AABK962FFJZTPD33N3VKP,2025-06-30T21:02:39.412647093Z,01JZ1AAC02MC5SPR207R8CMDY9,2025-06-30T21:02:39.412647093Z
01JZ1EVVBV0E18307MAYD7WHV3,01JZ1E916HBESJXS5SJ82BFZ21,2025-06-30T22:21:02.203775745Z,01JZ1E926BWK6TV1HDSC3ZQW4Y,2025-06-30T22:21:02.203775745Z,01JZ1EARCRST2HDXDY98Q0AYJ8,2025-06-30T22:21:02.203775745Z,01JZ1ESTDEHJ02W2S7D3PQQ6GF,2025-06-30T22:21:02.203775745Z,01JZ1ESTJZHZG91KRPFG3SZSMC,2025-06-30T22:21:02.203775745Z
01JZ1EYV6ZH2YRWA8KS5AVWEKP,01JZ1E916HBESJXS5SJ82BFZ21,2025-06-30T22:22:40.351346841Z,01JZ1E91MDHZVF6NVBEDDVGZWT,2025-06-30T22:22:40.351346841Z,01JZ1EDVQZ0X09D6ACA1N9J2V2,2025-06-30T22:22:40.351346841Z,01JZ1EWVQ3C0P2AKJ3GFKFG7H9,2025-06-30T22:22:40.351346841Z,01JZ1EWVW3TYWE8D4G43DBZQ54,2025-06-30T22:22:40.351346841Z
01JZ17KHF0ABBCSVPEEY4WQQGH,01JZ170DPRHYGRH6M74WMGZ8J5,2025-06-30T20:14:09.888461034Z,01JZ170DS8YWG03GZVY59N3JD0,2025-06-30T20:14:09.888461034Z,01JZ17CW18JBK0SW96CVGPG5D0,2025-06-30T20:14:09.888461034Z,01JZ17HNMQAAW5HV1NJ3KN0TDP,2025-06-30T20:14:09.888461034Z,01JZ17HNP3AJW0F642RK1ESAQT,2025-06-30T20:14:09.888461034Z
01JZ17PKBPGZE6TQWF7DSH5CVN,01JZ170DPRHYGRH6M74WMGZ8J5,2025-06-30T20:15:50.135002523Z,01JZ170DRXVGFVP20P8DK3M491,2025-06-30T20:15:50.135002523Z,01JZ17BF7NX0X3DRNTNKBRP4A9,2025-06-30T20:15:50.135002523Z,01JZ17H2JKQXYPBGV7RRHN6ECY,2025-06-30T20:15:50.135002523Z,01JZ17H2M11R5J615VWXS7CA9S,2025-06-30T20:15:50.135002523Z
01JZ17RNMKVN8610S8YT6TX0E6,01JZ170DPRHYGRH6M74WMGZ8J5,2025-06-30T20:16:58.00373417Z,01JZ170DSMJZPS89ZBMFZ7ATK7,2025-06-30T20:16:58.00373417Z,01JZ17ECC07JKYK10HK5BT3SZQ,2025-06-30T20:16:58.00373417Z,01JZ17MYDW712GB678NHAF4EAC,2025-06-30T20:16:58.00373417Z,01JZ17MYM0SS8G95WB3A8AA4SB,2025-06-30T20:16:58.00373417Z
01JZ17SXC0MHHD2CMFKS6EX3SE,01JZ170DPRHYGRH6M74WMGZ8J5,2025-06-30T20:17:38.688936475Z,01JZ170DS434CCJM920VN081CV,2025-06-30T20:17:38.688936475Z,01JZ17AXNB63XKGBKW724P24XM,2025-06-30T20:17:38.688936475Z,01JZ17HX14FY8E41PWFYHSWJ2P,2025-06-30T20:17:38.688936475Z,01JZ17HX3WVKQRC38GFPG7DBE6,2025-06-30T20:17:38.688936475Z
01JZ17V6KBRMYGCCT2629AE0SQ,01JZ170DPRHYGRH6M74WMGZ8J5,2025-06-30T20:18:20.907464848Z,01JZ170DSWJ6311N72HPSQWG9K,2025-06-30T20:18:20.907464848Z,01JZ17AF66R5T85771E9QQ650E,2025-06-30T20:18:20.907464848Z,01JZ17KG4Z9CHYTG6HQWPNQJ5E,2025-06-30T20:18:20.907464848Z,01JZ17KGA1S284K8EBMDYKKSKD,2025-06-30T20:18:20.907464848Z
01JZ17Y31AP2CCG4FC9DW0RK1F,01JZ170DPRHYGRH6M74WMGZ8J5,2025-06-30T20:19:55.562483013Z,01JZ170DRV33K8D9D9ZMQKAW2D,2025-06-30T20:19:55.562483013Z,01JZ17F29KQA44VJC80QGCAS6X,2025-06-30T20:19:55.562483013Z,01JZ17PPJ2YWZWK15QBYRMGXYC,2025-06-30T20:19:55.562483013Z,01JZ17PPMHDK98DK1177D9WR7E,2025-06-30T20:19:55.562483013Z
01JZ1BD8A4B170NE9XQXTT21KZ,01JZ1B1VZ9TM9N3252XVVAH9DZ,2025-06-30T21:20:38.212320622Z,01JZ1B1W5AJ9N87HJBZ99HRQPJ,2025-06-30T21:20:38.212320622Z,01JZ1BAG1QXXZT2G75G9P8N6Y2,2025-06-30T21:20:38.212320622Z,01JZ1BB7ETZS9BEX799QEABQ0R,2025-06-30T21:20:38.212320622Z,01JZ1BB7QDF6PAHDHT1Z0ZNWHF,2025-06-30T21:20:38.212320622Z
01JZ1BNV6X399DMDK1PNMTP0DN,01JZ1B1VZ9TM9N3252XVVAH9DZ,2025-06-30T21:25:19.709372576Z,01JZ1B1W46BH5YH0XYSE8KJRBK,2025-06-30T21:25:19.709372576Z,01JZ1B53Y9CT8RBFCFDJ7CMETA,2025-06-30T21:25:19.709372576Z,01JZ1BJ1ABMADNQ2K1TJQ9ED7W,2025-06-30T21:25:19.709372576Z,01JZ1BJ1M7XDY268RM8XKDKRZM,2025-06-30T21:25:19.709372576Z
01JZ17KEHF0379WZNVB3FW7N9A,01JZ170DPRHYGRH6M74WMGZ8J5,2025-06-30T20:14:06.895660703Z,01JZ170DS32PJY8CQRMADJXFRG,2025-06-30T20:14:06.895660703Z,01JZ176XCKRH7MED6P6JRG4D22,2025-06-30T20:14:06.895660703Z,01JZ17HJXZJXBNGG98GAB8QMCF,2025-06-30T20:14:06.895660703Z,01JZ17HK0Q06FHSMMZ245M8QA0,2025-06-30T20:14:06.895660703Z
01JZ17YQQMFP4XA9T1B3FQEFQ9,01JZ170DPRHYGRH6M74WMGZ8J5,2025-06-30T20:20:16.756364591Z,01JZ170DRV33K8D9D9ZMQKAW2D,2025-06-30T20:20:16.756364591Z,01JZ17A4X6KDHXD87KVKY87426,2025-06-30T20:20:16.756364591Z,01JZ17PPHN9RJYD8FZ3BDFYGXP,2025-06-30T20:20:16.756364591Z,01JZ17PPNWAQQ4EQFRJXVTMCA6,2025-06-30T20:20:16.756364591Z
01JZ18Y99JPAQ57PWAVVV2AY09,01JZ18G4TN4FH7205KTQTFE7PM,2025-06-30T20:37:30.546524538Z,01JZ18G4XMK5QHE5YNTR43VZ9V,2025-06-30T20:37:30.546524538Z,01JZ18JYQDFDP4EVNZQ3HF507K,2025-06-30T20:37:30.546524538Z,01JZ18RP89JC5KMWSQF397VP76,2025-06-30T20:37:30.546524538Z,01JZ18RPD577QZPR0KNDE9TH8W,2025-06-30T20:37:30.546524538Z
01JZ1AAT83WF64MTX1WYKQHKB1,01JZ19VEXCKVX740B60X4W6PQN,2025-06-30T21:01:49.701366746Z,01JZ19VF5YA4VZJRJDVJVY1XBY,2025-06-30T21:01:49.701366746Z,01JZ1A13JPV17BYBZFE5Z1TESS,2025-06-30T21:01:49.701366746Z,01JZ1AAR1060BHD991DM45EP7A,2025-06-30T21:01:49.701366746Z,01JZ1AAR4AJMBCW9THXN5SJZM5,2025-06-30T21:01:49.701366746Z
01JZ1AZGMBRGEPP3KNDP43TPBQ,01JZ19VEXCKVX740B60X4W6PQN,2025-06-30T21:13:07.979556653Z,01JZ19VF4XXDC5SP97SM18G8VM,2025-06-30T21:13:07.979556653Z,01JZ1ANH2BAB5BYK2XY4CKB2EM,2025-06-30T21:13:07.979556653Z,01JZ1AQBGFVYCSP9N6MQYTQFEK,2025-06-30T21:13:07.979556653Z,01JZ1AQC2J84K7V9QFGXHZ263Z,2025-06-30T21:13:07.979556653Z
01JZ1H2GN3Q2CR26WKEECQCKE1,01JZ1G29Q82GQAKEXSK2E7NK3R,2025-06-30T22:59:37.763356025Z,01JZ1G2AATTMJJ07WA2JZ9MF1K,2025-06-30T22:59:37.763356025Z,01JZ1G6XMV3T4ACX6H99BN9F1E,2025-06-30T22:59:37.763356025Z,01JZ1GWNC8K4Z8FGCARK2K5BBW,2025-06-30T22:59:37.763356025Z,01JZ1GWPA49CANG15VW5T9CHFB,2025-06-30T22:59:37.763356025Z
01JZ1F2H9EQ6PC06T3TRBAV72Z,01JZ1E916HBESJXS5SJ82BFZ21,2025-06-30T22:24:41.262989229Z,01JZ1E91MDHZVF6NVBEDDVGZWT,2025-06-30T22:24:41.262989229Z,01JZ1EARG6K6VN1DMMBQHNE2WC,2025-06-30T22:24:41.262989229Z,01JZ1EWVQ3C0P2AKJ3GFKFG7H9,2025-06-30T22:24:41.262989229Z,01JZ1EWVY6CA9DVW0ZSE84YQQ4,2025-06-30T22:24:41.262989229Z
01JZ18R2RG2JCNJ9WMGKBBXB9X,01JZ18G4TN4FH7205KTQTFE7PM,2025-06-30T20:34:07.248189954Z,01JZ18G4XDWA3A08Y0HZ5HSAAF,2025-06-30T20:34:07.248189954Z,01JZ18K35P2QZ1SSJHQYJ2X8Z7,2025-06-30T20:34:07.248189954Z,01JZ18R0YQXPRFN6T3JT8B6MYT,2025-06-30T20:34:07.248189954Z,01JZ18R11JQ1SRQV5XW61WSV3P,2025-06-30T20:34:07.248189954Z
01JZ18VDQKQ0P0C9H8S2KT0DAS,01JZ18G4TN4FH7205KTQTFE7PM,2025-06-30T20:35:56.787445349Z,01JZ18G4ZPD0G0WRB3ZSNJ4KSW,2025-06-30T20:35:56.787445349Z,01JZ18KCY0QBBH8XGZWTQZ78V6,2025-06-30T20:35:56.787445349Z,01JZ18QMDSQREXVSZ9J332HVG7,2025-06-30T20:35:56.787445349Z,01JZ18QMN8KXV42Y2BEFTEBTVN,2025-06-30T20:35:56.787445349Z
01JZ18WAT4QTBZ520MD3XSVZ5J,01JZ18G4TN4FH7205KTQTFE7PM,2025-06-30T20:36:26.564232787Z,01JZ18G4Y1ABZPJ815NAWEN19T,2025-06-30T20:36:26.564232787Z,01JZ18HQKYW690RKTXSRY6QQQ2,2025-06-30T20:36:26.564232787Z,01JZ18PMF1481YNW4VF038RS60,2025-06-30T20:36:26.564232787Z,01JZ18PMK1Q07KH4CZNB9PR0WQ,2025-06-30T20:36:26.564232787Z
01JZ18Y5ZMRY1CKND5Z3EPYDTH,01JZ18G4TN4FH7205KTQTFE7PM,2025-06-30T20:37:27.156754049Z,01JZ18G4Y1ABZPJ815NAWEN19T,2025-06-30T20:37:27.156754049Z,01JZ18JGZBSWHAA8MGTKR735JR,2025-06-30T20:37:27.156754049Z,01JZ18PMFB1RM4KC0PGZ592WHC,2025-06-30T20:37:27.156754049Z,01JZ18PMMB3RYW5S37W68XT56Q,2025-06-30T20:37:27.156754049Z
01JZ1BMMKX7FY228Y98PBHV494,01JZ1B1VZ9TM9N3252XVVAH9DZ,2025-06-30T21:24:40.189289301Z,01JZ1B1W2WT8MR9NJ7RDDSFH2M,2025-06-30T21:24:40.189289301Z,01JZ1B64GPABF5830RNTZP1A2Y,2025-06-30T21:24:40.189289301Z,01JZ1BD44PFFYBYMY5MP17VM3Y,2025-06-30T21:24:40.189289301Z,01JZ1BD4HRECF275A2V1NH487D,2025-06-30T21:24:40.189289301Z
01JZ1BMZJBHVA8VB194A3HKS1Q,01JZ1B1VZ9TM9N3252XVVAH9DZ,2025-06-30T21:24:51.403179251Z,01JZ1B1W2WT8MR9NJ7RDDSFH2M,2025-06-30T21:24:51.403179251Z,01JZ1B40FQ24C0Z8EC9VKSS7KY,2025-06-30T21:24:51.403179251Z,01JZ1BD437FH3N90SJNPN2P8KN,2025-06-30T21:24:51.403179251Z,01JZ1BD4MZ06KW5Q7KF9SR8RYG,2025-06-30T21:24:51.403179251Z
01JZ1BRQB2DSRTVS4QKPXT8PJ4,01JZ1B1VZ9TM9N3252XVVAH9DZ,2025-06-30T21:26:54.050478616Z,01JZ1B1W68Y1JCNSRHTZJR0WTB,2025-06-30T21:26:54.050478616Z,01JZ1B792JY1J7NFJKWZPMCAGM,2025-06-30T21:26:54.050478616Z,01JZ1BH47FKGJXT98P27XT8FV5,2025-06-30T21:26:54.050478616Z,01JZ1BH4P7VCH2NQ347CBM37RP,2025-06-30T21:26:54.050478616Z
01JZ17NSMDSJW1VZN2RZG5S0G1,01JZ170DPRHYGRH6M74WMGZ8J5,2025-06-30T20:15:23.789635691Z,01JZ170DSXXMDA003X79NFA4N0,2025-06-30T20:15:23.789635691Z,01JZ179JK7EB00XG1XXC6JXGYV,2025-06-30T20:15:23.789635691Z,01JZ17NRRNJAESN764PNSNC899,2025-06-30T20:15:23.789635691Z,01JZ17NRSX9Y03TPQ0Y539E3J5,2025-06-30T20:15:23.789635691Z
01JZ17SXBBSYW6YTK033B548D7,01JZ170DPRHYGRH6M74WMGZ8J5,2025-06-30T20:17:38.667596381Z,01JZ170DS434CCJM920VN081CV,2025-06-30T20:17:38.667596381Z,01JZ17BSJ6X9VEMM4EYWC90B29,2025-06-30T20:17:38.667596381Z,01JZ17HX14FY8E41PWFYHSWJ2P,2025-06-30T20:17:38.667596381Z,01JZ17HX3WVKQRC38GFPG7DBE6,2025-06-30T20:17:38.667596381Z
01JZ17SYE45QXXF26K41Y0F85J,01JZ170DPRHYGRH6M74WMGZ8J5,2025-06-30T20:17:39.78055142Z,01JZ170DSTXK5Z1DV671606E6A,2025-06-30T20:17:39.78055142Z,01JZ17995N07DABBEZWSHQJ20N,2025-06-30T20:17:39.78055142Z,01JZ17J85RY443EPKC8WCTQNMR,2025-06-30T20:17:39.78055142Z,01JZ17J88A8VP8RMGE8BSKN4H6,2025-06-30T20:17:39.78055142Z
01JZ17YQ1J8P3ATB5DA7N3NX9C,01JZ170DPRHYGRH6M74WMGZ8J5,2025-06-30T20:20:16.050655202Z,01JZ170DS5DJKXJ3Z7YVJKJJXK,2025-06-30T20:20:16.050655202Z,01JZ17DQRYSG711N7R05SC14HP,2025-06-30T20:20:16.050655202Z,01JZ17QA59QV908YAV00Z9M88J,2025-06-30T20:20:16.050655202Z,01JZ17QA8Z5AQT5PQN1RAFMA1B,2025-06-30T20:20:16.050655202Z
01JZ18RA736WJP1NY85WSCSTHP,01JZ18G4TN4FH7205KTQTFE7PM,2025-06-30T20:34:14.883580826Z,01JZ18G512YK4K14AJW1A4KQT5,2025-06-30T20:34:14.883580826Z,01JZ18M3Q90QHFJ7P7ZKCP4M1K,2025-06-30T20:34:14.883580826Z,01JZ18R8B98P4BYKECZBPDN4K7,2025-06-30T20:34:14.883580826Z,01JZ18R8E7XZBZJD4NABXEFK48,2025-06-30T20:34:14.883580826Z
01JZ17MA7B081TMRWG22AJZV3K,01JZ170DPRHYGRH6M74WMGZ8J5,2025-06-30T20:14:35.243630296Z,01JZ170DSR5F2SARFX61BD5BFD,2025-06-30T20:14:35.243630296Z,01JZ17D6932YKNNSWD1JMYAKKF,2025-06-30T20:14:35.243630296Z,01JZ17M8SKNJW5A4Z1S33P0E3X,2025-06-30T20:14:35.243630296Z,01JZ17M8VDWK4J4M7B81ZHBGC1,2025-06-30T20:14:35.243630296Z
01JZ17Z1G8135WCJT20R249B63,01JZ170DPRHYGRH6M74WMGZ8J5,2025-06-30T20:20:26.760097451Z,01JZ170DS5DJKXJ3Z7YVJKJJXK,2025-06-30T20:20:26.760097451Z,01JZ178QE8FT7YCFAWRXFD895X,2025-06-30T20:20:26.760097451Z,01JZ17QA4RZBJN8FPG3Q7FD7PZ,2025-06-30T20:20:26.760097451Z,01JZ17QA9V9911GNS74NJ3F2SB,2025-06-30T20:20:26.760097451Z
01JZ18RT0N07DTYGR8E1849NT8,01JZ18G4TN4FH7205KTQTFE7PM,2025-06-30T20:34:31.061722365Z,01JZ18G4WPK6V9JKZAVKNYS3NB,2025-06-30T20:34:31.061722365Z,01JZ18M2HA1EB5SFB14JH49GDB,2025-06-30T20:34:31.061722365Z,01JZ18RRBME3EX7FDX35TW0HT5,2025-06-30T20:34:31.061722365Z,01JZ18RRCRDHYH49VRE21NEJNH,2025-06-30T20:34:31.061722365Z
01JZ18X8WVPRDD5K27Q9ER2P3P,01JZ18G4TN4FH7205KTQTFE7PM,2025-06-30T20:36:57.371571441Z,01JZ18G4ZPD0G0WRB3ZSNJ4KSW,2025-06-30T20:36:57.371571441Z,01JZ18KHM8GJ48PE7RRH6Y4W94,2025-06-30T20:36:57.371571441Z,01JZ18QMDSQREXVSZ9J332HVG7,2025-06-30T20:36:57.371571441Z,01JZ18QMP1NGMSRYBNGZBSJCK9,2025-06-30T20:36:57.371571441Z
01JZ18ZXJPYAG8P0X61SNQJ105,01JZ18G4TN4FH7205KTQTFE7PM,2025-06-30T20:38:24.086929922Z,01JZ18G4XDWA3A08Y0HZ5HSAAF,2025-06-30T20:38:24.086929922Z,01JZ18KBAJ0PGQTXZHZSD7KQ4A,2025-06-30T20:38:24.086929922Z,01JZ18R10H32Q9CQ9VTYQTZJBZ,2025-06-30T20:38:24.086929922Z,01JZ18R16YD5FKS8D6PV6ZDNK0,2025-06-30T20:38:24.086929922Z
01JZ1CBY3CPR37M9MWPT4N2RHZ,01JZ1BX7WQMA45G0E33EEHJ3V9,2025-06-30T21:37:23.564556777Z,01JZ1BX849RGFMRNF1WR9VXVPD,2025-06-30T21:37:23.564556777Z,01JZ1C6CTMT28Z0M14S1H6T07Y,2025-06-30T21:37:23.564556777Z,01JZ1C84QRBSNC4RE2W7FPW8JB,2025-06-30T21:37:23.564556777Z,01JZ1C84Z78SK7MGDX7WCMQCBD,2025-06-30T21:37:23.564556777Z
01JZ18Z4YS826DK8DFKQY3T19B,01JZ18G4TN4FH7205KTQTFE7PM,2025-06-30T20:37:58.873908902Z,01JZ18G4YA2XRQ9RK4RH5WQB1P,2025-06-30T20:37:58.873908902Z,01JZ18J306MV90AN3KDTPG10SX,2025-06-30T20:37:58.873908902Z,01JZ18Q1SHZX0HATET1MQN9ET3,2025-06-30T20:37:58.873908902Z,01JZ18Q21BG6KQSPN28TPPD913,2025-06-30T20:37:58.873908902Z
01JZ1CPARRE77HQAH77SC0GGJ5,01JZ1C4XJFQQ45ZHGATAXVBX0J,2025-06-30T21:43:04.216316944Z,01JZ1C4XNE4VHGMR9JDZS6Y7F9,2025-06-30T21:43:04.216316944Z,01JZ1CEYEW4QC345QNCDR6C494,2025-06-30T21:43:04.216316944Z,01JZ1CM9MH9FR8B6ZK0QM2XBF8,2025-06-30T21:43:04.216316944Z,01JZ1CM9VXMQN204HPP62W42XM,2025-06-30T21:43:04.216316944Z
01JZ1DKK3PRZVRBNMMB9W52A7M,01JZ1D0RX94M7HHBAJDNGV8QRS,2025-06-30T21:59:03.030615082Z,01JZ1D0S61XK8FZCNQBM2ZAEE6,2025-06-30T21:59:03.030615082Z,01JZ1DFSBSFTDKE17JSS0VZPAS,2025-06-30T21:59:03.030615082Z,01JZ1DHG42SDRFG0AMYRAAVFFX,2025-06-30T21:59:03.030615082Z,01JZ1DHGRZHS3WZPMZ80SAV6MK,2025-06-30T21:59:03.030615082Z
01JZ1DNS2YKS9YWNE5SVXYNV4B,01JZ1D0RX94M7HHBAJDNGV8QRS,2025-06-30T22:00:14.686393744Z,01JZ1D0S4EMT97ECKQ06X1ZWAX,2025-06-30T22:00:14.686393744Z,01JZ1DEBFXXB5H1WJY1A2P9E20,2025-06-30T22:00:14.686393744Z,01JZ1DHWG8MPVQVFH1DPRPET9V,2025-06-30T22:00:14.686393744Z,01JZ1DHWTB93F3Q6WQXJSYB925,2025-06-30T22:00:14.686393744Z
01JZ17QXHNK5P19V54SM5YRPD9,01JZ170DPRHYGRH6M74WMGZ8J5,2025-06-30T20:16:33.333972006Z,01JZ170DSBT7R80F1BC6BFNZAP,2025-06-30T20:16:33.333972006Z,01JZ177S5KY8F9N4218V4EVNPY,2025-06-30T20:16:33.333972006Z,01JZ17JC3646JKWR0PPXMYYSSE,2025-06-30T20:16:33.333972006Z,01JZ17JC4FBEB4KZMVBDNS6F27,2025-06-30T20:16:33.333972006Z
01JZ17YGR69X2W3NBJ519BYYKJ,01JZ170DPRHYGRH6M74WMGZ8J5,2025-06-30T20:20:09.606307029Z,01JZ170DS9MMA8EZAVKYS5SMHX,2025-06-30T20:20:09.606307029Z,01JZ177D1EC4DDHNWKT4R7S3XA,2025-06-30T20:20:09.606307029Z,01JZ17TR7E1D7CES1YNCABFX51,2025-06-30T20:20:09.606307029Z,01JZ17TRBBRN18K8M8NDSQNJSF,2025-06-30T20:20:09.606307029Z
01JZ1AGC27KDY111T1HQGH62EW,01JZ19VEXCKVX740B60X4W6PQN,2025-06-30T21:04:51.783939253Z,01JZ19VF5YA4VZJRJDVJVY1XBY,2025-06-30T21:04:51.783939253Z,01JZ19XHW6DGGPDJ4763JBPGZ5,2025-06-30T21:04:51.783939253Z,01JZ1AAR361JZ1CYXHJ50PJVG2,2025-06-30T21:04:51.783939253Z,01JZ1AAR7NN2XS5Z2A6KJ0YYRK,2025-06-30T21:04:51.783939253Z
01JZ1AYVGGCYGBZ90ZFAH3C8PW,01JZ19VEXCKVX740B60X4W6PQN,2025-06-30T21:12:46.352787115Z,01JZ19VF4XXDC5SP97SM18G8VM,2025-06-30T21:12:46.352787115Z,01JZ1AHC0761QMCW1DPTW1G44R,2025-06-30T21:12:46.352787115Z,01JZ1AQBHRMVHPE1YZ6WFANPW5,2025-06-30T21:12:46.352787115Z,01JZ1AQBYQ9PP5WV2EE6KXR20F,2025-06-30T21:12:46.352787115Z
01JZ1BQXHA57QYW1E54VPMB0V4,01JZ1B1VZ9TM9N3252XVVAH9DZ,2025-06-30T21:26:27.626692363Z,01JZ1B1W4RP0VXDDKCJTNKM3AX,2025-06-30T21:26:27.626692363Z,01JZ1B4QMHRDEJR6YWEDX6CP6V,2025-06-30T21:26:27.626692363Z,01JZ1BNY8P6J7MV2A9X36WMPD0,2025-06-30T21:26:27.626692363Z,01JZ1BNYHGBQVASEB95WWGGHDA,2025-06-30T21:26:27.626692363Z
01JZ1BSD7EE1ZAEHT2R6VVYKJR,01JZ1B1VZ9TM9N3252XVVAH9DZ,2025-06-30T21:27:16.462836258Z,01JZ1B1W68Y1JCNSRHTZJR0WTB,2025-06-30T21:27:16.462836258Z,01JZ1B62EVJPYFB1CKMM3NTQNK,2025-06-30T21:27:16.462836258Z,01JZ1BH4CC6N46FP386VHR81G9,2025-06-30T21:27:16.462836258Z,01JZ1BH4V57GVQTP5Y76241390,2025-06-30T21:27:16.462836258Z
01JZ1DFMKJPSD5QKB0GX6XXD19,01JZ1D0RX94M7HHBAJDNGV8QRS,2025-06-30T21:56:53.490261583Z,01JZ1D0S2S8SEBXETFQJSTGM5V,2025-06-30T21:56:53.490261583Z,01JZ1D4W11PS06G8TDSZKJ39RF,2025-06-30T21:56:53.490261583Z,01JZ1D783SKDB58PW2W9ZDSBMC,2025-06-30T21:56:53.490261583Z,01JZ1D7967RTZSK1F0GMFX91JV,2025-06-30T21:56:53.490261583Z
01JZ18P91BV69FDCH38CEW8QKE,01JZ18G4TN4FH7205KTQTFE7PM,2025-06-30T20:33:08.139634126Z,01JZ18G50PJASP911XB82AW46K,2025-06-30T20:33:08.139634126Z,01JZ18M00QARBD4YKJZDM6JQBC,2025-06-30T20:33:08.139634126Z,01JZ18P6KKP6YDW0ZB2JNENH81,2025-06-30T20:33:08.139634126Z,01JZ18P6RJ2ZTWM3C4E470Y4NM,2025-06-30T20:33:08.139634126Z
01JZ19BMZ5YGRVMKREBVR7REAZ,01JZ18R9CHSHJ2BAJZ4M4PAW2X,2025-06-30T20:44:48.48520738Z,01JZ18RA3DBE17YR6D8FEXRWFY,2025-06-30T20:44:48.48520738Z,01JZ1945JH72C4XK34ZFBSF6HS,2025-06-30T20:44:48.48520738Z,01JZ197VZQZ3W28DZHMN5K9CXH,2025-06-30T20:44:48.48520738Z,01JZ197W71AFJWYNBKVH5JY2M6,2025-06-30T20:44:48.48520738Z
01JZ17T8KGDD3T85NHBNYJR6B9,01JZ170DPRHYGRH6M74WMGZ8J5,2025-06-30T20:17:50.192518843Z,01JZ170DSTXK5Z1DV671606E6A,2025-06-30T20:17:50.192518843Z,01JZ17995N07DABBEZWSHQJ20N,2025-06-30T20:17:50.192518843Z,01JZ17J85SANMZWN2QB7PBGCW6,2025-06-30T20:17:50.192518843Z,01JZ17J88TCH8B6MR5EHSFK5FM,2025-06-30T20:17:50.192518843Z
01JZ18XHF51R4SHN3NVC5KKQSG,01JZ18G4TN4FH7205KTQTFE7PM,2025-06-30T20:37:06.14997102Z,01JZ18G4YK3PSP6R2PNWBA4P8S,2025-06-30T20:37:06.14997102Z,01JZ18K6XVG6N44078RFW6M633,2025-06-30T20:37:06.14997102Z,01JZ18QWBAHK4T4H0VEYDTYNA4,2025-06-30T20:37:06.14997102Z,01JZ18QWFE3AE6XH6C0K25VMH0,2025-06-30T20:37:06.14997102Z
01JZ1AGC2XN077E1AGPTJH3A0V,01JZ19VEXCKVX740B60X4W6PQN,2025-06-30T21:04:51.805152376Z,01JZ19VF5YA4VZJRJDVJVY1XBY,2025-06-30T21:04:51.805152376Z,01JZ1A8FR32NPD5RJ1DVE9H7Y6,2025-06-30T21:04:51.805152376Z,01JZ1AAR361JZ1CYXHJ50PJVG2,2025-06-30T21:04:51.805152376Z,01JZ1AAR7NN2XS5Z2A6KJ0YYRK,2025-06-30T21:04:51.805152376Z
01JZ1AM1ESFY2MTEFNQVQ9PCYP,01JZ19VEXCKVX740B60X4W6PQN,2025-06-30T21:06:51.993764282Z,01JZ19VF6XEW5FG377QGXCTRD1,2025-06-30T21:06:51.993764282Z,01JZ1A8X5PJAXZBFXHM3C9X96V,2025-06-30T21:06:51.993764282Z,01JZ1ACG7RFGJPNSR51K4JAEZ8,2025-06-30T21:06:51.993764282Z,01JZ1ACGG67SPZ8AY8TH5DZ6XK,2025-06-30T21:06:51.993764282Z
01JZ17RJDZ2VZ7PK590ZMJ6YFB,01JZ170DPRHYGRH6M74WMGZ8J5,2025-06-30T20:16:54.719183432Z,01JZ170DRV33K8D9D9ZMQKAW2D,2025-06-30T20:16:54.719183432Z,01JZ17DQR0WXBVGZE5VFC3T0EF,2025-06-30T20:16:54.719183432Z,01JZ17PPGX7JSSK85PVP6H7NR4,2025-06-30T20:16:54.719183432Z,01JZ17PPKHZMMEW30CS2EYEP6J,2025-06-30T20:16:54.719183432Z
01JZ18X9V4FCKC38NW2PQA0JY1,01JZ18G4TN4FH7205KTQTFE7PM,2025-06-30T20:36:58.340172906Z,01JZ18G4ZDA13FR053ZT1R1FPF,2025-06-30T20:36:58.340172906Z,01JZ18HGW0W96RSNBB49GQ9E8B,2025-06-30T20:36:58.340172906Z,01JZ18NR6HCE23W41F3CPVZTY3,2025-06-30T20:36:58.340172906Z,01JZ18NRAYW3T2WM9DR7R5NBNE,2025-06-30T20:36:58.340172906Z
01JZ199W1ZW9YEJF85C4AJ5QRJ,01JZ18R9CHSHJ2BAJZ4M4PAW2X,2025-06-30T20:43:50.207630075Z,01JZ18RA48YSHMY5EWBJ9E61V2,2025-06-30T20:43:50.207630075Z,01JZ18XW8Z67J1KER526XJJSXY,2025-06-30T20:43:50.207630075Z,01JZ192CQ1PM6AAY4VWQWP0QFX,2025-06-30T20:43:50.207630075Z,01JZ192D6WBRSKW5XVT11AYW1H,2025-06-30T20:43:50.207630075Z
01JZ1F0TTNY0SAWWGG3K5X3YYF,01JZ1E916HBESJXS5SJ82BFZ21,2025-06-30T22:23:45.49348855Z,01JZ1E91HHYKGR583PHV4V6JXR,2025-06-30T22:23:45.49348855Z,01JZ1EFK9EEAEM2ASPQWEXC3TB,2025-06-30T22:23:45.49348855Z,01JZ1ERVDG8HDQTKMM7P0ZWCMB,2025-06-30T22:23:45.49348855Z,01JZ1ERVV3P3ZZ41FMC0J0J3Z5,2025-06-30T22:23:45.49348855Z
01JZ1F17FVJJ9Q0ANJVTP8148V,01JZ1E916HBESJXS5SJ82BFZ21,2025-06-30T22:23:58.459813307Z,01JZ1E91Z6K0ZJGCC53Q4JQWJP,2025-06-30T22:23:58.459813307Z,01JZ1EMNNJSEW14RVAN4FX9H51,2025-06-30T22:23:58.459813307Z,01JZ1EXBWE57CVQYV0Q5D3TA2S,2025-06-30T22:23:58.459813307Z,01JZ1EXC8JVAR27FH399TBW46Y,2025-06-30T22:23:58.459813307Z
01JZ17XGS5SSD171716S2PTBW9,01JZ170DPRHYGRH6M74WMGZ8J5,2025-06-30T20:19:36.869627398Z,01JZ170DS0283SZNEN95XAWWS4,2025-06-30T20:19:36.869627398Z,01JZ17NQ4AD6VM7PXCZNF246W5,2025-06-30T20:19:36.869627398Z,01JZ17NT77HT8XSXBSDEYA5WV8,2025-06-30T20:19:36.869627398Z,01JZ17NTBG0C8JRJ0TBR7BNQJ9,2025-06-30T20:19:36.869627398Z
01JZ18W0CBRH5TTFRA28B4T5XA,01JZ18G4TN4FH7205KTQTFE7PM,2025-06-30T20:36:15.883311354Z,01JZ18G512YK4K14AJW1A4KQT5,2025-06-30T20:36:15.883311354Z,01JZ18HJZ7HRTKHV6ZZJ67914M,2025-06-30T20:36:15.883311354Z,01JZ18R8CZAK9T47Q30YNKNJNG,2025-06-30T20:36:15.883311354Z,01JZ18R8G305WGQZPSGSK2ATV9,2025-06-30T20:36:15.883311354Z
01JZ18ZHBWF1JRZAG0TZD3JCJY,01JZ18G4TN4FH7205KTQTFE7PM,2025-06-30T20:38:11.580645103Z,01JZ18G508W9SSEDAT6B79GZND,2025-06-30T20:38:11.580645103Z,01JZ18JE7QR9RF8E7B9MDMMGE2,2025-06-30T20:38:11.580645103Z,01JZ18STHY2VTQFD4CXMK2KF14,2025-06-30T20:38:11.580645103Z,01JZ18STTVZBKCJ3FNRVH9WG4T,2025-06-30T20:38:11.580645103Z
01JZ1FF6QPKAVE3HX4D8K812Q7,01JZ1E916HBESJXS5SJ82BFZ21,2025-06-30T22:31:36.438823845Z,01JZ1E91ENR7DC2PFTK7ZY5PTJ,2025-06-30T22:31:36.438823845Z,01JZ1EBW22KQBY52ZW0XEVAEWD,2025-06-30T22:31:36.438823845Z,01JZ1F70P00K8AHBXPKP5QMP6N,2025-06-30T22:31:36.438823845Z,01JZ1F71N8C3R24QYQNXGHDKGR,2025-06-30T22:31:36.438823845Z
01JZ1GFSZ190EM2SF80GYJ7D23,01JZ1G29Q82GQAKEXSK2E7NK3R,2025-06-30T22:49:24.705368619Z,01JZ1G2A6YM039KVE3FBKDN5TM,2025-06-30T22:49:24.705368619Z,01JZ1G8WT4QHCTZSBPJCV6WM6W,2025-06-30T22:49:24.705368619Z,01JZ1GDRQETQFVFT79CV7FCC6X,2025-06-30T22:49:24.705368619Z,01JZ1GDS70WPQ6KPZXE2QYF2C4,2025-06-30T22:49:24.705368619Z
01JZ190DM53W2RCQT763XZ8ER9,01JZ18G4TN4FH7205KTQTFE7PM,2025-06-30T20:38:40.517905407Z,01JZ18G4XDWA3A08Y0HZ5HSAAF,2025-06-30T20:38:40.517905407Z,01JZ18JRC4BH8D9FBM20ZHDN29,2025-06-30T20:38:40.517905407Z,01JZ18R104VYMDDRK1QJHT9RQ9,2025-06-30T20:38:40.517905407Z,01JZ18R18DFKMEAWWTVWN3KHR5,2025-06-30T20:38:40.517905407Z
01JZ17PKA1JF2EZV4A9VB8Z6ZX,01JZ170DPRHYGRH6M74WMGZ8J5,2025-06-30T20:15:50.081976584Z,01JZ170DRXVGFVP20P8DK3M491,2025-06-30T20:15:50.081976584Z,01JZ179T9EE5NWF4YTXDRCZC5E,2025-06-30T20:15:50.081976584Z,01JZ17H2JKQXYPBGV7RRHN6ECY,2025-06-30T20:15:50.081976584Z,01JZ17H2M11R5J615VWXS7CA9S,2025-06-30T20:15:50.081976584Z
01JZ17QB4CGZV5VVKFXYV8D2FH,01JZ170DPRHYGRH6M74WMGZ8J5,2025-06-30T20:16:14.476071443Z,01JZ170DS5DJKXJ3Z7YVJKJJXK,2025-06-30T20:16:14.476071443Z,01JZ178QE8FT7YCFAWRXFD895X,2025-06-30T20:16:14.476071443Z,01JZ17QA5Z590RP2SNRWWJMCH6,2025-06-30T20:16:14.476071443Z,01JZ17QA6QWZKNN6HVFANQHGPR,2025-06-30T20:16:14.476071443Z
01JZ17S1V2SMNTP9VKWXFQ2ADZ,01JZ170DPRHYGRH6M74WMGZ8J5,2025-06-30T20:17:10.498093594Z,01JZ170DS8YWG03GZVY59N3JD0,2025-06-30T20:17:10.498093594Z,01JZ176HDV9KWWBADR549HVXXJ,2025-06-30T20:17:10.498093594Z,01JZ17HNMJKGSE7QCGZDT7R79G,2025-06-30T20:17:10.498093594Z,01JZ17HNQ2QM92RRAQT66AF49H,2025-06-30T20:17:10.498093594Z
01JZ17TGDDSY311HR8C8HB40Y2,01JZ170DPRHYGRH6M74WMGZ8J5,2025-06-30T20:17:58.189646455Z,01JZ170DSMJZPS89ZBMFZ7ATK7,2025-06-30T20:17:58.189646455Z,01JZ17DJ18S9CGE8H6D4S1K333,2025-06-30T20:17:58.189646455Z,01JZ17MYDW712GB678NHAF4EAC,2025-06-30T20:17:58.189646455Z,01JZ17MYMFCDYM1MWZVHQDN4PE,2025-06-30T20:17:58.189646455Z
01JZ17W1Z864Z14212VW4Q6Y8E,01JZ170DPRHYGRH6M74WMGZ8J5,2025-06-30T20:18:48.93689664Z,01JZ170DRQN15452AYS561M232,2025-06-30T20:18:48.93689664Z,01JZ17R3E57YY9H2V5S1G4XMBW,2025-06-30T20:18:48.93689664Z,01JZ17RBCT038Y8QAFS6F67QDM,2025-06-30T20:18:48.93689664Z,01JZ17RBG8YTAYEQS83SYBQZSE,2025-06-30T20:18:48.93689664Z
01JZ182GZ6D4F6QA7Q03F7CSXF,01JZ170DPRHYGRH6M74WMGZ8J5,2025-06-30T20:22:20.902845932Z,01JZ170DS9MMA8EZAVKYS5SMHX,2025-06-30T20:22:20.902845932Z,01JZ17AZS6YB2WPDVY4NDQYYNC,2025-06-30T20:22:20.902845932Z,01JZ17TR5WS052RB5963SEQK02,2025-06-30T20:22:20.902845932Z,01JZ17TRGFFXKAYPE40KD63RY1,2025-06-30T20:22:20.902845932Z
01JZ18VS4J7PK7T77YA3K0JW14,01JZ18G4TN4FH7205KTQTFE7PM,2025-06-30T20:36:08.466880533Z,01JZ18G508W9SSEDAT6B79GZND,2025-06-30T20:36:08.466880533Z,01JZ18J46H2273JNNKGGW4JXM3,2025-06-30T20:36:08.466880533Z,01JZ18STHY2VTQFD4CXMK2KF14,2025-06-30T20:36:08.466880533Z,01JZ18STQXA2JNMJ0FZB73Y8AN,2025-06-30T20:36:08.466880533Z
01JZ1BQP8C3CCV38CW987W38JK,01JZ1B1VZ9TM9N3252XVVAH9DZ,2025-06-30T21:26:20.172467402Z,01JZ1B1W46BH5YH0XYSE8KJRBK,2025-06-30T21:26:20.172467402Z,01JZ1B9W35DBJAZZ7ZHMPZZDPP,2025-06-30T21:26:20.172467402Z,01JZ1BJ1ABMADNQ2K1TJQ9ED7W,2025-06-30T21:26:20.172467402Z,01JZ1BJ1N02TYSZ0KSC4W9PQ8X,2025-06-30T21:26:20.172467402Z
01JZ1GP1TJSSG0YTJAWHHD1Q89,01JZ1G29Q82GQAKEXSK2E7NK3R,2025-06-30T22:52:49.362909081Z,01JZ1G2A6YM039KVE3FBKDN5TM,2025-06-30T22:52:49.362909081Z,01JZ1G5Y4DKCPQ2K5FM2F479YF,2025-06-30T22:52:49.362909081Z,01JZ1GDRVTRVBNPQ0V4C3E11WJ,2025-06-30T22:52:49.362909081Z,01JZ1GDSWE797A728J9JHG91W0,2025-06-30T22:52:49.362909081Z
01JZ17R59WYM1CN7TCT2ZZ9BSQ,01JZ170DPRHYGRH6M74WMGZ8J5,2025-06-30T20:16:41.27653153Z,01JZ170DS434CCJM920K0JDY80,2025-06-30T20:16:41.27653153Z,01JZ17BXPZGQSXJ1A4PH60Q6WQ,2025-06-30T20:16:41.27653153Z,01JZ17MESGQH4PGAZ2NQBVJJAG,2025-06-30T20:16:41.27653153Z,01JZ17MEVAAJKTKTYGK396SZTP,2025-06-30T20:16:41.27653153Z
01JZ18PC55VQEZ53N4YZPRT2AC,01JZ18G4TN4FH7205KTQTFE7PM,2025-06-30T20:33:11.333741816Z,01JZ18G4X5EPR69QT64DVYQXFJ,2025-06-30T20:33:11.333741816Z,01JZ18JKCGQP2NA6VYXSDM89NW,2025-06-30T20:33:11.333741816Z,01JZ18PAR9WBWEPQGQAVBFV7BZ,2025-06-30T20:33:11.333741816Z,01JZ18PARXYSM6SGM2B8A7M1YP,2025-06-30T20:33:11.333741816Z
01JZ18TS7385KMHAM797VT5Z2M,01JZ18G4TN4FH7205KTQTFE7PM,2025-06-30T20:35:35.779908036Z,01JZ18G4YA2XRQ9RK4RH5WQB1P,2025-06-30T20:35:35.779908036Z,01JZ18NCTENJS4RVDRQ8JG1EGE,2025-06-30T20:35:35.779908036Z,01JZ18Q1RFWF1SPY79863HPKYC,2025-06-30T20:35:35.779908036Z,01JZ18Q1WK379CDHDVRG1MFY84,2025-06-30T20:35:35.779908036Z
01JZ190F6FFGMJVXZ0TE1EQ92E,01JZ18G4TN4FH7205KTQTFE7PM,2025-06-30T20:38:42.127715088Z,01JZ18G50G0GKPPCFSW2N0ZNW1,2025-06-30T20:38:42.127715088Z,01JZ18N84ND15PG04895JYQ6RT,2025-06-30T20:38:42.127715088Z,01JZ18RHGF07MFHCBEKPMJBAPY,2025-06-30T20:38:42.127715088Z,01JZ18RHQ5VDF7GRDXBJX4HH13,2025-06-30T20:38:42.127715088Z
01JZ1FB36BP0SBESD897Z4MTER,01JZ1E916HBESJXS5SJ82BFZ21,2025-06-30T22:29:21.739611288Z,01JZ1E91ENR7DC2PFTK7ZY5PTJ,2025-06-30T22:29:21.739611288Z,01JZ1EH0Y7EBSVGC3G89BQ213G,2025-06-30T22:29:21.739611288Z,01JZ1F70RJ6JX7FR0QPB30BKG3,2025-06-30T22:29:21.739611288Z,01JZ1F710VPCAQRCAJ448C7HE9,2025-06-30T22:29:21.739611288Z
01JZ17SP3M393VSYJYVGKAQZ20,01JZ170DPRHYGRH6M74WMGZ8J5,2025-06-30T20:17:31.252093749Z,01JZ170DS8YWG03GZVY59N3JD0,2025-06-30T20:17:31.252093749Z,01JZ17CW18JBK0SW96CVGPG5D0,2025-06-30T20:17:31.252093749Z,01JZ17HNMVNEYYPPYMQAP8NS4W,2025-06-30T20:17:31.252093749Z,01JZ17HNR93RTH6SRHE160CD2Y,2025-06-30T20:17:31.252093749Z
01JZ18Q3CRK2N4JQA03Z96XDQG,01JZ18G4TN4FH7205KTQTFE7PM,2025-06-30T20:33:35.129826088Z,01JZ18G4YA2XRQ9RK4RH5WQB1P,2025-06-30T20:33:35.129826088Z,01JZ18M8PYM3H87ZASWMAC2B64,2025-06-30T20:33:35.129826088Z,01JZ18Q1R1B7GYCBMPZ4J0A4A5,2025-06-30T20:33:35.129826088Z,01JZ18Q1TSFZZQS5FGTPWK8FNB,2025-06-30T20:33:35.129826088Z
01JZ18T5JK8B82D3AP1NXRQ0FE,01JZ18G4TN4FH7205KTQTFE7PM,2025-06-30T20:35:15.667674588Z,01JZ18G512YK4K14AJW1A4KQT5,2025-06-30T20:35:15.667674588Z,01JZ18M3Q90QHFJ7P7ZKCP4M1K,2025-06-30T20:35:15.667674588Z,01JZ18R8CZAK9T47Q30YNKNJNG,2025-06-30T20:35:15.667674588Z,01JZ18R8FP2PK8E1K46EBVN6DP,2025-06-30T20:35:15.667674588Z
01JZ18Y3X7HRK1DZZ7086NMG73,01JZ18G4TN4FH7205KTQTFE7PM,2025-06-30T20:37:25.031785584Z,01JZ18G4ZZG5A688HVVJGKBFVW,2025-06-30T20:37:25.031785584Z,01JZ18JE9A6THSRA3515C4Q3GE,2025-06-30T20:37:25.031785584Z,01JZ18RFQ4W09NKQ14XZ3KQN1E,2025-06-30T20:37:25.031785584Z,01JZ18RFW4J096JYHRDJWPBVBD,2025-06-30T20:37:25.031785584Z
01JZ1AG0MMES2MV5ZB4YZR03JQ,01JZ19VEXCKVX740B60X4W6PQN,2025-06-30T21:04:40.084561288Z,01JZ19VF81DTYMGWYB0TAJKDWY,2025-06-30T21:04:40.084561288Z,01JZ1A7CX8Z1SNGPWK47XB0JNS,2025-06-30T21:04:40.084561288Z,01JZ1AABK962FFJZTPD33N3VKP,2025-06-30T21:04:40.084561288Z,01JZ1AAC1W6795X0XGH3C3PFHB,2025-06-30T21:04:40.084561288Z
01JZ1BJ5H5BJJTV5JBZCZW464W,01JZ1B1VZ9TM9N3252XVVAH9DZ,2025-06-30T21:23:19.205460303Z,01JZ1B1W6S117BH8HCA7NH9R7E,2025-06-30T21:23:19.205460303Z,01JZ1B4F0AXDADE5G5GXRT5GAX,2025-06-30T21:23:19.205460303Z,01JZ1BAHDKSRY9Y8MMEK86CJS4,2025-06-30T21:23:19.205460303Z,01JZ1BAHTJ9DNZD6W2WDN8KC6P,2025-06-30T21:23:19.205460303Z
01JZ17HKJTRDGFWR64EN51PQ87,01JZ170DPRHYGRH6M74WMGZ8J5,2025-06-30T20:13:06.522780259Z,01JZ170DS32PJY8CQRMADJXFRG,2025-06-30T20:13:06.522780259Z,01JZ17A8QJRMY4CTZ0TGBPTVC4,2025-06-30T20:13:06.522780259Z,01JZ17HJYFQV3K1KSV87NRHNJ3,2025-06-30T20:13:06.522780259Z,01JZ17HJZ8K670XSZXPTHJKV59,2025-06-30T20:13:06.522780259Z
01JZ17PQDV95K14EF1C2K93NBR,01JZ170DPRHYGRH6M74WMGZ8J5,2025-06-30T20:15:54.299677647Z,01JZ170DRV33K8D9D9ZMQKAW2D,2025-06-30T20:15:54.299677647Z,01JZ17FY7YEZ14CJBS3JX2EV3B,2025-06-30T20:15:54.299677647Z,01JZ17PPH32HXCV9GY0H5Z2WSH,2025-06-30T20:15:54.299677647Z,01JZ17PPJHRZMCCXX8F735F6CB,2025-06-30T20:15:54.299677647Z
01JZ17TCN8881JRHB2351BGGXK,01JZ170DPRHYGRH6M74WMGZ8J5,2025-06-30T20:17:54.344444646Z,01JZ170DSBT7R80F1BC6BFNZAP,2025-06-30T20:17:54.344444646Z,01JZ17898TMETDM923KMFF15WB,2025-06-30T20:17:54.344444646Z,01JZ17JC2ZXBJJNHC0TSAETRRS,2025-06-30T20:17:54.344444646Z,01JZ17JC6CD228EBJ95WFGACSC,2025-06-30T20:17:54.344444646Z
01JZ17Y31X36YRH34AA25DCM7B,01JZ170DPRHYGRH6M74WMGZ8J5,2025-06-30T20:19:55.58108281Z,01JZ170DRV33K8D9D9ZMQKAW2D,2025-06-30T20:19:55.58108281Z,01JZ17PJ3VDZQD3TEH95CF73QJ,2025-06-30T20:19:55.58108281Z,01JZ17PPJ2YWZWK15QBYRMGXYC,2025-06-30T20:19:55.58108281Z,01JZ17PPMHDK98DK1177D9WR7E,2025-06-30T20:19:55.58108281Z
01JZ190CKZM3V8S0CMYB069Q2T,01JZ18G4TN4FH7205KTQTFE7PM,2025-06-30T20:38:39.487357358Z,01JZ18G4XMK5QHE5YNTR43VZ9V,2025-06-30T20:38:39.487357358Z,01JZ18KPPCTRWET1CSH1Z4W2C4,2025-06-30T20:38:39.487357358Z,01JZ18RP8NH16RGQPN23QF70FD,2025-06-30T20:38:39.487357358Z,01JZ18RPEFN6WK76NDTGBAE0KT,2025-06-30T20:38:39.487357358Z
01JZ19AGWZHPCX0TCF8293YXVB,01JZ18R9CHSHJ2BAJZ4M4PAW2X,2025-06-30T20:44:11.551872547Z,01JZ18RA48YSHMY5EWBJ9E61V2,2025-06-30T20:44:11.551872547Z,01JZ18ZEQE5SB9NASAZX93YXN4,2025-06-30T20:44:11.551872547Z,01JZ192CNEKC6N4P48X5TV6GWX,2025-06-30T20:44:11.551872547Z,01JZ192DB6F8DWW9Y9QY8S42BP,2025-06-30T20:44:11.551872547Z
01JZ1AEFMASYY5B2CT3KVBYFJT,01JZ19VEXCKVX740B60X4W6PQN,2025-06-30T21:03:49.898972365Z,01JZ19VF6XEW5FG377QGXCTRD1,2025-06-30T21:03:49.898972365Z,01JZ1A9Y4FG88CERVMWV547SJC,2025-06-30T21:03:49.898972365Z,01JZ1ACG5AA6PRZ7WAEJWMNX2A,2025-06-30T21:03:49.898972365Z,01JZ1ACGD84SZVTVPHYZMCSWFJ,2025-06-30T21:03:49.898972365Z
01JZ1BJS91D25T1N79G1G9QHKD,01JZ1B1VZ9TM9N3252XVVAH9DZ,2025-06-30T21:23:39.425392463Z,01JZ1B1W2WT8MR9NJ7RDDSFH2M,2025-06-30T21:23:39.425392463Z,01JZ1B56KN8DYJ21G7YK1NVQR0,2025-06-30T21:23:39.425392463Z,01JZ1BD3Y8NHHCFXCV7WB08PE6,2025-06-30T21:23:39.425392463Z,01JZ1BD4E0X1M635NTN1HZAF8G,2025-06-30T21:23:39.425392463Z
01JZ1BT7SYQ2XV206BDHS30YXK,01JZ1B1VZ9TM9N3252XVVAH9DZ,2025-06-30T21:27:43.678354169Z,01JZ1B1W46BH5YH0XYSE8KJRBK,2025-06-30T21:27:43.678354169Z,01JZ1B53Y9CT8RBFCFDJ7CMETA,2025-06-30T21:27:43.678354169Z,01JZ1BJ1FAQJQXPY3NN1T11973,2025-06-30T21:27:43.678354169Z,01JZ1BJ1VZTMR233FHHW2QDPDF,2025-06-30T21:27:43.678354169Z
01JZ1EYK9EASVQKD21QNH67SZ5,01JZ1E916HBESJXS5SJ82BFZ21,2025-06-30T22:22:32.239042795Z,01JZ1E91HHYKGR583PHV4V6JXR,2025-06-30T22:22:32.239042795Z,01JZ1EB79K0MG0B72T7KF449XB,2025-06-30T22:22:32.239042795Z,01JZ1ERV8NQ1N608W7HC4Y405V,2025-06-30T22:22:32.239042795Z,01JZ1ERVNHV7ET6RPMV36W0M4V,2025-06-30T22:22:32.239042795Z
01JZ1DJAMPZ93278YNFFEVFNP5,01JZ1D0RX94M7HHBAJDNGV8QRS,2025-06-30T21:58:21.591027748Z,01JZ1D0S14X3T6948SDJVF454K,2025-06-30T21:58:21.591027748Z,01JZ1D3Y76V55J2284DH2783V0,2025-06-30T21:58:21.591027748Z,01JZ1DCMNY0VAHZRBKPHM6R6CB,2025-06-30T21:58:21.591027748Z,01JZ1DCN0DWX50S4DARC1YNR0D,2025-06-30T21:58:21.591027748Z
01JZ17H342VX973FV4M4D2R0NK,01JZ170DPRHYGRH6M74WMGZ8J5,2025-06-30T20:12:49.66692934Z,01JZ170DRXVGFVP20P8DK3M491,2025-06-30T20:12:49.66692934Z,01JZ17BF7NX0X3DRNTNKBRP4A9,2025-06-30T20:12:49.66692934Z,01JZ17H2JE238380KER7CXK8AE,2025-06-30T20:12:49.66692934Z,01JZ17H2K87A22069NTT15Y3RY,2025-06-30T20:12:49.66692934Z
01JZ17PQDFWBKB9J3C80WP0NG0,01JZ170DPRHYGRH6M74WMGZ8J5,2025-06-30T20:15:54.287689063Z,01JZ170DRV33K8D9D9ZMQKAW2D,2025-06-30T20:15:54.287689063Z,01JZ17A4X6KDHXD87KVKY87426,2025-06-30T20:15:54.287689063Z,01JZ17PPH32HXCV9GY0H5Z2WSH,2025-06-30T20:15:54.287689063Z,01JZ17PPJHRZMCCXX8F735F6CB,2025-06-30T20:15:54.287689063Z
01JZ18SJVHBVGRPFZAJDN94STS,01JZ18G4TN4FH7205KTQTFE7PM,2025-06-30T20:34:56.49801267Z,01JZ18G4ZPD0G0WRB3ZSNJ4KSW,2025-06-30T20:34:56.49801267Z,01JZ18KKFGMMT5SG9HSP332X5F,2025-06-30T20:34:56.49801267Z,01JZ18QMDSQREXVSZ9J332HVG7,2025-06-30T20:34:56.49801267Z,01JZ18QMMADJ900T0SE738Z66N,2025-06-30T20:34:56.49801267Z
01JZ19FZT33SEY0HH6ZT3CZ4NT,01JZ18R9CHSHJ2BAJZ4M4PAW2X,2025-06-30T20:47:10.659103938Z,01JZ18RA3DBE17YR6D8FEXRWFY,2025-06-30T20:47:10.659103938Z,01JZ18V7AEVH5VMDMYVZ6HXGK5,2025-06-30T20:47:10.659103938Z,01JZ197W1Q8Y87S3QNNPH4WR2N,2025-06-30T20:47:10.659103938Z,01JZ197WFDV5PZPT97FQG307PH,2025-06-30T20:47:10.659103938Z
01JZ1AAGXK07E2QTW6RWTJYZ2K,01JZ19VEXCKVX740B60X4W6PQN,2025-06-30T21:01:40.147587957Z,01JZ19VF1X4TGM9HTAVFF08YB3,2025-06-30T21:01:40.147587957Z,01JZ19X9AX1VPBDDCP087HWECT,2025-06-30T21:01:40.147587957Z,01JZ1A31TDZKWTX3G3H9PC4RBE,2025-06-30T21:01:40.147587957Z,01JZ1A326WS216DQ7AQ8R85P2Z,2025-06-30T21:01:40.147587957Z
01JZ1AJZWCQKT41YF3ZJBH63ES,01JZ19VEXCKVX740B60X4W6PQN,2025-06-30T21:06:17.612232726Z,01JZ19VF5YA4VZJRJDVJVY1XBY,2025-06-30T21:06:17.612232726Z,01JZ19XHW6DGGPDJ4763JBPGZ5,2025-06-30T21:06:17.612232726Z,01JZ1AAQZXK1M56S8S8ENY419V,2025-06-30T21:06:17.612232726Z,01JZ1AARD88DNEW14DF6ANYY86,2025-06-30T21:06:17.612232726Z
01JZ1DJAK9KNBYV32B403CB2WM,01JZ1D0RX94M7HHBAJDNGV8QRS,2025-06-30T21:58:21.545058835Z,01JZ1D0S14X3T6948SDJVF454K,2025-06-30T21:58:21.545058835Z,01JZ1D4M3DA9VHJGDM7TJDNSPA,2025-06-30T21:58:21.545058835Z,01JZ1DCMNY0VAHZRBKPHM6R6CB,2025-06-30T21:58:21.545058835Z,01JZ1DCN0DWX50S4DARC1YNR0D,2025-06-30T21:58:21.545058835Z
01JZ1DNEC7ZQKJZ1X4YYSXAZSY,01JZ1D0RX94M7HHBAJDNGV8QRS,2025-06-30T22:00:03.719548475Z,01JZ1D0S61XK8FZCNQBM2ZAEE6,2025-06-30T22:00:03.719548475Z,01JZ1DFSBSFTDKE17JSS0VZPAS,2025-06-30T22:00:03.719548475Z,01JZ1DHG42SDRFG0AMYRAAVFFX,2025-06-30T22:00:03.719548475Z,01JZ1DHGT73RX5V018YKF27ZKE,2025-06-30T22:00:03.719548475Z
01JZ1DQMFEAQX8R8Q6PF6EQ38V,01JZ1D0RX94M7HHBAJDNGV8QRS,2025-06-30T22:01:15.503012724Z,01JZ1D0S4EMT97ECKQ06X1ZWAX,2025-06-30T22:01:15.503012724Z,01JZ1DEBFXXB5H1WJY1A2P9E20,2025-06-30T22:01:15.503012724Z,01JZ1DHWG8MPVQVFH1DPRPET9V,2025-06-30T22:01:15.503012724Z,01JZ1DHWVQSKPMR26NRPJVKTB6,2025-06-30T22:01:15.503012724Z
01JZ1F0TXP6C5HSMNS8WGKRAW2,01JZ1E916HBESJXS5SJ82BFZ21,2025-06-30T22:23:45.590457905Z,01JZ1E91HHYKGR583PHV4V6JXR,2025-06-30T22:23:45.590457905Z,01JZ1EB79K0MG0B72T7KF449XB,2025-06-30T22:23:45.590457905Z,01JZ1ERVDG8HDQTKMM7P0ZWCMB,2025-06-30T22:23:45.590457905Z,01JZ1ERVV3P3ZZ41FMC0J0J3Z5,2025-06-30T22:23:45.590457905Z
01JZ1FF6W7VWBGEDZ9C9KMDSFQ,01JZ1E916HBESJXS5SJ82BFZ21,2025-06-30T22:31:36.583500554Z,01JZ1E91ENR7DC2PFTK7ZY5PTJ,2025-06-30T22:31:36.583500554Z,01JZ1EESNEX1G6N7P06E41EYRK,2025-06-30T22:31:36.583500554Z,01JZ1F70P00K8AHBXPKP5QMP6N,2025-06-30T22:31:36.583500554Z,01JZ1F71N8C3R24QYQNXGHDKGR,2025-06-30T22:31:36.583500554Z
01JZ1GG1DF2M6H4TYKJ8SGSY11,01JZ1G29Q82GQAKEXSK2E7NK3R,2025-06-30T22:49:32.335451956Z,01JZ1G2A3Q53QEYHDQX68WVVKH,2025-06-30T22:49:32.335451956Z,01JZ1G7Q5PBNYB0Y67X5QD4VST,2025-06-30T22:49:32.335451956Z,01JZ1GE1CN3AV1GMRSBHB6RFHY,2025-06-30T22:49:32.335451956Z,01JZ1GE1TDY817MF29QBKMB0TA,2025-06-30T22:49:32.335451956Z
01JZ1GMB90R4GX87J66A0BV14X,01JZ1G29Q82GQAKEXSK2E7NK3R,2025-06-30T22:51:53.504123564Z,01JZ1G29XRNS92G9JYEX4H033M,2025-06-30T22:51:53.504123564Z,01JZ1GGT9KDQPYVBYTSYY1MHFW,2025-06-30T22:51:53.504123564Z,01JZ1GM65E8G659ECGG1A0CNNK,2025-06-30T22:51:53.504123564Z,01JZ1GM6M31AX111KKY1N9TEDS,2025-06-30T22:51:53.504123564Z
01JZ17M7HD7J3C3W7HTXHCGYRK,01JZ170DPRHYGRH6M74WMGZ8J5,2025-06-30T20:14:32.49361253Z,01JZ170DRWH3Q5VEKFYTCWXCB9,2025-06-30T20:14:32.49361253Z,01JZ17E300K9YQ0KK94FSGZ5RV,2025-06-30T20:14:32.49361253Z,01JZ17M636G6YCD0BAJGQEKJNP,2025-06-30T20:14:32.49361253Z,01JZ17M64R492KMA984HJQH40R,2025-06-30T20:14:32.49361253Z
01JZ18PNV35QHD087M94FX1YMT,01JZ18G4TN4FH7205KTQTFE7PM,2025-06-30T20:33:21.251248149Z,01JZ18G4Y1ABZPJ815NAWEN19T,2025-06-30T20:33:21.251248149Z,01JZ18HGDSE2JWMVWW1YEZN8Q5,2025-06-30T20:33:21.251248149Z,01JZ18PME7D8TXGQRQ2CGSH14P,2025-06-30T20:33:21.251248149Z,01JZ18PMH0R8Q1MAXWAZFJQ0BE,2025-06-30T20:33:21.251248149Z
01JZ194FHSRATE7PYCP0SZ3H2K,01JZ18QHX9XGN83K6T42FK97D5,2025-06-30T20:40:53.561428527Z,01JZ18QHZ9KPT0XZ66BZ9ZB89K,2025-06-30T20:40:53.561428527Z,01JZ18VHSP5WBV88CARNF83RF7,2025-06-30T20:40:53.561428527Z,01JZ190NH1278RPC2MCD2QJWTN,2025-06-30T20:40:53.561428527Z,01JZ190NQ8NZTC3E9W7WFVN8T1,2025-06-30T20:40:53.561428527Z
01JZ1980VSV1YT83YS5B9HXX2K,01JZ18R9CHSHJ2BAJZ4M4PAW2X,2025-06-30T20:42:49.593457755Z,01JZ18RA48YSHMY5EWBJ9E61V2,2025-06-30T20:42:49.593457755Z,01JZ18XW8Z67J1KER526XJJSXY,2025-06-30T20:42:49.593457755Z,01JZ192CMQ10Q5BYZGXB0BD1QB,2025-06-30T20:42:49.593457755Z,01JZ192D5142G1TJ21NW33DQND,2025-06-30T20:42:49.593457755Z
01JZ1AMCNDJKFZYQ5ARWK5MZG0,01JZ19VEXCKVX740B60X4W6PQN,2025-06-30T21:07:03.469579668Z,01JZ19VF6XEW5FG377QGXCTRD1,2025-06-30T21:07:03.469579668Z,01JZ1A81RPET9TAZBW4YBB121E,2025-06-30T21:07:03.469579668Z,01JZ1ACG6Q17P2Z830VCFRQ76D,2025-06-30T21:07:03.469579668Z,01JZ1ACGJ96F90R72HKQEPR1FT,2025-06-30T21:07:03.469579668Z
01JZ1BJS87BJFYMQ76NAK4S95H,01JZ1B1VZ9TM9N3252XVVAH9DZ,2025-06-30T21:23:39.399376097Z,01JZ1B1W2WT8MR9NJ7RDDSFH2M,2025-06-30T21:23:39.399376097Z,01JZ1B40FQ24C0Z8EC9VKSS7KY,2025-06-30T21:23:39.399376097Z,01JZ1BD3Y8NHHCFXCV7WB08PE6,2025-06-30T21:23:39.399376097Z,01JZ1BD4E0X1M635NTN1HZAF8G,2025-06-30T21:23:39.399376097Z
01JZ1BX70P4130S9DVQSNNZSWK,01JZ1B1VZ9TM9N3252XVVAH9DZ,2025-06-30T21:29:21.174690235Z,01JZ1B1W5TAZ0C76DBH0ZAEY5X,2025-06-30T21:29:21.174690235Z,01JZ1B3WZ5Q8VM6YQPSTYC2J5Y,2025-06-30T21:29:21.174690235Z,01JZ1BNNH562Q854YV4P9FQ9JA,2025-06-30T21:29:21.174690235Z,01JZ1BNPBK29NQN24A8RHSD4TC,2025-06-30T21:29:21.174690235Z
01JZ1GRDZPATD06KADVSW1XYD9,01JZ1G29Q82GQAKEXSK2E7NK3R,2025-06-30T22:54:07.35071231Z,01JZ1G2A24PAZYJHH2EQFGJG7N,2025-06-30T22:54:07.35071231Z,01JZ1G82YG8RECYV7TAMBGD9YX,2025-06-30T22:54:07.35071231Z,01JZ1GG48RDT7Y0TW0BJEC2687,2025-06-30T22:54:07.35071231Z,01JZ1GG4WYHDN8AD0E438DV36A,2025-06-30T22:54:07.35071231Z
01JZ17NV2NCEK0P05X571J7RV9,01JZ170DPRHYGRH6M74WMGZ8J5,2025-06-30T20:15:25.269448896Z,01JZ170DS0283SZNEN95XAWWS4,2025-06-30T20:15:25.269448896Z,01JZ174WHQCMCA8133PA37NAKC,2025-06-30T20:15:25.269448896Z,01JZ17NT644PA1MKM9DXCD13F1,2025-06-30T20:15:25.269448896Z,01JZ17NT8N20Z9H468MWQHH6VD,2025-06-30T20:15:25.269448896Z
01JZ17R70046JX4RZECA10DZ8F,01JZ170DPRHYGRH6M74WMGZ8J5,2025-06-30T20:16:43.008133059Z,01JZ170DRSFZ9Y16965WN1Z2F9,2025-06-30T20:16:43.008133059Z,01JZ17AQQS59T0RTXR5VNB3ZRC,2025-06-30T20:16:43.008133059Z,01JZ17G70SJ14STM6REY4G3XP7,2025-06-30T20:16:43.008133059Z,01JZ17G73V9W3VNSM29V3RZ5DW,2025-06-30T20:16:43.008133059Z
01JZ198EGEWXJNMCG3GRPMFFEV,01JZ18QHX9XGN83K6T42FK97D5,2025-06-30T20:43:03.566224412Z,01JZ18QHYY9H3H8G0D5BR000CA,2025-06-30T20:43:03.566224412Z,01JZ18XHK71TAH4K8NFWQ8XDAZ,2025-06-30T20:43:03.566224412Z,01JZ1903EEWXHFPKFJN2CK77YH,2025-06-30T20:43:03.566224412Z,01JZ1905KVG0P5M45Q6GQ0WZHZ,2025-06-30T20:43:03.566224412Z
01JZ1AM1CH2A2VKMBDD2CC1BQY,01JZ19VEXCKVX740B60X4W6PQN,2025-06-30T21:06:51.921811244Z,01JZ19VF6XEW5FG377QGXCTRD1,2025-06-30T21:06:51.921811244Z,01JZ19XENNWSXAPJJVN05DNY45,2025-06-30T21:06:51.921811244Z,01JZ1ACG7RFGJPNSR51K4JAEZ8,2025-06-30T21:06:51.921811244Z,01JZ1ACGG67SPZ8AY8TH5DZ6XK,2025-06-30T21:06:51.921811244Z
01JZ1AV619JRHPGS998N756W86,01JZ19VEXCKVX740B60X4W6PQN,2025-06-30T21:10:46.057093925Z,01JZ19VF3FCDRKA7RA8CE3SQDH,2025-06-30T21:10:46.057093925Z,01JZ19WY3ATKAJQ5V1K5TAB38J,2025-06-30T21:10:46.057093925Z,01JZ1AK0ET9HBHSSG0V60ZD9G1,2025-06-30T21:10:46.057093925Z,01JZ1AK0ZXKEPQK3R3R93JFQZP,2025-06-30T21:10:46.057093925Z
01JZ1BT7PDQJAEE17QF640NXX5,01JZ1B1VZ9TM9N3252XVVAH9DZ,2025-06-30T21:27:43.565162257Z,01JZ1B1W46BH5YH0XYSE8KJRBK,2025-06-30T21:27:43.565162257Z,01JZ1BEHJTZVP4GP4G96Q0PZBM,2025-06-30T21:27:43.565162257Z,01JZ1BJ1FAQJQXPY3NN1T11973,2025-06-30T21:27:43.565162257Z,01JZ1BJ1VZTMR233FHHW2QDPDF,2025-06-30T21:27:43.565162257Z
01JZ17QXHGAGW596S2SVXW6S2V,01JZ170DPRHYGRH6M74WMGZ8J5,2025-06-30T20:16:33.328356295Z,01JZ170DSBT7R80F1BC6BFNZAP,2025-06-30T20:16:33.328356295Z,01JZ17898TMETDM923KMFF15WB,2025-06-30T20:16:33.328356295Z,01JZ17JC3646JKWR0PPXMYYSSE,2025-06-30T20:16:33.328356295Z,01JZ17JC4FBEB4KZMVBDNS6F27,2025-06-30T20:16:33.328356295Z
01JZ18Y3GNWNDDN62V41JKDMJN,01JZ18G4TN4FH7205KTQTFE7PM,2025-06-30T20:37:24.629092426Z,01JZ18G4X5EPR69QT64DVYQXFJ,2025-06-30T20:37:24.629092426Z,01JZ18J0PFCTBHRZ327Y7ADC0R,2025-06-30T20:37:24.629092426Z,01JZ18PAR13X6VEBNAGYQZRZE6,2025-06-30T20:37:24.629092426Z,01JZ18PAXR9Y18BVTPX0VAX3XE,2025-06-30T20:37:24.629092426Z
01JZ19AGSPX1W9H89TER7TY8ZP,01JZ18R9CHSHJ2BAJZ4M4PAW2X,2025-06-30T20:44:11.446620544Z,01JZ18RA48YSHMY5EWBJ9E61V2,2025-06-30T20:44:11.446620544Z,01JZ18XW8Z67J1KER526XJJSXY,2025-06-30T20:44:11.446620544Z,01JZ192CNEKC6N4P48X5TV6GWX,2025-06-30T20:44:11.446620544Z,01JZ192DB6F8DWW9Y9QY8S42BP,2025-06-30T20:44:11.446620544Z
01JZ1AJ5R93M9S5VC10MXG2R5P,01JZ19VEXCKVX740B60X4W6PQN,2025-06-30T21:05:50.857230866Z,01JZ19VF6XEW5FG377QGXCTRD1,2025-06-30T21:05:50.857230866Z,01JZ19XENNWSXAPJJVN05DNY45,2025-06-30T21:05:50.857230866Z,01JZ1ACG5AA6PRZ7WAEJWMNX2A,2025-06-30T21:05:50.857230866Z,01JZ1ACGEE7FQP6896MSH7FTZ1,2025-06-30T21:05:50.857230866Z
01JZ1BG6K8XQPDWM37F6Y47G5E,01JZ1B1VZ9TM9N3252XVVAH9DZ,2025-06-30T21:22:14.760171854Z,01JZ1B1W6S117BH8HCA7NH9R7E,2025-06-30T21:22:14.760171854Z,01JZ1B7296HT4QZTVSQ7DGFCMT,2025-06-30T21:22:14.760171854Z,01JZ1BAHCPD0S01DARX26K93JP,2025-06-30T21:22:14.760171854Z,01JZ1BAHQZCEJFHZVQ6PYBVW81,2025-06-30T21:22:14.760171854Z
01JZ1FC6JRY34VSS4KT4NPK0SQ,01JZ1E916HBESJXS5SJ82BFZ21,2025-06-30T22:29:57.976545975Z,01JZ1E91SWVSXS6FK33QCMH9SP,2025-06-30T22:29:57.976545975Z,01JZ1EJSF3D74SJNMB9KEWHKK2,2025-06-30T22:29:57.976545975Z,01JZ1F45GMFQYW3BNGKJHGM9H3,2025-06-30T22:29:57.976545975Z,01JZ1F465Z0PHSR3Y6FCBXESPY,2025-06-30T22:29:57.976545975Z
01JZ1GR7BGWWSHGE5D95DVFTPB,01JZ1G29Q82GQAKEXSK2E7NK3R,2025-06-30T22:54:00.56101697Z,01JZ1G2ACHC2PPHGNQVYG69GCY,2025-06-30T22:54:00.56101697Z,01JZ1GHHR8Y5813M82KVZRR659,2025-06-30T22:54:00.56101697Z,01JZ1GJG6VNG9PMWWVXAT59KAK,2025-06-30T22:54:00.56101697Z,01JZ1GJGQS329XNT6FBZ8D1F2T,2025-06-30T22:54:00.56101697Z
01JZ17JXW9EXMC8200AFJTKVZZ,01JZ170DPRHYGRH6M74WMGZ8J5,2025-06-30T20:13:49.833326977Z,01JZ170DRXVGFVP20P8DK3M491,2025-06-30T20:13:49.833326977Z,01JZ179T9EE5NWF4YTXDRCZC5E,2025-06-30T20:13:49.833326977Z,01JZ17H2JKQXYPBGV7RRHN6ECY,2025-06-30T20:13:49.833326977Z,01JZ17H2KX573H20YKHGZSB3KY,2025-06-30T20:13:49.833326977Z
01JZ17QDTEA7AQ935WJ6BF0PWR,01JZ170DPRHYGRH6M74WMGZ8J5,2025-06-30T20:16:17.230306931Z,01JZ170DS434CCJM920VN081CV,2025-06-30T20:16:17.230306931Z,01JZ17ENCSDKWD2M3Q3EC23N1W,2025-06-30T20:16:17.230306931Z,01JZ17HX0ZXKJ4A0TXNHXA38XE,2025-06-30T20:16:17.230306931Z,01JZ17HX2AP1VXP646YMEXT1TD,2025-06-30T20:16:17.230306931Z
01JZ17XWR1WA7G3FT9R57TVYBA,01JZ170DPRHYGRH6M74WMGZ8J5,2025-06-30T20:19:49.121039638Z,01JZ170DRQN15452AYS561M232,2025-06-30T20:19:49.121039638Z,01JZ17M9BWTED841AF4MEHDDNW,2025-06-30T20:19:49.121039638Z,01JZ17RBCT038Y8QAFS6F67QDM,2025-06-30T20:19:49.121039638Z,01JZ17RBGPE2RQ9J5YW800P61S,2025-06-30T20:19:49.121039638Z
01JZ1C88KCS5DWDZHY5S9JWZD1,01JZ1BX7WQMA45G0E33EEHJ3V9,2025-06-30T21:35:23.244972157Z,01JZ1BX80QRTKGB6MH6HMRDXS1,2025-06-30T21:35:23.244972157Z,01JZ1BYVYWJTY34XWWWGSZYC2W,2025-06-30T21:35:23.244972157Z,01JZ1C68WHJ3JXAR0SNG92WD7N,2025-06-30T21:35:23.244972157Z,01JZ1C69FM0P2VNZABYXY43TTX,2025-06-30T21:35:23.244972157Z
01JZ1F0P9K3DQDBPJEX0H043ES,01JZ1E916HBESJXS5SJ82BFZ21,2025-06-30T22:23:40.851240055Z,01JZ1E91MDHZVF6NVBEDDVGZWT,2025-06-30T22:23:40.851240055Z,01JZ1EV2QBA0A51FSNHWZDJC5Q,2025-06-30T22:23:40.851240055Z,01JZ1EWVQ3C0P2AKJ3GFKFG7H9,2025-06-30T22:23:40.851240055Z,01JZ1EWVX630PNM3ZB0XP4GMWN,2025-06-30T22:23:40.851240055Z
01JZ1GSBBE283ZYPEDB624G420,01JZ1G29Q82GQAKEXSK2E7NK3R,2025-06-30T22:54:37.422711375Z,01JZ1G2A9825Q9R0AFVXQNTR63,2025-06-30T22:54:37.422711375Z,01JZ1G559C6P7CY3FSGY2MAEHK,2025-06-30T22:54:37.422711375Z,01JZ1GKM3A5ATBGFJSYTP1DWZY,2025-06-30T22:54:37.422711375Z,01JZ1GKMG6M89423S5Y2GPD6D5,2025-06-30T22:54:37.422711375Z
01JZ18RYB2GDNPTN74QNW3A691,01JZ18G4TN4FH7205KTQTFE7PM,2025-06-30T20:34:35.490192988Z,01JZ18G4YA2XRQ9RK4RH5WQB1P,2025-06-30T20:34:35.490192988Z,01JZ18J306MV90AN3KDTPG10SX,2025-06-30T20:34:35.490192988Z,01JZ18Q1RFWF1SPY79863HPKYC,2025-06-30T20:34:35.490192988Z,01JZ18Q1W9BTR5PH42HW5VBB8R,2025-06-30T20:34:35.490192988Z
01JZ18XN20JHW8AM9X38GY00Z5,01JZ18G4TN4FH7205KTQTFE7PM,2025-06-30T20:37:09.824553996Z,01JZ18G4ZDA13FR053ZT1R1FPF,2025-06-30T20:37:09.824553996Z,01JZ18HQSJCYE6M3YFJES1PERS,2025-06-30T20:37:09.824553996Z,01JZ18NR6VSFFH5QJK4DQ1TXDM,2025-06-30T20:37:09.824553996Z,01JZ18NRC0G7Z33TP6YQMRVJQX,2025-06-30T20:37:09.824553996Z
01JZ191J5VJ2SWXHPKE9BGPSVK,01JZ18G4TN4FH7205KTQTFE7PM,2025-06-30T20:39:17.94778294Z,01JZ18G4Z7SR18DC8PDBR22HS5,2025-06-30T20:39:17.94778294Z,01JZ18NQPCFBGJDGFZ54XZESTD,2025-06-30T20:39:17.94778294Z,01JZ18S8XBR7NPBNNX8H3R06YJ,2025-06-30T20:39:17.94778294Z,01JZ18S964RRE31Q1VKWQ9XVBV,2025-06-30T20:39:17.94778294Z
01JZ1GNTC20TGQV89D45W3VD42,01JZ1G29Q82GQAKEXSK2E7NK3R,2025-06-30T22:52:41.730070862Z,01JZ1G2A24PAZYJHH2EQFGJG7N,2025-06-30T22:52:41.730070862Z,01JZ1G7JX1NV5X3X0139HRSB32,2025-06-30T22:52:41.730070862Z,01JZ1GG43VKPZ1V5ZJWSGJMS64,2025-06-30T22:52:41.730070862Z,01JZ1GG4J2J167YK71GJDT2JBT,2025-06-30T22:52:41.730070862Z
01JZ18V6EM450CZ7ARKRJFE5ZD,01JZ18G4TN4FH7205KTQTFE7PM,2025-06-30T20:35:49.332134085Z,01JZ18G4Z7SR18DC8PDBR22HS5,2025-06-30T20:35:49.332134085Z,01JZ18JM84GZ5542ST7BEW0RHN,2025-06-30T20:35:49.332134085Z,01JZ18S8W382ZTX14ED28QZWFS,2025-06-30T20:35:49.332134085Z,01JZ18S90DQFB1FY8Q67VCPJEB,2025-06-30T20:35:49.332134085Z
01JZ190F98B0MKCYG0SPHH7V1E,01JZ18G4TN4FH7205KTQTFE7PM,2025-06-30T20:38:42.216734746Z,01JZ18G50G0GKPPCFSW2N0ZNW1,2025-06-30T20:38:42.216734746Z,01JZ18HJ023RXZWDMJ23K3G02T,2025-06-30T20:38:42.216734746Z,01JZ18RHGF07MFHCBEKPMJBAPY,2025-06-30T20:38:42.216734746Z,01JZ18RHQ5VDF7GRDXBJX4HH13,2025-06-30T20:38:42.216734746Z
01JZ1AV62QS8SM4YVTW8CGDTJZ,01JZ19VEXCKVX740B60X4W6PQN,2025-06-30T21:10:46.103284657Z,01JZ19VF3FCDRKA7RA8CE3SQDH,2025-06-30T21:10:46.103284657Z,01JZ19ZZZP5WTAHKTYB8XNJEC6,2025-06-30T21:10:46.103284657Z,01JZ1AK0ET9HBHSSG0V60ZD9G1,2025-06-30T21:10:46.103284657Z,01JZ1AK0ZXKEPQK3R3R93JFQZP,2025-06-30T21:10:46.103284657Z
01JZ18VSPN8Y7W788DD3PH0HTH,01JZ18G4TN4FH7205KTQTFE7PM,2025-06-30T20:36:09.045420541Z,01JZ18G4XDWA3A08Y0HZ5HSAAF,2025-06-30T20:36:09.045420541Z,01JZ18N4BCMMEGJT5ZAJGY6HHX,2025-06-30T20:36:09.045420541Z,01JZ18R0Z5Z926ZA90YM7MYTK3,2025-06-30T20:36:09.045420541Z,01JZ18R13EM5Y88CXN2J36AQD4,2025-06-30T20:36:09.045420541Z
01JZ1BBAJPPW5NDQ8YMXV7VQ44,01JZ1B1VZ9TM9N3252XVVAH9DZ,2025-06-30T21:19:34.998209123Z,01JZ1B1W5AJ9N87HJBZ99HRQPJ,2025-06-30T21:19:34.998209123Z,01JZ1BAG1QXXZT2G75G9P8N6Y2,2025-06-30T21:19:34.998209123Z,01JZ1BB7E1TXBMBFXFHSFEWTHS,2025-06-30T21:19:34.998209123Z,01JZ1BB7M9THBTCK7T3S9CZWFG,2025-06-30T21:19:34.998209123Z
01JZ1DQMEG8KP9K1XW9MBM3HYP,01JZ1D0RX94M7HHBAJDNGV8QRS,2025-06-30T22:01:15.472904924Z,01JZ1D0S4EMT97ECKQ06X1ZWAX,2025-06-30T22:01:15.472904924Z,01JZ1DCFS2MSEF81EKXGM05M99,2025-06-30T22:01:15.472904924Z,01JZ1DHWG8MPVQVFH1DPRPET9V,2025-06-30T22:01:15.472904924Z,01JZ1DHWVQSKPMR26NRPJVKTB6,2025-06-30T22:01:15.472904924Z
01JZ17SK82NT4B0FWKXN7TR0JT,01JZ170DPRHYGRH6M74WMGZ8J5,2025-06-30T20:17:28.322180963Z,01JZ170DS32PJY8CQRMADJXFRG,2025-06-30T20:17:28.322180963Z,01JZ176XCKRH7MED6P6JRG4D22,2025-06-30T20:17:28.322180963Z,01JZ17HJY5Q3PQ3SGQ81QN303W,2025-06-30T20:17:28.322180963Z,01JZ17HK2E8CY2FWBMYVY27NZM,2025-06-30T20:17:28.322180963Z
01JZ17WZY5YG8MQEGA9N63RSPJ,01JZ170DPRHYGRH6M74WMGZ8J5,2025-06-30T20:19:19.62184426Z,01JZ170DSMJZPS89ZBMFZ7ATK7,2025-06-30T20:19:19.62184426Z,01JZ17DJ18S9CGE8H6D4S1K333,2025-06-30T20:19:19.62184426Z,01JZ17MYEHBQM2VDSAQZ2CF179,2025-06-30T20:19:19.62184426Z,01JZ17MYQN5DT1W4HRCCEDGPR1,2025-06-30T20:19:19.62184426Z
01JZ18SZ6B37EHGJBGHCQX7YST,01JZ18G4TN4FH7205KTQTFE7PM,2025-06-30T20:35:09.1316151Z,01JZ18G50PJASP911XB82AW46K,2025-06-30T20:35:09.1316151Z,01JZ18KCZAP8MJWF3YFSDPP92T,2025-06-30T20:35:09.1316151Z,01JZ18P6M9PWBBNS9EFA2527RR,2025-06-30T20:35:09.1316151Z,01JZ18P6WPH7BDRZCWDRSSXC7E,2025-06-30T20:35:09.1316151Z
01JZ18V6DWRVNGV1YJVCJMXF7J,01JZ18G4TN4FH7205KTQTFE7PM,2025-06-30T20:35:49.308545062Z,01JZ18G4Z7SR18DC8PDBR22HS5,2025-06-30T20:35:49.308545062Z,01JZ18K0S7ESWE4C2YKPFWVG9K,2025-06-30T20:35:49.308545062Z,01JZ18S8W382ZTX14ED28QZWFS,2025-06-30T20:35:49.308545062Z,01JZ18S90DQFB1FY8Q67VCPJEB,2025-06-30T20:35:49.308545062Z
01JZ18YFMHBD4H7YBKGQF4P0MM,01JZ18G4TN4FH7205KTQTFE7PM,2025-06-30T20:37:37.041494651Z,01JZ18G4YA2XRQ9RK4RH5WQB1P,2025-06-30T20:37:37.041494651Z,01JZ18M8PYM3H87ZASWMAC2B64,2025-06-30T20:37:37.041494651Z,01JZ18Q1RTQ5J8GR55C5KB6SHZ,2025-06-30T20:37:37.041494651Z,01JZ18Q1YDQRC2RW0CEX5W2Y51,2025-06-30T20:37:37.041494651Z
01JZ19866VQV4VCP6940X1N1D0,01JZ18QHX9XGN83K6T42FK97D5,2025-06-30T20:42:55.067706852Z,01JZ18QHZ9KPT0XZ66BZ9ZB89K,2025-06-30T20:42:55.067706852Z,01JZ18VC89HN16T8VX0M60S31S,2025-06-30T20:42:55.067706852Z,01JZ190NKBHYNACREFJP8CVVGM,2025-06-30T20:42:55.067706852Z,01JZ190NYCSHEEJMF4J3CTT5SW,2025-06-30T20:42:55.067706852Z
01JZ1DMEFYNMT305C7VCY3JHXP,01JZ1D0RX94M7HHBAJDNGV8QRS,2025-06-30T21:59:31.070078926Z,01JZ1D0S3N2D9DCG3EHS8AP4R1,2025-06-30T21:59:31.070078926Z,01JZ1D49JVTEEYC1V6ZNF5Y9RQ,2025-06-30T21:59:31.070078926Z,01JZ1DJBF7R7NJ28KS5SRS1EHV,2025-06-30T21:59:31.070078926Z,01JZ1DJBSFF6V6A6GD53WXGXCR,2025-06-30T21:59:31.070078926Z
01JZ1F58XZSHTBQ09FZPRTJ7F1,01JZ1E916HBESJXS5SJ82BFZ21,2025-06-30T22:26:11.007480874Z,01JZ1E91Z6K0ZJGCC53Q4JQWJP,2025-06-30T22:26:11.007480874Z,01JZ1ET7E30G59HX0XYHAKGDD0,2025-06-30T22:26:11.007480874Z,01JZ1EXC2738TD9DEC8HEZ1QM0,2025-06-30T22:26:11.007480874Z,01JZ1EXCFVBFFNTMBSMYCMN34B,2025-06-30T22:26:11.007480874Z
01JZ1FBVSQY0Q6JKZM58BCN41G,01JZ1E916HBESJXS5SJ82BFZ21,2025-06-30T22:29:46.935297329Z,01JZ1E91SWVSXS6FK33QCMH9SP,2025-06-30T22:29:46.935297329Z,01JZ1EXKHZBZ5ENGWCGS2V70RX,2025-06-30T22:29:46.935297329Z,01JZ1F45JS6TFXTD2Q00PGG1NH,2025-06-30T22:29:46.935297329Z,01JZ1F462CE92VRPSW2G14335N,2025-06-30T22:29:46.935297329Z
01JZ1GWWJJR0PF2PJNXK27WVSC,01JZ1G29Q82GQAKEXSK2E7NK3R,2025-06-30T22:56:33.363005547Z,01JZ1G2AATTMJJ07WA2JZ9MF1K,2025-06-30T22:56:33.363005547Z,01JZ1G6XMV3T4ACX6H99BN9F1E,2025-06-30T22:56:33.363005547Z,01JZ1GWN9E6D3R3MSRMZHCWZ3J,2025-06-30T22:56:33.363005547Z,01JZ1GWNWQNSHHTPWKGH4DZTVM,2025-06-30T22:56:33.363005547Z
01JZ1BXFD4G9ZE0CKR257G7EMK,01JZ1B1VZ9TM9N3252XVVAH9DZ,2025-06-30T21:29:29.764726313Z,01JZ1B1W4RP0VXDDKCJTNKM3AX,2025-06-30T21:29:29.764726313Z,01JZ1BH96VSCAX0MRZ5GVT0SBR,2025-06-30T21:29:29.764726313Z,01JZ1BNYAAW7XNTC5PXF53BARA,2025-06-30T21:29:29.764726313Z,01JZ1BNYP3JXAKJ010P72BJYG8,2025-06-30T21:29:29.764726313Z
01JZ17VH1FX0WFKXB9XH1409PS,01JZ170DPRHYGRH6M74WMGZ8J5,2025-06-30T20:18:31.599603319Z,01JZ170DSWJ6311N72HPSQWG9K,2025-06-30T20:18:31.599603319Z,01JZ17AF66R5T85771E9QQ650E,2025-06-30T20:18:31.599603319Z,01JZ17KG5FZCMZS2YJVCAZ741Y,2025-06-30T20:18:31.599603319Z,01JZ17KGB0KKZV9246DJY233DY,2025-06-30T20:18:31.599603319Z
01JZ1826TJYXM4QB9XVND7P35Y,01JZ170DPRHYGRH6M74WMGZ8J5,2025-06-30T20:22:10.51480556Z,01JZ170DS9MMA8EZAVKYS5SMHX,2025-06-30T20:22:10.51480556Z,01JZ17AZS6YB2WPDVY4NDQYYNC,2025-06-30T20:22:10.51480556Z,01JZ17TR6X8TWBF7X6J4SZFVJ8,2025-06-30T20:22:10.51480556Z,01JZ17TRDZ3MV73YK1X2ZDQY7N,2025-06-30T20:22:10.51480556Z
01JZ18X8R49KSEPEQ7FE0GVAJD,01JZ18G4TN4FH7205KTQTFE7PM,2025-06-30T20:36:57.220633895Z,01JZ18G4ZPD0G0WRB3ZSNJ4KSW,2025-06-30T20:36:57.220633895Z,01JZ18HWWK8B66EBMNQPXM1R3H,2025-06-30T20:36:57.220633895Z,01JZ18QMDSQREXVSZ9J332HVG7,2025-06-30T20:36:57.220633895Z,01JZ18QMP1NGMSRYBNGZBSJCK9,2025-06-30T20:36:57.220633895Z
01JZ190DB3TYW9HZWGFVWAVSEP,01JZ18G4TN4FH7205KTQTFE7PM,2025-06-30T20:38:40.227143061Z,01JZ18G4WPK6V9JKZAVKNYS3NB,2025-06-30T20:38:40.227143061Z,01JZ18HQA6W5BPMK1V3RE89H1N,2025-06-30T20:38:40.227143061Z,01JZ18RRASEVE9RRSH50SEW5V6,2025-06-30T20:38:40.227143061Z,01JZ18RRGYP9TJ020R0N2G4J5J,2025-06-30T20:38:40.227143061Z
01JZ19260Q3M7YA1CYW8TBYCMZ,01JZ18QHX9XGN83K6T42FK97D5,2025-06-30T20:39:38.263198512Z,01JZ18QHYY9H3H8G0D5BR000CA,2025-06-30T20:39:38.263198512Z,01JZ18VF3QW244H0X63X0AZG1Z,2025-06-30T20:39:38.263198512Z,01JZ1903BN7V6B2N7AMWNTAWGG,2025-06-30T20:39:38.263198512Z,01JZ19050VEGYP9AFZRJEAQ862,2025-06-30T20:39:38.263198512Z
01JZ1BNV614V849YFB902C4PJ8,01JZ1B1VZ9TM9N3252XVVAH9DZ,2025-06-30T21:25:19.681786428Z,01JZ1B1W46BH5YH0XYSE8KJRBK,2025-06-30T21:25:19.681786428Z,01JZ1B811D0DJD23YQN2DZYBGD,2025-06-30T21:25:19.681786428Z,01JZ1BJ1ABMADNQ2K1TJQ9ED7W,2025-06-30T21:25:19.681786428Z,01JZ1BJ1M7XDY268RM8XKDKRZM,2025-06-30T21:25:19.681786428Z
01JZ1BPV6RRBJJJ5058MA2ZDBM,01JZ1B1VZ9TM9N3252XVVAH9DZ,2025-06-30T21:25:52.47279862Z,01JZ1B1W68Y1JCNSRHTZJR0WTB,2025-06-30T21:25:52.47279862Z,01JZ1B483R9XXNDJ9MZBRK2ZQ1,2025-06-30T21:25:52.47279862Z,01JZ1BH44X88X65JM8T5DXFWMN,2025-06-30T21:25:52.47279862Z,01JZ1BH4KN12FMR11G35AYXHA6,2025-06-30T21:25:52.47279862Z
01JZ1D9BJ5H3C76AGAXV1JAMHS,01JZ1D0RX94M7HHBAJDNGV8QRS,2025-06-30T21:53:27.621882174Z,01JZ1D0S2S8SEBXETFQJSTGM5V,2025-06-30T21:53:27.621882174Z,01JZ1D4AYTG2DMXZZ36EVW3RQ2,2025-06-30T21:53:27.621882174Z,01JZ1D77TJ31JQY4W7YSZVV4R8,2025-06-30T21:53:27.621882174Z,01JZ1D78DY05DA26PEMTE62QV7,2025-06-30T21:53:27.621882174Z
01JZ1DSTX033Y3C3VF3CGB5VZK,01JZ1D0RX94M7HHBAJDNGV8QRS,2025-06-30T22:02:27.616869821Z,01JZ1D0S4EMT97ECKQ06X1ZWAX,2025-06-30T22:02:27.616869821Z,01JZ1DEBFXXB5H1WJY1A2P9E20,2025-06-30T22:02:27.616869821Z,01JZ1DHWJYP9QBXPBB3XWNBRC8,2025-06-30T22:02:27.616869821Z,01JZ1DHX3R2XZ4VW9FSB4VTGZA,2025-06-30T22:02:27.616869821Z
01JZ1FEVNNV0Y7QD1X6Y9YQ54Q,01JZ1E916HBESJXS5SJ82BFZ21,2025-06-30T22:31:25.109124843Z,01JZ1E91ENR7DC2PFTK7ZY5PTJ,2025-06-30T22:31:25.109124843Z,01JZ1EH0Y7EBSVGC3G89BQ213G,2025-06-30T22:31:25.109124843Z,01JZ1F70QB8A9FR1KVXQ13Y3JC,2025-06-30T22:31:25.109124843Z,01JZ1F71HK1BRMMCHQB9VDGCWE,2025-06-30T22:31:25.109124843Z
01JZ1GRDWF3345EAYP5TDHJYY3,01JZ1G29Q82GQAKEXSK2E7NK3R,2025-06-30T22:54:07.247774441Z,01JZ1G2A24PAZYJHH2EQFGJG7N,2025-06-30T22:54:07.247774441Z,01JZ1G7JX1NV5X3X0139HRSB32,2025-06-30T22:54:07.247774441Z,01JZ1GG48RDT7Y0TW0BJEC2687,2025-06-30T22:54:07.247774441Z,01JZ1GG4WYHDN8AD0E438DV36A,2025-06-30T22:54:07.247774441Z
01JZ17QDTV0CAKW3DZ0NVZ3TAH,01JZ170DPRHYGRH6M74WMGZ8J5,2025-06-30T20:16:17.243878729Z,01JZ170DS434CCJM920VN081CV,2025-06-30T20:16:17.243878729Z,01JZ17BSJ6X9VEMM4EYWC90B29,2025-06-30T20:16:17.243878729Z,01JZ17HX0ZXKJ4A0TXNHXA38XE,2025-06-30T20:16:17.243878729Z,01JZ17HX2AP1VXP646YMEXT1TD,2025-06-30T20:16:17.243878729Z
01JZ17S1VKYMGZNG4CN1RB7EZ5,01JZ170DPRHYGRH6M74WMGZ8J5,2025-06-30T20:17:10.51579675Z,01JZ170DS8YWG03GZVY59N3JD0,2025-06-30T20:17:10.51579675Z,01JZ17B25HMB9SR7CZAG7VDDNC,2025-06-30T20:17:10.51579675Z,01JZ17HNMJKGSE7QCGZDT7R79G,2025-06-30T20:17:10.51579675Z,01JZ17HNQ2QM92RRAQT66AF49H,2025-06-30T20:17:10.51579675Z
01JZ17TD63VVC8HHMGHVXXT6NJ,01JZ170DPRHYGRH6M74WMGZ8J5,2025-06-30T20:17:54.88342403Z,01JZ170DRV33K8D9D9ZMQKAW2D,2025-06-30T20:17:54.88342403Z,01JZ17F29KQA44VJC80QGCAS6X,2025-06-30T20:17:54.88342403Z,01JZ17PPGX7JSSK85PVP6H7NR4,2025-06-30T20:17:54.88342403Z,01JZ17PPKMZ4NWTGE47X76JQ19,2025-06-30T20:17:54.88342403Z
01JZ18SY1GRPD6VVAH5V2BJ6T1,01JZ18G4TN4FH7205KTQTFE7PM,2025-06-30T20:35:07.952653Z,01JZ18G508W9SSEDAT6B79GZND,2025-06-30T20:35:07.952653Z,01JZ18J46H2273JNNKGGW4JXM3,2025-06-30T20:35:07.952653Z,01JZ18STB8HB9DV2CVT0ZSHGAA,2025-06-30T20:35:07.952653Z,01JZ18STM862C8KDCA8BFNPX0D,2025-06-30T20:35:07.952653Z
01JZ18Z80G6N09MAHXNN0BWZD7,01JZ18G4TN4FH7205KTQTFE7PM,2025-06-30T20:38:02.000641568Z,01JZ18G4YTQTSXFW2X0Y80VGVG,2025-06-30T20:38:02.000641568Z,01JZ18JQTYVQ19WTRN7KYJ00FT,2025-06-30T20:38:02.000641568Z,01JZ18QCJGMBYZ3Q6VHAQ4WQVG,2025-06-30T20:38:02.000641568Z,01JZ18QCRS6KYZZVYGRJM4TYB1,2025-06-30T20:38:02.000641568Z
01JZ1DNS0YZS81HJXMY7YHD1F2,01JZ1D0RX94M7HHBAJDNGV8QRS,2025-06-30T22:00:14.622567839Z,01JZ1D0S4EMT97ECKQ06X1ZWAX,2025-06-30T22:00:14.622567839Z,01JZ1D6PDAATCEYCV60SVGFECN,2025-06-30T22:00:14.622567839Z,01JZ1DHWG8MPVQVFH1DPRPET9V,2025-06-30T22:00:14.622567839Z,01JZ1DHWTB93F3Q6WQXJSYB925,2025-06-30T22:00:14.622567839Z
01JZ1F5JSAZ25Y3MK89586N18G,01JZ1E916HBESJXS5SJ82BFZ21,2025-06-30T22:26:21.098893203Z,01JZ1E91WFH0SPDF0PZ6G1349X,2025-06-30T22:26:21.098893203Z,01JZ1ENXKQ8QM070MZA5HYVVNG,2025-06-30T22:26:21.098893203Z,01JZ1EY0V936Q11XBE6E3XZ1F6,2025-06-30T22:26:21.098893203Z,01JZ1EY1HBSM2CRPCB3ED4DTPP,2025-06-30T22:26:21.098893203Z
01JZ17N9A7SQPECPRD8RZCQJSN,01JZ170DPRHYGRH6M74WMGZ8J5,2025-06-30T20:15:07.080024142Z,01JZ170DS32PJY8CQRMADJXFRG,2025-06-30T20:15:07.080024142Z,01JZ175Y8VG4DR6PWWKYJ4RHG5,2025-06-30T20:15:07.080024142Z,01JZ17HJXZJXBNGG98GAB8QMCF,2025-06-30T20:15:07.080024142Z,01JZ17HK0SVP1ABZQAHDNEMPR2,2025-06-30T20:15:07.080024142Z
01JZ17NSN6BWWHVFDRTZRBKYT0,01JZ170DPRHYGRH6M74WMGZ8J5,2025-06-30T20:15:23.814571783Z,01JZ170DSXXMDA003X79NFA4N0,2025-06-30T20:15:23.814571783Z,01JZ17DZPC160FQJMAZ5KCFYDP,2025-06-30T20:15:23.814571783Z,01JZ17NRRNJAESN764PNSNC899,2025-06-30T20:15:23.814571783Z,01JZ17NRSX9Y03TPQ0Y539E3J5,2025-06-30T20:15:23.814571783Z
01JZ17WNZA1NB8J9HAPXMAMZZQ,01JZ170DPRHYGRH6M74WMGZ8J5,2025-06-30T20:19:09.418821431Z,01JZ170DS9MMA8EZAVKYS5SMHX,2025-06-30T20:19:09.418821431Z,01JZ17HFJ1YVGFVR94GB9T8A4P,2025-06-30T20:19:09.418821431Z,01JZ17TR7E1D7CES1YNCABFX51,2025-06-30T20:19:09.418821431Z,01JZ17TRAY71HH1H14VHS8Q3RK,2025-06-30T20:19:09.418821431Z
01JZ18Q3ANZE4XZ45MAQVVT3XJ,01JZ18G4TN4FH7205KTQTFE7PM,2025-06-30T20:33:35.061963907Z,01JZ18G4YA2XRQ9RK4RH5WQB1P,2025-06-30T20:33:35.061963907Z,01JZ18KR3KN1X0F0J0JP7HHD78,2025-06-30T20:33:35.061963907Z,01JZ18Q1R1B7GYCBMPZ4J0A4A5,2025-06-30T20:33:35.061963907Z,01JZ18Q1TSFZZQS5FGTPWK8FNB,2025-06-30T20:33:35.061963907Z
01JZ1AV57CZEBY6PG9EW75F3R5,01JZ19VEXCKVX740B60X4W6PQN,2025-06-30T21:10:45.228085687Z,01JZ19VF4XXDC5SP97SM18G8VM,2025-06-30T21:10:45.228085687Z,01JZ1ANH2BAB5BYK2XY4CKB2EM,2025-06-30T21:10:45.228085687Z,01JZ1AQBFWFCVDGCRFV7SS6AMN,2025-06-30T21:10:45.228085687Z,01JZ1AQBPT99514H9J1254W4H1,2025-06-30T21:10:45.228085687Z
01JZ1F5KV57BMGGD8HNG3ASSS3,01JZ1E916HBESJXS5SJ82BFZ21,2025-06-30T22:26:22.181070726Z,01JZ1E91Z6K0ZJGCC53Q4JQWJP,2025-06-30T22:26:22.181070726Z,01JZ1ET7E30G59HX0XYHAKGDD0,2025-06-30T22:26:22.181070726Z,01JZ1EXC0ZXQFHPV1MR4EM7PTE,2025-06-30T22:26:22.181070726Z,01JZ1EXCJHF7MESXCV6JP9EBNG,2025-06-30T22:26:22.181070726Z
01JZ18X25MRVXFZ5V5W1FX0RA2,01JZ18G4TN4FH7205KTQTFE7PM,2025-06-30T20:36:50.484424089Z,01JZ18G4YTQTSXFW2X0Y80VGVG,2025-06-30T20:36:50.484424089Z,01JZ18JHMPB6Y0TNZB1CBHN9G9,2025-06-30T20:36:50.484424089Z,01JZ18QCHSRQEB636MAZYTF93F,2025-06-30T20:36:50.484424089Z,01JZ18QCPBPST0PE1NJV4R0V1Y,2025-06-30T20:36:50.484424089Z
01JZ18Z443M9N6V6VSKWMBYTMR,01JZ18G4TN4FH7205KTQTFE7PM,2025-06-30T20:37:58.019827147Z,01JZ18G4ZPD0G0WRB3ZSNJ4KSW,2025-06-30T20:37:58.019827147Z,01JZ18KHM8GJ48PE7RRH6Y4W94,2025-06-30T20:37:58.019827147Z,01JZ18QMCZ2XYW2ZQY93ZH56GP,2025-06-30T20:37:58.019827147Z,01JZ18QMR9BG7HFDMPRPVAGW22,2025-06-30T20:37:58.019827147Z
01JZ19845QHSW8VMD594E6149R,01JZ18QHX9XGN83K6T42FK97D5,2025-06-30T20:42:52.983900118Z,01JZ18QHYY9H3H8G0D5BR000CA,2025-06-30T20:42:52.983900118Z,01JZ18YPQMX7TQXCKGYZNA73VF,2025-06-30T20:42:52.983900118Z,01JZ1903FVM8SRTYCYM7MR4PE9,2025-06-30T20:42:52.983900118Z,01JZ1905F9ZP00T69GN7KMYMEX,2025-06-30T20:42:52.983900118Z
01JZ1FA7AC6H1XE8ZHS9107GEE,01JZ1E916HBESJXS5SJ82BFZ21,2025-06-30T22:28:53.196638077Z,01JZ1E91Q18GQE49C0XSDVMF75,2025-06-30T22:28:53.196638077Z,01JZ1EVFEHVN1QQPSCMZ2EZ73P,2025-06-30T22:28:53.196638077Z,01JZ1F2J935JRBEA3AYQ9DM75Z,2025-06-30T22:28:53.196638077Z,01JZ1F2JVS4Z7GPBSDKYYH2CSK,2025-06-30T22:28:53.196638077Z
01JZ17P52DG0B36GVFVCMC2EB9,01JZ170DPRHYGRH6M74WMGZ8J5,2025-06-30T20:15:35.501298697Z,01JZ170DSR5F2SARFX61BD5BFD,2025-06-30T20:15:35.501298697Z,01JZ17HAYAY9BSFK3RQNTEMCZ6,2025-06-30T20:15:35.501298697Z,01JZ17M8SSZ2QHECS5BA0DPMCQ,2025-06-30T20:15:35.501298697Z,01JZ17M8WXSFWB8V7Y2FQJ97BS,2025-06-30T20:15:35.501298697Z
01JZ17RZ31H3CWM9T1EJ7SJTR3,01JZ170DPRHYGRH6M74WMGZ8J5,2025-06-30T20:17:07.681403472Z,01JZ170DS32PJY8CQRMADJXFRG,2025-06-30T20:17:07.681403472Z,01JZ176XCKRH7MED6P6JRG4D22,2025-06-30T20:17:07.681403472Z,01JZ17HJY1YPM205KVGKCXFQS3,2025-06-30T20:17:07.681403472Z,01JZ17HK1CA56HZ85HYCEFTDYK,2025-06-30T20:17:07.681403472Z
01JZ17T2FRQCAWZ1HRK1SEQTCF,01JZ170DPRHYGRH6M74WMGZ8J5,2025-06-30T20:17:43.928223269Z,01JZ170DSBT7R80F1BC6BFNZAP,2025-06-30T20:17:43.928223269Z,01JZ177S5KY8F9N4218V4EVNPY,2025-06-30T20:17:43.928223269Z,01JZ17JC31V9W433CZ54VPSDCC,2025-06-30T20:17:43.928223269Z,01JZ17JC5R8HPZGDHHMDM55ZW6,2025-06-30T20:17:43.928223269Z
01JZ18QQMHRRJ7BJR2N0B0GP4S,01JZ18G4TN4FH7205KTQTFE7PM,2025-06-30T20:33:55.857229625Z,01JZ18G4ZPD0G0WRB3ZSNJ4KSW,2025-06-30T20:33:55.857229625Z,01JZ18HV1R8B29VBXTS00FPVXC,2025-06-30T20:33:55.857229625Z,01JZ18QMC3ZA9P1743X1HXFWMC,2025-06-30T20:33:55.857229625Z,01JZ18QMHKB3Y36NHFYKKXF3NP,2025-06-30T20:33:55.857229625Z
01JZ1BCGF4XQ0VDDZ73X5Y1PWS,01JZ1B1VZ9TM9N3252XVVAH9DZ,2025-06-30T21:20:13.797023553Z,01JZ1B1W6S117BH8HCA7NH9R7E,2025-06-30T21:20:13.797023553Z,01JZ1B4JZ145G1JXSZ180MKZQ7,2025-06-30T21:20:13.797023553Z,01JZ1BAHCPD0S01DARX26K93JP,2025-06-30T21:20:13.797023553Z,01JZ1BAHNHRP82EBP2C9D80PGX,2025-06-30T21:20:13.797023553Z
01JZ1BMMNDP7W6AA3S6FWGPA28,01JZ1B1VZ9TM9N3252XVVAH9DZ,2025-06-30T21:24:40.237677285Z,01JZ1B1W2WT8MR9NJ7RDDSFH2M,2025-06-30T21:24:40.237677285Z,01JZ1B4FWCV3S3JF90184ADC3A,2025-06-30T21:24:40.237677285Z,01JZ1BD44PFFYBYMY5MP17VM3Y,2025-06-30T21:24:40.237677285Z,01JZ1BD4HRECF275A2V1NH487D,2025-06-30T21:24:40.237677285Z
01JZ1H54QMWYVB8630NJAGSHEX,01JZ1G29Q82GQAKEXSK2E7NK3R,2025-06-30T23:01:03.860807625Z,01JZ1G2AATTMJJ07WA2JZ9MF1K,2025-06-30T23:01:03.860807625Z,01JZ1GP55F36DXJQDEYTGWZ556,2025-06-30T23:01:03.860807625Z,01JZ1GWNN7SAHPPWE857THBJJP,2025-06-30T23:01:03.860807625Z,01JZ1GWPSWA3W8VQ9XQ53C0MRE,2025-06-30T23:01:03.860807625Z
01JZ1CDK8CBKWSMG0NF7H68MBY,01JZ1BX7WQMA45G0E33EEHJ3V9,2025-06-30T21:38:17.99694966Z,01JZ1BX81RJBYPGNM468STZ9YH,2025-06-30T21:38:17.99694966Z,01JZ1C1P9WXAKXCBQ2MNEBPRTC,2025-06-30T21:38:17.99694966Z,01JZ1C7YHP92FZYZDSW8SB4C2V,2025-06-30T21:38:17.99694966Z,01JZ1C7YWCWQEFT0C3SW222CHF,2025-06-30T21:38:17.99694966Z
01JZ17HP848QWVJ41MTYJ9C0GP,01JZ170DPRHYGRH6M74WMGZ8J5,2025-06-30T20:13:09.252657933Z,01JZ170DS8YWG03GZVY59N3JD0,2025-06-30T20:13:09.252657933Z,01JZ17FA2MQ87XVRF9HC0R27GC,2025-06-30T20:13:09.252657933Z,01JZ17HNMC395BYG9QN2MAW1BJ,2025-06-30T20:13:09.252657933Z,01JZ17HNNBDSKJPBCEMDRJ55ZA,2025-06-30T20:13:09.252657933Z
01JZ17R5A11J52J2HYM5VJBH4M,01JZ170DPRHYGRH6M74WMGZ8J5,2025-06-30T20:16:41.281703279Z,01JZ170DS434CCJM920K0JDY80,2025-06-30T20:16:41.281703279Z,01JZ17B8EAMA6MXWF42Y5PVE7P,2025-06-30T20:16:41.281703279Z,01JZ17MESGQH4PGAZ2NQBVJJAG,2025-06-30T20:16:41.281703279Z,01JZ17MEVAAJKTKTYGK396SZTP,2025-06-30T20:16:41.281703279Z
01JZ17SGQXM416T3S0453177AP,01JZ170DPRHYGRH6M74WMGZ8J5,2025-06-30T20:17:25.757636285Z,01JZ170DS0283SZNEN95XAWWS4,2025-06-30T20:17:25.757636285Z,01JZ174WHQCMCA8133PA37NAKC,2025-06-30T20:17:25.757636285Z,01JZ17NT7VKFDEH0WZ6ZY88ZPG,2025-06-30T20:17:25.757636285Z,01JZ17NT9X0P9NVJSHGH03AW8Q,2025-06-30T20:17:25.757636285Z
01JZ17SKYSH0HEE9WA0G4DRK2Z,01JZ170DPRHYGRH6M74WMGZ8J5,2025-06-30T20:17:29.049564104Z,01JZ170DSTXK5Z1DV671606E6A,2025-06-30T20:17:29.049564104Z,01JZ17DP10NW99AE12W6233E2P,2025-06-30T20:17:29.049564104Z,01JZ17J85HSFJ5VF5EC9WG406J,2025-06-30T20:17:29.049564104Z,01JZ17J87S03SNAFE03XXVRYFF,2025-06-30T20:17:29.049564104Z
01JZ18YGF1VN4NQ03ZAD5YRCX5,01JZ18G4TN4FH7205KTQTFE7PM,2025-06-30T20:37:37.889711602Z,01JZ18G4Y1ABZPJ815NAWEN19T,2025-06-30T20:37:37.889711602Z,01JZ18JTT4THQJ9FYDDES7JX1C,2025-06-30T20:37:37.889711602Z,01JZ18PMFKK6H14YD886P3HZXA,2025-06-30T20:37:37.889711602Z,01JZ18PMNQY5EAFHJW7H6NAG3X,2025-06-30T20:37:37.889711602Z
01JZ18YGFF0WGKHJC6T1CE30MW,01JZ18G4TN4FH7205KTQTFE7PM,2025-06-30T20:37:37.903882761Z,01JZ18G4Y1ABZPJ815NAWEN19T,2025-06-30T20:37:37.903882761Z,01JZ18JGZBSWHAA8MGTKR735JR,2025-06-30T20:37:37.903882761Z,01JZ18PMFKK6H14YD886P3HZXA,2025-06-30T20:37:37.903882761Z,01JZ18PMNQY5EAFHJW7H6NAG3X,2025-06-30T20:37:37.903882761Z
01JZ1BVKPTBGD4FDEHA5X25XCS,01JZ1B1VZ9TM9N3252XVVAH9DZ,2025-06-30T21:28:28.634184563Z,01JZ1B1W4RP0VXDDKCJTNKM3AX,2025-06-30T21:28:28.634184563Z,01JZ1BHJS3735357S2TBZ4T5W4,2025-06-30T21:28:28.634184563Z,01JZ1BNY8P6J7MV2A9X36WMPD0,2025-06-30T21:28:28.634184563Z,01JZ1BNYKMVTP1B0A6AZBFNG64,2025-06-30T21:28:28.634184563Z
01JZ1CG8TDE512P4FF3K88W5R8,01JZ1BX7WQMA45G0E33EEHJ3V9,2025-06-30T21:39:45.613827977Z,01JZ1BX82RNFGPPA94NES9507T,2025-06-30T21:39:45.613827977Z,01JZ1BZDJ93GPNRBSERWMWMMB5,2025-06-30T21:39:45.613827977Z,01JZ1CAKRPM2RTKQN4NF25GQNV,2025-06-30T21:39:45.613827977Z,01JZ1CAM2WSX5DXRMP0WWQ97YT,2025-06-30T21:39:45.613827977Z
01JZ1DNVDTPNH0FW36T0E6VAAR,01JZ1D0RX94M7HHBAJDNGV8QRS,2025-06-30T22:00:17.083019766Z,01JZ1D0S064NT759Q480WCA8PK,2025-06-30T22:00:17.083019766Z,01JZ1DB67XDQM93GQRR65SS1X0,2025-06-30T22:00:17.083019766Z,01JZ1DFXKSWPB74HF8RE7BCFY9,2025-06-30T22:00:17.083019766Z,01JZ1DFYQBQD9XNPHRQ28A4MFK,2025-06-30T22:00:17.083019766Z
01JZ17VJY6AXDJE8T7RW4NV6DB,01JZ170DPRHYGRH6M74WMGZ8J5,2025-06-30T20:18:33.54264087Z,01JZ170DRWH3Q5VEKFYTCWXCB9,2025-06-30T20:18:33.54264087Z,01JZ17HZPCKK6WHFW0W029CFVG,2025-06-30T20:18:33.54264087Z,01JZ17M63Y2ZQE6JBWKAH6VSPE,2025-06-30T20:18:33.54264087Z,01JZ17M67CK483EM7TTBPCRTB0,2025-06-30T20:18:33.54264087Z
01JZ18R2R3PTMA929GEKY78NHK,01JZ18G4TN4FH7205KTQTFE7PM,2025-06-30T20:34:07.235311135Z,01JZ18G4XDWA3A08Y0HZ5HSAAF,2025-06-30T20:34:07.235311135Z,01JZ18KBAJ0PGQTXZHZSD7KQ4A,2025-06-30T20:34:07.235311135Z,01JZ18R0YQXPRFN6T3JT8B6MYT,2025-06-30T20:34:07.235311135Z,01JZ18R11JQ1SRQV5XW61WSV3P,2025-06-30T20:34:07.235311135Z
01JZ18X9Y3YGYJR6QMCHGS0ESC,01JZ18G4TN4FH7205KTQTFE7PM,2025-06-30T20:36:58.436044503Z,01JZ18G4ZDA13FR053ZT1R1FPF,2025-06-30T20:36:58.436044503Z,01JZ18JGS17Q4PV0ZHE2RS3V2D,2025-06-30T20:36:58.436044503Z,01JZ18NR6HCE23W41F3CPVZTY3,2025-06-30T20:36:58.436044503Z,01JZ18NRAYW3T2WM9DR7R5NBNE,2025-06-30T20:36:58.436044503Z
01JZ18XN04GQRFSSAK6RQ69DG2,01JZ18G4TN4FH7205KTQTFE7PM,2025-06-30T20:37:09.764596602Z,01JZ18G4ZDA13FR053ZT1R1FPF,2025-06-30T20:37:09.764596602Z,01JZ18JGS17Q4PV0ZHE2RS3V2D,2025-06-30T20:37:09.764596602Z,01JZ18NR6VSFFH5QJK4DQ1TXDM,2025-06-30T20:37:09.764596602Z,01JZ18NRC0G7Z33TP6YQMRVJQX,2025-06-30T20:37:09.764596602Z
01JZ18ZDX8PP6G2ZVF5WAG309D,01JZ18G4TN4FH7205KTQTFE7PM,2025-06-30T20:38:08.040225904Z,01JZ18G4YK3PSP6R2PNWBA4P8S,2025-06-30T20:38:08.040225904Z,01JZ18HYEVQSC277Q1HCSHCSWE,2025-06-30T20:38:08.040225904Z,01JZ18QWAXDS741W4C9GD54TCD,2025-06-30T20:38:08.040225904Z,01JZ18QWGR4TZ5C0S7H01YRPTG,2025-06-30T20:38:08.040225904Z
01JZ191DT1A4WJC0W30Y9S3VRR,01JZ18G4TN4FH7205KTQTFE7PM,2025-06-30T20:39:13.473472409Z,01JZ18G508W9SSEDAT6B79GZND,2025-06-30T20:39:13.473472409Z,01JZ18JV7KEJAEZVY4PCFX2BA4,2025-06-30T20:39:13.473472409Z,01JZ18STGY49XDG4HG71EG50TV,2025-06-30T20:39:13.473472409Z,01JZ18STZBD4RY1B2XM7NFCSF9,2025-06-30T20:39:13.473472409Z
01JZ1AB684GQ9PFK6JGVKPR02K,01JZ19VEXCKVX740B60X4W6PQN,2025-06-30T21:02:01.988866011Z,01JZ19VF1X4TGM9HTAVFF08YB3,2025-06-30T21:02:01.988866011Z,01JZ19YSKES03CBT0DQ4XQZD4Y,2025-06-30T21:02:01.988866011Z,01JZ1A31WDRRSK5Y1X8M50HPSG,2025-06-30T21:02:01.988866011Z,01JZ1A32ATTJW1NBJE1TC6A95V,2025-06-30T21:02:01.988866011Z
01JZ1F8BECBEPP74Q2WCDKXV2E,01JZ1E916HBESJXS5SJ82BFZ21,2025-06-30T22:27:51.884472441Z,01JZ1E91Q18GQE49C0XSDVMF75,2025-06-30T22:27:51.884472441Z,01JZ1EKW5BGVN2WN0MZV6XE5EZ,2025-06-30T22:27:51.884472441Z,01JZ1F2JC80W096GAN654HJE4R,2025-06-30T22:27:51.884472441Z,01JZ1F2JQP07XS8JHS4AZFC7M8,2025-06-30T22:27:51.884472441Z
01JZ1H02AE385Z7V2B17BDNV2E,01JZ1G29Q82GQAKEXSK2E7NK3R,2025-06-30T22:58:17.550487429Z,01JZ1G2A58JMFV91VV93EGJJQY,2025-06-30T22:58:17.550487429Z,01JZ1GHJS4Z0QHDNAN69NMJ02V,2025-06-30T22:58:17.550487429Z,01JZ1GW3DRA0H5QCSGM2BKZ7GX,2025-06-30T22:58:17.550487429Z,01JZ1GW42H2JJBV0X7QNB3MK6M,2025-06-30T22:58:17.550487429Z
01JZ18RYCX3CPYPFPDH70VABD0,01JZ18G4TN4FH7205KTQTFE7PM,2025-06-30T20:34:35.549342257Z,01JZ18G4YA2XRQ9RK4RH5WQB1P,2025-06-30T20:34:35.549342257Z,01JZ18KR3KN1X0F0J0JP7HHD78,2025-06-30T20:34:35.549342257Z,01JZ18Q1RFWF1SPY79863HPKYC,2025-06-30T20:34:35.549342257Z,01JZ18Q1W9BTR5PH42HW5VBB8R,2025-06-30T20:34:35.549342257Z
01JZ1ACP1Z64A17PSNTZYVRZ4R,01JZ19VEXCKVX740B60X4W6PQN,2025-06-30T21:02:50.943438948Z,01JZ19VF5YA4VZJRJDVJVY1XBY,2025-06-30T21:02:50.943438948Z,01JZ19Y068YTBSDNPDANA6K38M,2025-06-30T21:02:50.943438948Z,01JZ1AAR361JZ1CYXHJ50PJVG2,2025-06-30T21:02:50.943438948Z,01JZ1AAR6J4Q9AG6P4AY46QPY9,2025-06-30T21:02:50.943438948Z
01JZ1GMBCBFGB7163DR2VG0AJW,01JZ1G29Q82GQAKEXSK2E7NK3R,2025-06-30T22:51:53.611541695Z,01JZ1G29XRNS92G9JYEX4H033M,2025-06-30T22:51:53.611541695Z,01JZ1G630GW64096KNZNG4RDAZ,2025-06-30T22:51:53.611541695Z,01JZ1GM65E8G659ECGG1A0CNNK,2025-06-30T22:51:53.611541695Z,01JZ1GM6M31AX111KKY1N9TEDS,2025-06-30T22:51:53.611541695Z
01JZ1GYT774FKQQMFHYH7484DD,01JZ1G29Q82GQAKEXSK2E7NK3R,2025-06-30T22:57:36.487329963Z,01JZ1G2AATTMJJ07WA2JZ9MF1K,2025-06-30T22:57:36.487329963Z,01JZ1GP55F36DXJQDEYTGWZ556,2025-06-30T22:57:36.487329963Z,01JZ1GWNC8K4Z8FGCARK2K5BBW,2025-06-30T22:57:36.487329963Z,01JZ1GWP1M7PATMYHCDB5M9RP7,2025-06-30T22:57:36.487329963Z
01JZ1A342V5WC6S3E93VH6R99P,01JZ19VEXCKVX740B60X4W6PQN,2025-06-30T20:57:37.627631311Z,01JZ19VF1X4TGM9HTAVFF08YB3,2025-06-30T20:57:37.627631311Z,01JZ19YKGANWM091HXPRFZY75R,2025-06-30T20:57:37.627631311Z,01JZ1A31S02SDHSEM91H5D9K0N,2025-06-30T20:57:37.627631311Z,01JZ1A31XT5XZPYQN2JAHT1N80,2025-06-30T20:57:37.627631311Z
01JZ17J0GRRRXNR88F3NAE9X80,01JZ170DPRHYGRH6M74WMGZ8J5,2025-06-30T20:13:19.768554117Z,01JZ170DRRRWN613C5WJQ8B5Q6,2025-06-30T20:13:19.768554117Z,01JZ179PSK7PR9GXW3K753Z7EA,2025-06-30T20:13:19.768554117Z,01JZ17G525MGXJWBMSF6HV25RV,2025-06-30T20:13:19.768554117Z,01JZ17G53WVHW3K4ZXG0XD5F11,2025-06-30T20:13:19.768554117Z
01JZ18QQPEHSRGEXDM8XZ9CY1G,01JZ18G4TN4FH7205KTQTFE7PM,2025-06-30T20:33:55.918632135Z,01JZ18G4ZPD0G0WRB3ZSNJ4KSW,2025-06-30T20:33:55.918632135Z,01JZ18KHM8GJ48PE7RRH6Y4W94,2025-06-30T20:33:55.918632135Z,01JZ18QMC3ZA9P1743X1HXFWMC,2025-06-30T20:33:55.918632135Z,01JZ18QMHKB3Y36NHFYKKXF3NP,2025-06-30T20:33:55.918632135Z
01JZ18QR9RK3NQJNVZS0NXTQ5K,01JZ18G4TN4FH7205KTQTFE7PM,2025-06-30T20:33:56.536613714Z,01JZ18G4ZDA13FR053ZT1R1FPF,2025-06-30T20:33:56.536613714Z,01JZ18JGS17Q4PV0ZHE2RS3V2D,2025-06-30T20:33:56.536613714Z,01JZ18NR677M02YFM90F21XHAA,2025-06-30T20:33:56.536613714Z,01JZ18NR9DZ3R2Y5THK48A79PA,2025-06-30T20:33:56.536613714Z
01JZ18RT1EJA6H2F632FPE4CZ6,01JZ18G4TN4FH7205KTQTFE7PM,2025-06-30T20:34:31.086492264Z,01JZ18G4WPK6V9JKZAVKNYS3NB,2025-06-30T20:34:31.086492264Z,01JZ18K1EBQ2BSVM3H7XBRVG61,2025-06-30T20:34:31.086492264Z,01JZ18RRBME3EX7FDX35TW0HT5,2025-06-30T20:34:31.086492264Z,01JZ18RRCRDHYH49VRE21NEJNH,2025-06-30T20:34:31.086492264Z
01JZ18TN9FKVHHTRQ7WQQNZEZ7,01JZ18G4TN4FH7205KTQTFE7PM,2025-06-30T20:35:31.759408625Z,01JZ18G4WPK6V9JKZAVKNYS3NB,2025-06-30T20:35:31.759408625Z,01JZ18K1EBQ2BSVM3H7XBRVG61,2025-06-30T20:35:31.759408625Z,01JZ18RRB5PTFQB2DKPHTKH4V3,2025-06-30T20:35:31.759408625Z,01JZ18RRER8BFTZ2D1XWP2S5JE,2025-06-30T20:35:31.759408625Z
01JZ18VT6F6W3ZVWTPK11CRXDC,01JZ18G4TN4FH7205KTQTFE7PM,2025-06-30T20:36:09.551440953Z,01JZ18G50PJASP911XB82AW46K,2025-06-30T20:36:09.551440953Z,01JZ18KJE91G49FF99NPC5VF6Y,2025-06-30T20:36:09.551440953Z,01JZ18P6M9PWBBNS9EFA2527RR,2025-06-30T20:36:09.551440953Z,01JZ18P6XGG6KPRDW6BTZFNS2T,2025-06-30T20:36:09.551440953Z
01JZ18YB2THYPVJDXBYHY9KBGE,01JZ18G4TN4FH7205KTQTFE7PM,2025-06-30T20:37:32.378573688Z,01JZ18G4WPK6V9JKZAVKNYS3NB,2025-06-30T20:37:32.378573688Z,01JZ18HQA6W5BPMK1V3RE89H1N,2025-06-30T20:37:32.378573688Z,01JZ18RRB5PTFQB2DKPHTKH4V3,2025-06-30T20:37:32.378573688Z,01JZ18RRFGDWF4KT9QERXDYSGG,2025-06-30T20:37:32.378573688Z
01JZ1BGYTKFFYJJSZN3ETZKMFT,01JZ1B1VZ9TM9N3252XVVAH9DZ,2025-06-30T21:22:39.57119222Z,01JZ1B1W5AJ9N87HJBZ99HRQPJ,2025-06-30T21:22:39.57119222Z,01JZ1B4M3WKZR9J1GGJ7PR0S32,2025-06-30T21:22:39.57119222Z,01JZ1BB7ETZS9BEX799QEABQ0R,2025-06-30T21:22:39.57119222Z,01JZ1BB7S0WNXZQFD1C73769V3,2025-06-30T21:22:39.57119222Z
01JZ17NSN0VW2XRMWMNYEPR0Z7,01JZ170DPRHYGRH6M74WMGZ8J5,2025-06-30T20:15:23.80846448Z,01JZ170DSXXMDA003X79NFA4N0,2025-06-30T20:15:23.80846448Z,01JZ17C3PTEK9PXA5GJSYCCP5W,2025-06-30T20:15:23.80846448Z,01JZ17NRRNJAESN764PNSNC899,2025-06-30T20:15:23.80846448Z,01JZ17NRSX9Y03TPQ0Y539E3J5,2025-06-30T20:15:23.80846448Z
01JZ17RE5XJJ7K175SMCJPPABS,01JZ170DPRHYGRH6M74WMGZ8J5,2025-06-30T20:16:50.365767968Z,01JZ170DRXVGFVP20P8DK3M491,2025-06-30T20:16:50.365767968Z,01JZ17E3Q68P56EVHYKCV88P7R,2025-06-30T20:16:50.365767968Z,01JZ17H2JN1M16ZRE7JGQBPN5M,2025-06-30T20:16:50.365767968Z,01JZ17H2MJSMV449WQAFM73C1S,2025-06-30T20:16:50.365767968Z
01JZ17TCMW66TKGDRTTWTEG095,01JZ170DPRHYGRH6M74WMGZ8J5,2025-06-30T20:17:54.332513689Z,01JZ170DSBT7R80F1BC6BFNZAP,2025-06-30T20:17:54.332513689Z,01JZ17BXN8A0CN51A90XTP0KJK,2025-06-30T20:17:54.332513689Z,01JZ17JC2ZXBJJNHC0TSAETRRS,2025-06-30T20:17:54.332513689Z,01JZ17JC6CD228EBJ95WFGACSC,2025-06-30T20:17:54.332513689Z
01JZ17WNYXKWRX1NPKKXGN2993,01JZ170DPRHYGRH6M74WMGZ8J5,2025-06-30T20:19:09.405763828Z,01JZ170DS9MMA8EZAVKYS5SMHX,2025-06-30T20:19:09.405763828Z,01JZ17AZS6YB2WPDVY4NDQYYNC,2025-06-30T20:19:09.405763828Z,01JZ17TR7E1D7CES1YNCABFX51,2025-06-30T20:19:09.405763828Z,01JZ17TRAY71HH1H14VHS8Q3RK,2025-06-30T20:19:09.405763828Z
01JZ1AAF9H9X1F901HEWRVNAXB,01JZ19VEXCKVX740B60X4W6PQN,2025-06-30T21:01:38.481793564Z,01JZ19VF81DTYMGWYB0TAJKDWY,2025-06-30T21:01:38.481793564Z,01JZ1A7CX8Z1SNGPWK47XB0JNS,2025-06-30T21:01:38.481793564Z,01JZ1AABJ0BY70FX8865HSNR55,2025-06-30T21:01:38.481793564Z,01JZ1AABW8MTCD6QEB2EN9GF98,2025-06-30T21:01:38.481793564Z
01JZ1AX03WZRC5FQ58KTYBF0ZE,01JZ19VEXCKVX740B60X4W6PQN,2025-06-30T21:11:45.532526272Z,01JZ19VF4XXDC5SP97SM18G8VM,2025-06-30T21:11:45.532526272Z,01JZ19XD6XDCZFB3F08CC7HS0Y,2025-06-30T21:11:45.532526272Z,01JZ1AQBFWFCVDGCRFV7SS6AMN,2025-06-30T21:11:45.532526272Z,01JZ1AQBWRPQQ4C6QQT1SNQMEJ,2025-06-30T21:11:45.532526272Z
01JZ17KEHJ8BN3ZKQW2ENQRQ9P,01JZ170DPRHYGRH6M74WMGZ8J5,2025-06-30T20:14:06.898791883Z,01JZ170DS32PJY8CQRMADJXFRG,2025-06-30T20:14:06.898791883Z,01JZ17E843W70EAJQAQ7A43HFS,2025-06-30T20:14:06.898791883Z,01JZ17HJXZJXBNGG98GAB8QMCF,2025-06-30T20:14:06.898791883Z,01JZ17HK0Q06FHSMMZ245M8QA0,2025-06-30T20:14:06.898791883Z
01JZ18YFK9RH1X409QPTX5C3KA,01JZ18G4TN4FH7205KTQTFE7PM,2025-06-30T20:37:37.001639944Z,01JZ18G4YA2XRQ9RK4RH5WQB1P,2025-06-30T20:37:37.001639944Z,01JZ18NCTENJS4RVDRQ8JG1EGE,2025-06-30T20:37:37.001639944Z,01JZ18Q1RTQ5J8GR55C5KB6SHZ,2025-06-30T20:37:37.001639944Z,01JZ18Q1YDQRC2RW0CEX5W2Y51,2025-06-30T20:37:37.001639944Z
01JZ1AJ5SCCGPT3NCNACBA7W8N,01JZ19VEXCKVX740B60X4W6PQN,2025-06-30T21:05:50.893094176Z,01JZ19VF6XEW5FG377QGXCTRD1,2025-06-30T21:05:50.893094176Z,01JZ1A8X5PJAXZBFXHM3C9X96V,2025-06-30T21:05:50.893094176Z,01JZ1ACG5AA6PRZ7WAEJWMNX2A,2025-06-30T21:05:50.893094176Z,01JZ1ACGEE7FQP6896MSH7FTZ1,2025-06-30T21:05:50.893094176Z
01JZ1BP22DBCA9WHYK8ZHD5222,01JZ1B1VZ9TM9N3252XVVAH9DZ,2025-06-30T21:25:26.733977839Z,01JZ1B1W4RP0VXDDKCJTNKM3AX,2025-06-30T21:25:26.733977839Z,01JZ1BJRR128B2311DSMJCH15V,2025-06-30T21:25:26.733977839Z,01JZ1BNY7WEGTS4M119S3G7CHR,2025-06-30T21:25:26.733977839Z,01JZ1BNYCRHZTXEXN79JQJHYW9,2025-06-30T21:25:26.733977839Z
01JZ1BQP6KQCWBWH9SQZHRDBMY,01JZ1B1VZ9TM9N3252XVVAH9DZ,2025-06-30T21:26:20.115396609Z,01JZ1B1W46BH5YH0XYSE8KJRBK,2025-06-30T21:26:20.115396609Z,01JZ1B53Y9CT8RBFCFDJ7CMETA,2025-06-30T21:26:20.115396609Z,01JZ1BJ1ABMADNQ2K1TJQ9ED7W,2025-06-30T21:26:20.115396609Z,01JZ1BJ1N02TYSZ0KSC4W9PQ8X,2025-06-30T21:26:20.115396609Z
01JZ1DEWXTDSH86HXWM8QRN1Z7,01JZ1D0RX94M7HHBAJDNGV8QRS,2025-06-30T21:56:29.242364557Z,01JZ1D0S58CJJ0G6BA8AW8ZVCS,2025-06-30T21:56:29.242364557Z,01JZ1D2JACBKKH4S9P6DT2Z2QZ,2025-06-30T21:56:29.242364557Z,01JZ1D972VTRZHGE4AKVG9RETY,2025-06-30T21:56:29.242364557Z,01JZ1D97D38527G1FS02MJBA35,2025-06-30T21:56:29.242364557Z
01JZ17NV2678S5PY11D64V2RTS,01JZ170DPRHYGRH6M74WMGZ8J5,2025-06-30T20:15:25.254094812Z,01JZ170DS0283SZNEN95XAWWS4,2025-06-30T20:15:25.254094812Z,01JZ17BCV91FG1WVF832RTXB76,2025-06-30T20:15:25.254094812Z,01JZ17NT644PA1MKM9DXCD13F1,2025-06-30T20:15:25.254094812Z,01JZ17NT8N20Z9H468MWQHH6VD,2025-06-30T20:15:25.254094812Z
01JZ18RHWG5Q0WWXSHC192TEZA,01JZ18G4TN4FH7205KTQTFE7PM,2025-06-30T20:34:22.73611296Z,01JZ18G4ZZG5A688HVVJGKBFVW,2025-06-30T20:34:22.73611296Z,01JZ18MMDMG5C7AC3NER6KSMTG,2025-06-30T20:34:22.73611296Z,01JZ18RFPBGVB1PJ8WVY2S92SR,2025-06-30T20:34:22.73611296Z,01JZ18RFS37DDHZAPQ7AZZ8HDA,2025-06-30T20:34:22.73611296Z
01JZ1ARNNF0H2C6PT7G5FX4ENM,01JZ19VEXCKVX740B60X4W6PQN,2025-06-30T21:09:23.759048991Z,01JZ19VF3FCDRKA7RA8CE3SQDH,2025-06-30T21:09:23.759048991Z,01JZ19X25DC6PHAYZ41F2N9R8N,2025-06-30T21:09:23.759048991Z,01JZ1AK0GTG09NRGMQGAZDENCH,2025-06-30T21:09:23.759048991Z,01JZ1AK0R183QNPQ4JFBMA6XJA,2025-06-30T21:09:23.759048991Z
01JZ1AV532RDHXABRCNKK2RSKE,01JZ19VEXCKVX740B60X4W6PQN,2025-06-30T21:10:45.090987132Z,01JZ19VF4XXDC5SP97SM18G8VM,2025-06-30T21:10:45.090987132Z,01JZ19XD6XDCZFB3F08CC7HS0Y,2025-06-30T21:10:45.090987132Z,01JZ1AQBFWFCVDGCRFV7SS6AMN,2025-06-30T21:10:45.090987132Z,01JZ1AQBPT99514H9J1254W4H1,2025-06-30T21:10:45.090987132Z
01JZ1CG5YN1X1H5Y3AQK3EG8KJ,01JZ1BX7WQMA45G0E33EEHJ3V9,2025-06-30T21:39:42.677896433Z,01JZ1BX81RJBYPGNM468STZ9YH,2025-06-30T21:39:42.677896433Z,01JZ1BZM7HWWQQ5DW0EFWDSAQF,2025-06-30T21:39:42.677896433Z,01JZ1C7YMQAMFB9S9MJX437MX7,2025-06-30T21:39:42.677896433Z,01JZ1C7Z478C6M6M1M88QF080R,2025-06-30T21:39:42.677896433Z
01JZ1GFSXNG6049TSH6R67DH1R,01JZ1G29Q82GQAKEXSK2E7NK3R,2025-06-30T22:49:24.661908029Z,01JZ1G2A6YM039KVE3FBKDN5TM,2025-06-30T22:49:24.661908029Z,01JZ1G5Y4DKCPQ2K5FM2F479YF,2025-06-30T22:49:24.661908029Z,01JZ1GDRQETQFVFT79CV7FCC6X,2025-06-30T22:49:24.661908029Z,01JZ1GDS70WPQ6KPZXE2QYF2C4,2025-06-30T22:49:24.661908029Z
01JZ17M7GKGK6T8D9BB2HHCWPT,01JZ170DPRHYGRH6M74WMGZ8J5,2025-06-30T20:14:32.467330209Z,01JZ170DRWH3Q5VEKFYTCWXCB9,2025-06-30T20:14:32.467330209Z,01JZ179F3PP1PB0BWJA9TNG5TN,2025-06-30T20:14:32.467330209Z,01JZ17M636G6YCD0BAJGQEKJNP,2025-06-30T20:14:32.467330209Z,01JZ17M64R492KMA984HJQH40R,2025-06-30T20:14:32.467330209Z
01JZ17MA7TSYKMSH0BCMHYWB1J,01JZ170DPRHYGRH6M74WMGZ8J5,2025-06-30T20:14:35.258380872Z,01JZ170DSR5F2SARFX61BD5BFD,2025-06-30T20:14:35.258380872Z,01JZ17ADWXQ9CX9S0BD7VM2S2J,2025-06-30T20:14:35.258380872Z,01JZ17M8SKNJW5A4Z1S33P0E3X,2025-06-30T20:14:35.258380872Z,01JZ17M8VDWK4J4M7B81ZHBGC1,2025-06-30T20:14:35.258380872Z
01JZ17T77RHPVMJDEQNBD1CCNG,01JZ170DPRHYGRH6M74WMGZ8J5,2025-06-30T20:17:48.792899687Z,01JZ170DRQN15452AYS561M232,2025-06-30T20:17:48.792899687Z,01JZ17M9BWTED841AF4MEHDDNW,2025-06-30T20:17:48.792899687Z,01JZ17RBCT038Y8QAFS6F67QDM,2025-06-30T20:17:48.792899687Z,01JZ17RBG2FZTBKAYMWRB4MVTN,2025-06-30T20:17:48.792899687Z
01JZ17V117AGRJ8B8W4WHA965R,01JZ170DPRHYGRH6M74WMGZ8J5,2025-06-30T20:18:15.207303952Z,01JZ170DS5DJKXJ3Z7YVJKJJXK,2025-06-30T20:18:15.207303952Z,01JZ17ETMDVKMB5DEN58FYX8NM,2025-06-30T20:18:15.207303952Z,01JZ17QA5NP4NCPJJVMNCZ9F7W,2025-06-30T20:18:15.207303952Z,01JZ17QA7ZSWJ7CS2VJ1NFV8PD,2025-06-30T20:18:15.207303952Z
01JZ17WFQ48WMGSGBKRGZSNJF0,01JZ170DPRHYGRH6M74WMGZ8J5,2025-06-30T20:19:03.012559056Z,01JZ170DS434CCJM920K0JDY80,2025-06-30T20:19:03.012559056Z,01JZ17ED81WEQ81KNKMV8HM1Z1,2025-06-30T20:19:03.012559056Z,01JZ17MET0GT1VR1Z1AASBPY29,2025-06-30T20:19:03.012559056Z,01JZ17MEYG47H1NQGBEK0AW94R,2025-06-30T20:19:03.012559056Z
01JZ18SJVYNCRPQ2MBYNSRATMK,01JZ18G4TN4FH7205KTQTFE7PM,2025-06-30T20:34:56.510991126Z,01JZ18G4ZPD0G0WRB3ZSNJ4KSW,2025-06-30T20:34:56.510991126Z,01JZ18KHM8GJ48PE7RRH6Y4W94,2025-06-30T20:34:56.510991126Z,01JZ18QMDSQREXVSZ9J332HVG7,2025-06-30T20:34:56.510991126Z,01JZ18QMMADJ900T0SE738Z66N,2025-06-30T20:34:56.510991126Z
01JZ1GNQ2EPSQJYF560A58A5Y7,01JZ1G29Q82GQAKEXSK2E7NK3R,2025-06-30T22:52:38.350794692Z,01JZ1G2A6YM039KVE3FBKDN5TM,2025-06-30T22:52:38.350794692Z,01JZ1G8WT4QHCTZSBPJCV6WM6W,2025-06-30T22:52:38.350794692Z,01JZ1GDRSWA6J6E7BQGPG7XQH0,2025-06-30T22:52:38.350794692Z,01JZ1GDSPTMGNCXTJE98FX6Y9D,2025-06-30T22:52:38.350794692Z
01JZ17QX7B0BM97SBMDKG6GEJ3,01JZ170DPRHYGRH6M74WMGZ8J5,2025-06-30T20:16:33.003817908Z,01JZ170DRWH3Q5VEKFYTCWXCB9,2025-06-30T20:16:33.003817908Z,01JZ17HZPCKK6WHFW0W029CFVG,2025-06-30T20:16:33.003817908Z,01JZ17M6426GB2CWYTAT7MS6CN,2025-06-30T20:16:33.003817908Z,01JZ17M669R4VX12DNHRDK2A40,2025-06-30T20:16:33.003817908Z
01JZ17T8KVGN0HZN3H4AB469MH,01JZ170DPRHYGRH6M74WMGZ8J5,2025-06-30T20:17:50.206321638Z,01JZ170DSTXK5Z1DV671606E6A,2025-06-30T20:17:50.206321638Z,01JZ179522187EFD1N9MCMN3YS,2025-06-30T20:17:50.206321638Z,01JZ17J85SANMZWN2QB7PBGCW6,2025-06-30T20:17:50.206321638Z,01JZ17J88TCH8B6MR5EHSFK5FM,2025-06-30T20:17:50.206321638Z
01JZ1ACAQ7NBFBB4DDF006N1DC,01JZ19VEXCKVX740B60X4W6PQN,2025-06-30T21:02:39.335512372Z,01JZ19VF81DTYMGWYB0TAJKDWY,2025-06-30T21:02:39.335512372Z,01JZ19Y0D04KSPZSGRXD2GWN5G,2025-06-30T21:02:39.335512372Z,01JZ1AABK962FFJZTPD33N3VKP,2025-06-30T21:02:39.335512372Z,01JZ1AAC02MC5SPR207R8CMDY9,2025-06-30T21:02:39.335512372Z
01JZ1AHW3JDVN3ZWFX3N2HQE3G,01JZ19VEXCKVX740B60X4W6PQN,2025-06-30T21:05:40.97853221Z,01JZ19VF81DTYMGWYB0TAJKDWY,2025-06-30T21:05:40.97853221Z,01JZ19XTEVTQG67NAP9C737569,2025-06-30T21:05:40.97853221Z,01JZ1AABQSYES8GH0EQS7AKYST,2025-06-30T21:05:40.97853221Z,01JZ1AAC5RRCPS56AP7RN6N1RK,2025-06-30T21:05:40.97853221Z
01JZ1APTP0Y0WXK585459ZD80D,01JZ19VEXCKVX740B60X4W6PQN,2025-06-30T21:08:23.36050095Z,01JZ19VF3FCDRKA7RA8CE3SQDH,2025-06-30T21:08:23.36050095Z,01JZ19ZRSF0H44Y7P62WF2M80H,2025-06-30T21:08:23.36050095Z,01JZ1AK0GTG09NRGMQGAZDENCH,2025-06-30T21:08:23.36050095Z,01JZ1AK0Q8SSARD5SSHB7KZ1FV,2025-06-30T21:08:23.36050095Z
01JZ1CR5TG58E9GZRFXN33ZJ6K,01JZ1C4XJFQQ45ZHGATAXVBX0J,2025-06-30T21:44:04.688596764Z,01JZ1C4XNE4VHGMR9JDZS6Y7F9,2025-06-30T21:44:04.688596764Z,01JZ1CHHENXRFPD7VNDFKQ5330,2025-06-30T21:44:04.688596764Z,01JZ1CM9MH9FR8B6ZK0QM2XBF8,2025-06-30T21:44:04.688596764Z,01JZ1CM9XNCJMG30B6PE3HBNT5,2025-06-30T21:44:04.688596764Z
01JZ1CT0WPM023NF49FQVAVVE1,01JZ1C4XJFQQ45ZHGATAXVBX0J,2025-06-30T21:45:05.174408338Z,01JZ1C4XNE4VHGMR9JDZS6Y7F9,2025-06-30T21:45:05.174408338Z,01JZ1CEYEW4QC345QNCDR6C494,2025-06-30T21:45:05.174408338Z,01JZ1CM9MH9FR8B6ZK0QM2XBF8,2025-06-30T21:45:05.174408338Z,01JZ1CM9YYDD48AM5D9EXZ54SW,2025-06-30T21:45:05.174408338Z
01JZ17Q6PM3VHZ36T046CTF9A9,01JZ170DPRHYGRH6M74WMGZ8J5,2025-06-30T20:16:09.940085109Z,01JZ170DSWJ6311N72HPSQWG9K,2025-06-30T20:16:09.940085109Z,01JZ17AF66R5T85771E9QQ650E,2025-06-30T20:16:09.940085109Z,01JZ17KG534VMGAN6DZ77QN8H5,2025-06-30T20:16:09.940085109Z,01JZ17KG7QBR7SW7H41DV67CFK,2025-06-30T20:16:09.940085109Z
01JZ17TNN7BDH6FF3GJKF3H22F,01JZ170DPRHYGRH6M74WMGZ8J5,2025-06-30T20:18:03.559926057Z,01JZ170DSP5HFMBRZWFQV8RFVC,2025-06-30T20:18:03.559926057Z,01JZ17GRXVCB86SQX36KBD73NW,2025-06-30T20:18:03.559926057Z,01JZ17RSKP4T7TM013SKSDCBN6,2025-06-30T20:18:03.559926057Z,01JZ17RSNZJ7XVG11RZ6MP3BJ5,2025-06-30T20:18:03.559926057Z
01JZ17Z1GMZQ1ASAFYP1P9DF3V,01JZ170DPRHYGRH6M74WMGZ8J5,2025-06-30T20:20:26.77219741Z,01JZ170DS5DJKXJ3Z7YVJKJJXK,2025-06-30T20:20:26.77219741Z,01JZ178QXEVM580BRMFA0XSN9D,2025-06-30T20:20:26.77219741Z,01JZ17QA4RZBJN8FPG3Q7FD7PZ,2025-06-30T20:20:26.77219741Z,01JZ17QA9V9911GNS74NJ3F2SB,2025-06-30T20:20:26.77219741Z
01JZ18R77JB2ZRR9A0VWDNP7AK,01JZ18G4TN4FH7205KTQTFE7PM,2025-06-30T20:34:11.826099147Z,01JZ18G4X5EPR69QT64DVYQXFJ,2025-06-30T20:34:11.826099147Z,01JZ18J5R16DTA3XKT9Y9737P7,2025-06-30T20:34:11.826099147Z,01JZ18PAPZYGZBF3DQ7XCBJ9MP,2025-06-30T20:34:11.826099147Z,01JZ18PATDHBC84W84GJ8KFFEF,2025-06-30T20:34:11.826099147Z
01JZ18XRDY8AR7VG841KGA0850,01JZ18G4TN4FH7205KTQTFE7PM,2025-06-30T20:37:13.278454166Z,01JZ18G4X5EPR69QT64DVYQXFJ,2025-06-30T20:37:13.278454166Z,01JZ18J0PFCTBHRZ327Y7ADC0R,2025-06-30T20:37:13.278454166Z,01JZ18PAPJXR5K55YMBBDH8RCF,2025-06-30T20:37:13.278454166Z,01JZ18PAWCKXR2FBWZFCKBYAH8,2025-06-30T20:37:13.278454166Z
01JZ1AGAJ33JME5B221X2YGMJC,01JZ19VEXCKVX740B60X4W6PQN,2025-06-30T21:04:50.243226305Z,01JZ19VF6XEW5FG377QGXCTRD1,2025-06-30T21:04:50.243226305Z,01JZ19XENNWSXAPJJVN05DNY45,2025-06-30T21:04:50.243226305Z,01JZ1ACG5AA6PRZ7WAEJWMNX2A,2025-06-30T21:04:50.243226305Z,01JZ1ACGDWN2V5ETG7YNKG0GX7,2025-06-30T21:04:50.243226305Z
01JZ1BD7NG1J6H1J938F9R0F7T,01JZ1B1VZ9TM9N3252XVVAH9DZ,2025-06-30T21:20:37.55242135Z,01JZ1B1W2WT8MR9NJ7RDDSFH2M,2025-06-30T21:20:37.55242135Z,01JZ1B4FWCV3S3JF90184ADC3A,2025-06-30T21:20:37.55242135Z,01JZ1BD3WQZQC101K8A6FPPJ19,2025-06-30T21:20:37.55242135Z,01JZ1BD46WFGNYMFZFEXD9C91Q,2025-06-30T21:20:37.55242135Z
01JZ191J6CR12BDHAZNFXGCKGB,01JZ18G4TN4FH7205KTQTFE7PM,2025-06-30T20:39:17.96456161Z,01JZ18G4Z7SR18DC8PDBR22HS5,2025-06-30T20:39:17.96456161Z,01JZ18KKD45G2Z51GTDYMFBGF8,2025-06-30T20:39:17.96456161Z,01JZ18S8XBR7NPBNNX8H3R06YJ,2025-06-30T20:39:17.96456161Z,01JZ18S964RRE31Q1VKWQ9XVBV,2025-06-30T20:39:17.96456161Z
01JZ1AJZQ9KYPRJ7WC6VW6886A,01JZ19VEXCKVX740B60X4W6PQN,2025-06-30T21:06:17.449593744Z,01JZ19VF5YA4VZJRJDVJVY1XBY,2025-06-30T21:06:17.449593744Z,01JZ1A8FR32NPD5RJ1DVE9H7Y6,2025-06-30T21:06:17.449593744Z,01JZ1AAQZXK1M56S8S8ENY419V,2025-06-30T21:06:17.449593744Z,01JZ1AARD88DNEW14DF6ANYY86,2025-06-30T21:06:17.449593744Z
01JZ1GJ45XVSAJ62FTGTS4CEFP,01JZ1G29Q82GQAKEXSK2E7NK3R,2025-06-30T22:50:40.701365723Z,01JZ1G2A24PAZYJHH2EQFGJG7N,2025-06-30T22:50:40.701365723Z,01JZ1G82YG8RECYV7TAMBGD9YX,2025-06-30T22:50:40.701365723Z,01JZ1GG43VKPZ1V5ZJWSGJMS64,2025-06-30T22:50:40.701365723Z,01JZ1GG4FH14QQGZMYFWQQ5S0J,2025-06-30T22:50:40.701365723Z
01JZ1FAJ8GPCYFNH0BXVNWCY35,01JZ1E916HBESJXS5SJ82BFZ21,2025-06-30T22:29:04.400126078Z,01JZ1E91Q18GQE49C0XSDVMF75,2025-06-30T22:29:04.400126078Z,01JZ1ESJSZ4605B74MTV3MB0PF,2025-06-30T22:29:04.400126078Z,01JZ1F2JDENWFSVMZMF7HPM6S0,2025-06-30T22:29:04.400126078Z,01JZ1F2JYXXAQR4VKVMA09HECH,2025-06-30T22:29:04.400126078Z
01JZ17NC5JZZPJYG645GK9VP71,01JZ170DPRHYGRH6M74WMGZ8J5,2025-06-30T20:15:10.002154261Z,01JZ170DS8YWG03GZVY59N3JD0,2025-06-30T20:15:10.002154261Z,01JZ176HDV9KWWBADR549HVXXJ,2025-06-30T20:15:10.002154261Z,01JZ17HNMQAAW5HV1NJ3KN0TDP,2025-06-30T20:15:10.002154261Z,01JZ17HNP6QCD1MJXSWCZN1D4Z,2025-06-30T20:15:10.002154261Z
01JZ17PTTT5M6W1FW3961Z8A2M,01JZ170DPRHYGRH6M74WMGZ8J5,2025-06-30T20:15:57.786051858Z,01JZ170DSMJZPS89ZBMFZ7ATK7,2025-06-30T20:15:57.786051858Z,01JZ17411GFTP23ZXM1AB7D9NA,2025-06-30T20:15:57.786051858Z,01JZ17MYDW712GB678NHAF4EAC,2025-06-30T20:15:57.786051858Z,01JZ17MYK6TSEM0FE9TJ34XM6C,2025-06-30T20:15:57.786051858Z
01JZ17SJTGXYSK2NPR4P9G0HZJ,01JZ170DPRHYGRH6M74WMGZ8J5,2025-06-30T20:17:27.888569314Z,01JZ170DS434CCJM920VN081CV,2025-06-30T20:17:27.888569314Z,01JZ17ENCSDKWD2M3Q3EC23N1W,2025-06-30T20:17:27.888569314Z,01JZ17HX12C9Q5A1V342FH26JF,2025-06-30T20:17:27.888569314Z,01JZ17HX3EQEFGC73HCGEKW352,2025-06-30T20:17:27.888569314Z
01JZ18QE523DGHJJCDXQ90QGGD,01JZ18G4TN4FH7205KTQTFE7PM,2025-06-30T20:33:46.14638393Z,01JZ18G4YTQTSXFW2X0Y80VGVG,2025-06-30T20:33:46.14638393Z,01JZ18J569YAEG0XPKSGQBZNYX,2025-06-30T20:33:46.14638393Z,01JZ18QCHCWKPJPF2G32EQXDDJ,2025-06-30T20:33:46.14638393Z,01JZ18QCM1A9TSZHS1EGBH1NVK,2025-06-30T20:33:46.14638393Z
01JZ18R2RY492WTRB4BCEPHGEW,01JZ18G4TN4FH7205KTQTFE7PM,2025-06-30T20:34:07.26274508Z,01JZ18G4XDWA3A08Y0HZ5HSAAF,2025-06-30T20:34:07.26274508Z,01JZ18K1FP19HQQGWY5MDNJT99,2025-06-30T20:34:07.26274508Z,01JZ18R0YQXPRFN6T3JT8B6MYT,2025-06-30T20:34:07.26274508Z,01JZ18R11JQ1SRQV5XW61WSV3P,2025-06-30T20:34:07.26274508Z
01JZ1AGBDRHEDMSB7M2EZBXJ40,01JZ19VEXCKVX740B60X4W6PQN,2025-06-30T21:04:51.128930436Z,01JZ19VF9WCS5BMDRCPXZK6ZBF,2025-06-30T21:04:51.128930436Z,01JZ19Y0QS6ZDMVQR73DRR23RB,2025-06-30T21:04:51.128930436Z,01JZ1A8RSRN8NWX633AN587X7F,2025-06-30T21:04:51.128930436Z,01JZ1A8S0SHPAZZMW9MCZGGN41,2025-06-30T21:04:51.128930436Z
01JZ1AMZJVC8GKJZZ0MKSFRT2F,01JZ19VEXCKVX740B60X4W6PQN,2025-06-30T21:07:22.843447859Z,01JZ19VF3FCDRKA7RA8CE3SQDH,2025-06-30T21:07:22.843447859Z,01JZ1AJWEBWSA9H9YV5TJD6D6N,2025-06-30T21:07:22.843447859Z,01JZ1AK0GTG09NRGMQGAZDENCH,2025-06-30T21:07:22.843447859Z,01JZ1AK0PK944AY7EGT6WNDPTW,2025-06-30T21:07:22.843447859Z
01JZ17NQZ003QK872ZNT8PMRKW,01JZ170DPRHYGRH6M74WMGZ8J5,2025-06-30T20:15:22.08020644Z,01JZ170DRSFZ9Y16965WN1Z2F9,2025-06-30T20:15:22.08020644Z,01JZ17971DQBZCGDTGNY2JH6QQ,2025-06-30T20:15:22.08020644Z,01JZ17G70WMTCCVM6PEEY7RHRW,2025-06-30T20:15:22.08020644Z,01JZ17G7298RBRVJCBJC8BZ1T6,2025-06-30T20:15:22.08020644Z
01JZ17VX35QASR9SJ7WME0PZRE,01JZ170DPRHYGRH6M74WMGZ8J5,2025-06-30T20:18:43.94110231Z,01JZ170DRWH3Q5VEKFYTCWXCB9,2025-06-30T20:18:43.94110231Z,01JZ178J2BZ2NF5FVTXNH8JBMT,2025-06-30T20:18:43.94110231Z,01JZ17M63THTS8VR02B734BA3Z,2025-06-30T20:18:43.94110231Z,01JZ17M68BK07EYSC18JFC5CY6,2025-06-30T20:18:43.94110231Z
01JZ17W2028YFHNTHMCE3AE4WW,01JZ170DPRHYGRH6M74WMGZ8J5,2025-06-30T20:18:48.962468786Z,01JZ170DRQN15452AYS561M232,2025-06-30T20:18:48.962468786Z,01JZ17M9BWTED841AF4MEHDDNW,2025-06-30T20:18:48.962468786Z,01JZ17RBCT038Y8QAFS6F67QDM,2025-06-30T20:18:48.962468786Z,01JZ17RBG8YTAYEQS83SYBQZSE,2025-06-30T20:18:48.962468786Z
01JZ182V5HHXSCT5R193GVX56Z,01JZ170DPRHYGRH6M74WMGZ8J5,2025-06-30T20:22:31.345832199Z,01JZ170DS9MMA8EZAVKYS5SMHX,2025-06-30T20:22:31.345832199Z,01JZ17QM16148RHAHCPPZX620J,2025-06-30T20:22:31.345832199Z,01JZ17TR5GZK4V8170DT4PDB53,2025-06-30T20:22:31.345832199Z,01JZ17TRKB9W2JTNHV11DWWP75,2025-06-30T20:22:31.345832199Z
01JZ1AE5RBGPYHTWDW1C00HQFH,01JZ19VEXCKVX740B60X4W6PQN,2025-06-30T21:03:39.787945225Z,01JZ19VF81DTYMGWYB0TAJKDWY,2025-06-30T21:03:39.787945225Z,01JZ1A30PSDQTAMK68V3KKNNKC,2025-06-30T21:03:39.787945225Z,01JZ1AABK962FFJZTPD33N3VKP,2025-06-30T21:03:39.787945225Z,01JZ1AAC10R1ZEDDYXJ5GXAQNR,2025-06-30T21:03:39.787945225Z
01JZ1DEYJYZHXPT2Q4386NXW8Q,01JZ1D0RX94M7HHBAJDNGV8QRS,2025-06-30T21:56:30.942433875Z,01JZ1D0S2S8SEBXETFQJSTGM5V,2025-06-30T21:56:30.942433875Z,01JZ1D5N9EKRCKNEX5N0FCN65V,2025-06-30T21:56:30.942433875Z,01JZ1D77X61KT9EGNXBSZ97RFX,2025-06-30T21:56:30.942433875Z,01JZ1D78STJEQ80M29JKZV8DQF,2025-06-30T21:56:30.942433875Z
01JZ17HKJXFH6B81HJ0KK3PS4K,01JZ170DPRHYGRH6M74WMGZ8J5,2025-06-30T20:13:06.525725809Z,01JZ170DS32PJY8CQRMADJXFRG,2025-06-30T20:13:06.525725809Z,01JZ17A84G8QVPB3RW2KXSNH3H,2025-06-30T20:13:06.525725809Z,01JZ17HJYFQV3K1KSV87NRHNJ3,2025-06-30T20:13:06.525725809Z,01JZ17HJZ8K670XSZXPTHJKV59,2025-06-30T20:13:06.525725809Z
01JZ17J2GJHWGMW2PTXJA53Y2J,01JZ170DPRHYGRH6M74WMGZ8J5,2025-06-30T20:13:21.81231537Z,01JZ170DRSFZ9Y16965WN1Z2F9,2025-06-30T20:13:21.81231537Z,01JZ17AQQS59T0RTXR5VNB3ZRC,2025-06-30T20:13:21.81231537Z,01JZ17G70WMTCCVM6PEEY7RHRW,2025-06-30T20:13:21.81231537Z,01JZ17G724ZSEFQGERYDKDB1XF,2025-06-30T20:13:21.81231537Z
01JZ196ASR31HKBRP5DMTBVW65,01JZ18QHX9XGN83K6T42FK97D5,2025-06-30T20:41:54.232657502Z,01JZ18QHZ9KPT0XZ66BZ9ZB89K,2025-06-30T20:41:54.232657502Z,01JZ18YPKHPP41HP4A0Q4F3DHM,2025-06-30T20:41:54.232657502Z,01JZ190NH1278RPC2MCD2QJWTN,2025-06-30T20:41:54.232657502Z,01JZ190NQYWJEEY4JZ53S9SW9K,2025-06-30T20:41:54.232657502Z
01JZ1BJV7QAAHM4CMH6J48VX9R,01JZ1B1VZ9TM9N3252XVVAH9DZ,2025-06-30T21:23:41.431848369Z,01JZ1B1W6S117BH8HCA7NH9R7E,2025-06-30T21:23:41.431848369Z,01JZ1B51FGYNJ0T68GXM1MEH1R,2025-06-30T21:23:41.431848369Z,01JZ1BAHG6QWWGBEPT681DK5Y7,2025-06-30T21:23:41.431848369Z,01JZ1BAJ3J3FZ3GMGRGR49591P,2025-06-30T21:23:41.431848369Z
01JZ1BK4FTNDTXE48PP29H5YSX,01JZ1B1VZ9TM9N3252XVVAH9DZ,2025-06-30T21:23:50.906958098Z,01JZ1B1W68Y1JCNSRHTZJR0WTB,2025-06-30T21:23:50.906958098Z,01JZ1B62EVJPYFB1CKMM3NTQNK,2025-06-30T21:23:50.906958098Z,01JZ1BH44X88X65JM8T5DXFWMN,2025-06-30T21:23:50.906958098Z,01JZ1BH4HA8J7SBAZ6TKP726YJ,2025-06-30T21:23:50.906958098Z
01JZ1AZ5ZVVH5BGD2BMW8J9B2A,01JZ19VEXCKVX740B60X4W6PQN,2025-06-30T21:12:57.083592491Z,01JZ19VF4XXDC5SP97SM18G8VM,2025-06-30T21:12:57.083592491Z,01JZ1ANDKY8QTNAK6C66WRTD5R,2025-06-30T21:12:57.083592491Z,01JZ1AQBH2AQ4HJ4SKYQ5374F4,2025-06-30T21:12:57.083592491Z,01JZ1AQC0QDS5MXCQA9E82VAD0,2025-06-30T21:12:57.083592491Z
01JZ17TD69RS0CFWC9PJFGES2F,01JZ170DPRHYGRH6M74WMGZ8J5,2025-06-30T20:17:54.889937897Z,01JZ170DRV33K8D9D9ZMQKAW2D,2025-06-30T20:17:54.889937897Z,01JZ17DQR0WXBVGZE5VFC3T0EF,2025-06-30T20:17:54.889937897Z,01JZ17PPGX7JSSK85PVP6H7NR4,2025-06-30T20:17:54.889937897Z,01JZ17PPKMZ4NWTGE47X76JQ19,2025-06-30T20:17:54.889937897Z
01JZ17YGTFNKJFMBKH7FAF1BVA,01JZ170DPRHYGRH6M74WMGZ8J5,2025-06-30T20:20:09.679750066Z,01JZ170DS9MMA8EZAVKYS5SMHX,2025-06-30T20:20:09.679750066Z,01JZ17AZS6YB2WPDVY4NDQYYNC,2025-06-30T20:20:09.679750066Z,01JZ17TR7E1D7CES1YNCABFX51,2025-06-30T20:20:09.679750066Z,01JZ17TRBBRN18K8M8NDSQNJSF,2025-06-30T20:20:09.679750066Z
01JZ18SK63PD6WR84YG38QGT8D,01JZ18G4TN4FH7205KTQTFE7PM,2025-06-30T20:34:56.835991949Z,01JZ18G4ZDA13FR053ZT1R1FPF,2025-06-30T20:34:56.835991949Z,01JZ18JPT9JN6KKGXMDR9K6K49,2025-06-30T20:34:56.835991949Z,01JZ18NR677M02YFM90F21XHAA,2025-06-30T20:34:56.835991949Z,01JZ18NR9N5HZPVK7V13ZT23CD,2025-06-30T20:34:56.835991949Z
01JZ1917K1XNQA9HZ42KFWN4M4,01JZ18G4TN4FH7205KTQTFE7PM,2025-06-30T20:39:07.105222095Z,01JZ18G4Z7SR18DC8PDBR22HS5,2025-06-30T20:39:07.105222095Z,01JZ18JM84GZ5542ST7BEW0RHN,2025-06-30T20:39:07.105222095Z,01JZ18S8XT12G8V1PAKVTN6A36,2025-06-30T20:39:07.105222095Z,01JZ18S94Q821AQ06RB0P0ZB2X,2025-06-30T20:39:07.105222095Z
01JZ199W10E2Y9WHC3Z99DXCHR,01JZ18R9CHSHJ2BAJZ4M4PAW2X,2025-06-30T20:43:50.176949753Z,01JZ18RA48YSHMY5EWBJ9E61V2,2025-06-30T20:43:50.176949753Z,01JZ18XZQ962C1YBGG8JES411T,2025-06-30T20:43:50.176949753Z,01JZ192CQ1PM6AAY4VWQWP0QFX,2025-06-30T20:43:50.176949753Z,01JZ192D6WBRSKW5XVT11AYW1H,2025-06-30T20:43:50.176949753Z
01JZ1AAQFWTBA87K8J6CDDZ5C9,01JZ19VEXCKVX740B60X4W6PQN,2025-06-30T21:01:46.876480187Z,01JZ19VF9WCS5BMDRCPXZK6ZBF,2025-06-30T21:01:46.876480187Z,01JZ19Y3KYVSPMBWF3EF2S04D7,2025-06-30T21:01:46.876480187Z,01JZ1A8RTBQBGQ6B3M8DMQ82K3,2025-06-30T21:01:46.876480187Z,01JZ1A8RXR5WSKMBYTYNZKW9M2,2025-06-30T21:01:46.876480187Z
01JZ1AJ5N2536P8RRCPCG5CHE8,01JZ19VEXCKVX740B60X4W6PQN,2025-06-30T21:05:50.754904661Z,01JZ19VF6XEW5FG377QGXCTRD1,2025-06-30T21:05:50.754904661Z,01JZ19XTW2HK24K9S0K07R4X7Y,2025-06-30T21:05:50.754904661Z,01JZ1ACG5AA6PRZ7WAEJWMNX2A,2025-06-30T21:05:50.754904661Z,01JZ1ACGEE7FQP6896MSH7FTZ1,2025-06-30T21:05:50.754904661Z
01JZ1BQNK2DDVXRG4HWDE1SCHK,01JZ1B1VZ9TM9N3252XVVAH9DZ,2025-06-30T21:26:19.490519663Z,01JZ1B1W5TAZ0C76DBH0ZAEY5X,2025-06-30T21:26:19.490519663Z,01JZ1B42FGZXM24HBWN8AZM67K,2025-06-30T21:26:19.490519663Z,01JZ1BNNFF9MV2BR5CAE8TGEYC,2025-06-30T21:26:19.490519663Z,01JZ1BNP376CH9A495TNXV41GV,2025-06-30T21:26:19.490519663Z
01JZ1CDT9CBZKBHK9CR8BB8VEZ,01JZ1BX7WQMA45G0E33EEHJ3V9,2025-06-30T21:38:25.196787252Z,01JZ1BX80QRTKGB6MH6HMRDXS1,2025-06-30T21:38:25.196787252Z,01JZ1BY7ZYY1555G7VDKVM55K7,2025-06-30T21:38:25.196787252Z,01JZ1C692QHS5DV9PSD243R1PS,2025-06-30T21:38:25.196787252Z,01JZ1C69RNDH0C9D70VXT6DMJF,2025-06-30T21:38:25.196787252Z
01JZ1F58ZEWB3YW2CC8S6F6J4J,01JZ1E916HBESJXS5SJ82BFZ21,2025-06-30T22:26:11.054458553Z,01JZ1E91Z6K0ZJGCC53Q4JQWJP,2025-06-30T22:26:11.054458553Z,01JZ1EPVZGZEY9DBBKYD48H59H,2025-06-30T22:26:11.054458553Z,01JZ1EXC2738TD9DEC8HEZ1QM0,2025-06-30T22:26:11.054458553Z,01JZ1EXCFVBFFNTMBSMYCMN34B,2025-06-30T22:26:11.054458553Z
01JZ1GMBAPDCYRVSWPV6Q5RTRR,01JZ1G29Q82GQAKEXSK2E7NK3R,2025-06-30T22:51:53.558153987Z,01JZ1G29XRNS92G9JYEX4H033M,2025-06-30T22:51:53.558153987Z,01JZ1G6RSPQGYECJMX7N6G6VY8,2025-06-30T22:51:53.558153987Z,01JZ1GM65E8G659ECGG1A0CNNK,2025-06-30T22:51:53.558153987Z,01JZ1GM6M31AX111KKY1N9TEDS,2025-06-30T22:51:53.558153987Z
01JZ1GWXP18MET6YE3NGT8142G,01JZ1G29Q82GQAKEXSK2E7NK3R,2025-06-30T22:56:34.497593094Z,01JZ1G29XRNS92G9JYEX4H033M,2025-06-30T22:56:34.497593094Z,01JZ1GGT9KDQPYVBYTSYY1MHFW,2025-06-30T22:56:34.497593094Z,01JZ1GM6FVX8G2G466W7T4K4VT,2025-06-30T22:56:34.497593094Z,01JZ1GM77Q88VCQ038VBXFS21Y,2025-06-30T22:56:34.497593094Z
01JZ17RCCHBK9RCMW733CB3Z80,01JZ170DPRHYGRH6M74WMGZ8J5,2025-06-30T20:16:48.529776544Z,01JZ170DRQN15452AYS561M232,2025-06-30T20:16:48.529776544Z,01JZ177RVVNSCWMQHY3N3M9P3Y,2025-06-30T20:16:48.529776544Z,01JZ17RBBXJNB1SM787WX1GG11,2025-06-30T20:16:48.529776544Z,01JZ17RBEWY4JQKJ0PXR25HY01,2025-06-30T20:16:48.529776544Z
01JZ18VSN992Q3WZ2YTV8YA1QW,01JZ18G4TN4FH7205KTQTFE7PM,2025-06-30T20:36:09.00201992Z,01JZ18G4XDWA3A08Y0HZ5HSAAF,2025-06-30T20:36:09.00201992Z,01JZ18K35P2QZ1SSJHQYJ2X8Z7,2025-06-30T20:36:09.00201992Z,01JZ18R0Z5Z926ZA90YM7MYTK3,2025-06-30T20:36:09.00201992Z,01JZ18R13EM5Y88CXN2J36AQD4,2025-06-30T20:36:09.00201992Z
01JZ18XHEMAY51N8XSY6BEMHK6,01JZ18G4TN4FH7205KTQTFE7PM,2025-06-30T20:37:06.132508447Z,01JZ18G4YK3PSP6R2PNWBA4P8S,2025-06-30T20:37:06.132508447Z,01JZ18JNT2QKJHBG0YSDA5VWH8,2025-06-30T20:37:06.132508447Z,01JZ18QWBAHK4T4H0VEYDTYNA4,2025-06-30T20:37:06.132508447Z,01JZ18QWFE3AE6XH6C0K25VMH0,2025-06-30T20:37:06.132508447Z
01JZ1BH8P2CP2DZ4MG4CWZEM2D,01JZ1B1VZ9TM9N3252XVVAH9DZ,2025-06-30T21:22:49.666865494Z,01JZ1B1W68Y1JCNSRHTZJR0WTB,2025-06-30T21:22:49.666865494Z,01JZ1B84EMA8EXMS4XB5YP9VDA,2025-06-30T21:22:49.666865494Z,01JZ1BH43TCR207W6QA0XHTRSW,2025-06-30T21:22:49.666865494Z,01JZ1BH4EERH1DS5BZWYJYPN33,2025-06-30T21:22:49.666865494Z
01JZ1EWZK0PR314BH37V0SJ80P,01JZ1E916HBESJXS5SJ82BFZ21,2025-06-30T22:21:39.296443085Z,01JZ1E91MDHZVF6NVBEDDVGZWT,2025-06-30T22:21:39.296443085Z,01JZ1EARG6K6VN1DMMBQHNE2WC,2025-06-30T22:21:39.296443085Z,01JZ1EWVJYDP3B4WNCZ8BTA5T5,2025-06-30T22:21:39.296443085Z,01JZ1EWVRVW60NY5MJFC1C4S6T,2025-06-30T22:21:39.296443085Z
01JZ1CW7T3ACRZHFRZ6VE8E3VC,01JZ1C4XJFQQ45ZHGATAXVBX0J,2025-06-30T21:46:17.79520975Z,01JZ1C4XNE4VHGMR9JDZS6Y7F9,2025-06-30T21:46:17.79520975Z,01JZ1CF267R4DM5CMXPS4VKSEE,2025-06-30T21:46:17.79520975Z,01JZ1CM9PHKQR6ZRV6WZC89ZRV,2025-06-30T21:46:17.79520975Z,01JZ1CMA6DT0CMH53WQAF96N3Y,2025-06-30T21:46:17.79520975Z
01JZ17HXK9TAB98E1VDS4076B3,01JZ170DPRHYGRH6M74WMGZ8J5,2025-06-30T20:13:16.777365584Z,01JZ170DS434CCJM920VN081CV,2025-06-30T20:13:16.777365584Z,01JZ17BSJ6X9VEMM4EYWC90B29,2025-06-30T20:13:16.777365584Z,01JZ17HX0WDHJY255DWBEJWHE6,2025-06-30T20:13:16.777365584Z,01JZ17HX1MS15WGRQW72F0XWC5,2025-06-30T20:13:16.777365584Z
01JZ17TTM63F9TE1WKQEZPATW0,01JZ170DPRHYGRH6M74WMGZ8J5,2025-06-30T20:18:08.646778549Z,01JZ170DS9MMA8EZAVKYS5SMHX,2025-06-30T20:18:08.646778549Z,01JZ17S6ZC1ZB5QAG0E0350NSD,2025-06-30T20:18:08.646778549Z,01JZ17TR81NXXTTPKTD9H5FET9,2025-06-30T20:18:08.646778549Z,01JZ17TR8Z5CC3K19BE40RKY2A,2025-06-30T20:18:08.646778549Z
01JZ18R46WW2PVZVMESRR70KWW,01JZ18G4TN4FH7205KTQTFE7PM,2025-06-30T20:34:08.732071654Z,01JZ18G50PJASP911XB82AW46K,2025-06-30T20:34:08.732071654Z,01JZ18KAD3ET3YWT2B268D40PX,2025-06-30T20:34:08.732071654Z,01JZ18P6M9PWBBNS9EFA2527RR,2025-06-30T20:34:08.732071654Z,01JZ18P6W0A982H5CMGKWBXZEF,2025-06-30T20:34:08.732071654Z
01JZ18T23CY7RW7PA9HSKB4H96,01JZ18G4TN4FH7205KTQTFE7PM,2025-06-30T20:35:12.108708949Z,01JZ18G4X5EPR69QT64DVYQXFJ,2025-06-30T20:35:12.108708949Z,01JZ18HXXDMVGXCQ4P1CVWEG2V,2025-06-30T20:35:12.108708949Z,01JZ18PAPZYGZBF3DQ7XCBJ9MP,2025-06-30T20:35:12.108708949Z,01JZ18PATR3YHXG6RR97W9RCTF,2025-06-30T20:35:12.108708949Z
01JZ190WKF8FV02T7XVJFH4MYP,01JZ18G4TN4FH7205KTQTFE7PM,2025-06-30T20:38:55.855630544Z,01JZ18G4Z7SR18DC8PDBR22HS5,2025-06-30T20:38:55.855630544Z,01JZ18JCX14E3JYTT1AT1DNHJS,2025-06-30T20:38:55.855630544Z,01JZ18S8WHVH4M4KJ49MQHRMWQ,2025-06-30T20:38:55.855630544Z,01JZ18S936CMXW4V0EAQ0AP209,2025-06-30T20:38:55.855630544Z
01JZ1BBANXMAQTSJZHPAW2XV9T,01JZ1B1VZ9TM9N3252XVVAH9DZ,2025-06-30T21:19:35.101199258Z,01JZ1B1W5AJ9N87HJBZ99HRQPJ,2025-06-30T21:19:35.101199258Z,01JZ1B5GACPFWN4R0XMT462FAM,2025-06-30T21:19:35.101199258Z,01JZ1BB7E1TXBMBFXFHSFEWTHS,2025-06-30T21:19:35.101199258Z,01JZ1BB7M9THBTCK7T3S9CZWFG,2025-06-30T21:19:35.101199258Z
01JZ1BS2AN1EFEQX03C095Q88J,01JZ1B1VZ9TM9N3252XVVAH9DZ,2025-06-30T21:27:05.301807524Z,01JZ1B1W68Y1JCNSRHTZJR0WTB,2025-06-30T21:27:05.301807524Z,01JZ1B62EVJPYFB1CKMM3NTQNK,2025-06-30T21:27:05.301807524Z,01JZ1BH45TYYSNR9HRYXWTVB04,2025-06-30T21:27:05.301807524Z,01JZ1BH4RVE34PYY4WF2W33DR9,2025-06-30T21:27:05.301807524Z
01JZ17M7HYPC9T5YRGWBCG0VKN,01JZ170DPRHYGRH6M74WMGZ8J5,2025-06-30T20:14:32.511040867Z,01JZ170DRWH3Q5VEKFYTCWXCB9,2025-06-30T20:14:32.511040867Z,01JZ178J2BZ2NF5FVTXNH8JBMT,2025-06-30T20:14:32.511040867Z,01JZ17M636G6YCD0BAJGQEKJNP,2025-06-30T20:14:32.511040867Z,01JZ17M64R492KMA984HJQH40R,2025-06-30T20:14:32.511040867Z
01JZ18QY5XPM400Z4A0CTWT8NB,01JZ18G4TN4FH7205KTQTFE7PM,2025-06-30T20:34:02.5578564Z,01JZ18G4YK3PSP6R2PNWBA4P8S,2025-06-30T20:34:02.5578564Z,01JZ18HYEVQSC277Q1HCSHCSWE,2025-06-30T20:34:02.5578564Z,01JZ18QWBRR3KN0B62DES46FPE,2025-06-30T20:34:02.5578564Z,01JZ18QWCRY9JA2H8F09Y0GPWX,2025-06-30T20:34:02.5578564Z
01JZ18XN7YGJJ62B3HHRBBH5SB,01JZ18G4TN4FH7205KTQTFE7PM,2025-06-30T20:37:10.014146532Z,01JZ18G4XDWA3A08Y0HZ5HSAAF,2025-06-30T20:37:10.014146532Z,01JZ18N4BCMMEGJT5ZAJGY6HHX,2025-06-30T20:37:10.014146532Z,01JZ18R0Z5Z926ZA90YM7MYTK3,2025-06-30T20:37:10.014146532Z,01JZ18R140T00CBTTJPQH6HWCY,2025-06-30T20:37:10.014146532Z
01JZ18XNXEYJP4J0MF767Z394K,01JZ18G4TN4FH7205KTQTFE7PM,2025-06-30T20:37:10.703059748Z,01JZ18G50PJASP911XB82AW46K,2025-06-30T20:37:10.703059748Z,01JZ18JWY9W1XWEWVGSNZXRKZN,2025-06-30T20:37:10.703059748Z,01JZ18P6MTEX79E96T9HBXCMA3,2025-06-30T20:37:10.703059748Z,01JZ18P70T2Y3WKZ2T0YJT6WEW,2025-06-30T20:37:10.703059748Z
01JZ190DDBV04JVYGCETWHD85W,01JZ18G4TN4FH7205KTQTFE7PM,2025-06-30T20:38:40.2995679Z,01JZ18G4WPK6V9JKZAVKNYS3NB,2025-06-30T20:38:40.2995679Z,01JZ18K1EBQ2BSVM3H7XBRVG61,2025-06-30T20:38:40.2995679Z,01JZ18RRASEVE9RRSH50SEW5V6,2025-06-30T20:38:40.2995679Z,01JZ18RRGYP9TJ020R0N2G4J5J,2025-06-30T20:38:40.2995679Z
01JZ1BCGE41MJ3YXE0JV229VV7,01JZ1B1VZ9TM9N3252XVVAH9DZ,2025-06-30T21:20:13.765005789Z,01JZ1B1W6S117BH8HCA7NH9R7E,2025-06-30T21:20:13.765005789Z,01JZ1B51FGYNJ0T68GXM1MEH1R,2025-06-30T21:20:13.765005789Z,01JZ1BAHCPD0S01DARX26K93JP,2025-06-30T21:20:13.765005789Z,01JZ1BAHNHRP82EBP2C9D80PGX,2025-06-30T21:20:13.765005789Z
01JZ1GY6QABTJ8ZY7CG4M0VXG6,01JZ1G29Q82GQAKEXSK2E7NK3R,2025-06-30T22:57:16.522382531Z,01JZ1G2A58JMFV91VV93EGJJQY,2025-06-30T22:57:16.522382531Z,01JZ1G5G1FFKZK7WVQ264NYRHA,2025-06-30T22:57:16.522382531Z,01JZ1GW3DRA0H5QCSGM2BKZ7GX,2025-06-30T22:57:16.522382531Z,01JZ1GW40WADE9EGAKBT399YMZ,2025-06-30T22:57:16.522382531Z
01JZ1FB33TQYWNXC7MHRM8YKQH,01JZ1E916HBESJXS5SJ82BFZ21,2025-06-30T22:29:21.658563373Z,01JZ1E91ENR7DC2PFTK7ZY5PTJ,2025-06-30T22:29:21.658563373Z,01JZ1EBW22KQBY52ZW0XEVAEWD,2025-06-30T22:29:21.658563373Z,01JZ1F70RJ6JX7FR0QPB30BKG3,2025-06-30T22:29:21.658563373Z,01JZ1F710VPCAQRCAJ448C7HE9,2025-06-30T22:29:21.658563373Z
01JZ17M3HQ8PSG1KY1345D4VCP,01JZ170DPRHYGRH6M74WMGZ8J5,2025-06-30T20:14:28.407565125Z,01JZ170DSTXK5Z1DV671606E6A,2025-06-30T20:14:28.407565125Z,01JZ179522187EFD1N9MCMN3YS,2025-06-30T20:14:28.407565125Z,01JZ17J85FH6ZCHDJEZZH3F672,2025-06-30T20:14:28.407565125Z,01JZ17J86TXJX9E283DBPBWRXS,2025-06-30T20:14:28.407565125Z
01JZ18VE20B8ZSHXZD9C0ZVT02,01JZ18G4TN4FH7205KTQTFE7PM,2025-06-30T20:35:57.120959477Z,01JZ18G4ZDA13FR053ZT1R1FPF,2025-06-30T20:35:57.120959477Z,01JZ18JREDSF9T5ABKG1CCNPKZ,2025-06-30T20:35:57.120959477Z,01JZ18NR677M02YFM90F21XHAA,2025-06-30T20:35:57.120959477Z,01JZ18NR9YEB5WKYMRXDPEWXMJ,2025-06-30T20:35:57.120959477Z
01JZ18Y60KMT9539509MGSM512,01JZ18G4TN4FH7205KTQTFE7PM,2025-06-30T20:37:27.187893099Z,01JZ18G4Y1ABZPJ815NAWEN19T,2025-06-30T20:37:27.187893099Z,01JZ18HQKYW690RKTXSRY6QQQ2,2025-06-30T20:37:27.187893099Z,01JZ18PMFB1RM4KC0PGZ592WHC,2025-06-30T20:37:27.187893099Z,01JZ18PMMB3RYW5S37W68XT56Q,2025-06-30T20:37:27.187893099Z
01JZ1BJ4RNYEGMYYHMSA3852Z0,01JZ1B1VZ9TM9N3252XVVAH9DZ,2025-06-30T21:23:18.421989109Z,01JZ1B1W46BH5YH0XYSE8KJRBK,2025-06-30T21:23:18.421989109Z,01JZ1ANK2PZ7NTFNFMNB753RPA,2025-06-30T21:23:18.421989109Z,01JZ1BJ1B6MS3FTEDBXT15KPRA,2025-06-30T21:23:18.421989109Z,01JZ1BJ1GNZ6C7H5KPQ8D4B59H,2025-06-30T21:23:18.421989109Z
01JZ1BRQEDCD44D6TCS99Q5GE5,01JZ1B1VZ9TM9N3252XVVAH9DZ,2025-06-30T21:26:54.157838631Z,01JZ1B1W68Y1JCNSRHTZJR0WTB,2025-06-30T21:26:54.157838631Z,01JZ1B483R9XXNDJ9MZBRK2ZQ1,2025-06-30T21:26:54.157838631Z,01JZ1BH47FKGJXT98P27XT8FV5,2025-06-30T21:26:54.157838631Z,01JZ1BH4P7VCH2NQ347CBM37RP,2025-06-30T21:26:54.157838631Z
01JZ1GKG8ETN5PAFH0H8KZA3GC,01JZ1G29Q82GQAKEXSK2E7NK3R,2025-06-30T22:51:25.838264802Z,01JZ1G2A6YM039KVE3FBKDN5TM,2025-06-30T22:51:25.838264802Z,01JZ1G8WT4QHCTZSBPJCV6WM6W,2025-06-30T22:51:25.838264802Z,01JZ1GDRQETQFVFT79CV7FCC6X,2025-06-30T22:51:25.838264802Z,01JZ1GDSCB0SXCB3YX295GYDRP,2025-06-30T22:51:25.838264802Z
01JZ17NBWQAZXY58ZZSEEED95M,01JZ170DPRHYGRH6M74WMGZ8J5,2025-06-30T20:15:09.719793726Z,01JZ170DSWJ6311N72HPSQWG9K,2025-06-30T20:15:09.719793726Z,01JZ178W441J2YAZ2W6GRZFTRA,2025-06-30T20:15:09.719793726Z,01JZ17KG534VMGAN6DZ77QN8H5,2025-06-30T20:15:09.719793726Z,01JZ17KG7HDSSYDXJ52NAG0WHG,2025-06-30T20:15:09.719793726Z
01JZ17PQCZN3FA3RAWMTN8X03T,01JZ170DPRHYGRH6M74WMGZ8J5,2025-06-30T20:15:54.271889325Z,01JZ170DRV33K8D9D9ZMQKAW2D,2025-06-30T20:15:54.271889325Z,01JZ179XMYFK94EADRMMB2K8HQ,2025-06-30T20:15:54.271889325Z,01JZ17PPH32HXCV9GY0H5Z2WSH,2025-06-30T20:15:54.271889325Z,01JZ17PPJHRZMCCXX8F735F6CB,2025-06-30T20:15:54.271889325Z
01JZ18TCXM1XSDR3B6AX3TY9RQ,01JZ18G4TN4FH7205KTQTFE7PM,2025-06-30T20:35:23.188837444Z,01JZ18G4ZZG5A688HVVJGKBFVW,2025-06-30T20:35:23.188837444Z,01JZ18HSGA4VKS1NR0MAVDXW88,2025-06-30T20:35:23.188837444Z,01JZ18RFQ4W09NKQ14XZ3KQN1E,2025-06-30T20:35:23.188837444Z,01JZ18RFV7A7RYC83ZMNNW89A7,2025-06-30T20:35:23.188837444Z
01JZ198H33BVTMGW6YC0XCSF04,01JZ18QHX9XGN83K6T42FK97D5,2025-06-30T20:43:06.212072448Z,01JZ18QHZ9KPT0XZ66BZ9ZB89K,2025-06-30T20:43:06.212072448Z,01JZ18VC89HN16T8VX0M60S31S,2025-06-30T20:43:06.212072448Z,01JZ190NJS7Q18J6QY8RM98TK7,2025-06-30T20:43:06.212072448Z,01JZ190P70JAMFKP7303665PCX,2025-06-30T20:43:06.212072448Z
01JZ1BN08VZJ8F9GH7FQYVDY5R,01JZ1B1VZ9TM9N3252XVVAH9DZ,2025-06-30T21:24:52.123807089Z,01JZ1B1W68Y1JCNSRHTZJR0WTB,2025-06-30T21:24:52.123807089Z,01JZ1B7EJ94Z1F34T98KN1PN13,2025-06-30T21:24:52.123807089Z,01JZ1BH44X88X65JM8T5DXFWMN,2025-06-30T21:24:52.123807089Z,01JZ1BH4JHZV8JT24JS97DA9P7,2025-06-30T21:24:52.123807089Z
01JZ1CA331V2072EM10P9V439T,01JZ1BX7WQMA45G0E33EEHJ3V9,2025-06-30T21:36:23.137215925Z,01JZ1BX849RGFMRNF1WR9VXVPD,2025-06-30T21:36:23.137215925Z,01JZ1C4P0YN4P4R63ZN9FPE2D4,2025-06-30T21:36:23.137215925Z,01JZ1C84QRBSNC4RE2W7FPW8JB,2025-06-30T21:36:23.137215925Z,01JZ1C84YBG3A0JDE2WSCX5ZRJ,2025-06-30T21:36:23.137215925Z
01JZ1DMGSRT92TDD7YCFBNBWHF,01JZ1D0RX94M7HHBAJDNGV8QRS,2025-06-30T21:59:33.432680684Z,01JZ1D0S14X3T6948SDJVF454K,2025-06-30T21:59:33.432680684Z,01JZ1D4M3DA9VHJGDM7TJDNSPA,2025-06-30T21:59:33.432680684Z,01JZ1DCMQRKF9BTHQ47K9AA4DG,2025-06-30T21:59:33.432680684Z,01JZ1DCN7WSMJQVQXRJ6NM59MW,2025-06-30T21:59:33.432680684Z
01JZ17STHVVPSFMQQ3D24CPACW,01JZ170DPRHYGRH6M74WMGZ8J5,2025-06-30T20:17:35.803764921Z,01JZ170DSR5F2SARFX61BD5BFD,2025-06-30T20:17:35.803764921Z,01JZ17D6932YKNNSWD1JMYAKKF,2025-06-30T20:17:35.803764921Z,01JZ17M8SSZ2QHECS5BA0DPMCQ,2025-06-30T20:17:35.803764921Z,01JZ17M8XAP84NT81MJXA59Y57,2025-06-30T20:17:35.803764921Z
01JZ18SJWA8YJX6SAQJW4RP157,01JZ18G4TN4FH7205KTQTFE7PM,2025-06-30T20:34:56.522499349Z,01JZ18G4ZPD0G0WRB3ZSNJ4KSW,2025-06-30T20:34:56.522499349Z,01JZ18KCY0QBBH8XGZWTQZ78V6,2025-06-30T20:34:56.522499349Z,01JZ18QMDSQREXVSZ9J332HVG7,2025-06-30T20:34:56.522499349Z,01JZ18QMMADJ900T0SE738Z66N,2025-06-30T20:34:56.522499349Z
01JZ1A8W76KDZKWDG2A15484V4,01JZ19VEXCKVX740B60X4W6PQN,2025-06-30T21:00:46.182453388Z,01JZ19VF9WCS5BMDRCPXZK6ZBF,2025-06-30T21:00:46.182453388Z,01JZ19XSD6SYGG49Q271DJ23J5,2025-06-30T21:00:46.182453388Z,01JZ1A8RR2GDW6GS56QAP6TW67,2025-06-30T21:00:46.182453388Z,01JZ1A8RV787P63EBKYZCXAXA1,2025-06-30T21:00:46.182453388Z
01JZ1FC6HSMR9Z4GT3TCKEZATG,01JZ1E916HBESJXS5SJ82BFZ21,2025-06-30T22:29:57.945539345Z,01JZ1E91SWVSXS6FK33QCMH9SP,2025-06-30T22:29:57.945539345Z,01JZ1F2TBXEZEKPK7X854K54D8,2025-06-30T22:29:57.945539345Z,01JZ1F45GMFQYW3BNGKJHGM9H3,2025-06-30T22:29:57.945539345Z,01JZ1F465Z0PHSR3Y6FCBXESPY,2025-06-30T22:29:57.945539345Z
01JZ17HP7ZS67SSMBKP7177VHE,01JZ170DPRHYGRH6M74WMGZ8J5,2025-06-30T20:13:09.247432879Z,01JZ170DS8YWG03GZVY59N3JD0,2025-06-30T20:13:09.247432879Z,01JZ17CW18JBK0SW96CVGPG5D0,2025-06-30T20:13:09.247432879Z,01JZ17HNMC395BYG9QN2MAW1BJ,2025-06-30T20:13:09.247432879Z,01JZ17HNNBDSKJPBCEMDRJ55ZA,2025-06-30T20:13:09.247432879Z
01JZ182V6AVTKQJDT5QYX8T2J2,01JZ170DPRHYGRH6M74WMGZ8J5,2025-06-30T20:22:31.370401759Z,01JZ170DS9MMA8EZAVKYS5SMHX,2025-06-30T20:22:31.370401759Z,01JZ17CPP7Y270N83EX04850B6,2025-06-30T20:22:31.370401759Z,01JZ17TR5GZK4V8170DT4PDB53,2025-06-30T20:22:31.370401759Z,01JZ17TRKB9W2JTNHV11DWWP75,2025-06-30T20:22:31.370401759Z
01JZ18R45TJDRRY2ZJJVRBNBNT,01JZ18G4TN4FH7205KTQTFE7PM,2025-06-30T20:34:08.698758925Z,01JZ18G50PJASP911XB82AW46K,2025-06-30T20:34:08.698758925Z,01JZ18M00QARBD4YKJZDM6JQBC,2025-06-30T20:34:08.698758925Z,01JZ18P6M9PWBBNS9EFA2527RR,2025-06-30T20:34:08.698758925Z,01JZ18P6W0A982H5CMGKWBXZEF,2025-06-30T20:34:08.698758925Z
01JZ18XNZ87N4W2ZTW7BD5S9FN,01JZ18G4TN4FH7205KTQTFE7PM,2025-06-30T20:37:10.760421789Z,01JZ18G50PJASP911XB82AW46K,2025-06-30T20:37:10.760421789Z,01JZ18KCZAP8MJWF3YFSDPP92T,2025-06-30T20:37:10.760421789Z,01JZ18P6MTEX79E96T9HBXCMA3,2025-06-30T20:37:10.760421789Z,01JZ18P70T2Y3WKZ2T0YJT6WEW,2025-06-30T20:37:10.760421789Z
01JZ1BQXKEAF90B9QE799T4RAG,01JZ1B1VZ9TM9N3252XVVAH9DZ,2025-06-30T21:26:27.694961367Z,01JZ1B1W4RP0VXDDKCJTNKM3AX,2025-06-30T21:26:27.694961367Z,01JZ1B44NJ2M66S6K1HNVCZ08H,2025-06-30T21:26:27.694961367Z,01JZ1BNY8P6J7MV2A9X36WMPD0,2025-06-30T21:26:27.694961367Z,01JZ1BNYHGBQVASEB95WWGGHDA,2025-06-30T21:26:27.694961367Z
01JZ17RE6W4MVMD0A969E5PY36,01JZ170DPRHYGRH6M74WMGZ8J5,2025-06-30T20:16:50.396929093Z,01JZ170DRXVGFVP20P8DK3M491,2025-06-30T20:16:50.396929093Z,01JZ17B2PHRTHG9KZ1P8A1158Q,2025-06-30T20:16:50.396929093Z,01JZ17H2JN1M16ZRE7JGQBPN5M,2025-06-30T20:16:50.396929093Z,01JZ17H2MJSMV449WQAFM73C1S,2025-06-30T20:16:50.396929093Z
01JZ17XWRXG3E4GKMAR191JB7A,01JZ170DPRHYGRH6M74WMGZ8J5,2025-06-30T20:19:49.149444277Z,01JZ170DRQN15452AYS561M232,2025-06-30T20:19:49.149444277Z,01JZ1772PK70ARCRD25BW9JS91,2025-06-30T20:19:49.149444277Z,01JZ17RBCT038Y8QAFS6F67QDM,2025-06-30T20:19:49.149444277Z,01JZ17RBGPE2RQ9J5YW800P61S,2025-06-30T20:19:49.149444277Z
01JZ1BM04YPVMD0K3HWW7GWBEN,01JZ1B1VZ9TM9N3252XVVAH9DZ,2025-06-30T21:24:19.230942121Z,01JZ1B1W46BH5YH0XYSE8KJRBK,2025-06-30T21:24:19.230942121Z,01JZ1B88RR65Q9PG31DJTYC075,2025-06-30T21:24:19.230942121Z,01JZ1BJ1ABMADNQ2K1TJQ9ED7W,2025-06-30T21:24:19.230942121Z,01JZ1BJ1KA0R53MJZQYVW64Y0X,2025-06-30T21:24:19.230942121Z
01JZ1GPC43Y6NAN7TRY6AGW1JA,01JZ1G29Q82GQAKEXSK2E7NK3R,2025-06-30T22:52:59.907111436Z,01JZ1G2ACHC2PPHGNQVYG69GCY,2025-06-30T22:52:59.907111436Z,01JZ1GHHR8Y5813M82KVZRR659,2025-06-30T22:52:59.907111436Z,01JZ1GJG6VNG9PMWWVXAT59KAK,2025-06-30T22:52:59.907111436Z,01JZ1GJGPE87X0W07V3JKCP0H4,2025-06-30T22:52:59.907111436Z
01JZ17YQQVJCTD85J5NTHWVW6G,01JZ170DPRHYGRH6M74WMGZ8J5,2025-06-30T20:20:16.76341063Z,01JZ170DRV33K8D9D9ZMQKAW2D,2025-06-30T20:20:16.76341063Z,01JZ17PJ3VDZQD3TEH95CF73QJ,2025-06-30T20:20:16.76341063Z,01JZ17PPHN9RJYD8FZ3BDFYGXP,2025-06-30T20:20:16.76341063Z,01JZ17PPNWAQQ4EQFRJXVTMCA6,2025-06-30T20:20:16.76341063Z
01JZ1923TD7DQMCMENK7MV3KCB,01JZ18G4TN4FH7205KTQTFE7PM,2025-06-30T20:39:36.013377777Z,01JZ18G508W9SSEDAT6B79GZND,2025-06-30T20:39:36.013377777Z,01JZ18M2SFWFRTRVV46KHVE0JB,2025-06-30T20:39:36.013377777Z,01JZ18STDNJEZSFCWMMDNZVD2H,2025-06-30T20:39:36.013377777Z,01JZ18SV7J133908AJQ39H2H6W,2025-06-30T20:39:36.013377777Z
01JZ1CBY5R20FC3DYXPWGEPQDY,01JZ1BX7WQMA45G0E33EEHJ3V9,2025-06-30T21:37:23.640899921Z,01JZ1BX849RGFMRNF1WR9VXVPD,2025-06-30T21:37:23.640899921Z,01JZ1C42HDFGHZFCN4YDW8V435,2025-06-30T21:37:23.640899921Z,01JZ1C84QRBSNC4RE2W7FPW8JB,2025-06-30T21:37:23.640899921Z,01JZ1C84Z78SK7MGDX7WCMQCBD,2025-06-30T21:37:23.640899921Z
01JZ1DFA1J2861HCS908KTFWHF,01JZ1D0RX94M7HHBAJDNGV8QRS,2025-06-30T21:56:42.674838907Z,01JZ1D0S2S8SEBXETFQJSTGM5V,2025-06-30T21:56:42.674838907Z,01JZ1D5N9EKRCKNEX5N0FCN65V,2025-06-30T21:56:42.674838907Z,01JZ1D77ZGJGAA1PN0Y98H9Q1P,2025-06-30T21:56:42.674838907Z,01JZ1D79012KXWK2MJ34BE990V,2025-06-30T21:56:42.674838907Z
01JZ1GVMTWFP7M9TR4Y6D0EWVH,01JZ1G29Q82GQAKEXSK2E7NK3R,2025-06-30T22:55:52.668097001Z,01JZ1G2A9825Q9R0AFVXQNTR63,2025-06-30T22:55:52.668097001Z,01JZ1G559C6P7CY3FSGY2MAEHK,2025-06-30T22:55:52.668097001Z,01JZ1GKM8S9MZ9Y3HXTH4K06P3,2025-06-30T22:55:52.668097001Z,01JZ1GKMPHJ66XSJ9RFTW6AVXV,2025-06-30T22:55:52.668097001Z
01JZ18X1C68MEJDFWQFA3J9D4K,01JZ18G4TN4FH7205KTQTFE7PM,2025-06-30T20:36:49.670214595Z,01JZ18G4Z7SR18DC8PDBR22HS5,2025-06-30T20:36:49.670214595Z,01JZ18HPXJ4G52DBV1JHKTXZPH,2025-06-30T20:36:49.670214595Z,01JZ18S8W382ZTX14ED28QZWFS,2025-06-30T20:36:49.670214595Z,01JZ18S90TARGHQXS9MX81EXBS,2025-06-30T20:36:49.670214595Z
01JZ1BAN3PBN59G59AVF8DDM66,01JZ1B1VZ9TM9N3252XVVAH9DZ,2025-06-30T21:19:13.014654514Z,01JZ1B1W6S117BH8HCA7NH9R7E,2025-06-30T21:19:13.014654514Z,01JZ1B51FGYNJ0T68GXM1MEH1R,2025-06-30T21:19:13.014654514Z,01JZ1BAHADH4W4M1AJ6DNKBPWK,2025-06-30T21:19:13.014654514Z,01JZ1BAHHFGV7D8DX0F23S9G4D,2025-06-30T21:19:13.014654514Z
01JZ1BGYSDVH1XC71S9HK7RPZ7,01JZ1B1VZ9TM9N3252XVVAH9DZ,2025-06-30T21:22:39.533542624Z,01JZ1B1W5AJ9N87HJBZ99HRQPJ,2025-06-30T21:22:39.533542624Z,01JZ1B5GACPFWN4R0XMT462FAM,2025-06-30T21:22:39.533542624Z,01JZ1BB7ETZS9BEX799QEABQ0R,2025-06-30T21:22:39.533542624Z,01JZ1BB7S0WNXZQFD1C73769V3,2025-06-30T21:22:39.533542624Z
01JZ1BJV8JTPX1TEP0BFQJJ6N2,01JZ1B1VZ9TM9N3252XVVAH9DZ,2025-06-30T21:23:41.45880003Z,01JZ1B1W6S117BH8HCA7NH9R7E,2025-06-30T21:23:41.45880003Z,01JZ1B4JZ145G1JXSZ180MKZQ7,2025-06-30T21:23:41.45880003Z,01JZ1BAHG6QWWGBEPT681DK5Y7,2025-06-30T21:23:41.45880003Z,01JZ1BAJ3J3FZ3GMGRGR49591P,2025-06-30T21:23:41.45880003Z
01JZ1DKK05C1CHFDD3PPVEYV3B,01JZ1D0RX94M7HHBAJDNGV8QRS,2025-06-30T21:59:02.91723157Z,01JZ1D0S61XK8FZCNQBM2ZAEE6,2025-06-30T21:59:02.91723157Z,01JZ1DEPX3PNQ2MN8YPK5QHYXE,2025-06-30T21:59:02.91723157Z,01JZ1DHG42SDRFG0AMYRAAVFFX,2025-06-30T21:59:02.91723157Z,01JZ1DHGRZHS3WZPMZ80SAV6MK,2025-06-30T21:59:02.91723157Z
01JZ1DMGTZ4RSAP3RYRWD14R8M,01JZ1D0RX94M7HHBAJDNGV8QRS,2025-06-30T21:59:33.47147195Z,01JZ1D0S14X3T6948SDJVF454K,2025-06-30T21:59:33.47147195Z,01JZ1D8RW634M5KPJ3DDHQYDRD,2025-06-30T21:59:33.47147195Z,01JZ1DCMQRKF9BTHQ47K9AA4DG,2025-06-30T21:59:33.47147195Z,01JZ1DCN7WSMJQVQXRJ6NM59MW,2025-06-30T21:59:33.47147195Z
01JZ1GVV4XY4VTSBA4YGN6FN4B,01JZ1G29Q82GQAKEXSK2E7NK3R,2025-06-30T22:55:59.134013255Z,01JZ1G29XRNS92G9JYEX4H033M,2025-06-30T22:55:59.134013255Z,01JZ1G6RSPQGYECJMX7N6G6VY8,2025-06-30T22:55:59.134013255Z,01JZ1GM6AT2QQ1RJ17GCG8VHAV,2025-06-30T22:55:59.134013255Z,01JZ1GM6ZN33PGN2TZ8H7EGZWC,2025-06-30T22:55:59.134013255Z
01JZ17PKAJKAY2G6519FAZMW4Q,01JZ170DPRHYGRH6M74WMGZ8J5,2025-06-30T20:15:50.098536348Z,01JZ170DRXVGFVP20P8DK3M491,2025-06-30T20:15:50.098536348Z,01JZ17B2PHRTHG9KZ1P8A1158Q,2025-06-30T20:15:50.098536348Z,01JZ17H2JKQXYPBGV7RRHN6ECY,2025-06-30T20:15:50.098536348Z,01JZ17H2M11R5J615VWXS7CA9S,2025-06-30T20:15:50.098536348Z
01JZ17W7GD43VYRFB0Y1RRNW18,01JZ170DPRHYGRH6M74WMGZ8J5,2025-06-30T20:18:54.60598767Z,01JZ170DRWH3Q5VEKFYTCWXCB9,2025-06-30T20:18:54.60598767Z,01JZ179X6Q4FCZN7X4TNMWRQ73,2025-06-30T20:18:54.60598767Z,01JZ17M62ZA7FM5T6J9Q36KCK0,2025-06-30T20:18:54.60598767Z,01JZ17M69J8QH8JA1SA520E31R,2025-06-30T20:18:54.60598767Z
01JZ1919A8JEB647MKAS2XDVY1,01JZ18G4TN4FH7205KTQTFE7PM,2025-06-30T20:39:08.872696207Z,01JZ18G4WPK6V9JKZAVKNYS3NB,2025-06-30T20:39:08.872696207Z,01JZ18M2HA1EB5SFB14JH49GDB,2025-06-30T20:39:08.872696207Z,01JZ18RR9VM7GJWMP15BXNKK3H,2025-06-30T20:39:08.872696207Z,01JZ18RRKZFVZS57TSPFRFWCEZ,2025-06-30T20:39:08.872696207Z
01JZ1BM025NX2CH3GSXNR98Y9H,01JZ1B1VZ9TM9N3252XVVAH9DZ,2025-06-30T21:24:19.141190068Z,01JZ1B1W46BH5YH0XYSE8KJRBK,2025-06-30T21:24:19.141190068Z,01JZ1ANK2PZ7NTFNFMNB753RPA,2025-06-30T21:24:19.141190068Z,01JZ1BJ1ABMADNQ2K1TJQ9ED7W,2025-06-30T21:24:19.141190068Z,01JZ1BJ1KA0R53MJZQYVW64Y0X,2025-06-30T21:24:19.141190068Z
01JZ1F4XZ33P2G52BAA8NE4X0P,01JZ1E916HBESJXS5SJ82BFZ21,2025-06-30T22:25:59.780047375Z,01JZ1E91Z6K0ZJGCC53Q4JQWJP,2025-06-30T22:25:59.780047375Z,01JZ1EMNNJSEW14RVAN4FX9H51,2025-06-30T22:25:59.780047375Z,01JZ1EXBXVJZ8CRFDNRZ1P5KCM,2025-06-30T22:25:59.780047375Z,01JZ1EXCD2Z57YWQBP09E89JT6,2025-06-30T22:25:59.780047375Z
01JZ19A6B4QR81C2F3JX1RPQCT,01JZ18R9CHSHJ2BAJZ4M4PAW2X,2025-06-30T20:44:00.740393698Z,01JZ18RA48YSHMY5EWBJ9E61V2,2025-06-30T20:44:00.740393698Z,01JZ18XZQ962C1YBGG8JES411T,2025-06-30T20:44:00.740393698Z,01JZ192CP8ATXS4WPZV83STEM3,2025-06-30T20:44:00.740393698Z,01JZ192D9MC3GFNF899ECNXGM8,2025-06-30T20:44:00.740393698Z
01JZ1AAFB20DSA1ESX1RYM7VG6,01JZ19VEXCKVX740B60X4W6PQN,2025-06-30T21:01:38.530265489Z,01JZ19VF81DTYMGWYB0TAJKDWY,2025-06-30T21:01:38.530265489Z,01JZ1A30PSDQTAMK68V3KKNNKC,2025-06-30T21:01:38.530265489Z,01JZ1AABJ0BY70FX8865HSNR55,2025-06-30T21:01:38.530265489Z,01JZ1AABW8MTCD6QEB2EN9GF98,2025-06-30T21:01:38.530265489Z
01JZ1AJZTN9Y4YRF48EMV3JJ03,01JZ19VEXCKVX740B60X4W6PQN,2025-06-30T21:06:17.557422404Z,01JZ19VF5YA4VZJRJDVJVY1XBY,2025-06-30T21:06:17.557422404Z,01JZ1A13JPV17BYBZFE5Z1TESS,2025-06-30T21:06:17.557422404Z,01JZ1AAQZXK1M56S8S8ENY419V,2025-06-30T21:06:17.557422404Z,01JZ1AARD88DNEW14DF6ANYY86,2025-06-30T21:06:17.557422404Z
01JZ1GJ485NBH1VY5NX5VQW22C,01JZ1G29Q82GQAKEXSK2E7NK3R,2025-06-30T22:50:40.773778586Z,01JZ1G2A24PAZYJHH2EQFGJG7N,2025-06-30T22:50:40.773778586Z,01JZ1G7JX1NV5X3X0139HRSB32,2025-06-30T22:50:40.773778586Z,01JZ1GG43VKPZ1V5ZJWSGJMS64,2025-06-30T22:50:40.773778586Z,01JZ1GG4FH14QQGZMYFWQQ5S0J,2025-06-30T22:50:40.773778586Z
01JZ1GYT5GXAMY6BHTCKJTXEWB,01JZ1G29Q82GQAKEXSK2E7NK3R,2025-06-30T22:57:36.432658437Z,01JZ1G2AATTMJJ07WA2JZ9MF1K,2025-06-30T22:57:36.432658437Z,01JZ1GPSZ98FX0GSJ1PJWWQANW,2025-06-30T22:57:36.432658437Z,01JZ1GWNC8K4Z8FGCARK2K5BBW,2025-06-30T22:57:36.432658437Z,01JZ1GWP1M7PATMYHCDB5M9RP7,2025-06-30T22:57:36.432658437Z
01JZ17QJTQXG2MT11MFFPE0DHC,01JZ170DPRHYGRH6M74WMGZ8J5,2025-06-30T20:16:22.359145154Z,01JZ170DRSFZ9Y16965WN1Z2F9,2025-06-30T20:16:22.359145154Z,01JZ17C7XWANHTDKEBR013EKFH,2025-06-30T20:16:22.359145154Z,01JZ17G70TM6EWY78GFBKAH2E9,2025-06-30T20:16:22.359145154Z,01JZ17G72TBMVDY3HE0ARP6X8X,2025-06-30T20:16:22.359145154Z
01JZ17W9S6A8NZT91KHKF5YTVJ,01JZ170DPRHYGRH6M74WMGZ8J5,2025-06-30T20:18:56.93423798Z,01JZ170DSR5F2SARFX61BD5BFD,2025-06-30T20:18:56.93423798Z,01JZ17DTG6GCYHCZ1XV1B4YQSG,2025-06-30T20:18:56.93423798Z,01JZ17M8TBTH3TC0NGPGNB96E6,2025-06-30T20:18:56.93423798Z,01JZ17M91E1G67WCVN444911VH,2025-06-30T20:18:56.93423798Z
01JZ17XF1YFH4XZXQ183M9NA6Y,01JZ170DPRHYGRH6M74WMGZ8J5,2025-06-30T20:19:35.10208943Z,01JZ170DSXXMDA003X79NFA4N0,2025-06-30T20:19:35.10208943Z,01JZ17A9YQ3219RYQEV7GA1K4B,2025-06-30T20:19:35.10208943Z,01JZ17NRSB5GP7EXVFTFEFCERK,2025-06-30T20:19:35.10208943Z,01JZ17NRX34RKK7D41WKA3DMKS,2025-06-30T20:19:35.10208943Z
01JZ18XN8KF13PWJ1KWPMEKC5K,01JZ18G4TN4FH7205KTQTFE7PM,2025-06-30T20:37:10.035915078Z,01JZ18G4XDWA3A08Y0HZ5HSAAF,2025-06-30T20:37:10.035915078Z,01JZ18KBAJ0PGQTXZHZSD7KQ4A,2025-06-30T20:37:10.035915078Z,01JZ18R0Z5Z926ZA90YM7MYTK3,2025-06-30T20:37:10.035915078Z,01JZ18R140T00CBTTJPQH6HWCY,2025-06-30T20:37:10.035915078Z
01JZ1AAQDZV0XGB3ZFV5P08Z58,01JZ19VEXCKVX740B60X4W6PQN,2025-06-30T21:01:46.815182108Z,01JZ19VF9WCS5BMDRCPXZK6ZBF,2025-06-30T21:01:46.815182108Z,01JZ18QF2693Q9TCBGRNNEEKBJ,2025-06-30T21:01:46.815182108Z,01JZ1A8RTBQBGQ6B3M8DMQ82K3,2025-06-30T21:01:46.815182108Z,01JZ1A8RXR5WSKMBYTYNZKW9M2,2025-06-30T21:01:46.815182108Z
01JZ1ARNPVKSXFW21NGA5KVN1X,01JZ19VEXCKVX740B60X4W6PQN,2025-06-30T21:09:23.803144578Z,01JZ19VF3FCDRKA7RA8CE3SQDH,2025-06-30T21:09:23.803144578Z,01JZ1AJWEBWSA9H9YV5TJD6D6N,2025-06-30T21:09:23.803144578Z,01JZ1AK0GTG09NRGMQGAZDENCH,2025-06-30T21:09:23.803144578Z,01JZ1AK0R183QNPQ4JFBMA6XJA,2025-06-30T21:09:23.803144578Z
01JZ1F15YDQDWBBG0KR9X3E73P,01JZ1E916HBESJXS5SJ82BFZ21,2025-06-30T22:23:56.877837249Z,01JZ1E91HHYKGR583PHV4V6JXR,2025-06-30T22:23:56.877837249Z,01JZ1EK77BRBNM03T0A9A1Z152,2025-06-30T22:23:56.877837249Z,01JZ1ERVCEPEY697Y3TMZ7E1DG,2025-06-30T22:23:56.877837249Z,01JZ1ERVXPPDZ3DRM4TE2K1NBF,2025-06-30T22:23:56.877837249Z
01JZ17TTN7T04Q9QT4XZRT58C4,01JZ170DPRHYGRH6M74WMGZ8J5,2025-06-30T20:18:08.679974147Z,01JZ170DS9MMA8EZAVKYS5SMHX,2025-06-30T20:18:08.679974147Z,01JZ17HFJ1YVGFVR94GB9T8A4P,2025-06-30T20:18:08.679974147Z,01JZ17TR81NXXTTPKTD9H5FET9,2025-06-30T20:18:08.679974147Z,01JZ17TR8Z5CC3K19BE40RKY2A,2025-06-30T20:18:08.679974147Z
01JZ17VV4SV7S8QCRTJR8G22R8,01JZ170DPRHYGRH6M74WMGZ8J5,2025-06-30T20:18:41.945265829Z,01JZ170DS434CCJM920K0JDY80,2025-06-30T20:18:41.945265829Z,01JZ17ED81WEQ81KNKMV8HM1Z1,2025-06-30T20:18:41.945265829Z,01JZ17MERZP6TAGVPVPPE2FHS9,2025-06-30T20:18:41.945265829Z,01JZ17MEX4K8Z19WHNAVHX7GQJ,2025-06-30T20:18:41.945265829Z
01JZ18PNTRK3RB6C2RWRC4G3AV,01JZ18G4TN4FH7205KTQTFE7PM,2025-06-30T20:33:21.240826395Z,01JZ18G4Y1ABZPJ815NAWEN19T,2025-06-30T20:33:21.240826395Z,01JZ18HQKYW690RKTXSRY6QQQ2,2025-06-30T20:33:21.240826395Z,01JZ18PME7D8TXGQRQ2CGSH14P,2025-06-30T20:33:21.240826395Z,01JZ18PMH0R8Q1MAXWAZFJQ0BE,2025-06-30T20:33:21.240826395Z
01JZ190G1KDY6Z76NKQFMAGTX7,01JZ18G4TN4FH7205KTQTFE7PM,2025-06-30T20:38:42.995393151Z,01JZ18G512YK4K14AJW1A4KQT5,2025-06-30T20:38:42.995393151Z,01JZ18M3Q90QHFJ7P7ZKCP4M1K,2025-06-30T20:38:42.995393151Z,01JZ18R8BQNV553N89B15CK6DT,2025-06-30T20:38:42.995393151Z,01JZ18R8M6VSYFBGVFKVEZQ0W0,2025-06-30T20:38:42.995393151Z
01JZ1DME7JJXCWQ8324WB3489X,01JZ1D0RX94M7HHBAJDNGV8QRS,2025-06-30T21:59:30.802125222Z,01JZ1D0S3N2D9DCG3EHS8AP4R1,2025-06-30T21:59:30.802125222Z,01JZ1DEB7GHZ5ZQY0VZXEDKFR1,2025-06-30T21:59:30.802125222Z,01JZ1DJBF7R7NJ28KS5SRS1EHV,2025-06-30T21:59:30.802125222Z,01JZ1DJBSFF6V6A6GD53WXGXCR,2025-06-30T21:59:30.802125222Z
01JZ1EXG63PMVHEXF06H3KP506,01JZ1E916HBESJXS5SJ82BFZ21,2025-06-30T22:21:56.291619672Z,01JZ1E91Z6K0ZJGCC53Q4JQWJP,2025-06-30T22:21:56.291619672Z,01JZ1ET7E30G59HX0XYHAKGDD0,2025-06-30T22:21:56.291619672Z,01JZ1EXBTQJWJW772Y9M5KFFJG,2025-06-30T22:21:56.291619672Z,01JZ1EXC3YN9DM2A0XMPN6XZ4G,2025-06-30T22:21:56.291619672Z
01JZ17YQRG7XCK8HMWTTQSY21Z,01JZ170DPRHYGRH6M74WMGZ8J5,2025-06-30T20:20:16.784413057Z,01JZ170DRV33K8D9D9ZMQKAW2D,2025-06-30T20:20:16.784413057Z,01JZ179XMYFK94EADRMMB2K8HQ,2025-06-30T20:20:16.784413057Z,01JZ17PPHN9RJYD8FZ3BDFYGXP,2025-06-30T20:20:16.784413057Z,01JZ17PPNWAQQ4EQFRJXVTMCA6,2025-06-30T20:20:16.784413057Z
01JZ18RYDZB9P3E69MTW8KJDE9,01JZ18G4TN4FH7205KTQTFE7PM,2025-06-30T20:34:35.583886474Z,01JZ18G4YA2XRQ9RK4RH5WQB1P,2025-06-30T20:34:35.583886474Z,01JZ18NCTENJS4RVDRQ8JG1EGE,2025-06-30T20:34:35.583886474Z,01JZ18Q1RFWF1SPY79863HPKYC,2025-06-30T20:34:35.583886474Z,01JZ18Q1W9BTR5PH42HW5VBB8R,2025-06-30T20:34:35.583886474Z
01JZ190G0YMJ2RFRD3K2NNCYJY,01JZ18G4TN4FH7205KTQTFE7PM,2025-06-30T20:38:42.974479034Z,01JZ18G512YK4K14AJW1A4KQT5,2025-06-30T20:38:42.974479034Z,01JZ18JYCDAD1FWP17TG353JM2,2025-06-30T20:38:42.974479034Z,01JZ18R8BQNV553N89B15CK6DT,2025-06-30T20:38:42.974479034Z,01JZ18R8M6VSYFBGVFKVEZQ0W0,2025-06-30T20:38:42.974479034Z
01JZ1AX0876QAHQM0VZ2Y0CRZE,01JZ19VEXCKVX740B60X4W6PQN,2025-06-30T21:11:45.671849749Z,01JZ19VF4XXDC5SP97SM18G8VM,2025-06-30T21:11:45.671849749Z,01JZ1ANDKY8QTNAK6C66WRTD5R,2025-06-30T21:11:45.671849749Z,01JZ1AQBFWFCVDGCRFV7SS6AMN,2025-06-30T21:11:45.671849749Z,01JZ1AQBWRPQQ4C6QQT1SNQMEJ,2025-06-30T21:11:45.671849749Z
01JZ1F4K71Y9FJS7AYWMF86X27,01JZ1E916HBESJXS5SJ82BFZ21,2025-06-30T22:25:48.769480234Z,01JZ1E91Q18GQE49C0XSDVMF75,2025-06-30T22:25:48.769480234Z,01JZ1EKW5BGVN2WN0MZV6XE5EZ,2025-06-30T22:25:48.769480234Z,01JZ1F2JC80W096GAN654HJE4R,2025-06-30T22:25:48.769480234Z,01JZ1F2JNDSSY9K39TWADF2A6N,2025-06-30T22:25:48.769480234Z
01JZ17W82H3CKY0M0SJ3D53GE7,01JZ170DPRHYGRH6M74WMGZ8J5,2025-06-30T20:18:55.185528201Z,01JZ170DRV33K8D9D9ZMQKAW2D,2025-06-30T20:18:55.185528201Z,01JZ179XMYFK94EADRMMB2K8HQ,2025-06-30T20:18:55.185528201Z,01JZ17PPGX7JSSK85PVP6H7NR4,2025-06-30T20:18:55.185528201Z,01JZ17PPKVJSY2KQZ4NEMQSJWF,2025-06-30T20:18:55.185528201Z
01JZ18YVBCER7QV841CMDZV7MS,01JZ18G4TN4FH7205KTQTFE7PM,2025-06-30T20:37:49.036453827Z,01JZ18G4Y1ABZPJ815NAWEN19T,2025-06-30T20:37:49.036453827Z,01JZ18HGDSE2JWMVWW1YEZN8Q5,2025-06-30T20:37:49.036453827Z,01JZ18PMFWXRBMGQD7EAMQ4QF6,2025-06-30T20:37:49.036453827Z,01JZ18PMPWTZNVAVCSNQQEA05F,2025-06-30T20:37:49.036453827Z
01JZ1AK3J67D1GMHPGMKS3SNKN,01JZ19VEXCKVX740B60X4W6PQN,2025-06-30T21:06:21.382615715Z,01JZ19VF3FCDRKA7RA8CE3SQDH,2025-06-30T21:06:21.382615715Z,01JZ19ZRSF0H44Y7P62WF2M80H,2025-06-30T21:06:21.382615715Z,01JZ1AK0DBQXGCYJCG3YA80XRE,2025-06-30T21:06:21.382615715Z,01JZ1AK0KB9WTWX0NP3E9RWAV3,2025-06-30T21:06:21.382615715Z
01JZ1BK4JVMB7DQARZEFRQEVTH,01JZ1B1VZ9TM9N3252XVVAH9DZ,2025-06-30T21:23:51.003572068Z,01JZ1B1W68Y1JCNSRHTZJR0WTB,2025-06-30T21:23:51.003572068Z,01JZ1B792JY1J7NFJKWZPMCAGM,2025-06-30T21:23:51.003572068Z,01JZ1BH44X88X65JM8T5DXFWMN,2025-06-30T21:23:51.003572068Z,01JZ1BH4HA8J7SBAZ6TKP726YJ,2025-06-30T21:23:51.003572068Z
01JZ17TWDXP6D74B35YVECMT90,01JZ170DPRHYGRH6M74WMGZ8J5,2025-06-30T20:18:10.493196203Z,01JZ170DSWJ6311N72HPSQWG9K,2025-06-30T20:18:10.493196203Z,01JZ17HR3SKAZC9R19A608NCQK,2025-06-30T20:18:10.493196203Z,01JZ17KG4GY236VDZCYE8QS8G2,2025-06-30T20:18:10.493196203Z,01JZ17KG911NYQ5N6FHQBCSNCV,2025-06-30T20:18:10.493196203Z
01JZ17VNKDRK9FBDGGS5KPPK23,01JZ170DPRHYGRH6M74WMGZ8J5,2025-06-30T20:18:36.26985599Z,01JZ170DSR5F2SARFX61BD5BFD,2025-06-30T20:18:36.26985599Z,01JZ17DTG6GCYHCZ1XV1B4YQSG,2025-06-30T20:18:36.26985599Z,01JZ17M8TTAADH96H16B5Q2KVN,2025-06-30T20:18:36.26985599Z,01JZ17M8YBHZ4TN71ES3XSS0QT,2025-06-30T20:18:36.26985599Z
01JZ18YFKXYWNQ3KNAJ2XB3A1M,01JZ18G4TN4FH7205KTQTFE7PM,2025-06-30T20:37:37.021982104Z,01JZ18G4YA2XRQ9RK4RH5WQB1P,2025-06-30T20:37:37.021982104Z,01JZ18MZ9CEYXM1F4JSENNJ9RA,2025-06-30T20:37:37.021982104Z,01JZ18Q1RTQ5J8GR55C5KB6SHZ,2025-06-30T20:37:37.021982104Z,01JZ18Q1YDQRC2RW0CEX5W2Y51,2025-06-30T20:37:37.021982104Z
01JZ192FCCMJDJZ836NEMN00CE,01JZ18R9CHSHJ2BAJZ4M4PAW2X,2025-06-30T20:39:47.852073731Z,01JZ18RA48YSHMY5EWBJ9E61V2,2025-06-30T20:39:47.852073731Z,01JZ18ZEQE5SB9NASAZX93YXN4,2025-06-30T20:39:47.852073731Z,01JZ192CM1S0TWD820FVH6YX9C,2025-06-30T20:39:47.852073731Z,01JZ192CT2R3V3QWAA0SERRXH6,2025-06-30T20:39:47.852073731Z
01JZ1980THQMWHWBP3H4WA8ZE5,01JZ18R9CHSHJ2BAJZ4M4PAW2X,2025-06-30T20:42:49.553201421Z,01JZ18RA48YSHMY5EWBJ9E61V2,2025-06-30T20:42:49.553201421Z,01JZ192103EKKYM21MP70AEJNN,2025-06-30T20:42:49.553201421Z,01JZ192CMQ10Q5BYZGXB0BD1QB,2025-06-30T20:42:49.553201421Z,01JZ192D5142G1TJ21NW33DQND,2025-06-30T20:42:49.553201421Z
01JZ1FAJA34JFNQ3W0FVEBYTZH,01JZ1E916HBESJXS5SJ82BFZ21,2025-06-30T22:29:04.451121199Z,01JZ1E91Q18GQE49C0XSDVMF75,2025-06-30T22:29:04.451121199Z,01JZ1EKW5BGVN2WN0MZV6XE5EZ,2025-06-30T22:29:04.451121199Z,01JZ1F2JDENWFSVMZMF7HPM6S0,2025-06-30T22:29:04.451121199Z,01JZ1F2JYXXAQR4VKVMA09HECH,2025-06-30T22:29:04.451121199Z
01JZ1GKS5RTPERTCDDWJ6PYKV4,01JZ1G29Q82GQAKEXSK2E7NK3R,2025-06-30T22:51:34.968725354Z,01JZ1G2A3Q53QEYHDQX68WVVKH,2025-06-30T22:51:34.968725354Z,01JZ1G7Q5PBNYB0Y67X5QD4VST,2025-06-30T22:51:34.968725354Z,01JZ1GE1CN3AV1GMRSBHB6RFHY,2025-06-30T22:51:34.968725354Z,01JZ1GE1XEEYNKXSGVV56S33WF,2025-06-30T22:51:34.968725354Z
01JZ18R2Q57Q4ATBHA64B6JQGM,01JZ18G4TN4FH7205KTQTFE7PM,2025-06-30T20:34:07.205396212Z,01JZ18G4XDWA3A08Y0HZ5HSAAF,2025-06-30T20:34:07.205396212Z,01JZ18JRC4BH8D9FBM20ZHDN29,2025-06-30T20:34:07.205396212Z,01JZ18R0YQXPRFN6T3JT8B6MYT,2025-06-30T20:34:07.205396212Z,01JZ18R11JQ1SRQV5XW61WSV3P,2025-06-30T20:34:07.205396212Z
01JZ1APTMHK7A3PZ6A4D7KW794,01JZ19VEXCKVX740B60X4W6PQN,2025-06-30T21:08:23.313164343Z,01JZ19VF3FCDRKA7RA8CE3SQDH,2025-06-30T21:08:23.313164343Z,01JZ19WY3ATKAJQ5V1K5TAB38J,2025-06-30T21:08:23.313164343Z,01JZ1AK0GTG09NRGMQGAZDENCH,2025-06-30T21:08:23.313164343Z,01JZ1AK0Q8SSARD5SSHB7KZ1FV,2025-06-30T21:08:23.313164343Z
01JZ1BGY4R3EVZ08QW988W9646,01JZ1B1VZ9TM9N3252XVVAH9DZ,2025-06-30T21:22:38.872739795Z,01JZ1B1W2WT8MR9NJ7RDDSFH2M,2025-06-30T21:22:38.872739795Z,01JZ1B56KN8DYJ21G7YK1NVQR0,2025-06-30T21:22:38.872739795Z,01JZ1BD3Y8NHHCFXCV7WB08PE6,2025-06-30T21:22:38.872739795Z,01JZ1BD4CHA54BSW8FCPK7AFSB,2025-06-30T21:22:38.872739795Z
01JZ1BJFZAE64B4M4G4RJ6PRP6,01JZ1B1VZ9TM9N3252XVVAH9DZ,2025-06-30T21:23:29.898189217Z,01JZ1B1W6S117BH8HCA7NH9R7E,2025-06-30T21:23:29.898189217Z,01JZ1B7296HT4QZTVSQ7DGFCMT,2025-06-30T21:23:29.898189217Z,01JZ1BAHERRJG5Y4NQ430CHJGP,2025-06-30T21:23:29.898189217Z,01JZ1BAHXWBT00DK00GM6F2Y5F,2025-06-30T21:23:29.898189217Z
01JZ1DQBVJ8760XDG0E074KGPP,01JZ1D0RX94M7HHBAJDNGV8QRS,2025-06-30T22:01:06.674443885Z,01JZ1D0S61XK8FZCNQBM2ZAEE6,2025-06-30T22:01:06.674443885Z,01JZ1D7ZVRAH2JHDPAGNC0VP2T,2025-06-30T22:01:06.674443885Z,01JZ1DHG42SDRFG0AMYRAAVFFX,2025-06-30T22:01:06.674443885Z,01JZ1DHGVMC63T8RKQQSZ4EMT9,2025-06-30T22:01:06.674443885Z
01JZ1GWWFVA0EZ3EA712A2W7KB,01JZ1G29Q82GQAKEXSK2E7NK3R,2025-06-30T22:56:33.27563295Z,01JZ1G2AATTMJJ07WA2JZ9MF1K,2025-06-30T22:56:33.27563295Z,01JZ1GPSZ98FX0GSJ1PJWWQANW,2025-06-30T22:56:33.27563295Z,01JZ1GWN9E6D3R3MSRMZHCWZ3J,2025-06-30T22:56:33.27563295Z,01JZ1GWNWQNSHHTPWKGH4DZTVM,2025-06-30T22:56:33.27563295Z
01JZ17SP3CJVSG5QKV6GNE9SED,01JZ170DPRHYGRH6M74WMGZ8J5,2025-06-30T20:17:31.244614481Z,01JZ170DS8YWG03GZVY59N3JD0,2025-06-30T20:17:31.244614481Z,01JZ17FA2MQ87XVRF9HC0R27GC,2025-06-30T20:17:31.244614481Z,01JZ17HNMVNEYYPPYMQAP8NS4W,2025-06-30T20:17:31.244614481Z,01JZ17HNR93RTH6SRHE160CD2Y,2025-06-30T20:17:31.244614481Z
01JZ18QR8KNM1JXYQFE0PEXHTK,01JZ18G4TN4FH7205KTQTFE7PM,2025-06-30T20:33:56.499853827Z,01JZ18G4ZDA13FR053ZT1R1FPF,2025-06-30T20:33:56.499853827Z,01JZ18HQSJCYE6M3YFJES1PERS,2025-06-30T20:33:56.499853827Z,01JZ18NR677M02YFM90F21XHAA,2025-06-30T20:33:56.499853827Z,01JZ18NR9DZ3R2Y5THK48A79PA,2025-06-30T20:33:56.499853827Z
01JZ18TKCXRWRXXNB17XBP41PJ,01JZ18G4TN4FH7205KTQTFE7PM,2025-06-30T20:35:29.822031045Z,01JZ18G4XMK5QHE5YNTR43VZ9V,2025-06-30T20:35:29.822031045Z,01JZ18NBPDW8GJCMK3V0N2AHJY,2025-06-30T20:35:29.822031045Z,01JZ18RP89JC5KMWSQF397VP76,2025-06-30T20:35:29.822031045Z,01JZ18RPCEEE6Q74G8J9BKYVBJ,2025-06-30T20:35:29.822031045Z
01JZ1DNV7GQFPNGGG8YBT862GM,01JZ1D0RX94M7HHBAJDNGV8QRS,2025-06-30T22:00:16.880101303Z,01JZ1D0S064NT759Q480WCA8PK,2025-06-30T22:00:16.880101303Z,01JZ1DEJMJQ3008TVKPGG206S9,2025-06-30T22:00:16.880101303Z,01JZ1DFXKSWPB74HF8RE7BCFY9,2025-06-30T22:00:16.880101303Z,01JZ1DFYQBQD9XNPHRQ28A4MFK,2025-06-30T22:00:16.880101303Z
01JZ1F5KXQX7CKTJ6WVK9NK6SX,01JZ1E916HBESJXS5SJ82BFZ21,2025-06-30T22:26:22.263186379Z,01JZ1E91Z6K0ZJGCC53Q4JQWJP,2025-06-30T22:26:22.263186379Z,01JZ1EMNNJSEW14RVAN4FX9H51,2025-06-30T22:26:22.263186379Z,01JZ1EXC0ZXQFHPV1MR4EM7PTE,2025-06-30T22:26:22.263186379Z,01JZ1EXCJHF7MESXCV6JP9EBNG,2025-06-30T22:26:22.263186379Z
01JZ1ES1C2VC8MR5SPE97KHKZZ,01JZ1E916HBESJXS5SJ82BFZ21,2025-06-30T22:19:30.050263619Z,01JZ1E91HHYKGR583PHV4V6JXR,2025-06-30T22:19:30.050263619Z,01JZ1EB79K0MG0B72T7KF449XB,2025-06-30T22:19:30.050263619Z,01JZ1ERV7ACEK1D4TDCD2JD7PV,2025-06-30T22:19:30.050263619Z,01JZ1ERVFF9E2CR8QZ1VGZAVQ0,2025-06-30T22:19:30.050263619Z
01JZ17NY8P212SWT47HZ005K89,01JZ170DPRHYGRH6M74WMGZ8J5,2025-06-30T20:15:28.534886992Z,01JZ170DSTXK5Z1DV671606E6A,2025-06-30T20:15:28.534886992Z,01JZ17995N07DABBEZWSHQJ20N,2025-06-30T20:15:28.534886992Z,01JZ17J85FH6ZCHDJEZZH3F672,2025-06-30T20:15:28.534886992Z,01JZ17J86YBS5SC5YYQWD3XJ54,2025-06-30T20:15:28.534886992Z
01JZ17QMGMXG49SKVV2ERXT529,01JZ170DPRHYGRH6M74WMGZ8J5,2025-06-30T20:16:24.084051042Z,01JZ170DSXXMDA003X79NFA4N0,2025-06-30T20:16:24.084051042Z,01JZ17G2CQ2WMWNSJEQJ6XDN5X,2025-06-30T20:16:24.084051042Z,01JZ17NRSETRAHA86XGKD3ZGNV,2025-06-30T20:16:24.084051042Z,01JZ17NRTWNPJ7D39Z7SR6T2JP,2025-06-30T20:16:24.084051042Z
01JZ17S8RKFNDXZTZJ17X1J8MW,01JZ170DPRHYGRH6M74WMGZ8J5,2025-06-30T20:17:17.587944726Z,01JZ170DS434CCJM920VN081CV,2025-06-30T20:17:17.587944726Z,01JZ17BPKZNHJ9DBN3R83MMZW2,2025-06-30T20:17:17.587944726Z,01JZ17HX1BGQ137FDPYSARB5NT,2025-06-30T20:17:17.587944726Z,01JZ17HX2WGK4SH5ACH7AKGKY9,2025-06-30T20:17:17.587944726Z
01JZ18X1CSZ5QY4QDQ7GKK6HXV,01JZ18G4TN4FH7205KTQTFE7PM,2025-06-30T20:36:49.689659104Z,01JZ18G4Z7SR18DC8PDBR22HS5,2025-06-30T20:36:49.689659104Z,01JZ18JCX14E3JYTT1AT1DNHJS,2025-06-30T20:36:49.689659104Z,01JZ18S8W382ZTX14ED28QZWFS,2025-06-30T20:36:49.689659104Z,01JZ18S90TARGHQXS9MX81EXBS,2025-06-30T20:36:49.689659104Z
01JZ18Y9A31ZPA4FEX3S07SBZK,01JZ18G4TN4FH7205KTQTFE7PM,2025-06-30T20:37:30.563294169Z,01JZ18G4XMK5QHE5YNTR43VZ9V,2025-06-30T20:37:30.563294169Z,01JZ18JXMPKC16YBJ9SWX6E74P,2025-06-30T20:37:30.563294169Z,01JZ18RP89JC5KMWSQF397VP76,2025-06-30T20:37:30.563294169Z,01JZ18RPD577QZPR0KNDE9TH8W,2025-06-30T20:37:30.563294169Z
01JZ18ZGY3VPSVB9SHKQGYAAST,01JZ18G4TN4FH7205KTQTFE7PM,2025-06-30T20:38:11.139934464Z,01JZ18G4ZPD0G0WRB3ZSNJ4KSW,2025-06-30T20:38:11.139934464Z,01JZ18KKFGMMT5SG9HSP332X5F,2025-06-30T20:38:11.139934464Z,01JZ18QMEETMY6YTPVQZEX7GRT,2025-06-30T20:38:11.139934464Z,01JZ18QMTQWP8XJEYM3C9FN5NN,2025-06-30T20:38:11.139934464Z
01JZ1BGY2QYG98BJHN5VF8D2HB,01JZ1B1VZ9TM9N3252XVVAH9DZ,2025-06-30T21:22:38.807239462Z,01JZ1B1W2WT8MR9NJ7RDDSFH2M,2025-06-30T21:22:38.807239462Z,01JZ1B40FQ24C0Z8EC9VKSS7KY,2025-06-30T21:22:38.807239462Z,01JZ1BD3Y8NHHCFXCV7WB08PE6,2025-06-30T21:22:38.807239462Z,01JZ1BD4CHA54BSW8FCPK7AFSB,2025-06-30T21:22:38.807239462Z
01JZ17QP017AENX2426GSZZGQE,01JZ170DPRHYGRH6M74WMGZ8J5,2025-06-30T20:16:25.601521917Z,01JZ170DS0283SZNEN95XAWWS4,2025-06-30T20:16:25.601521917Z,01JZ17CS84WF94XY708FKX765Q,2025-06-30T20:16:25.601521917Z,01JZ17NT7VKFDEH0WZ6ZY88ZPG,2025-06-30T20:16:25.601521917Z,01JZ17NT9KEZ4Z8W5Q27PSFXEH,2025-06-30T20:16:25.601521917Z
01JZ17S1EP3SA21S7BS9809J5X,01JZ170DPRHYGRH6M74WMGZ8J5,2025-06-30T20:17:10.102660346Z,01JZ170DSWJ6311N72HPSQWG9K,2025-06-30T20:17:10.102660346Z,01JZ17HR3SKAZC9R19A608NCQK,2025-06-30T20:17:10.102660346Z,01JZ17KG534VMGAN6DZ77QN8H5,2025-06-30T20:17:10.102660346Z,01JZ17KG7YSABGV08AS0ZBEA4S,2025-06-30T20:17:10.102660346Z
01JZ18SZ7028KT0CKR8STYY9H2,01JZ18G4TN4FH7205KTQTFE7PM,2025-06-30T20:35:09.152694378Z,01JZ18G50PJASP911XB82AW46K,2025-06-30T20:35:09.152694378Z,01JZ18KAD3ET3YWT2B268D40PX,2025-06-30T20:35:09.152694378Z,01JZ18P6M9PWBBNS9EFA2527RR,2025-06-30T20:35:09.152694378Z,01JZ18P6WPH7BDRZCWDRSSXC7E,2025-06-30T20:35:09.152694378Z
01JZ1AMCM67JN0JD9Q5E83QDTE,01JZ19VEXCKVX740B60X4W6PQN,2025-06-30T21:07:03.43093109Z,01JZ19VF6XEW5FG377QGXCTRD1,2025-06-30T21:07:03.43093109Z,01JZ1A8X5PJAXZBFXHM3C9X96V,2025-06-30T21:07:03.43093109Z,01JZ1ACG6Q17P2Z830VCFRQ76D,2025-06-30T21:07:03.43093109Z,01JZ1ACGJ96F90R72HKQEPR1FT,2025-06-30T21:07:03.43093109Z
01JZ1BT7S3EX03MBVCJD3TDXTW,01JZ1B1VZ9TM9N3252XVVAH9DZ,2025-06-30T21:27:43.651783286Z,01JZ1B1W46BH5YH0XYSE8KJRBK,2025-06-30T21:27:43.651783286Z,01JZ1B811D0DJD23YQN2DZYBGD,2025-06-30T21:27:43.651783286Z,01JZ1BJ1FAQJQXPY3NN1T11973,2025-06-30T21:27:43.651783286Z,01JZ1BJ1VZTMR233FHHW2QDPDF,2025-06-30T21:27:43.651783286Z
01JZ1CDS7KZVZ5ZRYF489T5KRT,01JZ1BX7WQMA45G0E33EEHJ3V9,2025-06-30T21:38:24.115570509Z,01JZ1BX849RGFMRNF1WR9VXVPD,2025-06-30T21:38:24.115570509Z,01JZ1C42HDFGHZFCN4YDW8V435,2025-06-30T21:38:24.115570509Z,01JZ1C84QRBSNC4RE2W7FPW8JB,2025-06-30T21:38:24.115570509Z,01JZ1C84ZZJY67D2BDRSP72HDD,2025-06-30T21:38:24.115570509Z
01JZ1F5XGHNGY748TCV6T3FMQN,01JZ1E916HBESJXS5SJ82BFZ21,2025-06-30T22:26:32.081469044Z,01JZ1E91WFH0SPDF0PZ6G1349X,2025-06-30T22:26:32.081469044Z,01JZ1ENXKQ8QM070MZA5HYVVNG,2025-06-30T22:26:32.081469044Z,01JZ1EY0ZKJGN8776MBVTAFR24,2025-06-30T22:26:32.081469044Z,01JZ1EY1NQ3S24AVFPPNA3F4S4,2025-06-30T22:26:32.081469044Z
01JZ17P2EY6HA1Q073HJ16KW16,01JZ170DPRHYGRH6M74WMGZ8J5,2025-06-30T20:15:32.831029261Z,01JZ170DRWH3Q5VEKFYTCWXCB9,2025-06-30T20:15:32.831029261Z,01JZ179X6Q4FCZN7X4TNMWRQ73,2025-06-30T20:15:32.831029261Z,01JZ17M6426GB2CWYTAT7MS6CN,2025-06-30T20:15:32.831029261Z,01JZ17M6658HF5QGMZR9WJW7KS,2025-06-30T20:15:32.831029261Z
01JZ17RNN2YCCX860VNVS4G3W5,01JZ170DPRHYGRH6M74WMGZ8J5,2025-06-30T20:16:58.018710737Z,01JZ170DSMJZPS89ZBMFZ7ATK7,2025-06-30T20:16:58.018710737Z,01JZ17DJ18S9CGE8H6D4S1K333,2025-06-30T20:16:58.018710737Z,01JZ17MYDW712GB678NHAF4EAC,2025-06-30T20:16:58.018710737Z,01JZ17MYM0SS8G95WB3A8AA4SB,2025-06-30T20:16:58.018710737Z
01JZ19419D9KQQ68KYSSY4TTR1,01JZ18QHX9XGN83K6T42FK97D5,2025-06-30T20:40:38.957534939Z,01JZ18QHYY9H3H8G0D5BR000CA,2025-06-30T20:40:38.957534939Z,01JZ18TPQGGX70KYFXP5KFA0ZD,2025-06-30T20:40:38.957534939Z,01JZ1903BN7V6B2N7AMWNTAWGG,2025-06-30T20:40:38.957534939Z,01JZ190523V4XR8A7CG9KR5N4R,2025-06-30T20:40:38.957534939Z
01JZ1BH8MAJRM00WSNMWA9KHBJ,01JZ1B1VZ9TM9N3252XVVAH9DZ,2025-06-30T21:22:49.610620184Z,01JZ1B1W68Y1JCNSRHTZJR0WTB,2025-06-30T21:22:49.610620184Z,01JZ1BEDAMJRCNYC6ZRWR4EWKQ,2025-06-30T21:22:49.610620184Z,01JZ1BH43TCR207W6QA0XHTRSW,2025-06-30T21:22:49.610620184Z,01JZ1BH4EERH1DS5BZWYJYPN33,2025-06-30T21:22:49.610620184Z
01JZ1BK5KFGYC49XR7CACPS5D7,01JZ1B1VZ9TM9N3252XVVAH9DZ,2025-06-30T21:23:52.047664248Z,01JZ1B1W5AJ9N87HJBZ99HRQPJ,2025-06-30T21:23:52.047664248Z,01JZ1BAG1QXXZT2G75G9P8N6Y2,2025-06-30T21:23:52.047664248Z,01JZ1BB7HHYBBSVM85QTV97ZMB,2025-06-30T21:23:52.047664248Z,01JZ1BB7YG1FHERX8XKE8XA5AC,2025-06-30T21:23:52.047664248Z
01JZ17W81PEM1ZGCFNHB0PB6TQ,01JZ170DPRHYGRH6M74WMGZ8J5,2025-06-30T20:18:55.158413083Z,01JZ170DRV33K8D9D9ZMQKAW2D,2025-06-30T20:18:55.158413083Z,01JZ17DQR0WXBVGZE5VFC3T0EF,2025-06-30T20:18:55.158413083Z,01JZ17PPGX7JSSK85PVP6H7NR4,2025-06-30T20:18:55.158413083Z,01JZ17PPKVJSY2KQZ4NEMQSJWF,2025-06-30T20:18:55.158413083Z
01JZ17WBE8TCM9EAA94MT37N9C,01JZ170DPRHYGRH6M74WMGZ8J5,2025-06-30T20:18:58.632076183Z,01JZ170DSMJZPS89ZBMFZ7ATK7,2025-06-30T20:18:58.632076183Z,01JZ17ECC07JKYK10HK5BT3SZQ,2025-06-30T20:18:58.632076183Z,01JZ17MYEAFDF08CXGPM4NR36C,2025-06-30T20:18:58.632076183Z,01JZ17MYNNVK575B13ZB16FHVE,2025-06-30T20:18:58.632076183Z
01JZ18SAVFZ05MSPQDJWK0T1XH,01JZ18G4TN4FH7205KTQTFE7PM,2025-06-30T20:34:48.303126929Z,01JZ18G4Z7SR18DC8PDBR22HS5,2025-06-30T20:34:48.303126929Z,01JZ18JM84GZ5542ST7BEW0RHN,2025-06-30T20:34:48.303126929Z,01JZ18S8VF5J1VCYDTJZFPF4QA,2025-06-30T20:34:48.303126929Z,01JZ18S8YGPM3F3MAQCG4WCDW1,2025-06-30T20:34:48.303126929Z
01JZ17RR8X4YY4CXX6BJ2Q4NX4,01JZ170DPRHYGRH6M74WMGZ8J5,2025-06-30T20:17:00.701086756Z,01JZ170DRXVGFVP20P8DK3M491,2025-06-30T20:17:00.701086756Z,01JZ17B3EJNXDWZGY3QVC1296A,2025-06-30T20:17:00.701086756Z,01JZ17H2JPFPJA5AGAW7MSWH7S,2025-06-30T20:17:00.701086756Z,01JZ17H2MZBEW36Y1R5K5FNF6E,2025-06-30T20:17:00.701086756Z
01JZ18ZHD19JYHW316431W8MS4,01JZ18G4TN4FH7205KTQTFE7PM,2025-06-30T20:38:11.617862388Z,01JZ18G508W9SSEDAT6B79GZND,2025-06-30T20:38:11.617862388Z,01JZ18NT2QY0K3T67RMTHTZ875,2025-06-30T20:38:11.617862388Z,01JZ18STHY2VTQFD4CXMK2KF14,2025-06-30T20:38:11.617862388Z,01JZ18STTVZBKCJ3FNRVH9WG4T,2025-06-30T20:38:11.617862388Z
01JZ1F6ECHP9XPP58B1ZNN1J1Y,01JZ1E916HBESJXS5SJ82BFZ21,2025-06-30T22:26:49.361763882Z,01JZ1E91Q18GQE49C0XSDVMF75,2025-06-30T22:26:49.361763882Z,01JZ1EEDS4AMSMWB9W2CPSXDHE,2025-06-30T22:26:49.361763882Z,01JZ1F2JC80W096GAN654HJE4R,2025-06-30T22:26:49.361763882Z,01JZ1F2JPKHQQS9FMNV4W2YS8Y,2025-06-30T22:26:49.361763882Z
01JZ17SGQM7126JM290MY9YER3,01JZ170DPRHYGRH6M74WMGZ8J5,2025-06-30T20:17:25.74898234Z,01JZ170DS0283SZNEN95XAWWS4,2025-06-30T20:17:25.74898234Z,01JZ17BCV91FG1WVF832RTXB76,2025-06-30T20:17:25.74898234Z,01JZ17NT7VKFDEH0WZ6ZY88ZPG,2025-06-30T20:17:25.74898234Z,01JZ17NT9X0P9NVJSHGH03AW8Q,2025-06-30T20:17:25.74898234Z
01JZ17VBEAM27RGX79QWVWXDY6,01JZ170DPRHYGRH6M74WMGZ8J5,2025-06-30T20:18:25.866877197Z,01JZ170DS0283SZNEN95XAWWS4,2025-06-30T20:18:25.866877197Z,01JZ174WHQCMCA8133PA37NAKC,2025-06-30T20:18:25.866877197Z,01JZ17NT7VKFDEH0WZ6ZY88ZPG,2025-06-30T20:18:25.866877197Z,01JZ17NTA2X67VBRWPPAXKVKJM,2025-06-30T20:18:25.866877197Z
01JZ17X6DTKJEKSE324EPSHDWT,01JZ170DPRHYGRH6M74WMGZ8J5,2025-06-30T20:19:26.266972655Z,01JZ170DS0283SZNEN95XAWWS4,2025-06-30T20:19:26.266972655Z,01JZ174WHQCMCA8133PA37NAKC,2025-06-30T20:19:26.266972655Z,01JZ17NT7EMFQXG1J8BV4ZA47S,2025-06-30T20:19:26.266972655Z,01JZ17NTAT5PYSK8MFEYTY9GVR,2025-06-30T20:19:26.266972655Z
01JZ18TS97QDTYW2BSVWXZW4E7,01JZ18G4TN4FH7205KTQTFE7PM,2025-06-30T20:35:35.847436758Z,01JZ18G4YA2XRQ9RK4RH5WQB1P,2025-06-30T20:35:35.847436758Z,01JZ18KR3KN1X0F0J0JP7HHD78,2025-06-30T20:35:35.847436758Z,01JZ18Q1RFWF1SPY79863HPKYC,2025-06-30T20:35:35.847436758Z,01JZ18Q1WK379CDHDVRG1MFY84,2025-06-30T20:35:35.847436758Z
01JZ1F693N6VPMBQEGVJD7QHEC,01JZ1E916HBESJXS5SJ82BFZ21,2025-06-30T22:26:43.957951052Z,01JZ1E91SWVSXS6FK33QCMH9SP,2025-06-30T22:26:43.957951052Z,01JZ1EXKHZBZ5ENGWCGS2V70RX,2025-06-30T22:26:43.957951052Z,01JZ1F45E1EEK0EVP02WHSXZM6,2025-06-30T22:26:43.957951052Z,01JZ1F45VZVDT9061EX8ANHAEF,2025-06-30T22:26:43.957951052Z
01JZ1AMCPJ97E4JRT1FN0EXEE3,01JZ19VEXCKVX740B60X4W6PQN,2025-06-30T21:07:03.506086767Z,01JZ19VF6XEW5FG377QGXCTRD1,2025-06-30T21:07:03.506086767Z,01JZ19XTW2HK24K9S0K07R4X7Y,2025-06-30T21:07:03.506086767Z,01JZ1ACG6Q17P2Z830VCFRQ76D,2025-06-30T21:07:03.506086767Z,01JZ1ACGJ96F90R72HKQEPR1FT,2025-06-30T21:07:03.506086767Z
01JZ17PKB49WMXYMFF6GC1MQ30,01JZ170DPRHYGRH6M74WMGZ8J5,2025-06-30T20:15:50.116550895Z,01JZ170DRXVGFVP20P8DK3M491,2025-06-30T20:15:50.116550895Z,01JZ17E3Q68P56EVHYKCV88P7R,2025-06-30T20:15:50.116550895Z,01JZ17H2JKQXYPBGV7RRHN6ECY,2025-06-30T20:15:50.116550895Z,01JZ17H2M11R5J615VWXS7CA9S,2025-06-30T20:15:50.116550895Z
01JZ17QDTNBT4ZSAD2BCPQRDGS,01JZ170DPRHYGRH6M74WMGZ8J5,2025-06-30T20:16:17.237299097Z,01JZ170DS434CCJM920VN081CV,2025-06-30T20:16:17.237299097Z,01JZ17DF0FPMATGYC1VKMVTRWC,2025-06-30T20:16:17.237299097Z,01JZ17HX0ZXKJ4A0TXNHXA38XE,2025-06-30T20:16:17.237299097Z,01JZ17HX2AP1VXP646YMEXT1TD,2025-06-30T20:16:17.237299097Z
01JZ17W80TRS2DM73E4Z9JDNJE,01JZ170DPRHYGRH6M74WMGZ8J5,2025-06-30T20:18:55.130162453Z,01JZ170DRV33K8D9D9ZMQKAW2D,2025-06-30T20:18:55.130162453Z,01JZ17PJ3VDZQD3TEH95CF73QJ,2025-06-30T20:18:55.130162453Z,01JZ17PPGX7JSSK85PVP6H7NR4,2025-06-30T20:18:55.130162453Z,01JZ17PPKVJSY2KQZ4NEMQSJWF,2025-06-30T20:18:55.130162453Z
01JZ17Z1H7EXDN80YBZN3WGA3X,01JZ170DPRHYGRH6M74WMGZ8J5,2025-06-30T20:20:26.791074023Z,01JZ170DS5DJKXJ3Z7YVJKJJXK,2025-06-30T20:20:26.791074023Z,01JZ1763ZE1VD7FNYG3WZHGCWZ,2025-06-30T20:20:26.791074023Z,01JZ17QA4RZBJN8FPG3Q7FD7PZ,2025-06-30T20:20:26.791074023Z,01JZ17QA9V9911GNS74NJ3F2SB,2025-06-30T20:20:26.791074023Z
01JZ18V6AGS9VFTWGQTH73QG3F,01JZ18G4TN4FH7205KTQTFE7PM,2025-06-30T20:35:49.200189497Z,01JZ18G4Z7SR18DC8PDBR22HS5,2025-06-30T20:35:49.200189497Z,01JZ18JCX14E3JYTT1AT1DNHJS,2025-06-30T20:35:49.200189497Z,01JZ18S8W382ZTX14ED28QZWFS,2025-06-30T20:35:49.200189497Z,01JZ18S90DQFB1FY8Q67VCPJEB,2025-06-30T20:35:49.200189497Z
01JZ18Y9929XBWV5DJ6RF4ZGHW,01JZ18G4TN4FH7205KTQTFE7PM,2025-06-30T20:37:30.530564774Z,01JZ18G4XMK5QHE5YNTR43VZ9V,2025-06-30T20:37:30.530564774Z,01JZ18KPPCTRWET1CSH1Z4W2C4,2025-06-30T20:37:30.530564774Z,01JZ18RP89JC5KMWSQF397VP76,2025-06-30T20:37:30.530564774Z,01JZ18RPD577QZPR0KNDE9TH8W,2025-06-30T20:37:30.530564774Z
01JZ1AHW1DA0WH6CB2X99EQ4XQ,01JZ19VEXCKVX740B60X4W6PQN,2025-06-30T21:05:40.909209703Z,01JZ19VF81DTYMGWYB0TAJKDWY,2025-06-30T21:05:40.909209703Z,01JZ1A1K79TTT3Z2JTQ13NPY5P,2025-06-30T21:05:40.909209703Z,01JZ1AABQSYES8GH0EQS7AKYST,2025-06-30T21:05:40.909209703Z,01JZ1AAC5RRCPS56AP7RN6N1RK,2025-06-30T21:05:40.909209703Z
01JZ1DRD9TR0CDPH4DS5N4ZA3Z,01JZ1D0RX94M7HHBAJDNGV8QRS,2025-06-30T22:01:40.922830409Z,01JZ1D0S064NT759Q480WCA8PK,2025-06-30T22:01:40.922830409Z,01JZ1DB67XDQM93GQRR65SS1X0,2025-06-30T22:01:40.922830409Z,01JZ1DFY0TW20TYJC4JJ0ZH1P8,2025-06-30T22:01:40.922830409Z,01JZ1DFZBA12Z2NZV960WM2FW4,2025-06-30T22:01:40.922830409Z
01JZ1F55EX1G9X336ZVP4N1MZS,01JZ1E916HBESJXS5SJ82BFZ21,2025-06-30T22:26:07.453756344Z,01JZ1E91MDHZVF6NVBEDDVGZWT,2025-06-30T22:26:07.453756344Z,01JZ1EDVQZ0X09D6ACA1N9J2V2,2025-06-30T22:26:07.453756344Z,01JZ1EWVP1M7JC9JTKB8V2PJTM,2025-06-30T22:26:07.453756344Z,01JZ1EWW84Y3X0SQQ90MQZ9RK4,2025-06-30T22:26:07.453756344Z
01JZ1H4547WBJNE2EZ5RSWWNRC,01JZ1G29Q82GQAKEXSK2E7NK3R,2025-06-30T23:00:31.496017813Z,01JZ1G2A58JMFV91VV93EGJJQY,2025-06-30T23:00:31.496017813Z,01JZ1G5G1FFKZK7WVQ264NYRHA,2025-06-30T23:00:31.496017813Z,01JZ1GW3NQ1ZFH1D7RHAY6HCNS,2025-06-30T23:00:31.496017813Z,01JZ1GW4D2YPYD2049JRHQDTHS,2025-06-30T23:00:31.496017813Z
01JZ1BXT4H9V3VKWERM23V0YG1,01JZ1B1VZ9TM9N3252XVVAH9DZ,2025-06-30T21:29:40.753973368Z,01JZ1B1W4RP0VXDDKCJTNKM3AX,2025-06-30T21:29:40.753973368Z,01JZ1B80W46R4JBTV3ZZ1YXW46,2025-06-30T21:29:40.753973368Z,01JZ1BNY9GCVDPARZTZ60Y7363,2025-06-30T21:29:40.753973368Z,01JZ1BNYS4AH4S6DP8CSD8F0JW,2025-06-30T21:29:40.753973368Z
01JZ17XF27JH55ZA164AQ16ZS8,01JZ170DPRHYGRH6M74WMGZ8J5,2025-06-30T20:19:35.111039082Z,01JZ170DSXXMDA003X79NFA4N0,2025-06-30T20:19:35.111039082Z,01JZ179JK7EB00XG1XXC6JXGYV,2025-06-30T20:19:35.111039082Z,01JZ17NRSB5GP7EXVFTFEFCERK,2025-06-30T20:19:35.111039082Z,01JZ17NRX34RKK7D41WKA3DMKS,2025-06-30T20:19:35.111039082Z
01JZ18QE612NXPCTYWRY4ZWWD5,01JZ18G4TN4FH7205KTQTFE7PM,2025-06-30T20:33:46.177995868Z,01JZ18G4YTQTSXFW2X0Y80VGVG,2025-06-30T20:33:46.177995868Z,01JZ18M95D7WX9RB46ACE56086,2025-06-30T20:33:46.177995868Z,01JZ18QCHCWKPJPF2G32EQXDDJ,2025-06-30T20:33:46.177995868Z,01JZ18QCM1A9TSZHS1EGBH1NVK,2025-06-30T20:33:46.177995868Z
01JZ18SB7Z8Y7M713KTBG1J067,01JZ18G4TN4FH7205KTQTFE7PM,2025-06-30T20:34:48.703226696Z,01JZ18G4YTQTSXFW2X0Y80VGVG,2025-06-30T20:34:48.703226696Z,01JZ18JSY9P3KAE5N38ASDX51K,2025-06-30T20:34:48.703226696Z,01JZ18QCHSRQEB636MAZYTF93F,2025-06-30T20:34:48.703226696Z,01JZ18QCNQWD5EMCK74EDKA9K4,2025-06-30T20:34:48.703226696Z
01JZ190CHST1F3E6W4WJV81S34,01JZ18G4TN4FH7205KTQTFE7PM,2025-06-30T20:38:39.417212236Z,01JZ18G4XMK5QHE5YNTR43VZ9V,2025-06-30T20:38:39.417212236Z,01JZ18J9W8KMP67K3HENBC0CVQ,2025-06-30T20:38:39.417212236Z,01JZ18RP8NH16RGQPN23QF70FD,2025-06-30T20:38:39.417212236Z,01JZ18RPEFN6WK76NDTGBAE0KT,2025-06-30T20:38:39.417212236Z
01JZ190RMWAE1TJZC48H4C784T,01JZ18QHX9XGN83K6T42FK97D5,2025-06-30T20:38:51.804293793Z,01JZ18QHZ9KPT0XZ66BZ9ZB89K,2025-06-30T20:38:51.804293793Z,01JZ18SXQ0AFP5SFG2600FW7ER,2025-06-30T20:38:51.804293793Z,01JZ190NGFZQKP3C3J9CSTAF6G,2025-06-30T20:38:51.804293793Z,01JZ190NM7QK3C80RBE2B5WJ43,2025-06-30T20:38:51.804293793Z
01JZ199W05EDXGMV43BRFZY44H,01JZ18R9CHSHJ2BAJZ4M4PAW2X,2025-06-30T20:43:50.149105862Z,01JZ18RA48YSHMY5EWBJ9E61V2,2025-06-30T20:43:50.149105862Z,01JZ18ZEQE5SB9NASAZX93YXN4,2025-06-30T20:43:50.149105862Z,01JZ192CQ1PM6AAY4VWQWP0QFX,2025-06-30T20:43:50.149105862Z,01JZ192D6WBRSKW5XVT11AYW1H,2025-06-30T20:43:50.149105862Z
01JZ1A6TBJ0932DH1VNPDASD4J,01JZ19VEXCKVX740B60X4W6PQN,2025-06-30T20:59:38.73814578Z,01JZ19VF1X4TGM9HTAVFF08YB3,2025-06-30T20:59:38.73814578Z,01JZ19XY7CXDASK651A0S5NR34,2025-06-30T20:59:38.73814578Z,01JZ1A31STNBCB1FNASKSH9RM4,2025-06-30T20:59:38.73814578Z,01JZ1A323YY42SPD46VTD3ZHQB,2025-06-30T20:59:38.73814578Z
01JZ18ZPSZB9W3Y0WR9TYEXXBT,01JZ18G4TN4FH7205KTQTFE7PM,2025-06-30T20:38:17.151557463Z,01JZ18G512YK4K14AJW1A4KQT5,2025-06-30T20:38:17.151557463Z,01JZ18JCRWSH5Z1V97KVRN4VV2,2025-06-30T20:38:17.151557463Z,01JZ18R8CKMG9A39402BQ4NWM2,2025-06-30T20:38:17.151557463Z,01JZ18R8HNH0RJEQ541QGANZP7,2025-06-30T20:38:17.151557463Z
01JZ199T2RW2B5NM2ZM5GSHZSN,01JZ18R9CHSHJ2BAJZ4M4PAW2X,2025-06-30T20:43:48.184865744Z,01JZ18RA3DBE17YR6D8FEXRWFY,2025-06-30T20:43:48.184865744Z,01JZ195RS4X3R0XZXASS7J2F2G,2025-06-30T20:43:48.184865744Z,01JZ197VZQZ3W28DZHMN5K9CXH,2025-06-30T20:43:48.184865744Z,01JZ197W62RB76WMZVC1RSER6R,2025-06-30T20:43:48.184865744Z
01JZ18NSRKRKYCF0H61NG7D83J,01JZ18G4TN4FH7205KTQTFE7PM,2025-06-30T20:32:52.499642818Z,01JZ18G4ZDA13FR053ZT1R1FPF,2025-06-30T20:32:52.499642818Z,01JZ18HQSJCYE6M3YFJES1PERS,2025-06-30T20:32:52.499642818Z,01JZ18NR5AG219ZPCM6XMBS475,2025-06-30T20:32:52.499642818Z,01JZ18NR807382NWM43SC3W0P4,2025-06-30T20:32:52.499642818Z
01JZ19DFZS2GRAP0D0BF8QFE7A,01JZ18R9CHSHJ2BAJZ4M4PAW2X,2025-06-30T20:45:48.921879067Z,01JZ18RA3DBE17YR6D8FEXRWFY,2025-06-30T20:45:48.921879067Z,01JZ1945JH72C4XK34ZFBSF6HS,2025-06-30T20:45:48.921879067Z,01JZ197VZQZ3W28DZHMN5K9CXH,2025-06-30T20:45:48.921879067Z,01JZ197W7SW6D8ZSPWAPA5KE61,2025-06-30T20:45:48.921879067Z
01JZ1BVBKX63K31J1KB0J7AZAV,01JZ1B1VZ9TM9N3252XVVAH9DZ,2025-06-30T21:28:20.3491395Z,01JZ1B1W5TAZ0C76DBH0ZAEY5X,2025-06-30T21:28:20.3491395Z,01JZ1B4W32576VKF9GY80WC648,2025-06-30T21:28:20.3491395Z,01JZ1BNNFF9MV2BR5CAE8TGEYC,2025-06-30T21:28:20.3491395Z,01JZ1BNP5PBKXV8ESFM96T5G4E,2025-06-30T21:28:20.3491395Z
01JZ1DJ1Z7BEP6HF7EEVNEZQN0,01JZ1D0RX94M7HHBAJDNGV8QRS,2025-06-30T21:58:12.711330801Z,01JZ1D0S4EMT97ECKQ06X1ZWAX,2025-06-30T21:58:12.711330801Z,01JZ1DEBFXXB5H1WJY1A2P9E20,2025-06-30T21:58:12.711330801Z,01JZ1DHWDN7VHR47P0R43JVCJW,2025-06-30T21:58:12.711330801Z,01JZ1DHWNEGMWYVYVFN7RDJ524,2025-06-30T21:58:12.711330801Z
01JZ17NR034ZQMKD48R1XVCPZP,01JZ170DPRHYGRH6M74WMGZ8J5,2025-06-30T20:15:22.11588431Z,01JZ170DRSFZ9Y16965WN1Z2F9,2025-06-30T20:15:22.11588431Z,01JZ17AK41GP2DW5ZS1AJ3K35J,2025-06-30T20:15:22.11588431Z,01JZ17G70WMTCCVM6PEEY7RHRW,2025-06-30T20:15:22.11588431Z,01JZ17G7298RBRVJCBJC8BZ1T6,2025-06-30T20:15:22.11588431Z
01JZ18QR9CS1FJRBKYHT5P5PVS,01JZ18G4TN4FH7205KTQTFE7PM,2025-06-30T20:33:56.524268677Z,01JZ18G4ZDA13FR053ZT1R1FPF,2025-06-30T20:33:56.524268677Z,01JZ18HGW0W96RSNBB49GQ9E8B,2025-06-30T20:33:56.524268677Z,01JZ18NR677M02YFM90F21XHAA,2025-06-30T20:33:56.524268677Z,01JZ18NR9DZ3R2Y5THK48A79PA,2025-06-30T20:33:56.524268677Z
01JZ18VT899HVFNKS3ZX8JGQ7Y,01JZ18G4TN4FH7205KTQTFE7PM,2025-06-30T20:36:09.60959105Z,01JZ18G50PJASP911XB82AW46K,2025-06-30T20:36:09.60959105Z,01JZ18JWY9W1XWEWVGSNZXRKZN,2025-06-30T20:36:09.60959105Z,01JZ18P6M9PWBBNS9EFA2527RR,2025-06-30T20:36:09.60959105Z,01JZ18P6XGG6KPRDW6BTZFNS2T,2025-06-30T20:36:09.60959105Z
01JZ18YTEHD22FFFQA6BY5CP53,01JZ18G4TN4FH7205KTQTFE7PM,2025-06-30T20:37:48.113700972Z,01JZ18G4YA2XRQ9RK4RH5WQB1P,2025-06-30T20:37:48.113700972Z,01JZ18NCTENJS4RVDRQ8JG1EGE,2025-06-30T20:37:48.113700972Z,01JZ18Q1S7RYZRF0109T2366SB,2025-06-30T20:37:48.113700972Z,01JZ18Q1ZX9AW2XN8KZ5HBEHZN,2025-06-30T20:37:48.113700972Z
01JZ1ACN2K50BFF8RSPV7QDV7X,01JZ19VEXCKVX740B60X4W6PQN,2025-06-30T21:02:49.939120055Z,01JZ19VF9WCS5BMDRCPXZK6ZBF,2025-06-30T21:02:49.939120055Z,01JZ19Y0QS6ZDMVQR73DRR23RB,2025-06-30T21:02:49.939120055Z,01JZ1A8RTBQBGQ6B3M8DMQ82K3,2025-06-30T21:02:49.939120055Z,01JZ1A8RYBBAKQ69M70T9MWQDK,2025-06-30T21:02:49.939120055Z
01JZ1BVBP773GDGCEY7XKTV1GM,01JZ1B1VZ9TM9N3252XVVAH9DZ,2025-06-30T21:28:20.423047255Z,01JZ1B1W5TAZ0C76DBH0ZAEY5X,2025-06-30T21:28:20.423047255Z,01JZ1B42FGZXM24HBWN8AZM67K,2025-06-30T21:28:20.423047255Z,01JZ1BNNFF9MV2BR5CAE8TGEYC,2025-06-30T21:28:20.423047255Z,01JZ1BNP5PBKXV8ESFM96T5G4E,2025-06-30T21:28:20.423047255Z
01JZ1GNMQZC9AQ2WTGGRS1SCGC,01JZ1G29Q82GQAKEXSK2E7NK3R,2025-06-30T22:52:35.967417722Z,01JZ1G2A9825Q9R0AFVXQNTR63,2025-06-30T22:52:35.967417722Z,01JZ1GA1RX69WV7RYS6J14XWQD,2025-06-30T22:52:35.967417722Z,01JZ1GKM3A5ATBGFJSYTP1DWZY,2025-06-30T22:52:35.967417722Z,01JZ1GKMDWZ4YEJS5RRPMES3KN,2025-06-30T22:52:35.967417722Z
01JZ17R709T7K0RJKG3JVS2VYN,01JZ170DPRHYGRH6M74WMGZ8J5,2025-06-30T20:16:43.017214841Z,01JZ170DRSFZ9Y16965WN1Z2F9,2025-06-30T20:16:43.017214841Z,01JZ17AK41GP2DW5ZS1AJ3K35J,2025-06-30T20:16:43.017214841Z,01JZ17G70SJ14STM6REY4G3XP7,2025-06-30T20:16:43.017214841Z,01JZ17G73V9W3VNSM29V3RZ5DW,2025-06-30T20:16:43.017214841Z
01JZ18SYRYEHA9T7ZCX5QBSEFJ,01JZ18G4TN4FH7205KTQTFE7PM,2025-06-30T20:35:08.702640717Z,01JZ18G4XDWA3A08Y0HZ5HSAAF,2025-06-30T20:35:08.702640717Z,01JZ18KBAJ0PGQTXZHZSD7KQ4A,2025-06-30T20:35:08.702640717Z,01JZ18R0Z5Z926ZA90YM7MYTK3,2025-06-30T20:35:08.702640717Z,01JZ18R133QMRQ38HG6QRP200S,2025-06-30T20:35:08.702640717Z
01JZ1923S67T38T2E5VG98MJ7M,01JZ18G4TN4FH7205KTQTFE7PM,2025-06-30T20:39:35.974587208Z,01JZ18G508W9SSEDAT6B79GZND,2025-06-30T20:39:35.974587208Z,01JZ18J46H2273JNNKGGW4JXM3,2025-06-30T20:39:35.974587208Z,01JZ18STDNJEZSFCWMMDNZVD2H,2025-06-30T20:39:35.974587208Z,01JZ18SV7J133908AJQ39H2H6W,2025-06-30T20:39:35.974587208Z
01JZ1BD8EVXRG5J2189BJPE3VM,01JZ1B1VZ9TM9N3252XVVAH9DZ,2025-06-30T21:20:38.363074259Z,01JZ1B1W5AJ9N87HJBZ99HRQPJ,2025-06-30T21:20:38.363074259Z,01JZ1B4CR8JCWXXD7BQPA68N6Z,2025-06-30T21:20:38.363074259Z,01JZ1BB7ETZS9BEX799QEABQ0R,2025-06-30T21:20:38.363074259Z,01JZ1BB7QDF6PAHDHT1Z0ZNWHF,2025-06-30T21:20:38.363074259Z
01JZ1BJ5GES8MNEFXPE7GE1FZH,01JZ1B1VZ9TM9N3252XVVAH9DZ,2025-06-30T21:23:19.182518381Z,01JZ1B1W6S117BH8HCA7NH9R7E,2025-06-30T21:23:19.182518381Z,01JZ1B4JZ145G1JXSZ180MKZQ7,2025-06-30T21:23:19.182518381Z,01JZ1BAHDKSRY9Y8MMEK86CJS4,2025-06-30T21:23:19.182518381Z,01JZ1BAHTJ9DNZD6W2WDN8KC6P,2025-06-30T21:23:19.182518381Z
01JZ17RJE6HVCN7BH970DHQC2T,01JZ170DPRHYGRH6M74WMGZ8J5,2025-06-30T20:16:54.726886788Z,01JZ170DRV33K8D9D9ZMQKAW2D,2025-06-30T20:16:54.726886788Z,01JZ17A4X6KDHXD87KVKY87426,2025-06-30T20:16:54.726886788Z,01JZ17PPGX7JSSK85PVP6H7NR4,2025-06-30T20:16:54.726886788Z,01JZ17PPKHZMMEW30CS2EYEP6J,2025-06-30T20:16:54.726886788Z
01JZ17S1VXEEJHR7JCDPP9X8PE,01JZ170DPRHYGRH6M74WMGZ8J5,2025-06-30T20:17:10.525860167Z,01JZ170DS8YWG03GZVY59N3JD0,2025-06-30T20:17:10.525860167Z,01JZ17AFTYKZ447G4RP003MK6R,2025-06-30T20:17:10.525860167Z,01JZ17HNMJKGSE7QCGZDT7R79G,2025-06-30T20:17:10.525860167Z,01JZ17HNQ2QM92RRAQT66AF49H,2025-06-30T20:17:10.525860167Z
01JZ182GYRJ8RVJK6G4ZEXVW3G,01JZ170DPRHYGRH6M74WMGZ8J5,2025-06-30T20:22:20.888873306Z,01JZ170DS9MMA8EZAVKYS5SMHX,2025-06-30T20:22:20.888873306Z,01JZ177D1EC4DDHNWKT4R7S3XA,2025-06-30T20:22:20.888873306Z,01JZ17TR5WS052RB5963SEQK02,2025-06-30T20:22:20.888873306Z,01JZ17TRGFFXKAYPE40KD63RY1,2025-06-30T20:22:20.888873306Z
01JZ18Z4ZBXDTA64BB0YTPS4W5,01JZ18G4TN4FH7205KTQTFE7PM,2025-06-30T20:37:58.891447804Z,01JZ18G4YA2XRQ9RK4RH5WQB1P,2025-06-30T20:37:58.891447804Z,01JZ18KR3KN1X0F0J0JP7HHD78,2025-06-30T20:37:58.891447804Z,01JZ18Q1SHZX0HATET1MQN9ET3,2025-06-30T20:37:58.891447804Z,01JZ18Q21BG6KQSPN28TPPD913,2025-06-30T20:37:58.891447804Z
01JZ1BQNMSSBNQ5QXHF43CG8AA,01JZ1B1VZ9TM9N3252XVVAH9DZ,2025-06-30T21:26:19.545701164Z,01JZ1B1W5TAZ0C76DBH0ZAEY5X,2025-06-30T21:26:19.545701164Z,01JZ1B3WZ5Q8VM6YQPSTYC2J5Y,2025-06-30T21:26:19.545701164Z,01JZ1BNNFF9MV2BR5CAE8TGEYC,2025-06-30T21:26:19.545701164Z,01JZ1BNP376CH9A495TNXV41GV,2025-06-30T21:26:19.545701164Z
01JZ1BVBNDGSSTZN44K1X52PCV,01JZ1B1VZ9TM9N3252XVVAH9DZ,2025-06-30T21:28:20.397103481Z,01JZ1B1W5TAZ0C76DBH0ZAEY5X,2025-06-30T21:28:20.397103481Z,01JZ1B3WZ5Q8VM6YQPSTYC2J5Y,2025-06-30T21:28:20.397103481Z,01JZ1BNNFF9MV2BR5CAE8TGEYC,2025-06-30T21:28:20.397103481Z,01JZ1BNP5PBKXV8ESFM96T5G4E,2025-06-30T21:28:20.397103481Z
01JZ17PAD4BVH68P3WEAM6BAKV,01JZ170DPRHYGRH6M74WMGZ8J5,2025-06-30T20:15:40.964433675Z,01JZ170DS434CCJM920K0JDY80,2025-06-30T20:15:40.964433675Z,01JZ17AA6B6W27BR52VPQ8MSYM,2025-06-30T20:15:40.964433675Z,01JZ17MESGQH4PGAZ2NQBVJJAG,2025-06-30T20:15:40.964433675Z,01JZ17MEV712MM5YZJ7MX7PD80,2025-06-30T20:15:40.964433675Z
01JZ190WNVY0AHWZJSZE701GK5,01JZ18G4TN4FH7205KTQTFE7PM,2025-06-30T20:38:55.931643873Z,01JZ18G4Z7SR18DC8PDBR22HS5,2025-06-30T20:38:55.931643873Z,01JZ18KKD45G2Z51GTDYMFBGF8,2025-06-30T20:38:55.931643873Z,01JZ18S8WHVH4M4KJ49MQHRMWQ,2025-06-30T20:38:55.931643873Z,01JZ18S936CMXW4V0EAQ0AP209,2025-06-30T20:38:55.931643873Z
01JZ1BGYP31DC8SZSM78G8MGAJ,01JZ1B1VZ9TM9N3252XVVAH9DZ,2025-06-30T21:22:39.428014195Z,01JZ1B1W5AJ9N87HJBZ99HRQPJ,2025-06-30T21:22:39.428014195Z,01JZ1B33W2SNBC1YKZXCY0285E,2025-06-30T21:22:39.428014195Z,01JZ1BB7ETZS9BEX799QEABQ0R,2025-06-30T21:22:39.428014195Z,01JZ1BB7S0WNXZQFD1C73769V3,2025-06-30T21:22:39.428014195Z
01JZ1BS28A4HW3Q2AV0BXG6FCD,01JZ1B1VZ9TM9N3252XVVAH9DZ,2025-06-30T21:27:05.226248962Z,01JZ1B1W68Y1JCNSRHTZJR0WTB,2025-06-30T21:27:05.226248962Z,01JZ1B7EJ94Z1F34T98KN1PN13,2025-06-30T21:27:05.226248962Z,01JZ1BH45TYYSNR9HRYXWTVB04,2025-06-30T21:27:05.226248962Z,01JZ1BH4RVE34PYY4WF2W33DR9,2025-06-30T21:27:05.226248962Z
01JZ17PTTXZ6MB91VACM77CRCK,01JZ170DPRHYGRH6M74WMGZ8J5,2025-06-30T20:15:57.789956833Z,01JZ170DSMJZPS89ZBMFZ7ATK7,2025-06-30T20:15:57.789956833Z,01JZ178V1SBS1YEEZCW5R3AAJF,2025-06-30T20:15:57.789956833Z,01JZ17MYDW712GB678NHAF4EAC,2025-06-30T20:15:57.789956833Z,01JZ17MYK6TSEM0FE9TJ34XM6C,2025-06-30T20:15:57.789956833Z
01JZ17Z1J001JMWV7CYFQNA1TB,01JZ170DPRHYGRH6M74WMGZ8J5,2025-06-30T20:20:26.816465694Z,01JZ170DS5DJKXJ3Z7YVJKJJXK,2025-06-30T20:20:26.816465694Z,01JZ17DQRYSG711N7R05SC14HP,2025-06-30T20:20:26.816465694Z,01JZ17QA4RZBJN8FPG3Q7FD7PZ,2025-06-30T20:20:26.816465694Z,01JZ17QA9V9911GNS74NJ3F2SB,2025-06-30T20:20:26.816465694Z
01JZ18SY3MHCB9JQ54ZJ7YXRDM,01JZ18G4TN4FH7205KTQTFE7PM,2025-06-30T20:35:08.02052001Z,01JZ18G508W9SSEDAT6B79GZND,2025-06-30T20:35:08.02052001Z,01JZ18JV7KEJAEZVY4PCFX2BA4,2025-06-30T20:35:08.02052001Z,01JZ18STB8HB9DV2CVT0ZSHGAA,2025-06-30T20:35:08.02052001Z,01JZ18STM862C8KDCA8BFNPX0D,2025-06-30T20:35:08.02052001Z
01JZ190WPXYAR8R0S28V7R9ZSV,01JZ18G4TN4FH7205KTQTFE7PM,2025-06-30T20:38:55.965838866Z,01JZ18G4Z7SR18DC8PDBR22HS5,2025-06-30T20:38:55.965838866Z,01JZ18K0S7ESWE4C2YKPFWVG9K,2025-06-30T20:38:55.965838866Z,01JZ18S8WHVH4M4KJ49MQHRMWQ,2025-06-30T20:38:55.965838866Z,01JZ18S936CMXW4V0EAQ0AP209,2025-06-30T20:38:55.965838866Z
01JZ1BG6HFNH3649PJ23JP5RQT,01JZ1B1VZ9TM9N3252XVVAH9DZ,2025-06-30T21:22:14.704009144Z,01JZ1B1W6S117BH8HCA7NH9R7E,2025-06-30T21:22:14.704009144Z,01JZ1B4JZ145G1JXSZ180MKZQ7,2025-06-30T21:22:14.704009144Z,01JZ1BAHCPD0S01DARX26K93JP,2025-06-30T21:22:14.704009144Z,01JZ1BAHQZCEJFHZVQ6PYBVW81,2025-06-30T21:22:14.704009144Z
01JZ1CMEM9D6CTJ9WABAK84Z0S,01JZ1C4XJFQQ45ZHGATAXVBX0J,2025-06-30T21:42:02.633518039Z,01JZ1C4XNE4VHGMR9JDZS6Y7F9,2025-06-30T21:42:02.633518039Z,01JZ1CB9F4KXDQP2PHJCZHP1QC,2025-06-30T21:42:02.633518039Z,01JZ1CM9HSWSHAX9FB9M6KQ29W,2025-06-30T21:42:02.633518039Z,01JZ1CM9RFST88QA1FS194B25R,2025-06-30T21:42:02.633518039Z
01JZ197SPK2XTFSJR1EQS9NZCZ,01JZ18QHX9XGN83K6T42FK97D5,2025-06-30T20:42:42.259138857Z,01JZ18QHYY9H3H8G0D5BR000CA,2025-06-30T20:42:42.259138857Z,01JZ18XHK71TAH4K8NFWQ8XDAZ,2025-06-30T20:42:42.259138857Z,01JZ1903GX535CTZP2QSYEN36R,2025-06-30T20:42:42.259138857Z,01JZ19056Q1Z9M1EPPGR830BD6,2025-06-30T20:42:42.259138857Z
01JZ1BGYRD7MXW7WK1H3EGRZKP,01JZ1B1VZ9TM9N3252XVVAH9DZ,2025-06-30T21:22:39.501912163Z,01JZ1B1W5AJ9N87HJBZ99HRQPJ,2025-06-30T21:22:39.501912163Z,01JZ1B7J9GMSKP5R199VT378SX,2025-06-30T21:22:39.501912163Z,01JZ1BB7ETZS9BEX799QEABQ0R,2025-06-30T21:22:39.501912163Z,01JZ1BB7S0WNXZQFD1C73769V3,2025-06-30T21:22:39.501912163Z
01JZ1BSGMK8GT21DSKCG0EMWJX,01JZ1B1VZ9TM9N3252XVVAH9DZ,2025-06-30T21:27:19.955293229Z,01JZ1B1W5TAZ0C76DBH0ZAEY5X,2025-06-30T21:27:19.955293229Z,01JZ1B42FGZXM24HBWN8AZM67K,2025-06-30T21:27:19.955293229Z,01JZ1BNNFF9MV2BR5CAE8TGEYC,2025-06-30T21:27:19.955293229Z,01JZ1BNP4DESZ5QDB1Z8RGHMBQ,2025-06-30T21:27:19.955293229Z
01JZ1F2E4PZF8TWJS36PPRNQY2,01JZ1E916HBESJXS5SJ82BFZ21,2025-06-30T22:24:38.038736679Z,01JZ1E923XSJ5V9JGGJQR2CG7M,2025-06-30T22:24:38.038736679Z,01JZ1EF4VM7JABTTZNP94E67E7,2025-06-30T22:24:38.038736679Z,01JZ1F28PF9P2Q45FHCT2P249Q,2025-06-30T22:24:38.038736679Z,01JZ1F2929ZKMX4Q4JXCBP4BWJ,2025-06-30T22:24:38.038736679Z
01JZ17RTQQPDS4VKDC3Q0CPXSD,01JZ170DPRHYGRH6M74WMGZ8J5,2025-06-30T20:17:03.223442718Z,01JZ170DSP5HFMBRZWFQV8RFVC,2025-06-30T20:17:03.223442718Z,01JZ17992QEDC71MF0NWEGAJEP,2025-06-30T20:17:03.223442718Z,01JZ17RSK3N0BNCJAFQS3YEYB5,2025-06-30T20:17:03.223442718Z,01JZ17RSMJHYZP5AXK87BWWWYY,2025-06-30T20:17:03.223442718Z
01JZ18PC6CVXNBNNMJ611EGCE8,01JZ18G4TN4FH7205KTQTFE7PM,2025-06-30T20:33:11.372223833Z,01JZ18G4X5EPR69QT64DVYQXFJ,2025-06-30T20:33:11.372223833Z,01JZ18HXXDMVGXCQ4P1CVWEG2V,2025-06-30T20:33:11.372223833Z,01JZ18PAR9WBWEPQGQAVBFV7BZ,2025-06-30T20:33:11.372223833Z,01JZ18PARXYSM6SGM2B8A7M1YP,2025-06-30T20:33:11.372223833Z
01JZ18RR0849HWTV98ERPAWH4W,01JZ18G4TN4FH7205KTQTFE7PM,2025-06-30T20:34:29.000103372Z,01JZ18G4XMK5QHE5YNTR43VZ9V,2025-06-30T20:34:29.000103372Z,01JZ18JXMPKC16YBJ9SWX6E74P,2025-06-30T20:34:29.000103372Z,01JZ18RP7K0MQCXP7DDG2EV4WD,2025-06-30T20:34:29.000103372Z,01JZ18RPAN9E7YY547RMV3BXKB,2025-06-30T20:34:29.000103372Z
01JZ18ZZDA2B2CQEBP2CKG9W78,01JZ18G4TN4FH7205KTQTFE7PM,2025-06-30T20:38:25.962860978Z,01JZ18G4ZZG5A688HVVJGKBFVW,2025-06-30T20:38:25.962860978Z,01JZ18K484MAW8WSQHH7HSG9Z4,2025-06-30T20:38:25.962860978Z,01JZ18RFRDFAMMNBDDR8ZFEFZN,2025-06-30T20:38:25.962860978Z,01JZ18RFXSEQ2N657BWC024J6D,2025-06-30T20:38:25.962860978Z
01JZ1BEBJGDQGW1KDNSP7AY55T,01JZ1B1VZ9TM9N3252XVVAH9DZ,2025-06-30T21:21:14.320242622Z,01JZ1B1W6S117BH8HCA7NH9R7E,2025-06-30T21:21:14.320242622Z,01JZ1B51FGYNJ0T68GXM1MEH1R,2025-06-30T21:21:14.320242622Z,01JZ1BAHCPD0S01DARX26K93JP,2025-06-30T21:21:14.320242622Z,01JZ1BAHQ3N624S6Q9735D697Y,2025-06-30T21:21:14.320242622Z
01JZ1BJT5RE445ZMR8FP9XJ3HR,01JZ1B1VZ9TM9N3252XVVAH9DZ,2025-06-30T21:23:40.344420641Z,01JZ1B1W5AJ9N87HJBZ99HRQPJ,2025-06-30T21:23:40.344420641Z,01JZ1B33W2SNBC1YKZXCY0285E,2025-06-30T21:23:40.344420641Z,01JZ1BB7J8Y8W753ARSJ77X4CV,2025-06-30T21:23:40.344420641Z,01JZ1BB7W6W7V0P8VBTA6CVNWM,2025-06-30T21:23:40.344420641Z
01JZ1DQQ7M805K00RRJ1P9JF8R,01JZ1D0RX94M7HHBAJDNGV8QRS,2025-06-30T22:01:18.324348323Z,01JZ1D0S064NT759Q480WCA8PK,2025-06-30T22:01:18.324348323Z,01JZ1DEJMJQ3008TVKPGG206S9,2025-06-30T22:01:18.324348323Z,01JZ1DFXV9T1EVC6HZV4AB9RYD,2025-06-30T22:01:18.324348323Z,01JZ1DFYY3YCK7AD9N3RJDSMKB,2025-06-30T22:01:18.324348323Z
01JZ17RCCAKEMFGV2PHWA2PFEP,01JZ170DPRHYGRH6M74WMGZ8J5,2025-06-30T20:16:48.523006362Z,01JZ170DRQN15452AYS561M232,2025-06-30T20:16:48.523006362Z,01JZ17EC9TCGFEVCEX7CCFP6AJ,2025-06-30T20:16:48.523006362Z,01JZ17RBBXJNB1SM787WX1GG11,2025-06-30T20:16:48.523006362Z,01JZ17RBEWY4JQKJ0PXR25HY01,2025-06-30T20:16:48.523006362Z
01JZ18RKRM825SYKYKYTSDHFBW,01JZ18G4TN4FH7205KTQTFE7PM,2025-06-30T20:34:24.660900409Z,01JZ18G50G0GKPPCFSW2N0ZNW1,2025-06-30T20:34:24.660900409Z,01JZ18MW05S42NZ47MWBQC7P11,2025-06-30T20:34:24.660900409Z,01JZ18RHHCVE30JQC8SHSPW4MY,2025-06-30T20:34:24.660900409Z,01JZ18RHJ5XN95EAZN19VJ8641,2025-06-30T20:34:24.660900409Z
01JZ17KRC3BJZWXYXFKP8866QW,01JZ170DPRHYGRH6M74WMGZ8J5,2025-06-30T20:14:16.963210775Z,01JZ170DS434CCJM920VN081CV,2025-06-30T20:14:16.963210775Z,01JZ17A78DPNXD645MNCYQ5HYS,2025-06-30T20:14:16.963210775Z,01JZ17HX0ZXKJ4A0TXNHXA38XE,2025-06-30T20:14:16.963210775Z,01JZ17HX27YPRH0BCQM17SB655,2025-06-30T20:14:16.963210775Z
01JZ17P2SC474W662ZDAZK6KT8,01JZ170DPRHYGRH6M74WMGZ8J5,2025-06-30T20:15:33.164416675Z,01JZ170DSBT7R80F1BC6BFNZAP,2025-06-30T20:15:33.164416675Z,01JZ17E2HGHQEBNZ4BGFQ4PF6N,2025-06-30T20:15:33.164416675Z,01JZ17JC3646JKWR0PPXMYYSSE,2025-06-30T20:15:33.164416675Z,01JZ17JC4DA2M858N1JG0BZKRD,2025-06-30T20:15:33.164416675Z
01JZ17YDMT58SMNK7R18VX903G,01JZ170DPRHYGRH6M74WMGZ8J5,2025-06-30T20:20:06.426601921Z,01JZ170DRV33K8D9D9ZMQKAW2D,2025-06-30T20:20:06.426601921Z,01JZ17A4X6KDHXD87KVKY87426,2025-06-30T20:20:06.426601921Z,01JZ17PPHXYGVWTQWQ3EC28RK2,2025-06-30T20:20:06.426601921Z,01JZ17PPN70GGETHBSX3JG0VWX,2025-06-30T20:20:06.426601921Z
01JZ18Y603VPXB28FM8RDNRBXR,01JZ18G4TN4FH7205KTQTFE7PM,2025-06-30T20:37:27.171307703Z,01JZ18G4Y1ABZPJ815NAWEN19T,2025-06-30T20:37:27.171307703Z,01JZ18JEHHPNBFM751TV8GEBJ2,2025-06-30T20:37:27.171307703Z,01JZ18PMFB1RM4KC0PGZ592WHC,2025-06-30T20:37:27.171307703Z,01JZ18PMMB3RYW5S37W68XT56Q,2025-06-30T20:37:27.171307703Z
01JZ18ZDYB9HAY66HHPGSAH880,01JZ18G4TN4FH7205KTQTFE7PM,2025-06-30T20:38:08.075449662Z,01JZ18G4YK3PSP6R2PNWBA4P8S,2025-06-30T20:38:08.075449662Z,01JZ18K6XVG6N44078RFW6M633,2025-06-30T20:38:08.075449662Z,01JZ18QWAXDS741W4C9GD54TCD,2025-06-30T20:38:08.075449662Z,01JZ18QWGR4TZ5C0S7H01YRPTG,2025-06-30T20:38:08.075449662Z
01JZ1BCGG05RTMNRRWKBCN7WKE,01JZ1B1VZ9TM9N3252XVVAH9DZ,2025-06-30T21:20:13.824724867Z,01JZ1B1W6S117BH8HCA7NH9R7E,2025-06-30T21:20:13.824724867Z,01JZ1B7296HT4QZTVSQ7DGFCMT,2025-06-30T21:20:13.824724867Z,01JZ1BAHCPD0S01DARX26K93JP,2025-06-30T21:20:13.824724867Z,01JZ1BAHNHRP82EBP2C9D80PGX,2025-06-30T21:20:13.824724867Z
01JZ1BN080KK071N9WJ7483XW1,01JZ1B1VZ9TM9N3252XVVAH9DZ,2025-06-30T21:24:52.097001063Z,01JZ1B1W68Y1JCNSRHTZJR0WTB,2025-06-30T21:24:52.097001063Z,01JZ1B84EMA8EXMS4XB5YP9VDA,2025-06-30T21:24:52.097001063Z,01JZ1BH44X88X65JM8T5DXFWMN,2025-06-30T21:24:52.097001063Z,01JZ1BH4JHZV8JT24JS97DA9P7,2025-06-30T21:24:52.097001063Z
01JZ17NSMTS3T5SBPREX61RX99,01JZ170DPRHYGRH6M74WMGZ8J5,2025-06-30T20:15:23.802981372Z,01JZ170DSXXMDA003X79NFA4N0,2025-06-30T20:15:23.802981372Z,01JZ17CZMJ8ZJDC1BKFXHNXYR1,2025-06-30T20:15:23.802981372Z,01JZ17NRRNJAESN764PNSNC899,2025-06-30T20:15:23.802981372Z,01JZ17NRSX9Y03TPQ0Y539E3J5,2025-06-30T20:15:23.802981372Z
01JZ18R76QQPM31BFDNHHB3N1H,01JZ18G4TN4FH7205KTQTFE7PM,2025-06-30T20:34:11.799899557Z,01JZ18G4X5EPR69QT64DVYQXFJ,2025-06-30T20:34:11.799899557Z,01JZ18M07T82RGAMZEPD0QD6Q9,2025-06-30T20:34:11.799899557Z,01JZ18PAPZYGZBF3DQ7XCBJ9MP,2025-06-30T20:34:11.799899557Z,01JZ18PATDHBC84W84GJ8KFFEF,2025-06-30T20:34:11.799899557Z
01JZ1ATGXK06PZF5N4YRBEPB71,01JZ19VEXCKVX740B60X4W6PQN,2025-06-30T21:10:24.435805093Z,01JZ19VF3FCDRKA7RA8CE3SQDH,2025-06-30T21:10:24.435805093Z,01JZ1A9FT19KFC6EXDW9G1CYS7,2025-06-30T21:10:24.435805093Z,01JZ1AK0G5B46WY2VWCGE07ZNR,2025-06-30T21:10:24.435805093Z,01JZ1AK0TX4ERGZ5YFKG2BE46V,2025-06-30T21:10:24.435805093Z
01JZ1DSM8Q5GQE60JPE10F949C,01JZ1D0RX94M7HHBAJDNGV8QRS,2025-06-30T22:02:20.823665833Z,01JZ1D0S61XK8FZCNQBM2ZAEE6,2025-06-30T22:02:20.823665833Z,01JZ1D7ZVRAH2JHDPAGNC0VP2T,2025-06-30T22:02:20.823665833Z,01JZ1DHG8H05GH2W9SB4K6K1E6,2025-06-30T22:02:20.823665833Z,01JZ1DHH2TQQCBCQ5N4R09DNTG,2025-06-30T22:02:20.823665833Z
01JZ1EY51XA3AG46BNX0JNHX23,01JZ1E916HBESJXS5SJ82BFZ21,2025-06-30T22:22:17.661593243Z,01JZ1E91WFH0SPDF0PZ6G1349X,2025-06-30T22:22:17.661593243Z,01JZ1ENXKQ8QM070MZA5HYVVNG,2025-06-30T22:22:17.661593243Z,01JZ1EY0NZMS86PHXH9J9EA1SV,2025-06-30T22:22:17.661593243Z,01JZ1EY14TV1ASQBW7E97M8X82,2025-06-30T22:22:17.661593243Z
01JZ1GY6K1PY8NMXHQE641F461,01JZ1G29Q82GQAKEXSK2E7NK3R,2025-06-30T22:57:16.385924884Z,01JZ1G2A58JMFV91VV93EGJJQY,2025-06-30T22:57:16.385924884Z,01JZ1GV1M5Q32ZNQW2E45R5EH9,2025-06-30T22:57:16.385924884Z,01JZ1GW3DRA0H5QCSGM2BKZ7GX,2025-06-30T22:57:16.385924884Z,01JZ1GW40WADE9EGAKBT399YMZ,2025-06-30T22:57:16.385924884Z
01JZ17WNJX0KZBNAG0DM2TXBK2,01JZ170DPRHYGRH6M74WMGZ8J5,2025-06-30T20:19:09.021248907Z,01JZ170DSMJZPS89ZBMFZ7ATK7,2025-06-30T20:19:09.021248907Z,01JZ17K3Y03J2B5JTWV2Q8DEEQ,2025-06-30T20:19:09.021248907Z,01JZ17MYEV0AG6XJGH9VVJQXPH,2025-06-30T20:19:09.021248907Z,01JZ17MYPS2K5MNF432JBFSPAV,2025-06-30T20:19:09.021248907Z
01JZ17YGSHM386R9ZQABDA3KXW,01JZ170DPRHYGRH6M74WMGZ8J5,2025-06-30T20:20:09.649589584Z,01JZ170DS9MMA8EZAVKYS5SMHX,2025-06-30T20:20:09.649589584Z,01JZ17HFJ1YVGFVR94GB9T8A4P,2025-06-30T20:20:09.649589584Z,01JZ17TR7E1D7CES1YNCABFX51,2025-06-30T20:20:09.649589584Z,01JZ17TRBBRN18K8M8NDSQNJSF,2025-06-30T20:20:09.649589584Z
01JZ1AATA5G8AN4YJXWTHRNG4E,01JZ19VEXCKVX740B60X4W6PQN,2025-06-30T21:01:49.765938831Z,01JZ19VF5YA4VZJRJDVJVY1XBY,2025-06-30T21:01:49.765938831Z,01JZ19XHW6DGGPDJ4763JBPGZ5,2025-06-30T21:01:49.765938831Z,01JZ1AAR1060BHD991DM45EP7A,2025-06-30T21:01:49.765938831Z,01JZ1AAR4AJMBCW9THXN5SJZM5,2025-06-30T21:01:49.765938831Z
01JZ1AGPD7V4030BD5A06K0XP2,01JZ19VEXCKVX740B60X4W6PQN,2025-06-30T21:05:02.375503679Z,01JZ19VF9WCS5BMDRCPXZK6ZBF,2025-06-30T21:05:02.375503679Z,01JZ19Y3KYVSPMBWF3EF2S04D7,2025-06-30T21:05:02.375503679Z,01JZ1A8RS6D439ZX1WYM84CQP1,2025-06-30T21:05:02.375503679Z,01JZ1A8S60ZA8S8V5F0HDNHNSP,2025-06-30T21:05:02.375503679Z
01JZ1GHWHKR5CF5Y4FGJSGH630,01JZ1G29Q82GQAKEXSK2E7NK3R,2025-06-30T22:50:32.883877104Z,01JZ1G2A3Q53QEYHDQX68WVVKH,2025-06-30T22:50:32.883877104Z,01JZ1G4QT3J0N96RSDER5H66SR,2025-06-30T22:50:32.883877104Z,01JZ1GE1CN3AV1GMRSBHB6RFHY,2025-06-30T22:50:32.883877104Z,01JZ1GE1VW3W3YP6NDGQJ6R543,2025-06-30T22:50:32.883877104Z
01JZ17RTQDNEHZTB5M1NTQH8GS,01JZ170DPRHYGRH6M74WMGZ8J5,2025-06-30T20:17:03.213801075Z,01JZ170DSP5HFMBRZWFQV8RFVC,2025-06-30T20:17:03.213801075Z,01JZ17D1Z4NJ06X2DRQ0XR8Y1G,2025-06-30T20:17:03.213801075Z,01JZ17RSK3N0BNCJAFQS3YEYB5,2025-06-30T20:17:03.213801075Z,01JZ17RSMJHYZP5AXK87BWWWYY,2025-06-30T20:17:03.213801075Z
01JZ17YBF0WBKQMP6ZWJHDZXNF,01JZ170DPRHYGRH6M74WMGZ8J5,2025-06-30T20:20:04.192829159Z,01JZ170DSP5HFMBRZWFQV8RFVC,2025-06-30T20:20:04.192829159Z,01JZ17P1EBWH8TSGC8FNQFNMW7,2025-06-30T20:20:04.192829159Z,01JZ17RSKP4T7TM013SKSDCBN6,2025-06-30T20:20:04.192829159Z,01JZ17RSPGTG8C99KA4YPDYFVC,2025-06-30T20:20:04.192829159Z
01JZ18PC61P7GS620JAN9DRVMM,01JZ18G4TN4FH7205KTQTFE7PM,2025-06-30T20:33:11.361182324Z,01JZ18G4X5EPR69QT64DVYQXFJ,2025-06-30T20:33:11.361182324Z,01JZ18J0PFCTBHRZ327Y7ADC0R,2025-06-30T20:33:11.361182324Z,01JZ18PAR9WBWEPQGQAVBFV7BZ,2025-06-30T20:33:11.361182324Z,01JZ18PARXYSM6SGM2B8A7M1YP,2025-06-30T20:33:11.361182324Z
01JZ18SK6JKEQX194QRHWF1SN2,01JZ18G4TN4FH7205KTQTFE7PM,2025-06-30T20:34:56.850055774Z,01JZ18G4ZDA13FR053ZT1R1FPF,2025-06-30T20:34:56.850055774Z,01JZ18JGS17Q4PV0ZHE2RS3V2D,2025-06-30T20:34:56.850055774Z,01JZ18NR677M02YFM90F21XHAA,2025-06-30T20:34:56.850055774Z,01JZ18NR9N5HZPVK7V13ZT23CD,2025-06-30T20:34:56.850055774Z
01JZ18Y3SYAVBQE1M2AFDWZT8G,01JZ18G4TN4FH7205KTQTFE7PM,2025-06-30T20:37:24.926427981Z,01JZ18G4ZZG5A688HVVJGKBFVW,2025-06-30T20:37:24.926427981Z,01JZ18N0JKWFKXBS82BQZ5RVQD,2025-06-30T20:37:24.926427981Z,01JZ18RFQ4W09NKQ14XZ3KQN1E,2025-06-30T20:37:24.926427981Z,01JZ18RFW4J096JYHRDJWPBVBD,2025-06-30T20:37:24.926427981Z
01JZ1A8W4H0AE765M9CBTZMGF0,01JZ19VEXCKVX740B60X4W6PQN,2025-06-30T21:00:46.097630183Z,01JZ19VF9WCS5BMDRCPXZK6ZBF,2025-06-30T21:00:46.097630183Z,01JZ19Y3KYVSPMBWF3EF2S04D7,2025-06-30T21:00:46.097630183Z,01JZ1A8RR2GDW6GS56QAP6TW67,2025-06-30T21:00:46.097630183Z,01JZ1A8RV787P63EBKYZCXAXA1,2025-06-30T21:00:46.097630183Z
01JZ17J0GGPWYM578X1HSKQE42,01JZ170DPRHYGRH6M74WMGZ8J5,2025-06-30T20:13:19.76053163Z,01JZ170DRRRWN613C5WJQ8B5Q6,2025-06-30T20:13:19.76053163Z,01JZ17D5ERR5YZYXD6Y3AFJ1M0,2025-06-30T20:13:19.76053163Z,01JZ17G525MGXJWBMSF6HV25RV,2025-06-30T20:13:19.76053163Z,01JZ17G53WVHW3K4ZXG0XD5F11,2025-06-30T20:13:19.76053163Z
01JZ17R6ZJFQMC653PWHTREVH9,01JZ170DPRHYGRH6M74WMGZ8J5,2025-06-30T20:16:42.994875399Z,01JZ170DRSFZ9Y16965WN1Z2F9,2025-06-30T20:16:42.994875399Z,01JZ17C7XWANHTDKEBR013EKFH,2025-06-30T20:16:42.994875399Z,01JZ17G70SJ14STM6REY4G3XP7,2025-06-30T20:16:42.994875399Z,01JZ17G73V9W3VNSM29V3RZ5DW,2025-06-30T20:16:42.994875399Z
01JZ17S2D7QPJZWSXWN6YBC60Y,01JZ170DPRHYGRH6M74WMGZ8J5,2025-06-30T20:17:11.079258045Z,01JZ170DRXVGFVP20P8DK3M491,2025-06-30T20:17:11.079258045Z,01JZ17B2PHRTHG9KZ1P8A1158Q,2025-06-30T20:17:11.079258045Z,01JZ17H2JWJMBDAZPE9P38DECW,2025-06-30T20:17:11.079258045Z,01JZ17H2NKW7C4QCAZA2CAXE8H,2025-06-30T20:17:11.079258045Z
01JZ18ZVJ5TMGTVGWP9SKFPY8A,01JZ18G4TN4FH7205KTQTFE7PM,2025-06-30T20:38:22.021118759Z,01JZ18G4ZPD0G0WRB3ZSNJ4KSW,2025-06-30T20:38:22.021118759Z,01JZ18JPR0CJ8HT66ZQ08VW9PH,2025-06-30T20:38:22.021118759Z,01JZ18QMFXN721VEA2NDQX9P2G,2025-06-30T20:38:22.021118759Z,01JZ18QMWYP84CPDPK40E53HFC,2025-06-30T20:38:22.021118759Z
01JZ1DJ38QKJ8R5FZY3J1HDXQT,01JZ1D0RX94M7HHBAJDNGV8QRS,2025-06-30T21:58:14.039862678Z,01JZ1D0S064NT759Q480WCA8PK,2025-06-30T21:58:14.039862678Z,01JZ1DCDN091GX33H1NPEY9NA8,2025-06-30T21:58:14.039862678Z,01JZ1DFXKSWPB74HF8RE7BCFY9,2025-06-30T21:58:14.039862678Z,01JZ1DFYGHJTXQFBB5R3JYYTCY,2025-06-30T21:58:14.039862678Z
01JZ17M804T34VE4XV35GJSKWD,01JZ170DPRHYGRH6M74WMGZ8J5,2025-06-30T20:14:32.964525528Z,01JZ170DSBT7R80F1BC6BFNZAP,2025-06-30T20:14:32.964525528Z,01JZ17EXP8SEZEBZPSE6GPG8ZM,2025-06-30T20:14:32.964525528Z,01JZ17JC3646JKWR0PPXMYYSSE,2025-06-30T20:14:32.964525528Z,01JZ17JC4BH6DXFB1MF05VR7P5,2025-06-30T20:14:32.964525528Z
01JZ1AJ9ZAG3446P1SBKRNXHBG,01JZ19VEXCKVX740B60X4W6PQN,2025-06-30T21:05:55.178207774Z,01JZ19VF5YA4VZJRJDVJVY1XBY,2025-06-30T21:05:55.178207774Z,01JZ1A13JPV17BYBZFE5Z1TESS,2025-06-30T21:05:55.178207774Z,01JZ1AAR2NPD6QV68SPHG41X06,2025-06-30T21:05:55.178207774Z,01JZ1AAR9QYSJ3W706404KREXX,2025-06-30T21:05:55.178207774Z
01JZ1BF3J8719141A9V5YVA4RX,01JZ1B1VZ9TM9N3252XVVAH9DZ,2025-06-30T21:21:38.889001358Z,01JZ1B1W5AJ9N87HJBZ99HRQPJ,2025-06-30T21:21:38.889001358Z,01JZ1B33W2SNBC1YKZXCY0285E,2025-06-30T21:21:38.889001358Z,01JZ1BB7ETZS9BEX799QEABQ0R,2025-06-30T21:21:38.889001358Z,01JZ1BB7R5NDJ6N0E4JV728HM3,2025-06-30T21:21:38.889001358Z
01JZ18T5KDSJKFV24Z9AMS8G04,01JZ18G4TN4FH7205KTQTFE7PM,2025-06-30T20:35:15.693244795Z,01JZ18G512YK4K14AJW1A4KQT5,2025-06-30T20:35:15.693244795Z,01JZ18JHACQMQPJCAE4XRR7QFX,2025-06-30T20:35:15.693244795Z,01JZ18R8CZAK9T47Q30YNKNJNG,2025-06-30T20:35:15.693244795Z,01JZ18R8FP2PK8E1K46EBVN6DP,2025-06-30T20:35:15.693244795Z
01JZ18VX2P5XVGCGAE7N43P7S3,01JZ18G4TN4FH7205KTQTFE7PM,2025-06-30T20:36:12.50263148Z,01JZ18G4X5EPR69QT64DVYQXFJ,2025-06-30T20:36:12.50263148Z,01JZ18J0PFCTBHRZ327Y7ADC0R,2025-06-30T20:36:12.50263148Z,01JZ18PAPZYGZBF3DQ7XCBJ9MP,2025-06-30T20:36:12.50263148Z,01JZ18PAV4CZ083Z3090NH4W96,2025-06-30T20:36:12.50263148Z
01JZ18YXBKZ1XE49BQDG6HT2S5,01JZ18G4TN4FH7205KTQTFE7PM,2025-06-30T20:37:51.091462322Z,01JZ18G4YTQTSXFW2X0Y80VGVG,2025-06-30T20:37:51.091462322Z,01JZ18JSY9P3KAE5N38ASDX51K,2025-06-30T20:37:51.091462322Z,01JZ18QCJ5F2TDDGTM86PBKVEG,2025-06-30T20:37:51.091462322Z,01JZ18QCQGFPC5A6D9RYBZQX6F,2025-06-30T20:37:51.091462322Z
01JZ1BSX03XDW6X1MZGMNDSJ8R,01JZ1B1VZ9TM9N3252XVVAH9DZ,2025-06-30T21:27:32.611656195Z,01JZ1B1W46BH5YH0XYSE8KJRBK,2025-06-30T21:27:32.611656195Z,01JZ1BEHJTZVP4GP4G96Q0PZBM,2025-06-30T21:27:32.611656195Z,01JZ1BJ1EF1GE16G0A1JBEPRNS,2025-06-30T21:27:32.611656195Z,01JZ1BJ1SBSN34XNBS78WBRGJR,2025-06-30T21:27:32.611656195Z
01JZ1FFK3N4KGY84HGV90XFWJC,01JZ1E916HBESJXS5SJ82BFZ21,2025-06-30T22:31:49.109623064Z,01JZ1E91ENR7DC2PFTK7ZY5PTJ,2025-06-30T22:31:49.109623064Z,01JZ1EH0Y7EBSVGC3G89BQ213G,2025-06-30T22:31:49.109623064Z,01JZ1F70MP8EMZE5ECG6QP8N7N,2025-06-30T22:31:49.109623064Z,01JZ1F71S5NZ000HD8G8K8DMAQ,2025-06-30T22:31:49.109623064Z
01JZ1AK3GQ8PFNVTDQEEW1A0Y7,01JZ19VEXCKVX740B60X4W6PQN,2025-06-30T21:06:21.335843953Z,01JZ19VF3FCDRKA7RA8CE3SQDH,2025-06-30T21:06:21.335843953Z,01JZ19ZZZP5WTAHKTYB8XNJEC6,2025-06-30T21:06:21.335843953Z,01JZ1AK0DBQXGCYJCG3YA80XRE,2025-06-30T21:06:21.335843953Z,01JZ1AK0KB9WTWX0NP3E9RWAV3,2025-06-30T21:06:21.335843953Z
01JZ17QX6MQRNXMJH5MR1Y6ZVZ,01JZ170DPRHYGRH6M74WMGZ8J5,2025-06-30T20:16:32.980461206Z,01JZ170DRWH3Q5VEKFYTCWXCB9,2025-06-30T20:16:32.980461206Z,01JZ17C9CHCZD4MC1P47MP5FMT,2025-06-30T20:16:32.980461206Z,01JZ17M6426GB2CWYTAT7MS6CN,2025-06-30T20:16:32.980461206Z,01JZ17M669R4VX12DNHRDK2A40,2025-06-30T20:16:32.980461206Z
01JZ17RJCJF2QXTFM5DVXET87D,01JZ170DPRHYGRH6M74WMGZ8J5,2025-06-30T20:16:54.674263005Z,01JZ170DRV33K8D9D9ZMQKAW2D,2025-06-30T20:16:54.674263005Z,01JZ17PJ3VDZQD3TEH95CF73QJ,2025-06-30T20:16:54.674263005Z,01JZ17PPGX7JSSK85PVP6H7NR4,2025-06-30T20:16:54.674263005Z,01JZ17PPKHZMMEW30CS2EYEP6J,2025-06-30T20:16:54.674263005Z
01JZ17SQYT4NGM1D8B8RNVRYEE,01JZ170DPRHYGRH6M74WMGZ8J5,2025-06-30T20:17:33.146539884Z,01JZ170DRWH3Q5VEKFYTCWXCB9,2025-06-30T20:17:33.146539884Z,01JZ17C9CHCZD4MC1P47MP5FMT,2025-06-30T20:17:33.146539884Z,01JZ17M6426GB2CWYTAT7MS6CN,2025-06-30T20:17:33.146539884Z,01JZ17M66CRZJG66NVRGEF34B3,2025-06-30T20:17:33.146539884Z
01JZ17X6E44DAPY44M42EQ0SX1,01JZ170DPRHYGRH6M74WMGZ8J5,2025-06-30T20:19:26.276079418Z,01JZ170DS0283SZNEN95XAWWS4,2025-06-30T20:19:26.276079418Z,01JZ17NQ4AD6VM7PXCZNF246W5,2025-06-30T20:19:26.276079418Z,01JZ17NT7EMFQXG1J8BV4ZA47S,2025-06-30T20:19:26.276079418Z,01JZ17NTAT5PYSK8MFEYTY9GVR,2025-06-30T20:19:26.276079418Z
01JZ18XM3R2QDNB37D1GN9PJP4,01JZ18G4TN4FH7205KTQTFE7PM,2025-06-30T20:37:08.856858941Z,01JZ18G508W9SSEDAT6B79GZND,2025-06-30T20:37:08.856858941Z,01JZ18JN66MX5CA0E4FYBV08Y2,2025-06-30T20:37:08.856858941Z,01JZ18STHY2VTQFD4CXMK2KF14,2025-06-30T20:37:08.856858941Z,01JZ18STSC4NTMXFTGAYPERD0M,2025-06-30T20:37:08.856858941Z
01JZ190AQDWEDPQBFWTW5TSH6Q,01JZ18QHX9XGN83K6T42FK97D5,2025-06-30T20:38:37.549383001Z,01JZ18QHYY9H3H8G0D5BR000CA,2025-06-30T20:38:37.549383001Z,01JZ18TPQGGX70KYFXP5KFA0ZD,2025-06-30T20:38:37.549383001Z,01JZ1903AFQ46DQQCHMAXT5VXE,2025-06-30T20:38:37.549383001Z,01JZ1903RH8M0N7VGXPV5NVFE7,2025-06-30T20:38:37.549383001Z
01JZ1AH0VBBNRHG43VBHKTFDE4,01JZ19VEXCKVX740B60X4W6PQN,2025-06-30T21:05:13.067235138Z,01JZ19VF9WCS5BMDRCPXZK6ZBF,2025-06-30T21:05:13.067235138Z,01JZ18QF2693Q9TCBGRNNEEKBJ,2025-06-30T21:05:13.067235138Z,01JZ1A8RRMDWP0AE0XY4GVAREN,2025-06-30T21:05:13.067235138Z,01JZ1A8S8W2CM5YMQB7BGVDZGF,2025-06-30T21:05:13.067235138Z
01JZ1BMMK4FF7W8CSQHFPP499B,01JZ1B1VZ9TM9N3252XVVAH9DZ,2025-06-30T21:24:40.164678891Z,01JZ1B1W2WT8MR9NJ7RDDSFH2M,2025-06-30T21:24:40.164678891Z,01JZ1B40FQ24C0Z8EC9VKSS7KY,2025-06-30T21:24:40.164678891Z,01JZ1BD44PFFYBYMY5MP17VM3Y,2025-06-30T21:24:40.164678891Z,01JZ1BD4HRECF275A2V1NH487D,2025-06-30T21:24:40.164678891Z
01JZ1FACBGNQPV595M0Q6NEA9W,01JZ1E916HBESJXS5SJ82BFZ21,2025-06-30T22:28:58.352538422Z,01JZ1E923XSJ5V9JGGJQR2CG7M,2025-06-30T22:28:58.352538422Z,01JZ1EED3A8PGE3DSBSCB45ADQ,2025-06-30T22:28:58.352538422Z,01JZ1F28W7H4V05K01XJ3W0HSB,2025-06-30T22:28:58.352538422Z,01JZ1F29K9PKDH706N9ARTKQEK,2025-06-30T22:28:58.352538422Z
01JZ1BN0B00E7HPSD9HXWHBF9W,01JZ1B1VZ9TM9N3252XVVAH9DZ,2025-06-30T21:24:52.192145694Z,01JZ1B1W68Y1JCNSRHTZJR0WTB,2025-06-30T21:24:52.192145694Z,01JZ1B62EVJPYFB1CKMM3NTQNK,2025-06-30T21:24:52.192145694Z,01JZ1BH44X88X65JM8T5DXFWMN,2025-06-30T21:24:52.192145694Z,01JZ1BH4JHZV8JT24JS97DA9P7,2025-06-30T21:24:52.192145694Z
01JZ17M7ZTAYPGNX7RVY1KNZH5,01JZ170DPRHYGRH6M74WMGZ8J5,2025-06-30T20:14:32.95503385Z,01JZ170DSBT7R80F1BC6BFNZAP,2025-06-30T20:14:32.95503385Z,01JZ177S5KY8F9N4218V4EVNPY,2025-06-30T20:14:32.95503385Z,01JZ17JC3646JKWR0PPXMYYSSE,2025-06-30T20:14:32.95503385Z,01JZ17JC4BH6DXFB1MF05VR7P5,2025-06-30T20:14:32.95503385Z
01JZ17NK3AVS6Q3600DAV227A9,01JZ170DPRHYGRH6M74WMGZ8J5,2025-06-30T20:15:17.098604014Z,01JZ170DS434CCJM920VN081CV,2025-06-30T20:15:17.098604014Z,01JZ17BSJ6X9VEMM4EYWC90B29,2025-06-30T20:15:17.098604014Z,01JZ17HX0ZXKJ4A0TXNHXA38XE,2025-06-30T20:15:17.098604014Z,01JZ17HX29RXA2F91504PRNF2V,2025-06-30T20:15:17.098604014Z
01JZ180VANQRVHPG5D9VTE544Q,01JZ170DPRHYGRH6M74WMGZ8J5,2025-06-30T20:21:25.973482414Z,01JZ170DSP5HFMBRZWFQV8RFVC,2025-06-30T20:21:25.973482414Z,01JZ17992QEDC71MF0NWEGAJEP,2025-06-30T20:21:25.973482414Z,01JZ17RSJJTRQ3PSBCBXKXE637,2025-06-30T20:21:25.973482414Z,01JZ17RSSN6G8Y8TD3Z81DX4KH,2025-06-30T20:21:25.973482414Z
01JZ18RA9TCJZBFJWDNE2XJE7N,01JZ18G4TN4FH7205KTQTFE7PM,2025-06-30T20:34:14.970142214Z,01JZ18G512YK4K14AJW1A4KQT5,2025-06-30T20:34:14.970142214Z,01JZ18JHACQMQPJCAE4XRR7QFX,2025-06-30T20:34:14.970142214Z,01JZ18R8B98P4BYKECZBPDN4K7,2025-06-30T20:34:14.970142214Z,01JZ18R8E7XZBZJD4NABXEFK48,2025-06-30T20:34:14.970142214Z
01JZ190DCSWRAM982Y530E880J,01JZ18G4TN4FH7205KTQTFE7PM,2025-06-30T20:38:40.281312351Z,01JZ18G4WPK6V9JKZAVKNYS3NB,2025-06-30T20:38:40.281312351Z,01JZ18K4JZ90XMGGNXMJGKEJ5P,2025-06-30T20:38:40.281312351Z,01JZ18RRASEVE9RRSH50SEW5V6,2025-06-30T20:38:40.281312351Z,01JZ18RRGYP9TJ020R0N2G4J5J,2025-06-30T20:38:40.281312351Z
01JZ190YXBM2HDQ11BJ66J9WMW,01JZ18G4TN4FH7205KTQTFE7PM,2025-06-30T20:38:58.219574549Z,01JZ18G4ZZG5A688HVVJGKBFVW,2025-06-30T20:38:58.219574549Z,01JZ18N06YG4ZMSQQQ92S1PQNP,2025-06-30T20:38:58.219574549Z,01JZ18RFR1W3YDRVBYSTVG4Z41,2025-06-30T20:38:58.219574549Z,01JZ18RG0CQ87A49BPS6H0BNG2,2025-06-30T20:38:58.219574549Z
01JZ1A6TGSTAMYXDD3DWZB6HQV,01JZ19VEXCKVX740B60X4W6PQN,2025-06-30T20:59:38.906092552Z,01JZ19VF1X4TGM9HTAVFF08YB3,2025-06-30T20:59:38.906092552Z,01JZ19YSKES03CBT0DQ4XQZD4Y,2025-06-30T20:59:38.906092552Z,01JZ1A31STNBCB1FNASKSH9RM4,2025-06-30T20:59:38.906092552Z,01JZ1A323YY42SPD46VTD3ZHQB,2025-06-30T20:59:38.906092552Z
01JZ17SXBM7DYS1XGW0FV1XW9Q,01JZ170DPRHYGRH6M74WMGZ8J5,2025-06-30T20:17:38.676596611Z,01JZ170DS434CCJM920VN081CV,2025-06-30T20:17:38.676596611Z,01JZ17BPKZNHJ9DBN3R83MMZW2,2025-06-30T20:17:38.676596611Z,01JZ17HX14FY8E41PWFYHSWJ2P,2025-06-30T20:17:38.676596611Z,01JZ17HX3WVKQRC38GFPG7DBE6,2025-06-30T20:17:38.676596611Z
01JZ18X8VZ7SK07EMSXVHKDJT2,01JZ18G4TN4FH7205KTQTFE7PM,2025-06-30T20:36:57.343301735Z,01JZ18G4ZPD0G0WRB3ZSNJ4KSW,2025-06-30T20:36:57.343301735Z,01JZ18KKFGMMT5SG9HSP332X5F,2025-06-30T20:36:57.343301735Z,01JZ18QMDSQREXVSZ9J332HVG7,2025-06-30T20:36:57.343301735Z,01JZ18QMP1NGMSRYBNGZBSJCK9,2025-06-30T20:36:57.343301735Z
01JZ18YXAXVFNNE63Z3FEQY167,01JZ18G4TN4FH7205KTQTFE7PM,2025-06-30T20:37:51.069215859Z,01JZ18G4YTQTSXFW2X0Y80VGVG,2025-06-30T20:37:51.069215859Z,01JZ18J569YAEG0XPKSGQBZNYX,2025-06-30T20:37:51.069215859Z,01JZ18QCJ5F2TDDGTM86PBKVEG,2025-06-30T20:37:51.069215859Z,01JZ18QCQGFPC5A6D9RYBZQX6F,2025-06-30T20:37:51.069215859Z
01JZ1D9ATYE0VK8YFVJSP6TANA,01JZ1D0RX94M7HHBAJDNGV8QRS,2025-06-30T21:53:26.879017576Z,01JZ1D0S58CJJ0G6BA8AW8ZVCS,2025-06-30T21:53:26.879017576Z,01JZ1D6ZQPM67S4BNXG3Y9BBD9,2025-06-30T21:53:26.879017576Z,01JZ1D970J7VS4DE30PQJCG6XG,2025-06-30T21:53:26.879017576Z,01JZ1D977NWSQEK933SK4JY40A,2025-06-30T21:53:26.879017576Z
01JZ1DD2ZFDJK49QC6WPDFNTF2,01JZ1D0RX94M7HHBAJDNGV8QRS,2025-06-30T21:55:29.903416572Z,01JZ1D0S2S8SEBXETFQJSTGM5V,2025-06-30T21:55:29.903416572Z,01JZ1D5N9EKRCKNEX5N0FCN65V,2025-06-30T21:55:29.903416572Z,01JZ1D77TJ31JQY4W7YSZVV4R8,2025-06-30T21:55:29.903416572Z,01JZ1D78JZB1AME7TTABD6CEHT,2025-06-30T21:55:29.903416572Z
01JZ1F696P6AV6KTXM10BTB7NA,01JZ1E916HBESJXS5SJ82BFZ21,2025-06-30T22:26:44.054404387Z,01JZ1E91SWVSXS6FK33QCMH9SP,2025-06-30T22:26:44.054404387Z,01JZ1F2TBXEZEKPK7X854K54D8,2025-06-30T22:26:44.054404387Z,01JZ1F45E1EEK0EVP02WHSXZM6,2025-06-30T22:26:44.054404387Z,01JZ1F45VZVDT9061EX8ANHAEF,2025-06-30T22:26:44.054404387Z
01JZ1GKRM082JKBW87B0GVF918,01JZ1G29Q82GQAKEXSK2E7NK3R,2025-06-30T22:51:34.400339105Z,01JZ1G2A9825Q9R0AFVXQNTR63,2025-06-30T22:51:34.400339105Z,01JZ1GA1RX69WV7RYS6J14XWQD,2025-06-30T22:51:34.400339105Z,01JZ1GKM1M98RKJZ6DVXPWE5H6,2025-06-30T22:51:34.400339105Z,01JZ1GKMA9D804W1YF6T6TV2ZZ,2025-06-30T22:51:34.400339105Z
01JZ17SBZRCMSX9WPN00RPVJWW,01JZ170DPRHYGRH6M74WMGZ8J5,2025-06-30T20:17:20.888891409Z,01JZ170DS8YWG03GZVY59N3JD0,2025-06-30T20:17:20.888891409Z,01JZ17FA2MQ87XVRF9HC0R27GC,2025-06-30T20:17:20.888891409Z,01JZ17HNMFBJ73AV6PBJ6E0ZQ5,2025-06-30T20:17:20.888891409Z,01JZ17HNQKM5Q6V1MHWC4MZRD2,2025-06-30T20:17:20.888891409Z
01JZ190YW3YQ2MRW2DSXG6JHFP,01JZ18G4TN4FH7205KTQTFE7PM,2025-06-30T20:38:58.179424487Z,01JZ18G4ZZG5A688HVVJGKBFVW,2025-06-30T20:38:58.179424487Z,01JZ18JE9A6THSRA3515C4Q3GE,2025-06-30T20:38:58.179424487Z,01JZ18RFR1W3YDRVBYSTVG4Z41,2025-06-30T20:38:58.179424487Z,01JZ18RG0CQ87A49BPS6H0BNG2,2025-06-30T20:38:58.179424487Z
01JZ1BX72HRA0MCQ4Q4A8QWCB1,01JZ1B1VZ9TM9N3252XVVAH9DZ,2025-06-30T21:29:21.233463583Z,01JZ1B1W5TAZ0C76DBH0ZAEY5X,2025-06-30T21:29:21.233463583Z,01JZ1BNKT1EA6BGVVN8436Q4BP,2025-06-30T21:29:21.233463583Z,01JZ1BNNH562Q854YV4P9FQ9JA,2025-06-30T21:29:21.233463583Z,01JZ1BNPBK29NQN24A8RHSD4TC,2025-06-30T21:29:21.233463583Z
01JZ1F2QKJA10V9EKVJG8WAB0R,01JZ1E916HBESJXS5SJ82BFZ21,2025-06-30T22:24:47.730427392Z,01JZ1E91Q18GQE49C0XSDVMF75,2025-06-30T22:24:47.730427392Z,01JZ1EKW5BGVN2WN0MZV6XE5EZ,2025-06-30T22:24:47.730427392Z,01JZ1F2JAV0QHT42E605BBH8CR,2025-06-30T22:24:47.730427392Z,01JZ1F2JHJYDEZX2V65J05MT5K,2025-06-30T22:24:47.730427392Z
01JZ1F6ENT9G16WD66NYYYMMWX,01JZ1E916HBESJXS5SJ82BFZ21,2025-06-30T22:26:49.658891591Z,01JZ1E91Q18GQE49C0XSDVMF75,2025-06-30T22:26:49.658891591Z,01JZ1EVFEHVN1QQPSCMZ2EZ73P,2025-06-30T22:26:49.658891591Z,01JZ1F2JC80W096GAN654HJE4R,2025-06-30T22:26:49.658891591Z,01JZ1F2JPKHQQS9FMNV4W2YS8Y,2025-06-30T22:26:49.658891591Z
01JZ17N9B4NDEH8TZDD20K5CZQ,01JZ170DPRHYGRH6M74WMGZ8J5,2025-06-30T20:15:07.108449364Z,01JZ170DS32PJY8CQRMADJXFRG,2025-06-30T20:15:07.108449364Z,01JZ17A8QJRMY4CTZ0TGBPTVC4,2025-06-30T20:15:07.108449364Z,01JZ17HJXZJXBNGG98GAB8QMCF,2025-06-30T20:15:07.108449364Z,01JZ17HK0SVP1ABZQAHDNEMPR2,2025-06-30T20:15:07.108449364Z
01JZ190EFTSBSNGFDXNWEKFQ00,01JZ18G4TN4FH7205KTQTFE7PM,2025-06-30T20:38:41.402496234Z,01JZ18G4ZZG5A688HVVJGKBFVW,2025-06-30T20:38:41.402496234Z,01JZ18N06YG4ZMSQQQ92S1PQNP,2025-06-30T20:38:41.402496234Z,01JZ18RFPSBYDPWWM1XEC3ZD1K,2025-06-30T20:38:41.402496234Z,01JZ18RFYZM994ZBBJ03EY6DVF,2025-06-30T20:38:41.402496234Z
01JZ1917M5TC6D0Q67T1JZ4NEA,01JZ18G4TN4FH7205KTQTFE7PM,2025-06-30T20:39:07.141072799Z,01JZ18G4Z7SR18DC8PDBR22HS5,2025-06-30T20:39:07.141072799Z,01JZ18HPXJ4G52DBV1JHKTXZPH,2025-06-30T20:39:07.141072799Z,01JZ18S8XT12G8V1PAKVTN6A36,2025-06-30T20:39:07.141072799Z,01JZ18S94Q821AQ06RB0P0ZB2X,2025-06-30T20:39:07.141072799Z
01JZ1GSBD2BYJAN005CXH7DTVD,01JZ1G29Q82GQAKEXSK2E7NK3R,2025-06-30T22:54:37.474875368Z,01JZ1G2A9825Q9R0AFVXQNTR63,2025-06-30T22:54:37.474875368Z,01JZ1GA1RX69WV7RYS6J14XWQD,2025-06-30T22:54:37.474875368Z,01JZ1GKM3A5ATBGFJSYTP1DWZY,2025-06-30T22:54:37.474875368Z,01JZ1GKMG6M89423S5Y2GPD6D5,2025-06-30T22:54:37.474875368Z
01JZ17RTQ9QKVBP393P47RNAX4,01JZ170DPRHYGRH6M74WMGZ8J5,2025-06-30T20:17:03.209327673Z,01JZ170DSP5HFMBRZWFQV8RFVC,2025-06-30T20:17:03.209327673Z,01JZ17GRXVCB86SQX36KBD73NW,2025-06-30T20:17:03.209327673Z,01JZ17RSK3N0BNCJAFQS3YEYB5,2025-06-30T20:17:03.209327673Z,01JZ17RSMJHYZP5AXK87BWWWYY,2025-06-30T20:17:03.209327673Z
01JZ1826S9K9M23P02FT05763X,01JZ170DPRHYGRH6M74WMGZ8J5,2025-06-30T20:22:10.473631375Z,01JZ170DS9MMA8EZAVKYS5SMHX,2025-06-30T20:22:10.473631375Z,01JZ17S6ZC1ZB5QAG0E0350NSD,2025-06-30T20:22:10.473631375Z,01JZ17TR6X8TWBF7X6J4SZFVJ8,2025-06-30T20:22:10.473631375Z,01JZ17TRDZ3MV73YK1X2ZDQY7N,2025-06-30T20:22:10.473631375Z
01JZ1AAT9NJQ7030J150JBVXMT,01JZ19VEXCKVX740B60X4W6PQN,2025-06-30T21:01:49.749943331Z,01JZ19VF5YA4VZJRJDVJVY1XBY,2025-06-30T21:01:49.749943331Z,01JZ19XQ9SYW5JG2B10Z2EXJ0C,2025-06-30T21:01:49.749943331Z,01JZ1AAR1060BHD991DM45EP7A,2025-06-30T21:01:49.749943331Z,01JZ1AAR4AJMBCW9THXN5SJZM5,2025-06-30T21:01:49.749943331Z
01JZ1BD8DTQHJ3WM5RRYGJPGRK,01JZ1B1VZ9TM9N3252XVVAH9DZ,2025-06-30T21:20:38.330772192Z,01JZ1B1W5AJ9N87HJBZ99HRQPJ,2025-06-30T21:20:38.330772192Z,01JZ1B4M3WKZR9J1GGJ7PR0S32,2025-06-30T21:20:38.330772192Z,01JZ1BB7ETZS9BEX799QEABQ0R,2025-06-30T21:20:38.330772192Z,01JZ1BB7QDF6PAHDHT1Z0ZNWHF,2025-06-30T21:20:38.330772192Z
01JZ191989DT0J8NJ9DPP024E5,01JZ18G4TN4FH7205KTQTFE7PM,2025-06-30T20:39:08.809570539Z,01JZ18G4WPK6V9JKZAVKNYS3NB,2025-06-30T20:39:08.809570539Z,01JZ18HQA6W5BPMK1V3RE89H1N,2025-06-30T20:39:08.809570539Z,01JZ18RR9VM7GJWMP15BXNKK3H,2025-06-30T20:39:08.809570539Z,01JZ18RRKZFVZS57TSPFRFWCEZ,2025-06-30T20:39:08.809570539Z
01JZ192M8R7BHKDQAK0SA5AQD3,01JZ18QHX9XGN83K6T42FK97D5,2025-06-30T20:39:52.856300236Z,01JZ18QHZ9KPT0XZ66BZ9ZB89K,2025-06-30T20:39:52.856300236Z,01JZ18YPKHPP41HP4A0Q4F3DHM,2025-06-30T20:39:52.856300236Z,01JZ190NH1278RPC2MCD2QJWTN,2025-06-30T20:39:52.856300236Z,01JZ190NPF4KCTVES8QQVQPPQ1,2025-06-30T20:39:52.856300236Z
01JZ198EF64BFZGAY2EQZ4NB9A,01JZ18QHX9XGN83K6T42FK97D5,2025-06-30T20:43:03.526408009Z,01JZ18QHYY9H3H8G0D5BR000CA,2025-06-30T20:43:03.526408009Z,01JZ18TPQGGX70KYFXP5KFA0ZD,2025-06-30T20:43:03.526408009Z,01JZ1903EEWXHFPKFJN2CK77YH,2025-06-30T20:43:03.526408009Z,01JZ1905KVG0P5M45Q6GQ0WZHZ,2025-06-30T20:43:03.526408009Z
01JZ1A6TE90JSPKHQNHB0ECBV4,01JZ19VEXCKVX740B60X4W6PQN,2025-06-30T20:59:38.825493552Z,01JZ19VF1X4TGM9HTAVFF08YB3,2025-06-30T20:59:38.825493552Z,01JZ19X9AX1VPBDDCP087HWECT,2025-06-30T20:59:38.825493552Z,01JZ1A31STNBCB1FNASKSH9RM4,2025-06-30T20:59:38.825493552Z,01JZ1A323YY42SPD46VTD3ZHQB,2025-06-30T20:59:38.825493552Z
01JZ1F32GVYW308TSWERW3062C,01JZ1E916HBESJXS5SJ82BFZ21,2025-06-30T22:24:58.907863561Z,01JZ1E91Z6K0ZJGCC53Q4JQWJP,2025-06-30T22:24:58.907863561Z,01JZ1EMNNJSEW14RVAN4FX9H51,2025-06-30T22:24:58.907863561Z,01JZ1EXBWE57CVQYV0Q5D3TA2S,2025-06-30T22:24:58.907863561Z,01JZ1EXC9JG0P6WP27ASKQ4WSK,2025-06-30T22:24:58.907863561Z
01JZ17KV8KCPEJGHVF7BME1XS7,01JZ170DPRHYGRH6M74WMGZ8J5,2025-06-30T20:14:19.923381487Z,01JZ170DRRRWN613C5WJQ8B5Q6,2025-06-30T20:14:19.923381487Z,01JZ1783Y320G4QQ1JCVQAE220,2025-06-30T20:14:19.923381487Z,01JZ17G525MGXJWBMSF6HV25RV,2025-06-30T20:14:19.923381487Z,01JZ17G53YJG35VR54J3X52CY9,2025-06-30T20:14:19.923381487Z
01JZ17YQ1X64XHMWGDMWV0XHAC,01JZ170DPRHYGRH6M74WMGZ8J5,2025-06-30T20:20:16.061432475Z,01JZ170DS5DJKXJ3Z7YVJKJJXK,2025-06-30T20:20:16.061432475Z,01JZ178QXEVM580BRMFA0XSN9D,2025-06-30T20:20:16.061432475Z,01JZ17QA59QV908YAV00Z9M88J,2025-06-30T20:20:16.061432475Z,01JZ17QA8Z5AQT5PQN1RAFMA1B,2025-06-30T20:20:16.061432475Z
01JZ17Z1HPEZRCFM400WWZZAAS,01JZ170DPRHYGRH6M74WMGZ8J5,2025-06-30T20:20:26.806587084Z,01JZ170DS5DJKXJ3Z7YVJKJJXK,2025-06-30T20:20:26.806587084Z,01JZ17FZXSD3JPY8Z3YRMZJDDV,2025-06-30T20:20:26.806587084Z,01JZ17QA4RZBJN8FPG3Q7FD7PZ,2025-06-30T20:20:26.806587084Z,01JZ17QA9V9911GNS74NJ3F2SB,2025-06-30T20:20:26.806587084Z
01JZ1806R70B8DKHAEP8F12QWD,01JZ170DPRHYGRH6M74WMGZ8J5,2025-06-30T20:21:04.903167787Z,01JZ170DSP5HFMBRZWFQV8RFVC,2025-06-30T20:21:04.903167787Z,01JZ178B4PCAFGN9QS0GJ0TQ84,2025-06-30T20:21:04.903167787Z,01JZ17RSKEA3VSTDSCVCP8YEVJ,2025-06-30T20:21:04.903167787Z,01JZ17RSQQ5R29M9ZYPYQHTQKD,2025-06-30T20:21:04.903167787Z
01JZ1ACP3Y7WZB2JJFSVBDXKFH,01JZ19VEXCKVX740B60X4W6PQN,2025-06-30T21:02:51.006531391Z,01JZ19VF5YA4VZJRJDVJVY1XBY,2025-06-30T21:02:51.006531391Z,01JZ1A4C7ZG2R9MAMN2NVT495T,2025-06-30T21:02:51.006531391Z,01JZ1AAR361JZ1CYXHJ50PJVG2,2025-06-30T21:02:51.006531391Z,01JZ1AAR6J4Q9AG6P4AY46QPY9,2025-06-30T21:02:51.006531391Z
01JZ1AGC3HKDQ9FWPFEAS0Z3TZ,01JZ19VEXCKVX740B60X4W6PQN,2025-06-30T21:04:51.825179154Z,01JZ19VF5YA4VZJRJDVJVY1XBY,2025-06-30T21:04:51.825179154Z,01JZ1A4C7ZG2R9MAMN2NVT495T,2025-06-30T21:04:51.825179154Z,01JZ1AAR361JZ1CYXHJ50PJVG2,2025-06-30T21:04:51.825179154Z,01JZ1AAR7NN2XS5Z2A6KJ0YYRK,2025-06-30T21:04:51.825179154Z
01JZ1EXG4KXR2WGXQ0H0BY8YB8,01JZ1E916HBESJXS5SJ82BFZ21,2025-06-30T22:21:56.243777281Z,01JZ1E91Z6K0ZJGCC53Q4JQWJP,2025-06-30T22:21:56.243777281Z,01JZ1EPVZGZEY9DBBKYD48H59H,2025-06-30T22:21:56.243777281Z,01JZ1EXBTQJWJW772Y9M5KFFJG,2025-06-30T22:21:56.243777281Z,01JZ1EXC3YN9DM2A0XMPN6XZ4G,2025-06-30T22:21:56.243777281Z
01JZ17HXK2ZH9JC2YZD6RK229X,01JZ170DPRHYGRH6M74WMGZ8J5,2025-06-30T20:13:16.771090447Z,01JZ170DS434CCJM920VN081CV,2025-06-30T20:13:16.771090447Z,01JZ17ENCSDKWD2M3Q3EC23N1W,2025-06-30T20:13:16.771090447Z,01JZ17HX0WDHJY255DWBEJWHE6,2025-06-30T20:13:16.771090447Z,01JZ17HX1MS15WGRQW72F0XWC5,2025-06-30T20:13:16.771090447Z
01JZ17M3JDTYRRQT54ZMXP6Y9S,01JZ170DPRHYGRH6M74WMGZ8J5,2025-06-30T20:14:28.429372333Z,01JZ170DSTXK5Z1DV671606E6A,2025-06-30T20:14:28.429372333Z,01JZ17995N07DABBEZWSHQJ20N,2025-06-30T20:14:28.429372333Z,01JZ17J85FH6ZCHDJEZZH3F672,2025-06-30T20:14:28.429372333Z,01JZ17J86TXJX9E283DBPBWRXS,2025-06-30T20:14:28.429372333Z
01JZ17QWW9JG78559GKFJYHA3H,01JZ170DPRHYGRH6M74WMGZ8J5,2025-06-30T20:16:32.650006264Z,01JZ170DRSFZ9Y16965WN1Z2F9,2025-06-30T20:16:32.650006264Z,01JZ17C681KCXJ6DBBJAQ640Z7,2025-06-30T20:16:32.650006264Z,01JZ17G70EF8S99NVNWP5G0YQ4,2025-06-30T20:16:32.650006264Z,01JZ17G73DDSDDSGVZG6A3MBYY,2025-06-30T20:16:32.650006264Z
01JZ17YQQ8J3XK77KC9KA4ZYFM,01JZ170DPRHYGRH6M74WMGZ8J5,2025-06-30T20:20:16.744928087Z,01JZ170DRV33K8D9D9ZMQKAW2D,2025-06-30T20:20:16.744928087Z,01JZ17DQR0WXBVGZE5VFC3T0EF,2025-06-30T20:20:16.744928087Z,01JZ17PPHN9RJYD8FZ3BDFYGXP,2025-06-30T20:20:16.744928087Z,01JZ17PPNWAQQ4EQFRJXVTMCA6,2025-06-30T20:20:16.744928087Z
01JZ18Y1GB348EGKDZEV5GBD0T,01JZ18G4TN4FH7205KTQTFE7PM,2025-06-30T20:37:22.57205457Z,01JZ18G50PJASP911XB82AW46K,2025-06-30T20:37:22.57205457Z,01JZ18JWY9W1XWEWVGSNZXRKZN,2025-06-30T20:37:22.57205457Z,01JZ18P6NBJ7Z652WDFV9M7NT4,2025-06-30T20:37:22.57205457Z,01JZ18P739EYESK92YXTAPSPB7,2025-06-30T20:37:22.57205457Z
01JZ1AQE701T809HX7XH553YBJ,01JZ19VEXCKVX740B60X4W6PQN,2025-06-30T21:08:43.360900401Z,01JZ19VF4XXDC5SP97SM18G8VM,2025-06-30T21:08:43.360900401Z,01JZ19XD6XDCZFB3F08CC7HS0Y,2025-06-30T21:08:43.360900401Z,01JZ1AQBF58925C38R5NVE04TV,2025-06-30T21:08:43.360900401Z,01JZ1AQBKKZ7EHDYEBGGQJ06YK,2025-06-30T21:08:43.360900401Z
01JZ1DSG94E97G8QFERKSVH9NQ,01JZ1D0RX94M7HHBAJDNGV8QRS,2025-06-30T22:02:16.740091568Z,01JZ1D0S4EMT97ECKQ06X1ZWAX,2025-06-30T22:02:16.740091568Z,01JZ1DEBFXXB5H1WJY1A2P9E20,2025-06-30T22:02:16.740091568Z,01JZ1DHWHN1GY9FT52VYW8NJ46,2025-06-30T22:02:16.740091568Z,01JZ1DHWZDVEZQQNZE9HKD8JZW,2025-06-30T22:02:16.740091568Z
01JZ1GR2BKT21Y4NQ9260DYW4C,01JZ1G29Q82GQAKEXSK2E7NK3R,2025-06-30T22:53:55.443798907Z,01JZ1G2A24PAZYJHH2EQFGJG7N,2025-06-30T22:53:55.443798907Z,01JZ1G7JX1NV5X3X0139HRSB32,2025-06-30T22:53:55.443798907Z,01JZ1GG47F5D37BWGM2YWNPGR3,2025-06-30T22:53:55.443798907Z,01JZ1GG4SBK5ZCAAK4TEE3N3YA,2025-06-30T22:53:55.443798907Z
01JZ18VDQZQ9VXP7CN7BRFS9AA,01JZ18G4TN4FH7205KTQTFE7PM,2025-06-30T20:35:56.799803097Z,01JZ18G4ZPD0G0WRB3ZSNJ4KSW,2025-06-30T20:35:56.799803097Z,01JZ18JPR0CJ8HT66ZQ08VW9PH,2025-06-30T20:35:56.799803097Z,01JZ18QMDSQREXVSZ9J332HVG7,2025-06-30T20:35:56.799803097Z,01JZ18QMN8KXV42Y2BEFTEBTVN,2025-06-30T20:35:56.799803097Z
01JZ18Y3TRGFEEVF0FP2S5WPTD,01JZ18G4TN4FH7205KTQTFE7PM,2025-06-30T20:37:24.952558604Z,01JZ18G4ZZG5A688HVVJGKBFVW,2025-06-30T20:37:24.952558604Z,01JZ18N06YG4ZMSQQQ92S1PQNP,2025-06-30T20:37:24.952558604Z,01JZ18RFQ4W09NKQ14XZ3KQN1E,2025-06-30T20:37:24.952558604Z,01JZ18RFW4J096JYHRDJWPBVBD,2025-06-30T20:37:24.952558604Z
01JZ1BSRJJKCGSP9VDXKB9PTVE,01JZ1B1VZ9TM9N3252XVVAH9DZ,2025-06-30T21:27:28.083037929Z,01JZ1B1W4RP0VXDDKCJTNKM3AX,2025-06-30T21:27:28.083037929Z,01JZ1B80W46R4JBTV3ZZ1YXW46,2025-06-30T21:27:28.083037929Z,01JZ1BNY8P6J7MV2A9X36WMPD0,2025-06-30T21:27:28.083037929Z,01JZ1BNYJE58CSDJ8V1RP7ASYS,2025-06-30T21:27:28.083037929Z
01JZ1CT0TA20MVCX97VW0TDGNR,01JZ1C4XJFQQ45ZHGATAXVBX0J,2025-06-30T21:45:05.098690759Z,01JZ1C4XNE4VHGMR9JDZS6Y7F9,2025-06-30T21:45:05.098690759Z,01JZ1CB9F4KXDQP2PHJCZHP1QC,2025-06-30T21:45:05.098690759Z,01JZ1CM9MH9FR8B6ZK0QM2XBF8,2025-06-30T21:45:05.098690759Z,01JZ1CM9YYDD48AM5D9EXZ54SW,2025-06-30T21:45:05.098690759Z
01JZ1DFMNYFRR71M30HCH3W7R1,01JZ1D0RX94M7HHBAJDNGV8QRS,2025-06-30T21:56:53.566375404Z,01JZ1D0S2S8SEBXETFQJSTGM5V,2025-06-30T21:56:53.566375404Z,01JZ1D322QVYNT268ZSCN1M2TD,2025-06-30T21:56:53.566375404Z,01JZ1D783SKDB58PW2W9ZDSBMC,2025-06-30T21:56:53.566375404Z,01JZ1D7967RTZSK1F0GMFX91JV,2025-06-30T21:56:53.566375404Z
01JZ1DM64C2S1A3MNG7QHFARH3,01JZ1D0RX94M7HHBAJDNGV8QRS,2025-06-30T21:59:22.508879232Z,01JZ1D0S14X3T6948SDJVF454K,2025-06-30T21:59:22.508879232Z,01JZ1D4M3DA9VHJGDM7TJDNSPA,2025-06-30T21:59:22.508879232Z,01JZ1DCMPT24SY5ZG1DM3G6TK4,2025-06-30T21:59:22.508879232Z,01JZ1DCN3H6C8558V191EKWT8C,2025-06-30T21:59:22.508879232Z
01JZ17NY860HRRQSR4RVNH6VRQ,01JZ170DPRHYGRH6M74WMGZ8J5,2025-06-30T20:15:28.518265431Z,01JZ170DSTXK5Z1DV671606E6A,2025-06-30T20:15:28.518265431Z,01JZ17BGC64Z781MGW1Y4T7SRJ,2025-06-30T20:15:28.518265431Z,01JZ17J85FH6ZCHDJEZZH3F672,2025-06-30T20:15:28.518265431Z,01JZ17J86YBS5SC5YYQWD3XJ54,2025-06-30T20:15:28.518265431Z
01JZ1AJ5PV0E3303MVBQ86D5TQ,01JZ19VEXCKVX740B60X4W6PQN,2025-06-30T21:05:50.811787149Z,01JZ19VF6XEW5FG377QGXCTRD1,2025-06-30T21:05:50.811787149Z,01JZ1A81RPET9TAZBW4YBB121E,2025-06-30T21:05:50.811787149Z,01JZ1ACG5AA6PRZ7WAEJWMNX2A,2025-06-30T21:05:50.811787149Z,01JZ1ACGEE7FQP6896MSH7FTZ1,2025-06-30T21:05:50.811787149Z
01JZ1BJV9E72MS3TH1JHXAEJWY,01JZ1B1VZ9TM9N3252XVVAH9DZ,2025-06-30T21:23:41.486658817Z,01JZ1B1W6S117BH8HCA7NH9R7E,2025-06-30T21:23:41.486658817Z,01JZ1B4F0AXDADE5G5GXRT5GAX,2025-06-30T21:23:41.486658817Z,01JZ1BAHG6QWWGBEPT681DK5Y7,2025-06-30T21:23:41.486658817Z,01JZ1BAJ3J3FZ3GMGRGR49591P,2025-06-30T21:23:41.486658817Z
01JZ1BMMPAMWQ5JAE06HG3QACP,01JZ1B1VZ9TM9N3252XVVAH9DZ,2025-06-30T21:24:40.26606058Z,01JZ1B1W2WT8MR9NJ7RDDSFH2M,2025-06-30T21:24:40.26606058Z,01JZ1BAVN5GCQ9KGRAEPYWSGEC,2025-06-30T21:24:40.26606058Z,01JZ1BD44PFFYBYMY5MP17VM3Y,2025-06-30T21:24:40.26606058Z,01JZ1BD4HRECF275A2V1NH487D,2025-06-30T21:24:40.26606058Z
01JZ1BPV7YD203VRNBYPYZ24QM,01JZ1B1VZ9TM9N3252XVVAH9DZ,2025-06-30T21:25:52.510116608Z,01JZ1B1W68Y1JCNSRHTZJR0WTB,2025-06-30T21:25:52.510116608Z,01JZ1B7EJ94Z1F34T98KN1PN13,2025-06-30T21:25:52.510116608Z,01JZ1BH44X88X65JM8T5DXFWMN,2025-06-30T21:25:52.510116608Z,01JZ1BH4KN12FMR11G35AYXHA6,2025-06-30T21:25:52.510116608Z
01JZ1F4F3MXCHSTMY6K1S477M9,01JZ1E916HBESJXS5SJ82BFZ21,2025-06-30T22:25:44.564172769Z,01JZ1E91MDHZVF6NVBEDDVGZWT,2025-06-30T22:25:44.564172769Z,01JZ1EARG6K6VN1DMMBQHNE2WC,2025-06-30T22:25:44.564172769Z,01JZ1EWVHXM95HAKJR9TT7S3AD,2025-06-30T22:25:44.564172769Z,01JZ1EWW16MB2V9TEJT00TP3MP,2025-06-30T22:25:44.564172769Z
01JZ1GVTZRZX884T4Q10CPRMGB,01JZ1G29Q82GQAKEXSK2E7NK3R,2025-06-30T22:55:58.968711872Z,01JZ1G29XRNS92G9JYEX4H033M,2025-06-30T22:55:58.968711872Z,01JZ1G3PKEWNM3BADHFXST2D82,2025-06-30T22:55:58.968711872Z,01JZ1GM6AT2QQ1RJ17GCG8VHAV,2025-06-30T22:55:58.968711872Z,01JZ1GM6ZN33PGN2TZ8H7EGZWC,2025-06-30T22:55:58.968711872Z
01JZ17X4XGB36ZDQDA4N0X22G2,01JZ170DPRHYGRH6M74WMGZ8J5,2025-06-30T20:19:24.720466142Z,01JZ170DSXXMDA003X79NFA4N0,2025-06-30T20:19:24.720466142Z,01JZ17G2CQ2WMWNSJEQJ6XDN5X,2025-06-30T20:19:24.720466142Z,01JZ17NRRR088W52FGBGCTETBE,2025-06-30T20:19:24.720466142Z,01JZ17NRWDQHY67B4DFPVPMKXW,2025-06-30T20:19:24.720466142Z
01JZ1806PHZ5681G5PWNAM83W4,01JZ170DPRHYGRH6M74WMGZ8J5,2025-06-30T20:21:04.849867437Z,01JZ170DSP5HFMBRZWFQV8RFVC,2025-06-30T20:21:04.849867437Z,01JZ17P1EBWH8TSGC8FNQFNMW7,2025-06-30T20:21:04.849867437Z,01JZ17RSKEA3VSTDSCVCP8YEVJ,2025-06-30T20:21:04.849867437Z,01JZ17RSQQ5R29M9ZYPYQHTQKD,2025-06-30T20:21:04.849867437Z
01JZ18WARHPKYQ44JHEPBMBYJ8,01JZ18G4TN4FH7205KTQTFE7PM,2025-06-30T20:36:26.51309296Z,01JZ18G4Y1ABZPJ815NAWEN19T,2025-06-30T20:36:26.51309296Z,01JZ18KZMETYG3YXGETN6WS81Q,2025-06-30T20:36:26.51309296Z,01JZ18PMF1481YNW4VF038RS60,2025-06-30T20:36:26.51309296Z,01JZ18PMK1Q07KH4CZNB9PR0WQ,2025-06-30T20:36:26.51309296Z
01JZ18XN78RFY55CW5BPNXEHWP,01JZ18G4TN4FH7205KTQTFE7PM,2025-06-30T20:37:09.993006352Z,01JZ18G4XDWA3A08Y0HZ5HSAAF,2025-06-30T20:37:09.993006352Z,01JZ18JX7AQFGHWSY2V5AEBRM0,2025-06-30T20:37:09.993006352Z,01JZ18R0Z5Z926ZA90YM7MYTK3,2025-06-30T20:37:09.993006352Z,01JZ18R140T00CBTTJPQH6HWCY,2025-06-30T20:37:09.993006352Z
01JZ190W36ERAN75Q79CJ5N6S2,01JZ18G4TN4FH7205KTQTFE7PM,2025-06-30T20:38:55.3346285Z,01JZ18G4XMK5QHE5YNTR43VZ9V,2025-06-30T20:38:55.3346285Z,01JZ18KPPCTRWET1CSH1Z4W2C4,2025-06-30T20:38:55.3346285Z,01JZ18RP91GEW9EVAQBZZAHXYV,2025-06-30T20:38:55.3346285Z,01JZ18RPFWG4XEQZ470ZR69YVD,2025-06-30T20:38:55.3346285Z
01JZ1ES13584R1XJ5DP9D7FZYZ,01JZ1E916HBESJXS5SJ82BFZ21,2025-06-30T22:19:29.765098895Z,01JZ1E91HHYKGR583PHV4V6JXR,2025-06-30T22:19:29.765098895Z,01JZ1EQAMF1CPBT3C20MBYJDP4,2025-06-30T22:19:29.765098895Z,01JZ1ERV7ACEK1D4TDCD2JD7PV,2025-06-30T22:19:29.765098895Z,01JZ1ERVFF9E2CR8QZ1VGZAVQ0,2025-06-30T22:19:29.765098895Z
01JZ1EXPR4A1DCGPK7SMB17PHT,01JZ1E916HBESJXS5SJ82BFZ21,2025-06-30T22:22:03.012543126Z,01JZ1E926BWK6TV1HDSC3ZQW4Y,2025-06-30T22:22:03.012543126Z,01JZ1EARCRST2HDXDY98Q0AYJ8,2025-06-30T22:22:03.012543126Z,01JZ1ESTDEHJ02W2S7D3PQQ6GF,2025-06-30T22:22:03.012543126Z,01JZ1ESTKZWMHWJK8FKBCQ0PA6,2025-06-30T22:22:03.012543126Z
01JZ17JXWCC0BXCDWD7Z0XXEAA,01JZ170DPRHYGRH6M74WMGZ8J5,2025-06-30T20:13:49.83629909Z,01JZ170DRXVGFVP20P8DK3M491,2025-06-30T20:13:49.83629909Z,01JZ17E3Q68P56EVHYKCV88P7R,2025-06-30T20:13:49.83629909Z,01JZ17H2JKQXYPBGV7RRHN6ECY,2025-06-30T20:13:49.83629909Z,01JZ17H2KX573H20YKHGZSB3KY,2025-06-30T20:13:49.83629909Z
01JZ18R44WKMC15W33DBR46G4T,01JZ18G4TN4FH7205KTQTFE7PM,2025-06-30T20:34:08.668722933Z,01JZ18G50PJASP911XB82AW46K,2025-06-30T20:34:08.668722933Z,01JZ18JWY9W1XWEWVGSNZXRKZN,2025-06-30T20:34:08.668722933Z,01JZ18P6M9PWBBNS9EFA2527RR,2025-06-30T20:34:08.668722933Z,01JZ18P6W0A982H5CMGKWBXZEF,2025-06-30T20:34:08.668722933Z
01JZ1AGP9DNKHD522WTE6XP9SX,01JZ19VEXCKVX740B60X4W6PQN,2025-06-30T21:05:02.253381159Z,01JZ19VF9WCS5BMDRCPXZK6ZBF,2025-06-30T21:05:02.253381159Z,01JZ18QF2693Q9TCBGRNNEEKBJ,2025-06-30T21:05:02.253381159Z,01JZ1A8RS6D439ZX1WYM84CQP1,2025-06-30T21:05:02.253381159Z,01JZ1A8S60ZA8S8V5F0HDNHNSP,2025-06-30T21:05:02.253381159Z
01JZ1BSD9609K4TWZ84SZ6AAH1,01JZ1B1VZ9TM9N3252XVVAH9DZ,2025-06-30T21:27:16.518659653Z,01JZ1B1W68Y1JCNSRHTZJR0WTB,2025-06-30T21:27:16.518659653Z,01JZ1B84EMA8EXMS4XB5YP9VDA,2025-06-30T21:27:16.518659653Z,01JZ1BH4CC6N46FP386VHR81G9,2025-06-30T21:27:16.518659653Z,01JZ1BH4V57GVQTP5Y76241390,2025-06-30T21:27:16.518659653Z
01JZ17SP2FCTDAQDYJW4ZVD708,01JZ170DPRHYGRH6M74WMGZ8J5,2025-06-30T20:17:31.216010432Z,01JZ170DS8YWG03GZVY59N3JD0,2025-06-30T20:17:31.216010432Z,01JZ176HDV9KWWBADR549HVXXJ,2025-06-30T20:17:31.216010432Z,01JZ17HNMVNEYYPPYMQAP8NS4W,2025-06-30T20:17:31.216010432Z,01JZ17HNR93RTH6SRHE160CD2Y,2025-06-30T20:17:31.216010432Z
01JZ18XHE2SZ3DTP6D9VHBJ3EN,01JZ18G4TN4FH7205KTQTFE7PM,2025-06-30T20:37:06.114648345Z,01JZ18G4YK3PSP6R2PNWBA4P8S,2025-06-30T20:37:06.114648345Z,01JZ18JABGMJD5Y1TTH0BJFJ2C,2025-06-30T20:37:06.114648345Z,01JZ18QWBAHK4T4H0VEYDTYNA4,2025-06-30T20:37:06.114648345Z,01JZ18QWFE3AE6XH6C0K25VMH0,2025-06-30T20:37:06.114648345Z
01JZ17YQR3K5QXD58SM31TX96S,01JZ170DPRHYGRH6M74WMGZ8J5,2025-06-30T20:20:16.771068493Z,01JZ170DRV33K8D9D9ZMQKAW2D,2025-06-30T20:20:16.771068493Z,01JZ17FY7YEZ14CJBS3JX2EV3B,2025-06-30T20:20:16.771068493Z,01JZ17PPHN9RJYD8FZ3BDFYGXP,2025-06-30T20:20:16.771068493Z,01JZ17PPNWAQQ4EQFRJXVTMCA6,2025-06-30T20:20:16.771068493Z
01JZ18TFPTJTFTBJTSAETGR0Z7,01JZ18G4TN4FH7205KTQTFE7PM,2025-06-30T20:35:26.042795765Z,01JZ18G4Y1ABZPJ815NAWEN19T,2025-06-30T20:35:26.042795765Z,01JZ18JTT4THQJ9FYDDES7JX1C,2025-06-30T20:35:26.042795765Z,01JZ18PMF1481YNW4VF038RS60,2025-06-30T20:35:26.042795765Z,01JZ18PMJNDHJZTMJ5QAYTKKV0,2025-06-30T20:35:26.042795765Z
01JZ1BQP7H2JP0PQ6NWC4WTWEF,01JZ1B1VZ9TM9N3252XVVAH9DZ,2025-06-30T21:26:20.145285618Z,01JZ1B1W46BH5YH0XYSE8KJRBK,2025-06-30T21:26:20.145285618Z,01JZ1BEHJTZVP4GP4G96Q0PZBM,2025-06-30T21:26:20.145285618Z,01JZ1BJ1ABMADNQ2K1TJQ9ED7W,2025-06-30T21:26:20.145285618Z,01JZ1BJ1N02TYSZ0KSC4W9PQ8X,2025-06-30T21:26:20.145285618Z
01JZ1DT1VK172JS9AVEN1R4HY9,01JZ1D0RX94M7HHBAJDNGV8QRS,2025-06-30T22:02:34.739185392Z,01JZ1D0S3N2D9DCG3EHS8AP4R1,2025-06-30T22:02:34.739185392Z,01JZ1DB76758JPZGHYCN646V7S,2025-06-30T22:02:34.739185392Z,01JZ1DJBDTNACWNJN067YDS3Z6,2025-06-30T22:02:34.739185392Z,01JZ1DJC2K5HVPGJ5FWZMFHM1X,2025-06-30T22:02:34.739185392Z
01JZ1FFJZRDYB02N58MRDB4DCF,01JZ1E916HBESJXS5SJ82BFZ21,2025-06-30T22:31:48.984065969Z,01JZ1E91ENR7DC2PFTK7ZY5PTJ,2025-06-30T22:31:48.984065969Z,01JZ1EBW22KQBY52ZW0XEVAEWD,2025-06-30T22:31:48.984065969Z,01JZ1F70MP8EMZE5ECG6QP8N7N,2025-06-30T22:31:48.984065969Z,01JZ1F71S5NZ000HD8G8K8DMAQ,2025-06-30T22:31:48.984065969Z
01JZ1DM62ZFYYQJ1DPGX3F1TY9,01JZ1D0RX94M7HHBAJDNGV8QRS,2025-06-30T21:59:22.463323135Z,01JZ1D0S14X3T6948SDJVF454K,2025-06-30T21:59:22.463323135Z,01JZ1D4SCYXBMNQ70R3B47BMPE,2025-06-30T21:59:22.463323135Z,01JZ1DCMPT24SY5ZG1DM3G6TK4,2025-06-30T21:59:22.463323135Z,01JZ1DCN3H6C8558V191EKWT8C,2025-06-30T21:59:22.463323135Z
01JZ17Q6WSVBK2ZCAPG382DRZV,01JZ170DPRHYGRH6M74WMGZ8J5,2025-06-30T20:16:10.137621994Z,01JZ170DS8YWG03GZVY59N3JD0,2025-06-30T20:16:10.137621994Z,01JZ17FA2MQ87XVRF9HC0R27GC,2025-06-30T20:16:10.137621994Z,01JZ17HNMQAAW5HV1NJ3KN0TDP,2025-06-30T20:16:10.137621994Z,01JZ17HNP9BV8JHZB1QE7WG35X,2025-06-30T20:16:10.137621994Z
01JZ17T77CBZPARH7JP5JRT3HA,01JZ170DPRHYGRH6M74WMGZ8J5,2025-06-30T20:17:48.780695186Z,01JZ170DRQN15452AYS561M232,2025-06-30T20:17:48.780695186Z,01JZ17R3E57YY9H2V5S1G4XMBW,2025-06-30T20:17:48.780695186Z,01JZ17RBCT038Y8QAFS6F67QDM,2025-06-30T20:17:48.780695186Z,01JZ17RBG2FZTBKAYMWRB4MVTN,2025-06-30T20:17:48.780695186Z
01JZ18XRCVJ6V38EYD2AVG5GPS,01JZ18G4TN4FH7205KTQTFE7PM,2025-06-30T20:37:13.243895257Z,01JZ18G4X5EPR69QT64DVYQXFJ,2025-06-30T20:37:13.243895257Z,01JZ18JKCGQP2NA6VYXSDM89NW,2025-06-30T20:37:13.243895257Z,01JZ18PAPJXR5K55YMBBDH8RCF,2025-06-30T20:37:13.243895257Z,01JZ18PAWCKXR2FBWZFCKBYAH8,2025-06-30T20:37:13.243895257Z
01JZ1ATVADHN0Y5CR3ZP519AN0,01JZ19VEXCKVX740B60X4W6PQN,2025-06-30T21:10:35.085729381Z,01JZ19VF3FCDRKA7RA8CE3SQDH,2025-06-30T21:10:35.085729381Z,01JZ19ZZZP5WTAHKTYB8XNJEC6,2025-06-30T21:10:35.085729381Z,01JZ1AK0FG87FE5VK2WQYRA4AC,2025-06-30T21:10:35.085729381Z,01JZ1AK0XDV6365RMXQC0X30PG,2025-06-30T21:10:35.085729381Z
01JZ1BJ4MJ6ZGR680A1QRJNAFQ,01JZ1B1VZ9TM9N3252XVVAH9DZ,2025-06-30T21:23:18.290842152Z,01JZ1B1W46BH5YH0XYSE8KJRBK,2025-06-30T21:23:18.290842152Z,01JZ1BEHJTZVP4GP4G96Q0PZBM,2025-06-30T21:23:18.290842152Z,01JZ1BJ1B6MS3FTEDBXT15KPRA,2025-06-30T21:23:18.290842152Z,01JZ1BJ1GNZ6C7H5KPQ8D4B59H,2025-06-30T21:23:18.290842152Z
01JZ1BRQ5C4NBFP18QBKZBHVGZ,01JZ1B1VZ9TM9N3252XVVAH9DZ,2025-06-30T21:26:53.869013204Z,01JZ1B1W68Y1JCNSRHTZJR0WTB,2025-06-30T21:26:53.869013204Z,01JZ1BEDAMJRCNYC6ZRWR4EWKQ,2025-06-30T21:26:53.869013204Z,01JZ1BH47FKGJXT98P27XT8FV5,2025-06-30T21:26:53.869013204Z,01JZ1BH4P7VCH2NQ347CBM37RP,2025-06-30T21:26:53.869013204Z
01JZ1DKJSRKW6YM6TNTCKEHH2K,01JZ1D0RX94M7HHBAJDNGV8QRS,2025-06-30T21:59:02.712374935Z,01JZ1D0S61XK8FZCNQBM2ZAEE6,2025-06-30T21:59:02.712374935Z,01JZ1D4E6V1F7QYCN1KQC77HPV,2025-06-30T21:59:02.712374935Z,01JZ1DHG42SDRFG0AMYRAAVFFX,2025-06-30T21:59:02.712374935Z,01JZ1DHGRZHS3WZPMZ80SAV6MK,2025-06-30T21:59:02.712374935Z
01JZ1ES194X6X13SR28DBAJ28C,01JZ1E916HBESJXS5SJ82BFZ21,2025-06-30T22:19:29.95686175Z,01JZ1E91HHYKGR583PHV4V6JXR,2025-06-30T22:19:29.95686175Z,01JZ1EFK9EEAEM2ASPQWEXC3TB,2025-06-30T22:19:29.95686175Z,01JZ1ERV7ACEK1D4TDCD2JD7PV,2025-06-30T22:19:29.95686175Z,01JZ1ERVFF9E2CR8QZ1VGZAVQ0,2025-06-30T22:19:29.95686175Z
01JZ1GFSWFJKYZ9T8ZY2PA4ZFB,01JZ1G29Q82GQAKEXSK2E7NK3R,2025-06-30T22:49:24.623647333Z,01JZ1G2A6YM039KVE3FBKDN5TM,2025-06-30T22:49:24.623647333Z,01JZ1G4ZKPR33SMREF8RYR14CE,2025-06-30T22:49:24.623647333Z,01JZ1GDRQETQFVFT79CV7FCC6X,2025-06-30T22:49:24.623647333Z,01JZ1GDS70WPQ6KPZXE2QYF2C4,2025-06-30T22:49:24.623647333Z
01JZ17NK2WZ1YQ7RFQKKPJ59N8,01JZ170DPRHYGRH6M74WMGZ8J5,2025-06-30T20:15:17.084658909Z,01JZ170DS434CCJM920VN081CV,2025-06-30T20:15:17.084658909Z,01JZ17AXNB63XKGBKW724P24XM,2025-06-30T20:15:17.084658909Z,01JZ17HX0ZXKJ4A0TXNHXA38XE,2025-06-30T20:15:17.084658909Z,01JZ17HX29RXA2F91504PRNF2V,2025-06-30T20:15:17.084658909Z
01JZ18TF8Z6NQ577NSXVY4VK1P,01JZ18G4TN4FH7205KTQTFE7PM,2025-06-30T20:35:25.599679777Z,01JZ18G50G0GKPPCFSW2N0ZNW1,2025-06-30T20:35:25.599679777Z,01JZ18HJ023RXZWDMJ23K3G02T,2025-06-30T20:35:25.599679777Z,01JZ18RHFZ729S1GE13DM98H8Z,2025-06-30T20:35:25.599679777Z,01JZ18RHKM9SS1YZCTMJC8BRDP,2025-06-30T20:35:25.599679777Z
01JZ18ZRHAWEXN3AGTCNTW5TFC,01JZ18G4TN4FH7205KTQTFE7PM,2025-06-30T20:38:18.927368287Z,01JZ18G4YK3PSP6R2PNWBA4P8S,2025-06-30T20:38:18.927368287Z,01JZ18MVEFXZGBQPET8FQ2326K,2025-06-30T20:38:18.927368287Z,01JZ18QWAK96HX887YH26X2DYC,2025-06-30T20:38:18.927368287Z,01JZ18QWHXP6KRJF2Q2G362FXG,2025-06-30T20:38:18.927368287Z
01JZ1F4D9R5MZ91JC2N51Y9KNC,01JZ1E916HBESJXS5SJ82BFZ21,2025-06-30T22:25:42.712139566Z,01JZ1E91SWVSXS6FK33QCMH9SP,2025-06-30T22:25:42.712139566Z,01JZ1EXKHZBZ5ENGWCGS2V70RX,2025-06-30T22:25:42.712139566Z,01JZ1F45CJV6T7PXKVK8XJ2DRQ,2025-06-30T22:25:42.712139566Z,01JZ1F45R9HH8P3JRQ4GT28897,2025-06-30T22:25:42.712139566Z
01JZ17KHFD4E0ESBYGBE1312RR,01JZ170DPRHYGRH6M74WMGZ8J5,2025-06-30T20:14:09.901242249Z,01JZ170DS8YWG03GZVY59N3JD0,2025-06-30T20:14:09.901242249Z,01JZ179QC9P59RRBVKW06P1VJF,2025-06-30T20:14:09.901242249Z,01JZ17HNMQAAW5HV1NJ3KN0TDP,2025-06-30T20:14:09.901242249Z,01JZ17HNP3AJW0F642RK1ESAQT,2025-06-30T20:14:09.901242249Z
01JZ17T8N4KFFSMFV8FVPRQKAY,01JZ170DPRHYGRH6M74WMGZ8J5,2025-06-30T20:17:50.24462905Z,01JZ170DSTXK5Z1DV671606E6A,2025-06-30T20:17:50.24462905Z,01JZ17BGC64Z781MGW1Y4T7SRJ,2025-06-30T20:17:50.24462905Z,01JZ17J85SANMZWN2QB7PBGCW6,2025-06-30T20:17:50.24462905Z,01JZ17J88TCH8B6MR5EHSFK5FM,2025-06-30T20:17:50.24462905Z
01JZ17V132SD3CKNA4Z43VW36M,01JZ170DPRHYGRH6M74WMGZ8J5,2025-06-30T20:18:15.266942329Z,01JZ170DS5DJKXJ3Z7YVJKJJXK,2025-06-30T20:18:15.266942329Z,01JZ178QE8FT7YCFAWRXFD895X,2025-06-30T20:18:15.266942329Z,01JZ17QA5NP4NCPJJVMNCZ9F7W,2025-06-30T20:18:15.266942329Z,01JZ17QA7ZSWJ7CS2VJ1NFV8PD,2025-06-30T20:18:15.266942329Z
01JZ18RKY2ZKV25WX4NDKV4WRD,01JZ18G4TN4FH7205KTQTFE7PM,2025-06-30T20:34:24.83463325Z,01JZ18G4Y1ABZPJ815NAWEN19T,2025-06-30T20:34:24.83463325Z,01JZ18JEHHPNBFM751TV8GEBJ2,2025-06-30T20:34:24.83463325Z,01JZ18PMF1481YNW4VF038RS60,2025-06-30T20:34:24.83463325Z,01JZ18PMJBDVTC0R5KWM9WQSVK,2025-06-30T20:34:24.83463325Z
01JZ18VX51T257ZFVXNAJHRZ1G,01JZ18G4TN4FH7205KTQTFE7PM,2025-06-30T20:36:12.577959229Z,01JZ18G4X5EPR69QT64DVYQXFJ,2025-06-30T20:36:12.577959229Z,01JZ18J5R16DTA3XKT9Y9737P7,2025-06-30T20:36:12.577959229Z,01JZ18PAPZYGZBF3DQ7XCBJ9MP,2025-06-30T20:36:12.577959229Z,01JZ18PAV4CZ083Z3090NH4W96,2025-06-30T20:36:12.577959229Z
01JZ1BVKMW7S26CRFJK1HRTHH4,01JZ1B1VZ9TM9N3252XVVAH9DZ,2025-06-30T21:28:28.572337053Z,01JZ1B1W4RP0VXDDKCJTNKM3AX,2025-06-30T21:28:28.572337053Z,01JZ1B80W46R4JBTV3ZZ1YXW46,2025-06-30T21:28:28.572337053Z,01JZ1BNY8P6J7MV2A9X36WMPD0,2025-06-30T21:28:28.572337053Z,01JZ1BNYKMVTP1B0A6AZBFNG64,2025-06-30T21:28:28.572337053Z
01JZ17PTV6M0HGRJ1VGS6R1AFG,01JZ170DPRHYGRH6M74WMGZ8J5,2025-06-30T20:15:57.798882211Z,01JZ170DSMJZPS89ZBMFZ7ATK7,2025-06-30T20:15:57.798882211Z,01JZ17DZ6QV2B73JE2W9M5K3SC,2025-06-30T20:15:57.798882211Z,01JZ17MYDW712GB678NHAF4EAC,2025-06-30T20:15:57.798882211Z,01JZ17MYK6TSEM0FE9TJ34XM6C,2025-06-30T20:15:57.798882211Z
01JZ1802AHVGH9DRM8ZQ6V9CPE,01JZ170DPRHYGRH6M74WMGZ8J5,2025-06-30T20:21:00.369849048Z,01JZ170DRQN15452AYS561M232,2025-06-30T20:21:00.369849048Z,01JZ17EC9TCGFEVCEX7CCFP6AJ,2025-06-30T20:21:00.369849048Z,01JZ17RBDPNRWH0MV3S1S7KRVT,2025-06-30T20:21:00.369849048Z,01JZ17RBJ8YKE7YSK6WC1TVK90,2025-06-30T20:21:00.369849048Z
01JZ18XN920BS7C3478CRVSY35,01JZ18G4TN4FH7205KTQTFE7PM,2025-06-30T20:37:10.050124408Z,01JZ18G4XDWA3A08Y0HZ5HSAAF,2025-06-30T20:37:10.050124408Z,01JZ18K35P2QZ1SSJHQYJ2X8Z7,2025-06-30T20:37:10.050124408Z,01JZ18R0Z5Z926ZA90YM7MYTK3,2025-06-30T20:37:10.050124408Z,01JZ18R140T00CBTTJPQH6HWCY,2025-06-30T20:37:10.050124408Z
01JZ19DFYEJEY65ZF69RCZN0VW,01JZ18R9CHSHJ2BAJZ4M4PAW2X,2025-06-30T20:45:48.878173548Z,01JZ18RA3DBE17YR6D8FEXRWFY,2025-06-30T20:45:48.878173548Z,01JZ18V7AEVH5VMDMYVZ6HXGK5,2025-06-30T20:45:48.878173548Z,01JZ197VZQZ3W28DZHMN5K9CXH,2025-06-30T20:45:48.878173548Z,01JZ197W7SW6D8ZSPWAPA5KE61,2025-06-30T20:45:48.878173548Z
01JZ1CAQ054NFH4RXPYGW0RM42,01JZ1BX7WQMA45G0E33EEHJ3V9,2025-06-30T21:36:43.525368145Z,01JZ1BX82RNFGPPA94NES9507T,2025-06-30T21:36:43.525368145Z,01JZ1C98HS2FRFHZKQAPAW4FY4,2025-06-30T21:36:43.525368145Z,01JZ1CAKSF4EN6M5TKS4NC6EX3,2025-06-30T21:36:43.525368145Z,01JZ1CAKY5NGKA7CCM7JKDF4BE,2025-06-30T21:36:43.525368145Z
01JZ1GKZ5YAJ1H2VJ4HZKMYFJ9,01JZ1G29Q82GQAKEXSK2E7NK3R,2025-06-30T22:51:41.118590947Z,01JZ1G2A24PAZYJHH2EQFGJG7N,2025-06-30T22:51:41.118590947Z,01JZ1G7JX1NV5X3X0139HRSB32,2025-06-30T22:51:41.118590947Z,01JZ1GG43VKPZ1V5ZJWSGJMS64,2025-06-30T22:51:41.118590947Z,01JZ1GG4GS15NBCRHVAAV5BXM3,2025-06-30T22:51:41.118590947Z
01JZ18TCYYPHRPVJWHDEK8MDC1,01JZ18G4TN4FH7205KTQTFE7PM,2025-06-30T20:35:23.230991032Z,01JZ18G4ZZG5A688HVVJGKBFVW,2025-06-30T20:35:23.230991032Z,01JZ18K484MAW8WSQHH7HSG9Z4,2025-06-30T20:35:23.230991032Z,01JZ18RFQ4W09NKQ14XZ3KQN1E,2025-06-30T20:35:23.230991032Z,01JZ18RFV7A7RYC83ZMNNW89A7,2025-06-30T20:35:23.230991032Z
01JZ18YXA9D08KC78N6TPEXP15,01JZ18G4TN4FH7205KTQTFE7PM,2025-06-30T20:37:51.049149136Z,01JZ18G4YTQTSXFW2X0Y80VGVG,2025-06-30T20:37:51.049149136Z,01JZ18KWMFEA26MWC1Z40F2JWN,2025-06-30T20:37:51.049149136Z,01JZ18QCJ5F2TDDGTM86PBKVEG,2025-06-30T20:37:51.049149136Z,01JZ18QCQGFPC5A6D9RYBZQX6F,2025-06-30T20:37:51.049149136Z
01JZ1ACP36H2BYDCVZ5174W6K1,01JZ19VEXCKVX740B60X4W6PQN,2025-06-30T21:02:50.982603054Z,01JZ19VF5YA4VZJRJDVJVY1XBY,2025-06-30T21:02:50.982603054Z,01JZ1A8FR32NPD5RJ1DVE9H7Y6,2025-06-30T21:02:50.982603054Z,01JZ1AAR361JZ1CYXHJ50PJVG2,2025-06-30T21:02:50.982603054Z,01JZ1AAR6J4Q9AG6P4AY46QPY9,2025-06-30T21:02:50.982603054Z
01JZ1AV56RGR7K9JYX1EGAPEZW,01JZ19VEXCKVX740B60X4W6PQN,2025-06-30T21:10:45.208045547Z,01JZ19VF4XXDC5SP97SM18G8VM,2025-06-30T21:10:45.208045547Z,01JZ1ANDKY8QTNAK6C66WRTD5R,2025-06-30T21:10:45.208045547Z,01JZ1AQBFWFCVDGCRFV7SS6AMN,2025-06-30T21:10:45.208045547Z,01JZ1AQBPT99514H9J1254W4H1,2025-06-30T21:10:45.208045547Z
01JZ1BF3C0RE97865FVXSYDPFM,01JZ1B1VZ9TM9N3252XVVAH9DZ,2025-06-30T21:21:38.6882008Z,01JZ1B1W5AJ9N87HJBZ99HRQPJ,2025-06-30T21:21:38.6882008Z,01JZ1BAG1QXXZT2G75G9P8N6Y2,2025-06-30T21:21:38.6882008Z,01JZ1BB7ETZS9BEX799QEABQ0R,2025-06-30T21:21:38.6882008Z,01JZ1BB7R5NDJ6N0E4JV728HM3,2025-06-30T21:21:38.6882008Z
01JZ1GPC67P7PNMK4H48WC7KXQ,01JZ1G29Q82GQAKEXSK2E7NK3R,2025-06-30T22:52:59.975868342Z,01JZ1G2ACHC2PPHGNQVYG69GCY,2025-06-30T22:52:59.975868342Z,01JZ1G4D5N3JRDG8TQNFBZX41Z,2025-06-30T22:52:59.975868342Z,01JZ1GJG6VNG9PMWWVXAT59KAK,2025-06-30T22:52:59.975868342Z,01JZ1GJGPE87X0W07V3JKCP0H4,2025-06-30T22:52:59.975868342Z
01JZ18VE3A9B6WDK6A65EWGSJR,01JZ18G4TN4FH7205KTQTFE7PM,2025-06-30T20:35:57.162299096Z,01JZ18G4ZDA13FR053ZT1R1FPF,2025-06-30T20:35:57.162299096Z,01JZ18J71C4JGFMP9MP8Y4KY9T,2025-06-30T20:35:57.162299096Z,01JZ18NR677M02YFM90F21XHAA,2025-06-30T20:35:57.162299096Z,01JZ18NR9YEB5WKYMRXDPEWXMJ,2025-06-30T20:35:57.162299096Z
01JZ1BNATRMDRK42H7NXZ2W127,01JZ1B1VZ9TM9N3252XVVAH9DZ,2025-06-30T21:25:02.936865749Z,01JZ1B1W2WT8MR9NJ7RDDSFH2M,2025-06-30T21:25:02.936865749Z,01JZ1B40FQ24C0Z8EC9VKSS7KY,2025-06-30T21:25:02.936865749Z,01JZ1BD41K10B3Z5F98Q46A8QZ,2025-06-30T21:25:02.936865749Z,01JZ1BD4QTZ37YW3F8P5C869WB,2025-06-30T21:25:02.936865749Z
01JZ1BRQ8QB0KR9ZGJ1ZE2YN21,01JZ1B1VZ9TM9N3252XVVAH9DZ,2025-06-30T21:26:53.975476764Z,01JZ1B1W68Y1JCNSRHTZJR0WTB,2025-06-30T21:26:53.975476764Z,01JZ1B7EJ94Z1F34T98KN1PN13,2025-06-30T21:26:53.975476764Z,01JZ1BH47FKGJXT98P27XT8FV5,2025-06-30T21:26:53.975476764Z,01JZ1BH4P7VCH2NQ347CBM37RP,2025-06-30T21:26:53.975476764Z
01JZ1FF6S706ZETP6K4Q5JJ0X6,01JZ1E916HBESJXS5SJ82BFZ21,2025-06-30T22:31:36.487081151Z,01JZ1E91ENR7DC2PFTK7ZY5PTJ,2025-06-30T22:31:36.487081151Z,01JZ1F6AT65D7Q2J3RRFNE8GQF,2025-06-30T22:31:36.487081151Z,01JZ1F70P00K8AHBXPKP5QMP6N,2025-06-30T22:31:36.487081151Z,01JZ1F71N8C3R24QYQNXGHDKGR,2025-06-30T22:31:36.487081151Z
01JZ17NY8WGMSTYNJ6N3XBGWH7,01JZ170DPRHYGRH6M74WMGZ8J5,2025-06-30T20:15:28.540195251Z,01JZ170DSTXK5Z1DV671606E6A,2025-06-30T20:15:28.540195251Z,01JZ179522187EFD1N9MCMN3YS,2025-06-30T20:15:28.540195251Z,01JZ17J85FH6ZCHDJEZZH3F672,2025-06-30T20:15:28.540195251Z,01JZ17J86YBS5SC5YYQWD3XJ54,2025-06-30T20:15:28.540195251Z
01JZ17SQZ6K11DV7DR2Q21THGB,01JZ170DPRHYGRH6M74WMGZ8J5,2025-06-30T20:17:33.15836668Z,01JZ170DRWH3Q5VEKFYTCWXCB9,2025-06-30T20:17:33.15836668Z,01JZ179X6Q4FCZN7X4TNMWRQ73,2025-06-30T20:17:33.15836668Z,01JZ17M6426GB2CWYTAT7MS6CN,2025-06-30T20:17:33.15836668Z,01JZ17M66CRZJG66NVRGEF34B3,2025-06-30T20:17:33.15836668Z
01JZ18TF82Z72QRFQGTJ7WCXV6,01JZ18G4TN4FH7205KTQTFE7PM,2025-06-30T20:35:25.570092857Z,01JZ18G50G0GKPPCFSW2N0ZNW1,2025-06-30T20:35:25.570092857Z,01JZ18HKRFWCKWBRRSM9AC3SW4,2025-06-30T20:35:25.570092857Z,01JZ18RHFZ729S1GE13DM98H8Z,2025-06-30T20:35:25.570092857Z,01JZ18RHKM9SS1YZCTMJC8BRDP,2025-06-30T20:35:25.570092857Z
01JZ18WASAMYFSRAM0AGSE0QAN,01JZ18G4TN4FH7205KTQTFE7PM,2025-06-30T20:36:26.53882244Z,01JZ18G4Y1ABZPJ815NAWEN19T,2025-06-30T20:36:26.53882244Z,01JZ18JGZBSWHAA8MGTKR735JR,2025-06-30T20:36:26.53882244Z,01JZ18PMF1481YNW4VF038RS60,2025-06-30T20:36:26.53882244Z,01JZ18PMK1Q07KH4CZNB9PR0WQ,2025-06-30T20:36:26.53882244Z
01JZ1AG0ND0308J5C74TE9TYK1,01JZ19VEXCKVX740B60X4W6PQN,2025-06-30T21:04:40.109886904Z,01JZ19VF81DTYMGWYB0TAJKDWY,2025-06-30T21:04:40.109886904Z,01JZ1A11QXMY0GZ8B5FCM3RTBW,2025-06-30T21:04:40.109886904Z,01JZ1AABK962FFJZTPD33N3VKP,2025-06-30T21:04:40.109886904Z,01JZ1AAC1W6795X0XGH3C3PFHB,2025-06-30T21:04:40.109886904Z
01JZ17QNZB54FQ7TM3WA2NQW72,01JZ170DPRHYGRH6M74WMGZ8J5,2025-06-30T20:16:25.580015793Z,01JZ170DS0283SZNEN95XAWWS4,2025-06-30T20:16:25.580015793Z,01JZ17J8N9NAW1ASAH1NWPJBAP,2025-06-30T20:16:25.580015793Z,01JZ17NT7VKFDEH0WZ6ZY88ZPG,2025-06-30T20:16:25.580015793Z,01JZ17NT9KEZ4Z8W5Q27PSFXEH,2025-06-30T20:16:25.580015793Z
01JZ17STHM1MHCPSHAHG24C2WK,01JZ170DPRHYGRH6M74WMGZ8J5,2025-06-30T20:17:35.796535052Z,01JZ170DSR5F2SARFX61BD5BFD,2025-06-30T20:17:35.796535052Z,01JZ17DTG6GCYHCZ1XV1B4YQSG,2025-06-30T20:17:35.796535052Z,01JZ17M8SSZ2QHECS5BA0DPMCQ,2025-06-30T20:17:35.796535052Z,01JZ17M8XAP84NT81MJXA59Y57,2025-06-30T20:17:35.796535052Z
01JZ182V4F2H8DW805DWKSJYVV,01JZ170DPRHYGRH6M74WMGZ8J5,2025-06-30T20:22:31.311664674Z,01JZ170DS9MMA8EZAVKYS5SMHX,2025-06-30T20:22:31.311664674Z,01JZ177D1EC4DDHNWKT4R7S3XA,2025-06-30T20:22:31.311664674Z,01JZ17TR5GZK4V8170DT4PDB53,2025-06-30T20:22:31.311664674Z,01JZ17TRKB9W2JTNHV11DWWP75,2025-06-30T20:22:31.311664674Z
01JZ18QE5PT77QAYSWXT01WT5T,01JZ18G4TN4FH7205KTQTFE7PM,2025-06-30T20:33:46.167016589Z,01JZ18G4YTQTSXFW2X0Y80VGVG,2025-06-30T20:33:46.167016589Z,01JZ18JQTYVQ19WTRN7KYJ00FT,2025-06-30T20:33:46.167016589Z,01JZ18QCHCWKPJPF2G32EQXDDJ,2025-06-30T20:33:46.167016589Z,01JZ18QCM1A9TSZHS1EGBH1NVK,2025-06-30T20:33:46.167016589Z
01JZ1EZHVQN8YAT1TK0NEYNZ04,01JZ1E916HBESJXS5SJ82BFZ21,2025-06-30T22:23:03.543835783Z,01JZ1E926BWK6TV1HDSC3ZQW4Y,2025-06-30T22:23:03.543835783Z,01JZ1EARCRST2HDXDY98Q0AYJ8,2025-06-30T22:23:03.543835783Z,01JZ1ESTDEHJ02W2S7D3PQQ6GF,2025-06-30T22:23:03.543835783Z,01JZ1ESTN3DDK0RRE90H4RW7TK,2025-06-30T22:23:03.543835783Z
01JZ1F22WK8GN36ZBJ2YTWHPF0,01JZ1E916HBESJXS5SJ82BFZ21,2025-06-30T22:24:26.515183437Z,01JZ1E926BWK6TV1HDSC3ZQW4Y,2025-06-30T22:24:26.515183437Z,01JZ1EQKR69J0BQM6378QJ8X8Y,2025-06-30T22:24:26.515183437Z,01JZ1ESTC5N6XHQX0KKB726B2X,2025-06-30T22:24:26.515183437Z,01JZ1ESTY7DSEK1JVFNABDBWY9,2025-06-30T22:24:26.515183437Z
01JZ1BJT7XDMAWC7JMJHS2YWMN,01JZ1B1VZ9TM9N3252XVVAH9DZ,2025-06-30T21:23:40.413966995Z,01JZ1B1W5AJ9N87HJBZ99HRQPJ,2025-06-30T21:23:40.413966995Z,01JZ1B5GACPFWN4R0XMT462FAM,2025-06-30T21:23:40.413966995Z,01JZ1BB7J8Y8W753ARSJ77X4CV,2025-06-30T21:23:40.413966995Z,01JZ1BB7W6W7V0P8VBTA6CVNWM,2025-06-30T21:23:40.413966995Z
01JZ17NC5Z6QGM33GG064AJG5S,01JZ170DPRHYGRH6M74WMGZ8J5,2025-06-30T20:15:10.015185147Z,01JZ170DS8YWG03GZVY59N3JD0,2025-06-30T20:15:10.015185147Z,01JZ17B25HMB9SR7CZAG7VDDNC,2025-06-30T20:15:10.015185147Z,01JZ17HNMQAAW5HV1NJ3KN0TDP,2025-06-30T20:15:10.015185147Z,01JZ17HNP6QCD1MJXSWCZN1D4Z,2025-06-30T20:15:10.015185147Z
01JZ17RJCVXBGXRRXBSBD02ZVG,01JZ170DPRHYGRH6M74WMGZ8J5,2025-06-30T20:16:54.68319938Z,01JZ170DRV33K8D9D9ZMQKAW2D,2025-06-30T20:16:54.68319938Z,01JZ17FY7YEZ14CJBS3JX2EV3B,2025-06-30T20:16:54.68319938Z,01JZ17PPGX7JSSK85PVP6H7NR4,2025-06-30T20:16:54.68319938Z,01JZ17PPKHZMMEW30CS2EYEP6J,2025-06-30T20:16:54.68319938Z
01JZ18RM062QGT6RFDSY58SK94,01JZ18G4TN4FH7205KTQTFE7PM,2025-06-30T20:34:24.902748094Z,01JZ18G4Y1ABZPJ815NAWEN19T,2025-06-30T20:34:24.902748094Z,01JZ18JGZBSWHAA8MGTKR735JR,2025-06-30T20:34:24.902748094Z,01JZ18PMF1481YNW4VF038RS60,2025-06-30T20:34:24.902748094Z,01JZ18PMJBDVTC0R5KWM9WQSVK,2025-06-30T20:34:24.902748094Z
01JZ18RR1XCFVZGF2TNE4F8B5Y,01JZ18G4TN4FH7205KTQTFE7PM,2025-06-30T20:34:29.053467476Z,01JZ18G4XMK5QHE5YNTR43VZ9V,2025-06-30T20:34:29.053467476Z,01JZ18J9W8KMP67K3HENBC0CVQ,2025-06-30T20:34:29.053467476Z,01JZ18RP7K0MQCXP7DDG2EV4WD,2025-06-30T20:34:29.053467476Z,01JZ18RPAN9E7YY547RMV3BXKB,2025-06-30T20:34:29.053467476Z
01JZ18WA6XCKXNA5SWBD88TFHH,01JZ18G4TN4FH7205KTQTFE7PM,2025-06-30T20:36:25.949829592Z,01JZ18G50G0GKPPCFSW2N0ZNW1,2025-06-30T20:36:25.949829592Z,01JZ18HKRFWCKWBRRSM9AC3SW4,2025-06-30T20:36:25.949829592Z,01JZ18RHFZ729S1GE13DM98H8Z,2025-06-30T20:36:25.949829592Z,01JZ18RHM0C5SA38DPG1QNA7W7,2025-06-30T20:36:25.949829592Z
01JZ18XMYDWAWD3SMGNAW8AQPR,01JZ18G4TN4FH7205KTQTFE7PM,2025-06-30T20:37:09.70958132Z,01JZ18G4ZDA13FR053ZT1R1FPF,2025-06-30T20:37:09.70958132Z,01JZ18JREDSF9T5ABKG1CCNPKZ,2025-06-30T20:37:09.70958132Z,01JZ18NR6VSFFH5QJK4DQ1TXDM,2025-06-30T20:37:09.70958132Z,01JZ18NRC0G7Z33TP6YQMRVJQX,2025-06-30T20:37:09.70958132Z
01JZ18ZRM2VXCWSDJTVZXTSZZ5,01JZ18G4TN4FH7205KTQTFE7PM,2025-06-30T20:38:19.010090101Z,01JZ18G4YK3PSP6R2PNWBA4P8S,2025-06-30T20:38:19.010090101Z,01JZ18J1HPCJW9NZWB0AN2GDSE,2025-06-30T20:38:19.010090101Z,01JZ18QWAK96HX887YH26X2DYC,2025-06-30T20:38:19.010090101Z,01JZ18QWHXP6KRJF2Q2G362FXG,2025-06-30T20:38:19.010090101Z
01JZ18YE0A73KM8XNSA0TVE17K,01JZ18G4TN4FH7205KTQTFE7PM,2025-06-30T20:37:35.370855046Z,01JZ18G4X5EPR69QT64DVYQXFJ,2025-06-30T20:37:35.370855046Z,01JZ18M07T82RGAMZEPD0QD6Q9,2025-06-30T20:37:35.370855046Z,01JZ18PAQPXAB9KP38CAA042W4,2025-06-30T20:37:35.370855046Z,01JZ18PAYS1PHK1KKPBPBPHKTP,2025-06-30T20:37:35.370855046Z
01JZ1ACN1FCM21HT40R51YKV2D,01JZ19VEXCKVX740B60X4W6PQN,2025-06-30T21:02:49.903211884Z,01JZ19VF9WCS5BMDRCPXZK6ZBF,2025-06-30T21:02:49.903211884Z,01JZ19Y3KYVSPMBWF3EF2S04D7,2025-06-30T21:02:49.903211884Z,01JZ1A8RTBQBGQ6B3M8DMQ82K3,2025-06-30T21:02:49.903211884Z,01JZ1A8RYBBAKQ69M70T9MWQDK,2025-06-30T21:02:49.903211884Z
01JZ1F55A1GP5HE4V1PZN67JJ9,01JZ1E916HBESJXS5SJ82BFZ21,2025-06-30T22:26:07.297153735Z,01JZ1E91MDHZVF6NVBEDDVGZWT,2025-06-30T22:26:07.297153735Z,01JZ1EV2QBA0A51FSNHWZDJC5Q,2025-06-30T22:26:07.297153735Z,01JZ1EWVP1M7JC9JTKB8V2PJTM,2025-06-30T22:26:07.297153735Z,01JZ1EWW84Y3X0SQQ90MQZ9RK4,2025-06-30T22:26:07.297153735Z
01JZ17P2S62J40VV0TZ7A1KSYC,01JZ170DPRHYGRH6M74WMGZ8J5,2025-06-30T20:15:33.158339951Z,01JZ170DSBT7R80F1BC6BFNZAP,2025-06-30T20:15:33.158339951Z,01JZ17EXP8SEZEBZPSE6GPG8ZM,2025-06-30T20:15:33.158339951Z,01JZ17JC3646JKWR0PPXMYYSSE,2025-06-30T20:15:33.158339951Z,01JZ17JC4DA2M858N1JG0BZKRD,2025-06-30T20:15:33.158339951Z
01JZ17TTMY0R6835CC77F4QX2Y,01JZ170DPRHYGRH6M74WMGZ8J5,2025-06-30T20:18:08.670180176Z,01JZ170DS9MMA8EZAVKYS5SMHX,2025-06-30T20:18:08.670180176Z,01JZ17AZS6YB2WPDVY4NDQYYNC,2025-06-30T20:18:08.670180176Z,01JZ17TR81NXXTTPKTD9H5FET9,2025-06-30T20:18:08.670180176Z,01JZ17TR8Z5CC3K19BE40RKY2A,2025-06-30T20:18:08.670180176Z
01JZ18QRA52FCPYDX04R289J88,01JZ18G4TN4FH7205KTQTFE7PM,2025-06-30T20:33:56.549931488Z,01JZ18G4ZDA13FR053ZT1R1FPF,2025-06-30T20:33:56.549931488Z,01JZ18JREDSF9T5ABKG1CCNPKZ,2025-06-30T20:33:56.549931488Z,01JZ18NR677M02YFM90F21XHAA,2025-06-30T20:33:56.549931488Z,01JZ18NR9DZ3R2Y5THK48A79PA,2025-06-30T20:33:56.549931488Z
01JZ18YB58GGFTV73J819G1SEX,01JZ18G4TN4FH7205KTQTFE7PM,2025-06-30T20:37:32.456500449Z,01JZ18G4WPK6V9JKZAVKNYS3NB,2025-06-30T20:37:32.456500449Z,01JZ18K4JZ90XMGGNXMJGKEJ5P,2025-06-30T20:37:32.456500449Z,01JZ18RRB5PTFQB2DKPHTKH4V3,2025-06-30T20:37:32.456500449Z,01JZ18RRFGDWF4KT9QERXDYSGG,2025-06-30T20:37:32.456500449Z
01JZ1EVV31KFERJDATZS1JVYBV,01JZ1E916HBESJXS5SJ82BFZ21,2025-06-30T22:21:01.921477717Z,01JZ1E926BWK6TV1HDSC3ZQW4Y,2025-06-30T22:21:01.921477717Z,01JZ1EQKR69J0BQM6378QJ8X8Y,2025-06-30T22:21:01.921477717Z,01JZ1ESTDEHJ02W2S7D3PQQ6GF,2025-06-30T22:21:01.921477717Z,01JZ1ESTJZHZG91KRPFG3SZSMC,2025-06-30T22:21:01.921477717Z
01JZ1GSZ72SZ00KX89YMSDJT7R,01JZ1G29Q82GQAKEXSK2E7NK3R,2025-06-30T22:54:57.762870453Z,01JZ1G29XRNS92G9JYEX4H033M,2025-06-30T22:54:57.762870453Z,01JZ1G630GW64096KNZNG4RDAZ,2025-06-30T22:54:57.762870453Z,01JZ1GM688HKS6CMQAXCQKE8GC,2025-06-30T22:54:57.762870453Z,01JZ1GM6VHHYMMQFRVM2JPSXRK,2025-06-30T22:54:57.762870453Z
01JZ17P2STCH1KQ50PB0EJJKXY,01JZ170DPRHYGRH6M74WMGZ8J5,2025-06-30T20:15:33.178462726Z,01JZ170DSBT7R80F1BC6BFNZAP,2025-06-30T20:15:33.178462726Z,01JZ17A0VX21AM44XR65ZCDBQZ,2025-06-30T20:15:33.178462726Z,01JZ17JC3646JKWR0PPXMYYSSE,2025-06-30T20:15:33.178462726Z,01JZ17JC4DA2M858N1JG0BZKRD,2025-06-30T20:15:33.178462726Z
01JZ17XF2EM8J6GW03WBKKJK1D,01JZ170DPRHYGRH6M74WMGZ8J5,2025-06-30T20:19:35.118040794Z,01JZ170DSXXMDA003X79NFA4N0,2025-06-30T20:19:35.118040794Z,01JZ17G2CQ2WMWNSJEQJ6XDN5X,2025-06-30T20:19:35.118040794Z,01JZ17NRSB5GP7EXVFTFEFCERK,2025-06-30T20:19:35.118040794Z,01JZ17NRX34RKK7D41WKA3DMKS,2025-06-30T20:19:35.118040794Z
01JZ18WECCH9QSCADES6SNAMSY,01JZ18G4TN4FH7205KTQTFE7PM,2025-06-30T20:36:30.220656345Z,01JZ18G4XMK5QHE5YNTR43VZ9V,2025-06-30T20:36:30.220656345Z,01JZ18JXMPKC16YBJ9SWX6E74P,2025-06-30T20:36:30.220656345Z,01JZ18RP89JC5KMWSQF397VP76,2025-06-30T20:36:30.220656345Z,01JZ18RPCTA0P6N5KSHMR7ZB7G,2025-06-30T20:36:30.220656345Z
01JZ191RRZXJH93NF9AHPGR885,01JZ18G4TN4FH7205KTQTFE7PM,2025-06-30T20:39:24.703980547Z,01JZ18G508W9SSEDAT6B79GZND,2025-06-30T20:39:24.703980547Z,01JZ18JE7QR9RF8E7B9MDMMGE2,2025-06-30T20:39:24.703980547Z,01JZ18STF1YM3N28QT3VD2MWJ6,2025-06-30T20:39:24.703980547Z,01JZ18SV2ZM1T6PFRJQ9RCHFX1,2025-06-30T20:39:24.703980547Z
01JZ19A6DGAE5Q8FX3HXPTX14K,01JZ18R9CHSHJ2BAJZ4M4PAW2X,2025-06-30T20:44:00.816945699Z,01JZ18RA48YSHMY5EWBJ9E61V2,2025-06-30T20:44:00.816945699Z,01JZ18ZEQE5SB9NASAZX93YXN4,2025-06-30T20:44:00.816945699Z,01JZ192CP8ATXS4WPZV83STEM3,2025-06-30T20:44:00.816945699Z,01JZ192D9MC3GFNF899ECNXGM8,2025-06-30T20:44:00.816945699Z
01JZ1F0P5VV1GMHFN4QF9F4CJZ,01JZ1E916HBESJXS5SJ82BFZ21,2025-06-30T22:23:40.731821755Z,01JZ1E91MDHZVF6NVBEDDVGZWT,2025-06-30T22:23:40.731821755Z,01JZ1EK6MNQT8KSAR9HC017X0H,2025-06-30T22:23:40.731821755Z,01JZ1EWVQ3C0P2AKJ3GFKFG7H9,2025-06-30T22:23:40.731821755Z,01JZ1EWVX630PNM3ZB0XP4GMWN,2025-06-30T22:23:40.731821755Z
01JZ1F6EJYJ94P8BEC1QTKFFZK,01JZ1E916HBESJXS5SJ82BFZ21,2025-06-30T22:26:49.566621358Z,01JZ1E91Q18GQE49C0XSDVMF75,2025-06-30T22:26:49.566621358Z,01JZ1EKW5BGVN2WN0MZV6XE5EZ,2025-06-30T22:26:49.566621358Z,01JZ1F2JC80W096GAN654HJE4R,2025-06-30T22:26:49.566621358Z,01JZ1F2JPKHQQS9FMNV4W2YS8Y,2025-06-30T22:26:49.566621358Z
01JZ18W0G6G4RBS6SCA8MDCERV,01JZ18G4TN4FH7205KTQTFE7PM,2025-06-30T20:36:16.006491829Z,01JZ18G512YK4K14AJW1A4KQT5,2025-06-30T20:36:16.006491829Z,01JZ18JCRWSH5Z1V97KVRN4VV2,2025-06-30T20:36:16.006491829Z,01JZ18R8CZAK9T47Q30YNKNJNG,2025-06-30T20:36:16.006491829Z,01JZ18R8G305WGQZPSGSK2ATV9,2025-06-30T20:36:16.006491829Z
01JZ18XHDJE494CP6A9GSVY3D8,01JZ18G4TN4FH7205KTQTFE7PM,2025-06-30T20:37:06.098559954Z,01JZ18G4YK3PSP6R2PNWBA4P8S,2025-06-30T20:37:06.098559954Z,01JZ18MVEFXZGBQPET8FQ2326K,2025-06-30T20:37:06.098559954Z,01JZ18QWBAHK4T4H0VEYDTYNA4,2025-06-30T20:37:06.098559954Z,01JZ18QWFE3AE6XH6C0K25VMH0,2025-06-30T20:37:06.098559954Z
01JZ1DKYA3FK932BK78C6D0AJQ,01JZ1D0RX94M7HHBAJDNGV8QRS,2025-06-30T21:59:14.499848498Z,01JZ1D0S064NT759Q480WCA8PK,2025-06-30T21:59:14.499848498Z,01JZ1DCDN091GX33H1NPEY9NA8,2025-06-30T21:59:14.499848498Z,01JZ1DFXKSWPB74HF8RE7BCFY9,2025-06-30T21:59:14.499848498Z,01JZ1DFYMB3G6E7ZN239KK29E4,2025-06-30T21:59:14.499848498Z
01JZ1925ZD9G0FZGJ6CW514BSW,01JZ18QHX9XGN83K6T42FK97D5,2025-06-30T20:39:38.22166101Z,01JZ18QHYY9H3H8G0D5BR000CA,2025-06-30T20:39:38.22166101Z,01JZ18YPQMX7TQXCKGYZNA73VF,2025-06-30T20:39:38.22166101Z,01JZ1903BN7V6B2N7AMWNTAWGG,2025-06-30T20:39:38.22166101Z,01JZ19050VEGYP9AFZRJEAQ862,2025-06-30T20:39:38.22166101Z
01JZ17KEHAV2XNWGH6GTTF2N7M,01JZ170DPRHYGRH6M74WMGZ8J5,2025-06-30T20:14:06.891025792Z,01JZ170DS32PJY8CQRMADJXFRG,2025-06-30T20:14:06.891025792Z,01JZ1788J67VDXAH0W6F8T66AB,2025-06-30T20:14:06.891025792Z,01JZ17HJXZJXBNGG98GAB8QMCF,2025-06-30T20:14:06.891025792Z,01JZ17HK0Q06FHSMMZ245M8QA0,2025-06-30T20:14:06.891025792Z
01JZ17TGD7G6WKSD2EXN5VQE45,01JZ170DPRHYGRH6M74WMGZ8J5,2025-06-30T20:17:58.183475356Z,01JZ170DSMJZPS89ZBMFZ7ATK7,2025-06-30T20:17:58.183475356Z,01JZ17DZ6QV2B73JE2W9M5K3SC,2025-06-30T20:17:58.183475356Z,01JZ17MYDW712GB678NHAF4EAC,2025-06-30T20:17:58.183475356Z,01JZ17MYMFCDYM1MWZVHQDN4PE,2025-06-30T20:17:58.183475356Z
01JZ17W7FFFNBXDDSWSRWJF9W9,01JZ170DPRHYGRH6M74WMGZ8J5,2025-06-30T20:18:54.575080266Z,01JZ170DRWH3Q5VEKFYTCWXCB9,2025-06-30T20:18:54.575080266Z,01JZ17C9CHCZD4MC1P47MP5FMT,2025-06-30T20:18:54.575080266Z,01JZ17M62ZA7FM5T6J9Q36KCK0,2025-06-30T20:18:54.575080266Z,01JZ17M69J8QH8JA1SA520E31R,2025-06-30T20:18:54.575080266Z
01JZ180CGQZM6DFHVH0WHWKBW0,01JZ170DPRHYGRH6M74WMGZ8J5,2025-06-30T20:21:10.807711326Z,01JZ170DRQN15452AYS561M232,2025-06-30T20:21:10.807711326Z,01JZ17EC9TCGFEVCEX7CCFP6AJ,2025-06-30T20:21:10.807711326Z,01JZ17RBE0ZT7HTBY1K3ZRR1VV,2025-06-30T20:21:10.807711326Z,01JZ17RBK2QCDH41N068EAYRRZ,2025-06-30T20:21:10.807711326Z
01JZ18PNWHMD771X405C3QY2F2,01JZ18G4TN4FH7205KTQTFE7PM,2025-06-30T20:33:21.297398651Z,01JZ18G4Y1ABZPJ815NAWEN19T,2025-06-30T20:33:21.297398651Z,01JZ18JEHHPNBFM751TV8GEBJ2,2025-06-30T20:33:21.297398651Z,01JZ18PME7D8TXGQRQ2CGSH14P,2025-06-30T20:33:21.297398651Z,01JZ18PMH0R8Q1MAXWAZFJQ0BE,2025-06-30T20:33:21.297398651Z
01JZ18SB8NHGBNP8BGCJ4GFFY9,01JZ18G4TN4FH7205KTQTFE7PM,2025-06-30T20:34:48.725411436Z,01JZ18G4YTQTSXFW2X0Y80VGVG,2025-06-30T20:34:48.725411436Z,01JZ18JQTYVQ19WTRN7KYJ00FT,2025-06-30T20:34:48.725411436Z,01JZ18QCHSRQEB636MAZYTF93F,2025-06-30T20:34:48.725411436Z,01JZ18QCNQWD5EMCK74EDKA9K4,2025-06-30T20:34:48.725411436Z
01JZ18XREDJ2P1SY3A46NN0M14,01JZ18G4TN4FH7205KTQTFE7PM,2025-06-30T20:37:13.293557748Z,01JZ18G4X5EPR69QT64DVYQXFJ,2025-06-30T20:37:13.293557748Z,01JZ18M07T82RGAMZEPD0QD6Q9,2025-06-30T20:37:13.293557748Z,01JZ18PAPJXR5K55YMBBDH8RCF,2025-06-30T20:37:13.293557748Z,01JZ18PAWCKXR2FBWZFCKBYAH8,2025-06-30T20:37:13.293557748Z
01JZ192FBQ79YDSGQT6FV6EJT6,01JZ18R9CHSHJ2BAJZ4M4PAW2X,2025-06-30T20:39:47.831825163Z,01JZ18RA48YSHMY5EWBJ9E61V2,2025-06-30T20:39:47.831825163Z,01JZ192103EKKYM21MP70AEJNN,2025-06-30T20:39:47.831825163Z,01JZ192CM1S0TWD820FVH6YX9C,2025-06-30T20:39:47.831825163Z,01JZ192CT2R3V3QWAA0SERRXH6,2025-06-30T20:39:47.831825163Z
01JZ1ATVBTJA8ZWDRVJZ7FMPPV,01JZ19VEXCKVX740B60X4W6PQN,2025-06-30T21:10:35.13078205Z,01JZ19VF3FCDRKA7RA8CE3SQDH,2025-06-30T21:10:35.13078205Z,01JZ19X25DC6PHAYZ41F2N9R8N,2025-06-30T21:10:35.13078205Z,01JZ1AK0FG87FE5VK2WQYRA4AC,2025-06-30T21:10:35.13078205Z,01JZ1AK0XDV6365RMXQC0X30PG,2025-06-30T21:10:35.13078205Z
01JZ1BNSZXDJGYXYCA1QQVKCZK,01JZ1B1VZ9TM9N3252XVVAH9DZ,2025-06-30T21:25:18.461588447Z,01JZ1B1W5TAZ0C76DBH0ZAEY5X,2025-06-30T21:25:18.461588447Z,01JZ1B3Y49GJFDA022ZKPSHE7M,2025-06-30T21:25:18.461588447Z,01JZ1BNNDP6X2S9Y1STMRSC69M,2025-06-30T21:25:18.461588447Z,01JZ1BNNYRTKB6F1D02GY8DW2Q,2025-06-30T21:25:18.461588447Z
01JZ1CWJBSN7Z8TFJM53PN79VC,01JZ1C4XJFQQ45ZHGATAXVBX0J,2025-06-30T21:46:28.601052584Z,01JZ1C4XNE4VHGMR9JDZS6Y7F9,2025-06-30T21:46:28.601052584Z,01JZ1CF267R4DM5CMXPS4VKSEE,2025-06-30T21:46:28.601052584Z,01JZ1CM9QBAFQHGRA086T0Q56G,2025-06-30T21:46:28.601052584Z,01JZ1CMA99V1CAQCB71PYBWAZC,2025-06-30T21:46:28.601052584Z
01JZ1DS8M0H6Q2FQG3YXJJCCGA,01JZ1D0RX94M7HHBAJDNGV8QRS,2025-06-30T22:02:08.89643725Z,01JZ1D0S61XK8FZCNQBM2ZAEE6,2025-06-30T22:02:08.89643725Z,01JZ1D7ZVRAH2JHDPAGNC0VP2T,2025-06-30T22:02:08.89643725Z,01JZ1DHG6929VPMW3RA3G6E916,2025-06-30T22:02:08.89643725Z,01JZ1DHGZ5YKGKCH7Q20DPG9VH,2025-06-30T22:02:08.89643725Z
01JZ1DTVZ2AEFN217M8K0GGQ00,01JZ1D0RX94M7HHBAJDNGV8QRS,2025-06-30T22:03:01.474692136Z,01JZ1D0S3N2D9DCG3EHS8AP4R1,2025-06-30T22:03:01.474692136Z,01JZ1DB76758JPZGHYCN646V7S,2025-06-30T22:03:01.474692136Z,01JZ1DJBHP6QZKY368KYFWAKY9,2025-06-30T22:03:01.474692136Z,01JZ1DJC9V1G0BG8N9YM82XRNB,2025-06-30T22:03:01.474692136Z
01JZ18PC4C0NE6XR1WZFXAZMJW,01JZ18G4TN4FH7205KTQTFE7PM,2025-06-30T20:33:11.308563992Z,01JZ18G4X5EPR69QT64DVYQXFJ,2025-06-30T20:33:11.308563992Z,01JZ18M07T82RGAMZEPD0QD6Q9,2025-06-30T20:33:11.308563992Z,01JZ18PAR9WBWEPQGQAVBFV7BZ,2025-06-30T20:33:11.308563992Z,01JZ18PARXYSM6SGM2B8A7M1YP,2025-06-30T20:33:11.308563992Z
01JZ18TCYE0BJSA9QBDXQWZWV8,01JZ18G4TN4FH7205KTQTFE7PM,2025-06-30T20:35:23.214730321Z,01JZ18G4ZZG5A688HVVJGKBFVW,2025-06-30T20:35:23.214730321Z,01JZ18MMDMG5C7AC3NER6KSMTG,2025-06-30T20:35:23.214730321Z,01JZ18RFQ4W09NKQ14XZ3KQN1E,2025-06-30T20:35:23.214730321Z,01JZ18RFV7A7RYC83ZMNNW89A7,2025-06-30T20:35:23.214730321Z
01JZ1BGYN77X0G8NYKHRTP5ECE,01JZ1B1VZ9TM9N3252XVVAH9DZ,2025-06-30T21:22:39.39922128Z,01JZ1B1W5AJ9N87HJBZ99HRQPJ,2025-06-30T21:22:39.39922128Z,01JZ1B4CR8JCWXXD7BQPA68N6Z,2025-06-30T21:22:39.39922128Z,01JZ1BB7ETZS9BEX799QEABQ0R,2025-06-30T21:22:39.39922128Z,01JZ1BB7S0WNXZQFD1C73769V3,2025-06-30T21:22:39.39922128Z
01JZ1CW7PJ95Z5G4E5RR1SSB9Y,01JZ1C4XJFQQ45ZHGATAXVBX0J,2025-06-30T21:46:17.6821238Z,01JZ1C4XNE4VHGMR9JDZS6Y7F9,2025-06-30T21:46:17.6821238Z,01JZ1CB9F4KXDQP2PHJCZHP1QC,2025-06-30T21:46:17.6821238Z,01JZ1CM9PHKQR6ZRV6WZC89ZRV,2025-06-30T21:46:17.6821238Z,01JZ1CMA6DT0CMH53WQAF96N3Y,2025-06-30T21:46:17.6821238Z
01JZ1GWWDSSY6N34CG7T18GD13,01JZ1G29Q82GQAKEXSK2E7NK3R,2025-06-30T22:56:33.209601349Z,01JZ1G2AATTMJJ07WA2JZ9MF1K,2025-06-30T22:56:33.209601349Z,01JZ1GRY7J5YBFT0P7ME9XRK58,2025-06-30T22:56:33.209601349Z,01JZ1GWN9E6D3R3MSRMZHCWZ3J,2025-06-30T22:56:33.209601349Z,01JZ1GWNWQNSHHTPWKGH4DZTVM,2025-06-30T22:56:33.209601349Z
01JZ17WVZEYB9VY2SF3C8CW540,01JZ170DPRHYGRH6M74WMGZ8J5,2025-06-30T20:19:15.566213017Z,01JZ170DS5DJKXJ3Z7YVJKJJXK,2025-06-30T20:19:15.566213017Z,01JZ17FZXSD3JPY8Z3YRMZJDDV,2025-06-30T20:19:15.566213017Z,01JZ17QA5NP4NCPJJVMNCZ9F7W,2025-06-30T20:19:15.566213017Z,01JZ17QA88YGJK5Z767Z5YN7Y4,2025-06-30T20:19:15.566213017Z
01JZ18XN9KTBZZN1XJE8T6YYFB,01JZ18G4TN4FH7205KTQTFE7PM,2025-06-30T20:37:10.067123027Z,01JZ18G4XDWA3A08Y0HZ5HSAAF,2025-06-30T20:37:10.067123027Z,01JZ18K1FP19HQQGWY5MDNJT99,2025-06-30T20:37:10.067123027Z,01JZ18R0Z5Z926ZA90YM7MYTK3,2025-06-30T20:37:10.067123027Z,01JZ18R140T00CBTTJPQH6HWCY,2025-06-30T20:37:10.067123027Z
01JZ1ACM8GW6STJNW7J307YGNS,01JZ19VEXCKVX740B60X4W6PQN,2025-06-30T21:02:49.104201422Z,01JZ19VF6XEW5FG377QGXCTRD1,2025-06-30T21:02:49.104201422Z,01JZ1A9RXDVME7RYXTWFBGWCFN,2025-06-30T21:02:49.104201422Z,01JZ1ACG4HW6PFHHMR21QG9MSA,2025-06-30T21:02:49.104201422Z,01JZ1ACGAF2FHM878KZCFE82T3,2025-06-30T21:02:49.104201422Z
01JZ1GP0KH1X9NGX3A4MHKF8RC,01JZ1G29Q82GQAKEXSK2E7NK3R,2025-06-30T22:52:48.113470927Z,01JZ1G2A3Q53QEYHDQX68WVVKH,2025-06-30T22:52:48.113470927Z,01JZ1G4QT3J0N96RSDER5H66SR,2025-06-30T22:52:48.113470927Z,01JZ1GE1F6FBA1RXEYRA9321FF,2025-06-30T22:52:48.113470927Z,01JZ1GE24ZKVEYQ8SBGHRT9A3Z,2025-06-30T22:52:48.113470927Z
01JZ1DEMDKQH4AD2XXMA5C4C5R,01JZ1D0RX94M7HHBAJDNGV8QRS,2025-06-30T21:56:20.531132968Z,01JZ1D0S14X3T6948SDJVF454K,2025-06-30T21:56:20.531132968Z,01JZ1D8RW634M5KPJ3DDHQYDRD,2025-06-30T21:56:20.531132968Z,01JZ1DCMNY0VAHZRBKPHM6R6CB,2025-06-30T21:56:20.531132968Z,01JZ1DCMY62GH7D5YECF4G95A6,2025-06-30T21:56:20.531132968Z
01JZ17V9YTSTZAAK51H8AXS8VG,01JZ170DPRHYGRH6M74WMGZ8J5,2025-06-30T20:18:24.346298513Z,01JZ170DSXXMDA003X79NFA4N0,2025-06-30T20:18:24.346298513Z,01JZ17DZPC160FQJMAZ5KCFYDP,2025-06-30T20:18:24.346298513Z,01JZ17NRSETRAHA86XGKD3ZGNV,2025-06-30T20:18:24.346298513Z,01JZ17NRVFFVYGG6VDAXW2Q3R4,2025-06-30T20:18:24.346298513Z
01JZ18ZDZEY20NQG0NJWCNHDHZ,01JZ18G4TN4FH7205KTQTFE7PM,2025-06-30T20:38:08.110260474Z,01JZ18G4YK3PSP6R2PNWBA4P8S,2025-06-30T20:38:08.110260474Z,01JZ18JNT2QKJHBG0YSDA5VWH8,2025-06-30T20:38:08.110260474Z,01JZ18QWAXDS741W4C9GD54TCD,2025-06-30T20:38:08.110260474Z,01JZ18QWGR4TZ5C0S7H01YRPTG,2025-06-30T20:38:08.110260474Z
01JZ18ZM198BWJ0WAP9YBMJGRZ,01JZ18G4TN4FH7205KTQTFE7PM,2025-06-30T20:38:14.313486777Z,01JZ18G4YTQTSXFW2X0Y80VGVG,2025-06-30T20:38:14.313486777Z,01JZ18JSY9P3KAE5N38ASDX51K,2025-06-30T20:38:14.313486777Z,01JZ18QCJV80NZ6CWN841W78CA,2025-06-30T20:38:14.313486777Z,01JZ18QCTC2XN58WT3REP763GK,2025-06-30T20:38:14.313486777Z
01JZ190F7121JT9ZP62NCRT7AS,01JZ18G4TN4FH7205KTQTFE7PM,2025-06-30T20:38:42.145342184Z,01JZ18G50G0GKPPCFSW2N0ZNW1,2025-06-30T20:38:42.145342184Z,01JZ18MW05S42NZ47MWBQC7P11,2025-06-30T20:38:42.145342184Z,01JZ18RHGF07MFHCBEKPMJBAPY,2025-06-30T20:38:42.145342184Z,01JZ18RHQ5VDF7GRDXBJX4HH13,2025-06-30T20:38:42.145342184Z
01JZ19FBBDW5HR1TKKX85SJX5E,01JZ18R9CHSHJ2BAJZ4M4PAW2X,2025-06-30T20:46:49.709673779Z,01JZ18RA3DBE17YR6D8FEXRWFY,2025-06-30T20:46:49.709673779Z,01JZ18YGCJT7GPM1GCH83ZG2E6,2025-06-30T20:46:49.709673779Z,01JZ197W0CRT1QRT68SVS12ZFW,2025-06-30T20:46:49.709673779Z,01JZ197WAD58SPDF99KX0S8KCP,2025-06-30T20:46:49.709673779Z
01JZ1AMQJFFP50HP92YHVEHDBW,01JZ19VEXCKVX740B60X4W6PQN,2025-06-30T21:07:14.639397099Z,01JZ19VF6XEW5FG377QGXCTRD1,2025-06-30T21:07:14.639397099Z,01JZ1A9Y4FG88CERVMWV547SJC,2025-06-30T21:07:14.639397099Z,01JZ1ACG610M6TRWXFFV3KK332,2025-06-30T21:07:14.639397099Z,01JZ1ACGMGSPT8R0W07V8V1PZM,2025-06-30T21:07:14.639397099Z
01JZ1CMERHB4XYE2SKP7QK3B9S,01JZ1C4XJFQQ45ZHGATAXVBX0J,2025-06-30T21:42:02.769468539Z,01JZ1C4XNE4VHGMR9JDZS6Y7F9,2025-06-30T21:42:02.769468539Z,01JZ1CH99SCVGB71HN39473CFW,2025-06-30T21:42:02.769468539Z,01JZ1CM9HSWSHAX9FB9M6KQ29W,2025-06-30T21:42:02.769468539Z,01JZ1CM9RFST88QA1FS194B25R,2025-06-30T21:42:02.769468539Z
01JZ1DQMCG9JPC3ZGQ0B1VK11N,01JZ1D0RX94M7HHBAJDNGV8QRS,2025-06-30T22:01:15.408989593Z,01JZ1D0S4EMT97ECKQ06X1ZWAX,2025-06-30T22:01:15.408989593Z,01JZ1DAGGXK4R30KWG4J61A22A,2025-06-30T22:01:15.408989593Z,01JZ1DHWG8MPVQVFH1DPRPET9V,2025-06-30T22:01:15.408989593Z,01JZ1DHWVQSKPMR26NRPJVKTB6,2025-06-30T22:01:15.408989593Z
01JZ1GWCKQ51RSR025VMC2RKY9,01JZ1G29Q82GQAKEXSK2E7NK3R,2025-06-30T22:56:17.01569785Z,01JZ1G29XRNS92G9JYEX4H033M,2025-06-30T22:56:17.01569785Z,01JZ1G3PKEWNM3BADHFXST2D82,2025-06-30T22:56:17.01569785Z,01JZ1GM6DB22EFXGY7Q9EF30Y5,2025-06-30T22:56:17.01569785Z,01JZ1GM73J8VEAS9CW3DT8H7EK,2025-06-30T22:56:17.01569785Z
01JZ1GJN8HCFPJ6QVF5X9KB0HE,01JZ1G29Q82GQAKEXSK2E7NK3R,2025-06-30T22:50:58.193419863Z,01JZ1G2ACHC2PPHGNQVYG69GCY,2025-06-30T22:50:58.193419863Z,01JZ1ESY682HMD53AEGK9VD2YT,2025-06-30T22:50:58.193419863Z,01JZ1GJG4R5Z76D71S3HQ0QK16,2025-06-30T22:50:58.193419863Z,01JZ1GJGHB4HF5TKEENTYA3CZ3,2025-06-30T22:50:58.193419863Z
01JZ17YBDZQNGTN4HAWV583VJR,01JZ170DPRHYGRH6M74WMGZ8J5,2025-06-30T20:20:04.159912493Z,01JZ170DSP5HFMBRZWFQV8RFVC,2025-06-30T20:20:04.159912493Z,01JZ17992QEDC71MF0NWEGAJEP,2025-06-30T20:20:04.159912493Z,01JZ17RSKP4T7TM013SKSDCBN6,2025-06-30T20:20:04.159912493Z,01JZ17RSPGTG8C99KA4YPDYFVC,2025-06-30T20:20:04.159912493Z
01JZ17YGRFR82S7XCPEQ5HE0K1,01JZ170DPRHYGRH6M74WMGZ8J5,2025-06-30T20:20:09.615364188Z,01JZ170DS9MMA8EZAVKYS5SMHX,2025-06-30T20:20:09.615364188Z,01JZ17S6ZC1ZB5QAG0E0350NSD,2025-06-30T20:20:09.615364188Z,01JZ17TR7E1D7CES1YNCABFX51,2025-06-30T20:20:09.615364188Z,01JZ17TRBBRN18K8M8NDSQNJSF,2025-06-30T20:20:09.615364188Z
01JZ18SK7CJ1R904DM9GBBD7P7,01JZ18G4TN4FH7205KTQTFE7PM,2025-06-30T20:34:56.876797204Z,01JZ18G4ZDA13FR053ZT1R1FPF,2025-06-30T20:34:56.876797204Z,01JZ18J71C4JGFMP9MP8Y4KY9T,2025-06-30T20:34:56.876797204Z,01JZ18NR677M02YFM90F21XHAA,2025-06-30T20:34:56.876797204Z,01JZ18NR9N5HZPVK7V13ZT23CD,2025-06-30T20:34:56.876797204Z
01JZ190FZQKE82QYN1TCZ36ATZ,01JZ18G4TN4FH7205KTQTFE7PM,2025-06-30T20:38:42.935500473Z,01JZ18G512YK4K14AJW1A4KQT5,2025-06-30T20:38:42.935500473Z,01JZ18JCRWSH5Z1V97KVRN4VV2,2025-06-30T20:38:42.935500473Z,01JZ18R8BQNV553N89B15CK6DT,2025-06-30T20:38:42.935500473Z,01JZ18R8M6VSYFBGVFKVEZQ0W0,2025-06-30T20:38:42.935500473Z
01JZ1BEBG78F3ST16KVNJPKTXJ,01JZ1B1VZ9TM9N3252XVVAH9DZ,2025-06-30T21:21:14.247898464Z,01JZ1B1W6S117BH8HCA7NH9R7E,2025-06-30T21:21:14.247898464Z,01JZ1B4F0AXDADE5G5GXRT5GAX,2025-06-30T21:21:14.247898464Z,01JZ1BAHCPD0S01DARX26K93JP,2025-06-30T21:21:14.247898464Z,01JZ1BAHQ3N624S6Q9735D697Y,2025-06-30T21:21:14.247898464Z
01JZ1CAPZASKKJPTAVM272GH3C,01JZ1BX7WQMA45G0E33EEHJ3V9,2025-06-30T21:36:43.498355307Z,01JZ1BX82RNFGPPA94NES9507T,2025-06-30T21:36:43.498355307Z,01JZ1BZDJ93GPNRBSERWMWMMB5,2025-06-30T21:36:43.498355307Z,01JZ1CAKSF4EN6M5TKS4NC6EX3,2025-06-30T21:36:43.498355307Z,01JZ1CAKY5NGKA7CCM7JKDF4BE,2025-06-30T21:36:43.498355307Z
01JZ1DGRW31EJ6K0VEC1BXVR65,01JZ1D0RX94M7HHBAJDNGV8QRS,2025-06-30T21:57:30.627643278Z,01JZ1D0S58CJJ0G6BA8AW8ZVCS,2025-06-30T21:57:30.627643278Z,01JZ1D2JACBKKH4S9P6DT2Z2QZ,2025-06-30T21:57:30.627643278Z,01JZ1D971RNG9X4SW8NSVY9CFR,2025-06-30T21:57:30.627643278Z,01JZ1D97GC7KPGH39RJZS9DMK5,2025-06-30T21:57:30.627643278Z
01JZ1GP876EPR5KHJ4NFBTBKXP,01JZ1G29Q82GQAKEXSK2E7NK3R,2025-06-30T22:52:55.910606023Z,01JZ1G29XRNS92G9JYEX4H033M,2025-06-30T22:52:55.910606023Z,01JZ1GGT9KDQPYVBYTSYY1MHFW,2025-06-30T22:52:55.910606023Z,01JZ1GM688HKS6CMQAXCQKE8GC,2025-06-30T22:52:55.910606023Z,01JZ1GM6RH18Q4Z351H66FTYQ6,2025-06-30T22:52:55.910606023Z
01JZ180BNJBE9D8W18VG8YGBDN,01JZ170DPRHYGRH6M74WMGZ8J5,2025-06-30T20:21:09.938202871Z,01JZ170DS9MMA8EZAVKYS5SMHX,2025-06-30T20:21:09.938202871Z,01JZ17CPP7Y270N83EX04850B6,2025-06-30T20:21:09.938202871Z,01JZ17TR7E1D7CES1YNCABFX51,2025-06-30T20:21:09.938202871Z,01JZ17TRBYV81QV8YKGPDWM9RY,2025-06-30T20:21:09.938202871Z
01JZ1916PE3N50YB54DXKAY22K,01JZ18G4TN4FH7205KTQTFE7PM,2025-06-30T20:39:06.190137345Z,01JZ18G4XMK5QHE5YNTR43VZ9V,2025-06-30T20:39:06.190137345Z,01JZ18J9W8KMP67K3HENBC0CVQ,2025-06-30T20:39:06.190137345Z,01JZ18RP9ZDBJKMBBTW600ZPPV,2025-06-30T20:39:06.190137345Z,01JZ18RPH48SR6A7PG262SRVBN,2025-06-30T20:39:06.190137345Z
01JZ1GP0N69SKRXYQW2HK4K4RA,01JZ1G29Q82GQAKEXSK2E7NK3R,2025-06-30T22:52:48.166481662Z,01JZ1G2A3Q53QEYHDQX68WVVKH,2025-06-30T22:52:48.166481662Z,01JZ1G3T5HF7S211AZP2YJBSVP,2025-06-30T22:52:48.166481662Z,01JZ1GE1F6FBA1RXEYRA9321FF,2025-06-30T22:52:48.166481662Z,01JZ1GE24ZKVEYQ8SBGHRT9A3Z,2025-06-30T22:52:48.166481662Z
01JZ17XF2P3X7X4P4GQRK97B8R,01JZ170DPRHYGRH6M74WMGZ8J5,2025-06-30T20:19:35.12646251Z,01JZ170DSXXMDA003X79NFA4N0,2025-06-30T20:19:35.12646251Z,01JZ17DZPC160FQJMAZ5KCFYDP,2025-06-30T20:19:35.12646251Z,01JZ17NRSB5GP7EXVFTFEFCERK,2025-06-30T20:19:35.12646251Z,01JZ17NRX34RKK7D41WKA3DMKS,2025-06-30T20:19:35.12646251Z
01JZ18P90SGCRSJDJPQC33JP54,01JZ18G4TN4FH7205KTQTFE7PM,2025-06-30T20:33:08.121551428Z,01JZ18G50PJASP911XB82AW46K,2025-06-30T20:33:08.121551428Z,01JZ18HFN6SPVZ5DYGTVB7ZVYC,2025-06-30T20:33:08.121551428Z,01JZ18P6KKP6YDW0ZB2JNENH81,2025-06-30T20:33:08.121551428Z,01JZ18P6RJ2ZTWM3C4E470Y4NM,2025-06-30T20:33:08.121551428Z
01JZ1ACM77D6CNGYEP37NDZM4Y,01JZ19VEXCKVX740B60X4W6PQN,2025-06-30T21:02:49.063316654Z,01JZ19VF6XEW5FG377QGXCTRD1,2025-06-30T21:02:49.063316654Z,01JZ1A9Y4FG88CERVMWV547SJC,2025-06-30T21:02:49.063316654Z,01JZ1ACG4HW6PFHHMR21QG9MSA,2025-06-30T21:02:49.063316654Z,01JZ1ACGAF2FHM878KZCFE82T3,2025-06-30T21:02:49.063316654Z
01JZ1DEWWXHMF3Q665ZXN7GJCH,01JZ1D0RX94M7HHBAJDNGV8QRS,2025-06-30T21:56:29.213812383Z,01JZ1D0S58CJJ0G6BA8AW8ZVCS,2025-06-30T21:56:29.213812383Z,01JZ1D7DM0SC7JQGS6JG3ZYPAZ,2025-06-30T21:56:29.213812383Z,01JZ1D972VTRZHGE4AKVG9RETY,2025-06-30T21:56:29.213812383Z,01JZ1D97D38527G1FS02MJBA35,2025-06-30T21:56:29.213812383Z
01JZ1H1XF49FW16JG19QR61YVF,01JZ1G29Q82GQAKEXSK2E7NK3R,2025-06-30T22:59:18.116135299Z,01JZ1G2A58JMFV91VV93EGJJQY,2025-06-30T22:59:18.116135299Z,01JZ1GA4T24GEXMPJNJW9S8J83,2025-06-30T22:59:18.116135299Z,01JZ1GW3DRA0H5QCSGM2BKZ7GX,2025-06-30T22:59:18.116135299Z,01JZ1GW44CYZRAXF14GM81B764,2025-06-30T22:59:18.116135299Z
01JZ1909J4G61FGEGQ5RB07Z26,01JZ18G4TN4FH7205KTQTFE7PM,2025-06-30T20:38:36.35702544Z,01JZ18G4YK3PSP6R2PNWBA4P8S,2025-06-30T20:38:36.35702544Z,01JZ18MVEFXZGBQPET8FQ2326K,2025-06-30T20:38:36.35702544Z,01JZ18QW9EXF247TKVE8F2HXX6,2025-06-30T20:38:36.35702544Z,01JZ18QWK926FXC7VZEQSYH8G3,2025-06-30T20:38:36.35702544Z
01JZ19DG11D5XZ21Y76MYMQS02,01JZ18R9CHSHJ2BAJZ4M4PAW2X,2025-06-30T20:45:48.961773538Z,01JZ18RA3DBE17YR6D8FEXRWFY,2025-06-30T20:45:48.961773538Z,01JZ195RS4X3R0XZXASS7J2F2G,2025-06-30T20:45:48.961773538Z,01JZ197VZQZ3W28DZHMN5K9CXH,2025-06-30T20:45:48.961773538Z,01JZ197W7SW6D8ZSPWAPA5KE61,2025-06-30T20:45:48.961773538Z
01JZ1F1DKYNWW09V5Z7GWGMBF6,01JZ1E916HBESJXS5SJ82BFZ21,2025-06-30T22:24:04.734365261Z,01JZ1E926BWK6TV1HDSC3ZQW4Y,2025-06-30T22:24:04.734365261Z,01JZ1EB9A62JTZM8674AWVY211,2025-06-30T22:24:04.734365261Z,01JZ1EST891W4CWE2FZ4NEZT5P,2025-06-30T22:24:04.734365261Z,01JZ1ESTR2A3N403QZK1RD01HW,2025-06-30T22:24:04.734365261Z
01JZ17RE693YCWES25745BWS8Y,01JZ170DPRHYGRH6M74WMGZ8J5,2025-06-30T20:16:50.377247039Z,01JZ170DRXVGFVP20P8DK3M491,2025-06-30T20:16:50.377247039Z,01JZ17B3EJNXDWZGY3QVC1296A,2025-06-30T20:16:50.377247039Z,01JZ17H2JN1M16ZRE7JGQBPN5M,2025-06-30T20:16:50.377247039Z,01JZ17H2MJSMV449WQAFM73C1S,2025-06-30T20:16:50.377247039Z
01JZ17W7E0BD07SFQW8PQWQ954,01JZ170DPRHYGRH6M74WMGZ8J5,2025-06-30T20:18:54.528129309Z,01JZ170DRWH3Q5VEKFYTCWXCB9,2025-06-30T20:18:54.528129309Z,01JZ178J2BZ2NF5FVTXNH8JBMT,2025-06-30T20:18:54.528129309Z,01JZ17M62ZA7FM5T6J9Q36KCK0,2025-06-30T20:18:54.528129309Z,01JZ17M69J8QH8JA1SA520E31R,2025-06-30T20:18:54.528129309Z
01JZ17ZR6CHZKR78Z11XRTD4R8,01JZ170DPRHYGRH6M74WMGZ8J5,2025-06-30T20:20:49.996734771Z,01JZ170DRQN15452AYS561M232,2025-06-30T20:20:49.996734771Z,01JZ177RVVNSCWMQHY3N3M9P3Y,2025-06-30T20:20:49.996734771Z,01JZ17RBD7J0VJVJJG30EA195H,2025-06-30T20:20:49.996734771Z,01JZ17RBHHQPT9A5V5H65VXGK9,2025-06-30T20:20:49.996734771Z
01JZ18VPHP9ADYB7DAV9CFF4PN,01JZ18G4TN4FH7205KTQTFE7PM,2025-06-30T20:36:05.814224872Z,01JZ18G4YK3PSP6R2PNWBA4P8S,2025-06-30T20:36:05.814224872Z,01JZ18HYEVQSC277Q1HCSHCSWE,2025-06-30T20:36:05.814224872Z,01JZ18QWBAHK4T4H0VEYDTYNA4,2025-06-30T20:36:05.814224872Z,01JZ18QWF0B0N502EC0XGZD96A,2025-06-30T20:36:05.814224872Z
01JZ18X8TRN6W65VD2XVF5CXAH,01JZ18G4TN4FH7205KTQTFE7PM,2025-06-30T20:36:57.304807313Z,01JZ18G4ZPD0G0WRB3ZSNJ4KSW,2025-06-30T20:36:57.304807313Z,01JZ18KCY0QBBH8XGZWTQZ78V6,2025-06-30T20:36:57.304807313Z,01JZ18QMDSQREXVSZ9J332HVG7,2025-06-30T20:36:57.304807313Z,01JZ18QMP1NGMSRYBNGZBSJCK9,2025-06-30T20:36:57.304807313Z
01JZ1AV63C8VWRGEDS8NX8QRVT,01JZ19VEXCKVX740B60X4W6PQN,2025-06-30T21:10:46.124662785Z,01JZ19VF3FCDRKA7RA8CE3SQDH,2025-06-30T21:10:46.124662785Z,01JZ19ZRSF0H44Y7P62WF2M80H,2025-06-30T21:10:46.124662785Z,01JZ1AK0ET9HBHSSG0V60ZD9G1,2025-06-30T21:10:46.124662785Z,01JZ1AK0ZXKEPQK3R3R93JFQZP,2025-06-30T21:10:46.124662785Z
01JZ17VH1XVVTV01ZCPMS4695H,01JZ170DPRHYGRH6M74WMGZ8J5,2025-06-30T20:18:31.6134382Z,01JZ170DSWJ6311N72HPSQWG9K,2025-06-30T20:18:31.6134382Z,01JZ178W441J2YAZ2W6GRZFTRA,2025-06-30T20:18:31.6134382Z,01JZ17KG5FZCMZS2YJVCAZ741Y,2025-06-30T20:18:31.6134382Z,01JZ17KGB0KKZV9246DJY233DY,2025-06-30T20:18:31.6134382Z
01JZ1BAN4FG20TQ18R4G6W9VP5,01JZ1B1VZ9TM9N3252XVVAH9DZ,2025-06-30T21:19:13.03951036Z,01JZ1B1W6S117BH8HCA7NH9R7E,2025-06-30T21:19:13.03951036Z,01JZ1B4JZ145G1JXSZ180MKZQ7,2025-06-30T21:19:13.03951036Z,01JZ1BAHADH4W4M1AJ6DNKBPWK,2025-06-30T21:19:13.03951036Z,01JZ1BAHHFGV7D8DX0F23S9G4D,2025-06-30T21:19:13.03951036Z
01JZ1CPAKWE2D50HC98G8HQ102,01JZ1C4XJFQQ45ZHGATAXVBX0J,2025-06-30T21:43:04.060467894Z,01JZ1C4XNE4VHGMR9JDZS6Y7F9,2025-06-30T21:43:04.060467894Z,01JZ1CB9F4KXDQP2PHJCZHP1QC,2025-06-30T21:43:04.060467894Z,01JZ1CM9MH9FR8B6ZK0QM2XBF8,2025-06-30T21:43:04.060467894Z,01JZ1CM9VXMQN204HPP62W42XM,2025-06-30T21:43:04.060467894Z
01JZ1H457YC26HJC4H3AFYPPZA,01JZ1G29Q82GQAKEXSK2E7NK3R,2025-06-30T23:00:31.614904242Z,01JZ1G2A58JMFV91VV93EGJJQY,2025-06-30T23:00:31.614904242Z,01JZ1GHJS4Z0QHDNAN69NMJ02V,2025-06-30T23:00:31.614904242Z,01JZ1GW3NQ1ZFH1D7RHAY6HCNS,2025-06-30T23:00:31.614904242Z,01JZ1GW4D2YPYD2049JRHQDTHS,2025-06-30T23:00:31.614904242Z
01JZ17TGDKDY4AFWNTDYQFC1GE,01JZ170DPRHYGRH6M74WMGZ8J5,2025-06-30T20:17:58.195293688Z,01JZ170DSMJZPS89ZBMFZ7ATK7,2025-06-30T20:17:58.195293688Z,01JZ178V1SBS1YEEZCW5R3AAJF,2025-06-30T20:17:58.195293688Z,01JZ17MYDW712GB678NHAF4EAC,2025-06-30T20:17:58.195293688Z,01JZ17MYMFCDYM1MWZVHQDN4PE,2025-06-30T20:17:58.195293688Z
01JZ180CFEP7458YKP7R8RR1HX,01JZ170DPRHYGRH6M74WMGZ8J5,2025-06-30T20:21:10.766097575Z,01JZ170DRQN15452AYS561M232,2025-06-30T20:21:10.766097575Z,01JZ17R3E57YY9H2V5S1G4XMBW,2025-06-30T20:21:10.766097575Z,01JZ17RBE0ZT7HTBY1K3ZRR1VV,2025-06-30T20:21:10.766097575Z,01JZ17RBK2QCDH41N068EAYRRZ,2025-06-30T20:21:10.766097575Z
01JZ1CW7QH6GS6H830A1MCXQZC,01JZ1C4XJFQQ45ZHGATAXVBX0J,2025-06-30T21:46:17.713904434Z,01JZ1C4XNE4VHGMR9JDZS6Y7F9,2025-06-30T21:46:17.713904434Z,01JZ1CHHENXRFPD7VNDFKQ5330,2025-06-30T21:46:17.713904434Z,01JZ1CM9PHKQR6ZRV6WZC89ZRV,2025-06-30T21:46:17.713904434Z,01JZ1CMA6DT0CMH53WQAF96N3Y,2025-06-30T21:46:17.713904434Z
01JZ1DNEET9PS8EAXAHV6CBTMD,01JZ1D0RX94M7HHBAJDNGV8QRS,2025-06-30T22:00:03.802951339Z,01JZ1D0S61XK8FZCNQBM2ZAEE6,2025-06-30T22:00:03.802951339Z,01JZ1D5XZ05FCDAH1D4YG77JR7,2025-06-30T22:00:03.802951339Z,01JZ1DHG42SDRFG0AMYRAAVFFX,2025-06-30T22:00:03.802951339Z,01JZ1DHGT73RX5V018YKF27ZKE,2025-06-30T22:00:03.802951339Z
01JZ1DS8NSQNH58GMTMN1H95BX,01JZ1D0RX94M7HHBAJDNGV8QRS,2025-06-30T22:02:08.953052508Z,01JZ1D0S61XK8FZCNQBM2ZAEE6,2025-06-30T22:02:08.953052508Z,01JZ1D5XZ05FCDAH1D4YG77JR7,2025-06-30T22:02:08.953052508Z,01JZ1DHG6929VPMW3RA3G6E916,2025-06-30T22:02:08.953052508Z,01JZ1DHGZ5YKGKCH7Q20DPG9VH,2025-06-30T22:02:08.953052508Z
01JZ17TCNGZRE13YJWKTT4QCM9,01JZ170DPRHYGRH6M74WMGZ8J5,2025-06-30T20:17:54.352344554Z,01JZ170DSBT7R80F1BC6BFNZAP,2025-06-30T20:17:54.352344554Z,01JZ177S5KY8F9N4218V4EVNPY,2025-06-30T20:17:54.352344554Z,01JZ17JC2ZXBJJNHC0TSAETRRS,2025-06-30T20:17:54.352344554Z,01JZ17JC6CD228EBJ95WFGACSC,2025-06-30T20:17:54.352344554Z
01JZ17WZYDWBHWZDVKBAH206NV,01JZ170DPRHYGRH6M74WMGZ8J5,2025-06-30T20:19:19.629746992Z,01JZ170DSMJZPS89ZBMFZ7ATK7,2025-06-30T20:19:19.629746992Z,01JZ178V1SBS1YEEZCW5R3AAJF,2025-06-30T20:19:19.629746992Z,01JZ17MYEHBQM2VDSAQZ2CF179,2025-06-30T20:19:19.629746992Z,01JZ17MYQN5DT1W4HRCCEDGPR1,2025-06-30T20:19:19.629746992Z
01JZ18RKYZ3NGRT288886A0J9X,01JZ18G4TN4FH7205KTQTFE7PM,2025-06-30T20:34:24.863584629Z,01JZ18G4Y1ABZPJ815NAWEN19T,2025-06-30T20:34:24.863584629Z,01JZ18HGDSE2JWMVWW1YEZN8Q5,2025-06-30T20:34:24.863584629Z,01JZ18PMF1481YNW4VF038RS60,2025-06-30T20:34:24.863584629Z,01JZ18PMJBDVTC0R5KWM9WQSVK,2025-06-30T20:34:24.863584629Z
01JZ195XY85PZCBKRBSMMFTVM0,01JZ18QHX9XGN83K6T42FK97D5,2025-06-30T20:41:41.06488296Z,01JZ18QHYY9H3H8G0D5BR000CA,2025-06-30T20:41:41.06488296Z,01JZ18VF3QW244H0X63X0AZG1Z,2025-06-30T20:41:41.06488296Z,01JZ1903BN7V6B2N7AMWNTAWGG,2025-06-30T20:41:41.06488296Z,01JZ190537PB6Z84XBD1Q9NVP6,2025-06-30T20:41:41.06488296Z
01JZ1AJ8A496NDK1Y9VDMKKYSP,01JZ19VEXCKVX740B60X4W6PQN,2025-06-30T21:05:53.476090622Z,01JZ19VF81DTYMGWYB0TAJKDWY,2025-06-30T21:05:53.476090622Z,01JZ19Y0D04KSPZSGRXD2GWN5G,2025-06-30T21:05:53.476090622Z,01JZ1AABMTK3KJJZSMA4TN8BF7,2025-06-30T21:05:53.476090622Z,01JZ1AAC9H0HBM9DYM86FB5S6R,2025-06-30T21:05:53.476090622Z
01JZ1BSHRE7FVEF78D1PHGTM2W,01JZ1B1VZ9TM9N3252XVVAH9DZ,2025-06-30T21:27:21.102447649Z,01JZ1B1W46BH5YH0XYSE8KJRBK,2025-06-30T21:27:21.102447649Z,01JZ1B9W35DBJAZZ7ZHMPZZDPP,2025-06-30T21:27:21.102447649Z,01JZ1BJ1CD7PGGMV0A6YRMHSQJ,2025-06-30T21:27:21.102447649Z,01JZ1BJ1Q3JY8NWMAF904NVX9Y,2025-06-30T21:27:21.102447649Z
01JZ1CDSA5977VBMDDZ40C9HWN,01JZ1BX7WQMA45G0E33EEHJ3V9,2025-06-30T21:38:24.19755332Z,01JZ1BX849RGFMRNF1WR9VXVPD,2025-06-30T21:38:24.19755332Z,01JZ1C4P0YN4P4R63ZN9FPE2D4,2025-06-30T21:38:24.19755332Z,01JZ1C84QRBSNC4RE2W7FPW8JB,2025-06-30T21:38:24.19755332Z,01JZ1C84ZZJY67D2BDRSP72HDD,2025-06-30T21:38:24.19755332Z
01JZ17PAE0Q0Y2JCTY217Y134A,01JZ170DPRHYGRH6M74WMGZ8J5,2025-06-30T20:15:40.99209286Z,01JZ170DS434CCJM920K0JDY80,2025-06-30T20:15:40.99209286Z,01JZ17JRNHBCA9Z1PDJFB00SE3,2025-06-30T20:15:40.99209286Z,01JZ17MESGQH4PGAZ2NQBVJJAG,2025-06-30T20:15:40.99209286Z,01JZ17MEV712MM5YZJ7MX7PD80,2025-06-30T20:15:40.99209286Z
01JZ17RZ3CAGSKKX5HHTKSGX5M,01JZ170DPRHYGRH6M74WMGZ8J5,2025-06-30T20:17:07.692453069Z,01JZ170DS32PJY8CQRMADJXFRG,2025-06-30T20:17:07.692453069Z,01JZ175Y8VG4DR6PWWKYJ4RHG5,2025-06-30T20:17:07.692453069Z,01JZ17HJY1YPM205KVGKCXFQS3,2025-06-30T20:17:07.692453069Z,01JZ17HK1CA56HZ85HYCEFTDYK,2025-06-30T20:17:07.692453069Z
01JZ17S1ECGSH9NZACFZ7CRGS4,01JZ170DPRHYGRH6M74WMGZ8J5,2025-06-30T20:17:10.092546903Z,01JZ170DSWJ6311N72HPSQWG9K,2025-06-30T20:17:10.092546903Z,01JZ178GZ31S8C5ECRC86PTTAS,2025-06-30T20:17:10.092546903Z,01JZ17KG534VMGAN6DZ77QN8H5,2025-06-30T20:17:10.092546903Z,01JZ17KG7YSABGV08AS0ZBEA4S,2025-06-30T20:17:10.092546903Z
01JZ18SZ8KY4BYEZG2CRE7ZGK4,01JZ18G4TN4FH7205KTQTFE7PM,2025-06-30T20:35:09.204029734Z,01JZ18G50PJASP911XB82AW46K,2025-06-30T20:35:09.204029734Z,01JZ18HFN6SPVZ5DYGTVB7ZVYC,2025-06-30T20:35:09.204029734Z,01JZ18P6M9PWBBNS9EFA2527RR,2025-06-30T20:35:09.204029734Z,01JZ18P6WPH7BDRZCWDRSSXC7E,2025-06-30T20:35:09.204029734Z
01JZ17SKY7BY2CQ9BD64SEFZMW,01JZ170DPRHYGRH6M74WMGZ8J5,2025-06-30T20:17:29.031550146Z,01JZ170DSTXK5Z1DV671606E6A,2025-06-30T20:17:29.031550146Z,01JZ17BSA5GQ3JXNB68EA97BX0,2025-06-30T20:17:29.031550146Z,01JZ17J85HSFJ5VF5EC9WG406J,2025-06-30T20:17:29.031550146Z,01JZ17J87S03SNAFE03XXVRYFF,2025-06-30T20:17:29.031550146Z
01JZ17V9ZGVK5WPAWS5RYGXAY8,01JZ170DPRHYGRH6M74WMGZ8J5,2025-06-30T20:18:24.368690028Z,01JZ170DSXXMDA003X79NFA4N0,2025-06-30T20:18:24.368690028Z,01JZ17C3PTEK9PXA5GJSYCCP5W,2025-06-30T20:18:24.368690028Z,01JZ17NRSETRAHA86XGKD3ZGNV,2025-06-30T20:18:24.368690028Z,01JZ17NRVFFVYGG6VDAXW2Q3R4,2025-06-30T20:18:24.368690028Z
01JZ18VDPPEJDE3WM8Q8HCJKHH,01JZ18G4TN4FH7205KTQTFE7PM,2025-06-30T20:35:56.758242188Z,01JZ18G4ZPD0G0WRB3ZSNJ4KSW,2025-06-30T20:35:56.758242188Z,01JZ18KKFGMMT5SG9HSP332X5F,2025-06-30T20:35:56.758242188Z,01JZ18QMDSQREXVSZ9J332HVG7,2025-06-30T20:35:56.758242188Z,01JZ18QMN8KXV42Y2BEFTEBTVN,2025-06-30T20:35:56.758242188Z
01JZ1BD7K3VSHW9WZTRRPBTS51,01JZ1B1VZ9TM9N3252XVVAH9DZ,2025-06-30T21:20:37.475187121Z,01JZ1B1W2WT8MR9NJ7RDDSFH2M,2025-06-30T21:20:37.475187121Z,01JZ1BAVN5GCQ9KGRAEPYWSGEC,2025-06-30T21:20:37.475187121Z,01JZ1BD3WQZQC101K8A6FPPJ19,2025-06-30T21:20:37.475187121Z,01JZ1BD46WFGNYMFZFEXD9C91Q,2025-06-30T21:20:37.475187121Z
01JZ1GHN6PJ901V3Z46P13PH3T,01JZ1G29Q82GQAKEXSK2E7NK3R,2025-06-30T22:50:25.366059821Z,01JZ1G2A6YM039KVE3FBKDN5TM,2025-06-30T22:50:25.366059821Z,01JZ1G8WT4QHCTZSBPJCV6WM6W,2025-06-30T22:50:25.366059821Z,01JZ1GDRQETQFVFT79CV7FCC6X,2025-06-30T22:50:25.366059821Z,01JZ1GDS8S3987ZJDH5TG3X9SJ,2025-06-30T22:50:25.366059821Z
01JZ17YQ07FHDEZ2PXWJ1YT3S1,01JZ170DPRHYGRH6M74WMGZ8J5,2025-06-30T20:20:16.007170516Z,01JZ170DS5DJKXJ3Z7YVJKJJXK,2025-06-30T20:20:16.007170516Z,01JZ178QE8FT7YCFAWRXFD895X,2025-06-30T20:20:16.007170516Z,01JZ17QA59QV908YAV00Z9M88J,2025-06-30T20:20:16.007170516Z,01JZ17QA8Z5AQT5PQN1RAFMA1B,2025-06-30T20:20:16.007170516Z
01JZ18VX407KP62A4RRGQCSYQ4,01JZ18G4TN4FH7205KTQTFE7PM,2025-06-30T20:36:12.544580226Z,01JZ18G4X5EPR69QT64DVYQXFJ,2025-06-30T20:36:12.544580226Z,01JZ18JKCGQP2NA6VYXSDM89NW,2025-06-30T20:36:12.544580226Z,01JZ18PAPZYGZBF3DQ7XCBJ9MP,2025-06-30T20:36:12.544580226Z,01JZ18PAV4CZ083Z3090NH4W96,2025-06-30T20:36:12.544580226Z
01JZ1CFZ4EEKACDDDRX6NXCBPK,01JZ1BX7WQMA45G0E33EEHJ3V9,2025-06-30T21:39:35.694848873Z,01JZ1BX849RGFMRNF1WR9VXVPD,2025-06-30T21:39:35.694848873Z,01JZ1C42HDFGHZFCN4YDW8V435,2025-06-30T21:39:35.694848873Z,01JZ1C84RKQ0P9K5DXZDFR6T0J,2025-06-30T21:39:35.694848873Z,01JZ1C855CGCNB2CR6J4KQ13PM,2025-06-30T21:39:35.694848873Z
01JZ17R54W46MGFV8SHM97KH7F,01JZ170DPRHYGRH6M74WMGZ8J5,2025-06-30T20:16:41.116681631Z,01JZ170DRRRWN613C5WJQ8B5Q6,2025-06-30T20:16:41.116681631Z,01JZ17A832XNJZN2KK8205TMZH,2025-06-30T20:16:41.116681631Z,01JZ17G52NG4XN5R9RR9776YQX,2025-06-30T20:16:41.116681631Z,01JZ17G55KZ0S4MQ7YJY2CACYH,2025-06-30T20:16:41.116681631Z
01JZ17TGCS1STPQWNEGM8EVQJT,01JZ170DPRHYGRH6M74WMGZ8J5,2025-06-30T20:17:58.169391325Z,01JZ170DSMJZPS89ZBMFZ7ATK7,2025-06-30T20:17:58.169391325Z,01JZ17K3Y03J2B5JTWV2Q8DEEQ,2025-06-30T20:17:58.169391325Z,01JZ17MYDW712GB678NHAF4EAC,2025-06-30T20:17:58.169391325Z,01JZ17MYMFCDYM1MWZVHQDN4PE,2025-06-30T20:17:58.169391325Z
01JZ18PC5NT7ZJ0267G16QG8DR,01JZ18G4TN4FH7205KTQTFE7PM,2025-06-30T20:33:11.349952812Z,01JZ18G4X5EPR69QT64DVYQXFJ,2025-06-30T20:33:11.349952812Z,01JZ18J5R16DTA3XKT9Y9737P7,2025-06-30T20:33:11.349952812Z,01JZ18PAR9WBWEPQGQAVBFV7BZ,2025-06-30T20:33:11.349952812Z,01JZ18PARXYSM6SGM2B8A7M1YP,2025-06-30T20:33:11.349952812Z
01JZ18WM9EPPJ6Z1GTSHFDDCYH,01JZ18G4TN4FH7205KTQTFE7PM,2025-06-30T20:36:36.270323721Z,01JZ18G4YA2XRQ9RK4RH5WQB1P,2025-06-30T20:36:36.270323721Z,01JZ18M8PYM3H87ZASWMAC2B64,2025-06-30T20:36:36.270323721Z,01JZ18Q1RFWF1SPY79863HPKYC,2025-06-30T20:36:36.270323721Z,01JZ18Q1X4TZM065RYCSF14JK5,2025-06-30T20:36:36.270323721Z
01JZ1BG6F0D6THN03YFV14Y6MT,01JZ1B1VZ9TM9N3252XVVAH9DZ,2025-06-30T21:22:14.62442264Z,01JZ1B1W6S117BH8HCA7NH9R7E,2025-06-30T21:22:14.62442264Z,01JZ1B3PFQZWK1B01E0NW7J1B1,2025-06-30T21:22:14.62442264Z,01JZ1BAHCPD0S01DARX26K93JP,2025-06-30T21:22:14.62442264Z,01JZ1BAHQZCEJFHZVQ6PYBVW81,2025-06-30T21:22:14.62442264Z
01JZ1F856KBASHY641W173WFTG,01JZ1E916HBESJXS5SJ82BFZ21,2025-06-30T22:27:45.491522862Z,01JZ1E923XSJ5V9JGGJQR2CG7M,2025-06-30T22:27:45.491522862Z,01JZ1EMYVSBFSNMNYSTV9SNRK6,2025-06-30T22:27:45.491522862Z,01JZ1F28RAA806YV34ZE1BEZ0A,2025-06-30T22:27:45.491522862Z,01JZ1F29A67255KTW4J1TY82H1,2025-06-30T22:27:45.491522862Z
01JZ17KRCEXDKTS23W9Y3AMERM,01JZ170DPRHYGRH6M74WMGZ8J5,2025-06-30T20:14:16.974609561Z,01JZ170DS434CCJM920VN081CV,2025-06-30T20:14:16.974609561Z,01JZ17BPKZNHJ9DBN3R83MMZW2,2025-06-30T20:14:16.974609561Z,01JZ17HX0ZXKJ4A0TXNHXA38XE,2025-06-30T20:14:16.974609561Z,01JZ17HX27YPRH0BCQM17SB655,2025-06-30T20:14:16.974609561Z
01JZ180BNAHBX086YZ38E2W4BQ,01JZ170DPRHYGRH6M74WMGZ8J5,2025-06-30T20:21:09.930378522Z,01JZ170DS9MMA8EZAVKYS5SMHX,2025-06-30T20:21:09.930378522Z,01JZ17HFJ1YVGFVR94GB9T8A4P,2025-06-30T20:21:09.930378522Z,01JZ17TR7E1D7CES1YNCABFX51,2025-06-30T20:21:09.930378522Z,01JZ17TRBYV81QV8YKGPDWM9RY,2025-06-30T20:21:09.930378522Z
01JZ1CEDXH54GM636P9B4TGZ3W,01JZ1BX7WQMA45G0E33EEHJ3V9,2025-06-30T21:38:45.2977763Z,01JZ1BX82RNFGPPA94NES9507T,2025-06-30T21:38:45.2977763Z,01JZ1BZDJ93GPNRBSERWMWMMB5,2025-06-30T21:38:45.2977763Z,01JZ1CAKRPM2RTKQN4NF25GQNV,2025-06-30T21:38:45.2977763Z,01JZ1CAM20HXM58VJYENW0FR0W,2025-06-30T21:38:45.2977763Z
01JZ1F4F1D6Z1G1TJ30X0PXT6A,01JZ1E916HBESJXS5SJ82BFZ21,2025-06-30T22:25:44.493067893Z,01JZ1E91MDHZVF6NVBEDDVGZWT,2025-06-30T22:25:44.493067893Z,01JZ1EK6MNQT8KSAR9HC017X0H,2025-06-30T22:25:44.493067893Z,01JZ1EWVHXM95HAKJR9TT7S3AD,2025-06-30T22:25:44.493067893Z,01JZ1EWW16MB2V9TEJT00TP3MP,2025-06-30T22:25:44.493067893Z
01JZ17MRJXZYWGMGZX9P4884DS,01JZ170DPRHYGRH6M74WMGZ8J5,2025-06-30T20:14:49.949311451Z,01JZ170DRXVGFVP20P8DK3M491,2025-06-30T20:14:49.949311451Z,01JZ17B2PHRTHG9KZ1P8A1158Q,2025-06-30T20:14:49.949311451Z,01JZ17H2JKQXYPBGV7RRHN6ECY,2025-06-30T20:14:49.949311451Z,01JZ17H2KY0T9900KYTGYZSB6M,2025-06-30T20:14:49.949311451Z
01JZ17V6H71RAEM4WQZT88BCQD,01JZ170DPRHYGRH6M74WMGZ8J5,2025-06-30T20:18:20.839126744Z,01JZ170DSWJ6311N72HPSQWG9K,2025-06-30T20:18:20.839126744Z,01JZ178GZ31S8C5ECRC86PTTAS,2025-06-30T20:18:20.839126744Z,01JZ17KG4Z9CHYTG6HQWPNQJ5E,2025-06-30T20:18:20.839126744Z,01JZ17KGA1S284K8EBMDYKKSKD,2025-06-30T20:18:20.839126744Z
01JZ180CFQ4K7RNMG4TMB9X7RN,01JZ170DPRHYGRH6M74WMGZ8J5,2025-06-30T20:21:10.775928781Z,01JZ170DRQN15452AYS561M232,2025-06-30T20:21:10.775928781Z,01JZ1772PK70ARCRD25BW9JS91,2025-06-30T20:21:10.775928781Z,01JZ17RBE0ZT7HTBY1K3ZRR1VV,2025-06-30T20:21:10.775928781Z,01JZ17RBK2QCDH41N068EAYRRZ,2025-06-30T20:21:10.775928781Z
01JZ18X9WVCPP6TJQYDBM24CSN,01JZ18G4TN4FH7205KTQTFE7PM,2025-06-30T20:36:58.395732587Z,01JZ18G4ZDA13FR053ZT1R1FPF,2025-06-30T20:36:58.395732587Z,01JZ18JPT9JN6KKGXMDR9K6K49,2025-06-30T20:36:58.395732587Z,01JZ18NR6HCE23W41F3CPVZTY3,2025-06-30T20:36:58.395732587Z,01JZ18NRAYW3T2WM9DR7R5NBNE,2025-06-30T20:36:58.395732587Z
01JZ1AAV7NAKEY9MKZJE2RMR5X,01JZ19VEXCKVX740B60X4W6PQN,2025-06-30T21:01:50.709157565Z,01JZ19VF1X4TGM9HTAVFF08YB3,2025-06-30T21:01:50.709157565Z,01JZ19X9AX1VPBDDCP087HWECT,2025-06-30T21:01:50.709157565Z,01JZ1A31V3EJ1Y2YEGMA5AZKE4,2025-06-30T21:01:50.709157565Z,01JZ1A3290C8XPZTPTW3G1G80F,2025-06-30T21:01:50.709157565Z
01JZ1AYVH32Z7YE5HJDFFNS4M8,01JZ19VEXCKVX740B60X4W6PQN,2025-06-30T21:12:46.371049003Z,01JZ19VF4XXDC5SP97SM18G8VM,2025-06-30T21:12:46.371049003Z,01JZ1AFP0ZSM5GDN23SMJMVZTW,2025-06-30T21:12:46.371049003Z,01JZ1AQBHRMVHPE1YZ6WFANPW5,2025-06-30T21:12:46.371049003Z,01JZ1AQBYQ9PP5WV2EE6KXR20F,2025-06-30T21:12:46.371049003Z
01JZ17N9AN5W673WQ4JE1XDXM8,01JZ170DPRHYGRH6M74WMGZ8J5,2025-06-30T20:15:07.093498497Z,01JZ170DS32PJY8CQRMADJXFRG,2025-06-30T20:15:07.093498497Z,01JZ1788J67VDXAH0W6F8T66AB,2025-06-30T20:15:07.093498497Z,01JZ17HJXZJXBNGG98GAB8QMCF,2025-06-30T20:15:07.093498497Z,01JZ17HK0SVP1ABZQAHDNEMPR2,2025-06-30T20:15:07.093498497Z
01JZ17S2CA5VGA2HM917HPJ17G,01JZ170DPRHYGRH6M74WMGZ8J5,2025-06-30T20:17:11.050348355Z,01JZ170DRXVGFVP20P8DK3M491,2025-06-30T20:17:11.050348355Z,01JZ179T9EE5NWF4YTXDRCZC5E,2025-06-30T20:17:11.050348355Z,01JZ17H2JWJMBDAZPE9P38DECW,2025-06-30T20:17:11.050348355Z,01JZ17H2NKW7C4QCAZA2CAXE8H,2025-06-30T20:17:11.050348355Z
01JZ17SK72QEC3D4476AAH201B,01JZ170DPRHYGRH6M74WMGZ8J5,2025-06-30T20:17:28.290529004Z,01JZ170DS32PJY8CQRMADJXFRG,2025-06-30T20:17:28.290529004Z,01JZ175Y8VG4DR6PWWKYJ4RHG5,2025-06-30T20:17:28.290529004Z,01JZ17HJY5Q3PQ3SGQ81QN303W,2025-06-30T20:17:28.290529004Z,01JZ17HK2E8CY2FWBMYVY27NZM,2025-06-30T20:17:28.290529004Z
01JZ18TCY16DJFMRDTPPWTHRBE,01JZ18G4TN4FH7205KTQTFE7PM,2025-06-30T20:35:23.201254337Z,01JZ18G4ZZG5A688HVVJGKBFVW,2025-06-30T20:35:23.201254337Z,01JZ18JE9A6THSRA3515C4Q3GE,2025-06-30T20:35:23.201254337Z,01JZ18RFQ4W09NKQ14XZ3KQN1E,2025-06-30T20:35:23.201254337Z,01JZ18RFV7A7RYC83ZMNNW89A7,2025-06-30T20:35:23.201254337Z
01JZ18YW8JBEDCFMTQCY22995Z,01JZ18G4TN4FH7205KTQTFE7PM,2025-06-30T20:37:49.970563393Z,01JZ18G4Z7SR18DC8PDBR22HS5,2025-06-30T20:37:49.970563393Z,01JZ18HPXJ4G52DBV1JHKTXZPH,2025-06-30T20:37:49.970563393Z,01JZ18S8W382ZTX14ED28QZWFS,2025-06-30T20:37:49.970563393Z,01JZ18S91PKVD5S703E5P7J2GZ,2025-06-30T20:37:49.970563393Z
01JZ18ZHAJCXTW72XVC0MD7SGC,01JZ18G4TN4FH7205KTQTFE7PM,2025-06-30T20:38:11.538104995Z,01JZ18G508W9SSEDAT6B79GZND,2025-06-30T20:38:11.538104995Z,01JZ18J46H2273JNNKGGW4JXM3,2025-06-30T20:38:11.538104995Z,01JZ18STHY2VTQFD4CXMK2KF14,2025-06-30T20:38:11.538104995Z,01JZ18STTVZBKCJ3FNRVH9WG4T,2025-06-30T20:38:11.538104995Z
01JZ197YYWPPRFJ863TRSGJ61D,01JZ18R9CHSHJ2BAJZ4M4PAW2X,2025-06-30T20:42:47.644517641Z,01JZ18RA3DBE17YR6D8FEXRWFY,2025-06-30T20:42:47.644517641Z,01JZ195RS4X3R0XZXASS7J2F2G,2025-06-30T20:42:47.644517641Z,01JZ197VZ0Q6DEGD42E0811129,2025-06-30T20:42:47.644517641Z,01JZ197W3QRNRR8DKX46RB029D,2025-06-30T20:42:47.644517641Z
01JZ180H4XBXNNETXQDA8GXHAW,01JZ170DPRHYGRH6M74WMGZ8J5,2025-06-30T20:21:15.549092243Z,01JZ170DSP5HFMBRZWFQV8RFVC,2025-06-30T20:21:15.549092243Z,01JZ17GRXVCB86SQX36KBD73NW,2025-06-30T20:21:15.549092243Z,01JZ17RSJTNPRC3C8ZY6Y2ZSYJ,2025-06-30T20:21:15.549092243Z,01JZ17RSRNH5GJAAJYFVB387HP,2025-06-30T20:21:15.549092243Z
01JZ18YDY836CKG319D056GKP5,01JZ18G4TN4FH7205KTQTFE7PM,2025-06-30T20:37:35.304562118Z,01JZ18G4X5EPR69QT64DVYQXFJ,2025-06-30T20:37:35.304562118Z,01JZ18J5R16DTA3XKT9Y9737P7,2025-06-30T20:37:35.304562118Z,01JZ18PAQPXAB9KP38CAA042W4,2025-06-30T20:37:35.304562118Z,01JZ18PAYS1PHK1KKPBPBPHKTP,2025-06-30T20:37:35.304562118Z
01JZ1AGC44D4VCHNMJSASYC679,01JZ19VEXCKVX740B60X4W6PQN,2025-06-30T21:04:51.844605671Z,01JZ19VF5YA4VZJRJDVJVY1XBY,2025-06-30T21:04:51.844605671Z,01JZ1A13JPV17BYBZFE5Z1TESS,2025-06-30T21:04:51.844605671Z,01JZ1AAR361JZ1CYXHJ50PJVG2,2025-06-30T21:04:51.844605671Z,01JZ1AAR7NN2XS5Z2A6KJ0YYRK,2025-06-30T21:04:51.844605671Z
01JZ1DR577BQB974QVDVA1Q0WE,01JZ1D0RX94M7HHBAJDNGV8QRS,2025-06-30T22:01:32.647898776Z,01JZ1D0S3N2D9DCG3EHS8AP4R1,2025-06-30T22:01:32.647898776Z,01JZ1DB76758JPZGHYCN646V7S,2025-06-30T22:01:32.647898776Z,01JZ1DJBF7R7NJ28KS5SRS1EHV,2025-06-30T22:01:32.647898776Z,01JZ1DJBVG82SYECZXJC6RC5W1,2025-06-30T22:01:32.647898776Z
01JZ17M816CCC2TAWG42N7QW1X,01JZ170DPRHYGRH6M74WMGZ8J5,2025-06-30T20:14:32.999028142Z,01JZ170DSBT7R80F1BC6BFNZAP,2025-06-30T20:14:32.999028142Z,01JZ17BXN8A0CN51A90XTP0KJK,2025-06-30T20:14:32.999028142Z,01JZ17JC3646JKWR0PPXMYYSSE,2025-06-30T20:14:32.999028142Z,01JZ17JC4BH6DXFB1MF05VR7P5,2025-06-30T20:14:32.999028142Z
01JZ18029T8DPAY8FQRJCFAGGZ,01JZ170DPRHYGRH6M74WMGZ8J5,2025-06-30T20:21:00.346941528Z,01JZ170DRQN15452AYS561M232,2025-06-30T20:21:00.346941528Z,01JZ17QY7AVGGNKHH7ZM5STBVV,2025-06-30T20:21:00.346941528Z,01JZ17RBDPNRWH0MV3S1S7KRVT,2025-06-30T20:21:00.346941528Z,01JZ17RBJ8YKE7YSK6WC1TVK90,2025-06-30T20:21:00.346941528Z
01JZ18R2QJYNNWPM44EREDGQ10,01JZ18G4TN4FH7205KTQTFE7PM,2025-06-30T20:34:07.218187118Z,01JZ18G4XDWA3A08Y0HZ5HSAAF,2025-06-30T20:34:07.218187118Z,01JZ18N4BCMMEGJT5ZAJGY6HHX,2025-06-30T20:34:07.218187118Z,01JZ18R0YQXPRFN6T3JT8B6MYT,2025-06-30T20:34:07.218187118Z,01JZ18R11JQ1SRQV5XW61WSV3P,2025-06-30T20:34:07.218187118Z
01JZ1AEH3A75R7E3JWSN5VD561,01JZ19VEXCKVX740B60X4W6PQN,2025-06-30T21:03:51.402248711Z,01JZ19VF5YA4VZJRJDVJVY1XBY,2025-06-30T21:03:51.402248711Z,01JZ1A8FR32NPD5RJ1DVE9H7Y6,2025-06-30T21:03:51.402248711Z,01JZ1AAR361JZ1CYXHJ50PJVG2,2025-06-30T21:03:51.402248711Z,01JZ1AAR73WCZ6THW90Z9KR5R5,2025-06-30T21:03:51.402248711Z
01JZ1CA328ZXZHZBKSPPK2BVRJ,01JZ1BX7WQMA45G0E33EEHJ3V9,2025-06-30T21:36:23.112643085Z,01JZ1BX849RGFMRNF1WR9VXVPD,2025-06-30T21:36:23.112643085Z,01JZ1C6CTMT28Z0M14S1H6T07Y,2025-06-30T21:36:23.112643085Z,01JZ1C84QRBSNC4RE2W7FPW8JB,2025-06-30T21:36:23.112643085Z,01JZ1C84YBG3A0JDE2WSCX5ZRJ,2025-06-30T21:36:23.112643085Z
01JZ1GKRNT7DG01H8W4X7MS6XM,01JZ1G29Q82GQAKEXSK2E7NK3R,2025-06-30T22:51:34.458919566Z,01JZ1G2A9825Q9R0AFVXQNTR63,2025-06-30T22:51:34.458919566Z,01JZ1G9AHDKJRVSD4NGC2SYHDN,2025-06-30T22:51:34.458919566Z,01JZ1GKM1M98RKJZ6DVXPWE5H6,2025-06-30T22:51:34.458919566Z,01JZ1GKMA9D804W1YF6T6TV2ZZ,2025-06-30T22:51:34.458919566Z
01JZ1GR7CZY5C5ACTQ0Z2G4442,01JZ1G29Q82GQAKEXSK2E7NK3R,2025-06-30T22:54:00.607986927Z,01JZ1G2ACHC2PPHGNQVYG69GCY,2025-06-30T22:54:00.607986927Z,01JZ1G4D5N3JRDG8TQNFBZX41Z,2025-06-30T22:54:00.607986927Z,01JZ1GJG6VNG9PMWWVXAT59KAK,2025-06-30T22:54:00.607986927Z,01JZ1GJGQS329XNT6FBZ8D1F2T,2025-06-30T22:54:00.607986927Z
01JZ18XN113TWKYEES5KXC9ZN4,01JZ18G4TN4FH7205KTQTFE7PM,2025-06-30T20:37:09.793579206Z,01JZ18G4ZDA13FR053ZT1R1FPF,2025-06-30T20:37:09.793579206Z,01JZ18J71C4JGFMP9MP8Y4KY9T,2025-06-30T20:37:09.793579206Z,01JZ18NR6VSFFH5QJK4DQ1TXDM,2025-06-30T20:37:09.793579206Z,01JZ18NRC0G7Z33TP6YQMRVJQX,2025-06-30T20:37:09.793579206Z
01JZ1CR5PJJJWC43RQ4TYSS2RW,01JZ1C4XJFQQ45ZHGATAXVBX0J,2025-06-30T21:44:04.562665527Z,01JZ1C4XNE4VHGMR9JDZS6Y7F9,2025-06-30T21:44:04.562665527Z,01JZ1CEYEW4QC345QNCDR6C494,2025-06-30T21:44:04.562665527Z,01JZ1CM9MH9FR8B6ZK0QM2XBF8,2025-06-30T21:44:04.562665527Z,01JZ1CM9XNCJMG30B6PE3HBNT5,2025-06-30T21:44:04.562665527Z
01JZ1H0NGSWD6F93PMY5C72B0N,01JZ1G29Q82GQAKEXSK2E7NK3R,2025-06-30T22:58:37.20922969Z,01JZ1G2AATTMJJ07WA2JZ9MF1K,2025-06-30T22:58:37.20922969Z,01JZ1GPSZ98FX0GSJ1PJWWQANW,2025-06-30T22:58:37.20922969Z,01JZ1GWNC8K4Z8FGCARK2K5BBW,2025-06-30T22:58:37.20922969Z,01JZ1GWP3PGE8CPBKD20DR49PE,2025-06-30T22:58:37.20922969Z
01JZ17NC637N44KWSFY7G1ZN0M,01JZ170DPRHYGRH6M74WMGZ8J5,2025-06-30T20:15:10.019870498Z,01JZ170DS8YWG03GZVY59N3JD0,2025-06-30T20:15:10.019870498Z,01JZ17AFTYKZ447G4RP003MK6R,2025-06-30T20:15:10.019870498Z,01JZ17HNMQAAW5HV1NJ3KN0TDP,2025-06-30T20:15:10.019870498Z,01JZ17HNP6QCD1MJXSWCZN1D4Z,2025-06-30T20:15:10.019870498Z
01JZ17QNYT976E315YKAWYM1FG,01JZ170DPRHYGRH6M74WMGZ8J5,2025-06-30T20:16:25.562558464Z,01JZ170DS0283SZNEN95XAWWS4,2025-06-30T20:16:25.562558464Z,01JZ17BCV91FG1WVF832RTXB76,2025-06-30T20:16:25.562558464Z,01JZ17NT7VKFDEH0WZ6ZY88ZPG,2025-06-30T20:16:25.562558464Z,01JZ17NT9KEZ4Z8W5Q27PSFXEH,2025-06-30T20:16:25.562558464Z
01JZ18X24P5M2V7ATAGEKRRDNR,01JZ18G4TN4FH7205KTQTFE7PM,2025-06-30T20:36:50.454635976Z,01JZ18G4YTQTSXFW2X0Y80VGVG,2025-06-30T20:36:50.454635976Z,01JZ18JSY9P3KAE5N38ASDX51K,2025-06-30T20:36:50.454635976Z,01JZ18QCHSRQEB636MAZYTF93F,2025-06-30T20:36:50.454635976Z,01JZ18QCPBPST0PE1NJV4R0V1Y,2025-06-30T20:36:50.454635976Z
01JZ18YV91A1H9E3M23PMCWDVH,01JZ18G4TN4FH7205KTQTFE7PM,2025-06-30T20:37:48.961133688Z,01JZ18G4Y1ABZPJ815NAWEN19T,2025-06-30T20:37:48.961133688Z,01JZ18JTT4THQJ9FYDDES7JX1C,2025-06-30T20:37:48.961133688Z,01JZ18PMFWXRBMGQD7EAMQ4QF6,2025-06-30T20:37:48.961133688Z,01JZ18PMPWTZNVAVCSNQQEA05F,2025-06-30T20:37:48.961133688Z
01JZ1GNNTX188YKXFY1ED63QWW,01JZ1G29Q82GQAKEXSK2E7NK3R,2025-06-30T22:52:37.085207148Z,01JZ1G2A3Q53QEYHDQX68WVVKH,2025-06-30T22:52:37.085207148Z,01JZ1G4QT3J0N96RSDER5H66SR,2025-06-30T22:52:37.085207148Z,01JZ1GE1B7S3CJGC5P0WWB4XPP,2025-06-30T22:52:37.085207148Z,01JZ1GE215NBDPNFKAXYEVTZ1V,2025-06-30T22:52:37.085207148Z
01JZ17RR86T7RQAR7F86E0KD3X,01JZ170DPRHYGRH6M74WMGZ8J5,2025-06-30T20:17:00.678753202Z,01JZ170DRXVGFVP20P8DK3M491,2025-06-30T20:17:00.678753202Z,01JZ17E3Q68P56EVHYKCV88P7R,2025-06-30T20:17:00.678753202Z,01JZ17H2JPFPJA5AGAW7MSWH7S,2025-06-30T20:17:00.678753202Z,01JZ17H2MZBEW36Y1R5K5FNF6E,2025-06-30T20:17:00.678753202Z
01JZ17S96DSJCW5A6BNHYXHZ5R,01JZ170DPRHYGRH6M74WMGZ8J5,2025-06-30T20:17:18.029391072Z,01JZ170DS32PJY8CQRMADJXFRG,2025-06-30T20:17:18.029391072Z,01JZ176XCKRH7MED6P6JRG4D22,2025-06-30T20:17:18.029391072Z,01JZ17HJY4CGFR7PYHRBPAT4T8,2025-06-30T20:17:18.029391072Z,01JZ17HK1YWX6QKK37P4BCG5CK,2025-06-30T20:17:18.029391072Z
01JZ18P927FW59G81KVC7Y3BR3,01JZ18G4TN4FH7205KTQTFE7PM,2025-06-30T20:33:08.167402188Z,01JZ18G50PJASP911XB82AW46K,2025-06-30T20:33:08.167402188Z,01JZ18KCZAP8MJWF3YFSDPP92T,2025-06-30T20:33:08.167402188Z,01JZ18P6KKP6YDW0ZB2JNENH81,2025-06-30T20:33:08.167402188Z,01JZ18P6RJ2ZTWM3C4E470Y4NM,2025-06-30T20:33:08.167402188Z
01JZ1BM05Q54QN0SHG3H10MDXY,01JZ1B1VZ9TM9N3252XVVAH9DZ,2025-06-30T21:24:19.255359229Z,01JZ1B1W46BH5YH0XYSE8KJRBK,2025-06-30T21:24:19.255359229Z,01JZ1B811D0DJD23YQN2DZYBGD,2025-06-30T21:24:19.255359229Z,01JZ1BJ1ABMADNQ2K1TJQ9ED7W,2025-06-30T21:24:19.255359229Z,01JZ1BJ1KA0R53MJZQYVW64Y0X,2025-06-30T21:24:19.255359229Z
01JZ17VBER8E8GXYHZEZBT9Q1S,01JZ170DPRHYGRH6M74WMGZ8J5,2025-06-30T20:18:25.880308043Z,01JZ170DS0283SZNEN95XAWWS4,2025-06-30T20:18:25.880308043Z,01JZ17J8N9NAW1ASAH1NWPJBAP,2025-06-30T20:18:25.880308043Z,01JZ17NT7VKFDEH0WZ6ZY88ZPG,2025-06-30T20:18:25.880308043Z,01JZ17NTA2X67VBRWPPAXKVKJM,2025-06-30T20:18:25.880308043Z
01JZ18TS8T20Q0Y8AMM06DVEP9,01JZ18G4TN4FH7205KTQTFE7PM,2025-06-30T20:35:35.834790786Z,01JZ18G4YA2XRQ9RK4RH5WQB1P,2025-06-30T20:35:35.834790786Z,01JZ18M0E7QK051FXC32B03XG8,2025-06-30T20:35:35.834790786Z,01JZ18Q1RFWF1SPY79863HPKYC,2025-06-30T20:35:35.834790786Z,01JZ18Q1WK379CDHDVRG1MFY84,2025-06-30T20:35:35.834790786Z
01JZ18WM6YV8VP60DHW80B5JTA,01JZ18G4TN4FH7205KTQTFE7PM,2025-06-30T20:36:36.190456234Z,01JZ18G4YA2XRQ9RK4RH5WQB1P,2025-06-30T20:36:36.190456234Z,01JZ18NCTENJS4RVDRQ8JG1EGE,2025-06-30T20:36:36.190456234Z,01JZ18Q1RFWF1SPY79863HPKYC,2025-06-30T20:36:36.190456234Z,01JZ18Q1X4TZM065RYCSF14JK5,2025-06-30T20:36:36.190456234Z
01JZ190ARKCPVWVWFA0W8NGAXZ,01JZ18QHX9XGN83K6T42FK97D5,2025-06-30T20:38:37.58721811Z,01JZ18QHYY9H3H8G0D5BR000CA,2025-06-30T20:38:37.58721811Z,01JZ18XHK71TAH4K8NFWQ8XDAZ,2025-06-30T20:38:37.58721811Z,01JZ1903AFQ46DQQCHMAXT5VXE,2025-06-30T20:38:37.58721811Z,01JZ1903RH8M0N7VGXPV5NVFE7,2025-06-30T20:38:37.58721811Z
01JZ1BNAWE0AQR0TB16BG6XTKK,01JZ1B1VZ9TM9N3252XVVAH9DZ,2025-06-30T21:25:02.99020331Z,01JZ1B1W2WT8MR9NJ7RDDSFH2M,2025-06-30T21:25:02.99020331Z,01JZ1B3YWXA1F3DXJYFKHTVRDW,2025-06-30T21:25:02.99020331Z,01JZ1BD41K10B3Z5F98Q46A8QZ,2025-06-30T21:25:02.99020331Z,01JZ1BD4QTZ37YW3F8P5C869WB,2025-06-30T21:25:02.99020331Z
01JZ1CVX28HS8STC8R1X63HVAN,01JZ1C4XJFQQ45ZHGATAXVBX0J,2025-06-30T21:46:06.792747506Z,01JZ1C4XNE4VHGMR9JDZS6Y7F9,2025-06-30T21:46:06.792747506Z,01JZ1CHHENXRFPD7VNDFKQ5330,2025-06-30T21:46:06.792747506Z,01JZ1CM9NHAQYVB9EBB2FPWPMG,2025-06-30T21:46:06.792747506Z,01JZ1CMA31R8XKWA9BKW0H529E,2025-06-30T21:46:06.792747506Z
01JZ17QGXBTPR8FGV5ESP8RRZZ,01JZ170DPRHYGRH6M74WMGZ8J5,2025-06-30T20:16:20.395737806Z,01JZ170DRRRWN613C5WJQ8B5Q6,2025-06-30T20:16:20.395737806Z,01JZ176AGFMX3JE5XFYY83S9AY,2025-06-30T20:16:20.395737806Z,01JZ17G52QXC0MC4VA0YJ9E9HN,2025-06-30T20:16:20.395737806Z,01JZ17G54GERK7CC5A2YT2C8ZS,2025-06-30T20:16:20.395737806Z
01JZ17S2CSQR6P93NN86J2Y0VT,01JZ170DPRHYGRH6M74WMGZ8J5,2025-06-30T20:17:11.065428481Z,01JZ170DRXVGFVP20P8DK3M491,2025-06-30T20:17:11.065428481Z,01JZ17CDTWA5ZJVFXRJRWPP8YB,2025-06-30T20:17:11.065428481Z,01JZ17H2JWJMBDAZPE9P38DECW,2025-06-30T20:17:11.065428481Z,01JZ17H2NKW7C4QCAZA2CAXE8H,2025-06-30T20:17:11.065428481Z
01JZ17SXA3A9PE7D66KZPH0NG8,01JZ170DPRHYGRH6M74WMGZ8J5,2025-06-30T20:17:38.627948964Z,01JZ170DS434CCJM920VN081CV,2025-06-30T20:17:38.627948964Z,01JZ17A78DPNXD645MNCYQ5HYS,2025-06-30T20:17:38.627948964Z,01JZ17HX14FY8E41PWFYHSWJ2P,2025-06-30T20:17:38.627948964Z,01JZ17HX3WVKQRC38GFPG7DBE6,2025-06-30T20:17:38.627948964Z
01JZ18Y50CJRTV9D5Z86ZSSKGM,01JZ18G4TN4FH7205KTQTFE7PM,2025-06-30T20:37:26.156184068Z,01JZ18G50G0GKPPCFSW2N0ZNW1,2025-06-30T20:37:26.156184068Z,01JZ18HJ023RXZWDMJ23K3G02T,2025-06-30T20:37:26.156184068Z,01JZ18RHFZ729S1GE13DM98H8Z,2025-06-30T20:37:26.156184068Z,01JZ18RHME99WN31PV5VCD73RS,2025-06-30T20:37:26.156184068Z
01JZ1BCGGVMK6D9Y1T5FJ21JRQ,01JZ1B1VZ9TM9N3252XVVAH9DZ,2025-06-30T21:20:13.851847724Z,01JZ1B1W6S117BH8HCA7NH9R7E,2025-06-30T21:20:13.851847724Z,01JZ1B4F0AXDADE5G5GXRT5GAX,2025-06-30T21:20:13.851847724Z,01JZ1BAHCPD0S01DARX26K93JP,2025-06-30T21:20:13.851847724Z,01JZ1BAHNHRP82EBP2C9D80PGX,2025-06-30T21:20:13.851847724Z
01JZ1DS8Q9ZA0G422TK2R83QVD,01JZ1D0RX94M7HHBAJDNGV8QRS,2025-06-30T22:02:09.001636415Z,01JZ1D0S61XK8FZCNQBM2ZAEE6,2025-06-30T22:02:09.001636415Z,01JZ1D4E6V1F7QYCN1KQC77HPV,2025-06-30T22:02:09.001636415Z,01JZ1DHG6929VPMW3RA3G6E916,2025-06-30T22:02:09.001636415Z,01JZ1DHGZ5YKGKCH7Q20DPG9VH,2025-06-30T22:02:09.001636415Z
01JZ1GV9CQ3ZQH1KHJBPR8QYZ0,01JZ1G29Q82GQAKEXSK2E7NK3R,2025-06-30T22:55:40.952020745Z,01JZ1G2A9825Q9R0AFVXQNTR63,2025-06-30T22:55:40.952020745Z,01JZ1G4P5HG5MYYFH3JNW3CKA9,2025-06-30T22:55:40.952020745Z,01JZ1GKM4NJC2AZGFDE1DDC9W3,2025-06-30T22:55:40.952020745Z,01JZ1GKMK024Q3M5W60SP5FP68,2025-06-30T22:55:40.952020745Z
01JZ1D9BK7ZRWSCRF13859BSQ8,01JZ1D0RX94M7HHBAJDNGV8QRS,2025-06-30T21:53:27.655505117Z,01JZ1D0S2S8SEBXETFQJSTGM5V,2025-06-30T21:53:27.655505117Z,01JZ1D322QVYNT268ZSCN1M2TD,2025-06-30T21:53:27.655505117Z,01JZ1D77TJ31JQY4W7YSZVV4R8,2025-06-30T21:53:27.655505117Z,01JZ1D78DY05DA26PEMTE62QV7,2025-06-30T21:53:27.655505117Z
01JZ17V6JAKJ1CDYZMD3ZWPJZZ,01JZ170DPRHYGRH6M74WMGZ8J5,2025-06-30T20:18:20.874862299Z,01JZ170DSWJ6311N72HPSQWG9K,2025-06-30T20:18:20.874862299Z,01JZ17D915S4GRY1FXGXK8RTTY,2025-06-30T20:18:20.874862299Z,01JZ17KG4Z9CHYTG6HQWPNQJ5E,2025-06-30T20:18:20.874862299Z,01JZ17KGA1S284K8EBMDYKKSKD,2025-06-30T20:18:20.874862299Z
01JZ18QQQ6VN260QYB2NET0G77,01JZ18G4TN4FH7205KTQTFE7PM,2025-06-30T20:33:55.94254557Z,01JZ18G4ZPD0G0WRB3ZSNJ4KSW,2025-06-30T20:33:55.94254557Z,01JZ18KCY0QBBH8XGZWTQZ78V6,2025-06-30T20:33:55.94254557Z,01JZ18QMC3ZA9P1743X1HXFWMC,2025-06-30T20:33:55.94254557Z,01JZ18QMHKB3Y36NHFYKKXF3NP,2025-06-30T20:33:55.94254557Z
01JZ18WA4M03XE69WY4PC9ABDB,01JZ18G4TN4FH7205KTQTFE7PM,2025-06-30T20:36:25.876927168Z,01JZ18G50G0GKPPCFSW2N0ZNW1,2025-06-30T20:36:25.876927168Z,01JZ18HJ023RXZWDMJ23K3G02T,2025-06-30T20:36:25.876927168Z,01JZ18RHFZ729S1GE13DM98H8Z,2025-06-30T20:36:25.876927168Z,01JZ18RHM0C5SA38DPG1QNA7W7,2025-06-30T20:36:25.876927168Z
01JZ18WA6HSYBR7MG5NKNBE8FW,01JZ18G4TN4FH7205KTQTFE7PM,2025-06-30T20:36:25.937384668Z,01JZ18G50G0GKPPCFSW2N0ZNW1,2025-06-30T20:36:25.937384668Z,01JZ18J6KD5BBAN05Q96NKJXCJ,2025-06-30T20:36:25.937384668Z,01JZ18RHFZ729S1GE13DM98H8Z,2025-06-30T20:36:25.937384668Z,01JZ18RHM0C5SA38DPG1QNA7W7,2025-06-30T20:36:25.937384668Z
01JZ190CN27TTN4CHZ20Y9K4C3,01JZ18G4TN4FH7205KTQTFE7PM,2025-06-30T20:38:39.522972516Z,01JZ18G4XMK5QHE5YNTR43VZ9V,2025-06-30T20:38:39.522972516Z,01JZ18JYQDFDP4EVNZQ3HF507K,2025-06-30T20:38:39.522972516Z,01JZ18RP8NH16RGQPN23QF70FD,2025-06-30T20:38:39.522972516Z,01JZ18RPEFN6WK76NDTGBAE0KT,2025-06-30T20:38:39.522972516Z
01JZ1ACN0HEEBAMEQFVKRJHWY8,01JZ19VEXCKVX740B60X4W6PQN,2025-06-30T21:02:49.873945289Z,01JZ19VF9WCS5BMDRCPXZK6ZBF,2025-06-30T21:02:49.873945289Z,01JZ1A5BC93T1VSNTPVNANBKKY,2025-06-30T21:02:49.873945289Z,01JZ1A8RTBQBGQ6B3M8DMQ82K3,2025-06-30T21:02:49.873945289Z,01JZ1A8RYBBAKQ69M70T9MWQDK,2025-06-30T21:02:49.873945289Z
01JZ1AGP6X874DNHK017A6G5YT,01JZ19VEXCKVX740B60X4W6PQN,2025-06-30T21:05:02.17387052Z,01JZ19VF9WCS5BMDRCPXZK6ZBF,2025-06-30T21:05:02.17387052Z,01JZ19XKK2V5414G0ST34MPS62,2025-06-30T21:05:02.17387052Z,01JZ1A8RS6D439ZX1WYM84CQP1,2025-06-30T21:05:02.17387052Z,01JZ1A8S60ZA8S8V5F0HDNHNSP,2025-06-30T21:05:02.17387052Z
01JZ1F2QGG2YEZPKFN7CSSDG09,01JZ1E916HBESJXS5SJ82BFZ21,2025-06-30T22:24:47.632909563Z,01JZ1E91Q18GQE49C0XSDVMF75,2025-06-30T22:24:47.632909563Z,01JZ1EVFEHVN1QQPSCMZ2EZ73P,2025-06-30T22:24:47.632909563Z,01JZ1F2JAV0QHT42E605BBH8CR,2025-06-30T22:24:47.632909563Z,01JZ1F2JHJYDEZX2V65J05MT5K,2025-06-30T22:24:47.632909563Z
01JZ18SZ5CGNHYJAWG6C2CVX45,01JZ18G4TN4FH7205KTQTFE7PM,2025-06-30T20:35:09.100215402Z,01JZ18G50PJASP911XB82AW46K,2025-06-30T20:35:09.100215402Z,01JZ18M00QARBD4YKJZDM6JQBC,2025-06-30T20:35:09.100215402Z,01JZ18P6M9PWBBNS9EFA2527RR,2025-06-30T20:35:09.100215402Z,01JZ18P6WPH7BDRZCWDRSSXC7E,2025-06-30T20:35:09.100215402Z
01JZ18Y50VCR4F8VRS7JPSY1ZB,01JZ18G4TN4FH7205KTQTFE7PM,2025-06-30T20:37:26.171847407Z,01JZ18G50G0GKPPCFSW2N0ZNW1,2025-06-30T20:37:26.171847407Z,01JZ18HKRFWCKWBRRSM9AC3SW4,2025-06-30T20:37:26.171847407Z,01JZ18RHFZ729S1GE13DM98H8Z,2025-06-30T20:37:26.171847407Z,01JZ18RHME99WN31PV5VCD73RS,2025-06-30T20:37:26.171847407Z
01JZ18Z46VPXYC0YPCNCWT3NTP,01JZ18G4TN4FH7205KTQTFE7PM,2025-06-30T20:37:58.107756059Z,01JZ18G4ZPD0G0WRB3ZSNJ4KSW,2025-06-30T20:37:58.107756059Z,01JZ18JPR0CJ8HT66ZQ08VW9PH,2025-06-30T20:37:58.107756059Z,01JZ18QMCZ2XYW2ZQY93ZH56GP,2025-06-30T20:37:58.107756059Z,01JZ18QMR9BG7HFDMPRPVAGW22,2025-06-30T20:37:58.107756059Z
01JZ1AJ9XJFCXD332VTAND5QG2,01JZ19VEXCKVX740B60X4W6PQN,2025-06-30T21:05:55.122850776Z,01JZ19VF5YA4VZJRJDVJVY1XBY,2025-06-30T21:05:55.122850776Z,01JZ19Y068YTBSDNPDANA6K38M,2025-06-30T21:05:55.122850776Z,01JZ1AAR2NPD6QV68SPHG41X06,2025-06-30T21:05:55.122850776Z,01JZ1AAR9QYSJ3W706404KREXX,2025-06-30T21:05:55.122850776Z
01JZ17KHF9VJNH9BNYNXQ262J2,01JZ170DPRHYGRH6M74WMGZ8J5,2025-06-30T20:14:09.897508056Z,01JZ170DS8YWG03GZVY59N3JD0,2025-06-30T20:14:09.897508056Z,01JZ17AFTYKZ447G4RP003MK6R,2025-06-30T20:14:09.897508056Z,01JZ17HNMQAAW5HV1NJ3KN0TDP,2025-06-30T20:14:09.897508056Z,01JZ17HNP3AJW0F642RK1ESAQT,2025-06-30T20:14:09.897508056Z
01JZ191RRDQNZVWSXXYX2KQNXP,01JZ18G4TN4FH7205KTQTFE7PM,2025-06-30T20:39:24.685846198Z,01JZ18G508W9SSEDAT6B79GZND,2025-06-30T20:39:24.685846198Z,01JZ18JN66MX5CA0E4FYBV08Y2,2025-06-30T20:39:24.685846198Z,01JZ18STF1YM3N28QT3VD2MWJ6,2025-06-30T20:39:24.685846198Z,01JZ18SV2ZM1T6PFRJQ9RCHFX1,2025-06-30T20:39:24.685846198Z
01JZ194ATF44X06DRC51H3Q7YX,01JZ18R9CHSHJ2BAJZ4M4PAW2X,2025-06-30T20:40:48.719579094Z,01JZ18RA48YSHMY5EWBJ9E61V2,2025-06-30T20:40:48.719579094Z,01JZ18XW8Z67J1KER526XJJSXY,2025-06-30T20:40:48.719579094Z,01JZ192CMQ10Q5BYZGXB0BD1QB,2025-06-30T20:40:48.719579094Z,01JZ192D3VPW2EZQYK46BZPYW0,2025-06-30T20:40:48.719579094Z
01JZ1BSHVC184AZAYEJEP2RZ0E,01JZ1B1VZ9TM9N3252XVVAH9DZ,2025-06-30T21:27:21.196159611Z,01JZ1B1W46BH5YH0XYSE8KJRBK,2025-06-30T21:27:21.196159611Z,01JZ1B811D0DJD23YQN2DZYBGD,2025-06-30T21:27:21.196159611Z,01JZ1BJ1CD7PGGMV0A6YRMHSQJ,2025-06-30T21:27:21.196159611Z,01JZ1BJ1Q3JY8NWMAF904NVX9Y,2025-06-30T21:27:21.196159611Z
01JZ1GSBG6V2B4EHQR0S1W37DG,01JZ1G29Q82GQAKEXSK2E7NK3R,2025-06-30T22:54:37.574465977Z,01JZ1G2A9825Q9R0AFVXQNTR63,2025-06-30T22:54:37.574465977Z,01JZ1G4P5HG5MYYFH3JNW3CKA9,2025-06-30T22:54:37.574465977Z,01JZ1GKM3A5ATBGFJSYTP1DWZY,2025-06-30T22:54:37.574465977Z,01JZ1GKMG6M89423S5Y2GPD6D5,2025-06-30T22:54:37.574465977Z
01JZ1GTESCFD852B6Q526W2884,01JZ1G29Q82GQAKEXSK2E7NK3R,2025-06-30T22:55:13.708879711Z,01JZ1G2ACHC2PPHGNQVYG69GCY,2025-06-30T22:55:13.708879711Z,01JZ1ESY682HMD53AEGK9VD2YT,2025-06-30T22:55:13.708879711Z,01JZ1GJGBZK6FPCHNSHYQ9VVWK,2025-06-30T22:55:13.708879711Z,01JZ1GJGZX5ASA8P3VKP5M2ETE,2025-06-30T22:55:13.708879711Z
01JZ17MZWSVMG6FTVKQ1DB1QPK,01JZ170DPRHYGRH6M74WMGZ8J5,2025-06-30T20:14:57.433345478Z,01JZ170DSMJZPS89ZBMFZ7ATK7,2025-06-30T20:14:57.433345478Z,01JZ17K3Y03J2B5JTWV2Q8DEEQ,2025-06-30T20:14:57.433345478Z,01JZ17MYD7WSKX1DNA84EQZJF1,2025-06-30T20:14:57.433345478Z,01JZ17MYG71B1G9W3KM8HG4WKZ,2025-06-30T20:14:57.433345478Z
01JZ17RR8DB6QNSB98DXZJZ67Q,01JZ170DPRHYGRH6M74WMGZ8J5,2025-06-30T20:17:00.685518487Z,01JZ170DRXVGFVP20P8DK3M491,2025-06-30T20:17:00.685518487Z,01JZ17CDTWA5ZJVFXRJRWPP8YB,2025-06-30T20:17:00.685518487Z,01JZ17H2JPFPJA5AGAW7MSWH7S,2025-06-30T20:17:00.685518487Z,01JZ17H2MZBEW36Y1R5K5FNF6E,2025-06-30T20:17:00.685518487Z
01JZ17VNM3F5RZKDKXCW72H4CD,01JZ170DPRHYGRH6M74WMGZ8J5,2025-06-30T20:18:36.291440535Z,01JZ170DSR5F2SARFX61BD5BFD,2025-06-30T20:18:36.291440535Z,01JZ17ADWXQ9CX9S0BD7VM2S2J,2025-06-30T20:18:36.291440535Z,01JZ17M8TTAADH96H16B5Q2KVN,2025-06-30T20:18:36.291440535Z,01JZ17M8YBHZ4TN71ES3XSS0QT,2025-06-30T20:18:36.291440535Z
01JZ17YBCV89Z5QNJ0VZABW0F1,01JZ170DPRHYGRH6M74WMGZ8J5,2025-06-30T20:20:04.12390015Z,01JZ170DSP5HFMBRZWFQV8RFVC,2025-06-30T20:20:04.12390015Z,01JZ178B4PCAFGN9QS0GJ0TQ84,2025-06-30T20:20:04.12390015Z,01JZ17RSKP4T7TM013SKSDCBN6,2025-06-30T20:20:04.12390015Z,01JZ17RSPGTG8C99KA4YPDYFVC,2025-06-30T20:20:04.12390015Z
01JZ1BXHVDV3AH7XRNHZDMXDT9,01JZ1B1VZ9TM9N3252XVVAH9DZ,2025-06-30T21:29:32.2698524Z,01JZ1B1W5TAZ0C76DBH0ZAEY5X,2025-06-30T21:29:32.2698524Z,01JZ1B4W32576VKF9GY80WC648,2025-06-30T21:29:32.2698524Z,01JZ1BNNPVHRHE8S109SGCSVME,2025-06-30T21:29:32.2698524Z,01JZ1BNPM2SKCJW6H10Q28J9CX,2025-06-30T21:29:32.2698524Z
01JZ1DHN4SW3HCMZ76J3ABH6FW,01JZ1D0RX94M7HHBAJDNGV8QRS,2025-06-30T21:57:59.577302586Z,01JZ1D0S58CJJ0G6BA8AW8ZVCS,2025-06-30T21:57:59.577302586Z,01JZ1D2JACBKKH4S9P6DT2Z2QZ,2025-06-30T21:57:59.577302586Z,01JZ1D976ADRX00GH05XJ7VG1Y,2025-06-30T21:57:59.577302586Z,01JZ1D97NV0HAM9VGQPR8BXBXR,2025-06-30T21:57:59.577302586Z
01JZ17SGQFRQGCS74FDP0ANQ01,01JZ170DPRHYGRH6M74WMGZ8J5,2025-06-30T20:17:25.743330172Z,01JZ170DS0283SZNEN95XAWWS4,2025-06-30T20:17:25.743330172Z,01JZ17CS84WF94XY708FKX765Q,2025-06-30T20:17:25.743330172Z,01JZ17NT7VKFDEH0WZ6ZY88ZPG,2025-06-30T20:17:25.743330172Z,01JZ17NT9X0P9NVJSHGH03AW8Q,2025-06-30T20:17:25.743330172Z
01JZ18SY33500YXKTFMV9CC4ZT,01JZ18G4TN4FH7205KTQTFE7PM,2025-06-30T20:35:08.00378306Z,01JZ18G508W9SSEDAT6B79GZND,2025-06-30T20:35:08.00378306Z,01JZ18M2SFWFRTRVV46KHVE0JB,2025-06-30T20:35:08.00378306Z,01JZ18STB8HB9DV2CVT0ZSHGAA,2025-06-30T20:35:08.00378306Z,01JZ18STM862C8KDCA8BFNPX0D,2025-06-30T20:35:08.00378306Z
01JZ1AE5NRN04ZPD3154J4SQ7H,01JZ19VEXCKVX740B60X4W6PQN,2025-06-30T21:03:39.704492514Z,01JZ19VF81DTYMGWYB0TAJKDWY,2025-06-30T21:03:39.704492514Z,01JZ19XTEVTQG67NAP9C737569,2025-06-30T21:03:39.704492514Z,01JZ1AABK962FFJZTPD33N3VKP,2025-06-30T21:03:39.704492514Z,01JZ1AAC10R1ZEDDYXJ5GXAQNR,2025-06-30T21:03:39.704492514Z
01JZ1FAWZESMACA1ZQZ1R0RPA9,01JZ1E916HBESJXS5SJ82BFZ21,2025-06-30T22:29:15.374908481Z,01JZ1E91Q18GQE49C0XSDVMF75,2025-06-30T22:29:15.374908481Z,01JZ1EVFEHVN1QQPSCMZ2EZ73P,2025-06-30T22:29:15.374908481Z,01JZ1F2JFXFJKGVW4BE73GT7FW,2025-06-30T22:29:15.374908481Z,01JZ1F2K2B9KHF5TKCBRGK2TK5,2025-06-30T22:29:15.374908481Z
01JZ17HP88SKGED51H75QMKSXR,01JZ170DPRHYGRH6M74WMGZ8J5,2025-06-30T20:13:09.256847898Z,01JZ170DS8YWG03GZVY59N3JD0,2025-06-30T20:13:09.256847898Z,01JZ17B25HMB9SR7CZAG7VDDNC,2025-06-30T20:13:09.256847898Z,01JZ17HNMC395BYG9QN2MAW1BJ,2025-06-30T20:13:09.256847898Z,01JZ17HNNBDSKJPBCEMDRJ55ZA,2025-06-30T20:13:09.256847898Z
01JZ17SGPXFG5NS08EG3FF15EM,01JZ170DPRHYGRH6M74WMGZ8J5,2025-06-30T20:17:25.726049385Z,01JZ170DS0283SZNEN95XAWWS4,2025-06-30T20:17:25.726049385Z,01JZ17J8N9NAW1ASAH1NWPJBAP,2025-06-30T20:17:25.726049385Z,01JZ17NT7VKFDEH0WZ6ZY88ZPG,2025-06-30T20:17:25.726049385Z,01JZ17NT9X0P9NVJSHGH03AW8Q,2025-06-30T20:17:25.726049385Z
01JZ18V6FE7FT4XX4N97G6V31C,01JZ18G4TN4FH7205KTQTFE7PM,2025-06-30T20:35:49.358999714Z,01JZ18G4Z7SR18DC8PDBR22HS5,2025-06-30T20:35:49.358999714Z,01JZ18NQPCFBGJDGFZ54XZESTD,2025-06-30T20:35:49.358999714Z,01JZ18S8W382ZTX14ED28QZWFS,2025-06-30T20:35:49.358999714Z,01JZ18S90DQFB1FY8Q67VCPJEB,2025-06-30T20:35:49.358999714Z
01JZ18XZX36HKVASZBTT3TDT1Q,01JZ18G4TN4FH7205KTQTFE7PM,2025-06-30T20:37:20.931792921Z,01JZ18G4ZDA13FR053ZT1R1FPF,2025-06-30T20:37:20.931792921Z,01JZ18J71C4JGFMP9MP8Y4KY9T,2025-06-30T20:37:20.931792921Z,01JZ18NR75F2HVZFYQR471939T,2025-06-30T20:37:20.931792921Z,01JZ18NRDBCH2SZDC43P2TKW60,2025-06-30T20:37:20.931792921Z
01JZ1C81S0R80REE3VVYK8YYMM,01JZ1BX7WQMA45G0E33EEHJ3V9,2025-06-30T21:35:16.256845999Z,01JZ1BX81RJBYPGNM468STZ9YH,2025-06-30T21:35:16.256845999Z,01JZ1C1P9WXAKXCBQ2MNEBPRTC,2025-06-30T21:35:16.256845999Z,01JZ1C7YGHR2442RHDR5SXSPGQ,2025-06-30T21:35:16.256845999Z,01JZ1C7YQ47NP6YN09SKXT4TXG,2025-06-30T21:35:16.256845999Z
01JZ1CPAPVYBSWBAHR8VG414YN,01JZ1C4XJFQQ45ZHGATAXVBX0J,2025-06-30T21:43:04.156034031Z,01JZ1C4XNE4VHGMR9JDZS6Y7F9,2025-06-30T21:43:04.156034031Z,01JZ1CF8R7DWBKG9F2768N54QZ,2025-06-30T21:43:04.156034031Z,01JZ1CM9MH9FR8B6ZK0QM2XBF8,2025-06-30T21:43:04.156034031Z,01JZ1CM9VXMQN204HPP62W42XM,2025-06-30T21:43:04.156034031Z
01JZ1CPAQSCESFMHZ8J3GNQMN3,01JZ1C4XJFQQ45ZHGATAXVBX0J,2025-06-30T21:43:04.185449039Z,01JZ1C4XNE4VHGMR9JDZS6Y7F9,2025-06-30T21:43:04.185449039Z,01JZ1CF267R4DM5CMXPS4VKSEE,2025-06-30T21:43:04.185449039Z,01JZ1CM9MH9FR8B6ZK0QM2XBF8,2025-06-30T21:43:04.185449039Z,01JZ1CM9VXMQN204HPP62W42XM,2025-06-30T21:43:04.185449039Z
01JZ18QQR7SKJSP4B1BZFMQGCQ,01JZ18G4TN4FH7205KTQTFE7PM,2025-06-30T20:33:55.975516589Z,01JZ18G4ZPD0G0WRB3ZSNJ4KSW,2025-06-30T20:33:55.975516589Z,01JZ18HWWK8B66EBMNQPXM1R3H,2025-06-30T20:33:55.975516589Z,01JZ18QMC3ZA9P1743X1HXFWMC,2025-06-30T20:33:55.975516589Z,01JZ18QMHKB3Y36NHFYKKXF3NP,2025-06-30T20:33:55.975516589Z
01JZ1901AWKQCE9TNX11A5KGJD,01JZ18G4TN4FH7205KTQTFE7PM,2025-06-30T20:38:27.932468427Z,01JZ18G512YK4K14AJW1A4KQT5,2025-06-30T20:38:27.932468427Z,01JZ18M3Q90QHFJ7P7ZKCP4M1K,2025-06-30T20:38:27.932468427Z,01JZ18R8C449S3PJKZXB5RXQ2D,2025-06-30T20:38:27.932468427Z,01JZ18R8JXKKMKNRFWDN2DEEA7,2025-06-30T20:38:27.932468427Z
01JZ1ACP2JV9K1FQXWQXMRH52D,01JZ19VEXCKVX740B60X4W6PQN,2025-06-30T21:02:50.96223255Z,01JZ19VF5YA4VZJRJDVJVY1XBY,2025-06-30T21:02:50.96223255Z,01JZ19XQ9SYW5JG2B10Z2EXJ0C,2025-06-30T21:02:50.96223255Z,01JZ1AAR361JZ1CYXHJ50PJVG2,2025-06-30T21:02:50.96223255Z,01JZ1AAR6J4Q9AG6P4AY46QPY9,2025-06-30T21:02:50.96223255Z
01JZ1F1DGSYDNYSB4DYTK9PSF7,01JZ1E916HBESJXS5SJ82BFZ21,2025-06-30T22:24:04.633332419Z,01JZ1E926BWK6TV1HDSC3ZQW4Y,2025-06-30T22:24:04.633332419Z,01JZ1EARCRST2HDXDY98Q0AYJ8,2025-06-30T22:24:04.633332419Z,01JZ1EST891W4CWE2FZ4NEZT5P,2025-06-30T22:24:04.633332419Z,01JZ1ESTR2A3N403QZK1RD01HW,2025-06-30T22:24:04.633332419Z
01JZ1FAQDAMJN33VAJQSRRKGS5,01JZ1E916HBESJXS5SJ82BFZ21,2025-06-30T22:29:09.674851906Z,01JZ1E923XSJ5V9JGGJQR2CG7M,2025-06-30T22:29:09.674851906Z,01JZ1EED3A8PGE3DSBSCB45ADQ,2025-06-30T22:29:09.674851906Z,01JZ1F28Y14BQTYK8651VZJQ25,2025-06-30T22:29:09.674851906Z,01JZ1F29TAPHC1CMSQ8Z1QTTHJ,2025-06-30T22:29:09.674851906Z
01JZ18WM5YXXH6CSAGT47FB5XV,01JZ18G4TN4FH7205KTQTFE7PM,2025-06-30T20:36:36.158507878Z,01JZ18G4YA2XRQ9RK4RH5WQB1P,2025-06-30T20:36:36.158507878Z,01JZ18J306MV90AN3KDTPG10SX,2025-06-30T20:36:36.158507878Z,01JZ18Q1RFWF1SPY79863HPKYC,2025-06-30T20:36:36.158507878Z,01JZ18Q1X4TZM065RYCSF14JK5,2025-06-30T20:36:36.158507878Z
01JZ19100Q4795G1PC13FNYASJ,01JZ18G4TN4FH7205KTQTFE7PM,2025-06-30T20:38:59.352012341Z,01JZ18G50G0GKPPCFSW2N0ZNW1,2025-06-30T20:38:59.352012341Z,01JZ18J6KD5BBAN05Q96NKJXCJ,2025-06-30T20:38:59.352012341Z,01JZ18RHFDZ694HBYDHJEKWZ3S,2025-06-30T20:38:59.352012341Z,01JZ18RHS18BVPD4W8KC64NJ5E,2025-06-30T20:38:59.352012341Z
01JZ1DQQ5KK9F14XGGY17B720H,01JZ1D0RX94M7HHBAJDNGV8QRS,2025-06-30T22:01:18.25909591Z,01JZ1D0S064NT759Q480WCA8PK,2025-06-30T22:01:18.25909591Z,01JZ1D7QQ9A97C7JTBZNPKRB8Y,2025-06-30T22:01:18.25909591Z,01JZ1DFXV9T1EVC6HZV4AB9RYD,2025-06-30T22:01:18.25909591Z,01JZ1DFYY3YCK7AD9N3RJDSMKB,2025-06-30T22:01:18.25909591Z
01JZ1FAX182NVWGQGV76YSEETS,01JZ1E916HBESJXS5SJ82BFZ21,2025-06-30T22:29:15.432607108Z,01JZ1E91Q18GQE49C0XSDVMF75,2025-06-30T22:29:15.432607108Z,01JZ1EKW5BGVN2WN0MZV6XE5EZ,2025-06-30T22:29:15.432607108Z,01JZ1F2JFXFJKGVW4BE73GT7FW,2025-06-30T22:29:15.432607108Z,01JZ1F2K2B9KHF5TKCBRGK2TK5,2025-06-30T22:29:15.432607108Z
01JZ1BMMJDW8T36EJ22XYCJZVW,01JZ1B1VZ9TM9N3252XVVAH9DZ,2025-06-30T21:24:40.141379011Z,01JZ1B1W2WT8MR9NJ7RDDSFH2M,2025-06-30T21:24:40.141379011Z,01JZ1B3YWXA1F3DXJYFKHTVRDW,2025-06-30T21:24:40.141379011Z,01JZ1BD44PFFYBYMY5MP17VM3Y,2025-06-30T21:24:40.141379011Z,01JZ1BD4HRECF275A2V1NH487D,2025-06-30T21:24:40.141379011Z
01JZ17HXKBZXGQY3JJHYH5NYNJ,01JZ170DPRHYGRH6M74WMGZ8J5,2025-06-30T20:13:16.779412505Z,01JZ170DS434CCJM920VN081CV,2025-06-30T20:13:16.779412505Z,01JZ17BPKZNHJ9DBN3R83MMZW2,2025-06-30T20:13:16.779412505Z,01JZ17HX0WDHJY255DWBEJWHE6,2025-06-30T20:13:16.779412505Z,01JZ17HX1MS15WGRQW72F0XWC5,2025-06-30T20:13:16.779412505Z
01JZ17QS0JB7YNSXYGJK65ZK7F,01JZ170DPRHYGRH6M74WMGZ8J5,2025-06-30T20:16:28.690529417Z,01JZ170DSTXK5Z1DV671606E6A,2025-06-30T20:16:28.690529417Z,01JZ179522187EFD1N9MCMN3YS,2025-06-30T20:16:28.690529417Z,01JZ17J85FH6ZCHDJEZZH3F672,2025-06-30T20:16:28.690529417Z,01JZ17J87519JCK2AZYDFXS31M,2025-06-30T20:16:28.690529417Z
01JZ17QS0WS5Z1K6FCKCWDJP8S,01JZ170DPRHYGRH6M74WMGZ8J5,2025-06-30T20:16:28.700669315Z,01JZ170DSTXK5Z1DV671606E6A,2025-06-30T20:16:28.700669315Z,01JZ17DP10NW99AE12W6233E2P,2025-06-30T20:16:28.700669315Z,01JZ17J85FH6ZCHDJEZZH3F672,2025-06-30T20:16:28.700669315Z,01JZ17J87519JCK2AZYDFXS31M,2025-06-30T20:16:28.700669315Z
01JZ17WFQSQT7CD2HXCRDS4FRZ,01JZ170DPRHYGRH6M74WMGZ8J5,2025-06-30T20:19:03.03371064Z,01JZ170DS434CCJM920K0JDY80,2025-06-30T20:19:03.03371064Z,01JZ17BZXCKBRDGQ6529TYVNY6,2025-06-30T20:19:03.03371064Z,01JZ17MET0GT1VR1Z1AASBPY29,2025-06-30T20:19:03.03371064Z,01JZ17MEYG47H1NQGBEK0AW94R,2025-06-30T20:19:03.03371064Z
01JZ180VBWZTH9WFYRKK13JJY4,01JZ170DPRHYGRH6M74WMGZ8J5,2025-06-30T20:21:26.012615258Z,01JZ170DSP5HFMBRZWFQV8RFVC,2025-06-30T20:21:26.012615258Z,01JZ17D1Z4NJ06X2DRQ0XR8Y1G,2025-06-30T20:21:26.012615258Z,01JZ17RSJJTRQ3PSBCBXKXE637,2025-06-30T20:21:26.012615258Z,01JZ17RSSN6G8Y8TD3Z81DX4KH,2025-06-30T20:21:26.012615258Z
01JZ1826SVSJB2SKCE58021MKF,01JZ170DPRHYGRH6M74WMGZ8J5,2025-06-30T20:22:10.491110883Z,01JZ170DS9MMA8EZAVKYS5SMHX,2025-06-30T20:22:10.491110883Z,01JZ17HFJ1YVGFVR94GB9T8A4P,2025-06-30T20:22:10.491110883Z,01JZ17TR6X8TWBF7X6J4SZFVJ8,2025-06-30T20:22:10.491110883Z,01JZ17TRDZ3MV73YK1X2ZDQY7N,2025-06-30T20:22:10.491110883Z
01JZ190YWP0A6R0CNA1R0V854X,01JZ18G4TN4FH7205KTQTFE7PM,2025-06-30T20:38:58.199015161Z,01JZ18G4ZZG5A688HVVJGKBFVW,2025-06-30T20:38:58.199015161Z,01JZ18N0JKWFKXBS82BQZ5RVQD,2025-06-30T20:38:58.199015161Z,01JZ18RFR1W3YDRVBYSTVG4Z41,2025-06-30T20:38:58.199015161Z,01JZ18RG0CQ87A49BPS6H0BNG2,2025-06-30T20:38:58.199015161Z
01JZ1CFSR95PVDSTVMEJGWXBKM,01JZ1BX7WQMA45G0E33EEHJ3V9,2025-06-30T21:39:30.185098078Z,01JZ1BX81RJBYPGNM468STZ9YH,2025-06-30T21:39:30.185098078Z,01JZ1BZM7HWWQQ5DW0EFWDSAQF,2025-06-30T21:39:30.185098078Z,01JZ1C7YKPD172BDJ38STHSTER,2025-06-30T21:39:30.185098078Z,01JZ1C7Z1RSZ2Z2Y795KTS1XV2,2025-06-30T21:39:30.185098078Z
01JZ1DP9XZXER57K66XANQT3Z0,01JZ1D0RX94M7HHBAJDNGV8QRS,2025-06-30T22:00:31.93567271Z,01JZ1D0S3N2D9DCG3EHS8AP4R1,2025-06-30T22:00:31.93567271Z,01JZ1DEB7GHZ5ZQY0VZXEDKFR1,2025-06-30T22:00:31.93567271Z,01JZ1DJBF7R7NJ28KS5SRS1EHV,2025-06-30T22:00:31.93567271Z,01JZ1DJBTFKHRQNCWHMB23A1KW,2025-06-30T22:00:31.93567271Z
01JZ1F4SWZ92WCT12PGGPA7ZMZ,01JZ1E916HBESJXS5SJ82BFZ21,2025-06-30T22:25:55.615666549Z,01JZ1E91MDHZVF6NVBEDDVGZWT,2025-06-30T22:25:55.615666549Z,01JZ1EARG6K6VN1DMMBQHNE2WC,2025-06-30T22:25:55.615666549Z,01JZ1EWVMZXSDYKNCVCZNFHQ7S,2025-06-30T22:25:55.615666549Z,01JZ1EWW53MYETJ8GQ7KY9R871,2025-06-30T22:25:55.615666549Z
01JZ17J8RS7J5PHB26GDS6FVPG,01JZ170DPRHYGRH6M74WMGZ8J5,2025-06-30T20:13:28.217179864Z,01JZ170DSTXK5Z1DV671606E6A,2025-06-30T20:13:28.217179864Z,01JZ17CV56KYXDEZD0V6G3R2C0,2025-06-30T20:13:28.217179864Z,01JZ17J857XXAY88RJQ7RDXDN1,2025-06-30T20:13:28.217179864Z,01JZ17J8640E7AHSFC2MJQERBQ,2025-06-30T20:13:28.217179864Z
01JZ18R774SXTJSC9F6PPPPYPX,01JZ18G4TN4FH7205KTQTFE7PM,2025-06-30T20:34:11.812586073Z,01JZ18G4X5EPR69QT64DVYQXFJ,2025-06-30T20:34:11.812586073Z,01JZ18JKCGQP2NA6VYXSDM89NW,2025-06-30T20:34:11.812586073Z,01JZ18PAPZYGZBF3DQ7XCBJ9MP,2025-06-30T20:34:11.812586073Z,01JZ18PATDHBC84W84GJ8KFFEF,2025-06-30T20:34:11.812586073Z
01JZ1BGXYC3WWJX8Z8Z9A8BPAG,01JZ1B1VZ9TM9N3252XVVAH9DZ,2025-06-30T21:22:38.668132108Z,01JZ1B1W2WT8MR9NJ7RDDSFH2M,2025-06-30T21:22:38.668132108Z,01JZ1BAVN5GCQ9KGRAEPYWSGEC,2025-06-30T21:22:38.668132108Z,01JZ1BD3Y8NHHCFXCV7WB08PE6,2025-06-30T21:22:38.668132108Z,01JZ1BD4CHA54BSW8FCPK7AFSB,2025-06-30T21:22:38.668132108Z
01JZ1CFF7H1HNJZPSNYJR3F4V0,01JZ1BX7WQMA45G0E33EEHJ3V9,2025-06-30T21:39:19.409509286Z,01JZ1BX81RJBYPGNM468STZ9YH,2025-06-30T21:39:19.409509286Z,01JZ1BZM7HWWQQ5DW0EFWDSAQF,2025-06-30T21:39:19.409509286Z,01JZ1C7YJM4B7G9NZX8J1CMGGG,2025-06-30T21:39:19.409509286Z,01JZ1C7YZ45PK7MZDD3DKXEF5R,2025-06-30T21:39:19.409509286Z
01JZ1GVMSMW3K29VW5KRQQZ9MW,01JZ1G29Q82GQAKEXSK2E7NK3R,2025-06-30T22:55:52.628650917Z,01JZ1G2A9825Q9R0AFVXQNTR63,2025-06-30T22:55:52.628650917Z,01JZ1G4P5HG5MYYFH3JNW3CKA9,2025-06-30T22:55:52.628650917Z,01JZ1GKM8S9MZ9Y3HXTH4K06P3,2025-06-30T22:55:52.628650917Z,01JZ1GKMPHJ66XSJ9RFTW6AVXV,2025-06-30T22:55:52.628650917Z
01JZ17JCREP2WAZNPNAFY0ZRZJ,01JZ170DPRHYGRH6M74WMGZ8J5,2025-06-30T20:13:32.302423985Z,01JZ170DSBT7R80F1BC6BFNZAP,2025-06-30T20:13:32.302423985Z,01JZ17EXP8SEZEBZPSE6GPG8ZM,2025-06-30T20:13:32.302423985Z,01JZ17JC2RA6WXF9ZF2QJYR7ZN,2025-06-30T20:13:32.302423985Z,01JZ17JC3JVXWHSPJFMB90X3QA,2025-06-30T20:13:32.302423985Z
01JZ17W5FX56EZ284V8MRHYBHN,01JZ170DPRHYGRH6M74WMGZ8J5,2025-06-30T20:18:52.541127164Z,01JZ170DS434CCJM920K0JDY80,2025-06-30T20:18:52.541127164Z,01JZ17B8EAMA6MXWF42Y5PVE7P,2025-06-30T20:18:52.541127164Z,01JZ17MESMPWPZJ1XK6T8SDFSR,2025-06-30T20:18:52.541127164Z,01JZ17MEXWEDJ8BPGMZ2YXTX38,2025-06-30T20:18:52.541127164Z
01JZ17W7H7DE30A3XKAZXW8MF3,01JZ170DPRHYGRH6M74WMGZ8J5,2025-06-30T20:18:54.631964686Z,01JZ170DRWH3Q5VEKFYTCWXCB9,2025-06-30T20:18:54.631964686Z,01JZ179F3PP1PB0BWJA9TNG5TN,2025-06-30T20:18:54.631964686Z,01JZ17M62ZA7FM5T6J9Q36KCK0,2025-06-30T20:18:54.631964686Z,01JZ17M69J8QH8JA1SA520E31R,2025-06-30T20:18:54.631964686Z
01JZ18WASQKF5MWHY9AHYG27TD,01JZ18G4TN4FH7205KTQTFE7PM,2025-06-30T20:36:26.551531841Z,01JZ18G4Y1ABZPJ815NAWEN19T,2025-06-30T20:36:26.551531841Z,01JZ18JEHHPNBFM751TV8GEBJ2,2025-06-30T20:36:26.551531841Z,01JZ18PMF1481YNW4VF038RS60,2025-06-30T20:36:26.551531841Z,01JZ18PMK1Q07KH4CZNB9PR0WQ,2025-06-30T20:36:26.551531841Z
01JZ1DSG5D3J0JEVDWBWHJ35Z5,01JZ1D0RX94M7HHBAJDNGV8QRS,2025-06-30T22:02:16.621956666Z,01JZ1D0S4EMT97ECKQ06X1ZWAX,2025-06-30T22:02:16.621956666Z,01JZ1D6PDAATCEYCV60SVGFECN,2025-06-30T22:02:16.621956666Z,01JZ1DHWHN1GY9FT52VYW8NJ46,2025-06-30T22:02:16.621956666Z,01JZ1DHWZDVEZQQNZE9HKD8JZW,2025-06-30T22:02:16.621956666Z
01JZ1FA7E9AYBBCVGHE3DNPQ0M,01JZ1E916HBESJXS5SJ82BFZ21,2025-06-30T22:28:53.321305448Z,01JZ1E91Q18GQE49C0XSDVMF75,2025-06-30T22:28:53.321305448Z,01JZ1EKW5BGVN2WN0MZV6XE5EZ,2025-06-30T22:28:53.321305448Z,01JZ1F2J935JRBEA3AYQ9DM75Z,2025-06-30T22:28:53.321305448Z,01JZ1F2JVS4Z7GPBSDKYYH2CSK,2025-06-30T22:28:53.321305448Z
01JZ1H0NKJ9CGM0BPSGGA44HE2,01JZ1G29Q82GQAKEXSK2E7NK3R,2025-06-30T22:58:37.298793544Z,01JZ1G2AATTMJJ07WA2JZ9MF1K,2025-06-30T22:58:37.298793544Z,01JZ1GRY7J5YBFT0P7ME9XRK58,2025-06-30T22:58:37.298793544Z,01JZ1GWNC8K4Z8FGCARK2K5BBW,2025-06-30T22:58:37.298793544Z,01JZ1GWP3PGE8CPBKD20DR49PE,2025-06-30T22:58:37.298793544Z
01JZ17W9SXVYFWAX0WM425MAGH,01JZ170DPRHYGRH6M74WMGZ8J5,2025-06-30T20:18:56.95742195Z,01JZ170DSR5F2SARFX61BD5BFD,2025-06-30T20:18:56.95742195Z,01JZ17ADWXQ9CX9S0BD7VM2S2J,2025-06-30T20:18:56.95742195Z,01JZ17M8TBTH3TC0NGPGNB96E6,2025-06-30T20:18:56.95742195Z,01JZ17M91E1G67WCVN444911VH,2025-06-30T20:18:56.95742195Z
01JZ18V6WB5SY30Y7PGRZ51964,01JZ18G4TN4FH7205KTQTFE7PM,2025-06-30T20:35:49.77142891Z,01JZ18G4YTQTSXFW2X0Y80VGVG,2025-06-30T20:35:49.77142891Z,01JZ18KWMFEA26MWC1Z40F2JWN,2025-06-30T20:35:49.77142891Z,01JZ18QCHSRQEB636MAZYTF93F,2025-06-30T20:35:49.77142891Z,01JZ18QCP19745TT978W5P3MRY,2025-06-30T20:35:49.77142891Z
01JZ18VSP4N587SW68TSYWBMH9,01JZ18G4TN4FH7205KTQTFE7PM,2025-06-30T20:36:09.0288846Z,01JZ18G4XDWA3A08Y0HZ5HSAAF,2025-06-30T20:36:09.0288846Z,01JZ18K1FP19HQQGWY5MDNJT99,2025-06-30T20:36:09.0288846Z,01JZ18R0Z5Z926ZA90YM7MYTK3,2025-06-30T20:36:09.0288846Z,01JZ18R13EM5Y88CXN2J36AQD4,2025-06-30T20:36:09.0288846Z
01JZ1ACATZ6RFT687SQ8HYKYBR,01JZ19VEXCKVX740B60X4W6PQN,2025-06-30T21:02:39.455790957Z,01JZ19VF81DTYMGWYB0TAJKDWY,2025-06-30T21:02:39.455790957Z,01JZ1A11QXMY0GZ8B5FCM3RTBW,2025-06-30T21:02:39.455790957Z,01JZ1AABK962FFJZTPD33N3VKP,2025-06-30T21:02:39.455790957Z,01JZ1AAC02MC5SPR207R8CMDY9,2025-06-30T21:02:39.455790957Z
01JZ1ACP4QSBG0672PEA72QD3Y,01JZ19VEXCKVX740B60X4W6PQN,2025-06-30T21:02:51.031095294Z,01JZ19VF5YA4VZJRJDVJVY1XBY,2025-06-30T21:02:51.031095294Z,01JZ1A13JPV17BYBZFE5Z1TESS,2025-06-30T21:02:51.031095294Z,01JZ1AAR361JZ1CYXHJ50PJVG2,2025-06-30T21:02:51.031095294Z,01JZ1AAR6J4Q9AG6P4AY46QPY9,2025-06-30T21:02:51.031095294Z
01JZ1BXT2D5TM85ZW7HW0QGK85,01JZ1B1VZ9TM9N3252XVVAH9DZ,2025-06-30T21:29:40.685288446Z,01JZ1B1W4RP0VXDDKCJTNKM3AX,2025-06-30T21:29:40.685288446Z,01JZ1BHJS3735357S2TBZ4T5W4,2025-06-30T21:29:40.685288446Z,01JZ1BNY9GCVDPARZTZ60Y7363,2025-06-30T21:29:40.685288446Z,01JZ1BNYS4AH4S6DP8CSD8F0JW,2025-06-30T21:29:40.685288446Z
01JZ1DQBXYSPM3M2R43Y0Z5M4A,01JZ1D0RX94M7HHBAJDNGV8QRS,2025-06-30T22:01:06.750197895Z,01JZ1D0S61XK8FZCNQBM2ZAEE6,2025-06-30T22:01:06.750197895Z,01JZ1D4E6V1F7QYCN1KQC77HPV,2025-06-30T22:01:06.750197895Z,01JZ1DHG42SDRFG0AMYRAAVFFX,2025-06-30T22:01:06.750197895Z,01JZ1DHGVMC63T8RKQQSZ4EMT9,2025-06-30T22:01:06.750197895Z
01JZ1GVV80B76WCJ5009TWNJ3C,01JZ1G29Q82GQAKEXSK2E7NK3R,2025-06-30T22:55:59.232942218Z,01JZ1G29XRNS92G9JYEX4H033M,2025-06-30T22:55:59.232942218Z,01JZ1G630GW64096KNZNG4RDAZ,2025-06-30T22:55:59.232942218Z,01JZ1GM6AT2QQ1RJ17GCG8VHAV,2025-06-30T22:55:59.232942218Z,01JZ1GM6ZN33PGN2TZ8H7EGZWC,2025-06-30T22:55:59.232942218Z
01JZ17VV5NDTVSFRVJXXPNYDB3,01JZ170DPRHYGRH6M74WMGZ8J5,2025-06-30T20:18:41.973603533Z,01JZ170DS434CCJM920K0JDY80,2025-06-30T20:18:41.973603533Z,01JZ17AA6B6W27BR52VPQ8MSYM,2025-06-30T20:18:41.973603533Z,01JZ17MERZP6TAGVPVPPE2FHS9,2025-06-30T20:18:41.973603533Z,01JZ17MEX4K8Z19WHNAVHX7GQJ,2025-06-30T20:18:41.973603533Z
01JZ18Q3BB0QX36GT9EJARB8CK,01JZ18G4TN4FH7205KTQTFE7PM,2025-06-30T20:33:35.083836921Z,01JZ18G4YA2XRQ9RK4RH5WQB1P,2025-06-30T20:33:35.083836921Z,01JZ18J306MV90AN3KDTPG10SX,2025-06-30T20:33:35.083836921Z,01JZ18Q1R1B7GYCBMPZ4J0A4A5,2025-06-30T20:33:35.083836921Z,01JZ18Q1TSFZZQS5FGTPWK8FNB,2025-06-30T20:33:35.083836921Z
01JZ18RSZJ7AAEC512T2MNDP1B,01JZ18G4TN4FH7205KTQTFE7PM,2025-06-30T20:34:31.026805374Z,01JZ18G4WPK6V9JKZAVKNYS3NB,2025-06-30T20:34:31.026805374Z,01JZ18JMHXTQBMPEHHS7NP2031,2025-06-30T20:34:31.026805374Z,01JZ18RRBME3EX7FDX35TW0HT5,2025-06-30T20:34:31.026805374Z,01JZ18RRCRDHYH49VRE21NEJNH,2025-06-30T20:34:31.026805374Z
01JZ18VE123408AYX5FA49SPC3,01JZ18G4TN4FH7205KTQTFE7PM,2025-06-30T20:35:57.090382866Z,01JZ18G4ZDA13FR053ZT1R1FPF,2025-06-30T20:35:57.090382866Z,01JZ18HGW0W96RSNBB49GQ9E8B,2025-06-30T20:35:57.090382866Z,01JZ18NR677M02YFM90F21XHAA,2025-06-30T20:35:57.090382866Z,01JZ18NR9YEB5WKYMRXDPEWXMJ,2025-06-30T20:35:57.090382866Z
01JZ19FZVRAM9PV11NWGP5A6SG,01JZ18R9CHSHJ2BAJZ4M4PAW2X,2025-06-30T20:47:10.712482715Z,01JZ18RA3DBE17YR6D8FEXRWFY,2025-06-30T20:47:10.712482715Z,01JZ1945JH72C4XK34ZFBSF6HS,2025-06-30T20:47:10.712482715Z,01JZ197W1Q8Y87S3QNNPH4WR2N,2025-06-30T20:47:10.712482715Z,01JZ197WFDV5PZPT97FQG307PH,2025-06-30T20:47:10.712482715Z
01JZ1ATGY8ABA7PH4FKYQS4MKK,01JZ19VEXCKVX740B60X4W6PQN,2025-06-30T21:10:24.456946491Z,01JZ19VF3FCDRKA7RA8CE3SQDH,2025-06-30T21:10:24.456946491Z,01JZ19ZZZP5WTAHKTYB8XNJEC6,2025-06-30T21:10:24.456946491Z,01JZ1AK0G5B46WY2VWCGE07ZNR,2025-06-30T21:10:24.456946491Z,01JZ1AK0TX4ERGZ5YFKG2BE46V,2025-06-30T21:10:24.456946491Z
01JZ1BK5PCB0CKMD1368Q38DG8,01JZ1B1VZ9TM9N3252XVVAH9DZ,2025-06-30T21:23:52.140813366Z,01JZ1B1W5AJ9N87HJBZ99HRQPJ,2025-06-30T21:23:52.140813366Z,01JZ1B33W2SNBC1YKZXCY0285E,2025-06-30T21:23:52.140813366Z,01JZ1BB7HHYBBSVM85QTV97ZMB,2025-06-30T21:23:52.140813366Z,01JZ1BB7YG1FHERX8XKE8XA5AC,2025-06-30T21:23:52.140813366Z
01JZ18SB6WCWWKMGDYS2FWVTY3,01JZ18G4TN4FH7205KTQTFE7PM,2025-06-30T20:34:48.668478388Z,01JZ18G4YTQTSXFW2X0Y80VGVG,2025-06-30T20:34:48.668478388Z,01JZ18M95D7WX9RB46ACE56086,2025-06-30T20:34:48.668478388Z,01JZ18QCHSRQEB636MAZYTF93F,2025-06-30T20:34:48.668478388Z,01JZ18QCNQWD5EMCK74EDKA9K4,2025-06-30T20:34:48.668478388Z
01JZ18T5H0XY7P61455G6X4VPS,01JZ18G4TN4FH7205KTQTFE7PM,2025-06-30T20:35:15.61683754Z,01JZ18G512YK4K14AJW1A4KQT5,2025-06-30T20:35:15.61683754Z,01JZ18HJZ7HRTKHV6ZZJ67914M,2025-06-30T20:35:15.61683754Z,01JZ18R8CZAK9T47Q30YNKNJNG,2025-06-30T20:35:15.61683754Z,01JZ18R8FP2PK8E1K46EBVN6DP,2025-06-30T20:35:15.61683754Z
01JZ18XMXHAMKPYNXJM9TSHJC2,01JZ18G4TN4FH7205KTQTFE7PM,2025-06-30T20:37:09.681378541Z,01JZ18G4ZDA13FR053ZT1R1FPF,2025-06-30T20:37:09.681378541Z,01JZ18HGW0W96RSNBB49GQ9E8B,2025-06-30T20:37:09.681378541Z,01JZ18NR6VSFFH5QJK4DQ1TXDM,2025-06-30T20:37:09.681378541Z,01JZ18NRC0G7Z33TP6YQMRVJQX,2025-06-30T20:37:09.681378541Z
01JZ19101F83KB2TCF6NRS6DD3,01JZ18G4TN4FH7205KTQTFE7PM,2025-06-30T20:38:59.375364026Z,01JZ18G50G0GKPPCFSW2N0ZNW1,2025-06-30T20:38:59.375364026Z,01JZ18HKRFWCKWBRRSM9AC3SW4,2025-06-30T20:38:59.375364026Z,01JZ18RHFDZ694HBYDHJEKWZ3S,2025-06-30T20:38:59.375364026Z,01JZ18RHS18BVPD4W8KC64NJ5E,2025-06-30T20:38:59.375364026Z
01JZ1ACAR9V9HXR7GW874Q0QSF,01JZ19VEXCKVX740B60X4W6PQN,2025-06-30T21:02:39.369058511Z,01JZ19VF81DTYMGWYB0TAJKDWY,2025-06-30T21:02:39.369058511Z,01JZ19XTEVTQG67NAP9C737569,2025-06-30T21:02:39.369058511Z,01JZ1AABK962FFJZTPD33N3VKP,2025-06-30T21:02:39.369058511Z,01JZ1AAC02MC5SPR207R8CMDY9,2025-06-30T21:02:39.369058511Z
01JZ1GKG9X74PQB4E4JT2MEXHM,01JZ1G29Q82GQAKEXSK2E7NK3R,2025-06-30T22:51:25.885669653Z,01JZ1G2A6YM039KVE3FBKDN5TM,2025-06-30T22:51:25.885669653Z,01JZ1G5Y4DKCPQ2K5FM2F479YF,2025-06-30T22:51:25.885669653Z,01JZ1GDRQETQFVFT79CV7FCC6X,2025-06-30T22:51:25.885669653Z,01JZ1GDSCB0SXCB3YX295GYDRP,2025-06-30T22:51:25.885669653Z
01JZ1GV9GAMHJYJPMGH4YMNSQ2,01JZ1G29Q82GQAKEXSK2E7NK3R,2025-06-30T22:55:41.066557391Z,01JZ1G2A9825Q9R0AFVXQNTR63,2025-06-30T22:55:41.066557391Z,01JZ1G9AHDKJRVSD4NGC2SYHDN,2025-06-30T22:55:41.066557391Z,01JZ1GKM4NJC2AZGFDE1DDC9W3,2025-06-30T22:55:41.066557391Z,01JZ1GKMK024Q3M5W60SP5FP68,2025-06-30T22:55:41.066557391Z
01JZ17XF30AN5F3RM0NJM0EBXT,01JZ170DPRHYGRH6M74WMGZ8J5,2025-06-30T20:19:35.136470828Z,01JZ170DSXXMDA003X79NFA4N0,2025-06-30T20:19:35.136470828Z,01JZ17CZMJ8ZJDC1BKFXHNXYR1,2025-06-30T20:19:35.136470828Z,01JZ17NRSB5GP7EXVFTFEFCERK,2025-06-30T20:19:35.136470828Z,01JZ17NRX34RKK7D41WKA3DMKS,2025-06-30T20:19:35.136470828Z
01JZ1F55BNTGPZKF4CGAS5W14R,01JZ1E916HBESJXS5SJ82BFZ21,2025-06-30T22:26:07.349481909Z,01JZ1E91MDHZVF6NVBEDDVGZWT,2025-06-30T22:26:07.349481909Z,01JZ1EK6MNQT8KSAR9HC017X0H,2025-06-30T22:26:07.349481909Z,01JZ1EWVP1M7JC9JTKB8V2PJTM,2025-06-30T22:26:07.349481909Z,01JZ1EWW84Y3X0SQQ90MQZ9RK4,2025-06-30T22:26:07.349481909Z
01JZ1ATV8H2K5GNG8EFCAHE1DZ,01JZ19VEXCKVX740B60X4W6PQN,2025-06-30T21:10:35.025447026Z,01JZ19VF3FCDRKA7RA8CE3SQDH,2025-06-30T21:10:35.025447026Z,01JZ19WY3ATKAJQ5V1K5TAB38J,2025-06-30T21:10:35.025447026Z,01JZ1AK0FG87FE5VK2WQYRA4AC,2025-06-30T21:10:35.025447026Z,01JZ1AK0XDV6365RMXQC0X30PG,2025-06-30T21:10:35.025447026Z
01JZ17KV8FQKSZ6YMR2874HVTR,01JZ170DPRHYGRH6M74WMGZ8J5,2025-06-30T20:14:19.9199731Z,01JZ170DRRRWN613C5WJQ8B5Q6,2025-06-30T20:14:19.9199731Z,01JZ178SZSEG7MZD5W906ME19S,2025-06-30T20:14:19.9199731Z,01JZ17G525MGXJWBMSF6HV25RV,2025-06-30T20:14:19.9199731Z,01JZ17G53YJG35VR54J3X52CY9,2025-06-30T20:14:19.9199731Z
01JZ18RA629MGPKVFCPM9CJCP7,01JZ18G4TN4FH7205KTQTFE7PM,2025-06-30T20:34:14.85076724Z,01JZ18G512YK4K14AJW1A4KQT5,2025-06-30T20:34:14.85076724Z,01JZ18P8E791PBV9BDRV76VVRH,2025-06-30T20:34:14.85076724Z,01JZ18R8B98P4BYKECZBPDN4K7,2025-06-30T20:34:14.85076724Z,01JZ18R8E7XZBZJD4NABXEFK48,2025-06-30T20:34:14.85076724Z
01JZ18RT10872H3RNRV5ZWH29M,01JZ18G4TN4FH7205KTQTFE7PM,2025-06-30T20:34:31.072124787Z,01JZ18G4WPK6V9JKZAVKNYS3NB,2025-06-30T20:34:31.072124787Z,01JZ18K4JZ90XMGGNXMJGKEJ5P,2025-06-30T20:34:31.072124787Z,01JZ18RRBME3EX7FDX35TW0HT5,2025-06-30T20:34:31.072124787Z,01JZ18RRCRDHYH49VRE21NEJNH,2025-06-30T20:34:31.072124787Z
01JZ18X246YV41T45AGJ11WPBB,01JZ18G4TN4FH7205KTQTFE7PM,2025-06-30T20:36:50.438141694Z,01JZ18G4YTQTSXFW2X0Y80VGVG,2025-06-30T20:36:50.438141694Z,01JZ18KWMFEA26MWC1Z40F2JWN,2025-06-30T20:36:50.438141694Z,01JZ18QCHSRQEB636MAZYTF93F,2025-06-30T20:36:50.438141694Z,01JZ18QCPBPST0PE1NJV4R0V1Y,2025-06-30T20:36:50.438141694Z
01JZ1A6TJXT3J7B1J2X6AF1RXH,01JZ19VEXCKVX740B60X4W6PQN,2025-06-30T20:59:38.973684953Z,01JZ19VF1X4TGM9HTAVFF08YB3,2025-06-30T20:59:38.973684953Z,01JZ19YP19TRXJV609GHDS9029,2025-06-30T20:59:38.973684953Z,01JZ1A31STNBCB1FNASKSH9RM4,2025-06-30T20:59:38.973684953Z,01JZ1A323YY42SPD46VTD3ZHQB,2025-06-30T20:59:38.973684953Z
01JZ1AEH0H861XR1R3PH6J9PRY,01JZ19VEXCKVX740B60X4W6PQN,2025-06-30T21:03:51.313294955Z,01JZ19VF5YA4VZJRJDVJVY1XBY,2025-06-30T21:03:51.313294955Z,01JZ19XQ9SYW5JG2B10Z2EXJ0C,2025-06-30T21:03:51.313294955Z,01JZ1AAR361JZ1CYXHJ50PJVG2,2025-06-30T21:03:51.313294955Z,01JZ1AAR73WCZ6THW90Z9KR5R5,2025-06-30T21:03:51.313294955Z
01JZ1AGAJWTTNM3DEQVG6ZM1WF,01JZ19VEXCKVX740B60X4W6PQN,2025-06-30T21:04:50.268699269Z,01JZ19VF6XEW5FG377QGXCTRD1,2025-06-30T21:04:50.268699269Z,01JZ1A9Y4FG88CERVMWV547SJC,2025-06-30T21:04:50.268699269Z,01JZ1ACG5AA6PRZ7WAEJWMNX2A,2025-06-30T21:04:50.268699269Z,01JZ1ACGDWN2V5ETG7YNKG0GX7,2025-06-30T21:04:50.268699269Z
01JZ1DD1Q7SZT6Q8QXP730BNDT,01JZ1D0RX94M7HHBAJDNGV8QRS,2025-06-30T21:55:28.615659062Z,01JZ1D0S58CJJ0G6BA8AW8ZVCS,2025-06-30T21:55:28.615659062Z,01JZ1D4DS7AYHA2YKV7CP2TXFR,2025-06-30T21:55:28.615659062Z,01JZ1D972VTRZHGE4AKVG9RETY,2025-06-30T21:55:28.615659062Z,01JZ1D97C0ZWQDPX1XX9R1HSCW,2025-06-30T21:55:28.615659062Z
01JZ1AJ85P3Z1YMPGFGGXHNP8W,01JZ19VEXCKVX740B60X4W6PQN,2025-06-30T21:05:53.334774651Z,01JZ19VF81DTYMGWYB0TAJKDWY,2025-06-30T21:05:53.334774651Z,01JZ1A7CX8Z1SNGPWK47XB0JNS,2025-06-30T21:05:53.334774651Z,01JZ1AABMTK3KJJZSMA4TN8BF7,2025-06-30T21:05:53.334774651Z,01JZ1AAC9H0HBM9DYM86FB5S6R,2025-06-30T21:05:53.334774651Z
01JZ1DTCWF9EGQNX1Q453AP08B,01JZ1D0RX94M7HHBAJDNGV8QRS,2025-06-30T22:02:46.031258357Z,01JZ1D0S3N2D9DCG3EHS8AP4R1,2025-06-30T22:02:46.031258357Z,01JZ1D7D81NBZRDY8M09FZNXH6,2025-06-30T22:02:46.031258357Z,01JZ1DJBGG0DEBHS0YMCP0X5R4,2025-06-30T22:02:46.031258357Z,01JZ1DJC666YCNMCW0V5D6S1ND,2025-06-30T22:02:46.031258357Z
01JZ1FA1EW5QN3104QRCGJ7MYZ,01JZ1E916HBESJXS5SJ82BFZ21,2025-06-30T22:28:47.196596659Z,01JZ1E923XSJ5V9JGGJQR2CG7M,2025-06-30T22:28:47.196596659Z,01JZ1EMYVSBFSNMNYSTV9SNRK6,2025-06-30T22:28:47.196596659Z,01JZ1F28T85SAXJTEPCXG1SEJH,2025-06-30T22:28:47.196596659Z,01JZ1F29DNBYK2NHNV6F1YJC5Q,2025-06-30T22:28:47.196596659Z
01JZ1GTT2CC7WG2N4MDSB7PWAG,01JZ1G29Q82GQAKEXSK2E7NK3R,2025-06-30T22:55:25.2605024Z,01JZ1G2ACHC2PPHGNQVYG69GCY,2025-06-30T22:55:25.2605024Z,01JZ1GHHR8Y5813M82KVZRR659,2025-06-30T22:55:25.2605024Z,01JZ1GJG9JNNQVF267AN8JXQ4V,2025-06-30T22:55:25.2605024Z,01JZ1GJH3W1BXJKW0EDEPKC8YG,2025-06-30T22:55:25.2605024Z
01JZ1802AS4NYS78QBW5BJ939N,01JZ170DPRHYGRH6M74WMGZ8J5,2025-06-30T20:21:00.378032029Z,01JZ170DRQN15452AYS561M232,2025-06-30T20:21:00.378032029Z,01JZ177RVVNSCWMQHY3N3M9P3Y,2025-06-30T20:21:00.378032029Z,01JZ17RBDPNRWH0MV3S1S7KRVT,2025-06-30T20:21:00.378032029Z,01JZ17RBJ8YKE7YSK6WC1TVK90,2025-06-30T20:21:00.378032029Z
01JZ18WMA93J5AZAAJDYHWEBPY,01JZ18G4TN4FH7205KTQTFE7PM,2025-06-30T20:36:36.29764579Z,01JZ18G4YA2XRQ9RK4RH5WQB1P,2025-06-30T20:36:36.29764579Z,01JZ18M0E7QK051FXC32B03XG8,2025-06-30T20:36:36.29764579Z,01JZ18Q1RFWF1SPY79863HPKYC,2025-06-30T20:36:36.29764579Z,01JZ18Q1X4TZM065RYCSF14JK5,2025-06-30T20:36:36.29764579Z
01JZ198VPT1MW3QJXK0YFFNWHE,01JZ18QHX9XGN83K6T42FK97D5,2025-06-30T20:43:17.082454389Z,01JZ18QHZ9KPT0XZ66BZ9ZB89K,2025-06-30T20:43:17.082454389Z,01JZ18YPKHPP41HP4A0Q4F3DHM,2025-06-30T20:43:17.082454389Z,01JZ190NJ5PP5YCFJ7NGNJ3QPB,2025-06-30T20:43:17.082454389Z,01JZ190P8NGMJF9WMZR4Z0YBG2,2025-06-30T20:43:17.082454389Z
01JZ1FA1G8SWW1V0RS9VS2G1KY,01JZ1E916HBESJXS5SJ82BFZ21,2025-06-30T22:28:47.240427732Z,01JZ1E923XSJ5V9JGGJQR2CG7M,2025-06-30T22:28:47.240427732Z,01JZ1EED3A8PGE3DSBSCB45ADQ,2025-06-30T22:28:47.240427732Z,01JZ1F28T85SAXJTEPCXG1SEJH,2025-06-30T22:28:47.240427732Z,01JZ1F29DNBYK2NHNV6F1YJC5Q,2025-06-30T22:28:47.240427732Z
01JZ17SXB21V9HPWZKMJDRWJ66,01JZ170DPRHYGRH6M74WMGZ8J5,2025-06-30T20:17:38.658816501Z,01JZ170DS434CCJM920VN081CV,2025-06-30T20:17:38.658816501Z,01JZ17DF0FPMATGYC1VKMVTRWC,2025-06-30T20:17:38.658816501Z,01JZ17HX14FY8E41PWFYHSWJ2P,2025-06-30T20:17:38.658816501Z,01JZ17HX3WVKQRC38GFPG7DBE6,2025-06-30T20:17:38.658816501Z
01JZ1DSM643QNX72NWCYPYDD7M,01JZ1D0RX94M7HHBAJDNGV8QRS,2025-06-30T22:02:20.740565823Z,01JZ1D0S61XK8FZCNQBM2ZAEE6,2025-06-30T22:02:20.740565823Z,01JZ1DFSBSFTDKE17JSS0VZPAS,2025-06-30T22:02:20.740565823Z,01JZ1DHG8H05GH2W9SB4K6K1E6,2025-06-30T22:02:20.740565823Z,01JZ1DHH2TQQCBCQ5N4R09DNTG,2025-06-30T22:02:20.740565823Z
01JZ17SRDYCPPSXH18G3YFZ5ZN,01JZ170DPRHYGRH6M74WMGZ8J5,2025-06-30T20:17:33.630040961Z,01JZ170DSBT7R80F1BC6BFNZAP,2025-06-30T20:17:33.630040961Z,01JZ17898TMETDM923KMFF15WB,2025-06-30T20:17:33.630040961Z,01JZ17JC34NY9C5XTJE3ETGWA3,2025-06-30T20:17:33.630040961Z,01JZ17JC505AWX6P95A9R01TAZ,2025-06-30T20:17:33.630040961Z
01JZ1F0F69VQCRRMK4NG1K8S7N,01JZ1E916HBESJXS5SJ82BFZ21,2025-06-30T22:23:33.577424255Z,01JZ1E91HHYKGR583PHV4V6JXR,2025-06-30T22:23:33.577424255Z,01JZ1EK77BRBNM03T0A9A1Z152,2025-06-30T22:23:33.577424255Z,01JZ1ERV9TFSNXH7AMBAPNGSYN,2025-06-30T22:23:33.577424255Z,01JZ1ERVRBV4K0N4SM177J3NR5,2025-06-30T22:23:33.577424255Z
01JZ17TNPCCRCFE2ZKMYXJWKBB,01JZ170DPRHYGRH6M74WMGZ8J5,2025-06-30T20:18:03.596464903Z,01JZ170DSP5HFMBRZWFQV8RFVC,2025-06-30T20:18:03.596464903Z,01JZ17992QEDC71MF0NWEGAJEP,2025-06-30T20:18:03.596464903Z,01JZ17RSKP4T7TM013SKSDCBN6,2025-06-30T20:18:03.596464903Z,01JZ17RSNZJ7XVG11RZ6MP3BJ5,2025-06-30T20:18:03.596464903Z
01JZ17VZPPTRJ2S1GA1TP3FRXA,01JZ170DPRHYGRH6M74WMGZ8J5,2025-06-30T20:18:46.614403112Z,01JZ170DSR5F2SARFX61BD5BFD,2025-06-30T20:18:46.614403112Z,01JZ179KCXD57AZVEGR3X2YKFH,2025-06-30T20:18:46.614403112Z,01JZ17M8TM93SNDEV4TKQ8G5N0,2025-06-30T20:18:46.614403112Z,01JZ17M8ZHQM4JY3DEY4DZM9K1,2025-06-30T20:18:46.614403112Z
01JZ17W5GADWCX9D7TWJZGCSBM,01JZ170DPRHYGRH6M74WMGZ8J5,2025-06-30T20:18:52.55419413Z,01JZ170DS434CCJM920K0JDY80,2025-06-30T20:18:52.55419413Z,01JZ17AA6B6W27BR52VPQ8MSYM,2025-06-30T20:18:52.55419413Z,01JZ17MESMPWPZJ1XK6T8SDFSR,2025-06-30T20:18:52.55419413Z,01JZ17MEXWEDJ8BPGMZ2YXTX38,2025-06-30T20:18:52.55419413Z
01JZ1BJG2G26PSMRJSXXQ37602,01JZ1B1VZ9TM9N3252XVVAH9DZ,2025-06-30T21:23:30.00063966Z,01JZ1B1W6S117BH8HCA7NH9R7E,2025-06-30T21:23:30.00063966Z,01JZ1B46GFSFAYTPK6TDTQG4WK,2025-06-30T21:23:30.00063966Z,01JZ1BAHERRJG5Y4NQ430CHJGP,2025-06-30T21:23:30.00063966Z,01JZ1BAHXWBT00DK00GM6F2Y5F,2025-06-30T21:23:30.00063966Z
01JZ1BS2536JR1VPAS5NVV4PAB,01JZ1B1VZ9TM9N3252XVVAH9DZ,2025-06-30T21:27:05.123416306Z,01JZ1B1W68Y1JCNSRHTZJR0WTB,2025-06-30T21:27:05.123416306Z,01JZ1B483R9XXNDJ9MZBRK2ZQ1,2025-06-30T21:27:05.123416306Z,01JZ1BH45TYYSNR9HRYXWTVB04,2025-06-30T21:27:05.123416306Z,01JZ1BH4RVE34PYY4WF2W33DR9,2025-06-30T21:27:05.123416306Z
01JZ1BVKKWXMSXNAZSJP57ZZT5,01JZ1B1VZ9TM9N3252XVVAH9DZ,2025-06-30T21:28:28.540119422Z,01JZ1B1W4RP0VXDDKCJTNKM3AX,2025-06-30T21:28:28.540119422Z,01JZ1B4QMHRDEJR6YWEDX6CP6V,2025-06-30T21:28:28.540119422Z,01JZ1BNY8P6J7MV2A9X36WMPD0,2025-06-30T21:28:28.540119422Z,01JZ1BNYKMVTP1B0A6AZBFNG64,2025-06-30T21:28:28.540119422Z
01JZ1DKXP63ESX1TV833HKDD0V,01JZ1D0RX94M7HHBAJDNGV8QRS,2025-06-30T21:59:13.862420037Z,01JZ1D0S4EMT97ECKQ06X1ZWAX,2025-06-30T21:59:13.862420037Z,01JZ1D6PDAATCEYCV60SVGFECN,2025-06-30T21:59:13.862420037Z,01JZ1DHWG8MPVQVFH1DPRPET9V,2025-06-30T21:59:13.862420037Z,01JZ1DHWS64PQM8BQXACXWS52F,2025-06-30T21:59:13.862420037Z
01JZ1GKRQ933VY68B7ZNZ99Y3P,01JZ1G29Q82GQAKEXSK2E7NK3R,2025-06-30T22:51:34.505295938Z,01JZ1G2A9825Q9R0AFVXQNTR63,2025-06-30T22:51:34.505295938Z,01JZ1G559C6P7CY3FSGY2MAEHK,2025-06-30T22:51:34.505295938Z,01JZ1GKM1M98RKJZ6DVXPWE5H6,2025-06-30T22:51:34.505295938Z,01JZ1GKMA9D804W1YF6T6TV2ZZ,2025-06-30T22:51:34.505295938Z
01JZ1DSZ5H6VG9C8CP3F6JTHG9,01JZ1D0RX94M7HHBAJDNGV8QRS,2025-06-30T22:02:31.985761031Z,01JZ1D0S61XK8FZCNQBM2ZAEE6,2025-06-30T22:02:31.985761031Z,01JZ1DEPX3PNQ2MN8YPK5QHYXE,2025-06-30T22:02:31.985761031Z,01JZ1DHGBSZZHKEP5QJKJSKXHE,2025-06-30T22:02:31.985761031Z,01JZ1DHH68B7BQZNES97N8QZZF,2025-06-30T22:02:31.985761031Z
01JZ17QZT9TBVJCAZ16BVGV1H4,01JZ170DPRHYGRH6M74WMGZ8J5,2025-06-30T20:16:35.657496506Z,01JZ170DSR5F2SARFX61BD5BFD,2025-06-30T20:16:35.657496506Z,01JZ17ADWXQ9CX9S0BD7VM2S2J,2025-06-30T20:16:35.657496506Z,01JZ17M8SSZ2QHECS5BA0DPMCQ,2025-06-30T20:16:35.657496506Z,01JZ17M8X6KC6NF1RFX4WSPE6H,2025-06-30T20:16:35.657496506Z
01JZ17RR9J7CV70XSP9GHQARA4,01JZ170DPRHYGRH6M74WMGZ8J5,2025-06-30T20:17:00.722848251Z,01JZ170DRXVGFVP20P8DK3M491,2025-06-30T20:17:00.722848251Z,01JZ179T9EE5NWF4YTXDRCZC5E,2025-06-30T20:17:00.722848251Z,01JZ17H2JPFPJA5AGAW7MSWH7S,2025-06-30T20:17:00.722848251Z,01JZ17H2MZBEW36Y1R5K5FNF6E,2025-06-30T20:17:00.722848251Z
01JZ17VNK6CZ7KCMPN0Q00T34F,01JZ170DPRHYGRH6M74WMGZ8J5,2025-06-30T20:18:36.262670325Z,01JZ170DSR5F2SARFX61BD5BFD,2025-06-30T20:18:36.262670325Z,01JZ17HAYAY9BSFK3RQNTEMCZ6,2025-06-30T20:18:36.262670325Z,01JZ17M8TTAADH96H16B5Q2KVN,2025-06-30T20:18:36.262670325Z,01JZ17M8YBHZ4TN71ES3XSS0QT,2025-06-30T20:18:36.262670325Z
01JZ18R45FF5VS3D3FFA1Z80V4,01JZ18G4TN4FH7205KTQTFE7PM,2025-06-30T20:34:08.687327624Z,01JZ18G50PJASP911XB82AW46K,2025-06-30T20:34:08.687327624Z,01JZ18HFN6SPVZ5DYGTVB7ZVYC,2025-06-30T20:34:08.687327624Z,01JZ18P6M9PWBBNS9EFA2527RR,2025-06-30T20:34:08.687327624Z,01JZ18P6W0A982H5CMGKWBXZEF,2025-06-30T20:34:08.687327624Z
01JZ18W7SDWMYN9PTY8EGXRWNG,01JZ18G4TN4FH7205KTQTFE7PM,2025-06-30T20:36:23.469167602Z,01JZ18G4ZZG5A688HVVJGKBFVW,2025-06-30T20:36:23.469167602Z,01JZ18HSGA4VKS1NR0MAVDXW88,2025-06-30T20:36:23.469167602Z,01JZ18RFQ4W09NKQ14XZ3KQN1E,2025-06-30T20:36:23.469167602Z,01JZ18RFVKATYSB1M62D2NFA75,2025-06-30T20:36:23.469167602Z
01JZ1916Q3A1005MZP1R9ZTE4W,01JZ18G4TN4FH7205KTQTFE7PM,2025-06-30T20:39:06.211433975Z,01JZ18G4XMK5QHE5YNTR43VZ9V,2025-06-30T20:39:06.211433975Z,01JZ18NBPDW8GJCMK3V0N2AHJY,2025-06-30T20:39:06.211433975Z,01JZ18RP9ZDBJKMBBTW600ZPPV,2025-06-30T20:39:06.211433975Z,01JZ18RPH48SR6A7PG262SRVBN,2025-06-30T20:39:06.211433975Z
01JZ1CFF9742ZV3KK0YR67M9CG,01JZ1BX7WQMA45G0E33EEHJ3V9,2025-06-30T21:39:19.463672956Z,01JZ1BX81RJBYPGNM468STZ9YH,2025-06-30T21:39:19.463672956Z,01JZ1C7E8DJFPWRMGRQW39DWYT,2025-06-30T21:39:19.463672956Z,01JZ1C7YJM4B7G9NZX8J1CMGGG,2025-06-30T21:39:19.463672956Z,01JZ1C7YZ45PK7MZDD3DKXEF5R,2025-06-30T21:39:19.463672956Z
01JZ1DTCT0V58YM8BRABP8H0E9,01JZ1D0RX94M7HHBAJDNGV8QRS,2025-06-30T22:02:45.952840505Z,01JZ1D0S3N2D9DCG3EHS8AP4R1,2025-06-30T22:02:45.952840505Z,01JZ1DEB7GHZ5ZQY0VZXEDKFR1,2025-06-30T22:02:45.952840505Z,01JZ1DJBGG0DEBHS0YMCP0X5R4,2025-06-30T22:02:45.952840505Z,01JZ1DJC666YCNMCW0V5D6S1ND,2025-06-30T22:02:45.952840505Z
01JZ1ESYPHD58ZJ4MK8R7CY8V3,01JZ1E916HBESJXS5SJ82BFZ21,2025-06-30T22:20:00.081318401Z,01JZ1E926BWK6TV1HDSC3ZQW4Y,2025-06-30T22:20:00.081318401Z,01JZ1EQKR69J0BQM6378QJ8X8Y,2025-06-30T22:20:00.081318401Z,01JZ1EST6TCKJRV3R3VP3ARDV3,2025-06-30T22:20:00.081318401Z,01JZ1ESTFB7QXDFMMGC7FAYA4M,2025-06-30T22:20:00.081318401Z
01JZ17MRJM5GVD0ZTDEX05SEZE,01JZ170DPRHYGRH6M74WMGZ8J5,2025-06-30T20:14:49.940794225Z,01JZ170DRXVGFVP20P8DK3M491,2025-06-30T20:14:49.940794225Z,01JZ17B3EJNXDWZGY3QVC1296A,2025-06-30T20:14:49.940794225Z,01JZ17H2JKQXYPBGV7RRHN6ECY,2025-06-30T20:14:49.940794225Z,01JZ17H2KY0T9900KYTGYZSB6M,2025-06-30T20:14:49.940794225Z
01JZ17VX3K9P2GCT2B56E4XZF2,01JZ170DPRHYGRH6M74WMGZ8J5,2025-06-30T20:18:43.955075568Z,01JZ170DRWH3Q5VEKFYTCWXCB9,2025-06-30T20:18:43.955075568Z,01JZ17E300K9YQ0KK94FSGZ5RV,2025-06-30T20:18:43.955075568Z,01JZ17M63THTS8VR02B734BA3Z,2025-06-30T20:18:43.955075568Z,01JZ17M68BK07EYSC18JFC5CY6,2025-06-30T20:18:43.955075568Z
01JZ1BSRN4N3HNWF4Q4A7QH8BT,01JZ1B1VZ9TM9N3252XVVAH9DZ,2025-06-30T21:27:28.164089986Z,01JZ1B1W4RP0VXDDKCJTNKM3AX,2025-06-30T21:27:28.164089986Z,01JZ1BH96VSCAX0MRZ5GVT0SBR,2025-06-30T21:27:28.164089986Z,01JZ1BNY8P6J7MV2A9X36WMPD0,2025-06-30T21:27:28.164089986Z,01JZ1BNYJE58CSDJ8V1RP7ASYS,2025-06-30T21:27:28.164089986Z
01JZ1GE5WYC245EK8K2QSVVKY9,01JZ1G29Q82GQAKEXSK2E7NK3R,2025-06-30T22:48:31.390179533Z,01JZ1G2A3Q53QEYHDQX68WVVKH,2025-06-30T22:48:31.390179533Z,01JZ1G4QT3J0N96RSDER5H66SR,2025-06-30T22:48:31.390179533Z,01JZ1GE1DYQ4EFPNC3YG4MVVET,2025-06-30T22:48:31.390179533Z,01JZ1GE1NJ67APV5WX5MY10P1N,2025-06-30T22:48:31.390179533Z
01JZ1GP8DKFTEB0TV985EXA3CF,01JZ1G29Q82GQAKEXSK2E7NK3R,2025-06-30T22:52:56.115414073Z,01JZ1G29XRNS92G9JYEX4H033M,2025-06-30T22:52:56.115414073Z,01JZ1G630GW64096KNZNG4RDAZ,2025-06-30T22:52:56.115414073Z,01JZ1GM688HKS6CMQAXCQKE8GC,2025-06-30T22:52:56.115414073Z,01JZ1GM6RH18Q4Z351H66FTYQ6,2025-06-30T22:52:56.115414073Z
01JZ17S2CY2QE0W74G5R7HFYGG,01JZ170DPRHYGRH6M74WMGZ8J5,2025-06-30T20:17:11.070814622Z,01JZ170DRXVGFVP20P8DK3M491,2025-06-30T20:17:11.070814622Z,01JZ17BF7NX0X3DRNTNKBRP4A9,2025-06-30T20:17:11.070814622Z,01JZ17H2JWJMBDAZPE9P38DECW,2025-06-30T20:17:11.070814622Z,01JZ17H2NKW7C4QCAZA2CAXE8H,2025-06-30T20:17:11.070814622Z
01JZ17T8MJWJ09JRATB05EDRNN,01JZ170DPRHYGRH6M74WMGZ8J5,2025-06-30T20:17:50.226630018Z,01JZ170DSTXK5Z1DV671606E6A,2025-06-30T20:17:50.226630018Z,01JZ17CV56KYXDEZD0V6G3R2C0,2025-06-30T20:17:50.226630018Z,01JZ17J85SANMZWN2QB7PBGCW6,2025-06-30T20:17:50.226630018Z,01JZ17J88TCH8B6MR5EHSFK5FM,2025-06-30T20:17:50.226630018Z
01JZ1BNSQ6D4AZ2845YF6SPCP7,01JZ1B1VZ9TM9N3252XVVAH9DZ,2025-06-30T21:25:18.182651512Z,01JZ1B1W5TAZ0C76DBH0ZAEY5X,2025-06-30T21:25:18.182651512Z,01JZ1B3G6JQBSFAAE2943ZEQ9V,2025-06-30T21:25:18.182651512Z,01JZ1BNNDP6X2S9Y1STMRSC69M,2025-06-30T21:25:18.182651512Z,01JZ1BNNYRTKB6F1D02GY8DW2Q,2025-06-30T21:25:18.182651512Z
01JZ1DSM9RMCZ7Z9ZKFWA94CKA,01JZ1D0RX94M7HHBAJDNGV8QRS,2025-06-30T22:02:20.856372483Z,01JZ1D0S61XK8FZCNQBM2ZAEE6,2025-06-30T22:02:20.856372483Z,01JZ1D5XZ05FCDAH1D4YG77JR7,2025-06-30T22:02:20.856372483Z,01JZ1DHG8H05GH2W9SB4K6K1E6,2025-06-30T22:02:20.856372483Z,01JZ1DHH2TQQCBCQ5N4R09DNTG,2025-06-30T22:02:20.856372483Z
01JZ1F1RCE9K22MS64ACZB35WJ,01JZ1E916HBESJXS5SJ82BFZ21,2025-06-30T22:24:15.758322041Z,01JZ1E926BWK6TV1HDSC3ZQW4Y,2025-06-30T22:24:15.758322041Z,01JZ1EB9A62JTZM8674AWVY211,2025-06-30T22:24:15.758322041Z,01JZ1EST9KR55851P7X2GXT01Q,2025-06-30T22:24:15.758322041Z,01JZ1ESTVASPP16CF2P3C553VA,2025-06-30T22:24:15.758322041Z
01JZ1F7AJWTD9SFVWSGS0NC1NN,01JZ1E916HBESJXS5SJ82BFZ21,2025-06-30T22:27:18.236734554Z,01JZ1E91ENR7DC2PFTK7ZY5PTJ,2025-06-30T22:27:18.236734554Z,01JZ1EBW22KQBY52ZW0XEVAEWD,2025-06-30T22:27:18.236734554Z,01JZ1F70HHE21FXBJ549WERQ2G,2025-06-30T22:27:18.236734554Z,01JZ1F70T8KGQPFGJ0TXM0WWNS,2025-06-30T22:27:18.236734554Z
01JZ1GG8RW1VVC1VS142SR0QPQ,01JZ1G29Q82GQAKEXSK2E7NK3R,2025-06-30T22:49:39.868992655Z,01JZ1G2A24PAZYJHH2EQFGJG7N,2025-06-30T22:49:39.868992655Z,01JZ1GC4MM47P5V75X6NCDXBTN,2025-06-30T22:49:39.868992655Z,01JZ1GG46B57R07ZV286SM8BX0,2025-06-30T22:49:39.868992655Z,01JZ1GG4BHHW923N6103CQ4FCN,2025-06-30T22:49:39.868992655Z
01JZ1923VGDFXZB08E7FA92ZB5,01JZ18G4TN4FH7205KTQTFE7PM,2025-06-30T20:39:36.048483719Z,01JZ18G508W9SSEDAT6B79GZND,2025-06-30T20:39:36.048483719Z,01JZ18JN66MX5CA0E4FYBV08Y2,2025-06-30T20:39:36.048483719Z,01JZ18STDNJEZSFCWMMDNZVD2H,2025-06-30T20:39:36.048483719Z,01JZ18SV7J133908AJQ39H2H6W,2025-06-30T20:39:36.048483719Z
01JZ17PTVASFRJ5JDGDS3N45MV,01JZ170DPRHYGRH6M74WMGZ8J5,2025-06-30T20:15:57.80283735Z,01JZ170DSMJZPS89ZBMFZ7ATK7,2025-06-30T20:15:57.80283735Z,01JZ17DJ18S9CGE8H6D4S1K333,2025-06-30T20:15:57.80283735Z,01JZ17MYDW712GB678NHAF4EAC,2025-06-30T20:15:57.80283735Z,01JZ17MYK6TSEM0FE9TJ34XM6C,2025-06-30T20:15:57.80283735Z
01JZ17RNKS20NW3T97H8EV96V9,01JZ170DPRHYGRH6M74WMGZ8J5,2025-06-30T20:16:57.977553204Z,01JZ170DSMJZPS89ZBMFZ7ATK7,2025-06-30T20:16:57.977553204Z,01JZ178V1SBS1YEEZCW5R3AAJF,2025-06-30T20:16:57.977553204Z,01JZ17MYDW712GB678NHAF4EAC,2025-06-30T20:16:57.977553204Z,01JZ17MYM0SS8G95WB3A8AA4SB,2025-06-30T20:16:57.977553204Z
01JZ17SF6GFSRD20675QSEZA6M,01JZ170DPRHYGRH6M74WMGZ8J5,2025-06-30T20:17:24.176636138Z,01JZ170DSXXMDA003X79NFA4N0,2025-06-30T20:17:24.176636138Z,01JZ179JK7EB00XG1XXC6JXGYV,2025-06-30T20:17:24.176636138Z,01JZ17NRSETRAHA86XGKD3ZGNV,2025-06-30T20:17:24.176636138Z,01JZ17NRV2ZDNVW5Z7WBNTSDV4,2025-06-30T20:17:24.176636138Z
01JZ17V9Y7R5AYPEQWRP8C11JF,01JZ170DPRHYGRH6M74WMGZ8J5,2025-06-30T20:18:24.327712922Z,01JZ170DSXXMDA003X79NFA4N0,2025-06-30T20:18:24.327712922Z,01JZ17A9YQ3219RYQEV7GA1K4B,2025-06-30T20:18:24.327712922Z,01JZ17NRSETRAHA86XGKD3ZGNV,2025-06-30T20:18:24.327712922Z,01JZ17NRVFFVYGG6VDAXW2Q3R4,2025-06-30T20:18:24.327712922Z
01JZ18YV8F0F6RH0NMP6GAXHTC,01JZ18G4TN4FH7205KTQTFE7PM,2025-06-30T20:37:48.943403745Z,01JZ18G4Y1ABZPJ815NAWEN19T,2025-06-30T20:37:48.943403745Z,01JZ18KZMETYG3YXGETN6WS81Q,2025-06-30T20:37:48.943403745Z,01JZ18PMFWXRBMGQD7EAMQ4QF6,2025-06-30T20:37:48.943403745Z,01JZ18PMPWTZNVAVCSNQQEA05F,2025-06-30T20:37:48.943403745Z
01JZ18ZKZYPVNE5BD0FQ8DH5F9,01JZ18G4TN4FH7205KTQTFE7PM,2025-06-30T20:38:14.270799426Z,01JZ18G4YTQTSXFW2X0Y80VGVG,2025-06-30T20:38:14.270799426Z,01JZ18M95D7WX9RB46ACE56086,2025-06-30T20:38:14.270799426Z,01JZ18QCJV80NZ6CWN841W78CA,2025-06-30T20:38:14.270799426Z,01JZ18QCTC2XN58WT3REP763GK,2025-06-30T20:38:14.270799426Z
01JZ1909KGFWS7SR1DQKHWEV6K,01JZ18G4TN4FH7205KTQTFE7PM,2025-06-30T20:38:36.400467381Z,01JZ18G4YK3PSP6R2PNWBA4P8S,2025-06-30T20:38:36.400467381Z,01JZ18JNT2QKJHBG0YSDA5VWH8,2025-06-30T20:38:36.400467381Z,01JZ18QW9EXF247TKVE8F2HXX6,2025-06-30T20:38:36.400467381Z,01JZ18QWK926FXC7VZEQSYH8G3,2025-06-30T20:38:36.400467381Z
01JZ198695Z6A9TFST7CS7RYKK,01JZ18QHX9XGN83K6T42FK97D5,2025-06-30T20:42:55.141367641Z,01JZ18QHZ9KPT0XZ66BZ9ZB89K,2025-06-30T20:42:55.141367641Z,01JZ18SXQ0AFP5SFG2600FW7ER,2025-06-30T20:42:55.141367641Z,01JZ190NKBHYNACREFJP8CVVGM,2025-06-30T20:42:55.141367641Z,01JZ190NYCSHEEJMF4J3CTT5SW,2025-06-30T20:42:55.141367641Z
01JZ1CA3GTGDS445PRMRPWSBJM,01JZ1BX7WQMA45G0E33EEHJ3V9,2025-06-30T21:36:23.578794891Z,01JZ1BX80QRTKGB6MH6HMRDXS1,2025-06-30T21:36:23.578794891Z,01JZ1BY7ZYY1555G7VDKVM55K7,2025-06-30T21:36:23.578794891Z,01JZ1C68WHJ3JXAR0SNG92WD7N,2025-06-30T21:36:23.578794891Z,01JZ1C69HKZA5VWHYB1YZN501S,2025-06-30T21:36:23.578794891Z
01JZ1CBR6N6AZXHQ76BP7JF2BG,01JZ1BX7WQMA45G0E33EEHJ3V9,2025-06-30T21:37:17.525874826Z,01JZ1BX81RJBYPGNM468STZ9YH,2025-06-30T21:37:17.525874826Z,01JZ1C1P9WXAKXCBQ2MNEBPRTC,2025-06-30T21:37:17.525874826Z,01JZ1C7YHP92FZYZDSW8SB4C2V,2025-06-30T21:37:17.525874826Z,01JZ1C7YV2W6K90NBQB1WQNYY6,2025-06-30T21:37:17.525874826Z
01JZ1CDKA4WYFQRWGR44BD435X,01JZ1BX7WQMA45G0E33EEHJ3V9,2025-06-30T21:38:18.05281231Z,01JZ1BX81RJBYPGNM468STZ9YH,2025-06-30T21:38:18.05281231Z,01JZ1BZM7HWWQQ5DW0EFWDSAQF,2025-06-30T21:38:18.05281231Z,01JZ1C7YHP92FZYZDSW8SB4C2V,2025-06-30T21:38:18.05281231Z,01JZ1C7YWCWQEFT0C3SW222CHF,2025-06-30T21:38:18.05281231Z
01JZ1DSMC6RVMQCC30HY8XFBHA,01JZ1D0RX94M7HHBAJDNGV8QRS,2025-06-30T22:02:20.934298383Z,01JZ1D0S61XK8FZCNQBM2ZAEE6,2025-06-30T22:02:20.934298383Z,01JZ1D497J6YYY65Y2Z1DW88ZY,2025-06-30T22:02:20.934298383Z,01JZ1DHG8H05GH2W9SB4K6K1E6,2025-06-30T22:02:20.934298383Z,01JZ1DHH2TQQCBCQ5N4R09DNTG,2025-06-30T22:02:20.934298383Z
01JZ18QRAJWSH1700PHR07PJ1K,01JZ18G4TN4FH7205KTQTFE7PM,2025-06-30T20:33:56.562090676Z,01JZ18G4ZDA13FR053ZT1R1FPF,2025-06-30T20:33:56.562090676Z,01JZ18JPT9JN6KKGXMDR9K6K49,2025-06-30T20:33:56.562090676Z,01JZ18NR677M02YFM90F21XHAA,2025-06-30T20:33:56.562090676Z,01JZ18NR9DZ3R2Y5THK48A79PA,2025-06-30T20:33:56.562090676Z
01JZ1BSGJZ5X59J1N3QQNXW2KP,01JZ1B1VZ9TM9N3252XVVAH9DZ,2025-06-30T21:27:19.903748573Z,01JZ1B1W5TAZ0C76DBH0ZAEY5X,2025-06-30T21:27:19.903748573Z,01JZ1BNKT1EA6BGVVN8436Q4BP,2025-06-30T21:27:19.903748573Z,01JZ1BNNFF9MV2BR5CAE8TGEYC,2025-06-30T21:27:19.903748573Z,01JZ1BNP4DESZ5QDB1Z8RGHMBQ,2025-06-30T21:27:19.903748573Z
01JZ1DR58D4SNPP207B0SNWSSM,01JZ1D0RX94M7HHBAJDNGV8QRS,2025-06-30T22:01:32.685419104Z,01JZ1D0S3N2D9DCG3EHS8AP4R1,2025-06-30T22:01:32.685419104Z,01JZ1D7D81NBZRDY8M09FZNXH6,2025-06-30T22:01:32.685419104Z,01JZ1DJBF7R7NJ28KS5SRS1EHV,2025-06-30T22:01:32.685419104Z,01JZ1DJBVG82SYECZXJC6RC5W1,2025-06-30T22:01:32.685419104Z
01JZ1EWR73PYD020EKE6SEFME1,01JZ1E916HBESJXS5SJ82BFZ21,2025-06-30T22:21:31.74753867Z,01JZ1E91HHYKGR583PHV4V6JXR,2025-06-30T22:21:31.74753867Z,01JZ1EFK9EEAEM2ASPQWEXC3TB,2025-06-30T22:21:31.74753867Z,01JZ1ERV8NQ1N608W7HC4Y405V,2025-06-30T22:21:31.74753867Z,01JZ1ERVMAVCQ12NPEQ6ACE5YG,2025-06-30T22:21:31.74753867Z
01JZ1GSZ3F1GPHKFJTQPQRJM4B,01JZ1G29Q82GQAKEXSK2E7NK3R,2025-06-30T22:54:57.64747968Z,01JZ1G29XRNS92G9JYEX4H033M,2025-06-30T22:54:57.64747968Z,01JZ1GGT9KDQPYVBYTSYY1MHFW,2025-06-30T22:54:57.64747968Z,01JZ1GM688HKS6CMQAXCQKE8GC,2025-06-30T22:54:57.64747968Z,01JZ1GM6VHHYMMQFRVM2JPSXRK,2025-06-30T22:54:57.64747968Z
01JZ18YX9QN16TYBN5WVF277XS,01JZ18G4TN4FH7205KTQTFE7PM,2025-06-30T20:37:51.031421683Z,01JZ18G4YTQTSXFW2X0Y80VGVG,2025-06-30T20:37:51.031421683Z,01JZ18M95D7WX9RB46ACE56086,2025-06-30T20:37:51.031421683Z,01JZ18QCJ5F2TDDGTM86PBKVEG,2025-06-30T20:37:51.031421683Z,01JZ18QCQGFPC5A6D9RYBZQX6F,2025-06-30T20:37:51.031421683Z
01JZ1BQNJ55PW6TCEZ95FX691V,01JZ1B1VZ9TM9N3252XVVAH9DZ,2025-06-30T21:26:19.461473879Z,01JZ1B1W5TAZ0C76DBH0ZAEY5X,2025-06-30T21:26:19.461473879Z,01JZ1B3G6JQBSFAAE2943ZEQ9V,2025-06-30T21:26:19.461473879Z,01JZ1BNNFF9MV2BR5CAE8TGEYC,2025-06-30T21:26:19.461473879Z,01JZ1BNP376CH9A495TNXV41GV,2025-06-30T21:26:19.461473879Z
01JZ1CBY7PJ5EET4D3MGGNSRFG,01JZ1BX7WQMA45G0E33EEHJ3V9,2025-06-30T21:37:23.702604703Z,01JZ1BX849RGFMRNF1WR9VXVPD,2025-06-30T21:37:23.702604703Z,01JZ1C4P0YN4P4R63ZN9FPE2D4,2025-06-30T21:37:23.702604703Z,01JZ1C84QRBSNC4RE2W7FPW8JB,2025-06-30T21:37:23.702604703Z,01JZ1C84Z78SK7MGDX7WCMQCBD,2025-06-30T21:37:23.702604703Z
01JZ1CJEP8W31Q9E4Z7FCM1DWM,01JZ1BX7WQMA45G0E33EEHJ3V9,2025-06-30T21:40:57.160330744Z,01JZ1BX82RNFGPPA94NES9507T,2025-06-30T21:40:57.160330744Z,01JZ1BZDJ93GPNRBSERWMWMMB5,2025-06-30T21:40:57.160330744Z,01JZ1CAKWP0H743BZGYZ5DSNCH,2025-06-30T21:40:57.160330744Z,01JZ1CAM7NBY8R54WZ82APPBNR,2025-06-30T21:40:57.160330744Z
01JZ1CT0VCDVWARMYAN3G7RKT6,01JZ1C4XJFQQ45ZHGATAXVBX0J,2025-06-30T21:45:05.132828126Z,01JZ1C4XNE4VHGMR9JDZS6Y7F9,2025-06-30T21:45:05.132828126Z,01JZ1CF267R4DM5CMXPS4VKSEE,2025-06-30T21:45:05.132828126Z,01JZ1CM9MH9FR8B6ZK0QM2XBF8,2025-06-30T21:45:05.132828126Z,01JZ1CM9YYDD48AM5D9EXZ54SW,2025-06-30T21:45:05.132828126Z
01JZ17QZTHMSK85GGTAE732Q2B,01JZ170DPRHYGRH6M74WMGZ8J5,2025-06-30T20:16:35.665593192Z,01JZ170DSR5F2SARFX61BD5BFD,2025-06-30T20:16:35.665593192Z,01JZ179KCXD57AZVEGR3X2YKFH,2025-06-30T20:16:35.665593192Z,01JZ17M8SSZ2QHECS5BA0DPMCQ,2025-06-30T20:16:35.665593192Z,01JZ17M8X6KC6NF1RFX4WSPE6H,2025-06-30T20:16:35.665593192Z
01JZ18Z51JC34J3TF0PTEXM5K2,01JZ18G4TN4FH7205KTQTFE7PM,2025-06-30T20:37:58.962107083Z,01JZ18G4YA2XRQ9RK4RH5WQB1P,2025-06-30T20:37:58.962107083Z,01JZ18M0E7QK051FXC32B03XG8,2025-06-30T20:37:58.962107083Z,01JZ18Q1SHZX0HATET1MQN9ET3,2025-06-30T20:37:58.962107083Z,01JZ18Q21BG6KQSPN28TPPD913,2025-06-30T20:37:58.962107083Z
01JZ194FMG9Z7NPVEEG178QWZQ,01JZ18QHX9XGN83K6T42FK97D5,2025-06-30T20:40:53.648946415Z,01JZ18QHZ9KPT0XZ66BZ9ZB89K,2025-06-30T20:40:53.648946415Z,01JZ18YPKHPP41HP4A0Q4F3DHM,2025-06-30T20:40:53.648946415Z,01JZ190NH1278RPC2MCD2QJWTN,2025-06-30T20:40:53.648946415Z,01JZ190NQ8NZTC3E9W7WFVN8T1,2025-06-30T20:40:53.648946415Z
01JZ1CE4X4CBJVG6ANGGPE6CZS,01JZ1BX7WQMA45G0E33EEHJ3V9,2025-06-30T21:38:36.06866509Z,01JZ1BX80QRTKGB6MH6HMRDXS1,2025-06-30T21:38:36.06866509Z,01JZ1BY7ZYY1555G7VDKVM55K7,2025-06-30T21:38:36.06866509Z,01JZ1C694WS1H0BQYPF8J97ET7,2025-06-30T21:38:36.06866509Z,01JZ1C69YC1M05MAZYS1FZERKN,2025-06-30T21:38:36.06866509Z
01JZ1GWXMFZGZ3EM9S7YK050FQ,01JZ1G29Q82GQAKEXSK2E7NK3R,2025-06-30T22:56:34.448011157Z,01JZ1G29XRNS92G9JYEX4H033M,2025-06-30T22:56:34.448011157Z,01JZ1G630GW64096KNZNG4RDAZ,2025-06-30T22:56:34.448011157Z,01JZ1GM6FVX8G2G466W7T4K4VT,2025-06-30T22:56:34.448011157Z,01JZ1GM77Q88VCQ038VBXFS21Y,2025-06-30T22:56:34.448011157Z
01JZ17MFHJDNJSCX7DYAMSHW5M,01JZ170DPRHYGRH6M74WMGZ8J5,2025-06-30T20:14:40.690547668Z,01JZ170DS434CCJM920K0JDY80,2025-06-30T20:14:40.690547668Z,01JZ17ED81WEQ81KNKMV8HM1Z1,2025-06-30T20:14:40.690547668Z,01JZ17MES4H49TCFWXHCBDV2WP,2025-06-30T20:14:40.690547668Z,01JZ17METDGG1ZR4G6185F0Q15,2025-06-30T20:14:40.690547668Z
01JZ18XVBR5S5PKYVK5S87D4HJ,01JZ18G4TN4FH7205KTQTFE7PM,2025-06-30T20:37:16.280504074Z,01JZ18G512YK4K14AJW1A4KQT5,2025-06-30T20:37:16.280504074Z,01JZ18P8E791PBV9BDRV76VVRH,2025-06-30T20:37:16.280504074Z,01JZ18R8CZAK9T47Q30YNKNJNG,2025-06-30T20:37:16.280504074Z,01JZ18R8GF1T8D6AA38W7NRDYD,2025-06-30T20:37:16.280504074Z
01JZ1DHN04S1H9177W20S70EMX,01JZ1D0RX94M7HHBAJDNGV8QRS,2025-06-30T21:57:59.428382694Z,01JZ1D0S58CJJ0G6BA8AW8ZVCS,2025-06-30T21:57:59.428382694Z,01JZ1D6ZQPM67S4BNXG3Y9BBD9,2025-06-30T21:57:59.428382694Z,01JZ1D976ADRX00GH05XJ7VG1Y,2025-06-30T21:57:59.428382694Z,01JZ1D97NV0HAM9VGQPR8BXBXR,2025-06-30T21:57:59.428382694Z
01JZ1F4SZV2M962M70Y18D53DG,01JZ1E916HBESJXS5SJ82BFZ21,2025-06-30T22:25:55.707792468Z,01JZ1E91MDHZVF6NVBEDDVGZWT,2025-06-30T22:25:55.707792468Z,01JZ1EK6MNQT8KSAR9HC017X0H,2025-06-30T22:25:55.707792468Z,01JZ1EWVMZXSDYKNCVCZNFHQ7S,2025-06-30T22:25:55.707792468Z,01JZ1EWW53MYETJ8GQ7KY9R871,2025-06-30T22:25:55.707792468Z
01JZ1F857R4V57X1BTJPB1EDMM,01JZ1E916HBESJXS5SJ82BFZ21,2025-06-30T22:27:45.528486211Z,01JZ1E923XSJ5V9JGGJQR2CG7M,2025-06-30T22:27:45.528486211Z,01JZ1EF4VM7JABTTZNP94E67E7,2025-06-30T22:27:45.528486211Z,01JZ1F28RAA806YV34ZE1BEZ0A,2025-06-30T22:27:45.528486211Z,01JZ1F29A67255KTW4J1TY82H1,2025-06-30T22:27:45.528486211Z
01JZ17T2GJ43SR795H2RMW8GPY,01JZ170DPRHYGRH6M74WMGZ8J5,2025-06-30T20:17:43.957325295Z,01JZ170DSBT7R80F1BC6BFNZAP,2025-06-30T20:17:43.957325295Z,01JZ17E2HGHQEBNZ4BGFQ4PF6N,2025-06-30T20:17:43.957325295Z,01JZ17JC31V9W433CZ54VPSDCC,2025-06-30T20:17:43.957325295Z,01JZ17JC5R8HPZGDHHMDM55ZW6,2025-06-30T20:17:43.957325295Z
01JZ18TFMWS88R9EGQHS8WHAZJ,01JZ18G4TN4FH7205KTQTFE7PM,2025-06-30T20:35:25.980186489Z,01JZ18G4Y1ABZPJ815NAWEN19T,2025-06-30T20:35:25.980186489Z,01JZ18HQKYW690RKTXSRY6QQQ2,2025-06-30T20:35:25.980186489Z,01JZ18PMF1481YNW4VF038RS60,2025-06-30T20:35:25.980186489Z,01JZ18PMJNDHJZTMJ5QAYTKKV0,2025-06-30T20:35:25.980186489Z
01JZ18YBZ5JWKBHMDHV72Z0FBQ,01JZ18G4TN4FH7205KTQTFE7PM,2025-06-30T20:37:33.285232126Z,01JZ18G50PJASP911XB82AW46K,2025-06-30T20:37:33.285232126Z,01JZ18KCZAP8MJWF3YFSDPP92T,2025-06-30T20:37:33.285232126Z,01JZ18P6NXZT0V7P3PR4SE8Z8C,2025-06-30T20:37:33.285232126Z,01JZ18P75BTA8J8ZN86RAF6NTB,2025-06-30T20:37:33.285232126Z
01JZ1DHPEFRA7TRMSM68BEZQH5,01JZ1D0RX94M7HHBAJDNGV8QRS,2025-06-30T21:58:00.911214199Z,01JZ1D0S61XK8FZCNQBM2ZAEE6,2025-06-30T21:58:00.911214199Z,01JZ1DFSBSFTDKE17JSS0VZPAS,2025-06-30T21:58:00.911214199Z,01JZ1DHFZ809B1825QNPR8SJSM,2025-06-30T21:58:00.911214199Z,01JZ1DHGK64NYJJZ4Q7MBQQ1MX,2025-06-30T21:58:00.911214199Z
01JZ1F4D8CB6606GSXBPK48H1V,01JZ1E916HBESJXS5SJ82BFZ21,2025-06-30T22:25:42.668172653Z,01JZ1E91SWVSXS6FK33QCMH9SP,2025-06-30T22:25:42.668172653Z,01JZ1F2TBXEZEKPK7X854K54D8,2025-06-30T22:25:42.668172653Z,01JZ1F45CJV6T7PXKVK8XJ2DRQ,2025-06-30T22:25:42.668172653Z,01JZ1F45R9HH8P3JRQ4GT28897,2025-06-30T22:25:42.668172653Z
01JZ17QJTGSXRF9DQG0MKMFDP4,01JZ170DPRHYGRH6M74WMGZ8J5,2025-06-30T20:16:22.352378399Z,01JZ170DRSFZ9Y16965WN1Z2F9,2025-06-30T20:16:22.352378399Z,01JZ17ACVQQE42SB51P5M3A1GH,2025-06-30T20:16:22.352378399Z,01JZ17G70TM6EWY78GFBKAH2E9,2025-06-30T20:16:22.352378399Z,01JZ17G72TBMVDY3HE0ARP6X8X,2025-06-30T20:16:22.352378399Z
01JZ17SYC6G2GRXAB9E1BDZ36W,01JZ170DPRHYGRH6M74WMGZ8J5,2025-06-30T20:17:39.718136947Z,01JZ170DSTXK5Z1DV671606E6A,2025-06-30T20:17:39.718136947Z,01JZ17DP10NW99AE12W6233E2P,2025-06-30T20:17:39.718136947Z,01JZ17J85RY443EPKC8WCTQNMR,2025-06-30T20:17:39.718136947Z,01JZ17J88A8VP8RMGE8BSKN4H6,2025-06-30T20:17:39.718136947Z
01JZ17Y30V719Q45DS5R7JFVRS,01JZ170DPRHYGRH6M74WMGZ8J5,2025-06-30T20:19:55.547360323Z,01JZ170DRV33K8D9D9ZMQKAW2D,2025-06-30T20:19:55.547360323Z,01JZ17A4X6KDHXD87KVKY87426,2025-06-30T20:19:55.547360323Z,01JZ17PPJ2YWZWK15QBYRMGXYC,2025-06-30T20:19:55.547360323Z,01JZ17PPMHDK98DK1177D9WR7E,2025-06-30T20:19:55.547360323Z
01JZ1916QQRE6B05Q6N61B346J,01JZ18G4TN4FH7205KTQTFE7PM,2025-06-30T20:39:06.231493992Z,01JZ18G4XMK5QHE5YNTR43VZ9V,2025-06-30T20:39:06.231493992Z,01JZ18KPPCTRWET1CSH1Z4W2C4,2025-06-30T20:39:06.231493992Z,01JZ18RP9ZDBJKMBBTW600ZPPV,2025-06-30T20:39:06.231493992Z,01JZ18RPH48SR6A7PG262SRVBN,2025-06-30T20:39:06.231493992Z
01JZ1BQPA3WG5X3VSJ6JNW4VYE,01JZ1B1VZ9TM9N3252XVVAH9DZ,2025-06-30T21:26:20.227109422Z,01JZ1B1W46BH5YH0XYSE8KJRBK,2025-06-30T21:26:20.227109422Z,01JZ1ANK2PZ7NTFNFMNB753RPA,2025-06-30T21:26:20.227109422Z,01JZ1BJ1ABMADNQ2K1TJQ9ED7W,2025-06-30T21:26:20.227109422Z,01JZ1BJ1N02TYSZ0KSC4W9PQ8X,2025-06-30T21:26:20.227109422Z
01JZ1GR2E5P68RDEA2YSMX674W,01JZ1G29Q82GQAKEXSK2E7NK3R,2025-06-30T22:53:55.525665349Z,01JZ1G2A24PAZYJHH2EQFGJG7N,2025-06-30T22:53:55.525665349Z,01JZ1G82YG8RECYV7TAMBGD9YX,2025-06-30T22:53:55.525665349Z,01JZ1GG47F5D37BWGM2YWNPGR3,2025-06-30T22:53:55.525665349Z,01JZ1GG4SBK5ZCAAK4TEE3N3YA,2025-06-30T22:53:55.525665349Z
01JZ1DSZ45269JG0TM4R4F7F88,01JZ1D0RX94M7HHBAJDNGV8QRS,2025-06-30T22:02:31.941927422Z,01JZ1D0S61XK8FZCNQBM2ZAEE6,2025-06-30T22:02:31.941927422Z,01JZ1DFSBSFTDKE17JSS0VZPAS,2025-06-30T22:02:31.941927422Z,01JZ1DHGBSZZHKEP5QJKJSKXHE,2025-06-30T22:02:31.941927422Z,01JZ1DHH68B7BQZNES97N8QZZF,2025-06-30T22:02:31.941927422Z
01JZ17NQZ9WYG92F6JDWC3W6YY,01JZ170DPRHYGRH6M74WMGZ8J5,2025-06-30T20:15:22.089602452Z,01JZ170DRSFZ9Y16965WN1Z2F9,2025-06-30T20:15:22.089602452Z,01JZ17C7XWANHTDKEBR013EKFH,2025-06-30T20:15:22.089602452Z,01JZ17G70WMTCCVM6PEEY7RHRW,2025-06-30T20:15:22.089602452Z,01JZ17G7298RBRVJCBJC8BZ1T6,2025-06-30T20:15:22.089602452Z
01JZ17YQ15DYT3YR482PPBQS9J,01JZ170DPRHYGRH6M74WMGZ8J5,2025-06-30T20:20:16.037395211Z,01JZ170DS5DJKXJ3Z7YVJKJJXK,2025-06-30T20:20:16.037395211Z,01JZ17ETMDVKMB5DEN58FYX8NM,2025-06-30T20:20:16.037395211Z,01JZ17QA59QV908YAV00Z9M88J,2025-06-30T20:20:16.037395211Z,01JZ17QA8Z5AQT5PQN1RAFMA1B,2025-06-30T20:20:16.037395211Z
01JZ18029K19W5QXY284F4XN1H,01JZ170DPRHYGRH6M74WMGZ8J5,2025-06-30T20:21:00.339926252Z,01JZ170DRQN15452AYS561M232,2025-06-30T20:21:00.339926252Z,01JZ17R3E57YY9H2V5S1G4XMBW,2025-06-30T20:21:00.339926252Z,01JZ17RBDPNRWH0MV3S1S7KRVT,2025-06-30T20:21:00.339926252Z,01JZ17RBJ8YKE7YSK6WC1TVK90,2025-06-30T20:21:00.339926252Z
01JZ19199PRVR2RR5JJJZ5VPDY,01JZ18G4TN4FH7205KTQTFE7PM,2025-06-30T20:39:08.854526454Z,01JZ18G4WPK6V9JKZAVKNYS3NB,2025-06-30T20:39:08.854526454Z,01JZ18N0WE2W63AJ0S8AMFR80C,2025-06-30T20:39:08.854526454Z,01JZ18RR9VM7GJWMP15BXNKK3H,2025-06-30T20:39:08.854526454Z,01JZ18RRKZFVZS57TSPFRFWCEZ,2025-06-30T20:39:08.854526454Z
01JZ1AB6CXBPW4NFWTXJD7XPEP,01JZ19VEXCKVX740B60X4W6PQN,2025-06-30T21:02:02.141435364Z,01JZ19VF1X4TGM9HTAVFF08YB3,2025-06-30T21:02:02.141435364Z,01JZ19Y0A6E9M84HP9ZX2DCFTC,2025-06-30T21:02:02.141435364Z,01JZ1A31WDRRSK5Y1X8M50HPSG,2025-06-30T21:02:02.141435364Z,01JZ1A32ATTJW1NBJE1TC6A95V,2025-06-30T21:02:02.141435364Z
01JZ1AJJVV0YBB70QPQNA9FE3F,01JZ19VEXCKVX740B60X4W6PQN,2025-06-30T21:06:04.283822976Z,01JZ19VF81DTYMGWYB0TAJKDWY,2025-06-30T21:06:04.283822976Z,01JZ19Y0D04KSPZSGRXD2GWN5G,2025-06-30T21:06:04.283822976Z,01JZ1AABP7JRKCT0WVXFR6GX4V,2025-06-30T21:06:04.283822976Z,01JZ1AACFZW6WKT3QJPWF71GCR,2025-06-30T21:06:04.283822976Z
01JZ1CWJCF6M3NZ75Q5MRAW1AK,01JZ1C4XJFQQ45ZHGATAXVBX0J,2025-06-30T21:46:28.623914645Z,01JZ1C4XNE4VHGMR9JDZS6Y7F9,2025-06-30T21:46:28.623914645Z,01JZ1CEYEW4QC345QNCDR6C494,2025-06-30T21:46:28.623914645Z,01JZ1CM9QBAFQHGRA086T0Q56G,2025-06-30T21:46:28.623914645Z,01JZ1CMA99V1CAQCB71PYBWAZC,2025-06-30T21:46:28.623914645Z
01JZ1DT7T227489Z88A9QKAEFD,01JZ1D0RX94M7HHBAJDNGV8QRS,2025-06-30T22:02:40.834577116Z,01JZ1D0S4EMT97ECKQ06X1ZWAX,2025-06-30T22:02:40.834577116Z,01JZ1DCFS2MSEF81EKXGM05M99,2025-06-30T22:02:40.834577116Z,01JZ1DHWEXPB13DZQKK7395V00,2025-06-30T22:02:40.834577116Z,01JZ1DHX7MN96NAARX0SPBRZ8T,2025-06-30T22:02:40.834577116Z
01JZ1FA0718KFRQRF5W84CP3AB,01JZ1E916HBESJXS5SJ82BFZ21,2025-06-30T22:28:45.921728657Z,01JZ1E91SWVSXS6FK33QCMH9SP,2025-06-30T22:28:45.921728657Z,01JZ1EJSF3D74SJNMB9KEWHKK2,2025-06-30T22:28:45.921728657Z,01JZ1F45E1EEK0EVP02WHSXZM6,2025-06-30T22:28:45.921728657Z,01JZ1F45ZB3SD0HXV6WHWTKMTN,2025-06-30T22:28:45.921728657Z
01JZ1GHWG80YSHQKCZ8NH4DWBX,01JZ1G29Q82GQAKEXSK2E7NK3R,2025-06-30T22:50:32.840466747Z,01JZ1G2A3Q53QEYHDQX68WVVKH,2025-06-30T22:50:32.840466747Z,01JZ1G7Q5PBNYB0Y67X5QD4VST,2025-06-30T22:50:32.840466747Z,01JZ1GE1CN3AV1GMRSBHB6RFHY,2025-06-30T22:50:32.840466747Z,01JZ1GE1VW3W3YP6NDGQJ6R543,2025-06-30T22:50:32.840466747Z
01JZ17T8MWYRZC3Y4Z7ST9Z55A,01JZ170DPRHYGRH6M74WMGZ8J5,2025-06-30T20:17:50.236149054Z,01JZ170DSTXK5Z1DV671606E6A,2025-06-30T20:17:50.236149054Z,01JZ17BSA5GQ3JXNB68EA97BX0,2025-06-30T20:17:50.236149054Z,01JZ17J85SANMZWN2QB7PBGCW6,2025-06-30T20:17:50.236149054Z,01JZ17J88TCH8B6MR5EHSFK5FM,2025-06-30T20:17:50.236149054Z
01JZ1AGAKK9F26RSHKW1J22SZ8,01JZ19VEXCKVX740B60X4W6PQN,2025-06-30T21:04:50.291154561Z,01JZ19VF6XEW5FG377QGXCTRD1,2025-06-30T21:04:50.291154561Z,01JZ1A81RPET9TAZBW4YBB121E,2025-06-30T21:04:50.291154561Z,01JZ1ACG5AA6PRZ7WAEJWMNX2A,2025-06-30T21:04:50.291154561Z,01JZ1ACGDWN2V5ETG7YNKG0GX7,2025-06-30T21:04:50.291154561Z
01JZ1CDK7CYSDN25SRBPTNE1TC,01JZ1BX7WQMA45G0E33EEHJ3V9,2025-06-30T21:38:17.964591862Z,01JZ1BX81RJBYPGNM468STZ9YH,2025-06-30T21:38:17.964591862Z,01JZ1C7E8DJFPWRMGRQW39DWYT,2025-06-30T21:38:17.964591862Z,01JZ1C7YHP92FZYZDSW8SB4C2V,2025-06-30T21:38:17.964591862Z,01JZ1C7YWCWQEFT0C3SW222CHF,2025-06-30T21:38:17.964591862Z
01JZ1FA1DKHS1EJ7N6HMH7A5FS,01JZ1E916HBESJXS5SJ82BFZ21,2025-06-30T22:28:47.155139212Z,01JZ1E923XSJ5V9JGGJQR2CG7M,2025-06-30T22:28:47.155139212Z,01JZ1EF4VM7JABTTZNP94E67E7,2025-06-30T22:28:47.155139212Z,01JZ1F28T85SAXJTEPCXG1SEJH,2025-06-30T22:28:47.155139212Z,01JZ1F29DNBYK2NHNV6F1YJC5Q,2025-06-30T22:28:47.155139212Z
01JZ17JCRA09RE3QS3BHYQMQGY,01JZ170DPRHYGRH6M74WMGZ8J5,2025-06-30T20:13:32.298398723Z,01JZ170DSBT7R80F1BC6BFNZAP,2025-06-30T20:13:32.298398723Z,01JZ17898TMETDM923KMFF15WB,2025-06-30T20:13:32.298398723Z,01JZ17JC2RA6WXF9ZF2QJYR7ZN,2025-06-30T20:13:32.298398723Z,01JZ17JC3JVXWHSPJFMB90X3QA,2025-06-30T20:13:32.298398723Z
01JZ17P2EFM3MBBHXZGTHSW50K,01JZ170DPRHYGRH6M74WMGZ8J5,2025-06-30T20:15:32.815527328Z,01JZ170DRWH3Q5VEKFYTCWXCB9,2025-06-30T20:15:32.815527328Z,01JZ17E300K9YQ0KK94FSGZ5RV,2025-06-30T20:15:32.815527328Z,01JZ17M6426GB2CWYTAT7MS6CN,2025-06-30T20:15:32.815527328Z,01JZ17M6658HF5QGMZR9WJW7KS,2025-06-30T20:15:32.815527328Z
01JZ17W7EWEAMMQPAW8TZVWNEV,01JZ170DPRHYGRH6M74WMGZ8J5,2025-06-30T20:18:54.556384938Z,01JZ170DRWH3Q5VEKFYTCWXCB9,2025-06-30T20:18:54.556384938Z,01JZ17E300K9YQ0KK94FSGZ5RV,2025-06-30T20:18:54.556384938Z,01JZ17M62ZA7FM5T6J9Q36KCK0,2025-06-30T20:18:54.556384938Z,01JZ17M69J8QH8JA1SA520E31R,2025-06-30T20:18:54.556384938Z
01JZ18PNVRDGXPMC2WS1SYK4ZR,01JZ18G4TN4FH7205KTQTFE7PM,2025-06-30T20:33:21.272447871Z,01JZ18G4Y1ABZPJ815NAWEN19T,2025-06-30T20:33:21.272447871Z,01JZ18JTT4THQJ9FYDDES7JX1C,2025-06-30T20:33:21.272447871Z,01JZ18PME7D8TXGQRQ2CGSH14P,2025-06-30T20:33:21.272447871Z,01JZ18PMH0R8Q1MAXWAZFJQ0BE,2025-06-30T20:33:21.272447871Z
01JZ1BVBMN9BF1EF6YJKFJFS48,01JZ1B1VZ9TM9N3252XVVAH9DZ,2025-06-30T21:28:20.373215597Z,01JZ1B1W5TAZ0C76DBH0ZAEY5X,2025-06-30T21:28:20.373215597Z,01JZ1B3Y49GJFDA022ZKPSHE7M,2025-06-30T21:28:20.373215597Z,01JZ1BNNFF9MV2BR5CAE8TGEYC,2025-06-30T21:28:20.373215597Z,01JZ1BNP5PBKXV8ESFM96T5G4E,2025-06-30T21:28:20.373215597Z
01JZ1DFA3EVEZ299V5HRZE37Q6,01JZ1D0RX94M7HHBAJDNGV8QRS,2025-06-30T21:56:42.734922244Z,01JZ1D0S2S8SEBXETFQJSTGM5V,2025-06-30T21:56:42.734922244Z,01JZ1D4W11PS06G8TDSZKJ39RF,2025-06-30T21:56:42.734922244Z,01JZ1D77ZGJGAA1PN0Y98H9Q1P,2025-06-30T21:56:42.734922244Z,01JZ1D79012KXWK2MJ34BE990V,2025-06-30T21:56:42.734922244Z
01JZ1F0F58EJ7G1YBZY7A5ZFG6,01JZ1E916HBESJXS5SJ82BFZ21,2025-06-30T22:23:33.544635Z,01JZ1E91HHYKGR583PHV4V6JXR,2025-06-30T22:23:33.544635Z,01JZ1EQAMF1CPBT3C20MBYJDP4,2025-06-30T22:23:33.544635Z,01JZ1ERV9TFSNXH7AMBAPNGSYN,2025-06-30T22:23:33.544635Z,01JZ1ERVRBV4K0N4SM177J3NR5,2025-06-30T22:23:33.544635Z
01JZ17YDJH3APGRFCEV18GNRAH,01JZ170DPRHYGRH6M74WMGZ8J5,2025-06-30T20:20:06.354022764Z,01JZ170DRV33K8D9D9ZMQKAW2D,2025-06-30T20:20:06.354022764Z,01JZ179XMYFK94EADRMMB2K8HQ,2025-06-30T20:20:06.354022764Z,01JZ17PPHXYGVWTQWQ3EC28RK2,2025-06-30T20:20:06.354022764Z,01JZ17PPN70GGETHBSX3JG0VWX,2025-06-30T20:20:06.354022764Z
01JZ197YXDV7DDQ7SMZA45D3NK,01JZ18R9CHSHJ2BAJZ4M4PAW2X,2025-06-30T20:42:47.597708819Z,01JZ18RA3DBE17YR6D8FEXRWFY,2025-06-30T20:42:47.597708819Z,01JZ18V7AEVH5VMDMYVZ6HXGK5,2025-06-30T20:42:47.597708819Z,01JZ197VZ0Q6DEGD42E0811129,2025-06-30T20:42:47.597708819Z,01JZ197W3QRNRR8DKX46RB029D,2025-06-30T20:42:47.597708819Z
01JZ1DJHEPHFSM7T5VVX7JCBY9,01JZ1D0RX94M7HHBAJDNGV8QRS,2025-06-30T21:58:28.566685539Z,01JZ1D0S3N2D9DCG3EHS8AP4R1,2025-06-30T21:58:28.566685539Z,01JZ1D7D81NBZRDY8M09FZNXH6,2025-06-30T21:58:28.566685539Z,01JZ1DJBC9HNDPFTVHPRJH9HNY,2025-06-30T21:58:28.566685539Z,01JZ1DJBMS2VR0TYP78NWK9H4R,2025-06-30T21:58:28.566685539Z
01JZ1F17E1HWW0KTB3QWVD4913,01JZ1E916HBESJXS5SJ82BFZ21,2025-06-30T22:23:58.401423966Z,01JZ1E91Z6K0ZJGCC53Q4JQWJP,2025-06-30T22:23:58.401423966Z,01JZ1ET7E30G59HX0XYHAKGDD0,2025-06-30T22:23:58.401423966Z,01JZ1EXBWE57CVQYV0Q5D3TA2S,2025-06-30T22:23:58.401423966Z,01JZ1EXC8JVAR27FH399TBW46Y,2025-06-30T22:23:58.401423966Z
01JZ1GNMMNNDY6M2W79FMYT4NH,01JZ1G29Q82GQAKEXSK2E7NK3R,2025-06-30T22:52:35.86152994Z,01JZ1G2A9825Q9R0AFVXQNTR63,2025-06-30T22:52:35.86152994Z,01JZ1G9AHDKJRVSD4NGC2SYHDN,2025-06-30T22:52:35.86152994Z,01JZ1GKM3A5ATBGFJSYTP1DWZY,2025-06-30T22:52:35.86152994Z,01JZ1GKMDWZ4YEJS5RRPMES3KN,2025-06-30T22:52:35.86152994Z
01JZ1CFF592RVP4VJP89HMNXXW,01JZ1BX7WQMA45G0E33EEHJ3V9,2025-06-30T21:39:19.337678085Z,01JZ1BX81RJBYPGNM468STZ9YH,2025-06-30T21:39:19.337678085Z,01JZ1C1P9WXAKXCBQ2MNEBPRTC,2025-06-30T21:39:19.337678085Z,01JZ1C7YJM4B7G9NZX8J1CMGGG,2025-06-30T21:39:19.337678085Z,01JZ1C7YZ45PK7MZDD3DKXEF5R,2025-06-30T21:39:19.337678085Z
01JZ17G5JZJG5WS8TJJGBFVVYC,01JZ170DPRHYGRH6M74WMGZ8J5,2025-06-30T20:12:19.423519089Z,01JZ170DRRRWN613C5WJQ8B5Q6,2025-06-30T20:12:19.423519089Z,01JZ179PSK7PR9GXW3K753Z7EA,2025-06-30T20:12:19.423519089Z,01JZ17G526V3QE34K6X6V2S8DM,2025-06-30T20:12:19.423519089Z,01JZ17G5356YF5HQZXE4JNKE6Q,2025-06-30T20:12:19.423519089Z
01JZ17Q6PDDRYRHXFR59MR35A3,01JZ170DPRHYGRH6M74WMGZ8J5,2025-06-30T20:16:09.933949311Z,01JZ170DSWJ6311N72HPSQWG9K,2025-06-30T20:16:09.933949311Z,01JZ17BEMM8D7MEKMFQ0MBS3DE,2025-06-30T20:16:09.933949311Z,01JZ17KG534VMGAN6DZ77QN8H5,2025-06-30T20:16:09.933949311Z,01JZ17KG7QBR7SW7H41DV67CFK,2025-06-30T20:16:09.933949311Z
01JZ17VBEZV4Q1A75HBEHZHSK6,01JZ170DPRHYGRH6M74WMGZ8J5,2025-06-30T20:18:25.88710377Z,01JZ170DS0283SZNEN95XAWWS4,2025-06-30T20:18:25.88710377Z,01JZ17G9ZFDP0QC4ASAB62EXYP,2025-06-30T20:18:25.88710377Z,01JZ17NT7VKFDEH0WZ6ZY88ZPG,2025-06-30T20:18:25.88710377Z,01JZ17NTA2X67VBRWPPAXKVKJM,2025-06-30T20:18:25.88710377Z
01JZ17X4YXM4P2QNCKS70ZXEZF,01JZ170DPRHYGRH6M74WMGZ8J5,2025-06-30T20:19:24.765075844Z,01JZ170DSXXMDA003X79NFA4N0,2025-06-30T20:19:24.765075844Z,01JZ17C3PTEK9PXA5GJSYCCP5W,2025-06-30T20:19:24.765075844Z,01JZ17NRRR088W52FGBGCTETBE,2025-06-30T20:19:24.765075844Z,01JZ17NRWDQHY67B4DFPVPMKXW,2025-06-30T20:19:24.765075844Z
01JZ17ZBQE1VX4ACXY2M1MVDQ2,01JZ170DPRHYGRH6M74WMGZ8J5,2025-06-30T20:20:37.230538194Z,01JZ170DS5DJKXJ3Z7YVJKJJXK,2025-06-30T20:20:37.230538194Z,01JZ178QE8FT7YCFAWRXFD895X,2025-06-30T20:20:37.230538194Z,01JZ17QA5164E7ECZ7F8E2886X,2025-06-30T20:20:37.230538194Z,01JZ17QAAJ9B1W0VFAH61RSG1K,2025-06-30T20:20:37.230538194Z
01JZ18WEBX196ZBDCF29P8G5VT,01JZ18G4TN4FH7205KTQTFE7PM,2025-06-30T20:36:30.205953249Z,01JZ18G4XMK5QHE5YNTR43VZ9V,2025-06-30T20:36:30.205953249Z,01JZ18JYQDFDP4EVNZQ3HF507K,2025-06-30T20:36:30.205953249Z,01JZ18RP89JC5KMWSQF397VP76,2025-06-30T20:36:30.205953249Z,01JZ18RPCTA0P6N5KSHMR7ZB7G,2025-06-30T20:36:30.205953249Z
01JZ1BXFAY7043CPYYGJRZSJJH,01JZ1B1VZ9TM9N3252XVVAH9DZ,2025-06-30T21:29:29.694133565Z,01JZ1B1W4RP0VXDDKCJTNKM3AX,2025-06-30T21:29:29.694133565Z,01JZ1BJRR128B2311DSMJCH15V,2025-06-30T21:29:29.694133565Z,01JZ1BNYAAW7XNTC5PXF53BARA,2025-06-30T21:29:29.694133565Z,01JZ1BNYP3JXAKJ010P72BJYG8,2025-06-30T21:29:29.694133565Z
01JZ1H4DMXS2GJGKKT0SEM6YHR,01JZ1G29Q82GQAKEXSK2E7NK3R,2025-06-30T23:00:40.221749458Z,01JZ1G2AATTMJJ07WA2JZ9MF1K,2025-06-30T23:00:40.221749458Z,01JZ1GP55F36DXJQDEYTGWZ556,2025-06-30T23:00:40.221749458Z,01JZ1GWNHK6SQXS7ZHPFFWHGZD,2025-06-30T23:00:40.221749458Z,01JZ1GWPER868XYRC29QEG2HQ8,2025-06-30T23:00:40.221749458Z
01JZ17R55F53E83DA8GXBTBV6N,01JZ170DPRHYGRH6M74WMGZ8J5,2025-06-30T20:16:41.135522247Z,01JZ170DRRRWN613C5WJQ8B5Q6,2025-06-30T20:16:41.135522247Z,01JZ1783Y320G4QQ1JCVQAE220,2025-06-30T20:16:41.135522247Z,01JZ17G52NG4XN5R9RR9776YQX,2025-06-30T20:16:41.135522247Z,01JZ17G55KZ0S4MQ7YJY2CACYH,2025-06-30T20:16:41.135522247Z
01JZ18Y97M02A80GCEJRQ6CKF2,01JZ18G4TN4FH7205KTQTFE7PM,2025-06-30T20:37:30.484683924Z,01JZ18G4XMK5QHE5YNTR43VZ9V,2025-06-30T20:37:30.484683924Z,01JZ18NBPDW8GJCMK3V0N2AHJY,2025-06-30T20:37:30.484683924Z,01JZ18RP89JC5KMWSQF397VP76,2025-06-30T20:37:30.484683924Z,01JZ18RPD577QZPR0KNDE9TH8W,2025-06-30T20:37:30.484683924Z
01JZ1BY4T27Z5TMXKTRNAEVS15,01JZ1B1VZ9TM9N3252XVVAH9DZ,2025-06-30T21:29:51.682526009Z,01JZ1B1W4RP0VXDDKCJTNKM3AX,2025-06-30T21:29:51.682526009Z,01JZ1B80W46R4JBTV3ZZ1YXW46,2025-06-30T21:29:51.682526009Z,01JZ1BNYAYY2K6CJZRYSXBEGH5,2025-06-30T21:29:51.682526009Z,01JZ1BNYWC468MPKMH5JETRX7A,2025-06-30T21:29:51.682526009Z
01JZ1F1R967GQVJFCW4EDVRKSE,01JZ1E916HBESJXS5SJ82BFZ21,2025-06-30T22:24:15.654993585Z,01JZ1E926BWK6TV1HDSC3ZQW4Y,2025-06-30T22:24:15.654993585Z,01JZ1EARCRST2HDXDY98Q0AYJ8,2025-06-30T22:24:15.654993585Z,01JZ1EST9KR55851P7X2GXT01Q,2025-06-30T22:24:15.654993585Z,01JZ1ESTVASPP16CF2P3C553VA,2025-06-30T22:24:15.654993585Z
01JZ17M3J3YBWH3QSSH1AMATX4,01JZ170DPRHYGRH6M74WMGZ8J5,2025-06-30T20:14:28.419790129Z,01JZ170DSTXK5Z1DV671606E6A,2025-06-30T20:14:28.419790129Z,01JZ17BSA5GQ3JXNB68EA97BX0,2025-06-30T20:14:28.419790129Z,01JZ17J85FH6ZCHDJEZZH3F672,2025-06-30T20:14:28.419790129Z,01JZ17J86TXJX9E283DBPBWRXS,2025-06-30T20:14:28.419790129Z
01JZ18YB25J32BX8VVQDMWMQG0,01JZ18G4TN4FH7205KTQTFE7PM,2025-06-30T20:37:32.35710332Z,01JZ18G4WPK6V9JKZAVKNYS3NB,2025-06-30T20:37:32.35710332Z,01JZ18JMHXTQBMPEHHS7NP2031,2025-06-30T20:37:32.35710332Z,01JZ18RRB5PTFQB2DKPHTKH4V3,2025-06-30T20:37:32.35710332Z,01JZ18RRFGDWF4KT9QERXDYSGG,2025-06-30T20:37:32.35710332Z
01JZ18ZRKEJ6WYM5PRHK5VBPWZ,01JZ18G4TN4FH7205KTQTFE7PM,2025-06-30T20:38:18.990063166Z,01JZ18G4YK3PSP6R2PNWBA4P8S,2025-06-30T20:38:18.990063166Z,01JZ18JABGMJD5Y1TTH0BJFJ2C,2025-06-30T20:38:18.990063166Z,01JZ18QWAK96HX887YH26X2DYC,2025-06-30T20:38:18.990063166Z,01JZ18QWHXP6KRJF2Q2G362FXG,2025-06-30T20:38:18.990063166Z
01JZ191DQT96VF9N5DWCZCPQR2,01JZ18G4TN4FH7205KTQTFE7PM,2025-06-30T20:39:13.402460022Z,01JZ18G508W9SSEDAT6B79GZND,2025-06-30T20:39:13.402460022Z,01JZ18JE7QR9RF8E7B9MDMMGE2,2025-06-30T20:39:13.402460022Z,01JZ18STGY49XDG4HG71EG50TV,2025-06-30T20:39:13.402460022Z,01JZ18STZBD4RY1B2XM7NFCSF9,2025-06-30T20:39:13.402460022Z
01JZ1AM1DY420BHV0EC503MQZW,01JZ19VEXCKVX740B60X4W6PQN,2025-06-30T21:06:51.966341191Z,01JZ19VF6XEW5FG377QGXCTRD1,2025-06-30T21:06:51.966341191Z,01JZ1A9RXDVME7RYXTWFBGWCFN,2025-06-30T21:06:51.966341191Z,01JZ1ACG7RFGJPNSR51K4JAEZ8,2025-06-30T21:06:51.966341191Z,01JZ1ACGG67SPZ8AY8TH5DZ6XK,2025-06-30T21:06:51.966341191Z
01JZ1BVKNXK6CEXCE6J1X9XDXQ,01JZ1B1VZ9TM9N3252XVVAH9DZ,2025-06-30T21:28:28.605575698Z,01JZ1B1W4RP0VXDDKCJTNKM3AX,2025-06-30T21:28:28.605575698Z,01JZ1B44NJ2M66S6K1HNVCZ08H,2025-06-30T21:28:28.605575698Z,01JZ1BNY8P6J7MV2A9X36WMPD0,2025-06-30T21:28:28.605575698Z,01JZ1BNYKMVTP1B0A6AZBFNG64,2025-06-30T21:28:28.605575698Z
01JZ1EYV86WQ3C8T6DD1CWXXW3,01JZ1E916HBESJXS5SJ82BFZ21,2025-06-30T22:22:40.390833832Z,01JZ1E91MDHZVF6NVBEDDVGZWT,2025-06-30T22:22:40.390833832Z,01JZ1EARG6K6VN1DMMBQHNE2WC,2025-06-30T22:22:40.390833832Z,01JZ1EWVQ3C0P2AKJ3GFKFG7H9,2025-06-30T22:22:40.390833832Z,01JZ1EWVW3TYWE8D4G43DBZQ54,2025-06-30T22:22:40.390833832Z
01JZ18ZHGG0456CQGK09N4ETW6,01JZ18G4TN4FH7205KTQTFE7PM,2025-06-30T20:38:11.728515748Z,01JZ18G508W9SSEDAT6B79GZND,2025-06-30T20:38:11.728515748Z,01JZ18JN66MX5CA0E4FYBV08Y2,2025-06-30T20:38:11.728515748Z,01JZ18STHY2VTQFD4CXMK2KF14,2025-06-30T20:38:11.728515748Z,01JZ18STTVZBKCJ3FNRVH9WG4T,2025-06-30T20:38:11.728515748Z
01JZ190WJ5MKPKH48PG79G006H,01JZ18G4TN4FH7205KTQTFE7PM,2025-06-30T20:38:55.813414594Z,01JZ18G4Z7SR18DC8PDBR22HS5,2025-06-30T20:38:55.813414594Z,01JZ18HPXJ4G52DBV1JHKTXZPH,2025-06-30T20:38:55.813414594Z,01JZ18S8WHVH4M4KJ49MQHRMWQ,2025-06-30T20:38:55.813414594Z,01JZ18S936CMXW4V0EAQ0AP209,2025-06-30T20:38:55.813414594Z
01JZ1AG0M0NQCNJ4W7S1B5BHWX,01JZ19VEXCKVX740B60X4W6PQN,2025-06-30T21:04:40.064214686Z,01JZ19VF81DTYMGWYB0TAJKDWY,2025-06-30T21:04:40.064214686Z,01JZ19XTEVTQG67NAP9C737569,2025-06-30T21:04:40.064214686Z,01JZ1AABK962FFJZTPD33N3VKP,2025-06-30T21:04:40.064214686Z,01JZ1AAC1W6795X0XGH3C3PFHB,2025-06-30T21:04:40.064214686Z
01JZ1AV53VTGEN1BFWB2VC90P8,01JZ19VEXCKVX740B60X4W6PQN,2025-06-30T21:10:45.115172941Z,01JZ19VF4XXDC5SP97SM18G8VM,2025-06-30T21:10:45.115172941Z,01JZ1AHC0761QMCW1DPTW1G44R,2025-06-30T21:10:45.115172941Z,01JZ1AQBFWFCVDGCRFV7SS6AMN,2025-06-30T21:10:45.115172941Z,01JZ1AQBPT99514H9J1254W4H1,2025-06-30T21:10:45.115172941Z
01JZ1DQQ8RAFEYRVTXCYNZ14VV,01JZ1D0RX94M7HHBAJDNGV8QRS,2025-06-30T22:01:18.36104343Z,01JZ1D0S064NT759Q480WCA8PK,2025-06-30T22:01:18.36104343Z,01JZ1DCDN091GX33H1NPEY9NA8,2025-06-30T22:01:18.36104343Z,01JZ1DFXV9T1EVC6HZV4AB9RYD,2025-06-30T22:01:18.36104343Z,01JZ1DFYY3YCK7AD9N3RJDSMKB,2025-06-30T22:01:18.36104343Z
01JZ1AJZRQVQG925FAXF7CB8TZ,01JZ19VEXCKVX740B60X4W6PQN,2025-06-30T21:06:17.495479831Z,01JZ19VF5YA4VZJRJDVJVY1XBY,2025-06-30T21:06:17.495479831Z,01JZ1A4C7ZG2R9MAMN2NVT495T,2025-06-30T21:06:17.495479831Z,01JZ1AAQZXK1M56S8S8ENY419V,2025-06-30T21:06:17.495479831Z,01JZ1AARD88DNEW14DF6ANYY86,2025-06-30T21:06:17.495479831Z
01JZ1GWXQDM9B9JZ1QPCZNN1VH,01JZ1G29Q82GQAKEXSK2E7NK3R,2025-06-30T22:56:34.541853327Z,01JZ1G29XRNS92G9JYEX4H033M,2025-06-30T22:56:34.541853327Z,01JZ1G6RSPQGYECJMX7N6G6VY8,2025-06-30T22:56:34.541853327Z,01JZ1GM6FVX8G2G466W7T4K4VT,2025-06-30T22:56:34.541853327Z,01JZ1GM77Q88VCQ038VBXFS21Y,2025-06-30T22:56:34.541853327Z
01JZ17JXW4V73TGKAQQD0HTXH3,01JZ170DPRHYGRH6M74WMGZ8J5,2025-06-30T20:13:49.828439467Z,01JZ170DRXVGFVP20P8DK3M491,2025-06-30T20:13:49.828439467Z,01JZ17B2PHRTHG9KZ1P8A1158Q,2025-06-30T20:13:49.828439467Z,01JZ17H2JKQXYPBGV7RRHN6ECY,2025-06-30T20:13:49.828439467Z,01JZ17H2KX573H20YKHGZSB3KY,2025-06-30T20:13:49.828439467Z
01JZ1BXWMA9VN1AKRCPMPY7RQC,01JZ1B1VZ9TM9N3252XVVAH9DZ,2025-06-30T21:29:43.306864691Z,01JZ1B1W5TAZ0C76DBH0ZAEY5X,2025-06-30T21:29:43.306864691Z,01JZ1B4W32576VKF9GY80WC648,2025-06-30T21:29:43.306864691Z,01JZ1BNNMV2BR05NWSF4VH5Q39,2025-06-30T21:29:43.306864691Z,01JZ1BNPPSW8TS84E619NWBAV9,2025-06-30T21:29:43.306864691Z
01JZ1DR55YXD66KHPKR29Y3K0G,01JZ1D0RX94M7HHBAJDNGV8QRS,2025-06-30T22:01:32.606660477Z,01JZ1D0S3N2D9DCG3EHS8AP4R1,2025-06-30T22:01:32.606660477Z,01JZ1D49JVTEEYC1V6ZNF5Y9RQ,2025-06-30T22:01:32.606660477Z,01JZ1DJBF7R7NJ28KS5SRS1EHV,2025-06-30T22:01:32.606660477Z,01JZ1DJBVG82SYECZXJC6RC5W1,2025-06-30T22:01:32.606660477Z
01JZ1H4RW0SNY3H0JK6JDBE7SJ,01JZ1G29Q82GQAKEXSK2E7NK3R,2025-06-30T23:00:51.712453425Z,01JZ1G2AATTMJJ07WA2JZ9MF1K,2025-06-30T23:00:51.712453425Z,01JZ1GPSZ98FX0GSJ1PJWWQANW,2025-06-30T23:00:51.712453425Z,01JZ1GWNK8HR62RH8YCT5E8YRY,2025-06-30T23:00:51.712453425Z,01JZ1GWPKTD5JEXNEERZZN8R9M,2025-06-30T23:00:51.712453425Z
01JZ1DT1S15JYD0ER16M7PZBDZ,01JZ1D0RX94M7HHBAJDNGV8QRS,2025-06-30T22:02:34.657667904Z,01JZ1D0S3N2D9DCG3EHS8AP4R1,2025-06-30T22:02:34.657667904Z,01JZ1DEB7GHZ5ZQY0VZXEDKFR1,2025-06-30T22:02:34.657667904Z,01JZ1DJBDTNACWNJN067YDS3Z6,2025-06-30T22:02:34.657667904Z,01JZ1DJC2K5HVPGJ5FWZMFHM1X,2025-06-30T22:02:34.657667904Z
01JZ17KH1GWK1BW4PFF4MEYXCE,01JZ170DPRHYGRH6M74WMGZ8J5,2025-06-30T20:14:09.456316781Z,01JZ170DSWJ6311N72HPSQWG9K,2025-06-30T20:14:09.456316781Z,01JZ178W441J2YAZ2W6GRZFTRA,2025-06-30T20:14:09.456316781Z,01JZ17KG5B6EC4G1KASHS52HR2,2025-06-30T20:14:09.456316781Z,01JZ17KG69JDSJMYJ0G4QW97X0,2025-06-30T20:14:09.456316781Z
01JZ17QV3A2MASCZFHMG50A03A,01JZ170DPRHYGRH6M74WMGZ8J5,2025-06-30T20:16:30.826655112Z,01JZ170DRRRWN613C5WJQ8B5Q6,2025-06-30T20:16:30.826655112Z,01JZ1783Y320G4QQ1JCVQAE220,2025-06-30T20:16:30.826655112Z,01JZ17G52FMVNG3XMRM1S9BWKE,2025-06-30T20:16:30.826655112Z,01JZ17G552VBGTK7H80K0T26PQ,2025-06-30T20:16:30.826655112Z
01JZ17SF74K259DDJ1VR8B05WK,01JZ170DPRHYGRH6M74WMGZ8J5,2025-06-30T20:17:24.196893453Z,01JZ170DSXXMDA003X79NFA4N0,2025-06-30T20:17:24.196893453Z,01JZ17CZMJ8ZJDC1BKFXHNXYR1,2025-06-30T20:17:24.196893453Z,01JZ17NRSETRAHA86XGKD3ZGNV,2025-06-30T20:17:24.196893453Z,01JZ17NRV2ZDNVW5Z7WBNTSDV4,2025-06-30T20:17:24.196893453Z
01JZ18QE6C1S830GX0KQNQ3YRB,01JZ18G4TN4FH7205KTQTFE7PM,2025-06-30T20:33:46.188606649Z,01JZ18G4YTQTSXFW2X0Y80VGVG,2025-06-30T20:33:46.188606649Z,01JZ18KWMFEA26MWC1Z40F2JWN,2025-06-30T20:33:46.188606649Z,01JZ18QCHCWKPJPF2G32EQXDDJ,2025-06-30T20:33:46.188606649Z,01JZ18QCM1A9TSZHS1EGBH1NVK,2025-06-30T20:33:46.188606649Z
01JZ18X1F1VCTRW6T3XX3RXNJC,01JZ18G4TN4FH7205KTQTFE7PM,2025-06-30T20:36:49.761398895Z,01JZ18G4Z7SR18DC8PDBR22HS5,2025-06-30T20:36:49.761398895Z,01JZ18KKD45G2Z51GTDYMFBGF8,2025-06-30T20:36:49.761398895Z,01JZ18S8W382ZTX14ED28QZWFS,2025-06-30T20:36:49.761398895Z,01JZ18S90TARGHQXS9MX81EXBS,2025-06-30T20:36:49.761398895Z
01JZ1A8W5NNR04DTAK5RZFJDKP,01JZ19VEXCKVX740B60X4W6PQN,2025-06-30T21:00:46.133387889Z,01JZ19VF9WCS5BMDRCPXZK6ZBF,2025-06-30T21:00:46.133387889Z,01JZ19Y0QS6ZDMVQR73DRR23RB,2025-06-30T21:00:46.133387889Z,01JZ1A8RR2GDW6GS56QAP6TW67,2025-06-30T21:00:46.133387889Z,01JZ1A8RV787P63EBKYZCXAXA1,2025-06-30T21:00:46.133387889Z
01JZ1DB6APZPDN81JB46DNCJDN,01JZ1D0RX94M7HHBAJDNGV8QRS,2025-06-30T21:54:27.798064089Z,01JZ1D0S58CJJ0G6BA8AW8ZVCS,2025-06-30T21:54:27.798064089Z,01JZ1D2JACBKKH4S9P6DT2Z2QZ,2025-06-30T21:54:27.798064089Z,01JZ1D972VTRZHGE4AKVG9RETY,2025-06-30T21:54:27.798064089Z,01JZ1D97B1ZB6BYB709AQNDGG4,2025-06-30T21:54:27.798064089Z
01JZ1GKS88YNWZQAVV2Q3MF531,01JZ1G29Q82GQAKEXSK2E7NK3R,2025-06-30T22:51:35.04903154Z,01JZ1G2A3Q53QEYHDQX68WVVKH,2025-06-30T22:51:35.04903154Z,01JZ1G3T5HF7S211AZP2YJBSVP,2025-06-30T22:51:35.04903154Z,01JZ1GE1CN3AV1GMRSBHB6RFHY,2025-06-30T22:51:35.04903154Z,01JZ1GE1XEEYNKXSGVV56S33WF,2025-06-30T22:51:35.04903154Z
01JZ1GVMY78P0EYK5MBVA3NTKA,01JZ1G29Q82GQAKEXSK2E7NK3R,2025-06-30T22:55:52.775749686Z,01JZ1G2A9825Q9R0AFVXQNTR63,2025-06-30T22:55:52.775749686Z,01JZ1G9AHDKJRVSD4NGC2SYHDN,2025-06-30T22:55:52.775749686Z,01JZ1GKM8S9MZ9Y3HXTH4K06P3,2025-06-30T22:55:52.775749686Z,01JZ1GKMPHJ66XSJ9RFTW6AVXV,2025-06-30T22:55:52.775749686Z
01JZ18Y51YMA0S6S5M5SX4SGCZ,01JZ18G4TN4FH7205KTQTFE7PM,2025-06-30T20:37:26.206080361Z,01JZ18G50G0GKPPCFSW2N0ZNW1,2025-06-30T20:37:26.206080361Z,01JZ18MW05S42NZ47MWBQC7P11,2025-06-30T20:37:26.206080361Z,01JZ18RHFZ729S1GE13DM98H8Z,2025-06-30T20:37:26.206080361Z,01JZ18RHME99WN31PV5VCD73RS,2025-06-30T20:37:26.206080361Z
01JZ1DKY901S2XT9BZ5TE512RD,01JZ1D0RX94M7HHBAJDNGV8QRS,2025-06-30T21:59:14.464479342Z,01JZ1D0S064NT759Q480WCA8PK,2025-06-30T21:59:14.464479342Z,01JZ1DEJMJQ3008TVKPGG206S9,2025-06-30T21:59:14.464479342Z,01JZ1DFXKSWPB74HF8RE7BCFY9,2025-06-30T21:59:14.464479342Z,01JZ1DFYMB3G6E7ZN239KK29E4,2025-06-30T21:59:14.464479342Z
01JZ1H4DEM36935Y9MBRBMG0JS,01JZ1G29Q82GQAKEXSK2E7NK3R,2025-06-30T23:00:40.020455119Z,01JZ1G2AATTMJJ07WA2JZ9MF1K,2025-06-30T23:00:40.020455119Z,01JZ1GRY7J5YBFT0P7ME9XRK58,2025-06-30T23:00:40.020455119Z,01JZ1GWNHK6SQXS7ZHPFFWHGZD,2025-06-30T23:00:40.020455119Z,01JZ1GWPER868XYRC29QEG2HQ8,2025-06-30T23:00:40.020455119Z
01JZ17NY821X7E9JSNZFNY3WC9,01JZ170DPRHYGRH6M74WMGZ8J5,2025-06-30T20:15:28.514718573Z,01JZ170DSTXK5Z1DV671606E6A,2025-06-30T20:15:28.514718573Z,01JZ17BSA5GQ3JXNB68EA97BX0,2025-06-30T20:15:28.514718573Z,01JZ17J85FH6ZCHDJEZZH3F672,2025-06-30T20:15:28.514718573Z,01JZ17J86YBS5SC5YYQWD3XJ54,2025-06-30T20:15:28.514718573Z
01JZ1BBAKNXS71PRGGZJV2VDMC,01JZ1B1VZ9TM9N3252XVVAH9DZ,2025-06-30T21:19:35.029862959Z,01JZ1B1W5AJ9N87HJBZ99HRQPJ,2025-06-30T21:19:35.029862959Z,01JZ1B33W2SNBC1YKZXCY0285E,2025-06-30T21:19:35.029862959Z,01JZ1BB7E1TXBMBFXFHSFEWTHS,2025-06-30T21:19:35.029862959Z,01JZ1BB7M9THBTCK7T3S9CZWFG,2025-06-30T21:19:35.029862959Z
01JZ1BNSY4J1MNQ44R1YCYQFAC,01JZ1B1VZ9TM9N3252XVVAH9DZ,2025-06-30T21:25:18.404538486Z,01JZ1B1W5TAZ0C76DBH0ZAEY5X,2025-06-30T21:25:18.404538486Z,01JZ1B42FGZXM24HBWN8AZM67K,2025-06-30T21:25:18.404538486Z,01JZ1BNNDP6X2S9Y1STMRSC69M,2025-06-30T21:25:18.404538486Z,01JZ1BNNYRTKB6F1D02GY8DW2Q,2025-06-30T21:25:18.404538486Z
01JZ1CG8WXGJ94AWVVY88P25AW,01JZ1BX7WQMA45G0E33EEHJ3V9,2025-06-30T21:39:45.693227992Z,01JZ1BX82RNFGPPA94NES9507T,2025-06-30T21:39:45.693227992Z,01JZ1C8ESVRXKY79BT9BNGMME4,2025-06-30T21:39:45.693227992Z,01JZ1CAKRPM2RTKQN4NF25GQNV,2025-06-30T21:39:45.693227992Z,01JZ1CAM2WSX5DXRMP0WWQ97YT,2025-06-30T21:39:45.693227992Z
01JZ1DM61GRX75BAR390TDA3H9,01JZ1D0RX94M7HHBAJDNGV8QRS,2025-06-30T21:59:22.416795605Z,01JZ1D0S14X3T6948SDJVF454K,2025-06-30T21:59:22.416795605Z,01JZ1D8RW634M5KPJ3DDHQYDRD,2025-06-30T21:59:22.416795605Z,01JZ1DCMPT24SY5ZG1DM3G6TK4,2025-06-30T21:59:22.416795605Z,01JZ1DCN3H6C8558V191EKWT8C,2025-06-30T21:59:22.416795605Z
01JZ1CA3G061MCR93G1ZJ0S3VV,01JZ1BX7WQMA45G0E33EEHJ3V9,2025-06-30T21:36:23.552792325Z,01JZ1BX80QRTKGB6MH6HMRDXS1,2025-06-30T21:36:23.552792325Z,01JZ1C4CTKJV3QDB4A0BGTS31H,2025-06-30T21:36:23.552792325Z,01JZ1C68WHJ3JXAR0SNG92WD7N,2025-06-30T21:36:23.552792325Z,01JZ1C69HKZA5VWHYB1YZN501S,2025-06-30T21:36:23.552792325Z
01JZ17P2F3S2SQP5AKW0TRD2Q1,01JZ170DPRHYGRH6M74WMGZ8J5,2025-06-30T20:15:32.835162973Z,01JZ170DRWH3Q5VEKFYTCWXCB9,2025-06-30T20:15:32.835162973Z,01JZ179F3PP1PB0BWJA9TNG5TN,2025-06-30T20:15:32.835162973Z,01JZ17M6426GB2CWYTAT7MS6CN,2025-06-30T20:15:32.835162973Z,01JZ17M6658HF5QGMZR9WJW7KS,2025-06-30T20:15:32.835162973Z
01JZ17P52N2FH2B6WGEHWSAVN3,01JZ170DPRHYGRH6M74WMGZ8J5,2025-06-30T20:15:35.509491171Z,01JZ170DSR5F2SARFX61BD5BFD,2025-06-30T20:15:35.509491171Z,01JZ17D6932YKNNSWD1JMYAKKF,2025-06-30T20:15:35.509491171Z,01JZ17M8SSZ2QHECS5BA0DPMCQ,2025-06-30T20:15:35.509491171Z,01JZ17M8WXSFWB8V7Y2FQJ97BS,2025-06-30T20:15:35.509491171Z
01JZ17RR8NKRK7CNBJYW0A0PM0,01JZ170DPRHYGRH6M74WMGZ8J5,2025-06-30T20:17:00.693269392Z,01JZ170DRXVGFVP20P8DK3M491,2025-06-30T20:17:00.693269392Z,01JZ17BF7NX0X3DRNTNKBRP4A9,2025-06-30T20:17:00.693269392Z,01JZ17H2JPFPJA5AGAW7MSWH7S,2025-06-30T20:17:00.693269392Z,01JZ17H2MZBEW36Y1R5K5FNF6E,2025-06-30T20:17:00.693269392Z
01JZ17XS9XK8Y4H9TPS1YJENYD,01JZ170DPRHYGRH6M74WMGZ8J5,2025-06-30T20:19:45.597608695Z,01JZ170DSXXMDA003X79NFA4N0,2025-06-30T20:19:45.597608695Z,01JZ17A9YQ3219RYQEV7GA1K4B,2025-06-30T20:19:45.597608695Z,01JZ17NRS66B2XN3XYTK9HZXA6,2025-06-30T20:19:45.597608695Z,01JZ17NRXT8PX5JT9SVTD0DFSR,2025-06-30T20:19:45.597608695Z
01JZ18YFJ0SEV1CTKA2X6Y973D,01JZ18G4TN4FH7205KTQTFE7PM,2025-06-30T20:37:36.960151886Z,01JZ18G4YA2XRQ9RK4RH5WQB1P,2025-06-30T20:37:36.960151886Z,01JZ18KR3KN1X0F0J0JP7HHD78,2025-06-30T20:37:36.960151886Z,01JZ18Q1RTQ5J8GR55C5KB6SHZ,2025-06-30T20:37:36.960151886Z,01JZ18Q1YDQRC2RW0CEX5W2Y51,2025-06-30T20:37:36.960151886Z
01JZ1900KQ2XS51AP1JFX2QZ43,01JZ18G4TN4FH7205KTQTFE7PM,2025-06-30T20:38:27.191426651Z,01JZ18G50G0GKPPCFSW2N0ZNW1,2025-06-30T20:38:27.191426651Z,01JZ18KW5P5RE2HRX78XRVTPME,2025-06-30T20:38:27.191426651Z,01JZ18RHGXJHBRSARA96JJK9J9,2025-06-30T20:38:27.191426651Z,01JZ18RHNXCBMWVWD9NGWXVR9R,2025-06-30T20:38:27.191426651Z
01JZ1AJA0DBRK5J58601VBPTY7,01JZ19VEXCKVX740B60X4W6PQN,2025-06-30T21:05:55.213548654Z,01JZ19VF5YA4VZJRJDVJVY1XBY,2025-06-30T21:05:55.213548654Z,01JZ1A8FR32NPD5RJ1DVE9H7Y6,2025-06-30T21:05:55.213548654Z,01JZ1AAR2NPD6QV68SPHG41X06,2025-06-30T21:05:55.213548654Z,01JZ1AAR9QYSJ3W706404KREXX,2025-06-30T21:05:55.213548654Z
01JZ1DR2DYZT4403BN8A1MVEQ1,01JZ1D0RX94M7HHBAJDNGV8QRS,2025-06-30T22:01:29.790115281Z,01JZ1D0S064NT759Q480WCA8PK,2025-06-30T22:01:29.790115281Z,01JZ1D7QQ9A97C7JTBZNPKRB8Y,2025-06-30T22:01:29.790115281Z,01JZ1DFXRMFQK07Q91HG8QCYJ2,2025-06-30T22:01:29.790115281Z,01JZ1DFZ56FDN0A8XV7X841H8M,2025-06-30T22:01:29.790115281Z
01JZ18YTC3SBJB2JAZ8JSSG527,01JZ18G4TN4FH7205KTQTFE7PM,2025-06-30T20:37:48.035421072Z,01JZ18G4YA2XRQ9RK4RH5WQB1P,2025-06-30T20:37:48.035421072Z,01JZ18M8PYM3H87ZASWMAC2B64,2025-06-30T20:37:48.035421072Z,01JZ18Q1S7RYZRF0109T2366SB,2025-06-30T20:37:48.035421072Z,01JZ18Q1ZX9AW2XN8KZ5HBEHZN,2025-06-30T20:37:48.035421072Z
01JZ1A8NHN6JXSPGRBCMZCFTV3,01JZ19VEXCKVX740B60X4W6PQN,2025-06-30T21:00:39.349250615Z,01JZ19VF1X4TGM9HTAVFF08YB3,2025-06-30T21:00:39.349250615Z,01JZ19X9AX1VPBDDCP087HWECT,2025-06-30T21:00:39.349250615Z,01JZ1A31STNBCB1FNASKSH9RM4,2025-06-30T21:00:39.349250615Z,01JZ1A324M5DG5G1F4JNBQ7X99,2025-06-30T21:00:39.349250615Z
01JZ1BQP9B4NPTNES3Q7R811R4,01JZ1B1VZ9TM9N3252XVVAH9DZ,2025-06-30T21:26:20.203374853Z,01JZ1B1W46BH5YH0XYSE8KJRBK,2025-06-30T21:26:20.203374853Z,01JZ1B88RR65Q9PG31DJTYC075,2025-06-30T21:26:20.203374853Z,01JZ1BJ1ABMADNQ2K1TJQ9ED7W,2025-06-30T21:26:20.203374853Z,01JZ1BJ1N02TYSZ0KSC4W9PQ8X,2025-06-30T21:26:20.203374853Z
01JZ1DJ23MJ1KTY33TSJ56B40B,01JZ1D0RX94M7HHBAJDNGV8QRS,2025-06-30T21:58:12.852313807Z,01JZ1D0S4EMT97ECKQ06X1ZWAX,2025-06-30T21:58:12.852313807Z,01JZ1DAGGXK4R30KWG4J61A22A,2025-06-30T21:58:12.852313807Z,01JZ1DHWDN7VHR47P0R43JVCJW,2025-06-30T21:58:12.852313807Z,01JZ1DHWNEGMWYVYVFN7RDJ524,2025-06-30T21:58:12.852313807Z
01JZ1DP9WEZ8ZXS49EBZNTA616,01JZ1D0RX94M7HHBAJDNGV8QRS,2025-06-30T22:00:31.886725725Z,01JZ1D0S3N2D9DCG3EHS8AP4R1,2025-06-30T22:00:31.886725725Z,01JZ1D49JVTEEYC1V6ZNF5Y9RQ,2025-06-30T22:00:31.886725725Z,01JZ1DJBF7R7NJ28KS5SRS1EHV,2025-06-30T22:00:31.886725725Z,01JZ1DJBTFKHRQNCWHMB23A1KW,2025-06-30T22:00:31.886725725Z
01JZ18WM53MCMFR8TMJEYRETYT,01JZ18G4TN4FH7205KTQTFE7PM,2025-06-30T20:36:36.131399228Z,01JZ18G4YA2XRQ9RK4RH5WQB1P,2025-06-30T20:36:36.131399228Z,01JZ18KR3KN1X0F0J0JP7HHD78,2025-06-30T20:36:36.131399228Z,01JZ18Q1RFWF1SPY79863HPKYC,2025-06-30T20:36:36.131399228Z,01JZ18Q1X4TZM065RYCSF14JK5,2025-06-30T20:36:36.131399228Z
01JZ1CDTAK6BQRB5BKV4HTWCQQ,01JZ1BX7WQMA45G0E33EEHJ3V9,2025-06-30T21:38:25.235635734Z,01JZ1BX80QRTKGB6MH6HMRDXS1,2025-06-30T21:38:25.235635734Z,01JZ1C4CTKJV3QDB4A0BGTS31H,2025-06-30T21:38:25.235635734Z,01JZ1C692QHS5DV9PSD243R1PS,2025-06-30T21:38:25.235635734Z,01JZ1C69RNDH0C9D70VXT6DMJF,2025-06-30T21:38:25.235635734Z
01JZ1F2E0HR5A5TR8YBTW2G99E,01JZ1E916HBESJXS5SJ82BFZ21,2025-06-30T22:24:37.906042724Z,01JZ1E923XSJ5V9JGGJQR2CG7M,2025-06-30T22:24:37.906042724Z,01JZ1EED3A8PGE3DSBSCB45ADQ,2025-06-30T22:24:37.906042724Z,01JZ1F28PF9P2Q45FHCT2P249Q,2025-06-30T22:24:37.906042724Z,01JZ1F2929ZKMX4Q4JXCBP4BWJ,2025-06-30T22:24:37.906042724Z
01JZ17V9YG5NZC59FYSNQP2BGK,01JZ170DPRHYGRH6M74WMGZ8J5,2025-06-30T20:18:24.336306142Z,01JZ170DSXXMDA003X79NFA4N0,2025-06-30T20:18:24.336306142Z,01JZ17G2CQ2WMWNSJEQJ6XDN5X,2025-06-30T20:18:24.336306142Z,01JZ17NRSETRAHA86XGKD3ZGNV,2025-06-30T20:18:24.336306142Z,01JZ17NRVFFVYGG6VDAXW2Q3R4,2025-06-30T20:18:24.336306142Z
01JZ1BJ4NJW29VFKT7GAZRZ6DT,01JZ1B1VZ9TM9N3252XVVAH9DZ,2025-06-30T21:23:18.32243521Z,01JZ1B1W46BH5YH0XYSE8KJRBK,2025-06-30T21:23:18.32243521Z,01JZ1B9W35DBJAZZ7ZHMPZZDPP,2025-06-30T21:23:18.32243521Z,01JZ1BJ1B6MS3FTEDBXT15KPRA,2025-06-30T21:23:18.32243521Z,01JZ1BJ1GNZ6C7H5KPQ8D4B59H,2025-06-30T21:23:18.32243521Z
01JZ1GQFYT0HM9ZZNZ59M0C5ZD,01JZ1G29Q82GQAKEXSK2E7NK3R,2025-06-30T22:53:36.602808204Z,01JZ1G2A9825Q9R0AFVXQNTR63,2025-06-30T22:53:36.602808204Z,01JZ1G559C6P7CY3FSGY2MAEHK,2025-06-30T22:53:36.602808204Z,01JZ1GKM3A5ATBGFJSYTP1DWZY,2025-06-30T22:53:36.602808204Z,01JZ1GKMEYEZ8KJC2QAEFC63S4,2025-06-30T22:53:36.602808204Z
01JZ1BQNGNY04ESNSNQQKTKGKW,01JZ1B1VZ9TM9N3252XVVAH9DZ,2025-06-30T21:26:19.413383735Z,01JZ1B1W5TAZ0C76DBH0ZAEY5X,2025-06-30T21:26:19.413383735Z,01JZ1BNKT1EA6BGVVN8436Q4BP,2025-06-30T21:26:19.413383735Z,01JZ1BNNFF9MV2BR5CAE8TGEYC,2025-06-30T21:26:19.413383735Z,01JZ1BNP376CH9A495TNXV41GV,2025-06-30T21:26:19.413383735Z
01JZ17VZPGR8N0XX4PXH4JX1GY,01JZ170DPRHYGRH6M74WMGZ8J5,2025-06-30T20:18:46.608091662Z,01JZ170DSR5F2SARFX61BD5BFD,2025-06-30T20:18:46.608091662Z,01JZ17D6932YKNNSWD1JMYAKKF,2025-06-30T20:18:46.608091662Z,01JZ17M8TM93SNDEV4TKQ8G5N0,2025-06-30T20:18:46.608091662Z,01JZ17M8ZHQM4JY3DEY4DZM9K1,2025-06-30T20:18:46.608091662Z
01JZ17XGT5CJQFZ13PBXEWKBV0,01JZ170DPRHYGRH6M74WMGZ8J5,2025-06-30T20:19:36.9016387Z,01JZ170DS0283SZNEN95XAWWS4,2025-06-30T20:19:36.9016387Z,01JZ17G9ZFDP0QC4ASAB62EXYP,2025-06-30T20:19:36.9016387Z,01JZ17NT77HT8XSXBSDEYA5WV8,2025-06-30T20:19:36.9016387Z,01JZ17NTBG0C8JRJ0TBR7BNQJ9,2025-06-30T20:19:36.9016387Z
01JZ18SB6FEKEG9ZK3CQBT6FT7,01JZ18G4TN4FH7205KTQTFE7PM,2025-06-30T20:34:48.655160254Z,01JZ18G4YTQTSXFW2X0Y80VGVG,2025-06-30T20:34:48.655160254Z,01JZ18J569YAEG0XPKSGQBZNYX,2025-06-30T20:34:48.655160254Z,01JZ18QCHSRQEB636MAZYTF93F,2025-06-30T20:34:48.655160254Z,01JZ18QCNQWD5EMCK74EDKA9K4,2025-06-30T20:34:48.655160254Z
01JZ18ZXKTM80HGW7QB5GT7NEF,01JZ18G4TN4FH7205KTQTFE7PM,2025-06-30T20:38:24.123038785Z,01JZ18G4XDWA3A08Y0HZ5HSAAF,2025-06-30T20:38:24.123038785Z,01JZ18K1FP19HQQGWY5MDNJT99,2025-06-30T20:38:24.123038785Z,01JZ18R10H32Q9CQ9VTYQTZJBZ,2025-06-30T20:38:24.123038785Z,01JZ18R16YD5FKS8D6PV6ZDNK0,2025-06-30T20:38:24.123038785Z
01JZ1A8NKKQ4WXD8N15MGPVM9W,01JZ19VEXCKVX740B60X4W6PQN,2025-06-30T21:00:39.41134481Z,01JZ19VF1X4TGM9HTAVFF08YB3,2025-06-30T21:00:39.41134481Z,01JZ19YP19TRXJV609GHDS9029,2025-06-30T21:00:39.41134481Z,01JZ1A31STNBCB1FNASKSH9RM4,2025-06-30T21:00:39.41134481Z,01JZ1A324M5DG5G1F4JNBQ7X99,2025-06-30T21:00:39.41134481Z
01JZ1AE5Q4X19FZREG5N1VNWNK,01JZ19VEXCKVX740B60X4W6PQN,2025-06-30T21:03:39.74817787Z,01JZ19VF81DTYMGWYB0TAJKDWY,2025-06-30T21:03:39.74817787Z,01JZ1A11QXMY0GZ8B5FCM3RTBW,2025-06-30T21:03:39.74817787Z,01JZ1AABK962FFJZTPD33N3VKP,2025-06-30T21:03:39.74817787Z,01JZ1AAC10R1ZEDDYXJ5GXAQNR,2025-06-30T21:03:39.74817787Z
01JZ1BKGD6DRYDKSJXQG6GFGDM,01JZ1B1VZ9TM9N3252XVVAH9DZ,2025-06-30T21:24:03.110450626Z,01JZ1B1W5AJ9N87HJBZ99HRQPJ,2025-06-30T21:24:03.110450626Z,01JZ1B33W2SNBC1YKZXCY0285E,2025-06-30T21:24:03.110450626Z,01JZ1BB7GR2K5BKJQ5STFB90RK,2025-06-30T21:24:03.110450626Z,01JZ1BB8103684J2JGNREVE01E,2025-06-30T21:24:03.110450626Z
01JZ1CCJR5ZD1YGAV4KBR1SBNC,01JZ1BX7WQMA45G0E33EEHJ3V9,2025-06-30T21:37:44.709545967Z,01JZ1BX82RNFGPPA94NES9507T,2025-06-30T21:37:44.709545967Z,01JZ1C8ESVRXKY79BT9BNGMME4,2025-06-30T21:37:44.709545967Z,01JZ1CAKRPM2RTKQN4NF25GQNV,2025-06-30T21:37:44.709545967Z,01JZ1CAM1259WP7HGV952K0VFQ,2025-06-30T21:37:44.709545967Z
01JZ1CMETYABKKYP47DGWGEWAZ,01JZ1C4XJFQQ45ZHGATAXVBX0J,2025-06-30T21:42:02.846821881Z,01JZ1C4XNE4VHGMR9JDZS6Y7F9,2025-06-30T21:42:02.846821881Z,01JZ1CF8R7DWBKG9F2768N54QZ,2025-06-30T21:42:02.846821881Z,01JZ1CM9HSWSHAX9FB9M6KQ29W,2025-06-30T21:42:02.846821881Z,01JZ1CM9RFST88QA1FS194B25R,2025-06-30T21:42:02.846821881Z
01JZ1EY54BM1JA7JFX6XHCM1J1,01JZ1E916HBESJXS5SJ82BFZ21,2025-06-30T22:22:17.73999378Z,01JZ1E91WFH0SPDF0PZ6G1349X,2025-06-30T22:22:17.73999378Z,01JZ1EAPTEQ3YCZAND0ZRHWRT7,2025-06-30T22:22:17.73999378Z,01JZ1EY0NZMS86PHXH9J9EA1SV,2025-06-30T22:22:17.73999378Z,01JZ1EY14TV1ASQBW7E97M8X82,2025-06-30T22:22:17.73999378Z
01JZ17ZBPMKEJPST89HEYCP9S1,01JZ170DPRHYGRH6M74WMGZ8J5,2025-06-30T20:20:37.20459323Z,01JZ170DS5DJKXJ3Z7YVJKJJXK,2025-06-30T20:20:37.20459323Z,01JZ17DQRYSG711N7R05SC14HP,2025-06-30T20:20:37.20459323Z,01JZ17QA5164E7ECZ7F8E2886X,2025-06-30T20:20:37.20459323Z,01JZ17QAAJ9B1W0VFAH61RSG1K,2025-06-30T20:20:37.20459323Z
01JZ18RAB9MZZBN222G6DYKKMD,01JZ18G4TN4FH7205KTQTFE7PM,2025-06-30T20:34:15.017648972Z,01JZ18G512YK4K14AJW1A4KQT5,2025-06-30T20:34:15.017648972Z,01JZ18JCRWSH5Z1V97KVRN4VV2,2025-06-30T20:34:15.017648972Z,01JZ18R8B98P4BYKECZBPDN4K7,2025-06-30T20:34:15.017648972Z,01JZ18R8E7XZBZJD4NABXEFK48,2025-06-30T20:34:15.017648972Z
01JZ18YXCSDT3H1QZSWPN03MV2,01JZ18G4TN4FH7205KTQTFE7PM,2025-06-30T20:37:51.129490524Z,01JZ18G4YTQTSXFW2X0Y80VGVG,2025-06-30T20:37:51.129490524Z,01JZ18JHMPB6Y0TNZB1CBHN9G9,2025-06-30T20:37:51.129490524Z,01JZ18QCJ5F2TDDGTM86PBKVEG,2025-06-30T20:37:51.129490524Z,01JZ18QCQGFPC5A6D9RYBZQX6F,2025-06-30T20:37:51.129490524Z
01JZ1DEYM1DMAH6MP76GJS6RZD,01JZ1D0RX94M7HHBAJDNGV8QRS,2025-06-30T21:56:30.977998161Z,01JZ1D0S2S8SEBXETFQJSTGM5V,2025-06-30T21:56:30.977998161Z,01JZ1D4W11PS06G8TDSZKJ39RF,2025-06-30T21:56:30.977998161Z,01JZ1D77X61KT9EGNXBSZ97RFX,2025-06-30T21:56:30.977998161Z,01JZ1D78STJEQ80M29JKZV8DQF,2025-06-30T21:56:30.977998161Z
01JZ1DJ21FXNRJFTFEZA4G3RCT,01JZ1D0RX94M7HHBAJDNGV8QRS,2025-06-30T21:58:12.783957604Z,01JZ1D0S4EMT97ECKQ06X1ZWAX,2025-06-30T21:58:12.783957604Z,01JZ1DCFS2MSEF81EKXGM05M99,2025-06-30T21:58:12.783957604Z,01JZ1DHWDN7VHR47P0R43JVCJW,2025-06-30T21:58:12.783957604Z,01JZ1DHWNEGMWYVYVFN7RDJ524,2025-06-30T21:58:12.783957604Z
01JZ17NQZJ8P78SEGN80556XYP,01JZ170DPRHYGRH6M74WMGZ8J5,2025-06-30T20:15:22.098531597Z,01JZ170DRSFZ9Y16965WN1Z2F9,2025-06-30T20:15:22.098531597Z,01JZ17C681KCXJ6DBBJAQ640Z7,2025-06-30T20:15:22.098531597Z,01JZ17G70WMTCCVM6PEEY7RHRW,2025-06-30T20:15:22.098531597Z,01JZ17G7298RBRVJCBJC8BZ1T6,2025-06-30T20:15:22.098531597Z
01JZ18RKYKV2XV0M78M3AB0J97,01JZ18G4TN4FH7205KTQTFE7PM,2025-06-30T20:34:24.851847081Z,01JZ18G4Y1ABZPJ815NAWEN19T,2025-06-30T20:34:24.851847081Z,01JZ18HQKYW690RKTXSRY6QQQ2,2025-06-30T20:34:24.851847081Z,01JZ18PMF1481YNW4VF038RS60,2025-06-30T20:34:24.851847081Z,01JZ18PMJBDVTC0R5KWM9WQSVK,2025-06-30T20:34:24.851847081Z
01JZ18SATPXP50P3M2T2M5Q8FR,01JZ18G4TN4FH7205KTQTFE7PM,2025-06-30T20:34:48.278766797Z,01JZ18G4Z7SR18DC8PDBR22HS5,2025-06-30T20:34:48.278766797Z,01JZ18KKD45G2Z51GTDYMFBGF8,2025-06-30T20:34:48.278766797Z,01JZ18S8VF5J1VCYDTJZFPF4QA,2025-06-30T20:34:48.278766797Z,01JZ18S8YGPM3F3MAQCG4WCDW1,2025-06-30T20:34:48.278766797Z
01JZ18XHD3XEXMANPQY9JZQX8K,01JZ18G4TN4FH7205KTQTFE7PM,2025-06-30T20:37:06.083919603Z,01JZ18G4YK3PSP6R2PNWBA4P8S,2025-06-30T20:37:06.083919603Z,01JZ18HYEVQSC277Q1HCSHCSWE,2025-06-30T20:37:06.083919603Z,01JZ18QWBAHK4T4H0VEYDTYNA4,2025-06-30T20:37:06.083919603Z,01JZ18QWFE3AE6XH6C0K25VMH0,2025-06-30T20:37:06.083919603Z
01JZ18Z47GVHATDS79GF7WTXAC,01JZ18G4TN4FH7205KTQTFE7PM,2025-06-30T20:37:58.12899914Z,01JZ18G4ZPD0G0WRB3ZSNJ4KSW,2025-06-30T20:37:58.12899914Z,01JZ18HWWK8B66EBMNQPXM1R3H,2025-06-30T20:37:58.12899914Z,01JZ18QMCZ2XYW2ZQY93ZH56GP,2025-06-30T20:37:58.12899914Z,01JZ18QMR9BG7HFDMPRPVAGW22,2025-06-30T20:37:58.12899914Z
01JZ1AJMQPGZHVCT2GFV21TXD5,01JZ19VEXCKVX740B60X4W6PQN,2025-06-30T21:06:06.19888963Z,01JZ19VF5YA4VZJRJDVJVY1XBY,2025-06-30T21:06:06.19888963Z,01JZ19XQ9SYW5JG2B10Z2EXJ0C,2025-06-30T21:06:06.19888963Z,01JZ1AAR25HY3X5YXR8EKP4ZNT,2025-06-30T21:06:06.19888963Z,01JZ1AARBJSP4Q4WRQR945GTZC,2025-06-30T21:06:06.19888963Z
01JZ18VPK7PTSA74VPKRJQSFSX,01JZ18G4TN4FH7205KTQTFE7PM,2025-06-30T20:36:05.863251286Z,01JZ18G4YK3PSP6R2PNWBA4P8S,2025-06-30T20:36:05.863251286Z,01JZ18JNT2QKJHBG0YSDA5VWH8,2025-06-30T20:36:05.863251286Z,01JZ18QWBAHK4T4H0VEYDTYNA4,2025-06-30T20:36:05.863251286Z,01JZ18QWF0B0N502EC0XGZD96A,2025-06-30T20:36:05.863251286Z
01JZ18YBYEX72NKPQJ8PZHDM5Y,01JZ18G4TN4FH7205KTQTFE7PM,2025-06-30T20:37:33.262140284Z,01JZ18G50PJASP911XB82AW46K,2025-06-30T20:37:33.262140284Z,01JZ18HFN6SPVZ5DYGTVB7ZVYC,2025-06-30T20:37:33.262140284Z,01JZ18P6NXZT0V7P3PR4SE8Z8C,2025-06-30T20:37:33.262140284Z,01JZ18P75BTA8J8ZN86RAF6NTB,2025-06-30T20:37:33.262140284Z
01JZ1GWAVTHXT5NSFSJKSG6G0C,01JZ1G29Q82GQAKEXSK2E7NK3R,2025-06-30T22:56:15.226082565Z,01JZ1G2A58JMFV91VV93EGJJQY,2025-06-30T22:56:15.226082565Z,01JZ1G5G1FFKZK7WVQ264NYRHA,2025-06-30T22:56:15.226082565Z,01JZ1GW3ANP10W1MY31QTVWTGJ,2025-06-30T22:56:15.226082565Z,01JZ1GW3VPDH6V3EFA2VR04ANN,2025-06-30T22:56:15.226082565Z
01JZ17KX81BXDJCQB9STZBPCDQ,01JZ170DPRHYGRH6M74WMGZ8J5,2025-06-30T20:14:21.953975609Z,01JZ170DRSFZ9Y16965WN1Z2F9,2025-06-30T20:14:21.953975609Z,01JZ17AK41GP2DW5ZS1AJ3K35J,2025-06-30T20:14:21.953975609Z,01JZ17G70WMTCCVM6PEEY7RHRW,2025-06-30T20:14:21.953975609Z,01JZ17G727VG4YHCJPC4W5XXSC,2025-06-30T20:14:21.953975609Z
01JZ17WNM5PJTH54V7SB5AM4ZA,01JZ170DPRHYGRH6M74WMGZ8J5,2025-06-30T20:19:09.061145624Z,01JZ170DSMJZPS89ZBMFZ7ATK7,2025-06-30T20:19:09.061145624Z,01JZ17DZ6QV2B73JE2W9M5K3SC,2025-06-30T20:19:09.061145624Z,01JZ17MYEV0AG6XJGH9VVJQXPH,2025-06-30T20:19:09.061145624Z,01JZ17MYPS2K5MNF432JBFSPAV,2025-06-30T20:19:09.061145624Z
01JZ18X1DH32R6RJYXDQC8CY5D,01JZ18G4TN4FH7205KTQTFE7PM,2025-06-30T20:36:49.713308926Z,01JZ18G4Z7SR18DC8PDBR22HS5,2025-06-30T20:36:49.713308926Z,01JZ18JM84GZ5542ST7BEW0RHN,2025-06-30T20:36:49.713308926Z,01JZ18S8W382ZTX14ED28QZWFS,2025-06-30T20:36:49.713308926Z,01JZ18S90TARGHQXS9MX81EXBS,2025-06-30T20:36:49.713308926Z
01JZ1AEG13HFBKYRCJ1Z0F9BPJ,01JZ19VEXCKVX740B60X4W6PQN,2025-06-30T21:03:50.308860072Z,01JZ19VF9WCS5BMDRCPXZK6ZBF,2025-06-30T21:03:50.308860072Z,01JZ1A5BC93T1VSNTPVNANBKKY,2025-06-30T21:03:50.308860072Z,01JZ1A8RTBQBGQ6B3M8DMQ82K3,2025-06-30T21:03:50.308860072Z,01JZ1A8RYVY57RPWHFYD5PSDYS,2025-06-30T21:03:50.308860072Z
01JZ1CR5SBSCV3FH27FFGRN55X,01JZ1C4XJFQQ45ZHGATAXVBX0J,2025-06-30T21:44:04.65169518Z,01JZ1C4XNE4VHGMR9JDZS6Y7F9,2025-06-30T21:44:04.65169518Z,01JZ1CH99SCVGB71HN39473CFW,2025-06-30T21:44:04.65169518Z,01JZ1CM9MH9FR8B6ZK0QM2XBF8,2025-06-30T21:44:04.65169518Z,01JZ1CM9XNCJMG30B6PE3HBNT5,2025-06-30T21:44:04.65169518Z
01JZ17QWX1RF91ERPNE5NRM49A,01JZ170DPRHYGRH6M74WMGZ8J5,2025-06-30T20:16:32.673207076Z,01JZ170DRSFZ9Y16965WN1Z2F9,2025-06-30T20:16:32.673207076Z,01JZ17AK41GP2DW5ZS1AJ3K35J,2025-06-30T20:16:32.673207076Z,01JZ17G70EF8S99NVNWP5G0YQ4,2025-06-30T20:16:32.673207076Z,01JZ17G73DDSDDSGVZG6A3MBYY,2025-06-30T20:16:32.673207076Z
01JZ1GNQ5YC4AFS7G3HY64997J,01JZ1G29Q82GQAKEXSK2E7NK3R,2025-06-30T22:52:38.462055442Z,01JZ1G2A6YM039KVE3FBKDN5TM,2025-06-30T22:52:38.462055442Z,01JZ1G5Y4DKCPQ2K5FM2F479YF,2025-06-30T22:52:38.462055442Z,01JZ1GDRSWA6J6E7BQGPG7XQH0,2025-06-30T22:52:38.462055442Z,01JZ1GDSPTMGNCXTJE98FX6Y9D,2025-06-30T22:52:38.462055442Z
01JZ18RYEE7J75PGBMJVMZJW85,01JZ18G4TN4FH7205KTQTFE7PM,2025-06-30T20:34:35.598400247Z,01JZ18G4YA2XRQ9RK4RH5WQB1P,2025-06-30T20:34:35.598400247Z,01JZ18MZ9CEYXM1F4JSENNJ9RA,2025-06-30T20:34:35.598400247Z,01JZ18Q1RFWF1SPY79863HPKYC,2025-06-30T20:34:35.598400247Z,01JZ18Q1W9BTR5PH42HW5VBB8R,2025-06-30T20:34:35.598400247Z
01JZ17NV374VRZGPFJNPVQSBDG,01JZ170DPRHYGRH6M74WMGZ8J5,2025-06-30T20:15:25.287147041Z,01JZ170DS0283SZNEN95XAWWS4,2025-06-30T20:15:25.287147041Z,01JZ17J8N9NAW1ASAH1NWPJBAP,2025-06-30T20:15:25.287147041Z,01JZ17NT644PA1MKM9DXCD13F1,2025-06-30T20:15:25.287147041Z,01JZ17NT8N20Z9H468MWQHH6VD,2025-06-30T20:15:25.287147041Z
01JZ17T2GBEEXGR6S8D4VTRWY7,01JZ170DPRHYGRH6M74WMGZ8J5,2025-06-30T20:17:43.94893312Z,01JZ170DSBT7R80F1BC6BFNZAP,2025-06-30T20:17:43.94893312Z,01JZ17EXP8SEZEBZPSE6GPG8ZM,2025-06-30T20:17:43.94893312Z,01JZ17JC31V9W433CZ54VPSDCC,2025-06-30T20:17:43.94893312Z,01JZ17JC5R8HPZGDHHMDM55ZW6,2025-06-30T20:17:43.94893312Z
01JZ17TCMH39NMV1PX8CH4FC0G,01JZ170DPRHYGRH6M74WMGZ8J5,2025-06-30T20:17:54.321460923Z,01JZ170DSBT7R80F1BC6BFNZAP,2025-06-30T20:17:54.321460923Z,01JZ17E2HGHQEBNZ4BGFQ4PF6N,2025-06-30T20:17:54.321460923Z,01JZ17JC2ZXBJJNHC0TSAETRRS,2025-06-30T20:17:54.321460923Z,01JZ17JC6CD228EBJ95WFGACSC,2025-06-30T20:17:54.321460923Z
01JZ17WGE92ZKTNBAB4ARX6ZDC,01JZ170DPRHYGRH6M74WMGZ8J5,2025-06-30T20:19:03.754041543Z,01JZ170DSP5HFMBRZWFQV8RFVC,2025-06-30T20:19:03.754041543Z,01JZ17P1EBWH8TSGC8FNQFNMW7,2025-06-30T20:19:03.754041543Z,01JZ17RSKP4T7TM013SKSDCBN6,2025-06-30T20:19:03.754041543Z,01JZ17RSP6EC94WCD300W6M3AA,2025-06-30T20:19:03.754041543Z
01JZ180BNTJ5RT6NYN2DD1CMF5,01JZ170DPRHYGRH6M74WMGZ8J5,2025-06-30T20:21:09.946613819Z,01JZ170DS9MMA8EZAVKYS5SMHX,2025-06-30T20:21:09.946613819Z,01JZ17AZS6YB2WPDVY4NDQYYNC,2025-06-30T20:21:09.946613819Z,01JZ17TR7E1D7CES1YNCABFX51,2025-06-30T20:21:09.946613819Z,01JZ17TRBYV81QV8YKGPDWM9RY,2025-06-30T20:21:09.946613819Z
01JZ18QY496CQ0YZWV94QPWWBV,01JZ18G4TN4FH7205KTQTFE7PM,2025-06-30T20:34:02.505148754Z,01JZ18G4YK3PSP6R2PNWBA4P8S,2025-06-30T20:34:02.505148754Z,01JZ18K6XVG6N44078RFW6M633,2025-06-30T20:34:02.505148754Z,01JZ18QWBRR3KN0B62DES46FPE,2025-06-30T20:34:02.505148754Z,01JZ18QWCRY9JA2H8F09Y0GPWX,2025-06-30T20:34:02.505148754Z
01JZ18R466Y4J82FJ1MAGAK7JT,01JZ18G4TN4FH7205KTQTFE7PM,2025-06-30T20:34:08.710044769Z,01JZ18G50PJASP911XB82AW46K,2025-06-30T20:34:08.710044769Z,01JZ18KJE91G49FF99NPC5VF6Y,2025-06-30T20:34:08.710044769Z,01JZ18P6M9PWBBNS9EFA2527RR,2025-06-30T20:34:08.710044769Z,01JZ18P6W0A982H5CMGKWBXZEF,2025-06-30T20:34:08.710044769Z
01JZ191RPZHCA09JGE3CHD0GT1,01JZ18G4TN4FH7205KTQTFE7PM,2025-06-30T20:39:24.639488781Z,01JZ18G508W9SSEDAT6B79GZND,2025-06-30T20:39:24.639488781Z,01JZ18JV7KEJAEZVY4PCFX2BA4,2025-06-30T20:39:24.639488781Z,01JZ18STF1YM3N28QT3VD2MWJ6,2025-06-30T20:39:24.639488781Z,01JZ18SV2ZM1T6PFRJQ9RCHFX1,2025-06-30T20:39:24.639488781Z
01JZ1AJZVHR84MAB4ZPXJA3ZS7,01JZ19VEXCKVX740B60X4W6PQN,2025-06-30T21:06:17.585356502Z,01JZ19VF5YA4VZJRJDVJVY1XBY,2025-06-30T21:06:17.585356502Z,01JZ19Y068YTBSDNPDANA6K38M,2025-06-30T21:06:17.585356502Z,01JZ1AAQZXK1M56S8S8ENY419V,2025-06-30T21:06:17.585356502Z,01JZ1AARD88DNEW14DF6ANYY86,2025-06-30T21:06:17.585356502Z
01JZ1BNV7V4MGTQG3DNA8D9BR6,01JZ1B1VZ9TM9N3252XVVAH9DZ,2025-06-30T21:25:19.739039246Z,01JZ1B1W46BH5YH0XYSE8KJRBK,2025-06-30T21:25:19.739039246Z,01JZ1ANK2PZ7NTFNFMNB753RPA,2025-06-30T21:25:19.739039246Z,01JZ1BJ1ABMADNQ2K1TJQ9ED7W,2025-06-30T21:25:19.739039246Z,01JZ1BJ1M7XDY268RM8XKDKRZM,2025-06-30T21:25:19.739039246Z
01JZ1FAX0D4F1241HKX11XBV8C,01JZ1E916HBESJXS5SJ82BFZ21,2025-06-30T22:29:15.405094299Z,01JZ1E91Q18GQE49C0XSDVMF75,2025-06-30T22:29:15.405094299Z,01JZ1ESJSZ4605B74MTV3MB0PF,2025-06-30T22:29:15.405094299Z,01JZ1F2JFXFJKGVW4BE73GT7FW,2025-06-30T22:29:15.405094299Z,01JZ1F2K2B9KHF5TKCBRGK2TK5,2025-06-30T22:29:15.405094299Z
01JZ1GNQ3REQ6MS6FAFF9G5GEF,01JZ1G29Q82GQAKEXSK2E7NK3R,2025-06-30T22:52:38.392200004Z,01JZ1G2A6YM039KVE3FBKDN5TM,2025-06-30T22:52:38.392200004Z,01JZ1G4ZKPR33SMREF8RYR14CE,2025-06-30T22:52:38.392200004Z,01JZ1GDRSWA6J6E7BQGPG7XQH0,2025-06-30T22:52:38.392200004Z,01JZ1GDSPTMGNCXTJE98FX6Y9D,2025-06-30T22:52:38.392200004Z
01JZ17NV33ZMYB727W8KGCF1SG,01JZ170DPRHYGRH6M74WMGZ8J5,2025-06-30T20:15:25.283427467Z,01JZ170DS0283SZNEN95XAWWS4,2025-06-30T20:15:25.283427467Z,01JZ17NQ4AD6VM7PXCZNF246W5,2025-06-30T20:15:25.283427467Z,01JZ17NT644PA1MKM9DXCD13F1,2025-06-30T20:15:25.283427467Z,01JZ17NT8N20Z9H468MWQHH6VD,2025-06-30T20:15:25.283427467Z
01JZ17PQDKT4VM2T0WB7T2MB1H,01JZ170DPRHYGRH6M74WMGZ8J5,2025-06-30T20:15:54.291441122Z,01JZ170DRV33K8D9D9ZMQKAW2D,2025-06-30T20:15:54.291441122Z,01JZ17DQR0WXBVGZE5VFC3T0EF,2025-06-30T20:15:54.291441122Z,01JZ17PPH32HXCV9GY0H5Z2WSH,2025-06-30T20:15:54.291441122Z,01JZ17PPJHRZMCCXX8F735F6CB,2025-06-30T20:15:54.291441122Z
01JZ17QX6FK3JKTV7NBMT8E39M,01JZ170DPRHYGRH6M74WMGZ8J5,2025-06-30T20:16:32.975786139Z,01JZ170DRWH3Q5VEKFYTCWXCB9,2025-06-30T20:16:32.975786139Z,01JZ179X6Q4FCZN7X4TNMWRQ73,2025-06-30T20:16:32.975786139Z,01JZ17M6426GB2CWYTAT7MS6CN,2025-06-30T20:16:32.975786139Z,01JZ17M669R4VX12DNHRDK2A40,2025-06-30T20:16:32.975786139Z
01JZ1DMVHXW84ZNHQK93N8S2ZJ,01JZ1D0RX94M7HHBAJDNGV8QRS,2025-06-30T21:59:44.445752987Z,01JZ1D0S14X3T6948SDJVF454K,2025-06-30T21:59:44.445752987Z,01JZ1D4M3DA9VHJGDM7TJDNSPA,2025-06-30T21:59:44.445752987Z,01JZ1DCMRJJ169TVNGDT370T2P,2025-06-30T21:59:44.445752987Z,01JZ1DCNAHRDE7169NYJFVZEPX,2025-06-30T21:59:44.445752987Z
01JZ17PACVNBSA6Q6M9SNTM1M7,01JZ170DPRHYGRH6M74WMGZ8J5,2025-06-30T20:15:40.955789819Z,01JZ170DS434CCJM920K0JDY80,2025-06-30T20:15:40.955789819Z,01JZ17ED81WEQ81KNKMV8HM1Z1,2025-06-30T20:15:40.955789819Z,01JZ17MESGQH4PGAZ2NQBVJJAG,2025-06-30T20:15:40.955789819Z,01JZ17MEV712MM5YZJ7MX7PD80,2025-06-30T20:15:40.955789819Z
01JZ1DCS0PYCEKG9XC7XCJBPFC,01JZ1D0RX94M7HHBAJDNGV8QRS,2025-06-30T21:55:19.702960401Z,01JZ1D0S14X3T6948SDJVF454K,2025-06-30T21:55:19.702960401Z,01JZ1D4M3DA9VHJGDM7TJDNSPA,2025-06-30T21:55:19.702960401Z,01JZ1DCMMVE34S81XF4MAEYBQN,2025-06-30T21:55:19.702960401Z,01JZ1DCMTQMK6WWBCE1D8VSTZN,2025-06-30T21:55:19.702960401Z
01JZ17SQYMHMVAE1E4ZT8F15Z6,01JZ170DPRHYGRH6M74WMGZ8J5,2025-06-30T20:17:33.140313994Z,01JZ170DRWH3Q5VEKFYTCWXCB9,2025-06-30T20:17:33.140313994Z,01JZ17E300K9YQ0KK94FSGZ5RV,2025-06-30T20:17:33.140313994Z,01JZ17M6426GB2CWYTAT7MS6CN,2025-06-30T20:17:33.140313994Z,01JZ17M66CRZJG66NVRGEF34B3,2025-06-30T20:17:33.140313994Z
01JZ18SVDV0AQ3SA6YHS4ES8DP,01JZ18G4TN4FH7205KTQTFE7PM,2025-06-30T20:35:05.275719266Z,01JZ18G4YK3PSP6R2PNWBA4P8S,2025-06-30T20:35:05.275719266Z,01JZ18MVEFXZGBQPET8FQ2326K,2025-06-30T20:35:05.275719266Z,01JZ18QWBAHK4T4H0VEYDTYNA4,2025-06-30T20:35:05.275719266Z,01JZ18QWEKTT51B5RARFJ2E1HQ,2025-06-30T20:35:05.275719266Z
01JZ19019109KE43MWEK73TV2C,01JZ18G4TN4FH7205KTQTFE7PM,2025-06-30T20:38:27.876637699Z,01JZ18G512YK4K14AJW1A4KQT5,2025-06-30T20:38:27.876637699Z,01JZ18JHACQMQPJCAE4XRR7QFX,2025-06-30T20:38:27.876637699Z,01JZ18R8C449S3PJKZXB5RXQ2D,2025-06-30T20:38:27.876637699Z,01JZ18R8JXKKMKNRFWDN2DEEA7,2025-06-30T20:38:27.876637699Z
01JZ1AAV9FDPQVA12G5B2RM9C1,01JZ19VEXCKVX740B60X4W6PQN,2025-06-30T21:01:50.767959772Z,01JZ19VF1X4TGM9HTAVFF08YB3,2025-06-30T21:01:50.767959772Z,01JZ19YKGANWM091HXPRFZY75R,2025-06-30T21:01:50.767959772Z,01JZ1A31V3EJ1Y2YEGMA5AZKE4,2025-06-30T21:01:50.767959772Z,01JZ1A3290C8XPZTPTW3G1G80F,2025-06-30T21:01:50.767959772Z
01JZ1AH0XXRDM0CSXXSM783FC4,01JZ19VEXCKVX740B60X4W6PQN,2025-06-30T21:05:13.149749761Z,01JZ19VF9WCS5BMDRCPXZK6ZBF,2025-06-30T21:05:13.149749761Z,01JZ1A5BC93T1VSNTPVNANBKKY,2025-06-30T21:05:13.149749761Z,01JZ1A8RRMDWP0AE0XY4GVAREN,2025-06-30T21:05:13.149749761Z,01JZ1A8S8W2CM5YMQB7BGVDZGF,2025-06-30T21:05:13.149749761Z
01JZ1GWAZV22YV14D5F9TYD90P,01JZ1G29Q82GQAKEXSK2E7NK3R,2025-06-30T22:56:15.355034336Z,01JZ1G2A58JMFV91VV93EGJJQY,2025-06-30T22:56:15.355034336Z,01JZ1GA4T24GEXMPJNJW9S8J83,2025-06-30T22:56:15.355034336Z,01JZ1GW3ANP10W1MY31QTVWTGJ,2025-06-30T22:56:15.355034336Z,01JZ1GW3VPDH6V3EFA2VR04ANN,2025-06-30T22:56:15.355034336Z
01JZ17MRK7RG8VMX4S5R2RQ9CW,01JZ170DPRHYGRH6M74WMGZ8J5,2025-06-30T20:14:49.959302965Z,01JZ170DRXVGFVP20P8DK3M491,2025-06-30T20:14:49.959302965Z,01JZ17BF7NX0X3DRNTNKBRP4A9,2025-06-30T20:14:49.959302965Z,01JZ17H2JKQXYPBGV7RRHN6ECY,2025-06-30T20:14:49.959302965Z,01JZ17H2KY0T9900KYTGYZSB6M,2025-06-30T20:14:49.959302965Z
01JZ17TNNGK5TDVN225ZFADXVZ,01JZ170DPRHYGRH6M74WMGZ8J5,2025-06-30T20:18:03.568035418Z,01JZ170DSP5HFMBRZWFQV8RFVC,2025-06-30T20:18:03.568035418Z,01JZ17P1EBWH8TSGC8FNQFNMW7,2025-06-30T20:18:03.568035418Z,01JZ17RSKP4T7TM013SKSDCBN6,2025-06-30T20:18:03.568035418Z,01JZ17RSNZJ7XVG11RZ6MP3BJ5,2025-06-30T20:18:03.568035418Z
01JZ17V12QA3CFHGRCADTKAG3G,01JZ170DPRHYGRH6M74WMGZ8J5,2025-06-30T20:18:15.255407245Z,01JZ170DS5DJKXJ3Z7YVJKJJXK,2025-06-30T20:18:15.255407245Z,01JZ178QXEVM580BRMFA0XSN9D,2025-06-30T20:18:15.255407245Z,01JZ17QA5NP4NCPJJVMNCZ9F7W,2025-06-30T20:18:15.255407245Z,01JZ17QA7ZSWJ7CS2VJ1NFV8PD,2025-06-30T20:18:15.255407245Z
01JZ19BN0WPXWWEVYCKK4WP5DH,01JZ18R9CHSHJ2BAJZ4M4PAW2X,2025-06-30T20:44:48.540723962Z,01JZ18RA3DBE17YR6D8FEXRWFY,2025-06-30T20:44:48.540723962Z,01JZ195RS4X3R0XZXASS7J2F2G,2025-06-30T20:44:48.540723962Z,01JZ197VZQZ3W28DZHMN5K9CXH,2025-06-30T20:44:48.540723962Z,01JZ197W71AFJWYNBKVH5JY2M6,2025-06-30T20:44:48.540723962Z
01JZ17Y312PW5A7MJ277QVK265,01JZ170DPRHYGRH6M74WMGZ8J5,2025-06-30T20:19:55.55466596Z,01JZ170DRV33K8D9D9ZMQKAW2D,2025-06-30T20:19:55.55466596Z,01JZ17FY7YEZ14CJBS3JX2EV3B,2025-06-30T20:19:55.55466596Z,01JZ17PPJ2YWZWK15QBYRMGXYC,2025-06-30T20:19:55.55466596Z,01JZ17PPMHDK98DK1177D9WR7E,2025-06-30T20:19:55.55466596Z
01JZ1923RKZ6XBBZ54ED7GNF8R,01JZ18G4TN4FH7205KTQTFE7PM,2025-06-30T20:39:35.955179444Z,01JZ18G508W9SSEDAT6B79GZND,2025-06-30T20:39:35.955179444Z,01JZ18JE7QR9RF8E7B9MDMMGE2,2025-06-30T20:39:35.955179444Z,01JZ18STDNJEZSFCWMMDNZVD2H,2025-06-30T20:39:35.955179444Z,01JZ18SV7J133908AJQ39H2H6W,2025-06-30T20:39:35.955179444Z
01JZ1APTQEQHEH44Y9TNPR7C4S,01JZ19VEXCKVX740B60X4W6PQN,2025-06-30T21:08:23.406659909Z,01JZ19VF3FCDRKA7RA8CE3SQDH,2025-06-30T21:08:23.406659909Z,01JZ1A9FT19KFC6EXDW9G1CYS7,2025-06-30T21:08:23.406659909Z,01JZ1AK0GTG09NRGMQGAZDENCH,2025-06-30T21:08:23.406659909Z,01JZ1AK0Q8SSARD5SSHB7KZ1FV,2025-06-30T21:08:23.406659909Z
01JZ17SK7PPD4MFKJ7DD1Q196C,01JZ170DPRHYGRH6M74WMGZ8J5,2025-06-30T20:17:28.310147392Z,01JZ170DS32PJY8CQRMADJXFRG,2025-06-30T20:17:28.310147392Z,01JZ17A84G8QVPB3RW2KXSNH3H,2025-06-30T20:17:28.310147392Z,01JZ17HJY5Q3PQ3SGQ81QN303W,2025-06-30T20:17:28.310147392Z,01JZ17HK2E8CY2FWBMYVY27NZM,2025-06-30T20:17:28.310147392Z
01JZ18TF3WKTHNCB77NTK5WQ6V,01JZ18G4TN4FH7205KTQTFE7PM,2025-06-30T20:35:25.436222292Z,01JZ18G50G0GKPPCFSW2N0ZNW1,2025-06-30T20:35:25.436222292Z,01JZ18N84ND15PG04895JYQ6RT,2025-06-30T20:35:25.436222292Z,01JZ18RHFZ729S1GE13DM98H8Z,2025-06-30T20:35:25.436222292Z,01JZ18RHKM9SS1YZCTMJC8BRDP,2025-06-30T20:35:25.436222292Z
01JZ18VPKWGMECD2GFX1RS2WBP,01JZ18G4TN4FH7205KTQTFE7PM,2025-06-30T20:36:05.884628365Z,01JZ18G4YK3PSP6R2PNWBA4P8S,2025-06-30T20:36:05.884628365Z,01JZ18MVEFXZGBQPET8FQ2326K,2025-06-30T20:36:05.884628365Z,01JZ18QWBAHK4T4H0VEYDTYNA4,2025-06-30T20:36:05.884628365Z,01JZ18QWF0B0N502EC0XGZD96A,2025-06-30T20:36:05.884628365Z
01JZ1BCGJNRAYYQARJV2ESPGTR,01JZ1B1VZ9TM9N3252XVVAH9DZ,2025-06-30T21:20:13.909383532Z,01JZ1B1W6S117BH8HCA7NH9R7E,2025-06-30T21:20:13.909383532Z,01JZ1B3PFQZWK1B01E0NW7J1B1,2025-06-30T21:20:13.909383532Z,01JZ1BAHCPD0S01DARX26K93JP,2025-06-30T21:20:13.909383532Z,01JZ1BAHNHRP82EBP2C9D80PGX,2025-06-30T21:20:13.909383532Z
01JZ1EYKGAWR8E6ED84N0VRZVT,01JZ1E916HBESJXS5SJ82BFZ21,2025-06-30T22:22:32.458523595Z,01JZ1E91HHYKGR583PHV4V6JXR,2025-06-30T22:22:32.458523595Z,01JZ1EQAMF1CPBT3C20MBYJDP4,2025-06-30T22:22:32.458523595Z,01JZ1ERV8NQ1N608W7HC4Y405V,2025-06-30T22:22:32.458523595Z,01JZ1ERVNHV7ET6RPMV36W0M4V,2025-06-30T22:22:32.458523595Z
01JZ1F4K42J8K354M3TX2EG0TT,01JZ1E916HBESJXS5SJ82BFZ21,2025-06-30T22:25:48.674708616Z,01JZ1E91Q18GQE49C0XSDVMF75,2025-06-30T22:25:48.674708616Z,01JZ1EEDS4AMSMWB9W2CPSXDHE,2025-06-30T22:25:48.674708616Z,01JZ1F2JC80W096GAN654HJE4R,2025-06-30T22:25:48.674708616Z,01JZ1F2JNDSSY9K39TWADF2A6N,2025-06-30T22:25:48.674708616Z
01JZ17QXHB392C6BR4E5A2Q27P,01JZ170DPRHYGRH6M74WMGZ8J5,2025-06-30T20:16:33.323971585Z,01JZ170DSBT7R80F1BC6BFNZAP,2025-06-30T20:16:33.323971585Z,01JZ17E2HGHQEBNZ4BGFQ4PF6N,2025-06-30T20:16:33.323971585Z,01JZ17JC3646JKWR0PPXMYYSSE,2025-06-30T20:16:33.323971585Z,01JZ17JC4FBEB4KZMVBDNS6F27,2025-06-30T20:16:33.323971585Z
01JZ17SQZH2V624M8CDTD3VMFN,01JZ170DPRHYGRH6M74WMGZ8J5,2025-06-30T20:17:33.169536847Z,01JZ170DRWH3Q5VEKFYTCWXCB9,2025-06-30T20:17:33.169536847Z,01JZ179F3PP1PB0BWJA9TNG5TN,2025-06-30T20:17:33.169536847Z,01JZ17M6426GB2CWYTAT7MS6CN,2025-06-30T20:17:33.169536847Z,01JZ17M66CRZJG66NVRGEF34B3,2025-06-30T20:17:33.169536847Z
01JZ191RPDX6QNS8ZJFWTCKQMW,01JZ18G4TN4FH7205KTQTFE7PM,2025-06-30T20:39:24.621173736Z,01JZ18G508W9SSEDAT6B79GZND,2025-06-30T20:39:24.621173736Z,01JZ18M2SFWFRTRVV46KHVE0JB,2025-06-30T20:39:24.621173736Z,01JZ18STF1YM3N28QT3VD2MWJ6,2025-06-30T20:39:24.621173736Z,01JZ18SV2ZM1T6PFRJQ9RCHFX1,2025-06-30T20:39:24.621173736Z
01JZ1AQE4JMVSCRXKPS2DBX24Y,01JZ19VEXCKVX740B60X4W6PQN,2025-06-30T21:08:43.282768828Z,01JZ19VF4XXDC5SP97SM18G8VM,2025-06-30T21:08:43.282768828Z,01JZ1ANH2BAB5BYK2XY4CKB2EM,2025-06-30T21:08:43.282768828Z,01JZ1AQBF58925C38R5NVE04TV,2025-06-30T21:08:43.282768828Z,01JZ1AQBKKZ7EHDYEBGGQJ06YK,2025-06-30T21:08:43.282768828Z
01JZ18T5J88AJBJYYB60GYM49A,01JZ18G4TN4FH7205KTQTFE7PM,2025-06-30T20:35:15.65618142Z,01JZ18G512YK4K14AJW1A4KQT5,2025-06-30T20:35:15.65618142Z,01JZ18P8E791PBV9BDRV76VVRH,2025-06-30T20:35:15.65618142Z,01JZ18R8CZAK9T47Q30YNKNJNG,2025-06-30T20:35:15.65618142Z,01JZ18R8FP2PK8E1K46EBVN6DP,2025-06-30T20:35:15.65618142Z
01JZ1BJT9N92Z5PV4563SWAT47,01JZ1B1VZ9TM9N3252XVVAH9DZ,2025-06-30T21:23:40.469931402Z,01JZ1B1W5AJ9N87HJBZ99HRQPJ,2025-06-30T21:23:40.469931402Z,01JZ1B4M3WKZR9J1GGJ7PR0S32,2025-06-30T21:23:40.469931402Z,01JZ1BB7J8Y8W753ARSJ77X4CV,2025-06-30T21:23:40.469931402Z,01JZ1BB7W6W7V0P8VBTA6CVNWM,2025-06-30T21:23:40.469931402Z
01JZ1DHN6MKVE8TNX6BHXCBFF8,01JZ1D0RX94M7HHBAJDNGV8QRS,2025-06-30T21:57:59.636600252Z,01JZ1D0S58CJJ0G6BA8AW8ZVCS,2025-06-30T21:57:59.636600252Z,01JZ1D7DM0SC7JQGS6JG3ZYPAZ,2025-06-30T21:57:59.636600252Z,01JZ1D976ADRX00GH05XJ7VG1Y,2025-06-30T21:57:59.636600252Z,01JZ1D97NV0HAM9VGQPR8BXBXR,2025-06-30T21:57:59.636600252Z
01JZ17S1TNN6PA660Z37SP7269,01JZ170DPRHYGRH6M74WMGZ8J5,2025-06-30T20:17:10.485875174Z,01JZ170DS8YWG03GZVY59N3JD0,2025-06-30T20:17:10.485875174Z,01JZ17CW18JBK0SW96CVGPG5D0,2025-06-30T20:17:10.485875174Z,01JZ17HNMJKGSE7QCGZDT7R79G,2025-06-30T20:17:10.485875174Z,01JZ17HNQ2QM92RRAQT66AF49H,2025-06-30T20:17:10.485875174Z
01JZ18VE2W0EHDBVDRWGGYY2RX,01JZ18G4TN4FH7205KTQTFE7PM,2025-06-30T20:35:57.148050294Z,01JZ18G4ZDA13FR053ZT1R1FPF,2025-06-30T20:35:57.148050294Z,01JZ18JGS17Q4PV0ZHE2RS3V2D,2025-06-30T20:35:57.148050294Z,01JZ18NR677M02YFM90F21XHAA,2025-06-30T20:35:57.148050294Z,01JZ18NR9YEB5WKYMRXDPEWXMJ,2025-06-30T20:35:57.148050294Z
01JZ1A6TFJ2GHWV5YBA32ZZ9TF,01JZ19VEXCKVX740B60X4W6PQN,2025-06-30T20:59:38.866902717Z,01JZ19VF1X4TGM9HTAVFF08YB3,2025-06-30T20:59:38.866902717Z,01JZ19YKGANWM091HXPRFZY75R,2025-06-30T20:59:38.866902717Z,01JZ1A31STNBCB1FNASKSH9RM4,2025-06-30T20:59:38.866902717Z,01JZ1A323YY42SPD46VTD3ZHQB,2025-06-30T20:59:38.866902717Z
01JZ1AMQG55BAATS9GHTF93WE9,01JZ19VEXCKVX740B60X4W6PQN,2025-06-30T21:07:14.56533777Z,01JZ19VF6XEW5FG377QGXCTRD1,2025-06-30T21:07:14.56533777Z,01JZ19XENNWSXAPJJVN05DNY45,2025-06-30T21:07:14.56533777Z,01JZ1ACG610M6TRWXFFV3KK332,2025-06-30T21:07:14.56533777Z,01JZ1ACGMGSPT8R0W07V8V1PZM,2025-06-30T21:07:14.56533777Z
01JZ1BP2374P9BDQ99W5RMZC0S,01JZ1B1VZ9TM9N3252XVVAH9DZ,2025-06-30T21:25:26.759764517Z,01JZ1B1W4RP0VXDDKCJTNKM3AX,2025-06-30T21:25:26.759764517Z,01JZ1BHJS3735357S2TBZ4T5W4,2025-06-30T21:25:26.759764517Z,01JZ1BNY7WEGTS4M119S3G7CHR,2025-06-30T21:25:26.759764517Z,01JZ1BNYCRHZTXEXN79JQJHYW9,2025-06-30T21:25:26.759764517Z
01JZ1F4ERR3N522G0BRFNGX77A,01JZ1E916HBESJXS5SJ82BFZ21,2025-06-30T22:25:44.216694415Z,01JZ1E923XSJ5V9JGGJQR2CG7M,2025-06-30T22:25:44.216694415Z,01JZ1EF4VM7JABTTZNP94E67E7,2025-06-30T22:25:44.216694415Z,01JZ1F28RAA806YV34ZE1BEZ0A,2025-06-30T22:25:44.216694415Z,01JZ1F2970DVBRZ5SCK0Z85AZW,2025-06-30T22:25:44.216694415Z
01JZ17QZST8HHTPHXVN5EFMYK3,01JZ170DPRHYGRH6M74WMGZ8J5,2025-06-30T20:16:35.642708447Z,01JZ170DSR5F2SARFX61BD5BFD,2025-06-30T20:16:35.642708447Z,01JZ17HAYAY9BSFK3RQNTEMCZ6,2025-06-30T20:16:35.642708447Z,01JZ17M8SSZ2QHECS5BA0DPMCQ,2025-06-30T20:16:35.642708447Z,01JZ17M8X6KC6NF1RFX4WSPE6H,2025-06-30T20:16:35.642708447Z
01JZ18ZZDY8H51GEYRXKT9F5QD,01JZ18G4TN4FH7205KTQTFE7PM,2025-06-30T20:38:25.982475967Z,01JZ18G4ZZG5A688HVVJGKBFVW,2025-06-30T20:38:25.982475967Z,01JZ18JE9A6THSRA3515C4Q3GE,2025-06-30T20:38:25.982475967Z,01JZ18RFRDFAMMNBDDR8ZFEFZN,2025-06-30T20:38:25.982475967Z,01JZ18RFXSEQ2N657BWC024J6D,2025-06-30T20:38:25.982475967Z
01JZ1941B1ZVCV5ATVGCXP2Q8Q,01JZ18QHX9XGN83K6T42FK97D5,2025-06-30T20:40:39.009592427Z,01JZ18QHYY9H3H8G0D5BR000CA,2025-06-30T20:40:39.009592427Z,01JZ18YPQMX7TQXCKGYZNA73VF,2025-06-30T20:40:39.009592427Z,01JZ1903BN7V6B2N7AMWNTAWGG,2025-06-30T20:40:39.009592427Z,01JZ190523V4XR8A7CG9KR5N4R,2025-06-30T20:40:39.009592427Z
01JZ1ATGYWGJCX57B03P8JQEKA,01JZ19VEXCKVX740B60X4W6PQN,2025-06-30T21:10:24.476829532Z,01JZ19VF3FCDRKA7RA8CE3SQDH,2025-06-30T21:10:24.476829532Z,01JZ19ZRSF0H44Y7P62WF2M80H,2025-06-30T21:10:24.476829532Z,01JZ1AK0G5B46WY2VWCGE07ZNR,2025-06-30T21:10:24.476829532Z,01JZ1AK0TX4ERGZ5YFKG2BE46V,2025-06-30T21:10:24.476829532Z
01JZ1BJS691DBJMCMH4R7V8E0C,01JZ1B1VZ9TM9N3252XVVAH9DZ,2025-06-30T21:23:39.33749343Z,01JZ1B1W2WT8MR9NJ7RDDSFH2M,2025-06-30T21:23:39.33749343Z,01JZ1BAVN5GCQ9KGRAEPYWSGEC,2025-06-30T21:23:39.33749343Z,01JZ1BD3Y8NHHCFXCV7WB08PE6,2025-06-30T21:23:39.33749343Z,01JZ1BD4E0X1M635NTN1HZAF8G,2025-06-30T21:23:39.33749343Z
01JZ1DEWVZ33FC75MJYY43DZWX,01JZ1D0RX94M7HHBAJDNGV8QRS,2025-06-30T21:56:29.184031597Z,01JZ1D0S58CJJ0G6BA8AW8ZVCS,2025-06-30T21:56:29.184031597Z,01JZ1D4DS7AYHA2YKV7CP2TXFR,2025-06-30T21:56:29.184031597Z,01JZ1D972VTRZHGE4AKVG9RETY,2025-06-30T21:56:29.184031597Z,01JZ1D97D38527G1FS02MJBA35,2025-06-30T21:56:29.184031597Z
01JZ1F4DBDG23D1R0PM5KY3K0N,01JZ1E916HBESJXS5SJ82BFZ21,2025-06-30T22:25:42.765878665Z,01JZ1E91SWVSXS6FK33QCMH9SP,2025-06-30T22:25:42.765878665Z,01JZ1EJSF3D74SJNMB9KEWHKK2,2025-06-30T22:25:42.765878665Z,01JZ1F45CJV6T7PXKVK8XJ2DRQ,2025-06-30T22:25:42.765878665Z,01JZ1F45R9HH8P3JRQ4GT28897,2025-06-30T22:25:42.765878665Z
01JZ17Q46WVJ7FAK8R9VZ2WHBN,01JZ170DPRHYGRH6M74WMGZ8J5,2025-06-30T20:16:07.389058221Z,01JZ170DS32PJY8CQRMADJXFRG,2025-06-30T20:16:07.389058221Z,01JZ17E843W70EAJQAQ7A43HFS,2025-06-30T20:16:07.389058221Z,01JZ17HJXZJXBNGG98GAB8QMCF,2025-06-30T20:16:07.389058221Z,01JZ17HK0T4WZFVQ11NJTWM6R9,2025-06-30T20:16:07.389058221Z
01JZ180CFZF0AT5PBP4GN0QYDH,01JZ170DPRHYGRH6M74WMGZ8J5,2025-06-30T20:21:10.783226388Z,01JZ170DRQN15452AYS561M232,2025-06-30T20:21:10.783226388Z,01JZ17QY7AVGGNKHH7ZM5STBVV,2025-06-30T20:21:10.783226388Z,01JZ17RBE0ZT7HTBY1K3ZRR1VV,2025-06-30T20:21:10.783226388Z,01JZ17RBK2QCDH41N068EAYRRZ,2025-06-30T20:21:10.783226388Z
01JZ18Z44XEPA9RQ3PWP76TYDE,01JZ18G4TN4FH7205KTQTFE7PM,2025-06-30T20:37:58.045953191Z,01JZ18G4ZPD0G0WRB3ZSNJ4KSW,2025-06-30T20:37:58.045953191Z,01JZ18KKFGMMT5SG9HSP332X5F,2025-06-30T20:37:58.045953191Z,01JZ18QMCZ2XYW2ZQY93ZH56GP,2025-06-30T20:37:58.045953191Z,01JZ18QMR9BG7HFDMPRPVAGW22,2025-06-30T20:37:58.045953191Z
01JZ1BQXM9Z5HTAEWPSQHSBZ9N,01JZ1B1VZ9TM9N3252XVVAH9DZ,2025-06-30T21:26:27.721135898Z,01JZ1B1W4RP0VXDDKCJTNKM3AX,2025-06-30T21:26:27.721135898Z,01JZ1BJRR128B2311DSMJCH15V,2025-06-30T21:26:27.721135898Z,01JZ1BNY8P6J7MV2A9X36WMPD0,2025-06-30T21:26:27.721135898Z,01JZ1BNYHGBQVASEB95WWGGHDA,2025-06-30T21:26:27.721135898Z
01JZ1D7DTY0YHS6CZQSEWX911V,01JZ1D0RX94M7HHBAJDNGV8QRS,2025-06-30T21:52:24.414120734Z,01JZ1D0S2S8SEBXETFQJSTGM5V,2025-06-30T21:52:24.414120734Z,01JZ1D4AYTG2DMXZZ36EVW3RQ2,2025-06-30T21:52:24.414120734Z,01JZ1D77QV4PCA19S4PRRTPDFG,2025-06-30T21:52:24.414120734Z,01JZ1D786T6WKM78FF4R0QKCBH,2025-06-30T21:52:24.414120734Z
01JZ1FF6TWGXXRPF24C01D9SCK,01JZ1E916HBESJXS5SJ82BFZ21,2025-06-30T22:31:36.540910363Z,01JZ1E91ENR7DC2PFTK7ZY5PTJ,2025-06-30T22:31:36.540910363Z,01JZ1EH0Y7EBSVGC3G89BQ213G,2025-06-30T22:31:36.540910363Z,01JZ1F70P00K8AHBXPKP5QMP6N,2025-06-30T22:31:36.540910363Z,01JZ1F71N8C3R24QYQNXGHDKGR,2025-06-30T22:31:36.540910363Z
01JZ1H0273TB009E2KBG3M48XH,01JZ1G29Q82GQAKEXSK2E7NK3R,2025-06-30T22:58:17.443444007Z,01JZ1G2A58JMFV91VV93EGJJQY,2025-06-30T22:58:17.443444007Z,01JZ1G5G1FFKZK7WVQ264NYRHA,2025-06-30T22:58:17.443444007Z,01JZ1GW3DRA0H5QCSGM2BKZ7GX,2025-06-30T22:58:17.443444007Z,01JZ1GW42H2JJBV0X7QNB3MK6M,2025-06-30T22:58:17.443444007Z
01JZ17QJTBFDTEFS7211QN6Y1X,01JZ170DPRHYGRH6M74WMGZ8J5,2025-06-30T20:16:22.347855545Z,01JZ170DRSFZ9Y16965WN1Z2F9,2025-06-30T20:16:22.347855545Z,01JZ17971DQBZCGDTGNY2JH6QQ,2025-06-30T20:16:22.347855545Z,01JZ17G70TM6EWY78GFBKAH2E9,2025-06-30T20:16:22.347855545Z,01JZ17G72TBMVDY3HE0ARP6X8X,2025-06-30T20:16:22.347855545Z
01JZ17T8M8V7S81TXJ3GWM9JME,01JZ170DPRHYGRH6M74WMGZ8J5,2025-06-30T20:17:50.216809287Z,01JZ170DSTXK5Z1DV671606E6A,2025-06-30T20:17:50.216809287Z,01JZ17DP10NW99AE12W6233E2P,2025-06-30T20:17:50.216809287Z,01JZ17J85SANMZWN2QB7PBGCW6,2025-06-30T20:17:50.216809287Z,01JZ17J88TCH8B6MR5EHSFK5FM,2025-06-30T20:17:50.216809287Z
01JZ17VX4490ZAFMV1VMZXVH1Q,01JZ170DPRHYGRH6M74WMGZ8J5,2025-06-30T20:18:43.972878918Z,01JZ170DRWH3Q5VEKFYTCWXCB9,2025-06-30T20:18:43.972878918Z,01JZ179X6Q4FCZN7X4TNMWRQ73,2025-06-30T20:18:43.972878918Z,01JZ17M63THTS8VR02B734BA3Z,2025-06-30T20:18:43.972878918Z,01JZ17M68BK07EYSC18JFC5CY6,2025-06-30T20:18:43.972878918Z
01JZ17WNKW1V3APHXC0QTEYFBG,01JZ170DPRHYGRH6M74WMGZ8J5,2025-06-30T20:19:09.052107129Z,01JZ170DSMJZPS89ZBMFZ7ATK7,2025-06-30T20:19:09.052107129Z,01JZ178V1SBS1YEEZCW5R3AAJF,2025-06-30T20:19:09.052107129Z,01JZ17MYEV0AG6XJGH9VVJQXPH,2025-06-30T20:19:09.052107129Z,01JZ17MYPS2K5MNF432JBFSPAV,2025-06-30T20:19:09.052107129Z
01JZ17ZBQ873NY3EA57ZEFE5FT,01JZ170DPRHYGRH6M74WMGZ8J5,2025-06-30T20:20:37.224037264Z,01JZ170DS5DJKXJ3Z7YVJKJJXK,2025-06-30T20:20:37.224037264Z,01JZ178QXEVM580BRMFA0XSN9D,2025-06-30T20:20:37.224037264Z,01JZ17QA5164E7ECZ7F8E2886X,2025-06-30T20:20:37.224037264Z,01JZ17QAAJ9B1W0VFAH61RSG1K,2025-06-30T20:20:37.224037264Z
01JZ1AE5QS8MG3A42WAWW9RFNQ,01JZ19VEXCKVX740B60X4W6PQN,2025-06-30T21:03:39.7692254Z,01JZ19VF81DTYMGWYB0TAJKDWY,2025-06-30T21:03:39.7692254Z,01JZ1A1K79TTT3Z2JTQ13NPY5P,2025-06-30T21:03:39.7692254Z,01JZ1AABK962FFJZTPD33N3VKP,2025-06-30T21:03:39.7692254Z,01JZ1AAC10R1ZEDDYXJ5GXAQNR,2025-06-30T21:03:39.7692254Z
01JZ1AJ878WES7YMG6R58FVHQ4,01JZ19VEXCKVX740B60X4W6PQN,2025-06-30T21:05:53.385013224Z,01JZ19VF81DTYMGWYB0TAJKDWY,2025-06-30T21:05:53.385013224Z,01JZ1A1K79TTT3Z2JTQ13NPY5P,2025-06-30T21:05:53.385013224Z,01JZ1AABMTK3KJJZSMA4TN8BF7,2025-06-30T21:05:53.385013224Z,01JZ1AAC9H0HBM9DYM86FB5S6R,2025-06-30T21:05:53.385013224Z
01JZ17P532G4CH00T5SKXV3B8K,01JZ170DPRHYGRH6M74WMGZ8J5,2025-06-30T20:15:35.522445629Z,01JZ170DSR5F2SARFX61BD5BFD,2025-06-30T20:15:35.522445629Z,01JZ179KCXD57AZVEGR3X2YKFH,2025-06-30T20:15:35.522445629Z,01JZ17M8SSZ2QHECS5BA0DPMCQ,2025-06-30T20:15:35.522445629Z,01JZ17M8WXSFWB8V7Y2FQJ97BS,2025-06-30T20:15:35.522445629Z
01JZ1DB6CGKWWJY6SBPJR427QQ,01JZ1D0RX94M7HHBAJDNGV8QRS,2025-06-30T21:54:27.856726852Z,01JZ1D0S58CJJ0G6BA8AW8ZVCS,2025-06-30T21:54:27.856726852Z,01JZ1D6ZQPM67S4BNXG3Y9BBD9,2025-06-30T21:54:27.856726852Z,01JZ1D972VTRZHGE4AKVG9RETY,2025-06-30T21:54:27.856726852Z,01JZ1D97B1ZB6BYB709AQNDGG4,2025-06-30T21:54:27.856726852Z
01JZ1EZJ051SHZCQNG9CAT2H94,01JZ1E916HBESJXS5SJ82BFZ21,2025-06-30T22:23:03.68517103Z,01JZ1E926BWK6TV1HDSC3ZQW4Y,2025-06-30T22:23:03.68517103Z,01JZ1EQKR69J0BQM6378QJ8X8Y,2025-06-30T22:23:03.68517103Z,01JZ1ESTDEHJ02W2S7D3PQQ6GF,2025-06-30T22:23:03.68517103Z,01JZ1ESTN3DDK0RRE90H4RW7TK,2025-06-30T22:23:03.68517103Z
01JZ17P2E1KQ2PSCJ352ZY8FR7,01JZ170DPRHYGRH6M74WMGZ8J5,2025-06-30T20:15:32.80186754Z,01JZ170DRWH3Q5VEKFYTCWXCB9,2025-06-30T20:15:32.80186754Z,01JZ178J2BZ2NF5FVTXNH8JBMT,2025-06-30T20:15:32.80186754Z,01JZ17M6426GB2CWYTAT7MS6CN,2025-06-30T20:15:32.80186754Z,01JZ17M6658HF5QGMZR9WJW7KS,2025-06-30T20:15:32.80186754Z
01JZ18SZ5TSKPWY2VV8QSBEFNE,01JZ18G4TN4FH7205KTQTFE7PM,2025-06-30T20:35:09.114747232Z,01JZ18G50PJASP911XB82AW46K,2025-06-30T20:35:09.114747232Z,01JZ18KJE91G49FF99NPC5VF6Y,2025-06-30T20:35:09.114747232Z,01JZ18P6M9PWBBNS9EFA2527RR,2025-06-30T20:35:09.114747232Z,01JZ18P6WPH7BDRZCWDRSSXC7E,2025-06-30T20:35:09.114747232Z
01JZ18WEAWQ384Z934HGG6T8SZ,01JZ18G4TN4FH7205KTQTFE7PM,2025-06-30T20:36:30.172183251Z,01JZ18G4XMK5QHE5YNTR43VZ9V,2025-06-30T20:36:30.172183251Z,01JZ18NBPDW8GJCMK3V0N2AHJY,2025-06-30T20:36:30.172183251Z,01JZ18RP89JC5KMWSQF397VP76,2025-06-30T20:36:30.172183251Z,01JZ18RPCTA0P6N5KSHMR7ZB7G,2025-06-30T20:36:30.172183251Z
01JZ1916RD9XW3E69XBNZ4BCK9,01JZ18G4TN4FH7205KTQTFE7PM,2025-06-30T20:39:06.253080155Z,01JZ18G4XMK5QHE5YNTR43VZ9V,2025-06-30T20:39:06.253080155Z,01JZ18JYQDFDP4EVNZQ3HF507K,2025-06-30T20:39:06.253080155Z,01JZ18RP9ZDBJKMBBTW600ZPPV,2025-06-30T20:39:06.253080155Z,01JZ18RPH48SR6A7PG262SRVBN,2025-06-30T20:39:06.253080155Z
01JZ195XXN7H6VTMSTSG5XFAZS,01JZ18QHX9XGN83K6T42FK97D5,2025-06-30T20:41:41.045187368Z,01JZ18QHYY9H3H8G0D5BR000CA,2025-06-30T20:41:41.045187368Z,01JZ18TPQGGX70KYFXP5KFA0ZD,2025-06-30T20:41:41.045187368Z,01JZ1903BN7V6B2N7AMWNTAWGG,2025-06-30T20:41:41.045187368Z,01JZ190537PB6Z84XBD1Q9NVP6,2025-06-30T20:41:41.045187368Z
01JZ19FBBZGMTHDEFZHPEEDJ3Y,01JZ18R9CHSHJ2BAJZ4M4PAW2X,2025-06-30T20:46:49.727856272Z,01JZ18RA3DBE17YR6D8FEXRWFY,2025-06-30T20:46:49.727856272Z,01JZ195RS4X3R0XZXASS7J2F2G,2025-06-30T20:46:49.727856272Z,01JZ197W0CRT1QRT68SVS12ZFW,2025-06-30T20:46:49.727856272Z,01JZ197WAD58SPDF99KX0S8KCP,2025-06-30T20:46:49.727856272Z
01JZ1ASA28VB9500ZC0VKC1VS2,01JZ19VEXCKVX740B60X4W6PQN,2025-06-30T21:09:44.648098859Z,01JZ19VF4XXDC5SP97SM18G8VM,2025-06-30T21:09:44.648098859Z,01JZ1AHC0761QMCW1DPTW1G44R,2025-06-30T21:09:44.648098859Z,01JZ1AQBFWFCVDGCRFV7SS6AMN,2025-06-30T21:09:44.648098859Z,01JZ1AQBNXFVRB6ZGTD0QPGTR6,2025-06-30T21:09:44.648098859Z
01JZ1H4H35HYM889AABRA0N6ND,01JZ1G29Q82GQAKEXSK2E7NK3R,2025-06-30T23:00:43.749187222Z,01JZ1G2A58JMFV91VV93EGJJQY,2025-06-30T23:00:43.749187222Z,01JZ1G5G1FFKZK7WVQ264NYRHA,2025-06-30T23:00:43.749187222Z,01JZ1GW3K49KQTMSG69GXKE3BB,2025-06-30T23:00:43.749187222Z,01JZ1GW4HDCGT8CBM0WR2VEJ2V,2025-06-30T23:00:43.749187222Z
01JZ17NBWDH8C4BPNRXT5EJ1H4,01JZ170DPRHYGRH6M74WMGZ8J5,2025-06-30T20:15:09.709133446Z,01JZ170DSWJ6311N72HPSQWG9K,2025-06-30T20:15:09.709133446Z,01JZ17BEMM8D7MEKMFQ0MBS3DE,2025-06-30T20:15:09.709133446Z,01JZ17KG534VMGAN6DZ77QN8H5,2025-06-30T20:15:09.709133446Z,01JZ17KG7HDSSYDXJ52NAG0WHG,2025-06-30T20:15:09.709133446Z
01JZ192FDM08M9K6PP2CQQCY4T,01JZ18R9CHSHJ2BAJZ4M4PAW2X,2025-06-30T20:39:47.892562706Z,01JZ18RA48YSHMY5EWBJ9E61V2,2025-06-30T20:39:47.892562706Z,01JZ18XW8Z67J1KER526XJJSXY,2025-06-30T20:39:47.892562706Z,01JZ192CM1S0TWD820FVH6YX9C,2025-06-30T20:39:47.892562706Z,01JZ192CT2R3V3QWAA0SERRXH6,2025-06-30T20:39:47.892562706Z
01JZ1AZ5YH7VSZQBXXY4VVFX72,01JZ19VEXCKVX740B60X4W6PQN,2025-06-30T21:12:57.04180423Z,01JZ19VF4XXDC5SP97SM18G8VM,2025-06-30T21:12:57.04180423Z,01JZ1ANH2BAB5BYK2XY4CKB2EM,2025-06-30T21:12:57.04180423Z,01JZ1AQBH2AQ4HJ4SKYQ5374F4,2025-06-30T21:12:57.04180423Z,01JZ1AQC0QDS5MXCQA9E82VAD0,2025-06-30T21:12:57.04180423Z
01JZ1F2HAPRMZCB4NAS6Q4CSND,01JZ1E916HBESJXS5SJ82BFZ21,2025-06-30T22:24:41.302720525Z,01JZ1E91MDHZVF6NVBEDDVGZWT,2025-06-30T22:24:41.302720525Z,01JZ1EK6MNQT8KSAR9HC017X0H,2025-06-30T22:24:41.302720525Z,01JZ1EWVQ3C0P2AKJ3GFKFG7H9,2025-06-30T22:24:41.302720525Z,01JZ1EWVY6CA9DVW0ZSE84YQQ4,2025-06-30T22:24:41.302720525Z
01JZ1AMZB6M1C7C4MENBGBGZNA,01JZ19VEXCKVX740B60X4W6PQN,2025-06-30T21:07:22.598948862Z,01JZ19VF3FCDRKA7RA8CE3SQDH,2025-06-30T21:07:22.598948862Z,01JZ1A9FT19KFC6EXDW9G1CYS7,2025-06-30T21:07:22.598948862Z,01JZ1AK0GTG09NRGMQGAZDENCH,2025-06-30T21:07:22.598948862Z,01JZ1AK0PK944AY7EGT6WNDPTW,2025-06-30T21:07:22.598948862Z
01JZ1DEMBKS0C666DXDTXXKAHR,01JZ1D0RX94M7HHBAJDNGV8QRS,2025-06-30T21:56:20.467637853Z,01JZ1D0S14X3T6948SDJVF454K,2025-06-30T21:56:20.467637853Z,01JZ1D3Y76V55J2284DH2783V0,2025-06-30T21:56:20.467637853Z,01JZ1DCMNY0VAHZRBKPHM6R6CB,2025-06-30T21:56:20.467637853Z,01JZ1DCMY62GH7D5YECF4G95A6,2025-06-30T21:56:20.467637853Z
01JZ1F4EZXC46HRE1P86XSXD3V,01JZ1E916HBESJXS5SJ82BFZ21,2025-06-30T22:25:44.445473222Z,01JZ1E91MDHZVF6NVBEDDVGZWT,2025-06-30T22:25:44.445473222Z,01JZ1EV2QBA0A51FSNHWZDJC5Q,2025-06-30T22:25:44.445473222Z,01JZ1EWVHXM95HAKJR9TT7S3AD,2025-06-30T22:25:44.445473222Z,01JZ1EWW16MB2V9TEJT00TP3MP,2025-06-30T22:25:44.445473222Z
01JZ1F69R1EP8G3DZ3F45307TN,01JZ1E916HBESJXS5SJ82BFZ21,2025-06-30T22:26:44.609617055Z,01JZ1E923XSJ5V9JGGJQR2CG7M,2025-06-30T22:26:44.609617055Z,01JZ1EF4VM7JABTTZNP94E67E7,2025-06-30T22:26:44.609617055Z,01JZ1F28RAA806YV34ZE1BEZ0A,2025-06-30T22:26:44.609617055Z,01JZ1F298NDNMTKPGKKSQJAVAB,2025-06-30T22:26:44.609617055Z
01JZ1GWXKA4TRXRESYB482HKV1,01JZ1G29Q82GQAKEXSK2E7NK3R,2025-06-30T22:56:34.410232055Z,01JZ1G29XRNS92G9JYEX4H033M,2025-06-30T22:56:34.410232055Z,01JZ1G3PKEWNM3BADHFXST2D82,2025-06-30T22:56:34.410232055Z,01JZ1GM6FVX8G2G466W7T4K4VT,2025-06-30T22:56:34.410232055Z,01JZ1GM77Q88VCQ038VBXFS21Y,2025-06-30T22:56:34.410232055Z
01JZ17P52S39D6Z9DFQ9GBVNH1,01JZ170DPRHYGRH6M74WMGZ8J5,2025-06-30T20:15:35.513974091Z,01JZ170DSR5F2SARFX61BD5BFD,2025-06-30T20:15:35.513974091Z,01JZ17BSGD1ZFE3AGW45TSH40F,2025-06-30T20:15:35.513974091Z,01JZ17M8SSZ2QHECS5BA0DPMCQ,2025-06-30T20:15:35.513974091Z,01JZ17M8WXSFWB8V7Y2FQJ97BS,2025-06-30T20:15:35.513974091Z
01JZ17YQ0QMZQ21T6VD3EWQZ0F,01JZ170DPRHYGRH6M74WMGZ8J5,2025-06-30T20:20:16.023446377Z,01JZ170DS5DJKXJ3Z7YVJKJJXK,2025-06-30T20:20:16.023446377Z,01JZ17FZXSD3JPY8Z3YRMZJDDV,2025-06-30T20:20:16.023446377Z,01JZ17QA59QV908YAV00Z9M88J,2025-06-30T20:20:16.023446377Z,01JZ17QA8Z5AQT5PQN1RAFMA1B,2025-06-30T20:20:16.023446377Z
01JZ1BSX1Z9ATDWXR5C9RYNCCW,01JZ1B1VZ9TM9N3252XVVAH9DZ,2025-06-30T21:27:32.671427347Z,01JZ1B1W46BH5YH0XYSE8KJRBK,2025-06-30T21:27:32.671427347Z,01JZ1B88RR65Q9PG31DJTYC075,2025-06-30T21:27:32.671427347Z,01JZ1BJ1EF1GE16G0A1JBEPRNS,2025-06-30T21:27:32.671427347Z,01JZ1BJ1SBSN34XNBS78WBRGJR,2025-06-30T21:27:32.671427347Z
01JZ1GHN3RRM71G9KF3DA56TX3,01JZ1G29Q82GQAKEXSK2E7NK3R,2025-06-30T22:50:25.2729965Z,01JZ1G2A6YM039KVE3FBKDN5TM,2025-06-30T22:50:25.2729965Z,01JZ1G4ZKPR33SMREF8RYR14CE,2025-06-30T22:50:25.2729965Z,01JZ1GDRQETQFVFT79CV7FCC6X,2025-06-30T22:50:25.2729965Z,01JZ1GDS8S3987ZJDH5TG3X9SJ,2025-06-30T22:50:25.2729965Z
01JZ17MA7J4RFRDXV7BWB5GS5G,01JZ170DPRHYGRH6M74WMGZ8J5,2025-06-30T20:14:35.250573095Z,01JZ170DSR5F2SARFX61BD5BFD,2025-06-30T20:14:35.250573095Z,01JZ17BSGD1ZFE3AGW45TSH40F,2025-06-30T20:14:35.250573095Z,01JZ17M8SKNJW5A4Z1S33P0E3X,2025-06-30T20:14:35.250573095Z,01JZ17M8VDWK4J4M7B81ZHBGC1,2025-06-30T20:14:35.250573095Z
01JZ17XWRDQAE5MWYYZ19XC312,01JZ170DPRHYGRH6M74WMGZ8J5,2025-06-30T20:19:49.133674473Z,01JZ170DRQN15452AYS561M232,2025-06-30T20:19:49.133674473Z,01JZ177RVVNSCWMQHY3N3M9P3Y,2025-06-30T20:19:49.133674473Z,01JZ17RBCT038Y8QAFS6F67QDM,2025-06-30T20:19:49.133674473Z,01JZ17RBGPE2RQ9J5YW800P61S,2025-06-30T20:19:49.133674473Z
01JZ18VX63PH47ZFXEMDBFFGX1,01JZ18G4TN4FH7205KTQTFE7PM,2025-06-30T20:36:12.611446552Z,01JZ18G4X5EPR69QT64DVYQXFJ,2025-06-30T20:36:12.611446552Z,01JZ18HXXDMVGXCQ4P1CVWEG2V,2025-06-30T20:36:12.611446552Z,01JZ18PAPZYGZBF3DQ7XCBJ9MP,2025-06-30T20:36:12.611446552Z,01JZ18PAV4CZ083Z3090NH4W96,2025-06-30T20:36:12.611446552Z
01JZ1C87S89WT16TX4KZ3WNB50,01JZ1BX7WQMA45G0E33EEHJ3V9,2025-06-30T21:35:22.408635597Z,01JZ1BX849RGFMRNF1WR9VXVPD,2025-06-30T21:35:22.408635597Z,01JZ1C6CTMT28Z0M14S1H6T07Y,2025-06-30T21:35:22.408635597Z,01JZ1C84NV5HP0B6N4ET0C4V87,2025-06-30T21:35:22.408635597Z,01JZ1C84VR4JFNGZMSFZS26CRP,2025-06-30T21:35:22.408635597Z
01JZ17QMGDR23P2FWD8KA8ETFX,01JZ170DPRHYGRH6M74WMGZ8J5,2025-06-30T20:16:24.078517465Z,01JZ170DSXXMDA003X79NFA4N0,2025-06-30T20:16:24.078517465Z,01JZ17CZMJ8ZJDC1BKFXHNXYR1,2025-06-30T20:16:24.078517465Z,01JZ17NRSETRAHA86XGKD3ZGNV,2025-06-30T20:16:24.078517465Z,01JZ17NRTWNPJ7D39Z7SR6T2JP,2025-06-30T20:16:24.078517465Z
01JZ17SC0X8BVQJTVPTNC1ZJXN,01JZ170DPRHYGRH6M74WMGZ8J5,2025-06-30T20:17:20.925299864Z,01JZ170DS8YWG03GZVY59N3JD0,2025-06-30T20:17:20.925299864Z,01JZ179QC9P59RRBVKW06P1VJF,2025-06-30T20:17:20.925299864Z,01JZ17HNMFBJ73AV6PBJ6E0ZQ5,2025-06-30T20:17:20.925299864Z,01JZ17HNQKM5Q6V1MHWC4MZRD2,2025-06-30T20:17:20.925299864Z
01JZ17V6HQQGTQZ1MK6C4KCDZP,01JZ170DPRHYGRH6M74WMGZ8J5,2025-06-30T20:18:20.855842333Z,01JZ170DSWJ6311N72HPSQWG9K,2025-06-30T20:18:20.855842333Z,01JZ17HR3SKAZC9R19A608NCQK,2025-06-30T20:18:20.855842333Z,01JZ17KG4Z9CHYTG6HQWPNQJ5E,2025-06-30T20:18:20.855842333Z,01JZ17KGA1S284K8EBMDYKKSKD,2025-06-30T20:18:20.855842333Z
01JZ17YQ0G3PW1KM5PEAACRVWV,01JZ170DPRHYGRH6M74WMGZ8J5,2025-06-30T20:20:16.016111577Z,01JZ170DS5DJKXJ3Z7YVJKJJXK,2025-06-30T20:20:16.016111577Z,01JZ1763ZE1VD7FNYG3WZHGCWZ,2025-06-30T20:20:16.016111577Z,01JZ17QA59QV908YAV00Z9M88J,2025-06-30T20:20:16.016111577Z,01JZ17QA8Z5AQT5PQN1RAFMA1B,2025-06-30T20:20:16.016111577Z
01JZ18YDW95C3RQW8KJYVBQEYQ,01JZ18G4TN4FH7205KTQTFE7PM,2025-06-30T20:37:35.24115285Z,01JZ18G4X5EPR69QT64DVYQXFJ,2025-06-30T20:37:35.24115285Z,01JZ18HXXDMVGXCQ4P1CVWEG2V,2025-06-30T20:37:35.24115285Z,01JZ18PAQPXAB9KP38CAA042W4,2025-06-30T20:37:35.24115285Z,01JZ18PAYS1PHK1KKPBPBPHKTP,2025-06-30T20:37:35.24115285Z
01JZ1CG9NRCX2MHBX9QR85NDQD,01JZ1BX7WQMA45G0E33EEHJ3V9,2025-06-30T21:39:46.488703388Z,01JZ1BX849RGFMRNF1WR9VXVPD,2025-06-30T21:39:46.488703388Z,01JZ1C4P0YN4P4R63ZN9FPE2D4,2025-06-30T21:39:46.488703388Z,01JZ1C84T2E9S1287QS1CMSZMQ,2025-06-30T21:39:46.488703388Z,01JZ1C857WC7WCWARBB6R4764E,2025-06-30T21:39:46.488703388Z
01JZ1BJG02YEDNZHMYBT9VHA2R,01JZ1B1VZ9TM9N3252XVVAH9DZ,2025-06-30T21:23:29.922233913Z,01JZ1B1W6S117BH8HCA7NH9R7E,2025-06-30T21:23:29.922233913Z,01JZ1B51FGYNJ0T68GXM1MEH1R,2025-06-30T21:23:29.922233913Z,01JZ1BAHERRJG5Y4NQ430CHJGP,2025-06-30T21:23:29.922233913Z,01JZ1BAHXWBT00DK00GM6F2Y5F,2025-06-30T21:23:29.922233913Z
01JZ1H1XDSBVCFGFMBAVTS7MG8,01JZ1G29Q82GQAKEXSK2E7NK3R,2025-06-30T22:59:18.073622598Z,01JZ1G2A58JMFV91VV93EGJJQY,2025-06-30T22:59:18.073622598Z,01JZ1GV1M5Q32ZNQW2E45R5EH9,2025-06-30T22:59:18.073622598Z,01JZ1GW3DRA0H5QCSGM2BKZ7GX,2025-06-30T22:59:18.073622598Z,01JZ1GW44CYZRAXF14GM81B764,2025-06-30T22:59:18.073622598Z
01JZ17Q6WY372K3N4J4QDJYBC2,01JZ170DPRHYGRH6M74WMGZ8J5,2025-06-30T20:16:10.143018734Z,01JZ170DS8YWG03GZVY59N3JD0,2025-06-30T20:16:10.143018734Z,01JZ17CW18JBK0SW96CVGPG5D0,2025-06-30T20:16:10.143018734Z,01JZ17HNMQAAW5HV1NJ3KN0TDP,2025-06-30T20:16:10.143018734Z,01JZ17HNP9BV8JHZB1QE7WG35X,2025-06-30T20:16:10.143018734Z
01JZ17V9XYGDNMYYRJZGD16M9S,01JZ170DPRHYGRH6M74WMGZ8J5,2025-06-30T20:18:24.318418241Z,01JZ170DSXXMDA003X79NFA4N0,2025-06-30T20:18:24.318418241Z,01JZ179JK7EB00XG1XXC6JXGYV,2025-06-30T20:18:24.318418241Z,01JZ17NRSETRAHA86XGKD3ZGNV,2025-06-30T20:18:24.318418241Z,01JZ17NRVFFVYGG6VDAXW2Q3R4,2025-06-30T20:18:24.318418241Z
01JZ19BN0AV4F9EK129VTYTJSG,01JZ18R9CHSHJ2BAJZ4M4PAW2X,2025-06-30T20:44:48.522456968Z,01JZ18RA3DBE17YR6D8FEXRWFY,2025-06-30T20:44:48.522456968Z,01JZ18YGCJT7GPM1GCH83ZG2E6,2025-06-30T20:44:48.522456968Z,01JZ197VZQZ3W28DZHMN5K9CXH,2025-06-30T20:44:48.522456968Z,01JZ197W71AFJWYNBKVH5JY2M6,2025-06-30T20:44:48.522456968Z
01JZ1AMZCM6CF452AFH3XE560V,01JZ19VEXCKVX740B60X4W6PQN,2025-06-30T21:07:22.644929751Z,01JZ19VF3FCDRKA7RA8CE3SQDH,2025-06-30T21:07:22.644929751Z,01JZ19WY3ATKAJQ5V1K5TAB38J,2025-06-30T21:07:22.644929751Z,01JZ1AK0GTG09NRGMQGAZDENCH,2025-06-30T21:07:22.644929751Z,01JZ1AK0PK944AY7EGT6WNDPTW,2025-06-30T21:07:22.644929751Z
01JZ1CBYZ11AQYH0K1RERYTJYE,01JZ1BX7WQMA45G0E33EEHJ3V9,2025-06-30T21:37:24.449675009Z,01JZ1BX80QRTKGB6MH6HMRDXS1,2025-06-30T21:37:24.449675009Z,01JZ1BYVYWJTY34XWWWGSZYC2W,2025-06-30T21:37:24.449675009Z,01JZ1C68WHJ3JXAR0SNG92WD7N,2025-06-30T21:37:24.449675009Z,01JZ1C69KKZEBV1Z57Y44FZAZR,2025-06-30T21:37:24.449675009Z
01JZ1FA0A5CSJCHS6MSW5C6MN0,01JZ1E916HBESJXS5SJ82BFZ21,2025-06-30T22:28:46.021925138Z,01JZ1E91SWVSXS6FK33QCMH9SP,2025-06-30T22:28:46.021925138Z,01JZ1F2TBXEZEKPK7X854K54D8,2025-06-30T22:28:46.021925138Z,01JZ1F45E1EEK0EVP02WHSXZM6,2025-06-30T22:28:46.021925138Z,01JZ1F45ZB3SD0HXV6WHWTKMTN,2025-06-30T22:28:46.021925138Z
01JZ1AZGQGVYANMBPFDJJPP13Z,01JZ19VEXCKVX740B60X4W6PQN,2025-06-30T21:13:08.080909896Z,01JZ19VF4XXDC5SP97SM18G8VM,2025-06-30T21:13:08.080909896Z,01JZ19XD6XDCZFB3F08CC7HS0Y,2025-06-30T21:13:08.080909896Z,01JZ1AQBGFVYCSP9N6MQYTQFEK,2025-06-30T21:13:08.080909896Z,01JZ1AQC2J84K7V9QFGXHZ263Z,2025-06-30T21:13:08.080909896Z
01JZ17XV4KESDCGC4NWBV1TCAW,01JZ170DPRHYGRH6M74WMGZ8J5,2025-06-30T20:19:47.475592602Z,01JZ170DS0283SZNEN95XAWWS4,2025-06-30T20:19:47.475592602Z,01JZ17J8N9NAW1ASAH1NWPJBAP,2025-06-30T20:19:47.475592602Z,01JZ17NT6Q15JZTNT1T2TRQ09Q,2025-06-30T20:19:47.475592602Z,01JZ17NTC4DG1CYJJTJY1F2J8J,2025-06-30T20:19:47.475592602Z
01JZ18Y1CYPNDAHCEQADBS8G19,01JZ18G4TN4FH7205KTQTFE7PM,2025-06-30T20:37:22.462170905Z,01JZ18G50PJASP911XB82AW46K,2025-06-30T20:37:22.462170905Z,01JZ18KCZAP8MJWF3YFSDPP92T,2025-06-30T20:37:22.462170905Z,01JZ18P6NBJ7Z652WDFV9M7NT4,2025-06-30T20:37:22.462170905Z,01JZ18P739EYESK92YXTAPSPB7,2025-06-30T20:37:22.462170905Z
01JZ18ZZEGJTZCBDTB48E6K5KG,01JZ18G4TN4FH7205KTQTFE7PM,2025-06-30T20:38:26.000156433Z,01JZ18G4ZZG5A688HVVJGKBFVW,2025-06-30T20:38:26.000156433Z,01JZ18HSGA4VKS1NR0MAVDXW88,2025-06-30T20:38:26.000156433Z,01JZ18RFRDFAMMNBDDR8ZFEFZN,2025-06-30T20:38:26.000156433Z,01JZ18RFXSEQ2N657BWC024J6D,2025-06-30T20:38:26.000156433Z
01JZ190DP2ZAZPE251GRFEPCRW,01JZ18G4TN4FH7205KTQTFE7PM,2025-06-30T20:38:40.578313019Z,01JZ18G4XDWA3A08Y0HZ5HSAAF,2025-06-30T20:38:40.578313019Z,01JZ18KBAJ0PGQTXZHZSD7KQ4A,2025-06-30T20:38:40.578313019Z,01JZ18R104VYMDDRK1QJHT9RQ9,2025-06-30T20:38:40.578313019Z,01JZ18R18DFKMEAWWTVWN3KHR5,2025-06-30T20:38:40.578313019Z
01JZ191RSJ28MNTM2MZ6P3ECRN,01JZ18G4TN4FH7205KTQTFE7PM,2025-06-30T20:39:24.722463466Z,01JZ18G508W9SSEDAT6B79GZND,2025-06-30T20:39:24.722463466Z,01JZ18J46H2273JNNKGGW4JXM3,2025-06-30T20:39:24.722463466Z,01JZ18STF1YM3N28QT3VD2MWJ6,2025-06-30T20:39:24.722463466Z,01JZ18SV2ZM1T6PFRJQ9RCHFX1,2025-06-30T20:39:24.722463466Z
01JZ197YY5YK04SD0NJNRJRMMZ,01JZ18R9CHSHJ2BAJZ4M4PAW2X,2025-06-30T20:42:47.621557441Z,01JZ18RA3DBE17YR6D8FEXRWFY,2025-06-30T20:42:47.621557441Z,01JZ18YGCJT7GPM1GCH83ZG2E6,2025-06-30T20:42:47.621557441Z,01JZ197VZ0Q6DEGD42E0811129,2025-06-30T20:42:47.621557441Z,01JZ197W3QRNRR8DKX46RB029D,2025-06-30T20:42:47.621557441Z
01JZ1A341TFYC7ZS7YQ4DS1TZP,01JZ19VEXCKVX740B60X4W6PQN,2025-06-30T20:57:37.594181937Z,01JZ19VF1X4TGM9HTAVFF08YB3,2025-06-30T20:57:37.594181937Z,01JZ19YSKES03CBT0DQ4XQZD4Y,2025-06-30T20:57:37.594181937Z,01JZ1A31S02SDHSEM91H5D9K0N,2025-06-30T20:57:37.594181937Z,01JZ1A31XT5XZPYQN2JAHT1N80,2025-06-30T20:57:37.594181937Z
01JZ1GE5V4T05NVY3Z3MCT5GZ0,01JZ1G29Q82GQAKEXSK2E7NK3R,2025-06-30T22:48:31.332706283Z,01JZ1G2A3Q53QEYHDQX68WVVKH,2025-06-30T22:48:31.332706283Z,01JZ1G7Q5PBNYB0Y67X5QD4VST,2025-06-30T22:48:31.332706283Z,01JZ1GE1DYQ4EFPNC3YG4MVVET,2025-06-30T22:48:31.332706283Z,01JZ1GE1NJ67APV5WX5MY10P1N,2025-06-30T22:48:31.332706283Z
01JZ17VV55F64VQ25T6K77SYJJ,01JZ170DPRHYGRH6M74WMGZ8J5,2025-06-30T20:18:41.957215493Z,01JZ170DS434CCJM920K0JDY80,2025-06-30T20:18:41.957215493Z,01JZ17BZXCKBRDGQ6529TYVNY6,2025-06-30T20:18:41.957215493Z,01JZ17MERZP6TAGVPVPPE2FHS9,2025-06-30T20:18:41.957215493Z,01JZ17MEX4K8Z19WHNAVHX7GQJ,2025-06-30T20:18:41.957215493Z
01JZ1AJMPKKDKSY1KMWVFVTSSH,01JZ19VEXCKVX740B60X4W6PQN,2025-06-30T21:06:06.163564163Z,01JZ19VF5YA4VZJRJDVJVY1XBY,2025-06-30T21:06:06.163564163Z,01JZ19Y068YTBSDNPDANA6K38M,2025-06-30T21:06:06.163564163Z,01JZ1AAR25HY3X5YXR8EKP4ZNT,2025-06-30T21:06:06.163564163Z,01JZ1AARBJSP4Q4WRQR945GTZC,2025-06-30T21:06:06.163564163Z
01JZ1ASA0RMNXE5BYD3ZVV3A2W,01JZ19VEXCKVX740B60X4W6PQN,2025-06-30T21:09:44.600476941Z,01JZ19VF4XXDC5SP97SM18G8VM,2025-06-30T21:09:44.600476941Z,01JZ1ANDKY8QTNAK6C66WRTD5R,2025-06-30T21:09:44.600476941Z,01JZ1AQBFWFCVDGCRFV7SS6AMN,2025-06-30T21:09:44.600476941Z,01JZ1AQBNXFVRB6ZGTD0QPGTR6,2025-06-30T21:09:44.600476941Z
01JZ1DJ39QNRE5V7C9A4B7Y80Q,01JZ1D0RX94M7HHBAJDNGV8QRS,2025-06-30T21:58:14.071305214Z,01JZ1D0S064NT759Q480WCA8PK,2025-06-30T21:58:14.071305214Z,01JZ1DB67XDQM93GQRR65SS1X0,2025-06-30T21:58:14.071305214Z,01JZ1DFXKSWPB74HF8RE7BCFY9,2025-06-30T21:58:14.071305214Z,01JZ1DFYGHJTXQFBB5R3JYYTCY,2025-06-30T21:58:14.071305214Z
01JZ1DNEHFV27YEPM7KGGZ4K6S,01JZ1D0RX94M7HHBAJDNGV8QRS,2025-06-30T22:00:03.887439978Z,01JZ1D0S61XK8FZCNQBM2ZAEE6,2025-06-30T22:00:03.887439978Z,01JZ1D4E6V1F7QYCN1KQC77HPV,2025-06-30T22:00:03.887439978Z,01JZ1DHG42SDRFG0AMYRAAVFFX,2025-06-30T22:00:03.887439978Z,01JZ1DHGT73RX5V018YKF27ZKE,2025-06-30T22:00:03.887439978Z
01JZ190RP1K24DG9QZYFWYQHZV,01JZ18QHX9XGN83K6T42FK97D5,2025-06-30T20:38:51.84167676Z,01JZ18QHZ9KPT0XZ66BZ9ZB89K,2025-06-30T20:38:51.84167676Z,01JZ18VHSP5WBV88CARNF83RF7,2025-06-30T20:38:51.84167676Z,01JZ190NGFZQKP3C3J9CSTAF6G,2025-06-30T20:38:51.84167676Z,01JZ190NM7QK3C80RBE2B5WJ43,2025-06-30T20:38:51.84167676Z
01JZ1F8B9BDZ5DASJKW1SM4R3K,01JZ1E916HBESJXS5SJ82BFZ21,2025-06-30T22:27:51.723485439Z,01JZ1E91Q18GQE49C0XSDVMF75,2025-06-30T22:27:51.723485439Z,01JZ1EEDS4AMSMWB9W2CPSXDHE,2025-06-30T22:27:51.723485439Z,01JZ1F2JC80W096GAN654HJE4R,2025-06-30T22:27:51.723485439Z,01JZ1F2JQP07XS8JHS4AZFC7M8,2025-06-30T22:27:51.723485439Z
01JZ17VV43TA8PDN6DPRX2CMPJ,01JZ170DPRHYGRH6M74WMGZ8J5,2025-06-30T20:18:41.923194808Z,01JZ170DS434CCJM920K0JDY80,2025-06-30T20:18:41.923194808Z,01JZ17BXPZGQSXJ1A4PH60Q6WQ,2025-06-30T20:18:41.923194808Z,01JZ17MERZP6TAGVPVPPE2FHS9,2025-06-30T20:18:41.923194808Z,01JZ17MEX4K8Z19WHNAVHX7GQJ,2025-06-30T20:18:41.923194808Z
01JZ18XRDCHW3P5R8FRAPQRW5N,01JZ18G4TN4FH7205KTQTFE7PM,2025-06-30T20:37:13.260499658Z,01JZ18G4X5EPR69QT64DVYQXFJ,2025-06-30T20:37:13.260499658Z,01JZ18J5R16DTA3XKT9Y9737P7,2025-06-30T20:37:13.260499658Z,01JZ18PAPJXR5K55YMBBDH8RCF,2025-06-30T20:37:13.260499658Z,01JZ18PAWCKXR2FBWZFCKBYAH8,2025-06-30T20:37:13.260499658Z
01JZ1BAN5AWHCVZ5MH274CPCNA,01JZ1B1VZ9TM9N3252XVVAH9DZ,2025-06-30T21:19:13.066535325Z,01JZ1B1W6S117BH8HCA7NH9R7E,2025-06-30T21:19:13.066535325Z,01JZ1B4F0AXDADE5G5GXRT5GAX,2025-06-30T21:19:13.066535325Z,01JZ1BAHADH4W4M1AJ6DNKBPWK,2025-06-30T21:19:13.066535325Z,01JZ1BAHHFGV7D8DX0F23S9G4D,2025-06-30T21:19:13.066535325Z
01JZ1BPVB278JSAG73JJGT4JXY,01JZ1B1VZ9TM9N3252XVVAH9DZ,2025-06-30T21:25:52.610122782Z,01JZ1B1W68Y1JCNSRHTZJR0WTB,2025-06-30T21:25:52.610122782Z,01JZ1B62EVJPYFB1CKMM3NTQNK,2025-06-30T21:25:52.610122782Z,01JZ1BH44X88X65JM8T5DXFWMN,2025-06-30T21:25:52.610122782Z,01JZ1BH4KN12FMR11G35AYXHA6,2025-06-30T21:25:52.610122782Z
01JZ1F4SY3SVAG66W33TTX49MG,01JZ1E916HBESJXS5SJ82BFZ21,2025-06-30T22:25:55.651904385Z,01JZ1E91MDHZVF6NVBEDDVGZWT,2025-06-30T22:25:55.651904385Z,01JZ1EV2QBA0A51FSNHWZDJC5Q,2025-06-30T22:25:55.651904385Z,01JZ1EWVMZXSDYKNCVCZNFHQ7S,2025-06-30T22:25:55.651904385Z,01JZ1EWW53MYETJ8GQ7KY9R871,2025-06-30T22:25:55.651904385Z
01JZ17XS91W0VTG8Z0X61JX6NQ,01JZ170DPRHYGRH6M74WMGZ8J5,2025-06-30T20:19:45.569755468Z,01JZ170DSXXMDA003X79NFA4N0,2025-06-30T20:19:45.569755468Z,01JZ17DZPC160FQJMAZ5KCFYDP,2025-06-30T20:19:45.569755468Z,01JZ17NRS66B2XN3XYTK9HZXA6,2025-06-30T20:19:45.569755468Z,01JZ17NRXT8PX5JT9SVTD0DFSR,2025-06-30T20:19:45.569755468Z
01JZ18VPG97WJ32FMTNSW9S797,01JZ18G4TN4FH7205KTQTFE7PM,2025-06-30T20:36:05.76953061Z,01JZ18G4YK3PSP6R2PNWBA4P8S,2025-06-30T20:36:05.76953061Z,01JZ18J1HPCJW9NZWB0AN2GDSE,2025-06-30T20:36:05.76953061Z,01JZ18QWBAHK4T4H0VEYDTYNA4,2025-06-30T20:36:05.76953061Z,01JZ18QWF0B0N502EC0XGZD96A,2025-06-30T20:36:05.76953061Z
01JZ18Y1HNFEHDGME8RNX0TE3J,01JZ18G4TN4FH7205KTQTFE7PM,2025-06-30T20:37:22.61348422Z,01JZ18G50PJASP911XB82AW46K,2025-06-30T20:37:22.61348422Z,01JZ18HFN6SPVZ5DYGTVB7ZVYC,2025-06-30T20:37:22.61348422Z,01JZ18P6NBJ7Z652WDFV9M7NT4,2025-06-30T20:37:22.61348422Z,01JZ18P739EYESK92YXTAPSPB7,2025-06-30T20:37:22.61348422Z
01JZ1BSWYMJ8K2QN3BMP12TGTS,01JZ1B1VZ9TM9N3252XVVAH9DZ,2025-06-30T21:27:32.564737684Z,01JZ1B1W46BH5YH0XYSE8KJRBK,2025-06-30T21:27:32.564737684Z,01JZ1B811D0DJD23YQN2DZYBGD,2025-06-30T21:27:32.564737684Z,01JZ1BJ1EF1GE16G0A1JBEPRNS,2025-06-30T21:27:32.564737684Z,01JZ1BJ1SBSN34XNBS78WBRGJR,2025-06-30T21:27:32.564737684Z
01JZ1BXWQCER2Z0GE3H4G8B9VH,01JZ1B1VZ9TM9N3252XVVAH9DZ,2025-06-30T21:29:43.404789114Z,01JZ1B1W5TAZ0C76DBH0ZAEY5X,2025-06-30T21:29:43.404789114Z,01JZ1B3Y49GJFDA022ZKPSHE7M,2025-06-30T21:29:43.404789114Z,01JZ1BNNMV2BR05NWSF4VH5Q39,2025-06-30T21:29:43.404789114Z,01JZ1BNPPSW8TS84E619NWBAV9,2025-06-30T21:29:43.404789114Z
01JZ1DSG7TE3010KNN6111M2PM,01JZ1D0RX94M7HHBAJDNGV8QRS,2025-06-30T22:02:16.698410632Z,01JZ1D0S4EMT97ECKQ06X1ZWAX,2025-06-30T22:02:16.698410632Z,01JZ1DAGGXK4R30KWG4J61A22A,2025-06-30T22:02:16.698410632Z,01JZ1DHWHN1GY9FT52VYW8NJ46,2025-06-30T22:02:16.698410632Z,01JZ1DHWZDVEZQQNZE9HKD8JZW,2025-06-30T22:02:16.698410632Z
01JZ1EY52ZSE9PCHMMTNRH1KWQ,01JZ1E916HBESJXS5SJ82BFZ21,2025-06-30T22:22:17.695336717Z,01JZ1E91WFH0SPDF0PZ6G1349X,2025-06-30T22:22:17.695336717Z,01JZ1EBNRXWXP0H461Z4YMKNYP,2025-06-30T22:22:17.695336717Z,01JZ1EY0NZMS86PHXH9J9EA1SV,2025-06-30T22:22:17.695336717Z,01JZ1EY14TV1ASQBW7E97M8X82,2025-06-30T22:22:17.695336717Z
01JZ1GP0HYWVYQ748SB4CZP04B,01JZ1G29Q82GQAKEXSK2E7NK3R,2025-06-30T22:52:48.062049707Z,01JZ1G2A3Q53QEYHDQX68WVVKH,2025-06-30T22:52:48.062049707Z,01JZ1G7Q5PBNYB0Y67X5QD4VST,2025-06-30T22:52:48.062049707Z,01JZ1GE1F6FBA1RXEYRA9321FF,2025-06-30T22:52:48.062049707Z,01JZ1GE24ZKVEYQ8SBGHRT9A3Z,2025-06-30T22:52:48.062049707Z
01JZ17HKJRAMWHQZCKQ1EYZJF4,01JZ170DPRHYGRH6M74WMGZ8J5,2025-06-30T20:13:06.520667443Z,01JZ170DS32PJY8CQRMADJXFRG,2025-06-30T20:13:06.520667443Z,01JZ17E843W70EAJQAQ7A43HFS,2025-06-30T20:13:06.520667443Z,01JZ17HJYFQV3K1KSV87NRHNJ3,2025-06-30T20:13:06.520667443Z,01JZ17HJZ8K670XSZXPTHJKV59,2025-06-30T20:13:06.520667443Z
01JZ17WFS790JGH2AKX0P1T60N,01JZ170DPRHYGRH6M74WMGZ8J5,2025-06-30T20:19:03.079265954Z,01JZ170DS434CCJM920K0JDY80,2025-06-30T20:19:03.079265954Z,01JZ17AA6B6W27BR52VPQ8MSYM,2025-06-30T20:19:03.079265954Z,01JZ17MET0GT1VR1Z1AASBPY29,2025-06-30T20:19:03.079265954Z,01JZ17MEYG47H1NQGBEK0AW94R,2025-06-30T20:19:03.079265954Z
01JZ1806QAEBXE8HVDXJNXC814,01JZ170DPRHYGRH6M74WMGZ8J5,2025-06-30T20:21:04.874658831Z,01JZ170DSP5HFMBRZWFQV8RFVC,2025-06-30T20:21:04.874658831Z,01JZ17BG508D1SYGKCV9ECDV4F,2025-06-30T20:21:04.874658831Z,01JZ17RSKEA3VSTDSCVCP8YEVJ,2025-06-30T20:21:04.874658831Z,01JZ17RSQQ5R29M9ZYPYQHTQKD,2025-06-30T20:21:04.874658831Z
01JZ18RYBZWCDHQWH366R55M6K,01JZ18G4TN4FH7205KTQTFE7PM,2025-06-30T20:34:35.519219398Z,01JZ18G4YA2XRQ9RK4RH5WQB1P,2025-06-30T20:34:35.519219398Z,01JZ18M0E7QK051FXC32B03XG8,2025-06-30T20:34:35.519219398Z,01JZ18Q1RFWF1SPY79863HPKYC,2025-06-30T20:34:35.519219398Z,01JZ18Q1W9BTR5PH42HW5VBB8R,2025-06-30T20:34:35.519219398Z
01JZ18SAT2JMYZJ4FG7QBE39FS,01JZ18G4TN4FH7205KTQTFE7PM,2025-06-30T20:34:48.258863823Z,01JZ18G4Z7SR18DC8PDBR22HS5,2025-06-30T20:34:48.258863823Z,01JZ18NQPCFBGJDGFZ54XZESTD,2025-06-30T20:34:48.258863823Z,01JZ18S8VF5J1VCYDTJZFPF4QA,2025-06-30T20:34:48.258863823Z,01JZ18S8YGPM3F3MAQCG4WCDW1,2025-06-30T20:34:48.258863823Z
01JZ18Y3VHPGMX0ZHYK3028NF6,01JZ18G4TN4FH7205KTQTFE7PM,2025-06-30T20:37:24.978027871Z,01JZ18G4ZZG5A688HVVJGKBFVW,2025-06-30T20:37:24.978027871Z,01JZ18MMDMG5C7AC3NER6KSMTG,2025-06-30T20:37:24.978027871Z,01JZ18RFQ4W09NKQ14XZ3KQN1E,2025-06-30T20:37:24.978027871Z,01JZ18RFW4J096JYHRDJWPBVBD,2025-06-30T20:37:24.978027871Z
01JZ1GR3T7JHT2BAD70892G3S6,01JZ1G29Q82GQAKEXSK2E7NK3R,2025-06-30T22:53:56.935219465Z,01JZ1G29XRNS92G9JYEX4H033M,2025-06-30T22:53:56.935219465Z,01JZ1G3PKEWNM3BADHFXST2D82,2025-06-30T22:53:56.935219465Z,01JZ1GM688HKS6CMQAXCQKE8GC,2025-06-30T22:53:56.935219465Z,01JZ1GM6SZG28C3KR4YRXGMRFD,2025-06-30T22:53:56.935219465Z
01JZ1FCY68XN25T7ZSFMQR4A6G,01JZ1E916HBESJXS5SJ82BFZ21,2025-06-30T22:30:22.152420762Z,01JZ1E91ENR7DC2PFTK7ZY5PTJ,2025-06-30T22:30:22.152420762Z,01JZ1EH0Y7EBSVGC3G89BQ213G,2025-06-30T22:30:22.152420762Z,01JZ1F70RJ6JX7FR0QPB30BKG3,2025-06-30T22:30:22.152420762Z,01JZ1F7136SFQJADBX8MM8XRW9,2025-06-30T22:30:22.152420762Z
01JZ17R54F9YZR3J3NN592EDHQ,01JZ170DPRHYGRH6M74WMGZ8J5,2025-06-30T20:16:41.103769696Z,01JZ170DRRRWN613C5WJQ8B5Q6,2025-06-30T20:16:41.103769696Z,01JZ176AGFMX3JE5XFYY83S9AY,2025-06-30T20:16:41.103769696Z,01JZ17G52NG4XN5R9RR9776YQX,2025-06-30T20:16:41.103769696Z,01JZ17G55KZ0S4MQ7YJY2CACYH,2025-06-30T20:16:41.103769696Z
01JZ18W7W8Q09NDJ7JP35FF405,01JZ18G4TN4FH7205KTQTFE7PM,2025-06-30T20:36:23.560416696Z,01JZ18G4ZZG5A688HVVJGKBFVW,2025-06-30T20:36:23.560416696Z,01JZ18N06YG4ZMSQQQ92S1PQNP,2025-06-30T20:36:23.560416696Z,01JZ18RFQ4W09NKQ14XZ3KQN1E,2025-06-30T20:36:23.560416696Z,01JZ18RFVKATYSB1M62D2NFA75,2025-06-30T20:36:23.560416696Z
01JZ18ZK4Z6WX243NW63EJ4RC5,01JZ18G4TN4FH7205KTQTFE7PM,2025-06-30T20:38:13.407170667Z,01JZ18G4XDWA3A08Y0HZ5HSAAF,2025-06-30T20:38:13.407170667Z,01JZ18K1FP19HQQGWY5MDNJT99,2025-06-30T20:38:13.407170667Z,01JZ18R10XKY5S8X2DP4KAHATX,2025-06-30T20:38:13.407170667Z,01JZ18R15QWZGYPDXYR2JDRR4K,2025-06-30T20:38:13.407170667Z
01JZ190CJJV2V72SBDEXYV9GFN,01JZ18G4TN4FH7205KTQTFE7PM,2025-06-30T20:38:39.442899741Z,01JZ18G4XMK5QHE5YNTR43VZ9V,2025-06-30T20:38:39.442899741Z,01JZ18NBPDW8GJCMK3V0N2AHJY,2025-06-30T20:38:39.442899741Z,01JZ18RP8NH16RGQPN23QF70FD,2025-06-30T20:38:39.442899741Z,01JZ18RPEFN6WK76NDTGBAE0KT,2025-06-30T20:38:39.442899741Z
01JZ191DS22EGZRV7636GAV1MH,01JZ18G4TN4FH7205KTQTFE7PM,2025-06-30T20:39:13.44283687Z,01JZ18G508W9SSEDAT6B79GZND,2025-06-30T20:39:13.44283687Z,01JZ18NT2QY0K3T67RMTHTZ875,2025-06-30T20:39:13.44283687Z,01JZ18STGY49XDG4HG71EG50TV,2025-06-30T20:39:13.44283687Z,01JZ18STZBD4RY1B2XM7NFCSF9,2025-06-30T20:39:13.44283687Z
01JZ1BMZMDPN6GKX7A7EKG661E,01JZ1B1VZ9TM9N3252XVVAH9DZ,2025-06-30T21:24:51.46943998Z,01JZ1B1W2WT8MR9NJ7RDDSFH2M,2025-06-30T21:24:51.46943998Z,01JZ1BAVN5GCQ9KGRAEPYWSGEC,2025-06-30T21:24:51.46943998Z,01JZ1BD437FH3N90SJNPN2P8KN,2025-06-30T21:24:51.46943998Z,01JZ1BD4MZ06KW5Q7KF9SR8RYG,2025-06-30T21:24:51.46943998Z
01JZ1DGFF1SDP5RHZKEZPQSEVG,01JZ1D0RX94M7HHBAJDNGV8QRS,2025-06-30T21:57:20.993519384Z,01JZ1D0S14X3T6948SDJVF454K,2025-06-30T21:57:20.993519384Z,01JZ1D8RW634M5KPJ3DDHQYDRD,2025-06-30T21:57:20.993519384Z,01JZ1DCMNY0VAHZRBKPHM6R6CB,2025-06-30T21:57:20.993519384Z,01JZ1DCMZAN4A7D3RG8CVBAZ9Q,2025-06-30T21:57:20.993519384Z
01JZ1GG1C5E7XEBPT963FR4CR9,01JZ1G29Q82GQAKEXSK2E7NK3R,2025-06-30T22:49:32.293438797Z,01JZ1G2A3Q53QEYHDQX68WVVKH,2025-06-30T22:49:32.293438797Z,01JZ1G3T5HF7S211AZP2YJBSVP,2025-06-30T22:49:32.293438797Z,01JZ1GE1CN3AV1GMRSBHB6RFHY,2025-06-30T22:49:32.293438797Z,01JZ1GE1TDY817MF29QBKMB0TA,2025-06-30T22:49:32.293438797Z
01JZ17M3J8GQZJRX87Z28H3ETM,01JZ170DPRHYGRH6M74WMGZ8J5,2025-06-30T20:14:28.424713958Z,01JZ170DSTXK5Z1DV671606E6A,2025-06-30T20:14:28.424713958Z,01JZ17BGC64Z781MGW1Y4T7SRJ,2025-06-30T20:14:28.424713958Z,01JZ17J85FH6ZCHDJEZZH3F672,2025-06-30T20:14:28.424713958Z,01JZ17J86TXJX9E283DBPBWRXS,2025-06-30T20:14:28.424713958Z
01JZ18SY2M43EHSJQXRV7FHWRF,01JZ18G4TN4FH7205KTQTFE7PM,2025-06-30T20:35:07.988537107Z,01JZ18G508W9SSEDAT6B79GZND,2025-06-30T20:35:07.988537107Z,01JZ18NT2QY0K3T67RMTHTZ875,2025-06-30T20:35:07.988537107Z,01JZ18STB8HB9DV2CVT0ZSHGAA,2025-06-30T20:35:07.988537107Z,01JZ18STM862C8KDCA8BFNPX0D,2025-06-30T20:35:07.988537107Z
01JZ18YB45C6PAW2S99M8FNKG4,01JZ18G4TN4FH7205KTQTFE7PM,2025-06-30T20:37:32.421076738Z,01JZ18G4WPK6V9JKZAVKNYS3NB,2025-06-30T20:37:32.421076738Z,01JZ18N0WE2W63AJ0S8AMFR80C,2025-06-30T20:37:32.421076738Z,01JZ18RRB5PTFQB2DKPHTKH4V3,2025-06-30T20:37:32.421076738Z,01JZ18RRFGDWF4KT9QERXDYSGG,2025-06-30T20:37:32.421076738Z
01JZ1BNSRJ1WQG9WT0Y74RX546,01JZ1B1VZ9TM9N3252XVVAH9DZ,2025-06-30T21:25:18.226159529Z,01JZ1B1W5TAZ0C76DBH0ZAEY5X,2025-06-30T21:25:18.226159529Z,01JZ1BNKT1EA6BGVVN8436Q4BP,2025-06-30T21:25:18.226159529Z,01JZ1BNNDP6X2S9Y1STMRSC69M,2025-06-30T21:25:18.226159529Z,01JZ1BNNYRTKB6F1D02GY8DW2Q,2025-06-30T21:25:18.226159529Z
01JZ1D9AMGQYNTE574A65M829S,01JZ1D0RX94M7HHBAJDNGV8QRS,2025-06-30T21:53:26.672386626Z,01JZ1D0S58CJJ0G6BA8AW8ZVCS,2025-06-30T21:53:26.672386626Z,01JZ1D2JACBKKH4S9P6DT2Z2QZ,2025-06-30T21:53:26.672386626Z,01JZ1D970J7VS4DE30PQJCG6XG,2025-06-30T21:53:26.672386626Z,01JZ1D977NWSQEK933SK4JY40A,2025-06-30T21:53:26.672386626Z
01JZ1EXPSRMNX7QYDQ32NMTV45,01JZ1E916HBESJXS5SJ82BFZ21,2025-06-30T22:22:03.064270778Z,01JZ1E926BWK6TV1HDSC3ZQW4Y,2025-06-30T22:22:03.064270778Z,01JZ1EQKR69J0BQM6378QJ8X8Y,2025-06-30T22:22:03.064270778Z,01JZ1ESTDEHJ02W2S7D3PQQ6GF,2025-06-30T22:22:03.064270778Z,01JZ1ESTKZWMHWJK8FKBCQ0PA6,2025-06-30T22:22:03.064270778Z
01JZ17S95GT6VY4J0VCB7Y838Y,01JZ170DPRHYGRH6M74WMGZ8J5,2025-06-30T20:17:18.00046237Z,01JZ170DS32PJY8CQRMADJXFRG,2025-06-30T20:17:18.00046237Z,01JZ175Y8VG4DR6PWWKYJ4RHG5,2025-06-30T20:17:18.00046237Z,01JZ17HJY4CGFR7PYHRBPAT4T8,2025-06-30T20:17:18.00046237Z,01JZ17HK1YWX6QKK37P4BCG5CK,2025-06-30T20:17:18.00046237Z
01JZ18SJX339B047K8A77ESJGQ,01JZ18G4TN4FH7205KTQTFE7PM,2025-06-30T20:34:56.547570642Z,01JZ18G4ZPD0G0WRB3ZSNJ4KSW,2025-06-30T20:34:56.547570642Z,01JZ18HWWK8B66EBMNQPXM1R3H,2025-06-30T20:34:56.547570642Z,01JZ18QMDSQREXVSZ9J332HVG7,2025-06-30T20:34:56.547570642Z,01JZ18QMMADJ900T0SE738Z66N,2025-06-30T20:34:56.547570642Z
01JZ1BJV6YWRBKTQJHG2YPHNXT,01JZ1B1VZ9TM9N3252XVVAH9DZ,2025-06-30T21:23:41.406225347Z,01JZ1B1W6S117BH8HCA7NH9R7E,2025-06-30T21:23:41.406225347Z,01JZ1B3PFQZWK1B01E0NW7J1B1,2025-06-30T21:23:41.406225347Z,01JZ1BAHG6QWWGBEPT681DK5Y7,2025-06-30T21:23:41.406225347Z,01JZ1BAJ3J3FZ3GMGRGR49591P,2025-06-30T21:23:41.406225347Z
01JZ1BKGJMM472ZZ2QRYQ958QT,01JZ1B1VZ9TM9N3252XVVAH9DZ,2025-06-30T21:24:03.284431443Z,01JZ1B1W5AJ9N87HJBZ99HRQPJ,2025-06-30T21:24:03.284431443Z,01JZ1B4CR8JCWXXD7BQPA68N6Z,2025-06-30T21:24:03.284431443Z,01JZ1BB7GR2K5BKJQ5STFB90RK,2025-06-30T21:24:03.284431443Z,01JZ1BB8103684J2JGNREVE01E,2025-06-30T21:24:03.284431443Z
01JZ17RCBHDCVXCABDFAQZNE1Q,01JZ170DPRHYGRH6M74WMGZ8J5,2025-06-30T20:16:48.497534229Z,01JZ170DRQN15452AYS561M232,2025-06-30T20:16:48.497534229Z,01JZ1772PK70ARCRD25BW9JS91,2025-06-30T20:16:48.497534229Z,01JZ17RBBXJNB1SM787WX1GG11,2025-06-30T20:16:48.497534229Z,01JZ17RBEWY4JQKJ0PXR25HY01,2025-06-30T20:16:48.497534229Z
01JZ17RCBR0HF0JB5KE6BXTPAW,01JZ170DPRHYGRH6M74WMGZ8J5,2025-06-30T20:16:48.504215511Z,01JZ170DRQN15452AYS561M232,2025-06-30T20:16:48.504215511Z,01JZ17R3E57YY9H2V5S1G4XMBW,2025-06-30T20:16:48.504215511Z,01JZ17RBBXJNB1SM787WX1GG11,2025-06-30T20:16:48.504215511Z,01JZ17RBEWY4JQKJ0PXR25HY01,2025-06-30T20:16:48.504215511Z
01JZ17T77YSKMGWJTD1T3PEJWV,01JZ170DPRHYGRH6M74WMGZ8J5,2025-06-30T20:17:48.798415221Z,01JZ170DRQN15452AYS561M232,2025-06-30T20:17:48.798415221Z,01JZ17EC9TCGFEVCEX7CCFP6AJ,2025-06-30T20:17:48.798415221Z,01JZ17RBCT038Y8QAFS6F67QDM,2025-06-30T20:17:48.798415221Z,01JZ17RBG2FZTBKAYMWRB4MVTN,2025-06-30T20:17:48.798415221Z
01JZ1DJ1X06VX83CBRE6C1BVC6,01JZ1D0RX94M7HHBAJDNGV8QRS,2025-06-30T21:58:12.640717599Z,01JZ1D0S4EMT97ECKQ06X1ZWAX,2025-06-30T21:58:12.640717599Z,01JZ1D6PDAATCEYCV60SVGFECN,2025-06-30T21:58:12.640717599Z,01JZ1DHWDN7VHR47P0R43JVCJW,2025-06-30T21:58:12.640717599Z,01JZ1DHWNEGMWYVYVFN7RDJ524,2025-06-30T21:58:12.640717599Z
01JZ190XE0D7JT0SH8K4R9ABWR,01JZ18G4TN4FH7205KTQTFE7PM,2025-06-30T20:38:56.704897651Z,01JZ18G4WPK6V9JKZAVKNYS3NB,2025-06-30T20:38:56.704897651Z,01JZ18K4JZ90XMGGNXMJGKEJ5P,2025-06-30T20:38:56.704897651Z,01JZ18RRA89V0ND20E0G84EPSM,2025-06-30T20:38:56.704897651Z,01JZ18RRJ8TVB384T9QM3TAQPD,2025-06-30T20:38:56.704897651Z
01JZ19FNK16VXF5MVBE6RFBTXE,01JZ18R9CHSHJ2BAJZ4M4PAW2X,2025-06-30T20:47:00.19377522Z,01JZ18RA3DBE17YR6D8FEXRWFY,2025-06-30T20:47:00.19377522Z,01JZ18V7AEVH5VMDMYVZ6HXGK5,2025-06-30T20:47:00.19377522Z,01JZ197W14H2E21R9QXHCJTQ3G,2025-06-30T20:47:00.19377522Z,01JZ197WCSA3J4CE8W6KGETF6X,2025-06-30T20:47:00.19377522Z
01JZ1AAT92WJ6VBQ0GPE8MX56G,01JZ19VEXCKVX740B60X4W6PQN,2025-06-30T21:01:49.730543613Z,01JZ19VF5YA4VZJRJDVJVY1XBY,2025-06-30T21:01:49.730543613Z,01JZ19Y068YTBSDNPDANA6K38M,2025-06-30T21:01:49.730543613Z,01JZ1AAR1060BHD991DM45EP7A,2025-06-30T21:01:49.730543613Z,01JZ1AAR4AJMBCW9THXN5SJZM5,2025-06-30T21:01:49.730543613Z
01JZ1BJ4PEMM37JEGT1FA6J2YM,01JZ1B1VZ9TM9N3252XVVAH9DZ,2025-06-30T21:23:18.35044046Z,01JZ1B1W46BH5YH0XYSE8KJRBK,2025-06-30T21:23:18.35044046Z,01JZ1B88RR65Q9PG31DJTYC075,2025-06-30T21:23:18.35044046Z,01JZ1BJ1B6MS3FTEDBXT15KPRA,2025-06-30T21:23:18.35044046Z,01JZ1BJ1GNZ6C7H5KPQ8D4B59H,2025-06-30T21:23:18.35044046Z
01JZ1BNARYV001P55RSA2A0GE0,01JZ1B1VZ9TM9N3252XVVAH9DZ,2025-06-30T21:25:02.878676983Z,01JZ1B1W2WT8MR9NJ7RDDSFH2M,2025-06-30T21:25:02.878676983Z,01JZ1B4FWCV3S3JF90184ADC3A,2025-06-30T21:25:02.878676983Z,01JZ1BD41K10B3Z5F98Q46A8QZ,2025-06-30T21:25:02.878676983Z,01JZ1BD4QTZ37YW3F8P5C869WB,2025-06-30T21:25:02.878676983Z
01JZ1H3SX4EGA9WKMM09063SCS,01JZ1G29Q82GQAKEXSK2E7NK3R,2025-06-30T23:00:20.004806448Z,01JZ1G2A58JMFV91VV93EGJJQY,2025-06-30T23:00:20.004806448Z,01JZ1GV1M5Q32ZNQW2E45R5EH9,2025-06-30T23:00:20.004806448Z,01JZ1GW3RA9NZ51ED1F6D8HPC4,2025-06-30T23:00:20.004806448Z,01JZ1GW48ENQNRQ0BD3KZMP1CQ,2025-06-30T23:00:20.004806448Z
01JZ17H346AYXTPXGWJV8170CP,01JZ170DPRHYGRH6M74WMGZ8J5,2025-06-30T20:12:49.67060904Z,01JZ170DRXVGFVP20P8DK3M491,2025-06-30T20:12:49.67060904Z,01JZ17B2PHRTHG9KZ1P8A1158Q,2025-06-30T20:12:49.67060904Z,01JZ17H2JE238380KER7CXK8AE,2025-06-30T20:12:49.67060904Z,01JZ17H2K87A22069NTT15Y3RY,2025-06-30T20:12:49.67060904Z
01JZ17S67H438BQ21SX6MRBSPE,01JZ170DPRHYGRH6M74WMGZ8J5,2025-06-30T20:17:14.993515882Z,01JZ170DS5DJKXJ3Z7YVJKJJXK,2025-06-30T20:17:14.993515882Z,01JZ1763ZE1VD7FNYG3WZHGCWZ,2025-06-30T20:17:14.993515882Z,01JZ17QA5NP4NCPJJVMNCZ9F7W,2025-06-30T20:17:14.993515882Z,01JZ17QA7R6RMSWTTSTG8PTY2J,2025-06-30T20:17:14.993515882Z
01JZ17YDKF0Z9PKDGRFQSA6H2H,01JZ170DPRHYGRH6M74WMGZ8J5,2025-06-30T20:20:06.383733581Z,01JZ170DRV33K8D9D9ZMQKAW2D,2025-06-30T20:20:06.383733581Z,01JZ17FY7YEZ14CJBS3JX2EV3B,2025-06-30T20:20:06.383733581Z,01JZ17PPHXYGVWTQWQ3EC28RK2,2025-06-30T20:20:06.383733581Z,01JZ17PPN70GGETHBSX3JG0VWX,2025-06-30T20:20:06.383733581Z
01JZ18TNA1K8BDHGGQPQ0N7WAR,01JZ18G4TN4FH7205KTQTFE7PM,2025-06-30T20:35:31.777931734Z,01JZ18G4WPK6V9JKZAVKNYS3NB,2025-06-30T20:35:31.777931734Z,01JZ18HQA6W5BPMK1V3RE89H1N,2025-06-30T20:35:31.777931734Z,01JZ18RRB5PTFQB2DKPHTKH4V3,2025-06-30T20:35:31.777931734Z,01JZ18RRER8BFTZ2D1XWP2S5JE,2025-06-30T20:35:31.777931734Z
01JZ18ZVHKWV2B71GHCADM10XR,01JZ18G4TN4FH7205KTQTFE7PM,2025-06-30T20:38:22.003644394Z,01JZ18G4ZPD0G0WRB3ZSNJ4KSW,2025-06-30T20:38:22.003644394Z,01JZ18KCY0QBBH8XGZWTQZ78V6,2025-06-30T20:38:22.003644394Z,01JZ18QMFXN721VEA2NDQX9P2G,2025-06-30T20:38:22.003644394Z,01JZ18QMWYP84CPDPK40E53HFC,2025-06-30T20:38:22.003644394Z
01JZ18ZXK8C8M4W90CKECVN722,01JZ18G4TN4FH7205KTQTFE7PM,2025-06-30T20:38:24.104916714Z,01JZ18G4XDWA3A08Y0HZ5HSAAF,2025-06-30T20:38:24.104916714Z,01JZ18K35P2QZ1SSJHQYJ2X8Z7,2025-06-30T20:38:24.104916714Z,01JZ18R10H32Q9CQ9VTYQTZJBZ,2025-06-30T20:38:24.104916714Z,01JZ18R16YD5FKS8D6PV6ZDNK0,2025-06-30T20:38:24.104916714Z
01JZ1BEBKAP1PYC8A2GKKS8CRY,01JZ1B1VZ9TM9N3252XVVAH9DZ,2025-06-30T21:21:14.346387107Z,01JZ1B1W6S117BH8HCA7NH9R7E,2025-06-30T21:21:14.346387107Z,01JZ1B7296HT4QZTVSQ7DGFCMT,2025-06-30T21:21:14.346387107Z,01JZ1BAHCPD0S01DARX26K93JP,2025-06-30T21:21:14.346387107Z,01JZ1BAHQ3N624S6Q9735D697Y,2025-06-30T21:21:14.346387107Z
01JZ17J2FQ09C4V5DVE4NAB4CV,01JZ170DPRHYGRH6M74WMGZ8J5,2025-06-30T20:13:21.78384844Z,01JZ170DRSFZ9Y16965WN1Z2F9,2025-06-30T20:13:21.78384844Z,01JZ17971DQBZCGDTGNY2JH6QQ,2025-06-30T20:13:21.78384844Z,01JZ17G70WMTCCVM6PEEY7RHRW,2025-06-30T20:13:21.78384844Z,01JZ17G724ZSEFQGERYDKDB1XF,2025-06-30T20:13:21.78384844Z
01JZ17SGQAEWN8DKT0Q8QA40EJ,01JZ170DPRHYGRH6M74WMGZ8J5,2025-06-30T20:17:25.738617292Z,01JZ170DS0283SZNEN95XAWWS4,2025-06-30T20:17:25.738617292Z,01JZ17G9ZFDP0QC4ASAB62EXYP,2025-06-30T20:17:25.738617292Z,01JZ17NT7VKFDEH0WZ6ZY88ZPG,2025-06-30T20:17:25.738617292Z,01JZ17NT9X0P9NVJSHGH03AW8Q,2025-06-30T20:17:25.738617292Z
01JZ19865X2RJ39EVF7YTGFMFS,01JZ18QHX9XGN83K6T42FK97D5,2025-06-30T20:42:55.037263633Z,01JZ18QHZ9KPT0XZ66BZ9ZB89K,2025-06-30T20:42:55.037263633Z,01JZ18YPKHPP41HP4A0Q4F3DHM,2025-06-30T20:42:55.037263633Z,01JZ190NKBHYNACREFJP8CVVGM,2025-06-30T20:42:55.037263633Z,01JZ190NYCSHEEJMF4J3CTT5SW,2025-06-30T20:42:55.037263633Z
01JZ1AAV8BWSMP6J2T7KMWCCCR,01JZ19VEXCKVX740B60X4W6PQN,2025-06-30T21:01:50.731641767Z,01JZ19VF1X4TGM9HTAVFF08YB3,2025-06-30T21:01:50.731641767Z,01JZ19YSKES03CBT0DQ4XQZD4Y,2025-06-30T21:01:50.731641767Z,01JZ1A31V3EJ1Y2YEGMA5AZKE4,2025-06-30T21:01:50.731641767Z,01JZ1A3290C8XPZTPTW3G1G80F,2025-06-30T21:01:50.731641767Z
01JZ1BJTC0EMDV8X7ZB97V3KYH,01JZ1B1VZ9TM9N3252XVVAH9DZ,2025-06-30T21:23:40.544763529Z,01JZ1B1W5AJ9N87HJBZ99HRQPJ,2025-06-30T21:23:40.544763529Z,01JZ1BAG1QXXZT2G75G9P8N6Y2,2025-06-30T21:23:40.544763529Z,01JZ1BB7J8Y8W753ARSJ77X4CV,2025-06-30T21:23:40.544763529Z,01JZ1BB7W6W7V0P8VBTA6CVNWM,2025-06-30T21:23:40.544763529Z
01JZ1DGFDJZ4C7Z4Q3E0SET675,01JZ1D0RX94M7HHBAJDNGV8QRS,2025-06-30T21:57:20.946630442Z,01JZ1D0S14X3T6948SDJVF454K,2025-06-30T21:57:20.946630442Z,01JZ1D4SCYXBMNQ70R3B47BMPE,2025-06-30T21:57:20.946630442Z,01JZ1DCMNY0VAHZRBKPHM6R6CB,2025-06-30T21:57:20.946630442Z,01JZ1DCMZAN4A7D3RG8CVBAZ9Q,2025-06-30T21:57:20.946630442Z
01JZ1GNT95F8Y4160WJ7MPDRHZ,01JZ1G29Q82GQAKEXSK2E7NK3R,2025-06-30T22:52:41.637983069Z,01JZ1G2A24PAZYJHH2EQFGJG7N,2025-06-30T22:52:41.637983069Z,01JZ1GC4MM47P5V75X6NCDXBTN,2025-06-30T22:52:41.637983069Z,01JZ1GG43VKPZ1V5ZJWSGJMS64,2025-06-30T22:52:41.637983069Z,01JZ1GG4J2J167YK71GJDT2JBT,2025-06-30T22:52:41.637983069Z
01JZ17S8QVT1XQAYHHZJY0ADH0,01JZ170DPRHYGRH6M74WMGZ8J5,2025-06-30T20:17:17.563186243Z,01JZ170DS434CCJM920VN081CV,2025-06-30T20:17:17.563186243Z,01JZ17ENCSDKWD2M3Q3EC23N1W,2025-06-30T20:17:17.563186243Z,01JZ17HX1BGQ137FDPYSARB5NT,2025-06-30T20:17:17.563186243Z,01JZ17HX2WGK4SH5ACH7AKGKY9,2025-06-30T20:17:17.563186243Z
01JZ17X01HMTY76HYVD731S074,01JZ170DPRHYGRH6M74WMGZ8J5,2025-06-30T20:19:19.72982304Z,01JZ170DSMJZPS89ZBMFZ7ATK7,2025-06-30T20:19:19.72982304Z,01JZ17ECC07JKYK10HK5BT3SZQ,2025-06-30T20:19:19.72982304Z,01JZ17MYEHBQM2VDSAQZ2CF179,2025-06-30T20:19:19.72982304Z,01JZ17MYQN5DT1W4HRCCEDGPR1,2025-06-30T20:19:19.72982304Z
01JZ18XVDFDSD2C93TKR6WT3YZ,01JZ18G4TN4FH7205KTQTFE7PM,2025-06-30T20:37:16.335790428Z,01JZ18G512YK4K14AJW1A4KQT5,2025-06-30T20:37:16.335790428Z,01JZ18JHACQMQPJCAE4XRR7QFX,2025-06-30T20:37:16.335790428Z,01JZ18R8CZAK9T47Q30YNKNJNG,2025-06-30T20:37:16.335790428Z,01JZ18R8GF1T8D6AA38W7NRDYD,2025-06-30T20:37:16.335790428Z
01JZ1CFMHWPWQ9M0N6THCMD0PY,01JZ1BX7WQMA45G0E33EEHJ3V9,2025-06-30T21:39:24.86052703Z,01JZ1BX849RGFMRNF1WR9VXVPD,2025-06-30T21:39:24.86052703Z,01JZ1C6CTMT28Z0M14S1H6T07Y,2025-06-30T21:39:24.86052703Z,01JZ1C84PWB89K54MZ4M1J77C7,2025-06-30T21:39:24.86052703Z,01JZ1C852S2CMTC1G2JBNJX157,2025-06-30T21:39:24.86052703Z
01JZ17J2G9SFKV8Z7DR699D6A0,01JZ170DPRHYGRH6M74WMGZ8J5,2025-06-30T20:13:21.801146335Z,01JZ170DRSFZ9Y16965WN1Z2F9,2025-06-30T20:13:21.801146335Z,01JZ17AK41GP2DW5ZS1AJ3K35J,2025-06-30T20:13:21.801146335Z,01JZ17G70WMTCCVM6PEEY7RHRW,2025-06-30T20:13:21.801146335Z,01JZ17G724ZSEFQGERYDKDB1XF,2025-06-30T20:13:21.801146335Z
01JZ18SYPTN8M3KQG1WHRF3N6Q,01JZ18G4TN4FH7205KTQTFE7PM,2025-06-30T20:35:08.634652654Z,01JZ18G4XDWA3A08Y0HZ5HSAAF,2025-06-30T20:35:08.634652654Z,01JZ18JX7AQFGHWSY2V5AEBRM0,2025-06-30T20:35:08.634652654Z,01JZ18R0Z5Z926ZA90YM7MYTK3,2025-06-30T20:35:08.634652654Z,01JZ18R133QMRQ38HG6QRP200S,2025-06-30T20:35:08.634652654Z
01JZ18XM2JM58RY95DNC2V5MXC,01JZ18G4TN4FH7205KTQTFE7PM,2025-06-30T20:37:08.81819964Z,01JZ18G508W9SSEDAT6B79GZND,2025-06-30T20:37:08.81819964Z,01JZ18M2SFWFRTRVV46KHVE0JB,2025-06-30T20:37:08.81819964Z,01JZ18STHY2VTQFD4CXMK2KF14,2025-06-30T20:37:08.81819964Z,01JZ18STSC4NTMXFTGAYPERD0M,2025-06-30T20:37:08.81819964Z
01JZ17MFHQGWPV3J22TJVC1WP1,01JZ170DPRHYGRH6M74WMGZ8J5,2025-06-30T20:14:40.695385478Z,01JZ170DS434CCJM920K0JDY80,2025-06-30T20:14:40.695385478Z,01JZ17AA6B6W27BR52VPQ8MSYM,2025-06-30T20:14:40.695385478Z,01JZ17MES4H49TCFWXHCBDV2WP,2025-06-30T20:14:40.695385478Z,01JZ17METDGG1ZR4G6185F0Q15,2025-06-30T20:14:40.695385478Z
01JZ1965RDABD371A01HQ3H6S3,01JZ18R9CHSHJ2BAJZ4M4PAW2X,2025-06-30T20:41:49.069684169Z,01JZ18RA48YSHMY5EWBJ9E61V2,2025-06-30T20:41:49.069684169Z,01JZ192103EKKYM21MP70AEJNN,2025-06-30T20:41:49.069684169Z,01JZ192CMQ10Q5BYZGXB0BD1QB,2025-06-30T20:41:49.069684169Z,01JZ192D4D5D8SR27NWXABKPAQ,2025-06-30T20:41:49.069684169Z
01JZ1GKRRGYNYKFS2DYAH48EHZ,01JZ1G29Q82GQAKEXSK2E7NK3R,2025-06-30T22:51:34.544299125Z,01JZ1G2A9825Q9R0AFVXQNTR63,2025-06-30T22:51:34.544299125Z,01JZ1G4P5HG5MYYFH3JNW3CKA9,2025-06-30T22:51:34.544299125Z,01JZ1GKM1M98RKJZ6DVXPWE5H6,2025-06-30T22:51:34.544299125Z,01JZ1GKMA9D804W1YF6T6TV2ZZ,2025-06-30T22:51:34.544299125Z
01JZ17MA6BPG91D1P6BDSQ89VW,01JZ170DPRHYGRH6M74WMGZ8J5,2025-06-30T20:14:35.211947508Z,01JZ170DSR5F2SARFX61BD5BFD,2025-06-30T20:14:35.211947508Z,01JZ179KCXD57AZVEGR3X2YKFH,2025-06-30T20:14:35.211947508Z,01JZ17M8SKNJW5A4Z1S33P0E3X,2025-06-30T20:14:35.211947508Z,01JZ17M8VDWK4J4M7B81ZHBGC1,2025-06-30T20:14:35.211947508Z
01JZ17XF382M492R1X96GDWWPZ,01JZ170DPRHYGRH6M74WMGZ8J5,2025-06-30T20:19:35.144613834Z,01JZ170DSXXMDA003X79NFA4N0,2025-06-30T20:19:35.144613834Z,01JZ17C3PTEK9PXA5GJSYCCP5W,2025-06-30T20:19:35.144613834Z,01JZ17NRSB5GP7EXVFTFEFCERK,2025-06-30T20:19:35.144613834Z,01JZ17NRX34RKK7D41WKA3DMKS,2025-06-30T20:19:35.144613834Z
01JZ17ZR5EKV5FM8KKTX7K40CG,01JZ170DPRHYGRH6M74WMGZ8J5,2025-06-30T20:20:49.966415441Z,01JZ170DRQN15452AYS561M232,2025-06-30T20:20:49.966415441Z,01JZ17EC9TCGFEVCEX7CCFP6AJ,2025-06-30T20:20:49.966415441Z,01JZ17RBD7J0VJVJJG30EA195H,2025-06-30T20:20:49.966415441Z,01JZ17RBHHQPT9A5V5H65VXGK9,2025-06-30T20:20:49.966415441Z
01JZ191J6Y5DBQ4E5C263HW6GN,01JZ18G4TN4FH7205KTQTFE7PM,2025-06-30T20:39:17.982103208Z,01JZ18G4Z7SR18DC8PDBR22HS5,2025-06-30T20:39:17.982103208Z,01JZ18K0S7ESWE4C2YKPFWVG9K,2025-06-30T20:39:17.982103208Z,01JZ18S8XBR7NPBNNX8H3R06YJ,2025-06-30T20:39:17.982103208Z,01JZ18S964RRE31Q1VKWQ9XVBV,2025-06-30T20:39:17.982103208Z
01JZ1CDTBY7GVF4X9JGEMM9JYM,01JZ1BX7WQMA45G0E33EEHJ3V9,2025-06-30T21:38:25.278453698Z,01JZ1BX80QRTKGB6MH6HMRDXS1,2025-06-30T21:38:25.278453698Z,01JZ1BYVYWJTY34XWWWGSZYC2W,2025-06-30T21:38:25.278453698Z,01JZ1C692QHS5DV9PSD243R1PS,2025-06-30T21:38:25.278453698Z,01JZ1C69RNDH0C9D70VXT6DMJF,2025-06-30T21:38:25.278453698Z
01JZ1DH3Y00VMPHADQ1J0488HJ,01JZ1D0RX94M7HHBAJDNGV8QRS,2025-06-30T21:57:41.952776673Z,01JZ1D0S58CJJ0G6BA8AW8ZVCS,2025-06-30T21:57:41.952776673Z,01JZ1D7DM0SC7JQGS6JG3ZYPAZ,2025-06-30T21:57:41.952776673Z,01JZ1D9756PBGFTZ2YP6F5YZFW,2025-06-30T21:57:41.952776673Z,01JZ1D97K3JV1Q9ZRF0YB8K010,2025-06-30T21:57:41.952776673Z
01JZ1GTT1FN1GYVMWX55A7HPPJ,01JZ1G29Q82GQAKEXSK2E7NK3R,2025-06-30T22:55:25.231433445Z,01JZ1G2ACHC2PPHGNQVYG69GCY,2025-06-30T22:55:25.231433445Z,01JZ1G4D5N3JRDG8TQNFBZX41Z,2025-06-30T22:55:25.231433445Z,01JZ1GJG9JNNQVF267AN8JXQ4V,2025-06-30T22:55:25.231433445Z,01JZ1GJH3W1BXJKW0EDEPKC8YG,2025-06-30T22:55:25.231433445Z
01JZ1ATV9SS4T70AKR4BQ5SM6W,01JZ19VEXCKVX740B60X4W6PQN,2025-06-30T21:10:35.065558711Z,01JZ19VF3FCDRKA7RA8CE3SQDH,2025-06-30T21:10:35.065558711Z,01JZ1A9FT19KFC6EXDW9G1CYS7,2025-06-30T21:10:35.065558711Z,01JZ1AK0FG87FE5VK2WQYRA4AC,2025-06-30T21:10:35.065558711Z,01JZ1AK0XDV6365RMXQC0X30PG,2025-06-30T21:10:35.065558711Z
01JZ1BNAM5F5M8Q2472HVGKGVG,01JZ1B1VZ9TM9N3252XVVAH9DZ,2025-06-30T21:25:02.725923101Z,01JZ1B1W2WT8MR9NJ7RDDSFH2M,2025-06-30T21:25:02.725923101Z,01JZ1B64GPABF5830RNTZP1A2Y,2025-06-30T21:25:02.725923101Z,01JZ1BD41K10B3Z5F98Q46A8QZ,2025-06-30T21:25:02.725923101Z,01JZ1BD4QTZ37YW3F8P5C869WB,2025-06-30T21:25:02.725923101Z
01JZ1BJG0VMYFMT6H24WQHKKSR,01JZ1B1VZ9TM9N3252XVVAH9DZ,2025-06-30T21:23:29.947319715Z,01JZ1B1W6S117BH8HCA7NH9R7E,2025-06-30T21:23:29.947319715Z,01JZ1B4JZ145G1JXSZ180MKZQ7,2025-06-30T21:23:29.947319715Z,01JZ1BAHERRJG5Y4NQ430CHJGP,2025-06-30T21:23:29.947319715Z,01JZ1BAHXWBT00DK00GM6F2Y5F,2025-06-30T21:23:29.947319715Z
01JZ17KV8C46RV5PAZWZ4ACMAP,01JZ170DPRHYGRH6M74WMGZ8J5,2025-06-30T20:14:19.916048587Z,01JZ170DRRRWN613C5WJQ8B5Q6,2025-06-30T20:14:19.916048587Z,01JZ179PSK7PR9GXW3K753Z7EA,2025-06-30T20:14:19.916048587Z,01JZ17G525MGXJWBMSF6HV25RV,2025-06-30T20:14:19.916048587Z,01JZ17G53YJG35VR54J3X52CY9,2025-06-30T20:14:19.916048587Z
01JZ17Q6WKJPNYA3XMFP1SF68Q,01JZ170DPRHYGRH6M74WMGZ8J5,2025-06-30T20:16:10.131831184Z,01JZ170DS8YWG03GZVY59N3JD0,2025-06-30T20:16:10.131831184Z,01JZ176HDV9KWWBADR549HVXXJ,2025-06-30T20:16:10.131831184Z,01JZ17HNMQAAW5HV1NJ3KN0TDP,2025-06-30T20:16:10.131831184Z,01JZ17HNP9BV8JHZB1QE7WG35X,2025-06-30T20:16:10.131831184Z
01JZ17S95XBJK0CXYYEMDFAP7M,01JZ170DPRHYGRH6M74WMGZ8J5,2025-06-30T20:17:18.014004535Z,01JZ170DS32PJY8CQRMADJXFRG,2025-06-30T20:17:18.014004535Z,01JZ17A8QJRMY4CTZ0TGBPTVC4,2025-06-30T20:17:18.014004535Z,01JZ17HJY4CGFR7PYHRBPAT4T8,2025-06-30T20:17:18.014004535Z,01JZ17HK1YWX6QKK37P4BCG5CK,2025-06-30T20:17:18.014004535Z
01JZ180BN0SAFP49AZZF2M7S61,01JZ170DPRHYGRH6M74WMGZ8J5,2025-06-30T20:21:09.920388632Z,01JZ170DS9MMA8EZAVKYS5SMHX,2025-06-30T20:21:09.920388632Z,01JZ177D1EC4DDHNWKT4R7S3XA,2025-06-30T20:21:09.920388632Z,01JZ17TR7E1D7CES1YNCABFX51,2025-06-30T20:21:09.920388632Z,01JZ17TRBYV81QV8YKGPDWM9RY,2025-06-30T20:21:09.920388632Z
01JZ1965Q818E2FB3HZ68CWH18,01JZ18R9CHSHJ2BAJZ4M4PAW2X,2025-06-30T20:41:49.032406513Z,01JZ18RA48YSHMY5EWBJ9E61V2,2025-06-30T20:41:49.032406513Z,01JZ18XW8Z67J1KER526XJJSXY,2025-06-30T20:41:49.032406513Z,01JZ192CMQ10Q5BYZGXB0BD1QB,2025-06-30T20:41:49.032406513Z,01JZ192D4D5D8SR27NWXABKPAQ,2025-06-30T20:41:49.032406513Z
01JZ1965QTYPV93MK2PHZ9S88K,01JZ18R9CHSHJ2BAJZ4M4PAW2X,2025-06-30T20:41:49.050749291Z,01JZ18RA48YSHMY5EWBJ9E61V2,2025-06-30T20:41:49.050749291Z,01JZ18XZQ962C1YBGG8JES411T,2025-06-30T20:41:49.050749291Z,01JZ192CMQ10Q5BYZGXB0BD1QB,2025-06-30T20:41:49.050749291Z,01JZ192D4D5D8SR27NWXABKPAQ,2025-06-30T20:41:49.050749291Z
01JZ1ATGW99PTPEKC7557GE0JA,01JZ19VEXCKVX740B60X4W6PQN,2025-06-30T21:10:24.393962161Z,01JZ19VF3FCDRKA7RA8CE3SQDH,2025-06-30T21:10:24.393962161Z,01JZ19X25DC6PHAYZ41F2N9R8N,2025-06-30T21:10:24.393962161Z,01JZ1AK0G5B46WY2VWCGE07ZNR,2025-06-30T21:10:24.393962161Z,01JZ1AK0TX4ERGZ5YFKG2BE46V,2025-06-30T21:10:24.393962161Z
01JZ1BKGFMMWGJK3N2BYP3M4KY,01JZ1B1VZ9TM9N3252XVVAH9DZ,2025-06-30T21:24:03.188531255Z,01JZ1B1W5AJ9N87HJBZ99HRQPJ,2025-06-30T21:24:03.188531255Z,01JZ1B7J9GMSKP5R199VT378SX,2025-06-30T21:24:03.188531255Z,01JZ1BB7GR2K5BKJQ5STFB90RK,2025-06-30T21:24:03.188531255Z,01JZ1BB8103684J2JGNREVE01E,2025-06-30T21:24:03.188531255Z
01JZ1CG9MWVB0CJBZMFY4NYCFJ,01JZ1BX7WQMA45G0E33EEHJ3V9,2025-06-30T21:39:46.460417115Z,01JZ1BX849RGFMRNF1WR9VXVPD,2025-06-30T21:39:46.460417115Z,01JZ1C6CTMT28Z0M14S1H6T07Y,2025-06-30T21:39:46.460417115Z,01JZ1C84T2E9S1287QS1CMSZMQ,2025-06-30T21:39:46.460417115Z,01JZ1C857WC7WCWARBB6R4764E,2025-06-30T21:39:46.460417115Z
01JZ1DFMMW6AAYSG7PHQDEZGDK,01JZ1D0RX94M7HHBAJDNGV8QRS,2025-06-30T21:56:53.532620974Z,01JZ1D0S2S8SEBXETFQJSTGM5V,2025-06-30T21:56:53.532620974Z,01JZ1D4AYTG2DMXZZ36EVW3RQ2,2025-06-30T21:56:53.532620974Z,01JZ1D783SKDB58PW2W9ZDSBMC,2025-06-30T21:56:53.532620974Z,01JZ1D7967RTZSK1F0GMFX91JV,2025-06-30T21:56:53.532620974Z
01JZ17S1FDW02XG3GWMX8FHMX5,01JZ170DPRHYGRH6M74WMGZ8J5,2025-06-30T20:17:10.125454823Z,01JZ170DSWJ6311N72HPSQWG9K,2025-06-30T20:17:10.125454823Z,01JZ17BEMM8D7MEKMFQ0MBS3DE,2025-06-30T20:17:10.125454823Z,01JZ17KG534VMGAN6DZ77QN8H5,2025-06-30T20:17:10.125454823Z,01JZ17KG7YSABGV08AS0ZBEA4S,2025-06-30T20:17:10.125454823Z
01JZ1AMZFR7TDXCE0D0TETYSBA,01JZ19VEXCKVX740B60X4W6PQN,2025-06-30T21:07:22.744679524Z,01JZ19VF3FCDRKA7RA8CE3SQDH,2025-06-30T21:07:22.744679524Z,01JZ19ZZZP5WTAHKTYB8XNJEC6,2025-06-30T21:07:22.744679524Z,01JZ1AK0GTG09NRGMQGAZDENCH,2025-06-30T21:07:22.744679524Z,01JZ1AK0PK944AY7EGT6WNDPTW,2025-06-30T21:07:22.744679524Z
01JZ1GSB9VYDAR1H3SF408Y376,01JZ1G29Q82GQAKEXSK2E7NK3R,2025-06-30T22:54:37.372042142Z,01JZ1G2A9825Q9R0AFVXQNTR63,2025-06-30T22:54:37.372042142Z,01JZ1G9AHDKJRVSD4NGC2SYHDN,2025-06-30T22:54:37.372042142Z,01JZ1GKM3A5ATBGFJSYTP1DWZY,2025-06-30T22:54:37.372042142Z,01JZ1GKMG6M89423S5Y2GPD6D5,2025-06-30T22:54:37.372042142Z
01JZ17STH6KDY4GSDV11DRTAZ0,01JZ170DPRHYGRH6M74WMGZ8J5,2025-06-30T20:17:35.782225805Z,01JZ170DSR5F2SARFX61BD5BFD,2025-06-30T20:17:35.782225805Z,01JZ17ADWXQ9CX9S0BD7VM2S2J,2025-06-30T20:17:35.782225805Z,01JZ17M8SSZ2QHECS5BA0DPMCQ,2025-06-30T20:17:35.782225805Z,01JZ17M8XAP84NT81MJXA59Y57,2025-06-30T20:17:35.782225805Z
01JZ190WMKYTR78SM34WD8B4RN,01JZ18G4TN4FH7205KTQTFE7PM,2025-06-30T20:38:55.891800906Z,01JZ18G4Z7SR18DC8PDBR22HS5,2025-06-30T20:38:55.891800906Z,01JZ18NQPCFBGJDGFZ54XZESTD,2025-06-30T20:38:55.891800906Z,01JZ18S8WHVH4M4KJ49MQHRMWQ,2025-06-30T20:38:55.891800906Z,01JZ18S936CMXW4V0EAQ0AP209,2025-06-30T20:38:55.891800906Z
01JZ1CWJD693WXWT1G72JV6NNS,01JZ1C4XJFQQ45ZHGATAXVBX0J,2025-06-30T21:46:28.64621127Z,01JZ1C4XNE4VHGMR9JDZS6Y7F9,2025-06-30T21:46:28.64621127Z,01JZ1CHHENXRFPD7VNDFKQ5330,2025-06-30T21:46:28.64621127Z,01JZ1CM9QBAFQHGRA086T0Q56G,2025-06-30T21:46:28.64621127Z,01JZ1CMA99V1CAQCB71PYBWAZC,2025-06-30T21:46:28.64621127Z
01JZ1DEWTYE1DCAYNBB7SYDT42,01JZ1D0RX94M7HHBAJDNGV8QRS,2025-06-30T21:56:29.15018352Z,01JZ1D0S58CJJ0G6BA8AW8ZVCS,2025-06-30T21:56:29.15018352Z,01JZ1D6ZQPM67S4BNXG3Y9BBD9,2025-06-30T21:56:29.15018352Z,01JZ1D972VTRZHGE4AKVG9RETY,2025-06-30T21:56:29.15018352Z,01JZ1D97D38527G1FS02MJBA35,2025-06-30T21:56:29.15018352Z
01JZ17TCM5W91ZP56GRTZJ5YEK,01JZ170DPRHYGRH6M74WMGZ8J5,2025-06-30T20:17:54.309967467Z,01JZ170DSBT7R80F1BC6BFNZAP,2025-06-30T20:17:54.309967467Z,01JZ17EXP8SEZEBZPSE6GPG8ZM,2025-06-30T20:17:54.309967467Z,01JZ17JC2ZXBJJNHC0TSAETRRS,2025-06-30T20:17:54.309967467Z,01JZ17JC6CD228EBJ95WFGACSC,2025-06-30T20:17:54.309967467Z
01JZ17TD5RFS0JCF7D60NFZ59M,01JZ170DPRHYGRH6M74WMGZ8J5,2025-06-30T20:17:54.872917531Z,01JZ170DRV33K8D9D9ZMQKAW2D,2025-06-30T20:17:54.872917531Z,01JZ17FY7YEZ14CJBS3JX2EV3B,2025-06-30T20:17:54.872917531Z,01JZ17PPGX7JSSK85PVP6H7NR4,2025-06-30T20:17:54.872917531Z,01JZ17PPKMZ4NWTGE47X76JQ19,2025-06-30T20:17:54.872917531Z
01JZ17WVXBCZFSQECKEWBS8DY6,01JZ170DPRHYGRH6M74WMGZ8J5,2025-06-30T20:19:15.49915239Z,01JZ170DS5DJKXJ3Z7YVJKJJXK,2025-06-30T20:19:15.49915239Z,01JZ178QXEVM580BRMFA0XSN9D,2025-06-30T20:19:15.49915239Z,01JZ17QA5NP4NCPJJVMNCZ9F7W,2025-06-30T20:19:15.49915239Z,01JZ17QA88YGJK5Z767Z5YN7Y4,2025-06-30T20:19:15.49915239Z
01JZ17X6F3MPHSDFDHJT0DJ57D,01JZ170DPRHYGRH6M74WMGZ8J5,2025-06-30T20:19:26.307738899Z,01JZ170DS0283SZNEN95XAWWS4,2025-06-30T20:19:26.307738899Z,01JZ17CS84WF94XY708FKX765Q,2025-06-30T20:19:26.307738899Z,01JZ17NT7EMFQXG1J8BV4ZA47S,2025-06-30T20:19:26.307738899Z,01JZ17NTAT5PYSK8MFEYTY9GVR,2025-06-30T20:19:26.307738899Z
01JZ1AJMNQKC8H3N55XRDRQR0T,01JZ19VEXCKVX740B60X4W6PQN,2025-06-30T21:06:06.135675611Z,01JZ19VF5YA4VZJRJDVJVY1XBY,2025-06-30T21:06:06.135675611Z,01JZ1A13JPV17BYBZFE5Z1TESS,2025-06-30T21:06:06.135675611Z,01JZ1AAR25HY3X5YXR8EKP4ZNT,2025-06-30T21:06:06.135675611Z,01JZ1AARBJSP4Q4WRQR945GTZC,2025-06-30T21:06:06.135675611Z
01JZ1AZGP94VPC89AJK5WKKKFF,01JZ19VEXCKVX740B60X4W6PQN,2025-06-30T21:13:08.041824566Z,01JZ19VF4XXDC5SP97SM18G8VM,2025-06-30T21:13:08.041824566Z,01JZ1AFP0ZSM5GDN23SMJMVZTW,2025-06-30T21:13:08.041824566Z,01JZ1AQBGFVYCSP9N6MQYTQFEK,2025-06-30T21:13:08.041824566Z,01JZ1AQC2J84K7V9QFGXHZ263Z,2025-06-30T21:13:08.041824566Z
01JZ180H3N94ME44BNZEK0J08A,01JZ170DPRHYGRH6M74WMGZ8J5,2025-06-30T20:21:15.50954805Z,01JZ170DSP5HFMBRZWFQV8RFVC,2025-06-30T20:21:15.50954805Z,01JZ178B4PCAFGN9QS0GJ0TQ84,2025-06-30T20:21:15.50954805Z,01JZ17RSJTNPRC3C8ZY6Y2ZSYJ,2025-06-30T20:21:15.50954805Z,01JZ17RSRNH5GJAAJYFVB387HP,2025-06-30T20:21:15.50954805Z
01JZ18QE5CBDWFP5MXNWVD2E1Q,01JZ18G4TN4FH7205KTQTFE7PM,2025-06-30T20:33:46.156089079Z,01JZ18G4YTQTSXFW2X0Y80VGVG,2025-06-30T20:33:46.156089079Z,01JZ18JHMPB6Y0TNZB1CBHN9G9,2025-06-30T20:33:46.156089079Z,01JZ18QCHCWKPJPF2G32EQXDDJ,2025-06-30T20:33:46.156089079Z,01JZ18QCM1A9TSZHS1EGBH1NVK,2025-06-30T20:33:46.156089079Z
01JZ18SAW9V96KBCT08ZW9AW8Z,01JZ18G4TN4FH7205KTQTFE7PM,2025-06-30T20:34:48.32966847Z,01JZ18G4Z7SR18DC8PDBR22HS5,2025-06-30T20:34:48.32966847Z,01JZ18HPXJ4G52DBV1JHKTXZPH,2025-06-30T20:34:48.32966847Z,01JZ18S8VF5J1VCYDTJZFPF4QA,2025-06-30T20:34:48.32966847Z,01JZ18S8YGPM3F3MAQCG4WCDW1,2025-06-30T20:34:48.32966847Z
01JZ18Z483PMGTR88KH2NQHSNQ,01JZ18G4TN4FH7205KTQTFE7PM,2025-06-30T20:37:58.147817594Z,01JZ18G4ZPD0G0WRB3ZSNJ4KSW,2025-06-30T20:37:58.147817594Z,01JZ18HV1R8B29VBXTS00FPVXC,2025-06-30T20:37:58.147817594Z,01JZ18QMCZ2XYW2ZQY93ZH56GP,2025-06-30T20:37:58.147817594Z,01JZ18QMR9BG7HFDMPRPVAGW22,2025-06-30T20:37:58.147817594Z
01JZ1CCJNY7959YQDWFWN4JR2R,01JZ1BX7WQMA45G0E33EEHJ3V9,2025-06-30T21:37:44.63883095Z,01JZ1BX82RNFGPPA94NES9507T,2025-06-30T21:37:44.63883095Z,01JZ1BZDJ93GPNRBSERWMWMMB5,2025-06-30T21:37:44.63883095Z,01JZ1CAKRPM2RTKQN4NF25GQNV,2025-06-30T21:37:44.63883095Z,01JZ1CAM1259WP7HGV952K0VFQ,2025-06-30T21:37:44.63883095Z
01JZ1CG5W79KV6RVWNJXRNJ377,01JZ1BX7WQMA45G0E33EEHJ3V9,2025-06-30T21:39:42.59949479Z,01JZ1BX81RJBYPGNM468STZ9YH,2025-06-30T21:39:42.59949479Z,01JZ1C1P9WXAKXCBQ2MNEBPRTC,2025-06-30T21:39:42.59949479Z,01JZ1C7YMQAMFB9S9MJX437MX7,2025-06-30T21:39:42.59949479Z,01JZ1C7Z478C6M6M1M88QF080R,2025-06-30T21:39:42.59949479Z
01JZ1GNTAPWBDFAG3B8PZ94H4Z,01JZ1G29Q82GQAKEXSK2E7NK3R,2025-06-30T22:52:41.686252268Z,01JZ1G2A24PAZYJHH2EQFGJG7N,2025-06-30T22:52:41.686252268Z,01JZ1G82YG8RECYV7TAMBGD9YX,2025-06-30T22:52:41.686252268Z,01JZ1GG43VKPZ1V5ZJWSGJMS64,2025-06-30T22:52:41.686252268Z,01JZ1GG4J2J167YK71GJDT2JBT,2025-06-30T22:52:41.686252268Z
01JZ18NSPQZ8X6VRDTJWYAYS9K,01JZ18G4TN4FH7205KTQTFE7PM,2025-06-30T20:32:52.439753334Z,01JZ18G4ZDA13FR053ZT1R1FPF,2025-06-30T20:32:52.439753334Z,01JZ18JREDSF9T5ABKG1CCNPKZ,2025-06-30T20:32:52.439753334Z,01JZ18NR5AG219ZPCM6XMBS475,2025-06-30T20:32:52.439753334Z,01JZ18NR807382NWM43SC3W0P4,2025-06-30T20:32:52.439753334Z
01JZ18TFQHSQSCK6QV6F5KGMT3,01JZ18G4TN4FH7205KTQTFE7PM,2025-06-30T20:35:26.065696617Z,01JZ18G4Y1ABZPJ815NAWEN19T,2025-06-30T20:35:26.065696617Z,01JZ18JGZBSWHAA8MGTKR735JR,2025-06-30T20:35:26.065696617Z,01JZ18PMF1481YNW4VF038RS60,2025-06-30T20:35:26.065696617Z,01JZ18PMJNDHJZTMJ5QAYTKKV0,2025-06-30T20:35:26.065696617Z
01JZ18XVB1PAYD91TT1K939FT6,01JZ18G4TN4FH7205KTQTFE7PM,2025-06-30T20:37:16.257326265Z,01JZ18G512YK4K14AJW1A4KQT5,2025-06-30T20:37:16.257326265Z,01JZ18HJZ7HRTKHV6ZZJ67914M,2025-06-30T20:37:16.257326265Z,01JZ18R8CZAK9T47Q30YNKNJNG,2025-06-30T20:37:16.257326265Z,01JZ18R8GF1T8D6AA38W7NRDYD,2025-06-30T20:37:16.257326265Z
01JZ18ZVJMGCZSWKKJN6VQ5S00,01JZ18G4TN4FH7205KTQTFE7PM,2025-06-30T20:38:22.036327172Z,01JZ18G4ZPD0G0WRB3ZSNJ4KSW,2025-06-30T20:38:22.036327172Z,01JZ18HWWK8B66EBMNQPXM1R3H,2025-06-30T20:38:22.036327172Z,01JZ18QMFXN721VEA2NDQX9P2G,2025-06-30T20:38:22.036327172Z,01JZ18QMWYP84CPDPK40E53HFC,2025-06-30T20:38:22.036327172Z
01JZ1APTNBBY252VXG2S0J2G8X,01JZ19VEXCKVX740B60X4W6PQN,2025-06-30T21:08:23.339773179Z,01JZ19VF3FCDRKA7RA8CE3SQDH,2025-06-30T21:08:23.339773179Z,01JZ19X25DC6PHAYZ41F2N9R8N,2025-06-30T21:08:23.339773179Z,01JZ1AK0GTG09NRGMQGAZDENCH,2025-06-30T21:08:23.339773179Z,01JZ1AK0Q8SSARD5SSHB7KZ1FV,2025-06-30T21:08:23.339773179Z
01JZ1AV642X3GEX73HHEPV0AY1,01JZ19VEXCKVX740B60X4W6PQN,2025-06-30T21:10:46.146230182Z,01JZ19VF3FCDRKA7RA8CE3SQDH,2025-06-30T21:10:46.146230182Z,01JZ19X25DC6PHAYZ41F2N9R8N,2025-06-30T21:10:46.146230182Z,01JZ1AK0ET9HBHSSG0V60ZD9G1,2025-06-30T21:10:46.146230182Z,01JZ1AK0ZXKEPQK3R3R93JFQZP,2025-06-30T21:10:46.146230182Z
01JZ17SK7W5Q8SNF02D81ZKZKM,01JZ170DPRHYGRH6M74WMGZ8J5,2025-06-30T20:17:28.316914589Z,01JZ170DS32PJY8CQRMADJXFRG,2025-06-30T20:17:28.316914589Z,01JZ1788J67VDXAH0W6F8T66AB,2025-06-30T20:17:28.316914589Z,01JZ17HJY5Q3PQ3SGQ81QN303W,2025-06-30T20:17:28.316914589Z,01JZ17HK2E8CY2FWBMYVY27NZM,2025-06-30T20:17:28.316914589Z
01JZ17WZXQ3J8WKMGR8GVTMZKT,01JZ170DPRHYGRH6M74WMGZ8J5,2025-06-30T20:19:19.607546813Z,01JZ170DSMJZPS89ZBMFZ7ATK7,2025-06-30T20:19:19.607546813Z,01JZ17K3Y03J2B5JTWV2Q8DEEQ,2025-06-30T20:19:19.607546813Z,01JZ17MYEHBQM2VDSAQZ2CF179,2025-06-30T20:19:19.607546813Z,01JZ17MYQN5DT1W4HRCCEDGPR1,2025-06-30T20:19:19.607546813Z
01JZ18SK5NSKXFSKHWWJG1PAMJ,01JZ18G4TN4FH7205KTQTFE7PM,2025-06-30T20:34:56.821352834Z,01JZ18G4ZDA13FR053ZT1R1FPF,2025-06-30T20:34:56.821352834Z,01JZ18JREDSF9T5ABKG1CCNPKZ,2025-06-30T20:34:56.821352834Z,01JZ18NR677M02YFM90F21XHAA,2025-06-30T20:34:56.821352834Z,01JZ18NR9N5HZPVK7V13ZT23CD,2025-06-30T20:34:56.821352834Z
01JZ18ZK3YY0MVMCJQMXDTE2DF,01JZ18G4TN4FH7205KTQTFE7PM,2025-06-30T20:38:13.374744932Z,01JZ18G4XDWA3A08Y0HZ5HSAAF,2025-06-30T20:38:13.374744932Z,01JZ18JX7AQFGHWSY2V5AEBRM0,2025-06-30T20:38:13.374744932Z,01JZ18R10XKY5S8X2DP4KAHATX,2025-06-30T20:38:13.374744932Z,01JZ18R15QWZGYPDXYR2JDRR4K,2025-06-30T20:38:13.374744932Z
01JZ1GMGX6NCT32E5BFJPGRCCR,01JZ1G29Q82GQAKEXSK2E7NK3R,2025-06-30T22:51:59.270790924Z,01JZ1G2ACHC2PPHGNQVYG69GCY,2025-06-30T22:51:59.270790924Z,01JZ1GHHR8Y5813M82KVZRR659,2025-06-30T22:51:59.270790924Z,01JZ1GJG6VNG9PMWWVXAT59KAK,2025-06-30T22:51:59.270790924Z,01JZ1GJGN6RVH8BE86VVZ43HWT,2025-06-30T22:51:59.270790924Z
01JZ17SYCP6BWZJCGDXVHN369Z,01JZ170DPRHYGRH6M74WMGZ8J5,2025-06-30T20:17:39.734584418Z,01JZ170DSTXK5Z1DV671606E6A,2025-06-30T20:17:39.734584418Z,01JZ17CV56KYXDEZD0V6G3R2C0,2025-06-30T20:17:39.734584418Z,01JZ17J85RY443EPKC8WCTQNMR,2025-06-30T20:17:39.734584418Z,01JZ17J88A8VP8RMGE8BSKN4H6,2025-06-30T20:17:39.734584418Z
01JZ18TS8FHYE8K2HG1HNAT938,01JZ18G4TN4FH7205KTQTFE7PM,2025-06-30T20:35:35.823944951Z,01JZ18G4YA2XRQ9RK4RH5WQB1P,2025-06-30T20:35:35.823944951Z,01JZ18M8PYM3H87ZASWMAC2B64,2025-06-30T20:35:35.823944951Z,01JZ18Q1RFWF1SPY79863HPKYC,2025-06-30T20:35:35.823944951Z,01JZ18Q1WK379CDHDVRG1MFY84,2025-06-30T20:35:35.823944951Z
01JZ190CQ9CK3X4QNY26E2JTZR,01JZ18G4TN4FH7205KTQTFE7PM,2025-06-30T20:38:39.593215207Z,01JZ18G4XMK5QHE5YNTR43VZ9V,2025-06-30T20:38:39.593215207Z,01JZ18JG8638DXN8F3WDEPTJAB,2025-06-30T20:38:39.593215207Z,01JZ18RP8NH16RGQPN23QF70FD,2025-06-30T20:38:39.593215207Z,01JZ18RPEFN6WK76NDTGBAE0KT,2025-06-30T20:38:39.593215207Z
01JZ191J7FZMA5XF1R1SEJBKM4,01JZ18G4TN4FH7205KTQTFE7PM,2025-06-30T20:39:17.999524094Z,01JZ18G4Z7SR18DC8PDBR22HS5,2025-06-30T20:39:17.999524094Z,01JZ18JM84GZ5542ST7BEW0RHN,2025-06-30T20:39:17.999524094Z,01JZ18S8XBR7NPBNNX8H3R06YJ,2025-06-30T20:39:17.999524094Z,01JZ18S964RRE31Q1VKWQ9XVBV,2025-06-30T20:39:17.999524094Z
01JZ1AYVJAHZKR7KRM2FBRHB54,01JZ19VEXCKVX740B60X4W6PQN,2025-06-30T21:12:46.411004567Z,01JZ19VF4XXDC5SP97SM18G8VM,2025-06-30T21:12:46.411004567Z,01JZ19XD6XDCZFB3F08CC7HS0Y,2025-06-30T21:12:46.411004567Z,01JZ1AQBHRMVHPE1YZ6WFANPW5,2025-06-30T21:12:46.411004567Z,01JZ1AQBYQ9PP5WV2EE6KXR20F,2025-06-30T21:12:46.411004567Z
01JZ1H4RTDS42SEPJWR8VSEKCS,01JZ1G29Q82GQAKEXSK2E7NK3R,2025-06-30T23:00:51.661248223Z,01JZ1G2AATTMJJ07WA2JZ9MF1K,2025-06-30T23:00:51.661248223Z,01JZ1GRY7J5YBFT0P7ME9XRK58,2025-06-30T23:00:51.661248223Z,01JZ1GWNK8HR62RH8YCT5E8YRY,2025-06-30T23:00:51.661248223Z,01JZ1GWPKTD5JEXNEERZZN8R9M,2025-06-30T23:00:51.661248223Z
01JZ17ZR448FB5Y2PCJTDQ0YXW,01JZ170DPRHYGRH6M74WMGZ8J5,2025-06-30T20:20:49.9247436Z,01JZ170DRQN15452AYS561M232,2025-06-30T20:20:49.9247436Z,01JZ17QY7AVGGNKHH7ZM5STBVV,2025-06-30T20:20:49.9247436Z,01JZ17RBD7J0VJVJJG30EA195H,2025-06-30T20:20:49.9247436Z,01JZ17RBHHQPT9A5V5H65VXGK9,2025-06-30T20:20:49.9247436Z
01JZ180H57HKJNWHDTWW19C2X6,01JZ170DPRHYGRH6M74WMGZ8J5,2025-06-30T20:21:15.55922726Z,01JZ170DSP5HFMBRZWFQV8RFVC,2025-06-30T20:21:15.55922726Z,01JZ17D1Z4NJ06X2DRQ0XR8Y1G,2025-06-30T20:21:15.55922726Z,01JZ17RSJTNPRC3C8ZY6Y2ZSYJ,2025-06-30T20:21:15.55922726Z,01JZ17RSRNH5GJAAJYFVB387HP,2025-06-30T20:21:15.55922726Z
01JZ18XZW0MQRHEB42SH4XCG89,01JZ18G4TN4FH7205KTQTFE7PM,2025-06-30T20:37:20.896386248Z,01JZ18G4ZDA13FR053ZT1R1FPF,2025-06-30T20:37:20.896386248Z,01JZ18JGS17Q4PV0ZHE2RS3V2D,2025-06-30T20:37:20.896386248Z,01JZ18NR75F2HVZFYQR471939T,2025-06-30T20:37:20.896386248Z,01JZ18NRDBCH2SZDC43P2TKW60,2025-06-30T20:37:20.896386248Z
01JZ1BD8CVHDZ1SVPX2X08470K,01JZ1B1VZ9TM9N3252XVVAH9DZ,2025-06-30T21:20:38.300000111Z,01JZ1B1W5AJ9N87HJBZ99HRQPJ,2025-06-30T21:20:38.300000111Z,01JZ1B5GACPFWN4R0XMT462FAM,2025-06-30T21:20:38.300000111Z,01JZ1BB7ETZS9BEX799QEABQ0R,2025-06-30T21:20:38.300000111Z,01JZ1BB7QDF6PAHDHT1Z0ZNWHF,2025-06-30T21:20:38.300000111Z
01JZ1FA7FS9S8NKFWWP8YJE0BN,01JZ1E916HBESJXS5SJ82BFZ21,2025-06-30T22:28:53.369639955Z,01JZ1E91Q18GQE49C0XSDVMF75,2025-06-30T22:28:53.369639955Z,01JZ1EEDS4AMSMWB9W2CPSXDHE,2025-06-30T22:28:53.369639955Z,01JZ1F2J935JRBEA3AYQ9DM75Z,2025-06-30T22:28:53.369639955Z,01JZ1F2JVS4Z7GPBSDKYYH2CSK,2025-06-30T22:28:53.369639955Z
01JZ17KH0YSNVVCJD9JHTNDFTX,01JZ170DPRHYGRH6M74WMGZ8J5,2025-06-30T20:14:09.438908434Z,01JZ170DSWJ6311N72HPSQWG9K,2025-06-30T20:14:09.438908434Z,01JZ17HR3SKAZC9R19A608NCQK,2025-06-30T20:14:09.438908434Z,01JZ17KG5B6EC4G1KASHS52HR2,2025-06-30T20:14:09.438908434Z,01JZ17KG69JDSJMYJ0G4QW97X0,2025-06-30T20:14:09.438908434Z
01JZ17T2HQX7Z61S3EJE4NTRT2,01JZ170DPRHYGRH6M74WMGZ8J5,2025-06-30T20:17:43.991928009Z,01JZ170DSBT7R80F1BC6BFNZAP,2025-06-30T20:17:43.991928009Z,01JZ17898TMETDM923KMFF15WB,2025-06-30T20:17:43.991928009Z,01JZ17JC31V9W433CZ54VPSDCC,2025-06-30T20:17:43.991928009Z,01JZ17JC5R8HPZGDHHMDM55ZW6,2025-06-30T20:17:43.991928009Z
01JZ17TNNTWFN0JCZ14ZNVC4B3,01JZ170DPRHYGRH6M74WMGZ8J5,2025-06-30T20:18:03.57848626Z,01JZ170DSP5HFMBRZWFQV8RFVC,2025-06-30T20:18:03.57848626Z,01JZ17D1Z4NJ06X2DRQ0XR8Y1G,2025-06-30T20:18:03.57848626Z,01JZ17RSKP4T7TM013SKSDCBN6,2025-06-30T20:18:03.57848626Z,01JZ17RSNZJ7XVG11RZ6MP3BJ5,2025-06-30T20:18:03.57848626Z
01JZ18TKFB2V3AWJZA9CN5KP2X,01JZ18G4TN4FH7205KTQTFE7PM,2025-06-30T20:35:29.899883698Z,01JZ18G4XMK5QHE5YNTR43VZ9V,2025-06-30T20:35:29.899883698Z,01JZ18JYQDFDP4EVNZQ3HF507K,2025-06-30T20:35:29.899883698Z,01JZ18RP89JC5KMWSQF397VP76,2025-06-30T20:35:29.899883698Z,01JZ18RPCEEE6Q74G8J9BKYVBJ,2025-06-30T20:35:29.899883698Z
01JZ18XVCC3B1XFPZHGV8XS6A5,01JZ18G4TN4FH7205KTQTFE7PM,2025-06-30T20:37:16.300585215Z,01JZ18G512YK4K14AJW1A4KQT5,2025-06-30T20:37:16.300585215Z,01JZ18M3Q90QHFJ7P7ZKCP4M1K,2025-06-30T20:37:16.300585215Z,01JZ18R8CZAK9T47Q30YNKNJNG,2025-06-30T20:37:16.300585215Z,01JZ18R8GF1T8D6AA38W7NRDYD,2025-06-30T20:37:16.300585215Z
01JZ18YDZ3VSQSBRNFBBKRTT5R,01JZ18G4TN4FH7205KTQTFE7PM,2025-06-30T20:37:35.331761199Z,01JZ18G4X5EPR69QT64DVYQXFJ,2025-06-30T20:37:35.331761199Z,01JZ18KH2AEBXEHK9D1GSN56XX,2025-06-30T20:37:35.331761199Z,01JZ18PAQPXAB9KP38CAA042W4,2025-06-30T20:37:35.331761199Z,01JZ18PAYS1PHK1KKPBPBPHKTP,2025-06-30T20:37:35.331761199Z
01JZ190W6VS8W9SEPB5RAA1ENN,01JZ18G4TN4FH7205KTQTFE7PM,2025-06-30T20:38:55.452045577Z,01JZ18G4XMK5QHE5YNTR43VZ9V,2025-06-30T20:38:55.452045577Z,01JZ18JG8638DXN8F3WDEPTJAB,2025-06-30T20:38:55.452045577Z,01JZ18RP91GEW9EVAQBZZAHXYV,2025-06-30T20:38:55.452045577Z,01JZ18RPFWG4XEQZ470ZR69YVD,2025-06-30T20:38:55.452045577Z
01JZ1BKGHPEH57N5ARM5WCPE4E,01JZ1B1VZ9TM9N3252XVVAH9DZ,2025-06-30T21:24:03.254135237Z,01JZ1B1W5AJ9N87HJBZ99HRQPJ,2025-06-30T21:24:03.254135237Z,01JZ1B4M3WKZR9J1GGJ7PR0S32,2025-06-30T21:24:03.254135237Z,01JZ1BB7GR2K5BKJQ5STFB90RK,2025-06-30T21:24:03.254135237Z,01JZ1BB8103684J2JGNREVE01E,2025-06-30T21:24:03.254135237Z
01JZ17G7HXBHTRPQKNQMYMYRJ7,01JZ170DPRHYGRH6M74WMGZ8J5,2025-06-30T20:12:21.437539975Z,01JZ170DRSFZ9Y16965WN1Z2F9,2025-06-30T20:12:21.437539975Z,01JZ17971DQBZCGDTGNY2JH6QQ,2025-06-30T20:12:21.437539975Z,01JZ17G70CK9Q7FFZCZJ2KGMZQ,2025-06-30T20:12:21.437539975Z,01JZ17G717SS73NQTZKCSMHBWK,2025-06-30T20:12:21.437539975Z
01JZ17RZ4BEVE5XY9EKR2AE9MY,01JZ170DPRHYGRH6M74WMGZ8J5,2025-06-30T20:17:07.723191655Z,01JZ170DS32PJY8CQRMADJXFRG,2025-06-30T20:17:07.723191655Z,01JZ17A84G8QVPB3RW2KXSNH3H,2025-06-30T20:17:07.723191655Z,01JZ17HJY1YPM205KVGKCXFQS3,2025-06-30T20:17:07.723191655Z,01JZ17HK1CA56HZ85HYCEFTDYK,2025-06-30T20:17:07.723191655Z
01JZ17TGCKP96VAW3X5KJYPG1Q,01JZ170DPRHYGRH6M74WMGZ8J5,2025-06-30T20:17:58.163230543Z,01JZ170DSMJZPS89ZBMFZ7ATK7,2025-06-30T20:17:58.163230543Z,01JZ17411GFTP23ZXM1AB7D9NA,2025-06-30T20:17:58.163230543Z,01JZ17MYDW712GB678NHAF4EAC,2025-06-30T20:17:58.163230543Z,01JZ17MYMFCDYM1MWZVHQDN4PE,2025-06-30T20:17:58.163230543Z
01JZ17X4XVTX4TNRDD4ZGWSZV1,01JZ170DPRHYGRH6M74WMGZ8J5,2025-06-30T20:19:24.731498273Z,01JZ170DSXXMDA003X79NFA4N0,2025-06-30T20:19:24.731498273Z,01JZ179JK7EB00XG1XXC6JXGYV,2025-06-30T20:19:24.731498273Z,01JZ17NRRR088W52FGBGCTETBE,2025-06-30T20:19:24.731498273Z,01JZ17NRWDQHY67B4DFPVPMKXW,2025-06-30T20:19:24.731498273Z
01JZ1826TV27VAA9T1P6PB063D,01JZ170DPRHYGRH6M74WMGZ8J5,2025-06-30T20:22:10.523440676Z,01JZ170DS9MMA8EZAVKYS5SMHX,2025-06-30T20:22:10.523440676Z,01JZ177D1EC4DDHNWKT4R7S3XA,2025-06-30T20:22:10.523440676Z,01JZ17TR6X8TWBF7X6J4SZFVJ8,2025-06-30T20:22:10.523440676Z,01JZ17TRDZ3MV73YK1X2ZDQY7N,2025-06-30T20:22:10.523440676Z
01JZ18Z45XRP147QEJCYXASPCJ,01JZ18G4TN4FH7205KTQTFE7PM,2025-06-30T20:37:58.077764583Z,01JZ18G4ZPD0G0WRB3ZSNJ4KSW,2025-06-30T20:37:58.077764583Z,01JZ18KCY0QBBH8XGZWTQZ78V6,2025-06-30T20:37:58.077764583Z,01JZ18QMCZ2XYW2ZQY93ZH56GP,2025-06-30T20:37:58.077764583Z,01JZ18QMR9BG7HFDMPRPVAGW22,2025-06-30T20:37:58.077764583Z
01JZ1AEH4460T2K4NQ74KEMQ19,01JZ19VEXCKVX740B60X4W6PQN,2025-06-30T21:03:51.428778662Z,01JZ19VF5YA4VZJRJDVJVY1XBY,2025-06-30T21:03:51.428778662Z,01JZ1A4C7ZG2R9MAMN2NVT495T,2025-06-30T21:03:51.428778662Z,01JZ1AAR361JZ1CYXHJ50PJVG2,2025-06-30T21:03:51.428778662Z,01JZ1AAR73WCZ6THW90Z9KR5R5,2025-06-30T21:03:51.428778662Z
01JZ1DKXJBBYSN45NP6X9MGR6X,01JZ1D0RX94M7HHBAJDNGV8QRS,2025-06-30T21:59:13.739617218Z,01JZ1D0S4EMT97ECKQ06X1ZWAX,2025-06-30T21:59:13.739617218Z,01JZ1DEBFXXB5H1WJY1A2P9E20,2025-06-30T21:59:13.739617218Z,01JZ1DHWG8MPVQVFH1DPRPET9V,2025-06-30T21:59:13.739617218Z,01JZ1DHWS64PQM8BQXACXWS52F,2025-06-30T21:59:13.739617218Z
01JZ1EWZNGEP8Z8GTXVYZ856HE,01JZ1E916HBESJXS5SJ82BFZ21,2025-06-30T22:21:39.376562221Z,01JZ1E91MDHZVF6NVBEDDVGZWT,2025-06-30T22:21:39.376562221Z,01JZ1EK6MNQT8KSAR9HC017X0H,2025-06-30T22:21:39.376562221Z,01JZ1EWVJYDP3B4WNCZ8BTA5T5,2025-06-30T22:21:39.376562221Z,01JZ1EWVRVW60NY5MJFC1C4S6T,2025-06-30T22:21:39.376562221Z
01JZ1GR3PMKJZJF5RG7YA06RWS,01JZ1G29Q82GQAKEXSK2E7NK3R,2025-06-30T22:53:56.820298538Z,01JZ1G29XRNS92G9JYEX4H033M,2025-06-30T22:53:56.820298538Z,01JZ1GGT9KDQPYVBYTSYY1MHFW,2025-06-30T22:53:56.820298538Z,01JZ1GM688HKS6CMQAXCQKE8GC,2025-06-30T22:53:56.820298538Z,01JZ1GM6SZG28C3KR4YRXGMRFD,2025-06-30T22:53:56.820298538Z
01JZ1GV9EH3D6HR316KZABQWN0,01JZ1G29Q82GQAKEXSK2E7NK3R,2025-06-30T22:55:41.009637717Z,01JZ1G2A9825Q9R0AFVXQNTR63,2025-06-30T22:55:41.009637717Z,01JZ1G559C6P7CY3FSGY2MAEHK,2025-06-30T22:55:41.009637717Z,01JZ1GKM4NJC2AZGFDE1DDC9W3,2025-06-30T22:55:41.009637717Z,01JZ1GKMK024Q3M5W60SP5FP68,2025-06-30T22:55:41.009637717Z
01JZ17KHFJ8HNY3B7ADX298Q1H,01JZ170DPRHYGRH6M74WMGZ8J5,2025-06-30T20:14:09.906768468Z,01JZ170DS8YWG03GZVY59N3JD0,2025-06-30T20:14:09.906768468Z,01JZ176HDV9KWWBADR549HVXXJ,2025-06-30T20:14:09.906768468Z,01JZ17HNMQAAW5HV1NJ3KN0TDP,2025-06-30T20:14:09.906768468Z,01JZ17HNP3AJW0F642RK1ESAQT,2025-06-30T20:14:09.906768468Z
01JZ17VX2VADCPXKA22PEXVTW9,01JZ170DPRHYGRH6M74WMGZ8J5,2025-06-30T20:18:43.931170674Z,01JZ170DRWH3Q5VEKFYTCWXCB9,2025-06-30T20:18:43.931170674Z,01JZ179F3PP1PB0BWJA9TNG5TN,2025-06-30T20:18:43.931170674Z,01JZ17M63THTS8VR02B734BA3Z,2025-06-30T20:18:43.931170674Z,01JZ17M68BK07EYSC18JFC5CY6,2025-06-30T20:18:43.931170674Z
01JZ18RHY2X29QC4WJ7GWVW1E5,01JZ18G4TN4FH7205KTQTFE7PM,2025-06-30T20:34:22.786712162Z,01JZ18G4ZZG5A688HVVJGKBFVW,2025-06-30T20:34:22.786712162Z,01JZ18HSGA4VKS1NR0MAVDXW88,2025-06-30T20:34:22.786712162Z,01JZ18RFPBGVB1PJ8WVY2S92SR,2025-06-30T20:34:22.786712162Z,01JZ18RFS37DDHZAPQ7AZZ8HDA,2025-06-30T20:34:22.786712162Z
01JZ19844HXPW7PYXDS1BSSJB6,01JZ18QHX9XGN83K6T42FK97D5,2025-06-30T20:42:52.945242522Z,01JZ18QHYY9H3H8G0D5BR000CA,2025-06-30T20:42:52.945242522Z,01JZ18VF3QW244H0X63X0AZG1Z,2025-06-30T20:42:52.945242522Z,01JZ1903FVM8SRTYCYM7MR4PE9,2025-06-30T20:42:52.945242522Z,01JZ1905F9ZP00T69GN7KMYMEX,2025-06-30T20:42:52.945242522Z
01JZ1BX740H9YX9Y1ZC235T7PT,01JZ1B1VZ9TM9N3252XVVAH9DZ,2025-06-30T21:29:21.280364365Z,01JZ1B1W5TAZ0C76DBH0ZAEY5X,2025-06-30T21:29:21.280364365Z,01JZ1B42FGZXM24HBWN8AZM67K,2025-06-30T21:29:21.280364365Z,01JZ1BNNH562Q854YV4P9FQ9JA,2025-06-30T21:29:21.280364365Z,01JZ1BNPBK29NQN24A8RHSD4TC,2025-06-30T21:29:21.280364365Z
01JZ1BS275YAAQ7KSCZTX29CRR,01JZ1B1VZ9TM9N3252XVVAH9DZ,2025-06-30T21:27:05.189070717Z,01JZ1B1W68Y1JCNSRHTZJR0WTB,2025-06-30T21:27:05.189070717Z,01JZ1B84EMA8EXMS4XB5YP9VDA,2025-06-30T21:27:05.189070717Z,01JZ1BH45TYYSNR9HRYXWTVB04,2025-06-30T21:27:05.189070717Z,01JZ1BH4RVE34PYY4WF2W33DR9,2025-06-30T21:27:05.189070717Z
01JZ17NV2AZ92ZTW2E6S7JQMS0,01JZ170DPRHYGRH6M74WMGZ8J5,2025-06-30T20:15:25.258744555Z,01JZ170DS0283SZNEN95XAWWS4,2025-06-30T20:15:25.258744555Z,01JZ17G9ZFDP0QC4ASAB62EXYP,2025-06-30T20:15:25.258744555Z,01JZ17NT644PA1MKM9DXCD13F1,2025-06-30T20:15:25.258744555Z,01JZ17NT8N20Z9H468MWQHH6VD,2025-06-30T20:15:25.258744555Z
01JZ17QJTXMQ886V2XNV862APA,01JZ170DPRHYGRH6M74WMGZ8J5,2025-06-30T20:16:22.365799379Z,01JZ170DRSFZ9Y16965WN1Z2F9,2025-06-30T20:16:22.365799379Z,01JZ17C681KCXJ6DBBJAQ640Z7,2025-06-30T20:16:22.365799379Z,01JZ17G70TM6EWY78GFBKAH2E9,2025-06-30T20:16:22.365799379Z,01JZ17G72TBMVDY3HE0ARP6X8X,2025-06-30T20:16:22.365799379Z
01JZ17ZBPCKR17EE3V3RW2TJRK,01JZ170DPRHYGRH6M74WMGZ8J5,2025-06-30T20:20:37.196087295Z,01JZ170DS5DJKXJ3Z7YVJKJJXK,2025-06-30T20:20:37.196087295Z,01JZ17ETMDVKMB5DEN58FYX8NM,2025-06-30T20:20:37.196087295Z,01JZ17QA5164E7ECZ7F8E2886X,2025-06-30T20:20:37.196087295Z,01JZ17QAAJ9B1W0VFAH61RSG1K,2025-06-30T20:20:37.196087295Z
01JZ198EH2DZDTDRW5C471XV1Z,01JZ18QHX9XGN83K6T42FK97D5,2025-06-30T20:43:03.586146401Z,01JZ18QHYY9H3H8G0D5BR000CA,2025-06-30T20:43:03.586146401Z,01JZ18VF3QW244H0X63X0AZG1Z,2025-06-30T20:43:03.586146401Z,01JZ1903EEWXHFPKFJN2CK77YH,2025-06-30T20:43:03.586146401Z,01JZ1905KVG0P5M45Q6GQ0WZHZ,2025-06-30T20:43:03.586146401Z
01JZ1AAGVZAV0MAEC37D4TQ4X7,01JZ19VEXCKVX740B60X4W6PQN,2025-06-30T21:01:40.09507095Z,01JZ19VF1X4TGM9HTAVFF08YB3,2025-06-30T21:01:40.09507095Z,01JZ19XY7CXDASK651A0S5NR34,2025-06-30T21:01:40.09507095Z,01JZ1A31TDZKWTX3G3H9PC4RBE,2025-06-30T21:01:40.09507095Z,01JZ1A326WS216DQ7AQ8R85P2Z,2025-06-30T21:01:40.09507095Z
01JZ1AAGYT1C770B6WXPNXC7QB,01JZ19VEXCKVX740B60X4W6PQN,2025-06-30T21:01:40.186442612Z,01JZ19VF1X4TGM9HTAVFF08YB3,2025-06-30T21:01:40.186442612Z,01JZ19Y0A6E9M84HP9ZX2DCFTC,2025-06-30T21:01:40.186442612Z,01JZ1A31TDZKWTX3G3H9PC4RBE,2025-06-30T21:01:40.186442612Z,01JZ1A326WS216DQ7AQ8R85P2Z,2025-06-30T21:01:40.186442612Z
01JZ1BJVBBGX887XEWJK97J7E4,01JZ1B1VZ9TM9N3252XVVAH9DZ,2025-06-30T21:23:41.547578582Z,01JZ1B1W6S117BH8HCA7NH9R7E,2025-06-30T21:23:41.547578582Z,01JZ1B46GFSFAYTPK6TDTQG4WK,2025-06-30T21:23:41.547578582Z,01JZ1BAHG6QWWGBEPT681DK5Y7,2025-06-30T21:23:41.547578582Z,01JZ1BAJ3J3FZ3GMGRGR49591P,2025-06-30T21:23:41.547578582Z
01JZ1DGFBN19YEFGXCRCYJAK9T,01JZ1D0RX94M7HHBAJDNGV8QRS,2025-06-30T21:57:20.885642603Z,01JZ1D0S14X3T6948SDJVF454K,2025-06-30T21:57:20.885642603Z,01JZ1D3Y76V55J2284DH2783V0,2025-06-30T21:57:20.885642603Z,01JZ1DCMNY0VAHZRBKPHM6R6CB,2025-06-30T21:57:20.885642603Z,01JZ1DCMZAN4A7D3RG8CVBAZ9Q,2025-06-30T21:57:20.885642603Z
01JZ1F5913J9Z2F1K00XPJES9Y,01JZ1E916HBESJXS5SJ82BFZ21,2025-06-30T22:26:11.1070701Z,01JZ1E91Z6K0ZJGCC53Q4JQWJP,2025-06-30T22:26:11.1070701Z,01JZ1EMNNJSEW14RVAN4FX9H51,2025-06-30T22:26:11.1070701Z,01JZ1EXC2738TD9DEC8HEZ1QM0,2025-06-30T22:26:11.1070701Z,01JZ1EXCFVBFFNTMBSMYCMN34B,2025-06-30T22:26:11.1070701Z
01JZ17QGXMS1ZP631ZBR9WDNZW,01JZ170DPRHYGRH6M74WMGZ8J5,2025-06-30T20:16:20.404540249Z,01JZ170DRRRWN613C5WJQ8B5Q6,2025-06-30T20:16:20.404540249Z,01JZ17D5ERR5YZYXD6Y3AFJ1M0,2025-06-30T20:16:20.404540249Z,01JZ17G52QXC0MC4VA0YJ9E9HN,2025-06-30T20:16:20.404540249Z,01JZ17G54GERK7CC5A2YT2C8ZS,2025-06-30T20:16:20.404540249Z
01JZ17TTMF7YBAN1B434C239WC,01JZ170DPRHYGRH6M74WMGZ8J5,2025-06-30T20:18:08.655532141Z,01JZ170DS9MMA8EZAVKYS5SMHX,2025-06-30T20:18:08.655532141Z,01JZ17QM16148RHAHCPPZX620J,2025-06-30T20:18:08.655532141Z,01JZ17TR81NXXTTPKTD9H5FET9,2025-06-30T20:18:08.655532141Z,01JZ17TR8Z5CC3K19BE40RKY2A,2025-06-30T20:18:08.655532141Z
01JZ18RHXEBM4D3MEG1B22KA7P,01JZ18G4TN4FH7205KTQTFE7PM,2025-06-30T20:34:22.766655194Z,01JZ18G4ZZG5A688HVVJGKBFVW,2025-06-30T20:34:22.766655194Z,01JZ18JE9A6THSRA3515C4Q3GE,2025-06-30T20:34:22.766655194Z,01JZ18RFPBGVB1PJ8WVY2S92SR,2025-06-30T20:34:22.766655194Z,01JZ18RFS37DDHZAPQ7AZZ8HDA,2025-06-30T20:34:22.766655194Z
01JZ18Y1A1CDZ3BT8EPV3X8S18,01JZ18G4TN4FH7205KTQTFE7PM,2025-06-30T20:37:22.369756401Z,01JZ18G50PJASP911XB82AW46K,2025-06-30T20:37:22.369756401Z,01JZ18M00QARBD4YKJZDM6JQBC,2025-06-30T20:37:22.369756401Z,01JZ18P6NBJ7Z652WDFV9M7NT4,2025-06-30T20:37:22.369756401Z,01JZ18P739EYESK92YXTAPSPB7,2025-06-30T20:37:22.369756401Z
01JZ18Z81BQH4WG3T0YNCNBA4T,01JZ18G4TN4FH7205KTQTFE7PM,2025-06-30T20:38:02.027793551Z,01JZ18G4YTQTSXFW2X0Y80VGVG,2025-06-30T20:38:02.027793551Z,01JZ18JHMPB6Y0TNZB1CBHN9G9,2025-06-30T20:38:02.027793551Z,01JZ18QCJGMBYZ3Q6VHAQ4WQVG,2025-06-30T20:38:02.027793551Z,01JZ18QCRS6KYZZVYGRJM4TYB1,2025-06-30T20:38:02.027793551Z
01JZ1FA08D3T7XCBX919T0WC73,01JZ1E916HBESJXS5SJ82BFZ21,2025-06-30T22:28:45.965310492Z,01JZ1E91SWVSXS6FK33QCMH9SP,2025-06-30T22:28:45.965310492Z,01JZ1EXKHZBZ5ENGWCGS2V70RX,2025-06-30T22:28:45.965310492Z,01JZ1F45E1EEK0EVP02WHSXZM6,2025-06-30T22:28:45.965310492Z,01JZ1F45ZB3SD0HXV6WHWTKMTN,2025-06-30T22:28:45.965310492Z
01JZ17G5JT6WZ0JPPFGJAXFRGT,01JZ170DPRHYGRH6M74WMGZ8J5,2025-06-30T20:12:19.418645641Z,01JZ170DRRRWN613C5WJQ8B5Q6,2025-06-30T20:12:19.418645641Z,01JZ176AGFMX3JE5XFYY83S9AY,2025-06-30T20:12:19.418645641Z,01JZ17G526V3QE34K6X6V2S8DM,2025-06-30T20:12:19.418645641Z,01JZ17G5356YF5HQZXE4JNKE6Q,2025-06-30T20:12:19.418645641Z
01JZ17NP17BYVTXJ8C0YC2HYHF,01JZ170DPRHYGRH6M74WMGZ8J5,2025-06-30T20:15:20.103791888Z,01JZ170DRRRWN613C5WJQ8B5Q6,2025-06-30T20:15:20.103791888Z,01JZ178SZSEG7MZD5W906ME19S,2025-06-30T20:15:20.103791888Z,01JZ17G525MGXJWBMSF6HV25RV,2025-06-30T20:15:20.103791888Z,01JZ17G53ZM6CEB81ZA344VWG3,2025-06-30T20:15:20.103791888Z
01JZ17TD5AA4EWY5QT62RSKFGK,01JZ170DPRHYGRH6M74WMGZ8J5,2025-06-30T20:17:54.858315566Z,01JZ170DRV33K8D9D9ZMQKAW2D,2025-06-30T20:17:54.858315566Z,01JZ179XMYFK94EADRMMB2K8HQ,2025-06-30T20:17:54.858315566Z,01JZ17PPGX7JSSK85PVP6H7NR4,2025-06-30T20:17:54.858315566Z,01JZ17PPKMZ4NWTGE47X76JQ19,2025-06-30T20:17:54.858315566Z
01JZ18SYPBBT12PW61FM364KPH,01JZ18G4TN4FH7205KTQTFE7PM,2025-06-30T20:35:08.619406683Z,01JZ18G4XDWA3A08Y0HZ5HSAAF,2025-06-30T20:35:08.619406683Z,01JZ18JRC4BH8D9FBM20ZHDN29,2025-06-30T20:35:08.619406683Z,01JZ18R0Z5Z926ZA90YM7MYTK3,2025-06-30T20:35:08.619406683Z,01JZ18R133QMRQ38HG6QRP200S,2025-06-30T20:35:08.619406683Z
01JZ18TKDVWA366J2T31N9KFWE,01JZ18G4TN4FH7205KTQTFE7PM,2025-06-30T20:35:29.851061846Z,01JZ18G4XMK5QHE5YNTR43VZ9V,2025-06-30T20:35:29.851061846Z,01JZ18J9W8KMP67K3HENBC0CVQ,2025-06-30T20:35:29.851061846Z,01JZ18RP89JC5KMWSQF397VP76,2025-06-30T20:35:29.851061846Z,01JZ18RPCEEE6Q74G8J9BKYVBJ,2025-06-30T20:35:29.851061846Z
01JZ19868B7KVHDBPD57XS0V8S,01JZ18QHX9XGN83K6T42FK97D5,2025-06-30T20:42:55.115528654Z,01JZ18QHZ9KPT0XZ66BZ9ZB89K,2025-06-30T20:42:55.115528654Z,01JZ18VHSP5WBV88CARNF83RF7,2025-06-30T20:42:55.115528654Z,01JZ190NKBHYNACREFJP8CVVGM,2025-06-30T20:42:55.115528654Z,01JZ190NYCSHEEJMF4J3CTT5SW,2025-06-30T20:42:55.115528654Z
01JZ1BVBK1VSDJBWFQDWZ4S9E0,01JZ1B1VZ9TM9N3252XVVAH9DZ,2025-06-30T21:28:20.321636773Z,01JZ1B1W5TAZ0C76DBH0ZAEY5X,2025-06-30T21:28:20.321636773Z,01JZ1B3G6JQBSFAAE2943ZEQ9V,2025-06-30T21:28:20.321636773Z,01JZ1BNNFF9MV2BR5CAE8TGEYC,2025-06-30T21:28:20.321636773Z,01JZ1BNP5PBKXV8ESFM96T5G4E,2025-06-30T21:28:20.321636773Z
01JZ17Q6X82TKEGFVTR02VTX65,01JZ170DPRHYGRH6M74WMGZ8J5,2025-06-30T20:16:10.152443641Z,01JZ170DS8YWG03GZVY59N3JD0,2025-06-30T20:16:10.152443641Z,01JZ17AFTYKZ447G4RP003MK6R,2025-06-30T20:16:10.152443641Z,01JZ17HNMQAAW5HV1NJ3KN0TDP,2025-06-30T20:16:10.152443641Z,01JZ17HNP9BV8JHZB1QE7WG35X,2025-06-30T20:16:10.152443641Z
01JZ17TWF13CJG53VE132J33N4,01JZ170DPRHYGRH6M74WMGZ8J5,2025-06-30T20:18:10.529524403Z,01JZ170DSWJ6311N72HPSQWG9K,2025-06-30T20:18:10.529524403Z,01JZ178W441J2YAZ2W6GRZFTRA,2025-06-30T20:18:10.529524403Z,01JZ17KG4GY236VDZCYE8QS8G2,2025-06-30T20:18:10.529524403Z,01JZ17KG911NYQ5N6FHQBCSNCV,2025-06-30T20:18:10.529524403Z
01JZ18QQQQ3PGH3PPQ7RYQK4E9,01JZ18G4TN4FH7205KTQTFE7PM,2025-06-30T20:33:55.959321423Z,01JZ18G4ZPD0G0WRB3ZSNJ4KSW,2025-06-30T20:33:55.959321423Z,01JZ18JPR0CJ8HT66ZQ08VW9PH,2025-06-30T20:33:55.959321423Z,01JZ18QMC3ZA9P1743X1HXFWMC,2025-06-30T20:33:55.959321423Z,01JZ18QMHKB3Y36NHFYKKXF3NP,2025-06-30T20:33:55.959321423Z
01JZ1BK4ERKEFQMG059HTTGTVB,01JZ1B1VZ9TM9N3252XVVAH9DZ,2025-06-30T21:23:50.872605072Z,01JZ1B1W68Y1JCNSRHTZJR0WTB,2025-06-30T21:23:50.872605072Z,01JZ1B483R9XXNDJ9MZBRK2ZQ1,2025-06-30T21:23:50.872605072Z,01JZ1BH44X88X65JM8T5DXFWMN,2025-06-30T21:23:50.872605072Z,01JZ1BH4HA8J7SBAZ6TKP726YJ,2025-06-30T21:23:50.872605072Z
01JZ1BM06HNAKXMGGGAY93MXS3,01JZ1B1VZ9TM9N3252XVVAH9DZ,2025-06-30T21:24:19.281418056Z,01JZ1B1W46BH5YH0XYSE8KJRBK,2025-06-30T21:24:19.281418056Z,01JZ1B53Y9CT8RBFCFDJ7CMETA,2025-06-30T21:24:19.281418056Z,01JZ1BJ1ABMADNQ2K1TJQ9ED7W,2025-06-30T21:24:19.281418056Z,01JZ1BJ1KA0R53MJZQYVW64Y0X,2025-06-30T21:24:19.281418056Z
01JZ1CMEX0RRGG1W0H3W28QAGG,01JZ1C4XJFQQ45ZHGATAXVBX0J,2025-06-30T21:42:02.912901575Z,01JZ1C4XNE4VHGMR9JDZS6Y7F9,2025-06-30T21:42:02.912901575Z,01JZ1CF267R4DM5CMXPS4VKSEE,2025-06-30T21:42:02.912901575Z,01JZ1CM9HSWSHAX9FB9M6KQ29W,2025-06-30T21:42:02.912901575Z,01JZ1CM9RFST88QA1FS194B25R,2025-06-30T21:42:02.912901575Z
01JZ1EZC2MHWS9DF5KPSYBV8PK,01JZ1E916HBESJXS5SJ82BFZ21,2025-06-30T22:22:57.620894692Z,01JZ1E91Z6K0ZJGCC53Q4JQWJP,2025-06-30T22:22:57.620894692Z,01JZ1ET7E30G59HX0XYHAKGDD0,2025-06-30T22:22:57.620894692Z,01JZ1EXBWE57CVQYV0Q5D3TA2S,2025-06-30T22:22:57.620894692Z,01JZ1EXC7FMRX16KPMG2EATNEA,2025-06-30T22:22:57.620894692Z
01JZ1CJ44BH0EV92K4YGTV1RF7,01JZ1BX7WQMA45G0E33EEHJ3V9,2025-06-30T21:40:46.347518433Z,01JZ1BX82RNFGPPA94NES9507T,2025-06-30T21:40:46.347518433Z,01JZ1C8ESVRXKY79BT9BNGMME4,2025-06-30T21:40:46.347518433Z,01JZ1CAKT98V8807YMXA32C8M0,2025-06-30T21:40:46.347518433Z,01JZ1CAM5C4XTMMSM5WR0A4FS6,2025-06-30T21:40:46.347518433Z
01JZ17NP04DE45J9M7T1HHBV62,01JZ170DPRHYGRH6M74WMGZ8J5,2025-06-30T20:15:20.068973313Z,01JZ170DRRRWN613C5WJQ8B5Q6,2025-06-30T20:15:20.068973313Z,01JZ17A832XNJZN2KK8205TMZH,2025-06-30T20:15:20.068973313Z,01JZ17G525MGXJWBMSF6HV25RV,2025-06-30T20:15:20.068973313Z,01JZ17G53ZM6CEB81ZA344VWG3,2025-06-30T20:15:20.068973313Z
01JZ18QY3WWM6DJPTTZWZQMXM0,01JZ18G4TN4FH7205KTQTFE7PM,2025-06-30T20:34:02.492671567Z,01JZ18G4YK3PSP6R2PNWBA4P8S,2025-06-30T20:34:02.492671567Z,01JZ18MVEFXZGBQPET8FQ2326K,2025-06-30T20:34:02.492671567Z,01JZ18QWBRR3KN0B62DES46FPE,2025-06-30T20:34:02.492671567Z,01JZ18QWCRY9JA2H8F09Y0GPWX,2025-06-30T20:34:02.492671567Z
01JZ18SYT969Q8FNTFP7WC11WF,01JZ18G4TN4FH7205KTQTFE7PM,2025-06-30T20:35:08.745457818Z,01JZ18G4XDWA3A08Y0HZ5HSAAF,2025-06-30T20:35:08.745457818Z,01JZ18K1FP19HQQGWY5MDNJT99,2025-06-30T20:35:08.745457818Z,01JZ18R0Z5Z926ZA90YM7MYTK3,2025-06-30T20:35:08.745457818Z,01JZ18R133QMRQ38HG6QRP200S,2025-06-30T20:35:08.745457818Z
01JZ1BF2WJN699RDTVM28S1KAW,01JZ1B1VZ9TM9N3252XVVAH9DZ,2025-06-30T21:21:38.194559008Z,01JZ1B1W2WT8MR9NJ7RDDSFH2M,2025-06-30T21:21:38.194559008Z,01JZ1B64GPABF5830RNTZP1A2Y,2025-06-30T21:21:38.194559008Z,01JZ1BD3Y8NHHCFXCV7WB08PE6,2025-06-30T21:21:38.194559008Z,01JZ1BD4BBAEFYK9NRYQAQA650,2025-06-30T21:21:38.194559008Z
01JZ1BMZG3ZPPMYVJFS3JNCXBQ,01JZ1B1VZ9TM9N3252XVVAH9DZ,2025-06-30T21:24:51.3318804Z,01JZ1B1W2WT8MR9NJ7RDDSFH2M,2025-06-30T21:24:51.3318804Z,01JZ1B4FWCV3S3JF90184ADC3A,2025-06-30T21:24:51.3318804Z,01JZ1BD437FH3N90SJNPN2P8KN,2025-06-30T21:24:51.3318804Z,01JZ1BD4MZ06KW5Q7KF9SR8RYG,2025-06-30T21:24:51.3318804Z
01JZ1BVKS4872NKD7JDTFPWEWA,01JZ1B1VZ9TM9N3252XVVAH9DZ,2025-06-30T21:28:28.70902859Z,01JZ1B1W4RP0VXDDKCJTNKM3AX,2025-06-30T21:28:28.70902859Z,01JZ1BJRR128B2311DSMJCH15V,2025-06-30T21:28:28.70902859Z,01JZ1BNY8P6J7MV2A9X36WMPD0,2025-06-30T21:28:28.70902859Z,01JZ1BNYKMVTP1B0A6AZBFNG64,2025-06-30T21:28:28.70902859Z
01JZ1CG9KXSB69YGCNH9CGP8PT,01JZ1BX7WQMA45G0E33EEHJ3V9,2025-06-30T21:39:46.429318071Z,01JZ1BX849RGFMRNF1WR9VXVPD,2025-06-30T21:39:46.429318071Z,01JZ1C42HDFGHZFCN4YDW8V435,2025-06-30T21:39:46.429318071Z,01JZ1C84T2E9S1287QS1CMSZMQ,2025-06-30T21:39:46.429318071Z,01JZ1C857WC7WCWARBB6R4764E,2025-06-30T21:39:46.429318071Z
01JZ18XM53B7VQG63BZ64Q003D,01JZ18G4TN4FH7205KTQTFE7PM,2025-06-30T20:37:08.899268804Z,01JZ18G508W9SSEDAT6B79GZND,2025-06-30T20:37:08.899268804Z,01JZ18NT2QY0K3T67RMTHTZ875,2025-06-30T20:37:08.899268804Z,01JZ18STHY2VTQFD4CXMK2KF14,2025-06-30T20:37:08.899268804Z,01JZ18STSC4NTMXFTGAYPERD0M,2025-06-30T20:37:08.899268804Z
01JZ1AAFCBZXS0DKJ6WAS67X9M,01JZ19VEXCKVX740B60X4W6PQN,2025-06-30T21:01:38.571212782Z,01JZ19VF81DTYMGWYB0TAJKDWY,2025-06-30T21:01:38.571212782Z,01JZ1A11QXMY0GZ8B5FCM3RTBW,2025-06-30T21:01:38.571212782Z,01JZ1AABJ0BY70FX8865HSNR55,2025-06-30T21:01:38.571212782Z,01JZ1AABW8MTCD6QEB2EN9GF98,2025-06-30T21:01:38.571212782Z
01JZ1DG4JVG0FWW2A63XEP3JH1,01JZ1D0RX94M7HHBAJDNGV8QRS,2025-06-30T21:57:09.851886747Z,01JZ1D0S064NT759Q480WCA8PK,2025-06-30T21:57:09.851886747Z,01JZ1DB67XDQM93GQRR65SS1X0,2025-06-30T21:57:09.851886747Z,01JZ1DFXC24EESH7ZRD8X7590G,2025-06-30T21:57:09.851886747Z,01JZ1DFY7EKQY65Z41983SMPYY,2025-06-30T21:57:09.851886747Z
01JZ1GWCJAP4MXJ60RC1KZQR9S,01JZ1G29Q82GQAKEXSK2E7NK3R,2025-06-30T22:56:16.970517659Z,01JZ1G29XRNS92G9JYEX4H033M,2025-06-30T22:56:16.970517659Z,01JZ1G630GW64096KNZNG4RDAZ,2025-06-30T22:56:16.970517659Z,01JZ1GM6DB22EFXGY7Q9EF30Y5,2025-06-30T22:56:16.970517659Z,01JZ1GM73J8VEAS9CW3DT8H7EK,2025-06-30T22:56:16.970517659Z
01JZ17STGWTCGXKK53KCN6ZMJX,01JZ170DPRHYGRH6M74WMGZ8J5,2025-06-30T20:17:35.772689449Z,01JZ170DSR5F2SARFX61BD5BFD,2025-06-30T20:17:35.772689449Z,01JZ179KCXD57AZVEGR3X2YKFH,2025-06-30T20:17:35.772689449Z,01JZ17M8SSZ2QHECS5BA0DPMCQ,2025-06-30T20:17:35.772689449Z,01JZ17M8XAP84NT81MJXA59Y57,2025-06-30T20:17:35.772689449Z
01JZ17TNPMNWBDC6TR858AMJF4,01JZ170DPRHYGRH6M74WMGZ8J5,2025-06-30T20:18:03.60447419Z,01JZ170DSP5HFMBRZWFQV8RFVC,2025-06-30T20:18:03.60447419Z,01JZ178B4PCAFGN9QS0GJ0TQ84,2025-06-30T20:18:03.60447419Z,01JZ17RSKP4T7TM013SKSDCBN6,2025-06-30T20:18:03.60447419Z,01JZ17RSNZJ7XVG11RZ6MP3BJ5,2025-06-30T20:18:03.60447419Z
01JZ18SK8GCV3K0NEKSWKX3T63,01JZ18G4TN4FH7205KTQTFE7PM,2025-06-30T20:34:56.912055747Z,01JZ18G4ZDA13FR053ZT1R1FPF,2025-06-30T20:34:56.912055747Z,01JZ18HGW0W96RSNBB49GQ9E8B,2025-06-30T20:34:56.912055747Z,01JZ18NR677M02YFM90F21XHAA,2025-06-30T20:34:56.912055747Z,01JZ18NR9N5HZPVK7V13ZT23CD,2025-06-30T20:34:56.912055747Z
01JZ18ZPRMRKGD3MTY5WD32M20,01JZ18G4TN4FH7205KTQTFE7PM,2025-06-30T20:38:17.108489908Z,01JZ18G512YK4K14AJW1A4KQT5,2025-06-30T20:38:17.108489908Z,01JZ18JYCDAD1FWP17TG353JM2,2025-06-30T20:38:17.108489908Z,01JZ18R8CKMG9A39402BQ4NWM2,2025-06-30T20:38:17.108489908Z,01JZ18R8HNH0RJEQ541QGANZP7,2025-06-30T20:38:17.108489908Z
01JZ1C81R95V94X26BN745WTK0,01JZ1BX7WQMA45G0E33EEHJ3V9,2025-06-30T21:35:16.233204799Z,01JZ1BX81RJBYPGNM468STZ9YH,2025-06-30T21:35:16.233204799Z,01JZ1BZM7HWWQQ5DW0EFWDSAQF,2025-06-30T21:35:16.233204799Z,01JZ1C7YGHR2442RHDR5SXSPGQ,2025-06-30T21:35:16.233204799Z,01JZ1C7YQ47NP6YN09SKXT4TXG,2025-06-30T21:35:16.233204799Z
01JZ1DMVKAZQ32WKN0KRXA9MWT,01JZ1D0RX94M7HHBAJDNGV8QRS,2025-06-30T21:59:44.490130395Z,01JZ1D0S14X3T6948SDJVF454K,2025-06-30T21:59:44.490130395Z,01JZ1D4SCYXBMNQ70R3B47BMPE,2025-06-30T21:59:44.490130395Z,01JZ1DCMRJJ169TVNGDT370T2P,2025-06-30T21:59:44.490130395Z,01JZ1DCNAHRDE7169NYJFVZEPX,2025-06-30T21:59:44.490130395Z
01JZ1F0F48B3PDW4CZ4370MQQJ,01JZ1E916HBESJXS5SJ82BFZ21,2025-06-30T22:23:33.513004683Z,01JZ1E91HHYKGR583PHV4V6JXR,2025-06-30T22:23:33.513004683Z,01JZ1EB79K0MG0B72T7KF449XB,2025-06-30T22:23:33.513004683Z,01JZ1ERV9TFSNXH7AMBAPNGSYN,2025-06-30T22:23:33.513004683Z,01JZ1ERVRBV4K0N4SM177J3NR5,2025-06-30T22:23:33.513004683Z
01JZ1BSHSEP0ZZF8856A0JSPPN,01JZ1B1VZ9TM9N3252XVVAH9DZ,2025-06-30T21:27:21.134823204Z,01JZ1B1W46BH5YH0XYSE8KJRBK,2025-06-30T21:27:21.134823204Z,01JZ1BEHJTZVP4GP4G96Q0PZBM,2025-06-30T21:27:21.134823204Z,01JZ1BJ1CD7PGGMV0A6YRMHSQJ,2025-06-30T21:27:21.134823204Z,01JZ1BJ1Q3JY8NWMAF904NVX9Y,2025-06-30T21:27:21.134823204Z
01JZ17SRDHE6P2R14DT5199BHZ,01JZ170DPRHYGRH6M74WMGZ8J5,2025-06-30T20:17:33.617148462Z,01JZ170DSBT7R80F1BC6BFNZAP,2025-06-30T20:17:33.617148462Z,01JZ17BXN8A0CN51A90XTP0KJK,2025-06-30T20:17:33.617148462Z,01JZ17JC34NY9C5XTJE3ETGWA3,2025-06-30T20:17:33.617148462Z,01JZ17JC505AWX6P95A9R01TAZ,2025-06-30T20:17:33.617148462Z
01JZ17TGD1PJKK3R98BE893H9N,01JZ170DPRHYGRH6M74WMGZ8J5,2025-06-30T20:17:58.177107815Z,01JZ170DSMJZPS89ZBMFZ7ATK7,2025-06-30T20:17:58.177107815Z,01JZ17ECC07JKYK10HK5BT3SZQ,2025-06-30T20:17:58.177107815Z,01JZ17MYDW712GB678NHAF4EAC,2025-06-30T20:17:58.177107815Z,01JZ17MYMFCDYM1MWZVHQDN4PE,2025-06-30T20:17:58.177107815Z
01JZ18R78DXY9XXK694AKH4ZBC,01JZ18G4TN4FH7205KTQTFE7PM,2025-06-30T20:34:11.853326403Z,01JZ18G4X5EPR69QT64DVYQXFJ,2025-06-30T20:34:11.853326403Z,01JZ18HXXDMVGXCQ4P1CVWEG2V,2025-06-30T20:34:11.853326403Z,01JZ18PAPZYGZBF3DQ7XCBJ9MP,2025-06-30T20:34:11.853326403Z,01JZ18PATDHBC84W84GJ8KFFEF,2025-06-30T20:34:11.853326403Z
01JZ18SAV4DNCDBJ0K2VCJVW7S,01JZ18G4TN4FH7205KTQTFE7PM,2025-06-30T20:34:48.292340252Z,01JZ18G4Z7SR18DC8PDBR22HS5,2025-06-30T20:34:48.292340252Z,01JZ18K0S7ESWE4C2YKPFWVG9K,2025-06-30T20:34:48.292340252Z,01JZ18S8VF5J1VCYDTJZFPF4QA,2025-06-30T20:34:48.292340252Z,01JZ18S8YGPM3F3MAQCG4WCDW1,2025-06-30T20:34:48.292340252Z
01JZ18SZ7HHYA18H1395KWBDZV,01JZ18G4TN4FH7205KTQTFE7PM,2025-06-30T20:35:09.169790859Z,01JZ18G50PJASP911XB82AW46K,2025-06-30T20:35:09.169790859Z,01JZ18JWY9W1XWEWVGSNZXRKZN,2025-06-30T20:35:09.169790859Z,01JZ18P6M9PWBBNS9EFA2527RR,2025-06-30T20:35:09.169790859Z,01JZ18P6WPH7BDRZCWDRSSXC7E,2025-06-30T20:35:09.169790859Z
01JZ18VS5RZ3KJ3P2358WJEERH,01JZ18G4TN4FH7205KTQTFE7PM,2025-06-30T20:36:08.504630421Z,01JZ18G508W9SSEDAT6B79GZND,2025-06-30T20:36:08.504630421Z,01JZ18NT2QY0K3T67RMTHTZ875,2025-06-30T20:36:08.504630421Z,01JZ18STHY2VTQFD4CXMK2KF14,2025-06-30T20:36:08.504630421Z,01JZ18STQXA2JNMJ0FZB73Y8AN,2025-06-30T20:36:08.504630421Z
01JZ1AB69QWPDA071BXQZ9WDDX,01JZ19VEXCKVX740B60X4W6PQN,2025-06-30T21:02:02.039459639Z,01JZ19VF1X4TGM9HTAVFF08YB3,2025-06-30T21:02:02.039459639Z,01JZ19YP19TRXJV609GHDS9029,2025-06-30T21:02:02.039459639Z,01JZ1A31WDRRSK5Y1X8M50HPSG,2025-06-30T21:02:02.039459639Z,01JZ1A32ATTJW1NBJE1TC6A95V,2025-06-30T21:02:02.039459639Z
01JZ1CEDYAGNC3NFS27BD5MEP6,01JZ1BX7WQMA45G0E33EEHJ3V9,2025-06-30T21:38:45.322429822Z,01JZ1BX82RNFGPPA94NES9507T,2025-06-30T21:38:45.322429822Z,01JZ1C8ESVRXKY79BT9BNGMME4,2025-06-30T21:38:45.322429822Z,01JZ1CAKRPM2RTKQN4NF25GQNV,2025-06-30T21:38:45.322429822Z,01JZ1CAM20HXM58VJYENW0FR0W,2025-06-30T21:38:45.322429822Z
01JZ1DNEM45TDT6GARW9TXM2WH,01JZ1D0RX94M7HHBAJDNGV8QRS,2025-06-30T22:00:03.972693968Z,01JZ1D0S61XK8FZCNQBM2ZAEE6,2025-06-30T22:00:03.972693968Z,01JZ1D7ZVRAH2JHDPAGNC0VP2T,2025-06-30T22:00:03.972693968Z,01JZ1DHG42SDRFG0AMYRAAVFFX,2025-06-30T22:00:03.972693968Z,01JZ1DHGT73RX5V018YKF27ZKE,2025-06-30T22:00:03.972693968Z
01JZ1F5XJ7Z856Z34CDFPP5KQP,01JZ1E916HBESJXS5SJ82BFZ21,2025-06-30T22:26:32.135609762Z,01JZ1E91WFH0SPDF0PZ6G1349X,2025-06-30T22:26:32.135609762Z,01JZ1EBNRXWXP0H461Z4YMKNYP,2025-06-30T22:26:32.135609762Z,01JZ1EY0ZKJGN8776MBVTAFR24,2025-06-30T22:26:32.135609762Z,01JZ1EY1NQ3S24AVFPPNA3F4S4,2025-06-30T22:26:32.135609762Z
01JZ1CW7TVHAG1QJE8FMAJS669,01JZ1C4XJFQQ45ZHGATAXVBX0J,2025-06-30T21:46:17.819092037Z,01JZ1C4XNE4VHGMR9JDZS6Y7F9,2025-06-30T21:46:17.819092037Z,01JZ1CEYEW4QC345QNCDR6C494,2025-06-30T21:46:17.819092037Z,01JZ1CM9PHKQR6ZRV6WZC89ZRV,2025-06-30T21:46:17.819092037Z,01JZ1CMA6DT0CMH53WQAF96N3Y,2025-06-30T21:46:17.819092037Z
01JZ17QV2CFJC0205BMP5B5GKK,01JZ170DPRHYGRH6M74WMGZ8J5,2025-06-30T20:16:30.796823773Z,01JZ170DRRRWN613C5WJQ8B5Q6,2025-06-30T20:16:30.796823773Z,01JZ17D5ERR5YZYXD6Y3AFJ1M0,2025-06-30T20:16:30.796823773Z,01JZ17G52FMVNG3XMRM1S9BWKE,2025-06-30T20:16:30.796823773Z,01JZ17G552VBGTK7H80K0T26PQ,2025-06-30T20:16:30.796823773Z
01JZ17ZR3JCGJBWD0FHH782VEX,01JZ170DPRHYGRH6M74WMGZ8J5,2025-06-30T20:20:49.906845644Z,01JZ170DRQN15452AYS561M232,2025-06-30T20:20:49.906845644Z,01JZ17R3E57YY9H2V5S1G4XMBW,2025-06-30T20:20:49.906845644Z,01JZ17RBD7J0VJVJJG30EA195H,2025-06-30T20:20:49.906845644Z,01JZ17RBHHQPT9A5V5H65VXGK9,2025-06-30T20:20:49.906845644Z
01JZ18T5K10TVF5JY1J3QFA8G6,01JZ18G4TN4FH7205KTQTFE7PM,2025-06-30T20:35:15.681654866Z,01JZ18G512YK4K14AJW1A4KQT5,2025-06-30T20:35:15.681654866Z,01JZ18JYCDAD1FWP17TG353JM2,2025-06-30T20:35:15.681654866Z,01JZ18R8CZAK9T47Q30YNKNJNG,2025-06-30T20:35:15.681654866Z,01JZ18R8FP2PK8E1K46EBVN6DP,2025-06-30T20:35:15.681654866Z
01JZ1AK3MFJKY87AA8WVKC2KA2,01JZ19VEXCKVX740B60X4W6PQN,2025-06-30T21:06:21.455961124Z,01JZ19VF3FCDRKA7RA8CE3SQDH,2025-06-30T21:06:21.455961124Z,01JZ1AJWEBWSA9H9YV5TJD6D6N,2025-06-30T21:06:21.455961124Z,01JZ1AK0DBQXGCYJCG3YA80XRE,2025-06-30T21:06:21.455961124Z,01JZ1AK0KB9WTWX0NP3E9RWAV3,2025-06-30T21:06:21.455961124Z
01JZ1BJS5F4RDEJ4WQ7X60Q2S2,01JZ1B1VZ9TM9N3252XVVAH9DZ,2025-06-30T21:23:39.311071042Z,01JZ1B1W2WT8MR9NJ7RDDSFH2M,2025-06-30T21:23:39.311071042Z,01JZ1B3YWXA1F3DXJYFKHTVRDW,2025-06-30T21:23:39.311071042Z,01JZ1BD3Y8NHHCFXCV7WB08PE6,2025-06-30T21:23:39.311071042Z,01JZ1BD4E0X1M635NTN1HZAF8G,2025-06-30T21:23:39.311071042Z
01JZ1BQNHDNF0XVCMFFV9812F0,01JZ1B1VZ9TM9N3252XVVAH9DZ,2025-06-30T21:26:19.43757339Z,01JZ1B1W5TAZ0C76DBH0ZAEY5X,2025-06-30T21:26:19.43757339Z,01JZ1B4W32576VKF9GY80WC648,2025-06-30T21:26:19.43757339Z,01JZ1BNNFF9MV2BR5CAE8TGEYC,2025-06-30T21:26:19.43757339Z,01JZ1BNP376CH9A495TNXV41GV,2025-06-30T21:26:19.43757339Z
01JZ1BT7QBBPTDSXF7ART1RW24,01JZ1B1VZ9TM9N3252XVVAH9DZ,2025-06-30T21:27:43.595233812Z,01JZ1B1W46BH5YH0XYSE8KJRBK,2025-06-30T21:27:43.595233812Z,01JZ1B9W35DBJAZZ7ZHMPZZDPP,2025-06-30T21:27:43.595233812Z,01JZ1BJ1FAQJQXPY3NN1T11973,2025-06-30T21:27:43.595233812Z,01JZ1BJ1VZTMR233FHHW2QDPDF,2025-06-30T21:27:43.595233812Z
01JZ1DS8GPZBTGXBHKJWHY1252,01JZ1D0RX94M7HHBAJDNGV8QRS,2025-06-30T22:02:08.790878859Z,01JZ1D0S61XK8FZCNQBM2ZAEE6,2025-06-30T22:02:08.790878859Z,01JZ1DEPX3PNQ2MN8YPK5QHYXE,2025-06-30T22:02:08.790878859Z,01JZ1DHG6929VPMW3RA3G6E916,2025-06-30T22:02:08.790878859Z,01JZ1DHGZ5YKGKCH7Q20DPG9VH,2025-06-30T22:02:08.790878859Z
01JZ1FAQHSGY5VEWFVN1BKTV3Q,01JZ1E916HBESJXS5SJ82BFZ21,2025-06-30T22:29:09.81707916Z,01JZ1E923XSJ5V9JGGJQR2CG7M,2025-06-30T22:29:09.81707916Z,01JZ1EF4VM7JABTTZNP94E67E7,2025-06-30T22:29:09.81707916Z,01JZ1F28Y14BQTYK8651VZJQ25,2025-06-30T22:29:09.81707916Z,01JZ1F29TAPHC1CMSQ8Z1QTTHJ,2025-06-30T22:29:09.81707916Z
01JZ1GWCGTQQXK0JKPP6PEER54,01JZ1G29Q82GQAKEXSK2E7NK3R,2025-06-30T22:56:16.922379717Z,01JZ1G29XRNS92G9JYEX4H033M,2025-06-30T22:56:16.922379717Z,01JZ1G6RSPQGYECJMX7N6G6VY8,2025-06-30T22:56:16.922379717Z,01JZ1GM6DB22EFXGY7Q9EF30Y5,2025-06-30T22:56:16.922379717Z,01JZ1GM73J8VEAS9CW3DT8H7EK,2025-06-30T22:56:16.922379717Z
01JZ17RNKCGWNCJ5GHK887S8W3,01JZ170DPRHYGRH6M74WMGZ8J5,2025-06-30T20:16:57.964632328Z,01JZ170DSMJZPS89ZBMFZ7ATK7,2025-06-30T20:16:57.964632328Z,01JZ17411GFTP23ZXM1AB7D9NA,2025-06-30T20:16:57.964632328Z,01JZ17MYDW712GB678NHAF4EAC,2025-06-30T20:16:57.964632328Z,01JZ17MYM0SS8G95WB3A8AA4SB,2025-06-30T20:16:57.964632328Z
01JZ18Y1B4S7PTCVNDZDYCJM55,01JZ18G4TN4FH7205KTQTFE7PM,2025-06-30T20:37:22.404480935Z,01JZ18G50PJASP911XB82AW46K,2025-06-30T20:37:22.404480935Z,01JZ18KJE91G49FF99NPC5VF6Y,2025-06-30T20:37:22.404480935Z,01JZ18P6NBJ7Z652WDFV9M7NT4,2025-06-30T20:37:22.404480935Z,01JZ18P739EYESK92YXTAPSPB7,2025-06-30T20:37:22.404480935Z
01JZ1DH409R7HDXHCV6CY7814H,01JZ1D0RX94M7HHBAJDNGV8QRS,2025-06-30T21:57:42.02586921Z,01JZ1D0S58CJJ0G6BA8AW8ZVCS,2025-06-30T21:57:42.02586921Z,01JZ1D6ZQPM67S4BNXG3Y9BBD9,2025-06-30T21:57:42.02586921Z,01JZ1D9756PBGFTZ2YP6F5YZFW,2025-06-30T21:57:42.02586921Z,01JZ1D97K3JV1Q9ZRF0YB8K010,2025-06-30T21:57:42.02586921Z
01JZ1CJ4555VXNNPBM05510WV9,01JZ1BX7WQMA45G0E33EEHJ3V9,2025-06-30T21:40:46.373705493Z,01JZ1BX82RNFGPPA94NES9507T,2025-06-30T21:40:46.373705493Z,01JZ1BZDJ93GPNRBSERWMWMMB5,2025-06-30T21:40:46.373705493Z,01JZ1CAKT98V8807YMXA32C8M0,2025-06-30T21:40:46.373705493Z,01JZ1CAM5C4XTMMSM5WR0A4FS6,2025-06-30T21:40:46.373705493Z
01JZ1GWBFM4GWX09M303F0FJVD,01JZ1G29Q82GQAKEXSK2E7NK3R,2025-06-30T22:56:15.860684798Z,01JZ1G2A9825Q9R0AFVXQNTR63,2025-06-30T22:56:15.860684798Z,01JZ1G9AHDKJRVSD4NGC2SYHDN,2025-06-30T22:56:15.860684798Z,01JZ1GKM5YC66NJV5SWE394KDW,2025-06-30T22:56:15.860684798Z,01JZ1GKMSAADC004ABTMMTZKAN,2025-06-30T22:56:15.860684798Z
01JZ17QZSZ4KFMDG9EW4AJ5SA7,01JZ170DPRHYGRH6M74WMGZ8J5,2025-06-30T20:16:35.647159347Z,01JZ170DSR5F2SARFX61BD5BFD,2025-06-30T20:16:35.647159347Z,01JZ17D6932YKNNSWD1JMYAKKF,2025-06-30T20:16:35.647159347Z,01JZ17M8SSZ2QHECS5BA0DPMCQ,2025-06-30T20:16:35.647159347Z,01JZ17M8X6KC6NF1RFX4WSPE6H,2025-06-30T20:16:35.647159347Z
01JZ17W7ECJBGEQZ7SG8BF9J00,01JZ170DPRHYGRH6M74WMGZ8J5,2025-06-30T20:18:54.540609832Z,01JZ170DRWH3Q5VEKFYTCWXCB9,2025-06-30T20:18:54.540609832Z,01JZ17HZPCKK6WHFW0W029CFVG,2025-06-30T20:18:54.540609832Z,01JZ17M62ZA7FM5T6J9Q36KCK0,2025-06-30T20:18:54.540609832Z,01JZ17M69J8QH8JA1SA520E31R,2025-06-30T20:18:54.540609832Z
01JZ17XGSNZGNXPV75XA7CFHGN,01JZ170DPRHYGRH6M74WMGZ8J5,2025-06-30T20:19:36.885395736Z,01JZ170DS0283SZNEN95XAWWS4,2025-06-30T20:19:36.885395736Z,01JZ17J8N9NAW1ASAH1NWPJBAP,2025-06-30T20:19:36.885395736Z,01JZ17NT77HT8XSXBSDEYA5WV8,2025-06-30T20:19:36.885395736Z,01JZ17NTBG0C8JRJ0TBR7BNQJ9,2025-06-30T20:19:36.885395736Z
01JZ18T2304TEYQKRA0E0RNPX8,01JZ18G4TN4FH7205KTQTFE7PM,2025-06-30T20:35:12.096268218Z,01JZ18G4X5EPR69QT64DVYQXFJ,2025-06-30T20:35:12.096268218Z,01JZ18J0PFCTBHRZ327Y7ADC0R,2025-06-30T20:35:12.096268218Z,01JZ18PAPZYGZBF3DQ7XCBJ9MP,2025-06-30T20:35:12.096268218Z,01JZ18PATR3YHXG6RR97W9RCTF,2025-06-30T20:35:12.096268218Z
01JZ190F83C1TYAJ6SH08SC12S,01JZ18G4TN4FH7205KTQTFE7PM,2025-06-30T20:38:42.179450496Z,01JZ18G50G0GKPPCFSW2N0ZNW1,2025-06-30T20:38:42.179450496Z,01JZ18J6KD5BBAN05Q96NKJXCJ,2025-06-30T20:38:42.179450496Z,01JZ18RHGF07MFHCBEKPMJBAPY,2025-06-30T20:38:42.179450496Z,01JZ18RHQ5VDF7GRDXBJX4HH13,2025-06-30T20:38:42.179450496Z
01JZ1917JBKH45QP0TD3G5X8YT,01JZ18G4TN4FH7205KTQTFE7PM,2025-06-30T20:39:07.083151376Z,01JZ18G4Z7SR18DC8PDBR22HS5,2025-06-30T20:39:07.083151376Z,01JZ18K0S7ESWE4C2YKPFWVG9K,2025-06-30T20:39:07.083151376Z,01JZ18S8XT12G8V1PAKVTN6A36,2025-06-30T20:39:07.083151376Z,01JZ18S94Q821AQ06RB0P0ZB2X,2025-06-30T20:39:07.083151376Z
01JZ1GKZ8RJFDW4ZYDPS5AAS11,01JZ1G29Q82GQAKEXSK2E7NK3R,2025-06-30T22:51:41.208533603Z,01JZ1G2A24PAZYJHH2EQFGJG7N,2025-06-30T22:51:41.208533603Z,01JZ1G82YG8RECYV7TAMBGD9YX,2025-06-30T22:51:41.208533603Z,01JZ1GG43VKPZ1V5ZJWSGJMS64,2025-06-30T22:51:41.208533603Z,01JZ1GG4GS15NBCRHVAAV5BXM3,2025-06-30T22:51:41.208533603Z
01JZ1DKJVPDQTTSQTHKT19QX8A,01JZ1D0RX94M7HHBAJDNGV8QRS,2025-06-30T21:59:02.774652032Z,01JZ1D0S61XK8FZCNQBM2ZAEE6,2025-06-30T21:59:02.774652032Z,01JZ1D5XZ05FCDAH1D4YG77JR7,2025-06-30T21:59:02.774652032Z,01JZ1DHG42SDRFG0AMYRAAVFFX,2025-06-30T21:59:02.774652032Z,01JZ1DHGRZHS3WZPMZ80SAV6MK,2025-06-30T21:59:02.774652032Z
01JZ17SXAJJP35F6H5W0473HR6,01JZ170DPRHYGRH6M74WMGZ8J5,2025-06-30T20:17:38.642601777Z,01JZ170DS434CCJM920VN081CV,2025-06-30T20:17:38.642601777Z,01JZ17ENCSDKWD2M3Q3EC23N1W,2025-06-30T20:17:38.642601777Z,01JZ17HX14FY8E41PWFYHSWJ2P,2025-06-30T20:17:38.642601777Z,01JZ17HX3WVKQRC38GFPG7DBE6,2025-06-30T20:17:38.642601777Z
01JZ17TWEFHJEAK6KQ78YEV3FH,01JZ170DPRHYGRH6M74WMGZ8J5,2025-06-30T20:18:10.511598678Z,01JZ170DSWJ6311N72HPSQWG9K,2025-06-30T20:18:10.511598678Z,01JZ17BEMM8D7MEKMFQ0MBS3DE,2025-06-30T20:18:10.511598678Z,01JZ17KG4GY236VDZCYE8QS8G2,2025-06-30T20:18:10.511598678Z,01JZ17KG911NYQ5N6FHQBCSNCV,2025-06-30T20:18:10.511598678Z
01JZ18PNW478T76GZ2DE0FNR7A,01JZ18G4TN4FH7205KTQTFE7PM,2025-06-30T20:33:21.284474532Z,01JZ18G4Y1ABZPJ815NAWEN19T,2025-06-30T20:33:21.284474532Z,01JZ18JGZBSWHAA8MGTKR735JR,2025-06-30T20:33:21.284474532Z,01JZ18PME7D8TXGQRQ2CGSH14P,2025-06-30T20:33:21.284474532Z,01JZ18PMH0R8Q1MAXWAZFJQ0BE,2025-06-30T20:33:21.284474532Z
01JZ18ZZ92BS4G36JTY11ASVQM,01JZ18G4TN4FH7205KTQTFE7PM,2025-06-30T20:38:25.826732851Z,01JZ18G4ZZG5A688HVVJGKBFVW,2025-06-30T20:38:25.826732851Z,01JZ18N0JKWFKXBS82BQZ5RVQD,2025-06-30T20:38:25.826732851Z,01JZ18RFRDFAMMNBDDR8ZFEFZN,2025-06-30T20:38:25.826732851Z,01JZ18RFXSEQ2N657BWC024J6D,2025-06-30T20:38:25.826732851Z
01JZ197YZGNQ0M5800167BEA2M,01JZ18R9CHSHJ2BAJZ4M4PAW2X,2025-06-30T20:42:47.664777578Z,01JZ18RA3DBE17YR6D8FEXRWFY,2025-06-30T20:42:47.664777578Z,01JZ1945JH72C4XK34ZFBSF6HS,2025-06-30T20:42:47.664777578Z,01JZ197VZ0Q6DEGD42E0811129,2025-06-30T20:42:47.664777578Z,01JZ197W3QRNRR8DKX46RB029D,2025-06-30T20:42:47.664777578Z
01JZ1AEFNCKQAX5YWJ3JKZWD0W,01JZ19VEXCKVX740B60X4W6PQN,2025-06-30T21:03:49.932771302Z,01JZ19VF6XEW5FG377QGXCTRD1,2025-06-30T21:03:49.932771302Z,01JZ1A9RXDVME7RYXTWFBGWCFN,2025-06-30T21:03:49.932771302Z,01JZ1ACG5AA6PRZ7WAEJWMNX2A,2025-06-30T21:03:49.932771302Z,01JZ1ACGD84SZVTVPHYZMCSWFJ,2025-06-30T21:03:49.932771302Z
01JZ1CBR4Z5CSDJ0H48SB95HF6,01JZ1BX7WQMA45G0E33EEHJ3V9,2025-06-30T21:37:17.471245045Z,01JZ1BX81RJBYPGNM468STZ9YH,2025-06-30T21:37:17.471245045Z,01JZ1C7E8DJFPWRMGRQW39DWYT,2025-06-30T21:37:17.471245045Z,01JZ1C7YHP92FZYZDSW8SB4C2V,2025-06-30T21:37:17.471245045Z,01JZ1C7YV2W6K90NBQB1WQNYY6,2025-06-30T21:37:17.471245045Z
01JZ1EWR3KY676YCQ7D19QM7YD,01JZ1E916HBESJXS5SJ82BFZ21,2025-06-30T22:21:31.635615242Z,01JZ1E91HHYKGR583PHV4V6JXR,2025-06-30T22:21:31.635615242Z,01JZ1EB79K0MG0B72T7KF449XB,2025-06-30T22:21:31.635615242Z,01JZ1ERV8NQ1N608W7HC4Y405V,2025-06-30T22:21:31.635615242Z,01JZ1ERVMAVCQ12NPEQ6ACE5YG,2025-06-30T22:21:31.635615242Z
01JZ1EXPP5WPA04JR4PXNJY1W2,01JZ1E916HBESJXS5SJ82BFZ21,2025-06-30T22:22:02.949378957Z,01JZ1E926BWK6TV1HDSC3ZQW4Y,2025-06-30T22:22:02.949378957Z,01JZ1EB9A62JTZM8674AWVY211,2025-06-30T22:22:02.949378957Z,01JZ1ESTDEHJ02W2S7D3PQQ6GF,2025-06-30T22:22:02.949378957Z,01JZ1ESTKZWMHWJK8FKBCQ0PA6,2025-06-30T22:22:02.949378957Z
01JZ17NC67WTM0QMZWC2JJT6ZM,01JZ170DPRHYGRH6M74WMGZ8J5,2025-06-30T20:15:10.02325366Z,01JZ170DS8YWG03GZVY59N3JD0,2025-06-30T20:15:10.02325366Z,01JZ179QC9P59RRBVKW06P1VJF,2025-06-30T20:15:10.02325366Z,01JZ17HNMQAAW5HV1NJ3KN0TDP,2025-06-30T20:15:10.02325366Z,01JZ17HNP6QCD1MJXSWCZN1D4Z,2025-06-30T20:15:10.02325366Z
01JZ17RNMSKA00JSR31VR5287D,01JZ170DPRHYGRH6M74WMGZ8J5,2025-06-30T20:16:58.009762857Z,01JZ170DSMJZPS89ZBMFZ7ATK7,2025-06-30T20:16:58.009762857Z,01JZ17DZ6QV2B73JE2W9M5K3SC,2025-06-30T20:16:58.009762857Z,01JZ17MYDW712GB678NHAF4EAC,2025-06-30T20:16:58.009762857Z,01JZ17MYM0SS8G95WB3A8AA4SB,2025-06-30T20:16:58.009762857Z
01JZ19FNMBX0MWDC67TTRGS7JV,01JZ18R9CHSHJ2BAJZ4M4PAW2X,2025-06-30T20:47:00.235204859Z,01JZ18RA3DBE17YR6D8FEXRWFY,2025-06-30T20:47:00.235204859Z,01JZ195RS4X3R0XZXASS7J2F2G,2025-06-30T20:47:00.235204859Z,01JZ197W14H2E21R9QXHCJTQ3G,2025-06-30T20:47:00.235204859Z,01JZ197WCSA3J4CE8W6KGETF6X,2025-06-30T20:47:00.235204859Z
01JZ1BEBFA2DXTD2M4PHDKHTTF,01JZ1B1VZ9TM9N3252XVVAH9DZ,2025-06-30T21:21:14.218697775Z,01JZ1B1W6S117BH8HCA7NH9R7E,2025-06-30T21:21:14.218697775Z,01JZ1B3PFQZWK1B01E0NW7J1B1,2025-06-30T21:21:14.218697775Z,01JZ1BAHCPD0S01DARX26K93JP,2025-06-30T21:21:14.218697775Z,01JZ1BAHQ3N624S6Q9735D697Y,2025-06-30T21:21:14.218697775Z
01JZ1DB6YXA9BYR2882J6HDX42,01JZ1D0RX94M7HHBAJDNGV8QRS,2025-06-30T21:54:28.446006236Z,01JZ1D0S2S8SEBXETFQJSTGM5V,2025-06-30T21:54:28.446006236Z,01JZ1D322QVYNT268ZSCN1M2TD,2025-06-30T21:54:28.446006236Z,01JZ1D77TJ31JQY4W7YSZVV4R8,2025-06-30T21:54:28.446006236Z,01JZ1D78GDE57D7X25081Z14FG,2025-06-30T21:54:28.446006236Z
01JZ1H4H1W8KEWYTNWB6GEH3F0,01JZ1G29Q82GQAKEXSK2E7NK3R,2025-06-30T23:00:43.709000262Z,01JZ1G2A58JMFV91VV93EGJJQY,2025-06-30T23:00:43.709000262Z,01JZ1GA4T24GEXMPJNJW9S8J83,2025-06-30T23:00:43.709000262Z,01JZ1GW3K49KQTMSG69GXKE3BB,2025-06-30T23:00:43.709000262Z,01JZ1GW4HDCGT8CBM0WR2VEJ2V,2025-06-30T23:00:43.709000262Z
01JZ17QS1QE6YDDBN71906MK5M,01JZ170DPRHYGRH6M74WMGZ8J5,2025-06-30T20:16:28.727062205Z,01JZ170DSTXK5Z1DV671606E6A,2025-06-30T20:16:28.727062205Z,01JZ17BSA5GQ3JXNB68EA97BX0,2025-06-30T20:16:28.727062205Z,01JZ17J85FH6ZCHDJEZZH3F672,2025-06-30T20:16:28.727062205Z,01JZ17J87519JCK2AZYDFXS31M,2025-06-30T20:16:28.727062205Z
01JZ190DC71BHHYDG4F898FNHS,01JZ18G4TN4FH7205KTQTFE7PM,2025-06-30T20:38:40.263447934Z,01JZ18G4WPK6V9JKZAVKNYS3NB,2025-06-30T20:38:40.263447934Z,01JZ18M2HA1EB5SFB14JH49GDB,2025-06-30T20:38:40.263447934Z,01JZ18RRASEVE9RRSH50SEW5V6,2025-06-30T20:38:40.263447934Z,01JZ18RRGYP9TJ020R0N2G4J5J,2025-06-30T20:38:40.263447934Z
01JZ1AM1FNVFE7K7D47CWDM02E,01JZ19VEXCKVX740B60X4W6PQN,2025-06-30T21:06:52.021263729Z,01JZ19VF6XEW5FG377QGXCTRD1,2025-06-30T21:06:52.021263729Z,01JZ1A81RPET9TAZBW4YBB121E,2025-06-30T21:06:52.021263729Z,01JZ1ACG7RFGJPNSR51K4JAEZ8,2025-06-30T21:06:52.021263729Z,01JZ1ACGG67SPZ8AY8TH5DZ6XK,2025-06-30T21:06:52.021263729Z
01JZ1BP21HJ3PD2EC42GHFTE8V,01JZ1B1VZ9TM9N3252XVVAH9DZ,2025-06-30T21:25:26.705687553Z,01JZ1B1W4RP0VXDDKCJTNKM3AX,2025-06-30T21:25:26.705687553Z,01JZ1B44NJ2M66S6K1HNVCZ08H,2025-06-30T21:25:26.705687553Z,01JZ1BNY7WEGTS4M119S3G7CHR,2025-06-30T21:25:26.705687553Z,01JZ1BNYCRHZTXEXN79JQJHYW9,2025-06-30T21:25:26.705687553Z
01JZ1BSGGHQJGZ0JHV99AS27PV,01JZ1B1VZ9TM9N3252XVVAH9DZ,2025-06-30T21:27:19.825354056Z,01JZ1B1W5TAZ0C76DBH0ZAEY5X,2025-06-30T21:27:19.825354056Z,01JZ1B3G6JQBSFAAE2943ZEQ9V,2025-06-30T21:27:19.825354056Z,01JZ1BNNFF9MV2BR5CAE8TGEYC,2025-06-30T21:27:19.825354056Z,01JZ1BNP4DESZ5QDB1Z8RGHMBQ,2025-06-30T21:27:19.825354056Z
01JZ1FCHED8DXBT4DETDPHCH7P,01JZ1E916HBESJXS5SJ82BFZ21,2025-06-30T22:30:09.101198319Z,01JZ1E91SWVSXS6FK33QCMH9SP,2025-06-30T22:30:09.101198319Z,01JZ1EJSF3D74SJNMB9KEWHKK2,2025-06-30T22:30:09.101198319Z,01JZ1F45MGBYSVGGAVDK1YM8N9,2025-06-30T22:30:09.101198319Z,01JZ1F469QFY3FCJ31VXA9NY8W,2025-06-30T22:30:09.101198319Z
01JZ17WFPNKZPNTQQ4D54JZWJ9,01JZ170DPRHYGRH6M74WMGZ8J5,2025-06-30T20:19:02.997739527Z,01JZ170DS434CCJM920K0JDY80,2025-06-30T20:19:02.997739527Z,01JZ17JRNHBCA9Z1PDJFB00SE3,2025-06-30T20:19:02.997739527Z,01JZ17MET0GT1VR1Z1AASBPY29,2025-06-30T20:19:02.997739527Z,01JZ17MEYG47H1NQGBEK0AW94R,2025-06-30T20:19:02.997739527Z
01JZ18TN8V48ZESAK225YAFABV,01JZ18G4TN4FH7205KTQTFE7PM,2025-06-30T20:35:31.739562178Z,01JZ18G4WPK6V9JKZAVKNYS3NB,2025-06-30T20:35:31.739562178Z,01JZ18K4JZ90XMGGNXMJGKEJ5P,2025-06-30T20:35:31.739562178Z,01JZ18RRB5PTFQB2DKPHTKH4V3,2025-06-30T20:35:31.739562178Z,01JZ18RRER8BFTZ2D1XWP2S5JE,2025-06-30T20:35:31.739562178Z
01JZ17RE6RR6RHXNRAM6FNR6BS,01JZ170DPRHYGRH6M74WMGZ8J5,2025-06-30T20:16:50.392068189Z,01JZ170DRXVGFVP20P8DK3M491,2025-06-30T20:16:50.392068189Z,01JZ17BF7NX0X3DRNTNKBRP4A9,2025-06-30T20:16:50.392068189Z,01JZ17H2JN1M16ZRE7JGQBPN5M,2025-06-30T20:16:50.392068189Z,01JZ17H2MJSMV449WQAFM73C1S,2025-06-30T20:16:50.392068189Z
01JZ17WNYN82XDWY4XBP0AK73K,01JZ170DPRHYGRH6M74WMGZ8J5,2025-06-30T20:19:09.397629179Z,01JZ170DS9MMA8EZAVKYS5SMHX,2025-06-30T20:19:09.397629179Z,01JZ177D1EC4DDHNWKT4R7S3XA,2025-06-30T20:19:09.397629179Z,01JZ17TR7E1D7CES1YNCABFX51,2025-06-30T20:19:09.397629179Z,01JZ17TRAY71HH1H14VHS8Q3RK,2025-06-30T20:19:09.397629179Z
01JZ1901BF2NPBPM1JMNDZN5Y4,01JZ18G4TN4FH7205KTQTFE7PM,2025-06-30T20:38:27.951854018Z,01JZ18G512YK4K14AJW1A4KQT5,2025-06-30T20:38:27.951854018Z,01JZ18JYCDAD1FWP17TG353JM2,2025-06-30T20:38:27.951854018Z,01JZ18R8C449S3PJKZXB5RXQ2D,2025-06-30T20:38:27.951854018Z,01JZ18R8JXKKMKNRFWDN2DEEA7,2025-06-30T20:38:27.951854018Z
01JZ190DPM5AKVXM9TE33PY7Q5,01JZ18G4TN4FH7205KTQTFE7PM,2025-06-30T20:38:40.59655301Z,01JZ18G4XDWA3A08Y0HZ5HSAAF,2025-06-30T20:38:40.59655301Z,01JZ18K35P2QZ1SSJHQYJ2X8Z7,2025-06-30T20:38:40.59655301Z,01JZ18R104VYMDDRK1QJHT9RQ9,2025-06-30T20:38:40.59655301Z,01JZ18R18DFKMEAWWTVWN3KHR5,2025-06-30T20:38:40.59655301Z
01JZ17P2EAGH9AF8A7EGQX76S4,01JZ170DPRHYGRH6M74WMGZ8J5,2025-06-30T20:15:32.810592714Z,01JZ170DRWH3Q5VEKFYTCWXCB9,2025-06-30T20:15:32.810592714Z,01JZ17HZPCKK6WHFW0W029CFVG,2025-06-30T20:15:32.810592714Z,01JZ17M6426GB2CWYTAT7MS6CN,2025-06-30T20:15:32.810592714Z,01JZ17M6658HF5QGMZR9WJW7KS,2025-06-30T20:15:32.810592714Z
01JZ17W5E5DQHQZA1RCKAYFWYZ,01JZ170DPRHYGRH6M74WMGZ8J5,2025-06-30T20:18:52.485533115Z,01JZ170DS434CCJM920K0JDY80,2025-06-30T20:18:52.485533115Z,01JZ17JRNHBCA9Z1PDJFB00SE3,2025-06-30T20:18:52.485533115Z,01JZ17MESMPWPZJ1XK6T8SDFSR,2025-06-30T20:18:52.485533115Z,01JZ17MEXWEDJ8BPGMZ2YXTX38,2025-06-30T20:18:52.485533115Z
01JZ1C6D7ASQNX8CRHG5ZRSWWG,01JZ1BX7WQMA45G0E33EEHJ3V9,2025-06-30T21:34:22.442260903Z,01JZ1BX80QRTKGB6MH6HMRDXS1,2025-06-30T21:34:22.442260903Z,01JZ1BYVYWJTY34XWWWGSZYC2W,2025-06-30T21:34:22.442260903Z,01JZ1C68YR27G70BWXQYM38NVA,2025-06-30T21:34:22.442260903Z,01JZ1C699JF8PW7BX02P0A2A52,2025-06-30T21:34:22.442260903Z
01JZ1GJ470280Y54Y4T98CKE6W,01JZ1G29Q82GQAKEXSK2E7NK3R,2025-06-30T22:50:40.73612659Z,01JZ1G2A24PAZYJHH2EQFGJG7N,2025-06-30T22:50:40.73612659Z,01JZ1GC4MM47P5V75X6NCDXBTN,2025-06-30T22:50:40.73612659Z,01JZ1GG43VKPZ1V5ZJWSGJMS64,2025-06-30T22:50:40.73612659Z,01JZ1GG4FH14QQGZMYFWQQ5S0J,2025-06-30T22:50:40.73612659Z
01JZ1BSGHDMX52SXP7D5JCP9HT,01JZ1B1VZ9TM9N3252XVVAH9DZ,2025-06-30T21:27:19.853328036Z,01JZ1B1W5TAZ0C76DBH0ZAEY5X,2025-06-30T21:27:19.853328036Z,01JZ1B3WZ5Q8VM6YQPSTYC2J5Y,2025-06-30T21:27:19.853328036Z,01JZ1BNNFF9MV2BR5CAE8TGEYC,2025-06-30T21:27:19.853328036Z,01JZ1BNP4DESZ5QDB1Z8RGHMBQ,2025-06-30T21:27:19.853328036Z
01JZ17J8RHXGCC33V1PSC2Z956,01JZ170DPRHYGRH6M74WMGZ8J5,2025-06-30T20:13:28.209810679Z,01JZ170DSTXK5Z1DV671606E6A,2025-06-30T20:13:28.209810679Z,01JZ17995N07DABBEZWSHQJ20N,2025-06-30T20:13:28.209810679Z,01JZ17J857XXAY88RJQ7RDXDN1,2025-06-30T20:13:28.209810679Z,01JZ17J8640E7AHSFC2MJQERBQ,2025-06-30T20:13:28.209810679Z
01JZ17KH125QJCQKZ8Z6CT5HMJ,01JZ170DPRHYGRH6M74WMGZ8J5,2025-06-30T20:14:09.44284854Z,01JZ170DSWJ6311N72HPSQWG9K,2025-06-30T20:14:09.44284854Z,01JZ17D915S4GRY1FXGXK8RTTY,2025-06-30T20:14:09.44284854Z,01JZ17KG5B6EC4G1KASHS52HR2,2025-06-30T20:14:09.44284854Z,01JZ17KG69JDSJMYJ0G4QW97X0,2025-06-30T20:14:09.44284854Z
01JZ17N9B9MHFANA2GDXK3XTPM,01JZ170DPRHYGRH6M74WMGZ8J5,2025-06-30T20:15:07.113978474Z,01JZ170DS32PJY8CQRMADJXFRG,2025-06-30T20:15:07.113978474Z,01JZ17E843W70EAJQAQ7A43HFS,2025-06-30T20:15:07.113978474Z,01JZ17HJXZJXBNGG98GAB8QMCF,2025-06-30T20:15:07.113978474Z,01JZ17HK0SVP1ABZQAHDNEMPR2,2025-06-30T20:15:07.113978474Z
01JZ17QV25CF79MPG0P00CFYT6,01JZ170DPRHYGRH6M74WMGZ8J5,2025-06-30T20:16:30.789479545Z,01JZ170DRRRWN613C5WJQ8B5Q6,2025-06-30T20:16:30.789479545Z,01JZ176AGFMX3JE5XFYY83S9AY,2025-06-30T20:16:30.789479545Z,01JZ17G52FMVNG3XMRM1S9BWKE,2025-06-30T20:16:30.789479545Z,01JZ17G552VBGTK7H80K0T26PQ,2025-06-30T20:16:30.789479545Z
01JZ182H09100F23AG9SNT1M2H,01JZ170DPRHYGRH6M74WMGZ8J5,2025-06-30T20:22:20.937417724Z,01JZ170DS9MMA8EZAVKYS5SMHX,2025-06-30T20:22:20.937417724Z,01JZ17HFJ1YVGFVR94GB9T8A4P,2025-06-30T20:22:20.937417724Z,01JZ17TR5WS052RB5963SEQK02,2025-06-30T20:22:20.937417724Z,01JZ17TRGFFXKAYPE40KD63RY1,2025-06-30T20:22:20.937417724Z
01JZ1AJ8BDA9TSRNDP38ZQN2VP,01JZ19VEXCKVX740B60X4W6PQN,2025-06-30T21:05:53.517650175Z,01JZ19VF81DTYMGWYB0TAJKDWY,2025-06-30T21:05:53.517650175Z,01JZ19XTEVTQG67NAP9C737569,2025-06-30T21:05:53.517650175Z,01JZ1AABMTK3KJJZSMA4TN8BF7,2025-06-30T21:05:53.517650175Z,01JZ1AAC9H0HBM9DYM86FB5S6R,2025-06-30T21:05:53.517650175Z
01JZ1ARNJZH3HZ87XXRY8ZBYHJ,01JZ19VEXCKVX740B60X4W6PQN,2025-06-30T21:09:23.679366661Z,01JZ19VF3FCDRKA7RA8CE3SQDH,2025-06-30T21:09:23.679366661Z,01JZ19WY3ATKAJQ5V1K5TAB38J,2025-06-30T21:09:23.679366661Z,01JZ1AK0GTG09NRGMQGAZDENCH,2025-06-30T21:09:23.679366661Z,01JZ1AK0R183QNPQ4JFBMA6XJA,2025-06-30T21:09:23.679366661Z
01JZ1BX71M2KPY3172Q4GG4B6X,01JZ1B1VZ9TM9N3252XVVAH9DZ,2025-06-30T21:29:21.204619152Z,01JZ1B1W5TAZ0C76DBH0ZAEY5X,2025-06-30T21:29:21.204619152Z,01JZ1B3G6JQBSFAAE2943ZEQ9V,2025-06-30T21:29:21.204619152Z,01JZ1BNNH562Q854YV4P9FQ9JA,2025-06-30T21:29:21.204619152Z,01JZ1BNPBK29NQN24A8RHSD4TC,2025-06-30T21:29:21.204619152Z
01JZ1CA31FRDYD80RQ97WSC859,01JZ1BX7WQMA45G0E33EEHJ3V9,2025-06-30T21:36:23.087720223Z,01JZ1BX849RGFMRNF1WR9VXVPD,2025-06-30T21:36:23.087720223Z,01JZ1C42HDFGHZFCN4YDW8V435,2025-06-30T21:36:23.087720223Z,01JZ1C84QRBSNC4RE2W7FPW8JB,2025-06-30T21:36:23.087720223Z,01JZ1C84YBG3A0JDE2WSCX5ZRJ,2025-06-30T21:36:23.087720223Z
01JZ17NP1JK107YAQQK1WN5NCY,01JZ170DPRHYGRH6M74WMGZ8J5,2025-06-30T20:15:20.114175515Z,01JZ170DRRRWN613C5WJQ8B5Q6,2025-06-30T20:15:20.114175515Z,01JZ1783Y320G4QQ1JCVQAE220,2025-06-30T20:15:20.114175515Z,01JZ17G525MGXJWBMSF6HV25RV,2025-06-30T20:15:20.114175515Z,01JZ17G53ZM6CEB81ZA344VWG3,2025-06-30T20:15:20.114175515Z
01JZ18Q39V5C6X8XW6BCWC18EK,01JZ18G4TN4FH7205KTQTFE7PM,2025-06-30T20:33:35.035652834Z,01JZ18G4YA2XRQ9RK4RH5WQB1P,2025-06-30T20:33:35.035652834Z,01JZ18NCTENJS4RVDRQ8JG1EGE,2025-06-30T20:33:35.035652834Z,01JZ18Q1R1B7GYCBMPZ4J0A4A5,2025-06-30T20:33:35.035652834Z,01JZ18Q1TSFZZQS5FGTPWK8FNB,2025-06-30T20:33:35.035652834Z
01JZ1AE5PFH6QGEC33PENPMJC4,01JZ19VEXCKVX740B60X4W6PQN,2025-06-30T21:03:39.727344096Z,01JZ19VF81DTYMGWYB0TAJKDWY,2025-06-30T21:03:39.727344096Z,01JZ19Y0D04KSPZSGRXD2GWN5G,2025-06-30T21:03:39.727344096Z,01JZ1AABK962FFJZTPD33N3VKP,2025-06-30T21:03:39.727344096Z,01JZ1AAC10R1ZEDDYXJ5GXAQNR,2025-06-30T21:03:39.727344096Z
01JZ1BF2ZAK7RESSTJT8NVANEG,01JZ1B1VZ9TM9N3252XVVAH9DZ,2025-06-30T21:21:38.282391588Z,01JZ1B1W2WT8MR9NJ7RDDSFH2M,2025-06-30T21:21:38.282391588Z,01JZ1B3YWXA1F3DXJYFKHTVRDW,2025-06-30T21:21:38.282391588Z,01JZ1BD3Y8NHHCFXCV7WB08PE6,2025-06-30T21:21:38.282391588Z,01JZ1BD4BBAEFYK9NRYQAQA650,2025-06-30T21:21:38.282391588Z
01JZ1BF3CT13CG4VK0BG19BWP9,01JZ1B1VZ9TM9N3252XVVAH9DZ,2025-06-30T21:21:38.71440861Z,01JZ1B1W5AJ9N87HJBZ99HRQPJ,2025-06-30T21:21:38.71440861Z,01JZ1B7J9GMSKP5R199VT378SX,2025-06-30T21:21:38.71440861Z,01JZ1BB7ETZS9BEX799QEABQ0R,2025-06-30T21:21:38.71440861Z,01JZ1BB7R5NDJ6N0E4JV728HM3,2025-06-30T21:21:38.71440861Z
01JZ1DCS22CWXFXHBJ7S8J2HQY,01JZ1D0RX94M7HHBAJDNGV8QRS,2025-06-30T21:55:19.746714666Z,01JZ1D0S14X3T6948SDJVF454K,2025-06-30T21:55:19.746714666Z,01JZ1D3Y76V55J2284DH2783V0,2025-06-30T21:55:19.746714666Z,01JZ1DCMMVE34S81XF4MAEYBQN,2025-06-30T21:55:19.746714666Z,01JZ1DCMTQMK6WWBCE1D8VSTZN,2025-06-30T21:55:19.746714666Z
01JZ1BD7HEDEMYNCKFC6Y1PZKP,01JZ1B1VZ9TM9N3252XVVAH9DZ,2025-06-30T21:20:37.423005189Z,01JZ1B1W2WT8MR9NJ7RDDSFH2M,2025-06-30T21:20:37.423005189Z,01JZ1B3YWXA1F3DXJYFKHTVRDW,2025-06-30T21:20:37.423005189Z,01JZ1BD3WQZQC101K8A6FPPJ19,2025-06-30T21:20:37.423005189Z,01JZ1BD46WFGNYMFZFEXD9C91Q,2025-06-30T21:20:37.423005189Z
01JZ1BPV9KEE7MHHZGYXVGCMBE,01JZ1B1VZ9TM9N3252XVVAH9DZ,2025-06-30T21:25:52.563665507Z,01JZ1B1W68Y1JCNSRHTZJR0WTB,2025-06-30T21:25:52.563665507Z,01JZ1B84EMA8EXMS4XB5YP9VDA,2025-06-30T21:25:52.563665507Z,01JZ1BH44X88X65JM8T5DXFWMN,2025-06-30T21:25:52.563665507Z,01JZ1BH4KN12FMR11G35AYXHA6,2025-06-30T21:25:52.563665507Z
01JZ1H0NJ7B0Y46N5AE7WRJTP0,01JZ1G29Q82GQAKEXSK2E7NK3R,2025-06-30T22:58:37.255702879Z,01JZ1G2AATTMJJ07WA2JZ9MF1K,2025-06-30T22:58:37.255702879Z,01JZ1GP55F36DXJQDEYTGWZ556,2025-06-30T22:58:37.255702879Z,01JZ1GWNC8K4Z8FGCARK2K5BBW,2025-06-30T22:58:37.255702879Z,01JZ1GWP3PGE8CPBKD20DR49PE,2025-06-30T22:58:37.255702879Z
01JZ1DT1ME5D3HWT94GPDCWKDX,01JZ1D0RX94M7HHBAJDNGV8QRS,2025-06-30T22:02:34.510630799Z,01JZ1D0S3N2D9DCG3EHS8AP4R1,2025-06-30T22:02:34.510630799Z,01JZ1D49JVTEEYC1V6ZNF5Y9RQ,2025-06-30T22:02:34.510630799Z,01JZ1DJBDTNACWNJN067YDS3Z6,2025-06-30T22:02:34.510630799Z,01JZ1DJC2K5HVPGJ5FWZMFHM1X,2025-06-30T22:02:34.510630799Z
01JZ17XV3257BRPBW5PGAQSE11,01JZ170DPRHYGRH6M74WMGZ8J5,2025-06-30T20:19:47.426666011Z,01JZ170DS0283SZNEN95XAWWS4,2025-06-30T20:19:47.426666011Z,01JZ17G9ZFDP0QC4ASAB62EXYP,2025-06-30T20:19:47.426666011Z,01JZ17NT6Q15JZTNT1T2TRQ09Q,2025-06-30T20:19:47.426666011Z,01JZ17NTC4DG1CYJJTJY1F2J8J,2025-06-30T20:19:47.426666011Z
01JZ18RT0AJSKBEE8Y06S20W0T,01JZ18G4TN4FH7205KTQTFE7PM,2025-06-30T20:34:31.050489352Z,01JZ18G4WPK6V9JKZAVKNYS3NB,2025-06-30T20:34:31.050489352Z,01JZ18N0WE2W63AJ0S8AMFR80C,2025-06-30T20:34:31.050489352Z,01JZ18RRBME3EX7FDX35TW0HT5,2025-06-30T20:34:31.050489352Z,01JZ18RRCRDHYH49VRE21NEJNH,2025-06-30T20:34:31.050489352Z
01JZ18Y3EBA0Y4QKF37T1M8E7P,01JZ18G4TN4FH7205KTQTFE7PM,2025-06-30T20:37:24.555543674Z,01JZ18G4X5EPR69QT64DVYQXFJ,2025-06-30T20:37:24.555543674Z,01JZ18KH2AEBXEHK9D1GSN56XX,2025-06-30T20:37:24.555543674Z,01JZ18PAR13X6VEBNAGYQZRZE6,2025-06-30T20:37:24.555543674Z,01JZ18PAXR9Y18BVTPX0VAX3XE,2025-06-30T20:37:24.555543674Z
01JZ18ZH00J67P1MD8DY5WYT79,01JZ18G4TN4FH7205KTQTFE7PM,2025-06-30T20:38:11.200845761Z,01JZ18G4ZPD0G0WRB3ZSNJ4KSW,2025-06-30T20:38:11.200845761Z,01JZ18KCY0QBBH8XGZWTQZ78V6,2025-06-30T20:38:11.200845761Z,01JZ18QMEETMY6YTPVQZEX7GRT,2025-06-30T20:38:11.200845761Z,01JZ18QMTQWP8XJEYM3C9FN5NN,2025-06-30T20:38:11.200845761Z
01JZ18ZKZ9ABNWMQYD3KERVM9H,01JZ18G4TN4FH7205KTQTFE7PM,2025-06-30T20:38:14.24910244Z,01JZ18G4YTQTSXFW2X0Y80VGVG,2025-06-30T20:38:14.24910244Z,01JZ18J569YAEG0XPKSGQBZNYX,2025-06-30T20:38:14.24910244Z,01JZ18QCJV80NZ6CWN841W78CA,2025-06-30T20:38:14.24910244Z,01JZ18QCTC2XN58WT3REP763GK,2025-06-30T20:38:14.24910244Z
01JZ1A4Z8NTTMG1RE7CHXA1Y42,01JZ19VEXCKVX740B60X4W6PQN,2025-06-30T20:58:38.229906696Z,01JZ19VF1X4TGM9HTAVFF08YB3,2025-06-30T20:58:38.229906696Z,01JZ19XY7CXDASK651A0S5NR34,2025-06-30T20:58:38.229906696Z,01JZ1A31STNBCB1FNASKSH9RM4,2025-06-30T20:58:38.229906696Z,01JZ1A323DMK00TV9154PS4RVT,2025-06-30T20:58:38.229906696Z
01JZ1AK3HBF7QJ7SNWBDYBC6VJ,01JZ19VEXCKVX740B60X4W6PQN,2025-06-30T21:06:21.356028847Z,01JZ19VF3FCDRKA7RA8CE3SQDH,2025-06-30T21:06:21.356028847Z,01JZ1A9FT19KFC6EXDW9G1CYS7,2025-06-30T21:06:21.356028847Z,01JZ1AK0DBQXGCYJCG3YA80XRE,2025-06-30T21:06:21.356028847Z,01JZ1AK0KB9WTWX0NP3E9RWAV3,2025-06-30T21:06:21.356028847Z
01JZ17MZY3WS73NQRBG9HJS0SW,01JZ170DPRHYGRH6M74WMGZ8J5,2025-06-30T20:14:57.475873294Z,01JZ170DSMJZPS89ZBMFZ7ATK7,2025-06-30T20:14:57.475873294Z,01JZ17DJ18S9CGE8H6D4S1K333,2025-06-30T20:14:57.475873294Z,01JZ17MYD7WSKX1DNA84EQZJF1,2025-06-30T20:14:57.475873294Z,01JZ17MYG71B1G9W3KM8HG4WKZ,2025-06-30T20:14:57.475873294Z
01JZ17Q47H205CM7D15DKCMFQS,01JZ170DPRHYGRH6M74WMGZ8J5,2025-06-30T20:16:07.409324267Z,01JZ170DS32PJY8CQRMADJXFRG,2025-06-30T20:16:07.409324267Z,01JZ17A8QJRMY4CTZ0TGBPTVC4,2025-06-30T20:16:07.409324267Z,01JZ17HJXZJXBNGG98GAB8QMCF,2025-06-30T20:16:07.409324267Z,01JZ17HK0T4WZFVQ11NJTWM6R9,2025-06-30T20:16:07.409324267Z
01JZ17R54QW3449E5N6G66XJGF,01JZ170DPRHYGRH6M74WMGZ8J5,2025-06-30T20:16:41.111450592Z,01JZ170DRRRWN613C5WJQ8B5Q6,2025-06-30T20:16:41.111450592Z,01JZ17D5ERR5YZYXD6Y3AFJ1M0,2025-06-30T20:16:41.111450592Z,01JZ17G52NG4XN5R9RR9776YQX,2025-06-30T20:16:41.111450592Z,01JZ17G55KZ0S4MQ7YJY2CACYH,2025-06-30T20:16:41.111450592Z
01JZ1826SJ50917J63G8X6TBVW,01JZ170DPRHYGRH6M74WMGZ8J5,2025-06-30T20:22:10.482905918Z,01JZ170DS9MMA8EZAVKYS5SMHX,2025-06-30T20:22:10.482905918Z,01JZ17QM16148RHAHCPPZX620J,2025-06-30T20:22:10.482905918Z,01JZ17TR6X8TWBF7X6J4SZFVJ8,2025-06-30T20:22:10.482905918Z,01JZ17TRDZ3MV73YK1X2ZDQY7N,2025-06-30T20:22:10.482905918Z
01JZ18ZHF41JF9W50MQSPFC5RM,01JZ18G4TN4FH7205KTQTFE7PM,2025-06-30T20:38:11.684745449Z,01JZ18G508W9SSEDAT6B79GZND,2025-06-30T20:38:11.684745449Z,01JZ18JV7KEJAEZVY4PCFX2BA4,2025-06-30T20:38:11.684745449Z,01JZ18STHY2VTQFD4CXMK2KF14,2025-06-30T20:38:11.684745449Z,01JZ18STTVZBKCJ3FNRVH9WG4T,2025-06-30T20:38:11.684745449Z
01JZ1980V47QYRQ0X37E4G0PHX,01JZ18R9CHSHJ2BAJZ4M4PAW2X,2025-06-30T20:42:49.572267596Z,01JZ18RA48YSHMY5EWBJ9E61V2,2025-06-30T20:42:49.572267596Z,01JZ18XZQ962C1YBGG8JES411T,2025-06-30T20:42:49.572267596Z,01JZ192CMQ10Q5BYZGXB0BD1QB,2025-06-30T20:42:49.572267596Z,01JZ192D5142G1TJ21NW33DQND,2025-06-30T20:42:49.572267596Z
01JZ1ACM68MZPEBNMEYKHZH6JA,01JZ19VEXCKVX740B60X4W6PQN,2025-06-30T21:02:49.03255631Z,01JZ19VF6XEW5FG377QGXCTRD1,2025-06-30T21:02:49.03255631Z,01JZ19XENNWSXAPJJVN05DNY45,2025-06-30T21:02:49.03255631Z,01JZ1ACG4HW6PFHHMR21QG9MSA,2025-06-30T21:02:49.03255631Z,01JZ1ACGAF2FHM878KZCFE82T3,2025-06-30T21:02:49.03255631Z
01JZ1BSGJ6GXXMQQ41Z19BWMGW,01JZ1B1VZ9TM9N3252XVVAH9DZ,2025-06-30T21:27:19.87904476Z,01JZ1B1W5TAZ0C76DBH0ZAEY5X,2025-06-30T21:27:19.87904476Z,01JZ1B3Y49GJFDA022ZKPSHE7M,2025-06-30T21:27:19.87904476Z,01JZ1BNNFF9MV2BR5CAE8TGEYC,2025-06-30T21:27:19.87904476Z,01JZ1BNP4DESZ5QDB1Z8RGHMBQ,2025-06-30T21:27:19.87904476Z
01JZ1F4ENTP3YVS3SK3RJ9Q2FK,01JZ1E916HBESJXS5SJ82BFZ21,2025-06-30T22:25:44.122126479Z,01JZ1E923XSJ5V9JGGJQR2CG7M,2025-06-30T22:25:44.122126479Z,01JZ1EED3A8PGE3DSBSCB45ADQ,2025-06-30T22:25:44.122126479Z,01JZ1F28RAA806YV34ZE1BEZ0A,2025-06-30T22:25:44.122126479Z,01JZ1F2970DVBRZ5SCK0Z85AZW,2025-06-30T22:25:44.122126479Z
01JZ1FC6M2YGX19D93TVM66T8C,01JZ1E916HBESJXS5SJ82BFZ21,2025-06-30T22:29:58.019015345Z,01JZ1E91SWVSXS6FK33QCMH9SP,2025-06-30T22:29:58.019015345Z,01JZ1EXKHZBZ5ENGWCGS2V70RX,2025-06-30T22:29:58.019015345Z,01JZ1F45GMFQYW3BNGKJHGM9H3,2025-06-30T22:29:58.019015345Z,01JZ1F465Z0PHSR3Y6FCBXESPY,2025-06-30T22:29:58.019015345Z
01JZ17P52HT635XBSZ23K9K4CM,01JZ170DPRHYGRH6M74WMGZ8J5,2025-06-30T20:15:35.505257236Z,01JZ170DSR5F2SARFX61BD5BFD,2025-06-30T20:15:35.505257236Z,01JZ17DTG6GCYHCZ1XV1B4YQSG,2025-06-30T20:15:35.505257236Z,01JZ17M8SSZ2QHECS5BA0DPMCQ,2025-06-30T20:15:35.505257236Z,01JZ17M8WXSFWB8V7Y2FQJ97BS,2025-06-30T20:15:35.505257236Z
01JZ18RAC9P4M4VPEEH905CYPS,01JZ18G4TN4FH7205KTQTFE7PM,2025-06-30T20:34:15.049390602Z,01JZ18G512YK4K14AJW1A4KQT5,2025-06-30T20:34:15.049390602Z,01JZ18HJZ7HRTKHV6ZZJ67914M,2025-06-30T20:34:15.049390602Z,01JZ18R8B98P4BYKECZBPDN4K7,2025-06-30T20:34:15.049390602Z,01JZ18R8E7XZBZJD4NABXEFK48,2025-06-30T20:34:15.049390602Z
01JZ1BH8SXK4GVGRWZ5A49V4W7,01JZ1B1VZ9TM9N3252XVVAH9DZ,2025-06-30T21:22:49.789419771Z,01JZ1B1W68Y1JCNSRHTZJR0WTB,2025-06-30T21:22:49.789419771Z,01JZ1B792JY1J7NFJKWZPMCAGM,2025-06-30T21:22:49.789419771Z,01JZ1BH43TCR207W6QA0XHTRSW,2025-06-30T21:22:49.789419771Z,01JZ1BH4EERH1DS5BZWYJYPN33,2025-06-30T21:22:49.789419771Z
01JZ1DS8SC5J9J2JSCPXSVFTAD,01JZ1D0RX94M7HHBAJDNGV8QRS,2025-06-30T22:02:09.068158315Z,01JZ1D0S61XK8FZCNQBM2ZAEE6,2025-06-30T22:02:09.068158315Z,01JZ1D497J6YYY65Y2Z1DW88ZY,2025-06-30T22:02:09.068158315Z,01JZ1DHG6929VPMW3RA3G6E916,2025-06-30T22:02:09.068158315Z,01JZ1DHGZ5YKGKCH7Q20DPG9VH,2025-06-30T22:02:09.068158315Z
01JZ1EYKBKPJRBE91JD6ED1PVP,01JZ1E916HBESJXS5SJ82BFZ21,2025-06-30T22:22:32.307448784Z,01JZ1E91HHYKGR583PHV4V6JXR,2025-06-30T22:22:32.307448784Z,01JZ1EFK9EEAEM2ASPQWEXC3TB,2025-06-30T22:22:32.307448784Z,01JZ1ERV8NQ1N608W7HC4Y405V,2025-06-30T22:22:32.307448784Z,01JZ1ERVNHV7ET6RPMV36W0M4V,2025-06-30T22:22:32.307448784Z
01JZ17QNZNCYXAEH4HTVEBGFFJ,01JZ170DPRHYGRH6M74WMGZ8J5,2025-06-30T20:16:25.589086014Z,01JZ170DS0283SZNEN95XAWWS4,2025-06-30T20:16:25.589086014Z,01JZ17G9ZFDP0QC4ASAB62EXYP,2025-06-30T20:16:25.589086014Z,01JZ17NT7VKFDEH0WZ6ZY88ZPG,2025-06-30T20:16:25.589086014Z,01JZ17NT9KEZ4Z8W5Q27PSFXEH,2025-06-30T20:16:25.589086014Z
01JZ17QV2K4B93CEC52VD4P1JY,01JZ170DPRHYGRH6M74WMGZ8J5,2025-06-30T20:16:30.803663283Z,01JZ170DRRRWN613C5WJQ8B5Q6,2025-06-30T20:16:30.803663283Z,01JZ17A832XNJZN2KK8205TMZH,2025-06-30T20:16:30.803663283Z,01JZ17G52FMVNG3XMRM1S9BWKE,2025-06-30T20:16:30.803663283Z,01JZ17G552VBGTK7H80K0T26PQ,2025-06-30T20:16:30.803663283Z
01JZ17TD6GM4RB16YMJF627YY9,01JZ170DPRHYGRH6M74WMGZ8J5,2025-06-30T20:17:54.896178388Z,01JZ170DRV33K8D9D9ZMQKAW2D,2025-06-30T20:17:54.896178388Z,01JZ17A4X6KDHXD87KVKY87426,2025-06-30T20:17:54.896178388Z,01JZ17PPGX7JSSK85PVP6H7NR4,2025-06-30T20:17:54.896178388Z,01JZ17PPKMZ4NWTGE47X76JQ19,2025-06-30T20:17:54.896178388Z
01JZ1DKYBAZMPM9T0B0XBCP2NR,01JZ1D0RX94M7HHBAJDNGV8QRS,2025-06-30T21:59:14.538633121Z,01JZ1D0S064NT759Q480WCA8PK,2025-06-30T21:59:14.538633121Z,01JZ1DB67XDQM93GQRR65SS1X0,2025-06-30T21:59:14.538633121Z,01JZ1DFXKSWPB74HF8RE7BCFY9,2025-06-30T21:59:14.538633121Z,01JZ1DFYMB3G6E7ZN239KK29E4,2025-06-30T21:59:14.538633121Z
01JZ1F8BCQPRQ5GWYBC98JW3B3,01JZ1E916HBESJXS5SJ82BFZ21,2025-06-30T22:27:51.831731641Z,01JZ1E91Q18GQE49C0XSDVMF75,2025-06-30T22:27:51.831731641Z,01JZ1ESJSZ4605B74MTV3MB0PF,2025-06-30T22:27:51.831731641Z,01JZ1F2JC80W096GAN654HJE4R,2025-06-30T22:27:51.831731641Z,01JZ1F2JQP07XS8JHS4AZFC7M8,2025-06-30T22:27:51.831731641Z
01JZ17NQZVK9HJ8SB82SY7YFNQ,01JZ170DPRHYGRH6M74WMGZ8J5,2025-06-30T20:15:22.107609503Z,01JZ170DRSFZ9Y16965WN1Z2F9,2025-06-30T20:15:22.107609503Z,01JZ17AQQS59T0RTXR5VNB3ZRC,2025-06-30T20:15:22.107609503Z,01JZ17G70WMTCCVM6PEEY7RHRW,2025-06-30T20:15:22.107609503Z,01JZ17G7298RBRVJCBJC8BZ1T6,2025-06-30T20:15:22.107609503Z
01JZ17PKA9QTCB98SHA7NYY303,01JZ170DPRHYGRH6M74WMGZ8J5,2025-06-30T20:15:50.089058294Z,01JZ170DRXVGFVP20P8DK3M491,2025-06-30T20:15:50.089058294Z,01JZ17B3EJNXDWZGY3QVC1296A,2025-06-30T20:15:50.089058294Z,01JZ17H2JKQXYPBGV7RRHN6ECY,2025-06-30T20:15:50.089058294Z,01JZ17H2M11R5J615VWXS7CA9S,2025-06-30T20:15:50.089058294Z
01JZ17QGY62T76E39H0XNYTM8F,01JZ170DPRHYGRH6M74WMGZ8J5,2025-06-30T20:16:20.42290525Z,01JZ170DRRRWN613C5WJQ8B5Q6,2025-06-30T20:16:20.42290525Z,01JZ179PSK7PR9GXW3K753Z7EA,2025-06-30T20:16:20.42290525Z,01JZ17G52QXC0MC4VA0YJ9E9HN,2025-06-30T20:16:20.42290525Z,01JZ17G54GERK7CC5A2YT2C8ZS,2025-06-30T20:16:20.42290525Z
01JZ1GNMPGYBEMTND1EMBD87R2,01JZ1G29Q82GQAKEXSK2E7NK3R,2025-06-30T22:52:35.920115521Z,01JZ1G2A9825Q9R0AFVXQNTR63,2025-06-30T22:52:35.920115521Z,01JZ1G4P5HG5MYYFH3JNW3CKA9,2025-06-30T22:52:35.920115521Z,01JZ1GKM3A5ATBGFJSYTP1DWZY,2025-06-30T22:52:35.920115521Z,01JZ1GKMDWZ4YEJS5RRPMES3KN,2025-06-30T22:52:35.920115521Z
01JZ17G7JAZRB0EMEHRNSQ6W5M,01JZ170DPRHYGRH6M74WMGZ8J5,2025-06-30T20:12:21.450394057Z,01JZ170DRSFZ9Y16965WN1Z2F9,2025-06-30T20:12:21.450394057Z,01JZ17AQQS59T0RTXR5VNB3ZRC,2025-06-30T20:12:21.450394057Z,01JZ17G70CK9Q7FFZCZJ2KGMZQ,2025-06-30T20:12:21.450394057Z,01JZ17G717SS73NQTZKCSMHBWK,2025-06-30T20:12:21.450394057Z
01JZ17T047QZ1W35YGNZVCQF2J,01JZ170DPRHYGRH6M74WMGZ8J5,2025-06-30T20:17:41.511816388Z,01JZ170DS434CCJM920K0JDY80,2025-06-30T20:17:41.511816388Z,01JZ17JRNHBCA9Z1PDJFB00SE3,2025-06-30T20:17:41.511816388Z,01JZ17MESGQH4PGAZ2NQBVJJAG,2025-06-30T20:17:41.511816388Z,01JZ17MEVFHM8XT209DJMYD1PM,2025-06-30T20:17:41.511816388Z
01JZ17TTNWQZZQD2R2FDV21BNW,01JZ170DPRHYGRH6M74WMGZ8J5,2025-06-30T20:18:08.700583716Z,01JZ170DS9MMA8EZAVKYS5SMHX,2025-06-30T20:18:08.700583716Z,01JZ177D1EC4DDHNWKT4R7S3XA,2025-06-30T20:18:08.700583716Z,01JZ17TR81NXXTTPKTD9H5FET9,2025-06-30T20:18:08.700583716Z,01JZ17TR8Z5CC3K19BE40RKY2A,2025-06-30T20:18:08.700583716Z
01JZ18ZVFPRD0V8P9EZHEE13AM,01JZ18G4TN4FH7205KTQTFE7PM,2025-06-30T20:38:21.942726243Z,01JZ18G4ZPD0G0WRB3ZSNJ4KSW,2025-06-30T20:38:21.942726243Z,01JZ18HV1R8B29VBXTS00FPVXC,2025-06-30T20:38:21.942726243Z,01JZ18QMFXN721VEA2NDQX9P2G,2025-06-30T20:38:21.942726243Z,01JZ18QMWYP84CPDPK40E53HFC,2025-06-30T20:38:21.942726243Z
01JZ18ZVGCWH790376NZ4B8B5R,01JZ18G4TN4FH7205KTQTFE7PM,2025-06-30T20:38:21.964998204Z,01JZ18G4ZPD0G0WRB3ZSNJ4KSW,2025-06-30T20:38:21.964998204Z,01JZ18KKFGMMT5SG9HSP332X5F,2025-06-30T20:38:21.964998204Z,01JZ18QMFXN721VEA2NDQX9P2G,2025-06-30T20:38:21.964998204Z,01JZ18QMWYP84CPDPK40E53HFC,2025-06-30T20:38:21.964998204Z
01JZ1D7DSZ4CNPXN1R2RVYFT77,01JZ1D0RX94M7HHBAJDNGV8QRS,2025-06-30T21:52:24.383239878Z,01JZ1D0S2S8SEBXETFQJSTGM5V,2025-06-30T21:52:24.383239878Z,01JZ1D4W11PS06G8TDSZKJ39RF,2025-06-30T21:52:24.383239878Z,01JZ1D77QV4PCA19S4PRRTPDFG,2025-06-30T21:52:24.383239878Z,01JZ1D786T6WKM78FF4R0QKCBH,2025-06-30T21:52:24.383239878Z
01JZ1F22VFQQXF5QHZDJ3JRQMA,01JZ1E916HBESJXS5SJ82BFZ21,2025-06-30T22:24:26.479141795Z,01JZ1E926BWK6TV1HDSC3ZQW4Y,2025-06-30T22:24:26.479141795Z,01JZ1EB9A62JTZM8674AWVY211,2025-06-30T22:24:26.479141795Z,01JZ1ESTC5N6XHQX0KKB726B2X,2025-06-30T22:24:26.479141795Z,01JZ1ESTY7DSEK1JVFNABDBWY9,2025-06-30T22:24:26.479141795Z
01JZ1H459DN7EKSC32SBTV94WF,01JZ1G29Q82GQAKEXSK2E7NK3R,2025-06-30T23:00:31.661741204Z,01JZ1G2A58JMFV91VV93EGJJQY,2025-06-30T23:00:31.661741204Z,01JZ1GA4T24GEXMPJNJW9S8J83,2025-06-30T23:00:31.661741204Z,01JZ1GW3NQ1ZFH1D7RHAY6HCNS,2025-06-30T23:00:31.661741204Z,01JZ1GW4D2YPYD2049JRHQDTHS,2025-06-30T23:00:31.661741204Z
01JZ17W9SKKNPW8JAGQD9NW1QR,01JZ170DPRHYGRH6M74WMGZ8J5,2025-06-30T20:18:56.947563753Z,01JZ170DSR5F2SARFX61BD5BFD,2025-06-30T20:18:56.947563753Z,01JZ17BSGD1ZFE3AGW45TSH40F,2025-06-30T20:18:56.947563753Z,01JZ17M8TBTH3TC0NGPGNB96E6,2025-06-30T20:18:56.947563753Z,01JZ17M91E1G67WCVN444911VH,2025-06-30T20:18:56.947563753Z
01JZ18YW9KYW2E6ZQQP3RH0635,01JZ18G4TN4FH7205KTQTFE7PM,2025-06-30T20:37:50.003823369Z,01JZ18G4Z7SR18DC8PDBR22HS5,2025-06-30T20:37:50.003823369Z,01JZ18KKD45G2Z51GTDYMFBGF8,2025-06-30T20:37:50.003823369Z,01JZ18S8W382ZTX14ED28QZWFS,2025-06-30T20:37:50.003823369Z,01JZ18S91PKVD5S703E5P7J2GZ,2025-06-30T20:37:50.003823369Z
01JZ18ZPPTJS95HEHPVM85DWMX,01JZ18G4TN4FH7205KTQTFE7PM,2025-06-30T20:38:17.050835343Z,01JZ18G512YK4K14AJW1A4KQT5,2025-06-30T20:38:17.050835343Z,01JZ18P8E791PBV9BDRV76VVRH,2025-06-30T20:38:17.050835343Z,01JZ18R8CKMG9A39402BQ4NWM2,2025-06-30T20:38:17.050835343Z,01JZ18R8HNH0RJEQ541QGANZP7,2025-06-30T20:38:17.050835343Z
01JZ1BMZH414R7SKW50YX5SKZJ,01JZ1B1VZ9TM9N3252XVVAH9DZ,2025-06-30T21:24:51.364193262Z,01JZ1B1W2WT8MR9NJ7RDDSFH2M,2025-06-30T21:24:51.364193262Z,01JZ1B56KN8DYJ21G7YK1NVQR0,2025-06-30T21:24:51.364193262Z,01JZ1BD437FH3N90SJNPN2P8KN,2025-06-30T21:24:51.364193262Z,01JZ1BD4MZ06KW5Q7KF9SR8RYG,2025-06-30T21:24:51.364193262Z
01JZ1F68AF3385VYX2EEFJ25AC,01JZ1E916HBESJXS5SJ82BFZ21,2025-06-30T22:26:43.151582038Z,01JZ1E91WFH0SPDF0PZ6G1349X,2025-06-30T22:26:43.151582038Z,01JZ1EAPTEQ3YCZAND0ZRHWRT7,2025-06-30T22:26:43.151582038Z,01JZ1EY0XJ2C8YVSWG7BRMYZAF,2025-06-30T22:26:43.151582038Z,01JZ1EY1RGNNASGX9RV4JJZE85,2025-06-30T22:26:43.151582038Z
01JZ1CAQ0ZRAV0R58WZHNVSDHC,01JZ1BX7WQMA45G0E33EEHJ3V9,2025-06-30T21:36:43.551807465Z,01JZ1BX82RNFGPPA94NES9507T,2025-06-30T21:36:43.551807465Z,01JZ1C8ESVRXKY79BT9BNGMME4,2025-06-30T21:36:43.551807465Z,01JZ1CAKSF4EN6M5TKS4NC6EX3,2025-06-30T21:36:43.551807465Z,01JZ1CAKY5NGKA7CCM7JKDF4BE,2025-06-30T21:36:43.551807465Z
01JZ17J2G35XCEXBVACRSTXZ2A,01JZ170DPRHYGRH6M74WMGZ8J5,2025-06-30T20:13:21.797553493Z,01JZ170DRSFZ9Y16965WN1Z2F9,2025-06-30T20:13:21.797553493Z,01JZ17ACVQQE42SB51P5M3A1GH,2025-06-30T20:13:21.797553493Z,01JZ17G70WMTCCVM6PEEY7RHRW,2025-06-30T20:13:21.797553493Z,01JZ17G724ZSEFQGERYDKDB1XF,2025-06-30T20:13:21.797553493Z
01JZ17MZYJS57P4RBY03X232Y0,01JZ170DPRHYGRH6M74WMGZ8J5,2025-06-30T20:14:57.490190785Z,01JZ170DSMJZPS89ZBMFZ7ATK7,2025-06-30T20:14:57.490190785Z,01JZ178V1SBS1YEEZCW5R3AAJF,2025-06-30T20:14:57.490190785Z,01JZ17MYD7WSKX1DNA84EQZJF1,2025-06-30T20:14:57.490190785Z,01JZ17MYG71B1G9W3KM8HG4WKZ,2025-06-30T20:14:57.490190785Z
01JZ17RJDBQQVCD23R65M4BJHT,01JZ170DPRHYGRH6M74WMGZ8J5,2025-06-30T20:16:54.699217598Z,01JZ170DRV33K8D9D9ZMQKAW2D,2025-06-30T20:16:54.699217598Z,01JZ17F29KQA44VJC80QGCAS6X,2025-06-30T20:16:54.699217598Z,01JZ17PPGX7JSSK85PVP6H7NR4,2025-06-30T20:16:54.699217598Z,01JZ17PPKHZMMEW30CS2EYEP6J,2025-06-30T20:16:54.699217598Z
01JZ18Y3BVET3F8165YWRA80FW,01JZ18G4TN4FH7205KTQTFE7PM,2025-06-30T20:37:24.47595548Z,01JZ18G4X5EPR69QT64DVYQXFJ,2025-06-30T20:37:24.47595548Z,01JZ18HXXDMVGXCQ4P1CVWEG2V,2025-06-30T20:37:24.47595548Z,01JZ18PAR13X6VEBNAGYQZRZE6,2025-06-30T20:37:24.47595548Z,01JZ18PAXR9Y18BVTPX0VAX3XE,2025-06-30T20:37:24.47595548Z
01JZ18YTFF6XM1YP2VN456GDP7,01JZ18G4TN4FH7205KTQTFE7PM,2025-06-30T20:37:48.14314553Z,01JZ18G4YA2XRQ9RK4RH5WQB1P,2025-06-30T20:37:48.14314553Z,01JZ18MZ9CEYXM1F4JSENNJ9RA,2025-06-30T20:37:48.14314553Z,01JZ18Q1S7RYZRF0109T2366SB,2025-06-30T20:37:48.14314553Z,01JZ18Q1ZX9AW2XN8KZ5HBEHZN,2025-06-30T20:37:48.14314553Z
01JZ19FZTNA64ATZ7S3FNWKGZM,01JZ18R9CHSHJ2BAJZ4M4PAW2X,2025-06-30T20:47:10.677070534Z,01JZ18RA3DBE17YR6D8FEXRWFY,2025-06-30T20:47:10.677070534Z,01JZ18YGCJT7GPM1GCH83ZG2E6,2025-06-30T20:47:10.677070534Z,01JZ197W1Q8Y87S3QNNPH4WR2N,2025-06-30T20:47:10.677070534Z,01JZ197WFDV5PZPT97FQG307PH,2025-06-30T20:47:10.677070534Z
01JZ1BGXWJZWEDN0SK69VS7WD2,01JZ1B1VZ9TM9N3252XVVAH9DZ,2025-06-30T21:22:38.610699386Z,01JZ1B1W2WT8MR9NJ7RDDSFH2M,2025-06-30T21:22:38.610699386Z,01JZ1B3YWXA1F3DXJYFKHTVRDW,2025-06-30T21:22:38.610699386Z,01JZ1BD3Y8NHHCFXCV7WB08PE6,2025-06-30T21:22:38.610699386Z,01JZ1BD4CHA54BSW8FCPK7AFSB,2025-06-30T21:22:38.610699386Z
01JZ1FCHGM66EG9EG7A8W85CB3,01JZ1E916HBESJXS5SJ82BFZ21,2025-06-30T22:30:09.172996668Z,01JZ1E91SWVSXS6FK33QCMH9SP,2025-06-30T22:30:09.172996668Z,01JZ1F2TBXEZEKPK7X854K54D8,2025-06-30T22:30:09.172996668Z,01JZ1F45MGBYSVGGAVDK1YM8N9,2025-06-30T22:30:09.172996668Z,01JZ1F469QFY3FCJ31VXA9NY8W,2025-06-30T22:30:09.172996668Z
01JZ17KRCADQJSFYRT18DS8WVJ,01JZ170DPRHYGRH6M74WMGZ8J5,2025-06-30T20:14:16.970417142Z,01JZ170DS434CCJM920VN081CV,2025-06-30T20:14:16.970417142Z,01JZ17ENCSDKWD2M3Q3EC23N1W,2025-06-30T20:14:16.970417142Z,01JZ17HX0ZXKJ4A0TXNHXA38XE,2025-06-30T20:14:16.970417142Z,01JZ17HX27YPRH0BCQM17SB655,2025-06-30T20:14:16.970417142Z
01JZ17VH36WM4YR13KHF2EJBHE,01JZ170DPRHYGRH6M74WMGZ8J5,2025-06-30T20:18:31.654163235Z,01JZ170DSWJ6311N72HPSQWG9K,2025-06-30T20:18:31.654163235Z,01JZ178GZ31S8C5ECRC86PTTAS,2025-06-30T20:18:31.654163235Z,01JZ17KG5FZCMZS2YJVCAZ741Y,2025-06-30T20:18:31.654163235Z,01JZ17KGB0KKZV9246DJY233DY,2025-06-30T20:18:31.654163235Z
01JZ18RKQYMZF5WPN2T43NB52B,01JZ18G4TN4FH7205KTQTFE7PM,2025-06-30T20:34:24.638243281Z,01JZ18G50G0GKPPCFSW2N0ZNW1,2025-06-30T20:34:24.638243281Z,01JZ18HJ023RXZWDMJ23K3G02T,2025-06-30T20:34:24.638243281Z,01JZ18RHHCVE30JQC8SHSPW4MY,2025-06-30T20:34:24.638243281Z,01JZ18RHJ5XN95EAZN19VJ8641,2025-06-30T20:34:24.638243281Z
01JZ190FZ7M84BKQW9J7PQMPTN,01JZ18G4TN4FH7205KTQTFE7PM,2025-06-30T20:38:42.919296093Z,01JZ18G512YK4K14AJW1A4KQT5,2025-06-30T20:38:42.919296093Z,01JZ18HJZ7HRTKHV6ZZJ67914M,2025-06-30T20:38:42.919296093Z,01JZ18R8BQNV553N89B15CK6DT,2025-06-30T20:38:42.919296093Z,01JZ18R8M6VSYFBGVFKVEZQ0W0,2025-06-30T20:38:42.919296093Z
01JZ18XZZFE3FSX5ECY8VC085Q,01JZ18G4TN4FH7205KTQTFE7PM,2025-06-30T20:37:21.007962619Z,01JZ18G4ZDA13FR053ZT1R1FPF,2025-06-30T20:37:21.007962619Z,01JZ18HGW0W96RSNBB49GQ9E8B,2025-06-30T20:37:21.007962619Z,01JZ18NR75F2HVZFYQR471939T,2025-06-30T20:37:21.007962619Z,01JZ18NRDBCH2SZDC43P2TKW60,2025-06-30T20:37:21.007962619Z
01JZ1BN09YHJZKCYY31KCZSF2R,01JZ1B1VZ9TM9N3252XVVAH9DZ,2025-06-30T21:24:52.158922681Z,01JZ1B1W68Y1JCNSRHTZJR0WTB,2025-06-30T21:24:52.158922681Z,01JZ1B792JY1J7NFJKWZPMCAGM,2025-06-30T21:24:52.158922681Z,01JZ1BH44X88X65JM8T5DXFWMN,2025-06-30T21:24:52.158922681Z,01JZ1BH4JHZV8JT24JS97DA9P7,2025-06-30T21:24:52.158922681Z
01JZ1DSTZJ9BW9YSPSS474EN51,01JZ1D0RX94M7HHBAJDNGV8QRS,2025-06-30T22:02:27.698350285Z,01JZ1D0S4EMT97ECKQ06X1ZWAX,2025-06-30T22:02:27.698350285Z,01JZ1DAGGXK4R30KWG4J61A22A,2025-06-30T22:02:27.698350285Z,01JZ1DHWJYP9QBXPBB3XWNBRC8,2025-06-30T22:02:27.698350285Z,01JZ1DHX3R2XZ4VW9FSB4VTGZA,2025-06-30T22:02:27.698350285Z
01JZ1FEVVHRS0K404W5ERFQFTC,01JZ1E916HBESJXS5SJ82BFZ21,2025-06-30T22:31:25.297093651Z,01JZ1E91ENR7DC2PFTK7ZY5PTJ,2025-06-30T22:31:25.297093651Z,01JZ1EBW22KQBY52ZW0XEVAEWD,2025-06-30T22:31:25.297093651Z,01JZ1F70QB8A9FR1KVXQ13Y3JC,2025-06-30T22:31:25.297093651Z,01JZ1F71HK1BRMMCHQB9VDGCWE,2025-06-30T22:31:25.297093651Z
01JZ17R552SQ59H60M850PASQH,01JZ170DPRHYGRH6M74WMGZ8J5,2025-06-30T20:16:41.122448507Z,01JZ170DRRRWN613C5WJQ8B5Q6,2025-06-30T20:16:41.122448507Z,01JZ179PSK7PR9GXW3K753Z7EA,2025-06-30T20:16:41.122448507Z,01JZ17G52NG4XN5R9RR9776YQX,2025-06-30T20:16:41.122448507Z,01JZ17G55KZ0S4MQ7YJY2CACYH,2025-06-30T20:16:41.122448507Z
01JZ18XZSHW8C4X121HJX935Z3,01JZ18G4TN4FH7205KTQTFE7PM,2025-06-30T20:37:20.817670522Z,01JZ18G4ZDA13FR053ZT1R1FPF,2025-06-30T20:37:20.817670522Z,01JZ18JPT9JN6KKGXMDR9K6K49,2025-06-30T20:37:20.817670522Z,01JZ18NR75F2HVZFYQR471939T,2025-06-30T20:37:20.817670522Z,01JZ18NRDBCH2SZDC43P2TKW60,2025-06-30T20:37:20.817670522Z
01JZ18YGG1J6JN5RJKB396R3GD,01JZ18G4TN4FH7205KTQTFE7PM,2025-06-30T20:37:37.921735874Z,01JZ18G4Y1ABZPJ815NAWEN19T,2025-06-30T20:37:37.921735874Z,01JZ18JEHHPNBFM751TV8GEBJ2,2025-06-30T20:37:37.921735874Z,01JZ18PMFKK6H14YD886P3HZXA,2025-06-30T20:37:37.921735874Z,01JZ18PMNQY5EAFHJW7H6NAG3X,2025-06-30T20:37:37.921735874Z
01JZ1909MPTVMP5NR6B06X61E1,01JZ18G4TN4FH7205KTQTFE7PM,2025-06-30T20:38:36.438180849Z,01JZ18G4YK3PSP6R2PNWBA4P8S,2025-06-30T20:38:36.438180849Z,01JZ18J1HPCJW9NZWB0AN2GDSE,2025-06-30T20:38:36.438180849Z,01JZ18QW9EXF247TKVE8F2HXX6,2025-06-30T20:38:36.438180849Z,01JZ18QWK926FXC7VZEQSYH8G3,2025-06-30T20:38:36.438180849Z
01JZ1C6D5E8DN887V6Z792MES8,01JZ1BX7WQMA45G0E33EEHJ3V9,2025-06-30T21:34:22.382616403Z,01JZ1BX80QRTKGB6MH6HMRDXS1,2025-06-30T21:34:22.382616403Z,01JZ1BY7ZYY1555G7VDKVM55K7,2025-06-30T21:34:22.382616403Z,01JZ1C68YR27G70BWXQYM38NVA,2025-06-30T21:34:22.382616403Z,01JZ1C699JF8PW7BX02P0A2A52,2025-06-30T21:34:22.382616403Z
01JZ17SBZKAX8EKZ1C6YB02FD6,01JZ170DPRHYGRH6M74WMGZ8J5,2025-06-30T20:17:20.883599212Z,01JZ170DS8YWG03GZVY59N3JD0,2025-06-30T20:17:20.883599212Z,01JZ176HDV9KWWBADR549HVXXJ,2025-06-30T20:17:20.883599212Z,01JZ17HNMFBJ73AV6PBJ6E0ZQ5,2025-06-30T20:17:20.883599212Z,01JZ17HNQKM5Q6V1MHWC4MZRD2,2025-06-30T20:17:20.883599212Z
01JZ17W9TB2F15WMP4PMDPX58Z,01JZ170DPRHYGRH6M74WMGZ8J5,2025-06-30T20:18:56.971394795Z,01JZ170DSR5F2SARFX61BD5BFD,2025-06-30T20:18:56.971394795Z,01JZ17HAYAY9BSFK3RQNTEMCZ6,2025-06-30T20:18:56.971394795Z,01JZ17M8TBTH3TC0NGPGNB96E6,2025-06-30T20:18:56.971394795Z,01JZ17M91E1G67WCVN444911VH,2025-06-30T20:18:56.971394795Z
01JZ1923TXW2EFHET3AM75PFMZ,01JZ18G4TN4FH7205KTQTFE7PM,2025-06-30T20:39:36.029631922Z,01JZ18G508W9SSEDAT6B79GZND,2025-06-30T20:39:36.029631922Z,01JZ18JV7KEJAEZVY4PCFX2BA4,2025-06-30T20:39:36.029631922Z,01JZ18STDNJEZSFCWMMDNZVD2H,2025-06-30T20:39:36.029631922Z,01JZ18SV7J133908AJQ39H2H6W,2025-06-30T20:39:36.029631922Z
01JZ1AMQFJX09YWXH35JE6ZGDV,01JZ19VEXCKVX740B60X4W6PQN,2025-06-30T21:07:14.546135362Z,01JZ19VF6XEW5FG377QGXCTRD1,2025-06-30T21:07:14.546135362Z,01JZ1A9RXDVME7RYXTWFBGWCFN,2025-06-30T21:07:14.546135362Z,01JZ1ACG610M6TRWXFFV3KK332,2025-06-30T21:07:14.546135362Z,01JZ1ACGMGSPT8R0W07V8V1PZM,2025-06-30T21:07:14.546135362Z
01JZ1C88HW2GK0AA0QPS388TY8,01JZ1BX7WQMA45G0E33EEHJ3V9,2025-06-30T21:35:23.196368355Z,01JZ1BX80QRTKGB6MH6HMRDXS1,2025-06-30T21:35:23.196368355Z,01JZ1BY7ZYY1555G7VDKVM55K7,2025-06-30T21:35:23.196368355Z,01JZ1C68WHJ3JXAR0SNG92WD7N,2025-06-30T21:35:23.196368355Z,01JZ1C69FM0P2VNZABYXY43TTX,2025-06-30T21:35:23.196368355Z
01JZ1DTW1ECVMTD9EGX3PDHX1Q,01JZ1D0RX94M7HHBAJDNGV8QRS,2025-06-30T22:03:01.550418574Z,01JZ1D0S3N2D9DCG3EHS8AP4R1,2025-06-30T22:03:01.550418574Z,01JZ1D7D81NBZRDY8M09FZNXH6,2025-06-30T22:03:01.550418574Z,01JZ1DJBHP6QZKY368KYFWAKY9,2025-06-30T22:03:01.550418574Z,01JZ1DJC9V1G0BG8N9YM82XRNB,2025-06-30T22:03:01.550418574Z
01JZ17QDV28FTWRJK1YQF12QYK,01JZ170DPRHYGRH6M74WMGZ8J5,2025-06-30T20:16:17.250719742Z,01JZ170DS434CCJM920VN081CV,2025-06-30T20:16:17.250719742Z,01JZ17BPKZNHJ9DBN3R83MMZW2,2025-06-30T20:16:17.250719742Z,01JZ17HX0ZXKJ4A0TXNHXA38XE,2025-06-30T20:16:17.250719742Z,01JZ17HX2AP1VXP646YMEXT1TD,2025-06-30T20:16:17.250719742Z
01JZ18XM1Q5CWX84DCZDYV8746,01JZ18G4TN4FH7205KTQTFE7PM,2025-06-30T20:37:08.791577469Z,01JZ18G508W9SSEDAT6B79GZND,2025-06-30T20:37:08.791577469Z,01JZ18J46H2273JNNKGGW4JXM3,2025-06-30T20:37:08.791577469Z,01JZ18STHY2VTQFD4CXMK2KF14,2025-06-30T20:37:08.791577469Z,01JZ18STSC4NTMXFTGAYPERD0M,2025-06-30T20:37:08.791577469Z
01JZ1BAN28FA87B7J36XTR2TKA,01JZ1B1VZ9TM9N3252XVVAH9DZ,2025-06-30T21:19:12.968789323Z,01JZ1B1W6S117BH8HCA7NH9R7E,2025-06-30T21:19:12.968789323Z,01JZ1B3PFQZWK1B01E0NW7J1B1,2025-06-30T21:19:12.968789323Z,01JZ1BAHADH4W4M1AJ6DNKBPWK,2025-06-30T21:19:12.968789323Z,01JZ1BAHHFGV7D8DX0F23S9G4D,2025-06-30T21:19:12.968789323Z
01JZ1BF2YMHYY080AMQBV89HGD,01JZ1B1VZ9TM9N3252XVVAH9DZ,2025-06-30T21:21:38.260816923Z,01JZ1B1W2WT8MR9NJ7RDDSFH2M,2025-06-30T21:21:38.260816923Z,01JZ1B40FQ24C0Z8EC9VKSS7KY,2025-06-30T21:21:38.260816923Z,01JZ1BD3Y8NHHCFXCV7WB08PE6,2025-06-30T21:21:38.260816923Z,01JZ1BD4BBAEFYK9NRYQAQA650,2025-06-30T21:21:38.260816923Z
01JZ1DR54B5TYWRCZAPTV20FKW,01JZ1D0RX94M7HHBAJDNGV8QRS,2025-06-30T22:01:32.555668507Z,01JZ1D0S3N2D9DCG3EHS8AP4R1,2025-06-30T22:01:32.555668507Z,01JZ1DEB7GHZ5ZQY0VZXEDKFR1,2025-06-30T22:01:32.555668507Z,01JZ1DJBF7R7NJ28KS5SRS1EHV,2025-06-30T22:01:32.555668507Z,01JZ1DJBVG82SYECZXJC6RC5W1,2025-06-30T22:01:32.555668507Z
01JZ1ETX0BS2M7EWSV0K4W1GVG,01JZ1E916HBESJXS5SJ82BFZ21,2025-06-30T22:20:31.116040648Z,01JZ1E91HHYKGR583PHV4V6JXR,2025-06-30T22:20:31.116040648Z,01JZ1EQAMF1CPBT3C20MBYJDP4,2025-06-30T22:20:31.116040648Z,01JZ1ERV8NQ1N608W7HC4Y405V,2025-06-30T22:20:31.116040648Z,01JZ1ERVK8FJJX233J3XM0SPC3,2025-06-30T22:20:31.116040648Z
01JZ1GR79SD42G58DMCTWDG893,01JZ1G29Q82GQAKEXSK2E7NK3R,2025-06-30T22:54:00.505489801Z,01JZ1G2ACHC2PPHGNQVYG69GCY,2025-06-30T22:54:00.505489801Z,01JZ1ESY682HMD53AEGK9VD2YT,2025-06-30T22:54:00.505489801Z,01JZ1GJG6VNG9PMWWVXAT59KAK,2025-06-30T22:54:00.505489801Z,01JZ1GJGQS329XNT6FBZ8D1F2T,2025-06-30T22:54:00.505489801Z
01JZ17J2GDEA92KM29W5Z7W251,01JZ170DPRHYGRH6M74WMGZ8J5,2025-06-30T20:13:21.805068746Z,01JZ170DRSFZ9Y16965WN1Z2F9,2025-06-30T20:13:21.805068746Z,01JZ17C681KCXJ6DBBJAQ640Z7,2025-06-30T20:13:21.805068746Z,01JZ17G70WMTCCVM6PEEY7RHRW,2025-06-30T20:13:21.805068746Z,01JZ17G724ZSEFQGERYDKDB1XF,2025-06-30T20:13:21.805068746Z
01JZ17M7H3Y0GNJH7PRYRKNF28,01JZ170DPRHYGRH6M74WMGZ8J5,2025-06-30T20:14:32.483703363Z,01JZ170DRWH3Q5VEKFYTCWXCB9,2025-06-30T20:14:32.483703363Z,01JZ17HZPCKK6WHFW0W029CFVG,2025-06-30T20:14:32.483703363Z,01JZ17M636G6YCD0BAJGQEKJNP,2025-06-30T20:14:32.483703363Z,01JZ17M64R492KMA984HJQH40R,2025-06-30T20:14:32.483703363Z
01JZ18RR0M76V0V6ABZQFSPPK9,01JZ18G4TN4FH7205KTQTFE7PM,2025-06-30T20:34:29.012833437Z,01JZ18G4XMK5QHE5YNTR43VZ9V,2025-06-30T20:34:29.012833437Z,01JZ18JG8638DXN8F3WDEPTJAB,2025-06-30T20:34:29.012833437Z,01JZ18RP7K0MQCXP7DDG2EV4WD,2025-06-30T20:34:29.012833437Z,01JZ18RPAN9E7YY547RMV3BXKB,2025-06-30T20:34:29.012833437Z
01JZ190WRA8APSCDMFCBFTH1CC,01JZ18G4TN4FH7205KTQTFE7PM,2025-06-30T20:38:56.010710852Z,01JZ18G4Z7SR18DC8PDBR22HS5,2025-06-30T20:38:56.010710852Z,01JZ18JM84GZ5542ST7BEW0RHN,2025-06-30T20:38:56.010710852Z,01JZ18S8WHVH4M4KJ49MQHRMWQ,2025-06-30T20:38:56.010710852Z,01JZ18S936CMXW4V0EAQ0AP209,2025-06-30T20:38:56.010710852Z
01JZ1AH0W1RPGHZC0548ACF4BT,01JZ19VEXCKVX740B60X4W6PQN,2025-06-30T21:05:13.08923581Z,01JZ19VF9WCS5BMDRCPXZK6ZBF,2025-06-30T21:05:13.08923581Z,01JZ19XKK2V5414G0ST34MPS62,2025-06-30T21:05:13.08923581Z,01JZ1A8RRMDWP0AE0XY4GVAREN,2025-06-30T21:05:13.08923581Z,01JZ1A8S8W2CM5YMQB7BGVDZGF,2025-06-30T21:05:13.08923581Z
01JZ1BEBHSB6GGYY6P4232KRAV,01JZ1B1VZ9TM9N3252XVVAH9DZ,2025-06-30T21:21:14.297476408Z,01JZ1B1W6S117BH8HCA7NH9R7E,2025-06-30T21:21:14.297476408Z,01JZ1B4JZ145G1JXSZ180MKZQ7,2025-06-30T21:21:14.297476408Z,01JZ1BAHCPD0S01DARX26K93JP,2025-06-30T21:21:14.297476408Z,01JZ1BAHQ3N624S6Q9735D697Y,2025-06-30T21:21:14.297476408Z
01JZ1BVKQSX7EZ3SM6RC3JWCF2,01JZ1B1VZ9TM9N3252XVVAH9DZ,2025-06-30T21:28:28.665857941Z,01JZ1B1W4RP0VXDDKCJTNKM3AX,2025-06-30T21:28:28.665857941Z,01JZ1BH96VSCAX0MRZ5GVT0SBR,2025-06-30T21:28:28.665857941Z,01JZ1BNY8P6J7MV2A9X36WMPD0,2025-06-30T21:28:28.665857941Z,01JZ1BNYKMVTP1B0A6AZBFNG64,2025-06-30T21:28:28.665857941Z
01JZ1H4H0CRPCZC57NDCJGHW5G,01JZ1G29Q82GQAKEXSK2E7NK3R,2025-06-30T23:00:43.660484788Z,01JZ1G2A58JMFV91VV93EGJJQY,2025-06-30T23:00:43.660484788Z,01JZ1GHJS4Z0QHDNAN69NMJ02V,2025-06-30T23:00:43.660484788Z,01JZ1GW3K49KQTMSG69GXKE3BB,2025-06-30T23:00:43.660484788Z,01JZ1GW4HDCGT8CBM0WR2VEJ2V,2025-06-30T23:00:43.660484788Z
01JZ18W0GTRXDGC6JMNFCAAAPY,01JZ18G4TN4FH7205KTQTFE7PM,2025-06-30T20:36:16.026534337Z,01JZ18G512YK4K14AJW1A4KQT5,2025-06-30T20:36:16.026534337Z,01JZ18P8E791PBV9BDRV76VVRH,2025-06-30T20:36:16.026534337Z,01JZ18R8CZAK9T47Q30YNKNJNG,2025-06-30T20:36:16.026534337Z,01JZ18R8G305WGQZPSGSK2ATV9,2025-06-30T20:36:16.026534337Z
01JZ1AAV72ABYP51DZYPCZ8V3T,01JZ19VEXCKVX740B60X4W6PQN,2025-06-30T21:01:50.690505033Z,01JZ19VF1X4TGM9HTAVFF08YB3,2025-06-30T21:01:50.690505033Z,01JZ19XY7CXDASK651A0S5NR34,2025-06-30T21:01:50.690505033Z,01JZ1A31V3EJ1Y2YEGMA5AZKE4,2025-06-30T21:01:50.690505033Z,01JZ1A3290C8XPZTPTW3G1G80F,2025-06-30T21:01:50.690505033Z
01JZ1BH8R2A4EYX4BS1FNMZ4AV,01JZ1B1VZ9TM9N3252XVVAH9DZ,2025-06-30T21:22:49.730980293Z,01JZ1B1W68Y1JCNSRHTZJR0WTB,2025-06-30T21:22:49.730980293Z,01JZ1B7EJ94Z1F34T98KN1PN13,2025-06-30T21:22:49.730980293Z,01JZ1BH43TCR207W6QA0XHTRSW,2025-06-30T21:22:49.730980293Z,01JZ1BH4EERH1DS5BZWYJYPN33,2025-06-30T21:22:49.730980293Z
01JZ1F96ETBQFKHNGBH2AXKP0F,01JZ1E916HBESJXS5SJ82BFZ21,2025-06-30T22:28:19.546663816Z,01JZ1E91ENR7DC2PFTK7ZY5PTJ,2025-06-30T22:28:19.546663816Z,01JZ1EBW22KQBY52ZW0XEVAEWD,2025-06-30T22:28:19.546663816Z,01JZ1F70RJ6JX7FR0QPB30BKG3,2025-06-30T22:28:19.546663816Z,01JZ1F70YWFR7HBRX254H2M9ZA,2025-06-30T22:28:19.546663816Z
01JZ1GDYFX16FR07MJYH0ETBGY,01JZ1G29Q82GQAKEXSK2E7NK3R,2025-06-30T22:48:23.805228936Z,01JZ1G2A6YM039KVE3FBKDN5TM,2025-06-30T22:48:23.805228936Z,01JZ1G4ZKPR33SMREF8RYR14CE,2025-06-30T22:48:23.805228936Z,01JZ1GDRN0Y8FMK1BDZD9Y2P99,2025-06-30T22:48:23.805228936Z,01JZ1GDS2DY22CTPCFQ35EF84A,2025-06-30T22:48:23.805228936Z
01JZ18X255BWP3T5RWW6S2TYF7,01JZ18G4TN4FH7205KTQTFE7PM,2025-06-30T20:36:50.469110474Z,01JZ18G4YTQTSXFW2X0Y80VGVG,2025-06-30T20:36:50.469110474Z,01JZ18JQTYVQ19WTRN7KYJ00FT,2025-06-30T20:36:50.469110474Z,01JZ18QCHSRQEB636MAZYTF93F,2025-06-30T20:36:50.469110474Z,01JZ18QCPBPST0PE1NJV4R0V1Y,2025-06-30T20:36:50.469110474Z
01JZ19198WCPJQ3FNEN8RV96X6,01JZ18G4TN4FH7205KTQTFE7PM,2025-06-30T20:39:08.828765935Z,01JZ18G4WPK6V9JKZAVKNYS3NB,2025-06-30T20:39:08.828765935Z,01JZ18JMHXTQBMPEHHS7NP2031,2025-06-30T20:39:08.828765935Z,01JZ18RR9VM7GJWMP15BXNKK3H,2025-06-30T20:39:08.828765935Z,01JZ18RRKZFVZS57TSPFRFWCEZ,2025-06-30T20:39:08.828765935Z
01JZ1AM1G98N9Y68NAHJWQ935Z,01JZ19VEXCKVX740B60X4W6PQN,2025-06-30T21:06:52.041975956Z,01JZ19VF6XEW5FG377QGXCTRD1,2025-06-30T21:06:52.041975956Z,01JZ19XTW2HK24K9S0K07R4X7Y,2025-06-30T21:06:52.041975956Z,01JZ1ACG7RFGJPNSR51K4JAEZ8,2025-06-30T21:06:52.041975956Z,01JZ1ACGG67SPZ8AY8TH5DZ6XK,2025-06-30T21:06:52.041975956Z
01JZ1D9BM9AG1DAV0XW7W8BK09,01JZ1D0RX94M7HHBAJDNGV8QRS,2025-06-30T21:53:27.689056181Z,01JZ1D0S2S8SEBXETFQJSTGM5V,2025-06-30T21:53:27.689056181Z,01JZ1D5N9EKRCKNEX5N0FCN65V,2025-06-30T21:53:27.689056181Z,01JZ1D77TJ31JQY4W7YSZVV4R8,2025-06-30T21:53:27.689056181Z,01JZ1D78DY05DA26PEMTE62QV7,2025-06-30T21:53:27.689056181Z
01JZ1DQC0AD7R5YATTVBE38CT8,01JZ1D0RX94M7HHBAJDNGV8QRS,2025-06-30T22:01:06.826375995Z,01JZ1D0S61XK8FZCNQBM2ZAEE6,2025-06-30T22:01:06.826375995Z,01JZ1D497J6YYY65Y2Z1DW88ZY,2025-06-30T22:01:06.826375995Z,01JZ1DHG42SDRFG0AMYRAAVFFX,2025-06-30T22:01:06.826375995Z,01JZ1DHGVMC63T8RKQQSZ4EMT9,2025-06-30T22:01:06.826375995Z
01JZ19FNMWERD4HV851PJH9J3J,01JZ18R9CHSHJ2BAJZ4M4PAW2X,2025-06-30T20:47:00.252624573Z,01JZ18RA3DBE17YR6D8FEXRWFY,2025-06-30T20:47:00.252624573Z,01JZ1945JH72C4XK34ZFBSF6HS,2025-06-30T20:47:00.252624573Z,01JZ197W14H2E21R9QXHCJTQ3G,2025-06-30T20:47:00.252624573Z,01JZ197WCSA3J4CE8W6KGETF6X,2025-06-30T20:47:00.252624573Z
01JZ1A340JK6ERHQMNF73R5EVA,01JZ19VEXCKVX740B60X4W6PQN,2025-06-30T20:57:37.554634385Z,01JZ19VF1X4TGM9HTAVFF08YB3,2025-06-30T20:57:37.554634385Z,01JZ19X9AX1VPBDDCP087HWECT,2025-06-30T20:57:37.554634385Z,01JZ1A31S02SDHSEM91H5D9K0N,2025-06-30T20:57:37.554634385Z,01JZ1A31XT5XZPYQN2JAHT1N80,2025-06-30T20:57:37.554634385Z
01JZ17QJV6V3XKFZP390GVA3NN,01JZ170DPRHYGRH6M74WMGZ8J5,2025-06-30T20:16:22.37439513Z,01JZ170DRSFZ9Y16965WN1Z2F9,2025-06-30T20:16:22.37439513Z,01JZ17AK41GP2DW5ZS1AJ3K35J,2025-06-30T20:16:22.37439513Z,01JZ17G70TM6EWY78GFBKAH2E9,2025-06-30T20:16:22.37439513Z,01JZ17G72TBMVDY3HE0ARP6X8X,2025-06-30T20:16:22.37439513Z
01JZ17W822KCSTR1RR6Q97D7RC,01JZ170DPRHYGRH6M74WMGZ8J5,2025-06-30T20:18:55.170691515Z,01JZ170DRV33K8D9D9ZMQKAW2D,2025-06-30T20:18:55.170691515Z,01JZ17A4X6KDHXD87KVKY87426,2025-06-30T20:18:55.170691515Z,01JZ17PPGX7JSSK85PVP6H7NR4,2025-06-30T20:18:55.170691515Z,01JZ17PPKVJSY2KQZ4NEMQSJWF,2025-06-30T20:18:55.170691515Z
01JZ1AEG0G6MSRCXRQ4CQV64MV,01JZ19VEXCKVX740B60X4W6PQN,2025-06-30T21:03:50.288503883Z,01JZ19VF9WCS5BMDRCPXZK6ZBF,2025-06-30T21:03:50.288503883Z,01JZ18QF2693Q9TCBGRNNEEKBJ,2025-06-30T21:03:50.288503883Z,01JZ1A8RTBQBGQ6B3M8DMQ82K3,2025-06-30T21:03:50.288503883Z,01JZ1A8RYVY57RPWHFYD5PSDYS,2025-06-30T21:03:50.288503883Z
01JZ1ATGWXAW0TB2H6S3DKGSVT,01JZ19VEXCKVX740B60X4W6PQN,2025-06-30T21:10:24.41455212Z,01JZ19VF3FCDRKA7RA8CE3SQDH,2025-06-30T21:10:24.41455212Z,01JZ1AJWEBWSA9H9YV5TJD6D6N,2025-06-30T21:10:24.41455212Z,01JZ1AK0G5B46WY2VWCGE07ZNR,2025-06-30T21:10:24.41455212Z,01JZ1AK0TX4ERGZ5YFKG2BE46V,2025-06-30T21:10:24.41455212Z
01JZ1DMVMJHPFSHAS2YQZHPXQW,01JZ1D0RX94M7HHBAJDNGV8QRS,2025-06-30T21:59:44.530949673Z,01JZ1D0S14X3T6948SDJVF454K,2025-06-30T21:59:44.530949673Z,01JZ1D3Y76V55J2284DH2783V0,2025-06-30T21:59:44.530949673Z,01JZ1DCMRJJ169TVNGDT370T2P,2025-06-30T21:59:44.530949673Z,01JZ1DCNAHRDE7169NYJFVZEPX,2025-06-30T21:59:44.530949673Z
01JZ17G5JV4XM6PC93ASRCK0BH,01JZ170DPRHYGRH6M74WMGZ8J5,2025-06-30T20:12:19.420022407Z,01JZ170DRRRWN613C5WJQ8B5Q6,2025-06-30T20:12:19.420022407Z,01JZ1783Y320G4QQ1JCVQAE220,2025-06-30T20:12:19.420022407Z,01JZ17G526V3QE34K6X6V2S8DM,2025-06-30T20:12:19.420022407Z,01JZ17G5356YF5HQZXE4JNKE6Q,2025-06-30T20:12:19.420022407Z
01JZ17T7864HMW7AY13JPH7E5B,01JZ170DPRHYGRH6M74WMGZ8J5,2025-06-30T20:17:48.806126277Z,01JZ170DRQN15452AYS561M232,2025-06-30T20:17:48.806126277Z,01JZ177RVVNSCWMQHY3N3M9P3Y,2025-06-30T20:17:48.806126277Z,01JZ17RBCT038Y8QAFS6F67QDM,2025-06-30T20:17:48.806126277Z,01JZ17RBG2FZTBKAYMWRB4MVTN,2025-06-30T20:17:48.806126277Z
01JZ18SYSPPGP8F6WP2PP93WFP,01JZ18G4TN4FH7205KTQTFE7PM,2025-06-30T20:35:08.72640382Z,01JZ18G4XDWA3A08Y0HZ5HSAAF,2025-06-30T20:35:08.72640382Z,01JZ18K35P2QZ1SSJHQYJ2X8Z7,2025-06-30T20:35:08.72640382Z,01JZ18R0Z5Z926ZA90YM7MYTK3,2025-06-30T20:35:08.72640382Z,01JZ18R133QMRQ38HG6QRP200S,2025-06-30T20:35:08.72640382Z
01JZ1CVWWHKVG10YM1WNKT3JWB,01JZ1C4XJFQQ45ZHGATAXVBX0J,2025-06-30T21:46:06.609171455Z,01JZ1C4XNE4VHGMR9JDZS6Y7F9,2025-06-30T21:46:06.609171455Z,01JZ1CEYEW4QC345QNCDR6C494,2025-06-30T21:46:06.609171455Z,01JZ1CM9NHAQYVB9EBB2FPWPMG,2025-06-30T21:46:06.609171455Z,01JZ1CMA31R8XKWA9BKW0H529E,2025-06-30T21:46:06.609171455Z
01JZ1D7DRX63J6SKTHHNFFBGPJ,01JZ1D0RX94M7HHBAJDNGV8QRS,2025-06-30T21:52:24.349571007Z,01JZ1D0S2S8SEBXETFQJSTGM5V,2025-06-30T21:52:24.349571007Z,01JZ1D5N9EKRCKNEX5N0FCN65V,2025-06-30T21:52:24.349571007Z,01JZ1D77QV4PCA19S4PRRTPDFG,2025-06-30T21:52:24.349571007Z,01JZ1D786T6WKM78FF4R0QKCBH,2025-06-30T21:52:24.349571007Z
01JZ1DGRTMGVMNRXFK93N22BD2,01JZ1D0RX94M7HHBAJDNGV8QRS,2025-06-30T21:57:30.58042963Z,01JZ1D0S58CJJ0G6BA8AW8ZVCS,2025-06-30T21:57:30.58042963Z,01JZ1D7DM0SC7JQGS6JG3ZYPAZ,2025-06-30T21:57:30.58042963Z,01JZ1D971RNG9X4SW8NSVY9CFR,2025-06-30T21:57:30.58042963Z,01JZ1D97GC7KPGH39RJZS9DMK5,2025-06-30T21:57:30.58042963Z
01JZ1F00PKZBYKZ6N8QJK2ANNQ,01JZ1E916HBESJXS5SJ82BFZ21,2025-06-30T22:23:18.740176072Z,01JZ1E91WFH0SPDF0PZ6G1349X,2025-06-30T22:23:18.740176072Z,01JZ1EBNRXWXP0H461Z4YMKNYP,2025-06-30T22:23:18.740176072Z,01JZ1EY0RN0AQVXD4S7119EDC2,2025-06-30T22:23:18.740176072Z,01JZ1EY1A0HK6QKMRP1X65F9E6,2025-06-30T22:23:18.740176072Z
01JZ17WGEVDH570BBA933R5H50,01JZ170DPRHYGRH6M74WMGZ8J5,2025-06-30T20:19:03.771324632Z,01JZ170DSP5HFMBRZWFQV8RFVC,2025-06-30T20:19:03.771324632Z,01JZ17D1Z4NJ06X2DRQ0XR8Y1G,2025-06-30T20:19:03.771324632Z,01JZ17RSKP4T7TM013SKSDCBN6,2025-06-30T20:19:03.771324632Z,01JZ17RSP6EC94WCD300W6M3AA,2025-06-30T20:19:03.771324632Z
01JZ18RKR9N9K0V27VXBDY8GVH,01JZ18G4TN4FH7205KTQTFE7PM,2025-06-30T20:34:24.649907212Z,01JZ18G50G0GKPPCFSW2N0ZNW1,2025-06-30T20:34:24.649907212Z,01JZ18N84ND15PG04895JYQ6RT,2025-06-30T20:34:24.649907212Z,01JZ18RHHCVE30JQC8SHSPW4MY,2025-06-30T20:34:24.649907212Z,01JZ18RHJ5XN95EAZN19VJ8641,2025-06-30T20:34:24.649907212Z
01JZ18TCZESJ9XV9A26QJZR751,01JZ18G4TN4FH7205KTQTFE7PM,2025-06-30T20:35:23.246138645Z,01JZ18G4ZZG5A688HVVJGKBFVW,2025-06-30T20:35:23.246138645Z,01JZ18N06YG4ZMSQQQ92S1PQNP,2025-06-30T20:35:23.246138645Z,01JZ18RFQ4W09NKQ14XZ3KQN1E,2025-06-30T20:35:23.246138645Z,01JZ18RFV7A7RYC83ZMNNW89A7,2025-06-30T20:35:23.246138645Z
01JZ18W0CTQNE97GNAPRADJHWF,01JZ18G4TN4FH7205KTQTFE7PM,2025-06-30T20:36:15.899060827Z,01JZ18G512YK4K14AJW1A4KQT5,2025-06-30T20:36:15.899060827Z,01JZ18M3Q90QHFJ7P7ZKCP4M1K,2025-06-30T20:36:15.899060827Z,01JZ18R8CZAK9T47Q30YNKNJNG,2025-06-30T20:36:15.899060827Z,01JZ18R8G305WGQZPSGSK2ATV9,2025-06-30T20:36:15.899060827Z
01JZ18Z7Y3P7F4MPCVK8WE7YGZ,01JZ18G4TN4FH7205KTQTFE7PM,2025-06-30T20:38:01.923790066Z,01JZ18G4YTQTSXFW2X0Y80VGVG,2025-06-30T20:38:01.923790066Z,01JZ18M95D7WX9RB46ACE56086,2025-06-30T20:38:01.923790066Z,01JZ18QCJGMBYZ3Q6VHAQ4WQVG,2025-06-30T20:38:01.923790066Z,01JZ18QCRS6KYZZVYGRJM4TYB1,2025-06-30T20:38:01.923790066Z
01JZ19FBAXD5C59QV8EPR7EY6G,01JZ18R9CHSHJ2BAJZ4M4PAW2X,2025-06-30T20:46:49.693724433Z,01JZ18RA3DBE17YR6D8FEXRWFY,2025-06-30T20:46:49.693724433Z,01JZ1945JH72C4XK34ZFBSF6HS,2025-06-30T20:46:49.693724433Z,01JZ197W0CRT1QRT68SVS12ZFW,2025-06-30T20:46:49.693724433Z,01JZ197WAD58SPDF99KX0S8KCP,2025-06-30T20:46:49.693724433Z
01JZ1AMCHRBWYBFY0RXW9EGKHX,01JZ19VEXCKVX740B60X4W6PQN,2025-06-30T21:07:03.352467142Z,01JZ19VF6XEW5FG377QGXCTRD1,2025-06-30T21:07:03.352467142Z,01JZ1A9Y4FG88CERVMWV547SJC,2025-06-30T21:07:03.352467142Z,01JZ1ACG6Q17P2Z830VCFRQ76D,2025-06-30T21:07:03.352467142Z,01JZ1ACGJ96F90R72HKQEPR1FT,2025-06-30T21:07:03.352467142Z
01JZ17G7JGQ39D6AH0ERP670EX,01JZ170DPRHYGRH6M74WMGZ8J5,2025-06-30T20:12:21.456913603Z,01JZ170DRSFZ9Y16965WN1Z2F9,2025-06-30T20:12:21.456913603Z,01JZ17ACVQQE42SB51P5M3A1GH,2025-06-30T20:12:21.456913603Z,01JZ17G70CK9Q7FFZCZJ2KGMZQ,2025-06-30T20:12:21.456913603Z,01JZ17G717SS73NQTZKCSMHBWK,2025-06-30T20:12:21.456913603Z
01JZ17S65977KGFDHT053E12KZ,01JZ170DPRHYGRH6M74WMGZ8J5,2025-06-30T20:17:14.921535646Z,01JZ170DS5DJKXJ3Z7YVJKJJXK,2025-06-30T20:17:14.921535646Z,01JZ17FZXSD3JPY8Z3YRMZJDDV,2025-06-30T20:17:14.921535646Z,01JZ17QA5NP4NCPJJVMNCZ9F7W,2025-06-30T20:17:14.921535646Z,01JZ17QA7R6RMSWTTSTG8PTY2J,2025-06-30T20:17:14.921535646Z
01JZ18PC4T1TM0GCYEK6WASKQ4,01JZ18G4TN4FH7205KTQTFE7PM,2025-06-30T20:33:11.322652045Z,01JZ18G4X5EPR69QT64DVYQXFJ,2025-06-30T20:33:11.322652045Z,01JZ18KH2AEBXEHK9D1GSN56XX,2025-06-30T20:33:11.322652045Z,01JZ18PAR9WBWEPQGQAVBFV7BZ,2025-06-30T20:33:11.322652045Z,01JZ18PARXYSM6SGM2B8A7M1YP,2025-06-30T20:33:11.322652045Z
01JZ1GT3ZZ3XHCYTVQH46H8W25,01JZ1G29Q82GQAKEXSK2E7NK3R,2025-06-30T22:55:02.655955555Z,01JZ1G2ACHC2PPHGNQVYG69GCY,2025-06-30T22:55:02.655955555Z,01JZ1G4D5N3JRDG8TQNFBZX41Z,2025-06-30T22:55:02.655955555Z,01JZ1GJGD6SKHW85EK3871CKY5,2025-06-30T22:55:02.655955555Z,01JZ1GJGVRNY1Y12BW1M5R3C05,2025-06-30T22:55:02.655955555Z
01JZ1GTT027T0NE0QZEGQ2Q84R,01JZ1G29Q82GQAKEXSK2E7NK3R,2025-06-30T22:55:25.186360394Z,01JZ1G2ACHC2PPHGNQVYG69GCY,2025-06-30T22:55:25.186360394Z,01JZ1ESY682HMD53AEGK9VD2YT,2025-06-30T22:55:25.186360394Z,01JZ1GJG9JNNQVF267AN8JXQ4V,2025-06-30T22:55:25.186360394Z,01JZ1GJH3W1BXJKW0EDEPKC8YG,2025-06-30T22:55:25.186360394Z
01JZ1GY6NYNRY4V3Y4J8SS2R8C,01JZ1G29Q82GQAKEXSK2E7NK3R,2025-06-30T22:57:16.47835108Z,01JZ1G2A58JMFV91VV93EGJJQY,2025-06-30T22:57:16.47835108Z,01JZ1GA4T24GEXMPJNJW9S8J83,2025-06-30T22:57:16.47835108Z,01JZ1GW3DRA0H5QCSGM2BKZ7GX,2025-06-30T22:57:16.47835108Z,01JZ1GW40WADE9EGAKBT399YMZ,2025-06-30T22:57:16.47835108Z
01JZ1BJTB5Q3637JTVCH0N1X7S,01JZ1B1VZ9TM9N3252XVVAH9DZ,2025-06-30T21:23:40.517219196Z,01JZ1B1W5AJ9N87HJBZ99HRQPJ,2025-06-30T21:23:40.517219196Z,01JZ1B4CR8JCWXXD7BQPA68N6Z,2025-06-30T21:23:40.517219196Z,01JZ1BB7J8Y8W753ARSJ77X4CV,2025-06-30T21:23:40.517219196Z,01JZ1BB7W6W7V0P8VBTA6CVNWM,2025-06-30T21:23:40.517219196Z
01JZ17KV8PA2H4AEZ9CC23AAW0,01JZ170DPRHYGRH6M74WMGZ8J5,2025-06-30T20:14:19.926269463Z,01JZ170DRRRWN613C5WJQ8B5Q6,2025-06-30T20:14:19.926269463Z,01JZ176AGFMX3JE5XFYY83S9AY,2025-06-30T20:14:19.926269463Z,01JZ17G525MGXJWBMSF6HV25RV,2025-06-30T20:14:19.926269463Z,01JZ17G53YJG35VR54J3X52CY9,2025-06-30T20:14:19.926269463Z
01JZ17STJ2RPAN398D9SBW5AA1,01JZ170DPRHYGRH6M74WMGZ8J5,2025-06-30T20:17:35.810361264Z,01JZ170DSR5F2SARFX61BD5BFD,2025-06-30T20:17:35.810361264Z,01JZ17BSGD1ZFE3AGW45TSH40F,2025-06-30T20:17:35.810361264Z,01JZ17M8SSZ2QHECS5BA0DPMCQ,2025-06-30T20:17:35.810361264Z,01JZ17M8XAP84NT81MJXA59Y57,2025-06-30T20:17:35.810361264Z
01JZ1802A5ZM8BTVT4T3H0YS61,01JZ170DPRHYGRH6M74WMGZ8J5,2025-06-30T20:21:00.357212277Z,01JZ170DRQN15452AYS561M232,2025-06-30T20:21:00.357212277Z,01JZ17M9BWTED841AF4MEHDDNW,2025-06-30T20:21:00.357212277Z,01JZ17RBDPNRWH0MV3S1S7KRVT,2025-06-30T20:21:00.357212277Z,01JZ17RBJ8YKE7YSK6WC1TVK90,2025-06-30T20:21:00.357212277Z
01JZ180VB515EPAYEBQ2CM2WFM,01JZ170DPRHYGRH6M74WMGZ8J5,2025-06-30T20:21:25.989168346Z,01JZ170DSP5HFMBRZWFQV8RFVC,2025-06-30T20:21:25.989168346Z,01JZ17BG508D1SYGKCV9ECDV4F,2025-06-30T20:21:25.989168346Z,01JZ17RSJJTRQ3PSBCBXKXE637,2025-06-30T20:21:25.989168346Z,01JZ17RSSN6G8Y8TD3Z81DX4KH,2025-06-30T20:21:25.989168346Z
01JZ1916S3TJ6AJ4P658JK109D,01JZ18G4TN4FH7205KTQTFE7PM,2025-06-30T20:39:06.275515671Z,01JZ18G4XMK5QHE5YNTR43VZ9V,2025-06-30T20:39:06.275515671Z,01JZ18JXMPKC16YBJ9SWX6E74P,2025-06-30T20:39:06.275515671Z,01JZ18RP9ZDBJKMBBTW600ZPPV,2025-06-30T20:39:06.275515671Z,01JZ18RPH48SR6A7PG262SRVBN,2025-06-30T20:39:06.275515671Z
01JZ1A34188JQMFGJY6FT647V8,01JZ19VEXCKVX740B60X4W6PQN,2025-06-30T20:57:37.576109141Z,01JZ19VF1X4TGM9HTAVFF08YB3,2025-06-30T20:57:37.576109141Z,01JZ19XY7CXDASK651A0S5NR34,2025-06-30T20:57:37.576109141Z,01JZ1A31S02SDHSEM91H5D9K0N,2025-06-30T20:57:37.576109141Z,01JZ1A31XT5XZPYQN2JAHT1N80,2025-06-30T20:57:37.576109141Z
01JZ1AH0YHN4M8EHRPB0K6VQW6,01JZ19VEXCKVX740B60X4W6PQN,2025-06-30T21:05:13.169372325Z,01JZ19VF9WCS5BMDRCPXZK6ZBF,2025-06-30T21:05:13.169372325Z,01JZ19Y3KYVSPMBWF3EF2S04D7,2025-06-30T21:05:13.169372325Z,01JZ1A8RRMDWP0AE0XY4GVAREN,2025-06-30T21:05:13.169372325Z,01JZ1A8S8W2CM5YMQB7BGVDZGF,2025-06-30T21:05:13.169372325Z
01JZ1CPAN2YFG7YF6V9AS6DD03,01JZ1C4XJFQQ45ZHGATAXVBX0J,2025-06-30T21:43:04.098617407Z,01JZ1C4XNE4VHGMR9JDZS6Y7F9,2025-06-30T21:43:04.098617407Z,01JZ1CHHENXRFPD7VNDFKQ5330,2025-06-30T21:43:04.098617407Z,01JZ1CM9MH9FR8B6ZK0QM2XBF8,2025-06-30T21:43:04.098617407Z,01JZ1CM9VXMQN204HPP62W42XM,2025-06-30T21:43:04.098617407Z
01JZ1CWJABG2ZPCK10F5H3YR58,01JZ1C4XJFQQ45ZHGATAXVBX0J,2025-06-30T21:46:28.555156838Z,01JZ1C4XNE4VHGMR9JDZS6Y7F9,2025-06-30T21:46:28.555156838Z,01JZ1CF8R7DWBKG9F2768N54QZ,2025-06-30T21:46:28.555156838Z,01JZ1CM9QBAFQHGRA086T0Q56G,2025-06-30T21:46:28.555156838Z,01JZ1CMA99V1CAQCB71PYBWAZC,2025-06-30T21:46:28.555156838Z
01JZ1DR2FD3TMKTYGB3M8V5Z7K,01JZ1D0RX94M7HHBAJDNGV8QRS,2025-06-30T22:01:29.83787036Z,01JZ1D0S064NT759Q480WCA8PK,2025-06-30T22:01:29.83787036Z,01JZ1DEJMJQ3008TVKPGG206S9,2025-06-30T22:01:29.83787036Z,01JZ1DFXRMFQK07Q91HG8QCYJ2,2025-06-30T22:01:29.83787036Z,01JZ1DFZ56FDN0A8XV7X841H8M,2025-06-30T22:01:29.83787036Z
01JZ191J80217BDC4QMCQAQTPM,01JZ18G4TN4FH7205KTQTFE7PM,2025-06-30T20:39:18.016648638Z,01JZ18G4Z7SR18DC8PDBR22HS5,2025-06-30T20:39:18.016648638Z,01JZ18JCX14E3JYTT1AT1DNHJS,2025-06-30T20:39:18.016648638Z,01JZ18S8XBR7NPBNNX8H3R06YJ,2025-06-30T20:39:18.016648638Z,01JZ18S964RRE31Q1VKWQ9XVBV,2025-06-30T20:39:18.016648638Z
01JZ1BK5MDQK0MJ0DJYTWBZCX1,01JZ1B1VZ9TM9N3252XVVAH9DZ,2025-06-30T21:23:52.077721602Z,01JZ1B1W5AJ9N87HJBZ99HRQPJ,2025-06-30T21:23:52.077721602Z,01JZ1B7J9GMSKP5R199VT378SX,2025-06-30T21:23:52.077721602Z,01JZ1BB7HHYBBSVM85QTV97ZMB,2025-06-30T21:23:52.077721602Z,01JZ1BB7YG1FHERX8XKE8XA5AC,2025-06-30T21:23:52.077721602Z
01JZ1BXHSERTD4YJ6MQGHK3YEV,01JZ1B1VZ9TM9N3252XVVAH9DZ,2025-06-30T21:29:32.206775958Z,01JZ1B1W5TAZ0C76DBH0ZAEY5X,2025-06-30T21:29:32.206775958Z,01JZ1B3G6JQBSFAAE2943ZEQ9V,2025-06-30T21:29:32.206775958Z,01JZ1BNNPVHRHE8S109SGCSVME,2025-06-30T21:29:32.206775958Z,01JZ1BNPM2SKCJW6H10Q28J9CX,2025-06-30T21:29:32.206775958Z
01JZ1DSZ6RGV85HFKZJRZ4E4YB,01JZ1D0RX94M7HHBAJDNGV8QRS,2025-06-30T22:02:32.02466908Z,01JZ1D0S61XK8FZCNQBM2ZAEE6,2025-06-30T22:02:32.02466908Z,01JZ1D7ZVRAH2JHDPAGNC0VP2T,2025-06-30T22:02:32.02466908Z,01JZ1DHGBSZZHKEP5QJKJSKXHE,2025-06-30T22:02:32.02466908Z,01JZ1DHH68B7BQZNES97N8QZZF,2025-06-30T22:02:32.02466908Z
01JZ1H02BWKXFT2DN53YVC21W9,01JZ1G29Q82GQAKEXSK2E7NK3R,2025-06-30T22:58:17.596312029Z,01JZ1G2A58JMFV91VV93EGJJQY,2025-06-30T22:58:17.596312029Z,01JZ1GA4T24GEXMPJNJW9S8J83,2025-06-30T22:58:17.596312029Z,01JZ1GW3DRA0H5QCSGM2BKZ7GX,2025-06-30T22:58:17.596312029Z,01JZ1GW42H2JJBV0X7QNB3MK6M,2025-06-30T22:58:17.596312029Z
01JZ18SY226J8JX6EJK0CF956W,01JZ18G4TN4FH7205KTQTFE7PM,2025-06-30T20:35:07.970433152Z,01JZ18G508W9SSEDAT6B79GZND,2025-06-30T20:35:07.970433152Z,01JZ18JE7QR9RF8E7B9MDMMGE2,2025-06-30T20:35:07.970433152Z,01JZ18STB8HB9DV2CVT0ZSHGAA,2025-06-30T20:35:07.970433152Z,01JZ18STM862C8KDCA8BFNPX0D,2025-06-30T20:35:07.970433152Z
01JZ19846T1CEQD59FRZYX2CHA,01JZ18QHX9XGN83K6T42FK97D5,2025-06-30T20:42:53.019007887Z,01JZ18QHYY9H3H8G0D5BR000CA,2025-06-30T20:42:53.019007887Z,01JZ18XHK71TAH4K8NFWQ8XDAZ,2025-06-30T20:42:53.019007887Z,01JZ1903FVM8SRTYCYM7MR4PE9,2025-06-30T20:42:53.019007887Z,01JZ1905F9ZP00T69GN7KMYMEX,2025-06-30T20:42:53.019007887Z
01JZ1BEBGY64SFYTV1HPWQC7SJ,01JZ1B1VZ9TM9N3252XVVAH9DZ,2025-06-30T21:21:14.27097259Z,01JZ1B1W6S117BH8HCA7NH9R7E,2025-06-30T21:21:14.27097259Z,01JZ1B46GFSFAYTPK6TDTQG4WK,2025-06-30T21:21:14.27097259Z,01JZ1BAHCPD0S01DARX26K93JP,2025-06-30T21:21:14.27097259Z,01JZ1BAHQ3N624S6Q9735D697Y,2025-06-30T21:21:14.27097259Z
01JZ1FAJ65M5AK9PAVJTKV552N,01JZ1E916HBESJXS5SJ82BFZ21,2025-06-30T22:29:04.325771517Z,01JZ1E91Q18GQE49C0XSDVMF75,2025-06-30T22:29:04.325771517Z,01JZ1EEDS4AMSMWB9W2CPSXDHE,2025-06-30T22:29:04.325771517Z,01JZ1F2JDENWFSVMZMF7HPM6S0,2025-06-30T22:29:04.325771517Z,01JZ1F2JYXXAQR4VKVMA09HECH,2025-06-30T22:29:04.325771517Z
01JZ17RR96RR3XRBFX7FM3Z7VE,01JZ170DPRHYGRH6M74WMGZ8J5,2025-06-30T20:17:00.710290532Z,01JZ170DRXVGFVP20P8DK3M491,2025-06-30T20:17:00.710290532Z,01JZ17B2PHRTHG9KZ1P8A1158Q,2025-06-30T20:17:00.710290532Z,01JZ17H2JPFPJA5AGAW7MSWH7S,2025-06-30T20:17:00.710290532Z,01JZ17H2MZBEW36Y1R5K5FNF6E,2025-06-30T20:17:00.710290532Z
01JZ17RTQJKH59EQWJ6R4A03W6,01JZ170DPRHYGRH6M74WMGZ8J5,2025-06-30T20:17:03.218877502Z,01JZ170DSP5HFMBRZWFQV8RFVC,2025-06-30T20:17:03.218877502Z,01JZ17BG508D1SYGKCV9ECDV4F,2025-06-30T20:17:03.218877502Z,01JZ17RSK3N0BNCJAFQS3YEYB5,2025-06-30T20:17:03.218877502Z,01JZ17RSMJHYZP5AXK87BWWWYY,2025-06-30T20:17:03.218877502Z
01JZ190W0P9DM0JAWZNDMHDNZN,01JZ18G4TN4FH7205KTQTFE7PM,2025-06-30T20:38:55.254351692Z,01JZ18G4XMK5QHE5YNTR43VZ9V,2025-06-30T20:38:55.254351692Z,01JZ18J9W8KMP67K3HENBC0CVQ,2025-06-30T20:38:55.254351692Z,01JZ18RP91GEW9EVAQBZZAHXYV,2025-06-30T20:38:55.254351692Z,01JZ18RPFWG4XEQZ470ZR69YVD,2025-06-30T20:38:55.254351692Z
01JZ192M794PQYWH8VT6YYY0SW,01JZ18QHX9XGN83K6T42FK97D5,2025-06-30T20:39:52.809210645Z,01JZ18QHZ9KPT0XZ66BZ9ZB89K,2025-06-30T20:39:52.809210645Z,01JZ18SXQ0AFP5SFG2600FW7ER,2025-06-30T20:39:52.809210645Z,01JZ190NH1278RPC2MCD2QJWTN,2025-06-30T20:39:52.809210645Z,01JZ190NPF4KCTVES8QQVQPPQ1,2025-06-30T20:39:52.809210645Z
01JZ1BK5HFCCJQAJ2HJF8WN6F7,01JZ1B1VZ9TM9N3252XVVAH9DZ,2025-06-30T21:23:51.983118079Z,01JZ1B1W5AJ9N87HJBZ99HRQPJ,2025-06-30T21:23:51.983118079Z,01JZ1B5GACPFWN4R0XMT462FAM,2025-06-30T21:23:51.983118079Z,01JZ1BB7HHYBBSVM85QTV97ZMB,2025-06-30T21:23:51.983118079Z,01JZ1BB7YG1FHERX8XKE8XA5AC,2025-06-30T21:23:51.983118079Z
01JZ1GHN55EZ34JTW3H1XW1PY3,01JZ1G29Q82GQAKEXSK2E7NK3R,2025-06-30T22:50:25.317785571Z,01JZ1G2A6YM039KVE3FBKDN5TM,2025-06-30T22:50:25.317785571Z,01JZ1G5Y4DKCPQ2K5FM2F479YF,2025-06-30T22:50:25.317785571Z,01JZ1GDRQETQFVFT79CV7FCC6X,2025-06-30T22:50:25.317785571Z,01JZ1GDS8S3987ZJDH5TG3X9SJ,2025-06-30T22:50:25.317785571Z
01JZ17NP0DRWK8RN0X08KVJ2CX,01JZ170DPRHYGRH6M74WMGZ8J5,2025-06-30T20:15:20.078002134Z,01JZ170DRRRWN613C5WJQ8B5Q6,2025-06-30T20:15:20.078002134Z,01JZ17D5ERR5YZYXD6Y3AFJ1M0,2025-06-30T20:15:20.078002134Z,01JZ17G525MGXJWBMSF6HV25RV,2025-06-30T20:15:20.078002134Z,01JZ17G53ZM6CEB81ZA344VWG3,2025-06-30T20:15:20.078002134Z
01JZ17SRDBQ1S2SG4KQ2CF3TW6,01JZ170DPRHYGRH6M74WMGZ8J5,2025-06-30T20:17:33.611526703Z,01JZ170DSBT7R80F1BC6BFNZAP,2025-06-30T20:17:33.611526703Z,01JZ17E2HGHQEBNZ4BGFQ4PF6N,2025-06-30T20:17:33.611526703Z,01JZ17JC34NY9C5XTJE3ETGWA3,2025-06-30T20:17:33.611526703Z,01JZ17JC505AWX6P95A9R01TAZ,2025-06-30T20:17:33.611526703Z
01JZ17TCN260HY26EK6G8XQR96,01JZ170DPRHYGRH6M74WMGZ8J5,2025-06-30T20:17:54.338317361Z,01JZ170DSBT7R80F1BC6BFNZAP,2025-06-30T20:17:54.338317361Z,01JZ17A0VX21AM44XR65ZCDBQZ,2025-06-30T20:17:54.338317361Z,01JZ17JC2ZXBJJNHC0TSAETRRS,2025-06-30T20:17:54.338317361Z,01JZ17JC6CD228EBJ95WFGACSC,2025-06-30T20:17:54.338317361Z
01JZ17WBDY2K768G20TT0X8ABD,01JZ170DPRHYGRH6M74WMGZ8J5,2025-06-30T20:18:58.623000533Z,01JZ170DSMJZPS89ZBMFZ7ATK7,2025-06-30T20:18:58.623000533Z,01JZ17K3Y03J2B5JTWV2Q8DEEQ,2025-06-30T20:18:58.623000533Z,01JZ17MYEAFDF08CXGPM4NR36C,2025-06-30T20:18:58.623000533Z,01JZ17MYNNVK575B13ZB16FHVE,2025-06-30T20:18:58.623000533Z
01JZ17X6F9CZ0JA2AR8WS9C1BN,01JZ170DPRHYGRH6M74WMGZ8J5,2025-06-30T20:19:26.313940547Z,01JZ170DS0283SZNEN95XAWWS4,2025-06-30T20:19:26.313940547Z,01JZ17BCV91FG1WVF832RTXB76,2025-06-30T20:19:26.313940547Z,01JZ17NT7EMFQXG1J8BV4ZA47S,2025-06-30T20:19:26.313940547Z,01JZ17NTAT5PYSK8MFEYTY9GVR,2025-06-30T20:19:26.313940547Z
01JZ18ZGWYMP46JAPNZ8AVCA8S,01JZ18G4TN4FH7205KTQTFE7PM,2025-06-30T20:38:11.102090921Z,01JZ18G4ZPD0G0WRB3ZSNJ4KSW,2025-06-30T20:38:11.102090921Z,01JZ18HWWK8B66EBMNQPXM1R3H,2025-06-30T20:38:11.102090921Z,01JZ18QMEETMY6YTPVQZEX7GRT,2025-06-30T20:38:11.102090921Z,01JZ18QMTQWP8XJEYM3C9FN5NN,2025-06-30T20:38:11.102090921Z
01JZ1BY4V5YBZTXYHW22MW5N0Y,01JZ1B1VZ9TM9N3252XVVAH9DZ,2025-06-30T21:29:51.71787049Z,01JZ1B1W4RP0VXDDKCJTNKM3AX,2025-06-30T21:29:51.71787049Z,01JZ1B4QMHRDEJR6YWEDX6CP6V,2025-06-30T21:29:51.71787049Z,01JZ1BNYAYY2K6CJZRYSXBEGH5,2025-06-30T21:29:51.71787049Z,01JZ1BNYWC468MPKMH5JETRX7A,2025-06-30T21:29:51.71787049Z
01JZ17Q6P5JJA1DHFA7S0W59XZ,01JZ170DPRHYGRH6M74WMGZ8J5,2025-06-30T20:16:09.925196169Z,01JZ170DSWJ6311N72HPSQWG9K,2025-06-30T20:16:09.925196169Z,01JZ17D915S4GRY1FXGXK8RTTY,2025-06-30T20:16:09.925196169Z,01JZ17KG534VMGAN6DZ77QN8H5,2025-06-30T20:16:09.925196169Z,01JZ17KG7QBR7SW7H41DV67CFK,2025-06-30T20:16:09.925196169Z
01JZ17T776ZMZB47SHSK7NY4MF,01JZ170DPRHYGRH6M74WMGZ8J5,2025-06-30T20:17:48.775034728Z,01JZ170DRQN15452AYS561M232,2025-06-30T20:17:48.775034728Z,01JZ1772PK70ARCRD25BW9JS91,2025-06-30T20:17:48.775034728Z,01JZ17RBCT038Y8QAFS6F67QDM,2025-06-30T20:17:48.775034728Z,01JZ17RBG2FZTBKAYMWRB4MVTN,2025-06-30T20:17:48.775034728Z
01JZ199T42SNM2BMVPGBZGG9XY,01JZ18R9CHSHJ2BAJZ4M4PAW2X,2025-06-30T20:43:48.226718833Z,01JZ18RA3DBE17YR6D8FEXRWFY,2025-06-30T20:43:48.226718833Z,01JZ18YGCJT7GPM1GCH83ZG2E6,2025-06-30T20:43:48.226718833Z,01JZ197VZQZ3W28DZHMN5K9CXH,2025-06-30T20:43:48.226718833Z,01JZ197W62RB76WMZVC1RSER6R,2025-06-30T20:43:48.226718833Z
01JZ1ESYRKCA4J173M9JBEERT1,01JZ1E916HBESJXS5SJ82BFZ21,2025-06-30T22:20:00.147139155Z,01JZ1E926BWK6TV1HDSC3ZQW4Y,2025-06-30T22:20:00.147139155Z,01JZ1EB9A62JTZM8674AWVY211,2025-06-30T22:20:00.147139155Z,01JZ1EST6TCKJRV3R3VP3ARDV3,2025-06-30T22:20:00.147139155Z,01JZ1ESTFB7QXDFMMGC7FAYA4M,2025-06-30T22:20:00.147139155Z
01JZ1FCHJXF4JZPP8PWWEN5N1M,01JZ1E916HBESJXS5SJ82BFZ21,2025-06-30T22:30:09.245748897Z,01JZ1E91SWVSXS6FK33QCMH9SP,2025-06-30T22:30:09.245748897Z,01JZ1EXKHZBZ5ENGWCGS2V70RX,2025-06-30T22:30:09.245748897Z,01JZ1F45MGBYSVGGAVDK1YM8N9,2025-06-30T22:30:09.245748897Z,01JZ1F469QFY3FCJ31VXA9NY8W,2025-06-30T22:30:09.245748897Z
01JZ1H2GPXWFY323TTJF6669N2,01JZ1G29Q82GQAKEXSK2E7NK3R,2025-06-30T22:59:37.821825962Z,01JZ1G2AATTMJJ07WA2JZ9MF1K,2025-06-30T22:59:37.821825962Z,01JZ1GP55F36DXJQDEYTGWZ556,2025-06-30T22:59:37.821825962Z,01JZ1GWNC8K4Z8FGCARK2K5BBW,2025-06-30T22:59:37.821825962Z,01JZ1GWPA49CANG15VW5T9CHFB,2025-06-30T22:59:37.821825962Z
01JZ17R59QNC7QT54YFCB8ABTJ,01JZ170DPRHYGRH6M74WMGZ8J5,2025-06-30T20:16:41.271288498Z,01JZ170DS434CCJM920K0JDY80,2025-06-30T20:16:41.271288498Z,01JZ17BZXCKBRDGQ6529TYVNY6,2025-06-30T20:16:41.271288498Z,01JZ17MESGQH4PGAZ2NQBVJJAG,2025-06-30T20:16:41.271288498Z,01JZ17MEVAAJKTKTYGK396SZTP,2025-06-30T20:16:41.271288498Z
01JZ17S2CJW1RHB8XZ3RGCTCHF,01JZ170DPRHYGRH6M74WMGZ8J5,2025-06-30T20:17:11.058502567Z,01JZ170DRXVGFVP20P8DK3M491,2025-06-30T20:17:11.058502567Z,01JZ17B3EJNXDWZGY3QVC1296A,2025-06-30T20:17:11.058502567Z,01JZ17H2JWJMBDAZPE9P38DECW,2025-06-30T20:17:11.058502567Z,01JZ17H2NKW7C4QCAZA2CAXE8H,2025-06-30T20:17:11.058502567Z
01JZ1BKGGJRVB305B4GFMTMSTD,01JZ1B1VZ9TM9N3252XVVAH9DZ,2025-06-30T21:24:03.218562483Z,01JZ1B1W5AJ9N87HJBZ99HRQPJ,2025-06-30T21:24:03.218562483Z,01JZ1B5GACPFWN4R0XMT462FAM,2025-06-30T21:24:03.218562483Z,01JZ1BB7GR2K5BKJQ5STFB90RK,2025-06-30T21:24:03.218562483Z,01JZ1BB8103684J2JGNREVE01E,2025-06-30T21:24:03.218562483Z
01JZ1BXT3KYT3CT7RF3D57WTY7,01JZ1B1VZ9TM9N3252XVVAH9DZ,2025-06-30T21:29:40.723128084Z,01JZ1B1W4RP0VXDDKCJTNKM3AX,2025-06-30T21:29:40.723128084Z,01JZ1BH96VSCAX0MRZ5GVT0SBR,2025-06-30T21:29:40.723128084Z,01JZ1BNY9GCVDPARZTZ60Y7363,2025-06-30T21:29:40.723128084Z,01JZ1BNYS4AH4S6DP8CSD8F0JW,2025-06-30T21:29:40.723128084Z
01JZ17NP1YPS9M5ZSJ7ASJX8F4,01JZ170DPRHYGRH6M74WMGZ8J5,2025-06-30T20:15:20.126074006Z,01JZ170DRRRWN613C5WJQ8B5Q6,2025-06-30T20:15:20.126074006Z,01JZ176AGFMX3JE5XFYY83S9AY,2025-06-30T20:15:20.126074006Z,01JZ17G525MGXJWBMSF6HV25RV,2025-06-30T20:15:20.126074006Z,01JZ17G53ZM6CEB81ZA344VWG3,2025-06-30T20:15:20.126074006Z
01JZ18XN6N2BVR0FHEFERSZB1M,01JZ18G4TN4FH7205KTQTFE7PM,2025-06-30T20:37:09.973525823Z,01JZ18G4XDWA3A08Y0HZ5HSAAF,2025-06-30T20:37:09.973525823Z,01JZ18JRC4BH8D9FBM20ZHDN29,2025-06-30T20:37:09.973525823Z,01JZ18R0Z5Z926ZA90YM7MYTK3,2025-06-30T20:37:09.973525823Z,01JZ18R140T00CBTTJPQH6HWCY,2025-06-30T20:37:09.973525823Z
01JZ194FK0ZVFPFZFP49HWF720,01JZ18QHX9XGN83K6T42FK97D5,2025-06-30T20:40:53.600552811Z,01JZ18QHZ9KPT0XZ66BZ9ZB89K,2025-06-30T20:40:53.600552811Z,01JZ18VC89HN16T8VX0M60S31S,2025-06-30T20:40:53.600552811Z,01JZ190NH1278RPC2MCD2QJWTN,2025-06-30T20:40:53.600552811Z,01JZ190NQ8NZTC3E9W7WFVN8T1,2025-06-30T20:40:53.600552811Z
01JZ19AGVZ2DN2GHMA71E3F3B6,01JZ18R9CHSHJ2BAJZ4M4PAW2X,2025-06-30T20:44:11.519726404Z,01JZ18RA48YSHMY5EWBJ9E61V2,2025-06-30T20:44:11.519726404Z,01JZ192103EKKYM21MP70AEJNN,2025-06-30T20:44:11.519726404Z,01JZ192CNEKC6N4P48X5TV6GWX,2025-06-30T20:44:11.519726404Z,01JZ192DB6F8DWW9Y9QY8S42BP,2025-06-30T20:44:11.519726404Z
01JZ1F1RAR98YV7MR86X7ZEKMD,01JZ1E916HBESJXS5SJ82BFZ21,2025-06-30T22:24:15.704475665Z,01JZ1E926BWK6TV1HDSC3ZQW4Y,2025-06-30T22:24:15.704475665Z,01JZ1EQKR69J0BQM6378QJ8X8Y,2025-06-30T22:24:15.704475665Z,01JZ1EST9KR55851P7X2GXT01Q,2025-06-30T22:24:15.704475665Z,01JZ1ESTVASPP16CF2P3C553VA,2025-06-30T22:24:15.704475665Z
01JZ1F0TQ8XRKS0P677X9EV0XM,01JZ1E916HBESJXS5SJ82BFZ21,2025-06-30T22:23:45.384724159Z,01JZ1E91HHYKGR583PHV4V6JXR,2025-06-30T22:23:45.384724159Z,01JZ1EK77BRBNM03T0A9A1Z152,2025-06-30T22:23:45.384724159Z,01JZ1ERVDG8HDQTKMM7P0ZWCMB,2025-06-30T22:23:45.384724159Z,01JZ1ERVV3P3ZZ41FMC0J0J3Z5,2025-06-30T22:23:45.384724159Z
01JZ17J0H171V3220M6XWHS6SS,01JZ170DPRHYGRH6M74WMGZ8J5,2025-06-30T20:13:19.777135047Z,01JZ170DRRRWN613C5WJQ8B5Q6,2025-06-30T20:13:19.777135047Z,01JZ178SZSEG7MZD5W906ME19S,2025-06-30T20:13:19.777135047Z,01JZ17G525MGXJWBMSF6HV25RV,2025-06-30T20:13:19.777135047Z,01JZ17G53WVHW3K4ZXG0XD5F11,2025-06-30T20:13:19.777135047Z
01JZ18ZM0M5XZ3E2N7C2BFCRZ6,01JZ18G4TN4FH7205KTQTFE7PM,2025-06-30T20:38:14.292531693Z,01JZ18G4YTQTSXFW2X0Y80VGVG,2025-06-30T20:38:14.292531693Z,01JZ18KWMFEA26MWC1Z40F2JWN,2025-06-30T20:38:14.292531693Z,01JZ18QCJV80NZ6CWN841W78CA,2025-06-30T20:38:14.292531693Z,01JZ18QCTC2XN58WT3REP763GK,2025-06-30T20:38:14.292531693Z
01JZ1AGBCP52VGC2GAHTYE7GXE,01JZ19VEXCKVX740B60X4W6PQN,2025-06-30T21:04:51.094552541Z,01JZ19VF9WCS5BMDRCPXZK6ZBF,2025-06-30T21:04:51.094552541Z,01JZ19Y3KYVSPMBWF3EF2S04D7,2025-06-30T21:04:51.094552541Z,01JZ1A8RSRN8NWX633AN587X7F,2025-06-30T21:04:51.094552541Z,01JZ1A8S0SHPAZZMW9MCZGGN41,2025-06-30T21:04:51.094552541Z
01JZ1C81SR9H8JFSG8M5TYMKD3,01JZ1BX7WQMA45G0E33EEHJ3V9,2025-06-30T21:35:16.28052081Z,01JZ1BX81RJBYPGNM468STZ9YH,2025-06-30T21:35:16.28052081Z,01JZ1C7E8DJFPWRMGRQW39DWYT,2025-06-30T21:35:16.28052081Z,01JZ1C7YGHR2442RHDR5SXSPGQ,2025-06-30T21:35:16.28052081Z,01JZ1C7YQ47NP6YN09SKXT4TXG,2025-06-30T21:35:16.28052081Z
01JZ1CEDWK23RTP34NRSV47HKQ,01JZ1BX7WQMA45G0E33EEHJ3V9,2025-06-30T21:38:45.267361849Z,01JZ1BX82RNFGPPA94NES9507T,2025-06-30T21:38:45.267361849Z,01JZ1C98HS2FRFHZKQAPAW4FY4,2025-06-30T21:38:45.267361849Z,01JZ1CAKRPM2RTKQN4NF25GQNV,2025-06-30T21:38:45.267361849Z,01JZ1CAM20HXM58VJYENW0FR0W,2025-06-30T21:38:45.267361849Z
01JZ1CJEN4W56BF744GBYS8ZY7,01JZ1BX7WQMA45G0E33EEHJ3V9,2025-06-30T21:40:57.124592931Z,01JZ1BX82RNFGPPA94NES9507T,2025-06-30T21:40:57.124592931Z,01JZ1C8ESVRXKY79BT9BNGMME4,2025-06-30T21:40:57.124592931Z,01JZ1CAKWP0H743BZGYZ5DSNCH,2025-06-30T21:40:57.124592931Z,01JZ1CAM7NBY8R54WZ82APPBNR,2025-06-30T21:40:57.124592931Z
01JZ1DJHGQA2H08TPBTH3TP8H8,01JZ1D0RX94M7HHBAJDNGV8QRS,2025-06-30T21:58:28.631336253Z,01JZ1D0S3N2D9DCG3EHS8AP4R1,2025-06-30T21:58:28.631336253Z,01JZ1DEB7GHZ5ZQY0VZXEDKFR1,2025-06-30T21:58:28.631336253Z,01JZ1DJBC9HNDPFTVHPRJH9HNY,2025-06-30T21:58:28.631336253Z,01JZ1DJBMS2VR0TYP78NWK9H4R,2025-06-30T21:58:28.631336253Z
01JZ1F6957M2S0NHJ12PSFX286,01JZ1E916HBESJXS5SJ82BFZ21,2025-06-30T22:26:44.007855075Z,01JZ1E91SWVSXS6FK33QCMH9SP,2025-06-30T22:26:44.007855075Z,01JZ1EJSF3D74SJNMB9KEWHKK2,2025-06-30T22:26:44.007855075Z,01JZ1F45E1EEK0EVP02WHSXZM6,2025-06-30T22:26:44.007855075Z,01JZ1F45VZVDT9061EX8ANHAEF,2025-06-30T22:26:44.007855075Z
01JZ1F8BB2QWEAME03PP3G2DEC,01JZ1E916HBESJXS5SJ82BFZ21,2025-06-30T22:27:51.778341574Z,01JZ1E91Q18GQE49C0XSDVMF75,2025-06-30T22:27:51.778341574Z,01JZ1EVFEHVN1QQPSCMZ2EZ73P,2025-06-30T22:27:51.778341574Z,01JZ1F2JC80W096GAN654HJE4R,2025-06-30T22:27:51.778341574Z,01JZ1F2JQP07XS8JHS4AZFC7M8,2025-06-30T22:27:51.778341574Z
01JZ17M3HZ5C2WTQ3RX32SA36D,01JZ170DPRHYGRH6M74WMGZ8J5,2025-06-30T20:14:28.415190388Z,01JZ170DSTXK5Z1DV671606E6A,2025-06-30T20:14:28.415190388Z,01JZ17CV56KYXDEZD0V6G3R2C0,2025-06-30T20:14:28.415190388Z,01JZ17J85FH6ZCHDJEZZH3F672,2025-06-30T20:14:28.415190388Z,01JZ17J86TXJX9E283DBPBWRXS,2025-06-30T20:14:28.415190388Z
01JZ18WG6TJNZGC0DKZKJWT1QW,01JZ18G4TN4FH7205KTQTFE7PM,2025-06-30T20:36:32.090531798Z,01JZ18G4WPK6V9JKZAVKNYS3NB,2025-06-30T20:36:32.090531798Z,01JZ18K4JZ90XMGGNXMJGKEJ5P,2025-06-30T20:36:32.090531798Z,01JZ18RRB5PTFQB2DKPHTKH4V3,2025-06-30T20:36:32.090531798Z,01JZ18RRF3R9MRCS1M5AG3XEMM,2025-06-30T20:36:32.090531798Z
01JZ1BXF856FM46CP3HGWRGYC5,01JZ1B1VZ9TM9N3252XVVAH9DZ,2025-06-30T21:29:29.605624846Z,01JZ1B1W4RP0VXDDKCJTNKM3AX,2025-06-30T21:29:29.605624846Z,01JZ1B4QMHRDEJR6YWEDX6CP6V,2025-06-30T21:29:29.605624846Z,01JZ1BNYAAW7XNTC5PXF53BARA,2025-06-30T21:29:29.605624846Z,01JZ1BNYP3JXAKJ010P72BJYG8,2025-06-30T21:29:29.605624846Z
01JZ1F0P8ETFXQ4VPJ2T5TJ6F4,01JZ1E916HBESJXS5SJ82BFZ21,2025-06-30T22:23:40.814777507Z,01JZ1E91MDHZVF6NVBEDDVGZWT,2025-06-30T22:23:40.814777507Z,01JZ1EARG6K6VN1DMMBQHNE2WC,2025-06-30T22:23:40.814777507Z,01JZ1EWVQ3C0P2AKJ3GFKFG7H9,2025-06-30T22:23:40.814777507Z,01JZ1EWVX630PNM3ZB0XP4GMWN,2025-06-30T22:23:40.814777507Z
01JZ1F1VRQX6MM8CRQBKQ93ZKF,01JZ1E916HBESJXS5SJ82BFZ21,2025-06-30T22:24:19.223883833Z,01JZ1E91WFH0SPDF0PZ6G1349X,2025-06-30T22:24:19.223883833Z,01JZ1EBNRXWXP0H461Z4YMKNYP,2025-06-30T22:24:19.223883833Z,01JZ1EY0RN0AQVXD4S7119EDC2,2025-06-30T22:24:19.223883833Z,01JZ1EY1BXYPYZXD1GT651SNBA,2025-06-30T22:24:19.223883833Z
01JZ1GNNQDHTJT69K8GSAGTZ35,01JZ1G29Q82GQAKEXSK2E7NK3R,2025-06-30T22:52:36.973192145Z,01JZ1G2A3Q53QEYHDQX68WVVKH,2025-06-30T22:52:36.973192145Z,01JZ1G3T5HF7S211AZP2YJBSVP,2025-06-30T22:52:36.973192145Z,01JZ1GE1B7S3CJGC5P0WWB4XPP,2025-06-30T22:52:36.973192145Z,01JZ1GE215NBDPNFKAXYEVTZ1V,2025-06-30T22:52:36.973192145Z
01JZ1AJJY2WYBFJ1VKKE8RPQKS,01JZ19VEXCKVX740B60X4W6PQN,2025-06-30T21:06:04.354968162Z,01JZ19VF81DTYMGWYB0TAJKDWY,2025-06-30T21:06:04.354968162Z,01JZ1A30PSDQTAMK68V3KKNNKC,2025-06-30T21:06:04.354968162Z,01JZ1AABP7JRKCT0WVXFR6GX4V,2025-06-30T21:06:04.354968162Z,01JZ1AACFZW6WKT3QJPWF71GCR,2025-06-30T21:06:04.354968162Z
01JZ1CA3J07A11QMVM7K50P38D,01JZ1BX7WQMA45G0E33EEHJ3V9,2025-06-30T21:36:23.616931937Z,01JZ1BX80QRTKGB6MH6HMRDXS1,2025-06-30T21:36:23.616931937Z,01JZ1BYVYWJTY34XWWWGSZYC2W,2025-06-30T21:36:23.616931937Z,01JZ1C68WHJ3JXAR0SNG92WD7N,2025-06-30T21:36:23.616931937Z,01JZ1C69HKZA5VWHYB1YZN501S,2025-06-30T21:36:23.616931937Z
01JZ1F1VSRQ5EHPTBSANQV3BKF,01JZ1E916HBESJXS5SJ82BFZ21,2025-06-30T22:24:19.256890267Z,01JZ1E91WFH0SPDF0PZ6G1349X,2025-06-30T22:24:19.256890267Z,01JZ1EAPTEQ3YCZAND0ZRHWRT7,2025-06-30T22:24:19.256890267Z,01JZ1EY0RN0AQVXD4S7119EDC2,2025-06-30T22:24:19.256890267Z,01JZ1EY1BXYPYZXD1GT651SNBA,2025-06-30T22:24:19.256890267Z
01JZ17NSMMKK2TM9ZPJ5DVKHJM,01JZ170DPRHYGRH6M74WMGZ8J5,2025-06-30T20:15:23.7969501Z,01JZ170DSXXMDA003X79NFA4N0,2025-06-30T20:15:23.7969501Z,01JZ17A9YQ3219RYQEV7GA1K4B,2025-06-30T20:15:23.7969501Z,01JZ17NRRNJAESN764PNSNC899,2025-06-30T20:15:23.7969501Z,01JZ17NRSX9Y03TPQ0Y539E3J5,2025-06-30T20:15:23.7969501Z
01JZ17S8Q80643YQ2MDFVETJ3D,01JZ170DPRHYGRH6M74WMGZ8J5,2025-06-30T20:17:17.544899425Z,01JZ170DS434CCJM920VN081CV,2025-06-30T20:17:17.544899425Z,01JZ17A78DPNXD645MNCYQ5HYS,2025-06-30T20:17:17.544899425Z,01JZ17HX1BGQ137FDPYSARB5NT,2025-06-30T20:17:17.544899425Z,01JZ17HX2WGK4SH5ACH7AKGKY9,2025-06-30T20:17:17.544899425Z
01JZ18SVEN9DWCA0ADV07VTYH0,01JZ18G4TN4FH7205KTQTFE7PM,2025-06-30T20:35:05.301088709Z,01JZ18G4YK3PSP6R2PNWBA4P8S,2025-06-30T20:35:05.301088709Z,01JZ18K6XVG6N44078RFW6M633,2025-06-30T20:35:05.301088709Z,01JZ18QWBAHK4T4H0VEYDTYNA4,2025-06-30T20:35:05.301088709Z,01JZ18QWEKTT51B5RARFJ2E1HQ,2025-06-30T20:35:05.301088709Z
01JZ1900MG4SZCWFNWAJ3Q20C3,01JZ18G4TN4FH7205KTQTFE7PM,2025-06-30T20:38:27.21638887Z,01JZ18G50G0GKPPCFSW2N0ZNW1,2025-06-30T20:38:27.21638887Z,01JZ18HKRFWCKWBRRSM9AC3SW4,2025-06-30T20:38:27.21638887Z,01JZ18RHGXJHBRSARA96JJK9J9,2025-06-30T20:38:27.21638887Z,01JZ18RHNXCBMWVWD9NGWXVR9R,2025-06-30T20:38:27.21638887Z
01JZ1AMQHXH2N72YHTE5PQE17N,01JZ19VEXCKVX740B60X4W6PQN,2025-06-30T21:07:14.621303162Z,01JZ19VF6XEW5FG377QGXCTRD1,2025-06-30T21:07:14.621303162Z,01JZ1A81RPET9TAZBW4YBB121E,2025-06-30T21:07:14.621303162Z,01JZ1ACG610M6TRWXFFV3KK332,2025-06-30T21:07:14.621303162Z,01JZ1ACGMGSPT8R0W07V8V1PZM,2025-06-30T21:07:14.621303162Z
01JZ17RZ4M6692D4ZPP37VQBCZ,01JZ170DPRHYGRH6M74WMGZ8J5,2025-06-30T20:17:07.732242088Z,01JZ170DS32PJY8CQRMADJXFRG,2025-06-30T20:17:07.732242088Z,01JZ1788J67VDXAH0W6F8T66AB,2025-06-30T20:17:07.732242088Z,01JZ17HJY1YPM205KVGKCXFQS3,2025-06-30T20:17:07.732242088Z,01JZ17HK1CA56HZ85HYCEFTDYK,2025-06-30T20:17:07.732242088Z
01JZ1ESYTA03X1K8MWTE8Q5F3M,01JZ1E916HBESJXS5SJ82BFZ21,2025-06-30T22:20:00.202871636Z,01JZ1E926BWK6TV1HDSC3ZQW4Y,2025-06-30T22:20:00.202871636Z,01JZ1EARCRST2HDXDY98Q0AYJ8,2025-06-30T22:20:00.202871636Z,01JZ1EST6TCKJRV3R3VP3ARDV3,2025-06-30T22:20:00.202871636Z,01JZ1ESTFB7QXDFMMGC7FAYA4M,2025-06-30T22:20:00.202871636Z
01JZ17QB47K25VEWE8179SDGKF,01JZ170DPRHYGRH6M74WMGZ8J5,2025-06-30T20:16:14.471749413Z,01JZ170DS5DJKXJ3Z7YVJKJJXK,2025-06-30T20:16:14.471749413Z,01JZ178QXEVM580BRMFA0XSN9D,2025-06-30T20:16:14.471749413Z,01JZ17QA5Z590RP2SNRWWJMCH6,2025-06-30T20:16:14.471749413Z,01JZ17QA6QWZKNN6HVFANQHGPR,2025-06-30T20:16:14.471749413Z
01JZ17QDVBP74T4S80BMKM1E28,01JZ170DPRHYGRH6M74WMGZ8J5,2025-06-30T20:16:17.259086065Z,01JZ170DS434CCJM920VN081CV,2025-06-30T20:16:17.259086065Z,01JZ17AXNB63XKGBKW724P24XM,2025-06-30T20:16:17.259086065Z,01JZ17HX0ZXKJ4A0TXNHXA38XE,2025-06-30T20:16:17.259086065Z,01JZ17HX2AP1VXP646YMEXT1TD,2025-06-30T20:16:17.259086065Z
01JZ17WGEJJMTY5Z30VPHCQ8QQ,01JZ170DPRHYGRH6M74WMGZ8J5,2025-06-30T20:19:03.762218677Z,01JZ170DSP5HFMBRZWFQV8RFVC,2025-06-30T20:19:03.762218677Z,01JZ17GRXVCB86SQX36KBD73NW,2025-06-30T20:19:03.762218677Z,01JZ17RSKP4T7TM013SKSDCBN6,2025-06-30T20:19:03.762218677Z,01JZ17RSP6EC94WCD300W6M3AA,2025-06-30T20:19:03.762218677Z
01JZ18XHFM0C5K8HP251XQ0EBX,01JZ18G4TN4FH7205KTQTFE7PM,2025-06-30T20:37:06.164834233Z,01JZ18G4YK3PSP6R2PNWBA4P8S,2025-06-30T20:37:06.164834233Z,01JZ18J1HPCJW9NZWB0AN2GDSE,2025-06-30T20:37:06.164834233Z,01JZ18QWBAHK4T4H0VEYDTYNA4,2025-06-30T20:37:06.164834233Z,01JZ18QWFE3AE6XH6C0K25VMH0,2025-06-30T20:37:06.164834233Z
01JZ1DG4E8PQ04P8HYS7JVY7JC,01JZ1D0RX94M7HHBAJDNGV8QRS,2025-06-30T21:57:09.704331992Z,01JZ1D0S064NT759Q480WCA8PK,2025-06-30T21:57:09.704331992Z,01JZ1DEJMJQ3008TVKPGG206S9,2025-06-30T21:57:09.704331992Z,01JZ1DFXC24EESH7ZRD8X7590G,2025-06-30T21:57:09.704331992Z,01JZ1DFY7EKQY65Z41983SMPYY,2025-06-30T21:57:09.704331992Z
01JZ17KX7X76P3E1Z716BQRWHF,01JZ170DPRHYGRH6M74WMGZ8J5,2025-06-30T20:14:21.949331082Z,01JZ170DRSFZ9Y16965WN1Z2F9,2025-06-30T20:14:21.949331082Z,01JZ17AQQS59T0RTXR5VNB3ZRC,2025-06-30T20:14:21.949331082Z,01JZ17G70WMTCCVM6PEEY7RHRW,2025-06-30T20:14:21.949331082Z,01JZ17G727VG4YHCJPC4W5XXSC,2025-06-30T20:14:21.949331082Z
01JZ17M81SXFQJ53ZHWNG9DM11,01JZ170DPRHYGRH6M74WMGZ8J5,2025-06-30T20:14:33.018028685Z,01JZ170DSBT7R80F1BC6BFNZAP,2025-06-30T20:14:33.018028685Z,01JZ17898TMETDM923KMFF15WB,2025-06-30T20:14:33.018028685Z,01JZ17JC3646JKWR0PPXMYYSSE,2025-06-30T20:14:33.018028685Z,01JZ17JC4BH6DXFB1MF05VR7P5,2025-06-30T20:14:33.018028685Z
01JZ17S2C400GPC6VCRM81Z31K,01JZ170DPRHYGRH6M74WMGZ8J5,2025-06-30T20:17:11.044452689Z,01JZ170DRXVGFVP20P8DK3M491,2025-06-30T20:17:11.044452689Z,01JZ17E3Q68P56EVHYKCV88P7R,2025-06-30T20:17:11.044452689Z,01JZ17H2JWJMBDAZPE9P38DECW,2025-06-30T20:17:11.044452689Z,01JZ17H2NKW7C4QCAZA2CAXE8H,2025-06-30T20:17:11.044452689Z
01JZ1AEH1XB3WGH1P43044MFBJ,01JZ19VEXCKVX740B60X4W6PQN,2025-06-30T21:03:51.3573107Z,01JZ19VF5YA4VZJRJDVJVY1XBY,2025-06-30T21:03:51.3573107Z,01JZ19Y068YTBSDNPDANA6K38M,2025-06-30T21:03:51.3573107Z,01JZ1AAR361JZ1CYXHJ50PJVG2,2025-06-30T21:03:51.3573107Z,01JZ1AAR73WCZ6THW90Z9KR5R5,2025-06-30T21:03:51.3573107Z
01JZ1CEFDM626MRMF5F1J4HYCV,01JZ1BX7WQMA45G0E33EEHJ3V9,2025-06-30T21:38:46.836547506Z,01JZ1BX80QRTKGB6MH6HMRDXS1,2025-06-30T21:38:46.836547506Z,01JZ1BY7ZYY1555G7VDKVM55K7,2025-06-30T21:38:46.836547506Z,01JZ1C6971JYEBAS1QKBJ0656S,2025-06-30T21:38:46.836547506Z,01JZ1C6A3QYKK593DF4D168KHN,2025-06-30T21:38:46.836547506Z
01JZ1CT101BJ4QEBRCMGATRA51,01JZ1C4XJFQQ45ZHGATAXVBX0J,2025-06-30T21:45:05.281815761Z,01JZ1C4XNE4VHGMR9JDZS6Y7F9,2025-06-30T21:45:05.281815761Z,01JZ1CHHENXRFPD7VNDFKQ5330,2025-06-30T21:45:05.281815761Z,01JZ1CM9MH9FR8B6ZK0QM2XBF8,2025-06-30T21:45:05.281815761Z,01JZ1CM9YYDD48AM5D9EXZ54SW,2025-06-30T21:45:05.281815761Z
01JZ1DD2SR19ETV8D5DS8FT1KK,01JZ1D0RX94M7HHBAJDNGV8QRS,2025-06-30T21:55:29.720864206Z,01JZ1D0S2S8SEBXETFQJSTGM5V,2025-06-30T21:55:29.720864206Z,01JZ1D4AYTG2DMXZZ36EVW3RQ2,2025-06-30T21:55:29.720864206Z,01JZ1D77TJ31JQY4W7YSZVV4R8,2025-06-30T21:55:29.720864206Z,01JZ1D78JZB1AME7TTABD6CEHT,2025-06-30T21:55:29.720864206Z
01JZ18VDQ3AZDSGXGBBGXFC9X0,01JZ18G4TN4FH7205KTQTFE7PM,2025-06-30T20:35:56.771488297Z,01JZ18G4ZPD0G0WRB3ZSNJ4KSW,2025-06-30T20:35:56.771488297Z,01JZ18HWWK8B66EBMNQPXM1R3H,2025-06-30T20:35:56.771488297Z,01JZ18QMDSQREXVSZ9J332HVG7,2025-06-30T20:35:56.771488297Z,01JZ18QMN8KXV42Y2BEFTEBTVN,2025-06-30T20:35:56.771488297Z
01JZ18XRCBCJ92DE1BBNKV45X3,01JZ18G4TN4FH7205KTQTFE7PM,2025-06-30T20:37:13.227695556Z,01JZ18G4X5EPR69QT64DVYQXFJ,2025-06-30T20:37:13.227695556Z,01JZ18HXXDMVGXCQ4P1CVWEG2V,2025-06-30T20:37:13.227695556Z,01JZ18PAPJXR5K55YMBBDH8RCF,2025-06-30T20:37:13.227695556Z,01JZ18PAWCKXR2FBWZFCKBYAH8,2025-06-30T20:37:13.227695556Z
01JZ190F7HXBJQM0BC7PJ9QHHN,01JZ18G4TN4FH7205KTQTFE7PM,2025-06-30T20:38:42.161528981Z,01JZ18G50G0GKPPCFSW2N0ZNW1,2025-06-30T20:38:42.161528981Z,01JZ18KW5P5RE2HRX78XRVTPME,2025-06-30T20:38:42.161528981Z,01JZ18RHGF07MFHCBEKPMJBAPY,2025-06-30T20:38:42.161528981Z,01JZ18RHQ5VDF7GRDXBJX4HH13,2025-06-30T20:38:42.161528981Z
01JZ1F68BCW03Y38YV3MGJG1P0,01JZ1E916HBESJXS5SJ82BFZ21,2025-06-30T22:26:43.180856755Z,01JZ1E91WFH0SPDF0PZ6G1349X,2025-06-30T22:26:43.180856755Z,01JZ1ENXKQ8QM070MZA5HYVVNG,2025-06-30T22:26:43.180856755Z,01JZ1EY0XJ2C8YVSWG7BRMYZAF,2025-06-30T22:26:43.180856755Z,01JZ1EY1RGNNASGX9RV4JJZE85,2025-06-30T22:26:43.180856755Z
01JZ1GR2D2QRQXQJ36KMPCZZF5,01JZ1G29Q82GQAKEXSK2E7NK3R,2025-06-30T22:53:55.490533853Z,01JZ1G2A24PAZYJHH2EQFGJG7N,2025-06-30T22:53:55.490533853Z,01JZ1GC4MM47P5V75X6NCDXBTN,2025-06-30T22:53:55.490533853Z,01JZ1GG47F5D37BWGM2YWNPGR3,2025-06-30T22:53:55.490533853Z,01JZ1GG4SBK5ZCAAK4TEE3N3YA,2025-06-30T22:53:55.490533853Z
01JZ1GYT8TT6KEHY62TZXCH914,01JZ1G29Q82GQAKEXSK2E7NK3R,2025-06-30T22:57:36.538844106Z,01JZ1G2AATTMJJ07WA2JZ9MF1K,2025-06-30T22:57:36.538844106Z,01JZ1G6XMV3T4ACX6H99BN9F1E,2025-06-30T22:57:36.538844106Z,01JZ1GWNC8K4Z8FGCARK2K5BBW,2025-06-30T22:57:36.538844106Z,01JZ1GWP1M7PATMYHCDB5M9RP7,2025-06-30T22:57:36.538844106Z
01JZ17NBVRX4FK8H20C0XEZ94S,01JZ170DPRHYGRH6M74WMGZ8J5,2025-06-30T20:15:09.688160409Z,01JZ170DSWJ6311N72HPSQWG9K,2025-06-30T20:15:09.688160409Z,01JZ178GZ31S8C5ECRC86PTTAS,2025-06-30T20:15:09.688160409Z,01JZ17KG534VMGAN6DZ77QN8H5,2025-06-30T20:15:09.688160409Z,01JZ17KG7HDSSYDXJ52NAG0WHG,2025-06-30T20:15:09.688160409Z
01JZ180H5NTWW365PD4BX297EF,01JZ170DPRHYGRH6M74WMGZ8J5,2025-06-30T20:21:15.573855399Z,01JZ170DSP5HFMBRZWFQV8RFVC,2025-06-30T20:21:15.573855399Z,01JZ17BG508D1SYGKCV9ECDV4F,2025-06-30T20:21:15.573855399Z,01JZ17RSJTNPRC3C8ZY6Y2ZSYJ,2025-06-30T20:21:15.573855399Z,01JZ17RSRNH5GJAAJYFVB387HP,2025-06-30T20:21:15.573855399Z
01JZ192MA5SY1M6W1WG9TM42JN,01JZ18QHX9XGN83K6T42FK97D5,2025-06-30T20:39:52.901732921Z,01JZ18QHZ9KPT0XZ66BZ9ZB89K,2025-06-30T20:39:52.901732921Z,01JZ18VHSP5WBV88CARNF83RF7,2025-06-30T20:39:52.901732921Z,01JZ190NH1278RPC2MCD2QJWTN,2025-06-30T20:39:52.901732921Z,01JZ190NPF4KCTVES8QQVQPPQ1,2025-06-30T20:39:52.901732921Z
01JZ1AJJWRBAFXEGDRHYMCP20H,01JZ19VEXCKVX740B60X4W6PQN,2025-06-30T21:06:04.312438333Z,01JZ19VF81DTYMGWYB0TAJKDWY,2025-06-30T21:06:04.312438333Z,01JZ19XTEVTQG67NAP9C737569,2025-06-30T21:06:04.312438333Z,01JZ1AABP7JRKCT0WVXFR6GX4V,2025-06-30T21:06:04.312438333Z,01JZ1AACFZW6WKT3QJPWF71GCR,2025-06-30T21:06:04.312438333Z
01JZ1CJ45Z7NM0Z9GZG4AG2THZ,01JZ1BX7WQMA45G0E33EEHJ3V9,2025-06-30T21:40:46.399599916Z,01JZ1BX82RNFGPPA94NES9507T,2025-06-30T21:40:46.399599916Z,01JZ1C98HS2FRFHZKQAPAW4FY4,2025-06-30T21:40:46.399599916Z,01JZ1CAKT98V8807YMXA32C8M0,2025-06-30T21:40:46.399599916Z,01JZ1CAM5C4XTMMSM5WR0A4FS6,2025-06-30T21:40:46.399599916Z
01JZ1AHW23F7V3FCZD4K3T16TJ,01JZ19VEXCKVX740B60X4W6PQN,2025-06-30T21:05:40.931655859Z,01JZ19VF81DTYMGWYB0TAJKDWY,2025-06-30T21:05:40.931655859Z,01JZ1A11QXMY0GZ8B5FCM3RTBW,2025-06-30T21:05:40.931655859Z,01JZ1AABQSYES8GH0EQS7AKYST,2025-06-30T21:05:40.931655859Z,01JZ1AAC5RRCPS56AP7RN6N1RK,2025-06-30T21:05:40.931655859Z
01JZ17SC09SPCYVP7MCTWK188C,01JZ170DPRHYGRH6M74WMGZ8J5,2025-06-30T20:17:20.905512482Z,01JZ170DS8YWG03GZVY59N3JD0,2025-06-30T20:17:20.905512482Z,01JZ17B25HMB9SR7CZAG7VDDNC,2025-06-30T20:17:20.905512482Z,01JZ17HNMFBJ73AV6PBJ6E0ZQ5,2025-06-30T20:17:20.905512482Z,01JZ17HNQKM5Q6V1MHWC4MZRD2,2025-06-30T20:17:20.905512482Z
01JZ17WFRDHTJNP89H7AMBE0X9,01JZ170DPRHYGRH6M74WMGZ8J5,2025-06-30T20:19:03.054194398Z,01JZ170DS434CCJM920K0JDY80,2025-06-30T20:19:03.054194398Z,01JZ17BXPZGQSXJ1A4PH60Q6WQ,2025-06-30T20:19:03.054194398Z,01JZ17MET0GT1VR1Z1AASBPY29,2025-06-30T20:19:03.054194398Z,01JZ17MEYG47H1NQGBEK0AW94R,2025-06-30T20:19:03.054194398Z
01JZ17XGTN57WN8G32TXTCWQEC,01JZ170DPRHYGRH6M74WMGZ8J5,2025-06-30T20:19:36.917794413Z,01JZ170DS0283SZNEN95XAWWS4,2025-06-30T20:19:36.917794413Z,01JZ17CS84WF94XY708FKX765Q,2025-06-30T20:19:36.917794413Z,01JZ17NT77HT8XSXBSDEYA5WV8,2025-06-30T20:19:36.917794413Z,01JZ17NTBG0C8JRJ0TBR7BNQJ9,2025-06-30T20:19:36.917794413Z
01JZ18VE2F7ATSTADCB5NR17VM,01JZ18G4TN4FH7205KTQTFE7PM,2025-06-30T20:35:57.13573073Z,01JZ18G4ZDA13FR053ZT1R1FPF,2025-06-30T20:35:57.13573073Z,01JZ18JPT9JN6KKGXMDR9K6K49,2025-06-30T20:35:57.13573073Z,01JZ18NR677M02YFM90F21XHAA,2025-06-30T20:35:57.13573073Z,01JZ18NR9YEB5WKYMRXDPEWXMJ,2025-06-30T20:35:57.13573073Z
01JZ18YW7X59Q77XT0WT0AHWN5,01JZ18G4TN4FH7205KTQTFE7PM,2025-06-30T20:37:49.949441627Z,01JZ18G4Z7SR18DC8PDBR22HS5,2025-06-30T20:37:49.949441627Z,01JZ18JCX14E3JYTT1AT1DNHJS,2025-06-30T20:37:49.949441627Z,01JZ18S8W382ZTX14ED28QZWFS,2025-06-30T20:37:49.949441627Z,01JZ18S91PKVD5S703E5P7J2GZ,2025-06-30T20:37:49.949441627Z
01JZ18YXC7S1ZYAPNFGBTJMCDC,01JZ18G4TN4FH7205KTQTFE7PM,2025-06-30T20:37:51.111463271Z,01JZ18G4YTQTSXFW2X0Y80VGVG,2025-06-30T20:37:51.111463271Z,01JZ18JQTYVQ19WTRN7KYJ00FT,2025-06-30T20:37:51.111463271Z,01JZ18QCJ5F2TDDGTM86PBKVEG,2025-06-30T20:37:51.111463271Z,01JZ18QCQGFPC5A6D9RYBZQX6F,2025-06-30T20:37:51.111463271Z
01JZ190W5R063XB2HXQVWWYNCF,01JZ18G4TN4FH7205KTQTFE7PM,2025-06-30T20:38:55.416149335Z,01JZ18G4XMK5QHE5YNTR43VZ9V,2025-06-30T20:38:55.416149335Z,01JZ18JXMPKC16YBJ9SWX6E74P,2025-06-30T20:38:55.416149335Z,01JZ18RP91GEW9EVAQBZZAHXYV,2025-06-30T20:38:55.416149335Z,01JZ18RPFWG4XEQZ470ZR69YVD,2025-06-30T20:38:55.416149335Z
01JZ1F0P7A8V7ERQ2RBAZPQ5FB,01JZ1E916HBESJXS5SJ82BFZ21,2025-06-30T22:23:40.778675775Z,01JZ1E91MDHZVF6NVBEDDVGZWT,2025-06-30T22:23:40.778675775Z,01JZ1EDVQZ0X09D6ACA1N9J2V2,2025-06-30T22:23:40.778675775Z,01JZ1EWVQ3C0P2AKJ3GFKFG7H9,2025-06-30T22:23:40.778675775Z,01JZ1EWVX630PNM3ZB0XP4GMWN,2025-06-30T22:23:40.778675775Z
01JZ1DB6BM8JE2RGEKBD5X5EYY,01JZ1D0RX94M7HHBAJDNGV8QRS,2025-06-30T21:54:27.828336015Z,01JZ1D0S58CJJ0G6BA8AW8ZVCS,2025-06-30T21:54:27.828336015Z,01JZ1D7DM0SC7JQGS6JG3ZYPAZ,2025-06-30T21:54:27.828336015Z,01JZ1D972VTRZHGE4AKVG9RETY,2025-06-30T21:54:27.828336015Z,01JZ1D97B1ZB6BYB709AQNDGG4,2025-06-30T21:54:27.828336015Z
01JZ17Q6NYSR6R9FRWN6KR8S58,01JZ170DPRHYGRH6M74WMGZ8J5,2025-06-30T20:16:09.918708627Z,01JZ170DSWJ6311N72HPSQWG9K,2025-06-30T20:16:09.918708627Z,01JZ17HR3SKAZC9R19A608NCQK,2025-06-30T20:16:09.918708627Z,01JZ17KG534VMGAN6DZ77QN8H5,2025-06-30T20:16:09.918708627Z,01JZ17KG7QBR7SW7H41DV67CFK,2025-06-30T20:16:09.918708627Z
01JZ17S1W7Q52Q52HNMD6AG301,01JZ170DPRHYGRH6M74WMGZ8J5,2025-06-30T20:17:10.53554166Z,01JZ170DS8YWG03GZVY59N3JD0,2025-06-30T20:17:10.53554166Z,01JZ17FA2MQ87XVRF9HC0R27GC,2025-06-30T20:17:10.53554166Z,01JZ17HNMJKGSE7QCGZDT7R79G,2025-06-30T20:17:10.53554166Z,01JZ17HNQ2QM92RRAQT66AF49H,2025-06-30T20:17:10.53554166Z
01JZ17YGT1JPEZXSPM4A8WC394,01JZ170DPRHYGRH6M74WMGZ8J5,2025-06-30T20:20:09.665534077Z,01JZ170DS9MMA8EZAVKYS5SMHX,2025-06-30T20:20:09.665534077Z,01JZ17CPP7Y270N83EX04850B6,2025-06-30T20:20:09.665534077Z,01JZ17TR7E1D7CES1YNCABFX51,2025-06-30T20:20:09.665534077Z,01JZ17TRBBRN18K8M8NDSQNJSF,2025-06-30T20:20:09.665534077Z
01JZ18YBX3PESFZYH4AJC09M6M,01JZ18G4TN4FH7205KTQTFE7PM,2025-06-30T20:37:33.219911432Z,01JZ18G50PJASP911XB82AW46K,2025-06-30T20:37:33.219911432Z,01JZ18M00QARBD4YKJZDM6JQBC,2025-06-30T20:37:33.219911432Z,01JZ18P6NXZT0V7P3PR4SE8Z8C,2025-06-30T20:37:33.219911432Z,01JZ18P75BTA8J8ZN86RAF6NTB,2025-06-30T20:37:33.219911432Z
01JZ19BMZRKQVX7A8YRR1NK2ST,01JZ18R9CHSHJ2BAJZ4M4PAW2X,2025-06-30T20:44:48.504534952Z,01JZ18RA3DBE17YR6D8FEXRWFY,2025-06-30T20:44:48.504534952Z,01JZ18V7AEVH5VMDMYVZ6HXGK5,2025-06-30T20:44:48.504534952Z,01JZ197VZQZ3W28DZHMN5K9CXH,2025-06-30T20:44:48.504534952Z,01JZ197W71AFJWYNBKVH5JY2M6,2025-06-30T20:44:48.504534952Z
01JZ1AJMMVMPEHTECZFGWX0GB1,01JZ19VEXCKVX740B60X4W6PQN,2025-06-30T21:06:06.107357217Z,01JZ19VF5YA4VZJRJDVJVY1XBY,2025-06-30T21:06:06.107357217Z,01JZ19XHW6DGGPDJ4763JBPGZ5,2025-06-30T21:06:06.107357217Z,01JZ1AAR25HY3X5YXR8EKP4ZNT,2025-06-30T21:06:06.107357217Z,01JZ1AARBJSP4Q4WRQR945GTZC,2025-06-30T21:06:06.107357217Z
01JZ1AMQH9Q24785PXT88M85C4,01JZ19VEXCKVX740B60X4W6PQN,2025-06-30T21:07:14.601806931Z,01JZ19VF6XEW5FG377QGXCTRD1,2025-06-30T21:07:14.601806931Z,01JZ1A8X5PJAXZBFXHM3C9X96V,2025-06-30T21:07:14.601806931Z,01JZ1ACG610M6TRWXFFV3KK332,2025-06-30T21:07:14.601806931Z,01JZ1ACGMGSPT8R0W07V8V1PZM,2025-06-30T21:07:14.601806931Z
01JZ1DKJXWM7CC3KQMXPKWYXSV,01JZ1D0RX94M7HHBAJDNGV8QRS,2025-06-30T21:59:02.844902026Z,01JZ1D0S61XK8FZCNQBM2ZAEE6,2025-06-30T21:59:02.844902026Z,01JZ1D497J6YYY65Y2Z1DW88ZY,2025-06-30T21:59:02.844902026Z,01JZ1DHG42SDRFG0AMYRAAVFFX,2025-06-30T21:59:02.844902026Z,01JZ1DHGRZHS3WZPMZ80SAV6MK,2025-06-30T21:59:02.844902026Z
01JZ1F4EQBM7BZKWAFSFYR0M9Z,01JZ1E916HBESJXS5SJ82BFZ21,2025-06-30T22:25:44.171960573Z,01JZ1E923XSJ5V9JGGJQR2CG7M,2025-06-30T22:25:44.171960573Z,01JZ1EMYVSBFSNMNYSTV9SNRK6,2025-06-30T22:25:44.171960573Z,01JZ1F28RAA806YV34ZE1BEZ0A,2025-06-30T22:25:44.171960573Z,01JZ1F2970DVBRZ5SCK0Z85AZW,2025-06-30T22:25:44.171960573Z
01JZ17ZBQNYYPBFY6351ET2Z0V,01JZ170DPRHYGRH6M74WMGZ8J5,2025-06-30T20:20:37.237917764Z,01JZ170DS5DJKXJ3Z7YVJKJJXK,2025-06-30T20:20:37.237917764Z,01JZ1763ZE1VD7FNYG3WZHGCWZ,2025-06-30T20:20:37.237917764Z,01JZ17QA5164E7ECZ7F8E2886X,2025-06-30T20:20:37.237917764Z,01JZ17QAAJ9B1W0VFAH61RSG1K,2025-06-30T20:20:37.237917764Z
01JZ18ZH0ZXRBYXXTTN7EE5V9A,01JZ18G4TN4FH7205KTQTFE7PM,2025-06-30T20:38:11.231808271Z,01JZ18G4ZPD0G0WRB3ZSNJ4KSW,2025-06-30T20:38:11.231808271Z,01JZ18JPR0CJ8HT66ZQ08VW9PH,2025-06-30T20:38:11.231808271Z,01JZ18QMEETMY6YTPVQZEX7GRT,2025-06-30T20:38:11.231808271Z,01JZ18QMTQWP8XJEYM3C9FN5NN,2025-06-30T20:38:11.231808271Z
01JZ190ZYP35VNKQPHHAXS2EZ9,01JZ18G4TN4FH7205KTQTFE7PM,2025-06-30T20:38:59.286159492Z,01JZ18G50G0GKPPCFSW2N0ZNW1,2025-06-30T20:38:59.286159492Z,01JZ18N84ND15PG04895JYQ6RT,2025-06-30T20:38:59.286159492Z,01JZ18RHFDZ694HBYDHJEKWZ3S,2025-06-30T20:38:59.286159492Z,01JZ18RHS18BVPD4W8KC64NJ5E,2025-06-30T20:38:59.286159492Z
01JZ196ANK65EN09W7ZV6T3Z9N,01JZ18QHX9XGN83K6T42FK97D5,2025-06-30T20:41:54.099782057Z,01JZ18QHZ9KPT0XZ66BZ9ZB89K,2025-06-30T20:41:54.099782057Z,01JZ18SXQ0AFP5SFG2600FW7ER,2025-06-30T20:41:54.099782057Z,01JZ190NH1278RPC2MCD2QJWTN,2025-06-30T20:41:54.099782057Z,01JZ190NQYWJEEY4JZ53S9SW9K,2025-06-30T20:41:54.099782057Z
01JZ180BP2RASB1A2PTF520SWY,01JZ170DPRHYGRH6M74WMGZ8J5,2025-06-30T20:21:09.954639755Z,01JZ170DS9MMA8EZAVKYS5SMHX,2025-06-30T20:21:09.954639755Z,01JZ17QM16148RHAHCPPZX620J,2025-06-30T20:21:09.954639755Z,01JZ17TR7E1D7CES1YNCABFX51,2025-06-30T20:21:09.954639755Z,01JZ17TRBYV81QV8YKGPDWM9RY,2025-06-30T20:21:09.954639755Z
01JZ18Z512P0JFBGZP2MS7YSX0,01JZ18G4TN4FH7205KTQTFE7PM,2025-06-30T20:37:58.946583211Z,01JZ18G4YA2XRQ9RK4RH5WQB1P,2025-06-30T20:37:58.946583211Z,01JZ18M8PYM3H87ZASWMAC2B64,2025-06-30T20:37:58.946583211Z,01JZ18Q1SHZX0HATET1MQN9ET3,2025-06-30T20:37:58.946583211Z,01JZ18Q21BG6KQSPN28TPPD913,2025-06-30T20:37:58.946583211Z
01JZ19DFXFW0JCWDM3TDGZMK6X,01JZ18R9CHSHJ2BAJZ4M4PAW2X,2025-06-30T20:45:48.847788811Z,01JZ18RA3DBE17YR6D8FEXRWFY,2025-06-30T20:45:48.847788811Z,01JZ18YGCJT7GPM1GCH83ZG2E6,2025-06-30T20:45:48.847788811Z,01JZ197VZQZ3W28DZHMN5K9CXH,2025-06-30T20:45:48.847788811Z,01JZ197W7SW6D8ZSPWAPA5KE61,2025-06-30T20:45:48.847788811Z
01JZ1AMZH63BCJQRM2PZYPGJ1F,01JZ19VEXCKVX740B60X4W6PQN,2025-06-30T21:07:22.790658917Z,01JZ19VF3FCDRKA7RA8CE3SQDH,2025-06-30T21:07:22.790658917Z,01JZ19ZRSF0H44Y7P62WF2M80H,2025-06-30T21:07:22.790658917Z,01JZ1AK0GTG09NRGMQGAZDENCH,2025-06-30T21:07:22.790658917Z,01JZ1AK0PK944AY7EGT6WNDPTW,2025-06-30T21:07:22.790658917Z
01JZ1CBR93YZ9FMBVFFPJHMQB1,01JZ1BX7WQMA45G0E33EEHJ3V9,2025-06-30T21:37:17.603581818Z,01JZ1BX81RJBYPGNM468STZ9YH,2025-06-30T21:37:17.603581818Z,01JZ1BZM7HWWQQ5DW0EFWDSAQF,2025-06-30T21:37:17.603581818Z,01JZ1C7YHP92FZYZDSW8SB4C2V,2025-06-30T21:37:17.603581818Z,01JZ1C7YV2W6K90NBQB1WQNYY6,2025-06-30T21:37:17.603581818Z
01JZ1GMGY6M0QR89W25PEF08W9,01JZ1G29Q82GQAKEXSK2E7NK3R,2025-06-30T22:51:59.30243187Z,01JZ1G2ACHC2PPHGNQVYG69GCY,2025-06-30T22:51:59.30243187Z,01JZ1G4D5N3JRDG8TQNFBZX41Z,2025-06-30T22:51:59.30243187Z,01JZ1GJG6VNG9PMWWVXAT59KAK,2025-06-30T22:51:59.30243187Z,01JZ1GJGN6RVH8BE86VVZ43HWT,2025-06-30T22:51:59.30243187Z
01JZ17P2ESJ161RJVVZ92QY8ZF,01JZ170DPRHYGRH6M74WMGZ8J5,2025-06-30T20:15:32.825420712Z,01JZ170DRWH3Q5VEKFYTCWXCB9,2025-06-30T20:15:32.825420712Z,01JZ17C9CHCZD4MC1P47MP5FMT,2025-06-30T20:15:32.825420712Z,01JZ17M6426GB2CWYTAT7MS6CN,2025-06-30T20:15:32.825420712Z,01JZ17M6658HF5QGMZR9WJW7KS,2025-06-30T20:15:32.825420712Z
01JZ18VS53HZBKDFFDH2AFAYHX,01JZ18G4TN4FH7205KTQTFE7PM,2025-06-30T20:36:08.483378945Z,01JZ18G508W9SSEDAT6B79GZND,2025-06-30T20:36:08.483378945Z,01JZ18JE7QR9RF8E7B9MDMMGE2,2025-06-30T20:36:08.483378945Z,01JZ18STHY2VTQFD4CXMK2KF14,2025-06-30T20:36:08.483378945Z,01JZ18STQXA2JNMJ0FZB73Y8AN,2025-06-30T20:36:08.483378945Z
01JZ1BXT5CSFJP929PXPNM9PRN,01JZ1B1VZ9TM9N3252XVVAH9DZ,2025-06-30T21:29:40.780196374Z,01JZ1B1W4RP0VXDDKCJTNKM3AX,2025-06-30T21:29:40.780196374Z,01JZ1B4QMHRDEJR6YWEDX6CP6V,2025-06-30T21:29:40.780196374Z,01JZ1BNY9GCVDPARZTZ60Y7363,2025-06-30T21:29:40.780196374Z,01JZ1BNYS4AH4S6DP8CSD8F0JW,2025-06-30T21:29:40.780196374Z
01JZ1DRD8MGW0ZFK7EC0SW0Y74,01JZ1D0RX94M7HHBAJDNGV8QRS,2025-06-30T22:01:40.88462774Z,01JZ1D0S064NT759Q480WCA8PK,2025-06-30T22:01:40.88462774Z,01JZ1DEJMJQ3008TVKPGG206S9,2025-06-30T22:01:40.88462774Z,01JZ1DFY0TW20TYJC4JJ0ZH1P8,2025-06-30T22:01:40.88462774Z,01JZ1DFZBA12Z2NZV960WM2FW4,2025-06-30T22:01:40.88462774Z
01JZ17YDK00E6P3YAGSMADVDTB,01JZ170DPRHYGRH6M74WMGZ8J5,2025-06-30T20:20:06.369012937Z,01JZ170DRV33K8D9D9ZMQKAW2D,2025-06-30T20:20:06.369012937Z,01JZ17PJ3VDZQD3TEH95CF73QJ,2025-06-30T20:20:06.369012937Z,01JZ17PPHXYGVWTQWQ3EC28RK2,2025-06-30T20:20:06.369012937Z,01JZ17PPN70GGETHBSX3JG0VWX,2025-06-30T20:20:06.369012937Z
01JZ1APTPVKQJQWCN1HT7F0EBF,01JZ19VEXCKVX740B60X4W6PQN,2025-06-30T21:08:23.387155547Z,01JZ19VF3FCDRKA7RA8CE3SQDH,2025-06-30T21:08:23.387155547Z,01JZ19ZZZP5WTAHKTYB8XNJEC6,2025-06-30T21:08:23.387155547Z,01JZ1AK0GTG09NRGMQGAZDENCH,2025-06-30T21:08:23.387155547Z,01JZ1AK0Q8SSARD5SSHB7KZ1FV,2025-06-30T21:08:23.387155547Z
01JZ1ETWZ785ZZ2MPY9YZY3Q1H,01JZ1E916HBESJXS5SJ82BFZ21,2025-06-30T22:20:31.07933768Z,01JZ1E91HHYKGR583PHV4V6JXR,2025-06-30T22:20:31.07933768Z,01JZ1EB79K0MG0B72T7KF449XB,2025-06-30T22:20:31.07933768Z,01JZ1ERV8NQ1N608W7HC4Y405V,2025-06-30T22:20:31.07933768Z,01JZ1ERVK8FJJX233J3XM0SPC3,2025-06-30T22:20:31.07933768Z
01JZ17QDT7393VF97N97JVXBS4,01JZ170DPRHYGRH6M74WMGZ8J5,2025-06-30T20:16:17.223524291Z,01JZ170DS434CCJM920VN081CV,2025-06-30T20:16:17.223524291Z,01JZ17A78DPNXD645MNCYQ5HYS,2025-06-30T20:16:17.223524291Z,01JZ17HX0ZXKJ4A0TXNHXA38XE,2025-06-30T20:16:17.223524291Z,01JZ17HX2AP1VXP646YMEXT1TD,2025-06-30T20:16:17.223524291Z
01JZ17TNP248A6MAHHVYX1MPMZ,01JZ170DPRHYGRH6M74WMGZ8J5,2025-06-30T20:18:03.586403969Z,01JZ170DSP5HFMBRZWFQV8RFVC,2025-06-30T20:18:03.586403969Z,01JZ17BG508D1SYGKCV9ECDV4F,2025-06-30T20:18:03.586403969Z,01JZ17RSKP4T7TM013SKSDCBN6,2025-06-30T20:18:03.586403969Z,01JZ17RSNZJ7XVG11RZ6MP3BJ5,2025-06-30T20:18:03.586403969Z
01JZ17WBCVSV7EK7ZR7JZPHZPN,01JZ170DPRHYGRH6M74WMGZ8J5,2025-06-30T20:18:58.587246069Z,01JZ170DSMJZPS89ZBMFZ7ATK7,2025-06-30T20:18:58.587246069Z,01JZ178V1SBS1YEEZCW5R3AAJF,2025-06-30T20:18:58.587246069Z,01JZ17MYEAFDF08CXGPM4NR36C,2025-06-30T20:18:58.587246069Z,01JZ17MYNNVK575B13ZB16FHVE,2025-06-30T20:18:58.587246069Z
01JZ1DTW3EPJ5NQMTQR1VFP79T,01JZ1D0RX94M7HHBAJDNGV8QRS,2025-06-30T22:03:01.614838434Z,01JZ1D0S3N2D9DCG3EHS8AP4R1,2025-06-30T22:03:01.614838434Z,01JZ1D49JVTEEYC1V6ZNF5Y9RQ,2025-06-30T22:03:01.614838434Z,01JZ1DJBHP6QZKY368KYFWAKY9,2025-06-30T22:03:01.614838434Z,01JZ1DJC9V1G0BG8N9YM82XRNB,2025-06-30T22:03:01.614838434Z
01JZ1F5KWH07ZNXKG03J4D5ZGA,01JZ1E916HBESJXS5SJ82BFZ21,2025-06-30T22:26:22.22582353Z,01JZ1E91Z6K0ZJGCC53Q4JQWJP,2025-06-30T22:26:22.22582353Z,01JZ1EPVZGZEY9DBBKYD48H59H,2025-06-30T22:26:22.22582353Z,01JZ1EXC0ZXQFHPV1MR4EM7PTE,2025-06-30T22:26:22.22582353Z,01JZ1EXCJHF7MESXCV6JP9EBNG,2025-06-30T22:26:22.22582353Z
01JZ17VZNW3MNX4DFQED1GJZB2,01JZ170DPRHYGRH6M74WMGZ8J5,2025-06-30T20:18:46.588743718Z,01JZ170DSR5F2SARFX61BD5BFD,2025-06-30T20:18:46.588743718Z,01JZ17ADWXQ9CX9S0BD7VM2S2J,2025-06-30T20:18:46.588743718Z,01JZ17M8TM93SNDEV4TKQ8G5N0,2025-06-30T20:18:46.588743718Z,01JZ17M8ZHQM4JY3DEY4DZM9K1,2025-06-30T20:18:46.588743718Z
01JZ18RHVGFAAXRMJY6SH0C0CB,01JZ18G4TN4FH7205KTQTFE7PM,2025-06-30T20:34:22.704921458Z,01JZ18G4ZZG5A688HVVJGKBFVW,2025-06-30T20:34:22.704921458Z,01JZ18N06YG4ZMSQQQ92S1PQNP,2025-06-30T20:34:22.704921458Z,01JZ18RFPBGVB1PJ8WVY2S92SR,2025-06-30T20:34:22.704921458Z,01JZ18RFS37DDHZAPQ7AZZ8HDA,2025-06-30T20:34:22.704921458Z
01JZ1A8W1NCF82HPWXBAAKXXB9,01JZ19VEXCKVX740B60X4W6PQN,2025-06-30T21:00:46.005957016Z,01JZ19VF9WCS5BMDRCPXZK6ZBF,2025-06-30T21:00:46.005957016Z,01JZ18QF2693Q9TCBGRNNEEKBJ,2025-06-30T21:00:46.005957016Z,01JZ1A8RR2GDW6GS56QAP6TW67,2025-06-30T21:00:46.005957016Z,01JZ1A8RV787P63EBKYZCXAXA1,2025-06-30T21:00:46.005957016Z
01JZ1H3T1FX8XC0X94XFK923ZV,01JZ1G29Q82GQAKEXSK2E7NK3R,2025-06-30T23:00:20.143696113Z,01JZ1G2A58JMFV91VV93EGJJQY,2025-06-30T23:00:20.143696113Z,01JZ1G5G1FFKZK7WVQ264NYRHA,2025-06-30T23:00:20.143696113Z,01JZ1GW3RA9NZ51ED1F6D8HPC4,2025-06-30T23:00:20.143696113Z,01JZ1GW48ENQNRQ0BD3KZMP1CQ,2025-06-30T23:00:20.143696113Z
01JZ17QB409V7996G7BEEKZ8YP,01JZ170DPRHYGRH6M74WMGZ8J5,2025-06-30T20:16:14.464901631Z,01JZ170DS5DJKXJ3Z7YVJKJJXK,2025-06-30T20:16:14.464901631Z,01JZ17DQRYSG711N7R05SC14HP,2025-06-30T20:16:14.464901631Z,01JZ17QA5Z590RP2SNRWWJMCH6,2025-06-30T20:16:14.464901631Z,01JZ17QA6QWZKNN6HVFANQHGPR,2025-06-30T20:16:14.464901631Z
01JZ17QMFMF0BCTVA81EZ1DKNX,01JZ170DPRHYGRH6M74WMGZ8J5,2025-06-30T20:16:24.052746289Z,01JZ170DSXXMDA003X79NFA4N0,2025-06-30T20:16:24.052746289Z,01JZ17A9YQ3219RYQEV7GA1K4B,2025-06-30T20:16:24.052746289Z,01JZ17NRSETRAHA86XGKD3ZGNV,2025-06-30T20:16:24.052746289Z,01JZ17NRTWNPJ7D39Z7SR6T2JP,2025-06-30T20:16:24.052746289Z
01JZ18TCZW275N5ZKR6RQ17WHM,01JZ18G4TN4FH7205KTQTFE7PM,2025-06-30T20:35:23.260934068Z,01JZ18G4ZZG5A688HVVJGKBFVW,2025-06-30T20:35:23.260934068Z,01JZ18N0JKWFKXBS82BQZ5RVQD,2025-06-30T20:35:23.260934068Z,01JZ18RFQ4W09NKQ14XZ3KQN1E,2025-06-30T20:35:23.260934068Z,01JZ18RFV7A7RYC83ZMNNW89A7,2025-06-30T20:35:23.260934068Z
01JZ1917KNX4ZYF93PN1TVTJXX,01JZ18G4TN4FH7205KTQTFE7PM,2025-06-30T20:39:07.125240517Z,01JZ18G4Z7SR18DC8PDBR22HS5,2025-06-30T20:39:07.125240517Z,01JZ18JCX14E3JYTT1AT1DNHJS,2025-06-30T20:39:07.125240517Z,01JZ18S8XT12G8V1PAKVTN6A36,2025-06-30T20:39:07.125240517Z,01JZ18S94Q821AQ06RB0P0ZB2X,2025-06-30T20:39:07.125240517Z
01JZ19FNKMRXEBBNHK1AZ0B8YM,01JZ18R9CHSHJ2BAJZ4M4PAW2X,2025-06-30T20:47:00.212540137Z,01JZ18RA3DBE17YR6D8FEXRWFY,2025-06-30T20:47:00.212540137Z,01JZ18YGCJT7GPM1GCH83ZG2E6,2025-06-30T20:47:00.212540137Z,01JZ197W14H2E21R9QXHCJTQ3G,2025-06-30T20:47:00.212540137Z,01JZ197WCSA3J4CE8W6KGETF6X,2025-06-30T20:47:00.212540137Z
01JZ1AG0P3X4QM2NYRR7E01FTG,01JZ19VEXCKVX740B60X4W6PQN,2025-06-30T21:04:40.131450331Z,01JZ19VF81DTYMGWYB0TAJKDWY,2025-06-30T21:04:40.131450331Z,01JZ19Y0D04KSPZSGRXD2GWN5G,2025-06-30T21:04:40.131450331Z,01JZ1AABK962FFJZTPD33N3VKP,2025-06-30T21:04:40.131450331Z,01JZ1AAC1W6795X0XGH3C3PFHB,2025-06-30T21:04:40.131450331Z
01JZ1DG4H94NX93JXD5FPRN88Y,01JZ1D0RX94M7HHBAJDNGV8QRS,2025-06-30T21:57:09.801607431Z,01JZ1D0S064NT759Q480WCA8PK,2025-06-30T21:57:09.801607431Z,01JZ1DCDN091GX33H1NPEY9NA8,2025-06-30T21:57:09.801607431Z,01JZ1DFXC24EESH7ZRD8X7590G,2025-06-30T21:57:09.801607431Z,01JZ1DFY7EKQY65Z41983SMPYY,2025-06-30T21:57:09.801607431Z
01JZ1F15X4ZZFTYWN3V09AZ6A8,01JZ1E916HBESJXS5SJ82BFZ21,2025-06-30T22:23:56.836935656Z,01JZ1E91HHYKGR583PHV4V6JXR,2025-06-30T22:23:56.836935656Z,01JZ1EB79K0MG0B72T7KF449XB,2025-06-30T22:23:56.836935656Z,01JZ1ERVCEPEY697Y3TMZ7E1DG,2025-06-30T22:23:56.836935656Z,01JZ1ERVXPPDZ3DRM4TE2K1NBF,2025-06-30T22:23:56.836935656Z
01JZ17NY8958WR1RPF4F6CQ5AY,01JZ170DPRHYGRH6M74WMGZ8J5,2025-06-30T20:15:28.521763843Z,01JZ170DSTXK5Z1DV671606E6A,2025-06-30T20:15:28.521763843Z,01JZ17DP10NW99AE12W6233E2P,2025-06-30T20:15:28.521763843Z,01JZ17J85FH6ZCHDJEZZH3F672,2025-06-30T20:15:28.521763843Z,01JZ17J86YBS5SC5YYQWD3XJ54,2025-06-30T20:15:28.521763843Z
01JZ17RTPTK96FK49Y9PM0ZZCE,01JZ170DPRHYGRH6M74WMGZ8J5,2025-06-30T20:17:03.194074229Z,01JZ170DSP5HFMBRZWFQV8RFVC,2025-06-30T20:17:03.194074229Z,01JZ178B4PCAFGN9QS0GJ0TQ84,2025-06-30T20:17:03.194074229Z,01JZ17RSK3N0BNCJAFQS3YEYB5,2025-06-30T20:17:03.194074229Z,01JZ17RSMJHYZP5AXK87BWWWYY,2025-06-30T20:17:03.194074229Z
01JZ17SK7832PE10Y4AP07HHQ6,01JZ170DPRHYGRH6M74WMGZ8J5,2025-06-30T20:17:28.296353808Z,01JZ170DS32PJY8CQRMADJXFRG,2025-06-30T20:17:28.296353808Z,01JZ17E843W70EAJQAQ7A43HFS,2025-06-30T20:17:28.296353808Z,01JZ17HJY5Q3PQ3SGQ81QN303W,2025-06-30T20:17:28.296353808Z,01JZ17HK2E8CY2FWBMYVY27NZM,2025-06-30T20:17:28.296353808Z
01JZ17X4Z52AGBWEE8DEMZZXFP,01JZ170DPRHYGRH6M74WMGZ8J5,2025-06-30T20:19:24.773078685Z,01JZ170DSXXMDA003X79NFA4N0,2025-06-30T20:19:24.773078685Z,01JZ17A9YQ3219RYQEV7GA1K4B,2025-06-30T20:19:24.773078685Z,01JZ17NRRR088W52FGBGCTETBE,2025-06-30T20:19:24.773078685Z,01JZ17NRWDQHY67B4DFPVPMKXW,2025-06-30T20:19:24.773078685Z
01JZ1AZ60J0E345XS83Y02Q1P4,01JZ19VEXCKVX740B60X4W6PQN,2025-06-30T21:12:57.106115263Z,01JZ19VF4XXDC5SP97SM18G8VM,2025-06-30T21:12:57.106115263Z,01JZ1AHC0761QMCW1DPTW1G44R,2025-06-30T21:12:57.106115263Z,01JZ1AQBH2AQ4HJ4SKYQ5374F4,2025-06-30T21:12:57.106115263Z,01JZ1AQC0QDS5MXCQA9E82VAD0,2025-06-30T21:12:57.106115263Z
01JZ1CCJT5NDMP5KFY95P2YRWK,01JZ1BX7WQMA45G0E33EEHJ3V9,2025-06-30T21:37:44.773187316Z,01JZ1BX82RNFGPPA94NES9507T,2025-06-30T21:37:44.773187316Z,01JZ1C98HS2FRFHZKQAPAW4FY4,2025-06-30T21:37:44.773187316Z,01JZ1CAKRPM2RTKQN4NF25GQNV,2025-06-30T21:37:44.773187316Z,01JZ1CAM1259WP7HGV952K0VFQ,2025-06-30T21:37:44.773187316Z
01JZ1DRD7EQ4CNV0Q20VEPR24X,01JZ1D0RX94M7HHBAJDNGV8QRS,2025-06-30T22:01:40.846326043Z,01JZ1D0S064NT759Q480WCA8PK,2025-06-30T22:01:40.846326043Z,01JZ1DCDN091GX33H1NPEY9NA8,2025-06-30T22:01:40.846326043Z,01JZ1DFY0TW20TYJC4JJ0ZH1P8,2025-06-30T22:01:40.846326043Z,01JZ1DFZBA12Z2NZV960WM2FW4,2025-06-30T22:01:40.846326043Z
01JZ1F4K5GJ06FXAHEKD5GFFYB,01JZ1E916HBESJXS5SJ82BFZ21,2025-06-30T22:25:48.720357009Z,01JZ1E91Q18GQE49C0XSDVMF75,2025-06-30T22:25:48.720357009Z,01JZ1ESJSZ4605B74MTV3MB0PF,2025-06-30T22:25:48.720357009Z,01JZ1F2JC80W096GAN654HJE4R,2025-06-30T22:25:48.720357009Z,01JZ1F2JNDSSY9K39TWADF2A6N,2025-06-30T22:25:48.720357009Z
01JZ17SKXRDEJFNBCESKRSARHC,01JZ170DPRHYGRH6M74WMGZ8J5,2025-06-30T20:17:29.016437039Z,01JZ170DSTXK5Z1DV671606E6A,2025-06-30T20:17:29.016437039Z,01JZ17995N07DABBEZWSHQJ20N,2025-06-30T20:17:29.016437039Z,01JZ17J85HSFJ5VF5EC9WG406J,2025-06-30T20:17:29.016437039Z,01JZ17J87S03SNAFE03XXVRYFF,2025-06-30T20:17:29.016437039Z
01JZ18ZPQKXCH6Y1Y0K3P4CYS9,01JZ18G4TN4FH7205KTQTFE7PM,2025-06-30T20:38:17.075497381Z,01JZ18G512YK4K14AJW1A4KQT5,2025-06-30T20:38:17.075497381Z,01JZ18M3Q90QHFJ7P7ZKCP4M1K,2025-06-30T20:38:17.075497381Z,01JZ18R8CKMG9A39402BQ4NWM2,2025-06-30T20:38:17.075497381Z,01JZ18R8HNH0RJEQ541QGANZP7,2025-06-30T20:38:17.075497381Z
01JZ1ACMZCJ3FK4N98JQHZ2T4E,01JZ19VEXCKVX740B60X4W6PQN,2025-06-30T21:02:49.836876789Z,01JZ19VF9WCS5BMDRCPXZK6ZBF,2025-06-30T21:02:49.836876789Z,01JZ19XSD6SYGG49Q271DJ23J5,2025-06-30T21:02:49.836876789Z,01JZ1A8RTBQBGQ6B3M8DMQ82K3,2025-06-30T21:02:49.836876789Z,01JZ1A8RYBBAKQ69M70T9MWQDK,2025-06-30T21:02:49.836876789Z
01JZ1AGC4SZFESH6PAVTAZQXSK,01JZ19VEXCKVX740B60X4W6PQN,2025-06-30T21:04:51.865412811Z,01JZ19VF5YA4VZJRJDVJVY1XBY,2025-06-30T21:04:51.865412811Z,01JZ19Y068YTBSDNPDANA6K38M,2025-06-30T21:04:51.865412811Z,01JZ1AAR361JZ1CYXHJ50PJVG2,2025-06-30T21:04:51.865412811Z,01JZ1AAR7NN2XS5Z2A6KJ0YYRK,2025-06-30T21:04:51.865412811Z
01JZ1APTR00YB979RTWQ976PAD,01JZ19VEXCKVX740B60X4W6PQN,2025-06-30T21:08:23.425033214Z,01JZ19VF3FCDRKA7RA8CE3SQDH,2025-06-30T21:08:23.425033214Z,01JZ1AJWEBWSA9H9YV5TJD6D6N,2025-06-30T21:08:23.425033214Z,01JZ1AK0GTG09NRGMQGAZDENCH,2025-06-30T21:08:23.425033214Z,01JZ1AK0Q8SSARD5SSHB7KZ1FV,2025-06-30T21:08:23.425033214Z
01JZ17Q478356HV72GTT7GQ3MX,01JZ170DPRHYGRH6M74WMGZ8J5,2025-06-30T20:16:07.400734698Z,01JZ170DS32PJY8CQRMADJXFRG,2025-06-30T20:16:07.400734698Z,01JZ17A84G8QVPB3RW2KXSNH3H,2025-06-30T20:16:07.400734698Z,01JZ17HJXZJXBNGG98GAB8QMCF,2025-06-30T20:16:07.400734698Z,01JZ17HK0T4WZFVQ11NJTWM6R9,2025-06-30T20:16:07.400734698Z
01JZ18QY4NNPN6SK8PXSRDY6PZ,01JZ18G4TN4FH7205KTQTFE7PM,2025-06-30T20:34:02.517868733Z,01JZ18G4YK3PSP6R2PNWBA4P8S,2025-06-30T20:34:02.517868733Z,01JZ18J1HPCJW9NZWB0AN2GDSE,2025-06-30T20:34:02.517868733Z,01JZ18QWBRR3KN0B62DES46FPE,2025-06-30T20:34:02.517868733Z,01JZ18QWCRY9JA2H8F09Y0GPWX,2025-06-30T20:34:02.517868733Z
01JZ18VS75EZTFSDY5GCHZFD7N,01JZ18G4TN4FH7205KTQTFE7PM,2025-06-30T20:36:08.549517904Z,01JZ18G508W9SSEDAT6B79GZND,2025-06-30T20:36:08.549517904Z,01JZ18JN66MX5CA0E4FYBV08Y2,2025-06-30T20:36:08.549517904Z,01JZ18STHY2VTQFD4CXMK2KF14,2025-06-30T20:36:08.549517904Z,01JZ18STQXA2JNMJ0FZB73Y8AN,2025-06-30T20:36:08.549517904Z
01JZ18XZTQT76APJY3JWKWB7XE,01JZ18G4TN4FH7205KTQTFE7PM,2025-06-30T20:37:20.855829456Z,01JZ18G4ZDA13FR053ZT1R1FPF,2025-06-30T20:37:20.855829456Z,01JZ18JREDSF9T5ABKG1CCNPKZ,2025-06-30T20:37:20.855829456Z,01JZ18NR75F2HVZFYQR471939T,2025-06-30T20:37:20.855829456Z,01JZ18NRDBCH2SZDC43P2TKW60,2025-06-30T20:37:20.855829456Z
01JZ1900J31XVD4062BEWHAE7H,01JZ18G4TN4FH7205KTQTFE7PM,2025-06-30T20:38:27.139367476Z,01JZ18G50G0GKPPCFSW2N0ZNW1,2025-06-30T20:38:27.139367476Z,01JZ18J6KD5BBAN05Q96NKJXCJ,2025-06-30T20:38:27.139367476Z,01JZ18RHGXJHBRSARA96JJK9J9,2025-06-30T20:38:27.139367476Z,01JZ18RHNXCBMWVWD9NGWXVR9R,2025-06-30T20:38:27.139367476Z
01JZ198VQFMSH6SEERT0FACVX9,01JZ18QHX9XGN83K6T42FK97D5,2025-06-30T20:43:17.103356423Z,01JZ18QHZ9KPT0XZ66BZ9ZB89K,2025-06-30T20:43:17.103356423Z,01JZ18VHSP5WBV88CARNF83RF7,2025-06-30T20:43:17.103356423Z,01JZ190NJ5PP5YCFJ7NGNJ3QPB,2025-06-30T20:43:17.103356423Z,01JZ190P8NGMJF9WMZR4Z0YBG2,2025-06-30T20:43:17.103356423Z
01JZ1GVV2CZJ8PSVQ4KKPQGZGQ,01JZ1G29Q82GQAKEXSK2E7NK3R,2025-06-30T22:55:59.053030079Z,01JZ1G29XRNS92G9JYEX4H033M,2025-06-30T22:55:59.053030079Z,01JZ1GGT9KDQPYVBYTSYY1MHFW,2025-06-30T22:55:59.053030079Z,01JZ1GM6AT2QQ1RJ17GCG8VHAV,2025-06-30T22:55:59.053030079Z,01JZ1GM6ZN33PGN2TZ8H7EGZWC,2025-06-30T22:55:59.053030079Z
01JZ1BSWXKKRQHPRET6ZGVGM59,01JZ1B1VZ9TM9N3252XVVAH9DZ,2025-06-30T21:27:32.53149794Z,01JZ1B1W46BH5YH0XYSE8KJRBK,2025-06-30T21:27:32.53149794Z,01JZ1ANK2PZ7NTFNFMNB753RPA,2025-06-30T21:27:32.53149794Z,01JZ1BJ1EF1GE16G0A1JBEPRNS,2025-06-30T21:27:32.53149794Z,01JZ1BJ1SBSN34XNBS78WBRGJR,2025-06-30T21:27:32.53149794Z
01JZ17T050715QQZZSF04P49P4,01JZ170DPRHYGRH6M74WMGZ8J5,2025-06-30T20:17:41.536507477Z,01JZ170DS434CCJM920K0JDY80,2025-06-30T20:17:41.536507477Z,01JZ17BZXCKBRDGQ6529TYVNY6,2025-06-30T20:17:41.536507477Z,01JZ17MESGQH4PGAZ2NQBVJJAG,2025-06-30T20:17:41.536507477Z,01JZ17MEVFHM8XT209DJMYD1PM,2025-06-30T20:17:41.536507477Z
01JZ17TD5HFEK4PF4DQA0VRCDX,01JZ170DPRHYGRH6M74WMGZ8J5,2025-06-30T20:17:54.865205787Z,01JZ170DRV33K8D9D9ZMQKAW2D,2025-06-30T20:17:54.865205787Z,01JZ17PJ3VDZQD3TEH95CF73QJ,2025-06-30T20:17:54.865205787Z,01JZ17PPGX7JSSK85PVP6H7NR4,2025-06-30T20:17:54.865205787Z,01JZ17PPKMZ4NWTGE47X76JQ19,2025-06-30T20:17:54.865205787Z
01JZ18T21K5WT0TJBYH4EH9R3N,01JZ18G4TN4FH7205KTQTFE7PM,2025-06-30T20:35:12.051472982Z,01JZ18G4X5EPR69QT64DVYQXFJ,2025-06-30T20:35:12.051472982Z,01JZ18KH2AEBXEHK9D1GSN56XX,2025-06-30T20:35:12.051472982Z,01JZ18PAPZYGZBF3DQ7XCBJ9MP,2025-06-30T20:35:12.051472982Z,01JZ18PATR3YHXG6RR97W9RCTF,2025-06-30T20:35:12.051472982Z
01JZ1917H5JCMHR6YJKC0132H0,01JZ18G4TN4FH7205KTQTFE7PM,2025-06-30T20:39:07.04530847Z,01JZ18G4Z7SR18DC8PDBR22HS5,2025-06-30T20:39:07.04530847Z,01JZ18NQPCFBGJDGFZ54XZESTD,2025-06-30T20:39:07.04530847Z,01JZ18S8XT12G8V1PAKVTN6A36,2025-06-30T20:39:07.04530847Z,01JZ18S94Q821AQ06RB0P0ZB2X,2025-06-30T20:39:07.04530847Z
01JZ1AQE5CXX92F8BQ5ZBBNYZF,01JZ19VEXCKVX740B60X4W6PQN,2025-06-30T21:08:43.308681447Z,01JZ19VF4XXDC5SP97SM18G8VM,2025-06-30T21:08:43.308681447Z,01JZ1AHC0761QMCW1DPTW1G44R,2025-06-30T21:08:43.308681447Z,01JZ1AQBF58925C38R5NVE04TV,2025-06-30T21:08:43.308681447Z,01JZ1AQBKKZ7EHDYEBGGQJ06YK,2025-06-30T21:08:43.308681447Z
01JZ1EZC6CE9B79HJARX2D373N,01JZ1E916HBESJXS5SJ82BFZ21,2025-06-30T22:22:57.740613526Z,01JZ1E91Z6K0ZJGCC53Q4JQWJP,2025-06-30T22:22:57.740613526Z,01JZ1EPVZGZEY9DBBKYD48H59H,2025-06-30T22:22:57.740613526Z,01JZ1EXBWE57CVQYV0Q5D3TA2S,2025-06-30T22:22:57.740613526Z,01JZ1EXC7FMRX16KPMG2EATNEA,2025-06-30T22:22:57.740613526Z
01JZ17P2T2PNMEJAQ00X999HPS,01JZ170DPRHYGRH6M74WMGZ8J5,2025-06-30T20:15:33.186562851Z,01JZ170DSBT7R80F1BC6BFNZAP,2025-06-30T20:15:33.186562851Z,01JZ17898TMETDM923KMFF15WB,2025-06-30T20:15:33.186562851Z,01JZ17JC3646JKWR0PPXMYYSSE,2025-06-30T20:15:33.186562851Z,01JZ17JC4DA2M858N1JG0BZKRD,2025-06-30T20:15:33.186562851Z
01JZ17T05CGXGB8WG0MEG70DR5,01JZ170DPRHYGRH6M74WMGZ8J5,2025-06-30T20:17:41.548509384Z,01JZ170DS434CCJM920K0JDY80,2025-06-30T20:17:41.548509384Z,01JZ17BXPZGQSXJ1A4PH60Q6WQ,2025-06-30T20:17:41.548509384Z,01JZ17MESGQH4PGAZ2NQBVJJAG,2025-06-30T20:17:41.548509384Z,01JZ17MEVFHM8XT209DJMYD1PM,2025-06-30T20:17:41.548509384Z
01JZ18RKZR9G180PTVVB6M1166,01JZ18G4TN4FH7205KTQTFE7PM,2025-06-30T20:34:24.889052826Z,01JZ18G4Y1ABZPJ815NAWEN19T,2025-06-30T20:34:24.889052826Z,01JZ18JTT4THQJ9FYDDES7JX1C,2025-06-30T20:34:24.889052826Z,01JZ18PMF1481YNW4VF038RS60,2025-06-30T20:34:24.889052826Z,01JZ18PMJBDVTC0R5KWM9WQSVK,2025-06-30T20:34:24.889052826Z
01JZ18TN82QHQQY48BKZ7DNRP3,01JZ18G4TN4FH7205KTQTFE7PM,2025-06-30T20:35:31.714617292Z,01JZ18G4WPK6V9JKZAVKNYS3NB,2025-06-30T20:35:31.714617292Z,01JZ18JMHXTQBMPEHHS7NP2031,2025-06-30T20:35:31.714617292Z,01JZ18RRB5PTFQB2DKPHTKH4V3,2025-06-30T20:35:31.714617292Z,01JZ18RRER8BFTZ2D1XWP2S5JE,2025-06-30T20:35:31.714617292Z
01JZ198GZ2R3S9TNRC5CTKYYQY,01JZ18QHX9XGN83K6T42FK97D5,2025-06-30T20:43:06.082496077Z,01JZ18QHZ9KPT0XZ66BZ9ZB89K,2025-06-30T20:43:06.082496077Z,01JZ18SXQ0AFP5SFG2600FW7ER,2025-06-30T20:43:06.082496077Z,01JZ190NJS7Q18J6QY8RM98TK7,2025-06-30T20:43:06.082496077Z,01JZ190P70JAMFKP7303665PCX,2025-06-30T20:43:06.082496077Z
01JZ1AHW0H5MXXDK0RDM9B73XT,01JZ19VEXCKVX740B60X4W6PQN,2025-06-30T21:05:40.882024743Z,01JZ19VF81DTYMGWYB0TAJKDWY,2025-06-30T21:05:40.882024743Z,01JZ1A30PSDQTAMK68V3KKNNKC,2025-06-30T21:05:40.882024743Z,01JZ1AABQSYES8GH0EQS7AKYST,2025-06-30T21:05:40.882024743Z,01JZ1AAC5RRCPS56AP7RN6N1RK,2025-06-30T21:05:40.882024743Z
01JZ1DHPDFFQE6DX68D97H7NXT,01JZ1D0RX94M7HHBAJDNGV8QRS,2025-06-30T21:58:00.879597145Z,01JZ1D0S61XK8FZCNQBM2ZAEE6,2025-06-30T21:58:00.879597145Z,01JZ1D497J6YYY65Y2Z1DW88ZY,2025-06-30T21:58:00.879597145Z,01JZ1DHFZ809B1825QNPR8SJSM,2025-06-30T21:58:00.879597145Z,01JZ1DHGK64NYJJZ4Q7MBQQ1MX,2025-06-30T21:58:00.879597145Z
01JZ1FACCMZ19TR9GHE3FWM2MB,01JZ1E916HBESJXS5SJ82BFZ21,2025-06-30T22:28:58.388292983Z,01JZ1E923XSJ5V9JGGJQR2CG7M,2025-06-30T22:28:58.388292983Z,01JZ1EF4VM7JABTTZNP94E67E7,2025-06-30T22:28:58.388292983Z,01JZ1F28W7H4V05K01XJ3W0HSB,2025-06-30T22:28:58.388292983Z,01JZ1F29K9PKDH706N9ARTKQEK,2025-06-30T22:28:58.388292983Z
01JZ17S1V9XEMMPN266P9RHRY7,01JZ170DPRHYGRH6M74WMGZ8J5,2025-06-30T20:17:10.505853129Z,01JZ170DS8YWG03GZVY59N3JD0,2025-06-30T20:17:10.505853129Z,01JZ179QC9P59RRBVKW06P1VJF,2025-06-30T20:17:10.505853129Z,01JZ17HNMJKGSE7QCGZDT7R79G,2025-06-30T20:17:10.505853129Z,01JZ17HNQ2QM92RRAQT66AF49H,2025-06-30T20:17:10.505853129Z
01JZ18NSR4J783GDSFD1KKGYGR,01JZ18G4TN4FH7205KTQTFE7PM,2025-06-30T20:32:52.484793179Z,01JZ18G4ZDA13FR053ZT1R1FPF,2025-06-30T20:32:52.484793179Z,01JZ18J71C4JGFMP9MP8Y4KY9T,2025-06-30T20:32:52.484793179Z,01JZ18NR5AG219ZPCM6XMBS475,2025-06-30T20:32:52.484793179Z,01JZ18NR807382NWM43SC3W0P4,2025-06-30T20:32:52.484793179Z
01JZ1CJS90VWV6R684JM29DPTP,01JZ1BX7WQMA45G0E33EEHJ3V9,2025-06-30T21:41:08.000768898Z,01JZ1BX82RNFGPPA94NES9507T,2025-06-30T21:41:08.000768898Z,01JZ1C8ESVRXKY79BT9BNGMME4,2025-06-30T21:41:08.000768898Z,01JZ1CAKVW35AFX8X2Z7T9CWZB,2025-06-30T21:41:08.000768898Z,01JZ1CAMA1GK5PH1WHFR5HNEHQ,2025-06-30T21:41:08.000768898Z
01JZ1DD2WG2ETTM5SXEJWN3ZX3,01JZ1D0RX94M7HHBAJDNGV8QRS,2025-06-30T21:55:29.80866415Z,01JZ1D0S2S8SEBXETFQJSTGM5V,2025-06-30T21:55:29.80866415Z,01JZ1D4W11PS06G8TDSZKJ39RF,2025-06-30T21:55:29.80866415Z,01JZ1D77TJ31JQY4W7YSZVV4R8,2025-06-30T21:55:29.80866415Z,01JZ1D78JZB1AME7TTABD6CEHT,2025-06-30T21:55:29.80866415Z
01JZ1DRDAWERE016CJW42FCEGP,01JZ1D0RX94M7HHBAJDNGV8QRS,2025-06-30T22:01:40.956823275Z,01JZ1D0S064NT759Q480WCA8PK,2025-06-30T22:01:40.956823275Z,01JZ1D7QQ9A97C7JTBZNPKRB8Y,2025-06-30T22:01:40.956823275Z,01JZ1DFY0TW20TYJC4JJ0ZH1P8,2025-06-30T22:01:40.956823275Z,01JZ1DFZBA12Z2NZV960WM2FW4,2025-06-30T22:01:40.956823275Z
01JZ1GJN59YWBR3WCE4WQB2VT6,01JZ1G29Q82GQAKEXSK2E7NK3R,2025-06-30T22:50:58.089380691Z,01JZ1G2ACHC2PPHGNQVYG69GCY,2025-06-30T22:50:58.089380691Z,01JZ1G4D5N3JRDG8TQNFBZX41Z,2025-06-30T22:50:58.089380691Z,01JZ1GJG4R5Z76D71S3HQ0QK16,2025-06-30T22:50:58.089380691Z,01JZ1GJGHB4HF5TKEENTYA3CZ3,2025-06-30T22:50:58.089380691Z
01JZ17QX6XC6DCFCPD64S7RK7N,01JZ170DPRHYGRH6M74WMGZ8J5,2025-06-30T20:16:32.989442046Z,01JZ170DRWH3Q5VEKFYTCWXCB9,2025-06-30T20:16:32.989442046Z,01JZ179F3PP1PB0BWJA9TNG5TN,2025-06-30T20:16:32.989442046Z,01JZ17M6426GB2CWYTAT7MS6CN,2025-06-30T20:16:32.989442046Z,01JZ17M669R4VX12DNHRDK2A40,2025-06-30T20:16:32.989442046Z
01JZ17RTQ341BYPP3GVKZ5A5GN,01JZ170DPRHYGRH6M74WMGZ8J5,2025-06-30T20:17:03.20398439Z,01JZ170DSP5HFMBRZWFQV8RFVC,2025-06-30T20:17:03.20398439Z,01JZ17P1EBWH8TSGC8FNQFNMW7,2025-06-30T20:17:03.20398439Z,01JZ17RSK3N0BNCJAFQS3YEYB5,2025-06-30T20:17:03.20398439Z,01JZ17RSMJHYZP5AXK87BWWWYY,2025-06-30T20:17:03.20398439Z
01JZ18VT5BMWE8NF4F3ZP69C7M,01JZ18G4TN4FH7205KTQTFE7PM,2025-06-30T20:36:09.515819754Z,01JZ18G50PJASP911XB82AW46K,2025-06-30T20:36:09.515819754Z,01JZ18HFN6SPVZ5DYGTVB7ZVYC,2025-06-30T20:36:09.515819754Z,01JZ18P6M9PWBBNS9EFA2527RR,2025-06-30T20:36:09.515819754Z,01JZ18P6XGG6KPRDW6BTZFNS2T,2025-06-30T20:36:09.515819754Z
01JZ190EGK32G5HY5N2Q1J341Q,01JZ18G4TN4FH7205KTQTFE7PM,2025-06-30T20:38:41.427539454Z,01JZ18G4ZZG5A688HVVJGKBFVW,2025-06-30T20:38:41.427539454Z,01JZ18MMDMG5C7AC3NER6KSMTG,2025-06-30T20:38:41.427539454Z,01JZ18RFPSBYDPWWM1XEC3ZD1K,2025-06-30T20:38:41.427539454Z,01JZ18RFYZM994ZBBJ03EY6DVF,2025-06-30T20:38:41.427539454Z
01JZ196AQ142KKW86A6MHZ57PM,01JZ18QHX9XGN83K6T42FK97D5,2025-06-30T20:41:54.145460745Z,01JZ18QHZ9KPT0XZ66BZ9ZB89K,2025-06-30T20:41:54.145460745Z,01JZ18VC89HN16T8VX0M60S31S,2025-06-30T20:41:54.145460745Z,01JZ190NH1278RPC2MCD2QJWTN,2025-06-30T20:41:54.145460745Z,01JZ190NQYWJEEY4JZ53S9SW9K,2025-06-30T20:41:54.145460745Z
01JZ1ACMWYP9N9SYK2C0YNQZTW,01JZ19VEXCKVX740B60X4W6PQN,2025-06-30T21:02:49.758111295Z,01JZ19VF9WCS5BMDRCPXZK6ZBF,2025-06-30T21:02:49.758111295Z,01JZ18QF2693Q9TCBGRNNEEKBJ,2025-06-30T21:02:49.758111295Z,01JZ1A8RTBQBGQ6B3M8DMQ82K3,2025-06-30T21:02:49.758111295Z,01JZ1A8RYBBAKQ69M70T9MWQDK,2025-06-30T21:02:49.758111295Z
01JZ17S1F3EQXC0D4S3JR48EE5,01JZ170DPRHYGRH6M74WMGZ8J5,2025-06-30T20:17:10.115050668Z,01JZ170DSWJ6311N72HPSQWG9K,2025-06-30T20:17:10.115050668Z,01JZ17D915S4GRY1FXGXK8RTTY,2025-06-30T20:17:10.115050668Z,01JZ17KG534VMGAN6DZ77QN8H5,2025-06-30T20:17:10.115050668Z,01JZ17KG7YSABGV08AS0ZBEA4S,2025-06-30T20:17:10.115050668Z
01JZ1AAFEE85ZR7Q8T25BJ6MTQ,01JZ19VEXCKVX740B60X4W6PQN,2025-06-30T21:01:38.638514313Z,01JZ19VF81DTYMGWYB0TAJKDWY,2025-06-30T21:01:38.638514313Z,01JZ19Y0D04KSPZSGRXD2GWN5G,2025-06-30T21:01:38.638514313Z,01JZ1AABJ0BY70FX8865HSNR55,2025-06-30T21:01:38.638514313Z,01JZ1AABW8MTCD6QEB2EN9GF98,2025-06-30T21:01:38.638514313Z
01JZ1BGY6MS4MDXPJEABQ3Z3PF,01JZ1B1VZ9TM9N3252XVVAH9DZ,2025-06-30T21:22:38.932141677Z,01JZ1B1W2WT8MR9NJ7RDDSFH2M,2025-06-30T21:22:38.932141677Z,01JZ1B64GPABF5830RNTZP1A2Y,2025-06-30T21:22:38.932141677Z,01JZ1BD3Y8NHHCFXCV7WB08PE6,2025-06-30T21:22:38.932141677Z,01JZ1BD4CHA54BSW8FCPK7AFSB,2025-06-30T21:22:38.932141677Z
01JZ1CR5QFPX0JSZXGG6RV9Y3R,01JZ1C4XJFQQ45ZHGATAXVBX0J,2025-06-30T21:44:04.591138841Z,01JZ1C4XNE4VHGMR9JDZS6Y7F9,2025-06-30T21:44:04.591138841Z,01JZ1CF267R4DM5CMXPS4VKSEE,2025-06-30T21:44:04.591138841Z,01JZ1CM9MH9FR8B6ZK0QM2XBF8,2025-06-30T21:44:04.591138841Z,01JZ1CM9XNCJMG30B6PE3HBNT5,2025-06-30T21:44:04.591138841Z
01JZ1DD1MG807J655Q8S3SE0DN,01JZ1D0RX94M7HHBAJDNGV8QRS,2025-06-30T21:55:28.52877976Z,01JZ1D0S58CJJ0G6BA8AW8ZVCS,2025-06-30T21:55:28.52877976Z,01JZ1D7DM0SC7JQGS6JG3ZYPAZ,2025-06-30T21:55:28.52877976Z,01JZ1D972VTRZHGE4AKVG9RETY,2025-06-30T21:55:28.52877976Z,01JZ1D97C0ZWQDPX1XX9R1HSCW,2025-06-30T21:55:28.52877976Z
01JZ1DMVNTF20FGXHK41FFPF8Z,01JZ1D0RX94M7HHBAJDNGV8QRS,2025-06-30T21:59:44.570545676Z,01JZ1D0S14X3T6948SDJVF454K,2025-06-30T21:59:44.570545676Z,01JZ1D8RW634M5KPJ3DDHQYDRD,2025-06-30T21:59:44.570545676Z,01JZ1DCMRJJ169TVNGDT370T2P,2025-06-30T21:59:44.570545676Z,01JZ1DCNAHRDE7169NYJFVZEPX,2025-06-30T21:59:44.570545676Z
01JZ1H54V24Z0D985AXXDQ3AXH,01JZ1G29Q82GQAKEXSK2E7NK3R,2025-06-30T23:01:03.97070796Z,01JZ1G2AATTMJJ07WA2JZ9MF1K,2025-06-30T23:01:03.97070796Z,01JZ1GPSZ98FX0GSJ1PJWWQANW,2025-06-30T23:01:03.97070796Z,01JZ1GWNN7SAHPPWE857THBJJP,2025-06-30T23:01:03.97070796Z,01JZ1GWPSWA3W8VQ9XQ53C0MRE,2025-06-30T23:01:03.97070796Z
01JZ17QB3EBWJTRD2T78462A62,01JZ170DPRHYGRH6M74WMGZ8J5,2025-06-30T20:16:14.446851293Z,01JZ170DS5DJKXJ3Z7YVJKJJXK,2025-06-30T20:16:14.446851293Z,01JZ1763ZE1VD7FNYG3WZHGCWZ,2025-06-30T20:16:14.446851293Z,01JZ17QA5Z590RP2SNRWWJMCH6,2025-06-30T20:16:14.446851293Z,01JZ17QA6QWZKNN6HVFANQHGPR,2025-06-30T20:16:14.446851293Z
01JZ17QXGTHCSEPA841W4VYA9S,01JZ170DPRHYGRH6M74WMGZ8J5,2025-06-30T20:16:33.306244128Z,01JZ170DSBT7R80F1BC6BFNZAP,2025-06-30T20:16:33.306244128Z,01JZ17BXN8A0CN51A90XTP0KJK,2025-06-30T20:16:33.306244128Z,01JZ17JC3646JKWR0PPXMYYSSE,2025-06-30T20:16:33.306244128Z,01JZ17JC4FBEB4KZMVBDNS6F27,2025-06-30T20:16:33.306244128Z
01JZ1BSX16NR7AESBZVZ56B0ZB,01JZ1B1VZ9TM9N3252XVVAH9DZ,2025-06-30T21:27:32.646125888Z,01JZ1B1W46BH5YH0XYSE8KJRBK,2025-06-30T21:27:32.646125888Z,01JZ1B9W35DBJAZZ7ZHMPZZDPP,2025-06-30T21:27:32.646125888Z,01JZ1BJ1EF1GE16G0A1JBEPRNS,2025-06-30T21:27:32.646125888Z,01JZ1BJ1SBSN34XNBS78WBRGJR,2025-06-30T21:27:32.646125888Z
01JZ1D9BN2JSGBVR78NBR9FBQC,01JZ1D0RX94M7HHBAJDNGV8QRS,2025-06-30T21:53:27.714450303Z,01JZ1D0S2S8SEBXETFQJSTGM5V,2025-06-30T21:53:27.714450303Z,01JZ1D4W11PS06G8TDSZKJ39RF,2025-06-30T21:53:27.714450303Z,01JZ1D77TJ31JQY4W7YSZVV4R8,2025-06-30T21:53:27.714450303Z,01JZ1D78DY05DA26PEMTE62QV7,2025-06-30T21:53:27.714450303Z
01JZ17YBFZ0ZE4F5J3NJMYD6EQ,01JZ170DPRHYGRH6M74WMGZ8J5,2025-06-30T20:20:04.223306641Z,01JZ170DSP5HFMBRZWFQV8RFVC,2025-06-30T20:20:04.223306641Z,01JZ17GRXVCB86SQX36KBD73NW,2025-06-30T20:20:04.223306641Z,01JZ17RSKP4T7TM013SKSDCBN6,2025-06-30T20:20:04.223306641Z,01JZ17RSPGTG8C99KA4YPDYFVC,2025-06-30T20:20:04.223306641Z
01JZ18PNVD2GQHX43FP0JGJE72,01JZ18G4TN4FH7205KTQTFE7PM,2025-06-30T20:33:21.261525616Z,01JZ18G4Y1ABZPJ815NAWEN19T,2025-06-30T20:33:21.261525616Z,01JZ18KZMETYG3YXGETN6WS81Q,2025-06-30T20:33:21.261525616Z,01JZ18PME7D8TXGQRQ2CGSH14P,2025-06-30T20:33:21.261525616Z,01JZ18PMH0R8Q1MAXWAZFJQ0BE,2025-06-30T20:33:21.261525616Z
01JZ18X23KGZGP57PFMTFD1668,01JZ18G4TN4FH7205KTQTFE7PM,2025-06-30T20:36:50.419838709Z,01JZ18G4YTQTSXFW2X0Y80VGVG,2025-06-30T20:36:50.419838709Z,01JZ18M95D7WX9RB46ACE56086,2025-06-30T20:36:50.419838709Z,01JZ18QCHSRQEB636MAZYTF93F,2025-06-30T20:36:50.419838709Z,01JZ18QCPBPST0PE1NJV4R0V1Y,2025-06-30T20:36:50.419838709Z
01JZ17JXWN00E87X9BC62DGA14,01JZ170DPRHYGRH6M74WMGZ8J5,2025-06-30T20:13:49.845864432Z,01JZ170DRXVGFVP20P8DK3M491,2025-06-30T20:13:49.845864432Z,01JZ17B3EJNXDWZGY3QVC1296A,2025-06-30T20:13:49.845864432Z,01JZ17H2JKQXYPBGV7RRHN6ECY,2025-06-30T20:13:49.845864432Z,01JZ17H2KX573H20YKHGZSB3KY,2025-06-30T20:13:49.845864432Z
01JZ17PADKMW3N6VSVFNSFJH77,01JZ170DPRHYGRH6M74WMGZ8J5,2025-06-30T20:15:40.979850463Z,01JZ170DS434CCJM920K0JDY80,2025-06-30T20:15:40.979850463Z,01JZ17BZXCKBRDGQ6529TYVNY6,2025-06-30T20:15:40.979850463Z,01JZ17MESGQH4PGAZ2NQBVJJAG,2025-06-30T20:15:40.979850463Z,01JZ17MEV712MM5YZJ7MX7PD80,2025-06-30T20:15:40.979850463Z
01JZ17T04HXT4SSW3P12FSJB9H,01JZ170DPRHYGRH6M74WMGZ8J5,2025-06-30T20:17:41.523382807Z,01JZ170DS434CCJM920K0JDY80,2025-06-30T20:17:41.523382807Z,01JZ17ED81WEQ81KNKMV8HM1Z1,2025-06-30T20:17:41.523382807Z,01JZ17MESGQH4PGAZ2NQBVJJAG,2025-06-30T20:17:41.523382807Z,01JZ17MEVFHM8XT209DJMYD1PM,2025-06-30T20:17:41.523382807Z
01JZ18WG50JKMTK2XDA4G8KPM9,01JZ18G4TN4FH7205KTQTFE7PM,2025-06-30T20:36:32.032547329Z,01JZ18G4WPK6V9JKZAVKNYS3NB,2025-06-30T20:36:32.032547329Z,01JZ18HQA6W5BPMK1V3RE89H1N,2025-06-30T20:36:32.032547329Z,01JZ18RRB5PTFQB2DKPHTKH4V3,2025-06-30T20:36:32.032547329Z,01JZ18RRF3R9MRCS1M5AG3XEMM,2025-06-30T20:36:32.032547329Z
01JZ1941CCF2NHRK1B31HRNR0V,01JZ18QHX9XGN83K6T42FK97D5,2025-06-30T20:40:39.052942379Z,01JZ18QHYY9H3H8G0D5BR000CA,2025-06-30T20:40:39.052942379Z,01JZ18XHK71TAH4K8NFWQ8XDAZ,2025-06-30T20:40:39.052942379Z,01JZ1903BN7V6B2N7AMWNTAWGG,2025-06-30T20:40:39.052942379Z,01JZ190523V4XR8A7CG9KR5N4R,2025-06-30T20:40:39.052942379Z
01JZ197SREHP7XED2JZ4Y9JKH0,01JZ18QHX9XGN83K6T42FK97D5,2025-06-30T20:42:42.318348271Z,01JZ18QHYY9H3H8G0D5BR000CA,2025-06-30T20:42:42.318348271Z,01JZ18VF3QW244H0X63X0AZG1Z,2025-06-30T20:42:42.318348271Z,01JZ1903GX535CTZP2QSYEN36R,2025-06-30T20:42:42.318348271Z,01JZ19056Q1Z9M1EPPGR830BD6,2025-06-30T20:42:42.318348271Z
01JZ1GRE309FBGH5AWN477RB8C,01JZ1G29Q82GQAKEXSK2E7NK3R,2025-06-30T22:54:07.456155502Z,01JZ1G2A24PAZYJHH2EQFGJG7N,2025-06-30T22:54:07.456155502Z,01JZ1GC4MM47P5V75X6NCDXBTN,2025-06-30T22:54:07.456155502Z,01JZ1GG48RDT7Y0TW0BJEC2687,2025-06-30T22:54:07.456155502Z,01JZ1GG4WYHDN8AD0E438DV36A,2025-06-30T22:54:07.456155502Z
01JZ17KEGYJXHAY87NNF3BJ7JK,01JZ170DPRHYGRH6M74WMGZ8J5,2025-06-30T20:14:06.878754394Z,01JZ170DS32PJY8CQRMADJXFRG,2025-06-30T20:14:06.878754394Z,01JZ175Y8VG4DR6PWWKYJ4RHG5,2025-06-30T20:14:06.878754394Z,01JZ17HJXZJXBNGG98GAB8QMCF,2025-06-30T20:14:06.878754394Z,01JZ17HK0Q06FHSMMZ245M8QA0,2025-06-30T20:14:06.878754394Z
01JZ17W1ZWTH56WJ9H7NKCK15Z,01JZ170DPRHYGRH6M74WMGZ8J5,2025-06-30T20:18:48.956059816Z,01JZ170DRQN15452AYS561M232,2025-06-30T20:18:48.956059816Z,01JZ17QY7AVGGNKHH7ZM5STBVV,2025-06-30T20:18:48.956059816Z,01JZ17RBCT038Y8QAFS6F67QDM,2025-06-30T20:18:48.956059816Z,01JZ17RBG8YTAYEQS83SYBQZSE,2025-06-30T20:18:48.956059816Z
01JZ194AV4YZWN9RPGWW9FKE2R,01JZ18R9CHSHJ2BAJZ4M4PAW2X,2025-06-30T20:40:48.740088713Z,01JZ18RA48YSHMY5EWBJ9E61V2,2025-06-30T20:40:48.740088713Z,01JZ192103EKKYM21MP70AEJNN,2025-06-30T20:40:48.740088713Z,01JZ192CMQ10Q5BYZGXB0BD1QB,2025-06-30T20:40:48.740088713Z,01JZ192D3VPW2EZQYK46BZPYW0,2025-06-30T20:40:48.740088713Z
01JZ1A342ADFBRE5DT2NSRA33H,01JZ19VEXCKVX740B60X4W6PQN,2025-06-30T20:57:37.61087439Z,01JZ19VF1X4TGM9HTAVFF08YB3,2025-06-30T20:57:37.61087439Z,01JZ19YP19TRXJV609GHDS9029,2025-06-30T20:57:37.61087439Z,01JZ1A31S02SDHSEM91H5D9K0N,2025-06-30T20:57:37.61087439Z,01JZ1A31XT5XZPYQN2JAHT1N80,2025-06-30T20:57:37.61087439Z
01JZ1BK5NBKY801JKMR0VD2PME,01JZ1B1VZ9TM9N3252XVVAH9DZ,2025-06-30T21:23:52.107473563Z,01JZ1B1W5AJ9N87HJBZ99HRQPJ,2025-06-30T21:23:52.107473563Z,01JZ1B4CR8JCWXXD7BQPA68N6Z,2025-06-30T21:23:52.107473563Z,01JZ1BB7HHYBBSVM85QTV97ZMB,2025-06-30T21:23:52.107473563Z,01JZ1BB7YG1FHERX8XKE8XA5AC,2025-06-30T21:23:52.107473563Z
01JZ1BXWSYAVWJWWCSMBQ8P90P,01JZ1B1VZ9TM9N3252XVVAH9DZ,2025-06-30T21:29:43.486882819Z,01JZ1B1W5TAZ0C76DBH0ZAEY5X,2025-06-30T21:29:43.486882819Z,01JZ1B3G6JQBSFAAE2943ZEQ9V,2025-06-30T21:29:43.486882819Z,01JZ1BNNMV2BR05NWSF4VH5Q39,2025-06-30T21:29:43.486882819Z,01JZ1BNPPSW8TS84E619NWBAV9,2025-06-30T21:29:43.486882819Z
01JZ190XARJ9S77AB5F8E6Q206,01JZ18G4TN4FH7205KTQTFE7PM,2025-06-30T20:38:56.601038079Z,01JZ18G4WPK6V9JKZAVKNYS3NB,2025-06-30T20:38:56.601038079Z,01JZ18HQA6W5BPMK1V3RE89H1N,2025-06-30T20:38:56.601038079Z,01JZ18RRA89V0ND20E0G84EPSM,2025-06-30T20:38:56.601038079Z,01JZ18RRJ8TVB384T9QM3TAQPD,2025-06-30T20:38:56.601038079Z
01JZ1AJMM3CGZE6G47ZKKGD9K4,01JZ19VEXCKVX740B60X4W6PQN,2025-06-30T21:06:06.083555162Z,01JZ19VF5YA4VZJRJDVJVY1XBY,2025-06-30T21:06:06.083555162Z,01JZ1A4C7ZG2R9MAMN2NVT495T,2025-06-30T21:06:06.083555162Z,01JZ1AAR25HY3X5YXR8EKP4ZNT,2025-06-30T21:06:06.083555162Z,01JZ1AARBJSP4Q4WRQR945GTZC,2025-06-30T21:06:06.083555162Z
01JZ1CFMKWA4AHTBV7CVD8DNSJ,01JZ1BX7WQMA45G0E33EEHJ3V9,2025-06-30T21:39:24.924427832Z,01JZ1BX849RGFMRNF1WR9VXVPD,2025-06-30T21:39:24.924427832Z,01JZ1C42HDFGHZFCN4YDW8V435,2025-06-30T21:39:24.924427832Z,01JZ1C84PWB89K54MZ4M1J77C7,2025-06-30T21:39:24.924427832Z,01JZ1C852S2CMTC1G2JBNJX157,2025-06-30T21:39:24.924427832Z
01JZ1DH3WPJ4NTHV1K0V75VGPY,01JZ1D0RX94M7HHBAJDNGV8QRS,2025-06-30T21:57:41.910843822Z,01JZ1D0S58CJJ0G6BA8AW8ZVCS,2025-06-30T21:57:41.910843822Z,01JZ1D2JACBKKH4S9P6DT2Z2QZ,2025-06-30T21:57:41.910843822Z,01JZ1D9756PBGFTZ2YP6F5YZFW,2025-06-30T21:57:41.910843822Z,01JZ1D97K3JV1Q9ZRF0YB8K010,2025-06-30T21:57:41.910843822Z
01JZ1DHPGRKNYSM3F998Z4GN8K,01JZ1D0RX94M7HHBAJDNGV8QRS,2025-06-30T21:58:00.984038795Z,01JZ1D0S61XK8FZCNQBM2ZAEE6,2025-06-30T21:58:00.984038795Z,01JZ1D7ZVRAH2JHDPAGNC0VP2T,2025-06-30T21:58:00.984038795Z,01JZ1DHFZ809B1825QNPR8SJSM,2025-06-30T21:58:00.984038795Z,01JZ1DHGK64NYJJZ4Q7MBQQ1MX,2025-06-30T21:58:00.984038795Z
01JZ1DNRZ1XDPA49BT5F68NP5R,01JZ1D0RX94M7HHBAJDNGV8QRS,2025-06-30T22:00:14.561870673Z,01JZ1D0S4EMT97ECKQ06X1ZWAX,2025-06-30T22:00:14.561870673Z,01JZ1DCFS2MSEF81EKXGM05M99,2025-06-30T22:00:14.561870673Z,01JZ1DHWG8MPVQVFH1DPRPET9V,2025-06-30T22:00:14.561870673Z,01JZ1DHWTB93F3Q6WQXJSYB925,2025-06-30T22:00:14.561870673Z
01JZ1GVMWCVZRV3YC87HTN0FQ6,01JZ1G29Q82GQAKEXSK2E7NK3R,2025-06-30T22:55:52.716307841Z,01JZ1G2A9825Q9R0AFVXQNTR63,2025-06-30T22:55:52.716307841Z,01JZ1GA1RX69WV7RYS6J14XWQD,2025-06-30T22:55:52.716307841Z,01JZ1GKM8S9MZ9Y3HXTH4K06P3,2025-06-30T22:55:52.716307841Z,01JZ1GKMPHJ66XSJ9RFTW6AVXV,2025-06-30T22:55:52.716307841Z
01JZ17H341HA388N2TFN260K1E,01JZ170DPRHYGRH6M74WMGZ8J5,2025-06-30T20:12:49.665612355Z,01JZ170DRXVGFVP20P8DK3M491,2025-06-30T20:12:49.665612355Z,01JZ17CDTWA5ZJVFXRJRWPP8YB,2025-06-30T20:12:49.665612355Z,01JZ17H2JE238380KER7CXK8AE,2025-06-30T20:12:49.665612355Z,01JZ17H2K87A22069NTT15Y3RY,2025-06-30T20:12:49.665612355Z
01JZ17S968ZNHDD9R6R2E808V9,01JZ170DPRHYGRH6M74WMGZ8J5,2025-06-30T20:17:18.024730591Z,01JZ170DS32PJY8CQRMADJXFRG,2025-06-30T20:17:18.024730591Z,01JZ1788J67VDXAH0W6F8T66AB,2025-06-30T20:17:18.024730591Z,01JZ17HJY4CGFR7PYHRBPAT4T8,2025-06-30T20:17:18.024730591Z,01JZ17HK1YWX6QKK37P4BCG5CK,2025-06-30T20:17:18.024730591Z
01JZ17SJWDN68DZT0ZXFJ6GZS2,01JZ170DPRHYGRH6M74WMGZ8J5,2025-06-30T20:17:27.94940467Z,01JZ170DS434CCJM920VN081CV,2025-06-30T20:17:27.94940467Z,01JZ17BPKZNHJ9DBN3R83MMZW2,2025-06-30T20:17:27.94940467Z,01JZ17HX12C9Q5A1V342FH26JF,2025-06-30T20:17:27.94940467Z,01JZ17HX3EQEFGC73HCGEKW352,2025-06-30T20:17:27.94940467Z
01JZ1BX73C1V9XSMW4937TVK9T,01JZ1B1VZ9TM9N3252XVVAH9DZ,2025-06-30T21:29:21.260103688Z,01JZ1B1W5TAZ0C76DBH0ZAEY5X,2025-06-30T21:29:21.260103688Z,01JZ1B4W32576VKF9GY80WC648,2025-06-30T21:29:21.260103688Z,01JZ1BNNH562Q854YV4P9FQ9JA,2025-06-30T21:29:21.260103688Z,01JZ1BNPBK29NQN24A8RHSD4TC,2025-06-30T21:29:21.260103688Z
01JZ1D9AS2JV21E9WE59NHRBGH,01JZ1D0RX94M7HHBAJDNGV8QRS,2025-06-30T21:53:26.818412227Z,01JZ1D0S58CJJ0G6BA8AW8ZVCS,2025-06-30T21:53:26.818412227Z,01JZ1D4DS7AYHA2YKV7CP2TXFR,2025-06-30T21:53:26.818412227Z,01JZ1D970J7VS4DE30PQJCG6XG,2025-06-30T21:53:26.818412227Z,01JZ1D977NWSQEK933SK4JY40A,2025-06-30T21:53:26.818412227Z
01JZ1DEMCG83PNPPVA44PA3QR6,01JZ1D0RX94M7HHBAJDNGV8QRS,2025-06-30T21:56:20.496267372Z,01JZ1D0S14X3T6948SDJVF454K,2025-06-30T21:56:20.496267372Z,01JZ1D4M3DA9VHJGDM7TJDNSPA,2025-06-30T21:56:20.496267372Z,01JZ1DCMNY0VAHZRBKPHM6R6CB,2025-06-30T21:56:20.496267372Z,01JZ1DCMY62GH7D5YECF4G95A6,2025-06-30T21:56:20.496267372Z
01JZ1GTER4BF039BXNHN89HWT7,01JZ1G29Q82GQAKEXSK2E7NK3R,2025-06-30T22:55:13.668253965Z,01JZ1G2ACHC2PPHGNQVYG69GCY,2025-06-30T22:55:13.668253965Z,01JZ1G4D5N3JRDG8TQNFBZX41Z,2025-06-30T22:55:13.668253965Z,01JZ1GJGBZK6FPCHNSHYQ9VVWK,2025-06-30T22:55:13.668253965Z,01JZ1GJGZX5ASA8P3VKP5M2ETE,2025-06-30T22:55:13.668253965Z
01JZ18YFH6G3C73C906WXW8HQN,01JZ18G4TN4FH7205KTQTFE7PM,2025-06-30T20:37:36.934566884Z,01JZ18G4YA2XRQ9RK4RH5WQB1P,2025-06-30T20:37:36.934566884Z,01JZ18J306MV90AN3KDTPG10SX,2025-06-30T20:37:36.934566884Z,01JZ18Q1RTQ5J8GR55C5KB6SHZ,2025-06-30T20:37:36.934566884Z,01JZ18Q1YDQRC2RW0CEX5W2Y51,2025-06-30T20:37:36.934566884Z
01JZ190DDV048Q20TT6M1862DE,01JZ18G4TN4FH7205KTQTFE7PM,2025-06-30T20:38:40.315866042Z,01JZ18G4WPK6V9JKZAVKNYS3NB,2025-06-30T20:38:40.315866042Z,01JZ18JMHXTQBMPEHHS7NP2031,2025-06-30T20:38:40.315866042Z,01JZ18RRASEVE9RRSH50SEW5V6,2025-06-30T20:38:40.315866042Z,01JZ18RRGYP9TJ020R0N2G4J5J,2025-06-30T20:38:40.315866042Z
01JZ1DEYP1GKNVVGX45G587J1W,01JZ1D0RX94M7HHBAJDNGV8QRS,2025-06-30T21:56:31.041458425Z,01JZ1D0S2S8SEBXETFQJSTGM5V,2025-06-30T21:56:31.041458425Z,01JZ1D4AYTG2DMXZZ36EVW3RQ2,2025-06-30T21:56:31.041458425Z,01JZ1D77X61KT9EGNXBSZ97RFX,2025-06-30T21:56:31.041458425Z,01JZ1D78STJEQ80M29JKZV8DQF,2025-06-30T21:56:31.041458425Z
01JZ1F8465AZ412CE6BEMR9WF2,01JZ1E916HBESJXS5SJ82BFZ21,2025-06-30T22:27:44.453631866Z,01JZ1E91SWVSXS6FK33QCMH9SP,2025-06-30T22:27:44.453631866Z,01JZ1EJSF3D74SJNMB9KEWHKK2,2025-06-30T22:27:44.453631866Z,01JZ1F45E1EEK0EVP02WHSXZM6,2025-06-30T22:27:44.453631866Z,01JZ1F45XAZMDMXZ39KFD7YGCA,2025-06-30T22:27:44.453631866Z
01JZ1GQG0B6JZ20YC7WGFBF44P,01JZ1G29Q82GQAKEXSK2E7NK3R,2025-06-30T22:53:36.651624182Z,01JZ1G2A9825Q9R0AFVXQNTR63,2025-06-30T22:53:36.651624182Z,01JZ1GA1RX69WV7RYS6J14XWQD,2025-06-30T22:53:36.651624182Z,01JZ1GKM3A5ATBGFJSYTP1DWZY,2025-06-30T22:53:36.651624182Z,01JZ1GKMEYEZ8KJC2QAEFC63S4,2025-06-30T22:53:36.651624182Z
01JZ1F1610W7MJDWM00FX4KEK2,01JZ1E916HBESJXS5SJ82BFZ21,2025-06-30T22:23:56.960623828Z,01JZ1E91HHYKGR583PHV4V6JXR,2025-06-30T22:23:56.960623828Z,01JZ1EQAMF1CPBT3C20MBYJDP4,2025-06-30T22:23:56.960623828Z,01JZ1ERVCEPEY697Y3TMZ7E1DG,2025-06-30T22:23:56.960623828Z,01JZ1ERVXPPDZ3DRM4TE2K1NBF,2025-06-30T22:23:56.960623828Z
01JZ17MRK2WBP08N47Y2XF0FYX,01JZ170DPRHYGRH6M74WMGZ8J5,2025-06-30T20:14:49.954188924Z,01JZ170DRXVGFVP20P8DK3M491,2025-06-30T20:14:49.954188924Z,01JZ179T9EE5NWF4YTXDRCZC5E,2025-06-30T20:14:49.954188924Z,01JZ17H2JKQXYPBGV7RRHN6ECY,2025-06-30T20:14:49.954188924Z,01JZ17H2KY0T9900KYTGYZSB6M,2025-06-30T20:14:49.954188924Z
01JZ17R6ZEV0R5D7ET5H60FZ28,01JZ170DPRHYGRH6M74WMGZ8J5,2025-06-30T20:16:42.990259473Z,01JZ170DRSFZ9Y16965WN1Z2F9,2025-06-30T20:16:42.990259473Z,01JZ17ACVQQE42SB51P5M3A1GH,2025-06-30T20:16:42.990259473Z,01JZ17G70SJ14STM6REY4G3XP7,2025-06-30T20:16:42.990259473Z,01JZ17G73V9W3VNSM29V3RZ5DW,2025-06-30T20:16:42.990259473Z
01JZ17SYD3G2NBG69FGD3V1V7Z,01JZ170DPRHYGRH6M74WMGZ8J5,2025-06-30T20:17:39.749235825Z,01JZ170DSTXK5Z1DV671606E6A,2025-06-30T20:17:39.749235825Z,01JZ17BSA5GQ3JXNB68EA97BX0,2025-06-30T20:17:39.749235825Z,01JZ17J85RY443EPKC8WCTQNMR,2025-06-30T20:17:39.749235825Z,01JZ17J88A8VP8RMGE8BSKN4H6,2025-06-30T20:17:39.749235825Z
01JZ18V6CVRFAH6DC70MS55ZJ1,01JZ18G4TN4FH7205KTQTFE7PM,2025-06-30T20:35:49.275836824Z,01JZ18G4Z7SR18DC8PDBR22HS5,2025-06-30T20:35:49.275836824Z,01JZ18KKD45G2Z51GTDYMFBGF8,2025-06-30T20:35:49.275836824Z,01JZ18S8W382ZTX14ED28QZWFS,2025-06-30T20:35:49.275836824Z,01JZ18S90DQFB1FY8Q67VCPJEB,2025-06-30T20:35:49.275836824Z
01JZ190ZZ9XDPQY9P5578R009H,01JZ18G4TN4FH7205KTQTFE7PM,2025-06-30T20:38:59.305481131Z,01JZ18G50G0GKPPCFSW2N0ZNW1,2025-06-30T20:38:59.305481131Z,01JZ18MW05S42NZ47MWBQC7P11,2025-06-30T20:38:59.305481131Z,01JZ18RHFDZ694HBYDHJEKWZ3S,2025-06-30T20:38:59.305481131Z,01JZ18RHS18BVPD4W8KC64NJ5E,2025-06-30T20:38:59.305481131Z
01JZ1BNV4C66T1BT92J7SZJ1WF,01JZ1B1VZ9TM9N3252XVVAH9DZ,2025-06-30T21:25:19.628616037Z,01JZ1B1W46BH5YH0XYSE8KJRBK,2025-06-30T21:25:19.628616037Z,01JZ1BEHJTZVP4GP4G96Q0PZBM,2025-06-30T21:25:19.628616037Z,01JZ1BJ1ABMADNQ2K1TJQ9ED7W,2025-06-30T21:25:19.628616037Z,01JZ1BJ1M7XDY268RM8XKDKRZM,2025-06-30T21:25:19.628616037Z
01JZ1EWR5XAAPPTNPVYHRMAC04,01JZ1E916HBESJXS5SJ82BFZ21,2025-06-30T22:21:31.709218717Z,01JZ1E91HHYKGR583PHV4V6JXR,2025-06-30T22:21:31.709218717Z,01JZ1EK77BRBNM03T0A9A1Z152,2025-06-30T22:21:31.709218717Z,01JZ1ERV8NQ1N608W7HC4Y405V,2025-06-30T22:21:31.709218717Z,01JZ1ERVMAVCQ12NPEQ6ACE5YG,2025-06-30T22:21:31.709218717Z
01JZ198EFT76WYJY8313PWGKEE,01JZ18QHX9XGN83K6T42FK97D5,2025-06-30T20:43:03.546204372Z,01JZ18QHYY9H3H8G0D5BR000CA,2025-06-30T20:43:03.546204372Z,01JZ18YPQMX7TQXCKGYZNA73VF,2025-06-30T20:43:03.546204372Z,01JZ1903EEWXHFPKFJN2CK77YH,2025-06-30T20:43:03.546204372Z,01JZ1905KVG0P5M45Q6GQ0WZHZ,2025-06-30T20:43:03.546204372Z
01JZ1BNANGJAJDJJ1R412J3Q89,01JZ1B1VZ9TM9N3252XVVAH9DZ,2025-06-30T21:25:02.768636062Z,01JZ1B1W2WT8MR9NJ7RDDSFH2M,2025-06-30T21:25:02.768636062Z,01JZ1BAVN5GCQ9KGRAEPYWSGEC,2025-06-30T21:25:02.768636062Z,01JZ1BD41K10B3Z5F98Q46A8QZ,2025-06-30T21:25:02.768636062Z,01JZ1BD4QTZ37YW3F8P5C869WB,2025-06-30T21:25:02.768636062Z
01JZ1BSRKE7Y14CBGT20K377XX,01JZ1B1VZ9TM9N3252XVVAH9DZ,2025-06-30T21:27:28.11013281Z,01JZ1B1W4RP0VXDDKCJTNKM3AX,2025-06-30T21:27:28.11013281Z,01JZ1BJRR128B2311DSMJCH15V,2025-06-30T21:27:28.11013281Z,01JZ1BNY8P6J7MV2A9X36WMPD0,2025-06-30T21:27:28.11013281Z,01JZ1BNYJE58CSDJ8V1RP7ASYS,2025-06-30T21:27:28.11013281Z
01JZ1CVX096G17A3JP6HXXTAZV,01JZ1C4XJFQQ45ZHGATAXVBX0J,2025-06-30T21:46:06.72944866Z,01JZ1C4XNE4VHGMR9JDZS6Y7F9,2025-06-30T21:46:06.72944866Z,01JZ1CB9F4KXDQP2PHJCZHP1QC,2025-06-30T21:46:06.72944866Z,01JZ1CM9NHAQYVB9EBB2FPWPMG,2025-06-30T21:46:06.72944866Z,01JZ1CMA31R8XKWA9BKW0H529E,2025-06-30T21:46:06.72944866Z
01JZ1D9AKJ2EN05H3EP9TK4TT3,01JZ1D0RX94M7HHBAJDNGV8QRS,2025-06-30T21:53:26.642093248Z,01JZ1D0S58CJJ0G6BA8AW8ZVCS,2025-06-30T21:53:26.642093248Z,01JZ1D7DM0SC7JQGS6JG3ZYPAZ,2025-06-30T21:53:26.642093248Z,01JZ1D970J7VS4DE30PQJCG6XG,2025-06-30T21:53:26.642093248Z,01JZ1D977NWSQEK933SK4JY40A,2025-06-30T21:53:26.642093248Z
01JZ194ASP90NBMVTKF8Q948RY,01JZ18R9CHSHJ2BAJZ4M4PAW2X,2025-06-30T20:40:48.694863366Z,01JZ18RA48YSHMY5EWBJ9E61V2,2025-06-30T20:40:48.694863366Z,01JZ18ZEQE5SB9NASAZX93YXN4,2025-06-30T20:40:48.694863366Z,01JZ192CMQ10Q5BYZGXB0BD1QB,2025-06-30T20:40:48.694863366Z,01JZ192D3VPW2EZQYK46BZPYW0,2025-06-30T20:40:48.694863366Z
01JZ17NK3DN73STW3ANT6AA0WA,01JZ170DPRHYGRH6M74WMGZ8J5,2025-06-30T20:15:17.101741945Z,01JZ170DS434CCJM920VN081CV,2025-06-30T20:15:17.101741945Z,01JZ17ENCSDKWD2M3Q3EC23N1W,2025-06-30T20:15:17.101741945Z,01JZ17HX0ZXKJ4A0TXNHXA38XE,2025-06-30T20:15:17.101741945Z,01JZ17HX29RXA2F91504PRNF2V,2025-06-30T20:15:17.101741945Z
01JZ17RCC3N4GVP0X4HKBRV3FD,01JZ170DPRHYGRH6M74WMGZ8J5,2025-06-30T20:16:48.515941044Z,01JZ170DRQN15452AYS561M232,2025-06-30T20:16:48.515941044Z,01JZ17M9BWTED841AF4MEHDDNW,2025-06-30T20:16:48.515941044Z,01JZ17RBBXJNB1SM787WX1GG11,2025-06-30T20:16:48.515941044Z,01JZ17RBEWY4JQKJ0PXR25HY01,2025-06-30T20:16:48.515941044Z
01JZ17VV4F6SKKDBP09224Q81P,01JZ170DPRHYGRH6M74WMGZ8J5,2025-06-30T20:18:41.936011549Z,01JZ170DS434CCJM920K0JDY80,2025-06-30T20:18:41.936011549Z,01JZ17JRNHBCA9Z1PDJFB00SE3,2025-06-30T20:18:41.936011549Z,01JZ17MERZP6TAGVPVPPE2FHS9,2025-06-30T20:18:41.936011549Z,01JZ17MEX4K8Z19WHNAVHX7GQJ,2025-06-30T20:18:41.936011549Z
01JZ18RR196TNVD8PZSME89PD1,01JZ18G4TN4FH7205KTQTFE7PM,2025-06-30T20:34:29.033718465Z,01JZ18G4XMK5QHE5YNTR43VZ9V,2025-06-30T20:34:29.033718465Z,01JZ18KPPCTRWET1CSH1Z4W2C4,2025-06-30T20:34:29.033718465Z,01JZ18RP7K0MQCXP7DDG2EV4WD,2025-06-30T20:34:29.033718465Z,01JZ18RPAN9E7YY547RMV3BXKB,2025-06-30T20:34:29.033718465Z
01JZ18XNWKKTQ64CVVPZT26289,01JZ18G4TN4FH7205KTQTFE7PM,2025-06-30T20:37:10.675864093Z,01JZ18G50PJASP911XB82AW46K,2025-06-30T20:37:10.675864093Z,01JZ18HFN6SPVZ5DYGTVB7ZVYC,2025-06-30T20:37:10.675864093Z,01JZ18P6MTEX79E96T9HBXCMA3,2025-06-30T20:37:10.675864093Z,01JZ18P70T2Y3WKZ2T0YJT6WEW,2025-06-30T20:37:10.675864093Z
01JZ18Y3F3BWXSDMX5SS8NWFP3,01JZ18G4TN4FH7205KTQTFE7PM,2025-06-30T20:37:24.579960324Z,01JZ18G4X5EPR69QT64DVYQXFJ,2025-06-30T20:37:24.579960324Z,01JZ18JKCGQP2NA6VYXSDM89NW,2025-06-30T20:37:24.579960324Z,01JZ18PAR13X6VEBNAGYQZRZE6,2025-06-30T20:37:24.579960324Z,01JZ18PAXR9Y18BVTPX0VAX3XE,2025-06-30T20:37:24.579960324Z
01JZ18YDX9MFX77RQED3T2YXGV,01JZ18G4TN4FH7205KTQTFE7PM,2025-06-30T20:37:35.273079474Z,01JZ18G4X5EPR69QT64DVYQXFJ,2025-06-30T20:37:35.273079474Z,01JZ18JKCGQP2NA6VYXSDM89NW,2025-06-30T20:37:35.273079474Z,01JZ18PAQPXAB9KP38CAA042W4,2025-06-30T20:37:35.273079474Z,01JZ18PAYS1PHK1KKPBPBPHKTP,2025-06-30T20:37:35.273079474Z
01JZ1AAFBQDCJFJ7NMJ39E6CPN,01JZ19VEXCKVX740B60X4W6PQN,2025-06-30T21:01:38.551190135Z,01JZ19VF81DTYMGWYB0TAJKDWY,2025-06-30T21:01:38.551190135Z,01JZ1A1K79TTT3Z2JTQ13NPY5P,2025-06-30T21:01:38.551190135Z,01JZ1AABJ0BY70FX8865HSNR55,2025-06-30T21:01:38.551190135Z,01JZ1AABW8MTCD6QEB2EN9GF98,2025-06-30T21:01:38.551190135Z
01JZ1AEH18Z374P0CEYPD8PKQP,01JZ19VEXCKVX740B60X4W6PQN,2025-06-30T21:03:51.336412153Z,01JZ19VF5YA4VZJRJDVJVY1XBY,2025-06-30T21:03:51.336412153Z,01JZ19XHW6DGGPDJ4763JBPGZ5,2025-06-30T21:03:51.336412153Z,01JZ1AAR361JZ1CYXHJ50PJVG2,2025-06-30T21:03:51.336412153Z,01JZ1AAR73WCZ6THW90Z9KR5R5,2025-06-30T21:03:51.336412153Z
01JZ1AGBEWXNWWSK42B0JVMMQX,01JZ19VEXCKVX740B60X4W6PQN,2025-06-30T21:04:51.164097341Z,01JZ19VF9WCS5BMDRCPXZK6ZBF,2025-06-30T21:04:51.164097341Z,01JZ19XKK2V5414G0ST34MPS62,2025-06-30T21:04:51.164097341Z,01JZ1A8RSRN8NWX633AN587X7F,2025-06-30T21:04:51.164097341Z,01JZ1A8S0SHPAZZMW9MCZGGN41,2025-06-30T21:04:51.164097341Z
01JZ1F8475CYK0RX03J10G2444,01JZ1E916HBESJXS5SJ82BFZ21,2025-06-30T22:27:44.485869194Z,01JZ1E91SWVSXS6FK33QCMH9SP,2025-06-30T22:27:44.485869194Z,01JZ1F2TBXEZEKPK7X854K54D8,2025-06-30T22:27:44.485869194Z,01JZ1F45E1EEK0EVP02WHSXZM6,2025-06-30T22:27:44.485869194Z,01JZ1F45XAZMDMXZ39KFD7YGCA,2025-06-30T22:27:44.485869194Z
01JZ1GTETVGMZSF078W8HXVX41,01JZ1G29Q82GQAKEXSK2E7NK3R,2025-06-30T22:55:13.755751891Z,01JZ1G2ACHC2PPHGNQVYG69GCY,2025-06-30T22:55:13.755751891Z,01JZ1GHHR8Y5813M82KVZRR659,2025-06-30T22:55:13.755751891Z,01JZ1GJGBZK6FPCHNSHYQ9VVWK,2025-06-30T22:55:13.755751891Z,01JZ1GJGZX5ASA8P3VKP5M2ETE,2025-06-30T22:55:13.755751891Z
01JZ1GWWH0Z4835CDNRJ1VR937,01JZ1G29Q82GQAKEXSK2E7NK3R,2025-06-30T22:56:33.312580536Z,01JZ1G2AATTMJJ07WA2JZ9MF1K,2025-06-30T22:56:33.312580536Z,01JZ1GP55F36DXJQDEYTGWZ556,2025-06-30T22:56:33.312580536Z,01JZ1GWN9E6D3R3MSRMZHCWZ3J,2025-06-30T22:56:33.312580536Z,01JZ1GWNWQNSHHTPWKGH4DZTVM,2025-06-30T22:56:33.312580536Z
01JZ1ARNP51KAVJ65ZY3NQ7X27,01JZ19VEXCKVX740B60X4W6PQN,2025-06-30T21:09:23.781734164Z,01JZ19VF3FCDRKA7RA8CE3SQDH,2025-06-30T21:09:23.781734164Z,01JZ1A9FT19KFC6EXDW9G1CYS7,2025-06-30T21:09:23.781734164Z,01JZ1AK0GTG09NRGMQGAZDENCH,2025-06-30T21:09:23.781734164Z,01JZ1AK0R183QNPQ4JFBMA6XJA,2025-06-30T21:09:23.781734164Z
01JZ1AYVF7ZQMT9QTM7ZVFHGJT,01JZ19VEXCKVX740B60X4W6PQN,2025-06-30T21:12:46.311391424Z,01JZ19VF4XXDC5SP97SM18G8VM,2025-06-30T21:12:46.311391424Z,01JZ1ANDKY8QTNAK6C66WRTD5R,2025-06-30T21:12:46.311391424Z,01JZ1AQBHRMVHPE1YZ6WFANPW5,2025-06-30T21:12:46.311391424Z,01JZ1AQBYQ9PP5WV2EE6KXR20F,2025-06-30T21:12:46.311391424Z
01JZ1CPANYHZNRX2YW5QG86RZ5,01JZ1C4XJFQQ45ZHGATAXVBX0J,2025-06-30T21:43:04.126737282Z,01JZ1C4XNE4VHGMR9JDZS6Y7F9,2025-06-30T21:43:04.126737282Z,01JZ1CH99SCVGB71HN39473CFW,2025-06-30T21:43:04.126737282Z,01JZ1CM9MH9FR8B6ZK0QM2XBF8,2025-06-30T21:43:04.126737282Z,01JZ1CM9VXMQN204HPP62W42XM,2025-06-30T21:43:04.126737282Z
01JZ1GPBDHZDR1Q6ZT843Z2EQP,01JZ1G29Q82GQAKEXSK2E7NK3R,2025-06-30T22:52:59.185601804Z,01JZ1G2A3Q53QEYHDQX68WVVKH,2025-06-30T22:52:59.185601804Z,01JZ1G4QT3J0N96RSDER5H66SR,2025-06-30T22:52:59.185601804Z,01JZ1GE1GBK17T8759BQQREJNN,2025-06-30T22:52:59.185601804Z,01JZ1GE287M7WV0AR9BBZAE0XW,2025-06-30T22:52:59.185601804Z
01JZ1GQQ9J3RH0KMCK4V0T94VV,01JZ1G29Q82GQAKEXSK2E7NK3R,2025-06-30T22:53:44.114942065Z,01JZ1G2A24PAZYJHH2EQFGJG7N,2025-06-30T22:53:44.114942065Z,01JZ1GC4MM47P5V75X6NCDXBTN,2025-06-30T22:53:44.114942065Z,01JZ1GG455T50A4SRMTESNHV0P,2025-06-30T22:53:44.114942065Z,01JZ1GG4P1C63TEHEF04Q831Y8,2025-06-30T22:53:44.114942065Z
01JZ1DFMQ5Y54M45P39VCB0XKM,01JZ1D0RX94M7HHBAJDNGV8QRS,2025-06-30T21:56:53.60572269Z,01JZ1D0S2S8SEBXETFQJSTGM5V,2025-06-30T21:56:53.60572269Z,01JZ1D5N9EKRCKNEX5N0FCN65V,2025-06-30T21:56:53.60572269Z,01JZ1D783SKDB58PW2W9ZDSBMC,2025-06-30T21:56:53.60572269Z,01JZ1D7967RTZSK1F0GMFX91JV,2025-06-30T21:56:53.60572269Z
01JZ17JXWEPCY02Y3Q0YQX5BHE,01JZ170DPRHYGRH6M74WMGZ8J5,2025-06-30T20:13:49.838267488Z,01JZ170DRXVGFVP20P8DK3M491,2025-06-30T20:13:49.838267488Z,01JZ17CDTWA5ZJVFXRJRWPP8YB,2025-06-30T20:13:49.838267488Z,01JZ17H2JKQXYPBGV7RRHN6ECY,2025-06-30T20:13:49.838267488Z,01JZ17H2KX573H20YKHGZSB3KY,2025-06-30T20:13:49.838267488Z
01JZ17MRKQDETHJJMF6367H402,01JZ170DPRHYGRH6M74WMGZ8J5,2025-06-30T20:14:49.975360842Z,01JZ170DRXVGFVP20P8DK3M491,2025-06-30T20:14:49.975360842Z,01JZ17CDTWA5ZJVFXRJRWPP8YB,2025-06-30T20:14:49.975360842Z,01JZ17H2JKQXYPBGV7RRHN6ECY,2025-06-30T20:14:49.975360842Z,01JZ17H2KY0T9900KYTGYZSB6M,2025-06-30T20:14:49.975360842Z
01JZ182V53DN66EHVJ5F422RVD,01JZ170DPRHYGRH6M74WMGZ8J5,2025-06-30T20:22:31.331678773Z,01JZ170DS9MMA8EZAVKYS5SMHX,2025-06-30T20:22:31.331678773Z,01JZ17S6ZC1ZB5QAG0E0350NSD,2025-06-30T20:22:31.331678773Z,01JZ17TR5GZK4V8170DT4PDB53,2025-06-30T20:22:31.331678773Z,01JZ17TRKB9W2JTNHV11DWWP75,2025-06-30T20:22:31.331678773Z
01JZ18VPFAZCHGGR0SNHPBJMAQ,01JZ18G4TN4FH7205KTQTFE7PM,2025-06-30T20:36:05.738495845Z,01JZ18G4YK3PSP6R2PNWBA4P8S,2025-06-30T20:36:05.738495845Z,01JZ18JABGMJD5Y1TTH0BJFJ2C,2025-06-30T20:36:05.738495845Z,01JZ18QWBAHK4T4H0VEYDTYNA4,2025-06-30T20:36:05.738495845Z,01JZ18QWF0B0N502EC0XGZD96A,2025-06-30T20:36:05.738495845Z
01JZ18XM36GHCN2HR2RRVF773V,01JZ18G4TN4FH7205KTQTFE7PM,2025-06-30T20:37:08.83911206Z,01JZ18G508W9SSEDAT6B79GZND,2025-06-30T20:37:08.83911206Z,01JZ18JV7KEJAEZVY4PCFX2BA4,2025-06-30T20:37:08.83911206Z,01JZ18STHY2VTQFD4CXMK2KF14,2025-06-30T20:37:08.83911206Z,01JZ18STSC4NTMXFTGAYPERD0M,2025-06-30T20:37:08.83911206Z
01JZ18Y3FW8PPBDW5RCEVQ6TNQ,01JZ18G4TN4FH7205KTQTFE7PM,2025-06-30T20:37:24.604478121Z,01JZ18G4X5EPR69QT64DVYQXFJ,2025-06-30T20:37:24.604478121Z,01JZ18J5R16DTA3XKT9Y9737P7,2025-06-30T20:37:24.604478121Z,01JZ18PAR13X6VEBNAGYQZRZE6,2025-06-30T20:37:24.604478121Z,01JZ18PAXR9Y18BVTPX0VAX3XE,2025-06-30T20:37:24.604478121Z
01JZ18Y3S71510GY242KBPVAP2,01JZ18G4TN4FH7205KTQTFE7PM,2025-06-30T20:37:24.903493835Z,01JZ18G4ZZG5A688HVVJGKBFVW,2025-06-30T20:37:24.903493835Z,01JZ18HSGA4VKS1NR0MAVDXW88,2025-06-30T20:37:24.903493835Z,01JZ18RFQ4W09NKQ14XZ3KQN1E,2025-06-30T20:37:24.903493835Z,01JZ18RFW4J096JYHRDJWPBVBD,2025-06-30T20:37:24.903493835Z
01JZ1EYV5SA8HKBKETMZ1SCBAN,01JZ1E916HBESJXS5SJ82BFZ21,2025-06-30T22:22:40.313950964Z,01JZ1E91MDHZVF6NVBEDDVGZWT,2025-06-30T22:22:40.313950964Z,01JZ1EK6MNQT8KSAR9HC017X0H,2025-06-30T22:22:40.313950964Z,01JZ1EWVQ3C0P2AKJ3GFKFG7H9,2025-06-30T22:22:40.313950964Z,01JZ1EWVW3TYWE8D4G43DBZQ54,2025-06-30T22:22:40.313950964Z
01JZ1F3PXMNZYTJKCE61K97EA7,01JZ1E916HBESJXS5SJ82BFZ21,2025-06-30T22:25:19.796339877Z,01JZ1E91WFH0SPDF0PZ6G1349X,2025-06-30T22:25:19.796339877Z,01JZ1ENXKQ8QM070MZA5HYVVNG,2025-06-30T22:25:19.796339877Z,01JZ1EY0RN0AQVXD4S7119EDC2,2025-06-30T22:25:19.796339877Z,01JZ1EY1DAS13TN13JWRWB5PDG,2025-06-30T22:25:19.796339877Z
01JZ17VH2DVQ0N2KWF1EW1YW3F,01JZ170DPRHYGRH6M74WMGZ8J5,2025-06-30T20:18:31.629898876Z,01JZ170DSWJ6311N72HPSQWG9K,2025-06-30T20:18:31.629898876Z,01JZ17BEMM8D7MEKMFQ0MBS3DE,2025-06-30T20:18:31.629898876Z,01JZ17KG5FZCMZS2YJVCAZ741Y,2025-06-30T20:18:31.629898876Z,01JZ17KGB0KKZV9246DJY233DY,2025-06-30T20:18:31.629898876Z
01JZ18TN6PBFAHWYFT7VMFGANB,01JZ18G4TN4FH7205KTQTFE7PM,2025-06-30T20:35:31.670759427Z,01JZ18G4WPK6V9JKZAVKNYS3NB,2025-06-30T20:35:31.670759427Z,01JZ18N0WE2W63AJ0S8AMFR80C,2025-06-30T20:35:31.670759427Z,01JZ18RRB5PTFQB2DKPHTKH4V3,2025-06-30T20:35:31.670759427Z,01JZ18RRER8BFTZ2D1XWP2S5JE,2025-06-30T20:35:31.670759427Z
01JZ18YFJN3VB28F58E3XTWZBW,01JZ18G4TN4FH7205KTQTFE7PM,2025-06-30T20:37:36.98147933Z,01JZ18G4YA2XRQ9RK4RH5WQB1P,2025-06-30T20:37:36.98147933Z,01JZ18M0E7QK051FXC32B03XG8,2025-06-30T20:37:36.98147933Z,01JZ18Q1RTQ5J8GR55C5KB6SHZ,2025-06-30T20:37:36.98147933Z,01JZ18Q1YDQRC2RW0CEX5W2Y51,2025-06-30T20:37:36.98147933Z
01JZ1AAQGG20ATM9F16W8XFN54,01JZ19VEXCKVX740B60X4W6PQN,2025-06-30T21:01:46.896096325Z,01JZ19VF9WCS5BMDRCPXZK6ZBF,2025-06-30T21:01:46.896096325Z,01JZ19Y0QS6ZDMVQR73DRR23RB,2025-06-30T21:01:46.896096325Z,01JZ1A8RTBQBGQ6B3M8DMQ82K3,2025-06-30T21:01:46.896096325Z,01JZ1A8RXR5WSKMBYTYNZKW9M2,2025-06-30T21:01:46.896096325Z
01JZ1GQG23N3CQJEFHJZXFZ7CP,01JZ1G29Q82GQAKEXSK2E7NK3R,2025-06-30T22:53:36.707657601Z,01JZ1G2A9825Q9R0AFVXQNTR63,2025-06-30T22:53:36.707657601Z,01JZ1G4P5HG5MYYFH3JNW3CKA9,2025-06-30T22:53:36.707657601Z,01JZ1GKM3A5ATBGFJSYTP1DWZY,2025-06-30T22:53:36.707657601Z,01JZ1GKMEYEZ8KJC2QAEFC63S4,2025-06-30T22:53:36.707657601Z
01JZ17NK2SC9Z45TFBPBX4XEPJ,01JZ170DPRHYGRH6M74WMGZ8J5,2025-06-30T20:15:17.081361516Z,01JZ170DS434CCJM920VN081CV,2025-06-30T20:15:17.081361516Z,01JZ17A78DPNXD645MNCYQ5HYS,2025-06-30T20:15:17.081361516Z,01JZ17HX0ZXKJ4A0TXNHXA38XE,2025-06-30T20:15:17.081361516Z,01JZ17HX29RXA2F91504PRNF2V,2025-06-30T20:15:17.081361516Z
01JZ1BJ5FQCH4FVV11A5QNYTE1,01JZ1B1VZ9TM9N3252XVVAH9DZ,2025-06-30T21:23:19.159827924Z,01JZ1B1W6S117BH8HCA7NH9R7E,2025-06-30T21:23:19.159827924Z,01JZ1B51FGYNJ0T68GXM1MEH1R,2025-06-30T21:23:19.159827924Z,01JZ1BAHDKSRY9Y8MMEK86CJS4,2025-06-30T21:23:19.159827924Z,01JZ1BAHTJ9DNZD6W2WDN8KC6P,2025-06-30T21:23:19.159827924Z
01JZ1CEFFBN1K3Q91HME8SDZ9Q,01JZ1BX7WQMA45G0E33EEHJ3V9,2025-06-30T21:38:46.891517078Z,01JZ1BX80QRTKGB6MH6HMRDXS1,2025-06-30T21:38:46.891517078Z,01JZ1C4CTKJV3QDB4A0BGTS31H,2025-06-30T21:38:46.891517078Z,01JZ1C6971JYEBAS1QKBJ0656S,2025-06-30T21:38:46.891517078Z,01JZ1C6A3QYKK593DF4D168KHN,2025-06-30T21:38:46.891517078Z
01JZ1GR3QRGP07TMPM6W7CBGDK,01JZ1G29Q82GQAKEXSK2E7NK3R,2025-06-30T22:53:56.856616173Z,01JZ1G29XRNS92G9JYEX4H033M,2025-06-30T22:53:56.856616173Z,01JZ1G6RSPQGYECJMX7N6G6VY8,2025-06-30T22:53:56.856616173Z,01JZ1GM688HKS6CMQAXCQKE8GC,2025-06-30T22:53:56.856616173Z,01JZ1GM6SZG28C3KR4YRXGMRFD,2025-06-30T22:53:56.856616173Z
01JZ1H4GYKGNDBFCS3S48DHE9A,01JZ1G29Q82GQAKEXSK2E7NK3R,2025-06-30T23:00:43.603894941Z,01JZ1G2A58JMFV91VV93EGJJQY,2025-06-30T23:00:43.603894941Z,01JZ1GV1M5Q32ZNQW2E45R5EH9,2025-06-30T23:00:43.603894941Z,01JZ1GW3K49KQTMSG69GXKE3BB,2025-06-30T23:00:43.603894941Z,01JZ1GW4HDCGT8CBM0WR2VEJ2V,2025-06-30T23:00:43.603894941Z
01JZ17KHF3YNWV5K4N9TXTZD5Z,01JZ170DPRHYGRH6M74WMGZ8J5,2025-06-30T20:14:09.891447318Z,01JZ170DS8YWG03GZVY59N3JD0,2025-06-30T20:14:09.891447318Z,01JZ17B25HMB9SR7CZAG7VDDNC,2025-06-30T20:14:09.891447318Z,01JZ17HNMQAAW5HV1NJ3KN0TDP,2025-06-30T20:14:09.891447318Z,01JZ17HNP3AJW0F642RK1ESAQT,2025-06-30T20:14:09.891447318Z
01JZ17T2HE9V9FG8SWHM52EW4X,01JZ170DPRHYGRH6M74WMGZ8J5,2025-06-30T20:17:43.982082131Z,01JZ170DSBT7R80F1BC6BFNZAP,2025-06-30T20:17:43.982082131Z,01JZ17A0VX21AM44XR65ZCDBQZ,2025-06-30T20:17:43.982082131Z,01JZ17JC31V9W433CZ54VPSDCC,2025-06-30T20:17:43.982082131Z,01JZ17JC5R8HPZGDHHMDM55ZW6,2025-06-30T20:17:43.982082131Z
01JZ18RR1MPRXJ2KZSJ78CJYJJ,01JZ18G4TN4FH7205KTQTFE7PM,2025-06-30T20:34:29.04458314Z,01JZ18G4XMK5QHE5YNTR43VZ9V,2025-06-30T20:34:29.04458314Z,01JZ18JYQDFDP4EVNZQ3HF507K,2025-06-30T20:34:29.04458314Z,01JZ18RP7K0MQCXP7DDG2EV4WD,2025-06-30T20:34:29.04458314Z,01JZ18RPAN9E7YY547RMV3BXKB,2025-06-30T20:34:29.04458314Z
01JZ18WG5XVAKR4ZWB8D4AJAJT,01JZ18G4TN4FH7205KTQTFE7PM,2025-06-30T20:36:32.06183175Z,01JZ18G4WPK6V9JKZAVKNYS3NB,2025-06-30T20:36:32.06183175Z,01JZ18M2HA1EB5SFB14JH49GDB,2025-06-30T20:36:32.06183175Z,01JZ18RRB5PTFQB2DKPHTKH4V3,2025-06-30T20:36:32.06183175Z,01JZ18RRF3R9MRCS1M5AG3XEMM,2025-06-30T20:36:32.06183175Z
01JZ18X9W0SM5EWEM4JENM2XER,01JZ18G4TN4FH7205KTQTFE7PM,2025-06-30T20:36:58.368892913Z,01JZ18G4ZDA13FR053ZT1R1FPF,2025-06-30T20:36:58.368892913Z,01JZ18JREDSF9T5ABKG1CCNPKZ,2025-06-30T20:36:58.368892913Z,01JZ18NR6HCE23W41F3CPVZTY3,2025-06-30T20:36:58.368892913Z,01JZ18NRAYW3T2WM9DR7R5NBNE,2025-06-30T20:36:58.368892913Z
01JZ1BQXP5TAVV38RQHBKQV83P,01JZ1B1VZ9TM9N3252XVVAH9DZ,2025-06-30T21:26:27.781913991Z,01JZ1B1W4RP0VXDDKCJTNKM3AX,2025-06-30T21:26:27.781913991Z,01JZ1BH96VSCAX0MRZ5GVT0SBR,2025-06-30T21:26:27.781913991Z,01JZ1BNY8P6J7MV2A9X36WMPD0,2025-06-30T21:26:27.781913991Z,01JZ1BNYHGBQVASEB95WWGGHDA,2025-06-30T21:26:27.781913991Z
01JZ17XWQMHGQ6K5JPR427D7P3,01JZ170DPRHYGRH6M74WMGZ8J5,2025-06-30T20:19:49.10813018Z,01JZ170DRQN15452AYS561M232,2025-06-30T20:19:49.10813018Z,01JZ17R3E57YY9H2V5S1G4XMBW,2025-06-30T20:19:49.10813018Z,01JZ17RBCT038Y8QAFS6F67QDM,2025-06-30T20:19:49.10813018Z,01JZ17RBGPE2RQ9J5YW800P61S,2025-06-30T20:19:49.10813018Z
01JZ18P91V2AJG3D1JBE3Q3GA9,01JZ18G4TN4FH7205KTQTFE7PM,2025-06-30T20:33:08.155827199Z,01JZ18G50PJASP911XB82AW46K,2025-06-30T20:33:08.155827199Z,01JZ18KJE91G49FF99NPC5VF6Y,2025-06-30T20:33:08.155827199Z,01JZ18P6KKP6YDW0ZB2JNENH81,2025-06-30T20:33:08.155827199Z,01JZ18P6RJ2ZTWM3C4E470Y4NM,2025-06-30T20:33:08.155827199Z
01JZ17QWWQ3NTRTRJ2H8HN8PDH,01JZ170DPRHYGRH6M74WMGZ8J5,2025-06-30T20:16:32.663815983Z,01JZ170DRSFZ9Y16965WN1Z2F9,2025-06-30T20:16:32.663815983Z,01JZ17ACVQQE42SB51P5M3A1GH,2025-06-30T20:16:32.663815983Z,01JZ17G70EF8S99NVNWP5G0YQ4,2025-06-30T20:16:32.663815983Z,01JZ17G73DDSDDSGVZG6A3MBYY,2025-06-30T20:16:32.663815983Z
01JZ1BF3GQHD88R6FA7G59YWZ7,01JZ1B1VZ9TM9N3252XVVAH9DZ,2025-06-30T21:21:38.839462302Z,01JZ1B1W5AJ9N87HJBZ99HRQPJ,2025-06-30T21:21:38.839462302Z,01JZ1B4CR8JCWXXD7BQPA68N6Z,2025-06-30T21:21:38.839462302Z,01JZ1BB7ETZS9BEX799QEABQ0R,2025-06-30T21:21:38.839462302Z,01JZ1BB7R5NDJ6N0E4JV728HM3,2025-06-30T21:21:38.839462302Z
01JZ199VZ866CJMG0SA7Y8XKA1,01JZ18R9CHSHJ2BAJZ4M4PAW2X,2025-06-30T20:43:50.120182488Z,01JZ18RA48YSHMY5EWBJ9E61V2,2025-06-30T20:43:50.120182488Z,01JZ192103EKKYM21MP70AEJNN,2025-06-30T20:43:50.120182488Z,01JZ192CQ1PM6AAY4VWQWP0QFX,2025-06-30T20:43:50.120182488Z,01JZ192D6WBRSKW5XVT11AYW1H,2025-06-30T20:43:50.120182488Z
01JZ17S65ZA76092G7JHGPVE37,01JZ170DPRHYGRH6M74WMGZ8J5,2025-06-30T20:17:14.943733689Z,01JZ170DS5DJKXJ3Z7YVJKJJXK,2025-06-30T20:17:14.943733689Z,01JZ17DQRYSG711N7R05SC14HP,2025-06-30T20:17:14.943733689Z,01JZ17QA5NP4NCPJJVMNCZ9F7W,2025-06-30T20:17:14.943733689Z,01JZ17QA7R6RMSWTTSTG8PTY2J,2025-06-30T20:17:14.943733689Z
01JZ18RYBHMY1DWY5XY6C5X418,01JZ18G4TN4FH7205KTQTFE7PM,2025-06-30T20:34:35.505043725Z,01JZ18G4YA2XRQ9RK4RH5WQB1P,2025-06-30T20:34:35.505043725Z,01JZ18M8PYM3H87ZASWMAC2B64,2025-06-30T20:34:35.505043725Z,01JZ18Q1RFWF1SPY79863HPKYC,2025-06-30T20:34:35.505043725Z,01JZ18Q1W9BTR5PH42HW5VBB8R,2025-06-30T20:34:35.505043725Z
01JZ1BD7MQJC5PPT81XFP7NPQH,01JZ1B1VZ9TM9N3252XVVAH9DZ,2025-06-30T21:20:37.527347703Z,01JZ1B1W2WT8MR9NJ7RDDSFH2M,2025-06-30T21:20:37.527347703Z,01JZ1B56KN8DYJ21G7YK1NVQR0,2025-06-30T21:20:37.527347703Z,01JZ1BD3WQZQC101K8A6FPPJ19,2025-06-30T21:20:37.527347703Z,01JZ1BD46WFGNYMFZFEXD9C91Q,2025-06-30T21:20:37.527347703Z
01JZ1CFSNY8DSZW7Y9K981VDD8,01JZ1BX7WQMA45G0E33EEHJ3V9,2025-06-30T21:39:30.110680137Z,01JZ1BX81RJBYPGNM468STZ9YH,2025-06-30T21:39:30.110680137Z,01JZ1C1P9WXAKXCBQ2MNEBPRTC,2025-06-30T21:39:30.110680137Z,01JZ1C7YKPD172BDJ38STHSTER,2025-06-30T21:39:30.110680137Z,01JZ1C7Z1RSZ2Z2Y795KTS1XV2,2025-06-30T21:39:30.110680137Z
01JZ1DCRYB4ENCK3JQDHD9T5PX,01JZ1D0RX94M7HHBAJDNGV8QRS,2025-06-30T21:55:19.627265693Z,01JZ1D0S14X3T6948SDJVF454K,2025-06-30T21:55:19.627265693Z,01JZ1D8RW634M5KPJ3DDHQYDRD,2025-06-30T21:55:19.627265693Z,01JZ1DCMMVE34S81XF4MAEYBQN,2025-06-30T21:55:19.627265693Z,01JZ1DCMTQMK6WWBCE1D8VSTZN,2025-06-30T21:55:19.627265693Z
01JZ17XV392GE4R1DJ6NV2PJHQ,01JZ170DPRHYGRH6M74WMGZ8J5,2025-06-30T20:19:47.433445926Z,01JZ170DS0283SZNEN95XAWWS4,2025-06-30T20:19:47.433445926Z,01JZ17NQ4AD6VM7PXCZNF246W5,2025-06-30T20:19:47.433445926Z,01JZ17NT6Q15JZTNT1T2TRQ09Q,2025-06-30T20:19:47.433445926Z,01JZ17NTC4DG1CYJJTJY1F2J8J,2025-06-30T20:19:47.433445926Z
01JZ18ZK6FVKG9KBFADCDTPZ9Q,01JZ18G4TN4FH7205KTQTFE7PM,2025-06-30T20:38:13.45582005Z,01JZ18G4XDWA3A08Y0HZ5HSAAF,2025-06-30T20:38:13.45582005Z,01JZ18KBAJ0PGQTXZHZSD7KQ4A,2025-06-30T20:38:13.45582005Z,01JZ18R10XKY5S8X2DP4KAHATX,2025-06-30T20:38:13.45582005Z,01JZ18R15QWZGYPDXYR2JDRR4K,2025-06-30T20:38:13.45582005Z
01JZ1BJ4QZBA9N2TCE3EZ01H2N,01JZ1B1VZ9TM9N3252XVVAH9DZ,2025-06-30T21:23:18.39917915Z,01JZ1B1W46BH5YH0XYSE8KJRBK,2025-06-30T21:23:18.39917915Z,01JZ1B53Y9CT8RBFCFDJ7CMETA,2025-06-30T21:23:18.39917915Z,01JZ1BJ1B6MS3FTEDBXT15KPRA,2025-06-30T21:23:18.39917915Z,01JZ1BJ1GNZ6C7H5KPQ8D4B59H,2025-06-30T21:23:18.39917915Z
01JZ1BPVAB7ZYXC5Z6K6WFFVYF,01JZ1B1VZ9TM9N3252XVVAH9DZ,2025-06-30T21:25:52.58706252Z,01JZ1B1W68Y1JCNSRHTZJR0WTB,2025-06-30T21:25:52.58706252Z,01JZ1BEDAMJRCNYC6ZRWR4EWKQ,2025-06-30T21:25:52.58706252Z,01JZ1BH44X88X65JM8T5DXFWMN,2025-06-30T21:25:52.58706252Z,01JZ1BH4KN12FMR11G35AYXHA6,2025-06-30T21:25:52.58706252Z
01JZ1BSDF5FK86BZVCGA6M9WJP,01JZ1B1VZ9TM9N3252XVVAH9DZ,2025-06-30T21:27:16.709163911Z,01JZ1B1W68Y1JCNSRHTZJR0WTB,2025-06-30T21:27:16.709163911Z,01JZ1BEDAMJRCNYC6ZRWR4EWKQ,2025-06-30T21:27:16.709163911Z,01JZ1BH4CC6N46FP386VHR81G9,2025-06-30T21:27:16.709163911Z,01JZ1BH4V57GVQTP5Y76241390,2025-06-30T21:27:16.709163911Z
01JZ1GQQ543GKBGEM8EE96BECS,01JZ1G29Q82GQAKEXSK2E7NK3R,2025-06-30T22:53:43.972492963Z,01JZ1G2A24PAZYJHH2EQFGJG7N,2025-06-30T22:53:43.972492963Z,01JZ1G7JX1NV5X3X0139HRSB32,2025-06-30T22:53:43.972492963Z,01JZ1GG455T50A4SRMTESNHV0P,2025-06-30T22:53:43.972492963Z,01JZ1GG4P1C63TEHEF04Q831Y8,2025-06-30T22:53:43.972492963Z
01JZ17S65MV7KWZ0WDG7T040PH,01JZ170DPRHYGRH6M74WMGZ8J5,2025-06-30T20:17:14.932436921Z,01JZ170DS5DJKXJ3Z7YVJKJJXK,2025-06-30T20:17:14.932436921Z,01JZ17ETMDVKMB5DEN58FYX8NM,2025-06-30T20:17:14.932436921Z,01JZ17QA5NP4NCPJJVMNCZ9F7W,2025-06-30T20:17:14.932436921Z,01JZ17QA7R6RMSWTTSTG8PTY2J,2025-06-30T20:17:14.932436921Z
01JZ17X4YH0MDWQCR47BSSN1JE,01JZ170DPRHYGRH6M74WMGZ8J5,2025-06-30T20:19:24.753333941Z,01JZ170DSXXMDA003X79NFA4N0,2025-06-30T20:19:24.753333941Z,01JZ17CZMJ8ZJDC1BKFXHNXYR1,2025-06-30T20:19:24.753333941Z,01JZ17NRRR088W52FGBGCTETBE,2025-06-30T20:19:24.753333941Z,01JZ17NRWDQHY67B4DFPVPMKXW,2025-06-30T20:19:24.753333941Z
01JZ1826T6SH5K9RFWZ4EMMY9E,01JZ170DPRHYGRH6M74WMGZ8J5,2025-06-30T20:22:10.502491356Z,01JZ170DS9MMA8EZAVKYS5SMHX,2025-06-30T20:22:10.502491356Z,01JZ17CPP7Y270N83EX04850B6,2025-06-30T20:22:10.502491356Z,01JZ17TR6X8TWBF7X6J4SZFVJ8,2025-06-30T20:22:10.502491356Z,01JZ17TRDZ3MV73YK1X2ZDQY7N,2025-06-30T20:22:10.502491356Z
01JZ18V6BRT1PJHNR29XTB6SZ2,01JZ18G4TN4FH7205KTQTFE7PM,2025-06-30T20:35:49.240971649Z,01JZ18G4Z7SR18DC8PDBR22HS5,2025-06-30T20:35:49.240971649Z,01JZ18HPXJ4G52DBV1JHKTXZPH,2025-06-30T20:35:49.240971649Z,01JZ18S8W382ZTX14ED28QZWFS,2025-06-30T20:35:49.240971649Z,01JZ18S90DQFB1FY8Q67VCPJEB,2025-06-30T20:35:49.240971649Z
01JZ1BS29EF2V3SXXCF6Y77BGM,01JZ1B1VZ9TM9N3252XVVAH9DZ,2025-06-30T21:27:05.262553638Z,01JZ1B1W68Y1JCNSRHTZJR0WTB,2025-06-30T21:27:05.262553638Z,01JZ1B792JY1J7NFJKWZPMCAGM,2025-06-30T21:27:05.262553638Z,01JZ1BH45TYYSNR9HRYXWTVB04,2025-06-30T21:27:05.262553638Z,01JZ1BH4RVE34PYY4WF2W33DR9,2025-06-30T21:27:05.262553638Z
01JZ1BT7R6B47VRZDQPCN6V3YP,01JZ1B1VZ9TM9N3252XVVAH9DZ,2025-06-30T21:27:43.622608032Z,01JZ1B1W46BH5YH0XYSE8KJRBK,2025-06-30T21:27:43.622608032Z,01JZ1B88RR65Q9PG31DJTYC075,2025-06-30T21:27:43.622608032Z,01JZ1BJ1FAQJQXPY3NN1T11973,2025-06-30T21:27:43.622608032Z,01JZ1BJ1VZTMR233FHHW2QDPDF,2025-06-30T21:27:43.622608032Z
01JZ1CBYXN679FF9FFAMSK5EAJ,01JZ1BX7WQMA45G0E33EEHJ3V9,2025-06-30T21:37:24.40732921Z,01JZ1BX80QRTKGB6MH6HMRDXS1,2025-06-30T21:37:24.40732921Z,01JZ1C4CTKJV3QDB4A0BGTS31H,2025-06-30T21:37:24.40732921Z,01JZ1C68WHJ3JXAR0SNG92WD7N,2025-06-30T21:37:24.40732921Z,01JZ1C69KKZEBV1Z57Y44FZAZR,2025-06-30T21:37:24.40732921Z
01JZ17QXH1AQ8AKV5M1B1EMJ8V,01JZ170DPRHYGRH6M74WMGZ8J5,2025-06-30T20:16:33.313929094Z,01JZ170DSBT7R80F1BC6BFNZAP,2025-06-30T20:16:33.313929094Z,01JZ17A0VX21AM44XR65ZCDBQZ,2025-06-30T20:16:33.313929094Z,01JZ17JC3646JKWR0PPXMYYSSE,2025-06-30T20:16:33.313929094Z,01JZ17JC4FBEB4KZMVBDNS6F27,2025-06-30T20:16:33.313929094Z
01JZ1BQXJAA93PFMG5EZF9Y01K,01JZ1B1VZ9TM9N3252XVVAH9DZ,2025-06-30T21:26:27.658556163Z,01JZ1B1W4RP0VXDDKCJTNKM3AX,2025-06-30T21:26:27.658556163Z,01JZ1B80W46R4JBTV3ZZ1YXW46,2025-06-30T21:26:27.658556163Z,01JZ1BNY8P6J7MV2A9X36WMPD0,2025-06-30T21:26:27.658556163Z,01JZ1BNYHGBQVASEB95WWGGHDA,2025-06-30T21:26:27.658556163Z
01JZ17QV33XMKNHVYP2AYCZM76,01JZ170DPRHYGRH6M74WMGZ8J5,2025-06-30T20:16:30.819162009Z,01JZ170DRRRWN613C5WJQ8B5Q6,2025-06-30T20:16:30.819162009Z,01JZ178SZSEG7MZD5W906ME19S,2025-06-30T20:16:30.819162009Z,01JZ17G52FMVNG3XMRM1S9BWKE,2025-06-30T20:16:30.819162009Z,01JZ17G552VBGTK7H80K0T26PQ,2025-06-30T20:16:30.819162009Z
01JZ17Y30JPHC41F1DX9Z7AY5E,01JZ170DPRHYGRH6M74WMGZ8J5,2025-06-30T20:19:55.538145816Z,01JZ170DRV33K8D9D9ZMQKAW2D,2025-06-30T20:19:55.538145816Z,01JZ179XMYFK94EADRMMB2K8HQ,2025-06-30T20:19:55.538145816Z,01JZ17PPJ2YWZWK15QBYRMGXYC,2025-06-30T20:19:55.538145816Z,01JZ17PPMHDK98DK1177D9WR7E,2025-06-30T20:19:55.538145816Z
01JZ17YDKW5E5K71N06S9QEM2P,01JZ170DPRHYGRH6M74WMGZ8J5,2025-06-30T20:20:06.396667801Z,01JZ170DRV33K8D9D9ZMQKAW2D,2025-06-30T20:20:06.396667801Z,01JZ17F29KQA44VJC80QGCAS6X,2025-06-30T20:20:06.396667801Z,01JZ17PPHXYGVWTQWQ3EC28RK2,2025-06-30T20:20:06.396667801Z,01JZ17PPN70GGETHBSX3JG0VWX,2025-06-30T20:20:06.396667801Z
01JZ18T22JZAASYJ5EDKNWJ5AE,01JZ18G4TN4FH7205KTQTFE7PM,2025-06-30T20:35:12.082515684Z,01JZ18G4X5EPR69QT64DVYQXFJ,2025-06-30T20:35:12.082515684Z,01JZ18J5R16DTA3XKT9Y9737P7,2025-06-30T20:35:12.082515684Z,01JZ18PAPZYGZBF3DQ7XCBJ9MP,2025-06-30T20:35:12.082515684Z,01JZ18PATR3YHXG6RR97W9RCTF,2025-06-30T20:35:12.082515684Z
01JZ1BXWK7WCZ4ZSNY4VF7B7D1,01JZ1B1VZ9TM9N3252XVVAH9DZ,2025-06-30T21:29:43.271441972Z,01JZ1B1W5TAZ0C76DBH0ZAEY5X,2025-06-30T21:29:43.271441972Z,01JZ1BNKT1EA6BGVVN8436Q4BP,2025-06-30T21:29:43.271441972Z,01JZ1BNNMV2BR05NWSF4VH5Q39,2025-06-30T21:29:43.271441972Z,01JZ1BNPPSW8TS84E619NWBAV9,2025-06-30T21:29:43.271441972Z
01JZ1GYT415FMA25G845NN3E6T,01JZ1G29Q82GQAKEXSK2E7NK3R,2025-06-30T22:57:36.385326419Z,01JZ1G2AATTMJJ07WA2JZ9MF1K,2025-06-30T22:57:36.385326419Z,01JZ1GRY7J5YBFT0P7ME9XRK58,2025-06-30T22:57:36.385326419Z,01JZ1GWNC8K4Z8FGCARK2K5BBW,2025-06-30T22:57:36.385326419Z,01JZ1GWP1M7PATMYHCDB5M9RP7,2025-06-30T22:57:36.385326419Z
01JZ17W5FFT7DR23CX1V1GJR1H,01JZ170DPRHYGRH6M74WMGZ8J5,2025-06-30T20:18:52.528053371Z,01JZ170DS434CCJM920K0JDY80,2025-06-30T20:18:52.528053371Z,01JZ17BXPZGQSXJ1A4PH60Q6WQ,2025-06-30T20:18:52.528053371Z,01JZ17MESMPWPZJ1XK6T8SDFSR,2025-06-30T20:18:52.528053371Z,01JZ17MEXWEDJ8BPGMZ2YXTX38,2025-06-30T20:18:52.528053371Z
01JZ18SVHB86JN7KXA7T78Z74Y,01JZ18G4TN4FH7205KTQTFE7PM,2025-06-30T20:35:05.387923689Z,01JZ18G4YK3PSP6R2PNWBA4P8S,2025-06-30T20:35:05.387923689Z,01JZ18JNT2QKJHBG0YSDA5VWH8,2025-06-30T20:35:05.387923689Z,01JZ18QWBAHK4T4H0VEYDTYNA4,2025-06-30T20:35:05.387923689Z,01JZ18QWEKTT51B5RARFJ2E1HQ,2025-06-30T20:35:05.387923689Z
01JZ18TF751VT8JVCNGABA4W2R,01JZ18G4TN4FH7205KTQTFE7PM,2025-06-30T20:35:25.541339315Z,01JZ18G50G0GKPPCFSW2N0ZNW1,2025-06-30T20:35:25.541339315Z,01JZ18J6KD5BBAN05Q96NKJXCJ,2025-06-30T20:35:25.541339315Z,01JZ18RHFZ729S1GE13DM98H8Z,2025-06-30T20:35:25.541339315Z,01JZ18RHKM9SS1YZCTMJC8BRDP,2025-06-30T20:35:25.541339315Z
01JZ1FBVV3DVRJCBYR3Y9MFT40,01JZ1E916HBESJXS5SJ82BFZ21,2025-06-30T22:29:46.979884108Z,01JZ1E91SWVSXS6FK33QCMH9SP,2025-06-30T22:29:46.979884108Z,01JZ1EJSF3D74SJNMB9KEWHKK2,2025-06-30T22:29:46.979884108Z,01JZ1F45JS6TFXTD2Q00PGG1NH,2025-06-30T22:29:46.979884108Z,01JZ1F462CE92VRPSW2G14335N,2025-06-30T22:29:46.979884108Z
01JZ1BSHX73FQRD1NYY0J9JEKZ,01JZ1B1VZ9TM9N3252XVVAH9DZ,2025-06-30T21:27:21.25580705Z,01JZ1B1W46BH5YH0XYSE8KJRBK,2025-06-30T21:27:21.25580705Z,01JZ1B53Y9CT8RBFCFDJ7CMETA,2025-06-30T21:27:21.25580705Z,01JZ1BJ1CD7PGGMV0A6YRMHSQJ,2025-06-30T21:27:21.25580705Z,01JZ1BJ1Q3JY8NWMAF904NVX9Y,2025-06-30T21:27:21.25580705Z
01JZ17R59FTKQQ44DD2EJKVKEB,01JZ170DPRHYGRH6M74WMGZ8J5,2025-06-30T20:16:41.263590858Z,01JZ170DS434CCJM920K0JDY80,2025-06-30T20:16:41.263590858Z,01JZ17AA6B6W27BR52VPQ8MSYM,2025-06-30T20:16:41.263590858Z,01JZ17MESGQH4PGAZ2NQBVJJAG,2025-06-30T20:16:41.263590858Z,01JZ17MEVAAJKTKTYGK396SZTP,2025-06-30T20:16:41.263590858Z
01JZ17X6ETBM90881G8FX5PYPR,01JZ170DPRHYGRH6M74WMGZ8J5,2025-06-30T20:19:26.298851211Z,01JZ170DS0283SZNEN95XAWWS4,2025-06-30T20:19:26.298851211Z,01JZ17G9ZFDP0QC4ASAB62EXYP,2025-06-30T20:19:26.298851211Z,01JZ17NT7EMFQXG1J8BV4ZA47S,2025-06-30T20:19:26.298851211Z,01JZ17NTAT5PYSK8MFEYTY9GVR,2025-06-30T20:19:26.298851211Z
01JZ18ZXHAARVHQTJTGYD9X5N6,01JZ18G4TN4FH7205KTQTFE7PM,2025-06-30T20:38:24.042671551Z,01JZ18G4XDWA3A08Y0HZ5HSAAF,2025-06-30T20:38:24.042671551Z,01JZ18JRC4BH8D9FBM20ZHDN29,2025-06-30T20:38:24.042671551Z,01JZ18R10H32Q9CQ9VTYQTZJBZ,2025-06-30T20:38:24.042671551Z,01JZ18R16YD5FKS8D6PV6ZDNK0,2025-06-30T20:38:24.042671551Z
01JZ190EDQ4MBEEPEHCFV9CVPG,01JZ18G4TN4FH7205KTQTFE7PM,2025-06-30T20:38:41.335440016Z,01JZ18G4ZZG5A688HVVJGKBFVW,2025-06-30T20:38:41.335440016Z,01JZ18JE9A6THSRA3515C4Q3GE,2025-06-30T20:38:41.335440016Z,01JZ18RFPSBYDPWWM1XEC3ZD1K,2025-06-30T20:38:41.335440016Z,01JZ18RFYZM994ZBBJ03EY6DVF,2025-06-30T20:38:41.335440016Z
01JZ191DRE1P1S0T5NVEVY27H6,01JZ18G4TN4FH7205KTQTFE7PM,2025-06-30T20:39:13.423038201Z,01JZ18G508W9SSEDAT6B79GZND,2025-06-30T20:39:13.423038201Z,01JZ18J46H2273JNNKGGW4JXM3,2025-06-30T20:39:13.423038201Z,01JZ18STGY49XDG4HG71EG50TV,2025-06-30T20:39:13.423038201Z,01JZ18STZBD4RY1B2XM7NFCSF9,2025-06-30T20:39:13.423038201Z
01JZ1AM1D695X0508TJ8E7BTA4,01JZ19VEXCKVX740B60X4W6PQN,2025-06-30T21:06:51.942099202Z,01JZ19VF6XEW5FG377QGXCTRD1,2025-06-30T21:06:51.942099202Z,01JZ1A9Y4FG88CERVMWV547SJC,2025-06-30T21:06:51.942099202Z,01JZ1ACG7RFGJPNSR51K4JAEZ8,2025-06-30T21:06:51.942099202Z,01JZ1ACGG67SPZ8AY8TH5DZ6XK,2025-06-30T21:06:51.942099202Z
01JZ1BMZKCM8RWF58BGEVVEYC5,01JZ1B1VZ9TM9N3252XVVAH9DZ,2025-06-30T21:24:51.436866303Z,01JZ1B1W2WT8MR9NJ7RDDSFH2M,2025-06-30T21:24:51.436866303Z,01JZ1B3YWXA1F3DXJYFKHTVRDW,2025-06-30T21:24:51.436866303Z,01JZ1BD437FH3N90SJNPN2P8KN,2025-06-30T21:24:51.436866303Z,01JZ1BD4MZ06KW5Q7KF9SR8RYG,2025-06-30T21:24:51.436866303Z
01JZ17SJVZZBJZ711A29P0W3SY,01JZ170DPRHYGRH6M74WMGZ8J5,2025-06-30T20:17:27.935176113Z,01JZ170DS434CCJM920VN081CV,2025-06-30T20:17:27.935176113Z,01JZ17BSJ6X9VEMM4EYWC90B29,2025-06-30T20:17:27.935176113Z,01JZ17HX12C9Q5A1V342FH26JF,2025-06-30T20:17:27.935176113Z,01JZ17HX3EQEFGC73HCGEKW352,2025-06-30T20:17:27.935176113Z
01JZ17W1ZPQV5T5Y8FNXPXT8TR,01JZ170DPRHYGRH6M74WMGZ8J5,2025-06-30T20:18:48.950077895Z,01JZ170DRQN15452AYS561M232,2025-06-30T20:18:48.950077895Z,01JZ17EC9TCGFEVCEX7CCFP6AJ,2025-06-30T20:18:48.950077895Z,01JZ17RBCT038Y8QAFS6F67QDM,2025-06-30T20:18:48.950077895Z,01JZ17RBG8YTAYEQS83SYBQZSE,2025-06-30T20:18:48.950077895Z
01JZ18X1DY8PJ48T98YZ60BZTN,01JZ18G4TN4FH7205KTQTFE7PM,2025-06-30T20:36:49.726978051Z,01JZ18G4Z7SR18DC8PDBR22HS5,2025-06-30T20:36:49.726978051Z,01JZ18K0S7ESWE4C2YKPFWVG9K,2025-06-30T20:36:49.726978051Z,01JZ18S8W382ZTX14ED28QZWFS,2025-06-30T20:36:49.726978051Z,01JZ18S90TARGHQXS9MX81EXBS,2025-06-30T20:36:49.726978051Z
01JZ18ZE0H9KR0EQEFRT4HT0W1,01JZ18G4TN4FH7205KTQTFE7PM,2025-06-30T20:38:08.145180434Z,01JZ18G4YK3PSP6R2PNWBA4P8S,2025-06-30T20:38:08.145180434Z,01JZ18JABGMJD5Y1TTH0BJFJ2C,2025-06-30T20:38:08.145180434Z,01JZ18QWAXDS741W4C9GD54TCD,2025-06-30T20:38:08.145180434Z,01JZ18QWGR4TZ5C0S7H01YRPTG,2025-06-30T20:38:08.145180434Z
01JZ1917HSTHKPR0B2D8CF3HPZ,01JZ18G4TN4FH7205KTQTFE7PM,2025-06-30T20:39:07.065190635Z,01JZ18G4Z7SR18DC8PDBR22HS5,2025-06-30T20:39:07.065190635Z,01JZ18KKD45G2Z51GTDYMFBGF8,2025-06-30T20:39:07.065190635Z,01JZ18S8XT12G8V1PAKVTN6A36,2025-06-30T20:39:07.065190635Z,01JZ18S94Q821AQ06RB0P0ZB2X,2025-06-30T20:39:07.065190635Z
01JZ1923SR8JAEHGC54N3J01H1,01JZ18G4TN4FH7205KTQTFE7PM,2025-06-30T20:39:35.992453671Z,01JZ18G508W9SSEDAT6B79GZND,2025-06-30T20:39:35.992453671Z,01JZ18NT2QY0K3T67RMTHTZ875,2025-06-30T20:39:35.992453671Z,01JZ18STDNJEZSFCWMMDNZVD2H,2025-06-30T20:39:35.992453671Z,01JZ18SV7J133908AJQ39H2H6W,2025-06-30T20:39:35.992453671Z
01JZ1CFMJWWH7CPTNV5HJ5BB4H,01JZ1BX7WQMA45G0E33EEHJ3V9,2025-06-30T21:39:24.892519016Z,01JZ1BX849RGFMRNF1WR9VXVPD,2025-06-30T21:39:24.892519016Z,01JZ1C4P0YN4P4R63ZN9FPE2D4,2025-06-30T21:39:24.892519016Z,01JZ1C84PWB89K54MZ4M1J77C7,2025-06-30T21:39:24.892519016Z,01JZ1C852S2CMTC1G2JBNJX157,2025-06-30T21:39:24.892519016Z
01JZ182V60W7WXXKQQKRQFJNTN,01JZ170DPRHYGRH6M74WMGZ8J5,2025-06-30T20:22:31.36047007Z,01JZ170DS9MMA8EZAVKYS5SMHX,2025-06-30T20:22:31.36047007Z,01JZ17HFJ1YVGFVR94GB9T8A4P,2025-06-30T20:22:31.36047007Z,01JZ17TR5GZK4V8170DT4PDB53,2025-06-30T20:22:31.36047007Z,01JZ17TRKB9W2JTNHV11DWWP75,2025-06-30T20:22:31.36047007Z
01JZ18VSQ6GE60X3E54WECVRDZ,01JZ18G4TN4FH7205KTQTFE7PM,2025-06-30T20:36:09.062666717Z,01JZ18G4XDWA3A08Y0HZ5HSAAF,2025-06-30T20:36:09.062666717Z,01JZ18KBAJ0PGQTXZHZSD7KQ4A,2025-06-30T20:36:09.062666717Z,01JZ18R0Z5Z926ZA90YM7MYTK3,2025-06-30T20:36:09.062666717Z,01JZ18R13EM5Y88CXN2J36AQD4,2025-06-30T20:36:09.062666717Z
01JZ18XM4EXQ2TMHTGQX4KRXF9,01JZ18G4TN4FH7205KTQTFE7PM,2025-06-30T20:37:08.878958502Z,01JZ18G508W9SSEDAT6B79GZND,2025-06-30T20:37:08.878958502Z,01JZ18JE7QR9RF8E7B9MDMMGE2,2025-06-30T20:37:08.878958502Z,01JZ18STHY2VTQFD4CXMK2KF14,2025-06-30T20:37:08.878958502Z,01JZ18STSC4NTMXFTGAYPERD0M,2025-06-30T20:37:08.878958502Z
01JZ1901A8AECW22KBWK3N65QW,01JZ18G4TN4FH7205KTQTFE7PM,2025-06-30T20:38:27.912475944Z,01JZ18G512YK4K14AJW1A4KQT5,2025-06-30T20:38:27.912475944Z,01JZ18P8E791PBV9BDRV76VVRH,2025-06-30T20:38:27.912475944Z,01JZ18R8C449S3PJKZXB5RXQ2D,2025-06-30T20:38:27.912475944Z,01JZ18R8JXKKMKNRFWDN2DEEA7,2025-06-30T20:38:27.912475944Z
01JZ1ACM9YT9STJDJ0NTQR662J,01JZ19VEXCKVX740B60X4W6PQN,2025-06-30T21:02:49.150622587Z,01JZ19VF6XEW5FG377QGXCTRD1,2025-06-30T21:02:49.150622587Z,01JZ1A8X5PJAXZBFXHM3C9X96V,2025-06-30T21:02:49.150622587Z,01JZ1ACG4HW6PFHHMR21QG9MSA,2025-06-30T21:02:49.150622587Z,01JZ1ACGAF2FHM878KZCFE82T3,2025-06-30T21:02:49.150622587Z
01JZ18XNYRPAPDQA8P5J4QHA78,01JZ18G4TN4FH7205KTQTFE7PM,2025-06-30T20:37:10.744489528Z,01JZ18G50PJASP911XB82AW46K,2025-06-30T20:37:10.744489528Z,01JZ18KJE91G49FF99NPC5VF6Y,2025-06-30T20:37:10.744489528Z,01JZ18P6MTEX79E96T9HBXCMA3,2025-06-30T20:37:10.744489528Z,01JZ18P70T2Y3WKZ2T0YJT6WEW,2025-06-30T20:37:10.744489528Z
01JZ190DQ74BBBAAZG5MMVZ5PE,01JZ18G4TN4FH7205KTQTFE7PM,2025-06-30T20:38:40.615604697Z,01JZ18G4XDWA3A08Y0HZ5HSAAF,2025-06-30T20:38:40.615604697Z,01JZ18K1FP19HQQGWY5MDNJT99,2025-06-30T20:38:40.615604697Z,01JZ18R104VYMDDRK1QJHT9RQ9,2025-06-30T20:38:40.615604697Z,01JZ18R18DFKMEAWWTVWN3KHR5,2025-06-30T20:38:40.615604697Z
01JZ1916STW3NEW6NHDZ5W819X,01JZ18G4TN4FH7205KTQTFE7PM,2025-06-30T20:39:06.298510489Z,01JZ18G4XMK5QHE5YNTR43VZ9V,2025-06-30T20:39:06.298510489Z,01JZ18JG8638DXN8F3WDEPTJAB,2025-06-30T20:39:06.298510489Z,01JZ18RP9ZDBJKMBBTW600ZPPV,2025-06-30T20:39:06.298510489Z,01JZ18RPH48SR6A7PG262SRVBN,2025-06-30T20:39:06.298510489Z
01JZ1F68976GYMJE31W09WHDKM,01JZ1E916HBESJXS5SJ82BFZ21,2025-06-30T22:26:43.111354732Z,01JZ1E91WFH0SPDF0PZ6G1349X,2025-06-30T22:26:43.111354732Z,01JZ1EBNRXWXP0H461Z4YMKNYP,2025-06-30T22:26:43.111354732Z,01JZ1EY0XJ2C8YVSWG7BRMYZAF,2025-06-30T22:26:43.111354732Z,01JZ1EY1RGNNASGX9RV4JJZE85,2025-06-30T22:26:43.111354732Z
01JZ17WGFQ1YGY1S4EK2SZWAGV,01JZ170DPRHYGRH6M74WMGZ8J5,2025-06-30T20:19:03.799406761Z,01JZ170DSP5HFMBRZWFQV8RFVC,2025-06-30T20:19:03.799406761Z,01JZ178B4PCAFGN9QS0GJ0TQ84,2025-06-30T20:19:03.799406761Z,01JZ17RSKP4T7TM013SKSDCBN6,2025-06-30T20:19:03.799406761Z,01JZ17RSP6EC94WCD300W6M3AA,2025-06-30T20:19:03.799406761Z
01JZ1AZ62CKJCQPH4QYRNGVXXB,01JZ19VEXCKVX740B60X4W6PQN,2025-06-30T21:12:57.164236098Z,01JZ19VF4XXDC5SP97SM18G8VM,2025-06-30T21:12:57.164236098Z,01JZ19XD6XDCZFB3F08CC7HS0Y,2025-06-30T21:12:57.164236098Z,01JZ1AQBH2AQ4HJ4SKYQ5374F4,2025-06-30T21:12:57.164236098Z,01JZ1AQC0QDS5MXCQA9E82VAD0,2025-06-30T21:12:57.164236098Z
01JZ1DNE9H18C8XF6K3ZAEMS7Y,01JZ1D0RX94M7HHBAJDNGV8QRS,2025-06-30T22:00:03.633892384Z,01JZ1D0S61XK8FZCNQBM2ZAEE6,2025-06-30T22:00:03.633892384Z,01JZ1D497J6YYY65Y2Z1DW88ZY,2025-06-30T22:00:03.633892384Z,01JZ1DHG42SDRFG0AMYRAAVFFX,2025-06-30T22:00:03.633892384Z,01JZ1DHGT73RX5V018YKF27ZKE,2025-06-30T22:00:03.633892384Z
01JZ1FB37EAAPAP6NNHRP7WYBP,01JZ1E916HBESJXS5SJ82BFZ21,2025-06-30T22:29:21.774516053Z,01JZ1E91ENR7DC2PFTK7ZY5PTJ,2025-06-30T22:29:21.774516053Z,01JZ1F6AT65D7Q2J3RRFNE8GQF,2025-06-30T22:29:21.774516053Z,01JZ1F70RJ6JX7FR0QPB30BKG3,2025-06-30T22:29:21.774516053Z,01JZ1F710VPCAQRCAJ448C7HE9,2025-06-30T22:29:21.774516053Z
01JZ1GNMJX77JQP8G5Z837E7HP,01JZ1G29Q82GQAKEXSK2E7NK3R,2025-06-30T22:52:35.805764981Z,01JZ1G2A9825Q9R0AFVXQNTR63,2025-06-30T22:52:35.805764981Z,01JZ1G559C6P7CY3FSGY2MAEHK,2025-06-30T22:52:35.805764981Z,01JZ1GKM3A5ATBGFJSYTP1DWZY,2025-06-30T22:52:35.805764981Z,01JZ1GKMDWZ4YEJS5RRPMES3KN,2025-06-30T22:52:35.805764981Z
01JZ17R598W3QY56Q74Q8Z8C67,01JZ170DPRHYGRH6M74WMGZ8J5,2025-06-30T20:16:41.256239802Z,01JZ170DS434CCJM920K0JDY80,2025-06-30T20:16:41.256239802Z,01JZ17JRNHBCA9Z1PDJFB00SE3,2025-06-30T20:16:41.256239802Z,01JZ17MESGQH4PGAZ2NQBVJJAG,2025-06-30T20:16:41.256239802Z,01JZ17MEVAAJKTKTYGK396SZTP,2025-06-30T20:16:41.256239802Z
01JZ18R46GP4EPXQDA8TNKZRKZ,01JZ18G4TN4FH7205KTQTFE7PM,2025-06-30T20:34:08.720601749Z,01JZ18G50PJASP911XB82AW46K,2025-06-30T20:34:08.720601749Z,01JZ18KCZAP8MJWF3YFSDPP92T,2025-06-30T20:34:08.720601749Z,01JZ18P6M9PWBBNS9EFA2527RR,2025-06-30T20:34:08.720601749Z,01JZ18P6W0A982H5CMGKWBXZEF,2025-06-30T20:34:08.720601749Z
01JZ1AGBE919H5PEW24Y1FKDFE,01JZ19VEXCKVX740B60X4W6PQN,2025-06-30T21:04:51.145879157Z,01JZ19VF9WCS5BMDRCPXZK6ZBF,2025-06-30T21:04:51.145879157Z,01JZ19XSD6SYGG49Q271DJ23J5,2025-06-30T21:04:51.145879157Z,01JZ1A8RSRN8NWX633AN587X7F,2025-06-30T21:04:51.145879157Z,01JZ1A8S0SHPAZZMW9MCZGGN41,2025-06-30T21:04:51.145879157Z
01JZ1AZGNG2M5N7HZ1MG664ET9,01JZ19VEXCKVX740B60X4W6PQN,2025-06-30T21:13:08.016597481Z,01JZ19VF4XXDC5SP97SM18G8VM,2025-06-30T21:13:08.016597481Z,01JZ1AHC0761QMCW1DPTW1G44R,2025-06-30T21:13:08.016597481Z,01JZ1AQBGFVYCSP9N6MQYTQFEK,2025-06-30T21:13:08.016597481Z,01JZ1AQC2J84K7V9QFGXHZ263Z,2025-06-30T21:13:08.016597481Z
01JZ1DT7VDNTMF2947HYFMQCRP,01JZ1D0RX94M7HHBAJDNGV8QRS,2025-06-30T22:02:40.877807193Z,01JZ1D0S4EMT97ECKQ06X1ZWAX,2025-06-30T22:02:40.877807193Z,01JZ1DAGGXK4R30KWG4J61A22A,2025-06-30T22:02:40.877807193Z,01JZ1DHWEXPB13DZQKK7395V00,2025-06-30T22:02:40.877807193Z,01JZ1DHX7MN96NAARX0SPBRZ8T,2025-06-30T22:02:40.877807193Z
01JZ1FAQFGH9H56CT0ZQV671FG,01JZ1E916HBESJXS5SJ82BFZ21,2025-06-30T22:29:09.744310065Z,01JZ1E923XSJ5V9JGGJQR2CG7M,2025-06-30T22:29:09.744310065Z,01JZ1EMYVSBFSNMNYSTV9SNRK6,2025-06-30T22:29:09.744310065Z,01JZ1F28Y14BQTYK8651VZJQ25,2025-06-30T22:29:09.744310065Z,01JZ1F29TAPHC1CMSQ8Z1QTTHJ,2025-06-30T22:29:09.744310065Z
01JZ17SJTWGDZJM4SA6B417RDD,01JZ170DPRHYGRH6M74WMGZ8J5,2025-06-30T20:17:27.900156181Z,01JZ170DS434CCJM920VN081CV,2025-06-30T20:17:27.900156181Z,01JZ17AXNB63XKGBKW724P24XM,2025-06-30T20:17:27.900156181Z,01JZ17HX12C9Q5A1V342FH26JF,2025-06-30T20:17:27.900156181Z,01JZ17HX3EQEFGC73HCGEKW352,2025-06-30T20:17:27.900156181Z
01JZ17VJZEG6AT4Q1XAMJJ4PHZ,01JZ170DPRHYGRH6M74WMGZ8J5,2025-06-30T20:18:33.582482222Z,01JZ170DRWH3Q5VEKFYTCWXCB9,2025-06-30T20:18:33.582482222Z,01JZ178J2BZ2NF5FVTXNH8JBMT,2025-06-30T20:18:33.582482222Z,01JZ17M63Y2ZQE6JBWKAH6VSPE,2025-06-30T20:18:33.582482222Z,01JZ17M67CK483EM7TTBPCRTB0,2025-06-30T20:18:33.582482222Z
01JZ18ZK338522MNF2YWVC1ECP,01JZ18G4TN4FH7205KTQTFE7PM,2025-06-30T20:38:13.347776464Z,01JZ18G4XDWA3A08Y0HZ5HSAAF,2025-06-30T20:38:13.347776464Z,01JZ18JRC4BH8D9FBM20ZHDN29,2025-06-30T20:38:13.347776464Z,01JZ18R10XKY5S8X2DP4KAHATX,2025-06-30T20:38:13.347776464Z,01JZ18R15QWZGYPDXYR2JDRR4K,2025-06-30T20:38:13.347776464Z
01JZ1AGAM9QX153HYPHMJZRY3W,01JZ19VEXCKVX740B60X4W6PQN,2025-06-30T21:04:50.31345185Z,01JZ19VF6XEW5FG377QGXCTRD1,2025-06-30T21:04:50.31345185Z,01JZ19XTW2HK24K9S0K07R4X7Y,2025-06-30T21:04:50.31345185Z,01JZ1ACG5AA6PRZ7WAEJWMNX2A,2025-06-30T21:04:50.31345185Z,01JZ1ACGDWN2V5ETG7YNKG0GX7,2025-06-30T21:04:50.31345185Z
01JZ1CT11KZANBC9DTZ7MN9VX1,01JZ1C4XJFQQ45ZHGATAXVBX0J,2025-06-30T21:45:05.331894703Z,01JZ1C4XNE4VHGMR9JDZS6Y7F9,2025-06-30T21:45:05.331894703Z,01JZ1CF8R7DWBKG9F2768N54QZ,2025-06-30T21:45:05.331894703Z,01JZ1CM9MH9FR8B6ZK0QM2XBF8,2025-06-30T21:45:05.331894703Z,01JZ1CM9YYDD48AM5D9EXZ54SW,2025-06-30T21:45:05.331894703Z
01JZ1FACERXT9QYNYGB67Y7FYS,01JZ1E916HBESJXS5SJ82BFZ21,2025-06-30T22:28:58.45658408Z,01JZ1E923XSJ5V9JGGJQR2CG7M,2025-06-30T22:28:58.45658408Z,01JZ1EMYVSBFSNMNYSTV9SNRK6,2025-06-30T22:28:58.45658408Z,01JZ1F28W7H4V05K01XJ3W0HSB,2025-06-30T22:28:58.45658408Z,01JZ1F29K9PKDH706N9ARTKQEK,2025-06-30T22:28:58.45658408Z
01JZ1DTVWKXNMN3GK8RBN4B86Z,01JZ1D0RX94M7HHBAJDNGV8QRS,2025-06-30T22:03:01.395087843Z,01JZ1D0S3N2D9DCG3EHS8AP4R1,2025-06-30T22:03:01.395087843Z,01JZ1DEB7GHZ5ZQY0VZXEDKFR1,2025-06-30T22:03:01.395087843Z,01JZ1DJBHP6QZKY368KYFWAKY9,2025-06-30T22:03:01.395087843Z,01JZ1DJC9V1G0BG8N9YM82XRNB,2025-06-30T22:03:01.395087843Z
01JZ17P2RX4YJ4P0YCF22GAFXN,01JZ170DPRHYGRH6M74WMGZ8J5,2025-06-30T20:15:33.149487226Z,01JZ170DSBT7R80F1BC6BFNZAP,2025-06-30T20:15:33.149487226Z,01JZ177S5KY8F9N4218V4EVNPY,2025-06-30T20:15:33.149487226Z,01JZ17JC3646JKWR0PPXMYYSSE,2025-06-30T20:15:33.149487226Z,01JZ17JC4DA2M858N1JG0BZKRD,2025-06-30T20:15:33.149487226Z
01JZ18VX14RAC17ASCX53Z1Y6G,01JZ18G4TN4FH7205KTQTFE7PM,2025-06-30T20:36:12.452657339Z,01JZ18G4X5EPR69QT64DVYQXFJ,2025-06-30T20:36:12.452657339Z,01JZ18KH2AEBXEHK9D1GSN56XX,2025-06-30T20:36:12.452657339Z,01JZ18PAPZYGZBF3DQ7XCBJ9MP,2025-06-30T20:36:12.452657339Z,01JZ18PAV4CZ083Z3090NH4W96,2025-06-30T20:36:12.452657339Z
01JZ1AGPEG4SYN1R4K0H84T9J4,01JZ19VEXCKVX740B60X4W6PQN,2025-06-30T21:05:02.416670813Z,01JZ19VF9WCS5BMDRCPXZK6ZBF,2025-06-30T21:05:02.416670813Z,01JZ19Y0QS6ZDMVQR73DRR23RB,2025-06-30T21:05:02.416670813Z,01JZ1A8RS6D439ZX1WYM84CQP1,2025-06-30T21:05:02.416670813Z,01JZ1A8S60ZA8S8V5F0HDNHNSP,2025-06-30T21:05:02.416670813Z
01JZ1AMQGQ32M7NPZYP65ASC7V,01JZ19VEXCKVX740B60X4W6PQN,2025-06-30T21:07:14.583890124Z,01JZ19VF6XEW5FG377QGXCTRD1,2025-06-30T21:07:14.583890124Z,01JZ19XTW2HK24K9S0K07R4X7Y,2025-06-30T21:07:14.583890124Z,01JZ1ACG610M6TRWXFFV3KK332,2025-06-30T21:07:14.583890124Z,01JZ1ACGMGSPT8R0W07V8V1PZM,2025-06-30T21:07:14.583890124Z
01JZ1BXWNWD8X0KXDVJYAPZQ7B,01JZ1B1VZ9TM9N3252XVVAH9DZ,2025-06-30T21:29:43.356314909Z,01JZ1B1W5TAZ0C76DBH0ZAEY5X,2025-06-30T21:29:43.356314909Z,01JZ1B42FGZXM24HBWN8AZM67K,2025-06-30T21:29:43.356314909Z,01JZ1BNNMV2BR05NWSF4VH5Q39,2025-06-30T21:29:43.356314909Z,01JZ1BNPPSW8TS84E619NWBAV9,2025-06-30T21:29:43.356314909Z
01JZ1DB6XJGR7F4ZAM8E0QCQPM,01JZ1D0RX94M7HHBAJDNGV8QRS,2025-06-30T21:54:28.402364107Z,01JZ1D0S2S8SEBXETFQJSTGM5V,2025-06-30T21:54:28.402364107Z,01JZ1D4AYTG2DMXZZ36EVW3RQ2,2025-06-30T21:54:28.402364107Z,01JZ1D77TJ31JQY4W7YSZVV4R8,2025-06-30T21:54:28.402364107Z,01JZ1D78GDE57D7X25081Z14FG,2025-06-30T21:54:28.402364107Z
01JZ1DNVAP0VG3TDG7K4C0ND7R,01JZ1D0RX94M7HHBAJDNGV8QRS,2025-06-30T22:00:16.98276978Z,01JZ1D0S064NT759Q480WCA8PK,2025-06-30T22:00:16.98276978Z,01JZ1DCDN091GX33H1NPEY9NA8,2025-06-30T22:00:16.98276978Z,01JZ1DFXKSWPB74HF8RE7BCFY9,2025-06-30T22:00:16.98276978Z,01JZ1DFYQBQD9XNPHRQ28A4MFK,2025-06-30T22:00:16.98276978Z
01JZ1AGBD7ZCWNMM84JHMX2YCY,01JZ19VEXCKVX740B60X4W6PQN,2025-06-30T21:04:51.112033663Z,01JZ19VF9WCS5BMDRCPXZK6ZBF,2025-06-30T21:04:51.112033663Z,01JZ1A5BC93T1VSNTPVNANBKKY,2025-06-30T21:04:51.112033663Z,01JZ1A8RSRN8NWX633AN587X7F,2025-06-30T21:04:51.112033663Z,01JZ1A8S0SHPAZZMW9MCZGGN41,2025-06-30T21:04:51.112033663Z
01JZ17J0GC123FZXZE1CH65QH6,01JZ170DPRHYGRH6M74WMGZ8J5,2025-06-30T20:13:19.756654607Z,01JZ170DRRRWN613C5WJQ8B5Q6,2025-06-30T20:13:19.756654607Z,01JZ17A832XNJZN2KK8205TMZH,2025-06-30T20:13:19.756654607Z,01JZ17G525MGXJWBMSF6HV25RV,2025-06-30T20:13:19.756654607Z,01JZ17G53WVHW3K4ZXG0XD5F11,2025-06-30T20:13:19.756654607Z
01JZ17KX7B9TWHH3RAKQBGVDJ5,01JZ170DPRHYGRH6M74WMGZ8J5,2025-06-30T20:14:21.931088042Z,01JZ170DRSFZ9Y16965WN1Z2F9,2025-06-30T20:14:21.931088042Z,01JZ17971DQBZCGDTGNY2JH6QQ,2025-06-30T20:14:21.931088042Z,01JZ17G70WMTCCVM6PEEY7RHRW,2025-06-30T20:14:21.931088042Z,01JZ17G727VG4YHCJPC4W5XXSC,2025-06-30T20:14:21.931088042Z
01JZ17R559FZCYQK4WQ0PZ4XZ3,01JZ170DPRHYGRH6M74WMGZ8J5,2025-06-30T20:16:41.129449047Z,01JZ170DRRRWN613C5WJQ8B5Q6,2025-06-30T20:16:41.129449047Z,01JZ178SZSEG7MZD5W906ME19S,2025-06-30T20:16:41.129449047Z,01JZ17G52NG4XN5R9RR9776YQX,2025-06-30T20:16:41.129449047Z,01JZ17G55KZ0S4MQ7YJY2CACYH,2025-06-30T20:16:41.129449047Z
01JZ17SP2ZS4XJ34QSQ8MFDYFC,01JZ170DPRHYGRH6M74WMGZ8J5,2025-06-30T20:17:31.231240293Z,01JZ170DS8YWG03GZVY59N3JD0,2025-06-30T20:17:31.231240293Z,01JZ179QC9P59RRBVKW06P1VJF,2025-06-30T20:17:31.231240293Z,01JZ17HNMVNEYYPPYMQAP8NS4W,2025-06-30T20:17:31.231240293Z,01JZ17HNR93RTH6SRHE160CD2Y,2025-06-30T20:17:31.231240293Z
01JZ17VH3E2GX0ARJR6G13RP0W,01JZ170DPRHYGRH6M74WMGZ8J5,2025-06-30T20:18:31.662675123Z,01JZ170DSWJ6311N72HPSQWG9K,2025-06-30T20:18:31.662675123Z,01JZ17HR3SKAZC9R19A608NCQK,2025-06-30T20:18:31.662675123Z,01JZ17KG5FZCMZS2YJVCAZ741Y,2025-06-30T20:18:31.662675123Z,01JZ17KGB0KKZV9246DJY233DY,2025-06-30T20:18:31.662675123Z
01JZ17XGRTDRX0MM9ATRPW3XPD,01JZ170DPRHYGRH6M74WMGZ8J5,2025-06-30T20:19:36.858734201Z,01JZ170DS0283SZNEN95XAWWS4,2025-06-30T20:19:36.858734201Z,01JZ174WHQCMCA8133PA37NAKC,2025-06-30T20:19:36.858734201Z,01JZ17NT77HT8XSXBSDEYA5WV8,2025-06-30T20:19:36.858734201Z,01JZ17NTBG0C8JRJ0TBR7BNQJ9,2025-06-30T20:19:36.858734201Z
01JZ180CGZN2CM0ESA3GTPJWEA,01JZ170DPRHYGRH6M74WMGZ8J5,2025-06-30T20:21:10.815761956Z,01JZ170DRQN15452AYS561M232,2025-06-30T20:21:10.815761956Z,01JZ177RVVNSCWMQHY3N3M9P3Y,2025-06-30T20:21:10.815761956Z,01JZ17RBE0ZT7HTBY1K3ZRR1VV,2025-06-30T20:21:10.815761956Z,01JZ17RBK2QCDH41N068EAYRRZ,2025-06-30T20:21:10.815761956Z
01JZ1AMZE3X0ZSC8CFZ2W4FES2,01JZ19VEXCKVX740B60X4W6PQN,2025-06-30T21:07:22.69169161Z,01JZ19VF3FCDRKA7RA8CE3SQDH,2025-06-30T21:07:22.69169161Z,01JZ19X25DC6PHAYZ41F2N9R8N,2025-06-30T21:07:22.69169161Z,01JZ1AK0GTG09NRGMQGAZDENCH,2025-06-30T21:07:22.69169161Z,01JZ1AK0PK944AY7EGT6WNDPTW,2025-06-30T21:07:22.69169161Z
01JZ1DJ36QPA11SN49C8BHKQ9V,01JZ1D0RX94M7HHBAJDNGV8QRS,2025-06-30T21:58:13.975639235Z,01JZ1D0S064NT759Q480WCA8PK,2025-06-30T21:58:13.975639235Z,01JZ1D7QQ9A97C7JTBZNPKRB8Y,2025-06-30T21:58:13.975639235Z,01JZ1DFXKSWPB74HF8RE7BCFY9,2025-06-30T21:58:13.975639235Z,01JZ1DFYGHJTXQFBB5R3JYYTCY,2025-06-30T21:58:13.975639235Z
01JZ17J8RV8MW510VS83AV0KAR,01JZ170DPRHYGRH6M74WMGZ8J5,2025-06-30T20:13:28.219395763Z,01JZ170DSTXK5Z1DV671606E6A,2025-06-30T20:13:28.219395763Z,01JZ17BSA5GQ3JXNB68EA97BX0,2025-06-30T20:13:28.219395763Z,01JZ17J857XXAY88RJQ7RDXDN1,2025-06-30T20:13:28.219395763Z,01JZ17J8640E7AHSFC2MJQERBQ,2025-06-30T20:13:28.219395763Z
01JZ17JCRJ8TM5Y04HVE80CDHY,01JZ170DPRHYGRH6M74WMGZ8J5,2025-06-30T20:13:32.306821335Z,01JZ170DSBT7R80F1BC6BFNZAP,2025-06-30T20:13:32.306821335Z,01JZ17E2HGHQEBNZ4BGFQ4PF6N,2025-06-30T20:13:32.306821335Z,01JZ17JC2RA6WXF9ZF2QJYR7ZN,2025-06-30T20:13:32.306821335Z,01JZ17JC3JVXWHSPJFMB90X3QA,2025-06-30T20:13:32.306821335Z
01JZ190XG1SKD7J3K659HVN33G,01JZ18G4TN4FH7205KTQTFE7PM,2025-06-30T20:38:56.76930464Z,01JZ18G4WPK6V9JKZAVKNYS3NB,2025-06-30T20:38:56.76930464Z,01JZ18JMHXTQBMPEHHS7NP2031,2025-06-30T20:38:56.76930464Z,01JZ18RRA89V0ND20E0G84EPSM,2025-06-30T20:38:56.76930464Z,01JZ18RRJ8TVB384T9QM3TAQPD,2025-06-30T20:38:56.76930464Z
01JZ198H1HJ0Z2C1D27XJQASZ4,01JZ18QHX9XGN83K6T42FK97D5,2025-06-30T20:43:06.16180475Z,01JZ18QHZ9KPT0XZ66BZ9ZB89K,2025-06-30T20:43:06.16180475Z,01JZ18VHSP5WBV88CARNF83RF7,2025-06-30T20:43:06.16180475Z,01JZ190NJS7Q18J6QY8RM98TK7,2025-06-30T20:43:06.16180475Z,01JZ190P70JAMFKP7303665PCX,2025-06-30T20:43:06.16180475Z
01JZ1BQXN9K4F9KPJ8Y5JFNQ85,01JZ1B1VZ9TM9N3252XVVAH9DZ,2025-06-30T21:26:27.753869736Z,01JZ1B1W4RP0VXDDKCJTNKM3AX,2025-06-30T21:26:27.753869736Z,01JZ1BHJS3735357S2TBZ4T5W4,2025-06-30T21:26:27.753869736Z,01JZ1BNY8P6J7MV2A9X36WMPD0,2025-06-30T21:26:27.753869736Z,01JZ1BNYHGBQVASEB95WWGGHDA,2025-06-30T21:26:27.753869736Z
01JZ17TTNHV91A3BRR5R9ZP9Z9,01JZ170DPRHYGRH6M74WMGZ8J5,2025-06-30T20:18:08.690025412Z,01JZ170DS9MMA8EZAVKYS5SMHX,2025-06-30T20:18:08.690025412Z,01JZ17CPP7Y270N83EX04850B6,2025-06-30T20:18:08.690025412Z,01JZ17TR81NXXTTPKTD9H5FET9,2025-06-30T20:18:08.690025412Z,01JZ17TR8Z5CC3K19BE40RKY2A,2025-06-30T20:18:08.690025412Z
01JZ17XGVCRH8GR19DKPJZCSPV,01JZ170DPRHYGRH6M74WMGZ8J5,2025-06-30T20:19:36.940441587Z,01JZ170DS0283SZNEN95XAWWS4,2025-06-30T20:19:36.940441587Z,01JZ17BCV91FG1WVF832RTXB76,2025-06-30T20:19:36.940441587Z,01JZ17NT77HT8XSXBSDEYA5WV8,2025-06-30T20:19:36.940441587Z,01JZ17NTBG0C8JRJ0TBR7BNQJ9,2025-06-30T20:19:36.940441587Z
01JZ18YVACM01ES3HV28AN0CBA,01JZ18G4TN4FH7205KTQTFE7PM,2025-06-30T20:37:49.004804179Z,01JZ18G4Y1ABZPJ815NAWEN19T,2025-06-30T20:37:49.004804179Z,01JZ18JEHHPNBFM751TV8GEBJ2,2025-06-30T20:37:49.004804179Z,01JZ18PMFWXRBMGQD7EAMQ4QF6,2025-06-30T20:37:49.004804179Z,01JZ18PMPWTZNVAVCSNQQEA05F,2025-06-30T20:37:49.004804179Z
01JZ1A8W8WCH05VG72HHN4JMF7,01JZ19VEXCKVX740B60X4W6PQN,2025-06-30T21:00:46.236623255Z,01JZ19VF9WCS5BMDRCPXZK6ZBF,2025-06-30T21:00:46.236623255Z,01JZ19XKK2V5414G0ST34MPS62,2025-06-30T21:00:46.236623255Z,01JZ1A8RR2GDW6GS56QAP6TW67,2025-06-30T21:00:46.236623255Z,01JZ1A8RV787P63EBKYZCXAXA1,2025-06-30T21:00:46.236623255Z
01JZ1BAN1E5Y5W0GQ0X53VTEHE,01JZ1B1VZ9TM9N3252XVVAH9DZ,2025-06-30T21:19:12.942762534Z,01JZ1B1W6S117BH8HCA7NH9R7E,2025-06-30T21:19:12.942762534Z,01JZ1B46GFSFAYTPK6TDTQG4WK,2025-06-30T21:19:12.942762534Z,01JZ1BAHADH4W4M1AJ6DNKBPWK,2025-06-30T21:19:12.942762534Z,01JZ1BAHHFGV7D8DX0F23S9G4D,2025-06-30T21:19:12.942762534Z
01JZ1BJ5DDZCPZVQV5VFMF8ADE,01JZ1B1VZ9TM9N3252XVVAH9DZ,2025-06-30T21:23:19.085112717Z,01JZ1B1W6S117BH8HCA7NH9R7E,2025-06-30T21:23:19.085112717Z,01JZ1B46GFSFAYTPK6TDTQG4WK,2025-06-30T21:23:19.085112717Z,01JZ1BAHDKSRY9Y8MMEK86CJS4,2025-06-30T21:23:19.085112717Z,01JZ1BAHTJ9DNZD6W2WDN8KC6P,2025-06-30T21:23:19.085112717Z
01JZ1BNV3JSRKPNATN4CHCME9R,01JZ1B1VZ9TM9N3252XVVAH9DZ,2025-06-30T21:25:19.602441579Z,01JZ1B1W46BH5YH0XYSE8KJRBK,2025-06-30T21:25:19.602441579Z,01JZ1B9W35DBJAZZ7ZHMPZZDPP,2025-06-30T21:25:19.602441579Z,01JZ1BJ1ABMADNQ2K1TJQ9ED7W,2025-06-30T21:25:19.602441579Z,01JZ1BJ1M7XDY268RM8XKDKRZM,2025-06-30T21:25:19.602441579Z
01JZ1CG8VMAMK9WFW2SE5314AZ,01JZ1BX7WQMA45G0E33EEHJ3V9,2025-06-30T21:39:45.653035925Z,01JZ1BX82RNFGPPA94NES9507T,2025-06-30T21:39:45.653035925Z,01JZ1C98HS2FRFHZKQAPAW4FY4,2025-06-30T21:39:45.653035925Z,01JZ1CAKRPM2RTKQN4NF25GQNV,2025-06-30T21:39:45.653035925Z,01JZ1CAM2WSX5DXRMP0WWQ97YT,2025-06-30T21:39:45.653035925Z
01JZ18XNY244P39AMFWXQ67A33,01JZ18G4TN4FH7205KTQTFE7PM,2025-06-30T20:37:10.722072322Z,01JZ18G50PJASP911XB82AW46K,2025-06-30T20:37:10.722072322Z,01JZ18M00QARBD4YKJZDM6JQBC,2025-06-30T20:37:10.722072322Z,01JZ18P6MTEX79E96T9HBXCMA3,2025-06-30T20:37:10.722072322Z,01JZ18P70T2Y3WKZ2T0YJT6WEW,2025-06-30T20:37:10.722072322Z
01JZ17KX7GFBK7TZHBRW96GAFA,01JZ170DPRHYGRH6M74WMGZ8J5,2025-06-30T20:14:21.93701144Z,01JZ170DRSFZ9Y16965WN1Z2F9,2025-06-30T20:14:21.93701144Z,01JZ17ACVQQE42SB51P5M3A1GH,2025-06-30T20:14:21.93701144Z,01JZ17G70WMTCCVM6PEEY7RHRW,2025-06-30T20:14:21.93701144Z,01JZ17G727VG4YHCJPC4W5XXSC,2025-06-30T20:14:21.93701144Z
01JZ17VBFJTCJFAMQH9SWD4FJG,01JZ170DPRHYGRH6M74WMGZ8J5,2025-06-30T20:18:25.906114491Z,01JZ170DS0283SZNEN95XAWWS4,2025-06-30T20:18:25.906114491Z,01JZ17BCV91FG1WVF832RTXB76,2025-06-30T20:18:25.906114491Z,01JZ17NT7VKFDEH0WZ6ZY88ZPG,2025-06-30T20:18:25.906114491Z,01JZ17NTA2X67VBRWPPAXKVKJM,2025-06-30T20:18:25.906114491Z
01JZ17VH2TC9QKR8TCD259FEFZ,01JZ170DPRHYGRH6M74WMGZ8J5,2025-06-30T20:18:31.64254932Z,01JZ170DSWJ6311N72HPSQWG9K,2025-06-30T20:18:31.64254932Z,01JZ17D915S4GRY1FXGXK8RTTY,2025-06-30T20:18:31.64254932Z,01JZ17KG5FZCMZS2YJVCAZ741Y,2025-06-30T20:18:31.64254932Z,01JZ17KGB0KKZV9246DJY233DY,2025-06-30T20:18:31.64254932Z
01JZ182GZFQX7S6Q67ACGD07ZG,01JZ170DPRHYGRH6M74WMGZ8J5,2025-06-30T20:22:20.912042423Z,01JZ170DS9MMA8EZAVKYS5SMHX,2025-06-30T20:22:20.912042423Z,01JZ17S6ZC1ZB5QAG0E0350NSD,2025-06-30T20:22:20.912042423Z,01JZ17TR5WS052RB5963SEQK02,2025-06-30T20:22:20.912042423Z,01JZ17TRGFFXKAYPE40KD63RY1,2025-06-30T20:22:20.912042423Z
01JZ18P92YDGWKBR27S1WR11JQ,01JZ18G4TN4FH7205KTQTFE7PM,2025-06-30T20:33:08.190584519Z,01JZ18G50PJASP911XB82AW46K,2025-06-30T20:33:08.190584519Z,01JZ18JWY9W1XWEWVGSNZXRKZN,2025-06-30T20:33:08.190584519Z,01JZ18P6KKP6YDW0ZB2JNENH81,2025-06-30T20:33:08.190584519Z,01JZ18P6RJ2ZTWM3C4E470Y4NM,2025-06-30T20:33:08.190584519Z
01JZ18TS822BC5W4131BNT63JK,01JZ18G4TN4FH7205KTQTFE7PM,2025-06-30T20:35:35.810492212Z,01JZ18G4YA2XRQ9RK4RH5WQB1P,2025-06-30T20:35:35.810492212Z,01JZ18J306MV90AN3KDTPG10SX,2025-06-30T20:35:35.810492212Z,01JZ18Q1RFWF1SPY79863HPKYC,2025-06-30T20:35:35.810492212Z,01JZ18Q1WK379CDHDVRG1MFY84,2025-06-30T20:35:35.810492212Z
01JZ18V6XNBN164DGHHVP3YTP2,01JZ18G4TN4FH7205KTQTFE7PM,2025-06-30T20:35:49.813895348Z,01JZ18G4YTQTSXFW2X0Y80VGVG,2025-06-30T20:35:49.813895348Z,01JZ18JSY9P3KAE5N38ASDX51K,2025-06-30T20:35:49.813895348Z,01JZ18QCHSRQEB636MAZYTF93F,2025-06-30T20:35:49.813895348Z,01JZ18QCP19745TT978W5P3MRY,2025-06-30T20:35:49.813895348Z
01JZ1DSTVP2BXZZ871M75ZBCM8,01JZ1D0RX94M7HHBAJDNGV8QRS,2025-06-30T22:02:27.574772744Z,01JZ1D0S4EMT97ECKQ06X1ZWAX,2025-06-30T22:02:27.574772744Z,01JZ1D6PDAATCEYCV60SVGFECN,2025-06-30T22:02:27.574772744Z,01JZ1DHWJYP9QBXPBB3XWNBRC8,2025-06-30T22:02:27.574772744Z,01JZ1DHX3R2XZ4VW9FSB4VTGZA,2025-06-30T22:02:27.574772744Z
01JZ1F2H81WXYVCVMZVYBZJR2D,01JZ1E916HBESJXS5SJ82BFZ21,2025-06-30T22:24:41.217995463Z,01JZ1E91MDHZVF6NVBEDDVGZWT,2025-06-30T22:24:41.217995463Z,01JZ1EDVQZ0X09D6ACA1N9J2V2,2025-06-30T22:24:41.217995463Z,01JZ1EWVQ3C0P2AKJ3GFKFG7H9,2025-06-30T22:24:41.217995463Z,01JZ1EWVY6CA9DVW0ZSE84YQQ4,2025-06-30T22:24:41.217995463Z
01JZ1FFK21H245X7KCE27G8EA8,01JZ1E916HBESJXS5SJ82BFZ21,2025-06-30T22:31:49.057346784Z,01JZ1E91ENR7DC2PFTK7ZY5PTJ,2025-06-30T22:31:49.057346784Z,01JZ1F6AT65D7Q2J3RRFNE8GQF,2025-06-30T22:31:49.057346784Z,01JZ1F70MP8EMZE5ECG6QP8N7N,2025-06-30T22:31:49.057346784Z,01JZ1F71S5NZ000HD8G8K8DMAQ,2025-06-30T22:31:49.057346784Z
01JZ1BSD60DYK3SAAY9J7VNHRY,01JZ1B1VZ9TM9N3252XVVAH9DZ,2025-06-30T21:27:16.416891411Z,01JZ1B1W68Y1JCNSRHTZJR0WTB,2025-06-30T21:27:16.416891411Z,01JZ1B483R9XXNDJ9MZBRK2ZQ1,2025-06-30T21:27:16.416891411Z,01JZ1BH4CC6N46FP386VHR81G9,2025-06-30T21:27:16.416891411Z,01JZ1BH4V57GVQTP5Y76241390,2025-06-30T21:27:16.416891411Z
01JZ17N9AF54E789VRRX0849DW,01JZ170DPRHYGRH6M74WMGZ8J5,2025-06-30T20:15:07.087752621Z,01JZ170DS32PJY8CQRMADJXFRG,2025-06-30T20:15:07.087752621Z,01JZ176XCKRH7MED6P6JRG4D22,2025-06-30T20:15:07.087752621Z,01JZ17HJXZJXBNGG98GAB8QMCF,2025-06-30T20:15:07.087752621Z,01JZ17HK0SVP1ABZQAHDNEMPR2,2025-06-30T20:15:07.087752621Z
01JZ17PADD24SQYRVKZ7P4DT32,01JZ170DPRHYGRH6M74WMGZ8J5,2025-06-30T20:15:40.97373853Z,01JZ170DS434CCJM920K0JDY80,2025-06-30T20:15:40.97373853Z,01JZ17B8EAMA6MXWF42Y5PVE7P,2025-06-30T20:15:40.97373853Z,01JZ17MESGQH4PGAZ2NQBVJJAG,2025-06-30T20:15:40.97373853Z,01JZ17MEV712MM5YZJ7MX7PD80,2025-06-30T20:15:40.97373853Z
01JZ17QGYR7PYR2KFP0VHR56C5,01JZ170DPRHYGRH6M74WMGZ8J5,2025-06-30T20:16:20.440064202Z,01JZ170DRRRWN613C5WJQ8B5Q6,2025-06-30T20:16:20.440064202Z,01JZ1783Y320G4QQ1JCVQAE220,2025-06-30T20:16:20.440064202Z,01JZ17G52QXC0MC4VA0YJ9E9HN,2025-06-30T20:16:20.440064202Z,01JZ17G54GERK7CC5A2YT2C8ZS,2025-06-30T20:16:20.440064202Z
01JZ17VJZ74CFB1FVA9W38ZZ7F,01JZ170DPRHYGRH6M74WMGZ8J5,2025-06-30T20:18:33.57592419Z,01JZ170DRWH3Q5VEKFYTCWXCB9,2025-06-30T20:18:33.57592419Z,01JZ179F3PP1PB0BWJA9TNG5TN,2025-06-30T20:18:33.57592419Z,01JZ17M63Y2ZQE6JBWKAH6VSPE,2025-06-30T20:18:33.57592419Z,01JZ17M67CK483EM7TTBPCRTB0,2025-06-30T20:18:33.57592419Z
01JZ17XWR7H7DF0M45KYKPDMX5,01JZ170DPRHYGRH6M74WMGZ8J5,2025-06-30T20:19:49.127438454Z,01JZ170DRQN15452AYS561M232,2025-06-30T20:19:49.127438454Z,01JZ17EC9TCGFEVCEX7CCFP6AJ,2025-06-30T20:19:49.127438454Z,01JZ17RBCT038Y8QAFS6F67QDM,2025-06-30T20:19:49.127438454Z,01JZ17RBGPE2RQ9J5YW800P61S,2025-06-30T20:19:49.127438454Z
01JZ190W1STXN0KB0M9QV0F0EV,01JZ18G4TN4FH7205KTQTFE7PM,2025-06-30T20:38:55.289759621Z,01JZ18G4XMK5QHE5YNTR43VZ9V,2025-06-30T20:38:55.289759621Z,01JZ18NBPDW8GJCMK3V0N2AHJY,2025-06-30T20:38:55.289759621Z,01JZ18RP91GEW9EVAQBZZAHXYV,2025-06-30T20:38:55.289759621Z,01JZ18RPFWG4XEQZ470ZR69YVD,2025-06-30T20:38:55.289759621Z
01JZ198VR87CYSHT10YEFXP49A,01JZ18QHX9XGN83K6T42FK97D5,2025-06-30T20:43:17.128180283Z,01JZ18QHZ9KPT0XZ66BZ9ZB89K,2025-06-30T20:43:17.128180283Z,01JZ18SXQ0AFP5SFG2600FW7ER,2025-06-30T20:43:17.128180283Z,01JZ190NJ5PP5YCFJ7NGNJ3QPB,2025-06-30T20:43:17.128180283Z,01JZ190P8NGMJF9WMZR4Z0YBG2,2025-06-30T20:43:17.128180283Z
01JZ1DTCRT8W2B9WBSFKE51C3H,01JZ1D0RX94M7HHBAJDNGV8QRS,2025-06-30T22:02:45.914862715Z,01JZ1D0S3N2D9DCG3EHS8AP4R1,2025-06-30T22:02:45.914862715Z,01JZ1D49JVTEEYC1V6ZNF5Y9RQ,2025-06-30T22:02:45.914862715Z,01JZ1DJBGG0DEBHS0YMCP0X5R4,2025-06-30T22:02:45.914862715Z,01JZ1DJC666YCNMCW0V5D6S1ND,2025-06-30T22:02:45.914862715Z
01JZ1F00MGDERDZPE0WD7W5Q36,01JZ1E916HBESJXS5SJ82BFZ21,2025-06-30T22:23:18.672772692Z,01JZ1E91WFH0SPDF0PZ6G1349X,2025-06-30T22:23:18.672772692Z,01JZ1ENXKQ8QM070MZA5HYVVNG,2025-06-30T22:23:18.672772692Z,01JZ1EY0RN0AQVXD4S7119EDC2,2025-06-30T22:23:18.672772692Z,01JZ1EY1A0HK6QKMRP1X65F9E6,2025-06-30T22:23:18.672772692Z
01JZ17RJED1MWG3XJF9YSS612S,01JZ170DPRHYGRH6M74WMGZ8J5,2025-06-30T20:16:54.733480304Z,01JZ170DRV33K8D9D9ZMQKAW2D,2025-06-30T20:16:54.733480304Z,01JZ179XMYFK94EADRMMB2K8HQ,2025-06-30T20:16:54.733480304Z,01JZ17PPGX7JSSK85PVP6H7NR4,2025-06-30T20:16:54.733480304Z,01JZ17PPKHZMMEW30CS2EYEP6J,2025-06-30T20:16:54.733480304Z
01JZ17SYDPK1QQBHBAFBWTWXBX,01JZ170DPRHYGRH6M74WMGZ8J5,2025-06-30T20:17:39.76608942Z,01JZ170DSTXK5Z1DV671606E6A,2025-06-30T20:17:39.76608942Z,01JZ17BGC64Z781MGW1Y4T7SRJ,2025-06-30T20:17:39.76608942Z,01JZ17J85RY443EPKC8WCTQNMR,2025-06-30T20:17:39.76608942Z,01JZ17J88A8VP8RMGE8BSKN4H6,2025-06-30T20:17:39.76608942Z
01JZ1ACP5CPZ693X78NZDWVKKT,01JZ19VEXCKVX740B60X4W6PQN,2025-06-30T21:02:51.052485193Z,01JZ19VF5YA4VZJRJDVJVY1XBY,2025-06-30T21:02:51.052485193Z,01JZ19XHW6DGGPDJ4763JBPGZ5,2025-06-30T21:02:51.052485193Z,01JZ1AAR361JZ1CYXHJ50PJVG2,2025-06-30T21:02:51.052485193Z,01JZ1AAR6J4Q9AG6P4AY46QPY9,2025-06-30T21:02:51.052485193Z
01JZ1BF2XXNCTYV1B87MWTC2H4,01JZ1B1VZ9TM9N3252XVVAH9DZ,2025-06-30T21:21:38.237905053Z,01JZ1B1W2WT8MR9NJ7RDDSFH2M,2025-06-30T21:21:38.237905053Z,01JZ1B4FWCV3S3JF90184ADC3A,2025-06-30T21:21:38.237905053Z,01JZ1BD3Y8NHHCFXCV7WB08PE6,2025-06-30T21:21:38.237905053Z,01JZ1BD4BBAEFYK9NRYQAQA650,2025-06-30T21:21:38.237905053Z
01JZ1GT3V616TAPMSBJENGXVAS,01JZ1G29Q82GQAKEXSK2E7NK3R,2025-06-30T22:55:02.502160429Z,01JZ1G2ACHC2PPHGNQVYG69GCY,2025-06-30T22:55:02.502160429Z,01JZ1ESY682HMD53AEGK9VD2YT,2025-06-30T22:55:02.502160429Z,01JZ1GJGD6SKHW85EK3871CKY5,2025-06-30T22:55:02.502160429Z,01JZ1GJGVRNY1Y12BW1M5R3C05,2025-06-30T22:55:02.502160429Z
01JZ17HP8DMQ8HYH64XHKA75RK,01JZ170DPRHYGRH6M74WMGZ8J5,2025-06-30T20:13:09.2614119Z,01JZ170DS8YWG03GZVY59N3JD0,2025-06-30T20:13:09.2614119Z,01JZ176HDV9KWWBADR549HVXXJ,2025-06-30T20:13:09.2614119Z,01JZ17HNMC395BYG9QN2MAW1BJ,2025-06-30T20:13:09.2614119Z,01JZ17HNNBDSKJPBCEMDRJ55ZA,2025-06-30T20:13:09.2614119Z
01JZ17S963MBND1FM3ZCD6ZH6E,01JZ170DPRHYGRH6M74WMGZ8J5,2025-06-30T20:17:18.01962285Z,01JZ170DS32PJY8CQRMADJXFRG,2025-06-30T20:17:18.01962285Z,01JZ17A84G8QVPB3RW2KXSNH3H,2025-06-30T20:17:18.01962285Z,01JZ17HJY4CGFR7PYHRBPAT4T8,2025-06-30T20:17:18.01962285Z,01JZ17HK1YWX6QKK37P4BCG5CK,2025-06-30T20:17:18.01962285Z
01JZ17XS9DA5W9QNRGSNVR7E96,01JZ170DPRHYGRH6M74WMGZ8J5,2025-06-30T20:19:45.581616813Z,01JZ170DSXXMDA003X79NFA4N0,2025-06-30T20:19:45.581616813Z,01JZ17C3PTEK9PXA5GJSYCCP5W,2025-06-30T20:19:45.581616813Z,01JZ17NRS66B2XN3XYTK9HZXA6,2025-06-30T20:19:45.581616813Z,01JZ17NRXT8PX5JT9SVTD0DFSR,2025-06-30T20:19:45.581616813Z
01JZ18WEAB2130A6D2XVWBNH2J,01JZ18G4TN4FH7205KTQTFE7PM,2025-06-30T20:36:30.155873003Z,01JZ18G4XMK5QHE5YNTR43VZ9V,2025-06-30T20:36:30.155873003Z,01JZ18J9W8KMP67K3HENBC0CVQ,2025-06-30T20:36:30.155873003Z,01JZ18RP89JC5KMWSQF397VP76,2025-06-30T20:36:30.155873003Z,01JZ18RPCTA0P6N5KSHMR7ZB7G,2025-06-30T20:36:30.155873003Z
01JZ18YW949JZP82RTS6RS5S3J,01JZ18G4TN4FH7205KTQTFE7PM,2025-06-30T20:37:49.988616195Z,01JZ18G4Z7SR18DC8PDBR22HS5,2025-06-30T20:37:49.988616195Z,01JZ18JM84GZ5542ST7BEW0RHN,2025-06-30T20:37:49.988616195Z,01JZ18S8W382ZTX14ED28QZWFS,2025-06-30T20:37:49.988616195Z,01JZ18S91PKVD5S703E5P7J2GZ,2025-06-30T20:37:49.988616195Z
01JZ1AB6EXX2GTW9YP923W8YPT,01JZ19VEXCKVX740B60X4W6PQN,2025-06-30T21:02:02.205468959Z,01JZ19VF1X4TGM9HTAVFF08YB3,2025-06-30T21:02:02.205468959Z,01JZ19XY7CXDASK651A0S5NR34,2025-06-30T21:02:02.205468959Z,01JZ1A31WDRRSK5Y1X8M50HPSG,2025-06-30T21:02:02.205468959Z,01JZ1A32ATTJW1NBJE1TC6A95V,2025-06-30T21:02:02.205468959Z
01JZ1BKGEDFBRBRBN1AKWGYPV4,01JZ1B1VZ9TM9N3252XVVAH9DZ,2025-06-30T21:24:03.149476856Z,01JZ1B1W5AJ9N87HJBZ99HRQPJ,2025-06-30T21:24:03.149476856Z,01JZ1BAG1QXXZT2G75G9P8N6Y2,2025-06-30T21:24:03.149476856Z,01JZ1BB7GR2K5BKJQ5STFB90RK,2025-06-30T21:24:03.149476856Z,01JZ1BB8103684J2JGNREVE01E,2025-06-30T21:24:03.149476856Z
01JZ18RHWZ049DTNZG0KCD37NR,01JZ18G4TN4FH7205KTQTFE7PM,2025-06-30T20:34:22.751188166Z,01JZ18G4ZZG5A688HVVJGKBFVW,2025-06-30T20:34:22.751188166Z,01JZ18K484MAW8WSQHH7HSG9Z4,2025-06-30T20:34:22.751188166Z,01JZ18RFPBGVB1PJ8WVY2S92SR,2025-06-30T20:34:22.751188166Z,01JZ18RFS37DDHZAPQ7AZZ8HDA,2025-06-30T20:34:22.751188166Z
01JZ18RKSK5MF6W7R71KPV6R68,01JZ18G4TN4FH7205KTQTFE7PM,2025-06-30T20:34:24.691207671Z,01JZ18G50G0GKPPCFSW2N0ZNW1,2025-06-30T20:34:24.691207671Z,01JZ18HKRFWCKWBRRSM9AC3SW4,2025-06-30T20:34:24.691207671Z,01JZ18RHHCVE30JQC8SHSPW4MY,2025-06-30T20:34:24.691207671Z,01JZ18RHJ5XN95EAZN19VJ8641,2025-06-30T20:34:24.691207671Z
01JZ190XCSEVBSXQ592MGQ715Y,01JZ18G4TN4FH7205KTQTFE7PM,2025-06-30T20:38:56.665176971Z,01JZ18G4WPK6V9JKZAVKNYS3NB,2025-06-30T20:38:56.665176971Z,01JZ18M2HA1EB5SFB14JH49GDB,2025-06-30T20:38:56.665176971Z,01JZ18RRA89V0ND20E0G84EPSM,2025-06-30T20:38:56.665176971Z,01JZ18RRJ8TVB384T9QM3TAQPD,2025-06-30T20:38:56.665176971Z
01JZ1AAVAN0M6WYZE0Z2P1X56B,01JZ19VEXCKVX740B60X4W6PQN,2025-06-30T21:01:50.805699499Z,01JZ19VF1X4TGM9HTAVFF08YB3,2025-06-30T21:01:50.805699499Z,01JZ19Y0A6E9M84HP9ZX2DCFTC,2025-06-30T21:01:50.805699499Z,01JZ1A31V3EJ1Y2YEGMA5AZKE4,2025-06-30T21:01:50.805699499Z,01JZ1A3290C8XPZTPTW3G1G80F,2025-06-30T21:01:50.805699499Z
01JZ1H3SZA5WW880GETP6PDBAE,01JZ1G29Q82GQAKEXSK2E7NK3R,2025-06-30T23:00:20.074048777Z,01JZ1G2A58JMFV91VV93EGJJQY,2025-06-30T23:00:20.074048777Z,01JZ1GHJS4Z0QHDNAN69NMJ02V,2025-06-30T23:00:20.074048777Z,01JZ1GW3RA9NZ51ED1F6D8HPC4,2025-06-30T23:00:20.074048777Z,01JZ1GW48ENQNRQ0BD3KZMP1CQ,2025-06-30T23:00:20.074048777Z
01JZ17QB3TRASRZW7Y5TKH6DCB,01JZ170DPRHYGRH6M74WMGZ8J5,2025-06-30T20:16:14.45878237Z,01JZ170DS5DJKXJ3Z7YVJKJJXK,2025-06-30T20:16:14.45878237Z,01JZ17ETMDVKMB5DEN58FYX8NM,2025-06-30T20:16:14.45878237Z,01JZ17QA5Z590RP2SNRWWJMCH6,2025-06-30T20:16:14.45878237Z,01JZ17QA6QWZKNN6HVFANQHGPR,2025-06-30T20:16:14.45878237Z
01JZ18Y5YKS08KX1CB57CHYD2X,01JZ18G4TN4FH7205KTQTFE7PM,2025-06-30T20:37:27.12400787Z,01JZ18G4Y1ABZPJ815NAWEN19T,2025-06-30T20:37:27.12400787Z,01JZ18KZMETYG3YXGETN6WS81Q,2025-06-30T20:37:27.12400787Z,01JZ18PMFB1RM4KC0PGZ592WHC,2025-06-30T20:37:27.12400787Z,01JZ18PMMB3RYW5S37W68XT56Q,2025-06-30T20:37:27.12400787Z
01JZ18ZXJ0ECANKF1888161WAR,01JZ18G4TN4FH7205KTQTFE7PM,2025-06-30T20:38:24.064206956Z,01JZ18G4XDWA3A08Y0HZ5HSAAF,2025-06-30T20:38:24.064206956Z,01JZ18N4BCMMEGJT5ZAJGY6HHX,2025-06-30T20:38:24.064206956Z,01JZ18R10H32Q9CQ9VTYQTZJBZ,2025-06-30T20:38:24.064206956Z,01JZ18R16YD5FKS8D6PV6ZDNK0,2025-06-30T20:38:24.064206956Z
01JZ191004KXEV1Q69F91CJ9SZ,01JZ18G4TN4FH7205KTQTFE7PM,2025-06-30T20:38:59.33234473Z,01JZ18G50G0GKPPCFSW2N0ZNW1,2025-06-30T20:38:59.33234473Z,01JZ18KW5P5RE2HRX78XRVTPME,2025-06-30T20:38:59.33234473Z,01JZ18RHFDZ694HBYDHJEKWZ3S,2025-06-30T20:38:59.33234473Z,01JZ18RHS18BVPD4W8KC64NJ5E,2025-06-30T20:38:59.33234473Z
01JZ1ARNMRHA5WR2EVHW13MEQX,01JZ19VEXCKVX740B60X4W6PQN,2025-06-30T21:09:23.736900329Z,01JZ19VF3FCDRKA7RA8CE3SQDH,2025-06-30T21:09:23.736900329Z,01JZ19ZRSF0H44Y7P62WF2M80H,2025-06-30T21:09:23.736900329Z,01JZ1AK0GTG09NRGMQGAZDENCH,2025-06-30T21:09:23.736900329Z,01JZ1AK0R183QNPQ4JFBMA6XJA,2025-06-30T21:09:23.736900329Z
01JZ1BNST3RVB3E9RKY3K35VEA,01JZ1B1VZ9TM9N3252XVVAH9DZ,2025-06-30T21:25:18.275489635Z,01JZ1B1W5TAZ0C76DBH0ZAEY5X,2025-06-30T21:25:18.275489635Z,01JZ1B4W32576VKF9GY80WC648,2025-06-30T21:25:18.275489635Z,01JZ1BNNDP6X2S9Y1STMRSC69M,2025-06-30T21:25:18.275489635Z,01JZ1BNNYRTKB6F1D02GY8DW2Q,2025-06-30T21:25:18.275489635Z
01JZ17QGXXKG3NDP3SG7YZPK2B,01JZ170DPRHYGRH6M74WMGZ8J5,2025-06-30T20:16:20.413310712Z,01JZ170DRRRWN613C5WJQ8B5Q6,2025-06-30T20:16:20.413310712Z,01JZ17A832XNJZN2KK8205TMZH,2025-06-30T20:16:20.413310712Z,01JZ17G52QXC0MC4VA0YJ9E9HN,2025-06-30T20:16:20.413310712Z,01JZ17G54GERK7CC5A2YT2C8ZS,2025-06-30T20:16:20.413310712Z
01JZ18WAR2FEF16HEW3GZNNHJB,01JZ18G4TN4FH7205KTQTFE7PM,2025-06-30T20:36:26.498746Z,01JZ18G4Y1ABZPJ815NAWEN19T,2025-06-30T20:36:26.498746Z,01JZ18HGDSE2JWMVWW1YEZN8Q5,2025-06-30T20:36:26.498746Z,01JZ18PMF1481YNW4VF038RS60,2025-06-30T20:36:26.498746Z,01JZ18PMK1Q07KH4CZNB9PR0WQ,2025-06-30T20:36:26.498746Z
01JZ1CVWTGMQ3ZXM2NN6FKS25G,01JZ1C4XJFQQ45ZHGATAXVBX0J,2025-06-30T21:46:06.544961087Z,01JZ1C4XNE4VHGMR9JDZS6Y7F9,2025-06-30T21:46:06.544961087Z,01JZ1CF267R4DM5CMXPS4VKSEE,2025-06-30T21:46:06.544961087Z,01JZ1CM9NHAQYVB9EBB2FPWPMG,2025-06-30T21:46:06.544961087Z,01JZ1CMA31R8XKWA9BKW0H529E,2025-06-30T21:46:06.544961087Z
01JZ1AGC5AHXV51XTWRK08P02E,01JZ19VEXCKVX740B60X4W6PQN,2025-06-30T21:04:51.882590086Z,01JZ19VF5YA4VZJRJDVJVY1XBY,2025-06-30T21:04:51.882590086Z,01JZ19XQ9SYW5JG2B10Z2EXJ0C,2025-06-30T21:04:51.882590086Z,01JZ1AAR361JZ1CYXHJ50PJVG2,2025-06-30T21:04:51.882590086Z,01JZ1AAR7NN2XS5Z2A6KJ0YYRK,2025-06-30T21:04:51.882590086Z
01JZ1ES164DT9FXM6H8W92VFXK,01JZ1E916HBESJXS5SJ82BFZ21,2025-06-30T22:19:29.860966887Z,01JZ1E91HHYKGR583PHV4V6JXR,2025-06-30T22:19:29.860966887Z,01JZ1EK77BRBNM03T0A9A1Z152,2025-06-30T22:19:29.860966887Z,01JZ1ERV7ACEK1D4TDCD2JD7PV,2025-06-30T22:19:29.860966887Z,01JZ1ERVFF9E2CR8QZ1VGZAVQ0,2025-06-30T22:19:29.860966887Z
01JZ1BNT1E14G277JYD1964QAY,01JZ1B1VZ9TM9N3252XVVAH9DZ,2025-06-30T21:25:18.510296978Z,01JZ1B1W5TAZ0C76DBH0ZAEY5X,2025-06-30T21:25:18.510296978Z,01JZ1B3WZ5Q8VM6YQPSTYC2J5Y,2025-06-30T21:25:18.510296978Z,01JZ1BNNDP6X2S9Y1STMRSC69M,2025-06-30T21:25:18.510296978Z,01JZ1BNNYRTKB6F1D02GY8DW2Q,2025-06-30T21:25:18.510296978Z
01JZ17KH16G1T995ZXBYV9D79B,01JZ170DPRHYGRH6M74WMGZ8J5,2025-06-30T20:14:09.446474783Z,01JZ170DSWJ6311N72HPSQWG9K,2025-06-30T20:14:09.446474783Z,01JZ17BEMM8D7MEKMFQ0MBS3DE,2025-06-30T20:14:09.446474783Z,01JZ17KG5B6EC4G1KASHS52HR2,2025-06-30T20:14:09.446474783Z,01JZ17KG69JDSJMYJ0G4QW97X0,2025-06-30T20:14:09.446474783Z
01JZ17XV3QHXZ0YPSQKWB9TBG4,01JZ170DPRHYGRH6M74WMGZ8J5,2025-06-30T20:19:47.44705176Z,01JZ170DS0283SZNEN95XAWWS4,2025-06-30T20:19:47.44705176Z,01JZ17CS84WF94XY708FKX765Q,2025-06-30T20:19:47.44705176Z,01JZ17NT6Q15JZTNT1T2TRQ09Q,2025-06-30T20:19:47.44705176Z,01JZ17NTC4DG1CYJJTJY1F2J8J,2025-06-30T20:19:47.44705176Z
01JZ18Q3AA8B18GWAF90KQD5WC,01JZ18G4TN4FH7205KTQTFE7PM,2025-06-30T20:33:35.05103895Z,01JZ18G4YA2XRQ9RK4RH5WQB1P,2025-06-30T20:33:35.05103895Z,01JZ18M0E7QK051FXC32B03XG8,2025-06-30T20:33:35.05103895Z,01JZ18Q1R1B7GYCBMPZ4J0A4A5,2025-06-30T20:33:35.05103895Z,01JZ18Q1TSFZZQS5FGTPWK8FNB,2025-06-30T20:33:35.05103895Z
01JZ18SK7YMGEBZRX01D22VP0F,01JZ18G4TN4FH7205KTQTFE7PM,2025-06-30T20:34:56.894842424Z,01JZ18G4ZDA13FR053ZT1R1FPF,2025-06-30T20:34:56.894842424Z,01JZ18HQSJCYE6M3YFJES1PERS,2025-06-30T20:34:56.894842424Z,01JZ18NR677M02YFM90F21XHAA,2025-06-30T20:34:56.894842424Z,01JZ18NR9N5HZPVK7V13ZT23CD,2025-06-30T20:34:56.894842424Z
01JZ18ZE1V25C22SAX3HVERQDM,01JZ18G4TN4FH7205KTQTFE7PM,2025-06-30T20:38:08.187402088Z,01JZ18G4YK3PSP6R2PNWBA4P8S,2025-06-30T20:38:08.187402088Z,01JZ18J1HPCJW9NZWB0AN2GDSE,2025-06-30T20:38:08.187402088Z,01JZ18QWAXDS741W4C9GD54TCD,2025-06-30T20:38:08.187402088Z,01JZ18QWGR4TZ5C0S7H01YRPTG,2025-06-30T20:38:08.187402088Z
01JZ18ZRGTRVVG6EW59BQGVHNQ,01JZ18G4TN4FH7205KTQTFE7PM,2025-06-30T20:38:18.906031102Z,01JZ18G4YK3PSP6R2PNWBA4P8S,2025-06-30T20:38:18.906031102Z,01JZ18HYEVQSC277Q1HCSHCSWE,2025-06-30T20:38:18.906031102Z,01JZ18QWAK96HX887YH26X2DYC,2025-06-30T20:38:18.906031102Z,01JZ18QWHXP6KRJF2Q2G362FXG,2025-06-30T20:38:18.906031102Z
01JZ1AJJYSRCV6NFZRY8QS6Q2J,01JZ19VEXCKVX740B60X4W6PQN,2025-06-30T21:06:04.377455086Z,01JZ19VF81DTYMGWYB0TAJKDWY,2025-06-30T21:06:04.377455086Z,01JZ1A1K79TTT3Z2JTQ13NPY5P,2025-06-30T21:06:04.377455086Z,01JZ1AABP7JRKCT0WVXFR6GX4V,2025-06-30T21:06:04.377455086Z,01JZ1AACFZW6WKT3QJPWF71GCR,2025-06-30T21:06:04.377455086Z
01JZ1BSRP4GCWYXRM4B7D9T6FX,01JZ1B1VZ9TM9N3252XVVAH9DZ,2025-06-30T21:27:28.196921303Z,01JZ1B1W4RP0VXDDKCJTNKM3AX,2025-06-30T21:27:28.196921303Z,01JZ1BHJS3735357S2TBZ4T5W4,2025-06-30T21:27:28.196921303Z,01JZ1BNY8P6J7MV2A9X36WMPD0,2025-06-30T21:27:28.196921303Z,01JZ1BNYJE58CSDJ8V1RP7ASYS,2025-06-30T21:27:28.196921303Z
01JZ1DSG6RS88P54GKQEN07KGJ,01JZ1D0RX94M7HHBAJDNGV8QRS,2025-06-30T22:02:16.664225967Z,01JZ1D0S4EMT97ECKQ06X1ZWAX,2025-06-30T22:02:16.664225967Z,01JZ1DCFS2MSEF81EKXGM05M99,2025-06-30T22:02:16.664225967Z,01JZ1DHWHN1GY9FT52VYW8NJ46,2025-06-30T22:02:16.664225967Z,01JZ1DHWZDVEZQQNZE9HKD8JZW,2025-06-30T22:02:16.664225967Z
01JZ1DR2JPM6CX6RR8ZKDKN4QB,01JZ1D0RX94M7HHBAJDNGV8QRS,2025-06-30T22:01:29.942097943Z,01JZ1D0S064NT759Q480WCA8PK,2025-06-30T22:01:29.942097943Z,01JZ1DB67XDQM93GQRR65SS1X0,2025-06-30T22:01:29.942097943Z,01JZ1DFXRMFQK07Q91HG8QCYJ2,2025-06-30T22:01:29.942097943Z,01JZ1DFZ56FDN0A8XV7X841H8M,2025-06-30T22:01:29.942097943Z
01JZ17PTTK5YMQTHFAVM3Q76Y0,01JZ170DPRHYGRH6M74WMGZ8J5,2025-06-30T20:15:57.779655675Z,01JZ170DSMJZPS89ZBMFZ7ATK7,2025-06-30T20:15:57.779655675Z,01JZ17K3Y03J2B5JTWV2Q8DEEQ,2025-06-30T20:15:57.779655675Z,01JZ17MYDW712GB678NHAF4EAC,2025-06-30T20:15:57.779655675Z,01JZ17MYK6TSEM0FE9TJ34XM6C,2025-06-30T20:15:57.779655675Z
01JZ17TWE4188V20VPRAH1T264,01JZ170DPRHYGRH6M74WMGZ8J5,2025-06-30T20:18:10.500738898Z,01JZ170DSWJ6311N72HPSQWG9K,2025-06-30T20:18:10.500738898Z,01JZ17D915S4GRY1FXGXK8RTTY,2025-06-30T20:18:10.500738898Z,01JZ17KG4GY236VDZCYE8QS8G2,2025-06-30T20:18:10.500738898Z,01JZ17KG911NYQ5N6FHQBCSNCV,2025-06-30T20:18:10.500738898Z
01JZ17YBHCG08J8R0TX8JDXPE0,01JZ170DPRHYGRH6M74WMGZ8J5,2025-06-30T20:20:04.269003485Z,01JZ170DSP5HFMBRZWFQV8RFVC,2025-06-30T20:20:04.269003485Z,01JZ17BG508D1SYGKCV9ECDV4F,2025-06-30T20:20:04.269003485Z,01JZ17RSKP4T7TM013SKSDCBN6,2025-06-30T20:20:04.269003485Z,01JZ17RSPGTG8C99KA4YPDYFVC,2025-06-30T20:20:04.269003485Z
01JZ18ZK5SW0GGFRMGV44ZXTEJ,01JZ18G4TN4FH7205KTQTFE7PM,2025-06-30T20:38:13.43391264Z,01JZ18G4XDWA3A08Y0HZ5HSAAF,2025-06-30T20:38:13.43391264Z,01JZ18K35P2QZ1SSJHQYJ2X8Z7,2025-06-30T20:38:13.43391264Z,01JZ18R10XKY5S8X2DP4KAHATX,2025-06-30T20:38:13.43391264Z,01JZ18R15QWZGYPDXYR2JDRR4K,2025-06-30T20:38:13.43391264Z
01JZ190DMWJHHTYQC4BYRNHQSF,01JZ18G4TN4FH7205KTQTFE7PM,2025-06-30T20:38:40.540469843Z,01JZ18G4XDWA3A08Y0HZ5HSAAF,2025-06-30T20:38:40.540469843Z,01JZ18JX7AQFGHWSY2V5AEBRM0,2025-06-30T20:38:40.540469843Z,01JZ18R104VYMDDRK1QJHT9RQ9,2025-06-30T20:38:40.540469843Z,01JZ18R18DFKMEAWWTVWN3KHR5,2025-06-30T20:38:40.540469843Z
01JZ1AEG3YRR1ENT4MSWC9BXGC,01JZ19VEXCKVX740B60X4W6PQN,2025-06-30T21:03:50.398298055Z,01JZ19VF9WCS5BMDRCPXZK6ZBF,2025-06-30T21:03:50.398298055Z,01JZ19XKK2V5414G0ST34MPS62,2025-06-30T21:03:50.398298055Z,01JZ1A8RTBQBGQ6B3M8DMQ82K3,2025-06-30T21:03:50.398298055Z,01JZ1A8RYVY57RPWHFYD5PSDYS,2025-06-30T21:03:50.398298055Z
01JZ1BGY0NNYD9V0XF56XTMWE1,01JZ1B1VZ9TM9N3252XVVAH9DZ,2025-06-30T21:22:38.741630047Z,01JZ1B1W2WT8MR9NJ7RDDSFH2M,2025-06-30T21:22:38.741630047Z,01JZ1B4FWCV3S3JF90184ADC3A,2025-06-30T21:22:38.741630047Z,01JZ1BD3Y8NHHCFXCV7WB08PE6,2025-06-30T21:22:38.741630047Z,01JZ1BD4CHA54BSW8FCPK7AFSB,2025-06-30T21:22:38.741630047Z
01JZ18VDP7C7CM3TBZYE77MDT5,01JZ18G4TN4FH7205KTQTFE7PM,2025-06-30T20:35:56.743586847Z,01JZ18G4ZPD0G0WRB3ZSNJ4KSW,2025-06-30T20:35:56.743586847Z,01JZ18HV1R8B29VBXTS00FPVXC,2025-06-30T20:35:56.743586847Z,01JZ18QMDSQREXVSZ9J332HVG7,2025-06-30T20:35:56.743586847Z,01JZ18QMN8KXV42Y2BEFTEBTVN,2025-06-30T20:35:56.743586847Z
01JZ18ZRJSMQ5D65X9ZP9DQJ2S,01JZ18G4TN4FH7205KTQTFE7PM,2025-06-30T20:38:18.969140815Z,01JZ18G4YK3PSP6R2PNWBA4P8S,2025-06-30T20:38:18.969140815Z,01JZ18JNT2QKJHBG0YSDA5VWH8,2025-06-30T20:38:18.969140815Z,01JZ18QWAK96HX887YH26X2DYC,2025-06-30T20:38:18.969140815Z,01JZ18QWHXP6KRJF2Q2G362FXG,2025-06-30T20:38:18.969140815Z
01JZ190ZY4BYSA1DX49HQW2GBY,01JZ18G4TN4FH7205KTQTFE7PM,2025-06-30T20:38:59.268656663Z,01JZ18G50G0GKPPCFSW2N0ZNW1,2025-06-30T20:38:59.268656663Z,01JZ18HJ023RXZWDMJ23K3G02T,2025-06-30T20:38:59.268656663Z,01JZ18RHFDZ694HBYDHJEKWZ3S,2025-06-30T20:38:59.268656663Z,01JZ18RHS18BVPD4W8KC64NJ5E,2025-06-30T20:38:59.268656663Z
01JZ1A6TCY5SG7NPTYJ9ET7XEH,01JZ19VEXCKVX740B60X4W6PQN,2025-06-30T20:59:38.782757965Z,01JZ19VF1X4TGM9HTAVFF08YB3,2025-06-30T20:59:38.782757965Z,01JZ19Y0A6E9M84HP9ZX2DCFTC,2025-06-30T20:59:38.782757965Z,01JZ1A31STNBCB1FNASKSH9RM4,2025-06-30T20:59:38.782757965Z,01JZ1A323YY42SPD46VTD3ZHQB,2025-06-30T20:59:38.782757965Z
01JZ1AGBFDVS0BD179QWJXTTHG,01JZ19VEXCKVX740B60X4W6PQN,2025-06-30T21:04:51.181398776Z,01JZ19VF9WCS5BMDRCPXZK6ZBF,2025-06-30T21:04:51.181398776Z,01JZ18QF2693Q9TCBGRNNEEKBJ,2025-06-30T21:04:51.181398776Z,01JZ1A8RSRN8NWX633AN587X7F,2025-06-30T21:04:51.181398776Z,01JZ1A8S0SHPAZZMW9MCZGGN41,2025-06-30T21:04:51.181398776Z
01JZ1H3T41FC7SQ4P3PVV7VJ23,01JZ1G29Q82GQAKEXSK2E7NK3R,2025-06-30T23:00:20.22563732Z,01JZ1G2A58JMFV91VV93EGJJQY,2025-06-30T23:00:20.22563732Z,01JZ1GA4T24GEXMPJNJW9S8J83,2025-06-30T23:00:20.22563732Z,01JZ1GW3RA9NZ51ED1F6D8HPC4,2025-06-30T23:00:20.22563732Z,01JZ1GW48ENQNRQ0BD3KZMP1CQ,2025-06-30T23:00:20.22563732Z
01JZ17KEH5FY2VXTZ6JTKAK8VJ,01JZ170DPRHYGRH6M74WMGZ8J5,2025-06-30T20:14:06.885509969Z,01JZ170DS32PJY8CQRMADJXFRG,2025-06-30T20:14:06.885509969Z,01JZ17A84G8QVPB3RW2KXSNH3H,2025-06-30T20:14:06.885509969Z,01JZ17HJXZJXBNGG98GAB8QMCF,2025-06-30T20:14:06.885509969Z,01JZ17HK0Q06FHSMMZ245M8QA0,2025-06-30T20:14:06.885509969Z
01JZ17M3HV1GNKTN3B25C0E4GF,01JZ170DPRHYGRH6M74WMGZ8J5,2025-06-30T20:14:28.411866973Z,01JZ170DSTXK5Z1DV671606E6A,2025-06-30T20:14:28.411866973Z,01JZ17DP10NW99AE12W6233E2P,2025-06-30T20:14:28.411866973Z,01JZ17J85FH6ZCHDJEZZH3F672,2025-06-30T20:14:28.411866973Z,01JZ17J86TXJX9E283DBPBWRXS,2025-06-30T20:14:28.411866973Z
01JZ18W7T12AHQ9PATT02B8YRV,01JZ18G4TN4FH7205KTQTFE7PM,2025-06-30T20:36:23.489933926Z,01JZ18G4ZZG5A688HVVJGKBFVW,2025-06-30T20:36:23.489933926Z,01JZ18JE9A6THSRA3515C4Q3GE,2025-06-30T20:36:23.489933926Z,01JZ18RFQ4W09NKQ14XZ3KQN1E,2025-06-30T20:36:23.489933926Z,01JZ18RFVKATYSB1M62D2NFA75,2025-06-30T20:36:23.489933926Z
01JZ1ACAT8TTZGC3XFJ6V9NB43,01JZ19VEXCKVX740B60X4W6PQN,2025-06-30T21:02:39.4325113Z,01JZ19VF81DTYMGWYB0TAJKDWY,2025-06-30T21:02:39.4325113Z,01JZ1A1K79TTT3Z2JTQ13NPY5P,2025-06-30T21:02:39.4325113Z,01JZ1AABK962FFJZTPD33N3VKP,2025-06-30T21:02:39.4325113Z,01JZ1AAC02MC5SPR207R8CMDY9,2025-06-30T21:02:39.4325113Z
01JZ17HXK6SA8YNPRVY6E9D11V,01JZ170DPRHYGRH6M74WMGZ8J5,2025-06-30T20:13:16.774701919Z,01JZ170DS434CCJM920VN081CV,2025-06-30T20:13:16.774701919Z,01JZ17DF0FPMATGYC1VKMVTRWC,2025-06-30T20:13:16.774701919Z,01JZ17HX0WDHJY255DWBEJWHE6,2025-06-30T20:13:16.774701919Z,01JZ17HX1MS15WGRQW72F0XWC5,2025-06-30T20:13:16.774701919Z
01JZ17WVYJ3JR11MNH4F8CG2HN,01JZ170DPRHYGRH6M74WMGZ8J5,2025-06-30T20:19:15.538556821Z,01JZ170DS5DJKXJ3Z7YVJKJJXK,2025-06-30T20:19:15.538556821Z,01JZ17ETMDVKMB5DEN58FYX8NM,2025-06-30T20:19:15.538556821Z,01JZ17QA5NP4NCPJJVMNCZ9F7W,2025-06-30T20:19:15.538556821Z,01JZ17QA88YGJK5Z767Z5YN7Y4,2025-06-30T20:19:15.538556821Z
01JZ18SVGGC4BEZE6TDCEYC8A6,01JZ18G4TN4FH7205KTQTFE7PM,2025-06-30T20:35:05.360740616Z,01JZ18G4YK3PSP6R2PNWBA4P8S,2025-06-30T20:35:05.360740616Z,01JZ18J1HPCJW9NZWB0AN2GDSE,2025-06-30T20:35:05.360740616Z,01JZ18QWBAHK4T4H0VEYDTYNA4,2025-06-30T20:35:05.360740616Z,01JZ18QWEKTT51B5RARFJ2E1HQ,2025-06-30T20:35:05.360740616Z
01JZ18YB3NAQT80JQSMGRS38DR,01JZ18G4TN4FH7205KTQTFE7PM,2025-06-30T20:37:32.405352311Z,01JZ18G4WPK6V9JKZAVKNYS3NB,2025-06-30T20:37:32.405352311Z,01JZ18K1EBQ2BSVM3H7XBRVG61,2025-06-30T20:37:32.405352311Z,01JZ18RRB5PTFQB2DKPHTKH4V3,2025-06-30T20:37:32.405352311Z,01JZ18RRFGDWF4KT9QERXDYSGG,2025-06-30T20:37:32.405352311Z
01JZ1A8NJ7288AE0JMC725CCF8,01JZ19VEXCKVX740B60X4W6PQN,2025-06-30T21:00:39.36779449Z,01JZ19VF1X4TGM9HTAVFF08YB3,2025-06-30T21:00:39.36779449Z,01JZ19XY7CXDASK651A0S5NR34,2025-06-30T21:00:39.36779449Z,01JZ1A31STNBCB1FNASKSH9RM4,2025-06-30T21:00:39.36779449Z,01JZ1A324M5DG5G1F4JNBQ7X99,2025-06-30T21:00:39.36779449Z
01JZ1AQE40VJ1RVEBPGTFPAPQE,01JZ19VEXCKVX740B60X4W6PQN,2025-06-30T21:08:43.26487777Z,01JZ19VF4XXDC5SP97SM18G8VM,2025-06-30T21:08:43.26487777Z,01JZ1ANDKY8QTNAK6C66WRTD5R,2025-06-30T21:08:43.26487777Z,01JZ1AQBF58925C38R5NVE04TV,2025-06-30T21:08:43.26487777Z,01JZ1AQBKKZ7EHDYEBGGQJ06YK,2025-06-30T21:08:43.26487777Z
01JZ1CR5NMFCFGFRSRYGAEB3XD,01JZ1C4XJFQQ45ZHGATAXVBX0J,2025-06-30T21:44:04.532067837Z,01JZ1C4XNE4VHGMR9JDZS6Y7F9,2025-06-30T21:44:04.532067837Z,01JZ1CB9F4KXDQP2PHJCZHP1QC,2025-06-30T21:44:04.532067837Z,01JZ1CM9MH9FR8B6ZK0QM2XBF8,2025-06-30T21:44:04.532067837Z,01JZ1CM9XNCJMG30B6PE3HBNT5,2025-06-30T21:44:04.532067837Z
01JZ17V10WC9P1B73ZV3T5VM0B,01JZ170DPRHYGRH6M74WMGZ8J5,2025-06-30T20:18:15.196995733Z,01JZ170DS5DJKXJ3Z7YVJKJJXK,2025-06-30T20:18:15.196995733Z,01JZ1763ZE1VD7FNYG3WZHGCWZ,2025-06-30T20:18:15.196995733Z,01JZ17QA5NP4NCPJJVMNCZ9F7W,2025-06-30T20:18:15.196995733Z,01JZ17QA7ZSWJ7CS2VJ1NFV8PD,2025-06-30T20:18:15.196995733Z
01JZ18NSQ0MAX0M0MRKGYST9YN,01JZ18G4TN4FH7205KTQTFE7PM,2025-06-30T20:32:52.448465133Z,01JZ18G4ZDA13FR053ZT1R1FPF,2025-06-30T20:32:52.448465133Z,01JZ18JPT9JN6KKGXMDR9K6K49,2025-06-30T20:32:52.448465133Z,01JZ18NR5AG219ZPCM6XMBS475,2025-06-30T20:32:52.448465133Z,01JZ18NR807382NWM43SC3W0P4,2025-06-30T20:32:52.448465133Z
01JZ1A8NN6RC3RMBESP38X3JN2,01JZ19VEXCKVX740B60X4W6PQN,2025-06-30T21:00:39.462159671Z,01JZ19VF1X4TGM9HTAVFF08YB3,2025-06-30T21:00:39.462159671Z,01JZ19Y0A6E9M84HP9ZX2DCFTC,2025-06-30T21:00:39.462159671Z,01JZ1A31STNBCB1FNASKSH9RM4,2025-06-30T21:00:39.462159671Z,01JZ1A324M5DG5G1F4JNBQ7X99,2025-06-30T21:00:39.462159671Z
01JZ1AJA1SXK1DSN54HSZNK52N,01JZ19VEXCKVX740B60X4W6PQN,2025-06-30T21:05:55.257667014Z,01JZ19VF5YA4VZJRJDVJVY1XBY,2025-06-30T21:05:55.257667014Z,01JZ1A4C7ZG2R9MAMN2NVT495T,2025-06-30T21:05:55.257667014Z,01JZ1AAR2NPD6QV68SPHG41X06,2025-06-30T21:05:55.257667014Z,01JZ1AAR9QYSJ3W706404KREXX,2025-06-30T21:05:55.257667014Z
01JZ1H4RXEFPNBSAC0SQ3SK20G,01JZ1G29Q82GQAKEXSK2E7NK3R,2025-06-30T23:00:51.758648816Z,01JZ1G2AATTMJJ07WA2JZ9MF1K,2025-06-30T23:00:51.758648816Z,01JZ1GP55F36DXJQDEYTGWZ556,2025-06-30T23:00:51.758648816Z,01JZ1GWNK8HR62RH8YCT5E8YRY,2025-06-30T23:00:51.758648816Z,01JZ1GWPKTD5JEXNEERZZN8R9M,2025-06-30T23:00:51.758648816Z
01JZ17PQD6XZNREAH0WNSWD9JR,01JZ170DPRHYGRH6M74WMGZ8J5,2025-06-30T20:15:54.281323963Z,01JZ170DRV33K8D9D9ZMQKAW2D,2025-06-30T20:15:54.281323963Z,01JZ17F29KQA44VJC80QGCAS6X,2025-06-30T20:15:54.281323963Z,01JZ17PPH32HXCV9GY0H5Z2WSH,2025-06-30T20:15:54.281323963Z,01JZ17PPJHRZMCCXX8F735F6CB,2025-06-30T20:15:54.281323963Z
01JZ17Q6PWB4NDT3VGV5D267B0,01JZ170DPRHYGRH6M74WMGZ8J5,2025-06-30T20:16:09.948368933Z,01JZ170DSWJ6311N72HPSQWG9K,2025-06-30T20:16:09.948368933Z,01JZ178W441J2YAZ2W6GRZFTRA,2025-06-30T20:16:09.948368933Z,01JZ17KG534VMGAN6DZ77QN8H5,2025-06-30T20:16:09.948368933Z,01JZ17KG7QBR7SW7H41DV67CFK,2025-06-30T20:16:09.948368933Z
01JZ17SK7GAFSR68TNPZ96S3QS,01JZ170DPRHYGRH6M74WMGZ8J5,2025-06-30T20:17:28.304344595Z,01JZ170DS32PJY8CQRMADJXFRG,2025-06-30T20:17:28.304344595Z,01JZ17A8QJRMY4CTZ0TGBPTVC4,2025-06-30T20:17:28.304344595Z,01JZ17HJY5Q3PQ3SGQ81QN303W,2025-06-30T20:17:28.304344595Z,01JZ17HK2E8CY2FWBMYVY27NZM,2025-06-30T20:17:28.304344595Z
01JZ17VBF88SDQ6KGSYX41XS8E,01JZ170DPRHYGRH6M74WMGZ8J5,2025-06-30T20:18:25.896399647Z,01JZ170DS0283SZNEN95XAWWS4,2025-06-30T20:18:25.896399647Z,01JZ17CS84WF94XY708FKX765Q,2025-06-30T20:18:25.896399647Z,01JZ17NT7VKFDEH0WZ6ZY88ZPG,2025-06-30T20:18:25.896399647Z,01JZ17NTA2X67VBRWPPAXKVKJM,2025-06-30T20:18:25.896399647Z
01JZ17WFRP9AXK5Q8Y5FNEMPK0,01JZ170DPRHYGRH6M74WMGZ8J5,2025-06-30T20:19:03.062978091Z,01JZ170DS434CCJM920K0JDY80,2025-06-30T20:19:03.062978091Z,01JZ17B8EAMA6MXWF42Y5PVE7P,2025-06-30T20:19:03.062978091Z,01JZ17MET0GT1VR1Z1AASBPY29,2025-06-30T20:19:03.062978091Z,01JZ17MEYG47H1NQGBEK0AW94R,2025-06-30T20:19:03.062978091Z
01JZ18T5HQEFPGPXT8ERPM0VDE,01JZ18G4TN4FH7205KTQTFE7PM,2025-06-30T20:35:15.63999552Z,01JZ18G512YK4K14AJW1A4KQT5,2025-06-30T20:35:15.63999552Z,01JZ18JCRWSH5Z1V97KVRN4VV2,2025-06-30T20:35:15.63999552Z,01JZ18R8CZAK9T47Q30YNKNJNG,2025-06-30T20:35:15.63999552Z,01JZ18R8FP2PK8E1K46EBVN6DP,2025-06-30T20:35:15.63999552Z
01JZ19FZV895CE6MDXYQTCK9ZB,01JZ18R9CHSHJ2BAJZ4M4PAW2X,2025-06-30T20:47:10.696330716Z,01JZ18RA3DBE17YR6D8FEXRWFY,2025-06-30T20:47:10.696330716Z,01JZ195RS4X3R0XZXASS7J2F2G,2025-06-30T20:47:10.696330716Z,01JZ197W1Q8Y87S3QNNPH4WR2N,2025-06-30T20:47:10.696330716Z,01JZ197WFDV5PZPT97FQG307PH,2025-06-30T20:47:10.696330716Z
01JZ18XREX7V8VKZG0MFMNSTM2,01JZ18G4TN4FH7205KTQTFE7PM,2025-06-30T20:37:13.30918164Z,01JZ18G4X5EPR69QT64DVYQXFJ,2025-06-30T20:37:13.30918164Z,01JZ18KH2AEBXEHK9D1GSN56XX,2025-06-30T20:37:13.30918164Z,01JZ18PAPJXR5K55YMBBDH8RCF,2025-06-30T20:37:13.30918164Z,01JZ18PAWCKXR2FBWZFCKBYAH8,2025-06-30T20:37:13.30918164Z
01JZ1BXF91HP1PCG66XJJYTM1E,01JZ1B1VZ9TM9N3252XVVAH9DZ,2025-06-30T21:29:29.633077386Z,01JZ1B1W4RP0VXDDKCJTNKM3AX,2025-06-30T21:29:29.633077386Z,01JZ1B44NJ2M66S6K1HNVCZ08H,2025-06-30T21:29:29.633077386Z,01JZ1BNYAAW7XNTC5PXF53BARA,2025-06-30T21:29:29.633077386Z,01JZ1BNYP3JXAKJ010P72BJYG8,2025-06-30T21:29:29.633077386Z
01JZ1DHN1V6TQ9W8NRY9C3F8SP,01JZ1D0RX94M7HHBAJDNGV8QRS,2025-06-30T21:57:59.483821527Z,01JZ1D0S58CJJ0G6BA8AW8ZVCS,2025-06-30T21:57:59.483821527Z,01JZ1D4DS7AYHA2YKV7CP2TXFR,2025-06-30T21:57:59.483821527Z,01JZ1D976ADRX00GH05XJ7VG1Y,2025-06-30T21:57:59.483821527Z,01JZ1D97NV0HAM9VGQPR8BXBXR,2025-06-30T21:57:59.483821527Z
01JZ17VJZ1ZZ41VVH0TS4FY5AQ,01JZ170DPRHYGRH6M74WMGZ8J5,2025-06-30T20:18:33.569252576Z,01JZ170DRWH3Q5VEKFYTCWXCB9,2025-06-30T20:18:33.569252576Z,01JZ179X6Q4FCZN7X4TNMWRQ73,2025-06-30T20:18:33.569252576Z,01JZ17M63Y2ZQE6JBWKAH6VSPE,2025-06-30T20:18:33.569252576Z,01JZ17M67CK483EM7TTBPCRTB0,2025-06-30T20:18:33.569252576Z
01JZ17W9RV9V1PJD27CB9EA7XX,01JZ170DPRHYGRH6M74WMGZ8J5,2025-06-30T20:18:56.923663898Z,01JZ170DSR5F2SARFX61BD5BFD,2025-06-30T20:18:56.923663898Z,01JZ17D6932YKNNSWD1JMYAKKF,2025-06-30T20:18:56.923663898Z,01JZ17M8TBTH3TC0NGPGNB96E6,2025-06-30T20:18:56.923663898Z,01JZ17M91E1G67WCVN444911VH,2025-06-30T20:18:56.923663898Z
01JZ180VAB19PXF2XQ3WYS88K9,01JZ170DPRHYGRH6M74WMGZ8J5,2025-06-30T20:21:25.963593795Z,01JZ170DSP5HFMBRZWFQV8RFVC,2025-06-30T20:21:25.963593795Z,01JZ178B4PCAFGN9QS0GJ0TQ84,2025-06-30T20:21:25.963593795Z,01JZ17RSJJTRQ3PSBCBXKXE637,2025-06-30T20:21:25.963593795Z,01JZ17RSSN6G8Y8TD3Z81DX4KH,2025-06-30T20:21:25.963593795Z
01JZ1925YTMEBRMF7R3KAX4DWH,01JZ18QHX9XGN83K6T42FK97D5,2025-06-30T20:39:38.202870471Z,01JZ18QHYY9H3H8G0D5BR000CA,2025-06-30T20:39:38.202870471Z,01JZ18TPQGGX70KYFXP5KFA0ZD,2025-06-30T20:39:38.202870471Z,01JZ1903BN7V6B2N7AMWNTAWGG,2025-06-30T20:39:38.202870471Z,01JZ19050VEGYP9AFZRJEAQ862,2025-06-30T20:39:38.202870471Z
01JZ1AAT7H226TNZ4ZFMMB2GWJ,01JZ19VEXCKVX740B60X4W6PQN,2025-06-30T21:01:49.68197175Z,01JZ19VF5YA4VZJRJDVJVY1XBY,2025-06-30T21:01:49.68197175Z,01JZ1A8FR32NPD5RJ1DVE9H7Y6,2025-06-30T21:01:49.68197175Z,01JZ1AAR1060BHD991DM45EP7A,2025-06-30T21:01:49.68197175Z,01JZ1AAR4AJMBCW9THXN5SJZM5,2025-06-30T21:01:49.68197175Z
01JZ1DF9XB37R5WD6PKEN7GRDN,01JZ1D0RX94M7HHBAJDNGV8QRS,2025-06-30T21:56:42.539301081Z,01JZ1D0S2S8SEBXETFQJSTGM5V,2025-06-30T21:56:42.539301081Z,01JZ1D4AYTG2DMXZZ36EVW3RQ2,2025-06-30T21:56:42.539301081Z,01JZ1D77ZGJGAA1PN0Y98H9Q1P,2025-06-30T21:56:42.539301081Z,01JZ1D79012KXWK2MJ34BE990V,2025-06-30T21:56:42.539301081Z
01JZ17NBVX2VV3JVEGNNAR72S9,01JZ170DPRHYGRH6M74WMGZ8J5,2025-06-30T20:15:09.693461626Z,01JZ170DSWJ6311N72HPSQWG9K,2025-06-30T20:15:09.693461626Z,01JZ17HR3SKAZC9R19A608NCQK,2025-06-30T20:15:09.693461626Z,01JZ17KG534VMGAN6DZ77QN8H5,2025-06-30T20:15:09.693461626Z,01JZ17KG7HDSSYDXJ52NAG0WHG,2025-06-30T20:15:09.693461626Z
01JZ17WBDNZZMM84AANE3XN2VR,01JZ170DPRHYGRH6M74WMGZ8J5,2025-06-30T20:18:58.613128995Z,01JZ170DSMJZPS89ZBMFZ7ATK7,2025-06-30T20:18:58.613128995Z,01JZ17DJ18S9CGE8H6D4S1K333,2025-06-30T20:18:58.613128995Z,01JZ17MYEAFDF08CXGPM4NR36C,2025-06-30T20:18:58.613128995Z,01JZ17MYNNVK575B13ZB16FHVE,2025-06-30T20:18:58.613128995Z
01JZ18WG4BXEKK5J748PREDN5E,01JZ18G4TN4FH7205KTQTFE7PM,2025-06-30T20:36:32.011970845Z,01JZ18G4WPK6V9JKZAVKNYS3NB,2025-06-30T20:36:32.011970845Z,01JZ18N0WE2W63AJ0S8AMFR80C,2025-06-30T20:36:32.011970845Z,01JZ18RRB5PTFQB2DKPHTKH4V3,2025-06-30T20:36:32.011970845Z,01JZ18RRF3R9MRCS1M5AG3XEMM,2025-06-30T20:36:32.011970845Z
01JZ190APK1V22YJKZB7KZNKPJ,01JZ18QHX9XGN83K6T42FK97D5,2025-06-30T20:38:37.524653741Z,01JZ18QHYY9H3H8G0D5BR000CA,2025-06-30T20:38:37.524653741Z,01JZ18VF3QW244H0X63X0AZG1Z,2025-06-30T20:38:37.524653741Z,01JZ1903AFQ46DQQCHMAXT5VXE,2025-06-30T20:38:37.524653741Z,01JZ1903RH8M0N7VGXPV5NVFE7,2025-06-30T20:38:37.524653741Z
01JZ1F0V0KQT40NCT59478R0GC,01JZ1E916HBESJXS5SJ82BFZ21,2025-06-30T22:23:45.683932314Z,01JZ1E91HHYKGR583PHV4V6JXR,2025-06-30T22:23:45.683932314Z,01JZ1EQAMF1CPBT3C20MBYJDP4,2025-06-30T22:23:45.683932314Z,01JZ1ERVDG8HDQTKMM7P0ZWCMB,2025-06-30T22:23:45.683932314Z,01JZ1ERVV3P3ZZ41FMC0J0J3Z5,2025-06-30T22:23:45.683932314Z
01JZ1F1DJ8R8S38Z8B380EBPV6,01JZ1E916HBESJXS5SJ82BFZ21,2025-06-30T22:24:04.68061783Z,01JZ1E926BWK6TV1HDSC3ZQW4Y,2025-06-30T22:24:04.68061783Z,01JZ1EQKR69J0BQM6378QJ8X8Y,2025-06-30T22:24:04.68061783Z,01JZ1EST891W4CWE2FZ4NEZT5P,2025-06-30T22:24:04.68061783Z,01JZ1ESTR2A3N403QZK1RD01HW,2025-06-30T22:24:04.68061783Z
01JZ17NY8F13WAADZNBAM88WA5,01JZ170DPRHYGRH6M74WMGZ8J5,2025-06-30T20:15:28.527064199Z,01JZ170DSTXK5Z1DV671606E6A,2025-06-30T20:15:28.527064199Z,01JZ17CV56KYXDEZD0V6G3R2C0,2025-06-30T20:15:28.527064199Z,01JZ17J85FH6ZCHDJEZZH3F672,2025-06-30T20:15:28.527064199Z,01JZ17J86YBS5SC5YYQWD3XJ54,2025-06-30T20:15:28.527064199Z
01JZ17QZSKQDMTJ7BPHWR3NHA0,01JZ170DPRHYGRH6M74WMGZ8J5,2025-06-30T20:16:35.635468044Z,01JZ170DSR5F2SARFX61BD5BFD,2025-06-30T20:16:35.635468044Z,01JZ17DTG6GCYHCZ1XV1B4YQSG,2025-06-30T20:16:35.635468044Z,01JZ17M8SSZ2QHECS5BA0DPMCQ,2025-06-30T20:16:35.635468044Z,01JZ17M8X6KC6NF1RFX4WSPE6H,2025-06-30T20:16:35.635468044Z
01JZ18TN7EN921C2FW2KZGTSH5,01JZ18G4TN4FH7205KTQTFE7PM,2025-06-30T20:35:31.694459988Z,01JZ18G4WPK6V9JKZAVKNYS3NB,2025-06-30T20:35:31.694459988Z,01JZ18M2HA1EB5SFB14JH49GDB,2025-06-30T20:35:31.694459988Z,01JZ18RRB5PTFQB2DKPHTKH4V3,2025-06-30T20:35:31.694459988Z,01JZ18RRER8BFTZ2D1XWP2S5JE,2025-06-30T20:35:31.694459988Z
01JZ1AJZSQFBVQRSX1WSQHERJZ,01JZ19VEXCKVX740B60X4W6PQN,2025-06-30T21:06:17.527865155Z,01JZ19VF5YA4VZJRJDVJVY1XBY,2025-06-30T21:06:17.527865155Z,01JZ19XQ9SYW5JG2B10Z2EXJ0C,2025-06-30T21:06:17.527865155Z,01JZ1AAQZXK1M56S8S8ENY419V,2025-06-30T21:06:17.527865155Z,01JZ1AARD88DNEW14DF6ANYY86,2025-06-30T21:06:17.527865155Z
01JZ1BXHWX8N6CDW4G07SNVYMN,01JZ1B1VZ9TM9N3252XVVAH9DZ,2025-06-30T21:29:32.317541514Z,01JZ1B1W5TAZ0C76DBH0ZAEY5X,2025-06-30T21:29:32.317541514Z,01JZ1B42FGZXM24HBWN8AZM67K,2025-06-30T21:29:32.317541514Z,01JZ1BNNPVHRHE8S109SGCSVME,2025-06-30T21:29:32.317541514Z,01JZ1BNPM2SKCJW6H10Q28J9CX,2025-06-30T21:29:32.317541514Z
01JZ1EWR4QMBFPAVP8BCHSR7E0,01JZ1E916HBESJXS5SJ82BFZ21,2025-06-30T22:21:31.671478648Z,01JZ1E91HHYKGR583PHV4V6JXR,2025-06-30T22:21:31.671478648Z,01JZ1EQAMF1CPBT3C20MBYJDP4,2025-06-30T22:21:31.671478648Z,01JZ1ERV8NQ1N608W7HC4Y405V,2025-06-30T22:21:31.671478648Z,01JZ1ERVMAVCQ12NPEQ6ACE5YG,2025-06-30T22:21:31.671478648Z
01JZ17VJYS4PY1NVTCJXK080P9,01JZ170DPRHYGRH6M74WMGZ8J5,2025-06-30T20:18:33.561931755Z,01JZ170DRWH3Q5VEKFYTCWXCB9,2025-06-30T20:18:33.561931755Z,01JZ17C9CHCZD4MC1P47MP5FMT,2025-06-30T20:18:33.561931755Z,01JZ17M63Y2ZQE6JBWKAH6VSPE,2025-06-30T20:18:33.561931755Z,01JZ17M67CK483EM7TTBPCRTB0,2025-06-30T20:18:33.561931755Z
01JZ18XVCZ4XJMB89PTEKGW251,01JZ18G4TN4FH7205KTQTFE7PM,2025-06-30T20:37:16.31946049Z,01JZ18G512YK4K14AJW1A4KQT5,2025-06-30T20:37:16.31946049Z,01JZ18JYCDAD1FWP17TG353JM2,2025-06-30T20:37:16.31946049Z,01JZ18R8CZAK9T47Q30YNKNJNG,2025-06-30T20:37:16.31946049Z,01JZ18R8GF1T8D6AA38W7NRDYD,2025-06-30T20:37:16.31946049Z
01JZ1900HFN8P9E3YVP7FWADQ7,01JZ18G4TN4FH7205KTQTFE7PM,2025-06-30T20:38:27.119512196Z,01JZ18G50G0GKPPCFSW2N0ZNW1,2025-06-30T20:38:27.119512196Z,01JZ18HJ023RXZWDMJ23K3G02T,2025-06-30T20:38:27.119512196Z,01JZ18RHGXJHBRSARA96JJK9J9,2025-06-30T20:38:27.119512196Z,01JZ18RHNXCBMWVWD9NGWXVR9R,2025-06-30T20:38:27.119512196Z
01JZ191DSHYSXWCQZS6ERH0TAW,01JZ18G4TN4FH7205KTQTFE7PM,2025-06-30T20:39:13.457290724Z,01JZ18G508W9SSEDAT6B79GZND,2025-06-30T20:39:13.457290724Z,01JZ18M2SFWFRTRVV46KHVE0JB,2025-06-30T20:39:13.457290724Z,01JZ18STGY49XDG4HG71EG50TV,2025-06-30T20:39:13.457290724Z,01JZ18STZBD4RY1B2XM7NFCSF9,2025-06-30T20:39:13.457290724Z
01JZ1AMCJZ9RH015JAP7YDHPWA,01JZ19VEXCKVX740B60X4W6PQN,2025-06-30T21:07:03.391349844Z,01JZ19VF6XEW5FG377QGXCTRD1,2025-06-30T21:07:03.391349844Z,01JZ1A9RXDVME7RYXTWFBGWCFN,2025-06-30T21:07:03.391349844Z,01JZ1ACG6Q17P2Z830VCFRQ76D,2025-06-30T21:07:03.391349844Z,01JZ1ACGJ96F90R72HKQEPR1FT,2025-06-30T21:07:03.391349844Z
01JZ1FCY5B8YRE7BE192NPBKMX,01JZ1E916HBESJXS5SJ82BFZ21,2025-06-30T22:30:22.123729602Z,01JZ1E91ENR7DC2PFTK7ZY5PTJ,2025-06-30T22:30:22.123729602Z,01JZ1EBW22KQBY52ZW0XEVAEWD,2025-06-30T22:30:22.123729602Z,01JZ1F70RJ6JX7FR0QPB30BKG3,2025-06-30T22:30:22.123729602Z,01JZ1F7136SFQJADBX8MM8XRW9,2025-06-30T22:30:22.123729602Z
01JZ18YTD402M47DCBE72516QV,01JZ18G4TN4FH7205KTQTFE7PM,2025-06-30T20:37:48.068130919Z,01JZ18G4YA2XRQ9RK4RH5WQB1P,2025-06-30T20:37:48.068130919Z,01JZ18M0E7QK051FXC32B03XG8,2025-06-30T20:37:48.068130919Z,01JZ18Q1S7RYZRF0109T2366SB,2025-06-30T20:37:48.068130919Z,01JZ18Q1ZX9AW2XN8KZ5HBEHZN,2025-06-30T20:37:48.068130919Z
01JZ18YTDST6ZC3DZPHN5RKBWY,01JZ18G4TN4FH7205KTQTFE7PM,2025-06-30T20:37:48.089159771Z,01JZ18G4YA2XRQ9RK4RH5WQB1P,2025-06-30T20:37:48.089159771Z,01JZ18KR3KN1X0F0J0JP7HHD78,2025-06-30T20:37:48.089159771Z,01JZ18Q1S7RYZRF0109T2366SB,2025-06-30T20:37:48.089159771Z,01JZ18Q1ZX9AW2XN8KZ5HBEHZN,2025-06-30T20:37:48.089159771Z
01JZ190ECYYETF5XG43554CSJV,01JZ18G4TN4FH7205KTQTFE7PM,2025-06-30T20:38:41.310532535Z,01JZ18G4ZZG5A688HVVJGKBFVW,2025-06-30T20:38:41.310532535Z,01JZ18HSGA4VKS1NR0MAVDXW88,2025-06-30T20:38:41.310532535Z,01JZ18RFPSBYDPWWM1XEC3ZD1K,2025-06-30T20:38:41.310532535Z,01JZ18RFYZM994ZBBJ03EY6DVF,2025-06-30T20:38:41.310532535Z
01JZ1BXFC0MMTPWXFR9MBBMG5B,01JZ1B1VZ9TM9N3252XVVAH9DZ,2025-06-30T21:29:29.728916936Z,01JZ1B1W4RP0VXDDKCJTNKM3AX,2025-06-30T21:29:29.728916936Z,01JZ1BHJS3735357S2TBZ4T5W4,2025-06-30T21:29:29.728916936Z,01JZ1BNYAAW7XNTC5PXF53BARA,2025-06-30T21:29:29.728916936Z,01JZ1BNYP3JXAKJ010P72BJYG8,2025-06-30T21:29:29.728916936Z
01JZ17MA702KFNJ9FCCZ4Q0CMR,01JZ170DPRHYGRH6M74WMGZ8J5,2025-06-30T20:14:35.23261023Z,01JZ170DSR5F2SARFX61BD5BFD,2025-06-30T20:14:35.23261023Z,01JZ17DTG6GCYHCZ1XV1B4YQSG,2025-06-30T20:14:35.23261023Z,01JZ17M8SKNJW5A4Z1S33P0E3X,2025-06-30T20:14:35.23261023Z,01JZ17M8VDWK4J4M7B81ZHBGC1,2025-06-30T20:14:35.23261023Z
01JZ17QWWG6MDVM1SZRENH2WR1,01JZ170DPRHYGRH6M74WMGZ8J5,2025-06-30T20:16:32.656511974Z,01JZ170DRSFZ9Y16965WN1Z2F9,2025-06-30T20:16:32.656511974Z,01JZ17971DQBZCGDTGNY2JH6QQ,2025-06-30T20:16:32.656511974Z,01JZ17G70EF8S99NVNWP5G0YQ4,2025-06-30T20:16:32.656511974Z,01JZ17G73DDSDDSGVZG6A3MBYY,2025-06-30T20:16:32.656511974Z
01JZ18V71VJ6SQRXG700Z40V6H,01JZ18G4TN4FH7205KTQTFE7PM,2025-06-30T20:35:49.947402116Z,01JZ18G4YTQTSXFW2X0Y80VGVG,2025-06-30T20:35:49.947402116Z,01JZ18J569YAEG0XPKSGQBZNYX,2025-06-30T20:35:49.947402116Z,01JZ18QCHSRQEB636MAZYTF93F,2025-06-30T20:35:49.947402116Z,01JZ18QCP19745TT978W5P3MRY,2025-06-30T20:35:49.947402116Z
01JZ1AX07BP48M2DSGZY22NP8W,01JZ19VEXCKVX740B60X4W6PQN,2025-06-30T21:11:45.643204107Z,01JZ19VF4XXDC5SP97SM18G8VM,2025-06-30T21:11:45.643204107Z,01JZ1AHC0761QMCW1DPTW1G44R,2025-06-30T21:11:45.643204107Z,01JZ1AQBFWFCVDGCRFV7SS6AMN,2025-06-30T21:11:45.643204107Z,01JZ1AQBWRPQQ4C6QQT1SNQMEJ,2025-06-30T21:11:45.643204107Z
01JZ1H54MED39RJTJ1A3WYTFA2,01JZ1G29Q82GQAKEXSK2E7NK3R,2025-06-30T23:01:03.758157566Z,01JZ1G2AATTMJJ07WA2JZ9MF1K,2025-06-30T23:01:03.758157566Z,01JZ1G6XMV3T4ACX6H99BN9F1E,2025-06-30T23:01:03.758157566Z,01JZ1GWNN7SAHPPWE857THBJJP,2025-06-30T23:01:03.758157566Z,01JZ1GWPSWA3W8VQ9XQ53C0MRE,2025-06-30T23:01:03.758157566Z
01JZ17MFJ303GDWZQX4X7QDA0Z,01JZ170DPRHYGRH6M74WMGZ8J5,2025-06-30T20:14:40.707114416Z,01JZ170DS434CCJM920K0JDY80,2025-06-30T20:14:40.707114416Z,01JZ17BXPZGQSXJ1A4PH60Q6WQ,2025-06-30T20:14:40.707114416Z,01JZ17MES4H49TCFWXHCBDV2WP,2025-06-30T20:14:40.707114416Z,01JZ17METDGG1ZR4G6185F0Q15,2025-06-30T20:14:40.707114416Z
01JZ17QMFSA4DE04NRHJSAP8BS,01JZ170DPRHYGRH6M74WMGZ8J5,2025-06-30T20:16:24.057331438Z,01JZ170DSXXMDA003X79NFA4N0,2025-06-30T20:16:24.057331438Z,01JZ17C3PTEK9PXA5GJSYCCP5W,2025-06-30T20:16:24.057331438Z,01JZ17NRSETRAHA86XGKD3ZGNV,2025-06-30T20:16:24.057331438Z,01JZ17NRTWNPJ7D39Z7SR6T2JP,2025-06-30T20:16:24.057331438Z
01JZ17T05RCGXA1EMSF1YHG0W1,01JZ170DPRHYGRH6M74WMGZ8J5,2025-06-30T20:17:41.560947342Z,01JZ170DS434CCJM920K0JDY80,2025-06-30T20:17:41.560947342Z,01JZ17B8EAMA6MXWF42Y5PVE7P,2025-06-30T20:17:41.560947342Z,01JZ17MESGQH4PGAZ2NQBVJJAG,2025-06-30T20:17:41.560947342Z,01JZ17MEVFHM8XT209DJMYD1PM,2025-06-30T20:17:41.560947342Z
01JZ1806QRB7RYWR61AW4S8F0S,01JZ170DPRHYGRH6M74WMGZ8J5,2025-06-30T20:21:04.888767496Z,01JZ170DSP5HFMBRZWFQV8RFVC,2025-06-30T20:21:04.888767496Z,01JZ17992QEDC71MF0NWEGAJEP,2025-06-30T20:21:04.888767496Z,01JZ17RSKEA3VSTDSCVCP8YEVJ,2025-06-30T20:21:04.888767496Z,01JZ17RSQQ5R29M9ZYPYQHTQKD,2025-06-30T20:21:04.888767496Z
01JZ18TKGQJMSRENAQ8PS2TG00,01JZ18G4TN4FH7205KTQTFE7PM,2025-06-30T20:35:29.943938139Z,01JZ18G4XMK5QHE5YNTR43VZ9V,2025-06-30T20:35:29.943938139Z,01JZ18JG8638DXN8F3WDEPTJAB,2025-06-30T20:35:29.943938139Z,01JZ18RP89JC5KMWSQF397VP76,2025-06-30T20:35:29.943938139Z,01JZ18RPCEEE6Q74G8J9BKYVBJ,2025-06-30T20:35:29.943938139Z
01JZ1AHW2THCYMV9EXKPWV25GX,01JZ19VEXCKVX740B60X4W6PQN,2025-06-30T21:05:40.954453596Z,01JZ19VF81DTYMGWYB0TAJKDWY,2025-06-30T21:05:40.954453596Z,01JZ19Y0D04KSPZSGRXD2GWN5G,2025-06-30T21:05:40.954453596Z,01JZ1AABQSYES8GH0EQS7AKYST,2025-06-30T21:05:40.954453596Z,01JZ1AAC5RRCPS56AP7RN6N1RK,2025-06-30T21:05:40.954453596Z
01JZ1BY4PPG41AGECTQRW11J7N,01JZ1B1VZ9TM9N3252XVVAH9DZ,2025-06-30T21:29:51.574714682Z,01JZ1B1W4RP0VXDDKCJTNKM3AX,2025-06-30T21:29:51.574714682Z,01JZ1B44NJ2M66S6K1HNVCZ08H,2025-06-30T21:29:51.574714682Z,01JZ1BNYAYY2K6CJZRYSXBEGH5,2025-06-30T21:29:51.574714682Z,01JZ1BNYWC468MPKMH5JETRX7A,2025-06-30T21:29:51.574714682Z
01JZ17JCRV97N6TK547J3ZGERG,01JZ170DPRHYGRH6M74WMGZ8J5,2025-06-30T20:13:32.315587327Z,01JZ170DSBT7R80F1BC6BFNZAP,2025-06-30T20:13:32.315587327Z,01JZ17A0VX21AM44XR65ZCDBQZ,2025-06-30T20:13:32.315587327Z,01JZ17JC2RA6WXF9ZF2QJYR7ZN,2025-06-30T20:13:32.315587327Z,01JZ17JC3JVXWHSPJFMB90X3QA,2025-06-30T20:13:32.315587327Z
01JZ1DH428PT8H86REC8MPJSFJ,01JZ1D0RX94M7HHBAJDNGV8QRS,2025-06-30T21:57:42.088558046Z,01JZ1D0S58CJJ0G6BA8AW8ZVCS,2025-06-30T21:57:42.088558046Z,01JZ1D4DS7AYHA2YKV7CP2TXFR,2025-06-30T21:57:42.088558046Z,01JZ1D9756PBGFTZ2YP6F5YZFW,2025-06-30T21:57:42.088558046Z,01JZ1D97K3JV1Q9ZRF0YB8K010,2025-06-30T21:57:42.088558046Z
01JZ1901C174Z3Q4QG6JBMM1CC,01JZ18G4TN4FH7205KTQTFE7PM,2025-06-30T20:38:27.96908315Z,01JZ18G512YK4K14AJW1A4KQT5,2025-06-30T20:38:27.96908315Z,01JZ18HJZ7HRTKHV6ZZJ67914M,2025-06-30T20:38:27.96908315Z,01JZ18R8C449S3PJKZXB5RXQ2D,2025-06-30T20:38:27.96908315Z,01JZ18R8JXKKMKNRFWDN2DEEA7,2025-06-30T20:38:27.96908315Z
01JZ1AAQF8435GZZW5T64KJ7Q8,01JZ19VEXCKVX740B60X4W6PQN,2025-06-30T21:01:46.856386572Z,01JZ19VF9WCS5BMDRCPXZK6ZBF,2025-06-30T21:01:46.856386572Z,01JZ1A5BC93T1VSNTPVNANBKKY,2025-06-30T21:01:46.856386572Z,01JZ1A8RTBQBGQ6B3M8DMQ82K3,2025-06-30T21:01:46.856386572Z,01JZ1A8RXR5WSKMBYTYNZKW9M2,2025-06-30T21:01:46.856386572Z
01JZ1GKS6ZXPZ5KEQH40GD1ESM,01JZ1G29Q82GQAKEXSK2E7NK3R,2025-06-30T22:51:35.007616413Z,01JZ1G2A3Q53QEYHDQX68WVVKH,2025-06-30T22:51:35.007616413Z,01JZ1G4QT3J0N96RSDER5H66SR,2025-06-30T22:51:35.007616413Z,01JZ1GE1CN3AV1GMRSBHB6RFHY,2025-06-30T22:51:35.007616413Z,01JZ1GE1XEEYNKXSGVV56S33WF,2025-06-30T22:51:35.007616413Z
01JZ17J8R9X7SC88DENCF8J2K9,01JZ170DPRHYGRH6M74WMGZ8J5,2025-06-30T20:13:28.201700295Z,01JZ170DSTXK5Z1DV671606E6A,2025-06-30T20:13:28.201700295Z,01JZ17BGC64Z781MGW1Y4T7SRJ,2025-06-30T20:13:28.201700295Z,01JZ17J857XXAY88RJQ7RDXDN1,2025-06-30T20:13:28.201700295Z,01JZ17J8640E7AHSFC2MJQERBQ,2025-06-30T20:13:28.201700295Z
01JZ17QWWWPXSAPVVB3HGQ6Q7S,01JZ170DPRHYGRH6M74WMGZ8J5,2025-06-30T20:16:32.668674975Z,01JZ170DRSFZ9Y16965WN1Z2F9,2025-06-30T20:16:32.668674975Z,01JZ17AQQS59T0RTXR5VNB3ZRC,2025-06-30T20:16:32.668674975Z,01JZ17G70EF8S99NVNWP5G0YQ4,2025-06-30T20:16:32.668674975Z,01JZ17G73DDSDDSGVZG6A3MBYY,2025-06-30T20:16:32.668674975Z
01JZ18RKSAS7JCMPHE71WSVPC9,01JZ18G4TN4FH7205KTQTFE7PM,2025-06-30T20:34:24.682334147Z,01JZ18G50G0GKPPCFSW2N0ZNW1,2025-06-30T20:34:24.682334147Z,01JZ18J6KD5BBAN05Q96NKJXCJ,2025-06-30T20:34:24.682334147Z,01JZ18RHHCVE30JQC8SHSPW4MY,2025-06-30T20:34:24.682334147Z,01JZ18RHJ5XN95EAZN19VJ8641,2025-06-30T20:34:24.682334147Z
01JZ18Z7X73RCSDJQ3Y49RJFNK,01JZ18G4TN4FH7205KTQTFE7PM,2025-06-30T20:38:01.895832036Z,01JZ18G4YTQTSXFW2X0Y80VGVG,2025-06-30T20:38:01.895832036Z,01JZ18J569YAEG0XPKSGQBZNYX,2025-06-30T20:38:01.895832036Z,01JZ18QCJGMBYZ3Q6VHAQ4WQVG,2025-06-30T20:38:01.895832036Z,01JZ18QCRS6KYZZVYGRJM4TYB1,2025-06-30T20:38:01.895832036Z
01JZ1C9X5G7T810TFJJGE1D1VC,01JZ1BX7WQMA45G0E33EEHJ3V9,2025-06-30T21:36:17.072074576Z,01JZ1BX81RJBYPGNM468STZ9YH,2025-06-30T21:36:17.072074576Z,01JZ1C7E8DJFPWRMGRQW39DWYT,2025-06-30T21:36:17.072074576Z,01JZ1C7YHP92FZYZDSW8SB4C2V,2025-06-30T21:36:17.072074576Z,01JZ1C7YT74R6EZQ0ARHYCMRK5,2025-06-30T21:36:17.072074576Z
01JZ1DQMDH8YSH23JPR587PNWY,01JZ1D0RX94M7HHBAJDNGV8QRS,2025-06-30T22:01:15.441598394Z,01JZ1D0S4EMT97ECKQ06X1ZWAX,2025-06-30T22:01:15.441598394Z,01JZ1D6PDAATCEYCV60SVGFECN,2025-06-30T22:01:15.441598394Z,01JZ1DHWG8MPVQVFH1DPRPET9V,2025-06-30T22:01:15.441598394Z,01JZ1DHWVQSKPMR26NRPJVKTB6,2025-06-30T22:01:15.441598394Z
01JZ1F7AKZNJ5Z7QPNW3HKTGV8,01JZ1E916HBESJXS5SJ82BFZ21,2025-06-30T22:27:18.271587015Z,01JZ1E91ENR7DC2PFTK7ZY5PTJ,2025-06-30T22:27:18.271587015Z,01JZ1F6AT65D7Q2J3RRFNE8GQF,2025-06-30T22:27:18.271587015Z,01JZ1F70HHE21FXBJ549WERQ2G,2025-06-30T22:27:18.271587015Z,01JZ1F70T8KGQPFGJ0TXM0WWNS,2025-06-30T22:27:18.271587015Z
01JZ17MA6NXM082HKCQS9HEGBV,01JZ170DPRHYGRH6M74WMGZ8J5,2025-06-30T20:14:35.222017535Z,01JZ170DSR5F2SARFX61BD5BFD,2025-06-30T20:14:35.222017535Z,01JZ17HAYAY9BSFK3RQNTEMCZ6,2025-06-30T20:14:35.222017535Z,01JZ17M8SKNJW5A4Z1S33P0E3X,2025-06-30T20:14:35.222017535Z,01JZ17M8VDWK4J4M7B81ZHBGC1,2025-06-30T20:14:35.222017535Z
01JZ17W9T4DRFRECS330MSAHWP,01JZ170DPRHYGRH6M74WMGZ8J5,2025-06-30T20:18:56.964652234Z,01JZ170DSR5F2SARFX61BD5BFD,2025-06-30T20:18:56.964652234Z,01JZ179KCXD57AZVEGR3X2YKFH,2025-06-30T20:18:56.964652234Z,01JZ17M8TBTH3TC0NGPGNB96E6,2025-06-30T20:18:56.964652234Z,01JZ17M91E1G67WCVN444911VH,2025-06-30T20:18:56.964652234Z
01JZ17WP051YQWEVE9PC6BXXBM,01JZ170DPRHYGRH6M74WMGZ8J5,2025-06-30T20:19:09.445415511Z,01JZ170DS9MMA8EZAVKYS5SMHX,2025-06-30T20:19:09.445415511Z,01JZ17S6ZC1ZB5QAG0E0350NSD,2025-06-30T20:19:09.445415511Z,01JZ17TR7E1D7CES1YNCABFX51,2025-06-30T20:19:09.445415511Z,01JZ17TRAY71HH1H14VHS8Q3RK,2025-06-30T20:19:09.445415511Z
01JZ18QE6PCBVZBQQ9687S0DWY,01JZ18G4TN4FH7205KTQTFE7PM,2025-06-30T20:33:46.198197821Z,01JZ18G4YTQTSXFW2X0Y80VGVG,2025-06-30T20:33:46.198197821Z,01JZ18JSY9P3KAE5N38ASDX51K,2025-06-30T20:33:46.198197821Z,01JZ18QCHCWKPJPF2G32EQXDDJ,2025-06-30T20:33:46.198197821Z,01JZ18QCM1A9TSZHS1EGBH1NVK,2025-06-30T20:33:46.198197821Z
01JZ1AZ615WGG4ZTVQ06SFNKK2,01JZ19VEXCKVX740B60X4W6PQN,2025-06-30T21:12:57.125241457Z,01JZ19VF4XXDC5SP97SM18G8VM,2025-06-30T21:12:57.125241457Z,01JZ1AFP0ZSM5GDN23SMJMVZTW,2025-06-30T21:12:57.125241457Z,01JZ1AQBH2AQ4HJ4SKYQ5374F4,2025-06-30T21:12:57.125241457Z,01JZ1AQC0QDS5MXCQA9E82VAD0,2025-06-30T21:12:57.125241457Z
01JZ1D7DQSSQSCB1XQ2AX1CPZN,01JZ1D0RX94M7HHBAJDNGV8QRS,2025-06-30T21:52:24.313466969Z,01JZ1D0S2S8SEBXETFQJSTGM5V,2025-06-30T21:52:24.313466969Z,01JZ1D322QVYNT268ZSCN1M2TD,2025-06-30T21:52:24.313466969Z,01JZ1D77QV4PCA19S4PRRTPDFG,2025-06-30T21:52:24.313466969Z,01JZ1D786T6WKM78FF4R0QKCBH,2025-06-30T21:52:24.313466969Z
01JZ1GY6MMZW77VSNH03YT2S16,01JZ1G29Q82GQAKEXSK2E7NK3R,2025-06-30T22:57:16.436144219Z,01JZ1G2A58JMFV91VV93EGJJQY,2025-06-30T22:57:16.436144219Z,01JZ1GHJS4Z0QHDNAN69NMJ02V,2025-06-30T22:57:16.436144219Z,01JZ1GW3DRA0H5QCSGM2BKZ7GX,2025-06-30T22:57:16.436144219Z,01JZ1GW40WADE9EGAKBT399YMZ,2025-06-30T22:57:16.436144219Z
01JZ17WNKA7CGVTPAHDDHCM4CV,01JZ170DPRHYGRH6M74WMGZ8J5,2025-06-30T20:19:09.03408583Z,01JZ170DSMJZPS89ZBMFZ7ATK7,2025-06-30T20:19:09.03408583Z,01JZ17ECC07JKYK10HK5BT3SZQ,2025-06-30T20:19:09.03408583Z,01JZ17MYEV0AG6XJGH9VVJQXPH,2025-06-30T20:19:09.03408583Z,01JZ17MYPS2K5MNF432JBFSPAV,2025-06-30T20:19:09.03408583Z
01JZ17XV4CZ8Q0T8YNDG0WTDKJ,01JZ170DPRHYGRH6M74WMGZ8J5,2025-06-30T20:19:47.468891032Z,01JZ170DS0283SZNEN95XAWWS4,2025-06-30T20:19:47.468891032Z,01JZ174WHQCMCA8133PA37NAKC,2025-06-30T20:19:47.468891032Z,01JZ17NT6Q15JZTNT1T2TRQ09Q,2025-06-30T20:19:47.468891032Z,01JZ17NTC4DG1CYJJTJY1F2J8J,2025-06-30T20:19:47.468891032Z
01JZ1ACM4Q9Y0YZMG49W24SC1E,01JZ19VEXCKVX740B60X4W6PQN,2025-06-30T21:02:48.983937183Z,01JZ19VF6XEW5FG377QGXCTRD1,2025-06-30T21:02:48.983937183Z,01JZ19XTW2HK24K9S0K07R4X7Y,2025-06-30T21:02:48.983937183Z,01JZ1ACG4HW6PFHHMR21QG9MSA,2025-06-30T21:02:48.983937183Z,01JZ1ACGAF2FHM878KZCFE82T3,2025-06-30T21:02:48.983937183Z
01JZ190EH9MZEP996VNSG3WVQ2,01JZ18G4TN4FH7205KTQTFE7PM,2025-06-30T20:38:41.449234155Z,01JZ18G4ZZG5A688HVVJGKBFVW,2025-06-30T20:38:41.449234155Z,01JZ18K484MAW8WSQHH7HSG9Z4,2025-06-30T20:38:41.449234155Z,01JZ18RFPSBYDPWWM1XEC3ZD1K,2025-06-30T20:38:41.449234155Z,01JZ18RFYZM994ZBBJ03EY6DVF,2025-06-30T20:38:41.449234155Z
01JZ1A343CKW1XBDY7GJMXK42F,01JZ19VEXCKVX740B60X4W6PQN,2025-06-30T20:57:37.644134455Z,01JZ19VF1X4TGM9HTAVFF08YB3,2025-06-30T20:57:37.644134455Z,01JZ19Y0A6E9M84HP9ZX2DCFTC,2025-06-30T20:57:37.644134455Z,01JZ1A31S02SDHSEM91H5D9K0N,2025-06-30T20:57:37.644134455Z,01JZ1A31XT5XZPYQN2JAHT1N80,2025-06-30T20:57:37.644134455Z
01JZ1BK4J39FQBW98Z6H99TBHS,01JZ1B1VZ9TM9N3252XVVAH9DZ,2025-06-30T21:23:50.980016736Z,01JZ1B1W68Y1JCNSRHTZJR0WTB,2025-06-30T21:23:50.980016736Z,01JZ1B7EJ94Z1F34T98KN1PN13,2025-06-30T21:23:50.980016736Z,01JZ1BH44X88X65JM8T5DXFWMN,2025-06-30T21:23:50.980016736Z,01JZ1BH4HA8J7SBAZ6TKP726YJ,2025-06-30T21:23:50.980016736Z
01JZ1F32E426K2ZCG9Z1VFDGK2,01JZ1E916HBESJXS5SJ82BFZ21,2025-06-30T22:24:58.820794194Z,01JZ1E91Z6K0ZJGCC53Q4JQWJP,2025-06-30T22:24:58.820794194Z,01JZ1ET7E30G59HX0XYHAKGDD0,2025-06-30T22:24:58.820794194Z,01JZ1EXBWE57CVQYV0Q5D3TA2S,2025-06-30T22:24:58.820794194Z,01JZ1EXC9JG0P6WP27ASKQ4WSK,2025-06-30T22:24:58.820794194Z
01JZ1F844S66YD2P1CEFYRZXGC,01JZ1E916HBESJXS5SJ82BFZ21,2025-06-30T22:27:44.409243631Z,01JZ1E91SWVSXS6FK33QCMH9SP,2025-06-30T22:27:44.409243631Z,01JZ1EXKHZBZ5ENGWCGS2V70RX,2025-06-30T22:27:44.409243631Z,01JZ1F45E1EEK0EVP02WHSXZM6,2025-06-30T22:27:44.409243631Z,01JZ1F45XAZMDMXZ39KFD7YGCA,2025-06-30T22:27:44.409243631Z
01JZ191J56PT075V25DGZQ9H2R,01JZ18G4TN4FH7205KTQTFE7PM,2025-06-30T20:39:17.926742321Z,01JZ18G4Z7SR18DC8PDBR22HS5,2025-06-30T20:39:17.926742321Z,01JZ18HPXJ4G52DBV1JHKTXZPH,2025-06-30T20:39:17.926742321Z,01JZ18S8XBR7NPBNNX8H3R06YJ,2025-06-30T20:39:17.926742321Z,01JZ18S964RRE31Q1VKWQ9XVBV,2025-06-30T20:39:17.926742321Z
01JZ1F2QHYN3666APBVE9TK3KN,01JZ1E916HBESJXS5SJ82BFZ21,2025-06-30T22:24:47.678103316Z,01JZ1E91Q18GQE49C0XSDVMF75,2025-06-30T22:24:47.678103316Z,01JZ1ESJSZ4605B74MTV3MB0PF,2025-06-30T22:24:47.678103316Z,01JZ1F2JAV0QHT42E605BBH8CR,2025-06-30T22:24:47.678103316Z,01JZ1F2JHJYDEZX2V65J05MT5K,2025-06-30T22:24:47.678103316Z
01JZ1GDYD7A44Y6TZ6T2XB0C25,01JZ1G29Q82GQAKEXSK2E7NK3R,2025-06-30T22:48:23.719204964Z,01JZ1G2A6YM039KVE3FBKDN5TM,2025-06-30T22:48:23.719204964Z,01JZ1G5Y4DKCPQ2K5FM2F479YF,2025-06-30T22:48:23.719204964Z,01JZ1GDRN0Y8FMK1BDZD9Y2P99,2025-06-30T22:48:23.719204964Z,01JZ1GDS2DY22CTPCFQ35EF84A,2025-06-30T22:48:23.719204964Z
01JZ1GSZ4KDY1ZG85A56SMFF31,01JZ1G29Q82GQAKEXSK2E7NK3R,2025-06-30T22:54:57.683123496Z,01JZ1G29XRNS92G9JYEX4H033M,2025-06-30T22:54:57.683123496Z,01JZ1G6RSPQGYECJMX7N6G6VY8,2025-06-30T22:54:57.683123496Z,01JZ1GM688HKS6CMQAXCQKE8GC,2025-06-30T22:54:57.683123496Z,01JZ1GM6VHHYMMQFRVM2JPSXRK,2025-06-30T22:54:57.683123496Z
01JZ17W5EG1SD3TKF9NXSQ7EMC,01JZ170DPRHYGRH6M74WMGZ8J5,2025-06-30T20:18:52.496267774Z,01JZ170DS434CCJM920K0JDY80,2025-06-30T20:18:52.496267774Z,01JZ17ED81WEQ81KNKMV8HM1Z1,2025-06-30T20:18:52.496267774Z,01JZ17MESMPWPZJ1XK6T8SDFSR,2025-06-30T20:18:52.496267774Z,01JZ17MEXWEDJ8BPGMZ2YXTX38,2025-06-30T20:18:52.496267774Z
01JZ18SB7838Y6MA2FY73A6H5N,01JZ18G4TN4FH7205KTQTFE7PM,2025-06-30T20:34:48.680648837Z,01JZ18G4YTQTSXFW2X0Y80VGVG,2025-06-30T20:34:48.680648837Z,01JZ18KWMFEA26MWC1Z40F2JWN,2025-06-30T20:34:48.680648837Z,01JZ18QCHSRQEB636MAZYTF93F,2025-06-30T20:34:48.680648837Z,01JZ18QCNQWD5EMCK74EDKA9K4,2025-06-30T20:34:48.680648837Z
01JZ18YGEMF408H3VV2C94YZ07,01JZ18G4TN4FH7205KTQTFE7PM,2025-06-30T20:37:37.876865481Z,01JZ18G4Y1ABZPJ815NAWEN19T,2025-06-30T20:37:37.876865481Z,01JZ18HQKYW690RKTXSRY6QQQ2,2025-06-30T20:37:37.876865481Z,01JZ18PMFKK6H14YD886P3HZXA,2025-06-30T20:37:37.876865481Z,01JZ18PMNQY5EAFHJW7H6NAG3X,2025-06-30T20:37:37.876865481Z
01JZ1BQP5RTR2KW4PWR1VB2CBV,01JZ1B1VZ9TM9N3252XVVAH9DZ,2025-06-30T21:26:20.088412963Z,01JZ1B1W46BH5YH0XYSE8KJRBK,2025-06-30T21:26:20.088412963Z,01JZ1B811D0DJD23YQN2DZYBGD,2025-06-30T21:26:20.088412963Z,01JZ1BJ1ABMADNQ2K1TJQ9ED7W,2025-06-30T21:26:20.088412963Z,01JZ1BJ1N02TYSZ0KSC4W9PQ8X,2025-06-30T21:26:20.088412963Z
01JZ1CFZ6RPD81X6804NJ420R3,01JZ1BX7WQMA45G0E33EEHJ3V9,2025-06-30T21:39:35.768808504Z,01JZ1BX849RGFMRNF1WR9VXVPD,2025-06-30T21:39:35.768808504Z,01JZ1C6CTMT28Z0M14S1H6T07Y,2025-06-30T21:39:35.768808504Z,01JZ1C84RKQ0P9K5DXZDFR6T0J,2025-06-30T21:39:35.768808504Z,01JZ1C855CGCNB2CR6J4KQ13PM,2025-06-30T21:39:35.768808504Z
01JZ1CR5RB6P69PD7KCS7M62GZ,01JZ1C4XJFQQ45ZHGATAXVBX0J,2025-06-30T21:44:04.619118666Z,01JZ1C4XNE4VHGMR9JDZS6Y7F9,2025-06-30T21:44:04.619118666Z,01JZ1CF8R7DWBKG9F2768N54QZ,2025-06-30T21:44:04.619118666Z,01JZ1CM9MH9FR8B6ZK0QM2XBF8,2025-06-30T21:44:04.619118666Z,01JZ1CM9XNCJMG30B6PE3HBNT5,2025-06-30T21:44:04.619118666Z
01JZ1FEVRKJWZWAJ205A7CHD2F,01JZ1E916HBESJXS5SJ82BFZ21,2025-06-30T22:31:25.20336603Z,01JZ1E91ENR7DC2PFTK7ZY5PTJ,2025-06-30T22:31:25.20336603Z,01JZ1EESNEX1G6N7P06E41EYRK,2025-06-30T22:31:25.20336603Z,01JZ1F70QB8A9FR1KVXQ13Y3JC,2025-06-30T22:31:25.20336603Z,01JZ1F71HK1BRMMCHQB9VDGCWE,2025-06-30T22:31:25.20336603Z
01JZ17M7HNJCPVT2MV6X2JDN3N,01JZ170DPRHYGRH6M74WMGZ8J5,2025-06-30T20:14:32.501890478Z,01JZ170DRWH3Q5VEKFYTCWXCB9,2025-06-30T20:14:32.501890478Z,01JZ17C9CHCZD4MC1P47MP5FMT,2025-06-30T20:14:32.501890478Z,01JZ17M636G6YCD0BAJGQEKJNP,2025-06-30T20:14:32.501890478Z,01JZ17M64R492KMA984HJQH40R,2025-06-30T20:14:32.501890478Z
01JZ182V4Q42DD5WZVPSVB35MD,01JZ170DPRHYGRH6M74WMGZ8J5,2025-06-30T20:22:31.319787789Z,01JZ170DS9MMA8EZAVKYS5SMHX,2025-06-30T20:22:31.319787789Z,01JZ17AZS6YB2WPDVY4NDQYYNC,2025-06-30T20:22:31.319787789Z,01JZ17TR5GZK4V8170DT4PDB53,2025-06-30T20:22:31.319787789Z,01JZ17TRKB9W2JTNHV11DWWP75,2025-06-30T20:22:31.319787789Z
01JZ190CP65CEKPSS2XEB4PQYC,01JZ18G4TN4FH7205KTQTFE7PM,2025-06-30T20:38:39.558411648Z,01JZ18G4XMK5QHE5YNTR43VZ9V,2025-06-30T20:38:39.558411648Z,01JZ18JXMPKC16YBJ9SWX6E74P,2025-06-30T20:38:39.558411648Z,01JZ18RP8NH16RGQPN23QF70FD,2025-06-30T20:38:39.558411648Z,01JZ18RPEFN6WK76NDTGBAE0KT,2025-06-30T20:38:39.558411648Z
01JZ1BK4GNSB2AWW637G12S68G,01JZ1B1VZ9TM9N3252XVVAH9DZ,2025-06-30T21:23:50.934016942Z,01JZ1B1W68Y1JCNSRHTZJR0WTB,2025-06-30T21:23:50.934016942Z,01JZ1BEDAMJRCNYC6ZRWR4EWKQ,2025-06-30T21:23:50.934016942Z,01JZ1BH44X88X65JM8T5DXFWMN,2025-06-30T21:23:50.934016942Z,01JZ1BH4HA8J7SBAZ6TKP726YJ,2025-06-30T21:23:50.934016942Z
01JZ1GG1EC4KFVFX4W4NWJ796H,01JZ1G29Q82GQAKEXSK2E7NK3R,2025-06-30T22:49:32.364452393Z,01JZ1G2A3Q53QEYHDQX68WVVKH,2025-06-30T22:49:32.364452393Z,01JZ1G4QT3J0N96RSDER5H66SR,2025-06-30T22:49:32.364452393Z,01JZ1GE1CN3AV1GMRSBHB6RFHY,2025-06-30T22:49:32.364452393Z,01JZ1GE1TDY817MF29QBKMB0TA,2025-06-30T22:49:32.364452393Z
01JZ17MFHTFSAECM79Y6CKE321,01JZ170DPRHYGRH6M74WMGZ8J5,2025-06-30T20:14:40.69837045Z,01JZ170DS434CCJM920K0JDY80,2025-06-30T20:14:40.69837045Z,01JZ17JRNHBCA9Z1PDJFB00SE3,2025-06-30T20:14:40.69837045Z,01JZ17MES4H49TCFWXHCBDV2WP,2025-06-30T20:14:40.69837045Z,01JZ17METDGG1ZR4G6185F0Q15,2025-06-30T20:14:40.69837045Z
01JZ17Q46MA6WV3RR194AVDGER,01JZ170DPRHYGRH6M74WMGZ8J5,2025-06-30T20:16:07.38046664Z,01JZ170DS32PJY8CQRMADJXFRG,2025-06-30T20:16:07.38046664Z,01JZ176XCKRH7MED6P6JRG4D22,2025-06-30T20:16:07.38046664Z,01JZ17HJXZJXBNGG98GAB8QMCF,2025-06-30T20:16:07.38046664Z,01JZ17HK0T4WZFVQ11NJTWM6R9,2025-06-30T20:16:07.38046664Z
01JZ17RNM960H88Q7JHRGFVJA8,01JZ170DPRHYGRH6M74WMGZ8J5,2025-06-30T20:16:57.993438365Z,01JZ170DSMJZPS89ZBMFZ7ATK7,2025-06-30T20:16:57.993438365Z,01JZ17K3Y03J2B5JTWV2Q8DEEQ,2025-06-30T20:16:57.993438365Z,01JZ17MYDW712GB678NHAF4EAC,2025-06-30T20:16:57.993438365Z,01JZ17MYM0SS8G95WB3A8AA4SB,2025-06-30T20:16:57.993438365Z
01JZ197SS5BH4WQDM76S3K2NKK,01JZ18QHX9XGN83K6T42FK97D5,2025-06-30T20:42:42.341883396Z,01JZ18QHYY9H3H8G0D5BR000CA,2025-06-30T20:42:42.341883396Z,01JZ18YPQMX7TQXCKGYZNA73VF,2025-06-30T20:42:42.341883396Z,01JZ1903GX535CTZP2QSYEN36R,2025-06-30T20:42:42.341883396Z,01JZ19056Q1Z9M1EPPGR830BD6,2025-06-30T20:42:42.341883396Z
01JZ19AGTS6DB4JGS61EEYHY1B,01JZ18R9CHSHJ2BAJZ4M4PAW2X,2025-06-30T20:44:11.481227305Z,01JZ18RA48YSHMY5EWBJ9E61V2,2025-06-30T20:44:11.481227305Z,01JZ18XZQ962C1YBGG8JES411T,2025-06-30T20:44:11.481227305Z,01JZ192CNEKC6N4P48X5TV6GWX,2025-06-30T20:44:11.481227305Z,01JZ192DB6F8DWW9Y9QY8S42BP,2025-06-30T20:44:11.481227305Z
01JZ1BSRM8F0MTPV3WJEFQBR8F,01JZ1B1VZ9TM9N3252XVVAH9DZ,2025-06-30T21:27:28.136621539Z,01JZ1B1W4RP0VXDDKCJTNKM3AX,2025-06-30T21:27:28.136621539Z,01JZ1B44NJ2M66S6K1HNVCZ08H,2025-06-30T21:27:28.136621539Z,01JZ1BNY8P6J7MV2A9X36WMPD0,2025-06-30T21:27:28.136621539Z,01JZ1BNYJE58CSDJ8V1RP7ASYS,2025-06-30T21:27:28.136621539Z
01JZ1DCRZ9QBY37A4J0ZG1N19S,01JZ1D0RX94M7HHBAJDNGV8QRS,2025-06-30T21:55:19.657987553Z,01JZ1D0S14X3T6948SDJVF454K,2025-06-30T21:55:19.657987553Z,01JZ1D4SCYXBMNQ70R3B47BMPE,2025-06-30T21:55:19.657987553Z,01JZ1DCMMVE34S81XF4MAEYBQN,2025-06-30T21:55:19.657987553Z,01JZ1DCMTQMK6WWBCE1D8VSTZN,2025-06-30T21:55:19.657987553Z
01JZ17VZNMS423J0G77WJX3Z28,01JZ170DPRHYGRH6M74WMGZ8J5,2025-06-30T20:18:46.580823699Z,01JZ170DSR5F2SARFX61BD5BFD,2025-06-30T20:18:46.580823699Z,01JZ17BSGD1ZFE3AGW45TSH40F,2025-06-30T20:18:46.580823699Z,01JZ17M8TM93SNDEV4TKQ8G5N0,2025-06-30T20:18:46.580823699Z,01JZ17M8ZHQM4JY3DEY4DZM9K1,2025-06-30T20:18:46.580823699Z
01JZ1F4K8JT0G5NG1V7GVRJJZW,01JZ1E916HBESJXS5SJ82BFZ21,2025-06-30T22:25:48.818328744Z,01JZ1E91Q18GQE49C0XSDVMF75,2025-06-30T22:25:48.818328744Z,01JZ1EVFEHVN1QQPSCMZ2EZ73P,2025-06-30T22:25:48.818328744Z,01JZ1F2JC80W096GAN654HJE4R,2025-06-30T22:25:48.818328744Z,01JZ1F2JNDSSY9K39TWADF2A6N,2025-06-30T22:25:48.818328744Z
01JZ17V11NZH6D6ET7A6G7ECYY,01JZ170DPRHYGRH6M74WMGZ8J5,2025-06-30T20:18:15.221922605Z,01JZ170DS5DJKXJ3Z7YVJKJJXK,2025-06-30T20:18:15.221922605Z,01JZ17DQRYSG711N7R05SC14HP,2025-06-30T20:18:15.221922605Z,01JZ17QA5NP4NCPJJVMNCZ9F7W,2025-06-30T20:18:15.221922605Z,01JZ17QA7ZSWJ7CS2VJ1NFV8PD,2025-06-30T20:18:15.221922605Z
01JZ1AJ9V4JT2PWRCWPHWK5MCN,01JZ19VEXCKVX740B60X4W6PQN,2025-06-30T21:05:55.044414475Z,01JZ19VF5YA4VZJRJDVJVY1XBY,2025-06-30T21:05:55.044414475Z,01JZ19XHW6DGGPDJ4763JBPGZ5,2025-06-30T21:05:55.044414475Z,01JZ1AAR2NPD6QV68SPHG41X06,2025-06-30T21:05:55.044414475Z,01JZ1AAR9QYSJ3W706404KREXX,2025-06-30T21:05:55.044414475Z
01JZ1AYVFVPFZQKKQD1MZCKX96,01JZ19VEXCKVX740B60X4W6PQN,2025-06-30T21:12:46.331576863Z,01JZ19VF4XXDC5SP97SM18G8VM,2025-06-30T21:12:46.331576863Z,01JZ1ANH2BAB5BYK2XY4CKB2EM,2025-06-30T21:12:46.331576863Z,01JZ1AQBHRMVHPE1YZ6WFANPW5,2025-06-30T21:12:46.331576863Z,01JZ1AQBYQ9PP5WV2EE6KXR20F,2025-06-30T21:12:46.331576863Z
01JZ17ZR32YXXXEHBDY00PW3AA,01JZ170DPRHYGRH6M74WMGZ8J5,2025-06-30T20:20:49.890976358Z,01JZ170DRQN15452AYS561M232,2025-06-30T20:20:49.890976358Z,01JZ1772PK70ARCRD25BW9JS91,2025-06-30T20:20:49.890976358Z,01JZ17RBD7J0VJVJJG30EA195H,2025-06-30T20:20:49.890976358Z,01JZ17RBHHQPT9A5V5H65VXGK9,2025-06-30T20:20:49.890976358Z
01JZ18TKEPY5B0JXEQJQXT11FA,01JZ18G4TN4FH7205KTQTFE7PM,2025-06-30T20:35:29.879011569Z,01JZ18G4XMK5QHE5YNTR43VZ9V,2025-06-30T20:35:29.879011569Z,01JZ18KPPCTRWET1CSH1Z4W2C4,2025-06-30T20:35:29.879011569Z,01JZ18RP89JC5KMWSQF397VP76,2025-06-30T20:35:29.879011569Z,01JZ18RPCEEE6Q74G8J9BKYVBJ,2025-06-30T20:35:29.879011569Z
01JZ1BD7JADY4ADC4G84PJYS4J,01JZ1B1VZ9TM9N3252XVVAH9DZ,2025-06-30T21:20:37.450792356Z,01JZ1B1W2WT8MR9NJ7RDDSFH2M,2025-06-30T21:20:37.450792356Z,01JZ1B40FQ24C0Z8EC9VKSS7KY,2025-06-30T21:20:37.450792356Z,01JZ1BD3WQZQC101K8A6FPPJ19,2025-06-30T21:20:37.450792356Z,01JZ1BD46WFGNYMFZFEXD9C91Q,2025-06-30T21:20:37.450792356Z
01JZ1DNEPPE6NGSMFVEJCEQS0N,01JZ1D0RX94M7HHBAJDNGV8QRS,2025-06-30T22:00:04.054715167Z,01JZ1D0S61XK8FZCNQBM2ZAEE6,2025-06-30T22:00:04.054715167Z,01JZ1DEPX3PNQ2MN8YPK5QHYXE,2025-06-30T22:00:04.054715167Z,01JZ1DHG42SDRFG0AMYRAAVFFX,2025-06-30T22:00:04.054715167Z,01JZ1DHGT73RX5V018YKF27ZKE,2025-06-30T22:00:04.054715167Z
01JZ17J8RNAZBY1H3XSNCSHAR6,01JZ170DPRHYGRH6M74WMGZ8J5,2025-06-30T20:13:28.213783404Z,01JZ170DSTXK5Z1DV671606E6A,2025-06-30T20:13:28.213783404Z,01JZ17DP10NW99AE12W6233E2P,2025-06-30T20:13:28.213783404Z,01JZ17J857XXAY88RJQ7RDXDN1,2025-06-30T20:13:28.213783404Z,01JZ17J8640E7AHSFC2MJQERBQ,2025-06-30T20:13:28.213783404Z
01JZ17W5F2YWPDHEE6Z4C20TEA,01JZ170DPRHYGRH6M74WMGZ8J5,2025-06-30T20:18:52.514599666Z,01JZ170DS434CCJM920K0JDY80,2025-06-30T20:18:52.514599666Z,01JZ17BZXCKBRDGQ6529TYVNY6,2025-06-30T20:18:52.514599666Z,01JZ17MESMPWPZJ1XK6T8SDFSR,2025-06-30T20:18:52.514599666Z,01JZ17MEXWEDJ8BPGMZ2YXTX38,2025-06-30T20:18:52.514599666Z
01JZ1CWJ9BBFK1CAGZEHY6KY07,01JZ1C4XJFQQ45ZHGATAXVBX0J,2025-06-30T21:46:28.523924421Z,01JZ1C4XNE4VHGMR9JDZS6Y7F9,2025-06-30T21:46:28.523924421Z,01JZ1CH99SCVGB71HN39473CFW,2025-06-30T21:46:28.523924421Z,01JZ1CM9QBAFQHGRA086T0Q56G,2025-06-30T21:46:28.523924421Z,01JZ1CMA99V1CAQCB71PYBWAZC,2025-06-30T21:46:28.523924421Z
01JZ1DSM7JWTYHP7P9R1APFG6K,01JZ1D0RX94M7HHBAJDNGV8QRS,2025-06-30T22:02:20.78678009Z,01JZ1D0S61XK8FZCNQBM2ZAEE6,2025-06-30T22:02:20.78678009Z,01JZ1DEPX3PNQ2MN8YPK5QHYXE,2025-06-30T22:02:20.78678009Z,01JZ1DHG8H05GH2W9SB4K6K1E6,2025-06-30T22:02:20.78678009Z,01JZ1DHH2TQQCBCQ5N4R09DNTG,2025-06-30T22:02:20.78678009Z
01JZ1F2E2G1KV054CM76741K4K,01JZ1E916HBESJXS5SJ82BFZ21,2025-06-30T22:24:37.968896272Z,01JZ1E923XSJ5V9JGGJQR2CG7M,2025-06-30T22:24:37.968896272Z,01JZ1EMYVSBFSNMNYSTV9SNRK6,2025-06-30T22:24:37.968896272Z,01JZ1F28PF9P2Q45FHCT2P249Q,2025-06-30T22:24:37.968896272Z,01JZ1F2929ZKMX4Q4JXCBP4BWJ,2025-06-30T22:24:37.968896272Z
01JZ1GHWEQT3H8432S57D82NK6,01JZ1G29Q82GQAKEXSK2E7NK3R,2025-06-30T22:50:32.791959065Z,01JZ1G2A3Q53QEYHDQX68WVVKH,2025-06-30T22:50:32.791959065Z,01JZ1G3T5HF7S211AZP2YJBSVP,2025-06-30T22:50:32.791959065Z,01JZ1GE1CN3AV1GMRSBHB6RFHY,2025-06-30T22:50:32.791959065Z,01JZ1GE1VW3W3YP6NDGQJ6R543,2025-06-30T22:50:32.791959065Z
01JZ1AJ9W1BGNXM82N810G2SPR,01JZ19VEXCKVX740B60X4W6PQN,2025-06-30T21:05:55.073976749Z,01JZ19VF5YA4VZJRJDVJVY1XBY,2025-06-30T21:05:55.073976749Z,01JZ19XQ9SYW5JG2B10Z2EXJ0C,2025-06-30T21:05:55.073976749Z,01JZ1AAR2NPD6QV68SPHG41X06,2025-06-30T21:05:55.073976749Z,01JZ1AAR9QYSJ3W706404KREXX,2025-06-30T21:05:55.073976749Z
01JZ17H3445EDMYCN63P6WBYZ3,01JZ170DPRHYGRH6M74WMGZ8J5,2025-06-30T20:12:49.668947195Z,01JZ170DRXVGFVP20P8DK3M491,2025-06-30T20:12:49.668947195Z,01JZ17B3EJNXDWZGY3QVC1296A,2025-06-30T20:12:49.668947195Z,01JZ17H2JE238380KER7CXK8AE,2025-06-30T20:12:49.668947195Z,01JZ17H2K87A22069NTT15Y3RY,2025-06-30T20:12:49.668947195Z
01JZ17P2SKDCZ1YATK502ZDC2Q,01JZ170DPRHYGRH6M74WMGZ8J5,2025-06-30T20:15:33.17193897Z,01JZ170DSBT7R80F1BC6BFNZAP,2025-06-30T20:15:33.17193897Z,01JZ17BXN8A0CN51A90XTP0KJK,2025-06-30T20:15:33.17193897Z,01JZ17JC3646JKWR0PPXMYYSSE,2025-06-30T20:15:33.17193897Z,01JZ17JC4DA2M858N1JG0BZKRD,2025-06-30T20:15:33.17193897Z
01JZ17VZN7DCYWYRRMMK5DFV08,01JZ170DPRHYGRH6M74WMGZ8J5,2025-06-30T20:18:46.567675239Z,01JZ170DSR5F2SARFX61BD5BFD,2025-06-30T20:18:46.567675239Z,01JZ17HAYAY9BSFK3RQNTEMCZ6,2025-06-30T20:18:46.567675239Z,01JZ17M8TM93SNDEV4TKQ8G5N0,2025-06-30T20:18:46.567675239Z,01JZ17M8ZHQM4JY3DEY4DZM9K1,2025-06-30T20:18:46.567675239Z
01JZ18RSZY9ZRJW2XAYMTTGPWX,01JZ18G4TN4FH7205KTQTFE7PM,2025-06-30T20:34:31.038625537Z,01JZ18G4WPK6V9JKZAVKNYS3NB,2025-06-30T20:34:31.038625537Z,01JZ18HQA6W5BPMK1V3RE89H1N,2025-06-30T20:34:31.038625537Z,01JZ18RRBME3EX7FDX35TW0HT5,2025-06-30T20:34:31.038625537Z,01JZ18RRCRDHYH49VRE21NEJNH,2025-06-30T20:34:31.038625537Z
01JZ18WA5NQNGRT5EFMY28AVTD,01JZ18G4TN4FH7205KTQTFE7PM,2025-06-30T20:36:25.909477139Z,01JZ18G50G0GKPPCFSW2N0ZNW1,2025-06-30T20:36:25.909477139Z,01JZ18MW05S42NZ47MWBQC7P11,2025-06-30T20:36:25.909477139Z,01JZ18RHFZ729S1GE13DM98H8Z,2025-06-30T20:36:25.909477139Z,01JZ18RHM0C5SA38DPG1QNA7W7,2025-06-30T20:36:25.909477139Z
01JZ18ZHE6ABJ5HJ3SPVW5BKTQ,01JZ18G4TN4FH7205KTQTFE7PM,2025-06-30T20:38:11.654658487Z,01JZ18G508W9SSEDAT6B79GZND,2025-06-30T20:38:11.654658487Z,01JZ18M2SFWFRTRVV46KHVE0JB,2025-06-30T20:38:11.654658487Z,01JZ18STHY2VTQFD4CXMK2KF14,2025-06-30T20:38:11.654658487Z,01JZ18STTVZBKCJ3FNRVH9WG4T,2025-06-30T20:38:11.654658487Z
01JZ1AEFPKKPEFFBCAYWM14EFP,01JZ19VEXCKVX740B60X4W6PQN,2025-06-30T21:03:49.971657629Z,01JZ19VF6XEW5FG377QGXCTRD1,2025-06-30T21:03:49.971657629Z,01JZ1A81RPET9TAZBW4YBB121E,2025-06-30T21:03:49.971657629Z,01JZ1ACG5AA6PRZ7WAEJWMNX2A,2025-06-30T21:03:49.971657629Z,01JZ1ACGD84SZVTVPHYZMCSWFJ,2025-06-30T21:03:49.971657629Z
01JZ190YYM9WJ3K31885PNF4E1,01JZ18G4TN4FH7205KTQTFE7PM,2025-06-30T20:38:58.260346617Z,01JZ18G4ZZG5A688HVVJGKBFVW,2025-06-30T20:38:58.260346617Z,01JZ18K484MAW8WSQHH7HSG9Z4,2025-06-30T20:38:58.260346617Z,01JZ18RFR1W3YDRVBYSTVG4Z41,2025-06-30T20:38:58.260346617Z,01JZ18RG0CQ87A49BPS6H0BNG2,2025-06-30T20:38:58.260346617Z
01JZ1CW7SE3M2ZTZ7J46PEG0CR,01JZ1C4XJFQQ45ZHGATAXVBX0J,2025-06-30T21:46:17.774610077Z,01JZ1C4XNE4VHGMR9JDZS6Y7F9,2025-06-30T21:46:17.774610077Z,01JZ1CF8R7DWBKG9F2768N54QZ,2025-06-30T21:46:17.774610077Z,01JZ1CM9PHKQR6ZRV6WZC89ZRV,2025-06-30T21:46:17.774610077Z,01JZ1CMA6DT0CMH53WQAF96N3Y,2025-06-30T21:46:17.774610077Z
01JZ1GKG6YRC1GHMQJK34YAKNX,01JZ1G29Q82GQAKEXSK2E7NK3R,2025-06-30T22:51:25.790749781Z,01JZ1G2A6YM039KVE3FBKDN5TM,2025-06-30T22:51:25.790749781Z,01JZ1G4ZKPR33SMREF8RYR14CE,2025-06-30T22:51:25.790749781Z,01JZ1GDRQETQFVFT79CV7FCC6X,2025-06-30T22:51:25.790749781Z,01JZ1GDSCB0SXCB3YX295GYDRP,2025-06-30T22:51:25.790749781Z
01JZ1AEG38PXV6V28XMH7KYFQN,01JZ19VEXCKVX740B60X4W6PQN,2025-06-30T21:03:50.377010128Z,01JZ19VF9WCS5BMDRCPXZK6ZBF,2025-06-30T21:03:50.377010128Z,01JZ19XSD6SYGG49Q271DJ23J5,2025-06-30T21:03:50.377010128Z,01JZ1A8RTBQBGQ6B3M8DMQ82K3,2025-06-30T21:03:50.377010128Z,01JZ1A8RYVY57RPWHFYD5PSDYS,2025-06-30T21:03:50.377010128Z
01JZ17J8RBW3BF4YMQ5AHTEGK5,01JZ170DPRHYGRH6M74WMGZ8J5,2025-06-30T20:13:28.203947695Z,01JZ170DSTXK5Z1DV671606E6A,2025-06-30T20:13:28.203947695Z,01JZ179522187EFD1N9MCMN3YS,2025-06-30T20:13:28.203947695Z,01JZ17J857XXAY88RJQ7RDXDN1,2025-06-30T20:13:28.203947695Z,01JZ17J8640E7AHSFC2MJQERBQ,2025-06-30T20:13:28.203947695Z
01JZ17Q468WQHBBWF7M6Q80V41,01JZ170DPRHYGRH6M74WMGZ8J5,2025-06-30T20:16:07.368439337Z,01JZ170DS32PJY8CQRMADJXFRG,2025-06-30T20:16:07.368439337Z,01JZ1788J67VDXAH0W6F8T66AB,2025-06-30T20:16:07.368439337Z,01JZ17HJXZJXBNGG98GAB8QMCF,2025-06-30T20:16:07.368439337Z,01JZ17HK0T4WZFVQ11NJTWM6R9,2025-06-30T20:16:07.368439337Z
01JZ17Q6XDTH5CW3C5A234283P,01JZ170DPRHYGRH6M74WMGZ8J5,2025-06-30T20:16:10.157721393Z,01JZ170DS8YWG03GZVY59N3JD0,2025-06-30T20:16:10.157721393Z,01JZ179QC9P59RRBVKW06P1VJF,2025-06-30T20:16:10.157721393Z,01JZ17HNMQAAW5HV1NJ3KN0TDP,2025-06-30T20:16:10.157721393Z,01JZ17HNP9BV8JHZB1QE7WG35X,2025-06-30T20:16:10.157721393Z
01JZ17QB3KK3R1Q9R47GGXJ7HB,01JZ170DPRHYGRH6M74WMGZ8J5,2025-06-30T20:16:14.451785354Z,01JZ170DS5DJKXJ3Z7YVJKJJXK,2025-06-30T20:16:14.451785354Z,01JZ17FZXSD3JPY8Z3YRMZJDDV,2025-06-30T20:16:14.451785354Z,01JZ17QA5Z590RP2SNRWWJMCH6,2025-06-30T20:16:14.451785354Z,01JZ17QA6QWZKNN6HVFANQHGPR,2025-06-30T20:16:14.451785354Z
01JZ17S1FQARAAAEZZWQ6WJVTM,01JZ170DPRHYGRH6M74WMGZ8J5,2025-06-30T20:17:10.135508936Z,01JZ170DSWJ6311N72HPSQWG9K,2025-06-30T20:17:10.135508936Z,01JZ17AF66R5T85771E9QQ650E,2025-06-30T20:17:10.135508936Z,01JZ17KG534VMGAN6DZ77QN8H5,2025-06-30T20:17:10.135508936Z,01JZ17KG7YSABGV08AS0ZBEA4S,2025-06-30T20:17:10.135508936Z
01JZ18XNZQG9WPTR69BBSM9EAC,01JZ18G4TN4FH7205KTQTFE7PM,2025-06-30T20:37:10.775067669Z,01JZ18G50PJASP911XB82AW46K,2025-06-30T20:37:10.775067669Z,01JZ18KAD3ET3YWT2B268D40PX,2025-06-30T20:37:10.775067669Z,01JZ18P6MTEX79E96T9HBXCMA3,2025-06-30T20:37:10.775067669Z,01JZ18P70T2Y3WKZ2T0YJT6WEW,2025-06-30T20:37:10.775067669Z
01JZ194AW08WW0Q9Y6JRZKX2QR,01JZ18R9CHSHJ2BAJZ4M4PAW2X,2025-06-30T20:40:48.768523077Z,01JZ18RA48YSHMY5EWBJ9E61V2,2025-06-30T20:40:48.768523077Z,01JZ18XZQ962C1YBGG8JES411T,2025-06-30T20:40:48.768523077Z,01JZ192CMQ10Q5BYZGXB0BD1QB,2025-06-30T20:40:48.768523077Z,01JZ192D3VPW2EZQYK46BZPYW0,2025-06-30T20:40:48.768523077Z
01JZ1AZ61QBTNB4929D6DA12RY,01JZ19VEXCKVX740B60X4W6PQN,2025-06-30T21:12:57.143649176Z,01JZ19VF4XXDC5SP97SM18G8VM,2025-06-30T21:12:57.143649176Z,01JZ19Y5W4MYXKSXHHDPCY5M66,2025-06-30T21:12:57.143649176Z,01JZ1AQBH2AQ4HJ4SKYQ5374F4,2025-06-30T21:12:57.143649176Z,01JZ1AQC0QDS5MXCQA9E82VAD0,2025-06-30T21:12:57.143649176Z
01JZ1AZGK5665C4RJ0SFQTPE86,01JZ19VEXCKVX740B60X4W6PQN,2025-06-30T21:13:07.941195414Z,01JZ19VF4XXDC5SP97SM18G8VM,2025-06-30T21:13:07.941195414Z,01JZ1ANDKY8QTNAK6C66WRTD5R,2025-06-30T21:13:07.941195414Z,01JZ1AQBGFVYCSP9N6MQYTQFEK,2025-06-30T21:13:07.941195414Z,01JZ1AQC2J84K7V9QFGXHZ263Z,2025-06-30T21:13:07.941195414Z
01JZ1CWJB2D8S9TPQF195TJS5F,01JZ1C4XJFQQ45ZHGATAXVBX0J,2025-06-30T21:46:28.578886303Z,01JZ1C4XNE4VHGMR9JDZS6Y7F9,2025-06-30T21:46:28.578886303Z,01JZ1CB9F4KXDQP2PHJCZHP1QC,2025-06-30T21:46:28.578886303Z,01JZ1CM9QBAFQHGRA086T0Q56G,2025-06-30T21:46:28.578886303Z,01JZ1CMA99V1CAQCB71PYBWAZC,2025-06-30T21:46:28.578886303Z
01JZ1GMGVRY098Y1VX4WFBE7E5,01JZ1G29Q82GQAKEXSK2E7NK3R,2025-06-30T22:51:59.224252911Z,01JZ1G2ACHC2PPHGNQVYG69GCY,2025-06-30T22:51:59.224252911Z,01JZ1ESY682HMD53AEGK9VD2YT,2025-06-30T22:51:59.224252911Z,01JZ1GJG6VNG9PMWWVXAT59KAK,2025-06-30T22:51:59.224252911Z,01JZ1GJGN6RVH8BE86VVZ43HWT,2025-06-30T22:51:59.224252911Z
01JZ1GJN1W5GEB5RNSKZWM80Y4,01JZ1G29Q82GQAKEXSK2E7NK3R,2025-06-30T22:50:57.980995127Z,01JZ1G2ACHC2PPHGNQVYG69GCY,2025-06-30T22:50:57.980995127Z,01JZ1GHHR8Y5813M82KVZRR659,2025-06-30T22:50:57.980995127Z,01JZ1GJG4R5Z76D71S3HQ0QK16,2025-06-30T22:50:57.980995127Z,01JZ1GJGHB4HF5TKEENTYA3CZ3,2025-06-30T22:50:57.980995127Z
01JZ18VWZSGG7KQWM50XENYX0F,01JZ18G4TN4FH7205KTQTFE7PM,2025-06-30T20:36:12.409881476Z,01JZ18G4X5EPR69QT64DVYQXFJ,2025-06-30T20:36:12.409881476Z,01JZ18M07T82RGAMZEPD0QD6Q9,2025-06-30T20:36:12.409881476Z,01JZ18PAPZYGZBF3DQ7XCBJ9MP,2025-06-30T20:36:12.409881476Z,01JZ18PAV4CZ083Z3090NH4W96,2025-06-30T20:36:12.409881476Z
01JZ190YVGE98XE78Z872H10PE,01JZ18G4TN4FH7205KTQTFE7PM,2025-06-30T20:38:58.16089021Z,01JZ18G4ZZG5A688HVVJGKBFVW,2025-06-30T20:38:58.16089021Z,01JZ18HSGA4VKS1NR0MAVDXW88,2025-06-30T20:38:58.16089021Z,01JZ18RFR1W3YDRVBYSTVG4Z41,2025-06-30T20:38:58.16089021Z,01JZ18RG0CQ87A49BPS6H0BNG2,2025-06-30T20:38:58.16089021Z
01JZ1BJFYHA2WC1BGSDTCSMQV7,01JZ1B1VZ9TM9N3252XVVAH9DZ,2025-06-30T21:23:29.873459544Z,01JZ1B1W6S117BH8HCA7NH9R7E,2025-06-30T21:23:29.873459544Z,01JZ1B3PFQZWK1B01E0NW7J1B1,2025-06-30T21:23:29.873459544Z,01JZ1BAHERRJG5Y4NQ430CHJGP,2025-06-30T21:23:29.873459544Z,01JZ1BAHXWBT00DK00GM6F2Y5F,2025-06-30T21:23:29.873459544Z
01JZ1BRQ6P82BSDPQPJG6BTJRA,01JZ1B1VZ9TM9N3252XVVAH9DZ,2025-06-30T21:26:53.910634309Z,01JZ1B1W68Y1JCNSRHTZJR0WTB,2025-06-30T21:26:53.910634309Z,01JZ1B84EMA8EXMS4XB5YP9VDA,2025-06-30T21:26:53.910634309Z,01JZ1BH47FKGJXT98P27XT8FV5,2025-06-30T21:26:53.910634309Z,01JZ1BH4P7VCH2NQ347CBM37RP,2025-06-30T21:26:53.910634309Z
01JZ1DG4FR3YDYDBRNC8021RV8,01JZ1D0RX94M7HHBAJDNGV8QRS,2025-06-30T21:57:09.752379947Z,01JZ1D0S064NT759Q480WCA8PK,2025-06-30T21:57:09.752379947Z,01JZ1D7QQ9A97C7JTBZNPKRB8Y,2025-06-30T21:57:09.752379947Z,01JZ1DFXC24EESH7ZRD8X7590G,2025-06-30T21:57:09.752379947Z,01JZ1DFY7EKQY65Z41983SMPYY,2025-06-30T21:57:09.752379947Z
01JZ1DMGW3V27A8QX7121K5YYX,01JZ1D0RX94M7HHBAJDNGV8QRS,2025-06-30T21:59:33.507843311Z,01JZ1D0S14X3T6948SDJVF454K,2025-06-30T21:59:33.507843311Z,01JZ1D3Y76V55J2284DH2783V0,2025-06-30T21:59:33.507843311Z,01JZ1DCMQRKF9BTHQ47K9AA4DG,2025-06-30T21:59:33.507843311Z,01JZ1DCN7WSMJQVQXRJ6NM59MW,2025-06-30T21:59:33.507843311Z
01JZ1F5XM983K20MQNE79599EK,01JZ1E916HBESJXS5SJ82BFZ21,2025-06-30T22:26:32.201940873Z,01JZ1E91WFH0SPDF0PZ6G1349X,2025-06-30T22:26:32.201940873Z,01JZ1EAPTEQ3YCZAND0ZRHWRT7,2025-06-30T22:26:32.201940873Z,01JZ1EY0ZKJGN8776MBVTAFR24,2025-06-30T22:26:32.201940873Z,01JZ1EY1NQ3S24AVFPPNA3F4S4,2025-06-30T22:26:32.201940873Z
01JZ17QXH7TFJNN67B62EA5J40,01JZ170DPRHYGRH6M74WMGZ8J5,2025-06-30T20:16:33.319177028Z,01JZ170DSBT7R80F1BC6BFNZAP,2025-06-30T20:16:33.319177028Z,01JZ17EXP8SEZEBZPSE6GPG8ZM,2025-06-30T20:16:33.319177028Z,01JZ17JC3646JKWR0PPXMYYSSE,2025-06-30T20:16:33.319177028Z,01JZ17JC4FBEB4KZMVBDNS6F27,2025-06-30T20:16:33.319177028Z
01JZ17STHD8NRHDS7EPWHZ23FR,01JZ170DPRHYGRH6M74WMGZ8J5,2025-06-30T20:17:35.789794526Z,01JZ170DSR5F2SARFX61BD5BFD,2025-06-30T20:17:35.789794526Z,01JZ17HAYAY9BSFK3RQNTEMCZ6,2025-06-30T20:17:35.789794526Z,01JZ17M8SSZ2QHECS5BA0DPMCQ,2025-06-30T20:17:35.789794526Z,01JZ17M8XAP84NT81MJXA59Y57,2025-06-30T20:17:35.789794526Z
01JZ18TFNYM9RZ68GSCK1T5VHV,01JZ18G4TN4FH7205KTQTFE7PM,2025-06-30T20:35:26.014530727Z,01JZ18G4Y1ABZPJ815NAWEN19T,2025-06-30T20:35:26.014530727Z,01JZ18KZMETYG3YXGETN6WS81Q,2025-06-30T20:35:26.014530727Z,01JZ18PMF1481YNW4VF038RS60,2025-06-30T20:35:26.014530727Z,01JZ18PMJNDHJZTMJ5QAYTKKV0,2025-06-30T20:35:26.014530727Z
01JZ1AGP8614RCNFDZERAKHMDM,01JZ19VEXCKVX740B60X4W6PQN,2025-06-30T21:05:02.214116606Z,01JZ19VF9WCS5BMDRCPXZK6ZBF,2025-06-30T21:05:02.214116606Z,01JZ19XSD6SYGG49Q271DJ23J5,2025-06-30T21:05:02.214116606Z,01JZ1A8RS6D439ZX1WYM84CQP1,2025-06-30T21:05:02.214116606Z,01JZ1A8S60ZA8S8V5F0HDNHNSP,2025-06-30T21:05:02.214116606Z
01JZ1H4DHZPFY5YHG6684XK11T,01JZ1G29Q82GQAKEXSK2E7NK3R,2025-06-30T23:00:40.127472125Z,01JZ1G2AATTMJJ07WA2JZ9MF1K,2025-06-30T23:00:40.127472125Z,01JZ1GPSZ98FX0GSJ1PJWWQANW,2025-06-30T23:00:40.127472125Z,01JZ1GWNHK6SQXS7ZHPFFWHGZD,2025-06-30T23:00:40.127472125Z,01JZ1GWPER868XYRC29QEG2HQ8,2025-06-30T23:00:40.127472125Z
01JZ17N9AX8CRCR1BADPQ8A28S,01JZ170DPRHYGRH6M74WMGZ8J5,2025-06-30T20:15:07.101561604Z,01JZ170DS32PJY8CQRMADJXFRG,2025-06-30T20:15:07.101561604Z,01JZ17A84G8QVPB3RW2KXSNH3H,2025-06-30T20:15:07.101561604Z,01JZ17HJXZJXBNGG98GAB8QMCF,2025-06-30T20:15:07.101561604Z,01JZ17HK0SVP1ABZQAHDNEMPR2,2025-06-30T20:15:07.101561604Z
01JZ18W7V92XHMMJNRMK969CMK,01JZ18G4TN4FH7205KTQTFE7PM,2025-06-30T20:36:23.529915935Z,01JZ18G4ZZG5A688HVVJGKBFVW,2025-06-30T20:36:23.529915935Z,01JZ18N0JKWFKXBS82BQZ5RVQD,2025-06-30T20:36:23.529915935Z,01JZ18RFQ4W09NKQ14XZ3KQN1E,2025-06-30T20:36:23.529915935Z,01JZ18RFVKATYSB1M62D2NFA75,2025-06-30T20:36:23.529915935Z
01JZ18WM86YXMR3C2MD5DDMBJZ,01JZ18G4TN4FH7205KTQTFE7PM,2025-06-30T20:36:36.230749471Z,01JZ18G4YA2XRQ9RK4RH5WQB1P,2025-06-30T20:36:36.230749471Z,01JZ18MZ9CEYXM1F4JSENNJ9RA,2025-06-30T20:36:36.230749471Z,01JZ18Q1RFWF1SPY79863HPKYC,2025-06-30T20:36:36.230749471Z,01JZ18Q1X4TZM065RYCSF14JK5,2025-06-30T20:36:36.230749471Z
01JZ18Y53D7JXMV0FNV777BD2G,01JZ18G4TN4FH7205KTQTFE7PM,2025-06-30T20:37:26.253500682Z,01JZ18G50G0GKPPCFSW2N0ZNW1,2025-06-30T20:37:26.253500682Z,01JZ18J6KD5BBAN05Q96NKJXCJ,2025-06-30T20:37:26.253500682Z,01JZ18RHFZ729S1GE13DM98H8Z,2025-06-30T20:37:26.253500682Z,01JZ18RHME99WN31PV5VCD73RS,2025-06-30T20:37:26.253500682Z
01JZ196AR7TGS0FVTDPWC7Z2SX,01JZ18QHX9XGN83K6T42FK97D5,2025-06-30T20:41:54.183893245Z,01JZ18QHZ9KPT0XZ66BZ9ZB89K,2025-06-30T20:41:54.183893245Z,01JZ18VHSP5WBV88CARNF83RF7,2025-06-30T20:41:54.183893245Z,01JZ190NH1278RPC2MCD2QJWTN,2025-06-30T20:41:54.183893245Z,01JZ190NQYWJEEY4JZ53S9SW9K,2025-06-30T20:41:54.183893245Z
01JZ1ASA6FT5ZB4RA7R3VP2NC3,01JZ19VEXCKVX740B60X4W6PQN,2025-06-30T21:09:44.783558139Z,01JZ19VF4XXDC5SP97SM18G8VM,2025-06-30T21:09:44.783558139Z,01JZ19XD6XDCZFB3F08CC7HS0Y,2025-06-30T21:09:44.783558139Z,01JZ1AQBFWFCVDGCRFV7SS6AMN,2025-06-30T21:09:44.783558139Z,01JZ1AQBNXFVRB6ZGTD0QPGTR6,2025-06-30T21:09:44.783558139Z
01JZ1DT7QE55CQ4KSEFXGQXYC9,01JZ1D0RX94M7HHBAJDNGV8QRS,2025-06-30T22:02:40.750616819Z,01JZ1D0S4EMT97ECKQ06X1ZWAX,2025-06-30T22:02:40.750616819Z,01JZ1D6PDAATCEYCV60SVGFECN,2025-06-30T22:02:40.750616819Z,01JZ1DHWEXPB13DZQKK7395V00,2025-06-30T22:02:40.750616819Z,01JZ1DHX7MN96NAARX0SPBRZ8T,2025-06-30T22:02:40.750616819Z
01JZ17M811MTFCAB3BSM497EQC,01JZ170DPRHYGRH6M74WMGZ8J5,2025-06-30T20:14:32.993833444Z,01JZ170DSBT7R80F1BC6BFNZAP,2025-06-30T20:14:32.993833444Z,01JZ17E2HGHQEBNZ4BGFQ4PF6N,2025-06-30T20:14:32.993833444Z,01JZ17JC3646JKWR0PPXMYYSSE,2025-06-30T20:14:32.993833444Z,01JZ17JC4BH6DXFB1MF05VR7P5,2025-06-30T20:14:32.993833444Z
01JZ17VX3SCD87SR84F6FSVCMP,01JZ170DPRHYGRH6M74WMGZ8J5,2025-06-30T20:18:43.961460528Z,01JZ170DRWH3Q5VEKFYTCWXCB9,2025-06-30T20:18:43.961460528Z,01JZ17C9CHCZD4MC1P47MP5FMT,2025-06-30T20:18:43.961460528Z,01JZ17M63THTS8VR02B734BA3Z,2025-06-30T20:18:43.961460528Z,01JZ17M68BK07EYSC18JFC5CY6,2025-06-30T20:18:43.961460528Z
01JZ17XSACP9DVPZ5C0QS6YTQ3,01JZ170DPRHYGRH6M74WMGZ8J5,2025-06-30T20:19:45.612868445Z,01JZ170DSXXMDA003X79NFA4N0,2025-06-30T20:19:45.612868445Z,01JZ179JK7EB00XG1XXC6JXGYV,2025-06-30T20:19:45.612868445Z,01JZ17NRS66B2XN3XYTK9HZXA6,2025-06-30T20:19:45.612868445Z,01JZ17NRXT8PX5JT9SVTD0DFSR,2025-06-30T20:19:45.612868445Z
01JZ18WARYQTSNS1ZM2Z70DKFK,01JZ18G4TN4FH7205KTQTFE7PM,2025-06-30T20:36:26.526378684Z,01JZ18G4Y1ABZPJ815NAWEN19T,2025-06-30T20:36:26.526378684Z,01JZ18JTT4THQJ9FYDDES7JX1C,2025-06-30T20:36:26.526378684Z,01JZ18PMF1481YNW4VF038RS60,2025-06-30T20:36:26.526378684Z,01JZ18PMK1Q07KH4CZNB9PR0WQ,2025-06-30T20:36:26.526378684Z
01JZ18YBZQKHX5T0J8ZAF7KN6Z,01JZ18G4TN4FH7205KTQTFE7PM,2025-06-30T20:37:33.303866241Z,01JZ18G50PJASP911XB82AW46K,2025-06-30T20:37:33.303866241Z,01JZ18KAD3ET3YWT2B268D40PX,2025-06-30T20:37:33.303866241Z,01JZ18P6NXZT0V7P3PR4SE8Z8C,2025-06-30T20:37:33.303866241Z,01JZ18P75BTA8J8ZN86RAF6NTB,2025-06-30T20:37:33.303866241Z
01JZ1CE4ZJB2Q6H51ENQJRYFZ1,01JZ1BX7WQMA45G0E33EEHJ3V9,2025-06-30T21:38:36.146433654Z,01JZ1BX80QRTKGB6MH6HMRDXS1,2025-06-30T21:38:36.146433654Z,01JZ1BYVYWJTY34XWWWGSZYC2W,2025-06-30T21:38:36.146433654Z,01JZ1C694WS1H0BQYPF8J97ET7,2025-06-30T21:38:36.146433654Z,01JZ1C69YC1M05MAZYS1FZERKN,2025-06-30T21:38:36.146433654Z
01JZ17S66A6Y4PS83VXSBCEQ30,01JZ170DPRHYGRH6M74WMGZ8J5,2025-06-30T20:17:14.954520897Z,01JZ170DS5DJKXJ3Z7YVJKJJXK,2025-06-30T20:17:14.954520897Z,01JZ178QXEVM580BRMFA0XSN9D,2025-06-30T20:17:14.954520897Z,01JZ17QA5NP4NCPJJVMNCZ9F7W,2025-06-30T20:17:14.954520897Z,01JZ17QA7R6RMSWTTSTG8PTY2J,2025-06-30T20:17:14.954520897Z
01JZ17XSARNNHJKE4G4H785JKP,01JZ170DPRHYGRH6M74WMGZ8J5,2025-06-30T20:19:45.62439941Z,01JZ170DSXXMDA003X79NFA4N0,2025-06-30T20:19:45.62439941Z,01JZ17G2CQ2WMWNSJEQJ6XDN5X,2025-06-30T20:19:45.62439941Z,01JZ17NRS66B2XN3XYTK9HZXA6,2025-06-30T20:19:45.62439941Z,01JZ17NRXT8PX5JT9SVTD0DFSR,2025-06-30T20:19:45.62439941Z
01JZ1BJSA6PBFJJFY14AVTGJ89,01JZ1B1VZ9TM9N3252XVVAH9DZ,2025-06-30T21:23:39.462063308Z,01JZ1B1W2WT8MR9NJ7RDDSFH2M,2025-06-30T21:23:39.462063308Z,01JZ1B64GPABF5830RNTZP1A2Y,2025-06-30T21:23:39.462063308Z,01JZ1BD3Y8NHHCFXCV7WB08PE6,2025-06-30T21:23:39.462063308Z,01JZ1BD4E0X1M635NTN1HZAF8G,2025-06-30T21:23:39.462063308Z
01JZ1BN067Y8VZRW7P443XYNWJ,01JZ1B1VZ9TM9N3252XVVAH9DZ,2025-06-30T21:24:52.039873468Z,01JZ1B1W68Y1JCNSRHTZJR0WTB,2025-06-30T21:24:52.039873468Z,01JZ1B483R9XXNDJ9MZBRK2ZQ1,2025-06-30T21:24:52.039873468Z,01JZ1BH44X88X65JM8T5DXFWMN,2025-06-30T21:24:52.039873468Z,01JZ1BH4JHZV8JT24JS97DA9P7,2025-06-30T21:24:52.039873468Z
01JZ1GPBBYV5YMK0EE6JHTEYY9,01JZ1G29Q82GQAKEXSK2E7NK3R,2025-06-30T22:52:59.134041561Z,01JZ1G2A3Q53QEYHDQX68WVVKH,2025-06-30T22:52:59.134041561Z,01JZ1G7Q5PBNYB0Y67X5QD4VST,2025-06-30T22:52:59.134041561Z,01JZ1GE1GBK17T8759BQQREJNN,2025-06-30T22:52:59.134041561Z,01JZ1GE287M7WV0AR9BBZAE0XW,2025-06-30T22:52:59.134041561Z
01JZ17KRCCZWHM6GPTABMF25GW,01JZ170DPRHYGRH6M74WMGZ8J5,2025-06-30T20:14:16.972575284Z,01JZ170DS434CCJM920VN081CV,2025-06-30T20:14:16.972575284Z,01JZ17DF0FPMATGYC1VKMVTRWC,2025-06-30T20:14:16.972575284Z,01JZ17HX0ZXKJ4A0TXNHXA38XE,2025-06-30T20:14:16.972575284Z,01JZ17HX27YPRH0BCQM17SB655,2025-06-30T20:14:16.972575284Z
01JZ1A8NJZ4Z5RKTZN31DA8SKE,01JZ19VEXCKVX740B60X4W6PQN,2025-06-30T21:00:39.391150021Z,01JZ19VF1X4TGM9HTAVFF08YB3,2025-06-30T21:00:39.391150021Z,01JZ19YKGANWM091HXPRFZY75R,2025-06-30T21:00:39.391150021Z,01JZ1A31STNBCB1FNASKSH9RM4,2025-06-30T21:00:39.391150021Z,01JZ1A324M5DG5G1F4JNBQ7X99,2025-06-30T21:00:39.391150021Z
01JZ1AK3KQR7YDR722RVH8FZPK,01JZ19VEXCKVX740B60X4W6PQN,2025-06-30T21:06:21.431937746Z,01JZ19VF3FCDRKA7RA8CE3SQDH,2025-06-30T21:06:21.431937746Z,01JZ19WY3ATKAJQ5V1K5TAB38J,2025-06-30T21:06:21.431937746Z,01JZ1AK0DBQXGCYJCG3YA80XRE,2025-06-30T21:06:21.431937746Z,01JZ1AK0KB9WTWX0NP3E9RWAV3,2025-06-30T21:06:21.431937746Z
01JZ17NV2XMHTYPG2EQA8CW9XT,01JZ170DPRHYGRH6M74WMGZ8J5,2025-06-30T20:15:25.277237369Z,01JZ170DS0283SZNEN95XAWWS4,2025-06-30T20:15:25.277237369Z,01JZ17CS84WF94XY708FKX765Q,2025-06-30T20:15:25.277237369Z,01JZ17NT644PA1MKM9DXCD13F1,2025-06-30T20:15:25.277237369Z,01JZ17NT8N20Z9H468MWQHH6VD,2025-06-30T20:15:25.277237369Z
01JZ18QR9107QTCF1FQZSJMDQG,01JZ18G4TN4FH7205KTQTFE7PM,2025-06-30T20:33:56.513464665Z,01JZ18G4ZDA13FR053ZT1R1FPF,2025-06-30T20:33:56.513464665Z,01JZ18J71C4JGFMP9MP8Y4KY9T,2025-06-30T20:33:56.513464665Z,01JZ18NR677M02YFM90F21XHAA,2025-06-30T20:33:56.513464665Z,01JZ18NR9DZ3R2Y5THK48A79PA,2025-06-30T20:33:56.513464665Z
01JZ1BS264S3DNZXCHMJ2QJR85,01JZ1B1VZ9TM9N3252XVVAH9DZ,2025-06-30T21:27:05.156868667Z,01JZ1B1W68Y1JCNSRHTZJR0WTB,2025-06-30T21:27:05.156868667Z,01JZ1BEDAMJRCNYC6ZRWR4EWKQ,2025-06-30T21:27:05.156868667Z,01JZ1BH45TYYSNR9HRYXWTVB04,2025-06-30T21:27:05.156868667Z,01JZ1BH4RVE34PYY4WF2W33DR9,2025-06-30T21:27:05.156868667Z
01JZ17Q6NRFEA8F7V3Y8B12N9Y,01JZ170DPRHYGRH6M74WMGZ8J5,2025-06-30T20:16:09.912710747Z,01JZ170DSWJ6311N72HPSQWG9K,2025-06-30T20:16:09.912710747Z,01JZ178GZ31S8C5ECRC86PTTAS,2025-06-30T20:16:09.912710747Z,01JZ17KG534VMGAN6DZ77QN8H5,2025-06-30T20:16:09.912710747Z,01JZ17KG7QBR7SW7H41DV67CFK,2025-06-30T20:16:09.912710747Z
01JZ18ZK76FK2HR5N7V7JM58C8,01JZ18G4TN4FH7205KTQTFE7PM,2025-06-30T20:38:13.478658936Z,01JZ18G4XDWA3A08Y0HZ5HSAAF,2025-06-30T20:38:13.478658936Z,01JZ18N4BCMMEGJT5ZAJGY6HHX,2025-06-30T20:38:13.478658936Z,01JZ18R10XKY5S8X2DP4KAHATX,2025-06-30T20:38:13.478658936Z,01JZ18R15QWZGYPDXYR2JDRR4K,2025-06-30T20:38:13.478658936Z
01JZ1AG0PQGHMBW3Y29KP44XE9,01JZ19VEXCKVX740B60X4W6PQN,2025-06-30T21:04:40.152044249Z,01JZ19VF81DTYMGWYB0TAJKDWY,2025-06-30T21:04:40.152044249Z,01JZ1A1K79TTT3Z2JTQ13NPY5P,2025-06-30T21:04:40.152044249Z,01JZ1AABK962FFJZTPD33N3VKP,2025-06-30T21:04:40.152044249Z,01JZ1AAC1W6795X0XGH3C3PFHB,2025-06-30T21:04:40.152044249Z
01JZ1BRQCX6RNE50MPDRQF5SCW,01JZ1B1VZ9TM9N3252XVVAH9DZ,2025-06-30T21:26:54.109885903Z,01JZ1B1W68Y1JCNSRHTZJR0WTB,2025-06-30T21:26:54.109885903Z,01JZ1B62EVJPYFB1CKMM3NTQNK,2025-06-30T21:26:54.109885903Z,01JZ1BH47FKGJXT98P27XT8FV5,2025-06-30T21:26:54.109885903Z,01JZ1BH4P7VCH2NQ347CBM37RP,2025-06-30T21:26:54.109885903Z
01JZ1DMEDJBT68DX52EKDE1QYS,01JZ1D0RX94M7HHBAJDNGV8QRS,2025-06-30T21:59:30.994365533Z,01JZ1D0S3N2D9DCG3EHS8AP4R1,2025-06-30T21:59:30.994365533Z,01JZ1D7D81NBZRDY8M09FZNXH6,2025-06-30T21:59:30.994365533Z,01JZ1DJBF7R7NJ28KS5SRS1EHV,2025-06-30T21:59:30.994365533Z,01JZ1DJBSFF6V6A6GD53WXGXCR,2025-06-30T21:59:30.994365533Z
01JZ1FAWYERZ7ZRVHWJ3QJTG6P,01JZ1E916HBESJXS5SJ82BFZ21,2025-06-30T22:29:15.342868076Z,01JZ1E91Q18GQE49C0XSDVMF75,2025-06-30T22:29:15.342868076Z,01JZ1EEDS4AMSMWB9W2CPSXDHE,2025-06-30T22:29:15.342868076Z,01JZ1F2JFXFJKGVW4BE73GT7FW,2025-06-30T22:29:15.342868076Z,01JZ1F2K2B9KHF5TKCBRGK2TK5,2025-06-30T22:29:15.342868076Z
01JZ18TKFZX0BNXMXBTVNB78VK,01JZ18G4TN4FH7205KTQTFE7PM,2025-06-30T20:35:29.919989732Z,01JZ18G4XMK5QHE5YNTR43VZ9V,2025-06-30T20:35:29.919989732Z,01JZ18JXMPKC16YBJ9SWX6E74P,2025-06-30T20:35:29.919989732Z,01JZ18RP89JC5KMWSQF397VP76,2025-06-30T20:35:29.919989732Z,01JZ18RPCEEE6Q74G8J9BKYVBJ,2025-06-30T20:35:29.919989732Z
01JZ19FBCJ0RFPAAE7PCKKCV78,01JZ18R9CHSHJ2BAJZ4M4PAW2X,2025-06-30T20:46:49.746870601Z,01JZ18RA3DBE17YR6D8FEXRWFY,2025-06-30T20:46:49.746870601Z,01JZ18V7AEVH5VMDMYVZ6HXGK5,2025-06-30T20:46:49.746870601Z,01JZ197W0CRT1QRT68SVS12ZFW,2025-06-30T20:46:49.746870601Z,01JZ197WAD58SPDF99KX0S8KCP,2025-06-30T20:46:49.746870601Z
01JZ1AJ5VZ5FS52ETN4TH56M7X,01JZ19VEXCKVX740B60X4W6PQN,2025-06-30T21:05:50.975544255Z,01JZ19VF6XEW5FG377QGXCTRD1,2025-06-30T21:05:50.975544255Z,01JZ1A9RXDVME7RYXTWFBGWCFN,2025-06-30T21:05:50.975544255Z,01JZ1ACG5AA6PRZ7WAEJWMNX2A,2025-06-30T21:05:50.975544255Z,01JZ1ACGEE7FQP6896MSH7FTZ1,2025-06-30T21:05:50.975544255Z
01JZ1DMGREANQJ585TYAHHAKWW,01JZ1D0RX94M7HHBAJDNGV8QRS,2025-06-30T21:59:33.390101514Z,01JZ1D0S14X3T6948SDJVF454K,2025-06-30T21:59:33.390101514Z,01JZ1D4SCYXBMNQ70R3B47BMPE,2025-06-30T21:59:33.390101514Z,01JZ1DCMQRKF9BTHQ47K9AA4DG,2025-06-30T21:59:33.390101514Z,01JZ1DCN7WSMJQVQXRJ6NM59MW,2025-06-30T21:59:33.390101514Z
01JZ17J0HFSM950ZN20E3EQKXX,01JZ170DPRHYGRH6M74WMGZ8J5,2025-06-30T20:13:19.79155167Z,01JZ170DRRRWN613C5WJQ8B5Q6,2025-06-30T20:13:19.79155167Z,01JZ176AGFMX3JE5XFYY83S9AY,2025-06-30T20:13:19.79155167Z,01JZ17G525MGXJWBMSF6HV25RV,2025-06-30T20:13:19.79155167Z,01JZ17G53WVHW3K4ZXG0XD5F11,2025-06-30T20:13:19.79155167Z
01JZ17SQY664CEM9JQ6A0CHM09,01JZ170DPRHYGRH6M74WMGZ8J5,2025-06-30T20:17:33.126079779Z,01JZ170DRWH3Q5VEKFYTCWXCB9,2025-06-30T20:17:33.126079779Z,01JZ178J2BZ2NF5FVTXNH8JBMT,2025-06-30T20:17:33.126079779Z,01JZ17M6426GB2CWYTAT7MS6CN,2025-06-30T20:17:33.126079779Z,01JZ17M66CRZJG66NVRGEF34B3,2025-06-30T20:17:33.126079779Z
01JZ17TWDHCXWVPBR0B5KH78PN,01JZ170DPRHYGRH6M74WMGZ8J5,2025-06-30T20:18:10.482034417Z,01JZ170DSWJ6311N72HPSQWG9K,2025-06-30T20:18:10.482034417Z,01JZ178GZ31S8C5ECRC86PTTAS,2025-06-30T20:18:10.482034417Z,01JZ17KG4GY236VDZCYE8QS8G2,2025-06-30T20:18:10.482034417Z,01JZ17KG911NYQ5N6FHQBCSNCV,2025-06-30T20:18:10.482034417Z
01JZ18ZVGY9BY8J3YQV8HQMBHB,01JZ18G4TN4FH7205KTQTFE7PM,2025-06-30T20:38:21.982185519Z,01JZ18G4ZPD0G0WRB3ZSNJ4KSW,2025-06-30T20:38:21.982185519Z,01JZ18KHM8GJ48PE7RRH6Y4W94,2025-06-30T20:38:21.982185519Z,01JZ18QMFXN721VEA2NDQX9P2G,2025-06-30T20:38:21.982185519Z,01JZ18QMWYP84CPDPK40E53HFC,2025-06-30T20:38:21.982185519Z
01JZ1CFSQ6C1NFWEBAVB9R7MHC,01JZ1BX7WQMA45G0E33EEHJ3V9,2025-06-30T21:39:30.150411172Z,01JZ1BX81RJBYPGNM468STZ9YH,2025-06-30T21:39:30.150411172Z,01JZ1C7E8DJFPWRMGRQW39DWYT,2025-06-30T21:39:30.150411172Z,01JZ1C7YKPD172BDJ38STHSTER,2025-06-30T21:39:30.150411172Z,01JZ1C7Z1RSZ2Z2Y795KTS1XV2,2025-06-30T21:39:30.150411172Z
01JZ17KRC8YNGA385GD5WT0Z1Z,01JZ170DPRHYGRH6M74WMGZ8J5,2025-06-30T20:14:16.968523449Z,01JZ170DS434CCJM920VN081CV,2025-06-30T20:14:16.968523449Z,01JZ17AXNB63XKGBKW724P24XM,2025-06-30T20:14:16.968523449Z,01JZ17HX0ZXKJ4A0TXNHXA38XE,2025-06-30T20:14:16.968523449Z,01JZ17HX27YPRH0BCQM17SB655,2025-06-30T20:14:16.968523449Z
01JZ180H472CFD9SMC3563149K,01JZ170DPRHYGRH6M74WMGZ8J5,2025-06-30T20:21:15.52756005Z,01JZ170DSP5HFMBRZWFQV8RFVC,2025-06-30T20:21:15.52756005Z,01JZ17992QEDC71MF0NWEGAJEP,2025-06-30T20:21:15.52756005Z,01JZ17RSJTNPRC3C8ZY6Y2ZSYJ,2025-06-30T20:21:15.52756005Z,01JZ17RSRNH5GJAAJYFVB387HP,2025-06-30T20:21:15.52756005Z
01JZ1AX04RXQ5Z2Z1RNDT4BSPH,01JZ19VEXCKVX740B60X4W6PQN,2025-06-30T21:11:45.56044461Z,01JZ19VF4XXDC5SP97SM18G8VM,2025-06-30T21:11:45.56044461Z,01JZ19Y5W4MYXKSXHHDPCY5M66,2025-06-30T21:11:45.56044461Z,01JZ1AQBFWFCVDGCRFV7SS6AMN,2025-06-30T21:11:45.56044461Z,01JZ1AQBWRPQQ4C6QQT1SNQMEJ,2025-06-30T21:11:45.56044461Z
01JZ1BCGHM82VGX6D97XXS61PG,01JZ1B1VZ9TM9N3252XVVAH9DZ,2025-06-30T21:20:13.876534488Z,01JZ1B1W6S117BH8HCA7NH9R7E,2025-06-30T21:20:13.876534488Z,01JZ1B46GFSFAYTPK6TDTQG4WK,2025-06-30T21:20:13.876534488Z,01JZ1BAHCPD0S01DARX26K93JP,2025-06-30T21:20:13.876534488Z,01JZ1BAHNHRP82EBP2C9D80PGX,2025-06-30T21:20:13.876534488Z
01JZ1BXHRA9NP69TK13AR98PJ7,01JZ1B1VZ9TM9N3252XVVAH9DZ,2025-06-30T21:29:32.170336795Z,01JZ1B1W5TAZ0C76DBH0ZAEY5X,2025-06-30T21:29:32.170336795Z,01JZ1B3WZ5Q8VM6YQPSTYC2J5Y,2025-06-30T21:29:32.170336795Z,01JZ1BNNPVHRHE8S109SGCSVME,2025-06-30T21:29:32.170336795Z,01JZ1BNPM2SKCJW6H10Q28J9CX,2025-06-30T21:29:32.170336795Z
01JZ1F5JRB8VJSWKC596WVA3G1,01JZ1E916HBESJXS5SJ82BFZ21,2025-06-30T22:26:21.067156924Z,01JZ1E91WFH0SPDF0PZ6G1349X,2025-06-30T22:26:21.067156924Z,01JZ1EAPTEQ3YCZAND0ZRHWRT7,2025-06-30T22:26:21.067156924Z,01JZ1EY0V936Q11XBE6E3XZ1F6,2025-06-30T22:26:21.067156924Z,01JZ1EY1HBSM2CRPCB3ED4DTPP,2025-06-30T22:26:21.067156924Z
01JZ1DT7RQWYDXDY8Q2PGGK4A0,01JZ1D0RX94M7HHBAJDNGV8QRS,2025-06-30T22:02:40.792030018Z,01JZ1D0S4EMT97ECKQ06X1ZWAX,2025-06-30T22:02:40.792030018Z,01JZ1DEBFXXB5H1WJY1A2P9E20,2025-06-30T22:02:40.792030018Z,01JZ1DHWEXPB13DZQKK7395V00,2025-06-30T22:02:40.792030018Z,01JZ1DHX7MN96NAARX0SPBRZ8T,2025-06-30T22:02:40.792030018Z
01JZ17KV86B62NY46ZZW7TD718,01JZ170DPRHYGRH6M74WMGZ8J5,2025-06-30T20:14:19.91006075Z,01JZ170DRRRWN613C5WJQ8B5Q6,2025-06-30T20:14:19.91006075Z,01JZ17A832XNJZN2KK8205TMZH,2025-06-30T20:14:19.91006075Z,01JZ17G525MGXJWBMSF6HV25RV,2025-06-30T20:14:19.91006075Z,01JZ17G53YJG35VR54J3X52CY9,2025-06-30T20:14:19.91006075Z
01JZ17VNJY0XYK05AV8719HCE5,01JZ170DPRHYGRH6M74WMGZ8J5,2025-06-30T20:18:36.254622487Z,01JZ170DSR5F2SARFX61BD5BFD,2025-06-30T20:18:36.254622487Z,01JZ179KCXD57AZVEGR3X2YKFH,2025-06-30T20:18:36.254622487Z,01JZ17M8TTAADH96H16B5Q2KVN,2025-06-30T20:18:36.254622487Z,01JZ17M8YBHZ4TN71ES3XSS0QT,2025-06-30T20:18:36.254622487Z
01JZ180H4HVRQRA2X08G2B0ES6,01JZ170DPRHYGRH6M74WMGZ8J5,2025-06-30T20:21:15.537378297Z,01JZ170DSP5HFMBRZWFQV8RFVC,2025-06-30T20:21:15.537378297Z,01JZ17P1EBWH8TSGC8FNQFNMW7,2025-06-30T20:21:15.537378297Z,01JZ17RSJTNPRC3C8ZY6Y2ZSYJ,2025-06-30T20:21:15.537378297Z,01JZ17RSRNH5GJAAJYFVB387HP,2025-06-30T20:21:15.537378297Z
01JZ18SB979X8YJXAB6GH9307G,01JZ18G4TN4FH7205KTQTFE7PM,2025-06-30T20:34:48.743834914Z,01JZ18G4YTQTSXFW2X0Y80VGVG,2025-06-30T20:34:48.743834914Z,01JZ18JHMPB6Y0TNZB1CBHN9G9,2025-06-30T20:34:48.743834914Z,01JZ18QCHSRQEB636MAZYTF93F,2025-06-30T20:34:48.743834914Z,01JZ18QCNQWD5EMCK74EDKA9K4,2025-06-30T20:34:48.743834914Z
01JZ1909M4SPC6A1QZQM54CAF3,01JZ18G4TN4FH7205KTQTFE7PM,2025-06-30T20:38:36.420509885Z,01JZ18G4YK3PSP6R2PNWBA4P8S,2025-06-30T20:38:36.420509885Z,01JZ18JABGMJD5Y1TTH0BJFJ2C,2025-06-30T20:38:36.420509885Z,01JZ18QW9EXF247TKVE8F2HXX6,2025-06-30T20:38:36.420509885Z,01JZ18QWK926FXC7VZEQSYH8G3,2025-06-30T20:38:36.420509885Z
01JZ1A4ZAJ7Q5K8ND8FXDMVH2D,01JZ19VEXCKVX740B60X4W6PQN,2025-06-30T20:58:38.290607797Z,01JZ19VF1X4TGM9HTAVFF08YB3,2025-06-30T20:58:38.290607797Z,01JZ19YKGANWM091HXPRFZY75R,2025-06-30T20:58:38.290607797Z,01JZ1A31STNBCB1FNASKSH9RM4,2025-06-30T20:58:38.290607797Z,01JZ1A323DMK00TV9154PS4RVT,2025-06-30T20:58:38.290607797Z
01JZ1BX74RQXR89WPNZKET8KHP,01JZ1B1VZ9TM9N3252XVVAH9DZ,2025-06-30T21:29:21.304195275Z,01JZ1B1W5TAZ0C76DBH0ZAEY5X,2025-06-30T21:29:21.304195275Z,01JZ1B3Y49GJFDA022ZKPSHE7M,2025-06-30T21:29:21.304195275Z,01JZ1BNNH562Q854YV4P9FQ9JA,2025-06-30T21:29:21.304195275Z,01JZ1BNPBK29NQN24A8RHSD4TC,2025-06-30T21:29:21.304195275Z
01JZ1GNBRHX4DM9VKY40ND6N5H,01JZ1G29Q82GQAKEXSK2E7NK3R,2025-06-30T22:52:26.76990409Z,01JZ1G2A6YM039KVE3FBKDN5TM,2025-06-30T22:52:26.76990409Z,01JZ1G4ZKPR33SMREF8RYR14CE,2025-06-30T22:52:26.76990409Z,01JZ1GDRXST33ZMHTRENHC2BZ7,2025-06-30T22:52:26.76990409Z,01JZ1GDSH2SRHPGXG0EF5RCXKG,2025-06-30T22:52:26.76990409Z
01JZ1GV9J4K7B7XSX1RZQC7DQG,01JZ1G29Q82GQAKEXSK2E7NK3R,2025-06-30T22:55:41.124142848Z,01JZ1G2A9825Q9R0AFVXQNTR63,2025-06-30T22:55:41.124142848Z,01JZ1GA1RX69WV7RYS6J14XWQD,2025-06-30T22:55:41.124142848Z,01JZ1GKM4NJC2AZGFDE1DDC9W3,2025-06-30T22:55:41.124142848Z,01JZ1GKMK024Q3M5W60SP5FP68,2025-06-30T22:55:41.124142848Z
01JZ1AJ88SRMPW8NSKS1FTSP3F,01JZ19VEXCKVX740B60X4W6PQN,2025-06-30T21:05:53.433083466Z,01JZ19VF81DTYMGWYB0TAJKDWY,2025-06-30T21:05:53.433083466Z,01JZ1A11QXMY0GZ8B5FCM3RTBW,2025-06-30T21:05:53.433083466Z,01JZ1AABMTK3KJJZSMA4TN8BF7,2025-06-30T21:05:53.433083466Z,01JZ1AAC9H0HBM9DYM86FB5S6R,2025-06-30T21:05:53.433083466Z
01JZ1BMZNBV0TJYZV7YCWATRT2,01JZ1B1VZ9TM9N3252XVVAH9DZ,2025-06-30T21:24:51.499358334Z,01JZ1B1W2WT8MR9NJ7RDDSFH2M,2025-06-30T21:24:51.499358334Z,01JZ1B64GPABF5830RNTZP1A2Y,2025-06-30T21:24:51.499358334Z,01JZ1BD437FH3N90SJNPN2P8KN,2025-06-30T21:24:51.499358334Z,01JZ1BD4MZ06KW5Q7KF9SR8RYG,2025-06-30T21:24:51.499358334Z
01JZ1C6D6CFQ0YR24EFPRQZA7Y,01JZ1BX7WQMA45G0E33EEHJ3V9,2025-06-30T21:34:22.412868872Z,01JZ1BX80QRTKGB6MH6HMRDXS1,2025-06-30T21:34:22.412868872Z,01JZ1C4CTKJV3QDB4A0BGTS31H,2025-06-30T21:34:22.412868872Z,01JZ1C68YR27G70BWXQYM38NVA,2025-06-30T21:34:22.412868872Z,01JZ1C699JF8PW7BX02P0A2A52,2025-06-30T21:34:22.412868872Z
01JZ1CJSA6RDKBXC8AWHBKBQ5X,01JZ1BX7WQMA45G0E33EEHJ3V9,2025-06-30T21:41:08.038880372Z,01JZ1BX82RNFGPPA94NES9507T,2025-06-30T21:41:08.038880372Z,01JZ1C98HS2FRFHZKQAPAW4FY4,2025-06-30T21:41:08.038880372Z,01JZ1CAKVW35AFX8X2Z7T9CWZB,2025-06-30T21:41:08.038880372Z,01JZ1CAMA1GK5PH1WHFR5HNEHQ,2025-06-30T21:41:08.038880372Z
01JZ1CW7RJMV1971C36A0GRCJ0,01JZ1C4XJFQQ45ZHGATAXVBX0J,2025-06-30T21:46:17.746240683Z,01JZ1C4XNE4VHGMR9JDZS6Y7F9,2025-06-30T21:46:17.746240683Z,01JZ1CH99SCVGB71HN39473CFW,2025-06-30T21:46:17.746240683Z,01JZ1CM9PHKQR6ZRV6WZC89ZRV,2025-06-30T21:46:17.746240683Z,01JZ1CMA6DT0CMH53WQAF96N3Y,2025-06-30T21:46:17.746240683Z
01JZ1F4F2H0QGRAMXB302WSEYM,01JZ1E916HBESJXS5SJ82BFZ21,2025-06-30T22:25:44.529147224Z,01JZ1E91MDHZVF6NVBEDDVGZWT,2025-06-30T22:25:44.529147224Z,01JZ1EDVQZ0X09D6ACA1N9J2V2,2025-06-30T22:25:44.529147224Z,01JZ1EWVHXM95HAKJR9TT7S3AD,2025-06-30T22:25:44.529147224Z,01JZ1EWW16MB2V9TEJT00TP3MP,2025-06-30T22:25:44.529147224Z
01JZ17VNKXC4S6YPKJE7VN2KKR,01JZ170DPRHYGRH6M74WMGZ8J5,2025-06-30T20:18:36.285233919Z,01JZ170DSR5F2SARFX61BD5BFD,2025-06-30T20:18:36.285233919Z,01JZ17BSGD1ZFE3AGW45TSH40F,2025-06-30T20:18:36.285233919Z,01JZ17M8TTAADH96H16B5Q2KVN,2025-06-30T20:18:36.285233919Z,01JZ17M8YBHZ4TN71ES3XSS0QT,2025-06-30T20:18:36.285233919Z
01JZ18WG815DMBPJBHQG9JN82G,01JZ18G4TN4FH7205KTQTFE7PM,2025-06-30T20:36:32.129554575Z,01JZ18G4WPK6V9JKZAVKNYS3NB,2025-06-30T20:36:32.129554575Z,01JZ18JMHXTQBMPEHHS7NP2031,2025-06-30T20:36:32.129554575Z,01JZ18RRB5PTFQB2DKPHTKH4V3,2025-06-30T20:36:32.129554575Z,01JZ18RRF3R9MRCS1M5AG3XEMM,2025-06-30T20:36:32.129554575Z
01JZ1AYVHQ9Z7BYFZBH4STZB1W,01JZ19VEXCKVX740B60X4W6PQN,2025-06-30T21:12:46.391052978Z,01JZ19VF4XXDC5SP97SM18G8VM,2025-06-30T21:12:46.391052978Z,01JZ19Y5W4MYXKSXHHDPCY5M66,2025-06-30T21:12:46.391052978Z,01JZ1AQBHRMVHPE1YZ6WFANPW5,2025-06-30T21:12:46.391052978Z,01JZ1AQBYQ9PP5WV2EE6KXR20F,2025-06-30T21:12:46.391052978Z
01JZ1DQBS8WMY9J5VWNFEHHBX2,01JZ1D0RX94M7HHBAJDNGV8QRS,2025-06-30T22:01:06.601057201Z,01JZ1D0S61XK8FZCNQBM2ZAEE6,2025-06-30T22:01:06.601057201Z,01JZ1D5XZ05FCDAH1D4YG77JR7,2025-06-30T22:01:06.601057201Z,01JZ1DHG42SDRFG0AMYRAAVFFX,2025-06-30T22:01:06.601057201Z,01JZ1DHGVMC63T8RKQQSZ4EMT9,2025-06-30T22:01:06.601057201Z
01JZ1GWAX1JCZAW2A43WV503P8,01JZ1G29Q82GQAKEXSK2E7NK3R,2025-06-30T22:56:15.265156182Z,01JZ1G2A58JMFV91VV93EGJJQY,2025-06-30T22:56:15.265156182Z,01JZ1GV1M5Q32ZNQW2E45R5EH9,2025-06-30T22:56:15.265156182Z,01JZ1GW3ANP10W1MY31QTVWTGJ,2025-06-30T22:56:15.265156182Z,01JZ1GW3VPDH6V3EFA2VR04ANN,2025-06-30T22:56:15.265156182Z
01JZ17SC0FGD8AFZPQFSSYTCHS,01JZ170DPRHYGRH6M74WMGZ8J5,2025-06-30T20:17:20.911821704Z,01JZ170DS8YWG03GZVY59N3JD0,2025-06-30T20:17:20.911821704Z,01JZ17AFTYKZ447G4RP003MK6R,2025-06-30T20:17:20.911821704Z,01JZ17HNMFBJ73AV6PBJ6E0ZQ5,2025-06-30T20:17:20.911821704Z,01JZ17HNQKM5Q6V1MHWC4MZRD2,2025-06-30T20:17:20.911821704Z
01JZ17WVY4PS541YTZVC88WYA7,01JZ170DPRHYGRH6M74WMGZ8J5,2025-06-30T20:19:15.525033781Z,01JZ170DS5DJKXJ3Z7YVJKJJXK,2025-06-30T20:19:15.525033781Z,01JZ17DQRYSG711N7R05SC14HP,2025-06-30T20:19:15.525033781Z,01JZ17QA5NP4NCPJJVMNCZ9F7W,2025-06-30T20:19:15.525033781Z,01JZ17QA88YGJK5Z767Z5YN7Y4,2025-06-30T20:19:15.525033781Z
01JZ18SVFMG57KS3RPF6Z6ESQZ,01JZ18G4TN4FH7205KTQTFE7PM,2025-06-30T20:35:05.332581085Z,01JZ18G4YK3PSP6R2PNWBA4P8S,2025-06-30T20:35:05.332581085Z,01JZ18JABGMJD5Y1TTH0BJFJ2C,2025-06-30T20:35:05.332581085Z,01JZ18QWBAHK4T4H0VEYDTYNA4,2025-06-30T20:35:05.332581085Z,01JZ18QWEKTT51B5RARFJ2E1HQ,2025-06-30T20:35:05.332581085Z
01JZ1919BHS3WJPARNEQ9QK2YH,01JZ18G4TN4FH7205KTQTFE7PM,2025-06-30T20:39:08.91346597Z,01JZ18G4WPK6V9JKZAVKNYS3NB,2025-06-30T20:39:08.91346597Z,01JZ18K1EBQ2BSVM3H7XBRVG61,2025-06-30T20:39:08.91346597Z,01JZ18RR9VM7GJWMP15BXNKK3H,2025-06-30T20:39:08.91346597Z,01JZ18RRKZFVZS57TSPFRFWCEZ,2025-06-30T20:39:08.91346597Z
01JZ1AK3K09G64P0BK82X6PSAZ,01JZ19VEXCKVX740B60X4W6PQN,2025-06-30T21:06:21.408433588Z,01JZ19VF3FCDRKA7RA8CE3SQDH,2025-06-30T21:06:21.408433588Z,01JZ19X25DC6PHAYZ41F2N9R8N,2025-06-30T21:06:21.408433588Z,01JZ1AK0DBQXGCYJCG3YA80XRE,2025-06-30T21:06:21.408433588Z,01JZ1AK0KB9WTWX0NP3E9RWAV3,2025-06-30T21:06:21.408433588Z
01JZ1DJHFPJND9ZEEYARQSSDZP,01JZ1D0RX94M7HHBAJDNGV8QRS,2025-06-30T21:58:28.598639147Z,01JZ1D0S3N2D9DCG3EHS8AP4R1,2025-06-30T21:58:28.598639147Z,01JZ1D49JVTEEYC1V6ZNF5Y9RQ,2025-06-30T21:58:28.598639147Z,01JZ1DJBC9HNDPFTVHPRJH9HNY,2025-06-30T21:58:28.598639147Z,01JZ1DJBMS2VR0TYP78NWK9H4R,2025-06-30T21:58:28.598639147Z
01JZ1GWBE4W247WYPP90270Q3B,01JZ1G29Q82GQAKEXSK2E7NK3R,2025-06-30T22:56:15.812925249Z,01JZ1G2A9825Q9R0AFVXQNTR63,2025-06-30T22:56:15.812925249Z,01JZ1GA1RX69WV7RYS6J14XWQD,2025-06-30T22:56:15.812925249Z,01JZ1GKM5YC66NJV5SWE394KDW,2025-06-30T22:56:15.812925249Z,01JZ1GKMSAADC004ABTMMTZKAN,2025-06-30T22:56:15.812925249Z
01JZ17SF7C9ABHSX2BWD6NPKBZ,01JZ170DPRHYGRH6M74WMGZ8J5,2025-06-30T20:17:24.204593934Z,01JZ170DSXXMDA003X79NFA4N0,2025-06-30T20:17:24.204593934Z,01JZ17C3PTEK9PXA5GJSYCCP5W,2025-06-30T20:17:24.204593934Z,01JZ17NRSETRAHA86XGKD3ZGNV,2025-06-30T20:17:24.204593934Z,01JZ17NRV2ZDNVW5Z7WBNTSDV4,2025-06-30T20:17:24.204593934Z
01JZ18T212STWSMH28FX0FM445,01JZ18G4TN4FH7205KTQTFE7PM,2025-06-30T20:35:12.034590846Z,01JZ18G4X5EPR69QT64DVYQXFJ,2025-06-30T20:35:12.034590846Z,01JZ18M07T82RGAMZEPD0QD6Q9,2025-06-30T20:35:12.034590846Z,01JZ18PAPZYGZBF3DQ7XCBJ9MP,2025-06-30T20:35:12.034590846Z,01JZ18PATR3YHXG6RR97W9RCTF,2025-06-30T20:35:12.034590846Z
01JZ18W0DXE60YC5VDH11V9YVR,01JZ18G4TN4FH7205KTQTFE7PM,2025-06-30T20:36:15.933147412Z,01JZ18G512YK4K14AJW1A4KQT5,2025-06-30T20:36:15.933147412Z,01JZ18JYCDAD1FWP17TG353JM2,2025-06-30T20:36:15.933147412Z,01JZ18R8CZAK9T47Q30YNKNJNG,2025-06-30T20:36:15.933147412Z,01JZ18R8G305WGQZPSGSK2ATV9,2025-06-30T20:36:15.933147412Z
01JZ1AJJXFKJVZZ2R5Q4DRYKP9,01JZ19VEXCKVX740B60X4W6PQN,2025-06-30T21:06:04.335630532Z,01JZ19VF81DTYMGWYB0TAJKDWY,2025-06-30T21:06:04.335630532Z,01JZ1A7CX8Z1SNGPWK47XB0JNS,2025-06-30T21:06:04.335630532Z,01JZ1AABP7JRKCT0WVXFR6GX4V,2025-06-30T21:06:04.335630532Z,01JZ1AACFZW6WKT3QJPWF71GCR,2025-06-30T21:06:04.335630532Z
01JZ1BXHYP780JAJK6YHYYFB7Z,01JZ1B1VZ9TM9N3252XVVAH9DZ,2025-06-30T21:29:32.374937692Z,01JZ1B1W5TAZ0C76DBH0ZAEY5X,2025-06-30T21:29:32.374937692Z,01JZ1B3Y49GJFDA022ZKPSHE7M,2025-06-30T21:29:32.374937692Z,01JZ1BNNPVHRHE8S109SGCSVME,2025-06-30T21:29:32.374937692Z,01JZ1BNPM2SKCJW6H10Q28J9CX,2025-06-30T21:29:32.374937692Z
01JZ1C9X1SG64ZJE44FZSGP1CK,01JZ1BX7WQMA45G0E33EEHJ3V9,2025-06-30T21:36:16.953178123Z,01JZ1BX81RJBYPGNM468STZ9YH,2025-06-30T21:36:16.953178123Z,01JZ1BZM7HWWQQ5DW0EFWDSAQF,2025-06-30T21:36:16.953178123Z,01JZ1C7YHP92FZYZDSW8SB4C2V,2025-06-30T21:36:16.953178123Z,01JZ1C7YT74R6EZQ0ARHYCMRK5,2025-06-30T21:36:16.953178123Z
01JZ17R58Y3C42K8MFTXZQ4V8D,01JZ170DPRHYGRH6M74WMGZ8J5,2025-06-30T20:16:41.246538842Z,01JZ170DS434CCJM920K0JDY80,2025-06-30T20:16:41.246538842Z,01JZ17ED81WEQ81KNKMV8HM1Z1,2025-06-30T20:16:41.246538842Z,01JZ17MESGQH4PGAZ2NQBVJJAG,2025-06-30T20:16:41.246538842Z,01JZ17MEVAAJKTKTYGK396SZTP,2025-06-30T20:16:41.246538842Z
01JZ18SYQQC66ZVXSGQVE8E2ZE,01JZ18G4TN4FH7205KTQTFE7PM,2025-06-30T20:35:08.664048513Z,01JZ18G4XDWA3A08Y0HZ5HSAAF,2025-06-30T20:35:08.664048513Z,01JZ18N4BCMMEGJT5ZAJGY6HHX,2025-06-30T20:35:08.664048513Z,01JZ18R0Z5Z926ZA90YM7MYTK3,2025-06-30T20:35:08.664048513Z,01JZ18R133QMRQ38HG6QRP200S,2025-06-30T20:35:08.664048513Z
01JZ190EETVSBNCZ5E2QY37KH6,01JZ18G4TN4FH7205KTQTFE7PM,2025-06-30T20:38:41.370676233Z,01JZ18G4ZZG5A688HVVJGKBFVW,2025-06-30T20:38:41.370676233Z,01JZ18N0JKWFKXBS82BQZ5RVQD,2025-06-30T20:38:41.370676233Z,01JZ18RFPSBYDPWWM1XEC3ZD1K,2025-06-30T20:38:41.370676233Z,01JZ18RFYZM994ZBBJ03EY6DVF,2025-06-30T20:38:41.370676233Z
01JZ1A8W37XKJ3227HHQS1H7PR,01JZ19VEXCKVX740B60X4W6PQN,2025-06-30T21:00:46.0553419Z,01JZ19VF9WCS5BMDRCPXZK6ZBF,2025-06-30T21:00:46.0553419Z,01JZ1A5BC93T1VSNTPVNANBKKY,2025-06-30T21:00:46.0553419Z,01JZ1A8RR2GDW6GS56QAP6TW67,2025-06-30T21:00:46.0553419Z,01JZ1A8RV787P63EBKYZCXAXA1,2025-06-30T21:00:46.0553419Z
01JZ1AV552QCKDR5DB6WW15TRM,01JZ19VEXCKVX740B60X4W6PQN,2025-06-30T21:10:45.154350887Z,01JZ19VF4XXDC5SP97SM18G8VM,2025-06-30T21:10:45.154350887Z,01JZ1AFP0ZSM5GDN23SMJMVZTW,2025-06-30T21:10:45.154350887Z,01JZ1AQBFWFCVDGCRFV7SS6AMN,2025-06-30T21:10:45.154350887Z,01JZ1AQBPT99514H9J1254W4H1,2025-06-30T21:10:45.154350887Z
01JZ1BP23YY3G6YGDPSCX7FDBP,01JZ1B1VZ9TM9N3252XVVAH9DZ,2025-06-30T21:25:26.782261714Z,01JZ1B1W4RP0VXDDKCJTNKM3AX,2025-06-30T21:25:26.782261714Z,01JZ1BH96VSCAX0MRZ5GVT0SBR,2025-06-30T21:25:26.782261714Z,01JZ1BNY7WEGTS4M119S3G7CHR,2025-06-30T21:25:26.782261714Z,01JZ1BNYCRHZTXEXN79JQJHYW9,2025-06-30T21:25:26.782261714Z
01JZ1EWZMD6GBGAEEMN5CRBQ88,01JZ1E916HBESJXS5SJ82BFZ21,2025-06-30T22:21:39.341145792Z,01JZ1E91MDHZVF6NVBEDDVGZWT,2025-06-30T22:21:39.341145792Z,01JZ1EV2QBA0A51FSNHWZDJC5Q,2025-06-30T22:21:39.341145792Z,01JZ1EWVJYDP3B4WNCZ8BTA5T5,2025-06-30T22:21:39.341145792Z,01JZ1EWVRVW60NY5MJFC1C4S6T,2025-06-30T22:21:39.341145792Z
01JZ17RZ3RDK2Z99K1XH3VDMQF,01JZ170DPRHYGRH6M74WMGZ8J5,2025-06-30T20:17:07.704302841Z,01JZ170DS32PJY8CQRMADJXFRG,2025-06-30T20:17:07.704302841Z,01JZ17E843W70EAJQAQ7A43HFS,2025-06-30T20:17:07.704302841Z,01JZ17HJY1YPM205KVGKCXFQS3,2025-06-30T20:17:07.704302841Z,01JZ17HK1CA56HZ85HYCEFTDYK,2025-06-30T20:17:07.704302841Z
01JZ18XA03HT292QJP949DZ8J1,01JZ18G4TN4FH7205KTQTFE7PM,2025-06-30T20:36:58.500026909Z,01JZ18G4ZDA13FR053ZT1R1FPF,2025-06-30T20:36:58.500026909Z,01JZ18HQSJCYE6M3YFJES1PERS,2025-06-30T20:36:58.500026909Z,01JZ18NR6HCE23W41F3CPVZTY3,2025-06-30T20:36:58.500026909Z,01JZ18NRAYW3T2WM9DR7R5NBNE,2025-06-30T20:36:58.500026909Z
01JZ18Y5Z2CKM8FZ6VPVVB568B,01JZ18G4TN4FH7205KTQTFE7PM,2025-06-30T20:37:27.13852164Z,01JZ18G4Y1ABZPJ815NAWEN19T,2025-06-30T20:37:27.13852164Z,01JZ18JTT4THQJ9FYDDES7JX1C,2025-06-30T20:37:27.13852164Z,01JZ18PMFB1RM4KC0PGZ592WHC,2025-06-30T20:37:27.13852164Z,01JZ18PMMB3RYW5S37W68XT56Q,2025-06-30T20:37:27.13852164Z
01JZ1FCY719Q9EXD1D8W9JPSJA,01JZ1E916HBESJXS5SJ82BFZ21,2025-06-30T22:30:22.177505972Z,01JZ1E91ENR7DC2PFTK7ZY5PTJ,2025-06-30T22:30:22.177505972Z,01JZ1F6AT65D7Q2J3RRFNE8GQF,2025-06-30T22:30:22.177505972Z,01JZ1F70RJ6JX7FR0QPB30BKG3,2025-06-30T22:30:22.177505972Z,01JZ1F7136SFQJADBX8MM8XRW9,2025-06-30T22:30:22.177505972Z
01JZ1GNNS45KXAK2DTKY3TC553,01JZ1G29Q82GQAKEXSK2E7NK3R,2025-06-30T22:52:37.028869918Z,01JZ1G2A3Q53QEYHDQX68WVVKH,2025-06-30T22:52:37.028869918Z,01JZ1G7Q5PBNYB0Y67X5QD4VST,2025-06-30T22:52:37.028869918Z,01JZ1GE1B7S3CJGC5P0WWB4XPP,2025-06-30T22:52:37.028869918Z,01JZ1GE215NBDPNFKAXYEVTZ1V,2025-06-30T22:52:37.028869918Z
01JZ17SJV6PE2V656CCCH5RJ8S,01JZ170DPRHYGRH6M74WMGZ8J5,2025-06-30T20:17:27.910483689Z,01JZ170DS434CCJM920VN081CV,2025-06-30T20:17:27.910483689Z,01JZ17A78DPNXD645MNCYQ5HYS,2025-06-30T20:17:27.910483689Z,01JZ17HX12C9Q5A1V342FH26JF,2025-06-30T20:17:27.910483689Z,01JZ17HX3EQEFGC73HCGEKW352,2025-06-30T20:17:27.910483689Z
01JZ18WEBDPTQ335T7BGVMHE8N,01JZ18G4TN4FH7205KTQTFE7PM,2025-06-30T20:36:30.190025361Z,01JZ18G4XMK5QHE5YNTR43VZ9V,2025-06-30T20:36:30.190025361Z,01JZ18KPPCTRWET1CSH1Z4W2C4,2025-06-30T20:36:30.190025361Z,01JZ18RP89JC5KMWSQF397VP76,2025-06-30T20:36:30.190025361Z,01JZ18RPCTA0P6N5KSHMR7ZB7G,2025-06-30T20:36:30.190025361Z
01JZ1BD8AVC0KP36CZTQ6SFVMJ,01JZ1B1VZ9TM9N3252XVVAH9DZ,2025-06-30T21:20:38.235552769Z,01JZ1B1W5AJ9N87HJBZ99HRQPJ,2025-06-30T21:20:38.235552769Z,01JZ1B7J9GMSKP5R199VT378SX,2025-06-30T21:20:38.235552769Z,01JZ1BB7ETZS9BEX799QEABQ0R,2025-06-30T21:20:38.235552769Z,01JZ1BB7QDF6PAHDHT1Z0ZNWHF,2025-06-30T21:20:38.235552769Z
01JZ1DKK2DTM79PY1DR3W78798,01JZ1D0RX94M7HHBAJDNGV8QRS,2025-06-30T21:59:02.989890842Z,01JZ1D0S61XK8FZCNQBM2ZAEE6,2025-06-30T21:59:02.989890842Z,01JZ1D7ZVRAH2JHDPAGNC0VP2T,2025-06-30T21:59:02.989890842Z,01JZ1DHG42SDRFG0AMYRAAVFFX,2025-06-30T21:59:02.989890842Z,01JZ1DHGRZHS3WZPMZ80SAV6MK,2025-06-30T21:59:02.989890842Z
01JZ1GG8VMDCH39V1516S6YR9W,01JZ1G29Q82GQAKEXSK2E7NK3R,2025-06-30T22:49:39.956909372Z,01JZ1G2A24PAZYJHH2EQFGJG7N,2025-06-30T22:49:39.956909372Z,01JZ1G7JX1NV5X3X0139HRSB32,2025-06-30T22:49:39.956909372Z,01JZ1GG46B57R07ZV286SM8BX0,2025-06-30T22:49:39.956909372Z,01JZ1GG4BHHW923N6103CQ4FCN,2025-06-30T22:49:39.956909372Z
01JZ1GWAY9DQYFC4MR9P56WTQB,01JZ1G29Q82GQAKEXSK2E7NK3R,2025-06-30T22:56:15.305085807Z,01JZ1G2A58JMFV91VV93EGJJQY,2025-06-30T22:56:15.305085807Z,01JZ1GHJS4Z0QHDNAN69NMJ02V,2025-06-30T22:56:15.305085807Z,01JZ1GW3ANP10W1MY31QTVWTGJ,2025-06-30T22:56:15.305085807Z,01JZ1GW3VPDH6V3EFA2VR04ANN,2025-06-30T22:56:15.305085807Z
01JZ17MZWKY37BX5JTE7HTV46V,01JZ170DPRHYGRH6M74WMGZ8J5,2025-06-30T20:14:57.428021439Z,01JZ170DSMJZPS89ZBMFZ7ATK7,2025-06-30T20:14:57.428021439Z,01JZ17411GFTP23ZXM1AB7D9NA,2025-06-30T20:14:57.428021439Z,01JZ17MYD7WSKX1DNA84EQZJF1,2025-06-30T20:14:57.428021439Z,01JZ17MYG71B1G9W3KM8HG4WKZ,2025-06-30T20:14:57.428021439Z
01JZ17NSND4BPD6KDVTYVWW7TB,01JZ170DPRHYGRH6M74WMGZ8J5,2025-06-30T20:15:23.821703265Z,01JZ170DSXXMDA003X79NFA4N0,2025-06-30T20:15:23.821703265Z,01JZ17G2CQ2WMWNSJEQJ6XDN5X,2025-06-30T20:15:23.821703265Z,01JZ17NRRNJAESN764PNSNC899,2025-06-30T20:15:23.821703265Z,01JZ17NRSX9Y03TPQ0Y539E3J5,2025-06-30T20:15:23.821703265Z
01JZ1ARNKWCM7MFXF4F17JV32M,01JZ19VEXCKVX740B60X4W6PQN,2025-06-30T21:09:23.708663664Z,01JZ19VF3FCDRKA7RA8CE3SQDH,2025-06-30T21:09:23.708663664Z,01JZ19ZZZP5WTAHKTYB8XNJEC6,2025-06-30T21:09:23.708663664Z,01JZ1AK0GTG09NRGMQGAZDENCH,2025-06-30T21:09:23.708663664Z,01JZ1AK0R183QNPQ4JFBMA6XJA,2025-06-30T21:09:23.708663664Z
01JZ1AS9Z8TFP2XVW49G80QC1V,01JZ19VEXCKVX740B60X4W6PQN,2025-06-30T21:09:44.552203383Z,01JZ19VF4XXDC5SP97SM18G8VM,2025-06-30T21:09:44.552203383Z,01JZ1ANH2BAB5BYK2XY4CKB2EM,2025-06-30T21:09:44.552203383Z,01JZ1AQBFWFCVDGCRFV7SS6AMN,2025-06-30T21:09:44.552203383Z,01JZ1AQBNXFVRB6ZGTD0QPGTR6,2025-06-30T21:09:44.552203383Z
01JZ1ASA3PWKE4CC42DR9F46NR,01JZ19VEXCKVX740B60X4W6PQN,2025-06-30T21:09:44.694607604Z,01JZ19VF4XXDC5SP97SM18G8VM,2025-06-30T21:09:44.694607604Z,01JZ1AFP0ZSM5GDN23SMJMVZTW,2025-06-30T21:09:44.694607604Z,01JZ1AQBFWFCVDGCRFV7SS6AMN,2025-06-30T21:09:44.694607604Z,01JZ1AQBNXFVRB6ZGTD0QPGTR6,2025-06-30T21:09:44.694607604Z
01JZ1AX06GF4SN38VQAWFWRGTF,01JZ19VEXCKVX740B60X4W6PQN,2025-06-30T21:11:45.616631048Z,01JZ19VF4XXDC5SP97SM18G8VM,2025-06-30T21:11:45.616631048Z,01JZ1ANH2BAB5BYK2XY4CKB2EM,2025-06-30T21:11:45.616631048Z,01JZ1AQBFWFCVDGCRFV7SS6AMN,2025-06-30T21:11:45.616631048Z,01JZ1AQBWRPQQ4C6QQT1SNQMEJ,2025-06-30T21:11:45.616631048Z
01JZ180BPABQRW5SEXG7ATNNAV,01JZ170DPRHYGRH6M74WMGZ8J5,2025-06-30T20:21:09.962829714Z,01JZ170DS9MMA8EZAVKYS5SMHX,2025-06-30T20:21:09.962829714Z,01JZ17S6ZC1ZB5QAG0E0350NSD,2025-06-30T20:21:09.962829714Z,01JZ17TR7E1D7CES1YNCABFX51,2025-06-30T20:21:09.962829714Z,01JZ17TRBYV81QV8YKGPDWM9RY,2025-06-30T20:21:09.962829714Z
01JZ18Y9ARQT6SPY9V1X58MSEV,01JZ18G4TN4FH7205KTQTFE7PM,2025-06-30T20:37:30.58426818Z,01JZ18G4XMK5QHE5YNTR43VZ9V,2025-06-30T20:37:30.58426818Z,01JZ18JG8638DXN8F3WDEPTJAB,2025-06-30T20:37:30.58426818Z,01JZ18RP89JC5KMWSQF397VP76,2025-06-30T20:37:30.58426818Z,01JZ18RPD577QZPR0KNDE9TH8W,2025-06-30T20:37:30.58426818Z
01JZ17HKJNP76AJ0M2FRKMY2EF,01JZ170DPRHYGRH6M74WMGZ8J5,2025-06-30T20:13:06.517813942Z,01JZ170DS32PJY8CQRMADJXFRG,2025-06-30T20:13:06.517813942Z,01JZ175Y8VG4DR6PWWKYJ4RHG5,2025-06-30T20:13:06.517813942Z,01JZ17HJYFQV3K1KSV87NRHNJ3,2025-06-30T20:13:06.517813942Z,01JZ17HJZ8K670XSZXPTHJKV59,2025-06-30T20:13:06.517813942Z
01JZ17MFJA19GAXGW85NDBYM0J,01JZ170DPRHYGRH6M74WMGZ8J5,2025-06-30T20:14:40.71469649Z,01JZ170DS434CCJM920K0JDY80,2025-06-30T20:14:40.71469649Z,01JZ17B8EAMA6MXWF42Y5PVE7P,2025-06-30T20:14:40.71469649Z,01JZ17MES4H49TCFWXHCBDV2WP,2025-06-30T20:14:40.71469649Z,01JZ17METDGG1ZR4G6185F0Q15,2025-06-30T20:14:40.71469649Z
01JZ1909H5P75VEK872P13SM1Y,01JZ18G4TN4FH7205KTQTFE7PM,2025-06-30T20:38:36.325851354Z,01JZ18G4YK3PSP6R2PNWBA4P8S,2025-06-30T20:38:36.325851354Z,01JZ18HYEVQSC277Q1HCSHCSWE,2025-06-30T20:38:36.325851354Z,01JZ18QW9EXF247TKVE8F2HXX6,2025-06-30T20:38:36.325851354Z,01JZ18QWK926FXC7VZEQSYH8G3,2025-06-30T20:38:36.325851354Z
01JZ1980SVDYZARRYZJP0V4Z8A,01JZ18R9CHSHJ2BAJZ4M4PAW2X,2025-06-30T20:42:49.531720085Z,01JZ18RA48YSHMY5EWBJ9E61V2,2025-06-30T20:42:49.531720085Z,01JZ18ZEQE5SB9NASAZX93YXN4,2025-06-30T20:42:49.531720085Z,01JZ192CMQ10Q5BYZGXB0BD1QB,2025-06-30T20:42:49.531720085Z,01JZ192D5142G1TJ21NW33DQND,2025-06-30T20:42:49.531720085Z
01JZ19A6C4SSCWGEG1PZRZVRZ4,01JZ18R9CHSHJ2BAJZ4M4PAW2X,2025-06-30T20:44:00.772446214Z,01JZ18RA48YSHMY5EWBJ9E61V2,2025-06-30T20:44:00.772446214Z,01JZ18XW8Z67J1KER526XJJSXY,2025-06-30T20:44:00.772446214Z,01JZ192CP8ATXS4WPZV83STEM3,2025-06-30T20:44:00.772446214Z,01JZ192D9MC3GFNF899ECNXGM8,2025-06-30T20:44:00.772446214Z
01JZ1DSTY92W98TB3W5ZCKJGW4,01JZ1D0RX94M7HHBAJDNGV8QRS,2025-06-30T22:02:27.657438414Z,01JZ1D0S4EMT97ECKQ06X1ZWAX,2025-06-30T22:02:27.657438414Z,01JZ1DCFS2MSEF81EKXGM05M99,2025-06-30T22:02:27.657438414Z,01JZ1DHWJYP9QBXPBB3XWNBRC8,2025-06-30T22:02:27.657438414Z,01JZ1DHX3R2XZ4VW9FSB4VTGZA,2025-06-30T22:02:27.657438414Z
01JZ1H4DR2DTPK1H4THJNTBAQX,01JZ1G29Q82GQAKEXSK2E7NK3R,2025-06-30T23:00:40.322474112Z,01JZ1G2AATTMJJ07WA2JZ9MF1K,2025-06-30T23:00:40.322474112Z,01JZ1G6XMV3T4ACX6H99BN9F1E,2025-06-30T23:00:40.322474112Z,01JZ1GWNHK6SQXS7ZHPFFWHGZD,2025-06-30T23:00:40.322474112Z,01JZ1GWPER868XYRC29QEG2HQ8,2025-06-30T23:00:40.322474112Z
01JZ199T21ZRF6QN62VSMCSWM1,01JZ18R9CHSHJ2BAJZ4M4PAW2X,2025-06-30T20:43:48.161721094Z,01JZ18RA3DBE17YR6D8FEXRWFY,2025-06-30T20:43:48.161721094Z,01JZ18V7AEVH5VMDMYVZ6HXGK5,2025-06-30T20:43:48.161721094Z,01JZ197VZQZ3W28DZHMN5K9CXH,2025-06-30T20:43:48.161721094Z,01JZ197W62RB76WMZVC1RSER6R,2025-06-30T20:43:48.161721094Z
01JZ17JCRQVYG8VS41KFGE9F8G,01JZ170DPRHYGRH6M74WMGZ8J5,2025-06-30T20:13:32.311308953Z,01JZ170DSBT7R80F1BC6BFNZAP,2025-06-30T20:13:32.311308953Z,01JZ17BXN8A0CN51A90XTP0KJK,2025-06-30T20:13:32.311308953Z,01JZ17JC2RA6WXF9ZF2QJYR7ZN,2025-06-30T20:13:32.311308953Z,01JZ17JC3JVXWHSPJFMB90X3QA,2025-06-30T20:13:32.311308953Z
01JZ17V9Z2VP02YNT12C5MR1SD,01JZ170DPRHYGRH6M74WMGZ8J5,2025-06-30T20:18:24.354575751Z,01JZ170DSXXMDA003X79NFA4N0,2025-06-30T20:18:24.354575751Z,01JZ17CZMJ8ZJDC1BKFXHNXYR1,2025-06-30T20:18:24.354575751Z,01JZ17NRSETRAHA86XGKD3ZGNV,2025-06-30T20:18:24.354575751Z,01JZ17NRVFFVYGG6VDAXW2Q3R4,2025-06-30T20:18:24.354575751Z
01JZ17WNZYX5QT4YD3G0EWAV2P,01JZ170DPRHYGRH6M74WMGZ8J5,2025-06-30T20:19:09.438697856Z,01JZ170DS9MMA8EZAVKYS5SMHX,2025-06-30T20:19:09.438697856Z,01JZ17QM16148RHAHCPPZX620J,2025-06-30T20:19:09.438697856Z,01JZ17TR7E1D7CES1YNCABFX51,2025-06-30T20:19:09.438697856Z,01JZ17TRAY71HH1H14VHS8Q3RK,2025-06-30T20:19:09.438697856Z
01JZ18SJWNY7483AMQMB3TP4DC,01JZ18G4TN4FH7205KTQTFE7PM,2025-06-30T20:34:56.533743551Z,01JZ18G4ZPD0G0WRB3ZSNJ4KSW,2025-06-30T20:34:56.533743551Z,01JZ18JPR0CJ8HT66ZQ08VW9PH,2025-06-30T20:34:56.533743551Z,01JZ18QMDSQREXVSZ9J332HVG7,2025-06-30T20:34:56.533743551Z,01JZ18QMMADJ900T0SE738Z66N,2025-06-30T20:34:56.533743551Z
01JZ18VT5V1K1TX2SCM10M99V8,01JZ18G4TN4FH7205KTQTFE7PM,2025-06-30T20:36:09.532017581Z,01JZ18G50PJASP911XB82AW46K,2025-06-30T20:36:09.532017581Z,01JZ18M00QARBD4YKJZDM6JQBC,2025-06-30T20:36:09.532017581Z,01JZ18P6M9PWBBNS9EFA2527RR,2025-06-30T20:36:09.532017581Z,01JZ18P6XGG6KPRDW6BTZFNS2T,2025-06-30T20:36:09.532017581Z
01JZ18X8PY3F0A8N0QS45G62QN,01JZ18G4TN4FH7205KTQTFE7PM,2025-06-30T20:36:57.182123547Z,01JZ18G4ZPD0G0WRB3ZSNJ4KSW,2025-06-30T20:36:57.182123547Z,01JZ18HV1R8B29VBXTS00FPVXC,2025-06-30T20:36:57.182123547Z,01JZ18QMDSQREXVSZ9J332HVG7,2025-06-30T20:36:57.182123547Z,01JZ18QMP1NGMSRYBNGZBSJCK9,2025-06-30T20:36:57.182123547Z
01JZ18XVDZX5PE5KAF87T2A2A2,01JZ18G4TN4FH7205KTQTFE7PM,2025-06-30T20:37:16.351412003Z,01JZ18G512YK4K14AJW1A4KQT5,2025-06-30T20:37:16.351412003Z,01JZ18JCRWSH5Z1V97KVRN4VV2,2025-06-30T20:37:16.351412003Z,01JZ18R8CZAK9T47Q30YNKNJNG,2025-06-30T20:37:16.351412003Z,01JZ18R8GF1T8D6AA38W7NRDYD,2025-06-30T20:37:16.351412003Z
01JZ199T3G6RA99CEPZ9DT688M,01JZ18R9CHSHJ2BAJZ4M4PAW2X,2025-06-30T20:43:48.208896854Z,01JZ18RA3DBE17YR6D8FEXRWFY,2025-06-30T20:43:48.208896854Z,01JZ1945JH72C4XK34ZFBSF6HS,2025-06-30T20:43:48.208896854Z,01JZ197VZQZ3W28DZHMN5K9CXH,2025-06-30T20:43:48.208896854Z,01JZ197W62RB76WMZVC1RSER6R,2025-06-30T20:43:48.208896854Z
01JZ1DHPHQDTSDJMCE9746CMF9,01JZ1D0RX94M7HHBAJDNGV8QRS,2025-06-30T21:58:01.015892553Z,01JZ1D0S61XK8FZCNQBM2ZAEE6,2025-06-30T21:58:01.015892553Z,01JZ1D5XZ05FCDAH1D4YG77JR7,2025-06-30T21:58:01.015892553Z,01JZ1DHFZ809B1825QNPR8SJSM,2025-06-30T21:58:01.015892553Z,01JZ1DHGK64NYJJZ4Q7MBQQ1MX,2025-06-30T21:58:01.015892553Z
01JZ1DMEAQQRPW55Q4G2SR6SY2,01JZ1D0RX94M7HHBAJDNGV8QRS,2025-06-30T21:59:30.903556653Z,01JZ1D0S3N2D9DCG3EHS8AP4R1,2025-06-30T21:59:30.903556653Z,01JZ1DB76758JPZGHYCN646V7S,2025-06-30T21:59:30.903556653Z,01JZ1DJBF7R7NJ28KS5SRS1EHV,2025-06-30T21:59:30.903556653Z,01JZ1DJBSFF6V6A6GD53WXGXCR,2025-06-30T21:59:30.903556653Z
01JZ1H1XCHCTTDFHAZ485DJX4H,01JZ1G29Q82GQAKEXSK2E7NK3R,2025-06-30T22:59:18.033334776Z,01JZ1G2A58JMFV91VV93EGJJQY,2025-06-30T22:59:18.033334776Z,01JZ1G5G1FFKZK7WVQ264NYRHA,2025-06-30T22:59:18.033334776Z,01JZ1GW3DRA0H5QCSGM2BKZ7GX,2025-06-30T22:59:18.033334776Z,01JZ1GW44CYZRAXF14GM81B764,2025-06-30T22:59:18.033334776Z
01JZ17MZX7ERFAZ9FD5D4VVBA1,01JZ170DPRHYGRH6M74WMGZ8J5,2025-06-30T20:14:57.448019832Z,01JZ170DSMJZPS89ZBMFZ7ATK7,2025-06-30T20:14:57.448019832Z,01JZ17DZ6QV2B73JE2W9M5K3SC,2025-06-30T20:14:57.448019832Z,01JZ17MYD7WSKX1DNA84EQZJF1,2025-06-30T20:14:57.448019832Z,01JZ17MYG71B1G9W3KM8HG4WKZ,2025-06-30T20:14:57.448019832Z
01JZ180VCKSKEZK6YQKZ8BRF0A,01JZ170DPRHYGRH6M74WMGZ8J5,2025-06-30T20:21:26.035626639Z,01JZ170DSP5HFMBRZWFQV8RFVC,2025-06-30T20:21:26.035626639Z,01JZ17P1EBWH8TSGC8FNQFNMW7,2025-06-30T20:21:26.035626639Z,01JZ17RSJJTRQ3PSBCBXKXE637,2025-06-30T20:21:26.035626639Z,01JZ17RSSN6G8Y8TD3Z81DX4KH,2025-06-30T20:21:26.035626639Z
01JZ18WECSDF9T3B1HYQS7GKZN,01JZ18G4TN4FH7205KTQTFE7PM,2025-06-30T20:36:30.233888284Z,01JZ18G4XMK5QHE5YNTR43VZ9V,2025-06-30T20:36:30.233888284Z,01JZ18JG8638DXN8F3WDEPTJAB,2025-06-30T20:36:30.233888284Z,01JZ18RP89JC5KMWSQF397VP76,2025-06-30T20:36:30.233888284Z,01JZ18RPCTA0P6N5KSHMR7ZB7G,2025-06-30T20:36:30.233888284Z
01JZ1BK4HGDKH1HKY4NPTHZSTJ,01JZ1B1VZ9TM9N3252XVVAH9DZ,2025-06-30T21:23:50.960527418Z,01JZ1B1W68Y1JCNSRHTZJR0WTB,2025-06-30T21:23:50.960527418Z,01JZ1B84EMA8EXMS4XB5YP9VDA,2025-06-30T21:23:50.960527418Z,01JZ1BH44X88X65JM8T5DXFWMN,2025-06-30T21:23:50.960527418Z,01JZ1BH4HA8J7SBAZ6TKP726YJ,2025-06-30T21:23:50.960527418Z
01JZ1CJSBQTZZRG5JC6N55NS05,01JZ1BX7WQMA45G0E33EEHJ3V9,2025-06-30T21:41:08.087260354Z,01JZ1BX82RNFGPPA94NES9507T,2025-06-30T21:41:08.087260354Z,01JZ1BZDJ93GPNRBSERWMWMMB5,2025-06-30T21:41:08.087260354Z,01JZ1CAKVW35AFX8X2Z7T9CWZB,2025-06-30T21:41:08.087260354Z,01JZ1CAMA1GK5PH1WHFR5HNEHQ,2025-06-30T21:41:08.087260354Z
01JZ1DHPJSVM5QSZ3KHZ6VCR96,01JZ1D0RX94M7HHBAJDNGV8QRS,2025-06-30T21:58:01.049571467Z,01JZ1D0S61XK8FZCNQBM2ZAEE6,2025-06-30T21:58:01.049571467Z,01JZ1D4E6V1F7QYCN1KQC77HPV,2025-06-30T21:58:01.049571467Z,01JZ1DHFZ809B1825QNPR8SJSM,2025-06-30T21:58:01.049571467Z,01JZ1DHGK64NYJJZ4Q7MBQQ1MX,2025-06-30T21:58:01.049571467Z
01JZ1FBVRRHXGECYVCM8KH5HW6,01JZ1E916HBESJXS5SJ82BFZ21,2025-06-30T22:29:46.904037466Z,01JZ1E91SWVSXS6FK33QCMH9SP,2025-06-30T22:29:46.904037466Z,01JZ1F2TBXEZEKPK7X854K54D8,2025-06-30T22:29:46.904037466Z,01JZ1F45JS6TFXTD2Q00PGG1NH,2025-06-30T22:29:46.904037466Z,01JZ1F462CE92VRPSW2G14335N,2025-06-30T22:29:46.904037466Z
01JZ17HKK1FHGN84WV7746JTKR,01JZ170DPRHYGRH6M74WMGZ8J5,2025-06-30T20:13:06.52939858Z,01JZ170DS32PJY8CQRMADJXFRG,2025-06-30T20:13:06.52939858Z,01JZ1788J67VDXAH0W6F8T66AB,2025-06-30T20:13:06.52939858Z,01JZ17HJYFQV3K1KSV87NRHNJ3,2025-06-30T20:13:06.52939858Z,01JZ17HJZ8K670XSZXPTHJKV59,2025-06-30T20:13:06.52939858Z
01JZ17Q45XPFQ0M42E1QRBPG3Z,01JZ170DPRHYGRH6M74WMGZ8J5,2025-06-30T20:16:07.357930189Z,01JZ170DS32PJY8CQRMADJXFRG,2025-06-30T20:16:07.357930189Z,01JZ175Y8VG4DR6PWWKYJ4RHG5,2025-06-30T20:16:07.357930189Z,01JZ17HJXZJXBNGG98GAB8QMCF,2025-06-30T20:16:07.357930189Z,01JZ17HK0T4WZFVQ11NJTWM6R9,2025-06-30T20:16:07.357930189Z
01JZ17QV2TNQ859WETJWDKTYYH,01JZ170DPRHYGRH6M74WMGZ8J5,2025-06-30T20:16:30.810295345Z,01JZ170DRRRWN613C5WJQ8B5Q6,2025-06-30T20:16:30.810295345Z,01JZ179PSK7PR9GXW3K753Z7EA,2025-06-30T20:16:30.810295345Z,01JZ17G52FMVNG3XMRM1S9BWKE,2025-06-30T20:16:30.810295345Z,01JZ17G552VBGTK7H80K0T26PQ,2025-06-30T20:16:30.810295345Z
01JZ1C88JMQMQZWEEXYW4R29E4,01JZ1BX7WQMA45G0E33EEHJ3V9,2025-06-30T21:35:23.220382639Z,01JZ1BX80QRTKGB6MH6HMRDXS1,2025-06-30T21:35:23.220382639Z,01JZ1C4CTKJV3QDB4A0BGTS31H,2025-06-30T21:35:23.220382639Z,01JZ1C68WHJ3JXAR0SNG92WD7N,2025-06-30T21:35:23.220382639Z,01JZ1C69FM0P2VNZABYXY43TTX,2025-06-30T21:35:23.220382639Z
01JZ1F0F3794KBDBG6CRR8J8JW,01JZ1E916HBESJXS5SJ82BFZ21,2025-06-30T22:23:33.479711156Z,01JZ1E91HHYKGR583PHV4V6JXR,2025-06-30T22:23:33.479711156Z,01JZ1EFK9EEAEM2ASPQWEXC3TB,2025-06-30T22:23:33.479711156Z,01JZ1ERV9TFSNXH7AMBAPNGSYN,2025-06-30T22:23:33.479711156Z,01JZ1ERVRBV4K0N4SM177J3NR5,2025-06-30T22:23:33.479711156Z
01JZ1FCY4DDM3EBX5RFE2W4JSJ,01JZ1E916HBESJXS5SJ82BFZ21,2025-06-30T22:30:22.093672853Z,01JZ1E91ENR7DC2PFTK7ZY5PTJ,2025-06-30T22:30:22.093672853Z,01JZ1EESNEX1G6N7P06E41EYRK,2025-06-30T22:30:22.093672853Z,01JZ1F70RJ6JX7FR0QPB30BKG3,2025-06-30T22:30:22.093672853Z,01JZ1F7136SFQJADBX8MM8XRW9,2025-06-30T22:30:22.093672853Z
01JZ17SRCYH1QZTFR55388D5AJ,01JZ170DPRHYGRH6M74WMGZ8J5,2025-06-30T20:17:33.598693075Z,01JZ170DSBT7R80F1BC6BFNZAP,2025-06-30T20:17:33.598693075Z,01JZ177S5KY8F9N4218V4EVNPY,2025-06-30T20:17:33.598693075Z,01JZ17JC34NY9C5XTJE3ETGWA3,2025-06-30T20:17:33.598693075Z,01JZ17JC505AWX6P95A9R01TAZ,2025-06-30T20:17:33.598693075Z
01JZ17WBD9VVA0Q31QH8SEHV9C,01JZ170DPRHYGRH6M74WMGZ8J5,2025-06-30T20:18:58.601360152Z,01JZ170DSMJZPS89ZBMFZ7ATK7,2025-06-30T20:18:58.601360152Z,01JZ17DZ6QV2B73JE2W9M5K3SC,2025-06-30T20:18:58.601360152Z,01JZ17MYEAFDF08CXGPM4NR36C,2025-06-30T20:18:58.601360152Z,01JZ17MYNNVK575B13ZB16FHVE,2025-06-30T20:18:58.601360152Z
01JZ17WZXFADADH34S1H093488,01JZ170DPRHYGRH6M74WMGZ8J5,2025-06-30T20:19:19.599921376Z,01JZ170DSMJZPS89ZBMFZ7ATK7,2025-06-30T20:19:19.599921376Z,01JZ17DZ6QV2B73JE2W9M5K3SC,2025-06-30T20:19:19.599921376Z,01JZ17MYEHBQM2VDSAQZ2CF179,2025-06-30T20:19:19.599921376Z,01JZ17MYQN5DT1W4HRCCEDGPR1,2025-06-30T20:19:19.599921376Z
01JZ18NSQE8KYTK76S9XYGZGYY,01JZ18G4TN4FH7205KTQTFE7PM,2025-06-30T20:32:52.463035438Z,01JZ18G4ZDA13FR053ZT1R1FPF,2025-06-30T20:32:52.463035438Z,01JZ18JGS17Q4PV0ZHE2RS3V2D,2025-06-30T20:32:52.463035438Z,01JZ18NR5AG219ZPCM6XMBS475,2025-06-30T20:32:52.463035438Z,01JZ18NR807382NWM43SC3W0P4,2025-06-30T20:32:52.463035438Z
01JZ18Y52J2T71EEKHQ2TN3WFR,01JZ18G4TN4FH7205KTQTFE7PM,2025-06-30T20:37:26.226426049Z,01JZ18G50G0GKPPCFSW2N0ZNW1,2025-06-30T20:37:26.226426049Z,01JZ18KW5P5RE2HRX78XRVTPME,2025-06-30T20:37:26.226426049Z,01JZ18RHFZ729S1GE13DM98H8Z,2025-06-30T20:37:26.226426049Z,01JZ18RHME99WN31PV5VCD73RS,2025-06-30T20:37:26.226426049Z
01JZ190F8QE88QDPTSYJY570K1,01JZ18G4TN4FH7205KTQTFE7PM,2025-06-30T20:38:42.199481073Z,01JZ18G50G0GKPPCFSW2N0ZNW1,2025-06-30T20:38:42.199481073Z,01JZ18HKRFWCKWBRRSM9AC3SW4,2025-06-30T20:38:42.199481073Z,01JZ18RHGF07MFHCBEKPMJBAPY,2025-06-30T20:38:42.199481073Z,01JZ18RHQ5VDF7GRDXBJX4HH13,2025-06-30T20:38:42.199481073Z
01JZ1F22XSRJ1D7V1HQCT24N4A,01JZ1E916HBESJXS5SJ82BFZ21,2025-06-30T22:24:26.553736583Z,01JZ1E926BWK6TV1HDSC3ZQW4Y,2025-06-30T22:24:26.553736583Z,01JZ1EARCRST2HDXDY98Q0AYJ8,2025-06-30T22:24:26.553736583Z,01JZ1ESTC5N6XHQX0KKB726B2X,2025-06-30T22:24:26.553736583Z,01JZ1ESTY7DSEK1JVFNABDBWY9,2025-06-30T22:24:26.553736583Z
01JZ1GE5SPMVCF2SKXCQ6F81Y7,01JZ1G29Q82GQAKEXSK2E7NK3R,2025-06-30T22:48:31.286302699Z,01JZ1G2A3Q53QEYHDQX68WVVKH,2025-06-30T22:48:31.286302699Z,01JZ1G3T5HF7S211AZP2YJBSVP,2025-06-30T22:48:31.286302699Z,01JZ1GE1DYQ4EFPNC3YG4MVVET,2025-06-30T22:48:31.286302699Z,01JZ1GE1NJ67APV5WX5MY10P1N,2025-06-30T22:48:31.286302699Z
01JZ17G7J5V4EPWDZ49GFSEHB9,01JZ170DPRHYGRH6M74WMGZ8J5,2025-06-30T20:12:21.445323048Z,01JZ170DRSFZ9Y16965WN1Z2F9,2025-06-30T20:12:21.445323048Z,01JZ17C681KCXJ6DBBJAQ640Z7,2025-06-30T20:12:21.445323048Z,01JZ17G70CK9Q7FFZCZJ2KGMZQ,2025-06-30T20:12:21.445323048Z,01JZ17G717SS73NQTZKCSMHBWK,2025-06-30T20:12:21.445323048Z
01JZ17KV89TJX00FSETWZTB6JR,01JZ170DPRHYGRH6M74WMGZ8J5,2025-06-30T20:14:19.91359988Z,01JZ170DRRRWN613C5WJQ8B5Q6,2025-06-30T20:14:19.91359988Z,01JZ17D5ERR5YZYXD6Y3AFJ1M0,2025-06-30T20:14:19.91359988Z,01JZ17G525MGXJWBMSF6HV25RV,2025-06-30T20:14:19.91359988Z,01JZ17G53YJG35VR54J3X52CY9,2025-06-30T20:14:19.91359988Z
01JZ180CGB3JMRBHE3G6QKRGJT,01JZ170DPRHYGRH6M74WMGZ8J5,2025-06-30T20:21:10.795862241Z,01JZ170DRQN15452AYS561M232,2025-06-30T20:21:10.795862241Z,01JZ17M9BWTED841AF4MEHDDNW,2025-06-30T20:21:10.795862241Z,01JZ17RBE0ZT7HTBY1K3ZRR1VV,2025-06-30T20:21:10.795862241Z,01JZ17RBK2QCDH41N068EAYRRZ,2025-06-30T20:21:10.795862241Z
01JZ18YGDYAVBFX650MNWN0K7Q,01JZ18G4TN4FH7205KTQTFE7PM,2025-06-30T20:37:37.854596881Z,01JZ18G4Y1ABZPJ815NAWEN19T,2025-06-30T20:37:37.854596881Z,01JZ18HGDSE2JWMVWW1YEZN8Q5,2025-06-30T20:37:37.854596881Z,01JZ18PMFKK6H14YD886P3HZXA,2025-06-30T20:37:37.854596881Z,01JZ18PMNQY5EAFHJW7H6NAG3X,2025-06-30T20:37:37.854596881Z
01JZ192600H72EKBX8WXW42SMX,01JZ18QHX9XGN83K6T42FK97D5,2025-06-30T20:39:38.240411263Z,01JZ18QHYY9H3H8G0D5BR000CA,2025-06-30T20:39:38.240411263Z,01JZ18XHK71TAH4K8NFWQ8XDAZ,2025-06-30T20:39:38.240411263Z,01JZ1903BN7V6B2N7AMWNTAWGG,2025-06-30T20:39:38.240411263Z,01JZ19050VEGYP9AFZRJEAQ862,2025-06-30T20:39:38.240411263Z
01JZ1AAGWRJSRG1GWH4Y9JRDPC,01JZ19VEXCKVX740B60X4W6PQN,2025-06-30T21:01:40.12010589Z,01JZ19VF1X4TGM9HTAVFF08YB3,2025-06-30T21:01:40.12010589Z,01JZ19YP19TRXJV609GHDS9029,2025-06-30T21:01:40.12010589Z,01JZ1A31TDZKWTX3G3H9PC4RBE,2025-06-30T21:01:40.12010589Z,01JZ1A326WS216DQ7AQ8R85P2Z,2025-06-30T21:01:40.12010589Z
01JZ1AEG1VH7V7F5P0CY646W6B,01JZ19VEXCKVX740B60X4W6PQN,2025-06-30T21:03:50.331328851Z,01JZ19VF9WCS5BMDRCPXZK6ZBF,2025-06-30T21:03:50.331328851Z,01JZ19Y3KYVSPMBWF3EF2S04D7,2025-06-30T21:03:50.331328851Z,01JZ1A8RTBQBGQ6B3M8DMQ82K3,2025-06-30T21:03:50.331328851Z,01JZ1A8RYVY57RPWHFYD5PSDYS,2025-06-30T21:03:50.331328851Z
01JZ1GPC14CW2HEA5K74BK6SJE,01JZ1G29Q82GQAKEXSK2E7NK3R,2025-06-30T22:52:59.812999103Z,01JZ1G2ACHC2PPHGNQVYG69GCY,2025-06-30T22:52:59.812999103Z,01JZ1ESY682HMD53AEGK9VD2YT,2025-06-30T22:52:59.812999103Z,01JZ1GJG6VNG9PMWWVXAT59KAK,2025-06-30T22:52:59.812999103Z,01JZ1GJGPE87X0W07V3JKCP0H4,2025-06-30T22:52:59.812999103Z
01JZ17NBWJM62HS6HAMG4DNRQX,01JZ170DPRHYGRH6M74WMGZ8J5,2025-06-30T20:15:09.714476401Z,01JZ170DSWJ6311N72HPSQWG9K,2025-06-30T20:15:09.714476401Z,01JZ17AF66R5T85771E9QQ650E,2025-06-30T20:15:09.714476401Z,01JZ17KG534VMGAN6DZ77QN8H5,2025-06-30T20:15:09.714476401Z,01JZ17KG7HDSSYDXJ52NAG0WHG,2025-06-30T20:15:09.714476401Z
01JZ17X4Y7HQ7F3G66P63YAFGR,01JZ170DPRHYGRH6M74WMGZ8J5,2025-06-30T20:19:24.743489742Z,01JZ170DSXXMDA003X79NFA4N0,2025-06-30T20:19:24.743489742Z,01JZ17DZPC160FQJMAZ5KCFYDP,2025-06-30T20:19:24.743489742Z,01JZ17NRRR088W52FGBGCTETBE,2025-06-30T20:19:24.743489742Z,01JZ17NRWDQHY67B4DFPVPMKXW,2025-06-30T20:19:24.743489742Z
01JZ17YBGY339E7JE69R56FTNN,01JZ170DPRHYGRH6M74WMGZ8J5,2025-06-30T20:20:04.254431342Z,01JZ170DSP5HFMBRZWFQV8RFVC,2025-06-30T20:20:04.254431342Z,01JZ17D1Z4NJ06X2DRQ0XR8Y1G,2025-06-30T20:20:04.254431342Z,01JZ17RSKP4T7TM013SKSDCBN6,2025-06-30T20:20:04.254431342Z,01JZ17RSPGTG8C99KA4YPDYFVC,2025-06-30T20:20:04.254431342Z
01JZ18RA852GF3X3VN85WPH2QA,01JZ18G4TN4FH7205KTQTFE7PM,2025-06-30T20:34:14.917485393Z,01JZ18G512YK4K14AJW1A4KQT5,2025-06-30T20:34:14.917485393Z,01JZ18JYCDAD1FWP17TG353JM2,2025-06-30T20:34:14.917485393Z,01JZ18R8B98P4BYKECZBPDN4K7,2025-06-30T20:34:14.917485393Z,01JZ18R8E7XZBZJD4NABXEFK48,2025-06-30T20:34:14.917485393Z
01JZ1ATGVEW6B7Z8SH9SXSHZYQ,01JZ19VEXCKVX740B60X4W6PQN,2025-06-30T21:10:24.366324539Z,01JZ19VF3FCDRKA7RA8CE3SQDH,2025-06-30T21:10:24.366324539Z,01JZ19WY3ATKAJQ5V1K5TAB38J,2025-06-30T21:10:24.366324539Z,01JZ1AK0G5B46WY2VWCGE07ZNR,2025-06-30T21:10:24.366324539Z,01JZ1AK0TX4ERGZ5YFKG2BE46V,2025-06-30T21:10:24.366324539Z
01JZ1BBAMEE2M7ZJS22KFJ9YYS,01JZ1B1VZ9TM9N3252XVVAH9DZ,2025-06-30T21:19:35.054249944Z,01JZ1B1W5AJ9N87HJBZ99HRQPJ,2025-06-30T21:19:35.054249944Z,01JZ1B7J9GMSKP5R199VT378SX,2025-06-30T21:19:35.054249944Z,01JZ1BB7E1TXBMBFXFHSFEWTHS,2025-06-30T21:19:35.054249944Z,01JZ1BB7M9THBTCK7T3S9CZWFG,2025-06-30T21:19:35.054249944Z
01JZ1EZHXJKBVB9MDJR4DX4636,01JZ1E916HBESJXS5SJ82BFZ21,2025-06-30T22:23:03.602969705Z,01JZ1E926BWK6TV1HDSC3ZQW4Y,2025-06-30T22:23:03.602969705Z,01JZ1EB9A62JTZM8674AWVY211,2025-06-30T22:23:03.602969705Z,01JZ1ESTDEHJ02W2S7D3PQQ6GF,2025-06-30T22:23:03.602969705Z,01JZ1ESTN3DDK0RRE90H4RW7TK,2025-06-30T22:23:03.602969705Z
01JZ17VV5F6XDWZ2061HXNS4PQ,01JZ170DPRHYGRH6M74WMGZ8J5,2025-06-30T20:18:41.967096564Z,01JZ170DS434CCJM920K0JDY80,2025-06-30T20:18:41.967096564Z,01JZ17B8EAMA6MXWF42Y5PVE7P,2025-06-30T20:18:41.967096564Z,01JZ17MERZP6TAGVPVPPE2FHS9,2025-06-30T20:18:41.967096564Z,01JZ17MEX4K8Z19WHNAVHX7GQJ,2025-06-30T20:18:41.967096564Z
01JZ1ETX23EJ8QEZWFSYYMP30S,01JZ1E916HBESJXS5SJ82BFZ21,2025-06-30T22:20:31.17131018Z,01JZ1E91HHYKGR583PHV4V6JXR,2025-06-30T22:20:31.17131018Z,01JZ1EK77BRBNM03T0A9A1Z152,2025-06-30T22:20:31.17131018Z,01JZ1ERV8NQ1N608W7HC4Y405V,2025-06-30T22:20:31.17131018Z,01JZ1ERVK8FJJX233J3XM0SPC3,2025-06-30T22:20:31.17131018Z
01JZ1F2QF8FGNQGV9P7NVX6N6C,01JZ1E916HBESJXS5SJ82BFZ21,2025-06-30T22:24:47.592551323Z,01JZ1E91Q18GQE49C0XSDVMF75,2025-06-30T22:24:47.592551323Z,01JZ1EEDS4AMSMWB9W2CPSXDHE,2025-06-30T22:24:47.592551323Z,01JZ1F2JAV0QHT42E605BBH8CR,2025-06-30T22:24:47.592551323Z,01JZ1F2JHJYDEZX2V65J05MT5K,2025-06-30T22:24:47.592551323Z
01JZ17W1ZFYSGC20ZEVV2F3S2C,01JZ170DPRHYGRH6M74WMGZ8J5,2025-06-30T20:18:48.943396538Z,01JZ170DRQN15452AYS561M232,2025-06-30T20:18:48.943396538Z,01JZ1772PK70ARCRD25BW9JS91,2025-06-30T20:18:48.943396538Z,01JZ17RBCT038Y8QAFS6F67QDM,2025-06-30T20:18:48.943396538Z,01JZ17RBG8YTAYEQS83SYBQZSE,2025-06-30T20:18:48.943396538Z
01JZ18R76C1M05VWMQ64ESWX44,01JZ18G4TN4FH7205KTQTFE7PM,2025-06-30T20:34:11.788381639Z,01JZ18G4X5EPR69QT64DVYQXFJ,2025-06-30T20:34:11.788381639Z,01JZ18KH2AEBXEHK9D1GSN56XX,2025-06-30T20:34:11.788381639Z,01JZ18PAPZYGZBF3DQ7XCBJ9MP,2025-06-30T20:34:11.788381639Z,01JZ18PATDHBC84W84GJ8KFFEF,2025-06-30T20:34:11.788381639Z
01JZ192FD17SKKP5ZBZWM5PMB4,01JZ18R9CHSHJ2BAJZ4M4PAW2X,2025-06-30T20:39:47.873597726Z,01JZ18RA48YSHMY5EWBJ9E61V2,2025-06-30T20:39:47.873597726Z,01JZ18XZQ962C1YBGG8JES411T,2025-06-30T20:39:47.873597726Z,01JZ192CM1S0TWD820FVH6YX9C,2025-06-30T20:39:47.873597726Z,01JZ192CT2R3V3QWAA0SERRXH6,2025-06-30T20:39:47.873597726Z
01JZ1ACMY76AFHCTMQ7QDWM2HK,01JZ19VEXCKVX740B60X4W6PQN,2025-06-30T21:02:49.799259453Z,01JZ19VF9WCS5BMDRCPXZK6ZBF,2025-06-30T21:02:49.799259453Z,01JZ19XKK2V5414G0ST34MPS62,2025-06-30T21:02:49.799259453Z,01JZ1A8RTBQBGQ6B3M8DMQ82K3,2025-06-30T21:02:49.799259453Z,01JZ1A8RYBBAKQ69M70T9MWQDK,2025-06-30T21:02:49.799259453Z
01JZ1DKXKPDG7MQ0GQGXTMC7DS,01JZ1D0RX94M7HHBAJDNGV8QRS,2025-06-30T21:59:13.782123006Z,01JZ1D0S4EMT97ECKQ06X1ZWAX,2025-06-30T21:59:13.782123006Z,01JZ1DCFS2MSEF81EKXGM05M99,2025-06-30T21:59:13.782123006Z,01JZ1DHWG8MPVQVFH1DPRPET9V,2025-06-30T21:59:13.782123006Z,01JZ1DHWS64PQM8BQXACXWS52F,2025-06-30T21:59:13.782123006Z
01JZ1EXG76D873WNSSMGPD7277,01JZ1E916HBESJXS5SJ82BFZ21,2025-06-30T22:21:56.326993851Z,01JZ1E91Z6K0ZJGCC53Q4JQWJP,2025-06-30T22:21:56.326993851Z,01JZ1EMNNJSEW14RVAN4FX9H51,2025-06-30T22:21:56.326993851Z,01JZ1EXBTQJWJW772Y9M5KFFJG,2025-06-30T22:21:56.326993851Z,01JZ1EXC3YN9DM2A0XMPN6XZ4G,2025-06-30T22:21:56.326993851Z
01JZ17SRD6GX28N68MAWBEFJ5G,01JZ170DPRHYGRH6M74WMGZ8J5,2025-06-30T20:17:33.606070434Z,01JZ170DSBT7R80F1BC6BFNZAP,2025-06-30T20:17:33.606070434Z,01JZ17EXP8SEZEBZPSE6GPG8ZM,2025-06-30T20:17:33.606070434Z,01JZ17JC34NY9C5XTJE3ETGWA3,2025-06-30T20:17:33.606070434Z,01JZ17JC505AWX6P95A9R01TAZ,2025-06-30T20:17:33.606070434Z
01JZ18YTB4MC7VQ0821GM9YZJH,01JZ18G4TN4FH7205KTQTFE7PM,2025-06-30T20:37:48.004453695Z,01JZ18G4YA2XRQ9RK4RH5WQB1P,2025-06-30T20:37:48.004453695Z,01JZ18J306MV90AN3KDTPG10SX,2025-06-30T20:37:48.004453695Z,01JZ18Q1S7RYZRF0109T2366SB,2025-06-30T20:37:48.004453695Z,01JZ18Q1ZX9AW2XN8KZ5HBEHZN,2025-06-30T20:37:48.004453695Z
01JZ1AZGPY5KT2F8QSYK29BJMN,01JZ19VEXCKVX740B60X4W6PQN,2025-06-30T21:13:08.062093926Z,01JZ19VF4XXDC5SP97SM18G8VM,2025-06-30T21:13:08.062093926Z,01JZ19Y5W4MYXKSXHHDPCY5M66,2025-06-30T21:13:08.062093926Z,01JZ1AQBGFVYCSP9N6MQYTQFEK,2025-06-30T21:13:08.062093926Z,01JZ1AQC2J84K7V9QFGXHZ263Z,2025-06-30T21:13:08.062093926Z
01JZ1DKXN1EDXJZ910PBQ7T78E,01JZ1D0RX94M7HHBAJDNGV8QRS,2025-06-30T21:59:13.825491404Z,01JZ1D0S4EMT97ECKQ06X1ZWAX,2025-06-30T21:59:13.825491404Z,01JZ1DAGGXK4R30KWG4J61A22A,2025-06-30T21:59:13.825491404Z,01JZ1DHWG8MPVQVFH1DPRPET9V,2025-06-30T21:59:13.825491404Z,01JZ1DHWS64PQM8BQXACXWS52F,2025-06-30T21:59:13.825491404Z
01JZ1GP84EYFATMXGY2Q1V3T1T,01JZ1G29Q82GQAKEXSK2E7NK3R,2025-06-30T22:52:55.822513496Z,01JZ1G29XRNS92G9JYEX4H033M,2025-06-30T22:52:55.822513496Z,01JZ1G3PKEWNM3BADHFXST2D82,2025-06-30T22:52:55.822513496Z,01JZ1GM688HKS6CMQAXCQKE8GC,2025-06-30T22:52:55.822513496Z,01JZ1GM6RH18Q4Z351H66FTYQ6,2025-06-30T22:52:55.822513496Z
01JZ1H456452WVX1GQN7ZRP496,01JZ1G29Q82GQAKEXSK2E7NK3R,2025-06-30T23:00:31.556445131Z,01JZ1G2A58JMFV91VV93EGJJQY,2025-06-30T23:00:31.556445131Z,01JZ1GV1M5Q32ZNQW2E45R5EH9,2025-06-30T23:00:31.556445131Z,01JZ1GW3NQ1ZFH1D7RHAY6HCNS,2025-06-30T23:00:31.556445131Z,01JZ1GW4D2YPYD2049JRHQDTHS,2025-06-30T23:00:31.556445131Z
01JZ17S8R9QZ47F3TNFCCCK555,01JZ170DPRHYGRH6M74WMGZ8J5,2025-06-30T20:17:17.577449993Z,01JZ170DS434CCJM920VN081CV,2025-06-30T20:17:17.577449993Z,01JZ17BSJ6X9VEMM4EYWC90B29,2025-06-30T20:17:17.577449993Z,01JZ17HX1BGQ137FDPYSARB5NT,2025-06-30T20:17:17.577449993Z,01JZ17HX2WGK4SH5ACH7AKGKY9,2025-06-30T20:17:17.577449993Z
01JZ17SF7K6RSVSM1P2D2FDS89,01JZ170DPRHYGRH6M74WMGZ8J5,2025-06-30T20:17:24.211248304Z,01JZ170DSXXMDA003X79NFA4N0,2025-06-30T20:17:24.211248304Z,01JZ17A9YQ3219RYQEV7GA1K4B,2025-06-30T20:17:24.211248304Z,01JZ17NRSETRAHA86XGKD3ZGNV,2025-06-30T20:17:24.211248304Z,01JZ17NRV2ZDNVW5Z7WBNTSDV4,2025-06-30T20:17:24.211248304Z
01JZ18TFKS581QSBBZR5DJR6QJ,01JZ18G4TN4FH7205KTQTFE7PM,2025-06-30T20:35:25.945328514Z,01JZ18G4Y1ABZPJ815NAWEN19T,2025-06-30T20:35:25.945328514Z,01JZ18JEHHPNBFM751TV8GEBJ2,2025-06-30T20:35:25.945328514Z,01JZ18PMF1481YNW4VF038RS60,2025-06-30T20:35:25.945328514Z,01JZ18PMJNDHJZTMJ5QAYTKKV0,2025-06-30T20:35:25.945328514Z
01JZ18TS7HYYN1NR79EH3RHV4R,01JZ18G4TN4FH7205KTQTFE7PM,2025-06-30T20:35:35.79349833Z,01JZ18G4YA2XRQ9RK4RH5WQB1P,2025-06-30T20:35:35.79349833Z,01JZ18MZ9CEYXM1F4JSENNJ9RA,2025-06-30T20:35:35.79349833Z,01JZ18Q1RFWF1SPY79863HPKYC,2025-06-30T20:35:35.79349833Z,01JZ18Q1WK379CDHDVRG1MFY84,2025-06-30T20:35:35.79349833Z
01JZ18VS67MP40KN3YXH5G8GJM,01JZ18G4TN4FH7205KTQTFE7PM,2025-06-30T20:36:08.519717981Z,01JZ18G508W9SSEDAT6B79GZND,2025-06-30T20:36:08.519717981Z,01JZ18M2SFWFRTRVV46KHVE0JB,2025-06-30T20:36:08.519717981Z,01JZ18STHY2VTQFD4CXMK2KF14,2025-06-30T20:36:08.519717981Z,01JZ18STQXA2JNMJ0FZB73Y8AN,2025-06-30T20:36:08.519717981Z
01JZ1BVBPYY9XR0JWXS2GWF587,01JZ1B1VZ9TM9N3252XVVAH9DZ,2025-06-30T21:28:20.446796346Z,01JZ1B1W5TAZ0C76DBH0ZAEY5X,2025-06-30T21:28:20.446796346Z,01JZ1BNKT1EA6BGVVN8436Q4BP,2025-06-30T21:28:20.446796346Z,01JZ1BNNFF9MV2BR5CAE8TGEYC,2025-06-30T21:28:20.446796346Z,01JZ1BNP5PBKXV8ESFM96T5G4E,2025-06-30T21:28:20.446796346Z
01JZ1FFK5NEJQP5RKPYV0DHAQH,01JZ1E916HBESJXS5SJ82BFZ21,2025-06-30T22:31:49.173208878Z,01JZ1E91ENR7DC2PFTK7ZY5PTJ,2025-06-30T22:31:49.173208878Z,01JZ1EESNEX1G6N7P06E41EYRK,2025-06-30T22:31:49.173208878Z,01JZ1F70MP8EMZE5ECG6QP8N7N,2025-06-30T22:31:49.173208878Z,01JZ1F71S5NZ000HD8G8K8DMAQ,2025-06-30T22:31:49.173208878Z
01JZ18QY507YH001VYQV6586TT,01JZ18G4TN4FH7205KTQTFE7PM,2025-06-30T20:34:02.528870723Z,01JZ18G4YK3PSP6R2PNWBA4P8S,2025-06-30T20:34:02.528870723Z,01JZ18JNT2QKJHBG0YSDA5VWH8,2025-06-30T20:34:02.528870723Z,01JZ18QWBRR3KN0B62DES46FPE,2025-06-30T20:34:02.528870723Z,01JZ18QWCRY9JA2H8F09Y0GPWX,2025-06-30T20:34:02.528870723Z
01JZ1900GV1JYQ8MMF3NY0W1T0,01JZ18G4TN4FH7205KTQTFE7PM,2025-06-30T20:38:27.099905353Z,01JZ18G50G0GKPPCFSW2N0ZNW1,2025-06-30T20:38:27.099905353Z,01JZ18N84ND15PG04895JYQ6RT,2025-06-30T20:38:27.099905353Z,01JZ18RHGXJHBRSARA96JJK9J9,2025-06-30T20:38:27.099905353Z,01JZ18RHNXCBMWVWD9NGWXVR9R,2025-06-30T20:38:27.099905353Z
01JZ190XBW99KGN61NMHNVR4FF,01JZ18G4TN4FH7205KTQTFE7PM,2025-06-30T20:38:56.636404481Z,01JZ18G4WPK6V9JKZAVKNYS3NB,2025-06-30T20:38:56.636404481Z,01JZ18N0WE2W63AJ0S8AMFR80C,2025-06-30T20:38:56.636404481Z,01JZ18RRA89V0ND20E0G84EPSM,2025-06-30T20:38:56.636404481Z,01JZ18RRJ8TVB384T9QM3TAQPD,2025-06-30T20:38:56.636404481Z
01JZ1A4Z7KKRDMW9NSQSQB5110,01JZ19VEXCKVX740B60X4W6PQN,2025-06-30T20:58:38.195383043Z,01JZ19VF1X4TGM9HTAVFF08YB3,2025-06-30T20:58:38.195383043Z,01JZ19X9AX1VPBDDCP087HWECT,2025-06-30T20:58:38.195383043Z,01JZ1A31STNBCB1FNASKSH9RM4,2025-06-30T20:58:38.195383043Z,01JZ1A323DMK00TV9154PS4RVT,2025-06-30T20:58:38.195383043Z
01JZ1BF3E53AP3CJW28R7XD3Y2,01JZ1B1VZ9TM9N3252XVVAH9DZ,2025-06-30T21:21:38.757924868Z,01JZ1B1W5AJ9N87HJBZ99HRQPJ,2025-06-30T21:21:38.757924868Z,01JZ1B5GACPFWN4R0XMT462FAM,2025-06-30T21:21:38.757924868Z,01JZ1BB7ETZS9BEX799QEABQ0R,2025-06-30T21:21:38.757924868Z,01JZ1BB7R5NDJ6N0E4JV728HM3,2025-06-30T21:21:38.757924868Z
01JZ1CE4YJNT32DPQ1BBN4MVYY,01JZ1BX7WQMA45G0E33EEHJ3V9,2025-06-30T21:38:36.114334731Z,01JZ1BX80QRTKGB6MH6HMRDXS1,2025-06-30T21:38:36.114334731Z,01JZ1C4CTKJV3QDB4A0BGTS31H,2025-06-30T21:38:36.114334731Z,01JZ1C694WS1H0BQYPF8J97ET7,2025-06-30T21:38:36.114334731Z,01JZ1C69YC1M05MAZYS1FZERKN,2025-06-30T21:38:36.114334731Z
01JZ1DQBP5ZDVKEMC0838AEJPZ,01JZ1D0RX94M7HHBAJDNGV8QRS,2025-06-30T22:01:06.50162283Z,01JZ1D0S61XK8FZCNQBM2ZAEE6,2025-06-30T22:01:06.50162283Z,01JZ1DFSBSFTDKE17JSS0VZPAS,2025-06-30T22:01:06.50162283Z,01JZ1DHG42SDRFG0AMYRAAVFFX,2025-06-30T22:01:06.50162283Z,01JZ1DHGVMC63T8RKQQSZ4EMT9,2025-06-30T22:01:06.50162283Z
01JZ17QS2B4DFAR37CM69SZ3XP,01JZ170DPRHYGRH6M74WMGZ8J5,2025-06-30T20:16:28.747309699Z,01JZ170DSTXK5Z1DV671606E6A,2025-06-30T20:16:28.747309699Z,01JZ17995N07DABBEZWSHQJ20N,2025-06-30T20:16:28.747309699Z,01JZ17J85FH6ZCHDJEZZH3F672,2025-06-30T20:16:28.747309699Z,01JZ17J87519JCK2AZYDFXS31M,2025-06-30T20:16:28.747309699Z
01JZ1AGANNRW3DDJ977W62PEHK,01JZ19VEXCKVX740B60X4W6PQN,2025-06-30T21:04:50.357382559Z,01JZ19VF6XEW5FG377QGXCTRD1,2025-06-30T21:04:50.357382559Z,01JZ1A9RXDVME7RYXTWFBGWCFN,2025-06-30T21:04:50.357382559Z,01JZ1ACG5AA6PRZ7WAEJWMNX2A,2025-06-30T21:04:50.357382559Z,01JZ1ACGDWN2V5ETG7YNKG0GX7,2025-06-30T21:04:50.357382559Z
01JZ1C87T2JWA882NFFTAGYD9P,01JZ1BX7WQMA45G0E33EEHJ3V9,2025-06-30T21:35:22.434184484Z,01JZ1BX849RGFMRNF1WR9VXVPD,2025-06-30T21:35:22.434184484Z,01JZ1C4P0YN4P4R63ZN9FPE2D4,2025-06-30T21:35:22.434184484Z,01JZ1C84NV5HP0B6N4ET0C4V87,2025-06-30T21:35:22.434184484Z,01JZ1C84VR4JFNGZMSFZS26CRP,2025-06-30T21:35:22.434184484Z
01JZ17NK32FAR41FVC3B4R1FY6,01JZ170DPRHYGRH6M74WMGZ8J5,2025-06-30T20:15:17.090383396Z,01JZ170DS434CCJM920VN081CV,2025-06-30T20:15:17.090383396Z,01JZ17BPKZNHJ9DBN3R83MMZW2,2025-06-30T20:15:17.090383396Z,01JZ17HX0ZXKJ4A0TXNHXA38XE,2025-06-30T20:15:17.090383396Z,01JZ17HX29RXA2F91504PRNF2V,2025-06-30T20:15:17.090383396Z
01JZ17V13826ESMF2S8F0T9X50,01JZ170DPRHYGRH6M74WMGZ8J5,2025-06-30T20:18:15.272976721Z,01JZ170DS5DJKXJ3Z7YVJKJJXK,2025-06-30T20:18:15.272976721Z,01JZ17FZXSD3JPY8Z3YRMZJDDV,2025-06-30T20:18:15.272976721Z,01JZ17QA5NP4NCPJJVMNCZ9F7W,2025-06-30T20:18:15.272976721Z,01JZ17QA7ZSWJ7CS2VJ1NFV8PD,2025-06-30T20:18:15.272976721Z
01JZ1CVWYFRKFGJF0XNVTG1ACT,01JZ1C4XJFQQ45ZHGATAXVBX0J,2025-06-30T21:46:06.67191842Z,01JZ1C4XNE4VHGMR9JDZS6Y7F9,2025-06-30T21:46:06.67191842Z,01JZ1CF8R7DWBKG9F2768N54QZ,2025-06-30T21:46:06.67191842Z,01JZ1CM9NHAQYVB9EBB2FPWPMG,2025-06-30T21:46:06.67191842Z,01JZ1CMA31R8XKWA9BKW0H529E,2025-06-30T21:46:06.67191842Z
01JZ1F69S84SZCZ0VC4CV1AC9Z,01JZ1E916HBESJXS5SJ82BFZ21,2025-06-30T22:26:44.648550494Z,01JZ1E923XSJ5V9JGGJQR2CG7M,2025-06-30T22:26:44.648550494Z,01JZ1EED3A8PGE3DSBSCB45ADQ,2025-06-30T22:26:44.648550494Z,01JZ1F28RAA806YV34ZE1BEZ0A,2025-06-30T22:26:44.648550494Z,01JZ1F298NDNMTKPGKKSQJAVAB,2025-06-30T22:26:44.648550494Z
01JZ17SC00WG8R8MWXMCX4M1D0,01JZ170DPRHYGRH6M74WMGZ8J5,2025-06-30T20:17:20.896545672Z,01JZ170DS8YWG03GZVY59N3JD0,2025-06-30T20:17:20.896545672Z,01JZ17CW18JBK0SW96CVGPG5D0,2025-06-30T20:17:20.896545672Z,01JZ17HNMFBJ73AV6PBJ6E0ZQ5,2025-06-30T20:17:20.896545672Z,01JZ17HNQKM5Q6V1MHWC4MZRD2,2025-06-30T20:17:20.896545672Z
01JZ17SKY08CGNBSK2Z6A47C95,01JZ170DPRHYGRH6M74WMGZ8J5,2025-06-30T20:17:29.024691796Z,01JZ170DSTXK5Z1DV671606E6A,2025-06-30T20:17:29.024691796Z,01JZ179522187EFD1N9MCMN3YS,2025-06-30T20:17:29.024691796Z,01JZ17J85HSFJ5VF5EC9WG406J,2025-06-30T20:17:29.024691796Z,01JZ17J87S03SNAFE03XXVRYFF,2025-06-30T20:17:29.024691796Z
01JZ18QQNDS3PNZJATX493WMSK,01JZ18G4TN4FH7205KTQTFE7PM,2025-06-30T20:33:55.885639015Z,01JZ18G4ZPD0G0WRB3ZSNJ4KSW,2025-06-30T20:33:55.885639015Z,01JZ18KKFGMMT5SG9HSP332X5F,2025-06-30T20:33:55.885639015Z,01JZ18QMC3ZA9P1743X1HXFWMC,2025-06-30T20:33:55.885639015Z,01JZ18QMHKB3Y36NHFYKKXF3NP,2025-06-30T20:33:55.885639015Z
01JZ1919AXX8QDNVFA4ETSW21Z,01JZ18G4TN4FH7205KTQTFE7PM,2025-06-30T20:39:08.8934528Z,01JZ18G4WPK6V9JKZAVKNYS3NB,2025-06-30T20:39:08.8934528Z,01JZ18K4JZ90XMGGNXMJGKEJ5P,2025-06-30T20:39:08.8934528Z,01JZ18RR9VM7GJWMP15BXNKK3H,2025-06-30T20:39:08.8934528Z,01JZ18RRKZFVZS57TSPFRFWCEZ,2025-06-30T20:39:08.8934528Z
01JZ1AAT70E4P761DQHPHR835R,01JZ19VEXCKVX740B60X4W6PQN,2025-06-30T21:01:49.664414487Z,01JZ19VF5YA4VZJRJDVJVY1XBY,2025-06-30T21:01:49.664414487Z,01JZ1A4C7ZG2R9MAMN2NVT495T,2025-06-30T21:01:49.664414487Z,01JZ1AAR1060BHD991DM45EP7A,2025-06-30T21:01:49.664414487Z,01JZ1AAR4AJMBCW9THXN5SJZM5,2025-06-30T21:01:49.664414487Z
01JZ1DF9ZE7PA49PJVZ74XEA8N,01JZ1D0RX94M7HHBAJDNGV8QRS,2025-06-30T21:56:42.606659475Z,01JZ1D0S2S8SEBXETFQJSTGM5V,2025-06-30T21:56:42.606659475Z,01JZ1D322QVYNT268ZSCN1M2TD,2025-06-30T21:56:42.606659475Z,01JZ1D77ZGJGAA1PN0Y98H9Q1P,2025-06-30T21:56:42.606659475Z,01JZ1D79012KXWK2MJ34BE990V,2025-06-30T21:56:42.606659475Z
01JZ1GNBSZZFM9AF3M75BEAFJN,01JZ1G29Q82GQAKEXSK2E7NK3R,2025-06-30T22:52:26.815483408Z,01JZ1G2A6YM039KVE3FBKDN5TM,2025-06-30T22:52:26.815483408Z,01JZ1G8WT4QHCTZSBPJCV6WM6W,2025-06-30T22:52:26.815483408Z,01JZ1GDRXST33ZMHTRENHC2BZ7,2025-06-30T22:52:26.815483408Z,01JZ1GDSH2SRHPGXG0EF5RCXKG,2025-06-30T22:52:26.815483408Z
01JZ1CBZ0D4995678WAVG7T0V2,01JZ1BX7WQMA45G0E33EEHJ3V9,2025-06-30T21:37:24.493117064Z,01JZ1BX80QRTKGB6MH6HMRDXS1,2025-06-30T21:37:24.493117064Z,01JZ1BY7ZYY1555G7VDKVM55K7,2025-06-30T21:37:24.493117064Z,01JZ1C68WHJ3JXAR0SNG92WD7N,2025-06-30T21:37:24.493117064Z,01JZ1C69KKZEBV1Z57Y44FZAZR,2025-06-30T21:37:24.493117064Z
01JZ1DB6VCKWZANFQSHKFZYG8B,01JZ1D0RX94M7HHBAJDNGV8QRS,2025-06-30T21:54:28.332871202Z,01JZ1D0S2S8SEBXETFQJSTGM5V,2025-06-30T21:54:28.332871202Z,01JZ1D5N9EKRCKNEX5N0FCN65V,2025-06-30T21:54:28.332871202Z,01JZ1D77TJ31JQY4W7YSZVV4R8,2025-06-30T21:54:28.332871202Z,01JZ1D78GDE57D7X25081Z14FG,2025-06-30T21:54:28.332871202Z
01JZ17M81MK737TJPKJ2QAYYH6,01JZ170DPRHYGRH6M74WMGZ8J5,2025-06-30T20:14:33.013404013Z,01JZ170DSBT7R80F1BC6BFNZAP,2025-06-30T20:14:33.013404013Z,01JZ17A0VX21AM44XR65ZCDBQZ,2025-06-30T20:14:33.013404013Z,01JZ17JC3646JKWR0PPXMYYSSE,2025-06-30T20:14:33.013404013Z,01JZ17JC4BH6DXFB1MF05VR7P5,2025-06-30T20:14:33.013404013Z
01JZ194FKWZW0NWAAENE41ZCNH,01JZ18QHX9XGN83K6T42FK97D5,2025-06-30T20:40:53.628569687Z,01JZ18QHZ9KPT0XZ66BZ9ZB89K,2025-06-30T20:40:53.628569687Z,01JZ18SXQ0AFP5SFG2600FW7ER,2025-06-30T20:40:53.628569687Z,01JZ190NH1278RPC2MCD2QJWTN,2025-06-30T20:40:53.628569687Z,01JZ190NQ8NZTC3E9W7WFVN8T1,2025-06-30T20:40:53.628569687Z
01JZ1DEYQT2ASWJEAV9MVXHFTN,01JZ1D0RX94M7HHBAJDNGV8QRS,2025-06-30T21:56:31.099015533Z,01JZ1D0S2S8SEBXETFQJSTGM5V,2025-06-30T21:56:31.099015533Z,01JZ1D322QVYNT268ZSCN1M2TD,2025-06-30T21:56:31.099015533Z,01JZ1D77X61KT9EGNXBSZ97RFX,2025-06-30T21:56:31.099015533Z,01JZ1D78STJEQ80M29JKZV8DQF,2025-06-30T21:56:31.099015533Z
01JZ1EVV7F739DKZ1S6KGP92SE,01JZ1E916HBESJXS5SJ82BFZ21,2025-06-30T22:21:02.064012476Z,01JZ1E926BWK6TV1HDSC3ZQW4Y,2025-06-30T22:21:02.064012476Z,01JZ1EB9A62JTZM8674AWVY211,2025-06-30T22:21:02.064012476Z,01JZ1ESTDEHJ02W2S7D3PQQ6GF,2025-06-30T22:21:02.064012476Z,01JZ1ESTJZHZG91KRPFG3SZSMC,2025-06-30T22:21:02.064012476Z
01JZ1F6EFQ4CK407AN2DZX2XBW,01JZ1E916HBESJXS5SJ82BFZ21,2025-06-30T22:26:49.4634911Z,01JZ1E91Q18GQE49C0XSDVMF75,2025-06-30T22:26:49.4634911Z,01JZ1ESJSZ4605B74MTV3MB0PF,2025-06-30T22:26:49.4634911Z,01JZ1F2JC80W096GAN654HJE4R,2025-06-30T22:26:49.4634911Z,01JZ1F2JPKHQQS9FMNV4W2YS8Y,2025-06-30T22:26:49.4634911Z
01JZ1F855B4XC2TEQ7JMQG1QNJ,01JZ1E916HBESJXS5SJ82BFZ21,2025-06-30T22:27:45.451523269Z,01JZ1E923XSJ5V9JGGJQR2CG7M,2025-06-30T22:27:45.451523269Z,01JZ1EED3A8PGE3DSBSCB45ADQ,2025-06-30T22:27:45.451523269Z,01JZ1F28RAA806YV34ZE1BEZ0A,2025-06-30T22:27:45.451523269Z,01JZ1F29A67255KTW4J1TY82H1,2025-06-30T22:27:45.451523269Z
01JZ182GZVGMC4HMK308C3WY5T,01JZ170DPRHYGRH6M74WMGZ8J5,2025-06-30T20:22:20.923549298Z,01JZ170DS9MMA8EZAVKYS5SMHX,2025-06-30T20:22:20.923549298Z,01JZ17QM16148RHAHCPPZX620J,2025-06-30T20:22:20.923549298Z,01JZ17TR5WS052RB5963SEQK02,2025-06-30T20:22:20.923549298Z,01JZ17TRGFFXKAYPE40KD63RY1,2025-06-30T20:22:20.923549298Z
01JZ1AAQEKWV14W99P9CBKPSDJ,01JZ19VEXCKVX740B60X4W6PQN,2025-06-30T21:01:46.835086788Z,01JZ19VF9WCS5BMDRCPXZK6ZBF,2025-06-30T21:01:46.835086788Z,01JZ19XKK2V5414G0ST34MPS62,2025-06-30T21:01:46.835086788Z,01JZ1A8RTBQBGQ6B3M8DMQ82K3,2025-06-30T21:01:46.835086788Z,01JZ1A8RXR5WSKMBYTYNZKW9M2,2025-06-30T21:01:46.835086788Z
01JZ1AEH2K9JQ1B0R1GVVP7K7X,01JZ19VEXCKVX740B60X4W6PQN,2025-06-30T21:03:51.379756453Z,01JZ19VF5YA4VZJRJDVJVY1XBY,2025-06-30T21:03:51.379756453Z,01JZ1A13JPV17BYBZFE5Z1TESS,2025-06-30T21:03:51.379756453Z,01JZ1AAR361JZ1CYXHJ50PJVG2,2025-06-30T21:03:51.379756453Z,01JZ1AAR73WCZ6THW90Z9KR5R5,2025-06-30T21:03:51.379756453Z
01JZ1AV5625B7VY0RRHWERRVPY,01JZ19VEXCKVX740B60X4W6PQN,2025-06-30T21:10:45.186372559Z,01JZ19VF4XXDC5SP97SM18G8VM,2025-06-30T21:10:45.186372559Z,01JZ19Y5W4MYXKSXHHDPCY5M66,2025-06-30T21:10:45.186372559Z,01JZ1AQBFWFCVDGCRFV7SS6AMN,2025-06-30T21:10:45.186372559Z,01JZ1AQBPT99514H9J1254W4H1,2025-06-30T21:10:45.186372559Z
01JZ1DSMAYYPB0R85XY6VZW3XE,01JZ1D0RX94M7HHBAJDNGV8QRS,2025-06-30T22:02:20.894950534Z,01JZ1D0S61XK8FZCNQBM2ZAEE6,2025-06-30T22:02:20.894950534Z,01JZ1D4E6V1F7QYCN1KQC77HPV,2025-06-30T22:02:20.894950534Z,01JZ1DHG8H05GH2W9SB4K6K1E6,2025-06-30T22:02:20.894950534Z,01JZ1DHH2TQQCBCQ5N4R09DNTG,2025-06-30T22:02:20.894950534Z
01JZ17H347278Z3WTFJ851W2HA,01JZ170DPRHYGRH6M74WMGZ8J5,2025-06-30T20:12:49.67200743Z,01JZ170DRXVGFVP20P8DK3M491,2025-06-30T20:12:49.67200743Z,01JZ179T9EE5NWF4YTXDRCZC5E,2025-06-30T20:12:49.67200743Z,01JZ17H2JE238380KER7CXK8AE,2025-06-30T20:12:49.67200743Z,01JZ17H2K87A22069NTT15Y3RY,2025-06-30T20:12:49.67200743Z
01JZ18RKS0W66BETRSNM7JV8RJ,01JZ18G4TN4FH7205KTQTFE7PM,2025-06-30T20:34:24.672206599Z,01JZ18G50G0GKPPCFSW2N0ZNW1,2025-06-30T20:34:24.672206599Z,01JZ18KW5P5RE2HRX78XRVTPME,2025-06-30T20:34:24.672206599Z,01JZ18RHHCVE30JQC8SHSPW4MY,2025-06-30T20:34:24.672206599Z,01JZ18RHJ5XN95EAZN19VJ8641,2025-06-30T20:34:24.672206599Z
01JZ18W7VQ8G243DMS05N6VZY8,01JZ18G4TN4FH7205KTQTFE7PM,2025-06-30T20:36:23.543896979Z,01JZ18G4ZZG5A688HVVJGKBFVW,2025-06-30T20:36:23.543896979Z,01JZ18MMDMG5C7AC3NER6KSMTG,2025-06-30T20:36:23.543896979Z,01JZ18RFQ4W09NKQ14XZ3KQN1E,2025-06-30T20:36:23.543896979Z,01JZ18RFVKATYSB1M62D2NFA75,2025-06-30T20:36:23.543896979Z
01JZ1AJJZCM7YSNYWH4WBW5YPJ,01JZ19VEXCKVX740B60X4W6PQN,2025-06-30T21:06:04.396402242Z,01JZ19VF81DTYMGWYB0TAJKDWY,2025-06-30T21:06:04.396402242Z,01JZ1A11QXMY0GZ8B5FCM3RTBW,2025-06-30T21:06:04.396402242Z,01JZ1AABP7JRKCT0WVXFR6GX4V,2025-06-30T21:06:04.396402242Z,01JZ1AACFZW6WKT3QJPWF71GCR,2025-06-30T21:06:04.396402242Z
01JZ1BP25E7WC7S6MHPEWJ0V2R,01JZ1B1VZ9TM9N3252XVVAH9DZ,2025-06-30T21:25:26.830055116Z,01JZ1B1W4RP0VXDDKCJTNKM3AX,2025-06-30T21:25:26.830055116Z,01JZ1B4QMHRDEJR6YWEDX6CP6V,2025-06-30T21:25:26.830055116Z,01JZ1BNY7WEGTS4M119S3G7CHR,2025-06-30T21:25:26.830055116Z,01JZ1BNYCRHZTXEXN79JQJHYW9,2025-06-30T21:25:26.830055116Z
01JZ1CJEM9BST08J1FKY6C8WEZ,01JZ1BX7WQMA45G0E33EEHJ3V9,2025-06-30T21:40:57.097120621Z,01JZ1BX82RNFGPPA94NES9507T,2025-06-30T21:40:57.097120621Z,01JZ1C98HS2FRFHZKQAPAW4FY4,2025-06-30T21:40:57.097120621Z,01JZ1CAKWP0H743BZGYZ5DSNCH,2025-06-30T21:40:57.097120621Z,01JZ1CAM7NBY8R54WZ82APPBNR,2025-06-30T21:40:57.097120621Z
01JZ17KEHT4CG7VSJ80EMY9V6Y,01JZ170DPRHYGRH6M74WMGZ8J5,2025-06-30T20:14:06.906437712Z,01JZ170DS32PJY8CQRMADJXFRG,2025-06-30T20:14:06.906437712Z,01JZ17A8QJRMY4CTZ0TGBPTVC4,2025-06-30T20:14:06.906437712Z,01JZ17HJXZJXBNGG98GAB8QMCF,2025-06-30T20:14:06.906437712Z,01JZ17HK0Q06FHSMMZ245M8QA0,2025-06-30T20:14:06.906437712Z
01JZ18VT7RX6V2XEABJCBM04SK,01JZ18G4TN4FH7205KTQTFE7PM,2025-06-30T20:36:09.592142265Z,01JZ18G50PJASP911XB82AW46K,2025-06-30T20:36:09.592142265Z,01JZ18KAD3ET3YWT2B268D40PX,2025-06-30T20:36:09.592142265Z,01JZ18P6M9PWBBNS9EFA2527RR,2025-06-30T20:36:09.592142265Z,01JZ18P6XGG6KPRDW6BTZFNS2T,2025-06-30T20:36:09.592142265Z
01JZ18YBXJH120HCE3GZ3Y6D3C,01JZ18G4TN4FH7205KTQTFE7PM,2025-06-30T20:37:33.234833838Z,01JZ18G50PJASP911XB82AW46K,2025-06-30T20:37:33.234833838Z,01JZ18KJE91G49FF99NPC5VF6Y,2025-06-30T20:37:33.234833838Z,01JZ18P6NXZT0V7P3PR4SE8Z8C,2025-06-30T20:37:33.234833838Z,01JZ18P75BTA8J8ZN86RAF6NTB,2025-06-30T20:37:33.234833838Z
01JZ1BD8BS17GHCVDZ3ZMCA1A2,01JZ1B1VZ9TM9N3252XVVAH9DZ,2025-06-30T21:20:38.265866478Z,01JZ1B1W5AJ9N87HJBZ99HRQPJ,2025-06-30T21:20:38.265866478Z,01JZ1B33W2SNBC1YKZXCY0285E,2025-06-30T21:20:38.265866478Z,01JZ1BB7ETZS9BEX799QEABQ0R,2025-06-30T21:20:38.265866478Z,01JZ1BB7QDF6PAHDHT1Z0ZNWHF,2025-06-30T21:20:38.265866478Z
01JZ1H54XZ0Q0K8G653EGEXGFY,01JZ1G29Q82GQAKEXSK2E7NK3R,2025-06-30T23:01:04.063620213Z,01JZ1G2AATTMJJ07WA2JZ9MF1K,2025-06-30T23:01:04.063620213Z,01JZ1GRY7J5YBFT0P7ME9XRK58,2025-06-30T23:01:04.063620213Z,01JZ1GWNN7SAHPPWE857THBJJP,2025-06-30T23:01:04.063620213Z,01JZ1GWPSWA3W8VQ9XQ53C0MRE,2025-06-30T23:01:04.063620213Z
01JZ17HP82W9ETW8P57HKKJ6EY,01JZ170DPRHYGRH6M74WMGZ8J5,2025-06-30T20:13:09.250740347Z,01JZ170DS8YWG03GZVY59N3JD0,2025-06-30T20:13:09.250740347Z,01JZ179QC9P59RRBVKW06P1VJF,2025-06-30T20:13:09.250740347Z,01JZ17HNMC395BYG9QN2MAW1BJ,2025-06-30T20:13:09.250740347Z,01JZ17HNNBDSKJPBCEMDRJ55ZA,2025-06-30T20:13:09.250740347Z
01JZ17MRKE75G1RKSYB40WGQF8,01JZ170DPRHYGRH6M74WMGZ8J5,2025-06-30T20:14:49.966695108Z,01JZ170DRXVGFVP20P8DK3M491,2025-06-30T20:14:49.966695108Z,01JZ17E3Q68P56EVHYKCV88P7R,2025-06-30T20:14:49.966695108Z,01JZ17H2JKQXYPBGV7RRHN6ECY,2025-06-30T20:14:49.966695108Z,01JZ17H2KY0T9900KYTGYZSB6M,2025-06-30T20:14:49.966695108Z
01JZ17RE64E90D983EMYVMMGEA,01JZ170DPRHYGRH6M74WMGZ8J5,2025-06-30T20:16:50.372764606Z,01JZ170DRXVGFVP20P8DK3M491,2025-06-30T20:16:50.372764606Z,01JZ179T9EE5NWF4YTXDRCZC5E,2025-06-30T20:16:50.372764606Z,01JZ17H2JN1M16ZRE7JGQBPN5M,2025-06-30T20:16:50.372764606Z,01JZ17H2MJSMV449WQAFM73C1S,2025-06-30T20:16:50.372764606Z
01JZ18YGGG2NJ9WPMRANEEPCD8,01JZ18G4TN4FH7205KTQTFE7PM,2025-06-30T20:37:37.936065653Z,01JZ18G4Y1ABZPJ815NAWEN19T,2025-06-30T20:37:37.936065653Z,01JZ18KZMETYG3YXGETN6WS81Q,2025-06-30T20:37:37.936065653Z,01JZ18PMFKK6H14YD886P3HZXA,2025-06-30T20:37:37.936065653Z,01JZ18PMNQY5EAFHJW7H6NAG3X,2025-06-30T20:37:37.936065653Z
01JZ1ACARX0M36FAGSG1B6GTZQ,01JZ19VEXCKVX740B60X4W6PQN,2025-06-30T21:02:39.38920665Z,01JZ19VF81DTYMGWYB0TAJKDWY,2025-06-30T21:02:39.38920665Z,01JZ1A7CX8Z1SNGPWK47XB0JNS,2025-06-30T21:02:39.38920665Z,01JZ1AABK962FFJZTPD33N3VKP,2025-06-30T21:02:39.38920665Z,01JZ1AAC02MC5SPR207R8CMDY9,2025-06-30T21:02:39.38920665Z
01JZ1GP8AE9ZGX20Q07XRGVPMJ,01JZ1G29Q82GQAKEXSK2E7NK3R,2025-06-30T22:52:56.014137238Z,01JZ1G29XRNS92G9JYEX4H033M,2025-06-30T22:52:56.014137238Z,01JZ1G6RSPQGYECJMX7N6G6VY8,2025-06-30T22:52:56.014137238Z,01JZ1GM688HKS6CMQAXCQKE8GC,2025-06-30T22:52:56.014137238Z,01JZ1GM6RH18Q4Z351H66FTYQ6,2025-06-30T22:52:56.014137238Z
01JZ17HXJWK9157DFAYV7V8QVY,01JZ170DPRHYGRH6M74WMGZ8J5,2025-06-30T20:13:16.764624564Z,01JZ170DS434CCJM920VN081CV,2025-06-30T20:13:16.764624564Z,01JZ17A78DPNXD645MNCYQ5HYS,2025-06-30T20:13:16.764624564Z,01JZ17HX0WDHJY255DWBEJWHE6,2025-06-30T20:13:16.764624564Z,01JZ17HX1MS15WGRQW72F0XWC5,2025-06-30T20:13:16.764624564Z
01JZ17XV4197DVPQBE6TRX7B2F,01JZ170DPRHYGRH6M74WMGZ8J5,2025-06-30T20:19:47.457507296Z,01JZ170DS0283SZNEN95XAWWS4,2025-06-30T20:19:47.457507296Z,01JZ17BCV91FG1WVF832RTXB76,2025-06-30T20:19:47.457507296Z,01JZ17NT6Q15JZTNT1T2TRQ09Q,2025-06-30T20:19:47.457507296Z,01JZ17NTC4DG1CYJJTJY1F2J8J,2025-06-30T20:19:47.457507296Z
01JZ18WG7FPGMM449AKRV2NRBV,01JZ18G4TN4FH7205KTQTFE7PM,2025-06-30T20:36:32.111893713Z,01JZ18G4WPK6V9JKZAVKNYS3NB,2025-06-30T20:36:32.111893713Z,01JZ18K1EBQ2BSVM3H7XBRVG61,2025-06-30T20:36:32.111893713Z,01JZ18RRB5PTFQB2DKPHTKH4V3,2025-06-30T20:36:32.111893713Z,01JZ18RRF3R9MRCS1M5AG3XEMM,2025-06-30T20:36:32.111893713Z
01JZ192MBDXGE596FPBRNRHYRX,01JZ18QHX9XGN83K6T42FK97D5,2025-06-30T20:39:52.941925682Z,01JZ18QHZ9KPT0XZ66BZ9ZB89K,2025-06-30T20:39:52.941925682Z,01JZ18VC89HN16T8VX0M60S31S,2025-06-30T20:39:52.941925682Z,01JZ190NH1278RPC2MCD2QJWTN,2025-06-30T20:39:52.941925682Z,01JZ190NPF4KCTVES8QQVQPPQ1,2025-06-30T20:39:52.941925682Z
01JZ1A4Z99FHX0YZTSMXSE2M8M,01JZ19VEXCKVX740B60X4W6PQN,2025-06-30T20:58:38.249145219Z,01JZ19VF1X4TGM9HTAVFF08YB3,2025-06-30T20:58:38.249145219Z,01JZ19YSKES03CBT0DQ4XQZD4Y,2025-06-30T20:58:38.249145219Z,01JZ1A31STNBCB1FNASKSH9RM4,2025-06-30T20:58:38.249145219Z,01JZ1A323DMK00TV9154PS4RVT,2025-06-30T20:58:38.249145219Z
01JZ1CMEP7YJTN2M0E3CQ5348C,01JZ1C4XJFQQ45ZHGATAXVBX0J,2025-06-30T21:42:02.69572713Z,01JZ1C4XNE4VHGMR9JDZS6Y7F9,2025-06-30T21:42:02.69572713Z,01JZ1CHHENXRFPD7VNDFKQ5330,2025-06-30T21:42:02.69572713Z,01JZ1CM9HSWSHAX9FB9M6KQ29W,2025-06-30T21:42:02.69572713Z,01JZ1CM9RFST88QA1FS194B25R,2025-06-30T21:42:02.69572713Z
01JZ1GKZ7AYC3Q2ZBMVK9KJXXM,01JZ1G29Q82GQAKEXSK2E7NK3R,2025-06-30T22:51:41.162842506Z,01JZ1G2A24PAZYJHH2EQFGJG7N,2025-06-30T22:51:41.162842506Z,01JZ1GC4MM47P5V75X6NCDXBTN,2025-06-30T22:51:41.162842506Z,01JZ1GG43VKPZ1V5ZJWSGJMS64,2025-06-30T22:51:41.162842506Z,01JZ1GG4GS15NBCRHVAAV5BXM3,2025-06-30T22:51:41.162842506Z
01JZ17JXWG5G8MKMW785J3Z8EX,01JZ170DPRHYGRH6M74WMGZ8J5,2025-06-30T20:13:49.840801609Z,01JZ170DRXVGFVP20P8DK3M491,2025-06-30T20:13:49.840801609Z,01JZ17BF7NX0X3DRNTNKBRP4A9,2025-06-30T20:13:49.840801609Z,01JZ17H2JKQXYPBGV7RRHN6ECY,2025-06-30T20:13:49.840801609Z,01JZ17H2KX573H20YKHGZSB3KY,2025-06-30T20:13:49.840801609Z
01JZ17QNYZM32M3KKTEEEAGK67,01JZ170DPRHYGRH6M74WMGZ8J5,2025-06-30T20:16:25.567629646Z,01JZ170DS0283SZNEN95XAWWS4,2025-06-30T20:16:25.567629646Z,01JZ174WHQCMCA8133PA37NAKC,2025-06-30T20:16:25.567629646Z,01JZ17NT7VKFDEH0WZ6ZY88ZPG,2025-06-30T20:16:25.567629646Z,01JZ17NT9KEZ4Z8W5Q27PSFXEH,2025-06-30T20:16:25.567629646Z
01JZ17R6Z5XZ57008WZMAAQBEM,01JZ170DPRHYGRH6M74WMGZ8J5,2025-06-30T20:16:42.981883031Z,01JZ170DRSFZ9Y16965WN1Z2F9,2025-06-30T20:16:42.981883031Z,01JZ17971DQBZCGDTGNY2JH6QQ,2025-06-30T20:16:42.981883031Z,01JZ17G70SJ14STM6REY4G3XP7,2025-06-30T20:16:42.981883031Z,01JZ17G73V9W3VNSM29V3RZ5DW,2025-06-30T20:16:42.981883031Z
01JZ17SJVRW3H7VYPBWNXQX550,01JZ170DPRHYGRH6M74WMGZ8J5,2025-06-30T20:17:27.928537174Z,01JZ170DS434CCJM920VN081CV,2025-06-30T20:17:27.928537174Z,01JZ17DF0FPMATGYC1VKMVTRWC,2025-06-30T20:17:27.928537174Z,01JZ17HX12C9Q5A1V342FH26JF,2025-06-30T20:17:27.928537174Z,01JZ17HX3EQEFGC73HCGEKW352,2025-06-30T20:17:27.928537174Z
01JZ1AAV8YNY6EPW8B7JYRPE59,01JZ19VEXCKVX740B60X4W6PQN,2025-06-30T21:01:50.75009392Z,01JZ19VF1X4TGM9HTAVFF08YB3,2025-06-30T21:01:50.75009392Z,01JZ19YP19TRXJV609GHDS9029,2025-06-30T21:01:50.75009392Z,01JZ1A31V3EJ1Y2YEGMA5AZKE4,2025-06-30T21:01:50.75009392Z,01JZ1A3290C8XPZTPTW3G1G80F,2025-06-30T21:01:50.75009392Z
01JZ1DP9S640W3JG7ZK4QN840K,01JZ1D0RX94M7HHBAJDNGV8QRS,2025-06-30T22:00:31.782260987Z,01JZ1D0S3N2D9DCG3EHS8AP4R1,2025-06-30T22:00:31.782260987Z,01JZ1D7D81NBZRDY8M09FZNXH6,2025-06-30T22:00:31.782260987Z,01JZ1DJBF7R7NJ28KS5SRS1EHV,2025-06-30T22:00:31.782260987Z,01JZ1DJBTFKHRQNCWHMB23A1KW,2025-06-30T22:00:31.782260987Z
01JZ190W4EG5S46F0FA35KS7HV,01JZ18G4TN4FH7205KTQTFE7PM,2025-06-30T20:38:55.374603153Z,01JZ18G4XMK5QHE5YNTR43VZ9V,2025-06-30T20:38:55.374603153Z,01JZ18JYQDFDP4EVNZQ3HF507K,2025-06-30T20:38:55.374603153Z,01JZ18RP91GEW9EVAQBZZAHXYV,2025-06-30T20:38:55.374603153Z,01JZ18RPFWG4XEQZ470ZR69YVD,2025-06-30T20:38:55.374603153Z
01JZ1C9X3J46MMFQQYN5NWZNAK,01JZ1BX7WQMA45G0E33EEHJ3V9,2025-06-30T21:36:17.010429099Z,01JZ1BX81RJBYPGNM468STZ9YH,2025-06-30T21:36:17.010429099Z,01JZ1C1P9WXAKXCBQ2MNEBPRTC,2025-06-30T21:36:17.010429099Z,01JZ1C7YHP92FZYZDSW8SB4C2V,2025-06-30T21:36:17.010429099Z,01JZ1C7YT74R6EZQ0ARHYCMRK5,2025-06-30T21:36:17.010429099Z
01JZ1F15ZJ8D81ZJHS4PJ8ETSA,01JZ1E916HBESJXS5SJ82BFZ21,2025-06-30T22:23:56.914593804Z,01JZ1E91HHYKGR583PHV4V6JXR,2025-06-30T22:23:56.914593804Z,01JZ1EFK9EEAEM2ASPQWEXC3TB,2025-06-30T22:23:56.914593804Z,01JZ1ERVCEPEY697Y3TMZ7E1DG,2025-06-30T22:23:56.914593804Z,01JZ1ERVXPPDZ3DRM4TE2K1NBF,2025-06-30T22:23:56.914593804Z
01JZ17SYEHSYCQ3Q539Z07MTFY,01JZ170DPRHYGRH6M74WMGZ8J5,2025-06-30T20:17:39.79358912Z,01JZ170DSTXK5Z1DV671606E6A,2025-06-30T20:17:39.79358912Z,01JZ179522187EFD1N9MCMN3YS,2025-06-30T20:17:39.79358912Z,01JZ17J85RY443EPKC8WCTQNMR,2025-06-30T20:17:39.79358912Z,01JZ17J88A8VP8RMGE8BSKN4H6,2025-06-30T20:17:39.79358912Z
01JZ17W208T7BG22AP79D81ZC3,01JZ170DPRHYGRH6M74WMGZ8J5,2025-06-30T20:18:48.968724781Z,01JZ170DRQN15452AYS561M232,2025-06-30T20:18:48.968724781Z,01JZ177RVVNSCWMQHY3N3M9P3Y,2025-06-30T20:18:48.968724781Z,01JZ17RBCT038Y8QAFS6F67QDM,2025-06-30T20:18:48.968724781Z,01JZ17RBG8YTAYEQS83SYBQZSE,2025-06-30T20:18:48.968724781Z
01JZ18YVAWEWE2WQ83P488WA6Z,01JZ18G4TN4FH7205KTQTFE7PM,2025-06-30T20:37:49.020545435Z,01JZ18G4Y1ABZPJ815NAWEN19T,2025-06-30T20:37:49.020545435Z,01JZ18HQKYW690RKTXSRY6QQQ2,2025-06-30T20:37:49.020545435Z,01JZ18PMFWXRBMGQD7EAMQ4QF6,2025-06-30T20:37:49.020545435Z,01JZ18PMPWTZNVAVCSNQQEA05F,2025-06-30T20:37:49.020545435Z
01JZ17QNZ7B4GX1041553EATFX,01JZ170DPRHYGRH6M74WMGZ8J5,2025-06-30T20:16:25.57526753Z,01JZ170DS0283SZNEN95XAWWS4,2025-06-30T20:16:25.57526753Z,01JZ17NQ4AD6VM7PXCZNF246W5,2025-06-30T20:16:25.57526753Z,01JZ17NT7VKFDEH0WZ6ZY88ZPG,2025-06-30T20:16:25.57526753Z,01JZ17NT9KEZ4Z8W5Q27PSFXEH,2025-06-30T20:16:25.57526753Z
01JZ17RCBW4VR9RBSPNP590DE1,01JZ170DPRHYGRH6M74WMGZ8J5,2025-06-30T20:16:48.508974884Z,01JZ170DRQN15452AYS561M232,2025-06-30T20:16:48.508974884Z,01JZ17QY7AVGGNKHH7ZM5STBVV,2025-06-30T20:16:48.508974884Z,01JZ17RBBXJNB1SM787WX1GG11,2025-06-30T20:16:48.508974884Z,01JZ17RBEWY4JQKJ0PXR25HY01,2025-06-30T20:16:48.508974884Z
01JZ17SP2NBMPMS7GN0V8GSGTC,01JZ170DPRHYGRH6M74WMGZ8J5,2025-06-30T20:17:31.22203788Z,01JZ170DS8YWG03GZVY59N3JD0,2025-06-30T20:17:31.22203788Z,01JZ17AFTYKZ447G4RP003MK6R,2025-06-30T20:17:31.22203788Z,01JZ17HNMVNEYYPPYMQAP8NS4W,2025-06-30T20:17:31.22203788Z,01JZ17HNR93RTH6SRHE160CD2Y,2025-06-30T20:17:31.22203788Z
01JZ18V6Z2J469BRZAQ60BNQMF,01JZ18G4TN4FH7205KTQTFE7PM,2025-06-30T20:35:49.858199169Z,01JZ18G4YTQTSXFW2X0Y80VGVG,2025-06-30T20:35:49.858199169Z,01JZ18JQTYVQ19WTRN7KYJ00FT,2025-06-30T20:35:49.858199169Z,01JZ18QCHSRQEB636MAZYTF93F,2025-06-30T20:35:49.858199169Z,01JZ18QCP19745TT978W5P3MRY,2025-06-30T20:35:49.858199169Z
01JZ18Y9863RN2D839TD7A4M3B,01JZ18G4TN4FH7205KTQTFE7PM,2025-06-30T20:37:30.502529225Z,01JZ18G4XMK5QHE5YNTR43VZ9V,2025-06-30T20:37:30.502529225Z,01JZ18J9W8KMP67K3HENBC0CVQ,2025-06-30T20:37:30.502529225Z,01JZ18RP89JC5KMWSQF397VP76,2025-06-30T20:37:30.502529225Z,01JZ18RPD577QZPR0KNDE9TH8W,2025-06-30T20:37:30.502529225Z
01JZ17S8R2GJ5GW7BNPSF73B64,01JZ170DPRHYGRH6M74WMGZ8J5,2025-06-30T20:17:17.570228787Z,01JZ170DS434CCJM920VN081CV,2025-06-30T20:17:17.570228787Z,01JZ17DF0FPMATGYC1VKMVTRWC,2025-06-30T20:17:17.570228787Z,01JZ17HX1BGQ137FDPYSARB5NT,2025-06-30T20:17:17.570228787Z,01JZ17HX2WGK4SH5ACH7AKGKY9,2025-06-30T20:17:17.570228787Z
01JZ18RHVYV63TBFKVGAQN43WW,01JZ18G4TN4FH7205KTQTFE7PM,2025-06-30T20:34:22.7188295Z,01JZ18G4ZZG5A688HVVJGKBFVW,2025-06-30T20:34:22.7188295Z,01JZ18N0JKWFKXBS82BQZ5RVQD,2025-06-30T20:34:22.7188295Z,01JZ18RFPBGVB1PJ8WVY2S92SR,2025-06-30T20:34:22.7188295Z,01JZ18RFS37DDHZAPQ7AZZ8HDA,2025-06-30T20:34:22.7188295Z
01JZ18ZM219QJRXY3X656Z5H2G,01JZ18G4TN4FH7205KTQTFE7PM,2025-06-30T20:38:14.338054846Z,01JZ18G4YTQTSXFW2X0Y80VGVG,2025-06-30T20:38:14.338054846Z,01JZ18JQTYVQ19WTRN7KYJ00FT,2025-06-30T20:38:14.338054846Z,01JZ18QCJV80NZ6CWN841W78CA,2025-06-30T20:38:14.338054846Z,01JZ18QCTC2XN58WT3REP763GK,2025-06-30T20:38:14.338054846Z
01JZ18Q3BRMHXAJ5858BJ4MHDC,01JZ18G4TN4FH7205KTQTFE7PM,2025-06-30T20:33:35.096269064Z,01JZ18G4YA2XRQ9RK4RH5WQB1P,2025-06-30T20:33:35.096269064Z,01JZ18MZ9CEYXM1F4JSENNJ9RA,2025-06-30T20:33:35.096269064Z,01JZ18Q1R1B7GYCBMPZ4J0A4A5,2025-06-30T20:33:35.096269064Z,01JZ18Q1TSFZZQS5FGTPWK8FNB,2025-06-30T20:33:35.096269064Z
01JZ17PTV2VE5B05882XKVC5HH,01JZ170DPRHYGRH6M74WMGZ8J5,2025-06-30T20:15:57.794808488Z,01JZ170DSMJZPS89ZBMFZ7ATK7,2025-06-30T20:15:57.794808488Z,01JZ17ECC07JKYK10HK5BT3SZQ,2025-06-30T20:15:57.794808488Z,01JZ17MYDW712GB678NHAF4EAC,2025-06-30T20:15:57.794808488Z,01JZ17MYK6TSEM0FE9TJ34XM6C,2025-06-30T20:15:57.794808488Z
01JZ17S675B1WAKMSJ2TEFW9FH,01JZ170DPRHYGRH6M74WMGZ8J5,2025-06-30T20:17:14.981833297Z,01JZ170DS5DJKXJ3Z7YVJKJJXK,2025-06-30T20:17:14.981833297Z,01JZ178QE8FT7YCFAWRXFD895X,2025-06-30T20:17:14.981833297Z,01JZ17QA5NP4NCPJJVMNCZ9F7W,2025-06-30T20:17:14.981833297Z,01JZ17QA7R6RMSWTTSTG8PTY2J,2025-06-30T20:17:14.981833297Z
01JZ18SAVWY5Q3CD5PPJ1J9QPM,01JZ18G4TN4FH7205KTQTFE7PM,2025-06-30T20:34:48.316561167Z,01JZ18G4Z7SR18DC8PDBR22HS5,2025-06-30T20:34:48.316561167Z,01JZ18JCX14E3JYTT1AT1DNHJS,2025-06-30T20:34:48.316561167Z,01JZ18S8VF5J1VCYDTJZFPF4QA,2025-06-30T20:34:48.316561167Z,01JZ18S8YGPM3F3MAQCG4WCDW1,2025-06-30T20:34:48.316561167Z
01JZ18SVCBTY21DVT72VWETBX5,01JZ18G4TN4FH7205KTQTFE7PM,2025-06-30T20:35:05.22715671Z,01JZ18G4YK3PSP6R2PNWBA4P8S,2025-06-30T20:35:05.22715671Z,01JZ18HYEVQSC277Q1HCSHCSWE,2025-06-30T20:35:05.22715671Z,01JZ18QWBAHK4T4H0VEYDTYNA4,2025-06-30T20:35:05.22715671Z,01JZ18QWEKTT51B5RARFJ2E1HQ,2025-06-30T20:35:05.22715671Z
01JZ1AAGY8G0VSHDVNC52KFG62,01JZ19VEXCKVX740B60X4W6PQN,2025-06-30T21:01:40.16900813Z,01JZ19VF1X4TGM9HTAVFF08YB3,2025-06-30T21:01:40.16900813Z,01JZ19YKGANWM091HXPRFZY75R,2025-06-30T21:01:40.16900813Z,01JZ1A31TDZKWTX3G3H9PC4RBE,2025-06-30T21:01:40.16900813Z,01JZ1A326WS216DQ7AQ8R85P2Z,2025-06-30T21:01:40.16900813Z
01JZ1BF2VWP72GDNQZ5PPKTNDC,01JZ1B1VZ9TM9N3252XVVAH9DZ,2025-06-30T21:21:38.17257271Z,01JZ1B1W2WT8MR9NJ7RDDSFH2M,2025-06-30T21:21:38.17257271Z,01JZ1BAVN5GCQ9KGRAEPYWSGEC,2025-06-30T21:21:38.17257271Z,01JZ1BD3Y8NHHCFXCV7WB08PE6,2025-06-30T21:21:38.17257271Z,01JZ1BD4BBAEFYK9NRYQAQA650,2025-06-30T21:21:38.17257271Z
01JZ1BXHT99111JR97TVYDWQHK,01JZ1B1VZ9TM9N3252XVVAH9DZ,2025-06-30T21:29:32.233080784Z,01JZ1B1W5TAZ0C76DBH0ZAEY5X,2025-06-30T21:29:32.233080784Z,01JZ1BNKT1EA6BGVVN8436Q4BP,2025-06-30T21:29:32.233080784Z,01JZ1BNNPVHRHE8S109SGCSVME,2025-06-30T21:29:32.233080784Z,01JZ1BNPM2SKCJW6H10Q28J9CX,2025-06-30T21:29:32.233080784Z
01JZ17PADS9A26QGNJFCNFTXVA,01JZ170DPRHYGRH6M74WMGZ8J5,2025-06-30T20:15:40.985810614Z,01JZ170DS434CCJM920K0JDY80,2025-06-30T20:15:40.985810614Z,01JZ17BXPZGQSXJ1A4PH60Q6WQ,2025-06-30T20:15:40.985810614Z,01JZ17MESGQH4PGAZ2NQBVJJAG,2025-06-30T20:15:40.985810614Z,01JZ17MEV712MM5YZJ7MX7PD80,2025-06-30T20:15:40.985810614Z
01JZ17T77K16115ZJR6R1RZ93E,01JZ170DPRHYGRH6M74WMGZ8J5,2025-06-30T20:17:48.787132781Z,01JZ170DRQN15452AYS561M232,2025-06-30T20:17:48.787132781Z,01JZ17QY7AVGGNKHH7ZM5STBVV,2025-06-30T20:17:48.787132781Z,01JZ17RBCT038Y8QAFS6F67QDM,2025-06-30T20:17:48.787132781Z,01JZ17RBG2FZTBKAYMWRB4MVTN,2025-06-30T20:17:48.787132781Z
01JZ17WVWJ5XRQ04RVYE8W6G9E,01JZ170DPRHYGRH6M74WMGZ8J5,2025-06-30T20:19:15.474263834Z,01JZ170DS5DJKXJ3Z7YVJKJJXK,2025-06-30T20:19:15.474263834Z,01JZ178QE8FT7YCFAWRXFD895X,2025-06-30T20:19:15.474263834Z,01JZ17QA5NP4NCPJJVMNCZ9F7W,2025-06-30T20:19:15.474263834Z,01JZ17QA88YGJK5Z767Z5YN7Y4,2025-06-30T20:19:15.474263834Z
01JZ18Y3WDM98D6QT47SM9FY5X,01JZ18G4TN4FH7205KTQTFE7PM,2025-06-30T20:37:25.005460752Z,01JZ18G4ZZG5A688HVVJGKBFVW,2025-06-30T20:37:25.005460752Z,01JZ18K484MAW8WSQHH7HSG9Z4,2025-06-30T20:37:25.005460752Z,01JZ18RFQ4W09NKQ14XZ3KQN1E,2025-06-30T20:37:25.005460752Z,01JZ18RFW4J096JYHRDJWPBVBD,2025-06-30T20:37:25.005460752Z
01JZ1CG5SSAP876VGB23GCWABX,01JZ1BX7WQMA45G0E33EEHJ3V9,2025-06-30T21:39:42.521102696Z,01JZ1BX81RJBYPGNM468STZ9YH,2025-06-30T21:39:42.521102696Z,01JZ1C7E8DJFPWRMGRQW39DWYT,2025-06-30T21:39:42.521102696Z,01JZ1C7YMQAMFB9S9MJX437MX7,2025-06-30T21:39:42.521102696Z,01JZ1C7Z478C6M6M1M88QF080R,2025-06-30T21:39:42.521102696Z
01JZ1CMEZRPWGD6R1F5ZJVFHEV,01JZ1C4XJFQQ45ZHGATAXVBX0J,2025-06-30T21:42:03.000226199Z,01JZ1C4XNE4VHGMR9JDZS6Y7F9,2025-06-30T21:42:03.000226199Z,01JZ1CEYEW4QC345QNCDR6C494,2025-06-30T21:42:03.000226199Z,01JZ1CM9HSWSHAX9FB9M6KQ29W,2025-06-30T21:42:03.000226199Z,01JZ1CM9RFST88QA1FS194B25R,2025-06-30T21:42:03.000226199Z
01JZ1F7AHJNJD1P58WJ7RP21RV,01JZ1E916HBESJXS5SJ82BFZ21,2025-06-30T22:27:18.194497705Z,01JZ1E91ENR7DC2PFTK7ZY5PTJ,2025-06-30T22:27:18.194497705Z,01JZ1EESNEX1G6N7P06E41EYRK,2025-06-30T22:27:18.194497705Z,01JZ1F70HHE21FXBJ549WERQ2G,2025-06-30T22:27:18.194497705Z,01JZ1F70T8KGQPFGJ0TXM0WWNS,2025-06-30T22:27:18.194497705Z
01JZ1DGRXMZYBAM4N295FWK7SH,01JZ1D0RX94M7HHBAJDNGV8QRS,2025-06-30T21:57:30.676341327Z,01JZ1D0S58CJJ0G6BA8AW8ZVCS,2025-06-30T21:57:30.676341327Z,01JZ1D6ZQPM67S4BNXG3Y9BBD9,2025-06-30T21:57:30.676341327Z,01JZ1D971RNG9X4SW8NSVY9CFR,2025-06-30T21:57:30.676341327Z,01JZ1D97GC7KPGH39RJZS9DMK5,2025-06-30T21:57:30.676341327Z
01JZ17NC5VCA097QHJMXF912G0,01JZ170DPRHYGRH6M74WMGZ8J5,2025-06-30T20:15:10.011793651Z,01JZ170DS8YWG03GZVY59N3JD0,2025-06-30T20:15:10.011793651Z,01JZ17CW18JBK0SW96CVGPG5D0,2025-06-30T20:15:10.011793651Z,01JZ17HNMQAAW5HV1NJ3KN0TDP,2025-06-30T20:15:10.011793651Z,01JZ17HNP6QCD1MJXSWCZN1D4Z,2025-06-30T20:15:10.011793651Z
01JZ17YGRZA3W06BJWTZ785M9V,01JZ170DPRHYGRH6M74WMGZ8J5,2025-06-30T20:20:09.631954624Z,01JZ170DS9MMA8EZAVKYS5SMHX,2025-06-30T20:20:09.631954624Z,01JZ17QM16148RHAHCPPZX620J,2025-06-30T20:20:09.631954624Z,01JZ17TR7E1D7CES1YNCABFX51,2025-06-30T20:20:09.631954624Z,01JZ17TRBBRN18K8M8NDSQNJSF,2025-06-30T20:20:09.631954624Z
01JZ18SJXHCN5JZM0YYEMX5SC6,01JZ18G4TN4FH7205KTQTFE7PM,2025-06-30T20:34:56.56120579Z,01JZ18G4ZPD0G0WRB3ZSNJ4KSW,2025-06-30T20:34:56.56120579Z,01JZ18HV1R8B29VBXTS00FPVXC,2025-06-30T20:34:56.56120579Z,01JZ18QMDSQREXVSZ9J332HVG7,2025-06-30T20:34:56.56120579Z,01JZ18QMMADJ900T0SE738Z66N,2025-06-30T20:34:56.56120579Z
01JZ18X9Z2NMZQBDNYDDM2X6WT,01JZ18G4TN4FH7205KTQTFE7PM,2025-06-30T20:36:58.466129358Z,01JZ18G4ZDA13FR053ZT1R1FPF,2025-06-30T20:36:58.466129358Z,01JZ18J71C4JGFMP9MP8Y4KY9T,2025-06-30T20:36:58.466129358Z,01JZ18NR6HCE23W41F3CPVZTY3,2025-06-30T20:36:58.466129358Z,01JZ18NRAYW3T2WM9DR7R5NBNE,2025-06-30T20:36:58.466129358Z
01JZ18YV9S6E0T35SZ0YG92HHJ,01JZ18G4TN4FH7205KTQTFE7PM,2025-06-30T20:37:48.985044347Z,01JZ18G4Y1ABZPJ815NAWEN19T,2025-06-30T20:37:48.985044347Z,01JZ18JGZBSWHAA8MGTKR735JR,2025-06-30T20:37:48.985044347Z,01JZ18PMFWXRBMGQD7EAMQ4QF6,2025-06-30T20:37:48.985044347Z,01JZ18PMPWTZNVAVCSNQQEA05F,2025-06-30T20:37:48.985044347Z
01JZ18YWA8NCSVP7K4HG4FAY73,01JZ18G4TN4FH7205KTQTFE7PM,2025-06-30T20:37:50.02425067Z,01JZ18G4Z7SR18DC8PDBR22HS5,2025-06-30T20:37:50.02425067Z,01JZ18K0S7ESWE4C2YKPFWVG9K,2025-06-30T20:37:50.02425067Z,01JZ18S8W382ZTX14ED28QZWFS,2025-06-30T20:37:50.02425067Z,01JZ18S91PKVD5S703E5P7J2GZ,2025-06-30T20:37:50.02425067Z
01JZ1BD7KYWMTSEYM949TTQV30,01JZ1B1VZ9TM9N3252XVVAH9DZ,2025-06-30T21:20:37.502958315Z,01JZ1B1W2WT8MR9NJ7RDDSFH2M,2025-06-30T21:20:37.502958315Z,01JZ1B64GPABF5830RNTZP1A2Y,2025-06-30T21:20:37.502958315Z,01JZ1BD3WQZQC101K8A6FPPJ19,2025-06-30T21:20:37.502958315Z,01JZ1BD46WFGNYMFZFEXD9C91Q,2025-06-30T21:20:37.502958315Z
01JZ1GP1XJNC05EDPBMF4VNTK4,01JZ1G29Q82GQAKEXSK2E7NK3R,2025-06-30T22:52:49.458790302Z,01JZ1G2A6YM039KVE3FBKDN5TM,2025-06-30T22:52:49.458790302Z,01JZ1G4ZKPR33SMREF8RYR14CE,2025-06-30T22:52:49.458790302Z,01JZ1GDRVTRVBNPQ0V4C3E11WJ,2025-06-30T22:52:49.458790302Z,01JZ1GDSWE797A728J9JHG91W0,2025-06-30T22:52:49.458790302Z
01JZ17QZT4GFMQ3M0B8SGF02Y2,01JZ170DPRHYGRH6M74WMGZ8J5,2025-06-30T20:16:35.652224862Z,01JZ170DSR5F2SARFX61BD5BFD,2025-06-30T20:16:35.652224862Z,01JZ17BSGD1ZFE3AGW45TSH40F,2025-06-30T20:16:35.652224862Z,01JZ17M8SSZ2QHECS5BA0DPMCQ,2025-06-30T20:16:35.652224862Z,01JZ17M8X6KC6NF1RFX4WSPE6H,2025-06-30T20:16:35.652224862Z
01JZ17Y31JX9SEAHQ5XNGT4JWX,01JZ170DPRHYGRH6M74WMGZ8J5,2025-06-30T20:19:55.570829917Z,01JZ170DRV33K8D9D9ZMQKAW2D,2025-06-30T20:19:55.570829917Z,01JZ17DQR0WXBVGZE5VFC3T0EF,2025-06-30T20:19:55.570829917Z,01JZ17PPJ2YWZWK15QBYRMGXYC,2025-06-30T20:19:55.570829917Z,01JZ17PPMHDK98DK1177D9WR7E,2025-06-30T20:19:55.570829917Z
01JZ190RPMDJDY0N5ZXHBDR31V,01JZ18QHX9XGN83K6T42FK97D5,2025-06-30T20:38:51.860141379Z,01JZ18QHZ9KPT0XZ66BZ9ZB89K,2025-06-30T20:38:51.860141379Z,01JZ18YPKHPP41HP4A0Q4F3DHM,2025-06-30T20:38:51.860141379Z,01JZ190NGFZQKP3C3J9CSTAF6G,2025-06-30T20:38:51.860141379Z,01JZ190NM7QK3C80RBE2B5WJ43,2025-06-30T20:38:51.860141379Z
01JZ1BMMMNHJP5Y7X6DQ5955AQ,01JZ1B1VZ9TM9N3252XVVAH9DZ,2025-06-30T21:24:40.213485058Z,01JZ1B1W2WT8MR9NJ7RDDSFH2M,2025-06-30T21:24:40.213485058Z,01JZ1B56KN8DYJ21G7YK1NVQR0,2025-06-30T21:24:40.213485058Z,01JZ1BD44PFFYBYMY5MP17VM3Y,2025-06-30T21:24:40.213485058Z,01JZ1BD4HRECF275A2V1NH487D,2025-06-30T21:24:40.213485058Z
01JZ1F17BVEYBN6CXGDMSM219A,01JZ1E916HBESJXS5SJ82BFZ21,2025-06-30T22:23:58.331588785Z,01JZ1E91Z6K0ZJGCC53Q4JQWJP,2025-06-30T22:23:58.331588785Z,01JZ1EPVZGZEY9DBBKYD48H59H,2025-06-30T22:23:58.331588785Z,01JZ1EXBWE57CVQYV0Q5D3TA2S,2025-06-30T22:23:58.331588785Z,01JZ1EXC8JVAR27FH399TBW46Y,2025-06-30T22:23:58.331588785Z
01JZ1F969XK73JBPJ85GW9DKSP,01JZ1E916HBESJXS5SJ82BFZ21,2025-06-30T22:28:19.389110881Z,01JZ1E91ENR7DC2PFTK7ZY5PTJ,2025-06-30T22:28:19.389110881Z,01JZ1F6AT65D7Q2J3RRFNE8GQF,2025-06-30T22:28:19.389110881Z,01JZ1F70RJ6JX7FR0QPB30BKG3,2025-06-30T22:28:19.389110881Z,01JZ1F70YWFR7HBRX254H2M9ZA,2025-06-30T22:28:19.389110881Z
01JZ1GSZ5G5X7DYC9RYZZNAX4J,01JZ1G29Q82GQAKEXSK2E7NK3R,2025-06-30T22:54:57.712372356Z,01JZ1G29XRNS92G9JYEX4H033M,2025-06-30T22:54:57.712372356Z,01JZ1G3PKEWNM3BADHFXST2D82,2025-06-30T22:54:57.712372356Z,01JZ1GM688HKS6CMQAXCQKE8GC,2025-06-30T22:54:57.712372356Z,01JZ1GM6VHHYMMQFRVM2JPSXRK,2025-06-30T22:54:57.712372356Z
01JZ17G5K2GJ9KE4CHAVWHQN4R,01JZ170DPRHYGRH6M74WMGZ8J5,2025-06-30T20:12:19.426144969Z,01JZ170DRRRWN613C5WJQ8B5Q6,2025-06-30T20:12:19.426144969Z,01JZ178SZSEG7MZD5W906ME19S,2025-06-30T20:12:19.426144969Z,01JZ17G526V3QE34K6X6V2S8DM,2025-06-30T20:12:19.426144969Z,01JZ17G5356YF5HQZXE4JNKE6Q,2025-06-30T20:12:19.426144969Z
01JZ17G7JDNENT64DXC34VVH32,01JZ170DPRHYGRH6M74WMGZ8J5,2025-06-30T20:12:21.45378972Z,01JZ170DRSFZ9Y16965WN1Z2F9,2025-06-30T20:12:21.45378972Z,01JZ17C7XWANHTDKEBR013EKFH,2025-06-30T20:12:21.45378972Z,01JZ17G70CK9Q7FFZCZJ2KGMZQ,2025-06-30T20:12:21.45378972Z,01JZ17G717SS73NQTZKCSMHBWK,2025-06-30T20:12:21.45378972Z
01JZ17J0H8T8ZNK5BHHSM19MM5,01JZ170DPRHYGRH6M74WMGZ8J5,2025-06-30T20:13:19.784374412Z,01JZ170DRRRWN613C5WJQ8B5Q6,2025-06-30T20:13:19.784374412Z,01JZ1783Y320G4QQ1JCVQAE220,2025-06-30T20:13:19.784374412Z,01JZ17G525MGXJWBMSF6HV25RV,2025-06-30T20:13:19.784374412Z,01JZ17G53WVHW3K4ZXG0XD5F11,2025-06-30T20:13:19.784374412Z
01JZ1BT7NG0VNH3CQ3KAGJ9MNW,01JZ1B1VZ9TM9N3252XVVAH9DZ,2025-06-30T21:27:43.536618295Z,01JZ1B1W46BH5YH0XYSE8KJRBK,2025-06-30T21:27:43.536618295Z,01JZ1ANK2PZ7NTFNFMNB753RPA,2025-06-30T21:27:43.536618295Z,01JZ1BJ1FAQJQXPY3NN1T11973,2025-06-30T21:27:43.536618295Z,01JZ1BJ1VZTMR233FHHW2QDPDF,2025-06-30T21:27:43.536618295Z
