id,active,activeLastChangedAt,confirmedReady,confirmedReadyLastChangedAt,currentColumn,currentColumnLastChangedAt,currentTask,currentTaskLastChangedAt,ended,endedLastChangedAt,exitStep,exitStepLastChangedAt,exitSurvey,exitSurveyLastChangedAt,gameID,gameIDLastChangedAt,intro,introLastChangedAt,introDone,introDoneLastChangedAt,kicked,kickedLastChangedAt,name,nameLastChangedAt,numCompletedTasks,numCompletedTasksLastChangedAt,participantID,participantIDLastChangedAt,role,roleLastChangedAt,treatment,treatmentLastChangedAt,treatmentName,treatmentNameLastChangedAt,urlParams,urlParamsLastChangedAt,view,viewLastChangedAt
01JZ1D4E6V1F7QYCN1KQC77HPV,,,,,,,,,game ended,2025-06-30T22:07:33.712835464Z,,,,,01JZ1D0S61XK8FZCNQBM2ZAEE6,2025-06-30T21:50:46.61146786Z,3,2025-06-30T21:51:27.850761231Z,true,2025-06-30T21:51:48.189345679Z,true,2025-06-30T22:02:19.788906619Z,Player 2,2025-06-30T21:57:54.359357207Z,,,01JZ1D4E0BE4V6DCM35TBQBMRR,2025-06-30T21:50:46.491568321Z,,,"{""networkStruct"":""reciprocal"",""playerCount"":6}",2025-06-30T21:50:46.61146786Z,"Reciprocal, Redundancy",2025-06-30T21:50:46.61146786Z,{},2025-06-30T21:50:46.729310883Z,,
01JZ1G7Q5PBNYB0Y67X5QD4VST,true,2025-06-30T22:52:47.432648577Z,true,2025-06-30T22:52:38.76382163Z,null,2025-06-30T22:54:33.049130542Z,null,2025-06-30T22:54:33.166147127Z,game ended,2025-06-30T22:58:00.677743548Z,1,2025-06-30T23:07:34.027604515Z,"{""age"":""40"",""gender"":""female"",""strength"":""Enjoyable game, the task doing the miles seemed fairly straight forward. Was real good fun though."",""fair"":""Yeah, everyone seemed friendly in the chat at the start. I assume they did their tasks well!"",""feedback"":""I had no issues at all, I couldn't improve it myself. "",""education"":""master""}",2025-06-30T23:07:34.075497858Z,01JZ1G2A3Q53QEYHDQX68WVVKH,2025-06-30T22:44:59.791747926Z,3,2025-06-30T22:45:02.817440624Z,true,2025-06-30T22:45:03.450044271Z,,,Player 3,2025-06-30T22:48:26.951444555Z,14,2025-06-30T22:54:33.106433982Z,01JZ1G7PSHWWVY7S6P004ES3QF,2025-06-30T22:44:59.702931377Z,CHILDREN'S COMMUTE DISTANCE,2025-06-30T22:52:47.432648577Z,"{""networkStruct"":""reciprocal"",""playerCount"":3}",2025-06-30T22:44:59.791747926Z,"Reciprocal, No Redundancy",2025-06-30T22:44:59.791747926Z,{},2025-06-30T22:44:59.994186407Z,TaskQueue,2025-06-30T22:54:32.979781036Z
01JZ18JHACQMQPJCAE4XRR7QFX,,,,,,,,,game ended,2025-06-30T20:43:43.37202417Z,,,,,01JZ18G512YK4K14AJW1A4KQT5,2025-06-30T20:31:05.596751922Z,3,2025-06-30T20:31:10.592176951Z,true,2025-06-30T20:31:11.408218204Z,true,2025-06-30T20:38:27.416661677Z,Player 3,2025-06-30T20:34:13.035831681Z,,,01JZ18JH7K22G27F5C8SDK29HF,2025-06-30T20:31:05.548865357Z,,,"{""networkStruct"":""pooled"",""playerCount"":6}",2025-06-30T20:31:05.596751922Z,"Pooled, Redundancy",2025-06-30T20:31:05.596751922Z,{},2025-06-30T20:31:05.657130817Z,,
01JZ1926K6H0H711FYPEGQP55S,,,,,,,,,no more games,2025-06-30T22:56:23.893405936Z,1,2025-06-30T20:40:58.690553472Z,"{""age"":""27"",""gender"":""Male"",""strength"":""What game? Nothing happened"",""fair"":""What teamates? Nothing happened"",""feedback"":""Uhm by... having something happen?"",""education"":""bachelor""}",2025-06-30T20:40:58.670343968Z,null,2025-06-30T22:56:23.893405936Z,,,,,,,,,,,01JZ19261SZ30ZFJJF2FG50VMB,2025-06-30T20:39:38.854418018Z,,,"{""networkStruct"":""pooled"",""playerCount"":4}",2025-06-30T20:39:38.98550818Z,"Pooled, Some Redundancy",2025-06-30T20:39:38.98550818Z,{},2025-06-30T20:39:39.217208983Z,,
01JZ195T7CM9E9D741FRTSN666,,,,,,,,,no more games,2025-06-30T21:58:21.876743771Z,1,2025-06-30T20:44:08.201804595Z,"{""age"":""38"",""gender"":""female"",""strength"":""I fhink was a good game but i canot finish it, don´t know why"",""fair"":""i don´t know, but all elements are need it to give ideas and help"",""feedback"":"""",""education"":""master""}",2025-06-30T20:44:08.22482798Z,null,2025-06-30T21:58:21.876743771Z,3,2025-06-30T20:42:33.985661281Z,,,,,,,,,01JZ195SAGJVVZYPA67NNB7JZS,2025-06-30T20:41:37.260241867Z,,,"{""networkStruct"":""reciprocal"",""playerCount"":4}",2025-06-30T20:41:37.31009698Z,"Reciprocal, Some Redundancy",2025-06-30T20:41:37.31009698Z,{},2025-06-30T20:41:37.81926945Z,,
01JZ19X9AX1VPBDDCP087HWECT,true,2025-06-30T21:01:50.313266734Z,true,2025-06-30T21:01:41.80708202Z,,,null,2025-06-30T21:04:00.698030091Z,game ended,2025-06-30T21:07:04.345924244Z,1,2025-06-30T21:09:46.040303978Z,"{""age"":""33"",""gender"":""male"",""strength"":""it was fun"",""fair"":""no because the game did not require team effort"",""feedback"":""better use for teamates"",""education"":""high-school""}",2025-06-30T21:09:46.01913853Z,01JZ19VF1X4TGM9HTAVFF08YB3,2025-06-30T20:54:26.428786296Z,3,2025-06-30T20:54:52.636777752Z,true,2025-06-30T20:57:34.990263531Z,,,Player 1,2025-06-30T20:57:35.34870179Z,1,2025-06-30T21:04:00.774395123Z,01JZ19X9325MMMVCSNBCMFCNTD,2025-06-30T20:54:26.397312778Z,,,"{""networkStruct"":""pooled"",""playerCount"":6}",2025-06-30T20:54:26.428786296Z,"Pooled, Redundancy",2025-06-30T20:54:26.428786296Z,{},2025-06-30T20:54:26.566049319Z,TaskQueue,2025-06-30T21:04:00.736552383Z
01JZ17SZ6E6T3YYSD68XSND34P,,,,,,,,,no more games,2025-06-30T21:25:22.491405605Z,,,,,null,2025-06-30T21:25:22.491405605Z,,,,,,,,,,,01JZ17SZ4N3AFH7YZECHHBK31F,2025-06-30T20:17:40.558337566Z,,,"{""networkStruct"":""pooled"",""playerCount"":6}",2025-06-30T20:17:40.580467939Z,"Pooled, Redundancy",2025-06-30T20:17:40.580467939Z,{},2025-06-30T20:17:40.601678712Z,,
01JZ18JYQDFDP4EVNZQ3HF507K,true,2025-06-30T20:38:51.622897273Z,true,2025-06-30T20:38:45.036344239Z,,,null,2025-06-30T20:42:02.691612687Z,game ended,2025-06-30T20:44:06.655135903Z,1,2025-06-30T20:44:57.667815189Z,"{""age"":""31"",""gender"":""Female"",""strength"":""It was a bit confusing for me"",""fair"":""Yes"",""feedback"":""With more test rounds"",""education"":""master""}",2025-06-30T20:44:57.651536585Z,01JZ18G4XMK5QHE5YNTR43VZ9V,2025-06-30T20:33:44.294722712Z,3,2025-06-30T20:32:10.448520183Z,true,2025-06-30T20:33:57.228785364Z,,,Player 4,2025-06-30T20:34:27.24600239Z,2,2025-06-30T20:42:02.792969196Z,01JZ18JY6DN6G3Z12D4EM3E6PA,2025-06-30T20:31:19.277833342Z,,,"{""networkStruct"":""pooled"",""playerCount"":6}",2025-06-30T20:31:19.296018545Z,"Pooled, Redundancy",2025-06-30T20:31:19.296018545Z,{},2025-06-30T20:31:19.594785567Z,TaskQueue,2025-06-30T20:42:02.759837277Z
01JZ1B9RKGGPBZN9JYRZ9983RJ,,,,,,,,,no more games,2025-06-30T21:57:53.402081961Z,,,,,null,2025-06-30T21:57:53.402081961Z,3,2025-06-30T21:19:50.095632989Z,,,,,,,,,01JZ1B9R6STG3G87HZCZH5DN1G,2025-06-30T21:18:43.824560631Z,,,"{""networkStruct"":""reciprocal"",""playerCount"":6}",2025-06-30T21:18:43.875837351Z,"Reciprocal, Redundancy",2025-06-30T21:18:43.875837351Z,{},2025-06-30T21:18:44.069664801Z,,
01JZ1EAPTEQ3YCZAND0ZRHWRT7,true,2025-06-30T22:26:31.385764791Z,true,2025-06-30T22:26:25.651761238Z,null,2025-06-30T22:29:14.601925622Z,null,2025-06-30T22:29:14.557672875Z,game ended,2025-06-30T22:31:43.668547817Z,1,2025-06-30T22:32:18.139415456Z,"{""age"":""23"",""gender"":""Male"",""strength"":""It was an interesting game"",""fair"":""They were a bit slow I think"",""feedback"":"""",""education"":""other""}",2025-06-30T22:32:18.099981504Z,01JZ1E91WFH0SPDF0PZ6G1349X,2025-06-30T22:11:40.550577286Z,3,2025-06-30T22:12:13.580861295Z,true,2025-06-30T22:12:34.662480597Z,,,Player 1,2025-06-30T22:22:13.550509847Z,15,2025-06-30T22:29:14.7031118Z,01JZ1EAPENT3YS89NC97KT62C1,2025-06-30T22:11:40.494651404Z,AVERAGE PEOPLE,2025-06-30T22:26:31.385764791Z,"{""networkStruct"":""reciprocal"",""playerCount"":3}",2025-06-30T22:11:40.550577286Z,"Reciprocal, No Redundancy",2025-06-30T22:11:40.550577286Z,{},2025-06-30T22:11:40.740586704Z,TaskQueue,2025-06-30T22:29:14.638142751Z
01JZ17NQ4AD6VM7PXCZNF246W5,,,,,,,,,game ended,2025-06-30T20:24:47.738046724Z,,,,,01JZ170DS0283SZNEN95XAWWS4,2025-06-30T20:15:21.247396838Z,3,2025-06-30T20:15:23.7384632Z,true,2025-06-30T20:15:24.281227231Z,true,2025-06-30T20:19:36.431589745Z,Player 6,2025-06-30T20:15:24.36435341Z,,,01JZ17NQ0M2B9JW1QCY7XFP4MD,2025-06-30T20:15:21.22630129Z,,,"{""networkStruct"":""reciprocal"",""playerCount"":6}",2025-06-30T20:15:21.247396838Z,"Reciprocal, Redundancy",2025-06-30T20:15:21.247396838Z,{},2025-06-30T20:15:21.268487483Z,,
01JZ1B4F0AXDADE5G5GXRT5GAX,true,2025-06-30T21:23:29.411589481Z,true,2025-06-30T21:23:21.92511029Z,null,2025-06-30T21:27:15.108599157Z,null,2025-06-30T21:27:15.146856822Z,game ended,2025-06-30T21:28:42.03609295Z,1,2025-06-30T21:29:52.102037649Z,"{""age"":""26"",""gender"":""Male"",""strength"":""I thought it was interesting."",""fair"":""Yes they completed a lot of the week as well and very helpful."",""feedback"":""A lot communication with the team when game starts."",""education"":""bachelor""}",2025-06-30T21:29:52.127786825Z,01JZ1B1W6S117BH8HCA7NH9R7E,2025-06-30T21:15:50.188779034Z,3,2025-06-30T21:16:43.669583444Z,true,2025-06-30T21:17:27.946395505Z,,,Player 3,2025-06-30T21:19:09.170913111Z,5,2025-06-30T21:27:15.032555212Z,01JZ1B4EP0SBRNYK5FBFKZB9R5,2025-06-30T21:15:50.154307394Z,MAXIMUM INCOME,2025-06-30T21:23:29.411589481Z,"{""networkStruct"":""reciprocal"",""playerCount"":6}",2025-06-30T21:15:50.188779034Z,"Reciprocal, Redundancy",2025-06-30T21:15:50.188779034Z,{},2025-06-30T21:15:50.361982273Z,TaskQueue,2025-06-30T21:27:15.186167286Z
01JZ1CH17Z4ZBGN13SQYVV9V6Y,,,,,,,,,no more games,2025-06-30T21:57:53.402081961Z,,,,,null,2025-06-30T21:57:53.402081961Z,2,2025-06-30T21:41:19.717208967Z,,,,,,,,,01JZ1CH0XSDB1R4KRN791M6KY2,2025-06-30T21:40:10.623180521Z,,,"{""networkStruct"":""reciprocal"",""playerCount"":6}",2025-06-30T21:40:10.686794291Z,"Reciprocal, Redundancy",2025-06-30T21:40:10.686794291Z,{},2025-06-30T21:40:10.864343125Z,,
01JZ17BF7NX0X3DRNTNKBRP4A9,true,2025-06-30T20:17:00.480810105Z,true,2025-06-30T20:16:53.040970523Z,,,null,2025-06-30T20:19:39.028115019Z,game ended,2025-06-30T20:22:11.293659236Z,1,2025-06-30T20:22:43.499754977Z,"{""age"":""31"",""gender"":""male"",""strength"":""it was funny"",""fair"":""sure"",""feedback"":""can't really think of anything"",""education"":""high-school""}",2025-06-30T20:22:43.508677884Z,01JZ170DRXVGFVP20P8DK3M491,2025-06-30T20:09:45.472589267Z,3,2025-06-30T20:10:16.619821322Z,true,2025-06-30T20:10:44.969447667Z,,,Player 4,2025-06-30T20:12:49.105029667Z,2,2025-06-30T20:19:39.040431827Z,01JZ17BERSZTZ0FPHWCHC0XZH1,2025-06-30T20:09:45.46144741Z,,,"{""networkStruct"":""pooled"",""playerCount"":6}",2025-06-30T20:09:45.472589267Z,"Pooled, Redundancy",2025-06-30T20:09:45.472589267Z,{},2025-06-30T20:09:45.685720026Z,TaskQueue,2025-06-30T20:19:39.005673469Z
01JZ18K1EBQ2BSVM3H7XBRVG61,true,2025-06-30T20:38:52.041510138Z,true,2025-06-30T20:38:43.700621084Z,,,null,2025-06-30T20:41:36.860154294Z,game ended,2025-06-30T20:44:09.418762801Z,1,2025-06-30T20:47:23.430562924Z,"{""age"":""30"",""gender"":""non-binary"",""strength"":""it was okay; not super interesting & there seemed to be too much time and/or not enough tasks for a 6-person team. all the tasks were either reserved or complete with ~2-3 minutes to spare"",""fair"":""yes. not sure how accurate they were but they did the tasks quickly"",""feedback"":""not sure if it was part of the experimental manipulation but it was odd to have the minute-long intro round or whatever before even doing the practice tasks & knowing what we should communicate about"",""education"":""master""}",2025-06-30T20:47:23.412335839Z,01JZ18G4WPK6V9JKZAVKNYS3NB,2025-06-30T20:31:22.088238547Z,3,2025-06-30T20:32:24.223693561Z,true,2025-06-30T20:33:13.097218026Z,,,Player 3,2025-06-30T20:34:29.291224061Z,2,2025-06-30T20:41:36.826604152Z,01JZ18K0SM8Z06FE0QX0TX273K,2025-06-30T20:31:22.059405599Z,,,"{""networkStruct"":""pooled"",""playerCount"":6}",2025-06-30T20:31:22.088238547Z,"Pooled, Redundancy",2025-06-30T20:31:22.088238547Z,{},2025-06-30T20:31:22.515957993Z,TaskQueue,2025-06-30T20:41:36.893927313Z
01JZ1B88RR65Q9PG31DJTYC075,,,,,,,,,game ended,2025-06-30T21:32:44.599486052Z,,,,,01JZ1B1W46BH5YH0XYSE8KJRBK,2025-06-30T21:17:54.914385839Z,3,2025-06-30T21:20:31.699951743Z,true,2025-06-30T21:20:34.701613313Z,true,2025-06-30T21:27:31.530045849Z,Player 4,2025-06-30T21:23:14.987303625Z,,,01JZ1B87E75W14ZN2DMHSXAKSB,2025-06-30T21:17:54.840605028Z,,,"{""networkStruct"":""pooled"",""playerCount"":6}",2025-06-30T21:17:54.914385839Z,"Pooled, Redundancy",2025-06-30T21:17:54.914385839Z,{},2025-06-30T21:17:55.46781822Z,,
01JZ179YFPSWEVKN8MK3V2V6PW,,,,,,,,,no more games,2025-06-30T21:25:22.491405605Z,,,,,null,2025-06-30T21:25:22.491405605Z,3,2025-06-30T20:09:09.331073324Z,,,,,,,,,01JZ179Y2PFPPC2FH3WBCE41A7,2025-06-30T20:08:55.542117668Z,,,"{""networkStruct"":""pooled"",""playerCount"":6}",2025-06-30T20:08:55.551430731Z,"Pooled, Redundancy",2025-06-30T20:08:55.551430731Z,{},2025-06-30T20:08:55.772002984Z,,
01JZ17PJ3VDZQD3TEH95CF73QJ,,,,,,,,,game ended,2025-06-30T20:25:17.069632324Z,,,,,01JZ170DRV33K8D9D9ZMQKAW2D,2025-06-30T20:15:48.875718203Z,3,2025-06-30T20:15:52.794123535Z,true,2025-06-30T20:15:53.289541056Z,true,2025-06-30T20:20:05.858993638Z,Player 6,2025-06-30T20:15:53.383975433Z,,,01JZ17PJ1KSPN9E6XZW8GN9955,2025-06-30T20:15:48.859145072Z,,,"{""networkStruct"":""pooled"",""playerCount"":6}",2025-06-30T20:15:48.875718203Z,"Pooled, Redundancy",2025-06-30T20:15:48.875718203Z,{},2025-06-30T20:15:48.90020198Z,,
01JZ18JCX14E3JYTT1AT1DNHJS,true,2025-06-30T20:39:06.483879151Z,true,2025-06-30T20:38:58.962397401Z,null,2025-06-30T20:41:34.449320329Z,null,2025-06-30T20:41:34.484381563Z,game ended,2025-06-30T20:44:18.586815933Z,1,2025-06-30T20:44:57.937080573Z,"{""age"":""25"",""gender"":""Non-binary"",""strength"":""It was basic maths"",""fair"":""No? Not really"",""feedback"":""It is fine how it is currently"",""education"":""high-school""}",2025-06-30T20:44:57.917058163Z,01JZ18G4Z7SR18DC8PDBR22HS5,2025-06-30T20:31:01.043363142Z,3,2025-06-30T20:32:28.216591515Z,true,2025-06-30T20:33:04.724331255Z,,,Player 2,2025-06-30T20:34:46.301046173Z,9,2025-06-30T20:41:34.414544011Z,01JZ18JCE81D1AK9TDB1DRC6N5,2025-06-30T20:31:01.025829369Z,AVERAGE PEOPLE,2025-06-30T20:39:06.483879151Z,"{""networkStruct"":""reciprocal"",""playerCount"":6}",2025-06-30T20:31:01.043363142Z,"Reciprocal, Redundancy",2025-06-30T20:31:01.043363142Z,{},2025-06-30T20:31:01.278389057Z,TaskQueue,2025-06-30T20:41:34.432418536Z
01JZ1GC4MM47P5V75X6NCDXBTN,,,,,,,,,game ended,2025-06-30T22:59:08.945508878Z,,,,,01JZ1G2A24PAZYJHH2EQFGJG7N,2025-06-30T22:47:24.703172028Z,3,2025-06-30T22:49:27.458179791Z,true,2025-06-30T22:49:34.72171047Z,true,2025-06-30T22:53:54.714723326Z,Player 3,2025-06-30T22:49:35.293551369Z,,,01JZ1GC3MY5FHE237YQ1DEQWBT,2025-06-30T22:47:24.565039385Z,,,"{""networkStruct"":""reciprocal"",""playerCount"":3}",2025-06-30T22:47:24.703172028Z,"Reciprocal, No Redundancy",2025-06-30T22:47:24.703172028Z,{},2025-06-30T22:47:25.038648702Z,,
01JZ1BH96VSCAX0MRZ5GVT0SBR,true,2025-06-30T21:29:40.020848417Z,true,2025-06-30T21:29:34.333882871Z,,,null,2025-06-30T21:34:14.115558224Z,game ended,2025-06-30T21:34:52.246747635Z,1,2025-06-30T21:36:26.374206879Z,"{""age"":""33"",""gender"":""male"",""strength"":""it was fun and more engaging than anything else ive ever done on prolific!"",""fair"":""they seemed to be helping get the tasks done, but i didnt get direct help with the questions from them"",""feedback"":""make it possible to chat during the questions"",""education"":""high-school""}",2025-06-30T21:36:26.320164085Z,01JZ1B1W4RP0VXDDKCJTNKM3AX,2025-06-30T21:23:14.485347742Z,3,2025-06-30T21:23:21.040145717Z,true,2025-06-30T21:23:26.338004143Z,,,Player 4,2025-06-30T21:25:22.933072914Z,3,2025-06-30T21:34:14.137930386Z,01JZ1BH8ZPNAFQ06ZT0KQ5Y20S,2025-06-30T21:22:50.20331162Z,,,"{""networkStruct"":""pooled"",""playerCount"":6}",2025-06-30T21:22:50.34048074Z,"Pooled, Redundancy",2025-06-30T21:22:50.34048074Z,{},2025-06-30T21:22:50.546249155Z,TaskQueue,2025-06-30T21:34:14.16043298Z
01JZ17CDTWA5ZJVFXRJRWPP8YB,true,2025-06-30T20:17:00.480810105Z,true,2025-06-30T20:16:53.274229855Z,,,null,2025-06-30T20:19:22.995334682Z,game ended,2025-06-30T20:22:11.293659236Z,1,2025-06-30T20:22:51.017727212Z,"{""age"":""35"",""gender"":""male"",""strength"":""it was interesting"",""fair"":""likely, yes. they all completed the tasks"",""feedback"":""not sure, seems pretty solid"",""education"":""bachelor""}",2025-06-30T20:22:51.008067063Z,01JZ170DRXVGFVP20P8DK3M491,2025-06-30T20:10:16.813537261Z,3,2025-06-30T20:10:35.393939Z,true,2025-06-30T20:10:50.720154055Z,,,Player 5,2025-06-30T20:12:49.105029667Z,4,2025-06-30T20:19:22.983183282Z,01JZ17CDFZ1MX1HJ18GJGD9HWN,2025-06-30T20:10:16.796150496Z,,,"{""networkStruct"":""pooled"",""playerCount"":6}",2025-06-30T20:10:16.813537261Z,"Pooled, Redundancy",2025-06-30T20:10:16.813537261Z,{},2025-06-30T20:10:16.982465815Z,TaskQueue,2025-06-30T20:19:22.976708108Z
01JZ17QEYTVW05MSHSYBHGN4HY,,,,,,,,,no more games,2025-06-30T21:57:53.402081961Z,,,,,null,2025-06-30T21:57:53.402081961Z,,,,,,,,,,,01JZ17QEF10XF0124FK65V5BM0,2025-06-30T20:16:18.394901621Z,,,"{""networkStruct"":""reciprocal"",""playerCount"":6}",2025-06-30T20:16:18.409711593Z,"Reciprocal, Redundancy",2025-06-30T20:16:18.409711593Z,{},2025-06-30T20:16:18.656858776Z,,
01JZ19XENNWSXAPJJVN05DNY45,true,2025-06-30T21:07:02.264194055Z,true,2025-06-30T21:07:01.158344277Z,null,2025-06-30T21:09:02.038101591Z,null,2025-06-30T21:09:02.002645269Z,game ended,2025-06-30T21:12:15.060866167Z,1,2025-06-30T21:12:51.198530405Z,"{""age"":""26"",""gender"":""female"",""strength"":""it was a lot of fun"",""fair"":""i think so. not really sure what they were doing"",""feedback"":""i don't know"",""education"":""high-school""}",2025-06-30T21:12:51.156903858Z,01JZ19VF6XEW5FG377QGXCTRD1,2025-06-30T20:54:31.896832981Z,3,2025-06-30T20:55:29.270043299Z,true,2025-06-30T20:56:27.626688803Z,,,Player 1,2025-06-30T21:02:45.019047124Z,5,2025-06-30T21:09:01.967261337Z,01JZ19XE8CV8Q5PQZE7YXW3QTA,2025-06-30T20:54:31.861767612Z,AVERAGE PEOPLE,2025-06-30T21:07:02.264194055Z,"{""networkStruct"":""reciprocal"",""playerCount"":6}",2025-06-30T20:54:31.896832981Z,"Reciprocal, Redundancy",2025-06-30T20:54:31.896832981Z,{},2025-06-30T20:54:32.071875234Z,TaskQueue,2025-06-30T21:09:02.083392452Z
01JZ1A8BMSM470W2NHBHQ90VV6,,,,,,,,,no more games,2025-06-30T21:57:53.402081961Z,,,,,null,2025-06-30T21:57:53.402081961Z,2,2025-06-30T21:01:45.736501806Z,,,,,,,,,01JZ1A8ASG2RZKK31YY65EGV7D,2025-06-30T21:00:29.209480239Z,,,"{""networkStruct"":""reciprocal"",""playerCount"":6}",2025-06-30T21:00:29.257378674Z,"Reciprocal, Redundancy",2025-06-30T21:00:29.257378674Z,{},2025-06-30T21:00:29.599366548Z,,
01JZ18JGS17Q4PV0ZHE2RS3V2D,true,2025-06-30T20:37:09.032020052Z,true,2025-06-30T20:37:07.765883244Z,null,2025-06-30T20:40:32.391728266Z,null,2025-06-30T20:40:32.413812998Z,game ended,2025-06-30T20:42:21.537189859Z,1,2025-06-30T20:45:34.437623891Z,"{""age"":""25"",""gender"":""Male"",""strength"":""The game was all right "",""fair"":""Im not sure "",""feedback"":""Improve the way the rules are explained "",""education"":""bachelor""}",2025-06-30T20:45:34.41936371Z,01JZ18G4ZDA13FR053ZT1R1FPF,2025-06-30T20:31:05.043597158Z,3,2025-06-30T20:32:14.168250159Z,true,2025-06-30T20:32:50.713046516Z,,,Player 4,2025-06-30T20:32:50.870422471Z,15,2025-06-30T20:40:32.504845963Z,01JZ18JGBEVKCQPEAT8BFAZGAN,2025-06-30T20:31:04.993932027Z,CHILDREN'S COMMUTE DISTANCE,2025-06-30T20:37:09.032020052Z,"{""networkStruct"":""reciprocal"",""playerCount"":6}",2025-06-30T20:31:05.043597158Z,"Reciprocal, Redundancy",2025-06-30T20:31:05.043597158Z,{},2025-06-30T20:31:05.256937407Z,TaskQueue,2025-06-30T20:40:32.442938196Z
01JZ18JYCDAD1FWP17TG353JM2,true,2025-06-30T20:38:27.416661677Z,true,2025-06-30T20:38:22.051510445Z,,,null,2025-06-30T20:41:42.891721707Z,game ended,2025-06-30T20:43:43.37202417Z,1,2025-06-30T20:44:07.224601356Z,"{""age"":""34"",""gender"":""Male"",""strength"":"""",""fair"":"""",""feedback"":"""",""education"":""high-school""}",2025-06-30T20:44:07.201647735Z,01JZ18G512YK4K14AJW1A4KQT5,2025-06-30T20:31:18.944170689Z,3,2025-06-30T20:32:24.853061002Z,true,2025-06-30T20:33:25.51053544Z,,,Player 4,2025-06-30T20:34:13.035831681Z,1,2025-06-30T20:41:42.874247203Z,01JZ18JXQ46P8MZZP347Y9B0Q9,2025-06-30T20:31:18.925672761Z,,,"{""networkStruct"":""pooled"",""playerCount"":6}",2025-06-30T20:31:18.944170689Z,"Pooled, Redundancy",2025-06-30T20:31:18.944170689Z,{},2025-06-30T20:31:19.268583141Z,TaskQueue,2025-06-30T20:41:42.911637811Z
01JZ17P1EBWH8TSGC8FNQFNMW7,true,2025-06-30T20:21:15.021634562Z,true,2025-06-30T20:21:07.185477365Z,null,2025-06-30T20:24:12.289947587Z,null,2025-06-30T20:24:12.305590757Z,game ended,2025-06-30T20:26:26.286606024Z,1,2025-06-30T20:27:17.772748196Z,"{""age"":""47"",""gender"":""Male"",""strength"":""Fun"",""fair"":""Not really.  Want much they could do.  You were on your own"",""feedback"":""No idea.  Maybe give a better brief and allow more conjecture "",""education"":""high-school""}",2025-06-30T20:27:17.779529126Z,01JZ170DSP5HFMBRZWFQV8RFVC,2025-06-30T20:16:13.357654972Z,3,2025-06-30T20:16:17.935795121Z,true,2025-06-30T20:17:01.909965939Z,,,Player 6,2025-06-30T20:17:02.078810539Z,11,2025-06-30T20:24:12.282362371Z,01JZ17P16VFQ0RVP2E6E9M9QXZ,2025-06-30T20:15:31.787097935Z,MAXIMUM INCOME,2025-06-30T20:21:15.021634562Z,"{""networkStruct"":""reciprocal"",""playerCount"":6}",2025-06-30T20:15:31.800826615Z,"Reciprocal, Redundancy",2025-06-30T20:15:31.800826615Z,{},2025-06-30T20:15:31.967989112Z,TaskQueue,2025-06-30T20:24:12.313477255Z
01JZ1G6XMV3T4ACX6H99BN9F1E,,,,,,,,,game ended,2025-06-30T23:06:05.062375564Z,,,,,01JZ1G2AATTMJJ07WA2JZ9MF1K,2025-06-30T22:44:33.630781261Z,3,2025-06-30T22:46:49.609162618Z,true,2025-06-30T22:47:00.577027364Z,true,2025-06-30T23:00:50.868434694Z,Player 1,2025-06-30T22:56:26.08365418Z,,,01JZ1G6W4V7BMEQD6X6PG8CJB4,2025-06-30T22:44:33.563215508Z,,,"{""networkStruct"":""pooled"",""playerCount"":4}",2025-06-30T22:44:33.630781261Z,"Pooled, Some Redundancy",2025-06-30T22:44:33.630781261Z,{},2025-06-30T22:44:33.899332109Z,,
01JZ18K6XVG6N44078RFW6M633,true,2025-06-30T20:38:18.460569504Z,true,2025-06-30T20:38:12.296530726Z,,,null,2025-06-30T20:41:55.087478044Z,game ended,2025-06-30T20:43:36.923226801Z,1,2025-06-30T20:44:11.072534151Z,"{""age"":""55"",""gender"":""male"",""strength"":""It was fun"",""fair"":""Yes exepct for whoever had the last task to complete. "",""feedback"":"""",""education"":""high-school""}",2025-06-30T20:44:11.109364451Z,01JZ18G4YK3PSP6R2PNWBA4P8S,2025-06-30T20:31:27.69926806Z,3,2025-06-30T20:31:59.864342397Z,true,2025-06-30T20:32:24.112201971Z,,,Player 5,2025-06-30T20:34:00.640581643Z,3,2025-06-30T20:41:55.154210963Z,01JZ18K6J034YKFTZJXF7TJ9BN,2025-06-30T20:31:27.675306004Z,,,"{""networkStruct"":""pooled"",""playerCount"":6}",2025-06-30T20:31:27.69926806Z,"Pooled, Redundancy",2025-06-30T20:31:27.69926806Z,{},2025-06-30T20:31:27.888068988Z,TaskQueue,2025-06-30T20:41:55.176410747Z
01JZ1ANDKY8QTNAK6C66WRTD5R,true,2025-06-30T21:12:56.567177332Z,true,2025-06-30T21:12:49.772157236Z,,,null,2025-06-30T21:17:40.879834515Z,game ended,2025-06-30T21:18:08.54563317Z,1,2025-06-30T21:19:30.864717332Z,"{""age"":""53"",""gender"":""male"",""strength"":""Fun and imaginative."",""fair"":""Not meaningfully but that's by design?"",""feedback"":""Keep chatbox with co workers open"",""education"":""high-school""}",2025-06-30T21:19:30.910219988Z,01JZ19VF4XXDC5SP97SM18G8VM,2025-06-30T21:07:37.248399055Z,3,2025-06-30T21:08:23.480604041Z,true,2025-06-30T21:08:40.22949554Z,,,Player 5,2025-06-30T21:08:40.651448389Z,4,2025-06-30T21:17:40.831421987Z,01JZ1AND75YAFYV2B7R9KWR214,2025-06-30T21:07:37.214291858Z,,,"{""networkStruct"":""pooled"",""playerCount"":6}",2025-06-30T21:07:37.248399055Z,"Pooled, Redundancy",2025-06-30T21:07:37.248399055Z,{},2025-06-30T21:07:37.452306222Z,TaskQueue,2025-06-30T21:17:40.901362322Z
01JZ18N4BCMMEGJT5ZAJGY6HHX,true,2025-06-30T20:38:23.658192753Z,true,2025-06-30T20:38:18.118785106Z,null,2025-06-30T20:41:15.589549034Z,null,2025-06-30T20:41:15.493811758Z,game ended,2025-06-30T20:43:41.33041589Z,1,2025-06-30T20:45:03.44050657Z,"{""age"":""47"",""gender"":""Male"",""strength"":""It was kind of fun, not hugely challenging!"",""fair"":""Yes, though I was probably a little quicker."",""feedback"":""Not sure why we have to wait for the clock to run down after we've done our bit - could maybe move on once our bit is done?"",""education"":""master""}",2025-06-30T20:45:03.508695017Z,01JZ18G4XDWA3A08Y0HZ5HSAAF,2025-06-30T20:32:30.596676551Z,3,2025-06-30T20:33:43.757735129Z,true,2025-06-30T20:34:05.185242664Z,,,Player 6,2025-06-30T20:34:05.425213928Z,8,2025-06-30T20:41:15.513216312Z,01JZ18N3YZH0HWSRXB99ZST01R,2025-06-30T20:32:30.572879227Z,MAXIMUM INCOME,2025-06-30T20:38:23.658192753Z,"{""networkStruct"":""reciprocal"",""playerCount"":6}",2025-06-30T20:32:30.596676551Z,"Reciprocal, Redundancy",2025-06-30T20:32:30.596676551Z,{},2025-06-30T20:32:30.807296639Z,TaskQueue,2025-06-30T20:41:15.552085856Z
01JZ18ZEQE5SB9NASAZX93YXN4,true,2025-06-30T20:44:00.393290393Z,true,2025-06-30T20:43:52.502385329Z,,,null,2025-06-30T20:47:37.97246886Z,game ended,2025-06-30T20:49:12.06761427Z,1,2025-06-30T20:49:46.549709343Z,"{""age"":""38"",""gender"":""Female"",""strength"":""It was fun and interesting"",""fair"":""Yes, very"",""feedback"":""I'm not sure sorry"",""education"":""high-school""}",2025-06-30T20:49:46.536492452Z,01JZ18RA48YSHMY5EWBJ9E61V2,2025-06-30T20:38:29.561425885Z,3,2025-06-30T20:38:49.902729786Z,true,2025-06-30T20:39:37.398734935Z,,,Player 3,2025-06-30T20:39:45.144941743Z,3,2025-06-30T20:47:37.988886513Z,01JZ18ZE4JZRHGY2B1JFGYSZ3H,2025-06-30T20:38:08.878515377Z,,,"{""networkStruct"":""pooled"",""playerCount"":4}",2025-06-30T20:38:09.864626588Z,"Pooled, Some Redundancy",2025-06-30T20:38:09.864626588Z,{},2025-06-30T20:38:10.270130761Z,TaskQueue,2025-06-30T20:47:37.953862281Z
01JZ1B3G6JQBSFAAE2943ZEQ9V,true,2025-06-30T21:29:31.539376673Z,true,2025-06-30T21:29:24.203753986Z,,,null,2025-06-30T21:33:01.173080757Z,game ended,2025-06-30T21:34:44.226606523Z,1,2025-06-30T21:35:26.331430706Z,"{""age"":""26"",""gender"":""Male"",""strength"":""It was fun, I like this kind of tasks so it was a good experience"",""fair"":""Yes"",""feedback"":"""",""education"":""bachelor""}",2025-06-30T21:35:26.27661536Z,01JZ1B1W5TAZ0C76DBH0ZAEY5X,2025-06-30T21:15:18.648821146Z,3,2025-06-30T21:15:51.995472209Z,true,2025-06-30T21:16:16.151753951Z,,,Player 1,2025-06-30T21:25:13.947903057Z,5,2025-06-30T21:33:01.203407923Z,01JZ1B3FQNWNC8YT2W5B3FBPPW,2025-06-30T21:15:18.610879889Z,,,"{""networkStruct"":""pooled"",""playerCount"":6}",2025-06-30T21:15:18.648821146Z,"Pooled, Redundancy",2025-06-30T21:15:18.648821146Z,{},2025-06-30T21:15:18.895432555Z,TaskQueue,2025-06-30T21:33:01.145371465Z
01JZ1EMNNJSEW14RVAN4FX9H51,true,2025-06-30T22:26:10.238961145Z,true,2025-06-30T22:26:01.794550558Z,null,2025-06-30T22:28:54.989744013Z,null,2025-06-30T22:28:55.093893291Z,game ended,2025-06-30T22:31:25.878790765Z,1,2025-06-30T22:33:29.990118492Z,"{""age"":""26"",""gender"":""Male"",""strength"":""I thought it was fun to do some mental math. I don't normally do any tasks that need it."",""fair"":""I think either one or two of them were not helpful, because time ran out, and I'm not even sure they completed their task."",""feedback"":""Possibly let us help our teammates, but I don't know if being locked out of other tasks is part of the game."",""education"":""high-school""}",2025-06-30T22:33:29.933485414Z,01JZ1E91Z6K0ZJGCC53Q4JQWJP,2025-06-30T22:17:07.095262721Z,3,2025-06-30T22:17:21.925074936Z,true,2025-06-30T22:17:31.397381371Z,,,Player 1,2025-06-30T22:21:51.977175733Z,14,2025-06-30T22:28:55.027622895Z,01JZ1EMN6VKBCW80TPBJPFX3MD,2025-06-30T22:17:06.995029325Z,AVERAGE PEOPLE,2025-06-30T22:26:10.238961145Z,"{""networkStruct"":""reciprocal"",""playerCount"":3}",2025-06-30T22:17:07.095262721Z,"Reciprocal, No Redundancy",2025-06-30T22:17:07.095262721Z,{},2025-06-30T22:17:07.317854954Z,TaskQueue,2025-06-30T22:28:54.958682807Z
01JZ178B4PCAFGN9QS0GJ0TQ84,true,2025-06-30T20:21:15.021634562Z,true,2025-06-30T20:21:06.832747119Z,null,2025-06-30T20:23:44.941082977Z,null,2025-06-30T20:23:44.933103326Z,game ended,2025-06-30T20:26:26.286606024Z,1,2025-06-30T20:26:51.407329665Z,"{""age"":""27"",""gender"":""Male"",""strength"":""It was fun"",""fair"":""Yes"",""feedback"":""It was seamless "",""education"":""bachelor""}",2025-06-30T20:26:51.397379614Z,01JZ170DSP5HFMBRZWFQV8RFVC,2025-06-30T20:08:02.979665159Z,3,2025-06-30T20:08:54.355560314Z,true,2025-06-30T20:09:21.55404634Z,,,Player 1,2025-06-30T20:17:02.078810539Z,8,2025-06-30T20:23:44.959515257Z,01JZ178ARPSEDZYKKG5X0EYQF4,2025-06-30T20:08:02.966374042Z,AVERAGE PEOPLE,2025-06-30T20:21:15.021634562Z,"{""networkStruct"":""reciprocal"",""playerCount"":6}",2025-06-30T20:08:02.979665159Z,"Reciprocal, Redundancy",2025-06-30T20:08:02.979665159Z,{},2025-06-30T20:08:03.178713104Z,TaskQueue,2025-06-30T20:23:44.950443428Z
01JZ179PSK7PR9GXW3K753Z7EA,true,2025-06-30T20:16:30.530913659Z,true,2025-06-30T20:16:22.621990803Z,,,null,2025-06-30T20:18:43.984816773Z,game ended,2025-06-30T20:21:41.347864704Z,1,2025-06-30T20:22:33.113178789Z,"{""age"":""33"",""gender"":""F"",""strength"":""it was quite enjoyable"",""fair"":""not really"",""feedback"":""cancel the chat"",""education"":""master""}",2025-06-30T20:22:33.104802192Z,01JZ170DRRRWN613C5WJQ8B5Q6,2025-06-30T20:08:47.678051938Z,3,2025-06-30T20:09:08.861198114Z,true,2025-06-30T20:09:27.090551119Z,,,Player 4,2025-06-30T20:12:18.889192237Z,3,2025-06-30T20:18:44.023022842Z,01JZ179PDQBDEWJDV4BVN5JN7F,2025-06-30T20:08:47.667624996Z,,,"{""networkStruct"":""pooled"",""playerCount"":6}",2025-06-30T20:08:47.678051938Z,"Pooled, Redundancy",2025-06-30T20:08:47.678051938Z,{},2025-06-30T20:08:47.874408998Z,TaskQueue,2025-06-30T20:18:44.084324351Z
01JZ18J569YAEG0XPKSGQBZNYX,true,2025-06-30T20:38:01.285914044Z,true,2025-06-30T20:37:54.772327937Z,,,null,2025-06-30T20:40:50.777477836Z,game ended,2025-06-30T20:43:14.789977819Z,1,2025-06-30T20:44:15.543504242Z,"{""age"":""36"",""gender"":""Male"",""strength"":""It was pretty easy. Just basic math and observations from information."",""fair"":""Yes, they seemed to do their part."",""feedback"":""Not sure! It ran pretty smooth and I felt like it was already set up in a high quality way."",""education"":""high-school""}",2025-06-30T20:44:15.581613589Z,01JZ18G4YTQTSXFW2X0Y80VGVG,2025-06-30T20:30:53.146810284Z,3,2025-06-30T20:31:52.012248654Z,true,2025-06-30T20:32:25.6361739Z,,,Player 1,2025-06-30T20:33:44.552388257Z,3,2025-06-30T20:40:50.757604204Z,01JZ18J50ECEF3SG9501KEV3TB,2025-06-30T20:30:53.129258479Z,,,"{""networkStruct"":""pooled"",""playerCount"":6}",2025-06-30T20:30:53.146810284Z,"Pooled, Redundancy",2025-06-30T20:30:53.146810284Z,{},2025-06-30T20:30:53.267218279Z,TaskQueue,2025-06-30T20:40:50.735444411Z
01JZ18SXQ0AFP5SFG2600FW7ER,true,2025-06-30T20:43:05.329165785Z,true,2025-06-30T20:43:00.83820532Z,null,2025-06-30T20:45:25.392245487Z,null,2025-06-30T20:45:25.364477004Z,game ended,2025-06-30T20:48:17.454354888Z,1,2025-06-30T20:50:00.15174681Z,"{""age"":""43"",""gender"":""male"",""strength"":""It was fun, easy math!"",""fair"":""I didnt notice them too much lol"",""feedback"":""let us communicate during the task"",""education"":""bachelor""}",2025-06-30T20:50:00.125669114Z,01JZ18QHZ9KPT0XZ66BZ9ZB89K,2025-06-30T20:35:07.922640904Z,3,2025-06-30T20:35:30.443797532Z,true,2025-06-30T20:35:54.64063868Z,,,Player 1,2025-06-30T20:38:48.626484415Z,10,2025-06-30T20:45:25.326092644Z,01JZ18STWS983840B4D0ZKRT6N,2025-06-30T20:35:07.616183901Z,AVERAGE PEOPLE,2025-06-30T20:43:05.329165785Z,"{""networkStruct"":""reciprocal"",""playerCount"":4}",2025-06-30T20:35:07.922640904Z,"Reciprocal, Some Redundancy",2025-06-30T20:35:07.922640904Z,{},2025-06-30T20:35:08.167936542Z,TaskQueue,2025-06-30T20:45:25.422969056Z
01JZ18PQ0S0RHSC5BC0CC2WSBB,,,,,,,,,no more games,2025-06-30T21:25:22.491405605Z,,,,,null,2025-06-30T21:25:22.491405605Z,3,2025-06-30T20:34:11.864849253Z,,,,,,,,,01JZ18PPS1HFJR6KQ8ZEFRXNQ9,2025-06-30T20:33:22.457457048Z,,,"{""networkStruct"":""pooled"",""playerCount"":6}",2025-06-30T20:33:22.498842995Z,"Pooled, Redundancy",2025-06-30T20:33:22.498842995Z,{},2025-06-30T20:33:22.652942117Z,,
01JZ1C758F2ZK06WF1NVAV6WQC,,,,,,,,,no more games,2025-06-30T22:50:52.627478111Z,1,2025-06-30T21:35:54.670974191Z,"{""age"":""45"",""gender"":""FEMALE"",""strength"":""NA"",""fair"":""NA"",""feedback"":""NA"",""education"":""bachelor""}",2025-06-30T21:35:54.701598476Z,null,2025-06-30T22:50:52.627478111Z,2,2025-06-30T21:35:11.792310276Z,,,,,,,,,01JZ1C749R8BDMK4KN0G9QTCBD,2025-06-30T21:34:47.055227401Z,,,"{""networkStruct"":""reciprocal"",""playerCount"":3}",2025-06-30T21:34:47.126908912Z,"Reciprocal, No Redundancy",2025-06-30T21:34:47.126908912Z,{},2025-06-30T21:34:47.5025071Z,,
01JZ1D5XZ05FCDAH1D4YG77JR7,true,2025-06-30T22:02:19.788906619Z,true,2025-06-30T22:02:12.226560315Z,2,2025-06-30T22:07:18.269309054Z,neighborhood_4,2025-06-30T22:07:18.18444354Z,game ended,2025-06-30T22:07:33.712835464Z,1,2025-06-30T22:08:48.018338687Z,"{""age"":""44"",""gender"":""Male"",""strength"":""It was fun. "",""fair"":""No, they did not help at all. "",""feedback"":""I would like to have more time to complete more tasks. "",""education"":""bachelor""}",2025-06-30T22:08:47.950433776Z,01JZ1D0S61XK8FZCNQBM2ZAEE6,2025-06-30T21:51:35.469821929Z,3,2025-06-30T21:52:26.390071875Z,true,2025-06-30T21:52:50.853098176Z,,,Player 3,2025-06-30T21:57:54.359357207Z,3,2025-06-30T22:07:15.529288449Z,01JZ1D5XCA3GHATDFCC118JE52,2025-06-30T21:51:35.393049304Z,MAXIMUM INCOME,2025-06-30T22:02:19.788906619Z,"{""networkStruct"":""reciprocal"",""playerCount"":6}",2025-06-30T21:51:35.469821929Z,"Reciprocal, Redundancy",2025-06-30T21:51:35.469821929Z,{},2025-06-30T21:51:35.755058429Z,TaskScreen,2025-06-30T22:07:18.22802786Z
01JZ1EQKR69J0BQM6378QJ8X8Y,true,2025-06-30T22:24:15.009496783Z,true,2025-06-30T22:24:08.619416701Z,2,2025-06-30T22:29:21.335750734Z,neighborhood_14,2025-06-30T22:29:21.419807349Z,game ended,2025-06-30T22:29:27.236818571Z,1,2025-06-30T22:29:59.994991013Z,"{""age"":""32"",""gender"":""Male"",""strength"":""Less tiume than expected"",""fair"":""Not sure, hard to tell since tasks were indivdualistic"",""feedback"":""make it so there is more live collaboration as we work on tasks"",""education"":""bachelor""}",2025-06-30T22:29:59.944069351Z,01JZ1E926BWK6TV1HDSC3ZQW4Y,2025-06-30T22:18:43.438712118Z,3,2025-06-30T22:19:39.166957835Z,true,2025-06-30T22:19:55.103468093Z,,,Player 3,2025-06-30T22:19:55.617632576Z,13,2025-06-30T22:29:20.363897223Z,01JZ1EQKCWYNR263HTRMQ1RWVY,2025-06-30T22:18:43.335033567Z,MAXIMUM INCOME,2025-06-30T22:24:15.009496783Z,"{""networkStruct"":""reciprocal"",""playerCount"":3}",2025-06-30T22:18:43.438712118Z,"Reciprocal, No Redundancy",2025-06-30T22:18:43.438712118Z,{},2025-06-30T22:18:43.613543706Z,TaskScreen,2025-06-30T22:29:21.460767039Z
01JZ17898TMETDM923KMFF15WB,true,2025-06-30T20:17:43.734560079Z,true,2025-06-30T20:17:34.943075093Z,,,null,2025-06-30T20:20:23.761563477Z,game ended,2025-06-30T20:22:54.557901603Z,1,2025-06-30T20:24:06.147587315Z,"{""age"":""42"",""gender"":""female"",""strength"":""I thought it was fun and it made me want to try hard"",""fair"":""I thought they were, I wouldn't be able to accomplish it if it weren't for them."",""feedback"":""I don't think that much time is needed per game"",""education"":""high-school""}",2025-06-30T20:24:06.129158769Z,01JZ170DSBT7R80F1BC6BFNZAP,2025-06-30T20:08:01.062377234Z,3,2025-06-30T20:08:55.867601598Z,true,2025-06-30T20:09:06.421709306Z,,,Player 2,2025-06-30T20:13:31.605335602Z,4,2025-06-30T20:20:23.780339029Z,01JZ17890W8YWH5WTEA24EZBRQ,2025-06-30T20:08:01.051028018Z,,,"{""networkStruct"":""pooled"",""playerCount"":6}",2025-06-30T20:08:01.062377234Z,"Pooled, Redundancy",2025-06-30T20:08:01.062377234Z,{},2025-06-30T20:08:01.189951717Z,TaskQueue,2025-06-30T20:20:23.801635845Z
01JZ17AQQS59T0RTXR5VNB3ZRC,true,2025-06-30T20:16:32.444788911Z,true,2025-06-30T20:16:25.0588546Z,,,null,2025-06-30T20:19:07.329899169Z,game ended,2025-06-30T20:21:43.28032757Z,1,2025-06-30T20:22:41.468126199Z,"{""age"":""60"",""gender"":""Female"",""strength"":""I really enjoyed the challenge"",""fair"":""I think they must have done as well as i"",""feedback"":""i would have liked to see how many each team mate got right "",""education"":""other""}",2025-06-30T20:22:41.476345248Z,01JZ170DRSFZ9Y16965WN1Z2F9,2025-06-30T20:09:21.413151335Z,3,2025-06-30T20:11:00.257420476Z,true,2025-06-30T20:11:44.602359885Z,,,Player 4,2025-06-30T20:12:20.883746285Z,2,2025-06-30T20:19:07.293772867Z,01JZ17APYE6NK5B4Y419EXJWBS,2025-06-30T20:09:21.40121432Z,,,"{""networkStruct"":""pooled"",""playerCount"":6}",2025-06-30T20:09:21.413151335Z,"Pooled, Redundancy",2025-06-30T20:09:21.413151335Z,{},2025-06-30T20:09:22.044253893Z,TaskQueue,2025-06-30T20:19:07.31442144Z
01JZ17EC9TCGFEVCEX7CCFP6AJ,,,,,,,,,game ended,2025-06-30T20:26:11.072850178Z,,,,,01JZ170DRQN15452AYS561M232,2025-06-30T20:11:20.784217964Z,3,2025-06-30T20:12:01.898915051Z,true,2025-06-30T20:12:40.649717944Z,true,2025-06-30T20:21:00.113649749Z,Player 3,2025-06-30T20:16:47.494367992Z,,,01JZ17EBRMJ4AFBJCJCV80PJ8N,2025-06-30T20:11:20.762149668Z,,,"{""networkStruct"":""pooled"",""playerCount"":6}",2025-06-30T20:11:20.784217964Z,"Pooled, Redundancy",2025-06-30T20:11:20.784217964Z,{},2025-06-30T20:11:21.075766952Z,,
01JZ18JRC4BH8D9FBM20ZHDN29,true,2025-06-30T20:38:23.658192753Z,true,2025-06-30T20:38:19.888028695Z,null,2025-06-30T20:42:39.482191964Z,null,2025-06-30T20:42:39.334603569Z,game ended,2025-06-30T20:43:41.33041589Z,1,2025-06-30T20:44:15.275979505Z,"{""age"":""36"",""gender"":""Female"",""strength"":""Easy"",""fair"":""Yes"",""feedback"":""Communication between teammates"",""education"":""master""}",2025-06-30T20:44:15.316620717Z,01JZ18G4XDWA3A08Y0HZ5HSAAF,2025-06-30T20:31:12.79610677Z,3,2025-06-30T20:33:08.259580571Z,true,2025-06-30T20:33:51.129263407Z,,,Player 1,2025-06-30T20:34:05.425213928Z,15,2025-06-30T20:42:39.401429878Z,01JZ18JR0G8AG5FP18XDZG5JHX,2025-06-30T20:31:12.772616981Z,AVERAGE PEOPLE,2025-06-30T20:38:23.658192753Z,"{""networkStruct"":""reciprocal"",""playerCount"":6}",2025-06-30T20:31:12.79610677Z,"Reciprocal, Redundancy",2025-06-30T20:31:12.79610677Z,{},2025-06-30T20:31:12.984304392Z,TaskQueue,2025-06-30T20:42:39.442078571Z
01JZ179522187EFD1N9MCMN3YS,true,2025-06-30T20:17:39.160892908Z,true,2025-06-30T20:17:33.205427984Z,null,2025-06-30T20:20:06.681619567Z,null,2025-06-30T20:20:06.667787346Z,game ended,2025-06-30T20:22:50.504782215Z,1,2025-06-30T20:25:43.71100477Z,"{""age"":""34"",""gender"":""Woman"",""strength"":""I thought the training wasn't very helpful for the average income or the average distance to school."",""fair"":""I think my teammates were very helpful, though I couldn't see the work of anyone that wasn't in the same task category as I was."",""feedback"":""I think the training for the average income and average distance to school could be improved and the correct answer shared after someone makes an incorrect submission. I also want to be able to see the progress of my teammates in other job categories."",""education"":""bachelor""}",2025-06-30T20:25:43.71704891Z,01JZ170DSTXK5Z1DV671606E6A,2025-06-30T20:08:29.522000028Z,3,2025-06-30T20:09:30.675333589Z,true,2025-06-30T20:10:06.590018972Z,,,Player 1,2025-06-30T20:13:27.60426161Z,9,2025-06-30T20:20:06.611456749Z,01JZ1794W1V01V8W27DC0YBGZD,2025-06-30T20:08:29.506991626Z,AVERAGE PEOPLE,2025-06-30T20:17:39.160892908Z,"{""networkStruct"":""reciprocal"",""playerCount"":6}",2025-06-30T20:08:29.522000028Z,"Reciprocal, Redundancy",2025-06-30T20:08:29.522000028Z,{},2025-06-30T20:08:29.613662889Z,TaskQueue,2025-06-30T20:20:06.633341164Z
01JZ1D2JACBKKH4S9P6DT2Z2QZ,true,2025-06-30T21:57:41.044585044Z,true,2025-06-30T21:57:34.733499201Z,null,2025-06-30T22:02:49.293555053Z,null,2025-06-30T22:02:49.343580855Z,game ended,2025-06-30T22:03:03.268632102Z,1,2025-06-30T22:06:32.447392943Z,"{""age"":""49"",""gender"":""male"",""strength"":""it was fun for a data task felt like a mix of teamwork, quick thinking and just the right ammout of pressure"",""fair"":""hard to say since we did not really interact much, but everything seemed to run smoothly on their end"",""feedback"":""maybe by adding a qyick team chat during the game itself so we can coordinate better and feel more connected"",""education"":""master""}",2025-06-30T22:06:32.416669491Z,01JZ1D0S58CJJ0G6BA8AW8ZVCS,2025-06-30T21:49:45.245885173Z,3,2025-06-30T21:50:30.936555834Z,true,2025-06-30T21:50:47.662238894Z,,,Player 1,2025-06-30T21:53:23.072016595Z,23,2025-06-30T22:02:49.265306223Z,01JZ1D2HYGK4GNN45138F8WK9G,2025-06-30T21:49:45.165023417Z,AVERAGE PEOPLE,2025-06-30T21:57:41.044585044Z,"{""networkStruct"":""reciprocal"",""playerCount"":4}",2025-06-30T21:49:45.245885173Z,"Reciprocal, Some Redundancy",2025-06-30T21:49:45.245885173Z,{},2025-06-30T21:49:45.435133844Z,TaskQueue,2025-06-30T22:02:49.369204857Z
01JZ1DB76758JPZGHYCN646V7S,,,,,,,,,game ended,2025-06-30T22:08:03.288492062Z,,,,,01JZ1D0S3N2D9DCG3EHS8AP4R1,2025-06-30T21:55:14.951793376Z,3,2025-06-30T21:55:21.019668996Z,true,2025-06-30T21:55:44.562871386Z,true,2025-06-30T22:02:45.075743173Z,Player 3,2025-06-30T21:58:22.558063759Z,,,01JZ1DB65V9RYNDY3YNC759S6S,2025-06-30T21:54:28.6793766Z,,,"{""networkStruct"":""reciprocal"",""playerCount"":4}",2025-06-30T21:54:28.799709848Z,"Reciprocal, Some Redundancy",2025-06-30T21:54:28.799709848Z,{},2025-06-30T21:54:29.320903576Z,,
01JZ1C1P9WXAKXCBQ2MNEBPRTC,true,2025-06-30T21:39:29.73618059Z,true,2025-06-30T21:39:20.751997349Z,null,2025-06-30T21:42:40.92860738Z,null,2025-06-30T21:42:40.883418381Z,game ended,2025-06-30T21:44:43.514562182Z,1,2025-06-30T21:46:04.613467601Z,"{""age"":""28"",""gender"":""Male"",""strength"":""It was interesting, having partners made it a bit more fun."",""fair"":""I believe they did the best they could. "",""feedback"":""Allow teammates to chat when doing the tasks. "",""education"":""high-school""}",2025-06-30T21:46:04.673148049Z,01JZ1BX81RJBYPGNM468STZ9YH,2025-06-30T21:31:47.955421227Z,3,2025-06-30T21:32:27.951341337Z,true,2025-06-30T21:32:44.282412054Z,,,Player 2,2025-06-30T21:35:13.077976062Z,14,2025-06-30T21:42:40.804837709Z,01JZ1C1P3V3D81DWS1K7HH2FY4,2025-06-30T21:31:47.900435355Z,AVERAGE PEOPLE,2025-06-30T21:39:29.73618059Z,"{""networkStruct"":""reciprocal"",""playerCount"":3}",2025-06-30T21:31:47.955421227Z,"Reciprocal, No Redundancy",2025-06-30T21:31:47.955421227Z,{},2025-06-30T21:31:48.03973869Z,TaskQueue,2025-06-30T21:42:40.981570437Z
01JZ1EDVQZ0X09D6ACA1N9J2V2,,,,,,,,,game ended,2025-06-30T22:31:08.06178437Z,,,,,01JZ1E91MDHZVF6NVBEDDVGZWT,2025-06-30T22:13:23.92719163Z,3,2025-06-30T22:14:01.322415269Z,true,2025-06-30T22:14:24.881466932Z,true,2025-06-30T22:25:54.904912034Z,Player 2,2025-06-30T22:21:35.231478933Z,,,01JZ1EDVKDPF3YJDVJHB7GR0C3,2025-06-30T22:13:23.839644976Z,,,"{""networkStruct"":""pooled"",""playerCount"":4}",2025-06-30T22:13:23.92719163Z,"Pooled, Some Redundancy",2025-06-30T22:13:23.92719163Z,{},2025-06-30T22:13:24.0135414Z,,
01JZ1G4ZKPR33SMREF8RYR14CE,,,,,,,,,game ended,2025-06-30T22:57:50.274704691Z,,,,,01JZ1G2A6YM039KVE3FBKDN5TM,2025-06-30T22:43:30.165017915Z,3,2025-06-30T22:44:36.638161187Z,true,2025-06-30T22:45:11.820491148Z,true,2025-06-30T22:52:37.515165166Z,Player 1,2025-06-30T22:48:18.176459996Z,,,01JZ1G4Z7ZWFPZ2YY89FR8GQFR,2025-06-30T22:43:30.038529342Z,,,"{""networkStruct"":""reciprocal"",""playerCount"":3}",2025-06-30T22:43:30.165017915Z,"Reciprocal, No Redundancy",2025-06-30T22:43:30.165017915Z,{},2025-06-30T22:43:30.692092348Z,,
01JZ1G5G1FFKZK7WVQ264NYRHA,true,2025-06-30T23:00:30.705248932Z,true,2025-06-30T23:00:28.845916561Z,,,neighborhood_14,2025-06-30T23:05:38.645236436Z,game ended,2025-06-30T23:05:45.08779334Z,1,2025-06-30T23:06:46.369760761Z,"{""age"":""26"",""gender"":""Female"",""strength"":""It was fun but stressful with the timer counting down."",""fair"":""Yes."",""feedback"":"""",""education"":""other""}",2025-06-30T23:06:46.40359704Z,01JZ1G2A58JMFV91VV93EGJJQY,2025-06-30T22:43:46.922696537Z,3,2025-06-30T22:44:51.123830203Z,true,2025-06-30T22:45:32.847236256Z,,,Player 1,2025-06-30T22:56:07.69518666Z,2,2025-06-30T23:05:36.681039708Z,01JZ1G5FN0GA6T8466S29107F4,2025-06-30T22:43:46.864023976Z,,,"{""networkStruct"":""pooled"",""playerCount"":4}",2025-06-30T22:43:46.922696537Z,"Pooled, Some Redundancy",2025-06-30T22:43:46.922696537Z,{},2025-06-30T22:43:47.157545911Z,TaskScreen,2025-06-30T23:05:38.598007112Z
01JZ1A8QFZXDY0NMG5NAHC7PNR,,,,,,,,,no more games,2025-06-30T21:57:53.402081961Z,,,,,null,2025-06-30T21:57:53.402081961Z,2,2025-06-30T21:01:34.93904735Z,,,,,,,,,01JZ1A8NFBRM9SE7CK22SW6XNG,2025-06-30T21:00:41.343407837Z,,,"{""networkStruct"":""reciprocal"",""playerCount"":6}",2025-06-30T21:00:41.387292972Z,"Reciprocal, Redundancy",2025-06-30T21:00:41.387292972Z,{},2025-06-30T21:00:41.780914272Z,,
01JZ1AA7CBBDPHVC8NDG4XTQ9Z,,,,,,,,,no more games,2025-06-30T21:57:53.402081961Z,,,,,null,2025-06-30T21:57:53.402081961Z,3,2025-06-30T21:02:38.062085233Z,,,,,,,,,01JZ1AA746QDQ518KTG0NAEXHS,2025-06-30T21:01:30.379247668Z,,,"{""networkStruct"":""reciprocal"",""playerCount"":6}",2025-06-30T21:01:30.419998303Z,"Reciprocal, Redundancy",2025-06-30T21:01:30.419998303Z,{},2025-06-30T21:01:30.587318496Z,,
01JZ1B53Y9CT8RBFCFDJ7CMETA,true,2025-06-30T21:27:31.530045849Z,true,2025-06-30T21:27:24.993959884Z,,,null,2025-06-30T21:32:21.814759338Z,game ended,2025-06-30T21:32:44.599486052Z,1,2025-06-30T21:34:43.673667478Z,"{""age"":""31"",""gender"":""Male"",""strength"":""It has been entertaining"",""fair"":""Yes, they have helped a lot to complete the tasks"",""feedback"":""Maybe introduce other activities besides just math operations."",""education"":""bachelor""}",2025-06-30T21:34:43.637557786Z,01JZ1B1W46BH5YH0XYSE8KJRBK,2025-06-30T21:16:11.635473101Z,3,2025-06-30T21:16:57.459799166Z,true,2025-06-30T21:17:59.506503769Z,,,Player 2,2025-06-30T21:23:14.987303625Z,2,2025-06-30T21:32:21.726542155Z,01JZ1B53GV0D1R3RXWR4Q5TRAX,2025-06-30T21:16:11.593241709Z,,,"{""networkStruct"":""pooled"",""playerCount"":6}",2025-06-30T21:16:11.635473101Z,"Pooled, Redundancy",2025-06-30T21:16:11.635473101Z,{},2025-06-30T21:16:11.893129736Z,TaskQueue,2025-06-30T21:32:21.587599512Z
01JZ1BHJS3735357S2TBZ4T5W4,true,2025-06-30T21:29:40.020848417Z,true,2025-06-30T21:29:33.743432757Z,,,null,2025-06-30T21:34:52.322018599Z,game ended,2025-06-30T21:34:52.246747635Z,1,2025-06-30T21:35:28.67918073Z,"{""age"":""35"",""gender"":""Female"",""strength"":""great,challenging"",""fair"":""yes"",""feedback"":""more accuracy"",""education"":""master""}",2025-06-30T21:35:28.634188014Z,01JZ1B1W4RP0VXDDKCJTNKM3AX,2025-06-30T21:23:00.060266106Z,3,2025-06-30T21:24:04.840515638Z,true,2025-06-30T21:24:09.530093581Z,,,Player 5,2025-06-30T21:25:22.933072914Z,3,2025-06-30T21:34:52.070150381Z,01JZ1BHGMRKV978N21VSN61J07,2025-06-30T21:23:00.003071534Z,,,"{""networkStruct"":""pooled"",""playerCount"":6}",2025-06-30T21:23:00.060266106Z,"Pooled, Redundancy",2025-06-30T21:23:00.060266106Z,{},2025-06-30T21:23:01.514206348Z,TaskQueue,2025-06-30T21:34:52.36336374Z
01JZ1A9FT19KFC6EXDW9G1CYS7,true,2025-06-30T21:10:34.627607587Z,true,2025-06-30T21:10:30.592206812Z,,,neighborhood_11,2025-06-30T21:15:17.307454041Z,game ended,2025-06-30T21:15:46.589557407Z,1,2025-06-30T21:16:41.31512103Z,"{""age"":""43"",""gender"":"""",""strength"":""i like it"",""fair"":""no"",""feedback"":""teamwork better together"",""education"":""bachelor""}",2025-06-30T21:16:41.292412014Z,01JZ19VF3FCDRKA7RA8CE3SQDH,2025-06-30T21:01:06.283797757Z,3,2025-06-30T21:01:13.381611801Z,true,2025-06-30T21:01:15.706059566Z,,,Player 5,2025-06-30T21:06:18.176003215Z,3,2025-06-30T21:15:15.309765247Z,01JZ1A9EYH7RYA33QV5R8FEHFV,2025-06-30T21:01:06.241235215Z,,,"{""networkStruct"":""pooled"",""playerCount"":6}",2025-06-30T21:01:06.283797757Z,"Pooled, Redundancy",2025-06-30T21:01:06.283797757Z,{},2025-06-30T21:01:06.541975999Z,TaskScreen,2025-06-30T21:15:17.329190513Z
01JZ1B3WZ5Q8VM6YQPSTYC2J5Y,true,2025-06-30T21:29:31.539376673Z,true,2025-06-30T21:29:22.727969521Z,,,null,2025-06-30T21:33:05.077948777Z,game ended,2025-06-30T21:34:44.226606523Z,1,2025-06-30T21:35:17.657738672Z,"{""age"":""30"",""gender"":""female"",""strength"":""The game was challenging but not undoable."",""fair"":""I'm not sure, since I couldn't really monitor their progress as I was working."",""feedback"":""I would prefer a progress bar."",""education"":""bachelor""}",2025-06-30T21:35:17.687838333Z,01JZ1B1W5TAZ0C76DBH0ZAEY5X,2025-06-30T21:15:31.72152208Z,3,2025-06-30T21:15:54.797937961Z,true,2025-06-30T21:16:29.762052799Z,,,Player 2,2025-06-30T21:25:13.947903057Z,5,2025-06-30T21:33:05.01316494Z,01JZ1B3WKMSDWXNRETDS3BM2SX,2025-06-30T21:15:31.685811383Z,,,"{""networkStruct"":""pooled"",""playerCount"":6}",2025-06-30T21:15:31.72152208Z,"Pooled, Redundancy",2025-06-30T21:15:31.72152208Z,{},2025-06-30T21:15:31.951069599Z,TaskQueue,2025-06-30T21:33:05.047876979Z
01JZ19X25DC6PHAYZ41F2N9R8N,,,,,,,,,game ended,2025-06-30T21:15:46.589557407Z,,,,,01JZ19VF3FCDRKA7RA8CE3SQDH,2025-06-30T20:54:19.087905683Z,3,2025-06-30T20:56:08.275523079Z,true,2025-06-30T20:56:45.327053285Z,true,2025-06-30T21:10:34.627607587Z,Player 2,2025-06-30T21:06:18.176003215Z,,,01JZ19X21BM7D76X5YBHP3WZ5X,2025-06-30T20:54:19.053967423Z,,,"{""networkStruct"":""pooled"",""playerCount"":6}",2025-06-30T20:54:19.087905683Z,"Pooled, Redundancy",2025-06-30T20:54:19.087905683Z,{},2025-06-30T20:54:19.175329409Z,,
01JZ17A78DPNXD645MNCYQ5HYS,true,2025-06-30T20:17:27.664244732Z,true,2025-06-30T20:17:21.418805241Z,1,2025-06-30T20:18:11.789168931Z,neighborhood_3,2025-06-30T20:18:11.766120428Z,game ended,2025-06-30T20:22:38.973202417Z,,,,,01JZ170DS434CCJM920VN081CV,2025-06-30T20:09:04.541609038Z,3,2025-06-30T20:09:07.603177316Z,true,2025-06-30T20:09:08.430072532Z,,,Player 1,2025-06-30T20:13:16.198424031Z,,,01JZ17A72SNT7CSMGFYR06BS87,2025-06-30T20:09:04.525077925Z,AVERAGE PEOPLE,2025-06-30T20:17:27.664244732Z,"{""networkStruct"":""reciprocal"",""playerCount"":6}",2025-06-30T20:09:04.541609038Z,"Reciprocal, Redundancy",2025-06-30T20:09:04.541609038Z,{},2025-06-30T20:09:04.622547642Z,TaskScreen,2025-06-30T20:18:11.781309249Z
01JZ17HR3SKAZC9R19A608NCQK,true,2025-06-30T20:18:20.596040532Z,true,2025-06-30T20:18:12.18852516Z,null,2025-06-30T20:20:51.110646703Z,null,2025-06-30T20:20:51.096301432Z,game ended,2025-06-30T20:23:32.141601194Z,1,2025-06-30T20:24:00.036992343Z,"{""age"":""25"",""gender"":""Female"",""strength"":""It was good."",""fair"":""I didn't really speak to them much."",""feedback"":""n/a"",""education"":""bachelor""}",2025-06-30T20:24:00.052073498Z,01JZ170DSWJ6311N72HPSQWG9K,2025-06-30T20:13:27.547664111Z,3,2025-06-30T20:13:51.902170516Z,true,2025-06-30T20:14:08.407268347Z,,,Player 6,2025-06-30T20:14:08.533237352Z,12,2025-06-30T20:20:51.088037285Z,01JZ17HQNSQSYZ3SAYX1WNB7NX,2025-06-30T20:13:11.161700233Z,CHILDREN'S COMMUTE DISTANCE,2025-06-30T20:18:20.596040532Z,"{""networkStruct"":""reciprocal"",""playerCount"":6}",2025-06-30T20:13:11.172097529Z,"Reciprocal, Redundancy",2025-06-30T20:13:11.172097529Z,{},2025-06-30T20:13:11.390488521Z,TaskQueue,2025-06-30T20:20:51.125672138Z
01JZ18J71C4JGFMP9MP8Y4KY9T,,,,,,,,,game ended,2025-06-30T20:42:21.537189859Z,,,,,01JZ18G4ZDA13FR053ZT1R1FPF,2025-06-30T20:30:55.039202278Z,3,2025-06-30T20:31:39.440989223Z,true,2025-06-30T20:31:58.056916392Z,true,2025-06-30T20:37:09.032020052Z,Player 3,2025-06-30T20:32:50.870422471Z,,,01JZ18J6R2KH2D2EECQ797JDSH,2025-06-30T20:30:55.021011092Z,,,"{""networkStruct"":""reciprocal"",""playerCount"":6}",2025-06-30T20:30:55.039202278Z,"Reciprocal, Redundancy",2025-06-30T20:30:55.039202278Z,{},2025-06-30T20:30:55.21225509Z,,
01JZ18VC89HN16T8VX0M60S31S,true,2025-06-30T20:43:05.329165785Z,true,2025-06-30T20:42:57.681750936Z,null,2025-06-30T20:48:16.239409388Z,null,2025-06-30T20:48:16.214165181Z,game ended,2025-06-30T20:48:17.454354888Z,1,2025-06-30T20:48:39.014506921Z,"{""age"":""45"",""gender"":""male"",""strength"":""fun"",""fair"":""hope so"",""feedback"":"""",""education"":""bachelor""}",2025-06-30T20:48:38.99699634Z,01JZ18QHZ9KPT0XZ66BZ9ZB89K,2025-06-30T20:35:55.300787992Z,3,2025-06-30T20:36:49.617868555Z,true,2025-06-30T20:37:17.952487834Z,,,Player 2,2025-06-30T20:38:48.626484415Z,14,2025-06-30T20:48:16.188230603Z,01JZ18VBTYRTDF3Z5FXFWMW1TH,2025-06-30T20:35:55.273333019Z,MAXIMUM INCOME,2025-06-30T20:43:05.329165785Z,"{""networkStruct"":""reciprocal"",""playerCount"":4}",2025-06-30T20:35:55.300787992Z,"Reciprocal, Some Redundancy",2025-06-30T20:35:55.300787992Z,{},2025-06-30T20:35:55.532989351Z,TaskQueue,2025-06-30T20:48:16.264650834Z
01JZ177RVVNSCWMQHY3N3M9P3Y,true,2025-06-30T20:21:00.113649749Z,true,2025-06-30T20:20:52.055868365Z,,,null,2025-06-30T20:25:36.92804057Z,game ended,2025-06-30T20:26:11.072850178Z,1,2025-06-30T20:26:35.492255003Z,"{""age"":""37"",""gender"":""Nonbinary"",""strength"":""It was fun"",""fair"":""My teammates were definitely helpful"",""feedback"":""This was actually smoothly done, good job. "",""education"":""bachelor""}",2025-06-30T20:26:35.475993024Z,01JZ170DRQN15452AYS561M232,2025-06-30T20:07:44.26350916Z,3,2025-06-30T20:08:34.849105882Z,true,2025-06-30T20:09:04.287534995Z,,,Player 2,2025-06-30T20:16:47.494367992Z,4,2025-06-30T20:25:36.916532048Z,01JZ177RSQ1TZ58Q0X86B6Y5SF,2025-06-30T20:07:44.251347713Z,,,"{""networkStruct"":""pooled"",""playerCount"":6}",2025-06-30T20:07:44.26350916Z,"Pooled, Redundancy",2025-06-30T20:07:44.26350916Z,{},2025-06-30T20:07:44.294618827Z,TaskQueue,2025-06-30T20:25:36.935154721Z
01JZ18K4JZ90XMGGNXMJGKEJ5P,true,2025-06-30T20:38:52.041510138Z,true,2025-06-30T20:38:45.758792868Z,,,null,2025-06-30T20:42:03.178547551Z,game ended,2025-06-30T20:44:09.418762801Z,1,2025-06-30T20:45:13.190417727Z,"{""age"":""35"",""gender"":""male"",""strength"":""Was simple and no need to be multiplayer"",""fair"":""No use whatsoever "",""feedback"":""no reason to be multiplayer , we didn't see score "",""education"":""other""}",2025-06-30T20:45:13.173424951Z,01JZ18G4WPK6V9JKZAVKNYS3NB,2025-06-30T20:34:27.043513888Z,3,2025-06-30T20:31:34.821895539Z,true,2025-06-30T20:34:28.078651557Z,,,Player 4,2025-06-30T20:34:29.291224061Z,2,2025-06-30T20:42:03.133423416Z,01JZ18K464HFJPXWBDBFFEWNPS,2025-06-30T20:31:25.279930115Z,,,"{""networkStruct"":""pooled"",""playerCount"":6}",2025-06-30T20:31:25.301155289Z,"Pooled, Redundancy",2025-06-30T20:31:25.301155289Z,{},2025-06-30T20:31:25.508439525Z,TaskQueue,2025-06-30T20:42:03.248193709Z
01JZ18QF2693Q9TCBGRNNEEKBJ,true,2025-06-30T21:05:01.352762096Z,true,2025-06-30T21:04:53.742897184Z,null,2025-06-30T21:07:37.705373742Z,null,2025-06-30T21:07:37.596870431Z,game ended,2025-06-30T21:10:13.505514845Z,1,2025-06-30T21:11:20.275837338Z,"{""age"":""56"",""gender"":""Male"",""strength"":""Enjoyable but too easy"",""fair"":""I worked alone so I don't know"",""feedback"":""actually have collaboration rather than individual tasks"",""education"":""high-school""}",2025-06-30T21:11:20.227936267Z,01JZ19VF9WCS5BMDRCPXZK6ZBF,2025-06-30T20:53:28.628596634Z,3,2025-06-30T20:53:35.687199173Z,true,2025-06-30T20:54:00.057561944Z,,,Player 1,2025-06-30T21:00:42.59978411Z,16,2025-06-30T21:07:37.667478602Z,01JZ18QEMY2R8Q6Z2RNHZZD822,2025-06-30T20:33:47.07850538Z,AVERAGE PEOPLE,2025-06-30T21:05:01.352762096Z,"{""networkStruct"":""reciprocal"",""playerCount"":6}",2025-06-30T20:33:47.100954579Z,"Reciprocal, Redundancy",2025-06-30T20:33:47.100954579Z,{},2025-06-30T20:33:47.336851395Z,TaskQueue,2025-06-30T21:07:37.742804331Z
01JZ18J1ACHY9V852CE0VA3XT6,,,,,,,,,no more games,2025-06-30T21:57:53.402081961Z,,,,,null,2025-06-30T21:57:53.402081961Z,3,2025-06-30T20:31:17.795250196Z,,,,,,,,,01JZ18J105MBJR3MB2NARCPKDV,2025-06-30T20:30:49.165004582Z,,,"{""networkStruct"":""reciprocal"",""playerCount"":6}",2025-06-30T20:30:49.180048705Z,"Reciprocal, Redundancy",2025-06-30T20:30:49.180048705Z,{},2025-06-30T20:30:49.467125699Z,,
01JZ18KPQKF7EGHMTR42CS5285,,,,,,,,,no more games,2025-06-30T21:25:22.491405605Z,,,,,null,2025-06-30T21:25:22.491405605Z,3,2025-06-30T20:34:28.467256777Z,,,,,,,,,01JZ18KN2ZW3JXAATFQMNHW1CJ,2025-06-30T20:31:43.85992466Z,,,"{""networkStruct"":""pooled"",""playerCount"":6}",2025-06-30T20:31:43.89539497Z,"Pooled, Redundancy",2025-06-30T20:31:43.89539497Z,{},2025-06-30T20:31:44.411407383Z,,
01JZ19Y0QS6ZDMVQR73DRR23RB,,,,,,,,,game ended,2025-06-30T21:10:13.505514845Z,,,,,01JZ19VF9WCS5BMDRCPXZK6ZBF,2025-06-30T20:54:50.388604854Z,3,2025-06-30T20:55:44.165744659Z,true,2025-06-30T20:56:27.321757455Z,true,2025-06-30T21:05:01.352762096Z,Player 4,2025-06-30T21:00:42.59978411Z,,,01JZ19Y0B1G8SD85HWQTB39X9V,2025-06-30T20:54:50.361377209Z,,,"{""networkStruct"":""reciprocal"",""playerCount"":6}",2025-06-30T20:54:50.388604854Z,"Reciprocal, Redundancy",2025-06-30T20:54:50.388604854Z,{},2025-06-30T20:54:50.597737785Z,,
01JZ1EXKHZBZ5ENGWCGS2V70RX,true,2025-06-30T22:29:57.29741802Z,true,2025-06-30T22:29:52.608788568Z,null,2025-06-30T22:34:54.081408631Z,null,2025-06-30T22:34:54.045779631Z,game ended,2025-06-30T22:35:09.873443805Z,1,2025-06-30T22:38:38.801674623Z,"{""age"":""55"",""gender"":""Male"",""strength"":""I thought the game was fun, exciting, unique and very fast paced. I had a great time completing the tasks and I am glad that I was able to participate. "",""fair"":""My teammates were very nice and I'm sure they did a great job on their tasks. My tasks were fast paced so I had to complete them without assistance. "",""feedback"":""The only change should be that everyone should get to see how their teammated did after the tasks were completed. "",""education"":""other""}",2025-06-30T22:38:38.747035535Z,01JZ1E91SWVSXS6FK33QCMH9SP,2025-06-30T22:21:59.809544773Z,3,2025-06-30T22:23:12.119682539Z,true,2025-06-30T22:23:53.303664092Z,,,Player 2,2025-06-30T22:25:34.697918623Z,14,2025-06-30T22:34:53.994917952Z,01JZ1EXKE81WJ5GY979XF2C62M,2025-06-30T22:21:59.743405586Z,MAXIMUM INCOME,2025-06-30T22:29:57.29741802Z,"{""networkStruct"":""reciprocal"",""playerCount"":3}",2025-06-30T22:21:59.809544773Z,"Reciprocal, No Redundancy",2025-06-30T22:21:59.809544773Z,{},2025-06-30T22:21:59.874503484Z,TaskQueue,2025-06-30T22:34:54.116058041Z
01JZ1G4P5HG5MYYFH3JNW3CKA9,true,2025-06-30T22:55:51.901753724Z,true,2025-06-30T22:55:43.16889019Z,,,neighborhood_13,2025-06-30T23:00:45.436968948Z,game ended,2025-06-30T23:01:16.62467747Z,1,2025-06-30T23:01:41.483181474Z,"{""age"":""28"",""gender"":""Male"",""strength"":""I didn't like it"",""fair"":""No"",""feedback"":""No idea"",""education"":""high-school""}",2025-06-30T23:01:41.534785208Z,01JZ1G2A9825Q9R0AFVXQNTR63,2025-06-30T22:43:20.429683702Z,3,2025-06-30T22:43:35.208983214Z,true,2025-06-30T22:43:41.855758108Z,,,Player 1,2025-06-30T22:51:29.899126056Z,6,2025-06-30T23:00:43.558106501Z,01JZ1G4P1TTDSYX3Q5B2JVA54G,2025-06-30T22:43:20.369695285Z,,,"{""networkStruct"":""pooled"",""playerCount"":4}",2025-06-30T22:43:20.429683702Z,"Pooled, Some Redundancy",2025-06-30T22:43:20.429683702Z,{},2025-06-30T22:43:20.47903003Z,TaskScreen,2025-06-30T23:00:45.486404789Z
01JZ176HDV9KWWBADR549HVXXJ,true,2025-06-30T20:17:20.64261222Z,true,2025-06-30T20:17:12.70649379Z,,,neighborhood_7,2025-06-30T20:22:29.643972522Z,game ended,2025-06-30T20:22:31.677091335Z,1,2025-06-30T20:24:55.431638846Z,"{""age"":""22"",""gender"":""male"",""strength"":""Fun, but I dont understand why one needs to chat with one's team mates before the game"",""fair"":""Yes"",""feedback"":""Make it so you have to play the test rounds before you can chat with one's team mates, so one already knows what one will do."",""education"":""high-school""}",2025-06-30T20:24:55.43992114Z,01JZ170DS8YWG03GZVY59N3JD0,2025-06-30T20:07:03.883323949Z,3,2025-06-30T20:07:52.754960976Z,true,2025-06-30T20:08:40.144800365Z,,,Player 1,2025-06-30T20:13:08.612535339Z,6,2025-06-30T20:22:27.724874884Z,01JZ176GZ96W3TJ7NTCE6KAC4E,2025-06-30T20:07:03.867310917Z,,,"{""networkStruct"":""pooled"",""playerCount"":6}",2025-06-30T20:07:03.883323949Z,"Pooled, Redundancy",2025-06-30T20:07:03.883323949Z,{},2025-06-30T20:07:04.116321761Z,TaskScreen,2025-06-30T20:22:29.656107222Z
01JZ18J46H2273JNNKGGW4JXM3,true,2025-06-30T20:39:23.989964643Z,true,2025-06-30T20:39:23.852312037Z,null,2025-06-30T20:41:31.006505935Z,null,2025-06-30T20:41:31.044481378Z,game ended,2025-06-30T20:44:36.398484801Z,1,2025-06-30T20:45:23.905151463Z,"{""age"":""42"",""gender"":""male"",""strength"":""it was easy (though I either mistyped or it altered one of my answers to a wrong one)"",""fair"":""a little"",""feedback"":""nothing comes to mind"",""education"":""master""}",2025-06-30T20:45:23.923915043Z,01JZ18G508W9SSEDAT6B79GZND,2025-06-30T20:30:52.129858757Z,3,2025-06-30T20:31:12.355604603Z,true,2025-06-30T20:31:25.791786884Z,,,Player 1,2025-06-30T20:35:04.198443928Z,11,2025-06-30T20:41:31.025043256Z,01JZ18J41ZAAV6KFEY6M57762B,2025-06-30T20:30:52.113309377Z,AVERAGE PEOPLE,2025-06-30T20:39:23.989964643Z,"{""networkStruct"":""reciprocal"",""playerCount"":6}",2025-06-30T20:30:52.129858757Z,"Reciprocal, Redundancy",2025-06-30T20:30:52.129858757Z,{},2025-06-30T20:30:52.211820487Z,TaskQueue,2025-06-30T20:41:30.988189538Z
01JZ18JCRWSH5Z1V97KVRN4VV2,true,2025-06-30T20:38:27.416661677Z,true,2025-06-30T20:38:20.20951776Z,,,null,2025-06-30T20:41:51.771920317Z,game ended,2025-06-30T20:43:43.37202417Z,1,2025-06-30T20:44:37.725026413Z,"{""age"":""24"",""gender"":""male"",""strength"":""Could be more fun, but its fine."",""fair"":""Probably"",""feedback"":""change it up or smthn"",""education"":""high-school""}",2025-06-30T20:44:37.707881451Z,01JZ18G512YK4K14AJW1A4KQT5,2025-06-30T20:31:00.924485861Z,3,2025-06-30T20:31:05.834887234Z,true,2025-06-30T20:31:11.030048267Z,,,Player 2,2025-06-30T20:34:13.035831681Z,3,2025-06-30T20:41:51.870904387Z,01JZ18JC9MT2Y3H57WFGQM7VK6,2025-06-30T20:31:00.894484865Z,,,"{""networkStruct"":""pooled"",""playerCount"":6}",2025-06-30T20:31:00.924485861Z,"Pooled, Redundancy",2025-06-30T20:31:00.924485861Z,{},2025-06-30T20:31:01.176194161Z,TaskQueue,2025-06-30T20:41:52.011233375Z
01JZ18MZ9CEYXM1F4JSENNJ9RA,true,2025-06-30T20:37:47.223166669Z,true,2025-06-30T20:37:39.252906329Z,,,null,2025-06-30T20:40:47.531361765Z,game ended,2025-06-30T20:42:59.360527924Z,1,2025-06-30T20:43:16.755255886Z,"{""age"":""29"",""gender"":""Male"",""strength"":""Easy"",""fair"":""Yes"",""feedback"":"""",""education"":""high-school""}",2025-06-30T20:43:16.794241697Z,01JZ18G4YA2XRQ9RK4RH5WQB1P,2025-06-30T20:33:19.68505221Z,3,2025-06-30T20:33:02.69419414Z,true,2025-06-30T20:33:33.279671381Z,,,Player 5,2025-06-30T20:33:33.503575836Z,3,2025-06-30T20:40:47.497291314Z,01JZ18MYVGV8VY5KNBM0Q9NH9D,2025-06-30T20:32:25.388639956Z,,,"{""networkStruct"":""pooled"",""playerCount"":6}",2025-06-30T20:32:25.422709569Z,"Pooled, Redundancy",2025-06-30T20:32:25.422709569Z,{},2025-06-30T20:32:25.652853226Z,TaskQueue,2025-06-30T20:40:47.574764834Z
01JZ18KCZAP8MJWF3YFSDPP92T,true,2025-06-30T20:37:21.579201275Z,true,2025-06-30T20:37:14.050729974Z,null,2025-06-30T20:39:17.153187009Z,null,2025-06-30T20:39:17.110207951Z,game ended,2025-06-30T20:42:33.688621444Z,1,2025-06-30T20:43:34.541343954Z,"{""age"":""24"",""gender"":""male"",""strength"":""It was a fun concept "",""fair"":""I believe we all worked to the best of our ability"",""feedback"":""Maybe multi-stage/different jobs?"",""education"":""bachelor""}",2025-06-30T20:43:34.52009782Z,01JZ18G50PJASP911XB82AW46K,2025-06-30T20:31:33.891846303Z,3,2025-06-30T20:32:03.147110878Z,true,2025-06-30T20:32:23.153975198Z,,,Player 4,2025-06-30T20:33:05.746157902Z,10,2025-06-30T20:39:17.136233549Z,01JZ18KCJWNZPF98DWZMG81JYK,2025-06-30T20:31:33.866509957Z,MAXIMUM INCOME,2025-06-30T20:37:21.579201275Z,"{""networkStruct"":""reciprocal"",""playerCount"":6}",2025-06-30T20:31:33.891846303Z,"Reciprocal, Redundancy",2025-06-30T20:31:33.891846303Z,{},2025-06-30T20:31:34.085995015Z,TaskQueue,2025-06-30T20:39:17.169789738Z
01JZ1EF4VM7JABTTZNP94E67E7,true,2025-06-30T22:28:57.645605015Z,true,2025-06-30T22:28:49.646084234Z,null,2025-06-30T22:33:57.978160248Z,null,2025-06-30T22:33:58.045203937Z,game ended,2025-06-30T22:34:11.512070981Z,1,2025-06-30T22:35:52.455548562Z,"{""age"":""28"",""gender"":""Trans Female"",""strength"":""It required very fast addition of numbers to be able to finish all of them. I had around 10 seconds left when I finished and I thought I wouldn't make it."",""fair"":""I have no idea what the teammates even did. All my tasks just showed \""Completed x1\"" and I did all of them by myself."",""feedback"":""Clarify what is the purpose of the teammates/ what they are doing at the moment."",""education"":""high-school""}",2025-06-30T22:35:52.421014208Z,01JZ1E923XSJ5V9JGGJQR2CG7M,2025-06-30T22:14:06.030068884Z,3,2025-06-30T22:15:14.135810659Z,true,2025-06-30T22:15:31.780796695Z,,,Player 2,2025-06-30T22:24:32.763951478Z,14,2025-06-30T22:33:58.015499842Z,01JZ1EF4D653FM5WF14DJSCFVS,2025-06-30T22:14:05.940315282Z,MAXIMUM INCOME,2025-06-30T22:28:57.645605015Z,"{""networkStruct"":""reciprocal"",""playerCount"":3}",2025-06-30T22:14:06.030068884Z,"Reciprocal, No Redundancy",2025-06-30T22:14:06.030068884Z,{},2025-06-30T22:14:06.252932617Z,TaskQueue,2025-06-30T22:33:57.908631275Z
01JZ18HFN6SPVZ5DYGTVB7ZVYC,true,2025-06-30T20:37:21.579201275Z,true,2025-06-30T20:37:13.14437102Z,null,2025-06-30T20:39:24.815955765Z,null,2025-06-30T20:39:24.795522143Z,game ended,2025-06-30T20:42:33.688621444Z,1,2025-06-30T20:43:17.734023143Z,"{""age"":""56"",""gender"":""Female"",""strength"":""It was fun"",""fair"":""Somewhat "",""feedback"":""It was good "",""education"":""bachelor""}",2025-06-30T20:43:17.710675406Z,01JZ18G50PJASP911XB82AW46K,2025-06-30T20:30:31.106311903Z,3,2025-06-30T20:31:01.082975088Z,true,2025-06-30T20:31:51.330180447Z,,,Player 1,2025-06-30T20:33:05.746157902Z,8,2025-06-30T20:39:24.658188409Z,01JZ18HF6KH7F8SJ6YS1NHNFDZ,2025-06-30T20:30:31.078586497Z,AVERAGE PEOPLE,2025-06-30T20:37:21.579201275Z,"{""networkStruct"":""reciprocal"",""playerCount"":6}",2025-06-30T20:30:31.106311903Z,"Reciprocal, Redundancy",2025-06-30T20:30:31.106311903Z,{},2025-06-30T20:30:31.33261026Z,TaskQueue,2025-06-30T20:39:24.845502856Z
01JZ18HGW0W96RSNBB49GQ9E8B,true,2025-06-30T20:37:09.032020052Z,true,2025-06-30T20:37:02.59983242Z,null,2025-06-30T20:40:07.598664281Z,null,2025-06-30T20:40:07.62338438Z,game ended,2025-06-30T20:42:21.537189859Z,1,2025-06-30T20:43:05.096547914Z,"{""age"":""48"",""gender"":"""",""strength"":""It was okay"",""fair"":""most likely"",""feedback"":""I'm not sure, it wasn't very immersive or stimulating."",""education"":""high-school""}",2025-06-30T20:43:05.055867391Z,01JZ18G4ZDA13FR053ZT1R1FPF,2025-06-30T20:30:32.339377934Z,3,2025-06-30T20:31:08.148582702Z,true,2025-06-30T20:31:22.47325069Z,,,Player 1,2025-06-30T20:32:50.870422471Z,12,2025-06-30T20:40:07.645977473Z,01JZ18HGN4WWTQCNSQZ63DC97D,2025-06-30T20:30:32.32018039Z,AVERAGE PEOPLE,2025-06-30T20:37:09.032020052Z,"{""networkStruct"":""reciprocal"",""playerCount"":6}",2025-06-30T20:30:32.339377934Z,"Reciprocal, Redundancy",2025-06-30T20:30:32.339377934Z,{},2025-06-30T20:30:32.453027739Z,TaskQueue,2025-06-30T20:40:07.67101288Z
01JZ1ESY682HMD53AEGK9VD2YT,true,2025-06-30T22:55:13.052852516Z,true,2025-06-30T22:55:12.39879918Z,null,2025-06-30T22:57:34.811647572Z,null,2025-06-30T22:57:34.962848689Z,game ended,2025-06-30T23:00:26.070097409Z,1,2025-06-30T23:02:16.933163634Z,"{""age"":""25"",""gender"":""Male"",""strength"":""I think it was a nice game. I enjoyed the coop aspect of it."",""fair"":""I think we all did a good job."",""feedback"":""Try to make the transitions smoother between screens."",""education"":""master""}",2025-06-30T23:02:16.832824402Z,01JZ1G2ACHC2PPHGNQVYG69GCY,2025-06-30T22:42:05.521482407Z,3,2025-06-30T22:42:45.631522622Z,true,2025-06-30T22:43:18.518829687Z,,,Player 1,2025-06-30T22:50:53.298044866Z,16,2025-06-30T22:57:34.537235198Z,01JZ1ESV3XDFJRJD44HT1YGM8S,2025-06-30T22:19:59.56016065Z,AVERAGE PEOPLE,2025-06-30T22:55:13.052852516Z,"{""networkStruct"":""reciprocal"",""playerCount"":3}",2025-06-30T22:20:00.007032553Z,"Reciprocal, No Redundancy",2025-06-30T22:20:00.007032553Z,{},2025-06-30T22:20:00.258440476Z,TaskQueue,2025-06-30T22:57:34.624180516Z
01JZ19XKK2V5414G0ST34MPS62,true,2025-06-30T21:05:01.352762096Z,true,2025-06-30T21:04:53.504762568Z,null,2025-06-30T21:07:01.960992612Z,null,2025-06-30T21:07:01.873043285Z,game ended,2025-06-30T21:10:13.505514845Z,1,2025-06-30T21:10:41.036697359Z,"{""age"":""31"",""gender"":""Male"",""strength"":""A lot of waiting"",""fair"":""Yes they were just as fast if not faster than me"",""feedback"":""Not sure"",""education"":""high-school""}",2025-06-30T21:10:41.060024547Z,01JZ19VF9WCS5BMDRCPXZK6ZBF,2025-06-30T20:54:36.928295715Z,3,2025-06-30T20:55:07.445883575Z,true,2025-06-30T20:55:53.62145584Z,,,Player 2,2025-06-30T21:00:42.59978411Z,7,2025-06-30T21:07:02.000599467Z,01JZ19XKG62PKNH5RD6WAGFR25,2025-06-30T20:54:36.898654728Z,MAXIMUM INCOME,2025-06-30T21:05:01.352762096Z,"{""networkStruct"":""reciprocal"",""playerCount"":6}",2025-06-30T20:54:36.928295715Z,"Reciprocal, Redundancy",2025-06-30T20:54:36.928295715Z,{},2025-06-30T20:54:36.976029521Z,TaskQueue,2025-06-30T21:07:01.916304855Z
01JZ1F2TBXEZEKPK7X854K54D8,true,2025-06-30T22:29:57.29741802Z,true,2025-06-30T22:29:49.942767126Z,null,2025-06-30T22:35:10.104202731Z,null,2025-06-30T22:35:10.150662037Z,game ended,2025-06-30T22:35:09.873443805Z,1,2025-06-30T22:35:48.670639495Z,"{""age"":""37"",""gender"":""Male"",""strength"":""Great"",""fair"":""Very helpful"",""feedback"":""NA"",""education"":""master""}",2025-06-30T22:35:48.723983696Z,01JZ1E91SWVSXS6FK33QCMH9SP,2025-06-30T22:24:50.659555386Z,3,2025-06-30T22:25:18.028123508Z,true,2025-06-30T22:25:34.222191016Z,,,Player 3,2025-06-30T22:25:34.697918623Z,10,2025-06-30T22:35:10.027046198Z,01JZ1F2RJEC6TJ5ZB4J1HX1JJ6,2025-06-30T22:24:50.557642842Z,CHILDREN'S COMMUTE DISTANCE,2025-06-30T22:29:57.29741802Z,"{""networkStruct"":""reciprocal"",""playerCount"":3}",2025-06-30T22:24:50.659555386Z,"Reciprocal, No Redundancy",2025-06-30T22:24:50.659555386Z,{},2025-06-30T22:24:51.257135275Z,TaskQueue,2025-06-30T22:35:10.322786099Z
01JZ178V1SBS1YEEZCW5R3AAJF,true,2025-06-30T20:19:08.715495513Z,true,2025-06-30T20:19:04.507220497Z,null,2025-06-30T20:20:48.223578949Z,null,2025-06-30T20:20:48.199505846Z,game ended,2025-06-30T20:24:20.161827246Z,1,2025-06-30T20:24:47.140827426Z,"{""age"":""34"",""gender"":""female"",""strength"":""It was easy"",""fair"":""Unsure, I did half of the tasks myself"",""feedback"":""n/a"",""education"":""master""}",2025-06-30T20:24:47.15294092Z,01JZ170DSMJZPS89ZBMFZ7ATK7,2025-06-30T20:08:19.269096682Z,3,2025-06-30T20:08:42.523321604Z,true,2025-06-30T20:09:17.825770269Z,,,Player 2,2025-06-30T20:14:55.920967151Z,8,2025-06-30T20:20:48.172392598Z,01JZ178TN3AR4WWYRPKQJPRTTY,2025-06-30T20:08:19.257838404Z,AVERAGE PEOPLE,2025-06-30T20:19:08.715495513Z,"{""networkStruct"":""reciprocal"",""playerCount"":6}",2025-06-30T20:08:19.269096682Z,"Reciprocal, Redundancy",2025-06-30T20:08:19.269096682Z,{},2025-06-30T20:08:19.560802042Z,TaskQueue,2025-06-30T20:20:48.211854403Z
01JZ17FY7YEZ14CJBS3JX2EV3B,true,2025-06-30T20:20:05.858993638Z,true,2025-06-30T20:19:57.620611576Z,,,neighborhood_12,2025-06-30T20:24:43.632573523Z,game ended,2025-06-30T20:25:17.069632324Z,1,2025-06-30T20:25:47.0512968Z,"{""age"":""25"",""gender"":""Female"",""strength"":""It was fun but I was a little stressed"",""fair"":""Yes, very I think"",""feedback"":""Maybe adding positive tips"",""education"":""high-school""}",2025-06-30T20:25:47.044457652Z,01JZ170DRV33K8D9D9ZMQKAW2D,2025-06-30T20:12:11.923155082Z,3,2025-06-30T20:12:49.392110399Z,true,2025-06-30T20:13:18.655005932Z,,,Player 5,2025-06-30T20:15:53.383975433Z,4,2025-06-30T20:24:41.701862357Z,01JZ17FXVXBH0TQR80ZNZY7E9Q,2025-06-30T20:12:11.902377232Z,,,"{""networkStruct"":""pooled"",""playerCount"":6}",2025-06-30T20:12:11.923155082Z,"Pooled, Redundancy",2025-06-30T20:12:11.923155082Z,{},2025-06-30T20:12:12.112484891Z,TaskScreen,2025-06-30T20:24:43.618958282Z
01JZ18K0D620BBCTKJ4ANCZ1RP,,,,,,,,,no more games,2025-06-30T21:25:22.491405605Z,1,2025-06-30T20:35:40.423390625Z,"{""age"":""62"",""gender"":""Male"",""strength"":""I had no opportunity to play!"",""fair"":""N/A"",""feedback"":""I don't know as I did not play - maybe something went wrong?"",""education"":""bachelor""}",2025-06-30T20:35:40.43793546Z,null,2025-06-30T21:25:22.491405605Z,3,2025-06-30T20:33:58.171942359Z,,,,,,,,,01JZ18JZX3PRVKTWRVGEHRPJH7,2025-06-30T20:31:20.998216435Z,,,"{""networkStruct"":""pooled"",""playerCount"":6}",2025-06-30T20:31:21.019552552Z,"Pooled, Redundancy",2025-06-30T20:31:21.019552552Z,{},2025-06-30T20:31:21.274220117Z,,
01JZ18N84ND15PG04895JYQ6RT,true,2025-06-30T20:38:38.514646455Z,true,2025-06-30T20:38:30.347140178Z,null,2025-06-30T20:40:38.17369271Z,null,2025-06-30T20:40:38.082682227Z,game ended,2025-06-30T20:43:59.790607934Z,1,2025-06-30T20:44:53.595697645Z,"{""age"":""43"",""gender"":""FEMALE"",""strength"":""GOOD FOR USING WUICK MATHS SKILLS"",""fair"":""YES"",""feedback"":""IT WORKED WELL"",""education"":""high-school""}",2025-06-30T20:44:53.614427204Z,01JZ18G50G0GKPPCFSW2N0ZNW1,2025-06-30T20:32:50.747331605Z,3,2025-06-30T20:33:26.228690972Z,true,2025-06-30T20:34:03.824702119Z,,,Player 6,2025-06-30T20:34:22.297757906Z,4,2025-06-30T20:40:38.101513506Z,01JZ18N7SF6GPE4DRCBSMC186F,2025-06-30T20:32:34.453662053Z,AVERAGE PEOPLE,2025-06-30T20:38:38.514646455Z,"{""networkStruct"":""reciprocal"",""playerCount"":6}",2025-06-30T20:32:34.473393575Z,"Reciprocal, Redundancy",2025-06-30T20:32:34.473393575Z,{},2025-06-30T20:32:34.655162639Z,TaskQueue,2025-06-30T20:40:38.137227541Z
01JZ176AGFMX3JE5XFYY83S9AY,true,2025-06-30T20:16:30.530913659Z,true,2025-06-30T20:16:21.443875616Z,,,null,2025-06-30T20:19:41.966470103Z,game ended,2025-06-30T20:21:41.347864704Z,1,2025-06-30T20:22:16.814693231Z,"{""age"":""30"",""gender"":""female"",""strength"":""I thought the game was interesting."",""fair"":""Yes"",""feedback"":""A longer training period to really get a feel for the game."",""education"":""bachelor""}",2025-06-30T20:22:16.800888596Z,01JZ170DRRRWN613C5WJQ8B5Q6,2025-06-30T20:06:56.796812426Z,3,2025-06-30T20:07:05.256914098Z,true,2025-06-30T20:07:15.156177424Z,,,Player 1,2025-06-30T20:12:18.889192237Z,3,2025-06-30T20:19:41.98035167Z,01JZ176A5ZQ2CGM249TH2RC74W,2025-06-30T20:06:56.783194897Z,,,"{""networkStruct"":""pooled"",""playerCount"":6}",2025-06-30T20:06:56.796812426Z,"Pooled, Redundancy",2025-06-30T20:06:56.796812426Z,{},2025-06-30T20:06:56.921135021Z,TaskQueue,2025-06-30T20:19:41.953929097Z
01JZ19Y5W4MYXKSXHHDPCY5M66,true,2025-06-30T21:12:56.567177332Z,true,2025-06-30T21:12:49.409230764Z,,,null,2025-06-30T21:17:33.590324528Z,game ended,2025-06-30T21:18:08.54563317Z,1,2025-06-30T21:18:46.771552318Z,"{""age"":""44"",""gender"":""Female"",""strength"":""Let's get to the task"",""fair"":""Yes"",""feedback"":"""",""education"":""high-school""}",2025-06-30T21:18:46.747856889Z,01JZ19VF4XXDC5SP97SM18G8VM,2025-06-30T20:54:55.679623287Z,3,2025-06-30T20:56:29.600798269Z,true,2025-06-30T20:57:09.486673551Z,,,Player 2,2025-06-30T21:08:40.651448389Z,5,2025-06-30T21:17:33.705595796Z,01JZ19Y5DX52NQJG8W8MSNT81Q,2025-06-30T20:54:55.620679121Z,,,"{""networkStruct"":""pooled"",""playerCount"":6}",2025-06-30T20:54:55.679623287Z,"Pooled, Redundancy",2025-06-30T20:54:55.679623287Z,{},2025-06-30T20:54:55.948196756Z,TaskQueue,2025-06-30T21:17:33.550435143Z
01JZ1B3PFQZWK1B01E0NW7J1B1,,,,,,,,,game ended,2025-06-30T21:28:42.03609295Z,,,,,01JZ1B1W6S117BH8HCA7NH9R7E,2025-06-30T21:15:25.090557549Z,3,2025-06-30T21:16:03.216502137Z,true,2025-06-30T21:16:33.182664777Z,true,2025-06-30T21:23:29.411589481Z,Player 1,2025-06-30T21:19:09.170913111Z,,,01JZ1B3P7F9RJ23YX2CEMG221B,2025-06-30T21:15:25.048024342Z,,,"{""networkStruct"":""reciprocal"",""playerCount"":6}",2025-06-30T21:15:25.090557549Z,"Reciprocal, Redundancy",2025-06-30T21:15:25.090557549Z,{},2025-06-30T21:15:25.238650347Z,,
01JZ17DJ18S9CGE8H6D4S1K333,true,2025-06-30T20:19:08.715495513Z,true,2025-06-30T20:19:01.117521468Z,null,2025-06-30T20:22:31.59101906Z,null,2025-06-30T20:22:31.623065184Z,game ended,2025-06-30T20:24:20.161827246Z,1,2025-06-30T20:25:18.661227128Z,"{""age"":""29"",""gender"":""Male"",""strength"":""Fun but easy"",""fair"":""not at all"",""feedback"":""more individually oriented and with visible competition with others"",""education"":""master""}",2025-06-30T20:25:18.653051464Z,01JZ170DSMJZPS89ZBMFZ7ATK7,2025-06-30T20:10:53.880225785Z,3,2025-06-30T20:11:49.991771182Z,true,2025-06-30T20:12:29.524631628Z,,,Player 3,2025-06-30T20:14:55.920967151Z,13,2025-06-30T20:22:31.580319904Z,01JZ17DHQAC4Z9MPSZCXVXSBFM,2025-06-30T20:10:53.864081572Z,MAXIMUM INCOME,2025-06-30T20:19:08.715495513Z,"{""networkStruct"":""reciprocal"",""playerCount"":6}",2025-06-30T20:10:53.880225785Z,"Reciprocal, Redundancy",2025-06-30T20:10:53.880225785Z,{},2025-06-30T20:10:54.043794349Z,TaskQueue,2025-06-30T20:22:31.612449851Z
01JZ1D6ZQPM67S4BNXG3Y9BBD9,true,2025-06-30T21:57:41.044585044Z,true,2025-06-30T21:57:33.194887301Z,3,2025-06-30T22:02:51.127931816Z,neighborhood_14,2025-06-30T22:02:51.097370345Z,game ended,2025-06-30T22:03:03.268632102Z,1,2025-06-30T22:03:44.954029279Z,"{""age"":""52"",""gender"":""Female"",""strength"":""It was fun. "",""fair"":""We didn't really correspond after the initial talk. "",""feedback"":""To let us know if our answer is right after submitting it. "",""education"":""bachelor""}",2025-06-30T22:03:44.886301656Z,01JZ1D0S58CJJ0G6BA8AW8ZVCS,2025-06-30T21:52:10.028400991Z,3,2025-06-30T21:52:47.489137739Z,true,2025-06-30T21:53:04.718242421Z,,,Player 3,2025-06-30T21:53:23.072016595Z,19,2025-06-30T22:02:48.165166967Z,01JZ1D6ZASPP7SQA6DQR56A6GS,2025-06-30T21:52:09.974544753Z,CHILDREN'S COMMUTE DISTANCE,2025-06-30T21:57:41.044585044Z,"{""networkStruct"":""reciprocal"",""playerCount"":4}",2025-06-30T21:52:10.028400991Z,"Reciprocal, Some Redundancy",2025-06-30T21:52:10.028400991Z,{},2025-06-30T21:52:10.209714062Z,TaskScreen,2025-06-30T22:02:51.162835015Z
01JZ1D7D81NBZRDY8M09FZNXH6,true,2025-06-30T22:02:45.075743173Z,true,2025-06-30T22:02:42.975037895Z,null,2025-06-30T22:07:53.769015176Z,null,2025-06-30T22:07:53.660632858Z,game ended,2025-06-30T22:08:03.288492062Z,1,2025-06-30T22:08:57.424484857Z,"{""age"":""47"",""gender"":""male"",""strength"":""I thought it was okay. "",""fair"":""I'm not sure. I didn't get to see their results to determine either way. "",""feedback"":""Show how many tasks are completed by teammates. "",""education"":""bachelor""}",2025-06-30T22:08:57.378384264Z,01JZ1D0S3N2D9DCG3EHS8AP4R1,2025-06-30T21:52:24.261329142Z,3,2025-06-30T21:53:16.434159445Z,true,2025-06-30T21:53:38.664765615Z,,,Player 2,2025-06-30T21:58:22.558063759Z,14,2025-06-30T22:07:53.73625022Z,01JZ1D7AMBF52QMKWWF4MCXG2H,2025-06-30T21:52:23.809489072Z,MAXIMUM INCOME,2025-06-30T22:02:45.075743173Z,"{""networkStruct"":""reciprocal"",""playerCount"":4}",2025-06-30T21:52:24.261329142Z,"Reciprocal, Some Redundancy",2025-06-30T21:52:24.261329142Z,{},2025-06-30T21:52:24.517311276Z,TaskQueue,2025-06-30T22:07:53.804975422Z
01JZ17DQR0WXBVGZE5VFC3T0EF,true,2025-06-30T20:20:05.858993638Z,true,2025-06-30T20:19:56.981806106Z,,,null,2025-06-30T20:24:55.485939952Z,game ended,2025-06-30T20:25:17.069632324Z,1,2025-06-30T20:26:29.276081783Z,"{""age"":""39"",""gender"":""nonbinary"",""strength"":""I mean... it was fine. I've done more tedious surveys"",""fair"":""Assuming they were real, sure"",""feedback"":""It is really hard to easily read the numbers without commas, e.g., it would be way easier to read 42,000 instead of 42000"",""education"":""other""}",2025-06-30T20:26:29.253499174Z,01JZ170DRV33K8D9D9ZMQKAW2D,2025-06-30T20:10:59.731415803Z,3,2025-06-30T20:11:16.608008718Z,true,2025-06-30T20:11:33.421774814Z,,,Player 3,2025-06-30T20:15:53.383975433Z,5,2025-06-30T20:24:55.471572851Z,01JZ17DQD5VDHVFXVSH13RDADG,2025-06-30T20:10:59.712650853Z,,,"{""networkStruct"":""pooled"",""playerCount"":6}",2025-06-30T20:10:59.731415803Z,"Pooled, Redundancy",2025-06-30T20:10:59.731415803Z,{},2025-06-30T20:10:59.873548289Z,TaskQueue,2025-06-30T20:24:55.495248572Z
01JZ17QM16148RHAHCPPZX620J,,,,,,,,,game ended,2025-06-30T20:27:31.720404695Z,,,,,01JZ170DS9MMA8EZAVKYS5SMHX,2025-06-30T20:16:23.605667432Z,3,2025-06-30T20:17:26.797072538Z,true,2025-06-30T20:17:58.38730839Z,true,2025-06-30T20:22:20.655108449Z,Player 5,2025-06-30T20:18:06.153859821Z,,,01JZ17QKKFWNEY1D7APCCC60DQ,2025-06-30T20:16:23.590252292Z,,,"{""networkStruct"":""pooled"",""playerCount"":6}",2025-06-30T20:16:23.605667432Z,"Pooled, Redundancy",2025-06-30T20:16:23.605667432Z,{},2025-06-30T20:16:23.8265223Z,,
01JZ1EVFEHVN1QQPSCMZ2EZ73P,true,2025-06-30T22:29:03.651443728Z,true,2025-06-30T22:29:00.318746743Z,,,null,2025-06-30T22:34:07.951222564Z,game ended,2025-06-30T22:34:16.061407698Z,1,2025-06-30T22:35:55.703886846Z,"{""age"":""49"",""gender"":""male"",""strength"":""it's a good mental exercise"",""fair"":""not really understood the collaboration"",""feedback"":""explain better the collaboration with teammates"",""education"":""master""}",2025-06-30T22:35:55.673455377Z,01JZ1E91Q18GQE49C0XSDVMF75,2025-06-30T22:20:50.062630423Z,3,2025-06-30T22:22:49.575742007Z,true,2025-06-30T22:24:41.903573437Z,,,Player 4,2025-06-30T22:24:42.45539611Z,3,2025-06-30T22:34:07.916697611Z,01JZ1EVF3F8D5M98HRNJBN9MEB,2025-06-30T22:20:50.001314313Z,,,"{""networkStruct"":""pooled"",""playerCount"":4}",2025-06-30T22:20:50.062630423Z,"Pooled, Some Redundancy",2025-06-30T22:20:50.062630423Z,{},2025-06-30T22:20:50.242030323Z,TaskQueue,2025-06-30T22:34:07.993995335Z
01JZ1G3PKEWNM3BADHFXST2D82,true,2025-06-30T22:56:15.634433333Z,true,2025-06-30T22:56:06.359496532Z,,,neighborhood_8,2025-06-30T23:01:10.50563388Z,game ended,2025-06-30T23:01:35.123620794Z,1,2025-06-30T23:01:49.969850894Z,"{""age"":""23"",""gender"":""male"",""strength"":""it was fun"",""fair"":""yes they were quick"",""feedback"":""N/A"",""education"":""high-school""}",2025-06-30T23:01:50.08453969Z,01JZ1G29XRNS92G9JYEX4H033M,2025-06-30T22:42:48.109379534Z,3,2025-06-30T22:43:13.245738995Z,true,2025-06-30T22:43:32.651705085Z,,,Player 1,2025-06-30T22:51:48.666738478Z,3,2025-06-30T23:01:08.512375394Z,01JZ1G3PD9E1DHYJN8JVY86QV5,2025-06-30T22:42:48.046971041Z,,,"{""networkStruct"":""pooled"",""playerCount"":4}",2025-06-30T22:42:48.109379534Z,"Pooled, Some Redundancy",2025-06-30T22:42:48.109379534Z,{},2025-06-30T22:42:48.193837789Z,TaskScreen,2025-06-30T23:01:10.54926114Z
01JZ17M9BWTED841AF4MEHDDNW,,,,,,,,,game ended,2025-06-30T20:26:11.072850178Z,,,,,01JZ170DRQN15452AYS561M232,2025-06-30T20:14:35.042897889Z,3,2025-06-30T20:14:36.640115131Z,true,2025-06-30T20:14:37.182606771Z,true,2025-06-30T20:21:00.113649749Z,Player 4,2025-06-30T20:16:47.494367992Z,,,01JZ17M8QXP5TVJF7F9J9X13FK,2025-06-30T20:14:34.364997279Z,,,"{""networkStruct"":""pooled"",""playerCount"":6}",2025-06-30T20:14:35.042897889Z,"Pooled, Redundancy",2025-06-30T20:14:35.042897889Z,{},2025-06-30T20:14:35.086990513Z,,
01JZ18HWWK8B66EBMNQPXM1R3H,true,2025-06-30T20:38:08.575450426Z,true,2025-06-30T20:38:00.043753553Z,null,2025-06-30T20:40:16.866837146Z,null,2025-06-30T20:40:16.824573438Z,game ended,2025-06-30T20:43:22.475613323Z,1,2025-06-30T20:43:35.127165066Z,"{""age"":""45"",""gender"":""MALE"",""strength"":"""",""fair"":"""",""feedback"":"""",""education"":""high-school""}",2025-06-30T20:43:35.108651223Z,01JZ18G4ZPD0G0WRB3ZSNJ4KSW,2025-06-30T20:30:44.649061904Z,3,2025-06-30T20:31:44.688889485Z,true,2025-06-30T20:32:07.951816279Z,,,Player 2,2025-06-30T20:33:52.608864142Z,9,2025-06-30T20:40:16.955742131Z,01JZ18HWF5D8VEWBEA6HFVXZH8,2025-06-30T20:30:44.628001637Z,AVERAGE PEOPLE,2025-06-30T20:38:08.575450426Z,"{""networkStruct"":""reciprocal"",""playerCount"":6}",2025-06-30T20:30:44.649061904Z,"Reciprocal, Redundancy",2025-06-30T20:30:44.649061904Z,{},2025-06-30T20:30:44.870310332Z,TaskQueue,2025-06-30T20:40:16.917669133Z
01JZ18KKFGMMT5SG9HSP332X5F,true,2025-06-30T20:38:08.575450426Z,true,2025-06-30T20:38:02.830791795Z,null,2025-06-30T20:41:27.530501347Z,null,2025-06-30T20:41:27.57433801Z,game ended,2025-06-30T20:43:22.475613323Z,1,2025-06-30T20:44:12.009478261Z,"{""age"":""33"",""gender"":""Female"",""strength"":""confusing"",""fair"":""n/a"",""feedback"":""given better explanation regarding the tasks"",""education"":""master""}",2025-06-30T20:44:11.985991328Z,01JZ18G4ZPD0G0WRB3ZSNJ4KSW,2025-06-30T20:31:40.552044233Z,3,2025-06-30T20:33:13.936393549Z,true,2025-06-30T20:33:52.1457427Z,,,Player 6,2025-06-30T20:33:52.608864142Z,9,2025-06-30T20:41:27.486728323Z,01JZ18KKA0BKVHZ15WC7JG8T63,2025-06-30T20:31:40.52835266Z,CHILDREN'S COMMUTE DISTANCE,2025-06-30T20:38:08.575450426Z,"{""networkStruct"":""reciprocal"",""playerCount"":6}",2025-06-30T20:31:40.552044233Z,"Reciprocal, Redundancy",2025-06-30T20:31:40.552044233Z,{},2025-06-30T20:31:40.634634959Z,TaskQueue,2025-06-30T20:41:27.611585387Z
01JZ18XHK71TAH4K8NFWQ8XDAZ,,,,,,,,,game ended,2025-06-30T20:48:04.292196025Z,,,,,01JZ18QHYY9H3H8G0D5BR000CA,2025-06-30T20:37:06.309172402Z,3,2025-06-30T20:37:57.969869022Z,true,2025-06-30T20:38:29.380334027Z,true,2025-06-30T20:42:52.530242937Z,Player 3,2025-06-30T20:38:30.046301372Z,,,01JZ18XGVR6M4593QQJMYA9V16,2025-06-30T20:37:06.279382586Z,,,"{""networkStruct"":""pooled"",""playerCount"":4}",2025-06-30T20:37:06.309172402Z,"Pooled, Some Redundancy",2025-06-30T20:37:06.309172402Z,{},2025-06-30T20:37:06.633648806Z,,
01JZ1D9EWF7E986R41J5GTVAQX,,,,,,,,,no more games,2025-06-30T21:57:53.402081961Z,,,,,null,2025-06-30T21:57:53.402081961Z,,,,,,,,,,,01JZ1D9EQ11K1JS7PNW7TDRF0V,2025-06-30T21:53:31.023514025Z,,,"{""networkStruct"":""reciprocal"",""playerCount"":6}",2025-06-30T21:53:31.128828076Z,"Reciprocal, Redundancy",2025-06-30T21:53:31.128828076Z,{},2025-06-30T21:53:31.216428151Z,,
01JZ1DF9TMQVXJB3X4AMVR49M4,,,,,,,,,no more games,2025-06-30T21:58:21.876743771Z,1,2025-06-30T21:59:03.857030165Z,"{""age"":""25"",""gender"":""Male"",""strength"":""The game never started"",""fair"":""The game never started"",""feedback"":""The game never started, it would be great if I could play it "",""education"":""high-school""}",2025-06-30T21:59:03.887833085Z,null,2025-06-30T21:58:21.876743771Z,3,2025-06-30T21:57:59.768478046Z,,,,,,,,,01JZ1DF8WZDXA175F656GHZXBK,2025-06-30T21:56:42.452595232Z,,,"{""networkStruct"":""reciprocal"",""playerCount"":4}",2025-06-30T21:56:42.970764615Z,"Reciprocal, Some Redundancy",2025-06-30T21:56:42.970764615Z,{},2025-06-30T21:56:43.180682521Z,,
01JZ179XMYFK94EADRMMB2K8HQ,,,,,,,,,game ended,2025-06-30T20:25:17.069632324Z,,,,,01JZ170DRV33K8D9D9ZMQKAW2D,2025-06-30T20:08:54.697889644Z,3,2025-06-30T20:11:15.082639054Z,true,2025-06-30T20:12:25.128101442Z,true,2025-06-30T20:20:05.858993638Z,Player 1,2025-06-30T20:15:53.383975433Z,,,01JZ179X55V4WC6DVCG5Y3WZXA,2025-06-30T20:08:54.686186677Z,,,"{""networkStruct"":""pooled"",""playerCount"":6}",2025-06-30T20:08:54.697889644Z,"Pooled, Redundancy",2025-06-30T20:08:54.697889644Z,{},2025-06-30T20:08:54.938482591Z,,
01JZ17BEMM8D7MEKMFQ0MBS3DE,true,2025-06-30T20:18:20.596040532Z,true,2025-06-30T20:18:12.951615492Z,null,2025-06-30T20:23:28.189462024Z,null,2025-06-30T20:23:28.202024857Z,game ended,2025-06-30T20:23:32.141601194Z,1,2025-06-30T20:24:23.010034346Z,"{""age"":""35"",""gender"":""male"",""strength"":""it was fun"",""fair"":""not so much"",""feedback"":""make possible to solve all kinds of problems, not just 1 category"",""education"":""bachelor""}",2025-06-30T20:24:22.993300738Z,01JZ170DSWJ6311N72HPSQWG9K,2025-06-30T20:09:44.866387834Z,3,2025-06-30T20:10:29.012570865Z,true,2025-06-30T20:11:10.936384809Z,,,Player 4,2025-06-30T20:14:08.533237352Z,12,2025-06-30T20:23:28.215633453Z,01JZ17BE7FR6Q0VZSV17KXSARN,2025-06-30T20:09:44.852551519Z,MAXIMUM INCOME,2025-06-30T20:18:20.596040532Z,"{""networkStruct"":""reciprocal"",""playerCount"":6}",2025-06-30T20:09:44.866387834Z,"Reciprocal, Redundancy",2025-06-30T20:09:44.866387834Z,{},2025-06-30T20:09:45.076631365Z,TaskQueue,2025-06-30T20:23:28.22643702Z
01JZ18MW05S42NZ47MWBQC7P11,,,,,,,,,game ended,2025-06-30T20:43:59.790607934Z,,,,,01JZ18G50G0GKPPCFSW2N0ZNW1,2025-06-30T20:34:05.226431865Z,3,2025-06-30T20:33:06.335372698Z,true,2025-06-30T20:34:20.59206575Z,true,2025-06-30T20:38:38.514646455Z,Player 5,2025-06-30T20:34:22.297757906Z,,,01JZ18MVMXFKX059DS4BW9CAYX,2025-06-30T20:32:22.0217474Z,,,"{""networkStruct"":""reciprocal"",""playerCount"":6}",2025-06-30T20:32:22.044667483Z,"Reciprocal, Redundancy",2025-06-30T20:32:22.044667483Z,{},2025-06-30T20:32:22.299553615Z,,
01JZ1B7EJ94Z1F34T98KN1PN13,true,2025-06-30T21:27:04.491221672Z,true,2025-06-30T21:26:57.187968361Z,,,null,2025-06-30T21:29:57.199510551Z,game ended,2025-06-30T21:32:17.383224944Z,1,2025-06-30T21:35:14.983638467Z,"{""age"":""49"",""gender"":""Male"",""strength"":""It became easier and quicker, the more tasks you completed."",""fair"":""Yes, my team mates seemed to be efficient and quick."",""feedback"":""You could add some other factors to be computed, to make it a little more challenging."",""education"":""master""}",2025-06-30T21:35:14.949402644Z,01JZ1B1W68Y1JCNSRHTZJR0WTB,2025-06-30T21:19:31.493581938Z,3,2025-06-30T21:19:08.164944721Z,true,2025-06-30T21:20:02.619221586Z,,,Player 4,2025-06-30T21:22:45.230637302Z,2,2025-06-30T21:29:57.153648578Z,01JZ1B7E5PAW2PSMPC1KPXQJDM,2025-06-30T21:17:28.009206329Z,,,"{""networkStruct"":""pooled"",""playerCount"":6}",2025-06-30T21:17:28.101843701Z,"Pooled, Redundancy",2025-06-30T21:17:28.101843701Z,{},2025-06-30T21:17:28.285191584Z,TaskQueue,2025-06-30T21:29:57.250458554Z
01JZ17A0VX21AM44XR65ZCDBQZ,true,2025-06-30T20:17:43.734560079Z,true,2025-06-30T20:17:40.172456704Z,,,null,2025-06-30T20:20:28.344187262Z,game ended,2025-06-30T20:22:54.557901603Z,1,2025-06-30T20:25:30.141341159Z,"{""age"":""28"",""gender"":""male"",""strength"":""Quite easy"",""fair"":""They seem to have done their jobs well, we completed every task"",""feedback"":""Maybe improve the collaboration in some way. Teammates only briefly spoke to each other for 1 minute at the start, and nothing from then on. Makes me question what even was the point on being on a team?"",""education"":""high-school""}",2025-06-30T20:25:30.151480264Z,01JZ170DSBT7R80F1BC6BFNZAP,2025-06-30T20:08:57.993568808Z,3,2025-06-30T20:10:03.636515979Z,true,2025-06-30T20:10:40.96345916Z,,,Player 3,2025-06-30T20:13:31.605335602Z,2,2025-06-30T20:20:28.330907208Z,01JZ17A0GVC8QRZ3MEH48FQNRE,2025-06-30T20:08:57.981251055Z,,,"{""networkStruct"":""pooled"",""playerCount"":6}",2025-06-30T20:08:57.993568808Z,"Pooled, Redundancy",2025-06-30T20:08:57.993568808Z,{},2025-06-30T20:08:58.179349367Z,TaskQueue,2025-06-30T20:20:28.337723237Z
01JZ17QY7AVGGNKHH7ZM5STBVV,true,2025-06-30T20:21:00.113649749Z,true,2025-06-30T20:20:52.083169079Z,,,null,2025-06-30T20:24:42.75602149Z,game ended,2025-06-30T20:26:11.072850178Z,1,2025-06-30T20:27:35.214991035Z,"{""age"":""22"",""gender"":""male"",""strength"":""I liked it."",""fair"":""Yes."",""feedback"":""I don't know."",""education"":""bachelor""}",2025-06-30T20:27:35.206574712Z,01JZ170DRQN15452AYS561M232,2025-06-30T20:16:34.039096175Z,3,2025-06-30T20:16:46.387482576Z,true,2025-06-30T20:16:47.375376103Z,,,Player 5,2025-06-30T20:16:47.494367992Z,5,2025-06-30T20:24:42.745566868Z,01JZ17QXRQX2008NR0EG1GWVP7,2025-06-30T20:16:34.026848509Z,,,"{""networkStruct"":""pooled"",""playerCount"":6}",2025-06-30T20:16:34.039096175Z,"Pooled, Redundancy",2025-06-30T20:16:34.039096175Z,{},2025-06-30T20:16:34.291297242Z,TaskQueue,2025-06-30T20:24:42.730059878Z
01JZ18K0S7ESWE4C2YKPFWVG9K,true,2025-06-30T20:39:06.483879151Z,true,2025-06-30T20:38:59.123487969Z,null,2025-06-30T20:42:20.265719344Z,null,2025-06-30T20:42:20.242841196Z,game ended,2025-06-30T20:44:18.586815933Z,1,2025-06-30T20:47:02.782471251Z,"{""age"":""47"",""gender"":""Male"",""strength"":""To get to know how the teameork yield results with a given data."",""fair"":""To some extant my teammates were helpful."",""feedback"":""The game is quite interesting and if the during the gameplay, the participants may send message for better interaction."",""education"":""master""}",2025-06-30T20:47:02.734785475Z,01JZ18G4Z7SR18DC8PDBR22HS5,2025-06-30T20:31:21.407171135Z,3,2025-06-30T20:32:25.208549636Z,true,2025-06-30T20:33:08.073263765Z,,,Player 4,2025-06-30T20:34:46.301046173Z,8,2025-06-30T20:42:20.205684157Z,01JZ18JZZXBQCHEJEMNZ822FQM,2025-06-30T20:31:21.383674475Z,MAXIMUM INCOME,2025-06-30T20:39:06.483879151Z,"{""networkStruct"":""reciprocal"",""playerCount"":6}",2025-06-30T20:31:21.407171135Z,"Reciprocal, Redundancy",2025-06-30T20:31:21.407171135Z,{},2025-06-30T20:31:21.873442196Z,TaskQueue,2025-06-30T20:42:20.393642487Z
01JZ1BBYX3EBCPQCGHPWQKT6BR,,,,,,,,,no more games,2025-06-30T21:57:53.402081961Z,,,,,null,2025-06-30T21:57:53.402081961Z,2,2025-06-30T21:20:10.546669148Z,,,,,,,,,01JZ1BBYRHZ44WRKBJ8J6BKSS3,2025-06-30T21:19:55.811320103Z,,,"{""networkStruct"":""reciprocal"",""playerCount"":6}",2025-06-30T21:19:55.852841497Z,"Reciprocal, Redundancy",2025-06-30T21:19:55.852841497Z,{},2025-06-30T21:19:55.923773104Z,,
01JZ18NT2QY0K3T67RMTHTZ875,true,2025-06-30T20:39:23.989964643Z,true,2025-06-30T20:39:18.581232227Z,null,2025-06-30T20:41:46.169729283Z,null,2025-06-30T20:41:46.127984645Z,game ended,2025-06-30T20:44:36.398484801Z,1,2025-06-30T20:45:38.437197509Z,"{""age"":""24"",""gender"":""Male"",""strength"":""It was quite simple"",""fair"":""Yes "",""feedback"":""Increase more tasks"",""education"":""high-school""}",2025-06-30T20:45:38.421883581Z,01JZ18G508W9SSEDAT6B79GZND,2025-06-30T20:34:46.100184917Z,3,2025-06-30T20:34:19.536862929Z,true,2025-06-30T20:35:02.892335668Z,,,Player 6,2025-06-30T20:35:04.198443928Z,5,2025-06-30T20:41:46.110627776Z,01JZ18NREW5P7YGEVEJE0TX4KN,2025-06-30T20:32:52.823403507Z,AVERAGE PEOPLE,2025-06-30T20:39:23.989964643Z,"{""networkStruct"":""reciprocal"",""playerCount"":6}",2025-06-30T20:32:52.849927535Z,"Reciprocal, Redundancy",2025-06-30T20:32:52.849927535Z,{},2025-06-30T20:32:53.158424411Z,TaskQueue,2025-06-30T20:41:46.150479671Z
01JZ1GRY7J5YBFT0P7ME9XRK58,true,2025-06-30T23:00:50.868434694Z,true,2025-06-30T23:00:42.869831817Z,,,null,2025-06-30T23:04:23.18167298Z,game ended,2025-06-30T23:06:05.062375564Z,1,2025-06-30T23:06:53.774785953Z,"{""age"":""39"",""gender"":""male"",""strength"":""It was fine but simple"",""fair"":""they seemed a bit slow"",""feedback"":""end the game sooner once all the tasks are done"",""education"":""bachelor""}",2025-06-30T23:06:53.723992314Z,01JZ1G2AATTMJJ07WA2JZ9MF1K,2025-06-30T22:54:24.061741244Z,3,2025-06-30T22:55:00.005880565Z,true,2025-06-30T22:55:11.383897606Z,,,Player 4,2025-06-30T22:56:26.08365418Z,7,2025-06-30T23:04:23.077030185Z,01JZ1GRXQSQYP89R0WEKMZ1RD2,2025-06-30T22:54:23.986511067Z,,,"{""networkStruct"":""pooled"",""playerCount"":4}",2025-06-30T22:54:24.061741244Z,"Pooled, Some Redundancy",2025-06-30T22:54:24.061741244Z,{},2025-06-30T22:54:24.242542863Z,TaskQueue,2025-06-30T23:04:22.917076701Z
01JZ18M8PYM3H87ZASWMAC2B64,true,2025-06-30T20:37:47.223166669Z,true,2025-06-30T20:37:40.738197159Z,,,null,2025-06-30T20:42:05.205231304Z,game ended,2025-06-30T20:42:59.360527924Z,1,2025-06-30T20:43:30.116125746Z,"{""age"":""49"",""gender"":""male"",""strength"":""it was fun and interesting"",""fair"":""yes"",""feedback"":""n/a"",""education"":""high-school""}",2025-06-30T20:43:30.068786278Z,01JZ18G4YA2XRQ9RK4RH5WQB1P,2025-06-30T20:32:02.294825269Z,3,2025-06-30T20:32:45.805313649Z,true,2025-06-30T20:33:17.970374672Z,,,Player 4,2025-06-30T20:33:33.503575836Z,2,2025-06-30T20:42:05.183959515Z,01JZ18M8B0TC0C02N301BY8GEM,2025-06-30T20:32:02.271056001Z,,,"{""networkStruct"":""pooled"",""playerCount"":6}",2025-06-30T20:32:02.294825269Z,"Pooled, Redundancy",2025-06-30T20:32:02.294825269Z,{},2025-06-30T20:32:02.532055683Z,TaskQueue,2025-06-30T20:42:05.227079163Z
01JZ194N4E2TKNMN8BBP69R2ES,,,,,,,,,no more games,2025-06-30T21:58:21.876743771Z,,,,,null,2025-06-30T21:58:21.876743771Z,,,,,,,,,,,01JZ194KR2QAF743VJ1A3XE7DC,2025-06-30T20:40:59.278779307Z,,,"{""networkStruct"":""reciprocal"",""playerCount"":4}",2025-06-30T20:40:59.315791902Z,"Reciprocal, Some Redundancy",2025-06-30T20:40:59.315791902Z,{},2025-06-30T20:40:59.828236489Z,,
01JZ1B56KN8DYJ21G7YK1NVQR0,true,2025-06-30T21:24:50.473796249Z,true,2025-06-30T21:24:45.615868349Z,null,2025-06-30T21:28:21.98724247Z,null,2025-06-30T21:28:21.831432409Z,game ended,2025-06-30T21:30:03.920018166Z,1,2025-06-30T21:30:48.721172124Z,"{""age"":""53"",""gender"":""Male"",""strength"":""Interesting and fun"",""fair"":""Yes"",""feedback"":""More rounds as finished in time"",""education"":""bachelor""}",2025-06-30T21:30:48.652046925Z,01JZ1B1W2WT8MR9NJ7RDDSFH2M,2025-06-30T21:16:14.360398504Z,3,2025-06-30T21:17:00.128370073Z,true,2025-06-30T21:17:25.167580028Z,,,Player 4,2025-06-30T21:20:33.791002238Z,9,2025-06-30T21:28:21.883976452Z,01JZ1B567FTRT9TBBGDBV287N4,2025-06-30T21:16:14.325223966Z,MAXIMUM INCOME,2025-06-30T21:24:50.473796249Z,"{""networkStruct"":""reciprocal"",""playerCount"":6}",2025-06-30T21:16:14.360398504Z,"Reciprocal, Redundancy",2025-06-30T21:16:14.360398504Z,{},2025-06-30T21:16:14.58017775Z,TaskQueue,2025-06-30T21:28:21.935628236Z
01JZ1DCDN091GX33H1NPEY9NA8,true,2025-06-30T22:01:28.699318571Z,true,2025-06-30T22:01:22.816368951Z,3,2025-06-30T22:06:33.397831251Z,neighborhood_12,2025-06-30T22:06:33.320751459Z,game ended,2025-06-30T22:06:41.916985907Z,1,2025-06-30T22:07:23.00465972Z,"{""age"":""31"",""gender"":""Female"",""strength"":""It was mind engaging."",""fair"":""Yes, they were."",""feedback"":""More time maybe"",""education"":""master""}",2025-06-30T22:07:23.041210822Z,01JZ1D0S064NT759Q480WCA8PK,2025-06-30T21:55:08.169147097Z,3,2025-06-30T21:56:08.02566098Z,true,2025-06-30T21:56:39.077670024Z,,,Player 3,2025-06-30T21:57:03.04165401Z,12,2025-06-30T22:06:30.021450611Z,01JZ1DCB65TWVG2VD7ZC057FVB,2025-06-30T21:55:08.064593407Z,CHILDREN'S COMMUTE DISTANCE,2025-06-30T22:01:28.699318571Z,"{""networkStruct"":""reciprocal"",""playerCount"":4}",2025-06-30T21:55:08.169147097Z,"Reciprocal, Some Redundancy",2025-06-30T21:55:08.169147097Z,{},2025-06-30T21:55:08.602927846Z,TaskScreen,2025-06-30T22:06:33.359435412Z
01JZ18YPQMX7TQXCKGYZNA73VF,true,2025-06-30T20:42:52.530242937Z,true,2025-06-30T20:42:49.336020615Z,,,null,2025-06-30T20:46:49.251288487Z,game ended,2025-06-30T20:48:04.292196025Z,1,2025-06-30T20:48:48.642169911Z,"{""age"":""37"",""gender"":""Female"",""strength"":""I thought i was fast paced but fun :D"",""fair"":""I hope so... theres no way of knowing."",""feedback"":""Allow us to work with our partners more actively"",""education"":""high-school""}",2025-06-30T20:48:48.672894524Z,01JZ18QHYY9H3H8G0D5BR000CA,2025-06-30T20:37:44.381089441Z,3,2025-06-30T20:37:49.234452718Z,true,2025-06-30T20:37:54.734369356Z,,,Player 4,2025-06-30T20:38:30.046301372Z,1,2025-06-30T20:46:49.236132159Z,01JZ18YPCNJHYW0WQVFCMQGK45,2025-06-30T20:37:44.309048872Z,,,"{""networkStruct"":""pooled"",""playerCount"":4}",2025-06-30T20:37:44.381089441Z,"Pooled, Some Redundancy",2025-06-30T20:37:44.381089441Z,{},2025-06-30T20:37:44.573630032Z,TaskQueue,2025-06-30T20:46:49.270373649Z
01JZ1A8X5PJAXZBFXHM3C9X96V,true,2025-06-30T21:07:02.264194055Z,true,2025-06-30T21:06:53.767401956Z,2,2025-06-30T21:11:40.870772522Z,neighborhood_8,2025-06-30T21:11:40.934490086Z,game ended,2025-06-30T21:12:15.060866167Z,1,2025-06-30T21:12:59.117239989Z,"{""age"":""24"",""gender"":""Female"",""strength"":""It was fun and engaging, time flew by really fast"",""fair"":""Yes, they could have been faster though"",""feedback"":""More time to chat"",""education"":""master""}",2025-06-30T21:12:59.1374734Z,01JZ19VF6XEW5FG377QGXCTRD1,2025-06-30T21:01:47.134893341Z,3,2025-06-30T21:01:35.51694705Z,true,2025-06-30T21:02:12.722482429Z,,,Player 4,2025-06-30T21:02:45.019047124Z,4,2025-06-30T21:11:39.400966771Z,01JZ1A8WNFEYKD7148CRXZMDCV,2025-06-30T21:00:47.158196907Z,MAXIMUM INCOME,2025-06-30T21:07:02.264194055Z,"{""networkStruct"":""reciprocal"",""playerCount"":6}",2025-06-30T21:00:47.232843518Z,"Reciprocal, Redundancy",2025-06-30T21:00:47.232843518Z,{},2025-06-30T21:00:47.498433011Z,TaskScreen,2025-06-30T21:11:40.817681657Z
01JZ17CS84WF94XY708FKX765Q,true,2025-06-30T20:19:36.431589745Z,true,2025-06-30T20:19:30.746605757Z,2,2025-06-30T20:24:29.908181365Z,neighborhood_10,2025-06-30T20:24:29.915810193Z,game ended,2025-06-30T20:24:47.738046724Z,1,2025-06-30T20:27:36.541528241Z,"{""age"":""41"",""gender"":""male"",""strength"":""The game was challenging... unfortunately, I wasn't fast enough!"",""fair"":""no"",""feedback"":""Everything went well, nothing to point out."",""education"":""bachelor""}",2025-06-30T20:27:36.547148936Z,01JZ170DS0283SZNEN95XAWWS4,2025-06-30T20:10:28.49373664Z,3,2025-06-30T20:12:25.240065423Z,true,2025-06-30T20:14:04.27289128Z,,,Player 3,2025-06-30T20:15:24.36435341Z,10,2025-06-30T20:24:26.709651932Z,01JZ17CRRGG3YWFN3MY6HCJ3ET,2025-06-30T20:10:28.484456592Z,MAXIMUM INCOME,2025-06-30T20:19:36.431589745Z,"{""networkStruct"":""reciprocal"",""playerCount"":6}",2025-06-30T20:10:28.49373664Z,"Reciprocal, Redundancy",2025-06-30T20:10:28.49373664Z,{},2025-06-30T20:10:28.750304896Z,TaskScreen,2025-06-30T20:24:29.922835179Z
01JZ1B3YWXA1F3DXJYFKHTVRDW,,,,,,,,,game ended,2025-06-30T21:30:03.920018166Z,,,,,01JZ1B1W2WT8MR9NJ7RDDSFH2M,2025-06-30T21:15:33.738154736Z,3,2025-06-30T21:17:10.462477076Z,true,2025-06-30T21:18:39.022024311Z,true,2025-06-30T21:24:50.473796249Z,Player 1,2025-06-30T21:20:33.791002238Z,,,01JZ1B3X0Z472JVPN3VM99JHAQ,2025-06-30T21:15:33.66188324Z,,,"{""networkStruct"":""reciprocal"",""playerCount"":6}",2025-06-30T21:15:33.738154736Z,"Reciprocal, Redundancy",2025-06-30T21:15:33.738154736Z,{},2025-06-30T21:15:34.032546667Z,,
01JZ1B792JY1J7NFJKWZPMCAGM,true,2025-06-30T21:27:04.491221672Z,true,2025-06-30T21:26:56.7350789Z,,,null,2025-06-30T21:29:32.901912816Z,game ended,2025-06-30T21:32:17.383224944Z,1,2025-06-30T21:32:56.607585147Z,"{""age"":""45"",""gender"":""Male"",""strength"":""I thought it was interesting and a fun math game."",""fair"":""People seemed to be very nice and helpful."",""feedback"":""Maybe give a couple highlights of the rules but I didn't find a problem."",""education"":""high-school""}",2025-06-30T21:32:56.630364889Z,01JZ1B1W68Y1JCNSRHTZJR0WTB,2025-06-30T21:17:22.434703346Z,3,2025-06-30T21:18:25.445530114Z,true,2025-06-30T21:18:48.793201256Z,,,Player 3,2025-06-30T21:22:45.230637302Z,3,2025-06-30T21:29:32.842019958Z,01JZ1B78YH5GPDMS1VC4KWR3FP,2025-06-30T21:17:22.386453806Z,,,"{""networkStruct"":""pooled"",""playerCount"":6}",2025-06-30T21:17:22.434703346Z,"Pooled, Redundancy",2025-06-30T21:17:22.434703346Z,{},2025-06-30T21:17:22.571545535Z,TaskQueue,2025-06-30T21:29:32.934709398Z
01JZ1B4M3WKZR9J1GGJ7PR0S32,true,2025-06-30T21:23:51.190975292Z,true,2025-06-30T21:23:44.328859158Z,,,null,2025-06-30T21:27:33.593788083Z,game ended,2025-06-30T21:29:03.784596478Z,1,2025-06-30T21:29:42.770213782Z,"{""age"":""53"",""gender"":""Female "",""strength"":""Fun"",""fair"":""Very"",""feedback"":""It is good already "",""education"":""bachelor""}",2025-06-30T21:29:42.794381055Z,01JZ1B1W5AJ9N87HJBZ99HRQPJ,2025-06-30T21:15:55.480011225Z,3,2025-06-30T21:17:00.177913626Z,true,2025-06-30T21:17:52.806121616Z,,,Player 3,2025-06-30T21:19:31.834785104Z,4,2025-06-30T21:27:33.517671813Z,01JZ1B4M1FPDJTE3GZDVFGS01D,2025-06-30T21:15:55.388818247Z,,,"{""networkStruct"":""pooled"",""playerCount"":6}",2025-06-30T21:15:55.480011225Z,"Pooled, Redundancy",2025-06-30T21:15:55.480011225Z,{},2025-06-30T21:15:55.55802013Z,TaskQueue,2025-06-30T21:27:33.569936555Z
01JZ1DF6TNNHFGB3F87S28VY1S,,,,,,,,,no more games,2025-06-30T21:57:53.402081961Z,1,2025-06-30T22:09:02.915647615Z,"{""age"":""72"",""gender"":""Woman"",""strength"":"""",""fair"":"""",""feedback"":"""",""education"":""bachelor""}",2025-06-30T22:09:02.982771008Z,null,2025-06-30T21:57:53.402081961Z,,,,,,,,,,,01JZ1DF56RFK54EZBF6JHB6JT4,2025-06-30T21:56:39.381112394Z,,,"{""networkStruct"":""reciprocal"",""playerCount"":6}",2025-06-30T21:56:39.562018735Z,"Reciprocal, Redundancy",2025-06-30T21:56:39.562018735Z,{},2025-06-30T21:56:40.103523021Z,,
01JZ1G559C6P7CY3FSGY2MAEHK,,,,,,,,,game ended,2025-06-30T23:01:16.62467747Z,,,,,01JZ1G2A9825Q9R0AFVXQNTR63,2025-06-30T22:43:35.922371976Z,3,2025-06-30T22:44:13.805353264Z,true,2025-06-30T22:44:18.994571982Z,true,2025-06-30T22:55:51.901753724Z,Player 2,2025-06-30T22:51:29.899126056Z,,,01JZ1G55265ZHMWC09NWDGMTXM,2025-06-30T22:43:35.852906477Z,,,"{""networkStruct"":""pooled"",""playerCount"":4}",2025-06-30T22:43:35.922371976Z,"Pooled, Some Redundancy",2025-06-30T22:43:35.922371976Z,{},2025-06-30T22:43:36.046837926Z,,
01JZ17NT2Z81ZKC706J2NSB53T,,,,,,,,,no more games,2025-06-30T21:57:53.402081961Z,,,,,null,2025-06-30T21:57:53.402081961Z,2,2025-06-30T20:16:04.957753064Z,,,,,,,,,01JZ17NS40NPMGP13QXCVZ1S01,2025-06-30T20:15:24.255308935Z,,,"{""networkStruct"":""reciprocal"",""playerCount"":6}",2025-06-30T20:15:24.270830044Z,"Reciprocal, Redundancy",2025-06-30T20:15:24.270830044Z,{},2025-06-30T20:15:24.794130548Z,,
01JZ18J6KD5BBAN05Q96NKJXCJ,true,2025-06-30T20:38:38.514646455Z,true,2025-06-30T20:38:29.798139037Z,null,2025-06-30T20:41:25.74539061Z,null,2025-06-30T20:41:25.707907519Z,game ended,2025-06-30T20:43:59.790607934Z,1,2025-06-30T20:44:27.916890477Z,"{""age"":""28"",""gender"":""Female"",""strength"":""Not very interesting"",""fair"":""It didn't feel like we could help each other much during the game itself? So not particularly"",""feedback"":""Not sure honestly"",""education"":""high-school""}",2025-06-30T20:44:27.948793673Z,01JZ18G50G0GKPPCFSW2N0ZNW1,2025-06-30T20:30:54.591410622Z,3,2025-06-30T20:32:10.589937588Z,true,2025-06-30T20:32:51.152215097Z,,,Player 3,2025-06-30T20:34:22.297757906Z,14,2025-06-30T20:41:25.726933288Z,01JZ18J65GHNEXHG55ANY1P5C1,2025-06-30T20:30:54.573557424Z,CHILDREN'S COMMUTE DISTANCE,2025-06-30T20:38:38.514646455Z,"{""networkStruct"":""reciprocal"",""playerCount"":6}",2025-06-30T20:30:54.591410622Z,"Reciprocal, Redundancy",2025-06-30T20:30:54.591410622Z,{},2025-06-30T20:30:54.810468405Z,TaskQueue,2025-06-30T20:41:25.763369914Z
01JZ19XSD6SYGG49Q271DJ23J5,true,2025-06-30T21:05:01.352762096Z,true,2025-06-30T21:04:54.703721116Z,null,2025-06-30T21:06:33.811147486Z,null,2025-06-30T21:06:33.773736695Z,game ended,2025-06-30T21:10:13.505514845Z,1,2025-06-30T21:13:34.471260359Z,"{""age"":""32"",""gender"":""Male"",""strength"":""It's fun, but the cooperation aspect that determines the outcome is poorly outlined."",""fair"":""Not really, it looks like I did half of the tasks myself"",""feedback"":""Chat doesn't help much at first. People just say hello and say they want a bonus. Nothing more. I don't know if it's needed."",""education"":""master""}",2025-06-30T21:13:34.521646869Z,01JZ19VF9WCS5BMDRCPXZK6ZBF,2025-06-30T20:54:42.882176594Z,3,2025-06-30T20:55:21.131585216Z,true,2025-06-30T20:55:45.061597855Z,,,Player 3,2025-06-30T21:00:42.59978411Z,6,2025-06-30T21:06:33.755038879Z,01JZ19XRHZBKNJPW0DBW8ZKB1X,2025-06-30T20:54:42.854253675Z,CHILDREN'S COMMUTE DISTANCE,2025-06-30T21:05:01.352762096Z,"{""networkStruct"":""reciprocal"",""playerCount"":6}",2025-06-30T20:54:42.882176594Z,"Reciprocal, Redundancy",2025-06-30T20:54:42.882176594Z,{},2025-06-30T20:54:43.342635656Z,TaskQueue,2025-06-30T21:06:33.736918959Z
01JZ1ANH2BAB5BYK2XY4CKB2EM,,,,,,,,,game ended,2025-06-30T21:18:08.54563317Z,,,,,01JZ19VF4XXDC5SP97SM18G8VM,2025-06-30T21:07:40.77876892Z,3,2025-06-30T21:08:33.418131348Z,true,2025-06-30T21:08:33.949831695Z,true,2025-06-30T21:12:56.567177332Z,Player 6,2025-06-30T21:08:40.651448389Z,,,01JZ1ANH0JAKFTB6D3DM8DH9PY,2025-06-30T21:07:40.747048407Z,,,"{""networkStruct"":""pooled"",""playerCount"":6}",2025-06-30T21:07:40.77876892Z,"Pooled, Redundancy",2025-06-30T21:07:40.77876892Z,{},2025-06-30T21:07:40.801377793Z,,
01JZ179QC9P59RRBVKW06P1VJF,,,,,,,,,game ended,2025-06-30T20:22:31.677091335Z,,,,,01JZ170DS8YWG03GZVY59N3JD0,2025-06-30T20:08:48.280414921Z,3,2025-06-30T20:09:01.464780167Z,true,2025-06-30T20:09:11.104107298Z,true,2025-06-30T20:17:20.64261222Z,Player 2,2025-06-30T20:13:08.612535339Z,,,01JZ179P1RPM8BYHTYC020R438,2025-06-30T20:08:48.26564952Z,,,"{""networkStruct"":""pooled"",""playerCount"":6}",2025-06-30T20:08:48.280414921Z,"Pooled, Redundancy",2025-06-30T20:08:48.280414921Z,{},2025-06-30T20:08:48.649268512Z,,
01JZ18JTT4THQJ9FYDDES7JX1C,,,,,,,,,game ended,2025-06-30T20:42:49.431784701Z,,,,,01JZ18G4Y1ABZPJ815NAWEN19T,2025-06-30T20:31:15.294397478Z,3,2025-06-30T20:31:45.065264245Z,true,2025-06-30T20:32:02.921473954Z,true,2025-06-30T20:37:37.384730102Z,Player 5,2025-06-30T20:33:19.828348378Z,,,01JZ18JTGA484HKJ6Y1HT8ZWMK,2025-06-30T20:31:15.268315416Z,,,"{""networkStruct"":""pooled"",""playerCount"":6}",2025-06-30T20:31:15.294397478Z,"Pooled, Redundancy",2025-06-30T20:31:15.294397478Z,{},2025-06-30T20:31:15.47591966Z,,
01JZ18N0JKWFKXBS82BQZ5RVQD,true,2025-06-30T20:38:37.911326463Z,true,2025-06-30T20:38:32.127740436Z,null,2025-06-30T20:41:45.025691391Z,null,2025-06-30T20:41:45.046019363Z,game ended,2025-06-30T20:43:59.034247431Z,1,2025-06-30T20:44:45.878457784Z,"{""age"":""42"",""gender"":""Male"",""strength"":""It was a lot of fun and very interesting and different! "",""fair"":""Yes, I loved the collaboration, though I did most of the work!"",""feedback"":""It was perfect!"",""education"":""bachelor""}",2025-06-30T20:44:45.95000994Z,01JZ18G4ZZG5A688HVVJGKBFVW,2025-06-30T20:32:26.731490246Z,3,2025-06-30T20:33:30.170931928Z,true,2025-06-30T20:33:48.327102457Z,,,Player 6,2025-06-30T20:34:20.528730734Z,9,2025-06-30T20:41:45.004643168Z,01JZ18N0559VWBNGHCSZR5A2ZS,2025-06-30T20:32:26.707755409Z,CHILDREN'S COMMUTE DISTANCE,2025-06-30T20:38:37.911326463Z,"{""networkStruct"":""reciprocal"",""playerCount"":6}",2025-06-30T20:32:26.731490246Z,"Reciprocal, Redundancy",2025-06-30T20:32:26.731490246Z,{},2025-06-30T20:32:26.950077672Z,TaskQueue,2025-06-30T20:41:45.066307417Z
01JZ19ZRSF0H44Y7P62WF2M80H,,,,,,,,,game ended,2025-06-30T21:15:46.589557407Z,,,,,01JZ19VF3FCDRKA7RA8CE3SQDH,2025-06-30T20:55:47.852764261Z,3,2025-06-30T20:56:34.78169722Z,true,2025-06-30T20:56:51.180482956Z,true,2025-06-30T21:10:34.627607587Z,Player 3,2025-06-30T21:06:18.176003215Z,,,01JZ19ZQCC10ARS5ZQ6N7HNR9P,2025-06-30T20:55:47.760034822Z,,,"{""networkStruct"":""pooled"",""playerCount"":6}",2025-06-30T20:55:47.852764261Z,"Pooled, Redundancy",2025-06-30T20:55:47.852764261Z,{},2025-06-30T20:55:48.348469048Z,,
01JZ18KW5P5RE2HRX78XRVTPME,true,2025-06-30T20:38:38.514646455Z,true,2025-06-30T20:38:29.032598917Z,null,2025-06-30T20:41:27.874085875Z,null,2025-06-30T20:41:27.985824624Z,game ended,2025-06-30T20:43:59.790607934Z,1,2025-06-30T20:44:48.220973538Z,"{""age"":""60"",""gender"":""female"",""strength"":""fun, i could do this all day"",""fair"":""i dont know, I hope so.  Not sure what they did"",""feedback"":""no clue"",""education"":""bachelor""}",2025-06-30T20:44:48.241588407Z,01JZ18G50G0GKPPCFSW2N0ZNW1,2025-06-30T20:31:49.453310042Z,3,2025-06-30T20:32:41.37103626Z,true,2025-06-30T20:33:22.166771661Z,,,Player 4,2025-06-30T20:34:22.297757906Z,10,2025-06-30T20:41:27.930324261Z,01JZ18KVSYNKZ3WVTV0V6EEF9S,2025-06-30T20:31:49.431072555Z,MAXIMUM INCOME,2025-06-30T20:38:38.514646455Z,"{""networkStruct"":""reciprocal"",""playerCount"":6}",2025-06-30T20:31:49.453310042Z,"Reciprocal, Redundancy",2025-06-30T20:31:49.453310042Z,{},2025-06-30T20:31:49.653093726Z,TaskQueue,2025-06-30T20:41:27.825160281Z
01JZ1G7JX1NV5X3X0139HRSB32,true,2025-06-30T22:53:54.714723326Z,true,2025-06-30T22:53:49.9173101Z,null,2025-06-30T22:57:01.393052255Z,null,2025-06-30T22:57:01.333378905Z,game ended,2025-06-30T22:59:08.945508878Z,1,2025-06-30T22:59:54.792153944Z,"{""age"":""23"",""gender"":""Male"",""strength"":""easy"",""fair"":""no clue"",""feedback"":""its okay"",""education"":""bachelor""}",2025-06-30T22:59:54.744479306Z,01JZ1G2A24PAZYJHH2EQFGJG7N,2025-06-30T22:44:55.398775977Z,3,2025-06-30T22:45:45.393190351Z,true,2025-06-30T22:46:17.672363119Z,,,Player 1,2025-06-30T22:49:35.293551369Z,14,2025-06-30T22:57:01.456158975Z,01JZ1G7JFC9Y7KFG5KPPB3XX3H,2025-06-30T22:44:55.329252747Z,AVERAGE PEOPLE,2025-06-30T22:53:54.714723326Z,"{""networkStruct"":""reciprocal"",""playerCount"":3}",2025-06-30T22:44:55.398775977Z,"Reciprocal, No Redundancy",2025-06-30T22:44:55.398775977Z,{},2025-06-30T22:44:55.611625743Z,TaskQueue,2025-06-30T22:57:01.28778605Z
01JZ1EK6MNQT8KSAR9HC017X0H,,,,,,,,,game ended,2025-06-30T22:31:08.06178437Z,,,,,01JZ1E91MDHZVF6NVBEDDVGZWT,2025-06-30T22:16:18.969760718Z,3,2025-06-30T22:17:28.172236098Z,true,2025-06-30T22:17:33.973323147Z,true,2025-06-30T22:25:54.904912034Z,Player 3,2025-06-30T22:21:35.231478933Z,,,01JZ1EK6B6T75R5WT39ESESB5W,2025-06-30T22:16:18.837662754Z,,,"{""networkStruct"":""pooled"",""playerCount"":4}",2025-06-30T22:16:18.969760718Z,"Pooled, Some Redundancy",2025-06-30T22:16:18.969760718Z,{},2025-06-30T22:16:19.113360938Z,,
01JZ17CZMJ8ZJDC1BKFXHNXYR1,true,2025-06-30T20:19:34.904344997Z,true,2025-06-30T20:19:28.154510112Z,,,null,2025-06-30T20:23:05.817950081Z,game ended,2025-06-30T20:24:45.935682427Z,1,2025-06-30T20:27:20.846810999Z,"{""age"":""27"",""gender"":""Male"",""strength"":""It was a nice little game in which I had to use math, which I don't have to do use often."",""fair"":""Yes, I couldn't have completed it alone."",""feedback"":""I can't think of any improvements, I thought everything was fine."",""education"":""high-school""}",2025-06-30T20:27:20.561586347Z,01JZ170DSXXMDA003X79NFA4N0,2025-06-30T20:10:35.04489236Z,3,2025-06-30T20:11:34.282164367Z,true,2025-06-30T20:12:19.671194493Z,,,Player 4,2025-06-30T20:15:22.9123406Z,4,2025-06-30T20:23:05.808718391Z,01JZ17CZ7QFQAPFNHYNXSQTR79,2025-06-30T20:10:35.026182944Z,,,"{""networkStruct"":""pooled"",""playerCount"":6}",2025-06-30T20:10:35.04489236Z,"Pooled, Redundancy",2025-06-30T20:10:35.04489236Z,{},2025-06-30T20:10:35.274844152Z,TaskQueue,2025-06-30T20:23:05.826786199Z
01JZ17E3Q68P56EVHYKCV88P7R,true,2025-06-30T20:17:00.480810105Z,true,2025-06-30T20:16:52.213389494Z,,,null,2025-06-30T20:19:45.336383637Z,game ended,2025-06-30T20:22:11.293659236Z,1,2025-06-30T20:23:36.635890953Z,"{""age"":""47"",""gender"":""female"",""strength"":""I thought the game was a lot of fun."",""fair"":""Yes, the teammates were great."",""feedback"":""I think the game ran smoothly and does not need any improvement. "",""education"":""high-school""}",2025-06-30T20:23:36.644629Z,01JZ170DRXVGFVP20P8DK3M491,2025-06-30T20:11:11.984249279Z,3,2025-06-30T20:12:16.925116107Z,true,2025-06-30T20:12:49.021218113Z,,,Player 6,2025-06-30T20:12:49.105029667Z,3,2025-06-30T20:19:45.327586108Z,01JZ17E3799JCSP9HFEFHZRAJQ,2025-06-30T20:11:11.974801087Z,,,"{""networkStruct"":""pooled"",""playerCount"":6}",2025-06-30T20:11:11.984249279Z,"Pooled, Redundancy",2025-06-30T20:11:11.984249279Z,{},2025-06-30T20:11:12.242143594Z,TaskQueue,2025-06-30T20:19:45.319811909Z
01JZ1A1K79TTT3Z2JTQ13NPY5P,true,2025-06-30T21:05:51.924043537Z,true,2025-06-30T21:05:45.73194362Z,null,2025-06-30T21:11:03.567782282Z,null,2025-06-30T21:11:03.548676689Z,game ended,2025-06-30T21:11:05.012589056Z,1,2025-06-30T21:13:47.835585141Z,"{""age"":""30"",""gender"":""non-binary"",""strength"":""It was a bit lonely not to be able to see other role's tasks being completed"",""fair"":""If there was a team member with my same role, I think they were struggling with understanding the task and couldn't pitch in as much"",""feedback"":""It would be good to get to talk together for a bit longer than a minute"",""education"":""master""}",2025-06-30T21:13:47.855195885Z,01JZ19VF81DTYMGWYB0TAJKDWY,2025-06-30T20:56:47.632644585Z,3,2025-06-30T20:58:28.863725777Z,true,2025-06-30T20:59:29.910580595Z,,,Player 4,2025-06-30T21:01:34.891605243Z,10,2025-06-30T21:11:03.529467938Z,01JZ1A1JTBBX2NY8Y9ARYB3B6C,2025-06-30T20:56:47.5933503Z,MAXIMUM INCOME,2025-06-30T21:05:51.924043537Z,"{""networkStruct"":""reciprocal"",""playerCount"":6}",2025-06-30T20:56:47.632644585Z,"Reciprocal, Redundancy",2025-06-30T20:56:47.632644585Z,{},2025-06-30T20:56:47.84348665Z,TaskQueue,2025-06-30T21:11:03.592047884Z
01JZ1EH0Y7EBSVGC3G89BQ213G,true,2025-06-30T22:31:35.908817835Z,true,2025-06-30T22:31:28.532113847Z,,,neighborhood_8,2025-06-30T22:36:23.888861903Z,game ended,2025-06-30T22:36:50.279622625Z,1,2025-06-30T22:37:44.37200265Z,"{""age"":""57"",""gender"":""Female"",""strength"":""It was fun."",""fair"":""Yes, but it was hard to tell what the other teammate was  doing."",""feedback"":""I'm not sure."",""education"":""bachelor""}",2025-06-30T22:37:44.413244969Z,01JZ1E91ENR7DC2PFTK7ZY5PTJ,2025-06-30T22:15:07.605888437Z,3,2025-06-30T22:15:39.092322312Z,true,2025-06-30T22:16:25.782608038Z,,,Player 3,2025-06-30T22:27:08.010333749Z,5,2025-06-30T22:36:22.921301026Z,01JZ1EH0QTNPYVCXNJA1E7XPEC,2025-06-30T22:15:07.463317428Z,,,"{""networkStruct"":""pooled"",""playerCount"":4}",2025-06-30T22:15:07.605888437Z,"Pooled, Some Redundancy",2025-06-30T22:15:07.605888437Z,{},2025-06-30T22:15:07.722963607Z,TaskScreen,2025-06-30T22:36:23.936062796Z
01JZ18JPT9JN6KKGXMDR9K6K49,true,2025-06-30T20:37:09.032020052Z,true,2025-06-30T20:37:02.513927327Z,null,2025-06-30T20:40:05.672868241Z,null,2025-06-30T20:40:05.697752211Z,game ended,2025-06-30T20:42:21.537189859Z,1,2025-06-30T20:44:03.245808298Z,"{""age"":""46"",""gender"":""Male"",""strength"":""quite enjoyed it - it was interesting"",""fair"":""they made working through the task easier - it would have been a harder task without them"",""feedback"":""difficult to answer without knowing more about the study"",""education"":""bachelor""}",2025-06-30T20:44:03.267318659Z,01JZ18G4ZDA13FR053ZT1R1FPF,2025-06-30T20:31:11.201730031Z,3,2025-06-30T20:31:37.647566795Z,true,2025-06-30T20:31:55.16393495Z,,,Player 5,2025-06-30T20:32:50.870422471Z,5,2025-06-30T20:40:05.76991063Z,01JZ18JPG3KBYB14V32JPTY959,2025-06-30T20:31:11.177093791Z,AVERAGE PEOPLE,2025-06-30T20:37:09.032020052Z,"{""networkStruct"":""reciprocal"",""playerCount"":6}",2025-06-30T20:31:11.201730031Z,"Reciprocal, Redundancy",2025-06-30T20:31:11.201730031Z,{},2025-06-30T20:31:11.384366203Z,TaskQueue,2025-06-30T20:40:05.798370641Z
01JZ1CA1EZ8F8FT67Q3A8H8PBW,,,,,,,,,no more games,2025-06-30T21:36:40.018087922Z,1,2025-06-30T21:37:17.067875034Z,"{""age"":""25"",""gender"":""Female"",""strength"":"""",""fair"":"""",""feedback"":"""",""education"":""bachelor""}",2025-06-30T21:37:17.042779762Z,null,2025-06-30T21:36:40.018087922Z,,,,,,,,,,,01JZ1CA12WK401YRR2KYE23AKC,2025-06-30T21:36:21.471050933Z,,,"{""networkStruct"":""pooled"",""playerCount"":3}",2025-06-30T21:36:21.524614627Z,"Pooled, No Redundancy",2025-06-30T21:36:21.524614627Z,{},2025-06-30T21:36:21.717863825Z,,
01JZ18KBAJ0PGQTXZHZSD7KQ4A,true,2025-06-30T20:38:23.658192753Z,true,2025-06-30T20:38:15.927515936Z,null,2025-06-30T20:41:07.160959781Z,null,2025-06-30T20:41:07.21334454Z,game ended,2025-06-30T20:43:41.33041589Z,1,2025-06-30T20:45:33.005960707Z,"{""age"":""28"",""gender"":""female"",""strength"":""♡ i found it very fun + stimulating, i felt challenged and motivated to try my best and do as many tasks as i could, to maximise my potential bonus ♡"",""fair"":""♡ yes i do, i felt like they were trying hard too and out effort in. i felt like my task was a bit easier than others so i did not mind taking a higher work load of tasks than they did ♡"",""feedback"":""♡ possibly just longer and with more potential chances of earning larger bonuses ♡"",""education"":""other""}",2025-06-30T20:45:32.975988061Z,01JZ18G4XDWA3A08Y0HZ5HSAAF,2025-06-30T20:32:50.747331605Z,3,2025-06-30T20:33:20.023638147Z,true,2025-06-30T20:33:45.535893518Z,,,Player 5,2025-06-30T20:34:05.425213928Z,10,2025-06-30T20:41:07.233216034Z,01JZ18KAYYYRQX584819559K63,2025-06-30T20:31:32.179210337Z,CHILDREN'S COMMUTE DISTANCE,2025-06-30T20:38:23.658192753Z,"{""networkStruct"":""reciprocal"",""playerCount"":6}",2025-06-30T20:31:32.211217293Z,"Reciprocal, Redundancy",2025-06-30T20:31:32.211217293Z,{},2025-06-30T20:31:32.409783785Z,TaskQueue,2025-06-30T20:41:07.18015308Z
01JZ18KZMETYG3YXGETN6WS81Q,true,2025-06-30T20:37:37.384730102Z,true,2025-06-30T20:37:29.030266718Z,,,null,2025-06-30T20:40:53.275420691Z,game ended,2025-06-30T20:42:49.431784701Z,1,2025-06-30T20:44:04.292196528Z,"{""age"":""23"",""gender"":""Male"",""strength"":""Pretty simple in practice."",""fair"":""Well, we really didn't need each other."",""feedback"":""No idea."",""education"":""high-school""}",2025-06-30T20:44:04.271496663Z,01JZ18G4Y1ABZPJ815NAWEN19T,2025-06-30T20:31:53.023718021Z,3,2025-06-30T20:32:35.687523662Z,true,2025-06-30T20:33:19.598611995Z,,,Player 6,2025-06-30T20:33:19.828348378Z,1,2025-06-30T20:40:53.253992779Z,01JZ18KZ4Z7DY5M9W3VTAC4VW3,2025-06-30T20:31:52.974988952Z,,,"{""networkStruct"":""pooled"",""playerCount"":6}",2025-06-30T20:31:53.023718021Z,"Pooled, Redundancy",2025-06-30T20:31:53.023718021Z,{},2025-06-30T20:31:53.26199589Z,TaskQueue,2025-06-30T20:40:53.296559488Z
01JZ1AMPFNN4V5BFRB7NKQ52P2,,,,,,,,,no more games,2025-06-30T21:25:22.491405605Z,,,,,null,2025-06-30T21:25:22.491405605Z,1,2025-06-30T21:07:31.35512078Z,,,,,,,,,01JZ1AMMJPWVTGRENTRVVG51BG,2025-06-30T21:07:13.525649127Z,,,"{""networkStruct"":""pooled"",""playerCount"":6}",2025-06-30T21:07:13.595031369Z,"Pooled, Redundancy",2025-06-30T21:07:13.595031369Z,{},2025-06-30T21:07:13.844784639Z,,
01JZ1BYVYWJTY34XWWWGSZYC2W,true,2025-06-30T21:38:35.474652314Z,true,2025-06-30T21:38:27.806481054Z,,,null,2025-06-30T21:43:20.385698214Z,game ended,2025-06-30T21:43:47.34949293Z,1,2025-06-30T21:44:31.633029354Z,"{""age"":""21"",""gender"":""female"",""strength"":""it was easy"",""fair"":""yes, they did their part"",""feedback"":""please let me go back after submitting an answer"",""education"":""bachelor""}",2025-06-30T21:44:31.663439428Z,01JZ1BX80QRTKGB6MH6HMRDXS1,2025-06-30T21:30:15.436684997Z,3,2025-06-30T21:31:08.284470222Z,true,2025-06-30T21:31:58.006131183Z,,,Player 2,2025-06-30T21:34:18.131757321Z,5,2025-06-30T21:43:20.352143979Z,01JZ1BYVK528HJPX29FN9QFH9K,2025-06-30T21:30:15.388080267Z,,,"{""networkStruct"":""pooled"",""playerCount"":3}",2025-06-30T21:30:15.436684997Z,"Pooled, No Redundancy",2025-06-30T21:30:15.436684997Z,{},2025-06-30T21:30:15.633652248Z,TaskQueue,2025-06-30T21:43:20.444183726Z
01JZ179JK7EB00XG1XXC6JXGYV,,,,,,,,,game ended,2025-06-30T20:24:45.935682427Z,,,,,01JZ170DSXXMDA003X79NFA4N0,2025-06-30T20:08:43.378400081Z,3,2025-06-30T20:09:57.547996836Z,true,2025-06-30T20:10:27.941221533Z,true,2025-06-30T20:19:34.904344997Z,Player 1,2025-06-30T20:15:22.9123406Z,,,01JZ179J7X0S7PN0DKQN0VFYF0,2025-06-30T20:08:43.367167338Z,,,"{""networkStruct"":""pooled"",""playerCount"":6}",2025-06-30T20:08:43.378400081Z,"Pooled, Redundancy",2025-06-30T20:08:43.378400081Z,{},2025-06-30T20:08:43.562670441Z,,
01JZ17C3PTEK9PXA5GJSYCCP5W,true,2025-06-30T20:19:34.904344997Z,true,2025-06-30T20:19:28.680260848Z,,,null,2025-06-30T20:23:44.564400412Z,game ended,2025-06-30T20:24:45.935682427Z,1,2025-06-30T20:26:24.746219452Z,"{""age"":""42"",""gender"":""Male"",""strength"":""It was okay a little rushed and didn't understand how we worked together when we didn't interact besides intros. "",""fair"":""I have no idea. "",""feedback"":""Let people actually work together in an open way. "",""education"":""high-school""}",2025-06-30T20:26:24.737933557Z,01JZ170DSXXMDA003X79NFA4N0,2025-06-30T20:10:06.43960755Z,3,2025-06-30T20:11:08.475979732Z,true,2025-06-30T20:11:48.683125647Z,,,Player 3,2025-06-30T20:15:22.9123406Z,3,2025-06-30T20:23:44.556263174Z,01JZ17C3GQT6C1VJ1C6ZR9495P,2025-06-30T20:10:06.4266908Z,,,"{""networkStruct"":""pooled"",""playerCount"":6}",2025-06-30T20:10:06.43960755Z,"Pooled, Redundancy",2025-06-30T20:10:06.43960755Z,{},2025-06-30T20:10:06.580003373Z,TaskQueue,2025-06-30T20:23:44.548913602Z
01JZ17ECC07JKYK10HK5BT3SZQ,true,2025-06-30T20:19:08.715495513Z,true,2025-06-30T20:19:03.60032788Z,null,2025-06-30T20:21:06.418514295Z,null,2025-06-30T20:21:06.367168318Z,game ended,2025-06-30T20:24:20.161827246Z,1,2025-06-30T20:24:59.283856659Z,"{""age"":""33"",""gender"":""male"",""strength"":""good"",""fair"":""yes"",""feedback"":""more money"",""education"":""master""}",2025-06-30T20:24:59.277006468Z,01JZ170DSMJZPS89ZBMFZ7ATK7,2025-06-30T20:11:20.857893133Z,3,2025-06-30T20:11:33.84759729Z,true,2025-06-30T20:11:57.398480058Z,,,Player 5,2025-06-30T20:14:55.920967151Z,5,2025-06-30T20:21:06.411919059Z,01JZ17EBXK1D3K5D1SYNH66TSE,2025-06-30T20:11:20.832456563Z,CHILDREN'S COMMUTE DISTANCE,2025-06-30T20:19:08.715495513Z,"{""networkStruct"":""reciprocal"",""playerCount"":6}",2025-06-30T20:11:20.857893133Z,"Reciprocal, Redundancy",2025-06-30T20:11:20.857893133Z,{},2025-06-30T20:11:21.080464784Z,TaskQueue,2025-06-30T20:21:06.379599052Z
01JZ18JM84GZ5542ST7BEW0RHN,true,2025-06-30T20:39:06.483879151Z,true,2025-06-30T20:39:06.043812385Z,null,2025-06-30T20:42:02.489859952Z,null,2025-06-30T20:42:02.585000444Z,game ended,2025-06-30T20:44:18.586815933Z,1,2025-06-30T20:45:01.799681474Z,"{""age"":""49"",""gender"":""male"",""strength"":""i thought it was good"",""fair"":""they were somewhat helpful"",""feedback"":""i think it was good now the way it was set up"",""education"":""high-school""}",2025-06-30T20:45:01.745407604Z,01JZ18G4Z7SR18DC8PDBR22HS5,2025-06-30T20:31:08.575672371Z,3,2025-06-30T20:31:30.517697692Z,true,2025-06-30T20:31:36.886804691Z,,,Player 3,2025-06-30T20:34:46.301046173Z,8,2025-06-30T20:42:02.51773564Z,01JZ18JM4PSSBWDR2GAYQY3NMY,2025-06-30T20:31:08.548993506Z,MAXIMUM INCOME,2025-06-30T20:39:06.483879151Z,"{""networkStruct"":""reciprocal"",""playerCount"":6}",2025-06-30T20:31:08.575672371Z,"Reciprocal, Redundancy",2025-06-30T20:31:08.575672371Z,{},2025-06-30T20:31:08.637430252Z,TaskQueue,2025-06-30T20:42:02.549016309Z
01JZ1DAGGXK4R30KWG4J61A22A,true,2025-06-30T22:02:26.99476172Z,true,2025-06-30T22:02:24.519730212Z,null,2025-06-30T22:06:10.394198693Z,null,2025-06-30T22:06:10.243789152Z,game ended,2025-06-30T22:07:41.466518466Z,1,2025-06-30T22:08:16.62145078Z,"{""age"":""24"",""gender"":""Male"",""strength"":""funny"",""fair"":""yes"",""feedback"":""it's ok"",""education"":""bachelor""}",2025-06-30T22:08:16.583995394Z,01JZ1D0S4EMT97ECKQ06X1ZWAX,2025-06-30T21:54:05.539805367Z,3,2025-06-30T21:54:25.124727137Z,true,2025-06-30T21:54:31.909858599Z,,,Player 2,2025-06-30T21:58:07.230550856Z,10,2025-06-30T22:06:10.350468221Z,01JZ1DAFS1N6ZXAYX2CQMM1DC2,2025-06-30T21:54:05.469151066Z,MAXIMUM INCOME,2025-06-30T22:02:26.99476172Z,"{""networkStruct"":""reciprocal"",""playerCount"":4}",2025-06-30T21:54:05.539805367Z,"Reciprocal, Some Redundancy",2025-06-30T21:54:05.539805367Z,{},2025-06-30T21:54:05.880495967Z,TaskQueue,2025-06-30T22:06:10.429692599Z
01JZ1GV1M5Q32ZNQW2E45R5EH9,,,,,,,,,game ended,2025-06-30T23:05:45.08779334Z,,,,,01JZ1G2A58JMFV91VV93EGJJQY,2025-06-30T22:55:33.062539839Z,3,2025-06-30T22:55:50.186911257Z,true,2025-06-30T22:56:01.871434971Z,true,2025-06-30T23:00:30.705248932Z,Player 4,2025-06-30T22:56:07.69518666Z,,,01JZ1GV1485500PN8XKAWJ36YT,2025-06-30T22:55:32.997972006Z,,,"{""networkStruct"":""pooled"",""playerCount"":4}",2025-06-30T22:55:33.062539839Z,"Pooled, Some Redundancy",2025-06-30T22:55:33.062539839Z,{},2025-06-30T22:55:33.325633957Z,,
01JZ179KCXD57AZVEGR3X2YKFH,true,2025-06-30T20:18:46.366221764Z,true,2025-06-30T20:18:38.350863931Z,null,2025-06-30T20:20:22.655246353Z,null,2025-06-30T20:20:22.671655923Z,game ended,2025-06-30T20:23:57.361117331Z,1,2025-06-30T20:26:30.899490594Z,"{""age"":""30"",""gender"":""Male"",""strength"":""It was rather fun and interesting."",""fair"":""I believe so. I don't know about all the roles but mine seemed to have finished every task well before time."",""feedback"":""The instructions regarding how to do every task could be a bit more clear."",""education"":""bachelor""}",2025-06-30T20:26:30.893045002Z,01JZ170DSR5F2SARFX61BD5BFD,2025-06-30T20:08:44.198589138Z,3,2025-06-30T20:09:35.361729342Z,true,2025-06-30T20:09:55.617654324Z,,,Player 1,2025-06-30T20:14:33.790592612Z,8,2025-06-30T20:20:22.69139164Z,01JZ179JXHHQBTW2GGK7GR6QJV,2025-06-30T20:08:44.189379944Z,AVERAGE PEOPLE,2025-06-30T20:18:46.366221764Z,"{""networkStruct"":""reciprocal"",""playerCount"":6}",2025-06-30T20:08:44.198589138Z,"Reciprocal, Redundancy",2025-06-30T20:08:44.198589138Z,{},2025-06-30T20:08:44.437815221Z,TaskQueue,2025-06-30T20:20:22.706266986Z
01JZ17DTG6GCYHCZ1XV1B4YQSG,true,2025-06-30T20:18:46.366221764Z,true,2025-06-30T20:18:38.428345928Z,null,2025-06-30T20:20:14.955402704Z,null,2025-06-30T20:20:14.942736877Z,game ended,2025-06-30T20:23:57.361117331Z,1,2025-06-30T20:24:52.655625238Z,"{""age"":""63"",""gender"":""Female"",""strength"":""It was interesting and fun!"",""fair"":""A little bit."",""feedback"":""Make more tasks available."",""education"":""high-school""}",2025-06-30T20:24:52.667035498Z,01JZ170DSR5F2SARFX61BD5BFD,2025-06-30T20:11:02.546183499Z,3,2025-06-30T20:13:12.384814748Z,true,2025-06-30T20:14:05.200567449Z,,,Player 5,2025-06-30T20:14:33.790592612Z,6,2025-06-30T20:20:14.933925097Z,01JZ17DT4C4N7ARTNMYXWN0C7C,2025-06-30T20:11:02.534559933Z,AVERAGE PEOPLE,2025-06-30T20:18:46.366221764Z,"{""networkStruct"":""reciprocal"",""playerCount"":6}",2025-06-30T20:11:02.546183499Z,"Reciprocal, Redundancy",2025-06-30T20:11:02.546183499Z,{},2025-06-30T20:11:02.731209816Z,TaskQueue,2025-06-30T20:20:14.949008529Z
01JZ19YP19TRXJV609GHDS9029,true,2025-06-30T21:01:50.313266734Z,true,2025-06-30T21:01:42.307221856Z,,,neighborhood_3,2025-06-30T21:02:07.745800398Z,game ended,2025-06-30T21:07:04.345924244Z,,,,,01JZ19VF1X4TGM9HTAVFF08YB3,2025-06-30T20:55:12.199768489Z,3,2025-06-30T20:55:37.639943446Z,true,2025-06-30T20:56:00.652930425Z,,,Player 5,2025-06-30T20:57:35.34870179Z,,,01JZ19YNHGJTVF4WJEWP40011Q,2025-06-30T20:55:12.169091585Z,,,"{""networkStruct"":""pooled"",""playerCount"":6}",2025-06-30T20:55:12.199768489Z,"Pooled, Redundancy",2025-06-30T20:55:12.199768489Z,{},2025-06-30T20:55:12.513991293Z,TaskScreen,2025-06-30T21:02:07.849433631Z
01JZ1B4JZ145G1JXSZ180MKZQ7,true,2025-06-30T21:23:29.411589481Z,true,2025-06-30T21:23:27.770852923Z,null,2025-06-30T21:27:16.888021824Z,null,2025-06-30T21:27:16.856503033Z,game ended,2025-06-30T21:28:42.03609295Z,1,2025-06-30T21:29:36.821323083Z,"{""age"":""27"",""gender"":""male"",""strength"":""An intresting game."",""fair"":""Yes I think the are very helpful."",""feedback"":""More chating time with teamates."",""education"":""bachelor""}",2025-06-30T21:29:36.760015296Z,01JZ1B1W6S117BH8HCA7NH9R7E,2025-06-30T21:15:54.249553315Z,3,2025-06-30T21:18:45.058596254Z,true,2025-06-30T21:19:08.623923519Z,,,Player 4,2025-06-30T21:19:09.170913111Z,15,2025-06-30T21:27:16.816799644Z,01JZ1B4JCWBP5H2ZFEVX7VAJDM,2025-06-30T21:15:54.209226143Z,CHILDREN'S COMMUTE DISTANCE,2025-06-30T21:23:29.411589481Z,"{""networkStruct"":""reciprocal"",""playerCount"":6}",2025-06-30T21:15:54.249553315Z,"Reciprocal, Redundancy",2025-06-30T21:15:54.249553315Z,{},2025-06-30T21:15:54.561230706Z,TaskQueue,2025-06-30T21:27:16.920423531Z
01JZ17CW18JBK0SW96CVGPG5D0,,,,,,,,,game ended,2025-06-30T20:22:31.677091335Z,,,,,01JZ170DS8YWG03GZVY59N3JD0,2025-06-30T20:10:31.345544837Z,3,2025-06-30T20:11:05.9247913Z,true,2025-06-30T20:11:33.276011544Z,true,2025-06-30T20:17:20.64261222Z,Player 5,2025-06-30T20:13:08.612535339Z,,,01JZ17CVEK0QNVC2AAW8F02GR7,2025-06-30T20:10:31.336546996Z,,,"{""networkStruct"":""pooled"",""playerCount"":6}",2025-06-30T20:10:31.345544837Z,"Pooled, Redundancy",2025-06-30T20:10:31.345544837Z,{},2025-06-30T20:10:31.444577298Z,,
01JZ1C6R0DW9GVW1Z1KHNGC0Z7,,,,,,,,,no more games,2025-06-30T22:50:52.627478111Z,1,2025-06-30T21:36:27.382583193Z,"{""age"":""32"",""gender"":""Female"",""strength"":""I did not play the game yet"",""fair"":""I did not play the game yet"",""feedback"":""I did not play the game yet"",""education"":""high-school""}",2025-06-30T21:36:27.353141288Z,null,2025-06-30T22:50:52.627478111Z,1,2025-06-30T21:35:01.369113668Z,,,,,,,,,01JZ1C6QPZ3ZK1EG4HYYP41R0B,2025-06-30T21:34:33.485097159Z,,,"{""networkStruct"":""reciprocal"",""playerCount"":3}",2025-06-30T21:34:33.537711753Z,"Reciprocal, No Redundancy",2025-06-30T21:34:33.537711753Z,{},2025-06-30T21:34:33.727703352Z,,
01JZ1D8RW634M5KPJ3DDHQYDRD,true,2025-06-30T21:59:32.822169686Z,true,2025-06-30T21:59:31.144804776Z,3,2025-06-30T22:03:51.2243178Z,neighborhood_10,2025-06-30T22:03:51.307682698Z,game ended,2025-06-30T22:04:45.646172415Z,1,2025-06-30T22:06:13.255568832Z,"{""age"":""42"",""gender"":""male"",""strength"":""it was hard not very well explained"",""fair"":""iam not sure "",""feedback"":""it was over all confusing"",""education"":""bachelor""}",2025-06-30T22:06:13.224184964Z,01JZ1D0S14X3T6948SDJVF454K,2025-06-30T21:53:08.586871957Z,3,2025-06-30T21:54:19.810261401Z,true,2025-06-30T21:55:14.866871439Z,,,Player 4,2025-06-30T21:55:15.375643933Z,4,2025-06-30T22:03:46.857620244Z,01JZ1D8RB72J5HPYYRPFH0PKES,2025-06-30T21:53:08.486984335Z,CHILDREN'S COMMUTE DISTANCE,2025-06-30T21:59:32.822169686Z,"{""networkStruct"":""reciprocal"",""playerCount"":4}",2025-06-30T21:53:08.586871957Z,"Reciprocal, Some Redundancy",2025-06-30T21:53:08.586871957Z,{},2025-06-30T21:53:08.825692551Z,TaskScreen,2025-06-30T22:03:51.258604068Z
01JZ1GC56QDZEZFF0VHRDDQXTC,,,,,,,,,no more games,2025-06-30T22:50:52.627478111Z,1,2025-06-30T22:51:47.390141516Z,"{""age"":""34"",""gender"":""Male"",""strength"":"""",""fair"":"""",""feedback"":"""",""education"":""high-school""}",2025-06-30T22:51:47.469039625Z,null,2025-06-30T22:50:52.627478111Z,3,2025-06-30T22:49:59.723190887Z,,,,,,,,,01JZ1GC3N5SBPS1D14707G4CMC,2025-06-30T22:47:25.143958649Z,,,"{""networkStruct"":""reciprocal"",""playerCount"":3}",2025-06-30T22:47:25.290920576Z,"Reciprocal, No Redundancy",2025-06-30T22:47:25.290920576Z,{},2025-06-30T22:47:25.691266309Z,,
01JZ17B25HMB9SR7CZAG7VDDNC,,,,,,,,,game ended,2025-06-30T20:22:31.677091335Z,,,,,01JZ170DS8YWG03GZVY59N3JD0,2025-06-30T20:09:32.092664464Z,3,2025-06-30T20:10:31.232723896Z,true,2025-06-30T20:11:41.440842043Z,true,2025-06-30T20:17:20.64261222Z,Player 4,2025-06-30T20:13:08.612535339Z,,,01JZ17B1T10XJ4HR2P2RB2J5QN,2025-06-30T20:09:32.081530471Z,,,"{""networkStruct"":""pooled"",""playerCount"":6}",2025-06-30T20:09:32.092664464Z,"Pooled, Redundancy",2025-06-30T20:09:32.092664464Z,{},2025-06-30T20:09:32.281776044Z,,
01JZ18HXXDMVGXCQ4P1CVWEG2V,true,2025-06-30T20:37:23.492991016Z,true,2025-06-30T20:37:16.05020642Z,,,null,2025-06-30T20:40:17.959722512Z,game ended,2025-06-30T20:42:35.758255619Z,1,2025-06-30T20:42:55.845675345Z,"{""age"":""28"",""gender"":""Male"",""strength"":""I dont know"",""fair"":""Yes"",""feedback"":""Make it more difficult"",""education"":""master""}",2025-06-30T20:42:55.707599105Z,01JZ18G4X5EPR69QT64DVYQXFJ,2025-06-30T20:30:45.699735336Z,3,2025-06-30T20:32:18.356055336Z,true,2025-06-30T20:32:53.13294123Z,,,Player 1,2025-06-30T20:33:09.864668709Z,4,2025-06-30T20:40:17.872961887Z,01JZ18HXCQ7MWET20TZKW1J7BY,2025-06-30T20:30:45.677244271Z,,,"{""networkStruct"":""pooled"",""playerCount"":6}",2025-06-30T20:30:45.699735336Z,"Pooled, Redundancy",2025-06-30T20:30:45.699735336Z,{},2025-06-30T20:30:45.958807678Z,TaskQueue,2025-06-30T20:40:17.764626013Z
01JZ1EED3A8PGE3DSBSCB45ADQ,true,2025-06-30T22:28:57.645605015Z,true,2025-06-30T22:28:51.245982562Z,null,2025-06-30T22:32:06.604637455Z,null,2025-06-30T22:32:06.55545762Z,game ended,2025-06-30T22:34:11.512070981Z,1,2025-06-30T22:35:12.86294326Z,"{""age"":""42"",""gender"":""male"",""strength"":""It's engaging and fun"",""fair"":""I hope so, I think they were ok"",""feedback"":""Perhaps kick the players out if they won't respond after a few minutes"",""education"":""master""}",2025-06-30T22:35:12.919527739Z,01JZ1E923XSJ5V9JGGJQR2CG7M,2025-06-30T22:13:41.676233107Z,3,2025-06-30T22:14:06.196496348Z,true,2025-06-30T22:14:16.496717522Z,,,Player 1,2025-06-30T22:24:32.763951478Z,14,2025-06-30T22:32:06.507026727Z,01JZ1EECN77GVZ475WG361BVEC,2025-06-30T22:13:41.610894584Z,AVERAGE PEOPLE,2025-06-30T22:28:57.645605015Z,"{""networkStruct"":""reciprocal"",""playerCount"":3}",2025-06-30T22:13:41.676233107Z,"Reciprocal, No Redundancy",2025-06-30T22:13:41.676233107Z,{},2025-06-30T22:13:41.909582012Z,TaskQueue,2025-06-30T22:32:06.341621219Z
01JZ1B51FGYNJ0T68GXM1MEH1R,true,2025-06-30T21:23:29.411589481Z,true,2025-06-30T21:23:22.452491056Z,null,2025-06-30T21:27:29.291070505Z,null,2025-06-30T21:27:29.345698957Z,game ended,2025-06-30T21:28:42.03609295Z,1,2025-06-30T21:29:55.414599183Z,"{""age"":""30"",""gender"":""M"",""strength"":""Funny"",""fair"":""Hopefully"",""feedback"":""There could be more cooperation during the task, enabling chat for example."",""education"":""bachelor""}",2025-06-30T21:29:55.387592399Z,01JZ1B1W6S117BH8HCA7NH9R7E,2025-06-30T21:16:09.114658997Z,3,2025-06-30T21:17:58.044047562Z,true,2025-06-30T21:18:25.328207493Z,,,Player 5,2025-06-30T21:19:09.170913111Z,5,2025-06-30T21:27:29.227555167Z,01JZ1B50ZQ0S80SNE8RFDY4TAV,2025-06-30T21:16:09.072969291Z,AVERAGE PEOPLE,2025-06-30T21:23:29.411589481Z,"{""networkStruct"":""reciprocal"",""playerCount"":6}",2025-06-30T21:16:09.114658997Z,"Reciprocal, Redundancy",2025-06-30T21:16:09.114658997Z,{},2025-06-30T21:16:09.363542691Z,TaskQueue,2025-06-30T21:27:29.260386631Z
01JZ1CB9F4KXDQP2PHJCZHP1QC,true,2025-06-30T21:46:17.210579408Z,true,2025-06-30T21:46:11.857741177Z,null,2025-06-30T21:50:55.33602307Z,null,2025-06-30T21:50:55.205703295Z,game ended,2025-06-30T21:51:29.039704074Z,1,2025-06-30T21:52:39.855848912Z,"{""age"":""56"",""gender"":""female"",""strength"":""Stressful"",""fair"":""I don't think so?"",""feedback"":""It worked well"",""education"":""bachelor""}",2025-06-30T21:52:39.887353531Z,01JZ1C4XNE4VHGMR9JDZS6Y7F9,2025-06-30T21:37:02.48304346Z,3,2025-06-30T21:38:31.449085139Z,true,2025-06-30T21:40:03.780452271Z,,,Player 1,2025-06-30T21:41:57.48600451Z,14,2025-06-30T21:50:55.262932204Z,01JZ1CB943T34DC6AA1E4B2Y8W,2025-06-30T21:37:02.436649478Z,AVERAGE PEOPLE,2025-06-30T21:46:17.210579408Z,"{""networkStruct"":""reciprocal"",""playerCount"":6}",2025-06-30T21:37:02.48304346Z,"Reciprocal, Redundancy",2025-06-30T21:37:02.48304346Z,{},2025-06-30T21:37:02.608784318Z,TaskQueue,2025-06-30T21:50:55.291861207Z
01JZ1GP55F36DXJQDEYTGWZ556,true,2025-06-30T23:00:50.868434694Z,true,2025-06-30T23:00:45.742558702Z,,,null,2025-06-30T23:04:38.675047699Z,game ended,2025-06-30T23:06:05.062375564Z,1,2025-06-30T23:06:50.458618892Z,"{""age"":""32"",""gender"":""Female"",""strength"":""It was really fun."",""fair"":""Very helpful"",""feedback"":""It's good as is."",""education"":""bachelor""}",2025-06-30T23:06:50.508829071Z,01JZ1G2AATTMJJ07WA2JZ9MF1K,2025-06-30T22:56:04.183048258Z,3,2025-06-30T22:55:26.149425807Z,true,2025-06-30T22:56:23.763532046Z,,,Player 2,2025-06-30T22:56:26.08365418Z,3,2025-06-30T23:04:38.469147147Z,01JZ1GP3JQZEDYBFPS456YWNC2,2025-06-30T22:52:52.783714283Z,,,"{""networkStruct"":""pooled"",""playerCount"":4}",2025-06-30T22:52:52.964980665Z,"Pooled, Some Redundancy",2025-06-30T22:52:52.964980665Z,{},2025-06-30T22:52:53.273948758Z,TaskQueue,2025-06-30T23:04:38.784596223Z
01JZ1C612YMT75B7ZKNQ711925,,,,,,,,,no more games,2025-06-30T21:36:40.018087922Z,,,,,null,2025-06-30T21:36:40.018087922Z,,,,,,,,,,,01JZ1C5VM8ERAXTNCX66QD9MYN,2025-06-30T21:34:10.014754973Z,,,"{""networkStruct"":""pooled"",""playerCount"":3}",2025-06-30T21:34:10.07432994Z,"Pooled, No Redundancy",2025-06-30T21:34:10.07432994Z,{},2025-06-30T21:34:11.444674672Z,,
01JZ1F6AT65D7Q2J3RRFNE8GQF,,,,,,,,,game ended,2025-06-30T22:36:50.279622625Z,,,,,01JZ1E91ENR7DC2PFTK7ZY5PTJ,2025-06-30T22:26:45.764418856Z,3,2025-06-30T22:27:06.76745277Z,true,2025-06-30T22:27:07.378918839Z,true,2025-06-30T22:31:35.908817835Z,Player 4,2025-06-30T22:27:08.010333749Z,,,01JZ1F6AQYTD58HNP6JDGKZQ1Q,2025-06-30T22:26:45.702227883Z,,,"{""networkStruct"":""pooled"",""playerCount"":4}",2025-06-30T22:26:45.764418856Z,"Pooled, Some Redundancy",2025-06-30T22:26:45.764418856Z,{},2025-06-30T22:26:45.816575266Z,,
01JZ17A9YQ3219RYQEV7GA1K4B,true,2025-06-30T20:19:34.904344997Z,true,2025-06-30T20:19:34.612114251Z,,,null,2025-06-30T20:24:01.770262827Z,game ended,2025-06-30T20:24:45.935682427Z,1,2025-06-30T20:29:44.200475217Z,"{""age"":""34"",""gender"":""Female"",""strength"":""This seemed very easy, I feel like it was a great team effort, and we got everything done. I could have played for much longer."",""fair"":""Yes, I feel like we really efficiently cranked through the tasks. They were great!"",""feedback"":""I'd make the numbers bigger so they were easier to read. They seemed a bit small and you had to read them carefully. "",""education"":""bachelor""}",2025-06-30T20:29:44.193361018Z,01JZ170DSXXMDA003X79NFA4N0,2025-06-30T20:09:07.299465405Z,3,2025-06-30T20:15:16.287570841Z,true,2025-06-30T20:15:22.831593202Z,,,Player 2,2025-06-30T20:15:22.9123406Z,3,2025-06-30T20:24:01.80967776Z,01JZ17A9QYKEF67BVQ3WPFBMPZ,2025-06-30T20:09:07.287326851Z,,,"{""networkStruct"":""pooled"",""playerCount"":6}",2025-06-30T20:09:07.299465405Z,"Pooled, Redundancy",2025-06-30T20:09:07.299465405Z,{},2025-06-30T20:09:07.447661937Z,TaskQueue,2025-06-30T20:24:01.784433803Z
01JZ18JX7AQFGHWSY2V5AEBRM0,true,2025-06-30T20:38:23.658192753Z,true,2025-06-30T20:38:16.222735092Z,null,2025-06-30T20:41:43.782192553Z,null,2025-06-30T20:41:43.744335601Z,game ended,2025-06-30T20:43:41.33041589Z,1,2025-06-30T20:44:26.005779948Z,"{""age"":""24"",""gender"":""Female"",""strength"":""It was fun and challenging"",""fair"":""Yes, they put in a lot of work helping too"",""feedback"":""Nothing I can think of to recommend"",""education"":""high-school""}",2025-06-30T20:44:25.988327702Z,01JZ18G4XDWA3A08Y0HZ5HSAAF,2025-06-30T20:31:17.764095661Z,3,2025-06-30T20:32:59.667129922Z,true,2025-06-30T20:33:34.334449469Z,,,Player 2,2025-06-30T20:34:05.425213928Z,6,2025-06-30T20:41:43.723165466Z,01JZ18JWTVPZS75Y6SDDH9M1XS,2025-06-30T20:31:17.738054373Z,MAXIMUM INCOME,2025-06-30T20:38:23.658192753Z,"{""networkStruct"":""reciprocal"",""playerCount"":6}",2025-06-30T20:31:17.764095661Z,"Reciprocal, Redundancy",2025-06-30T20:31:17.764095661Z,{},2025-06-30T20:31:18.027341985Z,TaskQueue,2025-06-30T20:41:43.763563443Z
01JZ18M95D7WX9RB46ACE56086,true,2025-06-30T20:38:01.285914044Z,true,2025-06-30T20:37:54.019328396Z,,,null,2025-06-30T20:40:29.17212781Z,game ended,2025-06-30T20:43:14.789977819Z,1,2025-06-30T20:43:43.826905106Z,"{""age"":""31"",""gender"":""M"",""strength"":""fun"",""fair"":""no"",""feedback"":""n/a"",""education"":""bachelor""}",2025-06-30T20:43:43.805764305Z,01JZ18G4YTQTSXFW2X0Y80VGVG,2025-06-30T20:32:02.752830462Z,3,2025-06-30T20:32:31.953683842Z,true,2025-06-30T20:32:52.090358646Z,,,Player 6,2025-06-30T20:33:44.552388257Z,1,2025-06-30T20:40:29.190654599Z,01JZ18M871QQC7KPA00QSPAS9N,2025-06-30T20:32:02.733350463Z,,,"{""networkStruct"":""pooled"",""playerCount"":6}",2025-06-30T20:32:02.752830462Z,"Pooled, Redundancy",2025-06-30T20:32:02.752830462Z,{},2025-06-30T20:32:03.040145405Z,TaskQueue,2025-06-30T20:40:29.210075483Z
01JZ1BZM7HWWQQ5DW0EFWDSAQF,,,,,,,,,game ended,2025-06-30T21:44:43.514562182Z,,,,,01JZ1BX81RJBYPGNM468STZ9YH,2025-06-30T21:30:40.286386905Z,3,2025-06-30T21:32:48.466628488Z,true,2025-06-30T21:33:26.378774108Z,true,2025-06-30T21:39:29.73618059Z,Player 1,2025-06-30T21:35:13.077976062Z,,,01JZ1BZK3QK6ZFYDJ3QVHH37AN,2025-06-30T21:30:40.24133401Z,,,"{""networkStruct"":""reciprocal"",""playerCount"":3}",2025-06-30T21:30:40.286386905Z,"Reciprocal, No Redundancy",2025-06-30T21:30:40.286386905Z,{},2025-06-30T21:30:40.594508706Z,,
01JZ17A832XNJZN2KK8205TMZH,true,2025-06-30T20:16:30.530913659Z,true,2025-06-30T20:16:22.212216657Z,,,null,2025-06-30T20:18:34.828035616Z,game ended,2025-06-30T20:21:41.347864704Z,1,2025-06-30T20:22:29.882421777Z,"{""age"":""51"",""gender"":""Male"",""strength"":""It was fine."",""fair"":""Yes"",""feedback"":""See what the teammates were doing at the same time."",""education"":""master""}",2025-06-30T20:22:29.8747609Z,01JZ170DRRRWN613C5WJQ8B5Q6,2025-06-30T20:09:05.395733915Z,3,2025-06-30T20:09:34.415548044Z,true,2025-06-30T20:09:57.142986744Z,,,Player 5,2025-06-30T20:12:18.889192237Z,3,2025-06-30T20:18:34.809615945Z,01JZ17A7XWD4QPHGHTGE87ZHWX,2025-06-30T20:09:05.378991329Z,,,"{""networkStruct"":""pooled"",""playerCount"":6}",2025-06-30T20:09:05.395733915Z,"Pooled, Redundancy",2025-06-30T20:09:05.395733915Z,{},2025-06-30T20:09:05.481078233Z,TaskQueue,2025-06-30T20:18:34.822149994Z
01JZ17A84G8QVPB3RW2KXSNH3H,true,2025-06-30T20:17:17.812074468Z,true,2025-06-30T20:17:10.90621739Z,null,2025-06-30T20:20:32.280871956Z,null,2025-06-30T20:20:32.34264557Z,game ended,2025-06-30T20:22:28.605766381Z,1,2025-06-30T20:23:36.600268526Z,"{""age"":""35"",""gender"":""male"",""strength"":""It seemed simple"",""fair"":""There was no other interaction besides presenting ourselves, so no."",""feedback"":""Allow communication during the game."",""education"":""bachelor""}",2025-06-30T20:23:36.587078436Z,01JZ170DS32PJY8CQRMADJXFRG,2025-06-30T20:09:05.438585291Z,3,2025-06-30T20:09:49.674405026Z,true,2025-06-30T20:10:09.577513551Z,,,Player 4,2025-06-30T20:13:05.865330878Z,14,2025-06-30T20:20:32.367003122Z,01JZ17A7AWV33EKMPAX99Y537P,2025-06-30T20:09:05.42477025Z,CHILDREN'S COMMUTE DISTANCE,2025-06-30T20:17:17.812074468Z,"{""networkStruct"":""reciprocal"",""playerCount"":6}",2025-06-30T20:09:05.438585291Z,"Reciprocal, Redundancy",2025-06-30T20:09:05.438585291Z,{},2025-06-30T20:09:05.693386954Z,TaskQueue,2025-06-30T20:20:32.358580724Z
01JZ19YKGANWM091HXPRFZY75R,true,2025-06-30T21:01:50.313266734Z,true,2025-06-30T21:01:41.927548948Z,,,null,2025-06-30T21:05:04.395026815Z,game ended,2025-06-30T21:07:04.345924244Z,1,2025-06-30T21:07:50.63348464Z,"{""age"":""64"",""gender"":""Male"",""strength"":""It was fun and I liked the challenge"",""fair"":""I don't think they were as quick as me! "",""feedback"":""It's great as it is"",""education"":""high-school""}",2025-06-30T21:07:50.650413543Z,01JZ19VF1X4TGM9HTAVFF08YB3,2025-06-30T20:55:09.615359718Z,3,2025-06-30T20:56:24.52723447Z,true,2025-06-30T20:57:01.295614128Z,,,Player 4,2025-06-30T20:57:35.34870179Z,4,2025-06-30T21:05:04.46902173Z,01JZ19YK4P50452FEJDFFVGNG3,2025-06-30T20:55:09.578661767Z,,,"{""networkStruct"":""pooled"",""playerCount"":6}",2025-06-30T20:55:09.615359718Z,"Pooled, Redundancy",2025-06-30T20:55:09.615359718Z,{},2025-06-30T20:55:09.804570865Z,TaskQueue,2025-06-30T21:05:04.443901505Z
01JZ19YSKES03CBT0DQ4XQZD4Y,true,2025-06-30T21:01:50.313266734Z,true,2025-06-30T21:01:45.431048421Z,,,null,2025-06-30T21:04:43.939928682Z,game ended,2025-06-30T21:07:04.345924244Z,1,2025-06-30T21:07:47.794969198Z,"{""age"":""38"",""gender"":""male"",""strength"":""easy but one person didnt do one"",""fair"":""most yes one person obviously not"",""feedback"":""it was easy idk "",""education"":""high-school""}",2025-06-30T21:07:47.835003273Z,01JZ19VF1X4TGM9HTAVFF08YB3,2025-06-30T20:55:15.851191188Z,3,2025-06-30T20:55:41.206195785Z,true,2025-06-30T20:56:13.671548131Z,,,Player 6,2025-06-30T20:57:35.34870179Z,4,2025-06-30T21:04:43.887227896Z,01JZ19YS8RSNW12TJMP57YJCMX,2025-06-30T20:55:15.822092574Z,,,"{""networkStruct"":""pooled"",""playerCount"":6}",2025-06-30T20:55:15.851191188Z,"Pooled, Redundancy",2025-06-30T20:55:15.851191188Z,{},2025-06-30T20:55:16.119903018Z,TaskQueue,2025-06-30T21:04:43.978460487Z
01JZ18HV1R8B29VBXTS00FPVXC,true,2025-06-30T20:38:08.575450426Z,true,2025-06-30T20:38:04.631699056Z,null,2025-06-30T20:40:22.283992386Z,null,2025-06-30T20:40:22.213384784Z,game ended,2025-06-30T20:43:22.475613323Z,1,2025-06-30T20:43:53.799524871Z,"{""age"":""45"",""gender"":""female"",""strength"":""intresting"",""fair"":""yes"",""feedback"":""dont know"",""education"":""bachelor""}",2025-06-30T20:43:53.765366902Z,01JZ18G4ZPD0G0WRB3ZSNJ4KSW,2025-06-30T20:30:42.771402964Z,3,2025-06-30T20:30:58.391771012Z,true,2025-06-30T20:31:04.226822907Z,,,Player 1,2025-06-30T20:33:52.608864142Z,5,2025-06-30T20:40:22.193341741Z,01JZ18HTM8S7ZBE2CQPF60RHN8,2025-06-30T20:30:42.744153579Z,AVERAGE PEOPLE,2025-06-30T20:38:08.575450426Z,"{""networkStruct"":""reciprocal"",""playerCount"":6}",2025-06-30T20:30:42.771402964Z,"Reciprocal, Redundancy",2025-06-30T20:30:42.771402964Z,{},2025-06-30T20:30:43.014253948Z,TaskQueue,2025-06-30T20:40:22.306245897Z
01JZ18PM12H6T4K8ZF80RW1DBN,,,,,,,,,no more games,2025-06-30T21:57:53.402081961Z,,,,,null,2025-06-30T21:57:53.402081961Z,2,2025-06-30T20:34:17.6206823Z,,,,,,,,,01JZ18PKVY8V38CHD1FY2RDKNC,2025-06-30T20:33:19.394070409Z,,,"{""networkStruct"":""reciprocal"",""playerCount"":6}",2025-06-30T20:33:19.419788158Z,"Reciprocal, Redundancy",2025-06-30T20:33:19.419788158Z,{},2025-06-30T20:33:19.507362711Z,,
01JZ1ANRWRD4HPPH6DY63EHVD2,,,,,,,,,no more games,2025-06-30T21:25:22.491405605Z,,,,,null,2025-06-30T21:25:22.491405605Z,3,2025-06-30T21:08:36.107670789Z,,,,,,,,,01JZ1ANRHQKE6YYT1XRHX0CV57,2025-06-30T21:07:48.760700562Z,,,"{""networkStruct"":""pooled"",""playerCount"":6}",2025-06-30T21:07:48.81146479Z,"Pooled, Redundancy",2025-06-30T21:07:48.81146479Z,{},2025-06-30T21:07:48.982419371Z,,
01JZ1D5N9EKRCKNEX5N0FCN65V,true,2025-06-30T21:56:41.378865637Z,true,2025-06-30T21:56:33.760259264Z,null,2025-06-30T21:59:24.315519156Z,null,2025-06-30T21:59:24.278924492Z,game ended,2025-06-30T22:01:54.220507891Z,1,2025-06-30T22:03:02.733188866Z,"{""age"":""45"",""gender"":""woman"",""strength"":""I thought it was fun and interesting."",""fair"":""I really did not find out enough details to know if they were helpful. I just completed the tasks as quickly as I could."",""feedback"":""Show my results and/or how I compared to other players."",""education"":""high-school""}",2025-06-30T22:03:02.793795666Z,01JZ1D0S2S8SEBXETFQJSTGM5V,2025-06-30T21:51:26.564906478Z,3,2025-06-30T21:52:00.221578972Z,true,2025-06-30T21:52:17.491419709Z,,,Player 4,2025-06-30T21:52:18.491920256Z,10,2025-06-30T21:59:24.214342645Z,01JZ1D5N49AKFRME71W8YMJBJD,2025-06-30T21:51:26.510589116Z,CHILDREN'S COMMUTE DISTANCE,2025-06-30T21:56:41.378865637Z,"{""networkStruct"":""reciprocal"",""playerCount"":4}",2025-06-30T21:51:26.564906478Z,"Reciprocal, Some Redundancy",2025-06-30T21:51:26.564906478Z,{},2025-06-30T21:51:26.650673665Z,TaskQueue,2025-06-30T21:59:24.345431625Z
01JZ18JGZBSWHAA8MGTKR735JR,true,2025-06-30T20:37:37.384730102Z,true,2025-06-30T20:37:30.757765876Z,,,null,2025-06-30T20:40:18.388493031Z,game ended,2025-06-30T20:42:49.431784701Z,1,2025-06-30T20:43:45.487924165Z,"{""age"":""52"",""gender"":""male"",""strength"":""funny and easy"",""fair"":""no idea"",""feedback"":""more complex"",""education"":""bachelor""}",2025-06-30T20:43:45.467420416Z,01JZ18G4Y1ABZPJ815NAWEN19T,2025-06-30T20:31:05.238834583Z,3,2025-06-30T20:31:39.319861129Z,true,2025-06-30T20:32:12.158540231Z,,,Player 4,2025-06-30T20:33:19.828348378Z,3,2025-06-30T20:40:18.425878787Z,01JZ18JGDG1N44SWGEB7W9V80N,2025-06-30T20:31:05.195474472Z,,,"{""networkStruct"":""pooled"",""playerCount"":6}",2025-06-30T20:31:05.238834583Z,"Pooled, Redundancy",2025-06-30T20:31:05.238834583Z,{},2025-06-30T20:31:05.524186694Z,TaskQueue,2025-06-30T20:40:18.356140002Z
01JZ18NHCAK8RY21V5MM8DREGB,,,,,,,,,no more games,2025-06-30T21:57:53.402081961Z,,,,,null,2025-06-30T21:57:53.402081961Z,3,2025-06-30T20:34:19.574649083Z,,,,,,,,,01JZ18NGZQ286CB110K7FS9HH1,2025-06-30T20:32:43.914146855Z,,,"{""networkStruct"":""reciprocal"",""playerCount"":6}",2025-06-30T20:32:43.945686024Z,"Reciprocal, Redundancy",2025-06-30T20:32:43.945686024Z,{},2025-06-30T20:32:44.150450815Z,,
01JZ1A8FR32NPD5RJ1DVE9H7Y6,true,2025-06-30T21:06:05.472213856Z,true,2025-06-30T21:05:57.680542027Z,null,2025-06-30T21:08:30.321827243Z,null,2025-06-30T21:08:30.392822087Z,game ended,2025-06-30T21:11:18.699677002Z,1,2025-06-30T21:12:03.511939897Z,"{""age"":""21"",""gender"":""Male"",""strength"":""It was fine, very easy"",""fair"":""Yes"",""feedback"":""Make it more collaborative"",""education"":""bachelor""}",2025-06-30T21:12:03.461351202Z,01JZ19VF5YA4VZJRJDVJVY1XBY,2025-06-30T21:00:33.445080512Z,3,2025-06-30T21:01:15.891968826Z,true,2025-06-30T21:01:47.045745736Z,,,Player 6,2025-06-30T21:01:47.444543284Z,14,2025-06-30T21:08:30.429674094Z,01JZ1A8F9ENQWRN7XQBPPDSZV7,2025-06-30T21:00:33.411884443Z,CHILDREN'S COMMUTE DISTANCE,2025-06-30T21:06:05.472213856Z,"{""networkStruct"":""reciprocal"",""playerCount"":6}",2025-06-30T21:00:33.445080512Z,"Reciprocal, Redundancy",2025-06-30T21:00:33.445080512Z,{},2025-06-30T21:00:33.686643563Z,TaskQueue,2025-06-30T21:08:30.250380187Z
01JZ176XCKRH7MED6P6JRG4D22,true,2025-06-30T20:17:17.812074468Z,true,2025-06-30T20:17:12.828996082Z,null,2025-06-30T20:21:56.806662373Z,null,2025-06-30T20:21:56.815530417Z,game ended,2025-06-30T20:22:28.605766381Z,1,2025-06-30T20:22:50.683186178Z,"{""age"":""27"",""gender"":""female"",""strength"":""it was kind of hard"",""fair"":""yes"",""feedback"":""im not sure"",""education"":""high-school""}",2025-06-30T20:22:50.668879088Z,01JZ170DS32PJY8CQRMADJXFRG,2025-06-30T20:07:16.12629113Z,3,2025-06-30T20:08:29.489550949Z,true,2025-06-30T20:09:06.457421521Z,,,Player 2,2025-06-30T20:13:05.865330878Z,6,2025-06-30T20:21:56.823451561Z,01JZ176X5AV5EE3PYK7XCPRYP5,2025-06-30T20:07:16.115767365Z,MAXIMUM INCOME,2025-06-30T20:17:17.812074468Z,"{""networkStruct"":""reciprocal"",""playerCount"":6}",2025-06-30T20:07:16.12629113Z,"Reciprocal, Redundancy",2025-06-30T20:07:16.12629113Z,{},2025-06-30T20:07:16.248958344Z,TaskQueue,2025-06-30T20:21:56.786922177Z
01JZ18NQPCFBGJDGFZ54XZESTD,true,2025-06-30T20:39:06.483879151Z,true,2025-06-30T20:39:00.472498205Z,null,2025-06-30T20:42:04.056887675Z,null,2025-06-30T20:42:04.03679976Z,game ended,2025-06-30T20:44:18.586815933Z,1,2025-06-30T20:46:10.797324359Z,"{""age"":""45"",""gender"":""Male"",""strength"":""Unsure- Curious about the results"",""fair"":""Average"",""feedback"":""Not sure"",""education"":""bachelor""}",2025-06-30T20:46:10.770148069Z,01JZ18G4Z7SR18DC8PDBR22HS5,2025-06-30T20:33:52.230692206Z,3,2025-06-30T20:34:10.394785929Z,true,2025-06-30T20:34:46.002596849Z,,,Player 6,2025-06-30T20:34:46.301046173Z,3,2025-06-30T20:42:04.011837259Z,01JZ18NQ6R4DYQ343NT2426HXD,2025-06-30T20:32:50.380836727Z,CHILDREN'S COMMUTE DISTANCE,2025-06-30T20:39:06.483879151Z,"{""networkStruct"":""reciprocal"",""playerCount"":6}",2025-06-30T20:32:50.410934068Z,"Reciprocal, Redundancy",2025-06-30T20:32:50.410934068Z,{},2025-06-30T20:32:50.7223845Z,TaskQueue,2025-06-30T20:42:04.075875231Z
01JZ18TTYJBGAZQM1ZA10RZ7YB,,,,,,,,,no more games,2025-06-30T22:56:23.893405936Z,1,2025-06-30T20:40:48.083491766Z,"{""age"":""21"",""gender"":""Male"",""strength"":""I did not participate in the game. I just launched the study and I was brought straight here"",""fair"":"""",""feedback"":"""",""education"":""master""}",2025-06-30T20:40:48.062089161Z,null,2025-06-30T22:56:23.893405936Z,1,2025-06-30T20:38:35.362968588Z,,,,,,,,,01JZ18TS6KCTRD19BC2J4X7SEZ,2025-06-30T20:35:37.554405529Z,,,"{""networkStruct"":""pooled"",""playerCount"":4}",2025-06-30T20:35:37.583537018Z,"Pooled, Some Redundancy",2025-06-30T20:35:37.583537018Z,{},2025-06-30T20:35:37.868462303Z,,
01JZ195RS4X3R0XZXASS7J2F2G,true,2025-06-30T20:46:59.868078735Z,true,2025-06-30T20:46:54.067357875Z,3,2025-06-30T20:51:57.066496294Z,neighborhood_11,2025-06-30T20:51:57.014521387Z,game ended,2025-06-30T20:52:11.048062719Z,1,2025-06-30T20:54:16.771362843Z,"{""age"":""21"",""gender"":""Female"",""strength"":""The game was engaging and encouraged quick decision-making and attention to detail. The task of analyzing neighborhoods and summing up data (like commute distances or household incomes) felt like a practical application of basic data analysis skills in a real-world context."",""fair"":""There was limited visibility into team dynamics during the task, so it's hard to evaluate how collaborative it was. If there was supposed to be teamwork, more tools or prompts to encourage communication and coordination would be helpful."",""feedback"":""Clearer feedback: After submitting an answer, showing the correct solution and a breakdown would help learning and improvement.\n\nMore teamwork mechanics: If teamwork is the goal, adding shared challenges, chat options, or coordination roles could enhance collaboration."",""education"":""master""}",2025-06-30T20:54:16.743948781Z,01JZ18RA3DBE17YR6D8FEXRWFY,2025-06-30T20:41:35.831915353Z,3,2025-06-30T20:42:25.485586039Z,true,2025-06-30T20:42:44.348914464Z,,,Player 4,2025-06-30T20:42:44.685445171Z,10,2025-06-30T20:51:54.846043644Z,01JZ195PWKV767VY7W6P8J81NN,2025-06-30T20:41:35.7808403Z,CHILDREN'S COMMUTE DISTANCE,2025-06-30T20:46:59.868078735Z,"{""networkStruct"":""reciprocal"",""playerCount"":4}",2025-06-30T20:41:35.831915353Z,"Reciprocal, Some Redundancy",2025-06-30T20:41:35.831915353Z,{},2025-06-30T20:41:36.279072011Z,TaskScreen,2025-06-30T20:51:57.041682102Z
01JZ17QZHPT291C9NK5HYRP9NJ,,,,,,,,,no more games,2025-06-30T21:57:53.402081961Z,,,,,null,2025-06-30T21:57:53.402081961Z,2,2025-06-30T20:16:36.70576167Z,,,,,,,,,01JZ17QZFXJY0PMSWHTHW0NC2S,2025-06-30T20:16:35.382187072Z,,,"{""networkStruct"":""reciprocal"",""playerCount"":6}",2025-06-30T20:16:35.400361021Z,"Reciprocal, Redundancy",2025-06-30T20:16:35.400361021Z,{},2025-06-30T20:16:35.421735156Z,,
01JZ18N1E6Y7625HSV36SF1RBP,,,,,,,,,no more games,2025-06-30T21:57:53.402081961Z,,,,,null,2025-06-30T21:57:53.402081961Z,3,2025-06-30T20:32:46.945512136Z,,,,,,,,,01JZ18N17T09TJ3JCAPR9MFA3R,2025-06-30T20:32:27.590787904Z,,,"{""networkStruct"":""reciprocal"",""playerCount"":6}",2025-06-30T20:32:27.611878208Z,"Reciprocal, Redundancy",2025-06-30T20:32:27.611878208Z,{},2025-06-30T20:32:27.720956421Z,,
01JZ1EJSF3D74SJNMB9KEWHKK2,true,2025-06-30T22:29:57.29741802Z,true,2025-06-30T22:29:49.008747098Z,null,2025-06-30T22:32:31.369432247Z,null,2025-06-30T22:32:31.555807663Z,game ended,2025-06-30T22:35:09.873443805Z,1,2025-06-30T22:36:41.020708707Z,"{""age"":""47"",""gender"":""Male"",""strength"":""I little confused - not sure what was supposed to happen."",""fair"":""No idea - there seemed to be no interaction."",""feedback"":""Clearer instructions after the training."",""education"":""bachelor""}",2025-06-30T22:36:40.978059982Z,01JZ1E91SWVSXS6FK33QCMH9SP,2025-06-30T22:16:05.42765123Z,3,2025-06-30T22:16:47.660905759Z,true,2025-06-30T22:17:17.964299719Z,,,Player 1,2025-06-30T22:25:34.697918623Z,14,2025-06-30T22:32:31.325247189Z,01JZ1EJS2XVQQYCSNWEBKSD30A,2025-06-30T22:16:05.347630714Z,AVERAGE PEOPLE,2025-06-30T22:29:57.29741802Z,"{""networkStruct"":""reciprocal"",""playerCount"":3}",2025-06-30T22:16:05.42765123Z,"Reciprocal, No Redundancy",2025-06-30T22:16:05.42765123Z,{},2025-06-30T22:16:05.628251243Z,TaskQueue,2025-06-30T22:32:31.417039683Z
01JZ1GMDM0H6AK7RXGH6AE4YR2,,,,,,,,,no more games,2025-06-30T22:56:23.893405936Z,1,2025-06-30T22:58:27.600865132Z,"{""age"":""59"",""gender"":""Female"",""strength"":""was good"",""fair"":""yes"",""feedback"":""nothing needs changing"",""education"":""master""}",2025-06-30T22:58:27.646217416Z,null,2025-06-30T22:56:23.893405936Z,3,2025-06-30T22:55:18.879133057Z,,,,,,,,,01JZ1GMBGVPE5PNEJFZWH5TMBK,2025-06-30T22:51:55.904323934Z,,,"{""networkStruct"":""pooled"",""playerCount"":4}",2025-06-30T22:51:55.970930111Z,"Pooled, Some Redundancy",2025-06-30T22:51:55.970930111Z,{},2025-06-30T22:51:56.380780903Z,,
01JZ19Y0D04KSPZSGRXD2GWN5G,true,2025-06-30T21:05:51.924043537Z,true,2025-06-30T21:05:44.624091471Z,null,2025-06-30T21:07:32.186101218Z,null,2025-06-30T21:07:32.167288676Z,game ended,2025-06-30T21:11:05.012589056Z,1,2025-06-30T21:12:34.668214087Z,"{""age"":""29"",""gender"":""male"",""strength"":""very interesting, suitable for me"",""fair"":""i think that it was a good cooperation"",""feedback"":""everything was ok"",""education"":""bachelor""}",2025-06-30T21:12:34.646975814Z,01JZ19VF81DTYMGWYB0TAJKDWY,2025-06-30T20:54:50.058184097Z,3,2025-06-30T20:56:35.951609529Z,true,2025-06-30T20:57:47.349735815Z,,,Player 2,2025-06-30T21:01:34.891605243Z,7,2025-06-30T21:07:32.148536657Z,01JZ19XZVJAQ20BQ6QHR5SDQHD,2025-06-30T20:54:50.016722841Z,AVERAGE PEOPLE,2025-06-30T21:05:51.924043537Z,"{""networkStruct"":""reciprocal"",""playerCount"":6}",2025-06-30T20:54:50.058184097Z,"Reciprocal, Redundancy",2025-06-30T20:54:50.058184097Z,{},2025-06-30T20:54:50.322141214Z,TaskQueue,2025-06-30T21:07:32.227232646Z
01JZ1A5BC93T1VSNTPVNANBKKY,true,2025-06-30T21:05:01.352762096Z,true,2025-06-30T21:04:52.741896183Z,null,2025-06-30T21:07:08.597758563Z,null,2025-06-30T21:07:08.577621372Z,game ended,2025-06-30T21:10:13.505514845Z,1,2025-06-30T21:10:43.25848763Z,"{""age"":""29"",""gender"":""Male"",""strength"":""It was fun"",""fair"":""Yes"",""feedback"":""I don't know :P"",""education"":""bachelor""}",2025-06-30T21:10:43.235019232Z,01JZ19VF9WCS5BMDRCPXZK6ZBF,2025-06-30T20:58:50.696692652Z,3,2025-06-30T21:00:34.048381723Z,true,2025-06-30T21:00:42.337558448Z,,,Player 6,2025-06-30T21:00:42.59978411Z,7,2025-06-30T21:07:08.554785863Z,01JZ1A5AZDNE51DF973F23V3SM,2025-06-30T20:58:50.633848125Z,MAXIMUM INCOME,2025-06-30T21:05:01.352762096Z,"{""networkStruct"":""reciprocal"",""playerCount"":6}",2025-06-30T20:58:50.696692652Z,"Reciprocal, Redundancy",2025-06-30T20:58:50.696692652Z,{},2025-06-30T20:58:50.878700991Z,TaskQueue,2025-06-30T21:07:08.531212736Z
01JZ1DEBFXXB5H1WJY1A2P9E20,true,2025-06-30T22:02:26.99476172Z,true,2025-06-30T22:02:23.26383282Z,null,2025-06-30T22:05:06.76529895Z,null,2025-06-30T22:05:06.653032447Z,game ended,2025-06-30T22:07:41.466518466Z,1,2025-06-30T22:09:56.312689073Z,"{""age"":""57"",""gender"":""female"",""strength"":""I am very confused about the teammate part. Where were we actually a team working together beyond introducing ourselves"",""fair"":""No not at all. I didn't have any contact with teammates past introductions"",""feedback"":""I don't know how to answer this because I am not real sure what even happened. "",""education"":""bachelor""}",2025-06-30T22:09:56.278189332Z,01JZ1D0S4EMT97ECKQ06X1ZWAX,2025-06-30T21:56:11.457552762Z,3,2025-06-30T21:57:22.790018066Z,true,2025-06-30T21:58:06.665525126Z,,,Player 4,2025-06-30T21:58:07.230550856Z,4,2025-06-30T22:05:06.712713796Z,01JZ1DEB97DPJ9W0PW3W8AGY75,2025-06-30T21:56:11.389183515Z,MAXIMUM INCOME,2025-06-30T22:02:26.99476172Z,"{""networkStruct"":""reciprocal"",""playerCount"":4}",2025-06-30T21:56:11.457552762Z,"Reciprocal, Some Redundancy",2025-06-30T21:56:11.457552762Z,{},2025-06-30T21:56:11.564365141Z,TaskQueue,2025-06-30T22:05:06.820391828Z
01JZ1G4D5N3JRDG8TQNFBZX41Z,true,2025-06-30T22:55:13.052852516Z,true,2025-06-30T22:55:07.137212376Z,null,2025-06-30T23:00:23.380576298Z,null,2025-06-30T23:00:23.553171396Z,game ended,2025-06-30T23:00:26.070097409Z,1,2025-06-30T23:02:20.043233614Z,"{""age"":""50"",""gender"":""Male"",""strength"":""Fairly fast passed "",""fair"":""Yes "",""feedback"":""show commas in the numbers to make it easier to tell digit. "",""education"":""high-school""}",2025-06-30T23:02:19.998250277Z,01JZ1G2ACHC2PPHGNQVYG69GCY,2025-06-30T22:43:11.227165541Z,3,2025-06-30T22:44:38.835582015Z,true,2025-06-30T22:45:38.191988755Z,,,Player 2,2025-06-30T22:50:53.298044866Z,15,2025-06-30T23:00:23.319650872Z,01JZ1G4CVWVM5QDSQBM8ED8GBT,2025-06-30T22:43:11.157618218Z,MAXIMUM INCOME,2025-06-30T22:55:13.052852516Z,"{""networkStruct"":""reciprocal"",""playerCount"":3}",2025-06-30T22:43:11.227165541Z,"Reciprocal, No Redundancy",2025-06-30T22:43:11.227165541Z,{},2025-06-30T22:43:11.403612217Z,TaskQueue,2025-06-30T23:00:23.431964049Z
01JZ1AASXMW248FZW1EFXY72ZT,,,,,,,,,no more games,2025-06-30T21:57:53.402081961Z,,,,,null,2025-06-30T21:57:53.402081961Z,,,,,,,,,,,01JZ1AARD0Q3MD8N31RQ5JHX8D,2025-06-30T21:01:49.364115318Z,,,"{""networkStruct"":""reciprocal"",""playerCount"":6}",2025-06-30T21:01:49.634426147Z,"Reciprocal, Redundancy",2025-06-30T21:01:49.634426147Z,{},2025-06-30T21:01:49.916587176Z,,
01JZ17BSGD1ZFE3AGW45TSH40F,true,2025-06-30T20:18:46.366221764Z,true,2025-06-30T20:18:40.435739859Z,null,2025-06-30T20:23:45.318162262Z,null,2025-06-30T20:23:45.310023948Z,game ended,2025-06-30T20:23:57.361117331Z,1,2025-06-30T20:24:32.754332179Z,"{""age"":""56"",""gender"":""Female"",""strength"":""It's funny and interesting"",""fair"":""no"",""feedback"":""No"",""education"":""master""}",2025-06-30T20:24:32.747433098Z,01JZ170DSR5F2SARFX61BD5BFD,2025-06-30T20:09:55.989949399Z,3,2025-06-30T20:13:07.203842132Z,true,2025-06-30T20:14:07.927886133Z,,,Player 3,2025-06-30T20:14:33.790592612Z,16,2025-06-30T20:23:45.333866626Z,01JZ17BS49JMY445CR8FZBMSF6,2025-06-30T20:09:55.981230567Z,CHILDREN'S COMMUTE DISTANCE,2025-06-30T20:18:46.366221764Z,"{""networkStruct"":""reciprocal"",""playerCount"":6}",2025-06-30T20:09:55.989949399Z,"Reciprocal, Redundancy",2025-06-30T20:09:55.989949399Z,{},2025-06-30T20:09:56.183372612Z,TaskQueue,2025-06-30T20:23:45.341897446Z
01JZ17DP10NW99AE12W6233E2P,true,2025-06-30T20:17:39.160892908Z,true,2025-06-30T20:17:30.541502585Z,null,2025-06-30T20:19:50.499798185Z,null,2025-06-30T20:19:50.478146066Z,game ended,2025-06-30T20:22:50.504782215Z,1,2025-06-30T20:25:43.42799003Z,"{""age"":""56"",""gender"":""Female"",""strength"":""The game tested our ability to answer a maths problem. It was interesting to do it with the time constraint."",""fair"":""I am not sure whether my teammates would be helpful, as I did not see their results."",""feedback"":""The task queue should know when they have all been completed and move us on to the exit survey. We all finished the task quite quickly and had to sit and wait 2 mins 43 seconds before it allowed us to move on. Apart from that, thank you for the opportunity to take part in this study today."",""education"":""master""}",2025-06-30T20:25:43.421506895Z,01JZ170DSTXK5Z1DV671606E6A,2025-06-30T20:10:57.975449745Z,3,2025-06-30T20:11:54.394315293Z,true,2025-06-30T20:12:35.37183711Z,,,Player 6,2025-06-30T20:13:27.60426161Z,8,2025-06-30T20:19:50.488779579Z,01JZ17DNR67CADTMVAXWM83TN8,2025-06-30T20:10:57.952446045Z,CHILDREN'S COMMUTE DISTANCE,2025-06-30T20:17:39.160892908Z,"{""networkStruct"":""reciprocal"",""playerCount"":6}",2025-06-30T20:10:57.975449745Z,"Reciprocal, Redundancy",2025-06-30T20:10:57.975449745Z,{},2025-06-30T20:10:58.119012695Z,TaskQueue,2025-06-30T20:19:50.510528308Z
01JZ17HFJ1YVGFVR94GB9T8A4P,true,2025-06-30T20:22:20.655108449Z,true,2025-06-30T20:22:13.107599367Z,,,null,2025-06-30T20:26:30.469746194Z,game ended,2025-06-30T20:27:31.720404695Z,1,2025-06-30T20:29:22.061961237Z,"{""age"":""39"",""gender"":""Female"",""strength"":""Very interesting tasks, requiring concentration but giving satisfaction."",""fair"":""I think yes."",""feedback"":""I think there is nothing to improve."",""education"":""master""}",2025-06-30T20:29:22.05726803Z,01JZ170DS9MMA8EZAVKYS5SMHX,2025-06-30T20:13:02.417496551Z,3,2025-06-30T20:14:04.288352013Z,true,2025-06-30T20:15:08.067844498Z,,,Player 4,2025-06-30T20:18:06.153859821Z,4,2025-06-30T20:26:30.462931319Z,01JZ17HEQBV8C2DAWJVNGDJ8NJ,2025-06-30T20:13:02.401454593Z,,,"{""networkStruct"":""pooled"",""playerCount"":6}",2025-06-30T20:13:02.417496551Z,"Pooled, Redundancy",2025-06-30T20:13:02.417496551Z,{},2025-06-30T20:13:02.836384894Z,TaskQueue,2025-06-30T20:26:30.646939389Z
01JZ18KGAXS61YDRY5ATK1YPT8,,,,,,,,,no more games,2025-06-30T21:57:53.402081961Z,,,,,null,2025-06-30T21:57:53.402081961Z,3,2025-06-30T20:32:43.999893797Z,,,,,,,,,01JZ18KEYEMDQCW7WQ8N1GBNE5,2025-06-30T20:31:37.309880457Z,,,"{""networkStruct"":""reciprocal"",""playerCount"":6}",2025-06-30T20:31:37.331494487Z,"Reciprocal, Redundancy",2025-06-30T20:31:37.331494487Z,{},2025-06-30T20:31:37.550332877Z,,
01JZ1CEYEW4QC345QNCDR6C494,true,2025-06-30T21:46:17.210579408Z,true,2025-06-30T21:46:11.26903477Z,null,2025-06-30T21:49:46.349559203Z,null,2025-06-30T21:49:46.493514734Z,game ended,2025-06-30T21:51:29.039704074Z,1,2025-06-30T21:52:29.001035601Z,"{""age"":""31"",""gender"":""Male"",""strength"":""It was funn, i would like more rounds"",""fair"":""yes, they were actually pretty fast"",""feedback"":""i think it is good as it is for its purpose"",""education"":""master""}",2025-06-30T21:52:29.032982217Z,01JZ1C4XNE4VHGMR9JDZS6Y7F9,2025-06-30T21:39:02.328465345Z,3,2025-06-30T21:40:03.621710385Z,true,2025-06-30T21:40:47.827182422Z,,,Player 2,2025-06-30T21:41:57.48600451Z,6,2025-06-30T21:49:46.383586006Z,01JZ1CEXZ1R395VT2VE0QVH2NC,2025-06-30T21:39:02.236504986Z,MAXIMUM INCOME,2025-06-30T21:46:17.210579408Z,"{""networkStruct"":""reciprocal"",""playerCount"":6}",2025-06-30T21:39:02.328465345Z,"Reciprocal, Redundancy",2025-06-30T21:39:02.328465345Z,{},2025-06-30T21:39:02.549884724Z,TaskQueue,2025-06-30T21:49:46.418915346Z
01JZ1CH8YMFSTM1E4P40D79WMW,,,,,,,,,no more games,2025-06-30T21:57:53.402081961Z,,,,,null,2025-06-30T21:57:53.402081961Z,3,2025-06-30T21:41:39.385533373Z,,,,,,,,,01JZ1CH8PY9Z7K21KGPCD10JM2,2025-06-30T21:40:18.51643124Z,,,"{""networkStruct"":""reciprocal"",""playerCount"":6}",2025-06-30T21:40:18.567654307Z,"Reciprocal, Redundancy",2025-06-30T21:40:18.567654307Z,{},2025-06-30T21:40:18.657434942Z,,
01JZ18J5R16DTA3XKT9Y9737P7,true,2025-06-30T20:37:23.492991016Z,true,2025-06-30T20:37:21.73739245Z,,,null,2025-06-30T20:40:34.229451209Z,game ended,2025-06-30T20:42:35.758255619Z,1,2025-06-30T20:43:36.843533165Z,"{""age"":""26"",""gender"":""Woman"",""strength"":""Very interesting game."",""fair"":""Very much."",""feedback"":""It needs to be more accessible."",""education"":""bachelor""}",2025-06-30T20:43:36.812187641Z,01JZ18G4X5EPR69QT64DVYQXFJ,2025-06-30T20:30:53.715629832Z,3,2025-06-30T20:31:18.398388123Z,true,2025-06-30T20:31:34.570336558Z,,,Player 3,2025-06-30T20:33:09.864668709Z,1,2025-06-30T20:40:34.265324267Z,01JZ18J411GYD3BP6CB1RR3DGY,2025-06-30T20:30:53.697629471Z,,,"{""networkStruct"":""pooled"",""playerCount"":6}",2025-06-30T20:30:53.715629832Z,"Pooled, Redundancy",2025-06-30T20:30:53.715629832Z,{},2025-06-30T20:30:54.617988641Z,TaskQueue,2025-06-30T20:40:34.283775966Z
01JZ18XW8Z67J1KER526XJJSXY,true,2025-06-30T20:44:00.393290393Z,true,2025-06-30T20:43:56.762110625Z,,,null,2025-06-30T20:47:50.893303061Z,game ended,2025-06-30T20:49:12.06761427Z,1,2025-06-30T20:50:58.713101182Z,"{""age"":""25"",""gender"":""Female"",""strength"":""Kind of fun I guess. It'll probably feel too repetitive after a while though"",""fair"":""100%"",""feedback"":""add more things to calculate in each neighbourhood could be fun I guess"",""education"":""bachelor""}",2025-06-30T20:50:58.69380014Z,01JZ18RA48YSHMY5EWBJ9E61V2,2025-06-30T20:38:29.561425885Z,3,2025-06-30T20:39:13.958221949Z,true,2025-06-30T20:39:39.272595505Z,,,Player 1,2025-06-30T20:39:45.144941743Z,5,2025-06-30T20:47:50.819381746Z,01JZ18XVMS1PJWQHEQMDXP38G3,2025-06-30T20:37:17.215179895Z,,,"{""networkStruct"":""pooled"",""playerCount"":4}",2025-06-30T20:37:17.244650524Z,"Pooled, Some Redundancy",2025-06-30T20:37:17.244650524Z,{},2025-06-30T20:37:17.586784597Z,TaskQueue,2025-06-30T20:47:50.836160329Z
01JZ1BEDAMJRCNYC6ZRWR4EWKQ,true,2025-06-30T21:27:04.491221672Z,true,2025-06-30T21:26:56.685709709Z,,,null,2025-06-30T21:31:27.622140595Z,game ended,2025-06-30T21:32:17.383224944Z,1,2025-06-30T21:33:03.241904381Z,"{""age"":""38"",""gender"":""Male"",""strength"":""The game was fun to say the less."",""fair"":""yes."",""feedback"":""Have more options to work on."",""education"":""bachelor""}",2025-06-30T21:33:03.279446687Z,01JZ1B1W68Y1JCNSRHTZJR0WTB,2025-06-30T21:21:16.170973879Z,3,2025-06-30T21:22:04.152045241Z,true,2025-06-30T21:22:44.569465377Z,,,Player 6,2025-06-30T21:22:45.230637302Z,2,2025-06-30T21:31:27.595035138Z,01JZ1BED490D5XWFJYDN6N8TP7,2025-06-30T21:21:16.116971684Z,,,"{""networkStruct"":""pooled"",""playerCount"":6}",2025-06-30T21:21:16.170973879Z,"Pooled, Redundancy",2025-06-30T21:21:16.170973879Z,{},2025-06-30T21:21:16.275957569Z,TaskQueue,2025-06-30T21:31:27.647877967Z
01JZ1C6CTMT28Z0M14S1H6T07Y,true,2025-06-30T21:39:35.262322061Z,true,2025-06-30T21:39:26.537420536Z,null,2025-06-30T21:43:57.206982312Z,null,2025-06-30T21:43:57.18244212Z,game ended,2025-06-30T21:44:47.29280644Z,1,2025-06-30T21:45:14.54367201Z,"{""age"":""26"",""gender"":""Female"",""strength"":""Fun"",""fair"":""I don't know"",""feedback"":""N/A"",""education"":""bachelor""}",2025-06-30T21:45:14.501895383Z,01JZ1BX849RGFMRNF1WR9VXVPD,2025-06-30T21:35:12.721009407Z,3,2025-06-30T21:35:00.088965722Z,true,2025-06-30T21:35:18.924390082Z,,,Player 3,2025-06-30T21:35:19.337101448Z,14,2025-06-30T21:43:57.274003981Z,01JZ1C69P49JM9KNBEP5ZCZV8R,2025-06-30T21:34:22.036173274Z,MAXIMUM INCOME,2025-06-30T21:39:35.262322061Z,"{""networkStruct"":""reciprocal"",""playerCount"":3}",2025-06-30T21:34:22.341810801Z,"Reciprocal, No Redundancy",2025-06-30T21:34:22.341810801Z,{},2025-06-30T21:34:22.691535298Z,TaskQueue,2025-06-30T21:43:57.302113345Z
01JZ18NBPDW8GJCMK3V0N2AHJY,true,2025-06-30T20:38:51.622897273Z,true,2025-06-30T20:38:41.862776478Z,,,null,2025-06-30T20:41:24.357394356Z,game ended,2025-06-30T20:44:06.655135903Z,1,2025-06-30T20:44:37.333482363Z,"{""age"":""34"",""gender"":""female"",""strength"":""it was fun"",""fair"":""i think they did a good job"",""feedback"":""i cant think of anything I like it how it is"",""education"":""high-school""}",2025-06-30T20:44:37.356148725Z,01JZ18G4XMK5QHE5YNTR43VZ9V,2025-06-30T20:32:38.115815226Z,3,2025-06-30T20:33:07.354364031Z,true,2025-06-30T20:33:31.278802149Z,,,Player 6,2025-06-30T20:34:27.24600239Z,3,2025-06-30T20:41:24.41985821Z,01JZ18NBH47DCSB4E28NMKJSRZ,2025-06-30T20:32:38.093328268Z,,,"{""networkStruct"":""pooled"",""playerCount"":6}",2025-06-30T20:32:38.115815226Z,"Pooled, Redundancy",2025-06-30T20:32:38.115815226Z,{},2025-06-30T20:32:38.239331402Z,TaskQueue,2025-06-30T20:41:24.376677469Z
01JZ1D4W11PS06G8TDSZKJ39RF,true,2025-06-30T21:56:41.378865637Z,true,2025-06-30T21:56:37.674259229Z,null,2025-06-30T21:59:41.953034825Z,null,2025-06-30T21:59:41.916683346Z,game ended,2025-06-30T22:01:54.220507891Z,1,2025-06-30T22:02:49.516743539Z,"{""age"":""21"",""gender"":""male"",""strength"":""fun"",""fair"":""only one of them"",""feedback"":""allow for something to do once all are done instead of just waiting the timer out"",""education"":""bachelor""}",2025-06-30T22:02:49.465128807Z,01JZ1D0S2S8SEBXETFQJSTGM5V,2025-06-30T21:51:00.70226204Z,3,2025-06-30T21:51:30.784367854Z,true,2025-06-30T21:52:11.416763688Z,,,Player 3,2025-06-30T21:52:18.491920256Z,7,2025-06-30T21:59:41.877517335Z,01JZ1D4VPACYG5ZPXTZWCB5R6W,2025-06-30T21:51:00.642022765Z,CHILDREN'S COMMUTE DISTANCE,2025-06-30T21:56:41.378865637Z,"{""networkStruct"":""reciprocal"",""playerCount"":4}",2025-06-30T21:51:00.70226204Z,"Reciprocal, Some Redundancy",2025-06-30T21:51:00.70226204Z,{},2025-06-30T21:51:00.869001323Z,TaskQueue,2025-06-30T21:59:41.988243812Z
01JZ18KHM8GJ48PE7RRH6Y4W94,true,2025-06-30T20:38:08.575450426Z,true,2025-06-30T20:38:05.112070329Z,null,2025-06-30T20:42:22.449377021Z,null,2025-06-30T20:42:22.545470656Z,game ended,2025-06-30T20:43:22.475613323Z,1,2025-06-30T20:44:19.043782079Z,"{""age"":""53"",""gender"":""Male"",""strength"":""Interesting!"",""fair"":""Yes"",""feedback"":""Bigger incentive bonus!"",""education"":""high-school""}",2025-06-30T20:44:19.065421041Z,01JZ18G4ZPD0G0WRB3ZSNJ4KSW,2025-06-30T20:31:38.656241028Z,3,2025-06-30T20:33:03.834256288Z,true,2025-06-30T20:33:46.675188803Z,,,Player 5,2025-06-30T20:33:52.608864142Z,6,2025-06-30T20:42:22.523757924Z,01JZ18KHAAASRSKTGEA9R1Z2JR,2025-06-30T20:31:38.632715628Z,CHILDREN'S COMMUTE DISTANCE,2025-06-30T20:38:08.575450426Z,"{""networkStruct"":""reciprocal"",""playerCount"":6}",2025-06-30T20:31:38.656241028Z,"Reciprocal, Redundancy",2025-06-30T20:31:38.656241028Z,{},2025-06-30T20:31:38.826598405Z,TaskQueue,2025-06-30T20:42:22.469997042Z
01JZ1B40FQ24C0Z8EC9VKSS7KY,true,2025-06-30T21:24:50.473796249Z,true,2025-06-30T21:24:42.841869485Z,null,2025-06-30T21:27:42.062247093Z,null,2025-06-30T21:27:42.096429901Z,game ended,2025-06-30T21:30:03.920018166Z,1,2025-06-30T21:32:09.052546654Z,"{""age"":""22"",""gender"":""Male"",""strength"":""I enjoyed the game but it might have been easier if I had a calculator. "",""fair"":""I didn’t think they communicated well, I can’t remember a point in the game that they communicated with me. "",""feedback"":""A thorough explanation of why you need to communicate should be added as my team mates did not communicate. "",""education"":""bachelor""}",2025-06-30T21:32:09.085718518Z,01JZ1B1W2WT8MR9NJ7RDDSFH2M,2025-06-30T21:15:35.353997735Z,3,2025-06-30T21:17:17.230614325Z,true,2025-06-30T21:17:51.785396572Z,,,Player 2,2025-06-30T21:20:33.791002238Z,14,2025-06-30T21:27:42.122846225Z,01JZ1B404Z0NAYKKRQJW8HEK59,2025-06-30T21:15:35.287854717Z,AVERAGE PEOPLE,2025-06-30T21:24:50.473796249Z,"{""networkStruct"":""reciprocal"",""playerCount"":6}",2025-06-30T21:15:35.353997735Z,"Reciprocal, Redundancy",2025-06-30T21:15:35.353997735Z,{},2025-06-30T21:15:35.523967519Z,TaskQueue,2025-06-30T21:27:42.178890448Z
01JZ1GVAC2E2WPCXQ05SQNHDNF,,,,,,,,,no more games,2025-06-30T22:56:23.893405936Z,,,,,null,2025-06-30T22:56:23.893405936Z,2,2025-06-30T22:56:13.348488817Z,,,,,,,,,01JZ1GVA48PP1Y07VR40NF0D9K,2025-06-30T22:55:41.954246003Z,,,"{""networkStruct"":""pooled"",""playerCount"":4}",2025-06-30T22:55:42.0552652Z,"Pooled, Some Redundancy",2025-06-30T22:55:42.0552652Z,{},2025-06-30T22:55:42.187833772Z,,
01JZ177D1EC4DDHNWKT4R7S3XA,,,,,,,,,game ended,2025-06-30T20:27:31.720404695Z,,,,,01JZ170DS9MMA8EZAVKYS5SMHX,2025-06-30T20:07:32.15451109Z,3,2025-06-30T20:09:02.341540903Z,true,2025-06-30T20:09:35.000672442Z,true,2025-06-30T20:22:20.655108449Z,Player 1,2025-06-30T20:18:06.153859821Z,,,01JZ177CZ4QEK1A4975DVV640V,2025-06-30T20:07:32.142940046Z,,,"{""networkStruct"":""pooled"",""playerCount"":6}",2025-06-30T20:07:32.15451109Z,"Pooled, Redundancy",2025-06-30T20:07:32.15451109Z,{},2025-06-30T20:07:32.224837351Z,,
01JZ179F3PP1PB0BWJA9TNG5TN,true,2025-06-30T20:18:43.671639246Z,true,2025-06-30T20:18:36.982065856Z,,,null,2025-06-30T20:21:41.919646605Z,game ended,2025-06-30T20:23:55.000144094Z,1,2025-06-30T20:24:34.340572639Z,"{""age"":""22"",""gender"":""female"",""strength"":""little confusing"",""fair"":""i hope so"",""feedback"":""more time to talk to teammates"",""education"":""bachelor""}",2025-06-30T20:24:34.356339118Z,01JZ170DRWH3Q5VEKFYTCWXCB9,2025-06-30T20:08:39.815732984Z,3,2025-06-30T20:10:04.773080289Z,true,2025-06-30T20:10:22.068389958Z,,,Player 2,2025-06-30T20:14:31.021465217Z,3,2025-06-30T20:21:41.909104801Z,01JZ179DYBDH8DKKP7YMQ85C7Q,2025-06-30T20:08:39.798251681Z,,,"{""networkStruct"":""pooled"",""playerCount"":6}",2025-06-30T20:08:39.815732984Z,"Pooled, Redundancy",2025-06-30T20:08:39.815732984Z,{},2025-06-30T20:08:40.745149359Z,TaskQueue,2025-06-30T20:21:42.220743103Z
01JZ18JEHHPNBFM751TV8GEBJ2,true,2025-06-30T20:37:37.384730102Z,true,2025-06-30T20:37:30.462643693Z,,,null,2025-06-30T20:40:26.480654122Z,game ended,2025-06-30T20:42:49.431784701Z,1,2025-06-30T20:43:15.958807713Z,"{""age"":""47"",""gender"":""Female"",""strength"":""It was interesting"",""fair"":""yes"",""feedback"":""visuals"",""education"":""bachelor""}",2025-06-30T20:43:15.881420039Z,01JZ18G4Y1ABZPJ815NAWEN19T,2025-06-30T20:31:02.726462465Z,3,2025-06-30T20:32:34.059297448Z,true,2025-06-30T20:32:58.511085754Z,,,Player 3,2025-06-30T20:33:19.828348378Z,4,2025-06-30T20:40:26.426448048Z,01JZ18JE5K0GC1EBMQZP4NVZRK,2025-06-30T20:31:02.705503965Z,,,"{""networkStruct"":""pooled"",""playerCount"":6}",2025-06-30T20:31:02.726462465Z,"Pooled, Redundancy",2025-06-30T20:31:02.726462465Z,{},2025-06-30T20:31:02.913127031Z,TaskQueue,2025-06-30T20:40:26.500632615Z
01JZ18K35P2QZ1SSJHQYJ2X8Z7,true,2025-06-30T20:38:23.658192753Z,true,2025-06-30T20:38:17.831669144Z,null,2025-06-30T20:40:50.152954439Z,null,2025-06-30T20:40:50.136052102Z,game ended,2025-06-30T20:43:41.33041589Z,1,2025-06-30T20:45:08.054163092Z,"{""age"":""23"",""gender"":""male"",""strength"":""It was quick and fun "",""fair"":""Yes they quickly done their tasks "",""feedback"":"""",""education"":""bachelor""}",2025-06-30T20:45:08.027803509Z,01JZ18G4XDWA3A08Y0HZ5HSAAF,2025-06-30T20:31:23.85043349Z,3,2025-06-30T20:32:33.341669533Z,true,2025-06-30T20:33:12.896751821Z,,,Player 4,2025-06-30T20:34:05.425213928Z,5,2025-06-30T20:40:50.078560808Z,01JZ18K2NSHTVTTBHXJSTB1A35,2025-06-30T20:31:23.830789707Z,CHILDREN'S COMMUTE DISTANCE,2025-06-30T20:38:23.658192753Z,"{""networkStruct"":""reciprocal"",""playerCount"":6}",2025-06-30T20:31:23.85043349Z,"Reciprocal, Redundancy",2025-06-30T20:31:23.85043349Z,{},2025-06-30T20:31:24.103919997Z,TaskQueue,2025-06-30T20:40:50.118112903Z
01JZ18QY33TCVSTSG047FJ12M2,,,,,,,,,no more games,2025-06-30T21:57:53.402081961Z,1,2025-06-30T20:36:18.08992432Z,"{""age"":""42"",""gender"":""Male"",""strength"":"""",""fair"":"""",""feedback"":"""",""education"":""master""}",2025-06-30T20:36:17.982627651Z,null,2025-06-30T21:57:53.402081961Z,2,2025-06-30T20:34:54.474707535Z,,,,,,,,,01JZ18QWTNZJKJ3CK5G647M8Y6,2025-06-30T20:34:02.467313584Z,,,"{""networkStruct"":""reciprocal"",""playerCount"":6}",2025-06-30T20:34:02.680004078Z,"Reciprocal, Redundancy",2025-06-30T20:34:02.680004078Z,{},2025-06-30T20:34:03.158881992Z,,
01JZ18YGCJT7GPM1GCH83ZG2E6,,,,,,,,,game ended,2025-06-30T20:52:11.048062719Z,,,,,01JZ18RA3DBE17YR6D8FEXRWFY,2025-06-30T20:38:48.421892082Z,3,2025-06-30T20:38:32.901336113Z,true,2025-06-30T20:38:59.976919964Z,true,2025-06-30T20:46:59.868078735Z,Player 2,2025-06-30T20:42:44.685445171Z,,,01JZ18YG0Z5Q6AD8VNANK2KXP8,2025-06-30T20:37:37.810578619Z,,,"{""networkStruct"":""reciprocal"",""playerCount"":4}",2025-06-30T20:37:38.086304425Z,"Reciprocal, Some Redundancy",2025-06-30T20:37:38.086304425Z,{},2025-06-30T20:37:38.23817759Z,,
01JZ17S1T27W31P62Q67MNQCT0,,,,,,,,,no more games,2025-06-30T21:25:22.491405605Z,1,2025-06-30T20:18:20.356826787Z,"{""age"":"""",""gender"":"""",""strength"":"""",""fair"":"""",""feedback"":"""",""education"":""""}",2025-06-30T20:18:20.34979516Z,null,2025-06-30T21:25:22.491405605Z,3,2025-06-30T20:18:01.877134798Z,,,,,,,,,01JZ17S1DS0W9BXKYP3AX0Z6EN,2025-06-30T20:17:10.4668989Z,,,"{""networkStruct"":""pooled"",""playerCount"":6}",2025-06-30T20:17:10.653916625Z,"Pooled, Redundancy",2025-06-30T20:17:10.653916625Z,{},2025-06-30T20:17:10.860161322Z,,
01JZ19XD6XDCZFB3F08CC7HS0Y,true,2025-06-30T21:12:56.567177332Z,true,2025-06-30T21:12:49.336197945Z,,,neighborhood_12,2025-06-30T21:17:22.201843911Z,game ended,2025-06-30T21:18:08.54563317Z,1,2025-06-30T21:18:32.412706848Z,"{""age"":""31"",""gender"":""female"",""strength"":""it was fun, but pressuring"",""fair"":""yes I do"",""feedback"":""it seems fair"",""education"":""bachelor""}",2025-06-30T21:18:32.389598385Z,01JZ19VF4XXDC5SP97SM18G8VM,2025-06-30T20:54:30.396049803Z,3,2025-06-30T20:55:38.69113738Z,true,2025-06-30T20:56:06.516841081Z,,,Player 1,2025-06-30T21:08:40.651448389Z,2,2025-06-30T21:17:20.211527769Z,01JZ19XCS192Y9DQHFNHNJBWTP,2025-06-30T20:54:30.365849218Z,,,"{""networkStruct"":""pooled"",""playerCount"":6}",2025-06-30T20:54:30.396049803Z,"Pooled, Redundancy",2025-06-30T20:54:30.396049803Z,{},2025-06-30T20:54:30.612540069Z,TaskScreen,2025-06-30T21:17:22.22471221Z
01JZ1DFSBSFTDKE17JSS0VZPAS,true,2025-06-30T22:02:19.788906619Z,true,2025-06-30T22:02:14.610947003Z,null,2025-06-30T22:04:38.088349076Z,null,2025-06-30T22:04:37.968208734Z,game ended,2025-06-30T22:07:33.712835464Z,1,2025-06-30T22:09:31.560519545Z,"{""age"":""36"",""gender"":""female"",""strength"":""I enjoyed it! I flew through the averages faster than I expected, especially because I'm not confident with math. Thankfully it was easy math!"",""fair"":""I think they did their best. I don't think I gave anyone else a chance to do their work, as I started from the bottom and flew up to meet whoever was working from top down"",""feedback"":""I think the game was just great:) would love to do more of this style testing on prolific"",""education"":""other""}",2025-06-30T22:09:31.531254819Z,01JZ1D0S61XK8FZCNQBM2ZAEE6,2025-06-30T21:56:58.408739165Z,3,2025-06-30T21:57:27.52392536Z,true,2025-06-30T21:57:52.66247536Z,,,Player 6,2025-06-30T21:57:54.359357207Z,10,2025-06-30T22:04:38.001052487Z,01JZ1DFS141C403XZR28QWGFE7,2025-06-30T21:56:58.361235214Z,AVERAGE PEOPLE,2025-06-30T22:02:19.788906619Z,"{""networkStruct"":""reciprocal"",""playerCount"":6}",2025-06-30T21:56:58.408739165Z,"Reciprocal, Redundancy",2025-06-30T21:56:58.408739165Z,{},2025-06-30T21:56:58.581862727Z,TaskQueue,2025-06-30T22:04:38.039201862Z
01JZ17BSJ6X9VEMM4EYWC90B29,true,2025-06-30T20:17:27.664244732Z,true,2025-06-30T20:17:21.810620471Z,null,2025-06-30T20:20:10.839875048Z,null,2025-06-30T20:20:10.832291007Z,game ended,2025-06-30T20:22:38.973202417Z,1,2025-06-30T20:23:30.843053735Z,"{""age"":""24"",""gender"":""Male"",""strength"":""Simple mathematic tasks"",""fair"":""Didn't recquire teammates' help"",""feedback"":""Everything's fine"",""education"":""master""}",2025-06-30T20:23:30.850763372Z,01JZ170DS434CCJM920VN081CV,2025-06-30T20:09:56.048900254Z,3,2025-06-30T20:12:11.519024631Z,true,2025-06-30T20:12:37.46090639Z,,,Player 4,2025-06-30T20:13:16.198424031Z,6,2025-06-30T20:20:10.84691053Z,01JZ17BRZTSFAZ257E24NV79EV,2025-06-30T20:09:56.038186766Z,MAXIMUM INCOME,2025-06-30T20:17:27.664244732Z,"{""networkStruct"":""reciprocal"",""playerCount"":6}",2025-06-30T20:09:56.048900254Z,"Reciprocal, Redundancy",2025-06-30T20:09:56.048900254Z,{},2025-06-30T20:09:56.396372853Z,TaskQueue,2025-06-30T20:20:10.864826653Z
01JZ1DEZC1T87WYSR1FNPFFWSD,,,,,,,,,no more games,2025-06-30T21:58:21.876743771Z,,,,,null,2025-06-30T21:58:21.876743771Z,,,,,,,,,,,01JZ1DEZ1AY57DFR8H62VZKCBK,2025-06-30T21:56:31.74598067Z,,,"{""networkStruct"":""reciprocal"",""playerCount"":4}",2025-06-30T21:56:31.809913816Z,"Reciprocal, Some Redundancy",2025-06-30T21:56:31.809913816Z,{},2025-06-30T21:56:32.014958784Z,,
01JZ18JPR0CJ8HT66ZQ08VW9PH,true,2025-06-30T20:38:08.575450426Z,true,2025-06-30T20:38:00.529238891Z,null,2025-06-30T20:42:40.714362462Z,null,2025-06-30T20:42:40.672835457Z,game ended,2025-06-30T20:43:22.475613323Z,1,2025-06-30T20:44:03.341968296Z,"{""age"":""26"",""gender"":""female"",""strength"":""i liked it don't mind math"",""fair"":""i don't know"",""feedback"":""unsure perhaps add different roles"",""education"":""high-school""}",2025-06-30T20:44:03.318201764Z,01JZ18G4ZPD0G0WRB3ZSNJ4KSW,2025-06-30T20:31:11.122213404Z,3,2025-06-30T20:31:52.636886239Z,true,2025-06-30T20:32:12.991472077Z,,,Player 3,2025-06-30T20:33:52.608864142Z,6,2025-06-30T20:42:40.628569959Z,01JZ18JP9225332NVM9R4SDA6C,2025-06-30T20:31:11.104675962Z,MAXIMUM INCOME,2025-06-30T20:38:08.575450426Z,"{""networkStruct"":""reciprocal"",""playerCount"":6}",2025-06-30T20:31:11.122213404Z,"Reciprocal, Redundancy",2025-06-30T20:31:11.122213404Z,{},2025-06-30T20:31:11.397666611Z,TaskQueue,2025-06-30T20:42:40.760060076Z
01JZ1CM1CAQ3CCB6965JBVH2T5,,,,,,,,,no more games,2025-06-30T21:57:53.402081961Z,1,2025-06-30T21:42:16.685406133Z,"{""age"":""18"",""gender"":""Male"",""strength"":"""",""fair"":"""",""feedback"":"""",""education"":""high-school""}",2025-06-30T21:42:16.718358987Z,null,2025-06-30T21:57:53.402081961Z,2,2025-06-30T21:41:55.181503325Z,,,,,,,,,01JZ1CM118JVSBWFD0N4N565P3,2025-06-30T21:41:49.066950002Z,,,"{""networkStruct"":""reciprocal"",""playerCount"":6}",2025-06-30T21:41:49.129223918Z,"Reciprocal, Redundancy",2025-06-30T21:41:49.129223918Z,{},2025-06-30T21:41:49.314646255Z,,
01JZ1D7ZVRAH2JHDPAGNC0VP2T,true,2025-06-30T22:02:19.788906619Z,true,2025-06-30T22:02:13.182712421Z,null,2025-06-30T22:06:35.90919942Z,null,2025-06-30T22:06:36.021443707Z,game ended,2025-06-30T22:07:33.712835464Z,1,2025-06-30T22:08:49.667700003Z,"{""age"":""62"",""gender"":""Female"",""strength"":""I loved it!  I thought it was different and fun. I’m curious as to what was being tested. "",""fair"":""Yes. I think they did well. "",""feedback"":""Offer it more often!"",""education"":""bachelor""}",2025-06-30T22:08:49.714568998Z,01JZ1D0S61XK8FZCNQBM2ZAEE6,2025-06-30T21:52:43.000680679Z,3,2025-06-30T21:53:20.987513133Z,true,2025-06-30T21:53:41.572218386Z,,,Player 4,2025-06-30T21:57:54.359357207Z,14,2025-06-30T22:06:35.867648975Z,01JZ1D7ZR5H1YXKF4VDEYEB87T,2025-06-30T21:52:42.872777156Z,CHILDREN'S COMMUTE DISTANCE,2025-06-30T22:02:19.788906619Z,"{""networkStruct"":""reciprocal"",""playerCount"":6}",2025-06-30T21:52:43.000680679Z,"Reciprocal, Redundancy",2025-06-30T21:52:43.000680679Z,{},2025-06-30T21:52:43.10290005Z,TaskQueue,2025-06-30T22:06:35.979554357Z
01JZ17AXNB63XKGBKW724P24XM,true,2025-06-30T20:17:27.664244732Z,true,2025-06-30T20:17:20.952328854Z,null,2025-06-30T20:20:47.125252631Z,null,2025-06-30T20:20:47.149580927Z,game ended,2025-06-30T20:22:38.973202417Z,1,2025-06-30T20:23:17.677961604Z,"{""age"":""37"",""gender"":""male"",""strength"":""very simple and easy"",""fair"":""somewhat"",""feedback"":""make the team mates matter more"",""education"":""high-school""}",2025-06-30T20:23:17.66969312Z,01JZ170DS434CCJM920VN081CV,2025-06-30T20:09:27.489612201Z,3,2025-06-30T20:10:44.574683925Z,true,2025-06-30T20:11:13.504917116Z,,,Player 2,2025-06-30T20:13:16.198424031Z,13,2025-06-30T20:20:47.137781419Z,01JZ17AX97T6H9B9H25W879K4G,2025-06-30T20:09:27.467159416Z,AVERAGE PEOPLE,2025-06-30T20:17:27.664244732Z,"{""networkStruct"":""reciprocal"",""playerCount"":6}",2025-06-30T20:09:27.489612201Z,"Reciprocal, Redundancy",2025-06-30T20:09:27.489612201Z,{},2025-06-30T20:09:27.680080559Z,TaskQueue,2025-06-30T20:20:47.1117416Z
01JZ1EB79K0MG0B72T7KF449XB,,,,,,,,,game ended,2025-06-30T22:28:57.749101098Z,,,,,01JZ1E91HHYKGR583PHV4V6JXR,2025-06-30T22:11:57.493170602Z,3,2025-06-30T22:12:25.520472538Z,true,2025-06-30T22:12:47.397062475Z,true,2025-06-30T22:23:43.864839516Z,Player 1,2025-06-30T22:19:23.881242784Z,,,01JZ1EB6S9KK0MTS4T85REBVYR,2025-06-30T22:11:57.363361004Z,,,"{""networkStruct"":""pooled"",""playerCount"":4}",2025-06-30T22:11:57.493170602Z,"Pooled, Some Redundancy",2025-06-30T22:11:57.493170602Z,{},2025-06-30T22:11:57.658127294Z,,
01JZ18KH2AEBXEHK9D1GSN56XX,true,2025-06-30T20:37:23.492991016Z,true,2025-06-30T20:37:17.568938617Z,,,null,2025-06-30T20:41:17.080232696Z,game ended,2025-06-30T20:42:35.758255619Z,1,2025-06-30T20:43:01.000908046Z,"{""age"":""29"",""gender"":""female"",""strength"":""a bit confusing"",""fair"":""i think so"",""feedback"":"""",""education"":""master""}",2025-06-30T20:43:00.976804447Z,01JZ18G4X5EPR69QT64DVYQXFJ,2025-06-30T20:31:38.078644149Z,3,2025-06-30T20:32:09.68696089Z,true,2025-06-30T20:32:35.664426656Z,,,Player 5,2025-06-30T20:33:09.864668709Z,3,2025-06-30T20:41:17.058679549Z,01JZ18KGJ8FSRPJ48290VJK9G8,2025-06-30T20:31:38.058223623Z,,,"{""networkStruct"":""pooled"",""playerCount"":6}",2025-06-30T20:31:38.078644149Z,"Pooled, Redundancy",2025-06-30T20:31:38.078644149Z,{},2025-06-30T20:31:38.340636534Z,TaskQueue,2025-06-30T20:41:17.038393191Z
01JZ19WY3ATKAJQ5V1K5TAB38J,,,,,,,,,game ended,2025-06-30T21:15:46.589557407Z,,,,,01JZ19VF3FCDRKA7RA8CE3SQDH,2025-06-30T20:54:15.007949186Z,3,2025-06-30T20:59:13.246884413Z,true,2025-06-30T20:59:39.839865081Z,true,2025-06-30T21:10:34.627607587Z,Player 1,2025-06-30T21:06:18.176003215Z,,,01JZ19WXQAKQD5BJ9DKFF09SFC,2025-06-30T20:54:14.890214919Z,,,"{""networkStruct"":""pooled"",""playerCount"":6}",2025-06-30T20:54:15.007949186Z,"Pooled, Redundancy",2025-06-30T20:54:15.007949186Z,{},2025-06-30T20:54:15.135730397Z,,
01JZ19XHW6DGGPDJ4763JBPGZ5,true,2025-06-30T21:06:05.472213856Z,true,2025-06-30T21:05:58.07559751Z,null,2025-06-30T21:11:18.490543844Z,null,2025-06-30T21:11:18.385432027Z,game ended,2025-06-30T21:11:18.699677002Z,1,2025-06-30T21:12:17.663427128Z,"{""age"":""35"",""gender"":""female"",""strength"":""quite interesting"",""fair"":""not really"",""feedback"":""shorter waiting time?"",""education"":""master""}",2025-06-30T21:12:17.68425287Z,01JZ19VF5YA4VZJRJDVJVY1XBY,2025-06-30T20:54:35.212328707Z,3,2025-06-30T20:55:28.984384895Z,true,2025-06-30T20:56:06.660902136Z,,,Player 1,2025-06-30T21:01:47.444543284Z,8,2025-06-30T21:11:18.592419262Z,01JZ19XFBMZJY3KF5W5HKJKV3F,2025-06-30T20:54:35.142991705Z,AVERAGE PEOPLE,2025-06-30T21:06:05.472213856Z,"{""networkStruct"":""reciprocal"",""playerCount"":6}",2025-06-30T20:54:35.212328707Z,"Reciprocal, Redundancy",2025-06-30T20:54:35.212328707Z,{},2025-06-30T20:54:35.523691061Z,TaskQueue,2025-06-30T21:11:18.445062125Z
01JZ1D3Y76V55J2284DH2783V0,true,2025-06-30T21:59:32.822169686Z,true,2025-06-30T21:59:24.469736073Z,null,2025-06-30T22:03:02.188474789Z,null,2025-06-30T22:03:02.133248499Z,game ended,2025-06-30T22:04:45.646172415Z,1,2025-06-30T22:09:33.335109945Z,"{""age"":""31"",""gender"":""male"",""strength"":""nice and simple"",""fair"":""not really"",""feedback"":""you can do something more complicated that you can also interact with"",""education"":""high-school""}",2025-06-30T22:09:33.279791763Z,01JZ1D0S14X3T6948SDJVF454K,2025-06-30T21:50:30.167596991Z,3,2025-06-30T21:52:25.263513226Z,true,2025-06-30T21:53:13.341493688Z,,,Player 1,2025-06-30T21:55:15.375643933Z,15,2025-06-30T22:03:01.91192277Z,01JZ1D3XTFJM4M9XT02EY8Z8SP,2025-06-30T21:50:30.11898537Z,AVERAGE PEOPLE,2025-06-30T21:59:32.822169686Z,"{""networkStruct"":""reciprocal"",""playerCount"":4}",2025-06-30T21:50:30.167596991Z,"Reciprocal, Some Redundancy",2025-06-30T21:50:30.167596991Z,{},2025-06-30T21:50:30.371953738Z,TaskQueue,2025-06-30T22:03:02.030203102Z
01JZ178QXEVM580BRMFA0XSN9D,true,2025-06-30T20:20:26.193567279Z,true,2025-06-30T20:20:20.540553274Z,null,2025-06-30T20:23:14.478311316Z,null,2025-06-30T20:23:14.452210715Z,game ended,2025-06-30T20:25:37.512176136Z,1,2025-06-30T20:27:08.380343091Z,"{""age"":""47"",""gender"":""Female"",""strength"":""It was interesting and I was pleased that I was given the task that I got as I found it to be the easiest"",""fair"":""No but they were friendly"",""feedback"":""Allow longer for the teams to talk before the game starts."",""education"":""high-school""}",2025-06-30T20:27:08.374718885Z,01JZ170DS5DJKXJ3Z7YVJKJJXK,2025-06-30T20:08:16.060951851Z,3,2025-06-30T20:09:48.97406994Z,true,2025-06-30T20:10:17.957962903Z,,,Player 3,2025-06-30T20:16:13.512542079Z,12,2025-06-30T20:23:14.487716646Z,01JZ178QHP3E39EQ4H2YZC59CS,2025-06-30T20:08:16.046650255Z,CHILDREN'S COMMUTE DISTANCE,2025-06-30T20:20:26.193567279Z,"{""networkStruct"":""reciprocal"",""playerCount"":6}",2025-06-30T20:08:16.060951851Z,"Reciprocal, Redundancy",2025-06-30T20:08:16.060951851Z,{},2025-06-30T20:08:16.270521573Z,TaskQueue,2025-06-30T20:23:14.464141583Z
01JZ17C7XWANHTDKEBR013EKFH,true,2025-06-30T20:16:32.444788911Z,true,2025-06-30T20:16:26.953447002Z,,,null,2025-06-30T20:18:59.05331471Z,game ended,2025-06-30T20:21:43.28032757Z,1,2025-06-30T20:22:42.739873913Z,"{""age"":""41"",""gender"":""female"",""strength"":""Seems straightforward"",""fair"":""Didn't really interact with them during the task, so I can't say they were helpful"",""feedback"":"""",""education"":""master""}",2025-06-30T20:22:42.723498674Z,01JZ170DRSFZ9Y16965WN1Z2F9,2025-06-30T20:10:10.77685878Z,3,2025-06-30T20:11:15.265228427Z,true,2025-06-30T20:12:07.734846369Z,,,Player 6,2025-06-30T20:12:20.883746285Z,3,2025-06-30T20:18:59.077216311Z,01JZ17C7GTT8PG23A5WCNXMCXX,2025-06-30T20:10:10.748387398Z,,,"{""networkStruct"":""pooled"",""playerCount"":6}",2025-06-30T20:10:10.77685878Z,"Pooled, Redundancy",2025-06-30T20:10:10.77685878Z,{},2025-06-30T20:10:10.985655435Z,TaskQueue,2025-06-30T20:18:59.070415343Z
01JZ17D5ERR5YZYXD6Y3AFJ1M0,true,2025-06-30T20:16:30.530913659Z,true,2025-06-30T20:16:24.50581098Z,,,null,2025-06-30T20:18:21.96177721Z,game ended,2025-06-30T20:21:41.347864704Z,1,2025-06-30T20:22:44.653316746Z,"{""age"":""40"",""gender"":""Male"",""strength"":""Interesting. Would have liked more levels and to have played for longer"",""fair"":""Neutral"",""feedback"":""The tutorial was longer than the actual gameplay"",""education"":""other""}",2025-06-30T20:22:44.64484442Z,01JZ170DRRRWN613C5WJQ8B5Q6,2025-06-30T20:10:40.99766283Z,3,2025-06-30T20:12:01.540959876Z,true,2025-06-30T20:12:18.831251889Z,,,Player 6,2025-06-30T20:12:18.889192237Z,1,2025-06-30T20:18:21.955850996Z,01JZ17D52PHGND32609BX843GS,2025-06-30T20:10:40.984531897Z,,,"{""networkStruct"":""pooled"",""playerCount"":6}",2025-06-30T20:10:40.99766283Z,"Pooled, Redundancy",2025-06-30T20:10:40.99766283Z,{},2025-06-30T20:10:41.204476276Z,TaskQueue,2025-06-30T20:18:21.94705957Z
01JZ18JJ2D1T4500CRC3MER97Q,,,,,,,,,no more games,2025-06-30T21:25:22.491405605Z,,,,,null,2025-06-30T21:25:22.491405605Z,3,2025-06-30T20:32:09.335902745Z,,,,,,,,,01JZ18JHX0TEXSQTJAFQ2NKWYH,2025-06-30T20:31:06.317971124Z,,,"{""networkStruct"":""pooled"",""playerCount"":6}",2025-06-30T20:31:06.358243084Z,"Pooled, Redundancy",2025-06-30T20:31:06.358243084Z,{},2025-06-30T20:31:06.454452896Z,,
01JZ19YGFZBZ3JQ1H0X6CKBS2K,,,,,,,,,no more games,2025-06-30T21:25:22.491405605Z,,,,,null,2025-06-30T21:25:22.491405605Z,3,2025-06-30T20:55:54.23558227Z,,,,,,,,,01JZ19YG7B8PDJEK47C337FDQD,2025-06-30T20:55:06.495292983Z,,,"{""networkStruct"":""pooled"",""playerCount"":6}",2025-06-30T20:55:06.540760408Z,"Pooled, Redundancy",2025-06-30T20:55:06.540760408Z,{},2025-06-30T20:55:06.638217417Z,,
01JZ1B44NJ2M66S6K1HNVCZ08H,,,,,,,,,game ended,2025-06-30T21:34:52.246747635Z,,,,,01JZ1B1W4RP0VXDDKCJTNKM3AX,2025-06-30T21:15:39.620112069Z,3,2025-06-30T21:16:02.580848586Z,true,2025-06-30T21:16:15.279891887Z,true,2025-06-30T21:29:40.020848417Z,Player 1,2025-06-30T21:25:22.933072914Z,,,01JZ1B44GS4ZAPS0B88ZJ0Q027,2025-06-30T21:15:39.570455853Z,,,"{""networkStruct"":""pooled"",""playerCount"":6}",2025-06-30T21:15:39.620112069Z,"Pooled, Redundancy",2025-06-30T21:15:39.620112069Z,{},2025-06-30T21:15:39.714051805Z,,
01JZ1BZDJ93GPNRBSERWMWMMB5,true,2025-06-30T21:40:56.624813194Z,true,2025-06-30T21:40:48.257172289Z,,,neighborhood_8,2025-06-30T21:46:01.714434024Z,game ended,2025-06-30T21:46:08.627169446Z,1,2025-06-30T21:47:14.735522511Z,"{""age"":""24"",""gender"":""male"",""strength"":""It was a funny little game, not tiring at all, simple actions, simple tasks, it was fine!"",""fair"":""I am not sure"",""feedback"":""I cant think of anything!"",""education"":""other""}",2025-06-30T21:47:14.684465377Z,01JZ1BX82RNFGPPA94NES9507T,2025-06-30T21:30:33.465541522Z,3,2025-06-30T21:31:07.058806343Z,true,2025-06-30T21:31:37.583483653Z,,,Player 1,2025-06-30T21:36:40.291811283Z,7,2025-06-30T21:45:58.913968013Z,01JZ1BZD0AZPBDD1FV0AAYTT6K,2025-06-30T21:30:33.417071327Z,,,"{""networkStruct"":""pooled"",""playerCount"":3}",2025-06-30T21:30:33.465541522Z,"Pooled, No Redundancy",2025-06-30T21:30:33.465541522Z,{},2025-06-30T21:30:33.757181152Z,TaskScreen,2025-06-30T21:46:01.753555033Z
01JZ1C8ESVRXKY79BT9BNGMME4,,,,,,,,,game ended,2025-06-30T21:46:08.627169446Z,,,,,01JZ1BX82RNFGPPA94NES9507T,2025-06-30T21:35:29.655064721Z,3,2025-06-30T21:36:07.24492559Z,true,2025-06-30T21:36:35.577155396Z,true,2025-06-30T21:40:56.624813194Z,Player 2,2025-06-30T21:36:40.291811283Z,,,01JZ1C8EB69DNXGMCMTBTG33NJ,2025-06-30T21:35:29.595533135Z,,,"{""networkStruct"":""pooled"",""playerCount"":3}",2025-06-30T21:35:29.655064721Z,"Pooled, No Redundancy",2025-06-30T21:35:29.655064721Z,{},2025-06-30T21:35:29.887829327Z,,
01JZ17BCV91FG1WVF832RTXB76,,,,,,,,,game ended,2025-06-30T20:24:47.738046724Z,,,,,01JZ170DS0283SZNEN95XAWWS4,2025-06-30T20:09:43.028035771Z,3,2025-06-30T20:10:50.572720542Z,true,2025-06-30T20:11:32.414774509Z,true,2025-06-30T20:19:36.431589745Z,Player 2,2025-06-30T20:15:24.36435341Z,,,01JZ17BCEW65VS0DYYJCM1TKXE,2025-06-30T20:09:43.01744496Z,,,"{""networkStruct"":""reciprocal"",""playerCount"":6}",2025-06-30T20:09:43.028035771Z,"Reciprocal, Redundancy",2025-06-30T20:09:43.028035771Z,{},2025-06-30T20:09:43.226638863Z,,
01JZ17D1Z4NJ06X2DRQ0XR8Y1G,,,,,,,,,game ended,2025-06-30T20:26:26.286606024Z,,,,,01JZ170DSP5HFMBRZWFQV8RFVC,2025-06-30T20:10:37.425321051Z,3,2025-06-30T20:11:12.182906889Z,true,2025-06-30T20:11:35.452897496Z,true,2025-06-30T20:21:15.021634562Z,Player 4,2025-06-30T20:17:02.078810539Z,,,01JZ17D1HRK9K27GTQ88E6PPW2,2025-06-30T20:10:37.412705938Z,,,"{""networkStruct"":""reciprocal"",""playerCount"":6}",2025-06-30T20:10:37.425321051Z,"Reciprocal, Redundancy",2025-06-30T20:10:37.425321051Z,{},2025-06-30T20:10:37.618631743Z,,
01JZ1ANK2PZ7NTFNFMNB753RPA,,,,,,,,,game ended,2025-06-30T21:32:44.599486052Z,,,,,01JZ1B1W46BH5YH0XYSE8KJRBK,2025-06-30T21:14:26.9207482Z,3,2025-06-30T21:15:23.88653773Z,true,2025-06-30T21:16:07.316835863Z,true,2025-06-30T21:27:31.530045849Z,Player 1,2025-06-30T21:23:14.987303625Z,,,01JZ1ANK0DFJB4T5ZFQDNJHXBS,2025-06-30T21:07:42.806181021Z,,,"{""networkStruct"":""pooled"",""playerCount"":6}",2025-06-30T21:07:42.837111287Z,"Pooled, Redundancy",2025-06-30T21:07:42.837111287Z,{},2025-06-30T21:07:42.890576595Z,,
01JZ1C1G0D45QMJXYMVJ6A950W,,,,,,,,,no more games,2025-06-30T21:36:40.018087922Z,,,,,null,2025-06-30T21:36:40.018087922Z,1,2025-06-30T21:31:43.389924158Z,,,,,,,,,01JZ1C1FKG0RF267JZT2RQRDFH,2025-06-30T21:31:41.453960552Z,,,"{""networkStruct"":""pooled"",""playerCount"":3}",2025-06-30T21:31:41.516902954Z,"Pooled, No Redundancy",2025-06-30T21:31:41.516902954Z,{},2025-06-30T21:31:41.740726142Z,,
01JZ1D49JVTEEYC1V6ZNF5Y9RQ,true,2025-06-30T22:02:45.075743173Z,true,2025-06-30T22:02:39.120835147Z,null,2025-06-30T22:04:58.80090151Z,null,2025-06-30T22:04:58.758018425Z,game ended,2025-06-30T22:08:03.288492062Z,1,2025-06-30T22:08:38.538777366Z,"{""age"":""45"",""gender"":""Male"",""strength"":""It was surprisingly fun"",""fair"":""No"",""feedback"":""Perhaps devise a way to weed out bad players"",""education"":""high-school""}",2025-06-30T22:08:38.477675679Z,01JZ1D0S3N2D9DCG3EHS8AP4R1,2025-06-30T21:50:41.803178236Z,3,2025-06-30T21:51:01.51705441Z,true,2025-06-30T21:51:13.526382384Z,,,Player 1,2025-06-30T21:58:22.558063759Z,14,2025-06-30T22:04:58.682343275Z,01JZ1D498H8MKX13Z20H7P51GN,2025-06-30T21:50:41.755846645Z,AVERAGE PEOPLE,2025-06-30T22:02:45.075743173Z,"{""networkStruct"":""reciprocal"",""playerCount"":4}",2025-06-30T21:50:41.803178236Z,"Reciprocal, Some Redundancy",2025-06-30T21:50:41.803178236Z,{},2025-06-30T21:50:41.972773748Z,TaskQueue,2025-06-30T22:04:58.839336226Z
01JZ1D4SCYXBMNQ70R3B47BMPE,true,2025-06-30T21:59:32.822169686Z,true,2025-06-30T21:59:26.425915723Z,3,2025-06-30T22:04:20.385733363Z,neighborhood_11,2025-06-30T22:04:20.354151432Z,game ended,2025-06-30T22:04:45.646172415Z,1,2025-06-30T22:05:57.20717309Z,"{""age"":""48"",""gender"":""Female"",""strength"":""It was interesting"",""fair"":""yes"",""feedback"":""More practice at the beginning and better explanation of the task"",""education"":""bachelor""}",2025-06-30T22:05:57.162053374Z,01JZ1D0S14X3T6948SDJVF454K,2025-06-30T21:52:17.610714475Z,3,2025-06-30T21:54:14.156910363Z,true,2025-06-30T21:55:02.365994452Z,,,Player 3,2025-06-30T21:55:15.375643933Z,5,2025-06-30T22:04:18.683047767Z,01JZ1D4S0ZFNYAF7821PRAS37D,2025-06-30T21:50:57.950382874Z,CHILDREN'S COMMUTE DISTANCE,2025-06-30T21:59:32.822169686Z,"{""networkStruct"":""reciprocal"",""playerCount"":4}",2025-06-30T21:50:58.002046441Z,"Reciprocal, Some Redundancy",2025-06-30T21:50:58.002046441Z,{},2025-06-30T21:50:58.200784629Z,TaskScreen,2025-06-30T22:04:20.414857766Z
01JZ1EBW22KQBY52ZW0XEVAEWD,,,,,,,,,game ended,2025-06-30T22:36:50.279622625Z,,,,,01JZ1E91ENR7DC2PFTK7ZY5PTJ,2025-06-30T22:12:18.780333024Z,3,2025-06-30T22:14:07.988780256Z,true,2025-06-30T22:14:52.15243473Z,true,2025-06-30T22:31:35.908817835Z,Player 1,2025-06-30T22:27:08.010333749Z,,,01JZ1EBVHBW38CPDQW0NRF5TFF,2025-06-30T22:12:18.626919211Z,,,"{""networkStruct"":""pooled"",""playerCount"":4}",2025-06-30T22:12:18.780333024Z,"Pooled, Some Redundancy",2025-06-30T22:12:18.780333024Z,{},2025-06-30T22:12:19.034137622Z,,
01JZ17JRNHBCA9Z1PDJFB00SE3,,,,,,,,,game ended,2025-06-30T20:24:03.301119697Z,,,,,01JZ170DS434CCJM920K0JDY80,2025-06-30T20:13:44.520422259Z,3,2025-06-30T20:14:19.759120042Z,true,2025-06-30T20:14:39.808361826Z,true,2025-06-30T20:18:52.075133417Z,Player 6,2025-06-30T20:14:39.928599976Z,,,01JZ17JRE21X5022FZGC0P2269,2025-06-30T20:13:44.497859505Z,,,"{""networkStruct"":""reciprocal"",""playerCount"":6}",2025-06-30T20:13:44.520422259Z,"Reciprocal, Redundancy",2025-06-30T20:13:44.520422259Z,{},2025-06-30T20:13:44.669896858Z,,
01JZ1AHC0761QMCW1DPTW1G44R,true,2025-06-30T21:12:56.567177332Z,true,2025-06-30T21:12:49.388267339Z,,,null,2025-06-30T21:17:43.767160163Z,game ended,2025-06-30T21:18:08.54563317Z,1,2025-06-30T21:19:03.441621531Z,"{""age"":""43"",""gender"":""Female"",""strength"":""It was fun"",""fair"":""yes  "",""feedback"":""Tell me who did which tasks "",""education"":""bachelor""}",2025-06-30T21:19:03.484382776Z,01JZ19VF4XXDC5SP97SM18G8VM,2025-06-30T21:05:24.533610185Z,3,2025-06-30T21:06:05.251864286Z,true,2025-06-30T21:06:34.628589524Z,,,Player 4,2025-06-30T21:08:40.651448389Z,2,2025-06-30T21:17:43.745781571Z,01JZ1AHBNQSB4KY0B1K8X8TAMQ,2025-06-30T21:05:24.487776206Z,,,"{""networkStruct"":""pooled"",""playerCount"":6}",2025-06-30T21:05:24.533610185Z,"Pooled, Redundancy",2025-06-30T21:05:24.533610185Z,{},2025-06-30T21:05:24.718367105Z,TaskQueue,2025-06-30T21:17:43.786971148Z
01JZ1BJRR128B2311DSMJCH15V,true,2025-06-30T21:29:40.020848417Z,true,2025-06-30T21:29:35.388981405Z,,,null,2025-06-30T21:34:27.657120754Z,game ended,2025-06-30T21:34:52.246747635Z,1,2025-06-30T21:35:47.08177428Z,"{""age"":""31"",""gender"":""female"",""strength"":""it was mind challenging"",""fair"":""very helpful"",""feedback"":""the game is good nothing much to add"",""education"":""bachelor""}",2025-06-30T21:35:47.048594823Z,01JZ1B1W4RP0VXDDKCJTNKM3AX,2025-06-30T21:25:13.221656266Z,3,2025-06-30T21:24:37.386473197Z,true,2025-06-30T21:25:22.442138982Z,,,Player 6,2025-06-30T21:25:22.933072914Z,2,2025-06-30T21:34:27.585055688Z,01JZ1BJP5XEGDZG041E8CKJ5FB,2025-06-30T21:23:38.881785856Z,,,"{""networkStruct"":""pooled"",""playerCount"":6}",2025-06-30T21:23:38.932036609Z,"Pooled, Redundancy",2025-06-30T21:23:38.932036609Z,{},2025-06-30T21:23:39.495419698Z,TaskQueue,2025-06-30T21:34:27.607760256Z
01JZ1CD45JG44ZKQZJ6BG4SYP8,,,,,,,,,no more games,2025-06-30T21:57:53.402081961Z,1,2025-06-30T21:44:10.944635337Z,"{""age"":""39"",""gender"":""Female"",""strength"":""I did not manage to play. It automatically cut me."",""fair"":""N/A"",""feedback"":""If I am able to play, I can provide feedback"",""education"":""bachelor""}",2025-06-30T21:44:10.974744343Z,null,2025-06-30T21:57:53.402081961Z,3,2025-06-30T21:41:40.815011468Z,,,,,,,,,01JZ1CD3TA7BB16JG4SZD6B9G0,2025-06-30T21:38:02.546720566Z,,,"{""networkStruct"":""reciprocal"",""playerCount"":6}",2025-06-30T21:38:02.614142654Z,"Reciprocal, Redundancy",2025-06-30T21:38:02.614142654Z,{},2025-06-30T21:38:02.830578649Z,,
01JZ1CHNCR5971VJJFNYQP9VSN,,,,,,,,,no more games,2025-06-30T21:57:53.402081961Z,1,2025-06-30T21:42:19.240387586Z,"{""age"":""22"",""gender"":""male"",""strength"":"""",""fair"":"""",""feedback"":"""",""education"":""high-school""}",2025-06-30T21:42:19.266682894Z,null,2025-06-30T21:57:53.402081961Z,3,2025-06-30T21:41:44.606386461Z,,,,,,,,,01JZ1CHN46R6828E0N65AKDM44,2025-06-30T21:40:31.256590994Z,,,"{""networkStruct"":""reciprocal"",""playerCount"":6}",2025-06-30T21:40:31.341760956Z,"Reciprocal, Redundancy",2025-06-30T21:40:31.341760956Z,{},2025-06-30T21:40:31.485370257Z,,
01JZ1G9AHDKJRVSD4NGC2SYHDN,,,,,,,,,game ended,2025-06-30T23:01:16.62467747Z,,,,,01JZ1G2A9825Q9R0AFVXQNTR63,2025-06-30T22:45:52.400181755Z,3,2025-06-30T22:46:51.892005478Z,true,2025-06-30T22:47:44.042055876Z,true,2025-06-30T22:55:51.901753724Z,Player 3,2025-06-30T22:51:29.899126056Z,,,01JZ1G99T8ZV12RHPM4FF3BXYA,2025-06-30T22:45:52.301078267Z,,,"{""networkStruct"":""pooled"",""playerCount"":4}",2025-06-30T22:45:52.400181755Z,"Pooled, Some Redundancy",2025-06-30T22:45:52.400181755Z,{},2025-06-30T22:45:52.466667294Z,,
01JZ17AZS6YB2WPDVY4NDQYYNC,true,2025-06-30T20:22:20.655108449Z,true,2025-06-30T20:22:14.260433494Z,,,null,2025-06-30T20:26:25.684532886Z,game ended,2025-06-30T20:27:31.720404695Z,1,2025-06-30T20:28:24.958670524Z,"{""age"":""33"",""gender"":""Male"",""strength"":""Great"",""fair"":""Yes"",""feedback"":""Give more time for team members to communicate."",""education"":""bachelor""}",2025-06-30T20:28:24.964893076Z,01JZ170DS9MMA8EZAVKYS5SMHX,2025-06-30T20:15:53.302668454Z,3,2025-06-30T20:12:27.008541099Z,true,2025-06-30T20:16:13.042629972Z,,,Player 2,2025-06-30T20:18:06.153859821Z,3,2025-06-30T20:26:25.658351597Z,01JZ17AYGG0GCJRKEVYY449QEZ,2025-06-30T20:09:29.63897741Z,,,"{""networkStruct"":""pooled"",""playerCount"":6}",2025-06-30T20:09:29.651200259Z,"Pooled, Redundancy",2025-06-30T20:09:29.651200259Z,{},2025-06-30T20:09:30.202998756Z,TaskQueue,2025-06-30T20:26:25.665467652Z
01JZ18JN66MX5CA0E4FYBV08Y2,true,2025-06-30T20:39:23.989964643Z,true,2025-06-30T20:39:17.772521317Z,2,2025-06-30T20:44:34.930621618Z,neighborhood_11,2025-06-30T20:44:34.911337417Z,game ended,2025-06-30T20:44:36.398484801Z,1,2025-06-30T20:45:17.676850618Z,"{""age"":""41"",""gender"":""Female"",""strength"":""I dont like that the numbers didnt have decimal places"",""fair"":""I think everybody did their bit"",""feedback"":""add decimal places"",""education"":""bachelor""}",2025-06-30T20:45:17.659861239Z,01JZ18G508W9SSEDAT6B79GZND,2025-06-30T20:31:09.528518262Z,3,2025-06-30T20:32:25.010128609Z,true,2025-06-30T20:32:51.464999181Z,,,Player 3,2025-06-30T20:35:04.198443928Z,10,2025-06-30T20:44:34.120000927Z,01JZ18JMV6WV302HKGS038QBNJ,2025-06-30T20:31:09.510099491Z,MAXIMUM INCOME,2025-06-30T20:39:23.989964643Z,"{""networkStruct"":""reciprocal"",""playerCount"":6}",2025-06-30T20:31:09.528518262Z,"Reciprocal, Redundancy",2025-06-30T20:31:09.528518262Z,{},2025-06-30T20:31:09.718047049Z,TaskScreen,2025-06-30T20:44:34.948407173Z
01JZ1EARCRST2HDXDY98Q0AYJ8,true,2025-06-30T22:24:15.009496783Z,true,2025-06-30T22:24:06.992646349Z,null,2025-06-30T22:28:30.596679918Z,null,2025-06-30T22:28:30.558586856Z,game ended,2025-06-30T22:29:27.236818571Z,1,2025-06-30T22:30:26.754538545Z,"{""age"":""66"",""gender"":""male"",""strength"":""it was different "",""fair"":""no"",""feedback"":""more communication between team mates "",""education"":""master""}",2025-06-30T22:30:26.720625406Z,01JZ1E926BWK6TV1HDSC3ZQW4Y,2025-06-30T22:11:42.160699901Z,3,2025-06-30T22:12:37.965669713Z,true,2025-06-30T22:13:13.514920664Z,,,Player 1,2025-06-30T22:19:55.617632576Z,14,2025-06-30T22:28:30.520128828Z,01JZ1EAR0FXTGVBSZHRTCRE7DT,2025-06-30T22:11:42.105016871Z,AVERAGE PEOPLE,2025-06-30T22:24:15.009496783Z,"{""networkStruct"":""reciprocal"",""playerCount"":3}",2025-06-30T22:11:42.160699901Z,"Reciprocal, No Redundancy",2025-06-30T22:11:42.160699901Z,{},2025-06-30T22:11:42.315764653Z,TaskQueue,2025-06-30T22:28:30.6295102Z
01JZ1GHHR8Y5813M82KVZRR659,true,2025-06-30T22:55:13.052852516Z,true,2025-06-30T22:55:05.0769141Z,null,2025-06-30T22:58:55.989646968Z,null,2025-06-30T22:58:56.134083614Z,game ended,2025-06-30T23:00:26.070097409Z,1,2025-06-30T23:01:28.448933786Z,"{""age"":""22"",""gender"":""Female"",""strength"":""It was fun"",""fair"":""I’m not sure, they said encouraging words but I wasn’t sure if they actually completed the task"",""feedback"":""Nothing"",""education"":""high-school""}",2025-06-30T23:01:28.295329058Z,01JZ1G2ACHC2PPHGNQVYG69GCY,2025-06-30T22:50:21.901378181Z,3,2025-06-30T22:50:44.126783755Z,true,2025-06-30T22:50:52.572082193Z,,,Player 3,2025-06-30T22:50:53.298044866Z,14,2025-06-30T22:58:55.947794201Z,01JZ1GHHCT2BDAHX1WJ9F7YZAE,2025-06-30T22:50:21.832080762Z,CHILDREN'S COMMUTE DISTANCE,2025-06-30T22:55:13.052852516Z,"{""networkStruct"":""reciprocal"",""playerCount"":3}",2025-06-30T22:50:21.901378181Z,"Reciprocal, No Redundancy",2025-06-30T22:50:21.901378181Z,{},2025-06-30T22:50:22.082630944Z,TaskQueue,2025-06-30T22:58:56.038520036Z
01JZ178SZSEG7MZD5W906ME19S,true,2025-06-30T20:16:30.530913659Z,true,2025-06-30T20:16:23.676138099Z,,,null,2025-06-30T20:18:57.54937074Z,game ended,2025-06-30T20:21:41.347864704Z,1,2025-06-30T20:22:56.634809984Z,"{""age"":""45"",""gender"":""Male"",""strength"":""It was easy to understand and I enjoyed it."",""fair"":""Yes, because they completed all the tasks."",""feedback"":""I can't think of anything. The game was easy to do and understand."",""education"":""bachelor""}",2025-06-30T20:22:56.626307763Z,01JZ170DRRRWN613C5WJQ8B5Q6,2025-06-30T20:08:18.181712737Z,3,2025-06-30T20:09:02.627352156Z,true,2025-06-30T20:09:57.010528965Z,,,Player 3,2025-06-30T20:12:18.889192237Z,2,2025-06-30T20:18:57.562565975Z,01JZ178SMHGADNSRREEDQE8K4X,2025-06-30T20:08:18.169180734Z,,,"{""networkStruct"":""pooled"",""playerCount"":6}",2025-06-30T20:08:18.181712737Z,"Pooled, Redundancy",2025-06-30T20:08:18.181712737Z,{},2025-06-30T20:08:18.36421397Z,TaskQueue,2025-06-30T20:18:57.543139829Z
01JZ18KRCQD6HCKX3VB66N7C58,,,,,,,,,no more games,2025-06-30T21:57:53.402081961Z,,,,,null,2025-06-30T21:57:53.402081961Z,3,2025-06-30T20:33:18.105510349Z,,,,,,,,,01JZ18KQZB7K7998JNVNK4WYY3,2025-06-30T20:31:45.559296715Z,,,"{""networkStruct"":""reciprocal"",""playerCount"":6}",2025-06-30T20:31:45.579950185Z,"Reciprocal, Redundancy",2025-06-30T20:31:45.579950185Z,{},2025-06-30T20:31:45.779768542Z,,
01JZ18M0E7QK051FXC32B03XG8,true,2025-06-30T20:37:47.223166669Z,true,2025-06-30T20:37:39.683327495Z,,,null,2025-06-30T20:41:25.343992684Z,game ended,2025-06-30T20:42:59.360527924Z,1,2025-06-30T20:43:37.22624062Z,"{""age"":""30"",""gender"":""female"",""strength"":""i have no idea what the average of people was in any them. "",""fair"":""probably "",""feedback"":""it's fine"",""education"":""bachelor""}",2025-06-30T20:43:37.204417379Z,01JZ18G4YA2XRQ9RK4RH5WQB1P,2025-06-30T20:31:53.845204903Z,3,2025-06-30T20:32:13.672723512Z,true,2025-06-30T20:32:52.981931178Z,,,Player 3,2025-06-30T20:33:33.503575836Z,2,2025-06-30T20:41:25.402252566Z,01JZ18M08HTRPVFS5D6KJSJ3T1,2025-06-30T20:31:53.799369768Z,,,"{""networkStruct"":""pooled"",""playerCount"":6}",2025-06-30T20:31:53.845204903Z,"Pooled, Redundancy",2025-06-30T20:31:53.845204903Z,{},2025-06-30T20:31:53.951829913Z,TaskQueue,2025-06-30T20:41:25.363468132Z
01JZ18MVEFXZGBQPET8FQ2326K,true,2025-06-30T20:38:18.460569504Z,true,2025-06-30T20:38:11.869026951Z,,,null,2025-06-30T20:42:41.199428984Z,game ended,2025-06-30T20:43:36.923226801Z,1,2025-06-30T20:45:15.865856611Z,"{""age"":""23"",""gender"":""Male"",""strength"":""It was fairly fun and easy to do "",""fair"":""Probably. There wasn't a lot of communication between everyone "",""feedback"":""Maybe more ways to allow us to communicate between each other "",""education"":""high-school""}",2025-06-30T20:45:15.847800906Z,01JZ18G4YK3PSP6R2PNWBA4P8S,2025-06-30T20:33:44.294722712Z,3,2025-06-30T20:33:06.030328033Z,true,2025-06-30T20:33:48.778261233Z,,,Player 6,2025-06-30T20:34:00.640581643Z,3,2025-06-30T20:42:41.244229628Z,01JZ18MQ4VPY8EY7XYZYVVH13W,2025-06-30T20:32:21.455514511Z,,,"{""networkStruct"":""pooled"",""playerCount"":6}",2025-06-30T20:32:21.478210573Z,"Pooled, Redundancy",2025-06-30T20:32:21.478210573Z,{},2025-06-30T20:32:25.220681912Z,TaskQueue,2025-06-30T20:42:41.374419119Z
01JZ1F0TKJ2JKRG11NN1EP6Y1V,,,,,,,,,no more games,2025-06-30T22:56:23.893405936Z,,,,,null,2025-06-30T22:56:23.893405936Z,,,,,,,,,,,01JZ1F0SB5YGD7YSSH4SRMSJDY,2025-06-30T22:23:45.26656672Z,,,"{""networkStruct"":""pooled"",""playerCount"":4}",2025-06-30T22:23:46.177873493Z,"Pooled, Some Redundancy",2025-06-30T22:23:46.177873493Z,{},2025-06-30T22:23:46.60044605Z,,
01JZ17E843W70EAJQAQ7A43HFS,true,2025-06-30T20:17:17.812074468Z,true,2025-06-30T20:17:10.061429064Z,null,2025-06-30T20:19:51.431691593Z,null,2025-06-30T20:19:51.412388768Z,game ended,2025-06-30T20:22:28.605766381Z,1,2025-06-30T20:23:10.14034506Z,"{""age"":""27"",""gender"":""Male"",""strength"":""It was interactive"",""fair"":""I didnt really see the impact of my teammates"",""feedback"":""N/A"",""education"":""master""}",2025-06-30T20:23:10.119159916Z,01JZ170DS32PJY8CQRMADJXFRG,2025-06-30T20:11:16.494939956Z,3,2025-06-30T20:12:16.183193525Z,true,2025-06-30T20:13:05.798139116Z,,,Player 6,2025-06-30T20:13:05.865330878Z,9,2025-06-30T20:19:51.421501281Z,01JZ17E7QWYHB15DHNWFS51VTG,2025-06-30T20:11:16.483798903Z,AVERAGE PEOPLE,2025-06-30T20:17:17.812074468Z,"{""networkStruct"":""reciprocal"",""playerCount"":6}",2025-06-30T20:11:16.494939956Z,"Reciprocal, Redundancy",2025-06-30T20:11:16.494939956Z,{},2025-06-30T20:11:16.800164264Z,TaskQueue,2025-06-30T20:19:51.440128326Z
01JZ17ETMDVKMB5DEN58FYX8NM,true,2025-06-30T20:20:26.193567279Z,true,2025-06-30T20:20:25.521104479Z,null,2025-06-30T20:23:03.039399066Z,null,2025-06-30T20:23:03.032061932Z,game ended,2025-06-30T20:25:37.512176136Z,1,2025-06-30T20:26:23.294841047Z,"{""age"":""26"",""gender"":""Female"",""strength"":""Very coop"",""fair"":""Yes"",""feedback"":""More tasks"",""education"":""bachelor""}",2025-06-30T20:26:23.285925338Z,01JZ170DS5DJKXJ3Z7YVJKJJXK,2025-06-30T20:14:55.789837869Z,3,2025-06-30T20:14:18.280451281Z,true,2025-06-30T20:16:13.325992849Z,,,Player 5,2025-06-30T20:16:13.512542079Z,10,2025-06-30T20:23:03.018781576Z,01JZ17ET5QCPBB0FBC2Z6015QH,2025-06-30T20:11:35.437764115Z,CHILDREN'S COMMUTE DISTANCE,2025-06-30T20:20:26.193567279Z,"{""networkStruct"":""reciprocal"",""playerCount"":6}",2025-06-30T20:11:35.450663802Z,"Reciprocal, Redundancy",2025-06-30T20:11:35.450663802Z,{},2025-06-30T20:11:35.686541874Z,TaskQueue,2025-06-30T20:23:03.049202333Z
01JZ19XQ9SYW5JG2B10Z2EXJ0C,true,2025-06-30T21:06:05.472213856Z,true,2025-06-30T21:05:58.769554657Z,null,2025-06-30T21:10:00.803132005Z,null,2025-06-30T21:10:00.777631742Z,game ended,2025-06-30T21:11:18.699677002Z,1,2025-06-30T21:13:04.112712664Z,"{""age"":""34"",""gender"":""Male"",""strength"":""The training was very helpful."",""fair"":""Hard to say. They seemed committed in the chat, but I have no idea how they did in the actual game."",""feedback"":""More tasks. I finished with a lot of time to spare."",""education"":""bachelor""}",2025-06-30T21:13:04.133398744Z,01JZ19VF5YA4VZJRJDVJVY1XBY,2025-06-30T20:54:40.728388698Z,3,2025-06-30T20:55:25.530307289Z,true,2025-06-30T20:55:56.260219838Z,,,Player 2,2025-06-30T21:01:47.444543284Z,15,2025-06-30T21:10:00.756414504Z,01JZ19XPXVHWATA21V8H31ZSW3,2025-06-30T20:54:40.697184563Z,MAXIMUM INCOME,2025-06-30T21:06:05.472213856Z,"{""networkStruct"":""reciprocal"",""playerCount"":6}",2025-06-30T20:54:40.728388698Z,"Reciprocal, Redundancy",2025-06-30T20:54:40.728388698Z,{},2025-06-30T20:54:40.908501313Z,TaskQueue,2025-06-30T21:10:00.831726717Z
01JZ19Y0A6E9M84HP9ZX2DCFTC,true,2025-06-30T21:01:50.313266734Z,true,2025-06-30T21:01:43.27363369Z,,,null,2025-06-30T21:04:30.269740786Z,game ended,2025-06-30T21:07:04.345924244Z,1,2025-06-30T21:08:16.219350668Z,"{""age"":""47"",""gender"":""Male"",""strength"":""I enjoyed the game"",""fair"":""Yes, except one did not finish, I think."",""feedback"":""Allow cooperation for each neighborhood, so we could help a teammate out."",""education"":""bachelor""}",2025-06-30T21:08:16.241134068Z,01JZ19VF1X4TGM9HTAVFF08YB3,2025-06-30T20:54:49.974983452Z,3,2025-06-30T20:55:41.970434976Z,true,2025-06-30T20:55:59.428236621Z,,,Player 3,2025-06-30T20:57:35.34870179Z,3,2025-06-30T21:04:30.361685064Z,01JZ19Y01Z370N2PTTBZZT1ZE8,2025-06-30T20:54:49.926835554Z,,,"{""networkStruct"":""pooled"",""playerCount"":6}",2025-06-30T20:54:49.974983452Z,"Pooled, Redundancy",2025-06-30T20:54:49.974983452Z,{},2025-06-30T20:54:50.092369105Z,TaskQueue,2025-06-30T21:04:30.343826742Z
01JZ196HT7XZM9X4KN45AV7AB7,,,,,,,,,no more games,2025-06-30T21:58:21.876743771Z,1,2025-06-30T20:43:28.159572015Z,"{""age"":""34"",""gender"":""female"",""strength"":"""",""fair"":"""",""feedback"":"""",""education"":""high-school""}",2025-06-30T20:43:28.121551738Z,null,2025-06-30T21:58:21.876743771Z,1,2025-06-30T20:42:17.034147062Z,,,,,,,,,01JZ196ERB8A0GB7HDRQDF02QZ,2025-06-30T20:42:01.415453153Z,,,"{""networkStruct"":""reciprocal"",""playerCount"":4}",2025-06-30T20:42:01.628158393Z,"Reciprocal, Some Redundancy",2025-06-30T20:42:01.628158393Z,{},2025-06-30T20:42:02.328154229Z,,
01JZ1B3Y49GJFDA022ZKPSHE7M,,,,,,,,,game ended,2025-06-30T21:34:44.226606523Z,,,,,01JZ1B1W5TAZ0C76DBH0ZAEY5X,2025-06-30T21:15:32.970327186Z,3,2025-06-30T21:15:57.381154963Z,true,2025-06-30T21:17:33.919488413Z,true,2025-06-30T21:29:31.539376673Z,Player 3,2025-06-30T21:25:13.947903057Z,,,01JZ1B3XW4FY8350ZSKAVF9WPV,2025-06-30T21:15:32.873384519Z,,,"{""networkStruct"":""pooled"",""playerCount"":6}",2025-06-30T21:15:32.970327186Z,"Pooled, Redundancy",2025-06-30T21:15:32.970327186Z,{},2025-06-30T21:15:33.23840319Z,,
01JZ1EPVZGZEY9DBBKYD48H59H,true,2025-06-30T22:26:10.238961145Z,true,2025-06-30T22:26:03.711568567Z,2,2025-06-30T22:31:09.342863946Z,neighborhood_9,2025-06-30T22:31:09.305831358Z,game ended,2025-06-30T22:31:25.878790765Z,1,2025-06-30T22:32:48.420817748Z,"{""age"":""58"",""gender"":""female"",""strength"":""it was not my favourite pastime "",""fair"":""no"",""feedback"":""make it more interesting "",""education"":""high-school""}",2025-06-30T22:32:48.378894612Z,01JZ1E91Z6K0ZJGCC53Q4JQWJP,2025-06-30T22:19:55.200330097Z,3,2025-06-30T22:20:27.950701175Z,true,2025-06-30T22:21:16.830087673Z,,,Player 2,2025-06-30T22:21:51.977175733Z,8,2025-06-30T22:31:07.192126613Z,01JZ1EPV6N3VVDZJDC2PHMP3HF,2025-06-30T22:18:18.99260477Z,MAXIMUM INCOME,2025-06-30T22:26:10.238961145Z,"{""networkStruct"":""reciprocal"",""playerCount"":3}",2025-06-30T22:18:19.117002697Z,"Reciprocal, No Redundancy",2025-06-30T22:18:19.117002697Z,{},2025-06-30T22:18:19.432084873Z,TaskScreen,2025-06-30T22:31:09.387414294Z
01JZ17DZPC160FQJMAZ5KCFYDP,true,2025-06-30T20:19:34.904344997Z,true,2025-06-30T20:19:26.553441417Z,,,null,2025-06-30T20:23:44.869141456Z,game ended,2025-06-30T20:24:45.935682427Z,1,2025-06-30T20:25:12.150721925Z,"{""age"":""39"",""gender"":""female"",""strength"":""good game"",""fair"":""mideratley yes"",""feedback"":""was fine"",""education"":""bachelor""}",2025-06-30T20:25:12.162187192Z,01JZ170DSXXMDA003X79NFA4N0,2025-06-30T20:11:07.864573366Z,3,2025-06-30T20:11:26.044335504Z,true,2025-06-30T20:11:43.86677977Z,,,Player 5,2025-06-30T20:15:22.9123406Z,4,2025-06-30T20:23:44.909056422Z,01JZ17DZC95Y12QGPRNYC7CCTN,2025-06-30T20:11:07.852715746Z,,,"{""networkStruct"":""pooled"",""playerCount"":6}",2025-06-30T20:11:07.864573366Z,"Pooled, Redundancy",2025-06-30T20:11:07.864573366Z,{},2025-06-30T20:11:08.050340432Z,TaskQueue,2025-06-30T20:23:44.902010081Z
01JZ17GF8AD6DDR1W4XQN91AB5,,,,,,,,,no more games,2025-06-30T21:57:53.402081961Z,,,,,null,2025-06-30T21:57:53.402081961Z,3,2025-06-30T20:13:57.214783851Z,,,,,,,,,01JZ17GEJXNVEHMJ2X5491MTH1,2025-06-30T20:12:29.322352609Z,,,"{""networkStruct"":""reciprocal"",""playerCount"":6}",2025-06-30T20:12:29.3390168Z,"Reciprocal, Redundancy",2025-06-30T20:12:29.3390168Z,{},2025-06-30T20:12:29.964271043Z,,
01JZ18HQA6W5BPMK1V3RE89H1N,true,2025-06-30T20:38:52.041510138Z,true,2025-06-30T20:38:46.348151676Z,,,null,2025-06-30T20:41:44.270402756Z,game ended,2025-06-30T20:44:09.418762801Z,1,2025-06-30T20:45:06.597823496Z,"{""age"":""35"",""gender"":""Female"",""strength"":""I thought it was fun."",""fair"":""They were! I could not have completed all of the tasks without them."",""feedback"":""Can't think of something. :)"",""education"":""bachelor""}",2025-06-30T20:45:06.640013236Z,01JZ18G4WPK6V9JKZAVKNYS3NB,2025-06-30T20:30:38.944708342Z,3,2025-06-30T20:32:21.985382044Z,true,2025-06-30T20:32:56.957211347Z,,,Player 1,2025-06-30T20:34:29.291224061Z,3,2025-06-30T20:41:44.321641584Z,01JZ18HQ3KGKC35R2RVN272JWW,2025-06-30T20:30:38.918867672Z,,,"{""networkStruct"":""pooled"",""playerCount"":6}",2025-06-30T20:30:38.944708342Z,"Pooled, Redundancy",2025-06-30T20:30:38.944708342Z,{},2025-06-30T20:30:39.052465457Z,TaskQueue,2025-06-30T20:41:44.253269834Z
01JZ18M2HA1EB5SFB14JH49GDB,true,2025-06-30T20:38:52.041510138Z,true,2025-06-30T20:38:43.370406037Z,,,null,2025-06-30T20:41:20.260884245Z,game ended,2025-06-30T20:44:09.418762801Z,1,2025-06-30T20:45:41.079070587Z,"{""age"":""29"",""gender"":""Male"",""strength"":""The game was pretty easy. "",""fair"":""Yes, teammates were helpful, they did things faster than me."",""feedback"":""Have a chatbox available while the game is going on."",""education"":""other""}",2025-06-30T20:45:41.059437355Z,01JZ18G4WPK6V9JKZAVKNYS3NB,2025-06-30T20:31:55.976159528Z,3,2025-06-30T20:33:23.264081704Z,true,2025-06-30T20:34:04.414458245Z,,,Player 5,2025-06-30T20:34:29.291224061Z,2,2025-06-30T20:41:20.234898776Z,01JZ18M25B25RCTMQ79RJ6ETNE,2025-06-30T20:31:55.946788731Z,,,"{""networkStruct"":""pooled"",""playerCount"":6}",2025-06-30T20:31:55.976159528Z,"Pooled, Redundancy",2025-06-30T20:31:55.976159528Z,{},2025-06-30T20:31:56.161219229Z,TaskQueue,2025-06-30T20:41:20.317467604Z
01JZ17GRXVCB86SQX36KBD73NW,true,2025-06-30T20:21:15.021634562Z,true,2025-06-30T20:21:08.97084268Z,null,2025-06-30T20:23:48.788418122Z,null,2025-06-30T20:23:48.773534172Z,game ended,2025-06-30T20:26:26.286606024Z,1,2025-06-30T20:27:14.615343919Z,"{""age"":""54"",""gender"":""f"",""strength"":""run"",""fair"":""no"",""feedback"":""less waiting"",""education"":""bachelor""}",2025-06-30T20:27:14.658926735Z,01JZ170DSP5HFMBRZWFQV8RFVC,2025-06-30T20:14:08.442662721Z,3,2025-06-30T20:13:42.350633644Z,true,2025-06-30T20:14:17.391332275Z,,,Player 5,2025-06-30T20:17:02.078810539Z,6,2025-06-30T20:23:48.76400633Z,01JZ17GRDMY39NQ7BTF5DYECH7,2025-06-30T20:12:39.227036488Z,AVERAGE PEOPLE,2025-06-30T20:21:15.021634562Z,"{""networkStruct"":""reciprocal"",""playerCount"":6}",2025-06-30T20:12:39.239296382Z,"Reciprocal, Redundancy",2025-06-30T20:12:39.239296382Z,{},2025-06-30T20:12:39.578784461Z,TaskQueue,2025-06-30T20:23:48.781587902Z
01JZ18VHSP5WBV88CARNF83RF7,true,2025-06-30T20:43:05.329165785Z,true,2025-06-30T20:42:58.238493071Z,null,2025-06-30T20:45:57.48867988Z,null,2025-06-30T20:45:57.466712818Z,game ended,2025-06-30T20:48:17.454354888Z,1,2025-06-30T20:48:40.031681375Z,"{""age"":""45"",""gender"":""Female"",""strength"":""Was good fun"",""fair"":""Nope"",""feedback"":""all good"",""education"":""high-school""}",2025-06-30T20:48:40.013295846Z,01JZ18QHZ9KPT0XZ66BZ9ZB89K,2025-06-30T20:36:00.975865022Z,3,2025-06-30T20:36:18.161841009Z,true,2025-06-30T20:36:32.451782902Z,,,Player 3,2025-06-30T20:38:48.626484415Z,14,2025-06-30T20:45:57.436853499Z,01JZ18VHEBAGD9KJ6S3KMMMYW9,2025-06-30T20:36:00.950476581Z,CHILDREN'S COMMUTE DISTANCE,2025-06-30T20:43:05.329165785Z,"{""networkStruct"":""reciprocal"",""playerCount"":4}",2025-06-30T20:36:00.975865022Z,"Reciprocal, Some Redundancy",2025-06-30T20:36:00.975865022Z,{},2025-06-30T20:36:01.250226058Z,TaskQueue,2025-06-30T20:45:57.452521477Z
01JZ1D4AYTG2DMXZZ36EVW3RQ2,true,2025-06-30T21:56:41.378865637Z,true,2025-06-30T21:56:37.187171937Z,null,2025-06-30T22:00:55.7217772Z,null,2025-06-30T22:00:55.690772679Z,game ended,2025-06-30T22:01:54.220507891Z,1,2025-06-30T22:03:35.629047511Z,"{""age"":""24"",""gender"":""male"",""strength"":""kind of interesting and extremely simple. it was fun trying to beat the clock by completing all of the tasks before the time ran out."",""fair"":""i wasnt focused on my teammates. i was focused on doing well at my own tasks"",""feedback"":""im not sure. the game itself flowed well and worked as it should."",""education"":""high-school""}",2025-06-30T22:03:35.594393683Z,01JZ1D0S2S8SEBXETFQJSTGM5V,2025-06-30T21:50:43.205855492Z,3,2025-06-30T21:51:10.297099728Z,true,2025-06-30T21:51:32.811463974Z,,,Player 2,2025-06-30T21:52:18.491920256Z,14,2025-06-30T22:00:55.662398913Z,01JZ1D4AJQMNEGWD8CV0WHRNPT,2025-06-30T21:50:43.162708877Z,MAXIMUM INCOME,2025-06-30T21:56:41.378865637Z,"{""networkStruct"":""reciprocal"",""playerCount"":4}",2025-06-30T21:50:43.205855492Z,"Reciprocal, Some Redundancy",2025-06-30T21:50:43.205855492Z,{},2025-06-30T21:50:43.409356046Z,TaskQueue,2025-06-30T22:00:55.761134419Z
01JZ1DB67XDQM93GQRR65SS1X0,true,2025-06-30T22:01:28.699318571Z,true,2025-06-30T22:01:20.840161875Z,null,2025-06-30T22:06:12.338985443Z,null,2025-06-30T22:06:12.300011338Z,game ended,2025-06-30T22:06:41.916985907Z,1,2025-06-30T22:09:09.622576154Z,"{""age"":""39"",""gender"":""Male"",""strength"":""Surprisingly absorbing. The time limit was tight but doable (I have a UK Bachelor's degree  BTW)"",""fair"":""I personally didn't receive any help with my specific tasks, but I reckon everything got done"",""feedback"":""Maybe let us (the different players) signal to each other whilst we are working."",""education"":""other""}",2025-06-30T22:09:09.553239211Z,01JZ1D0S064NT759Q480WCA8PK,2025-06-30T21:55:14.951793376Z,3,2025-06-30T21:55:34.306448416Z,true,2025-06-30T21:56:05.374377379Z,,,Player 2,2025-06-30T21:57:03.04165401Z,14,2025-06-30T22:06:12.183418897Z,01JZ1DB5K1YXPV4RVGSQM7SS0V,2025-06-30T21:54:27.710021798Z,MAXIMUM INCOME,2025-06-30T22:01:28.699318571Z,"{""networkStruct"":""reciprocal"",""playerCount"":4}",2025-06-30T21:54:28.040413905Z,"Reciprocal, Some Redundancy",2025-06-30T21:54:28.040413905Z,{},2025-06-30T21:54:28.29742342Z,TaskQueue,2025-06-30T22:06:12.265045407Z
01JZ192103EKKYM21MP70AEJNN,true,2025-06-30T20:44:00.393290393Z,true,2025-06-30T20:43:56.742402249Z,,,null,2025-06-30T20:47:38.781256844Z,game ended,2025-06-30T20:49:12.06761427Z,1,2025-06-30T20:50:00.832465969Z,"{""age"":""41"",""gender"":""Male"",""strength"":""It is a team cooperation game"",""fair"":""Yes they were helpful"",""feedback"":""Provide more clear description"",""education"":""master""}",2025-06-30T20:50:00.802965634Z,01JZ18RA48YSHMY5EWBJ9E61V2,2025-06-30T20:39:33.155316928Z,3,2025-06-30T20:39:43.163622212Z,true,2025-06-30T20:39:44.787061517Z,,,Player 4,2025-06-30T20:39:45.144941743Z,3,2025-06-30T20:47:38.714897486Z,01JZ1920MW96W3JSSX51E8FR20,2025-06-30T20:39:33.123509055Z,,,"{""networkStruct"":""pooled"",""playerCount"":4}",2025-06-30T20:39:33.155316928Z,"Pooled, Some Redundancy",2025-06-30T20:39:33.155316928Z,{},2025-06-30T20:39:33.368910165Z,TaskQueue,2025-06-30T20:47:38.764575109Z
01JZ19XTEVTQG67NAP9C737569,true,2025-06-30T21:05:51.924043537Z,true,2025-06-30T21:05:42.387622483Z,null,2025-06-30T21:07:47.705535333Z,null,2025-06-30T21:07:47.647820237Z,game ended,2025-06-30T21:11:05.012589056Z,1,2025-06-30T21:13:28.392694234Z,"{""age"":""40"",""gender"":""Trans Woman"",""strength"":""I don't know, I don't really see how it was a \""game\"". The task I was assigned to was easy so that's all I can really comment on."",""fair"":""No idea and seeing as there really wasn't any meaningful interaction, I'm not really sure how they could have been helpful."",""feedback"":""As I don't really get the point of the \""game\"" I haven't the slightest idea on how to improve it."",""education"":""bachelor""}",2025-06-30T21:13:28.371385507Z,01JZ19VF81DTYMGWYB0TAJKDWY,2025-06-30T20:54:43.960616355Z,3,2025-06-30T20:55:27.572860021Z,true,2025-06-30T20:56:00.423420003Z,,,Player 1,2025-06-30T21:01:34.891605243Z,7,2025-06-30T21:07:47.612436636Z,01JZ19XSWWWZY912VTWNDJMRN6,2025-06-30T20:54:43.931521681Z,AVERAGE PEOPLE,2025-06-30T21:05:51.924043537Z,"{""networkStruct"":""reciprocal"",""playerCount"":6}",2025-06-30T20:54:43.960616355Z,"Reciprocal, Redundancy",2025-06-30T20:54:43.960616355Z,{},2025-06-30T20:54:44.290736443Z,TaskQueue,2025-06-30T21:07:47.753224242Z
01JZ1BCCGY5QCESEXMHTWJ4BSP,,,,,,,,,no more games,2025-06-30T21:25:22.491405605Z,,,,,null,2025-06-30T21:25:22.491405605Z,,,,,,,,,,,01JZ1BCCEBQXDJVR9TJ7Y7BE0B,2025-06-30T21:20:09.758697751Z,,,"{""networkStruct"":""pooled"",""playerCount"":6}",2025-06-30T21:20:09.84736187Z,"Pooled, Redundancy",2025-06-30T21:20:09.84736187Z,{},2025-06-30T21:20:09.907179911Z,,
01JZ1DEJMJQ3008TVKPGG206S9,true,2025-06-30T22:01:28.699318571Z,true,2025-06-30T22:01:21.07854363Z,null,2025-06-30T22:03:20.604783721Z,null,2025-06-30T22:03:20.689223363Z,game ended,2025-06-30T22:06:41.916985907Z,1,2025-06-30T22:07:14.354386814Z,"{""age"":""38"",""gender"":""Male"",""strength"":""I enjoyed it."",""fair"":""Yes"",""feedback"":""Not sure It was exciting and different."",""education"":""bachelor""}",2025-06-30T22:07:14.309782353Z,01JZ1D0S064NT759Q480WCA8PK,2025-06-30T21:56:18.818033753Z,3,2025-06-30T21:56:48.293768395Z,true,2025-06-30T21:57:01.720746017Z,,,Player 4,2025-06-30T21:57:03.04165401Z,8,2025-06-30T22:03:20.803262229Z,01JZ1DEJC2AWK449QHA50RQ0R3,2025-06-30T21:56:18.706910328Z,AVERAGE PEOPLE,2025-06-30T22:01:28.699318571Z,"{""networkStruct"":""reciprocal"",""playerCount"":4}",2025-06-30T21:56:18.818033753Z,"Reciprocal, Some Redundancy",2025-06-30T21:56:18.818033753Z,{},2025-06-30T21:56:18.95472391Z,TaskQueue,2025-06-30T22:03:20.517555943Z
01JZ17ACVQQE42SB51P5M3A1GH,true,2025-06-30T20:16:32.444788911Z,true,2025-06-30T20:16:26.944963156Z,,,null,2025-06-30T20:20:03.05058346Z,game ended,2025-06-30T20:21:43.28032757Z,1,2025-06-30T20:22:42.341193818Z,"{""age"":""67"",""gender"":""male"",""strength"":""fun"",""fair"":""hopefully"",""feedback"":""Probably, but I have no suggestions right now."",""education"":""bachelor""}",2025-06-30T20:22:42.3498883Z,01JZ170DRSFZ9Y16965WN1Z2F9,2025-06-30T20:09:10.276324671Z,3,2025-06-30T20:10:17.544558736Z,true,2025-06-30T20:11:28.860996989Z,,,Player 2,2025-06-30T20:12:20.883746285Z,2,2025-06-30T20:20:03.021093614Z,01JZ17ACQ42B182022MF79PTFG,2025-06-30T20:09:10.26334443Z,,,"{""networkStruct"":""pooled"",""playerCount"":6}",2025-06-30T20:09:10.276324671Z,"Pooled, Redundancy",2025-06-30T20:09:10.276324671Z,{},2025-06-30T20:09:10.337658203Z,TaskQueue,2025-06-30T20:20:02.968014694Z
01JZ17B3EJNXDWZGY3QVC1296A,true,2025-06-30T20:17:00.480810105Z,true,2025-06-30T20:16:52.988858898Z,,,null,2025-06-30T20:21:19.968023779Z,game ended,2025-06-30T20:22:11.293659236Z,1,2025-06-30T20:23:16.445150922Z,"{""age"":""58"",""gender"":""female"",""strength"":""it was interesting. "",""fair"":""Yes it appears so. "",""feedback"":""I would have liked it if once a household was clicked on the information stayed visible. "",""education"":""high-school""}",2025-06-30T20:23:16.453467489Z,01JZ170DRXVGFVP20P8DK3M491,2025-06-30T20:09:33.403758417Z,3,2025-06-30T20:10:30.403647201Z,true,2025-06-30T20:11:01.354324967Z,,,Player 3,2025-06-30T20:12:49.105029667Z,3,2025-06-30T20:21:19.977761468Z,01JZ17B2VQMB2R3GT98VWDXFS5,2025-06-30T20:09:33.394130162Z,,,"{""networkStruct"":""pooled"",""playerCount"":6}",2025-06-30T20:09:33.403758417Z,"Pooled, Redundancy",2025-06-30T20:09:33.403758417Z,{},2025-06-30T20:09:33.636856735Z,TaskQueue,2025-06-30T20:21:19.989517707Z
01JZ18M00QARBD4YKJZDM6JQBC,true,2025-06-30T20:37:21.579201275Z,true,2025-06-30T20:37:13.944231094Z,null,2025-06-30T20:39:15.522842689Z,null,2025-06-30T20:39:15.504899602Z,game ended,2025-06-30T20:42:33.688621444Z,1,2025-06-30T20:43:15.757345514Z,"{""age"":""37"",""gender"":""Male"",""strength"":""It is quite simple"",""fair"":""Yes, they did their part."",""feedback"":"""",""education"":""bachelor""}",2025-06-30T20:43:15.737528899Z,01JZ18G50PJASP911XB82AW46K,2025-06-30T20:31:53.41260679Z,3,2025-06-30T20:32:30.083495719Z,true,2025-06-30T20:32:44.139706367Z,,,Player 6,2025-06-30T20:33:05.746157902Z,9,2025-06-30T20:39:15.444713914Z,01JZ18KZDFK9KJTRVFN11Z7QGA,2025-06-30T20:31:53.367083598Z,CHILDREN'S COMMUTE DISTANCE,2025-06-30T20:37:21.579201275Z,"{""networkStruct"":""reciprocal"",""playerCount"":6}",2025-06-30T20:31:53.41260679Z,"Reciprocal, Redundancy",2025-06-30T20:31:53.41260679Z,{},2025-06-30T20:31:53.666181562Z,TaskQueue,2025-06-30T20:39:15.480478747Z
01JZ18XZQ962C1YBGG8JES411T,true,2025-06-30T20:44:00.393290393Z,true,2025-06-30T20:43:51.864117401Z,,,null,2025-06-30T20:47:33.489149931Z,game ended,2025-06-30T20:49:12.06761427Z,1,2025-06-30T20:49:44.193091948Z,"{""age"":""41"",""gender"":""female"",""strength"":""Yes, I felt we all worked well together"",""fair"":""Seemed ok? Pretty straightforward"",""feedback"":""not sure"",""education"":""other""}",2025-06-30T20:49:44.211761364Z,01JZ18RA48YSHMY5EWBJ9E61V2,2025-06-30T20:38:29.561425885Z,3,2025-06-30T20:38:33.585048993Z,true,2025-06-30T20:39:17.302255623Z,,,Player 2,2025-06-30T20:39:45.144941743Z,3,2025-06-30T20:47:33.520546099Z,01JZ18XZ2M29EPXPR5ZAQV51Q8,2025-06-30T20:37:20.745827272Z,,,"{""networkStruct"":""pooled"",""playerCount"":4}",2025-06-30T20:37:21.351387064Z,"Pooled, Some Redundancy",2025-06-30T20:37:21.351387064Z,{},2025-06-30T20:37:21.637230442Z,TaskQueue,2025-06-30T20:47:33.458213108Z
01JZ18JMHXTQBMPEHHS7NP2031,true,2025-06-30T20:38:52.041510138Z,true,2025-06-30T20:38:43.41150008Z,,,null,2025-06-30T20:41:56.988598172Z,game ended,2025-06-30T20:44:09.418762801Z,1,2025-06-30T20:44:32.319264041Z,"{""age"":""41"",""gender"":""Female"",""strength"":""It was fun"",""fair"":""Yes, they were"",""feedback"":"""",""education"":""master""}",2025-06-30T20:44:32.341950013Z,01JZ18G4WPK6V9JKZAVKNYS3NB,2025-06-30T20:31:08.899721226Z,3,2025-06-30T20:31:35.839681171Z,true,2025-06-30T20:31:48.288217154Z,,,Player 2,2025-06-30T20:34:29.291224061Z,3,2025-06-30T20:41:57.030063876Z,01JZ18JM3MYAJ9FERRHQT2CBMZ,2025-06-30T20:31:08.861548074Z,,,"{""networkStruct"":""pooled"",""playerCount"":6}",2025-06-30T20:31:08.899721226Z,"Pooled, Redundancy",2025-06-30T20:31:08.899721226Z,{},2025-06-30T20:31:09.170764448Z,TaskQueue,2025-06-30T20:41:57.008944496Z
01JZ1EETXQ4N612EY90BZEJFXE,,,,,,,,,no more games,2025-06-30T22:50:52.627478111Z,,,,,null,2025-06-30T22:50:52.627478111Z,3,2025-06-30T22:14:48.005052005Z,,,,,,,,,01JZ1EETGY35CYRW3MJQNBZ0HJ,2025-06-30T22:13:55.767981342Z,,,"{""networkStruct"":""reciprocal"",""playerCount"":3}",2025-06-30T22:13:55.827800745Z,"Reciprocal, No Redundancy",2025-06-30T22:13:55.827800745Z,{},2025-06-30T22:13:56.334215002Z,,
01JZ1G8WT4QHCTZSBPJCV6WM6W,true,2025-06-30T22:52:37.515165166Z,true,2025-06-30T22:52:28.419349422Z,null,2025-06-30T22:55:20.494670602Z,null,2025-06-30T22:55:20.423033795Z,game ended,2025-06-30T22:57:50.274704691Z,1,2025-06-30T22:58:43.862800771Z,"{""age"":""23"",""gender"":""Male"",""strength"":""Pretty easy"",""fair"":""Not really"",""feedback"":""More transparency of teammate movements"",""education"":""other""}",2025-06-30T22:58:43.949791878Z,01JZ1G2A6YM039KVE3FBKDN5TM,2025-06-30T22:45:38.305740676Z,3,2025-06-30T22:46:36.091079971Z,true,2025-06-30T22:46:55.103372939Z,,,Player 3,2025-06-30T22:48:18.176459996Z,14,2025-06-30T22:55:20.384380367Z,01JZ1G8WCN0APBA0SVMKZW998R,2025-06-30T22:45:38.245022192Z,AVERAGE PEOPLE,2025-06-30T22:52:37.515165166Z,"{""networkStruct"":""reciprocal"",""playerCount"":3}",2025-06-30T22:45:38.305740676Z,"Reciprocal, No Redundancy",2025-06-30T22:45:38.305740676Z,{},2025-06-30T22:45:38.522843442Z,TaskQueue,2025-06-30T22:55:20.458221553Z
01JZ17A4X6KDHXD87KVKY87426,,,,,,,,,game ended,2025-06-30T20:25:17.069632324Z,,,,,01JZ170DRV33K8D9D9ZMQKAW2D,2025-06-30T20:09:02.154248281Z,3,2025-06-30T20:09:18.50164628Z,true,2025-06-30T20:09:23.038822198Z,true,2025-06-30T20:20:05.858993638Z,Player 2,2025-06-30T20:15:53.383975433Z,,,01JZ17A4H2ANZD8MF3NCWWA26J,2025-06-30T20:09:02.118085025Z,,,"{""networkStruct"":""pooled"",""playerCount"":6}",2025-06-30T20:09:02.154248281Z,"Pooled, Redundancy",2025-06-30T20:09:02.154248281Z,{},2025-06-30T20:09:02.348797579Z,,
01JZ17DQRYSG711N7R05SC14HP,,,,,,,,,game ended,2025-06-30T20:25:37.512176136Z,,,,,01JZ170DS5DJKXJ3Z7YVJKJJXK,2025-06-30T20:10:59.759879494Z,3,2025-06-30T20:11:41.036869234Z,true,2025-06-30T20:12:11.460572294Z,true,2025-06-30T20:20:26.193567279Z,Player 4,2025-06-30T20:16:13.512542079Z,,,01JZ17DQF9RN22MNBG6JFM5NH2,2025-06-30T20:10:59.742335092Z,,,"{""networkStruct"":""reciprocal"",""playerCount"":6}",2025-06-30T20:10:59.759879494Z,"Reciprocal, Redundancy",2025-06-30T20:10:59.759879494Z,{},2025-06-30T20:10:59.868235656Z,,
01JZ18J9W8KMP67K3HENBC0CVQ,true,2025-06-30T20:38:51.622897273Z,true,2025-06-30T20:38:42.111417507Z,,,null,2025-06-30T20:41:45.157733275Z,game ended,2025-06-30T20:44:06.655135903Z,1,2025-06-30T20:45:08.204763431Z,"{""age"":""22"",""gender"":""Male"",""strength"":""It was easy"",""fair"":""Yes they completed many cities for me"",""feedback"":""Make timers end prematurely when everything is done"",""education"":""high-school""}",2025-06-30T20:45:08.177805437Z,01JZ18G4XMK5QHE5YNTR43VZ9V,2025-06-30T20:34:00.501263026Z,3,2025-06-30T20:33:12.156014411Z,true,2025-06-30T20:34:00.759477135Z,,,Player 1,2025-06-30T20:34:27.24600239Z,3,2025-06-30T20:41:45.17517082Z,01JZ18J9FRFGXB9V5QZQZ2F7ZH,2025-06-30T20:30:57.928586877Z,,,"{""networkStruct"":""pooled"",""playerCount"":6}",2025-06-30T20:30:57.948797732Z,"Pooled, Redundancy",2025-06-30T20:30:57.948797732Z,{},2025-06-30T20:30:58.144318794Z,TaskQueue,2025-06-30T20:41:45.222398845Z
01JZ18JE9A6THSRA3515C4Q3GE,true,2025-06-30T20:38:37.911326463Z,true,2025-06-30T20:38:28.723051191Z,null,2025-06-30T20:42:45.902349518Z,null,2025-06-30T20:42:45.924600796Z,game ended,2025-06-30T20:43:59.034247431Z,1,2025-06-30T20:44:39.328102399Z,"{""age"":""31"",""gender"":""Male"",""strength"":""Easy concept to understand"",""fair"":""Yes"",""feedback"":""No suggestions"",""education"":""high-school""}",2025-06-30T20:44:39.394108585Z,01JZ18G4ZZG5A688HVVJGKBFVW,2025-06-30T20:31:02.490557876Z,3,2025-06-30T20:32:27.523782015Z,true,2025-06-30T20:33:07.888779324Z,,,Player 2,2025-06-30T20:34:20.528730734Z,12,2025-06-30T20:42:45.853674147Z,01JZ18JE6VDZXP46T8NQG3VRED,2025-06-30T20:31:02.442177977Z,MAXIMUM INCOME,2025-06-30T20:38:37.911326463Z,"{""networkStruct"":""reciprocal"",""playerCount"":6}",2025-06-30T20:31:02.490557876Z,"Reciprocal, Redundancy",2025-06-30T20:31:02.490557876Z,{},2025-06-30T20:31:02.531481063Z,TaskQueue,2025-06-30T20:42:45.946462625Z
01JZ1EBNRXWXP0H461Z4YMKNYP,true,2025-06-30T22:26:31.385764791Z,true,2025-06-30T22:26:22.963740549Z,2,2025-06-30T22:31:39.382216667Z,neighborhood_11,2025-06-30T22:31:39.416089408Z,game ended,2025-06-30T22:31:43.668547817Z,1,2025-06-30T22:32:24.608363775Z,"{""age"":""22"",""gender"":""Male"",""strength"":""I liked it."",""fair"":""They did their own job, so yes I think."",""feedback"":""Help each other by talking."",""education"":""high-school""}",2025-06-30T22:32:24.638383324Z,01JZ1E91WFH0SPDF0PZ6G1349X,2025-06-30T22:12:12.24321681Z,3,2025-06-30T22:13:01.099875815Z,true,2025-06-30T22:13:16.969747648Z,,,Player 2,2025-06-30T22:22:13.550509847Z,10,2025-06-30T22:31:38.055229481Z,01JZ1EBNCD0BHEGYRVWZV0H956,2025-06-30T22:12:12.189144665Z,MAXIMUM INCOME,2025-06-30T22:26:31.385764791Z,"{""networkStruct"":""reciprocal"",""playerCount"":3}",2025-06-30T22:12:12.24321681Z,"Reciprocal, No Redundancy",2025-06-30T22:12:12.24321681Z,{},2025-06-30T22:12:12.449950883Z,TaskScreen,2025-06-30T22:31:39.46601131Z
01JZ17DZ6QV2B73JE2W9M5K3SC,true,2025-06-30T20:19:08.715495513Z,true,2025-06-30T20:19:03.088157116Z,null,2025-06-30T20:22:48.974181949Z,null,2025-06-30T20:22:48.918422051Z,game ended,2025-06-30T20:24:20.161827246Z,1,2025-06-30T20:25:00.701230135Z,"{""age"":""29"",""gender"":""female"",""strength"":""It was confusing"",""fair"":""Yes"",""feedback"":""More explanation in tutorial"",""education"":""other""}",2025-06-30T20:25:00.711963444Z,01JZ170DSMJZPS89ZBMFZ7ATK7,2025-06-30T20:11:07.365919115Z,3,2025-06-30T20:11:55.617779708Z,true,2025-06-30T20:12:17.464883468Z,,,Player 4,2025-06-30T20:14:55.920967151Z,2,2025-06-30T20:22:48.932632023Z,01JZ17DYQM14BNESK04J6441AG,2025-06-30T20:11:07.351595319Z,MAXIMUM INCOME,2025-06-30T20:19:08.715495513Z,"{""networkStruct"":""reciprocal"",""playerCount"":6}",2025-06-30T20:11:07.365919115Z,"Reciprocal, Redundancy",2025-06-30T20:11:07.365919115Z,{},2025-06-30T20:11:07.605010687Z,TaskQueue,2025-06-30T20:22:48.959842876Z
01JZ18P8E791PBV9BDRV76VVRH,true,2025-06-30T20:38:27.416661677Z,true,2025-06-30T20:38:20.531556192Z,,,null,2025-06-30T20:41:57.84984549Z,game ended,2025-06-30T20:43:43.37202417Z,1,2025-06-30T20:44:47.701953Z,"{""age"":""47"",""gender"":""Male"",""strength"":""This was fun and quick paced"",""fair"":""I think they were definitely helpful"",""feedback"":""There isn't anything that you need to do to improve the game in the future, unless you want to give each player an emoji or icon to choose from."",""education"":""bachelor""}",2025-06-30T20:44:47.719251724Z,01JZ18G512YK4K14AJW1A4KQT5,2025-06-30T20:34:00.501263026Z,3,2025-06-30T20:33:56.575872516Z,true,2025-06-30T20:34:12.810926152Z,,,Player 6,2025-06-30T20:34:13.035831681Z,3,2025-06-30T20:41:57.868610004Z,01JZ18P6VMGF1MBW5CG9ZYV27P,2025-06-30T20:33:07.52781179Z,,,"{""networkStruct"":""pooled"",""playerCount"":6}",2025-06-30T20:33:08.088660724Z,"Pooled, Redundancy",2025-06-30T20:33:08.088660724Z,{},2025-06-30T20:33:08.22035616Z,TaskQueue,2025-06-30T20:41:57.904219108Z
01JZ19XY7CXDASK651A0S5NR34,true,2025-06-30T21:01:50.313266734Z,true,2025-06-30T21:01:43.316431583Z,,,null,2025-06-30T21:04:56.936988727Z,game ended,2025-06-30T21:07:04.345924244Z,1,2025-06-30T21:07:45.644814101Z,"{""age"":""34"",""gender"":""Male"",""strength"":""It was a nice and fun experience."",""fair"":""I believe so."",""feedback"":""In my opinion it's fine as it is."",""education"":""high-school""}",2025-06-30T21:07:45.599225541Z,01JZ19VF1X4TGM9HTAVFF08YB3,2025-06-30T20:54:47.824689143Z,3,2025-06-30T20:55:29.255099194Z,true,2025-06-30T20:55:56.337156691Z,,,Player 2,2025-06-30T20:57:35.34870179Z,2,2025-06-30T21:04:56.920426121Z,01JZ19XXSHFVBF31102J2NZT2E,2025-06-30T20:54:47.788946349Z,,,"{""networkStruct"":""pooled"",""playerCount"":6}",2025-06-30T20:54:47.824689143Z,"Pooled, Redundancy",2025-06-30T20:54:47.824689143Z,{},2025-06-30T20:54:48.082066727Z,TaskQueue,2025-06-30T21:04:56.957983613Z
01JZ1BNKT1EA6BGVVN8436Q4BP,,,,,,,,,game ended,2025-06-30T21:34:44.226606523Z,,,,,01JZ1B1W5TAZ0C76DBH0ZAEY5X,2025-06-30T21:25:12.220039333Z,3,2025-06-30T21:25:12.704933644Z,true,2025-06-30T21:25:13.078485583Z,true,2025-06-30T21:29:31.539376673Z,Player 6,2025-06-30T21:25:13.947903057Z,,,01JZ1BNKPW44JDFJX4J11AC9MF,2025-06-30T21:25:12.129803312Z,,,"{""networkStruct"":""pooled"",""playerCount"":6}",2025-06-30T21:25:12.220039333Z,"Pooled, Redundancy",2025-06-30T21:25:12.220039333Z,{},2025-06-30T21:25:12.284362978Z,,
01JZ1956T8XJDP5BV79GB7VBVR,,,,,,,,,no more games,2025-06-30T21:58:21.876743771Z,1,2025-06-30T20:45:35.614434233Z,"{""age"":""29"",""gender"":""Male"",""strength"":""Interesting"",""fair"":""Yes"",""feedback"":""More time for players"",""education"":""bachelor""}",2025-06-30T20:45:35.596594973Z,null,2025-06-30T21:58:21.876743771Z,2,2025-06-30T20:42:08.687825473Z,,,,,,,,,01JZ1956AF6WJS2FA9EHHJZJW5,2025-06-30T20:41:17.384389574Z,,,"{""networkStruct"":""reciprocal"",""playerCount"":4}",2025-06-30T20:41:17.425533037Z,"Reciprocal, Some Redundancy",2025-06-30T20:41:17.425533037Z,{},2025-06-30T20:41:17.708770468Z,,
01JZ1A1MCG3BSBWBFBDPK1XMR9,,,,,,,,,no more games,2025-06-30T21:57:53.402081961Z,1,2025-06-30T21:04:41.240822263Z,"{""age"":""45"",""gender"":""female"",""strength"":""not sure , nothing really happened "",""fair"":""the game didnt really happen"",""feedback"":""no idea"",""education"":""bachelor""}",2025-06-30T21:04:41.160651505Z,null,2025-06-30T21:57:53.402081961Z,3,2025-06-30T21:02:05.42952657Z,,,,,,,,,01JZ1A1M0MDQA8XCQRPD6KYF9T,2025-06-30T20:56:48.785054979Z,,,"{""networkStruct"":""reciprocal"",""playerCount"":6}",2025-06-30T20:56:48.820104227Z,"Reciprocal, Redundancy",2025-06-30T20:56:48.820104227Z,{},2025-06-30T20:56:49.030260683Z,,
01JZ1A81RPET9TAZBW4YBB121E,true,2025-06-30T21:07:02.264194055Z,true,2025-06-30T21:06:59.77824369Z,null,2025-06-30T21:11:53.503440191Z,null,2025-06-30T21:11:53.450850959Z,game ended,2025-06-30T21:12:15.060866167Z,1,2025-06-30T21:13:16.051219841Z,"{""age"":""58"",""gender"":""Female"",""strength"":"""",""fair"":"""",""feedback"":"""",""education"":""master""}",2025-06-30T21:13:15.991473205Z,01JZ19VF6XEW5FG377QGXCTRD1,2025-06-30T21:00:19.131049174Z,3,2025-06-30T21:01:41.302190873Z,true,2025-06-30T21:02:40.7607443Z,,,Player 3,2025-06-30T21:02:45.019047124Z,3,2025-06-30T21:11:53.573182332Z,01JZ1A806GES0Y6FH8VFGA2V8V,2025-06-30T21:00:19.094062094Z,MAXIMUM INCOME,2025-06-30T21:07:02.264194055Z,"{""networkStruct"":""reciprocal"",""playerCount"":6}",2025-06-30T21:00:19.131049174Z,"Reciprocal, Redundancy",2025-06-30T21:00:19.131049174Z,{},2025-06-30T21:00:19.401361929Z,TaskQueue,2025-06-30T21:11:53.473536885Z
01JZ1AFP0ZSM5GDN23SMJMVZTW,,,,,,,,,game ended,2025-06-30T21:18:08.54563317Z,,,,,01JZ19VF4XXDC5SP97SM18G8VM,2025-06-30T21:04:29.254741166Z,3,2025-06-30T21:04:31.586388044Z,true,2025-06-30T21:04:32.182583848Z,true,2025-06-30T21:12:56.567177332Z,Player 3,2025-06-30T21:08:40.651448389Z,,,01JZ1AFNYJ2H43K2H7QCCPZAMZ,2025-06-30T21:04:29.215986805Z,,,"{""networkStruct"":""pooled"",""playerCount"":6}",2025-06-30T21:04:29.254741166Z,"Pooled, Redundancy",2025-06-30T21:04:29.254741166Z,{},2025-06-30T21:04:29.280316844Z,,
01JZ17ADWXQ9CX9S0BD7VM2S2J,true,2025-06-30T20:18:46.366221764Z,true,2025-06-30T20:18:38.344501602Z,null,2025-06-30T20:23:14.230545021Z,null,2025-06-30T20:23:14.256062526Z,game ended,2025-06-30T20:23:57.361117331Z,1,2025-06-30T20:24:30.465719025Z,"{""age"":""36"",""gender"":""female"",""strength"":""It was fine"",""fair"":""Moderately"",""feedback"":""I am unsure. "",""education"":""master""}",2025-06-30T20:24:30.457976647Z,01JZ170DSR5F2SARFX61BD5BFD,2025-06-30T20:09:11.337891401Z,3,2025-06-30T20:09:46.441683258Z,true,2025-06-30T20:10:11.491505638Z,,,Player 2,2025-06-30T20:14:33.790592612Z,10,2025-06-30T20:23:14.243298804Z,01JZ17ADTAK1JKKAR3NTG0ADDE,2025-06-30T20:09:11.325658457Z,MAXIMUM INCOME,2025-06-30T20:18:46.366221764Z,"{""networkStruct"":""reciprocal"",""playerCount"":6}",2025-06-30T20:09:11.337891401Z,"Reciprocal, Redundancy",2025-06-30T20:09:11.337891401Z,{},2025-06-30T20:09:11.38099367Z,TaskQueue,2025-06-30T20:23:14.269492295Z
01JZ17BGC64Z781MGW1Y4T7SRJ,true,2025-06-30T20:17:39.160892908Z,true,2025-06-30T20:17:31.448205845Z,null,2025-06-30T20:19:48.038688545Z,null,2025-06-30T20:19:48.017372984Z,game ended,2025-06-30T20:22:50.504782215Z,1,2025-06-30T20:24:02.06939701Z,"{""age"":""19"",""gender"":""Male"",""strength"":""The game was easy to complete."",""fair"":""The teammate who completed my assignment with me was helpful."",""feedback"":""Allow me to see the progress of the other assignments instead of them just being locked."",""education"":""high-school""}",2025-06-30T20:24:02.079072017Z,01JZ170DSTXK5Z1DV671606E6A,2025-06-30T20:09:46.647488589Z,3,2025-06-30T20:10:26.139337969Z,true,2025-06-30T20:10:48.595979851Z,,,Player 3,2025-06-30T20:13:27.60426161Z,8,2025-06-30T20:19:48.028517812Z,01JZ17BG5CA2VMFPG13AJMDK9C,2025-06-30T20:09:46.630786198Z,MAXIMUM INCOME,2025-06-30T20:17:39.160892908Z,"{""networkStruct"":""reciprocal"",""playerCount"":6}",2025-06-30T20:09:46.647488589Z,"Reciprocal, Redundancy",2025-06-30T20:09:46.647488589Z,{},2025-06-30T20:09:46.753201139Z,TaskQueue,2025-06-30T20:19:48.059337239Z
01JZ17BSA5GQ3JXNB68EA97BX0,true,2025-06-30T20:17:39.160892908Z,true,2025-06-30T20:17:32.358918012Z,null,2025-06-30T20:19:49.196551163Z,null,2025-06-30T20:19:49.179888387Z,game ended,2025-06-30T20:22:50.504782215Z,1,2025-06-30T20:23:10.195752438Z,"{""age"":""27"",""gender"":""Male"",""strength"":""It was easy"",""fair"":""Yes"",""feedback"":""I'm not sure"",""education"":""bachelor""}",2025-06-30T20:23:10.17968082Z,01JZ170DSTXK5Z1DV671606E6A,2025-06-30T20:09:55.789132981Z,3,2025-06-30T20:11:07.950725306Z,true,2025-06-30T20:13:27.533710542Z,,,Player 4,2025-06-30T20:13:27.60426161Z,7,2025-06-30T20:19:49.10088709Z,01JZ17BRY5HGX5VSD7YYDRRS09,2025-06-30T20:09:55.781808169Z,MAXIMUM INCOME,2025-06-30T20:17:39.160892908Z,"{""networkStruct"":""reciprocal"",""playerCount"":6}",2025-06-30T20:09:55.789132981Z,"Reciprocal, Redundancy",2025-06-30T20:09:55.789132981Z,{},2025-06-30T20:09:55.985928937Z,TaskQueue,2025-06-30T20:19:49.189011491Z
01JZ18JXMPKC16YBJ9SWX6E74P,true,2025-06-30T20:38:51.622897273Z,true,2025-06-30T20:38:47.448676677Z,,,null,2025-06-30T20:41:26.059391451Z,game ended,2025-06-30T20:44:06.655135903Z,1,2025-06-30T20:45:30.132938201Z,"{""age"":""23"",""gender"":""Female"",""strength"":""It was very fun and interesting, I felt excited all the time and competitive as well. "",""fair"":""I think they were, at some point I could only wait because they were fast completing the tasks."",""feedback"":""I'd like it to have the units next time to avoid confusion."",""education"":""master""}",2025-06-30T20:45:30.148883167Z,01JZ18G4XMK5QHE5YNTR43VZ9V,2025-06-30T20:34:12.846941139Z,3,2025-06-30T20:33:34.609863185Z,true,2025-06-30T20:34:27.000977705Z,,,Player 3,2025-06-30T20:34:27.24600239Z,3,2025-06-30T20:41:26.171458916Z,01JZ18JX9SWTJSC99D7TG5YPBM,2025-06-30T20:31:18.166782442Z,,,"{""networkStruct"":""pooled"",""playerCount"":6}",2025-06-30T20:31:18.185343759Z,"Pooled, Redundancy",2025-06-30T20:31:18.185343759Z,{},2025-06-30T20:31:18.372767159Z,TaskQueue,2025-06-30T20:41:26.130935684Z
01JZ1B8A04WSQDXEJAHQECA1Q1,,,,,,,,,no more games,2025-06-30T21:57:53.402081961Z,1,2025-06-30T21:21:28.023066991Z,"{""age"":""42"",""gender"":""female"",""strength"":""good"",""fair"":"""",""feedback"":"""",""education"":""""}",2025-06-30T21:21:27.97737542Z,null,2025-06-30T21:57:53.402081961Z,3,2025-06-30T21:19:32.160775631Z,,,,,,,,,01JZ1B885YMJNCJ21R6XRDNWYM,2025-06-30T21:17:56.100206749Z,,,"{""networkStruct"":""reciprocal"",""playerCount"":6}",2025-06-30T21:17:56.140332896Z,"Reciprocal, Redundancy",2025-06-30T21:17:56.140332896Z,{},2025-06-30T21:17:56.601036599Z,,
01JZ1BEHJTZVP4GP4G96Q0PZBM,true,2025-06-30T21:27:31.530045849Z,true,2025-06-30T21:27:24.144615072Z,,,null,2025-06-30T21:32:36.123543589Z,game ended,2025-06-30T21:32:44.599486052Z,1,2025-06-30T21:33:20.388433664Z,"{""age"":""57"",""gender"":""Male"",""strength"":""it was fun"",""fair"":""Yes."",""feedback"":""explain the distance for child better."",""education"":""bachelor""}",2025-06-30T21:33:20.364240117Z,01JZ1B1W46BH5YH0XYSE8KJRBK,2025-06-30T21:21:20.517820351Z,3,2025-06-30T21:22:26.714417189Z,true,2025-06-30T21:23:14.400488001Z,,,Player 6,2025-06-30T21:23:14.987303625Z,4,2025-06-30T21:32:36.05078929Z,01JZ1BEHG68BZ3RNH5KJ0N7YXF,2025-06-30T21:21:20.474215518Z,,,"{""networkStruct"":""pooled"",""playerCount"":6}",2025-06-30T21:21:20.517820351Z,"Pooled, Redundancy",2025-06-30T21:21:20.517820351Z,{},2025-06-30T21:21:20.644186808Z,TaskQueue,2025-06-30T21:32:36.080965596Z
01JZ17R3E57YY9H2V5S1G4XMBW,true,2025-06-30T20:21:00.113649749Z,true,2025-06-30T20:20:51.03187056Z,,,null,2025-06-30T20:24:16.545609958Z,game ended,2025-06-30T20:26:11.072850178Z,1,2025-06-30T20:29:58.239391432Z,"{""age"":""55"",""gender"":""female"",""strength"":""Nothing special."",""fair"":""Yes, I think."",""feedback"":""Make more tasks maybe."",""education"":""high-school""}",2025-06-30T20:29:58.248818225Z,01JZ170DRQN15452AYS561M232,2025-06-30T20:16:39.38062148Z,3,2025-06-30T20:16:43.181766167Z,true,2025-06-30T20:16:43.894007393Z,,,Player 6,2025-06-30T20:16:47.494367992Z,4,2025-06-30T20:24:16.577800309Z,01JZ17R2ZS2FYCANJV04M69V4F,2025-06-30T20:16:39.365821447Z,,,"{""networkStruct"":""pooled"",""playerCount"":6}",2025-06-30T20:16:39.38062148Z,"Pooled, Redundancy",2025-06-30T20:16:39.38062148Z,{},2025-06-30T20:16:39.635874458Z,TaskQueue,2025-06-30T20:24:16.552883208Z
01JZ1BAVN5GCQ9KGRAEPYWSGEC,true,2025-06-30T21:24:50.473796249Z,true,2025-06-30T21:24:42.376015021Z,null,2025-06-30T21:28:40.821416012Z,null,2025-06-30T21:28:40.771055311Z,game ended,2025-06-30T21:30:03.920018166Z,1,2025-06-30T21:31:51.349037415Z,"{""age"":""45"",""gender"":""Male"",""strength"":""It's fun if you get the right task I suppose. I prefer this over conventional studies."",""fair"":""They appeared to do their tasks successfully, so yes."",""feedback"":""Instructions were clear. I wouldn't change much. Great interface overall."",""education"":""bachelor""}",2025-06-30T21:31:51.376164928Z,01JZ1B1W2WT8MR9NJ7RDDSFH2M,2025-06-30T21:19:19.762103209Z,3,2025-06-30T21:20:03.918681666Z,true,2025-06-30T21:20:33.020980243Z,,,Player 6,2025-06-30T21:20:33.791002238Z,6,2025-06-30T21:28:40.877148712Z,01JZ1BAVFMP6652P5128B5DA8X,2025-06-30T21:19:19.71703677Z,MAXIMUM INCOME,2025-06-30T21:24:50.473796249Z,"{""networkStruct"":""reciprocal"",""playerCount"":6}",2025-06-30T21:19:19.762103209Z,"Reciprocal, Redundancy",2025-06-30T21:19:19.762103209Z,{},2025-06-30T21:19:19.854483108Z,TaskQueue,2025-06-30T21:28:40.795262233Z
01JZ1G5Y4DKCPQ2K5FM2F479YF,,,,,,,,,game ended,2025-06-30T22:57:50.274704691Z,,,,,01JZ1G2A6YM039KVE3FBKDN5TM,2025-06-30T22:44:01.377765493Z,3,2025-06-30T22:47:50.645352227Z,true,2025-06-30T22:48:17.146548052Z,true,2025-06-30T22:52:37.515165166Z,Player 2,2025-06-30T22:48:18.176459996Z,,,01JZ1G5XBH435FMK33X3TBV0KQ,2025-06-30T22:44:01.293410487Z,,,"{""networkStruct"":""reciprocal"",""playerCount"":3}",2025-06-30T22:44:01.377765493Z,"Reciprocal, No Redundancy",2025-06-30T22:44:01.377765493Z,{},2025-06-30T22:44:01.690776036Z,,
01JZ17DF0FPMATGYC1VKMVTRWC,true,2025-06-30T20:17:27.664244732Z,true,2025-06-30T20:17:22.985145656Z,null,2025-06-30T20:20:18.468056935Z,null,2025-06-30T20:20:18.454180164Z,game ended,2025-06-30T20:22:38.973202417Z,1,2025-06-30T20:23:48.130146775Z,"{""age"":""50"",""gender"":""male"",""strength"":""I found it engaging and interesting."",""fair"":""I do think that they were helpful."",""feedback"":""Not sure."",""education"":""high-school""}",2025-06-30T20:23:48.122731344Z,01JZ170DS434CCJM920VN081CV,2025-06-30T20:10:50.779817127Z,3,2025-06-30T20:12:15.745423684Z,true,2025-06-30T20:13:10.721156909Z,,,Player 5,2025-06-30T20:13:16.198424031Z,6,2025-06-30T20:20:18.474477977Z,01JZ17DEWCGP0345AYYNF2V6K7,2025-06-30T20:10:50.767780288Z,CHILDREN'S COMMUTE DISTANCE,2025-06-30T20:17:27.664244732Z,"{""networkStruct"":""reciprocal"",""playerCount"":6}",2025-06-30T20:10:50.779817127Z,"Reciprocal, Redundancy",2025-06-30T20:10:50.779817127Z,{},2025-06-30T20:10:50.864409348Z,TaskQueue,2025-06-30T20:20:18.481365566Z
01JZ18JWY9W1XWEWVGSNZXRKZN,true,2025-06-30T20:37:21.579201275Z,true,2025-06-30T20:37:14.213962439Z,null,2025-06-30T20:39:27.349447494Z,null,2025-06-30T20:39:27.4016292Z,game ended,2025-06-30T20:42:33.688621444Z,1,2025-06-30T20:43:13.256742729Z,"{""age"":""56"",""gender"":""Female"",""strength"":""It was OK"",""fair"":""I'm not sure as didn't really communicate"",""feedback"":""Not sure"",""education"":""high-school""}",2025-06-30T20:43:13.234775411Z,01JZ18G50PJASP911XB82AW46K,2025-06-30T20:31:17.470052941Z,3,2025-06-30T20:32:26.794336572Z,true,2025-06-30T20:33:05.359974201Z,,,Player 2,2025-06-30T20:33:05.746157902Z,7,2025-06-30T20:39:27.383711802Z,01JZ18JWJ1HHE19ZTNY0A671F5,2025-06-30T20:31:17.449555829Z,AVERAGE PEOPLE,2025-06-30T20:37:21.579201275Z,"{""networkStruct"":""reciprocal"",""playerCount"":6}",2025-06-30T20:31:17.470052941Z,"Reciprocal, Redundancy",2025-06-30T20:31:17.470052941Z,{},2025-06-30T20:31:17.673966935Z,TaskQueue,2025-06-30T20:39:27.333630513Z
01JZ1D6PDAATCEYCV60SVGFECN,true,2025-06-30T22:02:26.99476172Z,true,2025-06-30T22:02:19.580334575Z,null,2025-06-30T22:05:23.414480998Z,null,2025-06-30T22:05:23.375792106Z,game ended,2025-06-30T22:07:41.466518466Z,1,2025-06-30T22:08:31.695698055Z,"{""age"":""20"",""gender"":""Male"",""strength"":""I thought it was quite fun to work through."",""fair"":""I'm not sure."",""feedback"":""Allow us to see how our teammates are doing."",""education"":""bachelor""}",2025-06-30T22:08:31.73625106Z,01JZ1D0S4EMT97ECKQ06X1ZWAX,2025-06-30T21:52:00.496954948Z,3,2025-06-30T21:54:12.036536466Z,true,2025-06-30T21:54:15.591134742Z,,,Player 1,2025-06-30T21:58:07.230550856Z,16,2025-06-30T22:05:23.504026846Z,01JZ1D6P34X31Q8DZ9ZZVQSN48,2025-06-30T21:52:00.426116291Z,AVERAGE PEOPLE,2025-06-30T22:02:26.99476172Z,"{""networkStruct"":""reciprocal"",""playerCount"":4}",2025-06-30T21:52:00.496954948Z,"Reciprocal, Some Redundancy",2025-06-30T21:52:00.496954948Z,{},2025-06-30T21:52:00.655650624Z,TaskQueue,2025-06-30T22:05:23.539102835Z
01JZ1CAP7AR3S9VQM1YSX236E5,,,,,,,,,no more games,2025-06-30T21:57:53.402081961Z,,,,,null,2025-06-30T21:57:53.402081961Z,3,2025-06-30T21:37:14.31757414Z,,,,,,,,,01JZ1CAKKSQ6KDTJH7EW1VV9CF,2025-06-30T21:36:42.730756935Z,,,"{""networkStruct"":""reciprocal"",""playerCount"":6}",2025-06-30T21:36:43.46099674Z,"Reciprocal, Redundancy",2025-06-30T21:36:43.46099674Z,{},2025-06-30T21:36:43.837809159Z,,
01JZ17HAYAY9BSFK3RQNTEMCZ6,,,,,,,,,game ended,2025-06-30T20:23:57.361117331Z,,,,,01JZ170DSR5F2SARFX61BD5BFD,2025-06-30T20:12:57.701112543Z,3,2025-06-30T20:14:05.244108461Z,true,2025-06-30T20:14:33.656158782Z,true,2025-06-30T20:18:46.366221764Z,Player 6,2025-06-30T20:14:33.790592612Z,,,01JZ17HAPAEVNXH3905GY859Z1,2025-06-30T20:12:57.674195095Z,,,"{""networkStruct"":""reciprocal"",""playerCount"":6}",2025-06-30T20:12:57.701112543Z,"Reciprocal, Redundancy",2025-06-30T20:12:57.701112543Z,{},2025-06-30T20:12:57.812576896Z,,
01JZ18J1HPCJW9NZWB0AN2GDSE,true,2025-06-30T20:38:18.460569504Z,true,2025-06-30T20:38:13.065084387Z,,,null,2025-06-30T20:42:36.251231474Z,game ended,2025-06-30T20:43:36.923226801Z,1,2025-06-30T20:43:56.287722407Z,"{""age"":""50"",""gender"":""male"",""strength"":"""",""fair"":"""",""feedback"":"""",""education"":""bachelor""}",2025-06-30T20:43:56.307109438Z,01JZ18G4YK3PSP6R2PNWBA4P8S,2025-06-30T20:33:33.316646634Z,3,2025-06-30T20:33:11.192833151Z,true,2025-06-30T20:34:00.467794881Z,,,Player 2,2025-06-30T20:34:00.640581643Z,3,2025-06-30T20:42:36.288730512Z,01JZ18J137467WJXAX2VHWTGBB,2025-06-30T20:30:49.398932907Z,,,"{""networkStruct"":""pooled"",""playerCount"":6}",2025-06-30T20:30:49.418112998Z,"Pooled, Redundancy",2025-06-30T20:30:49.418112998Z,{},2025-06-30T20:30:50.042350546Z,TaskQueue,2025-06-30T20:42:36.23056093Z
01JZ18JB3MSJ90Q409EWQ8K24C,,,,,,,,,no more games,2025-06-30T21:25:22.491405605Z,,,,,null,2025-06-30T21:25:22.491405605Z,3,2025-06-30T20:34:13.980758055Z,,,,,,,,,01JZ18JAMYPT4Y4WDP4NP60A3C,2025-06-30T20:30:59.188269966Z,,,"{""networkStruct"":""pooled"",""playerCount"":6}",2025-06-30T20:30:59.207582489Z,"Pooled, Redundancy",2025-06-30T20:30:59.207582489Z,{},2025-06-30T20:30:59.44825514Z,,
01JZ1A11QXMY0GZ8B5FCM3RTBW,true,2025-06-30T21:05:51.924043537Z,true,2025-06-30T21:05:51.019615166Z,2,2025-06-30T21:09:34.232759993Z,neighborhood_8,2025-06-30T21:09:34.213614681Z,game ended,2025-06-30T21:11:05.012589056Z,1,2025-06-30T21:11:48.410836349Z,"{""age"":""31"",""gender"":""Male"",""strength"":""Was fun to do."",""fair"":""They probably were."",""feedback"":""Game was quite simple, nothing comes to mind."",""education"":""high-school""}",2025-06-30T21:11:48.429499805Z,01JZ19VF81DTYMGWYB0TAJKDWY,2025-06-30T20:56:29.731211862Z,3,2025-06-30T20:56:55.825195904Z,true,2025-06-30T20:57:16.906002645Z,,,Player 3,2025-06-30T21:01:34.891605243Z,2,2025-06-30T21:09:30.814911199Z,01JZ1A115K0Q1V866P7XV1BAKF,2025-06-30T20:56:29.693259674Z,MAXIMUM INCOME,2025-06-30T21:05:51.924043537Z,"{""networkStruct"":""reciprocal"",""playerCount"":6}",2025-06-30T20:56:29.731211862Z,"Reciprocal, Redundancy",2025-06-30T20:56:29.731211862Z,{},2025-06-30T20:56:30.02345143Z,TaskScreen,2025-06-30T21:09:34.251524359Z
01JZ178GZ31S8C5ECRC86PTTAS,true,2025-06-30T20:18:20.596040532Z,true,2025-06-30T20:18:14.463145978Z,null,2025-06-30T20:20:17.592243502Z,null,2025-06-30T20:20:17.600665347Z,game ended,2025-06-30T20:23:32.141601194Z,1,2025-06-30T20:24:35.923772946Z,"{""age"":""67"",""gender"":""female"",""strength"":""It was easy, but my teamates where quicker to solve my category"",""fair"":""Yes"",""feedback"":""NA"",""education"":""bachelor""}",2025-06-30T20:24:35.916156338Z,01JZ170DSWJ6311N72HPSQWG9K,2025-06-30T20:08:08.942545416Z,3,2025-06-30T20:09:20.126515149Z,true,2025-06-30T20:09:48.982393247Z,,,Player 1,2025-06-30T20:14:08.533237352Z,4,2025-06-30T20:20:17.606944783Z,01JZ178GW8AMH76SXV102SPJQN,2025-06-30T20:08:08.931247079Z,AVERAGE PEOPLE,2025-06-30T20:18:20.596040532Z,"{""networkStruct"":""reciprocal"",""playerCount"":6}",2025-06-30T20:08:08.942545416Z,"Reciprocal, Redundancy",2025-06-30T20:08:08.942545416Z,{},2025-06-30T20:08:08.999739705Z,TaskQueue,2025-06-30T20:20:17.61522856Z
01JZ1A4C7ZG2R9MAMN2NVT495T,,,,,,,,,game ended,2025-06-30T21:11:18.699677002Z,,,,,01JZ19VF5YA4VZJRJDVJVY1XBY,2025-06-30T20:58:18.79362526Z,3,2025-06-30T20:58:35.671046659Z,true,2025-06-30T20:59:01.779467324Z,true,2025-06-30T21:06:05.472213856Z,Player 5,2025-06-30T21:01:47.444543284Z,,,01JZ1A4BNYFRP841CMEEMGRPKS,2025-06-30T20:58:18.751725193Z,,,"{""networkStruct"":""reciprocal"",""playerCount"":6}",2025-06-30T20:58:18.79362526Z,"Reciprocal, Redundancy",2025-06-30T20:58:18.79362526Z,{},2025-06-30T20:58:19.074119404Z,,
01JZ1EV2QBA0A51FSNHWZDJC5Q,true,2025-06-30T22:25:54.904912034Z,true,2025-06-30T22:25:46.829659448Z,,,neighborhood_12,2025-06-30T22:30:59.683577524Z,game ended,2025-06-30T22:31:08.06178437Z,1,2025-06-30T22:31:41.346856183Z,"{""age"":""48"",""gender"":"""",""strength"":""it was interesting"",""fair"":""not really"",""feedback"":""fix the chat unless that was just no one talking"",""education"":""high-school""}",2025-06-30T22:31:41.395776836Z,01JZ1E91MDHZVF6NVBEDDVGZWT,2025-06-30T22:20:37.121556468Z,3,2025-06-30T22:20:56.390256422Z,true,2025-06-30T22:21:34.8727576Z,,,Player 4,2025-06-30T22:21:35.231478933Z,7,2025-06-30T22:30:56.85310777Z,01JZ1EV2ARXBRD3SFGP15NQ25S,2025-06-30T22:20:36.972052433Z,,,"{""networkStruct"":""pooled"",""playerCount"":4}",2025-06-30T22:20:37.121556468Z,"Pooled, Some Redundancy",2025-06-30T22:20:37.121556468Z,{},2025-06-30T22:20:37.32046337Z,TaskScreen,2025-06-30T22:30:59.790045553Z
01JZ1EQAMF1CPBT3C20MBYJDP4,true,2025-06-30T22:23:43.864839516Z,true,2025-06-30T22:23:38.782635109Z,,,null,2025-06-30T22:28:20.034310541Z,game ended,2025-06-30T22:28:57.749101098Z,1,2025-06-30T22:29:24.979992672Z,"{""age"":""24"",""gender"":""female"",""strength"":""It was fine"",""fair"":""I think my teammates were not real."",""feedback"":""N/A I had no issues"",""education"":""high-school""}",2025-06-30T22:29:24.947345534Z,01JZ1E91HHYKGR583PHV4V6JXR,2025-06-30T22:18:34.069721528Z,3,2025-06-30T22:18:56.837239091Z,true,2025-06-30T22:19:23.439181874Z,,,Player 4,2025-06-30T22:19:23.881242784Z,5,2025-06-30T22:28:19.939720267Z,01JZ1EQAFSWGDZN7QQ7NZS6CVG,2025-06-30T22:18:33.999488986Z,,,"{""networkStruct"":""pooled"",""playerCount"":4}",2025-06-30T22:18:34.069721528Z,"Pooled, Some Redundancy",2025-06-30T22:18:34.069721528Z,{},2025-06-30T22:18:34.148506618Z,TaskQueue,2025-06-30T22:28:20.12747604Z
01JZ18HYEVQSC277Q1HCSHCSWE,true,2025-06-30T20:38:18.460569504Z,true,2025-06-30T20:38:10.467223037Z,,,null,2025-06-30T20:41:55.528538881Z,game ended,2025-06-30T20:43:36.923226801Z,1,2025-06-30T20:45:24.504594291Z,"{""age"":""28"",""gender"":""Male"",""strength"":""It was easy overall, the training was very helpful in understanding the task."",""fair"":""I think they carried their own weight and we managed to finish almost all of the tasks except one, so most of them were definitely helpful in completing the game."",""feedback"":""The game is fine as it is, maybe more variation in results (most avg. people's results were 2 or 3) could make things harder and more exciting."",""education"":""high-school""}",2025-06-30T20:45:24.4724166Z,01JZ18G4YK3PSP6R2PNWBA4P8S,2025-06-30T20:30:46.255202748Z,3,2025-06-30T20:31:22.455428896Z,true,2025-06-30T20:31:49.176954659Z,,,Player 1,2025-06-30T20:34:00.640581643Z,5,2025-06-30T20:41:55.616886656Z,01JZ18HY1QS88A0MCKXF2EX68W,2025-06-30T20:30:46.235234891Z,,,"{""networkStruct"":""pooled"",""playerCount"":6}",2025-06-30T20:30:46.255202748Z,"Pooled, Redundancy",2025-06-30T20:30:46.255202748Z,{},2025-06-30T20:30:46.459963005Z,TaskQueue,2025-06-30T20:41:55.575673164Z
01JZ18J0PFCTBHRZ327Y7ADC0R,true,2025-06-30T20:37:23.492991016Z,true,2025-06-30T20:37:21.259527311Z,,,null,2025-06-30T20:40:28.493119715Z,game ended,2025-06-30T20:42:35.758255619Z,1,2025-06-30T20:43:59.816987779Z,"{""age"":""37"",""gender"":""female"",""strength"":""Fun, but I feel I put in more effort than some of the other teammates"",""fair"":""I feel I was one of the most helpful on the team, honestly. I did 3 and I am sure there were enough members to do 1 each from the group chat."",""feedback"":""make everyone complete at least 1 for the work is evenly distributed."",""education"":""bachelor""}",2025-06-30T20:43:59.768684419Z,01JZ18G4X5EPR69QT64DVYQXFJ,2025-06-30T20:30:48.549252333Z,3,2025-06-30T20:32:43.011789212Z,true,2025-06-30T20:32:47.100406901Z,,,Player 2,2025-06-30T20:33:09.864668709Z,2,2025-06-30T20:40:28.467483237Z,01JZ18J0BE07ZKT5MHM23XCT4X,2025-06-30T20:30:48.527221922Z,,,"{""networkStruct"":""pooled"",""playerCount"":6}",2025-06-30T20:30:48.549252333Z,"Pooled, Redundancy",2025-06-30T20:30:48.549252333Z,{},2025-06-30T20:30:48.752138251Z,TaskQueue,2025-06-30T20:40:28.513571132Z
01JZ18K1FP19HQQGWY5MDNJT99,,,,,,,,,game ended,2025-06-30T20:43:41.33041589Z,,,,,01JZ18G4XDWA3A08Y0HZ5HSAAF,2025-06-30T20:31:22.134791407Z,3,2025-06-30T20:32:16.867257063Z,true,2025-06-30T20:32:57.138048599Z,true,2025-06-30T20:38:23.658192753Z,Player 3,2025-06-30T20:34:05.425213928Z,,,01JZ18K15TEC095VT5WVPM5ECJ,2025-06-30T20:31:22.102742649Z,,,"{""networkStruct"":""reciprocal"",""playerCount"":6}",2025-06-30T20:31:22.134791407Z,"Reciprocal, Redundancy",2025-06-30T20:31:22.134791407Z,{},2025-06-30T20:31:22.27480493Z,,
01JZ19Y068YTBSDNPDANA6K38M,,,,,,,,,game ended,2025-06-30T21:11:18.699677002Z,,,,,01JZ19VF5YA4VZJRJDVJVY1XBY,2025-06-30T20:54:49.829967301Z,3,2025-06-30T20:54:55.4278519Z,true,2025-06-30T20:55:22.081891071Z,true,2025-06-30T21:06:05.472213856Z,Player 3,2025-06-30T21:01:47.444543284Z,,,01JZ19XZWBTEZVK7VFFAJ3JAKD,2025-06-30T20:54:49.800947687Z,,,"{""networkStruct"":""reciprocal"",""playerCount"":6}",2025-06-30T20:54:49.829967301Z,"Reciprocal, Redundancy",2025-06-30T20:54:49.829967301Z,{},2025-06-30T20:54:49.999070305Z,,
01JZ17E2HGHQEBNZ4BGFQ4PF6N,true,2025-06-30T20:17:43.734560079Z,true,2025-06-30T20:17:39.113169366Z,,,null,2025-06-30T20:20:15.647665669Z,game ended,2025-06-30T20:22:54.557901603Z,1,2025-06-30T20:23:33.927924012Z,"{""age"":""34"",""gender"":""Male"",""strength"":""It was fun. "",""fair"":""They sure were. "",""feedback"":""Lets get some more challenges going. "",""education"":""other""}",2025-06-30T20:23:33.908528125Z,01JZ170DSBT7R80F1BC6BFNZAP,2025-06-30T20:11:10.779227199Z,3,2025-06-30T20:12:00.216150505Z,true,2025-06-30T20:12:23.191901404Z,,,Player 5,2025-06-30T20:13:31.605335602Z,1,2025-06-30T20:20:15.633383691Z,01JZ17E22Q12E4KYY59Y28EHEZ,2025-06-30T20:11:10.768742653Z,,,"{""networkStruct"":""pooled"",""playerCount"":6}",2025-06-30T20:11:10.779227199Z,"Pooled, Redundancy",2025-06-30T20:11:10.779227199Z,{},2025-06-30T20:11:10.973936159Z,TaskQueue,2025-06-30T20:20:15.627008724Z
01JZ1B42FGZXM24HBWN8AZM67K,,,,,,,,,game ended,2025-06-30T21:34:44.226606523Z,,,,,01JZ1B1W5TAZ0C76DBH0ZAEY5X,2025-06-30T21:15:37.393122617Z,3,2025-06-30T21:16:05.374643088Z,true,2025-06-30T21:16:20.536979959Z,true,2025-06-30T21:29:31.539376673Z,Player 4,2025-06-30T21:25:13.947903057Z,,,01JZ1B428W3W2EZZVNJ1DPYAP1,2025-06-30T21:15:37.329008926Z,,,"{""networkStruct"":""pooled"",""playerCount"":6}",2025-06-30T21:15:37.393122617Z,"Pooled, Redundancy",2025-06-30T21:15:37.393122617Z,{},2025-06-30T21:15:37.474878314Z,,
01JZ1GD1FP8MA953H2XDEXAMBW,,,,,,,,,no more games,2025-06-30T22:50:52.627478111Z,1,2025-06-30T22:53:48.657120711Z,"{""age"":""43"",""gender"":""Female"",""strength"":""It is interesting."",""fair"":""Yes"",""feedback"":""N/A"",""education"":""master""}",2025-06-30T22:53:48.627240881Z,null,2025-06-30T22:50:52.627478111Z,,,,,,,,,,,01JZ1GD04G8ND0E59FVFMP9W20,2025-06-30T22:47:54.102167333Z,,,"{""networkStruct"":""reciprocal"",""playerCount"":3}",2025-06-30T22:47:54.217873675Z,"Reciprocal, No Redundancy",2025-06-30T22:47:54.217873675Z,{},2025-06-30T22:47:54.636731501Z,,
01JZ1DC86090YGW063MKPBWM30,,,,,,,,,no more games,2025-06-30T21:58:21.876743771Z,,,,,null,2025-06-30T21:58:21.876743771Z,3,2025-06-30T21:56:01.224927424Z,,,,,,,,,01JZ1DC7PZ5E8GGQE1E6G8W602,2025-06-30T21:55:02.464301212Z,,,"{""networkStruct"":""reciprocal"",""playerCount"":4}",2025-06-30T21:55:02.569132071Z,"Reciprocal, Some Redundancy",2025-06-30T21:55:02.569132071Z,{},2025-06-30T21:55:02.800802166Z,,
01JZ1EB9A62JTZM8674AWVY211,,,,,,,,,game ended,2025-06-30T22:29:27.236818571Z,,,,,01JZ1E926BWK6TV1HDSC3ZQW4Y,2025-06-30T22:11:59.499749467Z,3,2025-06-30T22:12:51.983223781Z,true,2025-06-30T22:14:04.539834071Z,true,2025-06-30T22:24:15.009496783Z,Player 2,2025-06-30T22:19:55.617632576Z,,,01JZ1EB5RMHK2ECWPTZJR3Z813,2025-06-30T22:11:59.430335048Z,,,"{""networkStruct"":""reciprocal"",""playerCount"":3}",2025-06-30T22:11:59.499749467Z,"Reciprocal, No Redundancy",2025-06-30T22:11:59.499749467Z,{},2025-06-30T22:11:59.742705382Z,,
01JZ1EESNEX1G6N7P06E41EYRK,true,2025-06-30T22:31:35.908817835Z,true,2025-06-30T22:31:29.164398556Z,,,neighborhood_14,2025-06-30T22:36:38.641025765Z,game ended,2025-06-30T22:36:50.279622625Z,1,2025-06-30T22:37:16.875768452Z,"{""age"":""31"",""gender"":""Male"",""strength"":""It was actually fun"",""fair"":""They were helpful and fast"",""feedback"":""Just the wait time was a bit annoying but that is all. "",""education"":""high-school""}",2025-06-30T22:37:16.78731504Z,01JZ1E91ENR7DC2PFTK7ZY5PTJ,2025-06-30T22:13:54.54203297Z,3,2025-06-30T22:14:29.954443589Z,true,2025-06-30T22:14:47.182679396Z,,,Player 2,2025-06-30T22:27:08.010333749Z,5,2025-06-30T22:36:37.576727995Z,01JZ1EES60MPKKX81MJ346CQAV,2025-06-30T22:13:54.478243314Z,,,"{""networkStruct"":""pooled"",""playerCount"":4}",2025-06-30T22:13:54.54203297Z,"Pooled, Some Redundancy",2025-06-30T22:13:54.54203297Z,{},2025-06-30T22:13:54.784065151Z,TaskScreen,2025-06-30T22:36:38.686708384Z
01JZ1EMYVSBFSNMNYSTV9SNRK6,,,,,,,,,game ended,2025-06-30T22:34:11.512070981Z,,,,,01JZ1E923XSJ5V9JGGJQR2CG7M,2025-06-30T22:17:16.473327016Z,3,2025-06-30T22:21:41.04711229Z,true,2025-06-30T22:24:31.915505285Z,true,2025-06-30T22:28:57.645605015Z,Player 3,2025-06-30T22:24:32.763951478Z,,,01JZ1EMXB7K5JD0APMGHXSCBDF,2025-06-30T22:17:16.409225716Z,,,"{""networkStruct"":""reciprocal"",""playerCount"":3}",2025-06-30T22:17:16.473327016Z,"Reciprocal, No Redundancy",2025-06-30T22:17:16.473327016Z,{},2025-06-30T22:17:16.814330219Z,,
01JZ1763ZE1VD7FNYG3WZHGCWZ,true,2025-06-30T20:20:26.193567279Z,true,2025-06-30T20:20:17.641489619Z,null,2025-06-30T20:22:45.92113752Z,null,2025-06-30T20:22:46.023668261Z,game ended,2025-06-30T20:25:37.512176136Z,1,2025-06-30T20:26:16.781004111Z,"{""age"":""34"",""gender"":""Male"",""strength"":""Nothing special. It was cool i guess."",""fair"":""Yes"",""feedback"":""I don't know, more responsive and better explanations."",""education"":""bachelor""}",2025-06-30T20:26:16.774233047Z,01JZ170DS5DJKXJ3Z7YVJKJJXK,2025-06-30T20:06:50.106711891Z,3,2025-06-30T20:08:05.318563067Z,true,2025-06-30T20:08:20.123552443Z,,,Player 1,2025-06-30T20:16:13.512542079Z,8,2025-06-30T20:22:45.960633017Z,01JZ1763HDCH23X41ZQPBQKCTW,2025-06-30T20:06:50.094556836Z,AVERAGE PEOPLE,2025-06-30T20:20:26.193567279Z,"{""networkStruct"":""reciprocal"",""playerCount"":6}",2025-06-30T20:06:50.106711891Z,"Reciprocal, Redundancy",2025-06-30T20:06:50.106711891Z,{},2025-06-30T20:06:50.331763671Z,TaskQueue,2025-06-30T20:22:46.005843911Z
01JZ18KAD3ET3YWT2B268D40PX,true,2025-06-30T20:37:21.579201275Z,true,2025-06-30T20:37:12.325866159Z,null,2025-06-30T20:39:07.279919736Z,null,2025-06-30T20:39:07.215401865Z,game ended,2025-06-30T20:42:33.688621444Z,1,2025-06-30T20:43:13.212332387Z,"{""age"":""36"",""gender"":""Male"",""strength"":""It was an interesting and enjoyable game"",""fair"":""Yes"",""feedback"":"""",""education"":""bachelor""}",2025-06-30T20:43:13.189757528Z,01JZ18G50PJASP911XB82AW46K,2025-06-30T20:32:50.747331605Z,3,2025-06-30T20:32:19.210786491Z,true,2025-06-30T20:33:01.752087844Z,,,Player 3,2025-06-30T20:33:05.746157902Z,5,2025-06-30T20:39:07.443491524Z,01JZ18KA3JNJ14Y1K2AXVNYPQF,2025-06-30T20:31:31.235948361Z,MAXIMUM INCOME,2025-06-30T20:37:21.579201275Z,"{""networkStruct"":""reciprocal"",""playerCount"":6}",2025-06-30T20:31:31.289246391Z,"Reciprocal, Redundancy",2025-06-30T20:31:31.289246391Z,{},2025-06-30T20:31:31.585863171Z,TaskQueue,2025-06-30T20:39:07.303736276Z
01JZ1B7XH7QNVK2R6AN42MH9ZC,,,,,,,,,no more games,2025-06-30T21:25:22.491405605Z,,,,,null,2025-06-30T21:25:22.491405605Z,3,2025-06-30T21:18:26.685230982Z,,,,,,,,,01JZ1B7X5YBT1Q8TNT4QTYVRF7,2025-06-30T21:17:43.335607104Z,,,"{""networkStruct"":""pooled"",""playerCount"":6}",2025-06-30T21:17:43.381492482Z,"Pooled, Redundancy",2025-06-30T21:17:43.381492482Z,{},2025-06-30T21:17:43.570807911Z,,
01JZ1CE4G2ZBQ3RC42PH2Z8JMT,,,,,,,,,no more games,2025-06-30T21:57:53.402081961Z,,,,,null,2025-06-30T21:57:53.402081961Z,1,2025-06-30T21:39:38.018816497Z,,,,,,,,,01JZ1CE2NMHQJKKJ9XWSMQ9QC3,2025-06-30T21:38:35.650381557Z,,,"{""networkStruct"":""reciprocal"",""playerCount"":6}",2025-06-30T21:38:36.016493299Z,"Reciprocal, Redundancy",2025-06-30T21:38:36.016493299Z,{},2025-06-30T21:38:36.327298388Z,,
01JZ177S5KY8F9N4218V4EVNPY,true,2025-06-30T20:17:43.734560079Z,true,2025-06-30T20:17:36.098814378Z,,,null,2025-06-30T20:21:54.036584571Z,game ended,2025-06-30T20:22:54.557901603Z,1,2025-06-30T20:24:33.448144926Z,"{""age"":""34"",""gender"":""Male"",""strength"":""I thought it was an interesting team, since there wasn't really much cooperation beyond completing the various locations together. There was no feedback or way to verify their work which I think would have made the team dynamic make a bit more sense. It was fun either way I love these types of tasks!"",""fair"":""No, but I wouldn't say they were a detriment or unhelpful. It was pretty much a solo experience under the mask of cooperation."",""feedback"":""Add that chat overlay so we can catch up on our teammates during the task or to see if they had any questions or math assistance."",""education"":""bachelor""}",2025-06-30T20:24:33.43691962Z,01JZ170DSBT7R80F1BC6BFNZAP,2025-06-30T20:07:44.573227382Z,3,2025-06-30T20:08:31.905941624Z,true,2025-06-30T20:09:10.588447081Z,,,Player 1,2025-06-30T20:13:31.605335602Z,2,2025-06-30T20:21:54.00810461Z,01JZ177S0S1F7MRGJHPHMH1TV7,2025-06-30T20:07:44.563178939Z,,,"{""networkStruct"":""pooled"",""playerCount"":6}",2025-06-30T20:07:44.573227382Z,"Pooled, Redundancy",2025-06-30T20:07:44.573227382Z,{},2025-06-30T20:07:44.644682202Z,TaskQueue,2025-06-30T20:21:54.015420826Z
01JZ17FZXSD3JPY8Z3YRMZJDDV,true,2025-06-30T20:20:26.193567279Z,true,2025-06-30T20:20:24.006560916Z,null,2025-06-30T20:22:41.943866306Z,null,2025-06-30T20:22:41.913641123Z,game ended,2025-06-30T20:25:37.512176136Z,1,2025-06-30T20:26:09.050235543Z,"{""age"":""25"",""gender"":"""",""strength"":""it was fun and unique"",""fair"":""yes"",""feedback"":"""",""education"":""""}",2025-06-30T20:26:09.041227004Z,01JZ170DS5DJKXJ3Z7YVJKJJXK,2025-06-30T20:12:13.636540617Z,3,2025-06-30T20:12:59.280410403Z,true,2025-06-30T20:13:34.763838381Z,,,Player 6,2025-06-30T20:16:13.512542079Z,10,2025-06-30T20:22:41.932398936Z,01JZ17FZFJK37CS53CDVBDX069,2025-06-30T20:12:13.625193834Z,AVERAGE PEOPLE,2025-06-30T20:20:26.193567279Z,"{""networkStruct"":""reciprocal"",""playerCount"":6}",2025-06-30T20:12:13.636540617Z,"Reciprocal, Redundancy",2025-06-30T20:12:13.636540617Z,{},2025-06-30T20:12:13.879800525Z,TaskQueue,2025-06-30T20:22:41.95274212Z
01JZ18JE7QR9RF8E7B9MDMMGE2,,,,,,,,,game ended,2025-06-30T20:44:36.398484801Z,,,,,01JZ18G508W9SSEDAT6B79GZND,2025-06-30T20:31:02.416833243Z,3,2025-06-30T20:31:37.296319209Z,true,2025-06-30T20:31:50.090352065Z,true,2025-06-30T20:39:23.989964643Z,Player 2,2025-06-30T20:35:04.198443928Z,,,01JZ18JDQKKXTS6XQ18PGA52S3,2025-06-30T20:31:02.391387985Z,,,"{""networkStruct"":""reciprocal"",""playerCount"":6}",2025-06-30T20:31:02.416833243Z,"Reciprocal, Redundancy",2025-06-30T20:31:02.416833243Z,{},2025-06-30T20:31:02.67196095Z,,
01JZ1G82YG8RECYV7TAMBGD9YX,true,2025-06-30T22:53:54.714723326Z,true,2025-06-30T22:53:46.650898281Z,null,2025-06-30T22:58:59.695214906Z,null,2025-06-30T22:58:59.934166218Z,game ended,2025-06-30T22:59:08.945508878Z,1,2025-06-30T22:59:59.01993775Z,"{""age"":""31"",""gender"":""Male"",""strength"":""It was entertaining, but I wasn't sure if I was doing it right."",""fair"":""I don't know, could I know?"",""feedback"":""Make it more clear what is going on, I think."",""education"":""bachelor""}",2025-06-30T22:59:58.974023624Z,01JZ1G2A24PAZYJHH2EQFGJG7N,2025-06-30T22:45:11.890069279Z,3,2025-06-30T22:46:21.860557901Z,true,2025-06-30T22:47:06.692200855Z,,,Player 2,2025-06-30T22:49:35.293551369Z,14,2025-06-30T22:58:59.97742334Z,01JZ1G82GY8WNG6GJN5VB2D8FG,2025-06-30T22:45:11.760271366Z,MAXIMUM INCOME,2025-06-30T22:53:54.714723326Z,"{""networkStruct"":""reciprocal"",""playerCount"":3}",2025-06-30T22:45:11.890069279Z,"Reciprocal, No Redundancy",2025-06-30T22:45:11.890069279Z,{},2025-06-30T22:45:12.074169478Z,TaskQueue,2025-06-30T22:58:59.655455083Z
01JZ17PVGHXMPNG6NPW5X9A4YM,,,,,,,,,no more games,2025-06-30T21:25:22.491405605Z,,,,,null,2025-06-30T21:25:22.491405605Z,2,2025-06-30T20:18:04.541228193Z,,,,,,,,,01JZ17PTZR8SPT8SV69EKJSQ8G,2025-06-30T20:15:58.481535998Z,,,"{""networkStruct"":""pooled"",""playerCount"":6}",2025-06-30T20:15:58.49702381Z,"Pooled, Redundancy",2025-06-30T20:15:58.49702381Z,{},2025-06-30T20:15:58.766080508Z,,
01JZ1C42HDFGHZFCN4YDW8V435,,,,,,,,,game ended,2025-06-30T21:44:47.29280644Z,,,,,01JZ1BX849RGFMRNF1WR9VXVPD,2025-06-30T21:33:06.023405149Z,3,2025-06-30T21:33:27.885760505Z,true,2025-06-30T21:33:41.379534402Z,true,2025-06-30T21:39:35.262322061Z,Player 1,2025-06-30T21:35:19.337101448Z,,,01JZ1C425QTZSRC43XR3CM4D37,2025-06-30T21:33:05.965773213Z,,,"{""networkStruct"":""reciprocal"",""playerCount"":3}",2025-06-30T21:33:06.023405149Z,"Reciprocal, No Redundancy",2025-06-30T21:33:06.023405149Z,{},2025-06-30T21:33:06.209145768Z,,
01JZ1C81Q30SJS8RPKE6DEZNN1,,,,,,,,,no more games,2025-06-30T22:50:52.627478111Z,1,2025-06-30T21:37:20.906892656Z,"{""age"":""45"",""gender"":""m"",""strength"":""I actually haven't played the game yet. The survey opened up on this window. This is weird."",""fair"":""I haven't been able to play the game yet the survey opened on the this page. This is weird."",""feedback"":""Not sure yet I'm trying to figure out if I'm gonna be able to actually play this game because they opened up on this end page exit survey that's weird"",""education"":""high-school""}",2025-06-30T21:37:20.984993064Z,null,2025-06-30T22:50:52.627478111Z,,,,,,,,,,,01JZ1C80YYMKN0FZGV1CTF4VBQ,2025-06-30T21:35:16.195789646Z,,,"{""networkStruct"":""reciprocal"",""playerCount"":3}",2025-06-30T21:35:16.452127888Z,"Reciprocal, No Redundancy",2025-06-30T21:35:16.452127888Z,{},2025-06-30T21:35:16.692248406Z,,
01JZ1CHHENXRFPD7VNDFKQ5330,true,2025-06-30T21:46:17.210579408Z,true,2025-06-30T21:46:09.658364811Z,null,2025-06-30T21:49:11.46175592Z,null,2025-06-30T21:49:11.482269369Z,game ended,2025-06-30T21:51:29.039704074Z,1,2025-06-30T21:52:39.642982386Z,"{""age"":""27"",""gender"":""Male"",""strength"":""I thought it was a fun and engaging game. "",""fair"":""Yes, I found my teammates to be very helpful. "",""feedback"":""I can't think of any improvements. The instructions were clear and the task was very simple. "",""education"":""high-school""}",2025-06-30T21:52:39.611641235Z,01JZ1C4XNE4VHGMR9JDZS6Y7F9,2025-06-30T21:40:27.31920169Z,3,2025-06-30T21:41:27.739497288Z,true,2025-06-30T21:41:56.971560057Z,,,Player 6,2025-06-30T21:41:57.48600451Z,9,2025-06-30T21:49:11.413025187Z,01JZ1CHHA5FH9QPDMQDDV9YTCA,2025-06-30T21:40:27.221703331Z,MAXIMUM INCOME,2025-06-30T21:46:17.210579408Z,"{""networkStruct"":""reciprocal"",""playerCount"":6}",2025-06-30T21:40:27.31920169Z,"Reciprocal, Redundancy",2025-06-30T21:40:27.31920169Z,{},2025-06-30T21:40:27.428268897Z,TaskQueue,2025-06-30T21:49:11.437597469Z
01JZ17B8EAMA6MXWF42Y5PVE7P,true,2025-06-30T20:18:52.075133417Z,true,2025-06-30T20:18:45.302559526Z,null,2025-06-30T20:23:51.725999263Z,null,2025-06-30T20:23:51.701382568Z,game ended,2025-06-30T20:24:03.301119697Z,1,2025-06-30T20:25:02.380376065Z,"{""age"":""35"",""gender"":""male"",""strength"":""It was fast paced"",""fair"":""It seemed like we had to do things independantly"",""feedback"":""-"",""education"":""bachelor""}",2025-06-30T20:25:02.360866838Z,01JZ170DS434CCJM920K0JDY80,2025-06-30T20:09:38.520124544Z,3,2025-06-30T20:11:08.557799553Z,true,2025-06-30T20:12:05.507979576Z,,,Player 2,2025-06-30T20:14:39.928599976Z,14,2025-06-30T20:23:51.679846181Z,01JZ17B7ZHR8ZDGH3GG7HJJR9E,2025-06-30T20:09:38.507066956Z,MAXIMUM INCOME,2025-06-30T20:18:52.075133417Z,"{""networkStruct"":""reciprocal"",""playerCount"":6}",2025-06-30T20:09:38.520124544Z,"Reciprocal, Redundancy",2025-06-30T20:09:38.520124544Z,{},2025-06-30T20:09:38.767842154Z,TaskQueue,2025-06-30T20:23:51.747012745Z
01JZ17D915S4GRY1FXGXK8RTTY,true,2025-06-30T20:18:20.596040532Z,true,2025-06-30T20:18:17.038255037Z,null,2025-06-30T20:21:18.047202933Z,null,2025-06-30T20:21:18.073321489Z,game ended,2025-06-30T20:23:32.141601194Z,1,2025-06-30T20:25:40.360883471Z,"{""age"":""55"",""gender"":""Female"",""strength"":""The game was challenging and also interesting. "",""fair"":""Not really"",""feedback"":""Give more instructions on how to complete the game. "",""education"":""bachelor""}",2025-06-30T20:25:40.353128457Z,01JZ170DSWJ6311N72HPSQWG9K,2025-06-30T20:10:44.656937331Z,3,2025-06-30T20:12:00.006632936Z,true,2025-06-30T20:13:00.014358477Z,,,Player 5,2025-06-30T20:14:08.533237352Z,3,2025-06-30T20:21:18.037850124Z,01JZ17D79RYT5NHNQ9P9MWVGMB,2025-06-30T20:10:44.645814086Z,CHILDREN'S COMMUTE DISTANCE,2025-06-30T20:18:20.596040532Z,"{""networkStruct"":""reciprocal"",""playerCount"":6}",2025-06-30T20:10:44.656937331Z,"Reciprocal, Redundancy",2025-06-30T20:10:44.656937331Z,{},2025-06-30T20:10:44.966045459Z,TaskQueue,2025-06-30T20:21:18.084816499Z
01JZ18N06YG4ZMSQQQ92S1PQNP,true,2025-06-30T20:38:37.911326463Z,true,2025-06-30T20:38:31.653469778Z,null,2025-06-30T20:43:00.407026535Z,null,2025-06-30T20:43:00.384795227Z,game ended,2025-06-30T20:43:59.034247431Z,1,2025-06-30T20:44:25.18045312Z,"{""age"":""65"",""gender"":""Male"",""strength"":""It was fun. "",""fair"":""I think so."",""feedback"":""None at the moment"",""education"":""master""}",2025-06-30T20:44:25.156149384Z,01JZ18G4ZZG5A688HVVJGKBFVW,2025-06-30T20:34:05.226431865Z,3,2025-06-30T20:33:33.982046626Z,true,2025-06-30T20:34:09.021195062Z,,,Player 5,2025-06-30T20:34:20.528730734Z,5,2025-06-30T20:43:00.364489852Z,01JZ18MZBSS582DK1Y604YW5RZ,2025-06-30T20:32:26.334666018Z,MAXIMUM INCOME,2025-06-30T20:38:37.911326463Z,"{""networkStruct"":""reciprocal"",""playerCount"":6}",2025-06-30T20:32:26.355614429Z,"Reciprocal, Redundancy",2025-06-30T20:32:26.355614429Z,{},2025-06-30T20:32:26.687321599Z,TaskQueue,2025-06-30T20:43:00.426651625Z
01JZ1F5SP3FJ3QRBF6H269SPHT,,,,,,,,,no more games,2025-06-30T22:56:23.893405936Z,1,2025-06-30T22:29:56.225244056Z,"{""age"":""29"",""gender"":""Female"",""strength"":""i think it will be interesting"",""fair"":""i didn't get the chance to interact"",""feedback"":""maybe fixing the errors to allow one to fully participate"",""education"":""bachelor""}",2025-06-30T22:29:56.193964794Z,null,2025-06-30T22:56:23.893405936Z,2,2025-06-30T22:26:52.091540118Z,,,,,,,,,01JZ1F5RXXCFJYGME5C5K2F3GX,2025-06-30T22:26:28.163821758Z,,,"{""networkStruct"":""pooled"",""playerCount"":4}",2025-06-30T22:26:28.513013232Z,"Pooled, Some Redundancy",2025-06-30T22:26:28.513013232Z,{},2025-06-30T22:26:28.764818603Z,,
01JZ1B4FWCV3S3JF90184ADC3A,,,,,,,,,game ended,2025-06-30T21:30:03.920018166Z,,,,,01JZ1B1W2WT8MR9NJ7RDDSFH2M,2025-06-30T21:15:51.089445336Z,3,2025-06-30T21:16:31.366851593Z,true,2025-06-30T21:16:57.927582358Z,true,2025-06-30T21:24:50.473796249Z,Player 3,2025-06-30T21:20:33.791002238Z,,,01JZ1B4FD183KCHAFCH724MGZA,2025-06-30T21:15:51.05234973Z,,,"{""networkStruct"":""reciprocal"",""playerCount"":6}",2025-06-30T21:15:51.089445336Z,"Reciprocal, Redundancy",2025-06-30T21:15:51.089445336Z,{},2025-06-30T21:15:51.330566262Z,,
01JZ1B811D0DJD23YQN2DZYBGD,true,2025-06-30T21:27:31.530045849Z,true,2025-06-30T21:27:25.260615149Z,,,null,2025-06-30T21:32:18.469510518Z,game ended,2025-06-30T21:32:44.599486052Z,1,2025-06-30T21:33:02.647884186Z,"{""age"":""54"",""gender"":""female"",""strength"":""interesting"",""fair"":""yes"",""feedback"":""can't think of anything"",""education"":""high-school""}",2025-06-30T21:33:02.701822932Z,01JZ1B1W46BH5YH0XYSE8KJRBK,2025-06-30T21:17:46.973125039Z,3,2025-06-30T21:18:17.080927644Z,true,2025-06-30T21:18:36.181351685Z,,,Player 3,2025-06-30T21:23:14.987303625Z,6,2025-06-30T21:32:18.559555404Z,01JZ1B80SZA3XQE1X6H1NAK2F9,2025-06-30T21:17:46.925933567Z,,,"{""networkStruct"":""pooled"",""playerCount"":6}",2025-06-30T21:17:46.973125039Z,"Pooled, Redundancy",2025-06-30T21:17:46.973125039Z,{},2025-06-30T21:17:47.079918754Z,TaskQueue,2025-06-30T21:32:18.518743313Z
01JZ1DCFS2MSEF81EKXGM05M99,true,2025-06-30T22:02:26.99476172Z,true,2025-06-30T22:02:20.11960002Z,null,2025-06-30T22:06:44.093315695Z,null,2025-06-30T22:06:44.027698139Z,game ended,2025-06-30T22:07:41.466518466Z,1,2025-06-30T22:09:22.176373205Z,"{""age"":""44"",""gender"":""female"",""strength"":""I enjoyed it "",""fair"":""i didnt feel like we had a lot of time to properly talk and understand our team"",""feedback"":""More time to learn and check our answers and more time to learn about our team"",""education"":""other""}",2025-06-30T22:09:22.14251858Z,01JZ1D0S4EMT97ECKQ06X1ZWAX,2025-06-30T21:55:14.951793376Z,3,2025-06-30T21:56:15.443708064Z,true,2025-06-30T21:57:04.65393123Z,,,Player 3,2025-06-30T21:58:07.230550856Z,14,2025-06-30T22:06:43.997049424Z,01JZ1DCFBN9P8VW3RWEF7E5Y2Y,2025-06-30T21:55:10.24271095Z,CHILDREN'S COMMUTE DISTANCE,2025-06-30T22:02:26.99476172Z,"{""networkStruct"":""reciprocal"",""playerCount"":4}",2025-06-30T21:55:10.298121646Z,"Reciprocal, Some Redundancy",2025-06-30T21:55:10.298121646Z,{},2025-06-30T21:55:10.574880371Z,TaskQueue,2025-06-30T22:06:44.05661404Z
01JZ1ENXKQ8QM070MZA5HYVVNG,true,2025-06-30T22:26:31.385764791Z,true,2025-06-30T22:26:28.978537785Z,null,2025-06-30T22:31:42.739889151Z,null,2025-06-30T22:31:42.698036841Z,game ended,2025-06-30T22:31:43.668547817Z,1,2025-06-30T22:33:14.436935293Z,"{""age"":""56"",""gender"":""male"",""strength"":""Cognitive measurement"",""fair"":""No"",""feedback"":""By making increasing time for practice"",""education"":""bachelor""}",2025-06-30T22:33:14.395666171Z,01JZ1E91WFH0SPDF0PZ6G1349X,2025-06-30T22:17:47.965350111Z,3,2025-06-30T22:20:34.062551234Z,true,2025-06-30T22:22:12.522199973Z,,,Player 3,2025-06-30T22:22:13.550509847Z,12,2025-06-30T22:31:42.661712567Z,01JZ1ENWKJM2F2ZTV7F4RCPS8T,2025-06-30T22:17:47.895783655Z,CHILDREN'S COMMUTE DISTANCE,2025-06-30T22:26:31.385764791Z,"{""networkStruct"":""reciprocal"",""playerCount"":3}",2025-06-30T22:17:47.965350111Z,"Reciprocal, No Redundancy",2025-06-30T22:17:47.965350111Z,{},2025-06-30T22:17:48.47730902Z,TaskQueue,2025-06-30T22:31:42.777683775Z
01JZ17CPP7Y270N83EX04850B6,true,2025-06-30T20:22:20.655108449Z,true,2025-06-30T20:22:17.661033036Z,,,null,2025-06-30T20:27:13.356992362Z,game ended,2025-06-30T20:27:31.720404695Z,1,2025-06-30T20:28:10.417098475Z,"{""age"":""27"",""gender"":""male"",""strength"":""easy and fun"",""fair"":""definitely yes"",""feedback"":""a little more time maybe"",""education"":""bachelor""}",2025-06-30T20:28:10.422103204Z,01JZ170DS9MMA8EZAVKYS5SMHX,2025-06-30T20:12:20.829505601Z,3,2025-06-30T20:14:01.21613184Z,true,2025-06-30T20:15:03.994681543Z,,,Player 3,2025-06-30T20:18:06.153859821Z,3,2025-06-30T20:27:13.364477692Z,01JZ17CP896WKCE8N2CMN70DAT,2025-06-30T20:10:25.86378985Z,,,"{""networkStruct"":""pooled"",""playerCount"":6}",2025-06-30T20:10:25.8791445Z,"Pooled, Redundancy",2025-06-30T20:10:25.8791445Z,{},2025-06-30T20:10:26.241915804Z,TaskQueue,2025-06-30T20:27:13.351111389Z
01JZ17G9ZFDP0QC4ASAB62EXYP,true,2025-06-30T20:19:36.431589745Z,true,2025-06-30T20:19:29.33843607Z,null,2025-06-30T20:22:06.840999447Z,null,2025-06-30T20:22:06.80057647Z,game ended,2025-06-30T20:24:47.738046724Z,1,2025-06-30T20:25:36.234085926Z,"{""age"":""23"",""gender"":""Male"",""strength"":""To understand how we collaborate"",""fair"":""Yes"",""feedback"":""It went perfectly well"",""education"":""bachelor""}",2025-06-30T20:25:36.145563023Z,01JZ170DS0283SZNEN95XAWWS4,2025-06-30T20:13:27.547664111Z,3,2025-06-30T20:14:11.489912095Z,true,2025-06-30T20:14:56.504297574Z,,,Player 4,2025-06-30T20:15:24.36435341Z,6,2025-06-30T20:22:06.817448444Z,01JZ17G7YN673KBGK5X2YTXXSS,2025-06-30T20:12:23.919509678Z,CHILDREN'S COMMUTE DISTANCE,2025-06-30T20:19:36.431589745Z,"{""networkStruct"":""reciprocal"",""playerCount"":6}",2025-06-30T20:12:23.934320629Z,"Reciprocal, Redundancy",2025-06-30T20:12:23.934320629Z,{},2025-06-30T20:12:25.312916897Z,TaskQueue,2025-06-30T20:22:06.875428899Z
01JZ1EK77BRBNM03T0A9A1Z152,true,2025-06-30T22:23:43.864839516Z,true,2025-06-30T22:23:37.623408046Z,,,null,2025-06-30T22:27:46.77243065Z,game ended,2025-06-30T22:28:57.749101098Z,1,2025-06-30T22:29:47.348025417Z,"{""age"":""27"",""gender"":""Man"",""strength"":""It was fun and challenging!"",""fair"":""Yes, they advanced quite quickly"",""feedback"":""No improvement needed, I had fun!"",""education"":""master""}",2025-06-30T22:29:47.381068008Z,01JZ1E91HHYKGR583PHV4V6JXR,2025-06-30T22:16:19.552862959Z,3,2025-06-30T22:16:59.89241774Z,true,2025-06-30T22:17:40.492765797Z,,,Player 3,2025-06-30T22:19:23.881242784Z,5,2025-06-30T22:27:46.564004173Z,01JZ1EK6V46353TSAVQF364YAD,2025-06-30T22:16:19.435258425Z,,,"{""networkStruct"":""pooled"",""playerCount"":4}",2025-06-30T22:16:19.552862959Z,"Pooled, Some Redundancy",2025-06-30T22:16:19.552862959Z,{},2025-06-30T22:16:19.734824656Z,TaskQueue,2025-06-30T22:27:46.721639382Z
01JZ19ZZZP5WTAHKTYB8XNJEC6,true,2025-06-30T21:10:34.627607587Z,true,2025-06-30T21:10:26.441709915Z,,,neighborhood_14,2025-06-30T21:15:13.671345394Z,game ended,2025-06-30T21:15:46.589557407Z,1,2025-06-30T21:16:22.205479027Z,"{""age"":""44"",""gender"":""woman"",""strength"":""It was interesting and I wanted to find the right answers."",""fair"":""not really"",""feedback"":""n/a"",""education"":""bachelor""}",2025-06-30T21:16:22.16039793Z,01JZ19VF3FCDRKA7RA8CE3SQDH,2025-06-30T20:55:55.164901062Z,3,2025-06-30T20:56:21.136613365Z,true,2025-06-30T20:56:38.155382204Z,,,Player 4,2025-06-30T21:06:18.176003215Z,5,2025-06-30T21:15:11.325419246Z,01JZ19ZZRRSDDZHEZHKZ73G819,2025-06-30T20:55:55.127011232Z,,,"{""networkStruct"":""pooled"",""playerCount"":6}",2025-06-30T20:55:55.164901062Z,"Pooled, Redundancy",2025-06-30T20:55:55.164901062Z,{},2025-06-30T20:55:55.275358221Z,TaskScreen,2025-06-30T21:15:13.696155972Z
01JZ1A3X40DMV6E1Q7DW0217X8,,,,,,,,,no more games,2025-06-30T21:57:53.402081961Z,,,,,null,2025-06-30T21:57:53.402081961Z,3,2025-06-30T20:59:37.187904291Z,,,,,,,,,01JZ1A3WPJEA5GZNKZH1J9ES4B,2025-06-30T20:58:03.264754701Z,,,"{""networkStruct"":""reciprocal"",""playerCount"":6}",2025-06-30T20:58:03.302233857Z,"Reciprocal, Redundancy",2025-06-30T20:58:03.302233857Z,{},2025-06-30T20:58:03.524770902Z,,
01JZ1B5GACPFWN4R0XMT462FAM,true,2025-06-30T21:23:51.190975292Z,true,2025-06-30T21:23:43.671178054Z,,,null,2025-06-30T21:27:54.488112213Z,game ended,2025-06-30T21:29:03.784596478Z,1,2025-06-30T21:29:31.982945669Z,"{""age"":""36"",""gender"":""Female"",""strength"":""Fun and entertaining."",""fair"":""Yes."",""feedback"":"""",""education"":""high-school""}",2025-06-30T21:29:31.955559548Z,01JZ1B1W5AJ9N87HJBZ99HRQPJ,2025-06-30T21:16:24.432912852Z,3,2025-06-30T21:16:58.283528338Z,true,2025-06-30T21:17:20.581660083Z,,,Player 4,2025-06-30T21:19:31.834785104Z,4,2025-06-30T21:27:54.462924193Z,01JZ1B5FTHKF752BP9HHE883D0,2025-06-30T21:16:24.268795914Z,,,"{""networkStruct"":""pooled"",""playerCount"":6}",2025-06-30T21:16:24.432912852Z,"Pooled, Redundancy",2025-06-30T21:16:24.432912852Z,{},2025-06-30T21:16:24.661259788Z,TaskQueue,2025-06-30T21:27:54.439745199Z
01JZ17FA2MQ87XVRF9HC0R27GC,true,2025-06-30T20:17:20.64261222Z,true,2025-06-30T20:17:13.805615229Z,,,neighborhood_11,2025-06-30T20:22:22.807139414Z,game ended,2025-06-30T20:22:31.677091335Z,1,2025-06-30T20:23:34.563827344Z,"{""age"":""28"",""gender"":""female"",""strength"":""simple rules and easy to follow\n"",""fair"":""unsure of how we could work as a team"",""feedback"":""instructions could have been given at the beginning to work out how to complete the whole games"",""education"":""master""}",2025-06-30T20:23:34.548113682Z,01JZ170DS8YWG03GZVY59N3JD0,2025-06-30T20:11:51.262945241Z,3,2025-06-30T20:12:30.635140123Z,true,2025-06-30T20:13:08.557252846Z,,,Player 6,2025-06-30T20:13:08.612535339Z,6,2025-06-30T20:22:21.530746933Z,01JZ17F9PRNXYXCFRN3B1189Y4,2025-06-30T20:11:51.252490272Z,,,"{""networkStruct"":""pooled"",""playerCount"":6}",2025-06-30T20:11:51.262945241Z,"Pooled, Redundancy",2025-06-30T20:11:51.262945241Z,{},2025-06-30T20:11:51.462402517Z,TaskScreen,2025-06-30T20:22:22.824156788Z
01JZ17MTB5GKSWH99Q93EGMW5K,,,,,,,,,no more games,2025-06-30T21:57:53.402081961Z,1,2025-06-30T20:17:34.956946874Z,"{""age"":""23"",""gender"":""female"",""strength"":"""",""fair"":"""",""feedback"":"""",""education"":""high-school""}",2025-06-30T20:17:35.374086744Z,null,2025-06-30T21:57:53.402081961Z,3,2025-06-30T20:16:59.887970208Z,,,,,,,,,01JZ17MSVGSPM00S057BDJEAEM,2025-06-30T20:14:51.750039415Z,,,"{""networkStruct"":""reciprocal"",""playerCount"":6}",2025-06-30T20:14:51.76343478Z,"Reciprocal, Redundancy",2025-06-30T20:14:51.76343478Z,{},2025-06-30T20:14:52.029359235Z,,
01JZ18JHMPB6Y0TNZB1CBHN9G9,true,2025-06-30T20:38:01.285914044Z,true,2025-06-30T20:37:55.27669898Z,,,null,2025-06-30T20:40:24.103757138Z,game ended,2025-06-30T20:43:14.789977819Z,1,2025-06-30T20:44:10.743019168Z,"{""age"":""24"",""gender"":""Male"",""strength"":""It was nice"",""fair"":""Not exactly"",""feedback"":""I don't know"",""education"":""master""}",2025-06-30T20:44:10.721850025Z,01JZ18G4YTQTSXFW2X0Y80VGVG,2025-06-30T20:31:05.921793462Z,3,2025-06-30T20:31:52.089098689Z,true,2025-06-30T20:32:31.273526976Z,,,Player 2,2025-06-30T20:33:44.552388257Z,3,2025-06-30T20:40:24.052589202Z,01JZ18JH6HR5EHNFDGJ8ZTKVAY,2025-06-30T20:31:05.878960047Z,,,"{""networkStruct"":""pooled"",""playerCount"":6}",2025-06-30T20:31:05.921793462Z,"Pooled, Redundancy",2025-06-30T20:31:05.921793462Z,{},2025-06-30T20:31:06.182690125Z,TaskQueue,2025-06-30T20:40:24.120650131Z
01JZ18JQTYVQ19WTRN7KYJ00FT,true,2025-06-30T20:38:01.285914044Z,true,2025-06-30T20:37:54.055041288Z,,,null,2025-06-30T20:40:19.458037866Z,game ended,2025-06-30T20:43:14.789977819Z,1,2025-06-30T20:44:02.62585712Z,"{""age"":""36"",""gender"":""female"",""strength"":""easy"",""fair"":""i dont think the teammates helped"",""feedback"":""a little bit of direction?"",""education"":""bachelor""}",2025-06-30T20:44:02.604428673Z,01JZ18G4YTQTSXFW2X0Y80VGVG,2025-06-30T20:31:12.244088759Z,3,2025-06-30T20:32:03.675381791Z,true,2025-06-30T20:32:21.488939071Z,,,Player 3,2025-06-30T20:33:44.552388257Z,1,2025-06-30T20:40:19.432138129Z,01JZ18JQP4V4KZ503BZT32TZ9Y,2025-06-30T20:31:12.222211826Z,,,"{""networkStruct"":""pooled"",""playerCount"":6}",2025-06-30T20:31:12.244088759Z,"Pooled, Redundancy",2025-06-30T20:31:12.244088759Z,{},2025-06-30T20:31:12.327341223Z,TaskQueue,2025-06-30T20:40:19.377109673Z
01JZ178QE8FT7YCFAWRXFD895X,true,2025-06-30T20:20:26.193567279Z,true,2025-06-30T20:20:18.737500299Z,null,2025-06-30T20:25:26.812181047Z,null,2025-06-30T20:25:26.806048591Z,game ended,2025-06-30T20:25:37.512176136Z,1,2025-06-30T20:27:54.521073194Z,"{""age"":""37"",""gender"":""Non-binary"",""strength"":""I thought it was fun but also really stressful! I struggle a little with mental arithmatic but it was a good challenge."",""fair"":""I think in order to carry out all of the tasks within the five minutes, yes. I wouldn't have been able to complete all the work by myself. "",""feedback"":""I think twice as long in the waiting room before the game starts in order to chat to your teammates. We had only just started introducing ourselves so it didn't really feel like we had a chance to talk before the task began. Maybe 2-3 minutes to allow everyone time to say hi. "",""education"":""bachelor""}",2025-06-30T20:27:54.515755277Z,01JZ170DS5DJKXJ3Z7YVJKJJXK,2025-06-30T20:08:15.578556725Z,3,2025-06-30T20:09:13.285120117Z,true,2025-06-30T20:09:57.051922219Z,,,Player 2,2025-06-30T20:16:13.512542079Z,15,2025-06-30T20:25:26.798886119Z,01JZ178Q2YQW81YMCDTA20GX9J,2025-06-30T20:08:15.560486653Z,MAXIMUM INCOME,2025-06-30T20:20:26.193567279Z,"{""networkStruct"":""reciprocal"",""playerCount"":6}",2025-06-30T20:08:15.578556725Z,"Reciprocal, Redundancy",2025-06-30T20:08:15.578556725Z,{},2025-06-30T20:08:15.746149253Z,TaskQueue,2025-06-30T20:25:26.791413383Z
01JZ1C98HS2FRFHZKQAPAW4FY4,true,2025-06-30T21:40:56.624813194Z,true,2025-06-30T21:40:48.293808741Z,,,null,2025-06-30T21:46:07.909700726Z,game ended,2025-06-30T21:46:08.627169446Z,1,2025-06-30T21:46:41.332428259Z,"{""age"":""26"",""gender"":""Male"",""strength"":""It was fun and repetitive"",""fair"":""Very helpful they did a great job"",""feedback"":""More rounds and more variety."",""education"":""high-school""}",2025-06-30T21:46:41.376562894Z,01JZ1BX82RNFGPPA94NES9507T,2025-06-30T21:35:56.019434024Z,3,2025-06-30T21:36:29.045939782Z,true,2025-06-30T21:36:39.96990882Z,,,Player 3,2025-06-30T21:36:40.291811283Z,6,2025-06-30T21:46:07.971831087Z,01JZ1C987N38P8SAETZAGY46TY,2025-06-30T21:35:55.961352841Z,,,"{""networkStruct"":""pooled"",""playerCount"":3}",2025-06-30T21:35:56.019434024Z,"Pooled, No Redundancy",2025-06-30T21:35:56.019434024Z,{},2025-06-30T21:35:56.161914646Z,TaskQueue,2025-06-30T21:46:07.938805392Z
01JZ1CH99SCVGB71HN39473CFW,true,2025-06-30T21:46:17.210579408Z,true,2025-06-30T21:46:09.142413819Z,null,2025-06-30T21:48:10.968501705Z,null,2025-06-30T21:48:10.9047531Z,game ended,2025-06-30T21:51:29.039704074Z,1,2025-06-30T21:52:44.580318395Z,"{""age"":""29"",""gender"":""Female"",""strength"":""It was quite easy, It would be nice if it was a little more challenging."",""fair"":""Yes, I think we ended up splitting the work 50:50, and although I could have done it entirely alone, it was nice to not panic through things and make silly mistakes."",""feedback"":""Nothing I can think of! :)"",""education"":""master""}",2025-06-30T21:52:44.513056022Z,01JZ1C4XNE4VHGMR9JDZS6Y7F9,2025-06-30T21:40:18.920755635Z,3,2025-06-30T21:40:48.219085796Z,true,2025-06-30T21:41:06.080812988Z,,,Player 5,2025-06-30T21:41:57.48600451Z,7,2025-06-30T21:48:11.046823936Z,01JZ1CH8ZP16HVY8G7RMYFK7F0,2025-06-30T21:40:18.873303272Z,CHILDREN'S COMMUTE DISTANCE,2025-06-30T21:46:17.210579408Z,"{""networkStruct"":""reciprocal"",""playerCount"":6}",2025-06-30T21:40:18.920755635Z,"Reciprocal, Redundancy",2025-06-30T21:40:18.920755635Z,{},2025-06-30T21:40:19.110050176Z,TaskQueue,2025-06-30T21:48:10.935517907Z
01JZ18HKRFWCKWBRRSM9AC3SW4,true,2025-06-30T20:38:38.514646455Z,true,2025-06-30T20:38:30.383936919Z,null,2025-06-30T20:41:16.310472473Z,null,2025-06-30T20:41:16.247519589Z,game ended,2025-06-30T20:43:59.790607934Z,1,2025-06-30T20:45:16.619317112Z,"{""age"":""43"",""gender"":""male"",""strength"":""I thught it was a bit confusing but it was OK and I understood. "",""fair"":""Yes, they seemed to rattle through them quickly. "",""feedback"":""A bit more clarity on the game, perhaps. "",""education"":""master""}",2025-06-30T20:45:16.60235766Z,01JZ18G50G0GKPPCFSW2N0ZNW1,2025-06-30T20:30:35.294484894Z,3,2025-06-30T20:31:49.485096535Z,true,2025-06-30T20:32:56.897145943Z,,,Player 2,2025-06-30T20:34:22.297757906Z,4,2025-06-30T20:41:16.290503403Z,01JZ18HKBG9V798X61MGWAGMJJ,2025-06-30T20:30:35.279741152Z,MAXIMUM INCOME,2025-06-30T20:38:38.514646455Z,"{""networkStruct"":""reciprocal"",""playerCount"":6}",2025-06-30T20:30:35.294484894Z,"Reciprocal, Redundancy",2025-06-30T20:30:35.294484894Z,{},2025-06-30T20:30:35.544963544Z,TaskQueue,2025-06-30T20:41:16.3303571Z
01JZ18HSGA4VKS1NR0MAVDXW88,true,2025-06-30T20:38:37.911326463Z,true,2025-06-30T20:38:30.243663924Z,null,2025-06-30T20:43:06.385973406Z,null,2025-06-30T20:43:06.44140775Z,game ended,2025-06-30T20:43:59.034247431Z,1,2025-06-30T20:44:29.844979882Z,"{""age"":""41"",""gender"":""Male"",""strength"":""fun"",""fair"":""nope"",""feedback"":""not sure what was the role of the team mates...? "",""education"":""master""}",2025-06-30T20:44:29.861294632Z,01JZ18G4ZZG5A688HVVJGKBFVW,2025-06-30T20:30:41.190107797Z,3,2025-06-30T20:32:08.750159852Z,true,2025-06-30T20:32:30.692625558Z,,,Player 1,2025-06-30T20:34:20.528730734Z,15,2025-06-30T20:43:06.633776052Z,01JZ18HRZ2MFQQZWGC10NJ50KY,2025-06-30T20:30:41.162552053Z,AVERAGE PEOPLE,2025-06-30T20:38:37.911326463Z,"{""networkStruct"":""reciprocal"",""playerCount"":6}",2025-06-30T20:30:41.190107797Z,"Reciprocal, Redundancy",2025-06-30T20:30:41.190107797Z,{},2025-06-30T20:30:41.446585533Z,TaskQueue,2025-06-30T20:43:06.488060487Z
01JZ18JABGMJD5Y1TTH0BJFJ2C,,,,,,,,,game ended,2025-06-30T20:43:36.923226801Z,,,,,01JZ18G4YK3PSP6R2PNWBA4P8S,2025-06-30T20:30:58.439997035Z,3,2025-06-30T20:31:25.263674264Z,true,2025-06-30T20:31:49.58609548Z,true,2025-06-30T20:38:18.460569504Z,Player 3,2025-06-30T20:34:00.640581643Z,,,01JZ18JA883XVPZ2NXXXNDNKYK,2025-06-30T20:30:58.416146339Z,,,"{""networkStruct"":""pooled"",""playerCount"":6}",2025-06-30T20:30:58.439997035Z,"Pooled, Redundancy",2025-06-30T20:30:58.439997035Z,{},2025-06-30T20:30:58.49482773Z,,
01JZ1B7J9GMSKP5R199VT378SX,true,2025-06-30T21:23:51.190975292Z,true,2025-06-30T21:23:44.258853574Z,,,null,2025-06-30T21:28:09.592939412Z,game ended,2025-06-30T21:29:03.784596478Z,1,2025-06-30T21:30:02.998827537Z,"{""age"":""53"",""gender"":""Male"",""strength"":""Explore cooperation between players"",""fair"":""Yes"",""feedback"":""using chat while playing"",""education"":""master""}",2025-06-30T21:30:02.90755009Z,01JZ1B1W5AJ9N87HJBZ99HRQPJ,2025-06-30T21:17:31.936125382Z,3,2025-06-30T21:18:16.792569745Z,true,2025-06-30T21:18:56.357706367Z,,,Player 5,2025-06-30T21:19:31.834785104Z,6,2025-06-30T21:28:09.619427627Z,01JZ1B7HWJQJHSPMNJCNFWPRMS,2025-06-30T21:17:31.824352839Z,,,"{""networkStruct"":""pooled"",""playerCount"":6}",2025-06-30T21:17:31.936125382Z,"Pooled, Redundancy",2025-06-30T21:17:31.936125382Z,{},2025-06-30T21:17:32.166937359Z,TaskQueue,2025-06-30T21:28:09.511719077Z
01JZ17971DQBZCGDTGNY2JH6QQ,true,2025-06-30T20:16:32.444788911Z,true,2025-06-30T20:16:24.088673515Z,,,null,2025-06-30T20:19:09.961764797Z,game ended,2025-06-30T20:21:43.28032757Z,1,2025-06-30T20:23:02.044808291Z,"{""age"":""31"",""gender"":""male"",""strength"":""I thought it was fine. It functioned properly."",""fair"":""I think so. I completed 3 of the tasks, so I assume most others completed between 2 and 3 as well."",""feedback"":""I'm not really sure it can be improved."",""education"":""high-school""}",2025-06-30T20:23:02.035136706Z,01JZ170DRSFZ9Y16965WN1Z2F9,2025-06-30T20:08:31.551928156Z,3,2025-06-30T20:09:05.479743344Z,true,2025-06-30T20:09:36.385052421Z,,,Player 1,2025-06-30T20:12:20.883746285Z,3,2025-06-30T20:19:10.007755368Z,01JZ1796W8KRZFEZZ75S8JPEED,2025-06-30T20:08:31.533085582Z,,,"{""networkStruct"":""pooled"",""playerCount"":6}",2025-06-30T20:08:31.551928156Z,"Pooled, Redundancy",2025-06-30T20:08:31.551928156Z,{},2025-06-30T20:08:31.629680519Z,TaskQueue,2025-06-30T20:19:10.001107307Z
01JZ17B2PHRTHG9KZ1P8A1158Q,true,2025-06-30T20:17:00.480810105Z,true,2025-06-30T20:16:52.236986896Z,,,null,2025-06-30T20:19:53.815915392Z,game ended,2025-06-30T20:22:11.293659236Z,1,2025-06-30T20:22:47.939511123Z,"{""age"":""32"",""gender"":""Female"",""strength"":""I think it was fun."",""fair"":""Yes, absolutely."",""feedback"":""I think it's good enough as it is."",""education"":""bachelor""}",2025-06-30T20:22:47.953254712Z,01JZ170DRXVGFVP20P8DK3M491,2025-06-30T20:09:32.634472845Z,3,2025-06-30T20:09:58.472163466Z,true,2025-06-30T20:10:15.232354846Z,,,Player 2,2025-06-30T20:12:49.105029667Z,3,2025-06-30T20:19:53.80793995Z,01JZ17B27FQP70TASRMPST7F9Z,2025-06-30T20:09:32.625270515Z,,,"{""networkStruct"":""pooled"",""playerCount"":6}",2025-06-30T20:09:32.634472845Z,"Pooled, Redundancy",2025-06-30T20:09:32.634472845Z,{},2025-06-30T20:09:32.871633444Z,TaskQueue,2025-06-30T20:19:53.824628384Z
01JZ18TPQGGX70KYFXP5KFA0ZD,true,2025-06-30T20:42:52.530242937Z,true,2025-06-30T20:42:45.676648991Z,,,null,2025-06-30T20:47:16.735240518Z,game ended,2025-06-30T20:48:04.292196025Z,1,2025-06-30T20:48:31.630727792Z,"{""age"":""37"",""gender"":""male"",""strength"":""it was fun."",""fair"":""yes they were."",""feedback"":""I liked it for what it was."",""education"":""bachelor""}",2025-06-30T20:48:31.614048804Z,01JZ18QHYY9H3H8G0D5BR000CA,2025-06-30T20:35:33.259136573Z,3,2025-06-30T20:35:55.348718663Z,true,2025-06-30T20:36:22.087223948Z,,,Player 1,2025-06-30T20:38:30.046301372Z,9,2025-06-30T20:47:16.718463743Z,01JZ18TPKH8RYTGVM9HZFZSFXP,2025-06-30T20:35:33.232715288Z,,,"{""networkStruct"":""pooled"",""playerCount"":4}",2025-06-30T20:35:33.259136573Z,"Pooled, Some Redundancy",2025-06-30T20:35:33.259136573Z,{},2025-06-30T20:35:33.327782882Z,TaskQueue,2025-06-30T20:47:16.749957191Z
01JZ1B4QMHRDEJR6YWEDX6CP6V,true,2025-06-30T21:29:40.020848417Z,true,2025-06-30T21:29:33.590818068Z,,,null,2025-06-30T21:33:35.517170626Z,game ended,2025-06-30T21:34:52.246747635Z,1,2025-06-30T21:35:43.456807434Z,"{""age"":""69"",""gender"":""Female"",""strength"":""Really different"",""fair"":""All contributed equally "",""feedback"":""No"",""education"":""high-school""}",2025-06-30T21:35:43.372422008Z,01JZ1B1W4RP0VXDDKCJTNKM3AX,2025-06-30T21:15:59.068945129Z,3,2025-06-30T21:16:57.43660406Z,true,2025-06-30T21:17:22.991140901Z,,,Player 2,2025-06-30T21:25:22.933072914Z,4,2025-06-30T21:33:35.46737334Z,01JZ1B4Q8NF942ZQKZ2Z1V1CB6,2025-06-30T21:15:58.993298615Z,,,"{""networkStruct"":""pooled"",""playerCount"":6}",2025-06-30T21:15:59.068945129Z,"Pooled, Redundancy",2025-06-30T21:15:59.068945129Z,{},2025-06-30T21:15:59.245238736Z,TaskQueue,2025-06-30T21:33:35.492837313Z
01JZ17ENCSDKWD2M3Q3EC23N1W,true,2025-06-30T20:17:27.664244732Z,true,2025-06-30T20:17:22.817761781Z,null,2025-06-30T20:20:13.301033229Z,null,2025-06-30T20:20:13.249798991Z,game ended,2025-06-30T20:22:38.973202417Z,1,2025-06-30T20:23:38.26013803Z,"{""age"":""24"",""gender"":""male"",""strength"":""It was fairly easy."",""fair"":""Yes."",""feedback"":""I think the game does not need any improvements."",""education"":""high-school""}",2025-06-30T20:23:38.271930055Z,01JZ170DS434CCJM920VN081CV,2025-06-30T20:11:30.084334373Z,3,2025-06-30T20:12:35.164919296Z,true,2025-06-30T20:13:12.781467329Z,,,Player 6,2025-06-30T20:13:16.198424031Z,8,2025-06-30T20:20:13.268617151Z,01JZ17EMQ9SYT50H6N2FBVYME0,2025-06-30T20:11:30.07364496Z,CHILDREN'S COMMUTE DISTANCE,2025-06-30T20:17:27.664244732Z,"{""networkStruct"":""reciprocal"",""playerCount"":6}",2025-06-30T20:11:30.084334373Z,"Reciprocal, Redundancy",2025-06-30T20:11:30.084334373Z,{},2025-06-30T20:11:30.408906261Z,TaskQueue,2025-06-30T20:20:13.282501709Z
01JZ1CF8R7DWBKG9F2768N54QZ,true,2025-06-30T21:46:17.210579408Z,true,2025-06-30T21:46:13.049375361Z,null,2025-06-30T21:48:01.967604224Z,null,2025-06-30T21:48:01.932701506Z,game ended,2025-06-30T21:51:29.039704074Z,1,2025-06-30T21:52:15.971266913Z,"{""age"":""36"",""gender"":""Male"",""strength"":""It was fun, something a little different"",""fair"":""They seemed to be"",""feedback"":""Nothing I can think of"",""education"":""other""}",2025-06-30T21:52:16.00107737Z,01JZ1C4XNE4VHGMR9JDZS6Y7F9,2025-06-30T21:39:12.835118588Z,3,2025-06-30T21:39:54.230880905Z,true,2025-06-30T21:40:13.401059112Z,,,Player 4,2025-06-30T21:41:57.48600451Z,7,2025-06-30T21:48:01.837786402Z,01JZ1CF8C6KDYJRZREZWAHG27Q,2025-06-30T21:39:12.776091169Z,CHILDREN'S COMMUTE DISTANCE,2025-06-30T21:46:17.210579408Z,"{""networkStruct"":""reciprocal"",""playerCount"":6}",2025-06-30T21:39:12.835118588Z,"Reciprocal, Redundancy",2025-06-30T21:39:12.835118588Z,{},2025-06-30T21:39:13.032995474Z,TaskQueue,2025-06-30T21:48:02.007578495Z
01JZ1GDN0C276V8YSM4K78KKCF,,,,,,,,,no more games,2025-06-30T22:50:52.627478111Z,1,2025-06-30T22:55:43.24366953Z,"{""age"":""38"",""gender"":""Feamle"",""strength"":""It was engaging."",""fair"":""Somewhat helpful"",""feedback"":""Apportion a few waiting minutes for the others to join in."",""education"":""master""}",2025-06-30T22:55:43.207664797Z,null,2025-06-30T22:50:52.627478111Z,,,,,,,,,,,01JZ1GDJYPCH0FGS55CBD7CVXF,2025-06-30T22:48:14.092732603Z,,,"{""networkStruct"":""reciprocal"",""playerCount"":3}",2025-06-30T22:48:14.258911781Z,"Reciprocal, No Redundancy",2025-06-30T22:48:14.258911781Z,{},2025-06-30T22:48:14.699188823Z,,
01JZ1EARG6K6VN1DMMBQHNE2WC,true,2025-06-30T22:25:54.904912034Z,true,2025-06-30T22:25:50.293093288Z,,,neighborhood_9,2025-06-30T22:30:28.228011635Z,game ended,2025-06-30T22:31:08.06178437Z,1,2025-06-30T22:31:51.945018395Z,"{""age"":""43"",""gender"":""female"",""strength"":""it was interesting, never done one like this before."",""fair"":""yes"",""feedback"":""it's good as is."",""education"":""high-school""}",2025-06-30T22:31:51.98474419Z,01JZ1E91MDHZVF6NVBEDDVGZWT,2025-06-30T22:11:42.280066164Z,3,2025-06-30T22:12:12.487566286Z,true,2025-06-30T22:12:36.608205557Z,,,Player 1,2025-06-30T22:21:35.231478933Z,4,2025-06-30T22:30:22.9836099Z,01JZ1EAR8SCJA8JR9GPF93Z5ME,2025-06-30T22:11:42.214432389Z,,,"{""networkStruct"":""pooled"",""playerCount"":4}",2025-06-30T22:11:42.280066164Z,"Pooled, Some Redundancy",2025-06-30T22:11:42.280066164Z,{},2025-06-30T22:11:42.361544307Z,TaskScreen,2025-06-30T22:30:28.193431004Z
01JZ1D7QQ9A97C7JTBZNPKRB8Y,true,2025-06-30T22:01:28.699318571Z,true,2025-06-30T22:01:20.166559508Z,null,2025-06-30T22:03:28.597984345Z,null,2025-06-30T22:03:28.427800465Z,game ended,2025-06-30T22:06:41.916985907Z,1,2025-06-30T22:09:09.105445273Z,"{""age"":""57"",""gender"":""Female"",""strength"":""It was very easy. I expected it to be more difficult, but it was basically just math."",""fair"":""I don't know, I only interacted in the beginning. I didn't have interactions with them after that, so I have no idea if they were helpful or not. "",""feedback"":"""",""education"":""high-school""}",2025-06-30T22:09:09.061183259Z,01JZ1D0S064NT759Q480WCA8PK,2025-06-30T21:52:34.588589013Z,3,2025-06-30T21:53:20.522259829Z,true,2025-06-30T21:53:40.442057014Z,,,Player 1,2025-06-30T21:57:03.04165401Z,6,2025-06-30T22:03:28.460513678Z,01JZ1D7QCA33FAXZT6J5BNMZNG,2025-06-30T21:52:34.537615502Z,AVERAGE PEOPLE,2025-06-30T22:01:28.699318571Z,"{""networkStruct"":""reciprocal"",""playerCount"":4}",2025-06-30T21:52:34.588589013Z,"Reciprocal, Some Redundancy",2025-06-30T21:52:34.588589013Z,{},2025-06-30T21:52:34.776456922Z,TaskQueue,2025-06-30T22:03:28.641435455Z
01JZ1F6BG0SH7ZDHQE8GHF2F4D,,,,,,,,,no more games,2025-06-30T22:56:23.893405936Z,1,2025-06-30T22:27:56.200574593Z,"{""age"":""35"",""gender"":""female"",""strength"":""i think its interesting"",""fair"":"""",""feedback"":"""",""education"":""bachelor""}",2025-06-30T22:27:56.249589512Z,null,2025-06-30T22:56:23.893405936Z,1,2025-06-30T22:27:02.312887008Z,,,,,,,,,01JZ1F6A6727EKQ5CHPDC0E4FA,2025-06-30T22:26:46.400451637Z,,,"{""networkStruct"":""pooled"",""playerCount"":4}",2025-06-30T22:26:46.493355582Z,"Pooled, Some Redundancy",2025-06-30T22:26:46.493355582Z,{},2025-06-30T22:26:47.073776875Z,,
01JZ17BXN8A0CN51A90XTP0KJK,true,2025-06-30T20:17:43.734560079Z,true,2025-06-30T20:17:35.9215976Z,,,null,2025-06-30T20:20:26.405247427Z,game ended,2025-06-30T20:22:54.557901603Z,1,2025-06-30T20:25:26.460752784Z,"{""age"":""31"",""gender"":""male"",""strength"":""Smooth, good teamworks."",""fair"":""We moved very fast together"",""feedback"":""unsure"",""education"":""high-school""}",2025-06-30T20:25:26.467635996Z,01JZ170DSBT7R80F1BC6BFNZAP,2025-06-30T20:10:00.243877838Z,3,2025-06-30T20:13:13.20699689Z,true,2025-06-30T20:13:31.548268952Z,,,Player 4,2025-06-30T20:13:31.605335602Z,2,2025-06-30T20:20:26.420857132Z,01JZ17BWGBJG3PXWZDHBDAKNS8,2025-06-30T20:10:00.232243176Z,,,"{""networkStruct"":""pooled"",""playerCount"":6}",2025-06-30T20:10:00.243877838Z,"Pooled, Redundancy",2025-06-30T20:10:00.243877838Z,{},2025-06-30T20:10:00.661810046Z,TaskQueue,2025-06-30T20:20:26.370040952Z
01JZ18WCTDMA7R87RY44WPQAXY,,,,,,,,,no more games,2025-06-30T21:58:21.876743771Z,,,,,null,2025-06-30T21:58:21.876743771Z,2,2025-06-30T20:36:48.563586722Z,,,,,,,,,01JZ18WCJH0XFY4D67VXXF9NRV,2025-06-30T20:36:28.621263739Z,,,"{""networkStruct"":""reciprocal"",""playerCount"":4}",2025-06-30T20:36:28.653913915Z,"Reciprocal, Some Redundancy",2025-06-30T20:36:28.653913915Z,{},2025-06-30T20:36:28.763798996Z,,
01JZ1B4CR8JCWXXD7BQPA68N6Z,true,2025-06-30T21:23:51.190975292Z,true,2025-06-30T21:23:43.145188305Z,,,null,2025-06-30T21:27:04.047206211Z,game ended,2025-06-30T21:29:03.784596478Z,1,2025-06-30T21:29:40.263206148Z,"{""age"":""46"",""gender"":""Female"",""strength"":""Fun"",""fair"":""Yes"",""feedback"":""Reduce waiting time when work completed"",""education"":""bachelor""}",2025-06-30T21:29:40.229385862Z,01JZ1B1W5AJ9N87HJBZ99HRQPJ,2025-06-30T21:15:47.888705696Z,3,2025-06-30T21:16:17.871570826Z,true,2025-06-30T21:16:44.471566307Z,,,Player 2,2025-06-30T21:19:31.834785104Z,2,2025-06-30T21:27:03.985389757Z,01JZ1B4CDCCFD4NW4ND2MK605E,2025-06-30T21:15:47.848534753Z,,,"{""networkStruct"":""pooled"",""playerCount"":6}",2025-06-30T21:15:47.888705696Z,"Pooled, Redundancy",2025-06-30T21:15:47.888705696Z,{},2025-06-30T21:15:48.065627935Z,TaskQueue,2025-06-30T21:27:04.014872591Z
01JZ1BY7ZYY1555G7VDKVM55K7,true,2025-06-30T21:38:35.474652314Z,true,2025-06-30T21:38:28.98840211Z,,,neighborhood_12,2025-06-30T21:43:10.897245027Z,game ended,2025-06-30T21:43:47.34949293Z,1,2025-06-30T21:44:49.596872462Z,"{""age"":""32"",""gender"":""male"",""strength"":""It was a fun game"",""fair"":""I think everyone contributed, I feel I perfomed faster than my team mates however."",""feedback"":""I can't think of anything it all made sense and worked well!"",""education"":""bachelor""}",2025-06-30T21:44:49.632800331Z,01JZ1BX80QRTKGB6MH6HMRDXS1,2025-06-30T21:29:54.986682187Z,3,2025-06-30T21:30:48.06350169Z,true,2025-06-30T21:34:17.500836073Z,,,Player 1,2025-06-30T21:34:18.131757321Z,5,2025-06-30T21:43:07.11623747Z,01JZ1BY7G4RJQ748CTARPCZKFC,2025-06-30T21:29:54.942534649Z,,,"{""networkStruct"":""pooled"",""playerCount"":3}",2025-06-30T21:29:54.986682187Z,"Pooled, No Redundancy",2025-06-30T21:29:54.986682187Z,{},2025-06-30T21:29:55.140455023Z,TaskScreen,2025-06-30T21:43:10.862547299Z
01JZ18NSF82A9Q16WRPH1QVCMJ,,,,,,,,,no more games,2025-06-30T21:25:22.491405605Z,,,,,null,2025-06-30T21:25:22.491405605Z,2,2025-06-30T20:33:50.424095437Z,,,,,,,,,01JZ18NNWHN1B3925S6G582RQE,2025-06-30T20:32:52.200883037Z,,,"{""networkStruct"":""pooled"",""playerCount"":6}",2025-06-30T20:32:52.395551708Z,"Pooled, Redundancy",2025-06-30T20:32:52.395551708Z,{},2025-06-30T20:32:53.205415063Z,,
01JZ18K484MAW8WSQHH7HSG9Z4,,,,,,,,,game ended,2025-06-30T20:43:59.034247431Z,,,,,01JZ18G4ZZG5A688HVVJGKBFVW,2025-06-30T20:31:24.959425763Z,3,2025-06-30T20:32:00.965213075Z,true,2025-06-30T20:32:28.927760216Z,true,2025-06-30T20:38:37.911326463Z,Player 3,2025-06-30T20:34:20.528730734Z,,,01JZ18K437JPRYTWW1HXXAY254,2025-06-30T20:31:24.932402688Z,,,"{""networkStruct"":""reciprocal"",""playerCount"":6}",2025-06-30T20:31:24.959425763Z,"Reciprocal, Redundancy",2025-06-30T20:31:24.959425763Z,{},2025-06-30T20:31:25.071866305Z,,
01JZ18QJEJAJZDAQBMMBWZWM7H,,,,,,,,,no more games,2025-06-30T21:57:53.402081961Z,1,2025-06-30T20:37:11.034173492Z,"{""age"":""29"",""gender"":""Male"",""strength"":""I could not play the game"",""fair"":""I cannot tell either"",""feedback"":""N/A"",""education"":""master""}",2025-06-30T20:37:11.018971067Z,null,2025-06-30T21:57:53.402081961Z,1,2025-06-30T20:34:25.916722624Z,,,,,,,,,01JZ18QH789F08MSCNFPT7MQSJ,2025-06-30T20:33:50.546300884Z,,,"{""networkStruct"":""reciprocal"",""playerCount"":6}",2025-06-30T20:33:50.566440288Z,"Reciprocal, Redundancy",2025-06-30T20:33:50.566440288Z,{},2025-06-30T20:33:50.91797173Z,,
01JZ1DEPX3PNQ2MN8YPK5QHYXE,,,,,,,,,game ended,2025-06-30T22:07:33.712835464Z,,,,,01JZ1D0S61XK8FZCNQBM2ZAEE6,2025-06-30T21:56:23.133418266Z,3,2025-06-30T21:56:53.457707775Z,true,2025-06-30T21:57:19.70798493Z,true,2025-06-30T22:02:19.788906619Z,Player 5,2025-06-30T21:57:54.359357207Z,,,01JZ1DEMXG5Z0TYG2RK746F97X,2025-06-30T21:56:23.075530663Z,,,"{""networkStruct"":""reciprocal"",""playerCount"":6}",2025-06-30T21:56:23.133418266Z,"Reciprocal, Redundancy",2025-06-30T21:56:23.133418266Z,{},2025-06-30T21:56:23.586165518Z,,
01JZ1GA4T24GEXMPJNJW9S8J83,true,2025-06-30T23:00:30.705248932Z,true,2025-06-30T23:00:24.326386102Z,,,neighborhood_10,2025-06-30T23:05:36.117631034Z,game ended,2025-06-30T23:05:45.08779334Z,1,2025-06-30T23:06:18.228689385Z,"{""age"":""24"",""gender"":""Female"",""strength"":""it was challenging but fun"",""fair"":""no"",""feedback"":""n.a"",""education"":""bachelor""}",2025-06-30T23:06:18.18433522Z,01JZ1G2A58JMFV91VV93EGJJQY,2025-06-30T22:46:19.287775634Z,3,2025-06-30T22:47:27.714476581Z,true,2025-06-30T22:48:24.605063498Z,,,Player 2,2025-06-30T22:56:07.69518666Z,3,2025-06-30T23:05:34.579216284Z,01JZ1GA4DAG4BRHPKVQ599W07B,2025-06-30T22:46:19.202107763Z,,,"{""networkStruct"":""pooled"",""playerCount"":4}",2025-06-30T22:46:19.287775634Z,"Pooled, Some Redundancy",2025-06-30T22:46:19.287775634Z,{},2025-06-30T22:46:20.033486614Z,TaskScreen,2025-06-30T23:05:36.199982509Z
01JZ18VF3QW244H0X63X0AZG1Z,true,2025-06-30T20:42:52.530242937Z,true,2025-06-30T20:42:45.21435942Z,,,null,2025-06-30T20:47:30.371184235Z,game ended,2025-06-30T20:48:04.292196025Z,1,2025-06-30T20:48:35.829002252Z,"{""age"":""34"",""gender"":""male"",""strength"":""It was fun and simple"",""fair"":""They put in equal work"",""feedback"":""Not sure. "",""education"":""bachelor""}",2025-06-30T20:48:35.848922129Z,01JZ18QHYY9H3H8G0D5BR000CA,2025-06-30T20:35:58.224337941Z,3,2025-06-30T20:36:46.273806291Z,true,2025-06-30T20:37:24.288850447Z,,,Player 2,2025-06-30T20:38:30.046301372Z,5,2025-06-30T20:47:30.354138417Z,01JZ18VEWFMJBB32BNA9BDXK0X,2025-06-30T20:35:58.199605249Z,,,"{""networkStruct"":""pooled"",""playerCount"":4}",2025-06-30T20:35:58.224337941Z,"Pooled, Some Redundancy",2025-06-30T20:35:58.224337941Z,{},2025-06-30T20:35:58.367095816Z,TaskQueue,2025-06-30T20:47:30.385941553Z
01JZ1GA1RX69WV7RYS6J14XWQD,true,2025-06-30T22:55:51.901753724Z,true,2025-06-30T22:55:47.47541571Z,,,neighborhood_7,2025-06-30T23:00:20.395071938Z,game ended,2025-06-30T23:01:16.62467747Z,1,2025-06-30T23:02:36.429151254Z,"{""age"":""60"",""gender"":""Male"",""strength"":""Awesome"",""fair"":""Yes, they were"",""feedback"":"""",""education"":""master""}",2025-06-30T23:02:36.392061955Z,01JZ1G2A9825Q9R0AFVXQNTR63,2025-06-30T22:46:16.22207695Z,3,2025-06-30T22:48:18.513899327Z,true,2025-06-30T22:51:29.355363823Z,,,Player 4,2025-06-30T22:51:29.899126056Z,1,2025-06-30T22:59:39.232020689Z,01JZ1GA1EBVAM3JFRSPVYGWX9A,2025-06-30T22:46:16.093721816Z,,,"{""networkStruct"":""pooled"",""playerCount"":4}",2025-06-30T22:46:16.22207695Z,"Pooled, Some Redundancy",2025-06-30T22:46:16.22207695Z,{},2025-06-30T22:46:16.36623398Z,TaskScreen,2025-06-30T23:00:20.472343188Z
01JZ17C9CHCZD4MC1P47MP5FMT,true,2025-06-30T20:18:43.671639246Z,true,2025-06-30T20:18:37.643994256Z,,,null,2025-06-30T20:22:08.014250768Z,game ended,2025-06-30T20:23:55.000144094Z,1,2025-06-30T20:26:37.868990087Z,"{""age"":""41"",""gender"":""women"",""strength"":""The game was interesting, for me it was related to mathematics and logical thinking skills."",""fair"":""It's hard for me to judge, but they did a lot of work, so I guess they were helpful."",""feedback"":""For me it would be best if the houses and their structure, number of people, earnings and other information were visible at once"",""education"":""master""}",2025-06-30T20:26:37.859825035Z,01JZ170DRWH3Q5VEKFYTCWXCB9,2025-06-30T20:10:12.265446114Z,3,2025-06-30T20:12:25.975183839Z,true,2025-06-30T20:13:08.051186189Z,,,Player 4,2025-06-30T20:14:31.021465217Z,2,2025-06-30T20:22:07.996060499Z,01JZ17C8E9AJFS97BB81J3WEZA,2025-06-30T20:10:12.244166153Z,,,"{""networkStruct"":""pooled"",""playerCount"":6}",2025-06-30T20:10:12.265446114Z,"Pooled, Redundancy",2025-06-30T20:10:12.265446114Z,{},2025-06-30T20:10:12.711535245Z,TaskQueue,2025-06-30T20:22:08.00543367Z
01JZ17EMRD5VY7JZCZQY9TA9KD,,,,,,,,,no more games,2025-06-30T21:25:22.491405605Z,,,,,null,2025-06-30T21:25:22.491405605Z,3,2025-06-30T20:12:45.417304587Z,,,,,,,,,01JZ17EKNKQGPDY5R1A116J5BT,2025-06-30T20:11:29.421235208Z,,,"{""networkStruct"":""pooled"",""playerCount"":6}",2025-06-30T20:11:29.449559734Z,"Pooled, Redundancy",2025-06-30T20:11:29.449559734Z,{},2025-06-30T20:11:30.395197551Z,,
01JZ18JKCGQP2NA6VYXSDM89NW,true,2025-06-30T20:37:23.492991016Z,true,2025-06-30T20:37:15.183690026Z,,,null,2025-06-30T20:40:12.961311385Z,game ended,2025-06-30T20:42:35.758255619Z,1,2025-06-30T20:43:31.755639931Z,"{""age"":""27"",""gender"":""Male"",""strength"":""It was very simple"",""fair"":""Yes"",""feedback"":""I'm not sure"",""education"":""master""}",2025-06-30T20:43:31.784248269Z,01JZ18G4X5EPR69QT64DVYQXFJ,2025-06-30T20:31:07.691747596Z,3,2025-06-30T20:31:45.410589424Z,true,2025-06-30T20:32:11.130499596Z,,,Player 4,2025-06-30T20:33:09.864668709Z,2,2025-06-30T20:40:12.895783933Z,01JZ18JJXYPZ7J7HFB5YT4EJ0V,2025-06-30T20:31:07.664134975Z,,,"{""networkStruct"":""pooled"",""playerCount"":6}",2025-06-30T20:31:07.691747596Z,"Pooled, Redundancy",2025-06-30T20:31:07.691747596Z,{},2025-06-30T20:31:07.931703472Z,TaskQueue,2025-06-30T20:40:12.943419919Z
01JZ18M07T82RGAMZEPD0QD6Q9,true,2025-06-30T20:37:23.492991016Z,true,2025-06-30T20:37:15.882427671Z,,,null,2025-06-30T20:40:22.085392938Z,game ended,2025-06-30T20:42:35.758255619Z,1,2025-06-30T20:43:09.15242838Z,"{""age"":""35"",""gender"":""male"",""strength"":""It was fun!"",""fair"":""I think so, seeing as we completed it in time! They all seemed really into it. "",""feedback"":""A post-briefing to celebrate!"",""education"":""master""}",2025-06-30T20:43:09.173744542Z,01JZ18G4X5EPR69QT64DVYQXFJ,2025-06-30T20:31:53.644599815Z,3,2025-06-30T20:32:42.192743028Z,true,2025-06-30T20:33:09.692634396Z,,,Player 6,2025-06-30T20:33:09.864668709Z,2,2025-06-30T20:40:22.010555345Z,01JZ18KZWZPFXXG891G87RAWX0,2025-06-30T20:31:53.594400602Z,,,"{""networkStruct"":""pooled"",""playerCount"":6}",2025-06-30T20:31:53.644599815Z,"Pooled, Redundancy",2025-06-30T20:31:53.644599815Z,{},2025-06-30T20:31:53.75296057Z,TaskQueue,2025-06-30T20:40:22.048820244Z
01JZ18JSY9P3KAE5N38ASDX51K,true,2025-06-30T20:38:01.285914044Z,true,2025-06-30T20:37:53.489059373Z,,,null,2025-06-30T20:40:23.427303766Z,game ended,2025-06-30T20:43:14.789977819Z,1,2025-06-30T20:46:05.329638308Z,"{""age"":""32"",""gender"":""Male"",""strength"":""It was fun, nothing special but I still like games where you have to \""think fast\"", even if they are very simple"",""fair"":""We were 6 if I recall correctly, but it's hard to know if they were useful or not even if I had info on how many neighborhoods they worked on.  I also don't know if they did the task correctly"",""feedback"":""Maybe add a leaderboard and scramble the order of the tasks (it was always the same: people, income then miles travelled by children)"",""education"":""high-school""}",2025-06-30T20:46:05.308095844Z,01JZ18G4YTQTSXFW2X0Y80VGVG,2025-06-30T20:33:19.68505221Z,3,2025-06-30T20:33:11.397758734Z,true,2025-06-30T20:33:44.228972746Z,,,Player 4,2025-06-30T20:33:44.552388257Z,4,2025-06-30T20:40:23.464479044Z,01JZ18JSHF9VPB2Q62AC9EYB6D,2025-06-30T20:31:14.377072851Z,,,"{""networkStruct"":""pooled"",""playerCount"":6}",2025-06-30T20:31:14.397316754Z,"Pooled, Redundancy",2025-06-30T20:31:14.397316754Z,{},2025-06-30T20:31:14.606509201Z,TaskQueue,2025-06-30T20:40:23.483484494Z
01JZ19XTW2HK24K9S0K07R4X7Y,true,2025-06-30T21:07:02.264194055Z,true,2025-06-30T21:06:59.95352031Z,null,2025-06-30T21:08:57.423268408Z,null,2025-06-30T21:08:57.322047163Z,game ended,2025-06-30T21:12:15.060866167Z,1,2025-06-30T21:13:36.424407267Z,"{""age"":""33"",""gender"":""Male"",""strength"":""Seemed pretty easy"",""fair"":""I wasn't clear what they were doing, I didn't get any feedback on the other tasks and ended up doing most of the average number of people ones myself"",""feedback"":""Some instructions on the task page, I finished all tasks with quite a bit of time left and was confused as to whether there was something else I should be doing"",""education"":""bachelor""}",2025-06-30T21:13:36.386403088Z,01JZ19VF6XEW5FG377QGXCTRD1,2025-06-30T20:54:44.390149906Z,3,2025-06-30T20:55:11.641097441Z,true,2025-06-30T20:55:29.038729752Z,,,Player 2,2025-06-30T21:02:45.019047124Z,10,2025-06-30T21:08:57.272966884Z,01JZ19XTFA9QJ8AFXHW6VW3K8X,2025-06-30T20:54:44.354688484Z,AVERAGE PEOPLE,2025-06-30T21:07:02.264194055Z,"{""networkStruct"":""reciprocal"",""playerCount"":6}",2025-06-30T20:54:44.390149906Z,"Reciprocal, Redundancy",2025-06-30T20:54:44.390149906Z,{},2025-06-30T20:54:44.54696925Z,TaskQueue,2025-06-30T21:08:57.475661247Z
01JZ1B46GFSFAYTPK6TDTQG4WK,true,2025-06-30T21:23:29.411589481Z,true,2025-06-30T21:23:21.316835308Z,null,2025-06-30T21:27:51.627492783Z,null,2025-06-30T21:27:51.601728283Z,game ended,2025-06-30T21:28:42.03609295Z,1,2025-06-30T21:30:22.012780349Z,"{""age"":""28"",""gender"":""Female"",""strength"":""I think it was fun and very engaging."",""fair"":""Yes"",""feedback"":""Maybe make it a two part game and your performance on the first game determines what kind of game you play next. or gives you the option to choose."",""education"":""high-school""}",2025-06-30T21:30:22.083436984Z,01JZ1B1W6S117BH8HCA7NH9R7E,2025-06-30T21:15:41.496793963Z,3,2025-06-30T21:16:36.257408904Z,true,2025-06-30T21:17:05.617187042Z,,,Player 2,2025-06-30T21:19:09.170913111Z,9,2025-06-30T21:27:51.57307309Z,01JZ1B46BS26ESH7V8ZM8E9YNE,2025-06-30T21:15:41.455815221Z,AVERAGE PEOPLE,2025-06-30T21:23:29.411589481Z,"{""networkStruct"":""reciprocal"",""playerCount"":6}",2025-06-30T21:15:41.496793963Z,"Reciprocal, Redundancy",2025-06-30T21:15:41.496793963Z,{},2025-06-30T21:15:41.574088793Z,TaskQueue,2025-06-30T21:27:51.659288424Z
01JZ1BAG1QXXZT2G75G9P8N6Y2,,,true,2025-06-30T21:23:51.482541434Z,,,,,game ended,2025-06-30T21:29:03.784596478Z,,,,,01JZ1B1W5AJ9N87HJBZ99HRQPJ,2025-06-30T21:19:07.877531088Z,3,2025-06-30T21:19:19.888748728Z,true,2025-06-30T21:19:31.420475256Z,true,2025-06-30T21:23:51.190975292Z,Player 6,2025-06-30T21:19:31.834785104Z,,,01JZ1BAFHRE0VDPQH7HC2SZDF7,2025-06-30T21:19:07.831156569Z,,,"{""networkStruct"":""pooled"",""playerCount"":6}",2025-06-30T21:19:07.877531088Z,"Pooled, Redundancy",2025-06-30T21:19:07.877531088Z,{},2025-06-30T21:19:08.140423485Z,,
01JZ17BXPZGQSXJ1A4PH60Q6WQ,true,2025-06-30T20:18:52.075133417Z,true,2025-06-30T20:18:46.802061701Z,null,2025-06-30T20:21:01.665039916Z,null,2025-06-30T20:21:01.701148768Z,game ended,2025-06-30T20:24:03.301119697Z,1,2025-06-30T20:24:46.546896711Z,"{""age"":""32"",""gender"":""Male"",""strength"":""It was simple and short"",""fair"":""Yea I think so we finished pretty quickly together"",""feedback"":""More instructions"",""education"":""other""}",2025-06-30T20:24:46.532987452Z,01JZ170DS434CCJM920K0JDY80,2025-06-30T20:10:00.298340062Z,3,2025-06-30T20:10:25.99844463Z,true,2025-06-30T20:10:40.363585002Z,,,Player 3,2025-06-30T20:14:39.928599976Z,10,2025-06-30T20:21:01.682162782Z,01JZ17BXHNS21M9MS6RQR82Y0J,2025-06-30T20:10:00.287391539Z,CHILDREN'S COMMUTE DISTANCE,2025-06-30T20:18:52.075133417Z,"{""networkStruct"":""reciprocal"",""playerCount"":6}",2025-06-30T20:10:00.298340062Z,"Reciprocal, Redundancy",2025-06-30T20:10:00.298340062Z,{},2025-06-30T20:10:00.390803948Z,TaskQueue,2025-06-30T20:21:01.672486739Z
01JZ17K3Y03J2B5JTWV2Q8DEEQ,true,2025-06-30T20:19:08.715495513Z,true,2025-06-30T20:19:00.369248345Z,null,2025-06-30T20:21:15.380920816Z,null,2025-06-30T20:21:15.365526094Z,game ended,2025-06-30T20:24:20.161827246Z,1,2025-06-30T20:25:21.750029952Z,"{""age"":""38"",""gender"":""Male"",""strength"":""Awesome!"",""fair"":""Yeah they were doing what they could I am sure."",""feedback"":""Maybe allow chat during the game."",""education"":""other""}",2025-06-30T20:25:21.739252381Z,01JZ170DSMJZPS89ZBMFZ7ATK7,2025-06-30T20:13:56.046808118Z,3,2025-06-30T20:14:37.245375228Z,true,2025-06-30T20:14:55.747656969Z,,,Player 6,2025-06-30T20:14:55.920967151Z,9,2025-06-30T20:21:15.350002836Z,01JZ17K3K2Y0DWQB4FCCM4GBHT,2025-06-30T20:13:56.032151499Z,CHILDREN'S COMMUTE DISTANCE,2025-06-30T20:19:08.715495513Z,"{""networkStruct"":""reciprocal"",""playerCount"":6}",2025-06-30T20:13:56.046808118Z,"Reciprocal, Redundancy",2025-06-30T20:13:56.046808118Z,{},2025-06-30T20:13:56.236552401Z,TaskQueue,2025-06-30T20:21:15.399095479Z
01JZ18HPXJ4G52DBV1JHKTXZPH,true,2025-06-30T20:39:06.483879151Z,true,2025-06-30T20:39:00.35958264Z,null,2025-06-30T20:41:20.130087318Z,null,2025-06-30T20:41:20.111498741Z,game ended,2025-06-30T20:44:18.586815933Z,1,2025-06-30T20:44:50.514156616Z,"{""age"":""48"",""gender"":""male"",""strength"":""it was a little fun"",""fair"":""yes"",""feedback"":""na"",""education"":""bachelor""}",2025-06-30T20:44:50.493290916Z,01JZ18G4Z7SR18DC8PDBR22HS5,2025-06-30T20:30:38.531364829Z,3,2025-06-30T20:31:33.911823468Z,true,2025-06-30T20:32:06.419363044Z,,,Player 1,2025-06-30T20:34:46.301046173Z,6,2025-06-30T20:41:20.093583902Z,01JZ18HPRVDMHHD1FXTWMZSYGM,2025-06-30T20:30:38.514615596Z,AVERAGE PEOPLE,2025-06-30T20:39:06.483879151Z,"{""networkStruct"":""reciprocal"",""playerCount"":6}",2025-06-30T20:30:38.531364829Z,"Reciprocal, Redundancy",2025-06-30T20:30:38.531364829Z,{},2025-06-30T20:30:38.629891683Z,TaskQueue,2025-06-30T20:41:20.148173574Z
01JZ18JREDSF9T5ABKG1CCNPKZ,true,2025-06-30T20:37:09.032020052Z,true,2025-06-30T20:37:01.529806208Z,null,2025-06-30T20:39:43.76124149Z,null,2025-06-30T20:39:43.671142798Z,game ended,2025-06-30T20:42:21.537189859Z,1,2025-06-30T20:43:24.012579986Z,"{""age"":""60"",""gender"":""female"",""strength"":""it was ok I wasnt sure if I completed it correctly"",""fair"":""yes "",""feedback"":"""",""education"":""high-school""}",2025-06-30T20:43:23.990364474Z,01JZ18G4ZDA13FR053ZT1R1FPF,2025-06-30T20:31:12.865063486Z,3,2025-06-30T20:31:47.662498942Z,true,2025-06-30T20:32:15.317893277Z,,,Player 6,2025-06-30T20:32:50.870422471Z,5,2025-06-30T20:39:43.650823748Z,01JZ18JRDJT8FX7HEWWATYSV5T,2025-06-30T20:31:12.845878328Z,MAXIMUM INCOME,2025-06-30T20:37:09.032020052Z,"{""networkStruct"":""reciprocal"",""playerCount"":6}",2025-06-30T20:31:12.865063486Z,"Reciprocal, Redundancy",2025-06-30T20:31:12.865063486Z,{},2025-06-30T20:31:12.893903409Z,TaskQueue,2025-06-30T20:39:43.73121713Z
01JZ1EFK9EEAEM2ASPQWEXC3TB,true,2025-06-30T22:23:43.864839516Z,true,2025-06-30T22:23:39.580794744Z,,,null,2025-06-30T22:28:16.283696566Z,game ended,2025-06-30T22:28:57.749101098Z,1,2025-06-30T22:30:04.877119957Z,"{""age"":""50"",""gender"":""Female"",""strength"":""Game was interesting."",""fair"":""Nothing really involved the teammates specifically."",""feedback"":""Make it a bit more interactive. But otherwise it was good."",""education"":""bachelor""}",2025-06-30T22:30:04.929384365Z,01JZ1E91HHYKGR583PHV4V6JXR,2025-06-30T22:14:20.874032687Z,3,2025-06-30T22:15:50.966521307Z,true,2025-06-30T22:16:46.59630896Z,,,Player 2,2025-06-30T22:19:23.881242784Z,4,2025-06-30T22:28:16.11067526Z,01JZ1EFJZ04RMXTWA3WJ057CNS,2025-06-30T22:14:20.718168458Z,,,"{""networkStruct"":""pooled"",""playerCount"":4}",2025-06-30T22:14:20.874032687Z,"Pooled, Some Redundancy",2025-06-30T22:14:20.874032687Z,{},2025-06-30T22:14:20.985669576Z,TaskQueue,2025-06-30T22:28:16.241414369Z
01JZ179X6Q4FCZN7X4TNMWRQ73,true,2025-06-30T20:18:43.671639246Z,true,2025-06-30T20:18:36.19366516Z,,,null,2025-06-30T20:21:56.365636626Z,game ended,2025-06-30T20:23:55.000144094Z,1,2025-06-30T20:24:27.602155123Z,"{""age"":""43"",""gender"":""female"",""strength"":""interesting and easy enough to complete"",""fair"":""yes"",""feedback"":""no particular suggestions"",""education"":""high-school""}",2025-06-30T20:24:27.594495261Z,01JZ170DRWH3Q5VEKFYTCWXCB9,2025-06-30T20:08:54.241835429Z,3,2025-06-30T20:09:52.018422952Z,true,2025-06-30T20:10:11.94354095Z,,,Player 3,2025-06-30T20:14:31.021465217Z,5,2025-06-30T20:21:56.373045002Z,01JZ179WTYJF0A3YRQJS0QKQ7J,2025-06-30T20:08:54.231218917Z,,,"{""networkStruct"":""pooled"",""playerCount"":6}",2025-06-30T20:08:54.241835429Z,"Pooled, Redundancy",2025-06-30T20:08:54.241835429Z,{},2025-06-30T20:08:54.417238898Z,TaskQueue,2025-06-30T20:21:56.38076801Z
01JZ18KCY0QBBH8XGZWTQZ78V6,true,2025-06-30T20:38:08.575450426Z,true,2025-06-30T20:38:02.76767822Z,null,2025-06-30T20:42:23.143069634Z,null,2025-06-30T20:42:23.098453215Z,game ended,2025-06-30T20:43:22.475613323Z,1,2025-06-30T20:44:10.284560875Z,"{""age"":""50"",""gender"":""f"",""strength"":""i liked"",""fair"":""yes"",""feedback"":""don't know"",""education"":""master""}",2025-06-30T20:44:10.264057806Z,01JZ18G4ZPD0G0WRB3ZSNJ4KSW,2025-06-30T20:33:05.429707677Z,3,2025-06-30T20:32:36.965448955Z,true,2025-06-30T20:33:19.879746637Z,,,Player 4,2025-06-30T20:33:52.608864142Z,8,2025-06-30T20:42:23.119973965Z,01JZ18KC37GQSDME5YQX6NJFDF,2025-06-30T20:31:33.824159898Z,MAXIMUM INCOME,2025-06-30T20:38:08.575450426Z,"{""networkStruct"":""reciprocal"",""playerCount"":6}",2025-06-30T20:31:33.844532841Z,"Reciprocal, Redundancy",2025-06-30T20:31:33.844532841Z,{},2025-06-30T20:31:34.269148319Z,TaskQueue,2025-06-30T20:42:23.164615771Z
01JZ1B483R9XXNDJ9MZBRK2ZQ1,true,2025-06-30T21:27:04.491221672Z,true,2025-06-30T21:26:57.799570456Z,,,null,2025-06-30T21:29:43.558955986Z,game ended,2025-06-30T21:32:17.383224944Z,1,2025-06-30T21:34:52.533578176Z,"{""age"":""39"",""gender"":""Female"",""strength"":""It seemed fine.  I didn't understand why my score remained at 0-- did I get my answers wrong? Some feedback about the sections of the game that I did would be helpful. "",""fair"":""My teammates certainly took care of tasks, which seemed helpful.  I didn't get any feedback about the tasks they had completed, so I wouldn't know how accurate they were. "",""feedback"":""I wasn't clear on why it was a team game-- maybe some more information about why we're working in teams might be helpful to have, or the ability to communicate during the game itself. "",""education"":""master""}",2025-06-30T21:34:52.562946711Z,01JZ1B1W68Y1JCNSRHTZJR0WTB,2025-06-30T21:15:43.138879841Z,3,2025-06-30T21:16:31.845040739Z,true,2025-06-30T21:17:19.367448849Z,,,Player 1,2025-06-30T21:22:45.230637302Z,2,2025-06-30T21:29:43.662542964Z,01JZ1B47X2C7VJHXPQPWN3HPC8,2025-06-30T21:15:43.096808027Z,,,"{""networkStruct"":""pooled"",""playerCount"":6}",2025-06-30T21:15:43.138879841Z,"Pooled, Redundancy",2025-06-30T21:15:43.138879841Z,{},2025-06-30T21:15:43.251212635Z,TaskQueue,2025-06-30T21:29:43.637439566Z
01JZ1DEB7GHZ5ZQY0VZXEDKFR1,true,2025-06-30T22:02:45.075743173Z,true,2025-06-30T22:02:39.622286571Z,null,2025-06-30T22:07:07.108240728Z,null,2025-06-30T22:07:07.007780995Z,game ended,2025-06-30T22:08:03.288492062Z,1,2025-06-30T22:10:24.385139518Z,"{""age"":""64"",""gender"":""Male"",""strength"":""It was interesting and engaging, and somewhat stressful."",""fair"":""Yes, since we each focused on our own tasks."",""feedback"":""Allow a little more time for each of the training rounds."",""education"":""master""}",2025-06-30T22:10:24.328851701Z,01JZ1D0S3N2D9DCG3EHS8AP4R1,2025-06-30T21:56:11.195332118Z,3,2025-06-30T21:57:32.742428218Z,true,2025-06-30T21:58:21.679429182Z,,,Player 4,2025-06-30T21:58:22.558063759Z,15,2025-06-30T22:07:07.049023897Z,01JZ1DEB1Q03QBVW9FDGE07WMP,2025-06-30T21:56:11.12073511Z,CHILDREN'S COMMUTE DISTANCE,2025-06-30T22:02:45.075743173Z,"{""networkStruct"":""reciprocal"",""playerCount"":4}",2025-06-30T21:56:11.195332118Z,"Reciprocal, Some Redundancy",2025-06-30T21:56:11.195332118Z,{},2025-06-30T21:56:11.288841565Z,TaskQueue,2025-06-30T22:07:07.175805532Z
01JZ19Y3KYVSPMBWF3EF2S04D7,true,2025-06-30T21:05:01.352762096Z,true,2025-06-30T21:04:53.612458361Z,null,2025-06-30T21:06:39.656009829Z,null,2025-06-30T21:06:39.743572417Z,game ended,2025-06-30T21:10:13.505514845Z,1,2025-06-30T21:10:46.317345612Z,"{""age"":""21"",""gender"":""Male"",""strength"":""Pretty fun"",""fair"":""Don't know, didn't see them work"",""feedback"":""No idea"",""education"":""high-school""}",2025-06-30T21:10:46.338094861Z,01JZ19VF9WCS5BMDRCPXZK6ZBF,2025-06-30T20:54:53.341632717Z,3,2025-06-30T20:55:32.706542048Z,true,2025-06-30T20:56:07.634714241Z,,,Player 5,2025-06-30T21:00:42.59978411Z,8,2025-06-30T21:06:39.616350355Z,01JZ19Y34V3F5CY8Z8B27536ME,2025-06-30T20:54:53.310671581Z,CHILDREN'S COMMUTE DISTANCE,2025-06-30T21:05:01.352762096Z,"{""networkStruct"":""reciprocal"",""playerCount"":6}",2025-06-30T20:54:53.341632717Z,"Reciprocal, Redundancy",2025-06-30T20:54:53.341632717Z,{},2025-06-30T20:54:53.590605355Z,TaskQueue,2025-06-30T21:06:39.708053124Z
01JZ18HQKYW690RKTXSRY6QQQ2,true,2025-06-30T20:37:37.384730102Z,true,2025-06-30T20:37:29.444164086Z,,,null,2025-06-30T20:40:11.620809638Z,game ended,2025-06-30T20:42:49.431784701Z,1,2025-06-30T20:43:39.133117253Z,"{""age"":""28"",""gender"":""Male"",""strength"":""It was pretty fan i would prefer to be something like who answer the fastest"",""fair"":""I dont really know if they helped me"",""feedback"":""Have to deduct time from the team when they get wrong answers"",""education"":""master""}",2025-06-30T20:43:39.112468478Z,01JZ18G4Y1ABZPJ815NAWEN19T,2025-06-30T20:30:39.258248492Z,3,2025-06-30T20:30:53.674891996Z,true,2025-06-30T20:31:03.865485478Z,,,Player 2,2025-06-30T20:33:19.828348378Z,2,2025-06-30T20:40:11.598138992Z,01JZ18HQ4TEDF2H7G2DDZY66M5,2025-06-30T20:30:39.230462468Z,,,"{""networkStruct"":""pooled"",""playerCount"":6}",2025-06-30T20:30:39.258248492Z,"Pooled, Redundancy",2025-06-30T20:30:39.258248492Z,{},2025-06-30T20:30:39.49624478Z,TaskQueue,2025-06-30T20:40:11.552405596Z
01JZ1BJXNYMQTFCPVNSGYNQ5H0,,,,,,,,,no more games,2025-06-30T21:25:22.491405605Z,1,2025-06-30T21:39:12.939246729Z,"{""age"":""33"",""gender"":""Male"",""strength"":""It was very fast"",""fair"":""Yes"",""feedback"":""Everything worked pretty fast for me."",""education"":""bachelor""}",2025-06-30T21:39:12.975451532Z,null,2025-06-30T21:25:22.491405605Z,,,,,,,,,,,01JZ1BJX8B9M4GKNYRECZTXBTH,2025-06-30T21:23:43.934551839Z,,,"{""networkStruct"":""pooled"",""playerCount"":6}",2025-06-30T21:23:43.978319496Z,"Pooled, Redundancy",2025-06-30T21:23:43.978319496Z,{},2025-06-30T21:23:44.209705416Z,,
01JZ1D322QVYNT268ZSCN1M2TD,true,2025-06-30T21:56:41.378865637Z,true,2025-06-30T21:56:36.315410091Z,null,2025-06-30T21:59:35.192724339Z,null,2025-06-30T21:59:35.114408333Z,game ended,2025-06-30T22:01:54.220507891Z,1,2025-06-30T22:02:20.66476503Z,"{""age"":""55"",""gender"":""male"",""strength"":""it wasn't that challenging"",""fair"":""not really"",""feedback"":""make it more challenging"",""education"":""bachelor""}",2025-06-30T22:02:20.699612066Z,01JZ1D0S2S8SEBXETFQJSTGM5V,2025-06-30T21:50:01.406382157Z,3,2025-06-30T21:50:47.890611876Z,true,2025-06-30T21:51:21.165720959Z,,,Player 1,2025-06-30T21:52:18.491920256Z,14,2025-06-30T21:59:35.149160341Z,01JZ1D31VX8A4YGX496G25RTNY,2025-06-30T21:50:01.303902101Z,AVERAGE PEOPLE,2025-06-30T21:56:41.378865637Z,"{""networkStruct"":""reciprocal"",""playerCount"":4}",2025-06-30T21:50:01.406382157Z,"Reciprocal, Some Redundancy",2025-06-30T21:50:01.406382157Z,{},2025-06-30T21:50:01.467775635Z,TaskQueue,2025-06-30T21:59:35.240816035Z
01JZ1G6RSPQGYECJMX7N6G6VY8,true,2025-06-30T22:56:15.634433333Z,true,2025-06-30T22:56:05.244804259Z,,,null,2025-06-30T23:01:20.563931391Z,game ended,2025-06-30T23:01:35.123620794Z,1,2025-06-30T23:03:47.475329877Z,"{""age"":""44"",""gender"":""Male"",""strength"":""Funny, but stressful! "",""fair"":""Yes. Faster than me. "",""feedback"":""I think it's very good already. "",""education"":""other""}",2025-06-30T23:03:47.378629438Z,01JZ1G29XRNS92G9JYEX4H033M,2025-06-30T22:51:29.43116362Z,3,2025-06-30T22:50:06.86841492Z,true,2025-06-30T22:51:47.675644279Z,,,Player 3,2025-06-30T22:51:48.666738478Z,3,2025-06-30T23:01:20.465362364Z,01JZ1G6QQ68JGVG09MRDYDN301,2025-06-30T22:44:28.598855476Z,,,"{""networkStruct"":""pooled"",""playerCount"":4}",2025-06-30T22:44:28.663893721Z,"Pooled, Some Redundancy",2025-06-30T22:44:28.663893721Z,{},2025-06-30T22:44:29.245708172Z,TaskQueue,2025-06-30T23:01:20.516126532Z
01JZ18JM72T0M956F9SWEEMV4X,,,,,,,,,no more games,2025-06-30T21:25:22.491405605Z,,,,,null,2025-06-30T21:25:22.491405605Z,3,2025-06-30T20:31:27.240367645Z,,,,,,,,,01JZ18JKY1KFCXJCEPC62WZP41,2025-06-30T20:31:08.514490511Z,,,"{""networkStruct"":""pooled"",""playerCount"":6}",2025-06-30T20:31:08.535651913Z,"Pooled, Redundancy",2025-06-30T20:31:08.535651913Z,{},2025-06-30T20:31:08.660590773Z,,
01JZ18R1A320GC6S7M7JHXBK4K,,,,,,,,,no more games,2025-06-30T21:25:22.491405605Z,1,2025-06-30T20:35:34.485594656Z,"{""age"":""39"",""gender"":""male"",""strength"":"""",""fair"":"""",""feedback"":"""",""education"":""master""}",2025-06-30T20:35:34.473041259Z,null,2025-06-30T21:25:22.491405605Z,1,2025-06-30T20:34:17.113735608Z,,,,,,,,,01JZ18R0DZFY5XTFTP0KQKDWCQ,2025-06-30T20:34:05.763764652Z,,,"{""networkStruct"":""pooled"",""playerCount"":6}",2025-06-30T20:34:06.983910093Z,"Pooled, Redundancy",2025-06-30T20:34:06.983910093Z,{},2025-06-30T20:34:07.37837258Z,,
01JZ1A9RXDVME7RYXTWFBGWCFN,true,2025-06-30T21:07:02.264194055Z,true,2025-06-30T21:06:54.796381409Z,null,2025-06-30T21:09:16.70931369Z,null,2025-06-30T21:09:16.687791313Z,game ended,2025-06-30T21:12:15.060866167Z,1,2025-06-30T21:12:53.435674307Z,"{""age"":""28"",""gender"":""Male"",""strength"":""Fair"",""fair"":""Yes"",""feedback"":""Longer chat maybe for strategy"",""education"":""bachelor""}",2025-06-30T21:12:53.477615673Z,01JZ19VF6XEW5FG377QGXCTRD1,2025-06-30T21:01:47.134893341Z,3,2025-06-30T21:01:52.366341189Z,true,2025-06-30T21:02:28.830957897Z,,,Player 5,2025-06-30T21:02:45.019047124Z,6,2025-06-30T21:09:16.768068804Z,01JZ1A9RVQCKX1HJKA7PXC2JDF,2025-06-30T21:01:15.56539786Z,CHILDREN'S COMMUTE DISTANCE,2025-06-30T21:07:02.264194055Z,"{""networkStruct"":""reciprocal"",""playerCount"":6}",2025-06-30T21:01:15.60017019Z,"Reciprocal, Redundancy",2025-06-30T21:01:15.60017019Z,{},2025-06-30T21:01:15.636801612Z,TaskQueue,2025-06-30T21:09:16.731521325Z
01JZ1ESJSZ4605B74MTV3MB0PF,true,2025-06-30T22:29:03.651443728Z,true,2025-06-30T22:28:55.21117505Z,,,neighborhood_7,2025-06-30T22:34:01.418631212Z,game ended,2025-06-30T22:34:16.061407698Z,1,2025-06-30T22:36:45.200203851Z,"{""age"":""24"",""gender"":""Male"",""strength"":""I think that the game was engaging. I got to interact with my teammates without having to communicate with them, the cooperation between us was kind of organic."",""fair"":""Yes. I wouldn't be able to do that many task by myself."",""feedback"":""I can't think of any improvements at the moment, sorry. The game is perfectly capable as is."",""education"":""other""}",2025-06-30T22:36:45.170463801Z,01JZ1E91Q18GQE49C0XSDVMF75,2025-06-30T22:19:47.96645228Z,3,2025-06-30T22:21:51.006575053Z,true,2025-06-30T22:22:21.871325883Z,,,Player 3,2025-06-30T22:24:42.45539611Z,6,2025-06-30T22:34:00.150947919Z,01JZ1ESJD0Y6HZZ9Q3GXPX6Q0F,2025-06-30T22:19:47.903458333Z,,,"{""networkStruct"":""pooled"",""playerCount"":4}",2025-06-30T22:19:47.96645228Z,"Pooled, Some Redundancy",2025-06-30T22:19:47.96645228Z,{},2025-06-30T22:19:48.167760553Z,TaskScreen,2025-06-30T22:34:01.373125529Z
01JZ18JG8638DXN8F3WDEPTJAB,true,2025-06-30T20:38:51.622897273Z,true,2025-06-30T20:38:42.508869621Z,,,null,2025-06-30T20:42:26.878376064Z,game ended,2025-06-30T20:44:06.655135903Z,1,2025-06-30T20:50:37.535142995Z,"{""age"":""34"",""gender"":""Woman"",""strength"":""Interesting"",""fair"":""Yes"",""feedback"":""More tasks, more complex"",""education"":""bachelor""}",2025-06-30T20:50:37.467683698Z,01JZ18G4XMK5QHE5YNTR43VZ9V,2025-06-30T20:31:04.497164428Z,3,2025-06-30T20:32:05.089103281Z,true,2025-06-30T20:32:34.18776588Z,,,Player 2,2025-06-30T20:34:27.24600239Z,3,2025-06-30T20:42:26.816099682Z,01JZ18JFS95BX78YZ6Y5227V93,2025-06-30T20:31:04.454769038Z,,,"{""networkStruct"":""pooled"",""playerCount"":6}",2025-06-30T20:31:04.497164428Z,"Pooled, Redundancy",2025-06-30T20:31:04.497164428Z,{},2025-06-30T20:31:04.819551192Z,TaskQueue,2025-06-30T20:42:26.857263763Z
01JZ1D4DS7AYHA2YKV7CP2TXFR,true,2025-06-30T21:57:41.044585044Z,true,2025-06-30T21:57:33.875937143Z,null,2025-06-30T22:02:59.019892569Z,null,2025-06-30T22:02:59.276017263Z,game ended,2025-06-30T22:03:03.268632102Z,1,2025-06-30T22:03:58.913748366Z,"{""age"":""62"",""gender"":""female"",""strength"":""fun"",""fair"":""no"",""feedback"":""encourage more input from everyone"",""education"":""high-school""}",2025-06-30T22:03:58.875205809Z,01JZ1D0S58CJJ0G6BA8AW8ZVCS,2025-06-30T21:50:46.143680488Z,3,2025-06-30T21:51:38.631945615Z,true,2025-06-30T21:52:28.201866334Z,,,Player 2,2025-06-30T21:53:23.072016595Z,10,2025-06-30T22:02:59.189962513Z,01JZ1D4D7H3EMF3F4FKP924K51,2025-06-30T21:50:46.055898711Z,MAXIMUM INCOME,2025-06-30T21:57:41.044585044Z,"{""networkStruct"":""reciprocal"",""playerCount"":4}",2025-06-30T21:50:46.143680488Z,"Reciprocal, Some Redundancy",2025-06-30T21:50:46.143680488Z,{},2025-06-30T21:50:46.345053838Z,TaskQueue,2025-06-30T22:02:59.356194824Z
01JZ1ET7E30G59HX0XYHAKGDD0,true,2025-06-30T22:26:10.238961145Z,true,2025-06-30T22:26:03.251057242Z,3,2025-06-30T22:31:01.495951007Z,neighborhood_10,2025-06-30T22:31:01.604526564Z,game ended,2025-06-30T22:31:25.878790765Z,1,2025-06-30T22:31:49.958172368Z,"{""age"":""34"",""gender"":""male"",""strength"":""fun"",""fair"":""no"",""feedback"":""none"",""education"":""master""}",2025-06-30T22:31:49.920798599Z,01JZ1E91Z6K0ZJGCC53Q4JQWJP,2025-06-30T22:20:09.096500582Z,3,2025-06-30T22:21:07.017937296Z,true,2025-06-30T22:21:51.387727545Z,,,Player 3,2025-06-30T22:21:51.977175733Z,9,2025-06-30T22:30:57.805011645Z,01JZ1ET70Q7YZWP0AEVZ2G3PB3,2025-06-30T22:20:09.027712545Z,CHILDREN'S COMMUTE DISTANCE,2025-06-30T22:26:10.238961145Z,"{""networkStruct"":""reciprocal"",""playerCount"":3}",2025-06-30T22:20:09.096500582Z,"Reciprocal, No Redundancy",2025-06-30T22:20:09.096500582Z,{},2025-06-30T22:20:09.484509228Z,TaskScreen,2025-06-30T22:31:01.377702828Z
01JZ1788J67VDXAH0W6F8T66AB,,,,,,,,,game ended,2025-06-30T20:22:28.605766381Z,,,,,01JZ170DS32PJY8CQRMADJXFRG,2025-06-30T20:08:00.340712229Z,3,2025-06-30T20:09:10.66709124Z,true,2025-06-30T20:09:58.280432323Z,true,2025-06-30T20:17:17.812074468Z,Player 3,2025-06-30T20:13:05.865330878Z,,,01JZ1788CDEVRFC4EWNFYP5NJD,2025-06-30T20:08:00.326993657Z,,,"{""networkStruct"":""reciprocal"",""playerCount"":6}",2025-06-30T20:08:00.340712229Z,"Reciprocal, Redundancy",2025-06-30T20:08:00.340712229Z,{},2025-06-30T20:08:00.45123346Z,,
01JZ17BPKZNHJ9DBN3R83MMZW2,true,2025-06-30T20:17:27.664244732Z,true,2025-06-30T20:17:22.477881141Z,null,2025-06-30T20:20:29.889575652Z,null,2025-06-30T20:20:29.927915951Z,game ended,2025-06-30T20:22:38.973202417Z,1,2025-06-30T20:23:56.042655865Z,"{""age"":""40"",""gender"":""Male"",""strength"":""It was fun and engaging"",""fair"":""I could see my temamate was completing tasks so I think yes"",""feedback"":""Not sure to be honest, it is fun as it is"",""education"":""master""}",2025-06-30T20:23:56.055105548Z,01JZ170DS434CCJM920VN081CV,2025-06-30T20:09:53.037414324Z,3,2025-06-30T20:11:08.828021431Z,true,2025-06-30T20:13:16.142792084Z,,,Player 3,2025-06-30T20:13:16.198424031Z,9,2025-06-30T20:20:29.871509207Z,01JZ17BP6MEC1MKA6260GRPPGG,2025-06-30T20:09:53.023659099Z,MAXIMUM INCOME,2025-06-30T20:17:27.664244732Z,"{""networkStruct"":""reciprocal"",""playerCount"":6}",2025-06-30T20:09:53.037414324Z,"Reciprocal, Redundancy",2025-06-30T20:09:53.037414324Z,{},2025-06-30T20:09:53.2885637Z,TaskQueue,2025-06-30T20:20:29.912338124Z
01JZ17C681KCXJ6DBBJAQ640Z7,true,2025-06-30T20:16:32.444788911Z,true,2025-06-30T20:16:30.520093968Z,,,null,2025-06-30T20:20:14.035369022Z,game ended,2025-06-30T20:21:43.28032757Z,1,2025-06-30T20:24:43.095615276Z,"{""age"":""48"",""gender"":""male"",""strength"":""Fun but stressful"",""fair"":""I think so, i don't know i was to busy doing my calculations"",""feedback"":""i think it's fine the way it is but maybe some more explanation would be nice at the beginning of the game"",""education"":""bachelor""}",2025-06-30T20:24:43.080988131Z,01JZ170DRSFZ9Y16965WN1Z2F9,2025-06-30T20:10:09.050644857Z,3,2025-06-30T20:11:30.692811774Z,true,2025-06-30T20:12:20.820216754Z,,,Player 5,2025-06-30T20:12:20.883746285Z,1,2025-06-30T20:20:14.05359259Z,01JZ17C5SKM3P0ZJADAKHJ96FG,2025-06-30T20:10:09.02558426Z,,,"{""networkStruct"":""pooled"",""playerCount"":6}",2025-06-30T20:10:09.050644857Z,"Pooled, Redundancy",2025-06-30T20:10:09.050644857Z,{},2025-06-30T20:10:09.245760191Z,TaskQueue,2025-06-30T20:20:14.061640427Z
01JZ18HQSJCYE6M3YFJES1PERS,true,2025-06-30T20:37:09.032020052Z,true,2025-06-30T20:37:04.093634635Z,null,2025-06-30T20:39:48.644164292Z,null,2025-06-30T20:39:48.624013047Z,game ended,2025-06-30T20:42:21.537189859Z,1,2025-06-30T20:43:03.120385644Z,"{""age"":""25"",""gender"":""Male"",""strength"":""really nice, dont know what is the purpose of experiment"",""fair"":""yes"",""feedback"":"""",""education"":""master""}",2025-06-30T20:43:03.09939535Z,01JZ18G4ZDA13FR053ZT1R1FPF,2025-06-30T20:30:39.441360653Z,3,2025-06-30T20:31:02.799387392Z,true,2025-06-30T20:31:31.029527985Z,,,Player 2,2025-06-30T20:32:50.870422471Z,9,2025-06-30T20:39:48.681692174Z,01JZ18HPZRDB2WDJPM36YGSV5N,2025-06-30T20:30:39.410846172Z,MAXIMUM INCOME,2025-06-30T20:37:09.032020052Z,"{""networkStruct"":""reciprocal"",""playerCount"":6}",2025-06-30T20:30:39.441360653Z,"Reciprocal, Redundancy",2025-06-30T20:30:39.441360653Z,{},2025-06-30T20:30:39.90187864Z,TaskQueue,2025-06-30T20:39:48.720868291Z
01JZ17AA6B6W27BR52VPQ8MSYM,true,2025-06-30T20:18:52.075133417Z,true,2025-06-30T20:18:45.833580182Z,null,2025-06-30T20:22:43.654850589Z,null,2025-06-30T20:22:43.64701043Z,game ended,2025-06-30T20:24:03.301119697Z,1,2025-06-30T20:25:13.530747187Z,"{""age"":""43"",""gender"":""Male"",""strength"":""A bit disjointed, didn't really know what to chat about in the group\n"",""fair"":""Not really as didn't know what to do"",""feedback"":""Maybe have the chat during the questions?"",""education"":""high-school""}",2025-06-30T20:25:13.518976859Z,01JZ170DS434CCJM920K0JDY80,2025-06-30T20:09:07.541911306Z,3,2025-06-30T20:09:37.659083695Z,true,2025-06-30T20:10:08.123374348Z,,,Player 1,2025-06-30T20:14:39.928599976Z,14,2025-06-30T20:22:43.637646587Z,01JZ17A9TWYA64G08GXV0R5X05,2025-06-30T20:09:07.531420969Z,AVERAGE PEOPLE,2025-06-30T20:18:52.075133417Z,"{""networkStruct"":""reciprocal"",""playerCount"":6}",2025-06-30T20:09:07.541911306Z,"Reciprocal, Redundancy",2025-06-30T20:09:07.541911306Z,{},2025-06-30T20:09:07.758319513Z,TaskQueue,2025-06-30T20:22:43.663766251Z
01JZ18M2SFWFRTRVV46KHVE0JB,true,2025-06-30T20:39:23.989964643Z,true,2025-06-30T20:39:17.285523983Z,null,2025-06-30T20:41:26.864202734Z,null,2025-06-30T20:41:26.708123183Z,game ended,2025-06-30T20:44:36.398484801Z,1,2025-06-30T20:45:26.89993421Z,"{""age"":""50"",""gender"":""Male"",""strength"":""It was fun"",""fair"":""yes"",""feedback"":""Tell us how our teammates did in training"",""education"":""bachelor""}",2025-06-30T20:45:26.863672365Z,01JZ18G508W9SSEDAT6B79GZND,2025-06-30T20:31:56.23080669Z,3,2025-06-30T20:32:27.909745937Z,true,2025-06-30T20:32:38.549663927Z,,,Player 5,2025-06-30T20:35:04.198443928Z,9,2025-06-30T20:41:26.789869272Z,01JZ18M2KKVW1DXJ6TMKDE8NX8,2025-06-30T20:31:56.207998308Z,CHILDREN'S COMMUTE DISTANCE,2025-06-30T20:39:23.989964643Z,"{""networkStruct"":""reciprocal"",""playerCount"":6}",2025-06-30T20:31:56.23080669Z,"Reciprocal, Redundancy",2025-06-30T20:31:56.23080669Z,{},2025-06-30T20:31:56.32866827Z,TaskQueue,2025-06-30T20:41:26.745030303Z
01JZ1A30PSDQTAMK68V3KKNNKC,true,2025-06-30T21:05:51.924043537Z,true,2025-06-30T21:05:48.859875144Z,null,2025-06-30T21:08:01.09700627Z,null,2025-06-30T21:08:01.076659949Z,game ended,2025-06-30T21:11:05.012589056Z,1,2025-06-30T21:11:43.8753436Z,"{""age"":""27"",""gender"":""F"",""strength"":""Good"",""fair"":""yes"",""feedback"":""different levels of difficulty"",""education"":""master""}",2025-06-30T21:11:43.912877466Z,01JZ19VF81DTYMGWYB0TAJKDWY,2025-06-30T20:57:34.209371406Z,3,2025-06-30T20:58:22.186229159Z,true,2025-06-30T20:58:51.131853011Z,,,Player 5,2025-06-30T21:01:34.891605243Z,11,2025-06-30T21:08:01.01645052Z,01JZ1A30AQW0NR9P59NNRXK2ZJ,2025-06-30T20:57:34.169413889Z,CHILDREN'S COMMUTE DISTANCE,2025-06-30T21:05:51.924043537Z,"{""networkStruct"":""reciprocal"",""playerCount"":6}",2025-06-30T20:57:34.209371406Z,"Reciprocal, Redundancy",2025-06-30T20:57:34.209371406Z,{},2025-06-30T20:57:34.413553725Z,TaskQueue,2025-06-30T21:08:01.116166579Z
01JZ1A9WAKHV114A8HMV48RTJ4,,,,,,,,,no more games,2025-06-30T21:57:53.402081961Z,,,,,null,2025-06-30T21:57:53.402081961Z,3,2025-06-30T21:02:16.170251759Z,,,,,,,,,01JZ1A9T377ZJK7C9RWV2NBQYR,2025-06-30T21:01:19.059767603Z,,,"{""networkStruct"":""reciprocal"",""playerCount"":6}",2025-06-30T21:01:19.096655167Z,"Reciprocal, Redundancy",2025-06-30T21:01:19.096655167Z,{},2025-06-30T21:01:20.886178131Z,,
01JZ1CF267R4DM5CMXPS4VKSEE,,,,,,,,,game ended,2025-06-30T21:51:29.039704074Z,,,,,01JZ1C4XNE4VHGMR9JDZS6Y7F9,2025-06-30T21:39:06.141376942Z,3,2025-06-30T21:39:36.060827743Z,true,2025-06-30T21:39:43.378043015Z,true,2025-06-30T21:46:17.210579408Z,Player 3,2025-06-30T21:41:57.48600451Z,,,01JZ1CF204R0CW9KZJWND4FN0X,2025-06-30T21:39:06.055975909Z,,,"{""networkStruct"":""reciprocal"",""playerCount"":6}",2025-06-30T21:39:06.141376942Z,"Reciprocal, Redundancy",2025-06-30T21:39:06.141376942Z,{},2025-06-30T21:39:06.24400172Z,,
01JZ1D4M3DA9VHJGDM7TJDNSPA,true,2025-06-30T21:59:32.822169686Z,true,2025-06-30T21:59:26.196053085Z,null,2025-06-30T22:04:10.135353187Z,null,2025-06-30T22:04:10.218324089Z,game ended,2025-06-30T22:04:45.646172415Z,1,2025-06-30T22:05:35.209543346Z,"{""age"":""41"",""gender"":""Male"",""strength"":""I have no idea what happened. I did my part and the game finished."",""fair"":""Not at all"",""feedback"":""I have no idea what happened. I did my part and the game finished."",""education"":""master""}",2025-06-30T22:05:35.171521485Z,01JZ1D0S14X3T6948SDJVF454K,2025-06-30T21:50:52.583715265Z,3,2025-06-30T21:51:06.316195145Z,true,2025-06-30T21:51:24.211907356Z,,,Player 2,2025-06-30T21:55:15.375643933Z,15,2025-06-30T22:04:10.264398765Z,01JZ1D4KQH8WDZWFE5JC54AMB6,2025-06-30T21:50:52.525378405Z,MAXIMUM INCOME,2025-06-30T21:59:32.822169686Z,"{""networkStruct"":""reciprocal"",""playerCount"":4}",2025-06-30T21:50:52.583715265Z,"Reciprocal, Some Redundancy",2025-06-30T21:50:52.583715265Z,{},2025-06-30T21:50:52.766980623Z,TaskQueue,2025-06-30T22:04:10.349934663Z
01JZ174WHQCMCA8133PA37NAKC,true,2025-06-30T20:19:36.431589745Z,true,2025-06-30T20:19:28.143031816Z,null,2025-06-30T20:21:50.297801173Z,null,2025-06-30T20:21:50.262584783Z,game ended,2025-06-30T20:24:47.738046724Z,1,2025-06-30T20:27:09.648120579Z,"{""age"":""38"",""gender"":""male"",""strength"":""Annoying. Basically, a 10 minute wait to play an 8+ minute game. I could have completed all the tasks myself with as much time there is given."",""fair"":""No. "",""feedback"":""Pay people for waiting because this 8 minute task is ballooned into nearly a half hour. "",""education"":""other""}",2025-06-30T20:27:09.659888408Z,01JZ170DS0283SZNEN95XAWWS4,2025-06-30T20:06:09.729842752Z,3,2025-06-30T20:06:44.90730989Z,true,2025-06-30T20:07:14.551544567Z,,,Player 1,2025-06-30T20:15:24.36435341Z,14,2025-06-30T20:21:50.289061895Z,01JZ174WBGP42SMNBMYG0BVXR9,2025-06-30T20:06:09.719471914Z,AVERAGE PEOPLE,2025-06-30T20:19:36.431589745Z,"{""networkStruct"":""reciprocal"",""playerCount"":6}",2025-06-30T20:06:09.729842752Z,"Reciprocal, Redundancy",2025-06-30T20:06:09.729842752Z,{},2025-06-30T20:06:09.829598857Z,TaskQueue,2025-06-30T20:21:50.280988089Z
01JZ17AK41GP2DW5ZS1AJ3K35J,true,2025-06-30T20:16:32.444788911Z,true,2025-06-30T20:16:24.213894995Z,,,null,2025-06-30T20:19:31.119939934Z,game ended,2025-06-30T20:21:43.28032757Z,1,2025-06-30T20:22:25.726877206Z,"{""age"":""32"",""gender"":""Male"",""strength"":""It was definitely exciting. Was fun to try to beat the clock"",""fair"":""They did great at putting in their own effort and finishing up on time"",""feedback"":""No ideas here, this was all good in my book. "",""education"":""bachelor""}",2025-06-30T20:22:25.745914971Z,01JZ170DRSFZ9Y16965WN1Z2F9,2025-06-30T20:09:16.685110893Z,3,2025-06-30T20:09:43.698928812Z,true,2025-06-30T20:09:58.892264096Z,,,Player 3,2025-06-30T20:12:20.883746285Z,3,2025-06-30T20:19:31.12690607Z,01JZ17AJQX3J0H10GG8DTN2BH3,2025-06-30T20:09:16.673945168Z,,,"{""networkStruct"":""pooled"",""playerCount"":6}",2025-06-30T20:09:16.685110893Z,"Pooled, Redundancy",2025-06-30T20:09:16.685110893Z,{},2025-06-30T20:09:16.878425387Z,TaskQueue,2025-06-30T20:19:31.157752451Z
01JZ17S6ZC1ZB5QAG0E0350NSD,true,2025-06-30T20:22:20.655108449Z,true,2025-06-30T20:22:12.720123778Z,,,null,2025-06-30T20:27:02.034177537Z,game ended,2025-06-30T20:27:31.720404695Z,1,2025-06-30T20:28:45.078663322Z,"{""age"":""42"",""gender"":""Female"",""strength"":""It was a little stressful, but really fun. I took the last remaining task and felt pressure to finish it and I did!"",""fair"":""Yes, absolutely. We worked quickly together as a team."",""feedback"":""I don't see any improvements that could be made."",""education"":""master""}",2025-06-30T20:28:45.086911715Z,01JZ170DS9MMA8EZAVKYS5SMHX,2025-06-30T20:17:15.794325702Z,3,2025-06-30T20:17:44.968359886Z,true,2025-06-30T20:18:05.928659282Z,,,Player 6,2025-06-30T20:18:06.153859821Z,4,2025-06-30T20:27:02.051654486Z,01JZ17S6P477G1XNVKB1JX2QM6,2025-06-30T20:17:15.756974225Z,,,"{""networkStruct"":""pooled"",""playerCount"":6}",2025-06-30T20:17:15.794325702Z,"Pooled, Redundancy",2025-06-30T20:17:15.794325702Z,{},2025-06-30T20:17:15.941998879Z,TaskQueue,2025-06-30T20:27:02.040247953Z
01JZ18J8Q0NTX3J5K3S3BBJY8S,,,,,,,,,no more games,2025-06-30T21:57:53.402081961Z,,,,,null,2025-06-30T21:57:53.402081961Z,3,2025-06-30T20:31:31.751890026Z,,,,,,,,,01JZ18J8J3S3M8HVC1H2GC56B7,2025-06-30T20:30:56.736971797Z,,,"{""networkStruct"":""reciprocal"",""playerCount"":6}",2025-06-30T20:30:56.758629762Z,"Reciprocal, Redundancy",2025-06-30T20:30:56.758629762Z,{},2025-06-30T20:30:56.8187196Z,,
01JZ1GGT9KDQPYVBYTSYY1MHFW,true,2025-06-30T22:56:15.634433333Z,true,2025-06-30T22:56:05.323550239Z,,,neighborhood_7,2025-06-30T23:01:24.813098313Z,game ended,2025-06-30T23:01:35.123620794Z,1,2025-06-30T23:02:36.246387461Z,"{""age"":""24"",""gender"":""male"",""strength"":""The game is engaging and makes teamwork essential"",""fair"":""having clear and timely communication would make the experience smoother and more productive."",""feedback"":"" it might help to add better real-time collaboration tools"",""education"":""master""}",2025-06-30T23:02:36.3373416Z,01JZ1G29XRNS92G9JYEX4H033M,2025-06-30T22:49:57.874654257Z,3,2025-06-30T22:51:17.602224649Z,true,2025-06-30T22:51:45.591968902Z,,,Player 4,2025-06-30T22:51:48.666738478Z,6,2025-06-30T23:00:27.517315817Z,01JZ1GGRSXE38D71PY08YG8XVX,2025-06-30T22:49:57.811862873Z,,,"{""networkStruct"":""pooled"",""playerCount"":4}",2025-06-30T22:49:57.874654257Z,"Pooled, Some Redundancy",2025-06-30T22:49:57.874654257Z,{},2025-06-30T22:49:58.155033146Z,TaskScreen,2025-06-30T23:01:24.713948018Z
01JZ1783Y320G4QQ1JCVQAE220,true,2025-06-30T20:16:30.530913659Z,true,2025-06-30T20:16:22.451722183Z,,,null,2025-06-30T20:19:40.056661072Z,game ended,2025-06-30T20:21:41.347864704Z,1,2025-06-30T20:22:10.606669692Z,"{""age"":""25"",""gender"":""Female"",""strength"":""I realised how bad I am at maths under pressure"",""fair"":""We all worked together to get the villages done"",""feedback"":""Not sure "",""education"":""master""}",2025-06-30T20:22:10.613990457Z,01JZ170DRRRWN613C5WJQ8B5Q6,2025-06-30T20:07:55.602935506Z,3,2025-06-30T20:08:52.312514735Z,true,2025-06-30T20:08:57.649979381Z,,,Player 2,2025-06-30T20:12:18.889192237Z,2,2025-06-30T20:19:40.004083031Z,01JZ1783KMX2GHTCZEV259WXKR,2025-06-30T20:07:55.587411563Z,,,"{""networkStruct"":""pooled"",""playerCount"":6}",2025-06-30T20:07:55.602935506Z,"Pooled, Redundancy",2025-06-30T20:07:55.602935506Z,{},2025-06-30T20:07:55.776920214Z,TaskQueue,2025-06-30T20:19:40.034176171Z
01JZ17J8N9NAW1ASAH1NWPJBAP,true,2025-06-30T20:19:36.431589745Z,true,2025-06-30T20:19:33.383174951Z,null,2025-06-30T20:22:14.763032611Z,null,2025-06-30T20:22:14.777943309Z,game ended,2025-06-30T20:24:47.738046724Z,1,2025-06-30T20:25:43.49194599Z,"{""age"":""51"",""gender"":""male"",""strength"":""it was fine"",""fair"":""yes"",""feedback"":""give a more definitive example"",""education"":""high-school""}",2025-06-30T20:25:43.485708086Z,01JZ170DS0283SZNEN95XAWWS4,2025-06-30T20:14:55.789837869Z,3,2025-06-30T20:14:37.601242739Z,true,2025-06-30T20:15:10.795194224Z,,,Player 5,2025-06-30T20:15:24.36435341Z,8,2025-06-30T20:22:14.740427793Z,01JZ17J87R8NQ8Y979JVG72ZMV,2025-06-30T20:13:28.10509041Z,CHILDREN'S COMMUTE DISTANCE,2025-06-30T20:19:36.431589745Z,"{""networkStruct"":""reciprocal"",""playerCount"":6}",2025-06-30T20:13:28.187194656Z,"Reciprocal, Redundancy",2025-06-30T20:13:28.187194656Z,{},2025-06-30T20:13:28.271607992Z,TaskQueue,2025-06-30T20:22:14.786480527Z
01JZ1C4CTKJV3QDB4A0BGTS31H,true,2025-06-30T21:38:35.474652314Z,true,2025-06-30T21:38:34.974033048Z,,,null,2025-06-30T21:43:21.921040398Z,game ended,2025-06-30T21:43:47.34949293Z,1,2025-06-30T21:46:40.837440483Z,"{""age"":""30"",""gender"":""Female"",""strength"":""It is very good and interesting. "",""fair"":""Yes. "",""feedback"":""Please check my prolific ID for the study: REDACTED\nI gave study ID: \""111\"" which I already mentioned you through chat. "",""education"":""master""}",2025-06-30T21:46:40.816242771Z,01JZ1BX80QRTKGB6MH6HMRDXS1,2025-06-30T21:33:16.551194068Z,3,2025-06-30T21:33:24.149792682Z,true,2025-06-30T21:33:31.097026299Z,,,Player 3,2025-06-30T21:34:18.131757321Z,3,2025-06-30T21:43:21.964236271Z,01JZ1C4CE39D8DFK053MQGGYZE,2025-06-30T21:33:16.499458936Z,,,"{""networkStruct"":""pooled"",""playerCount"":3}",2025-06-30T21:33:16.551194068Z,"Pooled, No Redundancy",2025-06-30T21:33:16.551194068Z,{},2025-06-30T21:33:16.743701792Z,TaskQueue,2025-06-30T21:43:21.995156445Z
01JZ1EKW5BGVN2WN0MZV6XE5EZ,true,2025-06-30T22:29:03.651443728Z,true,2025-06-30T22:28:56.203175431Z,,,neighborhood_3,2025-06-30T22:33:50.312974063Z,game ended,2025-06-30T22:34:16.061407698Z,1,2025-06-30T22:34:42.106994629Z,"{""age"":""28"",""gender"":""Male"",""strength"":""It was fun."",""fair"":""Yes they were, they were fast."",""feedback"":""More chatting."",""education"":""bachelor""}",2025-06-30T22:34:42.179765758Z,01JZ1E91Q18GQE49C0XSDVMF75,2025-06-30T22:16:41.043134903Z,3,2025-06-30T22:17:18.717919473Z,true,2025-06-30T22:17:31.481846054Z,,,Player 2,2025-06-30T22:24:42.45539611Z,3,2025-06-30T22:33:45.840186903Z,01JZ1EKVZ9ZHMMBEW3H8GDCCSQ,2025-06-30T22:16:40.875983337Z,,,"{""networkStruct"":""pooled"",""playerCount"":4}",2025-06-30T22:16:41.043134903Z,"Pooled, Some Redundancy",2025-06-30T22:16:41.043134903Z,{},2025-06-30T22:16:41.147556398Z,TaskScreen,2025-06-30T22:33:50.354453777Z
01JZ17992QEDC71MF0NWEGAJEP,true,2025-06-30T20:21:15.021634562Z,true,2025-06-30T20:21:07.033816249Z,null,2025-06-30T20:24:22.158544334Z,null,2025-06-30T20:24:22.168730107Z,game ended,2025-06-30T20:26:26.286606024Z,1,2025-06-30T20:27:46.984545741Z,"{""age"":""49"",""gender"":""female"",""strength"":""It was fun but didn't really coordinate with the team on the task as expected. "",""fair"":""Not really. There wasn't much information share before the game started and no opportunity to communicate once it started. "",""feedback"":""Give more time to communicate prior and during the game. "",""education"":""master""}",2025-06-30T20:27:46.97880719Z,01JZ170DSP5HFMBRZWFQV8RFVC,2025-06-30T20:08:33.633941852Z,3,2025-06-30T20:09:33.759451666Z,true,2025-06-30T20:10:12.079106289Z,,,Player 2,2025-06-30T20:17:02.078810539Z,3,2025-06-30T20:24:22.17881981Z,01JZ1798RKN93H5BNEFJ15TB21,2025-06-30T20:08:33.623969023Z,MAXIMUM INCOME,2025-06-30T20:21:15.021634562Z,"{""networkStruct"":""reciprocal"",""playerCount"":6}",2025-06-30T20:08:33.633941852Z,"Reciprocal, Redundancy",2025-06-30T20:08:33.633941852Z,{},2025-06-30T20:08:33.818894375Z,TaskQueue,2025-06-30T20:24:22.144535342Z
01JZ17A8QJRMY4CTZ0TGBPTVC4,true,2025-06-30T20:17:17.812074468Z,true,2025-06-30T20:17:12.485348717Z,null,2025-06-30T20:22:25.088318282Z,null,2025-06-30T20:22:25.073877127Z,game ended,2025-06-30T20:22:28.605766381Z,1,2025-06-30T20:23:11.406243591Z,"{""age"":""24"",""gender"":""Female"",""strength"":""It was fun but stressful!"",""fair"":""No, I felt like I was moslty doing all the tasks by myself. "",""feedback"":"""",""education"":""high-school""}",2025-06-30T20:23:11.42242245Z,01JZ170DS32PJY8CQRMADJXFRG,2025-06-30T20:09:06.067114277Z,3,2025-06-30T20:10:08.98277136Z,true,2025-06-30T20:11:06.553151961Z,,,Player 5,2025-06-30T20:13:05.865330878Z,8,2025-06-30T20:22:25.027146408Z,01JZ17A8A54VJKZBPJ62D84VJX,2025-06-30T20:09:06.034166973Z,MAXIMUM INCOME,2025-06-30T20:17:17.812074468Z,"{""networkStruct"":""reciprocal"",""playerCount"":6}",2025-06-30T20:09:06.067114277Z,"Reciprocal, Redundancy",2025-06-30T20:09:06.067114277Z,{},2025-06-30T20:09:06.263665649Z,TaskQueue,2025-06-30T20:22:25.059094965Z
01JZ18KWMFEA26MWC1Z40F2JWN,true,2025-06-30T20:38:01.285914044Z,true,2025-06-30T20:37:55.389229404Z,,,null,2025-06-30T20:41:45.895409422Z,game ended,2025-06-30T20:43:14.789977819Z,1,2025-06-30T20:44:23.591823889Z,"{""age"":""59"",""gender"":""male"",""strength"":""Quite good fun"",""fair"":""I didnt notice their input"",""feedback"":""Perhaps more house per town"",""education"":""master""}",2025-06-30T20:44:23.573199091Z,01JZ18G4YTQTSXFW2X0Y80VGVG,2025-06-30T20:31:49.927633771Z,3,2025-06-30T20:32:38.058604159Z,true,2025-06-30T20:33:29.846150469Z,,,Player 5,2025-06-30T20:33:44.552388257Z,2,2025-06-30T20:41:45.875883424Z,01JZ18KW6TXCQVGGPAGBF17MB7,2025-06-30T20:31:49.903761907Z,,,"{""networkStruct"":""pooled"",""playerCount"":6}",2025-06-30T20:31:49.927633771Z,"Pooled, Redundancy",2025-06-30T20:31:49.927633771Z,{},2025-06-30T20:31:50.262639155Z,TaskQueue,2025-06-30T20:41:45.913433245Z
01JZ1CAHVWPZ07QHDK3XEY2GJT,,,,,,,,,no more games,2025-06-30T21:36:40.018087922Z,1,2025-06-30T21:37:32.9937023Z,"{""age"":""29"",""gender"":""Female"",""strength"":"""",""fair"":"""",""feedback"":"""",""education"":""bachelor""}",2025-06-30T21:37:32.961124691Z,null,2025-06-30T21:36:40.018087922Z,,,,,,,,,,,01JZ1CAHFC8236GXC3Z1WMGC1V,2025-06-30T21:36:38.268470126Z,,,"{""networkStruct"":""pooled"",""playerCount"":3}",2025-06-30T21:36:38.333948887Z,"Pooled, No Redundancy",2025-06-30T21:36:38.333948887Z,{},2025-06-30T21:36:38.596751015Z,,
01JZ17411GFTP23ZXM1AB7D9NA,true,2025-06-30T20:19:08.715495513Z,true,2025-06-30T20:19:00.459912004Z,null,2025-06-30T20:20:41.918882256Z,null,2025-06-30T20:20:41.925335972Z,game ended,2025-06-30T20:24:20.161827246Z,1,2025-06-30T20:25:15.80738986Z,"{""age"":""27"",""gender"":""female"",""strength"":""it was a fun, out of the ordinary kind of game"",""fair"":""sure"",""feedback"":""i have no opinions on the matter :)"",""education"":""high-school""}",2025-06-30T20:25:15.80022105Z,01JZ170DSMJZPS89ZBMFZ7ATK7,2025-06-30T20:05:41.566871795Z,3,2025-06-30T20:05:48.470787793Z,true,2025-06-30T20:06:01.692831455Z,,,Player 1,2025-06-30T20:14:55.920967151Z,7,2025-06-30T20:20:41.932126019Z,01JZ1740W9NM7D3F7Z444ZMV6S,2025-06-30T20:05:41.552776845Z,AVERAGE PEOPLE,2025-06-30T20:19:08.715495513Z,"{""networkStruct"":""reciprocal"",""playerCount"":6}",2025-06-30T20:05:41.566871795Z,"Reciprocal, Redundancy",2025-06-30T20:05:41.566871795Z,{},2025-06-30T20:05:41.654866747Z,TaskQueue,2025-06-30T20:20:41.945581152Z
01JZ178W441J2YAZ2W6GRZFTRA,true,2025-06-30T20:18:20.596040532Z,true,2025-06-30T20:18:12.03283505Z,null,2025-06-30T20:20:24.289142918Z,null,2025-06-30T20:20:24.301161276Z,game ended,2025-06-30T20:23:32.141601194Z,1,2025-06-30T20:24:12.962394446Z,"{""age"":""32"",""gender"":""nonbinary"",""strength"":""it was fun"",""fair"":""yes, i was quicker but they helped a lot"",""feedback"":"""",""education"":""bachelor""}",2025-06-30T20:24:12.952982317Z,01JZ170DSWJ6311N72HPSQWG9K,2025-06-30T20:08:20.36632148Z,3,2025-06-30T20:08:53.825513311Z,true,2025-06-30T20:09:34.02441082Z,,,Player 2,2025-06-30T20:14:08.533237352Z,10,2025-06-30T20:20:24.313097366Z,01JZ178W0HC9VY8PTSDJ815G46,2025-06-30T20:08:20.356302079Z,AVERAGE PEOPLE,2025-06-30T20:18:20.596040532Z,"{""networkStruct"":""reciprocal"",""playerCount"":6}",2025-06-30T20:08:20.36632148Z,"Reciprocal, Redundancy",2025-06-30T20:08:20.36632148Z,{},2025-06-30T20:08:20.428571435Z,TaskQueue,2025-06-30T20:20:24.274162118Z
01JZ1DCHHYPQRWSX2A4FFWXCS6,,,,,,,,,no more games,2025-06-30T21:57:53.402081961Z,,,,,null,2025-06-30T21:57:53.402081961Z,3,2025-06-30T21:56:54.092345647Z,,,,,,,,,01JZ1DCHC7TYTBJ07REX9R0Q76,2025-06-30T21:55:12.062992435Z,,,"{""networkStruct"":""reciprocal"",""playerCount"":6}",2025-06-30T21:55:12.121735542Z,"Reciprocal, Redundancy",2025-06-30T21:55:12.121735542Z,{},2025-06-30T21:55:12.234983293Z,,
01JZ175Y8VG4DR6PWWKYJ4RHG5,true,2025-06-30T20:17:17.812074468Z,true,2025-06-30T20:17:15.735588739Z,null,2025-06-30T20:19:39.35946194Z,null,2025-06-30T20:19:39.407916072Z,game ended,2025-06-30T20:22:28.605766381Z,1,2025-06-30T20:23:56.128841724Z,"{""age"":""38"",""gender"":""Male"",""strength"":""Fun "",""fair"":""we all worked on the tasks separately - but it made things quicker?"",""feedback"":""add in a speaking feature so we can talk to other users "",""education"":""master""}",2025-06-30T20:23:56.112905528Z,01JZ170DS32PJY8CQRMADJXFRG,2025-06-30T20:06:44.269649181Z,3,2025-06-30T20:07:16.421350546Z,true,2025-06-30T20:07:28.446846087Z,,,Player 1,2025-06-30T20:13:05.865330878Z,5,2025-06-30T20:19:39.422051839Z,01JZ175XSZEP2JX7MG0N0SBE5Y,2025-06-30T20:06:44.251598178Z,AVERAGE PEOPLE,2025-06-30T20:17:17.812074468Z,"{""networkStruct"":""reciprocal"",""playerCount"":6}",2025-06-30T20:06:44.269649181Z,"Reciprocal, Redundancy",2025-06-30T20:06:44.269649181Z,{},2025-06-30T20:06:44.468414562Z,TaskQueue,2025-06-30T20:19:39.332710236Z
01JZ17AFTYKZ447G4RP003MK6R,,,,,,,,,game ended,2025-06-30T20:22:31.677091335Z,,,,,01JZ170DS8YWG03GZVY59N3JD0,2025-06-30T20:09:13.31933992Z,3,2025-06-30T20:09:47.976810456Z,true,2025-06-30T20:10:30.690066127Z,true,2025-06-30T20:17:20.64261222Z,Player 3,2025-06-30T20:13:08.612535339Z,,,01JZ17AFCVFGJT0V706RN0A9G0,2025-06-30T20:09:13.311024716Z,,,"{""networkStruct"":""pooled"",""playerCount"":6}",2025-06-30T20:09:13.31933992Z,"Pooled, Redundancy",2025-06-30T20:09:13.31933992Z,{},2025-06-30T20:09:13.559718549Z,,
01JZ17ED81WEQ81KNKMV8HM1Z1,,,,,,,,,game ended,2025-06-30T20:24:03.301119697Z,,,,,01JZ170DS434CCJM920K0JDY80,2025-06-30T20:11:21.746549198Z,3,2025-06-30T20:11:57.596155244Z,true,2025-06-30T20:12:34.766865696Z,true,2025-06-30T20:18:52.075133417Z,Player 5,2025-06-30T20:14:39.928599976Z,,,01JZ17ECWJ12RYC377QYBYTMNT,2025-06-30T20:11:21.729111153Z,,,"{""networkStruct"":""reciprocal"",""playerCount"":6}",2025-06-30T20:11:21.746549198Z,"Reciprocal, Redundancy",2025-06-30T20:11:21.746549198Z,{},2025-06-30T20:11:21.925028991Z,,
01JZ1945JH72C4XK34ZFBSF6HS,true,2025-06-30T20:46:59.868078735Z,true,2025-06-30T20:46:56.610594723Z,2,2025-06-30T20:52:10.653436299Z,neighborhood_14,2025-06-30T20:52:10.671478114Z,game ended,2025-06-30T20:52:11.048062719Z,1,2025-06-30T20:52:58.153336407Z,"{""age"":""38"",""gender"":""female"",""strength"":""I enjoyed the challenge "",""fair"":""no, not at all"",""feedback"":""n/a"",""education"":""bachelor""}",2025-06-30T20:52:58.137728363Z,01JZ18RA3DBE17YR6D8FEXRWFY,2025-06-30T20:40:43.379153376Z,3,2025-06-30T20:41:45.323832372Z,true,2025-06-30T20:42:08.166580781Z,,,Player 3,2025-06-30T20:42:44.685445171Z,13,2025-06-30T20:52:07.286393575Z,01JZ19454WX4N3YBJKAHA9EZ6X,2025-06-30T20:40:43.345559103Z,MAXIMUM INCOME,2025-06-30T20:46:59.868078735Z,"{""networkStruct"":""reciprocal"",""playerCount"":4}",2025-06-30T20:40:43.379153376Z,"Reciprocal, Some Redundancy",2025-06-30T20:40:43.379153376Z,{},2025-06-30T20:40:43.580842829Z,TaskScreen,2025-06-30T20:52:10.688583226Z
01JZ1B84EMA8EXMS4XB5YP9VDA,true,2025-06-30T21:27:04.491221672Z,true,2025-06-30T21:26:57.721106133Z,,,null,2025-06-30T21:30:11.782320428Z,game ended,2025-06-30T21:32:17.383224944Z,1,2025-06-30T21:34:26.366060792Z,"{""age"":""27"",""gender"":""Female"",""strength"":""I thought it was fun and like that there was different levels of difficulty. "",""fair"":""We completed all the tasks in a pretty timely manner so yes they were helpful."",""feedback"":""I guess adding /  mixing up some of the subtasks so the player doesn't know what to expect."",""education"":""bachelor""}",2025-06-30T21:34:26.339253947Z,01JZ1B1W68Y1JCNSRHTZJR0WTB,2025-06-30T21:17:50.486987899Z,3,2025-06-30T21:18:56.803597425Z,true,2025-06-30T21:19:40.687624646Z,,,Player 5,2025-06-30T21:22:45.230637302Z,2,2025-06-30T21:30:11.657957646Z,01JZ1B8437H9Y7MWMDSVNM4BYW,2025-06-30T21:17:50.420526269Z,,,"{""networkStruct"":""pooled"",""playerCount"":6}",2025-06-30T21:17:50.486987899Z,"Pooled, Redundancy",2025-06-30T21:17:50.486987899Z,{},2025-06-30T21:17:50.67075874Z,TaskQueue,2025-06-30T21:30:11.830661839Z
01JZ17J3SG2A0VX4QYSDZXHCKN,,,,,,,,,no more games,2025-06-30T21:57:53.402081961Z,1,2025-06-30T20:18:59.511470901Z,"{""age"":""52"",""gender"":""emale"",""strength"":""The survey routed me out as I was clicking the next button."",""fair"":""I have no idea as I never conversed with them."",""feedback"":""I cannot think of anything at this time."",""education"":""bachelor""}",2025-06-30T20:18:59.505262626Z,null,2025-06-30T21:57:53.402081961Z,3,2025-06-30T20:16:03.925368369Z,,,,,,,,,01JZ17J34KX8ADHZVSDQW6HDWT,2025-06-30T20:13:23.120047008Z,,,"{""networkStruct"":""reciprocal"",""playerCount"":6}",2025-06-30T20:13:23.133335811Z,"Reciprocal, Redundancy",2025-06-30T20:13:23.133335811Z,{},2025-06-30T20:13:23.258671453Z,,
01JZ18K2P4NV4Y2NAA6CSKYKTM,,,,,,,,,no more games,2025-06-30T21:25:22.491405605Z,,,,,null,2025-06-30T21:25:22.491405605Z,3,2025-06-30T20:31:48.349682532Z,,,,,,,,,01JZ18K21DGWM5F076W6B8WW94,2025-06-30T20:31:23.332556523Z,,,"{""networkStruct"":""pooled"",""playerCount"":6}",2025-06-30T20:31:23.357165766Z,"Pooled, Redundancy",2025-06-30T20:31:23.357165766Z,{},2025-06-30T20:31:23.659581967Z,,
01JZ1GHJS4Z0QHDNAN69NMJ02V,true,2025-06-30T23:00:30.705248932Z,true,2025-06-30T23:00:22.71623632Z,,,neighborhood_7,2025-06-30T23:05:19.194980716Z,game ended,2025-06-30T23:05:45.08779334Z,1,2025-06-30T23:08:57.826231414Z,"{""age"":""37"",""gender"":""Male"",""strength"":""Overall, I enjoyed the experience.  It wasn't too difficult nor too easy."",""fair"":""I felt that my teammates was moderately helpful."",""feedback"":""One recommendation I'd do is include the formula for each census step that was listed in the training phase, since people can be forgetful when under time constraints.  This way, people at least have a remainder of the correct way to do things."",""education"":""other""}",2025-06-30T23:08:57.86781043Z,01JZ1G2A58JMFV91VV93EGJJQY,2025-06-30T22:51:29.43116362Z,3,2025-06-30T22:51:22.163668942Z,true,2025-06-30T22:51:57.879599703Z,,,Player 3,2025-06-30T22:56:07.69518666Z,4,2025-06-30T23:05:16.010980864Z,01JZ1GHJMQB85T5G88SMVDCKZ4,2025-06-30T22:50:22.884405886Z,,,"{""networkStruct"":""pooled"",""playerCount"":4}",2025-06-30T22:50:22.944930342Z,"Pooled, Some Redundancy",2025-06-30T22:50:22.944930342Z,{},2025-06-30T22:50:23.020106607Z,TaskScreen,2025-06-30T23:05:19.239701754Z
01JZ178J2BZ2NF5FVTXNH8JBMT,true,2025-06-30T20:18:43.671639246Z,true,2025-06-30T20:18:40.912942286Z,,,null,2025-06-30T20:21:23.073422036Z,game ended,2025-06-30T20:23:55.000144094Z,1,2025-06-30T20:27:31.329067929Z,"{""age"":""31"",""gender"":""Male"",""strength"":""I was fun, but I think I encountered some bugs. I completed 2 neighbourhoods, but didn't seem to get any points! The study also skipped over training on the highest income and total commute sections."",""fair"":""Absolutely, we all seemed to complete all of the neighbourhoods! Good job all round!"",""feedback"":""I think a bit of bug fixing is needed to make sure that training can be completed and that the points system is working."",""education"":""master""}",2025-06-30T20:27:31.317523451Z,01JZ170DRWH3Q5VEKFYTCWXCB9,2025-06-30T20:08:10.070165668Z,3,2025-06-30T20:09:32.124256345Z,true,2025-06-30T20:10:13.055439249Z,,,Player 1,2025-06-30T20:14:31.021465217Z,2,2025-06-30T20:21:23.064657334Z,01JZ178HF8JEGKWDK5Z9KHRAKM,2025-06-30T20:08:10.059185896Z,,,"{""networkStruct"":""pooled"",""playerCount"":6}",2025-06-30T20:08:10.070165668Z,"Pooled, Redundancy",2025-06-30T20:08:10.070165668Z,{},2025-06-30T20:08:12.024702589Z,TaskQueue,2025-06-30T20:21:23.053483933Z
01JZ17AF66R5T85771E9QQ650E,true,2025-06-30T20:18:20.596040532Z,true,2025-06-30T20:18:16.061702782Z,null,2025-06-30T20:23:10.316950964Z,null,2025-06-30T20:23:10.373728309Z,game ended,2025-06-30T20:23:32.141601194Z,1,2025-06-30T20:24:58.127389325Z,"{""age"":""26"",""gender"":""female"",""strength"":""Even though the task was easy, I was stressed about it."",""fair"":""Yes, they were very helpful and worked hard."",""feedback"":""More time to get to know other teammates."",""education"":""bachelor""}",2025-06-30T20:24:58.134414842Z,01JZ170DSWJ6311N72HPSQWG9K,2025-06-30T20:09:12.663753024Z,3,2025-06-30T20:11:30.132233586Z,true,2025-06-30T20:12:22.318600857Z,,,Player 3,2025-06-30T20:14:08.533237352Z,2,2025-06-30T20:23:10.388211136Z,01JZ17AEPYZK29N3BZS32RTS72,2025-06-30T20:09:12.646713678Z,MAXIMUM INCOME,2025-06-30T20:18:20.596040532Z,"{""networkStruct"":""reciprocal"",""playerCount"":6}",2025-06-30T20:09:12.663753024Z,"Reciprocal, Redundancy",2025-06-30T20:09:12.663753024Z,{},2025-06-30T20:09:12.9229219Z,TaskQueue,2025-06-30T20:23:10.347058729Z
01JZ17BH1PGZMCJDRX9KFX7TQT,,,,,,,,,no more games,2025-06-30T21:25:22.491405605Z,,,,,null,2025-06-30T21:25:22.491405605Z,3,2025-06-30T20:10:08.432390121Z,,,,,,,,,01JZ17BGP4R8J1B4DJVTRM05FN,2025-06-30T20:09:47.318629711Z,,,"{""networkStruct"":""pooled"",""playerCount"":6}",2025-06-30T20:09:47.334034886Z,"Pooled, Redundancy",2025-06-30T20:09:47.334034886Z,{},2025-06-30T20:09:47.594211795Z,,
01JZ17CV56KYXDEZD0V6G3R2C0,true,2025-06-30T20:17:39.160892908Z,true,2025-06-30T20:17:35.818706611Z,null,2025-06-30T20:19:55.243310303Z,null,2025-06-30T20:19:55.227727046Z,game ended,2025-06-30T20:22:50.504782215Z,1,2025-06-30T20:25:23.276010571Z,"{""age"":""53"",""gender"":""Female"",""strength"":""seemed very straightforward, no problem completing the task within the time"",""fair"":""The other participant assigned to the commute count got all their assessments correct -so yes."",""feedback"":""If there was more jeopardy it would be a better game but I am happy with an easy win"",""education"":""master""}",2025-06-30T20:25:23.247857508Z,01JZ170DSTXK5Z1DV671606E6A,2025-06-30T20:10:30.448109605Z,3,2025-06-30T20:12:10.647957343Z,true,2025-06-30T20:13:19.600391085Z,,,Player 5,2025-06-30T20:13:27.60426161Z,8,2025-06-30T20:19:55.235676989Z,01JZ17CTS3AFKC9XDTT7QQCWJ0,2025-06-30T20:10:30.438406749Z,CHILDREN'S COMMUTE DISTANCE,2025-06-30T20:17:39.160892908Z,"{""networkStruct"":""reciprocal"",""playerCount"":6}",2025-06-30T20:10:30.448109605Z,"Reciprocal, Redundancy",2025-06-30T20:10:30.448109605Z,{},2025-06-30T20:10:30.666962473Z,TaskQueue,2025-06-30T20:19:55.2511726Z
01JZ1G630GW64096KNZNG4RDAZ,,,,,,,,,game ended,2025-06-30T23:01:35.123620794Z,,,,,01JZ1G29XRNS92G9JYEX4H033M,2025-06-30T22:44:06.376598418Z,3,2025-06-30T22:45:13.915793012Z,true,2025-06-30T22:45:22.559943182Z,true,2025-06-30T22:56:15.634433333Z,Player 2,2025-06-30T22:51:48.666738478Z,,,01JZ1G61GY9CWZ9HBJ8PV9KMJ5,2025-06-30T22:44:06.288964686Z,,,"{""networkStruct"":""pooled"",""playerCount"":4}",2025-06-30T22:44:06.376598418Z,"Pooled, Some Redundancy",2025-06-30T22:44:06.376598418Z,{},2025-06-30T22:44:06.67816187Z,,
01JZ17F29KQA44VJC80QGCAS6X,true,2025-06-30T20:20:05.858993638Z,true,2025-06-30T20:20:00.21964426Z,,,neighborhood_9,2025-06-30T20:24:50.803725744Z,game ended,2025-06-30T20:25:17.069632324Z,1,2025-06-30T20:26:17.70071357Z,"{""age"":""59"",""gender"":""Female"",""strength"":""people opinion"",""fair"":""yes"",""feedback"":""by letting one have hint on other player response"",""education"":""master""}",2025-06-30T20:26:17.680561859Z,01JZ170DRV33K8D9D9ZMQKAW2D,2025-06-30T20:11:43.295751186Z,3,2025-06-30T20:14:26.244410706Z,true,2025-06-30T20:14:48.621494592Z,,,Player 4,2025-06-30T20:15:53.383975433Z,4,2025-06-30T20:24:49.926163347Z,01JZ17F0FDN5T89YRJNXGAHSP0,2025-06-30T20:11:43.283970552Z,,,"{""networkStruct"":""pooled"",""playerCount"":6}",2025-06-30T20:11:43.295751186Z,"Pooled, Redundancy",2025-06-30T20:11:43.295751186Z,{},2025-06-30T20:11:43.682110885Z,TaskScreen,2025-06-30T20:24:50.795814682Z
01JZ18MMDMG5C7AC3NER6KSMTG,true,2025-06-30T20:38:37.911326463Z,true,2025-06-30T20:38:32.955926703Z,null,2025-06-30T20:41:30.244434084Z,null,2025-06-30T20:41:30.285785351Z,game ended,2025-06-30T20:43:59.034247431Z,1,2025-06-30T20:46:21.006189148Z,"{""age"":""28"",""gender"":""male"",""strength"":""Not much, I was focusing on my task."",""fair"":""I didn't pay attention, I was focusing on my task."",""feedback"":""Nothing comes to mind."",""education"":""bachelor""}",2025-06-30T20:46:21.022733876Z,01JZ18G4ZZG5A688HVVJGKBFVW,2025-06-30T20:34:05.226431865Z,3,2025-06-30T20:33:46.56098975Z,true,2025-06-30T20:34:20.305002508Z,,,Player 4,2025-06-30T20:34:20.528730734Z,10,2025-06-30T20:41:30.199594858Z,01JZ18MKA2WRB6ZSS44K9DPWR3,2025-06-30T20:32:14.260648465Z,CHILDREN'S COMMUTE DISTANCE,2025-06-30T20:38:37.911326463Z,"{""networkStruct"":""reciprocal"",""playerCount"":6}",2025-06-30T20:32:14.305588525Z,"Reciprocal, Redundancy",2025-06-30T20:32:14.305588525Z,{},2025-06-30T20:32:14.874398614Z,TaskQueue,2025-06-30T20:41:30.22365759Z
01JZ18YPKHPP41HP4A0Q4F3DHM,true,2025-06-30T20:43:05.329165785Z,true,2025-06-30T20:42:58.05011431Z,null,2025-06-30T20:45:18.115633506Z,null,2025-06-30T20:45:18.049056577Z,game ended,2025-06-30T20:48:17.454354888Z,1,2025-06-30T20:48:50.391412993Z,"{""age"":""37"",""gender"":""female"",""strength"":""interesting "",""fair"":""yes worked well"",""feedback"":""make it more challenging "",""education"":""bachelor""}",2025-06-30T20:48:50.409090924Z,01JZ18QHZ9KPT0XZ66BZ9ZB89K,2025-06-30T20:37:44.256238233Z,3,2025-06-30T20:38:11.800997197Z,true,2025-06-30T20:38:48.349360114Z,,,Player 4,2025-06-30T20:38:48.626484415Z,4,2025-06-30T20:45:18.017921691Z,01JZ18YP8M3F7S8C6FB96SQYG9,2025-06-30T20:37:44.177926372Z,AVERAGE PEOPLE,2025-06-30T20:43:05.329165785Z,"{""networkStruct"":""reciprocal"",""playerCount"":4}",2025-06-30T20:37:44.256238233Z,"Reciprocal, Some Redundancy",2025-06-30T20:37:44.256238233Z,{},2025-06-30T20:37:44.538379599Z,TaskQueue,2025-06-30T20:45:18.065890495Z
01JZ1B9W35DBJAZZ7ZHMPZZDPP,true,2025-06-30T21:27:31.530045849Z,true,2025-06-30T21:27:27.249886935Z,,,null,2025-06-30T21:32:18.884648872Z,game ended,2025-06-30T21:32:44.599486052Z,1,2025-06-30T21:33:24.464866079Z,"{""age"":""37"",""gender"":""Female"",""strength"":""it was great "",""fair"":""yes very helpful"",""feedback"":""add more time"",""education"":""master""}",2025-06-30T21:33:24.442979994Z,01JZ1B1W46BH5YH0XYSE8KJRBK,2025-06-30T21:18:47.440791546Z,3,2025-06-30T21:21:36.881458799Z,true,2025-06-30T21:22:24.437931181Z,,,Player 5,2025-06-30T21:23:14.987303625Z,3,2025-06-30T21:32:18.91095775Z,01JZ1B9V52G3KE2FEVY12DC8W1,2025-06-30T21:18:47.397685349Z,,,"{""networkStruct"":""pooled"",""playerCount"":6}",2025-06-30T21:18:47.440791546Z,"Pooled, Redundancy",2025-06-30T21:18:47.440791546Z,{},2025-06-30T21:18:47.843806773Z,TaskQueue,2025-06-30T21:32:18.858640803Z
01JZ17BG508D1SYGKCV9ECDV4F,true,2025-06-30T20:21:15.021634562Z,true,2025-06-30T20:21:08.882490842Z,null,2025-06-30T20:24:11.24703562Z,null,2025-06-30T20:24:11.258888971Z,game ended,2025-06-30T20:26:26.286606024Z,1,2025-06-30T20:28:21.61393825Z,"{""age"":""34"",""gender"":""male"",""strength"":""not much entertaining, slightly challenging"",""fair"":""i have no idea, apart from timing situations i couldn't see any relevance of said teamwork here"",""feedback"":""intricate more tasks, see how other performs"",""education"":""bachelor""}",2025-06-30T20:28:21.626628137Z,01JZ170DSP5HFMBRZWFQV8RFVC,2025-06-30T20:09:46.417110826Z,3,2025-06-30T20:12:32.198677461Z,true,2025-06-30T20:13:39.724785796Z,,,Player 3,2025-06-30T20:17:02.078810539Z,14,2025-06-30T20:24:11.198517046Z,01JZ17BFRCGAAJDV93MN1SNS3B,2025-06-30T20:09:46.400909534Z,CHILDREN'S COMMUTE DISTANCE,2025-06-30T20:21:15.021634562Z,"{""networkStruct"":""reciprocal"",""playerCount"":6}",2025-06-30T20:09:46.417110826Z,"Reciprocal, Redundancy",2025-06-30T20:09:46.417110826Z,{},2025-06-30T20:09:46.61215163Z,TaskQueue,2025-06-30T20:24:11.235883362Z
01JZ19ZFFMAVYRQ150PKVRGGS3,,,,,,,,,no more games,2025-06-30T21:25:22.491405605Z,,,,,null,2025-06-30T21:25:22.491405605Z,3,2025-06-30T20:57:03.57061396Z,,,,,,,,,01JZ19Z6C51K6FEV31BY2CG497,2025-06-30T20:55:38.228865097Z,,,"{""networkStruct"":""pooled"",""playerCount"":6}",2025-06-30T20:55:38.269564003Z,"Pooled, Redundancy",2025-06-30T20:55:38.269564003Z,{},2025-06-30T20:55:38.746367606Z,,
01JZ1B62EVJPYFB1CKMM3NTQNK,true,2025-06-30T21:27:04.491221672Z,true,2025-06-30T21:26:57.160380216Z,,,null,2025-06-30T21:29:50.523266724Z,game ended,2025-06-30T21:32:17.383224944Z,1,2025-06-30T21:33:00.473865489Z,"{""age"":""51"",""gender"":""male"",""strength"":""I thought it was fun and unique."",""fair"":""As much as they could be."",""feedback"":""Add different variables."",""education"":""high-school""}",2025-06-30T21:33:00.442116803Z,01JZ1B1W68Y1JCNSRHTZJR0WTB,2025-06-30T21:16:43.022654645Z,3,2025-06-30T21:17:27.052931156Z,true,2025-06-30T21:18:10.587913235Z,,,Player 2,2025-06-30T21:22:45.230637302Z,3,2025-06-30T21:29:50.496362997Z,01JZ1B61XXCSF42SSCJK87FGP5,2025-06-30T21:16:42.843446438Z,,,"{""networkStruct"":""pooled"",""playerCount"":6}",2025-06-30T21:16:43.022654645Z,"Pooled, Redundancy",2025-06-30T21:16:43.022654645Z,{},2025-06-30T21:16:43.302707669Z,TaskQueue,2025-06-30T21:29:50.549389075Z
01JZ17E300K9YQ0KK94FSGZ5RV,true,2025-06-30T20:18:43.671639246Z,true,2025-06-30T20:18:37.828895546Z,,,null,2025-06-30T20:21:29.171845198Z,game ended,2025-06-30T20:23:55.000144094Z,1,2025-06-30T20:24:50.918162677Z,"{""age"":""62"",""gender"":""Female"",""strength"":""Fun and interesting"",""fair"":""Yes"",""feedback"":""Nothing, Really good"",""education"":""bachelor""}",2025-06-30T20:24:50.909679156Z,01JZ170DRWH3Q5VEKFYTCWXCB9,2025-06-30T20:12:18.843379492Z,3,2025-06-30T20:11:55.853526887Z,true,2025-06-30T20:13:09.68497555Z,,,Player 5,2025-06-30T20:14:31.021465217Z,2,2025-06-30T20:21:29.156837828Z,01JZ17E2MY88R7H1RG5BBKTRW9,2025-06-30T20:11:11.232185687Z,,,"{""networkStruct"":""pooled"",""playerCount"":6}",2025-06-30T20:11:11.246225684Z,"Pooled, Redundancy",2025-06-30T20:11:11.246225684Z,{},2025-06-30T20:11:11.423188577Z,TaskQueue,2025-06-30T20:21:29.179102753Z
01JZ18M3Q90QHFJ7P7ZKCP4M1K,true,2025-06-30T20:38:27.416661677Z,true,2025-06-30T20:38:19.50675835Z,,,null,2025-06-30T20:41:36.12810096Z,game ended,2025-06-30T20:43:43.37202417Z,1,2025-06-30T20:44:27.512831356Z,"{""age"":""21"",""gender"":""Male"",""strength"":""It was fun, nice and simple."",""fair"":""Yes they seem to have completed their tasks, I hope they were accurate"",""feedback"":""Maybe make the timer finish automatically when all the tasks are done (practice and real)"",""education"":""high-school""}",2025-06-30T20:44:27.532266848Z,01JZ18G512YK4K14AJW1A4KQT5,2025-06-30T20:31:57.186368172Z,3,2025-06-30T20:32:21.870735208Z,true,2025-06-30T20:32:41.92556027Z,,,Player 5,2025-06-30T20:34:13.035831681Z,6,2025-06-30T20:41:36.147371671Z,01JZ18M3C1J8P35W2EXPQ1A4ZN,2025-06-30T20:31:57.161727714Z,,,"{""networkStruct"":""pooled"",""playerCount"":6}",2025-06-30T20:31:57.186368172Z,"Pooled, Redundancy",2025-06-30T20:31:57.186368172Z,{},2025-06-30T20:31:57.371982779Z,TaskQueue,2025-06-30T20:41:36.111099493Z
01JZ1AH9Q4X3TWNXWX8M8YX1V9,,,,,,,,,no more games,2025-06-30T21:25:22.491405605Z,,,,,null,2025-06-30T21:25:22.491405605Z,3,2025-06-30T21:05:50.132910561Z,,,,,,,,,01JZ1AH977TTS82BQ1GXYZG1QR,2025-06-30T21:05:22.148558837Z,,,"{""networkStruct"":""pooled"",""playerCount"":6}",2025-06-30T21:05:22.190852698Z,"Pooled, Redundancy",2025-06-30T21:05:22.190852698Z,{},2025-06-30T21:05:22.44875011Z,,
01JZ18HJ023RXZWDMJ23K3G02T,true,2025-06-30T20:38:38.514646455Z,true,2025-06-30T20:38:35.220198521Z,null,2025-06-30T20:40:33.464095789Z,null,2025-06-30T20:40:33.44517476Z,game ended,2025-06-30T20:43:59.790607934Z,,,,,01JZ18G50G0GKPPCFSW2N0ZNW1,2025-06-30T20:30:33.495008834Z,3,2025-06-30T20:31:18.886676892Z,true,2025-06-30T20:31:25.531766712Z,,,Player 1,2025-06-30T20:34:22.297757906Z,10,2025-06-30T20:40:33.42749509Z,01JZ18HHTYN7R920DGYNBJWGF7,2025-06-30T20:30:33.474521057Z,AVERAGE PEOPLE,2025-06-30T20:38:38.514646455Z,"{""networkStruct"":""reciprocal"",""playerCount"":6}",2025-06-30T20:30:33.495008834Z,"Reciprocal, Redundancy",2025-06-30T20:30:33.495008834Z,{},2025-06-30T20:30:33.629599869Z,TaskQueue,2025-06-30T20:40:33.479921364Z
01JZ18J306MV90AN3KDTPG10SX,true,2025-06-30T20:37:47.223166669Z,true,2025-06-30T20:37:38.911603875Z,,,null,2025-06-30T20:40:35.011289759Z,game ended,2025-06-30T20:42:59.360527924Z,1,2025-06-30T20:43:30.332671216Z,"{""age"":""33"",""gender"":""male"",""strength"":""super fun and entertaining"",""fair"":""yes we finished before time"",""feedback"":""no point"",""education"":""high-school""}",2025-06-30T20:43:30.29276571Z,01JZ18G4YA2XRQ9RK4RH5WQB1P,2025-06-30T20:30:50.908840837Z,3,2025-06-30T20:32:16.114552062Z,true,2025-06-30T20:33:10.169264581Z,,,Player 1,2025-06-30T20:33:33.503575836Z,3,2025-06-30T20:40:35.033463204Z,01JZ18J2KZ8NHKZ3S9FR31VQNH,2025-06-30T20:30:50.887110432Z,,,"{""networkStruct"":""pooled"",""playerCount"":6}",2025-06-30T20:30:50.908840837Z,"Pooled, Redundancy",2025-06-30T20:30:50.908840837Z,{},2025-06-30T20:30:51.099910215Z,TaskQueue,2025-06-30T20:40:34.991374821Z
01JZ1A13JPV17BYBZFE5Z1TESS,,,,,,,,,game ended,2025-06-30T21:11:18.699677002Z,,,,,01JZ19VF5YA4VZJRJDVJVY1XBY,2025-06-30T20:56:31.639565725Z,3,2025-06-30T20:57:29.420673909Z,true,2025-06-30T20:58:56.608517022Z,true,2025-06-30T21:06:05.472213856Z,Player 4,2025-06-30T21:01:47.444543284Z,,,01JZ1A13CGTY5MB41K2QT7PZFW,2025-06-30T20:56:31.57434514Z,,,"{""networkStruct"":""reciprocal"",""playerCount"":6}",2025-06-30T20:56:31.639565725Z,"Reciprocal, Redundancy",2025-06-30T20:56:31.639565725Z,{},2025-06-30T20:56:31.755015292Z,,
01JZ1B80W46R4JBTV3ZZ1YXW46,true,2025-06-30T21:29:40.020848417Z,true,2025-06-30T21:29:39.010358909Z,,,null,2025-06-30T21:34:24.003023979Z,game ended,2025-06-30T21:34:52.246747635Z,1,2025-06-30T21:36:25.946464152Z,"{""age"":""39"",""gender"":""Male"",""strength"":""Really easy to play. Also fun"",""fair"":""No. I had very little interaction with teamates"",""feedback"":""Perhaps add more 3D t he game"",""education"":""master""}",2025-06-30T21:36:25.915739074Z,01JZ1B1W4RP0VXDDKCJTNKM3AX,2025-06-30T21:22:44.633835783Z,3,2025-06-30T21:22:17.432822243Z,true,2025-06-30T21:23:26.85948875Z,,,Player 3,2025-06-30T21:25:22.933072914Z,2,2025-06-30T21:34:23.858379086Z,01JZ1B80FDPD4CFMNMZM046YQW,2025-06-30T21:17:46.756086893Z,,,"{""networkStruct"":""pooled"",""playerCount"":6}",2025-06-30T21:17:46.797474652Z,"Pooled, Redundancy",2025-06-30T21:17:46.797474652Z,{},2025-06-30T21:17:47.010797692Z,TaskQueue,2025-06-30T21:34:23.979661744Z
01JZ18HGDSE2JWMVWW1YEZN8Q5,true,2025-06-30T20:37:37.384730102Z,true,2025-06-30T20:37:32.536503527Z,,,null,2025-06-30T20:40:20.840753524Z,game ended,2025-06-30T20:42:49.431784701Z,1,2025-06-30T20:43:27.056588537Z,"{""age"":""20"",""gender"":""male"",""strength"":""Fun and interesting"",""fair"":""Yes very helpful"",""feedback"":""Have more tasks to do"",""education"":""high-school""}",2025-06-30T20:43:27.029579043Z,01JZ18G4Y1ABZPJ815NAWEN19T,2025-06-30T20:30:31.882408157Z,3,2025-06-30T20:30:43.752738513Z,true,2025-06-30T20:30:52.953768557Z,,,Player 1,2025-06-30T20:33:19.828348378Z,4,2025-06-30T20:40:20.862018528Z,01JZ18HG17YZ4DEZVTXSCMJ44X,2025-06-30T20:30:31.865230583Z,,,"{""networkStruct"":""pooled"",""playerCount"":6}",2025-06-30T20:30:31.882408157Z,"Pooled, Redundancy",2025-06-30T20:30:31.882408157Z,{},2025-06-30T20:30:32.091860589Z,TaskQueue,2025-06-30T20:40:20.880383393Z
01JZ18NCTENJS4RVDRQ8JG1EGE,true,2025-06-30T20:37:47.223166669Z,true,2025-06-30T20:37:39.84962218Z,,,null,2025-06-30T20:41:08.137372772Z,game ended,2025-06-30T20:42:59.360527924Z,1,2025-06-30T20:43:27.855556468Z,"{""age"":""45"",""gender"":""male"",""strength"":""fun"",""fair"":""no"",""feedback"":""n/a"",""education"":""high-school""}",2025-06-30T20:43:27.889786793Z,01JZ18G4YA2XRQ9RK4RH5WQB1P,2025-06-30T20:32:39.280468303Z,3,2025-06-30T20:33:08.804953853Z,true,2025-06-30T20:33:33.002855Z,,,Player 6,2025-06-30T20:33:33.503575836Z,1,2025-06-30T20:41:08.114638463Z,01JZ18NCS0DDA0PDPXVKCRKEC3,2025-06-30T20:32:39.246231547Z,,,"{""networkStruct"":""pooled"",""playerCount"":6}",2025-06-30T20:32:39.280468303Z,"Pooled, Redundancy",2025-06-30T20:32:39.280468303Z,{},2025-06-30T20:32:39.329578048Z,TaskQueue,2025-06-30T20:41:08.178509588Z
01JZ1B64GPABF5830RNTZP1A2Y,true,2025-06-30T21:24:50.473796249Z,true,2025-06-30T21:24:42.038816619Z,null,2025-06-30T21:29:55.916338062Z,null,2025-06-30T21:29:55.941139787Z,game ended,2025-06-30T21:30:03.920018166Z,1,2025-06-30T21:30:38.701917835Z,"{""age"":""40"",""gender"":""male"",""strength"":""Intersting to give answers under time pressure"",""fair"":""didn't see them help"",""feedback"":"""",""education"":""bachelor""}",2025-06-30T21:30:38.736497871Z,01JZ1B1W2WT8MR9NJ7RDDSFH2M,2025-06-30T21:16:45.073210654Z,3,2025-06-30T21:17:07.399709601Z,true,2025-06-30T21:17:33.798238981Z,,,Player 5,2025-06-30T21:20:33.791002238Z,15,2025-06-30T21:29:55.867733243Z,01JZ1B63MJ43KR9RT479E00TM3,2025-06-30T21:16:44.950303773Z,CHILDREN'S COMMUTE DISTANCE,2025-06-30T21:24:50.473796249Z,"{""networkStruct"":""reciprocal"",""playerCount"":6}",2025-06-30T21:16:45.073210654Z,"Reciprocal, Redundancy",2025-06-30T21:16:45.073210654Z,{},2025-06-30T21:16:45.350506272Z,TaskQueue,2025-06-30T21:29:55.891712739Z
01JZ1C7E8DJFPWRMGRQW39DWYT,true,2025-06-30T21:39:29.73618059Z,true,2025-06-30T21:39:23.872880274Z,2,2025-06-30T21:44:14.194812933Z,neighborhood_9,2025-06-30T21:44:14.171043041Z,game ended,2025-06-30T21:44:43.514562182Z,1,2025-06-30T21:45:12.378651543Z,"{""age"":""50"",""gender"":""female"",""strength"":""not sure"",""fair"":""no"",""feedback"":"""",""education"":""bachelor""}",2025-06-30T21:45:12.318063043Z,01JZ1BX81RJBYPGNM468STZ9YH,2025-06-30T21:34:56.311192062Z,3,2025-06-30T21:35:06.726831419Z,true,2025-06-30T21:35:12.646759639Z,,,Player 3,2025-06-30T21:35:13.077976062Z,8,2025-06-30T21:44:12.85352078Z,01JZ1C7DTTGXDTT4AAA4404W4S,2025-06-30T21:34:56.269134358Z,MAXIMUM INCOME,2025-06-30T21:39:29.73618059Z,"{""networkStruct"":""reciprocal"",""playerCount"":3}",2025-06-30T21:34:56.311192062Z,"Reciprocal, No Redundancy",2025-06-30T21:34:56.311192062Z,{},2025-06-30T21:34:56.528765642Z,TaskScreen,2025-06-30T21:44:14.219938162Z
01JZ1C9WZQATGMGJV3NHRJH1MQ,,,,,,,,,no more games,2025-06-30T21:36:40.018087922Z,,,,,null,2025-06-30T21:36:40.018087922Z,1,2025-06-30T21:36:28.065684483Z,,,,,,,,,01JZ1C9WC4W12TANQMND7SVE0R,2025-06-30T21:36:16.887590508Z,,,"{""networkStruct"":""pooled"",""playerCount"":3}",2025-06-30T21:36:17.337383526Z,"Pooled, No Redundancy",2025-06-30T21:36:17.337383526Z,{},2025-06-30T21:36:17.625480217Z,,
01JZ1GPSZ98FX0GSJ1PJWWQANW,true,2025-06-30T23:00:50.868434694Z,true,2025-06-30T23:00:42.934862497Z,,,null,2025-06-30T23:04:05.799357621Z,game ended,2025-06-30T23:06:05.062375564Z,1,2025-06-30T23:06:50.609088747Z,"{""age"":""23"",""gender"":""Male"",""strength"":""It was okay."",""fair"":""Yes!"",""feedback"":""I suggest skipping the timer when everyone is finished."",""education"":""bachelor""}",2025-06-30T23:06:50.553937623Z,01JZ1G2AATTMJJ07WA2JZ9MF1K,2025-06-30T22:53:14.162232485Z,3,2025-06-30T22:53:54.428428358Z,true,2025-06-30T22:54:36.025945184Z,,,Player 3,2025-06-30T22:56:26.08365418Z,5,2025-06-30T23:04:05.742201738Z,01JZ1GPSGVXV6C69CRC517SDTP,2025-06-30T22:53:14.089114998Z,,,"{""networkStruct"":""pooled"",""playerCount"":4}",2025-06-30T22:53:14.162232485Z,"Pooled, Some Redundancy",2025-06-30T22:53:14.162232485Z,{},2025-06-30T22:53:14.351128692Z,TaskQueue,2025-06-30T23:04:05.851467396Z
01JZ17G2CQ2WMWNSJEQJ6XDN5X,,,,,,,,,game ended,2025-06-30T20:24:45.935682427Z,,,,,01JZ170DSXXMDA003X79NFA4N0,2025-06-30T20:13:31.560036817Z,3,2025-06-30T20:13:14.316855638Z,true,2025-06-30T20:13:46.518147373Z,true,2025-06-30T20:19:34.904344997Z,Player 6,2025-06-30T20:15:22.9123406Z,,,01JZ17G1ZBAQDNPC2QRFHZCC74,2025-06-30T20:12:16.151720066Z,,,"{""networkStruct"":""pooled"",""playerCount"":6}",2025-06-30T20:12:16.165414401Z,"Pooled, Redundancy",2025-06-30T20:12:16.165414401Z,{},2025-06-30T20:12:16.427128771Z,,
01JZ17HZPCKK6WHFW0W029CFVG,true,2025-06-30T20:18:43.671639246Z,true,2025-06-30T20:18:37.492800521Z,,,null,2025-06-30T20:21:47.981426784Z,game ended,2025-06-30T20:23:55.000144094Z,1,2025-06-30T20:24:53.865607651Z,"{""age"":""44"",""gender"":""female"",""strength"":""It was fun"",""fair"":""yes"",""feedback"":""We should be able to communicate with each other."",""education"":""high-school""}",2025-06-30T20:24:53.857960869Z,01JZ170DRWH3Q5VEKFYTCWXCB9,2025-06-30T20:13:18.939908157Z,3,2025-06-30T20:14:00.916530389Z,true,2025-06-30T20:14:30.941338094Z,,,Player 6,2025-06-30T20:14:31.021465217Z,2,2025-06-30T20:21:47.989201295Z,01JZ17HZGWG9792MVDZJZW6RPN,2025-06-30T20:13:18.924149927Z,,,"{""networkStruct"":""pooled"",""playerCount"":6}",2025-06-30T20:13:18.939908157Z,"Pooled, Redundancy",2025-06-30T20:13:18.939908157Z,{},2025-06-30T20:13:19.075512262Z,TaskQueue,2025-06-30T20:21:47.972473893Z
01JZ195J3T4GA7G93NNP0HK7R7,,,,,,,,,no more games,2025-06-30T21:58:21.876743771Z,,,,,null,2025-06-30T21:58:21.876743771Z,3,2025-06-30T20:42:11.198415835Z,,,,,,,,,01JZ195HKQADTWGSG2YNA9SY2B,2025-06-30T20:41:28.954927688Z,,,"{""networkStruct"":""reciprocal"",""playerCount"":4}",2025-06-30T20:41:29.005665169Z,"Reciprocal, Some Redundancy",2025-06-30T20:41:29.005665169Z,{},2025-06-30T20:41:29.291463061Z,,
01JZ1A55G0T22P22HSRRX8R571,,,,,,,,,no more games,2025-06-30T21:25:22.491405605Z,,,,,null,2025-06-30T21:25:22.491405605Z,,,,,,,,,,,01JZ1A53SY27YNDD98KZ4YTECA,2025-06-30T20:58:44.60896572Z,,,"{""networkStruct"":""pooled"",""playerCount"":6}",2025-06-30T20:58:44.637596852Z,"Pooled, Redundancy",2025-06-30T20:58:44.637596852Z,{},2025-06-30T20:58:45.136405008Z,,
01JZ17D6932YKNNSWD1JMYAKKF,true,2025-06-30T20:18:46.366221764Z,true,2025-06-30T20:18:43.877012544Z,null,2025-06-30T20:23:21.475861137Z,null,2025-06-30T20:23:21.4210386Z,game ended,2025-06-30T20:23:57.361117331Z,1,2025-06-30T20:24:34.746215337Z,"{""age"":""32"",""gender"":""Male"",""strength"":""Loved it. Need more like this."",""fair"":""Yes they were."",""feedback"":""Game is perfect."",""education"":""bachelor""}",2025-06-30T20:24:34.753548133Z,01JZ170DSR5F2SARFX61BD5BFD,2025-06-30T20:10:41.837263393Z,3,2025-06-30T20:11:20.655293271Z,true,2025-06-30T20:12:16.375927131Z,,,Player 4,2025-06-30T20:14:33.790592612Z,5,2025-06-30T20:23:21.412007672Z,01JZ17D4K9CK3ETDEPVQ9N8MZV,2025-06-30T20:10:41.827945524Z,MAXIMUM INCOME,2025-06-30T20:18:46.366221764Z,"{""networkStruct"":""reciprocal"",""playerCount"":6}",2025-06-30T20:10:41.837263393Z,"Reciprocal, Redundancy",2025-06-30T20:10:41.837263393Z,{},2025-06-30T20:10:42.225363886Z,TaskQueue,2025-06-30T20:23:21.403026481Z
01JZ18JNT2QKJHBG0YSDA5VWH8,true,2025-06-30T20:38:18.460569504Z,true,2025-06-30T20:38:12.334694036Z,,,neighborhood_9,2025-06-30T20:38:42.249783501Z,game ended,2025-06-30T20:43:36.923226801Z,,,,,01JZ18G4YK3PSP6R2PNWBA4P8S,2025-06-30T20:31:10.168564493Z,3,2025-06-30T20:32:53.620583039Z,true,2025-06-30T20:33:21.173578829Z,,,Player 4,2025-06-30T20:34:00.640581643Z,,,01JZ18JNCYJH1TGW85PBXBG4PD,2025-06-30T20:31:10.146479545Z,,,"{""networkStruct"":""pooled"",""playerCount"":6}",2025-06-30T20:31:10.168564493Z,"Pooled, Redundancy",2025-06-30T20:31:10.168564493Z,{},2025-06-30T20:31:10.379745035Z,TaskScreen,2025-06-30T20:38:42.436716593Z
01JZ1A7CX8Z1SNGPWK47XB0JNS,true,2025-06-30T21:05:51.924043537Z,true,2025-06-30T21:05:46.035338915Z,null,2025-06-30T21:07:48.092850583Z,null,2025-06-30T21:07:48.009703494Z,game ended,2025-06-30T21:11:05.012589056Z,1,2025-06-30T21:12:01.415352428Z,"{""age"":""20"",""gender"":""Female"",""strength"":""It was easy and fun. "",""fair"":""Yeah, they were quick and efficient. "",""feedback"":""I would like to know how many I completed and if I got them right. "",""education"":""high-school""}",2025-06-30T21:12:01.442160107Z,01JZ19VF81DTYMGWYB0TAJKDWY,2025-06-30T20:59:57.804131001Z,3,2025-06-30T21:00:26.410585806Z,true,2025-06-30T21:01:34.125914472Z,,,Player 6,2025-06-30T21:01:34.891605243Z,5,2025-06-30T21:07:47.963099329Z,01JZ1A7CKH74PDB9MFGF50G4F5,2025-06-30T20:59:57.736798809Z,CHILDREN'S COMMUTE DISTANCE,2025-06-30T21:05:51.924043537Z,"{""networkStruct"":""reciprocal"",""playerCount"":6}",2025-06-30T20:59:57.804131001Z,"Reciprocal, Redundancy",2025-06-30T20:59:57.804131001Z,{},2025-06-30T20:59:57.980029841Z,TaskQueue,2025-06-30T21:07:48.129667624Z
01JZ1B4W32576VKF9GY80WC648,true,2025-06-30T21:29:31.539376673Z,true,2025-06-30T21:29:24.814843541Z,,,null,2025-06-30T21:33:32.077174916Z,game ended,2025-06-30T21:34:44.226606523Z,1,2025-06-30T21:35:20.068623325Z,"{""age"":""44"",""gender"":""male"",""strength"":""cool"",""fair"":""yes"",""feedback"":""n/a"",""education"":""high-school""}",2025-06-30T21:35:20.095428511Z,01JZ1B1W5TAZ0C76DBH0ZAEY5X,2025-06-30T21:16:03.611862982Z,3,2025-06-30T21:16:59.195831316Z,true,2025-06-30T21:17:20.546189698Z,,,Player 5,2025-06-30T21:25:13.947903057Z,4,2025-06-30T21:33:32.200188515Z,01JZ1B4VWXPHM2DPC0AN63HS77,2025-06-30T21:16:03.554243008Z,,,"{""networkStruct"":""pooled"",""playerCount"":6}",2025-06-30T21:16:03.611862982Z,"Pooled, Redundancy",2025-06-30T21:16:03.611862982Z,{},2025-06-30T21:16:03.687645793Z,TaskQueue,2025-06-30T21:33:32.110028586Z
01JZ1B33W2SNBC1YKZXCY0285E,,,,,,,,,game ended,2025-06-30T21:29:03.784596478Z,,,,,01JZ1B1W5AJ9N87HJBZ99HRQPJ,2025-06-30T21:15:06.09183454Z,3,2025-06-30T21:16:39.076115425Z,true,2025-06-30T21:18:17.262390579Z,true,2025-06-30T21:23:51.190975292Z,Player 1,2025-06-30T21:19:31.834785104Z,,,01JZ1B33GP0H58DN0QMJ6Y16PE,2025-06-30T21:15:05.986221647Z,,,"{""networkStruct"":""pooled"",""playerCount"":6}",2025-06-30T21:15:06.09183454Z,"Pooled, Redundancy",2025-06-30T21:15:06.09183454Z,{},2025-06-30T21:15:06.258618284Z,,
01JZ1G3T5HF7S211AZP2YJBSVP,true,2025-06-30T22:52:47.432648577Z,true,2025-06-30T22:52:39.206843361Z,null,2025-06-30T22:57:00.937743388Z,null,2025-06-30T22:57:00.864431491Z,game ended,2025-06-30T22:58:00.677743548Z,1,2025-06-30T22:58:41.183008174Z,"{""age"":""36"",""gender"":""Male"",""strength"":""I thought it was pretty easy."",""fair"":""I am not sure."",""feedback"":""Maybe include another attribute."",""education"":""high-school""}",2025-06-30T22:58:41.087516928Z,01JZ1G2A3Q53QEYHDQX68WVVKH,2025-06-30T22:42:51.771577203Z,3,2025-06-30T22:44:46.194977782Z,true,2025-06-30T22:45:29.378100117Z,,,Player 1,2025-06-30T22:48:26.951444555Z,14,2025-06-30T22:57:00.901380084Z,01JZ1G3SW9JV48F60TZVD8DFV6,2025-06-30T22:42:51.697486605Z,AVERAGE PEOPLE,2025-06-30T22:52:47.432648577Z,"{""networkStruct"":""reciprocal"",""playerCount"":3}",2025-06-30T22:42:51.771577203Z,"Reciprocal, No Redundancy",2025-06-30T22:42:51.771577203Z,{},2025-06-30T22:42:52.034590779Z,TaskQueue,2025-06-30T22:57:00.825098762Z
01JZ1G4QT3J0N96RSDER5H66SR,true,2025-06-30T22:52:47.432648577Z,true,2025-06-30T22:52:41.593087193Z,null,2025-06-30T22:57:12.516094715Z,null,2025-06-30T22:57:12.406856584Z,game ended,2025-06-30T22:58:00.677743548Z,1,2025-06-30T22:59:21.19392198Z,"{""age"":""39"",""gender"":""Male"",""strength"":""it was interesting and a bit confusing "",""fair"":""No my teammates were not helpful"",""feedback"":""make the instructions more clear and give better examples "",""education"":""high-school""}",2025-06-30T22:59:21.110996864Z,01JZ1G2A3Q53QEYHDQX68WVVKH,2025-06-30T22:43:22.119861261Z,3,2025-06-30T22:46:42.322648576Z,true,2025-06-30T22:48:26.417053927Z,,,Player 2,2025-06-30T22:48:26.951444555Z,14,2025-06-30T22:57:12.297046402Z,01JZ1G4QEDC3KC2NGYR2EG62PC,2025-06-30T22:43:22.052026641Z,MAXIMUM INCOME,2025-06-30T22:52:47.432648577Z,"{""networkStruct"":""reciprocal"",""playerCount"":3}",2025-06-30T22:43:22.119861261Z,"Reciprocal, No Redundancy",2025-06-30T22:43:22.119861261Z,{},2025-06-30T22:43:22.29293909Z,TaskQueue,2025-06-30T22:57:12.604671845Z
01JZ1D7DM0SC7JQGS6JG3ZYPAZ,true,2025-06-30T21:57:41.044585044Z,true,2025-06-30T21:57:33.583134927Z,null,2025-06-30T22:03:00.549211653Z,null,2025-06-30T22:03:00.486146846Z,game ended,2025-06-30T22:03:03.268632102Z,1,2025-06-30T22:04:38.169837788Z,"{""age"":""32"",""gender"":""Male"",""strength"":""I think the census was the main theme of the game"",""fair"":""yes of course "",""feedback"":""i dont know "",""education"":""""}",2025-06-30T22:04:38.198958311Z,01JZ1D0S58CJJ0G6BA8AW8ZVCS,2025-06-30T21:52:24.588873497Z,3,2025-06-30T21:52:58.83748362Z,true,2025-06-30T21:53:22.631249968Z,,,Player 4,2025-06-30T21:53:23.072016595Z,19,2025-06-30T22:03:00.429498833Z,01JZ1D7CE67D04RWJSR7K2RJJN,2025-06-30T21:52:24.192768372Z,CHILDREN'S COMMUTE DISTANCE,2025-06-30T21:57:41.044585044Z,"{""networkStruct"":""reciprocal"",""playerCount"":4}",2025-06-30T21:52:24.588873497Z,"Reciprocal, Some Redundancy",2025-06-30T21:52:24.588873497Z,{},2025-06-30T21:52:24.837255218Z,TaskQueue,2025-06-30T22:03:00.315701482Z
01JZ1AJWEBWSA9H9YV5TJD6D6N,,,,,,,,,game ended,2025-06-30T21:15:46.589557407Z,,,,,01JZ19VF3FCDRKA7RA8CE3SQDH,2025-06-30T21:06:14.173303619Z,3,2025-06-30T21:06:16.074498269Z,true,2025-06-30T21:06:16.991647377Z,true,2025-06-30T21:10:34.627607587Z,Player 6,2025-06-30T21:06:18.176003215Z,,,01JZ1AJWC9MG6WYB0YRR7F2GW5,2025-06-30T21:06:14.091689248Z,,,"{""networkStruct"":""pooled"",""playerCount"":6}",2025-06-30T21:06:14.173303619Z,"Pooled, Redundancy",2025-06-30T21:06:14.173303619Z,{},2025-06-30T21:06:14.21293266Z,,
01JZ1B6EKHA514W2NXAMG9ANM2,,,,,,,,,no more games,2025-06-30T21:57:53.402081961Z,1,2025-06-30T21:22:30.146954249Z,"{""age"":""47"",""gender"":""Female"",""strength"":""Educative and insightful"",""fair"":""Yes they were helpful"",""feedback"":""We can make data about neighborhoods more personalized"",""education"":""other""}",2025-06-30T21:22:30.172397229Z,null,2025-06-30T21:57:53.402081961Z,3,2025-06-30T21:19:50.914611904Z,,,,,,,,,01JZ1B6DGJT4YWF3M4CB1X8A5Q,2025-06-30T21:16:55.281985002Z,,,"{""networkStruct"":""reciprocal"",""playerCount"":6}",2025-06-30T21:16:55.322886876Z,"Reciprocal, Redundancy",2025-06-30T21:16:55.322886876Z,{},2025-06-30T21:16:55.58785797Z,,
01JZ1C4P0YN4P4R63ZN9FPE2D4,true,2025-06-30T21:39:35.262322061Z,true,2025-06-30T21:39:28.103376504Z,null,2025-06-30T21:42:29.220057386Z,null,2025-06-30T21:42:29.407420692Z,game ended,2025-06-30T21:44:47.29280644Z,1,2025-06-30T21:45:16.6621722Z,"{""age"":""23"",""gender"":""Male"",""strength"":""I enjoyed it"",""fair"":""Yes, but I don't know if they gave their all."",""feedback"":""Make it a little more interactive."",""education"":""high-school""}",2025-06-30T21:45:16.589587321Z,01JZ1BX849RGFMRNF1WR9VXVPD,2025-06-30T21:33:25.965542371Z,3,2025-06-30T21:33:50.413379759Z,true,2025-06-30T21:34:09.904268796Z,,,Player 2,2025-06-30T21:35:19.337101448Z,14,2025-06-30T21:42:29.290478908Z,01JZ1C4NHB8Z2QC1Y2P38E3T58,2025-06-30T21:33:25.918914413Z,AVERAGE PEOPLE,2025-06-30T21:39:35.262322061Z,"{""networkStruct"":""reciprocal"",""playerCount"":3}",2025-06-30T21:33:25.965542371Z,"Reciprocal, No Redundancy",2025-06-30T21:33:25.965542371Z,{},2025-06-30T21:33:26.218591514Z,TaskQueue,2025-06-30T21:42:29.141877118Z
01JZ1CKGYQZT6EHWRAEKYP4H58,,,,,,,,,no more games,2025-06-30T21:57:53.402081961Z,,,,,null,2025-06-30T21:57:53.402081961Z,1,2025-06-30T21:41:40.104856895Z,,,,,,,,,01JZ1CKGP1J4BX30FX0QB42SPT,2025-06-30T21:41:32.24751036Z,,,"{""networkStruct"":""reciprocal"",""playerCount"":6}",2025-06-30T21:41:32.299192592Z,"Reciprocal, Redundancy",2025-06-30T21:41:32.299192592Z,{},2025-06-30T21:41:32.45194768Z,,
01JZ179T9EE5NWF4YTXDRCZC5E,,,,,,,,,game ended,2025-06-30T20:22:11.293659236Z,,,,,01JZ170DRXVGFVP20P8DK3M491,2025-06-30T20:08:51.257913477Z,3,2025-06-30T20:09:37.712518579Z,true,2025-06-30T20:09:58.774451099Z,true,2025-06-30T20:17:00.480810105Z,Player 1,2025-06-30T20:12:49.105029667Z,,,01JZ179SWGWPAZJW2D7T4T83JG,2025-06-30T20:08:51.246917749Z,,,"{""networkStruct"":""pooled"",""playerCount"":6}",2025-06-30T20:08:51.257913477Z,"Pooled, Redundancy",2025-06-30T20:08:51.257913477Z,{},2025-06-30T20:08:51.484349177Z,,
01JZ18JV7KEJAEZVY4PCFX2BA4,true,2025-06-30T20:39:23.989964643Z,true,2025-06-30T20:39:17.41849869Z,null,2025-06-30T20:41:36.204552131Z,null,2025-06-30T20:41:36.166574563Z,game ended,2025-06-30T20:44:36.398484801Z,1,2025-06-30T20:45:26.989899304Z,"{""age"":""31"",""gender"":""male"",""strength"":""enjoyable, novel"",""fair"":""relatively"",""feedback"":""less time, too much waiting for time to elapse after completion"",""education"":""bachelor""}",2025-06-30T20:45:26.940688359Z,01JZ18G508W9SSEDAT6B79GZND,2025-06-30T20:31:15.72351587Z,3,2025-06-30T20:31:52.458826734Z,true,2025-06-30T20:32:13.849232581Z,,,Player 4,2025-06-30T20:35:04.198443928Z,7,2025-06-30T20:41:36.241339319Z,01JZ18JTVBYJZ458AQ1VCDDEYW,2025-06-30T20:31:15.699518217Z,CHILDREN'S COMMUTE DISTANCE,2025-06-30T20:39:23.989964643Z,"{""networkStruct"":""reciprocal"",""playerCount"":6}",2025-06-30T20:31:15.72351587Z,"Reciprocal, Redundancy",2025-06-30T20:31:15.72351587Z,{},2025-06-30T20:31:15.925708264Z,TaskQueue,2025-06-30T20:41:36.185774779Z
01JZ18V7AEVH5VMDMYVZ6HXGK5,true,2025-06-30T20:46:59.868078735Z,true,2025-06-30T20:46:54.468545075Z,1,2025-06-30T20:52:10.393651598Z,neighborhood_14,2025-06-30T20:52:10.357563089Z,game ended,2025-06-30T20:52:11.048062719Z,1,2025-06-30T20:54:14.9776675Z,"{""age"":""56"",""gender"":""Male"",""strength"":""The game was fun."",""fair"":""I did not see any action from my team mates, so I had no idea if they had a different work list that would be tallied up after the game."",""feedback"":""I missed completion of my task by only one, but I did my best.\n\nI don't know how you can improve the game. Maybe let us see what our team mates are doing as we work?"",""education"":""bachelor""}",2025-06-30T20:54:14.94385738Z,01JZ18RA3DBE17YR6D8FEXRWFY,2025-06-30T20:38:48.421892082Z,3,2025-06-30T20:38:37.099626599Z,true,2025-06-30T20:39:50.071997463Z,,,Player 1,2025-06-30T20:42:44.685445171Z,13,2025-06-30T20:52:09.059869323Z,01JZ18V6K4G7GH2JCGNJHHPYPM,2025-06-30T20:35:50.222509046Z,AVERAGE PEOPLE,2025-06-30T20:46:59.868078735Z,"{""networkStruct"":""reciprocal"",""playerCount"":4}",2025-06-30T20:35:50.297086939Z,"Reciprocal, Some Redundancy",2025-06-30T20:35:50.297086939Z,{},2025-06-30T20:35:50.404048336Z,TaskScreen,2025-06-30T20:52:10.37673057Z
01JZ1EEDS4AMSMWB9W2CPSXDHE,,,,,,,,,game ended,2025-06-30T22:34:16.061407698Z,,,,,01JZ1E91Q18GQE49C0XSDVMF75,2025-06-30T22:13:42.362204426Z,3,2025-06-30T22:14:11.650740703Z,true,2025-06-30T22:14:24.471331397Z,true,2025-06-30T22:29:03.651443728Z,Player 1,2025-06-30T22:24:42.45539611Z,,,01JZ1EEDMXPFF7GV33XGNFNAW8,2025-06-30T22:13:42.308441725Z,,,"{""networkStruct"":""pooled"",""playerCount"":4}",2025-06-30T22:13:42.362204426Z,"Pooled, Some Redundancy",2025-06-30T22:13:42.362204426Z,{},2025-06-30T22:13:42.431997189Z,,
01JZ18N0WE2W63AJ0S8AMFR80C,true,2025-06-30T20:38:52.041510138Z,true,2025-06-30T20:38:43.349976509Z,,,null,2025-06-30T20:42:05.570462797Z,game ended,2025-06-30T20:44:09.418762801Z,1,2025-06-30T20:44:31.716055214Z,"{""age"":""27"",""gender"":""F"",""strength"":""NA"",""fair"":""No"",""feedback"":""NA"",""education"":""master""}",2025-06-30T20:44:31.694745064Z,01JZ18G4WPK6V9JKZAVKNYS3NB,2025-06-30T20:32:27.044376415Z,3,2025-06-30T20:32:44.856307305Z,true,2025-06-30T20:32:57.383757542Z,,,Player 6,2025-06-30T20:34:29.291224061Z,2,2025-06-30T20:42:05.59143411Z,01JZ18N0GMT0S2W2RZ823VXTZW,2025-06-30T20:32:27.022153313Z,,,"{""networkStruct"":""pooled"",""playerCount"":6}",2025-06-30T20:32:27.044376415Z,"Pooled, Redundancy",2025-06-30T20:32:27.044376415Z,{},2025-06-30T20:32:27.282043124Z,TaskQueue,2025-06-30T20:42:05.630185167Z
01JZ1A9Y4FG88CERVMWV547SJC,true,2025-06-30T21:07:02.264194055Z,true,2025-06-30T21:06:54.826995397Z,null,2025-06-30T21:09:43.525514669Z,null,2025-06-30T21:09:43.448841881Z,game ended,2025-06-30T21:12:15.060866167Z,1,2025-06-30T21:15:07.141046091Z,"{""age"":""50"",""gender"":""female"",""strength"":""I thought it was fun.  I did expect more rounds. "",""fair"":""It is difficult to say.  If the game had more rounds, it could more accurately decide.  I'm a bit confused as to why I needed to speak with the team prior to the game.  We couldn't form a strategy and their input seemed to have no bearing. "",""feedback"":""I'd like to be able to see my team mate's contrabution.  As is, they may as well be absent. "",""education"":""bachelor""}",2025-06-30T21:15:07.056606307Z,01JZ19VF6XEW5FG377QGXCTRD1,2025-06-30T21:01:20.947013432Z,3,2025-06-30T21:02:05.758675331Z,true,2025-06-30T21:02:44.618339964Z,,,Player 6,2025-06-30T21:02:45.019047124Z,8,2025-06-30T21:09:43.487895753Z,01JZ1A9XV5J2AGVWDJ6P27YKP3,2025-06-30T21:01:20.911342411Z,CHILDREN'S COMMUTE DISTANCE,2025-06-30T21:07:02.264194055Z,"{""networkStruct"":""reciprocal"",""playerCount"":6}",2025-06-30T21:01:20.947013432Z,"Reciprocal, Redundancy",2025-06-30T21:01:20.947013432Z,{},2025-06-30T21:01:21.085175168Z,TaskQueue,2025-06-30T21:09:43.611599032Z
01JZ17995N07DABBEZWSHQJ20N,true,2025-06-30T20:17:39.160892908Z,true,2025-06-30T20:17:37.460545117Z,null,2025-06-30T20:19:59.252732269Z,null,2025-06-30T20:19:59.27807077Z,game ended,2025-06-30T20:22:50.504782215Z,1,2025-06-30T20:23:07.790240274Z,"{""age"":""31"",""gender"":""Male"",""strength"":""It was simple"",""fair"":""Yes"",""feedback"":"""",""education"":""high-school""}",2025-06-30T20:23:07.781379766Z,01JZ170DSTXK5Z1DV671606E6A,2025-06-30T20:08:33.729150557Z,3,2025-06-30T20:09:30.09506033Z,true,2025-06-30T20:09:43.630875566Z,,,Player 2,2025-06-30T20:13:27.60426161Z,5,2025-06-30T20:19:59.22942883Z,01JZ17990PETNHRSA2VECCT39R,2025-06-30T20:08:33.717876499Z,AVERAGE PEOPLE,2025-06-30T20:17:39.160892908Z,"{""networkStruct"":""reciprocal"",""playerCount"":6}",2025-06-30T20:08:33.729150557Z,"Reciprocal, Redundancy",2025-06-30T20:08:33.729150557Z,{},2025-06-30T20:08:33.856533805Z,TaskQueue,2025-06-30T20:19:59.241699645Z
01JZ17BZXCKBRDGQ6529TYVNY6,true,2025-06-30T20:18:52.075133417Z,true,2025-06-30T20:18:50.137055048Z,null,2025-06-30T20:21:09.716613938Z,null,2025-06-30T20:21:09.728808934Z,game ended,2025-06-30T20:24:03.301119697Z,1,2025-06-30T20:25:13.936431698Z,"{""age"":""31"",""gender"":""female"",""strength"":""It was fun."",""fair"":""Yes they were very quick."",""feedback"":""N/A. Everything was done well."",""education"":""high-school""}",2025-06-30T20:25:13.881539374Z,01JZ170DS434CCJM920K0JDY80,2025-06-30T20:10:02.558774519Z,3,2025-06-30T20:11:02.876775708Z,true,2025-06-30T20:12:41.956352998Z,,,Player 4,2025-06-30T20:14:39.928599976Z,4,2025-06-30T20:21:09.704479039Z,01JZ17BZR8NSN5JFDEB9ZB9XT9,2025-06-30T20:10:02.540839149Z,CHILDREN'S COMMUTE DISTANCE,2025-06-30T20:18:52.075133417Z,"{""networkStruct"":""reciprocal"",""playerCount"":6}",2025-06-30T20:10:02.558774519Z,"Reciprocal, Redundancy",2025-06-30T20:10:02.558774519Z,{},2025-06-30T20:10:02.671462645Z,TaskQueue,2025-06-30T20:21:09.74421752Z
01JZ18HJZ7HRTKHV6ZZJ67914M,true,2025-06-30T20:38:27.416661677Z,true,2025-06-30T20:38:26.427880871Z,,,null,2025-06-30T20:42:13.868538219Z,game ended,2025-06-30T20:43:43.37202417Z,1,2025-06-30T20:44:27.832738449Z,"{""age"":""22"",""gender"":""Woman"",""strength"":""It was fun."",""fair"":""Yes, we completed all the tasks. "",""feedback"":""More time to talk at the beginning."",""education"":""bachelor""}",2025-06-30T20:44:27.813899747Z,01JZ18G512YK4K14AJW1A4KQT5,2025-06-30T20:33:44.294722712Z,3,2025-06-30T20:33:35.995489553Z,true,2025-06-30T20:34:08.556307113Z,,,Player 1,2025-06-30T20:34:13.035831681Z,3,2025-06-30T20:42:13.791490384Z,01JZ18HJV1J2YP8QFQPB79Y2KS,2025-06-30T20:30:34.471805211Z,,,"{""networkStruct"":""pooled"",""playerCount"":6}",2025-06-30T20:30:34.489971405Z,"Pooled, Redundancy",2025-06-30T20:30:34.489971405Z,{},2025-06-30T20:30:34.56145585Z,TaskQueue,2025-06-30T20:42:13.888125057Z
01JZ18KR3KN1X0F0J0JP7HHD78,true,2025-06-30T20:37:47.223166669Z,true,2025-06-30T20:37:41.151697278Z,,,null,2025-06-30T20:41:42.204133601Z,game ended,2025-06-30T20:42:59.360527924Z,1,2025-06-30T20:43:25.055319854Z,"{""age"":""29"",""gender"":""Male"",""strength"":""Cute"",""fair"":""Yes"",""feedback"":"""",""education"":""high-school""}",2025-06-30T20:43:25.033116401Z,01JZ18G4YA2XRQ9RK4RH5WQB1P,2025-06-30T20:31:45.291238519Z,3,2025-06-30T20:32:22.527456853Z,true,2025-06-30T20:33:03.120900043Z,,,Player 2,2025-06-30T20:33:33.503575836Z,3,2025-06-30T20:41:42.144121275Z,01JZ18KQ3A1YJD0ABD0SBKDQ5C,2025-06-30T20:31:45.267734508Z,,,"{""networkStruct"":""pooled"",""playerCount"":6}",2025-06-30T20:31:45.291238519Z,"Pooled, Redundancy",2025-06-30T20:31:45.291238519Z,{},2025-06-30T20:31:46.488215176Z,TaskQueue,2025-06-30T20:41:42.22234104Z
01JZ17EXP8SEZEBZPSE6GPG8ZM,true,2025-06-30T20:17:43.734560079Z,true,2025-06-30T20:17:35.319563119Z,,,null,2025-06-30T20:21:08.312367139Z,game ended,2025-06-30T20:22:54.557901603Z,1,2025-06-30T20:23:34.735197865Z,"{""age"":""40"",""gender"":""Male"",""strength"":""Cool easy"",""fair"":""I believe so."",""feedback"":""I guess go over results before we submit\n"",""education"":""high-school""}",2025-06-30T20:23:34.717716531Z,01JZ170DSBT7R80F1BC6BFNZAP,2025-06-30T20:11:38.580016525Z,3,2025-06-30T20:12:26.80184125Z,true,2025-06-30T20:12:46.217398771Z,,,Player 6,2025-06-30T20:13:31.605335602Z,3,2025-06-30T20:21:08.296557732Z,01JZ17EXA9K52JJS644JYZWB4G,2025-06-30T20:11:38.568112984Z,,,"{""networkStruct"":""pooled"",""playerCount"":6}",2025-06-30T20:11:38.580016525Z,"Pooled, Redundancy",2025-06-30T20:11:38.580016525Z,{},2025-06-30T20:11:38.766879401Z,TaskQueue,2025-06-30T20:21:08.304636189Z
01JZ18KJE91G49FF99NPC5VF6Y,true,2025-06-30T20:37:21.579201275Z,true,2025-06-30T20:37:12.845600257Z,null,2025-06-30T20:39:25.460374816Z,null,2025-06-30T20:39:25.478771367Z,game ended,2025-06-30T20:42:33.688621444Z,1,2025-06-30T20:43:10.167090046Z,"{""age"":""41"",""gender"":""Male"",""strength"":""It was fun working with a team, easy enough"",""fair"":""Yes, it seems like they were keeping pace"",""feedback"":""Maybe show how quickly the locked ones are being completed too"",""education"":""high-school""}",2025-06-30T20:43:10.202041847Z,01JZ18G50PJASP911XB82AW46K,2025-06-30T20:31:39.501487989Z,3,2025-06-30T20:32:02.511195502Z,true,2025-06-30T20:32:23.98263102Z,,,Player 5,2025-06-30T20:33:05.746157902Z,7,2025-06-30T20:39:25.442867181Z,01JZ18KJAEXPGRTD2ZWKBZ3QWY,2025-06-30T20:31:39.469116475Z,CHILDREN'S COMMUTE DISTANCE,2025-06-30T20:37:21.579201275Z,"{""networkStruct"":""reciprocal"",""playerCount"":6}",2025-06-30T20:31:39.501487989Z,"Reciprocal, Redundancy",2025-06-30T20:31:39.501487989Z,{},2025-06-30T20:31:39.552692453Z,TaskQueue,2025-06-30T20:39:25.533729795Z
01JZ1D497J6YYY65Y2Z1DW88ZY,true,2025-06-30T22:02:19.788906619Z,true,2025-06-30T22:02:14.530120025Z,null,2025-06-30T22:04:50.615107483Z,null,2025-06-30T22:04:50.817005014Z,game ended,2025-06-30T22:07:33.712835464Z,1,2025-06-30T22:08:13.70739583Z,"{""age"":""36"",""gender"":""female"",""strength"":""interesting"",""fair"":""no"",""feedback"":""doesnt need to be improved"",""education"":""bachelor""}",2025-06-30T22:08:13.667995282Z,01JZ1D0S61XK8FZCNQBM2ZAEE6,2025-06-30T21:50:41.452375959Z,3,2025-06-30T21:51:40.949994288Z,true,2025-06-30T21:52:04.524018913Z,,,Player 1,2025-06-30T21:57:54.359357207Z,5,2025-06-30T22:04:50.518393762Z,01JZ1D48VAH0V6B9GBF1W7HHJQ,2025-06-30T21:50:41.394316829Z,AVERAGE PEOPLE,2025-06-30T22:02:19.788906619Z,"{""networkStruct"":""reciprocal"",""playerCount"":6}",2025-06-30T21:50:41.452375959Z,"Reciprocal, Redundancy",2025-06-30T21:50:41.452375959Z,{},2025-06-30T21:50:41.624490613Z,TaskQueue,2025-06-30T22:04:50.910625334Z
01JZ1DFNA9AK80V18FQQZCZYWR,,,,,,,,,no more games,2025-06-30T21:57:53.402081961Z,,,,,null,2025-06-30T21:57:53.402081961Z,1,2025-06-30T21:57:03.239524011Z,,,,,,,,,01JZ1DFN2XYKFBGP1P027Q1X49,2025-06-30T21:56:54.217724717Z,,,"{""networkStruct"":""reciprocal"",""playerCount"":6}",2025-06-30T21:56:54.273885019Z,"Reciprocal, Redundancy",2025-06-30T21:56:54.273885019Z,{},2025-06-30T21:56:54.391896624Z,,
01JZ1772PK70ARCRD25BW9JS91,true,2025-06-30T20:21:00.113649749Z,true,2025-06-30T20:20:51.406741521Z,,,null,2025-06-30T20:22:36.878609957Z,game ended,2025-06-30T20:26:11.072850178Z,1,2025-06-30T20:26:31.362152688Z,"{""age"":""33"",""gender"":""f"",""strength"":""it was interesting"",""fair"":""yes"",""feedback"":""I think it was clear"",""education"":""master""}",2025-06-30T20:26:31.347629995Z,01JZ170DRQN15452AYS561M232,2025-06-30T20:07:21.56592372Z,3,2025-06-30T20:07:28.021134728Z,true,2025-06-30T20:07:29.930500173Z,,,Player 1,2025-06-30T20:16:47.494367992Z,1,2025-06-30T20:22:36.842104725Z,01JZ1772M28VYS9PERF9412HFK,2025-06-30T20:07:21.55602555Z,,,"{""networkStruct"":""pooled"",""playerCount"":6}",2025-06-30T20:07:21.56592372Z,"Pooled, Redundancy",2025-06-30T20:07:21.56592372Z,{},2025-06-30T20:07:21.596679917Z,TaskQueue,2025-06-30T20:22:36.886850774Z
01JZ18KKD45G2Z51GTDYMFBGF8,true,2025-06-30T20:39:06.483879151Z,true,2025-06-30T20:39:00.935103219Z,null,2025-06-30T20:42:17.59368442Z,null,2025-06-30T20:42:17.487542454Z,game ended,2025-06-30T20:44:18.586815933Z,1,2025-06-30T20:46:06.368731153Z,"{""age"":""37"",""gender"":""Male"",""strength"":""smart"",""fair"":""yes"",""feedback"":""more difficult questions"",""education"":""master""}",2025-06-30T20:46:06.350163507Z,01JZ18G4Z7SR18DC8PDBR22HS5,2025-06-30T20:31:40.48010302Z,3,2025-06-30T20:32:25.722638796Z,true,2025-06-30T20:33:13.405715606Z,,,Player 5,2025-06-30T20:34:46.301046173Z,11,2025-06-30T20:42:17.529439785Z,01JZ18KJX6PWG842DG064P5JWD,2025-06-30T20:31:40.453026794Z,CHILDREN'S COMMUTE DISTANCE,2025-06-30T20:39:06.483879151Z,"{""networkStruct"":""reciprocal"",""playerCount"":6}",2025-06-30T20:31:40.48010302Z,"Reciprocal, Redundancy",2025-06-30T20:31:40.48010302Z,{},2025-06-30T20:31:40.773183545Z,TaskQueue,2025-06-30T20:42:17.686244254Z
01JZ18KPPCTRWET1CSH1Z4W2C4,,,,,,,,,game ended,2025-06-30T20:44:06.655135903Z,,,,,01JZ18G4XMK5QHE5YNTR43VZ9V,2025-06-30T20:31:43.841942915Z,3,2025-06-30T20:32:12.430312655Z,true,2025-06-30T20:32:41.992244964Z,true,2025-06-30T20:38:51.622897273Z,Player 5,2025-06-30T20:34:27.24600239Z,,,01JZ18KNZX54EN8HMYJ9E4KJN7,2025-06-30T20:31:43.820317933Z,,,"{""networkStruct"":""pooled"",""playerCount"":6}",2025-06-30T20:31:43.841942915Z,"Pooled, Redundancy",2025-06-30T20:31:43.841942915Z,{},2025-06-30T20:31:44.066342737Z,,
01JZ1B7296HT4QZTVSQ7DGFCMT,true,2025-06-30T21:23:29.411589481Z,true,2025-06-30T21:23:22.156393105Z,null,2025-06-30T21:26:56.250768359Z,null,2025-06-30T21:26:56.226108967Z,game ended,2025-06-30T21:28:42.03609295Z,1,2025-06-30T21:30:38.256188446Z,"{""age"":""62"",""gender"":""Female"",""strength"":""It was unique and great fun. It was highly engaging. "",""fair"":""Yes, a little. But they did not say much."",""feedback"":""Not sure. Keep encouraging more engagement from the players. "",""education"":""master""}",2025-06-30T21:30:38.228502264Z,01JZ1B1W6S117BH8HCA7NH9R7E,2025-06-30T21:17:15.482518254Z,3,2025-06-30T21:18:18.80974375Z,true,2025-06-30T21:18:58.129654926Z,,,Player 6,2025-06-30T21:19:09.170913111Z,9,2025-06-30T21:26:56.164366146Z,01JZ1B71SH2E4PSH0J36816194,2025-06-30T21:17:15.431021239Z,MAXIMUM INCOME,2025-06-30T21:23:29.411589481Z,"{""networkStruct"":""reciprocal"",""playerCount"":6}",2025-06-30T21:17:15.482518254Z,"Reciprocal, Redundancy",2025-06-30T21:17:15.482518254Z,{},2025-06-30T21:17:15.691577263Z,TaskQueue,2025-06-30T21:26:56.278800516Z
01JZ18Q9X0YAPR12TDPNN4GC2K,,,,,,,,,no more games,2025-06-30T21:57:53.402081961Z,,,,,null,2025-06-30T21:57:53.402081961Z,1,2025-06-30T20:33:43.34276277Z,,,,,,,,,01JZ18Q9ET77WCJCGZ8HSSXX51,2025-06-30T20:33:41.792068313Z,,,"{""networkStruct"":""reciprocal"",""playerCount"":6}",2025-06-30T20:33:41.826851063Z,"Reciprocal, Redundancy",2025-06-30T20:33:41.826851063Z,{},2025-06-30T20:33:42.047593442Z,,
01JZ1AN9KYAQVS0HRG6PXZR47Y,,,,,,,,,no more games,2025-06-30T21:25:22.491405605Z,,,,,null,2025-06-30T21:25:22.491405605Z,,,,,,,,,,,01JZ1AN99XRCR9V6P1AB354FZB,2025-06-30T21:07:33.118977309Z,,,"{""networkStruct"":""pooled"",""playerCount"":6}",2025-06-30T21:07:33.150238457Z,"Pooled, Redundancy",2025-06-30T21:07:33.150238457Z,{},2025-06-30T21:07:33.318155398Z,,
01JZ1AW6VP653496VSBNP85Z0R,,,,,,,,,game terminated,2025-06-30T21:13:14.724760016Z,,,,,01JZ1AP99N385Y3KJ0GNEC9HJB,2025-06-30T21:11:19.762134309Z,3,2025-06-30T21:12:56.245246694Z,,,,,,,,,01JZ1AW6N382C5PNCVHGNXVHHE,2025-06-30T21:11:19.670500893Z,,,"{""networkStruct"":""reciprocal"",""playerCount"":3}",2025-06-30T21:11:19.762134309Z,"Reciprocal, No Redundancy",2025-06-30T21:11:19.762134309Z,{},2025-06-30T21:11:19.91379379Z,,
01JZ1GDXRC7MJ2CB1R4KJW6PPZ,,,,,,,,,no more games,2025-06-30T22:50:52.627478111Z,1,2025-06-30T22:52:45.722774523Z,"{""age"":""33"",""gender"":""female"",""strength"":""It was good and interesting"",""fair"":""yes "",""feedback"":""By giving more time "",""education"":""master""}",2025-06-30T22:52:45.680393489Z,null,2025-06-30T22:50:52.627478111Z,1,2025-06-30T22:48:32.286542442Z,,,,,,,,,01JZ1GDS1W807BRCF439DW95ZH,2025-06-30T22:48:23.052736027Z,,,"{""networkStruct"":""reciprocal"",""playerCount"":3}",2025-06-30T22:48:23.650623097Z,"Reciprocal, No Redundancy",2025-06-30T22:48:23.650623097Z,{},2025-06-30T22:48:24.138693597Z,,
