id,batchID,batchIDLastChangedAt,gameID,gameIDLastChangedAt,playerID,playerIDLastChangedAt,roundID,roundIDLastChangedAt
01JZ18VRYMK34V0X30WF659MTF,01JZ18G4TN4FH7205KTQTFE7PM,2025-06-30T20:36:08.276500401Z,01JZ18G508W9SSEDAT6B79GZND,2025-06-30T20:36:08.276500401Z,01JZ18JE7QR9RF8E7B9MDMMGE2,2025-06-30T20:36:08.276500401Z,01JZ18STHY2VTQFD4CXMK2KF14,2025-06-30T20:36:08.276500401Z
01JZ1ATV430CMRB90M59QQ39Q8,01JZ19VEXCKVX740B60X4W6PQN,2025-06-30T21:10:34.883776735Z,01JZ19VF3FCDRKA7RA8CE3SQDH,2025-06-30T21:10:34.883776735Z,01JZ1A9FT19KFC6EXDW9G1CYS7,2025-06-30T21:10:34.883776735Z,01JZ1AK0FG87FE5VK2WQYRA4AC,2025-06-30T21:10:34.883776735Z
01JZ1BK5AMBTDH0Q2VSW12X155,01JZ1B1VZ9TM9N3252XVVAH9DZ,2025-06-30T21:23:51.764417136Z,01JZ1B1W5AJ9N87HJBZ99HRQPJ,2025-06-30T21:23:51.764417136Z,01JZ1B5GACPFWN4R0XMT462FAM,2025-06-30T21:23:51.764417136Z,01JZ1BB7HHYBBSVM85QTV97ZMB,2025-06-30T21:23:51.764417136Z
01JZ17MA2KNAM2NQSC15APAR6K,01JZ170DPRHYGRH6M74WMGZ8J5,2025-06-30T20:14:35.091888782Z,01JZ170DSR5F2SARFX61BD5BFD,2025-06-30T20:14:35.091888782Z,01JZ17HAYAY9BSFK3RQNTEMCZ6,2025-06-30T20:14:35.091888782Z,01JZ17M8SKNJW5A4Z1S33P0E3X,2025-06-30T20:14:35.091888782Z
01JZ17NSJCZCPJKXA4JC47BH7D,01JZ170DPRHYGRH6M74WMGZ8J5,2025-06-30T20:15:23.724357014Z,01JZ170DSXXMDA003X79NFA4N0,2025-06-30T20:15:23.724357014Z,01JZ17CZMJ8ZJDC1BKFXHNXYR1,2025-06-30T20:15:23.724357014Z,01JZ17NRRNJAESN764PNSNC899,2025-06-30T20:15:23.724357014Z
01JZ1AMQ9PFM9DMBVRHR77TS3V,01JZ19VEXCKVX740B60X4W6PQN,2025-06-30T21:07:14.358377193Z,01JZ19VF6XEW5FG377QGXCTRD1,2025-06-30T21:07:14.358377193Z,01JZ1A81RPET9TAZBW4YBB121E,2025-06-30T21:07:14.358377193Z,01JZ1ACG610M6TRWXFFV3KK332,2025-06-30T21:07:14.358377193Z
01JZ18P8TT15FD7BE5B55DKN0W,01JZ18G4TN4FH7205KTQTFE7PM,2025-06-30T20:33:07.930306Z,01JZ18G50PJASP911XB82AW46K,2025-06-30T20:33:07.930306Z,01JZ18KJE91G49FF99NPC5VF6Y,2025-06-30T20:33:07.930306Z,01JZ18P6KKP6YDW0ZB2JNENH81,2025-06-30T20:33:07.930306Z
01JZ1983XDKQZRMJVKAXQQXCP8,01JZ18QHX9XGN83K6T42FK97D5,2025-06-30T20:42:52.717069065Z,01JZ18QHYY9H3H8G0D5BR000CA,2025-06-30T20:42:52.717069065Z,01JZ18TPQGGX70KYFXP5KFA0ZD,2025-06-30T20:42:52.717069065Z,01JZ1903FVM8SRTYCYM7MR4PE9,2025-06-30T20:42:52.717069065Z
01JZ1BJSY4ME4BAGFZ8777ZZTF,01JZ1B1VZ9TM9N3252XVVAH9DZ,2025-06-30T21:23:40.100935538Z,01JZ1B1W5AJ9N87HJBZ99HRQPJ,2025-06-30T21:23:40.100935538Z,01JZ1B7J9GMSKP5R199VT378SX,2025-06-30T21:23:40.100935538Z,01JZ1BB7J8Y8W753ARSJ77X4CV,2025-06-30T21:23:40.100935538Z
01JZ17V6CBX5DXK30NFGF2B40W,01JZ170DPRHYGRH6M74WMGZ8J5,2025-06-30T20:18:20.683903303Z,01JZ170DSWJ6311N72HPSQWG9K,2025-06-30T20:18:20.683903303Z,01JZ17HR3SKAZC9R19A608NCQK,2025-06-30T20:18:20.683903303Z,01JZ17KG4Z9CHYTG6HQWPNQJ5E,2025-06-30T20:18:20.683903303Z
01JZ1AYV807H634G2BMBSKXN5E,01JZ19VEXCKVX740B60X4W6PQN,2025-06-30T21:12:46.080227422Z,01JZ19VF4XXDC5SP97SM18G8VM,2025-06-30T21:12:46.080227422Z,01JZ1AHC0761QMCW1DPTW1G44R,2025-06-30T21:12:46.080227422Z,01JZ1AQBHRMVHPE1YZ6WFANPW5,2025-06-30T21:12:46.080227422Z
01JZ17RTMHDTCW2V4WK2C8YYGA,01JZ170DPRHYGRH6M74WMGZ8J5,2025-06-30T20:17:03.121412154Z,01JZ170DSP5HFMBRZWFQV8RFVC,2025-06-30T20:17:03.121412154Z,01JZ178B4PCAFGN9QS0GJ0TQ84,2025-06-30T20:17:03.121412154Z,01JZ17RSK3N0BNCJAFQS3YEYB5,2025-06-30T20:17:03.121412154Z
01JZ17T75DQAZCBNDGW2DMN9PB,01JZ170DPRHYGRH6M74WMGZ8J5,2025-06-30T20:17:48.717247281Z,01JZ170DRQN15452AYS561M232,2025-06-30T20:17:48.717247281Z,01JZ1772PK70ARCRD25BW9JS91,2025-06-30T20:17:48.717247281Z,01JZ17RBCT038Y8QAFS6F67QDM,2025-06-30T20:17:48.717247281Z
01JZ190Y98S6VD66XEF3EF4KZ7,01JZ18G4TN4FH7205KTQTFE7PM,2025-06-30T20:38:57.577006636Z,01JZ18G4ZZG5A688HVVJGKBFVW,2025-06-30T20:38:57.577006636Z,01JZ18N0JKWFKXBS82BQZ5RVQD,2025-06-30T20:38:57.577006636Z,01JZ18RFR1W3YDRVBYSTVG4Z41,2025-06-30T20:38:57.577006636Z
01JZ1AH0NZADP8AS898224Y99F,01JZ19VEXCKVX740B60X4W6PQN,2025-06-30T21:05:12.895953756Z,01JZ19VF9WCS5BMDRCPXZK6ZBF,2025-06-30T21:05:12.895953756Z,01JZ1A5BC93T1VSNTPVNANBKKY,2025-06-30T21:05:12.895953756Z,01JZ1A8RRMDWP0AE0XY4GVAREN,2025-06-30T21:05:12.895953756Z
01JZ1BXWCGJJSFG15T9Z1YKTXP,01JZ1B1VZ9TM9N3252XVVAH9DZ,2025-06-30T21:29:43.056430509Z,01JZ1B1W5TAZ0C76DBH0ZAEY5X,2025-06-30T21:29:43.056430509Z,01JZ1B42FGZXM24HBWN8AZM67K,2025-06-30T21:29:43.056430509Z,01JZ1BNNMV2BR05NWSF4VH5Q39,2025-06-30T21:29:43.056430509Z
01JZ1BY4F8FQFN86YX2MVBJCQG,01JZ1B1VZ9TM9N3252XVVAH9DZ,2025-06-30T21:29:51.336371694Z,01JZ1B1W4RP0VXDDKCJTNKM3AX,2025-06-30T21:29:51.336371694Z,01JZ1BH96VSCAX0MRZ5GVT0SBR,2025-06-30T21:29:51.336371694Z,01JZ1BNYAYY2K6CJZRYSXBEGH5,2025-06-30T21:29:51.336371694Z
01JZ1D7DAW8QD7VFA6EGRJZVKD,01JZ1D0RX94M7HHBAJDNGV8QRS,2025-06-30T21:52:23.900984679Z,01JZ1D0S2S8SEBXETFQJSTGM5V,2025-06-30T21:52:23.900984679Z,01JZ1D4AYTG2DMXZZ36EVW3RQ2,2025-06-30T21:52:23.900984679Z,01JZ1D77QV4PCA19S4PRRTPDFG,2025-06-30T21:52:23.900984679Z
01JZ17H32G0W3KTPGSHM3B22P2,01JZ170DPRHYGRH6M74WMGZ8J5,2025-06-30T20:12:49.616563418Z,01JZ170DRXVGFVP20P8DK3M491,2025-06-30T20:12:49.616563418Z,01JZ17B3EJNXDWZGY3QVC1296A,2025-06-30T20:12:49.616563418Z,01JZ17H2JE238380KER7CXK8AE,2025-06-30T20:12:49.616563418Z
01JZ18YV44K9A7VKGXXNY1DSNA,01JZ18G4TN4FH7205KTQTFE7PM,2025-06-30T20:37:48.80423408Z,01JZ18G4Y1ABZPJ815NAWEN19T,2025-06-30T20:37:48.80423408Z,01JZ18HGDSE2JWMVWW1YEZN8Q5,2025-06-30T20:37:48.80423408Z,01JZ18PMFWXRBMGQD7EAMQ4QF6,2025-06-30T20:37:48.80423408Z
01JZ1AJ7MM82MGHKQREVNMEB92,01JZ19VEXCKVX740B60X4W6PQN,2025-06-30T21:05:52.788478832Z,01JZ19VF81DTYMGWYB0TAJKDWY,2025-06-30T21:05:52.788478832Z,01JZ19Y0D04KSPZSGRXD2GWN5G,2025-06-30T21:05:52.788478832Z,01JZ1AABMTK3KJJZSMA4TN8BF7,2025-06-30T21:05:52.788478832Z
01JZ1AZ5RMG8N3YDD696290ZZB,01JZ19VEXCKVX740B60X4W6PQN,2025-06-30T21:12:56.852105361Z,01JZ19VF4XXDC5SP97SM18G8VM,2025-06-30T21:12:56.852105361Z,01JZ1AHC0761QMCW1DPTW1G44R,2025-06-30T21:12:56.852105361Z,01JZ1AQBH2AQ4HJ4SKYQ5374F4,2025-06-30T21:12:56.852105361Z
01JZ1GT2ZQY059RHABYVKRQRR0,01JZ1G29Q82GQAKEXSK2E7NK3R,2025-06-30T22:55:01.623077723Z,01JZ1G2ACHC2PPHGNQVYG69GCY,2025-06-30T22:55:01.623077723Z,01JZ1ESY682HMD53AEGK9VD2YT,2025-06-30T22:55:01.623077723Z,01JZ1GJGD6SKHW85EK3871CKY5,2025-06-30T22:55:01.623077723Z
01JZ17MFF3VA4X0GA2T7ADKQWX,01JZ170DPRHYGRH6M74WMGZ8J5,2025-06-30T20:14:40.611392479Z,01JZ170DS434CCJM920K0JDY80,2025-06-30T20:14:40.611392479Z,01JZ17ED81WEQ81KNKMV8HM1Z1,2025-06-30T20:14:40.611392479Z,01JZ17MES4H49TCFWXHCBDV2WP,2025-06-30T20:14:40.611392479Z
01JZ18YSWYA7WXYNE9SNTKMJS8,01JZ18G4TN4FH7205KTQTFE7PM,2025-06-30T20:37:47.550577152Z,01JZ18G4YA2XRQ9RK4RH5WQB1P,2025-06-30T20:37:47.550577152Z,01JZ18J306MV90AN3KDTPG10SX,2025-06-30T20:37:47.550577152Z,01JZ18Q1S7RYZRF0109T2366SB,2025-06-30T20:37:47.550577152Z
01JZ1BXSR1CPQ049KFGNYMPFKB,01JZ1B1VZ9TM9N3252XVVAH9DZ,2025-06-30T21:29:40.353726305Z,01JZ1B1W4RP0VXDDKCJTNKM3AX,2025-06-30T21:29:40.353726305Z,01JZ1B44NJ2M66S6K1HNVCZ08H,2025-06-30T21:29:40.353726305Z,01JZ1BNY9GCVDPARZTZ60Y7363,2025-06-30T21:29:40.353726305Z
01JZ17SBWTX7ZZ6B1WG24HMEXE,01JZ170DPRHYGRH6M74WMGZ8J5,2025-06-30T20:17:20.794397988Z,01JZ170DS8YWG03GZVY59N3JD0,2025-06-30T20:17:20.794397988Z,01JZ179QC9P59RRBVKW06P1VJF,2025-06-30T20:17:20.794397988Z,01JZ17HNMFBJ73AV6PBJ6E0ZQ5,2025-06-30T20:17:20.794397988Z
01JZ18R406S9F1ER2V81MMQSQN,01JZ18G4TN4FH7205KTQTFE7PM,2025-06-30T20:34:08.518907993Z,01JZ18G50PJASP911XB82AW46K,2025-06-30T20:34:08.518907993Z,01JZ18KJE91G49FF99NPC5VF6Y,2025-06-30T20:34:08.518907993Z,01JZ18P6M9PWBBNS9EFA2527RR,2025-06-30T20:34:08.518907993Z
01JZ18TK5AP6A0WB4RC9F21QP8,01JZ18G4TN4FH7205KTQTFE7PM,2025-06-30T20:35:29.579062706Z,01JZ18G4XMK5QHE5YNTR43VZ9V,2025-06-30T20:35:29.579062706Z,01JZ18JG8638DXN8F3WDEPTJAB,2025-06-30T20:35:29.579062706Z,01JZ18RP89JC5KMWSQF397VP76,2025-06-30T20:35:29.579062706Z
01JZ17NBSD0PR3FP2YVPBC82CP,01JZ170DPRHYGRH6M74WMGZ8J5,2025-06-30T20:15:09.613371475Z,01JZ170DSWJ6311N72HPSQWG9K,2025-06-30T20:15:09.613371475Z,01JZ17AF66R5T85771E9QQ650E,2025-06-30T20:15:09.613371475Z,01JZ17KG534VMGAN6DZ77QN8H5,2025-06-30T20:15:09.613371475Z
01JZ1DMDTHJZPRTCDP4MVQDE1T,01JZ1D0RX94M7HHBAJDNGV8QRS,2025-06-30T21:59:30.385510729Z,01JZ1D0S3N2D9DCG3EHS8AP4R1,2025-06-30T21:59:30.385510729Z,01JZ1D49JVTEEYC1V6ZNF5Y9RQ,2025-06-30T21:59:30.385510729Z,01JZ1DJBF7R7NJ28KS5SRS1EHV,2025-06-30T21:59:30.385510729Z
01JZ17P2B4KAGJY8VXHYJQTHXP,01JZ170DPRHYGRH6M74WMGZ8J5,2025-06-30T20:15:32.708938313Z,01JZ170DRWH3Q5VEKFYTCWXCB9,2025-06-30T20:15:32.708938313Z,01JZ179X6Q4FCZN7X4TNMWRQ73,2025-06-30T20:15:32.708938313Z,01JZ17M6426GB2CWYTAT7MS6CN,2025-06-30T20:15:32.708938313Z
01JZ17PAANQCFC4ZTDPZ544DWB,01JZ170DPRHYGRH6M74WMGZ8J5,2025-06-30T20:15:40.885543446Z,01JZ170DS434CCJM920K0JDY80,2025-06-30T20:15:40.885543446Z,01JZ17ED81WEQ81KNKMV8HM1Z1,2025-06-30T20:15:40.885543446Z,01JZ17MESGQH4PGAZ2NQBVJJAG,2025-06-30T20:15:40.885543446Z
01JZ17W560VSX5NG97379Y7825,01JZ170DPRHYGRH6M74WMGZ8J5,2025-06-30T20:18:52.224785074Z,01JZ170DS434CCJM920K0JDY80,2025-06-30T20:18:52.224785074Z,01JZ17JRNHBCA9Z1PDJFB00SE3,2025-06-30T20:18:52.224785074Z,01JZ17MESMPWPZJ1XK6T8SDFSR,2025-06-30T20:18:52.224785074Z
01JZ1BK474Y036RAP06X3QTWYS,01JZ1B1VZ9TM9N3252XVVAH9DZ,2025-06-30T21:23:50.628220857Z,01JZ1B1W68Y1JCNSRHTZJR0WTB,2025-06-30T21:23:50.628220857Z,01JZ1B84EMA8EXMS4XB5YP9VDA,2025-06-30T21:23:50.628220857Z,01JZ1BH44X88X65JM8T5DXFWMN,2025-06-30T21:23:50.628220857Z
01JZ18SSP220YNM9F796MNZH1X,01JZ18G4TN4FH7205KTQTFE7PM,2025-06-30T20:35:03.49007874Z,01JZ18G4YK3PSP6R2PNWBA4P8S,2025-06-30T20:35:03.49007874Z,01JZ18MVEFXZGBQPET8FQ2326K,2025-06-30T20:35:03.49007874Z,01JZ18QWBAHK4T4H0VEYDTYNA4,2025-06-30T20:35:03.49007874Z
01JZ1FA126KGS2VN040BRVDH8K,01JZ1E916HBESJXS5SJ82BFZ21,2025-06-30T22:28:46.790234381Z,01JZ1E923XSJ5V9JGGJQR2CG7M,2025-06-30T22:28:46.790234381Z,01JZ1EED3A8PGE3DSBSCB45ADQ,2025-06-30T22:28:46.790234381Z,01JZ1F28T85SAXJTEPCXG1SEJH,2025-06-30T22:28:46.790234381Z
01JZ17W9NHDGF6GV7043S0F2KT,01JZ170DPRHYGRH6M74WMGZ8J5,2025-06-30T20:18:56.817044197Z,01JZ170DSR5F2SARFX61BD5BFD,2025-06-30T20:18:56.817044197Z,01JZ17ADWXQ9CX9S0BD7VM2S2J,2025-06-30T20:18:56.817044197Z,01JZ17M8TBTH3TC0NGPGNB96E6,2025-06-30T20:18:56.817044197Z
01JZ1ACAG8WS4ZEQBF9Z76NAF2,01JZ19VEXCKVX740B60X4W6PQN,2025-06-30T21:02:39.112149741Z,01JZ19VF81DTYMGWYB0TAJKDWY,2025-06-30T21:02:39.112149741Z,01JZ1A30PSDQTAMK68V3KKNNKC,2025-06-30T21:02:39.112149741Z,01JZ1AABK962FFJZTPD33N3VKP,2025-06-30T21:02:39.112149741Z
01JZ1CFYWGYT6Y2MNCCNEV4FMV,01JZ1BX7WQMA45G0E33EEHJ3V9,2025-06-30T21:39:35.440338453Z,01JZ1BX849RGFMRNF1WR9VXVPD,2025-06-30T21:39:35.440338453Z,01JZ1C42HDFGHZFCN4YDW8V435,2025-06-30T21:39:35.440338453Z,01JZ1C84RKQ0P9K5DXZDFR6T0J,2025-06-30T21:39:35.440338453Z
01JZ18QXZ4S4A1PNXQ14VV4NBW,01JZ18G4TN4FH7205KTQTFE7PM,2025-06-30T20:34:02.340310941Z,01JZ18G4YK3PSP6R2PNWBA4P8S,2025-06-30T20:34:02.340310941Z,01JZ18JNT2QKJHBG0YSDA5VWH8,2025-06-30T20:34:02.340310941Z,01JZ18QWBRR3KN0B62DES46FPE,2025-06-30T20:34:02.340310941Z
01JZ190FM9NYGYVJQX8AYDTYHQ,01JZ18G4TN4FH7205KTQTFE7PM,2025-06-30T20:38:42.569251365Z,01JZ18G512YK4K14AJW1A4KQT5,2025-06-30T20:38:42.569251365Z,01JZ18JYCDAD1FWP17TG353JM2,2025-06-30T20:38:42.569251365Z,01JZ18R8BQNV553N89B15CK6DT,2025-06-30T20:38:42.569251365Z
01JZ1DJ2M4GC4ZF7VW32W191EY,01JZ1D0RX94M7HHBAJDNGV8QRS,2025-06-30T21:58:13.380141679Z,01JZ1D0S064NT759Q480WCA8PK,2025-06-30T21:58:13.380141679Z,01JZ1DEJMJQ3008TVKPGG206S9,2025-06-30T21:58:13.380141679Z,01JZ1DFXKSWPB74HF8RE7BCFY9,2025-06-30T21:58:13.380141679Z
01JZ1FETHQC3K8VYTJAZWNVMP3,01JZ1E916HBESJXS5SJ82BFZ21,2025-06-30T22:31:23.959820616Z,01JZ1E91ENR7DC2PFTK7ZY5PTJ,2025-06-30T22:31:23.959820616Z,01JZ1EBW22KQBY52ZW0XEVAEWD,2025-06-30T22:31:23.959820616Z,01JZ1F70QB8A9FR1KVXQ13Y3JC,2025-06-30T22:31:23.959820616Z
01JZ17VGTE72SXW0HVEDH4SMA5,01JZ170DPRHYGRH6M74WMGZ8J5,2025-06-30T20:18:31.374575968Z,01JZ170DSWJ6311N72HPSQWG9K,2025-06-30T20:18:31.374575968Z,01JZ17AF66R5T85771E9QQ650E,2025-06-30T20:18:31.374575968Z,01JZ17KG5FZCMZS2YJVCAZ741Y,2025-06-30T20:18:31.374575968Z
01JZ17VJTD66JAV5TE0P3Z6HYY,01JZ170DPRHYGRH6M74WMGZ8J5,2025-06-30T20:18:33.421515481Z,01JZ170DRWH3Q5VEKFYTCWXCB9,2025-06-30T20:18:33.421515481Z,01JZ179X6Q4FCZN7X4TNMWRQ73,2025-06-30T20:18:33.421515481Z,01JZ17M63Y2ZQE6JBWKAH6VSPE,2025-06-30T20:18:33.421515481Z
01JZ1905ZTRX686QJ85Y8D419Q,01JZ18G4TN4FH7205KTQTFE7PM,2025-06-30T20:38:32.69813524Z,01JZ18G4YK3PSP6R2PNWBA4P8S,2025-06-30T20:38:32.69813524Z,01JZ18JABGMJD5Y1TTH0BJFJ2C,2025-06-30T20:38:32.69813524Z,01JZ18QW9EXF247TKVE8F2HXX6,2025-06-30T20:38:32.69813524Z
01JZ191RCAZ72BRB2C66KAHXRT,01JZ18G4TN4FH7205KTQTFE7PM,2025-06-30T20:39:24.298854116Z,01JZ18G508W9SSEDAT6B79GZND,2025-06-30T20:39:24.298854116Z,01JZ18JE7QR9RF8E7B9MDMMGE2,2025-06-30T20:39:24.298854116Z,01JZ18STF1YM3N28QT3VD2MWJ6,2025-06-30T20:39:24.298854116Z
01JZ17YDDHSRZ6V256KAN1Y2XN,01JZ170DPRHYGRH6M74WMGZ8J5,2025-06-30T20:20:06.193483531Z,01JZ170DRV33K8D9D9ZMQKAW2D,2025-06-30T20:20:06.193483531Z,01JZ17F29KQA44VJC80QGCAS6X,2025-06-30T20:20:06.193483531Z,01JZ17PPHXYGVWTQWQ3EC28RK2,2025-06-30T20:20:06.193483531Z
01JZ17ZQQGS4EDJQV072QM865X,01JZ170DPRHYGRH6M74WMGZ8J5,2025-06-30T20:20:49.520197539Z,01JZ170DRQN15452AYS561M232,2025-06-30T20:20:49.520197539Z,01JZ177RVVNSCWMQHY3N3M9P3Y,2025-06-30T20:20:49.520197539Z,01JZ17RBD7J0VJVJJG30EA195H,2025-06-30T20:20:49.520197539Z
01JZ1925RY6F7QP4DY6T88NSSF,01JZ18QHX9XGN83K6T42FK97D5,2025-06-30T20:39:38.014475961Z,01JZ18QHYY9H3H8G0D5BR000CA,2025-06-30T20:39:38.014475961Z,01JZ18YPQMX7TQXCKGYZNA73VF,2025-06-30T20:39:38.014475961Z,01JZ1903BN7V6B2N7AMWNTAWGG,2025-06-30T20:39:38.014475961Z
01JZ1AV5NHA7JTDJ6GDTPJ19C4,01JZ19VEXCKVX740B60X4W6PQN,2025-06-30T21:10:45.68129744Z,01JZ19VF3FCDRKA7RA8CE3SQDH,2025-06-30T21:10:45.68129744Z,01JZ1AJWEBWSA9H9YV5TJD6D6N,2025-06-30T21:10:45.68129744Z,01JZ1AK0ET9HBHSSG0V60ZD9G1,2025-06-30T21:10:45.68129744Z
01JZ1DSFN0GFGBRCDD57DQ0GP0,01JZ1D0RX94M7HHBAJDNGV8QRS,2025-06-30T22:02:16.096621678Z,01JZ1D0S4EMT97ECKQ06X1ZWAX,2025-06-30T22:02:16.096621678Z,01JZ1DAGGXK4R30KWG4J61A22A,2025-06-30T22:02:16.096621678Z,01JZ1DHWHN1GY9FT52VYW8NJ46,2025-06-30T22:02:16.096621678Z
01JZ1AZG9KQQTPT65GSSK6NC79,01JZ19VEXCKVX740B60X4W6PQN,2025-06-30T21:13:07.635565633Z,01JZ19VF4XXDC5SP97SM18G8VM,2025-06-30T21:13:07.635565633Z,01JZ1ANDKY8QTNAK6C66WRTD5R,2025-06-30T21:13:07.635565633Z,01JZ1AQBGFVYCSP9N6MQYTQFEK,2025-06-30T21:13:07.635565633Z
01JZ1BD764F37YZ4A9VRVYAZGF,01JZ1B1VZ9TM9N3252XVVAH9DZ,2025-06-30T21:20:37.060147952Z,01JZ1B1W2WT8MR9NJ7RDDSFH2M,2025-06-30T21:20:37.060147952Z,01JZ1BAVN5GCQ9KGRAEPYWSGEC,2025-06-30T21:20:37.060147952Z,01JZ1BD3WQZQC101K8A6FPPJ19,2025-06-30T21:20:37.060147952Z
01JZ1DSKWZ24JJMWD9AGYV4F1Y,01JZ1D0RX94M7HHBAJDNGV8QRS,2025-06-30T22:02:20.447641006Z,01JZ1D0S61XK8FZCNQBM2ZAEE6,2025-06-30T22:02:20.447641006Z,01JZ1D5XZ05FCDAH1D4YG77JR7,2025-06-30T22:02:20.447641006Z,01JZ1DHG8H05GH2W9SB4K6K1E6,2025-06-30T22:02:20.447641006Z
01JZ17W5797XC2MJGYBTJZK6NC,01JZ170DPRHYGRH6M74WMGZ8J5,2025-06-30T20:18:52.265563222Z,01JZ170DS434CCJM920K0JDY80,2025-06-30T20:18:52.265563222Z,01JZ17BXPZGQSXJ1A4PH60Q6WQ,2025-06-30T20:18:52.265563222Z,01JZ17MESMPWPZJ1XK6T8SDFSR,2025-06-30T20:18:52.265563222Z
01JZ191RDAMJG5WXX5012WBWYT,01JZ18G4TN4FH7205KTQTFE7PM,2025-06-30T20:39:24.330452839Z,01JZ18G508W9SSEDAT6B79GZND,2025-06-30T20:39:24.330452839Z,01JZ18NT2QY0K3T67RMTHTZ875,2025-06-30T20:39:24.330452839Z,01JZ18STF1YM3N28QT3VD2MWJ6,2025-06-30T20:39:24.330452839Z
01JZ1A8VGNQDY1RYVNF6HQT2CJ,01JZ19VEXCKVX740B60X4W6PQN,2025-06-30T21:00:45.461165997Z,01JZ19VF9WCS5BMDRCPXZK6ZBF,2025-06-30T21:00:45.461165997Z,01JZ19Y3KYVSPMBWF3EF2S04D7,2025-06-30T21:00:45.461165997Z,01JZ1A8RR2GDW6GS56QAP6TW67,2025-06-30T21:00:45.461165997Z
01JZ1D9A8NMR97AR52ENK4DBN8,01JZ1D0RX94M7HHBAJDNGV8QRS,2025-06-30T21:53:26.294504389Z,01JZ1D0S58CJJ0G6BA8AW8ZVCS,2025-06-30T21:53:26.294504389Z,01JZ1D2JACBKKH4S9P6DT2Z2QZ,2025-06-30T21:53:26.294504389Z,01JZ1D970J7VS4DE30PQJCG6XG,2025-06-30T21:53:26.294504389Z
01JZ1DRCZHECJ2FG8KM605C38Q,01JZ1D0RX94M7HHBAJDNGV8QRS,2025-06-30T22:01:40.59390995Z,01JZ1D0S064NT759Q480WCA8PK,2025-06-30T22:01:40.59390995Z,01JZ1DB67XDQM93GQRR65SS1X0,2025-06-30T22:01:40.59390995Z,01JZ1DFY0TW20TYJC4JJ0ZH1P8,2025-06-30T22:01:40.59390995Z
01JZ1DT7C8NEP4XT76BCNDKS1V,01JZ1D0RX94M7HHBAJDNGV8QRS,2025-06-30T22:02:40.392810458Z,01JZ1D0S4EMT97ECKQ06X1ZWAX,2025-06-30T22:02:40.392810458Z,01JZ1D6PDAATCEYCV60SVGFECN,2025-06-30T22:02:40.392810458Z,01JZ1DHWEXPB13DZQKK7395V00,2025-06-30T22:02:40.392810458Z
01JZ1F0ETKSR24S23Y8KHTAP2Q,01JZ1E916HBESJXS5SJ82BFZ21,2025-06-30T22:23:33.203505441Z,01JZ1E91HHYKGR583PHV4V6JXR,2025-06-30T22:23:33.203505441Z,01JZ1EK77BRBNM03T0A9A1Z152,2025-06-30T22:23:33.203505441Z,01JZ1ERV9TFSNXH7AMBAPNGSYN,2025-06-30T22:23:33.203505441Z
01JZ17R5297R8Y8DECEDYENHG0,01JZ170DPRHYGRH6M74WMGZ8J5,2025-06-30T20:16:41.033739252Z,01JZ170DRRRWN613C5WJQ8B5Q6,2025-06-30T20:16:41.033739252Z,01JZ17A832XNJZN2KK8205TMZH,2025-06-30T20:16:41.033739252Z,01JZ17G52NG4XN5R9RR9776YQX,2025-06-30T20:16:41.033739252Z
01JZ18R3ZD6Y7BZ8B492YCJGWZ,01JZ18G4TN4FH7205KTQTFE7PM,2025-06-30T20:34:08.493548515Z,01JZ18G50PJASP911XB82AW46K,2025-06-30T20:34:08.493548515Z,01JZ18JWY9W1XWEWVGSNZXRKZN,2025-06-30T20:34:08.493548515Z,01JZ18P6M9PWBBNS9EFA2527RR,2025-06-30T20:34:08.493548515Z
01JZ18SXS8A2K4GGMZ0883S9YV,01JZ18G4TN4FH7205KTQTFE7PM,2025-06-30T20:35:07.688697245Z,01JZ18G508W9SSEDAT6B79GZND,2025-06-30T20:35:07.688697245Z,01JZ18J46H2273JNNKGGW4JXM3,2025-06-30T20:35:07.688697245Z,01JZ18STB8HB9DV2CVT0ZSHGAA,2025-06-30T20:35:07.688697245Z
01JZ18Y11KSZJAFSA8C8DJABBW,01JZ18G4TN4FH7205KTQTFE7PM,2025-06-30T20:37:22.099704356Z,01JZ18G50PJASP911XB82AW46K,2025-06-30T20:37:22.099704356Z,01JZ18KAD3ET3YWT2B268D40PX,2025-06-30T20:37:22.099704356Z,01JZ18P6NBJ7Z652WDFV9M7NT4,2025-06-30T20:37:22.099704356Z
01JZ1AJ7K5CPM0X2M5KFE5ZF4G,01JZ19VEXCKVX740B60X4W6PQN,2025-06-30T21:05:52.741141161Z,01JZ19VF81DTYMGWYB0TAJKDWY,2025-06-30T21:05:52.741141161Z,01JZ1A11QXMY0GZ8B5FCM3RTBW,2025-06-30T21:05:52.741141161Z,01JZ1AABMTK3KJJZSMA4TN8BF7,2025-06-30T21:05:52.741141161Z
01JZ1GV8VQRC1Y2AP3H3AV86E6,01JZ1G29Q82GQAKEXSK2E7NK3R,2025-06-30T22:55:40.407577178Z,01JZ1G2A9825Q9R0AFVXQNTR63,2025-06-30T22:55:40.407577178Z,01JZ1GA1RX69WV7RYS6J14XWQD,2025-06-30T22:55:40.407577178Z,01JZ1GKM4NJC2AZGFDE1DDC9W3,2025-06-30T22:55:40.407577178Z
01JZ18RQTFZX0MXG4JF1VDVJV4,01JZ18G4TN4FH7205KTQTFE7PM,2025-06-30T20:34:28.815387747Z,01JZ18G4XMK5QHE5YNTR43VZ9V,2025-06-30T20:34:28.815387747Z,01JZ18JXMPKC16YBJ9SWX6E74P,2025-06-30T20:34:28.815387747Z,01JZ18RP7K0MQCXP7DDG2EV4WD,2025-06-30T20:34:28.815387747Z
01JZ18TJZN928D2YAQVV5WPVRZ,01JZ18G4TN4FH7205KTQTFE7PM,2025-06-30T20:35:29.397576551Z,01JZ18G4XMK5QHE5YNTR43VZ9V,2025-06-30T20:35:29.397576551Z,01JZ18NBPDW8GJCMK3V0N2AHJY,2025-06-30T20:35:29.397576551Z,01JZ18RP89JC5KMWSQF397VP76,2025-06-30T20:35:29.397576551Z
01JZ18YT1PF1T6XJDP0XV246V7,01JZ18G4TN4FH7205KTQTFE7PM,2025-06-30T20:37:47.702880511Z,01JZ18G4YA2XRQ9RK4RH5WQB1P,2025-06-30T20:37:47.702880511Z,01JZ18M8PYM3H87ZASWMAC2B64,2025-06-30T20:37:47.702880511Z,01JZ18Q1S7RYZRF0109T2366SB,2025-06-30T20:37:47.702880511Z
01JZ1H4REXYG44F2JXBY0JMBA1,01JZ1G29Q82GQAKEXSK2E7NK3R,2025-06-30T23:00:51.293454458Z,01JZ1G2AATTMJJ07WA2JZ9MF1K,2025-06-30T23:00:51.293454458Z,01JZ1GP55F36DXJQDEYTGWZ556,2025-06-30T23:00:51.293454458Z,01JZ1GWNK8HR62RH8YCT5E8YRY,2025-06-30T23:00:51.293454458Z
01JZ17WNSWZ832QSV6E9J9R55R,01JZ170DPRHYGRH6M74WMGZ8J5,2025-06-30T20:19:09.244439282Z,01JZ170DS9MMA8EZAVKYS5SMHX,2025-06-30T20:19:09.244439282Z,01JZ17QM16148RHAHCPPZX620J,2025-06-30T20:19:09.244439282Z,01JZ17TR7E1D7CES1YNCABFX51,2025-06-30T20:19:09.244439282Z
01JZ18SJPBPBY0KPNBFPFRP4TA,01JZ18G4TN4FH7205KTQTFE7PM,2025-06-30T20:34:56.331975728Z,01JZ18G4ZPD0G0WRB3ZSNJ4KSW,2025-06-30T20:34:56.331975728Z,01JZ18HV1R8B29VBXTS00FPVXC,2025-06-30T20:34:56.331975728Z,01JZ18QMDSQREXVSZ9J332HVG7,2025-06-30T20:34:56.331975728Z
01JZ17XS5609XPWC4Q7QR4V2MW,01JZ170DPRHYGRH6M74WMGZ8J5,2025-06-30T20:19:45.446484652Z,01JZ170DSXXMDA003X79NFA4N0,2025-06-30T20:19:45.446484652Z,01JZ179JK7EB00XG1XXC6JXGYV,2025-06-30T20:19:45.446484652Z,01JZ17NRS66B2XN3XYTK9HZXA6,2025-06-30T20:19:45.446484652Z
01JZ17XTZ7P4CVM1QNFXSWW3W0,01JZ170DPRHYGRH6M74WMGZ8J5,2025-06-30T20:19:47.303590346Z,01JZ170DS0283SZNEN95XAWWS4,2025-06-30T20:19:47.303590346Z,01JZ17BCV91FG1WVF832RTXB76,2025-06-30T20:19:47.303590346Z,01JZ17NT6Q15JZTNT1T2TRQ09Q,2025-06-30T20:19:47.303590346Z
01JZ17ZQT4ZRPQW35TJ9GK8QB9,01JZ170DPRHYGRH6M74WMGZ8J5,2025-06-30T20:20:49.604707345Z,01JZ170DRQN15452AYS561M232,2025-06-30T20:20:49.604707345Z,01JZ17QY7AVGGNKHH7ZM5STBVV,2025-06-30T20:20:49.604707345Z,01JZ17RBD7J0VJVJJG30EA195H,2025-06-30T20:20:49.604707345Z
01JZ190YC3BY6CSXYT12NJ0JMW,01JZ18G4TN4FH7205KTQTFE7PM,2025-06-30T20:38:57.667905251Z,01JZ18G4ZZG5A688HVVJGKBFVW,2025-06-30T20:38:57.667905251Z,01JZ18K484MAW8WSQHH7HSG9Z4,2025-06-30T20:38:57.667905251Z,01JZ18RFR1W3YDRVBYSTVG4Z41,2025-06-30T20:38:57.667905251Z
01JZ191DA11KC127VKXEWZVHED,01JZ18G4TN4FH7205KTQTFE7PM,2025-06-30T20:39:12.961664814Z,01JZ18G508W9SSEDAT6B79GZND,2025-06-30T20:39:12.961664814Z,01JZ18JN66MX5CA0E4FYBV08Y2,2025-06-30T20:39:12.961664814Z,01JZ18STGY49XDG4HG71EG50TV,2025-06-30T20:39:12.961664814Z
01JZ1DT11AZJ1TXCRYTWPESNJP,01JZ1D0RX94M7HHBAJDNGV8QRS,2025-06-30T22:02:33.898849254Z,01JZ1D0S3N2D9DCG3EHS8AP4R1,2025-06-30T22:02:33.898849254Z,01JZ1DB76758JPZGHYCN646V7S,2025-06-30T22:02:33.898849254Z,01JZ1DJBDTNACWNJN067YDS3Z6,2025-06-30T22:02:33.898849254Z
01JZ1F4E4YXX7EK3P2XJF5XGKY,01JZ1E916HBESJXS5SJ82BFZ21,2025-06-30T22:25:43.582803148Z,01JZ1E923XSJ5V9JGGJQR2CG7M,2025-06-30T22:25:43.582803148Z,01JZ1EF4VM7JABTTZNP94E67E7,2025-06-30T22:25:43.582803148Z,01JZ1F28RAA806YV34ZE1BEZ0A,2025-06-30T22:25:43.582803148Z
01JZ17S92PDD2DTEZMGMVX2YYT,01JZ170DPRHYGRH6M74WMGZ8J5,2025-06-30T20:17:17.910400614Z,01JZ170DS32PJY8CQRMADJXFRG,2025-06-30T20:17:17.910400614Z,01JZ175Y8VG4DR6PWWKYJ4RHG5,2025-06-30T20:17:17.910400614Z,01JZ17HJY4CGFR7PYHRBPAT4T8,2025-06-30T20:17:17.910400614Z
01JZ191HZ4JJDQRP6RTX5BAF34,01JZ18G4TN4FH7205KTQTFE7PM,2025-06-30T20:39:17.732661166Z,01JZ18G4Z7SR18DC8PDBR22HS5,2025-06-30T20:39:17.732661166Z,01JZ18JM84GZ5542ST7BEW0RHN,2025-06-30T20:39:17.732661166Z,01JZ18S8XBR7NPBNNX8H3R06YJ,2025-06-30T20:39:17.732661166Z
01JZ1CDT0X60J1VJDYBQ19PGDN,01JZ1BX7WQMA45G0E33EEHJ3V9,2025-06-30T21:38:24.92598885Z,01JZ1BX80QRTKGB6MH6HMRDXS1,2025-06-30T21:38:24.92598885Z,01JZ1BYVYWJTY34XWWWGSZYC2W,2025-06-30T21:38:24.92598885Z,01JZ1C692QHS5DV9PSD243R1PS,2025-06-30T21:38:24.92598885Z
01JZ1CPAD3Y1KZY9H1C2E4DK0F,01JZ1C4XJFQQ45ZHGATAXVBX0J,2025-06-30T21:43:03.843514093Z,01JZ1C4XNE4VHGMR9JDZS6Y7F9,2025-06-30T21:43:03.843514093Z,01JZ1CF8R7DWBKG9F2768N54QZ,2025-06-30T21:43:03.843514093Z,01JZ1CM9MH9FR8B6ZK0QM2XBF8,2025-06-30T21:43:03.843514093Z
01JZ1DMGGH55567C1R2GXQT484,01JZ1D0RX94M7HHBAJDNGV8QRS,2025-06-30T21:59:33.137895494Z,01JZ1D0S14X3T6948SDJVF454K,2025-06-30T21:59:33.137895494Z,01JZ1D4SCYXBMNQ70R3B47BMPE,2025-06-30T21:59:33.137895494Z,01JZ1DCMQRKF9BTHQ47K9AA4DG,2025-06-30T21:59:33.137895494Z
01JZ1DQPZW2915S9K867786MKQ,01JZ1D0RX94M7HHBAJDNGV8QRS,2025-06-30T22:01:18.076314542Z,01JZ1D0S064NT759Q480WCA8PK,2025-06-30T22:01:18.076314542Z,01JZ1DB67XDQM93GQRR65SS1X0,2025-06-30T22:01:18.076314542Z,01JZ1DFXV9T1EVC6HZV4AB9RYD,2025-06-30T22:01:18.076314542Z
01JZ1909VTZNXQX15B1FF295Q2,01JZ18QHX9XGN83K6T42FK97D5,2025-06-30T20:38:36.666895698Z,01JZ18QHYY9H3H8G0D5BR000CA,2025-06-30T20:38:36.666895698Z,01JZ18YPQMX7TQXCKGYZNA73VF,2025-06-30T20:38:36.666895698Z,01JZ1903AFQ46DQQCHMAXT5VXE,2025-06-30T20:38:36.666895698Z
01JZ1ATV2YMH8DDVPZZ1PKN5H5,01JZ19VEXCKVX740B60X4W6PQN,2025-06-30T21:10:34.846325955Z,01JZ19VF3FCDRKA7RA8CE3SQDH,2025-06-30T21:10:34.846325955Z,01JZ19X25DC6PHAYZ41F2N9R8N,2025-06-30T21:10:34.846325955Z,01JZ1AK0FG87FE5VK2WQYRA4AC,2025-06-30T21:10:34.846325955Z
01JZ1EWZ84SPFQ9FKKHHTNKY1R,01JZ1E916HBESJXS5SJ82BFZ21,2025-06-30T22:21:38.948499246Z,01JZ1E91MDHZVF6NVBEDDVGZWT,2025-06-30T22:21:38.948499246Z,01JZ1EDVQZ0X09D6ACA1N9J2V2,2025-06-30T22:21:38.948499246Z,01JZ1EWVJYDP3B4WNCZ8BTA5T5,2025-06-30T22:21:38.948499246Z
01JZ1GYSRW1VFJ6N0MNZHP8F2C,01JZ1G29Q82GQAKEXSK2E7NK3R,2025-06-30T22:57:36.028899373Z,01JZ1G2AATTMJJ07WA2JZ9MF1K,2025-06-30T22:57:36.028899373Z,01JZ1GPSZ98FX0GSJ1PJWWQANW,2025-06-30T22:57:36.028899373Z,01JZ1GWNC8K4Z8FGCARK2K5BBW,2025-06-30T22:57:36.028899373Z
01JZ17R6VHY6ZR28FBMHB21B40,01JZ170DPRHYGRH6M74WMGZ8J5,2025-06-30T20:16:42.865730436Z,01JZ170DRSFZ9Y16965WN1Z2F9,2025-06-30T20:16:42.865730436Z,01JZ17ACVQQE42SB51P5M3A1GH,2025-06-30T20:16:42.865730436Z,01JZ17G70SJ14STM6REY4G3XP7,2025-06-30T20:16:42.865730436Z
01JZ1AK38AM2CRHXM4NZ5Z7GEN,01JZ19VEXCKVX740B60X4W6PQN,2025-06-30T21:06:21.066357377Z,01JZ19VF3FCDRKA7RA8CE3SQDH,2025-06-30T21:06:21.066357377Z,01JZ19WY3ATKAJQ5V1K5TAB38J,2025-06-30T21:06:21.066357377Z,01JZ1AK0DBQXGCYJCG3YA80XRE,2025-06-30T21:06:21.066357377Z
01JZ1BJ50E0QT4CWKYDZFBDDBA,01JZ1B1VZ9TM9N3252XVVAH9DZ,2025-06-30T21:23:18.670531412Z,01JZ1B1W6S117BH8HCA7NH9R7E,2025-06-30T21:23:18.670531412Z,01JZ1B51FGYNJ0T68GXM1MEH1R,2025-06-30T21:23:18.670531412Z,01JZ1BAHDKSRY9Y8MMEK86CJS4,2025-06-30T21:23:18.670531412Z
01JZ17RE3EMDSR8AT38NW8Y59D,01JZ170DPRHYGRH6M74WMGZ8J5,2025-06-30T20:16:50.286216579Z,01JZ170DRXVGFVP20P8DK3M491,2025-06-30T20:16:50.286216579Z,01JZ17E3Q68P56EVHYKCV88P7R,2025-06-30T20:16:50.286216579Z,01JZ17H2JN1M16ZRE7JGQBPN5M,2025-06-30T20:16:50.286216579Z
01JZ17VGTXMRXJRG3JYHAGK45X,01JZ170DPRHYGRH6M74WMGZ8J5,2025-06-30T20:18:31.389785197Z,01JZ170DSWJ6311N72HPSQWG9K,2025-06-30T20:18:31.389785197Z,01JZ17BEMM8D7MEKMFQ0MBS3DE,2025-06-30T20:18:31.389785197Z,01JZ17KG5FZCMZS2YJVCAZ741Y,2025-06-30T20:18:31.389785197Z
01JZ18VRZ5EP4YAXJNQ9ZB94JP,01JZ18G4TN4FH7205KTQTFE7PM,2025-06-30T20:36:08.293791663Z,01JZ18G508W9SSEDAT6B79GZND,2025-06-30T20:36:08.293791663Z,01JZ18J46H2273JNNKGGW4JXM3,2025-06-30T20:36:08.293791663Z,01JZ18STHY2VTQFD4CXMK2KF14,2025-06-30T20:36:08.293791663Z
01JZ1BJSWEB134B4393GW7XZHK,01JZ1B1VZ9TM9N3252XVVAH9DZ,2025-06-30T21:23:40.046157037Z,01JZ1B1W5AJ9N87HJBZ99HRQPJ,2025-06-30T21:23:40.046157037Z,01JZ1B33W2SNBC1YKZXCY0285E,2025-06-30T21:23:40.046157037Z,01JZ1BB7J8Y8W753ARSJ77X4CV,2025-06-30T21:23:40.046157037Z
01JZ1DJ1MX2X7AC6BRF324J6TH,01JZ1D0RX94M7HHBAJDNGV8QRS,2025-06-30T21:58:12.381443608Z,01JZ1D0S4EMT97ECKQ06X1ZWAX,2025-06-30T21:58:12.381443608Z,01JZ1DCFS2MSEF81EKXGM05M99,2025-06-30T21:58:12.381443608Z,01JZ1DHWDN7VHR47P0R43JVCJW,2025-06-30T21:58:12.381443608Z
01JZ1F7AAZ45MY6K61CNC1R70C,01JZ1E916HBESJXS5SJ82BFZ21,2025-06-30T22:27:17.983670905Z,01JZ1E91ENR7DC2PFTK7ZY5PTJ,2025-06-30T22:27:17.983670905Z,01JZ1F6AT65D7Q2J3RRFNE8GQF,2025-06-30T22:27:17.983670905Z,01JZ1F70HHE21FXBJ549WERQ2G,2025-06-30T22:27:17.983670905Z
01JZ1GQP5PG2RQBR9F6DNKQNV5,01JZ1G29Q82GQAKEXSK2E7NK3R,2025-06-30T22:53:42.966464286Z,01JZ1G2A24PAZYJHH2EQFGJG7N,2025-06-30T22:53:42.966464286Z,01JZ1GC4MM47P5V75X6NCDXBTN,2025-06-30T22:53:42.966464286Z,01JZ1GG455T50A4SRMTESNHV0P,2025-06-30T22:53:42.966464286Z
01JZ17T8G6ZB77RP7SNMKXWVH4,01JZ170DPRHYGRH6M74WMGZ8J5,2025-06-30T20:17:50.086950036Z,01JZ170DSTXK5Z1DV671606E6A,2025-06-30T20:17:50.086950036Z,01JZ17BSA5GQ3JXNB68EA97BX0,2025-06-30T20:17:50.086950036Z,01JZ17J85SANMZWN2QB7PBGCW6,2025-06-30T20:17:50.086950036Z
01JZ17TWAH6E7E3RHCX5J5GZ3J,01JZ170DPRHYGRH6M74WMGZ8J5,2025-06-30T20:18:10.385314439Z,01JZ170DSWJ6311N72HPSQWG9K,2025-06-30T20:18:10.385314439Z,01JZ17BEMM8D7MEKMFQ0MBS3DE,2025-06-30T20:18:10.385314439Z,01JZ17KG4GY236VDZCYE8QS8G2,2025-06-30T20:18:10.385314439Z
01JZ1AV5SVGBPFVNA2HPVBTDWV,01JZ19VEXCKVX740B60X4W6PQN,2025-06-30T21:10:45.819983786Z,01JZ19VF3FCDRKA7RA8CE3SQDH,2025-06-30T21:10:45.819983786Z,01JZ19X25DC6PHAYZ41F2N9R8N,2025-06-30T21:10:45.819983786Z,01JZ1AK0ET9HBHSSG0V60ZD9G1,2025-06-30T21:10:45.819983786Z
01JZ17WNEVM4HWH4FF5TZS5MRM,01JZ170DPRHYGRH6M74WMGZ8J5,2025-06-30T20:19:08.891217766Z,01JZ170DSMJZPS89ZBMFZ7ATK7,2025-06-30T20:19:08.891217766Z,01JZ17ECC07JKYK10HK5BT3SZQ,2025-06-30T20:19:08.891217766Z,01JZ17MYEV0AG6XJGH9VVJQXPH,2025-06-30T20:19:08.891217766Z
01JZ17M7TG0WJ2ACD95A9M6489,01JZ170DPRHYGRH6M74WMGZ8J5,2025-06-30T20:14:32.784996599Z,01JZ170DSBT7R80F1BC6BFNZAP,2025-06-30T20:14:32.784996599Z,01JZ17EXP8SEZEBZPSE6GPG8ZM,2025-06-30T20:14:32.784996599Z,01JZ17JC3646JKWR0PPXMYYSSE,2025-06-30T20:14:32.784996599Z
01JZ18SYHATDP0F3N38Z3E40FQ,01JZ18G4TN4FH7205KTQTFE7PM,2025-06-30T20:35:08.45816831Z,01JZ18G4XDWA3A08Y0HZ5HSAAF,2025-06-30T20:35:08.45816831Z,01JZ18K35P2QZ1SSJHQYJ2X8Z7,2025-06-30T20:35:08.45816831Z,01JZ18R0Z5Z926ZA90YM7MYTK3,2025-06-30T20:35:08.45816831Z
01JZ18XZGMS63C2T9JKXHMHSXG,01JZ18G4TN4FH7205KTQTFE7PM,2025-06-30T20:37:20.532319031Z,01JZ18G4ZDA13FR053ZT1R1FPF,2025-06-30T20:37:20.532319031Z,01JZ18HQSJCYE6M3YFJES1PERS,2025-06-30T20:37:20.532319031Z,01JZ18NR75F2HVZFYQR471939T,2025-06-30T20:37:20.532319031Z
01JZ1A4Z2NJDBA090TKD1J62B8,01JZ19VEXCKVX740B60X4W6PQN,2025-06-30T20:58:38.037471988Z,01JZ19VF1X4TGM9HTAVFF08YB3,2025-06-30T20:58:38.037471988Z,01JZ19YKGANWM091HXPRFZY75R,2025-06-30T20:58:38.037471988Z,01JZ1A31STNBCB1FNASKSH9RM4,2025-06-30T20:58:38.037471988Z
01JZ1AMQARA1M55JFJ68ZNZWH5,01JZ19VEXCKVX740B60X4W6PQN,2025-06-30T21:07:14.392992466Z,01JZ19VF6XEW5FG377QGXCTRD1,2025-06-30T21:07:14.392992466Z,01JZ1A8X5PJAXZBFXHM3C9X96V,2025-06-30T21:07:14.392992466Z,01JZ1ACG610M6TRWXFFV3KK332,2025-06-30T21:07:14.392992466Z
01JZ1FAC3NYXPC61EX4VD7XWY7,01JZ1E916HBESJXS5SJ82BFZ21,2025-06-30T22:28:58.101856382Z,01JZ1E923XSJ5V9JGGJQR2CG7M,2025-06-30T22:28:58.101856382Z,01JZ1EMYVSBFSNMNYSTV9SNRK6,2025-06-30T22:28:58.101856382Z,01JZ1F28W7H4V05K01XJ3W0HSB,2025-06-30T22:28:58.101856382Z
01JZ17QNVTBK4PHSE9T3XGXYVQ,01JZ170DPRHYGRH6M74WMGZ8J5,2025-06-30T20:16:25.466649164Z,01JZ170DS0283SZNEN95XAWWS4,2025-06-30T20:16:25.466649164Z,01JZ17BCV91FG1WVF832RTXB76,2025-06-30T20:16:25.466649164Z,01JZ17NT7VKFDEH0WZ6ZY88ZPG,2025-06-30T20:16:25.466649164Z
01JZ18QXY14981BB8PBX3FV7WV,01JZ18G4TN4FH7205KTQTFE7PM,2025-06-30T20:34:02.305251667Z,01JZ18G4YK3PSP6R2PNWBA4P8S,2025-06-30T20:34:02.305251667Z,01JZ18MVEFXZGBQPET8FQ2326K,2025-06-30T20:34:02.305251667Z,01JZ18QWBRR3KN0B62DES46FPE,2025-06-30T20:34:02.305251667Z
01JZ18ZR9F4AKAHX2ZX4QZZWM5,01JZ18G4TN4FH7205KTQTFE7PM,2025-06-30T20:38:18.67124926Z,01JZ18G4YK3PSP6R2PNWBA4P8S,2025-06-30T20:38:18.67124926Z,01JZ18JNT2QKJHBG0YSDA5VWH8,2025-06-30T20:38:18.67124926Z,01JZ18QWAK96HX887YH26X2DYC,2025-06-30T20:38:18.67124926Z
01JZ1DTCB6M6A16D63S3XJ6TD2,01JZ1D0RX94M7HHBAJDNGV8QRS,2025-06-30T22:02:45.478940057Z,01JZ1D0S3N2D9DCG3EHS8AP4R1,2025-06-30T22:02:45.478940057Z,01JZ1DEB7GHZ5ZQY0VZXEDKFR1,2025-06-30T22:02:45.478940057Z,01JZ1DJBGG0DEBHS0YMCP0X5R4,2025-06-30T22:02:45.478940057Z
01JZ17VWXV50138S0NF3CDWNXW,01JZ170DPRHYGRH6M74WMGZ8J5,2025-06-30T20:18:43.771728492Z,01JZ170DRWH3Q5VEKFYTCWXCB9,2025-06-30T20:18:43.771728492Z,01JZ17HZPCKK6WHFW0W029CFVG,2025-06-30T20:18:43.771728492Z,01JZ17M63THTS8VR02B734BA3Z,2025-06-30T20:18:43.771728492Z
01JZ192KYJAFN2PW3PASNNK524,01JZ18QHX9XGN83K6T42FK97D5,2025-06-30T20:39:52.530868148Z,01JZ18QHZ9KPT0XZ66BZ9ZB89K,2025-06-30T20:39:52.530868148Z,01JZ18VHSP5WBV88CARNF83RF7,2025-06-30T20:39:52.530868148Z,01JZ190NH1278RPC2MCD2QJWTN,2025-06-30T20:39:52.530868148Z
01JZ17QGV6KG2DJ1ZYAZT8RDM3,01JZ170DPRHYGRH6M74WMGZ8J5,2025-06-30T20:16:20.326690078Z,01JZ170DRRRWN613C5WJQ8B5Q6,2025-06-30T20:16:20.326690078Z,01JZ178SZSEG7MZD5W906ME19S,2025-06-30T20:16:20.326690078Z,01JZ17G52QXC0MC4VA0YJ9E9HN,2025-06-30T20:16:20.326690078Z
01JZ17YDE9TPG60A8ZFH0JJVTJ,01JZ170DPRHYGRH6M74WMGZ8J5,2025-06-30T20:20:06.217418047Z,01JZ170DRV33K8D9D9ZMQKAW2D,2025-06-30T20:20:06.217418047Z,01JZ17DQR0WXBVGZE5VFC3T0EF,2025-06-30T20:20:06.217418047Z,01JZ17PPHXYGVWTQWQ3EC28RK2,2025-06-30T20:20:06.217418047Z
01JZ1DSYS5FNGZE917TA2DXREB,01JZ1D0RX94M7HHBAJDNGV8QRS,2025-06-30T22:02:31.589077133Z,01JZ1D0S61XK8FZCNQBM2ZAEE6,2025-06-30T22:02:31.589077133Z,01JZ1DFSBSFTDKE17JSS0VZPAS,2025-06-30T22:02:31.589077133Z,01JZ1DHGBSZZHKEP5QJKJSKXHE,2025-06-30T22:02:31.589077133Z
01JZ17KRAC122FNC9GHZ1EG4D8,01JZ170DPRHYGRH6M74WMGZ8J5,2025-06-30T20:14:16.909025293Z,01JZ170DS434CCJM920VN081CV,2025-06-30T20:14:16.909025293Z,01JZ17BPKZNHJ9DBN3R83MMZW2,2025-06-30T20:14:16.909025293Z,01JZ17HX0ZXKJ4A0TXNHXA38XE,2025-06-30T20:14:16.909025293Z
01JZ17WNV5G3HRFGJ7A03G3FG0,01JZ170DPRHYGRH6M74WMGZ8J5,2025-06-30T20:19:09.285491809Z,01JZ170DS9MMA8EZAVKYS5SMHX,2025-06-30T20:19:09.285491809Z,01JZ177D1EC4DDHNWKT4R7S3XA,2025-06-30T20:19:09.285491809Z,01JZ17TR7E1D7CES1YNCABFX51,2025-06-30T20:19:09.285491809Z
01JZ18QDZHZ80YDEFGN65TKAPQ,01JZ18G4TN4FH7205KTQTFE7PM,2025-06-30T20:33:45.96939287Z,01JZ18G4YTQTSXFW2X0Y80VGVG,2025-06-30T20:33:45.96939287Z,01JZ18J569YAEG0XPKSGQBZNYX,2025-06-30T20:33:45.96939287Z,01JZ18QCHCWKPJPF2G32EQXDDJ,2025-06-30T20:33:45.96939287Z
01JZ18XMKXF3A4BAHT3Y2HF6N2,01JZ18G4TN4FH7205KTQTFE7PM,2025-06-30T20:37:09.373347049Z,01JZ18G4ZDA13FR053ZT1R1FPF,2025-06-30T20:37:09.373347049Z,01JZ18JPT9JN6KKGXMDR9K6K49,2025-06-30T20:37:09.373347049Z,01JZ18NR6VSFFH5QJK4DQ1TXDM,2025-06-30T20:37:09.373347049Z
01JZ1F0SXQXSQ3H3HHZXWZJNT4,01JZ1E916HBESJXS5SJ82BFZ21,2025-06-30T22:23:44.567666629Z,01JZ1E91HHYKGR583PHV4V6JXR,2025-06-30T22:23:44.567666629Z,01JZ1EFK9EEAEM2ASPQWEXC3TB,2025-06-30T22:23:44.567666629Z,01JZ1ERVDG8HDQTKMM7P0ZWCMB,2025-06-30T22:23:44.567666629Z
01JZ1GRD4JA2H6A48BXGCGAX32,01JZ1G29Q82GQAKEXSK2E7NK3R,2025-06-30T22:54:06.482780567Z,01JZ1G2A24PAZYJHH2EQFGJG7N,2025-06-30T22:54:06.482780567Z,01JZ1G7JX1NV5X3X0139HRSB32,2025-06-30T22:54:06.482780567Z,01JZ1GG48RDT7Y0TW0BJEC2687,2025-06-30T22:54:06.482780567Z
01JZ17M7V7F3R1N1T7J43XPQAA,01JZ170DPRHYGRH6M74WMGZ8J5,2025-06-30T20:14:32.80785638Z,01JZ170DSBT7R80F1BC6BFNZAP,2025-06-30T20:14:32.80785638Z,01JZ17A0VX21AM44XR65ZCDBQZ,2025-06-30T20:14:32.80785638Z,01JZ17JC3646JKWR0PPXMYYSSE,2025-06-30T20:14:32.80785638Z
01JZ17S1Q3Q31WZ8XBA5C4Q8MX,01JZ170DPRHYGRH6M74WMGZ8J5,2025-06-30T20:17:10.371872674Z,01JZ170DS8YWG03GZVY59N3JD0,2025-06-30T20:17:10.371872674Z,01JZ17B25HMB9SR7CZAG7VDDNC,2025-06-30T20:17:10.371872674Z,01JZ17HNMJKGSE7QCGZDT7R79G,2025-06-30T20:17:10.371872674Z
01JZ17YQM7RXNWPT3FJPF9VF99,01JZ170DPRHYGRH6M74WMGZ8J5,2025-06-30T20:20:16.647645649Z,01JZ170DRV33K8D9D9ZMQKAW2D,2025-06-30T20:20:16.647645649Z,01JZ17DQR0WXBVGZE5VFC3T0EF,2025-06-30T20:20:16.647645649Z,01JZ17PPHN9RJYD8FZ3BDFYGXP,2025-06-30T20:20:16.647645649Z
01JZ182V250WGG13DV2JJT2N7E,01JZ170DPRHYGRH6M74WMGZ8J5,2025-06-30T20:22:31.237807855Z,01JZ170DS9MMA8EZAVKYS5SMHX,2025-06-30T20:22:31.237807855Z,01JZ17S6ZC1ZB5QAG0E0350NSD,2025-06-30T20:22:31.237807855Z,01JZ17TR5GZK4V8170DT4PDB53,2025-06-30T20:22:31.237807855Z
01JZ1DHHDSPWJ2W1AZSSJT9JFK,01JZ1D0RX94M7HHBAJDNGV8QRS,2025-06-30T21:57:55.769560524Z,01JZ1D0S58CJJ0G6BA8AW8ZVCS,2025-06-30T21:57:55.769560524Z,01JZ1D2JACBKKH4S9P6DT2Z2QZ,2025-06-30T21:57:55.769560524Z,01JZ1D976ADRX00GH05XJ7VG1Y,2025-06-30T21:57:55.769560524Z
01JZ1EYTSVPB2P0MV3RQ9D88A2,01JZ1E916HBESJXS5SJ82BFZ21,2025-06-30T22:22:39.931150025Z,01JZ1E91MDHZVF6NVBEDDVGZWT,2025-06-30T22:22:39.931150025Z,01JZ1EK6MNQT8KSAR9HC017X0H,2025-06-30T22:22:39.931150025Z,01JZ1EWVQ3C0P2AKJ3GFKFG7H9,2025-06-30T22:22:39.931150025Z
01JZ1GMAYE7BEA97VNB03NR9VR,01JZ1G29Q82GQAKEXSK2E7NK3R,2025-06-30T22:51:53.166680868Z,01JZ1G29XRNS92G9JYEX4H033M,2025-06-30T22:51:53.166680868Z,01JZ1GGT9KDQPYVBYTSYY1MHFW,2025-06-30T22:51:53.166680868Z,01JZ1GM65E8G659ECGG1A0CNNK,2025-06-30T22:51:53.166680868Z
01JZ17MFFH1N3BTRJQ8WVCY0JF,01JZ170DPRHYGRH6M74WMGZ8J5,2025-06-30T20:14:40.625600325Z,01JZ170DS434CCJM920K0JDY80,2025-06-30T20:14:40.625600325Z,01JZ17BXPZGQSXJ1A4PH60Q6WQ,2025-06-30T20:14:40.625600325Z,01JZ17MES4H49TCFWXHCBDV2WP,2025-06-30T20:14:40.625600325Z
01JZ180V81R3GK9VXFS8SMJWMX,01JZ170DPRHYGRH6M74WMGZ8J5,2025-06-30T20:21:25.889665649Z,01JZ170DSP5HFMBRZWFQV8RFVC,2025-06-30T20:21:25.889665649Z,01JZ17GRXVCB86SQX36KBD73NW,2025-06-30T20:21:25.889665649Z,01JZ17RSJJTRQ3PSBCBXKXE637,2025-06-30T20:21:25.889665649Z
01JZ190R7EFGQW1BRNX31SZMM8,01JZ18QHX9XGN83K6T42FK97D5,2025-06-30T20:38:51.37412474Z,01JZ18QHZ9KPT0XZ66BZ9ZB89K,2025-06-30T20:38:51.37412474Z,01JZ18SXQ0AFP5SFG2600FW7ER,2025-06-30T20:38:51.37412474Z,01JZ190NGFZQKP3C3J9CSTAF6G,2025-06-30T20:38:51.37412474Z
01JZ17WFJ43QZ4GKYY37JDF31N,01JZ170DPRHYGRH6M74WMGZ8J5,2025-06-30T20:19:02.852704403Z,01JZ170DS434CCJM920K0JDY80,2025-06-30T20:19:02.852704403Z,01JZ17BXPZGQSXJ1A4PH60Q6WQ,2025-06-30T20:19:02.852704403Z,01JZ17MET0GT1VR1Z1AASBPY29,2025-06-30T20:19:02.852704403Z
01JZ1BY4DDFC0R3HKVKNMMXCG8,01JZ1B1VZ9TM9N3252XVVAH9DZ,2025-06-30T21:29:51.277416166Z,01JZ1B1W4RP0VXDDKCJTNKM3AX,2025-06-30T21:29:51.277416166Z,01JZ1BJRR128B2311DSMJCH15V,2025-06-30T21:29:51.277416166Z,01JZ1BNYAYY2K6CJZRYSXBEGH5,2025-06-30T21:29:51.277416166Z
01JZ1CA2WF03Z9Z98WQS19GJM4,01JZ1BX7WQMA45G0E33EEHJ3V9,2025-06-30T21:36:22.92766954Z,01JZ1BX849RGFMRNF1WR9VXVPD,2025-06-30T21:36:22.92766954Z,01JZ1C4P0YN4P4R63ZN9FPE2D4,2025-06-30T21:36:22.92766954Z,01JZ1C84QRBSNC4RE2W7FPW8JB,2025-06-30T21:36:22.92766954Z
01JZ18YG4QK78WQB19CRPWWG65,01JZ18G4TN4FH7205KTQTFE7PM,2025-06-30T20:37:37.560006049Z,01JZ18G4Y1ABZPJ815NAWEN19T,2025-06-30T20:37:37.560006049Z,01JZ18JTT4THQJ9FYDDES7JX1C,2025-06-30T20:37:37.560006049Z,01JZ18PMFKK6H14YD886P3HZXA,2025-06-30T20:37:37.560006049Z
01JZ17M3FKHRKCSG4VA2TVVPBW,01JZ170DPRHYGRH6M74WMGZ8J5,2025-06-30T20:14:28.339401299Z,01JZ170DSTXK5Z1DV671606E6A,2025-06-30T20:14:28.339401299Z,01JZ17995N07DABBEZWSHQJ20N,2025-06-30T20:14:28.339401299Z,01JZ17J85FH6ZCHDJEZZH3F672,2025-06-30T20:14:28.339401299Z
01JZ17VNF0K3RH41EQB2KSY9NF,01JZ170DPRHYGRH6M74WMGZ8J5,2025-06-30T20:18:36.128726606Z,01JZ170DSR5F2SARFX61BD5BFD,2025-06-30T20:18:36.128726606Z,01JZ17DTG6GCYHCZ1XV1B4YQSG,2025-06-30T20:18:36.128726606Z,01JZ17M8TTAADH96H16B5Q2KVN,2025-06-30T20:18:36.128726606Z
01JZ17Z18D4F7EX2YG59DA7EK5,01JZ170DPRHYGRH6M74WMGZ8J5,2025-06-30T20:20:26.509752638Z,01JZ170DS5DJKXJ3Z7YVJKJJXK,2025-06-30T20:20:26.509752638Z,01JZ17DQRYSG711N7R05SC14HP,2025-06-30T20:20:26.509752638Z,01JZ17QA4RZBJN8FPG3Q7FD7PZ,2025-06-30T20:20:26.509752638Z
01JZ18ZD65XQQFGV27HAYQNS90,01JZ18G4TN4FH7205KTQTFE7PM,2025-06-30T20:38:07.301464329Z,01JZ18G4YK3PSP6R2PNWBA4P8S,2025-06-30T20:38:07.301464329Z,01JZ18JABGMJD5Y1TTH0BJFJ2C,2025-06-30T20:38:07.301464329Z,01JZ18QWAXDS741W4C9GD54TCD,2025-06-30T20:38:07.301464329Z
01JZ1AMQ8E5T7KRCH15S6PD3SE,01JZ19VEXCKVX740B60X4W6PQN,2025-06-30T21:07:14.318534015Z,01JZ19VF6XEW5FG377QGXCTRD1,2025-06-30T21:07:14.318534015Z,01JZ19XENNWSXAPJJVN05DNY45,2025-06-30T21:07:14.318534015Z,01JZ1ACG610M6TRWXFFV3KK332,2025-06-30T21:07:14.318534015Z
01JZ1BBA9THSKRYDW1JB4M50SG,01JZ1B1VZ9TM9N3252XVVAH9DZ,2025-06-30T21:19:34.714131798Z,01JZ1B1W5AJ9N87HJBZ99HRQPJ,2025-06-30T21:19:34.714131798Z,01JZ1BAG1QXXZT2G75G9P8N6Y2,2025-06-30T21:19:34.714131798Z,01JZ1BB7E1TXBMBFXFHSFEWTHS,2025-06-30T21:19:34.714131798Z
01JZ1C81FPFYEG67A1B8JQ275C,01JZ1BX7WQMA45G0E33EEHJ3V9,2025-06-30T21:35:15.958067112Z,01JZ1BX81RJBYPGNM468STZ9YH,2025-06-30T21:35:15.958067112Z,01JZ1C1P9WXAKXCBQ2MNEBPRTC,2025-06-30T21:35:15.958067112Z,01JZ1C7YGHR2442RHDR5SXSPGQ,2025-06-30T21:35:15.958067112Z
01JZ1DEY84GC1XFGXZ2MK8BQDD,01JZ1D0RX94M7HHBAJDNGV8QRS,2025-06-30T21:56:30.596114897Z,01JZ1D0S2S8SEBXETFQJSTGM5V,2025-06-30T21:56:30.596114897Z,01JZ1D5N9EKRCKNEX5N0FCN65V,2025-06-30T21:56:30.596114897Z,01JZ1D77X61KT9EGNXBSZ97RFX,2025-06-30T21:56:30.596114897Z
01JZ17WFJCTJYB0TTRAVWDDX1Q,01JZ170DPRHYGRH6M74WMGZ8J5,2025-06-30T20:19:02.861025217Z,01JZ170DS434CCJM920K0JDY80,2025-06-30T20:19:02.861025217Z,01JZ17AA6B6W27BR52VPQ8MSYM,2025-06-30T20:19:02.861025217Z,01JZ17MET0GT1VR1Z1AASBPY29,2025-06-30T20:19:02.861025217Z
01JZ190YB3M2MHD90WAPMDKRKV,01JZ18G4TN4FH7205KTQTFE7PM,2025-06-30T20:38:57.6354862Z,01JZ18G4ZZG5A688HVVJGKBFVW,2025-06-30T20:38:57.6354862Z,01JZ18MMDMG5C7AC3NER6KSMTG,2025-06-30T20:38:57.6354862Z,01JZ18RFR1W3YDRVBYSTVG4Z41,2025-06-30T20:38:57.6354862Z
01JZ19FZP330PJ2TPEWX5JD6KW,01JZ18R9CHSHJ2BAJZ4M4PAW2X,2025-06-30T20:47:10.53119801Z,01JZ18RA3DBE17YR6D8FEXRWFY,2025-06-30T20:47:10.53119801Z,01JZ1945JH72C4XK34ZFBSF6HS,2025-06-30T20:47:10.53119801Z,01JZ197W1Q8Y87S3QNNPH4WR2N,2025-06-30T20:47:10.53119801Z
01JZ1A33WJ1BZVGGTGP3Q50NE8,01JZ19VEXCKVX740B60X4W6PQN,2025-06-30T20:57:37.426836188Z,01JZ19VF1X4TGM9HTAVFF08YB3,2025-06-30T20:57:37.426836188Z,01JZ19X9AX1VPBDDCP087HWECT,2025-06-30T20:57:37.426836188Z,01JZ1A31S02SDHSEM91H5D9K0N,2025-06-30T20:57:37.426836188Z
01JZ1BKZV53G947EV79113TTPM,01JZ1B1VZ9TM9N3252XVVAH9DZ,2025-06-30T21:24:18.917595505Z,01JZ1B1W46BH5YH0XYSE8KJRBK,2025-06-30T21:24:18.917595505Z,01JZ1B811D0DJD23YQN2DZYBGD,2025-06-30T21:24:18.917595505Z,01JZ1BJ1ABMADNQ2K1TJQ9ED7W,2025-06-30T21:24:18.917595505Z
01JZ1DEY5NZEF201W5CTXEQB7N,01JZ1D0RX94M7HHBAJDNGV8QRS,2025-06-30T21:56:30.517988Z,01JZ1D0S2S8SEBXETFQJSTGM5V,2025-06-30T21:56:30.517988Z,01JZ1D322QVYNT268ZSCN1M2TD,2025-06-30T21:56:30.517988Z,01JZ1D77X61KT9EGNXBSZ97RFX,2025-06-30T21:56:30.517988Z
01JZ17W79A0Z1ZT6Z8AMA5FH6P,01JZ170DPRHYGRH6M74WMGZ8J5,2025-06-30T20:18:54.378662502Z,01JZ170DRWH3Q5VEKFYTCWXCB9,2025-06-30T20:18:54.378662502Z,01JZ179X6Q4FCZN7X4TNMWRQ73,2025-06-30T20:18:54.378662502Z,01JZ17M62ZA7FM5T6J9Q36KCK0,2025-06-30T20:18:54.378662502Z
01JZ18ZJQT0T7J4AX49X9XXEN9,01JZ18G4TN4FH7205KTQTFE7PM,2025-06-30T20:38:12.986639337Z,01JZ18G4XDWA3A08Y0HZ5HSAAF,2025-06-30T20:38:12.986639337Z,01JZ18K1FP19HQQGWY5MDNJT99,2025-06-30T20:38:12.986639337Z,01JZ18R10XKY5S8X2DP4KAHATX,2025-06-30T20:38:12.986639337Z
01JZ19A64RPV87GKV4Q4GYKBXH,01JZ18R9CHSHJ2BAJZ4M4PAW2X,2025-06-30T20:44:00.536154396Z,01JZ18RA48YSHMY5EWBJ9E61V2,2025-06-30T20:44:00.536154396Z,01JZ18ZEQE5SB9NASAZX93YXN4,2025-06-30T20:44:00.536154396Z,01JZ192CP8ATXS4WPZV83STEM3,2025-06-30T20:44:00.536154396Z
01JZ17M7D76XWWZV6BC9SF8JYT,01JZ170DPRHYGRH6M74WMGZ8J5,2025-06-30T20:14:32.359855308Z,01JZ170DRWH3Q5VEKFYTCWXCB9,2025-06-30T20:14:32.359855308Z,01JZ179X6Q4FCZN7X4TNMWRQ73,2025-06-30T20:14:32.359855308Z,01JZ17M636G6YCD0BAJGQEKJNP,2025-06-30T20:14:32.359855308Z
01JZ17MA241V3XP7BVF22QPRCA,01JZ170DPRHYGRH6M74WMGZ8J5,2025-06-30T20:14:35.076441311Z,01JZ170DSR5F2SARFX61BD5BFD,2025-06-30T20:14:35.076441311Z,01JZ179KCXD57AZVEGR3X2YKFH,2025-06-30T20:14:35.076441311Z,01JZ17M8SKNJW5A4Z1S33P0E3X,2025-06-30T20:14:35.076441311Z
01JZ18QXXJ6VS1ACP4C3CDZYK3,01JZ18G4TN4FH7205KTQTFE7PM,2025-06-30T20:34:02.290823437Z,01JZ18G4YK3PSP6R2PNWBA4P8S,2025-06-30T20:34:02.290823437Z,01JZ18HYEVQSC277Q1HCSHCSWE,2025-06-30T20:34:02.290823437Z,01JZ18QWBRR3KN0B62DES46FPE,2025-06-30T20:34:02.290823437Z
01JZ1AMZ0W62062N5X5VT2GF93,01JZ19VEXCKVX740B60X4W6PQN,2025-06-30T21:07:22.269078443Z,01JZ19VF3FCDRKA7RA8CE3SQDH,2025-06-30T21:07:22.269078443Z,01JZ19ZZZP5WTAHKTYB8XNJEC6,2025-06-30T21:07:22.269078443Z,01JZ1AK0GTG09NRGMQGAZDENCH,2025-06-30T21:07:22.269078443Z
01JZ1CPADY9MKN108NBK3CGBHK,01JZ1C4XJFQQ45ZHGATAXVBX0J,2025-06-30T21:43:03.870627608Z,01JZ1C4XNE4VHGMR9JDZS6Y7F9,2025-06-30T21:43:03.870627608Z,01JZ1CH99SCVGB71HN39473CFW,2025-06-30T21:43:03.870627608Z,01JZ1CM9MH9FR8B6ZK0QM2XBF8,2025-06-30T21:43:03.870627608Z
01JZ17KGR9KRR03FXX0ZWN6W68,01JZ170DPRHYGRH6M74WMGZ8J5,2025-06-30T20:14:09.161974192Z,01JZ170DSWJ6311N72HPSQWG9K,2025-06-30T20:14:09.161974192Z,01JZ17AF66R5T85771E9QQ650E,2025-06-30T20:14:09.161974192Z,01JZ17KG5B6EC4G1KASHS52HR2,2025-06-30T20:14:09.161974192Z
01JZ17W9N8T14Q2HQX20SSE185,01JZ170DPRHYGRH6M74WMGZ8J5,2025-06-30T20:18:56.808501291Z,01JZ170DSR5F2SARFX61BD5BFD,2025-06-30T20:18:56.808501291Z,01JZ17BSGD1ZFE3AGW45TSH40F,2025-06-30T20:18:56.808501291Z,01JZ17M8TBTH3TC0NGPGNB96E6,2025-06-30T20:18:56.808501291Z
01JZ1BKG4MNR57B348KJXXX62Q,01JZ1B1VZ9TM9N3252XVVAH9DZ,2025-06-30T21:24:02.836313864Z,01JZ1B1W5AJ9N87HJBZ99HRQPJ,2025-06-30T21:24:02.836313864Z,01JZ1B5GACPFWN4R0XMT462FAM,2025-06-30T21:24:02.836313864Z,01JZ1BB7GR2K5BKJQ5STFB90RK,2025-06-30T21:24:02.836313864Z
01JZ1DT1412440E3A46R8GWTTN,01JZ1D0RX94M7HHBAJDNGV8QRS,2025-06-30T22:02:33.985882318Z,01JZ1D0S3N2D9DCG3EHS8AP4R1,2025-06-30T22:02:33.985882318Z,01JZ1D7D81NBZRDY8M09FZNXH6,2025-06-30T22:02:33.985882318Z,01JZ1DJBDTNACWNJN067YDS3Z6,2025-06-30T22:02:33.985882318Z
01JZ1DTCCATPMDW3ESY38DN087,01JZ1D0RX94M7HHBAJDNGV8QRS,2025-06-30T22:02:45.5148379Z,01JZ1D0S3N2D9DCG3EHS8AP4R1,2025-06-30T22:02:45.5148379Z,01JZ1DB76758JPZGHYCN646V7S,2025-06-30T22:02:45.5148379Z,01JZ1DJBGG0DEBHS0YMCP0X5R4,2025-06-30T22:02:45.5148379Z
01JZ17XEZN6F61BNHA2NB033M8,01JZ170DPRHYGRH6M74WMGZ8J5,2025-06-30T20:19:35.029979771Z,01JZ170DSXXMDA003X79NFA4N0,2025-06-30T20:19:35.029979771Z,01JZ17G2CQ2WMWNSJEQJ6XDN5X,2025-06-30T20:19:35.029979771Z,01JZ17NRSB5GP7EXVFTFEFCERK,2025-06-30T20:19:35.029979771Z
01JZ18Q35ZXK56RG0XYBESABN5,01JZ18G4TN4FH7205KTQTFE7PM,2025-06-30T20:33:34.911890085Z,01JZ18G4YA2XRQ9RK4RH5WQB1P,2025-06-30T20:33:34.911890085Z,01JZ18M8PYM3H87ZASWMAC2B64,2025-06-30T20:33:34.911890085Z,01JZ18Q1R1B7GYCBMPZ4J0A4A5,2025-06-30T20:33:34.911890085Z
01JZ18SYFMGQZ0BQSVK5FRWMTA,01JZ18G4TN4FH7205KTQTFE7PM,2025-06-30T20:35:08.404146887Z,01JZ18G4XDWA3A08Y0HZ5HSAAF,2025-06-30T20:35:08.404146887Z,01JZ18K1FP19HQQGWY5MDNJT99,2025-06-30T20:35:08.404146887Z,01JZ18R0Z5Z926ZA90YM7MYTK3,2025-06-30T20:35:08.404146887Z
01JZ18Z4QYCVWRN84CFHAYDC7J,01JZ18G4TN4FH7205KTQTFE7PM,2025-06-30T20:37:58.654246977Z,01JZ18G4YA2XRQ9RK4RH5WQB1P,2025-06-30T20:37:58.654246977Z,01JZ18J306MV90AN3KDTPG10SX,2025-06-30T20:37:58.654246977Z,01JZ18Q1SHZX0HATET1MQN9ET3,2025-06-30T20:37:58.654246977Z
01JZ18ZZ2XNPGSY9NCR9J2MY2Y,01JZ18G4TN4FH7205KTQTFE7PM,2025-06-30T20:38:25.629184752Z,01JZ18G4ZZG5A688HVVJGKBFVW,2025-06-30T20:38:25.629184752Z,01JZ18MMDMG5C7AC3NER6KSMTG,2025-06-30T20:38:25.629184752Z,01JZ18RFRDFAMMNBDDR8ZFEFZN,2025-06-30T20:38:25.629184752Z
01JZ1EWZ9FSFRWRRMW3T0YZENS,01JZ1E916HBESJXS5SJ82BFZ21,2025-06-30T22:21:38.991213086Z,01JZ1E91MDHZVF6NVBEDDVGZWT,2025-06-30T22:21:38.991213086Z,01JZ1EV2QBA0A51FSNHWZDJC5Q,2025-06-30T22:21:38.991213086Z,01JZ1EWVJYDP3B4WNCZ8BTA5T5,2025-06-30T22:21:38.991213086Z
01JZ18ZJKTGYGFW2NTA9ZPPZ2N,01JZ18G4TN4FH7205KTQTFE7PM,2025-06-30T20:38:12.858225238Z,01JZ18G4XDWA3A08Y0HZ5HSAAF,2025-06-30T20:38:12.858225238Z,01JZ18JRC4BH8D9FBM20ZHDN29,2025-06-30T20:38:12.858225238Z,01JZ18R10XKY5S8X2DP4KAHATX,2025-06-30T20:38:12.858225238Z
01JZ1DHNNP91FA64ABDQRFV7Q0,01JZ1D0RX94M7HHBAJDNGV8QRS,2025-06-30T21:58:00.118472205Z,01JZ1D0S61XK8FZCNQBM2ZAEE6,2025-06-30T21:58:00.118472205Z,01JZ1DEPX3PNQ2MN8YPK5QHYXE,2025-06-30T21:58:00.118472205Z,01JZ1DHFZ809B1825QNPR8SJSM,2025-06-30T21:58:00.118472205Z
01JZ1H4G31DD5Y5BY6H49ADP41,01JZ1G29Q82GQAKEXSK2E7NK3R,2025-06-30T23:00:42.721317667Z,01JZ1G2A58JMFV91VV93EGJJQY,2025-06-30T23:00:42.721317667Z,01JZ1GHJS4Z0QHDNAN69NMJ02V,2025-06-30T23:00:42.721317667Z,01JZ1GW3K49KQTMSG69GXKE3BB,2025-06-30T23:00:42.721317667Z
01JZ1AAF2DVCNMSTCYKBF5J13Z,01JZ19VEXCKVX740B60X4W6PQN,2025-06-30T21:01:38.253763782Z,01JZ19VF81DTYMGWYB0TAJKDWY,2025-06-30T21:01:38.253763782Z,01JZ19Y0D04KSPZSGRXD2GWN5G,2025-06-30T21:01:38.253763782Z,01JZ1AABJ0BY70FX8865HSNR55,2025-06-30T21:01:38.253763782Z
01JZ1AM15QVEG35996R4DFZD44,01JZ19VEXCKVX740B60X4W6PQN,2025-06-30T21:06:51.703386032Z,01JZ19VF6XEW5FG377QGXCTRD1,2025-06-30T21:06:51.703386032Z,01JZ1A9RXDVME7RYXTWFBGWCFN,2025-06-30T21:06:51.703386032Z,01JZ1ACG7RFGJPNSR51K4JAEZ8,2025-06-30T21:06:51.703386032Z
01JZ1AMYW4VX8EJ6HD52CPDK5T,01JZ19VEXCKVX740B60X4W6PQN,2025-06-30T21:07:22.116612545Z,01JZ19VF3FCDRKA7RA8CE3SQDH,2025-06-30T21:07:22.116612545Z,01JZ19ZRSF0H44Y7P62WF2M80H,2025-06-30T21:07:22.116612545Z,01JZ1AK0GTG09NRGMQGAZDENCH,2025-06-30T21:07:22.116612545Z
01JZ1BXHE60TJZQ28HGWRBF3M5,01JZ1B1VZ9TM9N3252XVVAH9DZ,2025-06-30T21:29:31.846590707Z,01JZ1B1W5TAZ0C76DBH0ZAEY5X,2025-06-30T21:29:31.846590707Z,01JZ1B42FGZXM24HBWN8AZM67K,2025-06-30T21:29:31.846590707Z,01JZ1BNNPVHRHE8S109SGCSVME,2025-06-30T21:29:31.846590707Z
01JZ1FETNBK2Q44ZPQS2D348AS,01JZ1E916HBESJXS5SJ82BFZ21,2025-06-30T22:31:24.075771153Z,01JZ1E91ENR7DC2PFTK7ZY5PTJ,2025-06-30T22:31:24.075771153Z,01JZ1EESNEX1G6N7P06E41EYRK,2025-06-30T22:31:24.075771153Z,01JZ1F70QB8A9FR1KVXQ13Y3JC,2025-06-30T22:31:24.075771153Z
01JZ17WB6YM77GJXDYM6PA9KYW,01JZ170DPRHYGRH6M74WMGZ8J5,2025-06-30T20:18:58.398513306Z,01JZ170DSMJZPS89ZBMFZ7ATK7,2025-06-30T20:18:58.398513306Z,01JZ17ECC07JKYK10HK5BT3SZQ,2025-06-30T20:18:58.398513306Z,01JZ17MYEAFDF08CXGPM4NR36C,2025-06-30T20:18:58.398513306Z
01JZ17SK42MTBHZ42P48TMW1QT,01JZ170DPRHYGRH6M74WMGZ8J5,2025-06-30T20:17:28.194462114Z,01JZ170DS32PJY8CQRMADJXFRG,2025-06-30T20:17:28.194462114Z,01JZ17E843W70EAJQAQ7A43HFS,2025-06-30T20:17:28.194462114Z,01JZ17HJY5Q3PQ3SGQ81QN303W,2025-06-30T20:17:28.194462114Z
01JZ198VJC3Y22ECEQTSS98SSB,01JZ18QHX9XGN83K6T42FK97D5,2025-06-30T20:43:16.940472853Z,01JZ18QHZ9KPT0XZ66BZ9ZB89K,2025-06-30T20:43:16.940472853Z,01JZ18VHSP5WBV88CARNF83RF7,2025-06-30T20:43:16.940472853Z,01JZ190NJ5PP5YCFJ7NGNJ3QPB,2025-06-30T20:43:16.940472853Z
01JZ1AYV5V1MGYNHNANY0YVN5J,01JZ19VEXCKVX740B60X4W6PQN,2025-06-30T21:12:46.011065535Z,01JZ19VF4XXDC5SP97SM18G8VM,2025-06-30T21:12:46.011065535Z,01JZ19Y5W4MYXKSXHHDPCY5M66,2025-06-30T21:12:46.011065535Z,01JZ1AQBHRMVHPE1YZ6WFANPW5,2025-06-30T21:12:46.011065535Z
01JZ1C6CZNFPQYBG0Y1TBBRRB4,01JZ1BX7WQMA45G0E33EEHJ3V9,2025-06-30T21:34:22.197701405Z,01JZ1BX80QRTKGB6MH6HMRDXS1,2025-06-30T21:34:22.197701405Z,01JZ1C4CTKJV3QDB4A0BGTS31H,2025-06-30T21:34:22.197701405Z,01JZ1C68YR27G70BWXQYM38NVA,2025-06-30T21:34:22.197701405Z
01JZ1DG43XVQE4PZP6DE59KV57,01JZ1D0RX94M7HHBAJDNGV8QRS,2025-06-30T21:57:09.373370651Z,01JZ1D0S064NT759Q480WCA8PK,2025-06-30T21:57:09.373370651Z,01JZ1DCDN091GX33H1NPEY9NA8,2025-06-30T21:57:09.373370651Z,01JZ1DFXC24EESH7ZRD8X7590G,2025-06-30T21:57:09.373370651Z
01JZ1DGR4Z2PNQX709H2WT1027,01JZ1D0RX94M7HHBAJDNGV8QRS,2025-06-30T21:57:29.88775067Z,01JZ1D0S58CJJ0G6BA8AW8ZVCS,2025-06-30T21:57:29.88775067Z,01JZ1D2JACBKKH4S9P6DT2Z2QZ,2025-06-30T21:57:29.88775067Z,01JZ1D971RNG9X4SW8NSVY9CFR,2025-06-30T21:57:29.88775067Z
01JZ17WZQZEFW65DYWE1BZ43BZ,01JZ170DPRHYGRH6M74WMGZ8J5,2025-06-30T20:19:19.423762436Z,01JZ170DSMJZPS89ZBMFZ7ATK7,2025-06-30T20:19:19.423762436Z,01JZ17ECC07JKYK10HK5BT3SZQ,2025-06-30T20:19:19.423762436Z,01JZ17MYEHBQM2VDSAQZ2CF179,2025-06-30T20:19:19.423762436Z
01JZ1F5X345YWJZ13BJKBG429B,01JZ1E916HBESJXS5SJ82BFZ21,2025-06-30T22:26:31.65302475Z,01JZ1E91WFH0SPDF0PZ6G1349X,2025-06-30T22:26:31.65302475Z,01JZ1EBNRXWXP0H461Z4YMKNYP,2025-06-30T22:26:31.65302475Z,01JZ1EY0ZKJGN8776MBVTAFR24,2025-06-30T22:26:31.65302475Z
01JZ1FETV3VWAY67KAWNV40MQC,01JZ1E916HBESJXS5SJ82BFZ21,2025-06-30T22:31:24.259201672Z,01JZ1E91ENR7DC2PFTK7ZY5PTJ,2025-06-30T22:31:24.259201672Z,01JZ1EH0Y7EBSVGC3G89BQ213G,2025-06-30T22:31:24.259201672Z,01JZ1F70QB8A9FR1KVXQ13Y3JC,2025-06-30T22:31:24.259201672Z
01JZ1GE5FS5BC5B1GBR4VVSY73,01JZ1G29Q82GQAKEXSK2E7NK3R,2025-06-30T22:48:30.969109005Z,01JZ1G2A3Q53QEYHDQX68WVVKH,2025-06-30T22:48:30.969109005Z,01JZ1G3T5HF7S211AZP2YJBSVP,2025-06-30T22:48:30.969109005Z,01JZ1GE1DYQ4EFPNC3YG4MVVET,2025-06-30T22:48:30.969109005Z
01JZ17J8P3KH1H4EZ89DCZDDTR,01JZ170DPRHYGRH6M74WMGZ8J5,2025-06-30T20:13:28.131884568Z,01JZ170DSTXK5Z1DV671606E6A,2025-06-30T20:13:28.131884568Z,01JZ17BGC64Z781MGW1Y4T7SRJ,2025-06-30T20:13:28.131884568Z,01JZ17J857XXAY88RJQ7RDXDN1,2025-06-30T20:13:28.131884568Z
01JZ18ZKGVQ0M17HYP2M9D14HM,01JZ18G4TN4FH7205KTQTFE7PM,2025-06-30T20:38:13.787512858Z,01JZ18G4YTQTSXFW2X0Y80VGVG,2025-06-30T20:38:13.787512858Z,01JZ18J569YAEG0XPKSGQBZNYX,2025-06-30T20:38:13.787512858Z,01JZ18QCJV80NZ6CWN841W78CA,2025-06-30T20:38:13.787512858Z
01JZ1A8VQJ65DYEJMJYFDVGYZ3,01JZ19VEXCKVX740B60X4W6PQN,2025-06-30T21:00:45.682896917Z,01JZ19VF9WCS5BMDRCPXZK6ZBF,2025-06-30T21:00:45.682896917Z,01JZ19XKK2V5414G0ST34MPS62,2025-06-30T21:00:45.682896917Z,01JZ1A8RR2GDW6GS56QAP6TW67,2025-06-30T21:00:45.682896917Z
01JZ1AAF52Z3HTZ8H329TVWKTV,01JZ19VEXCKVX740B60X4W6PQN,2025-06-30T21:01:38.338646777Z,01JZ19VF81DTYMGWYB0TAJKDWY,2025-06-30T21:01:38.338646777Z,01JZ1A1K79TTT3Z2JTQ13NPY5P,2025-06-30T21:01:38.338646777Z,01JZ1AABJ0BY70FX8865HSNR55,2025-06-30T21:01:38.338646777Z
01JZ17V6DDZX5HHSP6YK5T54ZB,01JZ170DPRHYGRH6M74WMGZ8J5,2025-06-30T20:18:20.717460145Z,01JZ170DSWJ6311N72HPSQWG9K,2025-06-30T20:18:20.717460145Z,01JZ17D915S4GRY1FXGXK8RTTY,2025-06-30T20:18:20.717460145Z,01JZ17KG4Z9CHYTG6HQWPNQJ5E,2025-06-30T20:18:20.717460145Z
01JZ1BNS9VWBAREQNMGDSJK2CJ,01JZ1B1VZ9TM9N3252XVVAH9DZ,2025-06-30T21:25:17.7555848Z,01JZ1B1W5TAZ0C76DBH0ZAEY5X,2025-06-30T21:25:17.7555848Z,01JZ1BNKT1EA6BGVVN8436Q4BP,2025-06-30T21:25:17.7555848Z,01JZ1BNNDP6X2S9Y1STMRSC69M,2025-06-30T21:25:17.7555848Z
01JZ1DG42X2V4N3HGF18BNRJP0,01JZ1D0RX94M7HHBAJDNGV8QRS,2025-06-30T21:57:09.341229661Z,01JZ1D0S064NT759Q480WCA8PK,2025-06-30T21:57:09.341229661Z,01JZ1DB67XDQM93GQRR65SS1X0,2025-06-30T21:57:09.341229661Z,01JZ1DFXC24EESH7ZRD8X7590G,2025-06-30T21:57:09.341229661Z
01JZ1FCGXS9BD06HC4M1J9VA96,01JZ1E916HBESJXS5SJ82BFZ21,2025-06-30T22:30:08.569671791Z,01JZ1E91SWVSXS6FK33QCMH9SP,2025-06-30T22:30:08.569671791Z,01JZ1EJSF3D74SJNMB9KEWHKK2,2025-06-30T22:30:08.569671791Z,01JZ1F45MGBYSVGGAVDK1YM8N9,2025-06-30T22:30:08.569671791Z
01JZ17ZQR1WHGBAAJTXVFTM41Q,01JZ170DPRHYGRH6M74WMGZ8J5,2025-06-30T20:20:49.537876011Z,01JZ170DRQN15452AYS561M232,2025-06-30T20:20:49.537876011Z,01JZ1772PK70ARCRD25BW9JS91,2025-06-30T20:20:49.537876011Z,01JZ17RBD7J0VJVJJG30EA195H,2025-06-30T20:20:49.537876011Z
01JZ191DB2TFFJSZV56RXA00QV,01JZ18G4TN4FH7205KTQTFE7PM,2025-06-30T20:39:12.994267756Z,01JZ18G508W9SSEDAT6B79GZND,2025-06-30T20:39:12.994267756Z,01JZ18NT2QY0K3T67RMTHTZ875,2025-06-30T20:39:12.994267756Z,01JZ18STGY49XDG4HG71EG50TV,2025-06-30T20:39:12.994267756Z
01JZ1BJTXYHADF23ME9TSC701M,01JZ1B1VZ9TM9N3252XVVAH9DZ,2025-06-30T21:23:41.118215619Z,01JZ1B1W6S117BH8HCA7NH9R7E,2025-06-30T21:23:41.118215619Z,01JZ1B46GFSFAYTPK6TDTQG4WK,2025-06-30T21:23:41.118215619Z,01JZ1BAHG6QWWGBEPT681DK5Y7,2025-06-30T21:23:41.118215619Z
01JZ1DSKTV4FFJTTJHAHXZ2J5E,01JZ1D0RX94M7HHBAJDNGV8QRS,2025-06-30T22:02:20.379627988Z,01JZ1D0S61XK8FZCNQBM2ZAEE6,2025-06-30T22:02:20.379627988Z,01JZ1DEPX3PNQ2MN8YPK5QHYXE,2025-06-30T22:02:20.379627988Z,01JZ1DHG8H05GH2W9SB4K6K1E6,2025-06-30T22:02:20.379627988Z
01JZ17VV0JBXS5CAXDKZEW87X4,01JZ170DPRHYGRH6M74WMGZ8J5,2025-06-30T20:18:41.810888181Z,01JZ170DS434CCJM920K0JDY80,2025-06-30T20:18:41.810888181Z,01JZ17JRNHBCA9Z1PDJFB00SE3,2025-06-30T20:18:41.810888181Z,01JZ17MERZP6TAGVPVPPE2FHS9,2025-06-30T20:18:41.810888181Z
01JZ18Q34NY8WAPQ39PBWT5F9Z,01JZ18G4TN4FH7205KTQTFE7PM,2025-06-30T20:33:34.869285568Z,01JZ18G4YA2XRQ9RK4RH5WQB1P,2025-06-30T20:33:34.869285568Z,01JZ18KR3KN1X0F0J0JP7HHD78,2025-06-30T20:33:34.869285568Z,01JZ18Q1R1B7GYCBMPZ4J0A4A5,2025-06-30T20:33:34.869285568Z
01JZ18R40ZGTVDEBPKHPHVNVQD,01JZ18G4TN4FH7205KTQTFE7PM,2025-06-30T20:34:08.543463617Z,01JZ18G50PJASP911XB82AW46K,2025-06-30T20:34:08.543463617Z,01JZ18KAD3ET3YWT2B268D40PX,2025-06-30T20:34:08.543463617Z,01JZ18P6M9PWBBNS9EFA2527RR,2025-06-30T20:34:08.543463617Z
01JZ17M7TX1S1AA7DSSNW28W3B,01JZ170DPRHYGRH6M74WMGZ8J5,2025-06-30T20:14:32.797541725Z,01JZ170DSBT7R80F1BC6BFNZAP,2025-06-30T20:14:32.797541725Z,01JZ17BXN8A0CN51A90XTP0KJK,2025-06-30T20:14:32.797541725Z,01JZ17JC3646JKWR0PPXMYYSSE,2025-06-30T20:14:32.797541725Z
01JZ17W9NRTXSEGJAPFF74YSZJ,01JZ170DPRHYGRH6M74WMGZ8J5,2025-06-30T20:18:56.824076646Z,01JZ170DSR5F2SARFX61BD5BFD,2025-06-30T20:18:56.824076646Z,01JZ179KCXD57AZVEGR3X2YKFH,2025-06-30T20:18:56.824076646Z,01JZ17M8TBTH3TC0NGPGNB96E6,2025-06-30T20:18:56.824076646Z
01JZ1DM5RN7XBKVE3K1A7HARW8,01JZ1D0RX94M7HHBAJDNGV8QRS,2025-06-30T21:59:22.133423948Z,01JZ1D0S14X3T6948SDJVF454K,2025-06-30T21:59:22.133423948Z,01JZ1D4M3DA9VHJGDM7TJDNSPA,2025-06-30T21:59:22.133423948Z,01JZ1DCMPT24SY5ZG1DM3G6TK4,2025-06-30T21:59:22.133423948Z
01JZ17G5GXNTP6JTTS4KEEV59M,01JZ170DPRHYGRH6M74WMGZ8J5,2025-06-30T20:12:19.357068618Z,01JZ170DRRRWN613C5WJQ8B5Q6,2025-06-30T20:12:19.357068618Z,01JZ17A832XNJZN2KK8205TMZH,2025-06-30T20:12:19.357068618Z,01JZ17G526V3QE34K6X6V2S8DM,2025-06-30T20:12:19.357068618Z
01JZ17NTZN6S293R3YA7SFJF47,01JZ170DPRHYGRH6M74WMGZ8J5,2025-06-30T20:15:25.173366342Z,01JZ170DS0283SZNEN95XAWWS4,2025-06-30T20:15:25.173366342Z,01JZ17NQ4AD6VM7PXCZNF246W5,2025-06-30T20:15:25.173366342Z,01JZ17NT644PA1MKM9DXCD13F1,2025-06-30T20:15:25.173366342Z
01JZ17VJT1AYRY3J79EKE84JJH,01JZ170DPRHYGRH6M74WMGZ8J5,2025-06-30T20:18:33.410017128Z,01JZ170DRWH3Q5VEKFYTCWXCB9,2025-06-30T20:18:33.410017128Z,01JZ17C9CHCZD4MC1P47MP5FMT,2025-06-30T20:18:33.410017128Z,01JZ17M63Y2ZQE6JBWKAH6VSPE,2025-06-30T20:18:33.410017128Z
01JZ1806HEF3ETY737Q4AWT1JV,01JZ170DPRHYGRH6M74WMGZ8J5,2025-06-30T20:21:04.68657202Z,01JZ170DSP5HFMBRZWFQV8RFVC,2025-06-30T20:21:04.68657202Z,01JZ17D1Z4NJ06X2DRQ0XR8Y1G,2025-06-30T20:21:04.68657202Z,01JZ17RSKEA3VSTDSCVCP8YEVJ,2025-06-30T20:21:04.68657202Z
01JZ18P8TFACZ98K4AX9NH60NR,01JZ18G4TN4FH7205KTQTFE7PM,2025-06-30T20:33:07.919534346Z,01JZ18G50PJASP911XB82AW46K,2025-06-30T20:33:07.919534346Z,01JZ18M00QARBD4YKJZDM6JQBC,2025-06-30T20:33:07.919534346Z,01JZ18P6KKP6YDW0ZB2JNENH81,2025-06-30T20:33:07.919534346Z
01JZ1CMDNB1X0XWSE41NAM9VVN,01JZ1C4XJFQQ45ZHGATAXVBX0J,2025-06-30T21:42:01.643774182Z,01JZ1C4XNE4VHGMR9JDZS6Y7F9,2025-06-30T21:42:01.643774182Z,01JZ1CEYEW4QC345QNCDR6C494,2025-06-30T21:42:01.643774182Z,01JZ1CM9HSWSHAX9FB9M6KQ29W,2025-06-30T21:42:01.643774182Z
01JZ17MZS2JQD62QZKQ71MWDAT,01JZ170DPRHYGRH6M74WMGZ8J5,2025-06-30T20:14:57.314578903Z,01JZ170DSMJZPS89ZBMFZ7ATK7,2025-06-30T20:14:57.314578903Z,01JZ17411GFTP23ZXM1AB7D9NA,2025-06-30T20:14:57.314578903Z,01JZ17MYD7WSKX1DNA84EQZJF1,2025-06-30T20:14:57.314578903Z
01JZ182V0TVKXP7H3KK6ZZWZ55,01JZ170DPRHYGRH6M74WMGZ8J5,2025-06-30T20:22:31.194422696Z,01JZ170DS9MMA8EZAVKYS5SMHX,2025-06-30T20:22:31.194422696Z,01JZ17AZS6YB2WPDVY4NDQYYNC,2025-06-30T20:22:31.194422696Z,01JZ17TR5GZK4V8170DT4PDB53,2025-06-30T20:22:31.194422696Z
01JZ18RQVCGA3PN9H4E8QCXZP5,01JZ18G4TN4FH7205KTQTFE7PM,2025-06-30T20:34:28.84406822Z,01JZ18G4XMK5QHE5YNTR43VZ9V,2025-06-30T20:34:28.84406822Z,01JZ18KPPCTRWET1CSH1Z4W2C4,2025-06-30T20:34:28.84406822Z,01JZ18RP7K0MQCXP7DDG2EV4WD,2025-06-30T20:34:28.84406822Z
01JZ1BSHDN5G23JEG43P32RWQH,01JZ1B1VZ9TM9N3252XVVAH9DZ,2025-06-30T21:27:20.75755924Z,01JZ1B1W46BH5YH0XYSE8KJRBK,2025-06-30T21:27:20.75755924Z,01JZ1ANK2PZ7NTFNFMNB753RPA,2025-06-30T21:27:20.75755924Z,01JZ1BJ1CD7PGGMV0A6YRMHSQJ,2025-06-30T21:27:20.75755924Z
01JZ18X9KC6ZAN57CR6BV16YGE,01JZ18G4TN4FH7205KTQTFE7PM,2025-06-30T20:36:58.092794138Z,01JZ18G4ZDA13FR053ZT1R1FPF,2025-06-30T20:36:58.092794138Z,01JZ18JGS17Q4PV0ZHE2RS3V2D,2025-06-30T20:36:58.092794138Z,01JZ18NR6HCE23W41F3CPVZTY3,2025-06-30T20:36:58.092794138Z
01JZ1826HKP2112DW4MK56SZ13,01JZ170DPRHYGRH6M74WMGZ8J5,2025-06-30T20:22:10.227398943Z,01JZ170DS9MMA8EZAVKYS5SMHX,2025-06-30T20:22:10.227398943Z,01JZ17AZS6YB2WPDVY4NDQYYNC,2025-06-30T20:22:10.227398943Z,01JZ17TR6X8TWBF7X6J4SZFVJ8,2025-06-30T20:22:10.227398943Z
01JZ18Z4TMGMNQDCMGMDPWBBW8,01JZ18G4TN4FH7205KTQTFE7PM,2025-06-30T20:37:58.740694562Z,01JZ18G4YA2XRQ9RK4RH5WQB1P,2025-06-30T20:37:58.740694562Z,01JZ18KR3KN1X0F0J0JP7HHD78,2025-06-30T20:37:58.740694562Z,01JZ18Q1SHZX0HATET1MQN9ET3,2025-06-30T20:37:58.740694562Z
01JZ18ZV8NPPXFARSRKFB7ZXNE,01JZ18G4TN4FH7205KTQTFE7PM,2025-06-30T20:38:21.717535972Z,01JZ18G4ZPD0G0WRB3ZSNJ4KSW,2025-06-30T20:38:21.717535972Z,01JZ18HWWK8B66EBMNQPXM1R3H,2025-06-30T20:38:21.717535972Z,01JZ18QMFXN721VEA2NDQX9P2G,2025-06-30T20:38:21.717535972Z
01JZ19190TD2DD6MJF64SZ7CMC,01JZ18G4TN4FH7205KTQTFE7PM,2025-06-30T20:39:08.570169029Z,01JZ18G4WPK6V9JKZAVKNYS3NB,2025-06-30T20:39:08.570169029Z,01JZ18M2HA1EB5SFB14JH49GDB,2025-06-30T20:39:08.570169029Z,01JZ18RR9VM7GJWMP15BXNKK3H,2025-06-30T20:39:08.570169029Z
01JZ1CVWM8XYENG5Q7ZDMZHX3T,01JZ1C4XJFQQ45ZHGATAXVBX0J,2025-06-30T21:46:06.344227408Z,01JZ1C4XNE4VHGMR9JDZS6Y7F9,2025-06-30T21:46:06.344227408Z,01JZ1CHHENXRFPD7VNDFKQ5330,2025-06-30T21:46:06.344227408Z,01JZ1CM9NHAQYVB9EBB2FPWPMG,2025-06-30T21:46:06.344227408Z
01JZ1F00C8Y1TC5N7TSCE9MA7R,01JZ1E916HBESJXS5SJ82BFZ21,2025-06-30T22:23:18.408605865Z,01JZ1E91WFH0SPDF0PZ6G1349X,2025-06-30T22:23:18.408605865Z,01JZ1EBNRXWXP0H461Z4YMKNYP,2025-06-30T22:23:18.408605865Z,01JZ1EY0RN0AQVXD4S7119EDC2,2025-06-30T22:23:18.408605865Z
01JZ1GKR58T89S779Q2JMFGH3D,01JZ1G29Q82GQAKEXSK2E7NK3R,2025-06-30T22:51:33.928087662Z,01JZ1G2A9825Q9R0AFVXQNTR63,2025-06-30T22:51:33.928087662Z,01JZ1G9AHDKJRVSD4NGC2SYHDN,2025-06-30T22:51:33.928087662Z,01JZ1GKM1M98RKJZ6DVXPWE5H6,2025-06-30T22:51:33.928087662Z
01JZ18QE1Y75SF1KKG7F8KWC1A,01JZ18G4TN4FH7205KTQTFE7PM,2025-06-30T20:33:46.046909997Z,01JZ18G4YTQTSXFW2X0Y80VGVG,2025-06-30T20:33:46.046909997Z,01JZ18JQTYVQ19WTRN7KYJ00FT,2025-06-30T20:33:46.046909997Z,01JZ18QCHCWKPJPF2G32EQXDDJ,2025-06-30T20:33:46.046909997Z
01JZ18XR7XQKPT9KTKD0D8V81N,01JZ18G4TN4FH7205KTQTFE7PM,2025-06-30T20:37:13.085084601Z,01JZ18G4X5EPR69QT64DVYQXFJ,2025-06-30T20:37:13.085084601Z,01JZ18JKCGQP2NA6VYXSDM89NW,2025-06-30T20:37:13.085084601Z,01JZ18PAPJXR5K55YMBBDH8RCF,2025-06-30T20:37:13.085084601Z
01JZ18Y0XZA4WYYDB5ENJRNQQT,01JZ18G4TN4FH7205KTQTFE7PM,2025-06-30T20:37:21.983539937Z,01JZ18G50PJASP911XB82AW46K,2025-06-30T20:37:21.983539937Z,01JZ18M00QARBD4YKJZDM6JQBC,2025-06-30T20:37:21.983539937Z,01JZ18P6NBJ7Z652WDFV9M7NT4,2025-06-30T20:37:21.983539937Z
01JZ1F2Q1H3A0FJ9HJRGGANTM5,01JZ1E916HBESJXS5SJ82BFZ21,2025-06-30T22:24:47.153233069Z,01JZ1E91Q18GQE49C0XSDVMF75,2025-06-30T22:24:47.153233069Z,01JZ1EVFEHVN1QQPSCMZ2EZ73P,2025-06-30T22:24:47.153233069Z,01JZ1F2JAV0QHT42E605BBH8CR,2025-06-30T22:24:47.153233069Z
01JZ1GJ3ZB6N4G1YD3GN8WHDQ3,01JZ1G29Q82GQAKEXSK2E7NK3R,2025-06-30T22:50:40.491244397Z,01JZ1G2A24PAZYJHH2EQFGJG7N,2025-06-30T22:50:40.491244397Z,01JZ1G82YG8RECYV7TAMBGD9YX,2025-06-30T22:50:40.491244397Z,01JZ1GG43VKPZ1V5ZJWSGJMS64,2025-06-30T22:50:40.491244397Z
01JZ17JCPRBPDQR551FR29A42T,01JZ170DPRHYGRH6M74WMGZ8J5,2025-06-30T20:13:32.248771371Z,01JZ170DSBT7R80F1BC6BFNZAP,2025-06-30T20:13:32.248771371Z,01JZ17EXP8SEZEBZPSE6GPG8ZM,2025-06-30T20:13:32.248771371Z,01JZ17JC2RA6WXF9ZF2QJYR7ZN,2025-06-30T20:13:32.248771371Z
01JZ1DSYR4MB9BE193QP74GVG1,01JZ1D0RX94M7HHBAJDNGV8QRS,2025-06-30T22:02:31.556784641Z,01JZ1D0S61XK8FZCNQBM2ZAEE6,2025-06-30T22:02:31.556784641Z,01JZ1D4E6V1F7QYCN1KQC77HPV,2025-06-30T22:02:31.556784641Z,01JZ1DHGBSZZHKEP5QJKJSKXHE,2025-06-30T22:02:31.556784641Z
01JZ17TWASBTD2RY6J3DM21G3V,01JZ170DPRHYGRH6M74WMGZ8J5,2025-06-30T20:18:10.393457018Z,01JZ170DSWJ6311N72HPSQWG9K,2025-06-30T20:18:10.393457018Z,01JZ17AF66R5T85771E9QQ650E,2025-06-30T20:18:10.393457018Z,01JZ17KG4GY236VDZCYE8QS8G2,2025-06-30T20:18:10.393457018Z
01JZ180GV05R6ZNXG43X51C03T,01JZ170DPRHYGRH6M74WMGZ8J5,2025-06-30T20:21:15.23253077Z,01JZ170DSP5HFMBRZWFQV8RFVC,2025-06-30T20:21:15.23253077Z,01JZ17P1EBWH8TSGC8FNQFNMW7,2025-06-30T20:21:15.23253077Z,01JZ17RSJTNPRC3C8ZY6Y2ZSYJ,2025-06-30T20:21:15.23253077Z
01JZ19FZN22TFFP6B06N15EM6X,01JZ18R9CHSHJ2BAJZ4M4PAW2X,2025-06-30T20:47:10.49842424Z,01JZ18RA3DBE17YR6D8FEXRWFY,2025-06-30T20:47:10.49842424Z,01JZ18V7AEVH5VMDMYVZ6HXGK5,2025-06-30T20:47:10.49842424Z,01JZ197W1Q8Y87S3QNNPH4WR2N,2025-06-30T20:47:10.49842424Z
01JZ1AEFE8NNE3BKQE3SJW72QZ,01JZ19VEXCKVX740B60X4W6PQN,2025-06-30T21:03:49.704637733Z,01JZ19VF6XEW5FG377QGXCTRD1,2025-06-30T21:03:49.704637733Z,01JZ1A9RXDVME7RYXTWFBGWCFN,2025-06-30T21:03:49.704637733Z,01JZ1ACG5AA6PRZ7WAEJWMNX2A,2025-06-30T21:03:49.704637733Z
01JZ1BJFN3C2SBBB2KNM7AQZP2,01JZ1B1VZ9TM9N3252XVVAH9DZ,2025-06-30T21:23:29.571983427Z,01JZ1B1W6S117BH8HCA7NH9R7E,2025-06-30T21:23:29.571983427Z,01JZ1B4F0AXDADE5G5GXRT5GAX,2025-06-30T21:23:29.571983427Z,01JZ1BAHERRJG5Y4NQ430CHJGP,2025-06-30T21:23:29.571983427Z
01JZ1ETWNATW754Y636MT2CFXY,01JZ1E916HBESJXS5SJ82BFZ21,2025-06-30T22:20:30.762868627Z,01JZ1E91HHYKGR583PHV4V6JXR,2025-06-30T22:20:30.762868627Z,01JZ1EB79K0MG0B72T7KF449XB,2025-06-30T22:20:30.762868627Z,01JZ1ERV8NQ1N608W7HC4Y405V,2025-06-30T22:20:30.762868627Z
01JZ17H32B7K898CTP5WB9SA39,01JZ170DPRHYGRH6M74WMGZ8J5,2025-06-30T20:12:49.611079446Z,01JZ170DRXVGFVP20P8DK3M491,2025-06-30T20:12:49.611079446Z,01JZ17CDTWA5ZJVFXRJRWPP8YB,2025-06-30T20:12:49.611079446Z,01JZ17H2JE238380KER7CXK8AE,2025-06-30T20:12:49.611079446Z
01JZ17M7BQJ712WY7RZAW94M54,01JZ170DPRHYGRH6M74WMGZ8J5,2025-06-30T20:14:32.311770411Z,01JZ170DRWH3Q5VEKFYTCWXCB9,2025-06-30T20:14:32.311770411Z,01JZ178J2BZ2NF5FVTXNH8JBMT,2025-06-30T20:14:32.311770411Z,01JZ17M636G6YCD0BAJGQEKJNP,2025-06-30T20:14:32.311770411Z
01JZ17SRA584T5FCHTE92M0T79,01JZ170DPRHYGRH6M74WMGZ8J5,2025-06-30T20:17:33.509874785Z,01JZ170DSBT7R80F1BC6BFNZAP,2025-06-30T20:17:33.509874785Z,01JZ17BXN8A0CN51A90XTP0KJK,2025-06-30T20:17:33.509874785Z,01JZ17JC34NY9C5XTJE3ETGWA3,2025-06-30T20:17:33.509874785Z
01JZ182GVAK9KTT1VRFF9NVFV7,01JZ170DPRHYGRH6M74WMGZ8J5,2025-06-30T20:22:20.778565922Z,01JZ170DS9MMA8EZAVKYS5SMHX,2025-06-30T20:22:20.778565922Z,01JZ17S6ZC1ZB5QAG0E0350NSD,2025-06-30T20:22:20.778565922Z,01JZ17TR5WS052RB5963SEQK02,2025-06-30T20:22:20.778565922Z
01JZ18PNQ5DRGWXPGJAZTZYKE0,01JZ18G4TN4FH7205KTQTFE7PM,2025-06-30T20:33:21.125975142Z,01JZ18G4Y1ABZPJ815NAWEN19T,2025-06-30T20:33:21.125975142Z,01JZ18JGZBSWHAA8MGTKR735JR,2025-06-30T20:33:21.125975142Z,01JZ18PME7D8TXGQRQ2CGSH14P,2025-06-30T20:33:21.125975142Z
01JZ1AHVS4HF0AJQDHPFQN1WH9,01JZ19VEXCKVX740B60X4W6PQN,2025-06-30T21:05:40.644800649Z,01JZ19VF81DTYMGWYB0TAJKDWY,2025-06-30T21:05:40.644800649Z,01JZ19Y0D04KSPZSGRXD2GWN5G,2025-06-30T21:05:40.644800649Z,01JZ1AABQSYES8GH0EQS7AKYST,2025-06-30T21:05:40.644800649Z
01JZ1CPAC8C674YGC8FWE4SE5H,01JZ1C4XJFQQ45ZHGATAXVBX0J,2025-06-30T21:43:03.816615706Z,01JZ1C4XNE4VHGMR9JDZS6Y7F9,2025-06-30T21:43:03.816615706Z,01JZ1CEYEW4QC345QNCDR6C494,2025-06-30T21:43:03.816615706Z,01JZ1CM9MH9FR8B6ZK0QM2XBF8,2025-06-30T21:43:03.816615706Z
01JZ17KGR2HH6FA1T148K2KT2W,01JZ170DPRHYGRH6M74WMGZ8J5,2025-06-30T20:14:09.155004997Z,01JZ170DSWJ6311N72HPSQWG9K,2025-06-30T20:14:09.155004997Z,01JZ17HR3SKAZC9R19A608NCQK,2025-06-30T20:14:09.155004997Z,01JZ17KG5B6EC4G1KASHS52HR2,2025-06-30T20:14:09.155004997Z
01JZ17WNDW7CBJ5K1JTH47CYTH,01JZ170DPRHYGRH6M74WMGZ8J5,2025-06-30T20:19:08.861016563Z,01JZ170DSMJZPS89ZBMFZ7ATK7,2025-06-30T20:19:08.861016563Z,01JZ17411GFTP23ZXM1AB7D9NA,2025-06-30T20:19:08.861016563Z,01JZ17MYEV0AG6XJGH9VVJQXPH,2025-06-30T20:19:08.861016563Z
01JZ18TN0SV6PSARKGMG0B0Y4N,01JZ18G4TN4FH7205KTQTFE7PM,2025-06-30T20:35:31.481880171Z,01JZ18G4WPK6V9JKZAVKNYS3NB,2025-06-30T20:35:31.481880171Z,01JZ18K1EBQ2BSVM3H7XBRVG61,2025-06-30T20:35:31.481880171Z,01JZ18RRB5PTFQB2DKPHTKH4V3,2025-06-30T20:35:31.481880171Z
01JZ1F4JTJ1QHYP43S3E8DFHSK,01JZ1E916HBESJXS5SJ82BFZ21,2025-06-30T22:25:48.370509693Z,01JZ1E91Q18GQE49C0XSDVMF75,2025-06-30T22:25:48.370509693Z,01JZ1EEDS4AMSMWB9W2CPSXDHE,2025-06-30T22:25:48.370509693Z,01JZ1F2JC80W096GAN654HJE4R,2025-06-30T22:25:48.370509693Z
01JZ18SAMZW373JDD94297YVYT,01JZ18G4TN4FH7205KTQTFE7PM,2025-06-30T20:34:48.095790541Z,01JZ18G4Z7SR18DC8PDBR22HS5,2025-06-30T20:34:48.095790541Z,01JZ18HPXJ4G52DBV1JHKTXZPH,2025-06-30T20:34:48.095790541Z,01JZ18S8VF5J1VCYDTJZFPF4QA,2025-06-30T20:34:48.095790541Z
01JZ1F22J9TFDDRSFDD46VZNG0,01JZ1E916HBESJXS5SJ82BFZ21,2025-06-30T22:24:26.185074226Z,01JZ1E926BWK6TV1HDSC3ZQW4Y,2025-06-30T22:24:26.185074226Z,01JZ1EQKR69J0BQM6378QJ8X8Y,2025-06-30T22:24:26.185074226Z,01JZ1ESTC5N6XHQX0KKB726B2X,2025-06-30T22:24:26.185074226Z
01JZ18R3ZW501BKGFK19SZ2MKW,01JZ18G4TN4FH7205KTQTFE7PM,2025-06-30T20:34:08.508041015Z,01JZ18G50PJASP911XB82AW46K,2025-06-30T20:34:08.508041015Z,01JZ18M00QARBD4YKJZDM6JQBC,2025-06-30T20:34:08.508041015Z,01JZ18P6M9PWBBNS9EFA2527RR,2025-06-30T20:34:08.508041015Z
01JZ18SB0FYHN969KFZ505WPS2,01JZ18G4TN4FH7205KTQTFE7PM,2025-06-30T20:34:48.46322913Z,01JZ18G4YTQTSXFW2X0Y80VGVG,2025-06-30T20:34:48.46322913Z,01JZ18JSY9P3KAE5N38ASDX51K,2025-06-30T20:34:48.46322913Z,01JZ18QCHSRQEB636MAZYTF93F,2025-06-30T20:34:48.46322913Z
01JZ190FNEKGMXFEDJYQV1KGGK,01JZ18G4TN4FH7205KTQTFE7PM,2025-06-30T20:38:42.606161348Z,01JZ18G512YK4K14AJW1A4KQT5,2025-06-30T20:38:42.606161348Z,01JZ18JCRWSH5Z1V97KVRN4VV2,2025-06-30T20:38:42.606161348Z,01JZ18R8BQNV553N89B15CK6DT,2025-06-30T20:38:42.606161348Z
01JZ1ETWPDGR5Z4KY3QRY60G4T,01JZ1E916HBESJXS5SJ82BFZ21,2025-06-30T22:20:30.797181352Z,01JZ1E91HHYKGR583PHV4V6JXR,2025-06-30T22:20:30.797181352Z,01JZ1EK77BRBNM03T0A9A1Z152,2025-06-30T22:20:30.797181352Z,01JZ1ERV8NQ1N608W7HC4Y405V,2025-06-30T22:20:30.797181352Z
01JZ1GVTBTWBD0QP5VPEB5SV2W,01JZ1G29Q82GQAKEXSK2E7NK3R,2025-06-30T22:55:58.330123589Z,01JZ1G29XRNS92G9JYEX4H033M,2025-06-30T22:55:58.330123589Z,01JZ1G3PKEWNM3BADHFXST2D82,2025-06-30T22:55:58.330123589Z,01JZ1GM6AT2QQ1RJ17GCG8VHAV,2025-06-30T22:55:58.330123589Z
01JZ18R2KP6WYFXW8P992SFM7M,01JZ18G4TN4FH7205KTQTFE7PM,2025-06-30T20:34:07.094963341Z,01JZ18G4XDWA3A08Y0HZ5HSAAF,2025-06-30T20:34:07.094963341Z,01JZ18K1FP19HQQGWY5MDNJT99,2025-06-30T20:34:07.094963341Z,01JZ18R0YQXPRFN6T3JT8B6MYT,2025-06-30T20:34:07.094963341Z
01JZ18Y2S1F5533KNY4GZF0AJT,01JZ18G4TN4FH7205KTQTFE7PM,2025-06-30T20:37:23.873585719Z,01JZ18G4X5EPR69QT64DVYQXFJ,2025-06-30T20:37:23.873585719Z,01JZ18KH2AEBXEHK9D1GSN56XX,2025-06-30T20:37:23.873585719Z,01JZ18PAR13X6VEBNAGYQZRZE6,2025-06-30T20:37:23.873585719Z
01JZ1AMQA681K13ZFDVYMMT46V,01JZ19VEXCKVX740B60X4W6PQN,2025-06-30T21:07:14.375014625Z,01JZ19VF6XEW5FG377QGXCTRD1,2025-06-30T21:07:14.375014625Z,01JZ19XTW2HK24K9S0K07R4X7Y,2025-06-30T21:07:14.375014625Z,01JZ1ACG610M6TRWXFFV3KK332,2025-06-30T21:07:14.375014625Z
01JZ1BY4EAFA7143P424XAJYH2,01JZ1B1VZ9TM9N3252XVVAH9DZ,2025-06-30T21:29:51.306769766Z,01JZ1B1W4RP0VXDDKCJTNKM3AX,2025-06-30T21:29:51.306769766Z,01JZ1BHJS3735357S2TBZ4T5W4,2025-06-30T21:29:51.306769766Z,01JZ1BNYAYY2K6CJZRYSXBEGH5,2025-06-30T21:29:51.306769766Z
01JZ190CZ2REQNZ5ZDK3QGPJXF,01JZ18G4TN4FH7205KTQTFE7PM,2025-06-30T20:38:39.842431035Z,01JZ18G4ZZG5A688HVVJGKBFVW,2025-06-30T20:38:39.842431035Z,01JZ18HSGA4VKS1NR0MAVDXW88,2025-06-30T20:38:39.842431035Z,01JZ18RFPSBYDPWWM1XEC3ZD1K,2025-06-30T20:38:39.842431035Z
01JZ1BMMB280ATHRK6T3CP8YSZ,01JZ1B1VZ9TM9N3252XVVAH9DZ,2025-06-30T21:24:39.906984071Z,01JZ1B1W2WT8MR9NJ7RDDSFH2M,2025-06-30T21:24:39.906984071Z,01JZ1BAVN5GCQ9KGRAEPYWSGEC,2025-06-30T21:24:39.906984071Z,01JZ1BD44PFFYBYMY5MP17VM3Y,2025-06-30T21:24:39.906984071Z
01JZ1CFSF3M8181RJ2NBYBT52Y,01JZ1BX7WQMA45G0E33EEHJ3V9,2025-06-30T21:39:29.891183149Z,01JZ1BX81RJBYPGNM468STZ9YH,2025-06-30T21:39:29.891183149Z,01JZ1C1P9WXAKXCBQ2MNEBPRTC,2025-06-30T21:39:29.891183149Z,01JZ1C7YKPD172BDJ38STHSTER,2025-06-30T21:39:29.891183149Z
01JZ1F2DKRCKANRT62RJ61RH0V,01JZ1E916HBESJXS5SJ82BFZ21,2025-06-30T22:24:37.497038852Z,01JZ1E923XSJ5V9JGGJQR2CG7M,2025-06-30T22:24:37.497038852Z,01JZ1EMYVSBFSNMNYSTV9SNRK6,2025-06-30T22:24:37.497038852Z,01JZ1F28PF9P2Q45FHCT2P249Q,2025-06-30T22:24:37.497038852Z
01JZ1H44TTE86KSQATQBXWSYZN,01JZ1G29Q82GQAKEXSK2E7NK3R,2025-06-30T23:00:31.19458169Z,01JZ1G2A58JMFV91VV93EGJJQY,2025-06-30T23:00:31.19458169Z,01JZ1GHJS4Z0QHDNAN69NMJ02V,2025-06-30T23:00:31.19458169Z,01JZ1GW3NQ1ZFH1D7RHAY6HCNS,2025-06-30T23:00:31.19458169Z
01JZ18ZJN2PXZPM84S6PT43RCA,01JZ18G4TN4FH7205KTQTFE7PM,2025-06-30T20:38:12.899566906Z,01JZ18G4XDWA3A08Y0HZ5HSAAF,2025-06-30T20:38:12.899566906Z,01JZ18N4BCMMEGJT5ZAJGY6HHX,2025-06-30T20:38:12.899566906Z,01JZ18R10XKY5S8X2DP4KAHATX,2025-06-30T20:38:12.899566906Z
01JZ190BHVG1MGR0XCGHW930XK,01JZ18G4TN4FH7205KTQTFE7PM,2025-06-30T20:38:38.395094561Z,01JZ18G4XMK5QHE5YNTR43VZ9V,2025-06-30T20:38:38.395094561Z,01JZ18J9W8KMP67K3HENBC0CVQ,2025-06-30T20:38:38.395094561Z,01JZ18RP8NH16RGQPN23QF70FD,2025-06-30T20:38:38.395094561Z
01JZ190C01B556SJS39PXAJ2CC,01JZ18G4TN4FH7205KTQTFE7PM,2025-06-30T20:38:38.850032597Z,01JZ18G4WPK6V9JKZAVKNYS3NB,2025-06-30T20:38:38.850032597Z,01JZ18JMHXTQBMPEHHS7NP2031,2025-06-30T20:38:38.850032597Z,01JZ18RRASEVE9RRSH50SEW5V6,2025-06-30T20:38:38.850032597Z
01JZ191DBHQ427VJ4BYHX31J7E,01JZ18G4TN4FH7205KTQTFE7PM,2025-06-30T20:39:13.009682715Z,01JZ18G508W9SSEDAT6B79GZND,2025-06-30T20:39:13.009682715Z,01JZ18M2SFWFRTRVV46KHVE0JB,2025-06-30T20:39:13.009682715Z,01JZ18STGY49XDG4HG71EG50TV,2025-06-30T20:39:13.009682715Z
01JZ1AJ9D08G42EGBXDRPA44A7,01JZ19VEXCKVX740B60X4W6PQN,2025-06-30T21:05:54.592780142Z,01JZ19VF5YA4VZJRJDVJVY1XBY,2025-06-30T21:05:54.592780142Z,01JZ1A8FR32NPD5RJ1DVE9H7Y6,2025-06-30T21:05:54.592780142Z,01JZ1AAR2NPD6QV68SPHG41X06,2025-06-30T21:05:54.592780142Z
01JZ1FC6AEH4EGN9VG83W01TMG,01JZ1E916HBESJXS5SJ82BFZ21,2025-06-30T22:29:57.710387867Z,01JZ1E91SWVSXS6FK33QCMH9SP,2025-06-30T22:29:57.710387867Z,01JZ1F2TBXEZEKPK7X854K54D8,2025-06-30T22:29:57.710387867Z,01JZ1F45GMFQYW3BNGKJHGM9H3,2025-06-30T22:29:57.710387867Z
01JZ1GWACQ5YWKC25BAHCQ6RQC,01JZ1G29Q82GQAKEXSK2E7NK3R,2025-06-30T22:56:14.74375593Z,01JZ1G2A9825Q9R0AFVXQNTR63,2025-06-30T22:56:14.74375593Z,01JZ1G4P5HG5MYYFH3JNW3CKA9,2025-06-30T22:56:14.74375593Z,01JZ1GKM5YC66NJV5SWE394KDW,2025-06-30T22:56:14.74375593Z
01JZ1AGNN43XDF6CDB7X735VQ5,01JZ19VEXCKVX740B60X4W6PQN,2025-06-30T21:05:01.604394595Z,01JZ19VF9WCS5BMDRCPXZK6ZBF,2025-06-30T21:05:01.604394595Z,01JZ19XKK2V5414G0ST34MPS62,2025-06-30T21:05:01.604394595Z,01JZ1A8RS6D439ZX1WYM84CQP1,2025-06-30T21:05:01.604394595Z
01JZ17NSHREPQ6D4XGFK405JN0,01JZ170DPRHYGRH6M74WMGZ8J5,2025-06-30T20:15:23.704958352Z,01JZ170DSXXMDA003X79NFA4N0,2025-06-30T20:15:23.704958352Z,01JZ17DZPC160FQJMAZ5KCFYDP,2025-06-30T20:15:23.704958352Z,01JZ17NRRNJAESN764PNSNC899,2025-06-30T20:15:23.704958352Z
01JZ17XEZCMXXR1ABD9P07765J,01JZ170DPRHYGRH6M74WMGZ8J5,2025-06-30T20:19:35.020172939Z,01JZ170DSXXMDA003X79NFA4N0,2025-06-30T20:19:35.020172939Z,01JZ17C3PTEK9PXA5GJSYCCP5W,2025-06-30T20:19:35.020172939Z,01JZ17NRSB5GP7EXVFTFEFCERK,2025-06-30T20:19:35.020172939Z
01JZ17ZBJ67FMANZDKVBN4Y768,01JZ170DPRHYGRH6M74WMGZ8J5,2025-06-30T20:20:37.0627454Z,01JZ170DS5DJKXJ3Z7YVJKJJXK,2025-06-30T20:20:37.0627454Z,01JZ1763ZE1VD7FNYG3WZHGCWZ,2025-06-30T20:20:37.0627454Z,01JZ17QA5164E7ECZ7F8E2886X,2025-06-30T20:20:37.0627454Z
01JZ182V0JR90RDR6R44QM1YW4,01JZ170DPRHYGRH6M74WMGZ8J5,2025-06-30T20:22:31.186248203Z,01JZ170DS9MMA8EZAVKYS5SMHX,2025-06-30T20:22:31.186248203Z,01JZ17CPP7Y270N83EX04850B6,2025-06-30T20:22:31.186248203Z,01JZ17TR5GZK4V8170DT4PDB53,2025-06-30T20:22:31.186248203Z
01JZ190E3YN3GSY4V9GFFMR2SQ,01JZ18G4TN4FH7205KTQTFE7PM,2025-06-30T20:38:41.022646893Z,01JZ18G50G0GKPPCFSW2N0ZNW1,2025-06-30T20:38:41.022646893Z,01JZ18HJ023RXZWDMJ23K3G02T,2025-06-30T20:38:41.022646893Z,01JZ18RHGF07MFHCBEKPMJBAPY,2025-06-30T20:38:41.022646893Z
01JZ1BJ5248R7SP4T37P1DX3AM,01JZ1B1VZ9TM9N3252XVVAH9DZ,2025-06-30T21:23:18.72493263Z,01JZ1B1W6S117BH8HCA7NH9R7E,2025-06-30T21:23:18.72493263Z,01JZ1B4F0AXDADE5G5GXRT5GAX,2025-06-30T21:23:18.72493263Z,01JZ1BAHDKSRY9Y8MMEK86CJS4,2025-06-30T21:23:18.72493263Z
01JZ17HXGGZFCQD9ZY6S52F2WV,01JZ170DPRHYGRH6M74WMGZ8J5,2025-06-30T20:13:16.688605858Z,01JZ170DS434CCJM920VN081CV,2025-06-30T20:13:16.688605858Z,01JZ17BPKZNHJ9DBN3R83MMZW2,2025-06-30T20:13:16.688605858Z,01JZ17HX0WDHJY255DWBEJWHE6,2025-06-30T20:13:16.688605858Z
01JZ18P8WCYVJNAK2HACF45XJV,01JZ18G4TN4FH7205KTQTFE7PM,2025-06-30T20:33:07.980613451Z,01JZ18G50PJASP911XB82AW46K,2025-06-30T20:33:07.980613451Z,01JZ18JWY9W1XWEWVGSNZXRKZN,2025-06-30T20:33:07.980613451Z,01JZ18P6KKP6YDW0ZB2JNENH81,2025-06-30T20:33:07.980613451Z
01JZ18TN1HZBDZKZWC1EQCA9PB,01JZ18G4TN4FH7205KTQTFE7PM,2025-06-30T20:35:31.505721713Z,01JZ18G4WPK6V9JKZAVKNYS3NB,2025-06-30T20:35:31.505721713Z,01JZ18JMHXTQBMPEHHS7NP2031,2025-06-30T20:35:31.505721713Z,01JZ18RRB5PTFQB2DKPHTKH4V3,2025-06-30T20:35:31.505721713Z
01JZ1ACKRRP7QEQ67S44M4MCNM,01JZ19VEXCKVX740B60X4W6PQN,2025-06-30T21:02:48.600657002Z,01JZ19VF6XEW5FG377QGXCTRD1,2025-06-30T21:02:48.600657002Z,01JZ1A81RPET9TAZBW4YBB121E,2025-06-30T21:02:48.600657002Z,01JZ1ACG4HW6PFHHMR21QG9MSA,2025-06-30T21:02:48.600657002Z
01JZ1AMC54QHY7410N1AHB7DP9,01JZ19VEXCKVX740B60X4W6PQN,2025-06-30T21:07:02.948383017Z,01JZ19VF6XEW5FG377QGXCTRD1,2025-06-30T21:07:02.948383017Z,01JZ1A9RXDVME7RYXTWFBGWCFN,2025-06-30T21:07:02.948383017Z,01JZ1ACG6Q17P2Z830VCFRQ76D,2025-06-30T21:07:02.948383017Z
01JZ1GWVRZP93MGEDHC6K4XMNS,01JZ1G29Q82GQAKEXSK2E7NK3R,2025-06-30T22:56:32.543670307Z,01JZ1G2AATTMJJ07WA2JZ9MF1K,2025-06-30T22:56:32.543670307Z,01JZ1GP55F36DXJQDEYTGWZ556,2025-06-30T22:56:32.543670307Z,01JZ1GWN9E6D3R3MSRMZHCWZ3J,2025-06-30T22:56:32.543670307Z
01JZ19177YP5XYZJQ7FF3QGTM9,01JZ18G4TN4FH7205KTQTFE7PM,2025-06-30T20:39:06.750363975Z,01JZ18G4Z7SR18DC8PDBR22HS5,2025-06-30T20:39:06.750363975Z,01JZ18HPXJ4G52DBV1JHKTXZPH,2025-06-30T20:39:06.750363975Z,01JZ18S8XT12G8V1PAKVTN6A36,2025-06-30T20:39:06.750363975Z
01JZ194AF4Y41Q6EFAGNK7J185,01JZ18R9CHSHJ2BAJZ4M4PAW2X,2025-06-30T20:40:48.356930156Z,01JZ18RA48YSHMY5EWBJ9E61V2,2025-06-30T20:40:48.356930156Z,01JZ18XW8Z67J1KER526XJJSXY,2025-06-30T20:40:48.356930156Z,01JZ192CMQ10Q5BYZGXB0BD1QB,2025-06-30T20:40:48.356930156Z
01JZ1F54P74ZZ6NQGZ9SG6G9XC,01JZ1E916HBESJXS5SJ82BFZ21,2025-06-30T22:26:06.663468606Z,01JZ1E91MDHZVF6NVBEDDVGZWT,2025-06-30T22:26:06.663468606Z,01JZ1EK6MNQT8KSAR9HC017X0H,2025-06-30T22:26:06.663468606Z,01JZ1EWVP1M7JC9JTKB8V2PJTM,2025-06-30T22:26:06.663468606Z
01JZ17TCHHYDXTV84B3VWWCCQJ,01JZ170DPRHYGRH6M74WMGZ8J5,2025-06-30T20:17:54.225431499Z,01JZ170DSBT7R80F1BC6BFNZAP,2025-06-30T20:17:54.225431499Z,01JZ17BXN8A0CN51A90XTP0KJK,2025-06-30T20:17:54.225431499Z,01JZ17JC2ZXBJJNHC0TSAETRRS,2025-06-30T20:17:54.225431499Z
01JZ1CMDQ64MZTEWZ5YGAK6GEX,01JZ1C4XJFQQ45ZHGATAXVBX0J,2025-06-30T21:42:01.702693864Z,01JZ1C4XNE4VHGMR9JDZS6Y7F9,2025-06-30T21:42:01.702693864Z,01JZ1CB9F4KXDQP2PHJCZHP1QC,2025-06-30T21:42:01.702693864Z,01JZ1CM9HSWSHAX9FB9M6KQ29W,2025-06-30T21:42:01.702693864Z
01JZ1DKX85KQV8GQ0K0TNKNN9D,01JZ1D0RX94M7HHBAJDNGV8QRS,2025-06-30T21:59:13.413295098Z,01JZ1D0S4EMT97ECKQ06X1ZWAX,2025-06-30T21:59:13.413295098Z,01JZ1D6PDAATCEYCV60SVGFECN,2025-06-30T21:59:13.413295098Z,01JZ1DHWG8MPVQVFH1DPRPET9V,2025-06-30T21:59:13.413295098Z
01JZ1GDXVYWTGNBFVHM8DSD9JJ,01JZ1G29Q82GQAKEXSK2E7NK3R,2025-06-30T22:48:23.166986991Z,01JZ1G2A6YM039KVE3FBKDN5TM,2025-06-30T22:48:23.166986991Z,01JZ1G5Y4DKCPQ2K5FM2F479YF,2025-06-30T22:48:23.166986991Z,01JZ1GDRN0Y8FMK1BDZD9Y2P99,2025-06-30T22:48:23.166986991Z
01JZ17SBWZXCTY341JWAVCCSKA,01JZ170DPRHYGRH6M74WMGZ8J5,2025-06-30T20:17:20.799832691Z,01JZ170DS8YWG03GZVY59N3JD0,2025-06-30T20:17:20.799832691Z,01JZ176HDV9KWWBADR549HVXXJ,2025-06-30T20:17:20.799832691Z,01JZ17HNMFBJ73AV6PBJ6E0ZQ5,2025-06-30T20:17:20.799832691Z
01JZ17WB6H57XB4AZJE51GR6Z1,01JZ170DPRHYGRH6M74WMGZ8J5,2025-06-30T20:18:58.386019212Z,01JZ170DSMJZPS89ZBMFZ7ATK7,2025-06-30T20:18:58.386019212Z,01JZ17K3Y03J2B5JTWV2Q8DEEQ,2025-06-30T20:18:58.386019212Z,01JZ17MYEAFDF08CXGPM4NR36C,2025-06-30T20:18:58.386019212Z
01JZ17YDD6DP2MENABNBGKS9YS,01JZ170DPRHYGRH6M74WMGZ8J5,2025-06-30T20:20:06.182922266Z,01JZ170DRV33K8D9D9ZMQKAW2D,2025-06-30T20:20:06.182922266Z,01JZ17FY7YEZ14CJBS3JX2EV3B,2025-06-30T20:20:06.182922266Z,01JZ17PPHXYGVWTQWQ3EC28RK2,2025-06-30T20:20:06.182922266Z
01JZ18YFA6A2G8HNZ11Y2X3SPQ,01JZ18G4TN4FH7205KTQTFE7PM,2025-06-30T20:37:36.710453601Z,01JZ18G4YA2XRQ9RK4RH5WQB1P,2025-06-30T20:37:36.710453601Z,01JZ18MZ9CEYXM1F4JSENNJ9RA,2025-06-30T20:37:36.710453601Z,01JZ18Q1RTQ5J8GR55C5KB6SHZ,2025-06-30T20:37:36.710453601Z
01JZ1DTC9ZPPEYS959HNTZ1WJ7,01JZ1D0RX94M7HHBAJDNGV8QRS,2025-06-30T22:02:45.439305426Z,01JZ1D0S3N2D9DCG3EHS8AP4R1,2025-06-30T22:02:45.439305426Z,01JZ1D7D81NBZRDY8M09FZNXH6,2025-06-30T22:02:45.439305426Z,01JZ1DJBGG0DEBHS0YMCP0X5R4,2025-06-30T22:02:45.439305426Z
01JZ1FBVH1K8PS01JS8BKP8AZQ,01JZ1E916HBESJXS5SJ82BFZ21,2025-06-30T22:29:46.657778104Z,01JZ1E91SWVSXS6FK33QCMH9SP,2025-06-30T22:29:46.657778104Z,01JZ1F2TBXEZEKPK7X854K54D8,2025-06-30T22:29:46.657778104Z,01JZ1F45JS6TFXTD2Q00PGG1NH,2025-06-30T22:29:46.657778104Z
01JZ1GWA2C58F3CV2QFQJB00BP,01JZ1G29Q82GQAKEXSK2E7NK3R,2025-06-30T22:56:14.412090826Z,01JZ1G2A58JMFV91VV93EGJJQY,2025-06-30T22:56:14.412090826Z,01JZ1GV1M5Q32ZNQW2E45R5EH9,2025-06-30T22:56:14.412090826Z,01JZ1GW3ANP10W1MY31QTVWTGJ,2025-06-30T22:56:14.412090826Z
01JZ180GVE7ZBGSJGF52ZGABPG,01JZ170DPRHYGRH6M74WMGZ8J5,2025-06-30T20:21:15.246064479Z,01JZ170DSP5HFMBRZWFQV8RFVC,2025-06-30T20:21:15.246064479Z,01JZ178B4PCAFGN9QS0GJ0TQ84,2025-06-30T20:21:15.246064479Z,01JZ17RSJTNPRC3C8ZY6Y2ZSYJ,2025-06-30T20:21:15.246064479Z
01JZ18SJQH3X9ZH64TR5W0ZNCB,01JZ18G4TN4FH7205KTQTFE7PM,2025-06-30T20:34:56.369470224Z,01JZ18G4ZPD0G0WRB3ZSNJ4KSW,2025-06-30T20:34:56.369470224Z,01JZ18JPR0CJ8HT66ZQ08VW9PH,2025-06-30T20:34:56.369470224Z,01JZ18QMDSQREXVSZ9J332HVG7,2025-06-30T20:34:56.369470224Z
01JZ1BX6PR92Q82BZ61JQRH0W8,01JZ1B1VZ9TM9N3252XVVAH9DZ,2025-06-30T21:29:20.856863019Z,01JZ1B1W5TAZ0C76DBH0ZAEY5X,2025-06-30T21:29:20.856863019Z,01JZ1B3Y49GJFDA022ZKPSHE7M,2025-06-30T21:29:20.856863019Z,01JZ1BNNH562Q854YV4P9FQ9JA,2025-06-30T21:29:20.856863019Z
01JZ1FC68B37QFRTS3VT4ZFF6D,01JZ1E916HBESJXS5SJ82BFZ21,2025-06-30T22:29:57.644003527Z,01JZ1E91SWVSXS6FK33QCMH9SP,2025-06-30T22:29:57.644003527Z,01JZ1EJSF3D74SJNMB9KEWHKK2,2025-06-30T22:29:57.644003527Z,01JZ1F45GMFQYW3BNGKJHGM9H3,2025-06-30T22:29:57.644003527Z
01JZ1GVMDMNBQKNNF2B4JAR0S5,01JZ1G29Q82GQAKEXSK2E7NK3R,2025-06-30T22:55:52.244384835Z,01JZ1G2A9825Q9R0AFVXQNTR63,2025-06-30T22:55:52.244384835Z,01JZ1G559C6P7CY3FSGY2MAEHK,2025-06-30T22:55:52.244384835Z,01JZ1GKM8S9MZ9Y3HXTH4K06P3,2025-06-30T22:55:52.244384835Z
01JZ17M3FN2FA40GQWTA9AGWFG,01JZ170DPRHYGRH6M74WMGZ8J5,2025-06-30T20:14:28.341896331Z,01JZ170DSTXK5Z1DV671606E6A,2025-06-30T20:14:28.341896331Z,01JZ17BGC64Z781MGW1Y4T7SRJ,2025-06-30T20:14:28.341896331Z,01JZ17J85FH6ZCHDJEZZH3F672,2025-06-30T20:14:28.341896331Z
01JZ17YQM0Z0ZQW9YJ3VCKK47T,01JZ170DPRHYGRH6M74WMGZ8J5,2025-06-30T20:20:16.640412997Z,01JZ170DRV33K8D9D9ZMQKAW2D,2025-06-30T20:20:16.640412997Z,01JZ17F29KQA44VJC80QGCAS6X,2025-06-30T20:20:16.640412997Z,01JZ17PPHN9RJYD8FZ3BDFYGXP,2025-06-30T20:20:16.640412997Z
01JZ18VRZN8TMQHGEX5J55CCHE,01JZ18G4TN4FH7205KTQTFE7PM,2025-06-30T20:36:08.309206273Z,01JZ18G508W9SSEDAT6B79GZND,2025-06-30T20:36:08.309206273Z,01JZ18NT2QY0K3T67RMTHTZ875,2025-06-30T20:36:08.309206273Z,01JZ18STHY2VTQFD4CXMK2KF14,2025-06-30T20:36:08.309206273Z
01JZ1ACNQ7XHN796QSC2EMA0AF,01JZ19VEXCKVX740B60X4W6PQN,2025-06-30T21:02:50.599647165Z,01JZ19VF5YA4VZJRJDVJVY1XBY,2025-06-30T21:02:50.599647165Z,01JZ1A4C7ZG2R9MAMN2NVT495T,2025-06-30T21:02:50.599647165Z,01JZ1AAR361JZ1CYXHJ50PJVG2,2025-06-30T21:02:50.599647165Z
01JZ192KXHP5X54385PHFY2QCM,01JZ18QHX9XGN83K6T42FK97D5,2025-06-30T20:39:52.497257621Z,01JZ18QHZ9KPT0XZ66BZ9ZB89K,2025-06-30T20:39:52.497257621Z,01JZ18YPKHPP41HP4A0Q4F3DHM,2025-06-30T20:39:52.497257621Z,01JZ190NH1278RPC2MCD2QJWTN,2025-06-30T20:39:52.497257621Z
01JZ1ATV0WZ4NSAT1EG1DCJ8J6,01JZ19VEXCKVX740B60X4W6PQN,2025-06-30T21:10:34.780795079Z,01JZ19VF3FCDRKA7RA8CE3SQDH,2025-06-30T21:10:34.780795079Z,01JZ19WY3ATKAJQ5V1K5TAB38J,2025-06-30T21:10:34.780795079Z,01JZ1AK0FG87FE5VK2WQYRA4AC,2025-06-30T21:10:34.780795079Z
01JZ17P4ZPXB6SZ4AW09D53G8V,01JZ170DPRHYGRH6M74WMGZ8J5,2025-06-30T20:15:35.414832316Z,01JZ170DSR5F2SARFX61BD5BFD,2025-06-30T20:15:35.414832316Z,01JZ17HAYAY9BSFK3RQNTEMCZ6,2025-06-30T20:15:35.414832316Z,01JZ17M8SSZ2QHECS5BA0DPMCQ,2025-06-30T20:15:35.414832316Z
01JZ17T8FDXSBQ85JG7X3C57WC,01JZ170DPRHYGRH6M74WMGZ8J5,2025-06-30T20:17:50.061725896Z,01JZ170DSTXK5Z1DV671606E6A,2025-06-30T20:17:50.061725896Z,01JZ17995N07DABBEZWSHQJ20N,2025-06-30T20:17:50.061725896Z,01JZ17J85SANMZWN2QB7PBGCW6,2025-06-30T20:17:50.061725896Z
01JZ17W57KA6GDTR8Q3XD1FTN1,01JZ170DPRHYGRH6M74WMGZ8J5,2025-06-30T20:18:52.275490522Z,01JZ170DS434CCJM920K0JDY80,2025-06-30T20:18:52.275490522Z,01JZ17B8EAMA6MXWF42Y5PVE7P,2025-06-30T20:18:52.275490522Z,01JZ17MESMPWPZJ1XK6T8SDFSR,2025-06-30T20:18:52.275490522Z
01JZ17S28Z3BJMK20AVCZSF2J5,01JZ170DPRHYGRH6M74WMGZ8J5,2025-06-30T20:17:10.943631986Z,01JZ170DRXVGFVP20P8DK3M491,2025-06-30T20:17:10.943631986Z,01JZ17E3Q68P56EVHYKCV88P7R,2025-06-30T20:17:10.943631986Z,01JZ17H2JWJMBDAZPE9P38DECW,2025-06-30T20:17:10.943631986Z
01JZ17WZRSFDNJQCBP3YAFKKQS,01JZ170DPRHYGRH6M74WMGZ8J5,2025-06-30T20:19:19.449968914Z,01JZ170DSMJZPS89ZBMFZ7ATK7,2025-06-30T20:19:19.449968914Z,01JZ17DZ6QV2B73JE2W9M5K3SC,2025-06-30T20:19:19.449968914Z,01JZ17MYEHBQM2VDSAQZ2CF179,2025-06-30T20:19:19.449968914Z
01JZ1901383E9F1DDVSWRVGZC0,01JZ18G4TN4FH7205KTQTFE7PM,2025-06-30T20:38:27.688210223Z,01JZ18G512YK4K14AJW1A4KQT5,2025-06-30T20:38:27.688210223Z,01JZ18P8E791PBV9BDRV76VVRH,2025-06-30T20:38:27.688210223Z,01JZ18R8C449S3PJKZXB5RXQ2D,2025-06-30T20:38:27.688210223Z
01JZ1AAV0AS6HTTXHK7QX8XXG4,01JZ19VEXCKVX740B60X4W6PQN,2025-06-30T21:01:50.474885061Z,01JZ19VF1X4TGM9HTAVFF08YB3,2025-06-30T21:01:50.474885061Z,01JZ19YSKES03CBT0DQ4XQZD4Y,2025-06-30T21:01:50.474885061Z,01JZ1A31V3EJ1Y2YEGMA5AZKE4,2025-06-30T21:01:50.474885061Z
01JZ1AZGAQ42TTDHZ7SBP78584,01JZ19VEXCKVX740B60X4W6PQN,2025-06-30T21:13:07.6711432Z,01JZ19VF4XXDC5SP97SM18G8VM,2025-06-30T21:13:07.6711432Z,01JZ19XD6XDCZFB3F08CC7HS0Y,2025-06-30T21:13:07.6711432Z,01JZ1AQBGFVYCSP9N6MQYTQFEK,2025-06-30T21:13:07.6711432Z
01JZ1DQPW2SP27HWEYB5NJZ20Q,01JZ1D0RX94M7HHBAJDNGV8QRS,2025-06-30T22:01:17.954538445Z,01JZ1D0S064NT759Q480WCA8PK,2025-06-30T22:01:17.954538445Z,01JZ1D7QQ9A97C7JTBZNPKRB8Y,2025-06-30T22:01:17.954538445Z,01JZ1DFXV9T1EVC6HZV4AB9RYD,2025-06-30T22:01:17.954538445Z
01JZ1F1R0SQ0TC3XPEVGBPF7DZ,01JZ1E916HBESJXS5SJ82BFZ21,2025-06-30T22:24:15.385801918Z,01JZ1E926BWK6TV1HDSC3ZQW4Y,2025-06-30T22:24:15.385801918Z,01JZ1EQKR69J0BQM6378QJ8X8Y,2025-06-30T22:24:15.385801918Z,01JZ1EST9KR55851P7X2GXT01Q,2025-06-30T22:24:15.385801918Z
01JZ1F68240D6W1HC8YZWES7KS,01JZ1E916HBESJXS5SJ82BFZ21,2025-06-30T22:26:42.884964304Z,01JZ1E91WFH0SPDF0PZ6G1349X,2025-06-30T22:26:42.884964304Z,01JZ1EAPTEQ3YCZAND0ZRHWRT7,2025-06-30T22:26:42.884964304Z,01JZ1EY0XJ2C8YVSWG7BRMYZAF,2025-06-30T22:26:42.884964304Z
01JZ1GDXX9Y2SQYCS522C1N63N,01JZ1G29Q82GQAKEXSK2E7NK3R,2025-06-30T22:48:23.20989934Z,01JZ1G2A6YM039KVE3FBKDN5TM,2025-06-30T22:48:23.20989934Z,01JZ1G8WT4QHCTZSBPJCV6WM6W,2025-06-30T22:48:23.20989934Z,01JZ1GDRN0Y8FMK1BDZD9Y2P99,2025-06-30T22:48:23.20989934Z
01JZ17QMCQ5FYHXMXDM1RE8G35,01JZ170DPRHYGRH6M74WMGZ8J5,2025-06-30T20:16:23.95909113Z,01JZ170DSXXMDA003X79NFA4N0,2025-06-30T20:16:23.95909113Z,01JZ17A9YQ3219RYQEV7GA1K4B,2025-06-30T20:16:23.95909113Z,01JZ17NRSETRAHA86XGKD3ZGNV,2025-06-30T20:16:23.95909113Z
01JZ18R2K9XNW9KYQ5PXE59HTG,01JZ18G4TN4FH7205KTQTFE7PM,2025-06-30T20:34:07.081602695Z,01JZ18G4XDWA3A08Y0HZ5HSAAF,2025-06-30T20:34:07.081602695Z,01JZ18K35P2QZ1SSJHQYJ2X8Z7,2025-06-30T20:34:07.081602695Z,01JZ18R0YQXPRFN6T3JT8B6MYT,2025-06-30T20:34:07.081602695Z
01JZ190CCHRJKDKYY1TGK5JTNN,01JZ18G4TN4FH7205KTQTFE7PM,2025-06-30T20:38:39.249515037Z,01JZ18G4XDWA3A08Y0HZ5HSAAF,2025-06-30T20:38:39.249515037Z,01JZ18JX7AQFGHWSY2V5AEBRM0,2025-06-30T20:38:39.249515037Z,01JZ18R104VYMDDRK1QJHT9RQ9,2025-06-30T20:38:39.249515037Z
01JZ1925V0X8TMYKS3HGE8GM4W,01JZ18QHX9XGN83K6T42FK97D5,2025-06-30T20:39:38.080070531Z,01JZ18QHYY9H3H8G0D5BR000CA,2025-06-30T20:39:38.080070531Z,01JZ18TPQGGX70KYFXP5KFA0ZD,2025-06-30T20:39:38.080070531Z,01JZ1903BN7V6B2N7AMWNTAWGG,2025-06-30T20:39:38.080070531Z
01JZ197SFYC873ZMR10QVWPSSM,01JZ18QHX9XGN83K6T42FK97D5,2025-06-30T20:42:42.046197365Z,01JZ18QHYY9H3H8G0D5BR000CA,2025-06-30T20:42:42.046197365Z,01JZ18VF3QW244H0X63X0AZG1Z,2025-06-30T20:42:42.046197365Z,01JZ1903GX535CTZP2QSYEN36R,2025-06-30T20:42:42.046197365Z
01JZ1GNNBF5TSVWWPJDQV6EB4C,01JZ1G29Q82GQAKEXSK2E7NK3R,2025-06-30T22:52:36.591108361Z,01JZ1G2A3Q53QEYHDQX68WVVKH,2025-06-30T22:52:36.591108361Z,01JZ1G4QT3J0N96RSDER5H66SR,2025-06-30T22:52:36.591108361Z,01JZ1GE1B7S3CJGC5P0WWB4XPP,2025-06-30T22:52:36.591108361Z
01JZ17KHBZM73H9RNVR690BN7M,01JZ170DPRHYGRH6M74WMGZ8J5,2025-06-30T20:14:09.791810961Z,01JZ170DS8YWG03GZVY59N3JD0,2025-06-30T20:14:09.791810961Z,01JZ176HDV9KWWBADR549HVXXJ,2025-06-30T20:14:09.791810961Z,01JZ17HNMQAAW5HV1NJ3KN0TDP,2025-06-30T20:14:09.791810961Z
01JZ17MZQWXQBAM1421EXQQJ2H,01JZ170DPRHYGRH6M74WMGZ8J5,2025-06-30T20:14:57.276627989Z,01JZ170DSMJZPS89ZBMFZ7ATK7,2025-06-30T20:14:57.276627989Z,01JZ17ECC07JKYK10HK5BT3SZQ,2025-06-30T20:14:57.276627989Z,01JZ17MYD7WSKX1DNA84EQZJF1,2025-06-30T20:14:57.276627989Z
01JZ1826JRWW5Q3GR8SQNVGA15,01JZ170DPRHYGRH6M74WMGZ8J5,2025-06-30T20:22:10.264635784Z,01JZ170DS9MMA8EZAVKYS5SMHX,2025-06-30T20:22:10.264635784Z,01JZ17HFJ1YVGFVR94GB9T8A4P,2025-06-30T20:22:10.264635784Z,01JZ17TR6X8TWBF7X6J4SZFVJ8,2025-06-30T20:22:10.264635784Z
01JZ18SAMM1GPVW46XTSDWS5BR,01JZ18G4TN4FH7205KTQTFE7PM,2025-06-30T20:34:48.084321516Z,01JZ18G4Z7SR18DC8PDBR22HS5,2025-06-30T20:34:48.084321516Z,01JZ18JCX14E3JYTT1AT1DNHJS,2025-06-30T20:34:48.084321516Z,01JZ18S8VF5J1VCYDTJZFPF4QA,2025-06-30T20:34:48.084321516Z
01JZ1BNSDA9AFSG4P40XT7KJK5,01JZ1B1VZ9TM9N3252XVVAH9DZ,2025-06-30T21:25:17.866744589Z,01JZ1B1W5TAZ0C76DBH0ZAEY5X,2025-06-30T21:25:17.866744589Z,01JZ1B42FGZXM24HBWN8AZM67K,2025-06-30T21:25:17.866744589Z,01JZ1BNNDP6X2S9Y1STMRSC69M,2025-06-30T21:25:17.866744589Z
01JZ1DH3A2E4Y4S4XYG641G3AD,01JZ1D0RX94M7HHBAJDNGV8QRS,2025-06-30T21:57:41.314589211Z,01JZ1D0S58CJJ0G6BA8AW8ZVCS,2025-06-30T21:57:41.314589211Z,01JZ1D2JACBKKH4S9P6DT2Z2QZ,2025-06-30T21:57:41.314589211Z,01JZ1D9756PBGFTZ2YP6F5YZFW,2025-06-30T21:57:41.314589211Z
01JZ17SKVKD8Q4AR9932K3GN7P,01JZ170DPRHYGRH6M74WMGZ8J5,2025-06-30T20:17:28.947550341Z,01JZ170DSTXK5Z1DV671606E6A,2025-06-30T20:17:28.947550341Z,01JZ17BGC64Z781MGW1Y4T7SRJ,2025-06-30T20:17:28.947550341Z,01JZ17J85HSFJ5VF5EC9WG406J,2025-06-30T20:17:28.947550341Z
01JZ17TWB2FNYB3GTQ9KHSQEB0,01JZ170DPRHYGRH6M74WMGZ8J5,2025-06-30T20:18:10.402401751Z,01JZ170DSWJ6311N72HPSQWG9K,2025-06-30T20:18:10.402401751Z,01JZ178W441J2YAZ2W6GRZFTRA,2025-06-30T20:18:10.402401751Z,01JZ17KG4GY236VDZCYE8QS8G2,2025-06-30T20:18:10.402401751Z
01JZ17XS5SXARAPJYYPSFDN0SP,01JZ170DPRHYGRH6M74WMGZ8J5,2025-06-30T20:19:45.465438135Z,01JZ170DSXXMDA003X79NFA4N0,2025-06-30T20:19:45.465438135Z,01JZ17DZPC160FQJMAZ5KCFYDP,2025-06-30T20:19:45.465438135Z,01JZ17NRS66B2XN3XYTK9HZXA6,2025-06-30T20:19:45.465438135Z
01JZ18SYHTT2DQRTG105X88B31,01JZ18G4TN4FH7205KTQTFE7PM,2025-06-30T20:35:08.474522344Z,01JZ18G4XDWA3A08Y0HZ5HSAAF,2025-06-30T20:35:08.474522344Z,01JZ18N4BCMMEGJT5ZAJGY6HHX,2025-06-30T20:35:08.474522344Z,01JZ18R0Z5Z926ZA90YM7MYTK3,2025-06-30T20:35:08.474522344Z
01JZ18XR6KAPT6FF5NX18Q57HM,01JZ18G4TN4FH7205KTQTFE7PM,2025-06-30T20:37:13.043453487Z,01JZ18G4X5EPR69QT64DVYQXFJ,2025-06-30T20:37:13.043453487Z,01JZ18M07T82RGAMZEPD0QD6Q9,2025-06-30T20:37:13.043453487Z,01JZ18PAPJXR5K55YMBBDH8RCF,2025-06-30T20:37:13.043453487Z
01JZ17SBVS6TBXPS29K553262M,01JZ170DPRHYGRH6M74WMGZ8J5,2025-06-30T20:17:20.761464656Z,01JZ170DS8YWG03GZVY59N3JD0,2025-06-30T20:17:20.761464656Z,01JZ17FA2MQ87XVRF9HC0R27GC,2025-06-30T20:17:20.761464656Z,01JZ17HNMFBJ73AV6PBJ6E0ZQ5,2025-06-30T20:17:20.761464656Z
01JZ1ATV3HJ583JV8D0AF1VJXS,01JZ19VEXCKVX740B60X4W6PQN,2025-06-30T21:10:34.865050527Z,01JZ19VF3FCDRKA7RA8CE3SQDH,2025-06-30T21:10:34.865050527Z,01JZ19ZZZP5WTAHKTYB8XNJEC6,2025-06-30T21:10:34.865050527Z,01JZ1AK0FG87FE5VK2WQYRA4AC,2025-06-30T21:10:34.865050527Z
01JZ1GWX4ZPY8M2QQDBYQY4A0V,01JZ1G29Q82GQAKEXSK2E7NK3R,2025-06-30T22:56:33.951756228Z,01JZ1G29XRNS92G9JYEX4H033M,2025-06-30T22:56:33.951756228Z,01JZ1G6RSPQGYECJMX7N6G6VY8,2025-06-30T22:56:33.951756228Z,01JZ1GM6FVX8G2G466W7T4K4VT,2025-06-30T22:56:33.951756228Z
01JZ17WB96MH8MY5Q7K64PZ1RE,01JZ170DPRHYGRH6M74WMGZ8J5,2025-06-30T20:18:58.470180049Z,01JZ170DSMJZPS89ZBMFZ7ATK7,2025-06-30T20:18:58.470180049Z,01JZ178V1SBS1YEEZCW5R3AAJF,2025-06-30T20:18:58.470180049Z,01JZ17MYEAFDF08CXGPM4NR36C,2025-06-30T20:18:58.470180049Z
01JZ182GTTCVNCFJHAV637AQAH,01JZ170DPRHYGRH6M74WMGZ8J5,2025-06-30T20:22:20.762912374Z,01JZ170DS9MMA8EZAVKYS5SMHX,2025-06-30T20:22:20.762912374Z,01JZ17CPP7Y270N83EX04850B6,2025-06-30T20:22:20.762912374Z,01JZ17TR5WS052RB5963SEQK02,2025-06-30T20:22:20.762912374Z
01JZ18QQ9YJNJ6KN42HYM1Z570,01JZ18G4TN4FH7205KTQTFE7PM,2025-06-30T20:33:55.518218403Z,01JZ18G4ZPD0G0WRB3ZSNJ4KSW,2025-06-30T20:33:55.518218403Z,01JZ18KCY0QBBH8XGZWTQZ78V6,2025-06-30T20:33:55.518218403Z,01JZ18QMC3ZA9P1743X1HXFWMC,2025-06-30T20:33:55.518218403Z
01JZ1CMDZVGZWWMGNY0GRENPZE,01JZ1C4XJFQQ45ZHGATAXVBX0J,2025-06-30T21:42:01.979602313Z,01JZ1C4XNE4VHGMR9JDZS6Y7F9,2025-06-30T21:42:01.979602313Z,01JZ1CF267R4DM5CMXPS4VKSEE,2025-06-30T21:42:01.979602313Z,01JZ1CM9HSWSHAX9FB9M6KQ29W,2025-06-30T21:42:01.979602313Z
01JZ1GR1YA4NHBD46QN23BBECW,01JZ1G29Q82GQAKEXSK2E7NK3R,2025-06-30T22:53:55.018717061Z,01JZ1G2A24PAZYJHH2EQFGJG7N,2025-06-30T22:53:55.018717061Z,01JZ1G82YG8RECYV7TAMBGD9YX,2025-06-30T22:53:55.018717061Z,01JZ1GG47F5D37BWGM2YWNPGR3,2025-06-30T22:53:55.018717061Z
01JZ1826H6C156MG84FG8WE93M,01JZ170DPRHYGRH6M74WMGZ8J5,2025-06-30T20:22:10.214055977Z,01JZ170DS9MMA8EZAVKYS5SMHX,2025-06-30T20:22:10.214055977Z,01JZ17CPP7Y270N83EX04850B6,2025-06-30T20:22:10.214055977Z,01JZ17TR6X8TWBF7X6J4SZFVJ8,2025-06-30T20:22:10.214055977Z
01JZ190V36BJE5570VX84Q7HSN,01JZ18G4TN4FH7205KTQTFE7PM,2025-06-30T20:38:54.310191306Z,01JZ18G4WPK6V9JKZAVKNYS3NB,2025-06-30T20:38:54.310191306Z,01JZ18K4JZ90XMGGNXMJGKEJ5P,2025-06-30T20:38:54.310191306Z,01JZ18RRA89V0ND20E0G84EPSM,2025-06-30T20:38:54.310191306Z
01JZ1AJJP6E8JJKN1WK1DEST6X,01JZ19VEXCKVX740B60X4W6PQN,2025-06-30T21:06:04.102542798Z,01JZ19VF81DTYMGWYB0TAJKDWY,2025-06-30T21:06:04.102542798Z,01JZ19Y0D04KSPZSGRXD2GWN5G,2025-06-30T21:06:04.102542798Z,01JZ1AABP7JRKCT0WVXFR6GX4V,2025-06-30T21:06:04.102542798Z
01JZ1CW7HS3AW18TF3JWHHJBT7,01JZ1C4XJFQQ45ZHGATAXVBX0J,2025-06-30T21:46:17.529952988Z,01JZ1C4XNE4VHGMR9JDZS6Y7F9,2025-06-30T21:46:17.529952988Z,01JZ1CHHENXRFPD7VNDFKQ5330,2025-06-30T21:46:17.529952988Z,01JZ1CM9PHKQR6ZRV6WZC89ZRV,2025-06-30T21:46:17.529952988Z
01JZ1DEM4KPCTB3GHSKA6QCQE3,01JZ1D0RX94M7HHBAJDNGV8QRS,2025-06-30T21:56:20.243817261Z,01JZ1D0S14X3T6948SDJVF454K,2025-06-30T21:56:20.243817261Z,01JZ1D3Y76V55J2284DH2783V0,2025-06-30T21:56:20.243817261Z,01JZ1DCMNY0VAHZRBKPHM6R6CB,2025-06-30T21:56:20.243817261Z
01JZ17J8PA5VX99YXWWVDVMC12,01JZ170DPRHYGRH6M74WMGZ8J5,2025-06-30T20:13:28.138651976Z,01JZ170DSTXK5Z1DV671606E6A,2025-06-30T20:13:28.138651976Z,01JZ17995N07DABBEZWSHQJ20N,2025-06-30T20:13:28.138651976Z,01JZ17J857XXAY88RJQ7RDXDN1,2025-06-30T20:13:28.138651976Z
01JZ17QNWAVADW9SQRJN2ECJKV,01JZ170DPRHYGRH6M74WMGZ8J5,2025-06-30T20:16:25.482295561Z,01JZ170DS0283SZNEN95XAWWS4,2025-06-30T20:16:25.482295561Z,01JZ17J8N9NAW1ASAH1NWPJBAP,2025-06-30T20:16:25.482295561Z,01JZ17NT7VKFDEH0WZ6ZY88ZPG,2025-06-30T20:16:25.482295561Z
01JZ17T8GGPJKJNRW5WYG47VFE,01JZ170DPRHYGRH6M74WMGZ8J5,2025-06-30T20:17:50.096424104Z,01JZ170DSTXK5Z1DV671606E6A,2025-06-30T20:17:50.096424104Z,01JZ17BGC64Z781MGW1Y4T7SRJ,2025-06-30T20:17:50.096424104Z,01JZ17J85SANMZWN2QB7PBGCW6,2025-06-30T20:17:50.096424104Z
01JZ18YBNX196Y01076P9WACTJ,01JZ18G4TN4FH7205KTQTFE7PM,2025-06-30T20:37:32.989987081Z,01JZ18G50PJASP911XB82AW46K,2025-06-30T20:37:32.989987081Z,01JZ18JWY9W1XWEWVGSNZXRKZN,2025-06-30T20:37:32.989987081Z,01JZ18P6NXZT0V7P3PR4SE8Z8C,2025-06-30T20:37:32.989987081Z
01JZ18YV17S45VH09HDZTBTQWZ,01JZ18G4TN4FH7205KTQTFE7PM,2025-06-30T20:37:48.711543412Z,01JZ18G4Y1ABZPJ815NAWEN19T,2025-06-30T20:37:48.711543412Z,01JZ18JTT4THQJ9FYDDES7JX1C,2025-06-30T20:37:48.711543412Z,01JZ18PMFWXRBMGQD7EAMQ4QF6,2025-06-30T20:37:48.711543412Z
01JZ18ZZ3SYYQDGFMKG2JRVA8K,01JZ18G4TN4FH7205KTQTFE7PM,2025-06-30T20:38:25.657648324Z,01JZ18G4ZZG5A688HVVJGKBFVW,2025-06-30T20:38:25.657648324Z,01JZ18JE9A6THSRA3515C4Q3GE,2025-06-30T20:38:25.657648324Z,01JZ18RFRDFAMMNBDDR8ZFEFZN,2025-06-30T20:38:25.657648324Z
01JZ17RJ83F7PGSAFPH56DDEMV,01JZ170DPRHYGRH6M74WMGZ8J5,2025-06-30T20:16:54.531644645Z,01JZ170DRV33K8D9D9ZMQKAW2D,2025-06-30T20:16:54.531644645Z,01JZ17DQR0WXBVGZE5VFC3T0EF,2025-06-30T20:16:54.531644645Z,01JZ17PPGX7JSSK85PVP6H7NR4,2025-06-30T20:16:54.531644645Z
01JZ17VZJG29T3JWXKK2AM0JRD,01JZ170DPRHYGRH6M74WMGZ8J5,2025-06-30T20:18:46.480373352Z,01JZ170DSR5F2SARFX61BD5BFD,2025-06-30T20:18:46.480373352Z,01JZ17BSGD1ZFE3AGW45TSH40F,2025-06-30T20:18:46.480373352Z,01JZ17M8TM93SNDEV4TKQ8G5N0,2025-06-30T20:18:46.480373352Z
01JZ1ATGPNAD4QEDQTH00Q5943,01JZ19VEXCKVX740B60X4W6PQN,2025-06-30T21:10:24.213112648Z,01JZ19VF3FCDRKA7RA8CE3SQDH,2025-06-30T21:10:24.213112648Z,01JZ19ZZZP5WTAHKTYB8XNJEC6,2025-06-30T21:10:24.213112648Z,01JZ1AK0G5B46WY2VWCGE07ZNR,2025-06-30T21:10:24.213112648Z
01JZ17SR9ZVSTC6WNP8JRCWFBY,01JZ170DPRHYGRH6M74WMGZ8J5,2025-06-30T20:17:33.503998747Z,01JZ170DSBT7R80F1BC6BFNZAP,2025-06-30T20:17:33.503998747Z,01JZ17E2HGHQEBNZ4BGFQ4PF6N,2025-06-30T20:17:33.503998747Z,01JZ17JC34NY9C5XTJE3ETGWA3,2025-06-30T20:17:33.503998747Z
01JZ1AGB6PV38KC2C4T35C60GT,01JZ19VEXCKVX740B60X4W6PQN,2025-06-30T21:04:50.90218194Z,01JZ19VF9WCS5BMDRCPXZK6ZBF,2025-06-30T21:04:50.90218194Z,01JZ19XSD6SYGG49Q271DJ23J5,2025-06-30T21:04:50.90218194Z,01JZ1A8RSRN8NWX633AN587X7F,2025-06-30T21:04:50.90218194Z
01JZ1AYV4N13AM5YQS49FHCXQ6,01JZ19VEXCKVX740B60X4W6PQN,2025-06-30T21:12:45.973384859Z,01JZ19VF4XXDC5SP97SM18G8VM,2025-06-30T21:12:45.973384859Z,01JZ1AFP0ZSM5GDN23SMJMVZTW,2025-06-30T21:12:45.973384859Z,01JZ1AQBHRMVHPE1YZ6WFANPW5,2025-06-30T21:12:45.973384859Z
01JZ1BAMQTRPMY4DEAHPHAZ5ZX,01JZ1B1VZ9TM9N3252XVVAH9DZ,2025-06-30T21:19:12.634073324Z,01JZ1B1W6S117BH8HCA7NH9R7E,2025-06-30T21:19:12.634073324Z,01JZ1B3PFQZWK1B01E0NW7J1B1,2025-06-30T21:19:12.634073324Z,01JZ1BAHADH4W4M1AJ6DNKBPWK,2025-06-30T21:19:12.634073324Z
01JZ1DMV8BQW06SH03J2X874G5,01JZ1D0RX94M7HHBAJDNGV8QRS,2025-06-30T21:59:44.13933901Z,01JZ1D0S14X3T6948SDJVF454K,2025-06-30T21:59:44.13933901Z,01JZ1D8RW634M5KPJ3DDHQYDRD,2025-06-30T21:59:44.13933901Z,01JZ1DCMRJJ169TVNGDT370T2P,2025-06-30T21:59:44.13933901Z
01JZ1GMGGHSKMBG271NJR60DX6,01JZ1G29Q82GQAKEXSK2E7NK3R,2025-06-30T22:51:58.865871655Z,01JZ1G2ACHC2PPHGNQVYG69GCY,2025-06-30T22:51:58.865871655Z,01JZ1ESY682HMD53AEGK9VD2YT,2025-06-30T22:51:58.865871655Z,01JZ1GJG6VNG9PMWWVXAT59KAK,2025-06-30T22:51:58.865871655Z
01JZ1GWC4BS1WQJ4Q0PSR9E2SN,01JZ1G29Q82GQAKEXSK2E7NK3R,2025-06-30T22:56:16.523491249Z,01JZ1G29XRNS92G9JYEX4H033M,2025-06-30T22:56:16.523491249Z,01JZ1G630GW64096KNZNG4RDAZ,2025-06-30T22:56:16.523491249Z,01JZ1GM6DB22EFXGY7Q9EF30Y5,2025-06-30T22:56:16.523491249Z
01JZ1CCJAT386ZQX6GJN23NX8R,01JZ1BX7WQMA45G0E33EEHJ3V9,2025-06-30T21:37:44.282586584Z,01JZ1BX82RNFGPPA94NES9507T,2025-06-30T21:37:44.282586584Z,01JZ1C8ESVRXKY79BT9BNGMME4,2025-06-30T21:37:44.282586584Z,01JZ1CAKRPM2RTKQN4NF25GQNV,2025-06-30T21:37:44.282586584Z
01JZ1DR1X1XHKEFXNG9YMY9MDK,01JZ1D0RX94M7HHBAJDNGV8QRS,2025-06-30T22:01:29.249410194Z,01JZ1D0S064NT759Q480WCA8PK,2025-06-30T22:01:29.249410194Z,01JZ1DEJMJQ3008TVKPGG206S9,2025-06-30T22:01:29.249410194Z,01JZ1DFXRMFQK07Q91HG8QCYJ2,2025-06-30T22:01:29.249410194Z
01JZ1EWZ6XE7QQVZ5S8ZYSW5H6,01JZ1E916HBESJXS5SJ82BFZ21,2025-06-30T22:21:38.909565097Z,01JZ1E91MDHZVF6NVBEDDVGZWT,2025-06-30T22:21:38.909565097Z,01JZ1EARG6K6VN1DMMBQHNE2WC,2025-06-30T22:21:38.909565097Z,01JZ1EWVJYDP3B4WNCZ8BTA5T5,2025-06-30T22:21:38.909565097Z
01JZ1GP1HA1B6E2GGB1D55VW0K,01JZ1G29Q82GQAKEXSK2E7NK3R,2025-06-30T22:52:49.066503959Z,01JZ1G2A6YM039KVE3FBKDN5TM,2025-06-30T22:52:49.066503959Z,01JZ1G8WT4QHCTZSBPJCV6WM6W,2025-06-30T22:52:49.066503959Z,01JZ1GDRVTRVBNPQ0V4C3E11WJ,2025-06-30T22:52:49.066503959Z
01JZ17M3FVWN0NR04ES1VMXAJX,01JZ170DPRHYGRH6M74WMGZ8J5,2025-06-30T20:14:28.347863235Z,01JZ170DSTXK5Z1DV671606E6A,2025-06-30T20:14:28.347863235Z,01JZ17CV56KYXDEZD0V6G3R2C0,2025-06-30T20:14:28.347863235Z,01JZ17J85FH6ZCHDJEZZH3F672,2025-06-30T20:14:28.347863235Z
01JZ17TCG04TZG8D18BX9KFEVN,01JZ170DPRHYGRH6M74WMGZ8J5,2025-06-30T20:17:54.17631352Z,01JZ170DSBT7R80F1BC6BFNZAP,2025-06-30T20:17:54.17631352Z,01JZ17EXP8SEZEBZPSE6GPG8ZM,2025-06-30T20:17:54.17631352Z,01JZ17JC2ZXBJJNHC0TSAETRRS,2025-06-30T20:17:54.17631352Z
01JZ17TWA3E3CWZ6CYR16HDCC8,01JZ170DPRHYGRH6M74WMGZ8J5,2025-06-30T20:18:10.372014155Z,01JZ170DSWJ6311N72HPSQWG9K,2025-06-30T20:18:10.372014155Z,01JZ17HR3SKAZC9R19A608NCQK,2025-06-30T20:18:10.372014155Z,01JZ17KG4GY236VDZCYE8QS8G2,2025-06-30T20:18:10.372014155Z
01JZ1905TFA34B8Q7CEN0EA8P4,01JZ18G4TN4FH7205KTQTFE7PM,2025-06-30T20:38:32.527773655Z,01JZ18G4YK3PSP6R2PNWBA4P8S,2025-06-30T20:38:32.527773655Z,01JZ18HYEVQSC277Q1HCSHCSWE,2025-06-30T20:38:32.527773655Z,01JZ18QW9EXF247TKVE8F2HXX6,2025-06-30T20:38:32.527773655Z
01JZ1ACKNVM3D5V1CF5F8NS1BE,01JZ19VEXCKVX740B60X4W6PQN,2025-06-30T21:02:48.507945343Z,01JZ19VF6XEW5FG377QGXCTRD1,2025-06-30T21:02:48.507945343Z,01JZ1A9RXDVME7RYXTWFBGWCFN,2025-06-30T21:02:48.507945343Z,01JZ1ACG4HW6PFHHMR21QG9MSA,2025-06-30T21:02:48.507945343Z
01JZ1AZG8Q5B386EJVB1W11F7M,01JZ19VEXCKVX740B60X4W6PQN,2025-06-30T21:13:07.607517Z,01JZ19VF4XXDC5SP97SM18G8VM,2025-06-30T21:13:07.607517Z,01JZ1AHC0761QMCW1DPTW1G44R,2025-06-30T21:13:07.607517Z,01JZ1AQBGFVYCSP9N6MQYTQFEK,2025-06-30T21:13:07.607517Z
01JZ1GTSG76SGQDGF408EW9N8Z,01JZ1G29Q82GQAKEXSK2E7NK3R,2025-06-30T22:55:24.679092685Z,01JZ1G2ACHC2PPHGNQVYG69GCY,2025-06-30T22:55:24.679092685Z,01JZ1G4D5N3JRDG8TQNFBZX41Z,2025-06-30T22:55:24.679092685Z,01JZ1GJG9JNNQVF267AN8JXQ4V,2025-06-30T22:55:24.679092685Z
01JZ1H53ZFX1P30QP02RZHS653,01JZ1G29Q82GQAKEXSK2E7NK3R,2025-06-30T23:01:03.087690133Z,01JZ1G2AATTMJJ07WA2JZ9MF1K,2025-06-30T23:01:03.087690133Z,01JZ1GP55F36DXJQDEYTGWZ556,2025-06-30T23:01:03.087690133Z,01JZ1GWNN7SAHPPWE857THBJJP,2025-06-30T23:01:03.087690133Z
01JZ18TETNG52ZWFAP81TX0QCA,01JZ18G4TN4FH7205KTQTFE7PM,2025-06-30T20:35:25.141830853Z,01JZ18G50G0GKPPCFSW2N0ZNW1,2025-06-30T20:35:25.141830853Z,01JZ18MW05S42NZ47MWBQC7P11,2025-06-30T20:35:25.141830853Z,01JZ18RHFZ729S1GE13DM98H8Z,2025-06-30T20:35:25.141830853Z
01JZ190SX43B0ZY3T4WC53SJ82,01JZ18G4TN4FH7205KTQTFE7PM,2025-06-30T20:38:53.092914554Z,01JZ18G4Z7SR18DC8PDBR22HS5,2025-06-30T20:38:53.092914554Z,01JZ18NQPCFBGJDGFZ54XZESTD,2025-06-30T20:38:53.092914554Z,01JZ18S8WHVH4M4KJ49MQHRMWQ,2025-06-30T20:38:53.092914554Z
01JZ1CW7EQQ8N8TB0H11ZCEMNW,01JZ1C4XJFQQ45ZHGATAXVBX0J,2025-06-30T21:46:17.431238399Z,01JZ1C4XNE4VHGMR9JDZS6Y7F9,2025-06-30T21:46:17.431238399Z,01JZ1CF267R4DM5CMXPS4VKSEE,2025-06-30T21:46:17.431238399Z,01JZ1CM9PHKQR6ZRV6WZC89ZRV,2025-06-30T21:46:17.431238399Z
01JZ1ETWRN1GAMJDG67T86EDEK,01JZ1E916HBESJXS5SJ82BFZ21,2025-06-30T22:20:30.869066788Z,01JZ1E91HHYKGR583PHV4V6JXR,2025-06-30T22:20:30.869066788Z,01JZ1EQAMF1CPBT3C20MBYJDP4,2025-06-30T22:20:30.869066788Z,01JZ1ERV8NQ1N608W7HC4Y405V,2025-06-30T22:20:30.869066788Z
01JZ1BJSYWK7VZFMTBE1FSJSZD,01JZ1B1VZ9TM9N3252XVVAH9DZ,2025-06-30T21:23:40.124657119Z,01JZ1B1W5AJ9N87HJBZ99HRQPJ,2025-06-30T21:23:40.124657119Z,01JZ1B5GACPFWN4R0XMT462FAM,2025-06-30T21:23:40.124657119Z,01JZ1BB7J8Y8W753ARSJ77X4CV,2025-06-30T21:23:40.124657119Z
01JZ17HXGND26FSX8WA786FH0K,01JZ170DPRHYGRH6M74WMGZ8J5,2025-06-30T20:13:16.693112942Z,01JZ170DS434CCJM920VN081CV,2025-06-30T20:13:16.693112942Z,01JZ17ENCSDKWD2M3Q3EC23N1W,2025-06-30T20:13:16.693112942Z,01JZ17HX0WDHJY255DWBEJWHE6,2025-06-30T20:13:16.693112942Z
01JZ17S1R44JJWN5WB5H27CE05,01JZ170DPRHYGRH6M74WMGZ8J5,2025-06-30T20:17:10.404368976Z,01JZ170DS8YWG03GZVY59N3JD0,2025-06-30T20:17:10.404368976Z,01JZ17FA2MQ87XVRF9HC0R27GC,2025-06-30T20:17:10.404368976Z,01JZ17HNMJKGSE7QCGZDT7R79G,2025-06-30T20:17:10.404368976Z
01JZ17W77Y2XCJ5CCZ0HG8TN28,01JZ170DPRHYGRH6M74WMGZ8J5,2025-06-30T20:18:54.334119038Z,01JZ170DRWH3Q5VEKFYTCWXCB9,2025-06-30T20:18:54.334119038Z,01JZ17HZPCKK6WHFW0W029CFVG,2025-06-30T20:18:54.334119038Z,01JZ17M62ZA7FM5T6J9Q36KCK0,2025-06-30T20:18:54.334119038Z
01JZ17YDCWGNKS74DFYTVW0YTR,01JZ170DPRHYGRH6M74WMGZ8J5,2025-06-30T20:20:06.172311937Z,01JZ170DRV33K8D9D9ZMQKAW2D,2025-06-30T20:20:06.172311937Z,01JZ17PJ3VDZQD3TEH95CF73QJ,2025-06-30T20:20:06.172311937Z,01JZ17PPHXYGVWTQWQ3EC28RK2,2025-06-30T20:20:06.172311937Z
01JZ18026HGAGZ7VTZ1DJQJN1Z,01JZ170DPRHYGRH6M74WMGZ8J5,2025-06-30T20:21:00.241492952Z,01JZ170DRQN15452AYS561M232,2025-06-30T20:21:00.241492952Z,01JZ177RVVNSCWMQHY3N3M9P3Y,2025-06-30T20:21:00.241492952Z,01JZ17RBDPNRWH0MV3S1S7KRVT,2025-06-30T20:21:00.241492952Z
01JZ190CB4C8CWJNQYCRK3SSSQ,01JZ18G4TN4FH7205KTQTFE7PM,2025-06-30T20:38:39.204902199Z,01JZ18G4XDWA3A08Y0HZ5HSAAF,2025-06-30T20:38:39.204902199Z,01JZ18K35P2QZ1SSJHQYJ2X8Z7,2025-06-30T20:38:39.204902199Z,01JZ18R104VYMDDRK1QJHT9RQ9,2025-06-30T20:38:39.204902199Z
01JZ1F5KMVGN997HY5VAKZH1ZD,01JZ1E916HBESJXS5SJ82BFZ21,2025-06-30T22:26:21.979855869Z,01JZ1E91Z6K0ZJGCC53Q4JQWJP,2025-06-30T22:26:21.979855869Z,01JZ1EMNNJSEW14RVAN4FX9H51,2025-06-30T22:26:21.979855869Z,01JZ1EXC0ZXQFHPV1MR4EM7PTE,2025-06-30T22:26:21.979855869Z
01JZ18RH6VFAZNYY169YFD9JZE,01JZ18G4TN4FH7205KTQTFE7PM,2025-06-30T20:34:22.043986177Z,01JZ18G4ZZG5A688HVVJGKBFVW,2025-06-30T20:34:22.043986177Z,01JZ18N0JKWFKXBS82BQZ5RVQD,2025-06-30T20:34:22.043986177Z,01JZ18RFPBGVB1PJ8WVY2S92SR,2025-06-30T20:34:22.043986177Z
01JZ18V5V6PK9XM4T3V4ZEC718,01JZ18G4TN4FH7205KTQTFE7PM,2025-06-30T20:35:48.710418602Z,01JZ18G4Z7SR18DC8PDBR22HS5,2025-06-30T20:35:48.710418602Z,01JZ18HPXJ4G52DBV1JHKTXZPH,2025-06-30T20:35:48.710418602Z,01JZ18S8W382ZTX14ED28QZWFS,2025-06-30T20:35:48.710418602Z
01JZ1H4CFMVY9AQ2GZM8JAW8ES,01JZ1G29Q82GQAKEXSK2E7NK3R,2025-06-30T23:00:39.028146686Z,01JZ1G2AATTMJJ07WA2JZ9MF1K,2025-06-30T23:00:39.028146686Z,01JZ1GP55F36DXJQDEYTGWZ556,2025-06-30T23:00:39.028146686Z,01JZ1GWNHK6SQXS7ZHPFFWHGZD,2025-06-30T23:00:39.028146686Z
01JZ17G7FYR31DFC5FJRTRHXEW,01JZ170DPRHYGRH6M74WMGZ8J5,2025-06-30T20:12:21.3744469Z,01JZ170DRSFZ9Y16965WN1Z2F9,2025-06-30T20:12:21.3744469Z,01JZ17971DQBZCGDTGNY2JH6QQ,2025-06-30T20:12:21.3744469Z,01JZ17G70CK9Q7FFZCZJ2KGMZQ,2025-06-30T20:12:21.3744469Z
01JZ17WFK38FYQW1ZT7D7JDZQ5,01JZ170DPRHYGRH6M74WMGZ8J5,2025-06-30T20:19:02.883842036Z,01JZ170DS434CCJM920K0JDY80,2025-06-30T20:19:02.883842036Z,01JZ17ED81WEQ81KNKMV8HM1Z1,2025-06-30T20:19:02.883842036Z,01JZ17MET0GT1VR1Z1AASBPY29,2025-06-30T20:19:02.883842036Z
01JZ18RH7J9Q9GZWJF3DTV504W,01JZ18G4TN4FH7205KTQTFE7PM,2025-06-30T20:34:22.066460998Z,01JZ18G4ZZG5A688HVVJGKBFVW,2025-06-30T20:34:22.066460998Z,01JZ18MMDMG5C7AC3NER6KSMTG,2025-06-30T20:34:22.066460998Z,01JZ18RFPBGVB1PJ8WVY2S92SR,2025-06-30T20:34:22.066460998Z
01JZ1BJ4YV4E5TXD41R40HG4PR,01JZ1B1VZ9TM9N3252XVVAH9DZ,2025-06-30T21:23:18.619648692Z,01JZ1B1W6S117BH8HCA7NH9R7E,2025-06-30T21:23:18.619648692Z,01JZ1B46GFSFAYTPK6TDTQG4WK,2025-06-30T21:23:18.619648692Z,01JZ1BAHDKSRY9Y8MMEK86CJS4,2025-06-30T21:23:18.619648692Z
01JZ1DMGFC6ND4ZCP0TSHBJZM1,01JZ1D0RX94M7HHBAJDNGV8QRS,2025-06-30T21:59:33.101004805Z,01JZ1D0S14X3T6948SDJVF454K,2025-06-30T21:59:33.101004805Z,01JZ1D8RW634M5KPJ3DDHQYDRD,2025-06-30T21:59:33.101004805Z,01JZ1DCMQRKF9BTHQ47K9AA4DG,2025-06-30T21:59:33.101004805Z
01JZ180V6NWMCM0FDTQ31FB1KG,01JZ170DPRHYGRH6M74WMGZ8J5,2025-06-30T20:21:25.845851889Z,01JZ170DSP5HFMBRZWFQV8RFVC,2025-06-30T20:21:25.845851889Z,01JZ178B4PCAFGN9QS0GJ0TQ84,2025-06-30T20:21:25.845851889Z,01JZ17RSJJTRQ3PSBCBXKXE637,2025-06-30T20:21:25.845851889Z
01JZ18ZXA23JWHYCMWFEA9CHB6,01JZ18G4TN4FH7205KTQTFE7PM,2025-06-30T20:38:23.810878105Z,01JZ18G4XDWA3A08Y0HZ5HSAAF,2025-06-30T20:38:23.810878105Z,01JZ18JRC4BH8D9FBM20ZHDN29,2025-06-30T20:38:23.810878105Z,01JZ18R10H32Q9CQ9VTYQTZJBZ,2025-06-30T20:38:23.810878105Z
01JZ1A33T3DZQC3179SYHFEVCC,01JZ19VEXCKVX740B60X4W6PQN,2025-06-30T20:57:37.347887742Z,01JZ19VF1X4TGM9HTAVFF08YB3,2025-06-30T20:57:37.347887742Z,01JZ19YSKES03CBT0DQ4XQZD4Y,2025-06-30T20:57:37.347887742Z,01JZ1A31S02SDHSEM91H5D9K0N,2025-06-30T20:57:37.347887742Z
01JZ1AMZ3JTSWEXRXQ71Z5M3FX,01JZ19VEXCKVX740B60X4W6PQN,2025-06-30T21:07:22.354148788Z,01JZ19VF3FCDRKA7RA8CE3SQDH,2025-06-30T21:07:22.354148788Z,01JZ1AJWEBWSA9H9YV5TJD6D6N,2025-06-30T21:07:22.354148788Z,01JZ1AK0GTG09NRGMQGAZDENCH,2025-06-30T21:07:22.354148788Z
01JZ1BQN6XW6K30W6JPHPJSWW8,01JZ1B1VZ9TM9N3252XVVAH9DZ,2025-06-30T21:26:19.101590987Z,01JZ1B1W5TAZ0C76DBH0ZAEY5X,2025-06-30T21:26:19.101590987Z,01JZ1B3Y49GJFDA022ZKPSHE7M,2025-06-30T21:26:19.101590987Z,01JZ1BNNFF9MV2BR5CAE8TGEYC,2025-06-30T21:26:19.101590987Z
01JZ1DJH2Q03WEYZJAGKBPWXMY,01JZ1D0RX94M7HHBAJDNGV8QRS,2025-06-30T21:58:28.183655514Z,01JZ1D0S3N2D9DCG3EHS8AP4R1,2025-06-30T21:58:28.183655514Z,01JZ1D7D81NBZRDY8M09FZNXH6,2025-06-30T21:58:28.183655514Z,01JZ1DJBC9HNDPFTVHPRJH9HNY,2025-06-30T21:58:28.183655514Z
01JZ1DSKXYCC64RAHQ47X2DV62,01JZ1D0RX94M7HHBAJDNGV8QRS,2025-06-30T22:02:20.478237925Z,01JZ1D0S61XK8FZCNQBM2ZAEE6,2025-06-30T22:02:20.478237925Z,01JZ1D4E6V1F7QYCN1KQC77HPV,2025-06-30T22:02:20.478237925Z,01JZ1DHG8H05GH2W9SB4K6K1E6,2025-06-30T22:02:20.478237925Z
01JZ17XGJP0XYGKYAC6AMWPWXN,01JZ170DPRHYGRH6M74WMGZ8J5,2025-06-30T20:19:36.670006369Z,01JZ170DS0283SZNEN95XAWWS4,2025-06-30T20:19:36.670006369Z,01JZ17J8N9NAW1ASAH1NWPJBAP,2025-06-30T20:19:36.670006369Z,01JZ17NT77HT8XSXBSDEYA5WV8,2025-06-30T20:19:36.670006369Z
01JZ18PNPVZ3Q177JZEF9XZJTY,01JZ18G4TN4FH7205KTQTFE7PM,2025-06-30T20:33:21.115557332Z,01JZ18G4Y1ABZPJ815NAWEN19T,2025-06-30T20:33:21.115557332Z,01JZ18JTT4THQJ9FYDDES7JX1C,2025-06-30T20:33:21.115557332Z,01JZ18PME7D8TXGQRQ2CGSH14P,2025-06-30T20:33:21.115557332Z
01JZ18SXVX0DNJCXP8NHYFFANW,01JZ18G4TN4FH7205KTQTFE7PM,2025-06-30T20:35:07.773198342Z,01JZ18G508W9SSEDAT6B79GZND,2025-06-30T20:35:07.773198342Z,01JZ18JN66MX5CA0E4FYBV08Y2,2025-06-30T20:35:07.773198342Z,01JZ18STB8HB9DV2CVT0ZSHGAA,2025-06-30T20:35:07.773198342Z
01JZ1A8VRW1C9BPT5VJC7VG7NQ,01JZ19VEXCKVX740B60X4W6PQN,2025-06-30T21:00:45.72460547Z,01JZ19VF9WCS5BMDRCPXZK6ZBF,2025-06-30T21:00:45.72460547Z,01JZ18QF2693Q9TCBGRNNEEKBJ,2025-06-30T21:00:45.72460547Z,01JZ1A8RR2GDW6GS56QAP6TW67,2025-06-30T21:00:45.72460547Z
01JZ1BSWN0DQETD298QSBZJCAB,01JZ1B1VZ9TM9N3252XVVAH9DZ,2025-06-30T21:27:32.256949091Z,01JZ1B1W46BH5YH0XYSE8KJRBK,2025-06-30T21:27:32.256949091Z,01JZ1B9W35DBJAZZ7ZHMPZZDPP,2025-06-30T21:27:32.256949091Z,01JZ1BJ1EF1GE16G0A1JBEPRNS,2025-06-30T21:27:32.256949091Z
01JZ1CMDSGQ8G8MSVXV2H4A0D7,01JZ1C4XJFQQ45ZHGATAXVBX0J,2025-06-30T21:42:01.77680513Z,01JZ1C4XNE4VHGMR9JDZS6Y7F9,2025-06-30T21:42:01.77680513Z,01JZ1CHHENXRFPD7VNDFKQ5330,2025-06-30T21:42:01.77680513Z,01JZ1CM9HSWSHAX9FB9M6KQ29W,2025-06-30T21:42:01.77680513Z
01JZ1F4EB8KF0KNJ37Y37Y9RAW,01JZ1E916HBESJXS5SJ82BFZ21,2025-06-30T22:25:43.78443607Z,01JZ1E91MDHZVF6NVBEDDVGZWT,2025-06-30T22:25:43.78443607Z,01JZ1EV2QBA0A51FSNHWZDJC5Q,2025-06-30T22:25:43.78443607Z,01JZ1EWVHXM95HAKJR9TT7S3AD,2025-06-30T22:25:43.78443607Z
01JZ17VJTX343H56YRYZ60XFT9,01JZ170DPRHYGRH6M74WMGZ8J5,2025-06-30T20:18:33.437680976Z,01JZ170DRWH3Q5VEKFYTCWXCB9,2025-06-30T20:18:33.437680976Z,01JZ178J2BZ2NF5FVTXNH8JBMT,2025-06-30T20:18:33.437680976Z,01JZ17M63Y2ZQE6JBWKAH6VSPE,2025-06-30T20:18:33.437680976Z
01JZ18YX4KTC235M8N5SYAPD7E,01JZ18G4TN4FH7205KTQTFE7PM,2025-06-30T20:37:50.867729637Z,01JZ18G4YTQTSXFW2X0Y80VGVG,2025-06-30T20:37:50.867729637Z,01JZ18KWMFEA26MWC1Z40F2JWN,2025-06-30T20:37:50.867729637Z,01JZ18QCJ5F2TDDGTM86PBKVEG,2025-06-30T20:37:50.867729637Z
01JZ1BSHJ2XZED27MQY6DVC96J,01JZ1B1VZ9TM9N3252XVVAH9DZ,2025-06-30T21:27:20.898950491Z,01JZ1B1W46BH5YH0XYSE8KJRBK,2025-06-30T21:27:20.898950491Z,01JZ1B53Y9CT8RBFCFDJ7CMETA,2025-06-30T21:27:20.898950491Z,01JZ1BJ1CD7PGGMV0A6YRMHSQJ,2025-06-30T21:27:20.898950491Z
01JZ1CG9DR1YGXW5ABWBJ4HNZW,01JZ1BX7WQMA45G0E33EEHJ3V9,2025-06-30T21:39:46.232395702Z,01JZ1BX849RGFMRNF1WR9VXVPD,2025-06-30T21:39:46.232395702Z,01JZ1C4P0YN4P4R63ZN9FPE2D4,2025-06-30T21:39:46.232395702Z,01JZ1C84T2E9S1287QS1CMSZMQ,2025-06-30T21:39:46.232395702Z
01JZ1D7DC2KTJ9YA7NDJB3H1M9,01JZ1D0RX94M7HHBAJDNGV8QRS,2025-06-30T21:52:23.938107411Z,01JZ1D0S2S8SEBXETFQJSTGM5V,2025-06-30T21:52:23.938107411Z,01JZ1D4W11PS06G8TDSZKJ39RF,2025-06-30T21:52:23.938107411Z,01JZ1D77QV4PCA19S4PRRTPDFG,2025-06-30T21:52:23.938107411Z
01JZ1DS8A5QHPNT9H2DX4RY3Z8,01JZ1D0RX94M7HHBAJDNGV8QRS,2025-06-30T22:02:08.582016201Z,01JZ1D0S61XK8FZCNQBM2ZAEE6,2025-06-30T22:02:08.582016201Z,01JZ1DFSBSFTDKE17JSS0VZPAS,2025-06-30T22:02:08.582016201Z,01JZ1DHG6929VPMW3RA3G6E916,2025-06-30T22:02:08.582016201Z
01JZ1ESY8AAS2PJEMSM58NW1QP,01JZ1E916HBESJXS5SJ82BFZ21,2025-06-30T22:19:59.626425901Z,01JZ1E926BWK6TV1HDSC3ZQW4Y,2025-06-30T22:19:59.626425901Z,01JZ1EB9A62JTZM8674AWVY211,2025-06-30T22:19:59.626425901Z,01JZ1EST6TCKJRV3R3VP3ARDV3,2025-06-30T22:19:59.626425901Z
01JZ18RSV6A5AF3CH6BG086V0G,01JZ18G4TN4FH7205KTQTFE7PM,2025-06-30T20:34:30.886955676Z,01JZ18G4WPK6V9JKZAVKNYS3NB,2025-06-30T20:34:30.886955676Z,01JZ18M2HA1EB5SFB14JH49GDB,2025-06-30T20:34:30.886955676Z,01JZ18RRBME3EX7FDX35TW0HT5,2025-06-30T20:34:30.886955676Z
01JZ190E5FGJH2RCK8VPDVNPCH,01JZ18G4TN4FH7205KTQTFE7PM,2025-06-30T20:38:41.0716109Z,01JZ18G50G0GKPPCFSW2N0ZNW1,2025-06-30T20:38:41.0716109Z,01JZ18J6KD5BBAN05Q96NKJXCJ,2025-06-30T20:38:41.0716109Z,01JZ18RHGF07MFHCBEKPMJBAPY,2025-06-30T20:38:41.0716109Z
01JZ197SCE9X2D5ZZ5RN111XSW,01JZ18QHX9XGN83K6T42FK97D5,2025-06-30T20:42:41.934549406Z,01JZ18QHYY9H3H8G0D5BR000CA,2025-06-30T20:42:41.934549406Z,01JZ18TPQGGX70KYFXP5KFA0ZD,2025-06-30T20:42:41.934549406Z,01JZ1903GX535CTZP2QSYEN36R,2025-06-30T20:42:41.934549406Z
01JZ1CAPSNWF6GZ5ZXQJS9ARW9,01JZ1BX7WQMA45G0E33EEHJ3V9,2025-06-30T21:36:43.317502132Z,01JZ1BX82RNFGPPA94NES9507T,2025-06-30T21:36:43.317502132Z,01JZ1C98HS2FRFHZKQAPAW4FY4,2025-06-30T21:36:43.317502132Z,01JZ1CAKSF4EN6M5TKS4NC6EX3,2025-06-30T21:36:43.317502132Z
01JZ17G7G8J2FA7CTRP0J9YDZ5,01JZ170DPRHYGRH6M74WMGZ8J5,2025-06-30T20:12:21.384347277Z,01JZ170DRSFZ9Y16965WN1Z2F9,2025-06-30T20:12:21.384347277Z,01JZ17ACVQQE42SB51P5M3A1GH,2025-06-30T20:12:21.384347277Z,01JZ17G70CK9Q7FFZCZJ2KGMZQ,2025-06-30T20:12:21.384347277Z
01JZ17XS5GHCRHAYR1XTQMSC5J,01JZ170DPRHYGRH6M74WMGZ8J5,2025-06-30T20:19:45.456615832Z,01JZ170DSXXMDA003X79NFA4N0,2025-06-30T20:19:45.456615832Z,01JZ17CZMJ8ZJDC1BKFXHNXYR1,2025-06-30T20:19:45.456615832Z,01JZ17NRS66B2XN3XYTK9HZXA6,2025-06-30T20:19:45.456615832Z
01JZ18QQBBVPKN3PPVM3GK9Z04,01JZ18G4TN4FH7205KTQTFE7PM,2025-06-30T20:33:55.563995628Z,01JZ18G4ZPD0G0WRB3ZSNJ4KSW,2025-06-30T20:33:55.563995628Z,01JZ18JPR0CJ8HT66ZQ08VW9PH,2025-06-30T20:33:55.563995628Z,01JZ18QMC3ZA9P1743X1HXFWMC,2025-06-30T20:33:55.563995628Z
01JZ18QR0W9FMQYZXE1EDKQC0Y,01JZ18G4TN4FH7205KTQTFE7PM,2025-06-30T20:33:56.252534067Z,01JZ18G4ZDA13FR053ZT1R1FPF,2025-06-30T20:33:56.252534067Z,01JZ18JGS17Q4PV0ZHE2RS3V2D,2025-06-30T20:33:56.252534067Z,01JZ18NR677M02YFM90F21XHAA,2025-06-30T20:33:56.252534067Z
01JZ1BH82XS6XBFY7ERQRN27J0,01JZ1B1VZ9TM9N3252XVVAH9DZ,2025-06-30T21:22:49.053436156Z,01JZ1B1W68Y1JCNSRHTZJR0WTB,2025-06-30T21:22:49.053436156Z,01JZ1BEDAMJRCNYC6ZRWR4EWKQ,2025-06-30T21:22:49.053436156Z,01JZ1BH43TCR207W6QA0XHTRSW,2025-06-30T21:22:49.053436156Z
01JZ1EXFXQ7XKGDWETXNN69TH9,01JZ1E916HBESJXS5SJ82BFZ21,2025-06-30T22:21:56.023670479Z,01JZ1E91Z6K0ZJGCC53Q4JQWJP,2025-06-30T22:21:56.023670479Z,01JZ1EMNNJSEW14RVAN4FX9H51,2025-06-30T22:21:56.023670479Z,01JZ1EXBTQJWJW772Y9M5KFFJG,2025-06-30T22:21:56.023670479Z
01JZ1GKR10BMG8NATHNZY1EJS9,01JZ1G29Q82GQAKEXSK2E7NK3R,2025-06-30T22:51:33.792715111Z,01JZ1G2A9825Q9R0AFVXQNTR63,2025-06-30T22:51:33.792715111Z,01JZ1G559C6P7CY3FSGY2MAEHK,2025-06-30T22:51:33.792715111Z,01JZ1GKM1M98RKJZ6DVXPWE5H6,2025-06-30T22:51:33.792715111Z
01JZ17WZQN22MZWCSEPRMSJY89,01JZ170DPRHYGRH6M74WMGZ8J5,2025-06-30T20:19:19.413692792Z,01JZ170DSMJZPS89ZBMFZ7ATK7,2025-06-30T20:19:19.413692792Z,01JZ17K3Y03J2B5JTWV2Q8DEEQ,2025-06-30T20:19:19.413692792Z,01JZ17MYEHBQM2VDSAQZ2CF179,2025-06-30T20:19:19.413692792Z
01JZ1909TWDWND0X786HHA0VGW,01JZ18QHX9XGN83K6T42FK97D5,2025-06-30T20:38:36.636037387Z,01JZ18QHYY9H3H8G0D5BR000CA,2025-06-30T20:38:36.636037387Z,01JZ18TPQGGX70KYFXP5KFA0ZD,2025-06-30T20:38:36.636037387Z,01JZ1903AFQ46DQQCHMAXT5VXE,2025-06-30T20:38:36.636037387Z
01JZ1BXW9WA2YNA8HESZ8K56B1,01JZ1B1VZ9TM9N3252XVVAH9DZ,2025-06-30T21:29:42.972485562Z,01JZ1B1W5TAZ0C76DBH0ZAEY5X,2025-06-30T21:29:42.972485562Z,01JZ1B3WZ5Q8VM6YQPSTYC2J5Y,2025-06-30T21:29:42.972485562Z,01JZ1BNNMV2BR05NWSF4VH5Q39,2025-06-30T21:29:42.972485562Z
01JZ18QR24YXWN3XJWH5GK1GPW,01JZ18G4TN4FH7205KTQTFE7PM,2025-06-30T20:33:56.293024238Z,01JZ18G4ZDA13FR053ZT1R1FPF,2025-06-30T20:33:56.293024238Z,01JZ18HQSJCYE6M3YFJES1PERS,2025-06-30T20:33:56.293024238Z,01JZ18NR677M02YFM90F21XHAA,2025-06-30T20:33:56.293024238Z
01JZ18XR77ATYGJ1WXK08V4XXD,01JZ18G4TN4FH7205KTQTFE7PM,2025-06-30T20:37:13.063644073Z,01JZ18G4X5EPR69QT64DVYQXFJ,2025-06-30T20:37:13.063644073Z,01JZ18KH2AEBXEHK9D1GSN56XX,2025-06-30T20:37:13.063644073Z,01JZ18PAPJXR5K55YMBBDH8RCF,2025-06-30T20:37:13.063644073Z
01JZ190ZJRZ8DXQ375F6465MFC,01JZ18G4TN4FH7205KTQTFE7PM,2025-06-30T20:38:58.904933401Z,01JZ18G50G0GKPPCFSW2N0ZNW1,2025-06-30T20:38:58.904933401Z,01JZ18MW05S42NZ47MWBQC7P11,2025-06-30T20:38:58.904933401Z,01JZ18RHFDZ694HBYDHJEKWZ3S,2025-06-30T20:38:58.904933401Z
01JZ1BKZSAZ74SQSFS4S1NAV6E,01JZ1B1VZ9TM9N3252XVVAH9DZ,2025-06-30T21:24:18.858135248Z,01JZ1B1W46BH5YH0XYSE8KJRBK,2025-06-30T21:24:18.858135248Z,01JZ1BEHJTZVP4GP4G96Q0PZBM,2025-06-30T21:24:18.858135248Z,01JZ1BJ1ABMADNQ2K1TJQ9ED7W,2025-06-30T21:24:18.858135248Z
01JZ1FAQ39YNPKHC5AK54FZ1H8,01JZ1E916HBESJXS5SJ82BFZ21,2025-06-30T22:29:09.35368061Z,01JZ1E923XSJ5V9JGGJQR2CG7M,2025-06-30T22:29:09.35368061Z,01JZ1EF4VM7JABTTZNP94E67E7,2025-06-30T22:29:09.35368061Z,01JZ1F28Y14BQTYK8651VZJQ25,2025-06-30T22:29:09.35368061Z
01JZ1GV8SVXV7MZ86AXH8P7N11,01JZ1G29Q82GQAKEXSK2E7NK3R,2025-06-30T22:55:40.347408323Z,01JZ1G2A9825Q9R0AFVXQNTR63,2025-06-30T22:55:40.347408323Z,01JZ1G4P5HG5MYYFH3JNW3CKA9,2025-06-30T22:55:40.347408323Z,01JZ1GKM4NJC2AZGFDE1DDC9W3,2025-06-30T22:55:40.347408323Z
01JZ17PTQPR6PCYBY71KD5CX11,01JZ170DPRHYGRH6M74WMGZ8J5,2025-06-30T20:15:57.686928697Z,01JZ170DSMJZPS89ZBMFZ7ATK7,2025-06-30T20:15:57.686928697Z,01JZ17411GFTP23ZXM1AB7D9NA,2025-06-30T20:15:57.686928697Z,01JZ17MYDW712GB678NHAF4EAC,2025-06-30T20:15:57.686928697Z
01JZ197YRNSRD0XKA3772AWVNN,01JZ18R9CHSHJ2BAJZ4M4PAW2X,2025-06-30T20:42:47.445331201Z,01JZ18RA3DBE17YR6D8FEXRWFY,2025-06-30T20:42:47.445331201Z,01JZ18V7AEVH5VMDMYVZ6HXGK5,2025-06-30T20:42:47.445331201Z,01JZ197VZ0Q6DEGD42E0811129,2025-06-30T20:42:47.445331201Z
01JZ1BXEYRB2T1KDREKNP3ZR1S,01JZ1B1VZ9TM9N3252XVVAH9DZ,2025-06-30T21:29:29.30482229Z,01JZ1B1W4RP0VXDDKCJTNKM3AX,2025-06-30T21:29:29.30482229Z,01JZ1BH96VSCAX0MRZ5GVT0SBR,2025-06-30T21:29:29.30482229Z,01JZ1BNYAAW7XNTC5PXF53BARA,2025-06-30T21:29:29.30482229Z
01JZ1DMDMVR5H8DBS96KSQMS76,01JZ1D0RX94M7HHBAJDNGV8QRS,2025-06-30T21:59:30.203850304Z,01JZ1D0S3N2D9DCG3EHS8AP4R1,2025-06-30T21:59:30.203850304Z,01JZ1D7D81NBZRDY8M09FZNXH6,2025-06-30T21:59:30.203850304Z,01JZ1DJBF7R7NJ28KS5SRS1EHV,2025-06-30T21:59:30.203850304Z
01JZ1DSKSQRXMGXC9P7B75CJRN,01JZ1D0RX94M7HHBAJDNGV8QRS,2025-06-30T22:02:20.343579843Z,01JZ1D0S61XK8FZCNQBM2ZAEE6,2025-06-30T22:02:20.343579843Z,01JZ1DFSBSFTDKE17JSS0VZPAS,2025-06-30T22:02:20.343579843Z,01JZ1DHG8H05GH2W9SB4K6K1E6,2025-06-30T22:02:20.343579843Z
01JZ1GP7J7RB5FR90P9HFW2152,01JZ1G29Q82GQAKEXSK2E7NK3R,2025-06-30T22:52:55.239251333Z,01JZ1G29XRNS92G9JYEX4H033M,2025-06-30T22:52:55.239251333Z,01JZ1G630GW64096KNZNG4RDAZ,2025-06-30T22:52:55.239251333Z,01JZ1GM688HKS6CMQAXCQKE8GC,2025-06-30T22:52:55.239251333Z
01JZ17TTDTBYTAMJGZHM72EFEN,01JZ170DPRHYGRH6M74WMGZ8J5,2025-06-30T20:18:08.442546968Z,01JZ170DS9MMA8EZAVKYS5SMHX,2025-06-30T20:18:08.442546968Z,01JZ177D1EC4DDHNWKT4R7S3XA,2025-06-30T20:18:08.442546968Z,01JZ17TR81NXXTTPKTD9H5FET9,2025-06-30T20:18:08.442546968Z
01JZ17Y2X7RCJ6QSQAVMRSQ7YG,01JZ170DPRHYGRH6M74WMGZ8J5,2025-06-30T20:19:55.431992297Z,01JZ170DRV33K8D9D9ZMQKAW2D,2025-06-30T20:19:55.431992297Z,01JZ179XMYFK94EADRMMB2K8HQ,2025-06-30T20:19:55.431992297Z,01JZ17PPJ2YWZWK15QBYRMGXYC,2025-06-30T20:19:55.431992297Z
01JZ18ZZ3AXCFMYJ3P0RY2WG4F,01JZ18G4TN4FH7205KTQTFE7PM,2025-06-30T20:38:25.642315444Z,01JZ18G4ZZG5A688HVVJGKBFVW,2025-06-30T20:38:25.642315444Z,01JZ18K484MAW8WSQHH7HSG9Z4,2025-06-30T20:38:25.642315444Z,01JZ18RFRDFAMMNBDDR8ZFEFZN,2025-06-30T20:38:25.642315444Z
01JZ1AQDZ8PN5R3XHGPZ81HF2S,01JZ19VEXCKVX740B60X4W6PQN,2025-06-30T21:08:43.112882252Z,01JZ19VF4XXDC5SP97SM18G8VM,2025-06-30T21:08:43.112882252Z,01JZ1AFP0ZSM5GDN23SMJMVZTW,2025-06-30T21:08:43.112882252Z,01JZ1AQBF58925C38R5NVE04TV,2025-06-30T21:08:43.112882252Z
01JZ1BCG5PNCM7M39PJDB8X66Y,01JZ1B1VZ9TM9N3252XVVAH9DZ,2025-06-30T21:20:13.494682504Z,01JZ1B1W6S117BH8HCA7NH9R7E,2025-06-30T21:20:13.494682504Z,01JZ1B7296HT4QZTVSQ7DGFCMT,2025-06-30T21:20:13.494682504Z,01JZ1BAHCPD0S01DARX26K93JP,2025-06-30T21:20:13.494682504Z
01JZ17S93C17137GJ98RY3RP84,01JZ170DPRHYGRH6M74WMGZ8J5,2025-06-30T20:17:17.93211104Z,01JZ170DS32PJY8CQRMADJXFRG,2025-06-30T20:17:17.93211104Z,01JZ1788J67VDXAH0W6F8T66AB,2025-06-30T20:17:17.93211104Z,01JZ17HJY4CGFR7PYHRBPAT4T8,2025-06-30T20:17:17.93211104Z
01JZ17SX2VRWXNES68MZYV2PMX,01JZ170DPRHYGRH6M74WMGZ8J5,2025-06-30T20:17:38.395788789Z,01JZ170DS434CCJM920VN081CV,2025-06-30T20:17:38.395788789Z,01JZ17ENCSDKWD2M3Q3EC23N1W,2025-06-30T20:17:38.395788789Z,01JZ17HX14FY8E41PWFYHSWJ2P,2025-06-30T20:17:38.395788789Z
01JZ19A65FZ9W26RH439XH97MQ,01JZ18R9CHSHJ2BAJZ4M4PAW2X,2025-06-30T20:44:00.559427926Z,01JZ18RA48YSHMY5EWBJ9E61V2,2025-06-30T20:44:00.559427926Z,01JZ18XW8Z67J1KER526XJJSXY,2025-06-30T20:44:00.559427926Z,01JZ192CP8ATXS4WPZV83STEM3,2025-06-30T20:44:00.559427926Z
01JZ1GE5JCAEFXKD8XWFJAKVY5,01JZ1G29Q82GQAKEXSK2E7NK3R,2025-06-30T22:48:31.05218631Z,01JZ1G2A3Q53QEYHDQX68WVVKH,2025-06-30T22:48:31.05218631Z,01JZ1G7Q5PBNYB0Y67X5QD4VST,2025-06-30T22:48:31.05218631Z,01JZ1GE1DYQ4EFPNC3YG4MVVET,2025-06-30T22:48:31.05218631Z
01JZ17J2CJ41DT4AGGBF3S5X2P,01JZ170DPRHYGRH6M74WMGZ8J5,2025-06-30T20:13:21.682479763Z,01JZ170DRSFZ9Y16965WN1Z2F9,2025-06-30T20:13:21.682479763Z,01JZ17C7XWANHTDKEBR013EKFH,2025-06-30T20:13:21.682479763Z,01JZ17G70WMTCCVM6PEEY7RHRW,2025-06-30T20:13:21.682479763Z
01JZ17SX25DHS6R09K3MQ0WCBM,01JZ170DPRHYGRH6M74WMGZ8J5,2025-06-30T20:17:38.373412038Z,01JZ170DS434CCJM920VN081CV,2025-06-30T20:17:38.373412038Z,01JZ17A78DPNXD645MNCYQ5HYS,2025-06-30T20:17:38.373412038Z,01JZ17HX14FY8E41PWFYHSWJ2P,2025-06-30T20:17:38.373412038Z
01JZ17XGKNHN5M80KSAYC3XJR0,01JZ170DPRHYGRH6M74WMGZ8J5,2025-06-30T20:19:36.693111345Z,01JZ170DS0283SZNEN95XAWWS4,2025-06-30T20:19:36.693111345Z,01JZ17CS84WF94XY708FKX765Q,2025-06-30T20:19:36.693111345Z,01JZ17NT77HT8XSXBSDEYA5WV8,2025-06-30T20:19:36.693111345Z
01JZ180GSWG6G6DNRAMY6N7G8Z,01JZ170DPRHYGRH6M74WMGZ8J5,2025-06-30T20:21:15.196108421Z,01JZ170DSP5HFMBRZWFQV8RFVC,2025-06-30T20:21:15.196108421Z,01JZ17992QEDC71MF0NWEGAJEP,2025-06-30T20:21:15.196108421Z,01JZ17RSJTNPRC3C8ZY6Y2ZSYJ,2025-06-30T20:21:15.196108421Z
01JZ1983YNV3BFYXS0V14K8N29,01JZ18QHX9XGN83K6T42FK97D5,2025-06-30T20:42:52.757641448Z,01JZ18QHYY9H3H8G0D5BR000CA,2025-06-30T20:42:52.757641448Z,01JZ18XHK71TAH4K8NFWQ8XDAZ,2025-06-30T20:42:52.757641448Z,01JZ1903FVM8SRTYCYM7MR4PE9,2025-06-30T20:42:52.757641448Z
01JZ17PTR568APFFKF9JQMJ4G8,01JZ170DPRHYGRH6M74WMGZ8J5,2025-06-30T20:15:57.701878513Z,01JZ170DSMJZPS89ZBMFZ7ATK7,2025-06-30T20:15:57.701878513Z,01JZ17DJ18S9CGE8H6D4S1K333,2025-06-30T20:15:57.701878513Z,01JZ17MYDW712GB678NHAF4EAC,2025-06-30T20:15:57.701878513Z
01JZ1BRPKH2382YQAJQ394AKZ6,01JZ1B1VZ9TM9N3252XVVAH9DZ,2025-06-30T21:26:53.29721827Z,01JZ1B1W68Y1JCNSRHTZJR0WTB,2025-06-30T21:26:53.29721827Z,01JZ1B62EVJPYFB1CKMM3NTQNK,2025-06-30T21:26:53.29721827Z,01JZ1BH47FKGJXT98P27XT8FV5,2025-06-30T21:26:53.29721827Z
01JZ1GNND31NAJ81ZKD2KQ2WHR,01JZ1G29Q82GQAKEXSK2E7NK3R,2025-06-30T22:52:36.643668449Z,01JZ1G2A3Q53QEYHDQX68WVVKH,2025-06-30T22:52:36.643668449Z,01JZ1G3T5HF7S211AZP2YJBSVP,2025-06-30T22:52:36.643668449Z,01JZ1GE1B7S3CJGC5P0WWB4XPP,2025-06-30T22:52:36.643668449Z
01JZ17J0D0EZTRK4K0R8TBY6PN,01JZ170DPRHYGRH6M74WMGZ8J5,2025-06-30T20:13:19.649001169Z,01JZ170DRRRWN613C5WJQ8B5Q6,2025-06-30T20:13:19.649001169Z,01JZ1783Y320G4QQ1JCVQAE220,2025-06-30T20:13:19.649001169Z,01JZ17G525MGXJWBMSF6HV25RV,2025-06-30T20:13:19.649001169Z
01JZ17SJQVCJ430CBB3F8RR71E,01JZ170DPRHYGRH6M74WMGZ8J5,2025-06-30T20:17:27.80375282Z,01JZ170DS434CCJM920VN081CV,2025-06-30T20:17:27.80375282Z,01JZ17AXNB63XKGBKW724P24XM,2025-06-30T20:17:27.80375282Z,01JZ17HX12C9Q5A1V342FH26JF,2025-06-30T20:17:27.80375282Z
01JZ17TTE652V1E9N4P8CBMQQC,01JZ170DPRHYGRH6M74WMGZ8J5,2025-06-30T20:18:08.454982457Z,01JZ170DS9MMA8EZAVKYS5SMHX,2025-06-30T20:18:08.454982457Z,01JZ17AZS6YB2WPDVY4NDQYYNC,2025-06-30T20:18:08.454982457Z,01JZ17TR81NXXTTPKTD9H5FET9,2025-06-30T20:18:08.454982457Z
01JZ190SAV9TNC4N0YB11KCH7D,01JZ18G4TN4FH7205KTQTFE7PM,2025-06-30T20:38:52.5079984Z,01JZ18G4XMK5QHE5YNTR43VZ9V,2025-06-30T20:38:52.5079984Z,01JZ18JG8638DXN8F3WDEPTJAB,2025-06-30T20:38:52.5079984Z,01JZ18RP91GEW9EVAQBZZAHXYV,2025-06-30T20:38:52.5079984Z
01JZ1AAV0VKG1ZRA0W0GCRC43Y,01JZ19VEXCKVX740B60X4W6PQN,2025-06-30T21:01:50.491163882Z,01JZ19VF1X4TGM9HTAVFF08YB3,2025-06-30T21:01:50.491163882Z,01JZ19YP19TRXJV609GHDS9029,2025-06-30T21:01:50.491163882Z,01JZ1A31V3EJ1Y2YEGMA5AZKE4,2025-06-30T21:01:50.491163882Z
01JZ1AMC6103NMX9EWVCQ7GXQ8,01JZ19VEXCKVX740B60X4W6PQN,2025-06-30T21:07:02.977920276Z,01JZ19VF6XEW5FG377QGXCTRD1,2025-06-30T21:07:02.977920276Z,01JZ1A9Y4FG88CERVMWV547SJC,2025-06-30T21:07:02.977920276Z,01JZ1ACG6Q17P2Z830VCFRQ76D,2025-06-30T21:07:02.977920276Z
01JZ1DS879Y9YY754N7QQGSN0N,01JZ1D0RX94M7HHBAJDNGV8QRS,2025-06-30T22:02:08.489706819Z,01JZ1D0S61XK8FZCNQBM2ZAEE6,2025-06-30T22:02:08.489706819Z,01JZ1D7ZVRAH2JHDPAGNC0VP2T,2025-06-30T22:02:08.489706819Z,01JZ1DHG6929VPMW3RA3G6E916,2025-06-30T22:02:08.489706819Z
01JZ1GQPBKRZF8R4X821RNF7PP,01JZ1G29Q82GQAKEXSK2E7NK3R,2025-06-30T22:53:43.155231607Z,01JZ1G2A24PAZYJHH2EQFGJG7N,2025-06-30T22:53:43.155231607Z,01JZ1G82YG8RECYV7TAMBGD9YX,2025-06-30T22:53:43.155231607Z,01JZ1GG455T50A4SRMTESNHV0P,2025-06-30T22:53:43.155231607Z
01JZ17JXTDGY5AVPYQZ63YXH0M,01JZ170DPRHYGRH6M74WMGZ8J5,2025-06-30T20:13:49.773933723Z,01JZ170DRXVGFVP20P8DK3M491,2025-06-30T20:13:49.773933723Z,01JZ179T9EE5NWF4YTXDRCZC5E,2025-06-30T20:13:49.773933723Z,01JZ17H2JKQXYPBGV7RRHN6ECY,2025-06-30T20:13:49.773933723Z
01JZ17QB14F2X7HWZSE2AR4EQE,01JZ170DPRHYGRH6M74WMGZ8J5,2025-06-30T20:16:14.372222433Z,01JZ170DS5DJKXJ3Z7YVJKJJXK,2025-06-30T20:16:14.372222433Z,01JZ178QXEVM580BRMFA0XSN9D,2025-06-30T20:16:14.372222433Z,01JZ17QA5Z590RP2SNRWWJMCH6,2025-06-30T20:16:14.372222433Z
01JZ1AH0ND3GH3XGEKV5C80C6K,01JZ19VEXCKVX740B60X4W6PQN,2025-06-30T21:05:12.877179661Z,01JZ19VF9WCS5BMDRCPXZK6ZBF,2025-06-30T21:05:12.877179661Z,01JZ19XSD6SYGG49Q271DJ23J5,2025-06-30T21:05:12.877179661Z,01JZ1A8RRMDWP0AE0XY4GVAREN,2025-06-30T21:05:12.877179661Z
01JZ1AV5RBZ4GD2CZVJCFAQ6W1,01JZ19VEXCKVX740B60X4W6PQN,2025-06-30T21:10:45.771955189Z,01JZ19VF3FCDRKA7RA8CE3SQDH,2025-06-30T21:10:45.771955189Z,01JZ19ZZZP5WTAHKTYB8XNJEC6,2025-06-30T21:10:45.771955189Z,01JZ1AK0ET9HBHSSG0V60ZD9G1,2025-06-30T21:10:45.771955189Z
01JZ17PAADB89842ZPNJRSQYZV,01JZ170DPRHYGRH6M74WMGZ8J5,2025-06-30T20:15:40.877296576Z,01JZ170DS434CCJM920K0JDY80,2025-06-30T20:15:40.877296576Z,01JZ17BZXCKBRDGQ6529TYVNY6,2025-06-30T20:15:40.877296576Z,01JZ17MESGQH4PGAZ2NQBVJJAG,2025-06-30T20:15:40.877296576Z
01JZ1DKX9HCRZ90K1V6WXAG4NF,01JZ1D0RX94M7HHBAJDNGV8QRS,2025-06-30T21:59:13.457747556Z,01JZ1D0S4EMT97ECKQ06X1ZWAX,2025-06-30T21:59:13.457747556Z,01JZ1DEBFXXB5H1WJY1A2P9E20,2025-06-30T21:59:13.457747556Z,01JZ1DHWG8MPVQVFH1DPRPET9V,2025-06-30T21:59:13.457747556Z
01JZ17YQKKGMAC11Z8XF47GSVQ,01JZ170DPRHYGRH6M74WMGZ8J5,2025-06-30T20:20:16.627444662Z,01JZ170DRV33K8D9D9ZMQKAW2D,2025-06-30T20:20:16.627444662Z,01JZ17FY7YEZ14CJBS3JX2EV3B,2025-06-30T20:20:16.627444662Z,01JZ17PPHN9RJYD8FZ3BDFYGXP,2025-06-30T20:20:16.627444662Z
01JZ17SKV2FEN3TNJR6T3C8BJY,01JZ170DPRHYGRH6M74WMGZ8J5,2025-06-30T20:17:28.930433432Z,01JZ170DSTXK5Z1DV671606E6A,2025-06-30T20:17:28.930433432Z,01JZ17DP10NW99AE12W6233E2P,2025-06-30T20:17:28.930433432Z,01JZ17J85HSFJ5VF5EC9WG406J,2025-06-30T20:17:28.930433432Z
01JZ18Z3WCH3KT9KCDDK4YJB18,01JZ18G4TN4FH7205KTQTFE7PM,2025-06-30T20:37:57.77244765Z,01JZ18G4ZPD0G0WRB3ZSNJ4KSW,2025-06-30T20:37:57.77244765Z,01JZ18HWWK8B66EBMNQPXM1R3H,2025-06-30T20:37:57.77244765Z,01JZ18QMCZ2XYW2ZQY93ZH56GP,2025-06-30T20:37:57.77244765Z
01JZ1AZG7WY4MHHA13EZBCB3NY,01JZ19VEXCKVX740B60X4W6PQN,2025-06-30T21:13:07.580238169Z,01JZ19VF4XXDC5SP97SM18G8VM,2025-06-30T21:13:07.580238169Z,01JZ1ANH2BAB5BYK2XY4CKB2EM,2025-06-30T21:13:07.580238169Z,01JZ1AQBGFVYCSP9N6MQYTQFEK,2025-06-30T21:13:07.580238169Z
01JZ1BD7XN7XN05ZXS35FS25BH,01JZ1B1VZ9TM9N3252XVVAH9DZ,2025-06-30T21:20:37.813664689Z,01JZ1B1W5AJ9N87HJBZ99HRQPJ,2025-06-30T21:20:37.813664689Z,01JZ1B33W2SNBC1YKZXCY0285E,2025-06-30T21:20:37.813664689Z,01JZ1BB7ETZS9BEX799QEABQ0R,2025-06-30T21:20:37.813664689Z
01JZ1DHNHJGVZD8V8C7QW38XKK,01JZ1D0RX94M7HHBAJDNGV8QRS,2025-06-30T21:57:59.986250588Z,01JZ1D0S61XK8FZCNQBM2ZAEE6,2025-06-30T21:57:59.986250588Z,01JZ1D7ZVRAH2JHDPAGNC0VP2T,2025-06-30T21:57:59.986250588Z,01JZ1DHFZ809B1825QNPR8SJSM,2025-06-30T21:57:59.986250588Z
01JZ1GTEFANRRHYD7B1AQVG7TE,01JZ1G29Q82GQAKEXSK2E7NK3R,2025-06-30T22:55:13.386262532Z,01JZ1G2ACHC2PPHGNQVYG69GCY,2025-06-30T22:55:13.386262532Z,01JZ1GHHR8Y5813M82KVZRR659,2025-06-30T22:55:13.386262532Z,01JZ1GJGBZK6FPCHNSHYQ9VVWK,2025-06-30T22:55:13.386262532Z
01JZ18TMZTVC2Y5CZRB9YKDN3R,01JZ18G4TN4FH7205KTQTFE7PM,2025-06-30T20:35:31.450477745Z,01JZ18G4WPK6V9JKZAVKNYS3NB,2025-06-30T20:35:31.450477745Z,01JZ18K4JZ90XMGGNXMJGKEJ5P,2025-06-30T20:35:31.450477745Z,01JZ18RRB5PTFQB2DKPHTKH4V3,2025-06-30T20:35:31.450477745Z
01JZ190SBDMHHC9EKCBP1J8XMX,01JZ18G4TN4FH7205KTQTFE7PM,2025-06-30T20:38:52.525729316Z,01JZ18G4XMK5QHE5YNTR43VZ9V,2025-06-30T20:38:52.525729316Z,01JZ18NBPDW8GJCMK3V0N2AHJY,2025-06-30T20:38:52.525729316Z,01JZ18RP91GEW9EVAQBZZAHXYV,2025-06-30T20:38:52.525729316Z
01JZ1DJ1KMBANT0243H3GPYCCF,01JZ1D0RX94M7HHBAJDNGV8QRS,2025-06-30T21:58:12.340293226Z,01JZ1D0S4EMT97ECKQ06X1ZWAX,2025-06-30T21:58:12.340293226Z,01JZ1DEBFXXB5H1WJY1A2P9E20,2025-06-30T21:58:12.340293226Z,01JZ1DHWDN7VHR47P0R43JVCJW,2025-06-30T21:58:12.340293226Z
01JZ17S60M2DY4EDMN5KF9DH7V,01JZ170DPRHYGRH6M74WMGZ8J5,2025-06-30T20:17:14.772956441Z,01JZ170DS5DJKXJ3Z7YVJKJJXK,2025-06-30T20:17:14.772956441Z,01JZ178QXEVM580BRMFA0XSN9D,2025-06-30T20:17:14.772956441Z,01JZ17QA5NP4NCPJJVMNCZ9F7W,2025-06-30T20:17:14.772956441Z
01JZ18YV0MKE0D827428QRDV90,01JZ18G4TN4FH7205KTQTFE7PM,2025-06-30T20:37:48.692226887Z,01JZ18G4Y1ABZPJ815NAWEN19T,2025-06-30T20:37:48.692226887Z,01JZ18KZMETYG3YXGETN6WS81Q,2025-06-30T20:37:48.692226887Z,01JZ18PMFWXRBMGQD7EAMQ4QF6,2025-06-30T20:37:48.692226887Z
01JZ190D13DBABXY3Y4JP4EFNS,01JZ18G4TN4FH7205KTQTFE7PM,2025-06-30T20:38:39.90756191Z,01JZ18G4ZZG5A688HVVJGKBFVW,2025-06-30T20:38:39.90756191Z,01JZ18MMDMG5C7AC3NER6KSMTG,2025-06-30T20:38:39.90756191Z,01JZ18RFPSBYDPWWM1XEC3ZD1K,2025-06-30T20:38:39.90756191Z
01JZ1GWA0QQWMK0KHMDBYMVY5D,01JZ1G29Q82GQAKEXSK2E7NK3R,2025-06-30T22:56:14.359427835Z,01JZ1G2A58JMFV91VV93EGJJQY,2025-06-30T22:56:14.359427835Z,01JZ1GA4T24GEXMPJNJW9S8J83,2025-06-30T22:56:14.359427835Z,01JZ1GW3ANP10W1MY31QTVWTGJ,2025-06-30T22:56:14.359427835Z
01JZ1BXSP3X43Y6VDMX7H6TQCC,01JZ1B1VZ9TM9N3252XVVAH9DZ,2025-06-30T21:29:40.29162183Z,01JZ1B1W4RP0VXDDKCJTNKM3AX,2025-06-30T21:29:40.29162183Z,01JZ1B80W46R4JBTV3ZZ1YXW46,2025-06-30T21:29:40.29162183Z,01JZ1BNY9GCVDPARZTZ60Y7363,2025-06-30T21:29:40.29162183Z
01JZ1BXSSWR5243QAAQEQ7X4S8,01JZ1B1VZ9TM9N3252XVVAH9DZ,2025-06-30T21:29:40.41217771Z,01JZ1B1W4RP0VXDDKCJTNKM3AX,2025-06-30T21:29:40.41217771Z,01JZ1BH96VSCAX0MRZ5GVT0SBR,2025-06-30T21:29:40.41217771Z,01JZ1BNY9GCVDPARZTZ60Y7363,2025-06-30T21:29:40.41217771Z
01JZ17XTYVZQ8YGC5RDY1MW5EB,01JZ170DPRHYGRH6M74WMGZ8J5,2025-06-30T20:19:47.291343134Z,01JZ170DS0283SZNEN95XAWWS4,2025-06-30T20:19:47.291343134Z,01JZ17CS84WF94XY708FKX765Q,2025-06-30T20:19:47.291343134Z,01JZ17NT6Q15JZTNT1T2TRQ09Q,2025-06-30T20:19:47.291343134Z
01JZ18SAKCVAR7M5YDZVWCE8M9,01JZ18G4TN4FH7205KTQTFE7PM,2025-06-30T20:34:48.044302597Z,01JZ18G4Z7SR18DC8PDBR22HS5,2025-06-30T20:34:48.044302597Z,01JZ18JM84GZ5542ST7BEW0RHN,2025-06-30T20:34:48.044302597Z,01JZ18S8VF5J1VCYDTJZFPF4QA,2025-06-30T20:34:48.044302597Z
01JZ18VS0J80PP0TBTV3KX70PN,01JZ18G4TN4FH7205KTQTFE7PM,2025-06-30T20:36:08.338064997Z,01JZ18G508W9SSEDAT6B79GZND,2025-06-30T20:36:08.338064997Z,01JZ18JV7KEJAEZVY4PCFX2BA4,2025-06-30T20:36:08.338064997Z,01JZ18STHY2VTQFD4CXMK2KF14,2025-06-30T20:36:08.338064997Z
01JZ191RBPVR7M73STY1QKAJK1,01JZ18G4TN4FH7205KTQTFE7PM,2025-06-30T20:39:24.278480127Z,01JZ18G508W9SSEDAT6B79GZND,2025-06-30T20:39:24.278480127Z,01JZ18JN66MX5CA0E4FYBV08Y2,2025-06-30T20:39:24.278480127Z,01JZ18STF1YM3N28QT3VD2MWJ6,2025-06-30T20:39:24.278480127Z
01JZ1FC6633XNMH7DTSFM1248M,01JZ1E916HBESJXS5SJ82BFZ21,2025-06-30T22:29:57.57179166Z,01JZ1E91SWVSXS6FK33QCMH9SP,2025-06-30T22:29:57.57179166Z,01JZ1EXKHZBZ5ENGWCGS2V70RX,2025-06-30T22:29:57.57179166Z,01JZ1F45GMFQYW3BNGKJHGM9H3,2025-06-30T22:29:57.57179166Z
01JZ17J0CW299TFSZCDS0KCXPF,01JZ170DPRHYGRH6M74WMGZ8J5,2025-06-30T20:13:19.644499473Z,01JZ170DRRRWN613C5WJQ8B5Q6,2025-06-30T20:13:19.644499473Z,01JZ178SZSEG7MZD5W906ME19S,2025-06-30T20:13:19.644499473Z,01JZ17G525MGXJWBMSF6HV25RV,2025-06-30T20:13:19.644499473Z
01JZ17J2CRSV0T601D0T4443KR,01JZ170DPRHYGRH6M74WMGZ8J5,2025-06-30T20:13:21.688966165Z,01JZ170DRSFZ9Y16965WN1Z2F9,2025-06-30T20:13:21.688966165Z,01JZ17C681KCXJ6DBBJAQ640Z7,2025-06-30T20:13:21.688966165Z,01JZ17G70WMTCCVM6PEEY7RHRW,2025-06-30T20:13:21.688966165Z
01JZ17QMDA9M5DT4JZY0EP8XCC,01JZ170DPRHYGRH6M74WMGZ8J5,2025-06-30T20:16:23.978610555Z,01JZ170DSXXMDA003X79NFA4N0,2025-06-30T20:16:23.978610555Z,01JZ17CZMJ8ZJDC1BKFXHNXYR1,2025-06-30T20:16:23.978610555Z,01JZ17NRSETRAHA86XGKD3ZGNV,2025-06-30T20:16:23.978610555Z
01JZ17R51MQYM0AZKW8MY18SCN,01JZ170DPRHYGRH6M74WMGZ8J5,2025-06-30T20:16:41.012119175Z,01JZ170DRRRWN613C5WJQ8B5Q6,2025-06-30T20:16:41.012119175Z,01JZ1783Y320G4QQ1JCVQAE220,2025-06-30T20:16:41.012119175Z,01JZ17G52NG4XN5R9RR9776YQX,2025-06-30T20:16:41.012119175Z
01JZ1GMAVG39SYP39NC26VG8A4,01JZ1G29Q82GQAKEXSK2E7NK3R,2025-06-30T22:51:53.072127483Z,01JZ1G29XRNS92G9JYEX4H033M,2025-06-30T22:51:53.072127483Z,01JZ1G3PKEWNM3BADHFXST2D82,2025-06-30T22:51:53.072127483Z,01JZ1GM65E8G659ECGG1A0CNNK,2025-06-30T22:51:53.072127483Z
01JZ17SK4KDE35RPKKZS53JFSW,01JZ170DPRHYGRH6M74WMGZ8J5,2025-06-30T20:17:28.211608856Z,01JZ170DS32PJY8CQRMADJXFRG,2025-06-30T20:17:28.211608856Z,01JZ1788J67VDXAH0W6F8T66AB,2025-06-30T20:17:28.211608856Z,01JZ17HJY5Q3PQ3SGQ81QN303W,2025-06-30T20:17:28.211608856Z
01JZ17SY22TJWEYRWCQSYJ9MEM,01JZ170DPRHYGRH6M74WMGZ8J5,2025-06-30T20:17:39.394203286Z,01JZ170DSTXK5Z1DV671606E6A,2025-06-30T20:17:39.394203286Z,01JZ17CV56KYXDEZD0V6G3R2C0,2025-06-30T20:17:39.394203286Z,01JZ17J85RY443EPKC8WCTQNMR,2025-06-30T20:17:39.394203286Z
01JZ1FFJCY59YZMXY8WE2RJE5A,01JZ1E916HBESJXS5SJ82BFZ21,2025-06-30T22:31:48.382560984Z,01JZ1E91ENR7DC2PFTK7ZY5PTJ,2025-06-30T22:31:48.382560984Z,01JZ1EBW22KQBY52ZW0XEVAEWD,2025-06-30T22:31:48.382560984Z,01JZ1F70MP8EMZE5ECG6QP8N7N,2025-06-30T22:31:48.382560984Z
01JZ17VWY5F81VSEFADE6N4CDS,01JZ170DPRHYGRH6M74WMGZ8J5,2025-06-30T20:18:43.78182921Z,01JZ170DRWH3Q5VEKFYTCWXCB9,2025-06-30T20:18:43.78182921Z,01JZ17E300K9YQ0KK94FSGZ5RV,2025-06-30T20:18:43.78182921Z,01JZ17M63THTS8VR02B734BA3Z,2025-06-30T20:18:43.78182921Z
01JZ17P2BKYBSQQVZGY7PVAYXH,01JZ170DPRHYGRH6M74WMGZ8J5,2025-06-30T20:15:32.723643623Z,01JZ170DRWH3Q5VEKFYTCWXCB9,2025-06-30T20:15:32.723643623Z,01JZ178J2BZ2NF5FVTXNH8JBMT,2025-06-30T20:15:32.723643623Z,01JZ17M6426GB2CWYTAT7MS6CN,2025-06-30T20:15:32.723643623Z
01JZ18XZEAFE6YF18E0QX1F71A,01JZ18G4TN4FH7205KTQTFE7PM,2025-06-30T20:37:20.458828033Z,01JZ18G4ZDA13FR053ZT1R1FPF,2025-06-30T20:37:20.458828033Z,01JZ18JGS17Q4PV0ZHE2RS3V2D,2025-06-30T20:37:20.458828033Z,01JZ18NR75F2HVZFYQR471939T,2025-06-30T20:37:20.458828033Z
01JZ1AB5PHD8ZP1031P1XQFEWD,01JZ19VEXCKVX740B60X4W6PQN,2025-06-30T21:02:01.425980586Z,01JZ19VF1X4TGM9HTAVFF08YB3,2025-06-30T21:02:01.425980586Z,01JZ19XY7CXDASK651A0S5NR34,2025-06-30T21:02:01.425980586Z,01JZ1A31WDRRSK5Y1X8M50HPSG,2025-06-30T21:02:01.425980586Z
01JZ1AMC7475GG3CFKK6G6FBWX,01JZ19VEXCKVX740B60X4W6PQN,2025-06-30T21:07:03.012545933Z,01JZ19VF6XEW5FG377QGXCTRD1,2025-06-30T21:07:03.012545933Z,01JZ1A81RPET9TAZBW4YBB121E,2025-06-30T21:07:03.012545933Z,01JZ1ACG6Q17P2Z830VCFRQ76D,2025-06-30T21:07:03.012545933Z
01JZ1BJ43G1C5EDJNKM7GMBPR6,01JZ1B1VZ9TM9N3252XVVAH9DZ,2025-06-30T21:23:17.74454448Z,01JZ1B1W46BH5YH0XYSE8KJRBK,2025-06-30T21:23:17.74454448Z,01JZ1ANK2PZ7NTFNFMNB753RPA,2025-06-30T21:23:17.74454448Z,01JZ1BJ1B6MS3FTEDBXT15KPRA,2025-06-30T21:23:17.74454448Z
01JZ1CWJ3XKD6FSB4JWEZ5R7WV,01JZ1C4XJFQQ45ZHGATAXVBX0J,2025-06-30T21:46:28.349251011Z,01JZ1C4XNE4VHGMR9JDZS6Y7F9,2025-06-30T21:46:28.349251011Z,01JZ1CB9F4KXDQP2PHJCZHP1QC,2025-06-30T21:46:28.349251011Z,01JZ1CM9QBAFQHGRA086T0Q56G,2025-06-30T21:46:28.349251011Z
01JZ1CFMBKP0TJ8629ZRP1DK08,01JZ1BX7WQMA45G0E33EEHJ3V9,2025-06-30T21:39:24.659403559Z,01JZ1BX849RGFMRNF1WR9VXVPD,2025-06-30T21:39:24.659403559Z,01JZ1C42HDFGHZFCN4YDW8V435,2025-06-30T21:39:24.659403559Z,01JZ1C84PWB89K54MZ4M1J77C7,2025-06-30T21:39:24.659403559Z
01JZ17JXTGBVBSVEKK51Z2Q6FV,01JZ170DPRHYGRH6M74WMGZ8J5,2025-06-30T20:13:49.776476769Z,01JZ170DRXVGFVP20P8DK3M491,2025-06-30T20:13:49.776476769Z,01JZ17B3EJNXDWZGY3QVC1296A,2025-06-30T20:13:49.776476769Z,01JZ17H2JKQXYPBGV7RRHN6ECY,2025-06-30T20:13:49.776476769Z
01JZ18TCS3GE1HGBVV9B12W3TQ,01JZ18G4TN4FH7205KTQTFE7PM,2025-06-30T20:35:23.04346424Z,01JZ18G4ZZG5A688HVVJGKBFVW,2025-06-30T20:35:23.04346424Z,01JZ18K484MAW8WSQHH7HSG9Z4,2025-06-30T20:35:23.04346424Z,01JZ18RFQ4W09NKQ14XZ3KQN1E,2025-06-30T20:35:23.04346424Z
01JZ1AAGHCHNHB3VVBTN9Z1BVJ,01JZ19VEXCKVX740B60X4W6PQN,2025-06-30T21:01:39.756691118Z,01JZ19VF1X4TGM9HTAVFF08YB3,2025-06-30T21:01:39.756691118Z,01JZ19YSKES03CBT0DQ4XQZD4Y,2025-06-30T21:01:39.756691118Z,01JZ1A31TDZKWTX3G3H9PC4RBE,2025-06-30T21:01:39.756691118Z
01JZ1BS1X8DCWRKRA9P71BCSX9,01JZ1B1VZ9TM9N3252XVVAH9DZ,2025-06-30T21:27:04.872827064Z,01JZ1B1W68Y1JCNSRHTZJR0WTB,2025-06-30T21:27:04.872827064Z,01JZ1B84EMA8EXMS4XB5YP9VDA,2025-06-30T21:27:04.872827064Z,01JZ1BH45TYYSNR9HRYXWTVB04,2025-06-30T21:27:04.872827064Z
01JZ1BJ44AGNVF9QSSFRYHDX7C,01JZ1B1VZ9TM9N3252XVVAH9DZ,2025-06-30T21:23:17.770360525Z,01JZ1B1W46BH5YH0XYSE8KJRBK,2025-06-30T21:23:17.770360525Z,01JZ1BEHJTZVP4GP4G96Q0PZBM,2025-06-30T21:23:17.770360525Z,01JZ1BJ1B6MS3FTEDBXT15KPRA,2025-06-30T21:23:17.770360525Z
01JZ18XZCFEFJC3EJT1615EXR4,01JZ18G4TN4FH7205KTQTFE7PM,2025-06-30T20:37:20.399236033Z,01JZ18G4ZDA13FR053ZT1R1FPF,2025-06-30T20:37:20.399236033Z,01JZ18JPT9JN6KKGXMDR9K6K49,2025-06-30T20:37:20.399236033Z,01JZ18NR75F2HVZFYQR471939T,2025-06-30T20:37:20.399236033Z
01JZ18Y5QWR54005RYRJC1SN3Y,01JZ18G4TN4FH7205KTQTFE7PM,2025-06-30T20:37:26.908107474Z,01JZ18G4Y1ABZPJ815NAWEN19T,2025-06-30T20:37:26.908107474Z,01JZ18KZMETYG3YXGETN6WS81Q,2025-06-30T20:37:26.908107474Z,01JZ18PMFB1RM4KC0PGZ592WHC,2025-06-30T20:37:26.908107474Z
01JZ1AYV6WCEJP7SEN7XJTCWEK,01JZ19VEXCKVX740B60X4W6PQN,2025-06-30T21:12:46.044377376Z,01JZ19VF4XXDC5SP97SM18G8VM,2025-06-30T21:12:46.044377376Z,01JZ19XD6XDCZFB3F08CC7HS0Y,2025-06-30T21:12:46.044377376Z,01JZ1AQBHRMVHPE1YZ6WFANPW5,2025-06-30T21:12:46.044377376Z
01JZ17RJ8DHXQJNBH08SCAYHC2,01JZ170DPRHYGRH6M74WMGZ8J5,2025-06-30T20:16:54.541670681Z,01JZ170DRV33K8D9D9ZMQKAW2D,2025-06-30T20:16:54.541670681Z,01JZ17A4X6KDHXD87KVKY87426,2025-06-30T20:16:54.541670681Z,01JZ17PPGX7JSSK85PVP6H7NR4,2025-06-30T20:16:54.541670681Z
01JZ17TNH7SDZFESYSZ6EEYH2F,01JZ170DPRHYGRH6M74WMGZ8J5,2025-06-30T20:18:03.431574227Z,01JZ170DSP5HFMBRZWFQV8RFVC,2025-06-30T20:18:03.431574227Z,01JZ178B4PCAFGN9QS0GJ0TQ84,2025-06-30T20:18:03.431574227Z,01JZ17RSKP4T7TM013SKSDCBN6,2025-06-30T20:18:03.431574227Z
01JZ17XGK8BVSPHP66RPVKYHHS,01JZ170DPRHYGRH6M74WMGZ8J5,2025-06-30T20:19:36.680833235Z,01JZ170DS0283SZNEN95XAWWS4,2025-06-30T20:19:36.680833235Z,01JZ17G9ZFDP0QC4ASAB62EXYP,2025-06-30T20:19:36.680833235Z,01JZ17NT77HT8XSXBSDEYA5WV8,2025-06-30T20:19:36.680833235Z
01JZ18RQTY10ZXJ6J6VXKWX9TC,01JZ18G4TN4FH7205KTQTFE7PM,2025-06-30T20:34:28.830612193Z,01JZ18G4XMK5QHE5YNTR43VZ9V,2025-06-30T20:34:28.830612193Z,01JZ18NBPDW8GJCMK3V0N2AHJY,2025-06-30T20:34:28.830612193Z,01JZ18RP7K0MQCXP7DDG2EV4WD,2025-06-30T20:34:28.830612193Z
01JZ17JCPGSGABVGKM695VADEA,01JZ170DPRHYGRH6M74WMGZ8J5,2025-06-30T20:13:32.241018811Z,01JZ170DSBT7R80F1BC6BFNZAP,2025-06-30T20:13:32.241018811Z,01JZ17E2HGHQEBNZ4BGFQ4PF6N,2025-06-30T20:13:32.241018811Z,01JZ17JC2RA6WXF9ZF2QJYR7ZN,2025-06-30T20:13:32.241018811Z
01JZ1GWVKZ4QXV9JQBX4D3P7DM,01JZ1G29Q82GQAKEXSK2E7NK3R,2025-06-30T22:56:32.383854161Z,01JZ1G2AATTMJJ07WA2JZ9MF1K,2025-06-30T22:56:32.383854161Z,01JZ1GRY7J5YBFT0P7ME9XRK58,2025-06-30T22:56:32.383854161Z,01JZ1GWN9E6D3R3MSRMZHCWZ3J,2025-06-30T22:56:32.383854161Z
01JZ17RR4KRXARJWGFDCWHTRPT,01JZ170DPRHYGRH6M74WMGZ8J5,2025-06-30T20:17:00.563734516Z,01JZ170DRXVGFVP20P8DK3M491,2025-06-30T20:17:00.563734516Z,01JZ179T9EE5NWF4YTXDRCZC5E,2025-06-30T20:17:00.563734516Z,01JZ17H2JPFPJA5AGAW7MSWH7S,2025-06-30T20:17:00.563734516Z
01JZ18YBNCPWW4ZFE1NAD4ZJ0C,01JZ18G4TN4FH7205KTQTFE7PM,2025-06-30T20:37:32.972665489Z,01JZ18G50PJASP911XB82AW46K,2025-06-30T20:37:32.972665489Z,01JZ18HFN6SPVZ5DYGTVB7ZVYC,2025-06-30T20:37:32.972665489Z,01JZ18P6NXZT0V7P3PR4SE8Z8C,2025-06-30T20:37:32.972665489Z
01JZ1AZG5R97R16PR7W0GB1T2A,01JZ19VEXCKVX740B60X4W6PQN,2025-06-30T21:13:07.51296914Z,01JZ19VF4XXDC5SP97SM18G8VM,2025-06-30T21:13:07.51296914Z,01JZ1AFP0ZSM5GDN23SMJMVZTW,2025-06-30T21:13:07.51296914Z,01JZ1AQBGFVYCSP9N6MQYTQFEK,2025-06-30T21:13:07.51296914Z
01JZ1CW7FG2NHANFA4E4ZDXTR4,01JZ1C4XJFQQ45ZHGATAXVBX0J,2025-06-30T21:46:17.456327396Z,01JZ1C4XNE4VHGMR9JDZS6Y7F9,2025-06-30T21:46:17.456327396Z,01JZ1CEYEW4QC345QNCDR6C494,2025-06-30T21:46:17.456327396Z,01JZ1CM9PHKQR6ZRV6WZC89ZRV,2025-06-30T21:46:17.456327396Z
01JZ1DT16V0Z88YRN1PT4EJE3P,01JZ1D0RX94M7HHBAJDNGV8QRS,2025-06-30T22:02:34.075764462Z,01JZ1D0S3N2D9DCG3EHS8AP4R1,2025-06-30T22:02:34.075764462Z,01JZ1D49JVTEEYC1V6ZNF5Y9RQ,2025-06-30T22:02:34.075764462Z,01JZ1DJBDTNACWNJN067YDS3Z6,2025-06-30T22:02:34.075764462Z
01JZ17KGRCTD6KM52XDPET857Y,01JZ170DPRHYGRH6M74WMGZ8J5,2025-06-30T20:14:09.164982515Z,01JZ170DSWJ6311N72HPSQWG9K,2025-06-30T20:14:09.164982515Z,01JZ178W441J2YAZ2W6GRZFTRA,2025-06-30T20:14:09.164982515Z,01JZ17KG5B6EC4G1KASHS52HR2,2025-06-30T20:14:09.164982515Z
01JZ17SY2GKBP1E07ACQQJACGY,01JZ170DPRHYGRH6M74WMGZ8J5,2025-06-30T20:17:39.408296651Z,01JZ170DSTXK5Z1DV671606E6A,2025-06-30T20:17:39.408296651Z,01JZ17BSA5GQ3JXNB68EA97BX0,2025-06-30T20:17:39.408296651Z,01JZ17J85RY443EPKC8WCTQNMR,2025-06-30T20:17:39.408296651Z
01JZ18PBYTK7KTSCACVPZ0955G,01JZ18G4TN4FH7205KTQTFE7PM,2025-06-30T20:33:11.130048068Z,01JZ18G4X5EPR69QT64DVYQXFJ,2025-06-30T20:33:11.130048068Z,01JZ18JKCGQP2NA6VYXSDM89NW,2025-06-30T20:33:11.130048068Z,01JZ18PAR9WBWEPQGQAVBFV7BZ,2025-06-30T20:33:11.130048068Z
01JZ18R9TRS20NWJBSFFPQ55D9,01JZ18G4TN4FH7205KTQTFE7PM,2025-06-30T20:34:14.488440513Z,01JZ18G512YK4K14AJW1A4KQT5,2025-06-30T20:34:14.488440513Z,01JZ18JYCDAD1FWP17TG353JM2,2025-06-30T20:34:14.488440513Z,01JZ18R8B98P4BYKECZBPDN4K7,2025-06-30T20:34:14.488440513Z
01JZ18ZZ287E0VF99JM4JVD308,01JZ18G4TN4FH7205KTQTFE7PM,2025-06-30T20:38:25.608889177Z,01JZ18G4ZZG5A688HVVJGKBFVW,2025-06-30T20:38:25.608889177Z,01JZ18N06YG4ZMSQQQ92S1PQNP,2025-06-30T20:38:25.608889177Z,01JZ18RFRDFAMMNBDDR8ZFEFZN,2025-06-30T20:38:25.608889177Z
01JZ190T114Y40DVSSKY12FJ53,01JZ18G4TN4FH7205KTQTFE7PM,2025-06-30T20:38:53.217857994Z,01JZ18G4Z7SR18DC8PDBR22HS5,2025-06-30T20:38:53.217857994Z,01JZ18K0S7ESWE4C2YKPFWVG9K,2025-06-30T20:38:53.217857994Z,01JZ18S8WHVH4M4KJ49MQHRMWQ,2025-06-30T20:38:53.217857994Z
01JZ191HXX97S3CY3J374QZX8R,01JZ18G4TN4FH7205KTQTFE7PM,2025-06-30T20:39:17.693465823Z,01JZ18G4Z7SR18DC8PDBR22HS5,2025-06-30T20:39:17.693465823Z,01JZ18KKD45G2Z51GTDYMFBGF8,2025-06-30T20:39:17.693465823Z,01JZ18S8XBR7NPBNNX8H3R06YJ,2025-06-30T20:39:17.693465823Z
01JZ1DTVC21FG9P6K6AC7QFEAP,01JZ1D0RX94M7HHBAJDNGV8QRS,2025-06-30T22:03:00.86643804Z,01JZ1D0S3N2D9DCG3EHS8AP4R1,2025-06-30T22:03:00.86643804Z,01JZ1D49JVTEEYC1V6ZNF5Y9RQ,2025-06-30T22:03:00.86643804Z,01JZ1DJBHP6QZKY368KYFWAKY9,2025-06-30T22:03:00.86643804Z
01JZ17HKF6RE5JGTF9B2D96Z4R,01JZ170DPRHYGRH6M74WMGZ8J5,2025-06-30T20:13:06.406764044Z,01JZ170DS32PJY8CQRMADJXFRG,2025-06-30T20:13:06.406764044Z,01JZ17A8QJRMY4CTZ0TGBPTVC4,2025-06-30T20:13:06.406764044Z,01JZ17HJYFQV3K1KSV87NRHNJ3,2025-06-30T20:13:06.406764044Z
01JZ17RR5QTCYNV21MT5HX72AR,01JZ170DPRHYGRH6M74WMGZ8J5,2025-06-30T20:17:00.599345669Z,01JZ170DRXVGFVP20P8DK3M491,2025-06-30T20:17:00.599345669Z,01JZ17B2PHRTHG9KZ1P8A1158Q,2025-06-30T20:17:00.599345669Z,01JZ17H2JPFPJA5AGAW7MSWH7S,2025-06-30T20:17:00.599345669Z
01JZ1AK39HZY3Q60NRCVZZSPV1,01JZ19VEXCKVX740B60X4W6PQN,2025-06-30T21:06:21.105168561Z,01JZ19VF3FCDRKA7RA8CE3SQDH,2025-06-30T21:06:21.105168561Z,01JZ1A9FT19KFC6EXDW9G1CYS7,2025-06-30T21:06:21.105168561Z,01JZ1AK0DBQXGCYJCG3YA80XRE,2025-06-30T21:06:21.105168561Z
01JZ17PTQYSZFGF54AWVK3QXFK,01JZ170DPRHYGRH6M74WMGZ8J5,2025-06-30T20:15:57.694472087Z,01JZ170DSMJZPS89ZBMFZ7ATK7,2025-06-30T20:15:57.694472087Z,01JZ17ECC07JKYK10HK5BT3SZQ,2025-06-30T20:15:57.694472087Z,01JZ17MYDW712GB678NHAF4EAC,2025-06-30T20:15:57.694472087Z
01JZ17S601WFJHF7ZCF5B15JJA,01JZ170DPRHYGRH6M74WMGZ8J5,2025-06-30T20:17:14.753670009Z,01JZ170DS5DJKXJ3Z7YVJKJJXK,2025-06-30T20:17:14.753670009Z,01JZ17DQRYSG711N7R05SC14HP,2025-06-30T20:17:14.753670009Z,01JZ17QA5NP4NCPJJVMNCZ9F7W,2025-06-30T20:17:14.753670009Z
01JZ1DHHAET7N9TS1A0HK7NRHV,01JZ1D0RX94M7HHBAJDNGV8QRS,2025-06-30T21:57:55.66212797Z,01JZ1D0S58CJJ0G6BA8AW8ZVCS,2025-06-30T21:57:55.66212797Z,01JZ1D7DM0SC7JQGS6JG3ZYPAZ,2025-06-30T21:57:55.66212797Z,01JZ1D976ADRX00GH05XJ7VG1Y,2025-06-30T21:57:55.66212797Z
01JZ18Y5Q7W2SXS9EP0E103478,01JZ18G4TN4FH7205KTQTFE7PM,2025-06-30T20:37:26.887852714Z,01JZ18G4Y1ABZPJ815NAWEN19T,2025-06-30T20:37:26.887852714Z,01JZ18HGDSE2JWMVWW1YEZN8Q5,2025-06-30T20:37:26.887852714Z,01JZ18PMFB1RM4KC0PGZ592WHC,2025-06-30T20:37:26.887852714Z
01JZ18ZKDSXCEH7Y0R746DFSFA,01JZ18G4TN4FH7205KTQTFE7PM,2025-06-30T20:38:13.689849756Z,01JZ18G4YTQTSXFW2X0Y80VGVG,2025-06-30T20:38:13.689849756Z,01JZ18M95D7WX9RB46ACE56086,2025-06-30T20:38:13.689849756Z,01JZ18QCJV80NZ6CWN841W78CA,2025-06-30T20:38:13.689849756Z
01JZ190BG58J7J04NT5AFYBJBN,01JZ18G4TN4FH7205KTQTFE7PM,2025-06-30T20:38:38.341240947Z,01JZ18G4XMK5QHE5YNTR43VZ9V,2025-06-30T20:38:38.341240947Z,01JZ18JYQDFDP4EVNZQ3HF507K,2025-06-30T20:38:38.341240947Z,01JZ18RP8NH16RGQPN23QF70FD,2025-06-30T20:38:38.341240947Z
01JZ197YQMYFA2E84PF2DF5YR9,01JZ18R9CHSHJ2BAJZ4M4PAW2X,2025-06-30T20:42:47.412527376Z,01JZ18RA3DBE17YR6D8FEXRWFY,2025-06-30T20:42:47.412527376Z,01JZ195RS4X3R0XZXASS7J2F2G,2025-06-30T20:42:47.412527376Z,01JZ197VZ0Q6DEGD42E0811129,2025-06-30T20:42:47.412527376Z
01JZ1CE4M4D8XJYVWTK4J9EJV6,01JZ1BX7WQMA45G0E33EEHJ3V9,2025-06-30T21:38:35.780370546Z,01JZ1BX80QRTKGB6MH6HMRDXS1,2025-06-30T21:38:35.780370546Z,01JZ1BY7ZYY1555G7VDKVM55K7,2025-06-30T21:38:35.780370546Z,01JZ1C694WS1H0BQYPF8J97ET7,2025-06-30T21:38:35.780370546Z
01JZ17KGR6HYXMKF7F5GHGACCS,01JZ170DPRHYGRH6M74WMGZ8J5,2025-06-30T20:14:09.158428136Z,01JZ170DSWJ6311N72HPSQWG9K,2025-06-30T20:14:09.158428136Z,01JZ178GZ31S8C5ECRC86PTTAS,2025-06-30T20:14:09.158428136Z,01JZ17KG5B6EC4G1KASHS52HR2,2025-06-30T20:14:09.158428136Z
01JZ17VNGAT70DMJ84YVRY91N6,01JZ170DPRHYGRH6M74WMGZ8J5,2025-06-30T20:18:36.170631175Z,01JZ170DSR5F2SARFX61BD5BFD,2025-06-30T20:18:36.170631175Z,01JZ17ADWXQ9CX9S0BD7VM2S2J,2025-06-30T20:18:36.170631175Z,01JZ17M8TTAADH96H16B5Q2KVN,2025-06-30T20:18:36.170631175Z
01JZ1H4FX814E3K5WHXAPT6B19,01JZ1G29Q82GQAKEXSK2E7NK3R,2025-06-30T23:00:42.536252253Z,01JZ1G2A58JMFV91VV93EGJJQY,2025-06-30T23:00:42.536252253Z,01JZ1G5G1FFKZK7WVQ264NYRHA,2025-06-30T23:00:42.536252253Z,01JZ1GW3K49KQTMSG69GXKE3BB,2025-06-30T23:00:42.536252253Z
01JZ18R2J1Z13HX70D1JQJ5J0A,01JZ18G4TN4FH7205KTQTFE7PM,2025-06-30T20:34:07.041988994Z,01JZ18G4XDWA3A08Y0HZ5HSAAF,2025-06-30T20:34:07.041988994Z,01JZ18N4BCMMEGJT5ZAJGY6HHX,2025-06-30T20:34:07.041988994Z,01JZ18R0YQXPRFN6T3JT8B6MYT,2025-06-30T20:34:07.041988994Z
01JZ18RH80NZWVHJDW05EA385R,01JZ18G4TN4FH7205KTQTFE7PM,2025-06-30T20:34:22.080882296Z,01JZ18G4ZZG5A688HVVJGKBFVW,2025-06-30T20:34:22.080882296Z,01JZ18K484MAW8WSQHH7HSG9Z4,2025-06-30T20:34:22.080882296Z,01JZ18RFPBGVB1PJ8WVY2S92SR,2025-06-30T20:34:22.080882296Z
01JZ18ZVAQ3K8JXYX55MQ4D62H,01JZ18G4TN4FH7205KTQTFE7PM,2025-06-30T20:38:21.783978005Z,01JZ18G4ZPD0G0WRB3ZSNJ4KSW,2025-06-30T20:38:21.783978005Z,01JZ18KCY0QBBH8XGZWTQZ78V6,2025-06-30T20:38:21.783978005Z,01JZ18QMFXN721VEA2NDQX9P2G,2025-06-30T20:38:21.783978005Z
01JZ1916DYHXD5MG7HV0N7GKWD,01JZ18G4TN4FH7205KTQTFE7PM,2025-06-30T20:39:05.918817331Z,01JZ18G4XMK5QHE5YNTR43VZ9V,2025-06-30T20:39:05.918817331Z,01JZ18NBPDW8GJCMK3V0N2AHJY,2025-06-30T20:39:05.918817331Z,01JZ18RP9ZDBJKMBBTW600ZPPV,2025-06-30T20:39:05.918817331Z
01JZ1ACNRZXWC6MZT5AMAXZPF4,01JZ19VEXCKVX740B60X4W6PQN,2025-06-30T21:02:50.655999616Z,01JZ19VF5YA4VZJRJDVJVY1XBY,2025-06-30T21:02:50.655999616Z,01JZ1A13JPV17BYBZFE5Z1TESS,2025-06-30T21:02:50.655999616Z,01JZ1AAR361JZ1CYXHJ50PJVG2,2025-06-30T21:02:50.655999616Z
01JZ1BK5BZJAR0GEFH0CEYGHCK,01JZ1B1VZ9TM9N3252XVVAH9DZ,2025-06-30T21:23:51.807760055Z,01JZ1B1W5AJ9N87HJBZ99HRQPJ,2025-06-30T21:23:51.807760055Z,01JZ1B4M3WKZR9J1GGJ7PR0S32,2025-06-30T21:23:51.807760055Z,01JZ1BB7HHYBBSVM85QTV97ZMB,2025-06-30T21:23:51.807760055Z
01JZ1H4G069P9XS7K48231C4ZY,01JZ1G29Q82GQAKEXSK2E7NK3R,2025-06-30T23:00:42.630858208Z,01JZ1G2A58JMFV91VV93EGJJQY,2025-06-30T23:00:42.630858208Z,01JZ1GV1M5Q32ZNQW2E45R5EH9,2025-06-30T23:00:42.630858208Z,01JZ1GW3K49KQTMSG69GXKE3BB,2025-06-30T23:00:42.630858208Z
01JZ1826KDTM3T64SX18HEW457,01JZ170DPRHYGRH6M74WMGZ8J5,2025-06-30T20:22:10.285485839Z,01JZ170DS9MMA8EZAVKYS5SMHX,2025-06-30T20:22:10.285485839Z,01JZ17QM16148RHAHCPPZX620J,2025-06-30T20:22:10.285485839Z,01JZ17TR6X8TWBF7X6J4SZFVJ8,2025-06-30T20:22:10.285485839Z
01JZ18R2H41TYKAA89MZ4ZHX4R,01JZ18G4TN4FH7205KTQTFE7PM,2025-06-30T20:34:07.012755814Z,01JZ18G4XDWA3A08Y0HZ5HSAAF,2025-06-30T20:34:07.012755814Z,01JZ18JRC4BH8D9FBM20ZHDN29,2025-06-30T20:34:07.012755814Z,01JZ18R0YQXPRFN6T3JT8B6MYT,2025-06-30T20:34:07.012755814Z
01JZ1AHVSWWKVHFRA07WWJHW0N,01JZ19VEXCKVX740B60X4W6PQN,2025-06-30T21:05:40.668714021Z,01JZ19VF81DTYMGWYB0TAJKDWY,2025-06-30T21:05:40.668714021Z,01JZ1A1K79TTT3Z2JTQ13NPY5P,2025-06-30T21:05:40.668714021Z,01JZ1AABQSYES8GH0EQS7AKYST,2025-06-30T21:05:40.668714021Z
01JZ1AJZCC84SQXJYZBGM45E3Q,01JZ19VEXCKVX740B60X4W6PQN,2025-06-30T21:06:17.100341235Z,01JZ19VF5YA4VZJRJDVJVY1XBY,2025-06-30T21:06:17.100341235Z,01JZ1A8FR32NPD5RJ1DVE9H7Y6,2025-06-30T21:06:17.100341235Z,01JZ1AAQZXK1M56S8S8ENY419V,2025-06-30T21:06:17.100341235Z
01JZ1BXSQ51V48DAGPEJ8RZ5N3,01JZ1B1VZ9TM9N3252XVVAH9DZ,2025-06-30T21:29:40.32559057Z,01JZ1B1W4RP0VXDDKCJTNKM3AX,2025-06-30T21:29:40.32559057Z,01JZ1B4QMHRDEJR6YWEDX6CP6V,2025-06-30T21:29:40.32559057Z,01JZ1BNY9GCVDPARZTZ60Y7363,2025-06-30T21:29:40.32559057Z
01JZ1F2DGEX54NP5VK1CTXCV9S,01JZ1E916HBESJXS5SJ82BFZ21,2025-06-30T22:24:37.39009093Z,01JZ1E923XSJ5V9JGGJQR2CG7M,2025-06-30T22:24:37.39009093Z,01JZ1EF4VM7JABTTZNP94E67E7,2025-06-30T22:24:37.39009093Z,01JZ1F28PF9P2Q45FHCT2P249Q,2025-06-30T22:24:37.39009093Z
01JZ17J2C7NGKXAG2J5WGCFCRD,01JZ170DPRHYGRH6M74WMGZ8J5,2025-06-30T20:13:21.672691818Z,01JZ170DRSFZ9Y16965WN1Z2F9,2025-06-30T20:13:21.672691818Z,01JZ17ACVQQE42SB51P5M3A1GH,2025-06-30T20:13:21.672691818Z,01JZ17G70WMTCCVM6PEEY7RHRW,2025-06-30T20:13:21.672691818Z
01JZ17T73WGWPNRJV1AX9T55PK,01JZ170DPRHYGRH6M74WMGZ8J5,2025-06-30T20:17:48.669007393Z,01JZ170DRQN15452AYS561M232,2025-06-30T20:17:48.669007393Z,01JZ17EC9TCGFEVCEX7CCFP6AJ,2025-06-30T20:17:48.669007393Z,01JZ17RBCT038Y8QAFS6F67QDM,2025-06-30T20:17:48.669007393Z
01JZ18YG7C56A458E5MN3SFCJC,01JZ18G4TN4FH7205KTQTFE7PM,2025-06-30T20:37:37.644698254Z,01JZ18G4Y1ABZPJ815NAWEN19T,2025-06-30T20:37:37.644698254Z,01JZ18HGDSE2JWMVWW1YEZN8Q5,2025-06-30T20:37:37.644698254Z,01JZ18PMFKK6H14YD886P3HZXA,2025-06-30T20:37:37.644698254Z
01JZ1AV5TSR2C6R2TEF514K8TN,01JZ19VEXCKVX740B60X4W6PQN,2025-06-30T21:10:45.849201781Z,01JZ19VF3FCDRKA7RA8CE3SQDH,2025-06-30T21:10:45.849201781Z,01JZ19WY3ATKAJQ5V1K5TAB38J,2025-06-30T21:10:45.849201781Z,01JZ1AK0ET9HBHSSG0V60ZD9G1,2025-06-30T21:10:45.849201781Z
01JZ1BMMA6853ERN4NZ8DZRXW4,01JZ1B1VZ9TM9N3252XVVAH9DZ,2025-06-30T21:24:39.878634357Z,01JZ1B1W2WT8MR9NJ7RDDSFH2M,2025-06-30T21:24:39.878634357Z,01JZ1B40FQ24C0Z8EC9VKSS7KY,2025-06-30T21:24:39.878634357Z,01JZ1BD44PFFYBYMY5MP17VM3Y,2025-06-30T21:24:39.878634357Z
01JZ1DSKR2HW756ZVCRXWWKDRQ,01JZ1D0RX94M7HHBAJDNGV8QRS,2025-06-30T22:02:20.290169992Z,01JZ1D0S61XK8FZCNQBM2ZAEE6,2025-06-30T22:02:20.290169992Z,01JZ1D497J6YYY65Y2Z1DW88ZY,2025-06-30T22:02:20.290169992Z,01JZ1DHG8H05GH2W9SB4K6K1E6,2025-06-30T22:02:20.290169992Z
01JZ17Z18ZYX3GEX9H9SSRZW6C,01JZ170DPRHYGRH6M74WMGZ8J5,2025-06-30T20:20:26.527428054Z,01JZ170DS5DJKXJ3Z7YVJKJJXK,2025-06-30T20:20:26.527428054Z,01JZ17ETMDVKMB5DEN58FYX8NM,2025-06-30T20:20:26.527428054Z,01JZ17QA4RZBJN8FPG3Q7FD7PZ,2025-06-30T20:20:26.527428054Z
01JZ18SB16Z74580XTBNE089TJ,01JZ18G4TN4FH7205KTQTFE7PM,2025-06-30T20:34:48.486538082Z,01JZ18G4YTQTSXFW2X0Y80VGVG,2025-06-30T20:34:48.486538082Z,01JZ18JHMPB6Y0TNZB1CBHN9G9,2025-06-30T20:34:48.486538082Z,01JZ18QCHSRQEB636MAZYTF93F,2025-06-30T20:34:48.486538082Z
01JZ192F82S0FZG1GG49S7PV4Z,01JZ18R9CHSHJ2BAJZ4M4PAW2X,2025-06-30T20:39:47.714949816Z,01JZ18RA48YSHMY5EWBJ9E61V2,2025-06-30T20:39:47.714949816Z,01JZ192103EKKYM21MP70AEJNN,2025-06-30T20:39:47.714949816Z,01JZ192CM1S0TWD820FVH6YX9C,2025-06-30T20:39:47.714949816Z
01JZ1A8VMSTBC8C398FX0Y0PK2,01JZ19VEXCKVX740B60X4W6PQN,2025-06-30T21:00:45.593204236Z,01JZ19VF9WCS5BMDRCPXZK6ZBF,2025-06-30T21:00:45.593204236Z,01JZ19Y0QS6ZDMVQR73DRR23RB,2025-06-30T21:00:45.593204236Z,01JZ1A8RR2GDW6GS56QAP6TW67,2025-06-30T21:00:45.593204236Z
01JZ1F4JSDH43YSS6RNA1R2YKJ,01JZ1E916HBESJXS5SJ82BFZ21,2025-06-30T22:25:48.333483345Z,01JZ1E91Q18GQE49C0XSDVMF75,2025-06-30T22:25:48.333483345Z,01JZ1EKW5BGVN2WN0MZV6XE5EZ,2025-06-30T22:25:48.333483345Z,01JZ1F2JC80W096GAN654HJE4R,2025-06-30T22:25:48.333483345Z
01JZ17VNES3T859QKTED2M8TY5,01JZ170DPRHYGRH6M74WMGZ8J5,2025-06-30T20:18:36.121401017Z,01JZ170DSR5F2SARFX61BD5BFD,2025-06-30T20:18:36.121401017Z,01JZ17HAYAY9BSFK3RQNTEMCZ6,2025-06-30T20:18:36.121401017Z,01JZ17M8TTAADH96H16B5Q2KVN,2025-06-30T20:18:36.121401017Z
01JZ18YT0W91SG1HGF7N337YVJ,01JZ18G4TN4FH7205KTQTFE7PM,2025-06-30T20:37:47.676906229Z,01JZ18G4YA2XRQ9RK4RH5WQB1P,2025-06-30T20:37:47.676906229Z,01JZ18KR3KN1X0F0J0JP7HHD78,2025-06-30T20:37:47.676906229Z,01JZ18Q1S7RYZRF0109T2366SB,2025-06-30T20:37:47.676906229Z
01JZ191HZNZ1ZE623ZFHJ8HJ9K,01JZ18G4TN4FH7205KTQTFE7PM,2025-06-30T20:39:17.749499032Z,01JZ18G4Z7SR18DC8PDBR22HS5,2025-06-30T20:39:17.749499032Z,01JZ18JCX14E3JYTT1AT1DNHJS,2025-06-30T20:39:17.749499032Z,01JZ18S8XBR7NPBNNX8H3R06YJ,2025-06-30T20:39:17.749499032Z
01JZ1BNA6FPSFHFB6ZX0G2AMR8,01JZ1B1VZ9TM9N3252XVVAH9DZ,2025-06-30T21:25:02.287086148Z,01JZ1B1W2WT8MR9NJ7RDDSFH2M,2025-06-30T21:25:02.287086148Z,01JZ1B56KN8DYJ21G7YK1NVQR0,2025-06-30T21:25:02.287086148Z,01JZ1BD41K10B3Z5F98Q46A8QZ,2025-06-30T21:25:02.287086148Z
01JZ1C88B8M97HTVWV2Z11H7YD,01JZ1BX7WQMA45G0E33EEHJ3V9,2025-06-30T21:35:22.984816949Z,01JZ1BX80QRTKGB6MH6HMRDXS1,2025-06-30T21:35:22.984816949Z,01JZ1C4CTKJV3QDB4A0BGTS31H,2025-06-30T21:35:22.984816949Z,01JZ1C68WHJ3JXAR0SNG92WD7N,2025-06-30T21:35:22.984816949Z
01JZ1D7DD0T909YEDPQR92MWJ9,01JZ1D0RX94M7HHBAJDNGV8QRS,2025-06-30T21:52:23.968792598Z,01JZ1D0S2S8SEBXETFQJSTGM5V,2025-06-30T21:52:23.968792598Z,01JZ1D5N9EKRCKNEX5N0FCN65V,2025-06-30T21:52:23.968792598Z,01JZ1D77QV4PCA19S4PRRTPDFG,2025-06-30T21:52:23.968792598Z
01JZ17KHC8AT49383BBR43N6CR,01JZ170DPRHYGRH6M74WMGZ8J5,2025-06-30T20:14:09.800992193Z,01JZ170DS8YWG03GZVY59N3JD0,2025-06-30T20:14:09.800992193Z,01JZ179QC9P59RRBVKW06P1VJF,2025-06-30T20:14:09.800992193Z,01JZ17HNMQAAW5HV1NJ3KN0TDP,2025-06-30T20:14:09.800992193Z
01JZ1F95YWQTCG42M6FFTTK1HV,01JZ1E916HBESJXS5SJ82BFZ21,2025-06-30T22:28:19.036378221Z,01JZ1E91ENR7DC2PFTK7ZY5PTJ,2025-06-30T22:28:19.036378221Z,01JZ1EESNEX1G6N7P06E41EYRK,2025-06-30T22:28:19.036378221Z,01JZ1F70RJ6JX7FR0QPB30BKG3,2025-06-30T22:28:19.036378221Z
01JZ1FF6G66DSHK4V4Q51B0121,01JZ1E916HBESJXS5SJ82BFZ21,2025-06-30T22:31:36.198907219Z,01JZ1E91ENR7DC2PFTK7ZY5PTJ,2025-06-30T22:31:36.198907219Z,01JZ1F6AT65D7Q2J3RRFNE8GQF,2025-06-30T22:31:36.198907219Z,01JZ1F70P00K8AHBXPKP5QMP6N,2025-06-30T22:31:36.198907219Z
01JZ17WNTD0N7KFWWWW1ZJEDX7,01JZ170DPRHYGRH6M74WMGZ8J5,2025-06-30T20:19:09.261608259Z,01JZ170DS9MMA8EZAVKYS5SMHX,2025-06-30T20:19:09.261608259Z,01JZ17CPP7Y270N83EX04850B6,2025-06-30T20:19:09.261608259Z,01JZ17TR7E1D7CES1YNCABFX51,2025-06-30T20:19:09.261608259Z
01JZ18XNQPNVWREVV8HEC5R9QP,01JZ18G4TN4FH7205KTQTFE7PM,2025-06-30T20:37:10.51890564Z,01JZ18G50PJASP911XB82AW46K,2025-06-30T20:37:10.51890564Z,01JZ18KAD3ET3YWT2B268D40PX,2025-06-30T20:37:10.51890564Z,01JZ18P6MTEX79E96T9HBXCMA3,2025-06-30T20:37:10.51890564Z
01JZ1AB5T0YEDWPVW7CW1Q3HGG,01JZ19VEXCKVX740B60X4W6PQN,2025-06-30T21:02:01.53639488Z,01JZ19VF1X4TGM9HTAVFF08YB3,2025-06-30T21:02:01.53639488Z,01JZ19YKGANWM091HXPRFZY75R,2025-06-30T21:02:01.53639488Z,01JZ1A31WDRRSK5Y1X8M50HPSG,2025-06-30T21:02:01.53639488Z
01JZ1AJJNMYTN3G87SGSCYG4H6,01JZ19VEXCKVX740B60X4W6PQN,2025-06-30T21:06:04.084909868Z,01JZ19VF81DTYMGWYB0TAJKDWY,2025-06-30T21:06:04.084909868Z,01JZ1A11QXMY0GZ8B5FCM3RTBW,2025-06-30T21:06:04.084909868Z,01JZ1AABP7JRKCT0WVXFR6GX4V,2025-06-30T21:06:04.084909868Z
01JZ1BXHF2TNRHPENRDRF4C4ZY,01JZ1B1VZ9TM9N3252XVVAH9DZ,2025-06-30T21:29:31.874774356Z,01JZ1B1W5TAZ0C76DBH0ZAEY5X,2025-06-30T21:29:31.874774356Z,01JZ1B3Y49GJFDA022ZKPSHE7M,2025-06-30T21:29:31.874774356Z,01JZ1BNNPVHRHE8S109SGCSVME,2025-06-30T21:29:31.874774356Z
01JZ17KGRJV4PJYR4CCFE9KH3P,01JZ170DPRHYGRH6M74WMGZ8J5,2025-06-30T20:14:09.170778017Z,01JZ170DSWJ6311N72HPSQWG9K,2025-06-30T20:14:09.170778017Z,01JZ17D915S4GRY1FXGXK8RTTY,2025-06-30T20:14:09.170778017Z,01JZ17KG5B6EC4G1KASHS52HR2,2025-06-30T20:14:09.170778017Z
01JZ17VWZGNJRBG0AD4PF0E3W9,01JZ170DPRHYGRH6M74WMGZ8J5,2025-06-30T20:18:43.824801712Z,01JZ170DRWH3Q5VEKFYTCWXCB9,2025-06-30T20:18:43.824801712Z,01JZ178J2BZ2NF5FVTXNH8JBMT,2025-06-30T20:18:43.824801712Z,01JZ17M63THTS8VR02B734BA3Z,2025-06-30T20:18:43.824801712Z
01JZ18ZPERC883KJH3HB503BWM,01JZ18G4TN4FH7205KTQTFE7PM,2025-06-30T20:38:16.792251374Z,01JZ18G512YK4K14AJW1A4KQT5,2025-06-30T20:38:16.792251374Z,01JZ18M3Q90QHFJ7P7ZKCP4M1K,2025-06-30T20:38:16.792251374Z,01JZ18R8CKMG9A39402BQ4NWM2,2025-06-30T20:38:16.792251374Z
01JZ1DM5SMR58Q7Q89ZJFJ3ZQA,01JZ1D0RX94M7HHBAJDNGV8QRS,2025-06-30T21:59:22.164966025Z,01JZ1D0S14X3T6948SDJVF454K,2025-06-30T21:59:22.164966025Z,01JZ1D3Y76V55J2284DH2783V0,2025-06-30T21:59:22.164966025Z,01JZ1DCMPT24SY5ZG1DM3G6TK4,2025-06-30T21:59:22.164966025Z
01JZ17PTR2MDXKBC9MN28SQ32Z,01JZ170DPRHYGRH6M74WMGZ8J5,2025-06-30T20:15:57.698268428Z,01JZ170DSMJZPS89ZBMFZ7ATK7,2025-06-30T20:15:57.698268428Z,01JZ17DZ6QV2B73JE2W9M5K3SC,2025-06-30T20:15:57.698268428Z,01JZ17MYDW712GB678NHAF4EAC,2025-06-30T20:15:57.698268428Z
01JZ1BMM9596P5K21Z06PJQR04,01JZ1B1VZ9TM9N3252XVVAH9DZ,2025-06-30T21:24:39.84598026Z,01JZ1B1W2WT8MR9NJ7RDDSFH2M,2025-06-30T21:24:39.84598026Z,01JZ1B3YWXA1F3DXJYFKHTVRDW,2025-06-30T21:24:39.84598026Z,01JZ1BD44PFFYBYMY5MP17VM3Y,2025-06-30T21:24:39.84598026Z
01JZ1BSCTPS7J00F5C3ZH1YQ6P,01JZ1B1VZ9TM9N3252XVVAH9DZ,2025-06-30T21:27:16.054083165Z,01JZ1B1W68Y1JCNSRHTZJR0WTB,2025-06-30T21:27:16.054083165Z,01JZ1B62EVJPYFB1CKMM3NTQNK,2025-06-30T21:27:16.054083165Z,01JZ1BH4CC6N46FP386VHR81G9,2025-06-30T21:27:16.054083165Z
01JZ18Q369TP25EM2AQZFD9XEA,01JZ18G4TN4FH7205KTQTFE7PM,2025-06-30T20:33:34.921466458Z,01JZ18G4YA2XRQ9RK4RH5WQB1P,2025-06-30T20:33:34.921466458Z,01JZ18M0E7QK051FXC32B03XG8,2025-06-30T20:33:34.921466458Z,01JZ18Q1R1B7GYCBMPZ4J0A4A5,2025-06-30T20:33:34.921466458Z
01JZ1BQN7SZ9KXFRPT3RC61P8W,01JZ1B1VZ9TM9N3252XVVAH9DZ,2025-06-30T21:26:19.1300076Z,01JZ1B1W5TAZ0C76DBH0ZAEY5X,2025-06-30T21:26:19.1300076Z,01JZ1B3G6JQBSFAAE2943ZEQ9V,2025-06-30T21:26:19.1300076Z,01JZ1BNNFF9MV2BR5CAE8TGEYC,2025-06-30T21:26:19.1300076Z
01JZ17XEYNERBYSN9QCHTGQ862,01JZ170DPRHYGRH6M74WMGZ8J5,2025-06-30T20:19:34.997583114Z,01JZ170DSXXMDA003X79NFA4N0,2025-06-30T20:19:34.997583114Z,01JZ179JK7EB00XG1XXC6JXGYV,2025-06-30T20:19:34.997583114Z,01JZ17NRSB5GP7EXVFTFEFCERK,2025-06-30T20:19:34.997583114Z
01JZ18SYEYA0HVMYGF9PKSA48F,01JZ18G4TN4FH7205KTQTFE7PM,2025-06-30T20:35:08.38265371Z,01JZ18G4XDWA3A08Y0HZ5HSAAF,2025-06-30T20:35:08.38265371Z,01JZ18JX7AQFGHWSY2V5AEBRM0,2025-06-30T20:35:08.38265371Z,01JZ18R0Z5Z926ZA90YM7MYTK3,2025-06-30T20:35:08.38265371Z
01JZ17V6CJYRPEQK6B1MWE3KH9,01JZ170DPRHYGRH6M74WMGZ8J5,2025-06-30T20:18:20.690549022Z,01JZ170DSWJ6311N72HPSQWG9K,2025-06-30T20:18:20.690549022Z,01JZ17AF66R5T85771E9QQ650E,2025-06-30T20:18:20.690549022Z,01JZ17KG4Z9CHYTG6HQWPNQJ5E,2025-06-30T20:18:20.690549022Z
01JZ17VGSZB6QX5RN78VKR27ZE,01JZ170DPRHYGRH6M74WMGZ8J5,2025-06-30T20:18:31.359984534Z,01JZ170DSWJ6311N72HPSQWG9K,2025-06-30T20:18:31.359984534Z,01JZ178W441J2YAZ2W6GRZFTRA,2025-06-30T20:18:31.359984534Z,01JZ17KG5FZCMZS2YJVCAZ741Y,2025-06-30T20:18:31.359984534Z
01JZ18NSHFZNMA22W4H0XEQAJN,01JZ18G4TN4FH7205KTQTFE7PM,2025-06-30T20:32:52.271546Z,01JZ18G4ZDA13FR053ZT1R1FPF,2025-06-30T20:32:52.271546Z,01JZ18HQSJCYE6M3YFJES1PERS,2025-06-30T20:32:52.271546Z,01JZ18NR5AG219ZPCM6XMBS475,2025-06-30T20:32:52.271546Z
01JZ18Z4S5AF5F8JM4AHHN119R,01JZ18G4TN4FH7205KTQTFE7PM,2025-06-30T20:37:58.693140317Z,01JZ18G4YA2XRQ9RK4RH5WQB1P,2025-06-30T20:37:58.693140317Z,01JZ18MZ9CEYXM1F4JSENNJ9RA,2025-06-30T20:37:58.693140317Z,01JZ18Q1SHZX0HATET1MQN9ET3,2025-06-30T20:37:58.693140317Z
01JZ1BK593GVG46FHFFV6H6HMQ,01JZ1B1VZ9TM9N3252XVVAH9DZ,2025-06-30T21:23:51.715807015Z,01JZ1B1W5AJ9N87HJBZ99HRQPJ,2025-06-30T21:23:51.715807015Z,01JZ1B7J9GMSKP5R199VT378SX,2025-06-30T21:23:51.715807015Z,01JZ1BB7HHYBBSVM85QTV97ZMB,2025-06-30T21:23:51.715807015Z
01JZ1DSYP5A68KCX5S630PZ33E,01JZ1D0RX94M7HHBAJDNGV8QRS,2025-06-30T22:02:31.493499898Z,01JZ1D0S61XK8FZCNQBM2ZAEE6,2025-06-30T22:02:31.493499898Z,01JZ1D7ZVRAH2JHDPAGNC0VP2T,2025-06-30T22:02:31.493499898Z,01JZ1DHGBSZZHKEP5QJKJSKXHE,2025-06-30T22:02:31.493499898Z
01JZ1DTVDHN5B7N3TRTXZJ4CKG,01JZ1D0RX94M7HHBAJDNGV8QRS,2025-06-30T22:03:00.913541942Z,01JZ1D0S3N2D9DCG3EHS8AP4R1,2025-06-30T22:03:00.913541942Z,01JZ1D7D81NBZRDY8M09FZNXH6,2025-06-30T22:03:00.913541942Z,01JZ1DJBHP6QZKY368KYFWAKY9,2025-06-30T22:03:00.913541942Z
01JZ17H32P9DD7AQ72CEHRXJ9R,01JZ170DPRHYGRH6M74WMGZ8J5,2025-06-30T20:12:49.622308369Z,01JZ170DRXVGFVP20P8DK3M491,2025-06-30T20:12:49.622308369Z,01JZ17B2PHRTHG9KZ1P8A1158Q,2025-06-30T20:12:49.622308369Z,01JZ17H2JE238380KER7CXK8AE,2025-06-30T20:12:49.622308369Z
01JZ17T2D7H1FPR31VZBJ2XE74,01JZ170DPRHYGRH6M74WMGZ8J5,2025-06-30T20:17:43.847181583Z,01JZ170DSBT7R80F1BC6BFNZAP,2025-06-30T20:17:43.847181583Z,01JZ17A0VX21AM44XR65ZCDBQZ,2025-06-30T20:17:43.847181583Z,01JZ17JC31V9W433CZ54VPSDCC,2025-06-30T20:17:43.847181583Z
01JZ17XEYWR5G9BC48VEZW7175,01JZ170DPRHYGRH6M74WMGZ8J5,2025-06-30T20:19:35.00435972Z,01JZ170DSXXMDA003X79NFA4N0,2025-06-30T20:19:35.00435972Z,01JZ17CZMJ8ZJDC1BKFXHNXYR1,2025-06-30T20:19:35.00435972Z,01JZ17NRSB5GP7EXVFTFEFCERK,2025-06-30T20:19:35.00435972Z
01JZ17Y2WWRBBXT6835P42RM8S,01JZ170DPRHYGRH6M74WMGZ8J5,2025-06-30T20:19:55.420624593Z,01JZ170DRV33K8D9D9ZMQKAW2D,2025-06-30T20:19:55.420624593Z,01JZ17FY7YEZ14CJBS3JX2EV3B,2025-06-30T20:19:55.420624593Z,01JZ17PPJ2YWZWK15QBYRMGXYC,2025-06-30T20:19:55.420624593Z
01JZ17YPWW1918MSAS69C2HEPD,01JZ170DPRHYGRH6M74WMGZ8J5,2025-06-30T20:20:15.900332615Z,01JZ170DS5DJKXJ3Z7YVJKJJXK,2025-06-30T20:20:15.900332615Z,01JZ17FZXSD3JPY8Z3YRMZJDDV,2025-06-30T20:20:15.900332615Z,01JZ17QA59QV908YAV00Z9M88J,2025-06-30T20:20:15.900332615Z
01JZ1BBAAQ5R25951BSTV7NWJB,01JZ1B1VZ9TM9N3252XVVAH9DZ,2025-06-30T21:19:34.74399221Z,01JZ1B1W5AJ9N87HJBZ99HRQPJ,2025-06-30T21:19:34.74399221Z,01JZ1B7J9GMSKP5R199VT378SX,2025-06-30T21:19:34.74399221Z,01JZ1BB7E1TXBMBFXFHSFEWTHS,2025-06-30T21:19:34.74399221Z
01JZ1F4CVAXT6S0ASHX77MK21Q,01JZ1E916HBESJXS5SJ82BFZ21,2025-06-30T22:25:42.250302369Z,01JZ1E91SWVSXS6FK33QCMH9SP,2025-06-30T22:25:42.250302369Z,01JZ1EJSF3D74SJNMB9KEWHKK2,2025-06-30T22:25:42.250302369Z,01JZ1F45CJV6T7PXKVK8XJ2DRQ,2025-06-30T22:25:42.250302369Z
01JZ17P4ZFYNC389QDYSXY9DAF,01JZ170DPRHYGRH6M74WMGZ8J5,2025-06-30T20:15:35.40795727Z,01JZ170DSR5F2SARFX61BD5BFD,2025-06-30T20:15:35.40795727Z,01JZ17ADWXQ9CX9S0BD7VM2S2J,2025-06-30T20:15:35.40795727Z,01JZ17M8SSZ2QHECS5BA0DPMCQ,2025-06-30T20:15:35.40795727Z
01JZ17RZ00M5H8K8S26JRR41X1,01JZ170DPRHYGRH6M74WMGZ8J5,2025-06-30T20:17:07.584382614Z,01JZ170DS32PJY8CQRMADJXFRG,2025-06-30T20:17:07.584382614Z,01JZ17A8QJRMY4CTZ0TGBPTVC4,2025-06-30T20:17:07.584382614Z,01JZ17HJY1YPM205KVGKCXFQS3,2025-06-30T20:17:07.584382614Z
01JZ1BCG3SHXX9J2ZNHV2JG40H,01JZ1B1VZ9TM9N3252XVVAH9DZ,2025-06-30T21:20:13.43365187Z,01JZ1B1W6S117BH8HCA7NH9R7E,2025-06-30T21:20:13.43365187Z,01JZ1B4F0AXDADE5G5GXRT5GAX,2025-06-30T21:20:13.43365187Z,01JZ1BAHCPD0S01DARX26K93JP,2025-06-30T21:20:13.43365187Z
01JZ1BP1VESJ7TWB7GGVRFFNGT,01JZ1B1VZ9TM9N3252XVVAH9DZ,2025-06-30T21:25:26.51055509Z,01JZ1B1W4RP0VXDDKCJTNKM3AX,2025-06-30T21:25:26.51055509Z,01JZ1BH96VSCAX0MRZ5GVT0SBR,2025-06-30T21:25:26.51055509Z,01JZ1BNY7WEGTS4M119S3G7CHR,2025-06-30T21:25:26.51055509Z
01JZ1CJS09F8AHR2MCRRM56E9B,01JZ1BX7WQMA45G0E33EEHJ3V9,2025-06-30T21:41:07.721800449Z,01JZ1BX82RNFGPPA94NES9507T,2025-06-30T21:41:07.721800449Z,01JZ1BZDJ93GPNRBSERWMWMMB5,2025-06-30T21:41:07.721800449Z,01JZ1CAKVW35AFX8X2Z7T9CWZB,2025-06-30T21:41:07.721800449Z
01JZ1EZBDRHTHC4G0CG02XTRSP,01JZ1E916HBESJXS5SJ82BFZ21,2025-06-30T22:22:56.952080925Z,01JZ1E91Z6K0ZJGCC53Q4JQWJP,2025-06-30T22:22:56.952080925Z,01JZ1ET7E30G59HX0XYHAKGDD0,2025-06-30T22:22:56.952080925Z,01JZ1EXBWE57CVQYV0Q5D3TA2S,2025-06-30T22:22:56.952080925Z
01JZ180GVQJPZS0NP2TM65FRDJ,01JZ170DPRHYGRH6M74WMGZ8J5,2025-06-30T20:21:15.25553268Z,01JZ170DSP5HFMBRZWFQV8RFVC,2025-06-30T20:21:15.25553268Z,01JZ17D1Z4NJ06X2DRQ0XR8Y1G,2025-06-30T20:21:15.25553268Z,01JZ17RSJTNPRC3C8ZY6Y2ZSYJ,2025-06-30T20:21:15.25553268Z
01JZ18PNP5G2XXHWAEEBN9MC52,01JZ18G4TN4FH7205KTQTFE7PM,2025-06-30T20:33:21.093647848Z,01JZ18G4Y1ABZPJ815NAWEN19T,2025-06-30T20:33:21.093647848Z,01JZ18JEHHPNBFM751TV8GEBJ2,2025-06-30T20:33:21.093647848Z,01JZ18PME7D8TXGQRQ2CGSH14P,2025-06-30T20:33:21.093647848Z
01JZ18ZZ47VJ6XBAZS5Q4HR1WB,01JZ18G4TN4FH7205KTQTFE7PM,2025-06-30T20:38:25.671542034Z,01JZ18G4ZZG5A688HVVJGKBFVW,2025-06-30T20:38:25.671542034Z,01JZ18HSGA4VKS1NR0MAVDXW88,2025-06-30T20:38:25.671542034Z,01JZ18RFRDFAMMNBDDR8ZFEFZN,2025-06-30T20:38:25.671542034Z
01JZ191D9EA8TZWMEC3FAWQSXT,01JZ18G4TN4FH7205KTQTFE7PM,2025-06-30T20:39:12.942767844Z,01JZ18G508W9SSEDAT6B79GZND,2025-06-30T20:39:12.942767844Z,01JZ18J46H2273JNNKGGW4JXM3,2025-06-30T20:39:12.942767844Z,01JZ18STGY49XDG4HG71EG50TV,2025-06-30T20:39:12.942767844Z
01JZ1DFMCEM97V0BA3535DM09G,01JZ1D0RX94M7HHBAJDNGV8QRS,2025-06-30T21:56:53.262235194Z,01JZ1D0S2S8SEBXETFQJSTGM5V,2025-06-30T21:56:53.262235194Z,01JZ1D4W11PS06G8TDSZKJ39RF,2025-06-30T21:56:53.262235194Z,01JZ1D783SKDB58PW2W9ZDSBMC,2025-06-30T21:56:53.262235194Z
01JZ1GG8H3W59WS96WWDC9XDP2,01JZ1G29Q82GQAKEXSK2E7NK3R,2025-06-30T22:49:39.619898665Z,01JZ1G2A24PAZYJHH2EQFGJG7N,2025-06-30T22:49:39.619898665Z,01JZ1GC4MM47P5V75X6NCDXBTN,2025-06-30T22:49:39.619898665Z,01JZ1GG46B57R07ZV286SM8BX0,2025-06-30T22:49:39.619898665Z
01JZ1DH3B4G937QTMNFRBTA8S6,01JZ1D0RX94M7HHBAJDNGV8QRS,2025-06-30T21:57:41.348941529Z,01JZ1D0S58CJJ0G6BA8AW8ZVCS,2025-06-30T21:57:41.348941529Z,01JZ1D7DM0SC7JQGS6JG3ZYPAZ,2025-06-30T21:57:41.348941529Z,01JZ1D9756PBGFTZ2YP6F5YZFW,2025-06-30T21:57:41.348941529Z
01JZ1F95VV8GY51JHQY84CNHAY,01JZ1E916HBESJXS5SJ82BFZ21,2025-06-30T22:28:18.939980349Z,01JZ1E91ENR7DC2PFTK7ZY5PTJ,2025-06-30T22:28:18.939980349Z,01JZ1EBW22KQBY52ZW0XEVAEWD,2025-06-30T22:28:18.939980349Z,01JZ1F70RJ6JX7FR0QPB30BKG3,2025-06-30T22:28:18.939980349Z
01JZ17HKFGQBZ04J1N0YNGSTGQ,01JZ170DPRHYGRH6M74WMGZ8J5,2025-06-30T20:13:06.41680291Z,01JZ170DS32PJY8CQRMADJXFRG,2025-06-30T20:13:06.41680291Z,01JZ17A84G8QVPB3RW2KXSNH3H,2025-06-30T20:13:06.41680291Z,01JZ17HJYFQV3K1KSV87NRHNJ3,2025-06-30T20:13:06.41680291Z
01JZ180272XJ60G1CRE0S0F0MS,01JZ170DPRHYGRH6M74WMGZ8J5,2025-06-30T20:21:00.258546165Z,01JZ170DRQN15452AYS561M232,2025-06-30T20:21:00.258546165Z,01JZ17M9BWTED841AF4MEHDDNW,2025-06-30T20:21:00.258546165Z,01JZ17RBDPNRWH0MV3S1S7KRVT,2025-06-30T20:21:00.258546165Z
01JZ1BJV16KQZH4CDFJP2KXJW9,01JZ1B1VZ9TM9N3252XVVAH9DZ,2025-06-30T21:23:41.223022323Z,01JZ1B1W6S117BH8HCA7NH9R7E,2025-06-30T21:23:41.223022323Z,01JZ1B51FGYNJ0T68GXM1MEH1R,2025-06-30T21:23:41.223022323Z,01JZ1BAHG6QWWGBEPT681DK5Y7,2025-06-30T21:23:41.223022323Z
01JZ18V5XCWW9JGYKHRW1RWG05,01JZ18G4TN4FH7205KTQTFE7PM,2025-06-30T20:35:48.780909988Z,01JZ18G4Z7SR18DC8PDBR22HS5,2025-06-30T20:35:48.780909988Z,01JZ18JM84GZ5542ST7BEW0RHN,2025-06-30T20:35:48.780909988Z,01JZ18S8W382ZTX14ED28QZWFS,2025-06-30T20:35:48.780909988Z
01JZ18ZDA74173BWSKCNVNCVFR,01JZ18G4TN4FH7205KTQTFE7PM,2025-06-30T20:38:07.431802794Z,01JZ18G4YK3PSP6R2PNWBA4P8S,2025-06-30T20:38:07.431802794Z,01JZ18JNT2QKJHBG0YSDA5VWH8,2025-06-30T20:38:07.431802794Z,01JZ18QWAXDS741W4C9GD54TCD,2025-06-30T20:38:07.431802794Z
01JZ1AJJN184C9TNNSY31FJR24,01JZ19VEXCKVX740B60X4W6PQN,2025-06-30T21:06:04.065624094Z,01JZ19VF81DTYMGWYB0TAJKDWY,2025-06-30T21:06:04.065624094Z,01JZ1A7CX8Z1SNGPWK47XB0JNS,2025-06-30T21:06:04.065624094Z,01JZ1AABP7JRKCT0WVXFR6GX4V,2025-06-30T21:06:04.065624094Z
01JZ1BD7YDX8JFZTNZBT29HFQZ,01JZ1B1VZ9TM9N3252XVVAH9DZ,2025-06-30T21:20:37.837985505Z,01JZ1B1W5AJ9N87HJBZ99HRQPJ,2025-06-30T21:20:37.837985505Z,01JZ1B4CR8JCWXXD7BQPA68N6Z,2025-06-30T21:20:37.837985505Z,01JZ1BB7ETZS9BEX799QEABQ0R,2025-06-30T21:20:37.837985505Z
01JZ1CCJ6K3YZ16Q741CR0QAHR,01JZ1BX7WQMA45G0E33EEHJ3V9,2025-06-30T21:37:44.147992756Z,01JZ1BX82RNFGPPA94NES9507T,2025-06-30T21:37:44.147992756Z,01JZ1BZDJ93GPNRBSERWMWMMB5,2025-06-30T21:37:44.147992756Z,01JZ1CAKRPM2RTKQN4NF25GQNV,2025-06-30T21:37:44.147992756Z
01JZ1ES0DKD1KQZVMH2MCQFQAB,01JZ1E916HBESJXS5SJ82BFZ21,2025-06-30T22:19:29.082713059Z,01JZ1E91HHYKGR583PHV4V6JXR,2025-06-30T22:19:29.082713059Z,01JZ1EB79K0MG0B72T7KF449XB,2025-06-30T22:19:29.082713059Z,01JZ1ERV7ACEK1D4TDCD2JD7PV,2025-06-30T22:19:29.082713059Z
01JZ1F5JHZD8K3RVRRMP68WVBR,01JZ1E916HBESJXS5SJ82BFZ21,2025-06-30T22:26:20.863326243Z,01JZ1E91WFH0SPDF0PZ6G1349X,2025-06-30T22:26:20.863326243Z,01JZ1EBNRXWXP0H461Z4YMKNYP,2025-06-30T22:26:20.863326243Z,01JZ1EY0V936Q11XBE6E3XZ1F6,2025-06-30T22:26:20.863326243Z
01JZ17VJTPY9X16W0CYRE88R35,01JZ170DPRHYGRH6M74WMGZ8J5,2025-06-30T20:18:33.43050919Z,01JZ170DRWH3Q5VEKFYTCWXCB9,2025-06-30T20:18:33.43050919Z,01JZ179F3PP1PB0BWJA9TNG5TN,2025-06-30T20:18:33.43050919Z,01JZ17M63Y2ZQE6JBWKAH6VSPE,2025-06-30T20:18:33.43050919Z
01JZ1BBABPJQQDWG8ZDNBW0WG8,01JZ1B1VZ9TM9N3252XVVAH9DZ,2025-06-30T21:19:34.774160545Z,01JZ1B1W5AJ9N87HJBZ99HRQPJ,2025-06-30T21:19:34.774160545Z,01JZ1B5GACPFWN4R0XMT462FAM,2025-06-30T21:19:34.774160545Z,01JZ1BB7E1TXBMBFXFHSFEWTHS,2025-06-30T21:19:34.774160545Z
01JZ1DH381Q8VBQVCBMJK0V4CP,01JZ1D0RX94M7HHBAJDNGV8QRS,2025-06-30T21:57:41.249940151Z,01JZ1D0S58CJJ0G6BA8AW8ZVCS,2025-06-30T21:57:41.249940151Z,01JZ1D4DS7AYHA2YKV7CP2TXFR,2025-06-30T21:57:41.249940151Z,01JZ1D9756PBGFTZ2YP6F5YZFW,2025-06-30T21:57:41.249940151Z
01JZ1ES0GT0X3PEWJQK80B33MM,01JZ1E916HBESJXS5SJ82BFZ21,2025-06-30T22:19:29.178321551Z,01JZ1E91HHYKGR583PHV4V6JXR,2025-06-30T22:19:29.178321551Z,01JZ1EK77BRBNM03T0A9A1Z152,2025-06-30T22:19:29.178321551Z,01JZ1ERV7ACEK1D4TDCD2JD7PV,2025-06-30T22:19:29.178321551Z
01JZ1F68149GCE1TVHMBXM4E0Y,01JZ1E916HBESJXS5SJ82BFZ21,2025-06-30T22:26:42.852970096Z,01JZ1E91WFH0SPDF0PZ6G1349X,2025-06-30T22:26:42.852970096Z,01JZ1ENXKQ8QM070MZA5HYVVNG,2025-06-30T22:26:42.852970096Z,01JZ1EY0XJ2C8YVSWG7BRMYZAF,2025-06-30T22:26:42.852970096Z
01JZ1DM5QQA6125C31M6SJ6N4G,01JZ1D0RX94M7HHBAJDNGV8QRS,2025-06-30T21:59:22.103117916Z,01JZ1D0S14X3T6948SDJVF454K,2025-06-30T21:59:22.103117916Z,01JZ1D4SCYXBMNQ70R3B47BMPE,2025-06-30T21:59:22.103117916Z,01JZ1DCMPT24SY5ZG1DM3G6TK4,2025-06-30T21:59:22.103117916Z
01JZ17S28MADJWB2TWGX6GSTVJ,01JZ170DPRHYGRH6M74WMGZ8J5,2025-06-30T20:17:10.932589774Z,01JZ170DRXVGFVP20P8DK3M491,2025-06-30T20:17:10.932589774Z,01JZ179T9EE5NWF4YTXDRCZC5E,2025-06-30T20:17:10.932589774Z,01JZ17H2JWJMBDAZPE9P38DECW,2025-06-30T20:17:10.932589774Z
01JZ17SR9TEZFGC0WHX03RVCM5,01JZ170DPRHYGRH6M74WMGZ8J5,2025-06-30T20:17:33.498330458Z,01JZ170DSBT7R80F1BC6BFNZAP,2025-06-30T20:17:33.498330458Z,01JZ17EXP8SEZEBZPSE6GPG8ZM,2025-06-30T20:17:33.498330458Z,01JZ17JC34NY9C5XTJE3ETGWA3,2025-06-30T20:17:33.498330458Z
01JZ1BCG8JPPKG25TB1HK3J5Y1,01JZ1B1VZ9TM9N3252XVVAH9DZ,2025-06-30T21:20:13.586844315Z,01JZ1B1W6S117BH8HCA7NH9R7E,2025-06-30T21:20:13.586844315Z,01JZ1B3PFQZWK1B01E0NW7J1B1,2025-06-30T21:20:13.586844315Z,01JZ1BAHCPD0S01DARX26K93JP,2025-06-30T21:20:13.586844315Z
01JZ1FF6DXVF4QZV767RGYZ0KT,01JZ1E916HBESJXS5SJ82BFZ21,2025-06-30T22:31:36.125058013Z,01JZ1E91ENR7DC2PFTK7ZY5PTJ,2025-06-30T22:31:36.125058013Z,01JZ1EESNEX1G6N7P06E41EYRK,2025-06-30T22:31:36.125058013Z,01JZ1F70P00K8AHBXPKP5QMP6N,2025-06-30T22:31:36.125058013Z
01JZ192KZQ1P5QPTHH8C3F8GXQ,01JZ18QHX9XGN83K6T42FK97D5,2025-06-30T20:39:52.567465476Z,01JZ18QHZ9KPT0XZ66BZ9ZB89K,2025-06-30T20:39:52.567465476Z,01JZ18VC89HN16T8VX0M60S31S,2025-06-30T20:39:52.567465476Z,01JZ190NH1278RPC2MCD2QJWTN,2025-06-30T20:39:52.567465476Z
01JZ1ATGN6QVZCM3SDNADZXJ8C,01JZ19VEXCKVX740B60X4W6PQN,2025-06-30T21:10:24.16617138Z,01JZ19VF3FCDRKA7RA8CE3SQDH,2025-06-30T21:10:24.16617138Z,01JZ19ZRSF0H44Y7P62WF2M80H,2025-06-30T21:10:24.16617138Z,01JZ1AK0G5B46WY2VWCGE07ZNR,2025-06-30T21:10:24.16617138Z
01JZ1BT7AVKYX88TGD851W2SKK,01JZ1B1VZ9TM9N3252XVVAH9DZ,2025-06-30T21:27:43.195648495Z,01JZ1B1W46BH5YH0XYSE8KJRBK,2025-06-30T21:27:43.195648495Z,01JZ1ANK2PZ7NTFNFMNB753RPA,2025-06-30T21:27:43.195648495Z,01JZ1BJ1FAQJQXPY3NN1T11973,2025-06-30T21:27:43.195648495Z
01JZ17PA9MGPAPDZH1PMS2WDEK,01JZ170DPRHYGRH6M74WMGZ8J5,2025-06-30T20:15:40.852823672Z,01JZ170DS434CCJM920K0JDY80,2025-06-30T20:15:40.852823672Z,01JZ17B8EAMA6MXWF42Y5PVE7P,2025-06-30T20:15:40.852823672Z,01JZ17MESGQH4PGAZ2NQBVJJAG,2025-06-30T20:15:40.852823672Z
01JZ1925SH515EJSQ7ZH3F7NCX,01JZ18QHX9XGN83K6T42FK97D5,2025-06-30T20:39:38.033453069Z,01JZ18QHYY9H3H8G0D5BR000CA,2025-06-30T20:39:38.033453069Z,01JZ18XHK71TAH4K8NFWQ8XDAZ,2025-06-30T20:39:38.033453069Z,01JZ1903BN7V6B2N7AMWNTAWGG,2025-06-30T20:39:38.033453069Z
01JZ17KGRFHZMHNBM35E1033K5,01JZ170DPRHYGRH6M74WMGZ8J5,2025-06-30T20:14:09.167524923Z,01JZ170DSWJ6311N72HPSQWG9K,2025-06-30T20:14:09.167524923Z,01JZ17BEMM8D7MEKMFQ0MBS3DE,2025-06-30T20:14:09.167524923Z,01JZ17KG5B6EC4G1KASHS52HR2,2025-06-30T20:14:09.167524923Z
01JZ17QMCZFP1DNJZEJSAHHCRV,01JZ170DPRHYGRH6M74WMGZ8J5,2025-06-30T20:16:23.967502291Z,01JZ170DSXXMDA003X79NFA4N0,2025-06-30T20:16:23.967502291Z,01JZ17G2CQ2WMWNSJEQJ6XDN5X,2025-06-30T20:16:23.967502291Z,01JZ17NRSETRAHA86XGKD3ZGNV,2025-06-30T20:16:23.967502291Z
01JZ18PNQHB1GCRK0X9FWZBTTD,01JZ18G4TN4FH7205KTQTFE7PM,2025-06-30T20:33:21.137113794Z,01JZ18G4Y1ABZPJ815NAWEN19T,2025-06-30T20:33:21.137113794Z,01JZ18KZMETYG3YXGETN6WS81Q,2025-06-30T20:33:21.137113794Z,01JZ18PME7D8TXGQRQ2CGSH14P,2025-06-30T20:33:21.137113794Z
01JZ1AJMCR47FRKRJAS9KZWHKY,01JZ19VEXCKVX740B60X4W6PQN,2025-06-30T21:06:05.8483824Z,01JZ19VF5YA4VZJRJDVJVY1XBY,2025-06-30T21:06:05.8483824Z,01JZ19XQ9SYW5JG2B10Z2EXJ0C,2025-06-30T21:06:05.8483824Z,01JZ1AAR25HY3X5YXR8EKP4ZNT,2025-06-30T21:06:05.8483824Z
01JZ199VT3V7Y99K377W10GDZ7,01JZ18R9CHSHJ2BAJZ4M4PAW2X,2025-06-30T20:43:49.955883641Z,01JZ18RA48YSHMY5EWBJ9E61V2,2025-06-30T20:43:49.955883641Z,01JZ18XZQ962C1YBGG8JES411T,2025-06-30T20:43:49.955883641Z,01JZ192CQ1PM6AAY4VWQWP0QFX,2025-06-30T20:43:49.955883641Z
01JZ17QNVZ5ZF2ADKPWMBSXE4N,01JZ170DPRHYGRH6M74WMGZ8J5,2025-06-30T20:16:25.471166267Z,01JZ170DS0283SZNEN95XAWWS4,2025-06-30T20:16:25.471166267Z,01JZ174WHQCMCA8133PA37NAKC,2025-06-30T20:16:25.471166267Z,01JZ17NT7VKFDEH0WZ6ZY88ZPG,2025-06-30T20:16:25.471166267Z
01JZ1AAV1BG8KSWJEMQ81KSWVX,01JZ19VEXCKVX740B60X4W6PQN,2025-06-30T21:01:50.507721515Z,01JZ19VF1X4TGM9HTAVFF08YB3,2025-06-30T21:01:50.507721515Z,01JZ19YKGANWM091HXPRFZY75R,2025-06-30T21:01:50.507721515Z,01JZ1A31V3EJ1Y2YEGMA5AZKE4,2025-06-30T21:01:50.507721515Z
01JZ1AJ9KN30QG304CQ7GZE9P4,01JZ19VEXCKVX740B60X4W6PQN,2025-06-30T21:05:54.805639648Z,01JZ19VF5YA4VZJRJDVJVY1XBY,2025-06-30T21:05:54.805639648Z,01JZ19XHW6DGGPDJ4763JBPGZ5,2025-06-30T21:05:54.805639648Z,01JZ1AAR2NPD6QV68SPHG41X06,2025-06-30T21:05:54.805639648Z
01JZ17J8NK1QGJB0B4JBPW6F7N,01JZ170DPRHYGRH6M74WMGZ8J5,2025-06-30T20:13:28.115684077Z,01JZ170DSTXK5Z1DV671606E6A,2025-06-30T20:13:28.115684077Z,01JZ179522187EFD1N9MCMN3YS,2025-06-30T20:13:28.115684077Z,01JZ17J857XXAY88RJQ7RDXDN1,2025-06-30T20:13:28.115684077Z
01JZ17SNYG55Z1SX44FC1CZ5FB,01JZ170DPRHYGRH6M74WMGZ8J5,2025-06-30T20:17:31.088651779Z,01JZ170DS8YWG03GZVY59N3JD0,2025-06-30T20:17:31.088651779Z,01JZ17CW18JBK0SW96CVGPG5D0,2025-06-30T20:17:31.088651779Z,01JZ17HNMVNEYYPPYMQAP8NS4W,2025-06-30T20:17:31.088651779Z
01JZ1BAMSP4JQGTF5DYH9YN0DZ,01JZ1B1VZ9TM9N3252XVVAH9DZ,2025-06-30T21:19:12.69447347Z,01JZ1B1W6S117BH8HCA7NH9R7E,2025-06-30T21:19:12.69447347Z,01JZ1B7296HT4QZTVSQ7DGFCMT,2025-06-30T21:19:12.69447347Z,01JZ1BAHADH4W4M1AJ6DNKBPWK,2025-06-30T21:19:12.69447347Z
01JZ18SXTZ6Q7QAQK35FYRY8ZY,01JZ18G4TN4FH7205KTQTFE7PM,2025-06-30T20:35:07.743343503Z,01JZ18G508W9SSEDAT6B79GZND,2025-06-30T20:35:07.743343503Z,01JZ18M2SFWFRTRVV46KHVE0JB,2025-06-30T20:35:07.743343503Z,01JZ18STB8HB9DV2CVT0ZSHGAA,2025-06-30T20:35:07.743343503Z
01JZ1DMDQJ5XGT99MHV0NAMVX7,01JZ1D0RX94M7HHBAJDNGV8QRS,2025-06-30T21:59:30.290614117Z,01JZ1D0S3N2D9DCG3EHS8AP4R1,2025-06-30T21:59:30.290614117Z,01JZ1DEB7GHZ5ZQY0VZXEDKFR1,2025-06-30T21:59:30.290614117Z,01JZ1DJBF7R7NJ28KS5SRS1EHV,2025-06-30T21:59:30.290614117Z
01JZ1H4CBAAQP80FB3D9NQFNAQ,01JZ1G29Q82GQAKEXSK2E7NK3R,2025-06-30T23:00:38.890387553Z,01JZ1G2AATTMJJ07WA2JZ9MF1K,2025-06-30T23:00:38.890387553Z,01JZ1G6XMV3T4ACX6H99BN9F1E,2025-06-30T23:00:38.890387553Z,01JZ1GWNHK6SQXS7ZHPFFWHGZD,2025-06-30T23:00:38.890387553Z
01JZ1AYV9PVCJNSQ84J4PYGZF4,01JZ19VEXCKVX740B60X4W6PQN,2025-06-30T21:12:46.134614556Z,01JZ19VF4XXDC5SP97SM18G8VM,2025-06-30T21:12:46.134614556Z,01JZ1ANDKY8QTNAK6C66WRTD5R,2025-06-30T21:12:46.134614556Z,01JZ1AQBHRMVHPE1YZ6WFANPW5,2025-06-30T21:12:46.134614556Z
01JZ1BCG4YDGB4MZWVW09G6VP4,01JZ1B1VZ9TM9N3252XVVAH9DZ,2025-06-30T21:20:13.470744961Z,01JZ1B1W6S117BH8HCA7NH9R7E,2025-06-30T21:20:13.470744961Z,01JZ1B46GFSFAYTPK6TDTQG4WK,2025-06-30T21:20:13.470744961Z,01JZ1BAHCPD0S01DARX26K93JP,2025-06-30T21:20:13.470744961Z
01JZ1EYTTTPJCK7G0R0FXVWE47,01JZ1E916HBESJXS5SJ82BFZ21,2025-06-30T22:22:39.962918421Z,01JZ1E91MDHZVF6NVBEDDVGZWT,2025-06-30T22:22:39.962918421Z,01JZ1EDVQZ0X09D6ACA1N9J2V2,2025-06-30T22:22:39.962918421Z,01JZ1EWVQ3C0P2AKJ3GFKFG7H9,2025-06-30T22:22:39.962918421Z
01JZ17JCPP9TQ29X2J8XVT1JDW,01JZ170DPRHYGRH6M74WMGZ8J5,2025-06-30T20:13:32.246542774Z,01JZ170DSBT7R80F1BC6BFNZAP,2025-06-30T20:13:32.246542774Z,01JZ17898TMETDM923KMFF15WB,2025-06-30T20:13:32.246542774Z,01JZ17JC2RA6WXF9ZF2QJYR7ZN,2025-06-30T20:13:32.246542774Z
01JZ18RKDMNBAVW0R8BNDVEZVZ,01JZ18G4TN4FH7205KTQTFE7PM,2025-06-30T20:34:24.308450983Z,01JZ18G50G0GKPPCFSW2N0ZNW1,2025-06-30T20:34:24.308450983Z,01JZ18HKRFWCKWBRRSM9AC3SW4,2025-06-30T20:34:24.308450983Z,01JZ18RHHCVE30JQC8SHSPW4MY,2025-06-30T20:34:24.308450983Z
01JZ1BK43S6GQ4KQR8901CN6TG,01JZ1B1VZ9TM9N3252XVVAH9DZ,2025-06-30T21:23:50.521955758Z,01JZ1B1W68Y1JCNSRHTZJR0WTB,2025-06-30T21:23:50.521955758Z,01JZ1B62EVJPYFB1CKMM3NTQNK,2025-06-30T21:23:50.521955758Z,01JZ1BH44X88X65JM8T5DXFWMN,2025-06-30T21:23:50.521955758Z
01JZ1BMMD9F3CG8SJRMRT9PTWH,01JZ1B1VZ9TM9N3252XVVAH9DZ,2025-06-30T21:24:39.978012232Z,01JZ1B1W2WT8MR9NJ7RDDSFH2M,2025-06-30T21:24:39.978012232Z,01JZ1B64GPABF5830RNTZP1A2Y,2025-06-30T21:24:39.978012232Z,01JZ1BD44PFFYBYMY5MP17VM3Y,2025-06-30T21:24:39.978012232Z
01JZ1DSTHV8P321VRWN4ADMNGX,01JZ1D0RX94M7HHBAJDNGV8QRS,2025-06-30T22:02:27.26003066Z,01JZ1D0S4EMT97ECKQ06X1ZWAX,2025-06-30T22:02:27.26003066Z,01JZ1DEBFXXB5H1WJY1A2P9E20,2025-06-30T22:02:27.26003066Z,01JZ1DHWJYP9QBXPBB3XWNBRC8,2025-06-30T22:02:27.26003066Z
01JZ18SSK2JG4QWJMDQ5FGQCFB,01JZ18G4TN4FH7205KTQTFE7PM,2025-06-30T20:35:03.394489887Z,01JZ18G4YK3PSP6R2PNWBA4P8S,2025-06-30T20:35:03.394489887Z,01JZ18JNT2QKJHBG0YSDA5VWH8,2025-06-30T20:35:03.394489887Z,01JZ18QWBAHK4T4H0VEYDTYNA4,2025-06-30T20:35:03.394489887Z
01JZ18TMY9T9VV4DM7V4VTXF6J,01JZ18G4TN4FH7205KTQTFE7PM,2025-06-30T20:35:31.401609077Z,01JZ18G4WPK6V9JKZAVKNYS3NB,2025-06-30T20:35:31.401609077Z,01JZ18N0WE2W63AJ0S8AMFR80C,2025-06-30T20:35:31.401609077Z,01JZ18RRB5PTFQB2DKPHTKH4V3,2025-06-30T20:35:31.401609077Z
01JZ1DHHCF78KTT86C9F4RKEPG,01JZ1D0RX94M7HHBAJDNGV8QRS,2025-06-30T21:57:55.72738916Z,01JZ1D0S58CJJ0G6BA8AW8ZVCS,2025-06-30T21:57:55.72738916Z,01JZ1D4DS7AYHA2YKV7CP2TXFR,2025-06-30T21:57:55.72738916Z,01JZ1D976ADRX00GH05XJ7VG1Y,2025-06-30T21:57:55.72738916Z
01JZ18QR2RW4V14HTGST8BKDNR,01JZ18G4TN4FH7205KTQTFE7PM,2025-06-30T20:33:56.312785027Z,01JZ18G4ZDA13FR053ZT1R1FPF,2025-06-30T20:33:56.312785027Z,01JZ18JREDSF9T5ABKG1CCNPKZ,2025-06-30T20:33:56.312785027Z,01JZ18NR677M02YFM90F21XHAA,2025-06-30T20:33:56.312785027Z
01JZ1CFEQ7CNNX7A7ERCY5GMZN,01JZ1BX7WQMA45G0E33EEHJ3V9,2025-06-30T21:39:18.887576692Z,01JZ1BX81RJBYPGNM468STZ9YH,2025-06-30T21:39:18.887576692Z,01JZ1C7E8DJFPWRMGRQW39DWYT,2025-06-30T21:39:18.887576692Z,01JZ1C7YJM4B7G9NZX8J1CMGGG,2025-06-30T21:39:18.887576692Z
01JZ1GKR2CS6T9DKS0ZQN8J071,01JZ1G29Q82GQAKEXSK2E7NK3R,2025-06-30T22:51:33.836257049Z,01JZ1G2A9825Q9R0AFVXQNTR63,2025-06-30T22:51:33.836257049Z,01JZ1G4P5HG5MYYFH3JNW3CKA9,2025-06-30T22:51:33.836257049Z,01JZ1GKM1M98RKJZ6DVXPWE5H6,2025-06-30T22:51:33.836257049Z
01JZ190SC4JS93936PFVJX57RX,01JZ18G4TN4FH7205KTQTFE7PM,2025-06-30T20:38:52.548462369Z,01JZ18G4XMK5QHE5YNTR43VZ9V,2025-06-30T20:38:52.548462369Z,01JZ18KPPCTRWET1CSH1Z4W2C4,2025-06-30T20:38:52.548462369Z,01JZ18RP91GEW9EVAQBZZAHXYV,2025-06-30T20:38:52.548462369Z
01JZ1GKR3XZB1QBWR81JR11P2A,01JZ1G29Q82GQAKEXSK2E7NK3R,2025-06-30T22:51:33.885624489Z,01JZ1G2A9825Q9R0AFVXQNTR63,2025-06-30T22:51:33.885624489Z,01JZ1GA1RX69WV7RYS6J14XWQD,2025-06-30T22:51:33.885624489Z,01JZ1GKM1M98RKJZ6DVXPWE5H6,2025-06-30T22:51:33.885624489Z
01JZ18PBYGQ886KX0JZ409N79Y,01JZ18G4TN4FH7205KTQTFE7PM,2025-06-30T20:33:11.120736045Z,01JZ18G4X5EPR69QT64DVYQXFJ,2025-06-30T20:33:11.120736045Z,01JZ18KH2AEBXEHK9D1GSN56XX,2025-06-30T20:33:11.120736045Z,01JZ18PAR9WBWEPQGQAVBFV7BZ,2025-06-30T20:33:11.120736045Z
01JZ1983Y2V92V4VFAJ7NR5BWJ,01JZ18QHX9XGN83K6T42FK97D5,2025-06-30T20:42:52.738701378Z,01JZ18QHYY9H3H8G0D5BR000CA,2025-06-30T20:42:52.738701378Z,01JZ18YPQMX7TQXCKGYZNA73VF,2025-06-30T20:42:52.738701378Z,01JZ1903FVM8SRTYCYM7MR4PE9,2025-06-30T20:42:52.738701378Z
01JZ1BBADM1G8PHK3XTT9JMCQF,01JZ1B1VZ9TM9N3252XVVAH9DZ,2025-06-30T21:19:34.836600352Z,01JZ1B1W5AJ9N87HJBZ99HRQPJ,2025-06-30T21:19:34.836600352Z,01JZ1B4CR8JCWXXD7BQPA68N6Z,2025-06-30T21:19:34.836600352Z,01JZ1BB7E1TXBMBFXFHSFEWTHS,2025-06-30T21:19:34.836600352Z
01JZ1DR1QRH84JKVQ9NCK8P07S,01JZ1D0RX94M7HHBAJDNGV8QRS,2025-06-30T22:01:29.080571398Z,01JZ1D0S064NT759Q480WCA8PK,2025-06-30T22:01:29.080571398Z,01JZ1D7QQ9A97C7JTBZNPKRB8Y,2025-06-30T22:01:29.080571398Z,01JZ1DFXRMFQK07Q91HG8QCYJ2,2025-06-30T22:01:29.080571398Z
01JZ17PQAX99BKXB3117YZ7PSK,01JZ170DPRHYGRH6M74WMGZ8J5,2025-06-30T20:15:54.205922211Z,01JZ170DRV33K8D9D9ZMQKAW2D,2025-06-30T20:15:54.205922211Z,01JZ17F29KQA44VJC80QGCAS6X,2025-06-30T20:15:54.205922211Z,01JZ17PPH32HXCV9GY0H5Z2WSH,2025-06-30T20:15:54.205922211Z
01JZ17QB1JVK59SVPES5RNF6XQ,01JZ170DPRHYGRH6M74WMGZ8J5,2025-06-30T20:16:14.386550213Z,01JZ170DS5DJKXJ3Z7YVJKJJXK,2025-06-30T20:16:14.386550213Z,01JZ1763ZE1VD7FNYG3WZHGCWZ,2025-06-30T20:16:14.386550213Z,01JZ17QA5Z590RP2SNRWWJMCH6,2025-06-30T20:16:14.386550213Z
01JZ17XTY2N6DPYARHY9RMS7VE,01JZ170DPRHYGRH6M74WMGZ8J5,2025-06-30T20:19:47.266543869Z,01JZ170DS0283SZNEN95XAWWS4,2025-06-30T20:19:47.266543869Z,01JZ174WHQCMCA8133PA37NAKC,2025-06-30T20:19:47.266543869Z,01JZ17NT6Q15JZTNT1T2TRQ09Q,2025-06-30T20:19:47.266543869Z
01JZ190E4Z1S5MZEMAT3Y6YVFF,01JZ18G4TN4FH7205KTQTFE7PM,2025-06-30T20:38:41.055451108Z,01JZ18G50G0GKPPCFSW2N0ZNW1,2025-06-30T20:38:41.055451108Z,01JZ18KW5P5RE2HRX78XRVTPME,2025-06-30T20:38:41.055451108Z,01JZ18RHGF07MFHCBEKPMJBAPY,2025-06-30T20:38:41.055451108Z
01JZ1AH0Q54QH26VXRTN0FC2DM,01JZ19VEXCKVX740B60X4W6PQN,2025-06-30T21:05:12.933479463Z,01JZ19VF9WCS5BMDRCPXZK6ZBF,2025-06-30T21:05:12.933479463Z,01JZ19Y0QS6ZDMVQR73DRR23RB,2025-06-30T21:05:12.933479463Z,01JZ1A8RRMDWP0AE0XY4GVAREN,2025-06-30T21:05:12.933479463Z
01JZ1BCG7QGFYHPAB0CR0775C8,01JZ1B1VZ9TM9N3252XVVAH9DZ,2025-06-30T21:20:13.559490012Z,01JZ1B1W6S117BH8HCA7NH9R7E,2025-06-30T21:20:13.559490012Z,01JZ1B51FGYNJ0T68GXM1MEH1R,2025-06-30T21:20:13.559490012Z,01JZ1BAHCPD0S01DARX26K93JP,2025-06-30T21:20:13.559490012Z
01JZ1BKG1SJE5V6BN1MPDFEN62,01JZ1B1VZ9TM9N3252XVVAH9DZ,2025-06-30T21:24:02.745622254Z,01JZ1B1W5AJ9N87HJBZ99HRQPJ,2025-06-30T21:24:02.745622254Z,01JZ1B4CR8JCWXXD7BQPA68N6Z,2025-06-30T21:24:02.745622254Z,01JZ1BB7GR2K5BKJQ5STFB90RK,2025-06-30T21:24:02.745622254Z
01JZ1BT7CXZBVZ372KD7HP32VM,01JZ1B1VZ9TM9N3252XVVAH9DZ,2025-06-30T21:27:43.261819767Z,01JZ1B1W46BH5YH0XYSE8KJRBK,2025-06-30T21:27:43.261819767Z,01JZ1B811D0DJD23YQN2DZYBGD,2025-06-30T21:27:43.261819767Z,01JZ1BJ1FAQJQXPY3NN1T11973,2025-06-30T21:27:43.261819767Z
01JZ1GVMJ0W14EXMH2KYAMT71E,01JZ1G29Q82GQAKEXSK2E7NK3R,2025-06-30T22:55:52.384888891Z,01JZ1G2A9825Q9R0AFVXQNTR63,2025-06-30T22:55:52.384888891Z,01JZ1G4P5HG5MYYFH3JNW3CKA9,2025-06-30T22:55:52.384888891Z,01JZ1GKM8S9MZ9Y3HXTH4K06P3,2025-06-30T22:55:52.384888891Z
01JZ1GYSPRZD993H7E8V57NA43,01JZ1G29Q82GQAKEXSK2E7NK3R,2025-06-30T22:57:35.96036923Z,01JZ1G2AATTMJJ07WA2JZ9MF1K,2025-06-30T22:57:35.96036923Z,01JZ1GP55F36DXJQDEYTGWZ556,2025-06-30T22:57:35.96036923Z,01JZ1GWNC8K4Z8FGCARK2K5BBW,2025-06-30T22:57:35.96036923Z
01JZ17R6VDBWX677ZZTSS5PS61,01JZ170DPRHYGRH6M74WMGZ8J5,2025-06-30T20:16:42.861610434Z,01JZ170DRSFZ9Y16965WN1Z2F9,2025-06-30T20:16:42.861610434Z,01JZ17AK41GP2DW5ZS1AJ3K35J,2025-06-30T20:16:42.861610434Z,01JZ17G70SJ14STM6REY4G3XP7,2025-06-30T20:16:42.861610434Z
01JZ17WFJM0MV96SSJBVPNA1MA,01JZ170DPRHYGRH6M74WMGZ8J5,2025-06-30T20:19:02.868593589Z,01JZ170DS434CCJM920K0JDY80,2025-06-30T20:19:02.868593589Z,01JZ17JRNHBCA9Z1PDJFB00SE3,2025-06-30T20:19:02.868593589Z,01JZ17MET0GT1VR1Z1AASBPY29,2025-06-30T20:19:02.868593589Z
01JZ17YQMHEQKDEX563GFVFNSM,01JZ170DPRHYGRH6M74WMGZ8J5,2025-06-30T20:20:16.657320912Z,01JZ170DRV33K8D9D9ZMQKAW2D,2025-06-30T20:20:16.657320912Z,01JZ17A4X6KDHXD87KVKY87426,2025-06-30T20:20:16.657320912Z,01JZ17PPHN9RJYD8FZ3BDFYGXP,2025-06-30T20:20:16.657320912Z
01JZ1BKZT93YA55H5H1KWK1N8V,01JZ1B1VZ9TM9N3252XVVAH9DZ,2025-06-30T21:24:18.88905788Z,01JZ1B1W46BH5YH0XYSE8KJRBK,2025-06-30T21:24:18.88905788Z,01JZ1B53Y9CT8RBFCFDJ7CMETA,2025-06-30T21:24:18.88905788Z,01JZ1BJ1ABMADNQ2K1TJQ9ED7W,2025-06-30T21:24:18.88905788Z
01JZ1CA2TT2E7HYKBZ38K97V0B,01JZ1BX7WQMA45G0E33EEHJ3V9,2025-06-30T21:36:22.874211052Z,01JZ1BX849RGFMRNF1WR9VXVPD,2025-06-30T21:36:22.874211052Z,01JZ1C42HDFGHZFCN4YDW8V435,2025-06-30T21:36:22.874211052Z,01JZ1C84QRBSNC4RE2W7FPW8JB,2025-06-30T21:36:22.874211052Z
01JZ1FAWQQYDMMN5XE6CC5GD2V,01JZ1E916HBESJXS5SJ82BFZ21,2025-06-30T22:29:15.127205644Z,01JZ1E91Q18GQE49C0XSDVMF75,2025-06-30T22:29:15.127205644Z,01JZ1EVFEHVN1QQPSCMZ2EZ73P,2025-06-30T22:29:15.127205644Z,01JZ1F2JFXFJKGVW4BE73GT7FW,2025-06-30T22:29:15.127205644Z
01JZ18YX5S728AG3AAYXQVE45Z,01JZ18G4TN4FH7205KTQTFE7PM,2025-06-30T20:37:50.905598368Z,01JZ18G4YTQTSXFW2X0Y80VGVG,2025-06-30T20:37:50.905598368Z,01JZ18J569YAEG0XPKSGQBZNYX,2025-06-30T20:37:50.905598368Z,01JZ18QCJ5F2TDDGTM86PBKVEG,2025-06-30T20:37:50.905598368Z
01JZ1BJ46C8Z0E6P0A1A007182,01JZ1B1VZ9TM9N3252XVVAH9DZ,2025-06-30T21:23:17.836717365Z,01JZ1B1W46BH5YH0XYSE8KJRBK,2025-06-30T21:23:17.836717365Z,01JZ1B88RR65Q9PG31DJTYC075,2025-06-30T21:23:17.836717365Z,01JZ1BJ1B6MS3FTEDBXT15KPRA,2025-06-30T21:23:17.836717365Z
01JZ1BY4ASN0QHPZXQ95Y4ZGGF,01JZ1B1VZ9TM9N3252XVVAH9DZ,2025-06-30T21:29:51.19383492Z,01JZ1B1W4RP0VXDDKCJTNKM3AX,2025-06-30T21:29:51.19383492Z,01JZ1B4QMHRDEJR6YWEDX6CP6V,2025-06-30T21:29:51.19383492Z,01JZ1BNYAYY2K6CJZRYSXBEGH5,2025-06-30T21:29:51.19383492Z
01JZ1DH394NA54Z7BTQ2KZ3TTJ,01JZ1D0RX94M7HHBAJDNGV8QRS,2025-06-30T21:57:41.284958153Z,01JZ1D0S58CJJ0G6BA8AW8ZVCS,2025-06-30T21:57:41.284958153Z,01JZ1D6ZQPM67S4BNXG3Y9BBD9,2025-06-30T21:57:41.284958153Z,01JZ1D9756PBGFTZ2YP6F5YZFW,2025-06-30T21:57:41.284958153Z
01JZ1FAQ11A23EPT97ZYGPJPG2,01JZ1E916HBESJXS5SJ82BFZ21,2025-06-30T22:29:09.281998117Z,01JZ1E923XSJ5V9JGGJQR2CG7M,2025-06-30T22:29:09.281998117Z,01JZ1EMYVSBFSNMNYSTV9SNRK6,2025-06-30T22:29:09.281998117Z,01JZ1F28Y14BQTYK8651VZJQ25,2025-06-30T22:29:09.281998117Z
01JZ17SK475F6YF4GJB8ZAJ0Z9,01JZ170DPRHYGRH6M74WMGZ8J5,2025-06-30T20:17:28.199775457Z,01JZ170DS32PJY8CQRMADJXFRG,2025-06-30T20:17:28.199775457Z,01JZ17A8QJRMY4CTZ0TGBPTVC4,2025-06-30T20:17:28.199775457Z,01JZ17HJY5Q3PQ3SGQ81QN303W,2025-06-30T20:17:28.199775457Z
01JZ17SNYAPX1K3WY449H7CPJ5,01JZ170DPRHYGRH6M74WMGZ8J5,2025-06-30T20:17:31.08219551Z,01JZ170DS8YWG03GZVY59N3JD0,2025-06-30T20:17:31.08219551Z,01JZ17FA2MQ87XVRF9HC0R27GC,2025-06-30T20:17:31.08219551Z,01JZ17HNMVNEYYPPYMQAP8NS4W,2025-06-30T20:17:31.08219551Z
01JZ17VV0W1SZA7GPNZTHEWHN7,01JZ170DPRHYGRH6M74WMGZ8J5,2025-06-30T20:18:41.820092481Z,01JZ170DS434CCJM920K0JDY80,2025-06-30T20:18:41.820092481Z,01JZ17AA6B6W27BR52VPQ8MSYM,2025-06-30T20:18:41.820092481Z,01JZ17MERZP6TAGVPVPPE2FHS9,2025-06-30T20:18:41.820092481Z
01JZ1BP1W60BXWKMXM6HQSNC2F,01JZ1B1VZ9TM9N3252XVVAH9DZ,2025-06-30T21:25:26.534551963Z,01JZ1B1W4RP0VXDDKCJTNKM3AX,2025-06-30T21:25:26.534551963Z,01JZ1B80W46R4JBTV3ZZ1YXW46,2025-06-30T21:25:26.534551963Z,01JZ1BNY7WEGTS4M119S3G7CHR,2025-06-30T21:25:26.534551963Z
01JZ1BSHEMZP99QSE472C60NH3,01JZ1B1VZ9TM9N3252XVVAH9DZ,2025-06-30T21:27:20.789032978Z,01JZ1B1W46BH5YH0XYSE8KJRBK,2025-06-30T21:27:20.789032978Z,01JZ1BEHJTZVP4GP4G96Q0PZBM,2025-06-30T21:27:20.789032978Z,01JZ1BJ1CD7PGGMV0A6YRMHSQJ,2025-06-30T21:27:20.789032978Z
01JZ1AH0PJR5W3SE3W69HE91YH,01JZ19VEXCKVX740B60X4W6PQN,2025-06-30T21:05:12.915012431Z,01JZ19VF9WCS5BMDRCPXZK6ZBF,2025-06-30T21:05:12.915012431Z,01JZ19Y3KYVSPMBWF3EF2S04D7,2025-06-30T21:05:12.915012431Z,01JZ1A8RRMDWP0AE0XY4GVAREN,2025-06-30T21:05:12.915012431Z
01JZ1GMGHVF5HD4BFAADJ1S5VJ,01JZ1G29Q82GQAKEXSK2E7NK3R,2025-06-30T22:51:58.907682198Z,01JZ1G2ACHC2PPHGNQVYG69GCY,2025-06-30T22:51:58.907682198Z,01JZ1GHHR8Y5813M82KVZRR659,2025-06-30T22:51:58.907682198Z,01JZ1GJG6VNG9PMWWVXAT59KAK,2025-06-30T22:51:58.907682198Z
01JZ17SKTV1F2RB7A3DTAGXSZW,01JZ170DPRHYGRH6M74WMGZ8J5,2025-06-30T20:17:28.923578574Z,01JZ170DSTXK5Z1DV671606E6A,2025-06-30T20:17:28.923578574Z,01JZ179522187EFD1N9MCMN3YS,2025-06-30T20:17:28.923578574Z,01JZ17J85HSFJ5VF5EC9WG406J,2025-06-30T20:17:28.923578574Z
01JZ17SKV8VTHRPS1QSN3AAPFV,01JZ170DPRHYGRH6M74WMGZ8J5,2025-06-30T20:17:28.936168907Z,01JZ170DSTXK5Z1DV671606E6A,2025-06-30T20:17:28.936168907Z,01JZ17CV56KYXDEZD0V6G3R2C0,2025-06-30T20:17:28.936168907Z,01JZ17J85HSFJ5VF5EC9WG406J,2025-06-30T20:17:28.936168907Z
01JZ17W9MMWCYZBY4H06NT96YK,01JZ170DPRHYGRH6M74WMGZ8J5,2025-06-30T20:18:56.788829836Z,01JZ170DSR5F2SARFX61BD5BFD,2025-06-30T20:18:56.788829836Z,01JZ17DTG6GCYHCZ1XV1B4YQSG,2025-06-30T20:18:56.788829836Z,01JZ17M8TBTH3TC0NGPGNB96E6,2025-06-30T20:18:56.788829836Z
01JZ18Q35A7Y4SX3FX335J3919,01JZ18G4TN4FH7205KTQTFE7PM,2025-06-30T20:33:34.890909673Z,01JZ18G4YA2XRQ9RK4RH5WQB1P,2025-06-30T20:33:34.890909673Z,01JZ18NCTENJS4RVDRQ8JG1EGE,2025-06-30T20:33:34.890909673Z,01JZ18Q1R1B7GYCBMPZ4J0A4A5,2025-06-30T20:33:34.890909673Z
01JZ18XNNSB4XFMVNS0GA4M284,01JZ18G4TN4FH7205KTQTFE7PM,2025-06-30T20:37:10.457599729Z,01JZ18G50PJASP911XB82AW46K,2025-06-30T20:37:10.457599729Z,01JZ18HFN6SPVZ5DYGTVB7ZVYC,2025-06-30T20:37:10.457599729Z,01JZ18P6MTEX79E96T9HBXCMA3,2025-06-30T20:37:10.457599729Z
01JZ18Y5T38MH3TJ900K81ZPGE,01JZ18G4TN4FH7205KTQTFE7PM,2025-06-30T20:37:26.979367144Z,01JZ18G4Y1ABZPJ815NAWEN19T,2025-06-30T20:37:26.979367144Z,01JZ18HQKYW690RKTXSRY6QQQ2,2025-06-30T20:37:26.979367144Z,01JZ18PMFB1RM4KC0PGZ592WHC,2025-06-30T20:37:26.979367144Z
01JZ1AAT0FJ9R6ZT8CPPJW1HDZ,01JZ19VEXCKVX740B60X4W6PQN,2025-06-30T21:01:49.455867772Z,01JZ19VF5YA4VZJRJDVJVY1XBY,2025-06-30T21:01:49.455867772Z,01JZ1A4C7ZG2R9MAMN2NVT495T,2025-06-30T21:01:49.455867772Z,01JZ1AAR1060BHD991DM45EP7A,2025-06-30T21:01:49.455867772Z
01JZ1DJH4PVFVZJDTKDD4W6TYB,01JZ1D0RX94M7HHBAJDNGV8QRS,2025-06-30T21:58:28.246575586Z,01JZ1D0S3N2D9DCG3EHS8AP4R1,2025-06-30T21:58:28.246575586Z,01JZ1DEB7GHZ5ZQY0VZXEDKFR1,2025-06-30T21:58:28.246575586Z,01JZ1DJBC9HNDPFTVHPRJH9HNY,2025-06-30T21:58:28.246575586Z
01JZ1F5JGHP6TYPW8WBW1V3BCK,01JZ1E916HBESJXS5SJ82BFZ21,2025-06-30T22:26:20.817497091Z,01JZ1E91WFH0SPDF0PZ6G1349X,2025-06-30T22:26:20.817497091Z,01JZ1ENXKQ8QM070MZA5HYVVNG,2025-06-30T22:26:20.817497091Z,01JZ1EY0V936Q11XBE6E3XZ1F6,2025-06-30T22:26:20.817497091Z
01JZ1FA138RT07EF7WHZAN6HGJ,01JZ1E916HBESJXS5SJ82BFZ21,2025-06-30T22:28:46.824668212Z,01JZ1E923XSJ5V9JGGJQR2CG7M,2025-06-30T22:28:46.824668212Z,01JZ1EMYVSBFSNMNYSTV9SNRK6,2025-06-30T22:28:46.824668212Z,01JZ1F28T85SAXJTEPCXG1SEJH,2025-06-30T22:28:46.824668212Z
01JZ1FETR47QY76H61G8YGKDFX,01JZ1E916HBESJXS5SJ82BFZ21,2025-06-30T22:31:24.16431163Z,01JZ1E91ENR7DC2PFTK7ZY5PTJ,2025-06-30T22:31:24.16431163Z,01JZ1F6AT65D7Q2J3RRFNE8GQF,2025-06-30T22:31:24.16431163Z,01JZ1F70QB8A9FR1KVXQ13Y3JC,2025-06-30T22:31:24.16431163Z
01JZ1AMC33MAEKWRN2YFNC63VM,01JZ19VEXCKVX740B60X4W6PQN,2025-06-30T21:07:02.883392248Z,01JZ19VF6XEW5FG377QGXCTRD1,2025-06-30T21:07:02.883392248Z,01JZ19XTW2HK24K9S0K07R4X7Y,2025-06-30T21:07:02.883392248Z,01JZ1ACG6Q17P2Z830VCFRQ76D,2025-06-30T21:07:02.883392248Z
01JZ17W56ZG7QSB4GFYCHK8RZN,01JZ170DPRHYGRH6M74WMGZ8J5,2025-06-30T20:18:52.25564385Z,01JZ170DS434CCJM920K0JDY80,2025-06-30T20:18:52.25564385Z,01JZ17BZXCKBRDGQ6529TYVNY6,2025-06-30T20:18:52.25564385Z,01JZ17MESMPWPZJ1XK6T8SDFSR,2025-06-30T20:18:52.25564385Z
01JZ18ZDD0TM2C82HT8AWB2PNN,01JZ18G4TN4FH7205KTQTFE7PM,2025-06-30T20:38:07.520799932Z,01JZ18G4YK3PSP6R2PNWBA4P8S,2025-06-30T20:38:07.520799932Z,01JZ18MVEFXZGBQPET8FQ2326K,2025-06-30T20:38:07.520799932Z,01JZ18QWAXDS741W4C9GD54TCD,2025-06-30T20:38:07.520799932Z
01JZ1ACNNXWCKC7DAPPX1FJVK7,01JZ19VEXCKVX740B60X4W6PQN,2025-06-30T21:02:50.557573559Z,01JZ19VF5YA4VZJRJDVJVY1XBY,2025-06-30T21:02:50.557573559Z,01JZ1A8FR32NPD5RJ1DVE9H7Y6,2025-06-30T21:02:50.557573559Z,01JZ1AAR361JZ1CYXHJ50PJVG2,2025-06-30T21:02:50.557573559Z
01JZ1BY4CGNX1A489P3S1MY04T,01JZ1B1VZ9TM9N3252XVVAH9DZ,2025-06-30T21:29:51.248452783Z,01JZ1B1W4RP0VXDDKCJTNKM3AX,2025-06-30T21:29:51.248452783Z,01JZ1B44NJ2M66S6K1HNVCZ08H,2025-06-30T21:29:51.248452783Z,01JZ1BNYAYY2K6CJZRYSXBEGH5,2025-06-30T21:29:51.248452783Z
01JZ1EY4WEEG4T1ABBJ0E44MXG,01JZ1E916HBESJXS5SJ82BFZ21,2025-06-30T22:22:17.48645806Z,01JZ1E91WFH0SPDF0PZ6G1349X,2025-06-30T22:22:17.48645806Z,01JZ1EAPTEQ3YCZAND0ZRHWRT7,2025-06-30T22:22:17.48645806Z,01JZ1EY0NZMS86PHXH9J9EA1SV,2025-06-30T22:22:17.48645806Z
01JZ17MFFPVKSHB24KRVZPRXX9,01JZ170DPRHYGRH6M74WMGZ8J5,2025-06-30T20:14:40.630095617Z,01JZ170DS434CCJM920K0JDY80,2025-06-30T20:14:40.630095617Z,01JZ17B8EAMA6MXWF42Y5PVE7P,2025-06-30T20:14:40.630095617Z,01JZ17MES4H49TCFWXHCBDV2WP,2025-06-30T20:14:40.630095617Z
01JZ17PA9WR5RTWX8RWGHDFB3R,01JZ170DPRHYGRH6M74WMGZ8J5,2025-06-30T20:15:40.860586505Z,01JZ170DS434CCJM920K0JDY80,2025-06-30T20:15:40.860586505Z,01JZ17BXPZGQSXJ1A4PH60Q6WQ,2025-06-30T20:15:40.860586505Z,01JZ17MESGQH4PGAZ2NQBVJJAG,2025-06-30T20:15:40.860586505Z
01JZ18T5CS6N9JJYH9YVHRC6NQ,01JZ18G4TN4FH7205KTQTFE7PM,2025-06-30T20:35:15.48200597Z,01JZ18G512YK4K14AJW1A4KQT5,2025-06-30T20:35:15.48200597Z,01JZ18JCRWSH5Z1V97KVRN4VV2,2025-06-30T20:35:15.48200597Z,01JZ18R8CZAK9T47Q30YNKNJNG,2025-06-30T20:35:15.48200597Z
01JZ1DKJ8S0K61YCWXF620DS39,01JZ1D0RX94M7HHBAJDNGV8QRS,2025-06-30T21:59:02.169258812Z,01JZ1D0S61XK8FZCNQBM2ZAEE6,2025-06-30T21:59:02.169258812Z,01JZ1D5XZ05FCDAH1D4YG77JR7,2025-06-30T21:59:02.169258812Z,01JZ1DHG42SDRFG0AMYRAAVFFX,2025-06-30T21:59:02.169258812Z
01JZ1GNBEJDMWSEXBTZTYK12NB,01JZ1G29Q82GQAKEXSK2E7NK3R,2025-06-30T22:52:26.450624426Z,01JZ1G2A6YM039KVE3FBKDN5TM,2025-06-30T22:52:26.450624426Z,01JZ1G8WT4QHCTZSBPJCV6WM6W,2025-06-30T22:52:26.450624426Z,01JZ1GDRXST33ZMHTRENHC2BZ7,2025-06-30T22:52:26.450624426Z
01JZ17SKVDYP29CWDF9WEDPE5H,01JZ170DPRHYGRH6M74WMGZ8J5,2025-06-30T20:17:28.941384407Z,01JZ170DSTXK5Z1DV671606E6A,2025-06-30T20:17:28.941384407Z,01JZ17BSA5GQ3JXNB68EA97BX0,2025-06-30T20:17:28.941384407Z,01JZ17J85HSFJ5VF5EC9WG406J,2025-06-30T20:17:28.941384407Z
01JZ17XGHN2RA9056DZWD3FR8V,01JZ170DPRHYGRH6M74WMGZ8J5,2025-06-30T20:19:36.63009441Z,01JZ170DS0283SZNEN95XAWWS4,2025-06-30T20:19:36.63009441Z,01JZ17NQ4AD6VM7PXCZNF246W5,2025-06-30T20:19:36.63009441Z,01JZ17NT77HT8XSXBSDEYA5WV8,2025-06-30T20:19:36.63009441Z
01JZ1916FRZBX4JH90XPPQV02R,01JZ18G4TN4FH7205KTQTFE7PM,2025-06-30T20:39:05.976525835Z,01JZ18G4XMK5QHE5YNTR43VZ9V,2025-06-30T20:39:05.976525835Z,01JZ18KPPCTRWET1CSH1Z4W2C4,2025-06-30T20:39:05.976525835Z,01JZ18RP9ZDBJKMBBTW600ZPPV,2025-06-30T20:39:05.976525835Z
01JZ1BAMW40BMHMF7R6ZQ9EE7J,01JZ1B1VZ9TM9N3252XVVAH9DZ,2025-06-30T21:19:12.772606845Z,01JZ1B1W6S117BH8HCA7NH9R7E,2025-06-30T21:19:12.772606845Z,01JZ1B4F0AXDADE5G5GXRT5GAX,2025-06-30T21:19:12.772606845Z,01JZ1BAHADH4W4M1AJ6DNKBPWK,2025-06-30T21:19:12.772606845Z
01JZ1BP1SBQ3F0DM6SSH0X7SC4,01JZ1B1VZ9TM9N3252XVVAH9DZ,2025-06-30T21:25:26.443472488Z,01JZ1B1W4RP0VXDDKCJTNKM3AX,2025-06-30T21:25:26.443472488Z,01JZ1B4QMHRDEJR6YWEDX6CP6V,2025-06-30T21:25:26.443472488Z,01JZ1BNY7WEGTS4M119S3G7CHR,2025-06-30T21:25:26.443472488Z
01JZ17J2CDZHHXYS7EREPP4HHP,01JZ170DPRHYGRH6M74WMGZ8J5,2025-06-30T20:13:21.677484184Z,01JZ170DRSFZ9Y16965WN1Z2F9,2025-06-30T20:13:21.677484184Z,01JZ17971DQBZCGDTGNY2JH6QQ,2025-06-30T20:13:21.677484184Z,01JZ17G70WMTCCVM6PEEY7RHRW,2025-06-30T20:13:21.677484184Z
01JZ17Z170W0YR6P1CKJMQXH2E,01JZ170DPRHYGRH6M74WMGZ8J5,2025-06-30T20:20:26.464884399Z,01JZ170DS5DJKXJ3Z7YVJKJJXK,2025-06-30T20:20:26.464884399Z,01JZ178QE8FT7YCFAWRXFD895X,2025-06-30T20:20:26.464884399Z,01JZ17QA4RZBJN8FPG3Q7FD7PZ,2025-06-30T20:20:26.464884399Z
01JZ18ZXBZGXQY7PDJ9RTX2TKM,01JZ18G4TN4FH7205KTQTFE7PM,2025-06-30T20:38:23.871608726Z,01JZ18G4XDWA3A08Y0HZ5HSAAF,2025-06-30T20:38:23.871608726Z,01JZ18K35P2QZ1SSJHQYJ2X8Z7,2025-06-30T20:38:23.871608726Z,01JZ18R10H32Q9CQ9VTYQTZJBZ,2025-06-30T20:38:23.871608726Z
01JZ198E9CXMRYADTKRBHSAHT0,01JZ18QHX9XGN83K6T42FK97D5,2025-06-30T20:43:03.340538171Z,01JZ18QHYY9H3H8G0D5BR000CA,2025-06-30T20:43:03.340538171Z,01JZ18XHK71TAH4K8NFWQ8XDAZ,2025-06-30T20:43:03.340538171Z,01JZ1903EEWXHFPKFJN2CK77YH,2025-06-30T20:43:03.340538171Z
01JZ17XTXN12DBSEAHTF340ATQ,01JZ170DPRHYGRH6M74WMGZ8J5,2025-06-30T20:19:47.253898142Z,01JZ170DS0283SZNEN95XAWWS4,2025-06-30T20:19:47.253898142Z,01JZ17J8N9NAW1ASAH1NWPJBAP,2025-06-30T20:19:47.253898142Z,01JZ17NT6Q15JZTNT1T2TRQ09Q,2025-06-30T20:19:47.253898142Z
01JZ17YPW0EKM55E37H1EGTMBQ,01JZ170DPRHYGRH6M74WMGZ8J5,2025-06-30T20:20:15.872247157Z,01JZ170DS5DJKXJ3Z7YVJKJJXK,2025-06-30T20:20:15.872247157Z,01JZ178QE8FT7YCFAWRXFD895X,2025-06-30T20:20:15.872247157Z,01JZ17QA59QV908YAV00Z9M88J,2025-06-30T20:20:15.872247157Z
01JZ18ZR8WN14DFBEXW2F96THS,01JZ18G4TN4FH7205KTQTFE7PM,2025-06-30T20:38:18.652707105Z,01JZ18G4YK3PSP6R2PNWBA4P8S,2025-06-30T20:38:18.652707105Z,01JZ18JABGMJD5Y1TTH0BJFJ2C,2025-06-30T20:38:18.652707105Z,01JZ18QWAK96HX887YH26X2DYC,2025-06-30T20:38:18.652707105Z
01JZ1AJ9FSGX9Z6893R256FGDC,01JZ19VEXCKVX740B60X4W6PQN,2025-06-30T21:05:54.681490654Z,01JZ19VF5YA4VZJRJDVJVY1XBY,2025-06-30T21:05:54.681490654Z,01JZ1A13JPV17BYBZFE5Z1TESS,2025-06-30T21:05:54.681490654Z,01JZ1AAR2NPD6QV68SPHG41X06,2025-06-30T21:05:54.681490654Z
01JZ1BT7DV7Y5RX5FVGW4HVETV,01JZ1B1VZ9TM9N3252XVVAH9DZ,2025-06-30T21:27:43.291374165Z,01JZ1B1W46BH5YH0XYSE8KJRBK,2025-06-30T21:27:43.291374165Z,01JZ1B9W35DBJAZZ7ZHMPZZDPP,2025-06-30T21:27:43.291374165Z,01JZ1BJ1FAQJQXPY3NN1T11973,2025-06-30T21:27:43.291374165Z
01JZ1CFEM81PEE91TYYV7DHQ2X,01JZ1BX7WQMA45G0E33EEHJ3V9,2025-06-30T21:39:18.79276997Z,01JZ1BX81RJBYPGNM468STZ9YH,2025-06-30T21:39:18.79276997Z,01JZ1BZM7HWWQQ5DW0EFWDSAQF,2025-06-30T21:39:18.79276997Z,01JZ1C7YJM4B7G9NZX8J1CMGGG,2025-06-30T21:39:18.79276997Z
01JZ17M7CFF3RKCC67J15PNZQ1,01JZ170DPRHYGRH6M74WMGZ8J5,2025-06-30T20:14:32.335812367Z,01JZ170DRWH3Q5VEKFYTCWXCB9,2025-06-30T20:14:32.335812367Z,01JZ17HZPCKK6WHFW0W029CFVG,2025-06-30T20:14:32.335812367Z,01JZ17M636G6YCD0BAJGQEKJNP,2025-06-30T20:14:32.335812367Z
01JZ17R6TZBV538RHG3J9TNPNP,01JZ170DPRHYGRH6M74WMGZ8J5,2025-06-30T20:16:42.847561042Z,01JZ170DRSFZ9Y16965WN1Z2F9,2025-06-30T20:16:42.847561042Z,01JZ17C7XWANHTDKEBR013EKFH,2025-06-30T20:16:42.847561042Z,01JZ17G70SJ14STM6REY4G3XP7,2025-06-30T20:16:42.847561042Z
01JZ17PQAK13N10FQ943ZDSY5C,01JZ170DPRHYGRH6M74WMGZ8J5,2025-06-30T20:15:54.195082882Z,01JZ170DRV33K8D9D9ZMQKAW2D,2025-06-30T20:15:54.195082882Z,01JZ17PJ3VDZQD3TEH95CF73QJ,2025-06-30T20:15:54.195082882Z,01JZ17PPH32HXCV9GY0H5Z2WSH,2025-06-30T20:15:54.195082882Z
01JZ198GH534C7W6NME0BJ93WK,01JZ18QHX9XGN83K6T42FK97D5,2025-06-30T20:43:05.637747996Z,01JZ18QHZ9KPT0XZ66BZ9ZB89K,2025-06-30T20:43:05.637747996Z,01JZ18VHSP5WBV88CARNF83RF7,2025-06-30T20:43:05.637747996Z,01JZ190NJS7Q18J6QY8RM98TK7,2025-06-30T20:43:05.637747996Z
01JZ1F2Q34M4D857YQRK9TTVJ9,01JZ1E916HBESJXS5SJ82BFZ21,2025-06-30T22:24:47.204269089Z,01JZ1E91Q18GQE49C0XSDVMF75,2025-06-30T22:24:47.204269089Z,01JZ1ESJSZ4605B74MTV3MB0PF,2025-06-30T22:24:47.204269089Z,01JZ1F2JAV0QHT42E605BBH8CR,2025-06-30T22:24:47.204269089Z
01JZ17H3262M4KQR443MTW8322,01JZ170DPRHYGRH6M74WMGZ8J5,2025-06-30T20:12:49.606815607Z,01JZ170DRXVGFVP20P8DK3M491,2025-06-30T20:12:49.606815607Z,01JZ179T9EE5NWF4YTXDRCZC5E,2025-06-30T20:12:49.606815607Z,01JZ17H2JE238380KER7CXK8AE,2025-06-30T20:12:49.606815607Z
01JZ17P502QHSFQ1E82D932ARP,01JZ170DPRHYGRH6M74WMGZ8J5,2025-06-30T20:15:35.426532483Z,01JZ170DSR5F2SARFX61BD5BFD,2025-06-30T20:15:35.426532483Z,01JZ17D6932YKNNSWD1JMYAKKF,2025-06-30T20:15:35.426532483Z,01JZ17M8SSZ2QHECS5BA0DPMCQ,2025-06-30T20:15:35.426532483Z
01JZ17QWS99GRFT04REC8M4972,01JZ170DPRHYGRH6M74WMGZ8J5,2025-06-30T20:16:32.553261216Z,01JZ170DRSFZ9Y16965WN1Z2F9,2025-06-30T20:16:32.553261216Z,01JZ17AQQS59T0RTXR5VNB3ZRC,2025-06-30T20:16:32.553261216Z,01JZ17G70EF8S99NVNWP5G0YQ4,2025-06-30T20:16:32.553261216Z
01JZ17W55P7MP1MVMD6XBP9K20,01JZ170DPRHYGRH6M74WMGZ8J5,2025-06-30T20:18:52.214388349Z,01JZ170DS434CCJM920K0JDY80,2025-06-30T20:18:52.214388349Z,01JZ17AA6B6W27BR52VPQ8MSYM,2025-06-30T20:18:52.214388349Z,01JZ17MESMPWPZJ1XK6T8SDFSR,2025-06-30T20:18:52.214388349Z
01JZ17W78ZJRW6JBB9GFGHC0Y5,01JZ170DPRHYGRH6M74WMGZ8J5,2025-06-30T20:18:54.367215504Z,01JZ170DRWH3Q5VEKFYTCWXCB9,2025-06-30T20:18:54.367215504Z,01JZ17C9CHCZD4MC1P47MP5FMT,2025-06-30T20:18:54.367215504Z,01JZ17M62ZA7FM5T6J9Q36KCK0,2025-06-30T20:18:54.367215504Z
01JZ1BBA8RR10N635KH7C17RQ6,01JZ1B1VZ9TM9N3252XVVAH9DZ,2025-06-30T21:19:34.680693384Z,01JZ1B1W5AJ9N87HJBZ99HRQPJ,2025-06-30T21:19:34.680693384Z,01JZ1B33W2SNBC1YKZXCY0285E,2025-06-30T21:19:34.680693384Z,01JZ1BB7E1TXBMBFXFHSFEWTHS,2025-06-30T21:19:34.680693384Z
01JZ1F4XPWACVF837TNA689DK0,01JZ1E916HBESJXS5SJ82BFZ21,2025-06-30T22:25:59.516953136Z,01JZ1E91Z6K0ZJGCC53Q4JQWJP,2025-06-30T22:25:59.516953136Z,01JZ1ET7E30G59HX0XYHAKGDD0,2025-06-30T22:25:59.516953136Z,01JZ1EXBXVJZ8CRFDNRZ1P5KCM,2025-06-30T22:25:59.516953136Z
01JZ191RCSJEHR66DR7K0TDDC5,01JZ18G4TN4FH7205KTQTFE7PM,2025-06-30T20:39:24.3132152Z,01JZ18G508W9SSEDAT6B79GZND,2025-06-30T20:39:24.3132152Z,01JZ18JV7KEJAEZVY4PCFX2BA4,2025-06-30T20:39:24.3132152Z,01JZ18STF1YM3N28QT3VD2MWJ6,2025-06-30T20:39:24.3132152Z
01JZ1AHVQ79DHC8V4SSFASHK37,01JZ19VEXCKVX740B60X4W6PQN,2025-06-30T21:05:40.583718071Z,01JZ19VF81DTYMGWYB0TAJKDWY,2025-06-30T21:05:40.583718071Z,01JZ19XTEVTQG67NAP9C737569,2025-06-30T21:05:40.583718071Z,01JZ1AABQSYES8GH0EQS7AKYST,2025-06-30T21:05:40.583718071Z
01JZ1C87JKYT8J95YKVH8MEVPN,01JZ1BX7WQMA45G0E33EEHJ3V9,2025-06-30T21:35:22.195396022Z,01JZ1BX849RGFMRNF1WR9VXVPD,2025-06-30T21:35:22.195396022Z,01JZ1C42HDFGHZFCN4YDW8V435,2025-06-30T21:35:22.195396022Z,01JZ1C84NV5HP0B6N4ET0C4V87,2025-06-30T21:35:22.195396022Z
01JZ17RC9D582AB9KN4T5WRWMG,01JZ170DPRHYGRH6M74WMGZ8J5,2025-06-30T20:16:48.429681644Z,01JZ170DRQN15452AYS561M232,2025-06-30T20:16:48.429681644Z,01JZ17M9BWTED841AF4MEHDDNW,2025-06-30T20:16:48.429681644Z,01JZ17RBBXJNB1SM787WX1GG11,2025-06-30T20:16:48.429681644Z
01JZ18R9RXKDY3J3DCZCYZ0JV5,01JZ18G4TN4FH7205KTQTFE7PM,2025-06-30T20:34:14.429386815Z,01JZ18G512YK4K14AJW1A4KQT5,2025-06-30T20:34:14.429386815Z,01JZ18HJZ7HRTKHV6ZZJ67914M,2025-06-30T20:34:14.429386815Z,01JZ18R8B98P4BYKECZBPDN4K7,2025-06-30T20:34:14.429386815Z
01JZ18ZXBCK47TYJVQAV2W36MY,01JZ18G4TN4FH7205KTQTFE7PM,2025-06-30T20:38:23.852180857Z,01JZ18G4XDWA3A08Y0HZ5HSAAF,2025-06-30T20:38:23.852180857Z,01JZ18KBAJ0PGQTXZHZSD7KQ4A,2025-06-30T20:38:23.852180857Z,01JZ18R10H32Q9CQ9VTYQTZJBZ,2025-06-30T20:38:23.852180857Z
01JZ1A8VPDTPJ5DHC5473VGFY3,01JZ19VEXCKVX740B60X4W6PQN,2025-06-30T21:00:45.645777647Z,01JZ19VF9WCS5BMDRCPXZK6ZBF,2025-06-30T21:00:45.645777647Z,01JZ19XSD6SYGG49Q271DJ23J5,2025-06-30T21:00:45.645777647Z,01JZ1A8RR2GDW6GS56QAP6TW67,2025-06-30T21:00:45.645777647Z
01JZ1DKXBKWP2YKJ7ESQD4T2SR,01JZ1D0RX94M7HHBAJDNGV8QRS,2025-06-30T21:59:13.524011989Z,01JZ1D0S4EMT97ECKQ06X1ZWAX,2025-06-30T21:59:13.524011989Z,01JZ1DCFS2MSEF81EKXGM05M99,2025-06-30T21:59:13.524011989Z,01JZ1DHWG8MPVQVFH1DPRPET9V,2025-06-30T21:59:13.524011989Z
01JZ1GMAX18K7TRSTMNF6AP9H8,01JZ1G29Q82GQAKEXSK2E7NK3R,2025-06-30T22:51:53.121423355Z,01JZ1G29XRNS92G9JYEX4H033M,2025-06-30T22:51:53.121423355Z,01JZ1G6RSPQGYECJMX7N6G6VY8,2025-06-30T22:51:53.121423355Z,01JZ1GM65E8G659ECGG1A0CNNK,2025-06-30T22:51:53.121423355Z
01JZ17J0CG5R73R753HS3J57KC,01JZ170DPRHYGRH6M74WMGZ8J5,2025-06-30T20:13:19.632736055Z,01JZ170DRRRWN613C5WJQ8B5Q6,2025-06-30T20:13:19.632736055Z,01JZ17D5ERR5YZYXD6Y3AFJ1M0,2025-06-30T20:13:19.632736055Z,01JZ17G525MGXJWBMSF6HV25RV,2025-06-30T20:13:19.632736055Z
01JZ17RR5CGGRJE4GER5MF38S9,01JZ170DPRHYGRH6M74WMGZ8J5,2025-06-30T20:17:00.590423463Z,01JZ170DRXVGFVP20P8DK3M491,2025-06-30T20:17:00.590423463Z,01JZ17B3EJNXDWZGY3QVC1296A,2025-06-30T20:17:00.590423463Z,01JZ17H2JPFPJA5AGAW7MSWH7S,2025-06-30T20:17:00.590423463Z
01JZ1983Z9F32Z45K58CAFEYDW,01JZ18QHX9XGN83K6T42FK97D5,2025-06-30T20:42:52.777322374Z,01JZ18QHYY9H3H8G0D5BR000CA,2025-06-30T20:42:52.777322374Z,01JZ18VF3QW244H0X63X0AZG1Z,2025-06-30T20:42:52.777322374Z,01JZ1903FVM8SRTYCYM7MR4PE9,2025-06-30T20:42:52.777322374Z
01JZ1BMMBTWKVXJ2V5653XYXYC,01JZ1B1VZ9TM9N3252XVVAH9DZ,2025-06-30T21:24:39.930834145Z,01JZ1B1W2WT8MR9NJ7RDDSFH2M,2025-06-30T21:24:39.930834145Z,01JZ1B4FWCV3S3JF90184ADC3A,2025-06-30T21:24:39.930834145Z,01JZ1BD44PFFYBYMY5MP17VM3Y,2025-06-30T21:24:39.930834145Z
01JZ1BXW920QRWMXHWT1F30GD6,01JZ1B1VZ9TM9N3252XVVAH9DZ,2025-06-30T21:29:42.946297344Z,01JZ1B1W5TAZ0C76DBH0ZAEY5X,2025-06-30T21:29:42.946297344Z,01JZ1B3G6JQBSFAAE2943ZEQ9V,2025-06-30T21:29:42.946297344Z,01JZ1BNNMV2BR05NWSF4VH5Q39,2025-06-30T21:29:42.946297344Z
01JZ1GWX23ZGSYZ6K0CNHRAC1G,01JZ1G29Q82GQAKEXSK2E7NK3R,2025-06-30T22:56:33.859608286Z,01JZ1G29XRNS92G9JYEX4H033M,2025-06-30T22:56:33.859608286Z,01JZ1G3PKEWNM3BADHFXST2D82,2025-06-30T22:56:33.859608286Z,01JZ1GM6FVX8G2G466W7T4K4VT,2025-06-30T22:56:33.859608286Z
01JZ17X69EBAYFQ4EVJKVA5QN4,01JZ170DPRHYGRH6M74WMGZ8J5,2025-06-30T20:19:26.126707516Z,01JZ170DS0283SZNEN95XAWWS4,2025-06-30T20:19:26.126707516Z,01JZ17BCV91FG1WVF832RTXB76,2025-06-30T20:19:26.126707516Z,01JZ17NT7EMFQXG1J8BV4ZA47S,2025-06-30T20:19:26.126707516Z
01JZ18ZR7JTQH7A64H83HKJZMW,01JZ18G4TN4FH7205KTQTFE7PM,2025-06-30T20:38:18.610159561Z,01JZ18G4YK3PSP6R2PNWBA4P8S,2025-06-30T20:38:18.610159561Z,01JZ18J1HPCJW9NZWB0AN2GDSE,2025-06-30T20:38:18.610159561Z,01JZ18QWAK96HX887YH26X2DYC,2025-06-30T20:38:18.610159561Z
01JZ1AGB52QBAJZJHH76N7HJPN,01JZ19VEXCKVX740B60X4W6PQN,2025-06-30T21:04:50.850262886Z,01JZ19VF9WCS5BMDRCPXZK6ZBF,2025-06-30T21:04:50.850262886Z,01JZ19Y0QS6ZDMVQR73DRR23RB,2025-06-30T21:04:50.850262886Z,01JZ1A8RSRN8NWX633AN587X7F,2025-06-30T21:04:50.850262886Z
01JZ1AMYZ75TMECBX5F018G3ZR,01JZ19VEXCKVX740B60X4W6PQN,2025-06-30T21:07:22.215433725Z,01JZ19VF3FCDRKA7RA8CE3SQDH,2025-06-30T21:07:22.215433725Z,01JZ19WY3ATKAJQ5V1K5TAB38J,2025-06-30T21:07:22.215433725Z,01JZ1AK0GTG09NRGMQGAZDENCH,2025-06-30T21:07:22.215433725Z
01JZ1BH86KW1PJN05SXCQC1B7A,01JZ1B1VZ9TM9N3252XVVAH9DZ,2025-06-30T21:22:49.17159272Z,01JZ1B1W68Y1JCNSRHTZJR0WTB,2025-06-30T21:22:49.17159272Z,01JZ1B7EJ94Z1F34T98KN1PN13,2025-06-30T21:22:49.17159272Z,01JZ1BH43TCR207W6QA0XHTRSW,2025-06-30T21:22:49.17159272Z
01JZ17RZ0KJDPW6C688Q24MWQ0,01JZ170DPRHYGRH6M74WMGZ8J5,2025-06-30T20:17:07.603603823Z,01JZ170DS32PJY8CQRMADJXFRG,2025-06-30T20:17:07.603603823Z,01JZ17A84G8QVPB3RW2KXSNH3H,2025-06-30T20:17:07.603603823Z,01JZ17HJY1YPM205KVGKCXFQS3,2025-06-30T20:17:07.603603823Z
01JZ17TNJ0JR5NQ8PXRQ4JT26M,01JZ170DPRHYGRH6M74WMGZ8J5,2025-06-30T20:18:03.456567096Z,01JZ170DSP5HFMBRZWFQV8RFVC,2025-06-30T20:18:03.456567096Z,01JZ17P1EBWH8TSGC8FNQFNMW7,2025-06-30T20:18:03.456567096Z,01JZ17RSKP4T7TM013SKSDCBN6,2025-06-30T20:18:03.456567096Z
01JZ190ZHZFV7BW0DPH57M7TGY,01JZ18G4TN4FH7205KTQTFE7PM,2025-06-30T20:38:58.879576405Z,01JZ18G50G0GKPPCFSW2N0ZNW1,2025-06-30T20:38:58.879576405Z,01JZ18N84ND15PG04895JYQ6RT,2025-06-30T20:38:58.879576405Z,01JZ18RHFDZ694HBYDHJEKWZ3S,2025-06-30T20:38:58.879576405Z
01JZ1BSWNSR8QWZCGQ49NJBM9M,01JZ1B1VZ9TM9N3252XVVAH9DZ,2025-06-30T21:27:32.281692067Z,01JZ1B1W46BH5YH0XYSE8KJRBK,2025-06-30T21:27:32.281692067Z,01JZ1B88RR65Q9PG31DJTYC075,2025-06-30T21:27:32.281692067Z,01JZ1BJ1EF1GE16G0A1JBEPRNS,2025-06-30T21:27:32.281692067Z
01JZ1GNM4H50QPG3A97JXSVC6Q,01JZ1G29Q82GQAKEXSK2E7NK3R,2025-06-30T22:52:35.345331167Z,01JZ1G2A9825Q9R0AFVXQNTR63,2025-06-30T22:52:35.345331167Z,01JZ1GA1RX69WV7RYS6J14XWQD,2025-06-30T22:52:35.345331167Z,01JZ1GKM3A5ATBGFJSYTP1DWZY,2025-06-30T22:52:35.345331167Z
01JZ17QGV2XW6RANPHAVSANNT1,01JZ170DPRHYGRH6M74WMGZ8J5,2025-06-30T20:16:20.32250809Z,01JZ170DRRRWN613C5WJQ8B5Q6,2025-06-30T20:16:20.32250809Z,01JZ17D5ERR5YZYXD6Y3AFJ1M0,2025-06-30T20:16:20.32250809Z,01JZ17G52QXC0MC4VA0YJ9E9HN,2025-06-30T20:16:20.32250809Z
01JZ18RQVS55Y41JHZSWX927Y8,01JZ18G4TN4FH7205KTQTFE7PM,2025-06-30T20:34:28.857888306Z,01JZ18G4XMK5QHE5YNTR43VZ9V,2025-06-30T20:34:28.857888306Z,01JZ18JYQDFDP4EVNZQ3HF507K,2025-06-30T20:34:28.857888306Z,01JZ18RP7K0MQCXP7DDG2EV4WD,2025-06-30T20:34:28.857888306Z
01JZ1AS9J5NQQ1G0W080AZCJWS,01JZ19VEXCKVX740B60X4W6PQN,2025-06-30T21:09:44.133239551Z,01JZ19VF4XXDC5SP97SM18G8VM,2025-06-30T21:09:44.133239551Z,01JZ19Y5W4MYXKSXHHDPCY5M66,2025-06-30T21:09:44.133239551Z,01JZ1AQBFWFCVDGCRFV7SS6AMN,2025-06-30T21:09:44.133239551Z
01JZ1CJS1RSVWVF8WM8V1TFPN6,01JZ1BX7WQMA45G0E33EEHJ3V9,2025-06-30T21:41:07.768491812Z,01JZ1BX82RNFGPPA94NES9507T,2025-06-30T21:41:07.768491812Z,01JZ1C8ESVRXKY79BT9BNGMME4,2025-06-30T21:41:07.768491812Z,01JZ1CAKVW35AFX8X2Z7T9CWZB,2025-06-30T21:41:07.768491812Z
01JZ1H4RA64CQTZJJDDPY3S2S4,01JZ1G29Q82GQAKEXSK2E7NK3R,2025-06-30T23:00:51.14288422Z,01JZ1G2AATTMJJ07WA2JZ9MF1K,2025-06-30T23:00:51.14288422Z,01JZ1G6XMV3T4ACX6H99BN9F1E,2025-06-30T23:00:51.14288422Z,01JZ1GWNK8HR62RH8YCT5E8YRY,2025-06-30T23:00:51.14288422Z
01JZ17G7G67MCV4XVRF89WW52B,01JZ170DPRHYGRH6M74WMGZ8J5,2025-06-30T20:12:21.382563052Z,01JZ170DRSFZ9Y16965WN1Z2F9,2025-06-30T20:12:21.382563052Z,01JZ17AQQS59T0RTXR5VNB3ZRC,2025-06-30T20:12:21.382563052Z,01JZ17G70CK9Q7FFZCZJ2KGMZQ,2025-06-30T20:12:21.382563052Z
01JZ17RJ7N0X2GVM5753SFB4EN,01JZ170DPRHYGRH6M74WMGZ8J5,2025-06-30T20:16:54.517920076Z,01JZ170DRV33K8D9D9ZMQKAW2D,2025-06-30T20:16:54.517920076Z,01JZ17F29KQA44VJC80QGCAS6X,2025-06-30T20:16:54.517920076Z,01JZ17PPGX7JSSK85PVP6H7NR4,2025-06-30T20:16:54.517920076Z
01JZ18ZV82Y56M5FXRRNF6Y238,01JZ18G4TN4FH7205KTQTFE7PM,2025-06-30T20:38:21.698782504Z,01JZ18G4ZPD0G0WRB3ZSNJ4KSW,2025-06-30T20:38:21.698782504Z,01JZ18HV1R8B29VBXTS00FPVXC,2025-06-30T20:38:21.698782504Z,01JZ18QMFXN721VEA2NDQX9P2G,2025-06-30T20:38:21.698782504Z
01JZ17KEDEY9WG2W1F0RE16J3V,01JZ170DPRHYGRH6M74WMGZ8J5,2025-06-30T20:14:06.766497456Z,01JZ170DS32PJY8CQRMADJXFRG,2025-06-30T20:14:06.766497456Z,01JZ17A8QJRMY4CTZ0TGBPTVC4,2025-06-30T20:14:06.766497456Z,01JZ17HJXZJXBNGG98GAB8QMCF,2025-06-30T20:14:06.766497456Z
01JZ17RC98Y8XQGEFB8RDT13AZ,01JZ170DPRHYGRH6M74WMGZ8J5,2025-06-30T20:16:48.424430477Z,01JZ170DRQN15452AYS561M232,2025-06-30T20:16:48.424430477Z,01JZ17QY7AVGGNKHH7ZM5STBVV,2025-06-30T20:16:48.424430477Z,01JZ17RBBXJNB1SM787WX1GG11,2025-06-30T20:16:48.424430477Z
01JZ17HKFR5MVW1D49XHFJ60H0,01JZ170DPRHYGRH6M74WMGZ8J5,2025-06-30T20:13:06.424743822Z,01JZ170DS32PJY8CQRMADJXFRG,2025-06-30T20:13:06.424743822Z,01JZ176XCKRH7MED6P6JRG4D22,2025-06-30T20:13:06.424743822Z,01JZ17HJYFQV3K1KSV87NRHNJ3,2025-06-30T20:13:06.424743822Z
01JZ17QNWK07788RMPRJ3K04Y8,01JZ170DPRHYGRH6M74WMGZ8J5,2025-06-30T20:16:25.491579167Z,01JZ170DS0283SZNEN95XAWWS4,2025-06-30T20:16:25.491579167Z,01JZ17G9ZFDP0QC4ASAB62EXYP,2025-06-30T20:16:25.491579167Z,01JZ17NT7VKFDEH0WZ6ZY88ZPG,2025-06-30T20:16:25.491579167Z
01JZ18QXZPRCVQGTK4P6THHVA9,01JZ18G4TN4FH7205KTQTFE7PM,2025-06-30T20:34:02.358181912Z,01JZ18G4YK3PSP6R2PNWBA4P8S,2025-06-30T20:34:02.358181912Z,01JZ18JABGMJD5Y1TTH0BJFJ2C,2025-06-30T20:34:02.358181912Z,01JZ18QWBRR3KN0B62DES46FPE,2025-06-30T20:34:02.358181912Z
01JZ1BSWM7468V0238AXZHF05A,01JZ1B1VZ9TM9N3252XVVAH9DZ,2025-06-30T21:27:32.231577343Z,01JZ1B1W46BH5YH0XYSE8KJRBK,2025-06-30T21:27:32.231577343Z,01JZ1BEHJTZVP4GP4G96Q0PZBM,2025-06-30T21:27:32.231577343Z,01JZ1BJ1EF1GE16G0A1JBEPRNS,2025-06-30T21:27:32.231577343Z
01JZ17M7TQDYF61SY8J59Y46T2,01JZ170DPRHYGRH6M74WMGZ8J5,2025-06-30T20:14:32.791841427Z,01JZ170DSBT7R80F1BC6BFNZAP,2025-06-30T20:14:32.791841427Z,01JZ17E2HGHQEBNZ4BGFQ4PF6N,2025-06-30T20:14:32.791841427Z,01JZ17JC3646JKWR0PPXMYYSSE,2025-06-30T20:14:32.791841427Z
01JZ1H3SGP7B6YCK0BK1W1FY0M,01JZ1G29Q82GQAKEXSK2E7NK3R,2025-06-30T23:00:19.606515914Z,01JZ1G2A58JMFV91VV93EGJJQY,2025-06-30T23:00:19.606515914Z,01JZ1GA4T24GEXMPJNJW9S8J83,2025-06-30T23:00:19.606515914Z,01JZ1GW3RA9NZ51ED1F6D8HPC4,2025-06-30T23:00:19.606515914Z
01JZ17TNHMH98NRNP6ME14J27H,01JZ170DPRHYGRH6M74WMGZ8J5,2025-06-30T20:18:03.444805654Z,01JZ170DSP5HFMBRZWFQV8RFVC,2025-06-30T20:18:03.444805654Z,01JZ17D1Z4NJ06X2DRQ0XR8Y1G,2025-06-30T20:18:03.444805654Z,01JZ17RSKP4T7TM013SKSDCBN6,2025-06-30T20:18:03.444805654Z
01JZ18RKCY5FNMGWJCERH4YZ45,01JZ18G4TN4FH7205KTQTFE7PM,2025-06-30T20:34:24.287043159Z,01JZ18G50G0GKPPCFSW2N0ZNW1,2025-06-30T20:34:24.287043159Z,01JZ18KW5P5RE2HRX78XRVTPME,2025-06-30T20:34:24.287043159Z,01JZ18RHHCVE30JQC8SHSPW4MY,2025-06-30T20:34:24.287043159Z
01JZ18T5D6XYD1DPTWKA59YXWQ,01JZ18G4TN4FH7205KTQTFE7PM,2025-06-30T20:35:15.494826817Z,01JZ18G512YK4K14AJW1A4KQT5,2025-06-30T20:35:15.494826817Z,01JZ18HJZ7HRTKHV6ZZJ67914M,2025-06-30T20:35:15.494826817Z,01JZ18R8CZAK9T47Q30YNKNJNG,2025-06-30T20:35:15.494826817Z
01JZ18YG5ZZYKKHC2SG2ZHB9SP,01JZ18G4TN4FH7205KTQTFE7PM,2025-06-30T20:37:37.599400108Z,01JZ18G4Y1ABZPJ815NAWEN19T,2025-06-30T20:37:37.599400108Z,01JZ18JEHHPNBFM751TV8GEBJ2,2025-06-30T20:37:37.599400108Z,01JZ18PMFKK6H14YD886P3HZXA,2025-06-30T20:37:37.599400108Z
01JZ18ZJSDGYWGZANK7T9T3KV4,01JZ18G4TN4FH7205KTQTFE7PM,2025-06-30T20:38:13.037797147Z,01JZ18G4XDWA3A08Y0HZ5HSAAF,2025-06-30T20:38:13.037797147Z,01JZ18JX7AQFGHWSY2V5AEBRM0,2025-06-30T20:38:13.037797147Z,01JZ18R10XKY5S8X2DP4KAHATX,2025-06-30T20:38:13.037797147Z
01JZ1DT7GAPB07ZFR6JMW69HCR,01JZ1D0RX94M7HHBAJDNGV8QRS,2025-06-30T22:02:40.522992642Z,01JZ1D0S4EMT97ECKQ06X1ZWAX,2025-06-30T22:02:40.522992642Z,01JZ1DAGGXK4R30KWG4J61A22A,2025-06-30T22:02:40.522992642Z,01JZ1DHWEXPB13DZQKK7395V00,2025-06-30T22:02:40.522992642Z
01JZ17JXTN4BF5MMGX9G6JVR93,01JZ170DPRHYGRH6M74WMGZ8J5,2025-06-30T20:13:49.78108481Z,01JZ170DRXVGFVP20P8DK3M491,2025-06-30T20:13:49.78108481Z,01JZ17E3Q68P56EVHYKCV88P7R,2025-06-30T20:13:49.78108481Z,01JZ17H2JKQXYPBGV7RRHN6ECY,2025-06-30T20:13:49.78108481Z
01JZ17SKTKS8RMHVWA1R99H4XD,01JZ170DPRHYGRH6M74WMGZ8J5,2025-06-30T20:17:28.915498579Z,01JZ170DSTXK5Z1DV671606E6A,2025-06-30T20:17:28.915498579Z,01JZ17995N07DABBEZWSHQJ20N,2025-06-30T20:17:28.915498579Z,01JZ17J85HSFJ5VF5EC9WG406J,2025-06-30T20:17:28.915498579Z
01JZ17SR9HYYH5HMHQ6TNNKNZ3,01JZ170DPRHYGRH6M74WMGZ8J5,2025-06-30T20:17:33.489470648Z,01JZ170DSBT7R80F1BC6BFNZAP,2025-06-30T20:17:33.489470648Z,01JZ17898TMETDM923KMFF15WB,2025-06-30T20:17:33.489470648Z,01JZ17JC34NY9C5XTJE3ETGWA3,2025-06-30T20:17:33.489470648Z
01JZ18RSTQDCP5HK1NJ3TJ4P2N,01JZ18G4TN4FH7205KTQTFE7PM,2025-06-30T20:34:30.871732399Z,01JZ18G4WPK6V9JKZAVKNYS3NB,2025-06-30T20:34:30.871732399Z,01JZ18N0WE2W63AJ0S8AMFR80C,2025-06-30T20:34:30.871732399Z,01JZ18RRBME3EX7FDX35TW0HT5,2025-06-30T20:34:30.871732399Z
01JZ18Y12JEBGVVXEXEMSNEVHY,01JZ18G4TN4FH7205KTQTFE7PM,2025-06-30T20:37:22.130458557Z,01JZ18G50PJASP911XB82AW46K,2025-06-30T20:37:22.130458557Z,01JZ18JWY9W1XWEWVGSNZXRKZN,2025-06-30T20:37:22.130458557Z,01JZ18P6NBJ7Z652WDFV9M7NT4,2025-06-30T20:37:22.130458557Z
01JZ18YX380V67KFBYVD91KS2Y,01JZ18G4TN4FH7205KTQTFE7PM,2025-06-30T20:37:50.824730503Z,01JZ18G4YTQTSXFW2X0Y80VGVG,2025-06-30T20:37:50.824730503Z,01JZ18JQTYVQ19WTRN7KYJ00FT,2025-06-30T20:37:50.824730503Z,01JZ18QCJ5F2TDDGTM86PBKVEG,2025-06-30T20:37:50.824730503Z
01JZ190TXFKZ5BRZ3PBD28AZM9,01JZ18G4TN4FH7205KTQTFE7PM,2025-06-30T20:38:54.131170534Z,01JZ18G4WPK6V9JKZAVKNYS3NB,2025-06-30T20:38:54.131170534Z,01JZ18HQA6W5BPMK1V3RE89H1N,2025-06-30T20:38:54.131170534Z,01JZ18RRA89V0ND20E0G84EPSM,2025-06-30T20:38:54.131170534Z
01JZ1DFMBFT34P1YWK8WXZWN04,01JZ1D0RX94M7HHBAJDNGV8QRS,2025-06-30T21:56:53.2317833Z,01JZ1D0S2S8SEBXETFQJSTGM5V,2025-06-30T21:56:53.2317833Z,01JZ1D5N9EKRCKNEX5N0FCN65V,2025-06-30T21:56:53.2317833Z,01JZ1D783SKDB58PW2W9ZDSBMC,2025-06-30T21:56:53.2317833Z
01JZ17VJSE7A3BANE9SWEV68NE,01JZ170DPRHYGRH6M74WMGZ8J5,2025-06-30T20:18:33.390152277Z,01JZ170DRWH3Q5VEKFYTCWXCB9,2025-06-30T20:18:33.390152277Z,01JZ17HZPCKK6WHFW0W029CFVG,2025-06-30T20:18:33.390152277Z,01JZ17M63Y2ZQE6JBWKAH6VSPE,2025-06-30T20:18:33.390152277Z
01JZ18ZR861W0QWJD4F7C6WST3,01JZ18G4TN4FH7205KTQTFE7PM,2025-06-30T20:38:18.630751355Z,01JZ18G4YK3PSP6R2PNWBA4P8S,2025-06-30T20:38:18.630751355Z,01JZ18HYEVQSC277Q1HCSHCSWE,2025-06-30T20:38:18.630751355Z,01JZ18QWAK96HX887YH26X2DYC,2025-06-30T20:38:18.630751355Z
01JZ190CAHB7780MSX2Y2XNF5T,01JZ18G4TN4FH7205KTQTFE7PM,2025-06-30T20:38:39.185576427Z,01JZ18G4XDWA3A08Y0HZ5HSAAF,2025-06-30T20:38:39.185576427Z,01JZ18N4BCMMEGJT5ZAJGY6HHX,2025-06-30T20:38:39.185576427Z,01JZ18R104VYMDDRK1QJHT9RQ9,2025-06-30T20:38:39.185576427Z
01JZ190E4F4RXP48QVWXPDRERG,01JZ18G4TN4FH7205KTQTFE7PM,2025-06-30T20:38:41.039208392Z,01JZ18G50G0GKPPCFSW2N0ZNW1,2025-06-30T20:38:41.039208392Z,01JZ18MW05S42NZ47MWBQC7P11,2025-06-30T20:38:41.039208392Z,01JZ18RHGF07MFHCBEKPMJBAPY,2025-06-30T20:38:41.039208392Z
01JZ1ACKMB4FMNWRYHRFDD0MBH,01JZ19VEXCKVX740B60X4W6PQN,2025-06-30T21:02:48.459270444Z,01JZ19VF6XEW5FG377QGXCTRD1,2025-06-30T21:02:48.459270444Z,01JZ1A9Y4FG88CERVMWV547SJC,2025-06-30T21:02:48.459270444Z,01JZ1ACG4HW6PFHHMR21QG9MSA,2025-06-30T21:02:48.459270444Z
01JZ18QE0SNAKPJNF8HVJ1J788,01JZ18G4TN4FH7205KTQTFE7PM,2025-06-30T20:33:46.009590884Z,01JZ18G4YTQTSXFW2X0Y80VGVG,2025-06-30T20:33:46.009590884Z,01JZ18KWMFEA26MWC1Z40F2JWN,2025-06-30T20:33:46.009590884Z,01JZ18QCHCWKPJPF2G32EQXDDJ,2025-06-30T20:33:46.009590884Z
01JZ1ATGQAWV15A2M6YWE0FS3N,01JZ19VEXCKVX740B60X4W6PQN,2025-06-30T21:10:24.234285064Z,01JZ19VF3FCDRKA7RA8CE3SQDH,2025-06-30T21:10:24.234285064Z,01JZ1A9FT19KFC6EXDW9G1CYS7,2025-06-30T21:10:24.234285064Z,01JZ1AK0G5B46WY2VWCGE07ZNR,2025-06-30T21:10:24.234285064Z
01JZ1BQXANZ2Y54EBNN01AG7G7,01JZ1B1VZ9TM9N3252XVVAH9DZ,2025-06-30T21:26:27.413397413Z,01JZ1B1W4RP0VXDDKCJTNKM3AX,2025-06-30T21:26:27.413397413Z,01JZ1BH96VSCAX0MRZ5GVT0SBR,2025-06-30T21:26:27.413397413Z,01JZ1BNY8P6J7MV2A9X36WMPD0,2025-06-30T21:26:27.413397413Z
01JZ1CW7GAFWHC9Z4WX1NMWNV0,01JZ1C4XJFQQ45ZHGATAXVBX0J,2025-06-30T21:46:17.482562733Z,01JZ1C4XNE4VHGMR9JDZS6Y7F9,2025-06-30T21:46:17.482562733Z,01JZ1CF8R7DWBKG9F2768N54QZ,2025-06-30T21:46:17.482562733Z,01JZ1CM9PHKQR6ZRV6WZC89ZRV,2025-06-30T21:46:17.482562733Z
01JZ1GG12KH3DTBJAW1ZCZ9QAW,01JZ1G29Q82GQAKEXSK2E7NK3R,2025-06-30T22:49:31.98721361Z,01JZ1G2A3Q53QEYHDQX68WVVKH,2025-06-30T22:49:31.98721361Z,01JZ1G3T5HF7S211AZP2YJBSVP,2025-06-30T22:49:31.98721361Z,01JZ1GE1CN3AV1GMRSBHB6RFHY,2025-06-30T22:49:31.98721361Z
01JZ17P2BA23GPQYG0HEF4GVZB,01JZ170DPRHYGRH6M74WMGZ8J5,2025-06-30T20:15:32.714769117Z,01JZ170DRWH3Q5VEKFYTCWXCB9,2025-06-30T20:15:32.714769117Z,01JZ179F3PP1PB0BWJA9TNG5TN,2025-06-30T20:15:32.714769117Z,01JZ17M6426GB2CWYTAT7MS6CN,2025-06-30T20:15:32.714769117Z
01JZ18X9JKSDCGX1DTJBSMJ1QE,01JZ18G4TN4FH7205KTQTFE7PM,2025-06-30T20:36:58.067487226Z,01JZ18G4ZDA13FR053ZT1R1FPF,2025-06-30T20:36:58.067487226Z,01JZ18JPT9JN6KKGXMDR9K6K49,2025-06-30T20:36:58.067487226Z,01JZ18NR6HCE23W41F3CPVZTY3,2025-06-30T20:36:58.067487226Z
01JZ17J0CA4SH5F1KX9N19YXC8,01JZ170DPRHYGRH6M74WMGZ8J5,2025-06-30T20:13:19.626498572Z,01JZ170DRRRWN613C5WJQ8B5Q6,2025-06-30T20:13:19.626498572Z,01JZ176AGFMX3JE5XFYY83S9AY,2025-06-30T20:13:19.626498572Z,01JZ17G525MGXJWBMSF6HV25RV,2025-06-30T20:13:19.626498572Z
01JZ17S5ZNFF4RTAX48TKN93FE,01JZ170DPRHYGRH6M74WMGZ8J5,2025-06-30T20:17:14.741099244Z,01JZ170DS5DJKXJ3Z7YVJKJJXK,2025-06-30T20:17:14.741099244Z,01JZ17ETMDVKMB5DEN58FYX8NM,2025-06-30T20:17:14.741099244Z,01JZ17QA5NP4NCPJJVMNCZ9F7W,2025-06-30T20:17:14.741099244Z
01JZ17WFKE837Q7DXTNY4C0CQE,01JZ170DPRHYGRH6M74WMGZ8J5,2025-06-30T20:19:02.894516968Z,01JZ170DS434CCJM920K0JDY80,2025-06-30T20:19:02.894516968Z,01JZ17B8EAMA6MXWF42Y5PVE7P,2025-06-30T20:19:02.894516968Z,01JZ17MET0GT1VR1Z1AASBPY29,2025-06-30T20:19:02.894516968Z
01JZ17XGGTPRT46TBNF8S26593,01JZ170DPRHYGRH6M74WMGZ8J5,2025-06-30T20:19:36.602849155Z,01JZ170DS0283SZNEN95XAWWS4,2025-06-30T20:19:36.602849155Z,01JZ17BCV91FG1WVF832RTXB76,2025-06-30T20:19:36.602849155Z,01JZ17NT77HT8XSXBSDEYA5WV8,2025-06-30T20:19:36.602849155Z
01JZ1806H13GR1CYAZQX74XMW3,01JZ170DPRHYGRH6M74WMGZ8J5,2025-06-30T20:21:04.673507142Z,01JZ170DSP5HFMBRZWFQV8RFVC,2025-06-30T20:21:04.673507142Z,01JZ17GRXVCB86SQX36KBD73NW,2025-06-30T20:21:04.673507142Z,01JZ17RSKEA3VSTDSCVCP8YEVJ,2025-06-30T20:21:04.673507142Z
01JZ18NSGAZRXYBQ6JHCS7PCBB,01JZ18G4TN4FH7205KTQTFE7PM,2025-06-30T20:32:52.234720386Z,01JZ18G4ZDA13FR053ZT1R1FPF,2025-06-30T20:32:52.234720386Z,01JZ18JREDSF9T5ABKG1CCNPKZ,2025-06-30T20:32:52.234720386Z,01JZ18NR5AG219ZPCM6XMBS475,2025-06-30T20:32:52.234720386Z
01JZ18RSWVSDKWEA5N7SVB66A8,01JZ18G4TN4FH7205KTQTFE7PM,2025-06-30T20:34:30.93922405Z,01JZ18G4WPK6V9JKZAVKNYS3NB,2025-06-30T20:34:30.93922405Z,01JZ18HQA6W5BPMK1V3RE89H1N,2025-06-30T20:34:30.93922405Z,01JZ18RRBME3EX7FDX35TW0HT5,2025-06-30T20:34:30.93922405Z
01JZ19AGJVESPBBGJBVSPKEJRA,01JZ18R9CHSHJ2BAJZ4M4PAW2X,2025-06-30T20:44:11.227529031Z,01JZ18RA48YSHMY5EWBJ9E61V2,2025-06-30T20:44:11.227529031Z,01JZ18XW8Z67J1KER526XJJSXY,2025-06-30T20:44:11.227529031Z,01JZ192CNEKC6N4P48X5TV6GWX,2025-06-30T20:44:11.227529031Z
01JZ1GR201T2REKHKSWDVQ4HZ3,01JZ1G29Q82GQAKEXSK2E7NK3R,2025-06-30T22:53:55.073840007Z,01JZ1G2A24PAZYJHH2EQFGJG7N,2025-06-30T22:53:55.073840007Z,01JZ1GC4MM47P5V75X6NCDXBTN,2025-06-30T22:53:55.073840007Z,01JZ1GG47F5D37BWGM2YWNPGR3,2025-06-30T22:53:55.073840007Z
01JZ182GV2RYFSCQEYC55B1796,01JZ170DPRHYGRH6M74WMGZ8J5,2025-06-30T20:22:20.770943102Z,01JZ170DS9MMA8EZAVKYS5SMHX,2025-06-30T20:22:20.770943102Z,01JZ177D1EC4DDHNWKT4R7S3XA,2025-06-30T20:22:20.770943102Z,01JZ17TR5WS052RB5963SEQK02,2025-06-30T20:22:20.770943102Z
01JZ18V5WACQ841ZWFYCQQQ2D6,01JZ18G4TN4FH7205KTQTFE7PM,2025-06-30T20:35:48.746367692Z,01JZ18G4Z7SR18DC8PDBR22HS5,2025-06-30T20:35:48.746367692Z,01JZ18NQPCFBGJDGFZ54XZESTD,2025-06-30T20:35:48.746367692Z,01JZ18S8W382ZTX14ED28QZWFS,2025-06-30T20:35:48.746367692Z
01JZ1DJ1JAKWFV12A5Z4TB2YWZ,01JZ1D0RX94M7HHBAJDNGV8QRS,2025-06-30T21:58:12.298674307Z,01JZ1D0S4EMT97ECKQ06X1ZWAX,2025-06-30T21:58:12.298674307Z,01JZ1D6PDAATCEYCV60SVGFECN,2025-06-30T21:58:12.298674307Z,01JZ1DHWDN7VHR47P0R43JVCJW,2025-06-30T21:58:12.298674307Z
01JZ17KRA4C9GN11KZG6G300CC,01JZ170DPRHYGRH6M74WMGZ8J5,2025-06-30T20:14:16.900197182Z,01JZ170DS434CCJM920VN081CV,2025-06-30T20:14:16.900197182Z,01JZ17ENCSDKWD2M3Q3EC23N1W,2025-06-30T20:14:16.900197182Z,01JZ17HX0ZXKJ4A0TXNHXA38XE,2025-06-30T20:14:16.900197182Z
01JZ1CG9EJBMVJT88241RK4K4D,01JZ1BX7WQMA45G0E33EEHJ3V9,2025-06-30T21:39:46.258871487Z,01JZ1BX849RGFMRNF1WR9VXVPD,2025-06-30T21:39:46.258871487Z,01JZ1C6CTMT28Z0M14S1H6T07Y,2025-06-30T21:39:46.258871487Z,01JZ1C84T2E9S1287QS1CMSZMQ,2025-06-30T21:39:46.258871487Z
01JZ1F58FC1SGSG51VA3XKYGMZ,01JZ1E916HBESJXS5SJ82BFZ21,2025-06-30T22:26:10.540862606Z,01JZ1E91Z6K0ZJGCC53Q4JQWJP,2025-06-30T22:26:10.540862606Z,01JZ1EMNNJSEW14RVAN4FX9H51,2025-06-30T22:26:10.540862606Z,01JZ1EXC2738TD9DEC8HEZ1QM0,2025-06-30T22:26:10.540862606Z
01JZ1C9WTYHVFWZ149BEVMXEPJ,01JZ1BX7WQMA45G0E33EEHJ3V9,2025-06-30T21:36:16.734395997Z,01JZ1BX81RJBYPGNM468STZ9YH,2025-06-30T21:36:16.734395997Z,01JZ1C1P9WXAKXCBQ2MNEBPRTC,2025-06-30T21:36:16.734395997Z,01JZ1C7YHP92FZYZDSW8SB4C2V,2025-06-30T21:36:16.734395997Z
01JZ1EVTEVRZ5DDXAFWHE1Z0QQ,01JZ1E916HBESJXS5SJ82BFZ21,2025-06-30T22:21:01.275218873Z,01JZ1E926BWK6TV1HDSC3ZQW4Y,2025-06-30T22:21:01.275218873Z,01JZ1EB9A62JTZM8674AWVY211,2025-06-30T22:21:01.275218873Z,01JZ1ESTDEHJ02W2S7D3PQQ6GF,2025-06-30T22:21:01.275218873Z
01JZ1F4EFC7RSTH2W78DRST9JS,01JZ1E916HBESJXS5SJ82BFZ21,2025-06-30T22:25:43.916498273Z,01JZ1E91MDHZVF6NVBEDDVGZWT,2025-06-30T22:25:43.916498273Z,01JZ1EARG6K6VN1DMMBQHNE2WC,2025-06-30T22:25:43.916498273Z,01JZ1EWVHXM95HAKJR9TT7S3AD,2025-06-30T22:25:43.916498273Z
01JZ1H4RDGBBSB9GZ1V2YRDPV9,01JZ1G29Q82GQAKEXSK2E7NK3R,2025-06-30T23:00:51.248480651Z,01JZ1G2AATTMJJ07WA2JZ9MF1K,2025-06-30T23:00:51.248480651Z,01JZ1GPSZ98FX0GSJ1PJWWQANW,2025-06-30T23:00:51.248480651Z,01JZ1GWNK8HR62RH8YCT5E8YRY,2025-06-30T23:00:51.248480651Z
01JZ17QWSR4BJBNSSV6GYQXEQS,01JZ170DPRHYGRH6M74WMGZ8J5,2025-06-30T20:16:32.568711237Z,01JZ170DRSFZ9Y16965WN1Z2F9,2025-06-30T20:16:32.568711237Z,01JZ17ACVQQE42SB51P5M3A1GH,2025-06-30T20:16:32.568711237Z,01JZ17G70EF8S99NVNWP5G0YQ4,2025-06-30T20:16:32.568711237Z
01JZ18SJQ6BXWA3SF102W3A4X6,01JZ18G4TN4FH7205KTQTFE7PM,2025-06-30T20:34:56.35809425Z,01JZ18G4ZPD0G0WRB3ZSNJ4KSW,2025-06-30T20:34:56.35809425Z,01JZ18HWWK8B66EBMNQPXM1R3H,2025-06-30T20:34:56.35809425Z,01JZ18QMDSQREXVSZ9J332HVG7,2025-06-30T20:34:56.35809425Z
01JZ19003PNB0W1KDPBXB042AN,01JZ18G4TN4FH7205KTQTFE7PM,2025-06-30T20:38:26.678809926Z,01JZ18G50G0GKPPCFSW2N0ZNW1,2025-06-30T20:38:26.678809926Z,01JZ18HJ023RXZWDMJ23K3G02T,2025-06-30T20:38:26.678809926Z,01JZ18RHGXJHBRSARA96JJK9J9,2025-06-30T20:38:26.678809926Z
01JZ1909VBEP7E1A36DN7A99TA,01JZ18QHX9XGN83K6T42FK97D5,2025-06-30T20:38:36.651424116Z,01JZ18QHYY9H3H8G0D5BR000CA,2025-06-30T20:38:36.651424116Z,01JZ18VF3QW244H0X63X0AZG1Z,2025-06-30T20:38:36.651424116Z,01JZ1903AFQ46DQQCHMAXT5VXE,2025-06-30T20:38:36.651424116Z
01JZ198EA3X36X8H53BG0PNC95,01JZ18QHX9XGN83K6T42FK97D5,2025-06-30T20:43:03.363192312Z,01JZ18QHYY9H3H8G0D5BR000CA,2025-06-30T20:43:03.363192312Z,01JZ18VF3QW244H0X63X0AZG1Z,2025-06-30T20:43:03.363192312Z,01JZ1903EEWXHFPKFJN2CK77YH,2025-06-30T20:43:03.363192312Z
01JZ1AK3A599KQSNZ346PWX169,01JZ19VEXCKVX740B60X4W6PQN,2025-06-30T21:06:21.125488319Z,01JZ19VF3FCDRKA7RA8CE3SQDH,2025-06-30T21:06:21.125488319Z,01JZ19ZZZP5WTAHKTYB8XNJEC6,2025-06-30T21:06:21.125488319Z,01JZ1AK0DBQXGCYJCG3YA80XRE,2025-06-30T21:06:21.125488319Z
01JZ1AS9QABJ07D5WKFMY45GMQ,01JZ19VEXCKVX740B60X4W6PQN,2025-06-30T21:09:44.298496975Z,01JZ19VF4XXDC5SP97SM18G8VM,2025-06-30T21:09:44.298496975Z,01JZ1ANH2BAB5BYK2XY4CKB2EM,2025-06-30T21:09:44.298496975Z,01JZ1AQBFWFCVDGCRFV7SS6AMN,2025-06-30T21:09:44.298496975Z
01JZ1BSCVP35D3AEX74SMYD026,01JZ1B1VZ9TM9N3252XVVAH9DZ,2025-06-30T21:27:16.086074628Z,01JZ1B1W68Y1JCNSRHTZJR0WTB,2025-06-30T21:27:16.086074628Z,01JZ1B483R9XXNDJ9MZBRK2ZQ1,2025-06-30T21:27:16.086074628Z,01JZ1BH4CC6N46FP386VHR81G9,2025-06-30T21:27:16.086074628Z
01JZ18TK6M5JJB154CVHDVDG9F,01JZ18G4TN4FH7205KTQTFE7PM,2025-06-30T20:35:29.620668206Z,01JZ18G4XMK5QHE5YNTR43VZ9V,2025-06-30T20:35:29.620668206Z,01JZ18J9W8KMP67K3HENBC0CVQ,2025-06-30T20:35:29.620668206Z,01JZ18RP89JC5KMWSQF397VP76,2025-06-30T20:35:29.620668206Z
01JZ1CG4TBTVTVMH3W9D5Q9SZF,01JZ1BX7WQMA45G0E33EEHJ3V9,2025-06-30T21:39:41.515862015Z,01JZ1BX81RJBYPGNM468STZ9YH,2025-06-30T21:39:41.515862015Z,01JZ1C1P9WXAKXCBQ2MNEBPRTC,2025-06-30T21:39:41.515862015Z,01JZ1C7YMQAMFB9S9MJX437MX7,2025-06-30T21:39:41.515862015Z
01JZ1GY69DK4TBQ4Q9M81R2P1C,01JZ1G29Q82GQAKEXSK2E7NK3R,2025-06-30T22:57:16.077606697Z,01JZ1G2A58JMFV91VV93EGJJQY,2025-06-30T22:57:16.077606697Z,01JZ1GHJS4Z0QHDNAN69NMJ02V,2025-06-30T22:57:16.077606697Z,01JZ1GW3DRA0H5QCSGM2BKZ7GX,2025-06-30T22:57:16.077606697Z
01JZ18TERV95R61KYQND4TKG4K,01JZ18G4TN4FH7205KTQTFE7PM,2025-06-30T20:35:25.083428018Z,01JZ18G50G0GKPPCFSW2N0ZNW1,2025-06-30T20:35:25.083428018Z,01JZ18HJ023RXZWDMJ23K3G02T,2025-06-30T20:35:25.083428018Z,01JZ18RHFZ729S1GE13DM98H8Z,2025-06-30T20:35:25.083428018Z
01JZ18Z4SNZEFBV0Q7JDAD5EXY,01JZ18G4TN4FH7205KTQTFE7PM,2025-06-30T20:37:58.709868659Z,01JZ18G4YA2XRQ9RK4RH5WQB1P,2025-06-30T20:37:58.709868659Z,01JZ18M8PYM3H87ZASWMAC2B64,2025-06-30T20:37:58.709868659Z,01JZ18Q1SHZX0HATET1MQN9ET3,2025-06-30T20:37:58.709868659Z
01JZ1BT7ESJH55AEHR81DYST1Y,01JZ1B1VZ9TM9N3252XVVAH9DZ,2025-06-30T21:27:43.321222082Z,01JZ1B1W46BH5YH0XYSE8KJRBK,2025-06-30T21:27:43.321222082Z,01JZ1BEHJTZVP4GP4G96Q0PZBM,2025-06-30T21:27:43.321222082Z,01JZ1BJ1FAQJQXPY3NN1T11973,2025-06-30T21:27:43.321222082Z
01JZ1F68V0DSE9RYAT9AKA2A39,01JZ1E916HBESJXS5SJ82BFZ21,2025-06-30T22:26:43.680877326Z,01JZ1E91SWVSXS6FK33QCMH9SP,2025-06-30T22:26:43.680877326Z,01JZ1EJSF3D74SJNMB9KEWHKK2,2025-06-30T22:26:43.680877326Z,01JZ1F45E1EEK0EVP02WHSXZM6,2025-06-30T22:26:43.680877326Z
01JZ1GWAJQ0997RYZ0EH7TAP39,01JZ1G29Q82GQAKEXSK2E7NK3R,2025-06-30T22:56:14.936036801Z,01JZ1G2A9825Q9R0AFVXQNTR63,2025-06-30T22:56:14.936036801Z,01JZ1G559C6P7CY3FSGY2MAEHK,2025-06-30T22:56:14.936036801Z,01JZ1GKM5YC66NJV5SWE394KDW,2025-06-30T22:56:14.936036801Z
01JZ17WNTQJKY95A19HP3YSNKG,01JZ170DPRHYGRH6M74WMGZ8J5,2025-06-30T20:19:09.271700572Z,01JZ170DS9MMA8EZAVKYS5SMHX,2025-06-30T20:19:09.271700572Z,01JZ17AZS6YB2WPDVY4NDQYYNC,2025-06-30T20:19:09.271700572Z,01JZ17TR7E1D7CES1YNCABFX51,2025-06-30T20:19:09.271700572Z
01JZ18YBQ6TT0HJPK31KNEEQ0F,01JZ18G4TN4FH7205KTQTFE7PM,2025-06-30T20:37:33.030976049Z,01JZ18G50PJASP911XB82AW46K,2025-06-30T20:37:33.030976049Z,01JZ18KJE91G49FF99NPC5VF6Y,2025-06-30T20:37:33.030976049Z,01JZ18P6NXZT0V7P3PR4SE8Z8C,2025-06-30T20:37:33.030976049Z
01JZ17QJQZKTXDM1EAG9JZYSJ8,01JZ170DPRHYGRH6M74WMGZ8J5,2025-06-30T20:16:22.271187583Z,01JZ170DRSFZ9Y16965WN1Z2F9,2025-06-30T20:16:22.271187583Z,01JZ17AK41GP2DW5ZS1AJ3K35J,2025-06-30T20:16:22.271187583Z,01JZ17G70TM6EWY78GFBKAH2E9,2025-06-30T20:16:22.271187583Z
01JZ17TTC0WZNNMBMXPRPY6B4G,01JZ170DPRHYGRH6M74WMGZ8J5,2025-06-30T20:18:08.384425609Z,01JZ170DS9MMA8EZAVKYS5SMHX,2025-06-30T20:18:08.384425609Z,01JZ17CPP7Y270N83EX04850B6,2025-06-30T20:18:08.384425609Z,01JZ17TR81NXXTTPKTD9H5FET9,2025-06-30T20:18:08.384425609Z
01JZ18YBR766WKR0FPK9B63J7J,01JZ18G4TN4FH7205KTQTFE7PM,2025-06-30T20:37:33.06323506Z,01JZ18G50PJASP911XB82AW46K,2025-06-30T20:37:33.06323506Z,01JZ18KAD3ET3YWT2B268D40PX,2025-06-30T20:37:33.06323506Z,01JZ18P6NXZT0V7P3PR4SE8Z8C,2025-06-30T20:37:33.06323506Z
01JZ1923HHHN1QRPDY44AY5X8X,01JZ18G4TN4FH7205KTQTFE7PM,2025-06-30T20:39:35.729887638Z,01JZ18G508W9SSEDAT6B79GZND,2025-06-30T20:39:35.729887638Z,01JZ18JE7QR9RF8E7B9MDMMGE2,2025-06-30T20:39:35.729887638Z,01JZ18STDNJEZSFCWMMDNZVD2H,2025-06-30T20:39:35.729887638Z
01JZ17T2D104RMY56XDEVJKRR6,01JZ170DPRHYGRH6M74WMGZ8J5,2025-06-30T20:17:43.84161388Z,01JZ170DSBT7R80F1BC6BFNZAP,2025-06-30T20:17:43.84161388Z,01JZ17BXN8A0CN51A90XTP0KJK,2025-06-30T20:17:43.84161388Z,01JZ17JC31V9W433CZ54VPSDCC,2025-06-30T20:17:43.84161388Z
01JZ1BJTYVR6F446F5AQWNDC1B,01JZ1B1VZ9TM9N3252XVVAH9DZ,2025-06-30T21:23:41.147046211Z,01JZ1B1W6S117BH8HCA7NH9R7E,2025-06-30T21:23:41.147046211Z,01JZ1B4F0AXDADE5G5GXRT5GAX,2025-06-30T21:23:41.147046211Z,01JZ1BAHG6QWWGBEPT681DK5Y7,2025-06-30T21:23:41.147046211Z
01JZ1GG15GAQ843863KX104W61,01JZ1G29Q82GQAKEXSK2E7NK3R,2025-06-30T22:49:32.080832543Z,01JZ1G2A3Q53QEYHDQX68WVVKH,2025-06-30T22:49:32.080832543Z,01JZ1G7Q5PBNYB0Y67X5QD4VST,2025-06-30T22:49:32.080832543Z,01JZ1GE1CN3AV1GMRSBHB6RFHY,2025-06-30T22:49:32.080832543Z
01JZ1H44P92TX5SCD493BBB5DC,01JZ1G29Q82GQAKEXSK2E7NK3R,2025-06-30T23:00:31.049908281Z,01JZ1G2A58JMFV91VV93EGJJQY,2025-06-30T23:00:31.049908281Z,01JZ1GA4T24GEXMPJNJW9S8J83,2025-06-30T23:00:31.049908281Z,01JZ1GW3NQ1ZFH1D7RHAY6HCNS,2025-06-30T23:00:31.049908281Z
01JZ18Z4RHKRWQKM2PNVKXGW1H,01JZ18G4TN4FH7205KTQTFE7PM,2025-06-30T20:37:58.673190553Z,01JZ18G4YA2XRQ9RK4RH5WQB1P,2025-06-30T20:37:58.673190553Z,01JZ18NCTENJS4RVDRQ8JG1EGE,2025-06-30T20:37:58.673190553Z,01JZ18Q1SHZX0HATET1MQN9ET3,2025-06-30T20:37:58.673190553Z
01JZ191927AS6Y1E8C06WBTERR,01JZ18G4TN4FH7205KTQTFE7PM,2025-06-30T20:39:08.61601098Z,01JZ18G4WPK6V9JKZAVKNYS3NB,2025-06-30T20:39:08.61601098Z,01JZ18K1EBQ2BSVM3H7XBRVG61,2025-06-30T20:39:08.61601098Z,01JZ18RR9VM7GJWMP15BXNKK3H,2025-06-30T20:39:08.61601098Z
01JZ1GP09Y4WR283VF0STJE5E5,01JZ1G29Q82GQAKEXSK2E7NK3R,2025-06-30T22:52:47.806734323Z,01JZ1G2A3Q53QEYHDQX68WVVKH,2025-06-30T22:52:47.806734323Z,01JZ1G4QT3J0N96RSDER5H66SR,2025-06-30T22:52:47.806734323Z,01JZ1GE1F6FBA1RXEYRA9321FF,2025-06-30T22:52:47.806734323Z
01JZ17S29YZS6JRWR42H6SS638,01JZ170DPRHYGRH6M74WMGZ8J5,2025-06-30T20:17:10.974208698Z,01JZ170DRXVGFVP20P8DK3M491,2025-06-30T20:17:10.974208698Z,01JZ17B3EJNXDWZGY3QVC1296A,2025-06-30T20:17:10.974208698Z,01JZ17H2JWJMBDAZPE9P38DECW,2025-06-30T20:17:10.974208698Z
01JZ18TCSF0HZ3HJ26H66A43K3,01JZ18G4TN4FH7205KTQTFE7PM,2025-06-30T20:35:23.055778848Z,01JZ18G4ZZG5A688HVVJGKBFVW,2025-06-30T20:35:23.055778848Z,01JZ18JE9A6THSRA3515C4Q3GE,2025-06-30T20:35:23.055778848Z,01JZ18RFQ4W09NKQ14XZ3KQN1E,2025-06-30T20:35:23.055778848Z
01JZ18YX2K7B3TAKTPEBYEDWBN,01JZ18G4TN4FH7205KTQTFE7PM,2025-06-30T20:37:50.803380797Z,01JZ18G4YTQTSXFW2X0Y80VGVG,2025-06-30T20:37:50.803380797Z,01JZ18JSY9P3KAE5N38ASDX51K,2025-06-30T20:37:50.803380797Z,01JZ18QCJ5F2TDDGTM86PBKVEG,2025-06-30T20:37:50.803380797Z
01JZ1AZ5S90S6WW0AE70SQ70XE,01JZ19VEXCKVX740B60X4W6PQN,2025-06-30T21:12:56.873995134Z,01JZ19VF4XXDC5SP97SM18G8VM,2025-06-30T21:12:56.873995134Z,01JZ1ANH2BAB5BYK2XY4CKB2EM,2025-06-30T21:12:56.873995134Z,01JZ1AQBH2AQ4HJ4SKYQ5374F4,2025-06-30T21:12:56.873995134Z
01JZ1H4CPNTK368H3ZWXX1038D,01JZ1G29Q82GQAKEXSK2E7NK3R,2025-06-30T23:00:39.253479214Z,01JZ1G2AATTMJJ07WA2JZ9MF1K,2025-06-30T23:00:39.253479214Z,01JZ1GRY7J5YBFT0P7ME9XRK58,2025-06-30T23:00:39.253479214Z,01JZ1GWNHK6SQXS7ZHPFFWHGZD,2025-06-30T23:00:39.253479214Z
01JZ18RY70PCV3HHGK81NT7CPJ,01JZ18G4TN4FH7205KTQTFE7PM,2025-06-30T20:34:35.360349707Z,01JZ18G4YA2XRQ9RK4RH5WQB1P,2025-06-30T20:34:35.360349707Z,01JZ18M8PYM3H87ZASWMAC2B64,2025-06-30T20:34:35.360349707Z,01JZ18Q1RFWF1SPY79863HPKYC,2025-06-30T20:34:35.360349707Z
01JZ17HP68DVT8JVH0V711Y4ZH,01JZ170DPRHYGRH6M74WMGZ8J5,2025-06-30T20:13:09.192533797Z,01JZ170DS8YWG03GZVY59N3JD0,2025-06-30T20:13:09.192533797Z,01JZ17CW18JBK0SW96CVGPG5D0,2025-06-30T20:13:09.192533797Z,01JZ17HNMC395BYG9QN2MAW1BJ,2025-06-30T20:13:09.192533797Z
01JZ17MZRVAQRR0RC400WB41RA,01JZ170DPRHYGRH6M74WMGZ8J5,2025-06-30T20:14:57.307567583Z,01JZ170DSMJZPS89ZBMFZ7ATK7,2025-06-30T20:14:57.307567583Z,01JZ178V1SBS1YEEZCW5R3AAJF,2025-06-30T20:14:57.307567583Z,01JZ17MYD7WSKX1DNA84EQZJF1,2025-06-30T20:14:57.307567583Z
01JZ190R9G43JCJ7Z93BG0Q69V,01JZ18QHX9XGN83K6T42FK97D5,2025-06-30T20:38:51.440671016Z,01JZ18QHZ9KPT0XZ66BZ9ZB89K,2025-06-30T20:38:51.440671016Z,01JZ18YPKHPP41HP4A0Q4F3DHM,2025-06-30T20:38:51.440671016Z,01JZ190NGFZQKP3C3J9CSTAF6G,2025-06-30T20:38:51.440671016Z
01JZ1925TBAXQAQVVNY6NX4M1A,01JZ18QHX9XGN83K6T42FK97D5,2025-06-30T20:39:38.059182302Z,01JZ18QHYY9H3H8G0D5BR000CA,2025-06-30T20:39:38.059182302Z,01JZ18VF3QW244H0X63X0AZG1Z,2025-06-30T20:39:38.059182302Z,01JZ1903BN7V6B2N7AMWNTAWGG,2025-06-30T20:39:38.059182302Z
01JZ1H4RBV0K6Q2PHR4896E8Z9,01JZ1G29Q82GQAKEXSK2E7NK3R,2025-06-30T23:00:51.195976693Z,01JZ1G2AATTMJJ07WA2JZ9MF1K,2025-06-30T23:00:51.195976693Z,01JZ1GRY7J5YBFT0P7ME9XRK58,2025-06-30T23:00:51.195976693Z,01JZ1GWNK8HR62RH8YCT5E8YRY,2025-06-30T23:00:51.195976693Z
01JZ18SYG91FBFY3S15RZ3ASNH,01JZ18G4TN4FH7205KTQTFE7PM,2025-06-30T20:35:08.425630811Z,01JZ18G4XDWA3A08Y0HZ5HSAAF,2025-06-30T20:35:08.425630811Z,01JZ18JRC4BH8D9FBM20ZHDN29,2025-06-30T20:35:08.425630811Z,01JZ18R0Z5Z926ZA90YM7MYTK3,2025-06-30T20:35:08.425630811Z
01JZ18Z3V8WH4M5YX8N5TNXXNZ,01JZ18G4TN4FH7205KTQTFE7PM,2025-06-30T20:37:57.736249591Z,01JZ18G4ZPD0G0WRB3ZSNJ4KSW,2025-06-30T20:37:57.736249591Z,01JZ18HV1R8B29VBXTS00FPVXC,2025-06-30T20:37:57.736249591Z,01JZ18QMCZ2XYW2ZQY93ZH56GP,2025-06-30T20:37:57.736249591Z
01JZ1DCRJS4DCZ1QT6W0Q3DC4Q,01JZ1D0RX94M7HHBAJDNGV8QRS,2025-06-30T21:55:19.257377692Z,01JZ1D0S14X3T6948SDJVF454K,2025-06-30T21:55:19.257377692Z,01JZ1D3Y76V55J2284DH2783V0,2025-06-30T21:55:19.257377692Z,01JZ1DCMMVE34S81XF4MAEYBQN,2025-06-30T21:55:19.257377692Z
01JZ18PBXQGD2PAP5N11DAZEQX,01JZ18G4TN4FH7205KTQTFE7PM,2025-06-30T20:33:11.09552432Z,01JZ18G4X5EPR69QT64DVYQXFJ,2025-06-30T20:33:11.09552432Z,01JZ18HXXDMVGXCQ4P1CVWEG2V,2025-06-30T20:33:11.09552432Z,01JZ18PAR9WBWEPQGQAVBFV7BZ,2025-06-30T20:33:11.09552432Z
01JZ198EAR2QH5GQF6YQS1641K,01JZ18QHX9XGN83K6T42FK97D5,2025-06-30T20:43:03.384861151Z,01JZ18QHYY9H3H8G0D5BR000CA,2025-06-30T20:43:03.384861151Z,01JZ18YPQMX7TQXCKGYZNA73VF,2025-06-30T20:43:03.384861151Z,01JZ1903EEWXHFPKFJN2CK77YH,2025-06-30T20:43:03.384861151Z
01JZ1FAWN89FA820HJ748R5ZKY,01JZ1E916HBESJXS5SJ82BFZ21,2025-06-30T22:29:15.048763325Z,01JZ1E91Q18GQE49C0XSDVMF75,2025-06-30T22:29:15.048763325Z,01JZ1ESJSZ4605B74MTV3MB0PF,2025-06-30T22:29:15.048763325Z,01JZ1F2JFXFJKGVW4BE73GT7FW,2025-06-30T22:29:15.048763325Z
01JZ17QJREE1T3AW011M7TMEYM,01JZ170DPRHYGRH6M74WMGZ8J5,2025-06-30T20:16:22.286592998Z,01JZ170DRSFZ9Y16965WN1Z2F9,2025-06-30T20:16:22.286592998Z,01JZ17971DQBZCGDTGNY2JH6QQ,2025-06-30T20:16:22.286592998Z,01JZ17G70TM6EWY78GFBKAH2E9,2025-06-30T20:16:22.286592998Z
01JZ17RJ98A9DM2DK044C47KPP,01JZ170DPRHYGRH6M74WMGZ8J5,2025-06-30T20:16:54.568699247Z,01JZ170DRV33K8D9D9ZMQKAW2D,2025-06-30T20:16:54.568699247Z,01JZ179XMYFK94EADRMMB2K8HQ,2025-06-30T20:16:54.568699247Z,01JZ17PPGX7JSSK85PVP6H7NR4,2025-06-30T20:16:54.568699247Z
01JZ1A4Z3K9YYRQSNV0JTNNBVX,01JZ19VEXCKVX740B60X4W6PQN,2025-06-30T20:58:38.067287672Z,01JZ19VF1X4TGM9HTAVFF08YB3,2025-06-30T20:58:38.067287672Z,01JZ19YSKES03CBT0DQ4XQZD4Y,2025-06-30T20:58:38.067287672Z,01JZ1A31STNBCB1FNASKSH9RM4,2025-06-30T20:58:38.067287672Z
01JZ182V07YPSR012S7R3XMPX5,01JZ170DPRHYGRH6M74WMGZ8J5,2025-06-30T20:22:31.175556197Z,01JZ170DS9MMA8EZAVKYS5SMHX,2025-06-30T20:22:31.175556197Z,01JZ177D1EC4DDHNWKT4R7S3XA,2025-06-30T20:22:31.175556197Z,01JZ17TR5GZK4V8170DT4PDB53,2025-06-30T20:22:31.175556197Z
01JZ1BD7554B6S02KSVPG8H642,01JZ1B1VZ9TM9N3252XVVAH9DZ,2025-06-30T21:20:37.029818442Z,01JZ1B1W2WT8MR9NJ7RDDSFH2M,2025-06-30T21:20:37.029818442Z,01JZ1B3YWXA1F3DXJYFKHTVRDW,2025-06-30T21:20:37.029818442Z,01JZ1BD3WQZQC101K8A6FPPJ19,2025-06-30T21:20:37.029818442Z
01JZ1BJV0ADW2SZHZDXE68W5GM,01JZ1B1VZ9TM9N3252XVVAH9DZ,2025-06-30T21:23:41.194437734Z,01JZ1B1W6S117BH8HCA7NH9R7E,2025-06-30T21:23:41.194437734Z,01JZ1B7296HT4QZTVSQ7DGFCMT,2025-06-30T21:23:41.194437734Z,01JZ1BAHG6QWWGBEPT681DK5Y7,2025-06-30T21:23:41.194437734Z
01JZ1CEF46W3P3EB099Z92EXNR,01JZ1BX7WQMA45G0E33EEHJ3V9,2025-06-30T21:38:46.534465422Z,01JZ1BX80QRTKGB6MH6HMRDXS1,2025-06-30T21:38:46.534465422Z,01JZ1C4CTKJV3QDB4A0BGTS31H,2025-06-30T21:38:46.534465422Z,01JZ1C6971JYEBAS1QKBJ0656S,2025-06-30T21:38:46.534465422Z
01JZ1CWJ1KAD6SD69A6X3TGDAE,01JZ1C4XJFQQ45ZHGATAXVBX0J,2025-06-30T21:46:28.275548058Z,01JZ1C4XNE4VHGMR9JDZS6Y7F9,2025-06-30T21:46:28.275548058Z,01JZ1CHHENXRFPD7VNDFKQ5330,2025-06-30T21:46:28.275548058Z,01JZ1CM9QBAFQHGRA086T0Q56G,2025-06-30T21:46:28.275548058Z
01JZ1H3SEKND4KH30W4N2TTPKR,01JZ1G29Q82GQAKEXSK2E7NK3R,2025-06-30T23:00:19.539449058Z,01JZ1G2A58JMFV91VV93EGJJQY,2025-06-30T23:00:19.539449058Z,01JZ1G5G1FFKZK7WVQ264NYRHA,2025-06-30T23:00:19.539449058Z,01JZ1GW3RA9NZ51ED1F6D8HPC4,2025-06-30T23:00:19.539449058Z
01JZ1A4Z0BFTD016NN68WY78PQ,01JZ19VEXCKVX740B60X4W6PQN,2025-06-30T20:58:37.963883867Z,01JZ19VF1X4TGM9HTAVFF08YB3,2025-06-30T20:58:37.963883867Z,01JZ19X9AX1VPBDDCP087HWECT,2025-06-30T20:58:37.963883867Z,01JZ1A31STNBCB1FNASKSH9RM4,2025-06-30T20:58:37.963883867Z
01JZ1AS9GWJMEQXVZXA9QKK3CB,01JZ19VEXCKVX740B60X4W6PQN,2025-06-30T21:09:44.092905182Z,01JZ19VF4XXDC5SP97SM18G8VM,2025-06-30T21:09:44.092905182Z,01JZ19XD6XDCZFB3F08CC7HS0Y,2025-06-30T21:09:44.092905182Z,01JZ1AQBFWFCVDGCRFV7SS6AMN,2025-06-30T21:09:44.092905182Z
01JZ1BH818H1SRXNYB3ZSQAK2E,01JZ1B1VZ9TM9N3252XVVAH9DZ,2025-06-30T21:22:49.000576996Z,01JZ1B1W68Y1JCNSRHTZJR0WTB,2025-06-30T21:22:49.000576996Z,01JZ1B62EVJPYFB1CKMM3NTQNK,2025-06-30T21:22:49.000576996Z,01JZ1BH43TCR207W6QA0XHTRSW,2025-06-30T21:22:49.000576996Z
01JZ1F15H76REVX2P47G3B9G3E,01JZ1E916HBESJXS5SJ82BFZ21,2025-06-30T22:23:56.455938659Z,01JZ1E91HHYKGR583PHV4V6JXR,2025-06-30T22:23:56.455938659Z,01JZ1EFK9EEAEM2ASPQWEXC3TB,2025-06-30T22:23:56.455938659Z,01JZ1ERVCEPEY697Y3TMZ7E1DG,2025-06-30T22:23:56.455938659Z
01JZ17WNSM91T70NYYR413F5X9,01JZ170DPRHYGRH6M74WMGZ8J5,2025-06-30T20:19:09.236857615Z,01JZ170DS9MMA8EZAVKYS5SMHX,2025-06-30T20:19:09.236857615Z,01JZ17S6ZC1ZB5QAG0E0350NSD,2025-06-30T20:19:09.236857615Z,01JZ17TR7E1D7CES1YNCABFX51,2025-06-30T20:19:09.236857615Z
01JZ1C87M2YHYRE968BNDTHH3Z,01JZ1BX7WQMA45G0E33EEHJ3V9,2025-06-30T21:35:22.242493344Z,01JZ1BX849RGFMRNF1WR9VXVPD,2025-06-30T21:35:22.242493344Z,01JZ1C4P0YN4P4R63ZN9FPE2D4,2025-06-30T21:35:22.242493344Z,01JZ1C84NV5HP0B6N4ET0C4V87,2025-06-30T21:35:22.242493344Z
01JZ17X4RGEARNH0711TP8X01P,01JZ170DPRHYGRH6M74WMGZ8J5,2025-06-30T20:19:24.560226347Z,01JZ170DSXXMDA003X79NFA4N0,2025-06-30T20:19:24.560226347Z,01JZ17CZMJ8ZJDC1BKFXHNXYR1,2025-06-30T20:19:24.560226347Z,01JZ17NRRR088W52FGBGCTETBE,2025-06-30T20:19:24.560226347Z
01JZ17J8NTS68TDKMAMM4PG4W0,01JZ170DPRHYGRH6M74WMGZ8J5,2025-06-30T20:13:28.122829303Z,01JZ170DSTXK5Z1DV671606E6A,2025-06-30T20:13:28.122829303Z,01JZ17CV56KYXDEZD0V6G3R2C0,2025-06-30T20:13:28.122829303Z,01JZ17J857XXAY88RJQ7RDXDN1,2025-06-30T20:13:28.122829303Z
01JZ190120HXBH4TS49Z4G88GP,01JZ18G4TN4FH7205KTQTFE7PM,2025-06-30T20:38:27.648977167Z,01JZ18G512YK4K14AJW1A4KQT5,2025-06-30T20:38:27.648977167Z,01JZ18HJZ7HRTKHV6ZZJ67914M,2025-06-30T20:38:27.648977167Z,01JZ18R8C449S3PJKZXB5RXQ2D,2025-06-30T20:38:27.648977167Z
01JZ1BAMRTY0JJ6Y2SRQ7R4PXH,01JZ1B1VZ9TM9N3252XVVAH9DZ,2025-06-30T21:19:12.666764411Z,01JZ1B1W6S117BH8HCA7NH9R7E,2025-06-30T21:19:12.666764411Z,01JZ1B46GFSFAYTPK6TDTQG4WK,2025-06-30T21:19:12.666764411Z,01JZ1BAHADH4W4M1AJ6DNKBPWK,2025-06-30T21:19:12.666764411Z
01JZ1BQXBG4FX5W37TQEAVHFX5,01JZ1B1VZ9TM9N3252XVVAH9DZ,2025-06-30T21:26:27.440174404Z,01JZ1B1W4RP0VXDDKCJTNKM3AX,2025-06-30T21:26:27.440174404Z,01JZ1BHJS3735357S2TBZ4T5W4,2025-06-30T21:26:27.440174404Z,01JZ1BNY8P6J7MV2A9X36WMPD0,2025-06-30T21:26:27.440174404Z
01JZ1GVTFWV1W7RFHFN6HH6Z4D,01JZ1G29Q82GQAKEXSK2E7NK3R,2025-06-30T22:55:58.460743569Z,01JZ1G29XRNS92G9JYEX4H033M,2025-06-30T22:55:58.460743569Z,01JZ1G630GW64096KNZNG4RDAZ,2025-06-30T22:55:58.460743569Z,01JZ1GM6AT2QQ1RJ17GCG8VHAV,2025-06-30T22:55:58.460743569Z
01JZ17S2890PVJQW40GC9T9W8Q,01JZ170DPRHYGRH6M74WMGZ8J5,2025-06-30T20:17:10.921779894Z,01JZ170DRXVGFVP20P8DK3M491,2025-06-30T20:17:10.921779894Z,01JZ17B2PHRTHG9KZ1P8A1158Q,2025-06-30T20:17:10.921779894Z,01JZ17H2JWJMBDAZPE9P38DECW,2025-06-30T20:17:10.921779894Z
01JZ18QY0BYJ42EEJDCS11JFET,01JZ18G4TN4FH7205KTQTFE7PM,2025-06-30T20:34:02.379191534Z,01JZ18G4YK3PSP6R2PNWBA4P8S,2025-06-30T20:34:02.379191534Z,01JZ18J1HPCJW9NZWB0AN2GDSE,2025-06-30T20:34:02.379191534Z,01JZ18QWBRR3KN0B62DES46FPE,2025-06-30T20:34:02.379191534Z
01JZ18YFAPV3M8CPDM437HBFSG,01JZ18G4TN4FH7205KTQTFE7PM,2025-06-30T20:37:36.726508685Z,01JZ18G4YA2XRQ9RK4RH5WQB1P,2025-06-30T20:37:36.726508685Z,01JZ18NCTENJS4RVDRQ8JG1EGE,2025-06-30T20:37:36.726508685Z,01JZ18Q1RTQ5J8GR55C5KB6SHZ,2025-06-30T20:37:36.726508685Z
01JZ199SX79MHM9SFP83AFG00J,01JZ18R9CHSHJ2BAJZ4M4PAW2X,2025-06-30T20:43:48.007479525Z,01JZ18RA3DBE17YR6D8FEXRWFY,2025-06-30T20:43:48.007479525Z,01JZ18YGCJT7GPM1GCH83ZG2E6,2025-06-30T20:43:48.007479525Z,01JZ197VZQZ3W28DZHMN5K9CXH,2025-06-30T20:43:48.007479525Z
01JZ1BF2KNP8W8N9XJAGZXP7JR,01JZ1B1VZ9TM9N3252XVVAH9DZ,2025-06-30T21:21:37.909878384Z,01JZ1B1W2WT8MR9NJ7RDDSFH2M,2025-06-30T21:21:37.909878384Z,01JZ1B3YWXA1F3DXJYFKHTVRDW,2025-06-30T21:21:37.909878384Z,01JZ1BD3Y8NHHCFXCV7WB08PE6,2025-06-30T21:21:37.909878384Z
01JZ18Z7NMYBEK4Q0HXJAGN25G,01JZ18G4TN4FH7205KTQTFE7PM,2025-06-30T20:38:01.65220702Z,01JZ18G4YTQTSXFW2X0Y80VGVG,2025-06-30T20:38:01.65220702Z,01JZ18JSY9P3KAE5N38ASDX51K,2025-06-30T20:38:01.65220702Z,01JZ18QCJGMBYZ3Q6VHAQ4WQVG,2025-06-30T20:38:01.65220702Z
01JZ1FA6Y3XHK3B6VRBP08KH1H,01JZ1E916HBESJXS5SJ82BFZ21,2025-06-30T22:28:52.803772873Z,01JZ1E91Q18GQE49C0XSDVMF75,2025-06-30T22:28:52.803772873Z,01JZ1EVFEHVN1QQPSCMZ2EZ73P,2025-06-30T22:28:52.803772873Z,01JZ1F2J935JRBEA3AYQ9DM75Z,2025-06-30T22:28:52.803772873Z
01JZ17Y2WM929WVQMQBAJT0TNY,01JZ170DPRHYGRH6M74WMGZ8J5,2025-06-30T20:19:55.412951351Z,01JZ170DRV33K8D9D9ZMQKAW2D,2025-06-30T20:19:55.412951351Z,01JZ17F29KQA44VJC80QGCAS6X,2025-06-30T20:19:55.412951351Z,01JZ17PPJ2YWZWK15QBYRMGXYC,2025-06-30T20:19:55.412951351Z
01JZ18Y0WV38B54GDZ73C6ABFP,01JZ18G4TN4FH7205KTQTFE7PM,2025-06-30T20:37:21.947692431Z,01JZ18G50PJASP911XB82AW46K,2025-06-30T20:37:21.947692431Z,01JZ18HFN6SPVZ5DYGTVB7ZVYC,2025-06-30T20:37:21.947692431Z,01JZ18P6NBJ7Z652WDFV9M7NT4,2025-06-30T20:37:21.947692431Z
01JZ1AB5RBDXV7C8T8Y7R7P7SS,01JZ19VEXCKVX740B60X4W6PQN,2025-06-30T21:02:01.483759151Z,01JZ19VF1X4TGM9HTAVFF08YB3,2025-06-30T21:02:01.483759151Z,01JZ19Y0A6E9M84HP9ZX2DCFTC,2025-06-30T21:02:01.483759151Z,01JZ1A31WDRRSK5Y1X8M50HPSG,2025-06-30T21:02:01.483759151Z
01JZ1BK57NV664NVS2AYYY2F0D,01JZ1B1VZ9TM9N3252XVVAH9DZ,2025-06-30T21:23:51.669518074Z,01JZ1B1W5AJ9N87HJBZ99HRQPJ,2025-06-30T21:23:51.669518074Z,01JZ1BAG1QXXZT2G75G9P8N6Y2,2025-06-30T21:23:51.669518074Z,01JZ1BB7HHYBBSVM85QTV97ZMB,2025-06-30T21:23:51.669518074Z
01JZ17P2C09DQ1TS97X6S9PB5N,01JZ170DPRHYGRH6M74WMGZ8J5,2025-06-30T20:15:32.736884177Z,01JZ170DRWH3Q5VEKFYTCWXCB9,2025-06-30T20:15:32.736884177Z,01JZ17C9CHCZD4MC1P47MP5FMT,2025-06-30T20:15:32.736884177Z,01JZ17M6426GB2CWYTAT7MS6CN,2025-06-30T20:15:32.736884177Z
01JZ17VZHJ5WJ8J44VNA1JSGE2,01JZ170DPRHYGRH6M74WMGZ8J5,2025-06-30T20:18:46.450583154Z,01JZ170DSR5F2SARFX61BD5BFD,2025-06-30T20:18:46.450583154Z,01JZ179KCXD57AZVEGR3X2YKFH,2025-06-30T20:18:46.450583154Z,01JZ17M8TM93SNDEV4TKQ8G5N0,2025-06-30T20:18:46.450583154Z
01JZ18TK3XN1BKZ3Q58EJ6ZZ4Z,01JZ18G4TN4FH7205KTQTFE7PM,2025-06-30T20:35:29.533473612Z,01JZ18G4XMK5QHE5YNTR43VZ9V,2025-06-30T20:35:29.533473612Z,01JZ18JXMPKC16YBJ9SWX6E74P,2025-06-30T20:35:29.533473612Z,01JZ18RP89JC5KMWSQF397VP76,2025-06-30T20:35:29.533473612Z
01JZ1DF972M5PN95E3XDTZS46W,01JZ1D0RX94M7HHBAJDNGV8QRS,2025-06-30T21:56:41.826209722Z,01JZ1D0S2S8SEBXETFQJSTGM5V,2025-06-30T21:56:41.826209722Z,01JZ1D4AYTG2DMXZZ36EVW3RQ2,2025-06-30T21:56:41.826209722Z,01JZ1D77ZGJGAA1PN0Y98H9Q1P,2025-06-30T21:56:41.826209722Z
01JZ1DHNM8Q25ZM0T17MRENJEB,01JZ1D0RX94M7HHBAJDNGV8QRS,2025-06-30T21:58:00.07230525Z,01JZ1D0S61XK8FZCNQBM2ZAEE6,2025-06-30T21:58:00.07230525Z,01JZ1D5XZ05FCDAH1D4YG77JR7,2025-06-30T21:58:00.07230525Z,01JZ1DHFZ809B1825QNPR8SJSM,2025-06-30T21:58:00.07230525Z
01JZ1DMDHZYJBYHJPKVNPVCNSY,01JZ1D0RX94M7HHBAJDNGV8QRS,2025-06-30T21:59:30.111976139Z,01JZ1D0S3N2D9DCG3EHS8AP4R1,2025-06-30T21:59:30.111976139Z,01JZ1DB76758JPZGHYCN646V7S,2025-06-30T21:59:30.111976139Z,01JZ1DJBF7R7NJ28KS5SRS1EHV,2025-06-30T21:59:30.111976139Z
01JZ1H53VTXYH9CDM23H91WY40,01JZ1G29Q82GQAKEXSK2E7NK3R,2025-06-30T23:01:02.970456335Z,01JZ1G2AATTMJJ07WA2JZ9MF1K,2025-06-30T23:01:02.970456335Z,01JZ1GPSZ98FX0GSJ1PJWWQANW,2025-06-30T23:01:02.970456335Z,01JZ1GWNN7SAHPPWE857THBJJP,2025-06-30T23:01:02.970456335Z
01JZ17RTKNJ7Q3E5GKWE5AQPTC,01JZ170DPRHYGRH6M74WMGZ8J5,2025-06-30T20:17:03.093980056Z,01JZ170DSP5HFMBRZWFQV8RFVC,2025-06-30T20:17:03.093980056Z,01JZ17D1Z4NJ06X2DRQ0XR8Y1G,2025-06-30T20:17:03.093980056Z,01JZ17RSK3N0BNCJAFQS3YEYB5,2025-06-30T20:17:03.093980056Z
01JZ17TTDE9TAXRHP4RBSBWP1P,01JZ170DPRHYGRH6M74WMGZ8J5,2025-06-30T20:18:08.43018516Z,01JZ170DS9MMA8EZAVKYS5SMHX,2025-06-30T20:18:08.43018516Z,01JZ17HFJ1YVGFVR94GB9T8A4P,2025-06-30T20:18:08.43018516Z,01JZ17TR81NXXTTPKTD9H5FET9,2025-06-30T20:18:08.43018516Z
01JZ1AAGMBZPGW1CQFAT2E709W,01JZ19VEXCKVX740B60X4W6PQN,2025-06-30T21:01:39.851221973Z,01JZ19VF1X4TGM9HTAVFF08YB3,2025-06-30T21:01:39.851221973Z,01JZ19X9AX1VPBDDCP087HWECT,2025-06-30T21:01:39.851221973Z,01JZ1A31TDZKWTX3G3H9PC4RBE,2025-06-30T21:01:39.851221973Z
01JZ1BSWKFFVB0WA0T4M9CWKB8,01JZ1B1VZ9TM9N3252XVVAH9DZ,2025-06-30T21:27:32.207986656Z,01JZ1B1W46BH5YH0XYSE8KJRBK,2025-06-30T21:27:32.207986656Z,01JZ1ANK2PZ7NTFNFMNB753RPA,2025-06-30T21:27:32.207986656Z,01JZ1BJ1EF1GE16G0A1JBEPRNS,2025-06-30T21:27:32.207986656Z
01JZ1BX6RRRG03TM3K4W3JEJAX,01JZ1B1VZ9TM9N3252XVVAH9DZ,2025-06-30T21:29:20.920704126Z,01JZ1B1W5TAZ0C76DBH0ZAEY5X,2025-06-30T21:29:20.920704126Z,01JZ1B3G6JQBSFAAE2943ZEQ9V,2025-06-30T21:29:20.920704126Z,01JZ1BNNH562Q854YV4P9FQ9JA,2025-06-30T21:29:20.920704126Z
01JZ1AMC44ME86BRJRW08F83W6,01JZ19VEXCKVX740B60X4W6PQN,2025-06-30T21:07:02.916242952Z,01JZ19VF6XEW5FG377QGXCTRD1,2025-06-30T21:07:02.916242952Z,01JZ1A8X5PJAXZBFXHM3C9X96V,2025-06-30T21:07:02.916242952Z,01JZ1ACG6Q17P2Z830VCFRQ76D,2025-06-30T21:07:02.916242952Z
01JZ17PQARZ9QTZX1264EB7CNM,01JZ170DPRHYGRH6M74WMGZ8J5,2025-06-30T20:15:54.200854744Z,01JZ170DRV33K8D9D9ZMQKAW2D,2025-06-30T20:15:54.200854744Z,01JZ17FY7YEZ14CJBS3JX2EV3B,2025-06-30T20:15:54.200854744Z,01JZ17PPH32HXCV9GY0H5Z2WSH,2025-06-30T20:15:54.200854744Z
01JZ17SRABKK0ZC5NKH94QX7YQ,01JZ170DPRHYGRH6M74WMGZ8J5,2025-06-30T20:17:33.515531551Z,01JZ170DSBT7R80F1BC6BFNZAP,2025-06-30T20:17:33.515531551Z,01JZ17A0VX21AM44XR65ZCDBQZ,2025-06-30T20:17:33.515531551Z,01JZ17JC34NY9C5XTJE3ETGWA3,2025-06-30T20:17:33.515531551Z
01JZ1806JJJEBQEPWVYDTZ3E9R,01JZ170DPRHYGRH6M74WMGZ8J5,2025-06-30T20:21:04.722458001Z,01JZ170DSP5HFMBRZWFQV8RFVC,2025-06-30T20:21:04.722458001Z,01JZ17992QEDC71MF0NWEGAJEP,2025-06-30T20:21:04.722458001Z,01JZ17RSKEA3VSTDSCVCP8YEVJ,2025-06-30T20:21:04.722458001Z
01JZ18XMJQQRXKFA3NCJH0JWHV,01JZ18G4TN4FH7205KTQTFE7PM,2025-06-30T20:37:09.335495955Z,01JZ18G4ZDA13FR053ZT1R1FPF,2025-06-30T20:37:09.335495955Z,01JZ18HGW0W96RSNBB49GQ9E8B,2025-06-30T20:37:09.335495955Z,01JZ18NR6VSFFH5QJK4DQ1TXDM,2025-06-30T20:37:09.335495955Z
01JZ17KHCKW5R9C1J9BQ19681C,01JZ170DPRHYGRH6M74WMGZ8J5,2025-06-30T20:14:09.811360463Z,01JZ170DS8YWG03GZVY59N3JD0,2025-06-30T20:14:09.811360463Z,01JZ17CW18JBK0SW96CVGPG5D0,2025-06-30T20:14:09.811360463Z,01JZ17HNMQAAW5HV1NJ3KN0TDP,2025-06-30T20:14:09.811360463Z
01JZ17T74CZZCAZYWBN1CBRCXT,01JZ170DPRHYGRH6M74WMGZ8J5,2025-06-30T20:17:48.684609767Z,01JZ170DRQN15452AYS561M232,2025-06-30T20:17:48.684609767Z,01JZ17R3E57YY9H2V5S1G4XMBW,2025-06-30T20:17:48.684609767Z,01JZ17RBCT038Y8QAFS6F67QDM,2025-06-30T20:17:48.684609767Z
01JZ17YDF4KSN0VZMS027YPQKK,01JZ170DPRHYGRH6M74WMGZ8J5,2025-06-30T20:20:06.244599797Z,01JZ170DRV33K8D9D9ZMQKAW2D,2025-06-30T20:20:06.244599797Z,01JZ179XMYFK94EADRMMB2K8HQ,2025-06-30T20:20:06.244599797Z,01JZ17PPHXYGVWTQWQ3EC28RK2,2025-06-30T20:20:06.244599797Z
01JZ18PNPGHVFRSEWVECSXRKXV,01JZ18G4TN4FH7205KTQTFE7PM,2025-06-30T20:33:21.104867251Z,01JZ18G4Y1ABZPJ815NAWEN19T,2025-06-30T20:33:21.104867251Z,01JZ18HGDSE2JWMVWW1YEZN8Q5,2025-06-30T20:33:21.104867251Z,01JZ18PME7D8TXGQRQ2CGSH14P,2025-06-30T20:33:21.104867251Z
01JZ190BXMDBB49D1K6BVDHMN1,01JZ18G4TN4FH7205KTQTFE7PM,2025-06-30T20:38:38.772098809Z,01JZ18G4WPK6V9JKZAVKNYS3NB,2025-06-30T20:38:38.772098809Z,01JZ18N0WE2W63AJ0S8AMFR80C,2025-06-30T20:38:38.772098809Z,01JZ18RRASEVE9RRSH50SEW5V6,2025-06-30T20:38:38.772098809Z
01JZ1AJZBBXBACMBNYC0AYAA39,01JZ19VEXCKVX740B60X4W6PQN,2025-06-30T21:06:17.067589635Z,01JZ19VF5YA4VZJRJDVJVY1XBY,2025-06-30T21:06:17.067589635Z,01JZ19Y068YTBSDNPDANA6K38M,2025-06-30T21:06:17.067589635Z,01JZ1AAQZXK1M56S8S8ENY419V,2025-06-30T21:06:17.067589635Z
01JZ1CDT31N45763ZTBKQP03ZS,01JZ1BX7WQMA45G0E33EEHJ3V9,2025-06-30T21:38:24.993966513Z,01JZ1BX80QRTKGB6MH6HMRDXS1,2025-06-30T21:38:24.993966513Z,01JZ1C4CTKJV3QDB4A0BGTS31H,2025-06-30T21:38:24.993966513Z,01JZ1C692QHS5DV9PSD243R1PS,2025-06-30T21:38:24.993966513Z
01JZ1CVWDXTPK4Y6T584A1KM61,01JZ1C4XJFQQ45ZHGATAXVBX0J,2025-06-30T21:46:06.141267364Z,01JZ1C4XNE4VHGMR9JDZS6Y7F9,2025-06-30T21:46:06.141267364Z,01JZ1CF267R4DM5CMXPS4VKSEE,2025-06-30T21:46:06.141267364Z,01JZ1CM9NHAQYVB9EBB2FPWPMG,2025-06-30T21:46:06.141267364Z
01JZ1DJH1KAXGP5HWZK4BA9XY0,01JZ1D0RX94M7HHBAJDNGV8QRS,2025-06-30T21:58:28.14709567Z,01JZ1D0S3N2D9DCG3EHS8AP4R1,2025-06-30T21:58:28.14709567Z,01JZ1D49JVTEEYC1V6ZNF5Y9RQ,2025-06-30T21:58:28.14709567Z,01JZ1DJBC9HNDPFTVHPRJH9HNY,2025-06-30T21:58:28.14709567Z
01JZ1F4CY9D0HDG3QHPMANZES1,01JZ1E916HBESJXS5SJ82BFZ21,2025-06-30T22:25:42.345487872Z,01JZ1E91SWVSXS6FK33QCMH9SP,2025-06-30T22:25:42.345487872Z,01JZ1F2TBXEZEKPK7X854K54D8,2025-06-30T22:25:42.345487872Z,01JZ1F45CJV6T7PXKVK8XJ2DRQ,2025-06-30T22:25:42.345487872Z
01JZ17VNFDCQHCZY5TSE5QJJMM,01JZ170DPRHYGRH6M74WMGZ8J5,2025-06-30T20:18:36.14140848Z,01JZ170DSR5F2SARFX61BD5BFD,2025-06-30T20:18:36.14140848Z,01JZ17D6932YKNNSWD1JMYAKKF,2025-06-30T20:18:36.14140848Z,01JZ17M8TTAADH96H16B5Q2KVN,2025-06-30T20:18:36.14140848Z
01JZ18R9SPFPQZTY9JZABXJ4FR,01JZ18G4TN4FH7205KTQTFE7PM,2025-06-30T20:34:14.454099592Z,01JZ18G512YK4K14AJW1A4KQT5,2025-06-30T20:34:14.454099592Z,01JZ18P8E791PBV9BDRV76VVRH,2025-06-30T20:34:14.454099592Z,01JZ18R8B98P4BYKECZBPDN4K7,2025-06-30T20:34:14.454099592Z
01JZ18RQWJVSB86KX2DTG00Q80,01JZ18G4TN4FH7205KTQTFE7PM,2025-06-30T20:34:28.883040857Z,01JZ18G4XMK5QHE5YNTR43VZ9V,2025-06-30T20:34:28.883040857Z,01JZ18J9W8KMP67K3HENBC0CVQ,2025-06-30T20:34:28.883040857Z,01JZ18RP7K0MQCXP7DDG2EV4WD,2025-06-30T20:34:28.883040857Z
01JZ19005NRA9R5QXE76TBHTXD,01JZ18G4TN4FH7205KTQTFE7PM,2025-06-30T20:38:26.741118707Z,01JZ18G50G0GKPPCFSW2N0ZNW1,2025-06-30T20:38:26.741118707Z,01JZ18KW5P5RE2HRX78XRVTPME,2025-06-30T20:38:26.741118707Z,01JZ18RHGXJHBRSARA96JJK9J9,2025-06-30T20:38:26.741118707Z
01JZ1BRPPT8T7KHSA2KBWGXCXB,01JZ1B1VZ9TM9N3252XVVAH9DZ,2025-06-30T21:26:53.40242426Z,01JZ1B1W68Y1JCNSRHTZJR0WTB,2025-06-30T21:26:53.40242426Z,01JZ1B7EJ94Z1F34T98KN1PN13,2025-06-30T21:26:53.40242426Z,01JZ1BH47FKGJXT98P27XT8FV5,2025-06-30T21:26:53.40242426Z
01JZ17TNHFXP7GP5FE4619D53M,01JZ170DPRHYGRH6M74WMGZ8J5,2025-06-30T20:18:03.439266925Z,01JZ170DSP5HFMBRZWFQV8RFVC,2025-06-30T20:18:03.439266925Z,01JZ17992QEDC71MF0NWEGAJEP,2025-06-30T20:18:03.439266925Z,01JZ17RSKP4T7TM013SKSDCBN6,2025-06-30T20:18:03.439266925Z
01JZ17WZSJQ4GN246B5A9XYS7S,01JZ170DPRHYGRH6M74WMGZ8J5,2025-06-30T20:19:19.474848448Z,01JZ170DSMJZPS89ZBMFZ7ATK7,2025-06-30T20:19:19.474848448Z,01JZ17411GFTP23ZXM1AB7D9NA,2025-06-30T20:19:19.474848448Z,01JZ17MYEHBQM2VDSAQZ2CF179,2025-06-30T20:19:19.474848448Z
01JZ17V6CRR7S03K0EQ96KHPYF,01JZ170DPRHYGRH6M74WMGZ8J5,2025-06-30T20:18:20.696355312Z,01JZ170DSWJ6311N72HPSQWG9K,2025-06-30T20:18:20.696355312Z,01JZ178W441J2YAZ2W6GRZFTRA,2025-06-30T20:18:20.696355312Z,01JZ17KG4Z9CHYTG6HQWPNQJ5E,2025-06-30T20:18:20.696355312Z
01JZ17HP60XHWXPAECQ9VZKF56,01JZ170DPRHYGRH6M74WMGZ8J5,2025-06-30T20:13:09.185008912Z,01JZ170DS8YWG03GZVY59N3JD0,2025-06-30T20:13:09.185008912Z,01JZ17B25HMB9SR7CZAG7VDDNC,2025-06-30T20:13:09.185008912Z,01JZ17HNMC395BYG9QN2MAW1BJ,2025-06-30T20:13:09.185008912Z
01JZ17S29KJ5ACWGV1CCHR0490,01JZ170DPRHYGRH6M74WMGZ8J5,2025-06-30T20:17:10.963723107Z,01JZ170DRXVGFVP20P8DK3M491,2025-06-30T20:17:10.963723107Z,01JZ17BF7NX0X3DRNTNKBRP4A9,2025-06-30T20:17:10.963723107Z,01JZ17H2JWJMBDAZPE9P38DECW,2025-06-30T20:17:10.963723107Z
01JZ17YPWNZH5JQJ5KJBTA78G8,01JZ170DPRHYGRH6M74WMGZ8J5,2025-06-30T20:20:15.89320562Z,01JZ170DS5DJKXJ3Z7YVJKJJXK,2025-06-30T20:20:15.89320562Z,01JZ17DQRYSG711N7R05SC14HP,2025-06-30T20:20:15.89320562Z,01JZ17QA59QV908YAV00Z9M88J,2025-06-30T20:20:15.89320562Z
01JZ18RKBXD1XNECTQGCGQHKBN,01JZ18G4TN4FH7205KTQTFE7PM,2025-06-30T20:34:24.253207296Z,01JZ18G50G0GKPPCFSW2N0ZNW1,2025-06-30T20:34:24.253207296Z,01JZ18HJ023RXZWDMJ23K3G02T,2025-06-30T20:34:24.253207296Z,01JZ18RHHCVE30JQC8SHSPW4MY,2025-06-30T20:34:24.253207296Z
01JZ18TK2BCCVCWTMC8MDAKXK1,01JZ18G4TN4FH7205KTQTFE7PM,2025-06-30T20:35:29.483862154Z,01JZ18G4XMK5QHE5YNTR43VZ9V,2025-06-30T20:35:29.483862154Z,01JZ18JYQDFDP4EVNZQ3HF507K,2025-06-30T20:35:29.483862154Z,01JZ18RP89JC5KMWSQF397VP76,2025-06-30T20:35:29.483862154Z
01JZ197YSCNRC0YYEAHC3XYYND,01JZ18R9CHSHJ2BAJZ4M4PAW2X,2025-06-30T20:42:47.468712364Z,01JZ18RA3DBE17YR6D8FEXRWFY,2025-06-30T20:42:47.468712364Z,01JZ18YGCJT7GPM1GCH83ZG2E6,2025-06-30T20:42:47.468712364Z,01JZ197VZ0Q6DEGD42E0811129,2025-06-30T20:42:47.468712364Z
01JZ1BSCSJWJ172Q4MAWQ5WA42,01JZ1B1VZ9TM9N3252XVVAH9DZ,2025-06-30T21:27:16.018694498Z,01JZ1B1W68Y1JCNSRHTZJR0WTB,2025-06-30T21:27:16.018694498Z,01JZ1B792JY1J7NFJKWZPMCAGM,2025-06-30T21:27:16.018694498Z,01JZ1BH4CC6N46FP386VHR81G9,2025-06-30T21:27:16.018694498Z
01JZ1GWA3T9P0V2ZMV4TZWKDS1,01JZ1G29Q82GQAKEXSK2E7NK3R,2025-06-30T22:56:14.458452815Z,01JZ1G2A58JMFV91VV93EGJJQY,2025-06-30T22:56:14.458452815Z,01JZ1GHJS4Z0QHDNAN69NMJ02V,2025-06-30T22:56:14.458452815Z,01JZ1GW3ANP10W1MY31QTVWTGJ,2025-06-30T22:56:14.458452815Z
01JZ17QMCV29K9J6JZ7BYZEAGY,01JZ170DPRHYGRH6M74WMGZ8J5,2025-06-30T20:16:23.963334846Z,01JZ170DSXXMDA003X79NFA4N0,2025-06-30T20:16:23.963334846Z,01JZ179JK7EB00XG1XXC6JXGYV,2025-06-30T20:16:23.963334846Z,01JZ17NRSETRAHA86XGKD3ZGNV,2025-06-30T20:16:23.963334846Z
01JZ17W78HZ6CNET7VZE6DZ6J1,01JZ170DPRHYGRH6M74WMGZ8J5,2025-06-30T20:18:54.355790264Z,01JZ170DRWH3Q5VEKFYTCWXCB9,2025-06-30T20:18:54.355790264Z,01JZ17E300K9YQ0KK94FSGZ5RV,2025-06-30T20:18:54.355790264Z,01JZ17M62ZA7FM5T6J9Q36KCK0,2025-06-30T20:18:54.355790264Z
01JZ17WNEDPWHGXM6BR4CJYWY0,01JZ170DPRHYGRH6M74WMGZ8J5,2025-06-30T20:19:08.877046706Z,01JZ170DSMJZPS89ZBMFZ7ATK7,2025-06-30T20:19:08.877046706Z,01JZ17DJ18S9CGE8H6D4S1K333,2025-06-30T20:19:08.877046706Z,01JZ17MYEV0AG6XJGH9VVJQXPH,2025-06-30T20:19:08.877046706Z
01JZ1AS9P5XS7TAE26RVQ3DZJ5,01JZ19VEXCKVX740B60X4W6PQN,2025-06-30T21:09:44.261935122Z,01JZ19VF4XXDC5SP97SM18G8VM,2025-06-30T21:09:44.261935122Z,01JZ1ANDKY8QTNAK6C66WRTD5R,2025-06-30T21:09:44.261935122Z,01JZ1AQBFWFCVDGCRFV7SS6AMN,2025-06-30T21:09:44.261935122Z
01JZ1BMZ2WTSH5ZSKMD4D9D4RX,01JZ1B1VZ9TM9N3252XVVAH9DZ,2025-06-30T21:24:50.908679661Z,01JZ1B1W2WT8MR9NJ7RDDSFH2M,2025-06-30T21:24:50.908679661Z,01JZ1B64GPABF5830RNTZP1A2Y,2025-06-30T21:24:50.908679661Z,01JZ1BD437FH3N90SJNPN2P8KN,2025-06-30T21:24:50.908679661Z
01JZ1D9B6NRCTD5XT3P762CMBP,01JZ1D0RX94M7HHBAJDNGV8QRS,2025-06-30T21:53:27.253930853Z,01JZ1D0S2S8SEBXETFQJSTGM5V,2025-06-30T21:53:27.253930853Z,01JZ1D4W11PS06G8TDSZKJ39RF,2025-06-30T21:53:27.253930853Z,01JZ1D77TJ31JQY4W7YSZVV4R8,2025-06-30T21:53:27.253930853Z
01JZ1F00B3S1ZYBBR84A0TXT6R,01JZ1E916HBESJXS5SJ82BFZ21,2025-06-30T22:23:18.371874397Z,01JZ1E91WFH0SPDF0PZ6G1349X,2025-06-30T22:23:18.371874397Z,01JZ1EAPTEQ3YCZAND0ZRHWRT7,2025-06-30T22:23:18.371874397Z,01JZ1EY0RN0AQVXD4S7119EDC2,2025-06-30T22:23:18.371874397Z
01JZ180GWC1J9RHBX49FWACT72,01JZ170DPRHYGRH6M74WMGZ8J5,2025-06-30T20:21:15.277036899Z,01JZ170DSP5HFMBRZWFQV8RFVC,2025-06-30T20:21:15.277036899Z,01JZ17GRXVCB86SQX36KBD73NW,2025-06-30T20:21:15.277036899Z,01JZ17RSJTNPRC3C8ZY6Y2ZSYJ,2025-06-30T20:21:15.277036899Z
01JZ180GTF99JMSVHPN1DV9ADC,01JZ170DPRHYGRH6M74WMGZ8J5,2025-06-30T20:21:15.216015884Z,01JZ170DSP5HFMBRZWFQV8RFVC,2025-06-30T20:21:15.216015884Z,01JZ17BG508D1SYGKCV9ECDV4F,2025-06-30T20:21:15.216015884Z,01JZ17RSJTNPRC3C8ZY6Y2ZSYJ,2025-06-30T20:21:15.216015884Z
01JZ1AM16AJ3BBSQ46MDD5EXDM,01JZ19VEXCKVX740B60X4W6PQN,2025-06-30T21:06:51.722901865Z,01JZ19VF6XEW5FG377QGXCTRD1,2025-06-30T21:06:51.722901865Z,01JZ1A81RPET9TAZBW4YBB121E,2025-06-30T21:06:51.722901865Z,01JZ1ACG7RFGJPNSR51K4JAEZ8,2025-06-30T21:06:51.722901865Z
01JZ1BXESKF84PJ4AF8SH7XXXG,01JZ1B1VZ9TM9N3252XVVAH9DZ,2025-06-30T21:29:29.140013577Z,01JZ1B1W4RP0VXDDKCJTNKM3AX,2025-06-30T21:29:29.140013577Z,01JZ1B44NJ2M66S6K1HNVCZ08H,2025-06-30T21:29:29.140013577Z,01JZ1BNYAAW7XNTC5PXF53BARA,2025-06-30T21:29:29.140013577Z
01JZ1F58J3M809DX45N1P3CXGH,01JZ1E916HBESJXS5SJ82BFZ21,2025-06-30T22:26:10.62775732Z,01JZ1E91Z6K0ZJGCC53Q4JQWJP,2025-06-30T22:26:10.62775732Z,01JZ1ET7E30G59HX0XYHAKGDD0,2025-06-30T22:26:10.62775732Z,01JZ1EXC2738TD9DEC8HEZ1QM0,2025-06-30T22:26:10.62775732Z
01JZ1GTSHS0P3Z63XTG2DPG6CH,01JZ1G29Q82GQAKEXSK2E7NK3R,2025-06-30T22:55:24.729675388Z,01JZ1G2ACHC2PPHGNQVYG69GCY,2025-06-30T22:55:24.729675388Z,01JZ1ESY682HMD53AEGK9VD2YT,2025-06-30T22:55:24.729675388Z,01JZ1GJG9JNNQVF267AN8JXQ4V,2025-06-30T22:55:24.729675388Z
01JZ17WFJWZA0BBRKJY5HJ3FW4,01JZ170DPRHYGRH6M74WMGZ8J5,2025-06-30T20:19:02.876095284Z,01JZ170DS434CCJM920K0JDY80,2025-06-30T20:19:02.876095284Z,01JZ17BZXCKBRDGQ6529TYVNY6,2025-06-30T20:19:02.876095284Z,01JZ17MET0GT1VR1Z1AASBPY29,2025-06-30T20:19:02.876095284Z
01JZ17Y2WAFFXG6WZ3ET4KVVKD,01JZ170DPRHYGRH6M74WMGZ8J5,2025-06-30T20:19:55.402187988Z,01JZ170DRV33K8D9D9ZMQKAW2D,2025-06-30T20:19:55.402187988Z,01JZ17PJ3VDZQD3TEH95CF73QJ,2025-06-30T20:19:55.402187988Z,01JZ17PPJ2YWZWK15QBYRMGXYC,2025-06-30T20:19:55.402187988Z
01JZ17RC8JTZH4VHHSYKR20Z6W,01JZ170DPRHYGRH6M74WMGZ8J5,2025-06-30T20:16:48.402613423Z,01JZ170DRQN15452AYS561M232,2025-06-30T20:16:48.402613423Z,01JZ1772PK70ARCRD25BW9JS91,2025-06-30T20:16:48.402613423Z,01JZ17RBBXJNB1SM787WX1GG11,2025-06-30T20:16:48.402613423Z
01JZ18YF9KH43S41Q8MQBARNP1,01JZ18G4TN4FH7205KTQTFE7PM,2025-06-30T20:37:36.691750223Z,01JZ18G4YA2XRQ9RK4RH5WQB1P,2025-06-30T20:37:36.691750223Z,01JZ18M8PYM3H87ZASWMAC2B64,2025-06-30T20:37:36.691750223Z,01JZ18Q1RTQ5J8GR55C5KB6SHZ,2025-06-30T20:37:36.691750223Z
01JZ18QE1BM7N87DCDZTSF0Q7A,01JZ18G4TN4FH7205KTQTFE7PM,2025-06-30T20:33:46.027858861Z,01JZ18G4YTQTSXFW2X0Y80VGVG,2025-06-30T20:33:46.027858861Z,01JZ18JSY9P3KAE5N38ASDX51K,2025-06-30T20:33:46.027858861Z,01JZ18QCHCWKPJPF2G32EQXDDJ,2025-06-30T20:33:46.027858861Z
01JZ1985ZMDNXTHM2BQY8MQ8VZ,01JZ18QHX9XGN83K6T42FK97D5,2025-06-30T20:42:54.836054597Z,01JZ18QHZ9KPT0XZ66BZ9ZB89K,2025-06-30T20:42:54.836054597Z,01JZ18SXQ0AFP5SFG2600FW7ER,2025-06-30T20:42:54.836054597Z,01JZ190NKBHYNACREFJP8CVVGM,2025-06-30T20:42:54.836054597Z
01JZ1AMQBBW4B68A68AZXS2FB1,01JZ19VEXCKVX740B60X4W6PQN,2025-06-30T21:07:14.411454379Z,01JZ19VF6XEW5FG377QGXCTRD1,2025-06-30T21:07:14.411454379Z,01JZ1A9RXDVME7RYXTWFBGWCFN,2025-06-30T21:07:14.411454379Z,01JZ1ACG610M6TRWXFFV3KK332,2025-06-30T21:07:14.411454379Z
01JZ1AZ5QEFYQEANAD9DX9TSKY,01JZ19VEXCKVX740B60X4W6PQN,2025-06-30T21:12:56.814450212Z,01JZ19VF4XXDC5SP97SM18G8VM,2025-06-30T21:12:56.814450212Z,01JZ19Y5W4MYXKSXHHDPCY5M66,2025-06-30T21:12:56.814450212Z,01JZ1AQBH2AQ4HJ4SKYQ5374F4,2025-06-30T21:12:56.814450212Z
01JZ1DEM5KD51TWYKC9Y70YY22,01JZ1D0RX94M7HHBAJDNGV8QRS,2025-06-30T21:56:20.276022673Z,01JZ1D0S14X3T6948SDJVF454K,2025-06-30T21:56:20.276022673Z,01JZ1D8RW634M5KPJ3DDHQYDRD,2025-06-30T21:56:20.276022673Z,01JZ1DCMNY0VAHZRBKPHM6R6CB,2025-06-30T21:56:20.276022673Z
01JZ17MFEWECRCXQ1HXA51P8JH,01JZ170DPRHYGRH6M74WMGZ8J5,2025-06-30T20:14:40.605014987Z,01JZ170DS434CCJM920K0JDY80,2025-06-30T20:14:40.605014987Z,01JZ17JRNHBCA9Z1PDJFB00SE3,2025-06-30T20:14:40.605014987Z,01JZ17MES4H49TCFWXHCBDV2WP,2025-06-30T20:14:40.605014987Z
01JZ17R6V8F83VGQW2NN1YVWPY,01JZ170DPRHYGRH6M74WMGZ8J5,2025-06-30T20:16:42.856417368Z,01JZ170DRSFZ9Y16965WN1Z2F9,2025-06-30T20:16:42.856417368Z,01JZ17AQQS59T0RTXR5VNB3ZRC,2025-06-30T20:16:42.856417368Z,01JZ17G70SJ14STM6REY4G3XP7,2025-06-30T20:16:42.856417368Z
01JZ17X68P33WPS0DE6CERQ2KJ,01JZ170DPRHYGRH6M74WMGZ8J5,2025-06-30T20:19:26.102125813Z,01JZ170DS0283SZNEN95XAWWS4,2025-06-30T20:19:26.102125813Z,01JZ17J8N9NAW1ASAH1NWPJBAP,2025-06-30T20:19:26.102125813Z,01JZ17NT7EMFQXG1J8BV4ZA47S,2025-06-30T20:19:26.102125813Z
01JZ18SSMAMJE8RBTTPW7YA32G,01JZ18G4TN4FH7205KTQTFE7PM,2025-06-30T20:35:03.434543402Z,01JZ18G4YK3PSP6R2PNWBA4P8S,2025-06-30T20:35:03.434543402Z,01JZ18K6XVG6N44078RFW6M633,2025-06-30T20:35:03.434543402Z,01JZ18QWBAHK4T4H0VEYDTYNA4,2025-06-30T20:35:03.434543402Z
01JZ1AJ7PPX8B23BEYTPR5C5D1,01JZ19VEXCKVX740B60X4W6PQN,2025-06-30T21:05:52.854409578Z,01JZ19VF81DTYMGWYB0TAJKDWY,2025-06-30T21:05:52.854409578Z,01JZ19XTEVTQG67NAP9C737569,2025-06-30T21:05:52.854409578Z,01JZ1AABMTK3KJJZSMA4TN8BF7,2025-06-30T21:05:52.854409578Z
01JZ17KRA0Z2D9MZ3VQE0GVXYK,01JZ170DPRHYGRH6M74WMGZ8J5,2025-06-30T20:14:16.896345445Z,01JZ170DS434CCJM920VN081CV,2025-06-30T20:14:16.896345445Z,01JZ17AXNB63XKGBKW724P24XM,2025-06-30T20:14:16.896345445Z,01JZ17HX0ZXKJ4A0TXNHXA38XE,2025-06-30T20:14:16.896345445Z
01JZ17QNWTSSEREMZQWAZ1XXZB,01JZ170DPRHYGRH6M74WMGZ8J5,2025-06-30T20:16:25.499036895Z,01JZ170DS0283SZNEN95XAWWS4,2025-06-30T20:16:25.499036895Z,01JZ17CS84WF94XY708FKX765Q,2025-06-30T20:16:25.499036895Z,01JZ17NT7VKFDEH0WZ6ZY88ZPG,2025-06-30T20:16:25.499036895Z
01JZ17SR9A2XW09XKSJFBQ1EKG,01JZ170DPRHYGRH6M74WMGZ8J5,2025-06-30T20:17:33.482386493Z,01JZ170DSBT7R80F1BC6BFNZAP,2025-06-30T20:17:33.482386493Z,01JZ177S5KY8F9N4218V4EVNPY,2025-06-30T20:17:33.482386493Z,01JZ17JC34NY9C5XTJE3ETGWA3,2025-06-30T20:17:33.482386493Z
01JZ17TTCX4SZ3F7BAK2TR9CXP,01JZ170DPRHYGRH6M74WMGZ8J5,2025-06-30T20:18:08.413985199Z,01JZ170DS9MMA8EZAVKYS5SMHX,2025-06-30T20:18:08.413985199Z,01JZ17QM16148RHAHCPPZX620J,2025-06-30T20:18:08.413985199Z,01JZ17TR81NXXTTPKTD9H5FET9,2025-06-30T20:18:08.413985199Z
01JZ180CAHG868A1S7C7AZ3B1J,01JZ170DPRHYGRH6M74WMGZ8J5,2025-06-30T20:21:10.609187215Z,01JZ170DRQN15452AYS561M232,2025-06-30T20:21:10.609187215Z,01JZ17EC9TCGFEVCEX7CCFP6AJ,2025-06-30T20:21:10.609187215Z,01JZ17RBE0ZT7HTBY1K3ZRR1VV,2025-06-30T20:21:10.609187215Z
01JZ18V61GP3YQ3RPPJME41M8J,01JZ18G4TN4FH7205KTQTFE7PM,2025-06-30T20:35:48.912621409Z,01JZ18G4Z7SR18DC8PDBR22HS5,2025-06-30T20:35:48.912621409Z,01JZ18KKD45G2Z51GTDYMFBGF8,2025-06-30T20:35:48.912621409Z,01JZ18S8W382ZTX14ED28QZWFS,2025-06-30T20:35:48.912621409Z
01JZ190D1K0FSNA4QJ1Y5BKWHV,01JZ18G4TN4FH7205KTQTFE7PM,2025-06-30T20:38:39.924025765Z,01JZ18G4ZZG5A688HVVJGKBFVW,2025-06-30T20:38:39.924025765Z,01JZ18K484MAW8WSQHH7HSG9Z4,2025-06-30T20:38:39.924025765Z,01JZ18RFPSBYDPWWM1XEC3ZD1K,2025-06-30T20:38:39.924025765Z
01JZ190TYVQXXC43T3BH9A412C,01JZ18G4TN4FH7205KTQTFE7PM,2025-06-30T20:38:54.171096324Z,01JZ18G4WPK6V9JKZAVKNYS3NB,2025-06-30T20:38:54.171096324Z,01JZ18N0WE2W63AJ0S8AMFR80C,2025-06-30T20:38:54.171096324Z,01JZ18RRA89V0ND20E0G84EPSM,2025-06-30T20:38:54.171096324Z
01JZ17S1QRB2A0MKARM62ARQTE,01JZ170DPRHYGRH6M74WMGZ8J5,2025-06-30T20:17:10.39271068Z,01JZ170DS8YWG03GZVY59N3JD0,2025-06-30T20:17:10.39271068Z,01JZ17CW18JBK0SW96CVGPG5D0,2025-06-30T20:17:10.39271068Z,01JZ17HNMJKGSE7QCGZDT7R79G,2025-06-30T20:17:10.39271068Z
01JZ17VZJ8HTFQJW942YP3F3M6,01JZ170DPRHYGRH6M74WMGZ8J5,2025-06-30T20:18:46.472451184Z,01JZ170DSR5F2SARFX61BD5BFD,2025-06-30T20:18:46.472451184Z,01JZ17D6932YKNNSWD1JMYAKKF,2025-06-30T20:18:46.472451184Z,01JZ17M8TM93SNDEV4TKQ8G5N0,2025-06-30T20:18:46.472451184Z
01JZ17W56ANJ23WS25XP7Z67ZQ,01JZ170DPRHYGRH6M74WMGZ8J5,2025-06-30T20:18:52.234462625Z,01JZ170DS434CCJM920K0JDY80,2025-06-30T20:18:52.234462625Z,01JZ17ED81WEQ81KNKMV8HM1Z1,2025-06-30T20:18:52.234462625Z,01JZ17MESMPWPZJ1XK6T8SDFSR,2025-06-30T20:18:52.234462625Z
01JZ1AJZ7PA6R4TJT8PBZ6QB37,01JZ19VEXCKVX740B60X4W6PQN,2025-06-30T21:06:16.950421309Z,01JZ19VF5YA4VZJRJDVJVY1XBY,2025-06-30T21:06:16.950421309Z,01JZ19XHW6DGGPDJ4763JBPGZ5,2025-06-30T21:06:16.950421309Z,01JZ1AAQZXK1M56S8S8ENY419V,2025-06-30T21:06:16.950421309Z
01JZ17SY0VHFYRBMBV9A261BBV,01JZ170DPRHYGRH6M74WMGZ8J5,2025-06-30T20:17:39.355713949Z,01JZ170DSTXK5Z1DV671606E6A,2025-06-30T20:17:39.355713949Z,01JZ17995N07DABBEZWSHQJ20N,2025-06-30T20:17:39.355713949Z,01JZ17J85RY443EPKC8WCTQNMR,2025-06-30T20:17:39.355713949Z
01JZ18ZDBKY5YBFNHST22QY1DH,01JZ18G4TN4FH7205KTQTFE7PM,2025-06-30T20:38:07.475644902Z,01JZ18G4YK3PSP6R2PNWBA4P8S,2025-06-30T20:38:07.475644902Z,01JZ18K6XVG6N44078RFW6M633,2025-06-30T20:38:07.475644902Z,01JZ18QWAXDS741W4C9GD54TCD,2025-06-30T20:38:07.475644902Z
01JZ1F4SJNAFVP8QRA8MZ7BVTR,01JZ1E916HBESJXS5SJ82BFZ21,2025-06-30T22:25:55.285386424Z,01JZ1E91MDHZVF6NVBEDDVGZWT,2025-06-30T22:25:55.285386424Z,01JZ1EV2QBA0A51FSNHWZDJC5Q,2025-06-30T22:25:55.285386424Z,01JZ1EWVMZXSDYKNCVCZNFHQ7S,2025-06-30T22:25:55.285386424Z
01JZ17G5GV7WZ186RJ441QGNHW,01JZ170DPRHYGRH6M74WMGZ8J5,2025-06-30T20:12:19.355947466Z,01JZ170DRRRWN613C5WJQ8B5Q6,2025-06-30T20:12:19.355947466Z,01JZ176AGFMX3JE5XFYY83S9AY,2025-06-30T20:12:19.355947466Z,01JZ17G526V3QE34K6X6V2S8DM,2025-06-30T20:12:19.355947466Z
01JZ1BF2MMPT945YYW4R0P4JM7,01JZ1B1VZ9TM9N3252XVVAH9DZ,2025-06-30T21:21:37.940788552Z,01JZ1B1W2WT8MR9NJ7RDDSFH2M,2025-06-30T21:21:37.940788552Z,01JZ1B40FQ24C0Z8EC9VKSS7KY,2025-06-30T21:21:37.940788552Z,01JZ1BD3Y8NHHCFXCV7WB08PE6,2025-06-30T21:21:37.940788552Z
01JZ17SK4CQE1PAND706H787ZE,01JZ170DPRHYGRH6M74WMGZ8J5,2025-06-30T20:17:28.204878344Z,01JZ170DS32PJY8CQRMADJXFRG,2025-06-30T20:17:28.204878344Z,01JZ17A84G8QVPB3RW2KXSNH3H,2025-06-30T20:17:28.204878344Z,01JZ17HJY5Q3PQ3SGQ81QN303W,2025-06-30T20:17:28.204878344Z
01JZ18RY7ARK0DVY42Q19KQAP3,01JZ18G4TN4FH7205KTQTFE7PM,2025-06-30T20:34:35.370635902Z,01JZ18G4YA2XRQ9RK4RH5WQB1P,2025-06-30T20:34:35.370635902Z,01JZ18M0E7QK051FXC32B03XG8,2025-06-30T20:34:35.370635902Z,01JZ18Q1RFWF1SPY79863HPKYC,2025-06-30T20:34:35.370635902Z
01JZ18ZPDH2HTANHHSVREP7FQB,01JZ18G4TN4FH7205KTQTFE7PM,2025-06-30T20:38:16.753769744Z,01JZ18G512YK4K14AJW1A4KQT5,2025-06-30T20:38:16.753769744Z,01JZ18HJZ7HRTKHV6ZZJ67914M,2025-06-30T20:38:16.753769744Z,01JZ18R8CKMG9A39402BQ4NWM2,2025-06-30T20:38:16.753769744Z
01JZ1BXHCPR3B7FM8V2BTHMW8G,01JZ1B1VZ9TM9N3252XVVAH9DZ,2025-06-30T21:29:31.798503828Z,01JZ1B1W5TAZ0C76DBH0ZAEY5X,2025-06-30T21:29:31.798503828Z,01JZ1B4W32576VKF9GY80WC648,2025-06-30T21:29:31.798503828Z,01JZ1BNNPVHRHE8S109SGCSVME,2025-06-30T21:29:31.798503828Z
01JZ1FFJFPJ7A4J0BP7V3YPGWM,01JZ1E916HBESJXS5SJ82BFZ21,2025-06-30T22:31:48.470668069Z,01JZ1E91ENR7DC2PFTK7ZY5PTJ,2025-06-30T22:31:48.470668069Z,01JZ1EH0Y7EBSVGC3G89BQ213G,2025-06-30T22:31:48.470668069Z,01JZ1F70MP8EMZE5ECG6QP8N7N,2025-06-30T22:31:48.470668069Z
01JZ17KECQ09XKA6FQHSM760YN,01JZ170DPRHYGRH6M74WMGZ8J5,2025-06-30T20:14:06.743557567Z,01JZ170DS32PJY8CQRMADJXFRG,2025-06-30T20:14:06.743557567Z,01JZ175Y8VG4DR6PWWKYJ4RHG5,2025-06-30T20:14:06.743557567Z,01JZ17HJXZJXBNGG98GAB8QMCF,2025-06-30T20:14:06.743557567Z
01JZ18TEQ0EASTVGYMTPBS48HM,01JZ18G4TN4FH7205KTQTFE7PM,2025-06-30T20:35:25.02492378Z,01JZ18G50G0GKPPCFSW2N0ZNW1,2025-06-30T20:35:25.02492378Z,01JZ18HKRFWCKWBRRSM9AC3SW4,2025-06-30T20:35:25.02492378Z,01JZ18RHFZ729S1GE13DM98H8Z,2025-06-30T20:35:25.02492378Z
01JZ1D9ABRDP1MBMZ2MFEGH5R5,01JZ1D0RX94M7HHBAJDNGV8QRS,2025-06-30T21:53:26.392345094Z,01JZ1D0S58CJJ0G6BA8AW8ZVCS,2025-06-30T21:53:26.392345094Z,01JZ1D4DS7AYHA2YKV7CP2TXFR,2025-06-30T21:53:26.392345094Z,01JZ1D970J7VS4DE30PQJCG6XG,2025-06-30T21:53:26.392345094Z
01JZ1DSYMRPEJZCC6AVCHN4EV5,01JZ1D0RX94M7HHBAJDNGV8QRS,2025-06-30T22:02:31.448578843Z,01JZ1D0S61XK8FZCNQBM2ZAEE6,2025-06-30T22:02:31.448578843Z,01JZ1D497J6YYY65Y2Z1DW88ZY,2025-06-30T22:02:31.448578843Z,01JZ1DHGBSZZHKEP5QJKJSKXHE,2025-06-30T22:02:31.448578843Z
01JZ1EY4RSSFM60WP1GDMZ8QA1,01JZ1E916HBESJXS5SJ82BFZ21,2025-06-30T22:22:17.369148641Z,01JZ1E91WFH0SPDF0PZ6G1349X,2025-06-30T22:22:17.369148641Z,01JZ1ENXKQ8QM070MZA5HYVVNG,2025-06-30T22:22:17.369148641Z,01JZ1EY0NZMS86PHXH9J9EA1SV,2025-06-30T22:22:17.369148641Z
01JZ17TCH9B9KRFT9ZFZEARCPN,01JZ170DPRHYGRH6M74WMGZ8J5,2025-06-30T20:17:54.217585003Z,01JZ170DSBT7R80F1BC6BFNZAP,2025-06-30T20:17:54.217585003Z,01JZ17E2HGHQEBNZ4BGFQ4PF6N,2025-06-30T20:17:54.217585003Z,01JZ17JC2ZXBJJNHC0TSAETRRS,2025-06-30T20:17:54.217585003Z
01JZ17VZJPVC660BHM36Q4MKEW,01JZ170DPRHYGRH6M74WMGZ8J5,2025-06-30T20:18:46.486967642Z,01JZ170DSR5F2SARFX61BD5BFD,2025-06-30T20:18:46.486967642Z,01JZ17ADWXQ9CX9S0BD7VM2S2J,2025-06-30T20:18:46.486967642Z,01JZ17M8TM93SNDEV4TKQ8G5N0,2025-06-30T20:18:46.486967642Z
01JZ1BK45YGWA3F5VQFBJDKDMK,01JZ1B1VZ9TM9N3252XVVAH9DZ,2025-06-30T21:23:50.590438929Z,01JZ1B1W68Y1JCNSRHTZJR0WTB,2025-06-30T21:23:50.590438929Z,01JZ1B7EJ94Z1F34T98KN1PN13,2025-06-30T21:23:50.590438929Z,01JZ1BH44X88X65JM8T5DXFWMN,2025-06-30T21:23:50.590438929Z
01JZ17M7CK3HSDS48WA631WAW9,01JZ170DPRHYGRH6M74WMGZ8J5,2025-06-30T20:14:32.339945656Z,01JZ170DRWH3Q5VEKFYTCWXCB9,2025-06-30T20:14:32.339945656Z,01JZ17E300K9YQ0KK94FSGZ5RV,2025-06-30T20:14:32.339945656Z,01JZ17M636G6YCD0BAJGQEKJNP,2025-06-30T20:14:32.339945656Z
01JZ17Z166A44J2MZ28V2RS6AQ,01JZ170DPRHYGRH6M74WMGZ8J5,2025-06-30T20:20:26.438179452Z,01JZ170DS5DJKXJ3Z7YVJKJJXK,2025-06-30T20:20:26.438179452Z,01JZ17FZXSD3JPY8Z3YRMZJDDV,2025-06-30T20:20:26.438179452Z,01JZ17QA4RZBJN8FPG3Q7FD7PZ,2025-06-30T20:20:26.438179452Z
01JZ18ZXCM5ZTFP31DF6Y4MTF2,01JZ18G4TN4FH7205KTQTFE7PM,2025-06-30T20:38:23.892575096Z,01JZ18G4XDWA3A08Y0HZ5HSAAF,2025-06-30T20:38:23.892575096Z,01JZ18K1FP19HQQGWY5MDNJT99,2025-06-30T20:38:23.892575096Z,01JZ18R10H32Q9CQ9VTYQTZJBZ,2025-06-30T20:38:23.892575096Z
01JZ1CVWC1538WG1D1CSSYXTVC,01JZ1C4XJFQQ45ZHGATAXVBX0J,2025-06-30T21:46:06.081364149Z,01JZ1C4XNE4VHGMR9JDZS6Y7F9,2025-06-30T21:46:06.081364149Z,01JZ1CB9F4KXDQP2PHJCZHP1QC,2025-06-30T21:46:06.081364149Z,01JZ1CM9NHAQYVB9EBB2FPWPMG,2025-06-30T21:46:06.081364149Z
01JZ1DS88RG5NABJJJDKW6GT9H,01JZ1D0RX94M7HHBAJDNGV8QRS,2025-06-30T22:02:08.536266478Z,01JZ1D0S61XK8FZCNQBM2ZAEE6,2025-06-30T22:02:08.536266478Z,01JZ1DEPX3PNQ2MN8YPK5QHYXE,2025-06-30T22:02:08.536266478Z,01JZ1DHG6929VPMW3RA3G6E916,2025-06-30T22:02:08.536266478Z
01JZ17KEDXZWWBC2HAH0J9YSM0,01JZ170DPRHYGRH6M74WMGZ8J5,2025-06-30T20:14:06.781346972Z,01JZ170DS32PJY8CQRMADJXFRG,2025-06-30T20:14:06.781346972Z,01JZ17E843W70EAJQAQ7A43HFS,2025-06-30T20:14:06.781346972Z,01JZ17HJXZJXBNGG98GAB8QMCF,2025-06-30T20:14:06.781346972Z
01JZ17M7CR35FVKTBSQ6GY4T1J,01JZ170DPRHYGRH6M74WMGZ8J5,2025-06-30T20:14:32.344875129Z,01JZ170DRWH3Q5VEKFYTCWXCB9,2025-06-30T20:14:32.344875129Z,01JZ17C9CHCZD4MC1P47MP5FMT,2025-06-30T20:14:32.344875129Z,01JZ17M636G6YCD0BAJGQEKJNP,2025-06-30T20:14:32.344875129Z
01JZ17P2AZTCDAZERS46ABNC3F,01JZ170DPRHYGRH6M74WMGZ8J5,2025-06-30T20:15:32.703072136Z,01JZ170DRWH3Q5VEKFYTCWXCB9,2025-06-30T20:15:32.703072136Z,01JZ17HZPCKK6WHFW0W029CFVG,2025-06-30T20:15:32.703072136Z,01JZ17M6426GB2CWYTAT7MS6CN,2025-06-30T20:15:32.703072136Z
01JZ17PAA65Y9Z3PTWQ1BVRRTP,01JZ170DPRHYGRH6M74WMGZ8J5,2025-06-30T20:15:40.870296698Z,01JZ170DS434CCJM920K0JDY80,2025-06-30T20:15:40.870296698Z,01JZ17AA6B6W27BR52VPQ8MSYM,2025-06-30T20:15:40.870296698Z,01JZ17MESGQH4PGAZ2NQBVJJAG,2025-06-30T20:15:40.870296698Z
01JZ17SBW1ST7ZE62T6NQBT407,01JZ170DPRHYGRH6M74WMGZ8J5,2025-06-30T20:17:20.769284285Z,01JZ170DS8YWG03GZVY59N3JD0,2025-06-30T20:17:20.769284285Z,01JZ17CW18JBK0SW96CVGPG5D0,2025-06-30T20:17:20.769284285Z,01JZ17HNMFBJ73AV6PBJ6E0ZQ5,2025-06-30T20:17:20.769284285Z
01JZ17WZS7JVC5HHD5R6WDB0JA,01JZ170DPRHYGRH6M74WMGZ8J5,2025-06-30T20:19:19.463385911Z,01JZ170DSMJZPS89ZBMFZ7ATK7,2025-06-30T20:19:19.463385911Z,01JZ17DJ18S9CGE8H6D4S1K333,2025-06-30T20:19:19.463385911Z,01JZ17MYEHBQM2VDSAQZ2CF179,2025-06-30T20:19:19.463385911Z
01JZ17XS4VB5009KZ8QNF77QEB,01JZ170DPRHYGRH6M74WMGZ8J5,2025-06-30T20:19:45.435168384Z,01JZ170DSXXMDA003X79NFA4N0,2025-06-30T20:19:45.435168384Z,01JZ17A9YQ3219RYQEV7GA1K4B,2025-06-30T20:19:45.435168384Z,01JZ17NRS66B2XN3XYTK9HZXA6,2025-06-30T20:19:45.435168384Z
01JZ17QTYN2Y7GYQPMT09D0WDS,01JZ170DPRHYGRH6M74WMGZ8J5,2025-06-30T20:16:30.677365674Z,01JZ170DRRRWN613C5WJQ8B5Q6,2025-06-30T20:16:30.677365674Z,01JZ179PSK7PR9GXW3K753Z7EA,2025-06-30T20:16:30.677365674Z,01JZ17G52FMVNG3XMRM1S9BWKE,2025-06-30T20:16:30.677365674Z
01JZ17RZ0SBP5RF6PXJ9EMNE3A,01JZ170DPRHYGRH6M74WMGZ8J5,2025-06-30T20:17:07.610541198Z,01JZ170DS32PJY8CQRMADJXFRG,2025-06-30T20:17:07.610541198Z,01JZ17E843W70EAJQAQ7A43HFS,2025-06-30T20:17:07.610541198Z,01JZ17HJY1YPM205KVGKCXFQS3,2025-06-30T20:17:07.610541198Z
01JZ17X68WCZGF8VTC3S1ADHYD,01JZ170DPRHYGRH6M74WMGZ8J5,2025-06-30T20:19:26.108041589Z,01JZ170DS0283SZNEN95XAWWS4,2025-06-30T20:19:26.108041589Z,01JZ17G9ZFDP0QC4ASAB62EXYP,2025-06-30T20:19:26.108041589Z,01JZ17NT7EMFQXG1J8BV4ZA47S,2025-06-30T20:19:26.108041589Z
01JZ1AGNXMPFYP1PVV5R61PS0F,01JZ19VEXCKVX740B60X4W6PQN,2025-06-30T21:05:01.876116271Z,01JZ19VF9WCS5BMDRCPXZK6ZBF,2025-06-30T21:05:01.876116271Z,01JZ1A5BC93T1VSNTPVNANBKKY,2025-06-30T21:05:01.876116271Z,01JZ1A8RS6D439ZX1WYM84CQP1,2025-06-30T21:05:01.876116271Z
01JZ1DSYT4D3G6C22EEHB7G5ZR,01JZ1D0RX94M7HHBAJDNGV8QRS,2025-06-30T22:02:31.620189509Z,01JZ1D0S61XK8FZCNQBM2ZAEE6,2025-06-30T22:02:31.620189509Z,01JZ1DEPX3PNQ2MN8YPK5QHYXE,2025-06-30T22:02:31.620189509Z,01JZ1DHGBSZZHKEP5QJKJSKXHE,2025-06-30T22:02:31.620189509Z
01JZ1GNBCZ8VTYEBG0BNWGRJNW,01JZ1G29Q82GQAKEXSK2E7NK3R,2025-06-30T22:52:26.399541707Z,01JZ1G2A6YM039KVE3FBKDN5TM,2025-06-30T22:52:26.399541707Z,01JZ1G4ZKPR33SMREF8RYR14CE,2025-06-30T22:52:26.399541707Z,01JZ1GDRXST33ZMHTRENHC2BZ7,2025-06-30T22:52:26.399541707Z
01JZ1AJJPXF7JGJB77TJ2QN3MS,01JZ19VEXCKVX740B60X4W6PQN,2025-06-30T21:06:04.125700513Z,01JZ19VF81DTYMGWYB0TAJKDWY,2025-06-30T21:06:04.125700513Z,01JZ1A1K79TTT3Z2JTQ13NPY5P,2025-06-30T21:06:04.125700513Z,01JZ1AABP7JRKCT0WVXFR6GX4V,2025-06-30T21:06:04.125700513Z
01JZ1BKG35WP5GRETJ64CD3KEJ,01JZ1B1VZ9TM9N3252XVVAH9DZ,2025-06-30T21:24:02.789173653Z,01JZ1B1W5AJ9N87HJBZ99HRQPJ,2025-06-30T21:24:02.789173653Z,01JZ1B4M3WKZR9J1GGJ7PR0S32,2025-06-30T21:24:02.789173653Z,01JZ1BB7GR2K5BKJQ5STFB90RK,2025-06-30T21:24:02.789173653Z
01JZ1C81EYA41JVCMYFJXGN1PP,01JZ1BX7WQMA45G0E33EEHJ3V9,2025-06-30T21:35:15.934536585Z,01JZ1BX81RJBYPGNM468STZ9YH,2025-06-30T21:35:15.934536585Z,01JZ1C7E8DJFPWRMGRQW39DWYT,2025-06-30T21:35:15.934536585Z,01JZ1C7YGHR2442RHDR5SXSPGQ,2025-06-30T21:35:15.934536585Z
01JZ17MZQKNV70PJQDS0N15YTN,01JZ170DPRHYGRH6M74WMGZ8J5,2025-06-30T20:14:57.26788953Z,01JZ170DSMJZPS89ZBMFZ7ATK7,2025-06-30T20:14:57.26788953Z,01JZ17K3Y03J2B5JTWV2Q8DEEQ,2025-06-30T20:14:57.26788953Z,01JZ17MYD7WSKX1DNA84EQZJF1,2025-06-30T20:14:57.26788953Z
01JZ17R6V39TND5HH42RKTGYEJ,01JZ170DPRHYGRH6M74WMGZ8J5,2025-06-30T20:16:42.851969923Z,01JZ170DRSFZ9Y16965WN1Z2F9,2025-06-30T20:16:42.851969923Z,01JZ17C681KCXJ6DBBJAQ640Z7,2025-06-30T20:16:42.851969923Z,01JZ17G70SJ14STM6REY4G3XP7,2025-06-30T20:16:42.851969923Z
01JZ17S930AVQB2WNVPX2FJMVF,01JZ170DPRHYGRH6M74WMGZ8J5,2025-06-30T20:17:17.921023734Z,01JZ170DS32PJY8CQRMADJXFRG,2025-06-30T20:17:17.921023734Z,01JZ17A8QJRMY4CTZ0TGBPTVC4,2025-06-30T20:17:17.921023734Z,01JZ17HJY4CGFR7PYHRBPAT4T8,2025-06-30T20:17:17.921023734Z
01JZ1806G40WMS23W763DCHYGJ,01JZ170DPRHYGRH6M74WMGZ8J5,2025-06-30T20:21:04.644304821Z,01JZ170DSP5HFMBRZWFQV8RFVC,2025-06-30T20:21:04.644304821Z,01JZ178B4PCAFGN9QS0GJ0TQ84,2025-06-30T20:21:04.644304821Z,01JZ17RSKEA3VSTDSCVCP8YEVJ,2025-06-30T20:21:04.644304821Z
01JZ192F7JJ92Q5M98FJGHD05G,01JZ18R9CHSHJ2BAJZ4M4PAW2X,2025-06-30T20:39:47.698249198Z,01JZ18RA48YSHMY5EWBJ9E61V2,2025-06-30T20:39:47.698249198Z,01JZ18ZEQE5SB9NASAZX93YXN4,2025-06-30T20:39:47.698249198Z,01JZ192CM1S0TWD820FVH6YX9C,2025-06-30T20:39:47.698249198Z
01JZ198608ZJFV54Z9RR819TGS,01JZ18QHX9XGN83K6T42FK97D5,2025-06-30T20:42:54.856194169Z,01JZ18QHZ9KPT0XZ66BZ9ZB89K,2025-06-30T20:42:54.856194169Z,01JZ18VHSP5WBV88CARNF83RF7,2025-06-30T20:42:54.856194169Z,01JZ190NKBHYNACREFJP8CVVGM,2025-06-30T20:42:54.856194169Z
01JZ1BX6TA1VH888YYQQ9QAJ0R,01JZ1B1VZ9TM9N3252XVVAH9DZ,2025-06-30T21:29:20.970352077Z,01JZ1B1W5TAZ0C76DBH0ZAEY5X,2025-06-30T21:29:20.970352077Z,01JZ1BNKT1EA6BGVVN8436Q4BP,2025-06-30T21:29:20.970352077Z,01JZ1BNNH562Q854YV4P9FQ9JA,2025-06-30T21:29:20.970352077Z
01JZ1DS84KE6K0BQY38AYC33DA,01JZ1D0RX94M7HHBAJDNGV8QRS,2025-06-30T22:02:08.403747056Z,01JZ1D0S61XK8FZCNQBM2ZAEE6,2025-06-30T22:02:08.403747056Z,01JZ1D4E6V1F7QYCN1KQC77HPV,2025-06-30T22:02:08.403747056Z,01JZ1DHG6929VPMW3RA3G6E916,2025-06-30T22:02:08.403747056Z
01JZ1GPB1S40C7RE840GWFDANZ,01JZ1G29Q82GQAKEXSK2E7NK3R,2025-06-30T22:52:58.810011758Z,01JZ1G2A3Q53QEYHDQX68WVVKH,2025-06-30T22:52:58.810011758Z,01JZ1G3T5HF7S211AZP2YJBSVP,2025-06-30T22:52:58.810011758Z,01JZ1GE1GBK17T8759BQQREJNN,2025-06-30T22:52:58.810011758Z
01JZ190ZETY0QN870AM1V02YGP,01JZ18G4TN4FH7205KTQTFE7PM,2025-06-30T20:38:58.778796091Z,01JZ18G50G0GKPPCFSW2N0ZNW1,2025-06-30T20:38:58.778796091Z,01JZ18HJ023RXZWDMJ23K3G02T,2025-06-30T20:38:58.778796091Z,01JZ18RHFDZ694HBYDHJEKWZ3S,2025-06-30T20:38:58.778796091Z
01JZ17Y2VYZDVYRXGWH3ME31XT,01JZ170DPRHYGRH6M74WMGZ8J5,2025-06-30T20:19:55.39084487Z,01JZ170DRV33K8D9D9ZMQKAW2D,2025-06-30T20:19:55.39084487Z,01JZ17A4X6KDHXD87KVKY87426,2025-06-30T20:19:55.39084487Z,01JZ17PPJ2YWZWK15QBYRMGXYC,2025-06-30T20:19:55.39084487Z
01JZ18025T2NFAE42QN8D5E5F7,01JZ170DPRHYGRH6M74WMGZ8J5,2025-06-30T20:21:00.218217007Z,01JZ170DRQN15452AYS561M232,2025-06-30T20:21:00.218217007Z,01JZ1772PK70ARCRD25BW9JS91,2025-06-30T20:21:00.218217007Z,01JZ17RBDPNRWH0MV3S1S7KRVT,2025-06-30T20:21:00.218217007Z
01JZ17S92EHKV1AQD5QSD1FCGH,01JZ170DPRHYGRH6M74WMGZ8J5,2025-06-30T20:17:17.902778593Z,01JZ170DS32PJY8CQRMADJXFRG,2025-06-30T20:17:17.902778593Z,01JZ176XCKRH7MED6P6JRG4D22,2025-06-30T20:17:17.902778593Z,01JZ17HJY4CGFR7PYHRBPAT4T8,2025-06-30T20:17:17.902778593Z
01JZ1AEFBQ1HRS4CDFJGHETC32,01JZ19VEXCKVX740B60X4W6PQN,2025-06-30T21:03:49.623202022Z,01JZ19VF6XEW5FG377QGXCTRD1,2025-06-30T21:03:49.623202022Z,01JZ1A81RPET9TAZBW4YBB121E,2025-06-30T21:03:49.623202022Z,01JZ1ACG5AA6PRZ7WAEJWMNX2A,2025-06-30T21:03:49.623202022Z
01JZ1BMZ09H84PTTK5HPQ6A3PX,01JZ1B1VZ9TM9N3252XVVAH9DZ,2025-06-30T21:24:50.825314172Z,01JZ1B1W2WT8MR9NJ7RDDSFH2M,2025-06-30T21:24:50.825314172Z,01JZ1B40FQ24C0Z8EC9VKSS7KY,2025-06-30T21:24:50.825314172Z,01JZ1BD437FH3N90SJNPN2P8KN,2025-06-30T21:24:50.825314172Z
01JZ1DGR8NRYC0RYWTS4V4XSXY,01JZ1D0RX94M7HHBAJDNGV8QRS,2025-06-30T21:57:30.00515503Z,01JZ1D0S58CJJ0G6BA8AW8ZVCS,2025-06-30T21:57:30.00515503Z,01JZ1D4DS7AYHA2YKV7CP2TXFR,2025-06-30T21:57:30.00515503Z,01JZ1D971RNG9X4SW8NSVY9CFR,2025-06-30T21:57:30.00515503Z
01JZ18TMXPF4YWB3RZ91P7XBB5,01JZ18G4TN4FH7205KTQTFE7PM,2025-06-30T20:35:31.382167725Z,01JZ18G4WPK6V9JKZAVKNYS3NB,2025-06-30T20:35:31.382167725Z,01JZ18HQA6W5BPMK1V3RE89H1N,2025-06-30T20:35:31.382167725Z,01JZ18RRB5PTFQB2DKPHTKH4V3,2025-06-30T20:35:31.382167725Z
01JZ1AAF3B6P3SEBV718TAVPTC,01JZ19VEXCKVX740B60X4W6PQN,2025-06-30T21:01:38.283439226Z,01JZ19VF81DTYMGWYB0TAJKDWY,2025-06-30T21:01:38.283439226Z,01JZ19XTEVTQG67NAP9C737569,2025-06-30T21:01:38.283439226Z,01JZ1AABJ0BY70FX8865HSNR55,2025-06-30T21:01:38.283439226Z
01JZ1DT7DB2JQCKFVEJDYDWWYH,01JZ1D0RX94M7HHBAJDNGV8QRS,2025-06-30T22:02:40.427711445Z,01JZ1D0S4EMT97ECKQ06X1ZWAX,2025-06-30T22:02:40.427711445Z,01JZ1DEBFXXB5H1WJY1A2P9E20,2025-06-30T22:02:40.427711445Z,01JZ1DHWEXPB13DZQKK7395V00,2025-06-30T22:02:40.427711445Z
01JZ18Y5RB3EJ7AK7PX29KCKJ1,01JZ18G4TN4FH7205KTQTFE7PM,2025-06-30T20:37:26.923715331Z,01JZ18G4Y1ABZPJ815NAWEN19T,2025-06-30T20:37:26.923715331Z,01JZ18JTT4THQJ9FYDDES7JX1C,2025-06-30T20:37:26.923715331Z,01JZ18PMFB1RM4KC0PGZ592WHC,2025-06-30T20:37:26.923715331Z
01JZ1AK3B8YYB4D2QR4ABEYT59,01JZ19VEXCKVX740B60X4W6PQN,2025-06-30T21:06:21.161003675Z,01JZ19VF3FCDRKA7RA8CE3SQDH,2025-06-30T21:06:21.161003675Z,01JZ19X25DC6PHAYZ41F2N9R8N,2025-06-30T21:06:21.161003675Z,01JZ1AK0DBQXGCYJCG3YA80XRE,2025-06-30T21:06:21.161003675Z
01JZ1BQX9Q952HF39739RFCK9V,01JZ1B1VZ9TM9N3252XVVAH9DZ,2025-06-30T21:26:27.383243774Z,01JZ1B1W4RP0VXDDKCJTNKM3AX,2025-06-30T21:26:27.383243774Z,01JZ1B4QMHRDEJR6YWEDX6CP6V,2025-06-30T21:26:27.383243774Z,01JZ1BNY8P6J7MV2A9X36WMPD0,2025-06-30T21:26:27.383243774Z
01JZ1F68X8F4N797Y2MXT4QA7M,01JZ1E916HBESJXS5SJ82BFZ21,2025-06-30T22:26:43.752344449Z,01JZ1E91SWVSXS6FK33QCMH9SP,2025-06-30T22:26:43.752344449Z,01JZ1EXKHZBZ5ENGWCGS2V70RX,2025-06-30T22:26:43.752344449Z,01JZ1F45E1EEK0EVP02WHSXZM6,2025-06-30T22:26:43.752344449Z
01JZ17G5H0JFRQ7EVEGD05K01Z,01JZ170DPRHYGRH6M74WMGZ8J5,2025-06-30T20:12:19.360733794Z,01JZ170DRRRWN613C5WJQ8B5Q6,2025-06-30T20:12:19.360733794Z,01JZ1783Y320G4QQ1JCVQAE220,2025-06-30T20:12:19.360733794Z,01JZ17G526V3QE34K6X6V2S8DM,2025-06-30T20:12:19.360733794Z
01JZ190SVRC03ZVGP3CDZS86P4,01JZ18G4TN4FH7205KTQTFE7PM,2025-06-30T20:38:53.048803285Z,01JZ18G4Z7SR18DC8PDBR22HS5,2025-06-30T20:38:53.048803285Z,01JZ18JCX14E3JYTT1AT1DNHJS,2025-06-30T20:38:53.048803285Z,01JZ18S8WHVH4M4KJ49MQHRMWQ,2025-06-30T20:38:53.048803285Z
01JZ1BKZWPRGAR8D0JNR693F6V,01JZ1B1VZ9TM9N3252XVVAH9DZ,2025-06-30T21:24:18.966929529Z,01JZ1B1W46BH5YH0XYSE8KJRBK,2025-06-30T21:24:18.966929529Z,01JZ1B9W35DBJAZZ7ZHMPZZDPP,2025-06-30T21:24:18.966929529Z,01JZ1BJ1ABMADNQ2K1TJQ9ED7W,2025-06-30T21:24:18.966929529Z
01JZ17ZBKG8ZP28T58TFFHVGA9,01JZ170DPRHYGRH6M74WMGZ8J5,2025-06-30T20:20:37.104471413Z,01JZ170DS5DJKXJ3Z7YVJKJJXK,2025-06-30T20:20:37.104471413Z,01JZ17FZXSD3JPY8Z3YRMZJDDV,2025-06-30T20:20:37.104471413Z,01JZ17QA5164E7ECZ7F8E2886X,2025-06-30T20:20:37.104471413Z
01JZ1BJTZKZK3DD22YKEVJGWFJ,01JZ1B1VZ9TM9N3252XVVAH9DZ,2025-06-30T21:23:41.171512705Z,01JZ1B1W6S117BH8HCA7NH9R7E,2025-06-30T21:23:41.171512705Z,01JZ1B4JZ145G1JXSZ180MKZQ7,2025-06-30T21:23:41.171512705Z,01JZ1BAHG6QWWGBEPT681DK5Y7,2025-06-30T21:23:41.171512705Z
01JZ1DGRAGXBHMHX9ESD3ZZ8G8,01JZ1D0RX94M7HHBAJDNGV8QRS,2025-06-30T21:57:30.064299059Z,01JZ1D0S58CJJ0G6BA8AW8ZVCS,2025-06-30T21:57:30.064299059Z,01JZ1D6ZQPM67S4BNXG3Y9BBD9,2025-06-30T21:57:30.064299059Z,01JZ1D971RNG9X4SW8NSVY9CFR,2025-06-30T21:57:30.064299059Z
01JZ1DRCWY27VEKSFAMVTYWRYV,01JZ1D0RX94M7HHBAJDNGV8QRS,2025-06-30T22:01:40.510957688Z,01JZ1D0S064NT759Q480WCA8PK,2025-06-30T22:01:40.510957688Z,01JZ1DCDN091GX33H1NPEY9NA8,2025-06-30T22:01:40.510957688Z,01JZ1DFY0TW20TYJC4JJ0ZH1P8,2025-06-30T22:01:40.510957688Z
01JZ1F0T1GF3YQXMAY3BP2SAYZ,01JZ1E916HBESJXS5SJ82BFZ21,2025-06-30T22:23:44.688232866Z,01JZ1E91HHYKGR583PHV4V6JXR,2025-06-30T22:23:44.688232866Z,01JZ1EQAMF1CPBT3C20MBYJDP4,2025-06-30T22:23:44.688232866Z,01JZ1ERVDG8HDQTKMM7P0ZWCMB,2025-06-30T22:23:44.688232866Z
01JZ1GMASSDVVCG6T9BJTSGYNX,01JZ1G29Q82GQAKEXSK2E7NK3R,2025-06-30T22:51:53.017730799Z,01JZ1G29XRNS92G9JYEX4H033M,2025-06-30T22:51:53.017730799Z,01JZ1G630GW64096KNZNG4RDAZ,2025-06-30T22:51:53.017730799Z,01JZ1GM65E8G659ECGG1A0CNNK,2025-06-30T22:51:53.017730799Z
01JZ17H32CGRFT5G8T0H5D7YZX,01JZ170DPRHYGRH6M74WMGZ8J5,2025-06-30T20:12:49.612224209Z,01JZ170DRXVGFVP20P8DK3M491,2025-06-30T20:12:49.612224209Z,01JZ17BF7NX0X3DRNTNKBRP4A9,2025-06-30T20:12:49.612224209Z,01JZ17H2JE238380KER7CXK8AE,2025-06-30T20:12:49.612224209Z
01JZ17SJQ9502H46VQGG2KKVDY,01JZ170DPRHYGRH6M74WMGZ8J5,2025-06-30T20:17:27.785241712Z,01JZ170DS434CCJM920VN081CV,2025-06-30T20:17:27.785241712Z,01JZ17BSJ6X9VEMM4EYWC90B29,2025-06-30T20:17:27.785241712Z,01JZ17HX12C9Q5A1V342FH26JF,2025-06-30T20:17:27.785241712Z
01JZ190BEY8J4FJGNS6MQWDEDM,01JZ18G4TN4FH7205KTQTFE7PM,2025-06-30T20:38:38.30237609Z,01JZ18G4XMK5QHE5YNTR43VZ9V,2025-06-30T20:38:38.30237609Z,01JZ18NBPDW8GJCMK3V0N2AHJY,2025-06-30T20:38:38.30237609Z,01JZ18RP8NH16RGQPN23QF70FD,2025-06-30T20:38:38.30237609Z
01JZ1AMC2072X9F5BTZBARY68S,01JZ19VEXCKVX740B60X4W6PQN,2025-06-30T21:07:02.848056955Z,01JZ19VF6XEW5FG377QGXCTRD1,2025-06-30T21:07:02.848056955Z,01JZ19XENNWSXAPJJVN05DNY45,2025-06-30T21:07:02.848056955Z,01JZ1ACG6Q17P2Z830VCFRQ76D,2025-06-30T21:07:02.848056955Z
01JZ1H44S9KZ4XFE95WE21CWBC,01JZ1G29Q82GQAKEXSK2E7NK3R,2025-06-30T23:00:31.145154077Z,01JZ1G2A58JMFV91VV93EGJJQY,2025-06-30T23:00:31.145154077Z,01JZ1GV1M5Q32ZNQW2E45R5EH9,2025-06-30T23:00:31.145154077Z,01JZ1GW3NQ1ZFH1D7RHAY6HCNS,2025-06-30T23:00:31.145154077Z
01JZ17M3FSE7T64FB3AAY9N91A,01JZ170DPRHYGRH6M74WMGZ8J5,2025-06-30T20:14:28.345673251Z,01JZ170DSTXK5Z1DV671606E6A,2025-06-30T20:14:28.345673251Z,01JZ17BSA5GQ3JXNB68EA97BX0,2025-06-30T20:14:28.345673251Z,01JZ17J85FH6ZCHDJEZZH3F672,2025-06-30T20:14:28.345673251Z
01JZ1AAGJRW5ZVFM838XD1ARSY,01JZ19VEXCKVX740B60X4W6PQN,2025-06-30T21:01:39.800105766Z,01JZ19VF1X4TGM9HTAVFF08YB3,2025-06-30T21:01:39.800105766Z,01JZ19XY7CXDASK651A0S5NR34,2025-06-30T21:01:39.800105766Z,01JZ1A31TDZKWTX3G3H9PC4RBE,2025-06-30T21:01:39.800105766Z
01JZ1AEFD3RDKAM5KXRCN9QN17,01JZ19VEXCKVX740B60X4W6PQN,2025-06-30T21:03:49.667158571Z,01JZ19VF6XEW5FG377QGXCTRD1,2025-06-30T21:03:49.667158571Z,01JZ19XTW2HK24K9S0K07R4X7Y,2025-06-30T21:03:49.667158571Z,01JZ1ACG5AA6PRZ7WAEJWMNX2A,2025-06-30T21:03:49.667158571Z
01JZ1D9A9K4HVMZ8F8N8TCET14,01JZ1D0RX94M7HHBAJDNGV8QRS,2025-06-30T21:53:26.323957345Z,01JZ1D0S58CJJ0G6BA8AW8ZVCS,2025-06-30T21:53:26.323957345Z,01JZ1D7DM0SC7JQGS6JG3ZYPAZ,2025-06-30T21:53:26.323957345Z,01JZ1D970J7VS4DE30PQJCG6XG,2025-06-30T21:53:26.323957345Z
01JZ1FAHSZWFQVHW1FPGEGDKZB,01JZ1E916HBESJXS5SJ82BFZ21,2025-06-30T22:29:03.935489141Z,01JZ1E91Q18GQE49C0XSDVMF75,2025-06-30T22:29:03.935489141Z,01JZ1EEDS4AMSMWB9W2CPSXDHE,2025-06-30T22:29:03.935489141Z,01JZ1F2JDENWFSVMZMF7HPM6S0,2025-06-30T22:29:03.935489141Z
01JZ17JXTA1Q48YVCXRGXHQRNZ,01JZ170DPRHYGRH6M74WMGZ8J5,2025-06-30T20:13:49.770775678Z,01JZ170DRXVGFVP20P8DK3M491,2025-06-30T20:13:49.770775678Z,01JZ17CDTWA5ZJVFXRJRWPP8YB,2025-06-30T20:13:49.770775678Z,01JZ17H2JKQXYPBGV7RRHN6ECY,2025-06-30T20:13:49.770775678Z
01JZ18RY6A9Y6VM2RSTYNG9J6C,01JZ18G4TN4FH7205KTQTFE7PM,2025-06-30T20:34:35.338492864Z,01JZ18G4YA2XRQ9RK4RH5WQB1P,2025-06-30T20:34:35.338492864Z,01JZ18NCTENJS4RVDRQ8JG1EGE,2025-06-30T20:34:35.338492864Z,01JZ18Q1RFWF1SPY79863HPKYC,2025-06-30T20:34:35.338492864Z
01JZ18YG5B7KEA7E26GP7SBWXR,01JZ18G4TN4FH7205KTQTFE7PM,2025-06-30T20:37:37.579801617Z,01JZ18G4Y1ABZPJ815NAWEN19T,2025-06-30T20:37:37.579801617Z,01JZ18JGZBSWHAA8MGTKR735JR,2025-06-30T20:37:37.579801617Z,01JZ18PMFKK6H14YD886P3HZXA,2025-06-30T20:37:37.579801617Z
01JZ19004DW2B63SHM8YZ9G1GY,01JZ18G4TN4FH7205KTQTFE7PM,2025-06-30T20:38:26.701209707Z,01JZ18G50G0GKPPCFSW2N0ZNW1,2025-06-30T20:38:26.701209707Z,01JZ18N84ND15PG04895JYQ6RT,2025-06-30T20:38:26.701209707Z,01JZ18RHGXJHBRSARA96JJK9J9,2025-06-30T20:38:26.701209707Z
01JZ194AFVAPBCT1151X0MJXDW,01JZ18R9CHSHJ2BAJZ4M4PAW2X,2025-06-30T20:40:48.380006533Z,01JZ18RA48YSHMY5EWBJ9E61V2,2025-06-30T20:40:48.380006533Z,01JZ18XZQ962C1YBGG8JES411T,2025-06-30T20:40:48.380006533Z,01JZ192CMQ10Q5BYZGXB0BD1QB,2025-06-30T20:40:48.380006533Z
01JZ1AEFCFNB7JEZSXCQ6VYR3C,01JZ19VEXCKVX740B60X4W6PQN,2025-06-30T21:03:49.64740531Z,01JZ19VF6XEW5FG377QGXCTRD1,2025-06-30T21:03:49.64740531Z,01JZ1A8X5PJAXZBFXHM3C9X96V,2025-06-30T21:03:49.64740531Z,01JZ1ACG5AA6PRZ7WAEJWMNX2A,2025-06-30T21:03:49.64740531Z
01JZ1GWX3BGZ37EJGJQNKAZNZQ,01JZ1G29Q82GQAKEXSK2E7NK3R,2025-06-30T22:56:33.899449568Z,01JZ1G29XRNS92G9JYEX4H033M,2025-06-30T22:56:33.899449568Z,01JZ1GGT9KDQPYVBYTSYY1MHFW,2025-06-30T22:56:33.899449568Z,01JZ1GM6FVX8G2G466W7T4K4VT,2025-06-30T22:56:33.899449568Z
01JZ1BCG6KH8AZ5YR6S2AR24BH,01JZ1B1VZ9TM9N3252XVVAH9DZ,2025-06-30T21:20:13.523089014Z,01JZ1B1W6S117BH8HCA7NH9R7E,2025-06-30T21:20:13.523089014Z,01JZ1B4JZ145G1JXSZ180MKZQ7,2025-06-30T21:20:13.523089014Z,01JZ1BAHCPD0S01DARX26K93JP,2025-06-30T21:20:13.523089014Z
01JZ1GJ3XW7FTPA53MVYRVH4Q6,01JZ1G29Q82GQAKEXSK2E7NK3R,2025-06-30T22:50:40.444683184Z,01JZ1G2A24PAZYJHH2EQFGJG7N,2025-06-30T22:50:40.444683184Z,01JZ1GC4MM47P5V75X6NCDXBTN,2025-06-30T22:50:40.444683184Z,01JZ1GG43VKPZ1V5ZJWSGJMS64,2025-06-30T22:50:40.444683184Z
01JZ17T8F5BH04YKQDDDTDKTWG,01JZ170DPRHYGRH6M74WMGZ8J5,2025-06-30T20:17:50.053657563Z,01JZ170DSTXK5Z1DV671606E6A,2025-06-30T20:17:50.053657563Z,01JZ179522187EFD1N9MCMN3YS,2025-06-30T20:17:50.053657563Z,01JZ17J85SANMZWN2QB7PBGCW6,2025-06-30T20:17:50.053657563Z
01JZ18TCT6B6C0KJAJEQNK11VQ,01JZ18G4TN4FH7205KTQTFE7PM,2025-06-30T20:35:23.078664538Z,01JZ18G4ZZG5A688HVVJGKBFVW,2025-06-30T20:35:23.078664538Z,01JZ18N06YG4ZMSQQQ92S1PQNP,2025-06-30T20:35:23.078664538Z,01JZ18RFQ4W09NKQ14XZ3KQN1E,2025-06-30T20:35:23.078664538Z
01JZ18Y5RX6QBXA9N2Z1CXYYJ9,01JZ18G4TN4FH7205KTQTFE7PM,2025-06-30T20:37:26.941460974Z,01JZ18G4Y1ABZPJ815NAWEN19T,2025-06-30T20:37:26.941460974Z,01JZ18JGZBSWHAA8MGTKR735JR,2025-06-30T20:37:26.941460974Z,01JZ18PMFB1RM4KC0PGZ592WHC,2025-06-30T20:37:26.941460974Z
01JZ18YDQSG5FR6FQEKC7TXNQQ,01JZ18G4TN4FH7205KTQTFE7PM,2025-06-30T20:37:35.097470305Z,01JZ18G4X5EPR69QT64DVYQXFJ,2025-06-30T20:37:35.097470305Z,01JZ18JKCGQP2NA6VYXSDM89NW,2025-06-30T20:37:35.097470305Z,01JZ18PAQPXAB9KP38CAA042W4,2025-06-30T20:37:35.097470305Z
01JZ18ZFZCBME6PCQBM6QDZV30,01JZ18G4TN4FH7205KTQTFE7PM,2025-06-30T20:38:10.156316987Z,01JZ18G4ZPD0G0WRB3ZSNJ4KSW,2025-06-30T20:38:10.156316987Z,01JZ18JPR0CJ8HT66ZQ08VW9PH,2025-06-30T20:38:10.156316987Z,01JZ18QMEETMY6YTPVQZEX7GRT,2025-06-30T20:38:10.156316987Z
01JZ19192YR8E2ESH4G3118BCA,01JZ18G4TN4FH7205KTQTFE7PM,2025-06-30T20:39:08.638052374Z,01JZ18G4WPK6V9JKZAVKNYS3NB,2025-06-30T20:39:08.638052374Z,01JZ18JMHXTQBMPEHHS7NP2031,2025-06-30T20:39:08.638052374Z,01JZ18RR9VM7GJWMP15BXNKK3H,2025-06-30T20:39:08.638052374Z
01JZ1F4CWSVC5Z06P0H55P68XH,01JZ1E916HBESJXS5SJ82BFZ21,2025-06-30T22:25:42.297260922Z,01JZ1E91SWVSXS6FK33QCMH9SP,2025-06-30T22:25:42.297260922Z,01JZ1EXKHZBZ5ENGWCGS2V70RX,2025-06-30T22:25:42.297260922Z,01JZ1F45CJV6T7PXKVK8XJ2DRQ,2025-06-30T22:25:42.297260922Z
01JZ18RKKYCH96TZGHFG0WV9W9,01JZ18G4TN4FH7205KTQTFE7PM,2025-06-30T20:34:24.510787652Z,01JZ18G4Y1ABZPJ815NAWEN19T,2025-06-30T20:34:24.510787652Z,01JZ18JGZBSWHAA8MGTKR735JR,2025-06-30T20:34:24.510787652Z,01JZ18PMF1481YNW4VF038RS60,2025-06-30T20:34:24.510787652Z
01JZ192F6F9VXD7B4KSYBM09NV,01JZ18R9CHSHJ2BAJZ4M4PAW2X,2025-06-30T20:39:47.663521734Z,01JZ18RA48YSHMY5EWBJ9E61V2,2025-06-30T20:39:47.663521734Z,01JZ18XW8Z67J1KER526XJJSXY,2025-06-30T20:39:47.663521734Z,01JZ192CM1S0TWD820FVH6YX9C,2025-06-30T20:39:47.663521734Z
01JZ1BKG0P14XETS034C7GYYDE,01JZ1B1VZ9TM9N3252XVVAH9DZ,2025-06-30T21:24:02.71052711Z,01JZ1B1W5AJ9N87HJBZ99HRQPJ,2025-06-30T21:24:02.71052711Z,01JZ1B7J9GMSKP5R199VT378SX,2025-06-30T21:24:02.71052711Z,01JZ1BB7GR2K5BKJQ5STFB90RK,2025-06-30T21:24:02.71052711Z
01JZ17NBSS2AY4PEY4BRN3J4VY,01JZ170DPRHYGRH6M74WMGZ8J5,2025-06-30T20:15:09.625699169Z,01JZ170DSWJ6311N72HPSQWG9K,2025-06-30T20:15:09.625699169Z,01JZ178W441J2YAZ2W6GRZFTRA,2025-06-30T20:15:09.625699169Z,01JZ17KG534VMGAN6DZ77QN8H5,2025-06-30T20:15:09.625699169Z
01JZ17RTK78PY7H127R50KQP69,01JZ170DPRHYGRH6M74WMGZ8J5,2025-06-30T20:17:03.079771107Z,01JZ170DSP5HFMBRZWFQV8RFVC,2025-06-30T20:17:03.079771107Z,01JZ17GRXVCB86SQX36KBD73NW,2025-06-30T20:17:03.079771107Z,01JZ17RSK3N0BNCJAFQS3YEYB5,2025-06-30T20:17:03.079771107Z
01JZ18X9HT661TTQ20NF9DSNHF,01JZ18G4TN4FH7205KTQTFE7PM,2025-06-30T20:36:58.042458639Z,01JZ18G4ZDA13FR053ZT1R1FPF,2025-06-30T20:36:58.042458639Z,01JZ18JREDSF9T5ABKG1CCNPKZ,2025-06-30T20:36:58.042458639Z,01JZ18NR6HCE23W41F3CPVZTY3,2025-06-30T20:36:58.042458639Z
01JZ18ZXD78Q0T4MPGZ34R72VD,01JZ18G4TN4FH7205KTQTFE7PM,2025-06-30T20:38:23.911645675Z,01JZ18G4XDWA3A08Y0HZ5HSAAF,2025-06-30T20:38:23.911645675Z,01JZ18JX7AQFGHWSY2V5AEBRM0,2025-06-30T20:38:23.911645675Z,01JZ18R10H32Q9CQ9VTYQTZJBZ,2025-06-30T20:38:23.911645675Z
01JZ1CMDXRVK55EZNAEP1H8MBD,01JZ1C4XJFQQ45ZHGATAXVBX0J,2025-06-30T21:42:01.912941725Z,01JZ1C4XNE4VHGMR9JDZS6Y7F9,2025-06-30T21:42:01.912941725Z,01JZ1CF8R7DWBKG9F2768N54QZ,2025-06-30T21:42:01.912941725Z,01JZ1CM9HSWSHAX9FB9M6KQ29W,2025-06-30T21:42:01.912941725Z
01JZ1GJMKM4VAD5ZN734GHX7N5,01JZ1G29Q82GQAKEXSK2E7NK3R,2025-06-30T22:50:57.524409375Z,01JZ1G2ACHC2PPHGNQVYG69GCY,2025-06-30T22:50:57.524409375Z,01JZ1ESY682HMD53AEGK9VD2YT,2025-06-30T22:50:57.524409375Z,01JZ1GJG4R5Z76D71S3HQ0QK16,2025-06-30T22:50:57.524409375Z
01JZ1BQN98WPB20ZA9K9RP0MBG,01JZ1B1VZ9TM9N3252XVVAH9DZ,2025-06-30T21:26:19.176078088Z,01JZ1B1W5TAZ0C76DBH0ZAEY5X,2025-06-30T21:26:19.176078088Z,01JZ1B4W32576VKF9GY80WC648,2025-06-30T21:26:19.176078088Z,01JZ1BNNFF9MV2BR5CAE8TGEYC,2025-06-30T21:26:19.176078088Z
01JZ1DS85ZPTW434Y94R3QEC1F,01JZ1D0RX94M7HHBAJDNGV8QRS,2025-06-30T22:02:08.447050837Z,01JZ1D0S61XK8FZCNQBM2ZAEE6,2025-06-30T22:02:08.447050837Z,01JZ1D5XZ05FCDAH1D4YG77JR7,2025-06-30T22:02:08.447050837Z,01JZ1DHG6929VPMW3RA3G6E916,2025-06-30T22:02:08.447050837Z
01JZ17M3FYP90TF3JM4NM8WQE6,01JZ170DPRHYGRH6M74WMGZ8J5,2025-06-30T20:14:28.350391876Z,01JZ170DSTXK5Z1DV671606E6A,2025-06-30T20:14:28.350391876Z,01JZ17DP10NW99AE12W6233E2P,2025-06-30T20:14:28.350391876Z,01JZ17J85FH6ZCHDJEZZH3F672,2025-06-30T20:14:28.350391876Z
01JZ17TCGKQW4FJBN3ASY6D8JF,01JZ170DPRHYGRH6M74WMGZ8J5,2025-06-30T20:17:54.195458723Z,01JZ170DSBT7R80F1BC6BFNZAP,2025-06-30T20:17:54.195458723Z,01JZ17898TMETDM923KMFF15WB,2025-06-30T20:17:54.195458723Z,01JZ17JC2ZXBJJNHC0TSAETRRS,2025-06-30T20:17:54.195458723Z
01JZ18YDRA5W3KH7WDD620JTMW,01JZ18G4TN4FH7205KTQTFE7PM,2025-06-30T20:37:35.114057196Z,01JZ18G4X5EPR69QT64DVYQXFJ,2025-06-30T20:37:35.114057196Z,01JZ18HXXDMVGXCQ4P1CVWEG2V,2025-06-30T20:37:35.114057196Z,01JZ18PAQPXAB9KP38CAA042W4,2025-06-30T20:37:35.114057196Z
01JZ1F15JQ8BEYBBPTHCRYAWF9,01JZ1E916HBESJXS5SJ82BFZ21,2025-06-30T22:23:56.503421872Z,01JZ1E91HHYKGR583PHV4V6JXR,2025-06-30T22:23:56.503421872Z,01JZ1EB79K0MG0B72T7KF449XB,2025-06-30T22:23:56.503421872Z,01JZ1ERVCEPEY697Y3TMZ7E1DG,2025-06-30T22:23:56.503421872Z
01JZ1F4SH7Y14ZT75PWYARCWW6,01JZ1E916HBESJXS5SJ82BFZ21,2025-06-30T22:25:55.239955452Z,01JZ1E91MDHZVF6NVBEDDVGZWT,2025-06-30T22:25:55.239955452Z,01JZ1EARG6K6VN1DMMBQHNE2WC,2025-06-30T22:25:55.239955452Z,01JZ1EWVMZXSDYKNCVCZNFHQ7S,2025-06-30T22:25:55.239955452Z
01JZ1GJMH0EMYQ4A7T6Y8A0D0T,01JZ1G29Q82GQAKEXSK2E7NK3R,2025-06-30T22:50:57.441048814Z,01JZ1G2ACHC2PPHGNQVYG69GCY,2025-06-30T22:50:57.441048814Z,01JZ1G4D5N3JRDG8TQNFBZX41Z,2025-06-30T22:50:57.441048814Z,01JZ1GJG4R5Z76D71S3HQ0QK16,2025-06-30T22:50:57.441048814Z
01JZ17RR50STGH0ZC7ZEQY2G0Q,01JZ170DPRHYGRH6M74WMGZ8J5,2025-06-30T20:17:00.576444876Z,01JZ170DRXVGFVP20P8DK3M491,2025-06-30T20:17:00.576444876Z,01JZ17CDTWA5ZJVFXRJRWPP8YB,2025-06-30T20:17:00.576444876Z,01JZ17H2JPFPJA5AGAW7MSWH7S,2025-06-30T20:17:00.576444876Z
01JZ17V6D4WFJPNCPSZPBXYY2T,01JZ170DPRHYGRH6M74WMGZ8J5,2025-06-30T20:18:20.708402903Z,01JZ170DSWJ6311N72HPSQWG9K,2025-06-30T20:18:20.708402903Z,01JZ17BEMM8D7MEKMFQ0MBS3DE,2025-06-30T20:18:20.708402903Z,01JZ17KG4Z9CHYTG6HQWPNQJ5E,2025-06-30T20:18:20.708402903Z
01JZ18X9G0ES63XE2KHR3TZ3JC,01JZ18G4TN4FH7205KTQTFE7PM,2025-06-30T20:36:57.984173816Z,01JZ18G4ZDA13FR053ZT1R1FPF,2025-06-30T20:36:57.984173816Z,01JZ18HGW0W96RSNBB49GQ9E8B,2025-06-30T20:36:57.984173816Z,01JZ18NR6HCE23W41F3CPVZTY3,2025-06-30T20:36:57.984173816Z
01JZ18YBQP52TP0M4J21WDCYEK,01JZ18G4TN4FH7205KTQTFE7PM,2025-06-30T20:37:33.046216604Z,01JZ18G50PJASP911XB82AW46K,2025-06-30T20:37:33.046216604Z,01JZ18KCZAP8MJWF3YFSDPP92T,2025-06-30T20:37:33.046216604Z,01JZ18P6NXZT0V7P3PR4SE8Z8C,2025-06-30T20:37:33.046216604Z
01JZ1BJ45AFA1DPN12PM214BTY,01JZ1B1VZ9TM9N3252XVVAH9DZ,2025-06-30T21:23:17.802527317Z,01JZ1B1W46BH5YH0XYSE8KJRBK,2025-06-30T21:23:17.802527317Z,01JZ1B9W35DBJAZZ7ZHMPZZDPP,2025-06-30T21:23:17.802527317Z,01JZ1BJ1B6MS3FTEDBXT15KPRA,2025-06-30T21:23:17.802527317Z
01JZ1GNPRRKWT5TEFDMQK6MP52,01JZ1G29Q82GQAKEXSK2E7NK3R,2025-06-30T22:52:38.040765763Z,01JZ1G2A6YM039KVE3FBKDN5TM,2025-06-30T22:52:38.040765763Z,01JZ1G8WT4QHCTZSBPJCV6WM6W,2025-06-30T22:52:38.040765763Z,01JZ1GDRSWA6J6E7BQGPG7XQH0,2025-06-30T22:52:38.040765763Z
01JZ18Q35PAGJF16BPCX395PG4,01JZ18G4TN4FH7205KTQTFE7PM,2025-06-30T20:33:34.902143389Z,01JZ18G4YA2XRQ9RK4RH5WQB1P,2025-06-30T20:33:34.902143389Z,01JZ18MZ9CEYXM1F4JSENNJ9RA,2025-06-30T20:33:34.902143389Z,01JZ18Q1R1B7GYCBMPZ4J0A4A5,2025-06-30T20:33:34.902143389Z
01JZ1909WB3HX96KKWT956HWDM,01JZ18QHX9XGN83K6T42FK97D5,2025-06-30T20:38:36.68338817Z,01JZ18QHYY9H3H8G0D5BR000CA,2025-06-30T20:38:36.68338817Z,01JZ18XHK71TAH4K8NFWQ8XDAZ,2025-06-30T20:38:36.68338817Z,01JZ1903AFQ46DQQCHMAXT5VXE,2025-06-30T20:38:36.68338817Z
01JZ1AJ7HP5DVAC38RMSRGTG61,01JZ19VEXCKVX740B60X4W6PQN,2025-06-30T21:05:52.694322026Z,01JZ19VF81DTYMGWYB0TAJKDWY,2025-06-30T21:05:52.694322026Z,01JZ1A1K79TTT3Z2JTQ13NPY5P,2025-06-30T21:05:52.694322026Z,01JZ1AABMTK3KJJZSMA4TN8BF7,2025-06-30T21:05:52.694322026Z
01JZ17SNZVMC2PQVY2QSQDCSE5,01JZ170DPRHYGRH6M74WMGZ8J5,2025-06-30T20:17:31.131267013Z,01JZ170DS8YWG03GZVY59N3JD0,2025-06-30T20:17:31.131267013Z,01JZ176HDV9KWWBADR549HVXXJ,2025-06-30T20:17:31.131267013Z,01JZ17HNMVNEYYPPYMQAP8NS4W,2025-06-30T20:17:31.131267013Z
01JZ17XS61PVM8GZZX1KZTKNKP,01JZ170DPRHYGRH6M74WMGZ8J5,2025-06-30T20:19:45.473102497Z,01JZ170DSXXMDA003X79NFA4N0,2025-06-30T20:19:45.473102497Z,01JZ17G2CQ2WMWNSJEQJ6XDN5X,2025-06-30T20:19:45.473102497Z,01JZ17NRS66B2XN3XYTK9HZXA6,2025-06-30T20:19:45.473102497Z
01JZ18TCRP5H7E7C8Y879CZ34W,01JZ18G4TN4FH7205KTQTFE7PM,2025-06-30T20:35:23.030104453Z,01JZ18G4ZZG5A688HVVJGKBFVW,2025-06-30T20:35:23.030104453Z,01JZ18HSGA4VKS1NR0MAVDXW88,2025-06-30T20:35:23.030104453Z,01JZ18RFQ4W09NKQ14XZ3KQN1E,2025-06-30T20:35:23.030104453Z
01JZ1DHNQ5NYNFPGN13HWWET6G,01JZ1D0RX94M7HHBAJDNGV8QRS,2025-06-30T21:58:00.165361229Z,01JZ1D0S61XK8FZCNQBM2ZAEE6,2025-06-30T21:58:00.165361229Z,01JZ1DFSBSFTDKE17JSS0VZPAS,2025-06-30T21:58:00.165361229Z,01JZ1DHFZ809B1825QNPR8SJSM,2025-06-30T21:58:00.165361229Z
01JZ17XEZ5ABD9K51T6EFVNKTJ,01JZ170DPRHYGRH6M74WMGZ8J5,2025-06-30T20:19:35.013537534Z,01JZ170DSXXMDA003X79NFA4N0,2025-06-30T20:19:35.013537534Z,01JZ17A9YQ3219RYQEV7GA1K4B,2025-06-30T20:19:35.013537534Z,01JZ17NRSB5GP7EXVFTFEFCERK,2025-06-30T20:19:35.013537534Z
01JZ18SAYXG6CFXQA651X7BZBW,01JZ18G4TN4FH7205KTQTFE7PM,2025-06-30T20:34:48.413404857Z,01JZ18G4YTQTSXFW2X0Y80VGVG,2025-06-30T20:34:48.413404857Z,01JZ18M95D7WX9RB46ACE56086,2025-06-30T20:34:48.413404857Z,01JZ18QCHSRQEB636MAZYTF93F,2025-06-30T20:34:48.413404857Z
01JZ18SJPRAEEYDNAYC44WE193,01JZ18G4TN4FH7205KTQTFE7PM,2025-06-30T20:34:56.34446595Z,01JZ18G4ZPD0G0WRB3ZSNJ4KSW,2025-06-30T20:34:56.34446595Z,01JZ18KKFGMMT5SG9HSP332X5F,2025-06-30T20:34:56.34446595Z,01JZ18QMDSQREXVSZ9J332HVG7,2025-06-30T20:34:56.34446595Z
01JZ1916DA1GB2K9AWQNP3RVW2,01JZ18G4TN4FH7205KTQTFE7PM,2025-06-30T20:39:05.898465809Z,01JZ18G4XMK5QHE5YNTR43VZ9V,2025-06-30T20:39:05.898465809Z,01JZ18J9W8KMP67K3HENBC0CVQ,2025-06-30T20:39:05.898465809Z,01JZ18RP9ZDBJKMBBTW600ZPPV,2025-06-30T20:39:05.898465809Z
01JZ1917B42NMC0PDN36PV25NP,01JZ18G4TN4FH7205KTQTFE7PM,2025-06-30T20:39:06.85227051Z,01JZ18G4Z7SR18DC8PDBR22HS5,2025-06-30T20:39:06.85227051Z,01JZ18NQPCFBGJDGFZ54XZESTD,2025-06-30T20:39:06.85227051Z,01JZ18S8XT12G8V1PAKVTN6A36,2025-06-30T20:39:06.85227051Z
01JZ1CEF54103PZ0486ZCXADF0,01JZ1BX7WQMA45G0E33EEHJ3V9,2025-06-30T21:38:46.564604663Z,01JZ1BX80QRTKGB6MH6HMRDXS1,2025-06-30T21:38:46.564604663Z,01JZ1BYVYWJTY34XWWWGSZYC2W,2025-06-30T21:38:46.564604663Z,01JZ1C6971JYEBAS1QKBJ0656S,2025-06-30T21:38:46.564604663Z
01JZ1DB5YFS8BM35WQR8NZKRV9,01JZ1D0RX94M7HHBAJDNGV8QRS,2025-06-30T21:54:27.407860476Z,01JZ1D0S58CJJ0G6BA8AW8ZVCS,2025-06-30T21:54:27.407860476Z,01JZ1D2JACBKKH4S9P6DT2Z2QZ,2025-06-30T21:54:27.407860476Z,01JZ1D972VTRZHGE4AKVG9RETY,2025-06-30T21:54:27.407860476Z
01JZ1ACAGWENF38CRVH00VWE88,01JZ19VEXCKVX740B60X4W6PQN,2025-06-30T21:02:39.13275367Z,01JZ19VF81DTYMGWYB0TAJKDWY,2025-06-30T21:02:39.13275367Z,01JZ1A1K79TTT3Z2JTQ13NPY5P,2025-06-30T21:02:39.13275367Z,01JZ1AABK962FFJZTPD33N3VKP,2025-06-30T21:02:39.13275367Z
01JZ1BJSVJDM7G39P533K2R7PV,01JZ1B1VZ9TM9N3252XVVAH9DZ,2025-06-30T21:23:40.018726896Z,01JZ1B1W5AJ9N87HJBZ99HRQPJ,2025-06-30T21:23:40.018726896Z,01JZ1B4CR8JCWXXD7BQPA68N6Z,2025-06-30T21:23:40.018726896Z,01JZ1BB7J8Y8W753ARSJ77X4CV,2025-06-30T21:23:40.018726896Z
01JZ1BXF1E283YMNAA2GB7N2MS,01JZ1B1VZ9TM9N3252XVVAH9DZ,2025-06-30T21:29:29.390815962Z,01JZ1B1W4RP0VXDDKCJTNKM3AX,2025-06-30T21:29:29.390815962Z,01JZ1BJRR128B2311DSMJCH15V,2025-06-30T21:29:29.390815962Z,01JZ1BNYAAW7XNTC5PXF53BARA,2025-06-30T21:29:29.390815962Z
01JZ17VZJ0R1VVKHV0KNRXDK1Z,01JZ170DPRHYGRH6M74WMGZ8J5,2025-06-30T20:18:46.464917228Z,01JZ170DSR5F2SARFX61BD5BFD,2025-06-30T20:18:46.464917228Z,01JZ17DTG6GCYHCZ1XV1B4YQSG,2025-06-30T20:18:46.464917228Z,01JZ17M8TM93SNDEV4TKQ8G5N0,2025-06-30T20:18:46.464917228Z
01JZ1CJ3YR5P5KRPT2YBZ9FBWJ,01JZ1BX7WQMA45G0E33EEHJ3V9,2025-06-30T21:40:46.168229164Z,01JZ1BX82RNFGPPA94NES9507T,2025-06-30T21:40:46.168229164Z,01JZ1C8ESVRXKY79BT9BNGMME4,2025-06-30T21:40:46.168229164Z,01JZ1CAKT98V8807YMXA32C8M0,2025-06-30T21:40:46.168229164Z
01JZ1DR1SF0W2Z7A2N1RZWD2QZ,01JZ1D0RX94M7HHBAJDNGV8QRS,2025-06-30T22:01:29.135712792Z,01JZ1D0S064NT759Q480WCA8PK,2025-06-30T22:01:29.135712792Z,01JZ1DB67XDQM93GQRR65SS1X0,2025-06-30T22:01:29.135712792Z,01JZ1DFXRMFQK07Q91HG8QCYJ2,2025-06-30T22:01:29.135712792Z
01JZ17HXGCVXB9MW6X68YE07WW,01JZ170DPRHYGRH6M74WMGZ8J5,2025-06-30T20:13:16.684200483Z,01JZ170DS434CCJM920VN081CV,2025-06-30T20:13:16.684200483Z,01JZ17BSJ6X9VEMM4EYWC90B29,2025-06-30T20:13:16.684200483Z,01JZ17HX0WDHJY255DWBEJWHE6,2025-06-30T20:13:16.684200483Z
01JZ1905WVRQ6Z951DZM7CXH9N,01JZ18G4TN4FH7205KTQTFE7PM,2025-06-30T20:38:32.603896508Z,01JZ18G4YK3PSP6R2PNWBA4P8S,2025-06-30T20:38:32.603896508Z,01JZ18K6XVG6N44078RFW6M633,2025-06-30T20:38:32.603896508Z,01JZ18QW9EXF247TKVE8F2HXX6,2025-06-30T20:38:32.603896508Z
01JZ1DMV5V2ZK69GBYFPVKYCPQ,01JZ1D0RX94M7HHBAJDNGV8QRS,2025-06-30T21:59:44.059139681Z,01JZ1D0S14X3T6948SDJVF454K,2025-06-30T21:59:44.059139681Z,01JZ1D3Y76V55J2284DH2783V0,2025-06-30T21:59:44.059139681Z,01JZ1DCMRJJ169TVNGDT370T2P,2025-06-30T21:59:44.059139681Z
01JZ1GW9Z1NKY1BHE2S1NM909G,01JZ1G29Q82GQAKEXSK2E7NK3R,2025-06-30T22:56:14.305962632Z,01JZ1G2A58JMFV91VV93EGJJQY,2025-06-30T22:56:14.305962632Z,01JZ1G5G1FFKZK7WVQ264NYRHA,2025-06-30T22:56:14.305962632Z,01JZ1GW3ANP10W1MY31QTVWTGJ,2025-06-30T22:56:14.305962632Z
01JZ1AAF5MG11W8ENME0Q7NSRD,01JZ19VEXCKVX740B60X4W6PQN,2025-06-30T21:01:38.35646373Z,01JZ19VF81DTYMGWYB0TAJKDWY,2025-06-30T21:01:38.35646373Z,01JZ1A11QXMY0GZ8B5FCM3RTBW,2025-06-30T21:01:38.35646373Z,01JZ1AABJ0BY70FX8865HSNR55,2025-06-30T21:01:38.35646373Z
01JZ18YF8067TR6VMZ3FEZXDNN,01JZ18G4TN4FH7205KTQTFE7PM,2025-06-30T20:37:36.640038918Z,01JZ18G4YA2XRQ9RK4RH5WQB1P,2025-06-30T20:37:36.640038918Z,01JZ18J306MV90AN3KDTPG10SX,2025-06-30T20:37:36.640038918Z,01JZ18Q1RTQ5J8GR55C5KB6SHZ,2025-06-30T20:37:36.640038918Z
01JZ18RH6GVNKA8KNWTQCPQMYG,01JZ18G4TN4FH7205KTQTFE7PM,2025-06-30T20:34:22.03245141Z,01JZ18G4ZZG5A688HVVJGKBFVW,2025-06-30T20:34:22.03245141Z,01JZ18HSGA4VKS1NR0MAVDXW88,2025-06-30T20:34:22.03245141Z,01JZ18RFPBGVB1PJ8WVY2S92SR,2025-06-30T20:34:22.03245141Z
01JZ1D9B4GZVTJ9WBXY22TQTV2,01JZ1D0RX94M7HHBAJDNGV8QRS,2025-06-30T21:53:27.184050889Z,01JZ1D0S2S8SEBXETFQJSTGM5V,2025-06-30T21:53:27.184050889Z,01JZ1D4AYTG2DMXZZ36EVW3RQ2,2025-06-30T21:53:27.184050889Z,01JZ1D77TJ31JQY4W7YSZVV4R8,2025-06-30T21:53:27.184050889Z
01JZ1DB618AGXJHAH6THEWGD6N,01JZ1D0RX94M7HHBAJDNGV8QRS,2025-06-30T21:54:27.496501001Z,01JZ1D0S58CJJ0G6BA8AW8ZVCS,2025-06-30T21:54:27.496501001Z,01JZ1D6ZQPM67S4BNXG3Y9BBD9,2025-06-30T21:54:27.496501001Z,01JZ1D972VTRZHGE4AKVG9RETY,2025-06-30T21:54:27.496501001Z
01JZ17YDEN1CS8CTKC3NFM4Z1R,01JZ170DPRHYGRH6M74WMGZ8J5,2025-06-30T20:20:06.229606668Z,01JZ170DRV33K8D9D9ZMQKAW2D,2025-06-30T20:20:06.229606668Z,01JZ17A4X6KDHXD87KVKY87426,2025-06-30T20:20:06.229606668Z,01JZ17PPHXYGVWTQWQ3EC28RK2,2025-06-30T20:20:06.229606668Z
01JZ198EBF4P4JVTNT569ATHNZ,01JZ18QHX9XGN83K6T42FK97D5,2025-06-30T20:43:03.407245437Z,01JZ18QHYY9H3H8G0D5BR000CA,2025-06-30T20:43:03.407245437Z,01JZ18TPQGGX70KYFXP5KFA0ZD,2025-06-30T20:43:03.407245437Z,01JZ1903EEWXHFPKFJN2CK77YH,2025-06-30T20:43:03.407245437Z
01JZ18TEVQYTT06SB0F2D2PM8P,01JZ18G4TN4FH7205KTQTFE7PM,2025-06-30T20:35:25.175593798Z,01JZ18G50G0GKPPCFSW2N0ZNW1,2025-06-30T20:35:25.175593798Z,01JZ18KW5P5RE2HRX78XRVTPME,2025-06-30T20:35:25.175593798Z,01JZ18RHFZ729S1GE13DM98H8Z,2025-06-30T20:35:25.175593798Z
01JZ1BK457MZADS19TN1ZY9YW1,01JZ1B1VZ9TM9N3252XVVAH9DZ,2025-06-30T21:23:50.56744235Z,01JZ1B1W68Y1JCNSRHTZJR0WTB,2025-06-30T21:23:50.56744235Z,01JZ1B792JY1J7NFJKWZPMCAGM,2025-06-30T21:23:50.56744235Z,01JZ1BH44X88X65JM8T5DXFWMN,2025-06-30T21:23:50.56744235Z
01JZ1GVMB5HGT8CES1FTSXAFZB,01JZ1G29Q82GQAKEXSK2E7NK3R,2025-06-30T22:55:52.165460486Z,01JZ1G2A9825Q9R0AFVXQNTR63,2025-06-30T22:55:52.165460486Z,01JZ1G9AHDKJRVSD4NGC2SYHDN,2025-06-30T22:55:52.165460486Z,01JZ1GKM8S9MZ9Y3HXTH4K06P3,2025-06-30T22:55:52.165460486Z
01JZ17PAAZACT57PSGNQH0A52G,01JZ170DPRHYGRH6M74WMGZ8J5,2025-06-30T20:15:40.895823644Z,01JZ170DS434CCJM920K0JDY80,2025-06-30T20:15:40.895823644Z,01JZ17JRNHBCA9Z1PDJFB00SE3,2025-06-30T20:15:40.895823644Z,01JZ17MESGQH4PGAZ2NQBVJJAG,2025-06-30T20:15:40.895823644Z
01JZ17X4QF2M6T6CENYQ3HDP20,01JZ170DPRHYGRH6M74WMGZ8J5,2025-06-30T20:19:24.527120675Z,01JZ170DSXXMDA003X79NFA4N0,2025-06-30T20:19:24.527120675Z,01JZ17A9YQ3219RYQEV7GA1K4B,2025-06-30T20:19:24.527120675Z,01JZ17NRRR088W52FGBGCTETBE,2025-06-30T20:19:24.527120675Z
01JZ190CDBB26EACH8SYYS4FYA,01JZ18G4TN4FH7205KTQTFE7PM,2025-06-30T20:38:39.27592537Z,01JZ18G4XDWA3A08Y0HZ5HSAAF,2025-06-30T20:38:39.27592537Z,01JZ18JRC4BH8D9FBM20ZHDN29,2025-06-30T20:38:39.27592537Z,01JZ18R104VYMDDRK1QJHT9RQ9,2025-06-30T20:38:39.27592537Z
01JZ1ATV1J9Y90MQWM5T1XSGQZ,01JZ19VEXCKVX740B60X4W6PQN,2025-06-30T21:10:34.80288006Z,01JZ19VF3FCDRKA7RA8CE3SQDH,2025-06-30T21:10:34.80288006Z,01JZ1AJWEBWSA9H9YV5TJD6D6N,2025-06-30T21:10:34.80288006Z,01JZ1AK0FG87FE5VK2WQYRA4AC,2025-06-30T21:10:34.80288006Z
01JZ1DSFQF85BJP8PSHKZ5HFGG,01JZ1D0RX94M7HHBAJDNGV8QRS,2025-06-30T22:02:16.175432731Z,01JZ1D0S4EMT97ECKQ06X1ZWAX,2025-06-30T22:02:16.175432731Z,01JZ1DEBFXXB5H1WJY1A2P9E20,2025-06-30T22:02:16.175432731Z,01JZ1DHWHN1GY9FT52VYW8NJ46,2025-06-30T22:02:16.175432731Z
01JZ1F4ECSE4KA6W4Q3B62106E,01JZ1E916HBESJXS5SJ82BFZ21,2025-06-30T22:25:43.833570311Z,01JZ1E91MDHZVF6NVBEDDVGZWT,2025-06-30T22:25:43.833570311Z,01JZ1EK6MNQT8KSAR9HC017X0H,2025-06-30T22:25:43.833570311Z,01JZ1EWVHXM95HAKJR9TT7S3AD,2025-06-30T22:25:43.833570311Z
01JZ1GG142MTN4AXCEE23XWRPR,01JZ1G29Q82GQAKEXSK2E7NK3R,2025-06-30T22:49:32.034391659Z,01JZ1G2A3Q53QEYHDQX68WVVKH,2025-06-30T22:49:32.034391659Z,01JZ1G4QT3J0N96RSDER5H66SR,2025-06-30T22:49:32.034391659Z,01JZ1GE1CN3AV1GMRSBHB6RFHY,2025-06-30T22:49:32.034391659Z
01JZ17R51XTS9248EGAA4FKAVT,01JZ170DPRHYGRH6M74WMGZ8J5,2025-06-30T20:16:41.021493151Z,01JZ170DRRRWN613C5WJQ8B5Q6,2025-06-30T20:16:41.021493151Z,01JZ179PSK7PR9GXW3K753Z7EA,2025-06-30T20:16:41.021493151Z,01JZ17G52NG4XN5R9RR9776YQX,2025-06-30T20:16:41.021493151Z
01JZ17RTM0D249FFC836XXTJBP,01JZ170DPRHYGRH6M74WMGZ8J5,2025-06-30T20:17:03.10434972Z,01JZ170DSP5HFMBRZWFQV8RFVC,2025-06-30T20:17:03.10434972Z,01JZ17BG508D1SYGKCV9ECDV4F,2025-06-30T20:17:03.10434972Z,01JZ17RSK3N0BNCJAFQS3YEYB5,2025-06-30T20:17:03.10434972Z
01JZ1D9B7TW90TYTVMSDPPAWKF,01JZ1D0RX94M7HHBAJDNGV8QRS,2025-06-30T21:53:27.290962333Z,01JZ1D0S2S8SEBXETFQJSTGM5V,2025-06-30T21:53:27.290962333Z,01JZ1D5N9EKRCKNEX5N0FCN65V,2025-06-30T21:53:27.290962333Z,01JZ1D77TJ31JQY4W7YSZVV4R8,2025-06-30T21:53:27.290962333Z
01JZ17HKFPK01PEMSV7JMWCBS2,01JZ170DPRHYGRH6M74WMGZ8J5,2025-06-30T20:13:06.422991124Z,01JZ170DS32PJY8CQRMADJXFRG,2025-06-30T20:13:06.422991124Z,01JZ1788J67VDXAH0W6F8T66AB,2025-06-30T20:13:06.422991124Z,01JZ17HJYFQV3K1KSV87NRHNJ3,2025-06-30T20:13:06.422991124Z
01JZ17T2CST7ZPQEJ7WVBVXEZN,01JZ170DPRHYGRH6M74WMGZ8J5,2025-06-30T20:17:43.833441746Z,01JZ170DSBT7R80F1BC6BFNZAP,2025-06-30T20:17:43.833441746Z,01JZ17E2HGHQEBNZ4BGFQ4PF6N,2025-06-30T20:17:43.833441746Z,01JZ17JC31V9W433CZ54VPSDCC,2025-06-30T20:17:43.833441746Z
01JZ18YDPT53PNC06MV6QA4E68,01JZ18G4TN4FH7205KTQTFE7PM,2025-06-30T20:37:35.066067676Z,01JZ18G4X5EPR69QT64DVYQXFJ,2025-06-30T20:37:35.066067676Z,01JZ18M07T82RGAMZEPD0QD6Q9,2025-06-30T20:37:35.066067676Z,01JZ18PAQPXAB9KP38CAA042W4,2025-06-30T20:37:35.066067676Z
01JZ18ZKEH0S948TPRY97GNVWM,01JZ18G4TN4FH7205KTQTFE7PM,2025-06-30T20:38:13.713637864Z,01JZ18G4YTQTSXFW2X0Y80VGVG,2025-06-30T20:38:13.713637864Z,01JZ18JSY9P3KAE5N38ASDX51K,2025-06-30T20:38:13.713637864Z,01JZ18QCJV80NZ6CWN841W78CA,2025-06-30T20:38:13.713637864Z
01JZ18ZPFNJPS5M3M7YY7JQXMD,01JZ18G4TN4FH7205KTQTFE7PM,2025-06-30T20:38:16.821909602Z,01JZ18G512YK4K14AJW1A4KQT5,2025-06-30T20:38:16.821909602Z,01JZ18JHACQMQPJCAE4XRR7QFX,2025-06-30T20:38:16.821909602Z,01JZ18R8CKMG9A39402BQ4NWM2,2025-06-30T20:38:16.821909602Z
01JZ1GYSMR97V9VC5R6Y1CGJ2P,01JZ1G29Q82GQAKEXSK2E7NK3R,2025-06-30T22:57:35.896231481Z,01JZ1G2AATTMJJ07WA2JZ9MF1K,2025-06-30T22:57:35.896231481Z,01JZ1G6XMV3T4ACX6H99BN9F1E,2025-06-30T22:57:35.896231481Z,01JZ1GWNC8K4Z8FGCARK2K5BBW,2025-06-30T22:57:35.896231481Z
01JZ18T5BCF4QQ0F4N71D26M6S,01JZ18G4TN4FH7205KTQTFE7PM,2025-06-30T20:35:15.436664005Z,01JZ18G512YK4K14AJW1A4KQT5,2025-06-30T20:35:15.436664005Z,01JZ18P8E791PBV9BDRV76VVRH,2025-06-30T20:35:15.436664005Z,01JZ18R8CZAK9T47Q30YNKNJNG,2025-06-30T20:35:15.436664005Z
01JZ1905RZ8X4NAA5TDQBWPEGF,01JZ18G4TN4FH7205KTQTFE7PM,2025-06-30T20:38:32.479414083Z,01JZ18G4YK3PSP6R2PNWBA4P8S,2025-06-30T20:38:32.479414083Z,01JZ18J1HPCJW9NZWB0AN2GDSE,2025-06-30T20:38:32.479414083Z,01JZ18QW9EXF247TKVE8F2HXX6,2025-06-30T20:38:32.479414083Z
01JZ1C9WSCPND2HP9RGMQTSFFQ,01JZ1BX7WQMA45G0E33EEHJ3V9,2025-06-30T21:36:16.68468248Z,01JZ1BX81RJBYPGNM468STZ9YH,2025-06-30T21:36:16.68468248Z,01JZ1BZM7HWWQQ5DW0EFWDSAQF,2025-06-30T21:36:16.68468248Z,01JZ1C7YHP92FZYZDSW8SB4C2V,2025-06-30T21:36:16.68468248Z
01JZ1DS83A3GQQE794DNYBF4RX,01JZ1D0RX94M7HHBAJDNGV8QRS,2025-06-30T22:02:08.362500932Z,01JZ1D0S61XK8FZCNQBM2ZAEE6,2025-06-30T22:02:08.362500932Z,01JZ1D497J6YYY65Y2Z1DW88ZY,2025-06-30T22:02:08.362500932Z,01JZ1DHG6929VPMW3RA3G6E916,2025-06-30T22:02:08.362500932Z
01JZ1FAHYM9MQ7BRV36TRNCPH7,01JZ1E916HBESJXS5SJ82BFZ21,2025-06-30T22:29:04.084851106Z,01JZ1E91Q18GQE49C0XSDVMF75,2025-06-30T22:29:04.084851106Z,01JZ1EVFEHVN1QQPSCMZ2EZ73P,2025-06-30T22:29:04.084851106Z,01JZ1F2JDENWFSVMZMF7HPM6S0,2025-06-30T22:29:04.084851106Z
01JZ17G7FVJXVQRZDT01BRMB7H,01JZ170DPRHYGRH6M74WMGZ8J5,2025-06-30T20:12:21.371893466Z,01JZ170DRSFZ9Y16965WN1Z2F9,2025-06-30T20:12:21.371893466Z,01JZ17C7XWANHTDKEBR013EKFH,2025-06-30T20:12:21.371893466Z,01JZ17G70CK9Q7FFZCZJ2KGMZQ,2025-06-30T20:12:21.371893466Z
01JZ17S1QBWNS6EEDQGFPA1E59,01JZ170DPRHYGRH6M74WMGZ8J5,2025-06-30T20:17:10.379044851Z,01JZ170DS8YWG03GZVY59N3JD0,2025-06-30T20:17:10.379044851Z,01JZ17AFTYKZ447G4RP003MK6R,2025-06-30T20:17:10.379044851Z,01JZ17HNMJKGSE7QCGZDT7R79G,2025-06-30T20:17:10.379044851Z
01JZ18SB0TF4ZDM9ZER1X4NHB7,01JZ18G4TN4FH7205KTQTFE7PM,2025-06-30T20:34:48.474856666Z,01JZ18G4YTQTSXFW2X0Y80VGVG,2025-06-30T20:34:48.474856666Z,01JZ18JQTYVQ19WTRN7KYJ00FT,2025-06-30T20:34:48.474856666Z,01JZ18QCHSRQEB636MAZYTF93F,2025-06-30T20:34:48.474856666Z
01JZ1BMYWSMMTX7FJFCVBYFVJT,01JZ1B1VZ9TM9N3252XVVAH9DZ,2025-06-30T21:24:50.713616988Z,01JZ1B1W2WT8MR9NJ7RDDSFH2M,2025-06-30T21:24:50.713616988Z,01JZ1B3YWXA1F3DXJYFKHTVRDW,2025-06-30T21:24:50.713616988Z,01JZ1BD437FH3N90SJNPN2P8KN,2025-06-30T21:24:50.713616988Z
01JZ1EVTJSB6PB72NB306YE4PV,01JZ1E916HBESJXS5SJ82BFZ21,2025-06-30T22:21:01.401657561Z,01JZ1E926BWK6TV1HDSC3ZQW4Y,2025-06-30T22:21:01.401657561Z,01JZ1EARCRST2HDXDY98Q0AYJ8,2025-06-30T22:21:01.401657561Z,01JZ1ESTDEHJ02W2S7D3PQQ6GF,2025-06-30T22:21:01.401657561Z
01JZ17S8MATW7QRR96CHSMC6HE,01JZ170DPRHYGRH6M74WMGZ8J5,2025-06-30T20:17:17.450125863Z,01JZ170DS434CCJM920VN081CV,2025-06-30T20:17:17.450125863Z,01JZ17DF0FPMATGYC1VKMVTRWC,2025-06-30T20:17:17.450125863Z,01JZ17HX1BGQ137FDPYSARB5NT,2025-06-30T20:17:17.450125863Z
01JZ190ST358ABYRXDRTA6MYY7,01JZ18G4TN4FH7205KTQTFE7PM,2025-06-30T20:38:52.995991255Z,01JZ18G4Z7SR18DC8PDBR22HS5,2025-06-30T20:38:52.995991255Z,01JZ18HPXJ4G52DBV1JHKTXZPH,2025-06-30T20:38:52.995991255Z,01JZ18S8WHVH4M4KJ49MQHRMWQ,2025-06-30T20:38:52.995991255Z
01JZ1CJ3WTHSQNXXACABXK7Q3Y,01JZ1BX7WQMA45G0E33EEHJ3V9,2025-06-30T21:40:46.106860635Z,01JZ1BX82RNFGPPA94NES9507T,2025-06-30T21:40:46.106860635Z,01JZ1BZDJ93GPNRBSERWMWMMB5,2025-06-30T21:40:46.106860635Z,01JZ1CAKT98V8807YMXA32C8M0,2025-06-30T21:40:46.106860635Z
01JZ17NSJHS3949B71RTM34FKH,01JZ170DPRHYGRH6M74WMGZ8J5,2025-06-30T20:15:23.729109145Z,01JZ170DSXXMDA003X79NFA4N0,2025-06-30T20:15:23.729109145Z,01JZ17A9YQ3219RYQEV7GA1K4B,2025-06-30T20:15:23.729109145Z,01JZ17NRRNJAESN764PNSNC899,2025-06-30T20:15:23.729109145Z
01JZ18YSY498VD9MRSA887T521,01JZ18G4TN4FH7205KTQTFE7PM,2025-06-30T20:37:47.588450528Z,01JZ18G4YA2XRQ9RK4RH5WQB1P,2025-06-30T20:37:47.588450528Z,01JZ18MZ9CEYXM1F4JSENNJ9RA,2025-06-30T20:37:47.588450528Z,01JZ18Q1S7RYZRF0109T2366SB,2025-06-30T20:37:47.588450528Z
01JZ17T2C8FHDJ5XD22KX045BY,01JZ170DPRHYGRH6M74WMGZ8J5,2025-06-30T20:17:43.816245011Z,01JZ170DSBT7R80F1BC6BFNZAP,2025-06-30T20:17:43.816245011Z,01JZ177S5KY8F9N4218V4EVNPY,2025-06-30T20:17:43.816245011Z,01JZ17JC31V9W433CZ54VPSDCC,2025-06-30T20:17:43.816245011Z
01JZ17T8FKHWM23G1YWYAQHTRT,01JZ170DPRHYGRH6M74WMGZ8J5,2025-06-30T20:17:50.067948278Z,01JZ170DSTXK5Z1DV671606E6A,2025-06-30T20:17:50.067948278Z,01JZ17DP10NW99AE12W6233E2P,2025-06-30T20:17:50.067948278Z,01JZ17J85SANMZWN2QB7PBGCW6,2025-06-30T20:17:50.067948278Z
01JZ18SSJ10HJ6VHQD7MYAQE1V,01JZ18G4TN4FH7205KTQTFE7PM,2025-06-30T20:35:03.362031064Z,01JZ18G4YK3PSP6R2PNWBA4P8S,2025-06-30T20:35:03.362031064Z,01JZ18JABGMJD5Y1TTH0BJFJ2C,2025-06-30T20:35:03.362031064Z,01JZ18QWBAHK4T4H0VEYDTYNA4,2025-06-30T20:35:03.362031064Z
01JZ1AAT1J6H1QQH6V68Q94AXB,01JZ19VEXCKVX740B60X4W6PQN,2025-06-30T21:01:49.490654425Z,01JZ19VF5YA4VZJRJDVJVY1XBY,2025-06-30T21:01:49.490654425Z,01JZ19XHW6DGGPDJ4763JBPGZ5,2025-06-30T21:01:49.490654425Z,01JZ1AAR1060BHD991DM45EP7A,2025-06-30T21:01:49.490654425Z
01JZ1FA6ZH3C9W4DA9RBPMQCTF,01JZ1E916HBESJXS5SJ82BFZ21,2025-06-30T22:28:52.849205065Z,01JZ1E91Q18GQE49C0XSDVMF75,2025-06-30T22:28:52.849205065Z,01JZ1EEDS4AMSMWB9W2CPSXDHE,2025-06-30T22:28:52.849205065Z,01JZ1F2J935JRBEA3AYQ9DM75Z,2025-06-30T22:28:52.849205065Z
01JZ17M7D2EYTSJPFAYCBVSTCC,01JZ170DPRHYGRH6M74WMGZ8J5,2025-06-30T20:14:32.354696428Z,01JZ170DRWH3Q5VEKFYTCWXCB9,2025-06-30T20:14:32.354696428Z,01JZ179F3PP1PB0BWJA9TNG5TN,2025-06-30T20:14:32.354696428Z,01JZ17M636G6YCD0BAJGQEKJNP,2025-06-30T20:14:32.354696428Z
01JZ17RTKGNFM83H1K6EEJD9DG,01JZ170DPRHYGRH6M74WMGZ8J5,2025-06-30T20:17:03.088258322Z,01JZ170DSP5HFMBRZWFQV8RFVC,2025-06-30T20:17:03.088258322Z,01JZ17P1EBWH8TSGC8FNQFNMW7,2025-06-30T20:17:03.088258322Z,01JZ17RSK3N0BNCJAFQS3YEYB5,2025-06-30T20:17:03.088258322Z
01JZ190R85M356E1XK6DXVV70W,01JZ18QHX9XGN83K6T42FK97D5,2025-06-30T20:38:51.397588872Z,01JZ18QHZ9KPT0XZ66BZ9ZB89K,2025-06-30T20:38:51.397588872Z,01JZ18VHSP5WBV88CARNF83RF7,2025-06-30T20:38:51.397588872Z,01JZ190NGFZQKP3C3J9CSTAF6G,2025-06-30T20:38:51.397588872Z
01JZ19FNEHFKG4GQ5622H64Y9R,01JZ18R9CHSHJ2BAJZ4M4PAW2X,2025-06-30T20:47:00.049524926Z,01JZ18RA3DBE17YR6D8FEXRWFY,2025-06-30T20:47:00.049524926Z,01JZ195RS4X3R0XZXASS7J2F2G,2025-06-30T20:47:00.049524926Z,01JZ197W14H2E21R9QXHCJTQ3G,2025-06-30T20:47:00.049524926Z
01JZ1BS1V8TEVJK0X831642JK0,01JZ1B1VZ9TM9N3252XVVAH9DZ,2025-06-30T21:27:04.808914895Z,01JZ1B1W68Y1JCNSRHTZJR0WTB,2025-06-30T21:27:04.808914895Z,01JZ1B62EVJPYFB1CKMM3NTQNK,2025-06-30T21:27:04.808914895Z,01JZ1BH45TYYSNR9HRYXWTVB04,2025-06-30T21:27:04.808914895Z
01JZ1CJ3XV5PATP97DV2MD5VTA,01JZ1BX7WQMA45G0E33EEHJ3V9,2025-06-30T21:40:46.139711627Z,01JZ1BX82RNFGPPA94NES9507T,2025-06-30T21:40:46.139711627Z,01JZ1C98HS2FRFHZKQAPAW4FY4,2025-06-30T21:40:46.139711627Z,01JZ1CAKT98V8807YMXA32C8M0,2025-06-30T21:40:46.139711627Z
01JZ1GFSM87DYG7ADQD3EY110V,01JZ1G29Q82GQAKEXSK2E7NK3R,2025-06-30T22:49:24.360224731Z,01JZ1G2A6YM039KVE3FBKDN5TM,2025-06-30T22:49:24.360224731Z,01JZ1G5Y4DKCPQ2K5FM2F479YF,2025-06-30T22:49:24.360224731Z,01JZ1GDRQETQFVFT79CV7FCC6X,2025-06-30T22:49:24.360224731Z
01JZ17QGTNWZ3SNAXR84VQYE4S,01JZ170DPRHYGRH6M74WMGZ8J5,2025-06-30T20:16:20.309257578Z,01JZ170DRRRWN613C5WJQ8B5Q6,2025-06-30T20:16:20.309257578Z,01JZ17A832XNJZN2KK8205TMZH,2025-06-30T20:16:20.309257578Z,01JZ17G52QXC0MC4VA0YJ9E9HN,2025-06-30T20:16:20.309257578Z
01JZ17VGSCQNRTZP5CQYB4T5RZ,01JZ170DPRHYGRH6M74WMGZ8J5,2025-06-30T20:18:31.340760276Z,01JZ170DSWJ6311N72HPSQWG9K,2025-06-30T20:18:31.340760276Z,01JZ178GZ31S8C5ECRC86PTTAS,2025-06-30T20:18:31.340760276Z,01JZ17KG5FZCMZS2YJVCAZ741Y,2025-06-30T20:18:31.340760276Z
01JZ1BXSTSBYFKSB5NYJQ5RJ6Z,01JZ1B1VZ9TM9N3252XVVAH9DZ,2025-06-30T21:29:40.441652285Z,01JZ1B1W4RP0VXDDKCJTNKM3AX,2025-06-30T21:29:40.441652285Z,01JZ1BHJS3735357S2TBZ4T5W4,2025-06-30T21:29:40.441652285Z,01JZ1BNY9GCVDPARZTZ60Y7363,2025-06-30T21:29:40.441652285Z
01JZ1BY4BKRCMW1MZ79C397RS9,01JZ1B1VZ9TM9N3252XVVAH9DZ,2025-06-30T21:29:51.219217337Z,01JZ1B1W4RP0VXDDKCJTNKM3AX,2025-06-30T21:29:51.219217337Z,01JZ1B80W46R4JBTV3ZZ1YXW46,2025-06-30T21:29:51.219217337Z,01JZ1BNYAYY2K6CJZRYSXBEGH5,2025-06-30T21:29:51.219217337Z
01JZ1C81GE6SMZM5CN6ZWYFT34,01JZ1BX7WQMA45G0E33EEHJ3V9,2025-06-30T21:35:15.982478289Z,01JZ1BX81RJBYPGNM468STZ9YH,2025-06-30T21:35:15.982478289Z,01JZ1BZM7HWWQQ5DW0EFWDSAQF,2025-06-30T21:35:15.982478289Z,01JZ1C7YGHR2442RHDR5SXSPGQ,2025-06-30T21:35:15.982478289Z
01JZ1C87KDQ428D1VYNVNJQ84G,01JZ1BX7WQMA45G0E33EEHJ3V9,2025-06-30T21:35:22.221121416Z,01JZ1BX849RGFMRNF1WR9VXVPD,2025-06-30T21:35:22.221121416Z,01JZ1C6CTMT28Z0M14S1H6T07Y,2025-06-30T21:35:22.221121416Z,01JZ1C84NV5HP0B6N4ET0C4V87,2025-06-30T21:35:22.221121416Z
01JZ17HP637WEE51VNB39D12EG,01JZ170DPRHYGRH6M74WMGZ8J5,2025-06-30T20:13:09.187229571Z,01JZ170DS8YWG03GZVY59N3JD0,2025-06-30T20:13:09.187229571Z,01JZ176HDV9KWWBADR549HVXXJ,2025-06-30T20:13:09.187229571Z,01JZ17HNMC395BYG9QN2MAW1BJ,2025-06-30T20:13:09.187229571Z
01JZ18SJR74WE4VP5GZ92HVH19,01JZ18G4TN4FH7205KTQTFE7PM,2025-06-30T20:34:56.391294424Z,01JZ18G4ZPD0G0WRB3ZSNJ4KSW,2025-06-30T20:34:56.391294424Z,01JZ18KHM8GJ48PE7RRH6Y4W94,2025-06-30T20:34:56.391294424Z,01JZ18QMDSQREXVSZ9J332HVG7,2025-06-30T20:34:56.391294424Z
01JZ190R8SPHHGADEDASMRQ705,01JZ18QHX9XGN83K6T42FK97D5,2025-06-30T20:38:51.417566499Z,01JZ18QHZ9KPT0XZ66BZ9ZB89K,2025-06-30T20:38:51.417566499Z,01JZ18VC89HN16T8VX0M60S31S,2025-06-30T20:38:51.417566499Z,01JZ190NGFZQKP3C3J9CSTAF6G,2025-06-30T20:38:51.417566499Z
01JZ1BJ4XQZB235NW5362THFMY,01JZ1B1VZ9TM9N3252XVVAH9DZ,2025-06-30T21:23:18.583630087Z,01JZ1B1W6S117BH8HCA7NH9R7E,2025-06-30T21:23:18.583630087Z,01JZ1B3PFQZWK1B01E0NW7J1B1,2025-06-30T21:23:18.583630087Z,01JZ1BAHDKSRY9Y8MMEK86CJS4,2025-06-30T21:23:18.583630087Z
01JZ1GG8D5X7VKP9E8AY433QC1,01JZ1G29Q82GQAKEXSK2E7NK3R,2025-06-30T22:49:39.493846333Z,01JZ1G2A24PAZYJHH2EQFGJG7N,2025-06-30T22:49:39.493846333Z,01JZ1G82YG8RECYV7TAMBGD9YX,2025-06-30T22:49:39.493846333Z,01JZ1GG46B57R07ZV286SM8BX0,2025-06-30T22:49:39.493846333Z
01JZ17JXTKWMCXFB0YS8QWNPYK,01JZ170DPRHYGRH6M74WMGZ8J5,2025-06-30T20:13:49.779192524Z,01JZ170DRXVGFVP20P8DK3M491,2025-06-30T20:13:49.779192524Z,01JZ17BF7NX0X3DRNTNKBRP4A9,2025-06-30T20:13:49.779192524Z,01JZ17H2JKQXYPBGV7RRHN6ECY,2025-06-30T20:13:49.779192524Z
01JZ17VNG2X9492W4AEDSK6WMT,01JZ170DPRHYGRH6M74WMGZ8J5,2025-06-30T20:18:36.162473794Z,01JZ170DSR5F2SARFX61BD5BFD,2025-06-30T20:18:36.162473794Z,01JZ17BSGD1ZFE3AGW45TSH40F,2025-06-30T20:18:36.162473794Z,01JZ17M8TTAADH96H16B5Q2KVN,2025-06-30T20:18:36.162473794Z
01JZ1GNM88936VGN7V9G6ADBYG,01JZ1G29Q82GQAKEXSK2E7NK3R,2025-06-30T22:52:35.464221866Z,01JZ1G2A9825Q9R0AFVXQNTR63,2025-06-30T22:52:35.464221866Z,01JZ1G559C6P7CY3FSGY2MAEHK,2025-06-30T22:52:35.464221866Z,01JZ1GKM3A5ATBGFJSYTP1DWZY,2025-06-30T22:52:35.464221866Z
01JZ1GWX6NETJSTTJ7V2KT0K1X,01JZ1G29Q82GQAKEXSK2E7NK3R,2025-06-30T22:56:34.005507399Z,01JZ1G29XRNS92G9JYEX4H033M,2025-06-30T22:56:34.005507399Z,01JZ1G630GW64096KNZNG4RDAZ,2025-06-30T22:56:34.005507399Z,01JZ1GM6FVX8G2G466W7T4K4VT,2025-06-30T22:56:34.005507399Z
01JZ17G5H1X04B46PNJSBR8SJV,01JZ170DPRHYGRH6M74WMGZ8J5,2025-06-30T20:12:19.361828383Z,01JZ170DRRRWN613C5WJQ8B5Q6,2025-06-30T20:12:19.361828383Z,01JZ17D5ERR5YZYXD6Y3AFJ1M0,2025-06-30T20:12:19.361828383Z,01JZ17G526V3QE34K6X6V2S8DM,2025-06-30T20:12:19.361828383Z
01JZ1BSCYR1VEZJKXF2J2N8MKX,01JZ1B1VZ9TM9N3252XVVAH9DZ,2025-06-30T21:27:16.185032569Z,01JZ1B1W68Y1JCNSRHTZJR0WTB,2025-06-30T21:27:16.185032569Z,01JZ1BEDAMJRCNYC6ZRWR4EWKQ,2025-06-30T21:27:16.185032569Z,01JZ1BH4CC6N46FP386VHR81G9,2025-06-30T21:27:16.185032569Z
01JZ1BSWPHEY4KGX9Z15FVTKYV,01JZ1B1VZ9TM9N3252XVVAH9DZ,2025-06-30T21:27:32.30572942Z,01JZ1B1W46BH5YH0XYSE8KJRBK,2025-06-30T21:27:32.30572942Z,01JZ1B811D0DJD23YQN2DZYBGD,2025-06-30T21:27:32.30572942Z,01JZ1BJ1EF1GE16G0A1JBEPRNS,2025-06-30T21:27:32.30572942Z
01JZ1ETWQD0V3B28TDRP2WMQM9,01JZ1E916HBESJXS5SJ82BFZ21,2025-06-30T22:20:30.829673102Z,01JZ1E91HHYKGR583PHV4V6JXR,2025-06-30T22:20:30.829673102Z,01JZ1EFK9EEAEM2ASPQWEXC3TB,2025-06-30T22:20:30.829673102Z,01JZ1ERV8NQ1N608W7HC4Y405V,2025-06-30T22:20:30.829673102Z
01JZ1GTECER1TY59EXNY61YFM8,01JZ1G29Q82GQAKEXSK2E7NK3R,2025-06-30T22:55:13.294369941Z,01JZ1G2ACHC2PPHGNQVYG69GCY,2025-06-30T22:55:13.294369941Z,01JZ1ESY682HMD53AEGK9VD2YT,2025-06-30T22:55:13.294369941Z,01JZ1GJGBZK6FPCHNSHYQ9VVWK,2025-06-30T22:55:13.294369941Z
01JZ17SJPE38JZ26GV9TH49FHN,01JZ170DPRHYGRH6M74WMGZ8J5,2025-06-30T20:17:27.758096656Z,01JZ170DS434CCJM920VN081CV,2025-06-30T20:17:27.758096656Z,01JZ17A78DPNXD645MNCYQ5HYS,2025-06-30T20:17:27.758096656Z,01JZ17HX12C9Q5A1V342FH26JF,2025-06-30T20:17:27.758096656Z
01JZ18R9VRW3M72C78PZM4CP9G,01JZ18G4TN4FH7205KTQTFE7PM,2025-06-30T20:34:14.520849986Z,01JZ18G512YK4K14AJW1A4KQT5,2025-06-30T20:34:14.520849986Z,01JZ18JCRWSH5Z1V97KVRN4VV2,2025-06-30T20:34:14.520849986Z,01JZ18R8B98P4BYKECZBPDN4K7,2025-06-30T20:34:14.520849986Z
01JZ1ACNT8YY5X9YJBDP373R9E,01JZ19VEXCKVX740B60X4W6PQN,2025-06-30T21:02:50.69614329Z,01JZ19VF5YA4VZJRJDVJVY1XBY,2025-06-30T21:02:50.69614329Z,01JZ19Y068YTBSDNPDANA6K38M,2025-06-30T21:02:50.69614329Z,01JZ1AAR361JZ1CYXHJ50PJVG2,2025-06-30T21:02:50.69614329Z
01JZ1BNSBKGK37EZ45DNFJBFQ7,01JZ1B1VZ9TM9N3252XVVAH9DZ,2025-06-30T21:25:17.811654718Z,01JZ1B1W5TAZ0C76DBH0ZAEY5X,2025-06-30T21:25:17.811654718Z,01JZ1B4W32576VKF9GY80WC648,2025-06-30T21:25:17.811654718Z,01JZ1BNNDP6X2S9Y1STMRSC69M,2025-06-30T21:25:17.811654718Z
01JZ1BSWQAJBF96B1V2R7PDYBF,01JZ1B1VZ9TM9N3252XVVAH9DZ,2025-06-30T21:27:32.331050262Z,01JZ1B1W46BH5YH0XYSE8KJRBK,2025-06-30T21:27:32.331050262Z,01JZ1B53Y9CT8RBFCFDJ7CMETA,2025-06-30T21:27:32.331050262Z,01JZ1BJ1EF1GE16G0A1JBEPRNS,2025-06-30T21:27:32.331050262Z
01JZ17S1PPVK9J3V5MM8JG6T1P,01JZ170DPRHYGRH6M74WMGZ8J5,2025-06-30T20:17:10.358193933Z,01JZ170DS8YWG03GZVY59N3JD0,2025-06-30T20:17:10.358193933Z,01JZ176HDV9KWWBADR549HVXXJ,2025-06-30T20:17:10.358193933Z,01JZ17HNMJKGSE7QCGZDT7R79G,2025-06-30T20:17:10.358193933Z
01JZ19013VYS2E1ZZRMAX4GWNS,01JZ18G4TN4FH7205KTQTFE7PM,2025-06-30T20:38:27.707384803Z,01JZ18G512YK4K14AJW1A4KQT5,2025-06-30T20:38:27.707384803Z,01JZ18M3Q90QHFJ7P7ZKCP4M1K,2025-06-30T20:38:27.707384803Z,01JZ18R8C449S3PJKZXB5RXQ2D,2025-06-30T20:38:27.707384803Z
01JZ190BZHXMW5CE29BK6S8ATM,01JZ18G4TN4FH7205KTQTFE7PM,2025-06-30T20:38:38.833719308Z,01JZ18G4WPK6V9JKZAVKNYS3NB,2025-06-30T20:38:38.833719308Z,01JZ18K1EBQ2BSVM3H7XBRVG61,2025-06-30T20:38:38.833719308Z,01JZ18RRASEVE9RRSH50SEW5V6,2025-06-30T20:38:38.833719308Z
01JZ1AAF4DQ6K6HA8EP7FMG5SF,01JZ19VEXCKVX740B60X4W6PQN,2025-06-30T21:01:38.317965228Z,01JZ19VF81DTYMGWYB0TAJKDWY,2025-06-30T21:01:38.317965228Z,01JZ1A30PSDQTAMK68V3KKNNKC,2025-06-30T21:01:38.317965228Z,01JZ1AABJ0BY70FX8865HSNR55,2025-06-30T21:01:38.317965228Z
01JZ1BAMVCVP8Z1RM5000XZJBK,01JZ1B1VZ9TM9N3252XVVAH9DZ,2025-06-30T21:19:12.748179579Z,01JZ1B1W6S117BH8HCA7NH9R7E,2025-06-30T21:19:12.748179579Z,01JZ1B4JZ145G1JXSZ180MKZQ7,2025-06-30T21:19:12.748179579Z,01JZ1BAHADH4W4M1AJ6DNKBPWK,2025-06-30T21:19:12.748179579Z
01JZ18NSGMXFS7B4TQGKHJ84SF,01JZ18G4TN4FH7205KTQTFE7PM,2025-06-30T20:32:52.244679118Z,01JZ18G4ZDA13FR053ZT1R1FPF,2025-06-30T20:32:52.244679118Z,01JZ18JPT9JN6KKGXMDR9K6K49,2025-06-30T20:32:52.244679118Z,01JZ18NR5AG219ZPCM6XMBS475,2025-06-30T20:32:52.244679118Z
01JZ1ACAJ405JM0FRJPZSRYTRR,01JZ19VEXCKVX740B60X4W6PQN,2025-06-30T21:02:39.172831954Z,01JZ19VF81DTYMGWYB0TAJKDWY,2025-06-30T21:02:39.172831954Z,01JZ19Y0D04KSPZSGRXD2GWN5G,2025-06-30T21:02:39.172831954Z,01JZ1AABK962FFJZTPD33N3VKP,2025-06-30T21:02:39.172831954Z
01JZ1CMDVEKDQ8TK9B6G1440Z4,01JZ1C4XJFQQ45ZHGATAXVBX0J,2025-06-30T21:42:01.838796522Z,01JZ1C4XNE4VHGMR9JDZS6Y7F9,2025-06-30T21:42:01.838796522Z,01JZ1CH99SCVGB71HN39473CFW,2025-06-30T21:42:01.838796522Z,01JZ1CM9HSWSHAX9FB9M6KQ29W,2025-06-30T21:42:01.838796522Z
01JZ1CWJ2GW2S7RM0JJ73DPCJ3,01JZ1C4XJFQQ45ZHGATAXVBX0J,2025-06-30T21:46:28.304522184Z,01JZ1C4XNE4VHGMR9JDZS6Y7F9,2025-06-30T21:46:28.304522184Z,01JZ1CF8R7DWBKG9F2768N54QZ,2025-06-30T21:46:28.304522184Z,01JZ1CM9QBAFQHGRA086T0Q56G,2025-06-30T21:46:28.304522184Z
01JZ18Y10NANMHEQT0R2XJ4DD7,01JZ18G4TN4FH7205KTQTFE7PM,2025-06-30T20:37:22.069419175Z,01JZ18G50PJASP911XB82AW46K,2025-06-30T20:37:22.069419175Z,01JZ18KCZAP8MJWF3YFSDPP92T,2025-06-30T20:37:22.069419175Z,01JZ18P6NBJ7Z652WDFV9M7NT4,2025-06-30T20:37:22.069419175Z
01JZ18P8VZECNXZ65KPBTWYQ5G,01JZ18G4TN4FH7205KTQTFE7PM,2025-06-30T20:33:07.967190787Z,01JZ18G50PJASP911XB82AW46K,2025-06-30T20:33:07.967190787Z,01JZ18KAD3ET3YWT2B268D40PX,2025-06-30T20:33:07.967190787Z,01JZ18P6KKP6YDW0ZB2JNENH81,2025-06-30T20:33:07.967190787Z
01JZ1918YH3RDGRRGN8X8XED8T,01JZ18G4TN4FH7205KTQTFE7PM,2025-06-30T20:39:08.497183084Z,01JZ18G4WPK6V9JKZAVKNYS3NB,2025-06-30T20:39:08.497183084Z,01JZ18HQA6W5BPMK1V3RE89H1N,2025-06-30T20:39:08.497183084Z,01JZ18RR9VM7GJWMP15BXNKK3H,2025-06-30T20:39:08.497183084Z
01JZ17J8NQ8TSS312Z3C2V8JRY,01JZ170DPRHYGRH6M74WMGZ8J5,2025-06-30T20:13:28.119933602Z,01JZ170DSTXK5Z1DV671606E6A,2025-06-30T20:13:28.119933602Z,01JZ17DP10NW99AE12W6233E2P,2025-06-30T20:13:28.119933602Z,01JZ17J857XXAY88RJQ7RDXDN1,2025-06-30T20:13:28.119933602Z
01JZ18XNPAEBR8MWJFHZCWH72E,01JZ18G4TN4FH7205KTQTFE7PM,2025-06-30T20:37:10.474396441Z,01JZ18G50PJASP911XB82AW46K,2025-06-30T20:37:10.474396441Z,01JZ18M00QARBD4YKJZDM6JQBC,2025-06-30T20:37:10.474396441Z,01JZ18P6MTEX79E96T9HBXCMA3,2025-06-30T20:37:10.474396441Z
01JZ18YG6MZFP86F9RN3WYW9FE,01JZ18G4TN4FH7205KTQTFE7PM,2025-06-30T20:37:37.620829697Z,01JZ18G4Y1ABZPJ815NAWEN19T,2025-06-30T20:37:37.620829697Z,01JZ18HQKYW690RKTXSRY6QQQ2,2025-06-30T20:37:37.620829697Z,01JZ18PMFKK6H14YD886P3HZXA,2025-06-30T20:37:37.620829697Z
01JZ1BMMCHNB00G2TMDG3KF49A,01JZ1B1VZ9TM9N3252XVVAH9DZ,2025-06-30T21:24:39.95396641Z,01JZ1B1W2WT8MR9NJ7RDDSFH2M,2025-06-30T21:24:39.95396641Z,01JZ1B56KN8DYJ21G7YK1NVQR0,2025-06-30T21:24:39.95396641Z,01JZ1BD44PFFYBYMY5MP17VM3Y,2025-06-30T21:24:39.95396641Z
01JZ1BSHFD0ZHHJV68TCX5BYJY,01JZ1B1VZ9TM9N3252XVVAH9DZ,2025-06-30T21:27:20.813207215Z,01JZ1B1W46BH5YH0XYSE8KJRBK,2025-06-30T21:27:20.813207215Z,01JZ1B9W35DBJAZZ7ZHMPZZDPP,2025-06-30T21:27:20.813207215Z,01JZ1BJ1CD7PGGMV0A6YRMHSQJ,2025-06-30T21:27:20.813207215Z
01JZ17NTZYVGKMYQEHJA40SHCE,01JZ170DPRHYGRH6M74WMGZ8J5,2025-06-30T20:15:25.182069905Z,01JZ170DS0283SZNEN95XAWWS4,2025-06-30T20:15:25.182069905Z,01JZ17G9ZFDP0QC4ASAB62EXYP,2025-06-30T20:15:25.182069905Z,01JZ17NT644PA1MKM9DXCD13F1,2025-06-30T20:15:25.182069905Z
01JZ18XR5ZSJQH1DB4QFNKE3EB,01JZ18G4TN4FH7205KTQTFE7PM,2025-06-30T20:37:13.024041637Z,01JZ18G4X5EPR69QT64DVYQXFJ,2025-06-30T20:37:13.024041637Z,01JZ18J0PFCTBHRZ327Y7ADC0R,2025-06-30T20:37:13.024041637Z,01JZ18PAPJXR5K55YMBBDH8RCF,2025-06-30T20:37:13.024041637Z
01JZ1GP7F9J0J8GXCW4HH7FDB6,01JZ1G29Q82GQAKEXSK2E7NK3R,2025-06-30T22:52:55.14511676Z,01JZ1G29XRNS92G9JYEX4H033M,2025-06-30T22:52:55.14511676Z,01JZ1G6RSPQGYECJMX7N6G6VY8,2025-06-30T22:52:55.14511676Z,01JZ1GM688HKS6CMQAXCQKE8GC,2025-06-30T22:52:55.14511676Z
01JZ18RSWDNX1ZWRRNRGFMPFV4,01JZ18G4TN4FH7205KTQTFE7PM,2025-06-30T20:34:30.925661388Z,01JZ18G4WPK6V9JKZAVKNYS3NB,2025-06-30T20:34:30.925661388Z,01JZ18JMHXTQBMPEHHS7NP2031,2025-06-30T20:34:30.925661388Z,01JZ18RRBME3EX7FDX35TW0HT5,2025-06-30T20:34:30.925661388Z
01JZ18TMYVTKG7JXHV58KNEJE2,01JZ18G4TN4FH7205KTQTFE7PM,2025-06-30T20:35:31.419255683Z,01JZ18G4WPK6V9JKZAVKNYS3NB,2025-06-30T20:35:31.419255683Z,01JZ18M2HA1EB5SFB14JH49GDB,2025-06-30T20:35:31.419255683Z,01JZ18RRB5PTFQB2DKPHTKH4V3,2025-06-30T20:35:31.419255683Z
01JZ18XNNAERSQDN0S1XPS901K,01JZ18G4TN4FH7205KTQTFE7PM,2025-06-30T20:37:10.442664556Z,01JZ18G50PJASP911XB82AW46K,2025-06-30T20:37:10.442664556Z,01JZ18JWY9W1XWEWVGSNZXRKZN,2025-06-30T20:37:10.442664556Z,01JZ18P6MTEX79E96T9HBXCMA3,2025-06-30T20:37:10.442664556Z
01JZ1917ACX34A4RQ7W6R518X1,01JZ18G4TN4FH7205KTQTFE7PM,2025-06-30T20:39:06.828656748Z,01JZ18G4Z7SR18DC8PDBR22HS5,2025-06-30T20:39:06.828656748Z,01JZ18JCX14E3JYTT1AT1DNHJS,2025-06-30T20:39:06.828656748Z,01JZ18S8XT12G8V1PAKVTN6A36,2025-06-30T20:39:06.828656748Z
01JZ19AGN1TK22P81N45YE5J7X,01JZ18R9CHSHJ2BAJZ4M4PAW2X,2025-06-30T20:44:11.297958936Z,01JZ18RA48YSHMY5EWBJ9E61V2,2025-06-30T20:44:11.297958936Z,01JZ18ZEQE5SB9NASAZX93YXN4,2025-06-30T20:44:11.297958936Z,01JZ192CNEKC6N4P48X5TV6GWX,2025-06-30T20:44:11.297958936Z
01JZ1F54QWCV1Q4SNSJ5AXGS3E,01JZ1E916HBESJXS5SJ82BFZ21,2025-06-30T22:26:06.716732129Z,01JZ1E91MDHZVF6NVBEDDVGZWT,2025-06-30T22:26:06.716732129Z,01JZ1EDVQZ0X09D6ACA1N9J2V2,2025-06-30T22:26:06.716732129Z,01JZ1EWVP1M7JC9JTKB8V2PJTM,2025-06-30T22:26:06.716732129Z
01JZ1FAWPC6MCEZQ4TRFR2GEV0,01JZ1E916HBESJXS5SJ82BFZ21,2025-06-30T22:29:15.084691257Z,01JZ1E91Q18GQE49C0XSDVMF75,2025-06-30T22:29:15.084691257Z,01JZ1EEDS4AMSMWB9W2CPSXDHE,2025-06-30T22:29:15.084691257Z,01JZ1F2JFXFJKGVW4BE73GT7FW,2025-06-30T22:29:15.084691257Z
01JZ17MFFAC9HWRD2MAZK2NERC,01JZ170DPRHYGRH6M74WMGZ8J5,2025-06-30T20:14:40.618742586Z,01JZ170DS434CCJM920K0JDY80,2025-06-30T20:14:40.618742586Z,01JZ17BZXCKBRDGQ6529TYVNY6,2025-06-30T20:14:40.618742586Z,01JZ17MES4H49TCFWXHCBDV2WP,2025-06-30T20:14:40.618742586Z
01JZ1AQDWV4S32P091TYF1JGWE,01JZ19VEXCKVX740B60X4W6PQN,2025-06-30T21:08:43.035480783Z,01JZ19VF4XXDC5SP97SM18G8VM,2025-06-30T21:08:43.035480783Z,01JZ1ANH2BAB5BYK2XY4CKB2EM,2025-06-30T21:08:43.035480783Z,01JZ1AQBF58925C38R5NVE04TV,2025-06-30T21:08:43.035480783Z
01JZ1ATGKWC1MEZBTSN77DJ8DM,01JZ19VEXCKVX740B60X4W6PQN,2025-06-30T21:10:24.124817797Z,01JZ19VF3FCDRKA7RA8CE3SQDH,2025-06-30T21:10:24.124817797Z,01JZ19WY3ATKAJQ5V1K5TAB38J,2025-06-30T21:10:24.124817797Z,01JZ1AK0G5B46WY2VWCGE07ZNR,2025-06-30T21:10:24.124817797Z
01JZ1BQN8EH3B87GKPHQKHH398,01JZ1B1VZ9TM9N3252XVVAH9DZ,2025-06-30T21:26:19.150936751Z,01JZ1B1W5TAZ0C76DBH0ZAEY5X,2025-06-30T21:26:19.150936751Z,01JZ1B42FGZXM24HBWN8AZM67K,2025-06-30T21:26:19.150936751Z,01JZ1BNNFF9MV2BR5CAE8TGEYC,2025-06-30T21:26:19.150936751Z
01JZ1BS1RF001DNN0JEA9C9JE8,01JZ1B1VZ9TM9N3252XVVAH9DZ,2025-06-30T21:27:04.719078711Z,01JZ1B1W68Y1JCNSRHTZJR0WTB,2025-06-30T21:27:04.719078711Z,01JZ1B483R9XXNDJ9MZBRK2ZQ1,2025-06-30T21:27:04.719078711Z,01JZ1BH45TYYSNR9HRYXWTVB04,2025-06-30T21:27:04.719078711Z
01JZ1DM5TJ3XAYJZTKTM7Y5BZ7,01JZ1D0RX94M7HHBAJDNGV8QRS,2025-06-30T21:59:22.194374527Z,01JZ1D0S14X3T6948SDJVF454K,2025-06-30T21:59:22.194374527Z,01JZ1D8RW634M5KPJ3DDHQYDRD,2025-06-30T21:59:22.194374527Z,01JZ1DCMPT24SY5ZG1DM3G6TK4,2025-06-30T21:59:22.194374527Z
01JZ18ZG0EMZWZ69N3H63SCXTR,01JZ18G4TN4FH7205KTQTFE7PM,2025-06-30T20:38:10.190651009Z,01JZ18G4ZPD0G0WRB3ZSNJ4KSW,2025-06-30T20:38:10.190651009Z,01JZ18HWWK8B66EBMNQPXM1R3H,2025-06-30T20:38:10.190651009Z,01JZ18QMEETMY6YTPVQZEX7GRT,2025-06-30T20:38:10.190651009Z
01JZ190C0HMQRXQGZP4MS5CB5Q,01JZ18G4TN4FH7205KTQTFE7PM,2025-06-30T20:38:38.865390383Z,01JZ18G4WPK6V9JKZAVKNYS3NB,2025-06-30T20:38:38.865390383Z,01JZ18HQA6W5BPMK1V3RE89H1N,2025-06-30T20:38:38.865390383Z,01JZ18RRASEVE9RRSH50SEW5V6,2025-06-30T20:38:38.865390383Z
01JZ1AAQ6ZN0657A3F2NJGD1DW,01JZ19VEXCKVX740B60X4W6PQN,2025-06-30T21:01:46.591870718Z,01JZ19VF9WCS5BMDRCPXZK6ZBF,2025-06-30T21:01:46.591870718Z,01JZ19XKK2V5414G0ST34MPS62,2025-06-30T21:01:46.591870718Z,01JZ1A8RTBQBGQ6B3M8DMQ82K3,2025-06-30T21:01:46.591870718Z
01JZ1EXFWA7AJTHX0ATRZ75NZ2,01JZ1E916HBESJXS5SJ82BFZ21,2025-06-30T22:21:55.978380128Z,01JZ1E91Z6K0ZJGCC53Q4JQWJP,2025-06-30T22:21:55.978380128Z,01JZ1EPVZGZEY9DBBKYD48H59H,2025-06-30T22:21:55.978380128Z,01JZ1EXBTQJWJW772Y9M5KFFJG,2025-06-30T22:21:55.978380128Z
01JZ17RC9P4KXSNZ319XPZBJPR,01JZ170DPRHYGRH6M74WMGZ8J5,2025-06-30T20:16:48.438249884Z,01JZ170DRQN15452AYS561M232,2025-06-30T20:16:48.438249884Z,01JZ177RVVNSCWMQHY3N3M9P3Y,2025-06-30T20:16:48.438249884Z,01JZ17RBBXJNB1SM787WX1GG11,2025-06-30T20:16:48.438249884Z
01JZ190YA2DBMS26TTRN8VPSRM,01JZ18G4TN4FH7205KTQTFE7PM,2025-06-30T20:38:57.60257862Z,01JZ18G4ZZG5A688HVVJGKBFVW,2025-06-30T20:38:57.60257862Z,01JZ18N06YG4ZMSQQQ92S1PQNP,2025-06-30T20:38:57.60257862Z,01JZ18RFR1W3YDRVBYSTVG4Z41,2025-06-30T20:38:57.60257862Z
01JZ1AJZEGSK0HRFWV3VDT8V21,01JZ19VEXCKVX740B60X4W6PQN,2025-06-30T21:06:17.168810354Z,01JZ19VF5YA4VZJRJDVJVY1XBY,2025-06-30T21:06:17.168810354Z,01JZ1A13JPV17BYBZFE5Z1TESS,2025-06-30T21:06:17.168810354Z,01JZ1AAQZXK1M56S8S8ENY419V,2025-06-30T21:06:17.168810354Z
01JZ1C9WT7X6Q85EGJ30F5P3N4,01JZ1BX7WQMA45G0E33EEHJ3V9,2025-06-30T21:36:16.711448088Z,01JZ1BX81RJBYPGNM468STZ9YH,2025-06-30T21:36:16.711448088Z,01JZ1C7E8DJFPWRMGRQW39DWYT,2025-06-30T21:36:16.711448088Z,01JZ1C7YHP92FZYZDSW8SB4C2V,2025-06-30T21:36:16.711448088Z
01JZ1DHNRBWA4HF7E9CM5ZDXQ0,01JZ1D0RX94M7HHBAJDNGV8QRS,2025-06-30T21:58:00.203556461Z,01JZ1D0S61XK8FZCNQBM2ZAEE6,2025-06-30T21:58:00.203556461Z,01JZ1D4E6V1F7QYCN1KQC77HPV,2025-06-30T21:58:00.203556461Z,01JZ1DHFZ809B1825QNPR8SJSM,2025-06-30T21:58:00.203556461Z
01JZ17HKFAMRVG0D042SKP5852,01JZ170DPRHYGRH6M74WMGZ8J5,2025-06-30T20:13:06.411412424Z,01JZ170DS32PJY8CQRMADJXFRG,2025-06-30T20:13:06.411412424Z,01JZ175Y8VG4DR6PWWKYJ4RHG5,2025-06-30T20:13:06.411412424Z,01JZ17HJYFQV3K1KSV87NRHNJ3,2025-06-30T20:13:06.411412424Z
01JZ17VZHTE8AZC8ZX76NT9CW4,01JZ170DPRHYGRH6M74WMGZ8J5,2025-06-30T20:18:46.458565735Z,01JZ170DSR5F2SARFX61BD5BFD,2025-06-30T20:18:46.458565735Z,01JZ17HAYAY9BSFK3RQNTEMCZ6,2025-06-30T20:18:46.458565735Z,01JZ17M8TM93SNDEV4TKQ8G5N0,2025-06-30T20:18:46.458565735Z
01JZ18V5YDW6JRTF0744YWK15Y,01JZ18G4TN4FH7205KTQTFE7PM,2025-06-30T20:35:48.813772325Z,01JZ18G4Z7SR18DC8PDBR22HS5,2025-06-30T20:35:48.813772325Z,01JZ18JCX14E3JYTT1AT1DNHJS,2025-06-30T20:35:48.813772325Z,01JZ18S8W382ZTX14ED28QZWFS,2025-06-30T20:35:48.813772325Z
01JZ1AM17R8HTRM7BA8BC0XMSV,01JZ19VEXCKVX740B60X4W6PQN,2025-06-30T21:06:51.76896143Z,01JZ19VF6XEW5FG377QGXCTRD1,2025-06-30T21:06:51.76896143Z,01JZ1A9Y4FG88CERVMWV547SJC,2025-06-30T21:06:51.76896143Z,01JZ1ACG7RFGJPNSR51K4JAEZ8,2025-06-30T21:06:51.76896143Z
01JZ17SX3BPF8Z8XF20VDSGJX0,01JZ170DPRHYGRH6M74WMGZ8J5,2025-06-30T20:17:38.411910471Z,01JZ170DS434CCJM920VN081CV,2025-06-30T20:17:38.411910471Z,01JZ17DF0FPMATGYC1VKMVTRWC,2025-06-30T20:17:38.411910471Z,01JZ17HX14FY8E41PWFYHSWJ2P,2025-06-30T20:17:38.411910471Z
01JZ18TEQYD22KYA92BFA9514W,01JZ18G4TN4FH7205KTQTFE7PM,2025-06-30T20:35:25.054440224Z,01JZ18G50G0GKPPCFSW2N0ZNW1,2025-06-30T20:35:25.054440224Z,01JZ18J6KD5BBAN05Q96NKJXCJ,2025-06-30T20:35:25.054440224Z,01JZ18RHFZ729S1GE13DM98H8Z,2025-06-30T20:35:25.054440224Z
01JZ1ACAJTDDN6AGN9PND78XK7,01JZ19VEXCKVX740B60X4W6PQN,2025-06-30T21:02:39.194622534Z,01JZ19VF81DTYMGWYB0TAJKDWY,2025-06-30T21:02:39.194622534Z,01JZ19XTEVTQG67NAP9C737569,2025-06-30T21:02:39.194622534Z,01JZ1AABK962FFJZTPD33N3VKP,2025-06-30T21:02:39.194622534Z
01JZ1AQDW3T4N3H85FWN8VX0RN,01JZ19VEXCKVX740B60X4W6PQN,2025-06-30T21:08:43.011858524Z,01JZ19VF4XXDC5SP97SM18G8VM,2025-06-30T21:08:43.011858524Z,01JZ19XD6XDCZFB3F08CC7HS0Y,2025-06-30T21:08:43.011858524Z,01JZ1AQBF58925C38R5NVE04TV,2025-06-30T21:08:43.011858524Z
01JZ1BXEX30B9WK4RXVW3DSD2T,01JZ1B1VZ9TM9N3252XVVAH9DZ,2025-06-30T21:29:29.251590393Z,01JZ1B1W4RP0VXDDKCJTNKM3AX,2025-06-30T21:29:29.251590393Z,01JZ1B4QMHRDEJR6YWEDX6CP6V,2025-06-30T21:29:29.251590393Z,01JZ1BNYAAW7XNTC5PXF53BARA,2025-06-30T21:29:29.251590393Z
01JZ17P50A2DF5PVNBWJCRHC0P,01JZ170DPRHYGRH6M74WMGZ8J5,2025-06-30T20:15:35.434744089Z,01JZ170DSR5F2SARFX61BD5BFD,2025-06-30T20:15:35.434744089Z,01JZ17BSGD1ZFE3AGW45TSH40F,2025-06-30T20:15:35.434744089Z,01JZ17M8SSZ2QHECS5BA0DPMCQ,2025-06-30T20:15:35.434744089Z
01JZ1F4XNM2KH00EJHPQ0M1BJS,01JZ1E916HBESJXS5SJ82BFZ21,2025-06-30T22:25:59.47665364Z,01JZ1E91Z6K0ZJGCC53Q4JQWJP,2025-06-30T22:25:59.47665364Z,01JZ1EMNNJSEW14RVAN4FX9H51,2025-06-30T22:25:59.47665364Z,01JZ1EXBXVJZ8CRFDNRZ1P5KCM,2025-06-30T22:25:59.47665364Z
01JZ1F5X4RS3HNPSCVD3BNDEG6,01JZ1E916HBESJXS5SJ82BFZ21,2025-06-30T22:26:31.704457603Z,01JZ1E91WFH0SPDF0PZ6G1349X,2025-06-30T22:26:31.704457603Z,01JZ1EAPTEQ3YCZAND0ZRHWRT7,2025-06-30T22:26:31.704457603Z,01JZ1EY0ZKJGN8776MBVTAFR24,2025-06-30T22:26:31.704457603Z
01JZ18RKKDPB492P8TRTB38TE3,01JZ18G4TN4FH7205KTQTFE7PM,2025-06-30T20:34:24.493866378Z,01JZ18G4Y1ABZPJ815NAWEN19T,2025-06-30T20:34:24.493866378Z,01JZ18JEHHPNBFM751TV8GEBJ2,2025-06-30T20:34:24.493866378Z,01JZ18PMF1481YNW4VF038RS60,2025-06-30T20:34:24.493866378Z
01JZ1A33VCN3JC35M6GJX1JNPS,01JZ19VEXCKVX740B60X4W6PQN,2025-06-30T20:57:37.388654385Z,01JZ19VF1X4TGM9HTAVFF08YB3,2025-06-30T20:57:37.388654385Z,01JZ19Y0A6E9M84HP9ZX2DCFTC,2025-06-30T20:57:37.388654385Z,01JZ1A31S02SDHSEM91H5D9K0N,2025-06-30T20:57:37.388654385Z
01JZ1BD782NT17ANVJRXM74EFR,01JZ1B1VZ9TM9N3252XVVAH9DZ,2025-06-30T21:20:37.122895541Z,01JZ1B1W2WT8MR9NJ7RDDSFH2M,2025-06-30T21:20:37.122895541Z,01JZ1B56KN8DYJ21G7YK1NVQR0,2025-06-30T21:20:37.122895541Z,01JZ1BD3WQZQC101K8A6FPPJ19,2025-06-30T21:20:37.122895541Z
01JZ1BF2QFHAFQVYC0JQ796KH1,01JZ1B1VZ9TM9N3252XVVAH9DZ,2025-06-30T21:21:38.031405589Z,01JZ1B1W2WT8MR9NJ7RDDSFH2M,2025-06-30T21:21:38.031405589Z,01JZ1BAVN5GCQ9KGRAEPYWSGEC,2025-06-30T21:21:38.031405589Z,01JZ1BD3Y8NHHCFXCV7WB08PE6,2025-06-30T21:21:38.031405589Z
01JZ1BNSEM2YCKMGC90E69W500,01JZ1B1VZ9TM9N3252XVVAH9DZ,2025-06-30T21:25:17.908401111Z,01JZ1B1W5TAZ0C76DBH0ZAEY5X,2025-06-30T21:25:17.908401111Z,01JZ1B3Y49GJFDA022ZKPSHE7M,2025-06-30T21:25:17.908401111Z,01JZ1BNNDP6X2S9Y1STMRSC69M,2025-06-30T21:25:17.908401111Z
01JZ1CAPRN0SDG6K6B6CB9CDEJ,01JZ1BX7WQMA45G0E33EEHJ3V9,2025-06-30T21:36:43.285339034Z,01JZ1BX82RNFGPPA94NES9507T,2025-06-30T21:36:43.285339034Z,01JZ1C8ESVRXKY79BT9BNGMME4,2025-06-30T21:36:43.285339034Z,01JZ1CAKSF4EN6M5TKS4NC6EX3,2025-06-30T21:36:43.285339034Z
01JZ1DMGHKP4PMNR48FZWQ7CXP,01JZ1D0RX94M7HHBAJDNGV8QRS,2025-06-30T21:59:33.171567651Z,01JZ1D0S14X3T6948SDJVF454K,2025-06-30T21:59:33.171567651Z,01JZ1D4M3DA9VHJGDM7TJDNSPA,2025-06-30T21:59:33.171567651Z,01JZ1DCMQRKF9BTHQ47K9AA4DG,2025-06-30T21:59:33.171567651Z
01JZ18RKJTDTMR26DJPNQDXHK4,01JZ18G4TN4FH7205KTQTFE7PM,2025-06-30T20:34:24.474809018Z,01JZ18G4Y1ABZPJ815NAWEN19T,2025-06-30T20:34:24.474809018Z,01JZ18HQKYW690RKTXSRY6QQQ2,2025-06-30T20:34:24.474809018Z,01JZ18PMF1481YNW4VF038RS60,2025-06-30T20:34:24.474809018Z
01JZ18X9GVWX3MPRR6MNT43DXB,01JZ18G4TN4FH7205KTQTFE7PM,2025-06-30T20:36:58.011513804Z,01JZ18G4ZDA13FR053ZT1R1FPF,2025-06-30T20:36:58.011513804Z,01JZ18HQSJCYE6M3YFJES1PERS,2025-06-30T20:36:58.011513804Z,01JZ18NR6HCE23W41F3CPVZTY3,2025-06-30T20:36:58.011513804Z
01JZ19179KZJ3JMYN3FAJ9ZACT,01JZ18G4TN4FH7205KTQTFE7PM,2025-06-30T20:39:06.8032683Z,01JZ18G4Z7SR18DC8PDBR22HS5,2025-06-30T20:39:06.8032683Z,01JZ18JM84GZ5542ST7BEW0RHN,2025-06-30T20:39:06.8032683Z,01JZ18S8XT12G8V1PAKVTN6A36,2025-06-30T20:39:06.8032683Z
01JZ1918ZZVF6049KV134F9W8K,01JZ18G4TN4FH7205KTQTFE7PM,2025-06-30T20:39:08.544041805Z,01JZ18G4WPK6V9JKZAVKNYS3NB,2025-06-30T20:39:08.544041805Z,01JZ18N0WE2W63AJ0S8AMFR80C,2025-06-30T20:39:08.544041805Z,01JZ18RR9VM7GJWMP15BXNKK3H,2025-06-30T20:39:08.544041805Z
01JZ1A33SH094QZKAWBV7MGHB9,01JZ19VEXCKVX740B60X4W6PQN,2025-06-30T20:57:37.329732089Z,01JZ19VF1X4TGM9HTAVFF08YB3,2025-06-30T20:57:37.329732089Z,01JZ19YP19TRXJV609GHDS9029,2025-06-30T20:57:37.329732089Z,01JZ1A31S02SDHSEM91H5D9K0N,2025-06-30T20:57:37.329732089Z
01JZ1AZ5P3M6R2A9DXTW10J9AQ,01JZ19VEXCKVX740B60X4W6PQN,2025-06-30T21:12:56.771499523Z,01JZ19VF4XXDC5SP97SM18G8VM,2025-06-30T21:12:56.771499523Z,01JZ1AFP0ZSM5GDN23SMJMVZTW,2025-06-30T21:12:56.771499523Z,01JZ1AQBH2AQ4HJ4SKYQ5374F4,2025-06-30T21:12:56.771499523Z
01JZ1BQX7GGRNP1TW7G3MX7NHD,01JZ1B1VZ9TM9N3252XVVAH9DZ,2025-06-30T21:26:27.312411058Z,01JZ1B1W4RP0VXDDKCJTNKM3AX,2025-06-30T21:26:27.312411058Z,01JZ1BJRR128B2311DSMJCH15V,2025-06-30T21:26:27.312411058Z,01JZ1BNY8P6J7MV2A9X36WMPD0,2025-06-30T21:26:27.312411058Z
01JZ1F0ES29K3XE0RQKFPNFBP0,01JZ1E916HBESJXS5SJ82BFZ21,2025-06-30T22:23:33.154792758Z,01JZ1E91HHYKGR583PHV4V6JXR,2025-06-30T22:23:33.154792758Z,01JZ1EQAMF1CPBT3C20MBYJDP4,2025-06-30T22:23:33.154792758Z,01JZ1ERV9TFSNXH7AMBAPNGSYN,2025-06-30T22:23:33.154792758Z
01JZ18SAKTX9Y29ZNJMDJ5BW31,01JZ18G4TN4FH7205KTQTFE7PM,2025-06-30T20:34:48.058762791Z,01JZ18G4Z7SR18DC8PDBR22HS5,2025-06-30T20:34:48.058762791Z,01JZ18NQPCFBGJDGFZ54XZESTD,2025-06-30T20:34:48.058762791Z,01JZ18S8VF5J1VCYDTJZFPF4QA,2025-06-30T20:34:48.058762791Z
01JZ1AJ9JA725AXBB9AP43YE2N,01JZ19VEXCKVX740B60X4W6PQN,2025-06-30T21:05:54.762691351Z,01JZ19VF5YA4VZJRJDVJVY1XBY,2025-06-30T21:05:54.762691351Z,01JZ19XQ9SYW5JG2B10Z2EXJ0C,2025-06-30T21:05:54.762691351Z,01JZ1AAR2NPD6QV68SPHG41X06,2025-06-30T21:05:54.762691351Z
01JZ1ES0MB47S3S4MPV46PFM3A,01JZ1E916HBESJXS5SJ82BFZ21,2025-06-30T22:19:29.291434276Z,01JZ1E91HHYKGR583PHV4V6JXR,2025-06-30T22:19:29.291434276Z,01JZ1EFK9EEAEM2ASPQWEXC3TB,2025-06-30T22:19:29.291434276Z,01JZ1ERV7ACEK1D4TDCD2JD7PV,2025-06-30T22:19:29.291434276Z
01JZ1F68W50X311CWAK6H4S8AS,01JZ1E916HBESJXS5SJ82BFZ21,2025-06-30T22:26:43.717302647Z,01JZ1E91SWVSXS6FK33QCMH9SP,2025-06-30T22:26:43.717302647Z,01JZ1F2TBXEZEKPK7X854K54D8,2025-06-30T22:26:43.717302647Z,01JZ1F45E1EEK0EVP02WHSXZM6,2025-06-30T22:26:43.717302647Z
01JZ182V1PJASZAKMX1Q17SREQ,01JZ170DPRHYGRH6M74WMGZ8J5,2025-06-30T20:22:31.222483792Z,01JZ170DS9MMA8EZAVKYS5SMHX,2025-06-30T20:22:31.222483792Z,01JZ17QM16148RHAHCPPZX620J,2025-06-30T20:22:31.222483792Z,01JZ17TR5GZK4V8170DT4PDB53,2025-06-30T20:22:31.222483792Z
01JZ18PNNT2WVFWEGS1CYKVA52,01JZ18G4TN4FH7205KTQTFE7PM,2025-06-30T20:33:21.082666329Z,01JZ18G4Y1ABZPJ815NAWEN19T,2025-06-30T20:33:21.082666329Z,01JZ18HQKYW690RKTXSRY6QQQ2,2025-06-30T20:33:21.082666329Z,01JZ18PME7D8TXGQRQ2CGSH14P,2025-06-30T20:33:21.082666329Z
01JZ18QR07GP3MS3GNT35KTG4P,01JZ18G4TN4FH7205KTQTFE7PM,2025-06-30T20:33:56.231171449Z,01JZ18G4ZDA13FR053ZT1R1FPF,2025-06-30T20:33:56.231171449Z,01JZ18JPT9JN6KKGXMDR9K6K49,2025-06-30T20:33:56.231171449Z,01JZ18NR677M02YFM90F21XHAA,2025-06-30T20:33:56.231171449Z
01JZ190CZWQ3Q6H4DTV92F22BB,01JZ18G4TN4FH7205KTQTFE7PM,2025-06-30T20:38:39.868399662Z,01JZ18G4ZZG5A688HVVJGKBFVW,2025-06-30T20:38:39.868399662Z,01JZ18N0JKWFKXBS82BQZ5RVQD,2025-06-30T20:38:39.868399662Z,01JZ18RFPSBYDPWWM1XEC3ZD1K,2025-06-30T20:38:39.868399662Z
01JZ190E701E2H2EZMZBMNVVS9,01JZ18G4TN4FH7205KTQTFE7PM,2025-06-30T20:38:41.120292783Z,01JZ18G50G0GKPPCFSW2N0ZNW1,2025-06-30T20:38:41.120292783Z,01JZ18N84ND15PG04895JYQ6RT,2025-06-30T20:38:41.120292783Z,01JZ18RHGF07MFHCBEKPMJBAPY,2025-06-30T20:38:41.120292783Z
01JZ19FNDT42Y20P2JFJD97S8K,01JZ18R9CHSHJ2BAJZ4M4PAW2X,2025-06-30T20:47:00.026689535Z,01JZ18RA3DBE17YR6D8FEXRWFY,2025-06-30T20:47:00.026689535Z,01JZ18V7AEVH5VMDMYVZ6HXGK5,2025-06-30T20:47:00.026689535Z,01JZ197W14H2E21R9QXHCJTQ3G,2025-06-30T20:47:00.026689535Z
01JZ1BJFQNWQ4MA5ZZ9G1TPWAB,01JZ1B1VZ9TM9N3252XVVAH9DZ,2025-06-30T21:23:29.653303132Z,01JZ1B1W6S117BH8HCA7NH9R7E,2025-06-30T21:23:29.653303132Z,01JZ1B46GFSFAYTPK6TDTQG4WK,2025-06-30T21:23:29.653303132Z,01JZ1BAHERRJG5Y4NQ430CHJGP,2025-06-30T21:23:29.653303132Z
01JZ1BQX8XE5FREB7QSR6DPQGK,01JZ1B1VZ9TM9N3252XVVAH9DZ,2025-06-30T21:26:27.357314594Z,01JZ1B1W4RP0VXDDKCJTNKM3AX,2025-06-30T21:26:27.357314594Z,01JZ1B80W46R4JBTV3ZZ1YXW46,2025-06-30T21:26:27.357314594Z,01JZ1BNY8P6J7MV2A9X36WMPD0,2025-06-30T21:26:27.357314594Z
01JZ1GMGK7YX4WFDVX0D4G6RA8,01JZ1G29Q82GQAKEXSK2E7NK3R,2025-06-30T22:51:58.951482809Z,01JZ1G2ACHC2PPHGNQVYG69GCY,2025-06-30T22:51:58.951482809Z,01JZ1G4D5N3JRDG8TQNFBZX41Z,2025-06-30T22:51:58.951482809Z,01JZ1GJG6VNG9PMWWVXAT59KAK,2025-06-30T22:51:58.951482809Z
01JZ18Z7MVZPRKWNSVM0AD022B,01JZ18G4TN4FH7205KTQTFE7PM,2025-06-30T20:38:01.627560078Z,01JZ18G4YTQTSXFW2X0Y80VGVG,2025-06-30T20:38:01.627560078Z,01JZ18KWMFEA26MWC1Z40F2JWN,2025-06-30T20:38:01.627560078Z,01JZ18QCJGMBYZ3Q6VHAQ4WQVG,2025-06-30T20:38:01.627560078Z
01JZ19178WHKV5P2E9CMCXCMV1,01JZ18G4TN4FH7205KTQTFE7PM,2025-06-30T20:39:06.781029761Z,01JZ18G4Z7SR18DC8PDBR22HS5,2025-06-30T20:39:06.781029761Z,01JZ18K0S7ESWE4C2YKPFWVG9K,2025-06-30T20:39:06.781029761Z,01JZ18S8XT12G8V1PAKVTN6A36,2025-06-30T20:39:06.781029761Z
01JZ1DFMDCDEEKP8N92BAM6YVQ,01JZ1D0RX94M7HHBAJDNGV8QRS,2025-06-30T21:56:53.292684417Z,01JZ1D0S2S8SEBXETFQJSTGM5V,2025-06-30T21:56:53.292684417Z,01JZ1D4AYTG2DMXZZ36EVW3RQ2,2025-06-30T21:56:53.292684417Z,01JZ1D783SKDB58PW2W9ZDSBMC,2025-06-30T21:56:53.292684417Z
01JZ1DSTGSKCQVQVKWRS4W9Z2A,01JZ1D0RX94M7HHBAJDNGV8QRS,2025-06-30T22:02:27.225774431Z,01JZ1D0S4EMT97ECKQ06X1ZWAX,2025-06-30T22:02:27.225774431Z,01JZ1DCFS2MSEF81EKXGM05M99,2025-06-30T22:02:27.225774431Z,01JZ1DHWJYP9QBXPBB3XWNBRC8,2025-06-30T22:02:27.225774431Z
01JZ17SJPN4BVBYKCBMYABR3YB,01JZ170DPRHYGRH6M74WMGZ8J5,2025-06-30T20:17:27.765722427Z,01JZ170DS434CCJM920VN081CV,2025-06-30T20:17:27.765722427Z,01JZ17ENCSDKWD2M3Q3EC23N1W,2025-06-30T20:17:27.765722427Z,01JZ17HX12C9Q5A1V342FH26JF,2025-06-30T20:17:27.765722427Z
01JZ17XTYFB6TM88M35HNS367X,01JZ170DPRHYGRH6M74WMGZ8J5,2025-06-30T20:19:47.279925298Z,01JZ170DS0283SZNEN95XAWWS4,2025-06-30T20:19:47.279925298Z,01JZ17G9ZFDP0QC4ASAB62EXYP,2025-06-30T20:19:47.279925298Z,01JZ17NT6Q15JZTNT1T2TRQ09Q,2025-06-30T20:19:47.279925298Z
01JZ1923KGD3Q3FS28MGC4YCDR,01JZ18G4TN4FH7205KTQTFE7PM,2025-06-30T20:39:35.792908454Z,01JZ18G508W9SSEDAT6B79GZND,2025-06-30T20:39:35.792908454Z,01JZ18JV7KEJAEZVY4PCFX2BA4,2025-06-30T20:39:35.792908454Z,01JZ18STDNJEZSFCWMMDNZVD2H,2025-06-30T20:39:35.792908454Z
01JZ1985YTJ38KV2BDDM831N7H,01JZ18QHX9XGN83K6T42FK97D5,2025-06-30T20:42:54.810086961Z,01JZ18QHZ9KPT0XZ66BZ9ZB89K,2025-06-30T20:42:54.810086961Z,01JZ18VC89HN16T8VX0M60S31S,2025-06-30T20:42:54.810086961Z,01JZ190NKBHYNACREFJP8CVVGM,2025-06-30T20:42:54.810086961Z
01JZ1AQDXXSJN33FY7AJQ5XGC2,01JZ19VEXCKVX740B60X4W6PQN,2025-06-30T21:08:43.069773311Z,01JZ19VF4XXDC5SP97SM18G8VM,2025-06-30T21:08:43.069773311Z,01JZ1ANDKY8QTNAK6C66WRTD5R,2025-06-30T21:08:43.069773311Z,01JZ1AQBF58925C38R5NVE04TV,2025-06-30T21:08:43.069773311Z
01JZ17X68E49P7Q2V60GARSB0S,01JZ170DPRHYGRH6M74WMGZ8J5,2025-06-30T20:19:26.094400825Z,01JZ170DS0283SZNEN95XAWWS4,2025-06-30T20:19:26.094400825Z,01JZ17NQ4AD6VM7PXCZNF246W5,2025-06-30T20:19:26.094400825Z,01JZ17NT7EMFQXG1J8BV4ZA47S,2025-06-30T20:19:26.094400825Z
01JZ190FP1ADJ040AN09ZXM8Z9,01JZ18G4TN4FH7205KTQTFE7PM,2025-06-30T20:38:42.625535857Z,01JZ18G512YK4K14AJW1A4KQT5,2025-06-30T20:38:42.625535857Z,01JZ18HJZ7HRTKHV6ZZJ67914M,2025-06-30T20:38:42.625535857Z,01JZ18R8BQNV553N89B15CK6DT,2025-06-30T20:38:42.625535857Z
01JZ1AHVRECHJH9GP1AEH1VFJQ,01JZ19VEXCKVX740B60X4W6PQN,2025-06-30T21:05:40.622233886Z,01JZ19VF81DTYMGWYB0TAJKDWY,2025-06-30T21:05:40.622233886Z,01JZ1A11QXMY0GZ8B5FCM3RTBW,2025-06-30T21:05:40.622233886Z,01JZ1AABQSYES8GH0EQS7AKYST,2025-06-30T21:05:40.622233886Z
01JZ1CPAAVK10SE4GJSE7NZ7F9,01JZ1C4XJFQQ45ZHGATAXVBX0J,2025-06-30T21:43:03.771189595Z,01JZ1C4XNE4VHGMR9JDZS6Y7F9,2025-06-30T21:43:03.771189595Z,01JZ1CHHENXRFPD7VNDFKQ5330,2025-06-30T21:43:03.771189595Z,01JZ1CM9MH9FR8B6ZK0QM2XBF8,2025-06-30T21:43:03.771189595Z
01JZ1AHVQSGNE04BYT4N9ZAPE5,01JZ19VEXCKVX740B60X4W6PQN,2025-06-30T21:05:40.601928077Z,01JZ19VF81DTYMGWYB0TAJKDWY,2025-06-30T21:05:40.601928077Z,01JZ1A7CX8Z1SNGPWK47XB0JNS,2025-06-30T21:05:40.601928077Z,01JZ1AABQSYES8GH0EQS7AKYST,2025-06-30T21:05:40.601928077Z
01JZ1GWAEJEY0A59GP7E29FB3W,01JZ1G29Q82GQAKEXSK2E7NK3R,2025-06-30T22:56:14.802180989Z,01JZ1G2A9825Q9R0AFVXQNTR63,2025-06-30T22:56:14.802180989Z,01JZ1GA1RX69WV7RYS6J14XWQD,2025-06-30T22:56:14.802180989Z,01JZ1GKM5YC66NJV5SWE394KDW,2025-06-30T22:56:14.802180989Z
01JZ17WB7511MX1ZCBMNV4E1NW,01JZ170DPRHYGRH6M74WMGZ8J5,2025-06-30T20:18:58.405567245Z,01JZ170DSMJZPS89ZBMFZ7ATK7,2025-06-30T20:18:58.405567245Z,01JZ17DJ18S9CGE8H6D4S1K333,2025-06-30T20:18:58.405567245Z,01JZ17MYEAFDF08CXGPM4NR36C,2025-06-30T20:18:58.405567245Z
01JZ17X6931BFVEZ40H66FREXZ,01JZ170DPRHYGRH6M74WMGZ8J5,2025-06-30T20:19:26.11544751Z,01JZ170DS0283SZNEN95XAWWS4,2025-06-30T20:19:26.11544751Z,01JZ17CS84WF94XY708FKX765Q,2025-06-30T20:19:26.11544751Z,01JZ17NT7EMFQXG1J8BV4ZA47S,2025-06-30T20:19:26.11544751Z
01JZ18YX3V361GBQWCR27Z50PB,01JZ18G4TN4FH7205KTQTFE7PM,2025-06-30T20:37:50.843639918Z,01JZ18G4YTQTSXFW2X0Y80VGVG,2025-06-30T20:37:50.843639918Z,01JZ18M95D7WX9RB46ACE56086,2025-06-30T20:37:50.843639918Z,01JZ18QCJ5F2TDDGTM86PBKVEG,2025-06-30T20:37:50.843639918Z
01JZ198VH0GMDE0CH7TGNV9N6B,01JZ18QHX9XGN83K6T42FK97D5,2025-06-30T20:43:16.896928514Z,01JZ18QHZ9KPT0XZ66BZ9ZB89K,2025-06-30T20:43:16.896928514Z,01JZ18SXQ0AFP5SFG2600FW7ER,2025-06-30T20:43:16.896928514Z,01JZ190NJ5PP5YCFJ7NGNJ3QPB,2025-06-30T20:43:16.896928514Z
01JZ1ACKT3M6QRRAZY07YRPRN5,01JZ19VEXCKVX740B60X4W6PQN,2025-06-30T21:02:48.644057753Z,01JZ19VF6XEW5FG377QGXCTRD1,2025-06-30T21:02:48.644057753Z,01JZ19XTW2HK24K9S0K07R4X7Y,2025-06-30T21:02:48.644057753Z,01JZ1ACG4HW6PFHHMR21QG9MSA,2025-06-30T21:02:48.644057753Z
01JZ1BK56HR3YVG1J96GZXRK7F,01JZ1B1VZ9TM9N3252XVVAH9DZ,2025-06-30T21:23:51.633333123Z,01JZ1B1W5AJ9N87HJBZ99HRQPJ,2025-06-30T21:23:51.633333123Z,01JZ1B33W2SNBC1YKZXCY0285E,2025-06-30T21:23:51.633333123Z,01JZ1BB7HHYBBSVM85QTV97ZMB,2025-06-30T21:23:51.633333123Z
01JZ1CFSGVRP10R1XRER3JJ3FE,01JZ1BX7WQMA45G0E33EEHJ3V9,2025-06-30T21:39:29.947301688Z,01JZ1BX81RJBYPGNM468STZ9YH,2025-06-30T21:39:29.947301688Z,01JZ1C7E8DJFPWRMGRQW39DWYT,2025-06-30T21:39:29.947301688Z,01JZ1C7YKPD172BDJ38STHSTER,2025-06-30T21:39:29.947301688Z
01JZ17S29A3YJGNNYCGPFSJ6M7,01JZ170DPRHYGRH6M74WMGZ8J5,2025-06-30T20:17:10.954534605Z,01JZ170DRXVGFVP20P8DK3M491,2025-06-30T20:17:10.954534605Z,01JZ17CDTWA5ZJVFXRJRWPP8YB,2025-06-30T20:17:10.954534605Z,01JZ17H2JWJMBDAZPE9P38DECW,2025-06-30T20:17:10.954534605Z
01JZ19006B4SJ8AP43DRCZNHYF,01JZ18G4TN4FH7205KTQTFE7PM,2025-06-30T20:38:26.763195316Z,01JZ18G50G0GKPPCFSW2N0ZNW1,2025-06-30T20:38:26.763195316Z,01JZ18J6KD5BBAN05Q96NKJXCJ,2025-06-30T20:38:26.763195316Z,01JZ18RHGXJHBRSARA96JJK9J9,2025-06-30T20:38:26.763195316Z
01JZ197SEZM288JYE89GS43H51,01JZ18QHX9XGN83K6T42FK97D5,2025-06-30T20:42:42.015755569Z,01JZ18QHYY9H3H8G0D5BR000CA,2025-06-30T20:42:42.015755569Z,01JZ18XHK71TAH4K8NFWQ8XDAZ,2025-06-30T20:42:42.015755569Z,01JZ1903GX535CTZP2QSYEN36R,2025-06-30T20:42:42.015755569Z
01JZ1BKG5SP2NDNXG3WTP75ECT,01JZ1B1VZ9TM9N3252XVVAH9DZ,2025-06-30T21:24:02.873815117Z,01JZ1B1W5AJ9N87HJBZ99HRQPJ,2025-06-30T21:24:02.873815117Z,01JZ1BAG1QXXZT2G75G9P8N6Y2,2025-06-30T21:24:02.873815117Z,01JZ1BB7GR2K5BKJQ5STFB90RK,2025-06-30T21:24:02.873815117Z
01JZ1EZBBH4TZZ3F71C7Z0S882,01JZ1E916HBESJXS5SJ82BFZ21,2025-06-30T22:22:56.881818274Z,01JZ1E91Z6K0ZJGCC53Q4JQWJP,2025-06-30T22:22:56.881818274Z,01JZ1EMNNJSEW14RVAN4FX9H51,2025-06-30T22:22:56.881818274Z,01JZ1EXBWE57CVQYV0Q5D3TA2S,2025-06-30T22:22:56.881818274Z
01JZ18Q3508JF2P20SRSBAXA0J,01JZ18G4TN4FH7205KTQTFE7PM,2025-06-30T20:33:34.880954362Z,01JZ18G4YA2XRQ9RK4RH5WQB1P,2025-06-30T20:33:34.880954362Z,01JZ18J306MV90AN3KDTPG10SX,2025-06-30T20:33:34.880954362Z,01JZ18Q1R1B7GYCBMPZ4J0A4A5,2025-06-30T20:33:34.880954362Z
01JZ19860VMC4XH91RXHYJ0317,01JZ18QHX9XGN83K6T42FK97D5,2025-06-30T20:42:54.875144745Z,01JZ18QHZ9KPT0XZ66BZ9ZB89K,2025-06-30T20:42:54.875144745Z,01JZ18YPKHPP41HP4A0Q4F3DHM,2025-06-30T20:42:54.875144745Z,01JZ190NKBHYNACREFJP8CVVGM,2025-06-30T20:42:54.875144745Z
01JZ19FB5ZY89DMD2BB80FNXDA,01JZ18R9CHSHJ2BAJZ4M4PAW2X,2025-06-30T20:46:49.535978638Z,01JZ18RA3DBE17YR6D8FEXRWFY,2025-06-30T20:46:49.535978638Z,01JZ195RS4X3R0XZXASS7J2F2G,2025-06-30T20:46:49.535978638Z,01JZ197W0CRT1QRT68SVS12ZFW,2025-06-30T20:46:49.535978638Z
01JZ1BNSGS8G391F6RVBYV5FSB,01JZ1B1VZ9TM9N3252XVVAH9DZ,2025-06-30T21:25:17.977792038Z,01JZ1B1W5TAZ0C76DBH0ZAEY5X,2025-06-30T21:25:17.977792038Z,01JZ1B3G6JQBSFAAE2943ZEQ9V,2025-06-30T21:25:17.977792038Z,01JZ1BNNDP6X2S9Y1STMRSC69M,2025-06-30T21:25:17.977792038Z
01JZ18XMK7BYFW5FZZHMXS7WNA,01JZ18G4TN4FH7205KTQTFE7PM,2025-06-30T20:37:09.3515432Z,01JZ18G4ZDA13FR053ZT1R1FPF,2025-06-30T20:37:09.3515432Z,01JZ18JREDSF9T5ABKG1CCNPKZ,2025-06-30T20:37:09.3515432Z,01JZ18NR6VSFFH5QJK4DQ1TXDM,2025-06-30T20:37:09.3515432Z
01JZ1AJZA8RR7Y5K8HDNVSAF9W,01JZ19VEXCKVX740B60X4W6PQN,2025-06-30T21:06:17.032240543Z,01JZ19VF5YA4VZJRJDVJVY1XBY,2025-06-30T21:06:17.032240543Z,01JZ19XQ9SYW5JG2B10Z2EXJ0C,2025-06-30T21:06:17.032240543Z,01JZ1AAQZXK1M56S8S8ENY419V,2025-06-30T21:06:17.032240543Z
01JZ1BJ484K24X2S9YS1NGC57D,01JZ1B1VZ9TM9N3252XVVAH9DZ,2025-06-30T21:23:17.892177344Z,01JZ1B1W46BH5YH0XYSE8KJRBK,2025-06-30T21:23:17.892177344Z,01JZ1B53Y9CT8RBFCFDJ7CMETA,2025-06-30T21:23:17.892177344Z,01JZ1BJ1B6MS3FTEDBXT15KPRA,2025-06-30T21:23:17.892177344Z
01JZ1F1QZQZPCXVY8DTC833RD9,01JZ1E916HBESJXS5SJ82BFZ21,2025-06-30T22:24:15.351258337Z,01JZ1E926BWK6TV1HDSC3ZQW4Y,2025-06-30T22:24:15.351258337Z,01JZ1EARCRST2HDXDY98Q0AYJ8,2025-06-30T22:24:15.351258337Z,01JZ1EST9KR55851P7X2GXT01Q,2025-06-30T22:24:15.351258337Z
01JZ198VHQWN7K0E7B0WEZ04VH,01JZ18QHX9XGN83K6T42FK97D5,2025-06-30T20:43:16.919291986Z,01JZ18QHZ9KPT0XZ66BZ9ZB89K,2025-06-30T20:43:16.919291986Z,01JZ18YPKHPP41HP4A0Q4F3DHM,2025-06-30T20:43:16.919291986Z,01JZ190NJ5PP5YCFJ7NGNJ3QPB,2025-06-30T20:43:16.919291986Z
01JZ199VRPP2PV1E1MEWJ3ZRBF,01JZ18R9CHSHJ2BAJZ4M4PAW2X,2025-06-30T20:43:49.910157201Z,01JZ18RA48YSHMY5EWBJ9E61V2,2025-06-30T20:43:49.910157201Z,01JZ192103EKKYM21MP70AEJNN,2025-06-30T20:43:49.910157201Z,01JZ192CQ1PM6AAY4VWQWP0QFX,2025-06-30T20:43:49.910157201Z
01JZ1DKJB8SY3HPX2R3JNBDXB7,01JZ1D0RX94M7HHBAJDNGV8QRS,2025-06-30T21:59:02.24912319Z,01JZ1D0S61XK8FZCNQBM2ZAEE6,2025-06-30T21:59:02.24912319Z,01JZ1D497J6YYY65Y2Z1DW88ZY,2025-06-30T21:59:02.24912319Z,01JZ1DHG42SDRFG0AMYRAAVFFX,2025-06-30T21:59:02.24912319Z
01JZ17W9MERHE9WX6DCC8NXFC6,01JZ170DPRHYGRH6M74WMGZ8J5,2025-06-30T20:18:56.782240652Z,01JZ170DSR5F2SARFX61BD5BFD,2025-06-30T20:18:56.782240652Z,01JZ17HAYAY9BSFK3RQNTEMCZ6,2025-06-30T20:18:56.782240652Z,01JZ17M8TBTH3TC0NGPGNB96E6,2025-06-30T20:18:56.782240652Z
01JZ17ZBKWMY0AKBS5JTX8Z6MB,01JZ170DPRHYGRH6M74WMGZ8J5,2025-06-30T20:20:37.116523222Z,01JZ170DS5DJKXJ3Z7YVJKJJXK,2025-06-30T20:20:37.116523222Z,01JZ17ETMDVKMB5DEN58FYX8NM,2025-06-30T20:20:37.116523222Z,01JZ17QA5164E7ECZ7F8E2886X,2025-06-30T20:20:37.116523222Z
01JZ190ZH2Z7BHP7MSSPR6KPTN,01JZ18G4TN4FH7205KTQTFE7PM,2025-06-30T20:38:58.850472829Z,01JZ18G50G0GKPPCFSW2N0ZNW1,2025-06-30T20:38:58.850472829Z,01JZ18KW5P5RE2HRX78XRVTPME,2025-06-30T20:38:58.850472829Z,01JZ18RHFDZ694HBYDHJEKWZ3S,2025-06-30T20:38:58.850472829Z
01JZ17MA1R4SDK668Y1K6YMXHN,01JZ170DPRHYGRH6M74WMGZ8J5,2025-06-30T20:14:35.064452944Z,01JZ170DSR5F2SARFX61BD5BFD,2025-06-30T20:14:35.064452944Z,01JZ17ADWXQ9CX9S0BD7VM2S2J,2025-06-30T20:14:35.064452944Z,01JZ17M8SKNJW5A4Z1S33P0E3X,2025-06-30T20:14:35.064452944Z
01JZ1DJ2PJFM9MSBVNDAFRGBJ0,01JZ1D0RX94M7HHBAJDNGV8QRS,2025-06-30T21:58:13.458683303Z,01JZ1D0S064NT759Q480WCA8PK,2025-06-30T21:58:13.458683303Z,01JZ1DB67XDQM93GQRR65SS1X0,2025-06-30T21:58:13.458683303Z,01JZ1DFXKSWPB74HF8RE7BCFY9,2025-06-30T21:58:13.458683303Z
01JZ1F4EE0A0PYJWWRRR1DDZG4,01JZ1E916HBESJXS5SJ82BFZ21,2025-06-30T22:25:43.872161744Z,01JZ1E91MDHZVF6NVBEDDVGZWT,2025-06-30T22:25:43.872161744Z,01JZ1EDVQZ0X09D6ACA1N9J2V2,2025-06-30T22:25:43.872161744Z,01JZ1EWVHXM95HAKJR9TT7S3AD,2025-06-30T22:25:43.872161744Z
01JZ17MZREMY5MARBHMAMJRVNN,01JZ170DPRHYGRH6M74WMGZ8J5,2025-06-30T20:14:57.294351176Z,01JZ170DSMJZPS89ZBMFZ7ATK7,2025-06-30T20:14:57.294351176Z,01JZ17DJ18S9CGE8H6D4S1K333,2025-06-30T20:14:57.294351176Z,01JZ17MYD7WSKX1DNA84EQZJF1,2025-06-30T20:14:57.294351176Z
01JZ1EYTW4T8QQP6PJKR3JJFP8,01JZ1E916HBESJXS5SJ82BFZ21,2025-06-30T22:22:40.004989632Z,01JZ1E91MDHZVF6NVBEDDVGZWT,2025-06-30T22:22:40.004989632Z,01JZ1EARG6K6VN1DMMBQHNE2WC,2025-06-30T22:22:40.004989632Z,01JZ1EWVQ3C0P2AKJ3GFKFG7H9,2025-06-30T22:22:40.004989632Z
01JZ1F2Q00AAZ9T44YYWVR0X9X,01JZ1E916HBESJXS5SJ82BFZ21,2025-06-30T22:24:47.1050305Z,01JZ1E91Q18GQE49C0XSDVMF75,2025-06-30T22:24:47.1050305Z,01JZ1EEDS4AMSMWB9W2CPSXDHE,2025-06-30T22:24:47.1050305Z,01JZ1F2JAV0QHT42E605BBH8CR,2025-06-30T22:24:47.1050305Z
01JZ17QB0MECCN5EEK3KZEDAHZ,01JZ170DPRHYGRH6M74WMGZ8J5,2025-06-30T20:16:14.356806059Z,01JZ170DS5DJKXJ3Z7YVJKJJXK,2025-06-30T20:16:14.356806059Z,01JZ17FZXSD3JPY8Z3YRMZJDDV,2025-06-30T20:16:14.356806059Z,01JZ17QA5Z590RP2SNRWWJMCH6,2025-06-30T20:16:14.356806059Z
01JZ18QR1JT86X94RRT6J5A9YC,01JZ18G4TN4FH7205KTQTFE7PM,2025-06-30T20:33:56.274255642Z,01JZ18G4ZDA13FR053ZT1R1FPF,2025-06-30T20:33:56.274255642Z,01JZ18J71C4JGFMP9MP8Y4KY9T,2025-06-30T20:33:56.274255642Z,01JZ18NR677M02YFM90F21XHAA,2025-06-30T20:33:56.274255642Z
01JZ194AH56YMD467JRESCRXWY,01JZ18R9CHSHJ2BAJZ4M4PAW2X,2025-06-30T20:40:48.421484341Z,01JZ18RA48YSHMY5EWBJ9E61V2,2025-06-30T20:40:48.421484341Z,01JZ18ZEQE5SB9NASAZX93YXN4,2025-06-30T20:40:48.421484341Z,01JZ192CMQ10Q5BYZGXB0BD1QB,2025-06-30T20:40:48.421484341Z
01JZ1AB5N4TEMRVMVBBYVNQ54A,01JZ19VEXCKVX740B60X4W6PQN,2025-06-30T21:02:01.380691433Z,01JZ19VF1X4TGM9HTAVFF08YB3,2025-06-30T21:02:01.380691433Z,01JZ19X9AX1VPBDDCP087HWECT,2025-06-30T21:02:01.380691433Z,01JZ1A31WDRRSK5Y1X8M50HPSG,2025-06-30T21:02:01.380691433Z
01JZ1AQDZZNK0GVXWRTG0KGAK8,01JZ19VEXCKVX740B60X4W6PQN,2025-06-30T21:08:43.135495254Z,01JZ19VF4XXDC5SP97SM18G8VM,2025-06-30T21:08:43.135495254Z,01JZ19Y5W4MYXKSXHHDPCY5M66,2025-06-30T21:08:43.135495254Z,01JZ1AQBF58925C38R5NVE04TV,2025-06-30T21:08:43.135495254Z
01JZ17G7G2T70BYG7AFG38M4AM,01JZ170DPRHYGRH6M74WMGZ8J5,2025-06-30T20:12:21.378232046Z,01JZ170DRSFZ9Y16965WN1Z2F9,2025-06-30T20:12:21.378232046Z,01JZ17AK41GP2DW5ZS1AJ3K35J,2025-06-30T20:12:21.378232046Z,01JZ17G70CK9Q7FFZCZJ2KGMZQ,2025-06-30T20:12:21.378232046Z
01JZ17QTZ9MJFM6XN5H1G852EF,01JZ170DPRHYGRH6M74WMGZ8J5,2025-06-30T20:16:30.697448837Z,01JZ170DRRRWN613C5WJQ8B5Q6,2025-06-30T20:16:30.697448837Z,01JZ1783Y320G4QQ1JCVQAE220,2025-06-30T20:16:30.697448837Z,01JZ17G52FMVNG3XMRM1S9BWKE,2025-06-30T20:16:30.697448837Z
01JZ17SNZ5GZ6S5CPD4NKDPNPG,01JZ170DPRHYGRH6M74WMGZ8J5,2025-06-30T20:17:31.109740162Z,01JZ170DS8YWG03GZVY59N3JD0,2025-06-30T20:17:31.109740162Z,01JZ17B25HMB9SR7CZAG7VDDNC,2025-06-30T20:17:31.109740162Z,01JZ17HNMVNEYYPPYMQAP8NS4W,2025-06-30T20:17:31.109740162Z
01JZ17VTZXSAQB4BFT6Q0PFVF3,01JZ170DPRHYGRH6M74WMGZ8J5,2025-06-30T20:18:41.789926289Z,01JZ170DS434CCJM920K0JDY80,2025-06-30T20:18:41.789926289Z,01JZ17BXPZGQSXJ1A4PH60Q6WQ,2025-06-30T20:18:41.789926289Z,01JZ17MERZP6TAGVPVPPE2FHS9,2025-06-30T20:18:41.789926289Z
01JZ17W79PAQCS0MHDBFK890QR,01JZ170DPRHYGRH6M74WMGZ8J5,2025-06-30T20:18:54.390963545Z,01JZ170DRWH3Q5VEKFYTCWXCB9,2025-06-30T20:18:54.390963545Z,01JZ179F3PP1PB0BWJA9TNG5TN,2025-06-30T20:18:54.390963545Z,01JZ17M62ZA7FM5T6J9Q36KCK0,2025-06-30T20:18:54.390963545Z
01JZ18Y2V42PWN6B0P7J5Q7SHA,01JZ18G4TN4FH7205KTQTFE7PM,2025-06-30T20:37:23.940996004Z,01JZ18G4X5EPR69QT64DVYQXFJ,2025-06-30T20:37:23.940996004Z,01JZ18J5R16DTA3XKT9Y9737P7,2025-06-30T20:37:23.940996004Z,01JZ18PAR13X6VEBNAGYQZRZE6,2025-06-30T20:37:23.940996004Z
01JZ19FB5HN1FMXMJCC0Z5KJEY,01JZ18R9CHSHJ2BAJZ4M4PAW2X,2025-06-30T20:46:49.521091833Z,01JZ18RA3DBE17YR6D8FEXRWFY,2025-06-30T20:46:49.521091833Z,01JZ1945JH72C4XK34ZFBSF6HS,2025-06-30T20:46:49.521091833Z,01JZ197W0CRT1QRT68SVS12ZFW,2025-06-30T20:46:49.521091833Z
01JZ1CFM9Z06CPCM0G8507317W,01JZ1BX7WQMA45G0E33EEHJ3V9,2025-06-30T21:39:24.607151209Z,01JZ1BX849RGFMRNF1WR9VXVPD,2025-06-30T21:39:24.607151209Z,01JZ1C6CTMT28Z0M14S1H6T07Y,2025-06-30T21:39:24.607151209Z,01JZ1C84PWB89K54MZ4M1J77C7,2025-06-30T21:39:24.607151209Z
01JZ1GVTD5N97Q3R72AS6EXAT6,01JZ1G29Q82GQAKEXSK2E7NK3R,2025-06-30T22:55:58.37341116Z,01JZ1G29XRNS92G9JYEX4H033M,2025-06-30T22:55:58.37341116Z,01JZ1GGT9KDQPYVBYTSYY1MHFW,2025-06-30T22:55:58.37341116Z,01JZ1GM6AT2QQ1RJ17GCG8VHAV,2025-06-30T22:55:58.37341116Z
01JZ18XMMDEK0AW3YJVB2A55BK,01JZ18G4TN4FH7205KTQTFE7PM,2025-06-30T20:37:09.389975493Z,01JZ18G4ZDA13FR053ZT1R1FPF,2025-06-30T20:37:09.389975493Z,01JZ18JGS17Q4PV0ZHE2RS3V2D,2025-06-30T20:37:09.389975493Z,01JZ18NR6VSFFH5QJK4DQ1TXDM,2025-06-30T20:37:09.389975493Z
01JZ1C6CYVYZ9Z5A9SRE25RAM6,01JZ1BX7WQMA45G0E33EEHJ3V9,2025-06-30T21:34:22.171687465Z,01JZ1BX80QRTKGB6MH6HMRDXS1,2025-06-30T21:34:22.171687465Z,01JZ1BY7ZYY1555G7VDKVM55K7,2025-06-30T21:34:22.171687465Z,01JZ1C68YR27G70BWXQYM38NVA,2025-06-30T21:34:22.171687465Z
01JZ1GP08DBSTDBPW6WKRCCFSP,01JZ1G29Q82GQAKEXSK2E7NK3R,2025-06-30T22:52:47.757510081Z,01JZ1G2A3Q53QEYHDQX68WVVKH,2025-06-30T22:52:47.757510081Z,01JZ1G7Q5PBNYB0Y67X5QD4VST,2025-06-30T22:52:47.757510081Z,01JZ1GE1F6FBA1RXEYRA9321FF,2025-06-30T22:52:47.757510081Z
01JZ1806J4ZNQ3Q9GWD6QADPHD,01JZ170DPRHYGRH6M74WMGZ8J5,2025-06-30T20:21:04.708599982Z,01JZ170DSP5HFMBRZWFQV8RFVC,2025-06-30T20:21:04.708599982Z,01JZ17BG508D1SYGKCV9ECDV4F,2025-06-30T20:21:04.708599982Z,01JZ17RSKEA3VSTDSCVCP8YEVJ,2025-06-30T20:21:04.708599982Z
01JZ194AGHTB7XW1YREWWMXDTR,01JZ18R9CHSHJ2BAJZ4M4PAW2X,2025-06-30T20:40:48.401764096Z,01JZ18RA48YSHMY5EWBJ9E61V2,2025-06-30T20:40:48.401764096Z,01JZ192103EKKYM21MP70AEJNN,2025-06-30T20:40:48.401764096Z,01JZ192CMQ10Q5BYZGXB0BD1QB,2025-06-30T20:40:48.401764096Z
01JZ1BMZ1RC2V4D0168FDFT8PW,01JZ1B1VZ9TM9N3252XVVAH9DZ,2025-06-30T21:24:50.872422339Z,01JZ1B1W2WT8MR9NJ7RDDSFH2M,2025-06-30T21:24:50.872422339Z,01JZ1B56KN8DYJ21G7YK1NVQR0,2025-06-30T21:24:50.872422339Z,01JZ1BD437FH3N90SJNPN2P8KN,2025-06-30T21:24:50.872422339Z
01JZ1D9AANK48T0SG8009B9V9R,01JZ1D0RX94M7HHBAJDNGV8QRS,2025-06-30T21:53:26.357332392Z,01JZ1D0S58CJJ0G6BA8AW8ZVCS,2025-06-30T21:53:26.357332392Z,01JZ1D6ZQPM67S4BNXG3Y9BBD9,2025-06-30T21:53:26.357332392Z,01JZ1D970J7VS4DE30PQJCG6XG,2025-06-30T21:53:26.357332392Z
01JZ1GWC2ZN0KKMSJKVABJ31HM,01JZ1G29Q82GQAKEXSK2E7NK3R,2025-06-30T22:56:16.479695356Z,01JZ1G29XRNS92G9JYEX4H033M,2025-06-30T22:56:16.479695356Z,01JZ1G3PKEWNM3BADHFXST2D82,2025-06-30T22:56:16.479695356Z,01JZ1GM6DB22EFXGY7Q9EF30Y5,2025-06-30T22:56:16.479695356Z
01JZ17XEZXJDY76NY6JG913M18,01JZ170DPRHYGRH6M74WMGZ8J5,2025-06-30T20:19:35.037473107Z,01JZ170DSXXMDA003X79NFA4N0,2025-06-30T20:19:35.037473107Z,01JZ17DZPC160FQJMAZ5KCFYDP,2025-06-30T20:19:35.037473107Z,01JZ17NRSB5GP7EXVFTFEFCERK,2025-06-30T20:19:35.037473107Z
01JZ17XS4GGNS5CNHC690M2EN4,01JZ170DPRHYGRH6M74WMGZ8J5,2025-06-30T20:19:45.425030079Z,01JZ170DSXXMDA003X79NFA4N0,2025-06-30T20:19:45.425030079Z,01JZ17C3PTEK9PXA5GJSYCCP5W,2025-06-30T20:19:45.425030079Z,01JZ17NRS66B2XN3XYTK9HZXA6,2025-06-30T20:19:45.425030079Z
01JZ18ZRA11XJ2NQK9K4VK9QZY,01JZ18G4TN4FH7205KTQTFE7PM,2025-06-30T20:38:18.689494336Z,01JZ18G4YK3PSP6R2PNWBA4P8S,2025-06-30T20:38:18.689494336Z,01JZ18K6XVG6N44078RFW6M633,2025-06-30T20:38:18.689494336Z,01JZ18QWAK96HX887YH26X2DYC,2025-06-30T20:38:18.689494336Z
01JZ1BD81NBZEFKH38SDKX99M1,01JZ1B1VZ9TM9N3252XVVAH9DZ,2025-06-30T21:20:37.941888911Z,01JZ1B1W5AJ9N87HJBZ99HRQPJ,2025-06-30T21:20:37.941888911Z,01JZ1B4M3WKZR9J1GGJ7PR0S32,2025-06-30T21:20:37.941888911Z,01JZ1BB7ETZS9BEX799QEABQ0R,2025-06-30T21:20:37.941888911Z
01JZ1DJ2N7XRTM5B14CG2J69AM,01JZ1D0RX94M7HHBAJDNGV8QRS,2025-06-30T21:58:13.415155924Z,01JZ1D0S064NT759Q480WCA8PK,2025-06-30T21:58:13.415155924Z,01JZ1DCDN091GX33H1NPEY9NA8,2025-06-30T21:58:13.415155924Z,01JZ1DFXKSWPB74HF8RE7BCFY9,2025-06-30T21:58:13.415155924Z
01JZ1DTVG9X1Y6NCDND8PC9FQP,01JZ1D0RX94M7HHBAJDNGV8QRS,2025-06-30T22:03:01.001138652Z,01JZ1D0S3N2D9DCG3EHS8AP4R1,2025-06-30T22:03:01.001138652Z,01JZ1DEB7GHZ5ZQY0VZXEDKFR1,2025-06-30T22:03:01.001138652Z,01JZ1DJBHP6QZKY368KYFWAKY9,2025-06-30T22:03:01.001138652Z
01JZ1GQP8ZY80G7N64XJJJKK0S,01JZ1G29Q82GQAKEXSK2E7NK3R,2025-06-30T22:53:43.071165484Z,01JZ1G2A24PAZYJHH2EQFGJG7N,2025-06-30T22:53:43.071165484Z,01JZ1G7JX1NV5X3X0139HRSB32,2025-06-30T22:53:43.071165484Z,01JZ1GG455T50A4SRMTESNHV0P,2025-06-30T22:53:43.071165484Z
01JZ1GRD7FER4AXNFXZVFK60MH,01JZ1G29Q82GQAKEXSK2E7NK3R,2025-06-30T22:54:06.575430149Z,01JZ1G2A24PAZYJHH2EQFGJG7N,2025-06-30T22:54:06.575430149Z,01JZ1GC4MM47P5V75X6NCDXBTN,2025-06-30T22:54:06.575430149Z,01JZ1GG48RDT7Y0TW0BJEC2687,2025-06-30T22:54:06.575430149Z
01JZ17KED8CVNAFSBGJNS65RS5,01JZ170DPRHYGRH6M74WMGZ8J5,2025-06-30T20:14:06.760668123Z,01JZ170DS32PJY8CQRMADJXFRG,2025-06-30T20:14:06.760668123Z,01JZ17A84G8QVPB3RW2KXSNH3H,2025-06-30T20:14:06.760668123Z,01JZ17HJXZJXBNGG98GAB8QMCF,2025-06-30T20:14:06.760668123Z
01JZ17KRAA52M4CFB7KQ214XS2,01JZ170DPRHYGRH6M74WMGZ8J5,2025-06-30T20:14:16.906442098Z,01JZ170DS434CCJM920VN081CV,2025-06-30T20:14:16.906442098Z,01JZ17BSJ6X9VEMM4EYWC90B29,2025-06-30T20:14:16.906442098Z,01JZ17HX0ZXKJ4A0TXNHXA38XE,2025-06-30T20:14:16.906442098Z
01JZ17WB7YQJGW8BEBV3RQ3MD4,01JZ170DPRHYGRH6M74WMGZ8J5,2025-06-30T20:18:58.43069674Z,01JZ170DSMJZPS89ZBMFZ7ATK7,2025-06-30T20:18:58.43069674Z,01JZ17411GFTP23ZXM1AB7D9NA,2025-06-30T20:18:58.43069674Z,01JZ17MYEAFDF08CXGPM4NR36C,2025-06-30T20:18:58.43069674Z
01JZ18RH8EPR7TJ969793SXXWF,01JZ18G4TN4FH7205KTQTFE7PM,2025-06-30T20:34:22.094389519Z,01JZ18G4ZZG5A688HVVJGKBFVW,2025-06-30T20:34:22.094389519Z,01JZ18JE9A6THSRA3515C4Q3GE,2025-06-30T20:34:22.094389519Z,01JZ18RFPBGVB1PJ8WVY2S92SR,2025-06-30T20:34:22.094389519Z
01JZ18ZJNZJF7FJHJYQNDN3V5Q,01JZ18G4TN4FH7205KTQTFE7PM,2025-06-30T20:38:12.927121768Z,01JZ18G4XDWA3A08Y0HZ5HSAAF,2025-06-30T20:38:12.927121768Z,01JZ18KBAJ0PGQTXZHZSD7KQ4A,2025-06-30T20:38:12.927121768Z,01JZ18R10XKY5S8X2DP4KAHATX,2025-06-30T20:38:12.927121768Z
01JZ1FAC4TEG4VANX99C4Q9F93,01JZ1E916HBESJXS5SJ82BFZ21,2025-06-30T22:28:58.138695759Z,01JZ1E923XSJ5V9JGGJQR2CG7M,2025-06-30T22:28:58.138695759Z,01JZ1EF4VM7JABTTZNP94E67E7,2025-06-30T22:28:58.138695759Z,01JZ1F28W7H4V05K01XJ3W0HSB,2025-06-30T22:28:58.138695759Z
01JZ1H542NQFK9JKHRPZV19ZY7,01JZ1G29Q82GQAKEXSK2E7NK3R,2025-06-30T23:01:03.189682393Z,01JZ1G2AATTMJJ07WA2JZ9MF1K,2025-06-30T23:01:03.189682393Z,01JZ1G6XMV3T4ACX6H99BN9F1E,2025-06-30T23:01:03.189682393Z,01JZ1GWNN7SAHPPWE857THBJJP,2025-06-30T23:01:03.189682393Z
01JZ17H329M62ZGFR8GYKMCC98,01JZ170DPRHYGRH6M74WMGZ8J5,2025-06-30T20:12:49.609251817Z,01JZ170DRXVGFVP20P8DK3M491,2025-06-30T20:12:49.609251817Z,01JZ17E3Q68P56EVHYKCV88P7R,2025-06-30T20:12:49.609251817Z,01JZ17H2JE238380KER7CXK8AE,2025-06-30T20:12:49.609251817Z
01JZ17KHC32N42DKFADDMGR9WV,01JZ170DPRHYGRH6M74WMGZ8J5,2025-06-30T20:14:09.795378084Z,01JZ170DS8YWG03GZVY59N3JD0,2025-06-30T20:14:09.795378084Z,01JZ17AFTYKZ447G4RP003MK6R,2025-06-30T20:14:09.795378084Z,01JZ17HNMQAAW5HV1NJ3KN0TDP,2025-06-30T20:14:09.795378084Z
01JZ17YPW8Z449HQG3C023T7PG,01JZ170DPRHYGRH6M74WMGZ8J5,2025-06-30T20:20:15.880658783Z,01JZ170DS5DJKXJ3Z7YVJKJJXK,2025-06-30T20:20:15.880658783Z,01JZ178QXEVM580BRMFA0XSN9D,2025-06-30T20:20:15.880658783Z,01JZ17QA59QV908YAV00Z9M88J,2025-06-30T20:20:15.880658783Z
01JZ1BXWBNZFRCVJW6PKPERTQ5,01JZ1B1VZ9TM9N3252XVVAH9DZ,2025-06-30T21:29:43.029418893Z,01JZ1B1W5TAZ0C76DBH0ZAEY5X,2025-06-30T21:29:43.029418893Z,01JZ1B4W32576VKF9GY80WC648,2025-06-30T21:29:43.029418893Z,01JZ1BNNMV2BR05NWSF4VH5Q39,2025-06-30T21:29:43.029418893Z
01JZ17NTZR2MJSPZFDEAD6M650,01JZ170DPRHYGRH6M74WMGZ8J5,2025-06-30T20:15:25.176880899Z,01JZ170DS0283SZNEN95XAWWS4,2025-06-30T20:15:25.176880899Z,01JZ17J8N9NAW1ASAH1NWPJBAP,2025-06-30T20:15:25.176880899Z,01JZ17NT644PA1MKM9DXCD13F1,2025-06-30T20:15:25.176880899Z
01JZ17SK4SV08GJPHNCV953JD3,01JZ170DPRHYGRH6M74WMGZ8J5,2025-06-30T20:17:28.217429911Z,01JZ170DS32PJY8CQRMADJXFRG,2025-06-30T20:17:28.217429911Z,01JZ176XCKRH7MED6P6JRG4D22,2025-06-30T20:17:28.217429911Z,01JZ17HJY5Q3PQ3SGQ81QN303W,2025-06-30T20:17:28.217429911Z
01JZ17WNE55ZC20RKDF4467G7Q,01JZ170DPRHYGRH6M74WMGZ8J5,2025-06-30T20:19:08.869447951Z,01JZ170DSMJZPS89ZBMFZ7ATK7,2025-06-30T20:19:08.869447951Z,01JZ17K3Y03J2B5JTWV2Q8DEEQ,2025-06-30T20:19:08.869447951Z,01JZ17MYEV0AG6XJGH9VVJQXPH,2025-06-30T20:19:08.869447951Z
01JZ18XMN1F33WYJFQXFBD520H,01JZ18G4TN4FH7205KTQTFE7PM,2025-06-30T20:37:09.409221461Z,01JZ18G4ZDA13FR053ZT1R1FPF,2025-06-30T20:37:09.409221461Z,01JZ18J71C4JGFMP9MP8Y4KY9T,2025-06-30T20:37:09.409221461Z,01JZ18NR6VSFFH5QJK4DQ1TXDM,2025-06-30T20:37:09.409221461Z
01JZ18XZ9DY5V4Y142Q54TEY47,01JZ18G4TN4FH7205KTQTFE7PM,2025-06-30T20:37:20.301991296Z,01JZ18G4ZDA13FR053ZT1R1FPF,2025-06-30T20:37:20.301991296Z,01JZ18HGW0W96RSNBB49GQ9E8B,2025-06-30T20:37:20.301991296Z,01JZ18NR75F2HVZFYQR471939T,2025-06-30T20:37:20.301991296Z
01JZ18Z4T4ECAWCVWJY4R4PDVJ,01JZ18G4TN4FH7205KTQTFE7PM,2025-06-30T20:37:58.724736555Z,01JZ18G4YA2XRQ9RK4RH5WQB1P,2025-06-30T20:37:58.724736555Z,01JZ18M0E7QK051FXC32B03XG8,2025-06-30T20:37:58.724736555Z,01JZ18Q1SHZX0HATET1MQN9ET3,2025-06-30T20:37:58.724736555Z
01JZ190V4NJS1K8Y6BHS2D757T,01JZ18G4TN4FH7205KTQTFE7PM,2025-06-30T20:38:54.357850248Z,01JZ18G4WPK6V9JKZAVKNYS3NB,2025-06-30T20:38:54.357850248Z,01JZ18K1EBQ2BSVM3H7XBRVG61,2025-06-30T20:38:54.357850248Z,01JZ18RRA89V0ND20E0G84EPSM,2025-06-30T20:38:54.357850248Z
01JZ1AJMANYPK9KPPJ4TYH9SDA,01JZ19VEXCKVX740B60X4W6PQN,2025-06-30T21:06:05.781566516Z,01JZ19VF5YA4VZJRJDVJVY1XBY,2025-06-30T21:06:05.781566516Z,01JZ1A13JPV17BYBZFE5Z1TESS,2025-06-30T21:06:05.781566516Z,01JZ1AAR25HY3X5YXR8EKP4ZNT,2025-06-30T21:06:05.781566516Z
01JZ1D7D9WMK9ET6RQYW0YJ7YQ,01JZ1D0RX94M7HHBAJDNGV8QRS,2025-06-30T21:52:23.86863844Z,01JZ1D0S2S8SEBXETFQJSTGM5V,2025-06-30T21:52:23.86863844Z,01JZ1D322QVYNT268ZSCN1M2TD,2025-06-30T21:52:23.86863844Z,01JZ1D77QV4PCA19S4PRRTPDFG,2025-06-30T21:52:23.86863844Z
01JZ1DB5XC27WW50RCS35TAX1K,01JZ1D0RX94M7HHBAJDNGV8QRS,2025-06-30T21:54:27.372980808Z,01JZ1D0S58CJJ0G6BA8AW8ZVCS,2025-06-30T21:54:27.372980808Z,01JZ1D4DS7AYHA2YKV7CP2TXFR,2025-06-30T21:54:27.372980808Z,01JZ1D972VTRZHGE4AKVG9RETY,2025-06-30T21:54:27.372980808Z
01JZ1GR21Q4ZXG9N8HXKMYYSMY,01JZ1G29Q82GQAKEXSK2E7NK3R,2025-06-30T22:53:55.127069941Z,01JZ1G2A24PAZYJHH2EQFGJG7N,2025-06-30T22:53:55.127069941Z,01JZ1G7JX1NV5X3X0139HRSB32,2025-06-30T22:53:55.127069941Z,01JZ1GG47F5D37BWGM2YWNPGR3,2025-06-30T22:53:55.127069941Z
01JZ1GWC7EGPAEJ1TVGE80B46B,01JZ1G29Q82GQAKEXSK2E7NK3R,2025-06-30T22:56:16.622529145Z,01JZ1G29XRNS92G9JYEX4H033M,2025-06-30T22:56:16.622529145Z,01JZ1G6RSPQGYECJMX7N6G6VY8,2025-06-30T22:56:16.622529145Z,01JZ1GM6DB22EFXGY7Q9EF30Y5,2025-06-30T22:56:16.622529145Z
01JZ17YPXCMMJ1EXKKF1TFEHHQ,01JZ170DPRHYGRH6M74WMGZ8J5,2025-06-30T20:20:15.916462013Z,01JZ170DS5DJKXJ3Z7YVJKJJXK,2025-06-30T20:20:15.916462013Z,01JZ17ETMDVKMB5DEN58FYX8NM,2025-06-30T20:20:15.916462013Z,01JZ17QA59QV908YAV00Z9M88J,2025-06-30T20:20:15.916462013Z
01JZ1AAQ830BZFQZ9JMGDDDJY5,01JZ19VEXCKVX740B60X4W6PQN,2025-06-30T21:01:46.627710707Z,01JZ19VF9WCS5BMDRCPXZK6ZBF,2025-06-30T21:01:46.627710707Z,01JZ19Y3KYVSPMBWF3EF2S04D7,2025-06-30T21:01:46.627710707Z,01JZ1A8RTBQBGQ6B3M8DMQ82K3,2025-06-30T21:01:46.627710707Z
01JZ1GG8FQX72KQ699EQPZQE0R,01JZ1G29Q82GQAKEXSK2E7NK3R,2025-06-30T22:49:39.575213334Z,01JZ1G2A24PAZYJHH2EQFGJG7N,2025-06-30T22:49:39.575213334Z,01JZ1G7JX1NV5X3X0139HRSB32,2025-06-30T22:49:39.575213334Z,01JZ1GG46B57R07ZV286SM8BX0,2025-06-30T22:49:39.575213334Z
01JZ1GRDAVH5KFW17G1SN580GN,01JZ1G29Q82GQAKEXSK2E7NK3R,2025-06-30T22:54:06.683923642Z,01JZ1G2A24PAZYJHH2EQFGJG7N,2025-06-30T22:54:06.683923642Z,01JZ1G82YG8RECYV7TAMBGD9YX,2025-06-30T22:54:06.683923642Z,01JZ1GG48RDT7Y0TW0BJEC2687,2025-06-30T22:54:06.683923642Z
01JZ1916CMM8ZK2S0XE6Y6GGGC,01JZ18G4TN4FH7205KTQTFE7PM,2025-06-30T20:39:05.876866903Z,01JZ18G4XMK5QHE5YNTR43VZ9V,2025-06-30T20:39:05.876866903Z,01JZ18JG8638DXN8F3WDEPTJAB,2025-06-30T20:39:05.876866903Z,01JZ18RP9ZDBJKMBBTW600ZPPV,2025-06-30T20:39:05.876866903Z
01JZ19AGKF1QBD1MEBA8V6AW50,01JZ18R9CHSHJ2BAJZ4M4PAW2X,2025-06-30T20:44:11.247165076Z,01JZ18RA48YSHMY5EWBJ9E61V2,2025-06-30T20:44:11.247165076Z,01JZ192103EKKYM21MP70AEJNN,2025-06-30T20:44:11.247165076Z,01JZ192CNEKC6N4P48X5TV6GWX,2025-06-30T20:44:11.247165076Z
01JZ1AB5VPN4EYS4KS9WAHRFDG,01JZ19VEXCKVX740B60X4W6PQN,2025-06-30T21:02:01.590259504Z,01JZ19VF1X4TGM9HTAVFF08YB3,2025-06-30T21:02:01.590259504Z,01JZ19YSKES03CBT0DQ4XQZD4Y,2025-06-30T21:02:01.590259504Z,01JZ1A31WDRRSK5Y1X8M50HPSG,2025-06-30T21:02:01.590259504Z
01JZ18Z7M3FPY4V3QMKFQXNCE2,01JZ18G4TN4FH7205KTQTFE7PM,2025-06-30T20:38:01.603248665Z,01JZ18G4YTQTSXFW2X0Y80VGVG,2025-06-30T20:38:01.603248665Z,01JZ18M95D7WX9RB46ACE56086,2025-06-30T20:38:01.603248665Z,01JZ18QCJGMBYZ3Q6VHAQ4WQVG,2025-06-30T20:38:01.603248665Z
01JZ190C9Q9MDWAZ6T3MAXTV4P,01JZ18G4TN4FH7205KTQTFE7PM,2025-06-30T20:38:39.15909837Z,01JZ18G4XDWA3A08Y0HZ5HSAAF,2025-06-30T20:38:39.15909837Z,01JZ18KBAJ0PGQTXZHZSD7KQ4A,2025-06-30T20:38:39.15909837Z,01JZ18R104VYMDDRK1QJHT9RQ9,2025-06-30T20:38:39.15909837Z
01JZ198GJH0FJPMF8J1ZCW82Y2,01JZ18QHX9XGN83K6T42FK97D5,2025-06-30T20:43:05.681696229Z,01JZ18QHZ9KPT0XZ66BZ9ZB89K,2025-06-30T20:43:05.681696229Z,01JZ18VC89HN16T8VX0M60S31S,2025-06-30T20:43:05.681696229Z,01JZ190NJS7Q18J6QY8RM98TK7,2025-06-30T20:43:05.681696229Z
01JZ1A8VJQ2E6HS7MX21TY1D0E,01JZ19VEXCKVX740B60X4W6PQN,2025-06-30T21:00:45.527233328Z,01JZ19VF9WCS5BMDRCPXZK6ZBF,2025-06-30T21:00:45.527233328Z,01JZ1A5BC93T1VSNTPVNANBKKY,2025-06-30T21:00:45.527233328Z,01JZ1A8RR2GDW6GS56QAP6TW67,2025-06-30T21:00:45.527233328Z
01JZ1AK38Y89CT1DA149P7K86M,01JZ19VEXCKVX740B60X4W6PQN,2025-06-30T21:06:21.086118789Z,01JZ19VF3FCDRKA7RA8CE3SQDH,2025-06-30T21:06:21.086118789Z,01JZ1AJWEBWSA9H9YV5TJD6D6N,2025-06-30T21:06:21.086118789Z,01JZ1AK0DBQXGCYJCG3YA80XRE,2025-06-30T21:06:21.086118789Z
01JZ1CG4QXRT6NZ6Y9Z7YEMH47,01JZ1BX7WQMA45G0E33EEHJ3V9,2025-06-30T21:39:41.437669248Z,01JZ1BX81RJBYPGNM468STZ9YH,2025-06-30T21:39:41.437669248Z,01JZ1C7E8DJFPWRMGRQW39DWYT,2025-06-30T21:39:41.437669248Z,01JZ1C7YMQAMFB9S9MJX437MX7,2025-06-30T21:39:41.437669248Z
01JZ17SX48GY7BZSP3NWESJW1H,01JZ170DPRHYGRH6M74WMGZ8J5,2025-06-30T20:17:38.440978548Z,01JZ170DS434CCJM920VN081CV,2025-06-30T20:17:38.440978548Z,01JZ17BPKZNHJ9DBN3R83MMZW2,2025-06-30T20:17:38.440978548Z,01JZ17HX14FY8E41PWFYHSWJ2P,2025-06-30T20:17:38.440978548Z
01JZ17SY16K3R9VFAXQD4QQPVH,01JZ170DPRHYGRH6M74WMGZ8J5,2025-06-30T20:17:39.366886753Z,01JZ170DSTXK5Z1DV671606E6A,2025-06-30T20:17:39.366886753Z,01JZ17DP10NW99AE12W6233E2P,2025-06-30T20:17:39.366886753Z,01JZ17J85RY443EPKC8WCTQNMR,2025-06-30T20:17:39.366886753Z
01JZ17TCH28Q14WJGNM83JG4Q4,01JZ170DPRHYGRH6M74WMGZ8J5,2025-06-30T20:17:54.210962304Z,01JZ170DSBT7R80F1BC6BFNZAP,2025-06-30T20:17:54.210962304Z,01JZ177S5KY8F9N4218V4EVNPY,2025-06-30T20:17:54.210962304Z,01JZ17JC2ZXBJJNHC0TSAETRRS,2025-06-30T20:17:54.210962304Z
01JZ18027BBVRNSWTXDJ0HN93S,01JZ170DPRHYGRH6M74WMGZ8J5,2025-06-30T20:21:00.267854408Z,01JZ170DRQN15452AYS561M232,2025-06-30T20:21:00.267854408Z,01JZ17QY7AVGGNKHH7ZM5STBVV,2025-06-30T20:21:00.267854408Z,01JZ17RBDPNRWH0MV3S1S7KRVT,2025-06-30T20:21:00.267854408Z
01JZ1ATV292VDK5FKA1HCAY13W,01JZ19VEXCKVX740B60X4W6PQN,2025-06-30T21:10:34.825392877Z,01JZ19VF3FCDRKA7RA8CE3SQDH,2025-06-30T21:10:34.825392877Z,01JZ19ZRSF0H44Y7P62WF2M80H,2025-06-30T21:10:34.825392877Z,01JZ1AK0FG87FE5VK2WQYRA4AC,2025-06-30T21:10:34.825392877Z
01JZ17RJ9HX1Z4K6T6VNX20TRM,01JZ170DPRHYGRH6M74WMGZ8J5,2025-06-30T20:16:54.577604172Z,01JZ170DRV33K8D9D9ZMQKAW2D,2025-06-30T20:16:54.577604172Z,01JZ17FY7YEZ14CJBS3JX2EV3B,2025-06-30T20:16:54.577604172Z,01JZ17PPGX7JSSK85PVP6H7NR4,2025-06-30T20:16:54.577604172Z
01JZ18SYGY8D4X6QXT4MDWPRP7,01JZ18G4TN4FH7205KTQTFE7PM,2025-06-30T20:35:08.446239957Z,01JZ18G4XDWA3A08Y0HZ5HSAAF,2025-06-30T20:35:08.446239957Z,01JZ18KBAJ0PGQTXZHZSD7KQ4A,2025-06-30T20:35:08.446239957Z,01JZ18R0Z5Z926ZA90YM7MYTK3,2025-06-30T20:35:08.446239957Z
01JZ1BF2P415EDAHGNQ99H7S6Q,01JZ1B1VZ9TM9N3252XVVAH9DZ,2025-06-30T21:21:37.988485935Z,01JZ1B1W2WT8MR9NJ7RDDSFH2M,2025-06-30T21:21:37.988485935Z,01JZ1B56KN8DYJ21G7YK1NVQR0,2025-06-30T21:21:37.988485935Z,01JZ1BD3Y8NHHCFXCV7WB08PE6,2025-06-30T21:21:37.988485935Z
01JZ1BJ5154SSH8V6SCG5CYJNV,01JZ1B1VZ9TM9N3252XVVAH9DZ,2025-06-30T21:23:18.693797404Z,01JZ1B1W6S117BH8HCA7NH9R7E,2025-06-30T21:23:18.693797404Z,01JZ1B4JZ145G1JXSZ180MKZQ7,2025-06-30T21:23:18.693797404Z,01JZ1BAHDKSRY9Y8MMEK86CJS4,2025-06-30T21:23:18.693797404Z
01JZ1BS1SF6Y3JCQJ472FQ48BB,01JZ1B1VZ9TM9N3252XVVAH9DZ,2025-06-30T21:27:04.751195379Z,01JZ1B1W68Y1JCNSRHTZJR0WTB,2025-06-30T21:27:04.751195379Z,01JZ1BEDAMJRCNYC6ZRWR4EWKQ,2025-06-30T21:27:04.751195379Z,01JZ1BH45TYYSNR9HRYXWTVB04,2025-06-30T21:27:04.751195379Z
01JZ1CFSFXE9J8BJ2Q2KBKH5Q6,01JZ1BX7WQMA45G0E33EEHJ3V9,2025-06-30T21:39:29.917780427Z,01JZ1BX81RJBYPGNM468STZ9YH,2025-06-30T21:39:29.917780427Z,01JZ1BZM7HWWQQ5DW0EFWDSAQF,2025-06-30T21:39:29.917780427Z,01JZ1C7YKPD172BDJ38STHSTER,2025-06-30T21:39:29.917780427Z
01JZ18XMNP7PNN1V1E3B23S7M3,01JZ18G4TN4FH7205KTQTFE7PM,2025-06-30T20:37:09.430049422Z,01JZ18G4ZDA13FR053ZT1R1FPF,2025-06-30T20:37:09.430049422Z,01JZ18HQSJCYE6M3YFJES1PERS,2025-06-30T20:37:09.430049422Z,01JZ18NR6VSFFH5QJK4DQ1TXDM,2025-06-30T20:37:09.430049422Z
01JZ18YV2VFW343KTCYH0C07YE,01JZ18G4TN4FH7205KTQTFE7PM,2025-06-30T20:37:48.763492207Z,01JZ18G4Y1ABZPJ815NAWEN19T,2025-06-30T20:37:48.763492207Z,01JZ18JGZBSWHAA8MGTKR735JR,2025-06-30T20:37:48.763492207Z,01JZ18PMFWXRBMGQD7EAMQ4QF6,2025-06-30T20:37:48.763492207Z
01JZ18ZKG4KN52SZXQS1M90TXV,01JZ18G4TN4FH7205KTQTFE7PM,2025-06-30T20:38:13.764632226Z,01JZ18G4YTQTSXFW2X0Y80VGVG,2025-06-30T20:38:13.764632226Z,01JZ18JHMPB6Y0TNZB1CBHN9G9,2025-06-30T20:38:13.764632226Z,01JZ18QCJV80NZ6CWN841W78CA,2025-06-30T20:38:13.764632226Z
01JZ18ZZ1MK6VGEE0D8XK9RAR9,01JZ18G4TN4FH7205KTQTFE7PM,2025-06-30T20:38:25.588553104Z,01JZ18G4ZZG5A688HVVJGKBFVW,2025-06-30T20:38:25.588553104Z,01JZ18N0JKWFKXBS82BQZ5RVQD,2025-06-30T20:38:25.588553104Z,01JZ18RFRDFAMMNBDDR8ZFEFZN,2025-06-30T20:38:25.588553104Z
01JZ190ZGAB95A5Y6GV9ZTNJ6F,01JZ18G4TN4FH7205KTQTFE7PM,2025-06-30T20:38:58.82649943Z,01JZ18G50G0GKPPCFSW2N0ZNW1,2025-06-30T20:38:58.82649943Z,01JZ18J6KD5BBAN05Q96NKJXCJ,2025-06-30T20:38:58.82649943Z,01JZ18RHFDZ694HBYDHJEKWZ3S,2025-06-30T20:38:58.82649943Z
01JZ1AJ9GXBA2A4XTH8FH48Z6C,01JZ19VEXCKVX740B60X4W6PQN,2025-06-30T21:05:54.718053322Z,01JZ19VF5YA4VZJRJDVJVY1XBY,2025-06-30T21:05:54.718053322Z,01JZ19Y068YTBSDNPDANA6K38M,2025-06-30T21:05:54.718053322Z,01JZ1AAR2NPD6QV68SPHG41X06,2025-06-30T21:05:54.718053322Z
01JZ1BJSXARWBXV09ZZJHRR8FR,01JZ1B1VZ9TM9N3252XVVAH9DZ,2025-06-30T21:23:40.07479903Z,01JZ1B1W5AJ9N87HJBZ99HRQPJ,2025-06-30T21:23:40.07479903Z,01JZ1BAG1QXXZT2G75G9P8N6Y2,2025-06-30T21:23:40.07479903Z,01JZ1BB7J8Y8W753ARSJ77X4CV,2025-06-30T21:23:40.07479903Z
01JZ17G5GXNTP6JTTS4TB6KJN2,01JZ170DPRHYGRH6M74WMGZ8J5,2025-06-30T20:12:19.357994123Z,01JZ170DRRRWN613C5WJQ8B5Q6,2025-06-30T20:12:19.357994123Z,01JZ179PSK7PR9GXW3K753Z7EA,2025-06-30T20:12:19.357994123Z,01JZ17G526V3QE34K6X6V2S8DM,2025-06-30T20:12:19.357994123Z
01JZ1BT7FH7MZPGNR9W21J1N2M,01JZ1B1VZ9TM9N3252XVVAH9DZ,2025-06-30T21:27:43.345780765Z,01JZ1B1W46BH5YH0XYSE8KJRBK,2025-06-30T21:27:43.345780765Z,01JZ1B53Y9CT8RBFCFDJ7CMETA,2025-06-30T21:27:43.345780765Z,01JZ1BJ1FAQJQXPY3NN1T11973,2025-06-30T21:27:43.345780765Z
01JZ1EXFV7QE6AV5QDPYQZ7A33,01JZ1E916HBESJXS5SJ82BFZ21,2025-06-30T22:21:55.943664529Z,01JZ1E91Z6K0ZJGCC53Q4JQWJP,2025-06-30T22:21:55.943664529Z,01JZ1ET7E30G59HX0XYHAKGDD0,2025-06-30T22:21:55.943664529Z,01JZ1EXBTQJWJW772Y9M5KFFJG,2025-06-30T22:21:55.943664529Z
01JZ1F4JVQ077T40KE5SD9YTBM,01JZ1E916HBESJXS5SJ82BFZ21,2025-06-30T22:25:48.407250435Z,01JZ1E91Q18GQE49C0XSDVMF75,2025-06-30T22:25:48.407250435Z,01JZ1EVFEHVN1QQPSCMZ2EZ73P,2025-06-30T22:25:48.407250435Z,01JZ1F2JC80W096GAN654HJE4R,2025-06-30T22:25:48.407250435Z
01JZ1F54MC156JVFV9Z4T1YBV5,01JZ1E916HBESJXS5SJ82BFZ21,2025-06-30T22:26:06.604153599Z,01JZ1E91MDHZVF6NVBEDDVGZWT,2025-06-30T22:26:06.604153599Z,01JZ1EV2QBA0A51FSNHWZDJC5Q,2025-06-30T22:26:06.604153599Z,01JZ1EWVP1M7JC9JTKB8V2PJTM,2025-06-30T22:26:06.604153599Z
01JZ18R724ADW96CN4ES4W2WEA,01JZ18G4TN4FH7205KTQTFE7PM,2025-06-30T20:34:11.652432519Z,01JZ18G4X5EPR69QT64DVYQXFJ,2025-06-30T20:34:11.652432519Z,01JZ18JKCGQP2NA6VYXSDM89NW,2025-06-30T20:34:11.652432519Z,01JZ18PAPZYGZBF3DQ7XCBJ9MP,2025-06-30T20:34:11.652432519Z
01JZ18R72HRHFDWEA4N2Q0KC49,01JZ18G4TN4FH7205KTQTFE7PM,2025-06-30T20:34:11.665577577Z,01JZ18G4X5EPR69QT64DVYQXFJ,2025-06-30T20:34:11.665577577Z,01JZ18J5R16DTA3XKT9Y9737P7,2025-06-30T20:34:11.665577577Z,01JZ18PAPZYGZBF3DQ7XCBJ9MP,2025-06-30T20:34:11.665577577Z
01JZ1ACNVERHX7MJD12F119JCW,01JZ19VEXCKVX740B60X4W6PQN,2025-06-30T21:02:50.734905805Z,01JZ19VF5YA4VZJRJDVJVY1XBY,2025-06-30T21:02:50.734905805Z,01JZ19XQ9SYW5JG2B10Z2EXJ0C,2025-06-30T21:02:50.734905805Z,01JZ1AAR361JZ1CYXHJ50PJVG2,2025-06-30T21:02:50.734905805Z
01JZ1DMV709AZW14023VR99PK2,01JZ1D0RX94M7HHBAJDNGV8QRS,2025-06-30T21:59:44.096752684Z,01JZ1D0S14X3T6948SDJVF454K,2025-06-30T21:59:44.096752684Z,01JZ1D4M3DA9VHJGDM7TJDNSPA,2025-06-30T21:59:44.096752684Z,01JZ1DCMRJJ169TVNGDT370T2P,2025-06-30T21:59:44.096752684Z
01JZ1EY4TN2F2S9TW39BRNTVR9,01JZ1E916HBESJXS5SJ82BFZ21,2025-06-30T22:22:17.429727902Z,01JZ1E91WFH0SPDF0PZ6G1349X,2025-06-30T22:22:17.429727902Z,01JZ1EBNRXWXP0H461Z4YMKNYP,2025-06-30T22:22:17.429727902Z,01JZ1EY0NZMS86PHXH9J9EA1SV,2025-06-30T22:22:17.429727902Z
01JZ17M7VD7W0Y8B9CFGVS9MAS,01JZ170DPRHYGRH6M74WMGZ8J5,2025-06-30T20:14:32.813954965Z,01JZ170DSBT7R80F1BC6BFNZAP,2025-06-30T20:14:32.813954965Z,01JZ17898TMETDM923KMFF15WB,2025-06-30T20:14:32.813954965Z,01JZ17JC3646JKWR0PPXMYYSSE,2025-06-30T20:14:32.813954965Z
01JZ17R6TSFVHMP74QCF5VBA22,01JZ170DPRHYGRH6M74WMGZ8J5,2025-06-30T20:16:42.841243267Z,01JZ170DRSFZ9Y16965WN1Z2F9,2025-06-30T20:16:42.841243267Z,01JZ17971DQBZCGDTGNY2JH6QQ,2025-06-30T20:16:42.841243267Z,01JZ17G70SJ14STM6REY4G3XP7,2025-06-30T20:16:42.841243267Z
01JZ18RKD9PYP08WJFV8VVFSR7,01JZ18G4TN4FH7205KTQTFE7PM,2025-06-30T20:34:24.297596032Z,01JZ18G50G0GKPPCFSW2N0ZNW1,2025-06-30T20:34:24.297596032Z,01JZ18J6KD5BBAN05Q96NKJXCJ,2025-06-30T20:34:24.297596032Z,01JZ18RHHCVE30JQC8SHSPW4MY,2025-06-30T20:34:24.297596032Z
01JZ1CG9CZBQCHMSSGS1RWJ4VG,01JZ1BX7WQMA45G0E33EEHJ3V9,2025-06-30T21:39:46.207293741Z,01JZ1BX849RGFMRNF1WR9VXVPD,2025-06-30T21:39:46.207293741Z,01JZ1C42HDFGHZFCN4YDW8V435,2025-06-30T21:39:46.207293741Z,01JZ1C84T2E9S1287QS1CMSZMQ,2025-06-30T21:39:46.207293741Z
01JZ1GWVVEGR142NF45W4EW5JT,01JZ1G29Q82GQAKEXSK2E7NK3R,2025-06-30T22:56:32.622416362Z,01JZ1G2AATTMJJ07WA2JZ9MF1K,2025-06-30T22:56:32.622416362Z,01JZ1GPSZ98FX0GSJ1PJWWQANW,2025-06-30T22:56:32.622416362Z,01JZ1GWN9E6D3R3MSRMZHCWZ3J,2025-06-30T22:56:32.622416362Z
01JZ17QGVEZR1SJCG0QJTFNCC2,01JZ170DPRHYGRH6M74WMGZ8J5,2025-06-30T20:16:20.334783976Z,01JZ170DRRRWN613C5WJQ8B5Q6,2025-06-30T20:16:20.334783976Z,01JZ176AGFMX3JE5XFYY83S9AY,2025-06-30T20:16:20.334783976Z,01JZ17G52QXC0MC4VA0YJ9E9HN,2025-06-30T20:16:20.334783976Z
01JZ17ZQTSET9XQHT9B8P0CGTZ,01JZ170DPRHYGRH6M74WMGZ8J5,2025-06-30T20:20:49.625838784Z,01JZ170DRQN15452AYS561M232,2025-06-30T20:20:49.625838784Z,01JZ17R3E57YY9H2V5S1G4XMBW,2025-06-30T20:20:49.625838784Z,01JZ17RBD7J0VJVJJG30EA195H,2025-06-30T20:20:49.625838784Z
01JZ18NSH6F5GM0PEDR0DR1MW1,01JZ18G4TN4FH7205KTQTFE7PM,2025-06-30T20:32:52.262139259Z,01JZ18G4ZDA13FR053ZT1R1FPF,2025-06-30T20:32:52.262139259Z,01JZ18J71C4JGFMP9MP8Y4KY9T,2025-06-30T20:32:52.262139259Z,01JZ18NR5AG219ZPCM6XMBS475,2025-06-30T20:32:52.262139259Z
01JZ18QQ6GTGGZQDJ2FJ767WAT,01JZ18G4TN4FH7205KTQTFE7PM,2025-06-30T20:33:55.409096786Z,01JZ18G4ZPD0G0WRB3ZSNJ4KSW,2025-06-30T20:33:55.409096786Z,01JZ18HV1R8B29VBXTS00FPVXC,2025-06-30T20:33:55.409096786Z,01JZ18QMC3ZA9P1743X1HXFWMC,2025-06-30T20:33:55.409096786Z
01JZ18R3Z06VEXH79Z4V4Y25BD,01JZ18G4TN4FH7205KTQTFE7PM,2025-06-30T20:34:08.480767924Z,01JZ18G50PJASP911XB82AW46K,2025-06-30T20:34:08.480767924Z,01JZ18HFN6SPVZ5DYGTVB7ZVYC,2025-06-30T20:34:08.480767924Z,01JZ18P6M9PWBBNS9EFA2527RR,2025-06-30T20:34:08.480767924Z
01JZ18Z3XEAZ5DF351D2XSKC7S,01JZ18G4TN4FH7205KTQTFE7PM,2025-06-30T20:37:57.806322708Z,01JZ18G4ZPD0G0WRB3ZSNJ4KSW,2025-06-30T20:37:57.806322708Z,01JZ18KHM8GJ48PE7RRH6Y4W94,2025-06-30T20:37:57.806322708Z,01JZ18QMCZ2XYW2ZQY93ZH56GP,2025-06-30T20:37:57.806322708Z
01JZ18ZFYB5PEBS9F99ASW126N,01JZ18G4TN4FH7205KTQTFE7PM,2025-06-30T20:38:10.123165933Z,01JZ18G4ZPD0G0WRB3ZSNJ4KSW,2025-06-30T20:38:10.123165933Z,01JZ18KCY0QBBH8XGZWTQZ78V6,2025-06-30T20:38:10.123165933Z,01JZ18QMEETMY6YTPVQZEX7GRT,2025-06-30T20:38:10.123165933Z
01JZ190SCSYWATMEJ16AJNQ9HZ,01JZ18G4TN4FH7205KTQTFE7PM,2025-06-30T20:38:52.569428717Z,01JZ18G4XMK5QHE5YNTR43VZ9V,2025-06-30T20:38:52.569428717Z,01JZ18JYQDFDP4EVNZQ3HF507K,2025-06-30T20:38:52.569428717Z,01JZ18RP91GEW9EVAQBZZAHXYV,2025-06-30T20:38:52.569428717Z
01JZ17MA348YR3D2AMR1Q3RFET,01JZ170DPRHYGRH6M74WMGZ8J5,2025-06-30T20:14:35.108988468Z,01JZ170DSR5F2SARFX61BD5BFD,2025-06-30T20:14:35.108988468Z,01JZ17BSGD1ZFE3AGW45TSH40F,2025-06-30T20:14:35.108988468Z,01JZ17M8SKNJW5A4Z1S33P0E3X,2025-06-30T20:14:35.108988468Z
01JZ17QB1CCRKS5NXHC3CKBEME,01JZ170DPRHYGRH6M74WMGZ8J5,2025-06-30T20:16:14.380363083Z,01JZ170DS5DJKXJ3Z7YVJKJJXK,2025-06-30T20:16:14.380363083Z,01JZ178QE8FT7YCFAWRXFD895X,2025-06-30T20:16:14.380363083Z,01JZ17QA5Z590RP2SNRWWJMCH6,2025-06-30T20:16:14.380363083Z
01JZ1923JSAVAFQXR9K6ERCVMW,01JZ18G4TN4FH7205KTQTFE7PM,2025-06-30T20:39:35.769980427Z,01JZ18G508W9SSEDAT6B79GZND,2025-06-30T20:39:35.769980427Z,01JZ18J46H2273JNNKGGW4JXM3,2025-06-30T20:39:35.769980427Z,01JZ18STDNJEZSFCWMMDNZVD2H,2025-06-30T20:39:35.769980427Z
01JZ1BD803RWNJ5TGR6175X2GG,01JZ1B1VZ9TM9N3252XVVAH9DZ,2025-06-30T21:20:37.891777201Z,01JZ1B1W5AJ9N87HJBZ99HRQPJ,2025-06-30T21:20:37.891777201Z,01JZ1B7J9GMSKP5R199VT378SX,2025-06-30T21:20:37.891777201Z,01JZ1BB7ETZS9BEX799QEABQ0R,2025-06-30T21:20:37.891777201Z
01JZ1CEF61XSTAFC7V1AZ11J90,01JZ1BX7WQMA45G0E33EEHJ3V9,2025-06-30T21:38:46.593773372Z,01JZ1BX80QRTKGB6MH6HMRDXS1,2025-06-30T21:38:46.593773372Z,01JZ1BY7ZYY1555G7VDKVM55K7,2025-06-30T21:38:46.593773372Z,01JZ1C6971JYEBAS1QKBJ0656S,2025-06-30T21:38:46.593773372Z
01JZ17MZR5DJ1BHYTY0X0EX45V,01JZ170DPRHYGRH6M74WMGZ8J5,2025-06-30T20:14:57.285510873Z,01JZ170DSMJZPS89ZBMFZ7ATK7,2025-06-30T20:14:57.285510873Z,01JZ17DZ6QV2B73JE2W9M5K3SC,2025-06-30T20:14:57.285510873Z,01JZ17MYD7WSKX1DNA84EQZJF1,2025-06-30T20:14:57.285510873Z
01JZ1AEFDN8WED7ZFXBNFQYNM2,01JZ19VEXCKVX740B60X4W6PQN,2025-06-30T21:03:49.686046525Z,01JZ19VF6XEW5FG377QGXCTRD1,2025-06-30T21:03:49.686046525Z,01JZ19XENNWSXAPJJVN05DNY45,2025-06-30T21:03:49.686046525Z,01JZ1ACG5AA6PRZ7WAEJWMNX2A,2025-06-30T21:03:49.686046525Z
01JZ1AV5PDGM3DRV0SSSYG1JS6,01JZ19VEXCKVX740B60X4W6PQN,2025-06-30T21:10:45.709726801Z,01JZ19VF3FCDRKA7RA8CE3SQDH,2025-06-30T21:10:45.709726801Z,01JZ1A9FT19KFC6EXDW9G1CYS7,2025-06-30T21:10:45.709726801Z,01JZ1AK0ET9HBHSSG0V60ZD9G1,2025-06-30T21:10:45.709726801Z
01JZ1DF9C1B1B9BCCFGA7JR6E3,01JZ1D0RX94M7HHBAJDNGV8QRS,2025-06-30T21:56:41.985643403Z,01JZ1D0S2S8SEBXETFQJSTGM5V,2025-06-30T21:56:41.985643403Z,01JZ1D5N9EKRCKNEX5N0FCN65V,2025-06-30T21:56:41.985643403Z,01JZ1D77ZGJGAA1PN0Y98H9Q1P,2025-06-30T21:56:41.985643403Z
01JZ17HP6EFX5VA57ZC344G9N1,01JZ170DPRHYGRH6M74WMGZ8J5,2025-06-30T20:13:09.198796698Z,01JZ170DS8YWG03GZVY59N3JD0,2025-06-30T20:13:09.198796698Z,01JZ179QC9P59RRBVKW06P1VJF,2025-06-30T20:13:09.198796698Z,01JZ17HNMC395BYG9QN2MAW1BJ,2025-06-30T20:13:09.198796698Z
01JZ180CC8Y8AKTND8TGRYJT0C,01JZ170DPRHYGRH6M74WMGZ8J5,2025-06-30T20:21:10.664471697Z,01JZ170DRQN15452AYS561M232,2025-06-30T20:21:10.664471697Z,01JZ17M9BWTED841AF4MEHDDNW,2025-06-30T20:21:10.664471697Z,01JZ17RBE0ZT7HTBY1K3ZRR1VV,2025-06-30T20:21:10.664471697Z
01JZ18SAM79BYJG4PVQ47JVR7E,01JZ18G4TN4FH7205KTQTFE7PM,2025-06-30T20:34:48.071224504Z,01JZ18G4Z7SR18DC8PDBR22HS5,2025-06-30T20:34:48.071224504Z,01JZ18KKD45G2Z51GTDYMFBGF8,2025-06-30T20:34:48.071224504Z,01JZ18S8VF5J1VCYDTJZFPF4QA,2025-06-30T20:34:48.071224504Z
01JZ18TCTKDNN6GWXCZN15VEWF,01JZ18G4TN4FH7205KTQTFE7PM,2025-06-30T20:35:23.091640478Z,01JZ18G4ZZG5A688HVVJGKBFVW,2025-06-30T20:35:23.091640478Z,01JZ18N0JKWFKXBS82BQZ5RVQD,2025-06-30T20:35:23.091640478Z,01JZ18RFQ4W09NKQ14XZ3KQN1E,2025-06-30T20:35:23.091640478Z
01JZ199VR0JH9CHWFCX6RN0WH2,01JZ18R9CHSHJ2BAJZ4M4PAW2X,2025-06-30T20:43:49.88887215Z,01JZ18RA48YSHMY5EWBJ9E61V2,2025-06-30T20:43:49.88887215Z,01JZ18XW8Z67J1KER526XJJSXY,2025-06-30T20:43:49.88887215Z,01JZ192CQ1PM6AAY4VWQWP0QFX,2025-06-30T20:43:49.88887215Z
01JZ1BP1TTXR82WYPXMECM8C4Q,01JZ1B1VZ9TM9N3252XVVAH9DZ,2025-06-30T21:25:26.490848491Z,01JZ1B1W4RP0VXDDKCJTNKM3AX,2025-06-30T21:25:26.490848491Z,01JZ1BHJS3735357S2TBZ4T5W4,2025-06-30T21:25:26.490848491Z,01JZ1BNY7WEGTS4M119S3G7CHR,2025-06-30T21:25:26.490848491Z
01JZ17S936Q80F0V882N68KA7K,01JZ170DPRHYGRH6M74WMGZ8J5,2025-06-30T20:17:17.926751246Z,01JZ170DS32PJY8CQRMADJXFRG,2025-06-30T20:17:17.926751246Z,01JZ17A84G8QVPB3RW2KXSNH3H,2025-06-30T20:17:17.926751246Z,01JZ17HJY4CGFR7PYHRBPAT4T8,2025-06-30T20:17:17.926751246Z
01JZ18R9V9M6VDNY3TC23WG2GZ,01JZ18G4TN4FH7205KTQTFE7PM,2025-06-30T20:34:14.505401238Z,01JZ18G512YK4K14AJW1A4KQT5,2025-06-30T20:34:14.505401238Z,01JZ18JHACQMQPJCAE4XRR7QFX,2025-06-30T20:34:14.505401238Z,01JZ18R8B98P4BYKECZBPDN4K7,2025-06-30T20:34:14.505401238Z
01JZ1CFETBMGH51TKDZ45F8A6P,01JZ1BX7WQMA45G0E33EEHJ3V9,2025-06-30T21:39:18.98791963Z,01JZ1BX81RJBYPGNM468STZ9YH,2025-06-30T21:39:18.98791963Z,01JZ1C1P9WXAKXCBQ2MNEBPRTC,2025-06-30T21:39:18.98791963Z,01JZ1C7YJM4B7G9NZX8J1CMGGG,2025-06-30T21:39:18.98791963Z
01JZ1DQPX1BK3JQF3PBQS92PKQ,01JZ1D0RX94M7HHBAJDNGV8QRS,2025-06-30T22:01:17.985356116Z,01JZ1D0S064NT759Q480WCA8PK,2025-06-30T22:01:17.985356116Z,01JZ1DEJMJQ3008TVKPGG206S9,2025-06-30T22:01:17.985356116Z,01JZ1DFXV9T1EVC6HZV4AB9RYD,2025-06-30T22:01:17.985356116Z
01JZ1F0EVSYK3HQBQG5PC8EE0N,01JZ1E916HBESJXS5SJ82BFZ21,2025-06-30T22:23:33.241321566Z,01JZ1E91HHYKGR583PHV4V6JXR,2025-06-30T22:23:33.241321566Z,01JZ1EFK9EEAEM2ASPQWEXC3TB,2025-06-30T22:23:33.241321566Z,01JZ1ERV9TFSNXH7AMBAPNGSYN,2025-06-30T22:23:33.241321566Z
01JZ18XR8CDDABRN43QA4KWA24,01JZ18G4TN4FH7205KTQTFE7PM,2025-06-30T20:37:13.100516374Z,01JZ18G4X5EPR69QT64DVYQXFJ,2025-06-30T20:37:13.100516374Z,01JZ18J5R16DTA3XKT9Y9737P7,2025-06-30T20:37:13.100516374Z,01JZ18PAPJXR5K55YMBBDH8RCF,2025-06-30T20:37:13.100516374Z
01JZ17NBS9GSJ9J4PK71XRX561,01JZ170DPRHYGRH6M74WMGZ8J5,2025-06-30T20:15:09.609357111Z,01JZ170DSWJ6311N72HPSQWG9K,2025-06-30T20:15:09.609357111Z,01JZ17BEMM8D7MEKMFQ0MBS3DE,2025-06-30T20:15:09.609357111Z,01JZ17KG534VMGAN6DZ77QN8H5,2025-06-30T20:15:09.609357111Z
01JZ18Y2T3K6R8WZ2NKVKS9T8Y,01JZ18G4TN4FH7205KTQTFE7PM,2025-06-30T20:37:23.907465749Z,01JZ18G4X5EPR69QT64DVYQXFJ,2025-06-30T20:37:23.907465749Z,01JZ18JKCGQP2NA6VYXSDM89NW,2025-06-30T20:37:23.907465749Z,01JZ18PAR13X6VEBNAGYQZRZE6,2025-06-30T20:37:23.907465749Z
01JZ18YBPKYSG7VXXENTKR5RND,01JZ18G4TN4FH7205KTQTFE7PM,2025-06-30T20:37:33.011944796Z,01JZ18G50PJASP911XB82AW46K,2025-06-30T20:37:33.011944796Z,01JZ18M00QARBD4YKJZDM6JQBC,2025-06-30T20:37:33.011944796Z,01JZ18P6NXZT0V7P3PR4SE8Z8C,2025-06-30T20:37:33.011944796Z
01JZ1BJFRHPYW3WGE4V2E2FMWT,01JZ1B1VZ9TM9N3252XVVAH9DZ,2025-06-30T21:23:29.68173334Z,01JZ1B1W6S117BH8HCA7NH9R7E,2025-06-30T21:23:29.68173334Z,01JZ1B4JZ145G1JXSZ180MKZQ7,2025-06-30T21:23:29.68173334Z,01JZ1BAHERRJG5Y4NQ430CHJGP,2025-06-30T21:23:29.68173334Z
01JZ1CAPQT85DQ0Z990C38MKKD,01JZ1BX7WQMA45G0E33EEHJ3V9,2025-06-30T21:36:43.258505559Z,01JZ1BX82RNFGPPA94NES9507T,2025-06-30T21:36:43.258505559Z,01JZ1BZDJ93GPNRBSERWMWMMB5,2025-06-30T21:36:43.258505559Z,01JZ1CAKSF4EN6M5TKS4NC6EX3,2025-06-30T21:36:43.258505559Z
01JZ17QGVAPA6Z1Y6K53BNVP6X,01JZ170DPRHYGRH6M74WMGZ8J5,2025-06-30T20:16:20.330832801Z,01JZ170DRRRWN613C5WJQ8B5Q6,2025-06-30T20:16:20.330832801Z,01JZ1783Y320G4QQ1JCVQAE220,2025-06-30T20:16:20.330832801Z,01JZ17G52QXC0MC4VA0YJ9E9HN,2025-06-30T20:16:20.330832801Z
01JZ1BQNACEAQAMZKCJYVQ1B0V,01JZ1B1VZ9TM9N3252XVVAH9DZ,2025-06-30T21:26:19.212658182Z,01JZ1B1W5TAZ0C76DBH0ZAEY5X,2025-06-30T21:26:19.212658182Z,01JZ1BNKT1EA6BGVVN8436Q4BP,2025-06-30T21:26:19.212658182Z,01JZ1BNNFF9MV2BR5CAE8TGEYC,2025-06-30T21:26:19.212658182Z
01JZ1CJEC2W31HAPJW6J26WH30,01JZ1BX7WQMA45G0E33EEHJ3V9,2025-06-30T21:40:56.834895026Z,01JZ1BX82RNFGPPA94NES9507T,2025-06-30T21:40:56.834895026Z,01JZ1C98HS2FRFHZKQAPAW4FY4,2025-06-30T21:40:56.834895026Z,01JZ1CAKWP0H743BZGYZ5DSNCH,2025-06-30T21:40:56.834895026Z
01JZ17P4ZWBBHV6HGNH2Z93TAA,01JZ170DPRHYGRH6M74WMGZ8J5,2025-06-30T20:15:35.420630952Z,01JZ170DSR5F2SARFX61BD5BFD,2025-06-30T20:15:35.420630952Z,01JZ17DTG6GCYHCZ1XV1B4YQSG,2025-06-30T20:15:35.420630952Z,01JZ17M8SSZ2QHECS5BA0DPMCQ,2025-06-30T20:15:35.420630952Z
01JZ17RC8XHHZT8TGW247YW82Z,01JZ170DPRHYGRH6M74WMGZ8J5,2025-06-30T20:16:48.413627589Z,01JZ170DRQN15452AYS561M232,2025-06-30T20:16:48.413627589Z,01JZ17R3E57YY9H2V5S1G4XMBW,2025-06-30T20:16:48.413627589Z,01JZ17RBBXJNB1SM787WX1GG11,2025-06-30T20:16:48.413627589Z
01JZ17T8FZAEHDM11FFV0608DN,01JZ170DPRHYGRH6M74WMGZ8J5,2025-06-30T20:17:50.079796443Z,01JZ170DSTXK5Z1DV671606E6A,2025-06-30T20:17:50.079796443Z,01JZ17CV56KYXDEZD0V6G3R2C0,2025-06-30T20:17:50.079796443Z,01JZ17J85SANMZWN2QB7PBGCW6,2025-06-30T20:17:50.079796443Z
01JZ190D0J3XWM9KR6BXBM606F,01JZ18G4TN4FH7205KTQTFE7PM,2025-06-30T20:38:39.890198334Z,01JZ18G4ZZG5A688HVVJGKBFVW,2025-06-30T20:38:39.890198334Z,01JZ18N06YG4ZMSQQQ92S1PQNP,2025-06-30T20:38:39.890198334Z,01JZ18RFPSBYDPWWM1XEC3ZD1K,2025-06-30T20:38:39.890198334Z
01JZ190YD40D59Q20BYVAWAPNK,01JZ18G4TN4FH7205KTQTFE7PM,2025-06-30T20:38:57.700726474Z,01JZ18G4ZZG5A688HVVJGKBFVW,2025-06-30T20:38:57.700726474Z,01JZ18JE9A6THSRA3515C4Q3GE,2025-06-30T20:38:57.700726474Z,01JZ18RFR1W3YDRVBYSTVG4Z41,2025-06-30T20:38:57.700726474Z
01JZ19FB71BT9AM50VFJ77A9RW,01JZ18R9CHSHJ2BAJZ4M4PAW2X,2025-06-30T20:46:49.569555658Z,01JZ18RA3DBE17YR6D8FEXRWFY,2025-06-30T20:46:49.569555658Z,01JZ18V7AEVH5VMDMYVZ6HXGK5,2025-06-30T20:46:49.569555658Z,01JZ197W0CRT1QRT68SVS12ZFW,2025-06-30T20:46:49.569555658Z
01JZ1CPA7NMEQK3SH1PRAM68T1,01JZ1C4XJFQQ45ZHGATAXVBX0J,2025-06-30T21:43:03.669045203Z,01JZ1C4XNE4VHGMR9JDZS6Y7F9,2025-06-30T21:43:03.669045203Z,01JZ1CF267R4DM5CMXPS4VKSEE,2025-06-30T21:43:03.669045203Z,01JZ1CM9MH9FR8B6ZK0QM2XBF8,2025-06-30T21:43:03.669045203Z
01JZ18SSH7E8N3MQBWZC4MC708,01JZ18G4TN4FH7205KTQTFE7PM,2025-06-30T20:35:03.335790839Z,01JZ18G4YK3PSP6R2PNWBA4P8S,2025-06-30T20:35:03.335790839Z,01JZ18J1HPCJW9NZWB0AN2GDSE,2025-06-30T20:35:03.335790839Z,01JZ18QWBAHK4T4H0VEYDTYNA4,2025-06-30T20:35:03.335790839Z
01JZ19178DZ5ZSWYTQ9F67QDAQ,01JZ18G4TN4FH7205KTQTFE7PM,2025-06-30T20:39:06.76598017Z,01JZ18G4Z7SR18DC8PDBR22HS5,2025-06-30T20:39:06.76598017Z,01JZ18KKD45G2Z51GTDYMFBGF8,2025-06-30T20:39:06.76598017Z,01JZ18S8XT12G8V1PAKVTN6A36,2025-06-30T20:39:06.76598017Z
01JZ1A33TR1AMEP74DG0EATQGQ,01JZ19VEXCKVX740B60X4W6PQN,2025-06-30T20:57:37.368249897Z,01JZ19VF1X4TGM9HTAVFF08YB3,2025-06-30T20:57:37.368249897Z,01JZ19YKGANWM091HXPRFZY75R,2025-06-30T20:57:37.368249897Z,01JZ1A31S02SDHSEM91H5D9K0N,2025-06-30T20:57:37.368249897Z
01JZ1AAQ7HA9JJ9Z021DJT0WFK,01JZ19VEXCKVX740B60X4W6PQN,2025-06-30T21:01:46.609650551Z,01JZ19VF9WCS5BMDRCPXZK6ZBF,2025-06-30T21:01:46.609650551Z,01JZ18QF2693Q9TCBGRNNEEKBJ,2025-06-30T21:01:46.609650551Z,01JZ1A8RTBQBGQ6B3M8DMQ82K3,2025-06-30T21:01:46.609650551Z
01JZ17J0CNBV8A8C8SDD438910,01JZ170DPRHYGRH6M74WMGZ8J5,2025-06-30T20:13:19.637190482Z,01JZ170DRRRWN613C5WJQ8B5Q6,2025-06-30T20:13:19.637190482Z,01JZ17A832XNJZN2KK8205TMZH,2025-06-30T20:13:19.637190482Z,01JZ17G525MGXJWBMSF6HV25RV,2025-06-30T20:13:19.637190482Z
01JZ18Y2WRF9K1SAX67SJ9H9F9,01JZ18G4TN4FH7205KTQTFE7PM,2025-06-30T20:37:23.9927411Z,01JZ18G4X5EPR69QT64DVYQXFJ,2025-06-30T20:37:23.9927411Z,01JZ18J0PFCTBHRZ327Y7ADC0R,2025-06-30T20:37:23.9927411Z,01JZ18PAR13X6VEBNAGYQZRZE6,2025-06-30T20:37:23.9927411Z
01JZ18ZKFCYEB6P56SKGV8XGSR,01JZ18G4TN4FH7205KTQTFE7PM,2025-06-30T20:38:13.740541803Z,01JZ18G4YTQTSXFW2X0Y80VGVG,2025-06-30T20:38:13.740541803Z,01JZ18JQTYVQ19WTRN7KYJ00FT,2025-06-30T20:38:13.740541803Z,01JZ18QCJV80NZ6CWN841W78CA,2025-06-30T20:38:13.740541803Z
01JZ1CW7H2YB8Z5520VKPSW0A2,01JZ1C4XJFQQ45ZHGATAXVBX0J,2025-06-30T21:46:17.507018677Z,01JZ1C4XNE4VHGMR9JDZS6Y7F9,2025-06-30T21:46:17.507018677Z,01JZ1CH99SCVGB71HN39473CFW,2025-06-30T21:46:17.507018677Z,01JZ1CM9PHKQR6ZRV6WZC89ZRV,2025-06-30T21:46:17.507018677Z
01JZ17YQMRP2ZK6PHGGDSEE709,01JZ170DPRHYGRH6M74WMGZ8J5,2025-06-30T20:20:16.6641015Z,01JZ170DRV33K8D9D9ZMQKAW2D,2025-06-30T20:20:16.6641015Z,01JZ17PJ3VDZQD3TEH95CF73QJ,2025-06-30T20:20:16.6641015Z,01JZ17PPHN9RJYD8FZ3BDFYGXP,2025-06-30T20:20:16.6641015Z
01JZ1BSCRBHBD8Z142SYQ79EQ7,01JZ1B1VZ9TM9N3252XVVAH9DZ,2025-06-30T21:27:15.97952822Z,01JZ1B1W68Y1JCNSRHTZJR0WTB,2025-06-30T21:27:15.97952822Z,01JZ1B84EMA8EXMS4XB5YP9VDA,2025-06-30T21:27:15.97952822Z,01JZ1BH4CC6N46FP386VHR81G9,2025-06-30T21:27:15.97952822Z
01JZ1F15NNMW7AW9MVE2ZFHXNG,01JZ1E916HBESJXS5SJ82BFZ21,2025-06-30T22:23:56.597348886Z,01JZ1E91HHYKGR583PHV4V6JXR,2025-06-30T22:23:56.597348886Z,01JZ1EK77BRBNM03T0A9A1Z152,2025-06-30T22:23:56.597348886Z,01JZ1ERVCEPEY697Y3TMZ7E1DG,2025-06-30T22:23:56.597348886Z
01JZ1F1QY99Q3B6AGM05QQX897,01JZ1E916HBESJXS5SJ82BFZ21,2025-06-30T22:24:15.305882827Z,01JZ1E926BWK6TV1HDSC3ZQW4Y,2025-06-30T22:24:15.305882827Z,01JZ1EB9A62JTZM8674AWVY211,2025-06-30T22:24:15.305882827Z,01JZ1EST9KR55851P7X2GXT01Q,2025-06-30T22:24:15.305882827Z
01JZ17TWAAPHGHHBK6G4H1R4R6,01JZ170DPRHYGRH6M74WMGZ8J5,2025-06-30T20:18:10.378974027Z,01JZ170DSWJ6311N72HPSQWG9K,2025-06-30T20:18:10.378974027Z,01JZ17D915S4GRY1FXGXK8RTTY,2025-06-30T20:18:10.378974027Z,01JZ17KG4GY236VDZCYE8QS8G2,2025-06-30T20:18:10.378974027Z
01JZ17VNGPBP14SJAQ0CCCWDAT,01JZ170DPRHYGRH6M74WMGZ8J5,2025-06-30T20:18:36.18219437Z,01JZ170DSR5F2SARFX61BD5BFD,2025-06-30T20:18:36.18219437Z,01JZ179KCXD57AZVEGR3X2YKFH,2025-06-30T20:18:36.18219437Z,01JZ17M8TTAADH96H16B5Q2KVN,2025-06-30T20:18:36.18219437Z
01JZ18Y2PT3PM6YCE77T7YGH05,01JZ18G4TN4FH7205KTQTFE7PM,2025-06-30T20:37:23.80259987Z,01JZ18G4X5EPR69QT64DVYQXFJ,2025-06-30T20:37:23.80259987Z,01JZ18HXXDMVGXCQ4P1CVWEG2V,2025-06-30T20:37:23.80259987Z,01JZ18PAR13X6VEBNAGYQZRZE6,2025-06-30T20:37:23.80259987Z
01JZ198GNWMKATMPV2QQ40HFQ6,01JZ18QHX9XGN83K6T42FK97D5,2025-06-30T20:43:05.788361127Z,01JZ18QHZ9KPT0XZ66BZ9ZB89K,2025-06-30T20:43:05.788361127Z,01JZ18YPKHPP41HP4A0Q4F3DHM,2025-06-30T20:43:05.788361127Z,01JZ190NJS7Q18J6QY8RM98TK7,2025-06-30T20:43:05.788361127Z
01JZ17QB0YAK1S5XXSRF5M08DX,01JZ170DPRHYGRH6M74WMGZ8J5,2025-06-30T20:16:14.366070991Z,01JZ170DS5DJKXJ3Z7YVJKJJXK,2025-06-30T20:16:14.366070991Z,01JZ17DQRYSG711N7R05SC14HP,2025-06-30T20:16:14.366070991Z,01JZ17QA5Z590RP2SNRWWJMCH6,2025-06-30T20:16:14.366070991Z
01JZ17RE3KKR9BX8SWZB1JMWGY,01JZ170DPRHYGRH6M74WMGZ8J5,2025-06-30T20:16:50.291591815Z,01JZ170DRXVGFVP20P8DK3M491,2025-06-30T20:16:50.291591815Z,01JZ17CDTWA5ZJVFXRJRWPP8YB,2025-06-30T20:16:50.291591815Z,01JZ17H2JN1M16ZRE7JGQBPN5M,2025-06-30T20:16:50.291591815Z
01JZ18YT2G6PNFAV70XM97KJY0,01JZ18G4TN4FH7205KTQTFE7PM,2025-06-30T20:37:47.728594044Z,01JZ18G4YA2XRQ9RK4RH5WQB1P,2025-06-30T20:37:47.728594044Z,01JZ18NCTENJS4RVDRQ8JG1EGE,2025-06-30T20:37:47.728594044Z,01JZ18Q1S7RYZRF0109T2366SB,2025-06-30T20:37:47.728594044Z
01JZ1BX6V4AKAQP2PW46XJKW1Z,01JZ1B1VZ9TM9N3252XVVAH9DZ,2025-06-30T21:29:20.996177241Z,01JZ1B1W5TAZ0C76DBH0ZAEY5X,2025-06-30T21:29:20.996177241Z,01JZ1B4W32576VKF9GY80WC648,2025-06-30T21:29:20.996177241Z,01JZ1BNNH562Q854YV4P9FQ9JA,2025-06-30T21:29:20.996177241Z
01JZ1DEY9CEZSYQ9RE2BNK3E10,01JZ1D0RX94M7HHBAJDNGV8QRS,2025-06-30T21:56:30.636225803Z,01JZ1D0S2S8SEBXETFQJSTGM5V,2025-06-30T21:56:30.636225803Z,01JZ1D4W11PS06G8TDSZKJ39RF,2025-06-30T21:56:30.636225803Z,01JZ1D77X61KT9EGNXBSZ97RFX,2025-06-30T21:56:30.636225803Z
01JZ1F4E2CG79ZQ0AA8ZB3F50R,01JZ1E916HBESJXS5SJ82BFZ21,2025-06-30T22:25:43.500721216Z,01JZ1E923XSJ5V9JGGJQR2CG7M,2025-06-30T22:25:43.500721216Z,01JZ1EED3A8PGE3DSBSCB45ADQ,2025-06-30T22:25:43.500721216Z,01JZ1F28RAA806YV34ZE1BEZ0A,2025-06-30T22:25:43.500721216Z
01JZ18XNQ8RQ7XECYVR3T084M7,01JZ18G4TN4FH7205KTQTFE7PM,2025-06-30T20:37:10.504257536Z,01JZ18G50PJASP911XB82AW46K,2025-06-30T20:37:10.504257536Z,01JZ18KCZAP8MJWF3YFSDPP92T,2025-06-30T20:37:10.504257536Z,01JZ18P6MTEX79E96T9HBXCMA3,2025-06-30T20:37:10.504257536Z
01JZ19FZNJ2S6F1KWH6DWHXH4Q,01JZ18R9CHSHJ2BAJZ4M4PAW2X,2025-06-30T20:47:10.51465778Z,01JZ18RA3DBE17YR6D8FEXRWFY,2025-06-30T20:47:10.51465778Z,01JZ195RS4X3R0XZXASS7J2F2G,2025-06-30T20:47:10.51465778Z,01JZ197W1Q8Y87S3QNNPH4WR2N,2025-06-30T20:47:10.51465778Z
01JZ1AAQ8JAPG0C975JGJJZ1RY,01JZ19VEXCKVX740B60X4W6PQN,2025-06-30T21:01:46.642628738Z,01JZ19VF9WCS5BMDRCPXZK6ZBF,2025-06-30T21:01:46.642628738Z,01JZ19XSD6SYGG49Q271DJ23J5,2025-06-30T21:01:46.642628738Z,01JZ1A8RTBQBGQ6B3M8DMQ82K3,2025-06-30T21:01:46.642628738Z
01JZ17QJQD30NPF8BHNJWYEG2C,01JZ170DPRHYGRH6M74WMGZ8J5,2025-06-30T20:16:22.253425883Z,01JZ170DRSFZ9Y16965WN1Z2F9,2025-06-30T20:16:22.253425883Z,01JZ17C7XWANHTDKEBR013EKFH,2025-06-30T20:16:22.253425883Z,01JZ17G70TM6EWY78GFBKAH2E9,2025-06-30T20:16:22.253425883Z
01JZ17RE3SP0YER22JQDVWYN45,01JZ170DPRHYGRH6M74WMGZ8J5,2025-06-30T20:16:50.297430731Z,01JZ170DRXVGFVP20P8DK3M491,2025-06-30T20:16:50.297430731Z,01JZ17BF7NX0X3DRNTNKBRP4A9,2025-06-30T20:16:50.297430731Z,01JZ17H2JN1M16ZRE7JGQBPN5M,2025-06-30T20:16:50.297430731Z
01JZ1DG41NZJE0V2TAMZ6S834M,01JZ1D0RX94M7HHBAJDNGV8QRS,2025-06-30T21:57:09.301703046Z,01JZ1D0S064NT759Q480WCA8PK,2025-06-30T21:57:09.301703046Z,01JZ1D7QQ9A97C7JTBZNPKRB8Y,2025-06-30T21:57:09.301703046Z,01JZ1DFXC24EESH7ZRD8X7590G,2025-06-30T21:57:09.301703046Z
01JZ1F15M7SK48N7PJ05SMSF07,01JZ1E916HBESJXS5SJ82BFZ21,2025-06-30T22:23:56.553521505Z,01JZ1E91HHYKGR583PHV4V6JXR,2025-06-30T22:23:56.553521505Z,01JZ1EQAMF1CPBT3C20MBYJDP4,2025-06-30T22:23:56.553521505Z,01JZ1ERVCEPEY697Y3TMZ7E1DG,2025-06-30T22:23:56.553521505Z
01JZ1F4E3VEAS9KJ4ACX0AW0AQ,01JZ1E916HBESJXS5SJ82BFZ21,2025-06-30T22:25:43.54750018Z,01JZ1E923XSJ5V9JGGJQR2CG7M,2025-06-30T22:25:43.54750018Z,01JZ1EMYVSBFSNMNYSTV9SNRK6,2025-06-30T22:25:43.54750018Z,01JZ1F28RAA806YV34ZE1BEZ0A,2025-06-30T22:25:43.54750018Z
01JZ17QMD4Y1WT8XXKFXQ7DWGY,01JZ170DPRHYGRH6M74WMGZ8J5,2025-06-30T20:16:23.973030478Z,01JZ170DSXXMDA003X79NFA4N0,2025-06-30T20:16:23.973030478Z,01JZ17DZPC160FQJMAZ5KCFYDP,2025-06-30T20:16:23.973030478Z,01JZ17NRSETRAHA86XGKD3ZGNV,2025-06-30T20:16:23.973030478Z
01JZ18Y5SGTSQWHVRZ7VSXPZ5N,01JZ18G4TN4FH7205KTQTFE7PM,2025-06-30T20:37:26.960393523Z,01JZ18G4Y1ABZPJ815NAWEN19T,2025-06-30T20:37:26.960393523Z,01JZ18JEHHPNBFM751TV8GEBJ2,2025-06-30T20:37:26.960393523Z,01JZ18PMFB1RM4KC0PGZ592WHC,2025-06-30T20:37:26.960393523Z
01JZ1ACKQB632929ZD4SFE7GTK,01JZ19VEXCKVX740B60X4W6PQN,2025-06-30T21:02:48.555766856Z,01JZ19VF6XEW5FG377QGXCTRD1,2025-06-30T21:02:48.555766856Z,01JZ1A8X5PJAXZBFXHM3C9X96V,2025-06-30T21:02:48.555766856Z,01JZ1ACG4HW6PFHHMR21QG9MSA,2025-06-30T21:02:48.555766856Z
01JZ1BXSRZ1BV8HK0ENSTCP7Y7,01JZ1B1VZ9TM9N3252XVVAH9DZ,2025-06-30T21:29:40.383702502Z,01JZ1B1W4RP0VXDDKCJTNKM3AX,2025-06-30T21:29:40.383702502Z,01JZ1BJRR128B2311DSMJCH15V,2025-06-30T21:29:40.383702502Z,01JZ1BNY9GCVDPARZTZ60Y7363,2025-06-30T21:29:40.383702502Z
01JZ1DSTM90CQJ0SCB1FE3773V,01JZ1D0RX94M7HHBAJDNGV8QRS,2025-06-30T22:02:27.337113289Z,01JZ1D0S4EMT97ECKQ06X1ZWAX,2025-06-30T22:02:27.337113289Z,01JZ1D6PDAATCEYCV60SVGFECN,2025-06-30T22:02:27.337113289Z,01JZ1DHWJYP9QBXPBB3XWNBRC8,2025-06-30T22:02:27.337113289Z
01JZ1F2DJJKAST95A09T4ENJHQ,01JZ1E916HBESJXS5SJ82BFZ21,2025-06-30T22:24:37.458144283Z,01JZ1E923XSJ5V9JGGJQR2CG7M,2025-06-30T22:24:37.458144283Z,01JZ1EED3A8PGE3DSBSCB45ADQ,2025-06-30T22:24:37.458144283Z,01JZ1F28PF9P2Q45FHCT2P249Q,2025-06-30T22:24:37.458144283Z
01JZ17G7G4H8HXX54QNFHQNXAM,01JZ170DPRHYGRH6M74WMGZ8J5,2025-06-30T20:12:21.380630073Z,01JZ170DRSFZ9Y16965WN1Z2F9,2025-06-30T20:12:21.380630073Z,01JZ17C681KCXJ6DBBJAQ640Z7,2025-06-30T20:12:21.380630073Z,01JZ17G70CK9Q7FFZCZJ2KGMZQ,2025-06-30T20:12:21.380630073Z
01JZ17VWYGV7D93DBBPJFYQMES,01JZ170DPRHYGRH6M74WMGZ8J5,2025-06-30T20:18:43.792702373Z,01JZ170DRWH3Q5VEKFYTCWXCB9,2025-06-30T20:18:43.792702373Z,01JZ17C9CHCZD4MC1P47MP5FMT,2025-06-30T20:18:43.792702373Z,01JZ17M63THTS8VR02B734BA3Z,2025-06-30T20:18:43.792702373Z
01JZ18P8T0D9G2EEY9AMHX1D1F,01JZ18G4TN4FH7205KTQTFE7PM,2025-06-30T20:33:07.904462146Z,01JZ18G50PJASP911XB82AW46K,2025-06-30T20:33:07.904462146Z,01JZ18HFN6SPVZ5DYGTVB7ZVYC,2025-06-30T20:33:07.904462146Z,01JZ18P6KKP6YDW0ZB2JNENH81,2025-06-30T20:33:07.904462146Z
01JZ1905Y2763YTAMGV78NX31Y,01JZ18G4TN4FH7205KTQTFE7PM,2025-06-30T20:38:32.643002096Z,01JZ18G4YK3PSP6R2PNWBA4P8S,2025-06-30T20:38:32.643002096Z,01JZ18JNT2QKJHBG0YSDA5VWH8,2025-06-30T20:38:32.643002096Z,01JZ18QW9EXF247TKVE8F2HXX6,2025-06-30T20:38:32.643002096Z
01JZ180CA0M4ZVA8GNBGY6TPXH,01JZ170DPRHYGRH6M74WMGZ8J5,2025-06-30T20:21:10.592510819Z,01JZ170DRQN15452AYS561M232,2025-06-30T20:21:10.592510819Z,01JZ1772PK70ARCRD25BW9JS91,2025-06-30T20:21:10.592510819Z,01JZ17RBE0ZT7HTBY1K3ZRR1VV,2025-06-30T20:21:10.592510819Z
01JZ18ZFVH52BG3JQNBD19QWZZ,01JZ18G4TN4FH7205KTQTFE7PM,2025-06-30T20:38:10.033750589Z,01JZ18G4ZPD0G0WRB3ZSNJ4KSW,2025-06-30T20:38:10.033750589Z,01JZ18HV1R8B29VBXTS00FPVXC,2025-06-30T20:38:10.033750589Z,01JZ18QMEETMY6YTPVQZEX7GRT,2025-06-30T20:38:10.033750589Z
01JZ190FMTQFD8C1AYWXQ9205X,01JZ18G4TN4FH7205KTQTFE7PM,2025-06-30T20:38:42.586229288Z,01JZ18G512YK4K14AJW1A4KQT5,2025-06-30T20:38:42.586229288Z,01JZ18JHACQMQPJCAE4XRR7QFX,2025-06-30T20:38:42.586229288Z,01JZ18R8BQNV553N89B15CK6DT,2025-06-30T20:38:42.586229288Z
01JZ19FND8KAQHK6ZH9PQ1C6MW,01JZ18R9CHSHJ2BAJZ4M4PAW2X,2025-06-30T20:47:00.008490836Z,01JZ18RA3DBE17YR6D8FEXRWFY,2025-06-30T20:47:00.008490836Z,01JZ18YGCJT7GPM1GCH83ZG2E6,2025-06-30T20:47:00.008490836Z,01JZ197W14H2E21R9QXHCJTQ3G,2025-06-30T20:47:00.008490836Z
01JZ1D9B5JTMDVXQ0AK4DE1M8S,01JZ1D0RX94M7HHBAJDNGV8QRS,2025-06-30T21:53:27.218317079Z,01JZ1D0S2S8SEBXETFQJSTGM5V,2025-06-30T21:53:27.218317079Z,01JZ1D322QVYNT268ZSCN1M2TD,2025-06-30T21:53:27.218317079Z,01JZ1D77TJ31JQY4W7YSZVV4R8,2025-06-30T21:53:27.218317079Z
01JZ1GJMEV684A6DCP9ZCXGWQV,01JZ1G29Q82GQAKEXSK2E7NK3R,2025-06-30T22:50:57.371073398Z,01JZ1G2ACHC2PPHGNQVYG69GCY,2025-06-30T22:50:57.371073398Z,01JZ1GHHR8Y5813M82KVZRR659,2025-06-30T22:50:57.371073398Z,01JZ1GJG4R5Z76D71S3HQ0QK16,2025-06-30T22:50:57.371073398Z
01JZ1GNNER9EG6F82AWFJVXKPR,01JZ1G29Q82GQAKEXSK2E7NK3R,2025-06-30T22:52:36.696892397Z,01JZ1G2A3Q53QEYHDQX68WVVKH,2025-06-30T22:52:36.696892397Z,01JZ1G7Q5PBNYB0Y67X5QD4VST,2025-06-30T22:52:36.696892397Z,01JZ1GE1B7S3CJGC5P0WWB4XPP,2025-06-30T22:52:36.696892397Z
01JZ1CE4JE82JYQQQK95FH9XZJ,01JZ1BX7WQMA45G0E33EEHJ3V9,2025-06-30T21:38:35.726919637Z,01JZ1BX80QRTKGB6MH6HMRDXS1,2025-06-30T21:38:35.726919637Z,01JZ1BYVYWJTY34XWWWGSZYC2W,2025-06-30T21:38:35.726919637Z,01JZ1C694WS1H0BQYPF8J97ET7,2025-06-30T21:38:35.726919637Z
01JZ1F54JQS07R6JMXG9PK4P5H,01JZ1E916HBESJXS5SJ82BFZ21,2025-06-30T22:26:06.551072738Z,01JZ1E91MDHZVF6NVBEDDVGZWT,2025-06-30T22:26:06.551072738Z,01JZ1EARG6K6VN1DMMBQHNE2WC,2025-06-30T22:26:06.551072738Z,01JZ1EWVP1M7JC9JTKB8V2PJTM,2025-06-30T22:26:06.551072738Z
01JZ1FF6F4WNKHM5FJQY0H81TR,01JZ1E916HBESJXS5SJ82BFZ21,2025-06-30T22:31:36.164069285Z,01JZ1E91ENR7DC2PFTK7ZY5PTJ,2025-06-30T22:31:36.164069285Z,01JZ1EBW22KQBY52ZW0XEVAEWD,2025-06-30T22:31:36.164069285Z,01JZ1F70P00K8AHBXPKP5QMP6N,2025-06-30T22:31:36.164069285Z
01JZ1GPB39GSZ1D19T2TAB0QK2,01JZ1G29Q82GQAKEXSK2E7NK3R,2025-06-30T22:52:58.857508375Z,01JZ1G2A3Q53QEYHDQX68WVVKH,2025-06-30T22:52:58.857508375Z,01JZ1G7Q5PBNYB0Y67X5QD4VST,2025-06-30T22:52:58.857508375Z,01JZ1GE1GBK17T8759BQQREJNN,2025-06-30T22:52:58.857508375Z
01JZ1GV8Q3CRRF8ZH58XH7MCYQ,01JZ1G29Q82GQAKEXSK2E7NK3R,2025-06-30T22:55:40.259193423Z,01JZ1G2A9825Q9R0AFVXQNTR63,2025-06-30T22:55:40.259193423Z,01JZ1G559C6P7CY3FSGY2MAEHK,2025-06-30T22:55:40.259193423Z,01JZ1GKM4NJC2AZGFDE1DDC9W3,2025-06-30T22:55:40.259193423Z
01JZ180CBWX9TYPEVP7P6WRF0K,01JZ170DPRHYGRH6M74WMGZ8J5,2025-06-30T20:21:10.652531267Z,01JZ170DRQN15452AYS561M232,2025-06-30T20:21:10.652531267Z,01JZ17QY7AVGGNKHH7ZM5STBVV,2025-06-30T20:21:10.652531267Z,01JZ17RBE0ZT7HTBY1K3ZRR1VV,2025-06-30T20:21:10.652531267Z
01JZ1AMZ29XT1Q06Y12KCKEJMH,01JZ19VEXCKVX740B60X4W6PQN,2025-06-30T21:07:22.313735902Z,01JZ19VF3FCDRKA7RA8CE3SQDH,2025-06-30T21:07:22.313735902Z,01JZ1A9FT19KFC6EXDW9G1CYS7,2025-06-30T21:07:22.313735902Z,01JZ1AK0GTG09NRGMQGAZDENCH,2025-06-30T21:07:22.313735902Z
01JZ17JCPEPCS6B04J48V5CW3E,01JZ170DPRHYGRH6M74WMGZ8J5,2025-06-30T20:13:32.238191616Z,01JZ170DSBT7R80F1BC6BFNZAP,2025-06-30T20:13:32.238191616Z,01JZ177S5KY8F9N4218V4EVNPY,2025-06-30T20:13:32.238191616Z,01JZ17JC2RA6WXF9ZF2QJYR7ZN,2025-06-30T20:13:32.238191616Z
01JZ18PBY5170J6X08AMVYV5MV,01JZ18G4TN4FH7205KTQTFE7PM,2025-06-30T20:33:11.109388294Z,01JZ18G4X5EPR69QT64DVYQXFJ,2025-06-30T20:33:11.109388294Z,01JZ18M07T82RGAMZEPD0QD6Q9,2025-06-30T20:33:11.109388294Z,01JZ18PAR9WBWEPQGQAVBFV7BZ,2025-06-30T20:33:11.109388294Z
01JZ1GFSNK7GE6KQK9T39E3FVV,01JZ1G29Q82GQAKEXSK2E7NK3R,2025-06-30T22:49:24.40333541Z,01JZ1G2A6YM039KVE3FBKDN5TM,2025-06-30T22:49:24.40333541Z,01JZ1G8WT4QHCTZSBPJCV6WM6W,2025-06-30T22:49:24.40333541Z,01JZ1GDRQETQFVFT79CV7FCC6X,2025-06-30T22:49:24.40333541Z
01JZ17NV02ST4CH0WTB4PW96RT,01JZ170DPRHYGRH6M74WMGZ8J5,2025-06-30T20:15:25.186329299Z,01JZ170DS0283SZNEN95XAWWS4,2025-06-30T20:15:25.186329299Z,01JZ17CS84WF94XY708FKX765Q,2025-06-30T20:15:25.186329299Z,01JZ17NT644PA1MKM9DXCD13F1,2025-06-30T20:15:25.186329299Z
01JZ1806GGRKDBB9YJAGC1T87R,01JZ170DPRHYGRH6M74WMGZ8J5,2025-06-30T20:21:04.656975202Z,01JZ170DSP5HFMBRZWFQV8RFVC,2025-06-30T20:21:04.656975202Z,01JZ17P1EBWH8TSGC8FNQFNMW7,2025-06-30T20:21:04.656975202Z,01JZ17RSKEA3VSTDSCVCP8YEVJ,2025-06-30T20:21:04.656975202Z
01JZ18SXTD4V7V04T5Q4B80RHC,01JZ18G4TN4FH7205KTQTFE7PM,2025-06-30T20:35:07.726404058Z,01JZ18G508W9SSEDAT6B79GZND,2025-06-30T20:35:07.726404058Z,01JZ18NT2QY0K3T67RMTHTZ875,2025-06-30T20:35:07.726404058Z,01JZ18STB8HB9DV2CVT0ZSHGAA,2025-06-30T20:35:07.726404058Z
01JZ18YDN4QJH59NW6VE8ZSMEV,01JZ18G4TN4FH7205KTQTFE7PM,2025-06-30T20:37:35.01205474Z,01JZ18G4X5EPR69QT64DVYQXFJ,2025-06-30T20:37:35.01205474Z,01JZ18J5R16DTA3XKT9Y9737P7,2025-06-30T20:37:35.01205474Z,01JZ18PAQPXAB9KP38CAA042W4,2025-06-30T20:37:35.01205474Z
01JZ1BNA0CYWWVQWSQPJAFGK56,01JZ1B1VZ9TM9N3252XVVAH9DZ,2025-06-30T21:25:02.092855773Z,01JZ1B1W2WT8MR9NJ7RDDSFH2M,2025-06-30T21:25:02.092855773Z,01JZ1B3YWXA1F3DXJYFKHTVRDW,2025-06-30T21:25:02.092855773Z,01JZ1BD41K10B3Z5F98Q46A8QZ,2025-06-30T21:25:02.092855773Z
01JZ1DRCYD3FCADDDVNEF77PTF,01JZ1D0RX94M7HHBAJDNGV8QRS,2025-06-30T22:01:40.558038572Z,01JZ1D0S064NT759Q480WCA8PK,2025-06-30T22:01:40.558038572Z,01JZ1DEJMJQ3008TVKPGG206S9,2025-06-30T22:01:40.558038572Z,01JZ1DFY0TW20TYJC4JJ0ZH1P8,2025-06-30T22:01:40.558038572Z
01JZ1GVTEFGKKTYEW9YPG637R4,01JZ1G29Q82GQAKEXSK2E7NK3R,2025-06-30T22:55:58.415658309Z,01JZ1G29XRNS92G9JYEX4H033M,2025-06-30T22:55:58.415658309Z,01JZ1G6RSPQGYECJMX7N6G6VY8,2025-06-30T22:55:58.415658309Z,01JZ1GM6AT2QQ1RJ17GCG8VHAV,2025-06-30T22:55:58.415658309Z
01JZ17X4R7W88C5CG3ZZG17VBY,01JZ170DPRHYGRH6M74WMGZ8J5,2025-06-30T20:19:24.551947217Z,01JZ170DSXXMDA003X79NFA4N0,2025-06-30T20:19:24.551947217Z,01JZ179JK7EB00XG1XXC6JXGYV,2025-06-30T20:19:24.551947217Z,01JZ17NRRR088W52FGBGCTETBE,2025-06-30T20:19:24.551947217Z
01JZ17ZBJG9KX2WFES3AZPT2DE,01JZ170DPRHYGRH6M74WMGZ8J5,2025-06-30T20:20:37.072134423Z,01JZ170DS5DJKXJ3Z7YVJKJJXK,2025-06-30T20:20:37.072134423Z,01JZ178QXEVM580BRMFA0XSN9D,2025-06-30T20:20:37.072134423Z,01JZ17QA5164E7ECZ7F8E2886X,2025-06-30T20:20:37.072134423Z
01JZ18T5BQPN3P6F487W2702K4,01JZ18G4TN4FH7205KTQTFE7PM,2025-06-30T20:35:15.447758187Z,01JZ18G512YK4K14AJW1A4KQT5,2025-06-30T20:35:15.447758187Z,01JZ18M3Q90QHFJ7P7ZKCP4M1K,2025-06-30T20:35:15.447758187Z,01JZ18R8CZAK9T47Q30YNKNJNG,2025-06-30T20:35:15.447758187Z
01JZ1923MPCQZ956M972QR1WTP,01JZ18G4TN4FH7205KTQTFE7PM,2025-06-30T20:39:35.830257535Z,01JZ18G508W9SSEDAT6B79GZND,2025-06-30T20:39:35.830257535Z,01JZ18NT2QY0K3T67RMTHTZ875,2025-06-30T20:39:35.830257535Z,01JZ18STDNJEZSFCWMMDNZVD2H,2025-06-30T20:39:35.830257535Z
01JZ19FNF76EAD4S1V77VTA176,01JZ18R9CHSHJ2BAJZ4M4PAW2X,2025-06-30T20:47:00.071944909Z,01JZ18RA3DBE17YR6D8FEXRWFY,2025-06-30T20:47:00.071944909Z,01JZ1945JH72C4XK34ZFBSF6HS,2025-06-30T20:47:00.071944909Z,01JZ197W14H2E21R9QXHCJTQ3G,2025-06-30T20:47:00.071944909Z
01JZ1AAGKRJTKDEB3RXRK2KYQA,01JZ19VEXCKVX740B60X4W6PQN,2025-06-30T21:01:39.832356764Z,01JZ19VF1X4TGM9HTAVFF08YB3,2025-06-30T21:01:39.832356764Z,01JZ19Y0A6E9M84HP9ZX2DCFTC,2025-06-30T21:01:39.832356764Z,01JZ1A31TDZKWTX3G3H9PC4RBE,2025-06-30T21:01:39.832356764Z
01JZ1EZBGNNQP9YA7GZAGYNZZ9,01JZ1E916HBESJXS5SJ82BFZ21,2025-06-30T22:22:57.045225383Z,01JZ1E91Z6K0ZJGCC53Q4JQWJP,2025-06-30T22:22:57.045225383Z,01JZ1EPVZGZEY9DBBKYD48H59H,2025-06-30T22:22:57.045225383Z,01JZ1EXBWE57CVQYV0Q5D3TA2S,2025-06-30T22:22:57.045225383Z
01JZ1GNPP7KBXN0M4BJA6F5MV0,01JZ1G29Q82GQAKEXSK2E7NK3R,2025-06-30T22:52:37.959802719Z,01JZ1G2A6YM039KVE3FBKDN5TM,2025-06-30T22:52:37.959802719Z,01JZ1G5Y4DKCPQ2K5FM2F479YF,2025-06-30T22:52:37.959802719Z,01JZ1GDRSWA6J6E7BQGPG7XQH0,2025-06-30T22:52:37.959802719Z
01JZ18TESN946RGVMS1P7YY8AH,01JZ18G4TN4FH7205KTQTFE7PM,2025-06-30T20:35:25.109723444Z,01JZ18G50G0GKPPCFSW2N0ZNW1,2025-06-30T20:35:25.109723444Z,01JZ18N84ND15PG04895JYQ6RT,2025-06-30T20:35:25.109723444Z,01JZ18RHFZ729S1GE13DM98H8Z,2025-06-30T20:35:25.109723444Z
01JZ19014EJ67YAYJMN020T8NV,01JZ18G4TN4FH7205KTQTFE7PM,2025-06-30T20:38:27.726368389Z,01JZ18G512YK4K14AJW1A4KQT5,2025-06-30T20:38:27.726368389Z,01JZ18JYCDAD1FWP17TG353JM2,2025-06-30T20:38:27.726368389Z,01JZ18R8C449S3PJKZXB5RXQ2D,2025-06-30T20:38:27.726368389Z
01JZ1BT7BXTM43J3BPJ97E1YAZ,01JZ1B1VZ9TM9N3252XVVAH9DZ,2025-06-30T21:27:43.230010757Z,01JZ1B1W46BH5YH0XYSE8KJRBK,2025-06-30T21:27:43.230010757Z,01JZ1B88RR65Q9PG31DJTYC075,2025-06-30T21:27:43.230010757Z,01JZ1BJ1FAQJQXPY3NN1T11973,2025-06-30T21:27:43.230010757Z
01JZ1DMGJJHFDJKGYERXAVBBBQ,01JZ1D0RX94M7HHBAJDNGV8QRS,2025-06-30T21:59:33.202989155Z,01JZ1D0S14X3T6948SDJVF454K,2025-06-30T21:59:33.202989155Z,01JZ1D3Y76V55J2284DH2783V0,2025-06-30T21:59:33.202989155Z,01JZ1DCMQRKF9BTHQ47K9AA4DG,2025-06-30T21:59:33.202989155Z
01JZ1GP7NM4KD60MYPV235FJ5F,01JZ1G29Q82GQAKEXSK2E7NK3R,2025-06-30T22:52:55.348514658Z,01JZ1G29XRNS92G9JYEX4H033M,2025-06-30T22:52:55.348514658Z,01JZ1G3PKEWNM3BADHFXST2D82,2025-06-30T22:52:55.348514658Z,01JZ1GM688HKS6CMQAXCQKE8GC,2025-06-30T22:52:55.348514658Z
01JZ1GTEDT4W81HRYR9M8ZXJNM,01JZ1G29Q82GQAKEXSK2E7NK3R,2025-06-30T22:55:13.338255546Z,01JZ1G2ACHC2PPHGNQVYG69GCY,2025-06-30T22:55:13.338255546Z,01JZ1G4D5N3JRDG8TQNFBZX41Z,2025-06-30T22:55:13.338255546Z,01JZ1GJGBZK6FPCHNSHYQ9VVWK,2025-06-30T22:55:13.338255546Z
01JZ1802650EEMZGZK3KBXVN0X,01JZ170DPRHYGRH6M74WMGZ8J5,2025-06-30T20:21:00.229421601Z,01JZ170DRQN15452AYS561M232,2025-06-30T20:21:00.229421601Z,01JZ17EC9TCGFEVCEX7CCFP6AJ,2025-06-30T20:21:00.229421601Z,01JZ17RBDPNRWH0MV3S1S7KRVT,2025-06-30T20:21:00.229421601Z
01JZ18SAZEA3P1PF0JBG15K0M5,01JZ18G4TN4FH7205KTQTFE7PM,2025-06-30T20:34:48.431008419Z,01JZ18G4YTQTSXFW2X0Y80VGVG,2025-06-30T20:34:48.431008419Z,01JZ18KWMFEA26MWC1Z40F2JWN,2025-06-30T20:34:48.431008419Z,01JZ18QCHSRQEB636MAZYTF93F,2025-06-30T20:34:48.431008419Z
01JZ1ACKK0GR070EWZ9DR8J942,01JZ19VEXCKVX740B60X4W6PQN,2025-06-30T21:02:48.416621857Z,01JZ19VF6XEW5FG377QGXCTRD1,2025-06-30T21:02:48.416621857Z,01JZ19XENNWSXAPJJVN05DNY45,2025-06-30T21:02:48.416621857Z,01JZ1ACG4HW6PFHHMR21QG9MSA,2025-06-30T21:02:48.416621857Z
01JZ1AGB78K2R83B7ZX5FYJZEV,01JZ19VEXCKVX740B60X4W6PQN,2025-06-30T21:04:50.920517576Z,01JZ19VF9WCS5BMDRCPXZK6ZBF,2025-06-30T21:04:50.920517576Z,01JZ19Y3KYVSPMBWF3EF2S04D7,2025-06-30T21:04:50.920517576Z,01JZ1A8RSRN8NWX633AN587X7F,2025-06-30T21:04:50.920517576Z
01JZ1FF6H54Z1T9N4SHS08TBTS,01JZ1E916HBESJXS5SJ82BFZ21,2025-06-30T22:31:36.229565148Z,01JZ1E91ENR7DC2PFTK7ZY5PTJ,2025-06-30T22:31:36.229565148Z,01JZ1EH0Y7EBSVGC3G89BQ213G,2025-06-30T22:31:36.229565148Z,01JZ1F70P00K8AHBXPKP5QMP6N,2025-06-30T22:31:36.229565148Z
01JZ1GFSJXEDAGV4FD1PM76WJ0,01JZ1G29Q82GQAKEXSK2E7NK3R,2025-06-30T22:49:24.317181477Z,01JZ1G2A6YM039KVE3FBKDN5TM,2025-06-30T22:49:24.317181477Z,01JZ1G4ZKPR33SMREF8RYR14CE,2025-06-30T22:49:24.317181477Z,01JZ1GDRQETQFVFT79CV7FCC6X,2025-06-30T22:49:24.317181477Z
01JZ17Z17N0VE1KMHBVGYRP4Q0,01JZ170DPRHYGRH6M74WMGZ8J5,2025-06-30T20:20:26.485827854Z,01JZ170DS5DJKXJ3Z7YVJKJJXK,2025-06-30T20:20:26.485827854Z,01JZ1763ZE1VD7FNYG3WZHGCWZ,2025-06-30T20:20:26.485827854Z,01JZ17QA4RZBJN8FPG3Q7FD7PZ,2025-06-30T20:20:26.485827854Z
01JZ1BD76XXJ7F72VKMPF859K9,01JZ1B1VZ9TM9N3252XVVAH9DZ,2025-06-30T21:20:37.085697531Z,01JZ1B1W2WT8MR9NJ7RDDSFH2M,2025-06-30T21:20:37.085697531Z,01JZ1B64GPABF5830RNTZP1A2Y,2025-06-30T21:20:37.085697531Z,01JZ1BD3WQZQC101K8A6FPPJ19,2025-06-30T21:20:37.085697531Z
01JZ180CB2C9K5C3EDF6ZCJWRD,01JZ170DPRHYGRH6M74WMGZ8J5,2025-06-30T20:21:10.626049379Z,01JZ170DRQN15452AYS561M232,2025-06-30T20:21:10.626049379Z,01JZ177RVVNSCWMQHY3N3M9P3Y,2025-06-30T20:21:10.626049379Z,01JZ17RBE0ZT7HTBY1K3ZRR1VV,2025-06-30T20:21:10.626049379Z
01JZ1F1D9CN5EQ0V4RP599DVN9,01JZ1E916HBESJXS5SJ82BFZ21,2025-06-30T22:24:04.396564112Z,01JZ1E926BWK6TV1HDSC3ZQW4Y,2025-06-30T22:24:04.396564112Z,01JZ1EARCRST2HDXDY98Q0AYJ8,2025-06-30T22:24:04.396564112Z,01JZ1EST891W4CWE2FZ4NEZT5P,2025-06-30T22:24:04.396564112Z
01JZ1GY67SJQVQMWQX9AFDY06K,01JZ1G29Q82GQAKEXSK2E7NK3R,2025-06-30T22:57:16.02566033Z,01JZ1G2A58JMFV91VV93EGJJQY,2025-06-30T22:57:16.02566033Z,01JZ1G5G1FFKZK7WVQ264NYRHA,2025-06-30T22:57:16.02566033Z,01JZ1GW3DRA0H5QCSGM2BKZ7GX,2025-06-30T22:57:16.02566033Z
01JZ17PQB8HECY93TEBY2XDX12,01JZ170DPRHYGRH6M74WMGZ8J5,2025-06-30T20:15:54.216777334Z,01JZ170DRV33K8D9D9ZMQKAW2D,2025-06-30T20:15:54.216777334Z,01JZ17A4X6KDHXD87KVKY87426,2025-06-30T20:15:54.216777334Z,01JZ17PPH32HXCV9GY0H5Z2WSH,2025-06-30T20:15:54.216777334Z
01JZ18YF8FEBB75MGSZK8J38Y9,01JZ18G4TN4FH7205KTQTFE7PM,2025-06-30T20:37:36.655378308Z,01JZ18G4YA2XRQ9RK4RH5WQB1P,2025-06-30T20:37:36.655378308Z,01JZ18KR3KN1X0F0J0JP7HHD78,2025-06-30T20:37:36.655378308Z,01JZ18Q1RTQ5J8GR55C5KB6SHZ,2025-06-30T20:37:36.655378308Z
01JZ190SAAHJDY170N93A2VGBK,01JZ18G4TN4FH7205KTQTFE7PM,2025-06-30T20:38:52.490706392Z,01JZ18G4XMK5QHE5YNTR43VZ9V,2025-06-30T20:38:52.490706392Z,01JZ18JXMPKC16YBJ9SWX6E74P,2025-06-30T20:38:52.490706392Z,01JZ18RP91GEW9EVAQBZZAHXYV,2025-06-30T20:38:52.490706392Z
01JZ1BJFP67601B4VAZ569JAX7,01JZ1B1VZ9TM9N3252XVVAH9DZ,2025-06-30T21:23:29.606214946Z,01JZ1B1W6S117BH8HCA7NH9R7E,2025-06-30T21:23:29.606214946Z,01JZ1B3PFQZWK1B01E0NW7J1B1,2025-06-30T21:23:29.606214946Z,01JZ1BAHERRJG5Y4NQ430CHJGP,2025-06-30T21:23:29.606214946Z
01JZ1CW7DXDPKQR1T15B14SGBF,01JZ1C4XJFQQ45ZHGATAXVBX0J,2025-06-30T21:46:17.405737667Z,01JZ1C4XNE4VHGMR9JDZS6Y7F9,2025-06-30T21:46:17.405737667Z,01JZ1CB9F4KXDQP2PHJCZHP1QC,2025-06-30T21:46:17.405737667Z,01JZ1CM9PHKQR6ZRV6WZC89ZRV,2025-06-30T21:46:17.405737667Z
01JZ1FAHVJYYES2W1YD56N1DW9,01JZ1E916HBESJXS5SJ82BFZ21,2025-06-30T22:29:03.986334913Z,01JZ1E91Q18GQE49C0XSDVMF75,2025-06-30T22:29:03.986334913Z,01JZ1EKW5BGVN2WN0MZV6XE5EZ,2025-06-30T22:29:03.986334913Z,01JZ1F2JDENWFSVMZMF7HPM6S0,2025-06-30T22:29:03.986334913Z
01JZ17RR4RZKC64BZFAKCBWB5F,01JZ170DPRHYGRH6M74WMGZ8J5,2025-06-30T20:17:00.568357761Z,01JZ170DRXVGFVP20P8DK3M491,2025-06-30T20:17:00.568357761Z,01JZ17E3Q68P56EVHYKCV88P7R,2025-06-30T20:17:00.568357761Z,01JZ17H2JPFPJA5AGAW7MSWH7S,2025-06-30T20:17:00.568357761Z
01JZ18X9MA5RTVGKEK5PQDSMSD,01JZ18G4TN4FH7205KTQTFE7PM,2025-06-30T20:36:58.122688347Z,01JZ18G4ZDA13FR053ZT1R1FPF,2025-06-30T20:36:58.122688347Z,01JZ18J71C4JGFMP9MP8Y4KY9T,2025-06-30T20:36:58.122688347Z,01JZ18NR6HCE23W41F3CPVZTY3,2025-06-30T20:36:58.122688347Z
01JZ190BFGRZ0R1FJADV6MTE82,01JZ18G4TN4FH7205KTQTFE7PM,2025-06-30T20:38:38.320468959Z,01JZ18G4XMK5QHE5YNTR43VZ9V,2025-06-30T20:38:38.320468959Z,01JZ18KPPCTRWET1CSH1Z4W2C4,2025-06-30T20:38:38.320468959Z,01JZ18RP8NH16RGQPN23QF70FD,2025-06-30T20:38:38.320468959Z
01JZ190FKP10KBC58J11FZFSK1,01JZ18G4TN4FH7205KTQTFE7PM,2025-06-30T20:38:42.550459924Z,01JZ18G512YK4K14AJW1A4KQT5,2025-06-30T20:38:42.550459924Z,01JZ18M3Q90QHFJ7P7ZKCP4M1K,2025-06-30T20:38:42.550459924Z,01JZ18R8BQNV553N89B15CK6DT,2025-06-30T20:38:42.550459924Z
01JZ1BKZRB8FX7ZM79MNGR2N42,01JZ1B1VZ9TM9N3252XVVAH9DZ,2025-06-30T21:24:18.827785458Z,01JZ1B1W46BH5YH0XYSE8KJRBK,2025-06-30T21:24:18.827785458Z,01JZ1ANK2PZ7NTFNFMNB753RPA,2025-06-30T21:24:18.827785458Z,01JZ1BJ1ABMADNQ2K1TJQ9ED7W,2025-06-30T21:24:18.827785458Z
01JZ17SBWAYMRGJ9HWHCDDKC61,01JZ170DPRHYGRH6M74WMGZ8J5,2025-06-30T20:17:20.778776286Z,01JZ170DS8YWG03GZVY59N3JD0,2025-06-30T20:17:20.778776286Z,01JZ17B25HMB9SR7CZAG7VDDNC,2025-06-30T20:17:20.778776286Z,01JZ17HNMFBJ73AV6PBJ6E0ZQ5,2025-06-30T20:17:20.778776286Z
01JZ17T7466FWZ987T9R82VASX,01JZ170DPRHYGRH6M74WMGZ8J5,2025-06-30T20:17:48.678455402Z,01JZ170DRQN15452AYS561M232,2025-06-30T20:17:48.678455402Z,01JZ177RVVNSCWMQHY3N3M9P3Y,2025-06-30T20:17:48.678455402Z,01JZ17RBCT038Y8QAFS6F67QDM,2025-06-30T20:17:48.678455402Z
01JZ1826J5HGEGPDSGRPYD2A4S,01JZ170DPRHYGRH6M74WMGZ8J5,2025-06-30T20:22:10.245769315Z,01JZ170DS9MMA8EZAVKYS5SMHX,2025-06-30T20:22:10.245769315Z,01JZ17S6ZC1ZB5QAG0E0350NSD,2025-06-30T20:22:10.245769315Z,01JZ17TR6X8TWBF7X6J4SZFVJ8,2025-06-30T20:22:10.245769315Z
01JZ1ES09W5EWND2D312W487G6,01JZ1E916HBESJXS5SJ82BFZ21,2025-06-30T22:19:28.95663516Z,01JZ1E91HHYKGR583PHV4V6JXR,2025-06-30T22:19:28.95663516Z,01JZ1EQAMF1CPBT3C20MBYJDP4,2025-06-30T22:19:28.95663516Z,01JZ1ERV7ACEK1D4TDCD2JD7PV,2025-06-30T22:19:28.95663516Z
01JZ17KED04797TM9GTSJAY701,01JZ170DPRHYGRH6M74WMGZ8J5,2025-06-30T20:14:06.75289399Z,01JZ170DS32PJY8CQRMADJXFRG,2025-06-30T20:14:06.75289399Z,01JZ176XCKRH7MED6P6JRG4D22,2025-06-30T20:14:06.75289399Z,01JZ17HJXZJXBNGG98GAB8QMCF,2025-06-30T20:14:06.75289399Z
01JZ17RE39ETTSBNE9P9FVC8DS,01JZ170DPRHYGRH6M74WMGZ8J5,2025-06-30T20:16:50.281102683Z,01JZ170DRXVGFVP20P8DK3M491,2025-06-30T20:16:50.281102683Z,01JZ179T9EE5NWF4YTXDRCZC5E,2025-06-30T20:16:50.281102683Z,01JZ17H2JN1M16ZRE7JGQBPN5M,2025-06-30T20:16:50.281102683Z
01JZ18R9T7JH0J931NSJSZ3EKN,01JZ18G4TN4FH7205KTQTFE7PM,2025-06-30T20:34:14.471421237Z,01JZ18G512YK4K14AJW1A4KQT5,2025-06-30T20:34:14.471421237Z,01JZ18M3Q90QHFJ7P7ZKCP4M1K,2025-06-30T20:34:14.471421237Z,01JZ18R8B98P4BYKECZBPDN4K7,2025-06-30T20:34:14.471421237Z
01JZ18TK12DB1THARVVKJFA815,01JZ18G4TN4FH7205KTQTFE7PM,2025-06-30T20:35:29.442267275Z,01JZ18G4XMK5QHE5YNTR43VZ9V,2025-06-30T20:35:29.442267275Z,01JZ18KPPCTRWET1CSH1Z4W2C4,2025-06-30T20:35:29.442267275Z,01JZ18RP89JC5KMWSQF397VP76,2025-06-30T20:35:29.442267275Z
01JZ1BMYZ5WDFB7XAT9JXWN5RN,01JZ1B1VZ9TM9N3252XVVAH9DZ,2025-06-30T21:24:50.789444412Z,01JZ1B1W2WT8MR9NJ7RDDSFH2M,2025-06-30T21:24:50.789444412Z,01JZ1B4FWCV3S3JF90184ADC3A,2025-06-30T21:24:50.789444412Z,01JZ1BD437FH3N90SJNPN2P8KN,2025-06-30T21:24:50.789444412Z
01JZ17P4ZBQWMH8RXZ1ZW7NVZF,01JZ170DPRHYGRH6M74WMGZ8J5,2025-06-30T20:15:35.40370291Z,01JZ170DSR5F2SARFX61BD5BFD,2025-06-30T20:15:35.40370291Z,01JZ179KCXD57AZVEGR3X2YKFH,2025-06-30T20:15:35.40370291Z,01JZ17M8SSZ2QHECS5BA0DPMCQ,2025-06-30T20:15:35.40370291Z
01JZ1AMYXW5RNMWV6K2N3X15F3,01JZ19VEXCKVX740B60X4W6PQN,2025-06-30T21:07:22.172575321Z,01JZ19VF3FCDRKA7RA8CE3SQDH,2025-06-30T21:07:22.172575321Z,01JZ19X25DC6PHAYZ41F2N9R8N,2025-06-30T21:07:22.172575321Z,01JZ1AK0GTG09NRGMQGAZDENCH,2025-06-30T21:07:22.172575321Z
01JZ1BQX6DENVZ9SWEVRE6CSVS,01JZ1B1VZ9TM9N3252XVVAH9DZ,2025-06-30T21:26:27.277477059Z,01JZ1B1W4RP0VXDDKCJTNKM3AX,2025-06-30T21:26:27.277477059Z,01JZ1B44NJ2M66S6K1HNVCZ08H,2025-06-30T21:26:27.277477059Z,01JZ1BNY8P6J7MV2A9X36WMPD0,2025-06-30T21:26:27.277477059Z
01JZ1AZG6XVRJYGBA3GPVTHGED,01JZ19VEXCKVX740B60X4W6PQN,2025-06-30T21:13:07.549882499Z,01JZ19VF4XXDC5SP97SM18G8VM,2025-06-30T21:13:07.549882499Z,01JZ19Y5W4MYXKSXHHDPCY5M66,2025-06-30T21:13:07.549882499Z,01JZ1AQBGFVYCSP9N6MQYTQFEK,2025-06-30T21:13:07.549882499Z
01JZ1F95X91RNZ8NH1VPXTSNA7,01JZ1E916HBESJXS5SJ82BFZ21,2025-06-30T22:28:18.985329005Z,01JZ1E91ENR7DC2PFTK7ZY5PTJ,2025-06-30T22:28:18.985329005Z,01JZ1EH0Y7EBSVGC3G89BQ213G,2025-06-30T22:28:18.985329005Z,01JZ1F70RJ6JX7FR0QPB30BKG3,2025-06-30T22:28:18.985329005Z
01JZ191DC306DWH6RZ67JV0GKZ,01JZ18G4TN4FH7205KTQTFE7PM,2025-06-30T20:39:13.027402791Z,01JZ18G508W9SSEDAT6B79GZND,2025-06-30T20:39:13.027402791Z,01JZ18JV7KEJAEZVY4PCFX2BA4,2025-06-30T20:39:13.027402791Z,01JZ18STGY49XDG4HG71EG50TV,2025-06-30T20:39:13.027402791Z
01JZ1AZ5SV9DT7F4DFQVHNQZ7N,01JZ19VEXCKVX740B60X4W6PQN,2025-06-30T21:12:56.891499742Z,01JZ19VF4XXDC5SP97SM18G8VM,2025-06-30T21:12:56.891499742Z,01JZ19XD6XDCZFB3F08CC7HS0Y,2025-06-30T21:12:56.891499742Z,01JZ1AQBH2AQ4HJ4SKYQ5374F4,2025-06-30T21:12:56.891499742Z
01JZ1BQN5RZK0JA70AR5192PKP,01JZ1B1VZ9TM9N3252XVVAH9DZ,2025-06-30T21:26:19.064513269Z,01JZ1B1W5TAZ0C76DBH0ZAEY5X,2025-06-30T21:26:19.064513269Z,01JZ1B3WZ5Q8VM6YQPSTYC2J5Y,2025-06-30T21:26:19.064513269Z,01JZ1BNNFF9MV2BR5CAE8TGEYC,2025-06-30T21:26:19.064513269Z
01JZ1DJ1H49P00JK1EAS7JVB9E,01JZ1D0RX94M7HHBAJDNGV8QRS,2025-06-30T21:58:12.260643155Z,01JZ1D0S4EMT97ECKQ06X1ZWAX,2025-06-30T21:58:12.260643155Z,01JZ1DAGGXK4R30KWG4J61A22A,2025-06-30T21:58:12.260643155Z,01JZ1DHWDN7VHR47P0R43JVCJW,2025-06-30T21:58:12.260643155Z
01JZ182GVNRK1C480ZNVY2X82N,01JZ170DPRHYGRH6M74WMGZ8J5,2025-06-30T20:22:20.789166456Z,01JZ170DS9MMA8EZAVKYS5SMHX,2025-06-30T20:22:20.789166456Z,01JZ17HFJ1YVGFVR94GB9T8A4P,2025-06-30T20:22:20.789166456Z,01JZ17TR5WS052RB5963SEQK02,2025-06-30T20:22:20.789166456Z
01JZ18R2JPYXCAZ60S9ER7A0WD,01JZ18G4TN4FH7205KTQTFE7PM,2025-06-30T20:34:07.062262647Z,01JZ18G4XDWA3A08Y0HZ5HSAAF,2025-06-30T20:34:07.062262647Z,01JZ18KBAJ0PGQTXZHZSD7KQ4A,2025-06-30T20:34:07.062262647Z,01JZ18R0YQXPRFN6T3JT8B6MYT,2025-06-30T20:34:07.062262647Z
01JZ18SJQW7GEJT6QFNG2BX61V,01JZ18G4TN4FH7205KTQTFE7PM,2025-06-30T20:34:56.380582741Z,01JZ18G4ZPD0G0WRB3ZSNJ4KSW,2025-06-30T20:34:56.380582741Z,01JZ18KCY0QBBH8XGZWTQZ78V6,2025-06-30T20:34:56.380582741Z,01JZ18QMDSQREXVSZ9J332HVG7,2025-06-30T20:34:56.380582741Z
01JZ190SZV3EZEBABDXX61CV90,01JZ18G4TN4FH7205KTQTFE7PM,2025-06-30T20:38:53.179252715Z,01JZ18G4Z7SR18DC8PDBR22HS5,2025-06-30T20:38:53.179252715Z,01JZ18KKD45G2Z51GTDYMFBGF8,2025-06-30T20:38:53.179252715Z,01JZ18S8WHVH4M4KJ49MQHRMWQ,2025-06-30T20:38:53.179252715Z
01JZ1H3SC6WZ4NN84JPXN415MY,01JZ1G29Q82GQAKEXSK2E7NK3R,2025-06-30T23:00:19.462608341Z,01JZ1G2A58JMFV91VV93EGJJQY,2025-06-30T23:00:19.462608341Z,01JZ1GHJS4Z0QHDNAN69NMJ02V,2025-06-30T23:00:19.462608341Z,01JZ1GW3RA9NZ51ED1F6D8HPC4,2025-06-30T23:00:19.462608341Z
01JZ1AEFB4GWWCZ2ZD9QTKRDG3,01JZ19VEXCKVX740B60X4W6PQN,2025-06-30T21:03:49.604221191Z,01JZ19VF6XEW5FG377QGXCTRD1,2025-06-30T21:03:49.604221191Z,01JZ1A9Y4FG88CERVMWV547SJC,2025-06-30T21:03:49.604221191Z,01JZ1ACG5AA6PRZ7WAEJWMNX2A,2025-06-30T21:03:49.604221191Z
01JZ1BNA85MJE8QZ8QYBG4VXGY,01JZ1B1VZ9TM9N3252XVVAH9DZ,2025-06-30T21:25:02.341615733Z,01JZ1B1W2WT8MR9NJ7RDDSFH2M,2025-06-30T21:25:02.341615733Z,01JZ1B64GPABF5830RNTZP1A2Y,2025-06-30T21:25:02.341615733Z,01JZ1BD41K10B3Z5F98Q46A8QZ,2025-06-30T21:25:02.341615733Z
01JZ1BXHFXXC8SAHQ013SNRBR4,01JZ1B1VZ9TM9N3252XVVAH9DZ,2025-06-30T21:29:31.901659557Z,01JZ1B1W5TAZ0C76DBH0ZAEY5X,2025-06-30T21:29:31.901659557Z,01JZ1B3WZ5Q8VM6YQPSTYC2J5Y,2025-06-30T21:29:31.901659557Z,01JZ1BNNPVHRHE8S109SGCSVME,2025-06-30T21:29:31.901659557Z
01JZ1EWZB6CJW4ZSV6D8NKTDBW,01JZ1E916HBESJXS5SJ82BFZ21,2025-06-30T22:21:39.046474846Z,01JZ1E91MDHZVF6NVBEDDVGZWT,2025-06-30T22:21:39.046474846Z,01JZ1EK6MNQT8KSAR9HC017X0H,2025-06-30T22:21:39.046474846Z,01JZ1EWVJYDP3B4WNCZ8BTA5T5,2025-06-30T22:21:39.046474846Z
01JZ1AM1404RZRAC2G40PWAKD9,01JZ19VEXCKVX740B60X4W6PQN,2025-06-30T21:06:51.64839124Z,01JZ19VF6XEW5FG377QGXCTRD1,2025-06-30T21:06:51.64839124Z,01JZ19XENNWSXAPJJVN05DNY45,2025-06-30T21:06:51.64839124Z,01JZ1ACG7RFGJPNSR51K4JAEZ8,2025-06-30T21:06:51.64839124Z
01JZ1BP1RDKQ0PNWHGH7R7BMS6,01JZ1B1VZ9TM9N3252XVVAH9DZ,2025-06-30T21:25:26.413985299Z,01JZ1B1W4RP0VXDDKCJTNKM3AX,2025-06-30T21:25:26.413985299Z,01JZ1B44NJ2M66S6K1HNVCZ08H,2025-06-30T21:25:26.413985299Z,01JZ1BNY7WEGTS4M119S3G7CHR,2025-06-30T21:25:26.413985299Z
01JZ1FAPYT9RQ7D4ZQ6Y69SSGV,01JZ1E916HBESJXS5SJ82BFZ21,2025-06-30T22:29:09.210461947Z,01JZ1E923XSJ5V9JGGJQR2CG7M,2025-06-30T22:29:09.210461947Z,01JZ1EED3A8PGE3DSBSCB45ADQ,2025-06-30T22:29:09.210461947Z,01JZ1F28Y14BQTYK8651VZJQ25,2025-06-30T22:29:09.210461947Z
01JZ17NV07AK28C394V37XD5B6,01JZ170DPRHYGRH6M74WMGZ8J5,2025-06-30T20:15:25.191386248Z,01JZ170DS0283SZNEN95XAWWS4,2025-06-30T20:15:25.191386248Z,01JZ17BCV91FG1WVF832RTXB76,2025-06-30T20:15:25.191386248Z,01JZ17NT644PA1MKM9DXCD13F1,2025-06-30T20:15:25.191386248Z
01JZ1AJJQJXHERY5HGGJBWY180,01JZ19VEXCKVX740B60X4W6PQN,2025-06-30T21:06:04.146508431Z,01JZ19VF81DTYMGWYB0TAJKDWY,2025-06-30T21:06:04.146508431Z,01JZ1A30PSDQTAMK68V3KKNNKC,2025-06-30T21:06:04.146508431Z,01JZ1AABP7JRKCT0WVXFR6GX4V,2025-06-30T21:06:04.146508431Z
01JZ1CWJ085NWWZ971YG3NT52F,01JZ1C4XJFQQ45ZHGATAXVBX0J,2025-06-30T21:46:28.232504857Z,01JZ1C4XNE4VHGMR9JDZS6Y7F9,2025-06-30T21:46:28.232504857Z,01JZ1CEYEW4QC345QNCDR6C494,2025-06-30T21:46:28.232504857Z,01JZ1CM9QBAFQHGRA086T0Q56G,2025-06-30T21:46:28.232504857Z
01JZ1DKJE5844CMDTXNYBZ30J7,01JZ1D0RX94M7HHBAJDNGV8QRS,2025-06-30T21:59:02.341591816Z,01JZ1D0S61XK8FZCNQBM2ZAEE6,2025-06-30T21:59:02.341591816Z,01JZ1DFSBSFTDKE17JSS0VZPAS,2025-06-30T21:59:02.341591816Z,01JZ1DHG42SDRFG0AMYRAAVFFX,2025-06-30T21:59:02.341591816Z
01JZ1GYSTGE3SHTTDRC60XG3SR,01JZ1G29Q82GQAKEXSK2E7NK3R,2025-06-30T22:57:36.080821733Z,01JZ1G2AATTMJJ07WA2JZ9MF1K,2025-06-30T22:57:36.080821733Z,01JZ1GRY7J5YBFT0P7ME9XRK58,2025-06-30T22:57:36.080821733Z,01JZ1GWNC8K4Z8FGCARK2K5BBW,2025-06-30T22:57:36.080821733Z
01JZ17Y2VMCDF54C341C40B9PE,01JZ170DPRHYGRH6M74WMGZ8J5,2025-06-30T20:19:55.380184745Z,01JZ170DRV33K8D9D9ZMQKAW2D,2025-06-30T20:19:55.380184745Z,01JZ17DQR0WXBVGZE5VFC3T0EF,2025-06-30T20:19:55.380184745Z,01JZ17PPJ2YWZWK15QBYRMGXYC,2025-06-30T20:19:55.380184745Z
01JZ180CBE1DQ2C43N86RM1S64,01JZ170DPRHYGRH6M74WMGZ8J5,2025-06-30T20:21:10.638955712Z,01JZ170DRQN15452AYS561M232,2025-06-30T20:21:10.638955712Z,01JZ17R3E57YY9H2V5S1G4XMBW,2025-06-30T20:21:10.638955712Z,01JZ17RBE0ZT7HTBY1K3ZRR1VV,2025-06-30T20:21:10.638955712Z
01JZ18PBZ5F4SCHHPWN6XXXMJG,01JZ18G4TN4FH7205KTQTFE7PM,2025-06-30T20:33:11.141512708Z,01JZ18G4X5EPR69QT64DVYQXFJ,2025-06-30T20:33:11.141512708Z,01JZ18J5R16DTA3XKT9Y9737P7,2025-06-30T20:33:11.141512708Z,01JZ18PAR9WBWEPQGQAVBFV7BZ,2025-06-30T20:33:11.141512708Z
01JZ1AJMDKHFVMJ44XMNYPJBH8,01JZ19VEXCKVX740B60X4W6PQN,2025-06-30T21:06:05.875934997Z,01JZ19VF5YA4VZJRJDVJVY1XBY,2025-06-30T21:06:05.875934997Z,01JZ19XHW6DGGPDJ4763JBPGZ5,2025-06-30T21:06:05.875934997Z,01JZ1AAR25HY3X5YXR8EKP4ZNT,2025-06-30T21:06:05.875934997Z
01JZ1AMQ92WWQAJ3SXQGCESVA6,01JZ19VEXCKVX740B60X4W6PQN,2025-06-30T21:07:14.338711727Z,01JZ19VF6XEW5FG377QGXCTRD1,2025-06-30T21:07:14.338711727Z,01JZ1A9Y4FG88CERVMWV547SJC,2025-06-30T21:07:14.338711727Z,01JZ1ACG610M6TRWXFFV3KK332,2025-06-30T21:07:14.338711727Z
01JZ17RYZSE5BNY4AAWMJ5BS47,01JZ170DPRHYGRH6M74WMGZ8J5,2025-06-30T20:17:07.577937829Z,01JZ170DS32PJY8CQRMADJXFRG,2025-06-30T20:17:07.577937829Z,01JZ175Y8VG4DR6PWWKYJ4RHG5,2025-06-30T20:17:07.577937829Z,01JZ17HJY1YPM205KVGKCXFQS3,2025-06-30T20:17:07.577937829Z
01JZ18R72YD5CCJQT17BCCEWC5,01JZ18G4TN4FH7205KTQTFE7PM,2025-06-30T20:34:11.678451287Z,01JZ18G4X5EPR69QT64DVYQXFJ,2025-06-30T20:34:11.678451287Z,01JZ18J0PFCTBHRZ327Y7ADC0R,2025-06-30T20:34:11.678451287Z,01JZ18PAPZYGZBF3DQ7XCBJ9MP,2025-06-30T20:34:11.678451287Z
01JZ1AAV1WJSSA0MBSR1S4THH1,01JZ19VEXCKVX740B60X4W6PQN,2025-06-30T21:01:50.524572471Z,01JZ19VF1X4TGM9HTAVFF08YB3,2025-06-30T21:01:50.524572471Z,01JZ19Y0A6E9M84HP9ZX2DCFTC,2025-06-30T21:01:50.524572471Z,01JZ1A31V3EJ1Y2YEGMA5AZKE4,2025-06-30T21:01:50.524572471Z
01JZ1ESYBP24G7GFNP2HZV6HC4,01JZ1E916HBESJXS5SJ82BFZ21,2025-06-30T22:19:59.734309453Z,01JZ1E926BWK6TV1HDSC3ZQW4Y,2025-06-30T22:19:59.734309453Z,01JZ1EQKR69J0BQM6378QJ8X8Y,2025-06-30T22:19:59.734309453Z,01JZ1EST6TCKJRV3R3VP3ARDV3,2025-06-30T22:19:59.734309453Z
01JZ17SNZJ9SNGRZCXBXXH9BP2,01JZ170DPRHYGRH6M74WMGZ8J5,2025-06-30T20:17:31.122180145Z,01JZ170DS8YWG03GZVY59N3JD0,2025-06-30T20:17:31.122180145Z,01JZ17AFTYKZ447G4RP003MK6R,2025-06-30T20:17:31.122180145Z,01JZ17HNMVNEYYPPYMQAP8NS4W,2025-06-30T20:17:31.122180145Z
01JZ18NSGX9K87RTBARVQF1800,01JZ18G4TN4FH7205KTQTFE7PM,2025-06-30T20:32:52.253678794Z,01JZ18G4ZDA13FR053ZT1R1FPF,2025-06-30T20:32:52.253678794Z,01JZ18JGS17Q4PV0ZHE2RS3V2D,2025-06-30T20:32:52.253678794Z,01JZ18NR5AG219ZPCM6XMBS475,2025-06-30T20:32:52.253678794Z
01JZ18QDZWJ6BG792S45MPCMZ3,01JZ18G4TN4FH7205KTQTFE7PM,2025-06-30T20:33:45.980971552Z,01JZ18G4YTQTSXFW2X0Y80VGVG,2025-06-30T20:33:45.980971552Z,01JZ18JHMPB6Y0TNZB1CBHN9G9,2025-06-30T20:33:45.980971552Z,01JZ18QCHCWKPJPF2G32EQXDDJ,2025-06-30T20:33:45.980971552Z
01JZ18RY7NG6K829BF9TEXK5B0,01JZ18G4TN4FH7205KTQTFE7PM,2025-06-30T20:34:35.38141321Z,01JZ18G4YA2XRQ9RK4RH5WQB1P,2025-06-30T20:34:35.38141321Z,01JZ18KR3KN1X0F0J0JP7HHD78,2025-06-30T20:34:35.38141321Z,01JZ18Q1RFWF1SPY79863HPKYC,2025-06-30T20:34:35.38141321Z
01JZ191HYJRE7JAX52FX902JCN,01JZ18G4TN4FH7205KTQTFE7PM,2025-06-30T20:39:17.714545489Z,01JZ18G4Z7SR18DC8PDBR22HS5,2025-06-30T20:39:17.714545489Z,01JZ18K0S7ESWE4C2YKPFWVG9K,2025-06-30T20:39:17.714545489Z,01JZ18S8XBR7NPBNNX8H3R06YJ,2025-06-30T20:39:17.714545489Z
01JZ1BXHBNNE7GF66KA6G104ZT,01JZ1B1VZ9TM9N3252XVVAH9DZ,2025-06-30T21:29:31.765801834Z,01JZ1B1W5TAZ0C76DBH0ZAEY5X,2025-06-30T21:29:31.765801834Z,01JZ1BNKT1EA6BGVVN8436Q4BP,2025-06-30T21:29:31.765801834Z,01JZ1BNNPVHRHE8S109SGCSVME,2025-06-30T21:29:31.765801834Z
01JZ1DEM2NX3Z0AJ4F2GA7STPK,01JZ1D0RX94M7HHBAJDNGV8QRS,2025-06-30T21:56:20.181842043Z,01JZ1D0S14X3T6948SDJVF454K,2025-06-30T21:56:20.181842043Z,01JZ1D4M3DA9VHJGDM7TJDNSPA,2025-06-30T21:56:20.181842043Z,01JZ1DCMNY0VAHZRBKPHM6R6CB,2025-06-30T21:56:20.181842043Z
01JZ17TNHTAYJ09P04WTDPVAB8,01JZ170DPRHYGRH6M74WMGZ8J5,2025-06-30T20:18:03.450585415Z,01JZ170DSP5HFMBRZWFQV8RFVC,2025-06-30T20:18:03.450585415Z,01JZ17BG508D1SYGKCV9ECDV4F,2025-06-30T20:18:03.450585415Z,01JZ17RSKP4T7TM013SKSDCBN6,2025-06-30T20:18:03.450585415Z
01JZ1DEY6VBVKWAQSC765AGG0J,01JZ1D0RX94M7HHBAJDNGV8QRS,2025-06-30T21:56:30.555534659Z,01JZ1D0S2S8SEBXETFQJSTGM5V,2025-06-30T21:56:30.555534659Z,01JZ1D4AYTG2DMXZZ36EVW3RQ2,2025-06-30T21:56:30.555534659Z,01JZ1D77X61KT9EGNXBSZ97RFX,2025-06-30T21:56:30.555534659Z
01JZ190V8FN7VZ0YXTD1FY7ZKR,01JZ18G4TN4FH7205KTQTFE7PM,2025-06-30T20:38:54.479923332Z,01JZ18G4WPK6V9JKZAVKNYS3NB,2025-06-30T20:38:54.479923332Z,01JZ18JMHXTQBMPEHHS7NP2031,2025-06-30T20:38:54.479923332Z,01JZ18RRA89V0ND20E0G84EPSM,2025-06-30T20:38:54.479923332Z
01JZ1DCRP8JJH9QAGX7C115T98,01JZ1D0RX94M7HHBAJDNGV8QRS,2025-06-30T21:55:19.368890653Z,01JZ1D0S14X3T6948SDJVF454K,2025-06-30T21:55:19.368890653Z,01JZ1D4SCYXBMNQ70R3B47BMPE,2025-06-30T21:55:19.368890653Z,01JZ1DCMMVE34S81XF4MAEYBQN,2025-06-30T21:55:19.368890653Z
01JZ1F2PYDGXH76ZRRJ0PZARCY,01JZ1E916HBESJXS5SJ82BFZ21,2025-06-30T22:24:47.053400535Z,01JZ1E91Q18GQE49C0XSDVMF75,2025-06-30T22:24:47.053400535Z,01JZ1EKW5BGVN2WN0MZV6XE5EZ,2025-06-30T22:24:47.053400535Z,01JZ1F2JAV0QHT42E605BBH8CR,2025-06-30T22:24:47.053400535Z
01JZ1GE5H6P8DSX8RFNBP75YFH,01JZ1G29Q82GQAKEXSK2E7NK3R,2025-06-30T22:48:31.014786493Z,01JZ1G2A3Q53QEYHDQX68WVVKH,2025-06-30T22:48:31.014786493Z,01JZ1G4QT3J0N96RSDER5H66SR,2025-06-30T22:48:31.014786493Z,01JZ1GE1DYQ4EFPNC3YG4MVVET,2025-06-30T22:48:31.014786493Z
01JZ17QTYXHEAKE3C4X0MFJPPE,01JZ170DPRHYGRH6M74WMGZ8J5,2025-06-30T20:16:30.685714412Z,01JZ170DRRRWN613C5WJQ8B5Q6,2025-06-30T20:16:30.685714412Z,01JZ178SZSEG7MZD5W906ME19S,2025-06-30T20:16:30.685714412Z,01JZ17G52FMVNG3XMRM1S9BWKE,2025-06-30T20:16:30.685714412Z
01JZ19012KT07XSA5AXJ36EF1G,01JZ18G4TN4FH7205KTQTFE7PM,2025-06-30T20:38:27.667512854Z,01JZ18G512YK4K14AJW1A4KQT5,2025-06-30T20:38:27.667512854Z,01JZ18JCRWSH5Z1V97KVRN4VV2,2025-06-30T20:38:27.667512854Z,01JZ18R8C449S3PJKZXB5RXQ2D,2025-06-30T20:38:27.667512854Z
01JZ190CBW8HR3P6CS7CPCAD6X,01JZ18G4TN4FH7205KTQTFE7PM,2025-06-30T20:38:39.228612243Z,01JZ18G4XDWA3A08Y0HZ5HSAAF,2025-06-30T20:38:39.228612243Z,01JZ18K1FP19HQQGWY5MDNJT99,2025-06-30T20:38:39.228612243Z,01JZ18R104VYMDDRK1QJHT9RQ9,2025-06-30T20:38:39.228612243Z
01JZ18Z7QECWVM829S5427CN4G,01JZ18G4TN4FH7205KTQTFE7PM,2025-06-30T20:38:01.710326768Z,01JZ18G4YTQTSXFW2X0Y80VGVG,2025-06-30T20:38:01.710326768Z,01JZ18JHMPB6Y0TNZB1CBHN9G9,2025-06-30T20:38:01.710326768Z,01JZ18QCJGMBYZ3Q6VHAQ4WQVG,2025-06-30T20:38:01.710326768Z
01JZ1CFYYJZ2395A5CXX8DFMS9,01JZ1BX7WQMA45G0E33EEHJ3V9,2025-06-30T21:39:35.506087391Z,01JZ1BX849RGFMRNF1WR9VXVPD,2025-06-30T21:39:35.506087391Z,01JZ1C4P0YN4P4R63ZN9FPE2D4,2025-06-30T21:39:35.506087391Z,01JZ1C84RKQ0P9K5DXZDFR6T0J,2025-06-30T21:39:35.506087391Z
01JZ1CG4N626D42PHTCB0VBNWZ,01JZ1BX7WQMA45G0E33EEHJ3V9,2025-06-30T21:39:41.3506235Z,01JZ1BX81RJBYPGNM468STZ9YH,2025-06-30T21:39:41.3506235Z,01JZ1BZM7HWWQQ5DW0EFWDSAQF,2025-06-30T21:39:41.3506235Z,01JZ1C7YMQAMFB9S9MJX437MX7,2025-06-30T21:39:41.3506235Z
01JZ1H3S9DNB6Z9K56M45V1488,01JZ1G29Q82GQAKEXSK2E7NK3R,2025-06-30T23:00:19.373086733Z,01JZ1G2A58JMFV91VV93EGJJQY,2025-06-30T23:00:19.373086733Z,01JZ1GV1M5Q32ZNQW2E45R5EH9,2025-06-30T23:00:19.373086733Z,01JZ1GW3RA9NZ51ED1F6D8HPC4,2025-06-30T23:00:19.373086733Z
01JZ17T74JVK7D8A42G4XY28QB,01JZ170DPRHYGRH6M74WMGZ8J5,2025-06-30T20:17:48.690982633Z,01JZ170DRQN15452AYS561M232,2025-06-30T20:17:48.690982633Z,01JZ17M9BWTED841AF4MEHDDNW,2025-06-30T20:17:48.690982633Z,01JZ17RBCT038Y8QAFS6F67QDM,2025-06-30T20:17:48.690982633Z
01JZ18TCSVYSRG7B13SB1MJEB5,01JZ18G4TN4FH7205KTQTFE7PM,2025-06-30T20:35:23.067054203Z,01JZ18G4ZZG5A688HVVJGKBFVW,2025-06-30T20:35:23.067054203Z,01JZ18MMDMG5C7AC3NER6KSMTG,2025-06-30T20:35:23.067054203Z,01JZ18RFQ4W09NKQ14XZ3KQN1E,2025-06-30T20:35:23.067054203Z
01JZ1AJ7EQ0Q7RPYKNADJ0XCK4,01JZ19VEXCKVX740B60X4W6PQN,2025-06-30T21:05:52.59982327Z,01JZ19VF81DTYMGWYB0TAJKDWY,2025-06-30T21:05:52.59982327Z,01JZ1A7CX8Z1SNGPWK47XB0JNS,2025-06-30T21:05:52.59982327Z,01JZ1AABMTK3KJJZSMA4TN8BF7,2025-06-30T21:05:52.59982327Z
01JZ1DSFP8QPZ1TH3JQ9BGA05A,01JZ1D0RX94M7HHBAJDNGV8QRS,2025-06-30T22:02:16.136577802Z,01JZ1D0S4EMT97ECKQ06X1ZWAX,2025-06-30T22:02:16.136577802Z,01JZ1D6PDAATCEYCV60SVGFECN,2025-06-30T22:02:16.136577802Z,01JZ1DHWHN1GY9FT52VYW8NJ46,2025-06-30T22:02:16.136577802Z
01JZ17ZBJR7PH13P9YS3D4K25K,01JZ170DPRHYGRH6M74WMGZ8J5,2025-06-30T20:20:37.080443026Z,01JZ170DS5DJKXJ3Z7YVJKJJXK,2025-06-30T20:20:37.080443026Z,01JZ178QE8FT7YCFAWRXFD895X,2025-06-30T20:20:37.080443026Z,01JZ17QA5164E7ECZ7F8E2886X,2025-06-30T20:20:37.080443026Z
01JZ17ZQS0PHTSS42RD5NQ7M22,01JZ170DPRHYGRH6M74WMGZ8J5,2025-06-30T20:20:49.568613944Z,01JZ170DRQN15452AYS561M232,2025-06-30T20:20:49.568613944Z,01JZ17EC9TCGFEVCEX7CCFP6AJ,2025-06-30T20:20:49.568613944Z,01JZ17RBD7J0VJVJJG30EA195H,2025-06-30T20:20:49.568613944Z
01JZ190BGSPR8A3Q4XAX33N8R3,01JZ18G4TN4FH7205KTQTFE7PM,2025-06-30T20:38:38.361568233Z,01JZ18G4XMK5QHE5YNTR43VZ9V,2025-06-30T20:38:38.361568233Z,01JZ18JXMPKC16YBJ9SWX6E74P,2025-06-30T20:38:38.361568233Z,01JZ18RP8NH16RGQPN23QF70FD,2025-06-30T20:38:38.361568233Z
01JZ1DEM3NQFRJYJD10W4AJCXM,01JZ1D0RX94M7HHBAJDNGV8QRS,2025-06-30T21:56:20.214005019Z,01JZ1D0S14X3T6948SDJVF454K,2025-06-30T21:56:20.214005019Z,01JZ1D4SCYXBMNQ70R3B47BMPE,2025-06-30T21:56:20.214005019Z,01JZ1DCMNY0VAHZRBKPHM6R6CB,2025-06-30T21:56:20.214005019Z
01JZ1DSKVWMBEMM2FM37PCRNVP,01JZ1D0RX94M7HHBAJDNGV8QRS,2025-06-30T22:02:20.412241452Z,01JZ1D0S61XK8FZCNQBM2ZAEE6,2025-06-30T22:02:20.412241452Z,01JZ1D7ZVRAH2JHDPAGNC0VP2T,2025-06-30T22:02:20.412241452Z,01JZ1DHG8H05GH2W9SB4K6K1E6,2025-06-30T22:02:20.412241452Z
01JZ1EVTBPN2P67TE6ABYA0W95,01JZ1E916HBESJXS5SJ82BFZ21,2025-06-30T22:21:01.174507407Z,01JZ1E926BWK6TV1HDSC3ZQW4Y,2025-06-30T22:21:01.174507407Z,01JZ1EQKR69J0BQM6378QJ8X8Y,2025-06-30T22:21:01.174507407Z,01JZ1ESTDEHJ02W2S7D3PQQ6GF,2025-06-30T22:21:01.174507407Z
01JZ18ZD8R3KWRZETWQ78J9MCG,01JZ18G4TN4FH7205KTQTFE7PM,2025-06-30T20:38:07.384326037Z,01JZ18G4YK3PSP6R2PNWBA4P8S,2025-06-30T20:38:07.384326037Z,01JZ18HYEVQSC277Q1HCSHCSWE,2025-06-30T20:38:07.384326037Z,01JZ18QWAXDS741W4C9GD54TCD,2025-06-30T20:38:07.384326037Z
01JZ1BMYY4V3HF32T751NN0WQB,01JZ1B1VZ9TM9N3252XVVAH9DZ,2025-06-30T21:24:50.756406048Z,01JZ1B1W2WT8MR9NJ7RDDSFH2M,2025-06-30T21:24:50.756406048Z,01JZ1BAVN5GCQ9KGRAEPYWSGEC,2025-06-30T21:24:50.756406048Z,01JZ1BD437FH3N90SJNPN2P8KN,2025-06-30T21:24:50.756406048Z
01JZ1C88D4699XQ1X4N974Y0J7,01JZ1BX7WQMA45G0E33EEHJ3V9,2025-06-30T21:35:23.044520203Z,01JZ1BX80QRTKGB6MH6HMRDXS1,2025-06-30T21:35:23.044520203Z,01JZ1BY7ZYY1555G7VDKVM55K7,2025-06-30T21:35:23.044520203Z,01JZ1C68WHJ3JXAR0SNG92WD7N,2025-06-30T21:35:23.044520203Z
01JZ1FAWM8KYAA94RET431ZVN3,01JZ1E916HBESJXS5SJ82BFZ21,2025-06-30T22:29:15.016851353Z,01JZ1E91Q18GQE49C0XSDVMF75,2025-06-30T22:29:15.016851353Z,01JZ1EKW5BGVN2WN0MZV6XE5EZ,2025-06-30T22:29:15.016851353Z,01JZ1F2JFXFJKGVW4BE73GT7FW,2025-06-30T22:29:15.016851353Z
01JZ1FCH0PN5VQHZFN61Z7KA97,01JZ1E916HBESJXS5SJ82BFZ21,2025-06-30T22:30:08.662843416Z,01JZ1E91SWVSXS6FK33QCMH9SP,2025-06-30T22:30:08.662843416Z,01JZ1EXKHZBZ5ENGWCGS2V70RX,2025-06-30T22:30:08.662843416Z,01JZ1F45MGBYSVGGAVDK1YM8N9,2025-06-30T22:30:08.662843416Z
01JZ18RH77TX580WH3797HAY7Z,01JZ18G4TN4FH7205KTQTFE7PM,2025-06-30T20:34:22.055643153Z,01JZ18G4ZZG5A688HVVJGKBFVW,2025-06-30T20:34:22.055643153Z,01JZ18N06YG4ZMSQQQ92S1PQNP,2025-06-30T20:34:22.055643153Z,01JZ18RFPBGVB1PJ8WVY2S92SR,2025-06-30T20:34:22.055643153Z
01JZ1BNA4W9GVCZRTJ68M1D789,01JZ1B1VZ9TM9N3252XVVAH9DZ,2025-06-30T21:25:02.236095544Z,01JZ1B1W2WT8MR9NJ7RDDSFH2M,2025-06-30T21:25:02.236095544Z,01JZ1B4FWCV3S3JF90184ADC3A,2025-06-30T21:25:02.236095544Z,01JZ1BD41K10B3Z5F98Q46A8QZ,2025-06-30T21:25:02.236095544Z
01JZ1BSCX3HC3KN59VN01S05CC,01JZ1B1VZ9TM9N3252XVVAH9DZ,2025-06-30T21:27:16.131914785Z,01JZ1B1W68Y1JCNSRHTZJR0WTB,2025-06-30T21:27:16.131914785Z,01JZ1B7EJ94Z1F34T98KN1PN13,2025-06-30T21:27:16.131914785Z,01JZ1BH4CC6N46FP386VHR81G9,2025-06-30T21:27:16.131914785Z
01JZ1DJH3S72SWFPEXSAJ8DR76,01JZ1D0RX94M7HHBAJDNGV8QRS,2025-06-30T21:58:28.217777147Z,01JZ1D0S3N2D9DCG3EHS8AP4R1,2025-06-30T21:58:28.217777147Z,01JZ1DB76758JPZGHYCN646V7S,2025-06-30T21:58:28.217777147Z,01JZ1DJBC9HNDPFTVHPRJH9HNY,2025-06-30T21:58:28.217777147Z
01JZ17QJQPR4NK1TNNHDP38HM9,01JZ170DPRHYGRH6M74WMGZ8J5,2025-06-30T20:16:22.262299945Z,01JZ170DRSFZ9Y16965WN1Z2F9,2025-06-30T20:16:22.262299945Z,01JZ17AQQS59T0RTXR5VNB3ZRC,2025-06-30T20:16:22.262299945Z,01JZ17G70TM6EWY78GFBKAH2E9,2025-06-30T20:16:22.262299945Z
01JZ17X4QRVSF82NY5C4AQZ0QJ,01JZ170DPRHYGRH6M74WMGZ8J5,2025-06-30T20:19:24.536487988Z,01JZ170DSXXMDA003X79NFA4N0,2025-06-30T20:19:24.536487988Z,01JZ17C3PTEK9PXA5GJSYCCP5W,2025-06-30T20:19:24.536487988Z,01JZ17NRRR088W52FGBGCTETBE,2025-06-30T20:19:24.536487988Z
01JZ182V194FKHZHSF07H035FK,01JZ170DPRHYGRH6M74WMGZ8J5,2025-06-30T20:22:31.209407322Z,01JZ170DS9MMA8EZAVKYS5SMHX,2025-06-30T20:22:31.209407322Z,01JZ17HFJ1YVGFVR94GB9T8A4P,2025-06-30T20:22:31.209407322Z,01JZ17TR5GZK4V8170DT4PDB53,2025-06-30T20:22:31.209407322Z
01JZ18YF90P1YF6TFFTKJEV0JB,01JZ18G4TN4FH7205KTQTFE7PM,2025-06-30T20:37:36.674368551Z,01JZ18G4YA2XRQ9RK4RH5WQB1P,2025-06-30T20:37:36.674368551Z,01JZ18M0E7QK051FXC32B03XG8,2025-06-30T20:37:36.674368551Z,01JZ18Q1RTQ5J8GR55C5KB6SHZ,2025-06-30T20:37:36.674368551Z
01JZ199SVXCPE9YQQD2GB1MYGK,01JZ18R9CHSHJ2BAJZ4M4PAW2X,2025-06-30T20:43:47.965178278Z,01JZ18RA3DBE17YR6D8FEXRWFY,2025-06-30T20:43:47.965178278Z,01JZ1945JH72C4XK34ZFBSF6HS,2025-06-30T20:43:47.965178278Z,01JZ197VZQZ3W28DZHMN5K9CXH,2025-06-30T20:43:47.965178278Z
01JZ17VV0424D5SEHGF4QPWBD9,01JZ170DPRHYGRH6M74WMGZ8J5,2025-06-30T20:18:41.796538278Z,01JZ170DS434CCJM920K0JDY80,2025-06-30T20:18:41.796538278Z,01JZ17B8EAMA6MXWF42Y5PVE7P,2025-06-30T20:18:41.796538278Z,01JZ17MERZP6TAGVPVPPE2FHS9,2025-06-30T20:18:41.796538278Z
01JZ18SAJWH3X93SCC6D65NBYW,01JZ18G4TN4FH7205KTQTFE7PM,2025-06-30T20:34:48.028120744Z,01JZ18G4Z7SR18DC8PDBR22HS5,2025-06-30T20:34:48.028120744Z,01JZ18K0S7ESWE4C2YKPFWVG9K,2025-06-30T20:34:48.028120744Z,01JZ18S8VF5J1VCYDTJZFPF4QA,2025-06-30T20:34:48.028120744Z
01JZ18ZRAPTEC4PPYC2ADSA1ZD,01JZ18G4TN4FH7205KTQTFE7PM,2025-06-30T20:38:18.71072854Z,01JZ18G4YK3PSP6R2PNWBA4P8S,2025-06-30T20:38:18.71072854Z,01JZ18MVEFXZGBQPET8FQ2326K,2025-06-30T20:38:18.71072854Z,01JZ18QWAK96HX887YH26X2DYC,2025-06-30T20:38:18.71072854Z
01JZ198GM98Q6SDTARC533KQ89,01JZ18QHX9XGN83K6T42FK97D5,2025-06-30T20:43:05.737111284Z,01JZ18QHZ9KPT0XZ66BZ9ZB89K,2025-06-30T20:43:05.737111284Z,01JZ18SXQ0AFP5SFG2600FW7ER,2025-06-30T20:43:05.737111284Z,01JZ190NJS7Q18J6QY8RM98TK7,2025-06-30T20:43:05.737111284Z
01JZ1BSHGA3R1FND7ZSP12M3ND,01JZ1B1VZ9TM9N3252XVVAH9DZ,2025-06-30T21:27:20.842672088Z,01JZ1B1W46BH5YH0XYSE8KJRBK,2025-06-30T21:27:20.842672088Z,01JZ1B88RR65Q9PG31DJTYC075,2025-06-30T21:27:20.842672088Z,01JZ1BJ1CD7PGGMV0A6YRMHSQJ,2025-06-30T21:27:20.842672088Z
01JZ17RZ0EK62N8KDGS0KS0E9K,01JZ170DPRHYGRH6M74WMGZ8J5,2025-06-30T20:17:07.598894989Z,01JZ170DS32PJY8CQRMADJXFRG,2025-06-30T20:17:07.598894989Z,01JZ176XCKRH7MED6P6JRG4D22,2025-06-30T20:17:07.598894989Z,01JZ17HJY1YPM205KVGKCXFQS3,2025-06-30T20:17:07.598894989Z
01JZ18R71C493V04562EE8TKYQ,01JZ18G4TN4FH7205KTQTFE7PM,2025-06-30T20:34:11.628905459Z,01JZ18G4X5EPR69QT64DVYQXFJ,2025-06-30T20:34:11.628905459Z,01JZ18M07T82RGAMZEPD0QD6Q9,2025-06-30T20:34:11.628905459Z,01JZ18PAPZYGZBF3DQ7XCBJ9MP,2025-06-30T20:34:11.628905459Z
01JZ190D25YJ64DY3JMPGB4EWX,01JZ18G4TN4FH7205KTQTFE7PM,2025-06-30T20:38:39.941419123Z,01JZ18G4ZZG5A688HVVJGKBFVW,2025-06-30T20:38:39.941419123Z,01JZ18JE9A6THSRA3515C4Q3GE,2025-06-30T20:38:39.941419123Z,01JZ18RFPSBYDPWWM1XEC3ZD1K,2025-06-30T20:38:39.941419123Z
01JZ192F72C9JTZ0T8071JMC45,01JZ18R9CHSHJ2BAJZ4M4PAW2X,2025-06-30T20:39:47.682041624Z,01JZ18RA48YSHMY5EWBJ9E61V2,2025-06-30T20:39:47.682041624Z,01JZ18XZQ962C1YBGG8JES411T,2025-06-30T20:39:47.682041624Z,01JZ192CM1S0TWD820FVH6YX9C,2025-06-30T20:39:47.682041624Z
01JZ1AAQ963AQBBD6K0HZDV4P5,01JZ19VEXCKVX740B60X4W6PQN,2025-06-30T21:01:46.663034329Z,01JZ19VF9WCS5BMDRCPXZK6ZBF,2025-06-30T21:01:46.663034329Z,01JZ19Y0QS6ZDMVQR73DRR23RB,2025-06-30T21:01:46.663034329Z,01JZ1A8RTBQBGQ6B3M8DMQ82K3,2025-06-30T21:01:46.663034329Z
01JZ1AGNSFW701C3N5925Q383Y,01JZ19VEXCKVX740B60X4W6PQN,2025-06-30T21:05:01.743622621Z,01JZ19VF9WCS5BMDRCPXZK6ZBF,2025-06-30T21:05:01.743622621Z,01JZ19Y3KYVSPMBWF3EF2S04D7,2025-06-30T21:05:01.743622621Z,01JZ1A8RS6D439ZX1WYM84CQP1,2025-06-30T21:05:01.743622621Z
01JZ1F7A8JNB2ECVR3QM3B90KR,01JZ1E916HBESJXS5SJ82BFZ21,2025-06-30T22:27:17.906613499Z,01JZ1E91ENR7DC2PFTK7ZY5PTJ,2025-06-30T22:27:17.906613499Z,01JZ1EESNEX1G6N7P06E41EYRK,2025-06-30T22:27:17.906613499Z,01JZ1F70HHE21FXBJ549WERQ2G,2025-06-30T22:27:17.906613499Z
01JZ17R51R07WSD9KYPSAWNHQW,01JZ170DPRHYGRH6M74WMGZ8J5,2025-06-30T20:16:41.016800374Z,01JZ170DRRRWN613C5WJQ8B5Q6,2025-06-30T20:16:41.016800374Z,01JZ178SZSEG7MZD5W906ME19S,2025-06-30T20:16:41.016800374Z,01JZ17G52NG4XN5R9RR9776YQX,2025-06-30T20:16:41.016800374Z
01JZ1BBACNCCMKKT0XBMHCPP2X,01JZ1B1VZ9TM9N3252XVVAH9DZ,2025-06-30T21:19:34.805735934Z,01JZ1B1W5AJ9N87HJBZ99HRQPJ,2025-06-30T21:19:34.805735934Z,01JZ1B4M3WKZR9J1GGJ7PR0S32,2025-06-30T21:19:34.805735934Z,01JZ1BB7E1TXBMBFXFHSFEWTHS,2025-06-30T21:19:34.805735934Z
01JZ1BF2NCF2H745PWHSCZ8M27,01JZ1B1VZ9TM9N3252XVVAH9DZ,2025-06-30T21:21:37.96482384Z,01JZ1B1W2WT8MR9NJ7RDDSFH2M,2025-06-30T21:21:37.96482384Z,01JZ1B64GPABF5830RNTZP1A2Y,2025-06-30T21:21:37.96482384Z,01JZ1BD3Y8NHHCFXCV7WB08PE6,2025-06-30T21:21:37.96482384Z
01JZ1BJFS9522H4P2EGKVJTK13,01JZ1B1VZ9TM9N3252XVVAH9DZ,2025-06-30T21:23:29.705668646Z,01JZ1B1W6S117BH8HCA7NH9R7E,2025-06-30T21:23:29.705668646Z,01JZ1B51FGYNJ0T68GXM1MEH1R,2025-06-30T21:23:29.705668646Z,01JZ1BAHERRJG5Y4NQ430CHJGP,2025-06-30T21:23:29.705668646Z
01JZ1F1D8743JM8X607P2JY8P7,01JZ1E916HBESJXS5SJ82BFZ21,2025-06-30T22:24:04.359040306Z,01JZ1E926BWK6TV1HDSC3ZQW4Y,2025-06-30T22:24:04.359040306Z,01JZ1EB9A62JTZM8674AWVY211,2025-06-30T22:24:04.359040306Z,01JZ1EST891W4CWE2FZ4NEZT5P,2025-06-30T22:24:04.359040306Z
01JZ1GP06W93DSDDRFMCQHZQAX,01JZ1G29Q82GQAKEXSK2E7NK3R,2025-06-30T22:52:47.708204772Z,01JZ1G2A3Q53QEYHDQX68WVVKH,2025-06-30T22:52:47.708204772Z,01JZ1G3T5HF7S211AZP2YJBSVP,2025-06-30T22:52:47.708204772Z,01JZ1GE1F6FBA1RXEYRA9321FF,2025-06-30T22:52:47.708204772Z
01JZ18XNPS8W5WQ9VV2DDB80BC,01JZ18G4TN4FH7205KTQTFE7PM,2025-06-30T20:37:10.489346378Z,01JZ18G50PJASP911XB82AW46K,2025-06-30T20:37:10.489346378Z,01JZ18KJE91G49FF99NPC5VF6Y,2025-06-30T20:37:10.489346378Z,01JZ18P6MTEX79E96T9HBXCMA3,2025-06-30T20:37:10.489346378Z
01JZ18ZFXBA4HH3VQMSFK40MMM,01JZ18G4TN4FH7205KTQTFE7PM,2025-06-30T20:38:10.091184884Z,01JZ18G4ZPD0G0WRB3ZSNJ4KSW,2025-06-30T20:38:10.091184884Z,01JZ18KHM8GJ48PE7RRH6Y4W94,2025-06-30T20:38:10.091184884Z,01JZ18QMEETMY6YTPVQZEX7GRT,2025-06-30T20:38:10.091184884Z
01JZ18ZPG8S3VR7AB7TP9QKKKZ,01JZ18G4TN4FH7205KTQTFE7PM,2025-06-30T20:38:16.840707817Z,01JZ18G512YK4K14AJW1A4KQT5,2025-06-30T20:38:16.840707817Z,01JZ18JCRWSH5Z1V97KVRN4VV2,2025-06-30T20:38:16.840707817Z,01JZ18R8CKMG9A39402BQ4NWM2,2025-06-30T20:38:16.840707817Z
01JZ1CE4NC9MFCCBB9CXYASZ0R,01JZ1BX7WQMA45G0E33EEHJ3V9,2025-06-30T21:38:35.82036619Z,01JZ1BX80QRTKGB6MH6HMRDXS1,2025-06-30T21:38:35.82036619Z,01JZ1C4CTKJV3QDB4A0BGTS31H,2025-06-30T21:38:35.82036619Z,01JZ1C694WS1H0BQYPF8J97ET7,2025-06-30T21:38:35.82036619Z
01JZ17KEDNZW21YCE1CD63AFB0,01JZ170DPRHYGRH6M74WMGZ8J5,2025-06-30T20:14:06.773502379Z,01JZ170DS32PJY8CQRMADJXFRG,2025-06-30T20:14:06.773502379Z,01JZ1788J67VDXAH0W6F8T66AB,2025-06-30T20:14:06.773502379Z,01JZ17HJXZJXBNGG98GAB8QMCF,2025-06-30T20:14:06.773502379Z
01JZ17NBRX47XAB6YDB3Q0J8AQ,01JZ170DPRHYGRH6M74WMGZ8J5,2025-06-30T20:15:09.597530318Z,01JZ170DSWJ6311N72HPSQWG9K,2025-06-30T20:15:09.597530318Z,01JZ17HR3SKAZC9R19A608NCQK,2025-06-30T20:15:09.597530318Z,01JZ17KG534VMGAN6DZ77QN8H5,2025-06-30T20:15:09.597530318Z
01JZ190ZFG4J4XV42V4CX9N569,01JZ18G4TN4FH7205KTQTFE7PM,2025-06-30T20:38:58.800627424Z,01JZ18G50G0GKPPCFSW2N0ZNW1,2025-06-30T20:38:58.800627424Z,01JZ18HKRFWCKWBRRSM9AC3SW4,2025-06-30T20:38:58.800627424Z,01JZ18RHFDZ694HBYDHJEKWZ3S,2025-06-30T20:38:58.800627424Z
01JZ1F58KCAJEN9MJ6GVNS4BAC,01JZ1E916HBESJXS5SJ82BFZ21,2025-06-30T22:26:10.668757397Z,01JZ1E91Z6K0ZJGCC53Q4JQWJP,2025-06-30T22:26:10.668757397Z,01JZ1EPVZGZEY9DBBKYD48H59H,2025-06-30T22:26:10.668757397Z,01JZ1EXC2738TD9DEC8HEZ1QM0,2025-06-30T22:26:10.668757397Z
01JZ1H53RKZY6PGMQHPSB4H52Z,01JZ1G29Q82GQAKEXSK2E7NK3R,2025-06-30T23:01:02.867512074Z,01JZ1G2AATTMJJ07WA2JZ9MF1K,2025-06-30T23:01:02.867512074Z,01JZ1GRY7J5YBFT0P7ME9XRK58,2025-06-30T23:01:02.867512074Z,01JZ1GWNN7SAHPPWE857THBJJP,2025-06-30T23:01:02.867512074Z
01JZ190E608R40TCANDH42MNKZ,01JZ18G4TN4FH7205KTQTFE7PM,2025-06-30T20:38:41.088101119Z,01JZ18G50G0GKPPCFSW2N0ZNW1,2025-06-30T20:38:41.088101119Z,01JZ18HKRFWCKWBRRSM9AC3SW4,2025-06-30T20:38:41.088101119Z,01JZ18RHGF07MFHCBEKPMJBAPY,2025-06-30T20:38:41.088101119Z
01JZ18Z7KDN24224NRA2SFBFY6,01JZ18G4TN4FH7205KTQTFE7PM,2025-06-30T20:38:01.581558122Z,01JZ18G4YTQTSXFW2X0Y80VGVG,2025-06-30T20:38:01.581558122Z,01JZ18J569YAEG0XPKSGQBZNYX,2025-06-30T20:38:01.581558122Z,01JZ18QCJGMBYZ3Q6VHAQ4WQVG,2025-06-30T20:38:01.581558122Z
01JZ18ZXAP6STBC1Q8ADA4A3AE,01JZ18G4TN4FH7205KTQTFE7PM,2025-06-30T20:38:23.830904187Z,01JZ18G4XDWA3A08Y0HZ5HSAAF,2025-06-30T20:38:23.830904187Z,01JZ18N4BCMMEGJT5ZAJGY6HHX,2025-06-30T20:38:23.830904187Z,01JZ18R10H32Q9CQ9VTYQTZJBZ,2025-06-30T20:38:23.830904187Z
01JZ1923J46EMX31K4YCE4QGTK,01JZ18G4TN4FH7205KTQTFE7PM,2025-06-30T20:39:35.748122489Z,01JZ18G508W9SSEDAT6B79GZND,2025-06-30T20:39:35.748122489Z,01JZ18JN66MX5CA0E4FYBV08Y2,2025-06-30T20:39:35.748122489Z,01JZ18STDNJEZSFCWMMDNZVD2H,2025-06-30T20:39:35.748122489Z
01JZ1AM14S3S377ZSZP0ZWQXN1,01JZ19VEXCKVX740B60X4W6PQN,2025-06-30T21:06:51.673656318Z,01JZ19VF6XEW5FG377QGXCTRD1,2025-06-30T21:06:51.673656318Z,01JZ19XTW2HK24K9S0K07R4X7Y,2025-06-30T21:06:51.673656318Z,01JZ1ACG7RFGJPNSR51K4JAEZ8,2025-06-30T21:06:51.673656318Z
01JZ1BJTX6DY4F7Q3BDC2VWGJV,01JZ1B1VZ9TM9N3252XVVAH9DZ,2025-06-30T21:23:41.094552809Z,01JZ1B1W6S117BH8HCA7NH9R7E,2025-06-30T21:23:41.094552809Z,01JZ1B3PFQZWK1B01E0NW7J1B1,2025-06-30T21:23:41.094552809Z,01JZ1BAHG6QWWGBEPT681DK5Y7,2025-06-30T21:23:41.094552809Z
01JZ1F009YBC0AK804MZC9G2QS,01JZ1E916HBESJXS5SJ82BFZ21,2025-06-30T22:23:18.334099923Z,01JZ1E91WFH0SPDF0PZ6G1349X,2025-06-30T22:23:18.334099923Z,01JZ1ENXKQ8QM070MZA5HYVVNG,2025-06-30T22:23:18.334099923Z,01JZ1EY0RN0AQVXD4S7119EDC2,2025-06-30T22:23:18.334099923Z
01JZ18ZV9Z6YMFA2T72TK374XF,01JZ18G4TN4FH7205KTQTFE7PM,2025-06-30T20:38:21.759790277Z,01JZ18G4ZPD0G0WRB3ZSNJ4KSW,2025-06-30T20:38:21.759790277Z,01JZ18KHM8GJ48PE7RRH6Y4W94,2025-06-30T20:38:21.759790277Z,01JZ18QMFXN721VEA2NDQX9P2G,2025-06-30T20:38:21.759790277Z
01JZ1DB5ZKD5MY2M2108TW6WW4,01JZ1D0RX94M7HHBAJDNGV8QRS,2025-06-30T21:54:27.443355922Z,01JZ1D0S58CJJ0G6BA8AW8ZVCS,2025-06-30T21:54:27.443355922Z,01JZ1D7DM0SC7JQGS6JG3ZYPAZ,2025-06-30T21:54:27.443355922Z,01JZ1D972VTRZHGE4AKVG9RETY,2025-06-30T21:54:27.443355922Z
01JZ17JCPKS1Y26DHM10T3877Q,01JZ170DPRHYGRH6M74WMGZ8J5,2025-06-30T20:13:32.243641634Z,01JZ170DSBT7R80F1BC6BFNZAP,2025-06-30T20:13:32.243641634Z,01JZ17BXN8A0CN51A90XTP0KJK,2025-06-30T20:13:32.243641634Z,01JZ17JC2RA6WXF9ZF2QJYR7ZN,2025-06-30T20:13:32.243641634Z
01JZ17QTY81N05XG6E7QH255N5,01JZ170DPRHYGRH6M74WMGZ8J5,2025-06-30T20:16:30.664131023Z,01JZ170DRRRWN613C5WJQ8B5Q6,2025-06-30T20:16:30.664131023Z,01JZ176AGFMX3JE5XFYY83S9AY,2025-06-30T20:16:30.664131023Z,01JZ17G52FMVNG3XMRM1S9BWKE,2025-06-30T20:16:30.664131023Z
01JZ17YPVPPZZJTQ0J8P774DY2,01JZ170DPRHYGRH6M74WMGZ8J5,2025-06-30T20:20:15.863033033Z,01JZ170DS5DJKXJ3Z7YVJKJJXK,2025-06-30T20:20:15.863033033Z,01JZ1763ZE1VD7FNYG3WZHGCWZ,2025-06-30T20:20:15.863033033Z,01JZ17QA59QV908YAV00Z9M88J,2025-06-30T20:20:15.863033033Z
01JZ17M3FEFWDQDDA9YD6F79H4,01JZ170DPRHYGRH6M74WMGZ8J5,2025-06-30T20:14:28.334784115Z,01JZ170DSTXK5Z1DV671606E6A,2025-06-30T20:14:28.334784115Z,01JZ179522187EFD1N9MCMN3YS,2025-06-30T20:14:28.334784115Z,01JZ17J85FH6ZCHDJEZZH3F672,2025-06-30T20:14:28.334784115Z
01JZ1CCJ8XQFPZ3PNYT985VPVR,01JZ1BX7WQMA45G0E33EEHJ3V9,2025-06-30T21:37:44.221185471Z,01JZ1BX82RNFGPPA94NES9507T,2025-06-30T21:37:44.221185471Z,01JZ1C98HS2FRFHZKQAPAW4FY4,2025-06-30T21:37:44.221185471Z,01JZ1CAKRPM2RTKQN4NF25GQNV,2025-06-30T21:37:44.221185471Z
01JZ1FA6V1VHQ6QJN03AB4GVV5,01JZ1E916HBESJXS5SJ82BFZ21,2025-06-30T22:28:52.70600364Z,01JZ1E91Q18GQE49C0XSDVMF75,2025-06-30T22:28:52.70600364Z,01JZ1ESJSZ4605B74MTV3MB0PF,2025-06-30T22:28:52.70600364Z,01JZ1F2J935JRBEA3AYQ9DM75Z,2025-06-30T22:28:52.70600364Z
01JZ1GVMG24CF3YRV3HXT3WR67,01JZ1G29Q82GQAKEXSK2E7NK3R,2025-06-30T22:55:52.322590244Z,01JZ1G2A9825Q9R0AFVXQNTR63,2025-06-30T22:55:52.322590244Z,01JZ1GA1RX69WV7RYS6J14XWQD,2025-06-30T22:55:52.322590244Z,01JZ1GKM8S9MZ9Y3HXTH4K06P3,2025-06-30T22:55:52.322590244Z
01JZ17SNYT08H6BEGVC95E76GR,01JZ170DPRHYGRH6M74WMGZ8J5,2025-06-30T20:17:31.098302035Z,01JZ170DS8YWG03GZVY59N3JD0,2025-06-30T20:17:31.098302035Z,01JZ179QC9P59RRBVKW06P1VJF,2025-06-30T20:17:31.098302035Z,01JZ17HNMVNEYYPPYMQAP8NS4W,2025-06-30T20:17:31.098302035Z
01JZ17SX4N7M008RQQSDD3G0QH,01JZ170DPRHYGRH6M74WMGZ8J5,2025-06-30T20:17:38.453778284Z,01JZ170DS434CCJM920VN081CV,2025-06-30T20:17:38.453778284Z,01JZ17AXNB63XKGBKW724P24XM,2025-06-30T20:17:38.453778284Z,01JZ17HX14FY8E41PWFYHSWJ2P,2025-06-30T20:17:38.453778284Z
01JZ18PBZJEEBZ4XHZXPYZ8QXG,01JZ18G4TN4FH7205KTQTFE7PM,2025-06-30T20:33:11.154211124Z,01JZ18G4X5EPR69QT64DVYQXFJ,2025-06-30T20:33:11.154211124Z,01JZ18J0PFCTBHRZ327Y7ADC0R,2025-06-30T20:33:11.154211124Z,01JZ18PAR9WBWEPQGQAVBFV7BZ,2025-06-30T20:33:11.154211124Z
01JZ1901501X39AASS4GHSJKTN,01JZ18G4TN4FH7205KTQTFE7PM,2025-06-30T20:38:27.744394887Z,01JZ18G512YK4K14AJW1A4KQT5,2025-06-30T20:38:27.744394887Z,01JZ18JHACQMQPJCAE4XRR7QFX,2025-06-30T20:38:27.744394887Z,01JZ18R8C449S3PJKZXB5RXQ2D,2025-06-30T20:38:27.744394887Z
01JZ199VSCSFBDDAJ82T3AEYKP,01JZ18R9CHSHJ2BAJZ4M4PAW2X,2025-06-30T20:43:49.93287485Z,01JZ18RA48YSHMY5EWBJ9E61V2,2025-06-30T20:43:49.93287485Z,01JZ18ZEQE5SB9NASAZX93YXN4,2025-06-30T20:43:49.93287485Z,01JZ192CQ1PM6AAY4VWQWP0QFX,2025-06-30T20:43:49.93287485Z
01JZ1CWHZC0VC8DP52GPZNPBY0,01JZ1C4XJFQQ45ZHGATAXVBX0J,2025-06-30T21:46:28.204522949Z,01JZ1C4XNE4VHGMR9JDZS6Y7F9,2025-06-30T21:46:28.204522949Z,01JZ1CF267R4DM5CMXPS4VKSEE,2025-06-30T21:46:28.204522949Z,01JZ1CM9QBAFQHGRA086T0Q56G,2025-06-30T21:46:28.204522949Z
01JZ17KHCCKZW3A1FSYS1E3BJ5,01JZ170DPRHYGRH6M74WMGZ8J5,2025-06-30T20:14:09.804823666Z,01JZ170DS8YWG03GZVY59N3JD0,2025-06-30T20:14:09.804823666Z,01JZ17FA2MQ87XVRF9HC0R27GC,2025-06-30T20:14:09.804823666Z,01JZ17HNMQAAW5HV1NJ3KN0TDP,2025-06-30T20:14:09.804823666Z
01JZ1AGNVW6W4SV99ST2TKE75N,01JZ19VEXCKVX740B60X4W6PQN,2025-06-30T21:05:01.82034309Z,01JZ19VF9WCS5BMDRCPXZK6ZBF,2025-06-30T21:05:01.82034309Z,01JZ19Y0QS6ZDMVQR73DRR23RB,2025-06-30T21:05:01.82034309Z,01JZ1A8RS6D439ZX1WYM84CQP1,2025-06-30T21:05:01.82034309Z
01JZ17MA2SZ6WDA39TG4PT1M1J,01JZ170DPRHYGRH6M74WMGZ8J5,2025-06-30T20:14:35.097234371Z,01JZ170DSR5F2SARFX61BD5BFD,2025-06-30T20:14:35.097234371Z,01JZ17DTG6GCYHCZ1XV1B4YQSG,2025-06-30T20:14:35.097234371Z,01JZ17M8SKNJW5A4Z1S33P0E3X,2025-06-30T20:14:35.097234371Z
01JZ17QWS2E1F99PWRTPWNVX2Q,01JZ170DPRHYGRH6M74WMGZ8J5,2025-06-30T20:16:32.546504342Z,01JZ170DRSFZ9Y16965WN1Z2F9,2025-06-30T20:16:32.546504342Z,01JZ17C681KCXJ6DBBJAQ640Z7,2025-06-30T20:16:32.546504342Z,01JZ17G70EF8S99NVNWP5G0YQ4,2025-06-30T20:16:32.546504342Z
01JZ17WNDHG1MWKZZ2CB24VWN5,01JZ170DPRHYGRH6M74WMGZ8J5,2025-06-30T20:19:08.849824085Z,01JZ170DSMJZPS89ZBMFZ7ATK7,2025-06-30T20:19:08.849824085Z,01JZ178V1SBS1YEEZCW5R3AAJF,2025-06-30T20:19:08.849824085Z,01JZ17MYEV0AG6XJGH9VVJQXPH,2025-06-30T20:19:08.849824085Z
01JZ1DQPYV7VG7VP0SV9CP8374,01JZ1D0RX94M7HHBAJDNGV8QRS,2025-06-30T22:01:18.04318792Z,01JZ1D0S064NT759Q480WCA8PK,2025-06-30T22:01:18.04318792Z,01JZ1DCDN091GX33H1NPEY9NA8,2025-06-30T22:01:18.04318792Z,01JZ1DFXV9T1EVC6HZV4AB9RYD,2025-06-30T22:01:18.04318792Z
01JZ17S1PVAQF5J2F8DDWKSN49,01JZ170DPRHYGRH6M74WMGZ8J5,2025-06-30T20:17:10.36372658Z,01JZ170DS8YWG03GZVY59N3JD0,2025-06-30T20:17:10.36372658Z,01JZ179QC9P59RRBVKW06P1VJF,2025-06-30T20:17:10.36372658Z,01JZ17HNMJKGSE7QCGZDT7R79G,2025-06-30T20:17:10.36372658Z
01JZ17T2CEE2XEEDR7GYG1VSRR,01JZ170DPRHYGRH6M74WMGZ8J5,2025-06-30T20:17:43.822776089Z,01JZ170DSBT7R80F1BC6BFNZAP,2025-06-30T20:17:43.822776089Z,01JZ17EXP8SEZEBZPSE6GPG8ZM,2025-06-30T20:17:43.822776089Z,01JZ17JC31V9W433CZ54VPSDCC,2025-06-30T20:17:43.822776089Z
01JZ1916F50KA11FJG7H9VZZFR,01JZ18G4TN4FH7205KTQTFE7PM,2025-06-30T20:39:05.957369837Z,01JZ18G4XMK5QHE5YNTR43VZ9V,2025-06-30T20:39:05.957369837Z,01JZ18JYQDFDP4EVNZQ3HF507K,2025-06-30T20:39:05.957369837Z,01JZ18RP9ZDBJKMBBTW600ZPPV,2025-06-30T20:39:05.957369837Z
01JZ19AGMC9DS3T60S83JB4Z3T,01JZ18R9CHSHJ2BAJZ4M4PAW2X,2025-06-30T20:44:11.276421648Z,01JZ18RA48YSHMY5EWBJ9E61V2,2025-06-30T20:44:11.276421648Z,01JZ18XZQ962C1YBGG8JES411T,2025-06-30T20:44:11.276421648Z,01JZ192CNEKC6N4P48X5TV6GWX,2025-06-30T20:44:11.276421648Z
01JZ1BNA2NBD8N50DTGH716ZFZ,01JZ1B1VZ9TM9N3252XVVAH9DZ,2025-06-30T21:25:02.165999768Z,01JZ1B1W2WT8MR9NJ7RDDSFH2M,2025-06-30T21:25:02.165999768Z,01JZ1B40FQ24C0Z8EC9VKSS7KY,2025-06-30T21:25:02.165999768Z,01JZ1BD41K10B3Z5F98Q46A8QZ,2025-06-30T21:25:02.165999768Z
01JZ1BS1WDQC4A0RX595116QGW,01JZ1B1VZ9TM9N3252XVVAH9DZ,2025-06-30T21:27:04.845141914Z,01JZ1B1W68Y1JCNSRHTZJR0WTB,2025-06-30T21:27:04.845141914Z,01JZ1B7EJ94Z1F34T98KN1PN13,2025-06-30T21:27:04.845141914Z,01JZ1BH45TYYSNR9HRYXWTVB04,2025-06-30T21:27:04.845141914Z
01JZ1CVWHWGRGW8A71BQEPQM5T,01JZ1C4XJFQQ45ZHGATAXVBX0J,2025-06-30T21:46:06.268913361Z,01JZ1C4XNE4VHGMR9JDZS6Y7F9,2025-06-30T21:46:06.268913361Z,01JZ1CF8R7DWBKG9F2768N54QZ,2025-06-30T21:46:06.268913361Z,01JZ1CM9NHAQYVB9EBB2FPWPMG,2025-06-30T21:46:06.268913361Z
01JZ1CWJ35RX4HVYC2BVZ8J5VV,01JZ1C4XJFQQ45ZHGATAXVBX0J,2025-06-30T21:46:28.325835385Z,01JZ1C4XNE4VHGMR9JDZS6Y7F9,2025-06-30T21:46:28.325835385Z,01JZ1CH99SCVGB71HN39473CFW,2025-06-30T21:46:28.325835385Z,01JZ1CM9QBAFQHGRA086T0Q56G,2025-06-30T21:46:28.325835385Z
01JZ1DGR6J2TDCBPMZWESMSRP4,01JZ1D0RX94M7HHBAJDNGV8QRS,2025-06-30T21:57:29.938460909Z,01JZ1D0S58CJJ0G6BA8AW8ZVCS,2025-06-30T21:57:29.938460909Z,01JZ1D7DM0SC7JQGS6JG3ZYPAZ,2025-06-30T21:57:29.938460909Z,01JZ1D971RNG9X4SW8NSVY9CFR,2025-06-30T21:57:29.938460909Z
01JZ1GT32F6F3GF5MNFBSD4N4W,01JZ1G29Q82GQAKEXSK2E7NK3R,2025-06-30T22:55:01.711744655Z,01JZ1G2ACHC2PPHGNQVYG69GCY,2025-06-30T22:55:01.711744655Z,01JZ1G4D5N3JRDG8TQNFBZX41Z,2025-06-30T22:55:01.711744655Z,01JZ1GJGD6SKHW85EK3871CKY5,2025-06-30T22:55:01.711744655Z
01JZ182GW9JQ0MPJS8CPEPDBBP,01JZ170DPRHYGRH6M74WMGZ8J5,2025-06-30T20:22:20.809101808Z,01JZ170DS9MMA8EZAVKYS5SMHX,2025-06-30T20:22:20.809101808Z,01JZ17AZS6YB2WPDVY4NDQYYNC,2025-06-30T20:22:20.809101808Z,01JZ17TR5WS052RB5963SEQK02,2025-06-30T20:22:20.809101808Z
01JZ18YDQ98WSNJ8A1X5QS8D3C,01JZ18G4TN4FH7205KTQTFE7PM,2025-06-30T20:37:35.081333502Z,01JZ18G4X5EPR69QT64DVYQXFJ,2025-06-30T20:37:35.081333502Z,01JZ18KH2AEBXEHK9D1GSN56XX,2025-06-30T20:37:35.081333502Z,01JZ18PAQPXAB9KP38CAA042W4,2025-06-30T20:37:35.081333502Z
01JZ190BYAJAC8RNYCY5FMK8J2,01JZ18G4TN4FH7205KTQTFE7PM,2025-06-30T20:38:38.794982304Z,01JZ18G4WPK6V9JKZAVKNYS3NB,2025-06-30T20:38:38.794982304Z,01JZ18M2HA1EB5SFB14JH49GDB,2025-06-30T20:38:38.794982304Z,01JZ18RRASEVE9RRSH50SEW5V6,2025-06-30T20:38:38.794982304Z
01JZ1BD747ND85BNZN9R5QQSDG,01JZ1B1VZ9TM9N3252XVVAH9DZ,2025-06-30T21:20:36.99914989Z,01JZ1B1W2WT8MR9NJ7RDDSFH2M,2025-06-30T21:20:36.99914989Z,01JZ1B40FQ24C0Z8EC9VKSS7KY,2025-06-30T21:20:36.99914989Z,01JZ1BD3WQZQC101K8A6FPPJ19,2025-06-30T21:20:36.99914989Z
01JZ1DCRMK8B5BRFQ6E1NYJNZ6,01JZ1D0RX94M7HHBAJDNGV8QRS,2025-06-30T21:55:19.31514706Z,01JZ1D0S14X3T6948SDJVF454K,2025-06-30T21:55:19.31514706Z,01JZ1D8RW634M5KPJ3DDHQYDRD,2025-06-30T21:55:19.31514706Z,01JZ1DCMMVE34S81XF4MAEYBQN,2025-06-30T21:55:19.31514706Z
01JZ1FA6WTKYTT6Q76HKNB2350,01JZ1E916HBESJXS5SJ82BFZ21,2025-06-30T22:28:52.762416168Z,01JZ1E91Q18GQE49C0XSDVMF75,2025-06-30T22:28:52.762416168Z,01JZ1EKW5BGVN2WN0MZV6XE5EZ,2025-06-30T22:28:52.762416168Z,01JZ1F2J935JRBEA3AYQ9DM75Z,2025-06-30T22:28:52.762416168Z
01JZ17HP6BZ4PGHQ4N6RZEPHFW,01JZ170DPRHYGRH6M74WMGZ8J5,2025-06-30T20:13:09.195513523Z,01JZ170DS8YWG03GZVY59N3JD0,2025-06-30T20:13:09.195513523Z,01JZ17AFTYKZ447G4RP003MK6R,2025-06-30T20:13:09.195513523Z,01JZ17HNMC395BYG9QN2MAW1BJ,2025-06-30T20:13:09.195513523Z
01JZ17SK3V3KDH51T56W87AMGB,01JZ170DPRHYGRH6M74WMGZ8J5,2025-06-30T20:17:28.187113862Z,01JZ170DS32PJY8CQRMADJXFRG,2025-06-30T20:17:28.187113862Z,01JZ175Y8VG4DR6PWWKYJ4RHG5,2025-06-30T20:17:28.187113862Z,01JZ17HJY5Q3PQ3SGQ81QN303W,2025-06-30T20:17:28.187113862Z
01JZ17TTBMF0TEECNDEPJSWK01,01JZ170DPRHYGRH6M74WMGZ8J5,2025-06-30T20:18:08.372411253Z,01JZ170DS9MMA8EZAVKYS5SMHX,2025-06-30T20:18:08.372411253Z,01JZ17S6ZC1ZB5QAG0E0350NSD,2025-06-30T20:18:08.372411253Z,01JZ17TR81NXXTTPKTD9H5FET9,2025-06-30T20:18:08.372411253Z
01JZ191RB0DEGF46P4JMRTZPX8,01JZ18G4TN4FH7205KTQTFE7PM,2025-06-30T20:39:24.256060477Z,01JZ18G508W9SSEDAT6B79GZND,2025-06-30T20:39:24.256060477Z,01JZ18J46H2273JNNKGGW4JXM3,2025-06-30T20:39:24.256060477Z,01JZ18STF1YM3N28QT3VD2MWJ6,2025-06-30T20:39:24.256060477Z
01JZ18QQ7JXEYM1WGVTM011B57,01JZ18G4TN4FH7205KTQTFE7PM,2025-06-30T20:33:55.442782456Z,01JZ18G4ZPD0G0WRB3ZSNJ4KSW,2025-06-30T20:33:55.442782456Z,01JZ18KKFGMMT5SG9HSP332X5F,2025-06-30T20:33:55.442782456Z,01JZ18QMC3ZA9P1743X1HXFWMC,2025-06-30T20:33:55.442782456Z
01JZ18Z3VV7J901T5HEZQWFNFA,01JZ18G4TN4FH7205KTQTFE7PM,2025-06-30T20:37:57.755183709Z,01JZ18G4ZPD0G0WRB3ZSNJ4KSW,2025-06-30T20:37:57.755183709Z,01JZ18JPR0CJ8HT66ZQ08VW9PH,2025-06-30T20:37:57.755183709Z,01JZ18QMCZ2XYW2ZQY93ZH56GP,2025-06-30T20:37:57.755183709Z
01JZ1EYTX20JEXA17EDCHTEEE8,01JZ1E916HBESJXS5SJ82BFZ21,2025-06-30T22:22:40.034781455Z,01JZ1E91MDHZVF6NVBEDDVGZWT,2025-06-30T22:22:40.034781455Z,01JZ1EV2QBA0A51FSNHWZDJC5Q,2025-06-30T22:22:40.034781455Z,01JZ1EWVQ3C0P2AKJ3GFKFG7H9,2025-06-30T22:22:40.034781455Z
01JZ17G5GZ8GN24VA2Q2VGG7BF,01JZ170DPRHYGRH6M74WMGZ8J5,2025-06-30T20:12:19.359668697Z,01JZ170DRRRWN613C5WJQ8B5Q6,2025-06-30T20:12:19.359668697Z,01JZ178SZSEG7MZD5W906ME19S,2025-06-30T20:12:19.359668697Z,01JZ17G526V3QE34K6X6V2S8DM,2025-06-30T20:12:19.359668697Z
01JZ17HKF4KCZTG1P5QB0W3850,01JZ170DPRHYGRH6M74WMGZ8J5,2025-06-30T20:13:06.404911591Z,01JZ170DS32PJY8CQRMADJXFRG,2025-06-30T20:13:06.404911591Z,01JZ17E843W70EAJQAQ7A43HFS,2025-06-30T20:13:06.404911591Z,01JZ17HJYFQV3K1KSV87NRHNJ3,2025-06-30T20:13:06.404911591Z
01JZ17KHCPGKV6VRXK92VPYAX6,01JZ170DPRHYGRH6M74WMGZ8J5,2025-06-30T20:14:09.814529958Z,01JZ170DS8YWG03GZVY59N3JD0,2025-06-30T20:14:09.814529958Z,01JZ17B25HMB9SR7CZAG7VDDNC,2025-06-30T20:14:09.814529958Z,01JZ17HNMQAAW5HV1NJ3KN0TDP,2025-06-30T20:14:09.814529958Z
01JZ17T74RTFYC4ZTH65S1QFQD,01JZ170DPRHYGRH6M74WMGZ8J5,2025-06-30T20:17:48.696854495Z,01JZ170DRQN15452AYS561M232,2025-06-30T20:17:48.696854495Z,01JZ17QY7AVGGNKHH7ZM5STBVV,2025-06-30T20:17:48.696854495Z,01JZ17RBCT038Y8QAFS6F67QDM,2025-06-30T20:17:48.696854495Z
01JZ1BJFPX1WDRRDQQW1YPSXKC,01JZ1B1VZ9TM9N3252XVVAH9DZ,2025-06-30T21:23:29.629984101Z,01JZ1B1W6S117BH8HCA7NH9R7E,2025-06-30T21:23:29.629984101Z,01JZ1B7296HT4QZTVSQ7DGFCMT,2025-06-30T21:23:29.629984101Z,01JZ1BAHERRJG5Y4NQ430CHJGP,2025-06-30T21:23:29.629984101Z
01JZ1DMV9R6699VRRYQZNQYCE8,01JZ1D0RX94M7HHBAJDNGV8QRS,2025-06-30T21:59:44.18419615Z,01JZ1D0S14X3T6948SDJVF454K,2025-06-30T21:59:44.18419615Z,01JZ1D4SCYXBMNQ70R3B47BMPE,2025-06-30T21:59:44.18419615Z,01JZ1DCMRJJ169TVNGDT370T2P,2025-06-30T21:59:44.18419615Z
01JZ1GP1JRF41DDRVATA68F6VB,01JZ1G29Q82GQAKEXSK2E7NK3R,2025-06-30T22:52:49.112858499Z,01JZ1G2A6YM039KVE3FBKDN5TM,2025-06-30T22:52:49.112858499Z,01JZ1G5Y4DKCPQ2K5FM2F479YF,2025-06-30T22:52:49.112858499Z,01JZ1GDRVTRVBNPQ0V4C3E11WJ,2025-06-30T22:52:49.112858499Z
01JZ17QWT1G0P47E6495NH0NJD,01JZ170DPRHYGRH6M74WMGZ8J5,2025-06-30T20:16:32.577462326Z,01JZ170DRSFZ9Y16965WN1Z2F9,2025-06-30T20:16:32.577462326Z,01JZ17971DQBZCGDTGNY2JH6QQ,2025-06-30T20:16:32.577462326Z,01JZ17G70EF8S99NVNWP5G0YQ4,2025-06-30T20:16:32.577462326Z
01JZ18SXSVANNXW7JAKA39JRCS,01JZ18G4TN4FH7205KTQTFE7PM,2025-06-30T20:35:07.707605624Z,01JZ18G508W9SSEDAT6B79GZND,2025-06-30T20:35:07.707605624Z,01JZ18JE7QR9RF8E7B9MDMMGE2,2025-06-30T20:35:07.707605624Z,01JZ18STB8HB9DV2CVT0ZSHGAA,2025-06-30T20:35:07.707605624Z
01JZ1GWAG4YDWBHCYKJ9RW5PDF,01JZ1G29Q82GQAKEXSK2E7NK3R,2025-06-30T22:56:14.852591239Z,01JZ1G2A9825Q9R0AFVXQNTR63,2025-06-30T22:56:14.852591239Z,01JZ1G9AHDKJRVSD4NGC2SYHDN,2025-06-30T22:56:14.852591239Z,01JZ1GKM5YC66NJV5SWE394KDW,2025-06-30T22:56:14.852591239Z
01JZ1GWC5WFBF0ZWW7F0GQR771,01JZ1G29Q82GQAKEXSK2E7NK3R,2025-06-30T22:56:16.572471537Z,01JZ1G29XRNS92G9JYEX4H033M,2025-06-30T22:56:16.572471537Z,01JZ1GGT9KDQPYVBYTSYY1MHFW,2025-06-30T22:56:16.572471537Z,01JZ1GM6DB22EFXGY7Q9EF30Y5,2025-06-30T22:56:16.572471537Z
01JZ17X69T3QT4Z124FXWV0V8X,01JZ170DPRHYGRH6M74WMGZ8J5,2025-06-30T20:19:26.138459809Z,01JZ170DS0283SZNEN95XAWWS4,2025-06-30T20:19:26.138459809Z,01JZ174WHQCMCA8133PA37NAKC,2025-06-30T20:19:26.138459809Z,01JZ17NT7EMFQXG1J8BV4ZA47S,2025-06-30T20:19:26.138459809Z
01JZ1GT35XJP61RT3PHRW4EGXT,01JZ1G29Q82GQAKEXSK2E7NK3R,2025-06-30T22:55:01.82122343Z,01JZ1G2ACHC2PPHGNQVYG69GCY,2025-06-30T22:55:01.82122343Z,01JZ1GHHR8Y5813M82KVZRR659,2025-06-30T22:55:01.82122343Z,01JZ1GJGD6SKHW85EK3871CKY5,2025-06-30T22:55:01.82122343Z
01JZ17SJPXMQQZ3AS0YSQS2FAF,01JZ170DPRHYGRH6M74WMGZ8J5,2025-06-30T20:17:27.773629923Z,01JZ170DS434CCJM920VN081CV,2025-06-30T20:17:27.773629923Z,01JZ17DF0FPMATGYC1VKMVTRWC,2025-06-30T20:17:27.773629923Z,01JZ17HX12C9Q5A1V342FH26JF,2025-06-30T20:17:27.773629923Z
01JZ18NSFYDGTQBRCR4KB5D569,01JZ18G4TN4FH7205KTQTFE7PM,2025-06-30T20:32:52.222670211Z,01JZ18G4ZDA13FR053ZT1R1FPF,2025-06-30T20:32:52.222670211Z,01JZ18HGW0W96RSNBB49GQ9E8B,2025-06-30T20:32:52.222670211Z,01JZ18NR5AG219ZPCM6XMBS475,2025-06-30T20:32:52.222670211Z
01JZ1BH7Z787ENRD6691C68KA7,01JZ1B1VZ9TM9N3252XVVAH9DZ,2025-06-30T21:22:48.935545583Z,01JZ1B1W68Y1JCNSRHTZJR0WTB,2025-06-30T21:22:48.935545583Z,01JZ1B483R9XXNDJ9MZBRK2ZQ1,2025-06-30T21:22:48.935545583Z,01JZ1BH43TCR207W6QA0XHTRSW,2025-06-30T21:22:48.935545583Z
01JZ1AGB7S4SY3Y00FTA0VQ9WJ,01JZ19VEXCKVX740B60X4W6PQN,2025-06-30T21:04:50.937245906Z,01JZ19VF9WCS5BMDRCPXZK6ZBF,2025-06-30T21:04:50.937245906Z,01JZ19XKK2V5414G0ST34MPS62,2025-06-30T21:04:50.937245906Z,01JZ1A8RSRN8NWX633AN587X7F,2025-06-30T21:04:50.937245906Z
01JZ1DT0Y973QK11DFE1Y4TDRR,01JZ1D0RX94M7HHBAJDNGV8QRS,2025-06-30T22:02:33.801255501Z,01JZ1D0S3N2D9DCG3EHS8AP4R1,2025-06-30T22:02:33.801255501Z,01JZ1DEB7GHZ5ZQY0VZXEDKFR1,2025-06-30T22:02:33.801255501Z,01JZ1DJBDTNACWNJN067YDS3Z6,2025-06-30T22:02:33.801255501Z
01JZ18Z3XZ2Z2XS4T72GW44EWR,01JZ18G4TN4FH7205KTQTFE7PM,2025-06-30T20:37:57.823208174Z,01JZ18G4ZPD0G0WRB3ZSNJ4KSW,2025-06-30T20:37:57.823208174Z,01JZ18KKFGMMT5SG9HSP332X5F,2025-06-30T20:37:57.823208174Z,01JZ18QMCZ2XYW2ZQY93ZH56GP,2025-06-30T20:37:57.823208174Z
01JZ190S9M97AQ0ZXHJ01DSHDP,01JZ18G4TN4FH7205KTQTFE7PM,2025-06-30T20:38:52.468801947Z,01JZ18G4XMK5QHE5YNTR43VZ9V,2025-06-30T20:38:52.468801947Z,01JZ18J9W8KMP67K3HENBC0CVQ,2025-06-30T20:38:52.468801947Z,01JZ18RP91GEW9EVAQBZZAHXYV,2025-06-30T20:38:52.468801947Z
01JZ1CA2VN0YKW70750G8F3TPM,01JZ1BX7WQMA45G0E33EEHJ3V9,2025-06-30T21:36:22.901395771Z,01JZ1BX849RGFMRNF1WR9VXVPD,2025-06-30T21:36:22.901395771Z,01JZ1C6CTMT28Z0M14S1H6T07Y,2025-06-30T21:36:22.901395771Z,01JZ1C84QRBSNC4RE2W7FPW8JB,2025-06-30T21:36:22.901395771Z
01JZ190V13H1R4RK7SSSKWMZTZ,01JZ18G4TN4FH7205KTQTFE7PM,2025-06-30T20:38:54.243170203Z,01JZ18G4WPK6V9JKZAVKNYS3NB,2025-06-30T20:38:54.243170203Z,01JZ18M2HA1EB5SFB14JH49GDB,2025-06-30T20:38:54.243170203Z,01JZ18RRA89V0ND20E0G84EPSM,2025-06-30T20:38:54.243170203Z
01JZ1916EHJ1WF88H3KTXKQC4Z,01JZ18G4TN4FH7205KTQTFE7PM,2025-06-30T20:39:05.937647951Z,01JZ18G4XMK5QHE5YNTR43VZ9V,2025-06-30T20:39:05.937647951Z,01JZ18JXMPKC16YBJ9SWX6E74P,2025-06-30T20:39:05.937647951Z,01JZ18RP9ZDBJKMBBTW600ZPPV,2025-06-30T20:39:05.937647951Z
01JZ1AJZDH1G1DZQM1ANMJWNHM,01JZ19VEXCKVX740B60X4W6PQN,2025-06-30T21:06:17.13755073Z,01JZ19VF5YA4VZJRJDVJVY1XBY,2025-06-30T21:06:17.13755073Z,01JZ1A4C7ZG2R9MAMN2NVT495T,2025-06-30T21:06:17.13755073Z,01JZ1AAQZXK1M56S8S8ENY419V,2025-06-30T21:06:17.13755073Z
01JZ18RQW7FK22XC5C4RAPGBTS,01JZ18G4TN4FH7205KTQTFE7PM,2025-06-30T20:34:28.87112202Z,01JZ18G4XMK5QHE5YNTR43VZ9V,2025-06-30T20:34:28.87112202Z,01JZ18JG8638DXN8F3WDEPTJAB,2025-06-30T20:34:28.87112202Z,01JZ18RP7K0MQCXP7DDG2EV4WD,2025-06-30T20:34:28.87112202Z
01JZ18SSENKRZZV4AQ1AZYXX0K,01JZ18G4TN4FH7205KTQTFE7PM,2025-06-30T20:35:03.253095136Z,01JZ18G4YK3PSP6R2PNWBA4P8S,2025-06-30T20:35:03.253095136Z,01JZ18HYEVQSC277Q1HCSHCSWE,2025-06-30T20:35:03.253095136Z,01JZ18QWBAHK4T4H0VEYDTYNA4,2025-06-30T20:35:03.253095136Z
01JZ19FZMHWWSWAPPD4Y4R812H,01JZ18R9CHSHJ2BAJZ4M4PAW2X,2025-06-30T20:47:10.481846515Z,01JZ18RA3DBE17YR6D8FEXRWFY,2025-06-30T20:47:10.481846515Z,01JZ18YGCJT7GPM1GCH83ZG2E6,2025-06-30T20:47:10.481846515Z,01JZ197W1Q8Y87S3QNNPH4WR2N,2025-06-30T20:47:10.481846515Z
01JZ1GNBFYDQGPZQJBSA439JNK,01JZ1G29Q82GQAKEXSK2E7NK3R,2025-06-30T22:52:26.494439158Z,01JZ1G2A6YM039KVE3FBKDN5TM,2025-06-30T22:52:26.494439158Z,01JZ1G5Y4DKCPQ2K5FM2F479YF,2025-06-30T22:52:26.494439158Z,01JZ1GDRXST33ZMHTRENHC2BZ7,2025-06-30T22:52:26.494439158Z
01JZ17WB8ZBYPD0CXD7NNV67VK,01JZ170DPRHYGRH6M74WMGZ8J5,2025-06-30T20:18:58.463398339Z,01JZ170DSMJZPS89ZBMFZ7ATK7,2025-06-30T20:18:58.463398339Z,01JZ17DZ6QV2B73JE2W9M5K3SC,2025-06-30T20:18:58.463398339Z,01JZ17MYEAFDF08CXGPM4NR36C,2025-06-30T20:18:58.463398339Z
01JZ17X4RPSXACP8VAJN29W6WH,01JZ170DPRHYGRH6M74WMGZ8J5,2025-06-30T20:19:24.56694698Z,01JZ170DSXXMDA003X79NFA4N0,2025-06-30T20:19:24.56694698Z,01JZ17DZPC160FQJMAZ5KCFYDP,2025-06-30T20:19:24.56694698Z,01JZ17NRRR088W52FGBGCTETBE,2025-06-30T20:19:24.56694698Z
01JZ1AAGJ1MXDTGEWSQRZHBBW5,01JZ19VEXCKVX740B60X4W6PQN,2025-06-30T21:01:39.777532931Z,01JZ19VF1X4TGM9HTAVFF08YB3,2025-06-30T21:01:39.777532931Z,01JZ19YP19TRXJV609GHDS9029,2025-06-30T21:01:39.777532931Z,01JZ1A31TDZKWTX3G3H9PC4RBE,2025-06-30T21:01:39.777532931Z
01JZ1CJED5BS8JXX03JVHKJ1BB,01JZ1BX7WQMA45G0E33EEHJ3V9,2025-06-30T21:40:56.869108562Z,01JZ1BX82RNFGPPA94NES9507T,2025-06-30T21:40:56.869108562Z,01JZ1C8ESVRXKY79BT9BNGMME4,2025-06-30T21:40:56.869108562Z,01JZ1CAKWP0H743BZGYZ5DSNCH,2025-06-30T21:40:56.869108562Z
01JZ1DFMAEQGM16CJQ2GXTBFP6,01JZ1D0RX94M7HHBAJDNGV8QRS,2025-06-30T21:56:53.198933673Z,01JZ1D0S2S8SEBXETFQJSTGM5V,2025-06-30T21:56:53.198933673Z,01JZ1D322QVYNT268ZSCN1M2TD,2025-06-30T21:56:53.198933673Z,01JZ1D783SKDB58PW2W9ZDSBMC,2025-06-30T21:56:53.198933673Z
01JZ1F22MJH1XNXJW4KBKVDGB3,01JZ1E916HBESJXS5SJ82BFZ21,2025-06-30T22:24:26.258304974Z,01JZ1E926BWK6TV1HDSC3ZQW4Y,2025-06-30T22:24:26.258304974Z,01JZ1EARCRST2HDXDY98Q0AYJ8,2025-06-30T22:24:26.258304974Z,01JZ1ESTC5N6XHQX0KKB726B2X,2025-06-30T22:24:26.258304974Z
01JZ17KRAGA3F9BGW7F56T63JV,01JZ170DPRHYGRH6M74WMGZ8J5,2025-06-30T20:14:16.912298223Z,01JZ170DS434CCJM920VN081CV,2025-06-30T20:14:16.912298223Z,01JZ17DF0FPMATGYC1VKMVTRWC,2025-06-30T20:14:16.912298223Z,01JZ17HX0ZXKJ4A0TXNHXA38XE,2025-06-30T20:14:16.912298223Z
01JZ18QQ5JPSJN8NWSSF7V6W8W,01JZ18G4TN4FH7205KTQTFE7PM,2025-06-30T20:33:55.378916207Z,01JZ18G4ZPD0G0WRB3ZSNJ4KSW,2025-06-30T20:33:55.378916207Z,01JZ18HWWK8B66EBMNQPXM1R3H,2025-06-30T20:33:55.378916207Z,01JZ18QMC3ZA9P1743X1HXFWMC,2025-06-30T20:33:55.378916207Z
01JZ199SXXD1JNZ7V1T32Z3RGD,01JZ18R9CHSHJ2BAJZ4M4PAW2X,2025-06-30T20:43:48.02985189Z,01JZ18RA3DBE17YR6D8FEXRWFY,2025-06-30T20:43:48.02985189Z,01JZ195RS4X3R0XZXASS7J2F2G,2025-06-30T20:43:48.02985189Z,01JZ197VZQZ3W28DZHMN5K9CXH,2025-06-30T20:43:48.02985189Z
01JZ1AQDYM1RKT4ND6VE82D5YH,01JZ19VEXCKVX740B60X4W6PQN,2025-06-30T21:08:43.092359304Z,01JZ19VF4XXDC5SP97SM18G8VM,2025-06-30T21:08:43.092359304Z,01JZ1AHC0761QMCW1DPTW1G44R,2025-06-30T21:08:43.092359304Z,01JZ1AQBF58925C38R5NVE04TV,2025-06-30T21:08:43.092359304Z
01JZ1BRPT3P7RD322GJ5RGCM9E,01JZ1B1VZ9TM9N3252XVVAH9DZ,2025-06-30T21:26:53.507498112Z,01JZ1B1W68Y1JCNSRHTZJR0WTB,2025-06-30T21:26:53.507498112Z,01JZ1BEDAMJRCNYC6ZRWR4EWKQ,2025-06-30T21:26:53.507498112Z,01JZ1BH47FKGJXT98P27XT8FV5,2025-06-30T21:26:53.507498112Z
01JZ17NTZHY2K41AYD90WSGPTN,01JZ170DPRHYGRH6M74WMGZ8J5,2025-06-30T20:15:25.16991727Z,01JZ170DS0283SZNEN95XAWWS4,2025-06-30T20:15:25.16991727Z,01JZ174WHQCMCA8133PA37NAKC,2025-06-30T20:15:25.16991727Z,01JZ17NT644PA1MKM9DXCD13F1,2025-06-30T20:15:25.16991727Z
01JZ17RC9JE3GPB2CNS3729R49,01JZ170DPRHYGRH6M74WMGZ8J5,2025-06-30T20:16:48.434148205Z,01JZ170DRQN15452AYS561M232,2025-06-30T20:16:48.434148205Z,01JZ17EC9TCGFEVCEX7CCFP6AJ,2025-06-30T20:16:48.434148205Z,01JZ17RBBXJNB1SM787WX1GG11,2025-06-30T20:16:48.434148205Z
01JZ19FB6GDA8A04AN49AYX8WR,01JZ18R9CHSHJ2BAJZ4M4PAW2X,2025-06-30T20:46:49.552472149Z,01JZ18RA3DBE17YR6D8FEXRWFY,2025-06-30T20:46:49.552472149Z,01JZ18YGCJT7GPM1GCH83ZG2E6,2025-06-30T20:46:49.552472149Z,01JZ197W0CRT1QRT68SVS12ZFW,2025-06-30T20:46:49.552472149Z
01JZ1AJ9E1QW9M4NT7C6Y51SAV,01JZ19VEXCKVX740B60X4W6PQN,2025-06-30T21:05:54.625903115Z,01JZ19VF5YA4VZJRJDVJVY1XBY,2025-06-30T21:05:54.625903115Z,01JZ1A4C7ZG2R9MAMN2NVT495T,2025-06-30T21:05:54.625903115Z,01JZ1AAR2NPD6QV68SPHG41X06,2025-06-30T21:05:54.625903115Z
01JZ1AS9MPHHQKVWEHZ6195260,01JZ19VEXCKVX740B60X4W6PQN,2025-06-30T21:09:44.214922681Z,01JZ19VF4XXDC5SP97SM18G8VM,2025-06-30T21:09:44.214922681Z,01JZ1AHC0761QMCW1DPTW1G44R,2025-06-30T21:09:44.214922681Z,01JZ1AQBFWFCVDGCRFV7SS6AMN,2025-06-30T21:09:44.214922681Z
01JZ1FA159Q43C3RAESM1BTRJ8,01JZ1E916HBESJXS5SJ82BFZ21,2025-06-30T22:28:46.889467987Z,01JZ1E923XSJ5V9JGGJQR2CG7M,2025-06-30T22:28:46.889467987Z,01JZ1EF4VM7JABTTZNP94E67E7,2025-06-30T22:28:46.889467987Z,01JZ1F28T85SAXJTEPCXG1SEJH,2025-06-30T22:28:46.889467987Z
01JZ17RJ71JPAACBA97CARAJY4,01JZ170DPRHYGRH6M74WMGZ8J5,2025-06-30T20:16:54.497381554Z,01JZ170DRV33K8D9D9ZMQKAW2D,2025-06-30T20:16:54.497381554Z,01JZ17PJ3VDZQD3TEH95CF73QJ,2025-06-30T20:16:54.497381554Z,01JZ17PPGX7JSSK85PVP6H7NR4,2025-06-30T20:16:54.497381554Z
01JZ17WZRDCNKV0D18WQTPX4CH,01JZ170DPRHYGRH6M74WMGZ8J5,2025-06-30T20:19:19.437670781Z,01JZ170DSMJZPS89ZBMFZ7ATK7,2025-06-30T20:19:19.437670781Z,01JZ178V1SBS1YEEZCW5R3AAJF,2025-06-30T20:19:19.437670781Z,01JZ17MYEHBQM2VDSAQZ2CF179,2025-06-30T20:19:19.437670781Z
01JZ18RY6MAYQJJ2K0FVWFEDWN,01JZ18G4TN4FH7205KTQTFE7PM,2025-06-30T20:34:35.349027736Z,01JZ18G4YA2XRQ9RK4RH5WQB1P,2025-06-30T20:34:35.349027736Z,01JZ18MZ9CEYXM1F4JSENNJ9RA,2025-06-30T20:34:35.349027736Z,01JZ18Q1RFWF1SPY79863HPKYC,2025-06-30T20:34:35.349027736Z
01JZ1BD7915NNR4R6EQD65PVZZ,01JZ1B1VZ9TM9N3252XVVAH9DZ,2025-06-30T21:20:37.153252484Z,01JZ1B1W2WT8MR9NJ7RDDSFH2M,2025-06-30T21:20:37.153252484Z,01JZ1B4FWCV3S3JF90184ADC3A,2025-06-30T21:20:37.153252484Z,01JZ1BD3WQZQC101K8A6FPPJ19,2025-06-30T21:20:37.153252484Z
01JZ17SBWGTWS626DJB5YMY59D,01JZ170DPRHYGRH6M74WMGZ8J5,2025-06-30T20:17:20.78448405Z,01JZ170DS8YWG03GZVY59N3JD0,2025-06-30T20:17:20.78448405Z,01JZ17AFTYKZ447G4RP003MK6R,2025-06-30T20:17:20.78448405Z,01JZ17HNMFBJ73AV6PBJ6E0ZQ5,2025-06-30T20:17:20.78448405Z
01JZ18RKMAWBW4ZN5Y2MEPFXAE,01JZ18G4TN4FH7205KTQTFE7PM,2025-06-30T20:34:24.522989696Z,01JZ18G4Y1ABZPJ815NAWEN19T,2025-06-30T20:34:24.522989696Z,01JZ18KZMETYG3YXGETN6WS81Q,2025-06-30T20:34:24.522989696Z,01JZ18PMF1481YNW4VF038RS60,2025-06-30T20:34:24.522989696Z
01JZ1AJMBT4W7H3X7PVBT4NKYV,01JZ19VEXCKVX740B60X4W6PQN,2025-06-30T21:06:05.81888255Z,01JZ19VF5YA4VZJRJDVJVY1XBY,2025-06-30T21:06:05.81888255Z,01JZ19Y068YTBSDNPDANA6K38M,2025-06-30T21:06:05.81888255Z,01JZ1AAR25HY3X5YXR8EKP4ZNT,2025-06-30T21:06:05.81888255Z
01JZ17J8NZDPVXE50KPEQYJHGR,01JZ170DPRHYGRH6M74WMGZ8J5,2025-06-30T20:13:28.127461155Z,01JZ170DSTXK5Z1DV671606E6A,2025-06-30T20:13:28.127461155Z,01JZ17BSA5GQ3JXNB68EA97BX0,2025-06-30T20:13:28.127461155Z,01JZ17J857XXAY88RJQ7RDXDN1,2025-06-30T20:13:28.127461155Z
01JZ18VS03P9SDS8JPVH3WTTXE,01JZ18G4TN4FH7205KTQTFE7PM,2025-06-30T20:36:08.323411874Z,01JZ18G508W9SSEDAT6B79GZND,2025-06-30T20:36:08.323411874Z,01JZ18M2SFWFRTRVV46KHVE0JB,2025-06-30T20:36:08.323411874Z,01JZ18STHY2VTQFD4CXMK2KF14,2025-06-30T20:36:08.323411874Z
01JZ18Y0ZQFTQEYYJMQYZW9Y5T,01JZ18G4TN4FH7205KTQTFE7PM,2025-06-30T20:37:22.039760421Z,01JZ18G50PJASP911XB82AW46K,2025-06-30T20:37:22.039760421Z,01JZ18KJE91G49FF99NPC5VF6Y,2025-06-30T20:37:22.039760421Z,01JZ18P6NBJ7Z652WDFV9M7NT4,2025-06-30T20:37:22.039760421Z
01JZ1CPA91HEEKW3BVNKB8FMEW,01JZ1C4XJFQQ45ZHGATAXVBX0J,2025-06-30T21:43:03.713370692Z,01JZ1C4XNE4VHGMR9JDZS6Y7F9,2025-06-30T21:43:03.713370692Z,01JZ1CB9F4KXDQP2PHJCZHP1QC,2025-06-30T21:43:03.713370692Z,01JZ1CM9MH9FR8B6ZK0QM2XBF8,2025-06-30T21:43:03.713370692Z
01JZ1DSFRTKYZJZ5XGFK1M981M,01JZ1D0RX94M7HHBAJDNGV8QRS,2025-06-30T22:02:16.218920175Z,01JZ1D0S4EMT97ECKQ06X1ZWAX,2025-06-30T22:02:16.218920175Z,01JZ1DCFS2MSEF81EKXGM05M99,2025-06-30T22:02:16.218920175Z,01JZ1DHWHN1GY9FT52VYW8NJ46,2025-06-30T22:02:16.218920175Z
01JZ1DSTK0PXQX294PX8KYARF6,01JZ1D0RX94M7HHBAJDNGV8QRS,2025-06-30T22:02:27.296970631Z,01JZ1D0S4EMT97ECKQ06X1ZWAX,2025-06-30T22:02:27.296970631Z,01JZ1DAGGXK4R30KWG4J61A22A,2025-06-30T22:02:27.296970631Z,01JZ1DHWJYP9QBXPBB3XWNBRC8,2025-06-30T22:02:27.296970631Z
01JZ18RY5YJP7NYYWST0RE64E8,01JZ18G4TN4FH7205KTQTFE7PM,2025-06-30T20:34:35.326471965Z,01JZ18G4YA2XRQ9RK4RH5WQB1P,2025-06-30T20:34:35.326471965Z,01JZ18J306MV90AN3KDTPG10SX,2025-06-30T20:34:35.326471965Z,01JZ18Q1RFWF1SPY79863HPKYC,2025-06-30T20:34:35.326471965Z
01JZ190050SAP967HQ3PZD0BZF,01JZ18G4TN4FH7205KTQTFE7PM,2025-06-30T20:38:26.720554271Z,01JZ18G50G0GKPPCFSW2N0ZNW1,2025-06-30T20:38:26.720554271Z,01JZ18MW05S42NZ47MWBQC7P11,2025-06-30T20:38:26.720554271Z,01JZ18RHGXJHBRSARA96JJK9J9,2025-06-30T20:38:26.720554271Z
01JZ191HWPX17XMFPFEKBEFSYD,01JZ18G4TN4FH7205KTQTFE7PM,2025-06-30T20:39:17.654758932Z,01JZ18G4Z7SR18DC8PDBR22HS5,2025-06-30T20:39:17.654758932Z,01JZ18HPXJ4G52DBV1JHKTXZPH,2025-06-30T20:39:17.654758932Z,01JZ18S8XBR7NPBNNX8H3R06YJ,2025-06-30T20:39:17.654758932Z
01JZ1BF2PTNK1FPRD8H5JSWTSP,01JZ1B1VZ9TM9N3252XVVAH9DZ,2025-06-30T21:21:38.01034252Z,01JZ1B1W2WT8MR9NJ7RDDSFH2M,2025-06-30T21:21:38.01034252Z,01JZ1B4FWCV3S3JF90184ADC3A,2025-06-30T21:21:38.01034252Z,01JZ1BD3Y8NHHCFXCV7WB08PE6,2025-06-30T21:21:38.01034252Z
01JZ17MA31337DHXWQCZ9KCHG7,01JZ170DPRHYGRH6M74WMGZ8J5,2025-06-30T20:14:35.105266934Z,01JZ170DSR5F2SARFX61BD5BFD,2025-06-30T20:14:35.105266934Z,01JZ17D6932YKNNSWD1JMYAKKF,2025-06-30T20:14:35.105266934Z,01JZ17M8SKNJW5A4Z1S33P0E3X,2025-06-30T20:14:35.105266934Z
01JZ17MFFTEA6K35ARP9NEXJHA,01JZ170DPRHYGRH6M74WMGZ8J5,2025-06-30T20:14:40.634747188Z,01JZ170DS434CCJM920K0JDY80,2025-06-30T20:14:40.634747188Z,01JZ17AA6B6W27BR52VPQ8MSYM,2025-06-30T20:14:40.634747188Z,01JZ17MES4H49TCFWXHCBDV2WP,2025-06-30T20:14:40.634747188Z
01JZ1BX6R02PJJ8WFRV3TJRC5Y,01JZ1B1VZ9TM9N3252XVVAH9DZ,2025-06-30T21:29:20.89617856Z,01JZ1B1W5TAZ0C76DBH0ZAEY5X,2025-06-30T21:29:20.89617856Z,01JZ1B3WZ5Q8VM6YQPSTYC2J5Y,2025-06-30T21:29:20.89617856Z,01JZ1BNNH562Q854YV4P9FQ9JA,2025-06-30T21:29:20.89617856Z
01JZ1DG44YNPS6M3N4TGB1FCRQ,01JZ1D0RX94M7HHBAJDNGV8QRS,2025-06-30T21:57:09.40625303Z,01JZ1D0S064NT759Q480WCA8PK,2025-06-30T21:57:09.40625303Z,01JZ1DEJMJQ3008TVKPGG206S9,2025-06-30T21:57:09.40625303Z,01JZ1DFXC24EESH7ZRD8X7590G,2025-06-30T21:57:09.40625303Z
01JZ1DRD0PQ4WGM6TFW4P49XDF,01JZ1D0RX94M7HHBAJDNGV8QRS,2025-06-30T22:01:40.630885435Z,01JZ1D0S064NT759Q480WCA8PK,2025-06-30T22:01:40.630885435Z,01JZ1D7QQ9A97C7JTBZNPKRB8Y,2025-06-30T22:01:40.630885435Z,01JZ1DFY0TW20TYJC4JJ0ZH1P8,2025-06-30T22:01:40.630885435Z
01JZ17NSJN4HCSKTN49KWBXFN6,01JZ170DPRHYGRH6M74WMGZ8J5,2025-06-30T20:15:23.733880189Z,01JZ170DSXXMDA003X79NFA4N0,2025-06-30T20:15:23.733880189Z,01JZ17G2CQ2WMWNSJEQJ6XDN5X,2025-06-30T20:15:23.733880189Z,01JZ17NRRNJAESN764PNSNC899,2025-06-30T20:15:23.733880189Z
01JZ180V6Z9TWRD657T3G97ZZ1,01JZ170DPRHYGRH6M74WMGZ8J5,2025-06-30T20:21:25.85549105Z,01JZ170DSP5HFMBRZWFQV8RFVC,2025-06-30T20:21:25.85549105Z,01JZ17BG508D1SYGKCV9ECDV4F,2025-06-30T20:21:25.85549105Z,01JZ17RSJJTRQ3PSBCBXKXE637,2025-06-30T20:21:25.85549105Z
01JZ1CFMAVKK421PERTBM0A0QN,01JZ1BX7WQMA45G0E33EEHJ3V9,2025-06-30T21:39:24.635286093Z,01JZ1BX849RGFMRNF1WR9VXVPD,2025-06-30T21:39:24.635286093Z,01JZ1C4P0YN4P4R63ZN9FPE2D4,2025-06-30T21:39:24.635286093Z,01JZ1C84PWB89K54MZ4M1J77C7,2025-06-30T21:39:24.635286093Z
01JZ1F0EQW46CTM3VMG5W3JHA6,01JZ1E916HBESJXS5SJ82BFZ21,2025-06-30T22:23:33.116856002Z,01JZ1E91HHYKGR583PHV4V6JXR,2025-06-30T22:23:33.116856002Z,01JZ1EB79K0MG0B72T7KF449XB,2025-06-30T22:23:33.116856002Z,01JZ1ERV9TFSNXH7AMBAPNGSYN,2025-06-30T22:23:33.116856002Z
01JZ1FBVJ6A7QSK5Z14S9S42J9,01JZ1E916HBESJXS5SJ82BFZ21,2025-06-30T22:29:46.694709257Z,01JZ1E91SWVSXS6FK33QCMH9SP,2025-06-30T22:29:46.694709257Z,01JZ1EXKHZBZ5ENGWCGS2V70RX,2025-06-30T22:29:46.694709257Z,01JZ1F45JS6TFXTD2Q00PGG1NH,2025-06-30T22:29:46.694709257Z
01JZ17RE46R8K0A0CB5FMVD8HC,01JZ170DPRHYGRH6M74WMGZ8J5,2025-06-30T20:16:50.31047456Z,01JZ170DRXVGFVP20P8DK3M491,2025-06-30T20:16:50.31047456Z,01JZ17B2PHRTHG9KZ1P8A1158Q,2025-06-30T20:16:50.31047456Z,01JZ17H2JN1M16ZRE7JGQBPN5M,2025-06-30T20:16:50.31047456Z
01JZ18VS11KWM8VG9XFAZGYT0G,01JZ18G4TN4FH7205KTQTFE7PM,2025-06-30T20:36:08.353296522Z,01JZ18G508W9SSEDAT6B79GZND,2025-06-30T20:36:08.353296522Z,01JZ18JN66MX5CA0E4FYBV08Y2,2025-06-30T20:36:08.353296522Z,01JZ18STHY2VTQFD4CXMK2KF14,2025-06-30T20:36:08.353296522Z
01JZ192KWC5PDTWMTKN40SXPSW,01JZ18QHX9XGN83K6T42FK97D5,2025-06-30T20:39:52.460217383Z,01JZ18QHZ9KPT0XZ66BZ9ZB89K,2025-06-30T20:39:52.460217383Z,01JZ18SXQ0AFP5SFG2600FW7ER,2025-06-30T20:39:52.460217383Z,01JZ190NH1278RPC2MCD2QJWTN,2025-06-30T20:39:52.460217383Z
01JZ1BX6SGN0K261W362GTXF94,01JZ1B1VZ9TM9N3252XVVAH9DZ,2025-06-30T21:29:20.945001838Z,01JZ1B1W5TAZ0C76DBH0ZAEY5X,2025-06-30T21:29:20.945001838Z,01JZ1B42FGZXM24HBWN8AZM67K,2025-06-30T21:29:20.945001838Z,01JZ1BNNH562Q854YV4P9FQ9JA,2025-06-30T21:29:20.945001838Z
01JZ1DHNSRAVE104KVSQ7AWEEN,01JZ1D0RX94M7HHBAJDNGV8QRS,2025-06-30T21:58:00.248588142Z,01JZ1D0S61XK8FZCNQBM2ZAEE6,2025-06-30T21:58:00.248588142Z,01JZ1D497J6YYY65Y2Z1DW88ZY,2025-06-30T21:58:00.248588142Z,01JZ1DHFZ809B1825QNPR8SJSM,2025-06-30T21:58:00.248588142Z
01JZ1AGNQY292HP6MR5Z5X5ZGR,01JZ19VEXCKVX740B60X4W6PQN,2025-06-30T21:05:01.69406383Z,01JZ19VF9WCS5BMDRCPXZK6ZBF,2025-06-30T21:05:01.69406383Z,01JZ18QF2693Q9TCBGRNNEEKBJ,2025-06-30T21:05:01.69406383Z,01JZ1A8RS6D439ZX1WYM84CQP1,2025-06-30T21:05:01.69406383Z
01JZ1ESYABCFWY5F07SHRQ53RS,01JZ1E916HBESJXS5SJ82BFZ21,2025-06-30T22:19:59.691505473Z,01JZ1E926BWK6TV1HDSC3ZQW4Y,2025-06-30T22:19:59.691505473Z,01JZ1EARCRST2HDXDY98Q0AYJ8,2025-06-30T22:19:59.691505473Z,01JZ1EST6TCKJRV3R3VP3ARDV3,2025-06-30T22:19:59.691505473Z
01JZ1F5KJR81H2M2VFT5HMS6B6,01JZ1E916HBESJXS5SJ82BFZ21,2025-06-30T22:26:21.912178002Z,01JZ1E91Z6K0ZJGCC53Q4JQWJP,2025-06-30T22:26:21.912178002Z,01JZ1ET7E30G59HX0XYHAKGDD0,2025-06-30T22:26:21.912178002Z,01JZ1EXC0ZXQFHPV1MR4EM7PTE,2025-06-30T22:26:21.912178002Z
01JZ1GV8Y7RT0ZCK3R0BY3Z83N,01JZ1G29Q82GQAKEXSK2E7NK3R,2025-06-30T22:55:40.487197385Z,01JZ1G2A9825Q9R0AFVXQNTR63,2025-06-30T22:55:40.487197385Z,01JZ1G9AHDKJRVSD4NGC2SYHDN,2025-06-30T22:55:40.487197385Z,01JZ1GKM4NJC2AZGFDE1DDC9W3,2025-06-30T22:55:40.487197385Z
01JZ1AB5X7KSPS9CCK4QK9WXA6,01JZ19VEXCKVX740B60X4W6PQN,2025-06-30T21:02:01.639728879Z,01JZ19VF1X4TGM9HTAVFF08YB3,2025-06-30T21:02:01.639728879Z,01JZ19YP19TRXJV609GHDS9029,2025-06-30T21:02:01.639728879Z,01JZ1A31WDRRSK5Y1X8M50HPSG,2025-06-30T21:02:01.639728879Z
01JZ17J2CW6ZPNQQ8EVT9GWSQ6,01JZ170DPRHYGRH6M74WMGZ8J5,2025-06-30T20:13:21.692522532Z,01JZ170DRSFZ9Y16965WN1Z2F9,2025-06-30T20:13:21.692522532Z,01JZ17AQQS59T0RTXR5VNB3ZRC,2025-06-30T20:13:21.692522532Z,01JZ17G70WMTCCVM6PEEY7RHRW,2025-06-30T20:13:21.692522532Z
01JZ17S5ZC90WNCK3AF1N83CD1,01JZ170DPRHYGRH6M74WMGZ8J5,2025-06-30T20:17:14.732665484Z,01JZ170DS5DJKXJ3Z7YVJKJJXK,2025-06-30T20:17:14.732665484Z,01JZ17FZXSD3JPY8Z3YRMZJDDV,2025-06-30T20:17:14.732665484Z,01JZ17QA5NP4NCPJJVMNCZ9F7W,2025-06-30T20:17:14.732665484Z
01JZ17TNJ6WVE6A91RPGW24FKN,01JZ170DPRHYGRH6M74WMGZ8J5,2025-06-30T20:18:03.463019093Z,01JZ170DSP5HFMBRZWFQV8RFVC,2025-06-30T20:18:03.463019093Z,01JZ17GRXVCB86SQX36KBD73NW,2025-06-30T20:18:03.463019093Z,01JZ17RSKP4T7TM013SKSDCBN6,2025-06-30T20:18:03.463019093Z
01JZ191DAJJMK70KZXV7JRYQ6Q,01JZ18G4TN4FH7205KTQTFE7PM,2025-06-30T20:39:12.97818683Z,01JZ18G508W9SSEDAT6B79GZND,2025-06-30T20:39:12.97818683Z,01JZ18JE7QR9RF8E7B9MDMMGE2,2025-06-30T20:39:12.97818683Z,01JZ18STGY49XDG4HG71EG50TV,2025-06-30T20:39:12.97818683Z
01JZ1GPB08SNBDE9F2QBY9G278,01JZ1G29Q82GQAKEXSK2E7NK3R,2025-06-30T22:52:58.761020342Z,01JZ1G2A3Q53QEYHDQX68WVVKH,2025-06-30T22:52:58.761020342Z,01JZ1G4QT3J0N96RSDER5H66SR,2025-06-30T22:52:58.761020342Z,01JZ1GE1GBK17T8759BQQREJNN,2025-06-30T22:52:58.761020342Z
01JZ17JXT8R00FVDG6D21DACSM,01JZ170DPRHYGRH6M74WMGZ8J5,2025-06-30T20:13:49.768877497Z,01JZ170DRXVGFVP20P8DK3M491,2025-06-30T20:13:49.768877497Z,01JZ17B2PHRTHG9KZ1P8A1158Q,2025-06-30T20:13:49.768877497Z,01JZ17H2JKQXYPBGV7RRHN6ECY,2025-06-30T20:13:49.768877497Z
01JZ17QTYFHA5J3HERR5NTXNS7,01JZ170DPRHYGRH6M74WMGZ8J5,2025-06-30T20:16:30.671504802Z,01JZ170DRRRWN613C5WJQ8B5Q6,2025-06-30T20:16:30.671504802Z,01JZ17D5ERR5YZYXD6Y3AFJ1M0,2025-06-30T20:16:30.671504802Z,01JZ17G52FMVNG3XMRM1S9BWKE,2025-06-30T20:16:30.671504802Z
01JZ197SDT3SXGXBA06CT93Q4H,01JZ18QHX9XGN83K6T42FK97D5,2025-06-30T20:42:41.978910593Z,01JZ18QHYY9H3H8G0D5BR000CA,2025-06-30T20:42:41.978910593Z,01JZ18YPQMX7TQXCKGYZNA73VF,2025-06-30T20:42:41.978910593Z,01JZ1903GX535CTZP2QSYEN36R,2025-06-30T20:42:41.978910593Z
01JZ1BJSZRRXZBHVQJ3BBEPAW1,01JZ1B1VZ9TM9N3252XVVAH9DZ,2025-06-30T21:23:40.152826426Z,01JZ1B1W5AJ9N87HJBZ99HRQPJ,2025-06-30T21:23:40.152826426Z,01JZ1B4M3WKZR9J1GGJ7PR0S32,2025-06-30T21:23:40.152826426Z,01JZ1BB7J8Y8W753ARSJ77X4CV,2025-06-30T21:23:40.152826426Z
01JZ1H4G5BW9ZBCYC46XAFTCNH,01JZ1G29Q82GQAKEXSK2E7NK3R,2025-06-30T23:00:42.795923764Z,01JZ1G2A58JMFV91VV93EGJJQY,2025-06-30T23:00:42.795923764Z,01JZ1GA4T24GEXMPJNJW9S8J83,2025-06-30T23:00:42.795923764Z,01JZ1GW3K49KQTMSG69GXKE3BB,2025-06-30T23:00:42.795923764Z
01JZ17R5234D8QDK3PZDJCXARV,01JZ170DPRHYGRH6M74WMGZ8J5,2025-06-30T20:16:41.027689923Z,01JZ170DRRRWN613C5WJQ8B5Q6,2025-06-30T20:16:41.027689923Z,01JZ17D5ERR5YZYXD6Y3AFJ1M0,2025-06-30T20:16:41.027689923Z,01JZ17G52NG4XN5R9RR9776YQX,2025-06-30T20:16:41.027689923Z
01JZ17TCHT0RTHAKSXWKNAQ80Z,01JZ170DPRHYGRH6M74WMGZ8J5,2025-06-30T20:17:54.234244726Z,01JZ170DSBT7R80F1BC6BFNZAP,2025-06-30T20:17:54.234244726Z,01JZ17A0VX21AM44XR65ZCDBQZ,2025-06-30T20:17:54.234244726Z,01JZ17JC2ZXBJJNHC0TSAETRRS,2025-06-30T20:17:54.234244726Z
01JZ17VGVK8RXJ3DNKTS5C7BRY,01JZ170DPRHYGRH6M74WMGZ8J5,2025-06-30T20:18:31.411638431Z,01JZ170DSWJ6311N72HPSQWG9K,2025-06-30T20:18:31.411638431Z,01JZ17D915S4GRY1FXGXK8RTTY,2025-06-30T20:18:31.411638431Z,01JZ17KG5FZCMZS2YJVCAZ741Y,2025-06-30T20:18:31.411638431Z
01JZ1826GT488RNE5GPZSZ9J2D,01JZ170DPRHYGRH6M74WMGZ8J5,2025-06-30T20:22:10.202684671Z,01JZ170DS9MMA8EZAVKYS5SMHX,2025-06-30T20:22:10.202684671Z,01JZ177D1EC4DDHNWKT4R7S3XA,2025-06-30T20:22:10.202684671Z,01JZ17TR6X8TWBF7X6J4SZFVJ8,2025-06-30T20:22:10.202684671Z
01JZ1AGNPDB48WGRFNYM116B9T,01JZ19VEXCKVX740B60X4W6PQN,2025-06-30T21:05:01.645715381Z,01JZ19VF9WCS5BMDRCPXZK6ZBF,2025-06-30T21:05:01.645715381Z,01JZ19XSD6SYGG49Q271DJ23J5,2025-06-30T21:05:01.645715381Z,01JZ1A8RS6D439ZX1WYM84CQP1,2025-06-30T21:05:01.645715381Z
01JZ1BP1T4F2T2ZSJ2NS1W5B0K,01JZ1B1VZ9TM9N3252XVVAH9DZ,2025-06-30T21:25:26.468462126Z,01JZ1B1W4RP0VXDDKCJTNKM3AX,2025-06-30T21:25:26.468462126Z,01JZ1BJRR128B2311DSMJCH15V,2025-06-30T21:25:26.468462126Z,01JZ1BNY7WEGTS4M119S3G7CHR,2025-06-30T21:25:26.468462126Z
01JZ1H4CK7CR3PERZFYD4MDZH8,01JZ1G29Q82GQAKEXSK2E7NK3R,2025-06-30T23:00:39.143505539Z,01JZ1G2AATTMJJ07WA2JZ9MF1K,2025-06-30T23:00:39.143505539Z,01JZ1GPSZ98FX0GSJ1PJWWQANW,2025-06-30T23:00:39.143505539Z,01JZ1GWNHK6SQXS7ZHPFFWHGZD,2025-06-30T23:00:39.143505539Z
01JZ17NSJ60SR7GDJJZWP6P8AF,01JZ170DPRHYGRH6M74WMGZ8J5,2025-06-30T20:15:23.71859962Z,01JZ170DSXXMDA003X79NFA4N0,2025-06-30T20:15:23.71859962Z,01JZ17C3PTEK9PXA5GJSYCCP5W,2025-06-30T20:15:23.71859962Z,01JZ17NRRNJAESN764PNSNC899,2025-06-30T20:15:23.71859962Z
01JZ17PTQT4RNNRYDHWXHW790F,01JZ170DPRHYGRH6M74WMGZ8J5,2025-06-30T20:15:57.690790936Z,01JZ170DSMJZPS89ZBMFZ7ATK7,2025-06-30T20:15:57.690790936Z,01JZ17K3Y03J2B5JTWV2Q8DEEQ,2025-06-30T20:15:57.690790936Z,01JZ17MYDW712GB678NHAF4EAC,2025-06-30T20:15:57.690790936Z
01JZ17SY0E9MBQ2285XP8JWJ6C,01JZ170DPRHYGRH6M74WMGZ8J5,2025-06-30T20:17:39.342519865Z,01JZ170DSTXK5Z1DV671606E6A,2025-06-30T20:17:39.342519865Z,01JZ179522187EFD1N9MCMN3YS,2025-06-30T20:17:39.342519865Z,01JZ17J85RY443EPKC8WCTQNMR,2025-06-30T20:17:39.342519865Z
01JZ190YDYH3ZN7DZ4PSGP7ESM,01JZ18G4TN4FH7205KTQTFE7PM,2025-06-30T20:38:57.726193245Z,01JZ18G4ZZG5A688HVVJGKBFVW,2025-06-30T20:38:57.726193245Z,01JZ18HSGA4VKS1NR0MAVDXW88,2025-06-30T20:38:57.726193245Z,01JZ18RFR1W3YDRVBYSTVG4Z41,2025-06-30T20:38:57.726193245Z
01JZ1AAGK69G63GTMC45FA449V,01JZ19VEXCKVX740B60X4W6PQN,2025-06-30T21:01:39.814074103Z,01JZ19VF1X4TGM9HTAVFF08YB3,2025-06-30T21:01:39.814074103Z,01JZ19YKGANWM091HXPRFZY75R,2025-06-30T21:01:39.814074103Z,01JZ1A31TDZKWTX3G3H9PC4RBE,2025-06-30T21:01:39.814074103Z
01JZ1AV5S0ZTK5CT8S71BKZJ2H,01JZ19VEXCKVX740B60X4W6PQN,2025-06-30T21:10:45.792908732Z,01JZ19VF3FCDRKA7RA8CE3SQDH,2025-06-30T21:10:45.792908732Z,01JZ19ZRSF0H44Y7P62WF2M80H,2025-06-30T21:10:45.792908732Z,01JZ1AK0ET9HBHSSG0V60ZD9G1,2025-06-30T21:10:45.792908732Z
01JZ1DKJ9XWKFRXVZF8FPY1D7Y,01JZ1D0RX94M7HHBAJDNGV8QRS,2025-06-30T21:59:02.205561818Z,01JZ1D0S61XK8FZCNQBM2ZAEE6,2025-06-30T21:59:02.205561818Z,01JZ1D4E6V1F7QYCN1KQC77HPV,2025-06-30T21:59:02.205561818Z,01JZ1DHG42SDRFG0AMYRAAVFFX,2025-06-30T21:59:02.205561818Z
01JZ1FFJJA9WHTSJ69FPTB5R70,01JZ1E916HBESJXS5SJ82BFZ21,2025-06-30T22:31:48.554747147Z,01JZ1E91ENR7DC2PFTK7ZY5PTJ,2025-06-30T22:31:48.554747147Z,01JZ1F6AT65D7Q2J3RRFNE8GQF,2025-06-30T22:31:48.554747147Z,01JZ1F70MP8EMZE5ECG6QP8N7N,2025-06-30T22:31:48.554747147Z
01JZ18ZVBAAPFTAGHPAQB6909Q,01JZ18G4TN4FH7205KTQTFE7PM,2025-06-30T20:38:21.802750956Z,01JZ18G4ZPD0G0WRB3ZSNJ4KSW,2025-06-30T20:38:21.802750956Z,01JZ18JPR0CJ8HT66ZQ08VW9PH,2025-06-30T20:38:21.802750956Z,01JZ18QMFXN721VEA2NDQX9P2G,2025-06-30T20:38:21.802750956Z
01JZ1ATGNVZW6ZRBNG0J8G20SS,01JZ19VEXCKVX740B60X4W6PQN,2025-06-30T21:10:24.191374358Z,01JZ19VF3FCDRKA7RA8CE3SQDH,2025-06-30T21:10:24.191374358Z,01JZ19X25DC6PHAYZ41F2N9R8N,2025-06-30T21:10:24.191374358Z,01JZ1AK0G5B46WY2VWCGE07ZNR,2025-06-30T21:10:24.191374358Z
01JZ1BH88E00Y4MP23SQKFCCF0,01JZ1B1VZ9TM9N3252XVVAH9DZ,2025-06-30T21:22:49.230241691Z,01JZ1B1W68Y1JCNSRHTZJR0WTB,2025-06-30T21:22:49.230241691Z,01JZ1B792JY1J7NFJKWZPMCAGM,2025-06-30T21:22:49.230241691Z,01JZ1BH43TCR207W6QA0XHTRSW,2025-06-30T21:22:49.230241691Z
01JZ1GY65WNGSDHBR14HVKDK9X,01JZ1G29Q82GQAKEXSK2E7NK3R,2025-06-30T22:57:15.964212475Z,01JZ1G2A58JMFV91VV93EGJJQY,2025-06-30T22:57:15.964212475Z,01JZ1GA4T24GEXMPJNJW9S8J83,2025-06-30T22:57:15.964212475Z,01JZ1GW3DRA0H5QCSGM2BKZ7GX,2025-06-30T22:57:15.964212475Z
01JZ17QTXZV79PX52RRRS956KK,01JZ170DPRHYGRH6M74WMGZ8J5,2025-06-30T20:16:30.655545071Z,01JZ170DRRRWN613C5WJQ8B5Q6,2025-06-30T20:16:30.655545071Z,01JZ17A832XNJZN2KK8205TMZH,2025-06-30T20:16:30.655545071Z,01JZ17G52FMVNG3XMRM1S9BWKE,2025-06-30T20:16:30.655545071Z
01JZ190FK34DEB61HVGGR9SX3F,01JZ18G4TN4FH7205KTQTFE7PM,2025-06-30T20:38:42.531167332Z,01JZ18G512YK4K14AJW1A4KQT5,2025-06-30T20:38:42.531167332Z,01JZ18P8E791PBV9BDRV76VVRH,2025-06-30T20:38:42.531167332Z,01JZ18R8BQNV553N89B15CK6DT,2025-06-30T20:38:42.531167332Z
01JZ17J2D25CNXNW388YJ5KXAM,01JZ170DPRHYGRH6M74WMGZ8J5,2025-06-30T20:13:21.698181349Z,01JZ170DRSFZ9Y16965WN1Z2F9,2025-06-30T20:13:21.698181349Z,01JZ17AK41GP2DW5ZS1AJ3K35J,2025-06-30T20:13:21.698181349Z,01JZ17G70WMTCCVM6PEEY7RHRW,2025-06-30T20:13:21.698181349Z
01JZ17NBRRMAWRT6SZ71KFNX4G,01JZ170DPRHYGRH6M74WMGZ8J5,2025-06-30T20:15:09.592059679Z,01JZ170DSWJ6311N72HPSQWG9K,2025-06-30T20:15:09.592059679Z,01JZ178GZ31S8C5ECRC86PTTAS,2025-06-30T20:15:09.592059679Z,01JZ17KG534VMGAN6DZ77QN8H5,2025-06-30T20:15:09.592059679Z
01JZ1BD7ZCQNNNR63T8JMWCCHS,01JZ1B1VZ9TM9N3252XVVAH9DZ,2025-06-30T21:20:37.86847353Z,01JZ1B1W5AJ9N87HJBZ99HRQPJ,2025-06-30T21:20:37.86847353Z,01JZ1BAG1QXXZT2G75G9P8N6Y2,2025-06-30T21:20:37.86847353Z,01JZ1BB7ETZS9BEX799QEABQ0R,2025-06-30T21:20:37.86847353Z
01JZ1BSHH724M2SE697YXCE5GN,01JZ1B1VZ9TM9N3252XVVAH9DZ,2025-06-30T21:27:20.871251663Z,01JZ1B1W46BH5YH0XYSE8KJRBK,2025-06-30T21:27:20.871251663Z,01JZ1B811D0DJD23YQN2DZYBGD,2025-06-30T21:27:20.871251663Z,01JZ1BJ1CD7PGGMV0A6YRMHSQJ,2025-06-30T21:27:20.871251663Z
01JZ1C6CY1J03ZX7SBXPPF4DVC,01JZ1BX7WQMA45G0E33EEHJ3V9,2025-06-30T21:34:22.145578797Z,01JZ1BX80QRTKGB6MH6HMRDXS1,2025-06-30T21:34:22.145578797Z,01JZ1BYVYWJTY34XWWWGSZYC2W,2025-06-30T21:34:22.145578797Z,01JZ1C68YR27G70BWXQYM38NVA,2025-06-30T21:34:22.145578797Z
01JZ1CVWK66SFDDFEN85C1N0A1,01JZ1C4XJFQQ45ZHGATAXVBX0J,2025-06-30T21:46:06.310190151Z,01JZ1C4XNE4VHGMR9JDZS6Y7F9,2025-06-30T21:46:06.310190151Z,01JZ1CH99SCVGB71HN39473CFW,2025-06-30T21:46:06.310190151Z,01JZ1CM9NHAQYVB9EBB2FPWPMG,2025-06-30T21:46:06.310190151Z
01JZ1DF99JG36GKMSTC2KKP48A,01JZ1D0RX94M7HHBAJDNGV8QRS,2025-06-30T21:56:41.906455087Z,01JZ1D0S2S8SEBXETFQJSTGM5V,2025-06-30T21:56:41.906455087Z,01JZ1D322QVYNT268ZSCN1M2TD,2025-06-30T21:56:41.906455087Z,01JZ1D77ZGJGAA1PN0Y98H9Q1P,2025-06-30T21:56:41.906455087Z
01JZ1F95ZZNKXCVYTH1P5B6T7F,01JZ1E916HBESJXS5SJ82BFZ21,2025-06-30T22:28:19.071444686Z,01JZ1E91ENR7DC2PFTK7ZY5PTJ,2025-06-30T22:28:19.071444686Z,01JZ1F6AT65D7Q2J3RRFNE8GQF,2025-06-30T22:28:19.071444686Z,01JZ1F70RJ6JX7FR0QPB30BKG3,2025-06-30T22:28:19.071444686Z
01JZ17QGTTSJZZZM3WGJ1XSV9X,01JZ170DPRHYGRH6M74WMGZ8J5,2025-06-30T20:16:20.314880694Z,01JZ170DRRRWN613C5WJQ8B5Q6,2025-06-30T20:16:20.314880694Z,01JZ179PSK7PR9GXW3K753Z7EA,2025-06-30T20:16:20.314880694Z,01JZ17G52QXC0MC4VA0YJ9E9HN,2025-06-30T20:16:20.314880694Z
01JZ17X4QZ253CYT2A7E9Q02HD,01JZ170DPRHYGRH6M74WMGZ8J5,2025-06-30T20:19:24.543719113Z,01JZ170DSXXMDA003X79NFA4N0,2025-06-30T20:19:24.543719113Z,01JZ17G2CQ2WMWNSJEQJ6XDN5X,2025-06-30T20:19:24.543719113Z,01JZ17NRRR088W52FGBGCTETBE,2025-06-30T20:19:24.543719113Z
01JZ1BK54ZFW8YMTTXFYHXSG9D,01JZ1B1VZ9TM9N3252XVVAH9DZ,2025-06-30T21:23:51.583512808Z,01JZ1B1W5AJ9N87HJBZ99HRQPJ,2025-06-30T21:23:51.583512808Z,01JZ1B4CR8JCWXXD7BQPA68N6Z,2025-06-30T21:23:51.583512808Z,01JZ1BB7HHYBBSVM85QTV97ZMB,2025-06-30T21:23:51.583512808Z
01JZ1BRPMJS3TEW0RNWPZZMQWQ,01JZ1B1VZ9TM9N3252XVVAH9DZ,2025-06-30T21:26:53.330922674Z,01JZ1B1W68Y1JCNSRHTZJR0WTB,2025-06-30T21:26:53.330922674Z,01JZ1B483R9XXNDJ9MZBRK2ZQ1,2025-06-30T21:26:53.330922674Z,01JZ1BH47FKGJXT98P27XT8FV5,2025-06-30T21:26:53.330922674Z
01JZ1CJEES9F53SBQWABCETV60,01JZ1BX7WQMA45G0E33EEHJ3V9,2025-06-30T21:40:56.921873413Z,01JZ1BX82RNFGPPA94NES9507T,2025-06-30T21:40:56.921873413Z,01JZ1BZDJ93GPNRBSERWMWMMB5,2025-06-30T21:40:56.921873413Z,01JZ1CAKWP0H743BZGYZ5DSNCH,2025-06-30T21:40:56.921873413Z
01JZ1F4JWYAYK4VFMMS1CBC47Z,01JZ1E916HBESJXS5SJ82BFZ21,2025-06-30T22:25:48.446314816Z,01JZ1E91Q18GQE49C0XSDVMF75,2025-06-30T22:25:48.446314816Z,01JZ1ESJSZ4605B74MTV3MB0PF,2025-06-30T22:25:48.446314816Z,01JZ1F2JC80W096GAN654HJE4R,2025-06-30T22:25:48.446314816Z
01JZ17SY32A6C4CQVQQPCEJ2ST,01JZ170DPRHYGRH6M74WMGZ8J5,2025-06-30T20:17:39.426479029Z,01JZ170DSTXK5Z1DV671606E6A,2025-06-30T20:17:39.426479029Z,01JZ17BGC64Z781MGW1Y4T7SRJ,2025-06-30T20:17:39.426479029Z,01JZ17J85RY443EPKC8WCTQNMR,2025-06-30T20:17:39.426479029Z
01JZ18R40KZN4XD26QBA026T42,01JZ18G4TN4FH7205KTQTFE7PM,2025-06-30T20:34:08.531428365Z,01JZ18G50PJASP911XB82AW46K,2025-06-30T20:34:08.531428365Z,01JZ18KCZAP8MJWF3YFSDPP92T,2025-06-30T20:34:08.531428365Z,01JZ18P6M9PWBBNS9EFA2527RR,2025-06-30T20:34:08.531428365Z
01JZ18ZPE500SPC1PP6BKPQCG2,01JZ18G4TN4FH7205KTQTFE7PM,2025-06-30T20:38:16.773192645Z,01JZ18G512YK4K14AJW1A4KQT5,2025-06-30T20:38:16.773192645Z,01JZ18P8E791PBV9BDRV76VVRH,2025-06-30T20:38:16.773192645Z,01JZ18R8CKMG9A39402BQ4NWM2,2025-06-30T20:38:16.773192645Z
01JZ1905VPZE76E04BTB8MD1MF,01JZ18G4TN4FH7205KTQTFE7PM,2025-06-30T20:38:32.56620933Z,01JZ18G4YK3PSP6R2PNWBA4P8S,2025-06-30T20:38:32.56620933Z,01JZ18MVEFXZGBQPET8FQ2326K,2025-06-30T20:38:32.56620933Z,01JZ18QW9EXF247TKVE8F2HXX6,2025-06-30T20:38:32.56620933Z
01JZ1AK3APRFWX0T1JMDVZTWNZ,01JZ19VEXCKVX740B60X4W6PQN,2025-06-30T21:06:21.142405299Z,01JZ19VF3FCDRKA7RA8CE3SQDH,2025-06-30T21:06:21.142405299Z,01JZ19ZRSF0H44Y7P62WF2M80H,2025-06-30T21:06:21.142405299Z,01JZ1AK0DBQXGCYJCG3YA80XRE,2025-06-30T21:06:21.142405299Z
01JZ1BJ4771M83WRYZPJKYA8K3,01JZ1B1VZ9TM9N3252XVVAH9DZ,2025-06-30T21:23:17.863737872Z,01JZ1B1W46BH5YH0XYSE8KJRBK,2025-06-30T21:23:17.863737872Z,01JZ1B811D0DJD23YQN2DZYBGD,2025-06-30T21:23:17.863737872Z,01JZ1BJ1B6MS3FTEDBXT15KPRA,2025-06-30T21:23:17.863737872Z
01JZ1CDT1ZDHPMT8W5XWSZW7VK,01JZ1BX7WQMA45G0E33EEHJ3V9,2025-06-30T21:38:24.959754256Z,01JZ1BX80QRTKGB6MH6HMRDXS1,2025-06-30T21:38:24.959754256Z,01JZ1BY7ZYY1555G7VDKVM55K7,2025-06-30T21:38:24.959754256Z,01JZ1C692QHS5DV9PSD243R1PS,2025-06-30T21:38:24.959754256Z
01JZ17WNEK94VZAW1BSKK118CK,01JZ170DPRHYGRH6M74WMGZ8J5,2025-06-30T20:19:08.883656098Z,01JZ170DSMJZPS89ZBMFZ7ATK7,2025-06-30T20:19:08.883656098Z,01JZ17DZ6QV2B73JE2W9M5K3SC,2025-06-30T20:19:08.883656098Z,01JZ17MYEV0AG6XJGH9VVJQXPH,2025-06-30T20:19:08.883656098Z
01JZ18YV3KPCBP4RQYH6SSM172,01JZ18G4TN4FH7205KTQTFE7PM,2025-06-30T20:37:48.787981955Z,01JZ18G4Y1ABZPJ815NAWEN19T,2025-06-30T20:37:48.787981955Z,01JZ18JEHHPNBFM751TV8GEBJ2,2025-06-30T20:37:48.787981955Z,01JZ18PMFWXRBMGQD7EAMQ4QF6,2025-06-30T20:37:48.787981955Z
01JZ1GP1FTQNFRD97P290A85GT,01JZ1G29Q82GQAKEXSK2E7NK3R,2025-06-30T22:52:49.018388644Z,01JZ1G2A6YM039KVE3FBKDN5TM,2025-06-30T22:52:49.018388644Z,01JZ1G4ZKPR33SMREF8RYR14CE,2025-06-30T22:52:49.018388644Z,01JZ1GDRVTRVBNPQ0V4C3E11WJ,2025-06-30T22:52:49.018388644Z
01JZ1DR1VBSA1B6R6BVF3PTPJE,01JZ1D0RX94M7HHBAJDNGV8QRS,2025-06-30T22:01:29.195816824Z,01JZ1D0S064NT759Q480WCA8PK,2025-06-30T22:01:29.195816824Z,01JZ1DCDN091GX33H1NPEY9NA8,2025-06-30T22:01:29.195816824Z,01JZ1DFXRMFQK07Q91HG8QCYJ2,2025-06-30T22:01:29.195816824Z
01JZ17QWSHQ12BEP3YMQC4HE3A,01JZ170DPRHYGRH6M74WMGZ8J5,2025-06-30T20:16:32.561460557Z,01JZ170DRSFZ9Y16965WN1Z2F9,2025-06-30T20:16:32.561460557Z,01JZ17AK41GP2DW5ZS1AJ3K35J,2025-06-30T20:16:32.561460557Z,01JZ17G70EF8S99NVNWP5G0YQ4,2025-06-30T20:16:32.561460557Z
01JZ17YQKCJWJ01PJFRAP1ZR6W,01JZ170DPRHYGRH6M74WMGZ8J5,2025-06-30T20:20:16.620110759Z,01JZ170DRV33K8D9D9ZMQKAW2D,2025-06-30T20:20:16.620110759Z,01JZ179XMYFK94EADRMMB2K8HQ,2025-06-30T20:20:16.620110759Z,01JZ17PPHN9RJYD8FZ3BDFYGXP,2025-06-30T20:20:16.620110759Z
01JZ1F7A735QRE6050R439PFN3,01JZ1E916HBESJXS5SJ82BFZ21,2025-06-30T22:27:17.859411752Z,01JZ1E91ENR7DC2PFTK7ZY5PTJ,2025-06-30T22:27:17.859411752Z,01JZ1EBW22KQBY52ZW0XEVAEWD,2025-06-30T22:27:17.859411752Z,01JZ1F70HHE21FXBJ549WERQ2G,2025-06-30T22:27:17.859411752Z
01JZ17KRA7ZQY90ZAYJP3SMS1J,01JZ170DPRHYGRH6M74WMGZ8J5,2025-06-30T20:14:16.903794861Z,01JZ170DS434CCJM920VN081CV,2025-06-30T20:14:16.903794861Z,01JZ17A78DPNXD645MNCYQ5HYS,2025-06-30T20:14:16.903794861Z,01JZ17HX0ZXKJ4A0TXNHXA38XE,2025-06-30T20:14:16.903794861Z
01JZ17S92VSZV0AAA03CYJSS20,01JZ170DPRHYGRH6M74WMGZ8J5,2025-06-30T20:17:17.915690253Z,01JZ170DS32PJY8CQRMADJXFRG,2025-06-30T20:17:17.915690253Z,01JZ17E843W70EAJQAQ7A43HFS,2025-06-30T20:17:17.915690253Z,01JZ17HJY4CGFR7PYHRBPAT4T8,2025-06-30T20:17:17.915690253Z
01JZ18SXVFAGV9WZVXDS9VBT8T,01JZ18G4TN4FH7205KTQTFE7PM,2025-06-30T20:35:07.759445698Z,01JZ18G508W9SSEDAT6B79GZND,2025-06-30T20:35:07.759445698Z,01JZ18JV7KEJAEZVY4PCFX2BA4,2025-06-30T20:35:07.759445698Z,01JZ18STB8HB9DV2CVT0ZSHGAA,2025-06-30T20:35:07.759445698Z
01JZ1AHVTXN8QE24BR5WWJ8RCP,01JZ19VEXCKVX740B60X4W6PQN,2025-06-30T21:05:40.702040168Z,01JZ19VF81DTYMGWYB0TAJKDWY,2025-06-30T21:05:40.702040168Z,01JZ1A30PSDQTAMK68V3KKNNKC,2025-06-30T21:05:40.702040168Z,01JZ1AABQSYES8GH0EQS7AKYST,2025-06-30T21:05:40.702040168Z
01JZ1AJ7GEE5ZD1KJWHTXS61QS,01JZ19VEXCKVX740B60X4W6PQN,2025-06-30T21:05:52.654429731Z,01JZ19VF81DTYMGWYB0TAJKDWY,2025-06-30T21:05:52.654429731Z,01JZ1A30PSDQTAMK68V3KKNNKC,2025-06-30T21:05:52.654429731Z,01JZ1AABMTK3KJJZSMA4TN8BF7,2025-06-30T21:05:52.654429731Z
01JZ1BK44GKHJV42C056EYJ4E9,01JZ1B1VZ9TM9N3252XVVAH9DZ,2025-06-30T21:23:50.544247874Z,01JZ1B1W68Y1JCNSRHTZJR0WTB,2025-06-30T21:23:50.544247874Z,01JZ1BEDAMJRCNYC6ZRWR4EWKQ,2025-06-30T21:23:50.544247874Z,01JZ1BH44X88X65JM8T5DXFWMN,2025-06-30T21:23:50.544247874Z
01JZ1BXEVA0EYHK2FXG5V5FQAW,01JZ1B1VZ9TM9N3252XVVAH9DZ,2025-06-30T21:29:29.194552895Z,01JZ1B1W4RP0VXDDKCJTNKM3AX,2025-06-30T21:29:29.194552895Z,01JZ1B80W46R4JBTV3ZZ1YXW46,2025-06-30T21:29:29.194552895Z,01JZ1BNYAAW7XNTC5PXF53BARA,2025-06-30T21:29:29.194552895Z
01JZ18RSW15SMDXVAJ48K853MX,01JZ18G4TN4FH7205KTQTFE7PM,2025-06-30T20:34:30.913724177Z,01JZ18G4WPK6V9JKZAVKNYS3NB,2025-06-30T20:34:30.913724177Z,01JZ18K1EBQ2BSVM3H7XBRVG61,2025-06-30T20:34:30.913724177Z,01JZ18RRBME3EX7FDX35TW0HT5,2025-06-30T20:34:30.913724177Z
01JZ197YPF57RKZ548A2P3RJDN,01JZ18R9CHSHJ2BAJZ4M4PAW2X,2025-06-30T20:42:47.375187327Z,01JZ18RA3DBE17YR6D8FEXRWFY,2025-06-30T20:42:47.375187327Z,01JZ1945JH72C4XK34ZFBSF6HS,2025-06-30T20:42:47.375187327Z,01JZ197VZ0Q6DEGD42E0811129,2025-06-30T20:42:47.375187327Z
01JZ1BJ4ZNSD1MSAK3Y31BVW4B,01JZ1B1VZ9TM9N3252XVVAH9DZ,2025-06-30T21:23:18.64533596Z,01JZ1B1W6S117BH8HCA7NH9R7E,2025-06-30T21:23:18.64533596Z,01JZ1B7296HT4QZTVSQ7DGFCMT,2025-06-30T21:23:18.64533596Z,01JZ1BAHDKSRY9Y8MMEK86CJS4,2025-06-30T21:23:18.64533596Z
01JZ1DKJFSZSMJMGFF3F4PXQ2G,01JZ1D0RX94M7HHBAJDNGV8QRS,2025-06-30T21:59:02.393270727Z,01JZ1D0S61XK8FZCNQBM2ZAEE6,2025-06-30T21:59:02.393270727Z,01JZ1DEPX3PNQ2MN8YPK5QHYXE,2025-06-30T21:59:02.393270727Z,01JZ1DHG42SDRFG0AMYRAAVFFX,2025-06-30T21:59:02.393270727Z
01JZ1F4SEGKE8NFP0X9Y17F06W,01JZ1E916HBESJXS5SJ82BFZ21,2025-06-30T22:25:55.152849436Z,01JZ1E91MDHZVF6NVBEDDVGZWT,2025-06-30T22:25:55.152849436Z,01JZ1EDVQZ0X09D6ACA1N9J2V2,2025-06-30T22:25:55.152849436Z,01JZ1EWVMZXSDYKNCVCZNFHQ7S,2025-06-30T22:25:55.152849436Z
01JZ1GDXTG4E7TGAZFQ9QP8N3G,01JZ1G29Q82GQAKEXSK2E7NK3R,2025-06-30T22:48:23.121023756Z,01JZ1G2A6YM039KVE3FBKDN5TM,2025-06-30T22:48:23.121023756Z,01JZ1G4ZKPR33SMREF8RYR14CE,2025-06-30T22:48:23.121023756Z,01JZ1GDRN0Y8FMK1BDZD9Y2P99,2025-06-30T22:48:23.121023756Z
01JZ17S5YYC5HRMTBXT03VXETN,01JZ170DPRHYGRH6M74WMGZ8J5,2025-06-30T20:17:14.718452584Z,01JZ170DS5DJKXJ3Z7YVJKJJXK,2025-06-30T20:17:14.718452584Z,01JZ178QE8FT7YCFAWRXFD895X,2025-06-30T20:17:14.718452584Z,01JZ17QA5NP4NCPJJVMNCZ9F7W,2025-06-30T20:17:14.718452584Z
01JZ18026T5ME1HP5MFABXZX08,01JZ170DPRHYGRH6M74WMGZ8J5,2025-06-30T20:21:00.251014166Z,01JZ170DRQN15452AYS561M232,2025-06-30T20:21:00.251014166Z,01JZ17R3E57YY9H2V5S1G4XMBW,2025-06-30T20:21:00.251014166Z,01JZ17RBDPNRWH0MV3S1S7KRVT,2025-06-30T20:21:00.251014166Z
01JZ1ACAFGD12P2BTKB1E2XF8G,01JZ19VEXCKVX740B60X4W6PQN,2025-06-30T21:02:39.088918943Z,01JZ19VF81DTYMGWYB0TAJKDWY,2025-06-30T21:02:39.088918943Z,01JZ1A11QXMY0GZ8B5FCM3RTBW,2025-06-30T21:02:39.088918943Z,01JZ1AABK962FFJZTPD33N3VKP,2025-06-30T21:02:39.088918943Z
01JZ1BRPNDB02GV7HPMD9FTNVC,01JZ1B1VZ9TM9N3252XVVAH9DZ,2025-06-30T21:26:53.35800898Z,01JZ1B1W68Y1JCNSRHTZJR0WTB,2025-06-30T21:26:53.35800898Z,01JZ1B792JY1J7NFJKWZPMCAGM,2025-06-30T21:26:53.35800898Z,01JZ1BH47FKGJXT98P27XT8FV5,2025-06-30T21:26:53.35800898Z
01JZ1DKJCQD2HDWNM3TZYQC6WD,01JZ1D0RX94M7HHBAJDNGV8QRS,2025-06-30T21:59:02.295758036Z,01JZ1D0S61XK8FZCNQBM2ZAEE6,2025-06-30T21:59:02.295758036Z,01JZ1D7ZVRAH2JHDPAGNC0VP2T,2025-06-30T21:59:02.295758036Z,01JZ1DHG42SDRFG0AMYRAAVFFX,2025-06-30T21:59:02.295758036Z
01JZ1F4XR99ND9A9JN76DP7V3T,01JZ1E916HBESJXS5SJ82BFZ21,2025-06-30T22:25:59.562037061Z,01JZ1E91Z6K0ZJGCC53Q4JQWJP,2025-06-30T22:25:59.562037061Z,01JZ1EPVZGZEY9DBBKYD48H59H,2025-06-30T22:25:59.562037061Z,01JZ1EXBXVJZ8CRFDNRZ1P5KCM,2025-06-30T22:25:59.562037061Z
01JZ1GTSEPG35Z7Y1EF75DMKJR,01JZ1G29Q82GQAKEXSK2E7NK3R,2025-06-30T22:55:24.630183158Z,01JZ1G2ACHC2PPHGNQVYG69GCY,2025-06-30T22:55:24.630183158Z,01JZ1GHHR8Y5813M82KVZRR659,2025-06-30T22:55:24.630183158Z,01JZ1GJG9JNNQVF267AN8JXQ4V,2025-06-30T22:55:24.630183158Z
01JZ17ZQRHEX2AD584SEPT5FA1,01JZ170DPRHYGRH6M74WMGZ8J5,2025-06-30T20:20:49.553505734Z,01JZ170DRQN15452AYS561M232,2025-06-30T20:20:49.553505734Z,01JZ17M9BWTED841AF4MEHDDNW,2025-06-30T20:20:49.553505734Z,01JZ17RBD7J0VJVJJG30EA195H,2025-06-30T20:20:49.553505734Z
01JZ1BS1TDY7YXPKPQKJMSZGX1,01JZ1B1VZ9TM9N3252XVVAH9DZ,2025-06-30T21:27:04.781302656Z,01JZ1B1W68Y1JCNSRHTZJR0WTB,2025-06-30T21:27:04.781302656Z,01JZ1B792JY1J7NFJKWZPMCAGM,2025-06-30T21:27:04.781302656Z,01JZ1BH45TYYSNR9HRYXWTVB04,2025-06-30T21:27:04.781302656Z
01JZ17HP65YG814K68S3JFF5MW,01JZ170DPRHYGRH6M74WMGZ8J5,2025-06-30T20:13:09.189769194Z,01JZ170DS8YWG03GZVY59N3JD0,2025-06-30T20:13:09.189769194Z,01JZ17FA2MQ87XVRF9HC0R27GC,2025-06-30T20:13:09.189769194Z,01JZ17HNMC395BYG9QN2MAW1BJ,2025-06-30T20:13:09.189769194Z
01JZ1AJJMFEVKZ5BR3JVW5FQM7,01JZ19VEXCKVX740B60X4W6PQN,2025-06-30T21:06:04.047214373Z,01JZ19VF81DTYMGWYB0TAJKDWY,2025-06-30T21:06:04.047214373Z,01JZ19XTEVTQG67NAP9C737569,2025-06-30T21:06:04.047214373Z,01JZ1AABP7JRKCT0WVXFR6GX4V,2025-06-30T21:06:04.047214373Z
01JZ1BK4324W5T3XNTK6AX9CD3,01JZ1B1VZ9TM9N3252XVVAH9DZ,2025-06-30T21:23:50.498060487Z,01JZ1B1W68Y1JCNSRHTZJR0WTB,2025-06-30T21:23:50.498060487Z,01JZ1B483R9XXNDJ9MZBRK2ZQ1,2025-06-30T21:23:50.498060487Z,01JZ1BH44X88X65JM8T5DXFWMN,2025-06-30T21:23:50.498060487Z
01JZ1F0T4QDEN9YZENA9AA1CK8,01JZ1E916HBESJXS5SJ82BFZ21,2025-06-30T22:23:44.792052733Z,01JZ1E91HHYKGR583PHV4V6JXR,2025-06-30T22:23:44.792052733Z,01JZ1EK77BRBNM03T0A9A1Z152,2025-06-30T22:23:44.792052733Z,01JZ1ERVDG8HDQTKMM7P0ZWCMB,2025-06-30T22:23:44.792052733Z
01JZ17S8M3HHF2PG3ZACV0KV5D,01JZ170DPRHYGRH6M74WMGZ8J5,2025-06-30T20:17:17.444053673Z,01JZ170DS434CCJM920VN081CV,2025-06-30T20:17:17.444053673Z,01JZ17ENCSDKWD2M3Q3EC23N1W,2025-06-30T20:17:17.444053673Z,01JZ17HX1BGQ137FDPYSARB5NT,2025-06-30T20:17:17.444053673Z
01JZ17Z16KDGCP3AF48HWKMZK2,01JZ170DPRHYGRH6M74WMGZ8J5,2025-06-30T20:20:26.45179953Z,01JZ170DS5DJKXJ3Z7YVJKJJXK,2025-06-30T20:20:26.45179953Z,01JZ178QXEVM580BRMFA0XSN9D,2025-06-30T20:20:26.45179953Z,01JZ17QA4RZBJN8FPG3Q7FD7PZ,2025-06-30T20:20:26.45179953Z
01JZ191HX84XXP85MY1DHMHVWP,01JZ18G4TN4FH7205KTQTFE7PM,2025-06-30T20:39:17.672625818Z,01JZ18G4Z7SR18DC8PDBR22HS5,2025-06-30T20:39:17.672625818Z,01JZ18NQPCFBGJDGFZ54XZESTD,2025-06-30T20:39:17.672625818Z,01JZ18S8XBR7NPBNNX8H3R06YJ,2025-06-30T20:39:17.672625818Z
01JZ1923M557Q288YJYFSA1S6R,01JZ18G4TN4FH7205KTQTFE7PM,2025-06-30T20:39:35.813371852Z,01JZ18G508W9SSEDAT6B79GZND,2025-06-30T20:39:35.813371852Z,01JZ18M2SFWFRTRVV46KHVE0JB,2025-06-30T20:39:35.813371852Z,01JZ18STDNJEZSFCWMMDNZVD2H,2025-06-30T20:39:35.813371852Z
01JZ1BKZVWR11SKS00B57C4J3K,01JZ1B1VZ9TM9N3252XVVAH9DZ,2025-06-30T21:24:18.940815297Z,01JZ1B1W46BH5YH0XYSE8KJRBK,2025-06-30T21:24:18.940815297Z,01JZ1B88RR65Q9PG31DJTYC075,2025-06-30T21:24:18.940815297Z,01JZ1BJ1ABMADNQ2K1TJQ9ED7W,2025-06-30T21:24:18.940815297Z
01JZ17JCPVEN5M3EQBPSYEJJKE,01JZ170DPRHYGRH6M74WMGZ8J5,2025-06-30T20:13:32.251507015Z,01JZ170DSBT7R80F1BC6BFNZAP,2025-06-30T20:13:32.251507015Z,01JZ17A0VX21AM44XR65ZCDBQZ,2025-06-30T20:13:32.251507015Z,01JZ17JC2RA6WXF9ZF2QJYR7ZN,2025-06-30T20:13:32.251507015Z
01JZ17SX3S95VVNYM8WM8YQ9FJ,01JZ170DPRHYGRH6M74WMGZ8J5,2025-06-30T20:17:38.42543986Z,01JZ170DS434CCJM920VN081CV,2025-06-30T20:17:38.42543986Z,01JZ17BSJ6X9VEMM4EYWC90B29,2025-06-30T20:17:38.42543986Z,01JZ17HX14FY8E41PWFYHSWJ2P,2025-06-30T20:17:38.42543986Z
01JZ1A4Z34GCJX8XYZA3MXQGBJ,01JZ19VEXCKVX740B60X4W6PQN,2025-06-30T20:58:38.052082614Z,01JZ19VF1X4TGM9HTAVFF08YB3,2025-06-30T20:58:38.052082614Z,01JZ19YP19TRXJV609GHDS9029,2025-06-30T20:58:38.052082614Z,01JZ1A31STNBCB1FNASKSH9RM4,2025-06-30T20:58:38.052082614Z
01JZ1F5KKQ0Y321307A6K9Y7YW,01JZ1E916HBESJXS5SJ82BFZ21,2025-06-30T22:26:21.94352125Z,01JZ1E91Z6K0ZJGCC53Q4JQWJP,2025-06-30T22:26:21.94352125Z,01JZ1EPVZGZEY9DBBKYD48H59H,2025-06-30T22:26:21.94352125Z,01JZ1EXC0ZXQFHPV1MR4EM7PTE,2025-06-30T22:26:21.94352125Z
01JZ17T2DFRYC7GVQPHQKQD0MD,01JZ170DPRHYGRH6M74WMGZ8J5,2025-06-30T20:17:43.855143047Z,01JZ170DSBT7R80F1BC6BFNZAP,2025-06-30T20:17:43.855143047Z,01JZ17898TMETDM923KMFF15WB,2025-06-30T20:17:43.855143047Z,01JZ17JC31V9W433CZ54VPSDCC,2025-06-30T20:17:43.855143047Z
01JZ17VWYXYF9ZB7HZ9G248FVD,01JZ170DPRHYGRH6M74WMGZ8J5,2025-06-30T20:18:43.805893412Z,01JZ170DRWH3Q5VEKFYTCWXCB9,2025-06-30T20:18:43.805893412Z,01JZ179X6Q4FCZN7X4TNMWRQ73,2025-06-30T20:18:43.805893412Z,01JZ17M63THTS8VR02B734BA3Z,2025-06-30T20:18:43.805893412Z
01JZ1BXF0FG7Q2MT10YK4AJXGP,01JZ1B1VZ9TM9N3252XVVAH9DZ,2025-06-30T21:29:29.360044466Z,01JZ1B1W4RP0VXDDKCJTNKM3AX,2025-06-30T21:29:29.360044466Z,01JZ1BHJS3735357S2TBZ4T5W4,2025-06-30T21:29:29.360044466Z,01JZ1BNYAAW7XNTC5PXF53BARA,2025-06-30T21:29:29.360044466Z
01JZ18T5C27DMXJ5XXTAA8RZCV,01JZ18G4TN4FH7205KTQTFE7PM,2025-06-30T20:35:15.458837496Z,01JZ18G512YK4K14AJW1A4KQT5,2025-06-30T20:35:15.458837496Z,01JZ18JYCDAD1FWP17TG353JM2,2025-06-30T20:35:15.458837496Z,01JZ18R8CZAK9T47Q30YNKNJNG,2025-06-30T20:35:15.458837496Z
01JZ19191FG9WWX3J19DRPS7PJ,01JZ18G4TN4FH7205KTQTFE7PM,2025-06-30T20:39:08.591939103Z,01JZ18G4WPK6V9JKZAVKNYS3NB,2025-06-30T20:39:08.591939103Z,01JZ18K4JZ90XMGGNXMJGKEJ5P,2025-06-30T20:39:08.591939103Z,01JZ18RR9VM7GJWMP15BXNKK3H,2025-06-30T20:39:08.591939103Z
01JZ1AGB5WP8HQWJBPHJY4875C,01JZ19VEXCKVX740B60X4W6PQN,2025-06-30T21:04:50.876923742Z,01JZ19VF9WCS5BMDRCPXZK6ZBF,2025-06-30T21:04:50.876923742Z,01JZ1A5BC93T1VSNTPVNANBKKY,2025-06-30T21:04:50.876923742Z,01JZ1A8RSRN8NWX633AN587X7F,2025-06-30T21:04:50.876923742Z
01JZ1FBVG3FJE3SG8AP4M155BT,01JZ1E916HBESJXS5SJ82BFZ21,2025-06-30T22:29:46.628023378Z,01JZ1E91SWVSXS6FK33QCMH9SP,2025-06-30T22:29:46.628023378Z,01JZ1EJSF3D74SJNMB9KEWHKK2,2025-06-30T22:29:46.628023378Z,01JZ1F45JS6TFXTD2Q00PGG1NH,2025-06-30T22:29:46.628023378Z
01JZ17VV0AHN1TJEZT4T8FV2GN,01JZ170DPRHYGRH6M74WMGZ8J5,2025-06-30T20:18:41.802960419Z,01JZ170DS434CCJM920K0JDY80,2025-06-30T20:18:41.802960419Z,01JZ17BZXCKBRDGQ6529TYVNY6,2025-06-30T20:18:41.802960419Z,01JZ17MERZP6TAGVPVPPE2FHS9,2025-06-30T20:18:41.802960419Z
01JZ18QXYJWX9463T2QM6JJ55P,01JZ18G4TN4FH7205KTQTFE7PM,2025-06-30T20:34:02.322727776Z,01JZ18G4YK3PSP6R2PNWBA4P8S,2025-06-30T20:34:02.322727776Z,01JZ18K6XVG6N44078RFW6M633,2025-06-30T20:34:02.322727776Z,01JZ18QWBRR3KN0B62DES46FPE,2025-06-30T20:34:02.322727776Z
01JZ17PTQJG4DR2353W6306NQG,01JZ170DPRHYGRH6M74WMGZ8J5,2025-06-30T20:15:57.683039212Z,01JZ170DSMJZPS89ZBMFZ7ATK7,2025-06-30T20:15:57.683039212Z,01JZ178V1SBS1YEEZCW5R3AAJF,2025-06-30T20:15:57.683039212Z,01JZ17MYDW712GB678NHAF4EAC,2025-06-30T20:15:57.683039212Z
01JZ17RR56EWJTSX6RP0W0W174,01JZ170DPRHYGRH6M74WMGZ8J5,2025-06-30T20:17:00.582128135Z,01JZ170DRXVGFVP20P8DK3M491,2025-06-30T20:17:00.582128135Z,01JZ17BF7NX0X3DRNTNKBRP4A9,2025-06-30T20:17:00.582128135Z,01JZ17H2JPFPJA5AGAW7MSWH7S,2025-06-30T20:17:00.582128135Z
01JZ17VWZ8XN03VCCTAWFJMXFA,01JZ170DPRHYGRH6M74WMGZ8J5,2025-06-30T20:18:43.816390216Z,01JZ170DRWH3Q5VEKFYTCWXCB9,2025-06-30T20:18:43.816390216Z,01JZ179F3PP1PB0BWJA9TNG5TN,2025-06-30T20:18:43.816390216Z,01JZ17M63THTS8VR02B734BA3Z,2025-06-30T20:18:43.816390216Z
01JZ18XZFFTWE5VASZB6F31WJR,01JZ18G4TN4FH7205KTQTFE7PM,2025-06-30T20:37:20.495246772Z,01JZ18G4ZDA13FR053ZT1R1FPF,2025-06-30T20:37:20.495246772Z,01JZ18J71C4JGFMP9MP8Y4KY9T,2025-06-30T20:37:20.495246772Z,01JZ18NR75F2HVZFYQR471939T,2025-06-30T20:37:20.495246772Z
01JZ18YSZM6EWHFFYRZ5Z58RXY,01JZ18G4TN4FH7205KTQTFE7PM,2025-06-30T20:37:47.636763858Z,01JZ18G4YA2XRQ9RK4RH5WQB1P,2025-06-30T20:37:47.636763858Z,01JZ18M0E7QK051FXC32B03XG8,2025-06-30T20:37:47.636763858Z,01JZ18Q1S7RYZRF0109T2366SB,2025-06-30T20:37:47.636763858Z
01JZ1BD80XGRPY3C1HT1W62M6Q,01JZ1B1VZ9TM9N3252XVVAH9DZ,2025-06-30T21:20:37.917233215Z,01JZ1B1W5AJ9N87HJBZ99HRQPJ,2025-06-30T21:20:37.917233215Z,01JZ1B5GACPFWN4R0XMT462FAM,2025-06-30T21:20:37.917233215Z,01JZ1BB7ETZS9BEX799QEABQ0R,2025-06-30T21:20:37.917233215Z
01JZ1CFYXGNVGGGERVFE34AWS4,01JZ1BX7WQMA45G0E33EEHJ3V9,2025-06-30T21:39:35.472619793Z,01JZ1BX849RGFMRNF1WR9VXVPD,2025-06-30T21:39:35.472619793Z,01JZ1C6CTMT28Z0M14S1H6T07Y,2025-06-30T21:39:35.472619793Z,01JZ1C84RKQ0P9K5DXZDFR6T0J,2025-06-30T21:39:35.472619793Z
01JZ1GJ3WMKAPGVFG1D3JR1DXS,01JZ1G29Q82GQAKEXSK2E7NK3R,2025-06-30T22:50:40.404809314Z,01JZ1G2A24PAZYJHH2EQFGJG7N,2025-06-30T22:50:40.404809314Z,01JZ1G7JX1NV5X3X0139HRSB32,2025-06-30T22:50:40.404809314Z,01JZ1GG43VKPZ1V5ZJWSGJMS64,2025-06-30T22:50:40.404809314Z
01JZ191RDY3JZNNJS6GXY0NJB5,01JZ18G4TN4FH7205KTQTFE7PM,2025-06-30T20:39:24.350379716Z,01JZ18G508W9SSEDAT6B79GZND,2025-06-30T20:39:24.350379716Z,01JZ18M2SFWFRTRVV46KHVE0JB,2025-06-30T20:39:24.350379716Z,01JZ18STF1YM3N28QT3VD2MWJ6,2025-06-30T20:39:24.350379716Z
01JZ1AZ5R1XA1EPBKCX86V7JXW,01JZ19VEXCKVX740B60X4W6PQN,2025-06-30T21:12:56.833826131Z,01JZ19VF4XXDC5SP97SM18G8VM,2025-06-30T21:12:56.833826131Z,01JZ1ANDKY8QTNAK6C66WRTD5R,2025-06-30T21:12:56.833826131Z,01JZ1AQBH2AQ4HJ4SKYQ5374F4,2025-06-30T21:12:56.833826131Z
01JZ1F5JFA2P1YGN6BP36PWHC7,01JZ1E916HBESJXS5SJ82BFZ21,2025-06-30T22:26:20.778350048Z,01JZ1E91WFH0SPDF0PZ6G1349X,2025-06-30T22:26:20.778350048Z,01JZ1EAPTEQ3YCZAND0ZRHWRT7,2025-06-30T22:26:20.778350048Z,01JZ1EY0V936Q11XBE6E3XZ1F6,2025-06-30T22:26:20.778350048Z
01JZ1AH0KZ4F7BF5XKFEH4859Q,01JZ19VEXCKVX740B60X4W6PQN,2025-06-30T21:05:12.831265303Z,01JZ19VF9WCS5BMDRCPXZK6ZBF,2025-06-30T21:05:12.831265303Z,01JZ18QF2693Q9TCBGRNNEEKBJ,2025-06-30T21:05:12.831265303Z,01JZ1A8RRMDWP0AE0XY4GVAREN,2025-06-30T21:05:12.831265303Z
01JZ1AH0MQ1QYHAB0C54T1X5SE,01JZ19VEXCKVX740B60X4W6PQN,2025-06-30T21:05:12.855814292Z,01JZ19VF9WCS5BMDRCPXZK6ZBF,2025-06-30T21:05:12.855814292Z,01JZ19XKK2V5414G0ST34MPS62,2025-06-30T21:05:12.855814292Z,01JZ1A8RRMDWP0AE0XY4GVAREN,2025-06-30T21:05:12.855814292Z
01JZ1DJ2QKDRGTGM139RXBW09M,01JZ1D0RX94M7HHBAJDNGV8QRS,2025-06-30T21:58:13.49132384Z,01JZ1D0S064NT759Q480WCA8PK,2025-06-30T21:58:13.49132384Z,01JZ1D7QQ9A97C7JTBZNPKRB8Y,2025-06-30T21:58:13.49132384Z,01JZ1DFXKSWPB74HF8RE7BCFY9,2025-06-30T21:58:13.49132384Z
01JZ17QJR7241Z3PJT33BG3E42,01JZ170DPRHYGRH6M74WMGZ8J5,2025-06-30T20:16:22.279904371Z,01JZ170DRSFZ9Y16965WN1Z2F9,2025-06-30T20:16:22.279904371Z,01JZ17ACVQQE42SB51P5M3A1GH,2025-06-30T20:16:22.279904371Z,01JZ17G70TM6EWY78GFBKAH2E9,2025-06-30T20:16:22.279904371Z
01JZ18RKJ69TZ4D0V9BAM0XCD8,01JZ18G4TN4FH7205KTQTFE7PM,2025-06-30T20:34:24.454334802Z,01JZ18G4Y1ABZPJ815NAWEN19T,2025-06-30T20:34:24.454334802Z,01JZ18HGDSE2JWMVWW1YEZN8Q5,2025-06-30T20:34:24.454334802Z,01JZ18PMF1481YNW4VF038RS60,2025-06-30T20:34:24.454334802Z
01JZ1BAMTEBKZRMASBHR4T9TJ2,01JZ1B1VZ9TM9N3252XVVAH9DZ,2025-06-30T21:19:12.71842471Z,01JZ1B1W6S117BH8HCA7NH9R7E,2025-06-30T21:19:12.71842471Z,01JZ1B51FGYNJ0T68GXM1MEH1R,2025-06-30T21:19:12.71842471Z,01JZ1BAHADH4W4M1AJ6DNKBPWK,2025-06-30T21:19:12.71842471Z
01JZ1DCRR9ARWR87J17E5DNQAK,01JZ1D0RX94M7HHBAJDNGV8QRS,2025-06-30T21:55:19.433826047Z,01JZ1D0S14X3T6948SDJVF454K,2025-06-30T21:55:19.433826047Z,01JZ1D4M3DA9VHJGDM7TJDNSPA,2025-06-30T21:55:19.433826047Z,01JZ1DCMMVE34S81XF4MAEYBQN,2025-06-30T21:55:19.433826047Z
01JZ17QB0SE6VSGBXMFZM50MY5,01JZ170DPRHYGRH6M74WMGZ8J5,2025-06-30T20:16:14.361823859Z,01JZ170DS5DJKXJ3Z7YVJKJJXK,2025-06-30T20:16:14.361823859Z,01JZ17ETMDVKMB5DEN58FYX8NM,2025-06-30T20:16:14.361823859Z,01JZ17QA5Z590RP2SNRWWJMCH6,2025-06-30T20:16:14.361823859Z
01JZ1A4Z1TWPC52PJB7QXNN4V8,01JZ19VEXCKVX740B60X4W6PQN,2025-06-30T20:58:38.01036971Z,01JZ19VF1X4TGM9HTAVFF08YB3,2025-06-30T20:58:38.01036971Z,01JZ19XY7CXDASK651A0S5NR34,2025-06-30T20:58:38.01036971Z,01JZ1A31STNBCB1FNASKSH9RM4,2025-06-30T20:58:38.01036971Z
01JZ1AASYNV4G5CBX7HRZF2FZ2,01JZ19VEXCKVX740B60X4W6PQN,2025-06-30T21:01:49.397151018Z,01JZ19VF5YA4VZJRJDVJVY1XBY,2025-06-30T21:01:49.397151018Z,01JZ19Y068YTBSDNPDANA6K38M,2025-06-30T21:01:49.397151018Z,01JZ1AAR1060BHD991DM45EP7A,2025-06-30T21:01:49.397151018Z
01JZ1DF9ETVA4R5DVT2K1ECC42,01JZ1D0RX94M7HHBAJDNGV8QRS,2025-06-30T21:56:42.07421907Z,01JZ1D0S2S8SEBXETFQJSTGM5V,2025-06-30T21:56:42.07421907Z,01JZ1D4W11PS06G8TDSZKJ39RF,2025-06-30T21:56:42.07421907Z,01JZ1D77ZGJGAA1PN0Y98H9Q1P,2025-06-30T21:56:42.07421907Z
01JZ1DTC8YMX40MKQ7AF5MFZQ9,01JZ1D0RX94M7HHBAJDNGV8QRS,2025-06-30T22:02:45.406721599Z,01JZ1D0S3N2D9DCG3EHS8AP4R1,2025-06-30T22:02:45.406721599Z,01JZ1D49JVTEEYC1V6ZNF5Y9RQ,2025-06-30T22:02:45.406721599Z,01JZ1DJBGG0DEBHS0YMCP0X5R4,2025-06-30T22:02:45.406721599Z
01JZ17HXGKZ44W4REPT9DVNX9X,01JZ170DPRHYGRH6M74WMGZ8J5,2025-06-30T20:13:16.691205058Z,01JZ170DS434CCJM920VN081CV,2025-06-30T20:13:16.691205058Z,01JZ17AXNB63XKGBKW724P24XM,2025-06-30T20:13:16.691205058Z,01JZ17HX0WDHJY255DWBEJWHE6,2025-06-30T20:13:16.691205058Z
01JZ17P2BSCPPD8RV6E44FP1WJ,01JZ170DPRHYGRH6M74WMGZ8J5,2025-06-30T20:15:32.729152425Z,01JZ170DRWH3Q5VEKFYTCWXCB9,2025-06-30T20:15:32.729152425Z,01JZ17E300K9YQ0KK94FSGZ5RV,2025-06-30T20:15:32.729152425Z,01JZ17M6426GB2CWYTAT7MS6CN,2025-06-30T20:15:32.729152425Z
01JZ17VGW47TGB8X29TM9STKAG,01JZ170DPRHYGRH6M74WMGZ8J5,2025-06-30T20:18:31.428707947Z,01JZ170DSWJ6311N72HPSQWG9K,2025-06-30T20:18:31.428707947Z,01JZ17HR3SKAZC9R19A608NCQK,2025-06-30T20:18:31.428707947Z,01JZ17KG5FZCMZS2YJVCAZ741Y,2025-06-30T20:18:31.428707947Z
01JZ190BHB5KDBQPR1KHNDZ98A,01JZ18G4TN4FH7205KTQTFE7PM,2025-06-30T20:38:38.379466613Z,01JZ18G4XMK5QHE5YNTR43VZ9V,2025-06-30T20:38:38.379466613Z,01JZ18JG8638DXN8F3WDEPTJAB,2025-06-30T20:38:38.379466613Z,01JZ18RP8NH16RGQPN23QF70FD,2025-06-30T20:38:38.379466613Z
01JZ199SWJGZA1TSAMNWY9YPRY,01JZ18R9CHSHJ2BAJZ4M4PAW2X,2025-06-30T20:43:47.986307607Z,01JZ18RA3DBE17YR6D8FEXRWFY,2025-06-30T20:43:47.986307607Z,01JZ18V7AEVH5VMDMYVZ6HXGK5,2025-06-30T20:43:47.986307607Z,01JZ197VZQZ3W28DZHMN5K9CXH,2025-06-30T20:43:47.986307607Z
01JZ1DSYQ53PS6VR0J5G1X8YF1,01JZ1D0RX94M7HHBAJDNGV8QRS,2025-06-30T22:02:31.526010043Z,01JZ1D0S61XK8FZCNQBM2ZAEE6,2025-06-30T22:02:31.526010043Z,01JZ1D5XZ05FCDAH1D4YG77JR7,2025-06-30T22:02:31.526010043Z,01JZ1DHGBSZZHKEP5QJKJSKXHE,2025-06-30T22:02:31.526010043Z
01JZ1F5X6385CGNE2BRV3CY4AV,01JZ1E916HBESJXS5SJ82BFZ21,2025-06-30T22:26:31.748005173Z,01JZ1E91WFH0SPDF0PZ6G1349X,2025-06-30T22:26:31.748005173Z,01JZ1ENXKQ8QM070MZA5HYVVNG,2025-06-30T22:26:31.748005173Z,01JZ1EY0ZKJGN8776MBVTAFR24,2025-06-30T22:26:31.748005173Z
01JZ17W9MZ1Q5D4DXYG7XM0GAB,01JZ170DPRHYGRH6M74WMGZ8J5,2025-06-30T20:18:56.79937616Z,01JZ170DSR5F2SARFX61BD5BFD,2025-06-30T20:18:56.79937616Z,01JZ17D6932YKNNSWD1JMYAKKF,2025-06-30T20:18:56.79937616Z,01JZ17M8TBTH3TC0NGPGNB96E6,2025-06-30T20:18:56.79937616Z
01JZ1AAV331V1AP7ZXDZ61CH18,01JZ19VEXCKVX740B60X4W6PQN,2025-06-30T21:01:50.563247102Z,01JZ19VF1X4TGM9HTAVFF08YB3,2025-06-30T21:01:50.563247102Z,01JZ19X9AX1VPBDDCP087HWECT,2025-06-30T21:01:50.563247102Z,01JZ1A31V3EJ1Y2YEGMA5AZKE4,2025-06-30T21:01:50.563247102Z
01JZ1BNSFQNV436J7MAA1WAQPW,01JZ1B1VZ9TM9N3252XVVAH9DZ,2025-06-30T21:25:17.943186352Z,01JZ1B1W5TAZ0C76DBH0ZAEY5X,2025-06-30T21:25:17.943186352Z,01JZ1B3WZ5Q8VM6YQPSTYC2J5Y,2025-06-30T21:25:17.943186352Z,01JZ1BNNDP6X2S9Y1STMRSC69M,2025-06-30T21:25:17.943186352Z
01JZ1DT7EXNZVTCQ4Y22T30V0R,01JZ1D0RX94M7HHBAJDNGV8QRS,2025-06-30T22:02:40.477180349Z,01JZ1D0S4EMT97ECKQ06X1ZWAX,2025-06-30T22:02:40.477180349Z,01JZ1DCFS2MSEF81EKXGM05M99,2025-06-30T22:02:40.477180349Z,01JZ1DHWEXPB13DZQKK7395V00,2025-06-30T22:02:40.477180349Z
01JZ1F1D6QKJC77SC9P4ZYSFTH,01JZ1E916HBESJXS5SJ82BFZ21,2025-06-30T22:24:04.311934625Z,01JZ1E926BWK6TV1HDSC3ZQW4Y,2025-06-30T22:24:04.311934625Z,01JZ1EQKR69J0BQM6378QJ8X8Y,2025-06-30T22:24:04.311934625Z,01JZ1EST891W4CWE2FZ4NEZT5P,2025-06-30T22:24:04.311934625Z
01JZ1FFJAG03QQ39HSQFET9VVS,01JZ1E916HBESJXS5SJ82BFZ21,2025-06-30T22:31:48.304186366Z,01JZ1E91ENR7DC2PFTK7ZY5PTJ,2025-06-30T22:31:48.304186366Z,01JZ1EESNEX1G6N7P06E41EYRK,2025-06-30T22:31:48.304186366Z,01JZ1F70MP8EMZE5ECG6QP8N7N,2025-06-30T22:31:48.304186366Z
01JZ1A33W25CRT5BYHBE6HEDEF,01JZ19VEXCKVX740B60X4W6PQN,2025-06-30T20:57:37.410037528Z,01JZ19VF1X4TGM9HTAVFF08YB3,2025-06-30T20:57:37.410037528Z,01JZ19XY7CXDASK651A0S5NR34,2025-06-30T20:57:37.410037528Z,01JZ1A31S02SDHSEM91H5D9K0N,2025-06-30T20:57:37.410037528Z
01JZ1CVWFSK941B00ZADV3NHKT,01JZ1C4XJFQQ45ZHGATAXVBX0J,2025-06-30T21:46:06.20174502Z,01JZ1C4XNE4VHGMR9JDZS6Y7F9,2025-06-30T21:46:06.20174502Z,01JZ1CEYEW4QC345QNCDR6C494,2025-06-30T21:46:06.20174502Z,01JZ1CM9NHAQYVB9EBB2FPWPMG,2025-06-30T21:46:06.20174502Z
01JZ1F67ZTCXK1A7V23DE2G2QJ,01JZ1E916HBESJXS5SJ82BFZ21,2025-06-30T22:26:42.810604146Z,01JZ1E91WFH0SPDF0PZ6G1349X,2025-06-30T22:26:42.810604146Z,01JZ1EBNRXWXP0H461Z4YMKNYP,2025-06-30T22:26:42.810604146Z,01JZ1EY0XJ2C8YVSWG7BRMYZAF,2025-06-30T22:26:42.810604146Z
01JZ17SJQJFFAE95C7PB2QH2RZ,01JZ170DPRHYGRH6M74WMGZ8J5,2025-06-30T20:17:27.794540796Z,01JZ170DS434CCJM920VN081CV,2025-06-30T20:17:27.794540796Z,01JZ17BPKZNHJ9DBN3R83MMZW2,2025-06-30T20:17:27.794540796Z,01JZ17HX12C9Q5A1V342FH26JF,2025-06-30T20:17:27.794540796Z
01JZ18R70Z50512HGFJ3ZVAX77,01JZ18G4TN4FH7205KTQTFE7PM,2025-06-30T20:34:11.616029281Z,01JZ18G4X5EPR69QT64DVYQXFJ,2025-06-30T20:34:11.616029281Z,01JZ18HXXDMVGXCQ4P1CVWEG2V,2025-06-30T20:34:11.616029281Z,01JZ18PAPZYGZBF3DQ7XCBJ9MP,2025-06-30T20:34:11.616029281Z
01JZ18RKC9MGEYGZJV5Z38816X,01JZ18G4TN4FH7205KTQTFE7PM,2025-06-30T20:34:24.265261204Z,01JZ18G50G0GKPPCFSW2N0ZNW1,2025-06-30T20:34:24.265261204Z,01JZ18N84ND15PG04895JYQ6RT,2025-06-30T20:34:24.265261204Z,01JZ18RHHCVE30JQC8SHSPW4MY,2025-06-30T20:34:24.265261204Z
01JZ18YG48QA0FN7GXCXC7TH00,01JZ18G4TN4FH7205KTQTFE7PM,2025-06-30T20:37:37.54407908Z,01JZ18G4Y1ABZPJ815NAWEN19T,2025-06-30T20:37:37.54407908Z,01JZ18KZMETYG3YXGETN6WS81Q,2025-06-30T20:37:37.54407908Z,01JZ18PMFKK6H14YD886P3HZXA,2025-06-30T20:37:37.54407908Z
01JZ1DHHBG8QPVHRMQBSZQNHF1,01JZ1D0RX94M7HHBAJDNGV8QRS,2025-06-30T21:57:55.696884137Z,01JZ1D0S58CJJ0G6BA8AW8ZVCS,2025-06-30T21:57:55.696884137Z,01JZ1D6ZQPM67S4BNXG3Y9BBD9,2025-06-30T21:57:55.696884137Z,01JZ1D976ADRX00GH05XJ7VG1Y,2025-06-30T21:57:55.696884137Z
01JZ18P8V8S826DA4WFGQR63CN,01JZ18G4TN4FH7205KTQTFE7PM,2025-06-30T20:33:07.944323846Z,01JZ18G50PJASP911XB82AW46K,2025-06-30T20:33:07.944323846Z,01JZ18KCZAP8MJWF3YFSDPP92T,2025-06-30T20:33:07.944323846Z,01JZ18P6KKP6YDW0ZB2JNENH81,2025-06-30T20:33:07.944323846Z
01JZ1AAF3XXA9VWH69RYMFQCTR,01JZ19VEXCKVX740B60X4W6PQN,2025-06-30T21:01:38.301612166Z,01JZ19VF81DTYMGWYB0TAJKDWY,2025-06-30T21:01:38.301612166Z,01JZ1A7CX8Z1SNGPWK47XB0JNS,2025-06-30T21:01:38.301612166Z,01JZ1AABJ0BY70FX8865HSNR55,2025-06-30T21:01:38.301612166Z
01JZ1AJM8HPPNH53N4CW7RT69R,01JZ19VEXCKVX740B60X4W6PQN,2025-06-30T21:06:05.713659965Z,01JZ19VF5YA4VZJRJDVJVY1XBY,2025-06-30T21:06:05.713659965Z,01JZ1A8FR32NPD5RJ1DVE9H7Y6,2025-06-30T21:06:05.713659965Z,01JZ1AAR25HY3X5YXR8EKP4ZNT,2025-06-30T21:06:05.713659965Z
01JZ1AYV93QMS04KHWK9PEN6FC,01JZ19VEXCKVX740B60X4W6PQN,2025-06-30T21:12:46.115322105Z,01JZ19VF4XXDC5SP97SM18G8VM,2025-06-30T21:12:46.115322105Z,01JZ1ANH2BAB5BYK2XY4CKB2EM,2025-06-30T21:12:46.115322105Z,01JZ1AQBHRMVHPE1YZ6WFANPW5,2025-06-30T21:12:46.115322105Z
01JZ1FCGZ57RZTEJXC23W1PBCE,01JZ1E916HBESJXS5SJ82BFZ21,2025-06-30T22:30:08.613181453Z,01JZ1E91SWVSXS6FK33QCMH9SP,2025-06-30T22:30:08.613181453Z,01JZ1F2TBXEZEKPK7X854K54D8,2025-06-30T22:30:08.613181453Z,01JZ1F45MGBYSVGGAVDK1YM8N9,2025-06-30T22:30:08.613181453Z
01JZ18XR5EPGZDMYPD0MWK8A60,01JZ18G4TN4FH7205KTQTFE7PM,2025-06-30T20:37:13.006715862Z,01JZ18G4X5EPR69QT64DVYQXFJ,2025-06-30T20:37:13.006715862Z,01JZ18HXXDMVGXCQ4P1CVWEG2V,2025-06-30T20:37:13.006715862Z,01JZ18PAPJXR5K55YMBBDH8RCF,2025-06-30T20:37:13.006715862Z
01JZ17S8KR6CX4FCGJZF25F6BE,01JZ170DPRHYGRH6M74WMGZ8J5,2025-06-30T20:17:17.432167251Z,01JZ170DS434CCJM920VN081CV,2025-06-30T20:17:17.432167251Z,01JZ17BPKZNHJ9DBN3R83MMZW2,2025-06-30T20:17:17.432167251Z,01JZ17HX1BGQ137FDPYSARB5NT,2025-06-30T20:17:17.432167251Z
01JZ18RKCM921FN2EVXBE2HD6F,01JZ18G4TN4FH7205KTQTFE7PM,2025-06-30T20:34:24.276774575Z,01JZ18G50G0GKPPCFSW2N0ZNW1,2025-06-30T20:34:24.276774575Z,01JZ18MW05S42NZ47MWBQC7P11,2025-06-30T20:34:24.276774575Z,01JZ18RHHCVE30JQC8SHSPW4MY,2025-06-30T20:34:24.276774575Z
01JZ18RKMQQYPZ3YN3NN0VPWW4,01JZ18G4TN4FH7205KTQTFE7PM,2025-06-30T20:34:24.535922491Z,01JZ18G4Y1ABZPJ815NAWEN19T,2025-06-30T20:34:24.535922491Z,01JZ18JTT4THQJ9FYDDES7JX1C,2025-06-30T20:34:24.535922491Z,01JZ18PMF1481YNW4VF038RS60,2025-06-30T20:34:24.535922491Z
01JZ17QNW3H4A0RGK2H23C9JJ8,01JZ170DPRHYGRH6M74WMGZ8J5,2025-06-30T20:16:25.475163698Z,01JZ170DS0283SZNEN95XAWWS4,2025-06-30T20:16:25.475163698Z,01JZ17NQ4AD6VM7PXCZNF246W5,2025-06-30T20:16:25.475163698Z,01JZ17NT7VKFDEH0WZ6ZY88ZPG,2025-06-30T20:16:25.475163698Z
01JZ1AAQ9PK4Z4M9FTJ7EJFMY7,01JZ19VEXCKVX740B60X4W6PQN,2025-06-30T21:01:46.678968105Z,01JZ19VF9WCS5BMDRCPXZK6ZBF,2025-06-30T21:01:46.678968105Z,01JZ1A5BC93T1VSNTPVNANBKKY,2025-06-30T21:01:46.678968105Z,01JZ1A8RTBQBGQ6B3M8DMQ82K3,2025-06-30T21:01:46.678968105Z
01JZ1AGB8GM8T3C4D1WS61QJWT,01JZ19VEXCKVX740B60X4W6PQN,2025-06-30T21:04:50.960586923Z,01JZ19VF9WCS5BMDRCPXZK6ZBF,2025-06-30T21:04:50.960586923Z,01JZ18QF2693Q9TCBGRNNEEKBJ,2025-06-30T21:04:50.960586923Z,01JZ1A8RSRN8NWX633AN587X7F,2025-06-30T21:04:50.960586923Z
01JZ1CJS33WQNXREC62KVNJ48S,01JZ1BX7WQMA45G0E33EEHJ3V9,2025-06-30T21:41:07.81196733Z,01JZ1BX82RNFGPPA94NES9507T,2025-06-30T21:41:07.81196733Z,01JZ1C98HS2FRFHZKQAPAW4FY4,2025-06-30T21:41:07.81196733Z,01JZ1CAKVW35AFX8X2Z7T9CWZB,2025-06-30T21:41:07.81196733Z
01JZ17QWRX1NK7B6H9HH093WZ4,01JZ170DPRHYGRH6M74WMGZ8J5,2025-06-30T20:16:32.541574969Z,01JZ170DRSFZ9Y16965WN1Z2F9,2025-06-30T20:16:32.541574969Z,01JZ17C7XWANHTDKEBR013EKFH,2025-06-30T20:16:32.541574969Z,01JZ17G70EF8S99NVNWP5G0YQ4,2025-06-30T20:16:32.541574969Z
01JZ17XTXC4KGPEA52TRDG4QGT,01JZ170DPRHYGRH6M74WMGZ8J5,2025-06-30T20:19:47.24453074Z,01JZ170DS0283SZNEN95XAWWS4,2025-06-30T20:19:47.24453074Z,01JZ17NQ4AD6VM7PXCZNF246W5,2025-06-30T20:19:47.24453074Z,01JZ17NT6Q15JZTNT1T2TRQ09Q,2025-06-30T20:19:47.24453074Z
01JZ18Y2R2HC5PY4D4TN3MDEQ0,01JZ18G4TN4FH7205KTQTFE7PM,2025-06-30T20:37:23.842748281Z,01JZ18G4X5EPR69QT64DVYQXFJ,2025-06-30T20:37:23.842748281Z,01JZ18M07T82RGAMZEPD0QD6Q9,2025-06-30T20:37:23.842748281Z,01JZ18PAR13X6VEBNAGYQZRZE6,2025-06-30T20:37:23.842748281Z
01JZ1BXWD95NPB3JN2V3RJB8KB,01JZ1B1VZ9TM9N3252XVVAH9DZ,2025-06-30T21:29:43.081719056Z,01JZ1B1W5TAZ0C76DBH0ZAEY5X,2025-06-30T21:29:43.081719056Z,01JZ1B3Y49GJFDA022ZKPSHE7M,2025-06-30T21:29:43.081719056Z,01JZ1BNNMV2BR05NWSF4VH5Q39,2025-06-30T21:29:43.081719056Z
01JZ1FAC2EF63BAYK3TF4J94EA,01JZ1E916HBESJXS5SJ82BFZ21,2025-06-30T22:28:58.062818122Z,01JZ1E923XSJ5V9JGGJQR2CG7M,2025-06-30T22:28:58.062818122Z,01JZ1EED3A8PGE3DSBSCB45ADQ,2025-06-30T22:28:58.062818122Z,01JZ1F28W7H4V05K01XJ3W0HSB,2025-06-30T22:28:58.062818122Z
01JZ17NBS36BP3TDJEEQ8P73K4,01JZ170DPRHYGRH6M74WMGZ8J5,2025-06-30T20:15:09.603213913Z,01JZ170DSWJ6311N72HPSQWG9K,2025-06-30T20:15:09.603213913Z,01JZ17D915S4GRY1FXGXK8RTTY,2025-06-30T20:15:09.603213913Z,01JZ17KG534VMGAN6DZ77QN8H5,2025-06-30T20:15:09.603213913Z
01JZ17VJSRM503B359S9GMKAV3,01JZ170DPRHYGRH6M74WMGZ8J5,2025-06-30T20:18:33.400099046Z,01JZ170DRWH3Q5VEKFYTCWXCB9,2025-06-30T20:18:33.400099046Z,01JZ17E300K9YQ0KK94FSGZ5RV,2025-06-30T20:18:33.400099046Z,01JZ17M63Y2ZQE6JBWKAH6VSPE,2025-06-30T20:18:33.400099046Z
01JZ18ZFWBR5XK3XTBTVNTJD2Q,01JZ18G4TN4FH7205KTQTFE7PM,2025-06-30T20:38:10.059555211Z,01JZ18G4ZPD0G0WRB3ZSNJ4KSW,2025-06-30T20:38:10.059555211Z,01JZ18KKFGMMT5SG9HSP332X5F,2025-06-30T20:38:10.059555211Z,01JZ18QMEETMY6YTPVQZEX7GRT,2025-06-30T20:38:10.059555211Z
01JZ17HXG7G2WCJV16Y122E373,01JZ170DPRHYGRH6M74WMGZ8J5,2025-06-30T20:13:16.679088656Z,01JZ170DS434CCJM920VN081CV,2025-06-30T20:13:16.679088656Z,01JZ17A78DPNXD645MNCYQ5HYS,2025-06-30T20:13:16.679088656Z,01JZ17HX0WDHJY255DWBEJWHE6,2025-06-30T20:13:16.679088656Z
01JZ17HXGA7Q5YYYNJ59TWZJB5,01JZ170DPRHYGRH6M74WMGZ8J5,2025-06-30T20:13:16.682404299Z,01JZ170DS434CCJM920VN081CV,2025-06-30T20:13:16.682404299Z,01JZ17DF0FPMATGYC1VKMVTRWC,2025-06-30T20:13:16.682404299Z,01JZ17HX0WDHJY255DWBEJWHE6,2025-06-30T20:13:16.682404299Z
01JZ17RE41N6J6SG1512F0WY75,01JZ170DPRHYGRH6M74WMGZ8J5,2025-06-30T20:16:50.305531352Z,01JZ170DRXVGFVP20P8DK3M491,2025-06-30T20:16:50.305531352Z,01JZ17B3EJNXDWZGY3QVC1296A,2025-06-30T20:16:50.305531352Z,01JZ17H2JN1M16ZRE7JGQBPN5M,2025-06-30T20:16:50.305531352Z
01JZ17VTZNN6ARBY0FFP7RCW9P,01JZ170DPRHYGRH6M74WMGZ8J5,2025-06-30T20:18:41.781056512Z,01JZ170DS434CCJM920K0JDY80,2025-06-30T20:18:41.781056512Z,01JZ17ED81WEQ81KNKMV8HM1Z1,2025-06-30T20:18:41.781056512Z,01JZ17MERZP6TAGVPVPPE2FHS9,2025-06-30T20:18:41.781056512Z
01JZ18RSVMWM82EJ004EGQR7WJ,01JZ18G4TN4FH7205KTQTFE7PM,2025-06-30T20:34:30.900345387Z,01JZ18G4WPK6V9JKZAVKNYS3NB,2025-06-30T20:34:30.900345387Z,01JZ18K4JZ90XMGGNXMJGKEJ5P,2025-06-30T20:34:30.900345387Z,01JZ18RRBME3EX7FDX35TW0HT5,2025-06-30T20:34:30.900345387Z
01JZ18XZAF6A8W14NXCS8Q2921,01JZ18G4TN4FH7205KTQTFE7PM,2025-06-30T20:37:20.335685406Z,01JZ18G4ZDA13FR053ZT1R1FPF,2025-06-30T20:37:20.335685406Z,01JZ18JREDSF9T5ABKG1CCNPKZ,2025-06-30T20:37:20.335685406Z,01JZ18NR75F2HVZFYQR471939T,2025-06-30T20:37:20.335685406Z
01JZ1ACAHGGQV9JDCFPKHP7ETG,01JZ19VEXCKVX740B60X4W6PQN,2025-06-30T21:02:39.152999983Z,01JZ19VF81DTYMGWYB0TAJKDWY,2025-06-30T21:02:39.152999983Z,01JZ1A7CX8Z1SNGPWK47XB0JNS,2025-06-30T21:02:39.152999983Z,01JZ1AABK962FFJZTPD33N3VKP,2025-06-30T21:02:39.152999983Z
01JZ1GNPKTGA1SDEEQT2R29GTP,01JZ1G29Q82GQAKEXSK2E7NK3R,2025-06-30T22:52:37.882555393Z,01JZ1G2A6YM039KVE3FBKDN5TM,2025-06-30T22:52:37.882555393Z,01JZ1G4ZKPR33SMREF8RYR14CE,2025-06-30T22:52:37.882555393Z,01JZ1GDRSWA6J6E7BQGPG7XQH0,2025-06-30T22:52:37.882555393Z
01JZ18YDP804008KSTEXRZGEN8,01JZ18G4TN4FH7205KTQTFE7PM,2025-06-30T20:37:35.048576928Z,01JZ18G4X5EPR69QT64DVYQXFJ,2025-06-30T20:37:35.048576928Z,01JZ18J0PFCTBHRZ327Y7ADC0R,2025-06-30T20:37:35.048576928Z,01JZ18PAQPXAB9KP38CAA042W4,2025-06-30T20:37:35.048576928Z
01JZ18ZD7DB9RMEH26CXKQT1J6,01JZ18G4TN4FH7205KTQTFE7PM,2025-06-30T20:38:07.341080168Z,01JZ18G4YK3PSP6R2PNWBA4P8S,2025-06-30T20:38:07.341080168Z,01JZ18J1HPCJW9NZWB0AN2GDSE,2025-06-30T20:38:07.341080168Z,01JZ18QWAXDS741W4C9GD54TCD,2025-06-30T20:38:07.341080168Z
01JZ1BH84WD1NQ002CG6933YR1,01JZ1B1VZ9TM9N3252XVVAH9DZ,2025-06-30T21:22:49.116783286Z,01JZ1B1W68Y1JCNSRHTZJR0WTB,2025-06-30T21:22:49.116783286Z,01JZ1B84EMA8EXMS4XB5YP9VDA,2025-06-30T21:22:49.116783286Z,01JZ1BH43TCR207W6QA0XHTRSW,2025-06-30T21:22:49.116783286Z
01JZ1DTVEW6G3X3D9JVA45XG7K,01JZ1D0RX94M7HHBAJDNGV8QRS,2025-06-30T22:03:00.956582116Z,01JZ1D0S3N2D9DCG3EHS8AP4R1,2025-06-30T22:03:00.956582116Z,01JZ1DB76758JPZGHYCN646V7S,2025-06-30T22:03:00.956582116Z,01JZ1DJBHP6QZKY368KYFWAKY9,2025-06-30T22:03:00.956582116Z
01JZ1GP7BN9QNDQ5H0AAETYNE6,01JZ1G29Q82GQAKEXSK2E7NK3R,2025-06-30T22:52:55.029771335Z,01JZ1G29XRNS92G9JYEX4H033M,2025-06-30T22:52:55.029771335Z,01JZ1GGT9KDQPYVBYTSYY1MHFW,2025-06-30T22:52:55.029771335Z,01JZ1GM688HKS6CMQAXCQKE8GC,2025-06-30T22:52:55.029771335Z
01JZ17M7T61F2TPKSRD0XQ6WWS,01JZ170DPRHYGRH6M74WMGZ8J5,2025-06-30T20:14:32.774630029Z,01JZ170DSBT7R80F1BC6BFNZAP,2025-06-30T20:14:32.774630029Z,01JZ177S5KY8F9N4218V4EVNPY,2025-06-30T20:14:32.774630029Z,01JZ17JC3646JKWR0PPXMYYSSE,2025-06-30T20:14:32.774630029Z
01JZ17W7A74B2TQ4YMXD557RK0,01JZ170DPRHYGRH6M74WMGZ8J5,2025-06-30T20:18:54.40763758Z,01JZ170DRWH3Q5VEKFYTCWXCB9,2025-06-30T20:18:54.40763758Z,01JZ178J2BZ2NF5FVTXNH8JBMT,2025-06-30T20:18:54.40763758Z,01JZ17M62ZA7FM5T6J9Q36KCK0,2025-06-30T20:18:54.40763758Z
01JZ18ZV9ANFNF4243TT0G04PH,01JZ18G4TN4FH7205KTQTFE7PM,2025-06-30T20:38:21.738127437Z,01JZ18G4ZPD0G0WRB3ZSNJ4KSW,2025-06-30T20:38:21.738127437Z,01JZ18KKFGMMT5SG9HSP332X5F,2025-06-30T20:38:21.738127437Z,01JZ18QMFXN721VEA2NDQX9P2G,2025-06-30T20:38:21.738127437Z
01JZ19A666KP0G6E35S5BBDR9K,01JZ18R9CHSHJ2BAJZ4M4PAW2X,2025-06-30T20:44:00.582943678Z,01JZ18RA48YSHMY5EWBJ9E61V2,2025-06-30T20:44:00.582943678Z,01JZ192103EKKYM21MP70AEJNN,2025-06-30T20:44:00.582943678Z,01JZ192CP8ATXS4WPZV83STEM3,2025-06-30T20:44:00.582943678Z
01JZ1AASZA21N4MEP92CH1EY3N,01JZ19VEXCKVX740B60X4W6PQN,2025-06-30T21:01:49.418046862Z,01JZ19VF5YA4VZJRJDVJVY1XBY,2025-06-30T21:01:49.418046862Z,01JZ19XQ9SYW5JG2B10Z2EXJ0C,2025-06-30T21:01:49.418046862Z,01JZ1AAR1060BHD991DM45EP7A,2025-06-30T21:01:49.418046862Z
01JZ1BNAA6FRXBRXCZXMX325FJ,01JZ1B1VZ9TM9N3252XVVAH9DZ,2025-06-30T21:25:02.406151011Z,01JZ1B1W2WT8MR9NJ7RDDSFH2M,2025-06-30T21:25:02.406151011Z,01JZ1BAVN5GCQ9KGRAEPYWSGEC,2025-06-30T21:25:02.406151011Z,01JZ1BD41K10B3Z5F98Q46A8QZ,2025-06-30T21:25:02.406151011Z
01JZ180V7AGBF7N95N7G92480Z,01JZ170DPRHYGRH6M74WMGZ8J5,2025-06-30T20:21:25.866636547Z,01JZ170DSP5HFMBRZWFQV8RFVC,2025-06-30T20:21:25.866636547Z,01JZ17992QEDC71MF0NWEGAJEP,2025-06-30T20:21:25.866636547Z,01JZ17RSJJTRQ3PSBCBXKXE637,2025-06-30T20:21:25.866636547Z
01JZ18QE085N0JQS6FH2NXVX1C,01JZ18G4TN4FH7205KTQTFE7PM,2025-06-30T20:33:45.992298879Z,01JZ18G4YTQTSXFW2X0Y80VGVG,2025-06-30T20:33:45.992298879Z,01JZ18M95D7WX9RB46ACE56086,2025-06-30T20:33:45.992298879Z,01JZ18QCHCWKPJPF2G32EQXDDJ,2025-06-30T20:33:45.992298879Z
01JZ198VGCT9NVG80K40AY4NSW,01JZ18QHX9XGN83K6T42FK97D5,2025-06-30T20:43:16.876665893Z,01JZ18QHZ9KPT0XZ66BZ9ZB89K,2025-06-30T20:43:16.876665893Z,01JZ18VC89HN16T8VX0M60S31S,2025-06-30T20:43:16.876665893Z,01JZ190NJ5PP5YCFJ7NGNJ3QPB,2025-06-30T20:43:16.876665893Z
01JZ1AS9KB33E8YV9GC95SV8SE,01JZ19VEXCKVX740B60X4W6PQN,2025-06-30T21:09:44.171106119Z,01JZ19VF4XXDC5SP97SM18G8VM,2025-06-30T21:09:44.171106119Z,01JZ1AFP0ZSM5GDN23SMJMVZTW,2025-06-30T21:09:44.171106119Z,01JZ1AQBFWFCVDGCRFV7SS6AMN,2025-06-30T21:09:44.171106119Z
01JZ1BRPRDBRR1S85TX7H4KPJV,01JZ1B1VZ9TM9N3252XVVAH9DZ,2025-06-30T21:26:53.453696938Z,01JZ1B1W68Y1JCNSRHTZJR0WTB,2025-06-30T21:26:53.453696938Z,01JZ1B84EMA8EXMS4XB5YP9VDA,2025-06-30T21:26:53.453696938Z,01JZ1BH47FKGJXT98P27XT8FV5,2025-06-30T21:26:53.453696938Z
01JZ1BXWASY15F0MV04VCD0PY2,01JZ1B1VZ9TM9N3252XVVAH9DZ,2025-06-30T21:29:43.001817846Z,01JZ1B1W5TAZ0C76DBH0ZAEY5X,2025-06-30T21:29:43.001817846Z,01JZ1BNKT1EA6BGVVN8436Q4BP,2025-06-30T21:29:43.001817846Z,01JZ1BNNMV2BR05NWSF4VH5Q39,2025-06-30T21:29:43.001817846Z
01JZ1F7A9XB8M07XQTXKFRZ207,01JZ1E916HBESJXS5SJ82BFZ21,2025-06-30T22:27:17.949102554Z,01JZ1E91ENR7DC2PFTK7ZY5PTJ,2025-06-30T22:27:17.949102554Z,01JZ1EH0Y7EBSVGC3G89BQ213G,2025-06-30T22:27:17.949102554Z,01JZ1F70HHE21FXBJ549WERQ2G,2025-06-30T22:27:17.949102554Z
01JZ1FAHX39WGGMR6TC2E6KQY4,01JZ1E916HBESJXS5SJ82BFZ21,2025-06-30T22:29:04.035788761Z,01JZ1E91Q18GQE49C0XSDVMF75,2025-06-30T22:29:04.035788761Z,01JZ1ESJSZ4605B74MTV3MB0PF,2025-06-30T22:29:04.035788761Z,01JZ1F2JDENWFSVMZMF7HPM6S0,2025-06-30T22:29:04.035788761Z
01JZ17J0CRJQKQSX1WH69KW9QQ,01JZ170DPRHYGRH6M74WMGZ8J5,2025-06-30T20:13:19.640626169Z,01JZ170DRRRWN613C5WJQ8B5Q6,2025-06-30T20:13:19.640626169Z,01JZ179PSK7PR9GXW3K753Z7EA,2025-06-30T20:13:19.640626169Z,01JZ17G525MGXJWBMSF6HV25RV,2025-06-30T20:13:19.640626169Z
01JZ17QJQ53G4J2AF59KWDFRR5,01JZ170DPRHYGRH6M74WMGZ8J5,2025-06-30T20:16:22.246037399Z,01JZ170DRSFZ9Y16965WN1Z2F9,2025-06-30T20:16:22.246037399Z,01JZ17C681KCXJ6DBBJAQ640Z7,2025-06-30T20:16:22.246037399Z,01JZ17G70TM6EWY78GFBKAH2E9,2025-06-30T20:16:22.246037399Z
01JZ17QMDHY6TW4E97TTA5B9HP,01JZ170DPRHYGRH6M74WMGZ8J5,2025-06-30T20:16:23.985708839Z,01JZ170DSXXMDA003X79NFA4N0,2025-06-30T20:16:23.985708839Z,01JZ17C3PTEK9PXA5GJSYCCP5W,2025-06-30T20:16:23.985708839Z,01JZ17NRSETRAHA86XGKD3ZGNV,2025-06-30T20:16:23.985708839Z
01JZ17V6CY08HSN20ANQDVWEXA,01JZ170DPRHYGRH6M74WMGZ8J5,2025-06-30T20:18:20.702652816Z,01JZ170DSWJ6311N72HPSQWG9K,2025-06-30T20:18:20.702652816Z,01JZ178GZ31S8C5ECRC86PTTAS,2025-06-30T20:18:20.702652816Z,01JZ17KG4Z9CHYTG6HQWPNQJ5E,2025-06-30T20:18:20.702652816Z
01JZ180V7KR37BY8MKA5VP15MD,01JZ170DPRHYGRH6M74WMGZ8J5,2025-06-30T20:21:25.875369075Z,01JZ170DSP5HFMBRZWFQV8RFVC,2025-06-30T20:21:25.875369075Z,01JZ17D1Z4NJ06X2DRQ0XR8Y1G,2025-06-30T20:21:25.875369075Z,01JZ17RSJJTRQ3PSBCBXKXE637,2025-06-30T20:21:25.875369075Z
01JZ18YV1WDEX4883F4M73RKTE,01JZ18G4TN4FH7205KTQTFE7PM,2025-06-30T20:37:48.732403466Z,01JZ18G4Y1ABZPJ815NAWEN19T,2025-06-30T20:37:48.732403466Z,01JZ18HQKYW690RKTXSRY6QQQ2,2025-06-30T20:37:48.732403466Z,01JZ18PMFWXRBMGQD7EAMQ4QF6,2025-06-30T20:37:48.732403466Z
01JZ182GW09HX23Z4204Y89MSH,01JZ170DPRHYGRH6M74WMGZ8J5,2025-06-30T20:22:20.800268805Z,01JZ170DS9MMA8EZAVKYS5SMHX,2025-06-30T20:22:20.800268805Z,01JZ17QM16148RHAHCPPZX620J,2025-06-30T20:22:20.800268805Z,01JZ17TR5WS052RB5963SEQK02,2025-06-30T20:22:20.800268805Z
01JZ18QQZRD52KZ5GBTQ08P9F9,01JZ18G4TN4FH7205KTQTFE7PM,2025-06-30T20:33:56.216350869Z,01JZ18G4ZDA13FR053ZT1R1FPF,2025-06-30T20:33:56.216350869Z,01JZ18HGW0W96RSNBB49GQ9E8B,2025-06-30T20:33:56.216350869Z,01JZ18NR677M02YFM90F21XHAA,2025-06-30T20:33:56.216350869Z
01JZ1BKFZ7H6N89HE4S83E0PW5,01JZ1B1VZ9TM9N3252XVVAH9DZ,2025-06-30T21:24:02.663883905Z,01JZ1B1W5AJ9N87HJBZ99HRQPJ,2025-06-30T21:24:02.663883905Z,01JZ1B33W2SNBC1YKZXCY0285E,2025-06-30T21:24:02.663883905Z,01JZ1BB7GR2K5BKJQ5STFB90RK,2025-06-30T21:24:02.663883905Z
01JZ1C88C9HY7MXVZHKJYDV0NG,01JZ1BX7WQMA45G0E33EEHJ3V9,2025-06-30T21:35:23.017993861Z,01JZ1BX80QRTKGB6MH6HMRDXS1,2025-06-30T21:35:23.017993861Z,01JZ1BYVYWJTY34XWWWGSZYC2W,2025-06-30T21:35:23.017993861Z,01JZ1C68WHJ3JXAR0SNG92WD7N,2025-06-30T21:35:23.017993861Z
01JZ1GNM6BCVC9M1W0V0HGNFS8,01JZ1G29Q82GQAKEXSK2E7NK3R,2025-06-30T22:52:35.403177047Z,01JZ1G2A9825Q9R0AFVXQNTR63,2025-06-30T22:52:35.403177047Z,01JZ1G9AHDKJRVSD4NGC2SYHDN,2025-06-30T22:52:35.403177047Z,01JZ1GKM3A5ATBGFJSYTP1DWZY,2025-06-30T22:52:35.403177047Z
01JZ18SB01W043P1WDXHMD4BQY,01JZ18G4TN4FH7205KTQTFE7PM,2025-06-30T20:34:48.449872148Z,01JZ18G4YTQTSXFW2X0Y80VGVG,2025-06-30T20:34:48.449872148Z,01JZ18J569YAEG0XPKSGQBZNYX,2025-06-30T20:34:48.449872148Z,01JZ18QCHSRQEB636MAZYTF93F,2025-06-30T20:34:48.449872148Z
01JZ18V600PXCZ4ZVV4AMGCN71,01JZ18G4TN4FH7205KTQTFE7PM,2025-06-30T20:35:48.864154873Z,01JZ18G4Z7SR18DC8PDBR22HS5,2025-06-30T20:35:48.864154873Z,01JZ18K0S7ESWE4C2YKPFWVG9K,2025-06-30T20:35:48.864154873Z,01JZ18S8W382ZTX14ED28QZWFS,2025-06-30T20:35:48.864154873Z
01JZ18YX595A9NETAZC6NMVPEV,01JZ18G4TN4FH7205KTQTFE7PM,2025-06-30T20:37:50.88945359Z,01JZ18G4YTQTSXFW2X0Y80VGVG,2025-06-30T20:37:50.88945359Z,01JZ18JHMPB6Y0TNZB1CBHN9G9,2025-06-30T20:37:50.88945359Z,01JZ18QCJ5F2TDDGTM86PBKVEG,2025-06-30T20:37:50.88945359Z
01JZ1AAT10WXWDEH7ARJG5ET55,01JZ19VEXCKVX740B60X4W6PQN,2025-06-30T21:01:49.472645665Z,01JZ19VF5YA4VZJRJDVJVY1XBY,2025-06-30T21:01:49.472645665Z,01JZ1A13JPV17BYBZFE5Z1TESS,2025-06-30T21:01:49.472645665Z,01JZ1AAR1060BHD991DM45EP7A,2025-06-30T21:01:49.472645665Z
01JZ1GWVPM0WTPYWNV3MJTKWTX,01JZ1G29Q82GQAKEXSK2E7NK3R,2025-06-30T22:56:32.468255473Z,01JZ1G2AATTMJJ07WA2JZ9MF1K,2025-06-30T22:56:32.468255473Z,01JZ1G6XMV3T4ACX6H99BN9F1E,2025-06-30T22:56:32.468255473Z,01JZ1GWN9E6D3R3MSRMZHCWZ3J,2025-06-30T22:56:32.468255473Z
01JZ17TW9WN896P2ND4Q7PVCJ4,01JZ170DPRHYGRH6M74WMGZ8J5,2025-06-30T20:18:10.364679657Z,01JZ170DSWJ6311N72HPSQWG9K,2025-06-30T20:18:10.364679657Z,01JZ178GZ31S8C5ECRC86PTTAS,2025-06-30T20:18:10.364679657Z,01JZ17KG4GY236VDZCYE8QS8G2,2025-06-30T20:18:10.364679657Z
01JZ1AAV2CK017AMMD7AV22TQX,01JZ19VEXCKVX740B60X4W6PQN,2025-06-30T21:01:50.540244823Z,01JZ19VF1X4TGM9HTAVFF08YB3,2025-06-30T21:01:50.540244823Z,01JZ19XY7CXDASK651A0S5NR34,2025-06-30T21:01:50.540244823Z,01JZ1A31V3EJ1Y2YEGMA5AZKE4,2025-06-30T21:01:50.540244823Z
01JZ1F0STFVS66WPRYAEJ3MDZC,01JZ1E916HBESJXS5SJ82BFZ21,2025-06-30T22:23:44.46323539Z,01JZ1E91HHYKGR583PHV4V6JXR,2025-06-30T22:23:44.46323539Z,01JZ1EB79K0MG0B72T7KF449XB,2025-06-30T22:23:44.46323539Z,01JZ1ERVDG8HDQTKMM7P0ZWCMB,2025-06-30T22:23:44.46323539Z
01JZ17PQAAC673PPR17DAW2YAY,01JZ170DPRHYGRH6M74WMGZ8J5,2025-06-30T20:15:54.186775366Z,01JZ170DRV33K8D9D9ZMQKAW2D,2025-06-30T20:15:54.186775366Z,01JZ179XMYFK94EADRMMB2K8HQ,2025-06-30T20:15:54.186775366Z,01JZ17PPH32HXCV9GY0H5Z2WSH,2025-06-30T20:15:54.186775366Z
01JZ18R71QWEWCYJS3XV091S76,01JZ18G4TN4FH7205KTQTFE7PM,2025-06-30T20:34:11.639743663Z,01JZ18G4X5EPR69QT64DVYQXFJ,2025-06-30T20:34:11.639743663Z,01JZ18KH2AEBXEHK9D1GSN56XX,2025-06-30T20:34:11.639743663Z,01JZ18PAPZYGZBF3DQ7XCBJ9MP,2025-06-30T20:34:11.639743663Z
01JZ19006ZC6WXVY6QPDDKW4R8,01JZ18G4TN4FH7205KTQTFE7PM,2025-06-30T20:38:26.783456037Z,01JZ18G50G0GKPPCFSW2N0ZNW1,2025-06-30T20:38:26.783456037Z,01JZ18HKRFWCKWBRRSM9AC3SW4,2025-06-30T20:38:26.783456037Z,01JZ18RHGXJHBRSARA96JJK9J9,2025-06-30T20:38:26.783456037Z
01JZ1GY6ATM7Z0DKTFJ13CB255,01JZ1G29Q82GQAKEXSK2E7NK3R,2025-06-30T22:57:16.122775498Z,01JZ1G2A58JMFV91VV93EGJJQY,2025-06-30T22:57:16.122775498Z,01JZ1GV1M5Q32ZNQW2E45R5EH9,2025-06-30T22:57:16.122775498Z,01JZ1GW3DRA0H5QCSGM2BKZ7GX,2025-06-30T22:57:16.122775498Z
01JZ18Z7PHFFGPSGDE44G8T2KC,01JZ18G4TN4FH7205KTQTFE7PM,2025-06-30T20:38:01.681445532Z,01JZ18G4YTQTSXFW2X0Y80VGVG,2025-06-30T20:38:01.681445532Z,01JZ18JQTYVQ19WTRN7KYJ00FT,2025-06-30T20:38:01.681445532Z,01JZ18QCJGMBYZ3Q6VHAQ4WQVG,2025-06-30T20:38:01.681445532Z
01JZ190BYZ83DYCWP3F0Z3V2MS,01JZ18G4TN4FH7205KTQTFE7PM,2025-06-30T20:38:38.815632022Z,01JZ18G4WPK6V9JKZAVKNYS3NB,2025-06-30T20:38:38.815632022Z,01JZ18K4JZ90XMGGNXMJGKEJ5P,2025-06-30T20:38:38.815632022Z,01JZ18RRASEVE9RRSH50SEW5V6,2025-06-30T20:38:38.815632022Z
01JZ1A4Z13NKYYR0BNV1R7A7EQ,01JZ19VEXCKVX740B60X4W6PQN,2025-06-30T20:58:37.987797614Z,01JZ19VF1X4TGM9HTAVFF08YB3,2025-06-30T20:58:37.987797614Z,01JZ19Y0A6E9M84HP9ZX2DCFTC,2025-06-30T20:58:37.987797614Z,01JZ1A31STNBCB1FNASKSH9RM4,2025-06-30T20:58:37.987797614Z
01JZ1F4SG31XPPN0EVTG106300,01JZ1E916HBESJXS5SJ82BFZ21,2025-06-30T22:25:55.203787156Z,01JZ1E91MDHZVF6NVBEDDVGZWT,2025-06-30T22:25:55.203787156Z,01JZ1EK6MNQT8KSAR9HC017X0H,2025-06-30T22:25:55.203787156Z,01JZ1EWVMZXSDYKNCVCZNFHQ7S,2025-06-30T22:25:55.203787156Z
01JZ17R51F5W8MJ47YKH5T1QRF,01JZ170DPRHYGRH6M74WMGZ8J5,2025-06-30T20:16:41.007901053Z,01JZ170DRRRWN613C5WJQ8B5Q6,2025-06-30T20:16:41.007901053Z,01JZ176AGFMX3JE5XFYY83S9AY,2025-06-30T20:16:41.007901053Z,01JZ17G52NG4XN5R9RR9776YQX,2025-06-30T20:16:41.007901053Z
01JZ17RZ09MP6B14JY6Q25DWR6,01JZ170DPRHYGRH6M74WMGZ8J5,2025-06-30T20:17:07.593629397Z,01JZ170DS32PJY8CQRMADJXFRG,2025-06-30T20:17:07.593629397Z,01JZ1788J67VDXAH0W6F8T66AB,2025-06-30T20:17:07.593629397Z,01JZ17HJY1YPM205KVGKCXFQS3,2025-06-30T20:17:07.593629397Z
01JZ17S8KJ2YCTQ0RGWK6YA2D6,01JZ170DPRHYGRH6M74WMGZ8J5,2025-06-30T20:17:17.426497083Z,01JZ170DS434CCJM920VN081CV,2025-06-30T20:17:17.426497083Z,01JZ17BSJ6X9VEMM4EYWC90B29,2025-06-30T20:17:17.426497083Z,01JZ17HX1BGQ137FDPYSARB5NT,2025-06-30T20:17:17.426497083Z
01JZ18Z3WXXW4SZ11GGQSCCSNA,01JZ18G4TN4FH7205KTQTFE7PM,2025-06-30T20:37:57.78948442Z,01JZ18G4ZPD0G0WRB3ZSNJ4KSW,2025-06-30T20:37:57.78948442Z,01JZ18KCY0QBBH8XGZWTQZ78V6,2025-06-30T20:37:57.78948442Z,01JZ18QMCZ2XYW2ZQY93ZH56GP,2025-06-30T20:37:57.78948442Z
01JZ18ZKD17NSNN07HGTB3R72H,01JZ18G4TN4FH7205KTQTFE7PM,2025-06-30T20:38:13.665170016Z,01JZ18G4YTQTSXFW2X0Y80VGVG,2025-06-30T20:38:13.665170016Z,01JZ18KWMFEA26MWC1Z40F2JWN,2025-06-30T20:38:13.665170016Z,01JZ18QCJV80NZ6CWN841W78CA,2025-06-30T20:38:13.665170016Z
01JZ19A66SARKTB63A48E7WY7E,01JZ18R9CHSHJ2BAJZ4M4PAW2X,2025-06-30T20:44:00.601624462Z,01JZ18RA48YSHMY5EWBJ9E61V2,2025-06-30T20:44:00.601624462Z,01JZ18XZQ962C1YBGG8JES411T,2025-06-30T20:44:00.601624462Z,01JZ192CP8ATXS4WPZV83STEM3,2025-06-30T20:44:00.601624462Z
01JZ1GNM2Q9543Y1NRJV8WK0CE,01JZ1G29Q82GQAKEXSK2E7NK3R,2025-06-30T22:52:35.287173822Z,01JZ1G2A9825Q9R0AFVXQNTR63,2025-06-30T22:52:35.287173822Z,01JZ1G4P5HG5MYYFH3JNW3CKA9,2025-06-30T22:52:35.287173822Z,01JZ1GKM3A5ATBGFJSYTP1DWZY,2025-06-30T22:52:35.287173822Z
01JZ18R2HK7PKX9BFHECJMXD37,01JZ18G4TN4FH7205KTQTFE7PM,2025-06-30T20:34:07.027144128Z,01JZ18G4XDWA3A08Y0HZ5HSAAF,2025-06-30T20:34:07.027144128Z,01JZ18JX7AQFGHWSY2V5AEBRM0,2025-06-30T20:34:07.027144128Z,01JZ18R0YQXPRFN6T3JT8B6MYT,2025-06-30T20:34:07.027144128Z
01JZ190T2G5A01G88M5T7PGQQP,01JZ18G4TN4FH7205KTQTFE7PM,2025-06-30T20:38:53.26447427Z,01JZ18G4Z7SR18DC8PDBR22HS5,2025-06-30T20:38:53.26447427Z,01JZ18JM84GZ5542ST7BEW0RHN,2025-06-30T20:38:53.26447427Z,01JZ18S8WHVH4M4KJ49MQHRMWQ,2025-06-30T20:38:53.26447427Z
01JZ1BXHGTAEVH19EJSH89Z52T,01JZ1B1VZ9TM9N3252XVVAH9DZ,2025-06-30T21:29:31.930534367Z,01JZ1B1W5TAZ0C76DBH0ZAEY5X,2025-06-30T21:29:31.930534367Z,01JZ1B3G6JQBSFAAE2943ZEQ9V,2025-06-30T21:29:31.930534367Z,01JZ1BNNPVHRHE8S109SGCSVME,2025-06-30T21:29:31.930534367Z
01JZ18T5CD258C4E1G0Z9W590J,01JZ18G4TN4FH7205KTQTFE7PM,2025-06-30T20:35:15.469453618Z,01JZ18G512YK4K14AJW1A4KQT5,2025-06-30T20:35:15.469453618Z,01JZ18JHACQMQPJCAE4XRR7QFX,2025-06-30T20:35:15.469453618Z,01JZ18R8CZAK9T47Q30YNKNJNG,2025-06-30T20:35:15.469453618Z
01JZ1ATGMHSRHZNDHMWQDP6ZGW,01JZ19VEXCKVX740B60X4W6PQN,2025-06-30T21:10:24.145391441Z,01JZ19VF3FCDRKA7RA8CE3SQDH,2025-06-30T21:10:24.145391441Z,01JZ1AJWEBWSA9H9YV5TJD6D6N,2025-06-30T21:10:24.145391441Z,01JZ1AK0G5B46WY2VWCGE07ZNR,2025-06-30T21:10:24.145391441Z
01JZ17RTM73SATQZRZ0MZK5E5W,01JZ170DPRHYGRH6M74WMGZ8J5,2025-06-30T20:17:03.111494255Z,01JZ170DSP5HFMBRZWFQV8RFVC,2025-06-30T20:17:03.111494255Z,01JZ17992QEDC71MF0NWEGAJEP,2025-06-30T20:17:03.111494255Z,01JZ17RSK3N0BNCJAFQS3YEYB5,2025-06-30T20:17:03.111494255Z
01JZ17S8KYSFXW5VCFC90Q6549,01JZ170DPRHYGRH6M74WMGZ8J5,2025-06-30T20:17:17.438351828Z,01JZ170DS434CCJM920VN081CV,2025-06-30T20:17:17.438351828Z,01JZ17AXNB63XKGBKW724P24XM,2025-06-30T20:17:17.438351828Z,01JZ17HX1BGQ137FDPYSARB5NT,2025-06-30T20:17:17.438351828Z
01JZ17WNT6DZJK9J59ECJ0W76X,01JZ170DPRHYGRH6M74WMGZ8J5,2025-06-30T20:19:09.254524468Z,01JZ170DS9MMA8EZAVKYS5SMHX,2025-06-30T20:19:09.254524468Z,01JZ17HFJ1YVGFVR94GB9T8A4P,2025-06-30T20:19:09.254524468Z,01JZ17TR7E1D7CES1YNCABFX51,2025-06-30T20:19:09.254524468Z
01JZ18ZJPX5WKT6KDZVWPFEA40,01JZ18G4TN4FH7205KTQTFE7PM,2025-06-30T20:38:12.957653974Z,01JZ18G4XDWA3A08Y0HZ5HSAAF,2025-06-30T20:38:12.957653974Z,01JZ18K35P2QZ1SSJHQYJ2X8Z7,2025-06-30T20:38:12.957653974Z,01JZ18R10XKY5S8X2DP4KAHATX,2025-06-30T20:38:12.957653974Z
01JZ17PQB3MY52ZX9SXYPY1F6V,01JZ170DPRHYGRH6M74WMGZ8J5,2025-06-30T20:15:54.211333901Z,01JZ170DRV33K8D9D9ZMQKAW2D,2025-06-30T20:15:54.211333901Z,01JZ17DQR0WXBVGZE5VFC3T0EF,2025-06-30T20:15:54.211333901Z,01JZ17PPH32HXCV9GY0H5Z2WSH,2025-06-30T20:15:54.211333901Z
01JZ17S5YJTZQTJXSFFTX50S6T,01JZ170DPRHYGRH6M74WMGZ8J5,2025-06-30T20:17:14.706194208Z,01JZ170DS5DJKXJ3Z7YVJKJJXK,2025-06-30T20:17:14.706194208Z,01JZ1763ZE1VD7FNYG3WZHGCWZ,2025-06-30T20:17:14.706194208Z,01JZ17QA5NP4NCPJJVMNCZ9F7W,2025-06-30T20:17:14.706194208Z
01JZ17S8KB93MPG5X11FR5KVV4,01JZ170DPRHYGRH6M74WMGZ8J5,2025-06-30T20:17:17.41934321Z,01JZ170DS434CCJM920VN081CV,2025-06-30T20:17:17.41934321Z,01JZ17A78DPNXD645MNCYQ5HYS,2025-06-30T20:17:17.41934321Z,01JZ17HX1BGQ137FDPYSARB5NT,2025-06-30T20:17:17.41934321Z
01JZ180V7TADR2EDA20MP7713B,01JZ170DPRHYGRH6M74WMGZ8J5,2025-06-30T20:21:25.882517354Z,01JZ170DSP5HFMBRZWFQV8RFVC,2025-06-30T20:21:25.882517354Z,01JZ17P1EBWH8TSGC8FNQFNMW7,2025-06-30T20:21:25.882517354Z,01JZ17RSJJTRQ3PSBCBXKXE637,2025-06-30T20:21:25.882517354Z
01JZ1AASZWR2VWY39KWVMTN5Y8,01JZ19VEXCKVX740B60X4W6PQN,2025-06-30T21:01:49.436764555Z,01JZ19VF5YA4VZJRJDVJVY1XBY,2025-06-30T21:01:49.436764555Z,01JZ1A8FR32NPD5RJ1DVE9H7Y6,2025-06-30T21:01:49.436764555Z,01JZ1AAR1060BHD991DM45EP7A,2025-06-30T21:01:49.436764555Z
01JZ1AM1704WQPQQ264RN9798B,01JZ19VEXCKVX740B60X4W6PQN,2025-06-30T21:06:51.744896714Z,01JZ19VF6XEW5FG377QGXCTRD1,2025-06-30T21:06:51.744896714Z,01JZ1A8X5PJAXZBFXHM3C9X96V,2025-06-30T21:06:51.744896714Z,01JZ1ACG7RFGJPNSR51K4JAEZ8,2025-06-30T21:06:51.744896714Z
01JZ1DKXAGTX1PTHK116X5MPA2,01JZ1D0RX94M7HHBAJDNGV8QRS,2025-06-30T21:59:13.488658403Z,01JZ1D0S4EMT97ECKQ06X1ZWAX,2025-06-30T21:59:13.488658403Z,01JZ1DAGGXK4R30KWG4J61A22A,2025-06-30T21:59:13.488658403Z,01JZ1DHWG8MPVQVFH1DPRPET9V,2025-06-30T21:59:13.488658403Z
01JZ1H44R181A4WEQEWG69365C,01JZ1G29Q82GQAKEXSK2E7NK3R,2025-06-30T23:00:31.105045034Z,01JZ1G2A58JMFV91VV93EGJJQY,2025-06-30T23:00:31.105045034Z,01JZ1G5G1FFKZK7WVQ264NYRHA,2025-06-30T23:00:31.105045034Z,01JZ1GW3NQ1ZFH1D7RHAY6HCNS,2025-06-30T23:00:31.105045034Z
01JZ17NSHY9354CKGYMFPP31HB,01JZ170DPRHYGRH6M74WMGZ8J5,2025-06-30T20:15:23.711010085Z,01JZ170DSXXMDA003X79NFA4N0,2025-06-30T20:15:23.711010085Z,01JZ179JK7EB00XG1XXC6JXGYV,2025-06-30T20:15:23.711010085Z,01JZ17NRRNJAESN764PNSNC899,2025-06-30T20:15:23.711010085Z
01JZ17XGM9Y7BSC4V58HZ54CDH,01JZ170DPRHYGRH6M74WMGZ8J5,2025-06-30T20:19:36.713653713Z,01JZ170DS0283SZNEN95XAWWS4,2025-06-30T20:19:36.713653713Z,01JZ174WHQCMCA8133PA37NAKC,2025-06-30T20:19:36.713653713Z,01JZ17NT77HT8XSXBSDEYA5WV8,2025-06-30T20:19:36.713653713Z
01JZ17ZBK2CD3YXHFX6S13X1X0,01JZ170DPRHYGRH6M74WMGZ8J5,2025-06-30T20:20:37.090249562Z,01JZ170DS5DJKXJ3Z7YVJKJJXK,2025-06-30T20:20:37.090249562Z,01JZ17DQRYSG711N7R05SC14HP,2025-06-30T20:20:37.090249562Z,01JZ17QA5164E7ECZ7F8E2886X,2025-06-30T20:20:37.090249562Z
01JZ1ACNWMC5JB80BJPB54RPWX,01JZ19VEXCKVX740B60X4W6PQN,2025-06-30T21:02:50.772254759Z,01JZ19VF5YA4VZJRJDVJVY1XBY,2025-06-30T21:02:50.772254759Z,01JZ19XHW6DGGPDJ4763JBPGZ5,2025-06-30T21:02:50.772254759Z,01JZ1AAR361JZ1CYXHJ50PJVG2,2025-06-30T21:02:50.772254759Z
01JZ1AJM9N8JRX18AWG8M0HSBR,01JZ19VEXCKVX740B60X4W6PQN,2025-06-30T21:06:05.749317089Z,01JZ19VF5YA4VZJRJDVJVY1XBY,2025-06-30T21:06:05.749317089Z,01JZ1A4C7ZG2R9MAMN2NVT495T,2025-06-30T21:06:05.749317089Z,01JZ1AAR25HY3X5YXR8EKP4ZNT,2025-06-30T21:06:05.749317089Z
01JZ18QQ8FYAW30YV10ZMX63RH,01JZ18G4TN4FH7205KTQTFE7PM,2025-06-30T20:33:55.471818068Z,01JZ18G4ZPD0G0WRB3ZSNJ4KSW,2025-06-30T20:33:55.471818068Z,01JZ18KHM8GJ48PE7RRH6Y4W94,2025-06-30T20:33:55.471818068Z,01JZ18QMC3ZA9P1743X1HXFWMC,2025-06-30T20:33:55.471818068Z
01JZ18ZPF5797G4TXFVDVBC9G1,01JZ18G4TN4FH7205KTQTFE7PM,2025-06-30T20:38:16.805379504Z,01JZ18G512YK4K14AJW1A4KQT5,2025-06-30T20:38:16.805379504Z,01JZ18JYCDAD1FWP17TG353JM2,2025-06-30T20:38:16.805379504Z,01JZ18R8CKMG9A39402BQ4NWM2,2025-06-30T20:38:16.805379504Z
01JZ1F22KEYKNYAB85RVHEF833,01JZ1E916HBESJXS5SJ82BFZ21,2025-06-30T22:24:26.223016904Z,01JZ1E926BWK6TV1HDSC3ZQW4Y,2025-06-30T22:24:26.223016904Z,01JZ1EB9A62JTZM8674AWVY211,2025-06-30T22:24:26.223016904Z,01JZ1ESTC5N6XHQX0KKB726B2X,2025-06-30T22:24:26.223016904Z
